Season,Rank,Team,Played,Wins,Draws,Losses,Byes,HomeRecord,AwayRecord,GoalsBehindsFor,PointsFor,GoalsBehindsAgainst,PointsAgainst,Percentage,PremiershipPoints,MatchRatio
1897,1,Geelong,14,11,0,3,,6-0-1,5-0-2,95.134 (41%),704,52.71 (42%),383,183.8,44,
1897,2,Essendon,14,11,0,3,,5-0-2,6-0-1,99.112 (47%),706,60.85 (41%),445,158.7,44,
1897,3,Melbourne,14,10,0,4,,6-0-1,4-0-3,93.127 (42%),685,61.107 (36%),473,144.8,40,
1897,4,Collingwood,14,9,0,5,,5-0-2,4-0-3,66.113 (37%),509,57.103 (36%),445,114.4,36,
1897,5,South Melbourne,14,8,1,5,,4-0-3,4-1-2,78.127 (38%),595,57.88 (39%),430,138.4,34,
1897,6,Fitzroy,14,4,1,9,,2-1-4,2-0-5,63.131 (32%),509,62.113 (35%),485,104.9,18,
1897,7,Carlton,14,2,0,12,,1-0-6,1-0-6,51.70 (42%),376,98.149 (40%),737,51.0,8,
1897,8,St Kilda,14,,0,14,,0-0-7,0-0-7,35.70 (33%),280,133.168 (44%),966,29.0,0,
1898,1,Essendon,14,11,0,3,,6-0-1,5-0-2,102.144 (41%),756,46.98 (32%),374,202.1,44,
1898,2,Collingwood,14,10,0,4,,7-0-0,3-0-4,86.141 (38%),657,46.87 (35%),363,181.0,40,
1898,3,Fitzroy,14,10,0,4,,6-0-1,4-0-3,76.112 (40%),568,62.95 (39%),467,121.6,40,
1898,4,Geelong,14,9,0,5,,6-0-1,3-0-4,83.147 (36%),645,57.83 (41%),425,151.8,36,
1898,5,South Melbourne,14,7,0,7,,5-0-2,2-0-5,61.116 (34%),482,68.130 (34%),538,89.6,28,
1898,6,Melbourne,14,5,1,8,,4-0-3,1-1-5,69.115 (38%),529,74.101 (42%),545,97.1,22,
1898,7,Carlton,14,3,1,10,,2-1-4,1-0-6,50.82 (38%),382,84.130 (39%),634,60.3,14,
1898,8,St Kilda,14,,0,14,,0-0-7,0-0-7,46.63 (42%),339,136.196 (41%),1012,33.5,0,
1899,1,Fitzroy,14,11,0,3,,5-0-2,6-0-1,84.114 (42%),618,49.109 (31%),403,153.3,44,
1899,2,Geelong,14,10,0,4,,6-0-1,4-0-3,95.114 (45%),684,48.98 (33%),386,177.2,40,
1899,3,Collingwood,14,10,0,4,,4-0-3,6-0-1,78.122 (39%),590,59.82 (42%),436,135.3,40,
1899,4,Essendon,14,9,0,5,,5-0-2,4-0-3,77.138 (36%),600,56.92 (38%),428,140.2,36,
1899,5,Melbourne,14,8,0,6,,5-0-2,3-0-4,73.136 (35%),574,57.78 (42%),420,136.7,32,
1899,6,South Melbourne,14,5,0,9,,4-0-3,1-0-6,70.108 (39%),528,66.106 (38%),502,105.2,20,
1899,7,Carlton,14,3,0,11,,2-0-5,1-0-6,41.71 (37%),317,78.129 (38%),597,53.1,12,
1899,8,St Kilda,14,,0,14,,0-0-7,0-0-7,36.72 (33%),288,141.181 (44%),1027,28.0,0,
1900,1,Fitzroy,14,11,0,3,,7-0-0,4-0-3,95.159 (37%),729,56.98 (36%),434,168.0,44,
1900,2,Geelong,14,9,0,5,,7-0-0,2-0-5,90.130 (41%),670,57.102 (36%),444,150.9,36,
1900,3,Essendon,14,8,0,6,,6-0-1,2-0-5,92.114 (45%),666,63.107 (37%),485,137.3,32,
1900,4,Collingwood,14,8,0,6,,7-0-0,1-0-6,82.135 (38%),627,73.102 (42%),540,116.1,32,
1900,5,South Melbourne,14,8,0,6,,6-0-1,2-0-5,59.127 (32%),481,67.130 (34%),532,90.4,32,
1900,6,Melbourne,14,6,0,8,,5-0-2,1-0-6,87.132 (40%),654,90.103 (47%),643,101.7,24,
1900,7,Carlton,14,5,0,9,,4-0-3,1-0-6,51.88 (37%),394,73.120 (38%),558,70.6,20,
1900,8,St Kilda,14,1,0,13,,1-0-6,0-0-7,49.82 (37%),376,126.205 (38%),961,39.1,4,
1901,1,Geelong,14,12,0,2,,6-0-1,6-0-1,93.154 (38%),712,65.88 (42%),478,149.0,48,
1901,2,Collingwood,14,10,0,4,,5-0-2,5-0-2,96.136 (41%),712,65.98 (40%),488,145.9,40,
1901,3,Essendon,14,9,0,5,,5-0-2,4-0-3,112.176 (39%),848,70.87 (45%),507,167.3,36,
1901,4,Melbourne,14,8,1,5,,5-0-2,3-1-3,74.96 (44%),540,67.105 (39%),507,106.5,34,
1901,5,South Melbourne,14,7,0,7,,3-0-4,4-0-3,90.111 (45%),651,78.115 (40%),583,111.7,28,
1901,6,Fitzroy,14,6,1,7,,2-1-4,4-0-3,96.117 (45%),693,80.117 (41%),597,116.1,26,
1901,7,Carlton,14,2,0,12,,2-0-5,0-0-7,52.84 (38%),396,112.148 (43%),820,48.3,8,
1901,8,St Kilda,14,1,0,13,,1-0-6,0-0-7,47.68 (41%),350,123.184 (40%),922,38.0,4,
1902,1,Collingwood,14,12,0,2,,5-0-2,7-0-0,111.172 (39%),838,61.95 (39%),461,181.8,48,
1902,2,Essendon,14,10,0,4,,4-0-3,6-0-1,94.126 (43%),690,65.116 (36%),506,136.4,40,
1902,3,Fitzroy,14,9,0,5,,4-0-3,5-0-2,104.159 (40%),783,74.109 (40%),553,141.6,36,
1902,4,Melbourne,14,7,0,7,,4-0-3,3-0-4,81.132 (38%),618,79.136 (37%),610,101.3,28,
1902,5,Geelong,14,7,0,7,,3-0-4,4-0-3,81.118 (41%),604,89.133 (40%),667,90.6,28,
1902,6,Carlton,14,6,0,8,,3-0-4,3-0-4,65.104 (38%),494,84.149 (36%),653,75.7,24,
1902,7,South Melbourne,14,5,0,9,,4-0-3,1-0-6,66.126 (34%),522,66.139 (32%),535,97.6,20,
1902,8,St Kilda,14,,0,14,,0-0-7,0-0-7,53.90 (37%),408,137.150 (48%),972,42.0,0,
1903,1,Collingwood,14,12,0,2,,7-0-0,5-0-2,125.149 (46%),899,78.100 (44%),568,158.3,48,
1903,2,Fitzroy,14,11,0,3,,7-0-0,4-0-3,107.152 (41%),794,62.97 (39%),469,169.3,44,
1903,3,Carlton,14,9,0,5,,6-0-1,3-0-4,100.126 (44%),726,74.89 (45%),533,136.2,36,
1903,4,Geelong,14,7,0,7,,4-0-3,3-0-4,107.124 (46%),766,91.146 (38%),692,110.7,28,
1903,5,St Kilda,14,6,1,7,,3-1-3,3-0-4,71.109 (39%),535,96.163 (37%),739,72.4,26,
1903,6,Essendon,14,5,1,8,,3-0-4,2-1-4,65.121 (35%),511,90.126 (42%),666,76.7,22,
1903,7,Melbourne,14,3,0,11,,2-0-5,1-0-6,63.112 (36%),490,95.143 (40%),713,68.7,12,
1903,8,South Melbourne,14,2,0,12,,1-0-6,1-0-6,59.125 (32%),479,111.154 (42%),820,58.4,8,
1904,1,Fitzroy,14,10,0,4,,6-0-1,4-0-3,115.147 (44%),837,75.144 (34%),594,140.9,40,
1904,2,Carlton,14,9,1,4,,5-0-2,4-1-2,87.112 (44%),634,82.119 (41%),611,103.8,38,
1904,3,South Melbourne,14,9,0,5,,5-0-2,4-0-3,96.151 (39%),727,89.113 (44%),647,112.4,36,
1904,4,Collingwood,14,7,0,7,,3-0-4,4-0-3,92.124 (43%),676,85.122 (41%),632,107.0,28,
1904,5,Essendon,14,7,0,7,,3-0-4,4-0-3,86.116 (43%),632,89.112 (44%),646,97.8,28,
1904,6,Melbourne,14,6,0,8,,3-0-4,3-0-4,105.141 (43%),771,104.130 (44%),754,102.3,24,
1904,7,Geelong,14,4,1,9,,3-1-3,1-0-6,82.143 (36%),635,107.144 (43%),786,80.8,18,
1904,8,St Kilda,14,3,0,11,,3-0-4,0-0-7,88.90 (49%),618,120.140 (46%),860,71.9,12,
1905,1,Collingwood,14,12,0,2,,6-0-1,6-0-1,117.165 (41%),867,69.105 (40%),519,167.1,48,
1905,2,Fitzroy,14,10,1,3,,6-0-1,4-1-2,93.135 (41%),693,66.121 (35%),517,134.0,42,
1905,3,Carlton,14,9,0,5,,4-0-3,5-0-2,97.157 (38%),739,83.138 (38%),636,116.2,36,
1905,4,Essendon,14,7,0,7,,5-0-2,2-0-5,103.164 (39%),782,92.138 (40%),690,113.3,28,
1905,5,South Melbourne,14,6,1,7,,3-1-3,3-0-4,85.128 (40%),638,98.137 (42%),725,88.0,26,
1905,6,Geelong,14,5,0,9,,3-0-4,2-0-5,83.125 (40%),623,96.144 (40%),720,86.5,20,
1905,7,Melbourne,14,3,0,11,,3-0-4,0-0-7,84.127 (40%),631,102.152 (40%),764,82.6,12,
1905,8,St Kilda,14,3,0,11,,2-0-5,1-0-6,69.104 (40%),518,125.170 (42%),920,56.3,12,
1906,1,Carlton,14,11,0,3,,5-0-2,6-0-1,128.154 (45%),922,86.125 (41%),641,143.8,44,
1906,2,Fitzroy,14,10,0,4,,4-0-3,6-0-1,111.161 (41%),827,78.122 (39%),590,140.2,40,
1906,3,Essendon,14,10,0,4,,5-0-2,5-0-2,110.172 (39%),832,81.143 (36%),629,132.3,40,
1906,4,Collingwood,14,9,0,5,,5-0-2,4-0-3,142.168 (46%),1020,102.116 (47%),728,140.1,36,
1906,5,South Melbourne,14,6,0,8,,5-0-2,1-0-6,109.136 (44%),790,112.128 (47%),800,98.8,24,
1906,6,St Kilda,14,5,0,9,,4-0-3,1-0-6,77.141 (35%),603,95.150 (39%),720,83.8,20,
1906,7,Geelong,14,4,0,10,,3-0-4,1-0-6,83.133 (38%),631,136.187 (42%),1003,62.9,16,
1906,8,Melbourne,14,1,0,13,,1-0-6,0-0-7,80.104 (43%),584,150.198 (43%),1098,53.2,4,
1907,1,Carlton,14,11,0,3,,4-0-3,7-0-0,114.196 (37%),880,73.103 (41%),541,162.7,44,
1907,2,Collingwood,14,9,0,5,,5-0-2,4-0-3,111.125 (47%),791,83.144 (37%),642,123.2,36,
1907,3,South Melbourne,14,8,0,6,,4-0-3,4-0-3,94.121 (44%),685,83.142 (37%),640,107.0,32,
1907,4,St Kilda,14,7,0,7,,3-0-4,4-0-3,105.165 (39%),795,96.111 (46%),687,115.7,28,
1907,5,Melbourne,14,7,0,7,,3-0-4,4-0-3,88.130 (40%),658,105.150 (41%),780,84.4,28,
1907,6,Geelong,14,6,0,8,,3-0-4,3-0-4,98.104 (49%),692,106.153 (41%),789,87.7,24,
1907,7,Essendon,14,4,0,10,,3-0-4,1-0-6,80.133 (38%),613,110.153 (42%),813,75.4,16,
1907,8,Fitzroy,14,4,0,10,,3-0-4,1-0-6,85.127 (40%),637,119.145 (45%),859,74.2,16,
1908,1,Carlton,18,17,0,1,,9-0-0,8-0-1,153.207 (43%),1125,84.160 (34%),664,169.4,68,
1908,2,Essendon,18,14,0,4,,8-0-1,6-0-3,157.218 (42%),1160,110.154 (42%),814,142.5,56,
1908,3,St Kilda,18,10,0,8,,6-0-3,4-0-5,136.139 (49%),955,128.174 (42%),942,101.4,40,
1908,4,Collingwood,18,10,0,8,,7-0-2,3-0-6,131.180 (42%),966,140.156 (47%),996,97.0,40,
1908,5,South Melbourne,18,9,0,9,,6-0-3,3-0-6,135.165 (45%),975,134.158 (46%),962,101.4,36,
1908,6,University,18,8,0,10,,5-0-4,3-0-6,143.174 (45%),1032,147.193 (43%),1075,96.0,32,
1908,7,Fitzroy,18,7,0,11,,3-0-6,4-0-5,126.176 (42%),932,114.168 (40%),852,109.4,28,
1908,8,Melbourne,18,7,0,11,,5-0-4,2-0-7,127.165 (43%),927,147.183 (45%),1065,87.0,28,
1908,9,Richmond,18,6,0,12,,5-0-4,1-0-8,128.172 (43%),940,178.207 (46%),1275,73.7,24,
1908,10,Geelong,18,2,0,16,,2-0-7,0-0-9,106.167 (39%),803,160.210 (43%),1170,68.6,8,
1909,1,South Melbourne,18,14,0,4,,8-0-1,6-0-3,165.172 (49%),1162,91.142 (39%),688,168.9,56,
1909,2,Carlton,18,14,0,4,,8-0-1,6-0-3,161.208 (44%),1174,109.146 (43%),800,146.8,56,
1909,3,Collingwood,18,12,2,4,,8-0-1,4-2-3,144.206 (41%),1070,112.149 (43%),821,130.3,52,
1909,4,Essendon,18,11,0,7,,5-0-4,6-0-3,146.200 (42%),1076,118.176 (40%),884,121.7,44,
1909,5,Melbourne,18,10,1,7,,5-1-3,5-0-4,145.153 (49%),1023,129.188 (41%),962,106.3,42,
1909,6,Fitzroy,18,8,1,9,,3-1-5,5-0-4,127.183 (41%),945,126.174 (42%),930,101.6,34,
1909,7,University,18,7,2,9,,3-1-5,4-1-4,116.206 (36%),902,121.175 (41%),901,100.1,32,
1909,8,Richmond,18,6,0,12,,3-0-6,3-0-6,112.153 (42%),825,178.214 (45%),1282,64.4,24,
1909,9,Geelong,18,2,0,16,,2-0-7,0-0-9,114.168 (40%),852,183.203 (47%),1301,65.5,12*,
1909,10,St Kilda,18,3,0,15,,2-0-7,1-0-8,89.136 (40%),670,152.218 (41%),1130,59.3,8*,
1910,1,Carlton,18,15,0,3,,8-0-1,7-0-2,156.231 (40%),1167,94.165 (36%),729,160.1,60,
1910,2,Collingwood,18,13,0,5,,8-0-1,5-0-4,130.213 (38%),993,110.152 (42%),812,122.3,52,
1910,3,South Melbourne,18,12,0,6,,7-0-2,5-0-4,149.186 (44%),1080,123.146 (46%),884,122.2,48,
1910,4,Essendon,18,12,0,6,,5-0-4,7-0-2,147.231 (39%),1113,130.183 (42%),963,115.6,48,
1910,5,Geelong,18,10,1,7,,7-0-2,3-1-5,134.204 (40%),1008,131.166 (44%),952,105.9,42,
1910,6,University,18,10,0,8,,5-0-4,5-0-4,140.154 (48%),994,133.181 (42%),979,101.5,40,
1910,7,Richmond,18,7,1,10,,3-1-5,4-0-5,127.175 (42%),937,121.187 (39%),913,102.6,30,
1910,8,Fitzroy,18,5,0,13,,2-0-7,3-0-6,128.184 (41%),952,138.220 (39%),1048,90.8,20,
1910,9,Melbourne,18,4,0,14,,2-0-7,2-0-7,109.148 (42%),802,181.261 (41%),1347,59.5,16,
1910,10,St Kilda,18,1,0,17,,1-0-8,0-0-9,91.146 (38%),692,150.211 (42%),1111,62.3,4,
1911,1,Essendon,18,15,1,2,,8-1-0,7-0-2,166.211 (44%),1207,87.155 (36%),677,178.3,62,
1911,2,South Melbourne,18,13,1,4,,8-0-1,5-1-3,158.195 (45%),1143,110.154 (42%),814,140.4,54,
1911,3,Carlton,18,12,2,4,,7-1-1,5-1-3,158.202 (44%),1150,109.156 (41%),810,142.0,52,
1911,4,Collingwood,18,12,0,6,,5-0-4,7-0-2,145.194 (43%),1064,113.177 (39%),855,124.4,48,
1911,5,Fitzroy,18,10,0,8,,5-0-4,5-0-4,128.183 (41%),951,113.159 (42%),837,113.6,40,
1911,6,Geelong,18,8,1,9,,6-1-2,2-0-7,140.185 (43%),1025,146.150 (49%),1026,99.9,34,
1911,7,Melbourne,18,7,1,10,,4-0-5,3-1-5,136.173 (44%),989,136.187 (42%),1003,98.6,30,
1911,8,Richmond,18,7,0,11,,4-0-5,3-0-6,122.199 (38%),931,138.193 (42%),1021,91.2,28,
1911,9,St Kilda,18,2,0,16,,2-0-7,0-0-9,94.135 (41%),699,202.242 (45%),1454,48.1,8,
1911,10,University,18,1,0,17,,1-0-8,0-0-9,98.133 (42%),721,191.237 (45%),1383,52.1,4,
1912,1,South Melbourne,18,14,0,4,,7-0-2,7-0-2,157.218 (42%),1160,96.163 (37%),739,157.0,56,
1912,2,Carlton,18,14,0,4,,8-0-1,6-0-3,150.245 (38%),1145,116.177 (40%),873,131.2,56,
1912,3,Essendon,18,12,0,6,,6-0-3,6-0-3,165.215 (43%),1205,142.197 (42%),1049,114.9,48,
1912,4,Geelong,18,11,0,7,,8-0-1,3-0-6,156.218 (42%),1154,117.209 (36%),911,126.7,44,
1912,5,Fitzroy,18,10,0,8,,6-0-3,4-0-5,137.194 (41%),1016,131.150 (47%),936,108.5,40,
1912,6,Melbourne,18,9,0,9,,6-0-3,3-0-6,138.157 (47%),985,132.204 (39%),996,98.9,36,
1912,7,Collingwood,18,9,0,9,,6-0-3,3-0-6,115.222 (34%),912,135.185 (42%),995,91.7,36,
1912,8,St Kilda,18,7,0,11,,4-0-5,3-0-6,148.206 (42%),1094,145.220 (40%),1090,100.4,28,
1912,9,Richmond,18,3,0,15,,2-0-7,1-0-8,115.173 (40%),863,184.229 (45%),1333,64.7,12,
1912,10,University,18,1,0,17,,1-0-8,0-0-9,109.158 (41%),812,192.272 (41%),1424,57.0,4,
1913,1,Fitzroy,18,16,0,2,,9-0-0,7-0-2,151.231 (40%),1137,105.158 (40%),788,144.3,64,
1913,2,South Melbourne,18,14,1,3,,7-0-2,7-1-1,172.224 (43%),1256,129.203 (39%),977,128.6,58,
1913,3,Collingwood,18,13,0,5,,7-0-2,6-0-3,160.198 (45%),1158,133.186 (42%),984,117.7,52,
1913,4,St Kilda,18,11,0,7,,8-0-1,3-0-6,159.195 (45%),1149,146.205 (42%),1081,106.3,44,
1913,5,Geelong,18,10,0,8,,6-0-3,4-0-5,172.232 (43%),1264,140.176 (44%),1016,124.4,40,
1913,6,Carlton,18,9,1,8,,5-1-3,4-0-5,149.216 (41%),1110,151.194 (44%),1100,100.9,38,
1913,7,Richmond,18,6,0,12,,4-0-5,2-0-7,143.176 (45%),1034,150.190 (44%),1090,94.9,24,
1913,8,Essendon,18,6,0,12,,2-0-7,4-0-5,144.208 (41%),1072,159.194 (45%),1148,93.4,24,
1913,9,Melbourne,18,4,0,14,,3-0-6,1-0-8,108.168 (39%),816,150.243 (38%),1143,71.4,16,
1913,10,University,18,,0,18,,0-0-9,0-0-9,123.169 (42%),907,218.268 (45%),1576,57.6,0,
1914,1,Carlton,18,13,2,3,,7-0-2,6-2-1,147.240 (38%),1122,118.157 (43%),865,129.7,56,
1914,2,South Melbourne,18,12,1,5,,6-1-2,6-0-3,153.195 (44%),1113,137.195 (41%),1017,109.4,50,
1914,3,Fitzroy,18,12,0,6,,6-0-3,6-0-3,161.211 (43%),1177,117.156 (43%),858,137.2,48,
1914,4,Geelong,18,11,1,6,,7-1-1,4-0-5,151.216 (41%),1122,117.172 (40%),874,128.4,46,
1914,5,Collingwood,18,10,1,7,,6-1-2,4-0-5,149.220 (40%),1114,121.202 (37%),928,120.0,42,
1914,6,Essendon,18,9,2,7,,5-1-3,4-1-4,152.227 (40%),1139,128.176 (42%),944,120.7,40,
1914,7,St Kilda,18,9,1,8,,6-0-3,3-1-5,174.199 (47%),1243,141.206 (41%),1052,118.2,38,
1914,8,Richmond,18,8,0,10,,6-0-3,2-0-7,143.226 (39%),1084,143.219 (40%),1077,100.6,32,
1914,9,Melbourne,18,2,0,16,,1-0-8,1-0-8,129.148 (47%),922,206.269 (43%),1505,61.3,8,
1914,10,University,18,,0,18,,0-0-9,0-0-9,112.141 (44%),813,243.271 (47%),1729,47.0,0,
1915,1,Collingwood,16,14,0,2,,7-0-1,7-0-1,159.214 (43%),1168,92.151 (38%),703,166.1,56,
1915,2,Carlton,16,13,1,2,,6-1-1,7-0-1,150.208 (42%),1108,106.134 (44%),770,143.9,54,
1915,3,Fitzroy,16,11,1,4,,7-0-1,4-1-3,160.183 (47%),1143,105.135 (44%),765,149.4,46,
1915,4,Melbourne,16,9,0,7,,5-0-3,4-0-4,148.170 (47%),1058,146.190 (43%),1066,99.2,36,
1915,5,South Melbourne,16,8,0,8,,5-0-3,3-0-5,123.188 (40%),926,120.152 (44%),872,106.2,32,
1915,6,Richmond,16,5,0,11,,3-0-5,2-0-6,126.150 (46%),906,158.216 (42%),1164,77.8,20,
1915,7,St Kilda,16,5,0,11,,4-0-4,1-0-7,102.167 (38%),779,136.210 (39%),1026,75.9,20,
1915,8,Essendon,16,3,0,13,,2-0-6,1-0-7,99.156 (39%),750,147.185 (44%),1067,70.3,12,
1915,9,Geelong,16,3,0,13,,2-0-6,1-0-7,118.154 (43%),862,175.217 (45%),1267,68.0,12,
1916,1,Carlton,12,10,0,2,,4-0-2,6-0-0,126.162 (44%),918,91.123 (43%),669,137.2,40,
1916,2,Collingwood,12,6,1,5,,3-0-3,3-1-2,111.137 (45%),803,111.137 (45%),803,100.0,26,
1916,3,Richmond,12,5,0,7,,3-0-3,2-0-4,110.132 (45%),792,121.155 (44%),881,89.9,20,
1916,4,Fitzroy,12,2,1,9,,1-1-4,1-0-5,96.135 (42%),711,120.151 (44%),871,81.6,10,
1917,1,Collingwood,15,10,1,4,,7-0-0,3-1-4,139.196 (41%),1030,105.142 (43%),772,133.4,42,
1917,2,Carlton,15,9,1,5,,5-0-2,4-1-3,113.165 (41%),843,94.160 (37%),724,116.4,38,
1917,3,South Melbourne,15,9,0,6,,7-0-1,2-0-5,119.197 (38%),911,99.178 (36%),772,118.0,36,
1917,4,Fitzroy,15,6,1,8,,2-1-4,4-0-4,114.148 (44%),832,132.171 (44%),963,86.4,26,
1917,5,Geelong,15,6,0,9,,3-0-5,3-0-4,95.165 (37%),735,127.165 (43%),927,79.3,24,
1917,6,Richmond,15,3,1,11,,3-1-4,0-0-7,104.137 (43%),761,127.192 (40%),954,79.8,14,
1918,1,South Melbourne,14,13,0,1,,7-0-0,6-0-1,134.166 (45%),970,89.144 (38%),678,143.1,52,
1918,2,Collingwood,14,10,0,4,,6-0-1,4-0-3,130.176 (42%),956,88.131 (40%),659,145.1,40,
1918,3,Carlton,14,8,0,6,,5-0-2,3-0-4,114.178 (39%),862,98.152 (39%),740,116.5,32,
1918,4,St Kilda,14,8,0,6,,7-0-0,1-0-6,96.166 (37%),742,106.169 (39%),805,92.2,32,
1918,5,Fitzroy,14,6,0,8,,4-0-3,2-0-5,106.138 (43%),774,105.154 (41%),784,98.7,24,
1918,6,Richmond,14,5,0,9,,2-0-5,3-0-4,96.176 (35%),752,117.155 (43%),857,87.7,20,
1918,7,Geelong,14,3,0,11,,3-0-4,0-0-7,95.146 (39%),716,129.170 (43%),944,75.8,12,
1918,8,Essendon,14,3,0,11,,3-0-4,0-0-7,69.133 (34%),547,108.204 (35%),852,64.2,12,
1919,1,Collingwood,16,13,0,3,,6-0-2,7-0-1,172.211 (45%),1243,99.172 (37%),766,162.3,52,
1919,2,South Melbourne,16,12,0,4,,7-0-1,5-0-3,148.223 (40%),1111,90.160 (36%),700,158.7,48,
1919,3,Carlton,16,10,0,6,,6-0-2,4-0-4,154.226 (41%),1150,126.145 (46%),901,127.6,40,
1919,4,Richmond,16,10,0,6,,5-0-3,5-0-3,145.213 (41%),1083,122.184 (40%),916,118.2,40,
1919,5,Fitzroy,16,9,1,6,,6-0-2,3-1-4,149.180 (45%),1074,115.167 (41%),857,125.3,38,
1919,6,Essendon,16,7,0,9,,4-0-4,3-0-5,125.174 (42%),924,133.179 (43%),977,94.6,28,
1919,7,St Kilda,16,7,0,9,,3-0-5,4-0-4,101.166 (38%),772,150.193 (44%),1093,70.6,28,
1919,8,Geelong,16,3,1,12,,2-1-5,1-0-7,106.158 (40%),794,142.230 (38%),1082,73.4,14,
1919,9,Melbourne,16,,0,16,,0-0-8,0-0-8,87.125 (41%),647,210.246 (46%),1506,43.0,0,
1920,1,Richmond,16,14,0,2,,7-0-1,7-0-1,191.207 (48%),1353,131.138 (49%),924,146.4,56,
1920,2,Fitzroy,16,14,0,2,,6-0-2,8-0-0,182.180 (50%),1272,121.162 (43%),888,143.2,56,
1920,3,Carlton,16,10,0,6,,6-0-2,4-0-4,162.217 (43%),1189,126.168 (43%),924,128.7,40,
1920,4,Collingwood,16,10,0,6,,5-0-3,5-0-3,149.191 (44%),1085,136.150 (48%),966,112.3,40,
1920,5,South Melbourne,16,7,0,9,,5-0-3,2-0-6,150.199 (43%),1099,139.178 (44%),1012,108.6,28,
1920,6,Essendon,16,5,0,11,,1-0-7,4-0-4,139.188 (43%),1022,165.174 (49%),1164,87.8,20,
1920,7,Geelong,16,5,0,11,,4-0-4,1-0-7,153.180 (46%),1098,174.257 (40%),1301,84.4,20,
1920,8,Melbourne,16,5,0,11,,2-0-6,3-0-5,128.172 (43%),940,174.222 (44%),1266,74.2,20,
1920,9,St Kilda,16,2,0,14,,1-0-7,1-0-7,114.135 (46%),819,202.220 (48%),1432,57.2,8,
1921,1,Carlton,16,13,2,1,,7-1-0,6-1-1,175.215 (45%),1265,116.195 (37%),891,142.0,56,
1921,2,Richmond,16,12,0,4,,6-0-2,6-0-2,157.190 (45%),1132,132.183 (42%),975,116.1,48,
1921,3,Collingwood,16,9,0,7,,5-0-3,4-0-4,149.172 (46%),1066,131.167 (44%),953,111.9,36,
1921,4,Geelong,16,9,0,7,,7-0-1,2-0-6,157.176 (47%),1118,141.208 (40%),1054,106.1,36,
1921,5,Fitzroy,16,6,2,8,,4-0-4,2-2-4,128.189 (40%),957,120.201 (37%),921,103.9,28,
1921,6,Melbourne,16,6,2,8,,4-0-4,2-2-4,149.202 (42%),1096,155.219 (41%),1149,95.4,28,
1921,7,South Melbourne,16,5,1,10,,4-1-3,1-0-7,118.200 (37%),908,149.179 (45%),1073,84.6,22,
1921,8,St Kilda,16,4,1,11,,2-1-5,2-0-6,134.194 (41%),998,185.185 (50%),1295,77.1,18,
1921,9,Essendon,16,3,2,11,,1-2-5,2-0-6,125.215 (37%),965,163.216 (43%),1194,80.8,16,
1922,1,Collingwood,16,12,0,4,,7-0-1,5-0-3,162.206 (44%),1178,123.184 (40%),922,127.8,48,
1922,2,Essendon,16,10,1,5,,6-0-2,4-1-3,161.181 (47%),1147,141.182 (44%),1028,111.6,42,
1922,3,Fitzroy,16,10,1,5,,6-1-1,4-0-4,146.215 (40%),1091,140.163 (46%),1003,108.8,42,
1922,4,Carlton,16,10,0,6,,7-0-1,3-0-5,169.218 (44%),1232,148.204 (42%),1092,112.8,40,
1922,5,Richmond,16,7,0,9,,6-0-2,1-0-7,146.163 (47%),1039,154.205 (43%),1129,92.0,28,
1922,6,Melbourne,16,7,0,9,,6-0-2,1-0-7,137.183 (43%),1005,153.213 (42%),1131,88.9,28,
1922,7,St Kilda,16,5,1,10,,3-1-4,2-0-6,150.190 (44%),1090,163.186 (47%),1164,93.6,22,
1922,8,Geelong,16,5,0,11,,3-0-5,2-0-6,151.174 (46%),1080,180.205 (47%),1285,84.0,20,
1922,9,South Melbourne,16,4,1,11,,3-0-5,1-1-6,155.197 (44%),1127,175.185 (49%),1235,91.3,18,
1923,1,Essendon,16,13,0,3,,7-0-1,6-0-2,165.198 (45%),1188,120.155 (44%),875,135.8,52,
1923,2,Fitzroy,16,11,0,5,,7-0-1,4-0-4,152.208 (42%),1120,132.176 (43%),968,115.7,44,
1923,3,South Melbourne,16,9,0,7,,5-0-3,4-0-4,146.185 (44%),1061,135.179 (43%),989,107.3,36,
1923,4,Geelong,16,9,0,7,,4-0-4,5-0-3,153.210 (42%),1128,147.203 (42%),1085,104.0,36,
1923,5,Collingwood,16,8,1,7,,6-0-2,2-1-5,159.184 (46%),1138,143.185 (44%),1043,109.1,34,
1923,6,St Kilda,16,8,0,8,,5-0-3,3-0-5,125.197 (39%),947,127.197 (39%),959,98.7,32,
1923,7,Carlton,16,6,1,9,,3-1-4,3-0-5,136.184 (43%),1000,166.195 (46%),1191,84.0,26,
1923,8,Richmond,16,4,0,12,,2-0-6,2-0-6,121.180 (40%),906,156.203 (43%),1139,79.5,16,
1923,9,Melbourne,16,3,0,13,,1-0-7,2-0-6,134.176 (43%),980,165.229 (42%),1219,80.4,12,
1924,1,Essendon,16,11,1,4,,6-0-2,5-1-2,164.224 (42%),1208,124.174 (42%),918,131.6,46,
1924,2,South Melbourne,16,11,0,5,,7-0-1,4-0-4,156.195 (44%),1131,131.185 (41%),971,116.5,44,
1924,3,Fitzroy,16,10,0,6,,5-0-3,5-0-3,172.192 (47%),1224,145.222 (40%),1092,112.1,40,
1924,4,Richmond,16,10,0,6,,5-0-3,5-0-3,142.231 (38%),1083,143.199 (42%),1057,102.5,40,
1924,5,Geelong,16,8,0,8,,6-0-2,2-0-6,151.210 (42%),1116,142.189 (43%),1041,107.2,32,
1924,6,Collingwood,16,8,0,8,,4-0-4,4-0-4,148.201 (42%),1089,150.234 (39%),1134,96.0,32,
1924,7,Carlton,16,5,1,10,,3-1-4,2-0-6,158.186 (46%),1134,166.232 (42%),1228,92.3,22,
1924,8,Melbourne,16,4,0,12,,2-0-6,2-0-6,137.221 (38%),1043,176.196 (47%),1252,83.3,16,
1924,9,St Kilda,16,4,0,12,,4-0-4,0-0-8,141.199 (41%),1045,192.228 (46%),1380,75.7,16,
1925,1,Geelong,17,15,0,2,,8-0-1,7-0-1,225.214 (51%),1564,142.172 (45%),1024,152.7,60,
1925,2,Essendon,17,13,0,4,,8-0-1,5-0-3,179.197 (48%),1271,145.195 (43%),1065,119.3,52,
1925,3,Melbourne,17,12,1,4,,7-0-1,5-1-3,177.211 (46%),1273,125.169 (43%),919,138.5,50,
1925,4,Collingwood,17,12,0,5,,7-0-2,5-0-3,191.231 (45%),1377,152.171 (47%),1083,127.1,48,
1925,5,Fitzroy,17,12,0,5,,6-0-2,6-0-3,179.218 (45%),1292,145.158 (48%),1028,125.7,48,
1925,6,St Kilda,17,8,0,9,,7-0-2,1-0-7,155.186 (45%),1116,157.178 (47%),1120,99.6,32,
1925,7,Richmond,17,6,1,10,,3-1-4,3-0-6,132.189 (41%),981,158.183 (46%),1131,86.7,26,
1925,8,South Melbourne,17,6,0,11,,5-0-4,1-0-7,149.195 (43%),1089,181.185 (49%),1271,85.7,24,
1925,9,Carlton,17,5,0,12,,4-0-5,1-0-7,147.184 (44%),1066,186.233 (44%),1349,79.0,20,
1925,10,North Melbourne,17,5,0,12,,3-0-5,2-0-7,147.148 (50%),1030,191.224 (46%),1370,75.2,20,
1925,11,Footscray,17,4,0,13,,3-0-5,1-0-8,161.166 (49%),1132,188.240 (44%),1368,82.7,16,
1925,12,Hawthorn,17,3,0,14,,3-0-5,0-0-9,121.176 (41%),902,193.207 (48%),1365,66.1,12,
1926,1,Collingwood,18,15,0,3,,7-0-2,8-0-1,225.254 (47%),1604,147.192 (43%),1074,149.3,60,
1926,2,Geelong,18,15,0,3,,8-0-1,7-0-2,225.255 (47%),1605,150.205 (42%),1105,145.2,60,
1926,3,Melbourne,18,14,0,4,,8-0-1,6-0-3,245.250 (49%),1720,160.215 (43%),1175,146.4,56,
1926,4,Essendon,18,12,0,6,,6-0-3,6-0-3,183.205 (47%),1303,142.196 (42%),1048,124.3,48,
1926,5,South Melbourne,18,12,0,6,,6-0-3,6-0-3,193.250 (44%),1408,163.206 (44%),1184,118.9,48,
1926,6,Carlton,18,11,0,7,,9-0-0,2-0-7,186.198 (48%),1314,166.238 (41%),1234,106.5,44,
1926,7,Richmond,18,9,0,9,,4-0-5,5-0-4,186.260 (42%),1376,214.211 (50%),1495,92.0,36,
1926,8,Fitzroy,18,6,0,12,,4-0-5,2-0-7,186.247 (43%),1363,227.221 (51%),1583,86.1,24,
1926,9,St Kilda,18,6,0,12,,3-0-6,3-0-6,145.211 (41%),1081,199.233 (46%),1427,75.8,24,
1926,10,Footscray,18,4,0,14,,1-0-8,3-0-6,160.204 (44%),1164,234.261 (47%),1665,69.9,16,
1926,11,Hawthorn,18,3,1,14,,0-1-8,3-0-6,149.200 (43%),1094,232.256 (48%),1648,66.4,14,
1926,12,North Melbourne,18,,1,17,,0-0-9,0-1-8,157.160 (50%),1102,206.260 (44%),1496,73.7,2,
1927,1,Collingwood,18,15,0,3,,7-0-2,8-0-1,222.227 (49%),1559,142.183 (44%),1035,150.6,60,
1927,2,Richmond,18,14,0,4,,7-0-2,7-0-2,205.253 (45%),1483,151.196 (44%),1102,134.6,56,
1927,3,Geelong,18,14,0,4,,8-0-1,6-0-3,220.274 (45%),1594,171.182 (48%),1208,132.0,56,
1927,4,Carlton,18,13,0,5,,6-0-3,7-0-2,206.198 (51%),1434,162.206 (44%),1178,121.7,52,
1927,5,Melbourne,18,12,0,6,,7-0-2,5-0-4,217.246 (47%),1548,166.173 (49%),1169,132.4,48,
1927,6,South Melbourne,18,9,0,9,,6-0-3,3-0-6,192.221 (46%),1373,199.237 (46%),1431,95.9,36,
1927,7,St Kilda,18,8,0,10,,6-0-3,2-0-7,164.194 (46%),1178,219.250 (47%),1564,75.3,32,
1927,8,Essendon,18,6,1,11,,2-1-6,4-0-5,166.202 (45%),1198,176.181 (49%),1237,96.8,26,
1927,9,Fitzroy,18,6,1,11,,5-0-4,1-1-7,190.195 (49%),1335,222.226 (50%),1558,85.7,26,
1927,10,Footscray,18,6,0,12,,3-0-6,3-0-6,156.195 (44%),1131,174.281 (38%),1325,85.4,24,
1927,11,North Melbourne,18,3,0,15,,1-0-8,2-0-7,148.197 (43%),1085,210.216 (49%),1476,73.5,12,
1927,12,Hawthorn,18,1,0,17,,0-0-9,1-0-8,148.199 (43%),1087,242.270 (47%),1722,63.1,4,
1928,1,Collingwood,18,15,0,3,,7-0-2,8-0-1,214.256 (46%),1540,157.202 (44%),1144,134.6,60,
1928,2,Richmond,18,14,0,4,,9-0-0,5-0-4,227.278 (45%),1640,173.190 (48%),1228,133.6,56,
1928,3,Melbourne,18,14,0,4,,8-0-1,6-0-3,211.241 (47%),1507,171.207 (45%),1233,122.2,56,
1928,4,Carlton,18,11,0,7,,6-0-3,5-0-4,228.230 (50%),1598,182.224 (45%),1316,121.4,44,
1928,5,Essendon,18,11,0,7,,4-0-5,7-0-2,203.223 (48%),1441,174.231 (43%),1275,113.0,44,
1928,6,St Kilda,18,11,0,7,,5-0-4,6-0-3,215.209 (51%),1499,209.216 (49%),1470,102.0,44,
1928,7,Footscray,18,9,0,9,,5-0-4,4-0-5,211.199 (51%),1465,188.212 (47%),1340,109.3,36,
1928,8,Fitzroy,18,7,0,11,,3-0-6,4-0-5,207.238 (47%),1480,240.235 (51%),1675,88.4,28,
1928,9,Geelong,18,6,0,12,,4-0-5,2-0-7,186.220 (46%),1336,185.233 (44%),1343,99.5,24,
1928,10,South Melbourne,18,5,0,13,,3-0-6,2-0-7,206.225 (48%),1461,248.221 (53%),1709,85.5,20,
1928,11,North Melbourne,18,5,0,13,,3-0-6,2-0-7,147.176 (46%),1058,220.243 (48%),1563,67.7,20,
1928,12,Hawthorn,18,,0,18,,0-0-9,0-0-9,161.205 (44%),1171,269.286 (48%),1900,61.6,0,
1929,1,Collingwood,18,18,0,,,9-0-0,9-0-0,279.244 (53%),1918,156.181 (46%),1117,171.7,72,
1929,2,Carlton,18,15,0,3,,8-0-1,7-0-2,218.281 (44%),1589,156.225 (41%),1161,136.9,60,
1929,3,Richmond,18,12,1,5,,7-1-1,5-0-4,237.281 (46%),1703,202.187 (52%),1399,121.7,50,
1929,4,St Kilda,18,12,0,6,,7-0-2,5-0-4,214.209 (51%),1493,155.216 (42%),1146,130.3,48,
1929,5,Melbourne,18,11,1,6,,7-0-2,4-1-4,169.214 (44%),1228,160.204 (44%),1164,105.5,46,
1929,6,Essendon,18,9,1,8,,5-0-4,4-1-4,189.215 (47%),1349,196.229 (46%),1405,96.0,38,
1929,7,Geelong,18,8,0,10,,5-0-4,3-0-6,161.209 (44%),1175,148.194 (43%),1082,108.6,32,
1929,8,South Melbourne,18,7,0,11,,6-0-3,1-0-8,187.216 (46%),1338,223.240 (48%),1578,84.8,28,
1929,9,Footscray,18,6,1,11,,5-1-3,1-0-8,175.218 (45%),1268,203.246 (45%),1464,86.6,26,
1929,10,Hawthorn,18,4,0,14,,3-0-6,1-0-8,161.204 (44%),1170,215.232 (48%),1522,76.9,16,
1929,11,Fitzroy,18,3,0,15,,2-0-7,1-0-8,188.212 (47%),1340,261.261 (50%),1827,73.3,12,
1929,12,North Melbourne,18,1,0,17,,1-0-8,0-0-9,149.176 (46%),1070,252.264 (49%),1776,60.2,4,
1930,1,Collingwood,18,15,0,3,,8-0-1,7-0-2,280.251 (53%),1931,185.228 (45%),1338,144.3,60,
1930,2,Carlton,18,15,0,3,,8-0-1,7-0-2,247.265 (48%),1747,175.184 (49%),1234,141.6,60,
1930,3,Richmond,18,11,0,7,,5-0-4,6-0-3,200.250 (44%),1450,161.197 (45%),1163,124.7,44,
1930,4,Geelong,18,11,0,7,,7-0-2,4-0-5,209.241 (46%),1495,176.203 (46%),1259,118.7,44,
1930,5,Melbourne,18,11,0,7,,7-0-2,4-0-5,212.237 (47%),1509,201.235 (46%),1441,104.7,44,
1930,6,Essendon,18,10,0,8,,6-0-3,4-0-5,213.217 (50%),1495,198.229 (46%),1417,105.5,40,
1930,7,South Melbourne,18,9,0,9,,5-0-4,4-0-5,217.251 (46%),1553,219.239 (48%),1553,100.0,36,
1930,8,St Kilda,18,8,0,10,,6-0-3,2-0-7,210.194 (52%),1454,204.211 (49%),1435,101.3,32,
1930,9,Fitzroy,18,7,0,11,,5-0-4,2-0-7,199.217 (48%),1411,221.255 (46%),1581,89.2,28,
1930,10,Hawthorn,18,6,0,12,,5-0-4,1-0-8,167.203 (45%),1205,225.208 (52%),1558,77.3,24,
1930,11,Footscray,18,4,0,14,,3-0-6,1-0-8,160.204 (44%),1164,217.233 (48%),1535,75.8,16,
1930,12,North Melbourne,18,1,0,17,,1-0-8,0-0-9,132.177 (43%),969,264.285 (48%),1869,51.8,4,
1931,1,Geelong,18,15,0,3,,9-0-0,6-0-3,220.252 (47%),1572,144.174 (45%),1038,151.4,60,
1931,2,Richmond,18,15,0,3,,7-0-2,8-0-1,225.277 (45%),1627,155.223 (41%),1153,141.1,60,
1931,3,Carlton,18,12,0,6,,7-0-2,5-0-4,230.233 (50%),1613,178.221 (45%),1289,125.1,48,
1931,4,Collingwood,18,12,0,6,,8-0-1,4-0-5,225.239 (48%),1589,172.249 (41%),1281,124.0,48,
1931,5,Footscray,18,12,0,6,,5-0-4,7-0-2,157.219 (42%),1161,143.196 (42%),1054,110.2,48,
1931,6,Essendon,18,10,0,8,,6-0-3,4-0-5,201.210 (49%),1416,202.216 (48%),1428,99.2,40,
1931,7,South Melbourne,18,9,0,9,,4-0-5,5-0-4,189.259 (42%),1393,197.224 (47%),1406,99.1,36,
1931,8,Melbourne,18,8,0,10,,6-0-3,2-0-7,182.194 (48%),1286,197.221 (47%),1403,91.7,32,
1931,9,St Kilda,18,8,0,10,,4-0-5,4-0-5,182.231 (44%),1323,213.206 (51%),1484,89.2,32,
1931,10,Fitzroy,18,4,0,14,,2-0-7,2-0-7,195.210 (48%),1380,224.261 (46%),1605,86.0,16,
1931,11,Hawthorn,18,3,0,15,,2-0-7,1-0-8,161.179 (47%),1145,191.249 (43%),1395,82.1,12,
1931,12,North Melbourne,18,,0,18,,0-0-9,0-0-9,133.202 (40%),1000,284.265 (52%),1969,50.8,0,
1932,1,Carlton,18,15,0,3,,7-0-2,8-0-1,250.303 (45%),1803,182.216 (46%),1308,137.8,60,
1932,2,Richmond,18,14,1,3,,7-0-2,7-1-1,211.260 (45%),1526,148.208 (42%),1096,139.2,58,
1932,3,Collingwood,18,14,0,4,,7-0-2,7-0-2,237.222 (52%),1644,202.261 (44%),1473,111.6,56,
1932,4,South Melbourne,18,13,0,5,,7-0-2,6-0-3,213.253 (46%),1531,178.229 (44%),1297,118.0,52,
1932,5,Geelong,18,11,1,6,,6-1-2,5-0-4,260.265 (50%),1825,179.232 (44%),1306,139.7,46,
1932,6,Essendon,18,10,0,8,,6-0-3,4-0-5,207.246 (46%),1488,203.226 (47%),1444,103.0,40,
1932,7,Footscray,18,9,0,9,,6-0-3,3-0-6,167.227 (42%),1229,164.204 (45%),1188,103.5,36,
1932,8,North Melbourne,18,8,0,10,,4-0-5,4-0-5,217.233 (48%),1535,227.219 (51%),1581,97.1,32,
1932,9,Melbourne,18,4,0,14,,3-0-6,1-0-8,180.201 (47%),1281,236.259 (48%),1675,76.5,16,
1932,10,Fitzroy,18,3,0,15,,3-0-6,0-0-9,193.203 (49%),1361,255.256 (50%),1786,76.2,12,
1932,11,St Kilda,18,3,0,15,,2-0-7,1-0-8,175.213 (45%),1263,247.271 (48%),1753,72.0,12,
1932,12,Hawthorn,18,3,0,15,,3-0-6,0-0-9,140.194 (42%),1034,229.239 (49%),1613,64.1,12,
1933,1,Richmond,18,15,0,3,,9-0-0,6-0-3,253.228 (53%),1746,173.199 (47%),1237,141.1,60,
1933,2,South Melbourne,18,13,0,5,,8-0-1,5-0-4,254.240 (51%),1764,197.201 (49%),1383,127.5,52,
1933,3,Carlton,18,13,0,5,,7-0-2,6-0-3,240.262 (48%),1702,208.240 (46%),1488,114.4,52,
1933,4,Geelong,18,12,0,6,,8-0-1,4-0-5,243.272 (47%),1730,188.199 (49%),1327,130.4,48,
1933,5,Fitzroy,18,11,1,6,,7-0-2,4-1-4,219.220 (50%),1534,204.229 (47%),1453,105.6,46,
1933,6,Collingwood,18,11,0,7,,8-0-1,3-0-6,250.260 (49%),1760,221.233 (49%),1559,112.9,44,
1933,7,Footscray,18,11,0,7,,8-0-1,3-0-6,215.230 (48%),1520,217.253 (46%),1555,97.7,44,
1933,8,North Melbourne,18,7,1,10,,4-1-4,3-0-6,204.239 (46%),1463,244.253 (49%),1717,85.2,30,
1933,9,St Kilda,18,6,0,12,,5-0-4,1-0-8,192.228 (46%),1380,240.266 (47%),1706,80.9,24,
1933,10,Melbourne,18,3,0,15,,2-0-7,1-0-8,213.233 (48%),1511,270.222 (55%),1842,82.0,12,
1933,11,Hawthorn,18,3,0,15,,1-0-8,2-0-7,164.194 (46%),1178,227.245 (48%),1607,73.3,12,
1933,12,Essendon,18,2,0,16,,2-0-7,0-0-9,200.192 (51%),1392,258.258 (50%),1806,77.1,8,
1934,1,Richmond,18,15,0,3,,9-0-0,6-0-3,228.250 (48%),1618,187.212 (47%),1334,121.3,60,
1934,2,Geelong,18,14,1,3,,8-1-0,6-0-3,258.286 (47%),1834,193.197 (49%),1355,135.4,58,
1934,3,South Melbourne,18,14,0,4,,8-0-1,6-0-3,318.279 (53%),2187,222.228 (49%),1560,140.2,56,
1934,4,Collingwood,18,13,1,4,,7-0-2,6-1-2,275.265 (51%),1915,223.233 (49%),1571,121.9,54,
1934,5,Carlton,18,12,0,6,,8-0-1,4-0-5,284.282 (50%),1986,246.231 (52%),1707,116.3,48,
1934,6,Melbourne,18,9,0,9,,5-0-4,4-0-5,224.279 (45%),1623,237.248 (49%),1670,97.2,36,
1934,7,St Kilda,18,9,0,9,,6-0-3,3-0-6,230.212 (52%),1592,228.293 (44%),1661,95.8,36,
1934,8,Fitzroy,18,7,0,11,,6-0-3,1-0-8,223.251 (47%),1589,238.232 (51%),1660,95.7,28,
1934,9,Footscray,18,6,0,12,,5-0-4,1-0-8,200.244 (45%),1444,240.259 (48%),1699,85.0,24,
1934,10,Essendon,18,5,0,13,,5-0-4,0-0-9,236.219 (52%),1635,284.254 (53%),1958,83.5,20,
1934,11,Hawthorn,18,3,0,15,,3-0-6,0-0-9,184.196 (48%),1300,274.273 (50%),1917,67.8,12,
1934,12,North Melbourne,18,,0,18,,0-0-9,0-0-9,172.213 (45%),1245,260.316 (45%),1876,66.4,0,
1935,1,South Melbourne,18,16,0,2,,9-0-0,7-0-2,280.260 (52%),1940,197.228 (46%),1410,137.6,64,
1935,2,Collingwood,18,14,2,2,,8-1-0,6-1-2,270.275 (50%),1895,221.235 (48%),1561,121.4,60,
1935,3,Carlton,18,14,1,3,,8-0-1,6-1-2,278.290 (49%),1958,197.201 (49%),1383,141.6,58,
1935,4,Richmond,18,12,0,6,,7-0-2,5-0-4,225.222 (50%),1572,187.217 (46%),1339,117.4,48,
1935,5,St Kilda,18,11,0,7,,6-0-3,5-0-4,243.250 (49%),1708,219.231 (49%),1545,110.6,44,
1935,6,Melbourne,18,8,1,9,,3-0-6,5-1-3,227.239 (49%),1601,223.244 (48%),1582,101.2,34,
1935,7,Fitzroy,18,8,1,9,,4-1-4,4-0-5,217.186 (54%),1488,231.263 (47%),1649,90.2,34,
1935,8,Essendon,18,7,0,11,,4-0-5,3-0-6,215.236 (48%),1526,240.263 (48%),1703,89.6,28,
1935,9,Geelong,18,6,1,11,,4-0-5,2-1-6,238.255 (48%),1683,255.217 (54%),1747,96.3,26,
1935,10,Hawthorn,18,5,0,13,,3-0-6,2-0-7,205.230 (47%),1460,257.263 (49%),1805,80.9,20,
1935,11,Footscray,18,2,2,14,,0-2-7,2-0-7,177.210 (46%),1272,248.243 (51%),1731,73.5,12,
1935,12,North Melbourne,18,1,0,17,,0-0-9,1-0-8,168.200 (46%),1208,268.248 (52%),1856,65.1,4,
1936,1,South Melbourne,18,16,0,2,,9-0-0,7-0-2,248.318 (44%),1806,214.240 (47%),1524,118.5,64,
1936,2,Collingwood,18,15,0,3,,7-0-2,8-0-1,267.252 (51%),1854,191.221 (46%),1367,135.6,60,
1936,3,Carlton,18,12,0,6,,6-0-3,6-0-3,266.281 (49%),1877,212.232 (48%),1504,124.8,48,
1936,4,Melbourne,18,12,0,6,,7-0-2,5-0-4,248.267 (48%),1755,206.241 (46%),1477,118.8,48,
1936,5,Geelong,18,11,0,7,,8-0-1,3-0-6,266.288 (48%),1884,212.226 (48%),1498,125.8,44,
1936,6,Richmond,18,10,0,8,,5-0-4,5-0-4,239.239 (50%),1673,225.200 (53%),1550,107.9,40,
1936,7,St Kilda,18,9,0,9,,6-0-3,3-0-6,271.219 (55%),1845,276.263 (51%),1919,96.1,36,
1936,8,Essendon,18,6,0,12,,4-0-5,2-0-7,220.245 (47%),1565,257.298 (46%),1840,85.1,24,
1936,9,Hawthorn,18,6,0,12,,5-0-4,1-0-8,193.233 (45%),1391,241.274 (47%),1720,80.9,24,
1936,10,Footscray,18,5,0,13,,3-0-6,2-0-7,203.244 (45%),1462,234.286 (45%),1690,86.5,20,
1936,11,North Melbourne,18,4,0,14,,4-0-5,0-0-9,177.212 (46%),1274,235.269 (47%),1679,75.9,16,
1936,12,Fitzroy,18,2,0,16,,2-0-7,0-0-9,192.215 (47%),1367,287.263 (52%),1985,68.9,8,
1937,1,Geelong,18,15,0,3,,9-0-0,6-0-3,260.264 (50%),1824,187.226 (45%),1348,135.3,60,
1937,2,Melbourne,18,15,0,3,,8-0-1,7-0-2,277.283 (49%),1945,207.240 (46%),1482,131.2,60,
1937,3,Collingwood,18,13,0,5,,8-0-1,5-0-4,273.270 (50%),1908,205.249 (45%),1479,129.0,52,
1937,4,Richmond,18,11,1,6,,8-0-1,3-1-5,234.243 (49%),1647,220.205 (52%),1525,108.0,46,
1937,5,Carlton,18,11,0,7,,7-0-2,4-0-5,226.268 (46%),1624,200.264 (43%),1464,110.9,44,
1937,6,St Kilda,18,10,0,8,,7-0-2,3-0-6,223.262 (46%),1600,220.260 (46%),1580,101.3,40,
1937,7,Fitzroy,18,7,0,11,,5-0-4,2-0-7,192.234 (45%),1386,205.258 (44%),1488,93.1,28,
1937,8,Hawthorn,18,7,0,11,,5-0-4,2-0-7,197.231 (46%),1413,231.289 (44%),1675,84.4,28,
1937,9,South Melbourne,18,6,1,11,,5-1-3,1-0-8,212.255 (45%),1527,240.258 (48%),1698,89.9,26,
1937,10,Essendon,18,5,0,13,,3-0-6,2-0-7,213.252 (46%),1530,237.267 (47%),1689,90.6,20,
1937,11,Footscray,18,4,0,14,,2-0-7,2-0-7,197.227 (46%),1409,250.222 (53%),1722,81.8,16,
1937,12,North Melbourne,18,3,0,15,,1-0-8,2-0-7,161.222 (42%),1188,263.273 (49%),1851,64.2,12,
1938,1,Carlton,18,14,0,4,,7-0-2,7-0-2,256.291 (47%),1827,229.200 (53%),1574,116.1,56,
1938,2,Geelong,18,13,0,5,,7-0-2,6-0-3,266.301 (47%),1897,209.214 (49%),1468,129.2,52,
1938,3,Footscray,18,13,0,5,,8-0-1,5-0-4,243.265 (48%),1723,195.216 (47%),1386,124.3,52,
1938,4,Collingwood,18,12,0,6,,7-0-2,5-0-4,277.280 (50%),1942,237.230 (51%),1652,117.6,48,
1938,5,Melbourne,18,11,0,7,,5-0-4,6-0-3,258.228 (53%),1776,240.236 (50%),1676,106.0,44,
1938,6,Richmond,18,10,0,8,,7-0-2,3-0-6,253.229 (52%),1747,219.249 (47%),1563,111.8,40,
1938,7,Essendon,18,9,0,9,,5-0-4,4-0-5,256.265 (49%),1801,253.242 (51%),1760,102.3,36,
1938,8,St Kilda,18,9,0,9,,6-0-3,3-0-6,207.232 (47%),1474,224.262 (46%),1606,91.8,36,
1938,9,North Melbourne,18,6,0,12,,4-0-5,2-0-7,198.196 (50%),1384,266.256 (51%),1852,74.7,24,
1938,10,Fitzroy,18,5,0,13,,3-0-6,2-0-7,222.211 (51%),1543,247.260 (49%),1742,88.6,20,
1938,11,Hawthorn,18,4,0,14,,2-0-7,2-0-7,201.208 (49%),1414,240.277 (46%),1717,82.4,16,
1938,12,South Melbourne,18,2,0,16,,2-0-7,0-0-9,190.213 (47%),1353,268.277 (49%),1885,71.8,8,
1939,1,Melbourne,18,15,0,3,,7-0-2,8-0-1,273.290 (48%),1928,206.266 (44%),1502,128.4,60,
1939,2,Collingwood,18,15,0,3,,9-0-0,6-0-3,272.240 (53%),1872,215.245 (47%),1535,122.0,60,
1939,3,Richmond,18,13,0,5,,6-0-3,7-0-2,239.300 (44%),1734,210.209 (50%),1469,118.0,52,
1939,4,St Kilda,18,13,0,5,,7-0-2,6-0-3,255.276 (48%),1806,216.254 (46%),1550,116.5,52,
1939,5,Carlton,18,12,0,6,,8-0-1,4-0-5,251.290 (46%),1796,205.229 (47%),1459,123.1,48,
1939,6,Essendon,18,8,0,10,,4-0-5,4-0-5,238.268 (47%),1696,247.267 (48%),1749,97.0,32,
1939,7,Geelong,18,7,0,11,,7-0-2,0-0-9,223.244 (48%),1582,243.255 (49%),1713,92.4,28,
1939,8,Fitzroy,18,6,1,11,,4-1-4,2-0-7,206.246 (46%),1482,237.239 (50%),1661,89.2,26,
1939,9,North Melbourne,18,6,0,12,,5-0-4,1-0-8,227.199 (53%),1561,241.263 (48%),1709,91.3,24,
1939,10,Hawthorn,18,5,1,12,,5-0-4,0-1-8,198.239 (45%),1427,228.289 (44%),1657,86.1,22,
1939,11,Footscray,18,4,0,14,,3-0-6,1-0-8,210.234 (47%),1494,261.243 (52%),1809,82.6,16,
1939,12,South Melbourne,18,3,0,15,,2-0-7,1-0-8,191.221 (46%),1367,274.288 (49%),1932,70.8,12,
1940,1,Melbourne,18,14,0,4,,7-0-2,7-0-2,299.316 (49%),2110,238.249 (49%),1677,125.8,56,
1940,2,Richmond,18,12,0,6,,4-0-5,8-0-1,259.233 (53%),1787,209.235 (47%),1489,120.0,48,
1940,3,Essendon,18,12,0,6,,8-0-1,4-0-5,223.273 (45%),1611,208.241 (46%),1489,108.2,48,
1940,4,Geelong,18,11,0,7,,6-0-3,5-0-4,229.271 (46%),1645,218.291 (43%),1599,102.9,44,
1940,5,Carlton,18,10,0,8,,5-0-4,5-0-4,239.296 (45%),1730,216.259 (45%),1555,111.3,40,
1940,6,Footscray,18,9,0,9,,5-0-4,4-0-5,239.262 (48%),1696,219.244 (47%),1558,108.9,36,
1940,7,Fitzroy,18,9,0,9,,7-0-2,2-0-7,199.249 (44%),1443,216.267 (45%),1563,92.3,36,
1940,8,Collingwood,18,8,0,10,,5-0-4,3-0-6,223.283 (44%),1621,224.267 (46%),1611,100.6,32,
1940,9,Hawthorn,18,7,0,11,,5-0-4,2-0-7,213.271 (44%),1549,249.266 (48%),1760,88.0,28,
1940,10,South Melbourne,18,7,0,11,,6-0-3,1-0-8,207.238 (47%),1480,238.268 (47%),1696,87.3,28,
1940,11,St Kilda,18,5,0,13,,3-0-6,2-0-7,193.260 (43%),1418,227.272 (45%),1634,86.8,20,
1940,12,North Melbourne,18,4,0,14,,3-0-6,1-0-8,196.205 (49%),1381,257.298 (46%),1840,75.1,16,
1941,1,Carlton,18,14,0,4,,7-0-2,7-0-2,277.286 (49%),1948,227.257 (47%),1619,120.3,56,
1941,2,Melbourne,18,14,0,4,,7-0-2,7-0-2,286.277 (51%),1993,244.237 (51%),1701,117.2,56,
1941,3,Richmond,18,14,0,4,,8-0-1,6-0-3,244.250 (49%),1714,206.233 (47%),1469,116.7,56,
1941,4,Essendon,18,13,0,5,,8-0-1,5-0-4,268.256 (51%),1864,202.219 (48%),1431,130.3,52,
1941,5,Collingwood,18,12,0,6,,5-0-4,7-0-2,245.273 (47%),1743,224.227 (50%),1571,110.9,48,
1941,6,Footscray,18,10,0,8,,6-0-3,4-0-5,238.248 (49%),1676,211.251 (46%),1517,110.5,40,
1941,7,Fitzroy,18,8,0,10,,4-0-5,4-0-5,247.213 (54%),1695,246.284 (46%),1760,96.3,32,
1941,8,South Melbourne,18,8,0,10,,5-0-4,3-0-6,191.251 (43%),1397,217.250 (46%),1552,90.0,32,
1941,9,North Melbourne,18,6,0,12,,4-0-5,2-0-7,255.229 (53%),1759,267.291 (48%),1893,92.9,24,
1941,10,Geelong,18,3,0,15,,3-0-6,0-0-9,217.259 (46%),1561,268.272 (50%),1880,83.0,12,
1941,11,St Kilda,18,3,0,15,,3-0-6,0-0-9,202.242 (45%),1454,258.227 (53%),1775,81.9,12,
1941,12,Hawthorn,18,3,0,15,,2-0-7,1-0-8,186.251 (43%),1367,286.287 (50%),2003,68.2,12,
1942,1,Essendon,15,12,0,3,1,8-0-0,4-0-3,203.208 (49%),1426,159.168 (49%),1122,127.1,52,
1942,2,Richmond,15,11,0,4,1,6-0-1,5-0-3,256.242 (51%),1778,186.206 (47%),1322,134.5,48,
1942,3,South Melbourne,15,11,0,4,1,5-0-2,6-0-2,209.259 (45%),1513,165.183 (47%),1173,129.0,48,
1942,4,Footscray,14,10,0,4,2,5-0-2,5-0-2,210.200 (51%),1460,166.163 (50%),1159,126.0,48,
1942,5,Carlton,14,10,0,4,2,6-0-1,4-0-3,193.203 (49%),1361,156.196 (44%),1132,120.2,48,
1942,6,Fitzroy,15,8,0,7,1,4-0-4,4-0-3,203.187 (52%),1405,191.194 (50%),1340,104.9,36,
1942,7,St Kilda,14,6,0,8,2,4-0-3,2-0-5,150.176 (46%),1076,186.198 (48%),1314,81.9,32,
1942,8,Melbourne,15,5,0,10,1,3-0-5,2-0-5,198.196 (50%),1384,234.220 (52%),1624,85.2,24,
1942,9,North Melbourne,14,4,0,10,2,3-0-4,1-0-6,159.151 (51%),1105,201.207 (49%),1413,78.2,24,
1942,10,Collingwood,14,2,0,12,2,1-0-6,1-0-6,154.196 (44%),1120,208.226 (48%),1474,76.0,16,
1942,11,Hawthorn,15,1,0,14,1,1-0-6,0-0-8,146.182 (45%),1058,229.239 (49%),1613,65.6,8,
1943,1,Richmond,15,10,0,5,1,4-0-3,6-0-2,201.229 (47%),1435,166.170 (49%),1166,123.1,44,
1943,2,Essendon,15,10,0,5,1,4-0-4,6-0-1,179.222 (45%),1296,156.189 (45%),1125,115.2,44,
1943,3,Fitzroy,15,10,0,5,1,7-0-1,3-0-4,192.193 (50%),1345,170.214 (44%),1234,109.0,44,
1943,4,Carlton,15,9,0,6,1,5-0-2,4-0-4,202.208 (49%),1420,157.194 (45%),1136,125.0,40,
1943,5,Hawthorn,15,9,0,6,1,5-0-2,4-0-4,178.191 (48%),1259,167.210 (44%),1212,103.9,40,
1943,6,Footscray,15,7,0,8,1,4-0-3,3-0-5,163.186 (47%),1164,171.218 (44%),1244,93.6,32,
1943,7,Melbourne,15,7,0,8,1,4-0-4,3-0-4,196.188 (51%),1364,219.223 (50%),1537,88.7,32,
1943,8,South Melbourne,15,6,0,9,1,4-0-4,2-0-5,187.224 (45%),1346,186.156 (54%),1272,105.8,28,
1943,9,North Melbourne,15,5,1,9,1,4-1-2,1-0-7,144.155 (48%),1019,182.231 (44%),1323,77.0,26,
1943,10,Collingwood,15,5,0,10,1,4-0-4,1-0-6,166.221 (43%),1217,196.182 (52%),1358,89.6,24,
1943,11,St Kilda,10,1,1,8,1,1-0-4,0-1-4,102.119 (46%),731,140.149 (48%),989,73.9,10,
1944,1,Richmond,18,13,1,4,,7-1-1,6-0-3,272.254 (52%),1886,204.214 (49%),1438,131.2,54,
1944,2,Fitzroy,18,13,1,4,,8-1-0,5-0-4,238.250 (49%),1678,172.248 (41%),1280,131.1,54,
1944,3,Essendon,18,12,2,4,,7-0-2,5-2-2,267.285 (48%),1887,194.244 (44%),1408,134.0,52,
1944,4,Footscray,18,12,1,5,,8-0-1,4-1-4,212.257 (45%),1529,202.218 (48%),1430,106.9,50,
1944,5,Carlton,18,12,0,6,,7-0-2,5-0-4,230.276 (45%),1656,178.191 (48%),1259,131.5,48,
1944,6,North Melbourne,18,10,0,8,,6-0-3,4-0-5,227.257 (47%),1619,235.204 (54%),1614,100.3,40,
1944,7,South Melbourne,18,9,0,9,,5-0-4,4-0-5,184.254 (42%),1358,195.232 (46%),1402,96.9,36,
1944,8,Melbourne,18,7,0,11,,3-0-6,4-0-5,216.225 (49%),1521,209.227 (48%),1481,102.7,28,
1944,9,St Kilda,18,6,2,10,,4-1-4,2-1-6,189.224 (46%),1358,207.260 (44%),1502,90.4,28,
1944,10,Collingwood,18,7,0,11,,4-0-5,3-0-6,199.258 (44%),1452,233.231 (50%),1629,89.1,28,
1944,11,Hawthorn,18,2,1,15,,1-1-7,1-0-8,180.188 (49%),1268,266.318 (46%),1914,66.2,10,
1944,12,Geelong,18,1,0,17,,1-0-8,0-0-9,170.190 (47%),1210,289.331 (47%),2065,58.6,4,
1945,1,South Melbourne,20,16,0,4,,9-0-1,7-0-3,258.292 (47%),1840,191.250 (43%),1396,131.8,64,
1945,2,Collingwood,20,15,0,5,,9-0-1,6-0-4,272.270 (50%),1902,204.253 (45%),1477,128.8,60,
1945,3,North Melbourne,20,13,0,7,,7-0-3,6-0-4,239.262 (48%),1696,216.230 (48%),1526,111.1,52,
1945,4,Carlton,20,13,0,7,,6-0-4,7-0-3,243.260 (48%),1718,224.263 (46%),1607,106.9,52,
1945,5,Footscray,20,12,0,8,,6-0-4,6-0-4,244.253 (49%),1717,224.232 (49%),1576,108.9,48,
1945,6,Fitzroy,20,11,1,8,,4-1-5,7-0-3,234.326 (42%),1730,205.222 (48%),1452,119.1,46,
1945,7,Richmond,20,11,0,9,,5-0-5,6-0-4,254.278 (48%),1802,249.248 (50%),1742,103.4,44,
1945,8,Essendon,20,10,1,9,,7-0-3,3-1-6,252.325 (44%),1837,227.252 (47%),1614,113.8,42,
1945,9,Melbourne,20,8,0,12,,4-0-6,4-0-6,236.267 (47%),1683,238.271 (47%),1699,99.1,32,
1945,10,Hawthorn,20,6,0,14,,5-0-5,1-0-9,240.225 (52%),1665,280.264 (51%),1944,85.6,24,
1945,11,Geelong,20,2,0,18,,2-0-8,0-0-10,200.215 (48%),1415,302.368 (45%),2180,64.9,8,
1945,12,St Kilda,20,2,0,18,,2-0-8,0-0-10,179.231 (44%),1305,291.351 (45%),2097,62.2,8,
1946,1,Essendon,19,15,0,4,,10-0-0,5-0-4,280.300 (48%),1980,198.219 (47%),1407,140.7,60,
1946,2,Collingwood,19,13,0,6,,8-0-1,5-0-5,258.301 (46%),1849,208.229 (48%),1477,125.2,52,
1946,3,Footscray,19,13,0,6,,8-0-2,5-0-4,276.261 (51%),1917,230.248 (48%),1628,117.8,52,
1946,4,Melbourne,19,13,0,6,,8-0-2,5-0-4,242.248 (49%),1700,234.218 (52%),1622,104.8,52,
1946,5,Richmond,19,11,0,8,,5-0-4,6-0-4,275.271 (50%),1921,234.255 (48%),1659,115.8,44,
1946,6,Carlton,19,11,0,8,,8-0-2,3-0-6,243.266 (48%),1724,239.254 (48%),1688,102.1,44,
1946,7,South Melbourne,19,10,0,9,,6-0-4,4-0-5,226.271 (45%),1627,213.250 (46%),1528,106.5,40,
1946,8,Fitzroy,19,9,0,10,,5-0-4,4-0-6,222.257 (46%),1589,185.229 (45%),1339,118.7,36,
1946,9,North Melbourne,19,8,0,11,,5-0-4,3-0-7,219.222 (50%),1536,237.263 (47%),1685,91.2,32,
1946,10,Geelong,19,4,0,15,,4-0-5,0-0-10,212.233 (48%),1505,304.300 (50%),2124,70.9,16,
1946,11,St Kilda,19,4,0,15,,2-0-7,2-0-8,186.216 (46%),1332,268.294 (48%),1902,70.0,16,
1946,12,Hawthorn,19,3,0,16,,3-0-7,0-0-9,208.239 (47%),1487,297.326 (48%),2108,70.5,12,
1947,1,Carlton,19,15,0,4,,8-0-1,7-0-3,261.267 (49%),1833,188.240 (44%),1368,134.0,60,
1947,2,Essendon,19,14,0,5,,7-0-2,7-0-3,263.298 (47%),1876,214.244 (47%),1528,122.8,56,
1947,3,Fitzroy,19,13,0,6,,8-0-2,5-0-4,244.272 (47%),1736,190.230 (45%),1370,126.7,52,
1947,4,Richmond,19,12,0,7,,7-0-3,5-0-4,243.268 (48%),1726,222.250 (47%),1582,109.1,48,
1947,5,Collingwood,19,11,1,7,,7-0-3,4-1-4,239.304 (44%),1738,219.232 (49%),1546,112.4,46,
1947,6,Melbourne,19,11,0,8,,5-0-4,6-0-4,250.242 (51%),1742,208.240 (46%),1488,117.1,44,
1947,7,Geelong,19,11,0,8,,7-0-3,4-0-5,253.243 (51%),1761,235.295 (44%),1705,103.3,44,
1947,8,South Melbourne,19,8,1,10,,3-1-5,5-0-5,225.252 (47%),1602,228.284 (45%),1652,97.0,34,
1947,9,Footscray,19,8,1,10,,5-1-3,3-0-7,231.260 (47%),1646,250.213 (54%),1713,96.1,34,
1947,10,North Melbourne,19,4,0,15,,2-0-8,2-0-7,191.244 (44%),1390,250.289 (46%),1789,77.7,16,
1947,11,Hawthorn,19,4,0,15,,3-0-6,1-0-9,206.220 (48%),1456,269.293 (48%),1907,76.4,16,
1947,12,St Kilda,19,1,1,17,,0-0-10,1-1-7,164.237 (41%),1221,297.297 (50%),2079,58.7,6,
1948,1,Essendon,19,16,1,2,,8-1-1,8-0-1,262.266 (50%),1838,191.194 (50%),1340,137.2,66,
1948,2,Melbourne,19,13,0,6,,7-0-3,6-0-3,242.230 (51%),1682,187.225 (45%),1347,124.9,52,
1948,3,Collingwood,19,13,0,6,,8-0-1,5-0-5,247.293 (46%),1775,214.216 (50%),1500,118.3,52,
1948,4,Footscray,19,12,0,7,,7-0-3,5-0-4,207.257 (45%),1499,206.217 (49%),1453,103.2,48,
1948,5,Richmond,19,11,1,7,,7-0-2,4-1-5,275.245 (53%),1895,208.261 (44%),1509,125.6,46,
1948,6,Carlton,19,10,0,9,,5-0-5,5-0-4,249.275 (48%),1769,222.232 (49%),1564,113.1,40,
1948,7,Fitzroy,19,9,0,10,,6-0-3,3-0-7,213.251 (46%),1529,191.209 (48%),1355,112.8,36,
1948,8,North Melbourne,19,8,0,11,,5-0-4,3-0-7,185.218 (46%),1328,217.287 (43%),1589,83.6,32,
1948,9,Geelong,19,7,0,12,,5-0-4,2-0-8,219.244 (47%),1558,249.243 (51%),1737,89.7,28,
1948,10,South Melbourne,19,7,0,12,,3-0-7,4-0-5,212.240 (47%),1512,262.254 (51%),1826,82.8,28,
1948,11,Hawthorn,19,5,0,14,,3-0-7,2-0-7,180.200 (47%),1280,237.268 (47%),1690,75.7,20,
1948,12,St Kilda,19,2,0,17,,1-0-8,1-0-9,156.188 (45%),1124,263.301 (47%),1879,59.8,8,
1949,1,North Melbourne,19,14,0,5,,9-0-1,5-0-4,204.247 (45%),1471,167.233 (42%),1235,119.1,56,
1949,2,Carlton,19,13,0,6,,7-0-2,6-0-4,232.287 (45%),1679,185.218 (46%),1328,126.4,52,
1949,3,Collingwood,19,13,0,6,,8-0-2,5-0-4,222.284 (44%),1616,183.210 (47%),1308,123.5,52,
1949,4,Essendon,19,13,0,6,,6-0-3,7-0-3,232.257 (47%),1649,187.244 (43%),1366,120.7,52,
1949,5,Melbourne,19,12,0,7,,6-0-3,6-0-4,212.244 (46%),1516,187.219 (46%),1341,113.0,48,
1949,6,Richmond,19,10,0,9,,6-0-4,4-0-5,246.257 (49%),1733,207.243 (46%),1485,116.7,40,
1949,7,Fitzroy,19,10,0,9,,5-0-5,5-0-4,208.240 (46%),1488,209.267 (44%),1521,97.8,40,
1949,8,Geelong,19,9,0,10,,7-0-3,2-0-7,246.246 (50%),1722,218.232 (48%),1540,111.8,36,
1949,9,Footscray,19,7,0,12,,6-0-3,1-0-9,163.233 (41%),1211,199.250 (44%),1444,83.9,28,
1949,10,South Melbourne,19,6,0,13,,5-0-4,1-0-9,185.233 (44%),1343,235.259 (48%),1669,80.5,24,
1949,11,St Kilda,19,4,0,15,,4-0-6,0-0-9,174.228 (43%),1272,245.260 (49%),1730,73.5,16,
1949,12,Hawthorn,19,3,0,16,,2-0-7,1-0-9,161.187 (46%),1153,263.308 (46%),1886,61.1,12,
1950,1,Essendon,18,17,0,1,,9-0-0,8-0-1,286.226 (56%),1942,167.195 (46%),1197,162.2,68,
1950,2,North Melbourne,18,13,0,5,,8-0-1,5-0-4,224.251 (47%),1595,183.195 (48%),1293,123.4,52,
1950,3,Melbourne,18,12,0,6,,6-0-3,6-0-3,209.231 (48%),1485,165.215 (43%),1205,123.2,48,
1950,4,Geelong,18,10,0,8,,5-0-4,5-0-4,213.284 (43%),1562,176.200 (47%),1256,124.4,40,
1950,5,Fitzroy,18,10,0,8,,6-0-3,4-0-5,206.216 (49%),1452,177.252 (41%),1314,110.5,40,
1950,6,Richmond,18,10,0,8,,7-0-2,3-0-6,214.222 (49%),1506,208.228 (48%),1476,102.0,40,
1950,7,Collingwood,18,9,0,9,,5-0-4,4-0-5,220.266 (45%),1586,201.231 (47%),1437,110.4,36,
1950,8,Carlton,18,8,1,9,,4-1-4,4-0-5,221.202 (52%),1528,229.263 (47%),1637,93.3,34,
1950,9,St Kilda,18,8,1,9,,5-0-4,3-1-5,186.225 (45%),1341,222.221 (50%),1553,86.3,34,
1950,10,Footscray,18,5,0,13,,3-0-6,2-0-7,207.233 (47%),1475,228.240 (49%),1608,91.7,20,
1950,11,South Melbourne,18,5,0,13,,3-0-6,2-0-7,205.208 (50%),1438,277.242 (53%),1904,75.5,20,
1950,12,Hawthorn,18,,0,18,,0-0-9,0-0-9,136.206 (40%),1022,294.288 (51%),2052,49.8,0,
1951,1,Geelong,18,14,0,4,,8-0-1,6-0-3,210.225 (48%),1485,154.173 (47%),1097,135.4,56,
1951,2,Collingwood,18,14,0,4,,7-0-2,7-0-2,209.245 (46%),1499,167.191 (47%),1193,125.6,56,
1951,3,Essendon,18,13,0,5,,8-0-1,5-0-4,220.210 (51%),1530,176.206 (46%),1262,121.2,52,
1951,4,Footscray,18,12,0,6,,6-0-3,6-0-3,182.224 (45%),1316,158.217 (42%),1165,113.0,48,
1951,5,Fitzroy,18,10,2,6,,5-2-2,5-0-4,194.209 (48%),1373,181.219 (45%),1305,105.2,44,
1951,6,Richmond,18,10,0,8,,5-0-4,5-0-4,222.219 (50%),1551,183.229 (44%),1327,116.9,40,
1951,7,Carlton,18,8,1,9,,4-0-5,4-1-4,184.237 (44%),1341,176.197 (47%),1253,107.0,34,
1951,8,South Melbourne,18,8,1,9,,5-0-4,3-1-5,196.223 (47%),1399,216.209 (51%),1505,93.0,34,
1951,9,North Melbourne,18,7,0,11,,4-0-5,3-0-6,172.192 (47%),1224,195.263 (43%),1433,85.4,28,
1951,10,St Kilda,18,5,0,13,,3-0-6,2-0-7,185.201 (48%),1311,223.257 (46%),1595,82.2,20,
1951,11,Hawthorn,18,4,0,14,,3-0-6,1-0-8,153.218 (41%),1136,215.225 (49%),1515,75.0,16,
1951,12,Melbourne,18,1,0,17,,1-0-8,0-0-9,170.210 (45%),1230,253.227 (53%),1745,70.5,4,
1952,1,Geelong,19,16,1,2,,9-0-1,7-1-1,223.256 (47%),1594,163.205 (44%),1183,134.7,66,
1952,2,Collingwood,19,14,0,5,,8-0-1,6-0-4,208.280 (43%),1528,145.188 (44%),1058,144.4,56,
1952,3,Fitzroy,19,13,0,6,,8-0-2,5-0-4,167.231 (42%),1233,158.222 (42%),1170,105.4,52,
1952,4,Carlton,19,11,2,6,,6-1-3,5-1-3,198.285 (41%),1473,179.236 (43%),1310,112.4,48,
1952,5,South Melbourne,19,11,1,7,,6-1-3,5-0-4,194.247 (44%),1411,184.233 (44%),1337,105.5,46,
1952,6,Melbourne,19,9,1,9,,4-0-5,5-1-4,197.238 (45%),1420,190.239 (44%),1379,103.0,38,
1952,7,North Melbourne,19,9,0,10,,5-0-4,4-0-6,192.200 (49%),1352,196.220 (47%),1396,96.8,36,
1952,8,Essendon,19,8,1,10,,3-1-5,5-0-5,228.211 (52%),1579,191.244 (44%),1390,113.6,34,
1952,9,Richmond,19,8,0,11,,5-0-5,3-0-6,182.189 (49%),1281,191.238 (45%),1384,92.6,32,
1952,10,Footscray,19,5,0,14,,3-0-7,2-0-7,142.200 (42%),1052,191.218 (47%),1364,77.1,20,
1952,11,Hawthorn,19,5,0,14,,1-0-8,4-0-6,142.178 (44%),1030,209.226 (48%),1480,69.6,20,
1952,12,St Kilda,19,2,0,17,,1-0-8,1-0-9,145.201 (42%),1071,221.247 (47%),1573,68.1,8,
1953,1,Geelong,18,15,0,3,,8-0-1,7-0-2,220.226 (49%),1546,147.197 (43%),1079,143.3,60,
1953,2,Collingwood,18,14,0,4,,7-0-2,7-0-2,208.270 (44%),1518,174.185 (48%),1229,123.5,56,
1953,3,Footscray,18,13,0,5,,6-0-3,7-0-2,181.223 (45%),1309,131.173 (43%),959,136.5,52,
1953,4,Essendon,18,13,0,5,,7-0-2,6-0-3,217.227 (49%),1529,162.205 (44%),1177,129.9,52,
1953,5,Carlton,18,10,0,8,,6-0-3,4-0-5,191.263 (42%),1409,183.212 (46%),1310,107.6,40,
1953,6,Fitzroy,18,10,0,8,,5-0-4,5-0-4,168.200 (46%),1208,198.233 (46%),1421,85.0,40,
1953,7,North Melbourne,18,9,0,9,,5-0-4,4-0-5,198.200 (50%),1388,175.237 (42%),1287,107.8,36,
1953,8,South Melbourne,18,9,0,9,,5-0-4,4-0-5,192.233 (45%),1385,183.225 (45%),1323,104.7,36,
1953,9,St Kilda,18,5,0,13,,4-0-5,1-0-8,144.201 (42%),1065,216.265 (45%),1561,68.2,20,
1953,10,Richmond,18,3,1,14,,3-0-6,0-1-8,170.200 (46%),1220,213.223 (49%),1501,81.3,14,
1953,11,Melbourne,18,3,1,14,,1-1-7,2-0-7,157.195 (45%),1137,200.220 (48%),1420,80.1,14,
1953,12,Hawthorn,18,3,0,15,,1-0-8,2-0-7,135.164 (45%),974,199.227 (47%),1421,68.5,12,
1954,1,Geelong,18,13,0,5,,7-0-2,6-0-3,233.232 (50%),1630,167.223 (43%),1225,133.1,52,
1954,2,Footscray,18,11,1,6,,6-0-3,5-1-3,201.217 (48%),1423,149.201 (43%),1095,130.0,46,
1954,3,North Melbourne,18,11,1,6,,6-1-2,5-0-4,184.251 (42%),1355,194.197 (50%),1361,99.6,46,
1954,4,Melbourne,18,11,0,7,,7-0-2,4-0-5,212.232 (48%),1504,178.171 (51%),1239,121.4,44,
1954,5,Richmond,18,10,0,8,,7-0-2,3-0-6,210.243 (46%),1503,184.206 (47%),1310,114.7,40,
1954,6,Essendon,18,10,0,8,,5-0-4,5-0-4,206.235 (47%),1471,187.242 (44%),1364,107.8,40,
1954,7,Collingwood,18,10,0,8,,6-0-3,4-0-5,180.232 (44%),1312,181.215 (46%),1301,100.8,40,
1954,8,Carlton,18,8,0,10,,5-0-4,3-0-6,193.224 (46%),1382,193.233 (45%),1391,99.4,32,
1954,9,Hawthorn,18,8,0,10,,5-0-4,3-0-6,167.175 (49%),1177,185.227 (45%),1337,88.0,32,
1954,10,South Melbourne,18,6,0,12,,2-0-7,4-0-5,165.219 (43%),1209,205.252 (45%),1482,81.6,24,
1954,11,Fitzroy,18,4,1,13,,4-1-4,0-0-9,162.202 (45%),1174,229.230 (50%),1604,73.2,18,
1954,12,St Kilda,18,4,1,13,,2-0-7,2-1-6,158.201 (44%),1149,219.266 (45%),1580,72.7,18,
1955,1,Melbourne,18,15,0,3,,9-0-0,6-0-3,214.275 (44%),1559,142.184 (44%),1036,150.5,60,
1955,2,Collingwood,18,14,0,4,,8-0-1,6-0-3,217.224 (49%),1526,163.219 (43%),1197,127.5,56,
1955,3,Geelong,18,14,0,4,,9-0-0,5-0-4,216.228 (49%),1524,174.197 (47%),1241,122.8,56,
1955,4,Essendon,18,12,0,6,,7-0-2,5-0-4,193.277 (41%),1435,146.223 (40%),1099,130.6,48,
1955,5,Footscray,18,12,0,6,,7-0-2,5-0-4,183.225 (45%),1323,135.208 (39%),1018,130.0,48,
1955,6,Richmond,18,9,0,9,,6-0-3,3-0-6,201.265 (43%),1471,196.211 (48%),1387,106.1,36,
1955,7,Carlton,18,9,0,9,,5-0-4,4-0-5,198.196 (50%),1384,194.239 (45%),1403,98.6,36,
1955,8,Hawthorn,18,8,0,10,,6-0-3,2-0-7,181.176 (51%),1262,190.202 (48%),1342,94.0,32,
1955,9,Fitzroy,18,6,0,12,,3-0-6,3-0-6,175.208 (46%),1258,200.221 (48%),1421,88.5,24,
1955,10,South Melbourne,18,5,0,13,,3-0-6,2-0-7,177.214 (45%),1276,205.224 (48%),1454,87.8,20,
1955,11,North Melbourne,18,3,0,15,,2-0-7,1-0-8,173.195 (47%),1233,231.231 (50%),1617,76.3,12,
1955,12,St Kilda,18,1,0,17,,1-0-8,0-0-9,115.171 (40%),861,267.295 (48%),1897,45.4,4,
1956,1,Melbourne,18,16,0,2,,8-0-1,8-0-1,195.259 (43%),1429,136.163 (45%),979,146.0,64,
1956,2,Collingwood,18,13,0,5,,7-0-2,6-0-3,198.232 (46%),1420,157.186 (46%),1128,125.9,52,
1956,3,Geelong,18,13,0,5,,8-0-1,5-0-4,202.215 (48%),1427,164.187 (47%),1171,121.9,52,
1956,4,Footscray,18,11,0,7,,5-0-4,6-0-3,183.225 (45%),1323,163.181 (47%),1159,114.2,44,
1956,5,Carlton,18,10,1,7,,4-1-4,6-0-3,179.230 (44%),1304,154.223 (41%),1147,113.7,42,
1956,6,Essendon,18,10,0,8,,8-0-1,2-0-7,176.252 (41%),1308,185.255 (42%),1365,95.8,40,
1956,7,Hawthorn,18,7,1,10,,3-1-5,4-0-5,163.215 (43%),1193,185.232 (44%),1342,88.9,30,
1956,8,Fitzroy,18,7,0,11,,4-0-5,3-0-6,164.206 (44%),1190,184.228 (45%),1332,89.3,28,
1956,9,South Melbourne,18,6,1,11,,5-0-4,1-1-7,169.196 (46%),1210,191.228 (46%),1374,88.1,26,
1956,10,Richmond,18,6,0,12,,3-0-6,3-0-6,183.179 (51%),1277,203.253 (45%),1471,86.8,24,
1956,11,St Kilda,18,4,1,13,,2-0-7,2-1-6,165.180 (48%),1170,191.184 (51%),1330,88.0,18,
1956,12,North Melbourne,18,3,0,15,,3-0-6,0-0-9,144.174 (45%),1038,208.243 (46%),1491,69.6,12,
1957,1,Melbourne,18,12,1,5,,8-0-1,4-1-4,218.259 (46%),1567,154.205 (43%),1129,138.8,50,
1957,2,Essendon,18,11,0,7,,6-0-3,5-0-4,196.271 (42%),1447,170.203 (46%),1223,118.3,44,
1957,3,Hawthorn,18,11,0,7,,7-0-2,4-0-5,180.241 (43%),1321,156.196 (44%),1132,116.7,44,
1957,4,Carlton,18,11,0,7,,7-0-2,4-0-5,188.213 (47%),1341,185.238 (44%),1348,99.5,44,
1957,5,Collingwood,18,9,1,8,,6-1-2,3-0-6,193.232 (45%),1390,190.226 (46%),1366,101.8,38,
1957,6,Footscray,18,9,1,8,,7-0-2,2-1-6,175.213 (45%),1263,175.225 (44%),1275,99.1,38,
1957,7,Richmond,18,9,0,9,,7-0-2,2-0-7,215.216 (50%),1506,220.284 (44%),1604,93.9,36,
1957,8,North Melbourne,18,8,0,10,,4-0-5,4-0-5,195.234 (45%),1404,210.217 (49%),1477,95.1,32,
1957,9,St Kilda,18,8,0,10,,6-0-3,2-0-7,182.226 (45%),1318,193.236 (45%),1394,94.5,32,
1957,10,South Melbourne,18,7,0,11,,4-0-5,3-0-6,185.239 (44%),1349,211.253 (45%),1519,88.8,28,
1957,11,Fitzroy,18,6,0,12,,5-0-4,1-0-8,187.233 (45%),1355,226.255 (47%),1611,84.1,24,
1957,12,Geelong,18,5,1,12,,3-1-5,2-0-7,195.198 (50%),1368,219.237 (48%),1551,88.2,22,
1958,1,Melbourne,18,15,0,3,,9-0-0,6-0-3,227.246 (48%),1608,182.208 (47%),1300,123.7,60,
1958,2,Collingwood,18,12,0,6,,7-0-2,5-0-4,214.244 (47%),1528,172.203 (46%),1235,123.7,48,
1958,3,Fitzroy,18,12,0,6,,9-0-0,3-0-6,214.267 (44%),1551,177.221 (44%),1283,120.9,48,
1958,4,North Melbourne,18,11,0,7,,6-0-3,5-0-4,170.208 (45%),1228,181.238 (43%),1324,92.7,44,
1958,5,Essendon,18,10,0,8,,7-0-2,3-0-6,210.259 (45%),1519,193.207 (48%),1365,111.3,40,
1958,6,Hawthorn,18,9,0,9,,7-0-2,2-0-7,198.231 (46%),1419,182.206 (47%),1298,109.3,36,
1958,7,Carlton,18,8,0,10,,5-0-4,3-0-6,153.240 (39%),1158,173.222 (44%),1260,91.9,32,
1958,8,St Kilda,18,7,0,11,,6-0-3,1-0-8,184.236 (44%),1340,201.248 (45%),1454,92.2,28,
1958,9,South Melbourne,18,7,0,11,,4-0-5,3-0-6,202.238 (46%),1450,226.278 (45%),1634,88.7,28,
1958,10,Richmond,18,7,0,11,,5-0-4,2-0-7,202.213 (49%),1425,226.255 (47%),1611,88.5,28,
1958,11,Footscray,18,6,0,12,,4-0-5,2-0-7,198.213 (48%),1401,198.252 (44%),1440,97.3,24,
1958,12,Geelong,18,4,0,14,,3-0-6,1-0-8,163.214 (43%),1192,224.271 (45%),1615,73.8,16,
1959,1,Melbourne,18,13,1,4,,8-1-0,5-0-4,248.243 (51%),1731,172.181 (49%),1213,142.7,54,
1959,2,Carlton,18,13,0,5,,7-0-2,6-0-3,213.256 (45%),1534,199.210 (49%),1404,109.3,52,
1959,3,Collingwood,18,12,0,6,,7-0-2,5-0-4,202.265 (43%),1477,169.201 (46%),1215,121.6,48,
1959,4,Essendon,18,11,0,7,,7-0-2,4-0-5,224.254 (47%),1598,199.228 (47%),1422,112.4,44,
1959,5,Fitzroy,18,10,1,7,,8-0-1,2-1-6,211.267 (44%),1533,188.223 (46%),1351,113.5,42,
1959,6,North Melbourne,18,10,0,8,,6-0-3,4-0-5,188.203 (48%),1331,204.266 (43%),1490,89.3,40,
1959,7,Hawthorn,18,9,0,9,,6-0-3,3-0-6,229.218 (51%),1592,192.260 (42%),1412,112.7,36,
1959,8,St Kilda,18,9,0,9,,7-0-2,2-0-7,199.234 (46%),1428,207.273 (43%),1515,94.3,36,
1959,9,South Melbourne,18,8,0,10,,4-0-5,4-0-5,210.255 (45%),1515,205.235 (47%),1465,103.4,32,
1959,10,Geelong,18,5,0,13,,4-0-5,1-0-8,182.228 (44%),1320,237.259 (48%),1681,78.5,20,
1959,11,Richmond,18,4,0,14,,3-0-6,1-0-8,183.211 (46%),1309,250.271 (48%),1771,73.9,16,
1959,12,Footscray,18,3,0,15,,2-0-7,1-0-8,161.212 (43%),1178,228.239 (49%),1607,73.3,12,
1960,1,Melbourne,18,14,0,4,,7-0-2,7-0-2,203.237 (46%),1455,133.219 (38%),1017,143.1,56,
1960,2,Fitzroy,18,14,0,4,,7-0-2,7-0-2,188.204 (48%),1332,165.194 (46%),1184,112.5,56,
1960,3,Essendon,18,13,0,5,,7-0-2,6-0-3,214.222 (49%),1506,167.202 (45%),1204,125.1,52,
1960,4,Collingwood,18,11,0,7,,7-0-2,4-0-5,181.228 (44%),1314,159.196 (45%),1150,114.3,44,
1960,5,Hawthorn,18,11,0,7,,4-0-5,7-0-2,171.225 (43%),1251,162.220 (42%),1192,104.9,44,
1960,6,St Kilda,18,9,0,9,,5-0-4,4-0-5,158.211 (43%),1159,155.210 (42%),1140,101.7,36,
1960,7,Carlton,18,8,1,9,,5-1-3,3-0-6,178.232 (43%),1300,183.215 (46%),1313,99.0,34,
1960,8,South Melbourne,18,7,0,11,,5-0-4,2-0-7,185.194 (49%),1304,202.201 (50%),1413,92.3,28,
1960,9,Geelong,18,6,1,11,,4-0-5,2-1-6,185.201 (48%),1311,195.203 (49%),1373,95.5,26,
1960,10,Footscray,18,6,0,12,,3-0-6,3-0-6,147.183 (45%),1065,162.206 (44%),1178,90.4,24,
1960,11,North Melbourne,18,5,0,13,,3-0-6,2-0-7,164.199 (45%),1183,207.232 (47%),1474,80.3,20,
1960,12,Richmond,18,2,2,14,,2-1-6,0-1-8,146.210 (41%),1086,230.248 (48%),1628,66.7,12,
1961,1,Hawthorn,18,14,0,4,,7-0-2,7-0-2,208.219 (49%),1467,163.195 (46%),1173,125.1,56,
1961,2,Melbourne,18,12,1,5,,5-1-3,7-0-2,209.256 (45%),1510,159.197 (45%),1151,131.2,50,
1961,3,St Kilda,18,11,0,7,,8-0-1,3-0-6,190.233 (45%),1373,165.183 (47%),1173,117.1,44,
1961,4,Footscray,18,11,0,7,,7-0-2,4-0-5,187.212 (47%),1334,170.196 (46%),1216,109.7,44,
1961,5,Fitzroy,18,10,1,7,,6-0-3,4-1-4,202.257 (44%),1469,175.208 (46%),1258,116.8,42,
1961,6,Geelong,18,10,1,7,,6-0-3,4-1-4,188.239 (44%),1367,190.222 (46%),1362,100.4,42,
1961,7,Essendon,18,9,1,8,,5-1-3,4-0-5,209.208 (50%),1462,178.267 (40%),1335,109.5,38,
1961,8,Carlton,18,9,0,9,,5-0-4,4-0-5,181.193 (48%),1279,183.227 (45%),1325,96.5,36,
1961,9,Collingwood,18,5,1,12,,4-0-5,1-1-7,161.200 (45%),1166,190.235 (45%),1375,84.8,22,
1961,10,Richmond,18,5,0,13,,2-0-7,3-0-6,155.196 (44%),1126,195.258 (43%),1428,78.9,20,
1961,11,South Melbourne,18,5,0,13,,3-0-6,2-0-7,161.221 (42%),1187,235.234 (50%),1644,72.2,20,
1961,12,North Melbourne,18,4,1,13,,4-1-4,0-0-9,154.209 (42%),1133,202.221 (48%),1433,79.1,18,
1962,1,Essendon,18,16,0,2,,9-0-0,7-0-2,223.236 (49%),1574,167.205 (45%),1207,130.4,64,
1962,2,Geelong,18,14,0,4,,6-0-3,8-0-1,244.226 (52%),1690,169.199 (46%),1213,139.3,56,
1962,3,Melbourne,18,14,0,4,,7-0-2,7-0-2,192.222 (46%),1374,150.192 (44%),1092,125.8,56,
1962,4,Carlton,18,13,0,5,,7-0-2,6-0-3,195.191 (51%),1361,169.191 (47%),1205,112.9,52,
1962,5,Footscray,18,11,0,7,,7-0-2,4-0-5,199.196 (50%),1390,181.195 (48%),1281,108.5,44,
1962,6,St Kilda,18,9,0,9,,5-0-4,4-0-5,190.239 (44%),1379,182.175 (51%),1267,108.8,36,
1962,7,Collingwood,18,9,0,9,,6-0-3,3-0-6,194.201 (49%),1365,198.198 (50%),1386,98.5,36,
1962,8,Richmond,18,5,0,13,,3-0-6,2-0-7,182.216 (46%),1308,206.210 (50%),1446,90.5,20,
1962,9,Hawthorn,18,5,0,13,,3-0-6,2-0-7,189.173 (52%),1307,215.220 (49%),1510,86.6,20,
1962,10,Fitzroy,18,5,0,13,,2-0-7,3-0-6,169.208 (45%),1222,215.239 (47%),1529,79.9,20,
1962,11,North Melbourne,18,4,0,14,,2-0-7,2-0-7,160.192 (45%),1152,227.213 (52%),1575,73.1,16,
1962,12,South Melbourne,18,3,0,15,,1-0-8,2-0-7,166.197 (46%),1193,224.260 (46%),1604,74.4,12,
1963,1,Hawthorn,18,13,1,4,,7-0-2,6-1-2,205.255 (45%),1485,157.195 (45%),1137,130.6,54,
1963,2,Geelong,18,13,1,4,,8-1-0,5-0-4,180.274 (40%),1354,142.204 (41%),1056,128.2,54,
1963,3,Melbourne,18,13,0,5,,9-0-0,4-0-5,240.240 (50%),1680,161.170 (49%),1136,147.9,52,
1963,4,St Kilda,18,13,0,5,,7-0-2,6-0-3,210.241 (47%),1501,148.183 (45%),1071,140.1,52,
1963,5,Essendon,18,13,0,5,,7-0-2,6-0-3,206.234 (47%),1470,148.181 (45%),1069,137.5,52,
1963,6,Carlton,18,10,0,8,,5-0-4,5-0-4,177.213 (45%),1275,170.214 (44%),1234,103.3,40,
1963,7,North Melbourne,18,8,0,10,,5-0-4,3-0-6,146.183 (44%),1059,174.200 (47%),1244,85.1,32,
1963,8,Collingwood,18,7,0,11,,4-0-5,3-0-6,195.195 (50%),1365,203.209 (49%),1427,95.7,28,
1963,9,Footscray,18,7,0,11,,4-0-5,3-0-6,156.190 (45%),1126,178.215 (45%),1283,87.8,28,
1963,10,Richmond,18,5,0,13,,1-0-8,4-0-5,184.175 (51%),1279,243.229 (51%),1687,75.8,20,
1963,11,South Melbourne,18,4,0,14,,3-0-6,1-0-8,171.176 (49%),1202,242.270 (47%),1722,69.8,16,
1963,12,Fitzroy,18,1,0,17,,1-0-8,0-0-9,137.164 (46%),986,241.270 (47%),1716,57.5,4,
1964,1,Melbourne,18,14,0,4,,7-0-2,7-0-2,214.248 (46%),1532,153.191 (44%),1109,138.1,56,
1964,2,Collingwood,18,13,1,4,,8-0-1,5-1-3,210.210 (50%),1470,152.192 (44%),1104,133.2,54,
1964,3,Essendon,18,13,1,4,,6-1-2,7-0-2,210.239 (47%),1499,157.209 (43%),1151,130.2,54,
1964,4,Geelong,18,13,1,4,,7-0-2,6-1-2,184.224 (45%),1328,141.196 (42%),1042,127.4,54,
1964,5,Hawthorn,18,13,0,5,,8-0-1,5-0-4,195.212 (48%),1382,153.224 (41%),1142,121.0,52,
1964,6,St Kilda,18,10,0,8,,8-0-1,2-0-7,193.250 (44%),1408,164.205 (44%),1189,118.4,40,
1964,7,Footscray,18,9,0,9,,7-0-2,2-0-7,161.180 (47%),1146,186.185 (50%),1301,88.1,36,
1964,8,North Melbourne,18,8,0,10,,5-0-4,3-0-6,172.199 (46%),1231,200.211 (49%),1411,87.2,32,
1964,9,Richmond,18,6,0,12,,4-0-5,2-0-7,152.231 (40%),1143,186.230 (45%),1346,84.9,24,
1964,10,Carlton,18,5,1,12,,3-1-5,2-0-7,162.218 (43%),1190,185.208 (47%),1318,90.3,22,
1964,11,South Melbourne,18,2,0,16,,1-0-8,1-0-8,156.189 (45%),1125,231.268 (46%),1654,68.0,8,
1964,12,Fitzroy,18,,0,18,,0-0-9,0-0-9,137.197 (41%),1019,238.278 (46%),1706,59.7,0,
1965,1,St Kilda,18,14,0,4,,8-0-1,6-0-3,228.205 (53%),1573,161.188 (46%),1154,136.3,56,
1965,2,Collingwood,18,13,0,5,,8-0-1,5-0-4,212.201 (51%),1473,158.183 (46%),1131,130.2,52,
1965,3,Geelong,18,13,0,5,,7-0-2,6-0-3,184.215 (46%),1319,155.158 (50%),1088,121.2,52,
1965,4,Essendon,18,12,0,6,,6-0-3,6-0-3,204.241 (46%),1465,153.184 (45%),1102,132.9,48,
1965,5,Richmond,18,10,0,8,,6-0-3,4-0-5,222.229 (49%),1561,177.187 (49%),1249,125.0,40,
1965,6,Carlton,18,10,0,8,,5-0-4,5-0-4,181.231 (44%),1317,168.182 (48%),1190,110.7,40,
1965,7,Melbourne,18,10,0,8,,4-0-5,6-0-3,180.185 (49%),1265,185.205 (47%),1315,96.2,40,
1965,8,South Melbourne,18,9,0,9,,7-0-2,2-0-7,195.216 (47%),1386,219.236 (48%),1550,89.4,36,
1965,9,North Melbourne,18,5,0,13,,3-0-6,2-0-7,156.207 (43%),1143,203.197 (51%),1415,80.8,20,
1965,10,Footscray,18,4,0,14,,2-0-7,2-0-7,137.188 (42%),1010,184.206 (47%),1310,77.1,16,
1965,11,Fitzroy,18,4,0,14,,2-0-7,2-0-7,158.166 (49%),1114,222.248 (47%),1580,70.5,16,
1965,12,Hawthorn,18,4,0,14,,2-0-7,2-0-7,171.174 (50%),1200,243.284 (46%),1742,68.9,16,
1966,1,Collingwood,18,15,0,3,,8-0-1,7-0-2,236.271 (47%),1687,149.179 (45%),1073,157.2,60,
1966,2,St Kilda,18,14,0,4,,9-0-0,5-0-4,234.237 (50%),1641,159.195 (45%),1149,142.8,56,
1966,3,Geelong,18,14,0,4,,8-0-1,6-0-3,226.243 (48%),1599,164.178 (48%),1162,137.6,56,
1966,4,Essendon,18,14,0,4,,9-0-0,5-0-4,207.215 (49%),1457,173.166 (51%),1204,121.0,56,
1966,5,Richmond,18,13,1,4,,6-1-2,7-0-2,232.234 (50%),1626,183.222 (45%),1320,123.2,54,
1966,6,Carlton,18,10,0,8,,7-0-2,3-0-6,169.219 (44%),1233,160.183 (47%),1143,107.9,40,
1966,7,North Melbourne,18,7,1,10,,4-0-5,3-1-5,178.226 (44%),1294,191.235 (45%),1381,93.7,30,
1966,8,South Melbourne,18,7,0,11,,4-0-5,3-0-6,212.214 (50%),1486,205.275 (43%),1505,98.7,28,
1966,9,Hawthorn,18,5,0,13,,3-0-6,2-0-7,171.198 (46%),1224,235.240 (49%),1650,74.2,20,
1966,10,Footscray,18,4,0,14,,4-0-5,0-0-9,136.188 (42%),1004,201.252 (44%),1458,68.9,16,
1966,11,Melbourne,18,3,0,15,,3-0-6,0-0-9,169.221 (43%),1235,226.224 (50%),1580,78.2,12,
1966,12,Fitzroy,18,1,0,17,,1-0-8,0-0-9,141.158 (47%),1004,265.275 (49%),1865,53.8,4,
1967,1,Richmond,18,15,0,3,,8-0-1,7-0-2,261.303 (46%),1869,184.177 (51%),1281,145.9,60,
1967,2,Carlton,18,14,1,3,,8-0-1,6-1-2,199.231 (46%),1425,157.191 (45%),1133,125.8,58,
1967,3,Geelong,18,13,0,5,,8-0-1,5-0-4,234.221 (51%),1625,187.201 (48%),1323,122.8,52,
1967,4,Collingwood,18,12,0,6,,7-0-2,5-0-4,226.273 (45%),1629,174.188 (48%),1232,132.2,48,
1967,5,St Kilda,18,11,0,7,,6-0-3,5-0-4,232.238 (49%),1630,187.206 (48%),1328,122.7,44,
1967,6,Essendon,18,8,1,9,,5-0-4,3-1-5,198.218 (48%),1406,183.229 (44%),1327,106.0,34,
1967,7,Melbourne,18,8,0,10,,5-0-4,3-0-6,176.202 (47%),1258,197.235 (46%),1417,88.8,32,
1967,8,North Melbourne,18,7,1,10,,4-1-4,3-0-6,169.220 (43%),1234,184.206 (47%),1310,94.2,30,
1967,9,South Melbourne,18,5,1,12,,4-1-4,1-0-8,204.222 (48%),1446,250.263 (49%),1763,82.0,22,
1967,10,Hawthorn,18,5,0,13,,3-0-6,2-0-7,177.179 (50%),1241,245.296 (45%),1766,70.3,20,
1967,11,Fitzroy,18,4,0,14,,2-0-7,2-0-7,167.191 (47%),1193,232.263 (47%),1655,72.1,16,
1967,12,Footscray,18,4,0,14,,3-0-6,1-0-8,147.178 (45%),1060,210.221 (49%),1481,71.6,16,
1968,1,Essendon,20,16,1,3,,9-1-0,7-0-3,262.288 (48%),1860,195.258 (43%),1428,130.3,66,
1968,2,Carlton,20,15,0,5,,8-0-2,7-0-3,249.257 (49%),1751,185.233 (44%),1343,130.4,60,
1968,3,Geelong,20,15,0,5,,9-0-1,6-0-4,215.238 (47%),1528,197.249 (44%),1431,106.8,60,
1968,4,St Kilda,20,14,1,5,,8-0-2,6-1-3,243.260 (48%),1718,175.213 (45%),1263,136.0,58,
1968,5,Richmond,20,14,0,6,,8-0-2,6-0-4,256.353 (42%),1889,217.234 (48%),1536,123.0,56,
1968,6,Hawthorn,20,9,1,10,,4-1-5,5-0-5,279.260 (52%),1934,270.249 (52%),1869,103.5,38,
1968,7,Collingwood,20,9,0,11,,5-0-5,4-0-6,226.267 (46%),1623,247.235 (51%),1717,94.5,36,
1968,8,Melbourne,20,8,0,12,,4-0-6,4-0-6,204.210 (49%),1434,243.251 (49%),1709,83.9,32,
1968,9,South Melbourne,20,6,1,13,,3-0-7,3-1-6,233.241 (49%),1639,274.310 (47%),1954,83.9,26,
1968,10,Footscray,20,5,0,15,,3-0-7,2-0-8,198.225 (47%),1413,241.264 (48%),1710,82.6,20,
1968,11,Fitzroy,20,4,0,16,,3-0-7,1-0-9,232.251 (48%),1643,291.289 (50%),2035,80.7,16,
1968,12,North Melbourne,20,3,0,17,,1-0-9,2-0-8,176.210 (46%),1266,238.275 (46%),1703,74.3,12,
1969,1,Collingwood,20,15,0,5,,8-0-2,7-0-3,299.335 (47%),2129,234.247 (49%),1651,129.0,60,
1969,2,Carlton,20,15,0,5,,7-0-3,8-0-2,329.286 (53%),2260,271.249 (52%),1875,120.5,60,
1969,3,Geelong,20,13,1,6,,7-0-3,6-1-3,304.268 (53%),2092,246.269 (48%),1745,119.9,54,
1969,4,Richmond,20,13,0,7,,7-0-3,6-0-4,293.302 (49%),2060,232.261 (47%),1653,124.6,52,
1969,5,Hawthorn,20,13,0,7,,8-0-2,5-0-5,298.237 (56%),2025,287.328 (47%),2050,98.8,52,
1969,6,Essendon,20,10,1,9,,6-1-3,4-0-6,272.309 (47%),1941,272.261 (51%),1893,102.5,42,
1969,7,St Kilda,20,9,0,11,,6-0-4,3-0-7,257.261 (50%),1803,250.247 (50%),1747,103.2,36,
1969,8,North Melbourne,20,8,0,12,,5-0-5,3-0-7,265.269 (50%),1859,304.301 (50%),2125,87.5,32,
1969,9,South Melbourne,20,7,0,13,,4-0-6,3-0-7,257.261 (50%),1803,314.302 (51%),2186,82.5,28,
1969,10,Fitzroy,20,7,0,13,,4-0-6,3-0-7,251.239 (51%),1745,306.282 (52%),2118,82.4,28,
1969,11,Footscray,20,6,0,14,,5-0-5,1-0-9,249.284 (47%),1778,304.255 (54%),2079,85.5,24,
1969,12,Melbourne,20,3,0,17,,2-0-8,1-0-9,262.266 (50%),1838,316.315 (50%),2211,83.1,12,
1970,1,Collingwood,22,18,0,4,,11-0-0,7-0-4,326.377 (46%),2333,241.263 (48%),1709,136.5,72,
1970,2,Carlton,22,16,0,6,,9-0-2,7-0-4,308.298 (51%),2146,273.273 (50%),1911,112.3,64,
1970,3,St Kilda,22,14,0,8,,9-0-2,5-0-6,267.324 (45%),1926,211.266 (44%),1532,125.7,56,
1970,4,South Melbourne,22,14,0,8,,8-0-3,6-0-5,273.276 (50%),1914,260.268 (49%),1828,104.7,56,
1970,5,Geelong,22,12,0,10,,8-0-3,4-0-7,284.245 (54%),1949,266.307 (46%),1903,102.4,48,
1970,6,Richmond,22,12,0,10,,7-0-4,5-0-6,289.295 (49%),2029,289.264 (52%),1998,101.6,48,
1970,7,Footscray,22,11,0,11,,8-0-3,3-0-8,240.288 (45%),1728,272.262 (51%),1894,91.2,44,
1970,8,Hawthorn,22,10,0,12,,6-0-5,4-0-7,334.260 (56%),2264,284.282 (50%),1986,114.0,40,
1970,9,Fitzroy,22,9,0,13,,5-0-6,4-0-7,247.292 (46%),1774,310.295 (51%),2155,82.3,36,
1970,10,Melbourne,22,6,0,16,,4-0-7,2-0-9,238.277 (46%),1705,287.321 (47%),2043,83.5,24,
1970,11,Essendon,22,6,0,16,,2-0-9,4-0-7,242.282 (46%),1734,303.310 (49%),2128,81.5,24,
1970,12,North Melbourne,22,4,0,18,,2-0-9,2-0-9,221.248 (47%),1574,273.351 (44%),1989,79.1,16,
1971,1,Hawthorn,22,19,0,3,,10-0-1,9-0-2,355.330 (52%),2460,227.239 (49%),1601,153.7,76,
1971,2,St Kilda,22,16,0,6,,9-0-2,7-0-4,310.316 (50%),2176,221.228 (49%),1554,140.0,64,
1971,3,Richmond,22,16,0,6,,8-0-3,8-0-3,335.308 (52%),2318,269.276 (49%),1890,122.6,64,
1971,4,Collingwood,22,14,1,7,,9-0-2,5-1-5,340.291 (54%),2331,265.250 (51%),1840,126.7,58,
1971,5,Carlton,22,14,0,8,,9-0-2,5-0-6,302.291 (51%),2103,288.286 (50%),2014,104.4,56,
1971,6,Fitzroy,22,12,0,10,,6-0-5,6-0-5,285.337 (46%),2047,275.265 (51%),1915,106.9,48,
1971,7,Melbourne,22,11,1,10,,6-0-5,5-1-5,277.300 (48%),1962,256.255 (50%),1791,109.5,46,
1971,8,Footscray,22,11,0,11,,7-0-4,4-0-7,281.280 (50%),1966,317.315 (50%),2217,88.7,44,
1971,9,North Melbourne,22,5,1,16,,5-1-5,0-0-11,240.265 (48%),1705,367.349 (51%),2551,66.8,22,
1971,10,Geelong,22,5,0,17,,4-0-7,1-0-10,306.236 (56%),2072,361.357 (50%),2523,82.1,20,
1971,11,Essendon,22,4,1,17,,2-1-8,2-0-9,239.271 (47%),1705,322.320 (50%),2252,75.7,18,
1971,12,South Melbourne,22,3,0,19,,1-0-10,2-0-9,227.256 (47%),1618,329.341 (49%),2315,69.9,12,
1972,1,Carlton,22,18,1,3,,10-0-1,8-1-2,327.275 (54%),2237,228.298 (43%),1666,134.3,74,
1972,2,Richmond,22,18,0,4,,9-0-2,9-0-2,358.321 (53%),2469,293.340 (46%),2098,117.7,72,
1972,3,Collingwood,22,14,1,7,,7-1-3,7-0-4,343.280 (55%),2338,246.271 (48%),1747,133.8,58,
1972,4,St Kilda,22,14,0,8,,8-0-3,6-0-5,283.291 (49%),1989,241.275 (47%),1721,115.6,56,
1972,5,Essendon,22,14,0,8,,8-0-3,6-0-5,333.319 (51%),2317,307.298 (51%),2140,108.3,56,
1972,6,Hawthorn,22,13,0,9,,8-0-3,5-0-6,324.333 (49%),2277,295.280 (51%),2050,111.1,52,
1972,7,Footscray,22,11,0,11,,5-0-6,6-0-5,273.292 (48%),1930,289.304 (49%),2038,94.7,44,
1972,8,Melbourne,22,10,0,12,,6-0-5,4-0-7,290.303 (49%),2043,276.273 (50%),1929,105.9,40,
1972,9,Fitzroy,22,9,0,13,,6-0-5,3-0-8,282.305 (48%),1997,296.286 (51%),2062,96.8,36,
1972,10,Geelong,22,7,0,15,,4-0-7,3-0-8,285.284 (50%),1994,344.305 (53%),2369,84.2,28,
1972,11,South Melbourne,22,2,0,20,,2-0-9,0-0-11,206.277 (43%),1513,340.283 (55%),2323,65.1,8,
1972,12,North Melbourne,22,1,0,21,,1-0-10,0-0-11,226.272 (45%),1628,375.339 (53%),2589,62.9,4,
1973,1,Collingwood,22,19,0,3,,9-0-2,10-0-1,339.322 (51%),2356,267.276 (49%),1878,125.5,76,
1973,2,Richmond,22,17,0,5,,7-0-4,10-0-1,330.321 (51%),2301,276.301 (48%),1957,117.6,68,
1973,3,Carlton,22,15,0,7,,11-0-0,4-0-7,337.320 (51%),2342,261.284 (48%),1850,126.6,60,
1973,4,Essendon,22,13,0,9,,8-0-3,5-0-6,354.319 (53%),2443,338.313 (52%),2341,104.4,52,
1973,5,St Kilda,22,12,0,10,,8-0-3,4-0-7,290.284 (51%),2024,274.278 (50%),1922,105.3,48,
1973,6,North Melbourne,22,11,1,10,,7-1-3,4-0-7,276.282 (49%),1938,282.294 (49%),1986,97.6,46,
1973,7,Hawthorn,22,11,0,11,,7-0-4,4-0-7,314.310 (50%),2194,286.286 (50%),2002,109.6,44,
1973,8,Fitzroy,22,9,0,13,,7-0-4,2-0-9,282.298 (49%),1990,312.322 (49%),2194,90.7,36,
1973,9,Footscray,22,7,1,14,,3-0-8,4-1-6,264.276 (49%),1860,301.303 (50%),2109,88.2,30,
1973,10,Melbourne,22,7,0,15,,4-0-7,3-0-8,271.312 (46%),1938,304.287 (51%),2111,91.8,28,
1973,11,Geelong,22,6,0,16,,6-0-5,0-0-11,275.253 (52%),1903,349.332 (51%),2426,78.4,24,
1973,12,South Melbourne,22,4,0,18,,3-0-8,1-0-10,273.294 (48%),1932,355.315 (53%),2445,79.0,16,
1974,1,Richmond,22,17,0,5,,8-0-3,9-0-2,365.368 (50%),2558,276.323 (46%),1979,129.3,68,
1974,2,North Melbourne,22,16,0,6,,8-0-3,8-0-3,351.292 (55%),2398,244.264 (48%),1728,138.8,64,
1974,3,Hawthorn,22,15,0,7,,8-0-3,7-0-4,304.344 (47%),2168,241.283 (46%),1729,125.4,60,
1974,4,Collingwood,22,15,0,7,,7-0-4,8-0-3,305.301 (50%),2131,293.279 (51%),2037,104.6,60,
1974,5,Footscray,22,13,1,8,,8-0-3,5-1-5,269.285 (49%),1899,241.300 (45%),1746,108.8,54,
1974,6,Geelong,22,11,0,11,,5-0-6,6-0-5,269.244 (52%),1858,284.285 (50%),1989,93.4,44,
1974,7,Carlton,22,10,1,11,,6-1-4,4-0-7,292.301 (49%),2053,280.261 (52%),1941,105.8,42,
1974,8,Essendon,22,10,0,12,,5-0-6,5-0-6,299.316 (49%),2110,311.296 (51%),2162,97.6,40,
1974,9,South Melbourne,22,9,1,12,,4-1-6,5-0-6,274.303 (47%),1947,335.317 (51%),2327,83.7,38,
1974,10,St Kilda,22,7,0,15,,3-0-8,4-0-7,251.284 (47%),1790,285.308 (48%),2018,88.7,28,
1974,11,Fitzroy,22,4,1,17,,4-0-7,0-1-10,250.270 (48%),1770,357.339 (51%),2481,71.3,18,
1974,12,Melbourne,22,3,0,19,,1-0-10,2-0-9,259.286 (48%),1840,341.339 (50%),2385,77.1,12,
1975,1,Hawthorn,22,17,0,5,,9-0-2,8-0-3,338.355 (49%),2383,240.295 (45%),1735,137.3,68,
1975,2,Carlton,22,16,0,6,,9-0-2,7-0-4,341.314 (52%),2360,253.309 (45%),1827,129.2,64,
1975,3,North Melbourne,22,14,0,8,,7-0-4,7-0-4,294.332 (47%),2096,257.279 (48%),1821,115.1,56,
1975,4,Richmond,22,13,0,9,,8-0-3,5-0-6,318.361 (47%),2269,282.307 (48%),1999,113.5,52,
1975,5,Collingwood,22,13,0,9,,9-0-2,4-0-7,280.303 (48%),1983,308.264 (54%),2112,93.9,52,
1975,6,St Kilda,22,11,0,11,,7-0-4,4-0-7,270.362 (43%),1982,274.310 (47%),1954,101.4,44,
1975,7,Footscray,22,11,0,11,,6-0-5,5-0-6,284.264 (52%),1968,294.312 (49%),2076,94.8,44,
1975,8,Essendon,22,10,0,12,,4-0-7,6-0-5,323.284 (53%),2222,355.321 (53%),2451,90.7,40,
1975,9,Fitzroy,22,9,0,13,,4-0-7,5-0-6,295.309 (49%),2079,301.336 (47%),2142,97.1,36,
1975,10,Melbourne,22,9,0,13,,7-0-4,2-0-9,299.298 (50%),2092,317.332 (49%),2234,93.6,36,
1975,11,Geelong,22,7,0,15,,4-0-7,3-0-8,242.283 (46%),1735,311.352 (47%),2218,78.2,28,
1975,12,South Melbourne,22,2,0,20,,1-0-10,1-0-10,250.298 (46%),1798,342.346 (50%),2398,75.0,8,
1976,1,Carlton,22,16,1,5,,9-1-1,7-0-4,324.301 (52%),2245,228.322 (41%),1690,132.8,66,
1976,2,Hawthorn,22,16,0,6,,7-0-4,9-0-2,329.349 (49%),2323,294.271 (52%),2035,114.2,64,
1976,3,North Melbourne,22,15,0,7,,7-0-4,8-0-3,293.283 (51%),2041,250.248 (50%),1748,116.8,60,
1976,4,Geelong,22,12,0,10,,10-0-1,2-0-9,331.265 (56%),2251,311.300 (51%),2166,103.9,48,
1976,5,Footscray,22,11,1,10,,7-0-4,4-1-6,285.248 (53%),1958,283.325 (47%),2023,96.8,46,
1976,6,Melbourne,22,11,0,11,,4-0-7,7-0-4,329.345 (49%),2319,344.269 (56%),2333,99.4,44,
1976,7,Richmond,22,10,0,12,,8-0-3,2-0-9,316.296 (52%),2192,319.310 (51%),2224,98.6,40,
1976,8,South Melbourne,22,9,0,13,,6-0-5,3-0-8,323.285 (53%),2223,339.330 (51%),2364,94.0,36,
1976,9,St Kilda,22,9,0,13,,5-0-6,4-0-7,293.298 (50%),2056,330.302 (52%),2282,90.1,36,
1976,10,Essendon,22,9,0,13,,4-0-7,5-0-6,280.307 (48%),1987,325.303 (52%),2253,88.2,36,
1976,11,Fitzroy,22,7,0,15,,5-0-6,2-0-9,279.331 (46%),2005,307.319 (49%),2161,92.8,28,
1976,12,Collingwood,22,6,0,16,,4-0-7,2-0-9,286.317 (47%),2033,338.326 (51%),2354,86.4,24,
1977,1,Collingwood,22,18,0,4,,9-0-2,9-0-2,363.382 (49%),2560,281.273 (51%),1959,130.7,72,
1977,2,Hawthorn,22,17,0,5,,8-0-3,9-0-2,378.350 (52%),2618,283.261 (52%),1959,133.6,68,
1977,3,North Melbourne,22,15,0,7,,9-0-2,6-0-5,307.282 (52%),2124,252.291 (46%),1803,117.8,60,
1977,4,Richmond,22,14,1,7,,9-0-2,5-1-5,344.306 (53%),2370,299.291 (51%),2085,113.7,58,
1977,5,South Melbourne,22,13,1,8,,6-0-5,7-1-3,310.288 (52%),2148,277.280 (50%),1942,110.6,54,
1977,6,Carlton,22,13,0,9,,9-0-2,4-0-7,298.293 (50%),2081,267.257 (51%),1859,111.9,52,
1977,7,Footscray,22,10,1,11,,6-1-4,4-0-7,309.316 (49%),2170,307.299 (51%),2141,101.4,42,
1977,8,Geelong,22,8,0,14,,4-0-7,4-0-7,273.292 (48%),1930,329.359 (48%),2333,82.7,32,
1977,9,Essendon,22,7,1,14,,5-1-5,2-0-9,298.297 (50%),2085,359.364 (50%),2518,82.8,30,
1977,10,Fitzroy,22,6,0,16,,5-0-6,1-0-10,298.284 (51%),2072,351.368 (49%),2474,83.8,24,
1977,11,Melbourne,22,5,0,17,,3-0-8,2-0-9,296.341 (46%),2117,365.302 (55%),2492,85.0,20,
1977,12,St Kilda,22,3,2,17,,1-1-9,2-1-8,280.286 (49%),1966,384.372 (51%),2676,73.5,16,
1978,1,North Melbourne,22,16,0,6,,8-0-3,8-0-3,353.289 (55%),2407,283.293 (49%),1991,120.9,64,
1978,2,Hawthorn,22,16,0,6,,7-0-4,9-0-2,356.360 (50%),2496,309.266 (54%),2120,117.7,64,
1978,3,Collingwood,22,15,0,7,,7-0-4,8-0-3,334.343 (49%),2347,296.296 (50%),2072,113.3,60,
1978,4,Carlton,22,14,0,8,,8-0-3,6-0-5,336.313 (52%),2329,279.320 (47%),1994,116.8,56,
1978,5,Geelong,22,12,0,10,,6-0-5,6-0-5,308.305 (50%),2153,300.304 (50%),2104,102.3,48,
1978,6,St Kilda,22,11,1,10,,6-0-5,5-1-5,337.308 (52%),2330,364.319 (53%),2503,93.1,46,
1978,7,Richmond,22,10,1,11,,7-1-3,3-0-8,354.335 (51%),2459,346.313 (53%),2389,102.9,42,
1978,8,South Melbourne,22,9,0,13,,7-0-4,2-0-9,347.308 (53%),2390,346.307 (53%),2383,100.3,36,
1978,9,Fitzroy,22,8,0,14,,5-0-6,3-0-8,326.302 (52%),2258,335.329 (50%),2339,96.5,32,
1978,10,Essendon,22,8,0,14,,5-0-6,3-0-8,315.313 (50%),2203,336.321 (51%),2337,94.3,32,
1978,11,Footscray,22,7,0,15,,4-0-7,3-0-8,333.274 (55%),2272,368.300 (55%),2508,90.6,28,
1978,12,Melbourne,22,5,0,17,,3-0-8,2-0-9,288.297 (49%),2025,425.379 (53%),2929,69.1,20,
1979,1,Carlton,22,19,0,3,,10-0-1,9-0-2,402.360 (53%),2772,285.276 (51%),1986,139.6,76,
1979,2,North Melbourne,22,17,0,5,,7-0-4,10-0-1,368.366 (50%),2574,294.319 (48%),2083,123.6,68,
1979,3,Collingwood,22,15,0,7,,8-0-3,7-0-4,363.323 (53%),2501,270.354 (43%),1974,126.7,60,
1979,4,Fitzroy,22,15,0,7,,7-0-4,8-0-3,385.389 (50%),2699,313.320 (49%),2198,122.8,60,
1979,5,Essendon,22,12,1,9,,6-0-5,6-1-4,320.316 (50%),2236,302.315 (49%),2127,105.1,50,
1979,6,Geelong,22,12,0,10,,8-0-3,4-0-7,308.301 (51%),2149,311.274 (53%),2140,100.4,48,
1979,7,Hawthorn,22,10,0,12,,4-0-7,6-0-5,330.352 (48%),2332,332.344 (49%),2336,99.8,40,
1979,8,Richmond,22,9,0,13,,5-0-6,4-0-7,351.345 (50%),2451,362.340 (52%),2512,97.6,36,
1979,9,Footscray,22,7,1,14,,4-1-6,3-0-8,289.281 (51%),2015,353.345 (51%),2463,81.8,30,
1979,10,South Melbourne,22,6,0,16,,5-0-6,1-0-10,355.294 (55%),2424,387.344 (53%),2666,90.9,24,
1979,11,Melbourne,22,6,0,16,,5-0-6,1-0-10,295.323 (48%),2093,398.371 (52%),2759,75.9,24,
1979,12,St Kilda,22,3,0,19,,3-0-8,0-0-11,260.297 (47%),1857,419.345 (55%),2859,65.0,12,
1980,1,Geelong,22,17,0,5,,9-0-2,8-0-3,343.304 (53%),2362,268.280 (49%),1888,125.1,68,
1980,2,Carlton,22,17,0,5,,9-0-2,8-0-3,365.386 (49%),2576,304.304 (50%),2128,121.1,68,
1980,3,Richmond,22,16,1,5,,8-1-2,8-0-3,397.372 (52%),2754,279.316 (47%),1990,138.4,66,
1980,4,North Melbourne,22,14,1,7,,7-1-3,7-0-4,340.305 (53%),2345,269.280 (49%),1894,123.8,58,
1980,5,Collingwood,22,14,1,7,,9-0-2,5-1-5,354.367 (49%),2491,314.294 (52%),2178,114.4,58,
1980,6,South Melbourne,22,13,0,9,,8-0-3,5-0-6,316.315 (50%),2211,310.314 (50%),2174,101.7,52,
1980,7,Essendon,22,10,0,12,,4-0-7,6-0-5,329.294 (53%),2268,307.309 (50%),2151,105.4,40,
1980,8,Hawthorn,22,10,0,12,,6-0-5,4-0-7,315.359 (47%),2249,347.299 (54%),2381,94.5,40,
1980,9,Melbourne,22,5,0,17,,3-0-8,2-0-9,306.304 (50%),2140,393.351 (53%),2709,79.0,20,
1980,10,Footscray,22,5,0,17,,4-0-7,1-0-10,301.250 (55%),2056,399.343 (54%),2737,75.1,20,
1980,11,St Kilda,22,4,2,16,,3-0-8,1-2-8,270.252 (52%),1872,389.370 (51%),2704,69.2,20,
1980,12,Fitzroy,22,4,1,17,,2-1-8,2-0-9,346.322 (52%),2398,403.370 (52%),2788,86.0,18,
1981,1,Carlton,22,17,0,5,,9-0-2,8-0-3,327.341 (49%),2303,253.250 (50%),1768,130.3,68,
1981,2,Collingwood,22,17,0,5,,9-0-2,8-0-3,349.305 (53%),2399,275.307 (47%),1957,122.6,68,
1981,3,Geelong,22,16,0,6,,9-0-2,7-0-4,315.334 (49%),2224,241.268 (47%),1714,129.8,64,
1981,4,Essendon,22,16,0,6,,8-0-3,8-0-3,324.379 (46%),2323,264.237 (53%),1821,127.6,64,
1981,5,Fitzroy,22,14,0,8,,8-0-3,6-0-5,346.337 (51%),2413,300.352 (46%),2152,112.1,56,
1981,6,Hawthorn,22,13,0,9,,7-0-4,6-0-5,329.339 (49%),2313,299.320 (48%),2114,109.4,52,
1981,7,Richmond,22,13,0,9,,7-0-4,6-0-5,333.325 (51%),2323,317.305 (51%),2207,105.3,52,
1981,8,North Melbourne,22,10,0,12,,6-0-5,4-0-7,337.364 (48%),2386,327.331 (50%),2293,104.1,40,
1981,9,South Melbourne,22,8,0,14,,5-0-6,3-0-8,307.323 (49%),2165,370.302 (55%),2522,85.8,32,
1981,10,St Kilda,22,5,0,17,,3-0-8,2-0-9,270.310 (47%),1930,319.352 (48%),2266,85.2,20,
1981,11,Footscray,22,2,0,20,,1-0-10,1-0-10,253.246 (51%),1764,387.358 (52%),2680,65.8,8,
1981,12,Melbourne,22,1,0,21,,0-0-11,1-0-10,268.216 (55%),1824,406.437 (48%),2873,63.5,4,
1982,1,Richmond,22,18,0,4,,9-0-2,9-0-2,394.318 (55%),2682,301.319 (49%),2125,126.2,72,
1982,2,Hawthorn,22,17,0,5,,9-0-2,8-0-3,409.374 (52%),2828,307.307 (50%),2149,131.6,68,
1982,3,Carlton,22,16,1,5,,9-1-1,7-0-4,362.389 (48%),2561,288.280 (51%),2008,127.5,66,
1982,4,Essendon,22,16,0,6,,7-0-4,9-0-2,379.302 (56%),2576,288.329 (47%),2057,125.2,64,
1982,5,North Melbourne,22,14,0,8,,7-0-4,7-0-4,393.335 (54%),2693,354.334 (51%),2458,109.6,56,
1982,6,Fitzroy,22,12,1,9,,6-0-5,6-1-4,377.352 (52%),2614,374.306 (55%),2550,102.5,50,
1982,7,Sydney,22,12,0,10,,7-0-4,5-0-6,374.377 (50%),2621,369.323 (53%),2537,103.3,48,
1982,8,Melbourne,22,8,0,14,,4-0-7,4-0-7,358.340 (51%),2488,404.328 (55%),2752,90.4,32,
1982,9,Geelong,22,7,0,15,,6-0-5,1-0-10,293.315 (48%),2073,331.307 (52%),2293,90.4,28,
1982,10,Collingwood,22,4,0,18,,2-0-9,2-0-9,313.323 (49%),2201,367.373 (50%),2575,85.5,16,
1982,11,St Kilda,22,4,0,18,,3-0-8,1-0-10,320.268 (54%),2188,446.376 (54%),3052,71.7,16,
1982,12,Footscray,22,3,0,19,,2-0-9,1-0-10,300.266 (53%),2066,443.377 (54%),3035,68.1,12,
1983,1,North Melbourne,22,16,0,6,,9-0-2,7-0-4,406.353 (53%),2789,313.305 (51%),2183,127.8,64,
1983,2,Hawthorn,22,15,0,7,,6-0-5,9-0-2,389.341 (53%),2675,297.296 (50%),2078,128.7,60,
1983,3,Fitzroy,22,15,0,7,,7-0-4,8-0-3,378.340 (53%),2608,294.295 (50%),2059,126.7,60,
1983,4,Essendon,22,15,0,7,,9-0-2,6-0-5,393.306 (56%),2664,325.265 (55%),2215,120.3,60,
1983,5,Carlton,22,13,0,9,,7-0-4,6-0-5,340.320 (52%),2360,325.294 (53%),2244,105.2,52,
1983,6,Collingwood,22,12,0,10,,8-0-3,4-0-7,336.299 (53%),2315,325.297 (52%),2247,103.0,48,
1983,7,Footscray,22,10,0,12,,6-0-5,4-0-7,306.266 (53%),2102,352.316 (53%),2428,86.6,40,
1983,8,Melbourne,22,9,0,13,,5-0-6,4-0-7,321.294 (52%),2220,367.355 (51%),2557,86.8,36,
1983,9,Geelong,22,8,0,14,,3-0-8,5-0-6,277.270 (51%),1932,318.289 (52%),2197,87.9,32,
1983,10,Richmond,22,7,0,15,,3-0-8,4-0-7,302.312 (49%),2124,351.286 (55%),2392,88.8,28,
1983,11,Sydney,22,7,0,15,,6-0-5,1-0-10,297.286 (51%),2068,384.366 (51%),2670,77.5,28,
1983,12,St Kilda,22,5,0,17,,2-0-9,3-0-8,310.290 (52%),2150,404.313 (56%),2737,78.6,20,
1984,1,Essendon,22,18,0,4,,9-0-2,9-0-2,377.294 (56%),2556,283.296 (49%),1994,128.2,72,
1984,2,Hawthorn,22,17,0,5,,9-0-2,8-0-3,395.354 (53%),2724,298.281 (51%),2069,131.7,68,
1984,3,Carlton,22,13,0,9,,6-0-5,7-0-4,339.298 (53%),2332,289.280 (51%),2014,115.8,52,
1984,4,Collingwood,22,13,0,9,,7-0-4,6-0-5,322.328 (50%),2260,292.320 (48%),2072,109.1,52,
1984,5,Fitzroy,22,11,0,11,,6-0-5,5-0-6,352.293 (55%),2405,340.305 (53%),2345,102.6,44,
1984,6,Geelong,22,11,0,11,,7-0-4,4-0-7,302.300 (50%),2112,324.295 (52%),2239,94.3,44,
1984,7,Footscray,22,11,0,11,,8-0-3,3-0-8,282.300 (48%),1992,305.293 (51%),2123,93.8,44,
1984,8,Richmond,22,10,0,12,,6-0-5,4-0-7,303.339 (47%),2157,343.315 (52%),2373,90.9,40,
1984,9,Melbourne,22,9,0,13,,5-0-6,4-0-7,337.306 (52%),2328,320.313 (51%),2233,104.3,36,
1984,10,Sydney,22,9,0,13,,5-0-6,4-0-7,321.297 (52%),2223,357.380 (48%),2522,88.1,36,
1984,11,North Melbourne,22,5,0,17,,2-0-9,3-0-8,310.314 (50%),2174,395.291 (58%),2661,81.7,20,
1984,12,St Kilda,22,5,0,17,,3-0-8,2-0-9,274.260 (51%),1904,368.314 (54%),2522,75.5,20,
1985,1,Essendon,22,19,0,3,,11-0-0,8-0-3,409.301 (58%),2755,286.275 (51%),1991,138.4,76,
1985,2,Footscray,22,16,0,6,,10-0-1,6-0-5,356.281 (56%),2417,286.284 (50%),2000,120.9,64,
1985,3,Hawthorn,22,15,1,6,,9-0-2,6-1-4,382.355 (52%),2647,293.266 (52%),2024,130.8,62,
1985,4,Carlton,22,15,0,7,,8-0-3,7-0-4,351.324 (52%),2430,307.262 (54%),2104,115.5,60,
1985,5,North Melbourne,22,13,1,8,,6-1-4,7-0-4,342.327 (51%),2379,355.301 (54%),2431,97.9,54,
1985,6,Geelong,22,12,0,10,,5-0-6,7-0-4,329.303 (52%),2277,329.289 (53%),2263,100.6,48,
1985,7,Collingwood,22,10,0,12,,5-0-6,5-0-6,322.265 (55%),2197,315.290 (52%),2180,100.8,40,
1985,8,Richmond,22,9,0,13,,4-0-7,5-0-6,345.292 (54%),2362,379.316 (55%),2590,91.2,36,
1985,9,Fitzroy,22,7,0,15,,3-0-8,4-0-7,330.321 (51%),2301,359.298 (55%),2452,93.8,28,
1985,10,Sydney,22,6,0,16,,4-0-7,2-0-9,318.311 (51%),2219,336.333 (50%),2349,94.5,24,
1985,11,Melbourne,22,6,0,16,,5-0-6,1-0-10,281.279 (50%),1965,367.325 (53%),2527,77.8,24,
1985,12,St Kilda,22,3,0,19,,2-0-9,1-0-10,273.261 (51%),1899,426.381 (53%),2937,64.7,12,
1986,1,Hawthorn,22,18,0,4,,9-0-2,9-0-2,395.328 (55%),2698,273.268 (50%),1906,141.6,72,
1986,2,Sydney,22,16,0,6,,8-0-3,8-0-3,357.328 (52%),2470,300.287 (51%),2087,118.4,64,
1986,3,Carlton,22,15,0,7,,10-0-1,5-0-6,373.328 (53%),2566,258.261 (50%),1809,141.8,60,
1986,4,Fitzroy,22,13,0,9,,8-0-3,5-0-6,294.304 (49%),2068,295.293 (50%),2063,100.2,52,
1986,5,Essendon,22,12,0,10,,6-0-5,6-0-5,346.303 (53%),2379,287.256 (53%),1978,120.3,48,
1986,6,Collingwood,22,12,0,10,,6-0-5,6-0-5,326.305 (52%),2261,297.288 (51%),2070,109.2,48,
1986,7,North Melbourne,22,12,0,10,,7-0-4,5-0-6,341.278 (55%),2324,344.292 (54%),2356,98.6,48,
1986,8,Footscray,22,11,0,11,,8-0-3,3-0-8,279.289 (49%),1963,286.294 (49%),2010,97.7,44,
1986,9,Geelong,22,7,0,15,,5-0-6,2-0-9,308.285 (52%),2133,382.307 (55%),2599,82.1,28,
1986,10,Richmond,22,7,0,15,,3-0-8,4-0-7,316.255 (55%),2151,399.351 (53%),2745,78.4,28,
1986,11,Melbourne,22,7,0,15,,5-0-6,2-0-9,286.287 (50%),2003,393.315 (56%),2673,74.9,28,
1986,12,St Kilda,22,2,0,20,,2-0-9,0-0-11,266.250 (52%),1846,373.328 (53%),2566,71.9,8,
1987,1,Carlton,22,18,0,4,,10-0-1,8-0-3,377.337 (53%),2599,273.245 (53%),1883,138.0,72,
1987,2,Hawthorn,22,17,0,5,,9-0-2,8-0-3,410.321 (56%),2781,276.235 (54%),1891,147.1,68,
1987,3,Sydney,22,15,0,7,,8-0-3,7-0-4,419.332 (56%),2846,317.295 (52%),2197,129.5,60,
1987,4,North Melbourne,22,13,1,8,,5-1-4,8-0-4,350.302 (54%),2402,350.317 (52%),2417,99.4,54,
1987,5,Melbourne,22,12,0,10,,7-0-4,5-0-6,312.317 (50%),2189,293.268 (52%),2026,108.0,48,
1987,6,Geelong,22,11,1,10,,7-0-4,4-1-6,339.321 (51%),2355,347.266 (57%),2348,100.3,46,
1987,7,Footscray,22,11,1,10,,7-0-5,4-1-5,280.279 (50%),1959,301.240 (56%),2046,95.7,46,
1987,8,West Coast,22,11,0,11,,9-0-3,2-0-8,344.322 (52%),2386,352.326 (52%),2438,97.9,44,
1987,9,Essendon,22,9,1,12,,5-1-5,4-0-7,306.239 (56%),2075,341.272 (56%),2318,89.5,38,
1987,10,St Kilda,22,9,0,13,,8-0-2,1-0-11,318.242 (57%),2150,339.335 (50%),2369,90.8,36,
1987,11,Fitzroy,22,8,0,14,,6-0-4,2-0-10,339.294 (54%),2328,371.318 (54%),2544,91.5,32,
1987,12,Collingwood,22,7,0,15,,5-0-6,2-0-9,271.227 (54%),1853,348.337 (51%),2425,76.4,28,
1987,13,Brisbane Bears,22,6,0,16,,3-0-8,3-0-8,308.265 (54%),2113,385.356 (52%),2666,79.3,24,
1987,14,Richmond,22,5,0,17,,4-0-8,1-0-9,314.315 (50%),2199,394.303 (57%),2667,82.5,20,
1988,1,Hawthorn,22,19,0,3,,11-0-0,8-0-3,411.325 (56%),2791,279.288 (49%),1962,142.3,76,
1988,2,Collingwood,22,15,1,6,,8-1-2,7-0-4,279.274 (50%),1948,242.276 (47%),1728,112.7,62,
1988,3,Carlton,22,15,0,7,,8-0-3,7-0-4,336.326 (51%),2342,277.299 (48%),1961,119.4,60,
1988,4,West Coast,22,13,0,9,,9-0-2,4-0-7,315.309 (50%),2199,276.310 (47%),1966,111.9,52,
1988,5,Melbourne,22,13,0,9,,7-0-4,6-0-5,286.287 (50%),2003,284.257 (52%),1961,102.1,52,
1988,6,Essendon,22,12,0,10,,8-0-3,4-0-7,319.272 (54%),2186,292.265 (52%),2017,108.4,48,
1988,7,Sydney,22,12,0,10,,6-0-5,6-0-5,301.363 (45%),2169,314.292 (52%),2176,99.7,48,
1988,8,Footscray,22,11,0,11,,7-0-4,4-0-7,269.266 (50%),1880,256.267 (49%),1803,104.3,44,
1988,9,Geelong,22,10,0,12,,5-0-6,5-0-6,344.292 (54%),2356,326.290 (53%),2246,104.9,40,
1988,10,Richmond,22,8,0,14,,5-0-6,3-0-8,310.301 (51%),2161,367.338 (52%),2540,85.1,32,
1988,11,North Melbourne,22,7,1,14,,5-0-6,2-1-8,343.303 (53%),2361,387.316 (55%),2638,89.5,30,
1988,12,Fitzroy,22,7,0,15,,7-0-4,0-0-11,303.310 (49%),2128,370.318 (54%),2538,83.8,28,
1988,13,Brisbane Bears,22,7,0,15,,4-0-7,3-0-8,254.282 (47%),1806,342.369 (48%),2421,74.6,28,
1988,14,St Kilda,22,4,0,18,,3-0-8,1-0-10,240.268 (47%),1708,298.293 (50%),2081,82.1,16,
1989,1,Hawthorn,22,19,0,3,,10-0-1,9-0-2,391.332 (54%),2678,250.248 (50%),1748,153.2,76,
1989,2,Essendon,22,17,0,5,,10-0-1,7-0-4,330.260 (56%),2240,239.271 (47%),1705,131.4,68,
1989,3,Geelong,22,16,0,6,,9-0-2,7-0-4,425.366 (54%),2916,281.301 (48%),1987,146.8,64,
1989,4,Melbourne,22,14,0,8,,6-0-5,8-0-3,266.280 (49%),1876,279.270 (51%),1944,96.5,56,
1989,5,Collingwood,22,13,0,9,,8-0-3,5-0-6,316.320 (50%),2216,281.278 (50%),1964,112.8,52,
1989,6,Fitzroy,22,12,0,10,,7-0-4,5-0-6,300.269 (53%),2069,308.277 (53%),2125,97.4,48,
1989,7,Sydney,22,11,0,11,,7-0-4,4-0-7,275.309 (47%),1959,273.320 (46%),1958,100.1,44,
1989,8,Carlton,22,9,1,12,,6-0-5,3-1-7,277.259 (52%),1921,296.303 (49%),2079,92.4,38,
1989,9,North Melbourne,22,9,0,13,,5-0-6,4-0-7,294.297 (50%),2061,332.309 (52%),2301,89.6,36,
1989,10,Brisbane Bears,22,8,0,14,,6-0-5,2-0-9,259.238 (52%),1792,326.318 (51%),2274,78.8,32,
1989,11,West Coast,22,7,0,15,,5-0-6,2-0-9,274.304 (47%),1948,326.291 (53%),2247,86.7,28,
1989,12,St Kilda,22,7,0,15,,6-0-5,1-0-10,307.266 (54%),2108,369.288 (56%),2502,84.3,28,
1989,13,Footscray,22,6,1,15,,5-1-5,1-0-10,223.276 (45%),1614,262.283 (48%),1855,87.0,26,
1989,14,Richmond,22,5,0,17,,4-0-7,1-0-10,238.297 (44%),1725,353.316 (53%),2434,70.9,20,
1990,1,Essendon,22,17,0,5,,8-0-3,9-0-2,366.330 (53%),2526,259.261 (50%),1815,139.2,68,
1990,2,Collingwood,22,16,0,6,,9-0-2,7-0-4,342.324 (51%),2376,260.265 (50%),1825,130.2,64,
1990,3,West Coast,22,16,0,6,,10-0-1,6-0-5,331.288 (53%),2274,279.246 (53%),1920,118.4,64,
1990,4,Melbourne,22,16,0,6,,9-0-2,7-0-4,344.275 (56%),2339,299.272 (52%),2066,113.2,64,
1990,5,Hawthorn,22,14,0,8,,9-0-2,5-0-6,354.290 (55%),2414,289.268 (52%),2002,120.6,56,
1990,6,North Melbourne,22,12,0,10,,6-0-5,6-0-5,365.329 (53%),2519,316.314 (50%),2210,114.0,48,
1990,7,Footscray,22,12,0,10,,5-0-6,7-0-4,287.294 (49%),2016,290.291 (50%),2031,99.3,48,
1990,8,Carlton,22,11,0,11,,7-0-4,4-0-7,335.267 (56%),2277,312.315 (50%),2187,104.1,44,
1990,9,St Kilda,22,9,0,13,,6-0-5,3-0-8,338.300 (53%),2328,333.315 (51%),2313,100.6,36,
1990,10,Geelong,22,8,0,14,,4-0-7,4-0-7,320.328 (49%),2248,349.304 (53%),2398,93.7,32,
1990,11,Richmond,22,7,0,15,,5-0-6,2-0-9,279.314 (47%),1988,368.322 (53%),2530,78.6,28,
1990,12,Fitzroy,22,7,0,15,,6-0-5,1-0-10,264.290 (48%),1874,345.319 (52%),2389,78.4,28,
1990,13,Sydney,22,5,0,17,,3-0-8,2-0-9,268.296 (48%),1904,393.346 (53%),2704,70.4,20,
1990,14,Brisbane Bears,22,4,0,18,,4-0-7,0-0-11,247.251 (50%),1733,348.338 (51%),2426,71.4,16,
1991,1,West Coast,22,19,0,3,,11-0-0,8-0-3,358.337 (52%),2485,219.218 (50%),1532,162.2,76,
1991,2,Hawthorn,22,16,0,6,,8-0-3,8-0-3,407.351 (54%),2793,300.255 (54%),2055,135.9,64,
1991,3,Geelong,22,16,0,6,,9-0-2,7-0-4,382.368 (51%),2660,289.287 (50%),2021,131.6,64,
1991,4,St Kilda,22,14,1,7,,7-1-3,7-0-4,371.286 (56%),2512,299.293 (51%),2087,120.4,58,
1991,5,Melbourne,22,13,0,9,,5-0-6,8-0-3,343.297 (54%),2355,309.269 (53%),2123,110.9,52,
1991,6,Essendon,22,13,0,9,,7-0-4,6-0-5,318.295 (52%),2203,285.307 (48%),2017,109.2,52,
1991,7,Collingwood,22,12,1,9,,7-0-4,5-1-5,339.315 (52%),2349,295.263 (53%),2033,115.5,50,
1991,8,North Melbourne,22,12,0,10,,7-0-4,5-0-6,355.326 (52%),2456,399.299 (57%),2693,91.2,48,
1991,9,Adelaide,22,10,0,12,,7-0-4,3-0-8,297.259 (53%),2041,330.302 (52%),2282,89.4,40,
1991,10,Footscray,22,9,1,12,,7-1-3,2-0-9,258.267 (49%),1815,297.282 (51%),2064,87.9,38,
1991,11,Carlton,22,8,0,14,,6-0-5,2-0-9,269.264 (50%),1878,302.301 (50%),2113,88.9,32,
1991,12,Sydney,22,7,1,14,,4-0-7,3-1-7,340.320 (52%),2360,403.360 (53%),2778,85.0,30,
1991,13,Richmond,22,7,0,15,,3-0-8,4-0-7,308.293 (51%),2141,354.326 (52%),2450,87.4,28,
1991,14,Fitzroy,22,4,0,18,,3-0-8,1-0-10,261.271 (49%),1837,399.377 (51%),2771,66.3,16,
1991,15,Brisbane Bears,22,3,0,19,,2-0-9,1-0-10,287.254 (53%),1976,413.364 (53%),2842,69.5,12,
1992,1,Geelong,22,16,0,6,,8-0-3,8-0-3,453.339 (57%),3057,303.281 (52%),2099,145.6,64,
1992,2,Footscray,22,16,0,6,,10-0-1,6-0-5,350.284 (55%),2384,258.288 (47%),1836,129.8,64,
1992,3,Collingwood,22,16,0,6,,7-0-4,9-0-2,313.317 (50%),2195,271.285 (49%),1911,114.9,64,
1992,4,West Coast,22,15,1,6,,9-0-2,6-1-4,315.316 (50%),2206,254.228 (53%),1752,125.9,62,
1992,5,Hawthorn,22,14,0,8,,6-0-5,8-0-3,373.341 (52%),2579,308.250 (55%),2098,122.9,56,
1992,6,St Kilda,22,14,0,8,,9-0-2,5-0-6,347.333 (51%),2415,289.275 (51%),2009,120.2,56,
1992,7,Carlton,22,14,0,8,,7-0-4,7-0-4,344.298 (54%),2362,302.291 (51%),2103,112.3,56,
1992,8,Essendon,22,12,0,10,,6-0-5,6-0-5,324.297 (52%),2241,347.332 (51%),2414,92.8,48,
1992,9,Adelaide,22,11,0,11,,7-0-4,4-0-7,336.301 (53%),2317,337.264 (56%),2286,101.4,44,
1992,10,Fitzroy,22,9,0,13,,5-0-6,4-0-7,312.294 (51%),2166,344.334 (51%),2398,90.3,36,
1992,11,Melbourne,22,7,1,14,,4-1-6,3-0-8,306.247 (55%),2083,348.298 (54%),2386,87.3,30,
1992,12,North Melbourne,22,7,0,15,,4-0-7,3-0-8,330.289 (53%),2269,369.321 (53%),2535,89.5,28,
1992,13,Richmond,22,5,0,17,,4-0-7,1-0-10,313.282 (53%),2160,430.358 (55%),2938,73.5,20,
1992,14,Brisbane Bears,22,4,1,17,,3-1-7,1-0-10,258.222 (54%),1770,403.324 (55%),2742,64.6,18,
1992,15,Sydney,22,3,1,18,,2-0-9,1-1-9,283.299 (49%),1997,394.330 (54%),2694,74.1,14,
1993,1,Essendon,20,13,1,6,,8-1-1,5-0-5,344.269 (56%),2333,282.267 (51%),1959,119.1,54,
1993,2,Carlton,20,13,1,6,,5-0-5,8-1-1,336.299 (53%),2315,284.264 (52%),1968,117.6,54,
1993,3,North Melbourne,20,13,0,7,,6-0-4,7-0-3,387.275 (58%),2597,315.260 (55%),2150,120.8,52,
1993,4,Hawthorn,20,13,0,7,,7-0-3,6-0-4,316.270 (54%),2166,267.256 (51%),1858,116.6,52,
1993,5,Adelaide,20,12,0,8,,9-0-1,3-0-7,314.284 (53%),2168,265.250 (51%),1840,117.8,48,
1993,6,West Coast,20,12,0,8,,6-0-4,6-0-4,274.268 (51%),1912,240.211 (53%),1651,115.8,48,
1993,7,Geelong,20,12,0,8,,7-0-3,5-0-5,345.284 (55%),2354,305.279 (52%),2109,111.6,48,
1993,8,Collingwood,20,11,0,9,,5-0-5,6-0-4,302.274 (52%),2086,298.272 (52%),2060,101.3,44,
1993,9,Footscray,20,11,0,9,,6-0-4,5-0-5,287.256 (53%),1978,289.263 (52%),1997,99.0,44,
1993,10,Melbourne,20,10,0,10,,7-0-3,3-0-7,305.271 (53%),2101,269.259 (51%),1873,112.2,40,
1993,11,Fitzroy,20,10,0,10,,6-0-4,4-0-6,294.237 (55%),2001,291.265 (52%),2011,99.5,40,
1993,12,St Kilda,20,10,0,10,,5-0-5,5-0-5,296.264 (53%),2040,314.282 (53%),2166,94.2,40,
1993,13,Brisbane Bears,20,4,0,16,,4-0-6,0-0-10,273.248 (52%),1886,365.314 (54%),2504,75.3,16,
1993,14,Richmond,20,4,0,16,,3-0-7,1-0-9,245.283 (46%),1753,368.272 (58%),2480,70.7,16,
1993,15,Sydney,20,1,0,19,,1-0-9,0-0-10,266.241 (52%),1837,432.309 (58%),2901,63.3,4,
1994,1,West Coast,22,16,0,6,,10-0-1,6-0-5,296.302 (49%),2078,223.234 (49%),1572,132.2,64,
1994,2,Carlton,22,15,0,7,,9-0-2,6-0-5,344.287 (55%),2351,250.274 (48%),1774,132.5,60,
1994,3,North Melbourne,22,13,0,9,,6-0-5,7-0-4,347.301 (54%),2383,262.276 (49%),1848,129.0,52,
1994,4,Geelong,22,13,0,9,,9-0-2,4-0-7,351.297 (54%),2403,301.298 (50%),2104,114.2,52,
1994,5,Footscray,22,13,0,9,,9-0-2,4-0-7,300.306 (50%),2106,279.231 (55%),1905,110.6,52,
1994,6,Hawthorn,22,13,0,9,,7-0-4,6-0-5,319.274 (54%),2188,290.265 (52%),2005,109.1,52,
1994,7,Melbourne,22,12,0,10,,4-0-7,8-0-3,323.252 (56%),2190,271.253 (52%),1879,116.6,48,
1994,8,Collingwood,22,12,0,10,,8-0-3,4-0-7,288.289 (50%),2017,290.279 (51%),2019,99.9,48,
1994,9,Richmond,22,12,0,10,,7-0-4,5-0-6,289.299 (49%),2033,318.259 (55%),2167,93.8,48,
1994,10,Essendon,22,11,0,11,,9-0-2,2-0-9,305.245 (55%),2075,308.271 (53%),2119,97.9,44,
1994,11,Adelaide,22,9,1,12,,7-0-4,2-1-8,267.274 (49%),1876,318.251 (56%),2159,86.9,38,
1994,12,Brisbane Bears,22,9,0,13,,6-0-5,3-0-8,281.254 (53%),1940,316.299 (51%),2195,88.4,36,
1994,13,St Kilda,22,7,1,14,,4-1-6,3-0-8,266.213 (56%),1809,352.303 (54%),2415,74.9,30,
1994,14,Fitzroy,22,5,0,17,,3-0-8,2-0-9,247.244 (50%),1726,359.302 (54%),2456,70.3,20,
1994,15,Sydney,22,4,0,18,,2-0-9,2-0-9,288.259 (53%),1987,374.301 (55%),2545,78.1,16,
1995,1,Carlton,22,20,0,2,,11-0-0,9-0-2,340.317 (52%),2357,246.235 (51%),1711,137.8,80,
1995,2,Geelong,22,16,0,6,,8-0-3,8-0-3,370.338 (52%),2558,281.253 (53%),1939,131.9,64,
1995,3,Richmond,22,15,1,6,,8-1-2,7-0-4,300.296 (50%),2096,282.251 (53%),1943,107.9,62,
1995,4,Essendon,22,14,2,6,,9-0-2,5-2-4,360.304 (54%),2464,281.245 (53%),1931,127.6,60,
1995,5,West Coast,22,14,0,8,,8-0-3,6-0-5,304.255 (54%),2079,239.258 (48%),1692,122.9,56,
1995,6,North Melbourne,22,14,0,8,,7-0-4,7-0-4,339.277 (55%),2311,292.261 (53%),2013,114.8,56,
1995,7,Footscray,22,11,1,10,,5-1-5,6-0-5,271.253 (52%),1879,294.290 (50%),2054,91.5,46,
1995,8,Brisbane Bears,22,10,0,12,,8-0-3,2-0-9,304.280 (52%),2104,321.281 (53%),2207,95.3,40,
1995,9,Melbourne,22,9,0,13,,4-0-7,5-0-6,284.234 (55%),1938,278.257 (52%),1925,100.7,36,
1995,10,Collingwood,22,8,2,12,,7-1-3,1-1-9,296.267 (53%),2043,300.311 (49%),2111,96.8,36,
1995,11,Adelaide,22,9,0,13,,7-0-4,2-0-9,248.261 (49%),1749,318.276 (54%),2184,80.1,36,
1995,12,Sydney,22,8,0,14,,5-0-6,3-0-8,343.256 (57%),2314,334.295 (53%),2299,100.7,32,
1995,13,Fremantle,22,8,0,14,,5-0-6,3-0-8,296.275 (52%),2051,324.265 (55%),2209,92.8,32,
1995,14,St Kilda,22,8,0,14,,2-0-9,6-0-5,259.260 (50%),1814,335.248 (57%),2258,80.3,32,
1995,15,Hawthorn,22,7,0,15,,4-0-7,3-0-8,268.249 (52%),1857,283.277 (51%),1975,94.0,28,
1995,16,Fitzroy,22,2,0,20,,0-0-11,2-0-9,231.231 (50%),1617,405.350 (54%),2780,58.2,8,
1996,1,Sydney,22,16,1,5,,9-1-1,7-0-4,317.250 (56%),2152,242.285 (46%),1737,123.9,66,
1996,2,North Melbourne,22,16,0,6,,8-0-3,8-0-3,364.342 (52%),2526,293.224 (57%),1982,127.4,64,
1996,3,Brisbane Bears,22,15,1,6,,9-0-2,6-1-4,317.272 (54%),2174,247.249 (50%),1731,125.6,62,
1996,4,West Coast,22,15,0,7,,9-0-2,6-0-5,323.263 (55%),2201,256.222 (54%),1758,125.2,60,
1996,5,Carlton,22,15,0,7,,9-0-2,6-0-5,310.256 (55%),2116,273.271 (50%),1909,110.8,60,
1996,6,Essendon,22,14,1,7,,9-0-2,5-1-5,320.289 (53%),2209,294.259 (53%),2023,109.2,58,
1996,7,Geelong,22,13,1,8,,7-1-3,6-0-5,348.265 (57%),2353,297.265 (53%),2047,114.9,54,
1996,8,Hawthorn,22,11,1,10,,6-0-5,5-1-5,279.219 (56%),1893,278.253 (52%),1921,98.5,46,
1996,9,Richmond,22,11,0,11,,6-0-5,5-0-6,333.284 (54%),2282,281.258 (52%),1944,117.4,44,
1996,10,St Kilda,22,10,0,12,,6-0-5,4-0-7,298.265 (53%),2053,297.251 (54%),2033,101.0,40,
1996,11,Collingwood,22,9,0,13,,6-0-5,3-0-8,322.271 (54%),2203,310.282 (52%),2142,102.8,36,
1996,12,Adelaide,22,8,0,14,,7-0-4,1-0-10,329.259 (56%),2233,343.269 (56%),2327,96.0,32,
1996,13,Fremantle,22,7,0,15,,6-0-5,1-0-10,257.288 (47%),1830,289.249 (54%),1983,92.3,28,
1996,14,Melbourne,22,7,0,15,,5-0-6,2-0-9,253.225 (53%),1743,365.273 (57%),2463,70.8,28,
1996,15,Footscray,22,5,1,16,,4-1-6,1-0-10,240.214 (53%),1654,313.261 (55%),2139,77.3,22,
1996,16,Fitzroy,22,1,0,21,,1-0-10,0-0-11,206.216 (49%),1452,438.307 (59%),2935,49.5,4,
1997,1,St Kilda,22,15,0,7,,8-0-3,7-0-4,331.308 (52%),2294,272.286 (49%),1918,119.6,60,
1997,2,Geelong,22,15,0,7,,10-0-1,5-0-6,305.281 (52%),2111,259.237 (52%),1791,117.9,60,
1997,3,Western Bulldogs,22,14,0,8,,7-0-4,7-0-4,305.270 (53%),2100,300.262 (53%),2062,101.8,56,
1997,4,Adelaide,22,13,0,9,,8-0-3,5-0-6,313.273 (53%),2151,257.227 (53%),1769,121.6,52,
1997,5,West Coast,22,13,0,9,,8-0-3,5-0-6,293.211 (58%),1969,252.258 (49%),1770,111.2,52,
1997,6,Sydney,22,12,0,10,,9-0-2,3-0-8,300.293 (51%),2093,258.253 (50%),1801,116.2,48,
1997,7,North Melbourne,22,12,0,10,,8-0-3,4-0-7,294.287 (51%),2051,265.245 (52%),1835,111.8,48,
1997,8,Brisbane Lions,22,10,1,11,,8-1-2,2-0-9,297.294 (50%),2076,287.251 (53%),1973,105.2,42,
1997,9,Port Adelaide,22,10,1,11,,7-0-4,3-1-7,264.268 (50%),1852,295.247 (54%),2017,91.8,42,
1997,10,Collingwood,22,10,0,12,,7-0-4,3-0-8,313.260 (55%),2138,269.305 (47%),1919,111.4,40,
1997,11,Carlton,22,10,0,12,,7-0-4,3-0-8,282.286 (50%),1978,295.275 (52%),2045,96.7,40,
1997,12,Fremantle,22,10,0,12,,8-0-3,2-0-9,250.248 (50%),1748,279.228 (55%),1902,91.9,40,
1997,13,Richmond,22,10,0,12,,8-0-3,2-0-9,272.251 (52%),1883,332.261 (56%),2253,83.6,40,
1997,14,Essendon,22,9,0,13,,6-0-5,3-0-8,295.234 (56%),2004,310.310 (50%),2170,92.4,36,
1997,15,Hawthorn,22,8,0,14,,5-0-6,3-0-8,273.235 (54%),1873,310.284 (52%),2144,87.4,32,
1997,16,Melbourne,22,4,0,18,,2-0-9,2-0-9,207.235 (47%),1477,354.305 (54%),2429,60.8,16,
1998,1,North Melbourne,22,16,0,6,,10-0-1,6-0-5,362.314 (54%),2486,308.269 (53%),2117,117.4,64,
1998,2,Western Bulldogs,22,15,0,7,,10-0-1,5-0-6,344.289 (54%),2353,298.231 (56%),2019,116.5,60,
1998,3,Sydney,22,14,0,8,,8-0-3,6-0-5,342.231 (60%),2283,312.271 (54%),2143,106.5,56,
1998,4,Melbourne,22,14,0,8,,8-0-3,6-0-5,292.257 (53%),2009,283.258 (52%),1956,102.7,56,
1998,5,Adelaide,22,13,0,9,,8-0-3,5-0-6,314.288 (52%),2172,252.251 (50%),1763,123.2,52,
1998,6,St Kilda,22,13,0,9,,7-0-4,6-0-5,317.246 (56%),2148,300.304 (50%),2104,102.1,52,
1998,7,West Coast,22,12,0,10,,6-0-5,6-0-5,278.272 (51%),1940,254.249 (50%),1773,109.4,48,
1998,8,Essendon,22,12,0,10,,7-0-4,5-0-6,332.258 (56%),2250,293.313 (48%),2071,108.6,48,
1998,9,Richmond,22,12,0,10,,11-0-0,1-0-10,292.266 (52%),2018,282.234 (55%),1926,104.8,48,
1998,10,Port Adelaide,22,9,1,12,,6-0-5,3-1-7,276.272 (50%),1928,294.253 (54%),2017,95.6,38,
1998,11,Carlton,22,9,0,13,,6-0-5,3-0-8,293.260 (53%),2018,306.273 (53%),2109,95.7,36,
1998,12,Geelong,22,9,0,13,,5-0-6,4-0-7,254.253 (50%),1777,285.253 (53%),1963,90.5,36,
1998,13,Hawthorn,22,8,0,14,,5-0-6,3-0-8,289.258 (53%),1992,305.253 (55%),2083,95.6,32,
1998,14,Collingwood,22,7,0,15,,5-0-6,2-0-9,285.258 (52%),1968,312.295 (51%),2167,90.8,28,
1998,15,Fremantle,22,7,0,15,,6-0-5,1-0-10,251.233 (52%),1739,340.237 (59%),2277,76.4,28,
1998,16,Brisbane Lions,22,5,1,16,,3-1-7,2-0-9,261.294 (47%),1860,358.305 (54%),2453,75.8,22,
1999,1,Essendon,22,18,0,4,,10-0-1,8-0-3,355.270 (57%),2400,274.261 (51%),1905,126.0,72,
1999,2,Kangaroos,22,17,0,5,,10-0-1,7-0-4,366.267 (58%),2463,313.251 (55%),2129,115.7,68,
1999,3,Brisbane Lions,22,16,0,6,,8-0-3,8-0-3,354.298 (54%),2422,241.225 (52%),1671,144.9,64,
1999,4,Western Bulldogs,22,15,1,6,,8-1-2,7-0-4,348.275 (56%),2363,287.271 (51%),1993,118.6,62,
1999,5,West Coast,22,12,0,10,,7-0-4,5-0-6,304.244 (55%),2068,280.257 (52%),1937,106.8,48,
1999,6,Carlton,22,12,0,10,,7-0-4,5-0-6,302.276 (52%),2088,296.252 (54%),2028,103.0,48,
1999,7,Port Adelaide,22,12,0,10,,8-0-3,4-0-7,260.291 (47%),1851,301.248 (55%),2054,90.1,48,
1999,8,Sydney,22,11,0,11,,6-0-5,5-0-6,318.276 (54%),2184,310.268 (54%),2128,102.6,44,
1999,9,Hawthorn,22,10,1,11,,5-0-6,5-1-5,269.244 (52%),1858,276.287 (49%),1943,95.6,42,
1999,10,St Kilda,22,10,0,12,,6-0-5,4-0-7,285.268 (52%),1978,297.239 (55%),2021,97.9,40,
1999,11,Geelong,22,10,0,12,,6-0-5,4-0-7,342.276 (55%),2328,362.282 (56%),2454,94.9,40,
1999,12,Richmond,22,9,0,13,,6-0-5,3-0-8,287.255 (53%),1977,314.286 (52%),2170,91.1,36,
1999,13,Adelaide,22,8,0,14,,6-0-5,2-0-9,275.253 (52%),1903,328.264 (55%),2232,85.3,32,
1999,14,Melbourne,22,6,0,16,,5-0-6,1-0-10,267.248 (52%),1850,334.289 (54%),2293,80.7,24,
1999,15,Fremantle,22,5,0,17,,3-0-8,2-0-9,282.289 (49%),1981,355.273 (57%),2403,82.4,20,
1999,16,Collingwood,22,4,0,18,,1-0-10,3-0-8,288.245 (54%),1973,334.322 (51%),2326,84.8,16,
2000,1,Essendon,22,21,0,1,,10-0-1,11-0-0,415.326 (56%),2816,259.216 (55%),1770,159.1,84,
2000,2,Carlton,22,16,0,6,,9-0-2,7-0-4,396.291 (58%),2667,291.233 (56%),1979,134.8,64,
2000,3,Melbourne,22,14,0,8,,9-0-2,5-0-6,378.289 (57%),2557,314.275 (53%),2159,118.4,56,
2000,4,Kangaroos,22,14,0,8,,8-0-3,6-0-5,359.293 (55%),2447,338.276 (55%),2304,106.2,56,
2000,5,Geelong,22,12,1,9,,7-0-4,5-1-5,329.260 (56%),2234,337.284 (54%),2306,96.9,50,
2000,6,Brisbane Lions,22,12,0,10,,7-0-4,5-0-6,384.298 (56%),2602,323.284 (53%),2222,117.1,48,
2000,7,Western Bulldogs,22,12,0,10,,7-0-4,5-0-6,347.239 (59%),2321,330.261 (56%),2241,103.6,48,
2000,8,Hawthorn,22,12,0,10,,6-0-5,6-0-5,327.236 (58%),2198,328.283 (54%),2251,97.6,48,
2000,9,Richmond,22,11,0,11,,5-0-6,6-0-5,303.250 (55%),2068,323.283 (53%),2221,93.1,44,
2000,10,Sydney,22,10,0,12,,6-0-5,4-0-7,333.256 (57%),2254,328.251 (57%),2219,101.6,40,
2000,11,Adelaide,22,9,0,13,,6-0-5,3-0-8,323.317 (50%),2255,347.265 (57%),2347,96.1,36,
2000,12,Fremantle,22,8,0,14,,5-0-6,3-0-8,276.230 (55%),1886,387.296 (57%),2618,72.0,32,
2000,13,West Coast,22,7,1,14,,5-0-6,2-1-8,326.260 (56%),2216,351.293 (55%),2399,92.4,30,
2000,14,Port Adelaide,22,7,1,14,,5-1-5,2-0-9,273.290 (48%),1928,339.261 (57%),2295,84.0,30,
2000,15,Collingwood,22,7,0,15,,3-0-8,4-0-7,301.283 (52%),2089,356.295 (55%),2431,85.9,28,
2000,16,St Kilda,22,2,1,19,,2-1-8,0-0-11,272.223 (55%),1855,391.285 (58%),2631,70.5,10,
2001,1,Essendon,22,17,0,5,,9-0-2,8-0-3,379.274 (58%),2548,278.227 (55%),1895,134.5,68,
2001,2,Brisbane Lions,22,17,0,5,,10-0-1,7-0-4,368.330 (53%),2538,291.243 (54%),1989,127.6,68,
2001,3,Port Adelaide,22,16,0,6,,9-0-2,7-0-4,363.295 (55%),2473,279.244 (53%),1918,128.9,64,
2001,4,Richmond,22,15,0,7,,7-0-4,8-0-3,312.254 (55%),2126,285.263 (52%),1973,107.8,60,
2001,5,Carlton,22,14,0,8,,8-0-3,6-0-5,338.283 (54%),2311,261.231 (53%),1797,128.6,56,
2001,6,Hawthorn,22,13,0,9,,6-0-5,7-0-4,319.235 (58%),2149,292.289 (50%),2041,105.3,52,
2001,7,Sydney,22,12,0,10,,7-0-4,5-0-6,307.279 (52%),2121,259.279 (48%),1833,115.7,48,
2001,8,Adelaide,22,12,0,10,,6-0-5,6-0-5,298.297 (50%),2085,300.226 (57%),2026,102.9,48,
2001,9,Collingwood,22,11,0,11,,5-0-6,6-0-5,328.264 (55%),2232,306.252 (55%),2088,106.9,44,
2001,10,Western Bulldogs,22,10,0,12,,3-0-8,7-0-4,337.283 (54%),2305,364.274 (57%),2458,93.8,40,
2001,11,Melbourne,22,10,0,12,,3-0-8,7-0-4,312.264 (54%),2136,347.282 (55%),2364,90.4,40,
2001,12,Geelong,22,9,0,13,,5-0-6,4-0-7,279.252 (53%),1926,304.230 (57%),2054,93.8,36,
2001,13,Kangaroos,22,9,0,13,,4-0-7,5-0-6,319.247 (56%),2161,352.259 (58%),2371,91.1,36,
2001,14,West Coast,22,5,0,17,,3-0-8,2-0-9,248.220 (53%),1708,380.310 (55%),2590,65.9,20,
2001,15,St Kilda,22,4,0,18,,1-0-10,3-0-8,284.213 (57%),1917,389.308 (56%),2642,72.6,16,
2001,16,Fremantle,22,2,0,20,,1-0-10,1-0-10,258.246 (51%),1794,362.319 (53%),2491,72.0,8,
2002,1,Port Adelaide,22,18,0,4,,10-0-1,8-0-3,350.260 (57%),2360,259.229 (53%),1783,132.4,72,
2002,2,Brisbane Lions,22,17,0,5,,11-0-0,6-0-5,368.312 (54%),2520,268.235 (53%),1843,136.7,68,
2002,3,Adelaide,22,15,0,7,,9-0-2,6-0-5,339.274 (55%),2308,295.237 (55%),2007,115.0,60,
2002,4,Collingwood,22,13,0,9,,9-0-2,4-0-7,303.263 (54%),2081,273.259 (51%),1897,109.7,52,
2002,5,Essendon,22,12,1,9,,8-0-3,4-1-6,278.271 (51%),1939,265.257 (51%),1847,105.0,50,
2002,6,Melbourne,22,12,0,10,,7-0-4,5-0-6,329.269 (55%),2243,327.283 (54%),2245,99.9,48,
2002,7,Kangaroos,22,12,0,10,,7-0-4,5-0-6,327.279 (54%),2241,338.241 (58%),2269,98.8,48,
2002,8,West Coast,22,11,0,11,,9-0-2,2-0-9,327.246 (57%),2208,328.286 (53%),2254,98.0,44,
2002,9,Geelong,22,11,0,11,,5-0-6,6-0-5,283.235 (55%),1933,298.241 (55%),2029,95.3,44,
2002,10,Hawthorn,22,11,0,11,,7-0-4,4-0-7,286.222 (56%),1938,305.277 (52%),2107,92.0,44,
2002,11,Sydney,22,9,1,12,,6-0-5,3-1-7,310.263 (54%),2123,290.236 (55%),1976,107.4,38,
2002,12,Western Bulldogs,22,9,1,12,,5-1-5,4-0-7,342.283 (55%),2335,329.272 (55%),2246,104.0,38,
2002,13,Fremantle,22,9,0,13,,9-0-2,0-0-11,274.256 (52%),1900,319.237 (57%),2151,88.3,36,
2002,14,Richmond,22,7,0,15,,6-0-5,1-0-10,257.259 (50%),1801,317.270 (54%),2172,82.9,28,
2002,15,St Kilda,22,5,1,16,,4-1-6,1-0-10,265.195 (58%),1785,334.267 (56%),2271,78.6,22,
2002,16,Carlton,22,3,0,19,,2-0-9,1-0-10,244.218 (53%),1682,337.278 (55%),2300,73.1,12,
2003,1,Port Adelaide,22,18,0,4,,10-0-1,8-0-3,326.273 (54%),2229,253.234 (52%),1752,127.2,72,
2003,2,Collingwood,22,15,0,7,,7-0-4,8-0-3,329.285 (54%),2259,267.256 (51%),1858,121.6,60,
2003,3,Brisbane Lions,22,14,1,7,,8-0-3,6-1-4,335.285 (54%),2295,271.256 (51%),1882,121.9,58,
2003,4,Sydney,22,14,0,8,,8-0-3,6-0-5,320.222 (59%),2142,270.242 (53%),1862,115.0,56,
2003,5,Fremantle,22,14,0,8,,10-0-1,4-0-7,311.277 (53%),2143,305.248 (55%),2078,103.1,56,
2003,6,Adelaide,22,13,0,9,,8-0-3,5-0-6,310.254 (55%),2114,255.224 (53%),1754,120.5,52,
2003,7,West Coast,22,12,2,8,,8-1-2,4-1-6,341.280 (55%),2326,289.248 (54%),1982,117.4,52,
2003,8,Essendon,22,13,0,9,,8-0-3,5-0-6,322.258 (56%),2190,286.244 (54%),1960,111.7,52,
2003,9,Hawthorn,22,12,0,10,,7-0-4,5-0-6,296.235 (56%),2011,294.235 (56%),1999,100.6,48,
2003,10,Kangaroos,22,11,1,10,,5-1-5,6-0-5,319.271 (54%),2185,328.255 (56%),2223,98.3,46,
2003,11,St Kilda,22,11,0,11,,8-0-3,3-0-8,307.253 (55%),2095,321.261 (55%),2187,95.8,44,
2003,12,Geelong,22,7,1,14,,5-1-5,2-0-9,262.247 (51%),1819,301.219 (58%),2025,89.8,30,
2003,13,Richmond,22,7,0,15,,4-0-7,3-0-8,270.226 (54%),1846,302.266 (53%),2078,88.8,28,
2003,14,Melbourne,22,5,0,17,,4-0-7,1-0-10,280.219 (56%),1899,349.250 (58%),2344,81.0,20,
2003,15,Carlton,22,4,0,18,,1-0-10,3-0-8,259.230 (53%),1784,394.310 (56%),2674,66.7,16,
2003,16,Western Bulldogs,22,3,1,18,,2-0-9,1-1-9,295.244 (55%),2014,397.311 (56%),2693,74.8,14,
2004,1,Port Adelaide,22,17,0,5,,10-0-1,7-0-4,357.271 (57%),2413,258.275 (48%),1823,132.4,68,
2004,2,Brisbane Lions,22,16,0,6,,10-0-1,6-0-5,358.299 (54%),2447,259.229 (53%),1783,137.2,64,
2004,3,St Kilda,22,16,0,6,,10-0-1,6-0-5,370.223 (62%),2443,283.211 (57%),1909,128.0,64,
2004,4,Geelong,22,15,0,7,,11-0-0,4-0-7,299.294 (50%),2088,254.217 (54%),1741,119.9,60,
2004,5,Melbourne,22,14,0,8,,9-0-2,5-0-6,305.297 (51%),2127,277.238 (54%),1900,111.9,56,
2004,6,Sydney,22,13,0,9,,8-0-3,5-0-6,287.216 (57%),1938,262.232 (53%),1804,107.4,52,
2004,7,West Coast,22,13,0,9,,9-0-2,4-0-7,293.284 (51%),2042,290.228 (56%),1968,103.8,52,
2004,8,Essendon,22,12,0,10,,6-0-5,6-0-5,338.254 (57%),2282,328.260 (56%),2228,102.4,48,
2004,9,Fremantle,22,11,0,11,,5-0-6,6-0-5,275.232 (54%),1882,267.268 (50%),1870,100.6,44,
2004,10,Kangaroos,22,10,0,12,,6-0-5,4-0-7,315.252 (56%),2142,317.233 (58%),2135,100.3,40,
2004,11,Carlton,22,10,0,12,,6-0-5,4-0-7,268.217 (55%),1825,328.267 (55%),2235,81.7,40,
2004,12,Adelaide,22,8,0,14,,5-0-6,3-0-8,280.270 (51%),1950,299.245 (55%),2039,95.6,32,
2004,13,Collingwood,22,8,0,14,,5-0-6,3-0-8,271.273 (50%),1899,302.270 (53%),2082,91.2,32,
2004,14,Western Bulldogs,22,5,0,17,,2-0-9,3-0-8,280.277 (50%),1957,359.305 (54%),2459,79.6,20,
2004,15,Hawthorn,22,4,0,18,,3-0-8,1-0-10,246.192 (56%),1668,343.317 (52%),2375,70.2,16,
2004,16,Richmond,22,4,0,18,,3-0-8,1-0-10,246.217 (53%),1693,362.273 (57%),2445,69.2,16,
2005,1,Adelaide,22,17,0,5,,9-0-2,8-0-3,301.264 (53%),2070,219.203 (52%),1517,136.5,68,
2005,2,West Coast,22,17,0,5,,10-0-1,7-0-4,328.293 (53%),2261,267.222 (55%),1824,124.0,68,
2005,3,Sydney,22,15,0,7,,9-0-2,6-0-5,287.252 (53%),1974,245.226 (52%),1696,116.4,60,
2005,4,St Kilda,22,14,0,8,,8-0-3,6-0-5,355.277 (56%),2407,268.198 (58%),1806,133.3,56,
2005,5,Kangaroos,22,13,0,9,,6-0-5,7-0-4,301.247 (55%),2053,301.263 (53%),2069,99.2,52,
2005,6,Geelong,22,12,0,10,,9-0-2,3-0-8,310.274 (53%),2134,281.220 (56%),1906,112.0,48,
2005,7,Melbourne,22,12,0,10,,6-0-5,6-0-5,317.269 (54%),2171,328.298 (52%),2266,95.8,48,
2005,8,Port Adelaide,22,11,1,10,,8-1-2,3-0-8,295.258 (53%),2028,300.266 (53%),2066,98.2,46,
2005,9,Western Bulldogs,22,11,0,11,,7-0-4,4-0-7,352.273 (56%),2385,342.299 (53%),2351,101.4,44,
2005,10,Fremantle,22,11,0,11,,7-0-4,4-0-7,304.217 (58%),2041,291.292 (50%),2038,100.1,44,
2005,11,Brisbane Lions,22,10,0,12,,5-0-6,5-0-6,314.255 (55%),2139,313.286 (52%),2164,98.8,40,
2005,12,Richmond,22,10,0,12,,6-0-5,4-0-7,294.258 (53%),2022,323.252 (56%),2190,92.3,40,
2005,13,Essendon,22,8,0,14,,7-0-4,1-0-10,314.234 (57%),2118,337.280 (55%),2302,92.0,32,
2005,14,Hawthorn,22,5,0,17,,4-0-7,1-0-10,280.224 (56%),1904,343.259 (57%),2317,82.2,20,
2005,15,Collingwood,22,5,0,17,,3-0-8,2-0-9,270.264 (51%),1884,357.283 (56%),2425,77.7,20,
2005,16,Carlton,22,4,1,17,,3-0-8,1-1-9,293.258 (53%),2016,400.270 (60%),2670,75.5,18,
2006,1,West Coast,22,17,0,5,,9-0-2,8-0-3,324.313 (51%),2257,273.236 (54%),1874,120.4,68,
2006,2,Adelaide,22,16,0,6,,9-0-2,7-0-4,340.291 (54%),2331,237.218 (52%),1640,142.1,64,
2006,3,Fremantle,22,15,0,7,,9-0-2,6-0-5,303.261 (54%),2079,267.291 (48%),1893,109.8,60,
2006,4,Sydney,22,14,0,8,,6-0-5,8-0-3,304.274 (53%),2098,240.190 (56%),1630,128.7,56,
2006,5,Collingwood,22,14,0,8,,9-0-2,5-0-6,346.269 (56%),2345,285.255 (53%),1965,119.3,56,
2006,6,St Kilda,22,14,0,8,,7-0-4,7-0-4,302.262 (54%),2074,250.252 (50%),1752,118.4,56,
2006,7,Melbourne,22,13,1,8,,8-0-3,5-1-5,314.262 (55%),2146,282.265 (52%),1957,109.7,54,
2006,8,Western Bulldogs,22,13,0,9,,7-0-4,6-0-5,340.271 (56%),2311,311.307 (50%),2173,106.4,52,
2006,9,Richmond,22,11,0,11,,6-0-5,5-0-6,278.266 (51%),1934,323.307 (51%),2245,86.1,44,
2006,10,Geelong,22,10,1,11,,6-1-4,4-0-7,290.242 (55%),1982,293.244 (55%),2002,99.0,42,
2006,11,Hawthorn,22,9,0,13,,6-0-5,3-0-8,271.208 (57%),1834,308.292 (51%),2140,85.7,36,
2006,12,Port Adelaide,22,8,0,14,,4-0-7,4-0-7,271.285 (49%),1911,309.297 (51%),2151,88.8,32,
2006,13,Brisbane Lions,22,7,0,15,,4-0-7,3-0-8,260.284 (48%),1844,324.295 (52%),2239,82.4,28,
2006,14,Kangaroos,22,7,0,15,,5-0-6,2-0-9,249.260 (49%),1754,317.265 (54%),2167,80.9,28,
2006,15,Essendon,22,3,1,18,,3-1-7,0-0-11,291.275 (51%),2021,367.267 (58%),2469,81.9,14,
2006,16,Carlton,22,3,1,18,,2-0-9,1-1-9,257.249 (51%),1791,354.291 (55%),2415,74.2,14,
2007,1,Geelong,22,18,0,4,,9-0-2,9-0-2,370.322 (53%),2542,240.224 (52%),1664,152.8,72,
2007,2,Port Adelaide,22,15,0,7,,8-0-3,7-0-4,337.292 (54%),2314,295.268 (52%),2038,113.5,60,
2007,3,West Coast,22,15,0,7,,8-0-3,7-0-4,313.284 (52%),2162,281.249 (53%),1935,111.7,60,
2007,4,Kangaroos,22,14,0,8,,6-0-5,8-0-3,314.299 (51%),2183,285.288 (50%),1998,109.3,56,
2007,5,Hawthorn,22,13,0,9,,7-0-4,6-0-5,305.267 (53%),2097,266.259 (51%),1855,113.0,52,
2007,6,Collingwood,22,13,0,9,,7-0-4,6-0-5,284.307 (48%),2011,288.264 (52%),1992,101.0,52,
2007,7,Sydney,22,12,1,9,,8-0-3,4-1-6,297.249 (54%),2031,246.222 (53%),1698,119.6,50,
2007,8,Adelaide,22,12,0,10,,6-0-5,6-0-5,270.261 (51%),1881,244.248 (50%),1712,109.9,48,
2007,9,St Kilda,22,11,1,10,,7-0-4,4-1-6,267.272 (50%),1874,282.249 (53%),1941,96.5,46,
2007,10,Brisbane Lions,22,9,2,11,,5-1-5,4-1-6,283.288 (50%),1986,266.289 (48%),1885,105.4,40,
2007,11,Fremantle,22,10,0,12,,7-0-4,3-0-8,333.256 (57%),2254,317.296 (52%),2198,102.5,40,
2007,12,Essendon,22,10,0,12,,6-0-5,4-0-7,320.264 (55%),2184,351.288 (55%),2394,91.2,40,
2007,13,Western Bulldogs,22,9,1,12,,5-1-5,4-0-7,308.263 (54%),2111,358.321 (53%),2469,85.5,38,
2007,14,Melbourne,22,5,0,17,,4-0-7,1-0-10,273.252 (52%),1890,349.324 (52%),2418,78.2,20,
2007,15,Carlton,22,4,0,18,,4-0-7,0-0-11,312.295 (51%),2167,433.313 (58%),2911,74.4,16,
2007,16,Richmond,22,3,1,18,,2-1-8,1-0-10,285.248 (53%),1958,370.317 (54%),2537,77.2,14,
2008,1,Geelong,22,21,0,1,,11-0-0,10-0-1,392.320 (55%),2672,237.229 (51%),1651,161.8,84,
2008,2,Hawthorn,22,17,0,5,,8-0-3,9-0-2,354.310 (53%),2434,266.250 (52%),1846,131.9,68,
2008,3,Western Bulldogs,22,15,1,6,,8-1-2,7-0-4,371.280 (57%),2506,308.264 (54%),2112,118.7,62,
2008,4,St Kilda,22,13,0,9,,8-0-3,5-0-6,309.272 (53%),2126,278.255 (52%),1923,110.6,52,
2008,5,Adelaide,22,13,0,9,,9-0-2,4-0-7,287.295 (49%),2017,260.278 (48%),1838,109.7,52,
2008,6,Sydney,22,12,1,9,,7-0-4,5-1-5,302.283 (52%),2095,266.267 (50%),1863,112.5,50,
2008,7,North Melbourne,22,12,1,9,,5-1-5,7-0-4,310.261 (54%),2121,318.279 (53%),2187,97.0,50,
2008,8,Collingwood,22,12,0,10,,7-0-4,5-0-6,331.281 (54%),2267,296.262 (53%),2038,111.2,48,
2008,9,Richmond,22,11,1,10,,5-0-6,6-1-4,331.242 (58%),2228,335.278 (55%),2288,97.4,46,
2008,10,Brisbane Lions,22,10,0,12,,8-0-3,2-0-9,306.320 (49%),2156,322.268 (55%),2200,98.0,40,
2008,11,Carlton,22,10,0,12,,3-0-8,7-0-4,323.279 (54%),2217,345.284 (55%),2354,94.2,40,
2008,12,Essendon,22,8,0,14,,5-0-6,3-0-8,315.240 (57%),2130,384.304 (56%),2608,81.7,32,
2008,13,Port Adelaide,22,7,0,15,,3-0-8,4-0-7,309.264 (54%),2118,321.282 (53%),2208,95.9,28,
2008,14,Fremantle,22,6,0,16,,4-0-7,2-0-9,287.266 (52%),1988,310.261 (54%),2121,93.7,24,
2008,15,West Coast,22,4,0,18,,4-0-7,0-0-11,236.254 (48%),1670,375.285 (57%),2535,65.9,16,
2008,16,Melbourne,22,3,0,19,,3-0-8,0-0-11,234.225 (51%),1629,376.346 (52%),2602,62.6,12,
2009,1,St Kilda,22,20,0,2,,10-0-1,10-0-1,322.265 (55%),2197,206.175 (54%),1411,155.7,80,
2009,2,Geelong,22,18,0,4,,11-0-0,7-0-4,337.290 (54%),2312,269.201 (57%),1815,127.4,72,
2009,3,Western Bulldogs,22,15,0,7,,7-0-4,8-0-3,351.272 (56%),2378,284.236 (55%),1940,122.6,60,
2009,4,Collingwood,22,15,0,7,,6-0-5,9-0-2,313.296 (51%),2174,255.248 (51%),1778,122.3,60,
2009,5,Adelaide,22,14,0,8,,7-0-4,7-0-4,307.262 (54%),2104,262.217 (55%),1789,117.6,56,
2009,6,Brisbane Lions,22,13,1,8,,8-0-3,5-1-5,298.229 (57%),2017,273.252 (52%),1890,106.7,54,
2009,7,Carlton,22,13,0,9,,6-0-5,7-0-4,333.272 (55%),2270,300.255 (54%),2055,110.5,52,
2009,8,Essendon,22,10,1,11,,6-1-4,4-0-7,303.262 (54%),2080,310.267 (54%),2127,97.8,42,
2009,9,Hawthorn,22,9,0,13,,5-0-6,4-0-7,285.252 (53%),1962,306.284 (52%),2120,92.5,36,
2009,10,Port Adelaide,22,9,0,13,,8-0-3,1-0-10,290.250 (54%),1990,332.252 (57%),2244,88.7,36,
2009,11,West Coast,22,8,0,14,,7-0-4,1-0-10,272.261 (51%),1893,297.247 (55%),2029,93.3,32,
2009,12,Sydney,22,8,0,14,,6-0-5,2-0-9,278.220 (56%),1888,294.263 (53%),2027,93.1,32,
2009,13,North Melbourne,22,7,1,14,,4-0-7,3-1-7,244.216 (53%),1680,293.257 (53%),2015,83.4,30,
2009,14,Fremantle,22,6,0,16,,4-0-7,2-0-9,254.223 (53%),1747,333.261 (56%),2259,77.3,24,
2009,15,Richmond,22,5,1,16,,1-1-9,4-0-7,255.244 (51%),1774,348.300 (54%),2388,74.3,22,
2009,16,Melbourne,22,4,0,18,,3-0-8,1-0-10,252.194 (57%),1706,332.293 (53%),2285,74.7,16,
2010,1,Collingwood,22,17,1,4,,10-0-1,7-1-3,335.339 (50%),2349,242.206 (54%),1658,141.7,70,
2010,2,Geelong,22,17,0,5,,10-0-1,7-0-4,371.292 (56%),2518,241.256 (48%),1702,147.9,68,
2010,3,St Kilda,22,15,1,6,,8-1-2,7-0-4,284.231 (55%),1935,231.205 (53%),1591,121.6,62,
2010,4,Western Bulldogs,22,14,0,8,,8-0-3,6-0-5,321.248 (56%),2174,251.228 (52%),1734,125.4,56,
2010,5,Sydney,22,13,0,9,,7-0-4,6-0-5,293.259 (53%),2017,272.231 (54%),1863,108.3,52,
2010,6,Fremantle,22,13,0,9,,8-0-3,5-0-6,315.278 (53%),2168,307.245 (56%),2087,103.9,52,
2010,7,Hawthorn,22,12,1,9,,9-0-2,3-1-7,297.262 (53%),2044,265.257 (51%),1847,110.7,50,
2010,8,Carlton,22,11,0,11,,5-0-6,6-0-5,315.253 (55%),2143,285.273 (51%),1983,108.1,44,
2010,9,North Melbourne,22,11,0,11,,7-0-4,4-0-7,279.256 (52%),1930,326.252 (56%),2208,87.4,44,
2010,10,Port Adelaide,22,10,0,12,,6-0-5,4-0-7,252.237 (52%),1749,306.287 (52%),2123,82.4,40,
2010,11,Adelaide,22,9,0,13,,7-0-4,2-0-9,250.263 (49%),1763,269.256 (51%),1870,94.3,36,
2010,12,Melbourne,22,8,1,13,,6-1-4,2-0-9,272.231 (54%),1863,280.291 (49%),1971,94.5,34,
2010,13,Brisbane Lions,22,7,0,15,,4-0-7,3-0-8,254.251 (50%),1775,311.292 (52%),2158,82.3,28,
2010,14,Essendon,22,7,0,15,,4-0-7,3-0-8,277.268 (51%),1930,358.254 (58%),2402,80.3,28,
2010,15,Richmond,22,6,0,16,,4-0-7,2-0-9,246.238 (51%),1714,339.314 (52%),2348,73.0,24,
2010,16,West Coast,22,4,0,18,,2-0-9,2-0-9,255.243 (51%),1773,333.302 (52%),2300,77.1,16,
2011,1,Collingwood,22,20,0,2,,10-0-1,10-0-1,381.306 (55%),2592,222.214 (51%),1546,167.7,80,1 (90.91)
2011,2,Geelong,22,19,0,3,,10-0-1,9-0-2,377.286 (57%),2548,235.209 (53%),1619,157.4,76,2 (86.36)
2011,3,Hawthorn,22,18,0,4,,10-0-1,8-0-3,345.285 (55%),2355,235.224 (51%),1634,144.1,72,3 (81.82)
2011,4,West Coast,22,17,0,5,,10-0-1,7-0-4,322.303 (52%),2235,253.197 (56%),1715,130.3,68,4 (77.27)
2011,5,Carlton,22,14,1,7,,5-1-5,9-0-2,320.305 (51%),2225,244.236 (51%),1700,130.9,58,5 (65.91)
2011,6,St Kilda,22,12,1,9,,6-1-4,6-0-5,275.241 (53%),1891,238.249 (49%),1677,112.8,50,6 (56.82)
2011,7,Sydney,22,12,1,9,,6-0-5,6-1-4,267.295 (48%),1897,245.265 (48%),1735,109.3,50,7 (56.82)
2011,8,Essendon,22,11,1,10,,7-0-4,4-1-6,327.255 (56%),2217,326.261 (56%),2217,100.0,46,8 (52.27)
2011,9,North Melbourne,22,10,0,12,,6-0-5,4-0-7,304.282 (52%),2106,301.276 (52%),2082,101.2,40,9 (45.45)
2011,10,Western Bulldogs,22,9,0,13,,7-0-4,2-0-9,306.224 (58%),2060,312.283 (52%),2155,95.6,36,10 (40.91)
2011,11,Fremantle,22,9,0,13,,5-0-6,4-0-7,254.267 (49%),1791,314.271 (54%),2155,83.1,36,11 (40.91)
2011,12,Richmond,22,8,1,13,,4-0-7,4-1-6,300.269 (53%),2069,347.314 (52%),2396,86.4,34,12 (38.64)
2011,13,Melbourne,22,8,1,13,,5-1-5,3-0-8,286.258 (53%),1974,341.269 (56%),2315,85.3,34,13 (38.64)
2011,14,Adelaide,22,7,0,15,,5-0-6,2-0-9,252.230 (52%),1742,315.303 (51%),2193,79.4,28,14 (31.82)
2011,15,Brisbane Lions,22,4,0,18,,3-0-8,1-0-10,264.230 (53%),1814,325.290 (53%),2240,81.0,16,15 (18.18)
2011,16,Port Adelaide,22,3,0,19,,2-0-9,1-0-10,255.188 (58%),1718,390.323 (55%),2663,64.5,12,16 (13.64)
2011,17,Gold Coast,22,3,0,19,,1-0-10,2-0-9,214.250 (46%),1534,406.290 (58%),2726,56.3,12,17 (13.64)
2012,1,Hawthorn,22,17,0,5,,9-0-2,8-0-3,391.333 (54%),2679,251.227 (53%),1733,154.6,68,
2012,2,Adelaide,22,17,0,5,,10-0-1,7-0-4,357.286 (56%),2428,265.243 (52%),1833,132.5,68,
2012,3,Sydney,22,16,0,6,,8-0-3,8-0-3,338.262 (56%),2290,234.225 (51%),1629,140.6,64,
2012,4,Collingwood,22,16,0,6,,8-0-3,8-0-3,305.293 (51%),2123,257.281 (48%),1823,116.5,64,
2012,5,West Coast,22,15,0,7,,10-0-1,5-0-6,327.282 (54%),2244,264.223 (54%),1807,124.2,60,
2012,6,Geelong,22,15,0,7,,10-0-1,5-0-6,322.277 (54%),2209,274.242 (53%),1886,117.1,60,
2012,7,Fremantle,22,14,0,8,,8-0-3,6-0-5,286.240 (54%),1956,244.227 (52%),1691,115.7,56,
2012,8,North Melbourne,22,14,0,8,,7-0-4,7-0-4,351.253 (58%),2359,305.267 (53%),2097,112.5,56,
2012,9,St Kilda,22,12,0,10,,7-0-4,5-0-6,345.277 (55%),2347,276.247 (53%),1903,123.3,48,
2012,10,Carlton,22,11,0,11,,5-0-6,6-0-5,299.285 (51%),2079,278.257 (52%),1925,108.0,44,
2012,11,Essendon,22,11,0,11,,5-0-6,6-0-5,299.297 (50%),2091,305.260 (54%),2090,100.0,44,
2012,12,Richmond,22,10,1,11,,5-1-5,5-0-6,311.303 (51%),2169,284.239 (54%),1943,111.6,42,
2012,13,Brisbane Lions,22,10,0,12,,6-0-5,4-0-7,279.230 (55%),1904,304.268 (53%),2092,91.0,40,
2012,14,Port Adelaide,22,5,1,16,,3-0-8,2-1-8,243.233 (51%),1691,314.260 (55%),2144,78.9,22,
2012,15,Western Bulldogs,22,5,0,17,,2-0-9,3-0-8,218.234 (48%),1542,341.255 (57%),2301,67.0,20,
2012,16,Melbourne,22,4,0,18,,2-0-9,2-0-9,224.236 (49%),1580,339.307 (52%),2341,67.5,16,
2012,17,Gold Coast,22,3,0,19,,2-0-9,1-0-10,215.219 (50%),1509,357.339 (51%),2481,60.8,12,
2012,18,Greater Western Sydney,22,2,0,20,,2-0-9,0-0-11,182.178 (51%),1270,400.351 (53%),2751,46.2,8,
2013,1,Hawthorn,22,19,0,3,,9-0-2,10-0-1,374.279 (57%),2523,271.233 (54%),1859,135.7,76,
2013,2,Geelong,22,18,0,4,,11-0-0,7-0-4,353.291 (55%),2409,262.204 (56%),1776,135.6,72,
2013,3,Fremantle,22,16,1,5,,10-0-1,6-1-4,302.223 (58%),2035,217.216 (50%),1518,134.1,66,
2013,4,Sydney,22,15,1,6,,7-1-3,8-0-3,332.252 (57%),2244,242.242 (50%),1694,132.5,62,
2013,5,Richmond,22,15,0,7,,7-0-4,8-0-3,311.288 (52%),2154,252.242 (51%),1754,122.8,60,
2013,6,Collingwood,22,14,0,8,,8-0-3,6-0-5,310.288 (52%),2148,274.224 (55%),1868,115.0,56,
2013,7,Port Adelaide,22,12,0,10,,7-0-4,5-0-6,298.263 (53%),2051,295.232 (56%),2002,102.4,48,
2013,8,Carlton,22,11,0,11,,5-0-6,6-0-5,304.301 (50%),2125,283.294 (49%),1992,106.7,44,
2013,9,Essendon,22,14,0,8,,6-0-5,8-0-3,312.273 (53%),2145,289.266 (52%),2000,107.3,56*,
2013,10,North Melbourne,22,10,0,12,,6-0-5,4-0-7,342.255 (57%),2307,279.256 (52%),1930,119.5,40,
2013,11,Adelaide,22,10,0,12,,5-0-6,5-0-6,297.282 (51%),2064,279.235 (54%),1909,108.1,40,
2013,12,Brisbane Lions,22,10,0,12,,7-0-4,3-0-8,276.266 (51%),1922,309.290 (52%),2144,89.6,40,
2013,13,West Coast,22,9,0,13,,3-0-8,6-0-5,295.268 (52%),2038,317.237 (57%),2139,95.3,36,
2013,14,Gold Coast,22,8,0,14,,6-0-5,2-0-9,276.262 (51%),1918,301.285 (51%),2091,91.7,32,
2013,15,Western Bulldogs,22,8,0,14,,5-0-6,3-0-8,283.228 (55%),1926,331.276 (55%),2262,85.1,32,
2013,16,St Kilda,22,5,0,17,,4-0-7,1-0-10,251.245 (51%),1751,308.272 (53%),2120,82.6,20,
2013,17,Melbourne,22,2,0,20,,2-0-9,0-0-11,209.201 (51%),1455,393.333 (54%),2691,54.1,8,
2013,18,Greater Western Sydney,22,1,0,21,,1-0-10,0-0-11,221.198 (53%),1524,444.326 (58%),2990,51.0,4,
2014,1,Sydney,22,17,0,5,,8-0-3,9-0-2,308.278 (53%),2126,207.246 (46%),1488,142.9,68,
2014,2,Hawthorn,22,17,0,5,,11-0-0,6-0-5,367.256 (59%),2458,254.222 (53%),1746,140.8,68,
2014,3,Geelong,22,17,0,5,,11-0-0,6-0-5,292.281 (51%),2033,255.257 (50%),1787,113.8,68,
2014,4,Fremantle,22,16,0,6,,10-0-1,6-0-5,297.247 (55%),2029,217.254 (46%),1556,130.4,64,
2014,5,Port Adelaide,22,14,0,8,,9-0-2,5-0-6,314.296 (51%),2180,243.220 (52%),1678,129.9,56,
2014,6,North Melbourne,22,14,0,8,,8-0-3,6-0-5,291.280 (51%),2026,248.243 (51%),1731,117.0,56,
2014,7,Essendon,22,12,1,9,,7-0-4,5-1-5,262.256 (51%),1828,250.219 (53%),1719,106.3,50,
2014,8,Richmond,22,12,0,10,,6-0-5,6-0-5,274.243 (53%),1887,256.248 (51%),1784,105.8,48,
2014,9,West Coast,22,11,0,11,,6-0-5,5-0-6,300.245 (55%),2045,259.196 (57%),1750,116.9,44,
2014,10,Adelaide,22,11,0,11,,6-0-5,5-0-6,315.285 (53%),2175,273.269 (50%),1907,114.1,44,
2014,11,Collingwood,22,11,0,11,,5-0-6,6-0-5,252.254 (50%),1766,270.256 (51%),1876,94.1,44,
2014,12,Gold Coast,22,10,0,12,,7-0-4,3-0-8,278.249 (53%),1917,296.269 (52%),2045,93.7,40,
2014,13,Carlton,22,7,1,14,,5-1-5,2-0-9,276.235 (54%),1891,304.283 (52%),2107,89.7,30,
2014,14,Western Bulldogs,22,7,0,15,,3-0-8,4-0-7,257.242 (52%),1784,325.227 (59%),2177,81.9,28,
2014,15,Brisbane Lions,22,7,0,15,,3-0-8,4-0-7,221.206 (52%),1532,320.292 (52%),2212,69.3,28,
2014,16,Greater Western Sydney,22,6,0,16,,3-0-8,3-0-8,256.244 (51%),1780,344.256 (57%),2320,76.7,24,
2014,17,Melbourne,22,4,0,18,,0-0-11,4-0-7,190.196 (49%),1336,278.286 (49%),1954,68.4,16,
2014,18,St Kilda,22,4,0,18,,3-0-8,1-0-10,212.208 (50%),1480,363.258 (58%),2436,60.8,16,
2015,1,Fremantle,22,17,0,5,,9-0-2,8-0-3,273.219 (55%),1857,225.214 (51%),1564,118.7,68,
2015,2,West Coast,22,16,1,5,,9-0-2,7-1-3,340.290 (54%),2330,229.198 (54%),1572,148.2,66,
2015,3,Hawthorn,22,16,0,6,,8-0-3,8-0-3,365.262 (58%),2452,221.222 (50%),1548,158.4,64,
2015,4,Sydney,22,16,0,6,,8-0-3,8-0-3,292.254 (53%),2006,223.240 (48%),1578,127.1,64,
2015,5,Richmond,22,15,0,7,,6-0-5,9-0-2,280.250 (53%),1930,220.248 (47%),1568,123.1,60,
2015,6,Western Bulldogs,22,14,0,8,,9-0-2,5-0-6,310.241 (56%),2101,268.217 (55%),1825,115.1,56,
2015,7,Adelaide,21,13,0,8,,7-0-3,6-0-5,308.259 (54%),2107,266.225 (54%),1821,115.7,54,
2015,8,North Melbourne,22,13,0,9,,7-0-4,6-0-5,303.244 (55%),2062,280.257 (52%),1937,106.5,52,
2015,9,Port Adelaide,22,12,0,10,,6-0-5,6-0-5,296.226 (57%),2002,276.218 (56%),1874,106.8,48,
2015,10,Geelong,21,11,1,9,,6-0-5,5-1-4,272.221 (55%),1853,266.237 (53%),1833,101.1,48,
2015,11,Greater Western Sydney,22,11,0,11,,8-0-3,3-0-8,268.264 (50%),1872,272.259 (51%),1891,99.0,44,
2015,12,Collingwood,22,10,0,12,,4-0-7,6-0-5,287.250 (53%),1972,270.236 (53%),1856,106.3,40,
2015,13,Melbourne,22,7,0,15,,4-0-7,3-0-8,225.223 (50%),1573,301.238 (56%),2044,77.0,28,
2015,14,St Kilda,22,6,1,15,,1-1-9,5-0-6,241.249 (49%),1695,319.248 (56%),2162,78.4,26,
2015,15,Essendon,22,6,0,16,,3-0-8,3-0-8,226.224 (50%),1580,312.262 (54%),2134,74.0,24,
2015,16,Gold Coast,22,4,1,17,,3-1-7,1-0-10,235.223 (51%),1633,326.284 (53%),2240,72.9,18,
2015,17,Brisbane Lions,22,4,0,18,,3-0-8,1-0-10,224.213 (51%),1557,341.260 (57%),2306,67.5,16,
2015,18,Carlton,22,4,0,18,,3-0-8,1-0-10,219.211 (51%),1525,349.260 (57%),2354,64.8,16,
2016,1,Sydney,22,17,0,5,,9-0-2,8-0-3,326.265 (55%),2221,208.221 (48%),1469,151.2,68,
2016,2,Geelong,22,17,0,5,,10-0-1,7-0-4,325.285 (53%),2235,227.192 (54%),1554,143.8,68,
2016,3,Hawthorn,22,17,0,5,,10-0-1,7-0-4,312.262 (54%),2134,263.222 (54%),1800,118.6,68,
2016,4,Greater Western Sydney,22,16,0,6,,9-0-2,7-0-4,351.274 (56%),2380,240.223 (52%),1663,143.1,64,
2016,5,Adelaide,22,16,0,6,,9-0-2,7-0-4,363.305 (54%),2483,260.235 (53%),1795,138.3,64,
2016,6,West Coast,22,16,0,6,,10-0-1,6-0-5,323.243 (57%),2181,240.238 (50%),1678,130.0,64,
2016,7,Western Bulldogs,22,15,0,7,,8-0-3,7-0-4,268.249 (52%),1857,237.187 (56%),1609,115.4,60,
2016,8,North Melbourne,22,12,0,10,,7-0-4,5-0-6,284.252 (53%),1956,264.275 (49%),1859,105.2,48,
2016,9,St Kilda,22,12,0,10,,7-0-4,5-0-6,286.237 (55%),1953,300.241 (55%),2041,95.7,48,
2016,10,Port Adelaide,22,10,0,12,,4-0-7,6-0-5,300.255 (54%),2055,275.289 (49%),1939,106.0,40,
2016,11,Melbourne,22,10,0,12,,7-0-4,3-0-8,286.228 (56%),1944,288.263 (52%),1991,97.6,40,
2016,12,Collingwood,22,9,0,13,,6-0-5,3-0-8,276.254 (52%),1910,294.234 (56%),1998,95.6,36,
2016,13,Richmond,22,8,0,14,,6-0-5,2-0-9,247.231 (52%),1713,314.271 (54%),2155,79.5,32,
2016,14,Carlton,22,7,0,15,,5-0-6,2-0-9,224.224 (50%),1568,287.256 (53%),1978,79.3,28,
2016,15,Gold Coast,22,6,0,16,,5-0-6,1-0-10,258.230 (53%),1778,328.305 (52%),2273,78.2,24,
2016,16,Fremantle,22,4,0,18,,3-0-8,1-0-10,227.212 (52%),1574,306.283 (52%),2119,74.3,16,
2016,17,Brisbane Lions,22,3,0,19,,2-0-9,1-0-10,254.246 (51%),1770,429.298 (59%),2872,61.6,12,
2016,18,Essendon,22,3,0,19,,3-0-8,0-0-11,200.237 (46%),1437,350.256 (58%),2356,61.0,12,
2017,1,Adelaide,22,15,1,6,,8-0-3,7-1-3,354.291 (55%),2415,260.216 (55%),1776,136.0,62,
2017,2,Geelong,22,15,1,6,,9-0-2,6-1-4,313.256 (55%),2134,260.258 (50%),1818,117.4,62,
2017,3,Richmond,22,15,0,7,,9-0-2,6-0-5,287.270 (52%),1992,242.232 (51%),1684,118.3,60,
2017,4,Greater Western Sydney,22,14,2,6,,9-1-1,5-1-5,302.269 (53%),2081,262.240 (52%),1812,114.8,60,
2017,5,Port Adelaide,22,14,0,8,,8-0-3,6-0-5,313.290 (52%),2168,239.237 (50%),1671,129.7,56,
2017,6,Sydney,22,14,0,8,,7-0-4,7-0-4,305.263 (54%),2093,237.229 (51%),1651,126.8,56,
2017,7,Essendon,22,12,0,10,,8-0-3,4-0-7,311.269 (54%),2135,288.276 (51%),2004,106.5,48,
2017,8,West Coast,22,12,0,10,,8-0-3,4-0-7,288.236 (55%),1964,266.262 (50%),1858,105.7,48,
2017,9,Melbourne,22,12,0,10,,6-0-5,6-0-5,302.223 (58%),2035,280.254 (52%),1934,105.2,48,
2017,10,Western Bulldogs,22,11,0,11,,7-0-4,4-0-7,260.297 (47%),1857,279.239 (54%),1913,97.1,44,
2017,11,St Kilda,22,11,0,11,,7-0-4,4-0-7,271.299 (48%),1925,291.240 (55%),1986,96.9,44,
2017,12,Hawthorn,22,10,1,11,,6-1-4,4-0-7,273.226 (55%),1864,301.249 (55%),2055,90.7,42,
2017,13,Collingwood,22,9,1,12,,4-1-6,5-0-6,278.276 (50%),1944,287.241 (54%),1963,99.0,38,
2017,14,Fremantle,22,8,0,14,,5-0-6,3-0-8,231.221 (51%),1607,317.258 (55%),2160,74.4,32,
2017,15,North Melbourne,22,6,0,16,,3-0-8,3-0-8,290.243 (54%),1983,331.278 (54%),2264,87.6,24,
2017,16,Carlton,22,6,0,16,,4-0-7,2-0-9,232.202 (53%),1594,299.244 (55%),2038,78.2,24,
2017,17,Gold Coast,22,6,0,16,,4-0-7,2-0-9,257.214 (55%),1756,337.289 (54%),2311,76.0,24,
2017,18,Brisbane Lions,22,5,0,17,,3-0-8,2-0-9,276.221 (56%),1877,367.324 (53%),2526,74.3,20,
2018,1,Richmond,22,18,0,4,,11-0-0,7-0-4,311.277 (53%),2143,232.182 (56%),1574,136.1,72,
2018,2,West Coast,22,16,0,6,,8-0-3,8-0-3,295.242 (55%),2012,241.211 (53%),1657,121.4,64,
2018,3,Collingwood,22,15,0,7,,7-0-4,8-0-3,300.246 (55%),2046,251.193 (57%),1699,120.4,60,
2018,4,Hawthorn,22,15,0,7,,8-0-3,7-0-4,290.232 (56%),1972,236.226 (51%),1642,120.1,60,
2018,5,Melbourne,22,14,0,8,,6-0-5,8-0-3,336.283 (54%),2299,256.213 (55%),1749,131.4,56,
2018,6,Sydney,22,14,0,8,,5-0-6,9-0-2,268.214 (56%),1822,231.278 (45%),1664,109.5,56,
2018,7,Greater Western Sydney,22,13,1,8,,8-0-3,5-1-5,268.290 (48%),1898,239.227 (51%),1661,114.3,54,
2018,8,Geelong,22,13,0,9,,8-0-3,5-0-6,298.257 (54%),2045,216.258 (46%),1554,131.6,52,
2018,9,North Melbourne,22,12,0,10,,7-0-4,5-0-6,285.240 (54%),1950,259.236 (52%),1790,108.9,48,
2018,10,Port Adelaide,22,12,0,10,,7-0-4,5-0-6,259.226 (53%),1780,241.208 (54%),1654,107.6,48,
2018,11,Essendon,22,12,0,10,,7-0-4,5-0-6,280.252 (53%),1932,264.254 (51%),1838,105.1,48,
2018,12,Adelaide,22,12,0,10,,8-0-3,4-0-7,279.267 (51%),1941,268.257 (51%),1865,104.1,48,
2018,13,Western Bulldogs,22,8,0,14,,5-0-6,3-0-8,224.231 (49%),1575,300.237 (56%),2037,77.3,32,
2018,14,Fremantle,22,8,0,14,,6-0-5,2-0-9,224.212 (51%),1556,294.277 (51%),2041,76.2,32,
2018,15,Brisbane Lions,22,5,0,17,,2-0-9,3-0-8,266.229 (54%),1825,297.267 (53%),2049,89.1,20,
2018,16,St Kilda,22,4,1,17,,2-1-8,2-0-9,225.256 (47%),1606,310.265 (54%),2125,75.6,18,
2018,17,Gold Coast,22,4,0,18,,1-0-10,3-0-8,181.222 (45%),1308,311.316 (50%),2182,59.9,16,
2018,18,Carlton,22,2,0,20,,1-0-10,1-0-10,192.201 (49%),1353,335.272 (55%),2282,59.3,8,
2019,1,Geelong,22,16,0,6,,9-0-2,7-0-4,291.238 (55%),1984,203.244 (45%),1462,135.7,64,
2019,2,Brisbane Lions,22,16,0,6,,10-0-1,6-0-5,288.276 (51%),2004,243.236 (51%),1694,118.3,64,
2019,3,Richmond,22,16,0,6,,9-0-2,7-0-4,275.242 (53%),1892,244.200 (55%),1664,113.7,64,
2019,4,Collingwood,22,15,0,7,,6-0-5,9-0-2,274.241 (53%),1885,230.221 (51%),1601,117.7,60,
2019,5,West Coast,22,15,0,7,,8-0-3,7-0-4,282.210 (57%),1902,239.257 (48%),1691,112.5,60,
2019,6,Greater Western Sydney,22,13,0,9,,7-0-4,6-0-5,283.228 (55%),1926,243.211 (54%),1669,115.4,52,
2019,7,Western Bulldogs,22,12,0,10,,7-0-4,5-0-6,279.267 (51%),1941,264.226 (54%),1810,107.2,48,
2019,8,Essendon,22,12,0,10,,7-0-4,5-0-6,247.220 (53%),1702,253.266 (49%),1784,95.4,48,
2019,9,Hawthorn,22,11,0,11,,7-0-4,4-0-7,250.242 (51%),1742,228.234 (49%),1602,108.7,44,
2019,10,Port Adelaide,22,11,0,11,,6-0-5,5-0-6,257.264 (49%),1806,249.220 (53%),1714,105.4,44,
2019,11,Adelaide,22,10,0,12,,5-0-6,5-0-6,256.240 (52%),1776,252.249 (50%),1761,100.9,40,
2019,12,North Melbourne,22,10,0,12,,6-0-5,4-0-7,265.234 (53%),1824,265.244 (52%),1834,99.5,40,
2019,13,Fremantle,22,9,0,13,,7-0-4,2-0-9,225.229 (50%),1579,245.248 (50%),1718,91.9,36,
2019,14,St Kilda,22,9,0,13,,6-0-5,3-0-8,233.247 (49%),1645,294.197 (60%),1961,83.9,36,
2019,15,Sydney,22,8,0,14,,5-0-6,3-0-8,248.218 (53%),1706,246.270 (48%),1746,97.7,32,
2019,16,Carlton,22,7,0,15,,4-0-7,3-0-8,231.223 (51%),1609,276.249 (53%),1905,84.5,28,
2019,17,Melbourne,22,5,0,17,,2-0-9,3-0-8,223.231 (49%),1569,297.213 (58%),1995,78.6,20,
2019,18,Gold Coast,22,3,0,19,,2-0-9,1-0-10,194.187 (51%),1351,330.252 (57%),2232,60.5,12,
2020,1,Port Adelaide,17,14,0,3,,8-0-1,6-0-2,168.177 (49%),1185,127.107 (54%),869,136.4,56,
2020,2,Brisbane Lions,17,14,0,3,,9-0-0,5-0-3,165.194 (46%),1184,139.114 (55%),948,124.9,56,
2020,3,Richmond,17,12,1,4,,7-0-1,5-1-3,164.151 (52%),1135,124.130 (49%),874,129.9,50,
2020,4,Geelong,17,12,0,5,,6-0-3,6-0-2,182.141 (56%),1233,129.127 (50%),901,136.8,48,
2020,5,West Coast,17,12,0,5,,9-0-0,3-0-5,162.123 (57%),1095,133.138 (49%),936,117.0,48,
2020,6,St Kilda,17,10,0,7,,6-0-2,4-0-5,171.133 (56%),1159,142.145 (49%),997,116.2,40,
2020,7,Western Bulldogs,17,10,0,7,,5-0-3,5-0-4,159.149 (52%),1103,149.140 (52%),1034,106.7,40,
2020,8,Collingwood,17,9,1,7,,5-1-2,4-0-5,139.131 (51%),965,131.95 (58%),881,109.5,38,
2020,9,Melbourne,17,9,0,8,,4-0-5,5-0-3,155.133 (54%),1063,142.134 (51%),986,107.8,36,
2020,10,Greater Western Sydney,17,8,0,9,,5-0-3,3-0-6,145.137 (51%),1007,151.147 (51%),1053,95.6,32,
2020,11,Carlton,17,7,0,10,,2-0-6,5-0-4,146.141 (51%),1017,158.130 (55%),1078,94.3,28,
2020,12,Fremantle,17,7,0,10,,4-0-6,3-0-4,127.104 (55%),866,131.138 (49%),924,93.7,28,
2020,13,Essendon,17,6,1,10,,2-0-6,4-1-4,136.122 (53%),938,172.153 (53%),1185,79.2,26,
2020,14,Gold Coast,17,5,1,11,,4-1-5,1-0-6,142.144 (50%),996,160.139 (54%),1099,90.6,22,
2020,15,Hawthorn,17,5,0,12,,3-0-4,2-0-8,147.122 (55%),1004,175.144 (55%),1194,84.1,20,
2020,16,Sydney,17,5,0,12,,3-0-5,2-0-7,128.122 (51%),890,153.159 (49%),1077,82.6,20,
2020,17,North Melbourne,17,3,0,14,,2-0-6,1-0-8,124.114 (52%),858,170.185 (48%),1205,71.2,12,
2020,18,Adelaide,17,3,0,14,,1-0-8,2-0-6,116.130 (47%),826,190.143 (57%),1283,64.4,12,
2021,1,Melbourne,22,17,1,4,,7-1-3,10-0-1,270.268 (50%),1888,211.177 (54%),1443,130.8,70,
2021,2,Port Adelaide,22,17,0,5,,8-0-3,9-0-2,276.228 (55%),1884,210.232 (48%),1492,126.3,68,
2021,3,Geelong,22,16,0,6,,9-0-2,7-0-4,269.231 (54%),1845,205.226 (48%),1456,126.7,64,
2021,4,Brisbane Lions,22,15,0,7,,9-0-2,6-0-5,313.253 (55%),2131,231.213 (52%),1599,133.3,60,
2021,5,Western Bulldogs,22,15,0,7,,7-0-4,8-0-3,288.266 (52%),1994,215.211 (50%),1501,132.8,60,
2021,6,Sydney,22,15,0,7,,9-0-2,6-0-5,293.228 (56%),1986,237.234 (50%),1656,119.9,60,
2021,7,Greater Western Sydney,22,11,1,10,,4-0-7,7-1-3,258.220 (54%),1768,255.243 (51%),1773,99.7,46,
2021,8,Essendon,22,11,0,11,,5-0-6,6-0-5,287.231 (55%),1953,261.224 (54%),1790,109.1,44,
2021,9,West Coast,22,10,0,12,,7-0-4,3-0-8,257.210 (55%),1752,274.236 (54%),1880,93.2,40,
2021,10,St Kilda,22,10,0,12,,5-0-6,5-0-6,237.222 (52%),1644,260.236 (52%),1796,91.5,40,
2021,11,Fremantle,22,10,0,12,,7-0-4,3-0-8,219.264 (45%),1578,265.235 (53%),1825,86.5,40,
2021,12,Richmond,22,9,1,12,,6-1-4,3-0-8,253.225 (53%),1743,258.232 (53%),1780,97.9,38,
2021,13,Carlton,22,8,0,14,,3-0-8,5-0-6,250.246 (50%),1746,288.244 (54%),1972,88.5,32,
2021,14,Hawthorn,22,7,2,13,,4-0-7,3-2-6,239.195 (55%),1629,282.220 (56%),1912,85.2,32,
2021,15,Adelaide,22,7,0,15,,5-0-6,2-0-9,230.236 (49%),1616,287.249 (54%),1971,82.0,28,
2021,16,Gold Coast,22,7,0,15,,4-0-7,3-0-8,201.224 (47%),1430,268.255 (51%),1863,76.8,28,
2021,17,Collingwood,22,6,0,16,,1-0-10,5-0-6,225.207 (52%),1557,269.204 (57%),1818,85.6,24,
2021,18,North Melbourne,22,4,1,17,,1-1-9,3-0-8,210.198 (51%),1458,299.281 (52%),2075,70.3,18,
2022,1,Geelong,22,18,0,4,,10-0-1,8-0-3,310.286 (52%),2146,219.174 (56%),1488,144.2,72,
2022,2,Melbourne,22,16,0,6,,8-0-3,8-0-3,279.262 (52%),1936,212.211 (50%),1483,130.5,64,
2022,3,Sydney,22,16,0,6,,9-0-2,7-0-4,300.267 (53%),2067,232.224 (51%),1616,127.9,64,
2022,4,Collingwood,22,16,0,6,,8-0-3,8-0-3,268.231 (54%),1839,259.209 (55%),1763,104.3,64,
2022,5,Fremantle,22,15,1,6,,7-0-4,8-1-2,251.233 (52%),1739,214.202 (51%),1486,117.0,62,
2022,6,Brisbane Lions,22,15,0,7,,9-0-2,6-0-5,319.233 (58%),2147,262.227 (54%),1799,119.3,60,
2022,7,Richmond,22,13,1,8,,9-1-1,4-0-7,318.257 (55%),2165,254.256 (50%),1780,121.6,54,
2022,8,Western Bulldogs,22,12,0,10,,7-0-4,5-0-6,287.251 (53%),1973,265.222 (54%),1812,108.9,48,
2022,9,Carlton,22,12,0,10,,8-0-3,4-0-7,268.249 (52%),1857,248.226 (52%),1714,108.3,48,
2022,10,St Kilda,22,11,0,11,,5-0-6,6-0-5,247.221 (53%),1703,247.233 (51%),1715,99.3,44,
2022,11,Port Adelaide,22,10,0,12,,7-0-4,3-0-8,261.240 (52%),1806,233.240 (49%),1638,110.3,40,
2022,12,Gold Coast,22,10,0,12,,7-0-4,3-0-8,271.245 (53%),1871,261.254 (51%),1820,102.8,40,
2022,13,Hawthorn,22,8,0,14,,6-0-5,2-0-9,262.215 (55%),1787,291.245 (54%),1991,89.8,32,
2022,14,Adelaide,22,8,0,14,,5-0-6,3-0-8,249.227 (52%),1721,293.228 (56%),1986,86.7,32,
2022,15,Essendon,22,7,0,15,,5-0-6,2-0-9,249.243 (51%),1737,307.245 (56%),2087,83.2,28,
2022,16,Greater Western Sydney,22,6,0,16,,4-0-7,2-0-9,237.209 (53%),1631,280.247 (53%),1927,84.6,24,
2022,17,West Coast,22,2,0,20,,1-0-10,1-0-10,212.157 (57%),1429,355.259 (58%),2389,59.8,8,
2022,18,North Melbourne,22,2,0,20,,2-0-9,0-0-11,193.179 (52%),1337,349.303 (54%),2397,55.8,8,
2023,1,Collingwood,23,18,0,5,,10-0-2,8-0-3,317.240 (57%),2142,239.253 (49%),1687,127.0,72,
2023,2,Brisbane Lions,23,17,0,6,,12-0-0,5-0-6,316.284 (53%),2180,260.211 (55%),1771,123.1,68,
2023,3,Port Adelaide,23,17,0,6,,10-0-2,7-0-4,310.289 (52%),2149,280.226 (55%),1906,112.7,68,
2023,4,Melbourne,23,16,0,7,,9-0-2,7-0-5,305.249 (55%),2079,240.220 (52%),1660,125.2,64,
2023,5,Carlton,23,13,1,9,,5-0-6,8-1-3,275.272 (50%),1922,243.239 (50%),1697,113.3,54,
2023,6,St Kilda,23,13,0,10,,6-0-5,7-0-5,260.215 (55%),1775,235.237 (50%),1647,107.8,52,
2023,7,Greater Western Sydney,23,13,0,10,,6-0-6,7-0-4,294.254 (54%),2018,269.271 (50%),1885,107.1,52,
2023,8,Sydney,23,12,1,10,,5-1-5,7-0-5,299.256 (54%),2050,271.237 (53%),1863,110.0,50,
2023,9,Western Bulldogs,23,12,0,11,,5-0-6,7-0-5,276.263 (51%),1919,256.230 (53%),1766,108.7,48,
2023,10,Adelaide,23,11,0,12,,8-0-4,3-0-8,319.279 (53%),2193,272.245 (53%),1877,116.8,44,
2023,11,Essendon,23,11,0,12,,7-0-5,4-0-7,267.236 (53%),1838,300.250 (55%),2050,89.7,44,
2023,12,Geelong,23,10,1,12,,8-0-4,2-1-8,306.252 (55%),2088,268.247 (52%),1855,112.6,42,
2023,13,Richmond,23,10,1,12,,6-1-5,4-0-7,265.266 (50%),1856,287.261 (52%),1983,93.6,42,
2023,14,Fremantle,23,10,0,13,,5-0-7,5-0-6,271.209 (56%),1835,279.224 (55%),1898,96.7,40,
2023,15,Gold Coast,23,9,0,14,,7-0-4,2-0-10,265.249 (52%),1839,294.242 (55%),2006,91.7,36,
2023,16,Hawthorn,23,7,0,16,,5-0-6,2-0-10,243.228 (52%),1686,311.235 (57%),2101,80.2,28,
2023,17,North Melbourne,23,3,0,20,,2-0-9,1-0-11,243.199 (55%),1657,338.290 (54%),2318,71.5,12,
2023,18,West Coast,23,3,0,20,,2-0-9,1-0-11,204.194 (51%),1418,393.316 (55%),2674,53.0,12,
2024,1,Sydney,23,17,0,6,,9-0-2,8-0-4,328.274 (54%),2242,252.257 (50%),1769,126.7,68,1 (73.91)
2024,2,Port Adelaide,23,16,0,7,,9-0-3,7-0-4,284.307 (48%),2011,253.234 (52%),1752,114.8,64,2 (69.57)
2024,3,Geelong,23,15,0,8,,8-0-3,7-0-5,321.238 (57%),2164,282.236 (54%),1928,112.2,60,3 (65.22)
2024,4,Greater Western Sydney,23,15,0,8,,9-0-2,6-0-6,303.216 (58%),2034,264.280 (49%),1864,109.1,60,4 (65.22)
2024,5,Brisbane Lions,23,14,1,8,,8-0-4,6-1-4,304.306 (50%),2130,254.223 (53%),1747,121.9,58,5 (63.04)
2024,6,Western Bulldogs,23,14,0,9,,7-0-5,7-0-4,312.299 (51%),2171,255.206 (55%),1736,125.1,56,6 (60.87)
2024,7,Hawthorn,23,14,0,9,,8-0-3,6-0-6,306.254 (55%),2090,256.227 (53%),1763,118.5,56,7 (60.87)
2024,8,Carlton,23,13,0,10,,6-0-5,7-0-5,316.255 (55%),2151,285.242 (54%),1952,110.2,52,8 (56.52)
2024,9,Collingwood,23,12,2,9,,8-0-4,4-2-5,288.263 (52%),1991,283.245 (54%),1943,102.5,52,9 (56.52)
2024,10,Fremantle,23,12,1,10,,7-1-4,5-0-6,286.248 (54%),1964,253.237 (52%),1755,111.9,50,10 (54.35)
2024,11,Essendon,23,11,1,11,,6-1-4,5-0-7,275.242 (53%),1892,298.236 (56%),2024,93.5,46,11 (50.00)
2024,12,St Kilda,23,11,0,12,,7-0-4,4-0-8,254.224 (53%),1748,253.240 (51%),1758,99.4,44,12 (47.83)
2024,13,Gold Coast,23,11,0,12,,9-0-3,2-0-9,281.239 (54%),1925,287.221 (56%),1943,99.1,44,13 (47.83)
2024,14,Melbourne,23,11,0,12,,6-0-5,5-0-7,259.231 (53%),1785,261.246 (51%),1812,98.5,44,14 (47.83)
2024,15,Adelaide,23,8,1,14,,5-1-6,3-0-8,279.232 (55%),1906,274.279 (50%),1923,99.1,34,15 (36.96)
2024,16,West Coast,23,5,0,18,,4-0-8,1-0-10,229.220 (51%),1594,347.257 (57%),2339,68.1,20,16 (21.74)
2024,17,North Melbourne,23,3,0,20,,2-0-9,1-0-11,244.155 (61%),1619,374.306 (55%),2550,63.5,12,17 (13.04)
2024,18,Richmond,23,2,0,21,,1-0-11,1-0-10,211.239 (47%),1505,349.270 (56%),2364,63.7,8,18 (8.70)
2025,1,Adelaide,23,18,0,5,,11-0-1,7-0-4,339.244 (58%),2278,234.231 (50%),1635,139.3,72,1 (78.26)
2025,2,Geelong,23,17,0,6,,9-0-2,8-0-4,356.289 (55%),2425,249.220 (53%),1714,141.5,68,2 (73.91)
2025,3,Brisbane Lions,23,16,1,6,,7-0-4,9-1-2,297.279 (52%),2061,263.226 (54%),1804,114.2,66,3 (71.74)
2025,4,Collingwood,23,16,0,7,,9-0-3,7-0-4,286.275 (51%),1991,236.211 (53%),1627,122.4,64,4 (69.57)
2025,5,Greater Western Sydney,23,16,0,7,,8-0-3,8-0-4,312.242 (56%),2114,259.280 (48%),1834,115.3,64,5 (69.57)
2025,6,Fremantle,23,16,0,7,,8-0-3,8-0-4,288.250 (54%),1978,265.225 (54%),1815,109.0,64,6 (69.57)
2025,7,Gold Coast,23,15,0,8,,9-0-2,6-0-6,317.271 (54%),2173,252.228 (53%),1740,124.9,60,7 (65.22)
2025,8,Hawthorn,23,15,0,8,,10-0-1,5-0-7,300.245 (55%),2045,240.251 (49%),1691,120.9,60,8 (65.22)
2025,9,Western Bulldogs,23,14,0,9,,7-0-5,7-0-4,369.279 (57%),2493,265.230 (54%),1820,137.0,56,9 (60.87)
2025,10,Sydney,23,12,0,11,,5-0-6,7-0-5,264.261 (50%),1845,276.246 (53%),1902,97.0,48,10 (52.17)
2025,11,Carlton,23,9,0,14,,5-0-7,4-0-7,259.245 (51%),1799,274.217 (56%),1861,96.7,36,11 (39.13)
2025,12,St Kilda,23,9,0,14,,5-0-7,4-0-7,268.231 (54%),1839,301.271 (53%),2077,88.5,36,12 (39.13)
2025,13,Port Adelaide,23,9,0,14,,7-0-5,2-0-9,244.241 (50%),1705,310.276 (53%),2136,79.8,36,13 (39.13)
2025,14,Melbourne,23,7,0,16,,5-0-7,2-0-9,271.276 (50%),1902,300.238 (56%),2038,93.3,28,14 (30.43)
2025,15,Essendon,23,6,0,17,,4-0-7,2-0-10,220.215 (51%),1535,324.265 (55%),2209,69.5,24,15 (26.09)
2025,16,North Melbourne,23,5,1,17,,3-1-8,2-0-9,267.203 (57%),1805,347.283 (55%),2365,76.3,22,16 (23.91)
2025,17,Richmond,23,5,0,18,,4-0-8,1-0-10,204.225 (48%),1449,318.289 (52%),2197,66.0,20,17 (21.74)
2025,18,West Coast,23,1,0,22,,1-0-10,0-0-12,209.212 (50%),1466,357.296 (55%),2438,60.1,4,18 (4.35)
