sheet_row,team,city,metro_area,country,level
9,MB Rouisset,Rouissat,Rouissat,Algeria,1
10,MC Alger,Algiers,Algiers,Algeria,1
12,MC Oran,Oran,Oran,Algeria,1
23,Atlético Petróleos,Luanda,Luanda,Angola,
25,InterClube,Luanda,Luanda,Angola,
27,Primeiro de Agosto,Luanda,Luanda,Angola,
28,Recreativo Libolo,Libolo,Libolo,Angola,
29,Sagrada Esperanca,Dundo,Dundo,Angola,
34,Tonnerre FC,Abomey,Abomey,Benin,
41,Etoile Filante,Ouagadougou,Ouagadougou,Burkina Faso,
42,RC Bobo Dioulasso,Bobo Dioulasso,Bobo Dioulasso,Burkina Faso,
47,LLB Académic,Bujumbura,Bujumbura,Burundi,
53,Colombe FC,Sangmélima,Sangmélima,Cameroon,1
54,Coton Sport,Garoua,Garoua,Cameroon,1
56,Fauve Azur Elite,Yaoundé,Yaoundé,Cameroon,1
62,Victoria Utd Limbé,Douala,Douala,Cameroon,1
72,DFC 8ème Arrondissement,Bangui,Bangui,Central African Republic,
76,Elect Sport N'Djamena,N'Djamena,N'Djamena,Chad,
81,AGSM,Moroni,Moroni,Comoros,
82,Apaches Club de Mitsamiouli,Mitsamiouli,Mitsamiouli,Comoros,
83,AS Komorozine,Domoni,Domoni,Comoros,
84,Coin Nord,Mitsamiouli,Mitsamiouli,Comoros,
85,Djabal Club,Iconi,Iconi,Comoros,
86,Elan Club,Mitsoudjé,Mitsoudjé,Comoros,
87,Etoile d'Or,Mirontsy,Mirontsy,Comoros,
89,Volcan Club,Moroni,Moroni,Comoros,
91,AS Police Brazzaville,Brazzaville,Brazzaville,Congo,
97,AC Rangers,Kinshasa,Kinshasa,Congo DR,1
100,AS Malole,Kananga,Kananga,Congo DR,1
101,AS Maniema,Kindu,Kindu,Congo DR,1
102,AS Simba Kamikaze,Kolwezi,Kolwezi,Congo DR,1
107,DC Motema Pembe,Kinshasa,Kinshasa,Congo DR,1
109,FC Les Aigles du Congo,Kinshasa,Kinshasa,Congo DR,1
111,FC Tanganyika,Kalémie,Kalémie,Congo DR,1
112,JSG Bazano,Lubumbashi,Lubumbashi,Congo DR,1
114,New Jak FC,Kinshasa,Kinshasa,Congo DR,1
116,OC Renaissance,Kinshasa,Kinshasa,Congo DR,1
124,AFAD Djékanou,Abidjan,Abidjan,Côte d'Ivoire,
125,Africa Sports,Abidjan,Abidjan,Côte d'Ivoire,
128,JC Abidjan,Abidjan,Abidjan,Côte d'Ivoire,
130,Stade Abidjan,Abidjan,Abidjan,Côte d'Ivoire,
131,Al-Ittihad Al-Sakndary,Alexandria,Alexandria,Egypt,1
149,Al Qanah,Ismaïlia,Ismaïlia,Egypt,1
153,Misr Lel Makasa,Faiyum,Faiyum,Egypt,
158,Kahraba Ismailia SC,Ismaïlia,Ismaïlia,Egypt,
159,Olympic Alexandria,Alexandria,Alexandria,Egypt,
162,Alassiouty Sport,Asyut,Asyut,Egypt,
163,Ala'ab Damanhur,Damanhur,Damanhur,Egypt,
164,Telefonat Beni Suef,Beni Suef,Beni Suef,Egypt,
167,Ittesalat,Cairo,Cairo,Egypt,
168,Ittihad Al-Shorta,Cairo,Cairo,Egypt,
170,Nasr Cairo,Cairo,Cairo,Egypt,
172,Al-Mansoura,El Mansoura,El Mansoura,Egypt,
174,Baladiyyat Al Mahalla,El-Mahalla El-Kubra,El-Mahalla El-Kubra,Egypt,
177,Tersana Giza,Cairo,Cairo,Egypt,
178,Al Raja,Mersa Matruh,Mersa Matruh,Egypt,
179,Al Minya FC,Minya,Minya,Egypt,
188,Sony Elá Nguema,Malabo,Malabo,Equatorial Guinea,
195,Adama Kanema,Adama,Adama,Ethiopia,1
196,Arbaminch Kanema,Arba Minch,Arba Minch,Ethiopia,1
197,Bahir Dar City,Bahir Dar,Bahir Dar,Ethiopia,1
198,Commercial Bank of Ethiopia,Addis Ababa,Addis Ababa,Ethiopia,1
199,Defence Force FC,Addis Ababa,Addis Ababa,Ethiopia,1
200,Dire Dawa Kanema,Dire Dawa,Dire Dawa,Ethiopia,1
203,Ethiopian Medhin,Addis Ababa,Addis Ababa,Ethiopia,1
206,Hawassa City,Awassa,Awassa,Ethiopia,1
212,Wolaitta Dicha,Wolaita Sodo,Wolaita Sodo,Ethiopia,1
222,Gambia Armed Forces,Banjul,Banjul,Gambia,
231,Hearts of Oak,Accra,Accra,Ghana,
232,Kumasi Asante Kotoko,Kumasi,Kumasi,Ghana,
236,Hafia Conakry,Conakry,Conakry,Guinea,
254,LISCR,Monrovia,Monrovia,Liberia,
255,LPRC Oilers,Monrovia,Monrovia,Liberia,
256,Mighty Barolle,Monrovia,Monrovia,Liberia,
259,Al Ahly Tripoli,Tripoli,Tripoli,Libya,
260,Al Ittihad Tripoli,Tripoli,Tripoli,Libya,
261,Al-Ahly Benghazi,Benghazi,Benghazi,Libya,
262,Al-Olympique,Az Zawiyah,Az Zawiyah,Libya,
272,Club Olympique de Bamako,Bamako,Bamako,Mali,
274,Onze Créateurs,Bamako,Bamako,Mali,
277,ASC Mauritel,Nouakchott,Nouakchott,Mauritania,
279,CF Cansado,Nouadhibou,Nouadhibou,Mauritania,
284,Pamplemousse SC,Belle Vue,Belle Vue,Mauritius,
285,Club Meknès,Meknès,Meknès,Morocco,1
286,Difaâ El Jadidi,El Jadida,El Jadida,Morocco,1
291,KAC Marrakech,Marrakesh,Marrakesh,Morocco,1
296,Renaissance Berkane,Berkane,Berkane,Morocco,1
297,Renaissance Zemamra,Zemamra,Zemamra,Morocco,1
299,US Yaacub Mansour,Rabat,Rabat,Morocco,1
300,Wydad Casablanca,Casablanca,Casablanca,Morocco,1
301,Moghreb Tétouan,Tétouan,Tétouan,Morocco,
302,Chabab Mohammédia,Mohammédia,Casablanca,Morocco,
303,Difaa El Jadida,El Jadida,El Jadida,Morocco,
305,JS Soualem,Soualem,Berrechid,Morocco,
306,Mouloudia Oujda,Oujda,Oujda,Morocco,
307,Nahdat Berkane,Berkane,Berkane,Morocco,
313,Liga Muçulmana,Maputo,Maputo,Mozambique,
317,Civics,Windhoek,Windhoek,Namibia,
320,ASFAN,Niamey,Niamey,Niger,
321,AS-FNIS,Niamey,Niamey,Niger,
322,ASGNN,Niamey,Niamey,Niger,
324,Sahel SC,Niamey,Niamey,Niger,
331,Enyimba FC,Aba,Aba,Nigeria,1
346,Dakkada,Uyo,Uyo,Nigeria,
347,Dolphin FC,Port Harcourt,Port Harcourt,Nigeria,
348,Enyimba,Aba,Aba,Nigeria,
358,APR FC,Kigali,Kigali,Rwanda,
364,ASC Diaraf,Dakar,Dakar,Senegal,
374,Saint-Michel United,Victoria (SEY),Victoria (SEY),Seychelles,
382,Golden Arrows,Durban,Durban,South Africa,1
399,Royal AM,Durban,Durban,South Africa,
408,Pretoria University,Johannesburg,Johannesburg,South Africa,
409,Benoni Premier United,Richards Bay,Richards Bay,South Africa,
413,TTM FC,Thohoyandou,Thohoyandou,South Africa,
416,Silver Stars,Rustenburg,Rustenburg,South Africa,
423,Atlabara,Juba,Juba,South Sudan,
424,Ahli Wad Madani,Wad Medani,Wad Medani,Sudan,1
425,Al Ahli Khartoum,Khartoum,Khartoum,Sudan,1
432,Al-Hilal El Manaqil,El Manaqil,El Manaqil,Sudan,1
433,Al-Hilal ESC Al-Fasher,Al-Fasher,Al-Fasher,Sudan,1
434,Al-Hilal Omdurman,Omdurman,Khartoum,Sudan,1
436,Al-Merrikh Abyad,Al-Ubayyid,Al Ubayyid,Sudan,1
437,Al-Merrikh Nyala,Nyala,Nyala,Sudan,1
438,Al-Shurta Club,Al Qadarif,Al Qadarif,Sudan,1
439,Al-Zamala Umrawaba,Umm Ruwaba,Umm Ruwaba,Sudan,1
440,Al-Zoma SC,Khartoum,Khartoum,Sudan,1
443,Hay Al-Arab SC,Port Sudan,Port Sudan,Sudan,1
444,Hilal Alsahil SC,Port Sudan,Port Sudan,Sudan,1
445,Kober SC,Bahri,Khartoum,Sudan,1
446,Om Maghad SC,Al Kamlin,Al Kamlin,Sudan,1
448,Wad Nubawi SC,Omdurman,Khartoum,Sudan,1
456,Fountain Gate FC,Babati,Babati,Tanzania,1
457,JKT Tanzania,Dar es Salaam,Dar es Salaam,Tanzania,1
460,KCB Nairobi,Nairobi,Nairobi,Kenya,1
461,Kenya Police FC,Nairobi,Nairobi,Kenya,1
462,KMC FC,Dar es Salaam,Dar es Salaam,Tanzania,1
464,Mashujaa FC,Kigoma,Kigoma,Tanzania,1
470,Pamba Jiji FC,Mwanza,Mwanza,Tanzania,1
472,Shabana FC,Kisii,Kisii,Kenya,1
474,Singida Black Stars,Singida,Singida,Tanzania,1
477,Tanzania Prisons FC,Mbeya,Mbeya,Tanzania,1
482,ASKO Kara,Kara,Kara,Togo,
484,Etoile Filante de Lomé,Lomé,Lomé,Togo,
485,Maranatha Fiokpo,Fiokpo,Fiokpo,Togo,
492,ES Metlaoui,Métlaoui,Métlaoui,Tunisia,1
494,Esperance Zarzis,Zarzis,Zarzis,Tunisia,1
496,JS Kairouanaise,Kairouan,Kairouan,Tunisia,1
497,JS Omrane,Tunis,Tunis,Tunisia,1
502,Kampala City Council,Kampala,Kampala,Uganda,
532,Wellington Phoenix,Wellington,Wellington,Australia,1
537,Auckland FC,Auckland,Auckland,Australia,1
540,New Zealand Knights,Auckland,Auckland,Australia,
542,North Queensland Fury,Townsville,Townsville,Australia,
543,Queensland Roar,Brisbane,Brisbane,Australia,
545,Melbourne Heart,Melbourne,Melbourne,Australia,
547,Al-Hidd,Manama,Manama,Bahrain,
548,Al-Riffa,Manama,Manama,Bahrain,
551,Henan Songshan Longmen,Zhengzhou,Zhengzhou,China,1
554,Tianjin Tigers,Tianjin,Tianjin,China,1
560,Qingdao West Coast,Qingdao,Qingdao,China,1
574,Wuxi Wugo,Wuxi,Shanghai,China,2
575,Jiangxi Dingnan United,Ganzhou,Ganzhou,China,2
577,Yanbian Longding,Yanji,Yanji,China,2
578,Dalian K'un City,Dalian,Dalian,China,2
580,Ningbo Professional,Ningbo,Ningbo,China,2
581,Chongqing Lifan,Chongqing,Chongqing,China,
582,Liaoning Hongyun,Panjin,Panjin,China,
583,Guangzhou Evergrande,Guangzhou,Guangzhou,China,
585,Hebei China Fortune,Qinhuangdao,Qinhuangdao,China,
591,Beijing BIT FC,Beijing,Beijing,China,
592,Beijing Renhe,Beijing,Beijing,China,
593,Beijing Sport Univ,Beijing,Beijing,China,
595,Xiamen Lanshi,Xiamen,Xiamen,China,
596,Guangzhou GPC,Guangzhou,Guangzhou,China,
597,Guangzhou R&F,Guangzhou,Guangzhou,China,
598,Shenzhen Asia Travel FC,Shenzen,Guangzhou,China,
599,Shenzhen Kingway,Shenzen,Guangzhou,China,
600,Shenzhen Ruby,Shenzen,Guangzhou,China,
601,Shenzhen Shangqingyin,Shenzen,Guangzhou,China,
602,Shenzhen Xiangxue Eisiti,Shenzen,Guangzhou,China,
604,Guizhou HFZC,Guiyang,Guiyang,China,
606,Shijiazhuang Ever Bright,Shijiazhuang,Shijiazhuang,China,
607,Shijiazhuang Yongchang,Shijiazhuang,Shijiazhuang,China,
610,Henan Construction,Zhengzhou,Zhengzhou,China,
611,Henan Jianye,Zhengzhou,Zhengzhou,China,
612,Wuhan Guanggu,Wuhan,Wuhan,China,
613,Wuhan Zall,Wuhan,Wuhan,China,
614,Changsha Ginde,Changsha,Changsha,China,
615,Jiangsu Sainty,Nanjing,Nanjing,China,
616,Jiangsu Suning,Nanjing,Nanjing,China,
617,Jiangxi Liansheng,Nanchang,Nanchang,China,
619,Nanchang Hengyuan,Nanchang,Nanchang,China,
621,Dalian Aerbin,Dalian,Dalian,China,
623,Dalian Wanda,Dalian,Dalian,China,
624,Dalian Yifang,Dalian,Dalian,China,
626,Liaoning Shenyang,Panjin,Panjin,China,
627,Shenyang Ginde,Shenyang,Shenyang,China,
629,Qingdao Huanghai,Qingdao,Qingdao,China,
630,Qingdao Jonoon,Qingdao,Qingdao,China,
632,Qingdao Youth Island,Qingdao,Qingdao,China,
633,Qingdao Zhongneng,Qingdao,Qingdao,China,
634,Shandong Luneng,Jinan,Jinan,China,
635,Shanghai East Asia,Shanghai,Shanghai,China,
636,Shanghai Jiading Huilon,Shanghai,Shanghai,China,
638,Shanghai SIPG,Shanghai,Shanghai,China,
640,Inter Xian Chanba,Xi'an,Xi'an,China,
641,Shaanxi Baorong,Xi'an,Xi'an,China,
642,Shaanxi Chanba,Xi'an,Xi'an,China,
643,Shaanxi Changan,Xi'an,Xi'an,China,
644,Chengdu Blades,Chengdu,Chengdu,China,
647,Tianjin Quanjian,Tianjin,Tianjin,China,
648,Tianjin Teda,Tianjin,Tianjin,China,
650,Hangzhou Greentown,Hangzhou,Hangzhou,China,
651,Zhejiang Bebei Greentown,Hangzhou,Hangzhou,China,
652,Zhejiang Yiteng,Hangzhou,Hangzhou,China,
655,Eastern District FC,Hong Kong,Hong Kong,Hong Kong,1
656,Eastern FC,Hong Kong,Hong Kong,Hong Kong,1
658,Kowloon City,Hong Kong,Hong Kong,Hong Kong,1
660,North District FC,Hong Kong,Hong Kong,Hong Kong,1
661,Southern FC,Hong Kong,Hong Kong,Hong Kong,1
662,Supreme FC,Hong Kong,Hong Kong,Hong Kong,1
663,Tai Po FC,Hong Kong,Hong Kong,Hong Kong,1
665,HKFC,Hong Kong,Hong Kong,Hong Kong,
666,South China AA,Hong Kong,Hong Kong,Hong Kong,
678,SC Delhi,Delhi,Delhi,India,1
682,Mohammedan SC,Calcutta,Calcutta,India,
683,Delhi Dynamos,Delhi,Delhi,India,
690,Adhyaksa FC,Palangka Raya,Palangka Raya,Indonesia,1
709,Barito Putera,Banjarmasin,Banjarmasin,Indonesia,
713,PSIS FC,Semarang,Semarang,Indonesia,
715,PSS FC,Yogyakarta,Yogyakarta,Indonesia,
723,Tractor Sazi,Tabriz,Tabriz,Iran,1
748,Moghavemat Sepasi,Shiraz,Shiraz,Iran,
749,Damash Gilan,Rasht,Rasht,Iran,
750,Pegah Gilan,Rasht,Rasht,Iran,
754,Mes Kerman,Kerman,Kerman,Iran,
773,Al-Shorta SC,Baghdad,Baghdad,Iraq,
774,Al-Talaba,Baghdad,Baghdad,Iraq,
775,Al-Zawraa,Baghdad,Baghdad,Iraq,
776,Arbil FC,Erbil,Erbil,Iraq,
804,Consadole Sapporo,Sapporo,Sapporo,Japan,2
823,Thespakusatsu Gunma,Tokyo,Tokyo,Japan,3
832,FC Ryukyu,Naha,Naha,Japan,3
834,Rayluck Shiga,Hikone,Hikone,Japan,3
846,Buqa'a Amman,Amman,Amman,Jordan,1
847,Dougra Club,Irbid,Irbid,Jordan,1
848,Faisaly Amman,Amman,Amman,Jordan,1
850,Jazeera Amman,Amman,Amman,Jordan,1
851,Ramtha Club,Ar-Ramtha,Irbid,Jordan,1
853,Ahli Amman,Amman,Amman,Jordan,
854,Al Sarhan SC,Badiah Gharbiyah,Mafraq,Jordan,
855,Al Arabi Kuwait,Kuwait City,Kuwait City,Kuwait,
856,Al-Kuwait,Kuwait City,Kuwait City,Kuwait,
860,Brunei DPMM FC,Bandar Seri Begawan,Bandar Seri Begawan,Brunei,1
861,Imigresen FC,Batu Kawan,George Town,Malaysia,1
865,Kuching FA,Kuching,Kuching,Malaysia,1
867,Negeri Sembilan,Seremban,Kuala Lumpur,Malaysia,1
868,Penang FA,George Town,George Town,Malaysia,1
869,Sabah FA,Kota Kinabalu,Kota Kinabalu,Malaysia,1
872,Kelantan Darul Naim,Kota Bharu,Kota Bharu,Malaysia,
873,PDRM FA,Kuala Lumpur,Kuala Lumpur,Malaysia,
877,Dagon Star United,Yangon,Yangon,Myanmar,1
881,Myawady FC,Naypyidaw,Naypyidaw,Myanmar,1
882,Shan United,Taunggyi,Taunggyi,Myanmar,1
896,Al Ahli SC Doha,Doha,Doha,Qatar,1
905,Mesaimeer SC,Doha,Doha,Qatar,
906,Muaither SC,Doha,Doha,Qatar,
908,Lekhwiya,Doha,Doha,Qatar,
914,Al-Ahli Jeddah,Jeddah,Jeddah,Saudi Arabia,1
919,Al-Qadisiyah FC,Khobar,Dammam,Saudi Arabia,1
920,Al Hazm,Ar Rass,Ar Rass,Saudi Arabia,1
932,Al-Ta'ee,Ha'il,Ha'il,Saudi Arabia,
934,Al-Adalah FC,Al Hofuf,Al Hofuf,Saudi Arabia,
943,Al-Shoulla,Al-Kharj,Al-Kharj,Saudi Arabia,
947,Geylang International,Singapore,Singapore,Singapore,1
953,Singapore Armed Forces,Singapore,Singapore,Singapore,
963,Daejeon Citizen,Daejeon,Daejeon,South Korea,1
967,Suwon Bluewings,Seoul,Seoul,South Korea,
970,Busan I'Park,Busan-Ulsan,Busan-Ulsan,South Korea,
973,Gwangju Sangmu Bulsajo,Gwangju,Gwangju,South Korea,
974,Seongnam Ilhwa Chunma,Seoul,Seoul,South Korea,
976,Chunnam Dragons,Gwangyang,Gwangyang,South Korea,
980,Al-Ittihad Aleppo,Aleppo,Aleppo,Syria,
981,Al-Jaish Damascus,Damascus,Damascus,Syria,
983,Pamir Dushanbe,Dushanbe,Dushanbe,Tajikistan,
994,Ratchaburi,Ratchaburi,Ratchaburi,Thailand,1
1000,Bangkok Glass FC,Bangkok,Bangkok,Thailand,
1001,Bangkok University,Bangkok,Bangkok,Thailand,
1002,BEC Tero Sasana,Bangkok,Bangkok,Thailand,
1003,Kanchanaburi Power,Kanchanaburi,Kanchanaburi,Thailand,
1004,Khonkaen United,Khon Kaen,Khon Kaen,Thailand,
1010,PEA,Bangkok,Bangkok,Thailand,
1011,Police Tero,Bangkok,Bangkok,Thailand,
1012,PT Prachuap,Prachuap Khiri Khan,Prachuap Khiri Khan,Thailand,
1017,Al-Wahda,Abu Dhabi,Abu Dhabi,United Arab Emirates,1
1019,Al-Nasr,Dubai,Dubai-Sharjah,United Arab Emirates,1
1024,Shabab Al Ahli Dubai,Dubai,Dubai-Sharjah,United Arab Emirates,1
1029,Al-Ittihad Kalba,Kalba,Kalba,United Arab Emirates,
1031,Dibba Al-Fujairah,Fujairah,Fujairah,United Arab Emirates,
1034,Dubai Club,Dubai,Dubai-Sharjah,United Arab Emirates,
1038,Al Khaleej,Khor Fakkan,Khor Fakkan,United Arab Emirates,
1054,Qyzylqum,Navoiy,Navoiy,Uzbekistan,1
1055,Surkhon Termiz,Termez,Termez,Uzbekistan,1
1056,Xorazm Urganch,Urgench,Urgench,Uzbekistan,1
1060,Cong An Hanoi FC,Hanoi,Hanoi,Vietnam,1
1067,Ninh Binh FC,Ninh Binh,Ninh Binh,Vietnam,1
1071,Truong Tuoi Dong Nai,Dong Xai,Dong Xai,Vietnam,1
1074,Becamex Ho Chi Minh City,Ho Chi Minh City,Ho Chi Minh City,Vietnam,
1075,Bình Dương,Ho Chi Minh City,Ho Chi Minh City,Vietnam,
1076,Boss Bình Ðịnh,Quy Nhon,Quy Nhon,Vietnam,
1077,Da Nang,Da Nang,Da Nang,Vietnam,
1078,Dong A Thanh Hoa,Thanh Hoa,Thanh Hoa,Vietnam,
1079,Gach Dong Tam Long An,Tân An,Tân An,Vietnam,
1080,Hà Nội T&T,Hanoi,Hanoi,Vietnam,
1081,Hanoi T&T,Hanoi,Hanoi,Vietnam,
1083,Saigon FC,Ho Chi Minh City,Ho Chi Minh City,Vietnam,
1084,Topenland Binh Dinh,Quy Nhon,Quy Nhon,Vietnam,
1111,KS Albpetrol Patos,Patos (ALB),Patos (ALB),Albania,
1114,Luftëtari Enver Hoxha,,,Albania,
1115,Spartaku Shkodër,Shkoder,Shkoder,Albania,
1116,Dinamo Durrësi,,,Albania,
1117,KF Spartak Tirana,Tirana,Tirana,Albania,
1119,KF Tekstilisti Stalin,,,Albania,
1120,Dinamo Shkodra,,,Albania,
1121,Dinamo Vlora,,,Albania,
1122,FC Prizreni,,,Albania,
1125,KF Selenica,,,Albania,
1127,Korabi Peshkopi,Peshkopi,Peshkopi,Albania,
1130,KS Studenti,,,Albania,
1132,Spartaku Korçë,Korce,Korce,Albania,
1134,FC Prishtina,,,Albania,
1142,Penya Encarnada,Andorra la Vella,Andorra la Vella,Andorra,1
1145,CE Casa de Portugal,Andorra la Vella,Andorra la Vella,Andorra,1
1155,Gimnàstic Valira,Andorra la Vella,Andorra la Vella,Andorra,
1158,Constelació Esportiva,Andorra la Vella,Andorra la Vella,Andorra,
1161,Veterans Andorra,Andorra la Vella,Andorra la Vella,Andorra,
1162,CE Jenlai,Andorra la Vella,Andorra la Vella,Andorra,
1166,FC Montanbaldosa,Andorra la Vella,Andorra la Vella,Andorra,
1167,Sporting Club d'Engordany,Andorra la Vella,Andorra la Vella,Andorra,
1182,Kotaik Abovyan,Yerevan,Yerevan,Armenia,
1186,Lernayin Artsakh,Yerevan,Yerevan,Armenia,
1187,Erebuni-Homenmen FC,Yerevan,Yerevan,Armenia,
1193,Arabkir FC,,,Armenia,
1194,Aragats Gyumri,Gyumri,Gyumri,Armenia,
1195,Aznavour FC,,,Armenia,
1196,FC Zangezour,,,Armenia,
1197,FC Zvartnots,Yerevan,Yerevan,Armenia,
1200,Nairi SC,,,Armenia,
1201,Yerazank FC,,,Armenia,
1202,FC Armavir Armenia,,,Armenia,
1203,FC Malatia,,,Armenia,
1207,Artsakh FC,Yerevan,Yerevan,Armenia,
1208,Debed FC,,,Armenia,
1209,FC Akhtamar,,,Armenia,
1212,Sevan FC,Yerevan,Yerevan,Armenia,
1216,Banants Yerevan,Yerevan,Yerevan,Armenia,
1217,Dinamo-Zenit,Yerevan,Yerevan,Armenia,
1218,Karabakh Yerevan,Yerevan,Yerevan,Armenia,
1243,SK Sturm Graz II,Graz,Graz,Austria,2
1244,FC Hertha Wels,Wels-Land,Linz,Austria,2
1247,Weiner SK,Vienna,Vienna,Austria,
1248,SC Wacker,Vienna,Vienna,Austria,
1258,SC Rudolfshügel,Vienna,Vienna,Austria,
1265,SK Slovan HAC,Vienna,Vienna,Austria,
1272,SC Libertas Wien,Vienna,Vienna,Austria,
1275,ASKÖ Linz,Linz,Linz,Austria,
1279,FC Stadlau,,,Austria,
1281,WSG Radenthein,,,Austria,
1282,Post SV,,,Austria,
1283,SC Neusiedl,,,Austria,
1284,SC Olympia 33,,,Austria,
1285,SCR Hochstädt,,,Austria,
1286,Union Wels,,,Austria,
1288,ESV Austria Graz,Graz,Graz,Austria,
1291,FS Elektra,,,Austria,
1293,KSV Ankerbrot Montelaa,,,Austria,
1294,SC Helfort,,,Austria,
1296,SK Bischofshofen,,,Austria,
1297,SV Gloggnitz,,,Austria,
1298,SV Sankt Veit,,,Austria,
1299,SV Spittal/Drau,,,Austria,
1300,Vienna Cricket & FC,,,Austria,
1301,Parndorf,Parndorf,Parndorf,Austria,
1303,WAC/St. Andrä,Wolfsberg,Wolfsberg,Austria,
1304,FC Trenkwalder Admira,Vienna,Vienna,Austria,
1310,FC Red Bull Salzburg Juniors,Salzburg,Salzburg,Austria,
1314,WSG Swarovski Tirol,Innsbruck,Innsbruck,Austria,
1315,WSG Wattens,Innsbruck,Innsbruck,Austria,
1317,FC Pasching,Linz,Linz,Austria,
1319,VÖEST Linz,Linz,Linz,Austria,
1322,Leoben,,,Austria,
1336,İmişli FK,Imishli,Imishli,Azerbaijan,1
1339,Olimpik Baku,Baku,Baku,Azerbaijan,
1340,FK Masalli,Masally,Masally,Azerbaijan,
1342,Shahdagh Qusar,Qusar,Qusar,Azerbaijan,
1346,FK Simurq Zaqatala,Zaqatala,Zaqatala,Azerbaijan,
1349,Bakili PFK,Baku,Baku,Azerbaijan,
1353,FK Ganclarbirliyi,Sumgayit,Baku,Azerbaijan,
1363,Azerbaijan U18,,,Azerbaijan,
1366,FK Göyəzən Qazax,Qazax,Qazax,Azerbaijan,
1372,Energetik Əli-Bayramlı,,,Azerbaijan,
1374,FK NBC Salyan,Salyan,Salyan,Azerbaijan,
1376,Karat Baku,Baku,Baku,Azerbaijan,
1378,Neftqaz Baku,Baku,Baku,Azerbaijan,
1380,Polis Akademiyası,,,Azerbaijan,
1381,Qafgaz Universiteti,Baku,Baku,Azerbaijan,
1385,Dynamo Kirovobad,Ganja,Ganja,Azerbaijan,
1386,FC Inter Baku,Baku,Baku,Azerbaijan,
1387,Keşla FK,Baku,Baku,Azerbaijan,
1388,Khazri Baku,Baku,Baku,Azerbaijan,
1389,PFC Neftyanik,Baku,Baku,Azerbaijan,
1390,Standard Baku,Baku,Baku,Azerbaijan,
1398,FC Torpedo Zhodino,Zhodzina,Zhodzina,Belarus,1
1405,FK Maxline Vitebsk,Vitebsk,Vitebsk,Belarus,1
1407,FC Shakhtyor Soligorsk,Salihorsk,Salihorsk,Belarus,
1408,FC Torpedo Minsk,Minsk,Minsk,Belarus,
1409,FC Molodechno,Maladzyechna,Maladzyechna,Belarus,
1411,Torpedo Mogilev,Mogilev,Mogilev,Belarus,
1412,FC Energetik-BGU Minsk,Minsk,Minsk,Belarus,
1413,Vedrich Rechitsa,Rechitsa,Rechytsa,Belarus,
1417,FC Darida,Minsk,Minsk,Belarus,
1418,FC Babruysk,Babruysk,Babruysk,Belarus,
1422,Lokomotiv Minsk,Minsk,Minsk,Belarus,
1427,FC MTZ-RIPO,Minsk,Minsk,Belarus,
1430,FK Krumkachy,Minsk,Minsk,Belarus,
1437,Belarus Minsk,Minsk,Minsk,Belarus,
1439,FC Brest,Brest (BLR),Brest (BLR),Belarus,
1440,FC Rechitsa-2014,Rechitsa,Rechitsa,Belarus,
1442,Torpedo-MAZ,Minsk,Minsk,Belarus,
1443,Torpedo-SKA Minsk,Minsk,Minsk,Belarus,
1444,Zvezda-BGU Minsk,Minsk,Minsk,Belarus,
1452,Union St. Gilloise,Brussels,Brussels,Belgium,1
1467,FCV Dender EH,Aalst,Aalst,Belgium,2
1470,K.Patro Maasmechelen,Tongeren,Tongeren,Belgium,2
1473,Francs Borains,Boussu,Mons,Belgium,2
1476,Excelsior Virton,Virton,Virton,Belgium,2
1479,Daring CB Brussels,Brussels,Brussels,Belgium,
1482,Racing Brussels,Brussels,Brussels,Belgium,
1487,ROC de Charleroi,Charleroi,Charleroi,Belgium,
1488,KRC Gent,Gent,Gent,Belgium,
1489,RFC Tilleur,Liege,Liege,Belgium,
1491,Royal Léopold FC,Brussels,Brussels,Belgium,
1493,Waterschei SV Thor,Genk,Genk,Belgium,
1494,RE Mouscron,Tournai,Tournai,Belgium,
1499,Athl. & Running Cl. de Bruxelles,Brussels,Brussels,Belgium,
1500,Red Star Waasland,Sint-Niklaas,Sint-Niklaas,Belgium,
1507,CS La Forestoise,Brussels,Brussels,Belgium,
1508,Royal Excelsior SC,Brussels,Brussels,Belgium,
1513,AS Oostende,Ostend,Ostend,Belgium,
1516,K. Sint-Niklase SK,Sint-Niklaas,Sint-Niklaas,Belgium,
1517,Wavre Sports FC,Brussels,Brussels,Belgium,
1518,K. Tubantia Borgerhout,Antwerp,Antwerp,Belgium,
1522,SK Tongeren,Tongeren,Tongeren,Belgium,
1525,RWDM47,Brussels,Brussels,Belgium,
1526,Union FC d’Ixelles,Brussels,Brussels,Belgium,
1528,Stade Leuven,Brussels,Brussels,Belgium,
1529,RC Montegneé,Liege,Liege,Belgium,
1530,Heusden-Zolder,Genk,Genk,Belgium,
1532,AFC Tubize,Brussels,Brussels,Belgium,
1533,AF Alliance,Antwerp,Antwerp,Belgium,
1536,Boom FC,Antwerp,Antwerp,Belgium,
1537,FCO Beerschot Wilrijk,Antwerp,Antwerp,Belgium,
1540,K. Rupel SK,Antwerp,Antwerp,Belgium,
1542,KFC Germinal Ekeren,Antwerp,Antwerp,Belgium,
1546,Oude God Sport,Antwerp,Antwerp,Belgium,
1547,R. Capellen FC,Antwerp,Antwerp,Belgium,
1548,Racing Mechelen,Mechelen,Mechelen,Belgium,
1549,SC City Pirates,Antwerp,Antwerp,Belgium,
1550,Yellow-Red KV Mechelen,Mechelen,Mechelen,Belgium,
1551,FC Brussels,Brussels,Brussels,Belgium,
1552,RCS Schaerbeek,Brussels,Brussels,Belgium,
1553,White Star Bruxelles,Brussels,Brussels,Belgium,
1554,White Star Woluwe,Brussels,Brussels,Belgium,
1555,FC Denderleeuw,Aalst,Aalst,Belgium,
1556,FCE Meetjesland,Eeklo,Eeklo,Belgium,
1557,FCN Sint-Niklaas,Sint-Niklaas,Sint-Niklaas,Belgium,
1560,Oudenaarde,Oudenaarde,Oudenaarde,Belgium,
1561,RFC Renaisien,Oudenaarde,Oudenaarde,Belgium,
1562,Standaard Wetteren,Dendermonde,Dendermonde,Belgium,
1563,VW Hamme,Dendermonde,Dendermonde,Belgium,
1565,Vilvoorde FC,Brussels,Brussels,Belgium,
1566,Boussu Dour Borinage,Mons,Mons,Belgium,
1567,Olympic Charleroi,Charleroi,Charleroi,Belgium,
1568,RE Mouscron-Péruwelz,Tournai,Tournai,Belgium,
1570,RUS Tournaisienne,Tournai,Tournai,Belgium,
1571,URS Centre,La Louvière,La Louvière,Belgium,
1574,RFC Bressoux,Liege,Liege,Belgium,
1575,RFC Huy,Huy,Huy,Belgium,
1577,R. Star Fléron FC,Liege,Liege,Belgium,
1578,Stade Waremmien,Waremme,Waremme,Belgium,
1579,Hasseltse VV,Genk,Genk,Belgium,
1580,KVSK United Lommel,Maaseik,Maaseik,Belgium,
1581,Lommel United,Maaseik,Maaseik,Belgium,
1582,Patro Eisden,Tongeren,Tongeren,Belgium,
1583,UR Namur,Namur,Namur,Belgium,
1584,WA Namur,Namur,Namur,Belgium,
1585,Club Brugge II,Bruges,Bruges,Belgium,
1586,KRC Harelbeke,Kortrijk,Kortrijk,Belgium,
1589,CS Andennais,,,Belgium,
1591,Entente Sambreville,,,Belgium,
1594,Hoeselt VV,,,Belgium,
1595,Jeunesse Arlonaise,,,Belgium,
1605,KSC Toekomst Menen,,,Belgium,
1609,R. Excelsior FC Hasselt,,,Belgium,
1610,R. Gosselies Sports,,,Belgium,
1612,Racing Waregem,,,Belgium,
1613,RC Antwerp-Deurne,,,Belgium,
1614,RCS Hallois,,,Belgium,
1615,RCS Saint-Josse,,,Belgium,
1616,Royal Dolhain FC,,,Belgium,
1617,RRC Vottem,,,Belgium,
1619,SRU Verviers,,,Belgium,
1620,Stade Nivellois,,,Belgium,
1621,Turnhoutse SK HIH,,,Belgium,
1622,VC Rotselaar,,,Belgium,
1623,VV Overpelt Fabriek,,,Belgium,
1625,Willebroekse SV,,,Belgium,
1626,Witgoor Sport Dessel,,,Belgium,
1627,Wuustwezel FC,,,Belgium,
1643,FK Olimpik Sarajevo,Sarajevo,Sarajevo,Bosnia-Herzegovina,
1651,NK Brotnjo,Citluk,Citluk,Bosnia-Herzegovina,
1662,NK Gradina Srebrenik,Srebrenik,Srebrenik,Bosnia-Herzegovina,
1664,Drina Zvornik-Živinice,,,Bosnia-Herzegovina,
1671,HNK Stolac,,,Bosnia-Herzegovina,
1672,NK Ljubuški,,,Bosnia-Herzegovina,
1677,NK Zenica,,,Bosnia-Herzegovina,
1678,Redarstvenik Mostar,Mostar,Mostar,Bosnia-Herzegovina,
1679,Sloga Uskoplje,,,Bosnia-Herzegovina,
1680,Zmaj od Bosne,,,Bosnia-Herzegovina,
1684,HNK Grude,Gruda,Gruda,Bosnia-Herzegovina,
1685,HNK Kostrč,,,Bosnia-Herzegovina,
1686,HNK Ljubuski,Ljubuski,Ljubuski,Bosnia-Herzegovina,
1687,Krajišnik Banja Luka,,,Bosnia-Herzegovina,
1688,MOSK Gjerzelez,Sarajevo,Sarajevo,Bosnia-Herzegovina,
1689,Napredak Matići,,,Bosnia-Herzegovina,
1694,Odžak 102,,,Bosnia-Herzegovina,
1707,Botev Vratza,Vratza,Vratza,Bulgaria,1
1710,FC Arda Kardzhali,Kardzhali,Kardzhali,Bulgaria,1
1721,PFK Dobrudzha,Dobrich,Dobrich,Bulgaria,
1724,FC Yambol,Yambol,Yambol,Bulgaria,
1729,Yantra Gabrovo,Gabrovo,Gabrovo,Bulgaria,
1734,Bdin Vidin,Vidin,Vidin,Bulgaria,
1737,PFK Velbazhd,Kyustendil,Kyustendil,Bulgaria,
1740,PFC Vidima-Rakovski,Sevlievo,Sevlievo,Bulgaria,
1753,PFC Rilski Sportist,Samokov,Samokov,Bulgaria,
1757,ZhSK Skopie,,,Bulgaria,
1758,BP 25 Plovdiv,,,Bulgaria,
1759,Cerveno Zname Sofia,,,Bulgaria,
1761,FC Dorostol Silistra,,,Bulgaria,
1763,Makedonia Bitolya,,,Bulgaria,
1765,Petar Parchevich Plovdiv,,,Bulgaria,
1769,Rozova Dolina Kazanlak,,,Bulgaria,
1770,Sportist Sofia,Sofia,Sofia,Bulgaria,
1773,Akademik Varna,,,Bulgaria,
1775,Benkovski Sofia,,,Bulgaria,
1776,Botev Sofia,,,Bulgaria,
1781,Gotse Delchev Prilep,,,Bulgaria,
1783,Knyaz Kiril Preslavski Sofia,,,Bulgaria,
1784,Lokomotiv Varna,,,Bulgaria,
1786,Momchil yunak Kavala,,,Bulgaria,
1787,OFK Tryavna,,,Bulgaria,
1788,Olimpik Galata,,,Bulgaria,
1791,Pobeda Varna,Varna,Varna,Bulgaria,
1792,Shipka Plovdiv,Plovdiv,Plovdiv,Bulgaria,
1794,SP 45 Plovdiv,Plovdiv,Plovdiv,Bulgaria,
1796,Sportklub Sofia,Sofia,Sofia,Bulgaria,
1797,Urli Harmanli,,,Bulgaria,
1798,ZhSK-Levski Plovdiv,Plovdiv,Plovdiv,Bulgaria,
1800,OFC Pomorie,Pomorie,Pomorie,Bulgaria,
1813,NK Sibenik,Šibenik,Šibenik,Croatia,
1816,HAŠK Zagreb,Zagreb,Zagreb,Croatia,
1819,Concordia Zagreb,Zagreb,Zagreb,Croatia,
1821,Medjimurje Cakovec,Čakovec,Čakovec,Croatia,
1830,Tresnjevka Zagreb,Zagreb,Zagreb,Croatia,
1834,NK Pomorac 1921,Kostrena,Kostrena,Croatia,
1837,HNK Orijent,,,Croatia,
1838,Lucko Zagreb,Zagreb,Zagreb,Croatia,
1843,Viktorija Zagreb,Zagreb,Zagreb,Croatia,
1845,Zagreb XI,Zagreb,Zagreb,Croatia,
1847,APOEL FC,Nicosia,Nicosia,Cyprus,1
1857,Karmiotissa FC,Kato Polemidia,Limassol,Cyprus,1
1858,ENY Digenis Ypsonas,Nicosia,Nicosia,Cyprus,1
1865,Doxa Katokopia,Nicosia,Nicosia,Cyprus,
1867,Çetinkaya Türk,Nicosia,Nicosia,Cyprus,
1869,Digenis Morphou,Morphou,Morphou,Cyprus,
1871,AYMA Nicosia,Nicosia,Nicosia,Cyprus,
1874,Anagennisi Dherynia,Famagusta,Famagusta,Cyprus,
1876,APOP Kinyras Peyias,Paphos,Paphos,Cyprus,
1879,Trust AC,Nicosia,Nicosia,Cyprus,
1889,PAEEK Kyrenia,Nicosia,Nicosia,Cyprus,
1892,Salamina Famagusta,Famagusta,Famagusta,Cyprus,
1893,Nicos & Socratis Erimis,Erimi,Erimi,Cyprus,
1894,AC Sparta Praha,Prague,Prague,Czech Republic,1
1923,SK Slavia Praha B,Prague,Prague,Czech Republic,2
1924,FK MAS Táborsko,Tábor,Tábor,Czech Republic,2
1932,FK Náchod,Náchod,Náchod,Czech Republic,
1934,SK Libeň,Prague,Prague,Czech Republic,
1935,Teplitzer FK,Teplice,Teplice,Czech Republic,
1936,ČAFC Praha,Prague,Prague,Czech Republic,
1938,Red Star Brno,Brno,Brno,Czech Republic,
1939,SK Meteor Praha VIII,,,Czech Republic,
1940,SK Olomouc ASO,,,Czech Republic,
1941,DFC Prag,Prague,Prague,Czech Republic,
1945,Dukla Olomouc,Olomouc,Olomouc,Czech Republic,
1952,SK Slavoj Zizkov,Prague,Prague,Czech Republic,
1954,AFK Lazne Bohdanec,,,Czech Republic,
1956,DSV Saaz,,,Czech Republic,
1958,Jiskra Liberec,,,Czech Republic,
1961,SK Cechie VIII,,,Czech Republic,
1965,Frydek-Mistek,Frydek-Mistek,Frydek-Mistek,Czech Republic,
1968,SK Sigma Olomouc B,Olomouc,Olomouc,Czech Republic,
1970,Horažďovice,Plzeň,Plzeň,Czech Republic,
1971,AC Sparta Praha B,Prague,Prague,Czech Republic,
1973,FK Olympia Praha,Prague,Prague,Czech Republic,
1975,Loko Vltavin,Prague,Prague,Czech Republic,
1981,FC Tescoma Zlín,Zlín,Zlín,Czech Republic,
1986,Jakubcovice,,,Czech Republic,
1988,Teplitzer FC,Teplice,Teplice,Czech Republic,
1990,Odense BK,Odense,Odense,Denmark,1
1994,Lyngby BK,Copenhagen,Copenhagen,Denmark,1
2000,SønderjyskE,Haderslev,Haderslev,Denmark,1
2010,FC Fredericia,Fredericia,Fredericia,Denmark,2
2012,Kolding IF,Kolding,Kolding,Denmark,2
2015,Kjøbenhavns Boldklub,Copenhagen,Copenhagen,Denmark,
2016,B93 Copenhagen,Copenhagen,Copenhagen,Denmark,
2017,Køge BK,Copenhagen,Copenhagen,Denmark,
2019,B1901 Nykobing,Falster,Falster,Denmark,
2022,Herfølge BK,Copenhagen,Copenhagen,Denmark,
2025,B1913 Odense,Odense,Odense,Denmark,
2026,Brønshøj BK,Copenhagen,Copenhagen,Denmark,
2028,IK Viking Rønne,Rønne,Rønne,Denmark,
2029,KFUM,Copenhagen,Copenhagen,Denmark,
2030,Kastrup BK,Copenhagen,Copenhagen,Denmark,
2032,Helsingør IF,Copenhagen,Copenhagen,Denmark,
2033,Frederiksborg IF,,,Denmark,
2036,Holbaek BK,Holbæk,Holbæk,Denmark,
2037,IF AIA-Tranbjerg,,,Denmark,
2040,Vejen SF,,,Denmark,
2042,Herning Fremad,,,Denmark,
2046,BK Union,,,Denmark,
2047,Boldklubben Søstjernen,,,Denmark,
2048,Handelsstandens BK,,,Denmark,
2049,Holbæk IF,,,Denmark,
2052,Copenhagen XI,Copenhagen,Copenhagen,Denmark,
2054,Brabrand IF,Aarhus,Aarhus,Denmark,
2057,Blokhus FC,Aalborg,Aalborg,Denmark,
2061,AIK 65 Strøby,Stevns,Stevns,Denmark,
2064,BK Marienlyst,Odense,Odense,Denmark,
2067,Odense XI,Odense,Odense,Denmark,
2069,Frem Sakskøbing,,,Denmark,
2070,Lolland-FA,,,Denmark,
2071,Olstykke FC,,,Denmark,
2115,Wrexham,Wrexham,Wrexham,Wales,2
2332,Nuneaton Borough,Birmingham,Birmingham,England,
2338,Beaconsfield Town,London,London,England,
2340,Chesham (old),London,London,England,
2342,Cambridge City,Cambridge,Cambridge,England,
2352,Runcorn,Runcorn,Liverpool,England,
2374,Derby Old,Derby,Derby,England,
2385,Bournemouth Rovers,Bournemouth,Bournemouth,England,
2403,Maldon Town,Maldon,Maldon,England,
2412,93rd Highlanders,London,London,England,
2419,Brentwood,London,London,England,
2421,Caledonians,London,London,England,
2428,Cray Valley PM,London,London,England,
2437,English Amateurs XI,London,London,England,
2438,English FA Canadian Touring XI,London,London,England,
2439,English Professionals XI,London,London,England,
2440,English World Cup XI,London,London,England,
2441,FA Selected XI,London,London,England,
2442,Farnborough Town,London,London,England,
2447,Golders Green,London,London,England,
2449,Hampstead Heath,London,London,England,
2465,Old Forest,London,London,England,
2466,Old Harrovians,London,London,England,
2467,Old Westminster,London,London,England,
2480,Watford Rovers,London,London,England,
2486,Bolton Old,Manchester,Manchester,England,
2492,Leigh RMI,Manchester,Manchester,England,
2495,Manchester City U21,Manchester,Manchester,England,
2496,Manchester United U21,Manchester,Manchester,England,
2497,Radcliffe Borough,Manchester,Manchester,England,
2513,Belfast District,Belfast,Belfast,England,
2515,Chatham,London,London,England,
2518,Gravesend & Northfleet,Gravesend,Gravesham,England,
2536,Fleetwood (old),Blackpool,Blackpool,England,
2545,Loughborough Town,Leicester,Leicester,England,
2548,Brigg Brittania,Scunthorpe,Scunthorpe,England,
2550,Grimsby Town & District,Grimsby,Grimsby,England,
2577,Notts Wanderers,Nottingham,Nottingham,England,
2579,Banbury Spencer,Banbury,Banbury,England,
2591,Shaw Lane,Barnsley,Barnsley,England,
2593,Sheffield Prov,Sheffield,Sheffield,England,
2600,Goldenhill,Stoke-on-Trent,Stoke-on-Trent,England,
2622,Newcastle W E,Newcastle,Newcastle,England,
2624,Caernarfon,Caernarfon,Caernarfon,Wales,
2625,Caernarfon Wanderers,Caernarfon,Caernarfon,Wales,
2627,Chirk,Chirk,Chirk,Wales,
2631,Swansea City U21,Swansea,Swansea,Wales,
2632,AP Leamington,Leamington,Birmingham,England,
2633,Atherstone United,Birmingham,Birmingham,England,
2637,Rugby United,Rugby,Rugby,England,
2638,Aston Shakespeare,Birmingham,Birmingham,England,
2640,Bilston,Birmingham,Birmingham,England,
2641,Birmingham C T,Birmingham,Birmingham,England,
2643,Birmingham Old,Birmingham,Birmingham,England,
2644,Birmingham Southfield,Birmingham,Birmingham,England,
2647,Coventry Sport,Coventry,Coventry,England,
2650,Walsall Swifts,Walsall,Birmingham,England,
2653,Chichester,Chichester,Bognor Regis,England,
2665,Arsenal U21,,,England,
2667,Aston Villa U21,,,England,
2672,Brighton & Hove Albion U21,,,England,
2675,Chelsea U21,,,England,
2681,Cribbs,,,England,
2682,Crystal Palace U21,,,England,
2684,Everton U21,,,England,
2685,Felixstowe & Walton,,,England,
2690,Leeds United U21,,,England,
2691,Leicester City U21,,,England,
2692,Liverpool U21,,,England,
2693,Manchester City U21,,,England,
2694,Manchester United U21,,,England,
2697,Newcastle United U21,,,England,
2703,Southampton U21,,,England,
2708,Tottenham Hotspur U21,,,England,
2711,West Ham United U21,,,England,
2713,Wolverhampton Wanderers U21,,,England,
2716,FC Narva Trans,Narva,Narva,Estonia,1
2717,Levadia Tallinn,Talinn,Talinn,Estonia,1
2725,Tulevik Viljandi,Viljandi,Viljandi,Estonia,
2730,JK Maag Tartu,Tartu,Tartu,Estonia,
2732,Pärnu JK Tervis,,,Estonia,
2733,Tallinna Sadam,Talinn,Talinn,Estonia,
2739,JK Dünamo Tallinn,Talinn,Talinn,Estonia,
2744,Pärnu JK,,,Estonia,
2745,TJK Legion,Talinn,Talinn,Estonia,
2746,Vigri Tallinn,,,Estonia,
2747,Kohtla-Järve Keemik,,,Estonia,
2751,Jõhvi FC Lokomotiv,Johvi,Johvi,Estonia,
2752,Tartu Kalev,,,Estonia,
2753,VK Rivaal Rakvere,Rakvere,Rakvere,Estonia,
2756,Levadia Maardu,Talinn,Talinn,Estonia,
2757,Maag Tammeka,Tartu,Tartu,Estonia,
2758,HB Tórshavn,Torshavn,Torshavn,Faroe Islands,1
2774,FC Suduroy,Vagur,Vagur,Faroe Islands,
2775,LÍF Leirvík,,,Faroe Islands,
2781,KuPS,Kuopio,Kuopio,Finland,1
2782,VPS Vaasa,Vaasa,Vaasa,Finland,1
2788,Seinajoen JK,Seinäjoki,Seinäjoki,Finland,1
2792,HIFK,Helsinki,Helsinki,Finland,
2795,HPS Helsinki,Helsinki,Helsinki,Finland,
2797,FC Kiffen 08,Helsinki,Helsinki,Finland,
2798,MP Mikkeli,Mikkeli,Mikkeli,Finland,
2801,KPV Kokkola,Kokkola,Kokkola,Finland,
2803,Koparit Kuopie,Kuopio,Kuopio,Finland,
2804,Vasa IFK,Vaasa,Vaasa,Finland,
2805,Åbo IFK,Turku,Turku,Finland,
2808,Sudet Kouvola,Kouvola,Kouvola,Finland,
2809,OTP Oulu,Oulu,Oulu,Finland,
2810,MiPK Mikkeli,Mikkeli,Mikkeli,Finland,
2813,HT Helsinki,Helsinki,Helsinki,Finland,
2814,OPS Oulu,Oulu,Oulu,Finland,
2815,Pyrkivä Turku,Turku,Turku,Finland,
2816,FinnPa Helsinki,Helsinki,Helsinki,Finland,
2818,KePS Kemi,,,Finland,
2819,TaPa Tampere,Tampere,Tampere,Finland,
2820,TPV Tampere,Tampere,Tampere,Finland,
2821,TuTo Turku,Turku,Turku,Finland,
2822,GBK Kokkola,,,Finland,
2825,Ponnistus Helsinki,Helsinki,Helsinki,Finland,
2826,Elo Kuopio,Kuopio,Kuopio,Finland,
2828,Jäntevä Kotka,,,Finland,
2832,TuWe Turku,Turku,Turku,Finland,
2833,ViPS Viipuri,,,Finland,
2834,AaltoUS,Helsinki,Helsinki,Finland,
2835,Ässät Pori,Pori,Pori,Finland,
2838,IF Drott,Jakobstad,Jakobstad,Finland,
2839,KoRe Kotka,Kotka,Kotka,Finland,
2840,Kullervo Helsinki,Helsinki,Helsinki,Finland,
2842,RU-38 Pori,Pori,Pori,Finland,
2843,TP-47 Tornio,Tornio,Tornio,Finland,
2844,TPK Turku,Turku,Turku,Finland,
2845,UL Turku,Turku,Turku,Finland,
2848,HIK Hanko,,,Finland,
2849,Into Kemi,,,Finland,
2850,KaPa Kajaani,,,Finland,
2851,Kiri Kotka,Kotka,Kotka,Finland,
2852,Kumu Kuusankoski,,,Finland,
2853,Makkabi Helsinki,,,Finland,
2854,RTU Rauma,,,Finland,
2855,Tampereen Palloilijat,,,Finland,
2857,Toverit Helsinki,Helsinki,Helsinki,Finland,
2859,TuKV Turku,Turku,Turku,Finland,
2861,IF Sport,,,Finland,
2862,Lappeenrannan Pallo,,,Finland,
2863,Pallo-Pojat,Helsinki,Helsinki,Finland,
2864,Sudet Helsinki,Helsinki,Helsinki,Finland,
2865,Sudet Viipuri,Viipuri,Vyborg,Finland,
2895,Grenoble Foot,Grenoble,Grenoble,France,2
2896,Clermont Foot,Clermont-Ferrand,Clermont-Ferrand,France,2
2908,FC Bourg-Péronnas,Péronnas,Bourg-en-Bresse,France,3
2909,Le Puy Foot,Le Puy-en-Velay,Le Puy-en-Velay,France,3
2913,US Thionville Lusitanos,Thionville,Thionville,France,3
2926,Stade Français,Paris,Paris,France,
2939,Angoulème,Angoulème,Angoulème,France,
2957,AS Minguettes Vénissieux,Vénissieux,Vénissieux,France,
2962,Aurillac FCA,Aurillac,Aurillac,France,
2963,Cournon,Cournon,Cournon,France,
2964,Croix de Savoie,Thonon-les-Bains,Thonon-les-Bains,France,
2965,Croix Savoie,Gaillard,Gaillard,France,
2967,FC Grenoble,Grenoble,Grenoble,France,
2971,GOAL FC,Chasselay,Lyon,France,
2972,Mont-d'Or Chasselay,Chasselay,Chasselay,France,
2973,Montluçon Football,Montluçon,Montluçon,France,
2974,Olympic Thonon Chablais,Thonon-les-Bains,Thonon-les-Bains,France,
2975,Pont-de-Chéruy,Pont-de-Chéruy,Pont-de-Chéruy,France,
2977,SO Chambéry,Chambery,Chambery,France,
2985,RCFC Besançon,Besançon,Besançon,France,
2989,Pluvigner,Lorient,Lorient,France,
2994,Stade Quimpérois,Quimper,Quimper,France,
3001,Corte,Corte,Corte,France,
3004,AS Troyes-Savinienne,Troyes,Troyes,France,
3007,ÉF Nancy-Lorraine,Nancy,Nancy,France,
3010,FC Mülhausen 93,Mulhouse,Mulhouse,France,
3012,FCE Schirrhein,Schirrhein,Schirrhein,France,
3013,FCO Charleville,Charleville-Mézières,Sedan,France,
3016,RC Strasbourg II,Strasbourg,Strasbourg,France,
3020,US Forbach,Forbach,Forbach,France,
3030,Calais RUFC,Calais,Calais,France,
3045,CM Aubervilliers,Paris,Paris,France,
3046,CS Meaux Academy,Paris,Paris,France,
3051,Olympique de Pantin,Paris,Paris,France,
3055,Sannois Saint-Gratien,Paris,Paris,France,
3056,UJA Alfortville,Paris,Paris,France,
3063,Pacy Vallée-d'Eure,Pacy-sur-Eure,Pacy-sur-Eure,France,
3073,Stade Poitevin FC,Poitiers,Poitiers,France,
3077,Alès,Alès,Alès,France,
3082,Olympique de Cette,Montpellier,Montpellier,France,
3083,Perpignan Canet,Perpignan,Perpignan,France,
3084,SC Nimes,Nîmes,Nîmes,France,
3085,SO Montpelliérains,Montpellier,Montpellier,France,
3088,FC Nantes Atlantique,Nantes,Nantes,France,
3089,Fontenay-le-Comte,Fontenay-le-Comte,Fontenay-le-Comte,France,
3090,Le Mans UC72,Le Mans,Le Mans,France,
3092,Luçon FC,Luçon,Luçon,France,
3096,SJA Poiré-sur-Vie,Poiré-sur-Vie,Poiré-sur-Vie,France,
3104,GS Consolat,Marseille,Marseille,France,
3107,	FCO Charleville,,,France,
3111,Alfortville UJA,,,France,
3113,Angers UC,,,France,
3114,AS Corbeil Essonnes,,,France,
3118,AS Hautmont,,,France,
3119,AS Limousine Poitiers,,,France,
3120,AS Michelin,,,France,
3121,AS Montbéliard,,,France,
3127,AS Villeurbanne,,,France,
3128,ASM Omnisports,,,France,
3129,ASNG Tarbes,,,France,
3130,AVS Auxerre,,,France,
3131,Bataillon Joinville,,,France,
3132,Burdigalia Bordeaux,,,France,
3133,CA Neuilly,,,France,
3134,CAS Montluçon,,,France,
3135,CASG Orléans,,,France,
3138,CO St. Dizier,,,France,
3139,CP Asnières,,,France,
3140,CPN Châlons,,,France,
3142,CS Caennais,,,France,
3144,CS Malouin Servannais,,,France,
3145,CS Remiremont,,,France,
3146,CS Stade Lorrain,,,France,
3148,CS Vittel,,,France,
3149,Entente BFN,,,France,
3150,ES Brive,,,France,
3155,FAC Nice,,,France,
3156,FC Balagne,,,France,
3157,FC Braux,,,France,
3159,FC International Lyon,,,France,
3161,FC Mantois 78,,,France,
3162,FC Nevers 58,,,France,
3163,FC Rennais,,,France,
3165,FC Saint-Leu,,,France,
3166,FC Sochaux-Montbéliard II,,,France,
3167,FCA Nice,,,France,
3168,FVC Nice,,,France,
3169,Gallia Club,,,France,
3170,Gap HAFC,,,France,
3171,GS Nancéen,,,France,
3173,Herculis de Monaco,,,France,
3174,Hispano-Bastidien,,,France,
3175,International AC,,,France,
3176,Iris Club Lillois,,,France,
3177,La Fraternelle d'Ailly,,,France,
3179,Lyon OU,,,France,
3180,Melun Entente'77,,,France,
3183,Paris-Joinville,,,France,
3185,RC Angevin,,,France,
3188,RC France,,,France,
3191,Red Star Besançon,,,France,
3192,SA Sézannais,,,France,
3194,SC Angérien,,,France,
3196,SC Bastienne Bordeaux,,,France,
3197,SC Dauphinois,,,France,
3201,SC Neuilly,,,France,
3202,SC Nîmois,,,France,
3203,SCA Saint-Jean d'Angély,,,France,
3204,SCO Roubaix,,,France,
3206,SH Marseille,,,France,
3207,SN Bayonne,,,France,
3209,SOE Toulousains,,,France,
3210,SOVC Toulouse,,,France,
3211,SPMSA Romans,,,France,
3213,SS Romilly,,,France,
3214,Stade Ardennais,,,France,
3218,Stade Grenoblois,,,France,
3220,Stade Limousin UC,,,France,
3222,Stade Nantais UC,,,France,
3224,Stade Rémois,,,France,
3225,Stade Toulousain,,,France,
3226,Stade Universitaire Caennais,,,France,
3227,Stade Yssoirien,,,France,
3228,Stadoceste Tarbais,,,France,
3230,SUL Nancy,,,France,
3231,SVA Jarnac,,,France,
3232,SVC Abbeville,,,France,
3234,UA 1er arrondissement,,,France,
3235,UALM Caen,,,France,
3238,US Annemasse,,,France,
3240,US Cognaçaise,,,France,
3241,US Fécamp,,,France,
3244,US Malakoff,,,France,
3247,US Merlebach,,,France,
3248,US Montelimar,,,France,
3252,US Saint-Servan,,,France,
3253,US Servannaise,,,France,
3254,US Suisse,,,France,
3255,US Tavaux Damparis,,,France,
3259,USE Caen,,,France,
3278,FC Zugdidi,Zugdidi,Zugdidi,Georgia,
3283,Margveti Zestafoni,Zestafoni,Zestafoni,Georgia,
3284,FC Shukura,Kobuleti,Kobuleti,Georgia,
3293,FC Kolkheti Khobi,,,Georgia,
3295,FC Tskhumi Sukhumi,Sokhumi,Sokhumi,Georgia,
3298,Amirani Ochamchire,,,Georgia,
3310,FC Zestafoni,Zestafoni,Zestafoni,Georgia,
3316,Liakhvi Tskhinvali,,,Georgia,
3319,FC Gagra Tbilisi,Tbilisi,Tbilisi,Georgia,
3323,Lokomotivi Tbilisi II,Tbilisi,Tbilisi,Georgia,
3365,Rot-Weiß Essen,Essen,Rhine-Ruhr,Germany,3
3372,VfB Stuttgart II,Stuttgart,Stuttgart,Germany,3
3375,SV Wehen,Wiesbaden,Frankfurt,Germany,3
3381,FC Erzgebirge Aue,Aue,Saxon Triangle,Germany,
3383,Lokomotive Leipzig,Leipzig,Saxon Triangle,Germany,
3385,Berliner FC Dynamo,Berlin,Berlin,Germany,
3387,FC Viktoria Frankfurt,Frankfurt (Oder),Frankfurt (Oder),Germany,
3395,Dresdner SC,Dresden,Saxon Triangle,Germany,
3400,SC Fortschritt Weißenfels,Weißenfels,Weißenfels,Germany,
3401,Wismut Gera,Gera,Gera,Germany,
3403,Fortschritt Meerane,,,Germany,
3407,Chemie Böhlen,,,Germany,
3408,FC Stahl Eisenhüttenstadt,Frankfurt (Oder),Frankfurt (Oder),Germany,
3411,FC Homburg,Homburg,Homburg,Germany,
3415,Einheit Pankow,Berlin,Berlin,Germany,
3418,Chemie Zeitz,Zeitz,Zeitz,Germany,
3421,Vorwärts Leipzig,,,Germany,
3422,Vorwärts Stralsund,,,Germany,
3423,SSV Ulm,Ulm,Ulm,Germany,
3426,PSV Schwerin,Schwerin,Schwerin,Germany,
3427,SC Preussen Munster,Munster,Munster,Germany,
3429,Chemie Buna Schkopau,,,Germany,
3431,Franz Mehring Marga,,,Germany,
3432,Suhler SV 06,,,Germany,
3434,Turbine Weimar,,,Germany,
3435,ASV Durlach,Karlsruhe,Karlsruhe,Germany,
3445,Karlsruher SC II,Karlsruhe,Karlsruhe,Germany,
3446,Phönix Karlsruhe,Karlsruhe,Karlsruhe,Germany,
3447,SC Freiburg II,Freiburg,Freiburg,Germany,
3450,SSV Reutlingen,Stuttgart,Stuttgart,Germany,
3456,VfR Heilbronn,Stuttgart,Stuttgart,Germany,
3458,Bayern Munich II,Munich,Munich,Germany,
3460,ESV Ingolstadt,Ingolstadt,Munich,Germany,
3463,FC Nürnberg II,Nuremberg,Nuremberg,Germany,
3464,FC Schweinfurt 05,Schweinfurt,Schweinfurt,Germany,
3466,FV Würzburg,Würzburg,Würzburg,Germany,
3467,MTV Ingolstadt,Munich,Munich,Germany,
3471,SpVgg Fürth,Nuremberg,Nuremberg,Germany,
3476,Türkgücü München,Munich,Munich,Germany,
3478,Wacker Burghausen,Burghausen,Munich,Germany,
3479,Würzburger FV 04,Würzburg,Würzburg,Germany,
3481,Alemannia Berlin,Berlin,Berlin,Germany,
3482,Berlin Ankaraspor,Berlin,Berlin,Germany,
3484,Berliner BC,Berlin,Berlin,Germany,
3485,Berliner FC Alemannia 1890,Berlin,Berlin,Germany,
3486,Berliner SV 92,Berlin,Berlin,Germany,
3487,Hertha BSC Berlin II,Berlin,Berlin,Germany,
3489,Kickers 1900 Berlin,Berlin,Berlin,Germany,
3490,Minerva 93 Berlin,Berlin,Berlin,Germany,
3491,Norden-Nordwest Berlin,Berlin,Berlin,Germany,
3492,SC Charlottenburg,Berlin,Berlin,Germany,
3496,Tennis Borussia Berlin II,Berlin,Berlin,Germany,
3498,Union 92 Berlin,Berlin,Berlin,Germany,
3499,Union Oberschöneweide,Berlin,Berlin,Germany,
3501,Vorwärts Berlin,Berlin,Berlin,Germany,
3503,West Berlin XI,Berlin,Berlin,Germany,
3504,FC Ludwigsfelde,Ludwigsfelde,Ludwigsfelde,Germany,
3512,OT Bremen,Bremen,Bremen,Germany,
3513,TuS Bremerhaven 93,Bremerhaven,Bremen,Germany,
3514,Werder Bremen II,Bremen,Bremen,Germany,
3515,VfB Königsberg,Königsberg,Königsberg,Germany,
3516,Altonaer FC 93,Hamburg,Hamburg,Germany,
3518,Concordia Hamburg,Hamburg,Hamburg,Germany,
3522,Hamburger SV II,Hamburg,Hamburg,Germany,
3524,LSV Hamburg,Hamburg,Hamburg,Germany,
3526,USC Paloma,Hamburg,Hamburg,Germany,
3527,Eintracht Haiger,Haiger,Haiger,Germany,
3529,Frankfurt XI,Frankfurt,Frankfurt,Germany,
3532,Hessen Kassel,Kassel,Kassel,Germany,
3537,BSV Rehden,Rehden,Rehden,Germany,
3540,FC Hansa Lüneburg,Lüneburg,Lüneburg,Germany,
3541,Hannover 96 II,Hannover-Brunswick,Hannover-Brunswick,Germany,
3543,Olympia Wilhelmshaven,Wilhelmshaven,Wilhelmshaven,Germany,
3545,SC Göttingen 05,Göttingen,Göttingen,Germany,
3551,FC Hansa Rostock II,Rostock,Rostock,Germany,
3555,Bayer Leverkusen II,Rhine-Ruhr,Rhine-Ruhr,Germany,
3556,Bayer Uerdingen,Rhine-Ruhr,Rhine-Ruhr,Germany,
3558,Borussia Dortmund II,Dortmund,Rhine-Ruhr,Germany,
3559,Borussia Mönchengladbach II,Rhine-Ruhr,Rhine-Ruhr,Germany,
3561,BV Lüttringhausen,Rhine-Ruhr,Rhine-Ruhr,Germany,
3562,BW Brühl,Rhine-Ruhr,Rhine-Ruhr,Germany,
3563,Cologne XI,Rhine-Ruhr,Rhine-Ruhr,Germany,
3564,DJK Gütersloh,Gütersloh,Bielefeld,Germany,
3565,DSC Wanne-Eickel,Rhine-Ruhr,Rhine-Ruhr,Germany,
3573,Fortuna Düsseldorf II,Rhine-Ruhr,Rhine-Ruhr,Germany,
3576,Mülheimer SV,Rhine-Ruhr,Rhine-Ruhr,Germany,
3579,SC 99 Köln,Rhine-Ruhr,Rhine-Ruhr,Germany,
3580,SC Düsseldorf 99,Rhine-Ruhr,Rhine-Ruhr,Germany,
3590,TSV Alemannia Aachen II,Aachen,Aachen,Germany,
3594,TuS Paderborn-Neuhaus,Paderborn,Paderborn,Germany,
3595,TuS Schloß Neuhaus,Paderborn,Paderborn,Germany,
3599,Eintracht Trier,Trier,Trier,Germany,
3600,FC Kaiserslautern II,Kaiserslautern,Kaiserslautern,Germany,
3603,Mainz 05 II,Frankfurt,Frankfurt,Germany,
3605,Südwest Ludwigshafen,Ludwigshafen,Rhine-Neckar,Germany,
3607,SV Niederauerbach,Zweibrücken,Zweibrücken,Germany,
3612,TuS Neuendorf,Koblenz,Koblenz,Germany,
3617,FC Saarbrücken II,Saarbrücken,Saarbrücken,Germany,
3619,Saar 05 Saarbrücken,Saarbrücken,Saarbrücken,Germany,
3620,SV Rot-Weiß Hasborn,Hasborn-Dautweiler,Hasborn-Dautweiler,Germany,
3621,Bischofswerdaer FV,Bischofswerda,Bischofswerda,Germany,
3622,FC Carl Zeiss Jena II,Saxon Triangle,Saxon Triangle,Germany,
3623,Fortuna Leipzig,Saxon Triangle,Saxon Triangle,Germany,
3624,Leipzig XI,Saxon Triangle,Saxon Triangle,Germany,
3633,Rot-Weiß Erfurt II,Erfurt,Erfurt-Weimar-Jena,Germany,
3636,Alemannia Cottbus,,,Germany,
3638,Arminia Gütersloh,,,Germany,
3639,ASC Hannover,,,Germany,
3640,Askania Forst,,,Germany,
3641,ASV Landau,,,Germany,
3642,ATV Liegnitz,,,Germany,
3647,Beuthen 09,,,Germany,
3654,BuEV Danzig,,,Germany,
3655,CfR Köln,,,Germany,
3656,Chemnitzer BC,,,Germany,
3658,DWM Posen,,,Germany,
3660,Eintracht Duisburg,,,Germany,
3661,Eintracht Norderstedt,,,Germany,
3663,FC Altona 93,,,Germany,
3666,FC Viktoria Forst,,,Germany,
3667,FC Villingen,,,Germany,
3668,FV Breslau 06,,,Germany,
3672,FV Stadt Düdelingen,,,Germany,
3674,Germania Königshütte,,,Germany,
3677,Göttingen 05,,,Germany,
3679,Guts Muths Dresden,,,Germany,
3683,Hindenburg Allenstein,,,Germany,
3684,HSV Groß-Born,,,Germany,
3687,Kölner BC,,,Germany,
3688,KSG Duisburg,,,Germany,
3689,KSG Köln-Sülz/VfL 99,,,Germany,
3690,KSG Saarbrücken,,,Germany,
3692,Lichterfelder SU,,,Germany,
3693,Lituania Tilist,,,Germany,
3694,Lok Altmark Stendal,,,Germany,
3695,LSV Brieg,,,Germany,
3696,LSV Danzig,,,Germany,
3697,LSV Krakau,,,Germany,
3698,LSV Olmütz,,,Germany,
3699,LSV Pütnitz,,,Germany,
3700,LSV Rerik,,,Germany,
3701,LSV Stettin,,,Germany,
3704,MSV Brünn,,,Germany,
3705,NFC Rot-Weiß Berlin,,,Germany,
3706,NSTG Brüx,,,Germany,
3708,NSTG Prag,,,Germany,
3709,OSC Solingen,,,Germany,
3712,Polizei Litzmannstadt,,,Germany,
3713,Polizei SV Bremen,,,Germany,
3714,Preußen Danzig,,,Germany,
3716,Preussen Hindenburg,,,Germany,
3717,Preußen Krefeld,,,Germany,
3718,Preußen Stettin,,,Germany,
3719,Prussia Samland Königsberg,,,Germany,
3720,PS Regensburg,,,Germany,
3721,PSV Chemnitz,,,Germany,
3722,Rasensport Harburg,,,Germany,
3723,Reinickendorfer Füchse,,,Germany,
3724,Rot-Weiß Frankfurt,,,Germany,
3726,SC Breslau 08,,,Germany,
3730,SC Großrosseln,,,Germany,
3734,SC Norderstedt,,,Germany,
3738,SC Stettin,,,Germany,
3741,Schlesien Breslau,,,Germany,
3743,SG Eintracht Lahnstein,,,Germany,
3744,SG SS Straßburg,,,Germany,
3745,SG Warschau,,,Germany,
3746,Sportfreunde Breslau,,,Germany,
3747,Sportfreunde Eisbachtal,,,Germany,
3748,Sportfreunde Neukölln,,,Germany,
3749,Sportfreunde Oesede,,,Germany,
3750,Sportfreunde Ricklingen,,,Germany,
3751,Sportfreunde Saarbrücken,,,Germany,
3762,SSV 1921 Vorsfelde,,,Germany,
3766,STG Hirschberg,,,Germany,
3768,SuBC Plauen,,,Germany,
3772,SV Breslau 02,,,Germany,
3773,SV Concordia Ihrhove 1945,,,Germany,
3775,SV Göppingen,,,Germany,
3776,SV Herne-Sodingen,,,Germany,
3779,SV Ludweiler,,,Germany,
3780,SV Neufahrwasser 1919,,,Germany,
3781,SV Oberachern,,,Germany,
3784,SV Victoria 96 Magdeburg,,,Germany,
3785,SV Warnemünde,,,Germany,
3786,SV Weisenau Mainz,,,Germany,
3789,Teutonia Landsweiler-Reden,,,Germany,
3791,Titania Stettin,,,Germany,
3795,TSG Rostock,,,Germany,
3800,TuRa Ludwigshafen,,,Germany,
3801,TuRU Düsseldorf,,,Germany,
3802,TuS BW Lohne,,,Germany,
3805,TuS Duisburg 48/99,,,Germany,
3806,TuS Haste,,,Germany,
3808,VfB Bielefeld,,,Germany,
3813,VfB Liegnitz,,,Germany,
3815,VfL Benrath,,,Germany,
3816,VfL Hamm,,,Germany,
3818,VfL Köln 99,,,Germany,
3822,VfL Pinneberg,,,Germany,
3823,VfL Stettin,,,Germany,
3824,VfR Breslau,,,Germany,
3826,VfR Köln,,,Germany,
3829,VfV Hildesheim,,,Germany,
3830,Viktoria Stolp,,,Germany,
3831,Vorwärts-Rasensport Gleiwitz,,,Germany,
3832,Wacker Halle,,,Germany,
3833,Wacker Leipzig,,,Germany,
3834,Warnsdorfer FK,,,Germany,
3835,Weiche Flensburg 08,,,Germany,
3837,WSC Celle,,,Germany,
3838,Yorck Boyen Insterburg,,,Germany,
3839,College Europa FC,Gibraltar,Gibraltar,Gibraltar,1
3840,Glacis United FC,Gibraltar,Gibraltar,Gibraltar,1
3842,Lions FC,Gibraltar,Gibraltar,Gibraltar,1
3843,Lynx FC,Gibraltar,Gibraltar,Gibraltar,1
3844,St Joseph's Gibraltar,Gibraltar,Gibraltar,Gibraltar,1
3845,Mons Calpe SC,Gibraltar,Gibraltar,Gibraltar,1
3846,Europa Point FC,Gibraltar,Gibraltar,Gibraltar,1
3847,College 1975 FC,Gibraltar,Gibraltar,Gibraltar,1
3848,FC Bruno's Magpies,Gibraltar,Gibraltar,Gibraltar,1
3849,FC Hound Dogs,Gibraltar,Gibraltar,Gibraltar,1
3850,Manchester 62 FC,Gibraltar,Gibraltar,Gibraltar,
3852,Boca Gibraltar,Gibraltar,Gibraltar,Gibraltar,
3853,Gibraltar Phoenix FC,Gibraltar,Gibraltar,Gibraltar,
3854,FC Britannia XI,Gibraltar,Gibraltar,Gibraltar,
3855,Angels FC,Gibraltar,Gibraltar,Gibraltar,
3856,FC Olympique 13,Gibraltar,Gibraltar,Gibraltar,
3857,Man United Gibraltar,Gibraltar,Gibraltar,Gibraltar,
3858,Olympiakos CFP,Piraeus,Athens,Greece,1
3860,PAOK Thessaloniki,Thessaloniki,Thessaloniki,Greece,1
3863,Iraklis,Thessaloniki,Thessaloniki,Greece,1
3864,OFI Crete,Heraklion,Heraklion,Greece,1
3873,AEL 1964,Larisa,Larisa,Greece,2
3874,Panserraikos FC,Serres,Serres,Greece,2
3875,Apollon Kalamarias,Thessaloniki,Thessaloniki,Greece,2
3876,Panthrakikos FC,Komotini,Komotini,Greece,2
3877,Niki Volou,Volos,Volos,Greece,2
3878,Kallithea FC,Athens,Athens,Greece,2
3880,Olympiakos CFP B,Athens,Athens,Greece,2
3881,PAOK Thessaloniki B,Thessaloniki,Thessaloniki,Greece,2
3882,Nestos Chrysoupoli,Chrysoupoli,Nestos,Greece,2
3883,Zakynthos FC,Zakynthos,Zakynthos,Greece,2
3884,Asteras Tripolis B,Tripoli (GRE),Tripoli (GRE),Greece,2
3887,PAS Pyrgos,Pyrgos,Pyrgos,Greece,2
3888,Apollon Smyrni,Athens,Athens,Greece,
3889,Ethnikos Piraeus,Athens,Athens,Greece,
3891,PAS Giannina,Ioannina,Ioannina,Greece,
3892,Panahaiki,Patras,Patras,Greece,
3893,Egaleo Athens,Athens,Athens,Greece,
3895,AO Kavala,Kavala,Kavala,Greece,
3896,Ionikos,Athens,Athens,Greece,
3898,Pierikos,Katerini,Katerini,Greece,
3899,Proodeftiki,Athens,Athens,Greece,
3900,Kastoria FC,Kastoria,Kastoria,Greece,
3903,Olympiakos Volos,Volos,Volos,Greece,
3904,Lamia FC,Lamia,Lamia,Greece,
3906,Fostiras,Athens,Athens,Greece,
3913,Akratitos,Athens,Athens,Greece,
3914,Ethnikos Asteras,Athens,Athens,Greece,
3916,Rodos FC,Rhodes,Rhodes,Greece,
3919,Diagoras FC,Rhodes,Rhodes,Greece,
3920,Chalkidona,Athens,Athens,Greece,
3921,Chalkida,,,Greece,
3924,AE Nikaia,,,Greece,
3927,Naoussa,,,Greece,
3928,Thermaikos,,,Greece,
3931,AEK Athens B,Athens,Athens,Greece,
3932,Aittitos Spata,Athens,Athens,Greece,
3933,AO Glyfada,Athens,Athens,Greece,
3934,AO Ilisiakos,Athens,Athens,Greece,
3937,Chaidari,Athens,Athens,Greece,
3939,Ilissiakos FC,Athens,Athens,Greece,
3940,Panathinaikos B,Athens,Athens,Greece,
3941,PAO Rouf,Athens,Athens,Greece,
3945,Aiginiakos FC,Aiginio,Aiginio,Greece,
3946,Almopos Aridea,Aridaia,Aridaia,Greece,
3949,Apollon Pontus FC,Thessaloniki,Thessaloniki,Greece,
3950,Ethnikos Gazoros,Gazoros,Gazoros,Greece,
3952,Ethnikos N. Keramidiou,Katerini,Katerini,Greece,
3953,Iraklis Serres,Serres,Serres,Greece,
3955,Vataniakos,Katerini,Katerini,Greece,
3958,AO Giouchtas,Heraklion,Heraklion,Greece,
3959,Chania FC,Chania,Chania,Greece,
3961,Kissamikos,Kissamos,Kissamos,Greece,
3963,AE Giannina,Ioannina,Ioannina,Greece,
3965,Thesprotos FC,Igoumenitsa,Igoumenitsa,Greece,
3966,Tilikratis Lefkada,Lefkada,Lefkada,Greece,
3967,Aiolikos Mytilini,Mytilene,Mytilene,Greece,
3969,Messiniakos,Kalamata,Kalamata,Greece,
3971,Sparta FC,Sparta,Sparta,Greece,
3973,Iraklis Larisa,Larisa,Larisa,Greece,
3975,Kozani FC,Kozani,Kozani,Greece,
3976,AEK Kavala,,,Greece,
3977,Aetos Papafi,,,Greece,
3979,AO Pangrati,,,Greece,
3980,Argonaftis Piraeus,,,Greece,
3981,Arion Kolonaki,,,Greece,
3982,Aris Athens,,,Greece,
3984,Aspida Xanthi,,,Greece,
3985,Asteras Athens,,,Greece,
3986,Atlantas Thessaloniki,,,Greece,
3987,Atlas Athens,,,Greece,
3988,Daphni Athens,,,Greece,
3989,Daphni Metaxourgeio,,,Greece,
3990,Enosi Pangrati,,,Greece,
3991,Esperos Kallitheas,,,Greece,
3992,Fillipoi Kavala,,,Greece,
3993,Goudi,,,Greece,
3994,Keramikos Kaminia,,,Greece,
3996,Meliteus,,,Greece,
3997,MENT,,,Greece,
3998,Olympiacos Athens,,,Greece,
3999,Olympiacos Terpsithea,,,Greece,
4000,Palaio Faliro,,,Greece,
4001,PO Xirokrini,,,Greece,
4002,Theseas Piraeus,,,Greece,
4003,Thiseas Piraeus,,,Greece,
4014,Puskás Akadémia,Budapest,Budapest,Hungary,1
4021,Tatabanyai Banyasz,Tatabánya,Tatabánya,Hungary,
4022,Salgotarjan BTC,Salgótarján,Salgótarján,Hungary,
4025,III. Kerületi TVE,Budapest,Budapest,Hungary,
4036,Teherfuvar,Budapest,Budapest,Hungary,
4051,Miskolci Attila,,,Hungary,
4066,Ózdi Kohasz,,,Hungary,
4068,Székesfehérvári MÁV Előre SC,,,Hungary,
4071,FőTAXI SC,,,Hungary,
4073,Pécsi Vasutas SK,,,Hungary,
4076,Tungsram SC,,,Hungary,
4079,Budapesti EAC,Budapest,Budapest,Hungary,
4082,Gyirmót FC,Gyor,Gyor,Hungary,
4083,Soproni FAC 1900,,,Hungary,
4086,Balmazujvaros FC,Balmazújváros,Balmazújváros,Hungary,
4091,Kiniszi Vasas,,,Hungary,
4098,Szegedi Bástya,Szeged,Szeged,Hungary,
4104,MOL Vidi FC,Székesfehérvár,Székesfehérvár,Hungary,
4105,Szegedi FC,Szeged,Szeged,Hungary,
4106,Videoton FC,Székesfehérvár,Székesfehérvár,Hungary,
4108,Valur Reykjavík,Reykjavík,Reykjavík,Iceland,1
4109,Fram Reykjavík,Reykjavík,Reykjavík,Iceland,1
4110,Vikingur,Reykjavík,Reykjavík,Iceland,1
4111,ÍA,Akranes,Akranes,Iceland,1
4113,ÍBV,Vestmannaeyjar,Vestmannaeyjar,Iceland,1
4114,FH Hafnarfjördur,Hafnarfjördur,Reykjavík,Iceland,1
4116,KA Akureyri,Akureyri,Akureyri,Iceland,1
4118,Þór Akureyri,Akureyri,Akureyri,Iceland,1
4120,Grindavik,Reykjavík,Reykjavík,Iceland,
4122,Þróttur Reykjavík,Reykjavík,Reykjavík,Iceland,
4124,HK Kopavogur,Kopavogur,Reykjavík,Iceland,
4125,Leiftur,Fjallabyggð,Fjallabyggð,Iceland,
4126,Víðir Garði,,,Iceland,
4127,ÍB Hafnarfjördur,Hafnarfjördur,Reykjavík,Iceland,
4128,ÍBÍ,,,Iceland,
4130,Vikingur Olafsvik,Ólafsvík,Ólafsvík,Iceland,
4133,UMF Selfoss,Selfoss,Selfoss,Iceland,
4134,Völsungur,,,Iceland,
4135,ÍR,,,Iceland,
4136,Íþróttafélagið Grótta,Reykjavík,Reykjavík,Iceland,
4137,KF Fjallabyggd,Fjallabyggð,Fjallabyggð,Iceland,
4139,UMF Afturelding,Mosfellsbær,Reykjavík,Iceland,
4140,IBA Akureyri,Akureyri,Akureyri,Iceland,
4142,KR Reykjavík-b,Reykjavík,Reykjavík,Iceland,
4143,Bohemians FC,Dublin,Dublin,Ireland,1
4150,Waterford FC,Waterford,Waterford,Ireland,1
4158,UCD,Dublin,Dublin,Ireland,
4168,Derry Celtic FC,Derry,Derry,Ireland,
4177,Pioneers FC Dublin,Dublin,Dublin,Ireland,
4179,Brooklyn FC Dublin,Dublin,Dublin,Ireland,
4184,Olympia FC Dublin,Dublin,Dublin,Ireland,
4187,Derry Olympic,Derry,Derry,Ireland,
4189,Frankfort FC Dublin,Dublin,Dublin,Ireland,
4194,YMCA FC Dublin,Dublin,Dublin,Ireland,
4195,Alton United FC,Belfast,Belfast,Ireland,
4196,Home Farm Dublin,Dublin,Dublin,Ireland,
4210,Hapoel Ramat-Gan,Tel-Aviv,Tel-Aviv,Israel,1
4220,Maccabi Bnei Raina,Nazareth,Nazareth,Israel,2
4224,Kiryat Yam SC,Kiryat Yam,Haifa,Israel,2
4227,Maccabi Kabilio Jaffa,Tel-Aviv,Tel-Aviv,Israel,2
4246,Ironi Ramat HaSharon,Tel-Aviv,Tel-Aviv,Israel,
4248,FC Nazareth Ilit,Nazareth,Nazareth,Israel,
4255,Hapoel HaTzafon,,,Israel,
4258,Ironi Kiryat Ata,,,Israel,
4260,SK Nes Tziona,,,Israel,
4261,Beitar Tel-Aviv Bat Yam,Tel-Aviv,Tel-Aviv,Israel,
4267,Hapoel Katamon,Jerusalem,Jerusalem,Israel,
4268,Nordia Jerusalem,Jerusalem,Jerusalem,Israel,
4271,Ihud Bnei Shefa-'Amr,Shefa-Amr,Acre,Israel,
4274,Beitar Shimshon Tel-Aviv,Tel-Aviv,Tel-Aviv,Israel,
4275,Beitar Tel-Aviv Ramla,Tel-Aviv,Tel-Aviv,Israel,
4276,Hakoah Maccabi Ramat Gan,Tel-Aviv,Tel-Aviv,Israel,
4312,Catanzaro,Catanzaro,Catanzaro,Italy,2
4326,Pescara,Pescara,Pescara,Italy,3
4335,Audace Cerignola,Cerignola,Foggia,Italy,3
4357,Albinoleffe,Bergamo,Milan,Italy,3
4360,Atalanta U23,Bergamo,Milan,Italy,3
4361,Desenzano,Desenzano del Garda,Brescia,Italy,3
4363,Internazionale U23,Milan,Milan,Italy,3
4368,Vis Pesaro,Pesaro,Pesaro,Italy,3
4370,Juventus U23,Turin,Turin,Italy,3
4371,Torres 1903,Sassari,Sassari,Italy,3
4376,Arzignano Valchiampo,Arzignano,Vicenza,Italy,3
4377,Cittadella,Cittadella,Padua-Venice,Italy,3
4391,Sampierdarenese,Genoa,Genoa,Italy,
4393,Casale,Alessandria,Alessandria,Italy,
4399,Andrea Doria,Genoa,Genoa,Italy,
4405,Pro Vasto,Pro Vasto,Pro Vasto,Italy,
4407,Vastese,Chieti,Chieti,Italy,
4408,Virtus Lanciano,Chieti,Chieti,Italy,
4409,Andria BAT,Barletta,Barletta,Italy,
4415,AS Melfi,Melfi,Melfi,Italy,
4420,Aversa Normanna,Aversa,Aversa,Italy,
4421,Gelbison Cilento,Salerno,Salerno,Italy,
4425,Puteolana,Naples,Naples,Italy,
4428,Brescello,Brescello,Brescello,Italy,
4434,Reggio Audace,Reggio Emilia,Reggio Emilia,Italy,
4438,Monfalcone,Gorizia,Gorizia,Italy,
4440,AS Cisco Roma,Rome,Rome,Italy,
4444,Lupa Castelli Romani,Rome,Rome,Italy,
4446,Monterosi FC,Viterbo,Viterbo,Italy,
4449,Unicusano Fondi,Fondi,Fondi,Italy,
4450,Albissola 2010,Savona,Savona,Italy,
4452,Genova 1893,Genoa,Genoa,Italy,
4453,Liguria,Genoa,Genoa,Italy,
4454,Rapallo Ruentes,Rapallo,Genoa,Italy,
4458,Alzano,Alzano Lombardo,Alzano Lombardo,Italy,
4459,Ambrosiana,Milan,Milan,Italy,
4460,Ambrosiana-Inter,Milan,Milan,Italy,
4465,Milan CFC,Milan,Milan,Italy,
4470,Pergocrema,Milan,Milan,Italy,
4474,Saronno,Milan,Milan,Italy,
4475,Seregno,Milan,Milan,Italy,
4478,US Seregno,Milan,Milan,Italy,
4480,Alma Fano,Pesaro,Pesaro,Italy,
4481,Anconitana,Ancona,Ancona,Italy,
4485,Pesaro,Pesaro,Pesaro,Italy,
4486,Recanatese,Macerata,Macerata,Italy,
4489,AC Cuneo,Cuneo,Cuneo,Italy,
4492,Derthona,Alessandria,Alessandria,Italy,
4494,Novese,Novi Ligure,Novi Ligure,Italy,
4495,Valenzana,Valenza,Valenza,Italy,
4496,Brindisi,Brindisi,Brindisi,Italy,
4499,San Marino Calcio,San Marino,San Marino,San Marino,
4500,Arzachena Calcio,Arzachena,Arzachena,Italy,
4501,Carbosarda,Carbonia,Carbonia,Italy,
4503,Acireale,Catania,Catania,Italy,
4511,AC Tuttocuoio,San Miniato,San Miniato,Italy,
4513,Lucchese Libertas,Lucca,Lucca,Italy,
4514,Montevarchi,Arezzo,Arezzo,Italy,
4517,Pontedera,Pontedera,Pisa-Livorno,Italy,
4519,Pro Livorno,Livorno,Livorno,Italy,
4521,Sangiovannese,San Giovanni Valdarno,Arezzo,Italy,
4527,AC Mestre,Padua-Venice,Padua-Venice,Italy,
4528,AC Verona,Verona,Verona,Italy,
4529,ArzignanoChiampo,Arzignano,Arzignano,Italy,
4530,Bassano Virtus,Bassano del Grappa,Bassano del Grappa,Italy,
4532,FC Valdagno,Vicenza,Vicenza,Italy,
4533,FC Verona,Verona,Verona,Italy,
4535,Portogruaro,Venice,Venice,Italy,
4536,Portosummaga,Venice,Venice,Italy,
4541,AC Ligure,,,Italy,
4542,AC Milanese,,,Italy,
4544,AC Villasanta,,,Italy,
4545,Acquapozzillo,,,Italy,
4547,Alba Audace,,,Italy,
4551,Alcamo,,,Italy,
4552,Alzano Seriate 1909,,,Italy,
4553,Arsenale Messina,,,Italy,
4554,Arsenale Taranto,,,Italy,
4555,ASC Figline,,,Italy,
4564,Audace Taranto,,,Italy,
4567,Ausonia Milano,,,Italy,
4569,Avezzano,,,Italy,
4571,Baracca Lugo,,,Italy,
4577,Bondenese,,,Italy,
4578,Cantieri Riuniti dell'Adriatico,,,Italy,
4579,Carbonia Calcio,,,Italy,
4582,Chinotto Neri,,,Italy,
4583,Città di Castello,,,Italy,
4585,Clodiasottomarina,,,Italy,
4587,Cossatese,,,Italy,
4589,Crevalcore,,,Italy,
4590,CS Rizzoli,,,Italy,
4593,Edera Trieste,,,Italy,
4594,Enna Calcio,,,Italy,
4595,Enotria Goliardo,,,Italy,
4596,Esperia Como,,,Italy,
4597,FBC Torinese,,,Italy,
4598,Fedit Roma,,,Italy,
4600,Fortitudo,,,Italy,
4601,Fortitudo-Pro Roma,,,Italy,
4602,Fossano Calcio,,,Italy,
4605,Gavinovese,,,Italy,
4606,Gela Calcio,,,Italy,
4607,Ginnastica Torino,,,Italy,
4608,Grion Pola,,,Italy,
4609,HNK Rijeka,,,Italy,
4611,Ideale Bari,,,Italy,
4612,Igea 1946,,,Italy,
4614,Internaples,,,Italy,
4618,Lanciotto Ballerini,,,Italy,
4619,Leffe,,,Italy,
4620,Leonzio,,,Italy,
4622,Libertas Trieste,,,Italy,
4623,Liberty Bari,,,Italy,
4625,Luparense,,,Italy,
4628,Magenta,,,Italy,
4629,Massiminiana,,,Italy,
4631,Mediolanum,,,Italy,
4632,Molfetta,,,Italy,
4634,Monsummanese,,,Italy,
4636,Nazionale Lombardia,,,Italy,
4637,Nissena,,,Italy,
4638,Nola,,,Italy,
4640,Parabiago,,,Italy,
4641,Pastore Torino,,,Italy,
4642,Paternò,,,Italy,
4643,Petrarca Padova,,,Italy,
4644,Piemonte,,,Italy,
4645,Pomigliano,,,Italy,
4649,Pro Italia,,,Italy,
4650,Pro Lissone,,,Italy,
4655,Rivarolese,,,Italy,
4656,Rondinella,,,Italy,
4657,Rosignano Solvay,,,Italy,
4658,Rovereto,,,Italy,
4663,Savoia Milan,,,Italy,
4665,Sebinia Alto Sebino,,,Italy,
4666,Sestrese,,,Italy,
4668,Sora,,,Italy,
4669,Speranza Savona,,,Italy,
4670,SS Mortara,,,Italy,
4671,SS Signa,,,Italy,
4675,Toma Maglie,,,Italy,
4676,Trani,,,Italy,
4678,US Aosta,,,Italy,
4679,US Calcio Trani,,,Italy,
4680,US Messinese,,,Italy,
4681,US Milanese,,,Italy,
4684,Valle del Giovenco,,,Italy,
4686,Vigevanesi,,,Italy,
4687,Vigor Fucecchio,,,Italy,
4688,Vigor Torino,,,Italy,
4689,Virescit Bergamo,,,Italy,
4690,Virtus Bologna,,,Italy,
4691,Vittorio Falmec,,,Italy,
4692,Vogherese,,,Italy,
4693,Volontari Venezia,,,Italy,
4694,Kairat Almaty,Almaty,Almaty,Kazakhstan,1
4707,FC Caspiy,Aktau,Aktau,Kazakhstan,1
4709,FC Altai,Oskemen,Oskemen,Kazakhstan,1
4715,FK Zhiger,Shymkent,Shymkent,Kazakhstan,
4725,Energetik Pavlodar,Pavlodar,Pavlodar,Kazakhstan,
4732,FC Tomiris,,,Kazakhstan,
4733,Megasport Almaty,Almaty,Almaty,Kazakhstan,
4735,Nasha Kampaniya,,,Kazakhstan,
4736,Access-Yesil,Petropavl,Petropavl,Kazakhstan,
4738,FC Lokomotiv Astana,Astana,Astana,Kazakhstan,
4739,FC Spartak Semey,Semey,Semey,Kazakhstan,
4740,Kairat Alma-Ata,Almaty,Almaty,Kazakhstan,
4741,Mangystau Aktau,Aktau,Aktau,Kazakhstan,
4742,Vostok Altyn,Oskemen,Oskemen,Kazakhstan,
4743,Yesil Bogatyr,Petropavl,Petropavl,Kazakhstan,
4744,Yesil Kokshetau,Petropavl,Petropavl,Kazakhstan,
4785,Valmieras FK,Valmiera,Valmiera,Latvia,
4792,LU/Daugava Riga,Riga,Riga,Latvia,
4793,JFK Olimps/RFS,Riga,Riga,Latvia,
4796,DAG Rīga,,,Latvia,
4802,FK Lokomotīve Daugavpils,,,Latvia,
4803,Ilūkste NSS,Ilūkste,Ilūkste,Latvia,
4805,Skonto/Metāls,,,Latvia,
4807,FK Gemma,,,Latvia,
4808,FK Interskonto,,,Latvia,
4811,FK Ķīmiķis,,,Latvia,
4812,FK Kvadrāts,,,Latvia,
4813,FK Venta Ventspils,Ventspils,Ventspils,Latvia,
4815,Ranto-Miks,,,Latvia,
4816,RKB-Arma Riga,Riga,Riga,Latvia,
4818,SK Dizvanagi,Rēzekne,Rēzekne,Latvia,
4821,Ditton Daugavpils,Daugavpils,Daugavpils,Latvia,
4823,FK Gauja Valmiera,Valmiera,Valmiera,Latvia,
4826,FS METTA/LU Riga,Riga,Riga,Latvia,
4828,Olimps/RFS,Riga,Riga,Latvia,
4829,FC Balzers,Vaduz,Vaduz,Liechtenstein,
4834,Žalgiris Vilnius,Vilnius,Vilnius,Lithuania,1
4847,FK Inkaras Kaunas,Kaunas,Kaunas,Lithuania,
4849,FK Kareda Kaunas,Kaunas,Kaunas,Lithuania,
4853,FK Panerys Vilnius,Vilnius,Vilnius,Lithuania,
4863,Mastis Telšiai,,,Lithuania,
4865,FK Ukmergė,,,Lithuania,
4867,FK Vienybė,,,Lithuania,
4871,FK Atletas Kaunas,Kaunas,Kaunas,Lithuania,
4877,Polonija Vilnius,Vilnius,Vilnius,Lithuania,
4878,Žalgiris-2,,,Lithuania,
4879,Alsa-Panerys,,,Lithuania,
4880,FK Minija Kretinga,,,Lithuania,
4881,FK Panerys-2,,,Lithuania,
4882,FK Spyris Kaunas,Kaunas,Kaunas,Lithuania,
4883,FK Vilija Kaunas,Kaunas,Kaunas,Lithuania,
4885,Interas Visaginas,Visaginas,Visaginas,Lithuania,
4887,REO Vilnius,Vilnius,Vilnius,Lithuania,
4888,Žalgiris-Volmeta,,,Lithuania,
4890,FK Lietava,Jonava,Jonava,Lithuania,
4891,FK LKKA-Teledema,Kaunas,Kaunas,Lithuania,
4892,FK Trakai,Trakai,Trakai,Lithuania,
4893,KFK Šiauliai,Šiauliai,Šiauliai,Lithuania,
4894,Spartak Vilnius,Vilnius,Vilnius,Lithuania,
4914,Red Boys,Luxembourg City,Luxembourg City,Luxembourg,
4922,National Schifflange,Luxembourg City,Luxembourg City,Luxembourg,
4925,SC Tétange,Luxembourg City,Luxembourg City,Luxembourg,
4926,Chiers Rodange,Luxembourg City,Luxembourg City,Luxembourg,
4927,FC Red Black Pfaffenthal,Luxembourg City,Luxembourg City,Luxembourg,
4928,FC RM Hamm Benfica,Luxembourg City,Luxembourg City,Luxembourg,
4941,Jeunesse Wasserbillig,,,Luxembourg,
4943,US Mondorf,,,Luxembourg,
4947,FC Mamer,Luxembourg City,Luxembourg City,Luxembourg,
4948,Progres Grund,,,Luxembourg,
4949,Rapid Neudorf,,,Luxembourg,
4951,Blue Boys Muhlenbach,Luxembourg City,Luxembourg City,Luxembourg,
4952,CS Alliance 01,Luxembourg City,Luxembourg City,Luxembourg,
4954,Daring Club Eich,,,Luxembourg,
4955,Eclair Bettembourg,,,Luxembourg,
4958,FC Schifflingen,Luxembourg City,Luxembourg City,Luxembourg,
4960,Mansfeldia Clausen,,,Luxembourg,
4961,SC Echternach,,,Luxembourg,
4963,Tricolore Muhlenweg,,,Luxembourg,
4965,US Esch-sur-Alzette,Luxembourg City,Luxembourg City,Luxembourg,
4971,Hamrun Spartans,Valletta-Malta Island,Valletta-Malta Island,Malta,1
4977,Żabbar St. Patrick FC,Valletta-Malta Island,Valletta-Malta Island,Malta,1
4983,Msida St. Joseph FC,Valletta-Malta Island,Valletta-Malta Island,Malta,
4995,Cottonera FC,,,Malta,
5001,Marsa United,,,Malta,
5002,Msida Rovers,,,Malta,
5003,Valletta Rovers,,,Malta,
5004,Floriana Liberty,,,Malta,
5006,Xghajra Tornadoes,Valletta-Malta Island,Valletta-Malta Island,Malta,
5007,	The King's Own Malta Regiment,Valletta-Malta Island,Valletta-Malta Island,Malta,
5008,Army Service Corps,,,Malta,
5009,Balzan Youths,Valletta-Malta Island,Valletta-Malta Island,Malta,
5010,Boys Empire League,,,Malta,
5011,Cospicua Rangers,,,Malta,
5012,Curmi United,,,Malta,
5014,Dockyard Police,,,Malta,
5017,Malta Police,,,Malta,
5018,Malta University,,,Malta,
5019,Mellieha SC,,,Malta,
5020,Old Lions FC,,,Malta,
5021,Sliema Athletics,,,Malta,
5022,Sliema Hotspurs,,,Malta,
5023,St. Joseph's United,,,Malta,
5024,Tigers FC,,,Malta,
5025,Valletta City,,,Malta,
5026,Valletta St. Paul's,,,Malta,
5031,FC Sheriff Tiraspol,Tiraspol,Tiraspol,Moldova,1
5036,Real Sireți,Sireți,Strășeni,Moldova,1
5039,Tiligul Tiraspol,Tiraspol,Tiraspol,Moldova,
5042,Agro Chisinau,Chisinau,Chisinau,Moldova,
5046,Unisport-Auto,Chisinau,Chisinau,Moldova,
5050,CF Gagauziya,Gagauzia,Gagauzia,Moldova,
5057,CSF Spartanii Sportul,Chisinau,Chisinau,Moldova,
5072,FC Prut Leova,,,Moldova,
5077,Tricon Cahul,,,Moldova,
5079,Burevestnik Kishinev,Chisinau,Chisinau,Moldova,
5080,Constructorul Chişinău,Chisinau,Chisinau,Moldova,
5081,Constructorul Cioburcu,Tiraspol,Tiraspol,Moldova,
5082,CSCA-Rapid Chişinău,Chisinau,Chisinau,Moldova,
5083,FC Dinamo Bender,Bender,Tiraspol,Moldova,
5085,FC Olimpia Bălţi,Balti,Balti,Moldova,
5087,FC Viitorul,Orhei,Orhei,Moldova,
5088,FC Zaria Bălți,Balti,Balti,Moldova,
5089,Haiduc-Sporting-USM,Chisinau,Chisinau,Moldova,
5090,Moldova Kishinev,Chisinau,Chisinau,Moldova,
5091,Nistru Kishinev,Chisinau,Chisinau,Moldova,
5100,FK Otrant-Olympic,Ulcinj,Ulcinj,Montenegro,1
5114,Crnogorac Cetinje,,,Montenegro,
5155,Jong AZ Alkmaar,Alkmaar,Alkmaar,Netherlands,2
5157,Jong Almere City FC,Almere,Amsterdam,Netherlands,3
5166,Jong Sparta Rotterdam,Rotterdam,Rotterdam-The Hague,Netherlands,3
5179,Elinkwijk,Utrecht,Utrecht,Netherlands,
5182,Sittardia,Sittard-Geleen,Sittard-Geleen,Netherlands,
5187,BVV Den Bosch,Den Bosch,Den Bosch,Netherlands,
5188,Volewijckers,Amsterdam,Amsterdam,Netherlands,
5189,SVV,Rotterdam-The Hague,Rotterdam-The Hague,Netherlands,
5191,Alkmaar '54,Alkmaar,Alkmaar,Netherlands,
5192,ACV,Assen,Assen,Netherlands,
5194,FC Omniworld,Almere,Amsterdam,Netherlands,
5197,Jong SC Heerenveen,Heerenveen,Heerenveen,Netherlands,
5198,SC Joure,Joure,Joure,Netherlands,
5201,De Treffers/Kegro,Arnhem-Nijmegen,Arnhem-Nijmegen,Netherlands,
5204,Jong De Graafschap,Doetinchem,Doetinchem,Netherlands,
5205,Jong Vitesse Arnhem,Arnhem-Nijmegen,Arnhem-Nijmegen,Netherlands,
5207,SDC Putten,Putten,Putten,Netherlands,
5212,VVOG,Harderwijk,Harderwijk,Netherlands,
5213,WHC,Wezep,Wezep,Netherlands,
5216,GVAV,Groningen,Groningen,Netherlands,
5217,GVAV Rapiditas,Groningen,Groningen,Netherlands,
5220,EVV Echt,Echt-Susteren,Echt-Susteren,Netherlands,
5223,Maurits,Sittard-Geleen,Sittard-Geleen,Netherlands,
5226,SV Meersen,Meerssen,Meerssen,Netherlands,
5228,FC Oss,Oss,Oss,Netherlands,
5229,Jong RBC Roosendaal,Roosendaal,Roosendaal,Netherlands,
5230,Jong RKC Waalwijk,Waalwijk,Waalwijk,Netherlands,
5243,Ajax AV,Amsterdam,Amsterdam,Netherlands,
5245,DWV Amsterdam,Amsterdam,Amsterdam,Netherlands,
5246,EDO Haarlem,Amsterdam,Amsterdam,Netherlands,
5247,HFC,Amsterdam,Amsterdam,Netherlands,
5249,Jong FC Volendam,Amsterdam,Amsterdam,Netherlands,
5250,Jong HFC Haarlem,Amsterdam,Amsterdam,Netherlands,
5251,Jong Stormvogels Telstar,Amsterdam,Amsterdam,Netherlands,
5256,Stormvogels,Amsterdam,Amsterdam,Netherlands,
5257,Stormvogels Telstar,Amsterdam,Amsterdam,Netherlands,
5260,Volharding,Amsterdam,Amsterdam,Netherlands,
5268,FC Zwolle,Zwolle,Zwolle,Netherlands,
5269,Go Ahead,Deventer,Deventer,Netherlands,
5270,HSC '21,Haaksbergen,Haaksbergen,Netherlands,
5278,CVV,Rotterdam-The Hague,Rotterdam-The Hague,Netherlands,
5279,DOTO,Rotterdam-The Hague,Rotterdam-The Hague,Netherlands,
5280,DS '79,Rotterdam-The Hague,Rotterdam-The Hague,Netherlands,
5282,FC Den Haag,Rotterdam-The Hague,Rotterdam-The Hague,Netherlands,
5284,FC Vlaardingen,Vlaardingen,Rotterdam-The Hague,Netherlands,
5287,HBS Craeyenhout 2,Rotterdam-The Hague,Rotterdam-The Hague,Netherlands,
5289,HVV Den Haag 2,Rotterdam-The Hague,Rotterdam-The Hague,Netherlands,
5290,Jong Feyenoord,Rotterdam-The Hague,Rotterdam-The Hague,Netherlands,
5292,Olympia Rotterdam,Rotterdam-The Hague,Rotterdam-The Hague,Netherlands,
5294,Quick Den Haag 2,Rotterdam-The Hague,Rotterdam-The Hague,Netherlands,
5295,Rapiditas Rotterdam,Rotterdam-The Hague,Rotterdam-The Hague,Netherlands,
5296,RC en VV Rotterdam,Rotterdam-The Hague,Rotterdam-The Hague,Netherlands,
5302,Victoria Rotterdam,Rotterdam-The Hague,Rotterdam-The Hague,Netherlands,
5303,VOC,Rotterdam-The Hague,Rotterdam-The Hague,Netherlands,
5305,VUC Den Haag,Rotterdam-The Hague,Rotterdam-The Hague,Netherlands,
5310,Xerxes,Rotterdam-The Hague,Rotterdam-The Hague,Netherlands,
5311,Xerxes/DHC,Rotterdam-The Hague,Rotterdam-The Hague,Netherlands,
5313,Holland Utrecht,Utrecht,Utrecht,Netherlands,
5314,HVC,Amersfoort,Amersfoort,Netherlands,
5318,Utrecht XI,Utrecht,Utrecht,Netherlands,
5321,ASC,,,Netherlands,
5322,Babberich Hoornstra,,,Netherlands,
5324,BVV/Verachtert,,,Netherlands,
5326,Delta Sport,,,Netherlands,
5327,DFC,,,Netherlands,
5328,DHC,Delft,Rotterdam-The Hague,Netherlands,
5331,DOSK,,,Netherlands,
5334,Drachtster B,,,Netherlands,
5335,DVS '33,,,Netherlands,
5338,EHC,,,Netherlands,
5340,Excelsior Haarlem,,,Netherlands,
5341,Eysden,,,Netherlands,
5344,FC Zaanstreek,,,Netherlands,
5345,Flevoland,,,Netherlands,
5349,Go Ahead Wageningen,,,Netherlands,
5351,Halsteren,,,Netherlands,
5357,HV&CV Quick,,,Netherlands,
5360,Joure,,,Netherlands,
5367,Leonidas,,,Netherlands,
5373,Nijenrodes,,,Netherlands,
5387,Sneek Hovis,,,Netherlands,
5390,Stevo,,,Netherlands,
5394,SVVMSC,,,Netherlands,
5400,Victoria Wageningen,,,Netherlands,
5401,VIOS,,,Netherlands,
5404,VVA,,,Netherlands,
5414,FK Tikveš,Kavadarci,Kavadarci,North Macedonia,1
5422,FK Makedonia Skopje,Skopje,Skopje,North Macedonia,
5438,FC Makedonia,Skopje,Skopje,North Macedonia,
5440,FC AP Brera,Strumica,Strumica,North Macedonia,
5449,Vlazrimi Kicevo,Kicevo,Kicevo,North Macedonia,
5457,Građanski Skopje,,,North Macedonia,
5489,Oldpark FC Belfast,Belfast,Belfast,Northern Ireland,
5491,King's Own Scottish Borderers FC,Belfast,Belfast,Northern Ireland,
5494,Milltown FC Belfast,Belfast,Belfast,Northern Ireland,
5496,St Columb's Court FC,Belfast,Belfast,Northern Ireland,
5497,Tritonville FC,,,Northern Ireland,
5498,YMCA FC Belfast,Belfast,Belfast,Northern Ireland,
5499,Freebooters FC,,,Northern Ireland,
5500,Gordon Highlanders,Belfast,Belfast,Northern Ireland,
5503,Sherwood Foresters,Belfast,Belfast,Northern Ireland,
5522,KFUM Oslo,Oslo,Oslo,Norway,1
5525,FC Lyn Oslo,Oslo,Oslo,Norway,
5527,Stabaek IF,Oslo,Oslo,Norway,
5528,Mjøndalen IF,Oslo,Oslo,Norway,
5533,Kongsvinger IL,Kongsvinger,Kongsvinger,Norway,
5534,Sogndal IL,Sogndal,Sogndal,Norway,
5535,Strømmen IF,Oslo,Oslo,Norway,
5538,Larvik Turn,Larvik,Larvik,Norway,
5543,IL Hødd,Ulsteinvik,Ulsteinvik,Norway,
5545,Raufoss IL,,,Norway,
5546,SK Freidig,Trondheim,Trondheim,Norway,
5547,Årstad IL,,,Norway,
5548,Fram Larvik,Larvik,Larvik,Norway,
5560,Kapp IL,,,Norway,
5561,Kvik Trondheim,Trondheim,Trondheim,Norway,
5562,Pors Grenland,,,Norway,
5566,Stavanger IF,Stavanger,Stavanger,Norway,
5567,Strindheim,,,Norway,
5572,Geithus IL,,,Norway,
5573,Hamar IL,,,Norway,
5575,Nordnes IL,,,Norway,
5576,Nydalens SK,,,Norway,
5577,Os TF,,,Norway,
5578,Sandaker,,,Norway,
5580,SK Hardy,,,Norway,
5582,SK Vard,Haugesund,Haugesund,Norway,
5585,Drammens BK,,,Norway,
5589,Nordstrand IF,Nordstrand,Nordstrand,Norway,
5590,SBK Drafn,,,Norway,
5591,Solberg SK,,,Norway,
5600,Widzew Łódź,Łódź,Łódź,Poland,1
5601,Zaglebie Lubin,Lubin,Lubin,Poland,1
5625,Unia Skierniewice,Skierniewice,Skierniewice,Poland,2
5629,Zaglebie Sosnowiec,Upper Silesian,Upper Silesian,Poland,
5632,Pogoń Lwów,Lviv,Lviv,Poland,
5635,Odra Wodzislaw,Upper Silesian,Upper Silesian,Poland,
5636,KS Warszawianka,Warsaw,Warsaw,Poland,
5644,KS ROW 1964 Rybnik,Upper Silesian,Upper Silesian,Poland,
5647,Hutnik Krakow,Krakow,Krakow,Poland,
5648,Czarni Lwów,Lviv,Lviv,Poland,
5650,Zaglebie Walbrzych,Wałbrzych,Wałbrzych,Poland,
5655,TKS Toruń,,,Poland,
5665,Hasmonea Lwów,Lviv,Lviv,Poland,
5666,Unia Racibórz,Upper Silesian,Upper Silesian,Poland,
5668,KSZO Ostrowiec,,,Poland,
5669,Miliarder Pniewy,,,Poland,
5672,Pomorzanin Toruń,Toruń,Bydgoszcz–Toruń,Poland,
5675,Kolejarz Łódź,Łódź,Łódź,Poland,
5678,Gornik Polkowice,Polkowice,Polkowice,Poland,
5686,Gedania Gdańsk,,,Poland,
5687,Glinik Gorlice,,,Poland,
5688,Gwardia Katowice,,,Poland,
5689,Iskra Siemianowice,,,Poland,
5691,KKS Olsztyn,,,Poland,
5692,Lechia Lwów,,,Poland,
5694,Motor Białystok,,,Poland,
5697,Rymer Niedobczyce,,,Poland,
5700,Górnik Konin,Konin,Konin,Poland,
5704,Unia Tarnów,Tarnów,Tarnów,Poland,
5706,Ceramika Opoczno,Opoczno,Opoczno,Poland,
5707,Start Łódź,Łódź,Łódź,Poland,
5708,Włókniarz Pabianice,Łódź,Łódź,Poland,
5709,Moto Jelcz Oława,Wrocław,Wrocław,Poland,
5712,GKS Bogdanka,Łęczna,Łęczna,Poland,
5714,Wisla Pulawy,Puławy,Puławy,Poland,
5715,Stilon Gorzów Wielkopolski,Gorzów Wielkopolski,Gorzów Wielkopolski,Poland,
5716,Sparta Lwów,Lviv,Lviv,Poland,
5719,Hutnik Warszawa,Warsaw,Warsaw,Poland,
5720,RKS Ursus,Warsaw,Warsaw,Poland,
5723,CWKS Resovia,Rzeszów,Rzeszów,Poland,
5727,Stoczniowiec Gdańsk,Gdansk,Gdansk,Poland,
5728,AKS Niwka,Upper Silesian,Upper Silesian,Poland,
5729,Baildon Katowice,Upper Silesian,Upper Silesian,Poland,
5732,Energetyk ROW,Upper Silesian,Upper Silesian,Poland,
5735,Ruch Chorzów II,Upper Silesian,Upper Silesian,Poland,
5736,Urania Ruda Śląska,Upper Silesian,Upper Silesian,Poland,
5737,KS Myszków,Myszków,Myszków,Poland,
5738,Naprzód Rydułtowy,Rydułtowy,Upper Silesian,Poland,
5741,Star Starachowice,Starachowice,Starachowice,Poland,
5744,Gwardia Koszalin,Koszalin,Koszalin,Poland,
5745,Odra Szczecin,Szczecin,Szczecin,Poland,
5746,Chemik Police,Police,Szczecin,Poland,
5748,Błękitni Stargard Szczeciński,,,Poland,
5749,Boruta Zgierz,,,Poland,
5751,Bug Wyszków,,,Poland,
5752,Bzura Chodaków,,,Poland,
5753,Calisia Kalisz,,,Poland,
5756,Chemik Kędzierzyn-Koźle,,,Poland,
5760,Dozamet Nowa Sól,,,Poland,
5761,Drwęca Nowe Miasto Lubawskie,,,Poland,
5763,FC Piaseczno,,,Poland,
5765,Goplania Inowrocław,,,Poland,
5766,Górnik Bytom,,,Poland,
5767,Górnik Pszów,,,Poland,
5768,Górnik Thorez,,,Poland,
5769,Górnik Wojkowice,,,Poland,
5770,Grunwald Ruda Śląska,,,Poland,
5773,Gwardia Szczytno,,,Poland,
5777,Karkonosze Jelenia Góra,,,Poland,
5779,KP Polkowice,,,Poland,
5780,Kryształ Stronie Śląskie,,,Poland,
5781,KS Chełmek,,,Poland,
5784,Lechia Tomaszów Mazowiecki,,,Poland,
5786,LKS Lomza,,,Poland,
5789,Łużyce Lubań,,,Poland,
5790,Małapanew Ozimek,,,Poland,
5793,MGKS Mikulczyce-Rokitnica,,,Poland,
5796,Pafawag Wrocław,,,Poland,
5797,Pelikan Lowicz,,,Poland,
5800,PKS Odra Wrocław,,,Poland,
5803,Polonez Warszawa,,,Poland,
5804,Polonia Leszno,,,Poland,
5806,Pomezania Malbork,,,Poland,
5807,PTC Pabianice,,,Poland,
5814,TP Ostrovia 1909,,,Poland,
5817,Urania Kochłowice,,,Poland,
5818,Varta Namysłów,,,Poland,
5819,Victoria Częstochowa,,,Poland,
5821,Walter Rzeszów,,,Poland,
5822,Warmia Olsztyn,,,Poland,
5823,Wawel Wirek,,,Poland,
5824,WKP Włocławek,,,Poland,
5825,Włókniarz Białystok,,,Poland,
5826,Włókniarz Kietrz,,,Poland,
5827,Włókniarz Łódź,,,Poland,
5828,Zagłębie Dąbrowa Górnicza,,,Poland,
5829,Zastal Zielona Góra,,,Poland,
5833,VSC Vitória Guimarães,Guimarães,Minho,Portugal,1
5871,Lusitano Evora,Évora,Évora,Portugal,3
5876,VSC Vitória Guimarães B,Guimarães,Minho,Portugal,3
5883,USC Paredes,Paredes,Porto,Portugal,3
5891,GD CUF,Lisbon,Lisbon,Portugal,
5899,União de Tomar,Tomar,Tomar,Portugal,
5903,Académico do Porto,Porto,Porto,Portugal,
5907,CAF Viseu,Liegeu,Liegeu,Portugal,
5908,Lusitano VRSA,Faro,Faro,Portugal,
5910,Unidos de Lisboa,Lisbon,Lisbon,Portugal,
5912,SL Elvas,Elvas,Elvas,Portugal,
5918,União de Lisboa,Lisbon,Lisbon,Portugal,
5926,GD Mealhada,Mealhada,Mealhada,Portugal,
5947,GD Prado,Minho,Minho,Portugal,
5957,Sporting Bragança,Bragança,Bragança,Portugal,
5959,GD Covilhanense,Covilhã,Covilhã,Portugal,
5967,Juventude Evora,Évora,Évora,Portugal,
5969,Boa Esperança Portimonense,Faro,Faro,Portugal,
5972,GD Torralta,Faro,Faro,Portugal,
5974,Moncarapachense,Faro,Faro,Portugal,
5979,Souropires,Guarda,Guarda,Portugal,
5982,GD Nazarenos,Nazare,Nazare,Portugal,
5984,Ginásio de Alcobaça,Alcobaça,Alcobaça,Portugal,
5987,Alhandra SC,Lisbon,Lisbon,Portugal,
5989,CD Arroios,Lisbon,Lisbon,Portugal,
5990,CD Olivais e Moscavide,Lisbon,Lisbon,Portugal,
5992,Leões Santarém,Lisbon,Lisbon,Portugal,
5994,Oeiras,Lisbon,Lisbon,Portugal,
5995,Oriental Dragon,Almada,Almada,Portugal,
5998,SC Lourinhanense,Lisbon,Lisbon,Portugal,
5999,SG Sacavenense,Lisbon,Lisbon,Portugal,
6000,SL Olivais,Lisbon,Lisbon,Portugal,
6007,Câmara de Lobos,Câmara de Lobos,Câmara de Lobos,Portugal,
6008,CD Santo António,Funchal,Funchal,Portugal,
6012,Estrela Portalegre,Portalegre,Portalegre,Portugal,
6015,AD Valecambrense,Porto,Porto,Portugal,
6028,Ribeirão,Porto,Porto,Portugal,
6033,Valadares Gaia,Porto,Porto,Portugal,
6039,Ferroviários,Entroncamento,Entroncamento,Portugal,
6040,GD Coruchense,Coruche,Coruche,Portugal,
6041,GD Monsanto,Monsanto,Monsanto,Portugal,
6043,União Tomar,Tomar,Tomar,Portugal,
6045,Alcochetense,Alcochete,Alcochete,Portugal,
6048,Costa da Caparica,Lisbon,Lisbon,Portugal,
6051,GD Pescadores,Almada,Almada,Portugal,
6053,Ginásio do Sul,Lisbon,Lisbon,Portugal,
6067,Lusitano Vildemoinhos,,,Portugal,
6070,Onze Unidos FC,,,Portugal,
6071,Operário Lisboa,,,Portugal,
6072,Os Gouveenses,,,Portugal,
6075,São Domingos Mértola,,,Portugal,
6077,SC Aljustrelense,,,Portugal,
6082,SF Palmense,,,Portugal,
6083,SL Cartaxo,,,Portugal,
6084,SL Faro,,,Portugal,
6085,Sporting Fafe,,,Portugal,
6086,Tramagal SU,,,Portugal,
6087,U Almeirim,,,Portugal,
6089,UD Rossiense,,,Portugal,
6090,UD Valonguense,,,Portugal,
6091,União de Santiago,,,Portugal,
6092,União Guarda,,,Portugal,
6093,União Mirense,,,Portugal,
6097,Dinamo Bucureşti,Bucharest,Bucharest,Romania,1
6117,Olimpia Satu Mare,Satu Mare,Satu Mare,Romania,2
6121,FC Metaloglobus București,Bucharest,Bucharest,Romania,2
6123,CS Dinamo București,Bucharest,Bucharest,Romania,2
6124,CSA Steaua București,Bucharest,Bucharest,Romania,2
6127,CS Stefanesti,Ștefăneștii de Jos,Bucharest,Romania,2
6129,CSM Slatina,Slatina,Slatina,Romania,2
6130,1599 Șelimbăr,Sibiu,Sibiu,Romania,2
6131,Cetate Suceava,Suceava,Suceava,Romania,2
6138,Sportul Studenţesc,Bucharest,Bucharest,Romania,
6141,CA Oradea,Oradea,Oradea,Romania,
6142,Dinamo Cluj,Cluj-Napoca,Cluj-Napoca,Romania,
6143,Ceahlăul Piatra Neamţ,Piatra Neamţ,Piatra Neamţ,Romania,
6153,CFR Timişoara,Timişoara,Timişoara,Romania,
6184,Flacăra Moreni,Moreni,Moreni,Romania,
6188,Unirea Alba Iulia,Alba Iulia,Alba Iulia,Romania,
6190,Academica Clinceni,Bucharest,Bucharest,Romania,
6194,Maccabi Cernăuți,,,Romania,
6196,Polonia Cernăuţi,,,Romania,
6198,Ciocanul București,Bucharest,Bucharest,Romania,
6200,FCM Târgu Mureş,Târgu Mureş,Târgu Mureş,Romania,
6203,Concordia Iaşi,,,Romania,
6205,CSM Câmpia Turzii,,,Romania,
6207,FCM Dinamo Onești,,,Romania,
6208,Fulgerul Chişinău,,,Romania,
6211,Oltul Slatina,,,Romania,
6214,Corona Brasov,Braşov,Braşov,Romania,
6216,Educația Fizică București,Bucharest,Bucharest,Romania,
6219,Juventus Bucuresti,Bucharest,Bucharest,Romania,
6221,Uniunea Sportivă București,Bucharest,Bucharest,Romania,
6226,CS Municipal Studențesc Iași,Iaşi,Iaşi,Romania,
6230,Voinţa Sibiu,Sibiu,Sibiu,Romania,
6235,Avântul Reghin,,,Romania,
6240,Generala Craiova,,,Romania,
6242,Înţelegerea Oradea,,,Romania,
6243,Oltenia Craiova,,,Romania,
6244,Societatea Gimnastică Arad,,,Romania,
6245,Societatea Sportivă Sibiu,,,Romania,
6246,Victoria Iași,,,Romania,
6247,Apulum Alba Iulia,Alba Iulia,Alba Iulia,Romania,
6248,ACS Soimii Pancota,Pâncota,Pâncota,Romania,
6250,UTA Batrana Doamna,Arad,Arad,Romania,
6256,CF Brăila,Brăila,Brăila,Romania,
6258,ASC Daco-Getica,Bucharest,Bucharest,Romania,
6260,FC Naţional Bucureşti,Bucharest,Bucharest,Romania,
6262,Steaua Bucureşti II,Bucharest,Bucharest,Romania,
6264,SCM Gloria Buzau,Buzău,Buzău,Romania,
6265,Metalul Reșița,Reşiţa,Reşiţa,Romania,
6267,CFR 1907 Cluj-Napoca II,Cluj-Napoca,Cluj-Napoca,Romania,
6268,SSP Cluj,Cluj-Napoca,Cluj-Napoca,Romania,
6270,Farul Constanţa II,Constanţa,Constanţa,Romania,
6273,Electroputer Craiova,Craiova,Craiova,Romania,
6274,Gaz Metan CFR Craiova,Craiova,Craiova,Romania,
6277,Viitorul Târgu Jiu,Târgu-Jiu,Târgu-Jiu,Romania,
6278,ACS Energeticianul,Petroșani,Petroșani,Romania,
6281,ACSMU Politehnica Iaşi,Iaşi,Iaşi,Romania,
6285,CS Buftea,Bucharest,Bucharest,Romania,
6288,FC Clinceni,Bucharest,Bucharest,Romania,
6290,Fulgerul Bragadiru,Bucharest,Bucharest,Romania,
6291,FC Maramureş,Baia Mare,Baia Mare,Romania,
6292,ACSF Comuna Recea,Recea,Baia Mare,Romania,
6295,AS Alro Slatina,Slatina,Slatina,Romania,
6296,Astra Ploieşti,Ploieşti,Ploieşti,Romania,
6297,CS Tricolorul Breaza,Breaza,Breaza,Romania,
6298,FC Silvania Simleu Silvaniei,Şimleu Silvaniei,Şimleu Silvaniei,Romania,
6300,Rapid CFR Suceava,Suceava,Suceava,Romania,
6302,Turris-Oltul,Turnu Măgurele,Turnu Măgurele,Romania,
6304,FC CFR Timisoara,Timişoara,Timişoara,Romania,
6306,FCU Politehnica Timişoara II,Timişoara,Timişoara,Romania,
6309,Damila Maciuca,Măciuca,Măciuca,Romania,
6310,Academica Arges,Pitești,Pitești,Romania,
6313,Chimia Brazi,,,Romania,
6321,FCM Reșița,,,Romania,
6325,Industria Sârmei Câmpia Turzii,,,Romania,
6328,Mechel Campia Turzii,,,Romania,
6362,FC Leningradets,St. Petersburg,St. Petersburg,Russia,2
6365,Dynamo St Petersburg,St. Petersburg,St. Petersburg,Russia,
6366,SKA Rostov na Donu,Rostov-on-Don,Rostov-on-Don,Russia,
6370,Saturn Moscow Oblast,Moscow,Moscow,Russia,
6380,VVS Moscow,Moscow,Moscow,Russia,
6382,FC Tyumen,Tyumen,Tyumen,Russia,
6384,FC Uralan Elista,Elista,Elista,Russia,
6386,Stalinets Leningrad,St. Petersburg,St. Petersburg,Russia,
6387,Luch-Energia Vladivostok,Vladivostok,Vladivostok,Russia,
6393,FC Lada,Tolyatti,Tolyatti,Russia,
6395,Elektrosila Leningrad,St. Petersburg,St. Petersburg,Russia,
6399,Pischevik Moscow,Moscow,Moscow,Russia,
6400,Stalinets Moscow,Moscow,Moscow,Russia,
6401,VMS Moscow,Moscow,Moscow,Russia,
6405,Dinamo Rostov,,,Russia,
6407,Amur Blagoveščensk,Blagoveshchensk,Blagoveshchensk,Russia,
6408,FC Amur,Blagoveshchensk,Blagoveshchensk,Russia,
6410,Volgar-Gazprom Astrakhan II,Astrakhan,Astrakhan,Russia,
6413,Gastello Ufa,Ufa,Ufa,Russia,
6417,FC Buryatia Ulan-Ude,Ulan-Ude,Ulan-Ude,Russia,
6418,Selenga Ulan-Ude,Ulan-Ude,Ulan-Ude,Russia,
6420,FC Terek Grozny,Grozny,Grozny,Russia,
6423,Metallurg Magnitogorsk,Magnitogorsk,Magnitogorsk,Russia,
6424,Zenit Chelyabinsk,Chelyabinsk,Chelyabinsk,Russia,
6430,FC Metallurg Novokuznetsk,Novokuznetsk,Novokuznetsk,Russia,
6432,FC Novokuznetsk,Novokuznetsk,Novokuznetsk,Russia,
6434,FC Amur Komsomolsk-na-Amure,Komsomolsk-on-Amur,Komsomolsk-on-Amur,Russia,
6435,FC Smena Komsomolsk,Komsomolsk-on-Amur,Komsomolsk-on-Amur,Russia,
6438,FC Armavir,Armavir,Armavir,Russia,
6439,FC Gekris Novorossiysk,Novorossiysk,Novorossiysk,Russia,
6442,FC Zhemchuzhina-Amerus Enterprises Sochi,Sochi,Sochi,Russia,
6445,Spartak Anapa,Anapa,Anapa,Russia,
6446,FC Metallurg Krasnoyarsk,Krasnoyarsk,Krasnoyarsk,Russia,
6449,CDKA Moscow,Moscow,Moscow,Russia,
6450,CDSA Moscow,Moscow,Moscow,Russia,
6452,FC MVD Rossiyi Moscow,Moscow,Moscow,Russia,
6455,Metallurg Moscow,Moscow,Moscow,Russia,
6456,Profsojuz-1 Moscow,Moscow,Moscow,Russia,
6457,Profsojuz-2 Moscow,Moscow,Moscow,Russia,
6459,FC Interros Moscow,Moscow,Moscow,Russia,
6466,Interros Moskovsky,Moscow,Moscow,Russia,
6467,Spartak-Orekhovo,Orekhovo-Zuyevo,Orekhovo-Zuyevo,Russia,
6471,FC Olimpiyets Nizhny Novgorod,Nizhny Novgorod,Nizhny Novgorod,Russia,
6474,FC Torpedo-Viktoriya,Nizhny Novgorod,Nizhny Novgorod,Russia,
6475,Torpedo Arzamas,Arzamas,Arzamas,Russia,
6476,Torpedo Gorky,Nizhny Novgorod,Nizhny Novgorod,Russia,
6477,Volga Gorkiy,Nizhny Novgorod,Nizhny Novgorod,Russia,
6480,Spartak Ordzhonikidze,Vladikavkaz,Vladikavkaz,Russia,
6482,FC Gazovik Orenburg,Orenburg,Orenburg,Russia,
6485,FC Pskov-747 Pskov,Pskov,Pskov,Russia,
6486,APK Azov,Azov,Azov,Russia,
6487,Atommash Volgodonsk,Volgodonsk,Volgodonsk,Russia,
6490,Rostselmash,Rostov-on-Don,Rostov-on-Don,Russia,
6491,SKVO Rostov/Don,Rostov-on-Don,Rostov-on-Don,Russia,
6492,Torpedo Taganrog,Taganrog,Taganrog,Russia,
6495,Torpedo Ryazan,Ryazan,Ryazan,Russia,
6496,Dynamo Yakutsk,Yakutsk,Yakutsk,Russia,
6501,Krylya Sovetov Kuibyshev,Samara,Samara,Russia,
6504,Admiralteets Leningrad,St. Petersburg,St. Petersburg,Russia,
6505,Dynamo Leningrad,St. Petersburg,St. Petersburg,Russia,
6506,FC Lokomotiv St Petersburg,St. Petersburg,St. Petersburg,Russia,
6507,FC Petrotrest St. Petersburg,St. Petersburg,St. Petersburg,Russia,
6508,FC Prometey-Dynamo St. Petersburg,St. Petersburg,St. Petersburg,Russia,
6509,FC Zvezda Saint Petersburg,St. Petersburg,St. Petersburg,Russia,
6510,Smena-Saturn,St. Petersburg,St. Petersburg,Russia,
6511,Trudovyye Rezervy Leningrad,St. Petersburg,St. Petersburg,Russia,
6512,Zenit Leningrad,St. Petersburg,St. Petersburg,Russia,
6513,Zenit St. Petersburg II,St. Petersburg,St. Petersburg,Russia,
6515,FC Asmaral Kislovodsk,Kislovodsk,Kislovodsk,Russia,
6517,FC Uralmash,Yekaterinburg,Yekaterinburg,Russia,
6518,ODO Sverdlovsk,Yekaterinburg,Yekaterinburg,Russia,
6519,Rubin-TAN Kazan,Kazan,Kazan,Russia,
6520,SK Kalinin,Tver,Tver,Russia,
6521,Dynamo-Gazovik Tyumen,Tyumen,Tyumen,Russia,
6522,FC Gazovik Izhevsk,Izhevsk,Izhevsk,Russia,
6523,Gazovik-Gazprom Izhevsk,Izhevsk,Izhevsk,Russia,
6524,FC Torpedo Vladimir,Vladimir,Vladimir,Russia,
6527,Torpedo Stalingrad,Volgograd,Volgograd,Russia,
6528,Torpedo Volzhsky,Volzhsky,Volzhsky,Russia,
6529,Traktor Stalingrad,Volgograd,Volgograd,Russia,
6531,Trud Voronezh,Voronezh,Voronezh,Russia,
6533,FC Lokomotiv Chita,Chita,Chita,Russia,
6534,FC Chaika Sevastopol,,,Russia,
6535,FK Nazran,,,Russia,
6537,Mashuk-KMV,,,Russia,
6540,Sportakademklub,,,Russia,
6550,SS Folgore,San Marino,San Marino,San Marino,1
6554,SS San Giovanni,San Marino,San Marino,San Marino,1
6556,AC Juvenes/Dogana,San Marino,San Marino,San Marino,1
6561,Racing Libertas Milan,San Marino,San Marino,San Marino,
6562,SS Montevito,San Marino,San Marino,San Marino,
6613,Abercorn,Glasgow,Glasgow,Scotland,
6621,Aberdeen A,Aberdeen,Aberdeen,Scotland,
6626,Arbroath A,Arbroath,Arbroath,Scotland,
6629,Alloa Athletic A,Stirling,Stirling,Scotland,
6633,Queen of the South A,Dumfries,Dumfries,Scotland,
6635,Dundee FC A,Dundee,Dundee,Scotland,
6636,Dundee United A,Dundee,Dundee,Scotland,
6640,Kilmarnock A,Kilmarnock,Kilmarnock,Scotland,
6642,Heart of Midlothian A,Edinburgh,Edinburgh,Scotland,
6643,Hibernian A,Edinburgh,Edinburgh,Scotland,
6644,Leith Athletic A,Edinburgh,Edinburgh,Scotland,
6645,Meadowbank Thistle,Edinburgh,Edinburgh,Scotland,
6646,Falkirk A,Falkirk,Falkirk,Scotland,
6647,Cowdenbeath A,Cowdenbeath,Cowdenbeath,Scotland,
6648,Dunfermline Athletic A,Dunfermline,Dunfermline,Scotland,
6649,East Fife A,Methil,Methil,Scotland,
6651,Raith Rovers A,Kirkcaldy,Kirkcaldy,Scotland,
6652,Celtic A,Glasgow,Glasgow,Scotland,
6654,Glasgow Thistle,Glasgow,Glasgow,Scotland,
6658,Partick Thistle A,Glasgow,Glasgow,Scotland,
6659,Queen's Park Strollers,Glasgow,Glasgow,Scotland,
6660,Rangers A,Glasgow,Glasgow,Scotland,
6661,Third Lanark A,Glasgow,Glasgow,Scotland,
6663,Morton,Greenock,Greenock,Scotland,
6664,Morton A,Greenock,Greenock,Scotland,
6670,Airdrie United,Glasgow,Glasgow,Scotland,
6671,Airdrieonians A,Glasgow,Glasgow,Scotland,
6672,Albion Rovers A,Glasgow,Glasgow,Scotland,
6673,Clyde A,Glasgow,Glasgow,Scotland,
6675,Motherwell A,Glasgow,Glasgow,Scotland,
6677,St. Johnstone A,Perth,Perth,Scotland,
6679,St. Mirren A,Glasgow,Glasgow,Scotland,
6684,Ayr United A,Ayr,Ayr,Scotland,
6685,Hamilton Academicals A,Glasgow,Glasgow,Scotland,
6687,Stirling Albion A,Stirling,Stirling,Scotland,
6688,Dumbarton A,Glasgow,Glasgow,Scotland,
6708,FK IMT,New Belgrade,Belgrade,Serbia,1
6717,Jugoslavija Belgrade,Belgrade,Belgrade,Serbia,
6724,FK Metalac,Gornji Milanovac,Gornji Milanovac,Serbia,
6725,FK TSC Bačka Topola,Bačka Topola,Bačka Topola,Serbia,
6743,FK Naša Krila,,,Serbia,
6759,NAK Novi Sad,,,Serbia,
6764,ŽAK Velika Kikinda,,,Serbia,
6765,BASK Beograd,Belgrade,Belgrade,Serbia,
6766,Belgrade XI,Belgrade,Belgrade,Serbia,
6769,Novi Sad XI,Novi Sad,Novi Sad,Serbia,
6778,Sport Podbrezova,Brezno,Brezno,Slovakia,1
6789,MFK Petržalka,Bratislava,Bratislava,Slovakia,
6792,MŠK Považská Bystrica,Považská Bystrica,Považská Bystrica,Slovakia,
6793,FC Baník Prievidza,,,Slovakia,
6794,HFC Humenné,Humenne,Humenne,Slovakia,
6796,FC Vrutky,,,Slovakia,
6799,ZTK Zvolen,,,Slovakia,
6802,VAS Bratislava,Bratislava,Bratislava,Slovakia,
6803,AC Svit Batizovce,,,Slovakia,
6806,HG Šimonovany,,,Slovakia,
6808,Rimavská Sobota,,,Slovakia,
6810,TS Topolcany,,,Slovakia,
6811,ASO Bratislava,Bratislava,Bratislava,Slovakia,
6812,DSK Bratislava,Bratislava,Bratislava,Slovakia,
6815,SK Baťovany,,,Slovakia,
6816,SK Turciansky Sv. Martin,,,Slovakia,
6817,TJ Slávia Bratislava,Bratislava,Bratislava,Slovakia,
6818,FC Artmedia Bratislava,Bratislava,Bratislava,Slovakia,
6819,FC Artmedia Petržalka,Bratislava,Bratislava,Slovakia,
6820,Matador Puchov,Puchov,Puchov,Slovakia,
6831,NK Nafta 1903,Lendava,Lendava,Slovenia,1
6839,ND Triglav Kranj,Ljubljana,Ljubljana,Slovenia,
6841,NK Korotan,Prevalje,Prevalje,Slovenia,
6844,Ilirija Ljubljana,,,Slovenia,
6848,Tabor Sezana,Sežana,Sežana,Slovenia,
6855,NK Dekani,,,Slovenia,
6857,NK Svoboda Ljubljana,,,Slovenia,
6864,NK Ankaran,Koper,Koper,Slovenia,
6867,NK Livar,Ivančna Gorica,Ivančna Gorica,Slovenia,
6872,Belvedur Izola,Izola,Izola,Slovenia,
6874,NK Factor,Ljubljana,Ljubljana,Slovenia,
6875,NK Publikum,Celje,Celje,Slovenia,
6903,CE Sabadell,Barcelona,Barcelona,Spain,2
6916,Celta de Vigo B,Vigo,Vigo,Spain,2
6941,SD Ponferradina,Ponferrada,Ponferrada,Spain,3
6953,Castilla CF,Madrid,Madrid,Spain,3
6974,Betis Balompié,Seville,Seville,Spain,
6996,Málaga CF B,Málaga,Málaga,Spain,
7002,Real Córdoba,Cordova,Cordova,Spain,
7008,Villanueva de Córdoba,Cordoba,Cordoba,Spain,
7015,Real Zaragoza B,Zaragoza,Zaragoza,Spain,
7022,Real Oviedo B,Oviedo,Oviedo,Spain,
7023,Union Langreo,Langreo,Langreo,Spain,
7030,RCD Mallorca B,Palma de Mallorca,Palma de Mallorca,Spain,
7040,CD Basconia,Bilbao,Bilbao,Spain,
7046,Donostia,San Sebastián,San Sebastián,Spain,
7047,Donostia FC,San Sebastián,San Sebastián,Spain,
7061,Pájara Playas,Las Palmas,Las Palmas,Spain,
7071,Racing Santander B,Santander,Santander,Spain,
7074,Arandina CF,Aranda de Duero,Aranda de Duero,Spain,
7076,CD Guijuelo,Salamanca,Salamanca,Spain,
7079,Leonesa,Leon,Leon,Spain,
7095,Villarrubia CF,Ciudad Real,Ciudad Real,Spain,
7099,CE L´Hospitalet,Barcelona,Barcelona,Spain,
7106,FC Espanya,Barcelona,Barcelona,Spain,
7107,Gramenet UEA,Barcelona,Barcelona,Spain,
7113,UD Lérida,Lleida,Lleida,Spain,
7116,UE Costa Brava,Palamós,Palamós,Spain,
7152,CD Puerta Bonita,Madrid,Madrid,Spain,
7157,Gimnástica Española,Madrid,Madrid,Spain,
7162,Puerta Bonita,Madrid,Madrid,Spain,
7169,Unión Adarve,Madrid,Madrid,Spain,
7172,Atletico Tetuan,Tétouan,Tétouan,Spain,
7177,La Hoya Lorca,Lorca,Lorca,Spain,
7211,AD Mar Menor,,,Spain,
7216,Aranjuez,,,Spain,
7235,CD Autol,,,Spain,
7241,CD Cobeña,,,Spain,
7252,CD Ibiza IP,,,Spain,
7261,CD Los Boliches,,,Spain,
7262,CD Manchego,,,Spain,
7273,CD Santa Ponsa,,,Spain,
7275,CD Serverense,,,Spain,
7281,CDC Moscardó,,,Spain,
7296,CM Peralta,,,Spain,
7306,Endesa Andorra,,,Spain,
7307,Endesa As Pontes,,,Spain,
7308,España Tánger,,,Spain,
7314,Gimnástica Alcázar,,,Spain,
7324,Imperial de Murcia,,,Spain,
7327,Jerez Caballeros,,,Spain,
7330,JS Universitario CF,,,Spain,
7332,Lemoa,,,Spain,
7335,Los Yébenes-San Bruno,,,Spain,
7336,Manlleu,,,Spain,
7350,Playas Jandía,,,Spain,
7351,Puente Genil,,,Spain,
7365,SD Escoriaza,,,Spain,
7369,SG Lucense,,,Spain,
7371,Sport La Plana,,,Spain,
7373,Torrent CF,,,Spain,
7374,Touring KE,,,Spain,
7380,UD Casetas,,,Spain,
7387,UD Orensana,,,Spain,
7398,Unión SC Vigo,,,Spain,
7406,Vinaroz CF,,,Spain,
7411,Djurgårdens IF,Stockholm,Stockholm,Sweden,1
7421,Sirius IK,Uppsala,Uppsala,Sweden,1
7422,Västerås SK,Västerås,Västerås,Sweden,1
7437,Jönköpings Södra,Jönköping,Jönköping,Sweden,
7439,Västra Frölunda IF,Gothenburg,Gothenburg,Sweden,
7456,Stattena IF,,,Sweden,
7476,Redbergslid,,,Sweden,
7477,Reymersholm,,,Sweden,
7483,Jönköpings AIF,Jönköping,Jönköping,Sweden,
7484,Örgryte IS 2,Gothenburg,Gothenburg,Sweden,
7513,BSC Old Boys Basel,Basel,Basel,Switzerland,
7522,FC Genève,Geneva,Geneva,Switzerland,
7531,FC Vevey United,Lausanne,Lausanne,Switzerland,
7534,Montreux Narcisse,,,Switzerland,
7536,Fortuna Basel,,,Switzerland,
7541,Anglo-American Club,Zurich,Zurich,Switzerland,
7542,Anglo-American Wanderers,,,Switzerland,
7543,Fire Flies Zürich,,,Switzerland,
7544,Kickers Zürich,,,Switzerland,
7547,La Châtelaine Genève,Geneva,Geneva,Switzerland,
7549,Villa Longchamp Lausanne,Lausanne,Lausanne,Switzerland,
7552,Excelsior Basel,,,Switzerland,
7553,Geneva United,,,Switzerland,
7554,International Zürich,,,Switzerland,
7555,Le Château de Lancy,,,Switzerland,
7556,Maison Neuve Vevey,,,Switzerland,
7558,Racing Lausanne,,,Switzerland,
7560,Basel XI,Basel,Basel,Switzerland,
7561,FC Porrentruy,Porrentruy,Porrentruy,Switzerland,
7566,ES Malley,Lausanne,Lausanne,Switzerland,
7569,Juventus Zürich,Zurich,Zurich,Switzerland,
7570,CA Genève,,,Switzerland,
7572,Dopolavoro Genève,,,Switzerland,
7574,FC Aurore,,,Switzerland,
7578,FC Bözingen 34,,,Switzerland,
7581,FC Châtel-St.-Denis,,,Switzerland,
7582,FC Chur,,,Switzerland,
7587,FC Gambarogno,,,Switzerland,
7588,FC Giubiasco,,,Switzerland,
7590,FC Helvetia Bern,,,Switzerland,
7596,FC Lengnau,,,Switzerland,
7600,FC Oerlikon Zürich,,,Switzerland,
7603,FC Renens,,,Switzerland,
7604,FC Rüti,,,Switzerland,
7606,FC Thoune,,,Switzerland,
7610,Forward Morges,,,Switzerland,
7612,Pro Daro Bellinzona,,,Switzerland,
7618,SV Seebach Zürich,,,Switzerland,
7619,US Bienne-Boujean,,,Switzerland,
7620,VfR Kleinhüningen,,,Switzerland,
7638,Eyüpspor,Istanbul,Istanbul,Turkey,1
7640,Amedspor,Diyarbakır,Diyarbakır,Turkey,1
7647,Sariyer SK,Istanbul,Istanbul,Turkey,2
7659,Mardin 1969 SK,Mardin,Mardin,Turkey,2
7668,Karsiyaka SK,Izmir,Izmir,Turkey,
7679,Turanspor,Ankara,Ankara,Turkey,
7694,Çanakkale Dardanelspor,Çanakkale,Çanakkale,Turkey,
7698,Yozgatspor,Yozgat,Yozgat,Turkey,
7701,Sebatspor,,,Turkey,
7707,Petrol Ofisi,,,Turkey,
7708,Afjet Afyonspor,Afyonkarahisar,Afyonkarahisar,Turkey,
7709,Gençlerbirliği OFTAŞ,Ankara,Ankara,Turkey,
7712,Osmanlispor,Ankara,Ankara,Turkey,
7713,PTT Ankara,Ankara,Ankara,Turkey,
7715,Balıkesir,Balıkesir,Balıkesir,Turkey,
7717,Denizli Belediyespor,Denizli,Denizli,Turkey,
7719,Eskişehir İdman Yurdu,Eskişehir,Eskişehir,Turkey,
7720,Eskişehir Tayyare Yurdu,Eskişehir,Eskişehir,Turkey,
7721,Gaziantep BSB,Gaziantep,Gaziantep,Turkey,
7724,Güngören Belediyespor,Istanbul,Istanbul,Turkey,
7725,Istanbul BB,Istanbul,Istanbul,Turkey,
7726,Kartalspor,Istanbul,Istanbul,Turkey,
7727,Tepecik Belediye,Istanbul,Istanbul,Turkey,
7728,Tuzlaspor,Istanbul,Istanbul,Turkey,
7730,Konya Şekerspor,Konya,Konya,Turkey,
7731,Tavsanlı Linyitspor,Tavşanlı,Tavşanlı,Turkey,
7732,Malatya Belediyespor,Malatya,Malatya,Turkey,
7738,Adana Milli Mensucat,,,Turkey,
7739,Adana Torosspor,,,Turkey,
7740,Adana Türk Ocağı,,,Turkey,
7741,Adapazarı İdman Yurdu,,,Turkey,
7742,Albayrak İdman Yurdu,,,Turkey,
7743,Anadolu Turan San'atkârangücü,,,Turkey,
7744,Bahriye,,,Turkey,
7745,Balıkesir İdman Yurdu,,,Turkey,
7746,Bozüyük İdman Yurdu,,,Turkey,
7748,Diyarbakır Ayspor,,,Turkey,
7749,Doğanspor,,,Turkey,
7750,Ergenekon İdman Yurdu,,,Turkey,
7751,Gölcük İdman Yurdu,,,Turkey,
7752,Güneşspor,,,Turkey,
7753,Hilâl Spor,,,Turkey,
7754,İlk Işık,,,Turkey,
7755,Işıklar Mektebi,,,Turkey,
7756,Isparta,,,Turkey,
7757,İzmit Harp Filosu,,,Turkey,
7758,İzmit İttihadspor,,,Turkey,
7759,İzmit Kağıtspor,,,Turkey,
7760,Kayagücü,,,Turkey,
7762,Kültürspor,,,Turkey,
7763,Kütahya Gençlerbirliği,,,Turkey,
7765,Maskespor,,,Turkey,
7766,Meriç İdman Yurdu,,,Turkey,
7767,Samsun İdman Yurdu,,,Turkey,
7768,Samsun SK,,,Turkey,
7769,San'atkâran Spor Derneği,,,Turkey,
7770,Trabzon İdman Gücü,,,Turkey,
7771,Trabzon İdman Ocağı,,,Turkey,
7772,Trabzon Lisesi,,,Turkey,
7773,Uçaksavar,,,Turkey,
7774,Üçok,,,Turkey,
7778,Chernomorets,Odessa,Odessa,Ukraine,1
7781,Kryvbas,Kryvyi Rih,Kryvyi Rih,Ukraine,1
7790,FC Epitsentr Dunaivtsi,Dunaivtsi,Kamianets-Podilskyi,Ukraine,1
7802,FC Lokomotiv Kyiv,Kyiv,Kyiv,Ukraine,2
7804,Kolos-2 Kovalivka,Kyiv,Kyiv,Ukraine,2
7806,FC Polissya-2 Zhytomyr,Zhytomyr,Zhytomyr,Ukraine,2
7811,FC Metalurh Zaporizhzhya,Zaporizhia,Zaporizhia,Ukraine,
7820,Torpedo Zaporizhzhya,Zaporizhia,Zaporizhia,Ukraine,
7826,Niva Vinnytsya,Vinnytsia,Vinnytsia,Ukraine,
7829,FC Mynai,Uzhhorod,Uzhhorod,Ukraine,
7837,FC Naftovyk-Ukrnafta,Okhtyrka,Okhtyrka,Ukraine,
7838,Lokomotiv Kyiv,Kyiv,Kyiv,Ukraine,
7841,FC Simferopol,Simferopol,Simferopol,Ukraine,
7842,FC Tytan Armyansk,Armyansk,Armyansk,Ukraine,
7843,Feniks-Illichivets Kalinine,Kalinine,Kalinine,Ukraine,
7844,IS Simferopol,Simferopol,Simferopol,Ukraine,
7845,Krymteplitsia Molodizhne,Simferopol,Simferopol,Ukraine,
7846,Tavria Simpheropol,Simferopol,Simferopol,Ukraine,
7849,FC VPK-Ahro,Dnipro,Dnipro,Ukraine,
7850,Hirnyk Kryvyj Rih,Kryvyi Rih,Kryvyi Rih,Ukraine,
7852,Stal Dniprodzerzhynsk,Dniprodzerzhynsk,Dniprodzerzhynsk,Ukraine,
7853,Avangard Kramatorsk,Kramatorsk,Kramatorsk,Ukraine,
7854,FC Illychivets,Mariupol,Mariupol,Ukraine,
7855,FC Kramatorsk,Kramatorsk,Kramatorsk,Ukraine,
7858,Metalurh Mariupol,Mariupol,Mariupol,Ukraine,
7859,Shakhter Stalino,Donetsk,Donetsk,Ukraine,
7860,Stahanovez Stalino,Donetsk,Donetsk,Ukraine,
7863,Avangard Kharkiv,Kharkiv,Kharkiv,Ukraine,
7864,FC Kobra Kharkiv,Kharkiv,Kharkiv,Ukraine,
7866,Lokomotiv Kharkiv,Kharkiv,Kharkiv,Ukraine,
7867,Selmash Kharkiv,Kharkiv,Kharkiv,Ukraine,
7868,Spartak Kharkiv,Kharkiv,Kharkiv,Ukraine,
7872,Zirka Kirovohrad,Kirovohrad,Kirovohrad,Ukraine,
7877,Arsenal Bila Tserkva,Bila Tserkva,Bila Tserkva,Ukraine,
7878,FC Khimik Severodonetsk,Sievierodonetsk,Sievierodonetsk,Ukraine,
7880,Zarya Voroshilovgrad,Luhansk,Luhansk,Ukraine,
7884,Rukh Vynnyky,Lviv,Lviv,Ukraine,
7887,Dinamo Odessa,Odessa,Odessa,Ukraine,
7888,Dniester Ovidiopol,Ovidiopol,Ovidiopol,Ukraine,
7891,SKA Odessa,Odessa,Odessa,Ukraine,
7892,Spartak Odessa,Odessa,Odessa,Ukraine,
7893,FC Hirnyk-Sport Komsomolsk,Kremenchuk,Kremenchuk,Ukraine,
7901,Zakarpattia Uzhhorod,Uzhhorod,Uzhhorod,Ukraine,
7902,Metallurg Zaporozhe,Zaporizhia,Zaporizhia,Ukraine,
7904,Boryfsen-Boreks Borodianka,,,Ukraine,
7905,Dnipro-2 Dnipropetrovsk,,,Ukraine,
7907,FC Chornomorets-2 Odessa,,,Ukraine,
7908,FC CSKA-2 Kyiv,,,Ukraine,
7910,FC Hirnyk Rovenky,,,Ukraine,
7914,FC Stakhanov,,,Ukraine,
7915,FC Torpedo Zaporizhia,,,Ukraine,
7916,IgroService,,,Ukraine,
7918,Krystal Chortkiv,,,Ukraine,
7921,Ratusha Kamyanets-Podilskyi,,,Ukraine,
7923,Sokol Zolochev,,,Ukraine,
7968,Grange Quins,Cardiff,Cardiff,Wales,
7973,Cambrian & Clydach Vale,,,Wales,
7978,Fflint Town United,Flint,Flint,Wales,
7986,Hankook Verdes,San Ignacio,San Ignacio,Belize,
8006,Escorpiones de Belén,Belen,San José,Costa Rica,1
8007,Inter de San Carlos,Alajuela,San José,Costa Rica,1
8008,LD Alajuelense,Alajuela,San José,Costa Rica,1
8016,Águilas Guanacastecas,Liberia,Liberia,Costa Rica,
8018,CS Uruguay,Coronado,San José,Costa Rica,
8020,Liberia Mía,Alajuela,San José,Costa Rica,
8026,Alianza FC,San Salvador,San Salvador,El Salvador,
8033,CD UES,San Salvador,San Salvador,El Salvador,
8044,CD Heredia,"San José, El Petén","San José, El Petén",Guatemala,
8047,CD Municipal,Guatemala City,Guatemala City,Guatemala,
8050,Club Xelajú,Quetzaltenango,Quetzaltenango,Guatemala,
8051,CSD Comunicaciones,Guatemala City,Guatemala City,Guatemala,
8061,Universidad San Carlos,Guatemala City,Guatemala City,Guatemala,
8067,Valencia FC Léogâne,Leogane,Leogane,Haiti,
8078,Deportes Savio,Santa Rosa de Copán,Santa Rosa de Copán,Honduras,
8079,FC Universidad Católica,Tegucigalpa,Tegucigalpa,Honduras,
8089,L'Aiglon du Lamentin,Lamentin,Lamentin,Martinique,
8091,Chivas Guadalajara,Guadalajara,Guadalajara,Mexico,1
8110,Leones Negros UdeG,Guadalajara,Guadalajara,Mexico,2
8117,CD Tapatio,Guadalajara,Guadalajara,Mexico,2
8122,Piratas FC,Veracruz,Veracruz,Mexico,2
8126,Tecos UAG,Guadalajara,Guadalajara,Mexico,
8131,Jaguares de Chiapas,Tuxtla Gutiérrez,Tuxtla Gutiérrez,Mexico,
8147,San Sebastián,Leon,Leon,Mexico,
8154,Ciudad Madero,Ciudad Madero,Tampico,Mexico,
8156,Club Deportivo Nacional,,,Mexico,
8157,Cobras de Ciudad Juárez,Ciudad Juarez,Ciudad Juarez,Mexico,
8166,Universidad Guadalajara,Guadalajara,Guadalajara,Mexico,
8167,Potros UAEM,Toluca,Mexico City,Mexico,
8177,Mérida FC,Merida,Merida,Mexico,
8181,Mexico Cricket Club,,,Mexico,
8185,Jong Colombia,Willemstad,Willemstad,Netherlands Antilles,
8186,SITHOC,Willemstad,Willemstad,Netherlands Antilles,
8187,SV Estrella,Oranjestad,Oranjestad,Netherlands Antilles,
8201,Puerto Rico Islanders,San Juan,San Juan,Puerto Rico,
8202,Bayamón FC,San Juan,San Juan,Puerto Rico,
8205,Caledonia AIA,Malabar,Malabar,Trinidad & Tobago,
8214,St. Ann's Rangers,San Juan,San Juan,Trinidad & Tobago,
8224,New York Red Bulls,Harrison (NJ),New York,United States,1
8297,Golden Bay Earthquakes,San Francisco-San Jose,San Francisco-San Jose,United States,
8308,Portland Timbers NASL,Portland,Portland,United States,
8311,Atlanta Apollos,Atlanta,Atlanta,United States,
8337,LA Galaxy II,Carson,Los Angeles,United States,
8342,San Jose Clash,San Francisco-San Jose,San Francisco-San Jose,United States,
8346,Hartford Bicentennials,Hartford,Hartford,United States,
8348,FC Tampa Bay,Tampa,Tampa,United States,
8350,Ft. Lauderdale Strikers,Miami,Miami,United States,
8352,Miami Gatos,Miami,Miami,United States,
8355,Atlanta United 2,Atlanta,Atlanta,United States,
8357,Kansas City Wizards,Kansas City,Kansas City,United States,
8360,Ocean City Barons,Washington-Baltimore,Washington-Baltimore,United States,
8364,NSC Minnesota Stars,Minneapolis,Minneapolis,United States,
8368,MetroStars,New York,New York,United States,
8369,New York Red Bulls II,Harrison (NJ),New York,United States,
8370,NY/NJ MetroStars,New York,New York,United States,
8371,Cosmos,New York,New York,United States,
8374,Carolina RailHawks,Raleigh-Durham,Raleigh-Durham,United States,
8376,Toronto Metros,Toronto,Toronto,Canada,
8386,Dallas Burn,Dallas,Dallas,United States,
8387,Rio Grande Valley FC,Edinburg,McAllen,United States,
8406,YoungHeart Manawatu,Palmerston North,Palmerston North,New Zealand,
8407,Lae City Dwellers,Lae,Lae,Papua New Guinea,
8408,PRK Hekari United,Port Moresby,Port Moresby,Papua New Guinea,
8412,Vailima Kiwi FC,Apia,Apia,Samoa,
8423,AS Temanava,Papeete,Papeete,Tahiti,
8426,Amical FC,,,Vanuatu,
8427,Port Vila Sharks,Port Vila,Port Vila,Vanuatu,
8432,San Lorenzo,Buenos Aires,Buenos Aires,Argentina,1
8442,Platense,Buenos Aires,Buenos Aires,Argentina,1
8447,Belgrano de Córdoba,Cordoba,Cordoba,Argentina,1
8450,Instituto de Córdoba,Cordoba,Cordoba,Argentina,1
8453,Sarmiento de Junín,Junin,Junin,Argentina,1
8462,Chacarita Juniors,San Martín,Buenos Aires,Argentina,2
8465,Godoy Cruz,Mendoza,Mendoza,Argentina,2
8469,Club Atlético Temperley,Temperley,Buenos Aires,Argentina,2
8470,Gimnasia de Jujuy,San Salvador de Jujuy,San Salvador de Jujuy,Argentina,2
8475,Patronato de Paraná,Parana,Parana,Argentina,2
8476,Atlético de Rafaela,Rafaela,Rafaela,Argentina,2
8479,Central Norte,Salta,Salta,Argentina,2
8480,Gimnasia y Tiro,Salta,Salta,Argentina,2
8481,CA Acassuso,San Isidro,Buenos Aires,Argentina,2
8482,CA San Telmo,Avellaneda,Buenos Aires,Argentina,2
8484,Agropecuario,Carlos Casares,Carlos Casares,Argentina,2
8485,CA San Miguel,San Miguel,Buenos Aires,Argentina,2
8486,Ciudad de Bolívar,San Carlos de Bolívar,San Carlos de Bolívar,Argentina,2
8488,Defensores Belgrano,Buenos Aires,Buenos Aires,Argentina,2
8492,Deportivo Maipú,Mendoza,Mendoza,Argentina,2
8493,CA Güemes,Santiago del Estero,Santiago del Estero,Argentina,2
8495,CA San Isidro,Buenos Aires,Buenos Aires,Argentina,
8499,Estudiantil Porteño,Buenos Aires,Buenos Aires,Argentina,
8500,Arsenal de Sarandí,Sarandí,Buenos Aires,Argentina,
8501,Defensores de Belgrano,Buenos Aires,Buenos Aires,Argentina,
8502,Lomas Athletic,Buenos Aires,Buenos Aires,Argentina,
8503,Sportivo Barracas,Buenos Aires,Buenos Aires,Argentina,
8511,Club San Fernando,Buenos Aires,Buenos Aires,Argentina,
8517,Club de Gimnasia y Esgrima,La Plata,La Plata,Argentina,
8523,Barracas AC,,,Argentina,
8525,Flores AC,,,Argentina,
8526,Juventud Antoniana,,,Argentina,
8527,Kimberley,,,Argentina,
8530,Club Progresista,,,Argentina,
8532,Reformer AC,,,Argentina,
8533,San Lorenzo Mar del Plata,,,Argentina,
8534,Sportivo del Norte,,,Argentina,
8538,Kimberley AC,,,Argentina,
8541,Hispano Argentino,,,Argentina,
8544,Lobos AC,,,Argentina,
8545,Platense II,,,Argentina,
8546,Retiro AC,,,Argentina,
8548,Sportsman Athletic,,,Argentina,
8553,Buenos Aires and Rosario Railway,,,Argentina,
8554,CA Floresta,,,Argentina,
8555,CA Universal,,,Argentina,
8556,Central Córdoba de Rosario,,,Argentina,
8557,Círculo Deportivo,,,Argentina,
8565,Loma Negra,,,Argentina,
8566,Lomas Academy,,,Argentina,
8569,Sociedad Sportiva Argentina,,,Argentina,
8570,Sportivo Alsina,,,Argentina,
8572,Club Atlético Alvarado,Mar del Plata,Mar del Plata,Argentina,
8576,Crucero del Norte,Posadas,Posadas,Argentina,
8580,AA Eureka,,,Argentina,
8584,Belgrano AC B,,,Argentina,
8585,Belgrano Extra,,,Argentina,
8588,CA Olivos,,,Argentina,
8589,CA Rosario,,,Argentina,
8590,Club Atlético San Lorenzo,,,Argentina,
8591,CO Riachuelo,,,Argentina,
8592,Don Orione,,,Argentina,
8593,Estudiantes SdE,,,Argentina,
8594,Ferro de General Pico,,,Argentina,
8595,Gutemberg La Plata,,,Argentina,
8597,Huracán Las Heras,,,Argentina,
8599,Mariano Moreno,,,Argentina,
8602,Ramsar SC,,,Argentina,
8603,Sportivo Balcarce,,,Argentina,
8605,Unión de General Pinedo,,,Argentina,
8606,Unión Talleres-Lanús,,,Argentina,
8607,United Banks,,,Argentina,
8608,Brown de Adrogué,Buenos Aires,Buenos Aires,Argentina,
8613,Flandria,Buenos Aires,Buenos Aires,Argentina,
8619,C.A.I.,Comodoro Rivadavia,Comodoro Rivadavia,Argentina,
8620,Guillermo Brown,Puerto Madryn,Puerto Madryn,Argentina,
8621,Ben Hur Rafaela,Rafaela,Rafaela,Argentina,
8624,Textil Mandiyú,Corrientes,Corrientes,Argentina,
8626,Juventud Unida,Gualeguaychú,Gualeguaychú,Argentina,
8628,ABB La Paz,La Paz,La Paz,Bolivia,1
8647,Deportivo Municipal,La Paz,La Paz,Bolivia,
8652,Petrolero Yacuiba,Yacuíba,Yacuíba,Bolivia,
8653,Real Mamoré,Trinidad,Trinidad,Bolivia,
8655,Royal Pari,Santa Cruz de la Sierra,Santa Cruz de la Sierra,Bolivia,
8658,Universitario de Sucre,Sucre,Sucre,Bolivia,
8659,Grêmio,Porto Alegre,Porto Alegre,Brazil,1
8682,Ceará,Fortaleza,Fortaleza,Brazil,2
8684,Ponte Preta,Campinas,Campinas,Brazil,2
8689,CRB,Maceio,Maceio,Brazil,2
8692,Londrina,Londrina,Londrina,Brazil,2
8693,Botafogo-SP,Ribeirão Preto,Ribeirão Preto,Brazil,2
8696,Athletic Club (MG),São João del-Rei,São João del-Rei,Brazil,2
8697,Novorizontino,Novo Horizonte,Novo Horizonte,Brazil,2
8703,Botafogo da Paraíba,João Pessoa,João Pessoa,Brazil,3
8704,Inter de Limeira,Limeira,Limeira,Brazil,3
8705,Itabaiana,Itabaiana,Itabaiana,Brazil,3
8714,Ypiranga de Erechim,Erechim,Erechim,Brazil,3
8717,Ferroviária,Araraquara,Araraquara,Brazil,3
8720,CSA,Maceio,Maceio,Brazil,4
8723,América de Natal,Natal,Natal,Brazil,4
8724,ABC,Natal,Natal,Brazil,4
8733,CEFA Tirol,Fortaleza,Fortaleza,Brazil,4
8735,Gama,Brasilia,Brasilia,Brazil,4
8738,Brasil de Pelotas,Pelotas,Pelotas,Brazil,4
8739,Uberlândia,Uberlândia,Uberlândia,Brazil,4
8740,XV de Piracicaba,Piracicaba,Piracicaba,Brazil,4
8742,ASA,Arapiraca,Arapiraca,Brazil,4
8744,Vitória-ES,Vitória,Vitória,Brazil,4
8751,Oratório RC,Macapá,Macapá,Brazil,4
8752,Trem TD,Macapá,Macapá,Brazil,4
8754,Manaus FC,Manaus,Manaus,Brazil,4
8757,Juazeirense,Juazeiro,Juazeiro,Brazil,4
8758,Porto-BA,Porto Seguro,Porto Seguro,Brazil,4
8762,Capital/DF,Brasilia,Brasilia,Brazil,4
8765,ABECAT Ouvidorense,Ouvidor,,Brazil,4
8766,Aparecidense,Goiania,Goiania,Brazil,4
8767,CRAC Catalão,Catalão,Catalão,Brazil,4
8768,Goiatuba/GO,Goiatuba,Goiatuba,Brazil,4
8770,IAPE,São Luís,São Luís,Brazil,4
8771,Imperatriz,Imperatriz,Imperatriz,Brazil,4
8773,Operário-MT,Várzea Grande,Várzea Grande,Brazil,4
8775,União de Rondonópolis,Rondonópolis,Rondonópolis,Brazil,4
8777,Betim/MG,Betim,Belo Horizonte,Brazil,4
8778,Democrata GV,Governador Valadares,Governador Valadares,Brazil,4
8787,São Joseense,São José dos Pinhais,São José dos Pinhais,Brazil,4
8788,Decisão/PE,Goiana,,Brazil,4
8789,Maguary/PE,Bonito,,Brazil,4
8791,AA Altos,Teresina,Teresina,Brazil,4
8792,Fluminense- PI,Teresina,Teresina,Brazil,4
8795,Marica/RJ,Maricá,Rio de Janeiro,Brazil,4
8797,Portuguesa do Rio,Rio de Janeiro,Rio de Janeiro,Brazil,4
8798,Sampaio Corrêa/RJ,Saquarema,Saquarema,Brazil,4
8799,Clube Laguna/RN,Tibau do Sul,,Brazil,4
8800,Guarany de Bagé,Bagé,Bagé,Brazil,4
8808,Marcílio Dias,Itajai,Itajai,Brazil,4
8811,Velo Clube/SP,Rio Claro,Rio Claro,Brazil,4
8813,Araguaína,Araguaína,Araguaína,Brazil,4
8823,Flamengo PI,Teresina,Teresina,Brazil,
8824,Comercial-MS,Campo Grande,Campo Grande,Brazil,
8825,Grêmio Maringá,Maringá,Maringá,Brazil,
8828,São Caetano,Sao Paulo,Sao Paulo,Brazil,
8829,Colorado EC,,,Brazil,
8830,SE Tiradentes,Teresina,Teresina,Brazil,
8831,EC Metropol,,,Brazil,
8834,AA Anapolina,Anápolis,Anápolis,Brazil,
8836,CEOV,Cuiaba,Cuiaba,Brazil,
8838,União São João,Rio Claro,Rio Claro,Brazil,
8839,Fast Clube,Manaus,Manaus,Brazil,
8840,AD Leônico,,,Brazil,
8841,CEUB,,,Brazil,
8842,Rabello FC,,,Brazil,
8846,EC Pinheiros,,,Brazil,
8849,CS Capelense,,,Brazil,
8850,Galícia EC,,,Brazil,
8852,Santo Antônio Capixaba,,,Brazil,
8855,São Paulo-RS,,,Brazil,
8856,Comercial de Ribeirão Preto,Ribeirão Preto,Ribeirão Preto,Brazil,
8858,XV de Jaú,Jaú,Jaú,Brazil,
8859,SC Santa Cruz Estância,,,Brazil,
8862,América Cearense,,,Brazil,
8863,AA Guanabara,Brasilia,Brasilia,Brazil,
8864,CR Guará,,,Brazil,
8866,Defelê FC,,,Brazil,
8869,AA Colatina,,,Brazil,
8870,Itumbiara EC,Itumbiara,Itumbiara,Brazil,
8871,Ferroviário EC,,,Brazil,
8873,Caldense,Poços de Caldas,Poços de Caldas,Brazil,
8877,Estrela do Mar EC,,,Brazil,
8878,Comercial-PR,Cornélio Procópio,Cornélio Procópio,Brazil,
8879,Auto Esporte Clube do Piauí,,,Brazil,
8880,AD Niterói,,,Brazil,
8882,Rio Branco-RJ,,,Brazil,
8883,Potiguar de Mossoró,Mossoró,Mossoró,Brazil,
8884,Inter de Santa Maria,Santa Maria,Santa Maria,Brazil,
8886,GE Olímpico,,,Brazil,
8889,Paula Ramos EC,,,Brazil,
8890,SER Perdigão,,,Brazil,
8891,AA Francana,Franca,Franca,Brazil,
8892,América de Rio Preto,São José do Rio Preto,São José do Rio Preto,Brazil,
8895,Grêmio Prudente,Sao Paulo,Sao Paulo,Brazil,
8897,América do Sergipe,,,Brazil,
8898,AA Militar,,,Brazil,
8900,ADESG,,,Brazil,
8901,América Acreano,,,Brazil,
8902,Andirá EC,,,Brazil,
8904,Duque de Caxias Acre,,,Brazil,
8905,Grêmio Sampaio Acreano,,,Brazil,
8906,Náuas EC,Cruzeiro do Sul,Cruzeiro do Sul,Brazil,
8910,Vasco de Rio Branco,,,Brazil,
8912,AA Coruripe,Coruripe,Coruripe,Brazil,
8913,Alexandria Maceió,,,Brazil,
8915,Batalhense,,,Brazil,
8917,Cruzeiro de Arapiraca,,Arapiraca,Brazil,
8918,EC Barroso,,,Brazil,
8919,Ferroviário Alagoano,,,Brazil,
8920,FF Sport Atalaiense,,,Brazil,
8924,Santa Cruz Alagoano,,,Brazil,
8931,EC Macapá,,,Brazil,
8933,Independente EC,,,Brazil,
8934,Juventus Amapaense,,,Brazil,
8936,Santos Macapá-Amapá,Macapá,Macapá,Brazil,
8937,São José AP,Macapa,Macapa,Brazil,
8939,AA Rodoviária,,,Brazil,
8940,América de Manaus,,,Brazil,
8941,Auto Esporte Amazonense,,,Brazil,
8942,Cruzeiro do Sul Amazonense,,,Brazil,
8947,Manaus Sporting,,,Brazil,
8949,Portuguesa Amazonense,,,Brazil,
8951,Santos Amazonense,,,Brazil,
8953,Sul América EC,,,Brazil,
8954,AA da Bahia,,,Brazil,
8957,Bahia de Feira,Feira de Santana,Feira de Santana,Brazil,
8958,Barcelona FC/BA,Ilhéus,Ilhéus,Brazil,
8961,CIC Salvador,,,Brazil,
8962,Clube Bahiano de Tênis,,,Brazil,
8964,Colo-Colo FR,,,Brazil,
8965,EC Poções,,,Brazil,
8966,EC Ypiranga,,,Brazil,
8968,Fluminense de Salvador,,,Brazil,
8969,Ipitanga,Senhor do Bonfim,Senhor do Bonfim,Brazil,
8970,Jacobina EC,,,Brazil,
8971,Jequié/BA,Jequié,Jequié,Brazil,
8972,Juazeiro,Juazeiro,Juazeiro,Brazil,
8976,São Salvador,,,Brazil,
8978,SC Internacional Bahia,,,Brazil,
8982,Vitória da Conquista,Vitória da Conquista,Vitória da Conquista,Brazil,
8990,Gentilândia,,,Brazil,
8991,Guarani de Juazeiro,,,Brazil,
8992,Guarani EC,Juazeiro do Norte,Juazeiro do Norte,Brazil,
8993,Guarany de Sobral,Sobral,Sobral,Brazil,
8995,Horizonte,Fortaleza,Fortaleza,Brazil,
9005,AA Luziânia,Brasilia,Brasilia,Brazil,
9006,Atlético Ceilandense,Brasilia,Brasilia,Brazil,
9009,Botafogo Sobradinho,,,Brazil,
9010,Botafogo-DF,Brasilia,Brasilia,Brazil,
9011,CFZ Brasília,,,Brazil,
9012,Coenge Brasiliense,,,Brazil,
9013,Colombo Brasiliense,,,Brazil,
9014,Cruzeiro do Sul Brasiliense,,,Brazil,
9015,Esportivo Guará,,,Brazil,
9016,GE Tiradentes,,,Brazil,
9019,Paranoá EC,,,Brazil,
9023,Serviço Gráfico,,,Brazil,
9024,Vila Matias FC,,,Brazil,
9026,América FC Vitória,,,Brazil,
9027,Americano Capixaba,,,Brazil,
9030,Caxias Capixaba,,,Brazil,
9031,CERA São Mateus,,,Brazil,
9032,EC Aracruz,,,Brazil,
9033,Espírito Santo FC,Vitória,Vitória,Brazil,
9035,Floriano Capixaba,,,Brazil,
9036,Guarapari EC,Vitória,Vitória,Brazil,
9038,Jaguaré EC,,,Brazil,
9039,Linhares EC,,,Brazil,
9043,Rio Branco de Venda Nova,,,Brazil,
9045,Serra FC,Serra,Vitória,Brazil,
9046,AA Aparecidense,Aparecida de Goiânia,Aparecida de Goiânia,Brazil,
9048,Atlético Rioverdense,,,Brazil,
9049,Caldas EC,,,Brazil,
9051,EC Rio Verde,,,Brazil,
9056,Jaraguá EC,,,Brazil,
9057,Mineiros EC,Mineiros,Mineiros,Brazil,
9059,Nacional de Itumbiara,,,Brazil,
9061,Real de Itumbiara,,,Brazil,
9064,AE Caxiense,,,Brazil,
9065,Bacabal EC,,,Brazil,
9067,Cordino EC,,,Brazil,
9069,EC Duque de Caxias,,,Brazil,
9070,EC Viana,,,Brazil,
9071,Fênix Maranhense,,,Brazil,
9072,Football AC Maranhense,,,Brazil,
9073,Juventude Samas,São Mateus do Maranhão,São Mateus do Maranhão,Brazil,
9075,Luso Brasileiro Maranhense,,,Brazil,
9076,SE Santa Inês,,,Brazil,
9078,Tocantins EC,,,Brazil,
9079,Tupan Maranhense,,,Brazil,
9082,AA Araguaia,,,Brazil,
9083,Ação,Cuiaba,Cuiaba,Brazil,
9084,Americano-MT,,,Brazil,
9088,Cacerense EC,,,Brazil,
9091,Luverdense EC,Lucas do Rio Verde,Lucas do Rio Verde,Brazil,
9092,Nova Mutum EC,,,Brazil,
9093,Operário Ltda,,,Brazil,
9094,SER Juventude,,,Brazil,
9096,Sorriso EC,,,Brazil,
9097,Vila Aurora,Rondonopolis,Rondonopolis,Brazil,
9099,CENE,Campo Grande,Campo Grande,Brazil,
9102,Douradense,,,Brazil,
9103,EC Águia Negra,,,Brazil,
9108,SE Nova Andradina,,,Brazil,
9109,SERC,,,Brazil,
9110,Sete de Dourados,,,Brazil,
9112,Ubiratan EC,,,Brazil,
9113,Araxá EC,,,Brazil,
9116,Democrata de Sete Lagoas,,,Brazil,
9117,EC Democrata,Governador Valadares,Governador Valadares,Brazil,
9118,EC Mamoré,,,Brazil,
9121,Fabril EC,,,Brazil,
9122,Guarani Divinópolis,Divinópolis,Divinópolis,Brazil,
9123,Guarani-MG,,,Brazil,
9125,Ituiutaba,Ituiutaba,Ituiutaba,Brazil,
9127,Nacional-MG,,,Brazil,
9135,UR Trabalhadores,Patos de Minas,Patos de Minas,Brazil,
9138,Ananindeua,,,Brazil,
9142,Independente Tucuruí,,,Brazil,
9145,Santa Rosa EC,,,Brazil,
9149,Tiradentes-PA,,,Brazil,
9152,América de Esperança,,,Brazil,
9153,América Paraibano,,,Brazil,
9154,Atlético Cajazeirense,,,Brazil,
9155,Brasil Foot Club João Pessoa,João Pessoa,João Pessoa,Brazil,
9156,CA Parahybano,,,Brazil,
9157,Clube Ástrea,,,Brazil,
9158,Colégio Pio X,,,Brazil,
9159,EC Cabo Branco,,,Brazil,
9160,Felipéia EC,,,Brazil,
9161,Guarabira EC,,,Brazil,
9162,Nacional de Patos,Patos,Patos,Brazil,
9163,Palmeiras SC Paraibano,,,Brazil,
9164,Parahyba FC,,,Brazil,
9165,Parahyba Sport,,,Brazil,
9167,Red Cross FC,,,Brazil,
9168,Santa Cruz REC,,,Brazil,
9170,Serrano-PB,,,Brazil,
9171,AA Batel,,,Brazil,
9172,AA Iguaçu,União da Vitória,União da Vitória,Brazil,
9173,ADAP,,,Brazil,
9175,América Paraná,,,Brazil,
9176,Arapongas EC,,,Brazil,
9180,EC Comercial,,,Brazil,
9181,Engenheiro Beltrão,Engenheiro Beltrão,Engenheiro Beltrão,Brazil,
9183,Internacional de Curitiba,,,Brazil,
9185,J. Malucelli,Curitiba,Curitiba,Brazil,
9186,Malutrom,Curitiba,Curitiba,Brazil,
9187,Nacional de Rolândia,,,Brazil,
9188,Nacional Paranaense,Rolândia,Rolândia,Brazil,
9191,Ponta Grossa EC,,,Brazil,
9193,PSTC Procopense,,,Brazil,
9194,Rio Branco do Paraná,Paranaguá,Paranaguá,Brazil,
9197,SE Matsubara,,,Brazil,
9198,Serrano Centro-Sul,Prudentopolis,Prudentopolis,Brazil,
9200,Toledo EC,,,Brazil,
9202,7 de Setembro Garanhuns,Garanhuns,Garanhuns,Brazil,
9203,AD Cabense,Recife,Recife,Brazil,
9205,América de Pernambuco,Recife,Recife,Brazil,
9206,Atlético Pernambucano,,,Brazil,
9208,CA Porto Caruaru,Caruaru,Caruaru,Brazil,
9209,Central Caruaru,Caruaru,Caruaru,Brazil,
9214,Flamengo de Recife,,,Brazil,
9216,Manchete FC,,,Brazil,
9217,Paulistano-PR,,,Brazil,
9219,Porto de Caruaru,Caruaru,Caruaru,Brazil,
9222,Serrano FC Serra Talhada,Serra Talhada,Serra Talhada,Brazil,
9223,Serrano-PE,,,Brazil,
9228,Vitória das Tabocas,Vitória de Santo Antão,Vitória de Santo Antão,Brazil,
9229,Ypiranga FC Santa Cruz,Santa Cruz do Capibaribe,Santa Cruz do Capibaribe,Brazil,
9230,Ypiranga-PE,,,Brazil,
9231,4 de Julho EC,Piripiri,Piripiri,Brazil,
9232,AA Cori-Sabbá,,,Brazil,
9234,Botafogo Piauiense,,,Brazil,
9236,Picos,Picos,Picos,Brazil,
9237,AA Barbará,,,Brazil,
9238,AA Cabofriense,,,Brazil,
9242,Audax Rio,,,Brazil,
9243,Barra de Teresópolis,,,Brazil,
9244,Barra do Piraí XI,,,Brazil,
9248,Bayer EC,,,Brazil,
9253,Cabofriense,Cabo Frio,Cabo Frio,Brazil,
9254,Campos XI,,,Brazil,
9255,Central Barra do Piraí,,,Brazil,
9256,CFZ do Rio,,,Brazil,
9258,CR Icaraí,,,Brazil,
9260,EC Sapucaia,,,Brazil,
9261,Fluminense de Niterói,,,Brazil,
9264,GR Gragoatá,,,Brazil,
9265,Itaperuna EC,,,Brazil,
9267,Madureira EC,Rio de Janeiro,Rio de Janeiro,Brazil,
9269,Nictheroyense FC,,,Brazil,
9273,Pérolas Negras,Resende,Resende,Brazil,
9274,Petrópolis XI,,,Brazil,
9275,Petropolitano FC,,,Brazil,
9277,Royal SC Barra do Piraí,,,Brazil,
9283,Ypiranga Niterói,,,Brazil,
9285,ACEC Baraúnas,Mossoró,Mossoró,Brazil,
9286,ASSU,Assu,Assu,Brazil,
9288,Centro Esportivo Potiguar,,,Brazil,
9290,Pauferrense,,,Brazil,
9291,Santa Cruz Potiguar,,Santa Cruz (RGN),Brazil,
9292,São Gonçalo-RN,,,Brazil,
9293,Americano Porto Alegre,,,Brazil,
9300,Clube Esportivo,,,Brazil,
9301,Cruzeiro-RS,,,Brazil,
9302,EC Avenida,,,Brazil,
9303,EC Passo Fundo,,,Brazil,
9304,EC Pelotas,Pelotas,Pelotas,Brazil,
9306,EC São Luiz,,,Brazil,
9308,Esportivo,Caxias do Sul,Caxias do Sul,Brazil,
9311,GA Farroupilha,,,Brazil,
9312,GE Bagé,,,Brazil,
9313,GE Glória,,,Brazil,
9314,GE Renner,,,Brazil,
9315,Grêmio Santanense,,,Brazil,
9316,Inter Santa Maria,Santa Maria,Santa Maria,Brazil,
9320,Sapucaiense,Sapucaia do Sul,Sapucaia do Sul,Brazil,
9321,SE São Broja,,,Brazil,
9324,Ulbra,Canoas,Canoas,Brazil,
9325,Universidade,Canoas,Canoas,Brazil,
9326,Veranópolis,Veranópolis,Veranópolis,Brazil,
9327,Barcelona de Rondônia,,,Brazil,
9328,Botafogo FC-RO,,,Brazil,
9330,CR Flamengo-RO,,,Brazil,
9331,CRE Jaruense,,,Brazil,
9332,EC Espigão,,,Brazil,
9334,Guajará EC,,,Brazil,
9338,Rondoniense SC,,,Brazil,
9339,São Domingos EC,,,Brazil,
9340,SC Genus de Porto Velho,,,Brazil,
9341,SE Ariquemes,,,Brazil,
9343,União Cacoalense,,,Brazil,
9346,Ypiranga EC,,,Brazil,
9350,Baré EC,Boa Vista,Boa Vista,Brazil,
9351,Flamengo-RR,,,Brazil,
9352,Náutico-RR,Boa Vista,Boa Vista,Brazil,
9353,Rio Branco-RR,,,Brazil,
9354,Rio Negro-RR,,,Brazil,
9356,São Francisco-RR,,,Brazil,
9357,América Joinville-SC,,,Brazil,
9359,Atlético de Ibirama,,,Brazil,
9360,Atletico Ibirama,Ibirama,Ibirama,Brazil,
9362,CA Lages,,,Brazil,
9364,Caçadorense,,,Brazil,
9367,Caxias FC Joinville,,,Brazil,
9368,CFZ Imbituba,Imbituba,Imbituba,Brazil,
9369,CIP Futebol Clube,,,Brazil,
9370,Comerciário EC,,,Brazil,
9372,Dom Pedro II,Conselheiro Lafaiete,Conselheiro Lafaiete,Brazil,
9376,Guarani de Palhoça,Florianopolis,Florianopolis,Brazil,
9377,Joaçaba EC,,,Brazil,
9378,Juventus de Seara,,,Brazil,
9382,Operário de Mafra,,,Brazil,
9384,Ypiranga São Francisco do Sul,,,Brazil,
9385,AA das Palmeiras,,,Brazil,
9387,Americana,Americana,Americana,Brazil,
9389,Botafogo SP,Ribeirão Preto,Ribeirão Preto,Brazil,
9390,Bragantino,Sao Paulo,Sao Paulo,Brazil,
9392,Catanduvense,,,Brazil,
9393,Clube Atlético Albion,,,Brazil,
9394,Corinthians de Presidente Prudente,,,Brazil,
9396,Etti Jundiaí,Sao Paulo,Sao Paulo,Brazil,
9399,Matonense,,,Brazil,
9406,Osasco Audax,,,Brazil,
9410,Portuguesa Santista,Santos,Santos,Brazil,
9411,Red Bull Brasil,,,Brazil,
9412,Rio Branco de Americana,Campinas,Campinas,Brazil,
9414,São José/SP,,,Brazil,
9416,Sãocarlense,,,Brazil,
9418,SE Matonense,Matão,Matão,Brazil,
9421,União Barbarense,Campinas,Campinas,Brazil,
9424,AD Freipaulistano,,,Brazil,
9426,CS Maruinense,,,Brazil,
9427,Estanciano EC,,,Brazil,
9430,Ipiranga Maruim,,,Brazil,
9432,Palestra Sergipe,,,Brazil,
9435,SE River Plate,Carmopolis,Carmopolis,Brazil,
9436,Vasco EC,,,Brazil,
9437,AA Alvorada,,,Brazil,
9439,Colinas EC,,,Brazil,
9440,Gurupi EC,,,Brazil,
9442,Kaburé EC,,,Brazil,
9443,Paraíso EC,,,Brazil,
9444,SD Sparta,,,Brazil,
9445,Tocantins de Miracema,,,Brazil,
9446,Tocantins de Palmas,Palmas,Palmas,Brazil,
9451,Icasa EC,,,Brazil,
9452,Audax Italiano,Santiago,Santiago,Chile,1
9455,Colo Colo,Santiago,Santiago,Chile,1
9464,Unión La Calera,La Calera,Valparaíso,Chile,1
9469,CSD Rangers,Talca,Talca,Chile,
9470,Curicó Unido,Curicó,Curicó,Chile,
9478,Santiago Wanderers,Viña del Mar,Valparaíso,Chile,
9481,Águilas Doradas,Rionegro,Medellin,Colombia,1
9507,Itagüí Ditaires,Itagüí,Medellin,Colombia,
9509,Patriotas FC,Tunja,Tunja,Colombia,
9511,Santa Fe,Bogota,Bogota,Colombia,
9512,Tuluá,Tulua,Tulua,Colombia,
9515,Delfin SC,Manta,Manta,Ecuador,1
9520,LDU Quito,Quito,Quito,Ecuador,1
9521,Leones del Norte,Atuntaqui,,Ecuador,1
9523,Macará,Ambato,Ambato,Ecuador,1
9525,Mushuc Runa,Ambato,Ambato,Ecuador,1
9527,SD Aucas,Quito,Quito,Ecuador,1
9532,Cumbayá FC,Quito,Quito,Ecuador,
9538,Fuerza Amarilla SC,Machala,Machala,Ecuador,
9539,Gualaceo SC,Azogues,Azogues,Ecuador,
9540,LDU Loja,Loja,Loja,Ecuador,
9541,Olmedo,Riobamba,Riobamba,Ecuador,
9542,Valdez SC,Milagro,Milagro,Ecuador,
9560,Cerro Porteño Presidente Franco,Asuncion,Asuncion,Paraguay,
9563,Club River Plate,Asuncion,Asuncion,Paraguay,
9566,General Caballero JLM,Doctor JLM,Doctor JLM,Paraguay,
9580,CD Moquegua,Moquegua,Moquegua,Peru,1
9582,Comerciantes Unidos,Cutervo,Cutervo,Peru,1
9586,Juan Pablo II,Chongoyape,Chiclayo,Peru,1
9591,Universitario,Lima,Lima,Peru,1
9592,UTC Cajamarca,Cajamarca,Cajamarca,Peru,1
9593,AD Cantolao,Lima,Lima,Peru,
9600,Centro Deportivo Municipal,Lima,Lima,Peru,
9602,Cobresol FBC,Moquegua,Moquegua,Peru,
9608,Deportivo Binacional,Lima,Lima,Peru,
9609,Deportivo USMP,Lima,Lima,Peru,
9611,EMD Binacional,Juliaca,Juliaca,Peru,
9613,Inti Gas Deportes,Ayacucho,Ayacucho,Peru,
9624,Universidad San Martín,Lima,Lima,Peru,
9625,Universidad Técnica,Cajamarca,Cajamarca,Peru,
9639,Montevideo City Torque,Montevideo,Montevideo,Uruguay,1
9643,Fénix,Montevideo,Montevideo,Uruguay,
9650,Sud América,Montevideo,Montevideo,Uruguay,
9652,La Luz FC,Montevideo,Montevideo,Uruguay,
9654,CA Atenas,Maldonado,Maldonado,Uruguay,
9656,Porongos,Trinidad (URU),Trinidad (URU),Uruguay,
9659,Villa Española,Montevideo,Montevideo,Uruguay,
9674,Universidad Central,Caracas,Caracas,Venezuela,1
9689,Hermanos Colmenarez,Sabaneta,Sabaneta,Venezuela,
9691,Mineros de Guayana,Ciudad Guayana,Ciudad Guayana,Venezuela,
9692,Minervén,Ciudad Guayana,Ciudad Guayana,Venezuela,
9693,Pepeganga,San Cristobal,San Cristobal,Venezuela,
9694,Real Esppor Club,Caracas,Caracas,Venezuela,
9696,Sport Marítimo,Caracas,Caracas,Venezuela,
9697,UA Maracaibo,Maracaibo,Maracaibo,Venezuela,
9698,ULA Mérida,Merida,Merida,Venezuela,
9699,Unión Dep. Canarias,Caracas,Caracas,Venezuela,
9703,Algeria,,,Algeria,0
9704,Angola,,,Angola,0
9705,Benin,,,Benin,0
9706,Botswana,,,Botswana,0
9707,Burkina Faso,,,Burkina Faso,0
9708,Burundi,,,Burundi,0
9709,Cameroon,,,Cameroon,0
9710,Cape Verde,,,Cape Verde,0
9711,Central African Republic,,,Central African Republic,0
9712,Chad,,,Chad,0
9713,Chagos Islands,,,Chagos Islands,0
9714,Comoros,,,Comoros,0
9715,Congo,,,Congo,0
9716,Congo DR,,,Congo DR,0
9717,Côte d'Ivoire,,,Côte d'Ivoire,0
9718,Djibouti,,,Djibouti,0
9719,Egypt,,,Egypt,0
9720,Equatorial Guinea,,,Equatorial Guinea,0
9721,Eritrea,,,Eritrea,0
9722,Eswatini,,,Eswatini,0
9723,Ethiopia,,,Ethiopia,0
9724,Gabon,,,Gabon,0
9725,Gambia,,,Gambia,0
9726,Ghana,,,Ghana,0
9727,Guinea,,,Guinea,0
9728,Guinea-Bissau,,,Guinea-Bissau,0
9729,Kenya,,,Kenya,0
9730,Lesotho,,,Lesotho,0
9731,Liberia,,,Liberia,0
9732,Libya,,,Libya,0
9733,Madagascar,,,Madagascar,0
9734,Malawi,,,Malawi,0
9735,Mali,,,Mali,0
9736,Mauritania,,,Mauritania,0
9737,Mauritius,,,Mauritius,0
9738,Mayotte,,,Mayotte,0
9739,Morocco,,,Morocco,0
9740,Mozambique,,,Mozambique,0
9741,Namibia,,,Namibia,0
9742,Niger,,,Niger,0
9743,Nigeria,,,Nigeria,0
9744,Réunion,,,Réunion,0
9745,Rwanda,,,Rwanda,0
9746,São Tomé and Príncipe,,,São Tomé and Príncipe,0
9747,Senegal,,,Senegal,0
9748,Seychelles,,,Seychelles,0
9749,Sierra Leone,,,Sierra Leone,0
9750,Somalia,,,Somalia,0
9751,Somaliland,,,Somaliland,0
9752,South Africa,,,South Africa,0
9753,South Sudan,,,South Sudan,0
9754,Sudan,,,Sudan,0
9755,Tanzania,,,Tanzania,0
9756,Togo,,,Togo,0
9757,Tunisia,,,Tunisia,0
9758,Uganda,,,Uganda,0
9759,Western Sahara,,,Western Sahara,0
9760,Zambia,,,Zambia,0
9761,Zanzibar,,,Zanzibar,0
9762,Zimbabwe,,,Zimbabwe,0
9763,Afghanistan,,,Afghanistan,0
9764,Australia,,,Australia,0
9766,Bangladesh,,,Bangladesh,0
9767,Bhutan,,,Bhutan,0
9768,Brunei,,,Brunei,0
9769,Cambodia,,,Cambodia,0
9770,China,,,China,0
9771,East Timor,,,East Timor,0
9772,Guam,,,Guam,0
9773,Hong Kong,,,Hong Kong,0
9774,India,,,India,0
9775,Indonesia,,,Indonesia,0
9777,Iraq,,,Iraq,0
9778,Japan,,,Japan,0
9779,Jordan,,,Jordan,0
9780,Kurdistan,,,Kurdistan,0
9782,Kyrgyzstan,,,Kyrgyzstan,0
9783,Laos,,,Laos,0
9784,Lebanon,,,Lebanon,0
9785,Macau,,,Macau,0
9786,Malaysia,,,Malaysia,0
9787,Maldives,,,Maldives,0
9788,Mongolia,,,Mongolia,0
9789,Myanmar,,,Myanmar,0
9790,Nepal,,,Nepal,0
9791,North Korea,,,North Korea,0
9793,Pakistan,,,Pakistan,0
9794,Palestine,,,Palestine,0
9795,Philippines,,,Philippines,0
9797,Saudi Arabia,,,Saudi Arabia,0
9799,South Korea,,,South Korea,0
9800,Sri Lanka,,,Sri Lanka,0
9801,Syria,,,Syria,0
9802,Taiwan,,,Taiwan,0
9803,Tajikistan,,,Tajikistan,0
9804,Thailand,,,Thailand,0
9805,Tibet,,,Tibet,0
9806,Turkmenistan,,,Turkmenistan,0
9807,United Arab Emirates,,,United Arab Emirates,0
9808,Uzbekistan,,,Uzbekistan,0
9809,Vietnam,,,Vietnam,0
9810,Yemen,,,Yemen,0
9811,Albania,,,Albania,0
9813,Armenia,,,Armenia,0
9814,Austria,,,Austria,0
9815,Azerbaijan,,,Azerbaijan,0
9816,Belarus,,,Belarus,0
9817,Belgium,,,Belgium,0
9818,Bosnia-Herzegovina,,,Bosnia-Herzegovina,0
9819,Bulgaria,,,Bulgaria,0
9820,Croatia,,,Croatia,0
9821,Cyprus,,,Cyprus,0
9822,Czech Republic,,,Czech Republic,0
9823,Denmark,,,Denmark,0
9824,England,,,England,0
9825,Estonia,,,Estonia,0
9826,Faroe Islands,,,Faroe Islands,0
9827,Finland,,,Finland,0
9828,France,,,France,0
9829,Georgia,,,Georgia,0
9830,Germany,,,Germany,0
9831,Gibraltar,,,Gibraltar,0
9832,Greece,,,Greece,0
9833,Hungary,,,Hungary,0
9834,Iceland,,,Iceland,0
9835,Ireland,,,Ireland,0
9836,Israel,,,Israel,0
9837,Italy,,,Italy,0
9838,Kazakhstan,,,Kazakhstan,0
9839,Kosovo,,,Kosovo,0
9840,Latvia,,,Latvia,0
9841,Liechtenstein,,,Liechtenstein,0
9842,Lithuania,,,Lithuania,0
9843,Luxembourg,,,Luxembourg,0
9844,Malta,,,Malta,0
9845,Moldova,,,Moldova,0
9847,Montenegro,,,Montenegro,0
9849,North Macedonia,,,North Macedonia,0
9850,Northern Cyprus,,,Northern Cyprus,0
9851,Northern Ireland,,,Northern Ireland,0
9852,Norway,,,Norway,0
9853,Poland,,,Poland,0
9855,Romania,,,Romania,0
9856,Russia,,,Russia,0
9857,San Marino,,,San Marino,0
9858,Scotland,,,Scotland,0
9859,Serbia,,,Serbia,0
9860,Slovakia,,,Slovakia,0
9861,Slovenia,,,Slovenia,0
9862,Spain,,,Spain,0
9863,Sweden,,,Sweden,0
9864,Switzerland,,,Switzerland,0
9865,Turkey,,,Turkey,0
9866,Ukraine,,,Ukraine,0
9867,Vatican City,,,Vatican City,0
9868,Wales,,,Wales,0
9869,Anguilla,,,Anguilla,0
9870,Antigua & Barbuda,,,Antigua & Barbuda,0
9871,Aruba,,,Aruba,0
9872,Bahamas,,,Bahamas,0
9873,Barbados,,,Barbados,0
9875,Bermuda,,,Bermuda,0
9876,Bonaire,,,Bonaire,0
9877,British Virgin Islands,,,British Virgin Islands,0
9878,Canada,,,Canada,0
9879,Cayman Islands,,,Cayman Islands,0
9880,Costa Rica,,,Costa Rica,0
9881,Cuba,,,Cuba,0
9882,Curaçao,,,Curaçao,0
9883,Dominica,,,Dominica,0
9884,Dominican Republic,,,Dominican Republic,0
9885,El Salvador,,,El Salvador,0
9886,French Guiana,,,French Guiana,0
9887,Greenland,,,Greenland,0
9888,Grenada,,,Grenada,0
9889,Guadeloupe,,,Guadeloupe,0
9890,Guatemala,,,Guatemala,0
9891,Guyana,,,Guyana,0
9892,Haiti,,,Haiti,0
9893,Honduras,,,Honduras,0
9894,Jamaica,,,Jamaica,0
9895,Martinique,,,Martinique,0
9897,Montserrat,,,Montserrat,0
9898,Nicaragua,,,Nicaragua,0
9900,Puerto Rico,,,Puerto Rico,0
9901,Saba,,,Bonaire,0
9902,Saint Barthélemy,,,Saint Barthélemy,0
9903,Saint Lucia,,,Saint Lucia,0
9904,Saint Martin,,,Saint Martin,0
9905,Saint Pierre and Miquelon,,,Saint Pierre and Miquelon,0
9906,Sint Eustatius,,,Bonaire,0
9907,Sint Maarten,,,Sint Maarten,0
9908,St. Kitts & Nevis,,,St. Kitts & Nevis,0
9909,St. Vincent & the Grenadines,,,St. Vincent & the Grenadines,0
9910,Suriname,,,Suriname,0
9911,Trinidad & Tobago,,,Trinidad & Tobago,0
9912,Turks & Caicos Islands,,,Turks & Caicos Islands,0
9913,United States,,,United States,0
9914,US Virgin Islands,,,US Virgin Islands,0
9915,American Samoa,,,American Samoa,0
9916,Christmas Island,,,Australia,0
9917,Cocos Islands,,,Australia,0
9918,Cook Islands,,,Cook Islands,0
9919,Federated States of Micronesia,,,Federated States of Micronesia,0
9920,Fiji,,,Fiji,0
9921,Kiribati,,,Kiribati,0
9922,Marshall Islands,,,Marshall Islands,0
9923,New Caledonia,,,New Caledonia,0
9924,New Zealand,,,New Zealand,0
9925,Niue,,,Niue,0
9926,Northern Mariana Islands,,,Northern Mariana Islands,0
9927,Palau,,,Palau,0
9928,Papua New Guinea,,,Papua New Guinea,0
9929,Samoa,,,Samoa,0
9930,Solomon Islands,,,Solomon Islands,0
9931,Tahiti,,,Tahiti,0
9932,Tonga,,,Tonga,0
9933,Tuvalu,,,Tuvalu,0
9934,Vanuatu,,,Vanuatu,0
9935,Wallis and Futuna,,,Wallis and Futuna,0
9936,Argentina,,,Argentina,0
9937,Bolivia,,,Bolivia,0
9938,Brazil,,,Brazil,0
9939,Chile,,,Chile,0
9940,Colombia,,,Colombia,0
9941,Ecuador,,,Ecuador,0
9942,Falkland Islands,,,Falkland Islands,0
9943,Paraguay,,,Paraguay,0
9944,Peru,,,Peru,0
9947,South Vietnam,,,South Vietnam,0
9948,South Yemen,,,South Yemen,0
9949,East Germany,,,East Germany,0
9950,Saar,,,Saar,0
9951,Nauru,,,Nauru,0
9952,Swaziland,,,Swaziland,0
9953,Czechoslovakia,,,Czechoslovakia,0
9954,Macedonia,,,Macedonia,0
9955,Soviet Union,,,Soviet Union,0
9956,Yugoslavia,,,Yugoslavia,0
9957,Netherlands Antilles,,,Netherlands Antilles,0
