me,Country,Municipality,Distri rrondissement/County,State/Region (ISO 3166-2),Population,Metro Area,Type,Lookup,Metro Area Check,Code,Part,Township,Subtype,Admin Level,Region (ISO 3166-2),Primary Name,,,Direct Subtype,Direct Admin,Direct Region ISO,Direct Primary,County Subtype,County Admin,County Region ISO,County Primary,Region Subtype,Region Admin,Region Region ISO,Region Primary,Confidence,Score,Resolved Region ISO
,Switzerland,Aarau (incl. Rohr),Bezirk Aarau,Aargau,22709,Aarau,City,,Aarau,,,,,,,,,,county,2,CH-AG,Aarau,county,2,CH-AG,Aarau,region,1,CH-AG,Aargau,HIGH,1.0,CH-AG
,Switzerland,Suhr,Bezirk Aarau,Aargau,11616,Aarau,Commune,,Aarau,,,,,,,,,,localadmin,,CH-AG,Suhr,county,2,CH-AG,Aarau,region,1,CH-AG,Aargau,HIGH,1.0,CH-AG
,Switzerland,Oberentfelden,Bezirk Aarau,Aargau,8943,Aarau,Commune,,Aarau,,,,,,,,,,localadmin,,CH-AG,Oberentfelden,county,2,CH-AG,Aarau,region,1,CH-AG,Aargau,HIGH,1.0,CH-AG
,Switzerland,Gränichen,Bezirk Aarau,Aargau,8686,Aarau,Commune,,Aarau,,,,,,,,,,localadmin,,CH-AG,Gränichen,county,2,CH-AG,Aarau,region,1,CH-AG,Aargau,HIGH,1.0,CH-AG
,Switzerland,Buchs (AG),Bezirk Aarau,Aargau,8487,Aarau,Commune,,Aarau,,,,,,,,,,localadmin,,CH-AG,Buchs (AG),county,2,CH-AG,Aarau,region,1,CH-AG,Aargau,HIGH,1.0,CH-AG
,Switzerland,Küttigen,Bezirk Aarau,Aargau,6996,Aarau,Commune,,Aarau,,,,,,,,,,localadmin,,CH-AG,Küttigen,county,2,CH-AG,Aarau,region,1,CH-AG,Aargau,HIGH,1.0,CH-AG
,Switzerland,Erlinsbach (AG),Bezirk Aarau,Aargau,4640,Aarau,Commune,,Aarau,,,,,,,,,,localadmin,,CH-AG,Erlinsbach (AG),county,2,CH-AG,Aarau,region,1,CH-AG,Aargau,HIGH,1.0,CH-AG
,Switzerland,Unterentfelden,Bezirk Aarau,Aargau,4548,Aarau,Commune,,Aarau,,,,,,,,,,localadmin,,CH-AG,Unterentfelden,county,2,CH-AG,Aarau,region,1,CH-AG,Aargau,HIGH,1.0,CH-AG
,Switzerland,Muhen,Bezirk Aarau,Aargau,4090,Aarau,Commune,,Aarau,,,,,,,,,,localadmin,,CH-AG,Muhen,county,2,CH-AG,Aarau,region,1,CH-AG,Aargau,HIGH,1.0,CH-AG
,Switzerland,Hirschthal,Bezirk Aarau,Aargau,1763,Aarau,Commune,,Aarau,,,,,,,,,,localadmin,,CH-AG,Hirschthal,county,2,CH-AG,Aarau,region,1,CH-AG,Aargau,HIGH,1.0,CH-AG
,Switzerland,Biberstein,Bezirk Aarau,Aargau,1656,Aarau,Commune,,Aarau,,,,,,,,,,localadmin,,CH-AG,Biberstein,county,2,CH-AG,Aarau,region,1,CH-AG,Aargau,HIGH,1.0,CH-AG
,Switzerland,Densbüren,Bezirk Aarau,Aargau,769,Aarau,Commune,,Aarau,,,,,,,,,,localadmin,,CH-AG,Densbüren,county,2,CH-AG,Aarau,region,1,CH-AG,Aargau,HIGH,1.0,CH-AG
,Switzerland,Baden (incl. Turgi),Bezirk Baden,Aargau,23850,Baden,City,,Baden,,,,,,,,,,county,2,CH-AG,Baden,county,2,CH-AG,Baden,region,1,CH-AG,Aargau,HIGH,1.0,CH-AG
,Switzerland,Wettingen,Bezirk Baden,Aargau,21847,Baden,City,,Baden,,,,,,,,,,localadmin,,CH-AG,Wettingen,county,2,CH-AG,Baden,region,1,CH-AG,Aargau,HIGH,1.0,CH-AG
,Switzerland,Spreitenbach,Bezirk Baden,Aargau,12584,Baden,City,,Baden,,,,,,,,,,localadmin,,CH-AG,Spreitenbach,county,2,CH-AG,Baden,region,1,CH-AG,Aargau,HIGH,1.0,CH-AG
,Switzerland,Neuenhof,Bezirk Baden,Aargau,9207,Baden,Commune,,Baden,,,,,,,,,,localadmin,,CH-AG,Neuenhof,county,2,CH-AG,Baden,region,1,CH-AG,Aargau,HIGH,1.0,CH-AG
,Switzerland,Obersiggenthal,Bezirk Baden,Aargau,8962,Baden,Commune,,Baden,,,,,,,,,,localadmin,,CH-AG,Obersiggenthal,county,2,CH-AG,Baden,region,1,CH-AG,Aargau,HIGH,1.0,CH-AG
,Switzerland,Untersiggenthal,Bezirk Baden,Aargau,7810,Baden,Commune,,Baden,,,,,,,,,,localadmin,,CH-AG,Untersiggenthal,county,2,CH-AG,Baden,region,1,CH-AG,Aargau,HIGH,1.0,CH-AG
,Switzerland,Würenlos,Bezirk Baden,Aargau,6930,Baden,Commune,,Baden,,,,,,,,,,localadmin,,CH-AG,Würenlos,county,2,CH-AG,Baden,region,1,CH-AG,Aargau,HIGH,1.0,CH-AG
,Switzerland,Mellingen,Bezirk Baden,Aargau,6319,Baden,City,,Baden,,,,,,,,,,localadmin,,CH-AG,Mellingen,county,2,CH-AG,Baden,region,1,CH-AG,Aargau,HIGH,1.0,CH-AG
,Switzerland,Fislisbach,Bezirk Baden,Aargau,6140,Baden,Commune,,Baden,,,,,,,,,,localadmin,,CH-AG,Fislisbach,county,2,CH-AG,Baden,region,1,CH-AG,Aargau,HIGH,1.0,CH-AG
,Switzerland,Gebenstorf,Bezirk Baden,Aargau,5805,Baden,Commune,,Baden,,,,,,,,,,localadmin,,CH-AG,Gebenstorf,county,2,CH-AG,Baden,region,1,CH-AG,Aargau,HIGH,1.0,CH-AG
,Switzerland,Würenlingen,Bezirk Baden,Aargau,5262,Baden,Commune,,Baden,,,,,,,,,,localadmin,,CH-AG,Würenlingen,county,2,CH-AG,Baden,region,1,CH-AG,Aargau,HIGH,1.0,CH-AG
,Switzerland,Ehrendingen,Bezirk Baden,Aargau,4928,Baden,Commune,,Baden,,,,,,,,,,localadmin,,CH-AG,Ehrendingen,county,2,CH-AG,Baden,region,1,CH-AG,Aargau,HIGH,1.0,CH-AG
,Switzerland,Niederrohrdorf,Bezirk Baden,Aargau,4695,Baden,Commune,,Baden,,,,,,,,,,localadmin,,CH-AG,Niederrohrdorf,county,2,CH-AG,Baden,region,1,CH-AG,Aargau,HIGH,1.0,CH-AG
,Switzerland,Oberrohrdorf,Bezirk Baden,Aargau,4284,Baden,Commune,,Baden,,,,,,,,,,localadmin,,CH-AG,Oberrohrdorf,county,2,CH-AG,Baden,region,1,CH-AG,Aargau,HIGH,1.0,CH-AG
,Switzerland,Ennetbaden,Bezirk Baden,Aargau,3700,Baden,Commune,,Baden,,,,,,,,,,localadmin,,CH-AG,Ennetbaden,county,2,CH-AG,Baden,region,1,CH-AG,Aargau,HIGH,1.0,CH-AG
,Switzerland,Birmenstorf (AG),Bezirk Baden,Aargau,3065,Baden,Commune,,Baden,,,,,,,,,,localadmin,,CH-AG,Birmenstorf,county,2,CH-AG,Baden,region,1,CH-AG,Aargau,HIGH,1.0,CH-AG
,Switzerland,Bergdietikon,Bezirk Baden,Aargau,2996,Baden,Commune,,Baden,,,,,,,,,,localadmin,,CH-AG,Bergdietikon,county,2,CH-AG,Baden,region,1,CH-AG,Aargau,HIGH,1.0,CH-AG
,Switzerland,Stetten (AG),Bezirk Baden,Aargau,2541,Baden,Commune,,Baden,,,,,,,,,,localadmin,,CH-AG,Stetten,county,2,CH-AG,Baden,region,1,CH-AG,Aargau,HIGH,1.0,CH-AG
,Switzerland,Killwangen,Bezirk Baden,Aargau,2300,Baden,Commune,,Baden,,,,,,,,,,localadmin,,CH-AG,Killwangen,county,2,CH-AG,Baden,region,1,CH-AG,Aargau,HIGH,1.0,CH-AG
,Switzerland,Mägenwil,Bezirk Baden,Aargau,2232,Baden,Commune,,Baden,,,,,,,,,,localadmin,,CH-AG,Mägenwil,county,2,CH-AG,Baden,region,1,CH-AG,Aargau,HIGH,1.0,CH-AG
,Switzerland,Remetschwil,Bezirk Baden,Aargau,2095,Baden,Commune,,Baden,,,,,,,,,,localadmin,,CH-AG,Remetschwil,county,2,CH-AG,Baden,region,1,CH-AG,Aargau,HIGH,1.0,CH-AG
,Switzerland,Künten,Bezirk Baden,Aargau,1956,Baden,Commune,,Baden,,,,,,,,,,localadmin,,CH-AG,Künten,county,2,CH-AG,Baden,region,1,CH-AG,Aargau,HIGH,1.0,CH-AG
,Switzerland,Wohlenschwil,Bezirk Baden,Aargau,1855,Baden,Commune,,Baden,,,,,,,,,,localadmin,,CH-AG,Wohlenschwil,county,2,CH-AG,Baden,region,1,CH-AG,Aargau,HIGH,1.0,CH-AG
,Switzerland,Bellikon,Bezirk Baden,Aargau,1580,Baden,Commune,,Baden,,,,,,,,,,localadmin,,CH-AG,Bellikon,county,2,CH-AG,Baden,region,1,CH-AG,Aargau,HIGH,1.0,CH-AG
,Switzerland,Freienwil,Bezirk Baden,Aargau,1099,Baden,Commune,,Baden,,,,,,,,,,localadmin,,CH-AG,Freienwil,county,2,CH-AG,Baden,region,1,CH-AG,Aargau,HIGH,1.0,CH-AG
,Switzerland,Wohlen (AG),Bezirk Bremgarten,Aargau,17813,Wohlen,City,,Wohlen,,,,,,,,,,localadmin,,CH-AG,Wohlen,county,2,CH-AG,Bremgarten,region,1,CH-AG,Aargau,HIGH,1.0,CH-AG
,Switzerland,Bremgarten (AG) (incl. Hermetschwil-Staffeln),Bezirk Bremgarten,Aargau,8870,Wohlen,City,,Wohlen,,,,,,,,,,county,2,CH-AG,Bremgarten,county,2,CH-AG,Bremgarten,region,1,CH-AG,Aargau,HIGH,1.0,CH-AG
,Switzerland,Villmergen,Bezirk Bremgarten,Aargau,8240,Wohlen,Commune,,Wohlen,,,,,,,,,,localadmin,,CH-AG,Villmergen,county,2,CH-AG,Bremgarten,region,1,CH-AG,Aargau,HIGH,1.0,CH-AG
,Switzerland,Berikon,Bezirk Bremgarten,Aargau,4999,Wohlen,Commune,,Wohlen,,,,,,,,,,localadmin,,CH-AG,Berikon,county,2,CH-AG,Bremgarten,region,1,CH-AG,Aargau,HIGH,1.0,CH-AG
,Switzerland,Zufikon,Bezirk Bremgarten,Aargau,4907,Wohlen,Commune,,Wohlen,,,,,,,,,,localadmin,,CH-AG,Zufikon,county,2,CH-AG,Bremgarten,region,1,CH-AG,Aargau,HIGH,1.0,CH-AG
,Switzerland,Rudolfstetten-Friedlisberg,Bezirk Bremgarten,Aargau,4640,Wohlen,Commune,,Wohlen,,,,,,,,,,localadmin,,CH-AG,Rudolfstetten-Friedlisberg,county,2,CH-AG,Bremgarten,region,1,CH-AG,Aargau,HIGH,1.0,CH-AG
,Switzerland,Dottikon,Bezirk Bremgarten,Aargau,4257,Wohlen,Commune,,Wohlen,,,,,,,,,,localadmin,,CH-AG,Dottikon,county,2,CH-AG,Bremgarten,region,1,CH-AG,Aargau,HIGH,1.0,CH-AG
,Switzerland,Widen,Bezirk Bremgarten,Aargau,3815,Wohlen,Commune,,Wohlen,,,,,,,,,,localadmin,,CH-AG,Widen,county,2,CH-AG,Bremgarten,region,1,CH-AG,Aargau,HIGH,1.0,CH-AG
,Switzerland,Sarmenstorf,Bezirk Bremgarten,Aargau,3182,Wohlen,Commune,,Wohlen,,,,,,,,,,localadmin,,CH-AG,Sarmenstorf,county,2,CH-AG,Bremgarten,region,1,CH-AG,Aargau,HIGH,1.0,CH-AG
,Switzerland,Niederwil (AG),Bezirk Bremgarten,Aargau,3022,Wohlen,Commune,,Wohlen,,,,,,,,,,localadmin,,CH-AG,Niederwil,county,2,CH-AG,Bremgarten,region,1,CH-AG,Aargau,HIGH,1.0,CH-AG
,Switzerland,Oberwil-Lieli,Bezirk Bremgarten,Aargau,2626,Wohlen,Commune,,Wohlen,,,,,,,,,,localadmin,,CH-AG,Oberwil-Lieli,county,2,CH-AG,Bremgarten,region,1,CH-AG,Aargau,HIGH,1.0,CH-AG
,Switzerland,Hägglingen,Bezirk Bremgarten,Aargau,2588,Wohlen,Commune,,Wohlen,,,,,,,,,,localadmin,,CH-AG,Hägglingen,county,2,CH-AG,Bremgarten,region,1,CH-AG,Aargau,HIGH,1.0,CH-AG
,Switzerland,Jonen,Bezirk Bremgarten,Aargau,2347,Wohlen,Commune,,Wohlen,,,,,,,,,,localadmin,,CH-AG,Jonen,county,2,CH-AG,Bremgarten,region,1,CH-AG,Aargau,HIGH,1.0,CH-AG
,Switzerland,Oberlunkhofen,Bezirk Bremgarten,Aargau,2206,Wohlen,Commune,,Wohlen,,,,,,,,,,localadmin,,CH-AG,Oberlunkhofen,county,2,CH-AG,Bremgarten,region,1,CH-AG,Aargau,HIGH,1.0,CH-AG
,Switzerland,Arni (AG),Bezirk Bremgarten,Aargau,1984,Wohlen,Commune,,Wohlen,,,,,,,,,,localadmin,,CH-AG,Arni (AG),county,2,CH-AG,Bremgarten,region,1,CH-AG,Aargau,HIGH,1.0,CH-AG
,Switzerland,Fischbach-Göslikon,Bezirk Bremgarten,Aargau,1733,Wohlen,Commune,,Wohlen,,,,,,,,,,localadmin,,CH-AG,Fischbach-Göslikon,county,2,CH-AG,Bremgarten,region,1,CH-AG,Aargau,HIGH,1.0,CH-AG
,Switzerland,Unterlunkhofen,Bezirk Bremgarten,Aargau,1688,Wohlen,Commune,,Wohlen,,,,,,,,,,localadmin,,CH-AG,Unterlunkhofen,county,2,CH-AG,Bremgarten,region,1,CH-AG,Aargau,HIGH,1.0,CH-AG
,Switzerland,Tägerig,Bezirk Bremgarten,Aargau,1547,Wohlen,Commune,,Wohlen,,,,,,,,,,localadmin,,CH-AG,Tägerig,county,2,CH-AG,Bremgarten,region,1,CH-AG,Aargau,HIGH,1.0,CH-AG
,Switzerland,Büttikon,Bezirk Bremgarten,Aargau,1170,Wohlen,Commune,,Wohlen,,,,,,,,,,localadmin,,CH-AG,Büttikon,county,2,CH-AG,Bremgarten,region,1,CH-AG,Aargau,HIGH,1.0,CH-AG
,Switzerland,Eggenwil,Bezirk Bremgarten,Aargau,1055,Wohlen,Commune,,Wohlen,,,,,,,,,,localadmin,,CH-AG,Eggenwil,county,2,CH-AG,Bremgarten,region,1,CH-AG,Aargau,HIGH,1.0,CH-AG
,Switzerland,Islisberg,Bezirk Bremgarten,Aargau,692,Wohlen,Commune,,Wohlen,,,,,,,,,,localadmin,,CH-AG,Islisberg,county,2,CH-AG,Bremgarten,region,1,CH-AG,Aargau,HIGH,1.0,CH-AG
,Switzerland,Uezwil,Bezirk Bremgarten,Aargau,554,Wohlen,Commune,,Wohlen,,,,,,,,,,localadmin,,CH-AG,Uezwil,county,2,CH-AG,Bremgarten,region,1,CH-AG,Aargau,HIGH,1.0,CH-AG
,Switzerland,"Brugg (incl. Umiken, Schinznach-Bad)",Bezirk Brugg,Aargau,13521,,City,,#N/A,,,,,,,,,,county,2,CH-AG,Brugg,county,2,CH-AG,Brugg,region,1,CH-AG,Aargau,HIGH,1.0,CH-AG
,Switzerland,Windisch,Bezirk Brugg,Aargau,8149,,Commune,,#N/A,,,,,,,,,,localadmin,,CH-AG,Windisch,county,2,CH-AG,Brugg,region,1,CH-AG,Aargau,HIGH,1.0,CH-AG
,Switzerland,Birr,Bezirk Brugg,Aargau,4846,,Commune,,#N/A,,,,,,,,,,localadmin,,CH-AG,Birr,county,2,CH-AG,Brugg,region,1,CH-AG,Aargau,HIGH,1.0,CH-AG
,Switzerland,Hausen (AG),Bezirk Brugg,Aargau,3772,,Commune,,#N/A,,,,,,,,,,localadmin,,CH-AG,Hausen (AG),county,2,CH-AG,Brugg,region,1,CH-AG,Aargau,HIGH,1.0,CH-AG
,Switzerland,Lupfig (incl. Scherz),Bezirk Brugg,Aargau,3400,,Commune,,#N/A,,,,,,,,,,localadmin,,CH-AG,Lupfig,county,2,CH-AG,Brugg,region,1,CH-AG,Aargau,HIGH,1.0,CH-AG
,Switzerland,Schinznach,Bezirk Brugg,Aargau,2461,,Commune,,#N/A,,,,,,,,,,localadmin,,CH-AG,Schinznach,county,2,CH-AG,Brugg,region,1,CH-AG,Aargau,HIGH,1.0,CH-AG
,Switzerland,Villigen,Bezirk Brugg,Aargau,2229,,Commune,,#N/A,,,,,,,,,,localadmin,,CH-AG,Villigen,county,2,CH-AG,Brugg,region,1,CH-AG,Aargau,HIGH,1.0,CH-AG
,Switzerland,Auenstein,Bezirk Brugg,Aargau,1744,,Commune,,#N/A,,,,,,,,,,localadmin,,CH-AG,Auenstein,county,2,CH-AG,Brugg,region,1,CH-AG,Aargau,HIGH,1.0,CH-AG
,Switzerland,Villnachern,Bezirk Brugg,Aargau,1705,,Commune,,#N/A,,,,,,,,,,,,,,,,,,region,1,CH-AG,Aargau,NONE,0.0,CH-AG
,Switzerland,Bözberg,Bezirk Brugg,Aargau,1696,,Commune,,#N/A,,,,,,,,,,localadmin,,CH-AG,Bözberg,county,2,CH-AG,Brugg,region,1,CH-AG,Aargau,HIGH,1.0,CH-AG
,Switzerland,Veltheim (AG),Bezirk Brugg,Aargau,1597,,Commune,,#N/A,,,,,,,,,,localadmin,,CH-AG,Veltheim,county,2,CH-AG,Brugg,region,1,CH-AG,Aargau,HIGH,1.0,CH-AG
,Switzerland,Riniken,Bezirk Brugg,Aargau,1568,,Commune,,#N/A,,,,,,,,,,localadmin,,CH-AG,Riniken,county,2,CH-AG,Brugg,region,1,CH-AG,Aargau,HIGH,1.0,CH-AG
,Switzerland,Remigen,Bezirk Brugg,Aargau,1380,,Commune,,#N/A,,,,,,,,,,localadmin,,CH-AG,Remigen,county,2,CH-AG,Brugg,region,1,CH-AG,Aargau,HIGH,1.0,CH-AG
,Switzerland,Mülligen,Bezirk Brugg,Aargau,1088,,Commune,,#N/A,,,,,,,,,,localadmin,,CH-AG,Mülligen,county,2,CH-AG,Brugg,region,1,CH-AG,Aargau,HIGH,1.0,CH-AG
,Switzerland,Birrhard,Bezirk Brugg,Aargau,969,,Commune,,#N/A,,,,,,,,,,localadmin,,CH-AG,Birrhard,county,2,CH-AG,Brugg,region,1,CH-AG,Aargau,HIGH,1.0,CH-AG
,Switzerland,Thalheim (AG),Bezirk Brugg,Aargau,956,,Commune,,#N/A,,,,,,,,,,localadmin,,CH-AG,Thalheim,county,2,CH-AG,Brugg,region,1,CH-AG,Aargau,HIGH,1.0,CH-AG
,Switzerland,Rüfenach,Bezirk Brugg,Aargau,888,,Commune,,#N/A,,,,,,,,,,localadmin,,CH-AG,Rüfenach,county,2,CH-AG,Brugg,region,1,CH-AG,Aargau,HIGH,1.0,CH-AG
,Switzerland,Habsburg,Bezirk Brugg,Aargau,431,,Commune,,#N/A,,,,,,,,,,localadmin,,CH-AG,Habsburg,county,2,CH-AG,Brugg,region,1,CH-AG,Aargau,HIGH,1.0,CH-AG
,Switzerland,Mönthal,Bezirk Brugg,Aargau,393,,Commune,,#N/A,,,,,,,,,,localadmin,,CH-AG,Mönthal,county,2,CH-AG,Brugg,region,1,CH-AG,Aargau,HIGH,1.0,CH-AG
,Switzerland,Mandach,Bezirk Brugg,Aargau,328,,Commune,,#N/A,,,,,,,,,,localadmin,,CH-AG,Mandach,county,2,CH-AG,Brugg,region,1,CH-AG,Aargau,HIGH,1.0,CH-AG
,Switzerland,Reinach (AG),Bezirk Kulm,Aargau,9636,,Commune,,#N/A,,,,,,,,,,localadmin,,CH-AG,Reinach,county,2,CH-AG,Kulm,region,1,CH-AG,Aargau,HIGH,1.0,CH-AG
,Switzerland,Menziken (incl. Burg (AG)),Bezirk Kulm,Aargau,8669,,Commune,,#N/A,,,,,,,,,,localadmin,,CH-AG,Menziken,county,2,CH-AG,Kulm,region,1,CH-AG,Aargau,HIGH,1.0,CH-AG
,Switzerland,Schöftland,Bezirk Kulm,Aargau,4607,,Commune,,#N/A,,,,,,,,,,localadmin,,CH-AG,Schöftland,county,2,CH-AG,Kulm,region,1,CH-AG,Aargau,HIGH,1.0,CH-AG
,Switzerland,Unterkulm,Bezirk Kulm,Aargau,3800,,Commune,,#N/A,,,,,,,,,,localadmin,,CH-AG,Unterkulm,county,2,CH-AG,Kulm,region,1,CH-AG,Aargau,HIGH,1.0,CH-AG
,Switzerland,Beinwil am See,Bezirk Kulm,Aargau,3719,,Commune,,#N/A,,,,,,,,,,localadmin,,CH-AG,Beinwil am See,county,2,CH-AG,Kulm,region,1,CH-AG,Aargau,HIGH,1.0,CH-AG
,Switzerland,Oberkulm,Bezirk Kulm,Aargau,3022,,Commune,,#N/A,,,,,,,,,,localadmin,,CH-AG,Oberkulm,county,2,CH-AG,Kulm,region,1,CH-AG,Aargau,HIGH,1.0,CH-AG
,Switzerland,Gontenschwil,Bezirk Kulm,Aargau,2209,,Commune,,#N/A,,,,,,,,,,localadmin,,CH-AG,Gontenschwil,county,2,CH-AG,Kulm,region,1,CH-AG,Aargau,HIGH,1.0,CH-AG
,Switzerland,Teufenthal (AG),Bezirk Kulm,Aargau,1802,,Commune,,#N/A,,,,,,,,,,localadmin,,CH-AG,Teufenthal,county,2,CH-AG,Kulm,region,1,CH-AG,Aargau,HIGH,1.0,CH-AG
,Switzerland,Holziken,Bezirk Kulm,Aargau,1762,,Commune,,#N/A,,,,,,,,,,localadmin,,CH-AG,Holziken,county,2,CH-AG,Kulm,region,1,CH-AG,Aargau,HIGH,1.0,CH-AG
,Switzerland,Birrwil,Bezirk Kulm,Aargau,1414,,Commune,,#N/A,,,,,,,,,,localadmin,,CH-AG,Birrwil,county,2,CH-AG,Kulm,region,1,CH-AG,Aargau,HIGH,1.0,CH-AG
,Switzerland,Zetzwil,Bezirk Kulm,Aargau,1381,,Commune,,#N/A,,,,,,,,,,localadmin,,CH-AG,Zetzwil,county,2,CH-AG,Kulm,region,1,CH-AG,Aargau,HIGH,1.0,CH-AG
,Switzerland,Dürrenäsch,Bezirk Kulm,Aargau,1375,,Commune,,#N/A,,,,,,,,,,localadmin,,CH-AG,Dürrenäsch,county,2,CH-AG,Kulm,region,1,CH-AG,Aargau,HIGH,1.0,CH-AG
,Switzerland,Schmiedrued,Bezirk Kulm,Aargau,1160,,Commune,,#N/A,,,,,,,,,,localadmin,,CH-AG,Schmiedrued,county,2,CH-AG,Kulm,region,1,CH-AG,Aargau,HIGH,1.0,CH-AG
,Switzerland,Schlossrued,Bezirk Kulm,Aargau,893,,Commune,,#N/A,,,,,,,,,,localadmin,,CH-AG,Schlossrued,county,2,CH-AG,Kulm,region,1,CH-AG,Aargau,HIGH,1.0,CH-AG
,Switzerland,Leutwil,Bezirk Kulm,Aargau,755,,Commune,,#N/A,,,,,,,,,,localadmin,,CH-AG,Leutwil,county,2,CH-AG,Kulm,region,1,CH-AG,Aargau,HIGH,1.0,CH-AG
,Switzerland,Leimbach (AG),Bezirk Kulm,Aargau,543,,Commune,,#N/A,,,,,,,,,,localadmin,,CH-AG,Leimbach,county,2,CH-AG,Kulm,region,1,CH-AG,Aargau,HIGH,1.0,CH-AG
,Switzerland,Frick,Bezirk Laufenburg,Aargau,5923,,Commune,,#N/A,,,,,,,,,,localadmin,,CH-AG,Frick,county,2,CH-AG,Laufenburg,region,1,CH-AG,Aargau,HIGH,1.0,CH-AG
,Switzerland,Gipf-Oberfrick,Bezirk Laufenburg,Aargau,3887,,Commune,,#N/A,,,,,,,,,,localadmin,,CH-AG,Gipf-Oberfrick,county,2,CH-AG,Laufenburg,region,1,CH-AG,Aargau,HIGH,1.0,CH-AG
,Switzerland,Laufenburg (incl. Sulz),Bezirk Laufenburg,Aargau,3856,,City,,#N/A,,,,,,,,,,county,2,CH-AG,Laufenburg,county,2,CH-AG,Laufenburg,region,1,CH-AG,Aargau,HIGH,1.0,CH-AG
,Switzerland,Kaisten,Bezirk Laufenburg,Aargau,2946,,Commune,,#N/A,,,,,,,,,,localadmin,,CH-AG,Kaisten,county,2,CH-AG,Laufenburg,region,1,CH-AG,Aargau,HIGH,1.0,CH-AG
,Switzerland,"Böztal (incl. Hornussen, Bözen)",Bezirk Laufenburg,Aargau,2939,,Commune,,#N/A,,,,,,,,,,localadmin,,CH-AG,Böztal,county,2,CH-AG,Brugg,region,1,CH-AG,Aargau,HIGH,1.0,CH-AG
,Switzerland,Herznach-Ueken,Bezirk Laufenburg,Aargau,2665,,Commune,,#N/A,,,,,,,,,,localadmin,,CH-AG,Herznach-Ueken,county,2,CH-AG,Laufenburg,region,1,CH-AG,Aargau,HIGH,1.0,CH-AG
,Switzerland,Eiken,Bezirk Laufenburg,Aargau,2515,,Commune,,#N/A,,,,,,,,,,localadmin,,CH-AG,Eiken,county,2,CH-AG,Laufenburg,region,1,CH-AG,Aargau,HIGH,1.0,CH-AG
,Switzerland,Mettauertal (incl. Wil (AG)),Bezirk Laufenburg,Aargau,2176,,Commune,,#N/A,,,,,,,,,,localadmin,,CH-AG,Mettauertal,county,2,CH-AG,Laufenburg,region,1,CH-AG,Aargau,HIGH,1.0,CH-AG
,Switzerland,Sisseln,Bezirk Laufenburg,Aargau,1653,,Commune,,#N/A,,,,,,,,,,localadmin,,CH-AG,Sisseln,county,2,CH-AG,Laufenburg,region,1,CH-AG,Aargau,HIGH,1.0,CH-AG
,Switzerland,Wittnau,Bezirk Laufenburg,Aargau,1428,,Commune,,#N/A,,,,,,,,,,localadmin,,CH-AG,Wittnau,county,2,CH-AG,Laufenburg,region,1,CH-AG,Aargau,HIGH,1.0,CH-AG
,Switzerland,Zeihen,Bezirk Laufenburg,Aargau,1265,,Commune,,#N/A,,,,,,,,,,localadmin,,CH-AG,Zeihen,county,2,CH-AG,Laufenburg,region,1,CH-AG,Aargau,HIGH,1.0,CH-AG
,Switzerland,Oeschgen,Bezirk Laufenburg,Aargau,1185,,Commune,,#N/A,,,,,,,,,,localadmin,,CH-AG,Oeschgen,county,2,CH-AG,Laufenburg,region,1,CH-AG,Aargau,HIGH,1.0,CH-AG
,Switzerland,Gansingen,Bezirk Laufenburg,Aargau,1128,,Commune,,#N/A,,,,,,,,,,localadmin,,CH-AG,Gansingen,county,2,CH-AG,Laufenburg,region,1,CH-AG,Aargau,HIGH,1.0,CH-AG
,Switzerland,Münchwilen (AG),Bezirk Laufenburg,Aargau,1077,,Commune,,#N/A,,,,,,,,,,localadmin,,CH-AG,Münchwilen,county,2,CH-AG,Laufenburg,region,1,CH-AG,Aargau,HIGH,1.0,CH-AG
,Switzerland,Wölflinswil,Bezirk Laufenburg,Aargau,1077,,Commune,,#N/A,,,,,,,,,,localadmin,,CH-AG,Wölflinswil,county,2,CH-AG,Laufenburg,region,1,CH-AG,Aargau,HIGH,1.0,CH-AG
,Switzerland,Schwaderloch,Bezirk Laufenburg,Aargau,727,,Commune,,#N/A,,,,,,,,,,localadmin,,CH-AG,Schwaderloch,county,2,CH-AG,Laufenburg,region,1,CH-AG,Aargau,HIGH,1.0,CH-AG
,Switzerland,Oberhof,Bezirk Laufenburg,Aargau,585,,Commune,,#N/A,,,,,,,,,,localadmin,,CH-AG,Oberhof,county,2,CH-AG,Laufenburg,region,1,CH-AG,Aargau,HIGH,1.0,CH-AG
,Switzerland,Lenzburg,Bezirk Lenzburg,Aargau,11313,,City,,#N/A,,,,,,,,,,localadmin,,CH-AG,Lenzburg,county,2,CH-AG,Lenzburg,region,1,CH-AG,Aargau,HIGH,1.0,CH-AG
,Switzerland,Rupperswil,Bezirk Lenzburg,Aargau,6227,,Commune,,#N/A,,,,,,,,,,localadmin,,CH-AG,Rupperswil,county,2,CH-AG,Lenzburg,region,1,CH-AG,Aargau,HIGH,1.0,CH-AG
,Switzerland,Seon,Bezirk Lenzburg,Aargau,5650,,Commune,,#N/A,,,,,,,,,,localadmin,,CH-AG,Seon,county,2,CH-AG,Lenzburg,region,1,CH-AG,Aargau,HIGH,1.0,CH-AG
,Switzerland,Möriken-Wildegg,Bezirk Lenzburg,Aargau,4987,,Commune,,#N/A,,,,,,,,,,localadmin,,CH-AG,Möriken-Wildegg,county,2,CH-AG,Lenzburg,region,1,CH-AG,Aargau,HIGH,1.0,CH-AG
,Switzerland,Niederlenz,Bezirk Lenzburg,Aargau,4958,,Commune,,#N/A,,,,,,,,,,localadmin,,CH-AG,Niederlenz,county,2,CH-AG,Lenzburg,region,1,CH-AG,Aargau,HIGH,1.0,CH-AG
,Switzerland,Seengen,Bezirk Lenzburg,Aargau,4494,,Commune,,#N/A,,,,,,,,,,localadmin,,CH-AG,Seengen,county,2,CH-AG,Lenzburg,region,1,CH-AG,Aargau,HIGH,1.0,CH-AG
,Switzerland,Staufen,Bezirk Lenzburg,Aargau,4401,,Commune,,#N/A,,,,,,,,,,localadmin,,CH-AG,Staufen,county,2,CH-AG,Lenzburg,region,1,CH-AG,Aargau,HIGH,1.0,CH-AG
,Switzerland,Hunzenschwil,Bezirk Lenzburg,Aargau,4377,,Commune,,#N/A,,,,,,,,,,localadmin,,CH-AG,Hunzenschwil,county,2,CH-AG,Lenzburg,region,1,CH-AG,Aargau,HIGH,1.0,CH-AG
,Switzerland,Meisterschwanden,Bezirk Lenzburg,Aargau,3304,,Commune,,#N/A,,,,,,,,,,localadmin,,CH-AG,Meisterschwanden,county,2,CH-AG,Lenzburg,region,1,CH-AG,Aargau,HIGH,1.0,CH-AG
,Switzerland,Othmarsingen,Bezirk Lenzburg,Aargau,3165,,Commune,,#N/A,,,,,,,,,,localadmin,,CH-AG,Othmarsingen,county,2,CH-AG,Lenzburg,region,1,CH-AG,Aargau,HIGH,1.0,CH-AG
,Switzerland,Schafisheim,Bezirk Lenzburg,Aargau,3155,,Commune,,#N/A,,,,,,,,,,localadmin,,CH-AG,Schafisheim,county,2,CH-AG,Lenzburg,region,1,CH-AG,Aargau,HIGH,1.0,CH-AG
,Switzerland,Fahrwangen,Bezirk Lenzburg,Aargau,2533,,Commune,,#N/A,,,,,,,,,,localadmin,,CH-AG,Fahrwangen,county,2,CH-AG,Lenzburg,region,1,CH-AG,Aargau,HIGH,1.0,CH-AG
,Switzerland,Dintikon,Bezirk Lenzburg,Aargau,2428,,Commune,,#N/A,,,,,,,,,,localadmin,,CH-AG,Dintikon,county,2,CH-AG,Lenzburg,region,1,CH-AG,Aargau,HIGH,1.0,CH-AG
,Switzerland,Boniswil,Bezirk Lenzburg,Aargau,1769,,Commune,,#N/A,,,,,,,,,,localadmin,,CH-AG,Boniswil,county,2,CH-AG,Lenzburg,region,1,CH-AG,Aargau,HIGH,1.0,CH-AG
,Switzerland,Egliswil,Bezirk Lenzburg,Aargau,1604,,Commune,,#N/A,,,,,,,,,,localadmin,,CH-AG,Egliswil,county,2,CH-AG,Lenzburg,region,1,CH-AG,Aargau,HIGH,1.0,CH-AG
,Switzerland,Holderbank (AG),Bezirk Lenzburg,Aargau,1568,,Commune,,#N/A,,,,,,,,,,localadmin,,CH-AG,Holderbank,county,2,CH-AG,Lenzburg,region,1,CH-AG,Aargau,HIGH,1.0,CH-AG
,Switzerland,Hendschiken,Bezirk Lenzburg,Aargau,1387,,Commune,,#N/A,,,,,,,,,,localadmin,,CH-AG,Hendschiken,county,2,CH-AG,Lenzburg,region,1,CH-AG,Aargau,HIGH,1.0,CH-AG
,Switzerland,Hallwil,Bezirk Lenzburg,Aargau,1023,,Commune,,#N/A,,,,,,,,,,localadmin,,CH-AG,Hallwil,county,2,CH-AG,Lenzburg,region,1,CH-AG,Aargau,HIGH,1.0,CH-AG
,Switzerland,Brunegg,Bezirk Lenzburg,Aargau,920,,Commune,,#N/A,,,,,,,,,,localadmin,,CH-AG,Brunegg,county,2,CH-AG,Lenzburg,region,1,CH-AG,Aargau,HIGH,1.0,CH-AG
,Switzerland,Ammerswil,Bezirk Lenzburg,Aargau,800,,Commune,,#N/A,,,,,,,,,,localadmin,,CH-AG,Ammerswil,county,2,CH-AG,Lenzburg,region,1,CH-AG,Aargau,HIGH,1.0,CH-AG
,Switzerland,Muri (AG),Bezirk Muri,Aargau,8712,,Commune,,#N/A,,,,,,,,,,county,2,CH-AG,Muri,county,2,CH-AG,Muri,region,1,CH-AG,Aargau,HIGH,1.0,CH-AG
,Switzerland,Sins,Bezirk Muri,Aargau,4489,,Commune,,#N/A,,,,,,,,,,localadmin,,CH-AG,Sins,county,2,CH-AG,Muri,region,1,CH-AG,Aargau,HIGH,1.0,CH-AG
,Switzerland,Merenschwand (incl. Benzenschwil),Bezirk Muri,Aargau,3893,,Commune,,#N/A,,,,,,,,,,localadmin,,CH-AG,Merenschwand,county,2,CH-AG,Muri,region,1,CH-AG,Aargau,HIGH,1.0,CH-AG
,Switzerland,Waltenschwil,Bezirk Muri,Aargau,3186,,Commune,,#N/A,,,,,,,,,,localadmin,,CH-AG,Waltenschwil,county,2,CH-AG,Muri,region,1,CH-AG,Aargau,HIGH,1.0,CH-AG
,Switzerland,Boswil,Bezirk Muri,Aargau,3113,,Commune,,#N/A,,,,,,,,,,localadmin,,CH-AG,Boswil,county,2,CH-AG,Muri,region,1,CH-AG,Aargau,HIGH,1.0,CH-AG
,Switzerland,Auw,Bezirk Muri,Aargau,2301,,Commune,,#N/A,,,,,,,,,,localadmin,,CH-AG,Auw,county,2,CH-AG,Muri,region,1,CH-AG,Aargau,HIGH,1.0,CH-AG
,Switzerland,Oberrüti,Bezirk Muri,Aargau,1630,,Commune,,#N/A,,,,,,,,,,localadmin,,CH-AG,Oberrüti,county,2,CH-AG,Muri,region,1,CH-AG,Aargau,HIGH,1.0,CH-AG
,Switzerland,Aristau,Bezirk Muri,Aargau,1603,,Commune,,#N/A,,,,,,,,,,localadmin,,CH-AG,Aristau,county,2,CH-AG,Muri,region,1,CH-AG,Aargau,HIGH,1.0,CH-AG
,Switzerland,Dietwil,Bezirk Muri,Aargau,1412,,Commune,,#N/A,,,,,,,,,,localadmin,,CH-AG,Dietwil,county,2,CH-AG,Muri,region,1,CH-AG,Aargau,HIGH,1.0,CH-AG
,Switzerland,Mühlau,Bezirk Muri,Aargau,1347,,Commune,,#N/A,,,,,,,,,,localadmin,,CH-AG,Mühlau,county,2,CH-AG,Muri,region,1,CH-AG,Aargau,HIGH,1.0,CH-AG
,Switzerland,Beinwil (Freiamt),Bezirk Muri,Aargau,1309,,Commune,,#N/A,,,,,,,,,,localadmin,,CH-AG,Beinwil (Freiamt),county,2,CH-AG,Muri,region,1,CH-AG,Aargau,HIGH,1.0,CH-AG
,Switzerland,Buttwil,Bezirk Muri,Aargau,1297,,Commune,,#N/A,,,,,,,,,,localadmin,,CH-AG,Buttwil,county,2,CH-AG,Muri,region,1,CH-AG,Aargau,HIGH,1.0,CH-AG
,Switzerland,Bünzen,Bezirk Muri,Aargau,1245,,Commune,,#N/A,,,,,,,,,,localadmin,,CH-AG,Bünzen,county,2,CH-AG,Muri,region,1,CH-AG,Aargau,HIGH,1.0,CH-AG
,Switzerland,Abtwil,Bezirk Muri,Aargau,1120,,Commune,,#N/A,,,,,,,,,,localadmin,,CH-AG,Abtwil,county,2,CH-AG,Muri,region,1,CH-AG,Aargau,HIGH,1.0,CH-AG
,Switzerland,Rottenschwil,Bezirk Muri,Aargau,959,,Commune,,#N/A,,,,,,,,,,localadmin,,CH-AG,Rottenschwil,county,2,CH-AG,Muri,region,1,CH-AG,Aargau,HIGH,1.0,CH-AG
,Switzerland,Bettwil,Bezirk Muri,Aargau,716,,Commune,,#N/A,,,,,,,,,,localadmin,,CH-AG,Bettwil,county,2,CH-AG,Muri,region,1,CH-AG,Aargau,HIGH,1.0,CH-AG
,Switzerland,Besenbüren,Bezirk Muri,Aargau,637,,Commune,,#N/A,,,,,,,,,,localadmin,,CH-AG,Besenbüren,county,2,CH-AG,Muri,region,1,CH-AG,Aargau,HIGH,1.0,CH-AG
,Switzerland,Kallern,Bezirk Muri,Aargau,423,,Commune,,#N/A,,,,,,,,,,localadmin,,CH-AG,Kallern,county,2,CH-AG,Muri,region,1,CH-AG,Aargau,HIGH,1.0,CH-AG
,Switzerland,Geltwil,Bezirk Muri,Aargau,241,,Commune,,#N/A,,,,,,,,,,localadmin,,CH-AG,Geltwil,county,2,CH-AG,Muri,region,1,CH-AG,Aargau,HIGH,1.0,CH-AG
,Switzerland,Rheinfelden,Bezirk Rheinfelden,Aargau,13815,Basel,City,,Basel,,,,,,,,,,localadmin,,CH-AG,Rheinfelden,county,2,CH-AG,Rheinfelden,region,1,CH-AG,Aargau,HIGH,1.0,CH-AG
,Switzerland,Möhlin,Bezirk Rheinfelden,Aargau,11382,Basel,Commune,,Basel,,,,,,,,,,localadmin,,CH-AG,Möhlin,county,2,CH-AG,Rheinfelden,region,1,CH-AG,Aargau,HIGH,1.0,CH-AG
,Switzerland,Kaiseraugst,Bezirk Rheinfelden,Aargau,5822,Basel,Commune,,Basel,,,,,,,,,,localadmin,,CH-AG,Kaiseraugst,county,2,CH-AG,Rheinfelden,region,1,CH-AG,Aargau,HIGH,1.0,CH-AG
,Switzerland,Magden,Bezirk Rheinfelden,Aargau,3887,Basel,Commune,,Basel,,,,,,,,,,localadmin,,CH-AG,Magden,county,2,CH-AG,Rheinfelden,region,1,CH-AG,Aargau,HIGH,1.0,CH-AG
,Switzerland,Stein (AG),Bezirk Rheinfelden,Aargau,3512,Basel,Commune,,Basel,,,,,,,,,,localadmin,,CH-AG,Stein,county,2,CH-AG,Rheinfelden,region,1,CH-AG,Aargau,HIGH,1.0,CH-AG
,Switzerland,Zeiningen,Bezirk Rheinfelden,Aargau,2544,Basel,Commune,,Basel,,,,,,,,,,localadmin,,CH-AG,Zeiningen,county,2,CH-AG,Rheinfelden,region,1,CH-AG,Aargau,HIGH,1.0,CH-AG
,Switzerland,Wallbach,Bezirk Rheinfelden,Aargau,2065,Basel,Commune,,Basel,,,,,,,,,,localadmin,,CH-AG,Wallbach,county,2,CH-AG,Rheinfelden,region,1,CH-AG,Aargau,HIGH,1.0,CH-AG
,Switzerland,Mumpf,Bezirk Rheinfelden,Aargau,1563,Basel,Commune,,Basel,,,,,,,,,,localadmin,,CH-AG,Mumpf,county,2,CH-AG,Rheinfelden,region,1,CH-AG,Aargau,HIGH,1.0,CH-AG
,Switzerland,Obermumpf,Bezirk Rheinfelden,Aargau,1081,Basel,Commune,,Basel,,,,,,,,,,localadmin,,CH-AG,Obermumpf,county,2,CH-AG,Rheinfelden,region,1,CH-AG,Aargau,HIGH,1.0,CH-AG
,Switzerland,Wegenstetten,Bezirk Rheinfelden,Aargau,1016,Basel,Commune,,Basel,,,,,,,,,,localadmin,,CH-AG,Wegenstetten,county,2,CH-AG,Rheinfelden,region,1,CH-AG,Aargau,HIGH,1.0,CH-AG
,Switzerland,Zuzgen,Bezirk Rheinfelden,Aargau,909,Basel,Commune,,Basel,,,,,,,,,,localadmin,,CH-AG,Zuzgen,county,2,CH-AG,Rheinfelden,region,1,CH-AG,Aargau,HIGH,1.0,CH-AG
,Switzerland,Schupfart,Bezirk Rheinfelden,Aargau,883,Basel,Commune,,Basel,,,,,,,,,,localadmin,,CH-AG,Schupfart,county,2,CH-AG,Rheinfelden,region,1,CH-AG,Aargau,HIGH,1.0,CH-AG
,Switzerland,Hellikon,Bezirk Rheinfelden,Aargau,849,Basel,Commune,,Basel,,,,,,,,,,localadmin,,CH-AG,Hellikon,county,2,CH-AG,Rheinfelden,region,1,CH-AG,Aargau,HIGH,1.0,CH-AG
,Switzerland,Olsberg,Bezirk Rheinfelden,Aargau,360,Basel,Commune,,Basel,,,,,,,,,,localadmin,,CH-AG,Olsberg,,,,,region,1,CH-AG,Aargau,HIGH,1.0,CH-AG
,Switzerland,Oftringen,Bezirk Zofingen,Aargau,15116,Olten–Zofingen,City,,Olten–Zofingen,,,,,,,,,,localadmin,,CH-AG,Oftringen,county,2,CH-AG,Zofingen,region,1,CH-AG,Aargau,HIGH,1.0,CH-AG
,Switzerland,Zofingen (incl. Mühlethal),Bezirk Zofingen,Aargau,12874,Olten–Zofingen,City,,Olten–Zofingen,,,,,,,,,,localadmin,,CH-AG,Zofingen,county,2,CH-AG,Zofingen,region,1,CH-AG,Aargau,HIGH,1.0,CH-AG
,Switzerland,Rothrist,Bezirk Zofingen,Aargau,9894,Olten–Zofingen,Commune,,Olten–Zofingen,,,,,,,,,,localadmin,,CH-AG,Rothrist,county,2,CH-AG,Zofingen,region,1,CH-AG,Aargau,HIGH,1.0,CH-AG
,Switzerland,Aarburg,Bezirk Zofingen,Aargau,8915,Olten–Zofingen,City,,Olten–Zofingen,,,,,,,,,,localadmin,,CH-AG,Aarburg,county,2,CH-AG,Zofingen,region,1,CH-AG,Aargau,HIGH,1.0,CH-AG
,Switzerland,Kölliken,Bezirk Zofingen,Aargau,5105,Olten–Zofingen,Commune,,Olten–Zofingen,,,,,,,,,,localadmin,,CH-AG,Kölliken,county,2,CH-AG,Zofingen,region,1,CH-AG,Aargau,HIGH,1.0,CH-AG
,Switzerland,Strengelbach,Bezirk Zofingen,Aargau,5097,Olten–Zofingen,Commune,,Olten–Zofingen,,,,,,,,,,localadmin,,CH-AG,Strengelbach,county,2,CH-AG,Zofingen,region,1,CH-AG,Aargau,HIGH,1.0,CH-AG
,Switzerland,Safenwil,Bezirk Zofingen,Aargau,4630,Olten–Zofingen,Commune,,Olten–Zofingen,,,,,,,,,,localadmin,,CH-AG,Safenwil,county,2,CH-AG,Zofingen,region,1,CH-AG,Aargau,HIGH,1.0,CH-AG
,Switzerland,Brittnau,Bezirk Zofingen,Aargau,4339,Olten–Zofingen,Commune,,Olten–Zofingen,,,,,,,,,,localadmin,,CH-AG,Brittnau,county,2,CH-AG,Zofingen,region,1,CH-AG,Aargau,HIGH,1.0,CH-AG
,Switzerland,Murgenthal,Bezirk Zofingen,Aargau,3127,Olten–Zofingen,Commune,,Olten–Zofingen,,,,,,,,,,localadmin,,CH-AG,Murgenthal,county,2,CH-AG,Zofingen,region,1,CH-AG,Aargau,HIGH,1.0,CH-AG
,Switzerland,Vordemwald,Bezirk Zofingen,Aargau,2037,Olten–Zofingen,Commune,,Olten–Zofingen,,,,,,,,,,localadmin,,CH-AG,Vordemwald,county,2,CH-AG,Zofingen,region,1,CH-AG,Aargau,HIGH,1.0,CH-AG
,Switzerland,Reitnau (incl. Attelwil),Bezirk Zofingen,Aargau,1620,Olten–Zofingen,Commune,,Olten–Zofingen,,,,,,,,,,localadmin,,CH-AG,Reitnau,county,2,CH-AG,Zofingen,region,1,CH-AG,Aargau,HIGH,1.0,CH-AG
,Switzerland,Uerkheim,Bezirk Zofingen,Aargau,1441,Olten–Zofingen,Commune,,Olten–Zofingen,,,,,,,,,,localadmin,,CH-AG,Uerkheim,county,2,CH-AG,Zofingen,region,1,CH-AG,Aargau,HIGH,1.0,CH-AG
,Switzerland,Staffelbach,Bezirk Zofingen,Aargau,1364,Olten–Zofingen,Commune,,Olten–Zofingen,,,,,,,,,,localadmin,,CH-AG,Staffelbach,county,2,CH-AG,Zofingen,region,1,CH-AG,Aargau,HIGH,1.0,CH-AG
,Switzerland,Moosleerau,Bezirk Zofingen,Aargau,956,Olten–Zofingen,Commune,,Olten–Zofingen,,,,,,,,,,localadmin,,CH-AG,Moosleerau,county,2,CH-AG,Zofingen,region,1,CH-AG,Aargau,HIGH,1.0,CH-AG
,Switzerland,Kirchleerau,Bezirk Zofingen,Aargau,938,Olten–Zofingen,Commune,,Olten–Zofingen,,,,,,,,,,localadmin,,CH-AG,Kirchleerau,county,2,CH-AG,Zofingen,region,1,CH-AG,Aargau,HIGH,1.0,CH-AG
,Switzerland,Bottenwil,Bezirk Zofingen,Aargau,863,Olten–Zofingen,Commune,,Olten–Zofingen,,,,,,,,,,localadmin,,CH-AG,Bottenwil,county,2,CH-AG,Zofingen,region,1,CH-AG,Aargau,HIGH,1.0,CH-AG
,Switzerland,Wiliberg,Bezirk Zofingen,Aargau,170,Olten–Zofingen,Commune,,Olten–Zofingen,,,,,,,,,,localadmin,,CH-AG,Wiliberg,county,2,CH-AG,Zofingen,region,1,CH-AG,Aargau,HIGH,1.0,CH-AG
,Switzerland,"Zurzach (incl. Bad Zurzach, Rekingen)",Bezirk Zurzach,Aargau,8336,,Commune,,#N/A,,,,,,,,,,county,2,CH-AG,Zurzach,county,2,CH-AG,Zurzach,region,1,CH-AG,Aargau,HIGH,1.0,CH-AG
,Switzerland,Döttingen,Bezirk Zurzach,Aargau,4559,,Commune,,#N/A,,,,,,,,,,localadmin,,CH-AG,Döttingen,county,2,CH-AG,Zurzach,region,1,CH-AG,Aargau,HIGH,1.0,CH-AG
,Switzerland,Böttstein,Bezirk Zurzach,Aargau,4326,,Commune,,#N/A,,,,,,,,,,localadmin,,CH-AG,Böttstein,county,2,CH-AG,Zurzach,region,1,CH-AG,Aargau,HIGH,1.0,CH-AG
,Switzerland,Klingnau,Bezirk Zurzach,Aargau,3700,,City,,#N/A,,,,,,,,,,localadmin,,CH-AG,Klingnau,county,2,CH-AG,Zurzach,region,1,CH-AG,Aargau,HIGH,1.0,CH-AG
,Switzerland,Lengnau (AG),Bezirk Zurzach,Aargau,2955,,Commune,,#N/A,,,,,,,,,,localadmin,,CH-AG,Lengnau,county,2,CH-AG,Zurzach,region,1,CH-AG,Aargau,HIGH,1.0,CH-AG
,Switzerland,Endingen,Bezirk Zurzach,Aargau,2716,,Commune,,#N/A,,,,,,,,,,localadmin,,CH-AG,Endingen,county,2,CH-AG,Zurzach,region,1,CH-AG,Aargau,HIGH,1.0,CH-AG
,Switzerland,Leuggern,Bezirk Zurzach,Aargau,2444,,Commune,,#N/A,,,,,,,,,,localadmin,,CH-AG,Leuggern,county,2,CH-AG,Zurzach,region,1,CH-AG,Aargau,HIGH,1.0,CH-AG
,Switzerland,Koblenz,Bezirk Zurzach,Aargau,1819,,Commune,,#N/A,,,,,,,,,,localadmin,,CH-AG,Koblenz,county,2,CH-AG,Zurzach,region,1,CH-AG,Aargau,HIGH,1.0,CH-AG
,Switzerland,Leibstadt,Bezirk Zurzach,Aargau,1605,,Commune,,#N/A,,,,,,,,,,localadmin,,CH-AG,Leibstadt,county,2,CH-AG,Zurzach,region,1,CH-AG,Aargau,HIGH,1.0,CH-AG
,Switzerland,Schneisingen,Bezirk Zurzach,Aargau,1564,,Commune,,#N/A,,,,,,,,,,localadmin,,CH-AG,Schneisingen,county,2,CH-AG,Zurzach,region,1,CH-AG,Aargau,HIGH,1.0,CH-AG
,Switzerland,Tegerfelden,Bezirk Zurzach,Aargau,1304,,Commune,,#N/A,,,,,,,,,,localadmin,,CH-AG,Tegerfelden,county,2,CH-AG,Zurzach,region,1,CH-AG,Aargau,HIGH,1.0,CH-AG
,Switzerland,Full-Reuenthal,Bezirk Zurzach,Aargau,1013,,Commune,,#N/A,,,,,,,,,,localadmin,,CH-AG,Full-Reuenthal,county,2,CH-AG,Zurzach,region,1,CH-AG,Aargau,HIGH,1.0,CH-AG
,Switzerland,Siglistorf,Bezirk Zurzach,Aargau,799,,Commune,,#N/A,,,,,,,,,,localadmin,,CH-AG,Siglistorf,county,2,CH-AG,Zurzach,region,1,CH-AG,Aargau,HIGH,1.0,CH-AG
,Switzerland,Fisibach,Bezirk Zurzach,Aargau,605,,Commune,,#N/A,,,,,,,,,,localadmin,,CH-AG,Fisibach,county,2,CH-AG,Zurzach,region,1,CH-AG,Aargau,HIGH,1.0,CH-AG
,Switzerland,Mellikon,Bezirk Zurzach,Aargau,224,,Commune,,#N/A,,,,,,,,,,localadmin,,CH-AG,Mellikon,county,2,CH-AG,Zurzach,region,1,CH-AG,Aargau,HIGH,1.0,CH-AG
,Switzerland,Herisau,Bezirk Hinterland,Appenzell Ausserrhoden,15941,,City,,#N/A,,,,,,,,,,localadmin,,CH-AR,Herisau,county,2,CH-AR,Appenzell Ausserrhoden,region,1,CH-AR,Appenzell Ausserrhoden,HIGH,1.0,CH-AR
,Switzerland,Urnäsch,Bezirk Hinterland,Appenzell Ausserrhoden,2370,,Commune,,#N/A,,,,,,,,,,localadmin,,CH-AR,Urnäsch,county,2,CH-AR,Appenzell Ausserrhoden,region,1,CH-AR,Appenzell Ausserrhoden,HIGH,1.0,CH-AR
,Switzerland,Waldstatt,Bezirk Hinterland,Appenzell Ausserrhoden,1861,,Commune,,#N/A,,,,,,,,,,localadmin,,CH-AR,Waldstatt,county,2,CH-AR,Appenzell Ausserrhoden,region,1,CH-AR,Appenzell Ausserrhoden,HIGH,1.0,CH-AR
,Switzerland,Schwellbrunn,Bezirk Hinterland,Appenzell Ausserrhoden,1554,,Commune,,#N/A,,,,,,,,,,localadmin,,CH-AR,Schwellbrunn,county,2,CH-AR,Appenzell Ausserrhoden,region,1,CH-AR,Appenzell Ausserrhoden,HIGH,1.0,CH-AR
,Switzerland,Stein (AR),Bezirk Hinterland,Appenzell Ausserrhoden,1497,,Commune,,#N/A,,,,,,,,,,localadmin,,CH-AR,Stein (AR),county,2,CH-AR,Appenzell Ausserrhoden,region,1,CH-AR,Appenzell Ausserrhoden,HIGH,1.0,CH-AR
,Switzerland,Hundwil,Bezirk Hinterland,Appenzell Ausserrhoden,965,,Commune,,#N/A,,,,,,,,,,localadmin,,CH-AR,Hundwil,county,2,CH-AR,Appenzell Ausserrhoden,region,1,CH-AR,Appenzell Ausserrhoden,HIGH,1.0,CH-AR
,Switzerland,Schönengrund,Bezirk Hinterland,Appenzell Ausserrhoden,557,,Commune,,#N/A,,,,,,,,,,localadmin,,CH-AR,Schönengrund,county,2,CH-AR,Appenzell Ausserrhoden,region,1,CH-AR,Appenzell Ausserrhoden,HIGH,1.0,CH-AR
,Switzerland,Teufen (AR),Bezirk Mittelland,Appenzell Ausserrhoden,6520,,Commune,,#N/A,,,,,,,,,,localadmin,,CH-AR,Teufen (AR),county,2,CH-AR,Appenzell Ausserrhoden,region,1,CH-AR,Appenzell Ausserrhoden,HIGH,1.0,CH-AR
,Switzerland,Speicher,Bezirk Mittelland,Appenzell Ausserrhoden,4502,,Commune,,#N/A,,,,,,,,,,localadmin,,CH-AR,Speicher,county,2,CH-AR,Appenzell Ausserrhoden,region,1,CH-AR,Appenzell Ausserrhoden,HIGH,1.0,CH-AR
,Switzerland,Gais,Bezirk Mittelland,Appenzell Ausserrhoden,3134,,Commune,,#N/A,,,,,,,,,,localadmin,,CH-AR,Gais,county,2,CH-AR,Appenzell Ausserrhoden,region,1,CH-AR,Appenzell Ausserrhoden,HIGH,1.0,CH-AR
,Switzerland,Bühler,Bezirk Mittelland,Appenzell Ausserrhoden,1934,,Commune,,#N/A,,,,,,,,,,localadmin,,CH-AR,Bühler,county,2,CH-AR,Appenzell Ausserrhoden,region,1,CH-AR,Appenzell Ausserrhoden,HIGH,1.0,CH-AR
,Switzerland,Trogen,Bezirk Mittelland,Appenzell Ausserrhoden,1877,,Commune,,#N/A,,,,,,,,,,localadmin,,CH-AR,Trogen,county,2,CH-AR,Appenzell Ausserrhoden,region,1,CH-AR,Appenzell Ausserrhoden,HIGH,1.0,CH-AR
,Switzerland,Heiden,Bezirk Vorderland,Appenzell Ausserrhoden,4382,,Commune,,#N/A,,,,,,,,,,localadmin,,CH-AR,Heiden,county,2,CH-AR,Appenzell Ausserrhoden,region,1,CH-AR,Appenzell Ausserrhoden,HIGH,1.0,CH-AR
,Switzerland,Walzenhausen,Bezirk Vorderland,Appenzell Ausserrhoden,2053,,Commune,,#N/A,,,,,,,,,,localadmin,,CH-AR,Walzenhausen,county,2,CH-AR,Appenzell Ausserrhoden,region,1,CH-AR,Appenzell Ausserrhoden,HIGH,1.0,CH-AR
,Switzerland,Wolfhalden,Bezirk Vorderland,Appenzell Ausserrhoden,1888,,Commune,,#N/A,,,,,,,,,,localadmin,,CH-AR,Wolfhalden,county,2,CH-AR,Appenzell Ausserrhoden,region,1,CH-AR,Appenzell Ausserrhoden,HIGH,1.0,CH-AR
,Switzerland,Rehetobel,Bezirk Vorderland,Appenzell Ausserrhoden,1714,,Commune,,#N/A,,,,,,,,,,localadmin,,CH-AR,Rehetobel,county,2,CH-AR,Appenzell Ausserrhoden,region,1,CH-AR,Appenzell Ausserrhoden,HIGH,1.0,CH-AR
,Switzerland,Lutzenberg,Bezirk Vorderland,Appenzell Ausserrhoden,1321,,Commune,,#N/A,,,,,,,,,,localadmin,,CH-AR,Lutzenberg,county,2,CH-AR,Appenzell Ausserrhoden,region,1,CH-AR,Appenzell Ausserrhoden,HIGH,1.0,CH-AR
,Switzerland,Grub (AR),Bezirk Vorderland,Appenzell Ausserrhoden,986,,Commune,,#N/A,,,,,,,,,,localadmin,,CH-AR,Grub (AR),county,2,CH-AR,Appenzell Ausserrhoden,region,1,CH-AR,Appenzell Ausserrhoden,HIGH,1.0,CH-AR
,Switzerland,Wald (AR),Bezirk Vorderland,Appenzell Ausserrhoden,929,,Commune,,#N/A,,,,,,,,,,localadmin,,CH-AR,Wald (AR),county,2,CH-AR,Appenzell Ausserrhoden,region,1,CH-AR,Appenzell Ausserrhoden,HIGH,1.0,CH-AR
,Switzerland,Reute (AR),Bezirk Vorderland,Appenzell Ausserrhoden,703,,Commune,,#N/A,,,,,,,,,,localadmin,,CH-AR,Reute (AR),county,2,CH-AR,Appenzell Ausserrhoden,region,1,CH-AR,Appenzell Ausserrhoden,HIGH,1.0,CH-AR
,Switzerland,Schwende-Rüte,Appenzell Innerrhoden,Appenzell Innerrhoden,6108,,Commune,,#N/A,,,,,,,,,,localadmin,,CH-AI,Schwende-Rüte,county,2,CH-AI,Appenzell Innerrhoden,region,1,CH-AI,Appenzell Innerrhoden,HIGH,1.0,CH-AI
,Switzerland,Appenzell,Appenzell Innerrhoden,Appenzell Innerrhoden,6096,,Commune,,#N/A,,,,,,,,,,localadmin,,CH-AI,Appenzell,county,2,CH-AI,Appenzell Innerrhoden,region,1,CH-AI,Appenzell Innerrhoden,HIGH,1.0,CH-AI
,Switzerland,Oberegg,Appenzell Innerrhoden,Appenzell Innerrhoden,1935,,Commune,,#N/A,,,,,,,,,,localadmin,,CH-AI,Oberegg,county,2,CH-AI,Appenzell Innerrhoden,region,1,CH-AI,Appenzell Innerrhoden,HIGH,1.0,CH-AI
,Switzerland,Gonten,Appenzell Innerrhoden,Appenzell Innerrhoden,1474,,Commune,,#N/A,,,,,,,,,,localadmin,,CH-AI,Gonten,county,2,CH-AI,Appenzell Innerrhoden,region,1,CH-AI,Appenzell Innerrhoden,HIGH,1.0,CH-AI
,Switzerland,Schlatt-Haslen,Appenzell Innerrhoden,Appenzell Innerrhoden,1119,,Commune,,#N/A,,,,,,,,,,localadmin,,CH-AI,Schlatt-Haslen,county,2,CH-AI,Appenzell Innerrhoden,region,1,CH-AI,Appenzell Innerrhoden,HIGH,1.0,CH-AI
,Switzerland,Allschwil,Bezirk Arlesheim,Basel-Landschaft,22153,Basel,City,,Basel,,,,,,,,,,localadmin,,CH-BL,Allschwil,county,2,CH-BL,Arlesheim,region,1,CH-BL,Basel-Landschaft,HIGH,1.0,CH-BL
,Switzerland,Reinach (BL),Bezirk Arlesheim,Basel-Landschaft,20686,Basel,City,,Basel,,,,,,,,,,localadmin,,CH-BL,Reinach,county,2,CH-BL,Arlesheim,region,1,CH-BL,Basel-Landschaft,HIGH,1.0,CH-BL
,Switzerland,Muttenz,Bezirk Arlesheim,Basel-Landschaft,18118,Basel,City,,Basel,,,,,,,,,,localadmin,,CH-BL,Muttenz,county,2,CH-BL,Arlesheim,region,1,CH-BL,Basel-Landschaft,HIGH,1.0,CH-BL
,Switzerland,Binningen,Bezirk Arlesheim,Basel-Landschaft,16050,Basel,City,,Basel,,,,,,,,,,localadmin,,CH-BL,Binningen,county,2,CH-BL,Arlesheim,region,1,CH-BL,Basel-Landschaft,HIGH,1.0,CH-BL
,Switzerland,Münchenstein,Bezirk Arlesheim,Basel-Landschaft,12454,Basel,City,,Basel,,,,,,,,,,localadmin,,CH-BL,Münchenstein,county,2,CH-BL,Arlesheim,region,1,CH-BL,Basel-Landschaft,HIGH,1.0,CH-BL
,Switzerland,Oberwil (BL),Bezirk Arlesheim,Basel-Landschaft,11427,Basel,City,,Basel,,,,,,,,,,localadmin,,CH-BL,Oberwil,county,2,CH-BL,Arlesheim,region,1,CH-BL,Basel-Landschaft,HIGH,1.0,CH-BL
,Switzerland,Aesch (BL),Bezirk Arlesheim,Basel-Landschaft,11134,Basel,City,,Basel,,,,,,,,,,localadmin,,CH-BL,Aesch,county,2,CH-BL,Arlesheim,region,1,CH-BL,Basel-Landschaft,HIGH,1.0,CH-BL
,Switzerland,Birsfelden,Bezirk Arlesheim,Basel-Landschaft,10445,Basel,City,,Basel,,,,,,,,,,localadmin,,CH-BL,Birsfelden,county,2,CH-BL,Arlesheim,region,1,CH-BL,Basel-Landschaft,HIGH,1.0,CH-BL
,Switzerland,Therwil,Bezirk Arlesheim,Basel-Landschaft,10124,Basel,Commune,,Basel,,,,,,,,,,localadmin,,CH-BL,Therwil,county,2,CH-BL,Arlesheim,region,1,CH-BL,Basel-Landschaft,HIGH,1.0,CH-BL
,Switzerland,Arlesheim,Bezirk Arlesheim,Basel-Landschaft,9313,Basel,Commune,,Basel,,,,,,,,,,county,2,CH-BL,Arlesheim,county,2,CH-BL,Arlesheim,region,1,CH-BL,Basel-Landschaft,HIGH,1.0,CH-BL
,Switzerland,Bottmingen,Bezirk Arlesheim,Basel-Landschaft,7012,Basel,Commune,,Basel,,,,,,,,,,localadmin,,CH-BL,Bottmingen,county,2,CH-BL,Arlesheim,region,1,CH-BL,Basel-Landschaft,HIGH,1.0,CH-BL
,Switzerland,Ettingen,Bezirk Arlesheim,Basel-Landschaft,5567,Basel,Commune,,Basel,,,,,,,,,,localadmin,,CH-BL,Ettingen,county,2,CH-BL,Arlesheim,region,1,CH-BL,Basel-Landschaft,HIGH,1.0,CH-BL
,Switzerland,Biel-Benken,Bezirk Arlesheim,Basel-Landschaft,3485,Basel,Commune,,Basel,,,,,,,,,,localadmin,,CH-BL,Biel-Benken,county,2,CH-BL,Arlesheim,region,1,CH-BL,Basel-Landschaft,HIGH,1.0,CH-BL
,Switzerland,Pfeffingen,Bezirk Arlesheim,Basel-Landschaft,2413,Basel,Commune,,Basel,,,,,,,,,,localadmin,,CH-BL,Pfeffingen,county,2,CH-BL,Arlesheim,region,1,CH-BL,Basel-Landschaft,HIGH,1.0,CH-BL
,Switzerland,Schönenbuch,Bezirk Arlesheim,Basel-Landschaft,1494,Basel,Commune,,Basel,,,,,,,,,,localadmin,,CH-BL,Schönenbuch,county,2,CH-BL,Arlesheim,region,1,CH-BL,Basel-Landschaft,HIGH,1.0,CH-BL
,Switzerland,Laufen,Bezirk Laufen,Basel-Landschaft,6054,Basel,City,,Basel,,,,,,,,,,localadmin,,CH-BL,Laufen,county,2,CH-BL,Laufen,region,1,CH-BL,Basel-Landschaft,HIGH,1.0,CH-BL
,Switzerland,Zwingen,Bezirk Laufen,Basel-Landschaft,2847,Basel,Commune,,Basel,,,,,,,,,,localadmin,,CH-BL,Zwingen,county,2,CH-BL,Laufen,region,1,CH-BL,Basel-Landschaft,HIGH,1.0,CH-BL
,Switzerland,Grellingen,Bezirk Laufen,Basel-Landschaft,1957,Basel,Commune,,Basel,,,,,,,,,,localadmin,,CH-BL,Grellingen,county,2,CH-BL,Laufen,region,1,CH-BL,Basel-Landschaft,HIGH,1.0,CH-BL
,Switzerland,Röschenz,Bezirk Laufen,Basel-Landschaft,1940,Basel,Commune,,Basel,,,,,,,,,,localadmin,,CH-BL,Röschenz,county,2,CH-BL,Laufen,region,1,CH-BL,Basel-Landschaft,HIGH,1.0,CH-BL
,Switzerland,Brislach,Bezirk Laufen,Basel-Landschaft,1772,Basel,Commune,,Basel,,,,,,,,,,localadmin,,CH-BL,Brislach,county,2,CH-BL,Laufen,region,1,CH-BL,Basel-Landschaft,HIGH,1.0,CH-BL
,Switzerland,Duggingen,Bezirk Laufen,Basel-Landschaft,1621,Basel,Commune,,Basel,,,,,,,,,,localadmin,,CH-BL,Duggingen,county,2,CH-BL,Laufen,region,1,CH-BL,Basel-Landschaft,HIGH,1.0,CH-BL
,Switzerland,Wahlen,Bezirk Laufen,Basel-Landschaft,1592,Basel,Commune,,Basel,,,,,,,,,,localadmin,,CH-BL,Wahlen,county,2,CH-BL,Laufen,region,1,CH-BL,Basel-Landschaft,HIGH,1.0,CH-BL
,Switzerland,Liesberg,Bezirk Laufen,Basel-Landschaft,1105,Basel,Commune,,Basel,,,,,,,,,,localadmin,,CH-BL,Liesberg,county,2,CH-BL,Laufen,region,1,CH-BL,Basel-Landschaft,HIGH,1.0,CH-BL
,Switzerland,Dittingen,Bezirk Laufen,Basel-Landschaft,740,Basel,Commune,,Basel,,,,,,,,,,localadmin,,CH-BL,Dittingen,county,2,CH-BL,Laufen,region,1,CH-BL,Basel-Landschaft,HIGH,1.0,CH-BL
,Switzerland,Blauen,Bezirk Laufen,Basel-Landschaft,707,Basel,Commune,,Basel,,,,,,,,,,localadmin,,CH-BL,Blauen,county,2,CH-BL,Laufen,region,1,CH-BL,Basel-Landschaft,HIGH,1.0,CH-BL
,Switzerland,Nenzlingen,Bezirk Laufen,Basel-Landschaft,468,Basel,Commune,,Basel,,,,,,,,,,localadmin,,CH-BL,Nenzlingen,county,2,CH-BL,Laufen,region,1,CH-BL,Basel-Landschaft,HIGH,1.0,CH-BL
,Switzerland,Burg im Leimental,Bezirk Laufen,Basel-Landschaft,286,Basel,Commune,,Basel,,,,,,,,,,localadmin,,CH-BL,Burg im Leimental,county,2,CH-BL,Laufen,region,1,CH-BL,Basel-Landschaft,HIGH,1.0,CH-BL
,Switzerland,Roggenburg,Bezirk Laufen,Basel-Landschaft,246,Basel,Commune,,Basel,,,,,,,,,,localadmin,,CH-BL,Roggenburg,county,2,CH-BL,Laufen,region,1,CH-BL,Basel-Landschaft,HIGH,1.0,CH-BL
,Switzerland,Pratteln,Bezirk Liestal,Basel-Landschaft,16576,Basel,City,,Basel,,,,,,,,,,localadmin,,CH-BL,Pratteln,county,2,CH-BL,Liestal,region,1,CH-BL,Basel-Landschaft,HIGH,1.0,CH-BL
,Switzerland,Liestal,Bezirk Liestal,Basel-Landschaft,16032,Basel,City,,Basel,,,,,,,,,,localadmin,,CH-BL,Liestal,county,2,CH-BL,Liestal,region,1,CH-BL,Basel-Landschaft,HIGH,1.0,CH-BL
,Switzerland,Frenkendorf,Bezirk Liestal,Basel-Landschaft,6650,Basel,Commune,,Basel,,,,,,,,,,localadmin,,CH-BL,Frenkendorf,county,2,CH-BL,Liestal,region,1,CH-BL,Basel-Landschaft,HIGH,1.0,CH-BL
,Switzerland,Lausen,Bezirk Liestal,Basel-Landschaft,5884,Basel,Commune,,Basel,,,,,,,,,,localadmin,,CH-BL,Lausen,county,2,CH-BL,Liestal,region,1,CH-BL,Basel-Landschaft,HIGH,1.0,CH-BL
,Switzerland,Füllinsdorf,Bezirk Liestal,Basel-Landschaft,4730,Basel,Commune,,Basel,,,,,,,,,,localadmin,,CH-BL,Füllinsdorf,county,2,CH-BL,Liestal,region,1,CH-BL,Basel-Landschaft,HIGH,1.0,CH-BL
,Switzerland,Bubendorf,Bezirk Liestal,Basel-Landschaft,4534,Basel,Commune,,Basel,,,,,,,,,,localadmin,,CH-BL,Bubendorf,county,2,CH-BL,Liestal,region,1,CH-BL,Basel-Landschaft,HIGH,1.0,CH-BL
,Switzerland,Arisdorf,Bezirk Liestal,Basel-Landschaft,1733,Basel,Commune,,Basel,,,,,,,,,,localadmin,,CH-BL,Arisdorf,county,2,CH-BL,Liestal,region,1,CH-BL,Basel-Landschaft,HIGH,1.0,CH-BL
,Switzerland,Ziefen,Bezirk Liestal,Basel-Landschaft,1708,Basel,Commune,,Basel,,,,,,,,,,localadmin,,CH-BL,Ziefen,county,2,CH-BL,Liestal,region,1,CH-BL,Basel-Landschaft,HIGH,1.0,CH-BL
,Switzerland,Lupsingen,Bezirk Liestal,Basel-Landschaft,1564,Basel,Commune,,Basel,,,,,,,,,,localadmin,,CH-BL,Lupsingen,county,2,CH-BL,Liestal,region,1,CH-BL,Basel-Landschaft,HIGH,1.0,CH-BL
,Switzerland,Seltisberg,Bezirk Liestal,Basel-Landschaft,1316,Basel,Commune,,Basel,,,,,,,,,,localadmin,,CH-BL,Seltisberg,county,2,CH-BL,Liestal,region,1,CH-BL,Basel-Landschaft,HIGH,1.0,CH-BL
,Switzerland,Giebenach,Bezirk Liestal,Basel-Landschaft,1135,Basel,Commune,,Basel,,,,,,,,,,localadmin,,CH-BL,Giebenach,county,2,CH-BL,Liestal,region,1,CH-BL,Basel-Landschaft,HIGH,1.0,CH-BL
,Switzerland,Augst,Bezirk Liestal,Basel-Landschaft,1087,Basel,Commune,,Basel,,,,,,,,,,localadmin,,CH-BL,Augst,county,2,CH-BL,Liestal,region,1,CH-BL,Basel-Landschaft,HIGH,1.0,CH-BL
,Switzerland,Ramlinsburg,Bezirk Liestal,Basel-Landschaft,732,Basel,Commune,,Basel,,,,,,,,,,localadmin,,CH-BL,Ramlinsburg,county,2,CH-BL,Liestal,region,1,CH-BL,Basel-Landschaft,HIGH,1.0,CH-BL
,Switzerland,Hersberg,Bezirk Liestal,Basel-Landschaft,393,Basel,Commune,,Basel,,,,,,,,,,localadmin,,CH-BL,Hersberg,county,2,CH-BL,Sissach,region,1,CH-BL,Basel-Landschaft,HIGH,1.0,CH-BL
,Switzerland,Sissach,Bezirk Sissach,Basel-Landschaft,6893,Basel,Commune,,Basel,,,,,,,,,,county,2,CH-BL,Sissach,county,2,CH-BL,Sissach,region,1,CH-BL,Basel-Landschaft,HIGH,1.0,CH-BL
,Switzerland,Gelterkinden,Bezirk Sissach,Basel-Landschaft,6456,Basel,Commune,,Basel,,,,,,,,,,localadmin,,CH-BL,Gelterkinden,county,2,CH-BL,Sissach,region,1,CH-BL,Basel-Landschaft,HIGH,1.0,CH-BL
,Switzerland,Zunzgen,Bezirk Sissach,Basel-Landschaft,2790,Basel,Commune,,Basel,,,,,,,,,,localadmin,,CH-BL,Zunzgen,county,2,CH-BL,Sissach,region,1,CH-BL,Basel-Landschaft,HIGH,1.0,CH-BL
,Switzerland,Itingen,Bezirk Sissach,Basel-Landschaft,2473,Basel,Commune,,Basel,,,,,,,,,,localadmin,,CH-BL,Itingen,county,2,CH-BL,Sissach,region,1,CH-BL,Basel-Landschaft,HIGH,1.0,CH-BL
,Switzerland,Ormalingen,Bezirk Sissach,Basel-Landschaft,2375,Basel,Commune,,Basel,,,,,,,,,,localadmin,,CH-BL,Ormalingen,county,2,CH-BL,Sissach,region,1,CH-BL,Basel-Landschaft,HIGH,1.0,CH-BL
,Switzerland,Thürnen,Bezirk Sissach,Basel-Landschaft,1459,Basel,Commune,,Basel,,,,,,,,,,localadmin,,CH-BL,Thürnen,county,2,CH-BL,Sissach,region,1,CH-BL,Basel-Landschaft,HIGH,1.0,CH-BL
,Switzerland,Läufelfingen,Bezirk Sissach,Basel-Landschaft,1416,Basel,Commune,,Basel,,,,,,,,,,localadmin,,CH-BL,Läufelfingen,county,2,CH-BL,Sissach,region,1,CH-BL,Basel-Landschaft,HIGH,1.0,CH-BL
,Switzerland,Buus,Bezirk Sissach,Basel-Landschaft,1134,Basel,Commune,,Basel,,,,,,,,,,localadmin,,CH-BL,Buus,county,2,CH-BL,Sissach,region,1,CH-BL,Basel-Landschaft,HIGH,1.0,CH-BL
,Switzerland,Maisprach,Bezirk Sissach,Basel-Landschaft,954,Basel,Commune,,Basel,,,,,,,,,,localadmin,,CH-BL,Maisprach,county,2,CH-BL,Sissach,region,1,CH-BL,Basel-Landschaft,HIGH,1.0,CH-BL
,Switzerland,Tenniken,Bezirk Sissach,Basel-Landschaft,937,Basel,Commune,,Basel,,,,,,,,,,localadmin,,CH-BL,Tenniken,county,2,CH-BL,Sissach,region,1,CH-BL,Basel-Landschaft,HIGH,1.0,CH-BL
,Switzerland,Böckten,Bezirk Sissach,Basel-Landschaft,857,Basel,Commune,,Basel,,,,,,,,,,localadmin,,CH-BL,Böckten,county,2,CH-BL,Sissach,region,1,CH-BL,Basel-Landschaft,HIGH,1.0,CH-BL
,Switzerland,Diepflingen,Bezirk Sissach,Basel-Landschaft,835,Basel,Commune,,Basel,,,,,,,,,,localadmin,,CH-BL,Diepflingen,county,2,CH-BL,Sissach,region,1,CH-BL,Basel-Landschaft,HIGH,1.0,CH-BL
,Switzerland,Tecknau,Bezirk Sissach,Basel-Landschaft,816,Basel,Commune,,Basel,,,,,,,,,,localadmin,,CH-BL,Tecknau,county,2,CH-BL,Sissach,region,1,CH-BL,Basel-Landschaft,HIGH,1.0,CH-BL
,Switzerland,Rothenfluh,Bezirk Sissach,Basel-Landschaft,809,Basel,Commune,,Basel,,,,,,,,,,localadmin,,CH-BL,Rothenfluh,county,2,CH-BL,Sissach,region,1,CH-BL,Basel-Landschaft,HIGH,1.0,CH-BL
,Switzerland,Rünenberg,Bezirk Sissach,Basel-Landschaft,794,Basel,Commune,,Basel,,,,,,,,,,localadmin,,CH-BL,Rünenberg,county,2,CH-BL,Sissach,region,1,CH-BL,Basel-Landschaft,HIGH,1.0,CH-BL
,Switzerland,Buckten,Bezirk Sissach,Basel-Landschaft,715,Basel,Commune,,Basel,,,,,,,,,,localadmin,,CH-BL,Buckten,county,2,CH-BL,Sissach,region,1,CH-BL,Basel-Landschaft,HIGH,1.0,CH-BL
,Switzerland,Wenslingen,Bezirk Sissach,Basel-Landschaft,712,Basel,Commune,,Basel,,,,,,,,,,localadmin,,CH-BL,Wenslingen,county,2,CH-BL,Sissach,region,1,CH-BL,Basel-Landschaft,HIGH,1.0,CH-BL
,Switzerland,Wintersingen,Bezirk Sissach,Basel-Landschaft,602,Basel,Commune,,Basel,,,,,,,,,,localadmin,,CH-BL,Wintersingen,county,2,CH-BL,Sissach,region,1,CH-BL,Basel-Landschaft,HIGH,1.0,CH-BL
,Switzerland,Rickenbach (BL),Bezirk Sissach,Basel-Landschaft,570,Basel,Commune,,Basel,,,,,,,,,,localadmin,,CH-BL,Rickenbach (BL),county,2,CH-BL,Sissach,region,1,CH-BL,Basel-Landschaft,HIGH,1.0,CH-BL
,Switzerland,Anwil,Bezirk Sissach,Basel-Landschaft,547,Basel,Commune,,Basel,,,,,,,,,,localadmin,,CH-BL,Anwil,county,2,CH-BL,Sissach,region,1,CH-BL,Basel-Landschaft,HIGH,1.0,CH-BL
,Switzerland,Känerkinden,Bezirk Sissach,Basel-Landschaft,532,Basel,Commune,,Basel,,,,,,,,,,localadmin,,CH-BL,Känerkinden,county,2,CH-BL,Sissach,region,1,CH-BL,Basel-Landschaft,HIGH,1.0,CH-BL
,Switzerland,Oltingen,Bezirk Sissach,Basel-Landschaft,526,Basel,Commune,,Basel,,,,,,,,,,localadmin,,CH-BL,Oltingen,county,2,CH-BL,Sissach,region,1,CH-BL,Basel-Landschaft,HIGH,1.0,CH-BL
,Switzerland,Zeglingen,Bezirk Sissach,Basel-Landschaft,519,Basel,Commune,,Basel,,,,,,,,,,localadmin,,CH-BL,Zeglingen,county,2,CH-BL,Sissach,region,1,CH-BL,Basel-Landschaft,HIGH,1.0,CH-BL
,Switzerland,Wittinsburg,Bezirk Sissach,Basel-Landschaft,449,Basel,Commune,,Basel,,,,,,,,,,localadmin,,CH-BL,Wittinsburg,county,2,CH-BL,Sissach,region,1,CH-BL,Basel-Landschaft,HIGH,1.0,CH-BL
,Switzerland,Rümlingen,Bezirk Sissach,Basel-Landschaft,438,Basel,Commune,,Basel,,,,,,,,,,localadmin,,CH-BL,Rümlingen,county,2,CH-BL,Sissach,region,1,CH-BL,Basel-Landschaft,HIGH,1.0,CH-BL
,Switzerland,Nusshof,Bezirk Sissach,Basel-Landschaft,277,Basel,Commune,,Basel,,,,,,,,,,localadmin,,CH-BL,Nusshof,county,2,CH-BL,Sissach,region,1,CH-BL,Basel-Landschaft,HIGH,1.0,CH-BL
,Switzerland,Hemmiken,Bezirk Sissach,Basel-Landschaft,263,Basel,Commune,,Basel,,,,,,,,,,localadmin,,CH-BL,Hemmiken,county,2,CH-BL,Sissach,region,1,CH-BL,Basel-Landschaft,HIGH,1.0,CH-BL
,Switzerland,Häfelfingen,Bezirk Sissach,Basel-Landschaft,246,Basel,Commune,,Basel,,,,,,,,,,localadmin,,CH-BL,Häfelfingen,county,2,CH-BL,Sissach,region,1,CH-BL,Basel-Landschaft,HIGH,1.0,CH-BL
,Switzerland,Kilchberg (BL),Bezirk Sissach,Basel-Landschaft,182,Basel,Commune,,Basel,,,,,,,,,,localadmin,,CH-BL,Kilchberg (BL),county,2,CH-BL,Sissach,region,1,CH-BL,Basel-Landschaft,HIGH,1.0,CH-BL
,Switzerland,Hölstein,Bezirk Waldenburg,Basel-Landschaft,2643,Basel,Commune,,Basel,,,,,,,,,,localadmin,,CH-BL,Hölstein,county,2,CH-BL,Waldenburg,region,1,CH-BL,Basel-Landschaft,HIGH,1.0,CH-BL
,Switzerland,Oberdorf (BL),Bezirk Waldenburg,Basel-Landschaft,2577,Basel,Commune,,Basel,,,,,,,,,,localadmin,,CH-BL,Oberdorf (BL),county,2,CH-BL,Waldenburg,region,1,CH-BL,Basel-Landschaft,HIGH,1.0,CH-BL
,Switzerland,Niederdorf,Bezirk Waldenburg,Basel-Landschaft,1782,Basel,Commune,,Basel,,,,,,,,,,localadmin,,CH-BL,Niederdorf,county,2,CH-BL,Waldenburg,region,1,CH-BL,Basel-Landschaft,HIGH,1.0,CH-BL
,Switzerland,Diegten,Bezirk Waldenburg,Basel-Landschaft,1643,Basel,Commune,,Basel,,,,,,,,,,localadmin,,CH-BL,Diegten,county,2,CH-BL,Waldenburg,region,1,CH-BL,Basel-Landschaft,HIGH,1.0,CH-BL
,Switzerland,Reigoldswil,Bezirk Waldenburg,Basel-Landschaft,1593,Basel,Commune,,Basel,,,,,,,,,,localadmin,,CH-BL,Reigoldswil,county,2,CH-BL,Waldenburg,region,1,CH-BL,Basel-Landschaft,HIGH,1.0,CH-BL
,Switzerland,Waldenburg,Bezirk Waldenburg,Basel-Landschaft,1124,Basel,City,,Basel,,,,,,,,,,county,2,CH-BL,Waldenburg,county,2,CH-BL,Waldenburg,region,1,CH-BL,Basel-Landschaft,HIGH,1.0,CH-BL
,Switzerland,Langenbruck,Bezirk Waldenburg,Basel-Landschaft,974,Basel,Commune,,Basel,,,,,,,,,,localadmin,,CH-BL,Langenbruck,county,2,CH-BL,Waldenburg,region,1,CH-BL,Basel-Landschaft,HIGH,1.0,CH-BL
,Switzerland,Bretzwil,Bezirk Waldenburg,Basel-Landschaft,736,Basel,Commune,,Basel,,,,,,,,,,localadmin,,CH-BL,Bretzwil,county,2,CH-BL,Waldenburg,region,1,CH-BL,Basel-Landschaft,HIGH,1.0,CH-BL
,Switzerland,Bennwil,Bezirk Waldenburg,Basel-Landschaft,677,Basel,Commune,,Basel,,,,,,,,,,localadmin,,CH-BL,Bennwil,county,2,CH-BL,Waldenburg,region,1,CH-BL,Basel-Landschaft,HIGH,1.0,CH-BL
,Switzerland,Arboldswil,Bezirk Waldenburg,Basel-Landschaft,608,Basel,Commune,,Basel,,,,,,,,,,localadmin,,CH-BL,Arboldswil,county,2,CH-BL,Waldenburg,region,1,CH-BL,Basel-Landschaft,HIGH,1.0,CH-BL
,Switzerland,Lampenberg,Bezirk Waldenburg,Basel-Landschaft,581,Basel,Commune,,Basel,,,,,,,,,,localadmin,,CH-BL,Lampenberg,county,2,CH-BL,Waldenburg,region,1,CH-BL,Basel-Landschaft,HIGH,1.0,CH-BL
,Switzerland,Eptingen,Bezirk Waldenburg,Basel-Landschaft,560,Basel,Commune,,Basel,,,,,,,,,,localadmin,,CH-BL,Eptingen,county,2,CH-BL,Waldenburg,region,1,CH-BL,Basel-Landschaft,HIGH,1.0,CH-BL
,Switzerland,Titterten,Bezirk Waldenburg,Basel-Landschaft,442,Basel,Commune,,Basel,,,,,,,,,,localadmin,,CH-BL,Titterten,county,2,CH-BL,Waldenburg,region,1,CH-BL,Basel-Landschaft,HIGH,1.0,CH-BL
,Switzerland,Lauwil,Bezirk Waldenburg,Basel-Landschaft,324,Basel,Commune,,Basel,,,,,,,,,,localadmin,,CH-BL,Lauwil,county,2,CH-BL,Waldenburg,region,1,CH-BL,Basel-Landschaft,HIGH,1.0,CH-BL
,Switzerland,Liedertswil,Bezirk Waldenburg,Basel-Landschaft,156,Basel,Commune,,Basel,,,,,,,,,,localadmin,,CH-BL,Liedertswil,county,2,CH-BL,Waldenburg,region,1,CH-BL,Basel-Landschaft,HIGH,1.0,CH-BL
,Switzerland,Basel,Basel-Stadt,Basel-Stadt,177522,Basel,City,,Basel,,,,,,,,,,county,2,CH-BS,Basel,county,2,CH-BS,Basel,region,1,CH-BS,Basel-Stadt,HIGH,1.0,CH-BS
,Switzerland,Riehen,Basel-Stadt,Basel-Stadt,22532,Basel,City,,Basel,,,,,,,,,,localadmin,,CH-BS,Riehen,county,2,CH-BS,Riehen,region,1,CH-BS,Basel-Stadt,HIGH,1.0,CH-BS
,Switzerland,Bettingen,Basel-Stadt,Basel-Stadt,1279,Basel,Commune,,Basel,,,,,,,,,,localadmin,,CH-BS,Bettingen,county,2,CH-BS,Bettingen,region,1,CH-BS,Basel-Stadt,HIGH,1.0,CH-BS
,Switzerland,Moutier,Arrondissement administratif Jura bernois [Bernese Jura],Bern,7253,,Commune,,#N/A,,,,,,,,,,county,2,CH-BE,Moutier,county,2,CH-BE,Moutier,region,1,CH-BE,Bern/Berne,HIGH,1.0,CH-BE
,Switzerland,Saint-Imier,Arrondissement administratif Jura bernois [Bernese Jura],Bern,5176,,Commune,,#N/A,,,,,,,,,,localadmin,,CH-BE,Saint-Imier,county,2,CH-BE,Courtelary,region,1,CH-BE,Bern/Berne,HIGH,1.0,CH-BE
,Switzerland,Tramelan,Arrondissement administratif Jura bernois [Bernese Jura],Bern,4727,,Commune,,#N/A,,,,,,,,,,localadmin,,CH-BE,Tramelan,county,2,CH-BE,Courtelary,region,1,CH-BE,Bern/Berne,HIGH,1.0,CH-BE
,Switzerland,"Valbirse (incl. Bévilard, Malleray)",Arrondissement administratif Jura bernois [Bernese Jura],Bern,3974,,Commune,,#N/A,,,,,,,,,,localadmin,,CH-BE,Valbirse,county,2,CH-BE,Moutier,region,1,CH-BE,Bern/Berne,HIGH,1.0,CH-BE
,Switzerland,La Neuveville,Arrondissement administratif Jura bernois [Bernese Jura],Bern,3803,,City,,#N/A,,,,,,,,,,county,2,CH-BE,La Neuveville,county,2,CH-BE,La Neuveville,region,1,CH-BE,Bern/Berne,HIGH,1.0,CH-BE
,Switzerland,Tavannes,Arrondissement administratif Jura bernois [Bernese Jura],Bern,3504,,Commune,,#N/A,,,,,,,,,,localadmin,,CH-BE,Tavannes,county,2,CH-BE,Moutier,region,1,CH-BE,Bern/Berne,HIGH,1.0,CH-BE
,Switzerland,Reconvilier,Arrondissement administratif Jura bernois [Bernese Jura],Bern,2506,,Commune,,#N/A,,,,,,,,,,localadmin,,CH-BE,Reconvilier,county,2,CH-BE,Moutier,region,1,CH-BE,Bern/Berne,HIGH,1.0,CH-BE
,Switzerland,"Plateau de Diesse (incl. Lamboing, Prêles)",Arrondissement administratif Jura bernois [Bernese Jura],Bern,2157,,Commune,,#N/A,,,,,,,,,,localadmin,,CH-BE,Plateau de Diesse,county,2,CH-BE,La Neuveville,region,1,CH-BE,Bern/Berne,HIGH,1.0,CH-BE
,Switzerland,Péry-La Heutte,Arrondissement administratif Jura bernois [Bernese Jura],Bern,1976,,Commune,,#N/A,,,,,,,,,,localadmin,,CH-BE,Péry-La Heutte,county,2,CH-BE,Courtelary,region,1,CH-BE,Bern/Berne,HIGH,1.0,CH-BE
,Switzerland,Sonceboz-Sombeval,Arrondissement administratif Jura bernois [Bernese Jura],Bern,1909,,Commune,,#N/A,,,,,,,,,,localadmin,,CH-BE,Sonceboz-Sombeval,county,2,CH-BE,Courtelary,region,1,CH-BE,Bern/Berne,HIGH,1.0,CH-BE
,Switzerland,Corgémont,Arrondissement administratif Jura bernois [Bernese Jura],Bern,1819,,Commune,,#N/A,,,,,,,,,,localadmin,,CH-BE,Corgémont,county,2,CH-BE,Courtelary,region,1,CH-BE,Bern/Berne,HIGH,1.0,CH-BE
,Switzerland,Courtelary,Arrondissement administratif Jura bernois [Bernese Jura],Bern,1447,,Commune,,#N/A,,,,,,,,,,county,2,CH-BE,Courtelary,county,2,CH-BE,Courtelary,region,1,CH-BE,Bern/Berne,HIGH,1.0,CH-BE
,Switzerland,Court,Arrondissement administratif Jura bernois [Bernese Jura],Bern,1371,,Commune,,#N/A,,,,,,,,,,localadmin,,CH-BE,Court,county,2,CH-BE,Moutier,region,1,CH-BE,Bern/Berne,HIGH,1.0,CH-BE
,Switzerland,Orvin,Arrondissement administratif Jura bernois [Bernese Jura],Bern,1260,,Commune,,#N/A,,,,,,,,,,localadmin,,CH-BE,Orvin,county,2,CH-BE,Courtelary,region,1,CH-BE,Bern/Berne,HIGH,1.0,CH-BE
,Switzerland,Sonvilier,Arrondissement administratif Jura bernois [Bernese Jura],Bern,1221,,Commune,,#N/A,,,,,,,,,,localadmin,,CH-BE,Sonvilier,county,2,CH-BE,Courtelary,region,1,CH-BE,Bern/Berne,HIGH,1.0,CH-BE
,Switzerland,Renan (BE),Arrondissement administratif Jura bernois [Bernese Jura],Bern,956,,Commune,,#N/A,,,,,,,,,,localadmin,,CH-BE,Renan (BE),county,2,CH-BE,Courtelary,region,1,CH-BE,Bern/Berne,HIGH,1.0,CH-BE
,Switzerland,Villeret,Arrondissement administratif Jura bernois [Bernese Jura],Bern,924,,Commune,,#N/A,,,,,,,,,,localadmin,,CH-BE,Villeret,county,2,CH-BE,Courtelary,region,1,CH-BE,Bern/Berne,HIGH,1.0,CH-BE
,Switzerland,Sauge,Arrondissement administratif Jura bernois [Bernese Jura],Bern,829,,Commune,,#N/A,,,,,,,,,,localadmin,,CH-BE,Sauge,county,2,CH-BE,Courtelary,region,1,CH-BE,Bern/Berne,HIGH,1.0,CH-BE
,Switzerland,Nods,Arrondissement administratif Jura bernois [Bernese Jura],Bern,768,,Commune,,#N/A,,,,,,,,,,localadmin,,CH-BE,Nods,county,2,CH-BE,La Neuveville,region,1,CH-BE,Bern/Berne,HIGH,1.0,CH-BE
,Switzerland,Cortébert,Arrondissement administratif Jura bernois [Bernese Jura],Bern,660,,Commune,,#N/A,,,,,,,,,,localadmin,,CH-BE,Cortébert,county,2,CH-BE,Courtelary,region,1,CH-BE,Bern/Berne,HIGH,1.0,CH-BE
,Switzerland,Saicourt,Arrondissement administratif Jura bernois [Bernese Jura],Bern,644,,Commune,,#N/A,,,,,,,,,,localadmin,,CH-BE,Saicourt,county,2,CH-BE,Moutier,region,1,CH-BE,Bern/Berne,HIGH,1.0,CH-BE
,Switzerland,La Ferrière,Arrondissement administratif Jura bernois [Bernese Jura],Bern,548,,Commune,,#N/A,,,,,,,,,,localadmin,,CH-BE,La Ferrière,county,2,CH-BE,Courtelary,region,1,CH-BE,Bern/Berne,HIGH,1.0,CH-BE
,Switzerland,Crémines,Arrondissement administratif Jura bernois [Bernese Jura],Bern,537,,Commune,,#N/A,,,,,,,,,,localadmin,,CH-BE,Crémines,county,2,CH-BE,Moutier,region,1,CH-BE,Bern/Berne,HIGH,1.0,CH-BE
,Switzerland,Cormoret,Arrondissement administratif Jura bernois [Bernese Jura],Bern,511,,Commune,,#N/A,,,,,,,,,,localadmin,,CH-BE,Cormoret,county,2,CH-BE,Courtelary,region,1,CH-BE,Bern/Berne,HIGH,1.0,CH-BE
,Switzerland,Petit-Val,Arrondissement administratif Jura bernois [Bernese Jura],Bern,483,,Commune,,#N/A,,,,,,,,,,localadmin,,CH-BE,Petit-Val,county,2,CH-BE,Moutier,region,1,CH-BE,Bern/Berne,HIGH,1.0,CH-BE
,Switzerland,Perrefitte,Arrondissement administratif Jura bernois [Bernese Jura],Bern,480,,Commune,,#N/A,,,,,,,,,,localadmin,,CH-BE,Perrefitte,county,2,CH-BE,Moutier,region,1,CH-BE,Bern/Berne,HIGH,1.0,CH-BE
,Switzerland,Eschert,Arrondissement administratif Jura bernois [Bernese Jura],Bern,387,,Commune,,#N/A,,,,,,,,,,localadmin,,CH-BE,Eschert,county,2,CH-BE,Moutier,region,1,CH-BE,Bern/Berne,HIGH,1.0,CH-BE
,Switzerland,Grandval,Arrondissement administratif Jura bernois [Bernese Jura],Bern,381,,Commune,,#N/A,,,,,,,,,,localadmin,,CH-BE,Grandval,county,2,CH-BE,Moutier,region,1,CH-BE,Bern/Berne,HIGH,1.0,CH-BE
,Switzerland,Loveresse,Arrondissement administratif Jura bernois [Bernese Jura],Bern,358,,Commune,,#N/A,,,,,,,,,,localadmin,,CH-BE,Loveresse,county,2,CH-BE,Moutier,region,1,CH-BE,Bern/Berne,HIGH,1.0,CH-BE
,Switzerland,Sorvilier,Arrondissement administratif Jura bernois [Bernese Jura],Bern,300,,Commune,,#N/A,,,,,,,,,,localadmin,,CH-BE,Sorvilier,county,2,CH-BE,Moutier,region,1,CH-BE,Bern/Berne,HIGH,1.0,CH-BE
,Switzerland,Belprahon,Arrondissement administratif Jura bernois [Bernese Jura],Bern,266,,Commune,,#N/A,,,,,,,,,,localadmin,,CH-BE,Belprahon,county,2,CH-BE,Moutier,region,1,CH-BE,Bern/Berne,HIGH,1.0,CH-BE
,Switzerland,Romont (BE),Arrondissement administratif Jura bernois [Bernese Jura],Bern,232,,Commune,,#N/A,,,,,,,,,,localadmin,,CH-BE,Romont (BE),county,2,CH-BE,Courtelary,region,1,CH-BE,Bern/Berne,HIGH,1.0,CH-BE
,Switzerland,Roches (BE),Arrondissement administratif Jura bernois [Bernese Jura],Bern,191,,Commune,,#N/A,,,,,,,,,,localadmin,,CH-BE,Roches (BE),county,2,CH-BE,Moutier,region,1,CH-BE,Bern/Berne,HIGH,1.0,CH-BE
,Switzerland,Corcelles (BE),Arrondissement administratif Jura bernois [Bernese Jura],Bern,186,,Commune,,#N/A,,,,,,,,,,localadmin,,CH-BE,Corcelles (BE),county,2,CH-BE,Moutier,region,1,CH-BE,Bern/Berne,HIGH,1.0,CH-BE
,Switzerland,Champoz,Arrondissement administratif Jura bernois [Bernese Jura],Bern,150,,Commune,,#N/A,,,,,,,,,,localadmin,,CH-BE,Champoz,county,2,CH-BE,Moutier,region,1,CH-BE,Bern/Berne,HIGH,1.0,CH-BE
,Switzerland,Saules (BE),Arrondissement administratif Jura bernois [Bernese Jura],Bern,148,,Commune,,#N/A,,,,,,,,,,localadmin,,CH-BE,Saules (BE),county,2,CH-BE,Moutier,region,1,CH-BE,Bern/Berne,HIGH,1.0,CH-BE
,Switzerland,Mont-Tramelan,Arrondissement administratif Jura bernois [Bernese Jura],Bern,111,,Commune,,#N/A,,,,,,,,,,localadmin,,CH-BE,Mont-Tramelan,county,2,CH-BE,Courtelary,region,1,CH-BE,Bern/Berne,HIGH,1.0,CH-BE
,Switzerland,Seehof,Arrondissement administratif Jura bernois [Bernese Jura],Bern,67,,Commune,,#N/A,,,,,,,,,,localadmin,,CH-BE,Seehof,county,2,CH-BE,Moutier,region,1,CH-BE,Bern/Berne,HIGH,1.0,CH-BE
,Switzerland,Schelten,Arrondissement administratif Jura bernois [Bernese Jura],Bern,33,,Commune,,#N/A,,,,,,,,,,localadmin,,CH-BE,Schelten,county,2,CH-BE,Moutier,region,1,CH-BE,Bern/Berne,HIGH,1.0,CH-BE
,Switzerland,Rebévelier,Arrondissement administratif Jura bernois [Bernese Jura],Bern,32,,Commune,,#N/A,,,,,,,,,,localadmin,,CH-BE,Rebévelier,county,2,CH-BE,Moutier,region,1,CH-BE,Bern/Berne,HIGH,1.0,CH-BE
,Switzerland,Bern,Verwaltungskreis Bern-Mittelland,Bern,137963,Bern,City,,Bern,,,,,,,,,,county,2,CH-BE,Bern,county,2,CH-BE,Bern,region,1,CH-BE,Bern/Berne,HIGH,1.0,CH-BE
,Switzerland,Köniz,Verwaltungskreis Bern-Mittelland,Bern,43501,Bern,City,,Bern,,,,,,,,,,localadmin,,CH-BE,Köniz,county,2,CH-BE,Bern,region,1,CH-BE,Bern/Berne,HIGH,1.0,CH-BE
,Switzerland,Ostermundigen,Verwaltungskreis Bern-Mittelland,Bern,18317,Bern,City,,Bern,,,,,,,,,,localadmin,,CH-BE,Ostermundigen,county,2,CH-BE,Bern,region,1,CH-BE,Bern/Berne,HIGH,1.0,CH-BE
,Switzerland,Muri bei Bern,Verwaltungskreis Bern-Mittelland,Bern,13710,Bern,City,,Bern,,,,,,,,,,localadmin,,CH-BE,Muri bei Bern,county,2,CH-BE,Bern,region,1,CH-BE,Bern/Berne,HIGH,1.0,CH-BE
,Switzerland,Münsingen (incl. Tägertschi),Verwaltungskreis Bern-Mittelland,Bern,13049,Bern,City,,Bern,,,,,,,,,,localadmin,,CH-BE,Münsingen,county,2,CH-BE,Konolfingen,region,1,CH-BE,Bern/Berne,HIGH,1.0,CH-BE
,Switzerland,Belp,Verwaltungskreis Bern-Mittelland,Bern,11715,Bern,Commune,,Bern,,,,,,,,,,localadmin,,CH-BE,Belp,county,2,CH-BE,Seftigen,region,1,CH-BE,Bern/Berne,HIGH,1.0,CH-BE
,Switzerland,Worb,Verwaltungskreis Bern-Mittelland,Bern,11594,Bern,City,,Bern,,,,,,,,,,localadmin,,CH-BE,Worb,county,2,CH-BE,Konolfingen,region,1,CH-BE,Bern/Berne,HIGH,1.0,CH-BE
,Switzerland,Zollikofen,Verwaltungskreis Bern-Mittelland,Bern,11587,Bern,Commune,,Bern,,,,,,,,,,localadmin,,CH-BE,Zollikofen,county,2,CH-BE,Bern,region,1,CH-BE,Bern/Berne,HIGH,1.0,CH-BE
,Switzerland,Ittigen,Verwaltungskreis Bern-Mittelland,Bern,11544,Bern,City,,Bern,,,,,,,,,,localadmin,,CH-BE,Ittigen,county,2,CH-BE,Bern,region,1,CH-BE,Bern/Berne,HIGH,1.0,CH-BE
,Switzerland,Münchenbuchsee (incl. Diemerswil),Verwaltungskreis Bern-Mittelland,Bern,10691,Bern,Commune,,Bern,,,,,,,,,,localadmin,,CH-BE,Münchenbuchsee,county,2,CH-BE,Fraubrunnen,region,1,CH-BE,Bern/Berne,HIGH,1.0,CH-BE
,Switzerland,Wohlen bei Bern,Verwaltungskreis Bern-Mittelland,Bern,9281,Bern,Commune,,Bern,,,,,,,,,,localadmin,,CH-BE,Wohlen bei Bern,county,2,CH-BE,Bern,region,1,CH-BE,Bern/Berne,HIGH,1.0,CH-BE
,Switzerland,Schwarzenburg (Wahlern - Albligen),Verwaltungskreis Bern-Mittelland,Bern,6794,Bern,Commune,,Bern,,,,,,,,,,county,2,CH-BE,Schwarzenburg,county,2,CH-BE,Schwarzenburg,region,1,CH-BE,Bern/Berne,HIGH,1.0,CH-BE
,Switzerland,Urtenen-Schönbühl,Verwaltungskreis Bern-Mittelland,Bern,6545,Bern,Commune,,Bern,,,,,,,,,,localadmin,,CH-BE,Urtenen-Schönbühl,county,2,CH-BE,Fraubrunnen,region,1,CH-BE,Bern/Berne,HIGH,1.0,CH-BE
,Switzerland,Bolligen,Verwaltungskreis Bern-Mittelland,Bern,6375,Bern,Commune,,Bern,,,,,,,,,,localadmin,,CH-BE,Bolligen,county,2,CH-BE,Bern,region,1,CH-BE,Bern/Berne,HIGH,1.0,CH-BE
,Switzerland,Vechigen,Verwaltungskreis Bern-Mittelland,Bern,5982,Bern,Commune,,Bern,,,,,,,,,,localadmin,,CH-BE,Vechigen,county,2,CH-BE,Bern,region,1,CH-BE,Bern/Berne,HIGH,1.0,CH-BE
,Switzerland,Jegenstorf (incl. Münchringen),Verwaltungskreis Bern-Mittelland,Bern,5870,Bern,Commune,,Bern,,,,,,,,,,localadmin,,CH-BE,Jegenstorf,county,2,CH-BE,Fraubrunnen,region,1,CH-BE,Bern/Berne,HIGH,1.0,CH-BE
,Switzerland,Neuenegg,Verwaltungskreis Bern-Mittelland,Bern,5729,Bern,Commune,,Bern,,,,,,,,,,localadmin,,CH-BE,Neuenegg,county,2,CH-BE,Laupen,region,1,CH-BE,Bern/Berne,HIGH,1.0,CH-BE
,Switzerland,Fraubrunnen (incl. Grafenried),Verwaltungskreis Bern-Mittelland,Bern,5497,Bern,Commune,,Bern,,,,,,,,,,localadmin,,CH-BE,Fraubrunnen,county,2,CH-BE,Fraubrunnen,region,1,CH-BE,Bern/Berne,HIGH,1.0,CH-BE
,Switzerland,Konolfingen,Verwaltungskreis Bern-Mittelland,Bern,5484,Bern,Commune,,Bern,,,,,,,,,,county,2,CH-BE,Konolfingen,county,2,CH-BE,Konolfingen,region,1,CH-BE,Bern/Berne,HIGH,1.0,CH-BE
,Switzerland,Kehrsatz,Verwaltungskreis Bern-Mittelland,Bern,4669,Bern,Commune,,Bern,,,,,,,,,,localadmin,,CH-BE,Kehrsatz,county,2,CH-BE,Seftigen,region,1,CH-BE,Bern/Berne,HIGH,1.0,CH-BE
,Switzerland,Wichtrach,Verwaltungskreis Bern-Mittelland,Bern,4463,Bern,Commune,,Bern,,,,,,,,,,localadmin,,CH-BE,Wichtrach,county,2,CH-BE,Konolfingen,region,1,CH-BE,Bern/Berne,HIGH,1.0,CH-BE
,Switzerland,Bremgarten bei Bern,Verwaltungskreis Bern-Mittelland,Bern,4423,Bern,Commune,,Bern,,,,,,,,,,localadmin,,CH-BE,Bremgarten bei Bern,county,2,CH-BE,Bern,region,1,CH-BE,Bern/Berne,HIGH,1.0,CH-BE
,Switzerland,Moosseedorf,Verwaltungskreis Bern-Mittelland,Bern,4152,Bern,Commune,,Bern,,,,,,,,,,localadmin,,CH-BE,Moosseedorf,county,2,CH-BE,Fraubrunnen,region,1,CH-BE,Bern/Berne,HIGH,1.0,CH-BE
,Switzerland,Grosshöchstetten (incl. Schlosswil),Verwaltungskreis Bern-Mittelland,Bern,4068,Bern,Commune,,Bern,,,,,,,,,,localadmin,,CH-BE,Grosshöchstetten,county,2,CH-BE,Konolfingen,region,1,CH-BE,Bern/Berne,HIGH,1.0,CH-BE
,Switzerland,Oberdiessbach,Verwaltungskreis Bern-Mittelland,Bern,3723,Bern,Commune,,Bern,,,,,,,,,,localadmin,,CH-BE,Oberdiessbach,county,2,CH-BE,Konolfingen,region,1,CH-BE,Bern/Berne,HIGH,1.0,CH-BE
,Switzerland,Stettlen,Verwaltungskreis Bern-Mittelland,Bern,3382,Bern,Commune,,Bern,,,,,,,,,,localadmin,,CH-BE,Stettlen,county,2,CH-BE,Bern,region,1,CH-BE,Bern/Berne,HIGH,1.0,CH-BE
,Switzerland,Kirchlindach,Verwaltungskreis Bern-Mittelland,Bern,3341,Bern,Commune,,Bern,,,,,,,,,,localadmin,,CH-BE,Kirchlindach,county,2,CH-BE,Bern,region,1,CH-BE,Bern/Berne,HIGH,1.0,CH-BE
,Switzerland,Laupen,Verwaltungskreis Bern-Mittelland,Bern,3285,Bern,City,,Bern,,,,,,,,,,localadmin,,CH-BE,Laupen,county,2,CH-BE,Laupen,region,1,CH-BE,Bern/Berne,HIGH,1.0,CH-BE
,Switzerland,Riggisberg (incl. Rümligen),Verwaltungskreis Bern-Mittelland,Bern,3184,Bern,Commune,,Bern,,,,,,,,,,localadmin,,CH-BE,Riggisberg,county,2,CH-BE,Seftigen,region,1,CH-BE,Bern/Berne,HIGH,1.0,CH-BE
,Switzerland,Mühleberg,Verwaltungskreis Bern-Mittelland,Bern,3097,Bern,Commune,,Bern,,,,,,,,,,localadmin,,CH-BE,Mühleberg,county,2,CH-BE,Laupen,region,1,CH-BE,Bern/Berne,HIGH,1.0,CH-BE
,Switzerland,Rubigen,Verwaltungskreis Bern-Mittelland,Bern,2893,Bern,Commune,,Bern,,,,,,,,,,localadmin,,CH-BE,Rubigen,county,2,CH-BE,Konolfingen,region,1,CH-BE,Bern/Berne,HIGH,1.0,CH-BE
,Switzerland,Toffen,Verwaltungskreis Bern-Mittelland,Bern,2659,Bern,Commune,,Bern,,,,,,,,,,localadmin,,CH-BE,Toffen,county,2,CH-BE,Seftigen,region,1,CH-BE,Bern/Berne,HIGH,1.0,CH-BE
,Switzerland,Meikirch,Verwaltungskreis Bern-Mittelland,Bern,2597,Bern,Commune,,Bern,,,,,,,,,,localadmin,,CH-BE,Meikirch,county,2,CH-BE,Aarberg,region,1,CH-BE,Bern/Berne,HIGH,1.0,CH-BE
,Switzerland,Thurnen (incl. Mühlethurnen),Verwaltungskreis Bern-Mittelland,Bern,2060,Bern,Commune,,Bern,,,,,,,,,,localadmin,,CH-BE,Thurnen,county,2,CH-BE,Seftigen,region,1,CH-BE,Bern/Berne,HIGH,1.0,CH-BE
,Switzerland,Biglen,Verwaltungskreis Bern-Mittelland,Bern,1855,Bern,Commune,,Bern,,,,,,,,,,localadmin,,CH-BE,Biglen,county,2,CH-BE,Konolfingen,region,1,CH-BE,Bern/Berne,HIGH,1.0,CH-BE
,Switzerland,Kirchdorf (BE),Verwaltungskreis Bern-Mittelland,Bern,1853,Bern,Commune,,Bern,,,,,,,,,,localadmin,,CH-BE,Kirchdorf (BE),county,2,CH-BE,Seftigen,region,1,CH-BE,Bern/Berne,HIGH,1.0,CH-BE
,Switzerland,Walkringen,Verwaltungskreis Bern-Mittelland,Bern,1828,Bern,Commune,,Bern,,,,,,,,,,localadmin,,CH-BE,Walkringen,county,2,CH-BE,Konolfingen,region,1,CH-BE,Bern/Berne,HIGH,1.0,CH-BE
,Switzerland,Rüeggisberg,Verwaltungskreis Bern-Mittelland,Bern,1744,Bern,Commune,,Bern,,,,,,,,,,localadmin,,CH-BE,Rüeggisberg,county,2,CH-BE,Seftigen,region,1,CH-BE,Bern/Berne,HIGH,1.0,CH-BE
,Switzerland,Rüschegg,Verwaltungskreis Bern-Mittelland,Bern,1738,Bern,Commune,,Bern,,,,,,,,,,localadmin,,CH-BE,Rüschegg,county,2,CH-BE,Schwarzenburg,region,1,CH-BE,Bern/Berne,HIGH,1.0,CH-BE
,Switzerland,Zäziwil,Verwaltungskreis Bern-Mittelland,Bern,1665,Bern,Commune,,Bern,,,,,,,,,,localadmin,,CH-BE,Zäziwil,county,2,CH-BE,Konolfingen,region,1,CH-BE,Bern/Berne,HIGH,1.0,CH-BE
,Switzerland,Guggisberg,Verwaltungskreis Bern-Mittelland,Bern,1493,Bern,Commune,,Bern,,,,,,,,,,localadmin,,CH-BE,Guggisberg,county,2,CH-BE,Schwarzenburg,region,1,CH-BE,Bern/Berne,HIGH,1.0,CH-BE
,Switzerland,Frauenkappelen,Verwaltungskreis Bern-Mittelland,Bern,1470,Bern,Commune,,Bern,,,,,,,,,,localadmin,,CH-BE,Frauenkappelen,county,2,CH-BE,Laupen,region,1,CH-BE,Bern/Berne,HIGH,1.0,CH-BE
,Switzerland,Gerzensee,Verwaltungskreis Bern-Mittelland,Bern,1301,Bern,Commune,,Bern,,,,,,,,,,localadmin,,CH-BE,Gerzensee,county,2,CH-BE,Seftigen,region,1,CH-BE,Bern/Berne,HIGH,1.0,CH-BE
,Switzerland,Bowil,Verwaltungskreis Bern-Mittelland,Bern,1293,Bern,Commune,,Bern,,,,,,,,,,localadmin,,CH-BE,Bowil,county,2,CH-BE,Konolfingen,region,1,CH-BE,Bern/Berne,HIGH,1.0,CH-BE
,Switzerland,Linden,Verwaltungskreis Bern-Mittelland,Bern,1275,Bern,Commune,,Bern,,,,,,,,,,localadmin,,CH-BE,Linden,county,2,CH-BE,Konolfingen,region,1,CH-BE,Bern/Berne,HIGH,1.0,CH-BE
,Switzerland,Ferenbalm,Verwaltungskreis Bern-Mittelland,Bern,1253,Bern,Commune,,Bern,,,,,,,,,,localadmin,,CH-BE,Ferenbalm,county,2,CH-BE,Laupen,region,1,CH-BE,Bern/Berne,HIGH,1.0,CH-BE
,Switzerland,Wald (BE),Verwaltungskreis Bern-Mittelland,Bern,1198,Bern,Commune,,Bern,,,,,,,,,,localadmin,,CH-BE,Wald (BE),county,2,CH-BE,Seftigen,region,1,CH-BE,Bern/Berne,HIGH,1.0,CH-BE
,Switzerland,Bäriswil,Verwaltungskreis Bern-Mittelland,Bern,1118,Bern,Commune,,Bern,,,,,,,,,,localadmin,,CH-BE,Bäriswil,county,2,CH-BE,Burgdorf,region,1,CH-BE,Bern/Berne,HIGH,1.0,CH-BE
,Switzerland,Kaufdorf,Verwaltungskreis Bern-Mittelland,Bern,1101,Bern,Commune,,Bern,,,,,,,,,,localadmin,,CH-BE,Kaufdorf,county,2,CH-BE,Seftigen,region,1,CH-BE,Bern/Berne,HIGH,1.0,CH-BE
,Switzerland,Kiesen,Verwaltungskreis Bern-Mittelland,Bern,990,Bern,Commune,,Bern,,,,,,,,,,localadmin,,CH-BE,Kiesen,county,2,CH-BE,Konolfingen,region,1,CH-BE,Bern/Berne,HIGH,1.0,CH-BE
,Switzerland,Arni (BE),Verwaltungskreis Bern-Mittelland,Bern,983,Bern,Commune,,Bern,,,,,,,,,,localadmin,,CH-BE,Arni (BE),county,2,CH-BE,Konolfingen,region,1,CH-BE,Bern/Berne,HIGH,1.0,CH-BE
,Switzerland,Oberbalm,Verwaltungskreis Bern-Mittelland,Bern,865,Bern,Commune,,Bern,,,,,,,,,,localadmin,,CH-BE,Oberbalm,county,2,CH-BE,Bern,region,1,CH-BE,Bern/Berne,HIGH,1.0,CH-BE
,Switzerland,Niederhünigen,Verwaltungskreis Bern-Mittelland,Bern,710,Bern,Commune,,Bern,,,,,,,,,,localadmin,,CH-BE,Niederhünigen,county,2,CH-BE,Konolfingen,region,1,CH-BE,Bern/Berne,HIGH,1.0,CH-BE
,Switzerland,Oberthal,Verwaltungskreis Bern-Mittelland,Bern,706,Bern,Commune,,Bern,,,,,,,,,,localadmin,,CH-BE,Oberthal,county,2,CH-BE,Konolfingen,region,1,CH-BE,Bern/Berne,HIGH,1.0,CH-BE
,Switzerland,Oppligen,Verwaltungskreis Bern-Mittelland,Bern,660,Bern,Commune,,Bern,,,,,,,,,,localadmin,,CH-BE,Oppligen,county,2,CH-BE,Konolfingen,region,1,CH-BE,Bern/Berne,HIGH,1.0,CH-BE
,Switzerland,Herbligen,Verwaltungskreis Bern-Mittelland,Bern,640,Bern,Commune,,Bern,,,,,,,,,,localadmin,,CH-BE,Herbligen,county,2,CH-BE,Konolfingen,region,1,CH-BE,Bern/Berne,HIGH,1.0,CH-BE
,Switzerland,Landiswil,Verwaltungskreis Bern-Mittelland,Bern,623,Bern,Commune,,Bern,,,,,,,,,,localadmin,,CH-BE,Landiswil,county,2,CH-BE,Konolfingen,region,1,CH-BE,Bern/Berne,HIGH,1.0,CH-BE
,Switzerland,Mattstetten,Verwaltungskreis Bern-Mittelland,Bern,599,Bern,Commune,,Bern,,,,,,,,,,localadmin,,CH-BE,Mattstetten,county,2,CH-BE,Fraubrunnen,region,1,CH-BE,Bern/Berne,HIGH,1.0,CH-BE
,Switzerland,Münchenwiler,Verwaltungskreis Bern-Mittelland,Bern,588,Bern,Commune,,Bern,,,,,,,,,,localadmin,,CH-BE,Münchenwiler,county,2,CH-BE,Laupen,region,1,CH-BE,Bern/Berne,HIGH,1.0,CH-BE
,Switzerland,Mirchel,Verwaltungskreis Bern-Mittelland,Bern,561,Bern,Commune,,Bern,,,,,,,,,,localadmin,,CH-BE,Mirchel,county,2,CH-BE,Konolfingen,region,1,CH-BE,Bern/Berne,HIGH,1.0,CH-BE
,Switzerland,Zuzwil (BE),Verwaltungskreis Bern-Mittelland,Bern,555,Bern,Commune,,Bern,,,,,,,,,,localadmin,,CH-BE,Zuzwil (BE),county,2,CH-BE,Fraubrunnen,region,1,CH-BE,Bern/Berne,HIGH,1.0,CH-BE
,Switzerland,Brenzikofen,Verwaltungskreis Bern-Mittelland,Bern,534,Bern,Commune,,Bern,,,,,,,,,,localadmin,,CH-BE,Brenzikofen,county,2,CH-BE,Konolfingen,region,1,CH-BE,Bern/Berne,HIGH,1.0,CH-BE
,Switzerland,Allmendingen (Allmendingen bei Bern),Verwaltungskreis Bern-Mittelland,Bern,532,Bern,Commune,,Bern,,,,,,,,,,localadmin,,CH-BE,Allmendingen,county,2,CH-BE,Konolfingen,region,1,CH-BE,Bern/Berne,HIGH,1.0,CH-BE
,Switzerland,Niedermuhlern,Verwaltungskreis Bern-Mittelland,Bern,521,Bern,Commune,,Bern,,,,,,,,,,localadmin,,CH-BE,Niedermuhlern,county,2,CH-BE,Seftigen,region,1,CH-BE,Bern/Berne,HIGH,1.0,CH-BE
,Switzerland,Freimettigen,Verwaltungskreis Bern-Mittelland,Bern,453,Bern,Commune,,Bern,,,,,,,,,,localadmin,,CH-BE,Freimettigen,county,2,CH-BE,Konolfingen,region,1,CH-BE,Bern/Berne,HIGH,1.0,CH-BE
,Switzerland,Iffwil,Verwaltungskreis Bern-Mittelland,Bern,445,Bern,Commune,,Bern,,,,,,,,,,localadmin,,CH-BE,Iffwil,county,2,CH-BE,Fraubrunnen,region,1,CH-BE,Bern/Berne,HIGH,1.0,CH-BE
,Switzerland,Kriechenwil,Verwaltungskreis Bern-Mittelland,Bern,437,Bern,Commune,,Bern,,,,,,,,,,localadmin,,CH-BE,Kriechenwil,county,2,CH-BE,Laupen,region,1,CH-BE,Bern/Berne,HIGH,1.0,CH-BE
,Switzerland,Wileroltigen,Verwaltungskreis Bern-Mittelland,Bern,380,Bern,Commune,,Bern,,,,,,,,,,localadmin,,CH-BE,Wileroltigen,county,2,CH-BE,Laupen,region,1,CH-BE,Bern/Berne,HIGH,1.0,CH-BE
,Switzerland,Oberhünigen,Verwaltungskreis Bern-Mittelland,Bern,333,Bern,Commune,,Bern,,,,,,,,,,localadmin,,CH-BE,Oberhünigen,county,2,CH-BE,Konolfingen,region,1,CH-BE,Bern/Berne,HIGH,1.0,CH-BE
,Switzerland,Jaberg,Verwaltungskreis Bern-Mittelland,Bern,305,Bern,Commune,,Bern,,,,,,,,,,localadmin,,CH-BE,Jaberg,county,2,CH-BE,Seftigen,region,1,CH-BE,Bern/Berne,HIGH,1.0,CH-BE
,Switzerland,Häutligen,Verwaltungskreis Bern-Mittelland,Bern,267,Bern,Commune,,Bern,,,,,,,,,,localadmin,,CH-BE,Häutligen,county,2,CH-BE,Konolfingen,region,1,CH-BE,Bern/Berne,HIGH,1.0,CH-BE
,Switzerland,Gurbrü,Verwaltungskreis Bern-Mittelland,Bern,249,Bern,Commune,,Bern,,,,,,,,,,localadmin,,CH-BE,Gurbrü,county,2,CH-BE,Laupen,region,1,CH-BE,Bern/Berne,HIGH,1.0,CH-BE
,Switzerland,Wiggiswil,Verwaltungskreis Bern-Mittelland,Bern,96,Bern,Commune,,Bern,,,,,,,,,,localadmin,,CH-BE,Wiggiswil,county,2,CH-BE,Fraubrunnen,region,1,CH-BE,Bern/Berne,HIGH,1.0,CH-BE
,Switzerland,Deisswil bei Münchenbuchsee,Verwaltungskreis Bern-Mittelland,Bern,85,Bern,Commune,,Bern,,,,,,,,,,localadmin,,CH-BE,Deisswil bei Münchenbuchsee,county,2,CH-BE,Fraubrunnen,region,1,CH-BE,Bern/Berne,HIGH,1.0,CH-BE
,Switzerland,Biel/Bienne,Verwaltungskreis Biel/Bienne,Bern,56836,Biel/Bienne,City,,Biel/Bienne,,,,,,,,,,localadmin,,CH-BE,Biel/Bienne,county,2,CH-BE,Biel,region,1,CH-BE,Bern/Berne,HIGH,1.0,CH-BE
,Switzerland,Nidau,Verwaltungskreis Biel/Bienne,Bern,7052,Biel/Bienne,City,,Biel/Bienne,,,,,,,,,,localadmin,,CH-BE,Nidau,county,2,CH-BE,Nidau,region,1,CH-BE,Bern/Berne,HIGH,1.0,CH-BE
,Switzerland,Lengnau (BE),Verwaltungskreis Biel/Bienne,Bern,5800,Biel/Bienne,Commune,,Biel/Bienne,,,,,,,,,,localadmin,,CH-BE,Lengnau (BE),county,2,CH-BE,Büren,region,1,CH-BE,Bern/Berne,HIGH,1.0,CH-BE
,Switzerland,Pieterlen,Verwaltungskreis Biel/Bienne,Bern,5213,Biel/Bienne,Commune,,Biel/Bienne,,,,,,,,,,localadmin,,CH-BE,Pieterlen,county,2,CH-BE,Büren,region,1,CH-BE,Bern/Berne,HIGH,1.0,CH-BE
,Switzerland,Brügg,Verwaltungskreis Biel/Bienne,Bern,4649,Biel/Bienne,Commune,,Biel/Bienne,,,,,,,,,,localadmin,,CH-BE,Brügg,county,2,CH-BE,Nidau,region,1,CH-BE,Bern/Berne,HIGH,1.0,CH-BE
,Switzerland,Port,Verwaltungskreis Biel/Bienne,Bern,3900,Biel/Bienne,Commune,,Biel/Bienne,,,,,,,,,,localadmin,,CH-BE,Port,county,2,CH-BE,Nidau,region,1,CH-BE,Bern/Berne,HIGH,1.0,CH-BE
,Switzerland,Ipsach,Verwaltungskreis Biel/Bienne,Bern,3869,Biel/Bienne,Commune,,Biel/Bienne,,,,,,,,,,localadmin,,CH-BE,Ipsach,county,2,CH-BE,Nidau,region,1,CH-BE,Bern/Berne,HIGH,1.0,CH-BE
,Switzerland,Orpund,Verwaltungskreis Biel/Bienne,Bern,3373,Biel/Bienne,Commune,,Biel/Bienne,,,,,,,,,,localadmin,,CH-BE,Orpund,county,2,CH-BE,Nidau,region,1,CH-BE,Bern/Berne,HIGH,1.0,CH-BE
,Switzerland,Evilard,Verwaltungskreis Biel/Bienne,Bern,2657,Biel/Bienne,Commune,,Biel/Bienne,,,,,,,,,,localadmin,,CH-BE,Evilard,county,2,CH-BE,Biel,region,1,CH-BE,Bern/Berne,HIGH,1.0,CH-BE
,Switzerland,Aegerten,Verwaltungskreis Biel/Bienne,Bern,2473,Biel/Bienne,Commune,,Biel/Bienne,,,,,,,,,,localadmin,,CH-BE,Aegerten,county,2,CH-BE,Nidau,region,1,CH-BE,Bern/Berne,HIGH,1.0,CH-BE
,Switzerland,Safnern,Verwaltungskreis Biel/Bienne,Bern,2055,Biel/Bienne,Commune,,Biel/Bienne,,,,,,,,,,localadmin,,CH-BE,Safnern,county,2,CH-BE,Nidau,region,1,CH-BE,Bern/Berne,HIGH,1.0,CH-BE
,Switzerland,Bellmund,Verwaltungskreis Biel/Bienne,Bern,1801,Biel/Bienne,Commune,,Biel/Bienne,,,,,,,,,,localadmin,,CH-BE,Bellmund,county,2,CH-BE,Nidau,region,1,CH-BE,Bern/Berne,HIGH,1.0,CH-BE
,Switzerland,Meinisberg,Verwaltungskreis Biel/Bienne,Bern,1453,Biel/Bienne,Commune,,Biel/Bienne,,,,,,,,,,localadmin,,CH-BE,Meinisberg,county,2,CH-BE,Büren,region,1,CH-BE,Bern/Berne,HIGH,1.0,CH-BE
,Switzerland,Sutz-Lattrigen,Verwaltungskreis Biel/Bienne,Bern,1398,Biel/Bienne,Commune,,Biel/Bienne,,,,,,,,,,localadmin,,CH-BE,Sutz-Lattrigen,county,2,CH-BE,Nidau,region,1,CH-BE,Bern/Berne,HIGH,1.0,CH-BE
,Switzerland,Twann-Tüscherz,Verwaltungskreis Biel/Bienne,Bern,1171,Biel/Bienne,Commune,,Biel/Bienne,,,,,,,,,,localadmin,,CH-BE,Twann-Tüscherz,county,2,CH-BE,Nidau,region,1,CH-BE,Bern/Berne,HIGH,1.0,CH-BE
,Switzerland,Mörigen,Verwaltungskreis Biel/Bienne,Bern,881,Biel/Bienne,Commune,,Biel/Bienne,,,,,,,,,,localadmin,,CH-BE,Mörigen,county,2,CH-BE,Nidau,region,1,CH-BE,Bern/Berne,HIGH,1.0,CH-BE
,Switzerland,Schwadernau,Verwaltungskreis Biel/Bienne,Bern,690,Biel/Bienne,Commune,,Biel/Bienne,,,,,,,,,,localadmin,,CH-BE,Schwadernau,county,2,CH-BE,Nidau,region,1,CH-BE,Bern/Berne,HIGH,1.0,CH-BE
,Switzerland,Scheuren,Verwaltungskreis Biel/Bienne,Bern,535,Biel/Bienne,Commune,,Biel/Bienne,,,,,,,,,,localadmin,,CH-BE,Scheuren,county,2,CH-BE,Nidau,region,1,CH-BE,Bern/Berne,HIGH,1.0,CH-BE
,Switzerland,Ligerz,Verwaltungskreis Biel/Bienne,Bern,525,Biel/Bienne,Commune,,Biel/Bienne,,,,,,,,,,localadmin,,CH-BE,Ligerz,county,2,CH-BE,Nidau,region,1,CH-BE,Bern/Berne,HIGH,1.0,CH-BE
,Switzerland,Burgdorf,Verwaltungskreis Emmental,Bern,17285,,City,,#N/A,,,,,,,,,,county,2,CH-BE,Burgdorf,county,2,CH-BE,Burgdorf,region,1,CH-BE,Bern/Berne,HIGH,1.0,CH-BE
,Switzerland,Langnau im Emmental,Verwaltungskreis Emmental,Bern,9573,,Commune,,#N/A,,,,,,,,,,localadmin,,CH-BE,Langnau im Emmental,county,2,CH-BE,Signau,region,1,CH-BE,Bern/Berne,HIGH,1.0,CH-BE
,Switzerland,Kirchberg (BE),Verwaltungskreis Emmental,Bern,5923,,Commune,,#N/A,,,,,,,,,,localadmin,,CH-BE,Kirchberg (BE),county,2,CH-BE,Burgdorf,region,1,CH-BE,Bern/Berne,HIGH,1.0,CH-BE
,Switzerland,Sumiswald,Verwaltungskreis Emmental,Bern,5208,,Commune,,#N/A,,,,,,,,,,localadmin,,CH-BE,Sumiswald,county,2,CH-BE,Trachselwald,region,1,CH-BE,Bern/Berne,HIGH,1.0,CH-BE
,Switzerland,Utzenstorf,Verwaltungskreis Emmental,Bern,4469,,Commune,,#N/A,,,,,,,,,,localadmin,,CH-BE,Utzenstorf,county,2,CH-BE,Fraubrunnen,region,1,CH-BE,Bern/Berne,HIGH,1.0,CH-BE
,Switzerland,Lützelflüh,Verwaltungskreis Emmental,Bern,4371,,Commune,,#N/A,,,,,,,,,,localadmin,,CH-BE,Lützelflüh,county,2,CH-BE,Trachselwald,region,1,CH-BE,Bern/Berne,HIGH,1.0,CH-BE
,Switzerland,Hasle bei Burgdorf,Verwaltungskreis Emmental,Bern,3402,,Commune,,#N/A,,,,,,,,,,localadmin,,CH-BE,Hasle bei Burgdorf,county,2,CH-BE,Burgdorf,region,1,CH-BE,Bern/Berne,HIGH,1.0,CH-BE
,Switzerland,Bätterkinden,Verwaltungskreis Emmental,Bern,3374,,Commune,,#N/A,,,,,,,,,,localadmin,,CH-BE,Bätterkinden,county,2,CH-BE,Fraubrunnen,region,1,CH-BE,Bern/Berne,HIGH,1.0,CH-BE
,Switzerland,Rüegsau,Verwaltungskreis Emmental,Bern,3293,,Commune,,#N/A,,,,,,,,,,localadmin,,CH-BE,Rüegsau,county,2,CH-BE,Trachselwald,region,1,CH-BE,Bern/Berne,HIGH,1.0,CH-BE
,Switzerland,Oberburg,Verwaltungskreis Emmental,Bern,2987,,Commune,,#N/A,,,,,,,,,,localadmin,,CH-BE,Oberburg,county,2,CH-BE,Burgdorf,region,1,CH-BE,Bern/Berne,HIGH,1.0,CH-BE
,Switzerland,Hindelbank (incl. Mötschwil),Verwaltungskreis Emmental,Bern,2789,,Commune,,#N/A,,,,,,,,,,localadmin,,CH-BE,Hindelbank,county,2,CH-BE,Burgdorf,region,1,CH-BE,Bern/Berne,HIGH,1.0,CH-BE
,Switzerland,Lauperswil,Verwaltungskreis Emmental,Bern,2712,,Commune,,#N/A,,,,,,,,,,localadmin,,CH-BE,Lauperswil,county,2,CH-BE,Signau,region,1,CH-BE,Bern/Berne,HIGH,1.0,CH-BE
,Switzerland,Signau,Verwaltungskreis Emmental,Bern,2698,,Commune,,#N/A,,,,,,,,,,county,2,CH-BE,Signau,county,2,CH-BE,Signau,region,1,CH-BE,Bern/Berne,HIGH,1.0,CH-BE
,Switzerland,Rüdtligen-Alchenflüh,Verwaltungskreis Emmental,Bern,2490,,Commune,,#N/A,,,,,,,,,,localadmin,,CH-BE,Rüdtligen-Alchenflüh,county,2,CH-BE,Burgdorf,region,1,CH-BE,Bern/Berne,HIGH,1.0,CH-BE
,Switzerland,Eggiwil,Verwaltungskreis Emmental,Bern,2451,,Commune,,#N/A,,,,,,,,,,localadmin,,CH-BE,Eggiwil,county,2,CH-BE,Signau,region,1,CH-BE,Bern/Berne,HIGH,1.0,CH-BE
,Switzerland,Rüderswil,Verwaltungskreis Emmental,Bern,2390,,Commune,,#N/A,,,,,,,,,,localadmin,,CH-BE,Rüderswil,county,2,CH-BE,Signau,region,1,CH-BE,Bern/Berne,HIGH,1.0,CH-BE
,Switzerland,Krauchthal,Verwaltungskreis Emmental,Bern,2382,,Commune,,#N/A,,,,,,,,,,localadmin,,CH-BE,Krauchthal,county,2,CH-BE,Burgdorf,region,1,CH-BE,Bern/Berne,HIGH,1.0,CH-BE
,Switzerland,Koppigen,Verwaltungskreis Emmental,Bern,2281,,Commune,,#N/A,,,,,,,,,,localadmin,,CH-BE,Koppigen,county,2,CH-BE,Burgdorf,region,1,CH-BE,Bern/Berne,HIGH,1.0,CH-BE
,Switzerland,Wynigen,Verwaltungskreis Emmental,Bern,2097,,Commune,,#N/A,,,,,,,,,,localadmin,,CH-BE,Wynigen,county,2,CH-BE,Burgdorf,region,1,CH-BE,Bern/Berne,HIGH,1.0,CH-BE
,Switzerland,"Ersigen (incl. Niederösch, Oberösch)",Verwaltungskreis Emmental,Bern,2030,,Commune,,#N/A,,,,,,,,,,localadmin,,CH-BE,Ersigen,county,2,CH-BE,Burgdorf,region,1,CH-BE,Bern/Berne,HIGH,1.0,CH-BE
,Switzerland,Heimiswil,Verwaltungskreis Emmental,Bern,1629,,Commune,,#N/A,,,,,,,,,,localadmin,,CH-BE,Heimiswil,county,2,CH-BE,Burgdorf,region,1,CH-BE,Bern/Berne,HIGH,1.0,CH-BE
,Switzerland,Trubschachen,Verwaltungskreis Emmental,Bern,1510,,Commune,,#N/A,,,,,,,,,,localadmin,,CH-BE,Trubschachen,county,2,CH-BE,Signau,region,1,CH-BE,Bern/Berne,HIGH,1.0,CH-BE
,Switzerland,Lyssach,Verwaltungskreis Emmental,Bern,1484,,Commune,,#N/A,,,,,,,,,,localadmin,,CH-BE,Lyssach,county,2,CH-BE,Burgdorf,region,1,CH-BE,Bern/Berne,HIGH,1.0,CH-BE
,Switzerland,Trub,Verwaltungskreis Emmental,Bern,1276,,Commune,,#N/A,,,,,,,,,,localadmin,,CH-BE,Trub,county,2,CH-BE,Signau,region,1,CH-BE,Bern/Berne,HIGH,1.0,CH-BE
,Switzerland,Affoltern im Emmental,Verwaltungskreis Emmental,Bern,1211,,Commune,,#N/A,,,,,,,,,,localadmin,,CH-BE,Affoltern im Emmental,county,2,CH-BE,Trachselwald,region,1,CH-BE,Bern/Berne,HIGH,1.0,CH-BE
,Switzerland,Röthenbach im Emmental,Verwaltungskreis Emmental,Bern,1200,,Commune,,#N/A,,,,,,,,,,localadmin,,CH-BE,Röthenbach im Emmental,county,2,CH-BE,Signau,region,1,CH-BE,Bern/Berne,HIGH,1.0,CH-BE
,Switzerland,Aefligen,Verwaltungskreis Emmental,Bern,1140,,Commune,,#N/A,,,,,,,,,,localadmin,,CH-BE,Aefligen,county,2,CH-BE,Burgdorf,region,1,CH-BE,Bern/Berne,HIGH,1.0,CH-BE
,Switzerland,Dürrenroth,Verwaltungskreis Emmental,Bern,1076,,Commune,,#N/A,,,,,,,,,,localadmin,,CH-BE,Dürrenroth,county,2,CH-BE,Trachselwald,region,1,CH-BE,Bern/Berne,HIGH,1.0,CH-BE
,Switzerland,Wiler bei Utzenstorf,Verwaltungskreis Emmental,Bern,1033,,Commune,,#N/A,,,,,,,,,,localadmin,,CH-BE,Wiler bei Utzenstorf,county,2,CH-BE,Fraubrunnen,region,1,CH-BE,Bern/Berne,HIGH,1.0,CH-BE
,Switzerland,Schangnau,Verwaltungskreis Emmental,Bern,924,,Commune,,#N/A,,,,,,,,,,localadmin,,CH-BE,Schangnau,county,2,CH-BE,Signau,region,1,CH-BE,Bern/Berne,HIGH,1.0,CH-BE
,Switzerland,Trachselwald,Verwaltungskreis Emmental,Bern,916,,Commune,,#N/A,,,,,,,,,,county,2,CH-BE,Trachselwald,county,2,CH-BE,Trachselwald,region,1,CH-BE,Bern/Berne,HIGH,1.0,CH-BE
,Switzerland,Alchenstorf,Verwaltungskreis Emmental,Bern,635,,Commune,,#N/A,,,,,,,,,,localadmin,,CH-BE,Alchenstorf,county,2,CH-BE,Burgdorf,region,1,CH-BE,Bern/Berne,HIGH,1.0,CH-BE
,Switzerland,Kernenried,Verwaltungskreis Emmental,Bern,534,,Commune,,#N/A,,,,,,,,,,localadmin,,CH-BE,Kernenried,county,2,CH-BE,Burgdorf,region,1,CH-BE,Bern/Berne,HIGH,1.0,CH-BE
,Switzerland,Zielebach,Verwaltungskreis Emmental,Bern,323,,Commune,,#N/A,,,,,,,,,,localadmin,,CH-BE,Zielebach,county,2,CH-BE,Fraubrunnen,region,1,CH-BE,Bern/Berne,HIGH,1.0,CH-BE
,Switzerland,Höchstetten,Verwaltungskreis Emmental,Bern,254,,Commune,,#N/A,,,,,,,,,,localadmin,,CH-BE,Höchstetten,county,2,CH-BE,Burgdorf,region,1,CH-BE,Bern/Berne,HIGH,1.0,CH-BE
,Switzerland,Hellsau,Verwaltungskreis Emmental,Bern,213,,Commune,,#N/A,,,,,,,,,,localadmin,,CH-BE,Hellsau,county,2,CH-BE,Burgdorf,region,1,CH-BE,Bern/Berne,HIGH,1.0,CH-BE
,Switzerland,Willadingen,Verwaltungskreis Emmental,Bern,196,,Commune,,#N/A,,,,,,,,,,localadmin,,CH-BE,Willadingen,county,2,CH-BE,Burgdorf,region,1,CH-BE,Bern/Berne,HIGH,1.0,CH-BE
,Switzerland,Rüti bei Lyssach,Verwaltungskreis Emmental,Bern,162,,Commune,,#N/A,,,,,,,,,,localadmin,,CH-BE,Rüti bei Lyssach,county,2,CH-BE,Burgdorf,region,1,CH-BE,Bern/Berne,HIGH,1.0,CH-BE
,Switzerland,Rumendingen,Verwaltungskreis Emmental,Bern,91,,Commune,,#N/A,,,,,,,,,,localadmin,,CH-BE,Rumendingen,county,2,CH-BE,Burgdorf,region,1,CH-BE,Bern/Berne,HIGH,1.0,CH-BE
,Switzerland,Spiez,Verwaltungskreis Frutigen-Niedersimmental,Bern,13337,,City,,#N/A,,,,,,,,,,localadmin,,CH-BE,Spiez,county,2,CH-BE,Niedersimmental,region,1,CH-BE,Bern/Berne,HIGH,1.0,CH-BE
,Switzerland,Frutigen,Verwaltungskreis Frutigen-Niedersimmental,Bern,7095,,Commune,,#N/A,,,,,,,,,,localadmin,,CH-BE,Frutigen,county,2,CH-BE,Frutigen,region,1,CH-BE,Bern/Berne,HIGH,1.0,CH-BE
,Switzerland,Reichenbach im Kandertal,Verwaltungskreis Frutigen-Niedersimmental,Bern,3788,,Commune,,#N/A,,,,,,,,,,localadmin,,CH-BE,Reichenbach im Kandertal,county,2,CH-BE,Frutigen,region,1,CH-BE,Bern/Berne,HIGH,1.0,CH-BE
,Switzerland,Adelboden,Verwaltungskreis Frutigen-Niedersimmental,Bern,3420,,Commune,,#N/A,,,,,,,,,,localadmin,,CH-BE,Adelboden,county,2,CH-BE,Frutigen,region,1,CH-BE,Bern/Berne,HIGH,1.0,CH-BE
,Switzerland,Wimmis,Verwaltungskreis Frutigen-Niedersimmental,Bern,2735,,Commune,,#N/A,,,,,,,,,,localadmin,,CH-BE,Wimmis,county,2,CH-BE,Niedersimmental,region,1,CH-BE,Bern/Berne,HIGH,1.0,CH-BE
,Switzerland,Aeschi bei Spiez,Verwaltungskreis Frutigen-Niedersimmental,Bern,2325,,Commune,,#N/A,,,,,,,,,,localadmin,,CH-BE,Aeschi bei Spiez,county,2,CH-BE,Frutigen,region,1,CH-BE,Bern/Berne,HIGH,1.0,CH-BE
,Switzerland,Diemtigen,Verwaltungskreis Frutigen-Niedersimmental,Bern,2302,,Commune,,#N/A,,,,,,,,,,localadmin,,CH-BE,Diemtigen,county,2,CH-BE,Niedersimmental,region,1,CH-BE,Bern/Berne,HIGH,1.0,CH-BE
,Switzerland,Erlenbach im Simmental,Verwaltungskreis Frutigen-Niedersimmental,Bern,1729,,Commune,,#N/A,,,,,,,,,,localadmin,,CH-BE,Erlenbach im Simmental,county,2,CH-BE,Niedersimmental,region,1,CH-BE,Bern/Berne,HIGH,1.0,CH-BE
,Switzerland,Kandersteg,Verwaltungskreis Frutigen-Niedersimmental,Bern,1298,,Commune,,#N/A,,,,,,,,,,localadmin,,CH-BE,Kandersteg,county,2,CH-BE,Frutigen,region,1,CH-BE,Bern/Berne,HIGH,1.0,CH-BE
,Switzerland,Krattigen,Verwaltungskreis Frutigen-Niedersimmental,Bern,1130,,Commune,,#N/A,,,,,,,,,,localadmin,,CH-BE,Krattigen,county,2,CH-BE,Frutigen,region,1,CH-BE,Bern/Berne,HIGH,1.0,CH-BE
,Switzerland,Därstetten,Verwaltungskreis Frutigen-Niedersimmental,Bern,865,,Commune,,#N/A,,,,,,,,,,localadmin,,CH-BE,Därstetten,county,2,CH-BE,Niedersimmental,region,1,CH-BE,Bern/Berne,HIGH,1.0,CH-BE
,Switzerland,Oberwil im Simmental,Verwaltungskreis Frutigen-Niedersimmental,Bern,845,,Commune,,#N/A,,,,,,,,,,localadmin,,CH-BE,Oberwil im Simmental,county,2,CH-BE,Niedersimmental,region,1,CH-BE,Bern/Berne,HIGH,1.0,CH-BE
,Switzerland,Kandergrund,Verwaltungskreis Frutigen-Niedersimmental,Bern,810,,Commune,,#N/A,,,,,,,,,,localadmin,,CH-BE,Kandergrund,county,2,CH-BE,Frutigen,region,1,CH-BE,Bern/Berne,HIGH,1.0,CH-BE
,Switzerland,Interlaken,Verwaltungskreis Interlaken-Oberhasli,Bern,6122,,Commune,,#N/A,,,,,,,,,,county,2,CH-BE,Interlaken,county,2,CH-BE,Interlaken,region,1,CH-BE,Bern/Berne,HIGH,1.0,CH-BE
,Switzerland,Unterseen,Verwaltungskreis Interlaken-Oberhasli,Bern,5709,,City,,#N/A,,,,,,,,,,localadmin,,CH-BE,Unterseen,county,2,CH-BE,Interlaken,region,1,CH-BE,Bern/Berne,HIGH,1.0,CH-BE
,Switzerland,Meiringen,Verwaltungskreis Interlaken-Oberhasli,Bern,4815,,Commune,,#N/A,,,,,,,,,,localadmin,,CH-BE,Meiringen,county,2,CH-BE,Oberhasli,region,1,CH-BE,Bern/Berne,HIGH,1.0,CH-BE
,Switzerland,Matten bei Interlaken,Verwaltungskreis Interlaken-Oberhasli,Bern,4200,,Commune,,#N/A,,,,,,,,,,localadmin,,CH-BE,Matten bei Interlaken,county,2,CH-BE,Interlaken,region,1,CH-BE,Bern/Berne,HIGH,1.0,CH-BE
,Switzerland,Grindelwald,Verwaltungskreis Interlaken-Oberhasli,Bern,3927,,Commune,,#N/A,,,,,,,,,,localadmin,,CH-BE,Grindelwald,county,2,CH-BE,Interlaken,region,1,CH-BE,Bern/Berne,HIGH,1.0,CH-BE
,Switzerland,Brienz (BE),Verwaltungskreis Interlaken-Oberhasli,Bern,3255,,Commune,,#N/A,,,,,,,,,,localadmin,,CH-BE,Brienz (BE),county,2,CH-BE,Interlaken,region,1,CH-BE,Bern/Berne,HIGH,1.0,CH-BE
,Switzerland,Bönigen,Verwaltungskreis Interlaken-Oberhasli,Bern,2785,,Commune,,#N/A,,,,,,,,,,localadmin,,CH-BE,Bönigen,county,2,CH-BE,Interlaken,region,1,CH-BE,Bern/Berne,HIGH,1.0,CH-BE
,Switzerland,Wilderswil,Verwaltungskreis Interlaken-Oberhasli,Bern,2765,,Commune,,#N/A,,,,,,,,,,localadmin,,CH-BE,Wilderswil,county,2,CH-BE,Interlaken,region,1,CH-BE,Bern/Berne,HIGH,1.0,CH-BE
,Switzerland,Ringgenberg (BE),Verwaltungskreis Interlaken-Oberhasli,Bern,2653,,Commune,,#N/A,,,,,,,,,,localadmin,,CH-BE,Ringgenberg (BE),county,2,CH-BE,Interlaken,region,1,CH-BE,Bern/Berne,HIGH,1.0,CH-BE
,Switzerland,Lauterbrunnen,Verwaltungskreis Interlaken-Oberhasli,Bern,2327,,Commune,,#N/A,,,,,,,,,,localadmin,,CH-BE,Lauterbrunnen,county,2,CH-BE,Interlaken,region,1,CH-BE,Bern/Berne,HIGH,1.0,CH-BE
,Switzerland,Beatenberg,Verwaltungskreis Interlaken-Oberhasli,Bern,1229,,Commune,,#N/A,,,,,,,,,,localadmin,,CH-BE,Beatenberg,county,2,CH-BE,Interlaken,region,1,CH-BE,Bern/Berne,HIGH,1.0,CH-BE
,Switzerland,Leissigen,Verwaltungskreis Interlaken-Oberhasli,Bern,1205,,Commune,,#N/A,,,,,,,,,,localadmin,,CH-BE,Leissigen,county,2,CH-BE,Interlaken,region,1,CH-BE,Bern/Berne,HIGH,1.0,CH-BE
,Switzerland,Hasliberg,Verwaltungskreis Interlaken-Oberhasli,Bern,1129,,Commune,,#N/A,,,,,,,,,,localadmin,,CH-BE,Hasliberg,county,2,CH-BE,Oberhasli,region,1,CH-BE,Bern/Berne,HIGH,1.0,CH-BE
,Switzerland,Innertkirchen,Verwaltungskreis Interlaken-Oberhasli,Bern,1079,,Commune,,#N/A,,,,,,,,,,localadmin,,CH-BE,Innertkirchen,county,2,CH-BE,Oberhasli,region,1,CH-BE,Bern/Berne,HIGH,1.0,CH-BE
,Switzerland,Schwanden bei Brienz,Verwaltungskreis Interlaken-Oberhasli,Bern,665,,Commune,,#N/A,,,,,,,,,,localadmin,,CH-BE,Schwanden bei Brienz,county,2,CH-BE,Interlaken,region,1,CH-BE,Bern/Berne,HIGH,1.0,CH-BE
,Switzerland,Habkern,Verwaltungskreis Interlaken-Oberhasli,Bern,628,,Commune,,#N/A,,,,,,,,,,localadmin,,CH-BE,Habkern,county,2,CH-BE,Interlaken,region,1,CH-BE,Bern/Berne,HIGH,1.0,CH-BE
,Switzerland,Schattenhalb,Verwaltungskreis Interlaken-Oberhasli,Bern,586,,Commune,,#N/A,,,,,,,,,,localadmin,,CH-BE,Schattenhalb,county,2,CH-BE,Oberhasli,region,1,CH-BE,Bern/Berne,HIGH,1.0,CH-BE
,Switzerland,Hofstetten bei Brienz,Verwaltungskreis Interlaken-Oberhasli,Bern,529,,Commune,,#N/A,,,,,,,,,,localadmin,,CH-BE,Hofstetten bei Brienz,county,2,CH-BE,Interlaken,region,1,CH-BE,Bern/Berne,HIGH,1.0,CH-BE
,Switzerland,Brienzwiler,Verwaltungskreis Interlaken-Oberhasli,Bern,514,,Commune,,#N/A,,,,,,,,,,localadmin,,CH-BE,Brienzwiler,county,2,CH-BE,Interlaken,region,1,CH-BE,Bern/Berne,HIGH,1.0,CH-BE
,Switzerland,Oberried am Brienzersee,Verwaltungskreis Interlaken-Oberhasli,Bern,481,,Commune,,#N/A,,,,,,,,,,localadmin,,CH-BE,Oberried am Brienzersee,county,2,CH-BE,Interlaken,region,1,CH-BE,Bern/Berne,HIGH,1.0,CH-BE
,Switzerland,Gsteigwiler,Verwaltungskreis Interlaken-Oberhasli,Bern,436,,Commune,,#N/A,,,,,,,,,,localadmin,,CH-BE,Gsteigwiler,county,2,CH-BE,Interlaken,region,1,CH-BE,Bern/Berne,HIGH,1.0,CH-BE
,Switzerland,Därligen,Verwaltungskreis Interlaken-Oberhasli,Bern,416,,Commune,,#N/A,,,,,,,,,,localadmin,,CH-BE,Därligen,county,2,CH-BE,Interlaken,region,1,CH-BE,Bern/Berne,HIGH,1.0,CH-BE
,Switzerland,Iseltwald,Verwaltungskreis Interlaken-Oberhasli,Bern,401,,Commune,,#N/A,,,,,,,,,,localadmin,,CH-BE,Iseltwald,county,2,CH-BE,Interlaken,region,1,CH-BE,Bern/Berne,HIGH,1.0,CH-BE
,Switzerland,Niederried bei Interlaken,Verwaltungskreis Interlaken-Oberhasli,Bern,365,,Commune,,#N/A,,,,,,,,,,localadmin,,CH-BE,Niederried bei Interlaken,county,2,CH-BE,Interlaken,region,1,CH-BE,Bern/Berne,HIGH,1.0,CH-BE
,Switzerland,Gündlischwand,Verwaltungskreis Interlaken-Oberhasli,Bern,344,,Commune,,#N/A,,,,,,,,,,localadmin,,CH-BE,Gündlischwand,county,2,CH-BE,Interlaken,region,1,CH-BE,Bern/Berne,HIGH,1.0,CH-BE
,Switzerland,Guttannen,Verwaltungskreis Interlaken-Oberhasli,Bern,241,,Commune,,#N/A,,,,,,,,,,localadmin,,CH-BE,Guttannen,county,2,CH-BE,Oberhasli,region,1,CH-BE,Bern/Berne,HIGH,1.0,CH-BE
,Switzerland,Lütschental,Verwaltungskreis Interlaken-Oberhasli,Bern,239,,Commune,,#N/A,,,,,,,,,,localadmin,,CH-BE,Lütschental,county,2,CH-BE,Interlaken,region,1,CH-BE,Bern/Berne,HIGH,1.0,CH-BE
,Switzerland,Saxeten,Verwaltungskreis Interlaken-Oberhasli,Bern,98,,Commune,,#N/A,,,,,,,,,,localadmin,,CH-BE,Saxeten,county,2,CH-BE,Interlaken,region,1,CH-BE,Bern/Berne,HIGH,1.0,CH-BE
,Switzerland,Langenthal (incl. Obersteckholz),Verwaltungskreis Oberaargau,Bern,16141,,City,,#N/A,,,,,,,,,,localadmin,,CH-BE,Langenthal,county,2,CH-BE,Aarwangen,region,1,CH-BE,Bern/Berne,HIGH,1.0,CH-BE
,Switzerland,Herzogenbuchsee (incl. Oberönz),Verwaltungskreis Oberaargau,Bern,7504,,Commune,,#N/A,,,,,,,,,,localadmin,,CH-BE,Herzogenbuchsee,county,2,CH-BE,Wangen,region,1,CH-BE,Bern/Berne,HIGH,1.0,CH-BE
,Switzerland,Niederbipp (incl. Wolfisberg),Verwaltungskreis Oberaargau,Bern,5557,,Commune,,#N/A,,,,,,,,,,localadmin,,CH-BE,Niederbipp,county,2,CH-BE,Wangen,region,1,CH-BE,Bern/Berne,HIGH,1.0,CH-BE
,Switzerland,Huttwil,Verwaltungskreis Oberaargau,Bern,5134,,City,,#N/A,,,,,,,,,,localadmin,,CH-BE,Huttwil,county,2,CH-BE,Trachselwald,region,1,CH-BE,Bern/Berne,HIGH,1.0,CH-BE
,Switzerland,Aarwangen,Verwaltungskreis Oberaargau,Bern,4810,,Commune,,#N/A,,,,,,,,,,county,2,CH-BE,Aarwangen,county,2,CH-BE,Aarwangen,region,1,CH-BE,Bern/Berne,HIGH,1.0,CH-BE
,Switzerland,Roggwil (BE),Verwaltungskreis Oberaargau,Bern,4433,,Commune,,#N/A,,,,,,,,,,localadmin,,CH-BE,Roggwil (BE),county,2,CH-BE,Aarwangen,region,1,CH-BE,Bern/Berne,HIGH,1.0,CH-BE
,Switzerland,Thunstetten,Verwaltungskreis Oberaargau,Bern,3584,,Commune,,#N/A,,,,,,,,,,localadmin,,CH-BE,Thunstetten,county,2,CH-BE,Aarwangen,region,1,CH-BE,Bern/Berne,HIGH,1.0,CH-BE
,Switzerland,Madiswil (incl. Kleindietwil),Verwaltungskreis Oberaargau,Bern,3327,,Commune,,#N/A,,,,,,,,,,localadmin,,CH-BE,Madiswil,county,2,CH-BE,Aarwangen,region,1,CH-BE,Bern/Berne,HIGH,1.0,CH-BE
,Switzerland,Wangen an der Aare (incl. Wangenried),Verwaltungskreis Oberaargau,Bern,2918,,City,,#N/A,,,,,,,,,,localadmin,,CH-BE,Wangen an der Aare,county,2,CH-BE,Wangen,region,1,CH-BE,Bern/Berne,HIGH,1.0,CH-BE
,Switzerland,Lotzwil,Verwaltungskreis Oberaargau,Bern,2778,,Commune,,#N/A,,,,,,,,,,localadmin,,CH-BE,Lotzwil,county,2,CH-BE,Aarwangen,region,1,CH-BE,Bern/Berne,HIGH,1.0,CH-BE
,Switzerland,Wiedlisbach,Verwaltungskreis Oberaargau,Bern,2649,,City,,#N/A,,,,,,,,,,localadmin,,CH-BE,Wiedlisbach,county,2,CH-BE,Wangen,region,1,CH-BE,Bern/Berne,HIGH,1.0,CH-BE
,Switzerland,Oberbipp,Verwaltungskreis Oberaargau,Bern,1954,,Commune,,#N/A,,,,,,,,,,localadmin,,CH-BE,Oberbipp,county,2,CH-BE,Wangen,region,1,CH-BE,Bern/Berne,HIGH,1.0,CH-BE
,Switzerland,Niederönz,Verwaltungskreis Oberaargau,Bern,1803,,Commune,,#N/A,,,,,,,,,,localadmin,,CH-BE,Niederönz,county,2,CH-BE,Wangen,region,1,CH-BE,Bern/Berne,HIGH,1.0,CH-BE
,Switzerland,Wynau,Verwaltungskreis Oberaargau,Bern,1699,,Commune,,#N/A,,,,,,,,,,localadmin,,CH-BE,Wynau,county,2,CH-BE,Aarwangen,region,1,CH-BE,Bern/Berne,HIGH,1.0,CH-BE
,Switzerland,Rohrbach,Verwaltungskreis Oberaargau,Bern,1599,,Commune,,#N/A,,,,,,,,,,localadmin,,CH-BE,Rohrbach,county,2,CH-BE,Aarwangen,region,1,CH-BE,Bern/Berne,HIGH,1.0,CH-BE
,Switzerland,Seeberg (incl. Hermiswil),Verwaltungskreis Oberaargau,Bern,1596,,Commune,,#N/A,,,,,,,,,,localadmin,,CH-BE,Seeberg,county,2,CH-BE,Wangen,region,1,CH-BE,Bern/Berne,HIGH,1.0,CH-BE
,Switzerland,Attiswil,Verwaltungskreis Oberaargau,Bern,1546,,Commune,,#N/A,,,,,,,,,,localadmin,,CH-BE,Attiswil,county,2,CH-BE,Wangen,region,1,CH-BE,Bern/Berne,HIGH,1.0,CH-BE
,Switzerland,Melchnau,Verwaltungskreis Oberaargau,Bern,1518,,Commune,,#N/A,,,,,,,,,,localadmin,,CH-BE,Melchnau,county,2,CH-BE,Aarwangen,region,1,CH-BE,Bern/Berne,HIGH,1.0,CH-BE
,Switzerland,Eriswil,Verwaltungskreis Oberaargau,Bern,1337,,Commune,,#N/A,,,,,,,,,,localadmin,,CH-BE,Eriswil,county,2,CH-BE,Trachselwald,region,1,CH-BE,Bern/Berne,HIGH,1.0,CH-BE
,Switzerland,Heimenhausen,Verwaltungskreis Oberaargau,Bern,1219,,Commune,,#N/A,,,,,,,,,,localadmin,,CH-BE,Heimenhausen,county,2,CH-BE,Wangen,region,1,CH-BE,Bern/Berne,HIGH,1.0,CH-BE
,Switzerland,Thörigen,Verwaltungskreis Oberaargau,Bern,1193,,Commune,,#N/A,,,,,,,,,,localadmin,,CH-BE,Thörigen,county,2,CH-BE,Wangen,region,1,CH-BE,Bern/Berne,HIGH,1.0,CH-BE
,Switzerland,Wyssachen,Verwaltungskreis Oberaargau,Bern,1124,,Commune,,#N/A,,,,,,,,,,localadmin,,CH-BE,Wyssachen,county,2,CH-BE,Trachselwald,region,1,CH-BE,Bern/Berne,HIGH,1.0,CH-BE
,Switzerland,Ursenbach,Verwaltungskreis Oberaargau,Bern,902,,Commune,,#N/A,,,,,,,,,,localadmin,,CH-BE,Ursenbach,county,2,CH-BE,Aarwangen,region,1,CH-BE,Bern/Berne,HIGH,1.0,CH-BE
,Switzerland,Bleienbach,Verwaltungskreis Oberaargau,Bern,779,,Commune,,#N/A,,,,,,,,,,localadmin,,CH-BE,Bleienbach,county,2,CH-BE,Aarwangen,region,1,CH-BE,Bern/Berne,HIGH,1.0,CH-BE
,Switzerland,Gondiswil,Verwaltungskreis Oberaargau,Bern,731,,Commune,,#N/A,,,,,,,,,,localadmin,,CH-BE,Gondiswil,county,2,CH-BE,Aarwangen,region,1,CH-BE,Bern/Berne,HIGH,1.0,CH-BE
,Switzerland,Bettenhausen,Verwaltungskreis Oberaargau,Bern,692,,Commune,,#N/A,,,,,,,,,,localadmin,,CH-BE,Bettenhausen,county,2,CH-BE,Wangen,region,1,CH-BE,Bern/Berne,HIGH,1.0,CH-BE
,Switzerland,Bannwil,Verwaltungskreis Oberaargau,Bern,678,,Commune,,#N/A,,,,,,,,,,localadmin,,CH-BE,Bannwil,county,2,CH-BE,Aarwangen,region,1,CH-BE,Bern/Berne,HIGH,1.0,CH-BE
,Switzerland,Inkwil,Verwaltungskreis Oberaargau,Bern,676,,Commune,,#N/A,,,,,,,,,,localadmin,,CH-BE,Inkwil,,,,,region,1,CH-BE,Bern/Berne,HIGH,1.0,CH-BE
,Switzerland,Walliswil bei Wangen,Verwaltungskreis Oberaargau,Bern,633,,Commune,,#N/A,,,,,,,,,,localadmin,,CH-BE,Walliswil bei Wangen,county,2,CH-BE,Wangen,region,1,CH-BE,Bern/Berne,HIGH,1.0,CH-BE
,Switzerland,Rütschelen,Verwaltungskreis Oberaargau,Bern,582,,Commune,,#N/A,,,,,,,,,,localadmin,,CH-BE,Rütschelen,county,2,CH-BE,Aarwangen,region,1,CH-BE,Bern/Berne,HIGH,1.0,CH-BE
,Switzerland,Walterswil (BE),Verwaltungskreis Oberaargau,Bern,555,,Commune,,#N/A,,,,,,,,,,localadmin,,CH-BE,Walterswil (BE),county,2,CH-BE,Trachselwald,region,1,CH-BE,Bern/Berne,HIGH,1.0,CH-BE
,Switzerland,Ochlenberg,Verwaltungskreis Oberaargau,Bern,536,,Commune,,#N/A,,,,,,,,,,localadmin,,CH-BE,Ochlenberg,county,2,CH-BE,Wangen,region,1,CH-BE,Bern/Berne,HIGH,1.0,CH-BE
,Switzerland,Schwarzhäusern,Verwaltungskreis Oberaargau,Bern,519,,Commune,,#N/A,,,,,,,,,,localadmin,,CH-BE,Schwarzhäusern,county,2,CH-BE,Aarwangen,region,1,CH-BE,Bern/Berne,HIGH,1.0,CH-BE
,Switzerland,Rumisberg,Verwaltungskreis Oberaargau,Bern,493,,Commune,,#N/A,,,,,,,,,,localadmin,,CH-BE,Rumisberg,county,2,CH-BE,Wangen,region,1,CH-BE,Bern/Berne,HIGH,1.0,CH-BE
,Switzerland,Auswil,Verwaltungskreis Oberaargau,Bern,477,,Commune,,#N/A,,,,,,,,,,localadmin,,CH-BE,Auswil,county,2,CH-BE,Aarwangen,region,1,CH-BE,Bern/Berne,HIGH,1.0,CH-BE
,Switzerland,Rohrbachgraben,Verwaltungskreis Oberaargau,Bern,375,,Commune,,#N/A,,,,,,,,,,localadmin,,CH-BE,Rohrbachgraben,county,2,CH-BE,Aarwangen,region,1,CH-BE,Bern/Berne,HIGH,1.0,CH-BE
,Switzerland,Graben,Verwaltungskreis Oberaargau,Bern,337,,Commune,,#N/A,,,,,,,,,,localadmin,,CH-BE,Graben,county,2,CH-BE,Wangen,region,1,CH-BE,Bern/Berne,HIGH,1.0,CH-BE
,Switzerland,Oeschenbach,Verwaltungskreis Oberaargau,Bern,234,,Commune,,#N/A,,,,,,,,,,localadmin,,CH-BE,Oeschenbach,county,2,CH-BE,Aarwangen,region,1,CH-BE,Bern/Berne,HIGH,1.0,CH-BE
,Switzerland,Farnern,Verwaltungskreis Oberaargau,Bern,226,,Commune,,#N/A,,,,,,,,,,localadmin,,CH-BE,Farnern,county,2,CH-BE,Wangen,region,1,CH-BE,Bern/Berne,HIGH,1.0,CH-BE
,Switzerland,Walliswil bei Niederbipp,Verwaltungskreis Oberaargau,Bern,222,,Commune,,#N/A,,,,,,,,,,localadmin,,CH-BE,Walliswil bei Niederbipp,county,2,CH-BE,Wangen,region,1,CH-BE,Bern/Berne,HIGH,1.0,CH-BE
,Switzerland,Reisiswil,Verwaltungskreis Oberaargau,Bern,178,,Commune,,#N/A,,,,,,,,,,localadmin,,CH-BE,Reisiswil,county,2,CH-BE,Aarwangen,region,1,CH-BE,Bern/Berne,HIGH,1.0,CH-BE
,Switzerland,Busswil bei Melchnau,Verwaltungskreis Oberaargau,Bern,166,,Commune,,#N/A,,,,,,,,,,localadmin,,CH-BE,Busswil bei Melchnau,county,2,CH-BE,Aarwangen,region,1,CH-BE,Bern/Berne,HIGH,1.0,CH-BE
,Switzerland,Berken,Verwaltungskreis Oberaargau,Bern,47,,Commune,,#N/A,,,,,,,,,,localadmin,,CH-BE,Berken,county,2,CH-BE,Wangen,region,1,CH-BE,Bern/Berne,HIGH,1.0,CH-BE
,Switzerland,Saanen,Verwaltungskreis Obersimmental-Saanen,Bern,6924,,Commune,,#N/A,,,,,,,,,,county,2,CH-BE,Saanen,county,2,CH-BE,Saanen,region,1,CH-BE,Bern/Berne,HIGH,1.0,CH-BE
,Switzerland,Zweisimmen,Verwaltungskreis Obersimmental-Saanen,Bern,3053,,Commune,,#N/A,,,,,,,,,,localadmin,,CH-BE,Zweisimmen,county,2,CH-BE,Obersimmental,region,1,CH-BE,Bern/Berne,HIGH,1.0,CH-BE
,Switzerland,Lenk (Lenk im Simmental),Verwaltungskreis Obersimmental-Saanen,Bern,2323,,Commune,,#N/A,,,,,,,,,,localadmin,,CH-BE,Lenk,county,2,CH-BE,Obersimmental,region,1,CH-BE,Bern/Berne,HIGH,1.0,CH-BE
,Switzerland,St. Stephan,Verwaltungskreis Obersimmental-Saanen,Bern,1326,,Commune,,#N/A,,,,,,,,,,localadmin,,CH-BE,St. Stephan,county,2,CH-BE,Obersimmental,region,1,CH-BE,Bern/Berne,HIGH,1.0,CH-BE
,Switzerland,Boltigen,Verwaltungskreis Obersimmental-Saanen,Bern,1272,,Commune,,#N/A,,,,,,,,,,localadmin,,CH-BE,Boltigen,county,2,CH-BE,Obersimmental,region,1,CH-BE,Bern/Berne,HIGH,1.0,CH-BE
,Switzerland,Gsteig (Gsteig bei Gstaad),Verwaltungskreis Obersimmental-Saanen,Bern,1028,,Commune,,#N/A,,,,,,,,,,localadmin,,CH-BE,Gsteig,county,2,CH-BE,Saanen,region,1,CH-BE,Bern/Berne,HIGH,1.0,CH-BE
,Switzerland,Lauenen,Verwaltungskreis Obersimmental-Saanen,Bern,865,,Commune,,#N/A,,,,,,,,,,localadmin,,CH-BE,Lauenen,county,2,CH-BE,Saanen,region,1,CH-BE,Bern/Berne,HIGH,1.0,CH-BE
,Switzerland,Lyss (incl. Busswil),Verwaltungskreis Seeland,Bern,16547,,City,,#N/A,,,,,,,,,,localadmin,,CH-BE,Lyss,county,2,CH-BE,Aarberg,region,1,CH-BE,Bern/Berne,HIGH,1.0,CH-BE
,Switzerland,Aarberg,Verwaltungskreis Seeland,Bern,4620,,City,,#N/A,,,,,,,,,,county,2,CH-BE,Aarberg,county,2,CH-BE,Aarberg,region,1,CH-BE,Bern/Berne,HIGH,1.0,CH-BE
,Switzerland,Büren an der Aare,Verwaltungskreis Seeland,Bern,3805,,Commune,,#N/A,,,,,,,,,,localadmin,,CH-BE,Büren an der Aare,county,2,CH-BE,Büren,region,1,CH-BE,Bern/Berne,HIGH,1.0,CH-BE
,Switzerland,Schüpfen,Verwaltungskreis Seeland,Bern,3785,,Commune,,#N/A,,,,,,,,,,localadmin,,CH-BE,Schüpfen,county,2,CH-BE,Aarberg,region,1,CH-BE,Bern/Berne,HIGH,1.0,CH-BE
,Switzerland,Ins,Verwaltungskreis Seeland,Bern,3775,,Commune,,#N/A,,,,,,,,,,localadmin,,CH-BE,Ins,county,2,CH-BE,Erlach,region,1,CH-BE,Bern/Berne,HIGH,1.0,CH-BE
,Switzerland,Studen (BE),Verwaltungskreis Seeland,Bern,3534,,Commune,,#N/A,,,,,,,,,,localadmin,,CH-BE,Studen (BE),county,2,CH-BE,Nidau,region,1,CH-BE,Bern/Berne,HIGH,1.0,CH-BE
,Switzerland,Seedorf (BE),Verwaltungskreis Seeland,Bern,3234,,Commune,,#N/A,,,,,,,,,,localadmin,,CH-BE,Seedorf (BE),county,2,CH-BE,Aarberg,region,1,CH-BE,Bern/Berne,HIGH,1.0,CH-BE
,Switzerland,Täuffelen,Verwaltungskreis Seeland,Bern,3086,,Commune,,#N/A,,,,,,,,,,localadmin,,CH-BE,Täuffelen,county,2,CH-BE,Nidau,region,1,CH-BE,Bern/Berne,HIGH,1.0,CH-BE
,Switzerland,Grossaffoltern,Verwaltungskreis Seeland,Bern,3070,,Commune,,#N/A,,,,,,,,,,localadmin,,CH-BE,Grossaffoltern,county,2,CH-BE,Aarberg,region,1,CH-BE,Bern/Berne,HIGH,1.0,CH-BE
,Switzerland,Rapperswil (BE) (incl. Bangerten),Verwaltungskreis Seeland,Bern,2702,,Commune,,#N/A,,,,,,,,,,localadmin,,CH-BE,Rapperswil (BE),county,2,CH-BE,Aarberg,region,1,CH-BE,Bern/Berne,HIGH,1.0,CH-BE
,Switzerland,Worben,Verwaltungskreis Seeland,Bern,2616,,Commune,,#N/A,,,,,,,,,,localadmin,,CH-BE,Worben,county,2,CH-BE,Nidau,region,1,CH-BE,Bern/Berne,HIGH,1.0,CH-BE
,Switzerland,Kallnach (incl. Golaten),Verwaltungskreis Seeland,Bern,2235,,Commune,,#N/A,,,,,,,,,,localadmin,,CH-BE,Kallnach,,,,,region,1,CH-BE,Bern/Berne,HIGH,1.0,CH-BE
,Switzerland,Arch,Verwaltungskreis Seeland,Bern,1741,,Commune,,#N/A,,,,,,,,,,localadmin,,CH-BE,Arch,county,2,CH-BE,Büren,region,1,CH-BE,Bern/Berne,HIGH,1.0,CH-BE
,Switzerland,Müntschemier,Verwaltungskreis Seeland,Bern,1651,,Commune,,#N/A,,,,,,,,,,localadmin,,CH-BE,Müntschemier,county,2,CH-BE,Erlach,region,1,CH-BE,Bern/Berne,HIGH,1.0,CH-BE
,Switzerland,Dotzigen,Verwaltungskreis Seeland,Bern,1580,,Commune,,#N/A,,,,,,,,,,localadmin,,CH-BE,Dotzigen,county,2,CH-BE,Büren,region,1,CH-BE,Bern/Berne,HIGH,1.0,CH-BE
,Switzerland,Kappelen,Verwaltungskreis Seeland,Bern,1409,,Commune,,#N/A,,,,,,,,,,localadmin,,CH-BE,Kappelen,county,2,CH-BE,Aarberg,region,1,CH-BE,Bern/Berne,HIGH,1.0,CH-BE
,Switzerland,Erlach,Verwaltungskreis Seeland,Bern,1391,,City,,#N/A,,,,,,,,,,county,2,CH-BE,Erlach,county,2,CH-BE,Erlach,region,1,CH-BE,Bern/Berne,HIGH,1.0,CH-BE
,Switzerland,Leuzigen,Verwaltungskreis Seeland,Bern,1362,,Commune,,#N/A,,,,,,,,,,localadmin,,CH-BE,Leuzigen,county,2,CH-BE,Büren,region,1,CH-BE,Bern/Berne,HIGH,1.0,CH-BE
,Switzerland,Radelfingen,Verwaltungskreis Seeland,Bern,1285,,Commune,,#N/A,,,,,,,,,,localadmin,,CH-BE,Radelfingen,county,2,CH-BE,Aarberg,region,1,CH-BE,Bern/Berne,HIGH,1.0,CH-BE
,Switzerland,Bargen (BE),Verwaltungskreis Seeland,Bern,1096,,Commune,,#N/A,,,,,,,,,,localadmin,,CH-BE,Bargen (BE),county,2,CH-BE,Aarberg,region,1,CH-BE,Bern/Berne,HIGH,1.0,CH-BE
,Switzerland,Diessbach bei Büren,Verwaltungskreis Seeland,Bern,1052,,Commune,,#N/A,,,,,,,,,,localadmin,,CH-BE,Diessbach bei Büren,county,2,CH-BE,Büren,region,1,CH-BE,Bern/Berne,HIGH,1.0,CH-BE
,Switzerland,Walperswil,Verwaltungskreis Seeland,Bern,1045,,Commune,,#N/A,,,,,,,,,,localadmin,,CH-BE,Walperswil,county,2,CH-BE,Nidau,region,1,CH-BE,Bern/Berne,HIGH,1.0,CH-BE
,Switzerland,Gampelen,Verwaltungskreis Seeland,Bern,1016,,Commune,,#N/A,,,,,,,,,,localadmin,,CH-BE,Gampelen,county,2,CH-BE,Erlach,region,1,CH-BE,Bern/Berne,HIGH,1.0,CH-BE
,Switzerland,Büetigen,Verwaltungskreis Seeland,Bern,915,,Commune,,#N/A,,,,,,,,,,localadmin,,CH-BE,Büetigen,county,2,CH-BE,Büren,region,1,CH-BE,Bern/Berne,HIGH,1.0,CH-BE
,Switzerland,Vinelz,Verwaltungskreis Seeland,Bern,910,,Commune,,#N/A,,,,,,,,,,localadmin,,CH-BE,Vinelz,county,2,CH-BE,Erlach,region,1,CH-BE,Bern/Berne,HIGH,1.0,CH-BE
,Switzerland,Oberwil bei Büren,Verwaltungskreis Seeland,Bern,904,,Commune,,#N/A,,,,,,,,,,localadmin,,CH-BE,Oberwil bei Büren,county,2,CH-BE,Büren,region,1,CH-BE,Bern/Berne,HIGH,1.0,CH-BE
,Switzerland,Rüti bei Büren,Verwaltungskreis Seeland,Bern,870,,Commune,,#N/A,,,,,,,,,,localadmin,,CH-BE,Rüti bei Büren,county,2,CH-BE,Büren,region,1,CH-BE,Bern/Berne,HIGH,1.0,CH-BE
,Switzerland,Gals,Verwaltungskreis Seeland,Bern,849,,Commune,,#N/A,,,,,,,,,,localadmin,,CH-BE,Gals,county,2,CH-BE,Erlach,region,1,CH-BE,Bern/Berne,HIGH,1.0,CH-BE
,Switzerland,Jens,Verwaltungskreis Seeland,Bern,660,,Commune,,#N/A,,,,,,,,,,localadmin,,CH-BE,Jens,county,2,CH-BE,Nidau,region,1,CH-BE,Bern/Berne,HIGH,1.0,CH-BE
,Switzerland,Brüttelen,Verwaltungskreis Seeland,Bern,641,,Commune,,#N/A,,,,,,,,,,localadmin,,CH-BE,Brüttelen,county,2,CH-BE,Erlach,region,1,CH-BE,Bern/Berne,HIGH,1.0,CH-BE
,Switzerland,Siselen,Verwaltungskreis Seeland,Bern,633,,Commune,,#N/A,,,,,,,,,,localadmin,,CH-BE,Siselen,county,2,CH-BE,Erlach,region,1,CH-BE,Bern/Berne,HIGH,1.0,CH-BE
,Switzerland,Wengi,Verwaltungskreis Seeland,Bern,633,,Commune,,#N/A,,,,,,,,,,localadmin,,CH-BE,Wengi,county,2,CH-BE,Büren,region,1,CH-BE,Bern/Berne,HIGH,1.0,CH-BE
,Switzerland,Lüscherz,Verwaltungskreis Seeland,Bern,572,,Commune,,#N/A,,,,,,,,,,localadmin,,CH-BE,Lüscherz,county,2,CH-BE,Erlach,region,1,CH-BE,Bern/Berne,HIGH,1.0,CH-BE
,Switzerland,Finsterhennen,Verwaltungskreis Seeland,Bern,570,,Commune,,#N/A,,,,,,,,,,localadmin,,CH-BE,Finsterhennen,county,2,CH-BE,Erlach,region,1,CH-BE,Bern/Berne,HIGH,1.0,CH-BE
,Switzerland,Tschugg,Verwaltungskreis Seeland,Bern,497,,Commune,,#N/A,,,,,,,,,,localadmin,,CH-BE,Tschugg,county,2,CH-BE,Erlach,region,1,CH-BE,Bern/Berne,HIGH,1.0,CH-BE
,Switzerland,Bühl,Verwaltungskreis Seeland,Bern,482,,Commune,,#N/A,,,,,,,,,,localadmin,,CH-BE,Bühl,county,2,CH-BE,Nidau,region,1,CH-BE,Bern/Berne,HIGH,1.0,CH-BE
,Switzerland,Hagneck,Verwaltungskreis Seeland,Bern,432,,Commune,,#N/A,,,,,,,,,,localadmin,,CH-BE,Hagneck,county,2,CH-BE,Erlach,region,1,CH-BE,Bern/Berne,HIGH,1.0,CH-BE
,Switzerland,Treiten,Verwaltungskreis Seeland,Bern,428,,Commune,,#N/A,,,,,,,,,,localadmin,,CH-BE,Treiten,county,2,CH-BE,Erlach,region,1,CH-BE,Bern/Berne,HIGH,1.0,CH-BE
,Switzerland,Merzligen,Verwaltungskreis Seeland,Bern,404,,Commune,,#N/A,,,,,,,,,,localadmin,,CH-BE,Merzligen,county,2,CH-BE,Nidau,region,1,CH-BE,Bern/Berne,HIGH,1.0,CH-BE
,Switzerland,Epsach,Verwaltungskreis Seeland,Bern,366,,Commune,,#N/A,,,,,,,,,,localadmin,,CH-BE,Epsach,county,2,CH-BE,Nidau,region,1,CH-BE,Bern/Berne,HIGH,1.0,CH-BE
,Switzerland,Hermrigen,Verwaltungskreis Seeland,Bern,315,,Commune,,#N/A,,,,,,,,,,localadmin,,CH-BE,Hermrigen,county,2,CH-BE,Nidau,region,1,CH-BE,Bern/Berne,HIGH,1.0,CH-BE
,Switzerland,Meienried,Verwaltungskreis Seeland,Bern,57,,Commune,,#N/A,,,,,,,,,,localadmin,,CH-BE,Meienried,county,2,CH-BE,Büren,region,1,CH-BE,Bern/Berne,HIGH,1.0,CH-BE
,Switzerland,Thun,Verwaltungskreis Thun,Bern,44118,Bern,City,,Bern,,,,,,,,,,county,2,CH-BE,Thun,county,2,CH-BE,Thun,region,1,CH-BE,Bern/Berne,HIGH,1.0,CH-BE
,Switzerland,Steffisburg (incl. Schwendibach),Verwaltungskreis Thun,Bern,16574,Bern,City,,Bern,,,,,,,,,,localadmin,,CH-BE,Steffisburg,county,2,CH-BE,Thun,region,1,CH-BE,Bern/Berne,HIGH,1.0,CH-BE
,Switzerland,Heimberg,Verwaltungskreis Thun,Bern,7076,Bern,Commune,,Bern,,,,,,,,,,localadmin,,CH-BE,Heimberg,county,2,CH-BE,Thun,region,1,CH-BE,Bern/Berne,HIGH,1.0,CH-BE
,Switzerland,Uetendorf,Verwaltungskreis Thun,Bern,6067,Bern,Commune,,Bern,,,,,,,,,,localadmin,,CH-BE,Uetendorf,county,2,CH-BE,Thun,region,1,CH-BE,Bern/Berne,HIGH,1.0,CH-BE
,Switzerland,Sigriswil,Verwaltungskreis Thun,Bern,4870,Bern,Commune,,Bern,,,,,,,,,,localadmin,,CH-BE,Sigriswil,county,2,CH-BE,Thun,region,1,CH-BE,Bern/Berne,HIGH,1.0,CH-BE
,Switzerland,Hilterfingen,Verwaltungskreis Thun,Bern,4094,Bern,Commune,,Bern,,,,,,,,,,localadmin,,CH-BE,Hilterfingen,county,2,CH-BE,Thun,region,1,CH-BE,Bern/Berne,HIGH,1.0,CH-BE
,Switzerland,Wattenwil,Verwaltungskreis Thun,Bern,3228,Bern,Commune,,Bern,,,,,,,,,,localadmin,,CH-BE,Wattenwil,county,2,CH-BE,Seftigen,region,1,CH-BE,Bern/Berne,HIGH,1.0,CH-BE
,Switzerland,Thierachern,Verwaltungskreis Thun,Bern,2539,Bern,Commune,,Bern,,,,,,,,,,localadmin,,CH-BE,Thierachern,county,2,CH-BE,Thun,region,1,CH-BE,Bern/Berne,HIGH,1.0,CH-BE
,Switzerland,Oberhofen am Thunersee,Verwaltungskreis Thun,Bern,2522,Bern,Commune,,Bern,,,,,,,,,,localadmin,,CH-BE,Oberhofen am Thunersee,county,2,CH-BE,Thun,region,1,CH-BE,Bern/Berne,HIGH,1.0,CH-BE
,Switzerland,Seftigen,Verwaltungskreis Thun,Bern,2189,Bern,Commune,,Bern,,,,,,,,,,county,2,CH-BE,Seftigen,county,2,CH-BE,Seftigen,region,1,CH-BE,Bern/Berne,HIGH,1.0,CH-BE
,Switzerland,Uttigen,Verwaltungskreis Thun,Bern,2176,Bern,Commune,,Bern,,,,,,,,,,localadmin,,CH-BE,Uttigen,county,2,CH-BE,Seftigen,region,1,CH-BE,Bern/Berne,HIGH,1.0,CH-BE
,Switzerland,Buchholterberg,Verwaltungskreis Thun,Bern,1552,Bern,Commune,,Bern,,,,,,,,,,localadmin,,CH-BE,Buchholterberg,county,2,CH-BE,Thun,region,1,CH-BE,Bern/Berne,HIGH,1.0,CH-BE
,Switzerland,Reutigen (incl. Zwieselberg),Verwaltungskreis Thun,Bern,1392,Bern,Commune,,Bern,,,,,,,,,,localadmin,,CH-BE,Reutigen,county,2,CH-BE,Niedersimmental,region,1,CH-BE,Bern/Berne,HIGH,1.0,CH-BE
,Switzerland,Blumenstein,Verwaltungskreis Thun,Bern,1308,Bern,Commune,,Bern,,,,,,,,,,localadmin,,CH-BE,Blumenstein,county,2,CH-BE,Thun,region,1,CH-BE,Bern/Berne,HIGH,1.0,CH-BE
,Switzerland,Unterlangenegg,Verwaltungskreis Thun,Bern,1072,Bern,Commune,,Bern,,,,,,,,,,localadmin,,CH-BE,Unterlangenegg,county,2,CH-BE,Thun,region,1,CH-BE,Bern/Berne,HIGH,1.0,CH-BE
,Switzerland,Burgistein,Verwaltungskreis Thun,Bern,1068,Bern,Commune,,Bern,,,,,,,,,,localadmin,,CH-BE,Burgistein,county,2,CH-BE,Seftigen,region,1,CH-BE,Bern/Berne,HIGH,1.0,CH-BE
,Switzerland,Stocken-Höfen,Verwaltungskreis Thun,Bern,1018,Bern,Commune,,Bern,,,,,,,,,,localadmin,,CH-BE,Stocken-Höfen,county,2,CH-BE,Niedersimmental,region,1,CH-BE,Bern/Berne,HIGH,1.0,CH-BE
,Switzerland,Gurzelen,Verwaltungskreis Thun,Bern,876,Bern,Commune,,Bern,,,,,,,,,,localadmin,,CH-BE,Gurzelen,county,2,CH-BE,Seftigen,region,1,CH-BE,Bern/Berne,HIGH,1.0,CH-BE
,Switzerland,Amsoldingen,Verwaltungskreis Thun,Bern,834,Bern,Commune,,Bern,,,,,,,,,,localadmin,,CH-BE,Amsoldingen,county,2,CH-BE,Thun,region,1,CH-BE,Bern/Berne,HIGH,1.0,CH-BE
,Switzerland,Fahrni,Verwaltungskreis Thun,Bern,799,Bern,Commune,,Bern,,,,,,,,,,localadmin,,CH-BE,Fahrni,county,2,CH-BE,Thun,region,1,CH-BE,Bern/Berne,HIGH,1.0,CH-BE
,Switzerland,Forst-Längenbühl,Verwaltungskreis Thun,Bern,779,Bern,Commune,,Bern,,,,,,,,,,localadmin,,CH-BE,Forst-Längenbühl,county,2,CH-BE,Thun,region,1,CH-BE,Bern/Berne,HIGH,1.0,CH-BE
,Switzerland,Heiligenschwendi,Verwaltungskreis Thun,Bern,721,Bern,Commune,,Bern,,,,,,,,,,localadmin,,CH-BE,Heiligenschwendi,county,2,CH-BE,Thun,region,1,CH-BE,Bern/Berne,HIGH,1.0,CH-BE
,Switzerland,Uebeschi,Verwaltungskreis Thun,Bern,707,Bern,Commune,,Bern,,,,,,,,,,localadmin,,CH-BE,Uebeschi,county,2,CH-BE,Thun,region,1,CH-BE,Bern/Berne,HIGH,1.0,CH-BE
,Switzerland,Homberg,Verwaltungskreis Thun,Bern,500,Bern,Commune,,Bern,,,,,,,,,,localadmin,,CH-BE,Homberg,county,2,CH-BE,Thun,region,1,CH-BE,Bern/Berne,HIGH,1.0,CH-BE
,Switzerland,Eriz,Verwaltungskreis Thun,Bern,480,Bern,Commune,,Bern,,,,,,,,,,localadmin,,CH-BE,Eriz,county,2,CH-BE,Thun,region,1,CH-BE,Bern/Berne,HIGH,1.0,CH-BE
,Switzerland,Oberlangenegg,Verwaltungskreis Thun,Bern,473,Bern,Commune,,Bern,,,,,,,,,,localadmin,,CH-BE,Oberlangenegg,county,2,CH-BE,Thun,region,1,CH-BE,Bern/Berne,HIGH,1.0,CH-BE
,Switzerland,Pohlern,Verwaltungskreis Thun,Bern,247,Bern,Commune,,Bern,,,,,,,,,,localadmin,,CH-BE,Pohlern,county,2,CH-BE,Thun,region,1,CH-BE,Bern/Berne,HIGH,1.0,CH-BE
,Switzerland,Wachseldorn,Verwaltungskreis Thun,Bern,238,Bern,Commune,,Bern,,,,,,,,,,localadmin,,CH-BE,Wachseldorn,county,2,CH-BE,Thun,region,1,CH-BE,Bern/Berne,HIGH,1.0,CH-BE
,Switzerland,Horrenbach-Buchen,Verwaltungskreis Thun,Bern,224,Bern,Commune,,Bern,,,,,,,,,,localadmin,,CH-BE,Horrenbach-Buchen,county,2,CH-BE,Thun,region,1,CH-BE,Bern/Berne,HIGH,1.0,CH-BE
,Switzerland,Teuffenthal (BE),Verwaltungskreis Thun,Bern,154,Bern,Commune,,Bern,,,,,,,,,,localadmin,,CH-BE,Teuffenthal (BE),county,2,CH-BE,Thun,region,1,CH-BE,Bern/Berne,HIGH,1.0,CH-BE
,Switzerland,Murten,Bezirk See / District du Lac,Fribourg,9550,,City,,#N/A,,,,,,,,,,localadmin,,CH-FR,Murten,county,2,CH-FR,Lac,region,1,CH-FR,Fribourg/Freiburg,HIGH,1.0,CH-FR
,Switzerland,Courtepin (incl. Courtaman),Bezirk See / District du Lac,Fribourg,5766,,Commune,,#N/A,,,,,,,,,,localadmin,,CH-FR,Courtepin,county,2,CH-FR,Lac,region,1,CH-FR,Fribourg/Freiburg,HIGH,1.0,CH-FR
,Switzerland,Kerzers,Bezirk See / District du Lac,Fribourg,5464,,Commune,,#N/A,,,,,,,,,,localadmin,,CH-FR,Kerzers,county,2,CH-FR,Lac,region,1,CH-FR,Fribourg/Freiburg,HIGH,1.0,CH-FR
,Switzerland,"Gurmels (incl. Cordast, Liebistorf)",Bezirk See / District du Lac,Fribourg,4675,,Commune,,#N/A,,,,,,,,,,localadmin,,CH-FR,Gurmels,county,2,CH-FR,Lac,region,1,CH-FR,Fribourg/Freiburg,HIGH,1.0,CH-FR
,Switzerland,"Mont-Vully (incl. Bas-Vully, Haut-Vully)",Bezirk See / District du Lac,Fribourg,4558,,Commune,,#N/A,,,,,,,,,,localadmin,,CH-FR,Mont-Vully,county,2,CH-FR,Lac,region,1,CH-FR,Fribourg/Freiburg,HIGH,1.0,CH-FR
,Switzerland,Misery-Courtion,Bezirk See / District du Lac,Fribourg,2404,,Commune,,#N/A,,,,,,,,,,localadmin,,CH-FR,Misery-Courtion,county,2,CH-FR,Lac,region,1,CH-FR,Fribourg/Freiburg,HIGH,1.0,CH-FR
,Switzerland,Courgevaux,Bezirk See / District du Lac,Fribourg,1456,,Commune,,#N/A,,,,,,,,,,localadmin,,CH-FR,Courgevaux,county,2,CH-FR,Lac,region,1,CH-FR,Fribourg/Freiburg,HIGH,1.0,CH-FR
,Switzerland,Ried bei Kerzers,Bezirk See / District du Lac,Fribourg,1236,,Commune,,#N/A,,,,,,,,,,localadmin,,CH-FR,Ried bei Kerzers,county,2,CH-FR,Lac,region,1,CH-FR,Fribourg/Freiburg,HIGH,1.0,CH-FR
,Switzerland,Cressier (FR),Bezirk See / District du Lac,Fribourg,1109,,Commune,,#N/A,,,,,,,,,,localadmin,,CH-FR,Cressier (FR),county,2,CH-FR,Lac,region,1,CH-FR,Fribourg/Freiburg,HIGH,1.0,CH-FR
,Switzerland,Muntelier,Bezirk See / District du Lac,Fribourg,982,,Commune,,#N/A,,,,,,,,,,localadmin,,CH-FR,Muntelier,county,2,CH-FR,Lac,region,1,CH-FR,Fribourg/Freiburg,HIGH,1.0,CH-FR
,Switzerland,Kleinbösingen,Bezirk See / District du Lac,Fribourg,705,,Commune,,#N/A,,,,,,,,,,localadmin,,CH-FR,Kleinbösingen,county,2,CH-FR,Lac,region,1,CH-FR,Fribourg/Freiburg,HIGH,1.0,CH-FR
,Switzerland,Meyriez (Merlach),Bezirk See / District du Lac,Fribourg,569,,Commune,,#N/A,,,,,,,,,,localadmin,,CH-FR,Meyriez,county,2,CH-FR,Lac,region,1,CH-FR,Fribourg/Freiburg,HIGH,1.0,CH-FR
,Switzerland,Fräschels,Bezirk See / District du Lac,Fribourg,445,,Commune,,#N/A,,,,,,,,,,localadmin,,CH-FR,Fräschels,county,2,CH-FR,Lac,region,1,CH-FR,Fribourg/Freiburg,HIGH,1.0,CH-FR
,Switzerland,Ulmiz,Bezirk See / District du Lac,Fribourg,425,,Commune,,#N/A,,,,,,,,,,,,,,,,,,region,1,CH-FR,Fribourg/Freiburg,NONE,0.0,CH-FR
,Switzerland,Greng,Bezirk See / District du Lac,Fribourg,176,,Commune,,#N/A,,,,,,,,,,localadmin,,CH-FR,Greng,county,2,CH-FR,Lac,region,1,CH-FR,Fribourg/Freiburg,HIGH,1.0,CH-FR
,Switzerland,Düdingen,Bezirk Sense,Fribourg,9114,,Commune,,#N/A,,,,,,,,,,localadmin,,CH-FR,Düdingen,county,2,CH-FR,Sense,region,1,CH-FR,Fribourg/Freiburg,HIGH,1.0,CH-FR
,Switzerland,"Tafers (incl. Alterswil, St. Antoni)",Bezirk Sense,Fribourg,8025,,Commune,,#N/A,,,,,,,,,,localadmin,,CH-FR,Tafers,county,2,CH-FR,Sense,region,1,CH-FR,Fribourg/Freiburg,HIGH,1.0,CH-FR
,Switzerland,Wünnewil-Flamatt,Bezirk Sense,Fribourg,5809,,Commune,,#N/A,,,,,,,,,,localadmin,,CH-FR,Wünnewil-Flamatt,county,2,CH-FR,Sense,region,1,CH-FR,Fribourg/Freiburg,HIGH,1.0,CH-FR
,Switzerland,Schmitten (FR),Bezirk Sense,Fribourg,4285,,Commune,,#N/A,,,,,,,,,,localadmin,,CH-FR,Schmitten (FR),county,2,CH-FR,Sense,region,1,CH-FR,Fribourg/Freiburg,HIGH,1.0,CH-FR
,Switzerland,"Plaffeien (incl. Oberschrot, Zumholz)",Bezirk Sense,Fribourg,3693,,Commune,,#N/A,,,,,,,,,,localadmin,,CH-FR,Plaffeien,county,2,CH-FR,Sense,region,1,CH-FR,Fribourg/Freiburg,HIGH,1.0,CH-FR
,Switzerland,Bösingen,Bezirk Sense,Fribourg,3360,,Commune,,#N/A,,,,,,,,,,localadmin,,CH-FR,Bösingen,county,2,CH-FR,Sense,region,1,CH-FR,Fribourg/Freiburg,HIGH,1.0,CH-FR
,Switzerland,Ueberstorf,Bezirk Sense,Fribourg,2433,,Commune,,#N/A,,,,,,,,,,localadmin,,CH-FR,Ueberstorf,county,2,CH-FR,Sense,region,1,CH-FR,Fribourg/Freiburg,HIGH,1.0,CH-FR
,Switzerland,Giffers,Bezirk Sense,Fribourg,1703,,Commune,,#N/A,,,,,,,,,,localadmin,,CH-FR,Giffers,county,2,CH-FR,Sense,region,1,CH-FR,Fribourg/Freiburg,HIGH,1.0,CH-FR
,Switzerland,St. Ursen,Bezirk Sense,Fribourg,1419,,Commune,,#N/A,,,,,,,,,,localadmin,,CH-FR,St. Ursen,county,2,CH-FR,Sense,region,1,CH-FR,Fribourg/Freiburg,HIGH,1.0,CH-FR
,Switzerland,Heitenried,Bezirk Sense,Fribourg,1404,,Commune,,#N/A,,,,,,,,,,localadmin,,CH-FR,Heitenried,county,2,CH-FR,Sense,region,1,CH-FR,Fribourg/Freiburg,HIGH,1.0,CH-FR
,Switzerland,Tentlingen,Bezirk Sense,Fribourg,1382,,Commune,,#N/A,,,,,,,,,,localadmin,,CH-FR,Tentlingen,county,2,CH-FR,Sense,region,1,CH-FR,Fribourg/Freiburg,HIGH,1.0,CH-FR
,Switzerland,Rechthalten,Bezirk Sense,Fribourg,1165,,Commune,,#N/A,,,,,,,,,,localadmin,,CH-FR,Rechthalten,county,2,CH-FR,Sense,region,1,CH-FR,Fribourg/Freiburg,HIGH,1.0,CH-FR
,Switzerland,Plasselb,Bezirk Sense,Fribourg,1088,,Commune,,#N/A,,,,,,,,,,localadmin,,CH-FR,Plasselb,county,2,CH-FR,Sense,region,1,CH-FR,Fribourg/Freiburg,HIGH,1.0,CH-FR
,Switzerland,St. Silvester,Bezirk Sense,Fribourg,1064,,Commune,,#N/A,,,,,,,,,,localadmin,,CH-FR,St. Silvester,county,2,CH-FR,Sense,region,1,CH-FR,Fribourg/Freiburg,HIGH,1.0,CH-FR
,Switzerland,Brünisried,Bezirk Sense,Fribourg,724,,Commune,,#N/A,,,,,,,,,,localadmin,,CH-FR,Brünisried,county,2,CH-FR,Sense,region,1,CH-FR,Fribourg/Freiburg,HIGH,1.0,CH-FR
,Switzerland,Estavayer,District de la Broye,Fribourg,10622,,City,,#N/A,,,,,,,,,,localadmin,,CH-FR,Estavayer,county,2,CH-FR,La Broye,region,1,CH-FR,Fribourg/Freiburg,HIGH,1.0,CH-FR
,Switzerland,"Belmont-Broye (incl. Domdidier, Dompierre, Léchelles)",District de la Broye,Fribourg,6147,,Commune,,#N/A,,,,,,,,,,localadmin,,CH-FR,Belmont-Broye,county,2,CH-FR,La Broye,region,1,CH-FR,Fribourg/Freiburg,HIGH,1.0,CH-FR
,Switzerland,Montagny (FR),District de la Broye,Fribourg,3037,,Commune,,#N/A,,,,,,,,,,localadmin,,CH-FR,Montagny (FR),county,2,CH-FR,La Broye,region,1,CH-FR,Fribourg/Freiburg,HIGH,1.0,CH-FR
,Switzerland,Cheyres-Châbles,District de la Broye,Fribourg,2487,,Commune,,#N/A,,,,,,,,,,localadmin,,CH-FR,Cheyres-Châbles,county,2,CH-FR,La Broye,region,1,CH-FR,Fribourg/Freiburg,HIGH,1.0,CH-FR
,Switzerland,Saint-Aubin (FR),District de la Broye,Fribourg,2030,,Commune,,#N/A,,,,,,,,,,localadmin,,CH-FR,Saint-Aubin (FR),county,2,CH-FR,La Broye,region,1,CH-FR,Fribourg/Freiburg,HIGH,1.0,CH-FR
,Switzerland,Cugy (FR),District de la Broye,Fribourg,2029,,Commune,,#N/A,,,,,,,,,,localadmin,,CH-FR,Cugy (FR),county,2,CH-FR,La Broye,region,1,CH-FR,Fribourg/Freiburg,HIGH,1.0,CH-FR
,Switzerland,Les Montets,District de la Broye,Fribourg,1572,,Commune,,#N/A,,,,,,,,,,localadmin,,CH-FR,Les Montets,county,2,CH-FR,La Broye,region,1,CH-FR,Fribourg/Freiburg,HIGH,1.0,CH-FR
,Switzerland,Delley-Portalban,District de la Broye,Fribourg,1320,,Commune,,#N/A,,,,,,,,,,localadmin,,CH-FR,Delley-Portalban,county,2,CH-FR,La Broye,region,1,CH-FR,Fribourg/Freiburg,HIGH,1.0,CH-FR
,Switzerland,Fétigny,District de la Broye,Fribourg,1283,,Commune,,#N/A,,,,,,,,,,,,,,,,,,region,1,CH-FR,Fribourg/Freiburg,NONE,0.0,CH-FR
,Switzerland,Lully (FR),District de la Broye,Fribourg,1226,,Commune,,#N/A,,,,,,,,,,localadmin,,CH-FR,Lully (FR),county,2,CH-FR,La Broye,region,1,CH-FR,Fribourg/Freiburg,HIGH,1.0,CH-FR
,Switzerland,"Surpierre (incl. Villeneuve, Cheiry)",District de la Broye,Fribourg,1219,,Commune,,#N/A,,,,,,,,,,locality,,CH-FR,Surpierre,county,2,CH-FR,La Broye,region,1,CH-FR,Fribourg/Freiburg,HIGH,1.0,CH-FR
,Switzerland,Gletterens,District de la Broye,Fribourg,1161,,Commune,,#N/A,,,,,,,,,,localadmin,,CH-FR,Gletterens,county,2,CH-FR,La Broye,region,1,CH-FR,Fribourg/Freiburg,HIGH,1.0,CH-FR
,Switzerland,Vallon,District de la Broye,Fribourg,532,,Commune,,#N/A,,,,,,,,,,localadmin,,CH-FR,Vallon,county,2,CH-FR,La Broye,region,1,CH-FR,Fribourg/Freiburg,HIGH,1.0,CH-FR
,Switzerland,Châtillon (FR),District de la Broye,Fribourg,528,,Commune,,#N/A,,,,,,,,,,localadmin,,CH-FR,Châtillon (FR),county,2,CH-FR,La Broye,region,1,CH-FR,Fribourg/Freiburg,HIGH,1.0,CH-FR
,Switzerland,Nuvilly,District de la Broye,Fribourg,498,,Commune,,#N/A,,,,,,,,,,localadmin,,CH-FR,Nuvilly,county,2,CH-FR,La Broye,region,1,CH-FR,Fribourg/Freiburg,HIGH,1.0,CH-FR
,Switzerland,Ménières,District de la Broye,Fribourg,445,,Commune,,#N/A,,,,,,,,,,localadmin,,CH-FR,Mézières (FR),county,2,CH-FR,La Glâne,region,1,CH-FR,Fribourg/Freiburg,LOW,0.875,CH-FR
,Switzerland,Sévaz,District de la Broye,Fribourg,318,,Commune,,#N/A,,,,,,,,,,localadmin,,CH-FR,Sévaz,county,2,CH-FR,La Broye,region,1,CH-FR,Fribourg/Freiburg,HIGH,1.0,CH-FR
,Switzerland,Prévondavaux,District de la Broye,Fribourg,113,,Commune,,#N/A,,,,,,,,,,localadmin,,CH-FR,Prévondavaux,county,2,CH-FR,La Broye,region,1,CH-FR,Fribourg/Freiburg,HIGH,1.0,CH-FR
,Switzerland,Romont (FR),District de la Glâne,Fribourg,6123,,City,,#N/A,,,,,,,,,,localadmin,,CH-FR,Romont,county,2,CH-FR,La Glâne,region,1,CH-FR,Fribourg/Freiburg,HIGH,1.0,CH-FR
,Switzerland,Ursy,District de la Glâne,Fribourg,3501,,Commune,,#N/A,,,,,,,,,,localadmin,,CH-FR,Ursy,county,2,CH-FR,La Glâne,region,1,CH-FR,Fribourg/Freiburg,HIGH,1.0,CH-FR
,Switzerland,Siviriez,District de la Glâne,Fribourg,2675,,Commune,,#N/A,,,,,,,,,,localadmin,,CH-FR,Siviriez,county,2,CH-FR,La Glâne,region,1,CH-FR,Fribourg/Freiburg,HIGH,1.0,CH-FR
,Switzerland,Villaz (incl. La Folliaz),District de la Glâne,Fribourg,2409,,Commune,,#N/A,,,,,,,,,,localadmin,,CH-FR,Villaz,county,2,CH-FR,La Glâne,region,1,CH-FR,Fribourg/Freiburg,HIGH,1.0,CH-FR
,Switzerland,Vuisternens-devant-Romont,District de la Glâne,Fribourg,2383,,Commune,,#N/A,,,,,,,,,,localadmin,,CH-FR,Vuisternens-devant-Romont,county,2,CH-FR,La Glâne,region,1,CH-FR,Fribourg/Freiburg,HIGH,1.0,CH-FR
,Switzerland,Rue,District de la Glâne,Fribourg,1617,,City,,#N/A,,,,,,,,,,localadmin,,CH-FR,Rue,county,2,CH-FR,La Glâne,region,1,CH-FR,Fribourg/Freiburg,HIGH,1.0,CH-FR
,Switzerland,Villorsonnens,District de la Glâne,Fribourg,1546,,Commune,,#N/A,,,,,,,,,,localadmin,,CH-FR,Villorsonnens,county,2,CH-FR,La Glâne,region,1,CH-FR,Fribourg/Freiburg,HIGH,1.0,CH-FR
,Switzerland,Mézières (FR),District de la Glâne,Fribourg,1159,,Commune,,#N/A,,,,,,,,,,localadmin,,CH-FR,Mézières (FR),county,2,CH-FR,La Glâne,region,1,CH-FR,Fribourg/Freiburg,HIGH,1.0,CH-FR
,Switzerland,Torny,District de la Glâne,Fribourg,1095,,Commune,,#N/A,,,,,,,,,,localadmin,,CH-FR,Torny,county,2,CH-FR,La Glâne,region,1,CH-FR,Fribourg/Freiburg,HIGH,1.0,CH-FR
,Switzerland,Billens-Hennens,District de la Glâne,Fribourg,903,,Commune,,#N/A,,,,,,,,,,localadmin,,CH-FR,Billens-Hennens,county,2,CH-FR,La Glâne,region,1,CH-FR,Fribourg/Freiburg,HIGH,1.0,CH-FR
,Switzerland,Châtonnaye,District de la Glâne,Fribourg,859,,Commune,,#N/A,,,,,,,,,,localadmin,,CH-FR,Châtonnaye,county,2,CH-FR,La Glâne,region,1,CH-FR,Fribourg/Freiburg,HIGH,1.0,CH-FR
,Switzerland,Massonnens,District de la Glâne,Fribourg,596,,Commune,,#N/A,,,,,,,,,,localadmin,,CH-FR,Massonnens,county,2,CH-FR,La Glâne,region,1,CH-FR,Fribourg/Freiburg,HIGH,1.0,CH-FR
,Switzerland,Montet (Glâne),District de la Glâne,Fribourg,554,,Commune,,#N/A,,,,,,,,,,,,,,,,,,region,1,CH-FR,Fribourg/Freiburg,NONE,0.0,CH-FR
,Switzerland,Ecublens (FR),District de la Glâne,Fribourg,398,,Commune,,#N/A,,,,,,,,,,,,,,,,,,region,1,CH-FR,Fribourg/Freiburg,NONE,0.0,CH-FR
,Switzerland,Le Châtelard,District de la Glâne,Fribourg,364,,Commune,,#N/A,,,,,,,,,,localadmin,,CH-FR,Le Châtelard,county,2,CH-FR,La Glâne,region,1,CH-FR,Fribourg/Freiburg,HIGH,1.0,CH-FR
,Switzerland,Chapelle (Glâne),District de la Glâne,Fribourg,341,,Commune,,#N/A,,,,,,,,,,,,,,,,,,region,1,CH-FR,Fribourg/Freiburg,NONE,0.0,CH-FR
,Switzerland,Auboranges,District de la Glâne,Fribourg,281,,Commune,,#N/A,,,,,,,,,,,,,,,,,,region,1,CH-FR,Fribourg/Freiburg,NONE,0.0,CH-FR
,Switzerland,Grangettes,District de la Glâne,Fribourg,212,,Commune,,#N/A,,,,,,,,,,localadmin,,CH-FR,Grangettes,county,2,CH-FR,La Glâne,region,1,CH-FR,Fribourg/Freiburg,HIGH,1.0,CH-FR
,Switzerland,Bulle (incl. La Tour-de-Trême),District de la Gruyère,Fribourg,27098,Bulle,City,,Bulle,,,,,,,,,,localadmin,,CH-FR,Bulle,county,2,CH-FR,La Gruyère,region,1,CH-FR,Fribourg/Freiburg,HIGH,1.0,CH-FR
,Switzerland,Riaz,District de la Gruyère,Fribourg,2932,Bulle,Commune,,Bulle,,,,,,,,,,localadmin,,CH-FR,Riaz,county,2,CH-FR,La Gruyère,region,1,CH-FR,Fribourg/Freiburg,HIGH,1.0,CH-FR
,Switzerland,Broc,District de la Gruyère,Fribourg,2848,Bulle,Commune,,Bulle,,,,,,,,,,localadmin,,CH-FR,Broc,county,2,CH-FR,La Gruyère,region,1,CH-FR,Fribourg/Freiburg,HIGH,1.0,CH-FR
,Switzerland,Val-de-Charmey,District de la Gruyère,Fribourg,2727,Bulle,Commune,,Bulle,,,,,,,,,,localadmin,,CH-FR,Val-de-Charmey,county,2,CH-FR,La Gruyère,region,1,CH-FR,Fribourg/Freiburg,HIGH,1.0,CH-FR
,Switzerland,Vuadens,District de la Gruyère,Fribourg,2578,Bulle,Commune,,Bulle,,,,,,,,,,localadmin,,CH-FR,Vuadens,county,2,CH-FR,La Gruyère,region,1,CH-FR,Fribourg/Freiburg,HIGH,1.0,CH-FR
,Switzerland,Gruyères (Greyerz),District de la Gruyère,Fribourg,2339,Bulle,City,,Bulle,,,,,,,,,,localadmin,,CH-FR,Gruyères,county,2,CH-FR,La Gruyère,region,1,CH-FR,Fribourg/Freiburg,HIGH,1.0,CH-FR
,Switzerland,Marsens,District de la Gruyère,Fribourg,2130,Bulle,Commune,,Bulle,,,,,,,,,,localadmin,,CH-FR,Marsens,county,2,CH-FR,La Gruyère,region,1,CH-FR,Fribourg/Freiburg,HIGH,1.0,CH-FR
,Switzerland,Pont-en-Ogoz (incl. Gumefens),District de la Gruyère,Fribourg,2038,Bulle,Commune,,Bulle,,,,,,,,,,localadmin,,CH-FR,Pont-en-Ogoz,county,2,CH-FR,La Gruyère,region,1,CH-FR,Fribourg/Freiburg,HIGH,1.0,CH-FR
,Switzerland,La Roche,District de la Gruyère,Fribourg,1959,Bulle,Commune,,Bulle,,,,,,,,,,localadmin,,CH-FR,La Roche,county,2,CH-FR,La Gruyère,region,1,CH-FR,Fribourg/Freiburg,HIGH,1.0,CH-FR
,Switzerland,Haut-Intyamon (incl. Albeuve),District de la Gruyère,Fribourg,1774,Bulle,Commune,,Bulle,,,,,,,,,,localadmin,,CH-FR,Haut-Intyamon,county,2,CH-FR,La Gruyère,region,1,CH-FR,Fribourg/Freiburg,HIGH,1.0,CH-FR
,Switzerland,Bas-Intyamon,District de la Gruyère,Fribourg,1726,Bulle,Commune,,Bulle,,,,,,,,,,localadmin,,CH-FR,Bas-Intyamon,county,2,CH-FR,La Gruyère,region,1,CH-FR,Fribourg/Freiburg,HIGH,1.0,CH-FR
,Switzerland,Sâles,District de la Gruyère,Fribourg,1467,Bulle,Commune,,Bulle,,,,,,,,,,localadmin,,CH-FR,Sâles,county,2,CH-FR,La Gruyère,region,1,CH-FR,Fribourg/Freiburg,HIGH,1.0,CH-FR
,Switzerland,Le Pâquier (FR),District de la Gruyère,Fribourg,1386,Bulle,Commune,,Bulle,,,,,,,,,,localadmin,,CH-FR,Le Pâquier (FR),county,2,CH-FR,La Gruyère,region,1,CH-FR,Fribourg/Freiburg,HIGH,1.0,CH-FR
,Switzerland,Vaulruz,District de la Gruyère,Fribourg,1129,Bulle,Commune,,Bulle,,,,,,,,,,localadmin,,CH-FR,Vaulruz,county,2,CH-FR,La Gruyère,region,1,CH-FR,Fribourg/Freiburg,HIGH,1.0,CH-FR
,Switzerland,Sorens,District de la Gruyère,Fribourg,1103,Bulle,Commune,,Bulle,,,,,,,,,,localadmin,,CH-FR,Sorens,county,2,CH-FR,La Gruyère,region,1,CH-FR,Fribourg/Freiburg,HIGH,1.0,CH-FR
,Switzerland,Corbières,District de la Gruyère,Fribourg,1041,Bulle,Commune,,Bulle,,,,,,,,,,localadmin,,CH-FR,Corbières,county,2,CH-FR,La Gruyère,region,1,CH-FR,Fribourg/Freiburg,HIGH,1.0,CH-FR
,Switzerland,Grandvillard,District de la Gruyère,Fribourg,902,Bulle,Commune,,Bulle,,,,,,,,,,localadmin,,CH-FR,Grandvillard,county,2,CH-FR,La Gruyère,region,1,CH-FR,Fribourg/Freiburg,HIGH,1.0,CH-FR
,Switzerland,Echarlens,District de la Gruyère,Fribourg,846,Bulle,Commune,,Bulle,,,,,,,,,,localadmin,,CH-FR,Echarlens,county,2,CH-FR,La Gruyère,region,1,CH-FR,Fribourg/Freiburg,HIGH,1.0,CH-FR
,Switzerland,Morlon,District de la Gruyère,Fribourg,771,Bulle,Commune,,Bulle,,,,,,,,,,localadmin,,CH-FR,Morlon,county,2,CH-FR,La Gruyère,region,1,CH-FR,Fribourg/Freiburg,HIGH,1.0,CH-FR
,Switzerland,Botterens,District de la Gruyère,Fribourg,758,Bulle,Commune,,Bulle,,,,,,,,,,localadmin,,CH-FR,Botterens,county,2,CH-FR,La Gruyère,region,1,CH-FR,Fribourg/Freiburg,HIGH,1.0,CH-FR
,Switzerland,Hauteville,District de la Gruyère,Fribourg,744,Bulle,Commune,,Bulle,,,,,,,,,,localadmin,,CH-FR,Hauteville,county,2,CH-FR,La Gruyère,region,1,CH-FR,Fribourg/Freiburg,HIGH,1.0,CH-FR
,Switzerland,Jaun,District de la Gruyère,Fribourg,657,Bulle,Commune,,Bulle,,,,,,,,,,localadmin,,CH-FR,Jaun,county,2,CH-FR,La Gruyère,region,1,CH-FR,Fribourg/Freiburg,HIGH,1.0,CH-FR
,Switzerland,Pont-la-Ville,District de la Gruyère,Fribourg,605,Bulle,Commune,,Bulle,,,,,,,,,,localadmin,,CH-FR,Pont-la-Ville,county,2,CH-FR,La Gruyère,region,1,CH-FR,Fribourg/Freiburg,HIGH,1.0,CH-FR
,Switzerland,Crésuz,District de la Gruyère,Fribourg,486,Bulle,Commune,,Bulle,,,,,,,,,,localadmin,,CH-FR,Crésuz,county,2,CH-FR,La Gruyère,region,1,CH-FR,Fribourg/Freiburg,HIGH,1.0,CH-FR
,Switzerland,Châtel-sur-Montsalvens,District de la Gruyère,Fribourg,358,Bulle,Commune,,Bulle,,,,,,,,,,localadmin,,CH-FR,Châtel-sur-Montsalvens,county,2,CH-FR,La Gruyère,region,1,CH-FR,Fribourg/Freiburg,HIGH,1.0,CH-FR
,Switzerland,Fribourg,District de la Sarine,Fribourg,39144,Fribourg,City,,Fribourg,,,,,,,,,,region,1,CH-FR,Fribourg/Freiburg,county,2,CH-FR,La Sarine,region,1,CH-FR,Fribourg/Freiburg,HIGH,1.0,CH-FR
,Switzerland,Villars-sur-Glâne,District de la Sarine,Fribourg,12506,Fribourg,City,,Fribourg,,,,,,,,,,localadmin,,CH-FR,Villars-sur-Glâne,county,2,CH-FR,La Sarine,region,1,CH-FR,Fribourg/Freiburg,HIGH,1.0,CH-FR
,Switzerland,Marly,District de la Sarine,Fribourg,9234,Fribourg,Commune,,Fribourg,,,,,,,,,,localadmin,,CH-FR,Marly,county,2,CH-FR,La Sarine,region,1,CH-FR,Fribourg/Freiburg,HIGH,1.0,CH-FR
,Switzerland,"Gibloux (incl. Farvagny, Rossens)",District de la Sarine,Fribourg,8393,Fribourg,Commune,,Fribourg,,,,,,,,,,localadmin,,CH-FR,Gibloux,county,2,CH-FR,La Sarine,region,1,CH-FR,Fribourg/Freiburg,HIGH,1.0,CH-FR
,Switzerland,Granges-Paccot,District de la Sarine,Fribourg,3983,Fribourg,Commune,,Fribourg,,,,,,,,,,localadmin,,CH-FR,Granges-Paccot,county,2,CH-FR,La Sarine,region,1,CH-FR,Fribourg/Freiburg,HIGH,1.0,CH-FR
,Switzerland,Givisiez,District de la Sarine,Fribourg,3457,Fribourg,Commune,,Fribourg,,,,,,,,,,localadmin,,CH-FR,Givisiez,county,2,CH-FR,La Sarine,region,1,CH-FR,Fribourg/Freiburg,HIGH,1.0,CH-FR
,Switzerland,Belfaux (incl. Autafond),District de la Sarine,Fribourg,3452,Fribourg,Commune,,Fribourg,,,,,,,,,,locality,,CH-FR,Belfaux,county,2,CH-FR,La Sarine,region,1,CH-FR,Fribourg/Freiburg,HIGH,1.0,CH-FR
,Switzerland,Le Mouret (incl. Praroman),District de la Sarine,Fribourg,3354,Fribourg,Commune,,Fribourg,,,,,,,,,,localadmin,,CH-FR,Le Mouret,county,2,CH-FR,La Sarine,region,1,CH-FR,Fribourg/Freiburg,HIGH,1.0,CH-FR
,Switzerland,Corminboeuf (incl. Chésopelloz),District de la Sarine,Fribourg,3029,Fribourg,Commune,,Fribourg,,,,,,,,,,locality,,CH-FR,Corminboeuf,county,2,CH-FR,La Sarine,region,1,CH-FR,Fribourg/Freiburg,HIGH,1.0,CH-FR
,Switzerland,Neyruz (FR),District de la Sarine,Fribourg,2869,Fribourg,Commune,,Fribourg,,,,,,,,,,localadmin,,CH-FR,Neyruz (FR),county,2,CH-FR,La Sarine,region,1,CH-FR,Fribourg/Freiburg,HIGH,1.0,CH-FR
,Switzerland,Hauterive (FR) (Ecuvillens - Posieux),District de la Sarine,Fribourg,2694,Fribourg,Commune,,Fribourg,,,,,,,,,,localadmin,,CH-FR,Hauterive,county,2,CH-FR,La Sarine,region,1,CH-FR,Fribourg/Freiburg,HIGH,1.0,CH-FR
,Switzerland,"Prez (incl. Noréaz, Corserey)",District de la Sarine,Fribourg,2465,Fribourg,Commune,,Fribourg,,,,,,,,,,localadmin,,CH-FR,Prez,county,2,CH-FR,La Sarine,region,1,CH-FR,Fribourg/Freiburg,HIGH,1.0,CH-FR
,Switzerland,"Bois-d'Amont (incl. Ependes, Arconciel)",District de la Sarine,Fribourg,2421,Fribourg,Commune,,Fribourg,,,,,,,,,,localadmin,,CH-FR,Bois-d’Amont,county,2,CH-FR,La Sarine,region,1,CH-FR,Fribourg/Freiburg,LOW,0.917,CH-FR
,Switzerland,La Brillaz (incl. Lentigny),District de la Sarine,Fribourg,2207,Fribourg,Commune,,Fribourg,,,,,,,,,,localadmin,,CH-FR,La Brillaz,county,2,CH-FR,La Sarine,region,1,CH-FR,Fribourg/Freiburg,HIGH,1.0,CH-FR
,Switzerland,Grolley,District de la Sarine,Fribourg,2113,Fribourg,Commune,,Fribourg,,,,,,,,,,,,,,,,,,region,1,CH-FR,Fribourg/Freiburg,NONE,0.0,CH-FR
,Switzerland,Avry,District de la Sarine,Fribourg,1949,Fribourg,Commune,,Fribourg,,,,,,,,,,localadmin,,CH-FR,Avry,county,2,CH-FR,La Sarine,region,1,CH-FR,Fribourg/Freiburg,HIGH,1.0,CH-FR
,Switzerland,Matran,District de la Sarine,Fribourg,1898,Fribourg,Commune,,Fribourg,,,,,,,,,,localadmin,,CH-FR,Matran,county,2,CH-FR,La Sarine,region,1,CH-FR,Fribourg/Freiburg,HIGH,1.0,CH-FR
,Switzerland,Treyvaux,District de la Sarine,Fribourg,1642,Fribourg,Commune,,Fribourg,,,,,,,,,,localadmin,,CH-FR,Treyvaux,county,2,CH-FR,La Sarine,region,1,CH-FR,Fribourg/Freiburg,HIGH,1.0,CH-FR
,Switzerland,Cottens (FR),District de la Sarine,Fribourg,1529,Fribourg,Commune,,Fribourg,,,,,,,,,,localadmin,,CH-FR,Cottens (FR),county,2,CH-FR,La Sarine,region,1,CH-FR,Fribourg/Freiburg,HIGH,1.0,CH-FR
,Switzerland,La Sonnaz,District de la Sarine,Fribourg,1458,Fribourg,Commune,,Fribourg,,,,,,,,,,localadmin,,CH-FR,La Sonnaz,county,2,CH-FR,La Sarine,region,1,CH-FR,Fribourg/Freiburg,HIGH,1.0,CH-FR
,Switzerland,Chénens,District de la Sarine,Fribourg,886,Fribourg,Commune,,Fribourg,,,,,,,,,,localadmin,,CH-FR,Chénens,county,2,CH-FR,La Sarine,region,1,CH-FR,Fribourg/Freiburg,HIGH,1.0,CH-FR
,Switzerland,Autigny,District de la Sarine,Fribourg,840,Fribourg,Commune,,Fribourg,,,,,,,,,,localadmin,,CH-FR,Autigny,county,2,CH-FR,La Sarine,region,1,CH-FR,Fribourg/Freiburg,HIGH,1.0,CH-FR
,Switzerland,Ponthaux,District de la Sarine,Fribourg,788,Fribourg,Commune,,Fribourg,,,,,,,,,,,,,,,,,,region,1,CH-FR,Fribourg/Freiburg,NONE,0.0,CH-FR
,Switzerland,Ferpicloz,District de la Sarine,Fribourg,248,Fribourg,Commune,,Fribourg,,,,,,,,,,localadmin,,CH-FR,Ferpicloz,county,2,CH-FR,La Sarine,region,1,CH-FR,Fribourg/Freiburg,HIGH,1.0,CH-FR
,Switzerland,Pierrafortscha,District de la Sarine,Fribourg,150,Fribourg,Commune,,Fribourg,,,,,,,,,,localadmin,,CH-FR,Pierrafortscha,county,2,CH-FR,La Sarine,region,1,CH-FR,Fribourg/Freiburg,HIGH,1.0,CH-FR
,Switzerland,Villarsel-sur-Marly,District de la Sarine,Fribourg,69,Fribourg,Commune,,Fribourg,,,,,,,,,,localadmin,,CH-FR,Villarsel-sur-Marly,county,2,CH-FR,La Sarine,region,1,CH-FR,Fribourg/Freiburg,HIGH,1.0,CH-FR
,Switzerland,Châtel-Saint-Denis,District de la Veveyse,Fribourg,8783,,City,,#N/A,,,,,,,,,,localadmin,,CH-FR,Châtel-Saint-Denis,county,2,CH-FR,La Veveyse,region,1,CH-FR,Fribourg/Freiburg,HIGH,1.0,CH-FR
,Switzerland,Attalens,District de la Veveyse,Fribourg,3690,,Commune,,#N/A,,,,,,,,,,localadmin,,CH-FR,Attalens,county,2,CH-FR,La Veveyse,region,1,CH-FR,Fribourg/Freiburg,HIGH,1.0,CH-FR
,Switzerland,Bossonnens,District de la Veveyse,Fribourg,1593,,Commune,,#N/A,,,,,,,,,,localadmin,,CH-FR,Bossonnens,county,2,CH-FR,La Veveyse,region,1,CH-FR,Fribourg/Freiburg,HIGH,1.0,CH-FR
,Switzerland,Semsales,District de la Veveyse,Fribourg,1568,,Commune,,#N/A,,,,,,,,,,localadmin,,CH-FR,Semsales,county,2,CH-FR,La Veveyse,region,1,CH-FR,Fribourg/Freiburg,HIGH,1.0,CH-FR
,Switzerland,Remaufens,District de la Veveyse,Fribourg,1425,,Commune,,#N/A,,,,,,,,,,localadmin,,CH-FR,Remaufens,county,2,CH-FR,La Veveyse,region,1,CH-FR,Fribourg/Freiburg,HIGH,1.0,CH-FR
,Switzerland,La Verrerie,District de la Veveyse,Fribourg,1349,,Commune,,#N/A,,,,,,,,,,localadmin,,CH-FR,La Verrerie,county,2,CH-FR,La Veveyse,region,1,CH-FR,Fribourg/Freiburg,HIGH,1.0,CH-FR
,Switzerland,Le Flon,District de la Veveyse,Fribourg,1210,,Commune,,#N/A,,,,,,,,,,localadmin,,CH-FR,Le Flon,county,2,CH-FR,La Veveyse,region,1,CH-FR,Fribourg/Freiburg,HIGH,1.0,CH-FR
,Switzerland,Saint-Martin (FR),District de la Veveyse,Fribourg,1043,,Commune,,#N/A,,,,,,,,,,localadmin,,CH-FR,Saint-Martin (FR),county,2,CH-FR,La Veveyse,region,1,CH-FR,Fribourg/Freiburg,HIGH,1.0,CH-FR
,Switzerland,Granges (Veveyse),District de la Veveyse,Fribourg,977,,Commune,,#N/A,,,,,,,,,,localadmin,,CH-FR,Granges (Veveyse),county,2,CH-FR,La Veveyse,region,1,CH-FR,Fribourg/Freiburg,HIGH,1.0,CH-FR
,Switzerland,Genève [Geneva],Geneva,Geneva,208991,Geneva,City,,Geneva,,,,,,,,,,localadmin,,CH-GE,Genève,county,2,CH-GE,Genève,region,1,CH-GE,Genève,HIGH,1.0,CH-GE
,Switzerland,Vernier,Geneva,Geneva,37832,Geneva,City,,Geneva,,,,,,,,,,localadmin,,CH-GE,Vernier,county,2,CH-GE,Genève,region,1,CH-GE,Genève,HIGH,1.0,CH-GE
,Switzerland,Lancy,Geneva,Geneva,37258,Geneva,City,,Geneva,,,,,,,,,,localadmin,,CH-GE,Lancy,county,2,CH-GE,Genève,region,1,CH-GE,Genève,HIGH,1.0,CH-GE
,Switzerland,Meyrin,Geneva,Geneva,27057,Geneva,City,,Geneva,,,,,,,,,,localadmin,,CH-GE,Meyrin,county,2,CH-GE,Genève,region,1,CH-GE,Genève,HIGH,1.0,CH-GE
,Switzerland,Carouge (GE),Geneva,Geneva,22488,Geneva,City,,Geneva,,,,,,,,,,localadmin,,CH-GE,Carouge,county,2,CH-GE,Genève,region,1,CH-GE,Genève,HIGH,1.0,CH-GE
,Switzerland,Onex,Geneva,Geneva,18916,Geneva,City,,Geneva,,,,,,,,,,localadmin,,CH-GE,Onex,county,2,CH-GE,Genève,region,1,CH-GE,Genève,HIGH,1.0,CH-GE
,Switzerland,Thônex,Geneva,Geneva,16809,Geneva,City,,Geneva,,,,,,,,,,localadmin,,CH-GE,Thônex,county,2,CH-GE,Genève,region,1,CH-GE,Genève,HIGH,1.0,CH-GE
,Switzerland,Chêne-Bougeries,Geneva,Geneva,14341,Geneva,City,,Geneva,,,,,,,,,,localadmin,,CH-GE,Chêne-Bougeries,county,2,CH-GE,Genève,region,1,CH-GE,Genève,HIGH,1.0,CH-GE
,Switzerland,Versoix,Geneva,Geneva,13993,Geneva,City,,Geneva,,,,,,,,,,localadmin,,CH-GE,Versoix,county,2,CH-GE,Genève,region,1,CH-GE,Genève,HIGH,1.0,CH-GE
,Switzerland,Le Grand-Saconnex,Geneva,Geneva,13059,Geneva,City,,Geneva,,,,,,,,,,localadmin,,CH-GE,Le Grand-Saconnex,county,2,CH-GE,Genève,region,1,CH-GE,Genève,HIGH,1.0,CH-GE
,Switzerland,Plan-les-Ouates,Geneva,Geneva,12184,Geneva,Commune,,Geneva,,,,,,,,,,localadmin,,CH-GE,Plan-les-Ouates,county,2,CH-GE,Genève,region,1,CH-GE,Genève,HIGH,1.0,CH-GE
,Switzerland,Veyrier,Geneva,Geneva,12081,Geneva,Commune,,Geneva,,,,,,,,,,localadmin,,CH-GE,Veyrier,county,2,CH-GE,Genève,region,1,CH-GE,Genève,HIGH,1.0,CH-GE
,Switzerland,Bernex,Geneva,Geneva,11111,Geneva,Commune,,Geneva,,,,,,,,,,localadmin,,CH-GE,Bernex,county,2,CH-GE,Genève,region,1,CH-GE,Genève,HIGH,1.0,CH-GE
,Switzerland,Chêne-Bourg,Geneva,Geneva,9574,Geneva,Commune,,Geneva,,,,,,,,,,localadmin,,CH-GE,Chêne-Bourg,county,2,CH-GE,Genève,region,1,CH-GE,Genève,HIGH,1.0,CH-GE
,Switzerland,Collonge-Bellerive,Geneva,Geneva,8644,Geneva,Commune,,Geneva,,,,,,,,,,localadmin,,CH-GE,Collonge-Bellerive,county,2,CH-GE,Genève,region,1,CH-GE,Genève,HIGH,1.0,CH-GE
,Switzerland,Cologny,Geneva,Geneva,6027,Geneva,Commune,,Geneva,,,,,,,,,,localadmin,,CH-GE,Cologny,county,2,CH-GE,Genève,region,1,CH-GE,Genève,HIGH,1.0,CH-GE
,Switzerland,Satigny,Geneva,Geneva,4711,Geneva,Commune,,Geneva,,,,,,,,,,localadmin,,CH-GE,Satigny,county,2,CH-GE,Genève,region,1,CH-GE,Genève,HIGH,1.0,CH-GE
,Switzerland,Confignon,Geneva,Geneva,4553,Geneva,Commune,,Geneva,,,,,,,,,,localadmin,,CH-GE,Confignon,county,2,CH-GE,Genève,region,1,CH-GE,Genève,HIGH,1.0,CH-GE
,Switzerland,Pregny-Chambésy,Geneva,Geneva,4262,Geneva,Commune,,Geneva,,,,,,,,,,localadmin,,CH-GE,Pregny-Chambésy,county,2,CH-GE,Genève,region,1,CH-GE,Genève,HIGH,1.0,CH-GE
,Switzerland,Bellevue,Geneva,Geneva,4104,Geneva,Commune,,Geneva,,,,,,,,,,localadmin,,CH-GE,Bellevue,county,2,CH-GE,Genève,region,1,CH-GE,Genève,HIGH,1.0,CH-GE
,Switzerland,Perly-Certoux,Geneva,Geneva,3304,Geneva,Commune,,Geneva,,,,,,,,,,localadmin,,CH-GE,Perly-Certoux,county,2,CH-GE,Genève,region,1,CH-GE,Genève,HIGH,1.0,CH-GE
,Switzerland,Troinex,Geneva,Geneva,3145,Geneva,Commune,,Geneva,,,,,,,,,,localadmin,,CH-GE,Troinex,county,2,CH-GE,Genève,region,1,CH-GE,Genève,HIGH,1.0,CH-GE
,Switzerland,Vandœuvres,Geneva,Geneva,3030,Geneva,Commune,,Geneva,,,,,,,,,,localadmin,,CH-GE,Vandœuvres,county,2,CH-GE,Genève,region,1,CH-GE,Genève,HIGH,1.0,CH-GE
,Switzerland,Genthod,Geneva,Geneva,2859,Geneva,Commune,,Geneva,,,,,,,,,,localadmin,,CH-GE,Genthod,county,2,CH-GE,Genève,region,1,CH-GE,Genève,HIGH,1.0,CH-GE
,Switzerland,Puplinge,Geneva,Geneva,2628,Geneva,Commune,,Geneva,,,,,,,,,,localadmin,,CH-GE,Puplinge,county,2,CH-GE,Genève,region,1,CH-GE,Genève,HIGH,1.0,CH-GE
,Switzerland,Anières,Geneva,Geneva,2563,Geneva,Commune,,Geneva,,,,,,,,,,localadmin,,CH-GE,Anières,county,2,CH-GE,Genève,region,1,CH-GE,Genève,HIGH,1.0,CH-GE
,Switzerland,Bardonnex,Geneva,Geneva,2545,Geneva,Commune,,Geneva,,,,,,,,,,localadmin,,CH-GE,Bardonnex,county,2,CH-GE,Genève,region,1,CH-GE,Genève,HIGH,1.0,CH-GE
,Switzerland,Corsier (GE),Geneva,Geneva,2313,Geneva,Commune,,Geneva,,,,,,,,,,localadmin,,CH-GE,Corsier (GE),county,2,CH-GE,Genève,region,1,CH-GE,Genève,HIGH,1.0,CH-GE
,Switzerland,Meinier,Geneva,Geneva,2068,Geneva,Commune,,Geneva,,,,,,,,,,localadmin,,CH-GE,Meinier,county,2,CH-GE,Genève,region,1,CH-GE,Genève,HIGH,1.0,CH-GE
,Switzerland,Dardagny,Geneva,Geneva,1828,Geneva,Commune,,Geneva,,,,,,,,,,localadmin,,CH-GE,Dardagny,county,2,CH-GE,Genève,region,1,CH-GE,Genève,HIGH,1.0,CH-GE
,Switzerland,Avully,Geneva,Geneva,1746,Geneva,Commune,,Geneva,,,,,,,,,,localadmin,,CH-GE,Avully,county,2,CH-GE,Genève,region,1,CH-GE,Genève,HIGH,1.0,CH-GE
,Switzerland,Collex-Bossy,Geneva,Geneva,1667,Geneva,Commune,,Geneva,,,,,,,,,,localadmin,,CH-GE,Collex-Bossy,county,2,CH-GE,Genève,region,1,CH-GE,Genève,HIGH,1.0,CH-GE
,Switzerland,Chancy,Geneva,Geneva,1662,Geneva,Commune,,Geneva,,,,,,,,,,localadmin,,CH-GE,Chancy,county,2,CH-GE,Genève,region,1,CH-GE,Genève,HIGH,1.0,CH-GE
,Switzerland,Avusy,Geneva,Geneva,1412,Geneva,Commune,,Geneva,,,,,,,,,,localadmin,,CH-GE,Avusy,county,2,CH-GE,Genève,region,1,CH-GE,Genève,HIGH,1.0,CH-GE
,Switzerland,Hermance,Geneva,Geneva,1246,Geneva,City,,Geneva,,,,,,,,,,localadmin,,CH-GE,Hermance,county,2,CH-GE,Genève,region,1,CH-GE,Genève,HIGH,1.0,CH-GE
,Switzerland,Choulex,Geneva,Geneva,1232,Geneva,Commune,,Geneva,,,,,,,,,,localadmin,,CH-GE,Choulex,county,2,CH-GE,Genève,region,1,CH-GE,Genève,HIGH,1.0,CH-GE
,Switzerland,Jussy,Geneva,Geneva,1223,Geneva,Commune,,Geneva,,,,,,,,,,localadmin,,CH-GE,Jussy,county,2,CH-GE,Genève,region,1,CH-GE,Genève,HIGH,1.0,CH-GE
,Switzerland,Aire-la-Ville,Geneva,Geneva,1173,Geneva,Commune,,Geneva,,,,,,,,,,localadmin,,CH-GE,Aire-la-Ville,county,2,CH-GE,Genève,region,1,CH-GE,Genève,HIGH,1.0,CH-GE
,Switzerland,Cartigny,Geneva,Geneva,1049,Geneva,Commune,,Geneva,,,,,,,,,,localadmin,,CH-GE,Cartigny,county,2,CH-GE,Genève,region,1,CH-GE,Genève,HIGH,1.0,CH-GE
,Switzerland,Soral,Geneva,Geneva,942,Geneva,Commune,,Geneva,,,,,,,,,,localadmin,,CH-GE,Soral,county,2,CH-GE,Genève,region,1,CH-GE,Genève,HIGH,1.0,CH-GE
,Switzerland,Céligny,Geneva,Geneva,861,Geneva,Commune,,Geneva,,,,,,,,,,localadmin,,CH-GE,Céligny,county,2,CH-GE,Genève,region,1,CH-GE,Genève,HIGH,1.0,CH-GE
,Switzerland,Presinge,Geneva,Geneva,708,Geneva,Commune,,Geneva,,,,,,,,,,localadmin,,CH-GE,Presinge,county,2,CH-GE,Genève,region,1,CH-GE,Genève,HIGH,1.0,CH-GE
,Switzerland,Laconnex,Geneva,Geneva,704,Geneva,Commune,,Geneva,,,,,,,,,,localadmin,,CH-GE,Laconnex,county,2,CH-GE,Genève,region,1,CH-GE,Genève,HIGH,1.0,CH-GE
,Switzerland,Gy,Geneva,Geneva,553,Geneva,Commune,,Geneva,,,,,,,,,,localadmin,,CH-GE,Gy,county,2,CH-GE,Genève,region,1,CH-GE,Genève,HIGH,1.0,CH-GE
,Switzerland,Russin,Geneva,Geneva,543,Geneva,Commune,,Geneva,,,,,,,,,,localadmin,,CH-GE,Russin,county,2,CH-GE,Genève,region,1,CH-GE,Genève,HIGH,1.0,CH-GE
,Switzerland,"Glarus Nord (incl. Mollis, Niederurnen, Näfels)",Glarus,Glarus,19808,,Commune,,#N/A,,,,,,,,,,localadmin,,CH-GL,Glarus Nord,county,2,CH-GL,Glarus,region,1,CH-GL,Glarus,HIGH,1.0,CH-GL
,Switzerland,"Glarus (incl. Ennenda, Netstal)",Glarus,Glarus,12880,,Commune,,#N/A,,,,,,,,,,county,2,CH-GL,Glarus,county,2,CH-GL,Glarus,region,1,CH-GL,Glarus,HIGH,1.0,CH-GL
,Switzerland,"Glarus Süd (incl. Linthal, Mitlödi, Schwanden)",Glarus,Glarus,9676,,Commune,,#N/A,,,,,,,,,,localadmin,,CH-GL,Glarus Süd,county,2,CH-GL,Glarus,region,1,CH-GL,Glarus,HIGH,1.0,CH-GL
,Switzerland,Vaz/Obervaz,Region Albula,Grisons,2731,,Commune,,#N/A,,,,,,,,,,localadmin,,CH-GR,Vaz/Obervaz,county,2,CH-GR,Albula,region,1,CH-GR,Graubünden/Grischun/Grigioni,HIGH,1.0,CH-GR
,Switzerland,Surses (incl. Savognin),Region Albula,Grisons,2465,,Commune,,#N/A,,,,,,,,,,localadmin,,CH-GR,Surses,county,2,CH-GR,Albula,region,1,CH-GR,Graubünden/Grischun/Grigioni,HIGH,1.0,CH-GR
,Switzerland,Albula/Alvra,Region Albula,Grisons,1353,,Commune,,#N/A,,,,,,,,,,localadmin,,CH-GR,Albula/Alvra,county,2,CH-GR,Albula,region,1,CH-GR,Graubünden/Grischun/Grigioni,HIGH,1.0,CH-GR
,Switzerland,Bergün Filisur,Region Albula,Grisons,898,,Commune,,#N/A,,,,,,,,,,localadmin,,CH-GR,Bergün Filisur,county,2,CH-GR,Albula,region,1,CH-GR,Graubünden/Grischun/Grigioni,HIGH,1.0,CH-GR
,Switzerland,Lantsch/Lenz,Region Albula,Grisons,518,,Commune,,#N/A,,,,,,,,,,localadmin,,CH-GR,Lantsch/Lenz,county,2,CH-GR,Albula,region,1,CH-GR,Graubünden/Grischun/Grigioni,HIGH,1.0,CH-GR
,Switzerland,Schmitten (GR),Region Albula,Grisons,205,,Commune,,#N/A,,,,,,,,,,localadmin,,CH-GR,Schmitten (GR),county,2,CH-GR,Albula,region,1,CH-GR,Graubünden/Grischun/Grigioni,HIGH,1.0,CH-GR
,Switzerland,Poschiavo,Region Bernina,Grisons,3505,,Commune,,#N/A,,,,,,,,,,localadmin,,CH-GR,Poschiavo,county,2,CH-GR,Bernina,region,1,CH-GR,Graubünden/Grischun/Grigioni,HIGH,1.0,CH-GR
,Switzerland,Brusio,Region Bernina,Grisons,1099,,Commune,,#N/A,,,,,,,,,,localadmin,,CH-GR,Brusio,county,2,CH-GR,Bernina,region,1,CH-GR,Graubünden/Grischun/Grigioni,HIGH,1.0,CH-GR
,Switzerland,"Scuol (incl. Ftan, Sent)",Region Engiadina Bassa / Val Müstair,Grisons,4547,,Commune,,#N/A,,,,,,,,,,localadmin,,CH-GR,Scuol,county,2,CH-GR,Inn,region,1,CH-GR,Graubünden/Grischun/Grigioni,HIGH,1.0,CH-GR
,Switzerland,Zernez,Region Engiadina Bassa / Val Müstair,Grisons,1592,,Commune,,#N/A,,,,,,,,,,localadmin,,CH-GR,Zernez,county,2,CH-GR,Inn,region,1,CH-GR,Graubünden/Grischun/Grigioni,HIGH,1.0,CH-GR
,Switzerland,Val Müstair,Region Engiadina Bassa / Val Müstair,Grisons,1430,,Commune,,#N/A,,,,,,,,,,localadmin,,CH-GR,Val Müstair,county,2,CH-GR,Inn,region,1,CH-GR,Graubünden/Grischun/Grigioni,HIGH,1.0,CH-GR
,Switzerland,Valsot,Region Engiadina Bassa / Val Müstair,Grisons,801,,Commune,,#N/A,,,,,,,,,,localadmin,,CH-GR,Valsot,county,2,CH-GR,Inn,region,1,CH-GR,Graubünden/Grischun/Grigioni,HIGH,1.0,CH-GR
,Switzerland,Samnaun,Region Engiadina Bassa / Val Müstair,Grisons,750,,Commune,,#N/A,,,,,,,,,,localadmin,,CH-GR,Samnaun,county,2,CH-GR,Inn,region,1,CH-GR,Graubünden/Grischun/Grigioni,HIGH,1.0,CH-GR
,Switzerland,Domat/Ems,Region Imboden,Grisons,8390,,Commune,,#N/A,,,,,,,,,,localadmin,,CH-GR,Domat/Ems,county,2,CH-GR,Imboden,region,1,CH-GR,Graubünden/Grischun/Grigioni,HIGH,1.0,CH-GR
,Switzerland,Bonaduz,Region Imboden,Grisons,3565,,Commune,,#N/A,,,,,,,,,,localadmin,,CH-GR,Bonaduz,county,2,CH-GR,Imboden,region,1,CH-GR,Graubünden/Grischun/Grigioni,HIGH,1.0,CH-GR
,Switzerland,Flims,Region Imboden,Grisons,2900,,Commune,,#N/A,,,,,,,,,,localadmin,,CH-GR,Flims,county,2,CH-GR,Imboden,region,1,CH-GR,Graubünden/Grischun/Grigioni,HIGH,1.0,CH-GR
,Switzerland,Felsberg,Region Imboden,Grisons,2886,,Commune,,#N/A,,,,,,,,,,localadmin,,CH-GR,Felsberg,county,2,CH-GR,Imboden,region,1,CH-GR,Graubünden/Grischun/Grigioni,HIGH,1.0,CH-GR
,Switzerland,Rhäzüns,Region Imboden,Grisons,1612,,Commune,,#N/A,,,,,,,,,,localadmin,,CH-GR,Rhäzüns,county,2,CH-GR,Imboden,region,1,CH-GR,Graubünden/Grischun/Grigioni,HIGH,1.0,CH-GR
,Switzerland,Trin,Region Imboden,Grisons,1556,,Commune,,#N/A,,,,,,,,,,localadmin,,CH-GR,Trin,county,2,CH-GR,Imboden,region,1,CH-GR,Graubünden/Grischun/Grigioni,HIGH,1.0,CH-GR
,Switzerland,Tamins,Region Imboden,Grisons,1222,,Commune,,#N/A,,,,,,,,,,localadmin,,CH-GR,Tamins,county,2,CH-GR,Imboden,region,1,CH-GR,Graubünden/Grischun/Grigioni,HIGH,1.0,CH-GR
,Switzerland,"Landquart (incl. Igis, Mastrils)",Region Landquart,Grisons,9244,,Commune,,#N/A,,,,,,,,,,county,2,CH-GR,Landquart,county,2,CH-GR,Landquart,region,1,CH-GR,Graubünden/Grischun/Grigioni,HIGH,1.0,CH-GR
,Switzerland,Zizers,Region Landquart,Grisons,3691,,Commune,,#N/A,,,,,,,,,,localadmin,,CH-GR,Zizers,county,2,CH-GR,Landquart,region,1,CH-GR,Graubünden/Grischun/Grigioni,HIGH,1.0,CH-GR
,Switzerland,Trimmis,Region Landquart,Grisons,3424,,Commune,,#N/A,,,,,,,,,,localadmin,,CH-GR,Trimmis,county,2,CH-GR,Landquart,region,1,CH-GR,Graubünden/Grischun/Grigioni,HIGH,1.0,CH-GR
,Switzerland,Maienfeld,Region Landquart,Grisons,3266,,City,,#N/A,,,,,,,,,,localadmin,,CH-GR,Maienfeld,county,2,CH-GR,Landquart,region,1,CH-GR,Graubünden/Grischun/Grigioni,HIGH,1.0,CH-GR
,Switzerland,Untervaz,Region Landquart,Grisons,2674,,Commune,,#N/A,,,,,,,,,,localadmin,,CH-GR,Untervaz,county,2,CH-GR,Landquart,region,1,CH-GR,Graubünden/Grischun/Grigioni,HIGH,1.0,CH-GR
,Switzerland,Malans,Region Landquart,Grisons,2529,,Commune,,#N/A,,,,,,,,,,localadmin,,CH-GR,Malans,county,2,CH-GR,Landquart,region,1,CH-GR,Graubünden/Grischun/Grigioni,HIGH,1.0,CH-GR
,Switzerland,Jenins,Region Landquart,Grisons,965,,Commune,,#N/A,,,,,,,,,,localadmin,,CH-GR,Jenins,county,2,CH-GR,Landquart,region,1,CH-GR,Graubünden/Grischun/Grigioni,HIGH,1.0,CH-GR
,Switzerland,Fläsch,Region Landquart,Grisons,880,,Commune,,#N/A,,,,,,,,,,localadmin,,CH-GR,Fläsch,county,2,CH-GR,Landquart,region,1,CH-GR,Graubünden/Grischun/Grigioni,HIGH,1.0,CH-GR
,Switzerland,St. Moritz,Region Maloja,Grisons,4996,St. Moritz,Commune,,St. Moritz,,,,,,,,,,localadmin,,CH-GR,Sankt Moritz,county,2,CH-GR,Maloja,region,1,CH-GR,Graubünden/Grischun/Grigioni,LOW,0.818,CH-GR
,Switzerland,Samedan,Region Maloja,Grisons,2900,St. Moritz,Commune,,St. Moritz,,,,,,,,,,localadmin,,CH-GR,Samedan,county,2,CH-GR,Maloja,region,1,CH-GR,Graubünden/Grischun/Grigioni,HIGH,1.0,CH-GR
,Switzerland,Pontresina,Region Maloja,Grisons,2073,St. Moritz,Commune,,St. Moritz,,,,,,,,,,localadmin,,CH-GR,Pontresina,county,2,CH-GR,Maloja,region,1,CH-GR,Graubünden/Grischun/Grigioni,HIGH,1.0,CH-GR
,Switzerland,Bregaglia (incl. Stampa),Region Maloja,Grisons,1591,St. Moritz,Commune,,St. Moritz,,,,,,,,,,localadmin,,CH-GR,Bregaglia,county,2,CH-GR,Maloja,region,1,CH-GR,Graubünden/Grischun/Grigioni,HIGH,1.0,CH-GR
,Switzerland,Celerina/Schlarigna,Region Maloja,Grisons,1414,St. Moritz,Commune,,St. Moritz,,,,,,,,,,localadmin,,CH-GR,Celerina/Schlarigna,county,2,CH-GR,Maloja,region,1,CH-GR,Graubünden/Grischun/Grigioni,HIGH,1.0,CH-GR
,Switzerland,Zuoz,Region Maloja,Grisons,1224,St. Moritz,Commune,,St. Moritz,,,,,,,,,,localadmin,,CH-GR,Zuoz,county,2,CH-GR,Maloja,region,1,CH-GR,Graubünden/Grischun/Grigioni,HIGH,1.0,CH-GR
,Switzerland,Silvaplana,Region Maloja,Grisons,1124,St. Moritz,Commune,,St. Moritz,,,,,,,,,,localadmin,,CH-GR,Silvaplana,county,2,CH-GR,Maloja,region,1,CH-GR,Graubünden/Grischun/Grigioni,HIGH,1.0,CH-GR
,Switzerland,La Punt Chamues-ch,Region Maloja,Grisons,750,St. Moritz,Commune,,St. Moritz,,,,,,,,,,localadmin,,CH-GR,La Punt Chamues-ch,county,2,CH-GR,Maloja,region,1,CH-GR,Graubünden/Grischun/Grigioni,HIGH,1.0,CH-GR
,Switzerland,S-chanf,Region Maloja,Grisons,713,St. Moritz,Commune,,St. Moritz,,,,,,,,,,localadmin,,CH-GR,S-chanf,county,2,CH-GR,Maloja,region,1,CH-GR,Graubünden/Grischun/Grigioni,HIGH,1.0,CH-GR
,Switzerland,Sils im Engadin/Segl,Region Maloja,Grisons,708,St. Moritz,Commune,,St. Moritz,,,,,,,,,,localadmin,,CH-GR,Sils im Engadin/Segl,county,2,CH-GR,Maloja,region,1,CH-GR,Graubünden/Grischun/Grigioni,HIGH,1.0,CH-GR
,Switzerland,Bever,Region Maloja,Grisons,618,St. Moritz,Commune,,St. Moritz,,,,,,,,,,localadmin,,CH-GR,Bever,county,2,CH-GR,Maloja,region,1,CH-GR,Graubünden/Grischun/Grigioni,HIGH,1.0,CH-GR
,Switzerland,Madulain,Region Maloja,Grisons,196,St. Moritz,Commune,,St. Moritz,,,,,,,,,,localadmin,,CH-GR,Madulain,county,2,CH-GR,Maloja,region,1,CH-GR,Graubünden/Grischun/Grigioni,HIGH,1.0,CH-GR
,Switzerland,Roveredo (GR),Region Moesa,Grisons,2656,,Commune,,#N/A,,,,,,,,,,localadmin,,CH-GR,Roveredo GR,county,2,CH-GR,Moësa,region,1,CH-GR,Graubünden/Grischun/Grigioni,LOW,0.892,CH-GR
,Switzerland,"Grono (incl. Leggia, Verdabbio)",Region Moesa,Grisons,1579,,Commune,,#N/A,,,,,,,,,,localadmin,,CH-GR,Grono,county,2,CH-GR,Moësa,region,1,CH-GR,Graubünden/Grischun/Grigioni,HIGH,1.0,CH-GR
,Switzerland,Mesocco,Region Moesa,Grisons,1414,,Commune,,#N/A,,,,,,,,,,localadmin,,CH-GR,Mesocco,county,2,CH-GR,Moësa,region,1,CH-GR,Graubünden/Grischun/Grigioni,HIGH,1.0,CH-GR
,Switzerland,San Vittore,Region Moesa,Grisons,961,,Commune,,#N/A,,,,,,,,,,localadmin,,CH-GR,San Vittore,county,2,CH-GR,Moësa,region,1,CH-GR,Graubünden/Grischun/Grigioni,HIGH,1.0,CH-GR
,Switzerland,Lostallo,Region Moesa,Grisons,867,,Commune,,#N/A,,,,,,,,,,localadmin,,CH-GR,Lostallo,county,2,CH-GR,Moësa,region,1,CH-GR,Graubünden/Grischun/Grigioni,HIGH,1.0,CH-GR
,Switzerland,Cama,Region Moesa,Grisons,720,,Commune,,#N/A,,,,,,,,,,localadmin,,CH-GR,Cama,county,2,CH-GR,Moësa,region,1,CH-GR,Graubünden/Grischun/Grigioni,HIGH,1.0,CH-GR
,Switzerland,Soazza,Region Moesa,Grisons,324,,Commune,,#N/A,,,,,,,,,,localadmin,,CH-GR,Soazza,county,2,CH-GR,Moësa,region,1,CH-GR,Graubünden/Grischun/Grigioni,HIGH,1.0,CH-GR
,Switzerland,Castaneda,Region Moesa,Grisons,254,,Commune,,#N/A,,,,,,,,,,localadmin,,CH-GR,Castaneda,county,2,CH-GR,Moësa,region,1,CH-GR,Graubünden/Grischun/Grigioni,HIGH,1.0,CH-GR
,Switzerland,Calanca,Region Moesa,Grisons,204,,Commune,,#N/A,,,,,,,,,,localadmin,,CH-GR,Calanca,county,2,CH-GR,Moësa,region,1,CH-GR,Graubünden/Grischun/Grigioni,HIGH,1.0,CH-GR
,Switzerland,Rossa,Region Moesa,Grisons,168,,Commune,,#N/A,,,,,,,,,,localadmin,,CH-GR,Rossa,county,2,CH-GR,Moësa,region,1,CH-GR,Graubünden/Grischun/Grigioni,HIGH,1.0,CH-GR
,Switzerland,Santa Maria in Calanca,Region Moesa,Grisons,113,,Commune,,#N/A,,,,,,,,,,localadmin,,CH-GR,Santa Maria in Calanca,county,2,CH-GR,Moësa,region,1,CH-GR,Graubünden/Grischun/Grigioni,HIGH,1.0,CH-GR
,Switzerland,Buseno,Region Moesa,Grisons,91,,Commune,,#N/A,,,,,,,,,,localadmin,,CH-GR,Buseno,county,2,CH-GR,Moësa,region,1,CH-GR,Graubünden/Grischun/Grigioni,HIGH,1.0,CH-GR
,Switzerland,"Chur (incl. Maladers, Haldenstein)",Region Plessur,Grisons,39483,,City,,#N/A,,,,,,,,,,localadmin,,CH-GR,Chur,county,2,CH-GR,Plessur,region,1,CH-GR,Graubünden/Grischun/Grigioni,HIGH,1.0,CH-GR
,Switzerland,Arosa,Region Plessur,Grisons,3159,,Commune,,#N/A,,,,,,,,,,localadmin,,CH-GR,Arosa,county,2,CH-GR,Plessur,region,1,CH-GR,Graubünden/Grischun/Grigioni,HIGH,1.0,CH-GR
,Switzerland,Churwalden (incl. Malix),Region Plessur,Grisons,2114,,Commune,,#N/A,,,,,,,,,,localadmin,,CH-GR,Churwalden,county,2,CH-GR,Plessur,region,1,CH-GR,Graubünden/Grischun/Grigioni,HIGH,1.0,CH-GR
,Switzerland,Davos,Region Prättigau / Davos,Grisons,10768,Davos,City,,Davos,,,,,,,,,,localadmin,,CH-GR,Davos,county,2,CH-GR,Prättigau/Davos,region,1,CH-GR,Graubünden/Grischun/Grigioni,HIGH,1.0,CH-GR
,Switzerland,Klosters (incl. Saas),Region Prättigau / Davos,Grisons,4478,Davos,Commune,,Davos,,,,,,,,,,localadmin,,CH-GR,Klosters,county,2,CH-GR,Prättigau/Davos,region,1,CH-GR,Graubünden/Grischun/Grigioni,HIGH,1.0,CH-GR
,Switzerland,Schiers,Region Prättigau / Davos,Grisons,2993,Davos,Commune,,Davos,,,,,,,,,,localadmin,,CH-GR,Schiers,county,2,CH-GR,Prättigau/Davos,region,1,CH-GR,Graubünden/Grischun/Grigioni,HIGH,1.0,CH-GR
,Switzerland,Grüsch,Region Prättigau / Davos,Grisons,2176,Davos,Commune,,Davos,,,,,,,,,,localadmin,,CH-GR,Grüsch,county,2,CH-GR,Prättigau/Davos,region,1,CH-GR,Graubünden/Grischun/Grigioni,HIGH,1.0,CH-GR
,Switzerland,Luzein (incl. St. Antönien),Region Prättigau / Davos,Grisons,1689,Davos,Commune,,Davos,,,,,,,,,,localadmin,,CH-GR,Luzein,county,2,CH-GR,Prättigau/Davos,region,1,CH-GR,Graubünden/Grischun/Grigioni,HIGH,1.0,CH-GR
,Switzerland,Seewis im Prättigau,Region Prättigau / Davos,Grisons,1450,Davos,Commune,,Davos,,,,,,,,,,localadmin,,CH-GR,Seewis im Prättigau,county,2,CH-GR,Prättigau/Davos,region,1,CH-GR,Graubünden/Grischun/Grigioni,HIGH,1.0,CH-GR
,Switzerland,Jenaz,Region Prättigau / Davos,Grisons,1164,Davos,Commune,,Davos,,,,,,,,,,localadmin,,CH-GR,Jenaz,county,2,CH-GR,Prättigau/Davos,region,1,CH-GR,Graubünden/Grischun/Grigioni,HIGH,1.0,CH-GR
,Switzerland,Küblis,Region Prättigau / Davos,Grisons,910,Davos,Commune,,Davos,,,,,,,,,,localadmin,,CH-GR,Küblis,county,2,CH-GR,Prättigau/Davos,region,1,CH-GR,Graubünden/Grischun/Grigioni,HIGH,1.0,CH-GR
,Switzerland,Fideris,Region Prättigau / Davos,Grisons,626,Davos,Commune,,Davos,,,,,,,,,,localadmin,,CH-GR,Fideris,county,2,CH-GR,Prättigau/Davos,region,1,CH-GR,Graubünden/Grischun/Grigioni,HIGH,1.0,CH-GR
,Switzerland,Conters im Prättigau,Region Prättigau / Davos,Grisons,224,Davos,Commune,,Davos,,,,,,,,,,localadmin,,CH-GR,Conters im Prättigau,county,2,CH-GR,Prättigau/Davos,region,1,CH-GR,Graubünden/Grischun/Grigioni,HIGH,1.0,CH-GR
,Switzerland,Furna,Region Prättigau / Davos,Grisons,203,Davos,Commune,,Davos,,,,,,,,,,localadmin,,CH-GR,Furna,county,2,CH-GR,Prättigau/Davos,region,1,CH-GR,Graubünden/Grischun/Grigioni,HIGH,1.0,CH-GR
,Switzerland,Ilanz/Glion,Region Surselva,Grisons,5066,,City,,#N/A,,,,,,,,,,localadmin,,CH-GR,Ilanz/Glion,county,2,CH-GR,Surselva,region,1,CH-GR,Graubünden/Grischun/Grigioni,HIGH,1.0,CH-GR
,Switzerland,Disentis/Mustér,Region Surselva,Grisons,2103,,Commune,,#N/A,,,,,,,,,,localadmin,,CH-GR,Disentis/Mustér,county,2,CH-GR,Surselva,region,1,CH-GR,Graubünden/Grischun/Grigioni,HIGH,1.0,CH-GR
,Switzerland,Laax,Region Surselva,Grisons,2102,,Commune,,#N/A,,,,,,,,,,localadmin,,CH-GR,Laax,county,2,CH-GR,Surselva,region,1,CH-GR,Graubünden/Grischun/Grigioni,HIGH,1.0,CH-GR
,Switzerland,Lumnezia,Region Surselva,Grisons,2075,,Commune,,#N/A,,,,,,,,,,localadmin,,CH-GR,Lumnezia,county,2,CH-GR,Surselva,region,1,CH-GR,Graubünden/Grischun/Grigioni,HIGH,1.0,CH-GR
,Switzerland,"Breil/Brigels (incl. Andiast, Waltensburg)",Region Surselva,Grisons,1706,,Commune,,#N/A,,,,,,,,,,localadmin,,CH-GR,Breil/Brigels,county,2,CH-GR,Surselva,region,1,CH-GR,Graubünden/Grischun/Grigioni,HIGH,1.0,CH-GR
,Switzerland,Tujetsch,Region Surselva,Grisons,1199,,Commune,,#N/A,,,,,,,,,,localadmin,,CH-GR,Tujetsch,county,2,CH-GR,Surselva,region,1,CH-GR,Graubünden/Grischun/Grigioni,HIGH,1.0,CH-GR
,Switzerland,Obersaxen Mundaun,Region Surselva,Grisons,1160,,Commune,,#N/A,,,,,,,,,,localadmin,,CH-GR,Obersaxen-Mundaun,county,2,CH-GR,Surselva,region,1,CH-GR,Graubünden/Grischun/Grigioni,MED,0.941,CH-GR
,Switzerland,Trun,Region Surselva,Grisons,1140,,Commune,,#N/A,,,,,,,,,,localadmin,,CH-GR,Trun,county,2,CH-GR,Surselva,region,1,CH-GR,Graubünden/Grischun/Grigioni,HIGH,1.0,CH-GR
,Switzerland,Sumvitg,Region Surselva,Grisons,1061,,Commune,,#N/A,,,,,,,,,,localadmin,,CH-GR,Sumvitg,county,2,CH-GR,Surselva,region,1,CH-GR,Graubünden/Grischun/Grigioni,HIGH,1.0,CH-GR
,Switzerland,Safiental,Region Surselva,Grisons,964,,Commune,,#N/A,,,,,,,,,,localadmin,,CH-GR,Safiental,county,2,CH-GR,Surselva,region,1,CH-GR,Graubünden/Grischun/Grigioni,HIGH,1.0,CH-GR
,Switzerland,Vals,Region Surselva,Grisons,954,,Commune,,#N/A,,,,,,,,,,localadmin,,CH-GR,Vals,county,2,CH-GR,Surselva,region,1,CH-GR,Graubünden/Grischun/Grigioni,HIGH,1.0,CH-GR
,Switzerland,Sagogn,Region Surselva,Grisons,769,,Commune,,#N/A,,,,,,,,,,localadmin,,CH-GR,Sagogn,county,2,CH-GR,Surselva,region,1,CH-GR,Graubünden/Grischun/Grigioni,HIGH,1.0,CH-GR
,Switzerland,Falera,Region Surselva,Grisons,635,,Commune,,#N/A,,,,,,,,,,localadmin,,CH-GR,Falera,county,2,CH-GR,Surselva,region,1,CH-GR,Graubünden/Grischun/Grigioni,HIGH,1.0,CH-GR
,Switzerland,Schluein,Region Surselva,Grisons,616,,Commune,,#N/A,,,,,,,,,,localadmin,,CH-GR,Schluein,county,2,CH-GR,Surselva,region,1,CH-GR,Graubünden/Grischun/Grigioni,HIGH,1.0,CH-GR
,Switzerland,Medel (Lucmagn),Region Surselva,Grisons,328,,Commune,,#N/A,,,,,,,,,,localadmin,,CH-GR,Medel (Lucmagn),county,2,CH-GR,Surselva,region,1,CH-GR,Graubünden/Grischun/Grigioni,HIGH,1.0,CH-GR
,Switzerland,Thusis (incl. Mutten),Region Viamala,Grisons,3438,,Commune,,#N/A,,,,,,,,,,localadmin,,CH-GR,Thusis,county,2,CH-GR,Albula,region,1,CH-GR,Graubünden/Grischun/Grigioni,HIGH,1.0,CH-GR
,Switzerland,Cazis,Region Viamala,Grisons,2439,,Commune,,#N/A,,,,,,,,,,localadmin,,CH-GR,Cazis,county,2,CH-GR,Hinterrhein,region,1,CH-GR,Graubünden/Grischun/Grigioni,HIGH,1.0,CH-GR
,Switzerland,Domleschg,Region Viamala,Grisons,2262,,Commune,,#N/A,,,,,,,,,,localadmin,,CH-GR,Domleschg,county,2,CH-GR,Hinterrhein,region,1,CH-GR,Graubünden/Grischun/Grigioni,HIGH,1.0,CH-GR
,Switzerland,Sils im Domleschg,Region Viamala,Grisons,976,,Commune,,#N/A,,,,,,,,,,localadmin,,CH-GR,Sils im Domleschg,county,2,CH-GR,Hinterrhein,region,1,CH-GR,Graubünden/Grischun/Grigioni,HIGH,1.0,CH-GR
,Switzerland,Andeer,Region Viamala,Grisons,923,,Commune,,#N/A,,,,,,,,,,localadmin,,CH-GR,Andeer,county,2,CH-GR,Hinterrhein,region,1,CH-GR,Graubünden/Grischun/Grigioni,HIGH,1.0,CH-GR
,Switzerland,Scharans,Region Viamala,Grisons,836,,Commune,,#N/A,,,,,,,,,,localadmin,,CH-GR,Scharans,county,2,CH-GR,Hinterrhein,region,1,CH-GR,Graubünden/Grischun/Grigioni,HIGH,1.0,CH-GR
,Switzerland,Rheinwald,Region Viamala,Grisons,570,,Commune,,#N/A,,,,,,,,,,localadmin,,CH-GR,Rheinwald,county,2,CH-GR,Hinterrhein,region,1,CH-GR,Graubünden/Grischun/Grigioni,HIGH,1.0,CH-GR
,Switzerland,Masein,Region Viamala,Grisons,531,,Commune,,#N/A,,,,,,,,,,localadmin,,CH-GR,Masein,county,2,CH-GR,Hinterrhein,region,1,CH-GR,Graubünden/Grischun/Grigioni,HIGH,1.0,CH-GR
,Switzerland,Zillis-Reischen,Region Viamala,Grisons,426,,Commune,,#N/A,,,,,,,,,,localadmin,,CH-GR,Zillis-Reischen,county,2,CH-GR,Hinterrhein,region,1,CH-GR,Graubünden/Grischun/Grigioni,HIGH,1.0,CH-GR
,Switzerland,Muntogna da Schons (incl. Donat),Region Viamala,Grisons,368,,Commune,,#N/A,,,,,,,,,,localadmin,,CH-GR,Muntogna da Schons,county,2,CH-GR,Hinterrhein,region,1,CH-GR,Graubünden/Grischun/Grigioni,HIGH,1.0,CH-GR
,Switzerland,Fürstenau,Region Viamala,Grisons,353,,Commune,,#N/A,,,,,,,,,,localadmin,,CH-GR,Fürstenau,county,2,CH-GR,Hinterrhein,region,1,CH-GR,Graubünden/Grischun/Grigioni,HIGH,1.0,CH-GR
,Switzerland,Rothenbrunnen,Region Viamala,Grisons,304,,Commune,,#N/A,,,,,,,,,,localadmin,,CH-GR,Rothenbrunnen,county,2,CH-GR,Imboden,region,1,CH-GR,Graubünden/Grischun/Grigioni,HIGH,1.0,CH-GR
,Switzerland,Flerden,Region Viamala,Grisons,255,,Commune,,#N/A,,,,,,,,,,localadmin,,CH-GR,Flerden,county,2,CH-GR,Hinterrhein,region,1,CH-GR,Graubünden/Grischun/Grigioni,HIGH,1.0,CH-GR
,Switzerland,Avers,Region Viamala,Grisons,169,,Commune,,#N/A,,,,,,,,,,localadmin,,CH-GR,Avers,county,2,CH-GR,Hinterrhein,region,1,CH-GR,Graubünden/Grischun/Grigioni,HIGH,1.0,CH-GR
,Switzerland,Urmein,Region Viamala,Grisons,162,,Commune,,#N/A,,,,,,,,,,localadmin,,CH-GR,Urmein,county,2,CH-GR,Hinterrhein,region,1,CH-GR,Graubünden/Grischun/Grigioni,HIGH,1.0,CH-GR
,Switzerland,Sufers,Region Viamala,Grisons,147,,Commune,,#N/A,,,,,,,,,,localadmin,,CH-GR,Sufers,county,2,CH-GR,Hinterrhein,region,1,CH-GR,Graubünden/Grischun/Grigioni,HIGH,1.0,CH-GR
,Switzerland,Tschappina,Region Viamala,Grisons,146,,Commune,,#N/A,,,,,,,,,,localadmin,,CH-GR,Tschappina,county,2,CH-GR,Hinterrhein,region,1,CH-GR,Graubünden/Grischun/Grigioni,HIGH,1.0,CH-GR
,Switzerland,Ferrera,Region Viamala,Grisons,76,,Commune,,#N/A,,,,,,,,,,localadmin,,CH-GR,Ferrera,county,2,CH-GR,Hinterrhein,region,1,CH-GR,Graubünden/Grischun/Grigioni,HIGH,1.0,CH-GR
,Switzerland,Rongellen,Region Viamala,Grisons,59,,Commune,,#N/A,,,,,,,,,,localadmin,,CH-GR,Rongellen,county,2,CH-GR,Hinterrhein,region,1,CH-GR,Graubünden/Grischun/Grigioni,HIGH,1.0,CH-GR
,Switzerland,Delémont,District de Delémont,Jura,12808,Delémont,City,,Delémont,,,,,,,,,,localadmin,,CH-JU,Delémont,county,2,CH-JU,Delémont,region,1,CH-JU,Jura,HIGH,1.0,CH-JU
,Switzerland,"Haute-Sorne (incl. Bassecourt, Courfaivre, Glovelier)",District de Delémont,Jura,7451,Delémont,Commune,,Delémont,,,,,,,,,,localadmin,,CH-JU,Haute-Sorne,county,2,CH-JU,Delémont,region,1,CH-JU,Jura,HIGH,1.0,CH-JU
,Switzerland,"Courrendlin (incl. Rebeuvelier, Vellerat)",District de Delémont,Jura,3686,Delémont,Commune,,Delémont,,,,,,,,,,localadmin,,CH-JU,Courrendlin,county,2,CH-JU,Delémont,region,1,CH-JU,Jura,HIGH,1.0,CH-JU
,Switzerland,Courroux,District de Delémont,Jura,3441,Delémont,Commune,,Delémont,,,,,,,,,,localadmin,,CH-JU,Courroux,county,2,CH-JU,Delémont,region,1,CH-JU,Jura,HIGH,1.0,CH-JU
,Switzerland,"Val Terbi (incl. Corban, Vicques)",District de Delémont,Jura,3270,Delémont,Commune,,Delémont,,,,,,,,,,localadmin,,CH-JU,Val Terbi,county,2,CH-JU,Delémont,region,1,CH-JU,Jura,HIGH,1.0,CH-JU
,Switzerland,Courtételle,District de Delémont,Jura,2788,Delémont,Commune,,Delémont,,,,,,,,,,localadmin,,CH-JU,Courtételle,county,2,CH-JU,Delémont,region,1,CH-JU,Jura,HIGH,1.0,CH-JU
,Switzerland,Develier,District de Delémont,Jura,1393,Delémont,Commune,,Delémont,,,,,,,,,,localadmin,,CH-JU,Develier,county,2,CH-JU,Delémont,region,1,CH-JU,Jura,HIGH,1.0,CH-JU
,Switzerland,Boécourt,District de Delémont,Jura,961,Delémont,Commune,,Delémont,,,,,,,,,,localadmin,,CH-JU,Boécourt,county,2,CH-JU,Delémont,region,1,CH-JU,Jura,HIGH,1.0,CH-JU
,Switzerland,Rossemaison,District de Delémont,Jura,739,Delémont,Commune,,Delémont,,,,,,,,,,localadmin,,CH-JU,Rossemaison,county,2,CH-JU,Delémont,region,1,CH-JU,Jura,HIGH,1.0,CH-JU
,Switzerland,Mervelier,District de Delémont,Jura,526,Delémont,Commune,,Delémont,,,,,,,,,,localadmin,,CH-JU,Mervelier,county,2,CH-JU,Delémont,region,1,CH-JU,Jura,HIGH,1.0,CH-JU
,Switzerland,Châtillon (JU),District de Delémont,Jura,475,Delémont,Commune,,Delémont,,,,,,,,,,localadmin,,CH-JU,Châtillon (JU),county,2,CH-JU,Delémont,region,1,CH-JU,Jura,HIGH,1.0,CH-JU
,Switzerland,Soyhières,District de Delémont,Jura,453,Delémont,Commune,,Delémont,,,,,,,,,,localadmin,,CH-JU,Soyhières,county,2,CH-JU,Delémont,region,1,CH-JU,Jura,HIGH,1.0,CH-JU
,Switzerland,Courchapoix,District de Delémont,Jura,449,Delémont,Commune,,Delémont,,,,,,,,,,localadmin,,CH-JU,Courchapoix,county,2,CH-JU,Delémont,region,1,CH-JU,Jura,HIGH,1.0,CH-JU
,Switzerland,Movelier,District de Delémont,Jura,414,Delémont,Commune,,Delémont,,,,,,,,,,localadmin,,CH-JU,Movelier,county,2,CH-JU,Delémont,region,1,CH-JU,Jura,HIGH,1.0,CH-JU
,Switzerland,Pleigne,District de Delémont,Jura,365,Delémont,Commune,,Delémont,,,,,,,,,,localadmin,,CH-JU,Pleigne,county,2,CH-JU,Delémont,region,1,CH-JU,Jura,HIGH,1.0,CH-JU
,Switzerland,Saulcy,District de Delémont,Jura,277,Delémont,Commune,,Delémont,,,,,,,,,,localadmin,,CH-JU,Saulcy,county,2,CH-JU,Delémont,region,1,CH-JU,Jura,HIGH,1.0,CH-JU
,Switzerland,Bourrignon,District de Delémont,Jura,263,Delémont,Commune,,Delémont,,,,,,,,,,localadmin,,CH-JU,Bourrignon,county,2,CH-JU,Delémont,region,1,CH-JU,Jura,HIGH,1.0,CH-JU
,Switzerland,Ederswiler,District de Delémont,Jura,115,Delémont,Commune,,Delémont,,,,,,,,,,localadmin,,CH-JU,Ederswiler,county,2,CH-JU,Delémont,region,1,CH-JU,Jura,HIGH,1.0,CH-JU
,Switzerland,Mettembert,District de Delémont,Jura,112,Delémont,Commune,,Delémont,,,,,,,,,,localadmin,,CH-JU,Mettembert,county,2,CH-JU,Delémont,region,1,CH-JU,Jura,HIGH,1.0,CH-JU
,Switzerland,Porrentruy,District de Porrentruy,Jura,6574,Porrentruy,City,,Porrentruy,,,,,,,,,,county,2,CH-JU,Porrentruy,county,2,CH-JU,Porrentruy,region,1,CH-JU,Jura,HIGH,1.0,CH-JU
,Switzerland,Courgenay,District de Porrentruy,Jura,2438,Porrentruy,Commune,,Porrentruy,,,,,,,,,,localadmin,,CH-JU,Courgenay,county,2,CH-JU,Porrentruy,region,1,CH-JU,Jura,HIGH,1.0,CH-JU
,Switzerland,Alle,District de Porrentruy,Jura,1946,Porrentruy,Commune,,Porrentruy,,,,,,,,,,localadmin,,CH-JU,Alle,county,2,CH-JU,Porrentruy,region,1,CH-JU,Jura,HIGH,1.0,CH-JU
,Switzerland,Fontenais,District de Porrentruy,Jura,1632,Porrentruy,Commune,,Porrentruy,,,,,,,,,,localadmin,,CH-JU,Fontenais,county,2,CH-JU,Porrentruy,region,1,CH-JU,Jura,HIGH,1.0,CH-JU
,Switzerland,Clos du Doubs (incl. Saint-Ursanne),District de Porrentruy,Jura,1304,Porrentruy,City,,Porrentruy,,,,,,,,,,localadmin,,CH-JU,Clos du Doubs,county,2,CH-JU,Les Franches-Montagnes,region,1,CH-JU,Jura,HIGH,1.0,CH-JU
,Switzerland,Basse-Allaine (incl. Courtemaîche),District de Porrentruy,Jura,1197,Porrentruy,Commune,,Porrentruy,,,,,,,,,,localadmin,,CH-JU,Basse-Allaine,county,2,CH-JU,Porrentruy,region,1,CH-JU,Jura,HIGH,1.0,CH-JU
,Switzerland,Boncourt,District de Porrentruy,Jura,1170,Porrentruy,Commune,,Porrentruy,,,,,,,,,,localadmin,,CH-JU,Boncourt,county,2,CH-JU,Porrentruy,region,1,CH-JU,Jura,HIGH,1.0,CH-JU
,Switzerland,La Baroche,District de Porrentruy,Jura,1135,Porrentruy,Commune,,Porrentruy,,,,,,,,,,localadmin,,CH-JU,La Baroche,county,2,CH-JU,Porrentruy,region,1,CH-JU,Jura,HIGH,1.0,CH-JU
,Switzerland,Cornol,District de Porrentruy,Jura,1083,Porrentruy,Commune,,Porrentruy,,,,,,,,,,localadmin,,CH-JU,Cornol,county,2,CH-JU,Porrentruy,region,1,CH-JU,Jura,HIGH,1.0,CH-JU
,Switzerland,"Haute-Ajoie (incl. Chevenez, Rocourt)",District de Porrentruy,Jura,1064,Porrentruy,Commune,,Porrentruy,,,,,,,,,,localadmin,,CH-JU,Haute-Ajoie,county,2,CH-JU,Porrentruy,region,1,CH-JU,Jura,HIGH,1.0,CH-JU
,Switzerland,Courtedoux,District de Porrentruy,Jura,761,Porrentruy,Commune,,Porrentruy,,,,,,,,,,localadmin,,CH-JU,Courtedoux,county,2,CH-JU,Porrentruy,region,1,CH-JU,Jura,HIGH,1.0,CH-JU
,Switzerland,"Basse-Vendline (incl. Bonfol, Beurnevésin)",District de Porrentruy,Jura,735,Porrentruy,Commune,,Porrentruy,,,,,,,,,,localadmin,,CH-JU,Basse-Vendline,county,2,CH-JU,Porrentruy,region,1,CH-JU,Jura,HIGH,1.0,CH-JU
,Switzerland,Coeuve,District de Porrentruy,Jura,717,Porrentruy,Commune,,Porrentruy,,,,,,,,,,,,,,,,,,region,1,CH-JU,Jura,NONE,0.0,CH-JU
,Switzerland,Bure,District de Porrentruy,Jura,645,Porrentruy,Commune,,Porrentruy,,,,,,,,,,localadmin,,CH-JU,Bure,county,2,CH-JU,Porrentruy,region,1,CH-JU,Jura,HIGH,1.0,CH-JU
,Switzerland,Vendlincourt,District de Porrentruy,Jura,557,Porrentruy,Commune,,Porrentruy,,,,,,,,,,localadmin,,CH-JU,Vendlincourt,county,2,CH-JU,Porrentruy,region,1,CH-JU,Jura,HIGH,1.0,CH-JU
,Switzerland,Grandfontaine,District de Porrentruy,Jura,378,Porrentruy,Commune,,Porrentruy,,,,,,,,,,localadmin,,CH-JU,Grandfontaine,county,2,CH-JU,Porrentruy,region,1,CH-JU,Jura,HIGH,1.0,CH-JU
,Switzerland,Damphreux-Lugnez,District de Porrentruy,Jura,370,Porrentruy,Commune,,Porrentruy,,,,,,,,,,localadmin,,CH-JU,Damphreux-Lugnez,county,2,CH-JU,Porrentruy,region,1,CH-JU,Jura,HIGH,1.0,CH-JU
,Switzerland,Fahy,District de Porrentruy,Jura,337,Porrentruy,Commune,,Porrentruy,,,,,,,,,,localadmin,,CH-JU,Fahy,county,2,CH-JU,Porrentruy,region,1,CH-JU,Jura,HIGH,1.0,CH-JU
,Switzerland,Courchavon,District de Porrentruy,Jura,323,Porrentruy,Commune,,Porrentruy,,,,,,,,,,localadmin,,CH-JU,Courchavon,county,2,CH-JU,Porrentruy,region,1,CH-JU,Jura,HIGH,1.0,CH-JU
,Switzerland,Saignelégier,District des Franches-Montagnes,Jura,2529,,Commune,,#N/A,,,,,,,,,,localadmin,,CH-JU,Saignelégier,county,2,CH-JU,Les Franches-Montagnes,region,1,CH-JU,Jura,HIGH,1.0,CH-JU
,Switzerland,Le Noirmont,District des Franches-Montagnes,Jura,1933,,Commune,,#N/A,,,,,,,,,,localadmin,,CH-JU,Le Noirmont,county,2,CH-JU,Les Franches-Montagnes,region,1,CH-JU,Jura,HIGH,1.0,CH-JU
,Switzerland,Les Breuleux (incl. La Chaux-des-Breuleux),District des Franches-Montagnes,Jura,1627,,Commune,,#N/A,,,,,,,,,,localadmin,,CH-JU,Les Breuleux,county,2,CH-JU,Les Franches-Montagnes,region,1,CH-JU,Jura,HIGH,1.0,CH-JU
,Switzerland,Les Bois,District des Franches-Montagnes,Jura,1244,,Commune,,#N/A,,,,,,,,,,localadmin,,CH-JU,Les Bois,county,2,CH-JU,Les Franches-Montagnes,region,1,CH-JU,Jura,HIGH,1.0,CH-JU
,Switzerland,Lajoux (JU),District des Franches-Montagnes,Jura,719,,Commune,,#N/A,,,,,,,,,,localadmin,,CH-JU,Lajoux (JU),county,2,CH-JU,Les Franches-Montagnes,region,1,CH-JU,Jura,HIGH,1.0,CH-JU
,Switzerland,Montfaucon,District des Franches-Montagnes,Jura,564,,Commune,,#N/A,,,,,,,,,,localadmin,,CH-JU,Montfaucon,county,2,CH-JU,Les Franches-Montagnes,region,1,CH-JU,Jura,HIGH,1.0,CH-JU
,Switzerland,Muriaux,District des Franches-Montagnes,Jura,518,,Commune,,#N/A,,,,,,,,,,localadmin,,CH-JU,Muriaux,county,2,CH-JU,Les Franches-Montagnes,region,1,CH-JU,Jura,HIGH,1.0,CH-JU
,Switzerland,Les Genevez (JU),District des Franches-Montagnes,Jura,516,,Commune,,#N/A,,,,,,,,,,localadmin,,CH-JU,Les Genevez (JU),county,2,CH-JU,Les Franches-Montagnes,region,1,CH-JU,Jura,HIGH,1.0,CH-JU
,Switzerland,Le Bémont (JU),District des Franches-Montagnes,Jura,308,,Commune,,#N/A,,,,,,,,,,localadmin,,CH-JU,Le Bémont (JU),county,2,CH-JU,Les Franches-Montagnes,region,1,CH-JU,Jura,HIGH,1.0,CH-JU
,Switzerland,Saint-Brais,District des Franches-Montagnes,Jura,237,,Commune,,#N/A,,,,,,,,,,localadmin,,CH-JU,Saint-Brais,county,2,CH-JU,Les Franches-Montagnes,region,1,CH-JU,Jura,HIGH,1.0,CH-JU
,Switzerland,Les Enfers,District des Franches-Montagnes,Jura,150,,Commune,,#N/A,,,,,,,,,,localadmin,,CH-JU,Les Enfers,county,2,CH-JU,Les Franches-Montagnes,region,1,CH-JU,Jura,HIGH,1.0,CH-JU
,Switzerland,Soubey,District des Franches-Montagnes,Jura,125,,Commune,,#N/A,,,,,,,,,,localadmin,,CH-JU,Soubey,county,2,CH-JU,Les Franches-Montagnes,region,1,CH-JU,Jura,HIGH,1.0,CH-JU
,Switzerland,Luzern (incl. Littau) [Lucerne],Lucerne City,Lucerne,86217,Lucerne,City,,Lucerne,,,,,,,,,,localadmin,,CH-LU,Luzern,county,2,CH-LU,Luzern,region,1,CH-LU,Luzern,HIGH,1.0,CH-LU
,Switzerland,Wolhusen,Wahlkreis Entlebuch,Lucerne,4745,,Commune,,#N/A,,,,,,,,,,localadmin,,CH-LU,Wolhusen,county,2,CH-LU,Sursee,region,1,CH-LU,Luzern,HIGH,1.0,CH-LU
,Switzerland,Escholzmatt-Marbach,Wahlkreis Entlebuch,Lucerne,4559,,Commune,,#N/A,,,,,,,,,,localadmin,,CH-LU,Escholzmatt-Marbach,county,2,CH-LU,Entlebuch,region,1,CH-LU,Luzern,HIGH,1.0,CH-LU
,Switzerland,Schüpfheim,Wahlkreis Entlebuch,Lucerne,4280,,Commune,,#N/A,,,,,,,,,,localadmin,,CH-LU,Schüpfheim,county,2,CH-LU,Entlebuch,region,1,CH-LU,Luzern,HIGH,1.0,CH-LU
,Switzerland,Entlebuch,Wahlkreis Entlebuch,Lucerne,3420,,Commune,,#N/A,,,,,,,,,,county,2,CH-LU,Entlebuch,county,2,CH-LU,Entlebuch,region,1,CH-LU,Luzern,HIGH,1.0,CH-LU
,Switzerland,Werthenstein,Wahlkreis Entlebuch,Lucerne,2180,,Commune,,#N/A,,,,,,,,,,localadmin,,CH-LU,Werthenstein,county,2,CH-LU,Entlebuch,region,1,CH-LU,Luzern,HIGH,1.0,CH-LU
,Switzerland,Flühli,Wahlkreis Entlebuch,Lucerne,1857,,Commune,,#N/A,,,,,,,,,,localadmin,,CH-LU,Flühli,county,2,CH-LU,Entlebuch,region,1,CH-LU,Luzern,HIGH,1.0,CH-LU
,Switzerland,Hasle (LU),Wahlkreis Entlebuch,Lucerne,1842,,Commune,,#N/A,,,,,,,,,,localadmin,,CH-LU,Hasle (LU),county,2,CH-LU,Entlebuch,region,1,CH-LU,Luzern,HIGH,1.0,CH-LU
,Switzerland,Doppleschwand,Wahlkreis Entlebuch,Lucerne,824,,Commune,,#N/A,,,,,,,,,,localadmin,,CH-LU,Doppleschwand,county,2,CH-LU,Entlebuch,region,1,CH-LU,Luzern,HIGH,1.0,CH-LU
,Switzerland,Romoos,Wahlkreis Entlebuch,Lucerne,661,,Commune,,#N/A,,,,,,,,,,localadmin,,CH-LU,Romoos,county,2,CH-LU,Entlebuch,region,1,CH-LU,Luzern,HIGH,1.0,CH-LU
,Switzerland,Emmen,Wahlkreis Hochdorf,Lucerne,32609,Lucerne,City,,Lucerne,,,,,,,,,,localadmin,,CH-LU,Emmen,county,2,CH-LU,Hochdorf,region,1,CH-LU,Luzern,HIGH,1.0,CH-LU
,Switzerland,Hochdorf,Wahlkreis Hochdorf,Lucerne,10066,Lucerne,Commune,,Lucerne,,,,,,,,,,localadmin,,CH-LU,Hochdorf,county,2,CH-LU,Hochdorf,region,1,CH-LU,Luzern,HIGH,1.0,CH-LU
,Switzerland,Rothenburg,Wahlkreis Hochdorf,Lucerne,7858,Lucerne,Commune,,Lucerne,,,,,,,,,,localadmin,,CH-LU,Rothenburg,county,2,CH-LU,Hochdorf,region,1,CH-LU,Luzern,HIGH,1.0,CH-LU
,Switzerland,"Hitzkirch (incl. Gelfingen, Altwis)",Wahlkreis Hochdorf,Lucerne,6085,Lucerne,Commune,,Lucerne,,,,,,,,,,localadmin,,CH-LU,Hitzkirch,county,2,CH-LU,Hochdorf,region,1,CH-LU,Luzern,HIGH,1.0,CH-LU
,Switzerland,Eschenbach (LU),Wahlkreis Hochdorf,Lucerne,3779,Lucerne,Commune,,Lucerne,,,,,,,,,,localadmin,,CH-LU,Eschenbach (LU),county,2,CH-LU,Hochdorf,region,1,CH-LU,Luzern,HIGH,1.0,CH-LU
,Switzerland,Rain,Wahlkreis Hochdorf,Lucerne,3314,Lucerne,Commune,,Lucerne,,,,,,,,,,localadmin,,CH-LU,Rain,county,2,CH-LU,Hochdorf,region,1,CH-LU,Luzern,HIGH,1.0,CH-LU
,Switzerland,Inwil,Wahlkreis Hochdorf,Lucerne,2924,Lucerne,Commune,,Lucerne,,,,,,,,,,localadmin,,CH-LU,Inwil,county,2,CH-LU,Hochdorf,region,1,CH-LU,Luzern,HIGH,1.0,CH-LU
,Switzerland,Ballwil,Wahlkreis Hochdorf,Lucerne,2841,Lucerne,Commune,,Lucerne,,,,,,,,,,localadmin,,CH-LU,Ballwil,county,2,CH-LU,Hochdorf,region,1,CH-LU,Luzern,HIGH,1.0,CH-LU
,Switzerland,Hohenrain,Wahlkreis Hochdorf,Lucerne,2462,Lucerne,Commune,,Lucerne,,,,,,,,,,localadmin,,CH-LU,Hohenrain,county,2,CH-LU,Hochdorf,region,1,CH-LU,Luzern,HIGH,1.0,CH-LU
,Switzerland,Römerswil,Wahlkreis Hochdorf,Lucerne,1788,Lucerne,Commune,,Lucerne,,,,,,,,,,localadmin,,CH-LU,Römerswil,county,2,CH-LU,Hochdorf,region,1,CH-LU,Luzern,HIGH,1.0,CH-LU
,Switzerland,Aesch (LU),Wahlkreis Hochdorf,Lucerne,1453,Lucerne,Commune,,Lucerne,,,,,,,,,,localadmin,,CH-LU,Aesch (LU),county,2,CH-LU,Hochdorf,region,1,CH-LU,Luzern,HIGH,1.0,CH-LU
,Switzerland,Schongau,Wahlkreis Hochdorf,Lucerne,1069,Lucerne,Commune,,Lucerne,,,,,,,,,,localadmin,,CH-LU,Schongau,county,2,CH-LU,Hochdorf,region,1,CH-LU,Luzern,HIGH,1.0,CH-LU
,Switzerland,Ermensee,Wahlkreis Hochdorf,Lucerne,1043,Lucerne,Commune,,Lucerne,,,,,,,,,,localadmin,,CH-LU,Ermensee,county,2,CH-LU,Hochdorf,region,1,CH-LU,Luzern,HIGH,1.0,CH-LU
,Switzerland,Kriens,Wahlkreis Luzern-Land,Lucerne,30005,Lucerne,City,,Lucerne,,,,,,,,,,localadmin,,CH-LU,Kriens,county,2,CH-LU,Luzern,region,1,CH-LU,Luzern,HIGH,1.0,CH-LU
,Switzerland,Horw,Wahlkreis Luzern-Land,Lucerne,15813,Lucerne,City,,Lucerne,,,,,,,,,,localadmin,,CH-LU,Horw,county,2,CH-LU,Luzern,region,1,CH-LU,Luzern,HIGH,1.0,CH-LU
,Switzerland,Ebikon,Wahlkreis Luzern-Land,Lucerne,14788,Lucerne,City,,Lucerne,,,,,,,,,,localadmin,,CH-LU,Ebikon,county,2,CH-LU,Luzern,region,1,CH-LU,Luzern,HIGH,1.0,CH-LU
,Switzerland,Malters,Wahlkreis Luzern-Land,Lucerne,7865,Lucerne,Commune,,Lucerne,,,,,,,,,,localadmin,,CH-LU,Malters,county,2,CH-LU,Luzern,region,1,CH-LU,Luzern,HIGH,1.0,CH-LU
,Switzerland,Meggen,Wahlkreis Luzern-Land,Lucerne,7794,Lucerne,Commune,,Lucerne,,,,,,,,,,localadmin,,CH-LU,Meggen,county,2,CH-LU,Luzern,region,1,CH-LU,Luzern,HIGH,1.0,CH-LU
,Switzerland,Buchrain,Wahlkreis Luzern-Land,Lucerne,6807,Lucerne,Commune,,Lucerne,,,,,,,,,,localadmin,,CH-LU,Buchrain,county,2,CH-LU,Luzern,region,1,CH-LU,Luzern,HIGH,1.0,CH-LU
,Switzerland,Root,Wahlkreis Luzern-Land,Lucerne,6065,Lucerne,Commune,,Lucerne,,,,,,,,,,localadmin,,CH-LU,Root,county,2,CH-LU,Luzern,region,1,CH-LU,Luzern,HIGH,1.0,CH-LU
,Switzerland,Adligenswil,Wahlkreis Luzern-Land,Lucerne,5617,Lucerne,Commune,,Lucerne,,,,,,,,,,localadmin,,CH-LU,Adligenswil,county,2,CH-LU,Luzern,region,1,CH-LU,Luzern,HIGH,1.0,CH-LU
,Switzerland,Weggis,Wahlkreis Luzern-Land,Lucerne,4708,Lucerne,Commune,,Lucerne,,,,,,,,,,localadmin,,CH-LU,Weggis,county,2,CH-LU,Luzern,region,1,CH-LU,Luzern,HIGH,1.0,CH-LU
,Switzerland,Udligenswil,Wahlkreis Luzern-Land,Lucerne,2475,Lucerne,Commune,,Lucerne,,,,,,,,,,localadmin,,CH-LU,Udligenswil,county,2,CH-LU,Luzern,region,1,CH-LU,Luzern,HIGH,1.0,CH-LU
,Switzerland,Schwarzenberg,Wahlkreis Luzern-Land,Lucerne,1817,Lucerne,Commune,,Lucerne,,,,,,,,,,localadmin,,CH-LU,Schwarzenberg,county,2,CH-LU,Luzern,region,1,CH-LU,Luzern,HIGH,1.0,CH-LU
,Switzerland,Dierikon,Wahlkreis Luzern-Land,Lucerne,1685,Lucerne,Commune,,Lucerne,,,,,,,,,,localadmin,,CH-LU,Dierikon,county,2,CH-LU,Luzern,region,1,CH-LU,Luzern,HIGH,1.0,CH-LU
,Switzerland,Meierskappel,Wahlkreis Luzern-Land,Lucerne,1594,Lucerne,Commune,,Lucerne,,,,,,,,,,localadmin,,CH-LU,Meierskappel,county,2,CH-LU,Luzern,region,1,CH-LU,Luzern,HIGH,1.0,CH-LU
,Switzerland,Gisikon,Wahlkreis Luzern-Land,Lucerne,1515,Lucerne,Commune,,Lucerne,,,,,,,,,,localadmin,,CH-LU,Gisikon,county,2,CH-LU,Luzern,region,1,CH-LU,Luzern,HIGH,1.0,CH-LU
,Switzerland,Vitznau,Wahlkreis Luzern-Land,Lucerne,1476,Lucerne,Commune,,Lucerne,,,,,,,,,,localadmin,,CH-LU,Vitznau,county,2,CH-LU,Luzern,region,1,CH-LU,Luzern,HIGH,1.0,CH-LU
,Switzerland,Greppen,Wahlkreis Luzern-Land,Lucerne,1219,Lucerne,Commune,,Lucerne,,,,,,,,,,localadmin,,CH-LU,Greppen,county,2,CH-LU,Luzern,region,1,CH-LU,Luzern,HIGH,1.0,CH-LU
,Switzerland,Honau,Wahlkreis Luzern-Land,Lucerne,579,Lucerne,Commune,,Lucerne,,,,,,,,,,,,,,,,,,region,1,CH-LU,Luzern,NONE,0.0,CH-LU
,Switzerland,Sursee,Wahlkreis Sursee,Lucerne,11027,Lucerne,City,,Lucerne,,,,,,,,,,localadmin,,CH-LU,Sursee,county,2,CH-LU,Sursee,region,1,CH-LU,Luzern,HIGH,1.0,CH-LU
,Switzerland,Ruswil,Wahlkreis Sursee,Lucerne,7537,Lucerne,Commune,,Lucerne,,,,,,,,,,localadmin,,CH-LU,Ruswil,county,2,CH-LU,Sursee,region,1,CH-LU,Luzern,HIGH,1.0,CH-LU
,Switzerland,Neuenkirch,Wahlkreis Sursee,Lucerne,7229,Lucerne,Commune,,Lucerne,,,,,,,,,,localadmin,,CH-LU,Neuenkirch,county,2,CH-LU,Sursee,region,1,CH-LU,Luzern,HIGH,1.0,CH-LU
,Switzerland,"Beromünster (incl. Gunzwil, Neudorf)",Wahlkreis Sursee,Lucerne,6829,Lucerne,Commune,,Lucerne,,,,,,,,,,localadmin,,CH-LU,Beromünster,county,2,CH-LU,Sursee,region,1,CH-LU,Luzern,HIGH,1.0,CH-LU
,Switzerland,Oberkirch,Wahlkreis Sursee,Lucerne,5106,Lucerne,Commune,,Lucerne,,,,,,,,,,localadmin,,CH-LU,Oberkirch,county,2,CH-LU,Sursee,region,1,CH-LU,Luzern,HIGH,1.0,CH-LU
,Switzerland,Triengen (incl. Winikon),Wahlkreis Sursee,Lucerne,4922,Lucerne,Commune,,Lucerne,,,,,,,,,,localadmin,,CH-LU,Triengen,county,2,CH-LU,Sursee,region,1,CH-LU,Luzern,HIGH,1.0,CH-LU
,Switzerland,Sempach,Wahlkreis Sursee,Lucerne,4380,Lucerne,City,,Lucerne,,,,,,,,,,localadmin,,CH-LU,Sempach,county,2,CH-LU,Sursee,region,1,CH-LU,Luzern,HIGH,1.0,CH-LU
,Switzerland,Nottwil,Wahlkreis Sursee,Lucerne,4118,Lucerne,Commune,,Lucerne,,,,,,,,,,localadmin,,CH-LU,Nottwil,county,2,CH-LU,Sursee,region,1,CH-LU,Luzern,HIGH,1.0,CH-LU
,Switzerland,Rickenbach (LU) (incl. Pfeffikon),Wahlkreis Sursee,Lucerne,3883,Lucerne,Commune,,Lucerne,,,,,,,,,,localadmin,,CH-LU,Rickenbach,county,2,CH-LU,Sursee,region,1,CH-LU,Luzern,HIGH,1.0,CH-LU
,Switzerland,Grosswangen,Wahlkreis Sursee,Lucerne,3523,Lucerne,Commune,,Lucerne,,,,,,,,,,localadmin,,CH-LU,Grosswangen,county,2,CH-LU,Sursee,region,1,CH-LU,Luzern,HIGH,1.0,CH-LU
,Switzerland,Buttisholz,Wahlkreis Sursee,Lucerne,3486,Lucerne,Commune,,Lucerne,,,,,,,,,,localadmin,,CH-LU,Buttisholz,county,2,CH-LU,Sursee,region,1,CH-LU,Luzern,HIGH,1.0,CH-LU
,Switzerland,Schenkon,Wahlkreis Sursee,Lucerne,3115,Lucerne,Commune,,Lucerne,,,,,,,,,,localadmin,,CH-LU,Schenkon,county,2,CH-LU,Sursee,region,1,CH-LU,Luzern,HIGH,1.0,CH-LU
,Switzerland,Geuensee,Wahlkreis Sursee,Lucerne,2941,Lucerne,Commune,,Lucerne,,,,,,,,,,localadmin,,CH-LU,Geuensee,county,2,CH-LU,Sursee,region,1,CH-LU,Luzern,HIGH,1.0,CH-LU
,Switzerland,Büron,Wahlkreis Sursee,Lucerne,2764,Lucerne,Commune,,Lucerne,,,,,,,,,,localadmin,,CH-LU,Büron,county,2,CH-LU,Sursee,region,1,CH-LU,Luzern,HIGH,1.0,CH-LU
,Switzerland,Knutwil,Wahlkreis Sursee,Lucerne,2516,Lucerne,Commune,,Lucerne,,,,,,,,,,localadmin,,CH-LU,Knutwil,county,2,CH-LU,Sursee,region,1,CH-LU,Luzern,HIGH,1.0,CH-LU
,Switzerland,Hildisrieden,Wahlkreis Sursee,Lucerne,2502,Lucerne,Commune,,Lucerne,,,,,,,,,,localadmin,,CH-LU,Hildisrieden,county,2,CH-LU,Sursee,region,1,CH-LU,Luzern,HIGH,1.0,CH-LU
,Switzerland,Eich,Wahlkreis Sursee,Lucerne,1750,Lucerne,Commune,,Lucerne,,,,,,,,,,localadmin,,CH-LU,Eich,county,2,CH-LU,Sursee,region,1,CH-LU,Luzern,HIGH,1.0,CH-LU
,Switzerland,Mauensee,Wahlkreis Sursee,Lucerne,1505,Lucerne,Commune,,Lucerne,,,,,,,,,,localadmin,,CH-LU,Mauensee,county,2,CH-LU,Sursee,region,1,CH-LU,Luzern,HIGH,1.0,CH-LU
,Switzerland,Schlierbach,Wahlkreis Sursee,Lucerne,1008,Lucerne,Commune,,Lucerne,,,,,,,,,,localadmin,,CH-LU,Schlierbach,county,2,CH-LU,Sursee,region,1,CH-LU,Luzern,HIGH,1.0,CH-LU
,Switzerland,Willisau (incl. Gettnau),Wahlkreis Willisau,Lucerne,9238,,City,,#N/A,,,,,,,,,,localadmin,,CH-LU,Willisau,county,2,CH-LU,Willisau,region,1,CH-LU,Luzern,HIGH,1.0,CH-LU
,Switzerland,Reiden (incl. Langnau),Wahlkreis Willisau,Lucerne,7664,,Commune,,#N/A,,,,,,,,,,localadmin,,CH-LU,Reiden,county,2,CH-LU,Willisau,region,1,CH-LU,Luzern,HIGH,1.0,CH-LU
,Switzerland,Dagmersellen (incl. Uffikon),Wahlkreis Willisau,Lucerne,6002,,Commune,,#N/A,,,,,,,,,,localadmin,,CH-LU,Dagmersellen,county,2,CH-LU,Willisau,region,1,CH-LU,Luzern,HIGH,1.0,CH-LU
,Switzerland,Schötz,Wahlkreis Willisau,Lucerne,4959,,Commune,,#N/A,,,,,,,,,,localadmin,,CH-LU,Schötz,county,2,CH-LU,Willisau,region,1,CH-LU,Luzern,HIGH,1.0,CH-LU
,Switzerland,Menznau,Wahlkreis Willisau,Lucerne,3149,,Commune,,#N/A,,,,,,,,,,localadmin,,CH-LU,Menznau,county,2,CH-LU,Willisau,region,1,CH-LU,Luzern,HIGH,1.0,CH-LU
,Switzerland,Nebikon,Wahlkreis Willisau,Lucerne,2940,,Commune,,#N/A,,,,,,,,,,localadmin,,CH-LU,Nebikon,county,2,CH-LU,Willisau,region,1,CH-LU,Luzern,HIGH,1.0,CH-LU
,Switzerland,Ettiswil,Wahlkreis Willisau,Lucerne,2904,,Commune,,#N/A,,,,,,,,,,localadmin,,CH-LU,Ettiswil,county,2,CH-LU,Willisau,region,1,CH-LU,Luzern,HIGH,1.0,CH-LU
,Switzerland,Pfaffnau,Wahlkreis Willisau,Lucerne,2777,,Commune,,#N/A,,,,,,,,,,localadmin,,CH-LU,Pfaffnau,county,2,CH-LU,Willisau,region,1,CH-LU,Luzern,HIGH,1.0,CH-LU
,Switzerland,Wauwil,Wahlkreis Willisau,Lucerne,2656,,Commune,,#N/A,,,,,,,,,,localadmin,,CH-LU,Wauwil,county,2,CH-LU,Willisau,region,1,CH-LU,Luzern,HIGH,1.0,CH-LU
,Switzerland,Zell (LU),Wahlkreis Willisau,Lucerne,2204,,Commune,,#N/A,,,,,,,,,,localadmin,,CH-LU,Zell (LU),county,2,CH-LU,Willisau,region,1,CH-LU,Luzern,HIGH,1.0,CH-LU
,Switzerland,Altishofen (incl. Ebersecken),Wahlkreis Willisau,Lucerne,2055,,Commune,,#N/A,,,,,,,,,,localadmin,,CH-LU,Altishofen,county,2,CH-LU,Willisau,region,1,CH-LU,Luzern,HIGH,1.0,CH-LU
,Switzerland,Hergiswil bei Willisau,Wahlkreis Willisau,Lucerne,1944,,Commune,,#N/A,,,,,,,,,,localadmin,,CH-LU,Hergiswil bei Willisau,county,2,CH-LU,Willisau,region,1,CH-LU,Luzern,HIGH,1.0,CH-LU
,Switzerland,Egolzwil,Wahlkreis Willisau,Lucerne,1664,,Commune,,#N/A,,,,,,,,,,localadmin,,CH-LU,Egolzwil,county,2,CH-LU,Willisau,region,1,CH-LU,Luzern,HIGH,1.0,CH-LU
,Switzerland,Wikon,Wahlkreis Willisau,Lucerne,1502,,Commune,,#N/A,,,,,,,,,,localadmin,,CH-LU,Wikon,county,2,CH-LU,Willisau,region,1,CH-LU,Luzern,HIGH,1.0,CH-LU
,Switzerland,Luthern,Wahlkreis Willisau,Lucerne,1240,,Commune,,#N/A,,,,,,,,,,localadmin,,CH-LU,Luthern,county,2,CH-LU,Willisau,region,1,CH-LU,Luzern,HIGH,1.0,CH-LU
,Switzerland,Altbüron,Wahlkreis Willisau,Lucerne,1014,,Commune,,#N/A,,,,,,,,,,localadmin,,CH-LU,Altbüron,county,2,CH-LU,Willisau,region,1,CH-LU,Luzern,HIGH,1.0,CH-LU
,Switzerland,Grossdietwil,Wahlkreis Willisau,Lucerne,919,,Commune,,#N/A,,,,,,,,,,localadmin,,CH-LU,Grossdietwil,county,2,CH-LU,Willisau,region,1,CH-LU,Luzern,HIGH,1.0,CH-LU
,Switzerland,Ufhusen,Wahlkreis Willisau,Lucerne,919,,Commune,,#N/A,,,,,,,,,,localadmin,,CH-LU,Ufhusen,county,2,CH-LU,Willisau,region,1,CH-LU,Luzern,HIGH,1.0,CH-LU
,Switzerland,Roggliswil,Wahlkreis Willisau,Lucerne,790,,Commune,,#N/A,,,,,,,,,,localadmin,,CH-LU,Roggliswil,county,2,CH-LU,Willisau,region,1,CH-LU,Luzern,HIGH,1.0,CH-LU
,Switzerland,Alberswil,Wahlkreis Willisau,Lucerne,735,,Commune,,#N/A,,,,,,,,,,localadmin,,CH-LU,Alberswil,county,2,CH-LU,Willisau,region,1,CH-LU,Luzern,HIGH,1.0,CH-LU
,Switzerland,Fischbach,Wahlkreis Willisau,Lucerne,724,,Commune,,#N/A,,,,,,,,,,localadmin,,CH-LU,Fischbach,county,2,CH-LU,Willisau,region,1,CH-LU,Luzern,HIGH,1.0,CH-LU
,Switzerland,"Neuchâtel (incl. Peseux, Corcelles-Cormondrèche)",Neuchâtel,Neuchâtel,45304,Neuchâtel,City,,Neuchâtel,,,,,,,,,,localadmin,,CH-NE,Neuchâtel,county,2,CH-NE,Neuchâtel,region,1,CH-NE,Neuchâtel,HIGH,1.0,CH-NE
,Switzerland,La Chaux-de-Fonds,Neuchâtel,Neuchâtel,37593,Neuchâtel,City,,Neuchâtel,,,,,,,,,,localadmin,,CH-NE,La Chaux-de-Fonds,county,2,CH-NE,La Chaux-de-Fonds,region,1,CH-NE,Neuchâtel,HIGH,1.0,CH-NE
,Switzerland,"Val-de-Ruz (incl. Cernier, Fontainemelon)",Neuchâtel,Neuchâtel,17512,Neuchâtel,Commune,,Neuchâtel,,,,,,,,,,county,2,CH-NE,Val-de-Ruz,county,2,CH-NE,Val-de-Ruz,region,1,CH-NE,Neuchâtel,HIGH,1.0,CH-NE
,Switzerland,Le Locle (incl. Les Brenets),Neuchâtel,Neuchâtel,10906,Neuchâtel,City,,Neuchâtel,,,,,,,,,,localadmin,,CH-NE,Le Locle,county,2,CH-NE,Le Locle,region,1,CH-NE,Neuchâtel,HIGH,1.0,CH-NE
,Switzerland,"Val-de-Travers (incl. Couvet, Fleurier, Travers)",Neuchâtel,Neuchâtel,10690,Neuchâtel,City,,Neuchâtel,,,,,,,,,,county,2,CH-NE,Val-de-Travers,county,2,CH-NE,Val-de-Travers,region,1,CH-NE,Neuchâtel,HIGH,1.0,CH-NE
,Switzerland,"Milvignes (incl. Auvernier, Bôle, Colombier)",Neuchâtel,Neuchâtel,9308,Neuchâtel,Commune,,Neuchâtel,,,,,,,,,,localadmin,,CH-NE,Milvignes,county,2,CH-NE,Boudry,region,1,CH-NE,Neuchâtel,HIGH,1.0,CH-NE
,Switzerland,La Grande Béroche,Neuchâtel,Neuchâtel,9229,Neuchâtel,Commune,,Neuchâtel,,,,,,,,,,localadmin,,CH-NE,Neuchâtel,county,2,CH-NE,Neuchâtel,region,1,CH-NE,Neuchâtel,HIGH,1.0,CH-NE
,Switzerland,Boudry,Neuchâtel,Neuchâtel,6316,Neuchâtel,City,,Neuchâtel,,,,,,,,,,localadmin,,CH-NE,Boudry,county,2,CH-NE,Boudry,region,1,CH-NE,Neuchâtel,HIGH,1.0,CH-NE
,Switzerland,La Tène (incl. Marin-Epagnier),Neuchâtel,Neuchâtel,5570,Neuchâtel,Commune,,Neuchâtel,,,,,,,,,,localadmin,,CH-NE,Neuchâtel,county,2,CH-NE,Neuchâtel,region,1,CH-NE,Neuchâtel,HIGH,1.0,CH-NE
,Switzerland,Cortaillod,Neuchâtel,Neuchâtel,4807,Neuchâtel,Commune,,Neuchâtel,,,,,,,,,,localadmin,,CH-NE,Cortaillod,county,2,CH-NE,Boudry,region,1,CH-NE,Neuchâtel,HIGH,1.0,CH-NE
,Switzerland,Le Landeron,Neuchâtel,Neuchâtel,4652,Neuchâtel,City,,Neuchâtel,,,,,,,,,,localadmin,,CH-NE,Le Landeron,county,2,CH-NE,Neuchâtel,region,1,CH-NE,Neuchâtel,HIGH,1.0,CH-NE
,Switzerland,Saint-Blaise,Neuchâtel,Neuchâtel,3198,Neuchâtel,Commune,,Neuchâtel,,,,,,,,,,localadmin,,CH-NE,Neuchâtel,county,2,CH-NE,Neuchâtel,region,1,CH-NE,Neuchâtel,HIGH,1.0,CH-NE
,Switzerland,Hauterive (NE),Neuchâtel,Neuchâtel,2666,Neuchâtel,Commune,,Neuchâtel,,,,,,,,,,localadmin,,CH-NE,Neuchâtel,county,2,CH-NE,Neuchâtel,region,1,CH-NE,Neuchâtel,HIGH,1.0,CH-NE
,Switzerland,Cressier (NE),Neuchâtel,Neuchâtel,2002,Neuchâtel,Commune,,Neuchâtel,,,,,,,,,,localadmin,,CH-NE,Cressier (NE),county,2,CH-NE,Neuchâtel,region,1,CH-NE,Neuchâtel,HIGH,1.0,CH-NE
,Switzerland,Cornaux,Neuchâtel,Neuchâtel,1681,Neuchâtel,Commune,,Neuchâtel,,,,,,,,,,localadmin,,CH-NE,Cornaux,county,2,CH-NE,Neuchâtel,region,1,CH-NE,Neuchâtel,HIGH,1.0,CH-NE
,Switzerland,Rochefort (incl. Brot-Dessous),Neuchâtel,Neuchâtel,1354,Neuchâtel,Commune,,Neuchâtel,,,,,,,,,,localadmin,,CH-NE,Rochefort,county,2,CH-NE,Boudry,region,1,CH-NE,Neuchâtel,HIGH,1.0,CH-NE
,Switzerland,Les Ponts-de-Martel,Neuchâtel,Neuchâtel,1231,Neuchâtel,Commune,,Neuchâtel,,,,,,,,,,localadmin,,CH-NE,Les Ponts-de-Martel,county,2,CH-NE,Le Locle,region,1,CH-NE,Neuchâtel,HIGH,1.0,CH-NE
,Switzerland,La Sagne,Neuchâtel,Neuchâtel,1075,Neuchâtel,Commune,,Neuchâtel,,,,,,,,,,localadmin,,CH-NE,La Sagne,county,2,CH-NE,La Chaux-de-Fonds,region,1,CH-NE,Neuchâtel,HIGH,1.0,CH-NE
,Switzerland,Lignières,Neuchâtel,Neuchâtel,1061,Neuchâtel,Commune,,Neuchâtel,,,,,,,,,,localadmin,,CH-NE,Lignières,county,2,CH-NE,Neuchâtel,region,1,CH-NE,Neuchâtel,HIGH,1.0,CH-NE
,Switzerland,Les Verrières,Neuchâtel,Neuchâtel,658,Neuchâtel,Commune,,Neuchâtel,,,,,,,,,,localadmin,,CH-NE,Les Verrières,county,2,CH-NE,Val-de-Travers,region,1,CH-NE,Neuchâtel,HIGH,1.0,CH-NE
,Switzerland,La Brévine,Neuchâtel,Neuchâtel,624,Neuchâtel,Commune,,Neuchâtel,,,,,,,,,,localadmin,,CH-NE,La Brévine,county,2,CH-NE,Le Locle,region,1,CH-NE,Neuchâtel,HIGH,1.0,CH-NE
,Switzerland,La Chaux-du-Milieu,Neuchâtel,Neuchâtel,496,Neuchâtel,Commune,,Neuchâtel,,,,,,,,,,localadmin,,CH-NE,La Chaux-du-Milieu,county,2,CH-NE,Le Locle,region,1,CH-NE,Neuchâtel,HIGH,1.0,CH-NE
,Switzerland,La Côte-aux-Fées,Neuchâtel,Neuchâtel,473,Neuchâtel,Commune,,Neuchâtel,,,,,,,,,,localadmin,,CH-NE,La Côte-aux-Fées,county,2,CH-NE,Val-de-Travers,region,1,CH-NE,Neuchâtel,HIGH,1.0,CH-NE
,Switzerland,Le Cerneux-Péquignot,Neuchâtel,Neuchâtel,310,Neuchâtel,Commune,,Neuchâtel,,,,,,,,,,localadmin,,CH-NE,Le Cerneux-Péquignot,county,2,CH-NE,Le Locle,region,1,CH-NE,Neuchâtel,HIGH,1.0,CH-NE
,Switzerland,Brot-Plamboz,Neuchâtel,Neuchâtel,297,Neuchâtel,Commune,,Neuchâtel,,,,,,,,,,localadmin,,CH-NE,Brot-Plamboz,county,2,CH-NE,Le Locle,region,1,CH-NE,Neuchâtel,HIGH,1.0,CH-NE
,Switzerland,Enges,Neuchâtel,Neuchâtel,283,Neuchâtel,Commune,,Neuchâtel,,,,,,,,,,localadmin,,CH-NE,Neuchâtel,county,2,CH-NE,Neuchâtel,region,1,CH-NE,Neuchâtel,HIGH,1.0,CH-NE
,Switzerland,Les Planchettes,Neuchâtel,Neuchâtel,200,Neuchâtel,Commune,,Neuchâtel,,,,,,,,,,localadmin,,CH-NE,Les Planchettes,county,2,CH-NE,La Chaux-de-Fonds,region,1,CH-NE,Neuchâtel,HIGH,1.0,CH-NE
,Switzerland,Stans,Nidwald,Nidwald,8508,,Commune,,#N/A,,,,,,,,,,localadmin,,CH-NW,Stans,county,2,CH-NW,Nidwalden,region,1,CH-NW,Nidwalden,HIGH,1.0,CH-NW
,Switzerland,Hergiswil (NW),Nidwald,Nidwald,6295,,Commune,,#N/A,,,,,,,,,,localadmin,,CH-NW,Hergiswil (NW),county,2,CH-NW,Nidwalden,region,1,CH-NW,Nidwalden,HIGH,1.0,CH-NW
,Switzerland,Buochs,Nidwald,Nidwald,5482,,Commune,,#N/A,,,,,,,,,,localadmin,,CH-NW,Buochs,county,2,CH-NW,Nidwalden,region,1,CH-NW,Nidwalden,HIGH,1.0,CH-NW
,Switzerland,Ennetbürgen,Nidwald,Nidwald,5326,,Commune,,#N/A,,,,,,,,,,localadmin,,CH-NW,Ennetbürgen,county,2,CH-NW,Nidwalden,region,1,CH-NW,Nidwalden,HIGH,1.0,CH-NW
,Switzerland,Stansstad,Nidwald,Nidwald,4922,,Commune,,#N/A,,,,,,,,,,region,1,CH-NW,Nidwalden,county,2,CH-NW,Nidwalden,region,1,CH-NW,Nidwalden,HIGH,1.0,CH-NW
,Switzerland,Beckenried,Nidwald,Nidwald,3713,,Commune,,#N/A,,,,,,,,,,localadmin,,CH-NW,Beckenried,county,2,CH-NW,Nidwalden,region,1,CH-NW,Nidwalden,HIGH,1.0,CH-NW
,Switzerland,Oberdorf (NW),Nidwald,Nidwald,3099,,Commune,,#N/A,,,,,,,,,,localadmin,,CH-NW,Oberdorf (NW),county,2,CH-NW,Nidwalden,region,1,CH-NW,Nidwalden,HIGH,1.0,CH-NW
,Switzerland,Ennetmoos,Nidwald,Nidwald,2338,,Commune,,#N/A,,,,,,,,,,localadmin,,CH-NW,Ennetmoos,county,2,CH-NW,Nidwalden,region,1,CH-NW,Nidwalden,HIGH,1.0,CH-NW
,Switzerland,Wolfenschiessen,Nidwald,Nidwald,2121,,Commune,,#N/A,,,,,,,,,,localadmin,,CH-NW,Wolfenschiessen,county,2,CH-NW,Nidwalden,region,1,CH-NW,Nidwalden,HIGH,1.0,CH-NW
,Switzerland,Dallenwil,Nidwald,Nidwald,1871,,Commune,,#N/A,,,,,,,,,,localadmin,,CH-NW,Dallenwil,county,2,CH-NW,Nidwalden,region,1,CH-NW,Nidwalden,HIGH,1.0,CH-NW
,Switzerland,Emmetten,Nidwald,Nidwald,1668,,Commune,,#N/A,,,,,,,,,,localadmin,,CH-NW,Emmetten,county,2,CH-NW,Nidwalden,region,1,CH-NW,Nidwalden,HIGH,1.0,CH-NW
,Switzerland,Sarnen,Obwald,Obwald,10861,,Commune,,#N/A,,,,,,,,,,localadmin,,CH-OW,Sarnen,county,2,CH-OW,Obwalden,region,1,CH-OW,Obwalden,HIGH,1.0,CH-OW
,Switzerland,Kerns,Obwald,Obwald,6514,,Commune,,#N/A,,,,,,,,,,localadmin,,CH-OW,Kerns,county,2,CH-OW,Obwalden,region,1,CH-OW,Obwalden,HIGH,1.0,CH-OW
,Switzerland,Alpnach,Obwald,Obwald,6511,,Commune,,#N/A,,,,,,,,,,localadmin,,CH-OW,Alpnach,county,2,CH-OW,Obwalden,region,1,CH-OW,Obwalden,HIGH,1.0,CH-OW
,Switzerland,Sachseln,Obwald,Obwald,5299,,Commune,,#N/A,,,,,,,,,,localadmin,,CH-OW,Sachseln,county,2,CH-OW,Obwalden,region,1,CH-OW,Obwalden,HIGH,1.0,CH-OW
,Switzerland,Engelberg,Obwald,Obwald,4415,,Commune,,#N/A,,,,,,,,,,localadmin,,CH-OW,Engelberg,county,2,CH-OW,Obwalden,region,1,CH-OW,Obwalden,HIGH,1.0,CH-OW
,Switzerland,Giswil,Obwald,Obwald,3988,,Commune,,#N/A,,,,,,,,,,localadmin,,CH-OW,Giswil,county,2,CH-OW,Obwalden,region,1,CH-OW,Obwalden,HIGH,1.0,CH-OW
,Switzerland,Lungern,Obwald,Obwald,2072,,Commune,,#N/A,,,,,,,,,,localadmin,,CH-OW,Lungern,county,2,CH-OW,Obwalden,region,1,CH-OW,Obwalden,HIGH,1.0,CH-OW
,Switzerland,Neunkirch,Bezirk Oberklettgau,Schaffhausen,2659,,City,,#N/A,,,,,,,,,,localadmin,,CH-SH,Neunkirch,county,2,CH-SH,Oberklettgau,region,1,CH-SH,Schaffhausen,HIGH,1.0,CH-SH
,Switzerland,Löhningen,Bezirk Oberklettgau,Schaffhausen,1642,,Commune,,#N/A,,,,,,,,,,localadmin,,CH-SH,Löhningen,county,2,CH-SH,Oberklettgau,region,1,CH-SH,Schaffhausen,HIGH,1.0,CH-SH
,Switzerland,Gächlingen,Bezirk Oberklettgau,Schaffhausen,1029,,Commune,,#N/A,,,,,,,,,,localadmin,,CH-SH,Gächlingen,county,2,CH-SH,Oberklettgau,region,1,CH-SH,Schaffhausen,HIGH,1.0,CH-SH
,Switzerland,Thayngen,Bezirk Reiat,Schaffhausen,5881,,Commune,,#N/A,,,,,,,,,,localadmin,,CH-SH,Thayngen,county,2,CH-SH,Reiat,region,1,CH-SH,Schaffhausen,HIGH,1.0,CH-SH
,Switzerland,Stetten (SH),Bezirk Reiat,Schaffhausen,1479,,Commune,,#N/A,,,,,,,,,,localadmin,,CH-SH,Stetten (SH),county,2,CH-SH,Reiat,region,1,CH-SH,Schaffhausen,HIGH,1.0,CH-SH
,Switzerland,Dörflingen,Bezirk Reiat,Schaffhausen,1056,,Commune,,#N/A,,,,,,,,,,localadmin,,CH-SH,Dörflingen,county,2,CH-SH,Reiat,region,1,CH-SH,Schaffhausen,HIGH,1.0,CH-SH
,Switzerland,Lohn (SH),Bezirk Reiat,Schaffhausen,760,,Commune,,#N/A,,,,,,,,,,localadmin,,CH-SH,Lohn (SH),county,2,CH-SH,Reiat,region,1,CH-SH,Schaffhausen,HIGH,1.0,CH-SH
,Switzerland,Büttenhardt,Bezirk Reiat,Schaffhausen,438,,Commune,,#N/A,,,,,,,,,,localadmin,,CH-SH,Büttenhardt,county,2,CH-SH,Reiat,region,1,CH-SH,Schaffhausen,HIGH,1.0,CH-SH
,Switzerland,Schaffhausen,Bezirk Schaffhausen,Schaffhausen,38960,Schaffhausen,City,,Schaffhausen,,,,,,,,,,county,2,CH-SH,Schaffhausen,county,2,CH-SH,Schaffhausen,region,1,CH-SH,Schaffhausen,HIGH,1.0,CH-SH
,Switzerland,Neuhausen am Rheinfall,Bezirk Schaffhausen,Schaffhausen,11827,Schaffhausen,City,,Schaffhausen,,,,,,,,,,localadmin,,CH-SH,Neuhausen am Rheinfall,county,2,CH-SH,Schaffhausen,region,1,CH-SH,Schaffhausen,HIGH,1.0,CH-SH
,Switzerland,Beringen,Bezirk Schaffhausen,Schaffhausen,5267,Schaffhausen,Commune,,Schaffhausen,,,,,,,,,,localadmin,,CH-SH,Beringen,county,2,CH-SH,Schaffhausen,region,1,CH-SH,Schaffhausen,HIGH,1.0,CH-SH
,Switzerland,Merishausen,Bezirk Schaffhausen,Schaffhausen,905,Schaffhausen,Commune,,Schaffhausen,,,,,,,,,,localadmin,,CH-SH,Merishausen,county,2,CH-SH,Schaffhausen,region,1,CH-SH,Schaffhausen,HIGH,1.0,CH-SH
,Switzerland,Buchberg,Bezirk Schaffhausen,Schaffhausen,885,Schaffhausen,Commune,,Schaffhausen,,,,,,,,,,localadmin,,CH-SH,Buchberg,county,2,CH-SH,Schaffhausen,region,1,CH-SH,Schaffhausen,HIGH,1.0,CH-SH
,Switzerland,Rüdlingen,Bezirk Schaffhausen,Schaffhausen,815,Schaffhausen,Commune,,Schaffhausen,,,,,,,,,,localadmin,,CH-SH,Rüdlingen,county,2,CH-SH,Schaffhausen,region,1,CH-SH,Schaffhausen,HIGH,1.0,CH-SH
,Switzerland,Bargen (SH),Bezirk Schaffhausen,Schaffhausen,342,Schaffhausen,Commune,,Schaffhausen,,,,,,,,,,localadmin,,CH-SH,Bargen (SH),county,2,CH-SH,Schaffhausen,region,1,CH-SH,Schaffhausen,HIGH,1.0,CH-SH
,Switzerland,Schleitheim,Bezirk Schleitheim,Schaffhausen,1843,,Commune,,#N/A,,,,,,,,,,localadmin,,CH-SH,Schleitheim,county,2,CH-SH,Schleitheim,region,1,CH-SH,Schaffhausen,HIGH,1.0,CH-SH
,Switzerland,Siblingen,Bezirk Schleitheim,Schaffhausen,888,,Commune,,#N/A,,,,,,,,,,localadmin,,CH-SH,Siblingen,county,2,CH-SH,Schleitheim,region,1,CH-SH,Schaffhausen,HIGH,1.0,CH-SH
,Switzerland,Beggingen,Bezirk Schleitheim,Schaffhausen,483,,Commune,,#N/A,,,,,,,,,,localadmin,,CH-SH,Beggingen,county,2,CH-SH,Schleitheim,region,1,CH-SH,Schaffhausen,HIGH,1.0,CH-SH
,Switzerland,Stein am Rhein,Bezirk Stein,Schaffhausen,3771,,City,,#N/A,,,,,,,,,,localadmin,,CH-SH,Stein am Rhein,county,2,CH-SH,Stein,region,1,CH-SH,Schaffhausen,HIGH,1.0,CH-SH
,Switzerland,Ramsen,Bezirk Stein,Schaffhausen,1655,,Commune,,#N/A,,,,,,,,,,localadmin,,CH-SH,Ramsen,county,2,CH-SH,Stein,region,1,CH-SH,Schaffhausen,HIGH,1.0,CH-SH
,Switzerland,Hemishofen,Bezirk Stein,Schaffhausen,493,,Commune,,#N/A,,,,,,,,,,localadmin,,CH-SH,Hemishofen,county,2,CH-SH,Stein,region,1,CH-SH,Schaffhausen,HIGH,1.0,CH-SH
,Switzerland,Buch (SH),Bezirk Stein,Schaffhausen,336,,Commune,,#N/A,,,,,,,,,,localadmin,,CH-SH,Buch (SH),county,2,CH-SH,Stein,region,1,CH-SH,Schaffhausen,HIGH,1.0,CH-SH
,Switzerland,Hallau,Bezirk Unterklettgau,Schaffhausen,2423,,Commune,,#N/A,,,,,,,,,,localadmin,,CH-SH,Hallau,county,2,CH-SH,Unterklettgau,region,1,CH-SH,Schaffhausen,HIGH,1.0,CH-SH
,Switzerland,Wilchingen,Bezirk Unterklettgau,Schaffhausen,1738,,Commune,,#N/A,,,,,,,,,,localadmin,,CH-SH,Wilchingen,county,2,CH-SH,Oberklettgau,region,1,CH-SH,Schaffhausen,HIGH,1.0,CH-SH
,Switzerland,Trasadingen,Bezirk Unterklettgau,Schaffhausen,619,,Commune,,#N/A,,,,,,,,,,localadmin,,CH-SH,Trasadingen,county,2,CH-SH,Unterklettgau,region,1,CH-SH,Schaffhausen,HIGH,1.0,CH-SH
,Switzerland,Oberhallau,Bezirk Unterklettgau,Schaffhausen,456,,Commune,,#N/A,,,,,,,,,,localadmin,,CH-SH,Oberhallau,county,2,CH-SH,Unterklettgau,region,1,CH-SH,Schaffhausen,HIGH,1.0,CH-SH
,Switzerland,Einsiedeln,Bezirk Einsiedeln,Schwyz,16530,,City,,#N/A,,,,,,,,,,county,2,CH-SZ,Einsiedeln,county,2,CH-SZ,Einsiedeln,region,1,CH-SZ,Schwyz,HIGH,1.0,CH-SZ
,Switzerland,Gersau,Bezirk Gersau,Schwyz,2461,,Commune,,#N/A,,,,,,,,,,county,2,CH-SZ,Gersau,county,2,CH-SZ,Gersau,region,1,CH-SZ,Schwyz,HIGH,1.0,CH-SZ
,Switzerland,Freienbach,Bezirk Höfe,Schwyz,17027,Zurich,City,,Zurich,,,,,,,,,,localadmin,,CH-SZ,Freienbach,county,2,CH-SZ,Höfe,region,1,CH-SZ,Schwyz,HIGH,1.0,CH-SZ
,Switzerland,Wollerau,Bezirk Höfe,Schwyz,7591,Zurich,Commune,,Zurich,,,,,,,,,,localadmin,,CH-SZ,Wollerau,county,2,CH-SZ,Höfe,region,1,CH-SZ,Schwyz,HIGH,1.0,CH-SZ
,Switzerland,Feusisberg,Bezirk Höfe,Schwyz,5598,Zurich,Commune,,Zurich,,,,,,,,,,localadmin,,CH-SZ,Feusisberg,county,2,CH-SZ,Höfe,region,1,CH-SZ,Schwyz,HIGH,1.0,CH-SZ
,Switzerland,Küssnacht (SZ),Bezirk Küssnacht (SZ),Schwyz,14146,,City,,#N/A,,,,,,,,,,localadmin,,CH-SZ,Küssnacht (SZ),county,2,CH-SZ,Küssnacht,region,1,CH-SZ,Schwyz,HIGH,1.0,CH-SZ
,Switzerland,Schübelbach,Bezirk March,Schwyz,9754,,Commune,,#N/A,,,,,,,,,,localadmin,,CH-SZ,Schübelbach,county,2,CH-SZ,March,region,1,CH-SZ,Schwyz,HIGH,1.0,CH-SZ
,Switzerland,Lachen,Bezirk March,Schwyz,9525,,Commune,,#N/A,,,,,,,,,,localadmin,,CH-SZ,Lachen,county,2,CH-SZ,March,region,1,CH-SZ,Schwyz,HIGH,1.0,CH-SZ
,Switzerland,Altendorf,Bezirk March,Schwyz,7425,,Commune,,#N/A,,,,,,,,,,localadmin,,CH-SZ,Altendorf,county,2,CH-SZ,March,region,1,CH-SZ,Schwyz,HIGH,1.0,CH-SZ
,Switzerland,Wangen (SZ),Bezirk March,Schwyz,5583,,Commune,,#N/A,,,,,,,,,,localadmin,,CH-SZ,Wangen (SZ),county,2,CH-SZ,March,region,1,CH-SZ,Schwyz,HIGH,1.0,CH-SZ
,Switzerland,Galgenen,Bezirk March,Schwyz,5463,,Commune,,#N/A,,,,,,,,,,localadmin,,CH-SZ,Galgenen,county,2,CH-SZ,March,region,1,CH-SZ,Schwyz,HIGH,1.0,CH-SZ
,Switzerland,Reichenburg,Bezirk March,Schwyz,4153,,Commune,,#N/A,,,,,,,,,,localadmin,,CH-SZ,Reichenburg,county,2,CH-SZ,March,region,1,CH-SZ,Schwyz,HIGH,1.0,CH-SZ
,Switzerland,Tuggen,Bezirk March,Schwyz,3470,,Commune,,#N/A,,,,,,,,,,localadmin,,CH-SZ,Tuggen,county,2,CH-SZ,March,region,1,CH-SZ,Schwyz,HIGH,1.0,CH-SZ
,Switzerland,Vorderthal,Bezirk March,Schwyz,1035,,Commune,,#N/A,,,,,,,,,,localadmin,,CH-SZ,Vorderthal,county,2,CH-SZ,March,region,1,CH-SZ,Schwyz,HIGH,1.0,CH-SZ
,Switzerland,Innerthal,Bezirk March,Schwyz,191,,Commune,,#N/A,,,,,,,,,,localadmin,,CH-SZ,Innerthal,county,2,CH-SZ,March,region,1,CH-SZ,Schwyz,HIGH,1.0,CH-SZ
,Switzerland,Schwyz,Bezirk Schwyz,Schwyz,16445,,City,,#N/A,,,,,,,,,,region,1,CH-SZ,Schwyz,county,2,CH-SZ,Schwyz,region,1,CH-SZ,Schwyz,HIGH,1.0,CH-SZ
,Switzerland,Arth,Bezirk Schwyz,Schwyz,12523,,City,,#N/A,,,,,,,,,,localadmin,,CH-SZ,Arth,county,2,CH-SZ,Schwyz,region,1,CH-SZ,Schwyz,HIGH,1.0,CH-SZ
,Switzerland,Ingenbohl,Bezirk Schwyz,Schwyz,9546,,Commune,,#N/A,,,,,,,,,,localadmin,,CH-SZ,Ingenbohl,county,2,CH-SZ,Schwyz,region,1,CH-SZ,Schwyz,HIGH,1.0,CH-SZ
,Switzerland,Steinen,Bezirk Schwyz,Schwyz,3774,,Commune,,#N/A,,,,,,,,,,localadmin,,CH-SZ,Steinen,county,2,CH-SZ,Schwyz,region,1,CH-SZ,Schwyz,HIGH,1.0,CH-SZ
,Switzerland,Muotathal,Bezirk Schwyz,Schwyz,3583,,Commune,,#N/A,,,,,,,,,,localadmin,,CH-SZ,Muotathal,county,2,CH-SZ,Schwyz,region,1,CH-SZ,Schwyz,HIGH,1.0,CH-SZ
,Switzerland,Rothenthurm,Bezirk Schwyz,Schwyz,2595,,Commune,,#N/A,,,,,,,,,,localadmin,,CH-SZ,Rothenthurm,county,2,CH-SZ,Schwyz,region,1,CH-SZ,Schwyz,HIGH,1.0,CH-SZ
,Switzerland,Unteriberg,Bezirk Schwyz,Schwyz,2476,,Commune,,#N/A,,,,,,,,,,localadmin,,CH-SZ,Unteriberg,county,2,CH-SZ,Schwyz,region,1,CH-SZ,Schwyz,HIGH,1.0,CH-SZ
,Switzerland,Sattel,Bezirk Schwyz,Schwyz,2066,,Commune,,#N/A,,,,,,,,,,localadmin,,CH-SZ,Sattel,county,2,CH-SZ,Schwyz,region,1,CH-SZ,Schwyz,HIGH,1.0,CH-SZ
,Switzerland,Morschach,Bezirk Schwyz,Schwyz,1378,,Commune,,#N/A,,,,,,,,,,localadmin,,CH-SZ,Morschach,county,2,CH-SZ,Schwyz,region,1,CH-SZ,Schwyz,HIGH,1.0,CH-SZ
,Switzerland,Lauerz,Bezirk Schwyz,Schwyz,1149,,Commune,,#N/A,,,,,,,,,,localadmin,,CH-SZ,Lauerz,county,2,CH-SZ,Schwyz,region,1,CH-SZ,Schwyz,HIGH,1.0,CH-SZ
,Switzerland,Steinerberg,Bezirk Schwyz,Schwyz,965,,Commune,,#N/A,,,,,,,,,,localadmin,,CH-SZ,Steinerberg,county,2,CH-SZ,Schwyz,region,1,CH-SZ,Schwyz,HIGH,1.0,CH-SZ
,Switzerland,Oberiberg,Bezirk Schwyz,Schwyz,916,,Commune,,#N/A,,,,,,,,,,localadmin,,CH-SZ,Oberiberg,county,2,CH-SZ,Schwyz,region,1,CH-SZ,Schwyz,HIGH,1.0,CH-SZ
,Switzerland,Illgau,Bezirk Schwyz,Schwyz,821,,Commune,,#N/A,,,,,,,,,,localadmin,,CH-SZ,Illgau,county,2,CH-SZ,Schwyz,region,1,CH-SZ,Schwyz,HIGH,1.0,CH-SZ
,Switzerland,Alpthal,Bezirk Schwyz,Schwyz,632,,Commune,,#N/A,,,,,,,,,,localadmin,,CH-SZ,Alpthal,county,2,CH-SZ,Schwyz,region,1,CH-SZ,Schwyz,HIGH,1.0,CH-SZ
,Switzerland,Riemenstalden,Bezirk Schwyz,Schwyz,85,,Commune,,#N/A,,,,,,,,,,localadmin,,CH-SZ,Riemenstalden,county,2,CH-SZ,Schwyz,region,1,CH-SZ,Schwyz,HIGH,1.0,CH-SZ
,Switzerland,Buchegg (incl. Lüterswil-Gächliwil),Bezirk Bucheggberg,Solothurn,2962,Solothurn,Commune,,Solothurn,,,,,,,,,,localadmin,,CH-SO,Buchegg,county,2,CH-SO,Bucheggberg,region,1,CH-SO,Solothurn,HIGH,1.0,CH-SO
,Switzerland,Messen,Bezirk Bucheggberg,Solothurn,1498,Solothurn,Commune,,Solothurn,,,,,,,,,,localadmin,,CH-SO,Messen,county,2,CH-SO,Bucheggberg,region,1,CH-SO,Solothurn,HIGH,1.0,CH-SO
,Switzerland,Schnottwil,Bezirk Bucheggberg,Solothurn,1176,Solothurn,Commune,,Solothurn,,,,,,,,,,localadmin,,CH-SO,Schnottwil,county,2,CH-SO,Bucheggberg,region,1,CH-SO,Solothurn,HIGH,1.0,CH-SO
,Switzerland,Lüsslingen-Nennigkofen,Bezirk Bucheggberg,Solothurn,1143,Solothurn,Commune,,Solothurn,,,,,,,,,,localadmin,,CH-SO,Lüsslingen-Nennigkofen,county,2,CH-SO,Bucheggberg,region,1,CH-SO,Solothurn,HIGH,1.0,CH-SO
,Switzerland,Lüterkofen-Ichertswil,Bezirk Bucheggberg,Solothurn,902,Solothurn,Commune,,Solothurn,,,,,,,,,,localadmin,,CH-SO,Lüterkofen-Ichertswil,county,2,CH-SO,Bucheggberg,region,1,CH-SO,Solothurn,HIGH,1.0,CH-SO
,Switzerland,Biezwil,Bezirk Bucheggberg,Solothurn,345,Solothurn,Commune,,Solothurn,,,,,,,,,,localadmin,,CH-SO,Biezwil,county,2,CH-SO,Bucheggberg,region,1,CH-SO,Solothurn,HIGH,1.0,CH-SO
,Switzerland,Unterramsern,Bezirk Bucheggberg,Solothurn,225,Solothurn,Commune,,Solothurn,,,,,,,,,,localadmin,,CH-SO,Unterramsern,county,2,CH-SO,Bucheggberg,region,1,CH-SO,Solothurn,HIGH,1.0,CH-SO
,Switzerland,Dornach,Bezirk Dorneck,Solothurn,6900,Basel,Commune,,Basel,,,,,,,,,,localadmin,,CH-SO,Dornach,county,2,CH-SO,Dorneck,region,1,CH-SO,Solothurn,HIGH,1.0,CH-SO
,Switzerland,Hofstetten-Flüh,Bezirk Dorneck,Solothurn,3400,Basel,Commune,,Basel,,,,,,,,,,localadmin,,CH-SO,Hofstetten-Flüh,county,2,CH-SO,Dorneck,region,1,CH-SO,Solothurn,HIGH,1.0,CH-SO
,Switzerland,Nuglar-St. Pantaleon,Bezirk Dorneck,Solothurn,1553,Basel,Commune,,Basel,,,,,,,,,,localadmin,,CH-SO,Nuglar-St. Pantaleon,county,2,CH-SO,Dorneck,region,1,CH-SO,Solothurn,HIGH,1.0,CH-SO
,Switzerland,Witterswil,Bezirk Dorneck,Solothurn,1500,Basel,Commune,,Basel,,,,,,,,,,localadmin,,CH-SO,Witterswil,county,2,CH-SO,Dorneck,region,1,CH-SO,Solothurn,HIGH,1.0,CH-SO
,Switzerland,Rodersdorf,Bezirk Dorneck,Solothurn,1408,Basel,Commune,,Basel,,,,,,,,,,localadmin,,CH-SO,Rodersdorf,county,2,CH-SO,Dorneck,region,1,CH-SO,Solothurn,HIGH,1.0,CH-SO
,Switzerland,Hochwald,Bezirk Dorneck,Solothurn,1282,Basel,Commune,,Basel,,,,,,,,,,localadmin,,CH-SO,Hochwald,county,2,CH-SO,Dorneck,region,1,CH-SO,Solothurn,HIGH,1.0,CH-SO
,Switzerland,Bättwil,Bezirk Dorneck,Solothurn,1192,Basel,Commune,,Basel,,,,,,,,,,localadmin,,CH-SO,Bättwil,county,2,CH-SO,Dorneck,region,1,CH-SO,Solothurn,HIGH,1.0,CH-SO
,Switzerland,Seewen,Bezirk Dorneck,Solothurn,1088,Basel,Commune,,Basel,,,,,,,,,,localadmin,,CH-SO,Seewen,county,2,CH-SO,Dorneck,region,1,CH-SO,Solothurn,HIGH,1.0,CH-SO
,Switzerland,Büren (SO),Bezirk Dorneck,Solothurn,1078,Basel,Commune,,Basel,,,,,,,,,,localadmin,,CH-SO,Büren (SO),county,2,CH-SO,Dorneck,region,1,CH-SO,Solothurn,HIGH,1.0,CH-SO
,Switzerland,Metzerlen-Mariastein,Bezirk Dorneck,Solothurn,988,Basel,Commune,,Basel,,,,,,,,,,localadmin,,CH-SO,Metzerlen-Mariastein,county,2,CH-SO,Dorneck,region,1,CH-SO,Solothurn,HIGH,1.0,CH-SO
,Switzerland,Gempen,Bezirk Dorneck,Solothurn,934,Basel,Commune,,Basel,,,,,,,,,,localadmin,,CH-SO,Gempen,county,2,CH-SO,Dorneck,region,1,CH-SO,Solothurn,HIGH,1.0,CH-SO
,Switzerland,Oensingen,Bezirk Gäu,Solothurn,6812,,Commune,,#N/A,,,,,,,,,,localadmin,,CH-SO,Oensingen,county,2,CH-SO,Gäu,region,1,CH-SO,Solothurn,HIGH,1.0,CH-SO
,Switzerland,Egerkingen,Bezirk Gäu,Solothurn,4308,,Commune,,#N/A,,,,,,,,,,localadmin,,CH-SO,Egerkingen,county,2,CH-SO,Gäu,region,1,CH-SO,Solothurn,HIGH,1.0,CH-SO
,Switzerland,Wolfwil,Bezirk Gäu,Solothurn,2441,,Commune,,#N/A,,,,,,,,,,localadmin,,CH-SO,Wolfwil,county,2,CH-SO,Gäu,region,1,CH-SO,Solothurn,HIGH,1.0,CH-SO
,Switzerland,Oberbuchsiten,Bezirk Gäu,Solothurn,2406,,Commune,,#N/A,,,,,,,,,,localadmin,,CH-SO,Oberbuchsiten,county,2,CH-SO,Gäu,region,1,CH-SO,Solothurn,HIGH,1.0,CH-SO
,Switzerland,Neuendorf,Bezirk Gäu,Solothurn,2394,,Commune,,#N/A,,,,,,,,,,localadmin,,CH-SO,Neuendorf,county,2,CH-SO,Gäu,region,1,CH-SO,Solothurn,HIGH,1.0,CH-SO
,Switzerland,Kestenholz,Bezirk Gäu,Solothurn,1883,,Commune,,#N/A,,,,,,,,,,localadmin,,CH-SO,Kestenholz,county,2,CH-SO,Gäu,region,1,CH-SO,Solothurn,HIGH,1.0,CH-SO
,Switzerland,Härkingen,Bezirk Gäu,Solothurn,1782,,Commune,,#N/A,,,,,,,,,,localadmin,,CH-SO,Härkingen,county,2,CH-SO,Gäu,region,1,CH-SO,Solothurn,HIGH,1.0,CH-SO
,Switzerland,Niederbuchsiten,Bezirk Gäu,Solothurn,1341,,Commune,,#N/A,,,,,,,,,,localadmin,,CH-SO,Niederbuchsiten,county,2,CH-SO,Gäu,region,1,CH-SO,Solothurn,HIGH,1.0,CH-SO
,Switzerland,Trimbach,Bezirk Gösgen,Solothurn,6854,,Commune,,#N/A,,,,,,,,,,localadmin,,CH-SO,Trimbach,county,2,CH-SO,Gösgen,region,1,CH-SO,Solothurn,HIGH,1.0,CH-SO
,Switzerland,Niedergösgen,Bezirk Gösgen,Solothurn,4252,,Commune,,#N/A,,,,,,,,,,localadmin,,CH-SO,Niedergösgen,county,2,CH-SO,Gösgen,region,1,CH-SO,Solothurn,HIGH,1.0,CH-SO
,Switzerland,Lostorf,Bezirk Gösgen,Solothurn,4129,,Commune,,#N/A,,,,,,,,,,localadmin,,CH-SO,Lostorf,county,2,CH-SO,Gösgen,region,1,CH-SO,Solothurn,HIGH,1.0,CH-SO
,Switzerland,Erlinsbach (SO),Bezirk Gösgen,Solothurn,3735,,Commune,,#N/A,,,,,,,,,,localadmin,,CH-SO,Erlinsbach (SO),county,2,CH-SO,Gösgen,region,1,CH-SO,Solothurn,HIGH,1.0,CH-SO
,Switzerland,Obergösgen,Bezirk Gösgen,Solothurn,2490,,Commune,,#N/A,,,,,,,,,,localadmin,,CH-SO,Obergösgen,county,2,CH-SO,Gösgen,region,1,CH-SO,Solothurn,HIGH,1.0,CH-SO
,Switzerland,Winznau,Bezirk Gösgen,Solothurn,2052,,Commune,,#N/A,,,,,,,,,,localadmin,,CH-SO,Winznau,county,2,CH-SO,Gösgen,region,1,CH-SO,Solothurn,HIGH,1.0,CH-SO
,Switzerland,Stüsslingen (incl. Rohr),Bezirk Gösgen,Solothurn,1257,,Commune,,#N/A,,,,,,,,,,localadmin,,CH-SO,Stüsslingen,county,2,CH-SO,Gösgen,region,1,CH-SO,Solothurn,HIGH,1.0,CH-SO
,Switzerland,Kienberg,Bezirk Gösgen,Solothurn,526,,Commune,,#N/A,,,,,,,,,,localadmin,,CH-SO,Kienberg,county,2,CH-SO,Gösgen,region,1,CH-SO,Solothurn,HIGH,1.0,CH-SO
,Switzerland,Wisen (SO),Bezirk Gösgen,Solothurn,438,,Commune,,#N/A,,,,,,,,,,localadmin,,CH-SO,Wisen (SO),county,2,CH-SO,Gösgen,region,1,CH-SO,Solothurn,HIGH,1.0,CH-SO
,Switzerland,Hauenstein-Ifenthal,Bezirk Gösgen,Solothurn,341,,Commune,,#N/A,,,,,,,,,,localadmin,,CH-SO,Hauenstein-Ifenthal,county,2,CH-SO,Gösgen,region,1,CH-SO,Solothurn,HIGH,1.0,CH-SO
,Switzerland,Grenchen,Bezirk Lebern,Solothurn,18587,Solothurn,City,,Solothurn,,,,,,,,,,localadmin,,CH-SO,Grenchen,county,2,CH-SO,Lebern,region,1,CH-SO,Solothurn,HIGH,1.0,CH-SO
,Switzerland,Bellach,Bezirk Lebern,Solothurn,5554,Solothurn,Commune,,Solothurn,,,,,,,,,,localadmin,,CH-SO,Bellach,county,2,CH-SO,Lebern,region,1,CH-SO,Solothurn,HIGH,1.0,CH-SO
,Switzerland,Bettlach,Bezirk Lebern,Solothurn,4987,Solothurn,Commune,,Solothurn,,,,,,,,,,localadmin,,CH-SO,Bettlach,county,2,CH-SO,Lebern,region,1,CH-SO,Solothurn,HIGH,1.0,CH-SO
,Switzerland,Langendorf,Bezirk Lebern,Solothurn,3883,Solothurn,Commune,,Solothurn,,,,,,,,,,localadmin,,CH-SO,Langendorf,county,2,CH-SO,Lebern,region,1,CH-SO,Solothurn,HIGH,1.0,CH-SO
,Switzerland,Selzach,Bezirk Lebern,Solothurn,3690,Solothurn,Commune,,Solothurn,,,,,,,,,,localadmin,,CH-SO,Selzach,county,2,CH-SO,Lebern,region,1,CH-SO,Solothurn,HIGH,1.0,CH-SO
,Switzerland,Riedholz,Bezirk Lebern,Solothurn,2309,Solothurn,Commune,,Solothurn,,,,,,,,,,localadmin,,CH-SO,Riedholz,county,2,CH-SO,Lebern,region,1,CH-SO,Solothurn,HIGH,1.0,CH-SO
,Switzerland,Oberdorf (SO),Bezirk Lebern,Solothurn,1817,Solothurn,Commune,,Solothurn,,,,,,,,,,localadmin,,CH-SO,Oberdorf (SO),county,2,CH-SO,Lebern,region,1,CH-SO,Solothurn,HIGH,1.0,CH-SO
,Switzerland,Lommiswil,Bezirk Lebern,Solothurn,1618,Solothurn,Commune,,Solothurn,,,,,,,,,,localadmin,,CH-SO,Lommiswil,county,2,CH-SO,Lebern,region,1,CH-SO,Solothurn,HIGH,1.0,CH-SO
,Switzerland,Rüttenen,Bezirk Lebern,Solothurn,1532,Solothurn,Commune,,Solothurn,,,,,,,,,,localadmin,,CH-SO,Rüttenen,county,2,CH-SO,Lebern,region,1,CH-SO,Solothurn,HIGH,1.0,CH-SO
,Switzerland,Günsberg,Bezirk Lebern,Solothurn,1206,Solothurn,Commune,,Solothurn,,,,,,,,,,localadmin,,CH-SO,Günsberg,county,2,CH-SO,Lebern,region,1,CH-SO,Solothurn,HIGH,1.0,CH-SO
,Switzerland,Feldbrunnen-St. Niklaus,Bezirk Lebern,Solothurn,1071,Solothurn,Commune,,Solothurn,,,,,,,,,,localadmin,,CH-SO,Feldbrunnen-St. Niklaus,county,2,CH-SO,Lebern,region,1,CH-SO,Solothurn,HIGH,1.0,CH-SO
,Switzerland,Flumenthal,Bezirk Lebern,Solothurn,1052,Solothurn,Commune,,Solothurn,,,,,,,,,,localadmin,,CH-SO,Flumenthal,county,2,CH-SO,Lebern,region,1,CH-SO,Solothurn,HIGH,1.0,CH-SO
,Switzerland,Hubersdorf,Bezirk Lebern,Solothurn,719,Solothurn,Commune,,Solothurn,,,,,,,,,,localadmin,,CH-SO,Hubersdorf,county,2,CH-SO,Lebern,region,1,CH-SO,Solothurn,HIGH,1.0,CH-SO
,Switzerland,Balm bei Günsberg,Bezirk Lebern,Solothurn,230,Solothurn,Commune,,Solothurn,,,,,,,,,,localadmin,,CH-SO,Balm bei Günsberg,county,2,CH-SO,Lebern,region,1,CH-SO,Solothurn,HIGH,1.0,CH-SO
,Switzerland,Kammersrohr,Bezirk Lebern,Solothurn,32,Solothurn,Commune,,Solothurn,,,,,,,,,,localadmin,,CH-SO,Kammersrohr,county,2,CH-SO,Lebern,region,1,CH-SO,Solothurn,HIGH,1.0,CH-SO
,Switzerland,Olten,Bezirk Olten,Solothurn,19046,Olten–Zofingen,City,,Olten–Zofingen,,,,,,,,,,localadmin,,CH-SO,Olten,county,2,CH-SO,Olten,region,1,CH-SO,Solothurn,HIGH,1.0,CH-SO
,Switzerland,Wangen bei Olten,Bezirk Olten,Solothurn,5527,Olten–Zofingen,Commune,,Olten–Zofingen,,,,,,,,,,localadmin,,CH-SO,Wangen bei Olten,county,2,CH-SO,Olten,region,1,CH-SO,Solothurn,HIGH,1.0,CH-SO
,Switzerland,Dulliken,Bezirk Olten,Solothurn,5447,Olten–Zofingen,Commune,,Olten–Zofingen,,,,,,,,,,localadmin,,CH-SO,Dulliken,county,2,CH-SO,Olten,region,1,CH-SO,Solothurn,HIGH,1.0,CH-SO
,Switzerland,Schönenwerd,Bezirk Olten,Solothurn,5334,Olten–Zofingen,Commune,,Olten–Zofingen,,,,,,,,,,localadmin,,CH-SO,Schönenwerd,county,2,CH-SO,Olten,region,1,CH-SO,Solothurn,HIGH,1.0,CH-SO
,Switzerland,Hägendorf,Bezirk Olten,Solothurn,5300,Olten–Zofingen,Commune,,Olten–Zofingen,,,,,,,,,,localadmin,,CH-SO,Hägendorf,county,2,CH-SO,Olten,region,1,CH-SO,Solothurn,HIGH,1.0,CH-SO
,Switzerland,Kappel (SO),Bezirk Olten,Solothurn,3560,Olten–Zofingen,Commune,,Olten–Zofingen,,,,,,,,,,localadmin,,CH-SO,Kappel (SO),county,2,CH-SO,Olten,region,1,CH-SO,Solothurn,HIGH,1.0,CH-SO
,Switzerland,Däniken,Bezirk Olten,Solothurn,3073,Olten–Zofingen,Commune,,Olten–Zofingen,,,,,,,,,,localadmin,,CH-SO,Däniken,county,2,CH-SO,Olten,region,1,CH-SO,Solothurn,HIGH,1.0,CH-SO
,Switzerland,Gretzenbach,Bezirk Olten,Solothurn,2788,Olten–Zofingen,Commune,,Olten–Zofingen,,,,,,,,,,localadmin,,CH-SO,Gretzenbach,county,2,CH-SO,Olten,region,1,CH-SO,Solothurn,HIGH,1.0,CH-SO
,Switzerland,Starrkirch-Wil,Bezirk Olten,Solothurn,1978,Olten–Zofingen,Commune,,Olten–Zofingen,,,,,,,,,,localadmin,,CH-SO,Starrkirch-Wil,county,2,CH-SO,Olten,region,1,CH-SO,Solothurn,HIGH,1.0,CH-SO
,Switzerland,Fulenbach,Bezirk Olten,Solothurn,1821,Olten–Zofingen,Commune,,Olten–Zofingen,,,,,,,,,,localadmin,,CH-SO,Fulenbach,county,2,CH-SO,Olten,region,1,CH-SO,Solothurn,HIGH,1.0,CH-SO
,Switzerland,Gunzgen,Bezirk Olten,Solothurn,1696,Olten–Zofingen,Commune,,Olten–Zofingen,,,,,,,,,,localadmin,,CH-SO,Gunzgen,county,2,CH-SO,Olten,region,1,CH-SO,Solothurn,HIGH,1.0,CH-SO
,Switzerland,Rickenbach (SO),Bezirk Olten,Solothurn,1211,Olten–Zofingen,Commune,,Olten–Zofingen,,,,,,,,,,localadmin,,CH-SO,Rickenbach (SO),county,2,CH-SO,Olten,region,1,CH-SO,Solothurn,HIGH,1.0,CH-SO
,Switzerland,Boningen,Bezirk Olten,Solothurn,814,Olten–Zofingen,Commune,,Olten–Zofingen,,,,,,,,,,localadmin,,CH-SO,Boningen,county,2,CH-SO,Olten,region,1,CH-SO,Solothurn,HIGH,1.0,CH-SO
,Switzerland,Walterswil (SO),Bezirk Olten,Solothurn,772,Olten–Zofingen,Commune,,Olten–Zofingen,,,,,,,,,,localadmin,,CH-SO,Walterswil (SO),county,2,CH-SO,Olten,region,1,CH-SO,Solothurn,HIGH,1.0,CH-SO
,Switzerland,Eppenberg-Wöschnau,Bezirk Olten,Solothurn,340,Olten–Zofingen,Commune,,Olten–Zofingen,,,,,,,,,,localadmin,,CH-SO,Eppenberg-Wöschnau,county,2,CH-SO,Olten,region,1,CH-SO,Solothurn,HIGH,1.0,CH-SO
,Switzerland,Solothurn,Bezirk Solothurn,Solothurn,16842,Solothurn,City,,Solothurn,,,,,,,,,,localadmin,,CH-SO,Solothurn,county,2,CH-SO,Solothurn,region,1,CH-SO,Solothurn,HIGH,1.0,CH-SO
,Switzerland,Balsthal,Bezirk Thal,Solothurn,6560,,Commune,,#N/A,,,,,,,,,,localadmin,,CH-SO,Balsthal,county,2,CH-SO,Thal,region,1,CH-SO,Solothurn,HIGH,1.0,CH-SO
,Switzerland,Mümliswil-Ramiswil,Bezirk Thal,Solothurn,2481,,Commune,,#N/A,,,,,,,,,,localadmin,,CH-SO,Mümliswil-Ramiswil,county,2,CH-SO,Thal,region,1,CH-SO,Solothurn,HIGH,1.0,CH-SO
,Switzerland,Laupersdorf,Bezirk Thal,Solothurn,1878,,Commune,,#N/A,,,,,,,,,,localadmin,,CH-SO,Laupersdorf,county,2,CH-SO,Thal,region,1,CH-SO,Solothurn,HIGH,1.0,CH-SO
,Switzerland,Matzendorf,Bezirk Thal,Solothurn,1409,,Commune,,#N/A,,,,,,,,,,localadmin,,CH-SO,Matzendorf,county,2,CH-SO,Thal,region,1,CH-SO,Solothurn,HIGH,1.0,CH-SO
,Switzerland,Welschenrohr-Gänsbrunnen,Bezirk Thal,Solothurn,1210,,Commune,,#N/A,,,,,,,,,,localadmin,,CH-SO,Welschenrohr-Gänsbrunnen,county,2,CH-SO,Thal,region,1,CH-SO,Solothurn,HIGH,1.0,CH-SO
,Switzerland,Holderbank (SO),Bezirk Thal,Solothurn,779,,Commune,,#N/A,,,,,,,,,,localadmin,,CH-SO,Holderbank (SO),county,2,CH-SO,Thal,region,1,CH-SO,Solothurn,HIGH,1.0,CH-SO
,Switzerland,Herbetswil,Bezirk Thal,Solothurn,607,,Commune,,#N/A,,,,,,,,,,localadmin,,CH-SO,Herbetswil,county,2,CH-SO,Thal,region,1,CH-SO,Solothurn,HIGH,1.0,CH-SO
,Switzerland,Aedermannsdorf,Bezirk Thal,Solothurn,593,,Commune,,#N/A,,,,,,,,,,localadmin,,CH-SO,Aedermannsdorf,county,2,CH-SO,Thal,region,1,CH-SO,Solothurn,HIGH,1.0,CH-SO
,Switzerland,Breitenbach,Bezirk Thierstein,Solothurn,4367,,Commune,,#N/A,,,,,,,,,,localadmin,,CH-SO,Breitenbach,county,2,CH-SO,Thierstein,region,1,CH-SO,Solothurn,HIGH,1.0,CH-SO
,Switzerland,Büsserach,Bezirk Thierstein,Solothurn,2450,,Commune,,#N/A,,,,,,,,,,localadmin,,CH-SO,Büsserach,county,2,CH-SO,Thierstein,region,1,CH-SO,Solothurn,HIGH,1.0,CH-SO
,Switzerland,Nunningen,Bezirk Thierstein,Solothurn,1983,,Commune,,#N/A,,,,,,,,,,localadmin,,CH-SO,Nunningen,county,2,CH-SO,Thierstein,region,1,CH-SO,Solothurn,HIGH,1.0,CH-SO
,Switzerland,Kleinlützel,Bezirk Thierstein,Solothurn,1198,,Commune,,#N/A,,,,,,,,,,localadmin,,CH-SO,Kleinlützel,county,2,CH-SO,Thierstein,region,1,CH-SO,Solothurn,HIGH,1.0,CH-SO
,Switzerland,Erschwil,Bezirk Thierstein,Solothurn,967,,Commune,,#N/A,,,,,,,,,,localadmin,,CH-SO,Erschwil,county,2,CH-SO,Thierstein,region,1,CH-SO,Solothurn,HIGH,1.0,CH-SO
,Switzerland,Himmelried,Bezirk Thierstein,Solothurn,964,,Commune,,#N/A,,,,,,,,,,localadmin,,CH-SO,Himmelried,county,2,CH-SO,Thierstein,region,1,CH-SO,Solothurn,HIGH,1.0,CH-SO
,Switzerland,Bärschwil,Bezirk Thierstein,Solothurn,796,,Commune,,#N/A,,,,,,,,,,localadmin,,CH-SO,Bärschwil,county,2,CH-SO,Thierstein,region,1,CH-SO,Solothurn,HIGH,1.0,CH-SO
,Switzerland,Zullwil,Bezirk Thierstein,Solothurn,701,,Commune,,#N/A,,,,,,,,,,localadmin,,CH-SO,Zullwil,county,2,CH-SO,Thierstein,region,1,CH-SO,Solothurn,HIGH,1.0,CH-SO
,Switzerland,Meltingen,Bezirk Thierstein,Solothurn,631,,Commune,,#N/A,,,,,,,,,,localadmin,,CH-SO,Meltingen,county,2,CH-SO,Thierstein,region,1,CH-SO,Solothurn,HIGH,1.0,CH-SO
,Switzerland,Fehren,Bezirk Thierstein,Solothurn,601,,Commune,,#N/A,,,,,,,,,,localadmin,,CH-SO,Fehren,county,2,CH-SO,Thierstein,region,1,CH-SO,Solothurn,HIGH,1.0,CH-SO
,Switzerland,Grindel,Bezirk Thierstein,Solothurn,519,,Commune,,#N/A,,,,,,,,,,localadmin,,CH-SO,Grindel,county,2,CH-SO,Thierstein,region,1,CH-SO,Solothurn,HIGH,1.0,CH-SO
,Switzerland,Beinwil (SO),Bezirk Thierstein,Solothurn,262,,Commune,,#N/A,,,,,,,,,,localadmin,,CH-SO,Beinwil (SO),county,2,CH-SO,Thierstein,region,1,CH-SO,Solothurn,HIGH,1.0,CH-SO
,Switzerland,Zuchwil,Bezirk Wasseramt,Solothurn,9619,Solothurn,Commune,,Solothurn,,,,,,,,,,localadmin,,CH-SO,Zuchwil,county,2,CH-SO,Wasseramt,region,1,CH-SO,Solothurn,HIGH,1.0,CH-SO
,Switzerland,Biberist,Bezirk Wasseramt,Solothurn,9545,Solothurn,Commune,,Solothurn,,,,,,,,,,localadmin,,CH-SO,Biberist,county,2,CH-SO,Wasseramt,region,1,CH-SO,Solothurn,HIGH,1.0,CH-SO
,Switzerland,Derendingen,Bezirk Wasseramt,Solothurn,7134,Solothurn,Commune,,Solothurn,,,,,,,,,,localadmin,,CH-SO,Derendingen,county,2,CH-SO,Wasseramt,region,1,CH-SO,Solothurn,HIGH,1.0,CH-SO
,Switzerland,Gerlafingen,Bezirk Wasseramt,Solothurn,5860,Solothurn,Commune,,Solothurn,,,,,,,,,,localadmin,,CH-SO,Gerlafingen,county,2,CH-SO,Wasseramt,region,1,CH-SO,Solothurn,HIGH,1.0,CH-SO
,Switzerland,Luterbach,Bezirk Wasseramt,Solothurn,3725,Solothurn,Commune,,Solothurn,,,,,,,,,,localadmin,,CH-SO,Luterbach,county,2,CH-SO,Wasseramt,region,1,CH-SO,Solothurn,HIGH,1.0,CH-SO
,Switzerland,Subingen,Bezirk Wasseramt,Solothurn,3299,Solothurn,Commune,,Solothurn,,,,,,,,,,localadmin,,CH-SO,Subingen,county,2,CH-SO,Wasseramt,region,1,CH-SO,Solothurn,HIGH,1.0,CH-SO
,Switzerland,Lohn-Ammannsegg,Bezirk Wasseramt,Solothurn,2947,Solothurn,Commune,,Solothurn,,,,,,,,,,localadmin,,CH-SO,Lohn-Ammannsegg,county,2,CH-SO,Wasseramt,region,1,CH-SO,Solothurn,HIGH,1.0,CH-SO
,Switzerland,Deitingen,Bezirk Wasseramt,Solothurn,2337,Solothurn,Commune,,Solothurn,,,,,,,,,,localadmin,,CH-SO,Deitingen,county,2,CH-SO,Wasseramt,region,1,CH-SO,Solothurn,HIGH,1.0,CH-SO
,Switzerland,Recherswil,Bezirk Wasseramt,Solothurn,2202,Solothurn,Commune,,Solothurn,,,,,,,,,,localadmin,,CH-SO,Recherswil,county,2,CH-SO,Wasseramt,region,1,CH-SO,Solothurn,HIGH,1.0,CH-SO
,Switzerland,Kriegstetten,Bezirk Wasseramt,Solothurn,1446,Solothurn,Commune,,Solothurn,,,,,,,,,,localadmin,,CH-SO,Kriegstetten,county,2,CH-SO,Wasseramt,region,1,CH-SO,Solothurn,HIGH,1.0,CH-SO
,Switzerland,Aeschi (SO),Bezirk Wasseramt,Solothurn,1328,Solothurn,Commune,,Solothurn,,,,,,,,,,localadmin,,CH-SO,Aeschi (SO),county,2,CH-SO,Wasseramt,region,1,CH-SO,Solothurn,HIGH,1.0,CH-SO
,Switzerland,Obergerlafingen,Bezirk Wasseramt,Solothurn,1266,Solothurn,Commune,,Solothurn,,,,,,,,,,localadmin,,CH-SO,Obergerlafingen,county,2,CH-SO,Wasseramt,region,1,CH-SO,Solothurn,HIGH,1.0,CH-SO
,Switzerland,Etziken,Bezirk Wasseramt,Solothurn,1068,Solothurn,Commune,,Solothurn,,,,,,,,,,localadmin,,CH-SO,Etziken,county,2,CH-SO,Wasseramt,region,1,CH-SO,Solothurn,HIGH,1.0,CH-SO
,Switzerland,Horriwil,Bezirk Wasseramt,Solothurn,944,Solothurn,Commune,,Solothurn,,,,,,,,,,localadmin,,CH-SO,Horriwil,county,2,CH-SO,Wasseramt,region,1,CH-SO,Solothurn,HIGH,1.0,CH-SO
,Switzerland,Oekingen,Bezirk Wasseramt,Solothurn,894,Solothurn,Commune,,Solothurn,,,,,,,,,,localadmin,,CH-SO,Oensingen,county,2,CH-SO,Gäu,region,1,CH-SO,Solothurn,LOW,0.824,CH-SO
,Switzerland,Halten,Bezirk Wasseramt,Solothurn,841,Solothurn,Commune,,Solothurn,,,,,,,,,,,,,,,,,,region,1,CH-SO,Solothurn,NONE,0.0,CH-SO
,Switzerland,Drei Höfe (incl. Heinrichswil-Winistorf),Bezirk Wasseramt,Solothurn,731,Solothurn,Commune,,Solothurn,,,,,,,,,,localadmin,,CH-SO,Drei Höfe,county,2,CH-SO,Wasseramt,region,1,CH-SO,Solothurn,HIGH,1.0,CH-SO
,Switzerland,Bolken,Bezirk Wasseramt,Solothurn,577,Solothurn,Commune,,Solothurn,,,,,,,,,,localadmin,,CH-SO,Bolken,county,2,CH-SO,Wasseramt,region,1,CH-SO,Solothurn,HIGH,1.0,CH-SO
,Switzerland,Hüniken,Bezirk Wasseramt,Solothurn,161,Solothurn,Commune,,Solothurn,,,,,,,,,,localadmin,,CH-SO,Hüniken,county,2,CH-SO,Wasseramt,region,1,CH-SO,Solothurn,HIGH,1.0,CH-SO
,Switzerland,Altstätten,Wahlkreis Rheintal,St. Gallen,12579,,City,,#N/A,,,,,,,,,,localadmin,,CH-SG,Altstätten,county,2,CH-SG,Rheintal,region,1,CH-SG,St. Gallen,HIGH,1.0,CH-SG
,Switzerland,Widnau,Wahlkreis Rheintal,St. Gallen,10405,,Commune,,#N/A,,,,,,,,,,localadmin,,CH-SG,Widnau,county,2,CH-SG,Rheintal,region,1,CH-SG,St. Gallen,HIGH,1.0,CH-SG
,Switzerland,Oberriet (SG),Wahlkreis Rheintal,St. Gallen,9373,,Commune,,#N/A,,,,,,,,,,localadmin,,CH-SG,Oberriet,county,2,CH-SG,Rheintal,region,1,CH-SG,St. Gallen,HIGH,1.0,CH-SG
,Switzerland,Au (SG),Wahlkreis Rheintal,St. Gallen,8624,,Commune,,#N/A,,,,,,,,,,localadmin,,CH-SG,Au (SG),county,2,CH-SG,Rheintal,region,1,CH-SG,St. Gallen,HIGH,1.0,CH-SG
,Switzerland,Diepoldsau,Wahlkreis Rheintal,St. Gallen,6938,,Commune,,#N/A,,,,,,,,,,localadmin,,CH-SG,Diepoldsau,county,2,CH-SG,Rheintal,region,1,CH-SG,St. Gallen,HIGH,1.0,CH-SG
,Switzerland,St. Margrethen,Wahlkreis Rheintal,St. Gallen,6715,,Commune,,#N/A,,,,,,,,,,localadmin,,CH-SG,St. Margrethen,county,2,CH-SG,Rheintal,region,1,CH-SG,St. Gallen,HIGH,1.0,CH-SG
,Switzerland,Balgach,Wahlkreis Rheintal,St. Gallen,5212,,Commune,,#N/A,,,,,,,,,,localadmin,,CH-SG,Balgach,county,2,CH-SG,Rheintal,region,1,CH-SG,St. Gallen,HIGH,1.0,CH-SG
,Switzerland,Rebstein,Wahlkreis Rheintal,St. Gallen,5074,,Commune,,#N/A,,,,,,,,,,localadmin,,CH-SG,Rebstein,county,2,CH-SG,Rheintal,region,1,CH-SG,St. Gallen,HIGH,1.0,CH-SG
,Switzerland,Berneck,Wahlkreis Rheintal,St. Gallen,4008,,Commune,,#N/A,,,,,,,,,,localadmin,,CH-SG,Berneck,county,2,CH-SG,Rheintal,region,1,CH-SG,St. Gallen,HIGH,1.0,CH-SG
,Switzerland,Rheineck,Wahlkreis Rheintal,St. Gallen,3513,,City,,#N/A,,,,,,,,,,localadmin,,CH-SG,Rheineck,county,2,CH-SG,Rheintal,region,1,CH-SG,St. Gallen,HIGH,1.0,CH-SG
,Switzerland,Rüthi (SG),Wahlkreis Rheintal,St. Gallen,2633,,Commune,,#N/A,,,,,,,,,,localadmin,,CH-SG,Rüthi (SG),county,2,CH-SG,Rheintal,region,1,CH-SG,St. Gallen,HIGH,1.0,CH-SG
,Switzerland,Marbach (SG),Wahlkreis Rheintal,St. Gallen,2168,,Commune,,#N/A,,,,,,,,,,localadmin,,CH-SG,Marbach,county,2,CH-SG,Rheintal,region,1,CH-SG,St. Gallen,HIGH,1.0,CH-SG
,Switzerland,Eichberg,Wahlkreis Rheintal,St. Gallen,1616,,Commune,,#N/A,,,,,,,,,,localadmin,,CH-SG,Eichberg,county,2,CH-SG,Rheintal,region,1,CH-SG,St. Gallen,HIGH,1.0,CH-SG
,Switzerland,Rorschach,Wahlkreis Rorschach,St. Gallen,10271,,Commune,,#N/A,,,,,,,,,,county,2,CH-SG,Rorschach,county,2,CH-SG,Rorschach,region,1,CH-SG,St. Gallen,HIGH,1.0,CH-SG
,Switzerland,Goldach,Wahlkreis Rorschach,St. Gallen,9782,,Commune,,#N/A,,,,,,,,,,localadmin,,CH-SG,Goldach,county,2,CH-SG,Rorschach,region,1,CH-SG,St. Gallen,HIGH,1.0,CH-SG
,Switzerland,Rorschacherberg,Wahlkreis Rorschach,St. Gallen,7711,,Commune,,#N/A,,,,,,,,,,localadmin,,CH-SG,Rorschacherberg,county,2,CH-SG,Rorschach,region,1,CH-SG,St. Gallen,HIGH,1.0,CH-SG
,Switzerland,Thal,Wahlkreis Rorschach,St. Gallen,7136,,Commune,,#N/A,,,,,,,,,,localadmin,,CH-SG,Thal,county,2,CH-SG,Rorschach,region,1,CH-SG,St. Gallen,HIGH,1.0,CH-SG
,Switzerland,Mörschwil,Wahlkreis Rorschach,St. Gallen,3671,,Commune,,#N/A,,,,,,,,,,localadmin,,CH-SG,Mörschwil,county,2,CH-SG,Rorschach,region,1,CH-SG,St. Gallen,HIGH,1.0,CH-SG
,Switzerland,Steinach,Wahlkreis Rorschach,St. Gallen,3580,,Commune,,#N/A,,,,,,,,,,localadmin,,CH-SG,Steinach,county,2,CH-SG,Rorschach,region,1,CH-SG,St. Gallen,HIGH,1.0,CH-SG
,Switzerland,Tübach,Wahlkreis Rorschach,St. Gallen,1602,,Commune,,#N/A,,,,,,,,,,localadmin,,CH-SG,Tübach,county,2,CH-SG,Rorschach,region,1,CH-SG,St. Gallen,HIGH,1.0,CH-SG
,Switzerland,Untereggen,Wahlkreis Rorschach,St. Gallen,1036,,Commune,,#N/A,,,,,,,,,,localadmin,,CH-SG,Untereggen,county,2,CH-SG,Rorschach,region,1,CH-SG,St. Gallen,HIGH,1.0,CH-SG
,Switzerland,Berg (SG),Wahlkreis Rorschach,St. Gallen,1033,,Commune,,#N/A,,,,,,,,,,localadmin,,CH-SG,Berg (SG),county,2,CH-SG,Rorschach,region,1,CH-SG,St. Gallen,HIGH,1.0,CH-SG
,Switzerland,Mels,Wahlkreis Sarganserland,St. Gallen,9581,,Commune,,#N/A,,,,,,,,,,localadmin,,CH-SG,Mels,county,2,CH-SG,Sarganserland,region,1,CH-SG,St. Gallen,HIGH,1.0,CH-SG
,Switzerland,Bad Ragaz,Wahlkreis Sarganserland,St. Gallen,6872,,Commune,,#N/A,,,,,,,,,,localadmin,,CH-SG,Bad Ragaz,county,2,CH-SG,Sarganserland,region,1,CH-SG,St. Gallen,HIGH,1.0,CH-SG
,Switzerland,Sargans,Wahlkreis Sarganserland,St. Gallen,6614,,City,,#N/A,,,,,,,,,,localadmin,,CH-SG,Sargans,county,2,CH-SG,Sarganserland,region,1,CH-SG,St. Gallen,HIGH,1.0,CH-SG
,Switzerland,Walenstadt,Wahlkreis Sarganserland,St. Gallen,5926,,City,,#N/A,,,,,,,,,,localadmin,,CH-SG,Walenstadt,county,2,CH-SG,Sarganserland,region,1,CH-SG,St. Gallen,HIGH,1.0,CH-SG
,Switzerland,Flums,Wahlkreis Sarganserland,St. Gallen,5401,,Commune,,#N/A,,,,,,,,,,localadmin,,CH-SG,Flums,county,2,CH-SG,Sarganserland,region,1,CH-SG,St. Gallen,HIGH,1.0,CH-SG
,Switzerland,Vilters-Wangs,Wahlkreis Sarganserland,St. Gallen,5121,,Commune,,#N/A,,,,,,,,,,localadmin,,CH-SG,Vilters-Wangs,county,2,CH-SG,Sarganserland,region,1,CH-SG,St. Gallen,HIGH,1.0,CH-SG
,Switzerland,Quarten,Wahlkreis Sarganserland,St. Gallen,3104,,Commune,,#N/A,,,,,,,,,,localadmin,,CH-SG,Quarten,county,2,CH-SG,Sarganserland,region,1,CH-SG,St. Gallen,HIGH,1.0,CH-SG
,Switzerland,Pfäfers,Wahlkreis Sarganserland,St. Gallen,1624,,Commune,,#N/A,,,,,,,,,,localadmin,,CH-SG,Pfäfers,county,2,CH-SG,Sarganserland,region,1,CH-SG,St. Gallen,HIGH,1.0,CH-SG
,Switzerland,Rapperswil-Jona,Wahlkreis See-Gaster,St. Gallen,28777,Rapperswil,City,,Rapperswil,,,,,,,,,,localadmin,,CH-SG,Rapperswil-Jona,county,2,CH-SG,See-Gaster,region,1,CH-SG,St. Gallen,HIGH,1.0,CH-SG
,Switzerland,"Eschenbach (SG) (incl. Goldingen, St. Gallenkappel)",Wahlkreis See-Gaster,St. Gallen,10266,Rapperswil,Commune,,Rapperswil,,,,,,,,,,localadmin,,CH-SG,Eschenbach (SG),county,2,CH-SG,See-Gaster,region,1,CH-SG,St. Gallen,HIGH,1.0,CH-SG
,Switzerland,Uznach,Wahlkreis See-Gaster,St. Gallen,7036,Rapperswil,City,,Rapperswil,,,,,,,,,,localadmin,,CH-SG,Uznach,county,2,CH-SG,See-Gaster,region,1,CH-SG,St. Gallen,HIGH,1.0,CH-SG
,Switzerland,Gommiswald (incl. Ernetschwil),Wahlkreis See-Gaster,St. Gallen,5718,Rapperswil,Commune,,Rapperswil,,,,,,,,,,localadmin,,CH-SG,Gommiswald,county,2,CH-SG,See-Gaster,region,1,CH-SG,St. Gallen,HIGH,1.0,CH-SG
,Switzerland,Kaltbrunn,Wahlkreis See-Gaster,St. Gallen,5098,Rapperswil,Commune,,Rapperswil,,,,,,,,,,localadmin,,CH-SG,Kaltbrunn,county,2,CH-SG,See-Gaster,region,1,CH-SG,St. Gallen,HIGH,1.0,CH-SG
,Switzerland,Schänis,Wahlkreis See-Gaster,St. Gallen,4170,Rapperswil,Commune,,Rapperswil,,,,,,,,,,localadmin,,CH-SG,Schänis,county,2,CH-SG,See-Gaster,region,1,CH-SG,St. Gallen,HIGH,1.0,CH-SG
,Switzerland,Schmerikon,Wahlkreis See-Gaster,St. Gallen,4148,Rapperswil,Commune,,Rapperswil,,,,,,,,,,localadmin,,CH-SG,Schmerikon,county,2,CH-SG,See-Gaster,region,1,CH-SG,St. Gallen,HIGH,1.0,CH-SG
,Switzerland,Benken (SG),Wahlkreis See-Gaster,St. Gallen,3073,Rapperswil,Commune,,Rapperswil,,,,,,,,,,localadmin,,CH-SG,Benken (SG),county,2,CH-SG,See-Gaster,region,1,CH-SG,St. Gallen,HIGH,1.0,CH-SG
,Switzerland,Amden,Wahlkreis See-Gaster,St. Gallen,1901,Rapperswil,Commune,,Rapperswil,,,,,,,,,,localadmin,,CH-SG,Amden,county,2,CH-SG,See-Gaster,region,1,CH-SG,St. Gallen,HIGH,1.0,CH-SG
,Switzerland,Weesen,Wahlkreis See-Gaster,St. Gallen,1897,Rapperswil,Commune,,Rapperswil,,,,,,,,,,localadmin,,CH-SG,Weesen,county,2,CH-SG,See-Gaster,region,1,CH-SG,St. Gallen,HIGH,1.0,CH-SG
,Switzerland,St. Gallen,Wahlkreis St. Gallen,St. Gallen,78839,St. Gallen,City,,St. Gallen,,,,,,,,,,region,1,CH-SG,St. Gallen,county,2,CH-SG,Toggenburg,region,1,CH-SG,St. Gallen,HIGH,1.0,CH-SG
,Switzerland,Gossau (SG),Wahlkreis St. Gallen,St. Gallen,18631,St. Gallen,City,,St. Gallen,,,,,,,,,,localadmin,,CH-SG,Gossau (SG),county,2,CH-SG,Sankt Gallen,region,1,CH-SG,St. Gallen,HIGH,1.0,CH-SG
,Switzerland,Wittenbach,Wahlkreis St. Gallen,St. Gallen,10141,St. Gallen,Commune,,St. Gallen,,,,,,,,,,localadmin,,CH-SG,Wittenbach,county,2,CH-SG,Sankt Gallen,region,1,CH-SG,St. Gallen,HIGH,1.0,CH-SG
,Switzerland,Gaiserwald,Wahlkreis St. Gallen,St. Gallen,8713,St. Gallen,Commune,,St. Gallen,,,,,,,,,,localadmin,,CH-SG,Gaiserwald,county,2,CH-SG,Sankt Gallen,region,1,CH-SG,St. Gallen,HIGH,1.0,CH-SG
,Switzerland,Waldkirch,Wahlkreis St. Gallen,St. Gallen,3576,St. Gallen,Commune,,St. Gallen,,,,,,,,,,localadmin,,CH-SG,Waldkirch,county,2,CH-SG,Sankt Gallen,region,1,CH-SG,St. Gallen,HIGH,1.0,CH-SG
,Switzerland,Eggersriet,Wahlkreis St. Gallen,St. Gallen,2434,St. Gallen,Commune,,St. Gallen,,,,,,,,,,localadmin,,CH-SG,Eggersriet,county,2,CH-SG,Sankt Gallen,region,1,CH-SG,St. Gallen,HIGH,1.0,CH-SG
,Switzerland,Andwil (SG),Wahlkreis St. Gallen,St. Gallen,2144,St. Gallen,Commune,,St. Gallen,,,,,,,,,,localadmin,,CH-SG,Andwil (SG),county,2,CH-SG,Sankt Gallen,region,1,CH-SG,St. Gallen,HIGH,1.0,CH-SG
,Switzerland,Häggenschwil,Wahlkreis St. Gallen,St. Gallen,1426,St. Gallen,Commune,,St. Gallen,,,,,,,,,,localadmin,,CH-SG,Häggenschwil,county,2,CH-SG,Sankt Gallen,region,1,CH-SG,St. Gallen,HIGH,1.0,CH-SG
,Switzerland,Muolen,Wahlkreis St. Gallen,St. Gallen,1265,St. Gallen,Commune,,St. Gallen,,,,,,,,,,localadmin,,CH-SG,Muolen,county,2,CH-SG,Sankt Gallen,region,1,CH-SG,St. Gallen,HIGH,1.0,CH-SG
,Switzerland,Kirchberg (SG),Wahlkreis Toggenburg,St. Gallen,9790,,Commune,,#N/A,,,,,,,,,,localadmin,,CH-SG,Kirchberg (SG),county,2,CH-SG,Toggenburg,region,1,CH-SG,St. Gallen,HIGH,1.0,CH-SG
,Switzerland,Wattwil,Wahlkreis Toggenburg,St. Gallen,9163,,Commune,,#N/A,,,,,,,,,,localadmin,,CH-SG,Wattwil,county,2,CH-SG,Toggenburg,region,1,CH-SG,St. Gallen,HIGH,1.0,CH-SG
,Switzerland,"Neckertal (incl. Hemberg, Mogelsberg, Oberhelfenschwil, St. Peterzell)",Wahlkreis Toggenburg,St. Gallen,6420,,Commune,,#N/A,,,,,,,,,,localadmin,,CH-SG,Neckertal,county,2,CH-SG,Toggenburg,region,1,CH-SG,St. Gallen,HIGH,1.0,CH-SG
,Switzerland,Bütschwil-Ganterschwil,Wahlkreis Toggenburg,St. Gallen,5337,,Commune,,#N/A,,,,,,,,,,localadmin,,CH-SG,Bütschwil-Ganterschwil,county,2,CH-SG,Toggenburg,region,1,CH-SG,St. Gallen,HIGH,1.0,CH-SG
,Switzerland,Ebnat-Kappel,Wahlkreis Toggenburg,St. Gallen,5323,,Commune,,#N/A,,,,,,,,,,localadmin,,CH-SG,Ebnat-Kappel,county,2,CH-SG,Toggenburg,region,1,CH-SG,St. Gallen,HIGH,1.0,CH-SG
,Switzerland,Nesslau (incl. Krummenau),Wahlkreis Toggenburg,St. Gallen,3890,,Commune,,#N/A,,,,,,,,,,localadmin,,CH-SG,Nesslau,county,2,CH-SG,Toggenburg,region,1,CH-SG,St. Gallen,HIGH,1.0,CH-SG
,Switzerland,Mosnang,Wahlkreis Toggenburg,St. Gallen,2981,,Commune,,#N/A,,,,,,,,,,localadmin,,CH-SG,Mosnang,county,2,CH-SG,Toggenburg,region,1,CH-SG,St. Gallen,HIGH,1.0,CH-SG
,Switzerland,Wildhaus-Alt St. Johann,Wahlkreis Toggenburg,St. Gallen,2600,,Commune,,#N/A,,,,,,,,,,localadmin,,CH-SG,Wildhaus-Alt St. Johann,county,2,CH-SG,Toggenburg,region,1,CH-SG,St. Gallen,HIGH,1.0,CH-SG
,Switzerland,Lichtensteig,Wahlkreis Toggenburg,St. Gallen,2140,,City,,#N/A,,,,,,,,,,localadmin,,CH-SG,Lichtensteig,county,2,CH-SG,Toggenburg,region,1,CH-SG,St. Gallen,HIGH,1.0,CH-SG
,Switzerland,Lütisburg,Wahlkreis Toggenburg,St. Gallen,1646,,Commune,,#N/A,,,,,,,,,,localadmin,,CH-SG,Lütisburg,county,2,CH-SG,Toggenburg,region,1,CH-SG,St. Gallen,HIGH,1.0,CH-SG
,Switzerland,Buchs (SG),Wahlkreis Werdenberg,St. Gallen,14034,,City,,#N/A,,,,,,,,,,localadmin,,CH-SG,Buchs (SG),county,2,CH-SG,Werdenberg,region,1,CH-SG,St. Gallen,HIGH,1.0,CH-SG
,Switzerland,Grabs,Wahlkreis Werdenberg,St. Gallen,7489,,Commune,,#N/A,,,,,,,,,,localadmin,,CH-SG,Grabs,county,2,CH-SG,Werdenberg,region,1,CH-SG,St. Gallen,HIGH,1.0,CH-SG
,Switzerland,Sennwald,Wahlkreis Werdenberg,St. Gallen,6330,,Commune,,#N/A,,,,,,,,,,localadmin,,CH-SG,Sennwald,county,2,CH-SG,Werdenberg,region,1,CH-SG,St. Gallen,HIGH,1.0,CH-SG
,Switzerland,Wartau,Wahlkreis Werdenberg,St. Gallen,5595,,Commune,,#N/A,,,,,,,,,,localadmin,,CH-SG,Wartau,county,2,CH-SG,Werdenberg,region,1,CH-SG,St. Gallen,HIGH,1.0,CH-SG
,Switzerland,Sevelen,Wahlkreis Werdenberg,St. Gallen,5410,,Commune,,#N/A,,,,,,,,,,localadmin,,CH-SG,Sevelen,county,2,CH-SG,Werdenberg,region,1,CH-SG,St. Gallen,HIGH,1.0,CH-SG
,Switzerland,Gams,Wahlkreis Werdenberg,St. Gallen,3728,,Commune,,#N/A,,,,,,,,,,localadmin,,CH-SG,Gams,county,2,CH-SG,Werdenberg,region,1,CH-SG,St. Gallen,HIGH,1.0,CH-SG
,Switzerland,Wil (SG) (incl. Bronschhofen),Wahlkreis Wil,St. Gallen,25170,Wil,City,,Wil,,,,,,,,,,localadmin,,CH-SG,Wil (SG),county,2,CH-SG,Wil,region,1,CH-SG,St. Gallen,HIGH,1.0,CH-SG
,Switzerland,Uzwil,Wahlkreis Wil,St. Gallen,14563,Wil,City,,Wil,,,,,,,,,,localadmin,,CH-SG,Uzwil,county,2,CH-SG,Wil,region,1,CH-SG,St. Gallen,HIGH,1.0,CH-SG
,Switzerland,Flawil,Wahlkreis Wil,St. Gallen,10632,Wil,Commune,,Wil,,,,,,,,,,localadmin,,CH-SG,Flawil,county,2,CH-SG,Wil,region,1,CH-SG,St. Gallen,HIGH,1.0,CH-SG
,Switzerland,Oberuzwil,Wahlkreis Wil,St. Gallen,6742,Wil,Commune,,Wil,,,,,,,,,,localadmin,,CH-SG,Oberuzwil,county,2,CH-SG,Wil,region,1,CH-SG,St. Gallen,HIGH,1.0,CH-SG
,Switzerland,Zuzwil (SG),Wahlkreis Wil,St. Gallen,5033,Wil,Commune,,Wil,,,,,,,,,,localadmin,,CH-SG,Zuzwil (SG),county,2,CH-SG,Wil,region,1,CH-SG,St. Gallen,HIGH,1.0,CH-SG
,Switzerland,Oberbüren,Wahlkreis Wil,St. Gallen,4725,Wil,Commune,,Wil,,,,,,,,,,localadmin,,CH-SG,Oberbüren,county,2,CH-SG,Wil,region,1,CH-SG,St. Gallen,HIGH,1.0,CH-SG
,Switzerland,Degersheim,Wahlkreis Wil,St. Gallen,4216,Wil,Commune,,Wil,,,,,,,,,,localadmin,,CH-SG,Degersheim,county,2,CH-SG,Wil,region,1,CH-SG,St. Gallen,HIGH,1.0,CH-SG
,Switzerland,Jonschwil,Wahlkreis Wil,St. Gallen,3992,Wil,Commune,,Wil,,,,,,,,,,localadmin,,CH-SG,Jonschwil,county,2,CH-SG,Wil,region,1,CH-SG,St. Gallen,HIGH,1.0,CH-SG
,Switzerland,Niederhelfenschwil,Wahlkreis Wil,St. Gallen,3290,Wil,Commune,,Wil,,,,,,,,,,localadmin,,CH-SG,Niederhelfenschwil,county,2,CH-SG,Wil,region,1,CH-SG,St. Gallen,HIGH,1.0,CH-SG
,Switzerland,Niederbüren,Wahlkreis Wil,St. Gallen,1529,Wil,Commune,,Wil,,,,,,,,,,localadmin,,CH-SG,Niederbüren,county,2,CH-SG,Wil,region,1,CH-SG,St. Gallen,HIGH,1.0,CH-SG
,Switzerland,Arbon,Bezirk Arbon,Thurgovia,16348,,City,,#N/A,,,,,,,,,,county,2,CH-TG,Arbon,,,,,region,1,CH-TG,Thurgau,HIGH,1.0,CH-TG
,Switzerland,Amriswil,Bezirk Arbon,Thurgovia,14947,,City,,#N/A,,,,,,,,,,localadmin,,CH-TG,Amriswil,,,,,region,1,CH-TG,Thurgau,HIGH,1.0,CH-TG
,Switzerland,Romanshorn,Bezirk Arbon,Thurgovia,11938,,Commune,,#N/A,,,,,,,,,,localadmin,,CH-TG,Romanshorn,,,,,region,1,CH-TG,Thurgau,HIGH,1.0,CH-TG
,Switzerland,Egnach,Bezirk Arbon,Thurgovia,5180,,Commune,,#N/A,,,,,,,,,,localadmin,,CH-TG,Egnach,,,,,region,1,CH-TG,Thurgau,HIGH,1.0,CH-TG
,Switzerland,Roggwil (TG),Bezirk Arbon,Thurgovia,3450,,Commune,,#N/A,,,,,,,,,,localadmin,,CH-BE,Roggwil (BE),,,,,region,1,CH-BE,Bern/Berne,HIGH,1.0,CH-BE
,Switzerland,Horn,Bezirk Arbon,Thurgovia,3164,,Commune,,#N/A,,,,,,,,,,localadmin,,CH-TG,Horn,,,,,region,1,CH-TG,Thurgau,HIGH,1.0,CH-TG
,Switzerland,Uttwil,Bezirk Arbon,Thurgovia,1920,,Commune,,#N/A,,,,,,,,,,localadmin,,CH-TG,Uttwil,,,,,region,1,CH-TG,Thurgau,HIGH,1.0,CH-TG
,Switzerland,Salmsach,Bezirk Arbon,Thurgovia,1631,,Commune,,#N/A,,,,,,,,,,localadmin,,CH-TG,Salmsach,,,,,region,1,CH-TG,Thurgau,HIGH,1.0,CH-TG
,Switzerland,Hefenhofen,Bezirk Arbon,Thurgovia,1340,,Commune,,#N/A,,,,,,,,,,localadmin,,CH-TG,Hefenhofen,,,,,region,1,CH-TG,Thurgau,HIGH,1.0,CH-TG
,Switzerland,Kesswil,Bezirk Arbon,Thurgovia,1005,,Commune,,#N/A,,,,,,,,,,localadmin,,CH-TG,Kesswil,,,,,region,1,CH-TG,Thurgau,HIGH,1.0,CH-TG
,Switzerland,Dozwil,Bezirk Arbon,Thurgovia,732,,Commune,,#N/A,,,,,,,,,,localadmin,,CH-TG,Dozwil,,,,,region,1,CH-TG,Thurgau,HIGH,1.0,CH-TG
,Switzerland,Sommeri,Bezirk Arbon,Thurgovia,673,,Commune,,#N/A,,,,,,,,,,localadmin,,CH-TG,Sommeri,,,,,region,1,CH-TG,Thurgau,HIGH,1.0,CH-TG
,Switzerland,Frauenfeld,Bezirk Frauenfeld,Thurgovia,27093,,City,,#N/A,,,,,,,,,,county,2,CH-TG,Frauenfeld,,,,,region,1,CH-TG,Thurgau,HIGH,1.0,CH-TG
,Switzerland,Gachnang,Bezirk Frauenfeld,Thurgovia,4635,,Commune,,#N/A,,,,,,,,,,localadmin,,CH-TG,Gachnang,,,,,region,1,CH-TG,Thurgau,HIGH,1.0,CH-TG
,Switzerland,Diessenhofen,Bezirk Frauenfeld,Thurgovia,4140,,City,,#N/A,,,,,,,,,,county,2,CH-TG,Diessenhofen,,,,,region,1,CH-TG,Thurgau,HIGH,1.0,CH-TG
,Switzerland,Steckborn,Bezirk Frauenfeld,Thurgovia,4054,,City,,#N/A,,,,,,,,,,county,2,CH-TG,Steckborn,,,,,region,1,CH-TG,Thurgau,HIGH,1.0,CH-TG
,Switzerland,Müllheim,Bezirk Frauenfeld,Thurgovia,3338,,Commune,,#N/A,,,,,,,,,,localadmin,,CH-TG,Müllheim,,,,,region,1,CH-TG,Thurgau,HIGH,1.0,CH-TG
,Switzerland,Felben-Wellhausen,Bezirk Frauenfeld,Thurgovia,3231,,Commune,,#N/A,,,,,,,,,,localadmin,,CH-TG,Felben-Wellhausen,,,,,region,1,CH-TG,Thurgau,HIGH,1.0,CH-TG
,Switzerland,Matzingen,Bezirk Frauenfeld,Thurgovia,3164,,Commune,,#N/A,,,,,,,,,,localadmin,,CH-TG,Matzingen,,,,,region,1,CH-TG,Thurgau,HIGH,1.0,CH-TG
,Switzerland,Pfyn,Bezirk Frauenfeld,Thurgovia,2259,,Commune,,#N/A,,,,,,,,,,localadmin,,CH-TG,Pfyn,,,,,region,1,CH-TG,Thurgau,HIGH,1.0,CH-TG
,Switzerland,Eschenz,Bezirk Frauenfeld,Thurgovia,1924,,Commune,,#N/A,,,,,,,,,,localadmin,,CH-TG,Eschenz,,,,,region,1,CH-TG,Thurgau,HIGH,1.0,CH-TG
,Switzerland,Basadingen-Schlattingen,Bezirk Frauenfeld,Thurgovia,1901,,Commune,,#N/A,,,,,,,,,,localadmin,,CH-TG,Basadingen-Schlattingen,,,,,region,1,CH-TG,Thurgau,HIGH,1.0,CH-TG
,Switzerland,Schlatt (TG),Bezirk Frauenfeld,Thurgovia,1886,,Commune,,#N/A,,,,,,,,,,localadmin,,CH-ZH,Schlatt (ZH),,,,,region,1,CH-ZH,Zürich,HIGH,1.0,CH-ZH
,Switzerland,Wagenhausen,Bezirk Frauenfeld,Thurgovia,1857,,Commune,,#N/A,,,,,,,,,,localadmin,,CH-TG,Wagenhausen,,,,,region,1,CH-TG,Thurgau,HIGH,1.0,CH-TG
,Switzerland,Hüttwilen,Bezirk Frauenfeld,Thurgovia,1780,,Commune,,#N/A,,,,,,,,,,localadmin,,CH-TG,Hüttwilen,,,,,region,1,CH-TG,Thurgau,HIGH,1.0,CH-TG
,Switzerland,Thundorf,Bezirk Frauenfeld,Thurgovia,1737,,Commune,,#N/A,,,,,,,,,,localadmin,,CH-TG,Thundorf,,,,,region,1,CH-TG,Thurgau,HIGH,1.0,CH-TG
,Switzerland,Homburg,Bezirk Frauenfeld,Thurgovia,1572,,Commune,,#N/A,,,,,,,,,,localadmin,,CH-TG,Homburg,,,,,region,1,CH-TG,Thurgau,HIGH,1.0,CH-TG
,Switzerland,Warth-Weiningen,Bezirk Frauenfeld,Thurgovia,1474,,Commune,,#N/A,,,,,,,,,,localadmin,,CH-TG,Warth-Weiningen,,,,,region,1,CH-TG,Thurgau,HIGH,1.0,CH-TG
,Switzerland,Stettfurt,Bezirk Frauenfeld,Thurgovia,1276,,Commune,,#N/A,,,,,,,,,,localadmin,,CH-TG,Stettfurt,,,,,region,1,CH-TG,Thurgau,HIGH,1.0,CH-TG
,Switzerland,Herdern,Bezirk Frauenfeld,Thurgovia,1176,,Commune,,#N/A,,,,,,,,,,localadmin,,CH-TG,Herdern,,,,,region,1,CH-TG,Thurgau,HIGH,1.0,CH-TG
,Switzerland,Uesslingen-Buch,Bezirk Frauenfeld,Thurgovia,1139,,Commune,,#N/A,,,,,,,,,,localadmin,,CH-TG,Uesslingen-Buch,,,,,region,1,CH-TG,Thurgau,HIGH,1.0,CH-TG
,Switzerland,Neunforn,Bezirk Frauenfeld,Thurgovia,1112,,Commune,,#N/A,,,,,,,,,,localadmin,,CH-TG,Neunforn,,,,,region,1,CH-TG,Thurgau,HIGH,1.0,CH-TG
,Switzerland,Berlingen,Bezirk Frauenfeld,Thurgovia,956,,Commune,,#N/A,,,,,,,,,,localadmin,,CH-TG,Berlingen,,,,,region,1,CH-TG,Thurgau,HIGH,1.0,CH-TG
,Switzerland,Hüttlingen,Bezirk Frauenfeld,Thurgovia,906,,Commune,,#N/A,,,,,,,,,,localadmin,,CH-TG,Hüttlingen,,,,,region,1,CH-TG,Thurgau,HIGH,1.0,CH-TG
,Switzerland,Mammern,Bezirk Frauenfeld,Thurgovia,703,,Commune,,#N/A,,,,,,,,,,localadmin,,CH-TG,Mammern,,,,,region,1,CH-TG,Thurgau,HIGH,1.0,CH-TG
,Switzerland,Kreuzlingen,Bezirk Kreuzlingen,Thurgovia,23399,,City,,#N/A,,,,,,,,,,county,2,CH-TG,Kreuzlingen,,,,,region,1,CH-TG,Thurgau,HIGH,1.0,CH-TG
,Switzerland,Tägerwilen,Bezirk Kreuzlingen,Thurgovia,5452,,Commune,,#N/A,,,,,,,,,,localadmin,,CH-TG,Tägerwilen,,,,,region,1,CH-TG,Thurgau,HIGH,1.0,CH-TG
,Switzerland,Ermatingen,Bezirk Kreuzlingen,Thurgovia,3781,,Commune,,#N/A,,,,,,,,,,localadmin,,CH-TG,Ermatingen,,,,,region,1,CH-TG,Thurgau,HIGH,1.0,CH-TG
,Switzerland,Münsterlingen,Bezirk Kreuzlingen,Thurgovia,3724,,Commune,,#N/A,,,,,,,,,,localadmin,,CH-TG,Münsterlingen,,,,,region,1,CH-TG,Thurgau,HIGH,1.0,CH-TG
,Switzerland,Kemmental,Bezirk Kreuzlingen,Thurgovia,2837,,Commune,,#N/A,,,,,,,,,,localadmin,,CH-TG,Kemmental,,,,,region,1,CH-TG,Thurgau,HIGH,1.0,CH-TG
,Switzerland,Bottighofen,Bezirk Kreuzlingen,Thurgovia,2696,,Commune,,#N/A,,,,,,,,,,localadmin,,CH-TG,Bottighofen,,,,,region,1,CH-TG,Thurgau,HIGH,1.0,CH-TG
,Switzerland,Altnau,Bezirk Kreuzlingen,Thurgovia,2355,,Commune,,#N/A,,,,,,,,,,localadmin,,CH-TG,Altnau,,,,,region,1,CH-TG,Thurgau,HIGH,1.0,CH-TG
,Switzerland,Güttingen,Bezirk Kreuzlingen,Thurgovia,1799,,Commune,,#N/A,,,,,,,,,,localadmin,,CH-TG,Güttingen,,,,,region,1,CH-TG,Thurgau,HIGH,1.0,CH-TG
,Switzerland,Lengwil,Bezirk Kreuzlingen,Thurgovia,1797,,Commune,,#N/A,,,,,,,,,,localadmin,,CH-TG,Lengwil,,,,,region,1,CH-TG,Thurgau,HIGH,1.0,CH-TG
,Switzerland,Langrickenbach,Bezirk Kreuzlingen,Thurgovia,1503,,Commune,,#N/A,,,,,,,,,,localadmin,,CH-TG,Langrickenbach,,,,,region,1,CH-TG,Thurgau,HIGH,1.0,CH-TG
,Switzerland,Salenstein,Bezirk Kreuzlingen,Thurgovia,1454,,Commune,,#N/A,,,,,,,,,,localadmin,,CH-TG,Salenstein,,,,,region,1,CH-TG,Thurgau,HIGH,1.0,CH-TG
,Switzerland,Wäldi,Bezirk Kreuzlingen,Thurgovia,1171,,Commune,,#N/A,,,,,,,,,,localadmin,,CH-TG,Wäldi,,,,,region,1,CH-TG,Thurgau,HIGH,1.0,CH-TG
,Switzerland,Raperswilen,Bezirk Kreuzlingen,Thurgovia,421,,Commune,,#N/A,,,,,,,,,,localadmin,,CH-TG,Raperswilen,,,,,region,1,CH-TG,Thurgau,HIGH,1.0,CH-TG
,Switzerland,Gottlieben,Bezirk Kreuzlingen,Thurgovia,347,,Commune,,#N/A,,,,,,,,,,localadmin,,CH-TG,Gottlieben,,,,,region,1,CH-TG,Thurgau,HIGH,1.0,CH-TG
,Switzerland,Aadorf,Bezirk Münchwilen,Thurgovia,9799,,Commune,,#N/A,,,,,,,,,,localadmin,,CH-TG,Aadorf,,,,,region,1,CH-TG,Thurgau,HIGH,1.0,CH-TG
,Switzerland,Sirnach,Bezirk Münchwilen,Thurgovia,8199,,Commune,,#N/A,,,,,,,,,,localadmin,,CH-TG,Sirnach,,,,,region,1,CH-TG,Thurgau,HIGH,1.0,CH-TG
,Switzerland,Münchwilen (TG),Bezirk Münchwilen,Thurgovia,5975,,Commune,,#N/A,,,,,,,,,,county,2,CH-TG,Münchwilen,,,,,region,1,CH-TG,Thurgau,HIGH,1.0,CH-TG
,Switzerland,Wängi,Bezirk Münchwilen,Thurgovia,5065,,Commune,,#N/A,,,,,,,,,,localadmin,,CH-TG,Wängi,,,,,region,1,CH-TG,Thurgau,HIGH,1.0,CH-TG
,Switzerland,Eschlikon,Bezirk Münchwilen,Thurgovia,4916,,Commune,,#N/A,,,,,,,,,,localadmin,,CH-TG,Eschlikon,,,,,region,1,CH-TG,Thurgau,HIGH,1.0,CH-TG
,Switzerland,Rickenbach (TG),Bezirk Münchwilen,Thurgovia,3059,,Commune,,#N/A,,,,,,,,,,locality,,CH-ZH,Rickenbach,,,,,region,1,CH-ZH,Zürich,HIGH,1.0,CH-ZH
,Switzerland,Bichelsee-Balterswil,Bezirk Münchwilen,Thurgovia,3030,,Commune,,#N/A,,,,,,,,,,localadmin,,CH-TG,Bichelsee-Balterswil,,,,,region,1,CH-TG,Thurgau,HIGH,1.0,CH-TG
,Switzerland,Fischingen,Bezirk Münchwilen,Thurgovia,3028,,Commune,,#N/A,,,,,,,,,,localadmin,,CH-TG,Fischingen,,,,,region,1,CH-TG,Thurgau,HIGH,1.0,CH-TG
,Switzerland,Wilen (TG),Bezirk Münchwilen,Thurgovia,2505,,Commune,,#N/A,,,,,,,,,,locality,,CH-ZG,Wilen,,,,,region,1,CH-ZG,Zug,HIGH,1.0,CH-ZG
,Switzerland,Tobel-Tägerschen,Bezirk Münchwilen,Thurgovia,1730,,Commune,,#N/A,,,,,,,,,,localadmin,,CH-TG,Tobel-Tägerschen,,,,,region,1,CH-TG,Thurgau,HIGH,1.0,CH-TG
,Switzerland,Bettwiesen,Bezirk Münchwilen,Thurgovia,1342,,Commune,,#N/A,,,,,,,,,,localadmin,,CH-TG,Bettwiesen,,,,,region,1,CH-TG,Thurgau,HIGH,1.0,CH-TG
,Switzerland,Lommis,Bezirk Münchwilen,Thurgovia,1331,,Commune,,#N/A,,,,,,,,,,localadmin,,CH-TG,Lommis,,,,,region,1,CH-TG,Thurgau,HIGH,1.0,CH-TG
,Switzerland,Braunau,Bezirk Münchwilen,Thurgovia,904,,Commune,,#N/A,,,,,,,,,,localadmin,,CH-TG,Braunau,,,,,region,1,CH-TG,Thurgau,HIGH,1.0,CH-TG
,Switzerland,Weinfelden,Bezirk Weinfelden,Thurgovia,12501,,City,,#N/A,,,,,,,,,,county,2,CH-TG,Weinfelden,,,,,region,1,CH-TG,Thurgau,HIGH,1.0,CH-TG
,Switzerland,Bischofszell,Bezirk Weinfelden,Thurgovia,6415,,City,,#N/A,,,,,,,,,,county,2,CH-TG,Bischofszell,,,,,region,1,CH-TG,Thurgau,HIGH,1.0,CH-TG
,Switzerland,Bürglen (TG),Bezirk Weinfelden,Thurgovia,4172,,Commune,,#N/A,,,,,,,,,,localadmin,,CH-UR,Bürglen (UR),,,,,region,1,CH-UR,Uri,HIGH,1.0,CH-UR
,Switzerland,Sulgen,Bezirk Weinfelden,Thurgovia,4152,,Commune,,#N/A,,,,,,,,,,localadmin,,CH-TG,Sulgen,,,,,region,1,CH-TG,Thurgau,HIGH,1.0,CH-TG
,Switzerland,Erlen,Bezirk Weinfelden,Thurgovia,3978,,Commune,,#N/A,,,,,,,,,,localadmin,,CH-TG,Erlen,,,,,region,1,CH-TG,Thurgau,HIGH,1.0,CH-TG
,Switzerland,Kradolf-Schönenberg,Bezirk Weinfelden,Thurgovia,3930,,Commune,,#N/A,,,,,,,,,,localadmin,,CH-TG,Kradolf-Schönenberg,,,,,region,1,CH-TG,Thurgau,HIGH,1.0,CH-TG
,Switzerland,Berg (TG),Bezirk Weinfelden,Thurgovia,3590,,Commune,,#N/A,,,,,,,,,,localadmin,,CH-SG,Berg (SG),,,,,region,1,CH-SG,St. Gallen,HIGH,1.0,CH-SG
,Switzerland,Märstetten,Bezirk Weinfelden,Thurgovia,3007,,Commune,,#N/A,,,,,,,,,,localadmin,,CH-TG,Märstetten,,,,,region,1,CH-TG,Thurgau,HIGH,1.0,CH-TG
,Switzerland,Affeltrangen,Bezirk Weinfelden,Thurgovia,2880,,Commune,,#N/A,,,,,,,,,,localadmin,,CH-TG,Affeltrangen,,,,,region,1,CH-TG,Thurgau,HIGH,1.0,CH-TG
,Switzerland,Wigoltingen,Bezirk Weinfelden,Thurgovia,2640,,Commune,,#N/A,,,,,,,,,,localadmin,,CH-TG,Wigoltingen,,,,,region,1,CH-TG,Thurgau,HIGH,1.0,CH-TG
,Switzerland,Zihlschlacht-Sitterdorf,Bezirk Weinfelden,Thurgovia,2624,,Commune,,#N/A,,,,,,,,,,localadmin,,CH-TG,Zihlschlacht-Sitterdorf,,,,,region,1,CH-TG,Thurgau,HIGH,1.0,CH-TG
,Switzerland,Bussnang,Bezirk Weinfelden,Thurgovia,2613,,Commune,,#N/A,,,,,,,,,,localadmin,,CH-TG,Bussnang,,,,,region,1,CH-TG,Thurgau,HIGH,1.0,CH-TG
,Switzerland,Hauptwil-Gottshaus,Bezirk Weinfelden,Thurgovia,2104,,Commune,,#N/A,,,,,,,,,,localadmin,,CH-TG,Hauptwil-Gottshaus,,,,,region,1,CH-TG,Thurgau,HIGH,1.0,CH-TG
,Switzerland,Birwinken,Bezirk Weinfelden,Thurgovia,1427,,Commune,,#N/A,,,,,,,,,,localadmin,,CH-TG,Birwinken,,,,,region,1,CH-TG,Thurgau,HIGH,1.0,CH-TG
,Switzerland,Amlikon-Bissegg,Bezirk Weinfelden,Thurgovia,1414,,Commune,,#N/A,,,,,,,,,,localadmin,,CH-TG,Amlikon-Bissegg,,,,,region,1,CH-TG,Thurgau,HIGH,1.0,CH-TG
,Switzerland,Wuppenau,Bezirk Weinfelden,Thurgovia,1213,,Commune,,#N/A,,,,,,,,,,localadmin,,CH-TG,Wuppenau,,,,,region,1,CH-TG,Thurgau,HIGH,1.0,CH-TG
,Switzerland,Schönholzerswilen,Bezirk Weinfelden,Thurgovia,867,,Commune,,#N/A,,,,,,,,,,localadmin,,CH-TG,Schönholzerswilen,,,,,region,1,CH-TG,Thurgau,HIGH,1.0,CH-TG
,Switzerland,Hohentannen,Bezirk Weinfelden,Thurgovia,655,,Commune,,#N/A,,,,,,,,,,localadmin,,CH-TG,Hohentannen,,,,,region,1,CH-TG,Thurgau,HIGH,1.0,CH-TG
,Switzerland,"Bellinzona (incl. Giubiasco, Sementina)",Distretto di Bellinzona,Ticino,45299,Bellinzona,City,,Bellinzona,,,,,,,,,,localadmin,,CH-TI,Bellinzona,county,2,CH-TI,Bellinzona,region,1,CH-TI,Ticino,HIGH,1.0,CH-TI
,Switzerland,Arbedo-Castione,Distretto di Bellinzona,Ticino,5160,Bellinzona,Commune,,Bellinzona,,,,,,,,,,localadmin,,CH-TI,Arbedo-Castione,county,2,CH-TI,Bellinzona,region,1,CH-TI,Ticino,HIGH,1.0,CH-TI
,Switzerland,Cadenazzo,Distretto di Bellinzona,Ticino,3131,Bellinzona,Commune,,Bellinzona,,,,,,,,,,localadmin,,CH-TI,Cadenazzo,county,2,CH-TI,Bellinzona,region,1,CH-TI,Ticino,HIGH,1.0,CH-TI
,Switzerland,Sant'Antonino,Distretto di Bellinzona,Ticino,2671,Bellinzona,Commune,,Bellinzona,,,,,,,,,,localadmin,,CH-TI,Sant'Antonino,county,2,CH-TI,Bellinzona,region,1,CH-TI,Ticino,HIGH,1.0,CH-TI
,Switzerland,Lumino,Distretto di Bellinzona,Ticino,1683,Bellinzona,Commune,,Bellinzona,,,,,,,,,,localadmin,,CH-TI,Lumino,county,2,CH-TI,Bellinzona,region,1,CH-TI,Ticino,HIGH,1.0,CH-TI
,Switzerland,Isone,Distretto di Bellinzona,Ticino,404,Bellinzona,Commune,,Bellinzona,,,,,,,,,,localadmin,,CH-TI,Isone,county,2,CH-TI,Bellinzona,region,1,CH-TI,Ticino,HIGH,1.0,CH-TI
,Switzerland,Serravalle (incl. Malvaglia),Distretto di Blenio,Ticino,2070,,Commune,,#N/A,,,,,,,,,,localadmin,,CH-TI,Serravalle,county,2,CH-TI,Blenio,region,1,CH-TI,Ticino,HIGH,1.0,CH-TI
,Switzerland,Acquarossa (incl. Corzoneso),Distretto di Blenio,Ticino,1796,,Commune,,#N/A,,,,,,,,,,localadmin,,CH-TI,Acquarossa,county,2,CH-TI,Blenio,region,1,CH-TI,Ticino,HIGH,1.0,CH-TI
,Switzerland,Blenio (incl. Olivone),Distretto di Blenio,Ticino,1747,,Commune,,#N/A,,,,,,,,,,county,2,CH-TI,Blenio,county,2,CH-TI,Blenio,region,1,CH-TI,Ticino,HIGH,1.0,CH-TI
,Switzerland,Faido (incl. Sobrio),Distretto di Leventina,Ticino,2706,Airolo,Commune,,Airolo,,,,,,,,,,localadmin,,CH-TI,Faido,county,2,CH-TI,Leventina,region,1,CH-TI,Ticino,HIGH,1.0,CH-TI
,Switzerland,Airolo,Distretto di Leventina,Ticino,1452,Airolo,Commune,,Airolo,,,,,,,,,,localadmin,,CH-TI,Airolo,county,2,CH-TI,Leventina,region,1,CH-TI,Ticino,HIGH,1.0,CH-TI
,Switzerland,Bodio,Distretto di Leventina,Ticino,961,Airolo,Commune,,Airolo,,,,,,,,,,,,,,,,,,region,1,CH-TI,Ticino,NONE,0.0,CH-TI
,Switzerland,Quinto,Distretto di Leventina,Ticino,926,Airolo,Commune,,Airolo,,,,,,,,,,localadmin,,CH-TI,Quinto,county,2,CH-TI,Leventina,region,1,CH-TI,Ticino,HIGH,1.0,CH-TI
,Switzerland,Pollegio,Distretto di Leventina,Ticino,920,Airolo,Commune,,Airolo,,,,,,,,,,localadmin,,CH-TI,Pollegio,county,2,CH-TI,Leventina,region,1,CH-TI,Ticino,HIGH,1.0,CH-TI
,Switzerland,Giornico,Distretto di Leventina,Ticino,801,Airolo,Commune,,Airolo,,,,,,,,,,localadmin,,CH-TI,Giornico,county,2,CH-TI,Leventina,region,1,CH-TI,Ticino,HIGH,1.0,CH-TI
,Switzerland,Prato (Leventina),Distretto di Leventina,Ticino,376,Airolo,Commune,,Airolo,,,,,,,,,,locality,,CH-TI,Prato (Leventina),county,2,CH-TI,Leventina,region,1,CH-TI,Ticino,HIGH,1.0,CH-TI
,Switzerland,Personico,Distretto di Leventina,Ticino,317,Airolo,Commune,,Airolo,,,,,,,,,,localadmin,,CH-TI,Personico,county,2,CH-TI,Leventina,region,1,CH-TI,Ticino,HIGH,1.0,CH-TI
,Switzerland,Dalpe,Distretto di Leventina,Ticino,185,Airolo,Commune,,Airolo,,,,,,,,,,localadmin,,CH-TI,Dalpe,county,2,CH-TI,Leventina,region,1,CH-TI,Ticino,HIGH,1.0,CH-TI
,Switzerland,Bedretto,Distretto di Leventina,Ticino,108,Airolo,Commune,,Airolo,,,,,,,,,,localadmin,,CH-TI,Bedretto,county,2,CH-TI,Leventina,region,1,CH-TI,Ticino,HIGH,1.0,CH-TI
,Switzerland,Locarno,Distretto di Locarno,Ticino,16371,,City,,#N/A,,,,,,,,,,county,2,CH-TI,Locarno,county,2,CH-TI,Locarno,region,1,CH-TI,Ticino,HIGH,1.0,CH-TI
,Switzerland,Minusio,Distretto di Locarno,Ticino,7321,,Commune,,#N/A,,,,,,,,,,localadmin,,CH-TI,Minusio,county,2,CH-TI,Locarno,region,1,CH-TI,Ticino,HIGH,1.0,CH-TI
,Switzerland,Losone,Distretto di Locarno,Ticino,6727,,City,,#N/A,,,,,,,,,,localadmin,,CH-TI,Losone,county,2,CH-TI,Locarno,region,1,CH-TI,Ticino,HIGH,1.0,CH-TI
,Switzerland,Ascona,Distretto di Locarno,Ticino,5322,,City,,#N/A,,,,,,,,,,localadmin,,CH-TI,Ascona,county,2,CH-TI,Locarno,region,1,CH-TI,Ticino,HIGH,1.0,CH-TI
,Switzerland,Gambarogno (incl. Magadino),Distretto di Locarno,Ticino,5022,,Commune,,#N/A,,,,,,,,,,localadmin,,CH-TI,Gambarogno,county,2,CH-TI,Locarno,region,1,CH-TI,Ticino,HIGH,1.0,CH-TI
,Switzerland,Gordola,Distretto di Locarno,Ticino,4831,,City,,#N/A,,,,,,,,,,localadmin,,CH-TI,Gordola,county,2,CH-TI,Locarno,region,1,CH-TI,Ticino,HIGH,1.0,CH-TI
,Switzerland,Tenero-Contra,Distretto di Locarno,Ticino,3393,,Commune,,#N/A,,,,,,,,,,localadmin,,CH-TI,Tenero-Contra,county,2,CH-TI,Locarno,region,1,CH-TI,Ticino,HIGH,1.0,CH-TI
,Switzerland,Cugnasco-Gerra,Distretto di Locarno,Ticino,2858,,Commune,,#N/A,,,,,,,,,,localadmin,,CH-TI,Cugnasco-Gerra,county,2,CH-TI,Locarno,region,1,CH-TI,Ticino,HIGH,1.0,CH-TI
,Switzerland,"Terre di Pedemonte (incl. Cavigliano, Tegna, Verscio)",Distretto di Locarno,Ticino,2685,,Commune,,#N/A,,,,,,,,,,localadmin,,CH-TI,Terre di Pedemonte,county,2,CH-TI,Locarno,region,1,CH-TI,Ticino,HIGH,1.0,CH-TI
,Switzerland,Muralto,Distretto di Locarno,Ticino,2572,,Commune,,#N/A,,,,,,,,,,localadmin,,CH-TI,Muralto,county,2,CH-TI,Locarno,region,1,CH-TI,Ticino,HIGH,1.0,CH-TI
,Switzerland,Brissago,Distretto di Locarno,Ticino,1619,,Commune,,#N/A,,,,,,,,,,localadmin,,CH-TI,Brissago,county,2,CH-TI,Locarno,region,1,CH-TI,Ticino,HIGH,1.0,CH-TI
,Switzerland,Lavertezzo (Riazzino),Distretto di Locarno,Ticino,1253,,Commune,,#N/A,,,,,,,,,,localadmin,,CH-TI,Lavertezzo,county,2,CH-TI,Locarno,region,1,CH-TI,Ticino,HIGH,1.0,CH-TI
,Switzerland,Centovalli (incl. Intragna),Distretto di Locarno,Ticino,1070,,Commune,,#N/A,,,,,,,,,,localadmin,,CH-TI,Centovalli,county,2,CH-TI,Locarno,region,1,CH-TI,Ticino,HIGH,1.0,CH-TI
,Switzerland,"Verzasca (incl. Vogorno, Brione)",Distretto di Locarno,Ticino,776,,Commune,,#N/A,,,,,,,,,,localadmin,,CH-TI,Verzasca,county,2,CH-TI,Locarno,region,1,CH-TI,Ticino,HIGH,1.0,CH-TI
,Switzerland,Orselina,Distretto di Locarno,Ticino,687,,Commune,,#N/A,,,,,,,,,,localadmin,,CH-TI,Orselina,county,2,CH-TI,Locarno,region,1,CH-TI,Ticino,HIGH,1.0,CH-TI
,Switzerland,Onsernone (incl. Isorno),Distretto di Locarno,Ticino,663,,Commune,,#N/A,,,,,,,,,,localadmin,,CH-TI,Onsernone,county,2,CH-TI,Locarno,region,1,CH-TI,Ticino,HIGH,1.0,CH-TI
,Switzerland,Ronco sopra Ascona,Distretto di Locarno,Ticino,522,,Commune,,#N/A,,,,,,,,,,localadmin,,CH-TI,Ronco sopra Ascona,county,2,CH-TI,Locarno,region,1,CH-TI,Ticino,HIGH,1.0,CH-TI
,Switzerland,Brione sopra Minusio,Distretto di Locarno,Ticino,436,,Commune,,#N/A,,,,,,,,,,localadmin,,CH-TI,Brione sopra Minusio,county,2,CH-TI,Locarno,region,1,CH-TI,Ticino,HIGH,1.0,CH-TI
,Switzerland,Mergoscia,Distretto di Locarno,Ticino,202,,Commune,,#N/A,,,,,,,,,,localadmin,,CH-TI,Mergoscia,county,2,CH-TI,Locarno,region,1,CH-TI,Ticino,HIGH,1.0,CH-TI
,Switzerland,"Lugano (incl. Breganzona, Pregassona, Viganello)",Distretto di Lugano,Ticino,63621,Lugano,City,,Lugano,,,,,,,,,,county,2,CH-TI,Lugano,county,2,CH-TI,Lugano,region,1,CH-TI,Ticino,HIGH,1.0,CH-TI
,Switzerland,Massagno,Distretto di Lugano,Ticino,6799,Lugano,Commune,,Lugano,,,,,,,,,,localadmin,,CH-TI,Massagno,county,2,CH-TI,Lugano,region,1,CH-TI,Ticino,HIGH,1.0,CH-TI
,Switzerland,"Capriasca (incl. Sala Capriasca, Tesserete)",Distretto di Lugano,Ticino,6717,Lugano,Commune,,Lugano,,,,,,,,,,localadmin,,CH-TI,Capriasca,county,2,CH-TI,Lugano,region,1,CH-TI,Ticino,HIGH,1.0,CH-TI
,Switzerland,"Collina d'Oro (incl. Gentilino, Montagnola)",Distretto di Lugano,Ticino,4903,Lugano,Commune,,Lugano,,,,,,,,,,localadmin,,CH-TI,Collina d'Oro,county,2,CH-TI,Lugano,region,1,CH-TI,Ticino,HIGH,1.0,CH-TI
,Switzerland,Paradiso,Distretto di Lugano,Ticino,4854,Lugano,Commune,,Lugano,,,,,,,,,,localadmin,,CH-TI,Paradiso,county,2,CH-TI,Lugano,region,1,CH-TI,Ticino,HIGH,1.0,CH-TI
,Switzerland,"Monteceneri (incl. Bironico, Camignolo, Rivera)",Distretto di Lugano,Ticino,4729,Lugano,Commune,,Lugano,,,,,,,,,,localadmin,,CH-TI,Monteceneri,county,2,CH-TI,Lugano,region,1,CH-TI,Ticino,HIGH,1.0,CH-TI
,Switzerland,Agno,Distretto di Lugano,Ticino,4554,Lugano,City,,Lugano,,,,,,,,,,localadmin,,CH-TI,Agno,county,2,CH-TI,Lugano,region,1,CH-TI,Ticino,HIGH,1.0,CH-TI
,Switzerland,Caslano,Distretto di Lugano,Ticino,4398,Lugano,Commune,,Lugano,,,,,,,,,,localadmin,,CH-TI,Caslano,county,2,CH-TI,Lugano,region,1,CH-TI,Ticino,HIGH,1.0,CH-TI
,Switzerland,Tresa (incl. Ponte Tresa),Distretto di Lugano,Ticino,3126,Lugano,Commune,,Lugano,,,,,,,,,,localadmin,,CH-TI,Tresa,county,2,CH-TI,Lugano,region,1,CH-TI,Ticino,HIGH,1.0,CH-TI
,Switzerland,Torricella-Taverne,Distretto di Lugano,Ticino,3087,Lugano,Commune,,Lugano,,,,,,,,,,localadmin,,CH-TI,Torricella-Taverne,county,2,CH-TI,Lugano,region,1,CH-TI,Ticino,HIGH,1.0,CH-TI
,Switzerland,"Val Mara (incl. Maroggia, Melano, Rovio)",Distretto di Lugano,Ticino,3005,Lugano,Commune,,Lugano,,,,,,,,,,localadmin,,CH-TI,Val Mara,county,2,CH-TI,Lugano,region,1,CH-TI,Ticino,HIGH,1.0,CH-TI
,Switzerland,Bioggio,Distretto di Lugano,Ticino,2801,Lugano,Commune,,Lugano,,,,,,,,,,localadmin,,CH-TI,Bioggio,county,2,CH-TI,Lugano,region,1,CH-TI,Ticino,HIGH,1.0,CH-TI
,Switzerland,Canobbio,Distretto di Lugano,Ticino,2404,Lugano,Commune,,Lugano,,,,,,,,,,localadmin,,CH-TI,Canobbio,county,2,CH-TI,Lugano,region,1,CH-TI,Ticino,HIGH,1.0,CH-TI
,Switzerland,Savosa,Distretto di Lugano,Ticino,2276,Lugano,Commune,,Lugano,,,,,,,,,,localadmin,,CH-TI,Savosa,county,2,CH-TI,Lugano,region,1,CH-TI,Ticino,HIGH,1.0,CH-TI
,Switzerland,Comano,Distretto di Lugano,Ticino,2186,Lugano,Commune,,Lugano,,,,,,,,,,localadmin,,CH-TI,Comano,county,2,CH-TI,Lugano,region,1,CH-TI,Ticino,HIGH,1.0,CH-TI
,Switzerland,Sorengo,Distretto di Lugano,Ticino,2183,Lugano,Commune,,Lugano,,,,,,,,,,localadmin,,CH-TI,Sorengo,county,2,CH-TI,Lugano,region,1,CH-TI,Ticino,HIGH,1.0,CH-TI
,Switzerland,Ponte Capriasca,Distretto di Lugano,Ticino,1958,Lugano,Commune,,Lugano,,,,,,,,,,localadmin,,CH-TI,Ponte Capriasca,county,2,CH-TI,Lugano,region,1,CH-TI,Ticino,HIGH,1.0,CH-TI
,Switzerland,Vezia,Distretto di Lugano,Ticino,1958,Lugano,Commune,,Lugano,,,,,,,,,,localadmin,,CH-TI,Vezia,county,2,CH-TI,Lugano,region,1,CH-TI,Ticino,HIGH,1.0,CH-TI
,Switzerland,Melide,Distretto di Lugano,Ticino,1785,Lugano,Commune,,Lugano,,,,,,,,,,localadmin,,CH-TI,Melide,county,2,CH-TI,Lugano,region,1,CH-TI,Ticino,HIGH,1.0,CH-TI
,Switzerland,Lamone,Distretto di Lugano,Ticino,1757,Lugano,Commune,,Lugano,,,,,,,,,,localadmin,,CH-TI,Lamone,county,2,CH-TI,Lugano,region,1,CH-TI,Ticino,HIGH,1.0,CH-TI
,Switzerland,Porza,Distretto di Lugano,Ticino,1717,Lugano,Commune,,Lugano,,,,,,,,,,localadmin,,CH-TI,Porza,county,2,CH-TI,Lugano,region,1,CH-TI,Ticino,HIGH,1.0,CH-TI
,Switzerland,Magliaso,Distretto di Lugano,Ticino,1622,Lugano,Commune,,Lugano,,,,,,,,,,localadmin,,CH-TI,Magliaso,county,2,CH-TI,Lugano,region,1,CH-TI,Ticino,HIGH,1.0,CH-TI
,Switzerland,Cadempino,Distretto di Lugano,Ticino,1585,Lugano,Commune,,Lugano,,,,,,,,,,localadmin,,CH-TI,Cadempino,county,2,CH-TI,Lugano,region,1,CH-TI,Ticino,HIGH,1.0,CH-TI
,Switzerland,Origlio,Distretto di Lugano,Ticino,1526,Lugano,Commune,,Lugano,,,,,,,,,,localadmin,,CH-TI,Origlio,county,2,CH-TI,Lugano,region,1,CH-TI,Ticino,HIGH,1.0,CH-TI
,Switzerland,Bedano,Distretto di Lugano,Ticino,1510,Lugano,Commune,,Lugano,,,,,,,,,,localadmin,,CH-TI,Bedano,county,2,CH-TI,Lugano,region,1,CH-TI,Ticino,HIGH,1.0,CH-TI
,Switzerland,Cureglia,Distretto di Lugano,Ticino,1482,Lugano,Commune,,Lugano,,,,,,,,,,localadmin,,CH-TI,Cureglia,county,2,CH-TI,Lugano,region,1,CH-TI,Ticino,HIGH,1.0,CH-TI
,Switzerland,Gravesano,Distretto di Lugano,Ticino,1398,Lugano,Commune,,Lugano,,,,,,,,,,localadmin,,CH-TI,Gravesano,county,2,CH-TI,Lugano,region,1,CH-TI,Ticino,HIGH,1.0,CH-TI
,Switzerland,Alto Malcantone,Distretto di Lugano,Ticino,1390,Lugano,Commune,,Lugano,,,,,,,,,,localadmin,,CH-TI,Alto Malcantone,county,2,CH-TI,Lugano,region,1,CH-TI,Ticino,HIGH,1.0,CH-TI
,Switzerland,Mezzovico-Vira,Distretto di Lugano,Ticino,1389,Lugano,Commune,,Lugano,,,,,,,,,,localadmin,,CH-TI,Mezzovico-Vira,county,2,CH-TI,Lugano,region,1,CH-TI,Ticino,HIGH,1.0,CH-TI
,Switzerland,Manno,Distretto di Lugano,Ticino,1373,Lugano,Commune,,Lugano,,,,,,,,,,localadmin,,CH-TI,Manno,county,2,CH-TI,Lugano,region,1,CH-TI,Ticino,HIGH,1.0,CH-TI
,Switzerland,Pura,Distretto di Lugano,Ticino,1355,Lugano,Commune,,Lugano,,,,,,,,,,localadmin,,CH-TI,Pura,county,2,CH-TI,Lugano,region,1,CH-TI,Ticino,HIGH,1.0,CH-TI
,Switzerland,Arogno,Distretto di Lugano,Ticino,938,Lugano,Commune,,Lugano,,,,,,,,,,localadmin,,CH-TI,Arogno,county,2,CH-TI,Lugano,region,1,CH-TI,Ticino,HIGH,1.0,CH-TI
,Switzerland,Bissone,Distretto di Lugano,Ticino,930,Lugano,Commune,,Lugano,,,,,,,,,,localadmin,,CH-TI,Biss'one,county,2,CH-TI,Lugano,region,1,CH-TI,Ticino,MED,0.933,CH-TI
,Switzerland,Novaggio,Distretto di Lugano,Ticino,850,Lugano,Commune,,Lugano,,,,,,,,,,,,,,,,,,region,1,CH-TI,Ticino,NONE,0.0,CH-TI
,Switzerland,Muzzano,Distretto di Lugano,Ticino,805,Lugano,Commune,,Lugano,,,,,,,,,,localadmin,,CH-TI,Muzzano,county,2,CH-TI,Lugano,region,1,CH-TI,Ticino,HIGH,1.0,CH-TI
,Switzerland,Cademario,Distretto di Lugano,Ticino,789,Lugano,Commune,,Lugano,,,,,,,,,,localadmin,,CH-TI,Cademario,county,2,CH-TI,Lugano,region,1,CH-TI,Ticino,HIGH,1.0,CH-TI
,Switzerland,Morcote,Distretto di Lugano,Ticino,713,Lugano,City,,Lugano,,,,,,,,,,localadmin,,CH-TI,Morcote,county,2,CH-TI,Lugano,region,1,CH-TI,Ticino,HIGH,1.0,CH-TI
,Switzerland,Bedigliora,Distretto di Lugano,Ticino,619,Lugano,Commune,,Lugano,,,,,,,,,,,,,,,,,,region,1,CH-TI,Ticino,NONE,0.0,CH-TI
,Switzerland,Vernate,Distretto di Lugano,Ticino,613,Lugano,Commune,,Lugano,,,,,,,,,,localadmin,,CH-TI,Vernate,county,2,CH-TI,Lugano,region,1,CH-TI,Ticino,HIGH,1.0,CH-TI
,Switzerland,Curio,Distretto di Lugano,Ticino,587,Lugano,Commune,,Lugano,,,,,,,,,,,,,,,,,,region,1,CH-TI,Ticino,NONE,0.0,CH-TI
,Switzerland,Brusino Arsizio,Distretto di Lugano,Ticino,474,Lugano,Commune,,Lugano,,,,,,,,,,localadmin,,CH-TI,Brusino Arsizio,county,2,CH-TI,Lugano,region,1,CH-TI,Ticino,HIGH,1.0,CH-TI
,Switzerland,Grancia,Distretto di Lugano,Ticino,468,Lugano,Commune,,Lugano,,,,,,,,,,localadmin,,CH-TI,Grancia,county,2,CH-TI,Lugano,region,1,CH-TI,Ticino,HIGH,1.0,CH-TI
,Switzerland,Vico Morcote,Distretto di Lugano,Ticino,407,Lugano,Commune,,Lugano,,,,,,,,,,localadmin,,CH-TI,Vico Morcote,county,2,CH-TI,Lugano,region,1,CH-TI,Ticino,HIGH,1.0,CH-TI
,Switzerland,Aranno,Distretto di Lugano,Ticino,351,Lugano,Commune,,Lugano,,,,,,,,,,localadmin,,CH-TI,Aranno,county,2,CH-TI,Lugano,region,1,CH-TI,Ticino,HIGH,1.0,CH-TI
,Switzerland,Neggio,Distretto di Lugano,Ticino,328,Lugano,Commune,,Lugano,,,,,,,,,,localadmin,,CH-TI,Neggio,county,2,CH-TI,Lugano,region,1,CH-TI,Ticino,HIGH,1.0,CH-TI
,Switzerland,Astano,Distretto di Lugano,Ticino,313,Lugano,Commune,,Lugano,,,,,,,,,,,,,,,,,,region,1,CH-TI,Ticino,NONE,0.0,CH-TI
,Switzerland,Miglieglia,Distretto di Lugano,Ticino,293,Lugano,Commune,,Lugano,,,,,,,,,,,,,,,,,,region,1,CH-TI,Ticino,NONE,0.0,CH-TI
,Switzerland,"Mendrisio (incl. Arzo, Ligornetto, Rancate)",Distretto di Mendrisio,Ticino,15083,Chiasso,City,,Chiasso,,,,,,,,,,county,2,CH-TI,Mendrisio,county,2,CH-TI,Mendrisio,region,1,CH-TI,Ticino,HIGH,1.0,CH-TI
,Switzerland,Chiasso,Distretto di Mendrisio,Ticino,7563,Chiasso,Commune,,Chiasso,,,,,,,,,,localadmin,,CH-TI,Chiasso,county,2,CH-TI,Mendrisio,region,1,CH-TI,Ticino,HIGH,1.0,CH-TI
,Switzerland,Stabio,Distretto di Mendrisio,Ticino,4522,Chiasso,Commune,,Chiasso,,,,,,,,,,localadmin,,CH-TI,Stabio,county,2,CH-TI,Mendrisio,region,1,CH-TI,Ticino,HIGH,1.0,CH-TI
,Switzerland,Morbio Inferiore,Distretto di Mendrisio,Ticino,4412,Chiasso,Commune,,Chiasso,,,,,,,,,,localadmin,,CH-TI,Morbio Inferiore,county,2,CH-TI,Mendrisio,region,1,CH-TI,Ticino,HIGH,1.0,CH-TI
,Switzerland,Vacallo,Distretto di Mendrisio,Ticino,3491,Chiasso,Commune,,Chiasso,,,,,,,,,,localadmin,,CH-TI,Vacallo,,,,,region,1,CH-TI,Ticino,HIGH,1.0,CH-TI
,Switzerland,Balerna,Distretto di Mendrisio,Ticino,3355,Chiasso,Commune,,Chiasso,,,,,,,,,,localadmin,,CH-TI,Balerna,county,2,CH-TI,Mendrisio,region,1,CH-TI,Ticino,HIGH,1.0,CH-TI
,Switzerland,Coldrerio,Distretto di Mendrisio,Ticino,2834,Chiasso,Commune,,Chiasso,,,,,,,,,,localadmin,,CH-TI,Coldrerio,county,2,CH-TI,Mendrisio,region,1,CH-TI,Ticino,HIGH,1.0,CH-TI
,Switzerland,Riva San Vitale,Distretto di Mendrisio,Ticino,2695,Chiasso,City,,Chiasso,,,,,,,,,,localadmin,,CH-TI,Riva San Vitale,county,2,CH-TI,Mendrisio,region,1,CH-TI,Ticino,HIGH,1.0,CH-TI
,Switzerland,Novazzano,Distretto di Mendrisio,Ticino,2339,Chiasso,Commune,,Chiasso,,,,,,,,,,localadmin,,CH-TI,Novazzano,county,2,CH-TI,Mendrisio,region,1,CH-TI,Ticino,HIGH,1.0,CH-TI
,Switzerland,Castel San Pietro,Distretto di Mendrisio,Ticino,2262,Chiasso,Commune,,Chiasso,,,,,,,,,,localadmin,,CH-TI,Castel San Pietro,county,2,CH-TI,Mendrisio,region,1,CH-TI,Ticino,HIGH,1.0,CH-TI
,Switzerland,Breggia (incl. Morbio Superiore),Distretto di Mendrisio,Ticino,1890,Chiasso,Commune,,Chiasso,,,,,,,,,,localadmin,,CH-TI,Breggia,county,2,CH-TI,Mendrisio,region,1,CH-TI,Ticino,HIGH,1.0,CH-TI
,Switzerland,Biasca,Distretto di Riviera,Ticino,6201,,Commune,,#N/A,,,,,,,,,,localadmin,,CH-TI,Biasca,county,2,CH-TI,Riviera,region,1,CH-TI,Ticino,HIGH,1.0,CH-TI
,Switzerland,"Riviera (incl. Lodrino, Osogna)",Distretto di Riviera,Ticino,4269,,Commune,,#N/A,,,,,,,,,,county,2,CH-TI,Riviera,county,2,CH-TI,Riviera,region,1,CH-TI,Ticino,HIGH,1.0,CH-TI
,Switzerland,Maggia,Distretto di Vallemaggia,Ticino,2675,,Commune,,#N/A,,,,,,,,,,localadmin,,CH-TI,Maggia,county,2,CH-TI,Vallemaggia,region,1,CH-TI,Ticino,HIGH,1.0,CH-TI
,Switzerland,Avegno Gordevio (incl. Gordevio),Distretto di Vallemaggia,Ticino,1534,,Commune,,#N/A,,,,,,,,,,localadmin,,CH-TI,Avegno Gordevio,county,2,CH-TI,Vallemaggia,region,1,CH-TI,Ticino,HIGH,1.0,CH-TI
,Switzerland,Cevio,Distretto di Vallemaggia,Ticino,1111,,Commune,,#N/A,,,,,,,,,,localadmin,,CH-TI,Cevio,county,2,CH-TI,Vallemaggia,region,1,CH-TI,Ticino,HIGH,1.0,CH-TI
,Switzerland,Lavizzara,Distretto di Vallemaggia,Ticino,498,,Commune,,#N/A,,,,,,,,,,localadmin,,CH-TI,Lavizzara,county,2,CH-TI,Vallemaggia,region,1,CH-TI,Ticino,HIGH,1.0,CH-TI
,Switzerland,Campo (Vallemaggia),Distretto di Vallemaggia,Ticino,49,,Commune,,#N/A,,,,,,,,,,localadmin,,CH-TI,Campo (Vallemaggia),county,2,CH-TI,Vallemaggia,region,1,CH-TI,Ticino,HIGH,1.0,CH-TI
,Switzerland,Bosco/Gurin,Distretto di Vallemaggia,Ticino,47,,Commune,,#N/A,,,,,,,,,,localadmin,,CH-TI,Bosco/Gurin,county,2,CH-TI,Vallemaggia,region,1,CH-TI,Ticino,HIGH,1.0,CH-TI
,Switzerland,Linescio,Distretto di Vallemaggia,Ticino,41,,Commune,,#N/A,,,,,,,,,,localadmin,,CH-TI,Linescio,county,2,CH-TI,Vallemaggia,region,1,CH-TI,Ticino,HIGH,1.0,CH-TI
,Switzerland,Cerentino,Distretto di Vallemaggia,Ticino,37,,Commune,,#N/A,,,,,,,,,,localadmin,,CH-TI,Cerentino,county,2,CH-TI,Vallemaggia,region,1,CH-TI,Ticino,HIGH,1.0,CH-TI
,Switzerland,Altdorf (UR),Uri,Uri,10457,,Commune,,#N/A,,,,,,,,,,localadmin,,CH-UR,Altdorf (UR),county,2,CH-UR,Uri,region,1,CH-UR,Uri,HIGH,1.0,CH-UR
,Switzerland,Schattdorf,Uri,Uri,5500,,Commune,,#N/A,,,,,,,,,,localadmin,,CH-UR,Schattdorf,county,2,CH-UR,Uri,region,1,CH-UR,Uri,HIGH,1.0,CH-UR
,Switzerland,Erstfeld,Uri,Uri,3956,,Commune,,#N/A,,,,,,,,,,localadmin,,CH-UR,Erstfeld,county,2,CH-UR,Uri,region,1,CH-UR,Uri,HIGH,1.0,CH-UR
,Switzerland,Bürglen (UR),Uri,Uri,3901,,Commune,,#N/A,,,,,,,,,,localadmin,,CH-UR,Bürglen (UR),county,2,CH-UR,Uri,region,1,CH-UR,Uri,HIGH,1.0,CH-UR
,Switzerland,Flüelen,Uri,Uri,2071,,Commune,,#N/A,,,,,,,,,,localadmin,,CH-UR,Flüelen,county,2,CH-UR,Uri,region,1,CH-UR,Uri,HIGH,1.0,CH-UR
,Switzerland,Seedorf (UR) (incl. Bauen),Uri,Uri,2058,,Commune,,#N/A,,,,,,,,,,localadmin,,CH-UR,Seedorf (UR),county,2,CH-UR,Uri,region,1,CH-UR,Uri,HIGH,1.0,CH-UR
,Switzerland,Silenen,Uri,Uri,2036,,Commune,,#N/A,,,,,,,,,,localadmin,,CH-UR,Silenen,county,2,CH-UR,Uri,region,1,CH-UR,Uri,HIGH,1.0,CH-UR
,Switzerland,Attinghausen,Uri,Uri,1788,,Commune,,#N/A,,,,,,,,,,localadmin,,CH-UR,Attinghausen,county,2,CH-UR,Uri,region,1,CH-UR,Uri,HIGH,1.0,CH-UR
,Switzerland,Andermatt,Uri,Uri,1578,,Commune,,#N/A,,,,,,,,,,localadmin,,CH-UR,Andermatt,county,2,CH-UR,Uri,region,1,CH-UR,Uri,HIGH,1.0,CH-UR
,Switzerland,Spiringen,Uri,Uri,881,,Commune,,#N/A,,,,,,,,,,localadmin,,CH-UR,Spiringen,county,2,CH-UR,Uri,region,1,CH-UR,Uri,HIGH,1.0,CH-UR
,Switzerland,Unterschächen,Uri,Uri,746,,Commune,,#N/A,,,,,,,,,,localadmin,,CH-UR,Unterschächen,county,2,CH-UR,Uri,region,1,CH-UR,Uri,HIGH,1.0,CH-UR
,Switzerland,Seelisberg,Uri,Uri,735,,Commune,,#N/A,,,,,,,,,,localadmin,,CH-UR,Seelisberg,county,2,CH-UR,Uri,region,1,CH-UR,Uri,HIGH,1.0,CH-UR
,Switzerland,Gurtnellen,Uri,Uri,487,,Commune,,#N/A,,,,,,,,,,localadmin,,CH-UR,Gurtnellen,county,2,CH-UR,Uri,region,1,CH-UR,Uri,HIGH,1.0,CH-UR
,Switzerland,Isenthal,Uri,Uri,459,,Commune,,#N/A,,,,,,,,,,localadmin,,CH-UR,Isenthal,county,2,CH-UR,Uri,region,1,CH-UR,Uri,HIGH,1.0,CH-UR
,Switzerland,Göschenen,Uri,Uri,457,,Commune,,#N/A,,,,,,,,,,localadmin,,CH-UR,Göschenen,county,2,CH-UR,Uri,region,1,CH-UR,Uri,HIGH,1.0,CH-UR
,Switzerland,Wassen,Uri,Uri,431,,Commune,,#N/A,,,,,,,,,,localadmin,,CH-UR,Wassen,county,2,CH-UR,Uri,region,1,CH-UR,Uri,HIGH,1.0,CH-UR
,Switzerland,Sisikon,Uri,Uri,395,,Commune,,#N/A,,,,,,,,,,localadmin,,CH-UR,Sisikon,county,2,CH-UR,Uri,region,1,CH-UR,Uri,HIGH,1.0,CH-UR
,Switzerland,Hospental,Uri,Uri,180,,Commune,,#N/A,,,,,,,,,,localadmin,,CH-UR,Hospental,county,2,CH-UR,Uri,region,1,CH-UR,Uri,HIGH,1.0,CH-UR
,Switzerland,Realp,Uri,Uri,149,,Commune,,#N/A,,,,,,,,,,localadmin,,CH-UR,Realp,county,2,CH-UR,Uri,region,1,CH-UR,Uri,HIGH,1.0,CH-UR
,Switzerland,Brig-Glis,Bezirk Brig,Valais,14080,,City,,#N/A,,,,,,,,,,localadmin,,CH-VS,Brig-Glis,county,2,CH-VS,Brig,region,1,CH-VS,Valais/Wallis,HIGH,1.0,CH-VS
,Switzerland,Naters (incl. Mund),Bezirk Brig,Valais,10675,,Commune,,#N/A,,,,,,,,,,localadmin,,CH-VS,Naters,county,2,CH-VS,Brig,region,1,CH-VS,Valais/Wallis,HIGH,1.0,CH-VS
,Switzerland,Ried-Brig,Bezirk Brig,Valais,2310,,Commune,,#N/A,,,,,,,,,,localadmin,,CH-VS,Ried-Brig,county,2,CH-VS,Brig,region,1,CH-VS,Valais/Wallis,HIGH,1.0,CH-VS
,Switzerland,Termen,Bezirk Brig,Valais,1175,,Commune,,#N/A,,,,,,,,,,localadmin,,CH-VS,Termen,county,2,CH-VS,Brig,region,1,CH-VS,Valais/Wallis,HIGH,1.0,CH-VS
,Switzerland,Eggerberg,Bezirk Brig,Valais,338,,Commune,,#N/A,,,,,,,,,,localadmin,,CH-VS,Eggerberg,county,2,CH-VS,Brig,region,1,CH-VS,Valais/Wallis,HIGH,1.0,CH-VS
,Switzerland,Simplon,Bezirk Brig,Valais,281,,Commune,,#N/A,,,,,,,,,,localadmin,,CH-VS,Simplon,county,2,CH-VS,Brig,region,1,CH-VS,Valais/Wallis,HIGH,1.0,CH-VS
,Switzerland,Zwischbergen,Bezirk Brig,Valais,71,,Commune,,#N/A,,,,,,,,,,localadmin,,CH-VS,Zwischbergen,county,2,CH-VS,Brig,region,1,CH-VS,Valais/Wallis,HIGH,1.0,CH-VS
,Switzerland,Goms,Bezirk Goms,Valais,1149,,Commune,,#N/A,,,,,,,,,,county,2,CH-VS,Goms,county,2,CH-VS,Goms,region,1,CH-VS,Valais/Wallis,HIGH,1.0,CH-VS
,Switzerland,Fiesch,Bezirk Goms,Valais,910,,Commune,,#N/A,,,,,,,,,,localadmin,,CH-VS,Fiesch,county,2,CH-VS,Goms,region,1,CH-VS,Valais/Wallis,HIGH,1.0,CH-VS
,Switzerland,Obergoms,Bezirk Goms,Valais,663,,Commune,,#N/A,,,,,,,,,,localadmin,,CH-VS,Obergoms,county,2,CH-VS,Goms,region,1,CH-VS,Valais/Wallis,HIGH,1.0,CH-VS
,Switzerland,Ernen,Bezirk Goms,Valais,544,,Commune,,#N/A,,,,,,,,,,localadmin,,CH-VS,Ernen,county,2,CH-VS,Goms,region,1,CH-VS,Valais/Wallis,HIGH,1.0,CH-VS
,Switzerland,Bellwald,Bezirk Goms,Valais,363,,Commune,,#N/A,,,,,,,,,,localadmin,,CH-VS,Bellwald,county,2,CH-VS,Goms,region,1,CH-VS,Valais/Wallis,HIGH,1.0,CH-VS
,Switzerland,Fieschertal,Bezirk Goms,Valais,356,,Commune,,#N/A,,,,,,,,,,localadmin,,CH-VS,Fieschertal,county,2,CH-VS,Goms,region,1,CH-VS,Valais/Wallis,HIGH,1.0,CH-VS
,Switzerland,Lax,Bezirk Goms,Valais,339,,Commune,,#N/A,,,,,,,,,,localadmin,,CH-VS,Lax,county,2,CH-VS,Goms,region,1,CH-VS,Valais/Wallis,HIGH,1.0,CH-VS
,Switzerland,Binn,Bezirk Goms,Valais,129,,Commune,,#N/A,,,,,,,,,,localadmin,,CH-VS,Binn,county,2,CH-VS,Goms,region,1,CH-VS,Valais/Wallis,HIGH,1.0,CH-VS
,Switzerland,Leuk,Bezirk Leuk,Valais,4339,,Commune,,#N/A,,,,,,,,,,localadmin,,CH-VS,Leuk,county,2,CH-VS,Leuk,region,1,CH-VS,Valais/Wallis,HIGH,1.0,CH-VS
,Switzerland,Gampel-Bratsch,Bezirk Leuk,Valais,2247,,Commune,,#N/A,,,,,,,,,,localadmin,,CH-VS,Gampel-Bratsch,county,2,CH-VS,Leuk,region,1,CH-VS,Valais/Wallis,HIGH,1.0,CH-VS
,Switzerland,Salgesch,Bezirk Leuk,Valais,1732,,Commune,,#N/A,,,,,,,,,,localadmin,,CH-VS,Salgesch,county,2,CH-VS,Leuk,region,1,CH-VS,Valais/Wallis,HIGH,1.0,CH-VS
,Switzerland,Leukerbad,Bezirk Leuk,Valais,1426,,Commune,,#N/A,,,,,,,,,,localadmin,,CH-VS,Leukerbad,county,2,CH-VS,Leuk,region,1,CH-VS,Valais/Wallis,HIGH,1.0,CH-VS
,Switzerland,Turtmann-Unterems,Bezirk Leuk,Valais,1212,,Commune,,#N/A,,,,,,,,,,localadmin,,CH-VS,Turtmann-Unterems,county,2,CH-VS,Leuk,region,1,CH-VS,Valais/Wallis,HIGH,1.0,CH-VS
,Switzerland,Agarn,Bezirk Leuk,Valais,745,,Commune,,#N/A,,,,,,,,,,localadmin,,CH-VS,Agarn,county,2,CH-VS,Leuk,region,1,CH-VS,Valais/Wallis,HIGH,1.0,CH-VS
,Switzerland,Varen,Bezirk Leuk,Valais,700,,Commune,,#N/A,,,,,,,,,,localadmin,,CH-VS,Varen,county,2,CH-VS,Leuk,region,1,CH-VS,Valais/Wallis,HIGH,1.0,CH-VS
,Switzerland,Guttet-Feschel,Bezirk Leuk,Valais,440,,Commune,,#N/A,,,,,,,,,,localadmin,,CH-VS,Guttet-Feschel,county,2,CH-VS,Leuk,region,1,CH-VS,Valais/Wallis,HIGH,1.0,CH-VS
,Switzerland,Albinen,Bezirk Leuk,Valais,259,,Commune,,#N/A,,,,,,,,,,localadmin,,CH-VS,Albinen,county,2,CH-VS,Leuk,region,1,CH-VS,Valais/Wallis,HIGH,1.0,CH-VS
,Switzerland,Ergisch,Bezirk Leuk,Valais,183,,Commune,,#N/A,,,,,,,,,,localadmin,,CH-VS,Ergisch,county,2,CH-VS,Leuk,region,1,CH-VS,Valais/Wallis,HIGH,1.0,CH-VS
,Switzerland,Oberems,Bezirk Leuk,Valais,140,,Commune,,#N/A,,,,,,,,,,localadmin,,CH-VS,Oberems,county,2,CH-VS,Leuk,region,1,CH-VS,Valais/Wallis,HIGH,1.0,CH-VS
,Switzerland,Inden,Bezirk Leuk,Valais,130,,Commune,,#N/A,,,,,,,,,,localadmin,,CH-VS,Inden,county,2,CH-VS,Leuk,region,1,CH-VS,Valais/Wallis,HIGH,1.0,CH-VS
,Switzerland,Raron,Bezirk Raron,Valais,2024,,Commune,,#N/A,,,,,,,,,,county,2,CH-VS,Raron,county,2,CH-VS,Raron,region,1,CH-VS,Valais/Wallis,HIGH,1.0,CH-VS
,Switzerland,Steg-Hohtenn,Bezirk Raron,Valais,1725,,Commune,,#N/A,,,,,,,,,,localadmin,,CH-VS,Steg-Hohtenn,county,2,CH-VS,West Raron,region,1,CH-VS,Valais/Wallis,HIGH,1.0,CH-VS
,Switzerland,Bitsch,Bezirk Raron,Valais,1142,,Commune,,#N/A,,,,,,,,,,localadmin,,CH-VS,Bitsch,county,2,CH-VS,Raron,region,1,CH-VS,Valais/Wallis,HIGH,1.0,CH-VS
,Switzerland,Bürchen,Bezirk Raron,Valais,766,,Commune,,#N/A,,,,,,,,,,localadmin,,CH-VS,Bürchen,county,2,CH-VS,West Raron,region,1,CH-VS,Valais/Wallis,HIGH,1.0,CH-VS
,Switzerland,Mörel-Filet,Bezirk Raron,Valais,759,,Commune,,#N/A,,,,,,,,,,localadmin,,CH-VS,Mörel-Filet,county,2,CH-VS,Raron,region,1,CH-VS,Valais/Wallis,HIGH,1.0,CH-VS
,Switzerland,Niedergesteln,Bezirk Raron,Valais,749,,Commune,,#N/A,,,,,,,,,,localadmin,,CH-VS,Niedergesteln,county,2,CH-VS,West Raron,region,1,CH-VS,Valais/Wallis,HIGH,1.0,CH-VS
,Switzerland,Ausserberg,Bezirk Raron,Valais,640,,Commune,,#N/A,,,,,,,,,,localadmin,,CH-VS,Ausserberg,county,2,CH-VS,West Raron,region,1,CH-VS,Valais/Wallis,HIGH,1.0,CH-VS
,Switzerland,Wiler (Lötschen),Bezirk Raron,Valais,528,,Commune,,#N/A,,,,,,,,,,localadmin,,CH-VS,Wiler (Lötschen),county,2,CH-VS,West Raron,region,1,CH-VS,Valais/Wallis,HIGH,1.0,CH-VS
,Switzerland,Bettmeralp,Bezirk Raron,Valais,483,,Commune,,#N/A,,,,,,,,,,localadmin,,CH-VS,Bettmeralp,county,2,CH-VS,Raron,region,1,CH-VS,Valais/Wallis,HIGH,1.0,CH-VS
,Switzerland,Unterbäch,Bezirk Raron,Valais,478,,Commune,,#N/A,,,,,,,,,,localadmin,,CH-VS,Unterbäch,county,2,CH-VS,West Raron,region,1,CH-VS,Valais/Wallis,HIGH,1.0,CH-VS
,Switzerland,Eischoll,Bezirk Raron,Valais,460,,Commune,,#N/A,,,,,,,,,,localadmin,,CH-VS,Eischoll,county,2,CH-VS,West Raron,region,1,CH-VS,Valais/Wallis,HIGH,1.0,CH-VS
,Switzerland,Riederalp,Bezirk Raron,Valais,440,,Commune,,#N/A,,,,,,,,,,localadmin,,CH-VS,Riederalp,county,2,CH-VS,Raron,region,1,CH-VS,Valais/Wallis,HIGH,1.0,CH-VS
,Switzerland,Grengiols,Bezirk Raron,Valais,417,,Commune,,#N/A,,,,,,,,,,localadmin,,CH-VS,Grengiols,county,2,CH-VS,Raron,region,1,CH-VS,Valais/Wallis,HIGH,1.0,CH-VS
,Switzerland,Kippel,Bezirk Raron,Valais,329,,Commune,,#N/A,,,,,,,,,,localadmin,,CH-VS,Kippel,county,2,CH-VS,West Raron,region,1,CH-VS,Valais/Wallis,HIGH,1.0,CH-VS
,Switzerland,Blatten (Blatten (Lötschen)),Bezirk Raron,Valais,300,,Commune,,#N/A,,,,,,,,,,localadmin,,CH-VS,Blatten,county,2,CH-VS,West Raron,region,1,CH-VS,Valais/Wallis,HIGH,1.0,CH-VS
,Switzerland,Ferden,Bezirk Raron,Valais,248,,Commune,,#N/A,,,,,,,,,,localadmin,,CH-VS,Ferden,county,2,CH-VS,West Raron,region,1,CH-VS,Valais/Wallis,HIGH,1.0,CH-VS
,Switzerland,Bister,Bezirk Raron,Valais,37,,Commune,,#N/A,,,,,,,,,,localadmin,,CH-VS,Bister,county,2,CH-VS,Raron,region,1,CH-VS,Valais/Wallis,HIGH,1.0,CH-VS
,Switzerland,Visp,Bezirk Visp,Valais,8837,,Commune,,#N/A,,,,,,,,,,county,2,CH-VS,Visp,county,2,CH-VS,Visp,region,1,CH-VS,Valais/Wallis,HIGH,1.0,CH-VS
,Switzerland,Zermatt,Bezirk Visp,Valais,6097,,Commune,,#N/A,,,,,,,,,,localadmin,,CH-VS,Zermatt,county,2,CH-VS,Visp,region,1,CH-VS,Valais/Wallis,HIGH,1.0,CH-VS
,Switzerland,St. Niklaus,Bezirk Visp,Valais,2298,,Commune,,#N/A,,,,,,,,,,localadmin,,CH-VS,St. Niklaus,county,2,CH-VS,Visp,region,1,CH-VS,Valais/Wallis,HIGH,1.0,CH-VS
,Switzerland,Saas-Fee,Bezirk Visp,Valais,1637,,Commune,,#N/A,,,,,,,,,,localadmin,,CH-VS,Saas-Fee,county,2,CH-VS,Visp,region,1,CH-VS,Valais/Wallis,HIGH,1.0,CH-VS
,Switzerland,Baltschieder,Bezirk Visp,Valais,1384,,Commune,,#N/A,,,,,,,,,,localadmin,,CH-VS,Baltschieder,county,2,CH-VS,Visp,region,1,CH-VS,Valais/Wallis,HIGH,1.0,CH-VS
,Switzerland,Visperterminen,Bezirk Visp,Valais,1318,,Commune,,#N/A,,,,,,,,,,localadmin,,CH-VS,Visperterminen,county,2,CH-VS,Visp,region,1,CH-VS,Valais/Wallis,HIGH,1.0,CH-VS
,Switzerland,Grächen,Bezirk Visp,Valais,1316,,Commune,,#N/A,,,,,,,,,,localadmin,,CH-VS,Grächen,county,2,CH-VS,Visp,region,1,CH-VS,Valais/Wallis,HIGH,1.0,CH-VS
,Switzerland,Täsch,Bezirk Visp,Valais,1300,,Commune,,#N/A,,,,,,,,,,localadmin,,CH-VS,Täsch,county,2,CH-VS,Visp,region,1,CH-VS,Valais/Wallis,HIGH,1.0,CH-VS
,Switzerland,Stalden (VS),Bezirk Visp,Valais,1113,,Commune,,#N/A,,,,,,,,,,localadmin,,CH-VS,Stalden (VS),county,2,CH-VS,Visp,region,1,CH-VS,Valais/Wallis,HIGH,1.0,CH-VS
,Switzerland,Saas-Grund,Bezirk Visp,Valais,1057,,Commune,,#N/A,,,,,,,,,,localadmin,,CH-VS,Saas-Grund,county,2,CH-VS,Visp,region,1,CH-VS,Valais/Wallis,HIGH,1.0,CH-VS
,Switzerland,Lalden,Bezirk Visp,Valais,760,,Commune,,#N/A,,,,,,,,,,localadmin,,CH-VS,Lalden,county,2,CH-VS,Brig,region,1,CH-VS,Valais/Wallis,HIGH,1.0,CH-VS
,Switzerland,Staldenried,Bezirk Visp,Valais,561,,Commune,,#N/A,,,,,,,,,,localadmin,,CH-VS,Staldenried,county,2,CH-VS,Visp,region,1,CH-VS,Valais/Wallis,HIGH,1.0,CH-VS
,Switzerland,Törbel,Bezirk Visp,Valais,496,,Commune,,#N/A,,,,,,,,,,localadmin,,CH-VS,Törbel,county,2,CH-VS,Visp,region,1,CH-VS,Valais/Wallis,HIGH,1.0,CH-VS
,Switzerland,Randa,Bezirk Visp,Valais,465,,Commune,,#N/A,,,,,,,,,,localadmin,,CH-VS,Randa,county,2,CH-VS,Visp,region,1,CH-VS,Valais/Wallis,HIGH,1.0,CH-VS
,Switzerland,Saas-Almagell,Bezirk Visp,Valais,385,,Commune,,#N/A,,,,,,,,,,localadmin,,CH-VS,Saas-Almagell,county,2,CH-VS,Visp,region,1,CH-VS,Valais/Wallis,HIGH,1.0,CH-VS
,Switzerland,Zeneggen,Bezirk Visp,Valais,355,,Commune,,#N/A,,,,,,,,,,localadmin,,CH-VS,Zeneggen,county,2,CH-VS,Visp,region,1,CH-VS,Valais/Wallis,HIGH,1.0,CH-VS
,Switzerland,Saas-Balen,Bezirk Visp,Valais,341,,Commune,,#N/A,,,,,,,,,,localadmin,,CH-VS,Saas-Balen,county,2,CH-VS,Visp,region,1,CH-VS,Valais/Wallis,HIGH,1.0,CH-VS
,Switzerland,Embd,Bezirk Visp,Valais,285,,Commune,,#N/A,,,,,,,,,,localadmin,,CH-VS,Embd,county,2,CH-VS,Visp,region,1,CH-VS,Valais/Wallis,HIGH,1.0,CH-VS
,Switzerland,Eisten,Bezirk Visp,Valais,192,,Commune,,#N/A,,,,,,,,,,localadmin,,CH-VS,Eisten,county,2,CH-VS,Visp,region,1,CH-VS,Valais/Wallis,HIGH,1.0,CH-VS
,Switzerland,Conthey,District de Conthey,Valais,9405,Sion,City,,Sion,,,,,,,,,,localadmin,,CH-VS,Conthey,county,2,CH-VS,Conthey,region,1,CH-VS,Valais/Wallis,HIGH,1.0,CH-VS
,Switzerland,Nendaz,District de Conthey,Valais,7314,Sion,Commune,,Sion,,,,,,,,,,localadmin,,CH-VS,Nendaz,county,2,CH-VS,Conthey,region,1,CH-VS,Valais/Wallis,HIGH,1.0,CH-VS
,Switzerland,Vétroz,District de Conthey,Valais,6605,Sion,Commune,,Sion,,,,,,,,,,localadmin,,CH-VS,Vétroz,county,2,CH-VS,Conthey,region,1,CH-VS,Valais/Wallis,HIGH,1.0,CH-VS
,Switzerland,Chamoson,District de Conthey,Valais,4384,Sion,Commune,,Sion,,,,,,,,,,localadmin,,CH-VS,Chamoson,county,2,CH-VS,Conthey,region,1,CH-VS,Valais/Wallis,HIGH,1.0,CH-VS
,Switzerland,Ardon,District de Conthey,Valais,3833,Sion,Commune,,Sion,,,,,,,,,,localadmin,,CH-VS,Ardon,county,2,CH-VS,Conthey,region,1,CH-VS,Valais/Wallis,HIGH,1.0,CH-VS
,Switzerland,Martigny (incl. Charrat),District de Martigny,Valais,22244,Martigny,City,,Martigny,,,,,,,,,,county,2,CH-VS,Martigny,county,2,CH-VS,Martigny,region,1,CH-VS,Valais/Wallis,HIGH,1.0,CH-VS
,Switzerland,Fully,District de Martigny,Valais,9304,Martigny,Commune,,Martigny,,,,,,,,,,localadmin,,CH-VS,Fully,county,2,CH-VS,Martigny,region,1,CH-VS,Valais/Wallis,HIGH,1.0,CH-VS
,Switzerland,Saxon,District de Martigny,Valais,7420,Martigny,Commune,,Martigny,,,,,,,,,,localadmin,,CH-VS,Saxon,county,2,CH-VS,Martigny,region,1,CH-VS,Valais/Wallis,HIGH,1.0,CH-VS
,Switzerland,Riddes,District de Martigny,Valais,3748,Martigny,Commune,,Martigny,,,,,,,,,,localadmin,,CH-VS,Riddes,county,2,CH-VS,Martigny,region,1,CH-VS,Valais/Wallis,HIGH,1.0,CH-VS
,Switzerland,Leytron,District de Martigny,Valais,3528,Martigny,Commune,,Martigny,,,,,,,,,,localadmin,,CH-VS,Leytron,county,2,CH-VS,Martigny,region,1,CH-VS,Valais/Wallis,HIGH,1.0,CH-VS
,Switzerland,Saillon,District de Martigny,Valais,3152,Martigny,City,,Martigny,,,,,,,,,,localadmin,,CH-VS,Saillon,county,2,CH-VS,Martigny,region,1,CH-VS,Valais/Wallis,HIGH,1.0,CH-VS
,Switzerland,Martigny-Combe,District de Martigny,Valais,2363,Martigny,Commune,,Martigny,,,,,,,,,,localadmin,,CH-VS,Martigny-Combe,county,2,CH-VS,Martigny,region,1,CH-VS,Valais/Wallis,HIGH,1.0,CH-VS
,Switzerland,Bovernier,District de Martigny,Valais,952,Martigny,Commune,,Martigny,,,,,,,,,,localadmin,,CH-VS,Bovernier,county,2,CH-VS,Martigny,region,1,CH-VS,Valais/Wallis,HIGH,1.0,CH-VS
,Switzerland,Isérables,District de Martigny,Valais,804,Martigny,Commune,,Martigny,,,,,,,,,,localadmin,,CH-VS,Isérables,county,2,CH-VS,Martigny,region,1,CH-VS,Valais/Wallis,HIGH,1.0,CH-VS
,Switzerland,Trient,District de Martigny,Valais,175,Martigny,Commune,,Martigny,,,,,,,,,,localadmin,,CH-VS,Trient,county,2,CH-VS,Martigny,region,1,CH-VS,Valais/Wallis,HIGH,1.0,CH-VS
,Switzerland,Monthey,District de Monthey,Valais,19070,Monthey,City,,Monthey,,,,,,,,,,county,2,CH-VS,Monthey,county,2,CH-VS,Monthey,region,1,CH-VS,Valais/Wallis,HIGH,1.0,CH-VS
,Switzerland,Collombey-Muraz,District de Monthey,Valais,10049,Monthey,Commune,,Monthey,,,,,,,,,,localadmin,,CH-VS,Collombey-Muraz,county,2,CH-VS,Monthey,region,1,CH-VS,Valais/Wallis,HIGH,1.0,CH-VS
,Switzerland,Troistorrents,District de Monthey,Valais,5022,Monthey,Commune,,Monthey,,,,,,,,,,localadmin,,CH-VS,Troistorrents,county,2,CH-VS,Monthey,region,1,CH-VS,Valais/Wallis,HIGH,1.0,CH-VS
,Switzerland,Vouvry,District de Monthey,Valais,4800,Monthey,Commune,,Monthey,,,,,,,,,,localadmin,,CH-VS,Vouvry,county,2,CH-VS,Monthey,region,1,CH-VS,Valais/Wallis,HIGH,1.0,CH-VS
,Switzerland,Port-Valais,District de Monthey,Valais,4551,Monthey,Commune,,Monthey,,,,,,,,,,localadmin,,CH-VS,Port-Valais,county,2,CH-VS,Monthey,region,1,CH-VS,Valais/Wallis,HIGH,1.0,CH-VS
,Switzerland,Vionnaz,District de Monthey,Valais,3024,Monthey,Commune,,Monthey,,,,,,,,,,localadmin,,CH-VS,Vionnaz,county,2,CH-VS,Monthey,region,1,CH-VS,Valais/Wallis,HIGH,1.0,CH-VS
,Switzerland,Val-d'Illiez,District de Monthey,Valais,2144,Monthey,Commune,,Monthey,,,,,,,,,,localadmin,,CH-VS,Val-d'Illiez,county,2,CH-VS,Monthey,region,1,CH-VS,Valais/Wallis,HIGH,1.0,CH-VS
,Switzerland,Champéry,District de Monthey,Valais,1404,Monthey,Commune,,Monthey,,,,,,,,,,localadmin,,CH-VS,Champéry,county,2,CH-VS,Monthey,region,1,CH-VS,Valais/Wallis,HIGH,1.0,CH-VS
,Switzerland,Saint-Gingolph,District de Monthey,Valais,1087,Monthey,Commune,,Monthey,,,,,,,,,,localadmin,,CH-VS,Saint-Gingolph,county,2,CH-VS,Monthey,region,1,CH-VS,Valais/Wallis,HIGH,1.0,CH-VS
,Switzerland,Saint-Maurice,District de Saint-Maurice,Valais,4622,,City,,#N/A,,,,,,,,,,locality,,CH-VS,Saint-Maurice,county,2,CH-VS,Saint-Maurice,region,1,CH-VS,Valais/Wallis,HIGH,1.0,CH-VS
,Switzerland,Massongex,District de Saint-Maurice,Valais,2126,,Commune,,#N/A,,,,,,,,,,localadmin,,CH-VS,Massongex,county,2,CH-VS,Saint-Maurice,region,1,CH-VS,Valais/Wallis,HIGH,1.0,CH-VS
,Switzerland,Vernayaz,District de Saint-Maurice,Valais,1928,,Commune,,#N/A,,,,,,,,,,localadmin,,CH-VS,Vernayaz,county,2,CH-VS,Saint-Maurice,region,1,CH-VS,Valais/Wallis,HIGH,1.0,CH-VS
,Switzerland,Evionnaz,District de Saint-Maurice,Valais,1500,,Commune,,#N/A,,,,,,,,,,localadmin,,CH-VS,Evionnaz,county,2,CH-VS,Saint-Maurice,region,1,CH-VS,Valais/Wallis,HIGH,1.0,CH-VS
,Switzerland,Salvan,District de Saint-Maurice,Valais,1495,,Commune,,#N/A,,,,,,,,,,localadmin,,CH-VS,Salvan,county,2,CH-VS,Saint-Maurice,region,1,CH-VS,Valais/Wallis,HIGH,1.0,CH-VS
,Switzerland,Dorénaz,District de Saint-Maurice,Valais,1113,,Commune,,#N/A,,,,,,,,,,localadmin,,CH-VS,Dorénaz,county,2,CH-VS,Saint-Maurice,region,1,CH-VS,Valais/Wallis,HIGH,1.0,CH-VS
,Switzerland,Vérossaz,District de Saint-Maurice,Valais,901,,Commune,,#N/A,,,,,,,,,,localadmin,,CH-VS,Vérossaz,county,2,CH-VS,Saint-Maurice,region,1,CH-VS,Valais/Wallis,HIGH,1.0,CH-VS
,Switzerland,Collonges,District de Saint-Maurice,Valais,869,,Commune,,#N/A,,,,,,,,,,localadmin,,CH-VS,Collonges,county,2,CH-VS,Saint-Maurice,region,1,CH-VS,Valais/Wallis,HIGH,1.0,CH-VS
,Switzerland,Finhaut,District de Saint-Maurice,Valais,418,,Commune,,#N/A,,,,,,,,,,localadmin,,CH-VS,Finhaut,county,2,CH-VS,Saint-Maurice,region,1,CH-VS,Valais/Wallis,HIGH,1.0,CH-VS
,Switzerland,Sierre,District de Sierre,Valais,17818,,City,,#N/A,,,,,,,,,,county,2,CH-VS,Sierre,county,2,CH-VS,Sierre,region,1,CH-VS,Valais/Wallis,HIGH,1.0,CH-VS
,Switzerland,"Crans-Montana (incl. Chermignon, Montana, Randogne)",District de Sierre,Valais,10497,,Commune,,#N/A,,,,,,,,,,localadmin,,CH-VS,Crans-Montana,county,2,CH-VS,Sierre,region,1,CH-VS,Valais/Wallis,HIGH,1.0,CH-VS
,Switzerland,"Noble-Contrée (incl. Veyras, Miège, Venthône)",District de Sierre,Valais,4692,,Commune,,#N/A,,,,,,,,,,localadmin,,CH-VS,Noble-Contrée,county,2,CH-VS,Sierre,region,1,CH-VS,Valais/Wallis,HIGH,1.0,CH-VS
,Switzerland,Lens,District de Sierre,Valais,4568,,Commune,,#N/A,,,,,,,,,,localadmin,,CH-VS,Lens,county,2,CH-VS,Sierre,region,1,CH-VS,Valais/Wallis,HIGH,1.0,CH-VS
,Switzerland,Chalais,District de Sierre,Valais,3927,,Commune,,#N/A,,,,,,,,,,localadmin,,CH-VS,Chalais,county,2,CH-VS,Sierre,region,1,CH-VS,Valais/Wallis,HIGH,1.0,CH-VS
,Switzerland,Anniviers (incl. Ayer),District de Sierre,Valais,2790,,Commune,,#N/A,,,,,,,,,,localadmin,,CH-VS,Anniviers,county,2,CH-VS,Sierre,region,1,CH-VS,Valais/Wallis,HIGH,1.0,CH-VS
,Switzerland,Saint-Léonard,District de Sierre,Valais,2626,,Commune,,#N/A,,,,,,,,,,localadmin,,CH-VS,Saint-Léonard,county,2,CH-VS,Sierre,region,1,CH-VS,Valais/Wallis,HIGH,1.0,CH-VS
,Switzerland,Grône,District de Sierre,Valais,2555,,Commune,,#N/A,,,,,,,,,,localadmin,,CH-VS,Grône,county,2,CH-VS,Sierre,region,1,CH-VS,Valais/Wallis,HIGH,1.0,CH-VS
,Switzerland,Chippis,District de Sierre,Valais,1615,,Commune,,#N/A,,,,,,,,,,localadmin,,CH-VS,Chippis,county,2,CH-VS,Sierre,region,1,CH-VS,Valais/Wallis,HIGH,1.0,CH-VS
,Switzerland,Icogne,District de Sierre,Valais,639,,Commune,,#N/A,,,,,,,,,,localadmin,,CH-VS,Icogne,county,2,CH-VS,Sierre,region,1,CH-VS,Valais/Wallis,HIGH,1.0,CH-VS
,Switzerland,Sion,District de Sion,Valais,37144,Sion,City,,Sion,,,,,,,,,,localadmin,,CH-VS,Sion,county,2,CH-VS,Sion,region,1,CH-VS,Valais/Wallis,HIGH,1.0,CH-VS
,Switzerland,Savièse,District de Sion,Valais,8275,Sion,Commune,,Sion,,,,,,,,,,localadmin,,CH-VS,Savièse,county,2,CH-VS,Sion,region,1,CH-VS,Valais/Wallis,HIGH,1.0,CH-VS
,Switzerland,Grimisuat,District de Sion,Valais,3962,Sion,Commune,,Sion,,,,,,,,,,localadmin,,CH-VS,Grimisuat,county,2,CH-VS,Sion,region,1,CH-VS,Valais/Wallis,HIGH,1.0,CH-VS
,Switzerland,Arbaz,District de Sion,Valais,1462,Sion,Commune,,Sion,,,,,,,,,,localadmin,,CH-VS,Arbaz,county,2,CH-VS,Sion,region,1,CH-VS,Valais/Wallis,HIGH,1.0,CH-VS
,Switzerland,Veysonnaz,District de Sion,Valais,613,Sion,Commune,,Sion,,,,,,,,,,localadmin,,CH-VS,Veysonnaz,county,2,CH-VS,Sion,region,1,CH-VS,Valais/Wallis,HIGH,1.0,CH-VS
,Switzerland,"Val de Bagnes (incl. Bagnes, Vollèges)",District d'Entremont,Valais,10906,,Commune,,#N/A,,,,,,,,,,localadmin,,CH-VS,Val de Bagnes,county,2,CH-VS,Entremont,region,1,CH-VS,Valais/Wallis,HIGH,1.0,CH-VS
,Switzerland,Orsières,District d'Entremont,Valais,3300,,Commune,,#N/A,,,,,,,,,,localadmin,,CH-VS,Orsières,county,2,CH-VS,Entremont,region,1,CH-VS,Valais/Wallis,HIGH,1.0,CH-VS
,Switzerland,Sembrancher,District d'Entremont,Valais,1110,,City,,#N/A,,,,,,,,,,localadmin,,CH-VS,Sembrancher,county,2,CH-VS,Entremont,region,1,CH-VS,Valais/Wallis,HIGH,1.0,CH-VS
,Switzerland,Liddes,District d'Entremont,Valais,770,,Commune,,#N/A,,,,,,,,,,localadmin,,CH-VS,Liddes,county,2,CH-VS,Entremont,region,1,CH-VS,Valais/Wallis,HIGH,1.0,CH-VS
,Switzerland,Bourg-Saint-Pierre,District d'Entremont,Valais,222,,City,,#N/A,,,,,,,,,,localadmin,,CH-VS,Bourg-Saint-Pierre,county,2,CH-VS,Entremont,region,1,CH-VS,Valais/Wallis,HIGH,1.0,CH-VS
,Switzerland,Ayent,District d'Hérens,Valais,4450,Sion,Commune,,Sion,,,,,,,,,,localadmin,,CH-VS,Ayent,county,2,CH-VS,Hérens,region,1,CH-VS,Valais/Wallis,HIGH,1.0,CH-VS
,Switzerland,Vex,District d'Hérens,Valais,1980,Sion,Commune,,Sion,,,,,,,,,,localadmin,,CH-VS,Vex,county,2,CH-VS,Hérens,region,1,CH-VS,Valais/Wallis,HIGH,1.0,CH-VS
,Switzerland,Evolène,District d'Hérens,Valais,1666,Sion,Commune,,Sion,,,,,,,,,,localadmin,,CH-VS,Evolène,county,2,CH-VS,Hérens,region,1,CH-VS,Valais/Wallis,HIGH,1.0,CH-VS
,Switzerland,Hérémence,District d'Hérens,Valais,1545,Sion,Commune,,Sion,,,,,,,,,,localadmin,,CH-VS,Hérémence,county,2,CH-VS,Hérens,region,1,CH-VS,Valais/Wallis,HIGH,1.0,CH-VS
,Switzerland,Mont-Noble,District d'Hérens,Valais,1187,Sion,Commune,,Sion,,,,,,,,,,localadmin,,CH-VS,Mont-Noble,county,2,CH-VS,Hérens,region,1,CH-VS,Valais/Wallis,HIGH,1.0,CH-VS
,Switzerland,Saint-Martin (VS),District d'Hérens,Valais,853,Sion,Commune,,Sion,,,,,,,,,,localadmin,,CH-VS,Saint-Martin (VS),county,2,CH-VS,Hérens,region,1,CH-VS,Valais/Wallis,HIGH,1.0,CH-VS
,Switzerland,Aigle,District d'Aigle,Vaud,11749,,City,,#N/A,,,,,,,,,,localadmin,,CH-VD,Aigle,county,2,CH-VD,Aigle,region,1,CH-VD,Vaud,HIGH,1.0,CH-VD
,Switzerland,Bex,District d'Aigle,Vaud,8838,,Commune,,#N/A,,,,,,,,,,localadmin,,CH-VD,Bex,county,2,CH-VD,Aigle,region,1,CH-VD,Vaud,HIGH,1.0,CH-VD
,Switzerland,Ollon,District d'Aigle,Vaud,8223,,Commune,,#N/A,,,,,,,,,,localadmin,,CH-VD,Ollon,county,2,CH-VD,Aigle,region,1,CH-VD,Vaud,HIGH,1.0,CH-VD
,Switzerland,Villeneuve (VD),District d'Aigle,Vaud,6040,,City,,#N/A,,,,,,,,,,localadmin,,CH-VD,Villeneuve (VD),county,2,CH-VD,Aigle,region,1,CH-VD,Vaud,HIGH,1.0,CH-VD
,Switzerland,Leysin,District d'Aigle,Vaud,3659,,Commune,,#N/A,,,,,,,,,,localadmin,,CH-VD,Leysin,county,2,CH-VD,Aigle,region,1,CH-VD,Vaud,HIGH,1.0,CH-VD
,Switzerland,Roche (VD),District d'Aigle,Vaud,1994,,Commune,,#N/A,,,,,,,,,,localadmin,,CH-VD,Roche (VD),county,2,CH-VD,Aigle,region,1,CH-VD,Vaud,HIGH,1.0,CH-VD
,Switzerland,Gryon,District d'Aigle,Vaud,1518,,Commune,,#N/A,,,,,,,,,,localadmin,,CH-VD,Gryon,county,2,CH-VD,Aigle,region,1,CH-VD,Vaud,HIGH,1.0,CH-VD
,Switzerland,Ormont-Dessus,District d'Aigle,Vaud,1433,,Commune,,#N/A,,,,,,,,,,localadmin,,CH-VD,Ormont-Dessus,county,2,CH-VD,Aigle,region,1,CH-VD,Vaud,HIGH,1.0,CH-VD
,Switzerland,Ormont-Dessous,District d'Aigle,Vaud,1242,,Commune,,#N/A,,,,,,,,,,localadmin,,CH-VD,Ormont-Dessous,county,2,CH-VD,Aigle,region,1,CH-VD,Vaud,HIGH,1.0,CH-VD
,Switzerland,Noville,District d'Aigle,Vaud,1212,,Commune,,#N/A,,,,,,,,,,localadmin,,CH-VD,Noville,county,2,CH-VD,Aigle,region,1,CH-VD,Vaud,HIGH,1.0,CH-VD
,Switzerland,Yvorne,District d'Aigle,Vaud,1109,,Commune,,#N/A,,,,,,,,,,localadmin,,CH-VD,Yvorne,county,2,CH-VD,Aigle,region,1,CH-VD,Vaud,HIGH,1.0,CH-VD
,Switzerland,Lavey-Morcles,District d'Aigle,Vaud,1014,,Commune,,#N/A,,,,,,,,,,localadmin,,CH-VD,Lavey-Morcles,county,2,CH-VD,Aigle,region,1,CH-VD,Vaud,HIGH,1.0,CH-VD
,Switzerland,Rennaz,District d'Aigle,Vaud,949,,Commune,,#N/A,,,,,,,,,,localadmin,,CH-VD,Rennaz,county,2,CH-VD,Aigle,region,1,CH-VD,Vaud,HIGH,1.0,CH-VD
,Switzerland,Chessel,District d'Aigle,Vaud,527,,Commune,,#N/A,,,,,,,,,,localadmin,,CH-VD,Chessel,county,2,CH-VD,Aigle,region,1,CH-VD,Vaud,HIGH,1.0,CH-VD
,Switzerland,Corbeyrier,District d'Aigle,Vaud,452,,Commune,,#N/A,,,,,,,,,,localadmin,,CH-VD,Corbeyrier,county,2,CH-VD,Aigle,region,1,CH-VD,Vaud,HIGH,1.0,CH-VD
,Switzerland,Payerne,District de la Broye-Vully,Vaud,10754,,City,,#N/A,,,,,,,,,,localadmin,,CH-VD,Payerne,county,2,CH-VD,Broye-Vully,region,1,CH-VD,Vaud,HIGH,1.0,CH-VD
,Switzerland,Moudon,District de la Broye-Vully,Vaud,6634,,City,,#N/A,,,,,,,,,,localadmin,,CH-VD,Moudon,county,2,CH-VD,Broye-Vully,region,1,CH-VD,Vaud,HIGH,1.0,CH-VD
,Switzerland,Avenches,District de la Broye-Vully,Vaud,4874,,City,,#N/A,,,,,,,,,,localadmin,,CH-VD,Avenches,county,2,CH-VD,Broye-Vully,region,1,CH-VD,Vaud,HIGH,1.0,CH-VD
,Switzerland,Lucens,District de la Broye-Vully,Vaud,4736,,Commune,,#N/A,,,,,,,,,,locality,,CH-VD,Lucens,county,2,CH-VD,Broye-Vully,region,1,CH-VD,Vaud,HIGH,1.0,CH-VD
,Switzerland,Vully-les-Lacs (incl. Bellerive),District de la Broye-Vully,Vaud,3626,,Commune,,#N/A,,,,,,,,,,localadmin,,CH-VD,Vully-les-Lacs,county,2,CH-VD,Broye-Vully,region,1,CH-VD,Vaud,HIGH,1.0,CH-VD
,Switzerland,Valbroye (incl. Granges-près-Marnand),District de la Broye-Vully,Vaud,3425,,Commune,,#N/A,,,,,,,,,,localadmin,,CH-VD,Valbroye,county,2,CH-VD,Broye-Vully,region,1,CH-VD,Vaud,HIGH,1.0,CH-VD
,Switzerland,Corcelles-près-Payerne,District de la Broye-Vully,Vaud,2981,,Commune,,#N/A,,,,,,,,,,localadmin,,CH-VD,Corcelles-près-Payerne,county,2,CH-VD,Broye-Vully,region,1,CH-VD,Vaud,HIGH,1.0,CH-VD
,Switzerland,Cudrefin,District de la Broye-Vully,Vaud,1885,,City,,#N/A,,,,,,,,,,localadmin,,CH-VD,Cudrefin,county,2,CH-VD,Broye-Vully,region,1,CH-VD,Vaud,HIGH,1.0,CH-VD
,Switzerland,Grandcour,District de la Broye-Vully,Vaud,976,,City,,#N/A,,,,,,,,,,localadmin,,CH-VD,Grandcour,county,2,CH-VD,Broye-Vully,region,1,CH-VD,Vaud,HIGH,1.0,CH-VD
,Switzerland,Faoug,District de la Broye-Vully,Vaud,895,,Commune,,#N/A,,,,,,,,,,localadmin,,CH-VD,Faoug,county,2,CH-VD,Broye-Vully,region,1,CH-VD,Vaud,HIGH,1.0,CH-VD
,Switzerland,Vulliens,District de la Broye-Vully,Vaud,628,,Commune,,#N/A,,,,,,,,,,localadmin,,CH-VD,Vulliens,county,2,CH-VD,Broye-Vully,region,1,CH-VD,Vaud,HIGH,1.0,CH-VD
,Switzerland,Vucherens,District de la Broye-Vully,Vaud,621,,Commune,,#N/A,,,,,,,,,,localadmin,,CH-VD,Vucherens,county,2,CH-VD,Broye-Vully,region,1,CH-VD,Vaud,HIGH,1.0,CH-VD
,Switzerland,Ropraz,District de la Broye-Vully,Vaud,530,,Commune,,#N/A,,,,,,,,,,localadmin,,CH-VD,Ropraz,county,2,CH-VD,Broye-Vully,region,1,CH-VD,Vaud,HIGH,1.0,CH-VD
,Switzerland,Villarzel,District de la Broye-Vully,Vaud,523,,Commune,,#N/A,,,,,,,,,,localadmin,,CH-VD,Villarzel,county,2,CH-VD,Broye-Vully,region,1,CH-VD,Vaud,HIGH,1.0,CH-VD
,Switzerland,Corcelles-le-Jorat,District de la Broye-Vully,Vaud,499,,Commune,,#N/A,,,,,,,,,,localadmin,,CH-VD,Corcelles-le-Jorat,county,2,CH-VD,Broye-Vully,region,1,CH-VD,Vaud,HIGH,1.0,CH-VD
,Switzerland,Chevroux,District de la Broye-Vully,Vaud,494,,Commune,,#N/A,,,,,,,,,,localadmin,,CH-VD,Chevroux,county,2,CH-VD,Broye-Vully,region,1,CH-VD,Vaud,HIGH,1.0,CH-VD
,Switzerland,Henniez,District de la Broye-Vully,Vaud,468,,Commune,,#N/A,,,,,,,,,,localadmin,,CH-VD,Henniez,county,2,CH-VD,Broye-Vully,region,1,CH-VD,Vaud,HIGH,1.0,CH-VD
,Switzerland,Missy,District de la Broye-Vully,Vaud,383,,Commune,,#N/A,,,,,,,,,,localadmin,,CH-VD,Missy,county,2,CH-VD,Broye-Vully,region,1,CH-VD,Vaud,HIGH,1.0,CH-VD
,Switzerland,Hermenches,District de la Broye-Vully,Vaud,373,,Commune,,#N/A,,,,,,,,,,localadmin,,CH-VD,Hermenches,county,2,CH-VD,Broye-Vully,region,1,CH-VD,Vaud,HIGH,1.0,CH-VD
,Switzerland,Trey,District de la Broye-Vully,Vaud,318,,Commune,,#N/A,,,,,,,,,,localadmin,,CH-VD,Trey,county,2,CH-VD,Broye-Vully,region,1,CH-VD,Vaud,HIGH,1.0,CH-VD
,Switzerland,Curtilles,District de la Broye-Vully,Vaud,308,,Commune,,#N/A,,,,,,,,,,localadmin,,CH-VD,Curtilles,county,2,CH-VD,Broye-Vully,region,1,CH-VD,Vaud,HIGH,1.0,CH-VD
,Switzerland,Bussy-sur-Moudon,District de la Broye-Vully,Vaud,262,,Commune,,#N/A,,,,,,,,,,localadmin,,CH-VD,Bussy-sur-Moudon,county,2,CH-VD,Broye-Vully,region,1,CH-VD,Vaud,HIGH,1.0,CH-VD
,Switzerland,Dompierre (VD),District de la Broye-Vully,Vaud,240,,Commune,,#N/A,,,,,,,,,,localadmin,,CH-VD,Dompierre (VD),county,2,CH-VD,Broye-Vully,region,1,CH-VD,Vaud,HIGH,1.0,CH-VD
,Switzerland,Prévonloup,District de la Broye-Vully,Vaud,230,,Commune,,#N/A,,,,,,,,,,localadmin,,CH-VD,Prévonloup,county,2,CH-VD,Broye-Vully,region,1,CH-VD,Vaud,HIGH,1.0,CH-VD
,Switzerland,Chavannes-sur-Moudon,District de la Broye-Vully,Vaud,229,,Commune,,#N/A,,,,,,,,,,localadmin,,CH-VD,Chavannes-sur-Moudon,county,2,CH-VD,Broye-Vully,region,1,CH-VD,Vaud,HIGH,1.0,CH-VD
,Switzerland,Champtauroz,District de la Broye-Vully,Vaud,196,,Commune,,#N/A,,,,,,,,,,localadmin,,CH-VD,Champtauroz,county,2,CH-VD,Broye-Vully,region,1,CH-VD,Vaud,HIGH,1.0,CH-VD
,Switzerland,Syens,District de la Broye-Vully,Vaud,151,,Commune,,#N/A,,,,,,,,,,localadmin,,CH-VD,Syens,county,2,CH-VD,Broye-Vully,region,1,CH-VD,Vaud,HIGH,1.0,CH-VD
,Switzerland,Lovatens,District de la Broye-Vully,Vaud,146,,Commune,,#N/A,,,,,,,,,,localadmin,,CH-VD,Lovatens,county,2,CH-VD,Broye-Vully,region,1,CH-VD,Vaud,HIGH,1.0,CH-VD
,Switzerland,Villars-le-Comte,District de la Broye-Vully,Vaud,132,,Commune,,#N/A,,,,,,,,,,localadmin,,CH-VD,Villars-le-Comte,county,2,CH-VD,Broye-Vully,region,1,CH-VD,Vaud,HIGH,1.0,CH-VD
,Switzerland,Treytorrens (Payerne),District de la Broye-Vully,Vaud,108,,Commune,,#N/A,,,,,,,,,,localadmin,,CH-VD,Treytorrens (Payerne),county,2,CH-VD,Broye-Vully,region,1,CH-VD,Vaud,HIGH,1.0,CH-VD
,Switzerland,Rossenges,District de la Broye-Vully,Vaud,90,,Commune,,#N/A,,,,,,,,,,localadmin,,CH-VD,Rossenges,county,2,CH-VD,Broye-Vully,region,1,CH-VD,Vaud,HIGH,1.0,CH-VD
,Switzerland,Montreux,District de la Riviera-Pays-d'Enhaut,Vaud,26953,Lausanne,City,,Lausanne,,,,,,,,,,localadmin,,CH-VD,Montreux,county,2,CH-VD,Pays-d'Enhaut,region,1,CH-VD,Vaud,HIGH,1.0,CH-VD
,Switzerland,Vevey,District de la Riviera-Pays-d'Enhaut,Vaud,20139,Lausanne,City,,Lausanne,,,,,,,,,,localadmin,,CH-VD,Vevey,county,2,CH-VD,Pays-d'Enhaut,region,1,CH-VD,Vaud,HIGH,1.0,CH-VD
,Switzerland,La Tour-de-Peilz,District de la Riviera-Pays-d'Enhaut,Vaud,12812,Lausanne,City,,Lausanne,,,,,,,,,,localadmin,,CH-VD,La Tour-de-Peilz,county,2,CH-VD,Pays-d'Enhaut,region,1,CH-VD,Vaud,HIGH,1.0,CH-VD
,Switzerland,Blonay - Saint-Légier,District de la Riviera-Pays-d'Enhaut,Vaud,12463,Lausanne,Commune,,Lausanne,,,,,,,,,,localadmin,,CH-VD,Blonay - Saint-Légier,county,2,CH-VD,Pays-d'Enhaut,region,1,CH-VD,Vaud,HIGH,1.0,CH-VD
,Switzerland,Château-d'Œx,District de la Riviera-Pays-d'Enhaut,Vaud,3653,Lausanne,Commune,,Lausanne,,,,,,,,,,localadmin,,CH-VD,Château-d'Oex,county,2,CH-VD,Pays-d'Enhaut,region,1,CH-VD,Vaud,LOW,0.88,CH-VD
,Switzerland,Corsier-sur-Vevey,District de la Riviera-Pays-d'Enhaut,Vaud,3386,Lausanne,Commune,,Lausanne,,,,,,,,,,localadmin,,CH-VD,Corsier-sur-Vevey,county,2,CH-VD,Pays-d'Enhaut,region,1,CH-VD,Vaud,HIGH,1.0,CH-VD
,Switzerland,Chardonne,District de la Riviera-Pays-d'Enhaut,Vaud,3337,Lausanne,Commune,,Lausanne,,,,,,,,,,localadmin,,CH-VD,Chardonne,county,2,CH-VD,Pays-d'Enhaut,region,1,CH-VD,Vaud,HIGH,1.0,CH-VD
,Switzerland,Corseaux,District de la Riviera-Pays-d'Enhaut,Vaud,2320,Lausanne,Commune,,Lausanne,,,,,,,,,,localadmin,,CH-VD,Corseaux,county,2,CH-VD,Pays-d'Enhaut,region,1,CH-VD,Vaud,HIGH,1.0,CH-VD
,Switzerland,Jongny,District de la Riviera-Pays-d'Enhaut,Vaud,1928,Lausanne,Commune,,Lausanne,,,,,,,,,,localadmin,,CH-VD,Jongny,county,2,CH-VD,Pays-d'Enhaut,region,1,CH-VD,Vaud,HIGH,1.0,CH-VD
,Switzerland,Veytaux,District de la Riviera-Pays-d'Enhaut,Vaud,1036,Lausanne,Commune,,Lausanne,,,,,,,,,,localadmin,,CH-VD,Veytaux,county,2,CH-VD,Pays-d'Enhaut,region,1,CH-VD,Vaud,HIGH,1.0,CH-VD
,Switzerland,Rougemont,District de la Riviera-Pays-d'Enhaut,Vaud,813,Lausanne,Commune,,Lausanne,,,,,,,,,,localadmin,,CH-VD,Rougemont,county,2,CH-VD,Pays-d'Enhaut,region,1,CH-VD,Vaud,HIGH,1.0,CH-VD
,Switzerland,Rossinière,District de la Riviera-Pays-d'Enhaut,Vaud,499,Lausanne,Commune,,Lausanne,,,,,,,,,,localadmin,,CH-VD,Rossinière,county,2,CH-VD,Pays-d'Enhaut,region,1,CH-VD,Vaud,HIGH,1.0,CH-VD
,Switzerland,Lausanne,District de Lausanne,Vaud,144809,Lausanne,City,,Lausanne,,,,,,,,,,county,2,CH-VD,Lausanne,county,2,CH-VD,Lausanne,region,1,CH-VD,Vaud,HIGH,1.0,CH-VD
,Switzerland,Epalinges,District de Lausanne,Vaud,9904,Lausanne,Commune,,Lausanne,,,,,,,,,,localadmin,,CH-VD,Épalinges,county,2,CH-VD,Lausanne,region,1,CH-VD,Vaud,HIGH,1.0,CH-VD
,Switzerland,Le Mont-sur-Lausanne,District de Lausanne,Vaud,9530,Lausanne,Commune,,Lausanne,,,,,,,,,,localadmin,,CH-VD,Le Mont-sur-Lausanne,county,2,CH-VD,Lausanne,region,1,CH-VD,Vaud,HIGH,1.0,CH-VD
,Switzerland,Cheseaux-sur-Lausanne,District de Lausanne,Vaud,4845,Lausanne,Commune,,Lausanne,,,,,,,,,,localadmin,,CH-VD,Cheseaux-sur-Lausanne,county,2,CH-VD,Lausanne,region,1,CH-VD,Vaud,HIGH,1.0,CH-VD
,Switzerland,Romanel-sur-Lausanne,District de Lausanne,Vaud,4320,Lausanne,Commune,,Lausanne,,,,,,,,,,localadmin,,CH-VD,Romanel-sur-Lausanne,county,2,CH-VD,Lausanne,region,1,CH-VD,Vaud,HIGH,1.0,CH-VD
,Switzerland,Jouxtens-Mézery,District de Lausanne,Vaud,1477,Lausanne,Commune,,Lausanne,,,,,,,,,,localadmin,,CH-VD,Jouxtens-Mézery,county,2,CH-VD,Lausanne,region,1,CH-VD,Vaud,HIGH,1.0,CH-VD
,Switzerland,Pully,District de Lavaux-Oron,Vaud,19534,Lausanne,City,,Lausanne,,,,,,,,,,localadmin,,CH-VD,Pully,county,2,CH-VD,Lavaux-Oron,region,1,CH-VD,Vaud,HIGH,1.0,CH-VD
,Switzerland,Lutry,District de Lavaux-Oron,Vaud,10748,Lausanne,City,,Lausanne,,,,,,,,,,localadmin,,CH-VD,Lutry,county,2,CH-VD,Lavaux-Oron,region,1,CH-VD,Vaud,HIGH,1.0,CH-VD
,Switzerland,"Oron (incl. Palézieux, Essertes)",District de Lavaux-Oron,Vaud,6339,Lausanne,Commune,,Lausanne,,,,,,,,,,localadmin,,CH-VD,Oron,county,2,CH-VD,Lavaux-Oron,region,1,CH-VD,Vaud,HIGH,1.0,CH-VD
,Switzerland,"Bourg-en-Lavaux (incl. Cully, Grandvaux)",District de Lavaux-Oron,Vaud,5464,Lausanne,Commune,,Lausanne,,,,,,,,,,localadmin,,CH-VD,Bourg-en-Lavaux,county,2,CH-VD,Lavaux-Oron,region,1,CH-VD,Vaud,HIGH,1.0,CH-VD
,Switzerland,Belmont-sur-Lausanne,District de Lavaux-Oron,Vaud,3915,Lausanne,Commune,,Lausanne,,,,,,,,,,localadmin,,CH-VD,Le Mont-sur-Lausanne,county,2,CH-VD,Lausanne,region,1,CH-VD,Vaud,LOW,0.9,CH-VD
,Switzerland,Savigny,District de Lavaux-Oron,Vaud,3515,Lausanne,Commune,,Lausanne,,,,,,,,,,localadmin,,CH-VD,Savigny,county,2,CH-VD,Lavaux-Oron,region,1,CH-VD,Vaud,HIGH,1.0,CH-VD
,Switzerland,Jorat-Mézières (incl. Carrouge),District de Lavaux-Oron,Vaud,3189,Lausanne,Commune,,Lausanne,,,,,,,,,,localadmin,,CH-VD,Jorat-Mézières,county,2,CH-VD,Lavaux-Oron,region,1,CH-VD,Vaud,HIGH,1.0,CH-VD
,Switzerland,Puidoux,District de Lavaux-Oron,Vaud,2974,Lausanne,Commune,,Lausanne,,,,,,,,,,localadmin,,CH-VD,Puidoux,county,2,CH-VD,Lavaux-Oron,region,1,CH-VD,Vaud,HIGH,1.0,CH-VD
,Switzerland,Chexbres,District de Lavaux-Oron,Vaud,2261,Lausanne,Commune,,Lausanne,,,,,,,,,,localadmin,,CH-VD,Chexbres,county,2,CH-VD,Lavaux-Oron,region,1,CH-VD,Vaud,HIGH,1.0,CH-VD
,Switzerland,Servion (incl. Les Cullayes),District de Lavaux-Oron,Vaud,2228,Lausanne,Commune,,Lausanne,,,,,,,,,,locality,,CH-VD,Servion,county,2,CH-VD,Lavaux-Oron,region,1,CH-VD,Vaud,HIGH,1.0,CH-VD
,Switzerland,Forel (Lavaux),District de Lavaux-Oron,Vaud,2087,Lausanne,Commune,,Lausanne,,,,,,,,,,localadmin,,CH-VD,Forel (Lavaux),county,2,CH-VD,Lavaux-Oron,region,1,CH-VD,Vaud,HIGH,1.0,CH-VD
,Switzerland,Paudex,District de Lavaux-Oron,Vaud,1509,Lausanne,Commune,,Lausanne,,,,,,,,,,localadmin,,CH-VD,Paudex,county,2,CH-VD,Lavaux-Oron,region,1,CH-VD,Vaud,HIGH,1.0,CH-VD
,Switzerland,Montpreveyres,District de Lavaux-Oron,Vaud,656,Lausanne,Commune,,Lausanne,,,,,,,,,,localadmin,,CH-VD,Montpreveyres,county,2,CH-VD,Lavaux-Oron,region,1,CH-VD,Vaud,HIGH,1.0,CH-VD
,Switzerland,Maracon,District de Lavaux-Oron,Vaud,569,Lausanne,Commune,,Lausanne,,,,,,,,,,localadmin,,CH-VD,Maracon,county,2,CH-VD,Lavaux-Oron,region,1,CH-VD,Vaud,HIGH,1.0,CH-VD
,Switzerland,Saint-Saphorin (Lavaux),District de Lavaux-Oron,Vaud,387,Lausanne,Commune,,Lausanne,,,,,,,,,,localadmin,,CH-VD,Saint-Saphorin (Lavaux),county,2,CH-VD,Lavaux-Oron,region,1,CH-VD,Vaud,HIGH,1.0,CH-VD
,Switzerland,Rivaz,District de Lavaux-Oron,Vaud,329,Lausanne,Commune,,Lausanne,,,,,,,,,,localadmin,,CH-VD,Rivaz,county,2,CH-VD,Lavaux-Oron,region,1,CH-VD,Vaud,HIGH,1.0,CH-VD
,Switzerland,Renens (VD),District de l'Ouest lausannois,Vaud,21531,Lausanne,City,,Lausanne,,,,,,,,,,localadmin,,CH-VD,Renens,county,2,CH-VD,Ouest lausannois,region,1,CH-VD,Vaud,HIGH,1.0,CH-VD
,Switzerland,Ecublens (VD),District de l'Ouest lausannois,Vaud,13362,Lausanne,City,,Lausanne,,,,,,,,,,localadmin,,CH-VD,Ecublens,county,2,CH-VD,Ouest lausannois,region,1,CH-VD,Vaud,HIGH,1.0,CH-VD
,Switzerland,Prilly,District de l'Ouest lausannois,Vaud,12754,Lausanne,City,,Lausanne,,,,,,,,,,localadmin,,CH-VD,Prilly,county,2,CH-VD,Ouest lausannois,region,1,CH-VD,Vaud,HIGH,1.0,CH-VD
,Switzerland,Bussigny,District de l'Ouest lausannois,Vaud,11630,Lausanne,Commune,,Lausanne,,,,,,,,,,localadmin,,CH-VD,Bussigny,county,2,CH-VD,Ouest lausannois,region,1,CH-VD,Vaud,HIGH,1.0,CH-VD
,Switzerland,Crissier,District de l'Ouest lausannois,Vaud,10673,Lausanne,Commune,,Lausanne,,,,,,,,,,localadmin,,CH-VD,Crissier,county,2,CH-VD,Ouest lausannois,region,1,CH-VD,Vaud,HIGH,1.0,CH-VD
,Switzerland,Chavannes-près-Renens,District de l'Ouest lausannois,Vaud,9771,Lausanne,Commune,,Lausanne,,,,,,,,,,localadmin,,CH-VD,Chavannes-près-Renens,county,2,CH-VD,Ouest lausannois,region,1,CH-VD,Vaud,HIGH,1.0,CH-VD
,Switzerland,Saint-Sulpice (VD),District de l'Ouest lausannois,Vaud,5153,Lausanne,Commune,,Lausanne,,,,,,,,,,localadmin,,CH-VD,Saint-Sulpice,county,2,CH-VD,Ouest lausannois,region,1,CH-VD,Vaud,HIGH,1.0,CH-VD
,Switzerland,Villars-Sainte-Croix,District de l'Ouest lausannois,Vaud,953,Lausanne,Commune,,Lausanne,,,,,,,,,,localadmin,,CH-VD,Villars-Sainte-Croix,county,2,CH-VD,Ouest lausannois,region,1,CH-VD,Vaud,HIGH,1.0,CH-VD
,Switzerland,Morges,District de Morges,Vaud,17699,Lausanne,City,,Lausanne,,,,,,,,,,county,2,CH-VD,Morges,county,2,CH-VD,Morges,region,1,CH-VD,Vaud,HIGH,1.0,CH-VD
,Switzerland,Saint-Prex,District de Morges,Vaud,5865,Lausanne,City,,Lausanne,,,,,,,,,,localadmin,,CH-VD,Saint-Prex,county,2,CH-VD,Morges,region,1,CH-VD,Vaud,HIGH,1.0,CH-VD
,Switzerland,Préverenges,District de Morges,Vaud,5259,Lausanne,Commune,,Lausanne,,,,,,,,,,localadmin,,CH-VD,Préverenges,county,2,CH-VD,Morges,region,1,CH-VD,Vaud,HIGH,1.0,CH-VD
,Switzerland,Cossonay,District de Morges,Vaud,4891,Lausanne,City,,Lausanne,,,,,,,,,,localadmin,,CH-VD,Cossonay,county,2,CH-VD,Morges,region,1,CH-VD,Vaud,HIGH,1.0,CH-VD
,Switzerland,"Hautemorges (incl. Apples, Pampigny)",District de Morges,Vaud,4383,Lausanne,Commune,,Lausanne,,,,,,,,,,localadmin,,CH-VD,Hautemorges,county,2,CH-VD,Morges,region,1,CH-VD,Vaud,HIGH,1.0,CH-VD
,Switzerland,Aubonne (incl. Montherod),District de Morges,Vaud,3856,Lausanne,City,,Lausanne,,,,,,,,,,localadmin,,CH-VD,Aubonne,county,2,CH-VD,Morges,region,1,CH-VD,Vaud,HIGH,1.0,CH-VD
,Switzerland,Echichens,District de Morges,Vaud,3218,Lausanne,Commune,,Lausanne,,,,,,,,,,localadmin,,CH-VD,Echichens,county,2,CH-VD,Morges,region,1,CH-VD,Vaud,HIGH,1.0,CH-VD
,Switzerland,Echandens,District de Morges,Vaud,2999,Lausanne,Commune,,Lausanne,,,,,,,,,,localadmin,,CH-VD,Echandens,county,2,CH-VD,Morges,region,1,CH-VD,Vaud,HIGH,1.0,CH-VD
,Switzerland,Etoy,District de Morges,Vaud,2962,Lausanne,Commune,,Lausanne,,,,,,,,,,localadmin,,CH-VD,Etoy,county,2,CH-VD,Morges,region,1,CH-VD,Vaud,HIGH,1.0,CH-VD
,Switzerland,Lonay,District de Morges,Vaud,2732,Lausanne,Commune,,Lausanne,,,,,,,,,,localadmin,,CH-VD,Lonay,county,2,CH-VD,Morges,region,1,CH-VD,Vaud,HIGH,1.0,CH-VD
,Switzerland,La Sarraz,District de Morges,Vaud,2614,Lausanne,City,,Lausanne,,,,,,,,,,localadmin,,CH-VD,La Sarraz,county,2,CH-VD,Morges,region,1,CH-VD,Vaud,HIGH,1.0,CH-VD
,Switzerland,Gimel,District de Morges,Vaud,2457,Lausanne,Commune,,Lausanne,,,,,,,,,,localadmin,,CH-VD,Gimel,county,2,CH-VD,Morges,region,1,CH-VD,Vaud,HIGH,1.0,CH-VD
,Switzerland,Tolochenaz,District de Morges,Vaud,1934,Lausanne,Commune,,Lausanne,,,,,,,,,,localadmin,,CH-VD,Tolochenaz,county,2,CH-VD,Morges,region,1,CH-VD,Vaud,HIGH,1.0,CH-VD
,Switzerland,Denges,District de Morges,Vaud,1830,Lausanne,Commune,,Lausanne,,,,,,,,,,localadmin,,CH-VD,Denges,county,2,CH-VD,Morges,region,1,CH-VD,Vaud,HIGH,1.0,CH-VD
,Switzerland,Bière,District de Morges,Vaud,1668,Lausanne,Commune,,Lausanne,,,,,,,,,,localadmin,,CH-VD,Bière,county,2,CH-VD,Morges,region,1,CH-VD,Vaud,HIGH,1.0,CH-VD
,Switzerland,Yens,District de Morges,Vaud,1498,Lausanne,Commune,,Lausanne,,,,,,,,,,localadmin,,CH-VD,Yens,county,2,CH-VD,Morges,region,1,CH-VD,Vaud,HIGH,1.0,CH-VD
,Switzerland,Eclépens,District de Morges,Vaud,1210,Lausanne,Commune,,Lausanne,,,,,,,,,,localadmin,,CH-VD,Eclépens,county,2,CH-VD,Morges,region,1,CH-VD,Vaud,HIGH,1.0,CH-VD
,Switzerland,Lavigny,District de Morges,Vaud,1099,Lausanne,Commune,,Lausanne,,,,,,,,,,localadmin,,CH-VD,Lavigny,county,2,CH-VD,Morges,region,1,CH-VD,Vaud,HIGH,1.0,CH-VD
,Switzerland,L'Isle,District de Morges,Vaud,1094,Lausanne,Commune,,Lausanne,,,,,,,,,,localadmin,,CH-VD,L'Isle,county,2,CH-VD,Morges,region,1,CH-VD,Vaud,HIGH,1.0,CH-VD
,Switzerland,Gollion,District de Morges,Vaud,1065,Lausanne,Commune,,Lausanne,,,,,,,,,,localadmin,,CH-VD,Gollion,county,2,CH-VD,Morges,region,1,CH-VD,Vaud,HIGH,1.0,CH-VD
,Switzerland,Montricher,District de Morges,Vaud,943,Lausanne,Commune,,Lausanne,,,,,,,,,,localadmin,,CH-VD,Montricher,county,2,CH-VD,Morges,region,1,CH-VD,Vaud,HIGH,1.0,CH-VD
,Switzerland,Pompaples,District de Morges,Vaud,932,Lausanne,Commune,,Lausanne,,,,,,,,,,localadmin,,CH-VD,Pompaples,county,2,CH-VD,Morges,region,1,CH-VD,Vaud,HIGH,1.0,CH-VD
,Switzerland,Féchy,District de Morges,Vaud,923,Lausanne,Commune,,Lausanne,,,,,,,,,,localadmin,,CH-VD,Féchy,county,2,CH-VD,Morges,region,1,CH-VD,Vaud,HIGH,1.0,CH-VD
,Switzerland,Vufflens-le-Château,District de Morges,Vaud,837,Lausanne,Commune,,Lausanne,,,,,,,,,,localadmin,,CH-VD,Vufflens-le-Château,county,2,CH-VD,Morges,region,1,CH-VD,Vaud,HIGH,1.0,CH-VD
,Switzerland,Lully (VD),District de Morges,Vaud,836,Lausanne,Commune,,Lausanne,,,,,,,,,,localadmin,,CH-VD,Lully (VD),county,2,CH-VD,Morges,region,1,CH-VD,Vaud,HIGH,1.0,CH-VD
,Switzerland,Denens,District de Morges,Vaud,742,Lausanne,Commune,,Lausanne,,,,,,,,,,localadmin,,CH-VD,Denens,county,2,CH-VD,Morges,region,1,CH-VD,Vaud,HIGH,1.0,CH-VD
,Switzerland,Lussy-sur-Morges,District de Morges,Vaud,719,Lausanne,Commune,,Lausanne,,,,,,,,,,localadmin,,CH-VD,Lussy-sur-Morges,county,2,CH-VD,Morges,region,1,CH-VD,Vaud,HIGH,1.0,CH-VD
,Switzerland,Saint-Livres,District de Morges,Vaud,715,Lausanne,Commune,,Lausanne,,,,,,,,,,localadmin,,CH-VD,Saint-Livres,county,2,CH-VD,Morges,region,1,CH-VD,Vaud,HIGH,1.0,CH-VD
,Switzerland,Buchillon,District de Morges,Vaud,686,Lausanne,Commune,,Lausanne,,,,,,,,,,localadmin,,CH-VD,Buchillon,county,2,CH-VD,Morges,region,1,CH-VD,Vaud,HIGH,1.0,CH-VD
,Switzerland,Bremblens,District de Morges,Vaud,614,Lausanne,Commune,,Lausanne,,,,,,,,,,localadmin,,CH-VD,Bremblens,county,2,CH-VD,Morges,region,1,CH-VD,Vaud,HIGH,1.0,CH-VD
,Switzerland,Villars-sous-Yens,District de Morges,Vaud,602,Lausanne,Commune,,Lausanne,,,,,,,,,,localadmin,,CH-VD,Villars-sous-Yens,county,2,CH-VD,Morges,region,1,CH-VD,Vaud,HIGH,1.0,CH-VD
,Switzerland,Aclens,District de Morges,Vaud,586,Lausanne,Commune,,Lausanne,,,,,,,,,,localadmin,,CH-VD,Aclens,county,2,CH-VD,Morges,region,1,CH-VD,Vaud,HIGH,1.0,CH-VD
,Switzerland,Ballens,District de Morges,Vaud,579,Lausanne,Commune,,Lausanne,,,,,,,,,,localadmin,,CH-VD,Ballens,county,2,CH-VD,Morges,region,1,CH-VD,Vaud,HIGH,1.0,CH-VD
,Switzerland,Cuarnens,District de Morges,Vaud,561,Lausanne,Commune,,Lausanne,,,,,,,,,,localadmin,,CH-VD,Cuarnens,county,2,CH-VD,Morges,region,1,CH-VD,Vaud,HIGH,1.0,CH-VD
,Switzerland,Vullierens,District de Morges,Vaud,547,Lausanne,Commune,,Lausanne,,,,,,,,,,localadmin,,CH-VD,Vullierens,county,2,CH-VD,Morges,region,1,CH-VD,Vaud,HIGH,1.0,CH-VD
,Switzerland,Grancy,District de Morges,Vaud,538,Lausanne,Commune,,Lausanne,,,,,,,,,,localadmin,,CH-VD,Grancy,county,2,CH-VD,Morges,region,1,CH-VD,Vaud,HIGH,1.0,CH-VD
,Switzerland,Bougy-Villars,District de Morges,Vaud,514,Lausanne,Commune,,Lausanne,,,,,,,,,,localadmin,,CH-VD,Bougy-Villars,county,2,CH-VD,Morges,region,1,CH-VD,Vaud,HIGH,1.0,CH-VD
,Switzerland,Orny,District de Morges,Vaud,497,Lausanne,Commune,,Lausanne,,,,,,,,,,localadmin,,CH-VD,Orny,county,2,CH-VD,Morges,region,1,CH-VD,Vaud,HIGH,1.0,CH-VD
,Switzerland,Mont-la-Ville,District de Morges,Vaud,496,Lausanne,Commune,,Lausanne,,,,,,,,,,localadmin,,CH-VD,Mont-la-Ville,county,2,CH-VD,Morges,region,1,CH-VD,Vaud,HIGH,1.0,CH-VD
,Switzerland,Senarclens,District de Morges,Vaud,480,Lausanne,Commune,,Lausanne,,,,,,,,,,localadmin,,CH-VD,Senarclens,county,2,CH-VD,Morges,region,1,CH-VD,Vaud,HIGH,1.0,CH-VD
,Switzerland,Saint-Oyens,District de Morges,Vaud,457,Lausanne,Commune,,Lausanne,,,,,,,,,,localadmin,,CH-VD,Saint-Oyens,county,2,CH-VD,Morges,region,1,CH-VD,Vaud,HIGH,1.0,CH-VD
,Switzerland,Romanel-sur-Morges,District de Morges,Vaud,454,Lausanne,Commune,,Lausanne,,,,,,,,,,localadmin,,CH-VD,Romanel-sur-Morges,county,2,CH-VD,Morges,region,1,CH-VD,Vaud,HIGH,1.0,CH-VD
,Switzerland,Saubraz,District de Morges,Vaud,447,Lausanne,Commune,,Lausanne,,,,,,,,,,localadmin,,CH-VD,Saubraz,county,2,CH-VD,Morges,region,1,CH-VD,Vaud,HIGH,1.0,CH-VD
,Switzerland,La Chaux (Cossonay),District de Morges,Vaud,432,Lausanne,Commune,,Lausanne,,,,,,,,,,localadmin,,CH-VD,La Chaux (Cossonay),county,2,CH-VD,Morges,region,1,CH-VD,Vaud,HIGH,1.0,CH-VD
,Switzerland,Allaman,District de Morges,Vaud,430,Lausanne,Commune,,Lausanne,,,,,,,,,,localadmin,,CH-VD,Allaman,county,2,CH-VD,Morges,region,1,CH-VD,Vaud,HIGH,1.0,CH-VD
,Switzerland,Chigny,District de Morges,Vaud,420,Lausanne,Commune,,Lausanne,,,,,,,,,,localadmin,,CH-VD,Chigny,county,2,CH-VD,Morges,region,1,CH-VD,Vaud,HIGH,1.0,CH-VD
,Switzerland,Chevilly,District de Morges,Vaud,346,Lausanne,Commune,,Lausanne,,,,,,,,,,localadmin,,CH-VD,Chevilly,county,2,CH-VD,Morges,region,1,CH-VD,Vaud,HIGH,1.0,CH-VD
,Switzerland,Mollens (VD),District de Morges,Vaud,324,Lausanne,Commune,,Lausanne,,,,,,,,,,localadmin,,CH-VD,Mollens (VD),county,2,CH-VD,Morges,region,1,CH-VD,Vaud,HIGH,1.0,CH-VD
,Switzerland,Ferreyres,District de Morges,Vaud,309,Lausanne,Commune,,Lausanne,,,,,,,,,,localadmin,,CH-VD,Ferreyres,county,2,CH-VD,Morges,region,1,CH-VD,Vaud,HIGH,1.0,CH-VD
,Switzerland,Berolle,District de Morges,Vaud,303,Lausanne,Commune,,Lausanne,,,,,,,,,,localadmin,,CH-VD,Berolle,county,2,CH-VD,Morges,region,1,CH-VD,Vaud,HIGH,1.0,CH-VD
,Switzerland,Moiry,District de Morges,Vaud,300,Lausanne,Commune,,Lausanne,,,,,,,,,,localadmin,,CH-VD,Moiry,county,2,CH-VD,Morges,region,1,CH-VD,Vaud,HIGH,1.0,CH-VD
,Switzerland,Dizy,District de Morges,Vaud,238,Lausanne,Commune,,Lausanne,,,,,,,,,,localadmin,,CH-VD,Dizy,county,2,CH-VD,Morges,region,1,CH-VD,Vaud,HIGH,1.0,CH-VD
,Switzerland,Clarmont,District de Morges,Vaud,228,Lausanne,Commune,,Lausanne,,,,,,,,,,localadmin,,CH-VD,Clarmont,county,2,CH-VD,Morges,region,1,CH-VD,Vaud,HIGH,1.0,CH-VD
,Switzerland,Vaux-sur-Morges,District de Morges,Vaud,185,Lausanne,Commune,,Lausanne,,,,,,,,,,localadmin,,CH-VD,Vaux-sur-Morges,county,2,CH-VD,Morges,region,1,CH-VD,Vaud,HIGH,1.0,CH-VD
,Switzerland,Chavannes-le-Veyron,District de Morges,Vaud,160,Lausanne,Commune,,Lausanne,,,,,,,,,,localadmin,,CH-VD,Chavannes-le-Veyron,county,2,CH-VD,Morges,region,1,CH-VD,Vaud,HIGH,1.0,CH-VD
,Switzerland,Mauraz,District de Morges,Vaud,67,Lausanne,Commune,,Lausanne,,,,,,,,,,localadmin,,CH-VD,Mauraz,county,2,CH-VD,Morges,region,1,CH-VD,Vaud,HIGH,1.0,CH-VD
,Switzerland,Nyon,District de Nyon,Vaud,23351,Geneva,City,,Geneva,,,,,,,,,,localadmin,,CH-VD,Nyon,county,2,CH-VD,Nyon,region,1,CH-VD,Vaud,HIGH,1.0,CH-VD
,Switzerland,Gland,District de Nyon,Vaud,13983,Geneva,City,,Geneva,,,,,,,,,,localadmin,,CH-VD,Gland,county,2,CH-VD,Nyon,region,1,CH-VD,Vaud,HIGH,1.0,CH-VD
,Switzerland,Rolle,District de Nyon,Vaud,6538,Geneva,City,,Geneva,,,,,,,,,,localadmin,,CH-VD,Rolle,county,2,CH-VD,Nyon,region,1,CH-VD,Vaud,HIGH,1.0,CH-VD
,Switzerland,Prangins,District de Nyon,Vaud,4270,Geneva,Commune,,Geneva,,,,,,,,,,localadmin,,CH-VD,Prangins,county,2,CH-VD,Nyon,region,1,CH-VD,Vaud,HIGH,1.0,CH-VD
,Switzerland,Founex,District de Nyon,Vaud,3763,Geneva,Commune,,Geneva,,,,,,,,,,localadmin,,CH-VD,Founex,county,2,CH-VD,Nyon,region,1,CH-VD,Vaud,HIGH,1.0,CH-VD
,Switzerland,Coppet,District de Nyon,Vaud,3231,Geneva,City,,Geneva,,,,,,,,,,localadmin,,CH-VD,Coppet,county,2,CH-VD,Nyon,region,1,CH-VD,Vaud,HIGH,1.0,CH-VD
,Switzerland,Saint-Cergue,District de Nyon,Vaud,3009,Geneva,Commune,,Geneva,,,,,,,,,,localadmin,,CH-VD,Saint-Cergue,county,2,CH-VD,Nyon,region,1,CH-VD,Vaud,HIGH,1.0,CH-VD
,Switzerland,Commugny,District de Nyon,Vaud,2973,Geneva,Commune,,Geneva,,,,,,,,,,localadmin,,CH-VD,Commugny,county,2,CH-VD,Nyon,region,1,CH-VD,Vaud,HIGH,1.0,CH-VD
,Switzerland,Arzier-Le Muids,District de Nyon,Vaud,2968,Geneva,Commune,,Geneva,,,,,,,,,,localadmin,,CH-VD,Arzier-Le Muids,county,2,CH-VD,Nyon,region,1,CH-VD,Vaud,HIGH,1.0,CH-VD
,Switzerland,Mont-sur-Rolle,District de Nyon,Vaud,2750,Geneva,Commune,,Geneva,,,,,,,,,,localadmin,,CH-VD,Mont-sur-Rolle,county,2,CH-VD,Nyon,region,1,CH-VD,Vaud,HIGH,1.0,CH-VD
,Switzerland,Crans (VD) (Crans-près-Céligny),District de Nyon,Vaud,2446,Geneva,Commune,,Geneva,,,,,,,,,,localadmin,,CH-VD,Crans (VD),county,2,CH-VD,Nyon,region,1,CH-VD,Vaud,HIGH,1.0,CH-VD
,Switzerland,Mies,District de Nyon,Vaud,2179,Geneva,Commune,,Geneva,,,,,,,,,,localadmin,,CH-VD,Mies,county,2,CH-VD,Nyon,region,1,CH-VD,Vaud,HIGH,1.0,CH-VD
,Switzerland,Begnins,District de Nyon,Vaud,2036,Geneva,Commune,,Geneva,,,,,,,,,,localadmin,,CH-VD,Begnins,county,2,CH-VD,Nyon,region,1,CH-VD,Vaud,HIGH,1.0,CH-VD
,Switzerland,Genolier,District de Nyon,Vaud,2011,Geneva,Commune,,Geneva,,,,,,,,,,localadmin,,CH-VD,Genolier,county,2,CH-VD,Nyon,region,1,CH-VD,Vaud,HIGH,1.0,CH-VD
,Switzerland,Eysins,District de Nyon,Vaud,1774,Geneva,Commune,,Geneva,,,,,,,,,,localadmin,,CH-VD,Eysins,county,2,CH-VD,Nyon,region,1,CH-VD,Vaud,HIGH,1.0,CH-VD
,Switzerland,Tannay,District de Nyon,Vaud,1745,Geneva,Commune,,Geneva,,,,,,,,,,localadmin,,CH-VD,Tannay,county,2,CH-VD,Nyon,region,1,CH-VD,Vaud,HIGH,1.0,CH-VD
,Switzerland,Perroy,District de Nyon,Vaud,1584,Geneva,Commune,,Geneva,,,,,,,,,,localadmin,,CH-VD,Perroy,county,2,CH-VD,Nyon,region,1,CH-VD,Vaud,HIGH,1.0,CH-VD
,Switzerland,Bassins,District de Nyon,Vaud,1483,Geneva,Commune,,Geneva,,,,,,,,,,localadmin,,CH-VD,Bassins,county,2,CH-VD,Nyon,region,1,CH-VD,Vaud,HIGH,1.0,CH-VD
,Switzerland,Gilly,District de Nyon,Vaud,1441,Geneva,Commune,,Geneva,,,,,,,,,,localadmin,,CH-VD,Gilly,county,2,CH-VD,Nyon,region,1,CH-VD,Vaud,HIGH,1.0,CH-VD
,Switzerland,Trélex,District de Nyon,Vaud,1426,Geneva,Commune,,Geneva,,,,,,,,,,localadmin,,CH-VD,Trélex,county,2,CH-VD,Nyon,region,1,CH-VD,Vaud,HIGH,1.0,CH-VD
,Switzerland,Chavannes-de-Bogis,District de Nyon,Vaud,1384,Geneva,Commune,,Geneva,,,,,,,,,,localadmin,,CH-VD,Chavannes-de-Bogis,county,2,CH-VD,Nyon,region,1,CH-VD,Vaud,HIGH,1.0,CH-VD
,Switzerland,Le Vaud,District de Nyon,Vaud,1367,Geneva,Commune,,Geneva,,,,,,,,,,localadmin,,CH-VD,Le Vaud,county,2,CH-VD,Nyon,region,1,CH-VD,Vaud,HIGH,1.0,CH-VD
,Switzerland,Chéserex,District de Nyon,Vaud,1279,Geneva,Commune,,Geneva,,,,,,,,,,localadmin,,CH-VD,Chéserex,county,2,CH-VD,Nyon,region,1,CH-VD,Vaud,HIGH,1.0,CH-VD
,Switzerland,Crassier,District de Nyon,Vaud,1274,Geneva,Commune,,Geneva,,,,,,,,,,localadmin,,CH-VD,Crassier,county,2,CH-VD,Nyon,region,1,CH-VD,Vaud,HIGH,1.0,CH-VD
,Switzerland,Gingins,District de Nyon,Vaud,1256,Geneva,Commune,,Geneva,,,,,,,,,,localadmin,,CH-VD,Gingins,county,2,CH-VD,Nyon,region,1,CH-VD,Vaud,HIGH,1.0,CH-VD
,Switzerland,La Rippe,District de Nyon,Vaud,1196,Geneva,Commune,,Geneva,,,,,,,,,,localadmin,,CH-VD,La Rippe,county,2,CH-VD,Nyon,region,1,CH-VD,Vaud,HIGH,1.0,CH-VD
,Switzerland,Vich,District de Nyon,Vaud,1181,Geneva,Commune,,Geneva,,,,,,,,,,localadmin,,CH-VD,Vich,county,2,CH-VD,Nyon,region,1,CH-VD,Vaud,HIGH,1.0,CH-VD
,Switzerland,Borex,District de Nyon,Vaud,1146,Geneva,Commune,,Geneva,,,,,,,,,,localadmin,,CH-VD,Borex,county,2,CH-VD,Nyon,region,1,CH-VD,Vaud,HIGH,1.0,CH-VD
,Switzerland,Duillier,District de Nyon,Vaud,1140,Geneva,Commune,,Geneva,,,,,,,,,,localadmin,,CH-VD,Duillier,county,2,CH-VD,Nyon,region,1,CH-VD,Vaud,HIGH,1.0,CH-VD
,Switzerland,Saint-George,District de Nyon,Vaud,1081,Geneva,Commune,,Geneva,,,,,,,,,,localadmin,,CH-VD,Saint-George,county,2,CH-VD,Nyon,region,1,CH-VD,Vaud,HIGH,1.0,CH-VD
,Switzerland,Givrins,District de Nyon,Vaud,1068,Geneva,Commune,,Geneva,,,,,,,,,,localadmin,,CH-VD,Givrins,county,2,CH-VD,Nyon,region,1,CH-VD,Vaud,HIGH,1.0,CH-VD
,Switzerland,Bogis-Bossey,District de Nyon,Vaud,991,Geneva,Commune,,Geneva,,,,,,,,,,localadmin,,CH-VD,Bogis-Bossey,county,2,CH-VD,Nyon,region,1,CH-VD,Vaud,HIGH,1.0,CH-VD
,Switzerland,Chavannes-des-Bois,District de Nyon,Vaud,983,Geneva,Commune,,Geneva,,,,,,,,,,localadmin,,CH-VD,Chavannes-des-Bois,county,2,CH-VD,Nyon,region,1,CH-VD,Vaud,HIGH,1.0,CH-VD
,Switzerland,Bursins,District de Nyon,Vaud,814,Geneva,Commune,,Geneva,,,,,,,,,,localadmin,,CH-VD,Bursins,county,2,CH-VD,Nyon,region,1,CH-VD,Vaud,HIGH,1.0,CH-VD
,Switzerland,Essertines-sur-Rolle,District de Nyon,Vaud,785,Geneva,Commune,,Geneva,,,,,,,,,,localadmin,,CH-VD,Essertines-sur-Rolle,county,2,CH-VD,Nyon,region,1,CH-VD,Vaud,HIGH,1.0,CH-VD
,Switzerland,Luins,District de Nyon,Vaud,633,Geneva,Commune,,Geneva,,,,,,,,,,localadmin,,CH-VD,Luins,county,2,CH-VD,Nyon,region,1,CH-VD,Vaud,HIGH,1.0,CH-VD
,Switzerland,Dully,District de Nyon,Vaud,620,Geneva,Commune,,Geneva,,,,,,,,,,localadmin,,CH-VD,Dully,county,2,CH-VD,Nyon,region,1,CH-VD,Vaud,HIGH,1.0,CH-VD
,Switzerland,Signy-Avenex,District de Nyon,Vaud,608,Geneva,Commune,,Geneva,,,,,,,,,,localadmin,,CH-VD,Signy-Avenex,county,2,CH-VD,Nyon,region,1,CH-VD,Vaud,HIGH,1.0,CH-VD
,Switzerland,Longirod,District de Nyon,Vaud,556,Geneva,Commune,,Geneva,,,,,,,,,,localadmin,,CH-VD,Longirod,county,2,CH-VD,Nyon,region,1,CH-VD,Vaud,HIGH,1.0,CH-VD
,Switzerland,Bursinel,District de Nyon,Vaud,532,Geneva,Commune,,Geneva,,,,,,,,,,localadmin,,CH-VD,Bursinel,county,2,CH-VD,Nyon,region,1,CH-VD,Vaud,HIGH,1.0,CH-VD
,Switzerland,Coinsins,District de Nyon,Vaud,519,Geneva,Commune,,Geneva,,,,,,,,,,localadmin,,CH-VD,Coinsins,county,2,CH-VD,Nyon,region,1,CH-VD,Vaud,HIGH,1.0,CH-VD
,Switzerland,Marchissy,District de Nyon,Vaud,508,Geneva,Commune,,Geneva,,,,,,,,,,localadmin,,CH-VD,Marchissy,county,2,CH-VD,Nyon,region,1,CH-VD,Vaud,HIGH,1.0,CH-VD
,Switzerland,Burtigny,District de Nyon,Vaud,401,Geneva,Commune,,Geneva,,,,,,,,,,localadmin,,CH-VD,Burtigny,county,2,CH-VD,Nyon,region,1,CH-VD,Vaud,HIGH,1.0,CH-VD
,Switzerland,Grens,District de Nyon,Vaud,391,Geneva,Commune,,Geneva,,,,,,,,,,localadmin,,CH-VD,Grens,county,2,CH-VD,Nyon,region,1,CH-VD,Vaud,HIGH,1.0,CH-VD
,Switzerland,Vinzel,District de Nyon,Vaud,387,Geneva,Commune,,Geneva,,,,,,,,,,localadmin,,CH-VD,Vinzel,county,2,CH-VD,Nyon,region,1,CH-VD,Vaud,HIGH,1.0,CH-VD
,Switzerland,Arnex-sur-Nyon,District de Nyon,Vaud,270,Geneva,Commune,,Geneva,,,,,,,,,,localadmin,,CH-VD,Arnex-sur-Nyon,county,2,CH-VD,Nyon,region,1,CH-VD,Vaud,HIGH,1.0,CH-VD
,Switzerland,Tartegnin,District de Nyon,Vaud,235,Geneva,Commune,,Geneva,,,,,,,,,,localadmin,,CH-VD,Tartegnin,county,2,CH-VD,Nyon,region,1,CH-VD,Vaud,HIGH,1.0,CH-VD
,Switzerland,Echallens,District du Gros-de-Vaud,Vaud,6718,Lausanne,City,,Lausanne,,,,,,,,,,localadmin,,CH-VD,Echallens,county,2,CH-VD,Gros-de-Vaud,region,1,CH-VD,Vaud,HIGH,1.0,CH-VD
,Switzerland,Penthalaz,District du Gros-de-Vaud,Vaud,3169,Lausanne,Commune,,Lausanne,,,,,,,,,,localadmin,,CH-VD,Penthalaz,county,2,CH-VD,Gros-de-Vaud,region,1,CH-VD,Vaud,HIGH,1.0,CH-VD
,Switzerland,Montanaire (incl. Thierrens),District du Gros-de-Vaud,Vaud,2860,Lausanne,Commune,,Lausanne,,,,,,,,,,localadmin,,CH-VD,Montanaire,county,2,CH-VD,Gros-de-Vaud,region,1,CH-VD,Vaud,HIGH,1.0,CH-VD
,Switzerland,Cugy (VD),District du Gros-de-Vaud,Vaud,2787,Lausanne,Commune,,Lausanne,,,,,,,,,,localadmin,,CH-VD,Cugy,county,2,CH-VD,Gros-de-Vaud,region,1,CH-VD,Vaud,HIGH,1.0,CH-VD
,Switzerland,Froideville,District du Gros-de-Vaud,Vaud,2728,Lausanne,Commune,,Lausanne,,,,,,,,,,localadmin,,CH-VD,Froideville,county,2,CH-VD,Gros-de-Vaud,region,1,CH-VD,Vaud,HIGH,1.0,CH-VD
,Switzerland,Penthaz,District du Gros-de-Vaud,Vaud,1944,Lausanne,Commune,,Lausanne,,,,,,,,,,localadmin,,CH-VD,Penthaz,county,2,CH-VD,Gros-de-Vaud,region,1,CH-VD,Vaud,HIGH,1.0,CH-VD
,Switzerland,Montilliez (incl. Poliez-le-Grand),District du Gros-de-Vaud,Vaud,1872,Lausanne,Commune,,Lausanne,,,,,,,,,,localadmin,,CH-VD,Montilliez,county,2,CH-VD,Gros-de-Vaud,region,1,CH-VD,Vaud,HIGH,1.0,CH-VD
,Switzerland,Assens (incl. Bioley-Orjulaz),District du Gros-de-Vaud,Vaud,1716,Lausanne,Commune,,Lausanne,,,,,,,,,,localadmin,,CH-VD,Assens,county,2,CH-VD,Gros-de-Vaud,region,1,CH-VD,Vaud,HIGH,1.0,CH-VD
,Switzerland,Jorat-Menthue,District du Gros-de-Vaud,Vaud,1574,Lausanne,Commune,,Lausanne,,,,,,,,,,localadmin,,CH-VD,Jorat-Menthue,county,2,CH-VD,Gros-de-Vaud,region,1,CH-VD,Vaud,HIGH,1.0,CH-VD
,Switzerland,Bottens,District du Gros-de-Vaud,Vaud,1354,Lausanne,Commune,,Lausanne,,,,,,,,,,localadmin,,CH-VD,Bottens,county,2,CH-VD,Gros-de-Vaud,region,1,CH-VD,Vaud,HIGH,1.0,CH-VD
,Switzerland,Bercher,District du Gros-de-Vaud,Vaud,1344,Lausanne,Commune,,Lausanne,,,,,,,,,,localadmin,,CH-VD,Bercher,county,2,CH-VD,Gros-de-Vaud,region,1,CH-VD,Vaud,HIGH,1.0,CH-VD
,Switzerland,Vufflens-la-Ville,District du Gros-de-Vaud,Vaud,1342,Lausanne,Commune,,Lausanne,,,,,,,,,,localadmin,,CH-VD,Vufflens-la-Ville,county,2,CH-VD,Gros-de-Vaud,region,1,CH-VD,Vaud,HIGH,1.0,CH-VD
,Switzerland,Villars-le-Terroir,District du Gros-de-Vaud,Vaud,1306,Lausanne,Commune,,Lausanne,,,,,,,,,,localadmin,,CH-VD,Villars-le-Terroir,county,2,CH-VD,Gros-de-Vaud,region,1,CH-VD,Vaud,HIGH,1.0,CH-VD
,Switzerland,Sullens,District du Gros-de-Vaud,Vaud,1226,Lausanne,Commune,,Lausanne,,,,,,,,,,localadmin,,CH-VD,Sullens,county,2,CH-VD,Gros-de-Vaud,region,1,CH-VD,Vaud,HIGH,1.0,CH-VD
,Switzerland,Goumoëns (incl. Goumoens-la-Ville),District du Gros-de-Vaud,Vaud,1206,Lausanne,Commune,,Lausanne,,,,,,,,,,localadmin,,CH-VD,Goumoëns,county,2,CH-VD,Gros-de-Vaud,region,1,CH-VD,Vaud,HIGH,1.0,CH-VD
,Switzerland,Etagnières,District du Gros-de-Vaud,Vaud,1189,Lausanne,Commune,,Lausanne,,,,,,,,,,localadmin,,CH-VD,Etagnières,county,2,CH-VD,Gros-de-Vaud,region,1,CH-VD,Vaud,HIGH,1.0,CH-VD
,Switzerland,Morrens (VD),District du Gros-de-Vaud,Vaud,1154,Lausanne,Commune,,Lausanne,,,,,,,,,,localadmin,,CH-VD,Morrens,county,2,CH-VD,Gros-de-Vaud,region,1,CH-VD,Vaud,HIGH,1.0,CH-VD
,Switzerland,Essertines-sur-Yverdon,District du Gros-de-Vaud,Vaud,1142,Lausanne,Commune,,Lausanne,,,,,,,,,,localadmin,,CH-VD,Essertines-sur-Yverdon,county,2,CH-VD,Gros-de-Vaud,region,1,CH-VD,Vaud,HIGH,1.0,CH-VD
,Switzerland,Vuarrens,District du Gros-de-Vaud,Vaud,1119,Lausanne,Commune,,Lausanne,,,,,,,,,,localadmin,,CH-VD,Vuarrens,county,2,CH-VD,Gros-de-Vaud,region,1,CH-VD,Vaud,HIGH,1.0,CH-VD
,Switzerland,Daillens,District du Gros-de-Vaud,Vaud,1097,Lausanne,Commune,,Lausanne,,,,,,,,,,localadmin,,CH-VD,Daillens,county,2,CH-VD,Gros-de-Vaud,region,1,CH-VD,Vaud,HIGH,1.0,CH-VD
,Switzerland,Boussens,District du Gros-de-Vaud,Vaud,1006,Lausanne,Commune,,Lausanne,,,,,,,,,,localadmin,,CH-VD,Boussens,county,2,CH-VD,Gros-de-Vaud,region,1,CH-VD,Vaud,HIGH,1.0,CH-VD
,Switzerland,Bretigny-sur-Morrens,District du Gros-de-Vaud,Vaud,899,Lausanne,Commune,,Lausanne,,,,,,,,,,localadmin,,CH-VD,Bretigny-sur-Morrens,county,2,CH-VD,Gros-de-Vaud,region,1,CH-VD,Vaud,HIGH,1.0,CH-VD
,Switzerland,Poliez-Pittet,District du Gros-de-Vaud,Vaud,850,Lausanne,Commune,,Lausanne,,,,,,,,,,localadmin,,CH-VD,Poliez-Pittet,county,2,CH-VD,Gros-de-Vaud,region,1,CH-VD,Vaud,HIGH,1.0,CH-VD
,Switzerland,Saint-Barthélemy (VD),District du Gros-de-Vaud,Vaud,834,Lausanne,Commune,,Lausanne,,,,,,,,,,localadmin,,CH-VD,Saint-Barthélemy (VD),county,2,CH-VD,Gros-de-Vaud,region,1,CH-VD,Vaud,HIGH,1.0,CH-VD
,Switzerland,Mex (VD),District du Gros-de-Vaud,Vaud,807,Lausanne,Commune,,Lausanne,,,,,,,,,,localadmin,,CH-VD,Mex (VD),county,2,CH-VD,Gros-de-Vaud,region,1,CH-VD,Vaud,HIGH,1.0,CH-VD
,Switzerland,Fey,District du Gros-de-Vaud,Vaud,789,Lausanne,Commune,,Lausanne,,,,,,,,,,localadmin,,CH-VD,Fey,county,2,CH-VD,Gros-de-Vaud,region,1,CH-VD,Vaud,HIGH,1.0,CH-VD
,Switzerland,Bettens,District du Gros-de-Vaud,Vaud,646,Lausanne,Commune,,Lausanne,,,,,,,,,,localadmin,,CH-VD,Bettens,county,2,CH-VD,Gros-de-Vaud,region,1,CH-VD,Vaud,HIGH,1.0,CH-VD
,Switzerland,Oulens-sous-Echallens,District du Gros-de-Vaud,Vaud,603,Lausanne,Commune,,Lausanne,,,,,,,,,,localadmin,,CH-VD,Oulens-sous-Echallens,county,2,CH-VD,Gros-de-Vaud,region,1,CH-VD,Vaud,HIGH,1.0,CH-VD
,Switzerland,Pailly,District du Gros-de-Vaud,Vaud,575,Lausanne,Commune,,Lausanne,,,,,,,,,,localadmin,,CH-VD,Pailly,county,2,CH-VD,Gros-de-Vaud,region,1,CH-VD,Vaud,HIGH,1.0,CH-VD
,Switzerland,Bournens,District du Gros-de-Vaud,Vaud,531,Lausanne,Commune,,Lausanne,,,,,,,,,,localadmin,,CH-VD,Bournens,county,2,CH-VD,Gros-de-Vaud,region,1,CH-VD,Vaud,HIGH,1.0,CH-VD
,Switzerland,Lussery-Villars,District du Gros-de-Vaud,Vaud,470,Lausanne,Commune,,Lausanne,,,,,,,,,,localadmin,,CH-VD,Lussery-Villars,county,2,CH-VD,Gros-de-Vaud,region,1,CH-VD,Vaud,HIGH,1.0,CH-VD
,Switzerland,Penthéréaz,District du Gros-de-Vaud,Vaud,430,Lausanne,Commune,,Lausanne,,,,,,,,,,localadmin,,CH-VD,Penthéréaz,county,2,CH-VD,Gros-de-Vaud,region,1,CH-VD,Vaud,HIGH,1.0,CH-VD
,Switzerland,Boulens,District du Gros-de-Vaud,Vaud,368,Lausanne,Commune,,Lausanne,,,,,,,,,,localadmin,,CH-VD,Boulens,county,2,CH-VD,Gros-de-Vaud,region,1,CH-VD,Vaud,HIGH,1.0,CH-VD
,Switzerland,Ogens,District du Gros-de-Vaud,Vaud,341,Lausanne,Commune,,Lausanne,,,,,,,,,,localadmin,,CH-VD,Ogens,county,2,CH-VD,Gros-de-Vaud,region,1,CH-VD,Vaud,HIGH,1.0,CH-VD
,Switzerland,Rueyres,District du Gros-de-Vaud,Vaud,304,Lausanne,Commune,,Lausanne,,,,,,,,,,localadmin,,CH-VD,Rueyres,county,2,CH-VD,Gros-de-Vaud,region,1,CH-VD,Vaud,HIGH,1.0,CH-VD
,Switzerland,Oppens,District du Gros-de-Vaud,Vaud,202,Lausanne,Commune,,Lausanne,,,,,,,,,,localadmin,,CH-VD,Oppens,county,2,CH-VD,Gros-de-Vaud,region,1,CH-VD,Vaud,HIGH,1.0,CH-VD
,Switzerland,Yverdon-les-Bains,District du Jura-Nord vaudois,Vaud,30287,Yverdon-les-Bains,City,,Yverdon-les-Bains,,,,,,,,,,locality,,CH-VD,Yverdon-les-Bains,county,2,CH-VD,Jura-North Vaudois,region,1,CH-VD,Vaud,HIGH,1.0,CH-VD
,Switzerland,Orbe,District du Jura-Nord vaudois,Vaud,7973,Yverdon-les-Bains,City,,Yverdon-les-Bains,,,,,,,,,,localadmin,,CH-VD,Orbe,county,2,CH-VD,Jura-North Vaudois,region,1,CH-VD,Vaud,HIGH,1.0,CH-VD
,Switzerland,Chavornay,District du Jura-Nord vaudois,Vaud,5437,Yverdon-les-Bains,Commune,,Yverdon-les-Bains,,,,,,,,,,locality,,CH-VD,Chavornay,county,2,CH-VD,Jura-North Vaudois,region,1,CH-VD,Vaud,HIGH,1.0,CH-VD
,Switzerland,Sainte-Croix,District du Jura-Nord vaudois,Vaud,5138,Yverdon-les-Bains,Commune,,Yverdon-les-Bains,,,,,,,,,,localadmin,,CH-VD,Sainte-Croix,county,2,CH-VD,Jura-North Vaudois,region,1,CH-VD,Vaud,HIGH,1.0,CH-VD
,Switzerland,Le Chenit,District du Jura-Nord vaudois,Vaud,4751,Yverdon-les-Bains,Commune,,Yverdon-les-Bains,,,,,,,,,,localadmin,,CH-VD,Le Chenit,county,2,CH-VD,Jura-North Vaudois,region,1,CH-VD,Vaud,HIGH,1.0,CH-VD
,Switzerland,Vallorbe,District du Jura-Nord vaudois,Vaud,4319,Yverdon-les-Bains,Commune,,Yverdon-les-Bains,,,,,,,,,,localadmin,,CH-VD,Vallorbe,county,2,CH-VD,Jura-North Vaudois,region,1,CH-VD,Vaud,HIGH,1.0,CH-VD
,Switzerland,Yvonand,District du Jura-Nord vaudois,Vaud,3524,Yverdon-les-Bains,Commune,,Yverdon-les-Bains,,,,,,,,,,localadmin,,CH-VD,Yvonand,county,2,CH-VD,Jura-North Vaudois,region,1,CH-VD,Vaud,HIGH,1.0,CH-VD
,Switzerland,Grandson,District du Jura-Nord vaudois,Vaud,3391,Yverdon-les-Bains,City,,Yverdon-les-Bains,,,,,,,,,,localadmin,,CH-VD,Grandson,county,2,CH-VD,Jura-North Vaudois,region,1,CH-VD,Vaud,HIGH,1.0,CH-VD
,Switzerland,L'Abbaye,District du Jura-Nord vaudois,Vaud,1540,Yverdon-les-Bains,Commune,,Yverdon-les-Bains,,,,,,,,,,localadmin,,CH-VD,L'Abbaye,county,2,CH-VD,Jura-North Vaudois,region,1,CH-VD,Vaud,HIGH,1.0,CH-VD
,Switzerland,Ballaigues,District du Jura-Nord vaudois,Vaud,1218,Yverdon-les-Bains,Commune,,Yverdon-les-Bains,,,,,,,,,,localadmin,,CH-VD,Ballaigues,county,2,CH-VD,Jura-North Vaudois,region,1,CH-VD,Vaud,HIGH,1.0,CH-VD
,Switzerland,Baulmes,District du Jura-Nord vaudois,Vaud,1165,Yverdon-les-Bains,Commune,,Yverdon-les-Bains,,,,,,,,,,localadmin,,CH-VD,Baulmes,county,2,CH-VD,Jura-North Vaudois,region,1,CH-VD,Vaud,HIGH,1.0,CH-VD
,Switzerland,Champagne,District du Jura-Nord vaudois,Vaud,1070,Yverdon-les-Bains,Commune,,Yverdon-les-Bains,,,,,,,,,,localadmin,,CH-VD,Champagne,county,2,CH-VD,Jura-North Vaudois,region,1,CH-VD,Vaud,HIGH,1.0,CH-VD
,Switzerland,Bavois,District du Jura-Nord vaudois,Vaud,1041,Yverdon-les-Bains,Commune,,Yverdon-les-Bains,,,,,,,,,,localadmin,,CH-VD,Bavois,county,2,CH-VD,Jura-North Vaudois,region,1,CH-VD,Vaud,HIGH,1.0,CH-VD
,Switzerland,Concise,District du Jura-Nord vaudois,Vaud,1025,Yverdon-les-Bains,Commune,,Yverdon-les-Bains,,,,,,,,,,localadmin,,CH-VD,Concise,county,2,CH-VD,Jura-North Vaudois,region,1,CH-VD,Vaud,HIGH,1.0,CH-VD
,Switzerland,Le Lieu,District du Jura-Nord vaudois,Vaud,918,Yverdon-les-Bains,Commune,,Yverdon-les-Bains,,,,,,,,,,localadmin,,CH-VD,Le Lieu,county,2,CH-VD,Jura-North Vaudois,region,1,CH-VD,Vaud,HIGH,1.0,CH-VD
,Switzerland,Donneloye,District du Jura-Nord vaudois,Vaud,916,Yverdon-les-Bains,Commune,,Yverdon-les-Bains,,,,,,,,,,localadmin,,CH-VD,Donneloye,county,2,CH-VD,Jura-North Vaudois,region,1,CH-VD,Vaud,HIGH,1.0,CH-VD
,Switzerland,Pomy,District du Jura-Nord vaudois,Vaud,876,Yverdon-les-Bains,Commune,,Yverdon-les-Bains,,,,,,,,,,localadmin,,CH-VD,Pomy,county,2,CH-VD,Jura-North Vaudois,region,1,CH-VD,Vaud,HIGH,1.0,CH-VD
,Switzerland,Tévenon (incl. Villars-Burquin),District du Jura-Nord vaudois,Vaud,862,Yverdon-les-Bains,Commune,,Yverdon-les-Bains,,,,,,,,,,localadmin,,CH-VD,Tévenon,county,2,CH-VD,Jura-North Vaudois,region,1,CH-VD,Vaud,HIGH,1.0,CH-VD
,Switzerland,Montagny-près-Yverdon,District du Jura-Nord vaudois,Vaud,780,Yverdon-les-Bains,Commune,,Yverdon-les-Bains,,,,,,,,,,localadmin,,CH-VD,Montagny-près-Yverdon,county,2,CH-VD,Jura-North Vaudois,region,1,CH-VD,Vaud,HIGH,1.0,CH-VD
,Switzerland,Cheseaux-Noréaz,District du Jura-Nord vaudois,Vaud,736,Yverdon-les-Bains,Commune,,Yverdon-les-Bains,,,,,,,,,,localadmin,,CH-VD,Cheseaux-Noréaz,county,2,CH-VD,Jura-North Vaudois,region,1,CH-VD,Vaud,HIGH,1.0,CH-VD
,Switzerland,Mathod,District du Jura-Nord vaudois,Vaud,725,Yverdon-les-Bains,Commune,,Yverdon-les-Bains,,,,,,,,,,localadmin,,CH-VD,Mathod,county,2,CH-VD,Jura-North Vaudois,region,1,CH-VD,Vaud,HIGH,1.0,CH-VD
,Switzerland,Champvent,District du Jura-Nord vaudois,Vaud,724,Yverdon-les-Bains,Commune,,Yverdon-les-Bains,,,,,,,,,,localadmin,,CH-VD,Champvent,county,2,CH-VD,Jura-North Vaudois,region,1,CH-VD,Vaud,HIGH,1.0,CH-VD
,Switzerland,Valeyres-sous-Montagny,District du Jura-Nord vaudois,Vaud,707,Yverdon-les-Bains,Commune,,Yverdon-les-Bains,,,,,,,,,,localadmin,,CH-VD,Valeyres-sous-Montagny,county,2,CH-VD,Jura-North Vaudois,region,1,CH-VD,Vaud,HIGH,1.0,CH-VD
,Switzerland,Arnex-sur-Orbe,District du Jura-Nord vaudois,Vaud,694,Yverdon-les-Bains,Commune,,Yverdon-les-Bains,,,,,,,,,,localadmin,,CH-VD,Arnex-sur-Orbe,county,2,CH-VD,Jura-North Vaudois,region,1,CH-VD,Vaud,HIGH,1.0,CH-VD
,Switzerland,Bullet,District du Jura-Nord vaudois,Vaud,681,Yverdon-les-Bains,Commune,,Yverdon-les-Bains,,,,,,,,,,localadmin,,CH-VD,Bullet,county,2,CH-VD,Jura-North Vaudois,region,1,CH-VD,Vaud,HIGH,1.0,CH-VD
,Switzerland,Suchy,District du Jura-Nord vaudois,Vaud,663,Yverdon-les-Bains,Commune,,Yverdon-les-Bains,,,,,,,,,,localadmin,,CH-VD,Suchy,county,2,CH-VD,Jura-North Vaudois,region,1,CH-VD,Vaud,HIGH,1.0,CH-VD
,Switzerland,Vuiteboeuf,District du Jura-Nord vaudois,Vaud,608,Yverdon-les-Bains,Commune,,Yverdon-les-Bains,,,,,,,,,,localadmin,,CH-VD,Vuiteboeuf,county,2,CH-VD,Jura-North Vaudois,region,1,CH-VD,Vaud,HIGH,1.0,CH-VD
,Switzerland,Valeyres-sous-Rances,District du Jura-Nord vaudois,Vaud,578,Yverdon-les-Bains,Commune,,Yverdon-les-Bains,,,,,,,,,,localadmin,,CH-VD,Valeyres-sous-Rances,county,2,CH-VD,Jura-North Vaudois,region,1,CH-VD,Vaud,HIGH,1.0,CH-VD
,Switzerland,Romainmôtier-Envy,District du Jura-Nord vaudois,Vaud,560,Yverdon-les-Bains,Commune,,Yverdon-les-Bains,,,,,,,,,,localadmin,,CH-VD,Romainmôtier-Envy,county,2,CH-VD,Jura-North Vaudois,region,1,CH-VD,Vaud,HIGH,1.0,CH-VD
,Switzerland,Chamblon,District du Jura-Nord vaudois,Vaud,554,Yverdon-les-Bains,Commune,,Yverdon-les-Bains,,,,,,,,,,localadmin,,CH-VD,Chamblon,county,2,CH-VD,Jura-North Vaudois,region,1,CH-VD,Vaud,HIGH,1.0,CH-VD
,Switzerland,Bonvillars,District du Jura-Nord vaudois,Vaud,517,Yverdon-les-Bains,Commune,,Yverdon-les-Bains,,,,,,,,,,localadmin,,CH-VD,Bonvillars,county,2,CH-VD,Jura-North Vaudois,region,1,CH-VD,Vaud,HIGH,1.0,CH-VD
,Switzerland,Treycovagnes,District du Jura-Nord vaudois,Vaud,515,Yverdon-les-Bains,Commune,,Yverdon-les-Bains,,,,,,,,,,localadmin,,CH-VD,Treycovagnes,county,2,CH-VD,Jura-North Vaudois,region,1,CH-VD,Vaud,HIGH,1.0,CH-VD
,Switzerland,Onnens (VD),District du Jura-Nord vaudois,Vaud,513,Yverdon-les-Bains,Commune,,Yverdon-les-Bains,,,,,,,,,,localadmin,,CH-VD,Onnens (VD),county,2,CH-VD,Jura-North Vaudois,region,1,CH-VD,Vaud,HIGH,1.0,CH-VD
,Switzerland,Rances,District du Jura-Nord vaudois,Vaud,509,Yverdon-les-Bains,Commune,,Yverdon-les-Bains,,,,,,,,,,localadmin,,CH-VD,Rances,county,2,CH-VD,Jura-North Vaudois,region,1,CH-VD,Vaud,HIGH,1.0,CH-VD
,Switzerland,Montcherand,District du Jura-Nord vaudois,Vaud,489,Yverdon-les-Bains,Commune,,Yverdon-les-Bains,,,,,,,,,,localadmin,,CH-VD,Montcherand,county,2,CH-VD,Jura-North Vaudois,region,1,CH-VD,Vaud,HIGH,1.0,CH-VD
,Switzerland,Vaulion,District du Jura-Nord vaudois,Vaud,488,Yverdon-les-Bains,Commune,,Yverdon-les-Bains,,,,,,,,,,localadmin,,CH-VD,Vaulion,county,2,CH-VD,Jura-North Vaudois,region,1,CH-VD,Vaud,HIGH,1.0,CH-VD
,Switzerland,Giez,District du Jura-Nord vaudois,Vaud,464,Yverdon-les-Bains,Commune,,Yverdon-les-Bains,,,,,,,,,,localadmin,,CH-VD,Giez,county,2,CH-VD,Jura-North Vaudois,region,1,CH-VD,Vaud,HIGH,1.0,CH-VD
,Switzerland,Lignerolle,District du Jura-Nord vaudois,Vaud,461,Yverdon-les-Bains,Commune,,Yverdon-les-Bains,,,,,,,,,,localadmin,,CH-VD,Lignerolle,county,2,CH-VD,Jura-North Vaudois,region,1,CH-VD,Vaud,HIGH,1.0,CH-VD
,Switzerland,Belmont-sur-Yverdon,District du Jura-Nord vaudois,Vaud,445,Yverdon-les-Bains,Commune,,Yverdon-les-Bains,,,,,,,,,,localadmin,,CH-VD,Belmont-sur-Yverdon,county,2,CH-VD,Jura-North Vaudois,region,1,CH-VD,Vaud,HIGH,1.0,CH-VD
,Switzerland,Corcelles-près-Concise,District du Jura-Nord vaudois,Vaud,434,Yverdon-les-Bains,Commune,,Yverdon-les-Bains,,,,,,,,,,localadmin,,CH-VD,Corcelles-près-Concise,county,2,CH-VD,Jura-North Vaudois,region,1,CH-VD,Vaud,HIGH,1.0,CH-VD
,Switzerland,Fiez,District du Jura-Nord vaudois,Vaud,431,Yverdon-les-Bains,Commune,,Yverdon-les-Bains,,,,,,,,,,localadmin,,CH-VD,Fiez,county,2,CH-VD,Jura-North Vaudois,region,1,CH-VD,Vaud,HIGH,1.0,CH-VD
,Switzerland,Cronay,District du Jura-Nord vaudois,Vaud,426,Yverdon-les-Bains,Commune,,Yverdon-les-Bains,,,,,,,,,,localadmin,,CH-VD,Cronay,county,2,CH-VD,Jura-North Vaudois,region,1,CH-VD,Vaud,HIGH,1.0,CH-VD
,Switzerland,Orges,District du Jura-Nord vaudois,Vaud,424,Yverdon-les-Bains,Commune,,Yverdon-les-Bains,,,,,,,,,,localadmin,,CH-VD,Orges,county,2,CH-VD,Jura-North Vaudois,region,1,CH-VD,Vaud,HIGH,1.0,CH-VD
,Switzerland,Provence,District du Jura-Nord vaudois,Vaud,409,Yverdon-les-Bains,Commune,,Yverdon-les-Bains,,,,,,,,,,localadmin,,CH-VD,Provence,county,2,CH-VD,Jura-North Vaudois,region,1,CH-VD,Vaud,HIGH,1.0,CH-VD
,Switzerland,Croy,District du Jura-Nord vaudois,Vaud,403,Yverdon-les-Bains,Commune,,Yverdon-les-Bains,,,,,,,,,,localadmin,,CH-VD,Croy,county,2,CH-VD,Jura-North Vaudois,region,1,CH-VD,Vaud,HIGH,1.0,CH-VD
,Switzerland,Ependes (VD),District du Jura-Nord vaudois,Vaud,379,Yverdon-les-Bains,Commune,,Yverdon-les-Bains,,,,,,,,,,localadmin,,CH-VD,Ependes (VD),county,2,CH-VD,Jura-North Vaudois,region,1,CH-VD,Vaud,HIGH,1.0,CH-VD
,Switzerland,Agiez,District du Jura-Nord vaudois,Vaud,372,Yverdon-les-Bains,Commune,,Yverdon-les-Bains,,,,,,,,,,localadmin,,CH-VD,Agiez,county,2,CH-VD,Jura-North Vaudois,region,1,CH-VD,Vaud,HIGH,1.0,CH-VD
,Switzerland,Juriens,District du Jura-Nord vaudois,Vaud,348,Yverdon-les-Bains,Commune,,Yverdon-les-Bains,,,,,,,,,,localadmin,,CH-VD,Juriens,county,2,CH-VD,Jura-North Vaudois,region,1,CH-VD,Vaud,HIGH,1.0,CH-VD
,Switzerland,Chavannes-le-Chêne,District du Jura-Nord vaudois,Vaud,322,Yverdon-les-Bains,Commune,,Yverdon-les-Bains,,,,,,,,,,localadmin,,CH-VD,Chavannes-le-Chêne,county,2,CH-VD,Jura-North Vaudois,region,1,CH-VD,Vaud,HIGH,1.0,CH-VD
,Switzerland,L'Abergement,District du Jura-Nord vaudois,Vaud,270,Yverdon-les-Bains,Commune,,Yverdon-les-Bains,,,,,,,,,,localadmin,,CH-VD,L'Abergement,county,2,CH-VD,Jura-North Vaudois,region,1,CH-VD,Vaud,HIGH,1.0,CH-VD
,Switzerland,Molondin,District du Jura-Nord vaudois,Vaud,269,Yverdon-les-Bains,Commune,,Yverdon-les-Bains,,,,,,,,,,localadmin,,CH-VD,Molondin,county,2,CH-VD,Jura-North Vaudois,region,1,CH-VD,Vaud,HIGH,1.0,CH-VD
,Switzerland,Bretonnières,District du Jura-Nord vaudois,Vaud,261,Yverdon-les-Bains,Commune,,Yverdon-les-Bains,,,,,,,,,,localadmin,,CH-VD,Bretonnières,county,2,CH-VD,Jura-North Vaudois,region,1,CH-VD,Vaud,HIGH,1.0,CH-VD
,Switzerland,Bioley-Magnoux,District du Jura-Nord vaudois,Vaud,257,Yverdon-les-Bains,Commune,,Yverdon-les-Bains,,,,,,,,,,localadmin,,CH-VD,Bioley-Magnoux,county,2,CH-VD,Jura-North Vaudois,region,1,CH-VD,Vaud,HIGH,1.0,CH-VD
,Switzerland,Cuarny,District du Jura-Nord vaudois,Vaud,241,Yverdon-les-Bains,Commune,,Yverdon-les-Bains,,,,,,,,,,localadmin,,CH-VD,Cuarny,county,2,CH-VD,Jura-North Vaudois,region,1,CH-VD,Vaud,HIGH,1.0,CH-VD
,Switzerland,Grandevent,District du Jura-Nord vaudois,Vaud,241,Yverdon-les-Bains,Commune,,Yverdon-les-Bains,,,,,,,,,,localadmin,,CH-VD,Grandevent,county,2,CH-VD,Jura-North Vaudois,region,1,CH-VD,Vaud,HIGH,1.0,CH-VD
,Switzerland,Valeyres-sous-Ursins,District du Jura-Nord vaudois,Vaud,235,Yverdon-les-Bains,Commune,,Yverdon-les-Bains,,,,,,,,,,localadmin,,CH-VD,Valeyres-sous-Ursins,county,2,CH-VD,Jura-North Vaudois,region,1,CH-VD,Vaud,HIGH,1.0,CH-VD
,Switzerland,Suscévaz,District du Jura-Nord vaudois,Vaud,234,Yverdon-les-Bains,Commune,,Yverdon-les-Bains,,,,,,,,,,localadmin,,CH-VD,Suscévaz,county,2,CH-VD,Jura-North Vaudois,region,1,CH-VD,Vaud,HIGH,1.0,CH-VD
,Switzerland,Ursins,District du Jura-Nord vaudois,Vaud,232,Yverdon-les-Bains,Commune,,Yverdon-les-Bains,,,,,,,,,,localadmin,,CH-VD,Ursins,county,2,CH-VD,Jura-North Vaudois,region,1,CH-VD,Vaud,HIGH,1.0,CH-VD
,Switzerland,Premier,District du Jura-Nord vaudois,Vaud,228,Yverdon-les-Bains,Commune,,Yverdon-les-Bains,,,,,,,,,,localadmin,,CH-VD,Premier,county,2,CH-VD,Jura-North Vaudois,region,1,CH-VD,Vaud,HIGH,1.0,CH-VD
,Switzerland,Fontaines-sur-Grandson,District du Jura-Nord vaudois,Vaud,220,Yverdon-les-Bains,Commune,,Yverdon-les-Bains,,,,,,,,,,localadmin,,CH-VD,Fontaines-sur-Grandson,county,2,CH-VD,Jura-North Vaudois,region,1,CH-VD,Vaud,HIGH,1.0,CH-VD
,Switzerland,Orzens,District du Jura-Nord vaudois,Vaud,214,Yverdon-les-Bains,Commune,,Yverdon-les-Bains,,,,,,,,,,localadmin,,CH-VD,Orzens,county,2,CH-VD,Jura-North Vaudois,region,1,CH-VD,Vaud,HIGH,1.0,CH-VD
,Switzerland,La Praz,District du Jura-Nord vaudois,Vaud,207,Yverdon-les-Bains,Commune,,Yverdon-les-Bains,,,,,,,,,,localadmin,,CH-VD,La Praz,county,2,CH-VD,Jura-North Vaudois,region,1,CH-VD,Vaud,HIGH,1.0,CH-VD
,Switzerland,Bofflens,District du Jura-Nord vaudois,Vaud,200,Yverdon-les-Bains,Commune,,Yverdon-les-Bains,,,,,,,,,,localadmin,,CH-VD,Bofflens,county,2,CH-VD,Jura-North Vaudois,region,1,CH-VD,Vaud,HIGH,1.0,CH-VD
,Switzerland,Rovray,District du Jura-Nord vaudois,Vaud,194,Yverdon-les-Bains,Commune,,Yverdon-les-Bains,,,,,,,,,,localadmin,,CH-VD,Rovray,county,2,CH-VD,Jura-North Vaudois,region,1,CH-VD,Vaud,HIGH,1.0,CH-VD
,Switzerland,Les Clées,District du Jura-Nord vaudois,Vaud,193,Yverdon-les-Bains,City,,Yverdon-les-Bains,,,,,,,,,,localadmin,,CH-VD,Les Clées,county,2,CH-VD,Jura-North Vaudois,region,1,CH-VD,Vaud,HIGH,1.0,CH-VD
,Switzerland,Chêne-Pâquier,District du Jura-Nord vaudois,Vaud,173,Yverdon-les-Bains,Commune,,Yverdon-les-Bains,,,,,,,,,,localadmin,,CH-VD,Chêne-Pâquier,county,2,CH-VD,Jura-North Vaudois,region,1,CH-VD,Vaud,HIGH,1.0,CH-VD
,Switzerland,Démoret,District du Jura-Nord vaudois,Vaud,173,Yverdon-les-Bains,Commune,,Yverdon-les-Bains,,,,,,,,,,localadmin,,CH-VD,Démoret,county,2,CH-VD,Jura-North Vaudois,region,1,CH-VD,Vaud,HIGH,1.0,CH-VD
,Switzerland,Vugelles-La Mothe,District du Jura-Nord vaudois,Vaud,146,Yverdon-les-Bains,Commune,,Yverdon-les-Bains,,,,,,,,,,localadmin,,CH-VD,Vugelles-La Mothe,county,2,CH-VD,Jura-North Vaudois,region,1,CH-VD,Vaud,HIGH,1.0,CH-VD
,Switzerland,Mauborget,District du Jura-Nord vaudois,Vaud,145,Yverdon-les-Bains,Commune,,Yverdon-les-Bains,,,,,,,,,,localadmin,,CH-VD,Mauborget,county,2,CH-VD,Jura-North Vaudois,region,1,CH-VD,Vaud,HIGH,1.0,CH-VD
,Switzerland,Mutrux,District du Jura-Nord vaudois,Vaud,145,Yverdon-les-Bains,Commune,,Yverdon-les-Bains,,,,,,,,,,localadmin,,CH-VD,Mutrux,county,2,CH-VD,Jura-North Vaudois,region,1,CH-VD,Vaud,HIGH,1.0,CH-VD
,Switzerland,Sergey,District du Jura-Nord vaudois,Vaud,133,Yverdon-les-Bains,Commune,,Yverdon-les-Bains,,,,,,,,,,localadmin,,CH-VD,Sergey,county,2,CH-VD,Jura-North Vaudois,region,1,CH-VD,Vaud,HIGH,1.0,CH-VD
,Switzerland,Villars-Epeney,District du Jura-Nord vaudois,Vaud,108,Yverdon-les-Bains,Commune,,Yverdon-les-Bains,,,,,,,,,,localadmin,,CH-VD,Villars-Epeney,county,2,CH-VD,Jura-North Vaudois,region,1,CH-VD,Vaud,HIGH,1.0,CH-VD
,Switzerland,Novalles,District du Jura-Nord vaudois,Vaud,106,Yverdon-les-Bains,Commune,,Yverdon-les-Bains,,,,,,,,,,localadmin,,CH-VD,Novalles,county,2,CH-VD,Jura-North Vaudois,region,1,CH-VD,Vaud,HIGH,1.0,CH-VD
,Switzerland,Zug,Zug,Zug,32126,Zug,City,,Zug,,,,,,,,,,county,2,CH-ZG,Zug,county,2,CH-ZG,Zug,region,1,CH-ZG,Zug,HIGH,1.0,CH-ZG
,Switzerland,Baar,Zug,Zug,24998,Zug,City,,Zug,,,,,,,,,,localadmin,,CH-ZG,Baar,county,2,CH-ZG,Zug,region,1,CH-ZG,Zug,HIGH,1.0,CH-ZG
,Switzerland,Cham,Zug,Zug,18269,Zug,City,,Zug,,,,,,,,,,localadmin,,CH-ZG,Cham,county,2,CH-ZG,Zug,region,1,CH-ZG,Zug,HIGH,1.0,CH-ZG
,Switzerland,Risch (Risch Rotkreuz),Zug,Zug,11674,Zug,Commune,,Zug,,,,,,,,,,county,2,CH-ZG,Zug,county,2,CH-ZG,Zug,region,1,CH-ZG,Zug,HIGH,1.0,CH-ZG
,Switzerland,Steinhausen,Zug,Zug,10398,Zug,Commune,,Zug,,,,,,,,,,localadmin,,CH-ZG,Steinhausen,county,2,CH-ZG,Zug,region,1,CH-ZG,Zug,HIGH,1.0,CH-ZG
,Switzerland,Unterägeri,Zug,Zug,9493,Zug,Commune,,Zug,,,,,,,,,,localadmin,,CH-ZG,Unterägeri,county,2,CH-ZG,Zug,region,1,CH-ZG,Zug,HIGH,1.0,CH-ZG
,Switzerland,Hünenberg,Zug,Zug,8971,Zug,Commune,,Zug,,,,,,,,,,localadmin,,CH-ZG,Hünenberg,county,2,CH-ZG,Zug,region,1,CH-ZG,Zug,HIGH,1.0,CH-ZG
,Switzerland,Oberägeri,Zug,Zug,6576,Zug,Commune,,Zug,,,,,,,,,,localadmin,,CH-ZG,Oberägeri,county,2,CH-ZG,Zug,region,1,CH-ZG,Zug,HIGH,1.0,CH-ZG
,Switzerland,Menzingen,Zug,Zug,4700,Zug,Commune,,Zug,,,,,,,,,,localadmin,,CH-ZG,Menzingen,county,2,CH-ZG,Zug,region,1,CH-ZG,Zug,HIGH,1.0,CH-ZG
,Switzerland,Walchwil,Zug,Zug,3991,Zug,Commune,,Zug,,,,,,,,,,localadmin,,CH-ZG,Walchwil,county,2,CH-ZG,Zug,region,1,CH-ZG,Zug,HIGH,1.0,CH-ZG
,Switzerland,Neuheim,Zug,Zug,2527,Zug,Commune,,Zug,,,,,,,,,,localadmin,,CH-ZG,Neuheim,county,2,CH-ZG,Zug,region,1,CH-ZG,Zug,HIGH,1.0,CH-ZG
,Switzerland,Affoltern am Albis,Bezirk Affoltern,Zurich,12878,Zurich,City,,Zurich,,,,,,,,,,localadmin,,CH-ZH,Affoltern am Albis,county,2,CH-ZH,Affoltern,region,1,CH-ZH,Zürich,HIGH,1.0,CH-ZH
,Switzerland,Obfelden,Bezirk Affoltern,Zurich,5960,Zurich,Commune,,Zurich,,,,,,,,,,localadmin,,CH-ZH,Obfelden,county,2,CH-ZH,Affoltern,region,1,CH-ZH,Zürich,HIGH,1.0,CH-ZH
,Switzerland,Mettmenstetten,Bezirk Affoltern,Zurich,5763,Zurich,Commune,,Zurich,,,,,,,,,,localadmin,,CH-ZH,Mettmenstetten,county,2,CH-ZH,Affoltern,region,1,CH-ZH,Zürich,HIGH,1.0,CH-ZH
,Switzerland,Bonstetten,Bezirk Affoltern,Zurich,5712,Zurich,Commune,,Zurich,,,,,,,,,,localadmin,,CH-ZH,Bonstetten,county,2,CH-ZH,Affoltern,region,1,CH-ZH,Zürich,HIGH,1.0,CH-ZH
,Switzerland,Wettswil am Albis,Bezirk Affoltern,Zurich,5335,Zurich,Commune,,Zurich,,,,,,,,,,localadmin,,CH-ZH,Wettswil am Albis,county,2,CH-ZH,Affoltern,region,1,CH-ZH,Zürich,HIGH,1.0,CH-ZH
,Switzerland,Hedingen,Bezirk Affoltern,Zurich,4002,Zurich,Commune,,Zurich,,,,,,,,,,localadmin,,CH-ZH,Hedingen,county,2,CH-ZH,Affoltern,region,1,CH-ZH,Zürich,HIGH,1.0,CH-ZH
,Switzerland,Hausen am Albis,Bezirk Affoltern,Zurich,3950,Zurich,Commune,,Zurich,,,,,,,,,,localadmin,,CH-ZH,Hausen am Albis,county,2,CH-ZH,Affoltern,region,1,CH-ZH,Zürich,HIGH,1.0,CH-ZH
,Switzerland,Stallikon,Bezirk Affoltern,Zurich,3906,Zurich,Commune,,Zurich,,,,,,,,,,localadmin,,CH-ZH,Stallikon,county,2,CH-ZH,Affoltern,region,1,CH-ZH,Zürich,HIGH,1.0,CH-ZH
,Switzerland,Ottenbach,Bezirk Affoltern,Zurich,2971,Zurich,Commune,,Zurich,,,,,,,,,,localadmin,,CH-ZH,Ottenbach,county,2,CH-ZH,Affoltern,region,1,CH-ZH,Zürich,HIGH,1.0,CH-ZH
,Switzerland,Knonau,Bezirk Affoltern,Zurich,2463,Zurich,Commune,,Zurich,,,,,,,,,,localadmin,,CH-ZH,Knonau,county,2,CH-ZH,Affoltern,region,1,CH-ZH,Zürich,HIGH,1.0,CH-ZH
,Switzerland,Aeugst am Albis,Bezirk Affoltern,Zurich,1995,Zurich,Commune,,Zurich,,,,,,,,,,localadmin,,CH-ZH,Aeugst am Albis,county,2,CH-ZH,Affoltern,region,1,CH-ZH,Zürich,HIGH,1.0,CH-ZH
,Switzerland,Kappel am Albis,Bezirk Affoltern,Zurich,1381,Zurich,Commune,,Zurich,,,,,,,,,,localadmin,,CH-ZH,Kappel am Albis,county,2,CH-ZH,Affoltern,region,1,CH-ZH,Zürich,HIGH,1.0,CH-ZH
,Switzerland,Rifferswil,Bezirk Affoltern,Zurich,1179,Zurich,Commune,,Zurich,,,,,,,,,,localadmin,,CH-ZH,Rifferswil,county,2,CH-ZH,Affoltern,region,1,CH-ZH,Zürich,HIGH,1.0,CH-ZH
,Switzerland,Maschwanden,Bezirk Affoltern,Zurich,677,Zurich,Commune,,Zurich,,,,,,,,,,localadmin,,CH-ZH,Maschwanden,county,2,CH-ZH,Affoltern,region,1,CH-ZH,Zürich,HIGH,1.0,CH-ZH
,Switzerland,Feuerthalen,Bezirk Andelfingen,Zurich,3846,Zurich,Commune,,Zurich,,,,,,,,,,localadmin,,CH-ZH,Feuerthalen,county,2,CH-ZH,Andelfingen,region,1,CH-ZH,Zürich,HIGH,1.0,CH-ZH
,Switzerland,"Andelfingen (incl. Adlikon, Humlikon)",Bezirk Andelfingen,Zurich,3681,Zurich,Commune,,Zurich,,,,,,,,,,locality,,CH-ZH,Andelfingen,county,2,CH-ZH,Andelfingen,region,1,CH-ZH,Zürich,HIGH,1.0,CH-ZH
,Switzerland,Stammheim,Bezirk Andelfingen,Zurich,2947,Zurich,Commune,,Zurich,,,,,,,,,,localadmin,,CH-ZH,Stammheim,county,2,CH-ZH,Andelfingen,region,1,CH-ZH,Zürich,HIGH,1.0,CH-ZH
,Switzerland,Henggart,Bezirk Andelfingen,Zurich,2342,Zurich,Commune,,Zurich,,,,,,,,,,localadmin,,CH-ZH,Henggart,county,2,CH-ZH,Andelfingen,region,1,CH-ZH,Zürich,HIGH,1.0,CH-ZH
,Switzerland,Kleinandelfingen,Bezirk Andelfingen,Zurich,2238,Zurich,Commune,,Zurich,,,,,,,,,,localadmin,,CH-ZH,Kleinandelfingen,county,2,CH-ZH,Andelfingen,region,1,CH-ZH,Zürich,HIGH,1.0,CH-ZH
,Switzerland,Marthalen,Bezirk Andelfingen,Zurich,1990,Zurich,Commune,,Zurich,,,,,,,,,,localadmin,,CH-ZH,Marthalen,county,2,CH-ZH,Andelfingen,region,1,CH-ZH,Zürich,HIGH,1.0,CH-ZH
,Switzerland,Dachsen,Bezirk Andelfingen,Zurich,1926,Zurich,Commune,,Zurich,,,,,,,,,,localadmin,,CH-ZH,Dachsen,county,2,CH-ZH,Andelfingen,region,1,CH-ZH,Zürich,HIGH,1.0,CH-ZH
,Switzerland,Ossingen,Bezirk Andelfingen,Zurich,1835,Zurich,Commune,,Zurich,,,,,,,,,,localadmin,,CH-ZH,Ossingen,county,2,CH-ZH,Andelfingen,region,1,CH-ZH,Zürich,HIGH,1.0,CH-ZH
,Switzerland,Laufen-Uhwiesen,Bezirk Andelfingen,Zurich,1828,Zurich,Commune,,Zurich,,,,,,,,,,localadmin,,CH-ZH,Laufen-Uhwiesen,county,2,CH-ZH,Andelfingen,region,1,CH-ZH,Zürich,HIGH,1.0,CH-ZH
,Switzerland,Flurlingen,Bezirk Andelfingen,Zurich,1519,Zurich,Commune,,Zurich,,,,,,,,,,localadmin,,CH-ZH,Flurlingen,county,2,CH-ZH,Andelfingen,region,1,CH-ZH,Zürich,HIGH,1.0,CH-ZH
,Switzerland,Flaach,Bezirk Andelfingen,Zurich,1493,Zurich,Commune,,Zurich,,,,,,,,,,localadmin,,CH-ZH,Flaach,county,2,CH-ZH,Andelfingen,region,1,CH-ZH,Zürich,HIGH,1.0,CH-ZH
,Switzerland,Rheinau,Bezirk Andelfingen,Zurich,1322,Zurich,City,,Zurich,,,,,,,,,,localadmin,,CH-ZH,Rheinau,county,2,CH-ZH,Andelfingen,region,1,CH-ZH,Zürich,HIGH,1.0,CH-ZH
,Switzerland,Trüllikon,Bezirk Andelfingen,Zurich,1104,Zurich,Commune,,Zurich,,,,,,,,,,localadmin,,CH-ZH,Trüllikon,county,2,CH-ZH,Andelfingen,region,1,CH-ZH,Zürich,HIGH,1.0,CH-ZH
,Switzerland,Buch am Irchel,Bezirk Andelfingen,Zurich,1066,Zurich,Commune,,Zurich,,,,,,,,,,localadmin,,CH-ZH,Buch am Irchel,county,2,CH-ZH,Andelfingen,region,1,CH-ZH,Zürich,HIGH,1.0,CH-ZH
,Switzerland,Thalheim an der Thur,Bezirk Andelfingen,Zurich,1004,Zurich,Commune,,Zurich,,,,,,,,,,localadmin,,CH-ZH,Thalheim an der Thur,county,2,CH-ZH,Andelfingen,region,1,CH-ZH,Zürich,HIGH,1.0,CH-ZH
,Switzerland,Benken (ZH),Bezirk Andelfingen,Zurich,883,Zurich,Commune,,Zurich,,,,,,,,,,localadmin,,CH-ZH,Benken (ZH),county,2,CH-ZH,Andelfingen,region,1,CH-ZH,Zürich,HIGH,1.0,CH-ZH
,Switzerland,Dorf,Bezirk Andelfingen,Zurich,727,Zurich,Commune,,Zurich,,,,,,,,,,localadmin,,CH-ZH,Dorf,county,2,CH-ZH,Andelfingen,region,1,CH-ZH,Zürich,HIGH,1.0,CH-ZH
,Switzerland,Berg am Irchel,Bezirk Andelfingen,Zurich,588,Zurich,Commune,,Zurich,,,,,,,,,,localadmin,,CH-ZH,Berg am Irchel,county,2,CH-ZH,Andelfingen,region,1,CH-ZH,Zürich,HIGH,1.0,CH-ZH
,Switzerland,Truttikon,Bezirk Andelfingen,Zurich,458,Zurich,Commune,,Zurich,,,,,,,,,,localadmin,,CH-ZH,Truttikon,county,2,CH-ZH,Andelfingen,region,1,CH-ZH,Zürich,HIGH,1.0,CH-ZH
,Switzerland,Volken,Bezirk Andelfingen,Zurich,382,Zurich,Commune,,Zurich,,,,,,,,,,localadmin,,CH-ZH,Volken,county,2,CH-ZH,Andelfingen,region,1,CH-ZH,Zürich,HIGH,1.0,CH-ZH
,Switzerland,Bülach,Bezirk Bülach,Zurich,24501,Zurich,City,,Zurich,,,,,,,,,,county,2,CH-ZH,Bülach,county,2,CH-ZH,Bülach,region,1,CH-ZH,Zürich,HIGH,1.0,CH-ZH
,Switzerland,Kloten,Bezirk Bülach,Zurich,21733,Zurich,City,,Zurich,,,,,,,,,,localadmin,,CH-ZH,Kloten,county,2,CH-ZH,Bülach,region,1,CH-ZH,Zürich,HIGH,1.0,CH-ZH
,Switzerland,Opfikon,Bezirk Bülach,Zurich,21549,Zurich,City,,Zurich,,,,,,,,,,localadmin,,CH-ZH,Opfikon,county,2,CH-ZH,Bülach,region,1,CH-ZH,Zürich,HIGH,1.0,CH-ZH
,Switzerland,Wallisellen,Bezirk Bülach,Zurich,17755,Zurich,City,,Zurich,,,,,,,,,,localadmin,,CH-ZH,Wallisellen,county,2,CH-ZH,Bülach,region,1,CH-ZH,Zürich,HIGH,1.0,CH-ZH
,Switzerland,Bassersdorf,Bezirk Bülach,Zurich,12296,Zurich,City,,Zurich,,,,,,,,,,localadmin,,CH-ZH,Bassersdorf,county,2,CH-ZH,Bülach,region,1,CH-ZH,Zürich,HIGH,1.0,CH-ZH
,Switzerland,Embrach,Bezirk Bülach,Zurich,10352,Zurich,Commune,,Zurich,,,,,,,,,,localadmin,,CH-ZH,Embrach,county,2,CH-ZH,Bülach,region,1,CH-ZH,Zürich,HIGH,1.0,CH-ZH
,Switzerland,Dietlikon,Bezirk Bülach,Zurich,8024,Zurich,Commune,,Zurich,,,,,,,,,,localadmin,,CH-ZH,Dietlikon,county,2,CH-ZH,Bülach,region,1,CH-ZH,Zürich,HIGH,1.0,CH-ZH
,Switzerland,Nürensdorf,Bezirk Bülach,Zurich,5862,Zurich,Commune,,Zurich,,,,,,,,,,localadmin,,CH-ZH,Nürensdorf,county,2,CH-ZH,Bülach,region,1,CH-ZH,Zürich,HIGH,1.0,CH-ZH
,Switzerland,Eglisau,Bezirk Bülach,Zurich,5750,Zurich,City,,Zurich,,,,,,,,,,localadmin,,CH-ZH,Eglisau,county,2,CH-ZH,Bülach,region,1,CH-ZH,Zürich,HIGH,1.0,CH-ZH
,Switzerland,Glattfelden,Bezirk Bülach,Zurich,5439,Zurich,Commune,,Zurich,,,,,,,,,,localadmin,,CH-ZH,Glattfelden,county,2,CH-ZH,Bülach,region,1,CH-ZH,Zürich,HIGH,1.0,CH-ZH
,Switzerland,Winkel,Bezirk Bülach,Zurich,5086,Zurich,Commune,,Zurich,,,,,,,,,,localadmin,,CH-ZH,Winkel,county,2,CH-ZH,Bülach,region,1,CH-ZH,Zürich,HIGH,1.0,CH-ZH
,Switzerland,Rafz,Bezirk Bülach,Zurich,4766,Zurich,Commune,,Zurich,,,,,,,,,,localadmin,,CH-ZH,Rafz,county,2,CH-ZH,Bülach,region,1,CH-ZH,Zürich,HIGH,1.0,CH-ZH
,Switzerland,Bachenbülach,Bezirk Bülach,Zurich,4285,Zurich,Commune,,Zurich,,,,,,,,,,localadmin,,CH-ZH,Bachenbülach,county,2,CH-ZH,Bülach,region,1,CH-ZH,Zürich,HIGH,1.0,CH-ZH
,Switzerland,Höri,Bezirk Bülach,Zurich,3564,Zurich,Commune,,Zurich,,,,,,,,,,localadmin,,CH-ZH,Höri,county,2,CH-ZH,Bülach,region,1,CH-ZH,Zürich,HIGH,1.0,CH-ZH
,Switzerland,Rorbas,Bezirk Bülach,Zurich,3006,Zurich,Commune,,Zurich,,,,,,,,,,localadmin,,CH-ZH,Rorbas,county,2,CH-ZH,Bülach,region,1,CH-ZH,Zürich,HIGH,1.0,CH-ZH
,Switzerland,Lufingen,Bezirk Bülach,Zurich,2838,Zurich,Commune,,Zurich,,,,,,,,,,localadmin,,CH-ZH,Lufingen,county,2,CH-ZH,Bülach,region,1,CH-ZH,Zürich,HIGH,1.0,CH-ZH
,Switzerland,Freienstein-Teufen,Bezirk Bülach,Zurich,2372,Zurich,Commune,,Zurich,,,,,,,,,,localadmin,,CH-ZH,Freienstein-Teufen,county,2,CH-ZH,Bülach,region,1,CH-ZH,Zürich,HIGH,1.0,CH-ZH
,Switzerland,Hochfelden,Bezirk Bülach,Zurich,2015,Zurich,Commune,,Zurich,,,,,,,,,,localadmin,,CH-ZH,Hochfelden,county,2,CH-ZH,Bülach,region,1,CH-ZH,Zürich,HIGH,1.0,CH-ZH
,Switzerland,Wil (ZH),Bezirk Bülach,Zurich,1572,Zurich,Commune,,Zurich,,,,,,,,,,localadmin,,CH-ZH,Wil (ZH),county,2,CH-ZH,Bülach,region,1,CH-ZH,Zürich,HIGH,1.0,CH-ZH
,Switzerland,Oberembrach,Bezirk Bülach,Zurich,1130,Zurich,Commune,,Zurich,,,,,,,,,,localadmin,,CH-ZH,Oberembrach,county,2,CH-ZH,Bülach,region,1,CH-ZH,Zürich,HIGH,1.0,CH-ZH
,Switzerland,Hüntwangen,Bezirk Bülach,Zurich,1094,Zurich,Commune,,Zurich,,,,,,,,,,localadmin,,CH-ZH,Hüntwangen,county,2,CH-ZH,Bülach,region,1,CH-ZH,Zürich,HIGH,1.0,CH-ZH
,Switzerland,Wasterkingen,Bezirk Bülach,Zurich,594,Zurich,Commune,,Zurich,,,,,,,,,,localadmin,,CH-ZH,Wasterkingen,county,2,CH-ZH,Bülach,region,1,CH-ZH,Zürich,HIGH,1.0,CH-ZH
,Switzerland,Regensdorf,Bezirk Dielsdorf,Zurich,20280,Zurich,City,,Zurich,,,,,,,,,,localadmin,,CH-ZH,Regensdorf,county,2,CH-ZH,Dielsdorf,region,1,CH-ZH,Zürich,HIGH,1.0,CH-ZH
,Switzerland,Niederhasli,Bezirk Dielsdorf,Zurich,9644,Zurich,Commune,,Zurich,,,,,,,,,,localadmin,,CH-ZH,Niederhasli,county,2,CH-ZH,Dielsdorf,region,1,CH-ZH,Zürich,HIGH,1.0,CH-ZH
,Switzerland,Rümlang,Bezirk Dielsdorf,Zurich,8244,Zurich,Commune,,Zurich,,,,,,,,,,localadmin,,CH-ZH,Rümlang,county,2,CH-ZH,Dielsdorf,region,1,CH-ZH,Zürich,HIGH,1.0,CH-ZH
,Switzerland,Oberglatt,Bezirk Dielsdorf,Zurich,7767,Zurich,Commune,,Zurich,,,,,,,,,,localadmin,,CH-ZH,Oberglatt,county,2,CH-ZH,Dielsdorf,region,1,CH-ZH,Zürich,HIGH,1.0,CH-ZH
,Switzerland,Buchs (ZH),Bezirk Dielsdorf,Zurich,6804,Zurich,Commune,,Zurich,,,,,,,,,,localadmin,,CH-ZH,Buchs (ZH),county,2,CH-ZH,Dielsdorf,region,1,CH-ZH,Zürich,HIGH,1.0,CH-ZH
,Switzerland,Dielsdorf,Bezirk Dielsdorf,Zurich,6725,Zurich,Commune,,Zurich,,,,,,,,,,county,2,CH-ZH,Dielsdorf,county,2,CH-ZH,Dielsdorf,region,1,CH-ZH,Zürich,HIGH,1.0,CH-ZH
,Switzerland,Niederglatt,Bezirk Dielsdorf,Zurich,5508,Zurich,Commune,,Zurich,,,,,,,,,,localadmin,,CH-ZH,Niederglatt,county,2,CH-ZH,Dielsdorf,region,1,CH-ZH,Zürich,HIGH,1.0,CH-ZH
,Switzerland,Dällikon,Bezirk Dielsdorf,Zurich,4466,Zurich,Commune,,Zurich,,,,,,,,,,localadmin,,CH-ZH,Dällikon,county,2,CH-ZH,Dielsdorf,region,1,CH-ZH,Zürich,HIGH,1.0,CH-ZH
,Switzerland,Steinmaur,Bezirk Dielsdorf,Zurich,3716,Zurich,Commune,,Zurich,,,,,,,,,,localadmin,,CH-ZH,Steinmaur,county,2,CH-ZH,Dielsdorf,region,1,CH-ZH,Zürich,HIGH,1.0,CH-ZH
,Switzerland,Niederweningen,Bezirk Dielsdorf,Zurich,3348,Zurich,Commune,,Zurich,,,,,,,,,,localadmin,,CH-ZH,Niederweningen,county,2,CH-ZH,Dielsdorf,region,1,CH-ZH,Zürich,HIGH,1.0,CH-ZH
,Switzerland,Neerach,Bezirk Dielsdorf,Zurich,3328,Zurich,Commune,,Zurich,,,,,,,,,,localadmin,,CH-ZH,Neerach,county,2,CH-ZH,Dielsdorf,region,1,CH-ZH,Zürich,HIGH,1.0,CH-ZH
,Switzerland,Otelfingen,Bezirk Dielsdorf,Zurich,2918,Zurich,Commune,,Zurich,,,,,,,,,,localadmin,,CH-ZH,Otelfingen,county,2,CH-ZH,Dielsdorf,region,1,CH-ZH,Zürich,HIGH,1.0,CH-ZH
,Switzerland,Stadel (Stadel bei Niederglatt),Bezirk Dielsdorf,Zurich,2454,Zurich,Commune,,Zurich,,,,,,,,,,localadmin,,CH-ZH,Stadel,county,2,CH-ZH,Dielsdorf,region,1,CH-ZH,Zürich,HIGH,1.0,CH-ZH
,Switzerland,Weiach,Bezirk Dielsdorf,Zurich,2123,Zurich,Commune,,Zurich,,,,,,,,,,localadmin,,CH-ZH,Weiach,county,2,CH-ZH,Dielsdorf,region,1,CH-ZH,Zürich,HIGH,1.0,CH-ZH
,Switzerland,Oberweningen,Bezirk Dielsdorf,Zurich,1905,Zurich,Commune,,Zurich,,,,,,,,,,localadmin,,CH-ZH,Oberweningen,county,2,CH-ZH,Dielsdorf,region,1,CH-ZH,Zürich,HIGH,1.0,CH-ZH
,Switzerland,Dänikon,Bezirk Dielsdorf,Zurich,1864,Zurich,Commune,,Zurich,,,,,,,,,,localadmin,,CH-ZH,Dänikon,county,2,CH-ZH,Dielsdorf,region,1,CH-ZH,Zürich,HIGH,1.0,CH-ZH
,Switzerland,Boppelsen,Bezirk Dielsdorf,Zurich,1424,Zurich,Commune,,Zurich,,,,,,,,,,localadmin,,CH-ZH,Boppelsen,county,2,CH-ZH,Dielsdorf,region,1,CH-ZH,Zürich,HIGH,1.0,CH-ZH
,Switzerland,Schöfflisdorf,Bezirk Dielsdorf,Zurich,1412,Zurich,Commune,,Zurich,,,,,,,,,,localadmin,,CH-ZH,Schöfflisdorf,county,2,CH-ZH,Dielsdorf,region,1,CH-ZH,Zürich,HIGH,1.0,CH-ZH
,Switzerland,Hüttikon,Bezirk Dielsdorf,Zurich,957,Zurich,Commune,,Zurich,,,,,,,,,,localadmin,,CH-ZH,Hüttikon,county,2,CH-ZH,Dielsdorf,region,1,CH-ZH,Zürich,HIGH,1.0,CH-ZH
,Switzerland,Schleinikon,Bezirk Dielsdorf,Zurich,868,Zurich,Commune,,Zurich,,,,,,,,,,localadmin,,CH-ZH,Schleinikon,county,2,CH-ZH,Dielsdorf,region,1,CH-ZH,Zürich,HIGH,1.0,CH-ZH
,Switzerland,Bachs,Bezirk Dielsdorf,Zurich,677,Zurich,Commune,,Zurich,,,,,,,,,,localadmin,,CH-ZH,Bachs,county,2,CH-ZH,Dielsdorf,region,1,CH-ZH,Zürich,HIGH,1.0,CH-ZH
,Switzerland,Regensberg,Bezirk Dielsdorf,Zurich,478,Zurich,City,,Zurich,,,,,,,,,,localadmin,,CH-ZH,Regensberg,county,2,CH-ZH,Dielsdorf,region,1,CH-ZH,Zürich,HIGH,1.0,CH-ZH
,Switzerland,Dietikon,Bezirk Dietikon,Zurich,28272,Zurich,City,,Zurich,,,,,,,,,,localadmin,,CH-ZH,Dietikon,county,2,CH-ZH,Dietikon,region,1,CH-ZH,Zürich,HIGH,1.0,CH-ZH
,Switzerland,Schlieren,Bezirk Dietikon,Zurich,20389,Zurich,City,,Zurich,,,,,,,,,,localadmin,,CH-ZH,Schlieren,county,2,CH-ZH,Dietikon,region,1,CH-ZH,Zürich,HIGH,1.0,CH-ZH
,Switzerland,Urdorf,Bezirk Dietikon,Zurich,10503,Zurich,Commune,,Zurich,,,,,,,,,,localadmin,,CH-ZH,Urdorf,county,2,CH-ZH,Dietikon,region,1,CH-ZH,Zürich,HIGH,1.0,CH-ZH
,Switzerland,Birmensdorf (ZH),Bezirk Dietikon,Zurich,7375,Zurich,Commune,,Zurich,,,,,,,,,,localadmin,,CH-ZH,Birmensdorf (ZH),county,2,CH-ZH,Dietikon,region,1,CH-ZH,Zürich,HIGH,1.0,CH-ZH
,Switzerland,Oberengstringen,Bezirk Dietikon,Zurich,6910,Zurich,Commune,,Zurich,,,,,,,,,,localadmin,,CH-ZH,Oberengstringen,county,2,CH-ZH,Dietikon,region,1,CH-ZH,Zürich,HIGH,1.0,CH-ZH
,Switzerland,Uitikon,Bezirk Dietikon,Zurich,5697,Zurich,Commune,,Zurich,,,,,,,,,,localadmin,,CH-ZH,Uitikon,county,2,CH-ZH,Dietikon,region,1,CH-ZH,Zürich,HIGH,1.0,CH-ZH
,Switzerland,Geroldswil,Bezirk Dietikon,Zurich,5311,Zurich,Commune,,Zurich,,,,,,,,,,localadmin,,CH-ZH,Geroldswil,county,2,CH-ZH,Dietikon,region,1,CH-ZH,Zürich,HIGH,1.0,CH-ZH
,Switzerland,Weiningen (ZH),Bezirk Dietikon,Zurich,5106,Zurich,Commune,,Zurich,,,,,,,,,,localadmin,,CH-ZH,Weiningen (ZH),county,2,CH-ZH,Dietikon,region,1,CH-ZH,Zürich,HIGH,1.0,CH-ZH
,Switzerland,Unterengstringen,Bezirk Dietikon,Zurich,4346,Zurich,Commune,,Zurich,,,,,,,,,,localadmin,,CH-ZH,Unterengstringen,county,2,CH-ZH,Dietikon,region,1,CH-ZH,Zürich,HIGH,1.0,CH-ZH
,Switzerland,Oetwil an der Limmat,Bezirk Dietikon,Zurich,2574,Zurich,Commune,,Zurich,,,,,,,,,,localadmin,,CH-ZH,Oetwil an der Limmat,county,2,CH-ZH,Dietikon,region,1,CH-ZH,Zürich,HIGH,1.0,CH-ZH
,Switzerland,Aesch (ZH),Bezirk Dietikon,Zurich,1659,Zurich,Commune,,Zurich,,,,,,,,,,locality,,CH-ZH,Aesch,county,2,CH-ZH,Horgen,region,1,CH-ZH,Zürich,HIGH,1.0,CH-ZH
,Switzerland,Wetzikon (ZH),Bezirk Hinwil,Zurich,26975,Zurich,City,,Zurich,,,,,,,,,,localadmin,,CH-ZH,Wetzikon (ZH),county,2,CH-ZH,Hinwil,region,1,CH-ZH,Zürich,HIGH,1.0,CH-ZH
,Switzerland,Rüti (ZH),Bezirk Hinwil,Zurich,12968,Zurich,City,,Zurich,,,,,,,,,,localadmin,,CH-ZH,Rüti (ZH),county,2,CH-ZH,Hinwil,region,1,CH-ZH,Zürich,HIGH,1.0,CH-ZH
,Switzerland,Hinwil,Bezirk Hinwil,Zurich,11958,Zurich,City,,Zurich,,,,,,,,,,localadmin,,CH-ZH,Hinwil,county,2,CH-ZH,Hinwil,region,1,CH-ZH,Zürich,HIGH,1.0,CH-ZH
,Switzerland,Wald (ZH),Bezirk Hinwil,Zurich,10618,Zurich,Commune,,Zurich,,,,,,,,,,localadmin,,CH-ZH,Wald (ZH),county,2,CH-ZH,Hinwil,region,1,CH-ZH,Zürich,HIGH,1.0,CH-ZH
,Switzerland,Gossau (ZH),Bezirk Hinwil,Zurich,10605,Zurich,Commune,,Zurich,,,,,,,,,,localadmin,,CH-ZH,Gossau (ZH),county,2,CH-ZH,Hinwil,region,1,CH-ZH,Zürich,HIGH,1.0,CH-ZH
,Switzerland,Dürnten,Bezirk Hinwil,Zurich,8046,Zurich,Commune,,Zurich,,,,,,,,,,localadmin,,CH-ZH,Dürnten,county,2,CH-ZH,Hinwil,region,1,CH-ZH,Zürich,HIGH,1.0,CH-ZH
,Switzerland,Bubikon,Bezirk Hinwil,Zurich,7663,Zurich,Commune,,Zurich,,,,,,,,,,localadmin,,CH-ZH,Bubikon,county,2,CH-ZH,Hinwil,region,1,CH-ZH,Zürich,HIGH,1.0,CH-ZH
,Switzerland,Bäretswil,Bezirk Hinwil,Zurich,5145,Zurich,Commune,,Zurich,,,,,,,,,,localadmin,,CH-ZH,Bäretswil,county,2,CH-ZH,Hinwil,region,1,CH-ZH,Zürich,HIGH,1.0,CH-ZH
,Switzerland,Grüningen,Bezirk Hinwil,Zurich,3885,Zurich,City,,Zurich,,,,,,,,,,localadmin,,CH-ZH,Grüningen,county,2,CH-ZH,Hinwil,region,1,CH-ZH,Zürich,HIGH,1.0,CH-ZH
,Switzerland,Fischenthal,Bezirk Hinwil,Zurich,2665,Zurich,Commune,,Zurich,,,,,,,,,,localadmin,,CH-ZH,Fischenthal,county,2,CH-ZH,Hinwil,region,1,CH-ZH,Zürich,HIGH,1.0,CH-ZH
,Switzerland,Seegräben,Bezirk Hinwil,Zurich,1460,Zurich,Commune,,Zurich,,,,,,,,,,localadmin,,CH-ZH,Seegräben,county,2,CH-ZH,Hinwil,region,1,CH-ZH,Zürich,HIGH,1.0,CH-ZH
,Switzerland,"Wädenswil (incl. Hütten, Schönenberg)",Bezirk Horgen,Zurich,25683,Zurich,City,,Zurich,,,,,,,,,,localadmin,,CH-ZH,Wädenswil,county,2,CH-ZH,Horgen,region,1,CH-ZH,Zürich,HIGH,1.0,CH-ZH
,Switzerland,Horgen (incl. Hirzel),Bezirk Horgen,Zurich,24539,Zurich,City,,Zurich,,,,,,,,,,localadmin,,CH-ZH,Horgen,county,2,CH-ZH,Horgen,region,1,CH-ZH,Zürich,HIGH,1.0,CH-ZH
,Switzerland,Adliswil,Bezirk Horgen,Zurich,19887,Zurich,City,,Zurich,,,,,,,,,,localadmin,,CH-ZH,Adliswil,county,2,CH-ZH,Horgen,region,1,CH-ZH,Zürich,HIGH,1.0,CH-ZH
,Switzerland,Thalwil,Bezirk Horgen,Zurich,18510,Zurich,City,,Zurich,,,,,,,,,,localadmin,,CH-ZH,Thalwil,county,2,CH-ZH,Horgen,region,1,CH-ZH,Zürich,HIGH,1.0,CH-ZH
,Switzerland,Richterswil,Bezirk Horgen,Zurich,14378,Zurich,City,,Zurich,,,,,,,,,,localadmin,,CH-ZH,Richterswil,county,2,CH-ZH,Horgen,region,1,CH-ZH,Zürich,HIGH,1.0,CH-ZH
,Switzerland,Kilchberg (ZH),Bezirk Horgen,Zurich,9479,Zurich,Commune,,Zurich,,,,,,,,,,localadmin,,CH-ZH,Kilchberg (ZH),county,2,CH-ZH,Horgen,region,1,CH-ZH,Zürich,HIGH,1.0,CH-ZH
,Switzerland,Langnau am Albis,Bezirk Horgen,Zurich,8222,Zurich,Commune,,Zurich,,,,,,,,,,localadmin,,CH-ZH,Langnau am Albis,county,2,CH-ZH,Horgen,region,1,CH-ZH,Zürich,HIGH,1.0,CH-ZH
,Switzerland,Rüschlikon,Bezirk Horgen,Zurich,6400,Zurich,Commune,,Zurich,,,,,,,,,,localadmin,,CH-ZH,Rüschlikon,county,2,CH-ZH,Horgen,region,1,CH-ZH,Zürich,HIGH,1.0,CH-ZH
,Switzerland,Oberrieden,Bezirk Horgen,Zurich,5391,Zurich,Commune,,Zurich,,,,,,,,,,localadmin,,CH-ZH,Oberrieden,county,2,CH-ZH,Horgen,region,1,CH-ZH,Zürich,HIGH,1.0,CH-ZH
,Switzerland,Küsnacht (ZH),Bezirk Meilen,Zurich,15158,Zurich,City,,Zurich,,,,,,,,,,localadmin,,CH-ZH,Küsnacht (ZH),county,2,CH-ZH,Meilen,region,1,CH-ZH,Zürich,HIGH,1.0,CH-ZH
,Switzerland,Stäfa,Bezirk Meilen,Zurich,15150,Zurich,City,,Zurich,,,,,,,,,,localadmin,,CH-ZH,Stäfa,county,2,CH-ZH,Meilen,region,1,CH-ZH,Zürich,HIGH,1.0,CH-ZH
,Switzerland,Meilen,Bezirk Meilen,Zurich,14842,Zurich,City,,Zurich,,,,,,,,,,county,2,CH-ZH,Meilen,county,2,CH-ZH,Meilen,region,1,CH-ZH,Zürich,HIGH,1.0,CH-ZH
,Switzerland,Zollikon,Bezirk Meilen,Zurich,13579,Zurich,City,,Zurich,,,,,,,,,,localadmin,,CH-ZH,Zollikon,county,2,CH-ZH,Meilen,region,1,CH-ZH,Zürich,HIGH,1.0,CH-ZH
,Switzerland,Männedorf,Bezirk Meilen,Zurich,11764,Zurich,City,,Zurich,,,,,,,,,,localadmin,,CH-ZH,Männedorf,county,2,CH-ZH,Meilen,region,1,CH-ZH,Zürich,HIGH,1.0,CH-ZH
,Switzerland,Hombrechtikon,Bezirk Meilen,Zurich,9175,Zurich,Commune,,Zurich,,,,,,,,,,localadmin,,CH-ZH,Hombrechtikon,county,2,CH-ZH,Meilen,region,1,CH-ZH,Zürich,HIGH,1.0,CH-ZH
,Switzerland,Herrliberg,Bezirk Meilen,Zurich,6779,Zurich,Commune,,Zurich,,,,,,,,,,localadmin,,CH-ZH,Herrliberg,county,2,CH-ZH,Meilen,region,1,CH-ZH,Zürich,HIGH,1.0,CH-ZH
,Switzerland,Uetikon am See,Bezirk Meilen,Zurich,6663,Zurich,Commune,,Zurich,,,,,,,,,,localadmin,,CH-ZH,Uetikon am See,county,2,CH-ZH,Meilen,region,1,CH-ZH,Zürich,HIGH,1.0,CH-ZH
,Switzerland,Zumikon,Bezirk Meilen,Zurich,5753,Zurich,Commune,,Zurich,,,,,,,,,,localadmin,,CH-ZH,Zumikon,county,2,CH-ZH,Meilen,region,1,CH-ZH,Zürich,HIGH,1.0,CH-ZH
,Switzerland,Erlenbach (ZH),Bezirk Meilen,Zurich,5503,Zurich,Commune,,Zurich,,,,,,,,,,localadmin,,CH-ZH,Erlenbach (ZH),county,2,CH-ZH,Meilen,region,1,CH-ZH,Zürich,HIGH,1.0,CH-ZH
,Switzerland,Oetwil am See,Bezirk Meilen,Zurich,5150,Zurich,Commune,,Zurich,,,,,,,,,,localadmin,,CH-ZH,Oetwil am See,county,2,CH-ZH,Meilen,region,1,CH-ZH,Zürich,HIGH,1.0,CH-ZH
,Switzerland,Illnau-Effretikon (incl. Kyburg),Bezirk Pfäffikon,Zurich,17749,Zurich,City,,Zurich,,,,,,,,,,localadmin,,CH-ZH,Illnau-Effretikon,county,2,CH-ZH,Pfäffikon,region,1,CH-ZH,Zürich,HIGH,1.0,CH-ZH
,Switzerland,Pfäffikon,Bezirk Pfäffikon,Zurich,12748,Zurich,City,,Zurich,,,,,,,,,,localadmin,,CH-ZH,Pfäffikon,county,2,CH-ZH,Pfäffikon,region,1,CH-ZH,Zürich,HIGH,1.0,CH-ZH
,Switzerland,Fehraltorf,Bezirk Pfäffikon,Zurich,6883,Zurich,Commune,,Zurich,,,,,,,,,,localadmin,,CH-ZH,Fehraltorf,county,2,CH-ZH,Pfäffikon,region,1,CH-ZH,Zürich,HIGH,1.0,CH-ZH
,Switzerland,Lindau,Bezirk Pfäffikon,Zurich,5865,Zurich,Commune,,Zurich,,,,,,,,,,localadmin,,CH-ZH,Lindau,county,2,CH-ZH,Pfäffikon,region,1,CH-ZH,Zürich,HIGH,1.0,CH-ZH
,Switzerland,Bauma (incl. Sternenberg),Bezirk Pfäffikon,Zurich,5110,Zurich,Commune,,Zurich,,,,,,,,,,localadmin,,CH-ZH,Bauma,county,2,CH-ZH,Pfäffikon,region,1,CH-ZH,Zürich,HIGH,1.0,CH-ZH
,Switzerland,Russikon,Bezirk Pfäffikon,Zurich,4633,Zurich,Commune,,Zurich,,,,,,,,,,localadmin,,CH-ZH,Russikon,county,2,CH-ZH,Pfäffikon,region,1,CH-ZH,Zürich,HIGH,1.0,CH-ZH
,Switzerland,Hittnau,Bezirk Pfäffikon,Zurich,3968,Zurich,Commune,,Zurich,,,,,,,,,,localadmin,,CH-ZH,Hittnau,county,2,CH-ZH,Pfäffikon,region,1,CH-ZH,Zürich,HIGH,1.0,CH-ZH
,Switzerland,Weisslingen,Bezirk Pfäffikon,Zurich,3496,Zurich,Commune,,Zurich,,,,,,,,,,localadmin,,CH-ZH,Weisslingen,county,2,CH-ZH,Pfäffikon,region,1,CH-ZH,Zürich,HIGH,1.0,CH-ZH
,Switzerland,Wila,Bezirk Pfäffikon,Zurich,2113,Zurich,Commune,,Zurich,,,,,,,,,,localadmin,,CH-ZH,Wila,county,2,CH-ZH,Pfäffikon,region,1,CH-ZH,Zürich,HIGH,1.0,CH-ZH
,Switzerland,Wildberg,Bezirk Pfäffikon,Zurich,1013,Zurich,Commune,,Zurich,,,,,,,,,,localadmin,,CH-ZH,Wildberg,county,2,CH-ZH,Pfäffikon,region,1,CH-ZH,Zürich,HIGH,1.0,CH-ZH
,Switzerland,Uster,Bezirk Uster,Zurich,36555,Zurich,City,,Zurich,,,,,,,,,,localadmin,,CH-ZH,Uster,county,2,CH-ZH,Uster,region,1,CH-ZH,Zürich,HIGH,1.0,CH-ZH
,Switzerland,Dübendorf,Bezirk Uster,Zurich,32547,Zurich,City,,Zurich,,,,,,,,,,localadmin,,CH-ZH,Dübendorf,county,2,CH-ZH,Uster,region,1,CH-ZH,Zürich,HIGH,1.0,CH-ZH
,Switzerland,Volketswil,Bezirk Uster,Zurich,19850,Zurich,City,,Zurich,,,,,,,,,,localadmin,,CH-ZH,Volketswil,county,2,CH-ZH,Uster,region,1,CH-ZH,Zürich,HIGH,1.0,CH-ZH
,Switzerland,Maur,Bezirk Uster,Zurich,10882,Zurich,Commune,,Zurich,,,,,,,,,,localadmin,,CH-ZH,Maur,county,2,CH-ZH,Uster,region,1,CH-ZH,Zürich,HIGH,1.0,CH-ZH
,Switzerland,Fällanden,Bezirk Uster,Zurich,9634,Zurich,Commune,,Zurich,,,,,,,,,,localadmin,,CH-ZH,Fällanden,county,2,CH-ZH,Uster,region,1,CH-ZH,Zürich,HIGH,1.0,CH-ZH
,Switzerland,Egg,Bezirk Uster,Zurich,8813,Zurich,Commune,,Zurich,,,,,,,,,,locality,,CH-ZH,Egg,county,2,CH-ZH,Horgen,region,1,CH-ZH,Zürich,HIGH,1.0,CH-ZH
,Switzerland,Wangen-Brüttisellen,Bezirk Uster,Zurich,8289,Zurich,Commune,,Zurich,,,,,,,,,,localadmin,,CH-ZH,Wangen-Brüttisellen,county,2,CH-ZH,Uster,region,1,CH-ZH,Zürich,HIGH,1.0,CH-ZH
,Switzerland,Greifensee,Bezirk Uster,Zurich,5419,Zurich,City,,Zurich,,,,,,,,,,localadmin,,CH-ZH,Greifensee,county,2,CH-ZH,Uster,region,1,CH-ZH,Zürich,HIGH,1.0,CH-ZH
,Switzerland,Schwerzenbach,Bezirk Uster,Zurich,5248,Zurich,Commune,,Zurich,,,,,,,,,,localadmin,,CH-ZH,Schwerzenbach,county,2,CH-ZH,Uster,region,1,CH-ZH,Zürich,HIGH,1.0,CH-ZH
,Switzerland,Mönchaltorf,Bezirk Uster,Zurich,4309,Zurich,Commune,,Zurich,,,,,,,,,,localadmin,,CH-ZH,Mönchaltorf,county,2,CH-ZH,Uster,region,1,CH-ZH,Zürich,HIGH,1.0,CH-ZH
,Switzerland,Winterthur,Bezirk Winterthur,Zurich,120344,Zurich,City,,Zurich,,,,,,,,,,localadmin,,CH-ZH,Winterthur,county,2,CH-ZH,Winterthur,region,1,CH-ZH,Zürich,HIGH,1.0,CH-ZH
,Switzerland,Seuzach,Bezirk Winterthur,Zurich,7990,Zurich,Commune,,Zurich,,,,,,,,,,localadmin,,CH-ZH,Seuzach,county,2,CH-ZH,Winterthur,region,1,CH-ZH,Zürich,HIGH,1.0,CH-ZH
,Switzerland,Zell (ZH),Bezirk Winterthur,Zurich,6806,Zurich,Commune,,Zurich,,,,,,,,,,localadmin,,CH-ZH,Zell (ZH),county,2,CH-ZH,Winterthur,region,1,CH-ZH,Zürich,HIGH,1.0,CH-ZH
,Switzerland,Wiesendangen (incl. Bertschikon),Bezirk Winterthur,Zurich,6798,Zurich,Commune,,Zurich,,,,,,,,,,localadmin,,CH-ZH,Wiesendangen,county,2,CH-ZH,Winterthur,region,1,CH-ZH,Zürich,HIGH,1.0,CH-ZH
,Switzerland,Neftenbach,Bezirk Winterthur,Zurich,5766,Zurich,Commune,,Zurich,,,,,,,,,,localadmin,,CH-ZH,Neftenbach,county,2,CH-ZH,Winterthur,region,1,CH-ZH,Zürich,HIGH,1.0,CH-ZH
,Switzerland,Turbenthal,Bezirk Winterthur,Zurich,5300,Zurich,Commune,,Zurich,,,,,,,,,,localadmin,,CH-ZH,Turbenthal,county,2,CH-ZH,Winterthur,region,1,CH-ZH,Zürich,HIGH,1.0,CH-ZH
,Switzerland,Elgg (incl. Hofstetten),Bezirk Winterthur,Zurich,5174,Zurich,City,,Zurich,,,,,,,,,,localadmin,,CH-ZH,Elgg,county,2,CH-ZH,Winterthur,region,1,CH-ZH,Zürich,HIGH,1.0,CH-ZH
,Switzerland,Pfungen,Bezirk Winterthur,Zurich,4151,Zurich,Commune,,Zurich,,,,,,,,,,localadmin,,CH-ZH,Pfungen,county,2,CH-ZH,Winterthur,region,1,CH-ZH,Zürich,HIGH,1.0,CH-ZH
,Switzerland,Elsau,Bezirk Winterthur,Zurich,3896,Zurich,Commune,,Zurich,,,,,,,,,,localadmin,,CH-ZH,Elsau,county,2,CH-ZH,Winterthur,region,1,CH-ZH,Zürich,HIGH,1.0,CH-ZH
,Switzerland,Hettlingen,Bezirk Winterthur,Zurich,3226,Zurich,Commune,,Zurich,,,,,,,,,,localadmin,,CH-ZH,Hettlingen,county,2,CH-ZH,Winterthur,region,1,CH-ZH,Zürich,HIGH,1.0,CH-ZH
,Switzerland,Rickenbach (ZH),Bezirk Winterthur,Zurich,2850,Zurich,Commune,,Zurich,,,,,,,,,,locality,,CH-ZH,Rickenbach,county,2,CH-ZH,Affoltern,region,1,CH-ZH,Zürich,HIGH,1.0,CH-ZH
,Switzerland,Brütten,Bezirk Winterthur,Zurich,2246,Zurich,Commune,,Zurich,,,,,,,,,,localadmin,,CH-ZH,Brütten,county,2,CH-ZH,Winterthur,region,1,CH-ZH,Zürich,HIGH,1.0,CH-ZH
,Switzerland,Dinhard,Bezirk Winterthur,Zurich,1731,Zurich,Commune,,Zurich,,,,,,,,,,localadmin,,CH-ZH,Dinhard,county,2,CH-ZH,Winterthur,region,1,CH-ZH,Zürich,HIGH,1.0,CH-ZH
,Switzerland,Hagenbuch,Bezirk Winterthur,Zurich,1168,Zurich,Commune,,Zurich,,,,,,,,,,localadmin,,CH-ZH,Hagenbuch,county,2,CH-ZH,Winterthur,region,1,CH-ZH,Zürich,HIGH,1.0,CH-ZH
,Switzerland,Dägerlen,Bezirk Winterthur,Zurich,1159,Zurich,Commune,,Zurich,,,,,,,,,,localadmin,,CH-ZH,Dägerlen,county,2,CH-ZH,Winterthur,region,1,CH-ZH,Zürich,HIGH,1.0,CH-ZH
,Switzerland,Ellikon an der Thur,Bezirk Winterthur,Zurich,1023,Zurich,Commune,,Zurich,,,,,,,,,,localadmin,,CH-ZH,Ellikon an der Thur,county,2,CH-ZH,Winterthur,region,1,CH-ZH,Zürich,HIGH,1.0,CH-ZH
,Switzerland,Dättlikon,Bezirk Winterthur,Zurich,839,Zurich,Commune,,Zurich,,,,,,,,,,localadmin,,CH-ZH,Dättlikon,county,2,CH-ZH,Winterthur,region,1,CH-ZH,Zürich,HIGH,1.0,CH-ZH
,Switzerland,Schlatt (ZH),Bezirk Winterthur,Zurich,785,Zurich,Commune,,Zurich,,,,,,,,,,localadmin,,CH-ZH,Schlatt (ZH),county,2,CH-ZH,Winterthur,region,1,CH-ZH,Zürich,HIGH,1.0,CH-ZH
,Switzerland,Altikon,Bezirk Winterthur,Zurich,774,Zurich,Commune,,Zurich,,,,,,,,,,localadmin,,CH-ZH,Altikon,county,2,CH-ZH,Winterthur,region,1,CH-ZH,Zürich,HIGH,1.0,CH-ZH
,Switzerland,Zürich [Zurich],Bezirk Zürich [Zurich],Zurich,436370,Zurich,City,,Zurich,,,,,,,,,,,,,,,,,,region,1,CH-ZH,Zürich,NONE,0.0,CH-ZH
