Country,Distri rrondissement/County,State/Region (ISO 3166-2),Abv,Subregion,Pop,Type,Metro Area,Sub Country,lookup,Census Year,,Subtype,Admin Level,Region (ISO 3166-2),Primary Name,fixlater,,,Direct Subtype,Direct Admin,Direct Region ISO,Direct Primary,County Subtype,County Admin,County Region ISO,County Primary,Region Subtype,Region Admin,Region Region ISO,Region Primary,Confidence,Score,Resolved Region ISO
Algeria,Adrar,Adrar,,,64781,Province Capital,,,#N/A,2008,AdrarAlgeria,county,2,DZ-01,Daïra Adrar,,,,region,1,DZ-01,Adrar,,,,,region,1,DZ-01,Adrar,HIGH,1.0,DZ-01
Algeria,Aoulef,Adrar,,,21723,Commune,,,#N/A,2008,AdrarAlgeria,locality,,DZ-01,Aoulef,,,,locality,,DZ-01,Aoulef,,,,,region,1,DZ-01,Adrar,HIGH,1.0,DZ-01
Algeria,Reggane,Adrar,,,20402,Commune,,,#N/A,2008,AdrarAlgeria,county,2,DZ-01,Daïra de Reggane,,,,county,2,DZ-01,Daïra de Reggane,,,,,region,1,DZ-01,Adrar,HIGH,1.0,DZ-01
Algeria,Tamekten,Adrar,,,18598,Commune,,,#N/A,2008,AdrarAlgeria,locality,,DZ-01,Timokten,,,,locality,,DZ-01,Timokten,,,,,region,1,DZ-01,Adrar,HIGH,1.0,DZ-01
Algeria,Zaouiet Kounta,Adrar,,,17116,Commune,,,#N/A,2008,AdrarAlgeria,locality,,DZ-01,زاوية كنتة,,,,locality,,DZ-01,زاوية كنتة,,,,,region,1,DZ-01,Adrar,HIGH,1.0,DZ-01
Algeria,In Zghmir,Adrar,,,16185,Commune,,,#N/A,2008,AdrarAlgeria,locality,,DZ-01,إن زغمير,,,,locality,,DZ-01,إن زغمير,,,,,region,1,DZ-01,Adrar,HIGH,1.0,DZ-01
Algeria,Tsabit,Adrar,,,14895,Commune,,,#N/A,2008,AdrarAlgeria,county,2,DZ-01,Daïra Tsabit,,,,county,2,DZ-01,Daïra Tsabit,,,,,region,1,DZ-01,Adrar,HIGH,1.0,DZ-01
Algeria,Ouled Ahmed Tammi,Adrar,,,13547,Commune,,,#N/A,2008,AdrarAlgeria,locality,,DZ-01,أولاد أحمد تيمي,,,,locality,,DZ-01,أولاد أحمد تيمي,,,,,region,1,DZ-01,Adrar,HIGH,1.0,DZ-01
Algeria,Sali,Adrar,,,13138,Commune,,,#N/A,2008,AdrarAlgeria,locality,,DZ-01,سالي,,,,locality,,DZ-01,سالي,,,,,region,1,DZ-01,Adrar,HIGH,1.0,DZ-01
Algeria,Talmine,Adrar,,,12768,Commune,,,#N/A,2008,AdrarAlgeria,,,,,,,,,,,,,,,,region,1,DZ-01,Adrar,NONE,0.0,DZ-01
Algeria,Fenoughil,Adrar,,,11793,Commune,,,#N/A,2008,AdrarAlgeria,locality,,DZ-01,فنوغيل,,,,locality,,DZ-01,فنوغيل,,,,,region,1,DZ-01,Adrar,HIGH,1.0,DZ-01
Algeria,Akabli,Adrar,,,10171,Commune,,,#N/A,2008,AdrarAlgeria,locality,,DZ-01,Akabli,,,,locality,,DZ-01,Akabli,,,,,region,1,DZ-01,Adrar,HIGH,1.0,DZ-01
Algeria,Bouda,Adrar,,,9938,Commune,,,#N/A,2008,AdrarAlgeria,locality,,DZ-01,Bouda,,,,locality,,DZ-01,Bouda,,,,,region,1,DZ-01,Adrar,HIGH,1.0,DZ-01
Algeria,Tamantit,Adrar,,,9481,Commune,,,#N/A,2008,AdrarAlgeria,locality,,DZ-01,تامنطيت,,,,locality,,DZ-01,تامنطيت,,,,,region,1,DZ-01,Adrar,HIGH,1.0,DZ-01
Algeria,Deldoul,Adrar,,,8647,Commune,,,#N/A,2008,AdrarAlgeria,,,,,,,,,,,,,,,,region,1,DZ-01,Adrar,NONE,0.0,DZ-01
Algeria,Metarfa,Adrar,,,8438,Commune,,,#N/A,2008,AdrarAlgeria,,,,,,,,,,,,,,,,region,1,DZ-01,Adrar,NONE,0.0,DZ-01
Algeria,Tamest,Adrar,,,8266,Commune,,,#N/A,2008,AdrarAlgeria,locality,,DZ-01,تامست,,,,locality,,DZ-01,تامست,,,,,region,1,DZ-01,Adrar,HIGH,1.0,DZ-01
Algeria,Ouled Saïd,Adrar,,,8219,Commune,,,#N/A,2008,AdrarAlgeria,,,,,,,,,,,,,,,,region,1,DZ-01,Adrar,NONE,0.0,DZ-01
Algeria,Ouled Aïssa,Adrar,,,7034,Commune,,,#N/A,2008,AdrarAlgeria,,,,,,,,,,,,,,,,region,1,DZ-01,Adrar,NONE,0.0,DZ-01
Algeria,Ksar Kaddour,Adrar,,,4742,Commune,,,#N/A,2008,AdrarAlgeria,,,,,,,,,,,,,,,,region,1,DZ-01,Adrar,NONE,0.0,DZ-01
Algeria,Timiaouine,Adrar,,,4493,Commune,,,#N/A,2008,AdrarAlgeria,,,,,,,,,,,,,,,,region,1,DZ-01,Adrar,NONE,0.0,DZ-01
Algeria,Tit,Adrar,,,4417,Commune,,,#N/A,2008,AdrarAlgeria,locality,,DZ-01,Tit,,,,locality,,DZ-01,Tit,,,,,region,1,DZ-01,Adrar,HIGH,1.0,DZ-01
Algeria,Sebaa,Adrar,,,2312,Commune,,,#N/A,2008,AdrarAlgeria,locality,,DZ-01,Sebaa,,,,locality,,DZ-01,Sebaa,,,,,region,1,DZ-01,Adrar,HIGH,1.0,DZ-01
Algeria,Khemis Miliana,Aïn Defla,,,84574,Commune,,,#N/A,2008,Aïn DeflaAlgeria,locality,,DZ-44,Khemis Milana,,,,locality,,DZ-44,Khemis Milana,,,,,region,1,DZ-44,Aïn Defla,HIGH,1.0,DZ-44
Algeria,Aïn Defla,Aïn Defla,,,65453,Province Capital,,,#N/A,2008,Aïn DeflaAlgeria,county,2,DZ-44,Daïra Aïn Defla,,,,region,1,DZ-44,Aïn Defla,,,,,region,1,DZ-44,Aïn Defla,HIGH,1.0,DZ-44
Algeria,El Attaf,Aïn Defla,,,57737,Commune,,,#N/A,2008,Aïn DeflaAlgeria,locality,,DZ-44,El Attaf,,,,locality,,DZ-44,El Attaf,,,,,region,1,DZ-44,Aïn Defla,HIGH,1.0,DZ-44
Algeria,Miliana,Aïn Defla,,,44201,Commune,,,#N/A,2008,Aïn DeflaAlgeria,locality,,DZ-44,Miliana,,,,locality,,DZ-44,Miliana,,,,,region,1,DZ-44,Aïn Defla,HIGH,1.0,DZ-44
Algeria,El Abadia,Aïn Defla,,,40697,Commune,,,#N/A,2008,Aïn DeflaAlgeria,locality,,DZ-44,El Abadia,,,,locality,,DZ-44,El Abadia,,,,,region,1,DZ-44,Aïn Defla,HIGH,1.0,DZ-44
Algeria,Djelida,Aïn Defla,,,36076,Commune,,,#N/A,2008,Aïn DeflaAlgeria,locality,,DZ-44,Djelida,,,,locality,,DZ-44,Djelida,,,,,region,1,DZ-44,Aïn Defla,HIGH,1.0,DZ-44
Algeria,El Amra,Aïn Defla,,,31073,Commune,,,#N/A,2008,Aïn DeflaAlgeria,locality,,DZ-44,El Amra,,,,locality,,DZ-44,El Amra,,,,,region,1,DZ-44,Aïn Defla,HIGH,1.0,DZ-44
Algeria,Djendel,Aïn Defla,,,30170,Commune,,,#N/A,2008,Aïn DeflaAlgeria,locality,,DZ-44,Djendel,,,,locality,,DZ-44,Djendel,,,,,region,1,DZ-44,Aïn Defla,HIGH,1.0,DZ-44
Algeria,Bourached,Aïn Defla,,,29680,Commune,,,#N/A,2008,Aïn DeflaAlgeria,locality,,DZ-44,Bourached,,,,locality,,DZ-44,Bourached,,,,,region,1,DZ-44,Aïn Defla,HIGH,1.0,DZ-44
Algeria,Arib,Aïn Defla,,,24980,Commune,,,#N/A,2008,Aïn DeflaAlgeria,locality,,DZ-44,Arib,,,,locality,,DZ-44,Arib,,,,,region,1,DZ-44,Aïn Defla,HIGH,1.0,DZ-44
Algeria,Tacheta Zougagha,Aïn Defla,,,23397,Commune,,,#N/A,2008,Aïn DeflaAlgeria,locality,,DZ-44,Tacheta Zoughagha,,,,locality,,DZ-44,Tacheta Zoughagha,,,,,region,1,DZ-44,Aïn Defla,HIGH,1.0,DZ-44
Algeria,Rouina,Aïn Defla,,,21572,Commune,,,#N/A,2008,Aïn DeflaAlgeria,locality,,DZ-44,Rouina,,,,locality,,DZ-44,Rouina,,,,,region,1,DZ-44,Aïn Defla,HIGH,1.0,DZ-44
Algeria,Aïn Soltane,Aïn Defla,,,21565,Commune,,,#N/A,2008,Aïn DeflaAlgeria,locality,,DZ-44,Aïn Soltane,,,,locality,,DZ-44,Aïn Soltane,,,,,region,1,DZ-44,Aïn Defla,HIGH,1.0,DZ-44
Algeria,Boumedfaa,Aïn Defla,,,21509,Commune,,,#N/A,2008,Aïn DeflaAlgeria,locality,,DZ-44,Boumedfaa,,,,locality,,DZ-44,Boumedfaa,,,,,region,1,DZ-44,Aïn Defla,HIGH,1.0,DZ-44
Algeria,Sidi Lakhdar,Aïn Defla,,,20970,Commune,,,#N/A,2008,Aïn DeflaAlgeria,locality,,DZ-44,Sidi Lakhdar,,,,locality,,DZ-44,Sidi Lakhdar,,,,,region,1,DZ-44,Aïn Defla,HIGH,1.0,DZ-44
Algeria,Mekhatria,Aïn Defla,,,17129,Commune,,,#N/A,2008,Aïn DeflaAlgeria,locality,,DZ-44,Mekhatria,,,,locality,,DZ-44,Mekhatria,,,,,region,1,DZ-44,Aïn Defla,HIGH,1.0,DZ-44
Algeria,Tiberkanine,Aïn Defla,,,16384,Commune,,,#N/A,2008,Aïn DeflaAlgeria,locality,,DZ-44,Tiberkanine,,,,locality,,DZ-44,Tiberkanine,,,,,region,1,DZ-44,Aïn Defla,HIGH,1.0,DZ-44
Algeria,Aïn Bouyahia,Aïn Defla,,,16213,Commune,,,#N/A,2008,Aïn DeflaAlgeria,locality,,DZ-44,Aïn Bouyahia,,,,locality,,DZ-44,Aïn Bouyahia,,,,,region,1,DZ-44,Aïn Defla,HIGH,1.0,DZ-44
Algeria,Aïn Lechiekh,Aïn Defla,,,13745,Commune,,,#N/A,2008,Aïn DeflaAlgeria,locality,,DZ-44,Aïn Lachiakh,,,,locality,,DZ-44,Aïn Lachiakh,,,,,region,1,DZ-44,Aïn Defla,HIGH,1.0,DZ-44
Algeria,Oued Chorfa,Aïn Defla,,,13353,Commune,,,#N/A,2008,Aïn DeflaAlgeria,locality,,DZ-44,Oued Chorfa وادي الشرفاء,,,,locality,,DZ-44,Oued Chorfa وادي الشرفاء,,,,,region,1,DZ-44,Aïn Defla,HIGH,1.0,DZ-44
Algeria,Zeddine,Aïn Defla,,,12870,Commune,,,#N/A,2008,Aïn DeflaAlgeria,locality,,DZ-44,Zeddine,,,,locality,,DZ-44,Zeddine,,,,,region,1,DZ-44,Aïn Defla,HIGH,1.0,DZ-44
Algeria,Bir Ould Khelifa,Aïn Defla,,,12846,Commune,,,#N/A,2008,Aïn DeflaAlgeria,locality,,DZ-44,Bir Ouled Khelifa,,,,locality,,DZ-44,Bir Ouled Khelifa,,,,,region,1,DZ-44,Aïn Defla,HIGH,1.0,DZ-44
Algeria,El Maine,Aïn Defla,,,12835,Commune,,,#N/A,2008,Aïn DeflaAlgeria,locality,,DZ-44,El Maine,,,,locality,,DZ-44,El Maine,,,,,region,1,DZ-44,Aïn Defla,HIGH,1.0,DZ-44
Algeria,Tarik Ibn Ziad,Aïn Defla,,,10285,Commune,,,#N/A,2008,Aïn DeflaAlgeria,locality,,DZ-44,Tarik Ibn Ziad,,,,locality,,DZ-44,Tarik Ibn Ziad,,,,,region,1,DZ-44,Aïn Defla,HIGH,1.0,DZ-44
Algeria,Oued Djemaa,Aïn Defla,,,9555,Commune,,,#N/A,2008,Aïn DeflaAlgeria,locality,,DZ-44,وادي الجمعة,,,,locality,,DZ-44,وادي الجمعة,,,,,region,1,DZ-44,Aïn Defla,HIGH,1.0,DZ-44
Algeria,Aïn Torki,Aïn Defla,,,9546,Commune,,,#N/A,2008,Aïn DeflaAlgeria,locality,,DZ-44,Aïn Torki,,,,locality,,DZ-44,Aïn Torki,,,,,region,1,DZ-44,Aïn Defla,HIGH,1.0,DZ-44
Algeria,Ben Allal,Aïn Defla,,,9068,Commune,,,#N/A,2008,Aïn DeflaAlgeria,locality,,DZ-44,Ben Allel,,,,locality,,DZ-44,Ben Allel,,,,,region,1,DZ-44,Aïn Defla,HIGH,1.0,DZ-44
Algeria,Bordj Emir Khaled,Aïn Defla,,,8598,Commune,,,#N/A,2008,Aïn DeflaAlgeria,locality,,DZ-44,Bordj Emir Khaled,,,,locality,,DZ-44,Bordj Emir Khaled,,,,,region,1,DZ-44,Aïn Defla,HIGH,1.0,DZ-44
Algeria,Hammam Righa,Aïn Defla,,,8488,Commune,,,#N/A,2008,Aïn DeflaAlgeria,locality,,DZ-44,Hammam Righa,,,,locality,,DZ-44,Hammam Righa,,,,,region,1,DZ-44,Aïn Defla,HIGH,1.0,DZ-44
Algeria,Hoceinia,Aïn Defla,,,7799,Commune,,,#N/A,2008,Aïn DeflaAlgeria,locality,,DZ-44,Hoceinia,,,,locality,,DZ-44,Hoceinia,,,,,region,1,DZ-44,Aïn Defla,HIGH,1.0,DZ-44
Algeria,Djemaa Ouled Cheikh,Aïn Defla,,,7534,Commune,,,#N/A,2008,Aïn DeflaAlgeria,locality,,DZ-44,Djemaa Ouled Cheikh,,,,locality,,DZ-44,Djemaa Ouled Cheikh,,,,,region,1,DZ-44,Aïn Defla,HIGH,1.0,DZ-44
Algeria,Bathia,Aïn Defla,,,6238,Commune,,,#N/A,2008,Aïn DeflaAlgeria,county,2,DZ-44,Daïra Bathia,,,,county,2,DZ-44,Daïra Bathia,,,,,region,1,DZ-44,Aïn Defla,HIGH,1.0,DZ-44
Algeria,Aïn Benian,Aïn Defla,,,5488,Commune,,,#N/A,2008,Aïn DeflaAlgeria,locality,,DZ-44,Aïn Benian,,,,locality,,DZ-44,Aïn Benian,,,,,region,1,DZ-44,Aïn Defla,HIGH,1.0,DZ-44
Algeria,Belaas,Aïn Defla,,,5452,Commune,,,#N/A,2008,Aïn DeflaAlgeria,locality,,DZ-44,Belaas,,,,locality,,DZ-44,Belaas,,,,,region,1,DZ-44,Aïn Defla,HIGH,1.0,DZ-44
Algeria,Birbouche,Aïn Defla,,,4897,Commune,,,#N/A,2008,Aïn DeflaAlgeria,locality,,DZ-44,Birbouche,,,,locality,,DZ-44,Birbouche,,,,,region,1,DZ-44,Aïn Defla,HIGH,1.0,DZ-44
Algeria,El Hassania,Aïn Defla,,,4037,Commune,,,#N/A,2008,Aïn DeflaAlgeria,locality,,DZ-44,El Hassania,,,,locality,,DZ-44,El Hassania,,,,,region,1,DZ-44,Aïn Defla,HIGH,1.0,DZ-44
Algeria,Aïn Témouchent,Aïn Témouchent,,,72940,Province Capital,,,#N/A,2008,Aïn TémouchentAlgeria,locality,,DZ-46,Aïn Témouchent ⵄⵉⵏ ⵜⵉⵎⵓⵛⴻⵏⵜ عين تموشنت,,,,region,1,DZ-46,Aïn Témouchent,,,,,region,1,DZ-46,Aïn Témouchent,HIGH,1.0,DZ-46
Algeria,Béni Saf,Aïn Témouchent,,,42284,Commune,,,#N/A,2008,Aïn TémouchentAlgeria,locality,,DZ-46,Beni Saf ⴱⴻⵏⵉ ⵚⴰⴼ بني صاف,,,,locality,,DZ-46,Beni Saf ⴱⴻⵏⵉ ⵚⴰⴼ بني صاف,,,,,region,1,DZ-46,Aïn Témouchent,HIGH,1.0,DZ-46
Algeria,Hammam Bou Hadjar,Aïn Témouchent,,,33939,Commune,,,#N/A,2008,Aïn TémouchentAlgeria,county,2,DZ-46,Daïra Hammam Bou Hadjar,,,,county,2,DZ-46,Daïra Hammam Bou Hadjar,,,,,region,1,DZ-46,Aïn Témouchent,HIGH,1.0,DZ-46
Algeria,El Amria,Aïn Témouchent,,,21790,Commune,,,#N/A,2008,Aïn TémouchentAlgeria,county,2,DZ-46,Daïra El Amria,,,,county,2,DZ-46,Daïra El Amria,,,,,region,1,DZ-46,Aïn Témouchent,HIGH,1.0,DZ-46
Algeria,El Malah,Aïn Témouchent,,,18287,Commune,,,#N/A,2008,Aïn TémouchentAlgeria,county,2,DZ-46,Daïra El Malah,,,,county,2,DZ-46,Daïra El Malah,,,,,region,1,DZ-46,Aïn Témouchent,HIGH,1.0,DZ-46
Algeria,Oulhaça El Gheraba,Aïn Témouchent,,,15419,Commune,,,#N/A,2008,Aïn TémouchentAlgeria,locality,,DZ-46,Oulhaça El Gheraba ⵓⵍⵀⴰⵚⴰ ⵍⵖⴻⵔⵔⴰⴱⴰ (ⵙⵉⴳⴰ) ولهاصة الغرابة,,,,locality,,DZ-46,Oulhaça El Gheraba ⵓⵍⵀⴰⵚⴰ ⵍⵖⴻⵔⵔⴰⴱⴰ (ⵙⵉⴳⴰ) ولهاصة الغرابة,,,,,region,1,DZ-46,Aïn Témouchent,HIGH,1.0,DZ-46
Algeria,Aïn El Arbaa,Aïn Témouchent,,,15140,Commune,,,#N/A,2008,Aïn TémouchentAlgeria,locality,,DZ-46,Ain El Arbaa ⵉⵏ ⵍⵍⴰⵔⴱⵄⴰ عين الأربعاء,,,,locality,,DZ-46,Ain El Arbaa ⵉⵏ ⵍⵍⴰⵔⴱⵄⴰ عين الأربعاء,,,,,region,1,DZ-46,Aïn Témouchent,HIGH,1.0,DZ-46
Algeria,Chaabat El Leham,Aïn Témouchent,,,14219,Commune,,,#N/A,2008,Aïn TémouchentAlgeria,locality,,DZ-46,Chaabet El Leham ⵛⴰⵄⴱⴰⵜ ⵍⵃⴻⵎ شعبة اللحم,,,,locality,,DZ-46,Chaabet El Leham ⵛⴰⵄⴱⴰⵜ ⵍⵃⴻⵎ شعبة اللحم,,,,,region,1,DZ-46,Aïn Témouchent,HIGH,1.0,DZ-46
Algeria,Sidi Ben Adda,Aïn Témouchent,,,13598,Commune,,,#N/A,2008,Aïn TémouchentAlgeria,locality,,DZ-46,Sidi Ben Adda ⵙⵉⴷⵉ ⴱⴻⵏ ⴰⴷⴷⴰ سيدي بن عدة,,,,locality,,DZ-46,Sidi Ben Adda ⵙⵉⴷⵉ ⴱⴻⵏ ⴰⴷⴷⴰ سيدي بن عدة,,,,,region,1,DZ-46,Aïn Témouchent,HIGH,1.0,DZ-46
Algeria,Aïn Tolba,Aïn Témouchent,,,12485,Commune,,,#N/A,2008,Aïn TémouchentAlgeria,locality,,DZ-46,Ain Tolba ⵉⵏ ⵟⴻⵍⴱⴰ عين الطلبة,,,,locality,,DZ-46,Ain Tolba ⵉⵏ ⵟⴻⵍⴱⴰ عين الطلبة,,,,,region,1,DZ-46,Aïn Témouchent,HIGH,1.0,DZ-46
Algeria,Hassi El Ghella,Aïn Témouchent,,,11700,Commune,,,#N/A,2008,Aïn TémouchentAlgeria,locality,,DZ-46,Hassi El Ghella ⵃⴰⵙⵉ ⵍⵖⴻⵍⵍⴰ حاسي الغلة,,,,locality,,DZ-46,Hassi El Ghella ⵃⴰⵙⵉ ⵍⵖⴻⵍⵍⴰ حاسي الغلة,,,,,region,1,DZ-46,Aïn Témouchent,HIGH,1.0,DZ-46
Algeria,Oued Sabah,Aïn Témouchent,,,10527,Commune,,,#N/A,2008,Aïn TémouchentAlgeria,locality,,DZ-46,Oued Sebbah ⵡⴻⴷ ⵚⴻⴱⴱⴰⵃ وادي الصباح,,,,locality,,DZ-46,Oued Sebbah ⵡⴻⴷ ⵚⴻⴱⴱⴰⵃ وادي الصباح,,,,,region,1,DZ-46,Aïn Témouchent,HIGH,1.0,DZ-46
Algeria,Tamzoura,Aïn Témouchent,,,9599,Commune,,,#N/A,2008,Aïn TémouchentAlgeria,locality,,DZ-46,Tamzoura ⵜⴰⵎⵣⵓⵖⴰ تامزوغة,,,,locality,,DZ-46,Tamzoura ⵜⴰⵎⵣⵓⵖⴰ تامزوغة,,,,,region,1,DZ-46,Aïn Témouchent,HIGH,1.0,DZ-46
Algeria,Ouled Kihal,Aïn Témouchent,,,9256,Commune,,,#N/A,2008,Aïn TémouchentAlgeria,locality,,DZ-46,Ouled Kihal ⵡⵍⴰⴷ ⴽⵉⵃⴻⵍ اولاد كيحل,,,,locality,,DZ-46,Ouled Kihal ⵡⵍⴰⴷ ⴽⵉⵃⴻⵍ اولاد كيحل,,,,,region,1,DZ-46,Aïn Témouchent,HIGH,1.0,DZ-46
Algeria,Terga,Aïn Témouchent,,,8083,Commune,,,#N/A,2008,Aïn TémouchentAlgeria,locality,,DZ-46,تارقة,,,,locality,,DZ-46,تارقة,,,,,region,1,DZ-46,Aïn Témouchent,HIGH,1.0,DZ-46
Algeria,Sidi Safi,Aïn Témouchent,,,7512,Commune,,,#N/A,2008,Aïn TémouchentAlgeria,locality,,DZ-46,Sidi Safi ⵙⵉⴷⵉ ⵚⵚⴰⴼⵉ سيدي الصافي,,,,locality,,DZ-46,Sidi Safi ⵙⵉⴷⵉ ⵚⵚⴰⴼⵉ سيدي الصافي,,,,,region,1,DZ-46,Aïn Témouchent,HIGH,1.0,DZ-46
Algeria,Aghlal,Aïn Témouchent,,,6899,Commune,,,#N/A,2008,Aïn TémouchentAlgeria,locality,,DZ-46,Aghlal ⴰⵖⵍⴰⵍ آغلال,,,,locality,,DZ-46,Aghlal ⴰⵖⵍⴰⵍ آغلال,,,,,region,1,DZ-46,Aïn Témouchent,HIGH,1.0,DZ-46
Algeria,Ouled Boudjemaa,Aïn Témouchent,,,6013,Commune,,,#N/A,2008,Aïn TémouchentAlgeria,locality,,DZ-46,Ouled Boudjemaa ⵡⵍⴰⴷ ⴱⵓⵊⴻⵎⵄⴰ أولاد بوجمعة,,,,locality,,DZ-46,Ouled Boudjemaa ⵡⵍⴰⴷ ⴱⵓⵊⴻⵎⵄⴰ أولاد بوجمعة,,,,,region,1,DZ-46,Aïn Témouchent,HIGH,1.0,DZ-46
Algeria,Sidi Ouriache,Aïn Témouchent,,,5871,Commune,,,#N/A,2008,Aïn TémouchentAlgeria,locality,,DZ-46,Sidi Ouriache ⵙⵉⴷⵉ ⵓⵔⵢⴰⵛ سيدي ورياش,,,,locality,,DZ-46,Sidi Ouriache ⵙⵉⴷⵉ ⵓⵔⵢⴰⵛ سيدي ورياش,,,,,region,1,DZ-46,Aïn Témouchent,HIGH,1.0,DZ-46
Algeria,Aoubellil,Aïn Témouchent,,,4722,Commune,,,#N/A,2008,Aïn TémouchentAlgeria,locality,,DZ-46,Aoubellil ⴰⵡⴱⴻⵍⵍⵉⵍ عقب الليل,,,,locality,,DZ-46,Aoubellil ⴰⵡⴱⴻⵍⵍⵉⵍ عقب الليل,,,,,region,1,DZ-46,Aïn Témouchent,HIGH,1.0,DZ-46
Algeria,El Emir Abdelkader,Aïn Témouchent,,,4396,Commune,,,#N/A,2008,Aïn TémouchentAlgeria,locality,,DZ-46,El Emir Abdelkader ⵍⵎⵉⵔ ⵄⴻⴱⴷⴻⵍⵇⴰⴷⴻⵔ الأمير عبد القادر,,,,locality,,DZ-46,El Emir Abdelkader ⵍⵎⵉⵔ ⵄⴻⴱⴷⴻⵍⵇⴰⴷⴻⵔ الأمير عبد القادر,,,,,region,1,DZ-46,Aïn Témouchent,HIGH,1.0,DZ-46
Algeria,Bouzedjar,Aïn Témouchent,,,4387,Commune,,,#N/A,2008,Aïn TémouchentAlgeria,locality,,DZ-46,Bouzedjar ⴱⵓⵣⴻⴵⴵⴰⵔ بوزجار,,,,locality,,DZ-46,Bouzedjar ⴱⵓⵣⴻⴵⴵⴰⵔ بوزجار,,,,,region,1,DZ-46,Aïn Témouchent,HIGH,1.0,DZ-46
Algeria,El Messaid,Aïn Témouchent,,,4362,Commune,,,#N/A,2008,Aïn TémouchentAlgeria,locality,,DZ-46,El Messaid ⵍⵎⴻⵙⵄⵉⴷ المساعيد,,,,locality,,DZ-46,El Messaid ⵍⵎⴻⵙⵄⵉⴷ المساعيد,,,,,region,1,DZ-46,Aïn Témouchent,HIGH,1.0,DZ-46
Algeria,Oued Berkeche,Aïn Témouchent,,,4192,Commune,,,#N/A,2008,Aïn TémouchentAlgeria,locality,,DZ-46,Oued Berkeche ⵡⴻⴷ ⴱⴻⵔⵇⴻⵛ وادي برقش,,,,locality,,DZ-46,Oued Berkeche ⵡⴻⴷ ⴱⴻⵔⵇⴻⵛ وادي برقش,,,,,region,1,DZ-46,Aïn Témouchent,HIGH,1.0,DZ-46
Algeria,Hassasna,Aïn Témouchent,,,4039,Commune,,,#N/A,2008,Aïn TémouchentAlgeria,locality,,DZ-46,Hassasna ⵃⴻⵙⵙⴰⵙⵏⴰ الحساسنة,,,,locality,,DZ-46,Hassasna ⵃⴻⵙⵙⴰⵙⵏⴰ الحساسنة,,,,,region,1,DZ-46,Aïn Témouchent,HIGH,1.0,DZ-46
Algeria,Aïn Kihal,Aïn Témouchent,,,3477,Commune,,,#N/A,2008,Aïn TémouchentAlgeria,locality,,DZ-46,Ain Kihal ⵄⵉⵏ ⴽⵉⵃⴻⵍ عين الكيحل,,,,locality,,DZ-46,Ain Kihal ⵄⵉⵏ ⴽⵉⵃⴻⵍ عين الكيحل,,,,,region,1,DZ-46,Aïn Témouchent,HIGH,1.0,DZ-46
Algeria,Sidi Boumedienne,Aïn Témouchent,,,3264,Commune,,,#N/A,2008,Aïn TémouchentAlgeria,locality,,DZ-46,Sidi Boumediene ⵙⵉⴷⵉ ⴱⵓⵎⴻⴷⵢⴻⵏ سيدي بومدين,,,,locality,,DZ-46,Sidi Boumediene ⵙⵉⴷⵉ ⴱⵓⵎⴻⴷⵢⴻⵏ سيدي بومدين,,,,,region,1,DZ-46,Aïn Témouchent,HIGH,1.0,DZ-46
Algeria,Chentouf,Aïn Témouchent,,,2839,Commune,,,#N/A,2008,Aïn TémouchentAlgeria,locality,,DZ-46,Chentouf ⵛⴻⵏⵜⵓⴼ شنتوف,,,,locality,,DZ-46,Chentouf ⵛⴻⵏⵜⵓⴼ شنتوف,,,,,region,1,DZ-46,Aïn Témouchent,HIGH,1.0,DZ-46
Algeria,Bordj El Kiffan,Algiers,,,151950,Commune,Algiers,,Algiers,2008,AlgiersAlgeria,locality,,DZ-16,Bordj El Kiffan ⵓⵣⵎⵉⵔ ⵏ ⴰⵎⴰⵏ برج الكيفان,,,,locality,,DZ-16,Bordj El Kiffan ⵓⵣⵎⵉⵔ ⵏ ⴰⵎⴰⵏ برج الكيفان,,,,,region,1,DZ-16,Alger,HIGH,1.0,DZ-16
Algeria,Djasr Kasentina,Algiers,,,133247,Commune,Algiers,,Algiers,2008,AlgiersAlgeria,locality,,DZ-16,Djasr Kasentina ⴵⵙⴻⵔ ⴽⵙⴻⵏⵟⵉⵏⴰ جسر قسنطينة,,,,locality,,DZ-16,Djasr Kasentina ⴵⵙⴻⵔ ⴽⵙⴻⵏⵟⵉⵏⴰ جسر قسنطينة,,,,,region,1,DZ-16,Alger,HIGH,1.0,DZ-16
Algeria,Baraki,Algiers,,,116375,Commune,Algiers,,Algiers,2008,AlgiersAlgeria,county,2,DZ-16,Baraki,,,,county,2,DZ-16,Baraki,,,,,region,1,DZ-16,Alger,HIGH,1.0,DZ-16
Algeria,Les Eucalyptus,Algiers,,,116107,Commune,Algiers,,Algiers,2008,AlgiersAlgeria,locality,,DZ-16,Eucalyptus ⴰⴽⴰⵍⵉⵜⵓⵙ الكاليتوس,,,,locality,,DZ-16,Eucalyptus ⴰⴽⴰⵍⵉⵜⵓⵙ الكاليتوس,,,,,region,1,DZ-16,Alger,HIGH,1.0,DZ-16
Algeria,Kouba,Algiers,,,104708,Commune,Algiers,,Algiers,2008,AlgiersAlgeria,locality,,DZ-16,Kouba ⵍⵇⵓⴱⴱⴰ القبة,,,,locality,,DZ-16,Kouba ⵍⵇⵓⴱⴱⴰ القبة,,,,,region,1,DZ-16,Alger,HIGH,1.0,DZ-16
Algeria,Bab Ezzouar,Algiers,,,96597,Commune,Algiers,,Algiers,2008,AlgiersAlgeria,locality,,DZ-16,Bab Ezzouar ⴱⴰⴱ ⵣⵡⴰⵔ باب الزوار,,,,locality,,DZ-16,Bab Ezzouar ⴱⴰⴱ ⵣⵡⴰⵔ باب الزوار,,,,,region,1,DZ-16,Alger,HIGH,1.0,DZ-16
Algeria,Bachdjerrah,Algiers,,,93289,Commune,Algiers,,Algiers,2008,AlgiersAlgeria,locality,,DZ-16,Bachdjarah ⴱⴰⵛ ⴵⴻⵔⵔⴰⵃ باش جراح,,,,locality,,DZ-16,Bachdjarah ⴱⴰⵛ ⴵⴻⵔⵔⴰⵃ باش جراح,,,,,region,1,DZ-16,Alger,HIGH,1.0,DZ-16
Algeria,Reghaïa,Algiers,,,85452,Commune,Algiers,,Algiers,2008,AlgiersAlgeria,locality,,DZ-16,Reghaïa ⵔⵖⴰⵢⴰ الرغاية,,,,locality,,DZ-16,Reghaïa ⵔⵖⴰⵢⴰ الرغاية,,,,,region,1,DZ-16,Alger,HIGH,1.0,DZ-16
Algeria,Bouzereah,Algiers,,,83797,Commune,Algiers,,Algiers,2008,AlgiersAlgeria,locality,,DZ-16,Bouzaréah,,,,locality,,DZ-16,Bouzaréah,,,,,region,1,DZ-16,Alger,LOW,0.889,DZ-16
Algeria,Chéraga,Algiers,,,80824,Commune,Algiers,,Algiers,2008,AlgiersAlgeria,locality,,DZ-16,Chéraga,,,,locality,,DZ-16,Chéraga,,,,,region,1,DZ-16,Alger,HIGH,1.0,DZ-16
Algeria,Dar El Beïda,Algiers,,,80033,Commune,Algiers,,Algiers,2008,AlgiersAlgeria,locality,,DZ-16,Dar El Beïda ⴷⴰⵔ ⵍⴱⴻⵢⴷⴰ الدار البيضاء,,,,locality,,DZ-16,Dar El Beïda ⴷⴰⵔ ⵍⴱⴻⵢⴷⴰ الدار البيضاء,,,,,region,1,DZ-16,Alger,HIGH,1.0,DZ-16
Algeria,Birkhadem,Algiers,,,77749,Commune,Algiers,,Algiers,2008,AlgiersAlgeria,locality,,DZ-16,Birkhadem ⴱⵉⵔ ⵅⴰⴷⴻⵎ بئر خادم,,,,locality,,DZ-16,Birkhadem ⴱⵉⵔ ⵅⴰⴷⴻⵎ بئر خادم,,,,,region,1,DZ-16,Alger,HIGH,1.0,DZ-16
Algeria,El Djazaïr,Algiers,,,75541,Commune,Algiers,,Algiers,2008,AlgiersAlgeria,,,,,x,,,,,,,,,,,region,1,DZ-16,Alger,NONE,0.0,DZ-16
Algeria,Bourouba,Algiers,,,71661,Commune,Algiers,,Algiers,2008,AlgiersAlgeria,locality,,DZ-16,Bourouba,,,,locality,,DZ-16,Bourouba,,,,,region,1,DZ-16,Alger,HIGH,1.0,DZ-16
Algeria,Aïn Benian,Algiers,,,68354,Commune,Algiers,,Algiers,2008,AlgiersAlgeria,locality,,DZ-16,Aïn Benian ⵉⵏ ⴱⴻⵏⵢⴰⵏ عين البنيان,,,,locality,,DZ-16,Aïn Benian ⵉⵏ ⴱⴻⵏⵢⴰⵏ عين البنيان,,,,,region,1,DZ-16,Alger,HIGH,1.0,DZ-16
Algeria,Sidi M'Hamed,Algiers,,,67873,Commune,Algiers,,Algiers,2008,AlgiersAlgeria,locality,,DZ-16,ⵙⵉⴷⵉ ⵎⵃⴻⵎⵎⴻⴷ سيدي امحمد,,,,locality,,DZ-16,ⵙⵉⴷⵉ ⵎⵃⴻⵎⵎⴻⴷ سيدي امحمد,,,,,region,1,DZ-16,Alger,HIGH,1.0,DZ-16
Algeria,Bab El Oued,Algiers,,,64732,Commune,Algiers,,Algiers,2008,AlgiersAlgeria,county,2,DZ-16,Daïra Bab El Oued,,,,county,2,DZ-16,Daïra Bab El Oued,,,,,region,1,DZ-16,Alger,HIGH,1.0,DZ-16
Algeria,Mohammadia,Algiers,,,62543,Commune,Algiers,,Algiers,2008,AlgiersAlgeria,locality,,DZ-16,Mohammadia ⵎⵓⵃⴻⵎⵎⴰⴷⵢⴰ المحمدية,,,,locality,,DZ-16,Mohammadia ⵎⵓⵃⴻⵎⵎⴰⴷⵢⴰ المحمدية,,,,,region,1,DZ-16,Alger,HIGH,1.0,DZ-16
Algeria,Rouïba,Algiers,,,61984,Commune,Algiers,,Algiers,2008,AlgiersAlgeria,county,2,DZ-16,Rouiba,,,,county,2,DZ-16,Rouiba,,,,,region,1,DZ-16,Alger,HIGH,1.0,DZ-16
Algeria,Douera,Algiers,,,56998,Commune,Algiers,,Algiers,2008,AlgiersAlgeria,locality,,DZ-16,Douera ⴷⵡⵉⵔⴰ دويرة,,,,locality,,DZ-16,Douera ⴷⵡⵉⵔⴰ دويرة,,,,,region,1,DZ-16,Alger,HIGH,1.0,DZ-16
Algeria,Bordj El Bahri,Algiers,,,52816,Commune,Algiers,,Algiers,2008,AlgiersAlgeria,locality,,DZ-16,Bordj El Bahri ⴱⴻⵔⴵ ⵍⴱⴻⵃⵔⵉ برج البحري,,,,locality,,DZ-16,Bordj El Bahri ⴱⴻⵔⴵ ⵍⴱⴻⵃⵔⵉ برج البحري,,,,,region,1,DZ-16,Alger,HIGH,1.0,DZ-16
Algeria,Zéralda,Algiers,,,51552,Commune,Algiers,,Algiers,2008,AlgiersAlgeria,locality,,DZ-16,Zéralda,,,,locality,,DZ-16,Zéralda,,,,,region,1,DZ-16,Alger,HIGH,1.0,DZ-16
Algeria,El Harrach,Algiers,,,48869,Commune,Algiers,,Algiers,2008,AlgiersAlgeria,county,2,DZ-16,El Harrach,,,,county,2,DZ-16,El Harrach,,,,,region,1,DZ-16,Alger,HIGH,1.0,DZ-16
Algeria,Staoueli,Algiers,,,47664,Commune,Algiers,,Algiers,2008,AlgiersAlgeria,locality,,DZ-16,Staoueli ⵙⵜⴰⵡⴰⵍⵉ سطاوالي,,,,locality,,DZ-16,Staoueli ⵙⵜⴰⵡⴰⵍⵉ سطاوالي,,,,,region,1,DZ-16,Alger,HIGH,1.0,DZ-16
Algeria,El Biar,Algiers,,,47332,Commune,Algiers,,Algiers,2008,AlgiersAlgeria,locality,,DZ-16,El Biar ⵍⴻⴱⵢⴰⵔ الأبيار,,,,locality,,DZ-16,El Biar ⵍⴻⴱⵢⴰⵔ الأبيار,,,,,region,1,DZ-16,Alger,HIGH,1.0,DZ-16
Algeria,Oued Koriche,Algiers,,,46182,Commune,Algiers,,Algiers,2008,AlgiersAlgeria,locality,,DZ-16,Oued Koriche ⵡⴻⴷ ⵇⵓⵔⴻⵢⵛ وادي قريش,,,,locality,,DZ-16,Oued Koriche ⵡⴻⴷ ⵇⵓⵔⴻⵢⵛ وادي قريش,,,,,region,1,DZ-16,Alger,HIGH,1.0,DZ-16
Algeria,Bir Mourad Raïs,Algiers,,,45345,Commune,Algiers,,Algiers,2008,AlgiersAlgeria,county,2,DZ-16,Bir Mourad Raïs,,,,county,2,DZ-16,Bir Mourad Raïs,,,,,region,1,DZ-16,Alger,HIGH,1.0,DZ-16
Algeria,Draria,Algiers,,,44141,Commune,Algiers,,Algiers,2008,AlgiersAlgeria,county,2,DZ-16,Draria,,,,county,2,DZ-16,Draria,,,,,region,1,DZ-16,Alger,HIGH,1.0,DZ-16
Algeria,Mohamed Belouizdad (Hamma Annassers),Algiers,,,44050,Commune,Algiers,,Algiers,2008,AlgiersAlgeria,locality,,DZ-16,Belouizdad ⴱⴻⵍⵡⴻⵣⴷⴰⴷ بلوزداد,,,,locality,,DZ-16,Belouizdad ⴱⴻⵍⵡⴻⵣⴷⴰⴷ بلوزداد,,,,,region,1,DZ-16,Alger,HIGH,1.0,DZ-16
Algeria,Bologhine,Algiers,,,43835,Commune,Algiers,,Algiers,2008,AlgiersAlgeria,locality,,DZ-16,Bologhine ⴱⵓⵍⵓⵖⵉⵏ بولوغين,,,,locality,,DZ-16,Bologhine ⴱⵓⵍⵓⵖⵉⵏ بولوغين,,,,,region,1,DZ-16,Alger,HIGH,1.0,DZ-16
Algeria,Saoula,Algiers,,,41690,Commune,Algiers,,Algiers,2008,AlgiersAlgeria,locality,,DZ-16,Saoula ⵙⴰⵡⵍⴰ سحاولة,,,,locality,,DZ-16,Saoula ⵙⴰⵡⵍⴰ سحاولة,,,,,region,1,DZ-16,Alger,HIGH,1.0,DZ-16
Algeria,El Achour,Algiers,,,41070,Commune,Algiers,,Algiers,2008,AlgiersAlgeria,locality,,DZ-16,El Achour ⵍⴰⵛⵓⵔ العاشور,,,,locality,,DZ-16,El Achour ⵍⴰⵛⵓⵔ العاشور,,,,,region,1,DZ-16,Alger,HIGH,1.0,DZ-16
Algeria,Sidi Moussa,Algiers,,,40750,Commune,Algiers,,Algiers,2008,AlgiersAlgeria,locality,,DZ-16,Sidi Moussa ⵙⵉⴷⵉ ⵎⵓⵙⴰ سيدي موسى,,,,locality,,DZ-16,Sidi Moussa ⵙⵉⴷⵉ ⵎⵓⵙⴰ سيدي موسى,,,,,region,1,DZ-16,Alger,HIGH,1.0,DZ-16
Algeria,Hussein Dey,Algiers,,,40698,Commune,Algiers,,Algiers,2008,AlgiersAlgeria,county,2,DZ-16,Hussein Dey,,,,county,2,DZ-16,Hussein Dey,,,,,region,1,DZ-16,Alger,HIGH,1.0,DZ-16
Algeria,El Madania,Algiers,,,40301,Commune,Algiers,,Algiers,2008,AlgiersAlgeria,locality,,DZ-16,El Madania ⵍⵎⴰⴷⴰⵏⵢⴰ المدنية,,,,locality,,DZ-16,El Madania ⵍⵎⴰⴷⴰⵏⵢⴰ المدنية,,,,,region,1,DZ-16,Alger,HIGH,1.0,DZ-16
Algeria,Casbah,Algiers,,,36762,Commune,Algiers,,Algiers,2008,AlgiersAlgeria,locality,,DZ-16,القصبة,,,,locality,,DZ-16,القصبة,,,,,region,1,DZ-16,Alger,HIGH,1.0,DZ-16
Algeria,Beni Messous,Algiers,,,36191,Commune,Algiers,,Algiers,2008,AlgiersAlgeria,locality,,DZ-16,Beni Messous ⴱⵏⵉ ⵎⴻⵙⵙⵓⵙ بني مسوس,,,,locality,,DZ-16,Beni Messous ⴱⵏⵉ ⵎⴻⵙⵙⵓⵙ بني مسوس,,,,,region,1,DZ-16,Alger,HIGH,1.0,DZ-16
Algeria,Dely Ibrahim,Algiers,,,35230,Commune,Algiers,,Algiers,2008,AlgiersAlgeria,locality,,DZ-16,Dély Brahim ⴷⴻⵍⵉ ⴱⵔⴰⵀⵉⵎ دالي إبراھيم,,,,locality,,DZ-16,Dély Brahim ⴷⴻⵍⵉ ⴱⵔⴰⵀⵉⵎ دالي إبراھيم,,,,,region,1,DZ-16,Alger,HIGH,1.0,DZ-16
Algeria,Aïn Taya,Algiers,,,34501,Commune,Algiers,,Algiers,2008,AlgiersAlgeria,locality,,DZ-16,Aïn Taya ⵉⵏ ⵟⴰⵢⴰ عين طاية,,,,locality,,DZ-16,Aïn Taya ⵉⵏ ⵟⴰⵢⴰ عين طاية,,,,,region,1,DZ-16,Alger,HIGH,1.0,DZ-16
Algeria,Oued Smar,Algiers,,,32062,Commune,Algiers,,Algiers,2008,AlgiersAlgeria,locality,,DZ-16,Oued Smar ⵡⴻⴷ ⵙⵎⴰⵔ وادي السمار,,,,locality,,DZ-16,Oued Smar ⵡⴻⴷ ⵙⵎⴰⵔ وادي السمار,,,,,region,1,DZ-16,Alger,HIGH,1.0,DZ-16
Algeria,El Magharia,Algiers,,,31453,Commune,Algiers,,Algiers,2008,AlgiersAlgeria,locality,,DZ-16,El Magharia ⵍⵎⴰⵖⴰⵔⵢⴰ المقارية,,,,locality,,DZ-16,El Magharia ⵍⵎⴰⵖⴰⵔⵢⴰ المقارية,,,,,region,1,DZ-16,Alger,HIGH,1.0,DZ-16
Algeria,Hydra,Algiers,,,31133,Commune,Algiers,,Algiers,2008,AlgiersAlgeria,locality,,DZ-16,Hydra ⵃⵉⴷⵔⴰ حيدرة,,,,locality,,DZ-16,Hydra ⵃⵉⴷⵔⴰ حيدرة,,,,,region,1,DZ-16,Alger,HIGH,1.0,DZ-16
Algeria,Birtouta,Algiers,,,30575,Commune,Algiers,,Algiers,2008,AlgiersAlgeria,county,2,DZ-16,Birtouta,,,,county,2,DZ-16,Birtouta,,,,,region,1,DZ-16,Alger,HIGH,1.0,DZ-16
Algeria,Raïs Hamidou,Algiers,,,28451,Commune,Algiers,,Algiers,2008,AlgiersAlgeria,locality,,DZ-16,ⵔⴰⵢⵙ ⵃⴰⵎⵉⴷⵓ الرئيس حميدو,,,,locality,,DZ-16,ⵔⴰⵢⵙ ⵃⴰⵎⵉⴷⵓ الرئيس حميدو,,,,,region,1,DZ-16,Alger,HIGH,1.0,DZ-16
Algeria,Khraicia,Algiers,,,27910,Commune,Algiers,,Algiers,2008,AlgiersAlgeria,locality,,DZ-16,Khraïssia ⵅⵔⴰⵢⵙⵢⴰ خرايسية,,,,locality,,DZ-16,Khraïssia ⵅⵔⴰⵢⵙⵢⴰ خرايسية,,,,,region,1,DZ-16,Alger,HIGH,1.0,DZ-16
Algeria,Ouled Fayet,Algiers,,,27593,Commune,Algiers,,Algiers,2008,AlgiersAlgeria,locality,,DZ-16,Ouled Fayet ⵓⵍⴻⴷ ⴼⴰⵢⴻⵜ أولاد فايت,,,,locality,,DZ-16,Ouled Fayet ⵓⵍⴻⴷ ⴼⴰⵢⴻⵜ أولاد فايت,,,,,region,1,DZ-16,Alger,HIGH,1.0,DZ-16
Algeria,Harraoua,Algiers,,,27565,Commune,Algiers,,Algiers,2008,AlgiersAlgeria,,,,,x,,,,,,,,,,,region,1,DZ-16,Alger,NONE,0.0,DZ-16
Algeria,El Hammamet,Algiers,,,23990,Commune,Algiers,,Algiers,2008,AlgiersAlgeria,locality,,DZ-16,Hammamet,,,,locality,,DZ-16,Hammamet,,,,,region,1,DZ-16,Alger,HIGH,1.0,DZ-16
Algeria,Baba Hassen,Algiers,,,23756,Commune,Algiers,,Algiers,2008,AlgiersAlgeria,locality,,DZ-16,Baba Hassen ⴱⴰⴱⴰ ⵃⴰⵙⴻⵏ بابا حسن,,,,locality,,DZ-16,Baba Hassen ⴱⴰⴱⴰ ⵃⴰⵙⴻⵏ بابا حسن,,,,,region,1,DZ-16,Alger,HIGH,1.0,DZ-16
Algeria,El Mouradia,Algiers,,,22813,Commune,Algiers,,Algiers,2008,AlgiersAlgeria,locality,,DZ-16,El Mouradia ⵍⵎⵓⵔⴰⴷⵢⴰ ⵍⵎⵓⵔⴰⴷⵢⴰ,,,,locality,,DZ-16,El Mouradia ⵍⵎⵓⵔⴰⴷⵢⴰ ⵍⵎⵓⵔⴰⴷⵢⴰ,,,,,region,1,DZ-16,Alger,HIGH,1.0,DZ-16
Algeria,Mahelma,Algiers,,,20758,Commune,Algiers,,Algiers,2008,AlgiersAlgeria,locality,,DZ-16,Mâalma ⵎⴰⵃⴻⵍⵎⴰ محالمة,,,,locality,,DZ-16,Mâalma ⵎⴰⵃⴻⵍⵎⴰ محالمة,,,,,region,1,DZ-16,Alger,HIGH,1.0,DZ-16
Algeria,Ouled Chebel,Algiers,,,20006,Commune,Algiers,,Algiers,2008,AlgiersAlgeria,locality,,DZ-16,Ouled Chebel,,,,locality,,DZ-16,Ouled Chebel,,,,,region,1,DZ-16,Alger,HIGH,1.0,DZ-16
Algeria,Ben Aknoun,Algiers,,,18838,Commune,Algiers,,Algiers,2008,AlgiersAlgeria,locality,,DZ-16,Ben Aknoun ⴱⴻⵏ ⴰⴽⵏⵓⵏ بن عكنون,,,,locality,,DZ-16,Ben Aknoun ⴱⴻⵏ ⴰⴽⵏⵓⵏ بن عكنون,,,,,region,1,DZ-16,Alger,HIGH,1.0,DZ-16
Algeria,Souidania,Algiers,,,17105,Commune,Algiers,,Algiers,2008,AlgiersAlgeria,locality,,DZ-16,Souidania ⵙⵡⵉⴷⴰⵏⵢⴰ السويدانية,,,,locality,,DZ-16,Souidania ⵙⵡⵉⴷⴰⵏⵢⴰ السويدانية,,,,,region,1,DZ-16,Alger,HIGH,1.0,DZ-16
Algeria,Tessala El Merdja,Algiers,,,15847,Commune,Algiers,,Algiers,2008,AlgiersAlgeria,locality,,DZ-16,Tessala El Merdja ⵜⴰⵍⴰ ⵓⵎⵓⵔⴻⴵ تسالة المرجة,,,,locality,,DZ-16,Tessala El Merdja ⵜⴰⵍⴰ ⵓⵎⵓⵔⴻⴵ تسالة المرجة,,,,,region,1,DZ-16,Alger,HIGH,1.0,DZ-16
Algeria,El Marsa,Algiers,,,12100,Commune,Algiers,,Algiers,2008,AlgiersAlgeria,locality,,DZ-16,El Marsa ⵍⵎⴻⵔⵙⴰ المرسى,,,,locality,,DZ-16,El Marsa ⵍⵎⴻⵔⵙⴰ المرسى,,,,,region,1,DZ-16,Alger,HIGH,1.0,DZ-16
Algeria,Rahmania,Algiers,,,7396,Commune,Algiers,,Algiers,2008,AlgiersAlgeria,locality,,DZ-16,Rahmania ⵔⴰⵃⵎⴰⵏⵢⴰ الرحمانية,,,,locality,,DZ-16,Rahmania ⵔⴰⵃⵎⴰⵏⵢⴰ الرحمانية,,,,,region,1,DZ-16,Alger,HIGH,1.0,DZ-16
Algeria,Annaba,Annaba,,,257359,Province Capital,Annaba,,Annaba,2008,AnnabaAlgeria,county,2,DZ-23,Daïra Annaba,,,,region,1,DZ-23,Annaba,,,,,region,1,DZ-23,Annaba,HIGH,1.0,DZ-23
Algeria,El Bouni,Annaba,,,125265,Commune,Annaba,,Annaba,2008,AnnabaAlgeria,county,2,DZ-23,Daïra El Bouni,,,,county,2,DZ-23,Daïra El Bouni,,,,,region,1,DZ-23,Annaba,HIGH,1.0,DZ-23
Algeria,Sidi Amar,Annaba,,,83254,Commune,Annaba,,Annaba,2008,AnnabaAlgeria,locality,,DZ-23,Sidi Amar ⵙⵉⴷⵉ ⵄⴻⵎⵎⴰⵔ سيدي عمار,,,,locality,,DZ-23,Sidi Amar ⵙⵉⴷⵉ ⵄⴻⵎⵎⴰⵔ سيدي عمار,,,,,region,1,DZ-23,Annaba,HIGH,1.0,DZ-23
Algeria,El Hadjar,Annaba,,,37364,Commune,Annaba,,Annaba,2008,AnnabaAlgeria,locality,,DZ-23,El Hadjar ⵍⵃⴻⴵⴵⴰⵔ الحجار,,,,locality,,DZ-23,El Hadjar ⵍⵃⴻⴵⴵⴰⵔ الحجار,,,,,region,1,DZ-23,Annaba,HIGH,1.0,DZ-23
Algeria,Barrahal,Annaba,,,22631,Commune,,,#N/A,2008,AnnabaAlgeria,,,,,,,,,,,,,,,,region,1,DZ-23,Annaba,NONE,0.0,DZ-23
Algeria,Oued El Aneb,Annaba,,,21088,Commune,,,#N/A,2008,AnnabaAlgeria,locality,,DZ-23,Oued El Aneb ⵡⴻⴷ ⵍⴻⵄⵏⴻⴱ وادي العنب,,,,locality,,DZ-23,Oued El Aneb ⵡⴻⴷ ⵍⴻⵄⵏⴻⴱ وادي العنب,,,,,region,1,DZ-23,Annaba,HIGH,1.0,DZ-23
Algeria,Aïn Berda,Annaba,,,20611,Commune,,,#N/A,2008,AnnabaAlgeria,county,2,DZ-23,Daïra Aïn Berda,,,,county,2,DZ-23,Daïra Aïn Berda,,,,,region,1,DZ-23,Annaba,HIGH,1.0,DZ-23
Algeria,El Eulma,Annaba,,,10316,Commune,,,#N/A,2008,AnnabaAlgeria,,,,,,,,,,,,,,,,region,1,DZ-23,Annaba,NONE,0.0,DZ-23
Algeria,Cheurfa,Annaba,,,9875,Commune,,,#N/A,2008,AnnabaAlgeria,locality,,DZ-23,Cheurfa ⵛⵛⴻⵔⴼⴰ الشرفة,,,,locality,,DZ-23,Cheurfa ⵛⵛⴻⵔⴼⴰ الشرفة,,,,,region,1,DZ-23,Annaba,HIGH,1.0,DZ-23
Algeria,Chetaïbi,Annaba,,,8035,Commune,,,#N/A,2008,AnnabaAlgeria,locality,,DZ-23,Chetaibi ⵛⵟⴰⵢⴱⵉ شطايبي,,,,locality,,DZ-23,Chetaibi ⵛⵟⴰⵢⴱⵉ شطايبي,,,,,region,1,DZ-23,Annaba,HIGH,1.0,DZ-23
Algeria,Seraïdi,Annaba,,,7626,Commune,,,#N/A,2008,AnnabaAlgeria,locality,,DZ-23,Seraïdi ⵙⵔⴰⵢⴷⵉ سرايدي,,,,locality,,DZ-23,Seraïdi ⵙⵔⴰⵢⴷⵉ سرايدي,,,,,region,1,DZ-23,Annaba,HIGH,1.0,DZ-23
Algeria,Treat,Annaba,,,6076,Commune,,,#N/A,2008,AnnabaAlgeria,locality,,DZ-23,Treat ⵜⵔⵉⵄⴰⵜ التريعات,,,,locality,,DZ-23,Treat ⵜⵔⵉⵄⴰⵜ التريعات,,,,,region,1,DZ-23,Annaba,HIGH,1.0,DZ-23
Algeria,Batna,Batna,,,290645,Province Capital,Batna,,Batna,2008,BatnaAlgeria,county,2,DZ-05,Daïra de Batna,,,,region,1,DZ-05,Batna,,,,,region,1,DZ-05,Batna,HIGH,1.0,DZ-05
Algeria,Barika,Batna,,,104388,Commune,,,#N/A,2008,BatnaAlgeria,locality,,DZ-05,Barika ⴱⴰⵔⵉⴽⴰ بريكة,,,,locality,,DZ-05,Barika ⴱⴰⵔⵉⴽⴰ بريكة,,,,,region,1,DZ-05,Batna,HIGH,1.0,DZ-05
Algeria,Aïn Touta,Batna,,,59904,Commune,,,#N/A,2008,BatnaAlgeria,locality,,DZ-05,Aïn Touta ⵉⵏ ⵜⵓⵜⴰ عين التوتة,,,,locality,,DZ-05,Aïn Touta ⵉⵏ ⵜⵓⵜⴰ عين التوتة,,,,,region,1,DZ-05,Batna,HIGH,1.0,DZ-05
Algeria,Merouana,Batna,,,38656,Commune,,,#N/A,2008,BatnaAlgeria,county,2,DZ-05,Daïra de Merouana,,,,county,2,DZ-05,Daïra de Merouana,,,,,region,1,DZ-05,Batna,HIGH,1.0,DZ-05
Algeria,Arris,Batna,,,30207,Commune,,,#N/A,2008,BatnaAlgeria,county,2,DZ-05,Daïra d'Arris,,,,county,2,DZ-05,Daïra d'Arris,,,,,region,1,DZ-05,Batna,HIGH,1.0,DZ-05
Algeria,N'Gaous,Batna,,,29504,Commune,,,#N/A,2008,BatnaAlgeria,locality,,DZ-05,N'Gaous ⵏⴳⴰⵡⴻⵙ نقاوس,,,,locality,,DZ-05,N'Gaous ⵏⴳⴰⵡⴻⵙ نقاوس,,,,,region,1,DZ-05,Batna,HIGH,1.0,DZ-05
Algeria,Tazoult,Batna,,,27493,Commune,,,#N/A,2008,BatnaAlgeria,county,2,DZ-05,Daïra Tazoult,,,,county,2,DZ-05,Daïra Tazoult,,,,,region,1,DZ-05,Batna,HIGH,1.0,DZ-05
Algeria,Ras El Aioun,Batna,,,22551,Commune,,,#N/A,2008,BatnaAlgeria,county,2,DZ-05,Daïra Ras El Aïoun,,,,county,2,DZ-05,Daïra Ras El Aïoun,,,,,region,1,DZ-05,Batna,HIGH,1.0,DZ-05
Algeria,Djezar,Batna,,,22124,Commune,,,#N/A,2008,BatnaAlgeria,county,2,DZ-05,Daïra de Djezzar,,,,county,2,DZ-05,Daïra de Djezzar,,,,,region,1,DZ-05,Batna,HIGH,1.0,DZ-05
Algeria,Oued El Ma,Batna,,,20288,Commune,,,#N/A,2008,BatnaAlgeria,locality,,DZ-05,Oued El Ma ⵉⵖⵣⴻⵔ ⵏ ⵡⴰⵎⴰⵏ وادي الماء,,,,locality,,DZ-05,Oued El Ma ⵉⵖⵣⴻⵔ ⵏ ⵡⴰⵎⴰⵏ وادي الماء,,,,,region,1,DZ-05,Batna,HIGH,1.0,DZ-05
Algeria,Talkhamt,Batna,,,19973,Commune,,,#N/A,2008,BatnaAlgeria,locality,,DZ-05,Talkhamt ⵜⴰⵍⵅⴻⵎⵜ تالخمت,,,,locality,,DZ-05,Talkhamt ⵜⴰⵍⵅⴻⵎⵜ تالخمت,,,,,region,1,DZ-05,Batna,HIGH,1.0,DZ-05
Algeria,Ouled Sellam,Batna,,,19635,Commune,,,#N/A,2008,BatnaAlgeria,locality,,DZ-05,Ouled Sellam ⴰⵢⵜ ⵙⵍⴰⵎ أولاد سلام,,,,locality,,DZ-05,Ouled Sellam ⴰⵢⵜ ⵙⵍⴰⵎ أولاد سلام,,,,,region,1,DZ-05,Batna,HIGH,1.0,DZ-05
Algeria,El Madher,Batna,,,18502,Commune,,,#N/A,2008,BatnaAlgeria,county,2,DZ-05,Daïra d'El Madher,,,,county,2,DZ-05,Daïra d'El Madher,,,,,region,1,DZ-05,Batna,HIGH,1.0,DZ-05
Algeria,Oued Taga,Batna,,,18116,Commune,,,#N/A,2008,BatnaAlgeria,locality,,DZ-05,Oued Taga ⵉⵖⵣⴻⵔ ⵏ-ⵜⴰⵇⵇⴰ وادي الطاقة,,,,locality,,DZ-05,Oued Taga ⵉⵖⵣⴻⵔ ⵏ-ⵜⴰⵇⵇⴰ وادي الطاقة,,,,,region,1,DZ-05,Batna,HIGH,1.0,DZ-05
Algeria,Chemora,Batna,,,17074,Commune,,,#N/A,2008,BatnaAlgeria,county,2,DZ-05,Daïra de Chemora,,,,county,2,DZ-05,Daïra de Chemora,,,,,region,1,DZ-05,Batna,HIGH,1.0,DZ-05
Algeria,Gosbat,Batna,,,17074,Commune,,,#N/A,2008,BatnaAlgeria,locality,,DZ-05,Gosbat ⵜⴰⴽⵙⴻⴱⵜ القصبات,,,,locality,,DZ-05,Gosbat ⵜⴰⴽⵙⴻⴱⵜ القصبات,,,,,region,1,DZ-05,Batna,HIGH,1.0,DZ-05
Algeria,Aïn Djasser,Batna,,,15704,Commune,,,#N/A,2008,BatnaAlgeria,county,2,DZ-05,Daïra de Aïn Djasser,,,,county,2,DZ-05,Daïra de Aïn Djasser,,,,,region,1,DZ-05,Batna,HIGH,1.0,DZ-05
Algeria,Seriana,Batna,,,15445,Commune,,,#N/A,2008,BatnaAlgeria,county,2,DZ-05,Daïra Seriana,,,,county,2,DZ-05,Daïra Seriana,,,,,region,1,DZ-05,Batna,HIGH,1.0,DZ-05
Algeria,Sefiane,Batna,,,14327,Commune,,,#N/A,2008,BatnaAlgeria,locality,,DZ-05,Sefiane ⵙⴻⴼⵢⴰⵏ سفيان,,,,locality,,DZ-05,Sefiane ⵙⴻⴼⵢⴰⵏ سفيان,,,,,region,1,DZ-05,Batna,HIGH,1.0,DZ-05
Algeria,Abdelkader Azil (Metkaouak),Batna,,,14304,Commune,,,#N/A,2008,BatnaAlgeria,locality,,DZ-05,Abdelkader Azil ⴰⵣⵉⵍ ⴰⴱⴷⴻⵍⵇⴰⴷⴻⵔ عزيل عبد القادر,,,,locality,,DZ-05,Abdelkader Azil ⴰⵣⵉⵍ ⴰⴱⴷⴻⵍⵇⴰⴷⴻⵔ عزيل عبد القادر,,,,,region,1,DZ-05,Batna,HIGH,1.0,DZ-05
Algeria,Menaa,Batna,,,13510,Commune,,,#N/A,2008,BatnaAlgeria,locality,,DZ-05,Menaa ⵎⴻⵏⵄⴰ منعة,,,,locality,,DZ-05,Menaa ⵎⴻⵏⵄⴰ منعة,,,,,region,1,DZ-05,Batna,HIGH,1.0,DZ-05
Algeria,Bouzina,Batna,,,13383,Commune,,,#N/A,2008,BatnaAlgeria,locality,,DZ-05,Bouzina ⴱⵓⵣⵉⵏⴰ بوزينة,,,,locality,,DZ-05,Bouzina ⴱⵓⵣⵉⵏⴰ بوزينة,,,,,region,1,DZ-05,Batna,HIGH,1.0,DZ-05
Algeria,Ouled Si Slimane,Batna,,,12473,Commune,,,#N/A,2008,BatnaAlgeria,locality,,DZ-05,Ouled Si Slimane ⴰⵢⵜ ⵙⵉ ⵙⵍⵉⵎⴰⵏ أولاد سي سليمان,,,,locality,,DZ-05,Ouled Si Slimane ⴰⵢⵜ ⵙⵉ ⵙⵍⵉⵎⴰⵏ أولاد سي سليمان,,,,,region,1,DZ-05,Batna,HIGH,1.0,DZ-05
Algeria,Bitam,Batna,,,11855,Commune,,,#N/A,2008,BatnaAlgeria,locality,,DZ-05,Bitam ⴱⵉⵜⴰⵎ بيطام,,,,locality,,DZ-05,Bitam ⴱⵉⵜⴰⵎ بيطام,,,,,region,1,DZ-05,Batna,HIGH,1.0,DZ-05
Algeria,Timgad,Batna,,,11828,Commune,,,#N/A,2008,BatnaAlgeria,county,2,DZ-05,Daïra Timgad,,,,county,2,DZ-05,Daïra Timgad,,,,,region,1,DZ-05,Batna,HIGH,1.0,DZ-05
Algeria,Ouyoun El Assafir,Batna,,,11513,Commune,,,#N/A,2008,BatnaAlgeria,locality,,DZ-05,Ouyoun El Assafir ⵜⵉⵍⵉⵡⴰ ⵢⴻⴼⵔⴰⵅ عيون العصا فير,,,,locality,,DZ-05,Ouyoun El Assafir ⵜⵉⵍⵉⵡⴰ ⵢⴻⴼⵔⴰⵅ عيون العصا فير,,,,,region,1,DZ-05,Batna,HIGH,1.0,DZ-05
Algeria,Teniet El Abed,Batna,,,11388,Commune,,,#N/A,2008,BatnaAlgeria,locality,,DZ-05,Teniet El Abed ⵜⵉⵙⵉⵏⵜ ⵍⵄⴻⴱⴷ ثنية العابد,,,,locality,,DZ-05,Teniet El Abed ⵜⵉⵙⵉⵏⵜ ⵍⵄⴻⴱⴷ ثنية العابد,,,,,region,1,DZ-05,Batna,HIGH,1.0,DZ-05
Algeria,T'Kout,Batna,,,11161,Commune,,,#N/A,2008,BatnaAlgeria,county,2,DZ-05,Daïra T'Kout,,,,county,2,DZ-05,Daïra T'Kout,,,,,region,1,DZ-05,Batna,HIGH,1.0,DZ-05
Algeria,Ouled Fadel,Batna,,,10860,Commune,,,#N/A,2008,BatnaAlgeria,locality,,DZ-05,Ouled Fadel ⴰⵢⵜ ⴼⴰⴷⴻⵍ أولاد فاضل,,,,locality,,DZ-05,Ouled Fadel ⴰⵢⵜ ⴼⴰⴷⴻⵍ أولاد فاضل,,,,,region,1,DZ-05,Batna,HIGH,1.0,DZ-05
Algeria,Aïn Yagout,Batna,,,10856,Commune,,,#N/A,2008,BatnaAlgeria,locality,,DZ-05,Aïn Yagout ⵄⵉⵏ ⵢⴰⴳⵓⵜ عين ياقوت,,,,locality,,DZ-05,Aïn Yagout ⵄⵉⵏ ⵢⴰⴳⵓⵜ عين ياقوت,,,,,region,1,DZ-05,Batna,HIGH,1.0,DZ-05
Algeria,Rahbat,Batna,,,10806,Commune,,,#N/A,2008,BatnaAlgeria,locality,,DZ-05,Rahbat ⵔⴰⵃⴱⴰⵜ الرحبات,,,,locality,,DZ-05,Rahbat ⵔⴰⵃⴱⴰⵜ الرحبات,,,,,region,1,DZ-05,Batna,HIGH,1.0,DZ-05
Algeria,Zanet El Beida,Batna,,,10564,Commune,,,#N/A,2008,BatnaAlgeria,locality,,DZ-05,Zana El Beida ⵜⴰⵣⴰⵏⴻⵜ ⵜⴰⵎⴻⵍⵍⴰⵍⵜ زانة البيضاء,,,,locality,,DZ-05,Zana El Beida ⵜⴰⵣⴰⵏⴻⵜ ⵜⴰⵎⴻⵍⵍⴰⵍⵜ زانة البيضاء,,,,,region,1,DZ-05,Batna,HIGH,1.0,DZ-05
Algeria,Ichmoul,Batna,,,10240,Commune,,,#N/A,2008,BatnaAlgeria,locality,,DZ-05,Ichemoul ⵛ ⵏ ⵓⵍ إشمول,,,,locality,,DZ-05,Ichemoul ⵛ ⵏ ⵓⵍ إشمول,,,,,region,1,DZ-05,Batna,HIGH,1.0,DZ-05
Algeria,Guigba,Batna,,,10225,Commune,,,#N/A,2008,BatnaAlgeria,locality,,DZ-05,Guigba ⴳⵉⴳⴱⴰ القيقبة,,,,locality,,DZ-05,Guigba ⴳⵉⴳⴱⴰ القيقبة,,,,,region,1,DZ-05,Batna,HIGH,1.0,DZ-05
Algeria,Ksar Bellezma,Batna,,,9033,Commune,,,#N/A,2008,BatnaAlgeria,locality,,DZ-05,Ksar Belezma ⴽⵙⴻⵔ ⴱⴻⵍⵍⴻⵣⵎⴰ قصر بلزمة,,,,locality,,DZ-05,Ksar Belezma ⴽⵙⴻⵔ ⴱⴻⵍⵍⴻⵣⵎⴰ قصر بلزمة,,,,,region,1,DZ-05,Batna,HIGH,1.0,DZ-05
Algeria,M'doukel,Batna,,,9010,Commune,,,#N/A,2008,BatnaAlgeria,locality,,DZ-05,M'Doukel ⴰⵎⴷⵓⴽⴻⵍ أمدوكال,,,,locality,,DZ-05,M'Doukel ⴰⵎⴷⵓⴽⴻⵍ أمدوكال,,,,,region,1,DZ-05,Batna,HIGH,1.0,DZ-05
Algeria,Ouled Ammar,Batna,,,8756,Commune,,,#N/A,2008,BatnaAlgeria,locality,,DZ-05,Ouled Ammar ⴰⵢⵜ ⴰⵎⵎⴰⵔ أولاد عمار,,,,locality,,DZ-05,Ouled Ammar ⴰⵢⵜ ⴰⵎⵎⴰⵔ أولاد عمار,,,,,region,1,DZ-05,Batna,HIGH,1.0,DZ-05
Algeria,Taxlent,Batna,,,8605,Commune,,,#N/A,2008,BatnaAlgeria,locality,,DZ-05,Taxlent ⵜⴰⵙⵍⴻⵏⵜ تاكسلانت,,,,locality,,DZ-05,Taxlent ⵜⴰⵙⵍⴻⵏⵜ تاكسلانت,,,,,region,1,DZ-05,Batna,HIGH,1.0,DZ-05
Algeria,Boumaguer,Batna,,,8474,Commune,,,#N/A,2008,BatnaAlgeria,,,,,,,,,,,,,,,,region,1,DZ-05,Batna,NONE,0.0,DZ-05
Algeria,El Hassi,Batna,,,7990,Commune,,,#N/A,2008,BatnaAlgeria,locality,,DZ-05,El Hassi ⵍⵃⴰⵙⵉ الحاسي,,,,locality,,DZ-05,El Hassi ⵍⵃⴰⵙⵉ الحاسي,,,,,region,1,DZ-05,Batna,HIGH,1.0,DZ-05
Algeria,Fesdis,Batna,,,7517,Commune,,,#N/A,2008,BatnaAlgeria,locality,,DZ-05,Fesdis ⴼⴻⵙⴷⵉⵙ فسديس,,,,locality,,DZ-05,Fesdis ⴼⴻⵙⴷⵉⵙ فسديس,,,,,region,1,DZ-05,Batna,HIGH,1.0,DZ-05
Algeria,Ghassira,Batna,,,7327,Commune,,,#N/A,2008,BatnaAlgeria,locality,,DZ-05,Ghassira ⵜⴰⵖⵙⵉⵔⵜ غسيرة,,,,locality,,DZ-05,Ghassira ⵜⴰⵖⵙⵉⵔⵜ غسيرة,,,,,region,1,DZ-05,Batna,HIGH,1.0,DZ-05
Algeria,Oued Chaaba,Batna,,,7236,Commune,,,#N/A,2008,BatnaAlgeria,locality,,DZ-05,Oued Chaaba ⵡⴻⴷ ⵛⴻⵄⴱⴰ وادي الشعبة,,,,locality,,DZ-05,Oued Chaaba ⵡⴻⴷ ⵛⴻⵄⴱⴰ وادي الشعبة,,,,,region,1,DZ-05,Batna,HIGH,1.0,DZ-05
Algeria,Boulhilat,Batna,,,7177,Commune,,,#N/A,2008,BatnaAlgeria,locality,,DZ-05,Boulehilet ⴱⵓⵍⵃⵉⵍⴰⵜ بولهيلات,,,,locality,,DZ-05,Boulehilet ⴱⵓⵍⵃⵉⵍⴰⵜ بولهيلات,,,,,region,1,DZ-05,Batna,HIGH,1.0,DZ-05
Algeria,Tigherghar,Batna,,,6800,Commune,,,#N/A,2008,BatnaAlgeria,locality,,DZ-05,Tigherghar ⵜⵉⵖⴻⵔⵖⴰⵔ تيغرغار,,,,locality,,DZ-05,Tigherghar ⵜⵉⵖⴻⵔⵖⴰⵔ تيغرغار,,,,,region,1,DZ-05,Batna,HIGH,1.0,DZ-05
Algeria,Foum Toub,Batna,,,6025,Commune,,,#N/A,2008,BatnaAlgeria,locality,,DZ-05,Foum Toub ⴼⴻⵎⵜⵓⴱ فم الطوب,,,,locality,,DZ-05,Foum Toub ⴼⴻⵎⵜⵓⴱ فم الطوب,,,,,region,1,DZ-05,Batna,HIGH,1.0,DZ-05
Algeria,Seggana,Batna,,,5769,Commune,,,#N/A,2008,BatnaAlgeria,county,2,DZ-05,Daïra de Seggana,,,,county,2,DZ-05,Daïra de Seggana,,,,,region,1,DZ-05,Batna,HIGH,1.0,DZ-05
Algeria,Chir,Batna,,,5478,Commune,,,#N/A,2008,BatnaAlgeria,locality,,DZ-05,Chir ⵛⵉⵔ شير,,,,locality,,DZ-05,Chir ⵛⵉⵔ شير,,,,,region,1,DZ-05,Batna,HIGH,1.0,DZ-05
Algeria,Lazrou,Batna,,,5143,Commune,,,#N/A,2008,BatnaAlgeria,locality,,DZ-05,Lazrou ⵍⴰⵣⵔⵓ لازرو,,,,locality,,DZ-05,Lazrou ⵍⴰⵣⵔⵓ لازرو,,,,,region,1,DZ-05,Batna,HIGH,1.0,DZ-05
Algeria,Lemsane,Batna,,,5108,Commune,,,#N/A,2008,BatnaAlgeria,locality,,DZ-05,Lemsen ⵍⴻⵎⵙⴰⵏ لمسان,,,,locality,,DZ-05,Lemsen ⵍⴻⵎⵙⴰⵏ لمسان,,,,,region,1,DZ-05,Batna,HIGH,1.0,DZ-05
Algeria,Kimmel,Batna,,,4355,Commune,,,#N/A,2008,BatnaAlgeria,locality,,DZ-05,Kimmel ⴽⵉⵎⴻⵍ كيمل,,,,locality,,DZ-05,Kimmel ⴽⵉⵎⴻⵍ كيمل,,,,,region,1,DZ-05,Batna,HIGH,1.0,DZ-05
Algeria,Tighanimine,Batna,,,4142,Commune,,,#N/A,2008,BatnaAlgeria,locality,,DZ-05,Tighanimine ⵜⵉⵖⴰⵏⵉⵎⵉⵏ تيغانيمين,,,,locality,,DZ-05,Tighanimine ⵜⵉⵖⴰⵏⵉⵎⵉⵏ تيغانيمين,,,,,region,1,DZ-05,Batna,HIGH,1.0,DZ-05
Algeria,Inoughissen,Batna,,,3484,Commune,,,#N/A,2008,BatnaAlgeria,locality,,DZ-05,Inoughissen ⵉⵏⵓⵖⵉⵙⴻⵏ إينوغيسن,,,,locality,,DZ-05,Inoughissen ⵉⵏⵓⵖⵉⵙⴻⵏ إينوغيسن,,,,,region,1,DZ-05,Batna,HIGH,1.0,DZ-05
Algeria,Djerma,Batna,,,3436,Commune,,,#N/A,2008,BatnaAlgeria,locality,,DZ-05,Djerma ⴵⴻⵔⵎⴰ جرمة,,,,locality,,DZ-05,Djerma ⴵⴻⵔⵎⴰ جرمة,,,,,region,1,DZ-05,Batna,HIGH,1.0,DZ-05
Algeria,Tilatou,Batna,,,3004,Commune,,,#N/A,2008,BatnaAlgeria,locality,,DZ-05,Tilatou ⵜⵉⵍⴰⵜⵓ تيلاطو,,,,locality,,DZ-05,Tilatou ⵜⵉⵍⴰⵜⵓ تيلاطو,,,,,region,1,DZ-05,Batna,HIGH,1.0,DZ-05
Algeria,Maafa,Batna,,,2880,Commune,,,#N/A,2008,BatnaAlgeria,locality,,DZ-05,Maafa ⵎⵄⴰⴼⴰ معافة,,,,locality,,DZ-05,Maafa ⵎⵄⴰⴼⴰ معافة,,,,,region,1,DZ-05,Batna,HIGH,1.0,DZ-05
Algeria,Hidoussa,Batna,,,2378,Commune,,,#N/A,2008,BatnaAlgeria,locality,,DZ-05,Hidoussa ⵜⴰⵃⵉⴷⵓⵙⵜ حيدوسة,,,,locality,,DZ-05,Hidoussa ⵜⴰⵃⵉⴷⵓⵙⵜ حيدوسة,,,,,region,1,DZ-05,Batna,HIGH,1.0,DZ-05
Algeria,Ouled Aouf,Batna,,,1724,Commune,,,#N/A,2008,BatnaAlgeria,locality,,DZ-05,Ouled Aouf ⴰⵢⵜ ⵄⵓⴼ أولاد عوف,,,,locality,,DZ-05,Ouled Aouf ⴰⵢⵜ ⵄⵓⴼ أولاد عوف,,,,,region,1,DZ-05,Batna,HIGH,1.0,DZ-05
Algeria,Ben Foudala El Hakania,Batna,,,1511,Commune,,,#N/A,2008,BatnaAlgeria,,,,,,,,,,,,,,,,region,1,DZ-05,Batna,NONE,0.0,DZ-05
Algeria,Boumia,Batna,,,854,Commune,,,#N/A,2008,BatnaAlgeria,locality,,DZ-05,Boumia ⴱⵓⵎⵢⴰ بوميــة,,,,locality,,DZ-05,Boumia ⴱⵓⵎⵢⴰ بوميــة,,,,,region,1,DZ-05,Batna,HIGH,1.0,DZ-05
Algeria,Béchar,Béchar,,,165627,Province Capital,Béchar,,Béchar,2008,BécharAlgeria,county,2,DZ-08,Daïra de Béchar,,,,region,1,DZ-08,Béchar,,,,,region,1,DZ-08,Béchar,HIGH,1.0,DZ-08
Algeria,Abadla,Béchar,,,13636,Commune,,,#N/A,2008,BécharAlgeria,locality,,DZ-08,العبادلة,,,,locality,,DZ-08,العبادلة,,,,,region,1,DZ-08,Béchar,HIGH,1.0,DZ-08
Algeria,Kenadsa,Béchar,,,13492,Commune,,,#N/A,2008,BécharAlgeria,locality,,DZ-08,القنادسة,,,,locality,,DZ-08,القنادسة,,,,,region,1,DZ-08,Béchar,HIGH,1.0,DZ-08
Algeria,Beni Ounif,Béchar,,,10732,Commune,,,#N/A,2008,BécharAlgeria,locality,,DZ-08,Beni Ounif ⴰⵢⵜ ⵓⵏⵏⵉⴼ بني ونيف,,,,locality,,DZ-08,Beni Ounif ⴰⵢⵜ ⵓⵏⵏⵉⴼ بني ونيف,,,,,region,1,DZ-08,Béchar,HIGH,1.0,DZ-08
Algeria,Taghit,Béchar,,,6317,Commune,,,#N/A,2008,BécharAlgeria,county,2,DZ-08,Daïra de Taghit,,,,county,2,DZ-08,Daïra de Taghit,,,,,region,1,DZ-08,Béchar,HIGH,1.0,DZ-08
Algeria,Erg Ferradj,Béchar,,,4406,Commune,,,#N/A,2008,BécharAlgeria,locality,,DZ-08,Erg Ferradj ⵄⴻⵔⴳ ⴼⴻⵔⵔⴰⴵ عرق فراج,,,,locality,,DZ-08,Erg Ferradj ⵄⴻⵔⴳ ⴼⴻⵔⵔⴰⴵ عرق فراج,,,,,region,1,DZ-08,Béchar,HIGH,1.0,DZ-08
Algeria,Ksabi,Béchar,,,3187,Commune,,,#N/A,2008,BécharAlgeria,,,,,,,,,,,,,,,,region,1,DZ-08,Béchar,NONE,0.0,DZ-08
Algeria,Mechraa Houari Boumedienne,Béchar,,,3091,Commune,,,#N/A,2008,BécharAlgeria,locality,,DZ-08,مشرع هواري بومدين,,,,locality,,DZ-08,مشرع هواري بومدين,,,,,region,1,DZ-08,Béchar,HIGH,1.0,DZ-08
Algeria,Beni Ikhlef,Béchar,,,2459,Commune,,,#N/A,2008,BécharAlgeria,,,,,,,,,,,,,,,,region,1,DZ-08,Béchar,NONE,0.0,DZ-08
Algeria,Timoudi,Béchar,,,2389,Commune,,,#N/A,2008,BécharAlgeria,,,,,,,,,,,,,,,,region,1,DZ-08,Béchar,NONE,0.0,DZ-08
Algeria,Lahmar,Béchar,,,1969,Commune,,,#N/A,2008,BécharAlgeria,county,2,DZ-08,Daïra de Lahmar,,,,county,2,DZ-08,Daïra de Lahmar,,,,,region,1,DZ-08,Béchar,HIGH,1.0,DZ-08
Algeria,Tamtert,Béchar,,,1249,Commune,,,#N/A,2008,BécharAlgeria,,,,,,,,,,,,,,,,region,1,DZ-08,Béchar,NONE,0.0,DZ-08
Algeria,Boukaïs,Béchar,,,970,Commune,,,#N/A,2008,BécharAlgeria,locality,,DZ-08,Boukais ⴱⵓⴽⴰⵢⴻⵙ بوكايس,,,,locality,,DZ-08,Boukais ⴱⵓⴽⴰⵢⴻⵙ بوكايس,,,,,region,1,DZ-08,Béchar,HIGH,1.0,DZ-08
Algeria,Mougheul,Béchar,,,635,Commune,,,#N/A,2008,BécharAlgeria,locality,,DZ-08,Mougheul ⵎⵓⵖⴻⵍ موغل,,,,locality,,DZ-08,Mougheul ⵎⵓⵖⴻⵍ موغل,,,,,region,1,DZ-08,Béchar,HIGH,1.0,DZ-08
Algeria,Meridja,Béchar,,,592,Commune,,,#N/A,2008,BécharAlgeria,locality,,DZ-08,Meridja ⵎⵔⵉⴵⴰ مريجة,,,,locality,,DZ-08,Meridja ⵎⵔⵉⴵⴰ مريجة,,,,,region,1,DZ-08,Béchar,HIGH,1.0,DZ-08
Algeria,Akbou,Béjaïa,,,53282,Commune,Akbou,,Akbou,2008,BéjaïaAlgeria,locality,,DZ-06,Akbou,,,,locality,,DZ-06,Akbou,,,,,region,1,DZ-06,Béjaïa,HIGH,1.0,DZ-06
Algeria,Béjaïa,Béjaïa,,,177988,Province Capital,Béjaïa,,Béjaïa,2008,BéjaïaAlgeria,locality,,DZ-06,Béjaïa,,,,locality,,DZ-06,Béjaïa,,,,,region,1,DZ-06,Béjaïa,HIGH,1.0,DZ-06
Algeria,Amizour,Béjaïa,,,37562,Commune,,,#N/A,2008,BéjaïaAlgeria,locality,,DZ-06,Amizour,,,,locality,,DZ-06,Amizour,,,,,region,1,DZ-06,Béjaïa,HIGH,1.0,DZ-06
Algeria,Kherrata,Béjaïa,,,35077,Commune,,,#N/A,2008,BéjaïaAlgeria,locality,,DZ-06,Kherrata,,,,locality,,DZ-06,Kherrata,,,,,region,1,DZ-06,Béjaïa,HIGH,1.0,DZ-06
Algeria,El Kseur,Béjaïa,,,29842,Commune,,,#N/A,2008,BéjaïaAlgeria,locality,,DZ-06,El Kseur,,,,locality,,DZ-06,El Kseur,,,,,region,1,DZ-06,Béjaïa,HIGH,1.0,DZ-06
Algeria,Draâ El-Kaïd,Béjaïa,,,29221,Commune,,,#N/A,2008,BéjaïaAlgeria,locality,,DZ-06,Draâ El-Kaïd,,,,locality,,DZ-06,Draâ El-Kaïd,,,,,region,1,DZ-06,Béjaïa,HIGH,1.0,DZ-06
Algeria,Tazmalt,Béjaïa,,,28891,Commune,,,#N/A,2008,BéjaïaAlgeria,locality,,DZ-06,Tazmalt,,,,locality,,DZ-06,Tazmalt,,,,,region,1,DZ-06,Béjaïa,HIGH,1.0,DZ-06
Algeria,Timezrit,Béjaïa,,,25853,Commune,,,#N/A,2008,BéjaïaAlgeria,locality,,DZ-06,Timezrit,,,,locality,,DZ-06,Timezrit,,,,,region,1,DZ-06,Béjaïa,HIGH,1.0,DZ-06
Algeria,Ouzellaguen,Béjaïa,,,22719,Commune,,,#N/A,2008,BéjaïaAlgeria,locality,,DZ-06,Ouzellaguen,,,,locality,,DZ-06,Ouzellaguen,,,,,region,1,DZ-06,Béjaïa,HIGH,1.0,DZ-06
Algeria,Seddouk,Béjaïa,,,20573,Commune,,,#N/A,2008,BéjaïaAlgeria,locality,,DZ-06,Seddouk,,,,locality,,DZ-06,Seddouk,,,,,region,1,DZ-06,Béjaïa,HIGH,1.0,DZ-06
Algeria,Oued Ghir,Béjaïa,,,19345,Commune,,,#N/A,2008,BéjaïaAlgeria,locality,,DZ-06,Oued Ghir,,,,locality,,DZ-06,Oued Ghir,,,,,region,1,DZ-06,Béjaïa,HIGH,1.0,DZ-06
Algeria,Barbacha,Béjaïa,,,16901,Commune,,,#N/A,2008,BéjaïaAlgeria,locality,,DZ-06,Barbacha,,,,locality,,DZ-06,Barbacha,,,,,region,1,DZ-06,Béjaïa,HIGH,1.0,DZ-06
Algeria,Tichy,Béjaïa,,,16546,Commune,,,#N/A,2008,BéjaïaAlgeria,locality,,DZ-06,Tichy,,,,locality,,DZ-06,Tichy,,,,,region,1,DZ-06,Béjaïa,HIGH,1.0,DZ-06
Algeria,Taskriout,Béjaïa,,,16141,Commune,,,#N/A,2008,BéjaïaAlgeria,locality,,DZ-06,Taskriout,,,,locality,,DZ-06,Taskriout,,,,,region,1,DZ-06,Béjaïa,HIGH,1.0,DZ-06
Algeria,Aokas,Béjaïa,,,15989,Commune,,,#N/A,2008,BéjaïaAlgeria,locality,,DZ-06,Aokas,,,,locality,,DZ-06,Aokas,,,,,region,1,DZ-06,Béjaïa,HIGH,1.0,DZ-06
Algeria,Ferraoun,Béjaïa,,,15482,Commune,,,#N/A,2008,BéjaïaAlgeria,locality,,DZ-06,Feraoun,,,,locality,,DZ-06,Feraoun,,,,,region,1,DZ-06,Béjaïa,HIGH,1.0,DZ-06
Algeria,Chemini,Béjaïa,,,15274,Commune,,,#N/A,2008,BéjaïaAlgeria,locality,,DZ-06,Chemini,,,,locality,,DZ-06,Chemini,,,,,region,1,DZ-06,Béjaïa,HIGH,1.0,DZ-06
Algeria,Aït R'zine,Béjaïa,,,14563,Commune,,,#N/A,2008,BéjaïaAlgeria,locality,,DZ-06,Aït R'zine,,,,locality,,DZ-06,Aït R'zine,,,,,region,1,DZ-06,Béjaïa,HIGH,1.0,DZ-06
Algeria,Darguina,Béjaïa,,,14146,Commune,,,#N/A,2008,BéjaïaAlgeria,locality,,DZ-06,Darguina,,,,locality,,DZ-06,Darguina,,,,,region,1,DZ-06,Béjaïa,HIGH,1.0,DZ-06
Algeria,Souk El Ténine,Béjaïa,,,14045,Commune,,,#N/A,2008,BéjaïaAlgeria,locality,,DZ-06,Souk El Ténine,,,,locality,,DZ-06,Souk El Ténine,,,,,region,1,DZ-06,Béjaïa,HIGH,1.0,DZ-06
Algeria,Sidi Aïch,Béjaïa,,,13775,Commune,,,#N/A,2008,BéjaïaAlgeria,county,2,DZ-06,Daïra Sidi-Aïch,,,,county,2,DZ-06,Daïra Sidi-Aïch,,,,,region,1,DZ-06,Béjaïa,HIGH,1.0,DZ-06
Algeria,Semaoun,Béjaïa,,,13616,Commune,,,#N/A,2008,BéjaïaAlgeria,locality,,DZ-06,Semaoun,,,,locality,,DZ-06,Semaoun,,,,,region,1,DZ-06,Béjaïa,HIGH,1.0,DZ-06
Algeria,Beni Maouche,Béjaïa,,,13412,Commune,,,#N/A,2008,BéjaïaAlgeria,locality,,DZ-06,Beni Maouche,,,,locality,,DZ-06,Beni Maouche,,,,,region,1,DZ-06,Béjaïa,HIGH,1.0,DZ-06
Algeria,Adekar,Béjaïa,,,13067,Commune,,,#N/A,2008,BéjaïaAlgeria,locality,,DZ-06,آدكار,,,,locality,,DZ-06,آدكار,,,,,region,1,DZ-06,Béjaïa,HIGH,1.0,DZ-06
Algeria,Tizi N'Berber,Béjaïa,,,12624,Commune,,,#N/A,2008,BéjaïaAlgeria,locality,,DZ-06,Tizi N'Berber,,,,locality,,DZ-06,Tizi N'Berber,,,,,region,1,DZ-06,Béjaïa,HIGH,1.0,DZ-06
Algeria,Ighram,Béjaïa,,,12387,Commune,,,#N/A,2008,BéjaïaAlgeria,locality,,DZ-06,Ighram,,,,locality,,DZ-06,Ighram,,,,,region,1,DZ-06,Béjaïa,HIGH,1.0,DZ-06
Algeria,Fenaïa Ilmaten,Béjaïa,,,11825,Commune,,,#N/A,2008,BéjaïaAlgeria,locality,,DZ-06,Fenaïa Ilmaten,,,,locality,,DZ-06,Fenaïa Ilmaten,,,,,region,1,DZ-06,Béjaïa,HIGH,1.0,DZ-06
Algeria,Aït-Smail,Béjaïa,,,11783,Commune,,,#N/A,2008,BéjaïaAlgeria,,,,,,,,,,,,,,,,region,1,DZ-06,Béjaïa,NONE,0.0,DZ-06
Algeria,Tala Hamza,Béjaïa,,,11675,Commune,,,#N/A,2008,BéjaïaAlgeria,locality,,DZ-06,Tala Hamza,,,,locality,,DZ-06,Tala Hamza,,,,,region,1,DZ-06,Béjaïa,HIGH,1.0,DZ-06
Algeria,Boudjellil,Béjaïa,,,11486,Commune,,,#N/A,2008,BéjaïaAlgeria,locality,,DZ-06,Boudjellil,,,,locality,,DZ-06,Boudjellil,,,,,region,1,DZ-06,Béjaïa,HIGH,1.0,DZ-06
Algeria,Melbou,Béjaïa,,,11396,Commune,,,#N/A,2008,BéjaïaAlgeria,locality,,DZ-06,Melbou,,,,locality,,DZ-06,Melbou,,,,,region,1,DZ-06,Béjaïa,HIGH,1.0,DZ-06
Algeria,Toudja,Béjaïa,,,9827,Commune,,,#N/A,2008,BéjaïaAlgeria,locality,,DZ-06,Toudja,,,,locality,,DZ-06,Toudja,,,,,region,1,DZ-06,Béjaïa,HIGH,1.0,DZ-06
Algeria,Chellata,Béjaïa,,,9770,Commune,,,#N/A,2008,BéjaïaAlgeria,locality,,DZ-06,Chellata,,,,locality,,DZ-06,Chellata,,,,,region,1,DZ-06,Béjaïa,HIGH,1.0,DZ-06
Algeria,Ighil Ali,Béjaïa,,,9526,Commune,,,#N/A,2008,BéjaïaAlgeria,locality,,DZ-06,Ighil Ali,,,,locality,,DZ-06,Ighil Ali,,,,,region,1,DZ-06,Béjaïa,HIGH,1.0,DZ-06
Algeria,Bouhamza,Béjaïa,,,9123,Commune,,,#N/A,2008,BéjaïaAlgeria,locality,,DZ-06,Bouhamza,,,,locality,,DZ-06,Bouhamza,,,,,region,1,DZ-06,Béjaïa,HIGH,1.0,DZ-06
Algeria,Souk Oufella,Béjaïa,,,8931,Commune,,,#N/A,2008,BéjaïaAlgeria,locality,,DZ-06,Ssuq Ufella,,,,locality,,DZ-06,Ssuq Ufella,,,,,region,1,DZ-06,Béjaïa,HIGH,1.0,DZ-06
Algeria,Boukhelifa,Béjaïa,,,8766,Commune,,,#N/A,2008,BéjaïaAlgeria,locality,,DZ-06,Boukhelifa,,,,locality,,DZ-06,Boukhelifa,,,,,region,1,DZ-06,Béjaïa,HIGH,1.0,DZ-06
Algeria,Amalou,Béjaïa,,,8602,Commune,,,#N/A,2008,BéjaïaAlgeria,locality,,DZ-06,Amalou,,,,locality,,DZ-06,Amalou,,,,,region,1,DZ-06,Béjaïa,HIGH,1.0,DZ-06
Algeria,Beni Mellikeche,Béjaïa,,,8497,Commune,,,#N/A,2008,BéjaïaAlgeria,locality,,DZ-06,Beni Melikeche,,,,locality,,DZ-06,Beni Melikeche,,,,,region,1,DZ-06,Béjaïa,MED,0.966,DZ-06
Algeria,Tamridjet,Béjaïa,,,8413,Commune,,,#N/A,2008,BéjaïaAlgeria,locality,,DZ-06,Tamridjet,,,,locality,,DZ-06,Tamridjet,,,,,region,1,DZ-06,Béjaïa,HIGH,1.0,DZ-06
Algeria,Tifra,Béjaïa,,,8400,Commune,,,#N/A,2008,BéjaïaAlgeria,locality,,DZ-06,Tifra,,,,locality,,DZ-06,Tifra,,,,,region,1,DZ-06,Béjaïa,HIGH,1.0,DZ-06
Algeria,M'cisna (Sidi Saïd),Béjaïa,,,7941,Commune,,,#N/A,2008,BéjaïaAlgeria,locality,,DZ-06,M'Cisna,,,,locality,,DZ-06,M'Cisna,,,,,region,1,DZ-06,Béjaïa,HIGH,1.0,DZ-06
Algeria,Beni Djellil,Béjaïa,,,7795,Commune,,,#N/A,2008,BéjaïaAlgeria,locality,,DZ-06,Beni Djellil,,,,locality,,DZ-06,Beni Djellil,,,,,region,1,DZ-06,Béjaïa,HIGH,1.0,DZ-06
Algeria,Akfadou,Béjaïa,,,7358,Commune,,,#N/A,2008,BéjaïaAlgeria,locality,,DZ-06,Akfadou,,,,locality,,DZ-06,Akfadou,,,,,region,1,DZ-06,Béjaïa,HIGH,1.0,DZ-06
Algeria,Taourirt Ighil,Béjaïa,,,6653,Commune,,,#N/A,2008,BéjaïaAlgeria,locality,,DZ-06,Taourirt Ighil,,,,locality,,DZ-06,Taourirt Ighil,,,,,region,1,DZ-06,Béjaïa,HIGH,1.0,DZ-06
Algeria,Leflaye,Béjaïa,,,6433,Commune,,,#N/A,2008,BéjaïaAlgeria,locality,,DZ-06,Leflaye,,,,locality,,DZ-06,Leflaye,,,,,region,1,DZ-06,Béjaïa,HIGH,1.0,DZ-06
Algeria,Tinabdher,Béjaïa,,,5815,Commune,,,#N/A,2008,BéjaïaAlgeria,locality,,DZ-06,Thinabdher,,,,locality,,DZ-06,Thinabdher,,,,,region,1,DZ-06,Béjaïa,HIGH,1.0,DZ-06
Algeria,Sidi Ayad,Béjaïa,,,5416,Commune,,,#N/A,2008,BéjaïaAlgeria,locality,,DZ-06,Sidi Ayad,,,,locality,,DZ-06,Sidi Ayad,,,,,region,1,DZ-06,Béjaïa,HIGH,1.0,DZ-06
Algeria,Kendira,Béjaïa,,,5364,Commune,,,#N/A,2008,BéjaïaAlgeria,locality,,DZ-06,Kendira,,,,locality,,DZ-06,Kendira,,,,,region,1,DZ-06,Béjaïa,HIGH,1.0,DZ-06
Algeria,Tibane,Béjaïa,,,5059,Commune,,,#N/A,2008,BéjaïaAlgeria,locality,,DZ-06,Tibane,,,,locality,,DZ-06,Tibane,,,,,region,1,DZ-06,Béjaïa,HIGH,1.0,DZ-06
Algeria,Beni Ksila,Béjaïa,,,4385,Commune,,,#N/A,2008,BéjaïaAlgeria,locality,,DZ-06,Beni Ksila,,,,locality,,DZ-06,Beni Ksila,,,,,region,1,DZ-06,Béjaïa,HIGH,1.0,DZ-06
Algeria,Tamokra,Béjaïa,,,4015,Commune,,,#N/A,2008,BéjaïaAlgeria,locality,,DZ-06,Tamokra,,,,locality,,DZ-06,Tamokra,,,,,region,1,DZ-06,Béjaïa,HIGH,1.0,DZ-06
Algeria,Béni Abbès,Béni Abbès,,,10885,Commune,,,#N/A,2008,Béni AbbèsAlgeria,,,,,,,,region,1,DZ-52,Béni Abbès,,,,,region,1,DZ-52,Béni Abbès,HIGH,1.0,DZ-52
Algeria,El Ouata,Béni Abbès,,,7343,Commune,,,#N/A,2008,Béni AbbèsAlgeria,locality,,DZ-52,El Ouatta ⵍⵡⴰⵜⴰ الواتة,,,,locality,,DZ-52,El Ouatta ⵍⵡⴰⵜⴰ الواتة,,,,,region,1,DZ-52,Béni Abbès,HIGH,1.0,DZ-52
Algeria,Igli,Béni Abbès,,,6682,Commune,,,#N/A,2008,Béni AbbèsAlgeria,county,2,DZ-52,Daïra d'Igli,,,,county,2,DZ-52,Daïra d'Igli,,,,,region,1,DZ-52,Béni Abbès,HIGH,1.0,DZ-52
Algeria,Tabelbala,Béni Abbès,,,5121,Commune,,,#N/A,2008,Béni AbbèsAlgeria,county,2,DZ-52,Daïra de Tabelbala,,,,county,2,DZ-52,Daïra de Tabelbala,,,,,region,1,DZ-52,Béni Abbès,HIGH,1.0,DZ-52
Algeria,Kerzaz,Béni Abbès,,,5028,Commune,,,#N/A,2008,Béni AbbèsAlgeria,county,2,DZ-52,Daïra de Kerzaz,,,,county,2,DZ-52,Daïra de Kerzaz,,,,,region,1,DZ-52,Béni Abbès,HIGH,1.0,DZ-52
Algeria,Ouled Khoudir,Béni Abbès,,,4251,Commune,,,#N/A,2008,Béni AbbèsAlgeria,locality,,DZ-52,Ouled Khoudir ⴰⵢⵜ ⵅⵓⴷⵉⵔ أولاد خدير,,,,locality,,DZ-52,Ouled Khoudir ⴰⵢⵜ ⵅⵓⴷⵉⵔ أولاد خدير,,,,,region,1,DZ-52,Béni Abbès,HIGH,1.0,DZ-52
Algeria,Biskra,Biskra,,,205608,Province Capital,Biskra,,Biskra,2008,BiskraAlgeria,county,2,DZ-07,Daïra Biskra,,,,region,1,DZ-07,Biskra,,,,,region,1,DZ-07,Biskra,HIGH,1.0,DZ-07
Algeria,Tolga,Biskra,,,55809,Commune,,,#N/A,2008,BiskraAlgeria,locality,,DZ-07,Tolga ⵜⴰⵍⴳⴰ طولقة,,,,locality,,DZ-07,Tolga ⵜⴰⵍⴳⴰ طولقة,,,,,region,1,DZ-07,Biskra,HIGH,1.0,DZ-07
Algeria,Sidi Okba,Biskra,,,33509,Commune,,,#N/A,2008,BiskraAlgeria,locality,,DZ-07,Sidi Okba ⵙⵉⴷⵉ oⴽⴱⴰ سيدي عقبة,,,,locality,,DZ-07,Sidi Okba ⵙⵉⴷⵉ oⴽⴱⴰ سيدي عقبة,,,,,region,1,DZ-07,Biskra,HIGH,1.0,DZ-07
Algeria,Zeribet El Oued,Biskra,,,21541,Commune,,,#N/A,2008,BiskraAlgeria,locality,,DZ-07,Zeribet El Oued ⵣⵔⵉⴱⴻⵜ ⵍⵡⴰⴷ زريبة الواد,,,,locality,,DZ-07,Zeribet El Oued ⵣⵔⵉⴱⴻⵜ ⵍⵡⴰⴷ زريبة الواد,,,,,region,1,DZ-07,Biskra,HIGH,1.0,DZ-07
Algeria,Lioua,Biskra,,,21416,Commune,,,#N/A,2008,BiskraAlgeria,locality,,DZ-07,Lioua ⵍⵉⵡⴰ ليوة,,,,locality,,DZ-07,Lioua ⵍⵉⵡⴰ ليوة,,,,,region,1,DZ-07,Biskra,HIGH,1.0,DZ-07
Algeria,El Ghrous,Biskra,,,16408,Commune,,,#N/A,2008,BiskraAlgeria,locality,,DZ-07,El Ghrous ⵍⴻⵖⵔⵓⵙ لغروس,,,,locality,,DZ-07,El Ghrous ⵍⴻⵖⵔⵓⵙ لغروس,,,,,region,1,DZ-07,Biskra,HIGH,1.0,DZ-07
Algeria,Chetma,Biskra,,,13699,Commune,,,#N/A,2008,BiskraAlgeria,locality,,DZ-07,Chetma ⵛⴻⵜⵎⴰ شتمة,,,,locality,,DZ-07,Chetma ⵛⴻⵜⵎⴰ شتمة,,,,,region,1,DZ-07,Biskra,HIGH,1.0,DZ-07
Algeria,Bouchagroune,Biskra,,,13124,Commune,,,#N/A,2008,BiskraAlgeria,locality,,DZ-07,Bouchagroune ⴱⵓⵛⴻⴳⵔⵓⵏ بوشقرون,,,,locality,,DZ-07,Bouchagroune ⴱⵓⵛⴻⴳⵔⵓⵏ بوشقرون,,,,,region,1,DZ-07,Biskra,HIGH,1.0,DZ-07
Algeria,Bordj Ben Azzouz,Biskra,,,12702,Commune,,,#N/A,2008,BiskraAlgeria,locality,,DZ-07,Bordj Ben Azzouz ⴱⴻⵔⴵ ⴱⴻⵏ ⴰⵣⵓⵣ برج بن عزوز,,,,locality,,DZ-07,Bordj Ben Azzouz ⴱⴻⵔⴵ ⴱⴻⵏ ⴰⵣⵓⵣ برج بن عزوز,,,,,region,1,DZ-07,Biskra,HIGH,1.0,DZ-07
Algeria,El Feidh,Biskra,,,12602,Commune,,,#N/A,2008,BiskraAlgeria,locality,,DZ-07,El Feidh ⴼⵉⴹ الفيض,,,,locality,,DZ-07,El Feidh ⴼⵉⴹ الفيض,,,,,region,1,DZ-07,Biskra,HIGH,1.0,DZ-07
Algeria,Djemorah,Biskra,,,12574,Commune,,,#N/A,2008,BiskraAlgeria,locality,,DZ-07,Djemorah ⴵⵎⵓⵔⴰ جمورة,,,,locality,,DZ-07,Djemorah ⴵⵎⵓⵔⴰ جمورة,,,,,region,1,DZ-07,Biskra,HIGH,1.0,DZ-07
Algeria,Foughala,Biskra,,,12488,Commune,,,#N/A,2008,BiskraAlgeria,locality,,DZ-07,Foughala ⴼⵓⵖⴰⵍⴰ فوغالة,,,,locality,,DZ-07,Foughala ⴼⵓⵖⴰⵍⴰ فوغالة,,,,,region,1,DZ-07,Biskra,HIGH,1.0,DZ-07
Algeria,Aïn Naga,Biskra,,,12032,Commune,,,#N/A,2008,BiskraAlgeria,locality,,DZ-07,Ain Naga Aïn Naga عين الناقة,,,,locality,,DZ-07,Ain Naga Aïn Naga عين الناقة,,,,,region,1,DZ-07,Biskra,HIGH,1.0,DZ-07
Algeria,El Kantara,Biskra,,,11415,Commune,,,#N/A,2008,BiskraAlgeria,county,2,DZ-07,Daïra El Kantara,,,,county,2,DZ-07,Daïra El Kantara,,,,,region,1,DZ-07,Biskra,HIGH,1.0,DZ-07
Algeria,El Outaya,Biskra,,,11155,Commune,,,#N/A,2008,BiskraAlgeria,county,2,DZ-07,Daïra El Outaya,,,,county,2,DZ-07,Daïra El Outaya,,,,,region,1,DZ-07,Biskra,HIGH,1.0,DZ-07
Algeria,Oumache,Biskra,,,10336,Commune,,,#N/A,2008,BiskraAlgeria,locality,,DZ-07,Oumache ⵓⵎⵎⴰⵛ أوماش,,,,locality,,DZ-07,Oumache ⵓⵎⵎⴰⵛ أوماش,,,,,region,1,DZ-07,Biskra,HIGH,1.0,DZ-07
Algeria,El Hadjeb,Biskra,,,10126,Commune,,,#N/A,2008,BiskraAlgeria,locality,,DZ-07,El Hadjeb ⵍⵃⴰⴵⴻⴱ الحاجب,,,,locality,,DZ-07,El Hadjeb ⵍⵃⴰⴵⴻⴱ الحاجب,,,,,region,1,DZ-07,Biskra,HIGH,1.0,DZ-07
Algeria,M'Chouneche,Biskra,,,10107,Commune,,,#N/A,2008,BiskraAlgeria,locality,,DZ-07,M'Chouneche ⵎⵛⵓⵏⴻⵛ مشونش,,,,locality,,DZ-07,M'Chouneche ⵎⵛⵓⵏⴻⵛ مشونش,,,,,region,1,DZ-07,Biskra,HIGH,1.0,DZ-07
Algeria,Lichana,Biskra,,,9852,Commune,,,#N/A,2008,BiskraAlgeria,locality,,DZ-07,Lichana ⵍⵉⵛⵀⴰⵏⴰ ليشانة,,,,locality,,DZ-07,Lichana ⵍⵉⵛⵀⴰⵏⴰ ليشانة,,,,,region,1,DZ-07,Biskra,HIGH,1.0,DZ-07
Algeria,El Mizaraa,Biskra,,,7601,Commune,,,#N/A,2008,BiskraAlgeria,locality,,DZ-07,M'Ziraa ⵍⴻⵎⵣⵉⵔⵄⴰ المزيرعة,,,,locality,,DZ-07,M'Ziraa ⵍⴻⵎⵣⵉⵔⵄⴰ المزيرعة,,,,,region,1,DZ-07,Biskra,HIGH,1.0,DZ-07
Algeria,Ourlal,Biskra,,,7444,Commune,,,#N/A,2008,BiskraAlgeria,locality,,DZ-07,Ourlal ⵓⵔⵍⴰⵍ أورلال,,,,locality,,DZ-07,Ourlal ⵓⵔⵍⴰⵍ أورلال,,,,,region,1,DZ-07,Biskra,HIGH,1.0,DZ-07
Algeria,M'Lili,Biskra,,,6497,Commune,,,#N/A,2008,BiskraAlgeria,locality,,DZ-07,M'Lili ⵎⵍⵉⵍⵉ مليلى,,,,locality,,DZ-07,M'Lili ⵎⵍⵉⵍⵉ مليلى,,,,,region,1,DZ-07,Biskra,HIGH,1.0,DZ-07
Algeria,Mekhadma,Biskra,,,5425,Commune,,,#N/A,2008,BiskraAlgeria,locality,,DZ-07,Mekhadma مخادمة,,,,locality,,DZ-07,Mekhadma مخادمة,,,,,region,1,DZ-07,Biskra,HIGH,1.0,DZ-07
Algeria,El Haouch,Biskra,,,4923,Commune,,,#N/A,2008,BiskraAlgeria,locality,,DZ-07,El Haouch ⵃⴰⵡⴻⵛ الحوش,,,,locality,,DZ-07,El Haouch ⵃⴰⵡⴻⵛ الحوش,,,,,region,1,DZ-07,Biskra,HIGH,1.0,DZ-07
Algeria,Branis,Biskra,,,4273,Commune,,,#N/A,2008,BiskraAlgeria,locality,,DZ-07,Branis ⴱⵔⴰⵏⵉⵙ برانيس,,,,locality,,DZ-07,Branis ⴱⵔⴰⵏⵉⵙ برانيس,,,,,region,1,DZ-07,Biskra,HIGH,1.0,DZ-07
Algeria,Ain Zaatout,Biskra,,,3693,Commune,,,#N/A,2008,BiskraAlgeria,locality,,DZ-07,Aïn Zaatout ⵄⵉⵏ ⵣⴰⵄⵟⵓⵟ عين زعطوط,,,,locality,,DZ-07,Aïn Zaatout ⵄⵉⵏ ⵣⴰⵄⵟⵓⵟ عين زعطوط,,,,,region,1,DZ-07,Biskra,HIGH,1.0,DZ-07
Algeria,Khenguet Sidi Nadji,Biskra,,,3040,Commune,,,#N/A,2008,BiskraAlgeria,locality,,DZ-07,Khenguet Sidi Nadji,,,,locality,,DZ-07,Khenguet Sidi Nadji,,,,,region,1,DZ-07,Biskra,HIGH,1.0,DZ-07
Algeria,Blida,Blida,,,163586,Province Capital,Algiers,,Algiers,2008,BlidaAlgeria,county,2,DZ-09,Daïra Blida,,,,region,1,DZ-09,Blida,,,,,region,1,DZ-09,Blida,HIGH,1.0,DZ-09
Algeria,Ouled Yaïch,Blida,,,87131,Commune,Algiers,,Algiers,2008,BlidaAlgeria,locality,,DZ-09,Ouled Yaïch ⵓⵍⴻⴷ ⵉⵄⵉⵛ أولاد يعيش,,,,locality,,DZ-09,Ouled Yaïch ⵓⵍⴻⴷ ⵉⵄⵉⵛ أولاد يعيش,,,,,region,1,DZ-09,Blida,HIGH,1.0,DZ-09
Algeria,Larbaâ,Blida,,,83819,Commune,Algiers,,Algiers,2008,BlidaAlgeria,county,2,DZ-09,Daïra Larbâa,,,,county,2,DZ-09,Daïra Larbâa,,,,,region,1,DZ-09,Blida,HIGH,1.0,DZ-09
Algeria,Boufarik,Blida,,,71446,Commune,Algiers,,Algiers,2008,BlidaAlgeria,locality,,DZ-09,Boufarik ⴱⵓ ⴼⴰⵔⵉⴽ بوفاريك,,,,locality,,DZ-09,Boufarik ⴱⵓ ⴼⴰⵔⵉⴽ بوفاريك,,,,,region,1,DZ-09,Blida,HIGH,1.0,DZ-09
Algeria,Meftah,Blida,,,64978,Commune,Algiers,,Algiers,2008,BlidaAlgeria,county,2,DZ-09,Daïra Meftah,,,,county,2,DZ-09,Daïra Meftah,,,,,region,1,DZ-09,Blida,HIGH,1.0,DZ-09
Algeria,Mouzaia,Blida,,,52555,Commune,Algiers,,Algiers,2008,BlidaAlgeria,county,2,DZ-09,Daïra Mouzaia,,,,county,2,DZ-09,Daïra Mouzaia,,,,,region,1,DZ-09,Blida,HIGH,1.0,DZ-09
Algeria,Bougara,Blida,,,51203,Commune,Algiers,,Algiers,2008,BlidaAlgeria,county,2,DZ-09,Daïra Bougara,,,,county,2,DZ-09,Daïra Bougara,,,,,region,1,DZ-09,Blida,HIGH,1.0,DZ-09
Algeria,El Affroun,Blida,,,42465,Commune,Algiers,,Algiers,2008,BlidaAlgeria,locality,,DZ-09,El Affroun ⵍⵄⴻⴼⵕⵓⵏ العفرون,,,,locality,,DZ-09,El Affroun ⵍⵄⴻⴼⵕⵓⵏ العفرون,,,,,region,1,DZ-09,Blida,HIGH,1.0,DZ-09
Algeria,Oued Alleug,Blida,,,40710,Commune,Algiers,,Algiers,2008,BlidaAlgeria,,,,,x,,,,,,,,,,,region,1,DZ-09,Blida,NONE,0.0,DZ-09
Algeria,Soumaa,Blida,,,37461,Commune,Algiers,,Algiers,2008,BlidaAlgeria,locality,,DZ-09,Soumaa ⵚⵓⵎⵄⴻⵝ صومعة,,,,locality,,DZ-09,Soumaa ⵚⵓⵎⵄⴻⵝ صومعة,,,,,region,1,DZ-09,Blida,HIGH,1.0,DZ-09
Algeria,Beni Tamou,Blida,,,36228,Commune,Algiers,,Algiers,2008,BlidaAlgeria,locality,,DZ-09,Beni Tamou ⴱⵏⵉ ⵜⴰⵎⵓ بني تامو,,,,locality,,DZ-09,Beni Tamou ⴱⵏⵉ ⵜⴰⵎⵓ بني تامو,,,,,region,1,DZ-09,Blida,HIGH,1.0,DZ-09
Algeria,Bouarfa,Blida,,,35910,Commune,Algiers,,Algiers,2008,BlidaAlgeria,locality,,DZ-09,Bouarfa ⴱⵓ ⵄⴻⵕⴼⴰ بوعرفة,,,,locality,,DZ-09,Bouarfa ⴱⵓ ⵄⴻⵕⴼⴰ بوعرفة,,,,,region,1,DZ-09,Blida,HIGH,1.0,DZ-09
Algeria,Beni Mered,Blida,,,34860,Commune,Algiers,,Algiers,2008,BlidaAlgeria,locality,,DZ-09,Beni Mered ⴰⵢⵜ ⵎⴻⵔⴰⴷ بني مراد,,,,locality,,DZ-09,Beni Mered ⴰⵢⵜ ⵎⴻⵔⴰⴷ بني مراد,,,,,region,1,DZ-09,Blida,HIGH,1.0,DZ-09
Algeria,Chiffa,Blida,,,34268,Commune,Algiers,,Algiers,2008,BlidaAlgeria,locality,,DZ-09,Chiffa ⵛⵛⵉⴼⴻⵝ الشفة,,,,locality,,DZ-09,Chiffa ⵛⵛⵉⴼⴻⵝ الشفة,,,,,region,1,DZ-09,Blida,HIGH,1.0,DZ-09
Algeria,Bouinan,Blida,,,31070,Commune,Algiers,,Algiers,2008,BlidaAlgeria,locality,,DZ-09,Bouinan ⴱⵓ ⵉⵏⴰⵏ بوعينان,,,,locality,,DZ-09,Bouinan ⴱⵓ ⵉⵏⴰⵏ بوعينان,,,,,region,1,DZ-09,Blida,HIGH,1.0,DZ-09
Algeria,Chebli,Blida,,,29660,Commune,Algiers,,Algiers,2008,BlidaAlgeria,locality,,DZ-09,Chebli ⵛⴻⴱⵍⵉ الشبلي,,,,locality,,DZ-09,Chebli ⵛⴻⴱⵍⵉ الشبلي,,,,,region,1,DZ-09,Blida,HIGH,1.0,DZ-09
Algeria,Benkhelil,Blida,,,29404,Commune,Algiers,,Algiers,2008,BlidaAlgeria,locality,,DZ-09,Benkhelil ⴱⴻⵏ ⵅⵍⵉⵍ بن خليل,,,,locality,,DZ-09,Benkhelil ⴱⴻⵏ ⵅⵍⵉⵍ بن خليل,,,,,region,1,DZ-09,Blida,HIGH,1.0,DZ-09
Algeria,Ouled Slama,Blida,,,29291,Commune,Algiers,,Algiers,2008,BlidaAlgeria,locality,,DZ-09,Ouled Slama ⵓⵍⴻⴷ ⵙⵍⴰⵎⴰ أولاد سلامة,,,,locality,,DZ-09,Ouled Slama ⵓⵍⴻⴷ ⵙⵍⴰⵎⴰ أولاد سلامة,,,,,region,1,DZ-09,Blida,HIGH,1.0,DZ-09
Algeria,Guerouaou,Blida,,,17297,Commune,Algiers,,Algiers,2008,BlidaAlgeria,locality,,DZ-09,Guerrouaou ⴳⴻⵔⵡⴰⵡ قرواو,,,,locality,,DZ-09,Guerrouaou ⴳⴻⵔⵡⴰⵡ قرواو,,,,,region,1,DZ-09,Blida,HIGH,1.0,DZ-09
Algeria,Aïn Romana,Blida,,,12529,Commune,Algiers,,Algiers,2008,BlidaAlgeria,locality,,DZ-09,Aïn Romana ⵄⵉⵏ ⵕⵓⵎⵎⴰⵏⴰ عين الرمانة,,,,locality,,DZ-09,Aïn Romana ⵄⵉⵏ ⵕⵓⵎⵎⴰⵏⴰ عين الرمانة,,,,,region,1,DZ-09,Blida,HIGH,1.0,DZ-09
Algeria,Oued Djer,Blida,,,6543,Commune,Algiers,,Algiers,2008,BlidaAlgeria,locality,,DZ-09,Oued Djer ⵡⴻⴷ ⴵⴻⵔ وادى جر,,,,locality,,DZ-09,Oued Djer ⵡⴻⴷ ⴵⴻⵔ وادى جر,,,,,region,1,DZ-09,Blida,HIGH,1.0,DZ-09
Algeria,Hammam Melouane,Blida,,,6076,Commune,Algiers,,Algiers,2008,BlidaAlgeria,locality,,DZ-09,Hammam Melouane ⵃⴻⵎⵎⴰⵎ ⵎⴻⵍⵡⴰⵏ حمام ملوان,,,,locality,,DZ-09,Hammam Melouane ⵃⴻⵎⵎⴰⵎ ⵎⴻⵍⵡⴰⵏ حمام ملوان,,,,,region,1,DZ-09,Blida,HIGH,1.0,DZ-09
Algeria,Djebabra,Blida,,,3403,Commune,Algiers,,Algiers,2008,BlidaAlgeria,locality,,DZ-09,Djebabra ⴵⴱⴰⴱⵔⴰ جبابرة,,,,locality,,DZ-09,Djebabra ⴵⴱⴰⴱⵔⴰ جبابرة,,,,,region,1,DZ-09,Blida,HIGH,1.0,DZ-09
Algeria,Chréa,Blida,,,783,Commune,Algiers,,Algiers,2008,BlidaAlgeria,locality,,DZ-09,Chréa ⵛⵔⵉⵄⴻⵝ الشريعة,,,,locality,,DZ-09,Chréa ⵛⵔⵉⵄⴻⵝ الشريعة,,,,,region,1,DZ-09,Blida,HIGH,1.0,DZ-09
Algeria,Souhane,Blida,,,260,Commune,Algiers,,Algiers,2008,BlidaAlgeria,locality,,DZ-09,Souhane ⵚⵓⵃⴰⵏ صوحان,,,,locality,,DZ-09,Souhane ⵚⵓⵃⴰⵏ صوحان,,,,,region,1,DZ-09,Blida,HIGH,1.0,DZ-09
Algeria,Bordj Badji Mokhtar,Bordj Badji Mokhtar,,,16437,Commune,,,#N/A,2008,Bordj Badji MokhtarAlgeria,,,,,,,,region,1,DZ-50,Bordj Badji Mokhtar,,,,,region,1,DZ-50,Bordj Badji Mokhtar,HIGH,1.0,DZ-50
Algeria,Bordj Bou Arreridj,Bordj Bou Arreridj,,,168346,Province Capital,,,#N/A,2008,Bordj Bou ArreridjAlgeria,,,,,,,,region,1,DZ-34,Bordj Bou Arreridj,,,,,region,1,DZ-34,Bordj Bou Arreridj,HIGH,1.0,DZ-34
Algeria,Ras El Oued,Bordj Bou Arreridj,,,51482,Commune,,,#N/A,2008,Bordj Bou ArreridjAlgeria,county,2,DZ-34,Daïra Ras El Oued,,,,county,2,DZ-34,Daïra Ras El Oued,,,,,region,1,DZ-34,Bordj Bou Arreridj,HIGH,1.0,DZ-34
Algeria,Bordj Ghedir,Bordj Bou Arreridj,,,26042,Commune,,,#N/A,2008,Bordj Bou ArreridjAlgeria,locality,,DZ-34,Bordj Ghedir ⴱⵓⵔⴵ ⵍⴻⵖⴷⵉⵔ برج الغدير,,,,locality,,DZ-34,Bordj Ghedir ⴱⵓⵔⴵ ⵍⴻⵖⴷⵉⵔ برج الغدير,,,,,region,1,DZ-34,Bordj Bou Arreridj,HIGH,1.0,DZ-34
Algeria,Khelil,Bordj Bou Arreridj,,,26037,Commune,,,#N/A,2008,Bordj Bou ArreridjAlgeria,locality,,DZ-34,Khelil ⵅⵍⵉⵍ خلـيل,,,,locality,,DZ-34,Khelil ⵅⵍⵉⵍ خلـيل,,,,,region,1,DZ-34,Bordj Bou Arreridj,HIGH,1.0,DZ-34
Algeria,El Hamadia,Bordj Bou Arreridj,,,24949,Commune,,,#N/A,2008,Bordj Bou ArreridjAlgeria,county,2,DZ-34,Daïra El Hammadia,,,,county,2,DZ-34,Daïra El Hammadia,,,,,region,1,DZ-34,Bordj Bou Arreridj,HIGH,1.0,DZ-34
Algeria,El Achir,Bordj Bou Arreridj,,,23101,Commune,,,#N/A,2008,Bordj Bou ArreridjAlgeria,locality,,DZ-34,El Achir ⵍⵢⴰⵛⵉⵔ اليشير,,,,locality,,DZ-34,El Achir ⵍⵢⴰⵛⵉⵔ اليشير,,,,,region,1,DZ-34,Bordj Bou Arreridj,HIGH,1.0,DZ-34
Algeria,Medjana,Bordj Bou Arreridj,,,22402,Commune,,,#N/A,2008,Bordj Bou ArreridjAlgeria,county,2,DZ-34,Daïra Medjana,,,,county,2,DZ-34,Daïra Medjana,,,,,region,1,DZ-34,Bordj Bou Arreridj,HIGH,1.0,DZ-34
Algeria,Mansoura,Bordj Bou Arreridj,,,21280,Commune,,,#N/A,2008,Bordj Bou ArreridjAlgeria,locality,,DZ-34,Mansoura ⵎⴻⵏⵙⵓⵔⴰ منصورة,,,,locality,,DZ-34,Mansoura ⵎⴻⵏⵙⵓⵔⴰ منصورة,,,,,region,1,DZ-34,Bordj Bou Arreridj,HIGH,1.0,DZ-34
Algeria,Hasnaoua,Bordj Bou Arreridj,,,19485,Commune,,,#N/A,2008,Bordj Bou ArreridjAlgeria,locality,,DZ-34,Hasnaoua ⵃⴻⵙⵏⴰⵡⴰ حسناوة,,,,locality,,DZ-34,Hasnaoua ⵃⴻⵙⵏⴰⵡⴰ حسناوة,,,,,region,1,DZ-34,Bordj Bou Arreridj,HIGH,1.0,DZ-34
Algeria,El M'hir,Bordj Bou Arreridj,,,17492,Commune,,,#N/A,2008,Bordj Bou ArreridjAlgeria,locality,,DZ-34,El Mehir ⵍⴻⵎⵀⵉⵔ المهير,,,,locality,,DZ-34,El Mehir ⵍⴻⵎⵀⵉⵔ المهير,,,,,region,1,DZ-34,Bordj Bou Arreridj,HIGH,1.0,DZ-34
Algeria,El Ach,Bordj Bou Arreridj,,,17140,Commune,,,#N/A,2008,Bordj Bou ArreridjAlgeria,locality,,DZ-34,El Euch ⵍⵄⴻⵛ العش,,,,locality,,DZ-34,El Euch ⵍⵄⴻⵛ العش,,,,,region,1,DZ-34,Bordj Bou Arreridj,HIGH,1.0,DZ-34
Algeria,Ouled Dahmane,Bordj Bou Arreridj,,,16501,Commune,,,#N/A,2008,Bordj Bou ArreridjAlgeria,locality,,DZ-34,Ouled Dahmane ⵡⵍⴰⴷ ⴷⴻⵃⵎⴰⵏ أولاد دحمان,,,,locality,,DZ-34,Ouled Dahmane ⵡⵍⴰⴷ ⴷⴻⵃⵎⴰⵏ أولاد دحمان,,,,,region,1,DZ-34,Bordj Bou Arreridj,HIGH,1.0,DZ-34
Algeria,Bir Kasdali,Bordj Bou Arreridj,,,14768,Commune,,,#N/A,2008,Bordj Bou ArreridjAlgeria,locality,,DZ-34,Bir Kasdali ⴱⵉⵔ ⵇⴰⵙⴷⵉ ⵄⵍⵉ بئر قصد علي,,,,locality,,DZ-34,Bir Kasdali ⴱⵉⵔ ⵇⴰⵙⴷⵉ ⵄⵍⵉ بئر قصد علي,,,,,region,1,DZ-34,Bordj Bou Arreridj,HIGH,1.0,DZ-34
Algeria,El Anceur,Bordj Bou Arreridj,,,14739,Commune,,,#N/A,2008,Bordj Bou ArreridjAlgeria,locality,,DZ-34,El Annasser ⵍⴻⵄⵏⴰⵚⴻⵔ العناصر,,,,locality,,DZ-34,El Annasser ⵍⴻⵄⵏⴰⵚⴻⵔ العناصر,,,,,region,1,DZ-34,Bordj Bou Arreridj,HIGH,1.0,DZ-34
Algeria,Aïn Taghrout,Bordj Bou Arreridj,,,12906,Commune,,,#N/A,2008,Bordj Bou ArreridjAlgeria,locality,,DZ-34,Aïn Taghrout ⵄⵉⵏ ⵜⴰⵖⵔⵓⵜ عين تاغروت,,,,locality,,DZ-34,Aïn Taghrout ⵄⵉⵏ ⵜⴰⵖⵔⵓⵜ عين تاغروت,,,,,region,1,DZ-34,Bordj Bou Arreridj,HIGH,1.0,DZ-34
Algeria,Ksour,Bordj Bou Arreridj,,,11814,Commune,,,#N/A,2008,Bordj Bou ArreridjAlgeria,locality,,DZ-34,Ksour ⵍⴻⵇⵚⵓⵔ القصور,,,,locality,,DZ-34,Ksour ⵍⴻⵇⵚⵓⵔ القصور,,,,,region,1,DZ-34,Bordj Bou Arreridj,HIGH,1.0,DZ-34
Algeria,Sidi Embarek,Bordj Bou Arreridj,,,11641,Commune,,,#N/A,2008,Bordj Bou ArreridjAlgeria,locality,,DZ-34,Sidi Embarek ⵙⵉⴷⵉ ⵎⴱⴰⵔⴻⴽ سيدي امبارك,,,,locality,,DZ-34,Sidi Embarek ⵙⵉⴷⵉ ⵎⴱⴰⵔⴻⴽ سيدي امبارك,,,,,region,1,DZ-34,Bordj Bou Arreridj,HIGH,1.0,DZ-34
Algeria,Ben Daoud,Bordj Bou Arreridj,,,11632,Commune,,,#N/A,2008,Bordj Bou ArreridjAlgeria,locality,,DZ-34,Bendaoud ⴱⴻⵏ ⴷⴰⵡⴻⴷ بن داود,,,,locality,,DZ-34,Bendaoud ⴱⴻⵏ ⴷⴰⵡⴻⴷ بن داود,,,,,region,1,DZ-34,Bordj Bou Arreridj,HIGH,1.0,DZ-34
Algeria,Ghilassa,Bordj Bou Arreridj,,,11044,Commune,,,#N/A,2008,Bordj Bou ArreridjAlgeria,locality,,DZ-34,Ghilassa ⵖⵉⵍⴰⵙⴰ غيلاسة,,,,locality,,DZ-34,Ghilassa ⵖⵉⵍⴰⵙⴰ غيلاسة,,,,,region,1,DZ-34,Bordj Bou Arreridj,HIGH,1.0,DZ-34
Algeria,Belimour,Bordj Bou Arreridj,,,11019,Commune,,,#N/A,2008,Bordj Bou ArreridjAlgeria,locality,,DZ-34,Belimour ⴱⴻⵍⵉⵎⵓⵔ بليمور,,,,locality,,DZ-34,Belimour ⴱⴻⵍⵉⵎⵓⵔ بليمور,,,,,region,1,DZ-34,Bordj Bou Arreridj,HIGH,1.0,DZ-34
Algeria,Rabta,Bordj Bou Arreridj,,,11012,Commune,,,#N/A,2008,Bordj Bou ArreridjAlgeria,locality,,DZ-34,Rabta ⵔⵔⴰⴱⵟⴰ الرابطة,,,,locality,,DZ-34,Rabta ⵔⵔⴰⴱⵟⴰ الرابطة,,,,,region,1,DZ-34,Bordj Bou Arreridj,HIGH,1.0,DZ-34
Algeria,Bordj Zemoura,Bordj Bou Arreridj,,,10296,Commune,,,#N/A,2008,Bordj Bou ArreridjAlgeria,locality,,DZ-34,Bordj Zemoura ⴱⵓⵔⴵ ⵣⴻⵎⵎⵓⵔⴰ برج زمورة,,,,locality,,DZ-34,Bordj Zemoura ⴱⵓⵔⴵ ⵣⴻⵎⵎⵓⵔⴰ برج زمورة,,,,,region,1,DZ-34,Bordj Bou Arreridj,HIGH,1.0,DZ-34
Algeria,Tixter,Bordj Bou Arreridj,,,10190,Commune,,,#N/A,2008,Bordj Bou ArreridjAlgeria,locality,,DZ-34,Tixter ⵜⵉⴽⴻⵙⵜⴰⵔ تكستار,,,,locality,,DZ-34,Tixter ⵜⵉⴽⴻⵙⵜⴰⵔ تكستار,,,,,region,1,DZ-34,Bordj Bou Arreridj,HIGH,1.0,DZ-34
Algeria,Aïn Tesra,Bordj Bou Arreridj,,,9570,Commune,,,#N/A,2008,Bordj Bou ArreridjAlgeria,locality,,DZ-34,Aïn Tassera ⵄⵉⵏ ⵜⴻⵙⵔⴰ عين تسرة,,,,locality,,DZ-34,Aïn Tassera ⵄⵉⵏ ⵜⴻⵙⵔⴰ عين تسرة,,,,,region,1,DZ-34,Bordj Bou Arreridj,HIGH,1.0,DZ-34
Algeria,Djaafra,Bordj Bou Arreridj,,,7998,Commune,,,#N/A,2008,Bordj Bou ArreridjAlgeria,county,2,DZ-34,Daïra Djaafra,,,,county,2,DZ-34,Daïra Djaafra,,,,,region,1,DZ-34,Bordj Bou Arreridj,HIGH,1.0,DZ-34
Algeria,Ouled Brahim,Bordj Bou Arreridj,,,7874,Commune,,,#N/A,2008,Bordj Bou ArreridjAlgeria,locality,,DZ-34,Ouled Brahem ⵡⵍⴰⴷ ⴱⵔⴰⵀⴻⵎ أولاد براهم,,,,locality,,DZ-34,Ouled Brahem ⵡⵍⴰⴷ ⴱⵔⴰⵀⴻⵎ أولاد براهم,,,,,region,1,DZ-34,Bordj Bou Arreridj,HIGH,1.0,DZ-34
Algeria,El Main,Bordj Bou Arreridj,,,6237,Commune,,,#N/A,2008,Bordj Bou ArreridjAlgeria,locality,,DZ-34,El Main ⵉⵍⵎⴰⵢⴻⵏ الماين,,,,locality,,DZ-34,El Main ⵉⵍⵎⴰⵢⴻⵏ الماين,,,,,region,1,DZ-34,Bordj Bou Arreridj,HIGH,1.0,DZ-34
Algeria,Colla,Bordj Bou Arreridj,,,6123,Commune,,,#N/A,2008,Bordj Bou ArreridjAlgeria,locality,,DZ-34,Colla ⵍⵇⵓⵍ القلة,,,,locality,,DZ-34,Colla ⵍⵇⵓⵍ القلة,,,,,region,1,DZ-34,Bordj Bou Arreridj,HIGH,1.0,DZ-34
Algeria,Teniet En Nasr,Bordj Bou Arreridj,,,5775,Commune,,,#N/A,2008,Bordj Bou ArreridjAlgeria,locality,,DZ-34,Teniet Ennasr ⵜⵏⵉⵢⴻⵜ ⵏⵏⴰⵚⵔ ثنية النصر,,,,locality,,DZ-34,Teniet Ennasr ⵜⵏⵉⵢⴻⵜ ⵏⵏⴰⵚⵔ ثنية النصر,,,,,region,1,DZ-34,Bordj Bou Arreridj,HIGH,1.0,DZ-34
Algeria,Haraza,Bordj Bou Arreridj,,,5569,Commune,,,#N/A,2008,Bordj Bou ArreridjAlgeria,locality,,DZ-34,Haraza ⵃⴻⵔⵔⴰⵣⴰ حرازة,,,,locality,,DZ-34,Haraza ⵃⴻⵔⵔⴰⵣⴰ حرازة,,,,,region,1,DZ-34,Bordj Bou Arreridj,HIGH,1.0,DZ-34
Algeria,Taglait,Bordj Bou Arreridj,,,5008,Commune,,,#N/A,2008,Bordj Bou ArreridjAlgeria,locality,,DZ-34,Taglait ⵜⴰⵇⵍⵉⵄⵜ تقلعيت,,,,locality,,DZ-34,Taglait ⵜⴰⵇⵍⵉⵄⵜ تقلعيت,,,,,region,1,DZ-34,Bordj Bou Arreridj,HIGH,1.0,DZ-34
Algeria,Tassameurt,Bordj Bou Arreridj,,,4134,Commune,,,#N/A,2008,Bordj Bou ArreridjAlgeria,locality,,DZ-34,Tassamert ⵜⴰⵙⴰⵎⵎⴰⵔⵜ تاسمرت,,,,locality,,DZ-34,Tassamert ⵜⴰⵙⴰⵎⵎⴰⵔⵜ تاسمرت,,,,,region,1,DZ-34,Bordj Bou Arreridj,HIGH,1.0,DZ-34
Algeria,Ouled Sidi Brahim,Bordj Bou Arreridj,,,2705,Commune,,,#N/A,2008,Bordj Bou ArreridjAlgeria,locality,,DZ-34,Ouled Sidi Brahim ⵡⵍⴰⴷ ⵙⵉⴷⵉ ⴱⵔⴰⵀⵉⵎ أولاد سيدي إبراهيم,,,,locality,,DZ-34,Ouled Sidi Brahim ⵡⵍⴰⴷ ⵙⵉⴷⵉ ⴱⵔⴰⵀⵉⵎ أولاد سيدي إبراهيم,,,,,region,1,DZ-34,Bordj Bou Arreridj,HIGH,1.0,DZ-34
Algeria,Tefreg,Bordj Bou Arreridj,,,2164,Commune,,,#N/A,2008,Bordj Bou ArreridjAlgeria,,,,,,,,,,,,,,,,region,1,DZ-34,Bordj Bou Arreridj,NONE,0.0,DZ-34
Algeria,Bouira,Bouira,,,88801,Province Capital,,,#N/A,2008,BouiraAlgeria,,,,,,,,region,1,DZ-10,Bouira,,,,,region,1,DZ-10,Bouira,HIGH,1.0,DZ-10
Algeria,Lakhdaria,Bouira,,,59746,Commune,,,#N/A,2008,BouiraAlgeria,county,2,DZ-10,Daïra Lakhdaria,,,,county,2,DZ-10,Daïra Lakhdaria,,,,,region,1,DZ-10,Bouira,HIGH,1.0,DZ-10
Algeria,Sour El Ghozlane,Bouira,,,50120,Commune,,,#N/A,2008,BouiraAlgeria,locality,,DZ-10,Sour El Ghozlane,,,,locality,,DZ-10,Sour El Ghozlane,,,,,region,1,DZ-10,Bouira,HIGH,1.0,DZ-10
Algeria,Aïn Bessem,Bouira,,,42635,Commune,,,#N/A,2008,BouiraAlgeria,county,2,DZ-10,Daïra Aïn Bessam,,,,county,2,DZ-10,Daïra Aïn Bessam,,,,,region,1,DZ-10,Bouira,HIGH,1.0,DZ-10
Algeria,M'Chedallah,Bouira,,,24406,Commune,,,#N/A,2008,BouiraAlgeria,locality,,DZ-10,M'Chedallah,,,,locality,,DZ-10,M'Chedallah,,,,,region,1,DZ-10,Bouira,HIGH,1.0,DZ-10
Algeria,Kadiria,Bouira,,,22327,Commune,,,#N/A,2008,BouiraAlgeria,locality,,DZ-10,Kadiria,,,,locality,,DZ-10,Kadiria,,,,,region,1,DZ-10,Bouira,HIGH,1.0,DZ-10
Algeria,Aomar,Bouira,,,20532,Commune,,,#N/A,2008,BouiraAlgeria,locality,,DZ-10,عمر,,,,locality,,DZ-10,عمر,,,,,region,1,DZ-10,Bouira,HIGH,1.0,DZ-10
Algeria,Aghbalou,Bouira,,,19517,Commune,,,#N/A,2008,BouiraAlgeria,locality,,DZ-10,Aghbalou,,,,locality,,DZ-10,Aghbalou,,,,,region,1,DZ-10,Bouira,HIGH,1.0,DZ-10
Algeria,Haizer,Bouira,,,17719,Commune,,,#N/A,2008,BouiraAlgeria,locality,,DZ-10,Haizer,,,,locality,,DZ-10,Haizer,,,,,region,1,DZ-10,Bouira,HIGH,1.0,DZ-10
Algeria,Bouderbala,Bouira,,,17589,Commune,,,#N/A,2008,BouiraAlgeria,locality,,DZ-10,Bouderbala,,,,locality,,DZ-10,Bouderbala,,,,,region,1,DZ-10,Bouira,HIGH,1.0,DZ-10
Algeria,El Hachimia,Bouira,,,17322,Commune,,,#N/A,2008,BouiraAlgeria,locality,,DZ-10,El Hachimia,,,,locality,,DZ-10,El Hachimia,,,,,region,1,DZ-10,Bouira,HIGH,1.0,DZ-10
Algeria,Chorfa,Bouira,,,16173,Commune,,,#N/A,2008,BouiraAlgeria,locality,,DZ-10,Chorfa,,,,locality,,DZ-10,Chorfa,,,,,region,1,DZ-10,Bouira,HIGH,1.0,DZ-10
Algeria,Djebahia,Bouira,,,15592,Commune,,,#N/A,2008,BouiraAlgeria,locality,,DZ-10,Djebahia,,,,locality,,DZ-10,Djebahia,,,,,region,1,DZ-10,Bouira,HIGH,1.0,DZ-10
Algeria,Guerrouma,Bouira,,,14570,Commune,,,#N/A,2008,BouiraAlgeria,locality,,DZ-10,Guerrouma,,,,locality,,DZ-10,Guerrouma,,,,,region,1,DZ-10,Bouira,HIGH,1.0,DZ-10
Algeria,Aït Laziz,Bouira,,,14430,Commune,,,#N/A,2008,BouiraAlgeria,locality,,DZ-10,Aït Laaziz,,,,locality,,DZ-10,Aït Laaziz,,,,,region,1,DZ-10,Bouira,HIGH,1.0,DZ-10
Algeria,Ahl El Ksar,Bouira,,,13354,Commune,,,#N/A,2008,BouiraAlgeria,locality,,DZ-10,Ahl El Ksar,,,,locality,,DZ-10,Ahl El Ksar,,,,,region,1,DZ-10,Bouira,HIGH,1.0,DZ-10
Algeria,El Asnam,Bouira,,,13213,Commune,,,#N/A,2008,BouiraAlgeria,locality,,DZ-10,El Asnam,,,,locality,,DZ-10,El Asnam,,,,,region,1,DZ-10,Bouira,HIGH,1.0,DZ-10
Algeria,Dirrah,Bouira,,,13209,Commune,,,#N/A,2008,BouiraAlgeria,locality,,DZ-10,Dirah,,,,locality,,DZ-10,Dirah,,,,,region,1,DZ-10,Bouira,HIGH,1.0,DZ-10
Algeria,Taghzout,Bouira,,,13203,Commune,,,#N/A,2008,BouiraAlgeria,locality,,DZ-10,Taghzout,,,,locality,,DZ-10,Taghzout,,,,,region,1,DZ-10,Bouira,HIGH,1.0,DZ-10
Algeria,El Adjiba,Bouira,,,12486,Commune,,,#N/A,2008,BouiraAlgeria,locality,,DZ-10,El Adjiba,,,,locality,,DZ-10,El Adjiba,,,,,region,1,DZ-10,Bouira,HIGH,1.0,DZ-10
Algeria,Bechloul,Bouira,,,11775,Commune,,,#N/A,2008,BouiraAlgeria,locality,,DZ-10,Bechloul,,,,locality,,DZ-10,Bechloul,,,,,region,1,DZ-10,Bouira,HIGH,1.0,DZ-10
Algeria,Mezdour,Bouira,,,11047,Commune,,,#N/A,2008,BouiraAlgeria,locality,,DZ-10,Mezdour,,,,locality,,DZ-10,Mezdour,,,,,region,1,DZ-10,Bouira,HIGH,1.0,DZ-10
Algeria,Bir Ghbalou,Bouira,,,11016,Commune,,,#N/A,2008,BouiraAlgeria,locality,,DZ-10,Bir Ghbalou,,,,locality,,DZ-10,Bir Ghbalou,,,,,region,1,DZ-10,Bouira,HIGH,1.0,DZ-10
Algeria,Oued El Berdi,Bouira,,,10767,Commune,,,#N/A,2008,BouiraAlgeria,locality,,DZ-10,Oued El Bardi,,,,locality,,DZ-10,Oued El Bardi,,,,,region,1,DZ-10,Bouira,HIGH,1.0,DZ-10
Algeria,Taguedit,Bouira,,,10562,Commune,,,#N/A,2008,BouiraAlgeria,locality,,DZ-10,Taguedit تاقديت,,,,locality,,DZ-10,Taguedit تاقديت,,,,,region,1,DZ-10,Bouira,HIGH,1.0,DZ-10
Algeria,Bordj Okhriss,Bouira,,,10467,Commune,,,#N/A,2008,BouiraAlgeria,county,2,DZ-10,Daïra Bordj Oukhris,,,,county,2,DZ-10,Daïra Bordj Oukhris,,,,,region,1,DZ-10,Bouira,HIGH,1.0,DZ-10
Algeria,Ath Mansour,Bouira,,,10077,Commune,,,#N/A,2008,BouiraAlgeria,locality,,DZ-10,Ath Mansour,,,,locality,,DZ-10,Ath Mansour,,,,,region,1,DZ-10,Bouira,HIGH,1.0,DZ-10
Algeria,Hanif (Ahnif),Bouira,,,9685,Commune,,,#N/A,2008,BouiraAlgeria,locality,,DZ-10,Ahnif,,,,locality,,DZ-10,Ahnif,,,,,region,1,DZ-10,Bouira,HIGH,1.0,DZ-10
Algeria,Ouled Rached,Bouira,,,9311,Commune,,,#N/A,2008,BouiraAlgeria,locality,,DZ-10,Ouled Rached,,,,locality,,DZ-10,Ouled Rached,,,,,region,1,DZ-10,Bouira,HIGH,1.0,DZ-10
Algeria,Aïn El Hadjar,Bouira,,,9260,Commune,,,#N/A,2008,BouiraAlgeria,locality,,DZ-10,Aïn El Hadjar,,,,locality,,DZ-10,Aïn El Hadjar,,,,,region,1,DZ-10,Bouira,HIGH,1.0,DZ-10
Algeria,Saharidj,Bouira,,,8522,Commune,,,#N/A,2008,BouiraAlgeria,locality,,DZ-10,Saharidj,,,,locality,,DZ-10,Saharidj,,,,,region,1,DZ-10,Bouira,HIGH,1.0,DZ-10
Algeria,Raouraoua,Bouira,,,8450,Commune,,,#N/A,2008,BouiraAlgeria,locality,,DZ-10,Raouraoua,,,,locality,,DZ-10,Raouraoua,,,,,region,1,DZ-10,Bouira,HIGH,1.0,DZ-10
Algeria,Souk El Khemis,Bouira,,,8003,Commune,,,#N/A,2008,BouiraAlgeria,locality,,DZ-10,Souk El Khemis,,,,locality,,DZ-10,Souk El Khemis,,,,,region,1,DZ-10,Bouira,HIGH,1.0,DZ-10
Algeria,Aïn El Turc,Bouira,,,7849,Commune,,,#N/A,2008,BouiraAlgeria,locality,,DZ-10,Ain Turk,,,,locality,,DZ-10,Ain Turk,,,,,region,1,DZ-10,Bouira,HIGH,1.0,DZ-10
Algeria,Dechmia,Bouira,,,7504,Commune,,,#N/A,2008,BouiraAlgeria,locality,,DZ-10,Dechmia,,,,locality,,DZ-10,Dechmia,,,,,region,1,DZ-10,Bouira,HIGH,1.0,DZ-10
Algeria,Aïn Laloui,Bouira,,,6738,Commune,,,#N/A,2008,BouiraAlgeria,locality,,DZ-10,Aïn Laloui,,,,locality,,DZ-10,Aïn Laloui,,,,,region,1,DZ-10,Bouira,HIGH,1.0,DZ-10
Algeria,El Khabouzia,Bouira,,,6132,Commune,,,#N/A,2008,BouiraAlgeria,locality,,DZ-10,El Khabouzia,,,,locality,,DZ-10,El Khabouzia,,,,,region,1,DZ-10,Bouira,HIGH,1.0,DZ-10
Algeria,Boukram,Bouira,,,5647,Commune,,,#N/A,2008,BouiraAlgeria,locality,,DZ-10,Boukram,,,,locality,,DZ-10,Boukram,,,,,region,1,DZ-10,Bouira,HIGH,1.0,DZ-10
Algeria,Maala,Bouira,,,5296,Commune,,,#N/A,2008,BouiraAlgeria,locality,,DZ-10,Maala,,,,locality,,DZ-10,Maala,,,,,region,1,DZ-10,Bouira,HIGH,1.0,DZ-10
Algeria,El Mokrani,Bouira,,,3961,Commune,,,#N/A,2008,BouiraAlgeria,locality,,DZ-10,El Mokrani,,,,locality,,DZ-10,El Mokrani,,,,,region,1,DZ-10,Bouira,HIGH,1.0,DZ-10
Algeria,Zbarbar,Bouira,,,3768,Commune,,,#N/A,2008,BouiraAlgeria,locality,,DZ-10,Zbarbar,,,,locality,,DZ-10,Zbarbar,,,,,region,1,DZ-10,Bouira,HIGH,1.0,DZ-10
Algeria,Hadjera Zerga,Bouira,,,3672,Commune,,,#N/A,2008,BouiraAlgeria,locality,,DZ-10,Hadjera Zergua,,,,locality,,DZ-10,Hadjera Zergua,,,,,region,1,DZ-10,Bouira,HIGH,1.0,DZ-10
Algeria,Maamora,Bouira,,,3652,Commune,,,#N/A,2008,BouiraAlgeria,locality,,DZ-10,Mamora,,,,locality,,DZ-10,Mamora,,,,,region,1,DZ-10,Bouira,HIGH,1.0,DZ-10
Algeria,Ridane,Bouira,,,3268,Commune,,,#N/A,2008,BouiraAlgeria,locality,,DZ-10,Ridane,,,,locality,,DZ-10,Ridane,,,,,region,1,DZ-10,Bouira,HIGH,1.0,DZ-10
Algeria,El Hakimia,Bouira,,,2212,Commune,,,#N/A,2008,BouiraAlgeria,locality,,DZ-10,El Hakimia,,,,locality,,DZ-10,El Hakimia,,,,,region,1,DZ-10,Bouira,HIGH,1.0,DZ-10
Algeria,Khemis El Khechna,Boumerdès,,,75962,Commune,Algiers,,Algiers,2008,BoumerdèsAlgeria,county,2,DZ-35,Daïra Khemis El Khechna,,,,county,2,DZ-35,Daïra Khemis El Khechna,,,,,region,1,DZ-35,Boumerdès,HIGH,1.0,DZ-35
Algeria,Boudouaou,Boumerdès,,,71238,Commune,Algiers,,Algiers,2008,BoumerdèsAlgeria,locality,,DZ-35,Boudouaou ⴱⵓⴷⵡⴰⵡ بودواو,,,,locality,,DZ-35,Boudouaou ⴱⵓⴷⵡⴰⵡ بودواو,,,,,region,1,DZ-35,Boumerdès,HIGH,1.0,DZ-35
Algeria,Bordj Menaïel,Boumerdès,,,64820,Commune,Algiers,,Algiers,2008,BoumerdèsAlgeria,locality,,DZ-35,Bordj Menaiel ⴱⵓⵔⴵ ⵎⵏⴰⵢⴻⵍ برج منايل,,,,locality,,DZ-35,Bordj Menaiel ⴱⵓⵔⴵ ⵎⵏⴰⵢⴻⵍ برج منايل,,,,,region,1,DZ-35,Boumerdès,HIGH,1.0,DZ-35
Algeria,Ouled Moussa,Boumerdès,,,45770,Commune,Algiers,,Algiers,2008,BoumerdèsAlgeria,locality,,DZ-35,Ouled Moussa ⵡⵍⴰⴷ ⵎⵓⵙⴰ أولاد موسى,,,,locality,,DZ-35,Ouled Moussa ⵡⵍⴰⴷ ⵎⵓⵙⴰ أولاد موسى,,,,,region,1,DZ-35,Boumerdès,HIGH,1.0,DZ-35
Algeria,Boumerdès,Boumerdès,,,41685,Province Capital,Algiers,,Algiers,2008,BoumerdèsAlgeria,county,2,DZ-35,Daïra Boumerdès,,,,region,1,DZ-35,Boumerdès,,,,,region,1,DZ-35,Boumerdès,HIGH,1.0,DZ-35
Algeria,Hammedi,Boumerdès,,,40546,Commune,Algiers,,Algiers,2008,BoumerdèsAlgeria,locality,,DZ-35,Hammedi ⵃⴻⵎⵎⴰⴷⵉ حمادي,,,,locality,,DZ-35,Hammedi ⵃⴻⵎⵎⴰⴷⵉ حمادي,,,,,region,1,DZ-35,Boumerdès,HIGH,1.0,DZ-35
Algeria,Chabet el Ameur,Boumerdès,,,33459,Commune,Algiers,,Algiers,2008,BoumerdèsAlgeria,locality,,DZ-35,Chaabet El Ameur ⵛⴻⵄⴱⴻⵜ ⵍⵄⴰⵎⴻⵔ شعبة العامر,,,,locality,,DZ-35,Chaabet El Ameur ⵛⴻⵄⴱⴻⵜ ⵍⵄⴰⵎⴻⵔ شعبة العامر,,,,,region,1,DZ-35,Boumerdès,HIGH,1.0,DZ-35
Algeria,Dellys,Boumerdès,,,32954,Commune,Algiers,,Algiers,2008,BoumerdèsAlgeria,county,2,DZ-35,Daïra Dellys,,,,county,2,DZ-35,Daïra Dellys,,,,,region,1,DZ-35,Boumerdès,HIGH,1.0,DZ-35
Algeria,Issers,Boumerdès,,,32580,Commune,Algiers,,Algiers,2008,BoumerdèsAlgeria,locality,,DZ-35,Isser ⵉⵙⴻⵔ يسر,,,,locality,,DZ-35,Isser ⵉⵙⴻⵔ يسر,,,,,region,1,DZ-35,Boumerdès,HIGH,1.0,DZ-35
Algeria,Ouled Hedadj,Boumerdès,,,30573,Commune,Algiers,,Algiers,2008,BoumerdèsAlgeria,locality,,DZ-35,Ouled Haddadj ⵡⵍⴰⴷ ⵀⴻⴷⴷⴰⴵ أولاد هداج,,,,locality,,DZ-35,Ouled Haddadj ⵡⵍⴰⴷ ⵀⴻⴷⴷⴰⴵ أولاد هداج,,,,,region,1,DZ-35,Boumerdès,HIGH,1.0,DZ-35
Algeria,Zemmouri,Boumerdès,,,26408,Commune,Algiers,,Algiers,2008,BoumerdèsAlgeria,locality,,DZ-35,Zemmouri ⵣⴻⵎⵎⵓⵔⵉ زموري,,,,locality,,DZ-35,Zemmouri ⵣⴻⵎⵎⵓⵔⵉ زموري,,,,,region,1,DZ-35,Boumerdès,HIGH,1.0,DZ-35
Algeria,Beni Amrane,Boumerdès,,,23621,Commune,Algiers,,Algiers,2008,BoumerdèsAlgeria,locality,,DZ-35,Beni Amrane ⴰⵜ ⵄⴻⵎⵔⴰⵏ بني عمران,,,,locality,,DZ-35,Beni Amrane ⴰⵜ ⵄⴻⵎⵔⴰⵏ بني عمران,,,,,region,1,DZ-35,Boumerdès,HIGH,1.0,DZ-35
Algeria,Naciria,Boumerdès,,,22431,Commune,Algiers,,Algiers,2008,BoumerdèsAlgeria,locality,,DZ-35,Naciria ⵏⵏⴰⵙⵉⵔⵉⵢⴰ الناصرية,,,,locality,,DZ-35,Naciria ⵏⵏⴰⵙⵉⵔⵉⵢⴰ الناصرية,,,,,region,1,DZ-35,Boumerdès,HIGH,1.0,DZ-35
Algeria,Djinet,Boumerdès,,,21966,Commune,Algiers,,Algiers,2008,BoumerdèsAlgeria,locality,,DZ-35,Djenet ⴵⴻⵏⵏⴰⵜ جنات,,,,locality,,DZ-35,Djenet ⴵⴻⵏⵏⴰⵜ جنات,,,,,region,1,DZ-35,Boumerdès,HIGH,1.0,DZ-35
Algeria,Thenia,Boumerdès,,,21439,Commune,Algiers,,Algiers,2008,BoumerdèsAlgeria,locality,,DZ-35,Thenia ⵜⵏⵉⵢⴰ الثنية,,,,locality,,DZ-35,Thenia ⵜⵏⵉⵢⴰ الثنية,,,,,region,1,DZ-35,Boumerdès,HIGH,1.0,DZ-35
Algeria,Corso,Boumerdès,,,20705,Commune,Algiers,,Algiers,2008,BoumerdèsAlgeria,locality,,DZ-35,Corso ⵇⵓⵔⵚⵓ قورصو,,,,locality,,DZ-35,Corso ⵇⵓⵔⵚⵓ قورصو,,,,,region,1,DZ-35,Boumerdès,HIGH,1.0,DZ-35
Algeria,Larbatache,Boumerdès,,,19356,Commune,Algiers,,Algiers,2008,BoumerdèsAlgeria,locality,,DZ-35,Larbatache ⵍⴻⵔⴱⴻⵄⵟⴰⵛ لربعطاش,,,,locality,,DZ-35,Larbatache ⵍⴻⵔⴱⴻⵄⵟⴰⵛ لربعطاش,,,,,region,1,DZ-35,Boumerdès,HIGH,1.0,DZ-35
Algeria,Tidjelabine,Boumerdès,,,18266,Commune,Algiers,,Algiers,2008,BoumerdèsAlgeria,locality,,DZ-35,Tidjelabine ⵜⵉⵊⴻⵍⵍⴰⴱⵉⵏ تيجلابين,,,,locality,,DZ-35,Tidjelabine ⵜⵉⵊⴻⵍⵍⴰⴱⵉⵏ تيجلابين,,,,,region,1,DZ-35,Boumerdès,HIGH,1.0,DZ-35
Algeria,Baghlia,Boumerdès,,,18052,Commune,Algiers,,Algiers,2008,BoumerdèsAlgeria,locality,,DZ-35,Baghlia ⵍⴻⵄⵣⵉⴱ ⵏ ⵛⵛⵉⵅ بغلية,,,,locality,,DZ-35,Baghlia ⵍⴻⵄⵣⵉⴱ ⵏ ⵛⵛⵉⵅ بغلية,,,,,region,1,DZ-35,Boumerdès,HIGH,1.0,DZ-35
Algeria,Sidi Daoud,Boumerdès,,,16900,Commune,Algiers,,Algiers,2008,BoumerdèsAlgeria,locality,,DZ-35,Sidi Daoud ⵙⵉⴷⵉ ⴷⴰⵡⴻⴷ سيدي داود,,,,locality,,DZ-35,Sidi Daoud ⵙⵉⴷⵉ ⴷⴰⵡⴻⴷ سيدي داود,,,,,region,1,DZ-35,Boumerdès,HIGH,1.0,DZ-35
Algeria,Boudouaou El Bahri,Boumerdès,,,14209,Commune,Algiers,,Algiers,2008,BoumerdèsAlgeria,locality,,DZ-35,Boudouaou El Bahri ⴱⵓⴷⵡⴰⵡ ⵍⴱⴻⵃⵔⵉ بودواو البحري,,,,locality,,DZ-35,Boudouaou El Bahri ⴱⵓⴷⵡⴰⵡ ⵍⴱⴻⵃⵔⵉ بودواو البحري,,,,,region,1,DZ-35,Boumerdès,HIGH,1.0,DZ-35
Algeria,Leghata,Boumerdès,,,13692,Commune,Algiers,,Algiers,2008,BoumerdèsAlgeria,locality,,DZ-35,Leghata ⵍⴻⴳⴳⴰⵟⴰ لقاطة,,,,locality,,DZ-35,Leghata ⵍⴻⴳⴳⴰⵟⴰ لقاطة,,,,,region,1,DZ-35,Boumerdès,HIGH,1.0,DZ-35
Algeria,Afir,Boumerdès,,,13223,Commune,Algiers,,Algiers,2008,BoumerdèsAlgeria,locality,,DZ-35,Afir ⵄⴰⴼⵉⵔ عفير,,,,locality,,DZ-35,Afir ⵄⴰⴼⵉⵔ عفير,,,,,region,1,DZ-35,Boumerdès,HIGH,1.0,DZ-35
Algeria,Si Mustapha,Boumerdès,,,12087,Commune,Algiers,,Algiers,2008,BoumerdèsAlgeria,locality,,DZ-35,Si Mustapha ⵚⵉ ⵎⴻⵙⵟⴰⴼⴰ سي مصطفى,,,,locality,,DZ-35,Si Mustapha ⵚⵉ ⵎⴻⵙⵟⴰⴼⴰ سي مصطفى,,,,,region,1,DZ-35,Boumerdès,HIGH,1.0,DZ-35
Algeria,El Kharrouba,Boumerdès,,,10885,Commune,Algiers,,Algiers,2008,BoumerdèsAlgeria,,,,,x,,,,,,,,,,,region,1,DZ-35,Boumerdès,NONE,0.0,DZ-35
Algeria,Timezrit,Boumerdès,,,9991,Commune,Algiers,,Algiers,2008,BoumerdèsAlgeria,locality,,DZ-35,Timezrit ⵜⵉⵎⴻⵥⵔⵉⵜ تيمزريت,,,,locality,,DZ-35,Timezrit ⵜⵉⵎⴻⵥⵔⵉⵜ تيمزريت,,,,,region,1,DZ-35,Boumerdès,HIGH,1.0,DZ-35
Algeria,Ben Choud,Boumerdès,,,9985,Commune,Algiers,,Algiers,2008,BoumerdèsAlgeria,locality,,DZ-35,Ben Choud ⴱⴻⵏ ⵛⵓⴷ بن شود,,,,locality,,DZ-35,Ben Choud ⴱⴻⵏ ⵛⵓⴷ بن شود,,,,,region,1,DZ-35,Boumerdès,HIGH,1.0,DZ-35
Algeria,Bouzegza Keddara,Boumerdès,,,8511,Commune,Algiers,,Algiers,2008,BoumerdèsAlgeria,locality,,DZ-35,Bouzegza Keddara ⴱⵓⵣⴻⴳⵣⴰ ⵇⴻⴷⴷⴰⵔⴰ بوزقزة قدارة,,,,locality,,DZ-35,Bouzegza Keddara ⴱⵓⵣⴻⴳⵣⴰ ⵇⴻⴷⴷⴰⵔⴰ بوزقزة قدارة,,,,,region,1,DZ-35,Boumerdès,HIGH,1.0,DZ-35
Algeria,Ammal,Boumerdès,,,8505,Commune,Algiers,,Algiers,2008,BoumerdèsAlgeria,locality,,DZ-35,Ammal ⵄⴻⵎⵎⴰⵍ عمال,,,,locality,,DZ-35,Ammal ⵄⴻⵎⵎⴰⵍ عمال,,,,,region,1,DZ-35,Boumerdès,HIGH,1.0,DZ-35
Algeria,Taourga,Boumerdès,,,7882,Commune,Algiers,,Algiers,2008,BoumerdèsAlgeria,locality,,DZ-35,Taourga ⵜⴰⵡⴻⵔⴳⴰ تورقة,,,,locality,,DZ-35,Taourga ⵜⴰⵡⴻⵔⴳⴰ تورقة,,,,,region,1,DZ-35,Boumerdès,HIGH,1.0,DZ-35
Algeria,Ouled Aïssa,Boumerdès,,,7685,Commune,Algiers,,Algiers,2008,BoumerdèsAlgeria,locality,,DZ-35,Ouled Aissa ⵡⵍⴰⴷ ⵄⵉⵙⴰ اولاد عيسى,,,,locality,,DZ-35,Ouled Aissa ⵡⵍⴰⴷ ⵄⵉⵙⴰ اولاد عيسى,,,,,region,1,DZ-35,Boumerdès,HIGH,1.0,DZ-35
Algeria,Souk El Had,Boumerdès,,,6693,Commune,Algiers,,Algiers,2008,BoumerdèsAlgeria,locality,,DZ-35,Souk El Had ⵙⵓⵇ ⵍⵃⴻⴷ سوق الحد,,,,locality,,DZ-35,Souk El Had ⵙⵓⵇ ⵍⵃⴻⴷ سوق الحد,,,,,region,1,DZ-35,Boumerdès,HIGH,1.0,DZ-35
Algeria,Chlef,Chlef,,,178616,Province Capital,Chlef,,Chlef,2008,ChlefAlgeria,county,2,DZ-02,Daïra Chlef,,,,region,1,DZ-02,Chlef,,,,,region,1,DZ-02,Chlef,HIGH,1.0,DZ-02
Algeria,Chettia,Chlef,,,71408,Commune,,,#N/A,2008,ChlefAlgeria,locality,,DZ-02,Chettia ⵛⵛⴻⵟⵉⵢⴰ الشطية,,,,locality,,DZ-02,Chettia ⵛⵛⴻⵟⵉⵢⴰ الشطية,,,,,region,1,DZ-02,Chlef,HIGH,1.0,DZ-02
Algeria,Boukadir,Chlef,,,51340,Commune,,,#N/A,2008,ChlefAlgeria,locality,,DZ-02,Boukadir ⴱⵓⵇⴰⴷⵉⵔ بوقادير,,,,locality,,DZ-02,Boukadir ⴱⵓⵇⴰⴷⵉⵔ بوقادير,,,,,region,1,DZ-02,Chlef,HIGH,1.0,DZ-02
Algeria,Aïn Merane,Chlef,,,51326,Commune,,,#N/A,2008,ChlefAlgeria,county,2,DZ-02,Daïra Aïn Merane,,,,county,2,DZ-02,Daïra Aïn Merane,,,,,region,1,DZ-02,Chlef,HIGH,1.0,DZ-02
Algeria,Oued Sly,Chlef,,,47248,Commune,,,#N/A,2008,ChlefAlgeria,locality,,DZ-02,Oued Sly ⵡⴰⴷ ⵙⵍⵉ وادي سلي,,,,locality,,DZ-02,Oued Sly ⵡⴰⴷ ⵙⵍⵉ وادي سلي,,,,,region,1,DZ-02,Chlef,HIGH,1.0,DZ-02
Algeria,Oued Fodda,Chlef,,,41710,Commune,,,#N/A,2008,ChlefAlgeria,locality,,DZ-02,Oued Fodda ⵡⴰⴷ ⵍⴼⴻⴹⴹⴰ وادى الفضة,,,,locality,,DZ-02,Oued Fodda ⵡⴰⴷ ⵍⴼⴻⴹⴹⴰ وادى الفضة,,,,,region,1,DZ-02,Chlef,HIGH,1.0,DZ-02
Algeria,Ténès,Chlef,,,35459,Commune,,,#N/A,2008,ChlefAlgeria,county,2,DZ-02,Daïra Ténès,,,,county,2,DZ-02,Daïra Ténès,,,,,region,1,DZ-02,Chlef,HIGH,1.0,DZ-02
Algeria,Ouled Fares,Chlef,,,34891,Commune,,,#N/A,2008,ChlefAlgeria,locality,,DZ-02,Ouled Fares ⵡⵍⴰⴷ ⴼⴰⵔⴻⵙ أولاد فارس,,,,locality,,DZ-02,Ouled Fares ⵡⵍⴰⴷ ⴼⴰⵔⴻⵙ أولاد فارس,,,,,region,1,DZ-02,Chlef,HIGH,1.0,DZ-02
Algeria,Sobha,Chlef,,,34455,Commune,,,#N/A,2008,ChlefAlgeria,locality,,DZ-02,Sobha ⵚⵓⴱⵃⴰ صبحة,,,,locality,,DZ-02,Sobha ⵚⵓⴱⵃⴰ صبحة,,,,,region,1,DZ-02,Chlef,HIGH,1.0,DZ-02
Algeria,Sendjas,Chlef,,,29043,Commune,,,#N/A,2008,ChlefAlgeria,locality,,DZ-02,Sendjas ⵙⴻⵏⴵⴰⵙ السنجاس,,,,locality,,DZ-02,Sendjas ⵙⴻⵏⴵⴰⵙ السنجاس,,,,,region,1,DZ-02,Chlef,HIGH,1.0,DZ-02
Algeria,El Karimia,Chlef,,,28821,Commune,,,#N/A,2008,ChlefAlgeria,locality,,DZ-02,El Karimia ⵍⴽⴰⵔⵉⵎⵉⵢⴰ الكريمية,,,,locality,,DZ-02,El Karimia ⵍⴽⴰⵔⵉⵎⵉⵢⴰ الكريمية,,,,,region,1,DZ-02,Chlef,HIGH,1.0,DZ-02
Algeria,Taougrite,Chlef,,,27574,Commune,,,#N/A,2008,ChlefAlgeria,locality,,DZ-02,Taougrite ⵜⴰⵡⴳⵔⵉⵜ تاوقريت,,,,locality,,DZ-02,Taougrite ⵜⴰⵡⴳⵔⵉⵜ تاوقريت,,,,,region,1,DZ-02,Chlef,HIGH,1.0,DZ-02
Algeria,Sidi Akkacha,Chlef,,,26595,Commune,,,#N/A,2008,ChlefAlgeria,locality,,DZ-02,Sidi Akkacha ⵙⵉⴷⵉ ⵄⴻⴽⴽⴰⵛⴰ سيدى عكاشة,,,,locality,,DZ-02,Sidi Akkacha ⵙⵉⴷⵉ ⵄⴻⴽⴽⴰⵛⴰ سيدى عكاشة,,,,,region,1,DZ-02,Chlef,HIGH,1.0,DZ-02
Algeria,Zeboudja,Chlef,,,26539,Commune,,,#N/A,2008,ChlefAlgeria,locality,,DZ-02,Zeboudja,,,,locality,,DZ-02,Zeboudja,,,,,region,1,DZ-02,Chlef,HIGH,1.0,DZ-02
Algeria,Tadjena,Chlef,,,24413,Commune,,,#N/A,2008,ChlefAlgeria,locality,,DZ-02,Tadjena ⵜⴰⵊⴻⵏⵏⴰ تاجنة,,,,locality,,DZ-02,Tadjena ⵜⴰⵊⴻⵏⵏⴰ تاجنة,,,,,region,1,DZ-02,Chlef,HIGH,1.0,DZ-02
Algeria,Dahra,Chlef,,,23802,Commune,,,#N/A,2008,ChlefAlgeria,locality,,DZ-02,Dahra ⴹⴹⴰⵀⵔⴰ الظهرة,,,,locality,,DZ-02,Dahra ⴹⴹⴰⵀⵔⴰ الظهرة,,,,,region,1,DZ-02,Chlef,HIGH,1.0,DZ-02
Algeria,Beni Rached,Chlef,,,23449,Commune,,,#N/A,2008,ChlefAlgeria,locality,,DZ-02,Beni Rachid ⴰⵢⵜ ⵔⴰⵛⴻⴷ بنى راشد,,,,locality,,DZ-02,Beni Rachid ⴰⵢⵜ ⵔⴰⵛⴻⴷ بنى راشد,,,,,region,1,DZ-02,Chlef,HIGH,1.0,DZ-02
Algeria,Abou El Hassan,Chlef,,,22756,Commune,,,#N/A,2008,ChlefAlgeria,locality,,DZ-02,Abou El Hassen ⴶⴱⵓ ⵍⵃⴰⵙⴻⵏ أبو الحسن,,,,locality,,DZ-02,Abou El Hassen ⴶⴱⵓ ⵍⵃⴰⵙⴻⵏ أبو الحسن,,,,,region,1,DZ-02,Chlef,HIGH,1.0,DZ-02
Algeria,Bouzeghaia,Chlef,,,22590,Commune,,,#N/A,2008,ChlefAlgeria,locality,,DZ-02,Bouzeghaia ⴱⵓⵣⵖⴰⵢⴰ بوزغاية,,,,locality,,DZ-02,Bouzeghaia ⴱⵓⵣⵖⴰⵢⴰ بوزغاية,,,,,region,1,DZ-02,Chlef,HIGH,1.0,DZ-02
Algeria,Oum Drou,Chlef,,,21326,Commune,,,#N/A,2008,ChlefAlgeria,locality,,DZ-02,Oum Drou ⵓⵎ ⴷⵔⵓⵄ أم الذروع,,,,locality,,DZ-02,Oum Drou ⵓⵎ ⴷⵔⵓⵄ أم الذروع,,,,,region,1,DZ-02,Chlef,HIGH,1.0,DZ-02
Algeria,Beni Haoua,Chlef,,,20853,Commune,,,#N/A,2008,ChlefAlgeria,locality,,DZ-02,Beni Haoua ⴰⵢⵜ ⵃⴻⵡⵡⴰ بني حواء,,,,locality,,DZ-02,Beni Haoua ⴰⵢⵜ ⵃⴻⵡⵡⴰ بني حواء,,,,,region,1,DZ-02,Chlef,HIGH,1.0,DZ-02
Algeria,Ouled Ben Abdelkader,Chlef,,,19952,Commune,,,#N/A,2008,ChlefAlgeria,county,2,DZ-02,Daïra Ouled Ben Abdelkader,,,,county,2,DZ-02,Daïra Ouled Ben Abdelkader,,,,,region,1,DZ-02,Chlef,HIGH,1.0,DZ-02
Algeria,Harchoun,Chlef,,,17873,Commune,,,#N/A,2008,ChlefAlgeria,locality,,DZ-02,Harchoun ⵃⴻⵔⵛⵓⵏ حرشون,,,,locality,,DZ-02,Harchoun ⵃⴻⵔⵛⵓⵏ حرشون,,,,,region,1,DZ-02,Chlef,HIGH,1.0,DZ-02
Algeria,Harenfa,Chlef,,,17799,Commune,,,#N/A,2008,ChlefAlgeria,locality,,DZ-02,Harenfa ⵀⴰⵔⴻⵏⴼⴰ الهرنفة,,,,locality,,DZ-02,Harenfa ⵀⴰⵔⴻⵏⴼⴰ الهرنفة,,,,,region,1,DZ-02,Chlef,HIGH,1.0,DZ-02
Algeria,Bénairia,Chlef,,,15697,Commune,,,#N/A,2008,ChlefAlgeria,locality,,DZ-02,Benairia ⴱⴻⵏⵏⴰⵢⵔⵉⵢⴰ بنايرية,,,,locality,,DZ-02,Benairia ⴱⴻⵏⵏⴰⵢⵔⵉⵢⴰ بنايرية,,,,,region,1,DZ-02,Chlef,HIGH,1.0,DZ-02
Algeria,Labiod Medjadja,Chlef,,,14733,Commune,,,#N/A,2008,ChlefAlgeria,locality,,DZ-02,Labiodh Medjadja ⵍⴻⴱⵢⵓⴹ الأبيض مجاجة,,,,locality,,DZ-02,Labiodh Medjadja ⵍⴻⴱⵢⵓⴹ الأبيض مجاجة,,,,,region,1,DZ-02,Chlef,HIGH,1.0,DZ-02
Algeria,Breira,Chlef,,,13200,Commune,,,#N/A,2008,ChlefAlgeria,locality,,DZ-02,Breira,,,,locality,,DZ-02,Breira,,,,,region,1,DZ-02,Chlef,HIGH,1.0,DZ-02
Algeria,Talassa,Chlef,,,11503,Commune,,,#N/A,2008,ChlefAlgeria,locality,,DZ-02,Talassa ⵜⴰⵍⴻⵄⵚⴰ تلعصة,,,,locality,,DZ-02,Talassa ⵜⴰⵍⴻⵄⵚⴰ تلعصة,,,,,region,1,DZ-02,Chlef,HIGH,1.0,DZ-02
Algeria,El Marsa,Chlef,,,10807,Commune,,,#N/A,2008,ChlefAlgeria,county,2,DZ-02,Daïra El Marsa,,,,county,2,DZ-02,Daïra El Marsa,,,,,region,1,DZ-02,Chlef,HIGH,1.0,DZ-02
Algeria,Ouled Abbes,Chlef,,,8578,Commune,,,#N/A,2008,ChlefAlgeria,locality,,DZ-02,Ouled Abbes ⵡⵍⴰⴷ ⵄⴻⴱⴱⴰⵙ أولاد عباس,,,,locality,,DZ-02,Ouled Abbes ⵡⵍⴰⴷ ⵄⴻⴱⴱⴰⵙ أولاد عباس,,,,,region,1,DZ-02,Chlef,HIGH,1.0,DZ-02
Algeria,El Hadjadj,Chlef,,,8478,Commune,,,#N/A,2008,ChlefAlgeria,locality,,DZ-02,El Hadjadj ⵍⵃⴻⴵⴵⴰⴵ الحجاج,,,,locality,,DZ-02,El Hadjadj ⵍⵃⴻⴵⴵⴰⴵ الحجاج,,,,,region,1,DZ-02,Chlef,HIGH,1.0,DZ-02
Algeria,Oued Goussine,Chlef,,,6453,Commune,,,#N/A,2008,ChlefAlgeria,locality,,DZ-02,Oued Goussine ⵡⴰⴷ ⴳⵓⵙⵉⵏ وادى قوسين,,,,locality,,DZ-02,Oued Goussine ⵡⴰⴷ ⴳⵓⵙⵉⵏ وادى قوسين,,,,,region,1,DZ-02,Chlef,HIGH,1.0,DZ-02
Algeria,Moussadek,Chlef,,,6380,Commune,,,#N/A,2008,ChlefAlgeria,locality,,DZ-02,Moussadek ⵎⵓⵚⴰⴷⴻⵇ مصدق,,,,locality,,DZ-02,Moussadek ⵎⵓⵚⴰⴷⴻⵇ مصدق,,,,,region,1,DZ-02,Chlef,HIGH,1.0,DZ-02
Algeria,Sidi Abderrahmane,Chlef,,,4349,Commune,,,#N/A,2008,ChlefAlgeria,locality,,DZ-02,Sidi Abderrahmane ⵙⵉⴷⵉ ⵄⴻⴱⴷⴻⵔⵔⴻⵃⵎⴰⵏ سيدي عبد الرحمان,,,,locality,,DZ-02,Sidi Abderrahmane ⵙⵉⴷⵉ ⵄⴻⴱⴷⴻⵔⵔⴻⵃⵎⴰⵏ سيدي عبد الرحمان,,,,,region,1,DZ-02,Chlef,HIGH,1.0,DZ-02
Algeria,Beni Bouateb,Chlef,,,2069,Commune,,,#N/A,2008,ChlefAlgeria,locality,,DZ-02,Beni Bouattab ⴱⴻⵏⵉ ⴱⵓⵄⴻⵜⵜⴰⴱ بنى بوعتاب,,,,locality,,DZ-02,Beni Bouattab ⴱⴻⵏⵉ ⴱⵓⵄⴻⵜⵜⴰⴱ بنى بوعتاب,,,,,region,1,DZ-02,Chlef,HIGH,1.0,DZ-02
Algeria,Constantine,Constantine,,,448374,Province Capital,Constantine,,Constantine,2008,ConstantineAlgeria,county,2,DZ-25,Daïra Constantine,,,,region,1,DZ-25,Constantine,,,,,region,1,DZ-25,Constantine,HIGH,1.0,DZ-25
Algeria,El Khroub,Constantine,,,179033,Commune,Constantine,,Constantine,2008,ConstantineAlgeria,locality,,DZ-25,El Khroub ⵍⴻⵅⵔⵓⴱ الخروب,,,,locality,,DZ-25,El Khroub ⵍⴻⵅⵔⵓⴱ الخروب,,,,,region,1,DZ-25,Constantine,HIGH,1.0,DZ-25
Algeria,Hamma Bouziane,Constantine,,,79952,Commune,Constantine,,Constantine,2008,ConstantineAlgeria,county,2,DZ-25,Daïra Hamma Bouziane,,,,county,2,DZ-25,Daïra Hamma Bouziane,,,,,region,1,DZ-25,Constantine,HIGH,1.0,DZ-25
Algeria,Didouche Mourad,Constantine,,,44951,Commune,Constantine,,Constantine,2008,ConstantineAlgeria,locality,,DZ-25,Didouche Mourad ⴷⵉⴷⵓⵛ ⵎⵓⵔⴰⴷ ديدوش مراد,,,,locality,,DZ-25,Didouche Mourad ⴷⵉⴷⵓⵛ ⵎⵓⵔⴰⴷ ديدوش مراد,,,,,region,1,DZ-25,Constantine,HIGH,1.0,DZ-25
Algeria,Aïn Smara,Constantine,,,36998,Commune,,,#N/A,2008,ConstantineAlgeria,locality,,DZ-25,Aïn Smara ⵄⵉⵏ ⵙⵎⴰⵔⴰ عين سمارة,,,,locality,,DZ-25,Aïn Smara ⵄⵉⵏ ⵙⵎⴰⵔⴰ عين سمارة,,,,,region,1,DZ-25,Constantine,HIGH,1.0,DZ-25
Algeria,Zighoud Youcef,Constantine,,,35248,Commune,,,#N/A,2008,ConstantineAlgeria,locality,,DZ-25,Zighoud Youcef ⵣⵉⵖⵓⴷ ⵢⵓⵙⴻⴼ زيغود يوسف,,,,locality,,DZ-25,Zighoud Youcef ⵣⵉⵖⵓⴷ ⵢⵓⵙⴻⴼ زيغود يوسف,,,,,region,1,DZ-25,Constantine,HIGH,1.0,DZ-25
Algeria,Aïn Abid,Constantine,,,31743,Commune,,,#N/A,2008,ConstantineAlgeria,locality,,DZ-25,Aïn Abid ⵄⵉⵏ ⵄⴱⵉⴷ عين عبيد,,,,locality,,DZ-25,Aïn Abid ⵄⵉⵏ ⵄⴱⵉⴷ عين عبيد,,,,,region,1,DZ-25,Constantine,HIGH,1.0,DZ-25
Algeria,Ouled Rahmoune,Constantine,,,26132,Commune,,,#N/A,2008,ConstantineAlgeria,locality,,DZ-25,Ouled Rahmoun ⵡⵍⴰⴷ ⵔⴻⵃⵎⵓⵏ أولاد رحمون,,,,locality,,DZ-25,Ouled Rahmoun ⵡⵍⴰⴷ ⵔⴻⵃⵎⵓⵏ أولاد رحمون,,,,,region,1,DZ-25,Constantine,HIGH,1.0,DZ-25
Algeria,Ibn Ziad,Constantine,,,18861,Commune,,,#N/A,2008,ConstantineAlgeria,locality,,DZ-25,Ibn Ziad ⵉⴱⴻⵏ ⵣⴻⵢⵢⴰⴷ ابن زياد,,,,locality,,DZ-25,Ibn Ziad ⵉⴱⴻⵏ ⵣⴻⵢⵢⴰⴷ ابن زياد,,,,,region,1,DZ-25,Constantine,HIGH,1.0,DZ-25
Algeria,Ibn Badis,Constantine,,,18735,Commune,,,#N/A,2008,ConstantineAlgeria,locality,,DZ-25,Ibn Badis ⴱⴻⵏ ⴱⴰⴷⵉⵙ ابن باديس,,,,locality,,DZ-25,Ibn Badis ⴱⴻⵏ ⴱⴰⴷⵉⵙ ابن باديس,,,,,region,1,DZ-25,Constantine,HIGH,1.0,DZ-25
Algeria,Beni Hamiden,Constantine,,,9397,Commune,,,#N/A,2008,ConstantineAlgeria,locality,,DZ-25,Beni Hamidene ⴱⴻⵏⵉ ⵃⵎⵉⴷⴰⵏ بني حميدان,,,,locality,,DZ-25,Beni Hamidene ⴱⴻⵏⵉ ⵃⵎⵉⴷⴰⵏ بني حميدان,,,,,region,1,DZ-25,Constantine,HIGH,1.0,DZ-25
Algeria,Messaoud Boudjriou,Constantine,,,9050,Commune,,,#N/A,2008,ConstantineAlgeria,locality,,DZ-25,Messaoud Boudjriou ⵎⴻⵙⵄⵓⴷ ⴱⵓⴵⵔⵉⵡ مسعود بوجريو,,,,locality,,DZ-25,Messaoud Boudjriou ⵎⴻⵙⵄⵓⴷ ⴱⵓⴵⵔⵉⵡ مسعود بوجريو,,,,,region,1,DZ-25,Constantine,HIGH,1.0,DZ-25
Algeria,Djanet,Djanet,,,14655,Commune,,,#N/A,2008,DjanetAlgeria,,,,,,,,region,1,DZ-56,Djanet,,,,,region,1,DZ-56,Djanet,HIGH,1.0,DZ-56
Algeria,Djelfa,Djelfa,,,289226,Province Capital,Djelfa,,Djelfa,2008,DjelfaAlgeria,county,2,DZ-17,Daïra Djelfa,,,,region,1,DZ-17,Djelfa,,,,,region,1,DZ-17,Djelfa,HIGH,1.0,DZ-17
Algeria,Messaad,Djelfa,,,102453,Commune,,,#N/A,2008,DjelfaAlgeria,county,2,DZ-17,Daïra Messâad,,,,county,2,DZ-17,Daïra Messâad,,,,,region,1,DZ-17,Djelfa,HIGH,1.0,DZ-17
Algeria,Aïn Oussara,Djelfa,,,101239,Commune,,,#N/A,2008,DjelfaAlgeria,county,2,DZ-17,Daïra Aïn Oussara,,,,county,2,DZ-17,Daïra Aïn Oussara,,,,,region,1,DZ-17,Djelfa,HIGH,1.0,DZ-17
Algeria,Hassi Bahbah,Djelfa,,,86421,Commune,,,#N/A,2008,DjelfaAlgeria,locality,,DZ-17,Hassi Bahbah ⵃⴰⵙⵉ ⴱⴻⵃⴱⴰⵃ حاسي بحبح,,,,locality,,DZ-17,Hassi Bahbah ⵃⴰⵙⵉ ⴱⴻⵃⴱⴰⵃ حاسي بحبح,,,,,region,1,DZ-17,Djelfa,HIGH,1.0,DZ-17
Algeria,El Idrissia,Djelfa,,,32900,Commune,,,#N/A,2008,DjelfaAlgeria,locality,,DZ-17,El Idrissia ⴻⵍ ⵉⴷⵔⵉⵙⵉⵢⴰ الادريسية,,,,locality,,DZ-17,El Idrissia ⴻⵍ ⵉⴷⵔⵉⵙⵉⵢⴰ الادريسية,,,,,region,1,DZ-17,Djelfa,HIGH,1.0,DZ-17
Algeria,Faidh El Botma,Djelfa,,,32501,Commune,,,#N/A,2008,DjelfaAlgeria,county,2,DZ-17,Daïra Faïdh El Botma,,,,county,2,DZ-17,Daïra Faïdh El Botma,,,,,region,1,DZ-17,Djelfa,HIGH,1.0,DZ-17
Algeria,Birine,Djelfa,,,30913,Commune,,,#N/A,2008,DjelfaAlgeria,locality,,DZ-17,Birine ⴱⵉⵔⵉⵏ البيرين,,,,locality,,DZ-17,Birine ⴱⵉⵔⵉⵏ البيرين,,,,,region,1,DZ-17,Djelfa,HIGH,1.0,DZ-17
Algeria,Had-Sahary,Djelfa,,,30451,Commune,,,#N/A,2008,DjelfaAlgeria,,,,,,,,,,,,,,,,region,1,DZ-17,Djelfa,NONE,0.0,DZ-17
Algeria,Dar Chioukh,Djelfa,,,30372,Commune,,,#N/A,2008,DjelfaAlgeria,county,2,DZ-17,Daïra Dar Chioukh,,,,county,2,DZ-17,Daïra Dar Chioukh,,,,,region,1,DZ-17,Djelfa,HIGH,1.0,DZ-17
Algeria,Aïn El Ibel,Djelfa,,,28406,Commune,,,#N/A,2008,DjelfaAlgeria,county,2,DZ-17,Daïra Aïn El Ibel,,,,county,2,DZ-17,Daïra Aïn El Ibel,,,,,region,1,DZ-17,Djelfa,HIGH,1.0,DZ-17
Algeria,Charef,Djelfa,,,24028,Commune,,,#N/A,2008,DjelfaAlgeria,county,2,DZ-17,Daïra Charef,,,,county,2,DZ-17,Daïra Charef,,,,,region,1,DZ-17,Djelfa,HIGH,1.0,DZ-17
Algeria,Aïn Feka,Djelfa,,,23404,Commune,,,#N/A,2008,DjelfaAlgeria,locality,,DZ-17,Aïn Feka ⵄⵉⵏ ⴼⵇⴰ عين أفقه,,,,locality,,DZ-17,Aïn Feka ⵄⵉⵏ ⴼⵇⴰ عين أفقه,,,,,region,1,DZ-17,Djelfa,HIGH,1.0,DZ-17
Algeria,Oum Laadham,Djelfa,,,23051,Commune,,,#N/A,2008,DjelfaAlgeria,locality,,DZ-17,Oum Laadham ⵓⵎ ⵍⴻⵄⴹⴻⵎ أم العظام,,,,locality,,DZ-17,Oum Laadham ⵓⵎ ⵍⴻⵄⴹⴻⵎ أم العظام,,,,,region,1,DZ-17,Djelfa,HIGH,1.0,DZ-17
Algeria,Aïn Maabed,Djelfa,,,19997,Commune,,,#N/A,2008,DjelfaAlgeria,locality,,DZ-17,Aïn Maabed ⵄⵉⵏ ⵎⴻⵄⴱⴻⴷ عين معبد,,,,locality,,DZ-17,Aïn Maabed ⵄⵉⵏ ⵎⴻⵄⴱⴻⴷ عين معبد,,,,,region,1,DZ-17,Djelfa,HIGH,1.0,DZ-17
Algeria,Selmana,Djelfa,,,19471,Commune,,,#N/A,2008,DjelfaAlgeria,locality,,DZ-17,Selmana ⵙⴻⵍⵎⴰⵏⴰ سلمانة,,,,locality,,DZ-17,Selmana ⵙⴻⵍⵎⴰⵏⴰ سلمانة,,,,,region,1,DZ-17,Djelfa,HIGH,1.0,DZ-17
Algeria,Benhar,Djelfa,,,17207,Commune,,,#N/A,2008,DjelfaAlgeria,locality,,DZ-17,Benhar ⴱⴻⵏ ⵀⴰⵔ بن ھار,,,,locality,,DZ-17,Benhar ⴱⴻⵏ ⵀⴰⵔ بن ھار,,,,,region,1,DZ-17,Djelfa,HIGH,1.0,DZ-17
Algeria,M'Liliha,Djelfa,,,14242,Commune,,,#N/A,2008,DjelfaAlgeria,locality,,DZ-17,M'Liliha ⵎⵍⵉⵃⴰ المليليحة,,,,locality,,DZ-17,M'Liliha ⵎⵍⵉⵃⴰ المليليحة,,,,,region,1,DZ-17,Djelfa,HIGH,1.0,DZ-17
Algeria,Moudjebara,Djelfa,,,14052,Commune,,,#N/A,2008,DjelfaAlgeria,locality,,DZ-17,Moudjebara ⵎⵓⴵⴱⴰⵔⴰ مجبارة,,,,locality,,DZ-17,Moudjebara ⵎⵓⴵⴱⴰⵔⴰ مجبارة,,,,,region,1,DZ-17,Djelfa,HIGH,1.0,DZ-17
Algeria,Sed Rahal,Djelfa,,,13693,Commune,,,#N/A,2008,DjelfaAlgeria,locality,,DZ-17,Sed Rahal ⵙⴻⴷ ⵔⴰⵃⴻⵍ,,,,locality,,DZ-17,Sed Rahal ⵙⴻⴷ ⵔⴰⵃⴻⵍ,,,,,region,1,DZ-17,Djelfa,HIGH,1.0,DZ-17
Algeria,Sidi Ladjel,Djelfa,,,13661,Commune,,,#N/A,2008,DjelfaAlgeria,locality,,DZ-17,Sidi Ladjel ⵙⵉⴷⵉ ⵍⴻⵄⴵⴰⵍ سيدي لعجال,,,,locality,,DZ-17,Sidi Ladjel ⵙⵉⴷⵉ ⵍⴻⵄⴵⴰⵍ سيدي لعجال,,,,,region,1,DZ-17,Djelfa,HIGH,1.0,DZ-17
Algeria,Hassi Fedoul,Djelfa,,,13171,Commune,,,#N/A,2008,DjelfaAlgeria,locality,,DZ-17,Hassi Fedoul ⵃⴰⵙⵉ ⵍⴻⴼⴺⵓⵍ حاسي فدول,,,,locality,,DZ-17,Hassi Fedoul ⵃⴰⵙⵉ ⵍⴻⴼⴺⵓⵍ حاسي فدول,,,,,region,1,DZ-17,Djelfa,HIGH,1.0,DZ-17
Algeria,Zaafrane,Djelfa,,,12972,Commune,,,#N/A,2008,DjelfaAlgeria,locality,,DZ-17,Zaafrane ⵣⴰⵄⴼⵔⴰⵍ الزعفران,,,,locality,,DZ-17,Zaafrane ⵣⴰⵄⴼⵔⴰⵍ الزعفران,,,,,region,1,DZ-17,Djelfa,HIGH,1.0,DZ-17
Algeria,El Guedid,Djelfa,,,12833,Commune,,,#N/A,2008,DjelfaAlgeria,locality,,DZ-17,El Guedid ⵍⴳⴻⴷⴷⵉⴷ القديد,,,,locality,,DZ-17,El Guedid ⵍⴳⴻⴷⴷⵉⴷ القديد,,,,,region,1,DZ-17,Djelfa,HIGH,1.0,DZ-17
Algeria,Hassi El Euch,Djelfa,,,11692,Commune,,,#N/A,2008,DjelfaAlgeria,locality,,DZ-17,Hassi El Euch ⵃⴰⵙⵉ ⵍⵄⴻⵔⵛ حاسى العش,,,,locality,,DZ-17,Hassi El Euch ⵃⴰⵙⵉ ⵍⵄⴻⵔⵛ حاسى العش,,,,,region,1,DZ-17,Djelfa,HIGH,1.0,DZ-17
Algeria,Deldoul,Djelfa,,,11230,Commune,,,#N/A,2008,DjelfaAlgeria,locality,,DZ-17,Deldoul ⴷⴻⵍⴷⵓⵍ دلدول,,,,locality,,DZ-17,Deldoul ⴷⴻⵍⴷⵓⵍ دلدول,,,,,region,1,DZ-17,Djelfa,HIGH,1.0,DZ-17
Algeria,Bouira Lahdab,Djelfa,,,10993,Commune,,,#N/A,2008,DjelfaAlgeria,locality,,DZ-17,Bouirat El Hedab ⴱⵡⵉⵔⴰⵜ ⵍⵃⴻⴷⴷⴰⴱ بويرة الأحداب,,,,locality,,DZ-17,Bouirat El Hedab ⴱⵡⵉⵔⴰⵜ ⵍⵃⴻⴷⴷⴰⴱ بويرة الأحداب,,,,,region,1,DZ-17,Djelfa,HIGH,1.0,DZ-17
Algeria,Tadmit,Djelfa,,,10359,Commune,,,#N/A,2008,DjelfaAlgeria,locality,,DZ-17,Tadmit ⵜⴰⵄⴻⴹⵎⵉⵜ تاعظميت,,,,locality,,DZ-17,Tadmit ⵜⴰⵄⴻⴹⵎⵉⵜ تاعظميت,,,,,region,1,DZ-17,Djelfa,HIGH,1.0,DZ-17
Algeria,Beni Yagoub,Djelfa,,,9940,Commune,,,#N/A,2008,DjelfaAlgeria,locality,,DZ-17,Beni Yagoub ⴱⴻⵏⵉ ⵢⴻⵄⵇⵓⴱ بنى يعقوب,,,,locality,,DZ-17,Beni Yagoub ⴱⴻⵏⵉ ⵢⴻⵄⵇⵓⴱ بنى يعقوب,,,,,region,1,DZ-17,Djelfa,HIGH,1.0,DZ-17
Algeria,Guettara,Djelfa,,,9926,Commune,,,#N/A,2008,DjelfaAlgeria,locality,,DZ-17,Guettara ⴳⴻⵟⵟⴰⵔⴰ قطارة,,,,locality,,DZ-17,Guettara ⴳⴻⵟⵟⴰⵔⴰ قطارة,,,,,region,1,DZ-17,Djelfa,HIGH,1.0,DZ-17
Algeria,Douis,Djelfa,,,9344,Commune,,,#N/A,2008,DjelfaAlgeria,locality,,DZ-17,Douis ⴷⵓⵡⵉⵙ الدويس,,,,locality,,DZ-17,Douis ⴷⵓⵡⵉⵙ الدويس,,,,,region,1,DZ-17,Djelfa,HIGH,1.0,DZ-17
Algeria,Sidi Baizid,Djelfa,,,7933,Commune,,,#N/A,2008,DjelfaAlgeria,locality,,DZ-17,Sidi Baizid ⵙⵉⴷⵉ ⴱⴰⵢⵣⵉⴷ سيدي بايزيد,,,,locality,,DZ-17,Sidi Baizid ⵙⵉⴷⵉ ⴱⴰⵢⵣⵉⴷ سيدي بايزيد,,,,,region,1,DZ-17,Djelfa,HIGH,1.0,DZ-17
Algeria,Amourah,Djelfa,,,7744,Commune,,,#N/A,2008,DjelfaAlgeria,locality,,DZ-17,Amourah ⵄⴰⵎⵎⵓⵔⴰ عمورة,,,,locality,,DZ-17,Amourah ⵄⴰⵎⵎⵓⵔⴰ عمورة,,,,,region,1,DZ-17,Djelfa,HIGH,1.0,DZ-17
Algeria,El Khemis,Djelfa,,,5405,Commune,,,#N/A,2008,DjelfaAlgeria,locality,,DZ-17,El Khemis ⵍⴻⵅⵎⵉⵙ الخميس,,,,locality,,DZ-17,El Khemis ⵍⴻⵅⵎⵉⵙ الخميس,,,,,region,1,DZ-17,Djelfa,HIGH,1.0,DZ-17
Algeria,Guernini,Djelfa,,,4594,Commune,,,#N/A,2008,DjelfaAlgeria,locality,,DZ-17,Guernini ⴱⴻⵔⵏⵉⵏⵉ ڨرنيني,,,,locality,,DZ-17,Guernini ⴱⴻⵔⵏⵉⵏⵉ ڨرنيني,,,,,region,1,DZ-17,Djelfa,HIGH,1.0,DZ-17
Algeria,Aïn Chouhada,Djelfa,,,4549,Commune,,,#N/A,2008,DjelfaAlgeria,locality,,DZ-17,Aïn Chouhada ⵄⵉⵏ ⵛⵛⵓⵀⴰⴷⴰ عين الشهداء,,,,locality,,DZ-17,Aïn Chouhada ⵄⵉⵏ ⵛⵛⵓⵀⴰⴷⴰ عين الشهداء,,,,,region,1,DZ-17,Djelfa,HIGH,1.0,DZ-17
Algeria,Zaccar,Djelfa,,,1809,Commune,,,#N/A,2008,DjelfaAlgeria,locality,,DZ-17,Zaccar ⵣⴻⴽⴽⴰⵔ زكار,,,,locality,,DZ-17,Zaccar ⵣⴻⴽⴽⴰⵔ زكار,,,,,region,1,DZ-17,Djelfa,HIGH,1.0,DZ-17
Algeria,El Bayadh,El Bayadh,,,91632,Province Capital,El Bayadh,,El Bayadh,2008,El BayadhAlgeria,county,2,DZ-32,daïra El Bayadh,,,,region,1,DZ-32,El Bayadh,,,,,region,1,DZ-32,El Bayadh,HIGH,1.0,DZ-32
Algeria,El Abiodh Sidi Cheikh,El Bayadh,,,24949,Commune,,,#N/A,2008,El BayadhAlgeria,locality,,DZ-32,El Abiodh Sidi Cheikh ⵍⴻⴱⵢⴻⴹ ⵙⵉⴷⵉ ⵛⵛⵉⵅ الأبيض سيدي الشيخ,,,,locality,,DZ-32,El Abiodh Sidi Cheikh ⵍⴻⴱⵢⴻⴹ ⵙⵉⴷⵉ ⵛⵛⵉⵅ الأبيض سيدي الشيخ,,,,,region,1,DZ-32,El Bayadh,HIGH,1.0,DZ-32
Algeria,Bougtoub,El Bayadh,,,18568,Commune,,,#N/A,2008,El BayadhAlgeria,locality,,DZ-32,Bougtob ⴱⵓⴳⵟⵓⴱ بوقطب,,,,locality,,DZ-32,Bougtob ⴱⵓⴳⵟⵓⴱ بوقطب,,,,,region,1,DZ-32,El Bayadh,HIGH,1.0,DZ-32
Algeria,Brezina,El Bayadh,,,12468,Commune,,,#N/A,2008,El BayadhAlgeria,county,2,DZ-32,daïra Brezina,,,,county,2,DZ-32,daïra Brezina,,,,,region,1,DZ-32,El Bayadh,HIGH,1.0,DZ-32
Algeria,Ghassoul,El Bayadh,,,7880,Commune,,,#N/A,2008,El BayadhAlgeria,locality,,DZ-32,Ghassoul ⵖⴻⵙⵙⵓⵍ غسول,,,,locality,,DZ-32,Ghassoul ⵖⴻⵙⵙⵓⵍ غسول,,,,,region,1,DZ-32,El Bayadh,HIGH,1.0,DZ-32
Algeria,Boualem,El Bayadh,,,7578,Commune,,,#N/A,2008,El BayadhAlgeria,county,2,DZ-32,daïra Boualem,,,,county,2,DZ-32,daïra Boualem,,,,,region,1,DZ-32,El Bayadh,HIGH,1.0,DZ-32
Algeria,Kef El Ahmar,El Bayadh,,,7566,Commune,,,#N/A,2008,El BayadhAlgeria,locality,,DZ-32,Kef Lahmar ⴽⴰⴼ ⵍⴻⵃⵎⴻⵔ كاف لحمر,,,,locality,,DZ-32,Kef Lahmar ⴽⴰⴼ ⵍⴻⵃⵎⴻⵔ كاف لحمر,,,,,region,1,DZ-32,El Bayadh,HIGH,1.0,DZ-32
Algeria,Rogassa,El Bayadh,,,7492,Commune,,,#N/A,2008,El BayadhAlgeria,locality,,DZ-32,Rogassa ⵔⵓⴳⴰⵙⴰ الرقاصة,,,,locality,,DZ-32,Rogassa ⵔⵓⴳⴰⵙⴰ الرقاصة,,,,,region,1,DZ-32,El Bayadh,HIGH,1.0,DZ-32
Algeria,El Kheiter,El Bayadh,,,6949,Commune,,,#N/A,2008,El BayadhAlgeria,locality,,DZ-32,El Kheiter ⵍⵅⴰⵢⵜⴻⵔ الخيثر,,,,locality,,DZ-32,El Kheiter ⵍⵅⴰⵢⵜⴻⵔ الخيثر,,,,,region,1,DZ-32,El Bayadh,HIGH,1.0,DZ-32
Algeria,Stitten,El Bayadh,,,6022,Commune,,,#N/A,2008,El BayadhAlgeria,locality,,DZ-32,Stitten ⵙⵜⵉⵜⴻⵏ ستيتن,,,,locality,,DZ-32,Stitten ⵙⵜⵉⵜⴻⵏ ستيتن,,,,,region,1,DZ-32,El Bayadh,HIGH,1.0,DZ-32
Algeria,Sidi Tifour,El Bayadh,,,5565,Commune,,,#N/A,2008,El BayadhAlgeria,locality,,DZ-32,Sidi Taïfour ⵙⵉⴷⵉ ⵟⴰⵢⴼⵓⵔ سيدي طيفور,,,,locality,,DZ-32,Sidi Taïfour ⵙⵉⴷⵉ ⵟⴰⵢⴼⵓⵔ سيدي طيفور,,,,,region,1,DZ-32,El Bayadh,HIGH,1.0,DZ-32
Algeria,Arbaouat,El Bayadh,,,4321,Commune,,,#N/A,2008,El BayadhAlgeria,locality,,DZ-32,Arbaouat ⵄⴻⵔⴱⴰⵡⴰⵜ عربوات,,,,locality,,DZ-32,Arbaouat ⵄⴻⵔⴱⴰⵡⴰⵜ عربوات,,,,,region,1,DZ-32,El Bayadh,HIGH,1.0,DZ-32
Algeria,Chellala,El Bayadh,,,3929,Commune,,,#N/A,2008,El BayadhAlgeria,county,2,DZ-32,daïra Chellala,,,,county,2,DZ-32,daïra Chellala,,,,,region,1,DZ-32,El Bayadh,HIGH,1.0,DZ-32
Algeria,Boussemghoun,El Bayadh,,,3795,Commune,,,#N/A,2008,El BayadhAlgeria,locality,,DZ-32,Boussemghoun ⴱⵓⵙⴻⵎⵖⵓⵏ بوسمغون,,,,locality,,DZ-32,Boussemghoun ⴱⵓⵙⴻⵎⵖⵓⵏ بوسمغون,,,,,region,1,DZ-32,El Bayadh,HIGH,1.0,DZ-32
Algeria,Sidi Ameur,El Bayadh,,,3634,Commune,,,#N/A,2008,El BayadhAlgeria,locality,,DZ-32,Sidi Ameur ⵙⵉⴷⵉ ⵄⴰⵎⴻⵔ سيدي عامر,,,,locality,,DZ-32,Sidi Ameur ⵙⵉⴷⵉ ⵄⴰⵎⴻⵔ سيدي عامر,,,,,region,1,DZ-32,El Bayadh,HIGH,1.0,DZ-32
Algeria,Cheguig,El Bayadh,,,3282,Commune,,,#N/A,2008,El BayadhAlgeria,locality,,DZ-32,Cheguig ⵛⴻⴳⴳⵉⴳ الشقيق,,,,locality,,DZ-32,Cheguig ⵛⴻⴳⴳⵉⴳ الشقيق,,,,,region,1,DZ-32,El Bayadh,HIGH,1.0,DZ-32
Algeria,El Mehara,El Bayadh,,,3252,Commune,,,#N/A,2008,El BayadhAlgeria,locality,,DZ-32,El Mehara ⵍⵎⴻⵀⴰⵔⴰ المھارة,,,,locality,,DZ-32,El Mehara ⵍⵎⴻⵀⴰⵔⴰ المھارة,,,,,region,1,DZ-32,El Bayadh,HIGH,1.0,DZ-32
Algeria,Tousmouline,El Bayadh,,,3155,Commune,,,#N/A,2008,El BayadhAlgeria,locality,,DZ-32,Tousmouline ⵜⵓⵙⵎⵓⵍⵉⵏ توسمولين,,,,locality,,DZ-32,Tousmouline ⵜⵓⵙⵎⵓⵍⵉⵏ توسمولين,,,,,region,1,DZ-32,El Bayadh,HIGH,1.0,DZ-32
Algeria,Sidi Slimane,El Bayadh,,,1806,Commune,,,#N/A,2008,El BayadhAlgeria,locality,,DZ-32,Sidi Slimane ⵙⵉⴷⵉ ⵙⵍⵉⵎⴰⵏ سيدي سليمان,,,,locality,,DZ-32,Sidi Slimane ⵙⵉⴷⵉ ⵙⵍⵉⵎⴰⵏ سيدي سليمان,,,,,region,1,DZ-32,El Bayadh,HIGH,1.0,DZ-32
Algeria,Kraakda,El Bayadh,,,1750,Commune,,,#N/A,2008,El BayadhAlgeria,locality,,DZ-32,Krakda ⴽⵔⴰⴽⴷⴰ كراكدة,,,,locality,,DZ-32,Krakda ⴽⵔⴰⴽⴷⴰ كراكدة,,,,,region,1,DZ-32,El Bayadh,HIGH,1.0,DZ-32
Algeria,El Bnoud,El Bayadh,,,1607,Commune,,,#N/A,2008,El BayadhAlgeria,locality,,DZ-32,Lebnoud ⵍⴻⴱⵏⵓⴷ لبنود,,,,locality,,DZ-32,Lebnoud ⵍⴻⴱⵏⵓⴷ لبنود,,,,,region,1,DZ-32,El Bayadh,HIGH,1.0,DZ-32
Algeria,Aïn El Orak,El Bayadh,,,1424,Commune,,,#N/A,2008,El BayadhAlgeria,locality,,DZ-32,Aïn El Orak ⵄⵉⵏ ⵍⴻⵄⵔⴰⴽ عين العراك,,,,locality,,DZ-32,Aïn El Orak ⵄⵉⵏ ⵍⴻⵄⵔⴰⴽ عين العراك,,,,,region,1,DZ-32,El Bayadh,HIGH,1.0,DZ-32
Algeria,El Menia,El Menia,,,40195,Commune,,,#N/A,2008,El MeniaAlgeria,locality,,DZ-58,El Ménia,,,,locality,,DZ-58,El Ménia,,,,,region,1,DZ-58,El Meniaa,HIGH,1.0,DZ-58
Algeria,Hassi Gara,El Menia,,,17801,Commune,,,#N/A,2008,El MeniaAlgeria,locality,,DZ-58,Hassi Gara,,,,locality,,DZ-58,Hassi Gara,,,,,region,1,DZ-58,El Meniaa,HIGH,1.0,DZ-58
Algeria,Hassi Fehal,El Menia,,,3651,Commune,,,#N/A,2008,El MeniaAlgeria,locality,,DZ-58,Hassi Fehal حاسي الفحل,,,,locality,,DZ-58,Hassi Fehal حاسي الفحل,,,,,region,1,DZ-58,El Meniaa,HIGH,1.0,DZ-58
Algeria,Djamaa,El M'Ghair,,,50916,Commune,,,#N/A,2008,El M'GhairAlgeria,locality,,DZ-57,Djamaa ⴵⴻⵎⵄⴰ جامعة,,,,locality,,DZ-57,Djamaa ⴵⴻⵎⵄⴰ جامعة,,,,,region,1,DZ-57,El M'Ghair,HIGH,1.0,DZ-57
Algeria,El M'Ghair,El M'Ghair,,,49793,Commune,,,#N/A,2008,El M'GhairAlgeria,,,,,,,,region,1,DZ-57,El M'Ghair,,,,,region,1,DZ-57,El M'Ghair,HIGH,1.0,DZ-57
Algeria,Sidi Amrane,El M'Ghair,,,21772,Commune,,,#N/A,2008,El M'GhairAlgeria,locality,,DZ-57,Sidi Amrane ⵙⵉⴷⵉ ⵄⴻⵎⵔⴰⵏ سيدي عمران,,,,locality,,DZ-57,Sidi Amrane ⵙⵉⴷⵉ ⵄⴻⵎⵔⴰⵏ سيدي عمران,,,,,region,1,DZ-57,El M'Ghair,HIGH,1.0,DZ-57
Algeria,Oum Touyour,El M'Ghair,,,11069,Commune,,,#N/A,2008,El M'GhairAlgeria,locality,,DZ-57,Oum Touyour ⵓⵎ ⵟⵢⵓⵔ أم الطيور,,,,locality,,DZ-57,Oum Touyour ⵓⵎ ⵟⵢⵓⵔ أم الطيور,,,,,region,1,DZ-57,El M'Ghair,HIGH,1.0,DZ-57
Algeria,Tendla,El M'Ghair,,,9193,Commune,,,#N/A,2008,El M'GhairAlgeria,locality,,DZ-57,Tendla ⵜⴰⵏⴻⴷⵍⴰ تندلة,,,,locality,,DZ-57,Tendla ⵜⴰⵏⴻⴷⵍⴰ تندلة,,,,,region,1,DZ-57,El M'Ghair,HIGH,1.0,DZ-57
Algeria,M'Rara,El M'Ghair,,,7999,Commune,,,#N/A,2008,El M'GhairAlgeria,locality,,DZ-57,M'Rara ⵎⵔⴰⵔⴰ مرارة,,,,locality,,DZ-57,M'Rara ⵎⵔⴰⵔⴰ مرارة,,,,,region,1,DZ-57,El M'Ghair,HIGH,1.0,DZ-57
Algeria,Sidi Khellil,El M'Ghair,,,6547,Commune,,,#N/A,2008,El M'GhairAlgeria,locality,,DZ-57,Sidi Khelil ⵙⵉⴷⵉ ⵅⵍⵉⵍ سيدي خليل,,,,locality,,DZ-57,Sidi Khelil ⵙⵉⴷⵉ ⵅⵍⵉⵍ سيدي خليل,,,,,region,1,DZ-57,El M'Ghair,HIGH,1.0,DZ-57
Algeria,Still,El M'Ghair,,,4978,Commune,,,#N/A,2008,El M'GhairAlgeria,locality,,DZ-57,Still ⵙⵟⵉⵍ اسطيل,,,,locality,,DZ-57,Still ⵙⵟⵉⵍ اسطيل,,,,,region,1,DZ-57,El M'Ghair,HIGH,1.0,DZ-57
Algeria,El Oued,El Oued,,,134699,Province Capital,,,#N/A,2008,El OuedAlgeria,,,,,,,,region,1,DZ-39,El Oued,,,,,region,1,DZ-39,El Oued,HIGH,1.0,DZ-39
Algeria,Reguiba,El Oued,,,40367,Commune,,,#N/A,2008,El OuedAlgeria,locality,,DZ-39,Reguiba ⵔⴻⴳⵉⴱⴰ الرقيبة,,,,locality,,DZ-39,Reguiba ⵔⴻⴳⵉⴱⴰ الرقيبة,,,,,region,1,DZ-39,El Oued,HIGH,1.0,DZ-39
Algeria,Guemar,El Oued,,,39168,Commune,,,#N/A,2008,El OuedAlgeria,locality,,DZ-39,Guemar ⴳⴻⵎⵎⴰⵔ قمار,,,,locality,,DZ-39,Guemar ⴳⴻⵎⵎⴰⵔ قمار,,,,,region,1,DZ-39,El Oued,HIGH,1.0,DZ-39
Algeria,Bayadha,El Oued,,,32926,Commune,,,#N/A,2008,El OuedAlgeria,locality,,DZ-39,Bayadha ⴱⴻⵢⴰⴹⴰ البياضة,,,,locality,,DZ-39,Bayadha ⴱⴻⵢⴰⴹⴰ البياضة,,,,,region,1,DZ-39,El Oued,HIGH,1.0,DZ-39
Algeria,Hassi Khalifa,El Oued,,,31784,Commune,,,#N/A,2008,El OuedAlgeria,locality,,DZ-39,Hassi Khelifa ⵃⴰⵙⵉ ⵅⵍⵉⴼⴰ حاسي خليفة,,,,locality,,DZ-39,Hassi Khelifa ⵃⴰⵙⵉ ⵅⵍⵉⴼⴰ حاسي خليفة,,,,,region,1,DZ-39,El Oued,HIGH,1.0,DZ-39
Algeria,Debila,El Oued,,,25158,Commune,,,#N/A,2008,El OuedAlgeria,county,2,DZ-39,Daïra Debila,,,,county,2,DZ-39,Daïra Debila,,,,,region,1,DZ-39,El Oued,HIGH,1.0,DZ-39
Algeria,Magrane,El Oued,,,24577,Commune,,,#N/A,2008,El OuedAlgeria,county,2,DZ-39,Daïra Magrane,,,,county,2,DZ-39,Daïra Magrane,,,,,region,1,DZ-39,El Oued,HIGH,1.0,DZ-39
Algeria,Hassani Abdelkrim,El Oued,,,22755,Commune,,,#N/A,2008,El OuedAlgeria,locality,,DZ-39,Hassani Abdelkrim ⵃⴻⵙⵙⴰⵏⵉ ⵄⴻⴱⴷⴻⵍⴽⵔⵉⵎ حساني عبد الكريم,,,,locality,,DZ-39,Hassani Abdelkrim ⵃⴻⵙⵙⴰⵏⵉ ⵄⴻⴱⴷⴻⵍⴽⵔⵉⵎ حساني عبد الكريم,,,,,region,1,DZ-39,El Oued,HIGH,1.0,DZ-39
Algeria,Robbah,El Oued,,,21965,Commune,,,#N/A,2008,El OuedAlgeria,county,2,DZ-39,Daïra Robbah,,,,county,2,DZ-39,Daïra Robbah,,,,,region,1,DZ-39,El Oued,HIGH,1.0,DZ-39
Algeria,Mih Ouansa,El Oued,,,15593,Commune,,,#N/A,2008,El OuedAlgeria,locality,,DZ-39,Mih Ouensa,,,,locality,,DZ-39,Mih Ouensa,,,,,region,1,DZ-39,El Oued,HIGH,1.0,DZ-39
Algeria,Taghzout,El Oued,,,13934,Commune,,,#N/A,2008,El OuedAlgeria,locality,,DZ-39,TAGHZOUT,,,,locality,,DZ-39,TAGHZOUT,,,,,region,1,DZ-39,El Oued,HIGH,1.0,DZ-39
Algeria,Nakhla,El Oued,,,12652,Commune,,,#N/A,2008,El OuedAlgeria,locality,,DZ-39,Nekhla ⵏⵏⴻⵅⵍⴰ النخلة,,,,locality,,DZ-39,Nekhla ⵏⵏⴻⵅⵍⴰ النخلة,,,,,region,1,DZ-39,El Oued,HIGH,1.0,DZ-39
Algeria,Sidi Aoun,El Oued,,,12235,Commune,,,#N/A,2008,El OuedAlgeria,locality,,DZ-39,Sidi Aoun ⵙⵉⴷⵉ ⵄⵓⵏ سيدي عون,,,,locality,,DZ-39,Sidi Aoun ⵙⵉⴷⵉ ⵄⵓⵏ سيدي عون,,,,,region,1,DZ-39,El Oued,HIGH,1.0,DZ-39
Algeria,Kouinine,El Oued,,,10076,Commune,,,#N/A,2008,El OuedAlgeria,locality,,DZ-39,Kouinine ⴽⵡⵉⵏⵉⵏ كوينين,,,,locality,,DZ-39,Kouinine ⴽⵡⵉⵏⵉⵏ كوينين,,,,,region,1,DZ-39,El Oued,HIGH,1.0,DZ-39
Algeria,Trifaoui,El Oued,,,8257,Commune,,,#N/A,2008,El OuedAlgeria,locality,,DZ-39,Trifaoui ⵟⵔⵉⴼⴰⵡⵉ الطريفاوي,,,,locality,,DZ-39,Trifaoui ⵟⵔⵉⴼⴰⵡⵉ الطريفاوي,,,,,region,1,DZ-39,El Oued,HIGH,1.0,DZ-39
Algeria,Taleb Larbi,El Oued,,,7074,Commune,,,#N/A,2008,El OuedAlgeria,county,2,DZ-39,Daïra Taleb Larbi,,,,county,2,DZ-39,Daïra Taleb Larbi,,,,,region,1,DZ-39,El Oued,HIGH,1.0,DZ-39
Algeria,Oued El Alenda,El Oued,,,6830,Commune,,,#N/A,2008,El OuedAlgeria,locality,,DZ-39,Oued Allenda,,,,locality,,DZ-39,Oued Allenda,,,,,region,1,DZ-39,El Oued,HIGH,1.0,DZ-39
Algeria,El Ogla,El Oued,,,6102,Commune,,,#N/A,2008,El OuedAlgeria,locality,,DZ-39,El Ogla ⵍⵄⵓⵇⵍⴰ العقلة,,,,locality,,DZ-39,El Ogla ⵍⵄⵓⵇⵍⴰ العقلة,,,,,region,1,DZ-39,El Oued,HIGH,1.0,DZ-39
Algeria,Ourmas,El Oued,,,5900,Commune,,,#N/A,2008,El OuedAlgeria,locality,,DZ-39,Ourmes ⵓⵔⵎⴰⵙ ورماس,,,,locality,,DZ-39,Ourmes ⵓⵔⵎⴰⵙ ورماس,,,,,region,1,DZ-39,El Oued,HIGH,1.0,DZ-39
Algeria,Douar El Ma,El Oued,,,5543,Commune,,,#N/A,2008,El OuedAlgeria,locality,,DZ-39,Douar El Ma ⴷⴻⵡⵡⴰⵔ ⵍⵎⴰ دوار الماء,,,,locality,,DZ-39,Douar El Ma ⴷⴻⵡⵡⴰⵔ ⵍⵎⴰ دوار الماء,,,,,region,1,DZ-39,El Oued,HIGH,1.0,DZ-39
Algeria,Hamraia,El Oued,,,5172,Commune,,,#N/A,2008,El OuedAlgeria,locality,,DZ-39,Hamraia ⵃⴻⵎⵔⴰⵢⴰ الحمراية,,,,locality,,DZ-39,Hamraia ⵃⴻⵎⵔⴰⵢⴰ الحمراية,,,,,region,1,DZ-39,El Oued,HIGH,1.0,DZ-39
Algeria,Beni Guecha,El Oued,,,2513,Commune,,,#N/A,2008,El OuedAlgeria,locality,,DZ-39,Beni Guecha ⴱⴻⵏ ⴳⴻⵛⵛⴰ بن قشة,,,,locality,,DZ-39,Beni Guecha ⴱⴻⵏ ⴳⴻⵛⵛⴰ بن قشة,,,,,region,1,DZ-39,El Oued,HIGH,1.0,DZ-39
Algeria,Besbes,El Tarf,,,46341,Commune,,,#N/A,2008,El TarfAlgeria,locality,,DZ-36,Besbes ⵍⴱⴻⵙⴱⴰⵙ البسباس,,,,locality,,DZ-36,Besbes ⵍⴱⴻⵙⴱⴰⵙ البسباس,,,,,region,1,DZ-36,El Tarf,HIGH,1.0,DZ-36
Algeria,Dréan,El Tarf,,,37686,Commune,,,#N/A,2008,El TarfAlgeria,county,2,DZ-36,Daïra Drean,,,,county,2,DZ-36,Daïra Drean,,,,,region,1,DZ-36,El Tarf,HIGH,1.0,DZ-36
Algeria,Echatt,El Tarf,,,34378,Commune,,,#N/A,2008,El TarfAlgeria,locality,,DZ-36,Echatt ⵛⵛⴻⵟ الشط,,,,locality,,DZ-36,Echatt ⵛⵛⴻⵟ الشط,,,,,region,1,DZ-36,El Tarf,HIGH,1.0,DZ-36
Algeria,Ben Mehidi,El Tarf,,,33262,Commune,,,#N/A,2008,El TarfAlgeria,locality,,DZ-36,Ben M'Hidi ⴱⴻⵏ ⵎⵀⵉⴷⵉ بن مهيدي,,,,locality,,DZ-36,Ben M'Hidi ⴱⴻⵏ ⵎⵀⵉⴷⵉ بن مهيدي,,,,,region,1,DZ-36,El Tarf,HIGH,1.0,DZ-36
Algeria,El Kala,El Tarf,,,28411,Commune,,,#N/A,2008,El TarfAlgeria,locality,,DZ-36,El Kala,,,,locality,,DZ-36,El Kala,,,,,region,1,DZ-36,El Tarf,HIGH,1.0,DZ-36
Algeria,El Tarf,El Tarf,,,25594,Province Capital,,,#N/A,2008,El TarfAlgeria,,,,,,,,region,1,DZ-36,El Tarf,,,,,region,1,DZ-36,El Tarf,HIGH,1.0,DZ-36
Algeria,Chebaita Mokhtar,El Tarf,,,23135,Commune,,,#N/A,2008,El TarfAlgeria,locality,,DZ-36,Chbaita Mokhtar ⵛⴱⴰⵢⵟⴰ ⵎⵓⵅⵟⴰⵔ شبيطة مختار,,,,locality,,DZ-36,Chbaita Mokhtar ⵛⴱⴰⵢⵟⴰ ⵎⵓⵅⵟⴰⵔ شبيطة مختار,,,,,region,1,DZ-36,El Tarf,HIGH,1.0,DZ-36
Algeria,Bouhadjar,El Tarf,,,20215,Commune,,,#N/A,2008,El TarfAlgeria,locality,,DZ-36,Bouhadjar ⴱⵓⵃⴻⴵⴵⴰⵔ بوحجار,,,,locality,,DZ-36,Bouhadjar ⴱⵓⵃⴻⴵⴵⴰⵔ بوحجار,,,,,region,1,DZ-36,El Tarf,HIGH,1.0,DZ-36
Algeria,Bouteldja,El Tarf,,,17738,Commune,,,#N/A,2008,El TarfAlgeria,county,2,DZ-36,Daïra Bouteldja,,,,county,2,DZ-36,Daïra Bouteldja,,,,,region,1,DZ-36,El Tarf,HIGH,1.0,DZ-36
Algeria,Aïn El Assel,El Tarf,,,16285,Commune,,,#N/A,2008,El TarfAlgeria,locality,,DZ-36,Aïn El Assel ⵄⵉⵏ ⵍⴻⵄⵙⴻⵍ عين العسل,,,,locality,,DZ-36,Aïn El Assel ⵄⵉⵏ ⵍⴻⵄⵙⴻⵍ عين العسل,,,,,region,1,DZ-36,El Tarf,HIGH,1.0,DZ-36
Algeria,Aïn Kerma,El Tarf,,,14377,Commune,,,#N/A,2008,El TarfAlgeria,locality,,DZ-36,Aïn Kerma ⵄⵉⵏ ⵍⴽⴻⵔⵎⴰ عين الكرمة,,,,locality,,DZ-36,Aïn Kerma ⵄⵉⵏ ⵍⴽⴻⵔⵎⴰ عين الكرمة,,,,,region,1,DZ-36,El Tarf,HIGH,1.0,DZ-36
Algeria,Asfour,El Tarf,,,11447,Commune,,,#N/A,2008,El TarfAlgeria,locality,,DZ-36,Asfour ⵄⴻⵙⴼⵓⵔ عصفور,,,,locality,,DZ-36,Asfour ⵄⴻⵙⴼⵓⵔ عصفور,,,,,region,1,DZ-36,El Tarf,HIGH,1.0,DZ-36
Algeria,Bougous,El Tarf,,,11234,Commune,,,#N/A,2008,El TarfAlgeria,locality,,DZ-36,Bougous ⴱⵓⴳⵓⵙ بوقوس,,,,locality,,DZ-36,Bougous ⴱⵓⴳⵓⵙ بوقوس,,,,,region,1,DZ-36,El Tarf,HIGH,1.0,DZ-36
Algeria,Zerizer,El Tarf,,,11064,Commune,,,#N/A,2008,El TarfAlgeria,locality,,DZ-36,Zerizer ⵣⵔⵉⵣⴻⵔ زريزر,,,,locality,,DZ-36,Zerizer ⵣⵔⵉⵣⴻⵔ زريزر,,,,,region,1,DZ-36,El Tarf,HIGH,1.0,DZ-36
Algeria,Lac des Oiseaux,El Tarf,,,10624,Commune,,,#N/A,2008,El TarfAlgeria,locality,,DZ-36,Lac des Oiseaux ⵜⴰⵎⴷⴰ ⵏ ⵢⵉⴳⴹⴰⴹ بحيرة الطيور,,,,locality,,DZ-36,Lac des Oiseaux ⵜⴰⵎⴷⴰ ⵏ ⵢⵉⴳⴹⴰⴹ بحيرة الطيور,,,,,region,1,DZ-36,El Tarf,HIGH,1.0,DZ-36
Algeria,Chihani,El Tarf,,,10094,Commune,,,#N/A,2008,El TarfAlgeria,locality,,DZ-36,Chihani ⵛⵛⵉⵃⴰⵏⵉ الشيحاني,,,,locality,,DZ-36,Chihani ⵛⵛⵉⵃⴰⵏⵉ الشيحاني,,,,,region,1,DZ-36,El Tarf,HIGH,1.0,DZ-36
Algeria,Zitouna,El Tarf,,,9736,Commune,,,#N/A,2008,El TarfAlgeria,locality,,DZ-36,Zitouna ⵣⵣⵉⵜⵓⵏⴰ الزيتونة,,,,locality,,DZ-36,Zitouna ⵣⵣⵉⵜⵓⵏⴰ الزيتونة,,,,,region,1,DZ-36,El Tarf,HIGH,1.0,DZ-36
Algeria,Berrihane,El Tarf,,,9605,Commune,,,#N/A,2008,El TarfAlgeria,locality,,DZ-36,Berrihane ⴱⴻⵔⵔⵉⵃⴰⵏ بريحان,,,,locality,,DZ-36,Berrihane ⴱⴻⵔⵔⵉⵃⴰⵏ بريحان,,,,,region,1,DZ-36,El Tarf,HIGH,1.0,DZ-36
Algeria,Chefia,El Tarf,,,8195,Commune,,,#N/A,2008,El TarfAlgeria,locality,,DZ-36,Chefia ⵛⵛⴰⴼⵉⵢⴰ الشافية,,,,locality,,DZ-36,Chefia ⵛⵛⴰⴼⵉⵢⴰ الشافية,,,,,region,1,DZ-36,El Tarf,HIGH,1.0,DZ-36
Algeria,Souarekh,El Tarf,,,8173,Commune,,,#N/A,2008,El TarfAlgeria,locality,,DZ-36,Souarekh ⵙⵡⴰⵔⴻⵅ السوارخ,,,,locality,,DZ-36,Souarekh ⵙⵡⴰⵔⴻⵅ السوارخ,,,,,region,1,DZ-36,El Tarf,HIGH,1.0,DZ-36
Algeria,Oued Zitoun,El Tarf,,,5881,Commune,,,#N/A,2008,El TarfAlgeria,locality,,DZ-36,Oued Zitoun ⵡⴰⴷ ⵣⵣⵉⵜⵓⵏ واد الزيتون,,,,locality,,DZ-36,Oued Zitoun ⵡⴰⴷ ⵣⵣⵉⵜⵓⵏ واد الزيتون,,,,,region,1,DZ-36,El Tarf,HIGH,1.0,DZ-36
Algeria,El Aïoun,El Tarf,,,5347,Commune,,,#N/A,2008,El TarfAlgeria,locality,,DZ-36,El Aioun ⵍⴻⵄⵢⵓⵏ العيون,,,,locality,,DZ-36,El Aioun ⵍⴻⵄⵢⵓⵏ العيون,,,,,region,1,DZ-36,El Tarf,HIGH,1.0,DZ-36
Algeria,Hammam Beni Salah,El Tarf,,,5235,Commune,,,#N/A,2008,El TarfAlgeria,locality,,DZ-36,Hammam Beni Salah ⵃⴻⵎⵎⴰⵎ ⴱⴻⵏⵉ ⵙⴰⵍⴻⵃ حمام بني صالح,,,,locality,,DZ-36,Hammam Beni Salah ⵃⴻⵎⵎⴰⵎ ⴱⴻⵏⵉ ⵙⴰⵍⴻⵃ حمام بني صالح,,,,,region,1,DZ-36,El Tarf,HIGH,1.0,DZ-36
Algeria,Raml Souk,El Tarf,,,4356,Commune,,,#N/A,2008,El TarfAlgeria,locality,,DZ-36,Raml Souk ⵔⴰⵎⴻⵍ ⵙⵓⵇ رمل السوق,,,,locality,,DZ-36,Raml Souk ⵔⴰⵎⴻⵍ ⵙⵓⵇ رمل السوق,,,,,region,1,DZ-36,El Tarf,HIGH,1.0,DZ-36
Algeria,Ghardaïa,Ghardaïa,,,93423,Province Capital,,,#N/A,2008,GhardaïaAlgeria,,,,,,,,region,1,DZ-47,Ghardaïa,,,,,region,1,DZ-47,Ghardaïa,HIGH,1.0,DZ-47
Algeria,El Guerrara,Ghardaïa,,,59514,Commune,,,#N/A,2008,GhardaïaAlgeria,locality,,DZ-47,El Guerrara ⴳⴻⵔⵔⴰⵔⴰ القرارة,,,,locality,,DZ-47,El Guerrara ⴳⴻⵔⵔⴰⵔⴰ القرارة,,,,,region,1,DZ-47,Ghardaïa,HIGH,1.0,DZ-47
Algeria,Metlili,Ghardaïa,,,40576,Commune,,,#N/A,2008,GhardaïaAlgeria,locality,,DZ-47,Metlili ⵎⴻⵜⵍⵉⵍⵉ متليلي,,,,locality,,DZ-47,Metlili ⵎⴻⵜⵍⵉⵍⵉ متليلي,,,,,region,1,DZ-47,Ghardaïa,HIGH,1.0,DZ-47
Algeria,Bounoura,Ghardaïa,,,35405,Commune,,,#N/A,2008,GhardaïaAlgeria,locality,,DZ-47,Bounoura ⴱⵓⵏⵓⵔⴰ,,,,locality,,DZ-47,Bounoura ⴱⵓⵏⵓⵔⴰ,,,,,region,1,DZ-47,Ghardaïa,HIGH,1.0,DZ-47
Algeria,Berriane,Ghardaïa,,,30200,Commune,,,#N/A,2008,GhardaïaAlgeria,county,2,DZ-47,Daïra Berriane,,,,county,2,DZ-47,Daïra Berriane,,,,,region,1,DZ-47,Ghardaïa,HIGH,1.0,DZ-47
Algeria,El Atteuf,Ghardaïa,,,14752,Commune,,,#N/A,2008,GhardaïaAlgeria,locality,,DZ-47,El Atteuf ⵍⵄⴰⵟⴻⴼ,,,,locality,,DZ-47,El Atteuf ⵍⵄⴰⵟⴻⴼ,,,,,region,1,DZ-47,Ghardaïa,HIGH,1.0,DZ-47
Algeria,Dhayet Bendhahoua,Ghardaïa,,,12643,Commune,,,#N/A,2008,GhardaïaAlgeria,county,2,DZ-47,Dayet Ben Dahoua,,,,county,2,DZ-47,Dayet Ben Dahoua,,,,,region,1,DZ-47,Ghardaïa,LOW,0.909,DZ-47
Algeria,Zelfana,Ghardaïa,,,10161,Commune,,,#N/A,2008,GhardaïaAlgeria,locality,,DZ-47,Zelfana ⵣⴻⵍⴼⴰⵏⴰ زلفانة,,,,locality,,DZ-47,Zelfana ⵣⴻⵍⴼⴰⵏⴰ زلفانة,,,,,region,1,DZ-47,Ghardaïa,HIGH,1.0,DZ-47
Algeria,Mansoura,Ghardaïa,,,2840,Commune,,,#N/A,2008,GhardaïaAlgeria,,,,,,,,,,,,,,,,region,1,DZ-47,Ghardaïa,NONE,0.0,DZ-47
Algeria,Sebseb,Ghardaïa,,,2437,Commune,,,#N/A,2008,GhardaïaAlgeria,locality,,DZ-47,Sebseb ⵙⴻⴱⵙⴻⴱ سبسب,,,,locality,,DZ-47,Sebseb ⵙⴻⴱⵙⴻⴱ سبسب,,,,,region,1,DZ-47,Ghardaïa,HIGH,1.0,DZ-47
Algeria,Guelma,Guelma,,,120847,Province Capital,,,#N/A,2008,GuelmaAlgeria,,,,,,,,region,1,DZ-24,Guelma,,,,,region,1,DZ-24,Guelma,HIGH,1.0,DZ-24
Algeria,Oued Zenati,Guelma,,,32870,Commune,,,#N/A,2008,GuelmaAlgeria,locality,,DZ-24,Oued Zenati ⵡⴰⴷ ⵣⵏⴰⵜⵉ وادي الزناتي,,,,locality,,DZ-24,Oued Zenati ⵡⴰⴷ ⵣⵏⴰⵜⵉ وادي الزناتي,,,,,region,1,DZ-24,Guelma,HIGH,1.0,DZ-24
Algeria,Héliopolis,Guelma,,,26328,Commune,,,#N/A,2008,GuelmaAlgeria,county,2,DZ-24,Daïra Heliopolis,,,,county,2,DZ-24,Daïra Heliopolis,,,,,region,1,DZ-24,Guelma,HIGH,1.0,DZ-24
Algeria,Bouchegouf,Guelma,,,25443,Commune,,,#N/A,2008,GuelmaAlgeria,locality,,DZ-24,Boucheghouf ⴱⵓ ⵛⴻⵇⵇⵓⴼ بوشقوف,,,,locality,,DZ-24,Boucheghouf ⴱⵓ ⵛⴻⵇⵇⵓⴼ بوشقوف,,,,,region,1,DZ-24,Guelma,HIGH,1.0,DZ-24
Algeria,Tamlouka,Guelma,,,18894,Commune,,,#N/A,2008,GuelmaAlgeria,locality,,DZ-24,Tamlouka ⵜⴰⵎⵍⵓⴽⴰ تاملوكة,,,,locality,,DZ-24,Tamlouka ⵜⴰⵎⵍⵓⴽⴰ تاملوكة,,,,,region,1,DZ-24,Guelma,HIGH,1.0,DZ-24
Algeria,Boumahra Ahmed,Guelma,,,17834,Commune,,,#N/A,2008,GuelmaAlgeria,locality,,DZ-24,Boumahra Ahmed ⴱⵓⵎⴻⵀⵔⴰ ⵃⵎⴻⴷ بومهرة أحمد,,,,locality,,DZ-24,Boumahra Ahmed ⴱⵓⵎⴻⵀⵔⴰ ⵃⵎⴻⴷ بومهرة أحمد,,,,,region,1,DZ-24,Guelma,HIGH,1.0,DZ-24
Algeria,Belkheir,Guelma,,,17649,Commune,,,#N/A,2008,GuelmaAlgeria,locality,,DZ-24,Belkheir ⴱⴻⵍⵅⵉⵔ بلخير,,,,locality,,DZ-24,Belkheir ⴱⴻⵍⵅⵉⵔ بلخير,,,,,region,1,DZ-24,Guelma,HIGH,1.0,DZ-24
Algeria,Hammam Debagh,Guelma,,,16391,Commune,,,#N/A,2008,GuelmaAlgeria,county,2,DZ-24,Daïra Hammam Debagh,,,,county,2,DZ-24,Daïra Hammam Debagh,,,,,region,1,DZ-24,Guelma,HIGH,1.0,DZ-24
Algeria,Hammam N'Bail,Guelma,,,16199,Commune,,,#N/A,2008,GuelmaAlgeria,locality,,DZ-24,Hammam Nbail ⵃⴻⵎⵎⴰⵎ ⵏⴱⴰⵢⴻⵍ حمام النبايل,,,,locality,,DZ-24,Hammam Nbail ⵃⴻⵎⵎⴰⵎ ⵏⴱⴰⵢⴻⵍ حمام النبايل,,,,,region,1,DZ-24,Guelma,HIGH,1.0,DZ-24
Algeria,Oued Cheham,Guelma,,,14043,Commune,,,#N/A,2008,GuelmaAlgeria,locality,,DZ-24,Oued Cheham ⵡⴰⴷ ⵛⵃⴻⵎ وادي الشحم,,,,locality,,DZ-24,Oued Cheham ⵡⴰⴷ ⵛⵃⴻⵎ وادي الشحم,,,,,region,1,DZ-24,Guelma,HIGH,1.0,DZ-24
Algeria,Aïn Makhlouf,Guelma,,,12300,Commune,,,#N/A,2008,GuelmaAlgeria,county,2,DZ-24,Daïra Ain Makhlouf,,,,county,2,DZ-24,Daïra Ain Makhlouf,,,,,region,1,DZ-24,Guelma,HIGH,1.0,DZ-24
Algeria,Khezarra,Guelma,,,10382,Commune,,,#N/A,2008,GuelmaAlgeria,locality,,DZ-24,Khezara ⵍⴻⵅⵣⴰⵔⴰ لخزارة,,,,locality,,DZ-24,Khezara ⵍⴻⵅⵣⴰⵔⴰ لخزارة,,,,,region,1,DZ-24,Guelma,HIGH,1.0,DZ-24
Algeria,Bordj Sabat,Guelma,,,10158,Commune,,,#N/A,2008,GuelmaAlgeria,locality,,DZ-24,Bordj Sabat ⴱⵓⵔⴵ ⵙⴻⴱⴱⴰⵟ برج صباط,,,,locality,,DZ-24,Bordj Sabat ⴱⵓⵔⴵ ⵙⴻⴱⴱⴰⵟ برج صباط,,,,,region,1,DZ-24,Guelma,HIGH,1.0,DZ-24
Algeria,Nechmaya,Guelma,,,9964,Commune,,,#N/A,2008,GuelmaAlgeria,locality,,DZ-24,Nechmaya ⵏⴻⵛⵛⴰⵎⵉⵢⴰ نشامية,,,,locality,,DZ-24,Nechmaya ⵏⴻⵛⵛⴰⵎⵉⵢⴰ نشامية,,,,,region,1,DZ-24,Guelma,HIGH,1.0,DZ-24
Algeria,Roknia,Guelma,,,9752,Commune,,,#N/A,2008,GuelmaAlgeria,locality,,DZ-24,Roknia ⵔⵓⴽⵏⵉⵢⴰ الركنية,,,,locality,,DZ-24,Roknia ⵔⵓⴽⵏⵉⵢⴰ الركنية,,,,,region,1,DZ-24,Guelma,HIGH,1.0,DZ-24
Algeria,Bouati Mahmoud,Guelma,,,9658,Commune,,,#N/A,2008,GuelmaAlgeria,locality,,DZ-24,Bouati Mahmoud ⴱⵓⵄⴰⵜⵉ ⵎⴻⵃⵎⵓⴷ بوعاتي محمود,,,,locality,,DZ-24,Bouati Mahmoud ⴱⵓⵄⴰⵜⵉ ⵎⴻⵃⵎⵓⴷ بوعاتي محمود,,,,,region,1,DZ-24,Guelma,HIGH,1.0,DZ-24
Algeria,Aïn Ben Beida,Guelma,,,9492,Commune,,,#N/A,2008,GuelmaAlgeria,locality,,DZ-24,Aïn Ben Beida ⵄⵉⵏ ⴱⴻⵏ ⴱⴰⵢⴹⴰ عين بن بيضاء,,,,locality,,DZ-24,Aïn Ben Beida ⵄⵉⵏ ⴱⴻⵏ ⴱⴰⵢⴹⴰ عين بن بيضاء,,,,,region,1,DZ-24,Guelma,HIGH,1.0,DZ-24
Algeria,El Fedjoudj,Guelma,,,9122,Commune,,,#N/A,2008,GuelmaAlgeria,locality,,DZ-24,El Fedjoudj ⵍⴼⴻⴵⴵⵓⴼ الفجوج,,,,locality,,DZ-24,El Fedjoudj ⵍⴼⴻⴵⴵⵓⴼ الفجوج,,,,,region,1,DZ-24,Guelma,HIGH,1.0,DZ-24
Algeria,Dahouara,Guelma,,,7886,Commune,,,#N/A,2008,GuelmaAlgeria,locality,,DZ-24,Dahouara ⴷⴻⵀⵡⴰⵔⴰ الدهوارة,,,,locality,,DZ-24,Dahouara ⴷⴻⵀⵡⴰⵔⴰ الدهوارة,,,,,region,1,DZ-24,Guelma,HIGH,1.0,DZ-24
Algeria,Medjez Sfa,Guelma,,,7707,Commune,,,#N/A,2008,GuelmaAlgeria,locality,,DZ-24,Medjez Sfa ⵎⴻⴵⴰⵣ ⵚⵚⴼⴰ مجاز الصفاء,,,,locality,,DZ-24,Medjez Sfa ⵎⴻⴵⴰⵣ ⵚⵚⴼⴰ مجاز الصفاء,,,,,region,1,DZ-24,Guelma,HIGH,1.0,DZ-24
Algeria,Medjez Amar,Guelma,,,7703,Commune,,,#N/A,2008,GuelmaAlgeria,locality,,DZ-24,Medjez Amar ⵎⴻⴵⴰⵣ ⵄⴻⵎⵎⴰⵔ مجاز عمار,,,,locality,,DZ-24,Medjez Amar ⵎⴻⴵⴰⵣ ⵄⴻⵎⵎⴰⵔ مجاز عمار,,,,,region,1,DZ-24,Guelma,HIGH,1.0,DZ-24
Algeria,Aïn Reggada,Guelma,,,7688,Commune,,,#N/A,2008,GuelmaAlgeria,locality,,DZ-24,Ain Regada ⵄⵉⵏ ⵔⴳⴰⴷⴰ عين رقادة,,,,locality,,DZ-24,Ain Regada ⵄⵉⵏ ⵔⴳⴰⴷⴰ عين رقادة,,,,,region,1,DZ-24,Guelma,HIGH,1.0,DZ-24
Algeria,Aïn Larbi,Guelma,,,7604,Commune,,,#N/A,2008,GuelmaAlgeria,locality,,DZ-24,Ain Larbi ⵄⵉⵏ ⵍⵄⴻⵔⴱⵉ عين العربي,,,,locality,,DZ-24,Ain Larbi ⵄⵉⵏ ⵍⵄⴻⵔⴱⵉ عين العربي,,,,,region,1,DZ-24,Guelma,HIGH,1.0,DZ-24
Algeria,Oued Fragha,Guelma,,,7152,Commune,,,#N/A,2008,GuelmaAlgeria,locality,,DZ-24,Oued Fragha ⵡⴰⴷ ⴼⵔⴰⵖⴰ وادي فراغة,,,,locality,,DZ-24,Oued Fragha ⵡⴰⴷ ⴼⵔⴰⵖⴰ وادي فراغة,,,,,region,1,DZ-24,Guelma,HIGH,1.0,DZ-24
Algeria,Houari Boumédiène (Aïn Hessania),Guelma,,,7114,Commune,,,#N/A,2008,GuelmaAlgeria,county,2,DZ-24,Daïra Houari Boumediène,,,,county,2,DZ-24,Daïra Houari Boumediène,,,,,region,1,DZ-24,Guelma,HIGH,1.0,DZ-24
Algeria,Ben Djerrah,Guelma,,,6553,Commune,,,#N/A,2008,GuelmaAlgeria,locality,,DZ-24,Bendjarah ⴱⴻⵏ ⴵⴻⵔⵔⴰⵃ بن جراح,,,,locality,,DZ-24,Bendjarah ⴱⴻⵏ ⴵⴻⵔⵔⴰⵃ بن جراح,,,,,region,1,DZ-24,Guelma,HIGH,1.0,DZ-24
Algeria,Guelaat Bou Sbaa,Guelma,,,5635,Commune,,,#N/A,2008,GuelmaAlgeria,county,2,DZ-24,Daïra Guelaat Bou Sbaa,,,,county,2,DZ-24,Daïra Guelaat Bou Sbaa,,,,,region,1,DZ-24,Guelma,HIGH,1.0,DZ-24
Algeria,Bouhachana,Guelma,,,5596,Commune,,,#N/A,2008,GuelmaAlgeria,locality,,DZ-24,Bouhachana ⴱⵓ ⵃⴻⵛⵛⴰⵏⴰ بوحشانة,,,,locality,,DZ-24,Bouhachana ⴱⵓ ⵃⴻⵛⵛⴰⵏⴰ بوحشانة,,,,,region,1,DZ-24,Guelma,HIGH,1.0,DZ-24
Algeria,Beni Mezline,Guelma,,,4883,Commune,,,#N/A,2008,GuelmaAlgeria,locality,,DZ-24,Beni Mezline ⴱⴻⵏⵉ ⵎⴻⵣⵍⵉⵏ بني مزلين,,,,locality,,DZ-24,Beni Mezline ⴱⴻⵏⵉ ⵎⴻⵣⵍⵉⵏ بني مزلين,,,,,region,1,DZ-24,Guelma,HIGH,1.0,DZ-24
Algeria,Aïn Sandel,Guelma,,,4760,Commune,,,#N/A,2008,GuelmaAlgeria,locality,,DZ-24,Ain Sandel ⵄⵉⵏ ⵚⴰⵏⴷⴻⵍ عين صندل,,,,locality,,DZ-24,Ain Sandel ⵄⵉⵏ ⵚⴰⵏⴷⴻⵍ عين صندل,,,,,region,1,DZ-24,Guelma,HIGH,1.0,DZ-24
Algeria,Djeballah Khemissi,Guelma,,,4487,Commune,,,#N/A,2008,GuelmaAlgeria,locality,,DZ-24,Djebala Khemissi ⴵⴻⴱⴱⴰⵍⴰ ⵅⵎⵉⵙⵉ جبالة لخميسي,,,,locality,,DZ-24,Djebala Khemissi ⴵⴻⴱⴱⴰⵍⴰ ⵅⵎⵉⵙⵉ جبالة لخميسي,,,,,region,1,DZ-24,Guelma,HIGH,1.0,DZ-24
Algeria,Bouhamdane,Guelma,,,4394,Commune,,,#N/A,2008,GuelmaAlgeria,locality,,DZ-24,Bouhamdane ⴱⵓ ⵃⴻⵎⴷⴰⵏ بوحمدان,,,,locality,,DZ-24,Bouhamdane ⴱⵓ ⵃⴻⵎⴷⴰⵏ بوحمدان,,,,,region,1,DZ-24,Guelma,HIGH,1.0,DZ-24
Algeria,Sellaoua Announa,Guelma,,,3244,Commune,,,#N/A,2008,GuelmaAlgeria,locality,,DZ-24,Selloua Anouna ⵙⴻⵍⵍⴰⵡⴰ ⵄⴻⵏⵏⵓⵏⴰ سلاوة عنونة,,,,locality,,DZ-24,Selloua Anouna ⵙⴻⵍⵍⴰⵡⴰ ⵄⴻⵏⵏⵓⵏⴰ سلاوة عنونة,,,,,region,1,DZ-24,Guelma,HIGH,1.0,DZ-24
Algeria,Ras El Agba,Guelma,,,2699,Commune,,,#N/A,2008,GuelmaAlgeria,locality,,DZ-24,Ras El Agba ⵔⴰⵙ ⵍⵄⴻⴳⴱⴰ رأس العقبة,,,,locality,,DZ-24,Ras El Agba ⵔⴰⵙ ⵍⵄⴻⴳⴱⴰ رأس العقبة,,,,,region,1,DZ-24,Guelma,HIGH,1.0,DZ-24
Algeria,Illizi,Illizi,,,17252,Province Capital,,,#N/A,2008,IlliziAlgeria,,,,,,,,region,1,DZ-33,Illizi,,,,,region,1,DZ-33,Illizi,HIGH,1.0,DZ-33
Algeria,In Amenas,Illizi,,,7385,Commune,,,#N/A,2008,IlliziAlgeria,county,2,DZ-33,Daïra d'In Amenas,,,,county,2,DZ-33,Daïra d'In Amenas,,,,,region,1,DZ-33,Illizi,HIGH,1.0,DZ-33
Algeria,Bordj Omar Driss,Illizi,,,5736,Commune,,,#N/A,2008,IlliziAlgeria,locality,,DZ-33,Bordj Omar Driss ⴱⵓⵔⴵ ⵄⵓⵎⴰⵔ ⴷⵔⵉⵙ برج عمر إدريس,,,,locality,,DZ-33,Bordj Omar Driss ⴱⵓⵔⴵ ⵄⵓⵎⴰⵔ ⴷⵔⵉⵙ برج عمر إدريس,,,,,region,1,DZ-33,Illizi,HIGH,1.0,DZ-33
Algeria,Debdeb,Illizi,,,4341,Commune,,,#N/A,2008,IlliziAlgeria,locality,,DZ-33,Debdeb ⴷⴻⴲⴷⴰⴲ الدبداب,,,,locality,,DZ-33,Debdeb ⴷⴻⴲⴷⴰⴲ الدبداب,,,,,region,1,DZ-33,Illizi,HIGH,1.0,DZ-33
Algeria,Bordj El Haouas,Illizi,,,2963,Commune,,,#N/A,2008,IlliziAlgeria,,,,,,,,,,,,,,,,region,1,DZ-33,Illizi,NONE,0.0,DZ-33
Algeria,In Guezzam,In Guezzam,,,7045,Commune,,,#N/A,2008,In GuezzamAlgeria,,,,,,,,region,1,DZ-54,In Guezzam,,,,,region,1,DZ-54,In Guezzam,HIGH,1.0,DZ-54
Algeria,Tinzaouten,In Guezzam,,,4157,Commune,,,#N/A,2008,In GuezzamAlgeria,locality,,DZ-54,Tinzaouten ⵜⵉⵏⵣⴰⵡⴰⵜⵉⵏ تين زاوتين,,,,locality,,DZ-54,Tinzaouten ⵜⵉⵏⵣⴰⵡⴰⵜⵉⵏ تين زاوتين,,,,,region,1,DZ-54,In Guezzam,HIGH,1.0,DZ-54
Algeria,In Salah,In Salah,,,32518,Commune,,,#N/A,2008,In SalahAlgeria,,,,,,,,region,1,DZ-53,In Salah,,,,,region,1,DZ-53,In Salah,HIGH,1.0,DZ-53
Algeria,In Ghar,In Salah,,,11225,Commune,,,#N/A,2008,In SalahAlgeria,locality,,DZ-53,In Ghar ⵉⵏ ⵖⴰⵔ إن غار,,,,locality,,DZ-53,In Ghar ⵉⵏ ⵖⴰⵔ إن غار,,,,,region,1,DZ-53,In Salah,HIGH,1.0,DZ-53
Algeria,Jijel,Jijel,,,134839,Province Capital,Jijel,,Jijel,2008,JijelAlgeria,county,2,DZ-18,Daïra Jijel,,,,county,2,DZ-18,Daïra Jijel,,,,,region,1,DZ-18,جيجل,HIGH,1.0,DZ-18
Algeria,El Milia,Jijel,,,78087,Commune,,,#N/A,2008,JijelAlgeria,locality,,DZ-18,El Milia ⵍⵎⵉⵍⵉⵢⴰ الميلية,,,,locality,,DZ-18,El Milia ⵍⵎⵉⵍⵉⵢⴰ الميلية,,,,,region,1,DZ-18,جيجل,HIGH,1.0,DZ-18
Algeria,Taher,Jijel,,,77367,Commune,,,#N/A,2008,JijelAlgeria,locality,,DZ-18,Taher ⵟⵟⴰⵀⵉⵔ الطاهير,,,,locality,,DZ-18,Taher ⵟⵟⴰⵀⵉⵔ الطاهير,,,,,region,1,DZ-18,جيجل,HIGH,1.0,DZ-18
Algeria,Emir Abdelkader,Jijel,,,38468,Commune,,,#N/A,2008,JijelAlgeria,locality,,DZ-18,Emir Abdelkader ⵍⴰⵎⵉⵔ ⵄⴻⴱⴷⴻⵍⵇⴰⴷⴻⵔ الأمير عبد القادر,,,,locality,,DZ-18,Emir Abdelkader ⵍⴰⵎⵉⵔ ⵄⴻⴱⴷⴻⵍⵇⴰⴷⴻⵔ الأمير عبد القادر,,,,,region,1,DZ-18,جيجل,HIGH,1.0,DZ-18
Algeria,Chekfa,Jijel,,,26553,Commune,,,#N/A,2008,JijelAlgeria,county,2,DZ-18,Daïra Chekfa,,,,county,2,DZ-18,Daïra Chekfa,,,,,region,1,DZ-18,جيجل,HIGH,1.0,DZ-18
Algeria,Kaous,Jijel,,,26137,Commune,,,#N/A,2008,JijelAlgeria,locality,,DZ-18,Kaous ⴳⴰⵡⴻⵙ قاوس,,,,locality,,DZ-18,Kaous ⴳⴰⵡⴻⵙ قاوس,,,,,region,1,DZ-18,جيجل,HIGH,1.0,DZ-18
Algeria,Sidi Maarouf,Jijel,,,21662,Commune,,,#N/A,2008,JijelAlgeria,county,2,DZ-18,Daïra Sidi Maarouf,,,,county,2,DZ-18,Daïra Sidi Maarouf,,,,,region,1,DZ-18,جيجل,HIGH,1.0,DZ-18
Algeria,El Ancer,Jijel,,,20070,Commune,,,#N/A,2008,JijelAlgeria,locality,,DZ-18,El Ancer ⵍⵄⵉⵏⵚⴻⵔ العنصر,,,,locality,,DZ-18,El Ancer ⵍⵄⵉⵏⵚⴻⵔ العنصر,,,,,region,1,DZ-18,جيجل,HIGH,1.0,DZ-18
Algeria,Ouled Yahia Khedrouche,Jijel,,,18323,Commune,,,#N/A,2008,JijelAlgeria,locality,,DZ-18,Ouled Yahia Khedrouche ⵡⵍⴰⴷ ⵢⴻⵃⵢⴰ ⵅⴻⴷⵎⵓⵛ أولاد يحيى خدروش,,,,locality,,DZ-18,Ouled Yahia Khedrouche ⵡⵍⴰⴷ ⵢⴻⵃⵢⴰ ⵅⴻⴷⵎⵓⵛ أولاد يحيى خدروش,,,,,region,1,DZ-18,جيجل,HIGH,1.0,DZ-18
Algeria,Djimla,Jijel,,,17373,Commune,,,#N/A,2008,JijelAlgeria,locality,,DZ-18,Djimla ⴵⵎⵉⵍⴰ جيملة,,,,locality,,DZ-18,Djimla ⴵⵎⵉⵍⴰ جيملة,,,,,region,1,DZ-18,جيجل,HIGH,1.0,DZ-18
Algeria,El Kennar Nouchfi,Jijel,,,15852,Commune,,,#N/A,2008,JijelAlgeria,locality,,DZ-18,El Kennar Nouchfi ⵍⴳⴻⵏⵏⴰⵔ ⵏⵓⵛⴼⵉ القنار نشفي,,,,locality,,DZ-18,El Kennar Nouchfi ⵍⴳⴻⵏⵏⴰⵔ ⵏⵓⵛⴼⵉ القنار نشفي,,,,,region,1,DZ-18,جيجل,HIGH,1.0,DZ-18
Algeria,Texenna,Jijel,,,15682,Commune,,,#N/A,2008,JijelAlgeria,county,2,DZ-18,Daïra Texenna,,,,county,2,DZ-18,Daïra Texenna,,,,,region,1,DZ-18,جيجل,HIGH,1.0,DZ-18
Algeria,Settara,Jijel,,,15155,Commune,,,#N/A,2008,JijelAlgeria,county,2,DZ-18,Daïra Settara,,,,county,2,DZ-18,Daïra Settara,,,,,region,1,DZ-18,جيجل,HIGH,1.0,DZ-18
Algeria,Djemaa Beni Habibi,Jijel,,,14652,Commune,,,#N/A,2008,JijelAlgeria,locality,,DZ-18,Djemaa Beni Habibi ⴵⴻⵎⵄⴻⵜ ⴱⴻⵏⵉ ⵃⴱⵉⴱⵉ الجمعة بني حبيبي,,,,locality,,DZ-18,Djemaa Beni Habibi ⴵⴻⵎⵄⴻⵜ ⴱⴻⵏⵉ ⵃⴱⵉⴱⵉ الجمعة بني حبيبي,,,,,region,1,DZ-18,جيجل,HIGH,1.0,DZ-18
Algeria,Boucif Ouled Askeur,Jijel,,,13416,Commune,,,#N/A,2008,JijelAlgeria,locality,,DZ-18,Boussif Ouled Askeur ⵡⵍⴰⴷ ⵄⴻⵙⴽⴻⵔ بوسيف أولاد عسكر,,,,locality,,DZ-18,Boussif Ouled Askeur ⵡⵍⴰⴷ ⵄⴻⵙⴽⴻⵔ بوسيف أولاد عسكر,,,,,region,1,DZ-18,جيجل,HIGH,1.0,DZ-18
Algeria,El Aouana,Jijel,,,13273,Commune,,,#N/A,2008,JijelAlgeria,locality,,DZ-18,El Aouana ⵍⴻⵄⵡⴰⵏⴰ العوانة,,,,locality,,DZ-18,El Aouana ⵍⴻⵄⵡⴰⵏⴰ العوانة,,,,,region,1,DZ-18,جيجل,HIGH,1.0,DZ-18
Algeria,Ziama Mansouriah,Jijel,,,12642,Commune,,,#N/A,2008,JijelAlgeria,county,2,DZ-18,Daïra Ziama Mansouriah,,,,county,2,DZ-18,Daïra Ziama Mansouriah,,,,,region,1,DZ-18,جيجل,HIGH,1.0,DZ-18
Algeria,Boudriaa Ben Yadjis,Jijel,,,10710,Commune,,,#N/A,2008,JijelAlgeria,locality,,DZ-18,Boudria Ben Yadjis ⴱⵓⴷⵔⵉⵢⴰ ⴱⴻⵏ ⵢⴰⴵⵉⵙ بودريعة بن ياجيس,,,,locality,,DZ-18,Boudria Ben Yadjis ⴱⵓⴷⵔⵉⵢⴰ ⴱⴻⵏ ⵢⴰⴵⵉⵙ بودريعة بن ياجيس,,,,,region,1,DZ-18,جيجل,HIGH,1.0,DZ-18
Algeria,Ouled Rabah,Jijel,,,10681,Commune,,,#N/A,2008,JijelAlgeria,locality,,DZ-18,Ouled Rabah ⵡⵍⴰⴷ ⵔⴰⴱⴻⵃ أولاد رابح,,,,locality,,DZ-18,Ouled Rabah ⵡⵍⴰⴷ ⵔⴰⴱⴻⵃ أولاد رابح,,,,,region,1,DZ-18,جيجل,HIGH,1.0,DZ-18
Algeria,Bouraoui Belhadef,Jijel,,,10336,Commune,,,#N/A,2008,JijelAlgeria,locality,,DZ-18,Bouraoui Belhadef ⴱⵓⵔⴰⵡⵉ ⴱⴻⵍⵀⴻⴷⴷⴰⴼ بوراوي بلهادف,,,,locality,,DZ-18,Bouraoui Belhadef ⴱⵓⵔⴰⵡⵉ ⴱⴻⵍⵀⴻⴷⴷⴰⴼ بوراوي بلهادف,,,,,region,1,DZ-18,جيجل,HIGH,1.0,DZ-18
Algeria,Sidi Abdelaziz,Jijel,,,10153,Commune,,,#N/A,2008,JijelAlgeria,locality,,DZ-18,Sidi Abdelaziz ⵙⵉⴷⵉ ⵄⴻⴱⴷⴻⵍⵄⴰⵣⵉⵣ سيدي عبد العزيز,,,,locality,,DZ-18,Sidi Abdelaziz ⵙⵉⴷⵉ ⵄⴻⴱⴷⴻⵍⵄⴰⵣⵉⵣ سيدي عبد العزيز,,,,,region,1,DZ-18,جيجل,HIGH,1.0,DZ-18
Algeria,Ouadjana,Jijel,,,9580,Commune,,,#N/A,2008,JijelAlgeria,locality,,DZ-18,Oudjana ⵡⴻⴵⴵⴰⵏⴰ وجانة,,,,locality,,DZ-18,Oudjana ⵡⴻⴵⴵⴰⵏⴰ وجانة,,,,,region,1,DZ-18,جيجل,HIGH,1.0,DZ-18
Algeria,Chahna,Jijel,,,8781,Commune,,,#N/A,2008,JijelAlgeria,locality,,DZ-18,Chahna ⵛⵛⴻⵃⵏⴰ الشحنة,,,,locality,,DZ-18,Chahna ⵛⵛⴻⵃⵏⴰ الشحنة,,,,,region,1,DZ-18,جيجل,HIGH,1.0,DZ-18
Algeria,Ghebala,Jijel,,,5236,Commune,,,#N/A,2008,JijelAlgeria,locality,,DZ-18,Ghebala ⵖⴻⴱⴱⴰⵍⴰ غبالة,,,,locality,,DZ-18,Ghebala ⵖⴻⴱⴱⴰⵍⴰ غبالة,,,,,region,1,DZ-18,جيجل,HIGH,1.0,DZ-18
Algeria,Kheïri Oued Adjoul,Jijel,,,4582,Commune,,,#N/A,2008,JijelAlgeria,locality,,DZ-18,Kheïri Oued Adjoul ⵅⵉⵔⵉ ⵡⴰⴷ ⵍⵄⴻⴵⴵⵓⵍ خيري وادي العجول,,,,locality,,DZ-18,Kheïri Oued Adjoul ⵅⵉⵔⵉ ⵡⴰⴷ ⵍⵄⴻⴵⴵⵓⵍ خيري وادي العجول,,,,,region,1,DZ-18,جيجل,HIGH,1.0,DZ-18
Algeria,Bordj Tahar,Jijel,,,3889,Commune,,,#N/A,2008,JijelAlgeria,locality,,DZ-18,Bordj Tahar ⴱⵓⵔⴵ ⵟⵟⴰⵀⴻⵔ برج الطهر,,,,locality,,DZ-18,Bordj Tahar ⴱⵓⵔⴵ ⵟⵟⴰⵀⴻⵔ برج الطهر,,,,,region,1,DZ-18,جيجل,HIGH,1.0,DZ-18
Algeria,Eraguene,Jijel,,,2532,Commune,,,#N/A,2008,JijelAlgeria,locality,,DZ-18,Erraguene ⵉⵔⴰⴳⴻⵏ ⵙⵡⵉⵙⵉ إيراقن سويسي,,,,locality,,DZ-18,Erraguene ⵉⵔⴰⴳⴻⵏ ⵙⵡⵉⵙⵉ إيراقن سويسي,,,,,region,1,DZ-18,جيجل,HIGH,1.0,DZ-18
Algeria,Selma Benziada,Jijel,,,920,Commune,,,#N/A,2008,JijelAlgeria,locality,,DZ-18,Selma Ben Ziada ⵙⴰⵍⵎⴰ ⴱⴻⵏ ⵣⵉⵢⴰⴷⴰ سلمى بن زيادة,,,,locality,,DZ-18,Selma Ben Ziada ⵙⴰⵍⵎⴰ ⴱⴻⵏ ⵣⵉⵢⴰⴷⴰ سلمى بن زيادة,,,,,region,1,DZ-18,جيجل,HIGH,1.0,DZ-18
Algeria,Khenchela,Khenchela,,,108580,Province Capital,Khenchela,,Khenchela,2008,KhenchelaAlgeria,county,2,DZ-40,Daïra de Djanet,,,,region,1,DZ-40,Khenchela,,,,,region,1,DZ-40,Khenchela,HIGH,1.0,DZ-40
Algeria,El Mahmal,Khenchela,,,38706,Commune,,,#N/A,2008,KhenchelaAlgeria,locality,,DZ-40,El Mahmal ⵍⵎⴻⵃⵎⴻⵍ المحمل,,,,locality,,DZ-40,El Mahmal ⵍⵎⴻⵃⵎⴻⵍ المحمل,,,,,region,1,DZ-40,Khenchela,HIGH,1.0,DZ-40
Algeria,Babar,Khenchela,,,34844,Commune,,,#N/A,2008,KhenchelaAlgeria,locality,,DZ-40,Babar ⴱⴰⴱⴰⵔ بابار,,,,locality,,DZ-40,Babar ⴱⴰⴱⴰⵔ بابار,,,,,region,1,DZ-40,Khenchela,HIGH,1.0,DZ-40
Algeria,Kais,Khenchela,,,34383,Commune,,,#N/A,2008,KhenchelaAlgeria,locality,,DZ-40,Kais ⵇⴰⵢⴻⵙ قايس,,,,locality,,DZ-40,Kais ⵇⴰⵢⴻⵙ قايس,,,,,region,1,DZ-40,Khenchela,HIGH,1.0,DZ-40
Algeria,Chechar,Khenchela,,,27428,Commune,,,#N/A,2008,KhenchelaAlgeria,locality,,DZ-40,Chechar ⵛⴻⵛⵛⴰⵔ ششار,,,,locality,,DZ-40,Chechar ⵛⴻⵛⵛⴰⵔ ششار,,,,,region,1,DZ-40,Khenchela,HIGH,1.0,DZ-40
Algeria,Ouled Rechache,Khenchela,,,24923,Commune,,,#N/A,2008,KhenchelaAlgeria,county,2,DZ-40,Daïra Ouled Rechache,,,,county,2,DZ-40,Daïra Ouled Rechache,,,,,region,1,DZ-40,Khenchela,HIGH,1.0,DZ-40
Algeria,Aïn Touila,Khenchela,,,16845,Commune,,,#N/A,2008,KhenchelaAlgeria,locality,,DZ-40,Aïn Touila ⵄⵉⵏ ⵟⵡⵉⵍⴰ عين الطويلة,,,,locality,,DZ-40,Aïn Touila ⵄⵉⵏ ⵟⵡⵉⵍⴰ عين الطويلة,,,,,region,1,DZ-40,Khenchela,HIGH,1.0,DZ-40
Algeria,El Hamma,Khenchela,,,12051,Commune,,,#N/A,2008,KhenchelaAlgeria,locality,,DZ-40,El Hamma ⵍⵃⴰⵎⵎⴰ الحامة,,,,locality,,DZ-40,El Hamma ⵍⵃⴰⵎⵎⴰ الحامة,,,,,region,1,DZ-40,Khenchela,HIGH,1.0,DZ-40
Algeria,Taouzient,Khenchela,,,10748,Commune,,,#N/A,2008,KhenchelaAlgeria,locality,,DZ-40,Taouzient ⵜⴰⵡⴻⵣⵢⴰⵏⵜ تاوزيانت,,,,locality,,DZ-40,Taouzient ⵜⴰⵡⴻⵣⵢⴰⵏⵜ تاوزيانت,,,,,region,1,DZ-40,Khenchela,HIGH,1.0,DZ-40
Algeria,Bouhmama,Khenchela,,,10614,Commune,,,#N/A,2008,KhenchelaAlgeria,locality,,DZ-40,Bouhmama ⴱⵓⵃⵎⴰⵎⴰ بوحمامة,,,,locality,,DZ-40,Bouhmama ⴱⵓⵃⵎⴰⵎⴰ بوحمامة,,,,,region,1,DZ-40,Khenchela,HIGH,1.0,DZ-40
Algeria,Yabous,Khenchela,,,10402,Commune,,,#N/A,2008,KhenchelaAlgeria,locality,,DZ-40,Yabous ⵢⴰⴱⵓⵙ يابوس,,,,locality,,DZ-40,Yabous ⵢⴰⴱⵓⵙ يابوس,,,,,region,1,DZ-40,Khenchela,HIGH,1.0,DZ-40
Algeria,Ensigha,Khenchela,,,9257,Commune,,,#N/A,2008,KhenchelaAlgeria,locality,,DZ-40,Ensigha ⵏⵙⵉⵖⴰ انسيغة,,,,locality,,DZ-40,Ensigha ⵏⵙⵉⵖⴰ انسيغة,,,,,region,1,DZ-40,Khenchela,HIGH,1.0,DZ-40
Algeria,Tamza,Khenchela,,,8617,Commune,,,#N/A,2008,KhenchelaAlgeria,locality,,DZ-40,Tamza ⵜⴰⵎⵣⴰ طامزة,,,,locality,,DZ-40,Tamza ⵜⴰⵎⵣⴰ طامزة,,,,,region,1,DZ-40,Khenchela,HIGH,1.0,DZ-40
Algeria,Baghaï,Khenchela,,,6676,Commune,,,#N/A,2008,KhenchelaAlgeria,locality,,DZ-40,Baghaï ⴱⴻⵖⵖⴰⵢ بغاي,,,,locality,,DZ-40,Baghaï ⴱⴻⵖⵖⴰⵢ بغاي,,,,,region,1,DZ-40,Khenchela,HIGH,1.0,DZ-40
Algeria,M'Toussa,Khenchela,,,5981,Commune,,,#N/A,2008,KhenchelaAlgeria,locality,,DZ-40,M'Toussa ⵎⵜⵓⵙⴰ متوسة,,,,locality,,DZ-40,M'Toussa ⵎⵜⵓⵙⴰ متوسة,,,,,region,1,DZ-40,Khenchela,HIGH,1.0,DZ-40
Algeria,Khirane,Khenchela,,,5752,Commune,,,#N/A,2008,KhenchelaAlgeria,locality,,DZ-40,Khirane ⵅⵉⵔⴰⵏ خيران,,,,locality,,DZ-40,Khirane ⵅⵉⵔⴰⵏ خيران,,,,,region,1,DZ-40,Khenchela,HIGH,1.0,DZ-40
Algeria,Remila,Khenchela,,,5606,Commune,,,#N/A,2008,KhenchelaAlgeria,locality,,DZ-40,Remila ⵔⵎⵉⵍⴰ الرميلة,,,,locality,,DZ-40,Remila ⵔⵎⵉⵍⴰ الرميلة,,,,,region,1,DZ-40,Khenchela,HIGH,1.0,DZ-40
Algeria,Chélia,Khenchela,,,4953,Commune,,,#N/A,2008,KhenchelaAlgeria,locality,,DZ-40,Chélia ⵛⵉⵍⵢⴰ شلية,,,,locality,,DZ-40,Chélia ⵛⵉⵍⵢⴰ شلية,,,,,region,1,DZ-40,Khenchela,HIGH,1.0,DZ-40
Algeria,M'Sara,Khenchela,,,4104,Commune,,,#N/A,2008,KhenchelaAlgeria,locality,,DZ-40,M'Sara ⵎⵚⴰⵔⴰ أمصارة,,,,locality,,DZ-40,M'Sara ⵎⵚⴰⵔⴰ أمصارة,,,,,region,1,DZ-40,Khenchela,HIGH,1.0,DZ-40
Algeria,El Oueldja,Khenchela,,,3124,Commune,,,#N/A,2008,KhenchelaAlgeria,locality,,DZ-40,El Oueldja ⵍⵡⴻⵍⴵⴰ الولجة,,,,locality,,DZ-40,El Oueldja ⵍⵡⴻⵍⴵⴰ الولجة,,,,,region,1,DZ-40,Khenchela,HIGH,1.0,DZ-40
Algeria,Djellal,Khenchela,,,3089,Commune,,,#N/A,2008,KhenchelaAlgeria,locality,,DZ-40,Djellal ⴵⴻⵍⵍⴰⵍ جلال,,,,locality,,DZ-40,Djellal ⴵⴻⵍⵍⴰⵍ جلال,,,,,region,1,DZ-40,Khenchela,HIGH,1.0,DZ-40
Algeria,Laghouat,Laghouat,,,144747,Province Capital,,,#N/A,2008,LaghouatAlgeria,,,,,,,,region,1,DZ-03,Laghouat,,,,,region,1,DZ-03,Laghouat,HIGH,1.0,DZ-03
Algeria,Aflou,Laghouat,,,102025,Commune,,,#N/A,2008,LaghouatAlgeria,locality,,DZ-03,Aflou ⴰⴼⵍⵓ آفلو,,,,locality,,DZ-03,Aflou ⴰⴼⵍⵓ آفلو,,,,,region,1,DZ-03,Laghouat,HIGH,1.0,DZ-03
Algeria,Tadjemout,Laghouat,,,24320,Commune,,,#N/A,2008,LaghouatAlgeria,locality,,DZ-03,Tadjemout ⵜⴰⴵⵎⵓⵜ تاجموت,,,,locality,,DZ-03,Tadjemout ⵜⴰⴵⵎⵓⵜ تاجموت,,,,,region,1,DZ-03,Laghouat,HIGH,1.0,DZ-03
Algeria,Ksar El Hirane,Laghouat,,,23841,Commune,,,#N/A,2008,LaghouatAlgeria,locality,,DZ-03,Ksar El Hirane ⵇⵚⴻⵔ ⵍⵃⵉⵔⴰⵏ قصر الحيران,,,,locality,,DZ-03,Ksar El Hirane ⵇⵚⴻⵔ ⵍⵃⵉⵔⴰⵏ قصر الحيران,,,,,region,1,DZ-03,Laghouat,HIGH,1.0,DZ-03
Algeria,Hassi R'Mel,Laghouat,,,22133,Commune,,,#N/A,2008,LaghouatAlgeria,locality,,DZ-03,Hassi R'Mel ⵃⴰⵙⵉ ⵔⵎⴻⵍ حاسى الرمل,,,,locality,,DZ-03,Hassi R'Mel ⵃⴰⵙⵉ ⵔⵎⴻⵍ حاسى الرمل,,,,,region,1,DZ-03,Laghouat,HIGH,1.0,DZ-03
Algeria,Gueltat Sidi Saad,Laghouat,,,12567,Commune,,,#N/A,2008,LaghouatAlgeria,locality,,DZ-03,Gueltat Sidi Saad ⴳⴻⵍⵜⴰⵜ ⵙⵉⴷⵉ ⵙⴰⵄⴷ قلتة سيدي سعد,,,,locality,,DZ-03,Gueltat Sidi Saad ⴳⴻⵍⵜⴰⵜ ⵙⵉⴷⵉ ⵙⴰⵄⴷ قلتة سيدي سعد,,,,,region,1,DZ-03,Laghouat,HIGH,1.0,DZ-03
Algeria,Sidi Makhlouf,Laghouat,,,12292,Commune,,,#N/A,2008,LaghouatAlgeria,locality,,DZ-03,Sidi Makhlouf ⵙⵉⴷⵉ ⵎⴻⵅⵍⵓⴼ سيدي مخلوف,,,,locality,,DZ-03,Sidi Makhlouf ⵙⵉⴷⵉ ⵎⴻⵅⵍⵓⴼ سيدي مخلوف,,,,,region,1,DZ-03,Laghouat,HIGH,1.0,DZ-03
Algeria,Hassi Delaa,Laghouat,,,11204,Commune,,,#N/A,2008,LaghouatAlgeria,locality,,DZ-03,Hassi Delaa ⵃⴰⵙⵉ ⴷⴻⵍⵍⴰⵄⴰ حاسى دلاعة,,,,locality,,DZ-03,Hassi Delaa ⵃⴰⵙⵉ ⴷⴻⵍⵍⴰⵄⴰ حاسى دلاعة,,,,,region,1,DZ-03,Laghouat,HIGH,1.0,DZ-03
Algeria,Kheneg,Laghouat,,,10787,Commune,,,#N/A,2008,LaghouatAlgeria,locality,,DZ-03,Kheneg ⵅⴻⵏⵏⴻⴳ الخنق,,,,locality,,DZ-03,Kheneg ⵅⴻⵏⵏⴻⴳ الخنق,,,,,region,1,DZ-03,Laghouat,HIGH,1.0,DZ-03
Algeria,Aïn Sidi Ali,Laghouat,,,10486,Commune,,,#N/A,2008,LaghouatAlgeria,locality,,DZ-03,Aïn Sidi Ali ⵄⵉⵏ ⵙⵉⴷⵉ ⵄⵍⵉ عين سيدي على,,,,locality,,DZ-03,Aïn Sidi Ali ⵄⵉⵏ ⵙⵉⴷⵉ ⵄⵍⵉ عين سيدي على,,,,,region,1,DZ-03,Laghouat,HIGH,1.0,DZ-03
Algeria,Bennasser Benchohra,Laghouat,,,9621,Commune,,,#N/A,2008,LaghouatAlgeria,locality,,DZ-03,Bennasser Benchohra ⴱⴻⵏⵏⴰⵚⴻⵔ ⴱⴻⵏ ⵛⵓⵀⵔⴰ بن ناصر بن شهرة,,,,locality,,DZ-03,Bennasser Benchohra ⴱⴻⵏⵏⴰⵚⴻⵔ ⴱⴻⵏ ⵛⵓⵀⵔⴰ بن ناصر بن شهرة,,,,,region,1,DZ-03,Laghouat,HIGH,1.0,DZ-03
Algeria,Beidha,Laghouat,,,8761,Commune,,,#N/A,2008,LaghouatAlgeria,locality,,DZ-03,Beidha ⴱⴻⵢⴹⴰ بيضاء,,,,locality,,DZ-03,Beidha ⴱⴻⵢⴹⴰ بيضاء,,,,,region,1,DZ-03,Laghouat,HIGH,1.0,DZ-03
Algeria,Aïn Madhi,Laghouat,,,8101,Commune,,,#N/A,2008,LaghouatAlgeria,county,2,DZ-03,Daïra Ain Madhi,,,,county,2,DZ-03,Daïra Ain Madhi,,,,,region,1,DZ-03,Laghouat,HIGH,1.0,DZ-03
Algeria,Brida,Laghouat,,,6395,Commune,,,#N/A,2008,LaghouatAlgeria,locality,,DZ-03,Brida,,,,locality,,DZ-03,Brida,,,,,region,1,DZ-03,Laghouat,HIGH,1.0,DZ-03
Algeria,Hadj Mechri,Laghouat,,,6357,Commune,,,#N/A,2008,LaghouatAlgeria,locality,,DZ-03,Hadj Mechri ⵃⴰⴵ ⵎⴻⵛⵔⵉ حاج مشري,,,,locality,,DZ-03,Hadj Mechri ⵃⴰⴵ ⵎⴻⵛⵔⵉ حاج مشري,,,,,region,1,DZ-03,Laghouat,HIGH,1.0,DZ-03
Algeria,El Ghicha,Laghouat,,,6079,Commune,,,#N/A,2008,LaghouatAlgeria,locality,,DZ-03,El Ghicha ⵍⵖⵉⵛⴰ الغيشة,,,,locality,,DZ-03,El Ghicha ⵍⵖⵉⵛⴰ الغيشة,,,,,region,1,DZ-03,Laghouat,HIGH,1.0,DZ-03
Algeria,Sebgag,Laghouat,,,5981,Commune,,,#N/A,2008,LaghouatAlgeria,locality,,DZ-03,Sebgag ⵙⴻⴱⴳⴰⴳ سبقاق,,,,locality,,DZ-03,Sebgag ⵙⴻⴱⴳⴰⴳ سبقاق,,,,,region,1,DZ-03,Laghouat,HIGH,1.0,DZ-03
Algeria,Oued Morra,Laghouat,,,5700,Commune,,,#N/A,2008,LaghouatAlgeria,county,2,DZ-03,Daïra Oued Morra,,,,county,2,DZ-03,Daïra Oued Morra,,,,,region,1,DZ-03,Laghouat,HIGH,1.0,DZ-03
Algeria,El Assafia,Laghouat,,,5618,Commune,,,#N/A,2008,LaghouatAlgeria,locality,,DZ-03,El Assafia ⵍⵄⴻⵙⵙⴰⴼⵉⵢⴰ العاسفية,,,,locality,,DZ-03,El Assafia ⵍⵄⴻⵙⵙⴰⴼⵉⵢⴰ العاسفية,,,,,region,1,DZ-03,Laghouat,HIGH,1.0,DZ-03
Algeria,Sidi Bouzid,Laghouat,,,5191,Commune,,,#N/A,2008,LaghouatAlgeria,locality,,DZ-03,Sidi Bouzid ⵙⵉⴷⵉ ⴱⵓⵣⵉⴷ سيدي بوزيد,,,,locality,,DZ-03,Sidi Bouzid ⵙⵉⴷⵉ ⴱⵓⵣⵉⴷ سيدي بوزيد,,,,,region,1,DZ-03,Laghouat,HIGH,1.0,DZ-03
Algeria,Tadjrouna,Laghouat,,,4306,Commune,,,#N/A,2008,LaghouatAlgeria,locality,,DZ-03,Tadjrouna ⵜⴰⴵⵔⵓⵏⴰ تاجرونة,,,,locality,,DZ-03,Tadjrouna ⵜⴰⴵⵔⵓⵏⴰ تاجرونة,,,,,region,1,DZ-03,Laghouat,HIGH,1.0,DZ-03
Algeria,Taouila,Laghouat,,,3172,Commune,,,#N/A,2008,LaghouatAlgeria,locality,,DZ-03,Taouiala ⵜⴰⵡⵢⴰⵍⴰ تاويالة,,,,locality,,DZ-03,Taouiala ⵜⴰⵡⵢⴰⵍⴰ تاويالة,,,,,region,1,DZ-03,Laghouat,HIGH,1.0,DZ-03
Algeria,Oued M'Zi,Laghouat,,,3129,Commune,,,#N/A,2008,LaghouatAlgeria,locality,,DZ-03,Oued M'zi ⵡⴰⴷ ⵎⵣⵉ وادي مزي,,,,locality,,DZ-03,Oued M'zi ⵡⴰⴷ ⵎⵣⵉ وادي مزي,,,,,region,1,DZ-03,Laghouat,HIGH,1.0,DZ-03
Algeria,El Houaita,Laghouat,,,2789,Commune,,,#N/A,2008,LaghouatAlgeria,locality,,DZ-03,El Houaita ⵍⴻⵃⵡⴰⵢⵟⵉⵢⴰ الحوايطة,,,,locality,,DZ-03,El Houaita ⵍⴻⵃⵡⴰⵢⵟⵉⵢⴰ الحوايطة,,,,,region,1,DZ-03,Laghouat,HIGH,1.0,DZ-03
Algeria,Mascara,Mascara,,,108587,Province Capital,,,#N/A,2008,MascaraAlgeria,,,,,,,,region,1,DZ-29,Mascara,,,,,region,1,DZ-29,Mascara,HIGH,1.0,DZ-29
Algeria,Mohammadia,Mascara,,,84700,Commune,,,#N/A,2008,MascaraAlgeria,county,2,DZ-29,Daïra Mohammadia,,,,county,2,DZ-29,Daïra Mohammadia,,,,,region,1,DZ-29,Mascara,HIGH,1.0,DZ-29
Algeria,Sig,Mascara,,,70499,Commune,,,#N/A,2008,MascaraAlgeria,county,2,DZ-29,Daïra Sig,,,,county,2,DZ-29,Daïra Sig,,,,,region,1,DZ-29,Mascara,HIGH,1.0,DZ-29
Algeria,Tighennif,Mascara,,,62210,Commune,,,#N/A,2008,MascaraAlgeria,county,2,DZ-29,Daïra Tighennif,,,,county,2,DZ-29,Daïra Tighennif,,,,,region,1,DZ-29,Mascara,HIGH,1.0,DZ-29
Algeria,Ghriss,Mascara,,,28823,Commune,,,#N/A,2008,MascaraAlgeria,county,2,DZ-29,Daïra Ghriss,,,,county,2,DZ-29,Daïra Ghriss,,,,,region,1,DZ-29,Mascara,HIGH,1.0,DZ-29
Algeria,Hachem,Mascara,,,23716,Commune,,,#N/A,2008,MascaraAlgeria,locality,,DZ-29,Hachem ⵀⴰⵛⴻⵎ الهاشم,,,,locality,,DZ-29,Hachem ⵀⴰⵛⴻⵎ الهاشم,,,,,region,1,DZ-29,Mascara,HIGH,1.0,DZ-29
Algeria,Zahana,Mascara,,,21850,Commune,,,#N/A,2008,MascaraAlgeria,county,2,DZ-29,Daïra Zahana,,,,county,2,DZ-29,Daïra Zahana,,,,,region,1,DZ-29,Mascara,HIGH,1.0,DZ-29
Algeria,Oued El Abtal,Mascara,,,21278,Commune,,,#N/A,2008,MascaraAlgeria,county,2,DZ-29,Daïra Oued El Abtal,,,,county,2,DZ-29,Daïra Oued El Abtal,,,,,region,1,DZ-29,Mascara,HIGH,1.0,DZ-29
Algeria,Maoussa,Mascara,,,20719,Commune,,,#N/A,2008,MascaraAlgeria,locality,,DZ-29,Maoussa ⵎⴰⵡⵙⴰ ماوسة,,,,locality,,DZ-29,Maoussa ⵎⴰⵡⵙⴰ ماوسة,,,,,region,1,DZ-29,Mascara,HIGH,1.0,DZ-29
Algeria,El Bordj,Mascara,,,20711,Commune,,,#N/A,2008,MascaraAlgeria,locality,,DZ-29,El Bordj ⵍⴱⵓⵔⴵ البرج,,,,locality,,DZ-29,El Bordj ⵍⴱⵓⵔⴵ البرج,,,,,region,1,DZ-29,Mascara,HIGH,1.0,DZ-29
Algeria,Sidi Kada,Mascara,,,20614,Commune,,,#N/A,2008,MascaraAlgeria,locality,,DZ-29,Sidi Kada ⵙⵉⴷⵉ ⵇⴰⴷⴰ سيدي قادة,,,,locality,,DZ-29,Sidi Kada ⵙⵉⴷⵉ ⵇⴰⴷⴰ سيدي قادة,,,,,region,1,DZ-29,Mascara,HIGH,1.0,DZ-29
Algeria,Bou Hanifia,Mascara,,,18576,Commune,,,#N/A,2008,MascaraAlgeria,locality,,DZ-29,Bouhanifia ⴱⵓⵃⴰⵏⵉⴼⵉⵢⴰ بوحنيفية,,,,locality,,DZ-29,Bouhanifia ⴱⵓⵃⴰⵏⵉⴼⵉⵢⴰ بوحنيفية,,,,,region,1,DZ-29,Mascara,HIGH,1.0,DZ-29
Algeria,Oued Taria,Mascara,,,15901,Commune,,,#N/A,2008,MascaraAlgeria,locality,,DZ-29,Oued Taria ⵡⴰⴷ ⵜⵜⴰⵖⵉⵢⴰ واد التاغية,,,,locality,,DZ-29,Oued Taria ⵡⴰⴷ ⵜⵜⴰⵖⵉⵢⴰ واد التاغية,,,,,region,1,DZ-29,Mascara,HIGH,1.0,DZ-29
Algeria,Matemore,Mascara,,,15170,Commune,,,#N/A,2008,MascaraAlgeria,locality,,DZ-29,Matemor ⵎⴻⵟⵎⵓⵔ مطمور,,,,locality,,DZ-29,Matemor ⵎⴻⵟⵎⵓⵔ مطمور,,,,,region,1,DZ-29,Mascara,HIGH,1.0,DZ-29
Algeria,Sidi Abdelmoumen,Mascara,,,14600,Commune,,,#N/A,2008,MascaraAlgeria,locality,,DZ-29,Sidi Abdelmoumen ⵙⵉⴷⵉ ⵄⴻⴱⴷⴻⵍⵎⵓⵎⴻⵏ سيدي عبد المومن,,,,locality,,DZ-29,Sidi Abdelmoumen ⵙⵉⴷⵉ ⵄⴻⴱⴷⴻⵍⵎⵓⵎⴻⵏ سيدي عبد المومن,,,,,region,1,DZ-29,Mascara,HIGH,1.0,DZ-29
Algeria,Froha,Mascara,,,13769,Commune,,,#N/A,2008,MascaraAlgeria,locality,,DZ-29,Froha ⴼⵔⵓⵃⴰ فروحة,,,,locality,,DZ-29,Froha ⴼⵔⵓⵃⴰ فروحة,,,,,region,1,DZ-29,Mascara,HIGH,1.0,DZ-29
Algeria,Mamounia,Mascara,,,13364,Commune,,,#N/A,2008,MascaraAlgeria,locality,,DZ-29,Mamounia ⵎⴰⵎⵓⵏⵉⵢⴰ المامونية,,,,locality,,DZ-29,Mamounia ⵎⴰⵎⵓⵏⵉⵢⴰ المامونية,,,,,region,1,DZ-29,Mascara,HIGH,1.0,DZ-29
Algeria,Tizi,Mascara,,,12923,Commune,,,#N/A,2008,MascaraAlgeria,county,2,DZ-29,Daïra Tizi,,,,county,2,DZ-29,Daïra Tizi,,,,,region,1,DZ-29,Mascara,HIGH,1.0,DZ-29
Algeria,Aïn Fekan,Mascara,,,11862,Commune,,,#N/A,2008,MascaraAlgeria,county,2,DZ-29,Daïra Aïn Fekan,,,,county,2,DZ-29,Daïra Aïn Fekan,,,,,region,1,DZ-29,Mascara,HIGH,1.0,DZ-29
Algeria,Bou Henni,Mascara,,,11715,Commune,,,#N/A,2008,MascaraAlgeria,locality,,DZ-29,Bou Henni ⴱⵓⵀⵏⵉ بوهني,,,,locality,,DZ-29,Bou Henni ⴱⵓⵀⵏⵉ بوهني,,,,,region,1,DZ-29,Mascara,HIGH,1.0,DZ-29
Algeria,Aïn Fras,Mascara,,,11494,Commune,,,#N/A,2008,MascaraAlgeria,locality,,DZ-29,Aïn Fras ⵄⵉⵏ ⴼⴰⵔⴻⵙ عين فرس,,,,locality,,DZ-29,Aïn Fras ⵄⵉⵏ ⴼⴰⵔⴻⵙ عين فرس,,,,,region,1,DZ-29,Mascara,HIGH,1.0,DZ-29
Algeria,Oggaz,Mascara,,,11140,Commune,,,#N/A,2008,MascaraAlgeria,county,2,DZ-29,Daïra Oggaz,,,,county,2,DZ-29,Daïra Oggaz,,,,,region,1,DZ-29,Mascara,HIGH,1.0,DZ-29
Algeria,Hacine,Mascara,,,10473,Commune,,,#N/A,2008,MascaraAlgeria,locality,,DZ-29,Hacine ⵃⴰⵙⵉⵏ حاسين,,,,locality,,DZ-29,Hacine ⵃⴰⵙⵉⵏ حاسين,,,,,region,1,DZ-29,Mascara,HIGH,1.0,DZ-29
Algeria,Sehailia,Mascara,,,10218,Commune,,,#N/A,2008,MascaraAlgeria,locality,,DZ-29,Sehailia ⵙⵃⴰⵢⵍⵉⵢⴰ سحايلية,,,,locality,,DZ-29,Sehailia ⵙⵃⴰⵢⵍⵉⵢⴰ سحايلية,,,,,region,1,DZ-29,Mascara,HIGH,1.0,DZ-29
Algeria,El Ghomri,Mascara,,,10043,Commune,,,#N/A,2008,MascaraAlgeria,locality,,DZ-29,El Ghomri ⵍⵖⵓⵎⵔⵉ الغمري,,,,locality,,DZ-29,El Ghomri ⵍⵖⵓⵎⵔⵉ الغمري,,,,,region,1,DZ-29,Mascara,HIGH,1.0,DZ-29
Algeria,El Menaouer,Mascara,,,9690,Commune,,,#N/A,2008,MascaraAlgeria,locality,,DZ-29,El Menaouer ⵍⴻⵎⵏⴰⵡⴻⵔ المناور,,,,locality,,DZ-29,El Menaouer ⵍⴻⵎⵏⴰⵡⴻⵔ المناور,,,,,region,1,DZ-29,Mascara,HIGH,1.0,DZ-29
Algeria,Mocta Douz,Mascara,,,9105,Commune,,,#N/A,2008,MascaraAlgeria,locality,,DZ-29,Mocta Douz ⵎⵓⵇⵟⴰⵄ ⴷⵓⵣ مقطع دوز,,,,locality,,DZ-29,Mocta Douz ⵎⵓⵇⵟⴰⵄ ⴷⵓⵣ مقطع دوز,,,,,region,1,DZ-29,Mascara,HIGH,1.0,DZ-29
Algeria,Sedjerara,Mascara,,,8549,Commune,,,#N/A,2008,MascaraAlgeria,locality,,DZ-29,Sedjerara ⵙⴻⴵⵔⴰⵔⴰ سجرارة,,,,locality,,DZ-29,Sedjerara ⵙⴻⴵⵔⴰⵔⴰ سجرارة,,,,,region,1,DZ-29,Mascara,HIGH,1.0,DZ-29
Algeria,Aouf,Mascara,,,7887,Commune,,,#N/A,2008,MascaraAlgeria,locality,,DZ-29,Aouf ⵄⵓⴼ عوف,,,,locality,,DZ-29,Aouf ⵄⵓⴼ عوف,,,,,region,1,DZ-29,Mascara,HIGH,1.0,DZ-29
Algeria,Ras El Aïn Amirouche,Mascara,,,7785,Commune,,,#N/A,2008,MascaraAlgeria,locality,,DZ-29,Ras El Aïn Amirouche ⵔⴰⵙ ⵍⵄⵉⵏ ⵄⵎⵉⵔⵓⵛ رأس العين عميروش,,,,locality,,DZ-29,Ras El Aïn Amirouche ⵔⴰⵙ ⵍⵄⵉⵏ ⵄⵎⵉⵔⵓⵛ رأس العين عميروش,,,,,region,1,DZ-29,Mascara,HIGH,1.0,DZ-29
Algeria,Alaïmia,Mascara,,,7512,Commune,,,#N/A,2008,MascaraAlgeria,locality,,DZ-29,Alaïmia ⵍⴻⵄⵍⴰⵢⵎⵉⵢⴰ العلايمية,,,,locality,,DZ-29,Alaïmia ⵍⴻⵄⵍⴰⵢⵎⵉⵢⴰ العلايمية,,,,,region,1,DZ-29,Mascara,HIGH,1.0,DZ-29
Algeria,Zelmata,Mascara,,,7379,Commune,,,#N/A,2008,MascaraAlgeria,locality,,DZ-29,Zelmata ⵣⴻⵍⵎⴰⵟⴰ زلماطة,,,,locality,,DZ-29,Zelmata ⵣⴻⵍⵎⴰⵟⴰ زلماطة,,,,,region,1,DZ-29,Mascara,HIGH,1.0,DZ-29
Algeria,Khalouia,Mascara,,,6159,Commune,,,#N/A,2008,MascaraAlgeria,locality,,DZ-29,Khalouia ⵅⴻⵍⵡⵉⵢⵢⴰ خلوية,,,,locality,,DZ-29,Khalouia ⵅⴻⵍⵡⵉⵢⵢⴰ خلوية,,,,,region,1,DZ-29,Mascara,HIGH,1.0,DZ-29
Algeria,Aïn Ferah,Mascara,,,5816,Commune,,,#N/A,2008,MascaraAlgeria,locality,,DZ-29,Ain Ferah ⵄⵉⵏ ⴼⴻⵔⵔⴰⵃ عين فراح,,,,locality,,DZ-29,Ain Ferah ⵄⵉⵏ ⴼⴻⵔⵔⴰⵃ عين فراح,,,,,region,1,DZ-29,Mascara,HIGH,1.0,DZ-29
Algeria,Beniane,Mascara,,,5581,Commune,,,#N/A,2008,MascaraAlgeria,locality,,DZ-29,Beniane ⴱⴻⵏⵢⴰⵏ بنيان,,,,locality,,DZ-29,Beniane ⴱⴻⵏⵢⴰⵏ بنيان,,,,,region,1,DZ-29,Mascara,HIGH,1.0,DZ-29
Algeria,Nesmoth,Mascara,,,5527,Commune,,,#N/A,2008,MascaraAlgeria,locality,,DZ-29,Nesmoth ⵏⴻⵙⵎⵓⵟ نسموط,,,,locality,,DZ-29,Nesmoth ⵏⴻⵙⵎⵓⵟ نسموط,,,,,region,1,DZ-29,Mascara,HIGH,1.0,DZ-29
Algeria,Makdha,Mascara,,,5235,Commune,,,#N/A,2008,MascaraAlgeria,locality,,DZ-29,Makdha ⵎⴰⵇⴹⴰ ماقضة,,,,locality,,DZ-29,Makdha ⵎⴰⵇⴹⴰ ماقضة,,,,,region,1,DZ-29,Mascara,HIGH,1.0,DZ-29
Algeria,Sidi Boussaid,Mascara,,,4483,Commune,,,#N/A,2008,MascaraAlgeria,locality,,DZ-29,Sidi Boussaid ⵙⵉⴷⵉ ⴱⵓⵙⵄⵉⴷ سيدي بوسعيد,,,,locality,,DZ-29,Sidi Boussaid ⵙⵉⴷⵉ ⴱⵓⵙⵄⵉⴷ سيدي بوسعيد,,,,,region,1,DZ-29,Mascara,HIGH,1.0,DZ-29
Algeria,El Gaada,Mascara,,,4336,Commune,,,#N/A,2008,MascaraAlgeria,locality,,DZ-29,El Gaada ⵍⴳⴻⵄⴷⴰ القعدة,,,,locality,,DZ-29,El Gaada ⵍⴳⴻⵄⴷⴰ القعدة,,,,,region,1,DZ-29,Mascara,HIGH,1.0,DZ-29
Algeria,El Keurt,Mascara,,,4285,Commune,,,#N/A,2008,MascaraAlgeria,locality,,DZ-29,El Keurt ⵍⵇⴻⵔⵟ القرط,,,,locality,,DZ-29,El Keurt ⵍⵇⴻⵔⵟ القرط,,,,,region,1,DZ-29,Mascara,HIGH,1.0,DZ-29
Algeria,Sidi Abdeldjebar,Mascara,,,4190,Commune,,,#N/A,2008,MascaraAlgeria,locality,,DZ-29,Sidi Abdeldjebar ⵙⵉⴷⵉ ⵄⴻⴱⴷⴻⵍⴵⴻⴱⴱⴰⵔ سيدي عبد الجبار,,,,locality,,DZ-29,Sidi Abdeldjebar ⵙⵉⴷⵉ ⵄⴻⴱⴷⴻⵍⴵⴻⴱⴱⴰⵔ سيدي عبد الجبار,,,,,region,1,DZ-29,Mascara,HIGH,1.0,DZ-29
Algeria,Gharrous,Mascara,,,3619,Commune,,,#N/A,2008,MascaraAlgeria,locality,,DZ-29,Gharrous ⵖⴻⵔⵔⵓⵙ غروس,,,,locality,,DZ-29,Gharrous ⵖⴻⵔⵔⵓⵙ غروس,,,,,region,1,DZ-29,Mascara,HIGH,1.0,DZ-29
Algeria,Chorfa,Mascara,,,2608,Commune,,,#N/A,2008,MascaraAlgeria,locality,,DZ-29,Chorfa ⵛⵛⴻⵔⴼⴰ الشرفة,,,,locality,,DZ-29,Chorfa ⵛⵛⴻⵔⴼⴰ الشرفة,,,,,region,1,DZ-29,Mascara,HIGH,1.0,DZ-29
Algeria,Ferraguig,Mascara,,,2565,Commune,,,#N/A,2008,MascaraAlgeria,locality,,DZ-29,Ferraguig ⴼⴻⵔⵔⴰⴳⵉⴳ فرقيق,,,,locality,,DZ-29,Ferraguig ⴼⴻⵔⵔⴰⴳⵉⴳ فرقيق,,,,,region,1,DZ-29,Mascara,HIGH,1.0,DZ-29
Algeria,Guerdjoum,Mascara,,,2549,Commune,,,#N/A,2008,MascaraAlgeria,locality,,DZ-29,Guerdjoum ⴳⴻⵔⵊⵓⵎ قرجوم,,,,locality,,DZ-29,Guerdjoum ⴳⴻⵔⵊⵓⵎ قرجوم,,,,,region,1,DZ-29,Mascara,HIGH,1.0,DZ-29
Algeria,El Guettana,Mascara,,,2512,Commune,,,#N/A,2008,MascaraAlgeria,locality,,DZ-29,El Guettana ⴳⵓⵟⴰⵏⴰ القيطنة,,,,locality,,DZ-29,El Guettana ⴳⵓⵟⴰⵏⴰ القيطنة,,,,,region,1,DZ-29,Mascara,HIGH,1.0,DZ-29
Algeria,Aïn Frass,Mascara,,,1747,Commune,,,#N/A,2008,MascaraAlgeria,,,,,,,,,,,,,,,,region,1,DZ-29,Mascara,NONE,0.0,DZ-29
Algeria,Médéa,Médéa,,,138355,Province Capital,,,#N/A,2008,MédéaAlgeria,,,,,,,,region,1,DZ-26,Médéa,,,,,region,1,DZ-26,Médéa,HIGH,1.0,DZ-26
Algeria,Ksar El Boukhari,Médéa,,,67813,Commune,,,#N/A,2008,MédéaAlgeria,locality,,DZ-26,Ksar El Boukhari ⵇⵚⴻⵔ ⵍⴱⵓⵅⴰⵔⵉ قصر البخاري,,,,locality,,DZ-26,Ksar El Boukhari ⵇⵚⴻⵔ ⵍⴱⵓⵅⴰⵔⵉ قصر البخاري,,,,,region,1,DZ-26,Médéa,HIGH,1.0,DZ-26
Algeria,Berrouaghia,Médéa,,,60152,Commune,,,#N/A,2008,MédéaAlgeria,locality,,DZ-26,Berrouaghia ⴱⴻⵔⵡⴰⴳⵉⵢⴰ البرواقية,,,,locality,,DZ-26,Berrouaghia ⴱⴻⵔⵡⴰⴳⵉⵢⴰ البرواقية,,,,,region,1,DZ-26,Médéa,HIGH,1.0,DZ-26
Algeria,Beni Slimane,Médéa,,,33779,Commune,,,#N/A,2008,MédéaAlgeria,locality,,DZ-26,Beni Slimane ⴱⴻⵏⵉ ⵙⵍⵉⵎⴰⵏ بني سليمان,,,,locality,,DZ-26,Beni Slimane ⴱⴻⵏⵉ ⵙⵍⵉⵎⴰⵏ بني سليمان,,,,,region,1,DZ-26,Médéa,HIGH,1.0,DZ-26
Algeria,Tablat,Médéa,,,27919,Commune,,,#N/A,2008,MédéaAlgeria,county,2,DZ-26,Daïra Tablat,,,,county,2,DZ-26,Daïra Tablat,,,,,region,1,DZ-26,Médéa,HIGH,1.0,DZ-26
Algeria,Chellalat El Adhaoura,Médéa,,,27300,Commune,,,#N/A,2008,MédéaAlgeria,locality,,DZ-26,Chelalat El Adhoura ⵛⴻⵍⵍⴰⵍⴰⵜ ⵍⴻⵄⴷⵓⵔⴰ شلالة العذاورة,,,,locality,,DZ-26,Chelalat El Adhoura ⵛⴻⵍⵍⴰⵍⴰⵜ ⵍⴻⵄⴷⵓⵔⴰ شلالة العذاورة,,,,,region,1,DZ-26,Médéa,HIGH,1.0,DZ-26
Algeria,Aïn Boucif,Médéa,,,26042,Commune,,,#N/A,2008,MédéaAlgeria,locality,,DZ-26,Aïn Boucif ⵄⵉⵏ ⴱⵓⵙⵉⴼ عين بوسيف,,,,locality,,DZ-26,Aïn Boucif ⵄⵉⵏ ⴱⵓⵙⵉⴼ عين بوسيف,,,,,region,1,DZ-26,Médéa,HIGH,1.0,DZ-26
Algeria,El Omaria,Médéa,,,20705,Commune,,,#N/A,2008,MédéaAlgeria,county,2,DZ-26,Daïra El Omaria,,,,county,2,DZ-26,Daïra El Omaria,,,,,region,1,DZ-26,Médéa,HIGH,1.0,DZ-26
Algeria,Sidi Naamane,Médéa,,,17803,Commune,,,#N/A,2008,MédéaAlgeria,locality,,DZ-26,Sidi Naamane ⵙⵉⴷⵉ ⵏⴻⵄⵎⴰⵏ سيدي نعمان,,,,locality,,DZ-26,Sidi Naamane ⵙⵉⴷⵉ ⵏⴻⵄⵎⴰⵏ سيدي نعمان,,,,,region,1,DZ-26,Médéa,HIGH,1.0,DZ-26
Algeria,Boughezoul,Médéa,,,16939,Commune,,,#N/A,2008,MédéaAlgeria,locality,,DZ-26,Boughezoul ⴱⵓⴳⴻⵣⵣⵓⵍ بوغزول,,,,locality,,DZ-26,Boughezoul ⴱⵓⴳⴻⵣⵣⵓⵍ بوغزول,,,,,region,1,DZ-26,Médéa,HIGH,1.0,DZ-26
Algeria,Ouamri,Médéa,,,15978,Commune,,,#N/A,2008,MédéaAlgeria,county,2,DZ-26,Daïra Ouamri,,,,county,2,DZ-26,Daïra Ouamri,,,,,region,1,DZ-26,Médéa,HIGH,1.0,DZ-26
Algeria,Souagui,Médéa,,,15536,Commune,,,#N/A,2008,MédéaAlgeria,locality,,DZ-26,Souagui ⵙⵡⴰⴳⵉ السواقي,,,,locality,,DZ-26,Souagui ⵙⵡⴰⴳⵉ السواقي,,,,,region,1,DZ-26,Médéa,HIGH,1.0,DZ-26
Algeria,Chahbounia,Médéa,,,13617,Commune,,,#N/A,2008,MédéaAlgeria,locality,,DZ-26,Chahbounia ⵛⵛⴻⵀⴱⵓⵏⵉⵢⴰ الشهبونية,,,,locality,,DZ-26,Chahbounia ⵛⵛⴻⵀⴱⵓⵏⵉⵢⴰ الشهبونية,,,,,region,1,DZ-26,Médéa,HIGH,1.0,DZ-26
Algeria,El Guelb El Kebir,Médéa,,,12782,Commune,,,#N/A,2008,MédéaAlgeria,locality,,DZ-26,El Guelb Kebir ⵍⴳⴻⵍⴱ ⵍⴻⴽⴱⵉⵔ القلب الكبير,,,,locality,,DZ-26,El Guelb Kebir ⵍⴳⴻⵍⴱ ⵍⴻⴽⴱⵉⵔ القلب الكبير,,,,,region,1,DZ-26,Médéa,HIGH,1.0,DZ-26
Algeria,Ouzera,Médéa,,,12650,Commune,,,#N/A,2008,MédéaAlgeria,locality,,DZ-26,Ouzera ⵡⴻⵣⵔⴰ وزرة,,,,locality,,DZ-26,Ouzera ⵡⴻⵣⵔⴰ وزرة,,,,,region,1,DZ-26,Médéa,HIGH,1.0,DZ-26
Algeria,Mihoub,Médéa,,,12191,Commune,,,#N/A,2008,MédéaAlgeria,locality,,DZ-26,Mihoub ⵎⵉⵀⵓⴱ ميهوب,,,,locality,,DZ-26,Mihoub ⵎⵉⵀⵓⴱ ميهوب,,,,,region,1,DZ-26,Médéa,HIGH,1.0,DZ-26
Algeria,Bir Ben Laabed,Médéa,,,12107,Commune,,,#N/A,2008,MédéaAlgeria,,,,,,,,,,,,,,,,region,1,DZ-26,Médéa,NONE,0.0,DZ-26
Algeria,Bouskene,Médéa,,,11855,Commune,,,#N/A,2008,MédéaAlgeria,locality,,DZ-26,Bousekene ⴱⵓⵙⴻⴽⴻⵏ بوسكن,,,,locality,,DZ-26,Bousekene ⴱⵓⵙⴻⴽⴻⵏ بوسكن,,,,,region,1,DZ-26,Médéa,HIGH,1.0,DZ-26
Algeria,Bouchrahil,Médéa,,,11633,Commune,,,#N/A,2008,MédéaAlgeria,locality,,DZ-26,Bouchrahil ⴱⵓⵛⵔⴰⵃⵉⵍ بوشراحيل,,,,locality,,DZ-26,Bouchrahil ⴱⵓⵛⵔⴰⵃⵉⵍ بوشراحيل,,,,,region,1,DZ-26,Médéa,HIGH,1.0,DZ-26
Algeria,Ouled Brahim,Médéa,,,10847,Commune,,,#N/A,2008,MédéaAlgeria,locality,,DZ-26,Ouled Brahim ⵡⵍⴰⴷ ⴱⵔⴰⵀⵉⵎ أولاد إبراهيم,,,,locality,,DZ-26,Ouled Brahim ⵡⵍⴰⴷ ⴱⵔⴰⵀⵉⵎ أولاد إبراهيم,,,,,region,1,DZ-26,Médéa,HIGH,1.0,DZ-26
Algeria,Aziz,Médéa,,,10765,Commune,,,#N/A,2008,MédéaAlgeria,locality,,DZ-26,Aziz ⵄⴰⵣⵉⵣ عزيز,,,,locality,,DZ-26,Aziz ⵄⴰⵣⵉⵣ عزيز,,,,,region,1,DZ-26,Médéa,HIGH,1.0,DZ-26
Algeria,Khams Djouamaa,Médéa,,,10291,Commune,,,#N/A,2008,MédéaAlgeria,locality,,DZ-26,Khams Djouamaa ⵅⴻⵎⵙ ⴵⵡⴰⵎⴻⵄ خمس جوامع,,,,locality,,DZ-26,Khams Djouamaa ⵅⴻⵎⵙ ⴵⵡⴰⵎⴻⵄ خمس جوامع,,,,,region,1,DZ-26,Médéa,HIGH,1.0,DZ-26
Algeria,Djouab,Médéa,,,9901,Commune,,,#N/A,2008,MédéaAlgeria,locality,,DZ-26,Djouab ⴵⵓⵡⴰⴱ جواب,,,,locality,,DZ-26,Djouab ⴵⵓⵡⴰⴱ جواب,,,,,region,1,DZ-26,Médéa,HIGH,1.0,DZ-26
Algeria,Benchicao,Médéa,,,9728,Commune,,,#N/A,2008,MédéaAlgeria,locality,,DZ-26,Benchicao ⴱⴻⵏ ⵛⵉⴽⴰⵡ بن شكاو,,,,locality,,DZ-26,Benchicao ⴱⴻⵏ ⵛⵉⴽⴰⵡ بن شكاو,,,,,region,1,DZ-26,Médéa,HIGH,1.0,DZ-26
Algeria,Draa Essamar,Médéa,,,9661,Commune,,,#N/A,2008,MédéaAlgeria,locality,,DZ-26,Draa Esmar ⴷⵔⴰⵄ ⵙⵎⴰⵔ ذراع السمار,,,,locality,,DZ-26,Draa Esmar ⴷⵔⴰⵄ ⵙⵎⴰⵔ ذراع السمار,,,,,region,1,DZ-26,Médéa,HIGH,1.0,DZ-26
Algeria,Ouled Maaref,Médéa,,,9287,Commune,,,#N/A,2008,MédéaAlgeria,locality,,DZ-26,Ouled Maaref ⵡⵍⴰⴷ ⵎⴻⵄⵔⴻⴼ أولاد معرف,,,,locality,,DZ-26,Ouled Maaref ⵡⵍⴰⴷ ⵎⴻⵄⵔⴻⴼ أولاد معرف,,,,,region,1,DZ-26,Médéa,HIGH,1.0,DZ-26
Algeria,Zoubiria,Médéa,,,9236,Commune,,,#N/A,2008,MédéaAlgeria,locality,,DZ-26,Zoubiria ⵣⵣⵓⴱⵉⵔⵉⵢⴰ الزبيرية,,,,locality,,DZ-26,Zoubiria ⵣⵣⵓⴱⵉⵔⵉⵢⴰ الزبيرية,,,,,region,1,DZ-26,Médéa,HIGH,1.0,DZ-26
Algeria,Tafraout,Médéa,,,8901,Commune,,,#N/A,2008,MédéaAlgeria,locality,,DZ-26,Tafraout ⵜⴰⴼⵔⴰⵡⵜ تافراوت,,,,locality,,DZ-26,Tafraout ⵜⴰⴼⵔⴰⵡⵜ تافراوت,,,,,region,1,DZ-26,Médéa,HIGH,1.0,DZ-26
Algeria,Bou Aiche,Médéa,,,8873,Commune,,,#N/A,2008,MédéaAlgeria,locality,,DZ-26,Bouaiche ⴱⵓⵄⵉⵛ بوعيش,,,,locality,,DZ-26,Bouaiche ⴱⵓⵄⵉⵛ بوعيش,,,,,region,1,DZ-26,Médéa,HIGH,1.0,DZ-26
Algeria,El Azizia,Médéa,,,8432,Commune,,,#N/A,2008,MédéaAlgeria,locality,,DZ-26,El Azizia ⵍⴻⵄⵣⵉⵣⵉⵢⴰ العزيزية,,,,locality,,DZ-26,El Azizia ⵍⴻⵄⵣⵉⵣⵉⵢⴰ العزيزية,,,,,region,1,DZ-26,Médéa,HIGH,1.0,DZ-26
Algeria,Si Mahdjoub,Médéa,,,8397,Commune,,,#N/A,2008,MédéaAlgeria,locality,,DZ-26,Si Mahdjoub ⵙⵉ ⵍⵎⴻⵃⴵⵓⴱ سي المحجوب,,,,locality,,DZ-26,Si Mahdjoub ⵙⵉ ⵍⵎⴻⵃⴵⵓⴱ سي المحجوب,,,,,region,1,DZ-26,Médéa,HIGH,1.0,DZ-26
Algeria,Sedraia,Médéa,,,7690,Commune,,,#N/A,2008,MédéaAlgeria,locality,,DZ-26,Sedraia ⵙⴻⴷⵔⴰⵢⴰ سدراية,,,,locality,,DZ-26,Sedraia ⵙⴻⴷⵔⴰⵢⴰ سدراية,,,,,region,1,DZ-26,Médéa,HIGH,1.0,DZ-26
Algeria,Tlatet Eddouar,Médéa,,,7632,Commune,,,#N/A,2008,MédéaAlgeria,locality,,DZ-26,Tlatet Eddouair ⵜⵍⴰⵜⴰ ⴷⵡⴰⵢⴻⵔ ثلاثة الدوائر,,,,locality,,DZ-26,Tlatet Eddouair ⵜⵍⴰⵜⴰ ⴷⵡⴰⵢⴻⵔ ثلاثة الدوائر,,,,,region,1,DZ-26,Médéa,HIGH,1.0,DZ-26
Algeria,Derrag,Médéa,,,7273,Commune,,,#N/A,2008,MédéaAlgeria,locality,,DZ-26,Derrag ⴷⴻⵔⵔⴰⴳ دراق,,,,locality,,DZ-26,Derrag ⴷⴻⵔⵔⴰⴳ دراق,,,,,region,1,DZ-26,Médéa,HIGH,1.0,DZ-26
Algeria,Cheniguel,Médéa,,,6866,Commune,,,#N/A,2008,MédéaAlgeria,locality,,DZ-26,Cheniguel ⵛⵏⵉⴳⴻⵍ شنيقل,,,,locality,,DZ-26,Cheniguel ⵛⵏⵉⴳⴻⵍ شنيقل,,,,,region,1,DZ-26,Médéa,HIGH,1.0,DZ-26
Algeria,Mezerana,Médéa,,,6202,Commune,,,#N/A,2008,MédéaAlgeria,locality,,DZ-26,Mezerana ⵎⴻⵣⵖⴰⵏⴰ مزغنة,,,,locality,,DZ-26,Mezerana ⵎⴻⵣⵖⴰⵏⴰ مزغنة,,,,,region,1,DZ-26,Médéa,HIGH,1.0,DZ-26
Algeria,Seghouane,Médéa,,,5999,Commune,,,#N/A,2008,MédéaAlgeria,county,2,DZ-26,Daïra Seghouane,,,,county,2,DZ-26,Daïra Seghouane,,,,,region,1,DZ-26,Médéa,HIGH,1.0,DZ-26
Algeria,Boghar,Médéa,,,5972,Commune,,,#N/A,2008,MédéaAlgeria,locality,,DZ-26,Boghar ⴱⵓⵖⴰⵔ بوغار,,,,locality,,DZ-26,Boghar ⴱⵓⵖⴰⵔ بوغار,,,,,region,1,DZ-26,Médéa,HIGH,1.0,DZ-26
Algeria,Meftaha,Médéa,,,5908,Commune,,,#N/A,2008,MédéaAlgeria,locality,,DZ-26,Mefatha ⵎⴼⴰⵜⵃⴰ مفاتحة,,,,locality,,DZ-26,Mefatha ⵎⴼⴰⵜⵃⴰ مفاتحة,,,,,region,1,DZ-26,Médéa,HIGH,1.0,DZ-26
Algeria,Maghraoua,Médéa,,,5647,Commune,,,#N/A,2008,MédéaAlgeria,locality,,DZ-26,Meghraoua ⵎⴻⵖⵔⴰⵡⴰ مغراوة,,,,locality,,DZ-26,Meghraoua ⵎⴻⵖⵔⴰⵡⴰ مغراوة,,,,,region,1,DZ-26,Médéa,HIGH,1.0,DZ-26
Algeria,Moudjbar,Médéa,,,5428,Commune,,,#N/A,2008,MédéaAlgeria,locality,,DZ-26,Moudjbar ⵎⵓⴵⴱⴻⵔ مجبر,,,,locality,,DZ-26,Moudjbar ⵎⵓⴵⴱⴻⵔ مجبر,,,,,region,1,DZ-26,Médéa,HIGH,1.0,DZ-26
Algeria,Ouled Deide,Médéa,,,5355,Commune,,,#N/A,2008,MédéaAlgeria,locality,,DZ-26,Ouled Deide ⵡⵍⴰⴷ ⴷⴰⵢⴻⴷ أولاد دايد,,,,locality,,DZ-26,Ouled Deide ⵡⵍⴰⴷ ⴷⴰⵢⴻⴷ أولاد دايد,,,,,region,1,DZ-26,Médéa,HIGH,1.0,DZ-26
Algeria,Rebaia,Médéa,,,5346,Commune,,,#N/A,2008,MédéaAlgeria,locality,,DZ-26,Rebaia ⵔⴱⵉⵄⴰ الربعية,,,,locality,,DZ-26,Rebaia ⵔⴱⵉⵄⴰ الربعية,,,,,region,1,DZ-26,Médéa,HIGH,1.0,DZ-26
Algeria,Aïn Ouksir,Médéa,,,5071,Commune,,,#N/A,2008,MédéaAlgeria,locality,,DZ-26,Aïn Ouksir ⵄⵉⵏ ⵍⴻⵇⵚⵉⵔ عين القصير,,,,locality,,DZ-26,Aïn Ouksir ⵄⵉⵏ ⵍⴻⵇⵚⵉⵔ عين القصير,,,,,region,1,DZ-26,Médéa,HIGH,1.0,DZ-26
Algeria,Oued Harbil,Médéa,,,5049,Commune,,,#N/A,2008,MédéaAlgeria,locality,,DZ-26,Oued Harbil ⵡⴰⴷ ⵃⴻⵔⴱⵉⵍ وادي حربيل,,,,locality,,DZ-26,Oued Harbil ⵡⴰⴷ ⵃⴻⵔⴱⵉⵍ وادي حربيل,,,,,region,1,DZ-26,Médéa,HIGH,1.0,DZ-26
Algeria,Sidi Errabia,Médéa,,,5042,Commune,,,#N/A,2008,MédéaAlgeria,locality,,DZ-26,Sidi Errabia ⵙⵉⴷⵉ ⵔⵔⴰⴱⵉⵄ سيدي الربيع,,,,locality,,DZ-26,Sidi Errabia ⵙⵉⴷⵉ ⵔⵔⴰⴱⵉⵄ سيدي الربيع,,,,,region,1,DZ-26,Médéa,HIGH,1.0,DZ-26
Algeria,Sidi Damed,Médéa,,,5009,Commune,,,#N/A,2008,MédéaAlgeria,locality,,DZ-26,Sidi Damed ⵙⵉⴷⵉ ⴷⴰⵎⴻⴷ سيدي دامد,,,,locality,,DZ-26,Sidi Damed ⵙⵉⴷⵉ ⴷⴰⵎⴻⴷ سيدي دامد,,,,,region,1,DZ-26,Médéa,HIGH,1.0,DZ-26
Algeria,Hannacha,Médéa,,,4882,Commune,,,#N/A,2008,MédéaAlgeria,locality,,DZ-26,Hannacha ⵃⴻⵏⵏⴰⵛⴰ حناشة,,,,locality,,DZ-26,Hannacha ⵃⴻⵏⵏⴰⵛⴰ حناشة,,,,,region,1,DZ-26,Médéa,HIGH,1.0,DZ-26
Algeria,Tamesguida,Médéa,,,4591,Commune,,,#N/A,2008,MédéaAlgeria,locality,,DZ-26,Tamesguida ⵜⴰⵎⴻⵣⴳⵉⴷⴰ تمزقيدة,,,,locality,,DZ-26,Tamesguida ⵜⴰⵎⴻⵣⴳⵉⴷⴰ تمزقيدة,,,,,region,1,DZ-26,Médéa,HIGH,1.0,DZ-26
Algeria,Kef Lakhdar,Médéa,,,4403,Commune,,,#N/A,2008,MédéaAlgeria,locality,,DZ-26,Kef Lakhdar ⴽⴰⴼ ⵍⴻⵅⴹⴻⵔ الكاف الأخضر,,,,locality,,DZ-26,Kef Lakhdar ⴽⴰⴼ ⵍⴻⵅⴹⴻⵔ الكاف الأخضر,,,,,region,1,DZ-26,Médéa,HIGH,1.0,DZ-26
Algeria,Sidi Zahar,Médéa,,,4318,Commune,,,#N/A,2008,MédéaAlgeria,locality,,DZ-26,Sidi Zahar ⵙⵉⴷⵉ ⵣⴰⵀⴰⵔ سيدي زهار,,,,locality,,DZ-26,Sidi Zahar ⵙⵉⴷⵉ ⵣⴰⵀⴰⵔ سيدي زهار,,,,,region,1,DZ-26,Médéa,HIGH,1.0,DZ-26
Algeria,Bouaichoune,Médéa,,,4309,Commune,,,#N/A,2008,MédéaAlgeria,locality,,DZ-26,Bouaichoune ⴱⵓⵄⵉⵛⵓⵏ بوعيشون,,,,locality,,DZ-26,Bouaichoune ⴱⵓⵄⵉⵛⵓⵏ بوعيشون,,,,,region,1,DZ-26,Médéa,HIGH,1.0,DZ-26
Algeria,El Ouinet,Médéa,,,4186,Commune,,,#N/A,2008,MédéaAlgeria,locality,,DZ-26,El Aouinet ⵍⴻⵄⵡⵉⵏⴰⵜ العوينات,,,,locality,,DZ-26,El Aouinet ⵍⴻⵄⵡⵉⵏⴰⵜ العوينات,,,,,region,1,DZ-26,Médéa,HIGH,1.0,DZ-26
Algeria,Aissaouia,Médéa,,,3763,Commune,,,#N/A,2008,MédéaAlgeria,,,,,,,,,,,,,,,,region,1,DZ-26,Médéa,NONE,0.0,DZ-26
Algeria,Oum El Djalil,Médéa,,,3625,Commune,,,#N/A,2008,MédéaAlgeria,locality,,DZ-26,Oum El Djalil ⵓⵎ ⵍⴻⴵⵍⵉⵍ أم الجليل,,,,locality,,DZ-26,Oum El Djalil ⵓⵎ ⵍⴻⴵⵍⵉⵍ أم الجليل,,,,,region,1,DZ-26,Médéa,HIGH,1.0,DZ-26
Algeria,Deux Bassins,Médéa,,,3487,Commune,,,#N/A,2008,MédéaAlgeria,locality,,DZ-26,Deux Bassins ⵍⵃⵓⴹⵉⵏⵏ الحوضين,,,,locality,,DZ-26,Deux Bassins ⵍⵃⵓⴹⵉⵏⵏ الحوضين,,,,,region,1,DZ-26,Médéa,HIGH,1.0,DZ-26
Algeria,Saneg,Médéa,,,3487,Commune,,,#N/A,2008,MédéaAlgeria,locality,,DZ-26,Saneg ⵙⴰⵏⴻⴳ سانق,,,,locality,,DZ-26,Saneg ⵙⴰⵏⴻⴳ سانق,,,,,region,1,DZ-26,Médéa,HIGH,1.0,DZ-26
Algeria,Ouled Hellal,Médéa,,,3367,Commune,,,#N/A,2008,MédéaAlgeria,locality,,DZ-26,Ouled Hellal ⵡⵍⴰⴷ ⵀⴻⵍⵍⴰⵍ أولاد هلال,,,,locality,,DZ-26,Ouled Hellal ⵡⵍⴰⴷ ⵀⴻⵍⵍⴰⵍ أولاد هلال,,,,,region,1,DZ-26,Médéa,HIGH,1.0,DZ-26
Algeria,Sidi Ziane,Médéa,,,2671,Commune,,,#N/A,2008,MédéaAlgeria,locality,,DZ-26,Sidi Ziane ⵙⵉⴷⵉ ⵣⴻⵢⵢⴰⵏ سيدي زيان,,,,locality,,DZ-26,Sidi Ziane ⵙⵉⴷⵉ ⵣⴻⵢⵢⴰⵏ سيدي زيان,,,,,region,1,DZ-26,Médéa,HIGH,1.0,DZ-26
Algeria,Tizi Mahdi (Damiat),Médéa,,,2655,Commune,,,#N/A,2008,MédéaAlgeria,locality,,DZ-26,Tizi Mahdi ⵜⵉⵣⵉ ⵍⵎⴻⵀⴷⵉ تيزي المهدي,,,,locality,,DZ-26,Tizi Mahdi ⵜⵉⵣⵉ ⵍⵎⴻⵀⴷⵉ تيزي المهدي,,,,,region,1,DZ-26,Médéa,HIGH,1.0,DZ-26
Algeria,Ouled Antar,Médéa,,,2216,Commune,,,#N/A,2008,MédéaAlgeria,county,2,DZ-26,Daïra Ouled Antar,,,,county,2,DZ-26,Daïra Ouled Antar,,,,,region,1,DZ-26,Médéa,HIGH,1.0,DZ-26
Algeria,El Hamdania,Médéa,,,1264,Commune,,,#N/A,2008,MédéaAlgeria,locality,,DZ-26,El Hamdania ⵍⵃⴻⵎⴷⴰⵏⵉⵢⴰ الحمدانية,,,,locality,,DZ-26,El Hamdania ⵍⵃⴻⵎⴷⴰⵏⵉⵢⴰ الحمدانية,,,,,region,1,DZ-26,Médéa,HIGH,1.0,DZ-26
Algeria,Ouled Bouachra,Médéa,,,890,Commune,,,#N/A,2008,MédéaAlgeria,locality,,DZ-26,Ouled Bouachra ⵡⵍⴰⴷ ⴱⵓⵄⴻⵛⵔⴰ أولاد بوعشرة,,,,locality,,DZ-26,Ouled Bouachra ⵡⵍⴰⴷ ⴱⵓⵄⴻⵛⵔⴰ أولاد بوعشرة,,,,,region,1,DZ-26,Médéa,HIGH,1.0,DZ-26
Algeria,Baata,Médéa,,,856,Commune,,,#N/A,2008,MédéaAlgeria,locality,,DZ-26,Baata ⴱⴻⵄⵟⴰ بعطة,,,,locality,,DZ-26,Baata ⴱⴻⵄⵟⴰ بعطة,,,,,region,1,DZ-26,Médéa,HIGH,1.0,DZ-26
Algeria,Chelghoum Laïd,Mila,,,82560,Commune,,,#N/A,2008,MilaAlgeria,locality,,DZ-43,Chelghoum Laïd ⵛⴻⵍⵖⵓⵎ ⵍⵄⵉⴷ شلغوم العيد,,,,locality,,DZ-43,Chelghoum Laïd ⵛⴻⵍⵖⵓⵎ ⵍⵄⵉⴷ شلغوم العيد,,,,,region,1,DZ-43,Mila,HIGH,1.0,DZ-43
Algeria,Mila,Mila,,,69052,Province Capital,,,#N/A,2008,MilaAlgeria,,,,,,,,region,1,DZ-43,Mila,,,,,region,1,DZ-43,Mila,HIGH,1.0,DZ-43
Algeria,Tadjenanet,Mila,,,53536,Commune,,,#N/A,2008,MilaAlgeria,county,2,DZ-43,Daïra Tadjenanet,,,,county,2,DZ-43,Daïra Tadjenanet,,,,,region,1,DZ-43,Mila,HIGH,1.0,DZ-43
Algeria,Ferdjioua,Mila,,,50167,Commune,,,#N/A,2008,MilaAlgeria,locality,,DZ-43,Ferdjioua ⴼⴻⵔⴵⵉⵡⴰ فرجيوة,,,,locality,,DZ-43,Ferdjioua ⴼⴻⵔⴵⵉⵡⴰ فرجيوة,,,,,region,1,DZ-43,Mila,HIGH,1.0,DZ-43
Algeria,Teleghma,Mila,,,48028,Commune,,,#N/A,2008,MilaAlgeria,county,2,DZ-43,Daïra Teleghma,,,,county,2,DZ-43,Daïra Teleghma,,,,,region,1,DZ-43,Mila,HIGH,1.0,DZ-43
Algeria,Grarem Gouga,Mila,,,42062,Commune,,,#N/A,2008,MilaAlgeria,locality,,DZ-43,Grarem Gouga ⴳⵔⴰⵔⴻⵎ ⴳⵓⴳⴰ القرارم قوقة,,,,locality,,DZ-43,Grarem Gouga ⴳⵔⴰⵔⴻⵎ ⴳⵓⴳⴰ القرارم قوقة,,,,,region,1,DZ-43,Mila,HIGH,1.0,DZ-43
Algeria,Oued Athmania,Mila,,,40688,Commune,,,#N/A,2008,MilaAlgeria,locality,,DZ-43,Oued Athmania ⵡⴰⴷ ⵍⵄⴻⵜⵎⴰⵏⵉⵢⴰ وادي العثمانية,,,,locality,,DZ-43,Oued Athmania ⵡⴰⴷ ⵍⵄⴻⵜⵎⴰⵏⵉⵢⴰ وادي العثمانية,,,,,region,1,DZ-43,Mila,HIGH,1.0,DZ-43
Algeria,Rouached,Mila,,,27086,Commune,,,#N/A,2008,MilaAlgeria,locality,,DZ-43,Rouached ⵔⵡⴰⵛⴻⴷ الرواشد,,,,locality,,DZ-43,Rouached ⵔⵡⴰⵛⴻⴷ الرواشد,,,,,region,1,DZ-43,Mila,HIGH,1.0,DZ-43
Algeria,Terrai Bainen,Mila,,,23299,Commune,,,#N/A,2008,MilaAlgeria,county,2,DZ-43,Daïra Terrai Bainen,,,,county,2,DZ-43,Daïra Terrai Bainen,,,,,region,1,DZ-43,Mila,HIGH,1.0,DZ-43
Algeria,Sidi Mérouane,Mila,,,23088,Commune,,,#N/A,2008,MilaAlgeria,county,2,DZ-43,Daïra Sidi Mérouane,,,,county,2,DZ-43,Daïra Sidi Mérouane,,,,,region,1,DZ-43,Mila,HIGH,1.0,DZ-43
Algeria,Minar Zarza,Mila,,,22535,Commune,,,#N/A,2008,MilaAlgeria,locality,,DZ-43,Minar Zarza ⵎⵉⵏⴰⵔ ⵣⴻⵔⵣⴰ مينار زرزة,,,,locality,,DZ-43,Minar Zarza ⵎⵉⵏⴰⵔ ⵣⴻⵔⵣⴰ مينار زرزة,,,,,region,1,DZ-43,Mila,HIGH,1.0,DZ-43
Algeria,Aïn Beida Harriche,Mila,,,21013,Commune,,,#N/A,2008,MilaAlgeria,county,2,DZ-43,Daïra Aïn Beida Harriche,,,,county,2,DZ-43,Daïra Aïn Beida Harriche,,,,,region,1,DZ-43,Mila,HIGH,1.0,DZ-43
Algeria,Bouhatem,Mila,,,20277,Commune,,,#N/A,2008,MilaAlgeria,locality,,DZ-43,Bouhatem ⴱⵓⵃⴰⵜⴻⵎ بوحاتم,,,,locality,,DZ-43,Bouhatem ⴱⵓⵃⴰⵜⴻⵎ بوحاتم,,,,,region,1,DZ-43,Mila,HIGH,1.0,DZ-43
Algeria,Oued Endja,Mila,,,19739,Commune,,,#N/A,2008,MilaAlgeria,county,2,DZ-43,Daïra Oued Endja,,,,county,2,DZ-43,Daïra Oued Endja,,,,,region,1,DZ-43,Mila,HIGH,1.0,DZ-43
Algeria,Amira Arrès,Mila,,,19405,Commune,,,#N/A,2008,MilaAlgeria,locality,,DZ-43,Amira Arrès ⵄⵎⵉⵔⴰ ⴰⵔⴰⵙ عميرة أراس,,,,locality,,DZ-43,Amira Arrès ⵄⵎⵉⵔⴰ ⴰⵔⴰⵙ عميرة أراس,,,,,region,1,DZ-43,Mila,HIGH,1.0,DZ-43
Algeria,Zeghaia,Mila,,,17638,Commune,,,#N/A,2008,MilaAlgeria,locality,,DZ-43,Zeghaïa ⵣⴻⵖⵖⴰⵢⴰ زغاية,,,,locality,,DZ-43,Zeghaïa ⵣⴻⵖⵖⴰⵢⴰ زغاية,,,,,region,1,DZ-43,Mila,HIGH,1.0,DZ-43
Algeria,Tassadane Haddada,Mila,,,17378,Commune,,,#N/A,2008,MilaAlgeria,locality,,DZ-43,Tassadane Haddada ⵜⴰⵙⴰⴷⴰⵏ ⵃⴻⴷⴷⴰⴷⴰ تسدان حدادة,,,,locality,,DZ-43,Tassadane Haddada ⵜⴰⵙⴰⴷⴰⵏ ⵃⴻⴷⴷⴰⴷⴰ تسدان حدادة,,,,,region,1,DZ-43,Mila,HIGH,1.0,DZ-43
Algeria,Ahmed Rachedi,Mila,,,15819,Commune,,,#N/A,2008,MilaAlgeria,locality,,DZ-43,Ahmed Rachedi ⵃⵎⴻⴷ ⵔⴰⵛⴷⵉ أحمد راشدي,,,,locality,,DZ-43,Ahmed Rachedi ⵃⵎⴻⴷ ⵔⴰⵛⴷⵉ أحمد راشدي,,,,,region,1,DZ-43,Mila,HIGH,1.0,DZ-43
Algeria,Tessala Lemtaï,Mila,,,15676,Commune,,,#N/A,2008,MilaAlgeria,locality,,DZ-43,Tassala Lemtaï ⵜⵙⴰⵍⴰ ⵍⴻⵎⵟⴰⵄⵉ تسالة لمطاعي,,,,locality,,DZ-43,Tassala Lemtaï ⵜⵙⴰⵍⴰ ⵍⴻⵎⵟⴰⵄⵉ تسالة لمطاعي,,,,,region,1,DZ-43,Mila,HIGH,1.0,DZ-43
Algeria,Chigara,Mila,,,14661,Commune,,,#N/A,2008,MilaAlgeria,locality,,DZ-43,Chigara ⵛⵛⵉⴳⴰⵔⴰ الشيقارة,,,,locality,,DZ-43,Chigara ⵛⵛⵉⴳⴰⵔⴰ الشيقارة,,,,,region,1,DZ-43,Mila,HIGH,1.0,DZ-43
Algeria,Aïn Mellouk,Mila,,,14200,Commune,,,#N/A,2008,MilaAlgeria,locality,,DZ-43,Aïn Mellouk ⵄⵉⵏ ⵍⵎⴻⵍⵍⵓⴽ عين الملوك,,,,locality,,DZ-43,Aïn Mellouk ⵄⵉⵏ ⵍⵎⴻⵍⵍⵓⴽ عين الملوك,,,,,region,1,DZ-43,Mila,HIGH,1.0,DZ-43
Algeria,Oued Seguen,Mila,,,13319,Commune,,,#N/A,2008,MilaAlgeria,locality,,DZ-43,Oued Seguen ⵡⴰⴷ ⵙⴻⴳⴰⵏ وادي سقان,,,,locality,,DZ-43,Oued Seguen ⵡⴰⴷ ⵙⴻⴳⴰⵏ وادي سقان,,,,,region,1,DZ-43,Mila,HIGH,1.0,DZ-43
Algeria,El Mechira,Mila,,,12905,Commune,,,#N/A,2008,MilaAlgeria,locality,,DZ-43,M'Chira ⵎⵛⵉⵔⴰ المشيرة,,,,locality,,DZ-43,M'Chira ⵎⵛⵉⵔⴰ المشيرة,,,,,region,1,DZ-43,Mila,HIGH,1.0,DZ-43
Algeria,Yahia Beni Guecha,Mila,,,11810,Commune,,,#N/A,2008,MilaAlgeria,locality,,DZ-43,Yahia Beni Guecha ⵢⴻⵃⵢⴰ ⴱⴻⵏ ⵇⴻⵛⵛⴰ يحيى بنى قشة,,,,locality,,DZ-43,Yahia Beni Guecha ⵢⴻⵃⵢⴰ ⴱⴻⵏ ⵇⴻⵛⵛⴰ يحيى بنى قشة,,,,,region,1,DZ-43,Mila,HIGH,1.0,DZ-43
Algeria,Ouled Khalouf,Mila,,,11396,Commune,,,#N/A,2008,MilaAlgeria,locality,,DZ-43,Ouled Khellouf ⵡⵍⴰⴷ ⵅⴻⵍⵍⴰⴼ أولاد خلوف,,,,locality,,DZ-43,Ouled Khellouf ⵡⵍⴰⴷ ⵅⴻⵍⵍⴰⴼ أولاد خلوف,,,,,region,1,DZ-43,Mila,HIGH,1.0,DZ-43
Algeria,Hamala,Mila,,,11213,Commune,,,#N/A,2008,MilaAlgeria,locality,,DZ-43,Hamala ⵃⴻⵎⵎⴰⵍⴰ حمالة,,,,locality,,DZ-43,Hamala ⵃⴻⵎⵎⴰⵍⴰ حمالة,,,,,region,1,DZ-43,Mila,HIGH,1.0,DZ-43
Algeria,Benyahia Abderrahmane,Mila,,,10052,Commune,,,#N/A,2008,MilaAlgeria,locality,,DZ-43,Benyahia Abderrahmane ⵄⴻⴱⴷⴻⵕⵕⴻⵃⵎⴰⵏ بن يحيى عبد الرحمان,,,,locality,,DZ-43,Benyahia Abderrahmane ⵄⴻⴱⴷⴻⵕⵕⴻⵃⵎⴰⵏ بن يحيى عبد الرحمان,,,,,region,1,DZ-43,Mila,HIGH,1.0,DZ-43
Algeria,Derradji Bousselah,Mila,,,10013,Commune,,,#N/A,2008,MilaAlgeria,,,,,,,,,,,,,,,,region,1,DZ-43,Mila,NONE,0.0,DZ-43
Algeria,Tiberguent,Mila,,,9282,Commune,,,#N/A,2008,MilaAlgeria,locality,,DZ-43,Tiberguent ⵜⴰⴱⴻⵔⴳⴻⵏⵜ تبرقنت,,,,locality,,DZ-43,Tiberguent ⵜⴰⴱⴻⵔⴳⴻⵏⵜ تبرقنت,,,,,region,1,DZ-43,Mila,HIGH,1.0,DZ-43
Algeria,Aïn Tine,Mila,,,7780,Commune,,,#N/A,2008,MilaAlgeria,locality,,DZ-43,Aïn Tinn ⵄⵉⵏ ⵜⵜⵉⵏ عين التين,,,,locality,,DZ-43,Aïn Tinn ⵄⵉⵏ ⵜⵜⵉⵏ عين التين,,,,,region,1,DZ-43,Mila,HIGH,1.0,DZ-43
Algeria,Elayadi Barbes,Mila,,,6459,Commune,,,#N/A,2008,MilaAlgeria,locality,,DZ-43,El Ayadi Barbes ⵍⵄⴻⵢⵢⴰⴹⵉ ⴱⴰⵔⴱⴰⵙ العياضي برباس,,,,locality,,DZ-43,El Ayadi Barbes ⵍⵄⴻⵢⵢⴰⴹⵉ ⴱⴰⵔⴱⴰⵙ العياضي برباس,,,,,region,1,DZ-43,Mila,HIGH,1.0,DZ-43
Algeria,Sidi Khelifa,Mila,,,4746,Commune,,,#N/A,2008,MilaAlgeria,locality,,DZ-43,Sidi Khelifa ⵙⵉⴷⵉ ⵅⵍⵉⴼⴰ سيدي خليفة,,,,locality,,DZ-43,Sidi Khelifa ⵙⵉⴷⵉ ⵅⵍⵉⴼⴰ سيدي خليفة,,,,,region,1,DZ-43,Mila,HIGH,1.0,DZ-43
Algeria,Mostaganem,Mostaganem,,,145696,Province Capital,Mostaganem,,Mostaganem,2008,MostaganemAlgeria,county,2,DZ-27,Daïra Mostaganem,,,,region,1,DZ-27,Mostaganem,,,,,region,1,DZ-27,Mostaganem,HIGH,1.0,DZ-27
Algeria,Aïn Tedles,Mostaganem,,,38823,Commune,,,#N/A,2008,MostaganemAlgeria,county,2,DZ-27,daïra Aïn Tedles,,,,county,2,DZ-27,daïra Aïn Tedles,,,,,region,1,DZ-27,Mostaganem,HIGH,1.0,DZ-27
Algeria,Sidi Ali,Mostaganem,,,37230,Commune,,,#N/A,2008,MostaganemAlgeria,locality,,DZ-27,Sidi Ali ⵙⵉⴷⵉ ⵄⵍⵉ سيدي على,,,,locality,,DZ-27,Sidi Ali ⵙⵉⴷⵉ ⵄⵍⵉ سيدي على,,,,,region,1,DZ-27,Mostaganem,HIGH,1.0,DZ-27
Algeria,Achaacha,Mostaganem,,,34789,Commune,,,#N/A,2008,MostaganemAlgeria,locality,,DZ-27,Achaacha ⵄⴻⵛⵄⴰⵛⴰ عشعاشة,,,,locality,,DZ-27,Achaacha ⵄⴻⵛⵄⴰⵛⴰ عشعاشة,,,,,region,1,DZ-27,Mostaganem,HIGH,1.0,DZ-27
Algeria,Sidi Lakhdar,Mostaganem,,,34612,Commune,,,#N/A,2008,MostaganemAlgeria,locality,,DZ-27,Sidi Lakhdar ⵙⵉⴷⵉ ⵍⴻⵅⴹⴻⵔ سيدي لخضر,,,,locality,,DZ-27,Sidi Lakhdar ⵙⵉⴷⵉ ⵍⴻⵅⴹⴻⵔ سيدي لخضر,,,,,region,1,DZ-27,Mostaganem,HIGH,1.0,DZ-27
Algeria,Bouguirat,Mostaganem,,,31469,Commune,,,#N/A,2008,MostaganemAlgeria,locality,,DZ-27,Bouguirat ⴱⵓⴳⵉⵔⴰⵟ بوقيراط,,,,locality,,DZ-27,Bouguirat ⴱⵓⴳⵉⵔⴰⵟ بوقيراط,,,,,region,1,DZ-27,Mostaganem,HIGH,1.0,DZ-27
Algeria,Hassi Mameche,Mostaganem,,,28790,Commune,,,#N/A,2008,MostaganemAlgeria,county,2,DZ-27,daïra Hassi Mameche,,,,county,2,DZ-27,daïra Hassi Mameche,,,,,region,1,DZ-27,Mostaganem,HIGH,1.0,DZ-27
Algeria,Sayada,Mostaganem,,,28675,Commune,,,#N/A,2008,MostaganemAlgeria,locality,,DZ-27,Sayada ⵚⴻⵢⵢⴰⴷⴰ صيادة,,,,locality,,DZ-27,Sayada ⵚⴻⵢⵢⴰⴷⴰ صيادة,,,,,region,1,DZ-27,Mostaganem,HIGH,1.0,DZ-27
Algeria,Kheireddine,Mostaganem,,,27606,Commune,,,#N/A,2008,MostaganemAlgeria,county,2,DZ-27,daïra Kheireddine,,,,county,2,DZ-27,daïra Kheireddine,,,,,region,1,DZ-27,Mostaganem,HIGH,1.0,DZ-27
Algeria,Mesra,Mostaganem,,,25196,Commune,,,#N/A,2008,MostaganemAlgeria,county,2,DZ-27,daïra Mesra,,,,county,2,DZ-27,daïra Mesra,,,,,region,1,DZ-27,Mostaganem,HIGH,1.0,DZ-27
Algeria,Sour,Mostaganem,,,22673,Commune,,,#N/A,2008,MostaganemAlgeria,locality,,DZ-27,Sour ⵚⵓⵔ صور,,,,locality,,DZ-27,Sour ⵚⵓⵔ صور,,,,,region,1,DZ-27,Mostaganem,HIGH,1.0,DZ-27
Algeria,Mazagran,Mostaganem,,,22016,Commune,,,#N/A,2008,MostaganemAlgeria,locality,,DZ-27,Mazagran ⵎⴰⵣⴰⵖⵔⴰⵏ مزغران,,,,locality,,DZ-27,Mazagran ⵎⴰⵣⴰⵖⵔⴰⵏ مزغران,,,,,region,1,DZ-27,Mostaganem,HIGH,1.0,DZ-27
Algeria,Sirat,Mostaganem,,,21677,Commune,,,#N/A,2008,MostaganemAlgeria,locality,,DZ-27,Sirat ⵙⵉⵔⴰⵜ سيرات,,,,locality,,DZ-27,Sirat ⵙⵉⵔⴰⵜ سيرات,,,,,region,1,DZ-27,Mostaganem,HIGH,1.0,DZ-27
Algeria,Mansourah,Mostaganem,,,18216,Commune,,,#N/A,2008,MostaganemAlgeria,locality,,DZ-27,Mansourah ⵎⴻⵏⵙⵓⵔⴰ منصورة,,,,locality,,DZ-27,Mansourah ⵎⴻⵏⵙⵓⵔⴰ منصورة,,,,,region,1,DZ-27,Mostaganem,HIGH,1.0,DZ-27
Algeria,Oued El Kheir,Mostaganem,,,17359,Commune,,,#N/A,2008,MostaganemAlgeria,locality,,DZ-27,Oued El Kheir ⵡⴰⴷ ⵍⵅⵉⵔ وادى الخير,,,,locality,,DZ-27,Oued El Kheir ⵡⴰⴷ ⵍⵅⵉⵔ وادى الخير,,,,,region,1,DZ-27,Mostaganem,HIGH,1.0,DZ-27
Algeria,Hadjadj,Mostaganem,,,17330,Commune,,,#N/A,2008,MostaganemAlgeria,locality,,DZ-27,Hadjadj ⵃⴻⴵⴵⴰⴵ حجاج,,,,locality,,DZ-27,Hadjadj ⵃⴻⴵⴵⴰⴵ حجاج,,,,,region,1,DZ-27,Mostaganem,HIGH,1.0,DZ-27
Algeria,Souaflia,Mostaganem,,,17223,Commune,,,#N/A,2008,MostaganemAlgeria,locality,,DZ-27,Souaflia ⵙⵡⴰⴼⵍⵉⵢⴰ السوافلية,,,,locality,,DZ-27,Souaflia ⵙⵡⴰⴼⵍⵉⵢⴰ السوافلية,,,,,region,1,DZ-27,Mostaganem,HIGH,1.0,DZ-27
Algeria,Fornaka,Mostaganem,,,16543,Commune,,,#N/A,2008,MostaganemAlgeria,locality,,DZ-27,Fornaka ⴼⵉⵔⵏⴰⴽⴰ فرناكة,,,,locality,,DZ-27,Fornaka ⴼⵉⵔⵏⴰⴽⴰ فرناكة,,,,,region,1,DZ-27,Mostaganem,HIGH,1.0,DZ-27
Algeria,Aïn Nouïssy,Mostaganem,,,14530,Commune,,,#N/A,2008,MostaganemAlgeria,locality,,DZ-27,Aïn Nouïssy ⵄⵉⵏ ⵏⵡⵉⵙⵉ عين نويسى,,,,locality,,DZ-27,Aïn Nouïssy ⵄⵉⵏ ⵏⵡⵉⵙⵉ عين نويسى,,,,,region,1,DZ-27,Mostaganem,HIGH,1.0,DZ-27
Algeria,Khadra,Mostaganem,,,14045,Commune,,,#N/A,2008,MostaganemAlgeria,locality,,DZ-27,Khadra ⵅⴻⴷⵔⴰ خضراء,,,,locality,,DZ-27,Khadra ⵅⴻⴷⵔⴰ خضراء,,,,,region,1,DZ-27,Mostaganem,HIGH,1.0,DZ-27
Algeria,Safsaf,Mostaganem,,,13980,Commune,,,#N/A,2008,MostaganemAlgeria,locality,,DZ-27,Safsaf ⵙⴻⴼⵚⴰⴼ صفصاف,,,,locality,,DZ-27,Safsaf ⵙⴻⴼⵚⴰⴼ صفصاف,,,,,region,1,DZ-27,Mostaganem,HIGH,1.0,DZ-27
Algeria,Ouled Boughalem,Mostaganem,,,13761,Commune,,,#N/A,2008,MostaganemAlgeria,locality,,DZ-27,Ouled Boughalem ⵡⵍⴰⴷ ⴱⵓⵖⴰⵍⴻⵎ أولاد بوغالم,,,,locality,,DZ-27,Ouled Boughalem ⵡⵍⴰⴷ ⴱⵓⵖⴰⵍⴻⵎ أولاد بوغالم,,,,,region,1,DZ-27,Mostaganem,HIGH,1.0,DZ-27
Algeria,Abdelmalek Ramdane,Mostaganem,,,13607,Commune,,,#N/A,2008,MostaganemAlgeria,locality,,DZ-27,Abdelmalek Ramdane ⵄⴻⴱⴷⴻⵍⵎⴰⵍⴻⴽ ⵔⴻⵎⴹⴰⵏ عبد المالك رمضان,,,,locality,,DZ-27,Abdelmalek Ramdane ⵄⴻⴱⴷⴻⵍⵎⴰⵍⴻⴽ ⵔⴻⵎⴹⴰⵏ عبد المالك رمضان,,,,,region,1,DZ-27,Mostaganem,HIGH,1.0,DZ-27
Algeria,Stidia,Mostaganem,,,11965,Commune,,,#N/A,2008,MostaganemAlgeria,locality,,DZ-27,Stidia ⵙⵜⵉⴷⵉⵢⴰ ستيدية,,,,locality,,DZ-27,Stidia ⵙⵜⵉⴷⵉⵢⴰ ستيدية,,,,,region,1,DZ-27,Mostaganem,HIGH,1.0,DZ-27
Algeria,Nekmaria,Mostaganem,,,10446,Commune,,,#N/A,2008,MostaganemAlgeria,locality,,DZ-27,Nekmaria ⵏⴻⵇⵎⴰⵔⵉⵢⴰ نقمارية,,,,locality,,DZ-27,Nekmaria ⵏⴻⵇⵎⴰⵔⵉⵢⴰ نقمارية,,,,,region,1,DZ-27,Mostaganem,HIGH,1.0,DZ-27
Algeria,Aïn Sidi Cherif,Mostaganem,,,9748,Commune,,,#N/A,2008,MostaganemAlgeria,locality,,DZ-27,Ain Sidi Cherif ⵄⵉⵏ ⵙⵉⴷⵉ ⵛⵔⵉⴼ عين سيدي الشريف,,,,locality,,DZ-27,Ain Sidi Cherif ⵄⵉⵏ ⵙⵉⴷⵉ ⵛⵔⵉⴼ عين سيدي الشريف,,,,,region,1,DZ-27,Mostaganem,HIGH,1.0,DZ-27
Algeria,El Hassaine,Mostaganem,,,9680,Commune,,,#N/A,2008,MostaganemAlgeria,locality,,DZ-27,El Hassiane ⵍⴻⵃⵙⴰⵢⴻⵏ الحسيان,,,,locality,,DZ-27,El Hassiane ⵍⴻⵃⵙⴰⵢⴻⵏ الحسيان,,,,,region,1,DZ-27,Mostaganem,HIGH,1.0,DZ-27
Algeria,Ouled Maallah,Mostaganem,,,9576,Commune,,,#N/A,2008,MostaganemAlgeria,locality,,DZ-27,Ouled Maaleh ⵡⵍⴰⴷ ⵎⵄⴰ ⵍⵍⴰⵀ أولاد مع الله,,,,locality,,DZ-27,Ouled Maaleh ⵡⵍⴰⴷ ⵎⵄⴰ ⵍⵍⴰⵀ أولاد مع الله,,,,,region,1,DZ-27,Mostaganem,HIGH,1.0,DZ-27
Algeria,Tazgait,Mostaganem,,,9410,Commune,,,#N/A,2008,MostaganemAlgeria,locality,,DZ-27,Tazgait ⵜⴰⵣⴳⴰⵢⵜ تزقايت,,,,locality,,DZ-27,Tazgait ⵜⴰⵣⴳⴰⵢⵜ تزقايت,,,,,region,1,DZ-27,Mostaganem,HIGH,1.0,DZ-27
Algeria,Touahria,Mostaganem,,,7593,Commune,,,#N/A,2008,MostaganemAlgeria,locality,,DZ-27,Touahria ⵟⵡⴰⵀⵔⵉⵢⴰ الطواهيرية,,,,locality,,DZ-27,Touahria ⵟⵡⴰⵀⵔⵉⵢⴰ الطواهيرية,,,,,region,1,DZ-27,Mostaganem,HIGH,1.0,DZ-27
Algeria,Sidi Belattar,Mostaganem,,,6794,Commune,,,#N/A,2008,MostaganemAlgeria,locality,,DZ-27,Sidi Belattar ⵙⵉⴷⵉ ⴱⴻⵍⵄⴰⵜⴻⵔ سيدي بلعاتر,,,,locality,,DZ-27,Sidi Belattar ⵙⵉⴷⵉ ⴱⴻⵍⵄⴰⵜⴻⵔ سيدي بلعاتر,,,,,region,1,DZ-27,Mostaganem,HIGH,1.0,DZ-27
Algeria,Aïn Boudinar,Mostaganem,,,6060,Commune,,,#N/A,2008,MostaganemAlgeria,locality,,DZ-27,Aïn Boudinar ⵄⵉⵏ ⴱⵓⴷⵉⵏⴰⵔ عين بودينار,,,,locality,,DZ-27,Aïn Boudinar ⵄⵉⵏ ⴱⵓⴷⵉⵏⴰⵔ عين بودينار,,,,,region,1,DZ-27,Mostaganem,HIGH,1.0,DZ-27
Algeria,M'Sila,M'Sila,,,156647,Province Capital,,,#N/A,2008,M'SilaAlgeria,,,,,,,,region,1,DZ-28,M'Sila,,,,,region,1,DZ-28,M'Sila,HIGH,1.0,DZ-28
Algeria,Bou Saâda,M'Sila,,,125573,Commune,,,#N/A,2008,M'SilaAlgeria,county,2,DZ-28,Daïra Bou Sâada,,,,county,2,DZ-28,Daïra Bou Sâada,,,,,region,1,DZ-28,M'Sila,HIGH,1.0,DZ-28
Algeria,Sidi Aïssa,M'Sila,,,72062,Commune,,,#N/A,2008,M'SilaAlgeria,locality,,DZ-28,Sidi Aïssa ⵙⵉⴷⵉ ⵄⵉⵙⴰ سيدي عيسى,,,,locality,,DZ-28,Sidi Aïssa ⵙⵉⴷⵉ ⵄⵉⵙⴰ سيدي عيسى,,,,,region,1,DZ-28,M'Sila,HIGH,1.0,DZ-28
Algeria,Hammam Dhalaa,M'Sila,,,39850,Commune,,,#N/A,2008,M'SilaAlgeria,locality,,DZ-28,Hammam Delaa ⵃⴻⵎⵎⴰⵎ ⴹⴹⴰⵍⵄⴰ حمام الضلعة,,,,locality,,DZ-28,Hammam Delaa ⵃⴻⵎⵎⴰⵎ ⴹⴹⴰⵍⵄⴰ حمام الضلعة,,,,,region,1,DZ-28,M'Sila,HIGH,1.0,DZ-28
Algeria,Magra,M'Sila,,,39250,Commune,,,#N/A,2008,M'SilaAlgeria,locality,,DZ-28,Magra ⵎⴰⴳⵔⴰ مقرة,,,,locality,,DZ-28,Magra ⵎⴰⴳⵔⴰ مقرة,,,,,region,1,DZ-28,M'Sila,HIGH,1.0,DZ-28
Algeria,Aïn El Melh,M'Sila,,,37045,Commune,,,#N/A,2008,M'SilaAlgeria,locality,,DZ-28,Aïn El Melh ⵄⵉⵏ ⵍⵎⴻⵍⵃ عين الملح,,,,locality,,DZ-28,Aïn El Melh ⵄⵉⵏ ⵍⵎⴻⵍⵃ عين الملح,,,,,region,1,DZ-28,M'Sila,HIGH,1.0,DZ-28
Algeria,Aïn El Hadjel,M'Sila,,,33046,Commune,,,#N/A,2008,M'SilaAlgeria,county,2,DZ-28,Daïra Aïn El Hadjel,,,,county,2,DZ-28,Daïra Aïn El Hadjel,,,,,region,1,DZ-28,M'Sila,HIGH,1.0,DZ-28
Algeria,Aïn Khadra,M'Sila,,,29046,Commune,,,#N/A,2008,M'SilaAlgeria,locality,,DZ-28,Aïn Khadra ⵄⵉⵏ ⵅⴻⴹⵔⴰ عين خضرة,,,,locality,,DZ-28,Aïn Khadra ⵄⵉⵏ ⵅⴻⴹⵔⴰ عين خضرة,,,,,region,1,DZ-28,M'Sila,HIGH,1.0,DZ-28
Algeria,Belaiba,M'Sila,,,27404,Commune,,,#N/A,2008,M'SilaAlgeria,locality,,DZ-28,Belaiba ⴱⴻⵍⵄⴰⵢⴱⵉⵢⴰ بلعايبة,,,,locality,,DZ-28,Belaiba ⴱⴻⵍⵄⴰⵢⴱⵉⵢⴰ بلعايبة,,,,,region,1,DZ-28,M'Sila,HIGH,1.0,DZ-28
Algeria,Ouled Derradj,M'Sila,,,26644,Commune,,,#N/A,2008,M'SilaAlgeria,locality,,DZ-28,Ouled Derradj ⵡⵍⴰⴷ ⴷⴻⵔⵔⴰⴵ أولاد دراج,,,,locality,,DZ-28,Ouled Derradj ⵡⵍⴰⴷ ⴷⴻⵔⵔⴰⴵ أولاد دراج,,,,,region,1,DZ-28,M'Sila,HIGH,1.0,DZ-28
Algeria,Ouled Addi Guebala,M'Sila,,,25456,Commune,,,#N/A,2008,M'SilaAlgeria,locality,,DZ-28,Ouled Addi Guebala ⵡⵍⴰⴷ ⵄⴻⴷⴷⵉ ⴳⴻⴱⴱⴰⵍⴰ أولاد عدى القبالة,,,,locality,,DZ-28,Ouled Addi Guebala ⵡⵍⴰⴷ ⵄⴻⴷⴷⵉ ⴳⴻⴱⴱⴰⵍⴰ أولاد عدى القبالة,,,,,region,1,DZ-28,M'Sila,HIGH,1.0,DZ-28
Algeria,Maadid,M'Sila,,,24168,Commune,,,#N/A,2008,M'SilaAlgeria,locality,,DZ-28,Maadid ⵎⴰⵄⴷⵉⴷ المعاضيد,,,,locality,,DZ-28,Maadid ⵎⴰⵄⴷⵉⴷ المعاضيد,,,,,region,1,DZ-28,M'Sila,HIGH,1.0,DZ-28
Algeria,Ben Srour,M'Sila,,,23953,Commune,,,#N/A,2008,M'SilaAlgeria,county,2,DZ-28,Daïra Ben Srour,,,,county,2,DZ-28,Daïra Ben Srour,,,,,region,1,DZ-28,M'Sila,HIGH,1.0,DZ-28
Algeria,Berhoum,M'Sila,,,23620,Commune,,,#N/A,2008,M'SilaAlgeria,locality,,DZ-28,Berhoum ⴱⴻⵔⵀⵓⵎ برهوم,,,,locality,,DZ-28,Berhoum ⴱⴻⵔⵀⵓⵎ برهوم,,,,,region,1,DZ-28,M'Sila,HIGH,1.0,DZ-28
Algeria,Sidi Ameur,M'Sila,,,21623,Commune,,,#N/A,2008,M'SilaAlgeria,county,2,DZ-28,Daïra Sidi Ameur,,,,county,2,DZ-28,Daïra Sidi Ameur,,,,,region,1,DZ-28,M'Sila,HIGH,1.0,DZ-28
Algeria,Medjedel,M'Sila,,,21058,Commune,,,#N/A,2008,M'SilaAlgeria,county,2,DZ-28,Daïra Medjedel,,,,county,2,DZ-28,Daïra Medjedel,,,,,region,1,DZ-28,M'Sila,HIGH,1.0,DZ-28
Algeria,Aïn Errich,M'Sila,,,20634,Commune,,,#N/A,2008,M'SilaAlgeria,locality,,DZ-28,Ain Errich ⵄⵉⵏ ⵔⵔⵉⵛ عين الريش,,,,locality,,DZ-28,Ain Errich ⵄⵉⵏ ⵔⵔⵉⵛ عين الريش,,,,,region,1,DZ-28,M'Sila,HIGH,1.0,DZ-28
Algeria,Mohammed Boudiaf,M'Sila,,,16381,Commune,,,#N/A,2008,M'SilaAlgeria,,,,,,,,,,,,,,,,region,1,DZ-28,M'Sila,NONE,0.0,DZ-28
Algeria,Ouanougha,M'Sila,,,14397,Commune,,,#N/A,2008,M'SilaAlgeria,locality,,DZ-28,Ouanougha ⵡⴰⵏⵓⵖⴰ ونوغة,,,,locality,,DZ-28,Ouanougha ⵡⴰⵏⵓⵖⴰ ونوغة,,,,,region,1,DZ-28,M'Sila,HIGH,1.0,DZ-28
Algeria,Djebel Messaad,M'Sila,,,13948,Commune,,,#N/A,2008,M'SilaAlgeria,county,2,DZ-28,Daïra Djebel Messaad,,,,county,2,DZ-28,Daïra Djebel Messaad,,,,,region,1,DZ-28,M'Sila,HIGH,1.0,DZ-28
Algeria,Maarif,M'Sila,,,13269,Commune,,,#N/A,2008,M'SilaAlgeria,locality,,DZ-28,Maarif ⵎⵄⴰⵔⵉⴼ المعاريف,,,,locality,,DZ-28,Maarif ⵎⵄⴰⵔⵉⴼ المعاريف,,,,,region,1,DZ-28,M'Sila,HIGH,1.0,DZ-28
Algeria,M'Cif,M'Sila,,,12209,Commune,,,#N/A,2008,M'SilaAlgeria,locality,,DZ-28,M'Cif ⵎⵙⵉⴼ مسيف,,,,locality,,DZ-28,M'Cif ⵎⵙⵉⴼ مسيف,,,,,region,1,DZ-28,M'Sila,HIGH,1.0,DZ-28
Algeria,El Hamel,M'Sila,,,11018,Commune,,,#N/A,2008,M'SilaAlgeria,locality,,DZ-28,El Hamel ⵍⵀⴰⵎⴻⵍ الهامل,,,,locality,,DZ-28,El Hamel ⵍⵀⴰⵎⴻⵍ الهامل,,,,,region,1,DZ-28,M'Sila,HIGH,1.0,DZ-28
Algeria,Ouled Sidi Brahim,M'Sila,,,10716,Commune,,,#N/A,2008,M'SilaAlgeria,locality,,DZ-28,Ouled Sidi Brahim ⵡⵍⴰⴷ ⵙⵉⴷⵉ ⴱⵔⴰⵀⵉⵎ ⵡⵍⴰⴷ ⵙⵉⴷⵉ ⴱⵔⴰⵀⵉⵎ,,,,locality,,DZ-28,Ouled Sidi Brahim ⵡⵍⴰⴷ ⵙⵉⴷⵉ ⴱⵔⴰⵀⵉⵎ ⵡⵍⴰⴷ ⵙⵉⴷⵉ ⴱⵔⴰⵀⵉⵎ,,,,,region,1,DZ-28,M'Sila,HIGH,1.0,DZ-28
Algeria,Tarmount,M'Sila,,,9954,Commune,,,#N/A,2008,M'SilaAlgeria,locality,,DZ-28,Tarmount ⵜⴰⵔⵎⵓⵏⵜ تارمونت,,,,locality,,DZ-28,Tarmount ⵜⴰⵔⵎⵓⵏⵜ تارمونت,,,,,region,1,DZ-28,M'Sila,HIGH,1.0,DZ-28
Algeria,Bouti Sayah,M'Sila,,,9042,Commune,,,#N/A,2008,M'SilaAlgeria,locality,,DZ-28,Bouti Sayah ⴱⵓⵟⵉ ⵙⵙⴰⵢⴻⵁ بوطى السايح,,,,locality,,DZ-28,Bouti Sayah ⴱⵓⵟⵉ ⵙⵙⴰⵢⴻⵁ بوطى السايح,,,,,region,1,DZ-28,M'Sila,HIGH,1.0,DZ-28
Algeria,Beni Ilmane,M'Sila,,,8777,Commune,,,#N/A,2008,M'SilaAlgeria,,,,,,,,,,,,,,,,region,1,DZ-28,M'Sila,NONE,0.0,DZ-28
Algeria,Ouled Atia (Menaa),M'Sila,,,8498,Commune,,,#N/A,2008,M'SilaAlgeria,locality,,DZ-28,Ouled Atia ⵡⵍⴰⴷ ⵄⴰⵟⵉⵢⵢⴰ أولاد عطية,,,,locality,,DZ-28,Ouled Atia ⵡⵍⴰⴷ ⵄⴰⵟⵉⵢⵢⴰ أولاد عطية,,,,,region,1,DZ-28,M'Sila,HIGH,1.0,DZ-28
Algeria,Sidi M'hamed,M'Sila,,,8300,Commune,,,#N/A,2008,M'SilaAlgeria,locality,,DZ-28,Sidi M'hamed ⵙⵉⴷⵉ ⵎⵃⴻⵎⵎⴻⴷ سيدي محمد,,,,locality,,DZ-28,Sidi M'hamed ⵙⵉⴷⵉ ⵎⵃⴻⵎⵎⴻⴷ سيدي محمد,,,,,region,1,DZ-28,M'Sila,HIGH,1.0,DZ-28
Algeria,M'Tarfa,M'Sila,,,8074,Commune,,,#N/A,2008,M'SilaAlgeria,locality,,DZ-28,M'Tarfa,,,,locality,,DZ-28,M'Tarfa,,,,,region,1,DZ-28,M'Sila,HIGH,1.0,DZ-28
Algeria,Khoubana,M'Sila,,,7950,Commune,,,#N/A,2008,M'SilaAlgeria,locality,,DZ-28,Khoubana ⵅⴻⴱⴱⴰⵏⴰ خبانة,,,,locality,,DZ-28,Khoubana ⵅⴻⴱⴱⴰⵏⴰ خبانة,,,,,region,1,DZ-28,M'Sila,HIGH,1.0,DZ-28
Algeria,El Houamed,M'Sila,,,7800,Commune,,,#N/A,2008,M'SilaAlgeria,locality,,DZ-28,El Houamed ⵍⴻⵃⵡⴰⵎⴻⴷ الحوامد,,,,locality,,DZ-28,El Houamed ⵍⴻⵃⵡⴰⵎⴻⴷ الحوامد,,,,,region,1,DZ-28,M'Sila,HIGH,1.0,DZ-28
Algeria,Tamsa,M'Sila,,,7431,Commune,,,#N/A,2008,M'SilaAlgeria,locality,,DZ-28,Tamsa ⵜⴰⵎⵙⴰ تامسة,,,,locality,,DZ-28,Tamsa ⵜⴰⵎⵙⴰ تامسة,,,,,region,1,DZ-28,M'Sila,HIGH,1.0,DZ-28
Algeria,Souamaa,M'Sila,,,7189,Commune,,,#N/A,2008,M'SilaAlgeria,locality,,DZ-28,Souamaa ⵚⵡⴰⵎⴻⵄ السوامع,,,,locality,,DZ-28,Souamaa ⵚⵡⴰⵎⴻⵄ السوامع,,,,,region,1,DZ-28,M'Sila,HIGH,1.0,DZ-28
Algeria,Ouled Madhi,M'Sila,,,7069,Commune,,,#N/A,2008,M'SilaAlgeria,locality,,DZ-28,Ouled Madhi ⵡⵍⴰⴷ ⵎⴰⴹⵉ أولاد ماضي,,,,locality,,DZ-28,Ouled Madhi ⵡⵍⴰⴷ ⵎⴰⴹⵉ أولاد ماضي,,,,,region,1,DZ-28,M'Sila,HIGH,1.0,DZ-28
Algeria,Khettouti Sed El Djir,M'Sila,,,7058,Commune,,,#N/A,2008,M'SilaAlgeria,locality,,DZ-28,Khettouti Sed El Djir ⵅⴻⵟⵟⵓⵟⵉ ⵙⴻⴷ ⵍⴵⵉⵔ خطوطي سد الجير,,,,locality,,DZ-28,Khettouti Sed El Djir ⵅⴻⵟⵟⵓⵟⵉ ⵙⴻⴷ ⵍⴵⵉⵔ خطوطي سد الجير,,,,,region,1,DZ-28,M'Sila,HIGH,1.0,DZ-28
Algeria,Dehahna,M'Sila,,,6697,Commune,,,#N/A,2008,M'SilaAlgeria,locality,,DZ-28,Dehahna ⴷⴻⵀⴰⵀⵏⴰ دھاھنة,,,,locality,,DZ-28,Dehahna ⴷⴻⵀⴰⵀⵏⴰ دھاھنة,,,,,region,1,DZ-28,M'Sila,HIGH,1.0,DZ-28
Algeria,Sidi Hadjeres,M'Sila,,,6686,Commune,,,#N/A,2008,M'SilaAlgeria,locality,,DZ-28,Sidi Hadjeres ⵙⵉⴷⵉ ⵀⴻⴵⵔⴻⵙ سيدي ھجرس,,,,locality,,DZ-28,Sidi Hadjeres ⵙⵉⴷⵉ ⵀⴻⴵⵔⴻⵙ سيدي ھجرس,,,,,region,1,DZ-28,M'Sila,HIGH,1.0,DZ-28
Algeria,Ouled Mansour,M'Sila,,,5731,Commune,,,#N/A,2008,M'SilaAlgeria,locality,,DZ-28,Ouled Mansour ⵡⵍⴰⴷ ⵎⴻⵏⵚⵓⵔ أولاد منصور,,,,locality,,DZ-28,Ouled Mansour ⵡⵍⴰⴷ ⵎⴻⵏⵚⵓⵔ أولاد منصور,,,,,region,1,DZ-28,M'Sila,HIGH,1.0,DZ-28
Algeria,Benzouh,M'Sila,,,5636,Commune,,,#N/A,2008,M'SilaAlgeria,locality,,DZ-28,Benzouh ⴱⴻⵏⵣⵓⵀ بنزوه,,,,locality,,DZ-28,Benzouh ⴱⴻⵏⵣⵓⵀ بنزوه,,,,,region,1,DZ-28,M'Sila,HIGH,1.0,DZ-28
Algeria,Chellal,M'Sila,,,5411,Commune,,,#N/A,2008,M'SilaAlgeria,county,2,DZ-28,Daïra Chellal,,,,county,2,DZ-28,Daïra Chellal,,,,,region,1,DZ-28,M'Sila,HIGH,1.0,DZ-28
Algeria,Slim,M'Sila,,,5348,Commune,,,#N/A,2008,M'SilaAlgeria,locality,,DZ-28,Slim ⵙⵍⵉⵎ سليم,,,,locality,,DZ-28,Slim ⵙⵍⵉⵎ سليم,,,,,region,1,DZ-28,M'Sila,HIGH,1.0,DZ-28
Algeria,Zarzour,M'Sila,,,5077,Commune,,,#N/A,2008,M'SilaAlgeria,,,,,,,,,,,,,,,,region,1,DZ-28,M'Sila,NONE,0.0,DZ-28
Algeria,Bir Foda,M'Sila,,,4258,Commune,,,#N/A,2008,M'SilaAlgeria,locality,,DZ-28,Bir Fodda ⴱⵉⵔ ⵍⴼⴻⴹⴹⴰ بير الفضة,,,,locality,,DZ-28,Bir Fodda ⴱⵉⵔ ⵍⴼⴻⴹⴹⴰ بير الفضة,,,,,region,1,DZ-28,M'Sila,HIGH,1.0,DZ-28
Algeria,Ouled Slimane,M'Sila,,,4116,Commune,,,#N/A,2008,M'SilaAlgeria,locality,,DZ-28,Ouled Slimane ⵡⵍⴰⴷ ⵙⵍⵉⵎⴰⵏ أولاد سليمان,,,,locality,,DZ-28,Ouled Slimane ⵡⵍⴰⴷ ⵙⵍⵉⵎⴰⵏ أولاد سليمان,,,,,region,1,DZ-28,M'Sila,HIGH,1.0,DZ-28
Algeria,Aïn Fares,M'Sila,,,3184,Commune,,,#N/A,2008,M'SilaAlgeria,locality,,DZ-28,Aïn Fares ⵄⵉⵏ ⴼⴰⵔⴻⵙ عين فارس,,,,locality,,DZ-28,Aïn Fares ⵄⵉⵏ ⴼⴰⵔⴻⵙ عين فارس,,,,,region,1,DZ-28,M'Sila,HIGH,1.0,DZ-28
Algeria,Oultem,M'Sila,,,2289,Commune,,,#N/A,2008,M'SilaAlgeria,locality,,DZ-28,Oultem ⵡⴻⵍⵜⴰⵎ ولتام,,,,locality,,DZ-28,Oultem ⵡⴻⵍⵜⴰⵎ ولتام,,,,,region,1,DZ-28,M'Sila,HIGH,1.0,DZ-28
Algeria,Méchria,Naâma,,,66465,Commune,,,#N/A,2008,NaâmaAlgeria,,,,,,,,,,,,,,,,region,1,DZ-45,Naâma ⵏⵄⴰⵎⴰ النعامة,NONE,0.0,DZ-45
Algeria,Aïn Sefra,Naâma,,,52320,Commune,,,#N/A,2008,NaâmaAlgeria,locality,,DZ-45,Aïn Séfra,,,,locality,,DZ-45,Aïn Séfra,,,,,region,1,DZ-45,Naâma ⵏⵄⴰⵎⴰ النعامة,HIGH,1.0,DZ-45
Algeria,Naâma,Naâma,,,16251,Province Capital,,,#N/A,2008,NaâmaAlgeria,locality,,DZ-45,Naâma ⵏⴰⴰⵎⴰ النــعـامـة,,,,locality,,DZ-45,Naâma ⵏⴰⴰⵎⴰ النــعـامـة,,,,,region,1,DZ-45,Naâma ⵏⵄⴰⵎⴰ النعامة,HIGH,1.0,DZ-45
Algeria,El Biod,Naâma,,,10975,Commune,,,#N/A,2008,NaâmaAlgeria,locality,,DZ-45,El Biod ⵍⴻⴱⵢⵓⴹ البيود,,,,locality,,DZ-45,El Biod ⵍⴻⴱⵢⵓⴹ البيود,,,,,region,1,DZ-45,Naâma ⵏⵄⴰⵎⴰ النعامة,HIGH,1.0,DZ-45
Algeria,Aïn Ben Khelil,Naâma,,,10554,Commune,,,#N/A,2008,NaâmaAlgeria,locality,,DZ-45,Aïn Ben Khellil ⵄⵉⵏ ⴱⴻⵏ ⵅⵍⵉⵍ عين بن خليل,,,,locality,,DZ-45,Aïn Ben Khellil ⵄⵉⵏ ⴱⴻⵏ ⵅⵍⵉⵍ عين بن خليل,,,,,region,1,DZ-45,Naâma ⵏⵄⴰⵎⴰ النعامة,HIGH,1.0,DZ-45
Algeria,Kasdir,Naâma,,,7492,Commune,,,#N/A,2008,NaâmaAlgeria,locality,,DZ-45,Kasdir ⵇⴰⵙⴷⵉⵔ قصدير,,,,locality,,DZ-45,Kasdir ⵇⴰⵙⴷⵉⵔ قصدير,,,,,region,1,DZ-45,Naâma ⵏⵄⴰⵎⴰ النعامة,HIGH,1.0,DZ-45
Algeria,Assela,Naâma,,,6592,Commune,,,#N/A,2008,NaâmaAlgeria,locality,,DZ-45,Assela ⵄⴻⵙⵍⴰ عسلة,,,,locality,,DZ-45,Assela ⵄⴻⵙⵍⴰ عسلة,,,,,region,1,DZ-45,Naâma ⵏⵄⴰⵎⴰ النعامة,HIGH,1.0,DZ-45
Algeria,Makman Ben Amer,Naâma,,,5613,Commune,,,#N/A,2008,NaâmaAlgeria,county,2,DZ-45,daïra Makman Ben Amer ⵝⴰⴷⴰⵢⵔⴰ ⵏ ⵎⴻⴽⵎⴻⵏ ⴱⴻⵏ ⵄⴻⵎⵎⴰⵔ دائرة مكمن بن عمار,,,,county,2,DZ-45,daïra Makman Ben Amer ⵝⴰⴷⴰⵢⵔⴰ ⵏ ⵎⴻⴽⵎⴻⵏ ⴱⴻⵏ ⵄⴻⵎⵎⴰⵔ دائرة مكمن بن عمار,,,,,region,1,DZ-45,Naâma ⵏⵄⴰⵎⴰ النعامة,HIGH,1.0,DZ-45
Algeria,Tiout,Naâma,,,5413,Commune,,,#N/A,2008,NaâmaAlgeria,locality,,DZ-45,Tiout ⵜⵢⵉⵡⵜ تيوت,,,,locality,,DZ-45,Tiout ⵜⵢⵉⵡⵜ تيوت,,,,,region,1,DZ-45,Naâma ⵏⵄⴰⵎⴰ النعامة,HIGH,1.0,DZ-45
Algeria,Sfissifa,Naâma,,,4576,Commune,,,#N/A,2008,NaâmaAlgeria,locality,,DZ-45,Sfissifa ⵜⵏⴻⵏⵜ صفيصيفة,,,,locality,,DZ-45,Sfissifa ⵜⵏⴻⵏⵜ صفيصيفة,,,,,region,1,DZ-45,Naâma ⵏⵄⴰⵎⴰ النعامة,HIGH,1.0,DZ-45
Algeria,Moghrar,Naâma,,,3551,Commune,,,#N/A,2008,NaâmaAlgeria,county,2,DZ-45,Daïra Moghrar,,,,county,2,DZ-45,Daïra Moghrar,,,,,region,1,DZ-45,Naâma ⵏⵄⴰⵎⴰ النعامة,HIGH,1.0,DZ-45
Algeria,Djeniene Bourezg,Naâma,,,3090,Commune,,,#N/A,2008,NaâmaAlgeria,locality,,DZ-45,Djeniene Bourezg ⴵⴻⵏⵢⴰⵏ ⴱⵓⵔⵣⴻⵇ جنيان بورزق,,,,locality,,DZ-45,Djeniene Bourezg ⴵⴻⵏⵢⴰⵏ ⴱⵓⵔⵣⴻⵇ جنيان بورزق,,,,,region,1,DZ-45,Naâma ⵏⵄⴰⵎⴰ النعامة,HIGH,1.0,DZ-45
Algeria,Oran,Oran,,,609940,Province Capital,Oran,,Oran,2008,OranAlgeria,locality,,DZ-31,Oran,,,,locality,,DZ-31,Oran,,,,,region,1,DZ-31,Oran,HIGH,1.0,DZ-31
Algeria,Bir El Djir,Oran,,,152151,Commune,Oran,,Oran,2008,OranAlgeria,county,2,DZ-31,Daïra Bir El Djir,,,,county,2,DZ-31,Daïra Bir El Djir,,,,,region,1,DZ-31,Oran,HIGH,1.0,DZ-31
Algeria,Sidi Chami,Oran,,,104498,Commune,Oran,,Oran,2008,OranAlgeria,,,,,x,,,,,,,,,,,region,1,DZ-31,Oran,NONE,0.0,DZ-31
Algeria,Es Sénia,Oran,,,96928,Commune,Oran,,Oran,2008,OranAlgeria,locality,,DZ-31,Es Senia ⵙⵙⴰⵏⵉⵢⴰ السانية,,,,locality,,DZ-31,Es Senia ⵙⵙⴰⵏⵉⵢⴰ السانية,,,,,region,1,DZ-31,Oran,HIGH,1.0,DZ-31
Algeria,Hassi Bounif,Oran,,,59671,Commune,Oran,,Oran,2008,OranAlgeria,locality,,DZ-31,Hassi Bounif ⵃⴰⵙⵉ ⴱⵓⵏⵉⴼ حاسي بونيف,,,,locality,,DZ-31,Hassi Bounif ⵃⴰⵙⵉ ⴱⵓⵏⵉⴼ حاسي بونيف,,,,,region,1,DZ-31,Oran,HIGH,1.0,DZ-31
Algeria,Aïn El Turk,Oran,,,37010,Commune,Oran,,Oran,2008,OranAlgeria,locality,,DZ-31,Aïn El Turk ⵄⵉⵏ ⵟⵟⵓⵔⴽ عين الترك,,,,locality,,DZ-31,Aïn El Turk ⵄⵉⵏ ⵟⵟⵓⵔⴽ عين الترك,,,,,region,1,DZ-31,Oran,HIGH,1.0,DZ-31
Algeria,Mers El Kébir,Oran,,,16970,Commune,Oran,,Oran,2008,OranAlgeria,locality,,DZ-31,Mers El Kebir ⵍⵎⴻⵔⵙⴰ ⵍⴻⴽⴱⵉⵔ المرسى الكبير,,,,locality,,DZ-31,Mers El Kebir ⵍⵎⴻⵔⵙⴰ ⵍⴻⴽⴱⵉⵔ المرسى الكبير,,,,,region,1,DZ-31,Oran,HIGH,1.0,DZ-31
Algeria,Arzew,Oran,,,70951,Commune,,,#N/A,2008,OranAlgeria,county,2,DZ-31,Daïra Arzew,,,,county,2,DZ-31,Daïra Arzew,,,,,region,1,DZ-31,Oran,HIGH,1.0,DZ-31
Algeria,Gdyel,Oran,,,37315,Commune,,,#N/A,2008,OranAlgeria,locality,,DZ-31,Gdyel ⴳⴻⴷⵢⴻⵍ قديل,,,,locality,,DZ-31,Gdyel ⴳⴻⴷⵢⴻⵍ قديل,,,,,region,1,DZ-31,Oran,HIGH,1.0,DZ-31
Algeria,Aïn El Bia,Oran,,,31386,Commune,,,#N/A,2008,OranAlgeria,locality,,DZ-31,Aïn El Bia ⵄⵉⵏ ⵍⴱⵉⵢⴰ عين البية,,,,locality,,DZ-31,Aïn El Bia ⵄⵉⵏ ⵍⴱⵉⵢⴰ عين البية,,,,,region,1,DZ-31,Oran,HIGH,1.0,DZ-31
Algeria,Misserghin,Oran,,,25443,Commune,,,#N/A,2008,OranAlgeria,locality,,DZ-31,Misserghin ⵎⴻⵙⵙⴻⵔⵖⵉⵏ مسرغين,,,,locality,,DZ-31,Misserghin ⵎⴻⵙⵙⴻⵔⵖⵉⵏ مسرغين,,,,,region,1,DZ-31,Oran,HIGH,1.0,DZ-31
Algeria,El Kerma,Oran,,,23163,Commune,,,#N/A,2008,OranAlgeria,locality,,DZ-31,El Kerma ⵍⴽⴻⵔⵎⴰ الكرمة,,,,locality,,DZ-31,El Kerma ⵍⴽⴻⵔⵎⴰ الكرمة,,,,,region,1,DZ-31,Oran,HIGH,1.0,DZ-31
Algeria,Boutlelis,Oran,,,22898,Commune,,,#N/A,2008,OranAlgeria,county,2,DZ-31,Daïra Boutlelis,,,,county,2,DZ-31,Daïra Boutlelis,,,,,region,1,DZ-31,Oran,HIGH,1.0,DZ-31
Algeria,Ben Freha,Oran,,,20235,Commune,,,#N/A,2008,OranAlgeria,locality,,DZ-31,Ben Freha ⴱⴻⵏ ⴼⵔⵉⵃⴰ بن فريحة,,,,locality,,DZ-31,Ben Freha ⴱⴻⵏ ⴼⵔⵉⵃⴰ بن فريحة,,,,,region,1,DZ-31,Oran,HIGH,1.0,DZ-31
Algeria,Oued Tlelat,Oran,,,18397,Commune,,,#N/A,2008,OranAlgeria,county,2,DZ-31,Daïra Oued Tlelat,,,,county,2,DZ-31,Daïra Oued Tlelat,,,,,region,1,DZ-31,Oran,HIGH,1.0,DZ-31
Algeria,Bethioua,Oran,,,17758,Commune,,,#N/A,2008,OranAlgeria,locality,,DZ-31,Bethioua ⴱⴻⵟⵟⵉⵡⴰ بطيوة,,,,locality,,DZ-31,Bethioua ⴱⴻⵟⵟⵉⵡⴰ بطيوة,,,,,region,1,DZ-31,Oran,HIGH,1.0,DZ-31
Algeria,Bousfer,Oran,,,17243,Commune,,,#N/A,2008,OranAlgeria,locality,,DZ-31,Bousfer ⴱⵓⵙⴼⴻⵔ بوسفر,,,,locality,,DZ-31,Bousfer ⴱⵓⵙⴼⴻⵔ بوسفر,,,,,region,1,DZ-31,Oran,HIGH,1.0,DZ-31
Algeria,Hassi Ben Okba,Oran,,,12906,Commune,,,#N/A,2008,OranAlgeria,locality,,DZ-31,Hassi Ben Okba ⵃⴰⵙⵉ ⴱⴻⵏ ⵄⵓⵇⴱⴰ حاسي بن عقبة,,,,locality,,DZ-31,Hassi Ben Okba ⵃⴰⵙⵉ ⴱⴻⵏ ⵄⵓⵇⴱⴰ حاسي بن عقبة,,,,,region,1,DZ-31,Oran,HIGH,1.0,DZ-31
Algeria,Marsat El Hadjadj,Oran,,,12729,Commune,,,#N/A,2008,OranAlgeria,locality,,DZ-31,Mersat El Hadjadj ⵎⴻⵔⵙⴰ ⵍⵃⴻⴵⴵⴰⴵ مرسى الحجاج,,,,locality,,DZ-31,Mersat El Hadjadj ⵎⴻⵔⵙⴰ ⵍⵃⴻⴵⴵⴰⴵ مرسى الحجاج,,,,,region,1,DZ-31,Oran,HIGH,1.0,DZ-31
Algeria,Hassi Mefsoukh,Oran,,,11856,Commune,,,#N/A,2008,OranAlgeria,locality,,DZ-31,Hassi Mefsoukh ⵃⴰⵙⵉ ⵎⴻⴼⵙⵓⵅ حاسي مفسوخ,,,,locality,,DZ-31,Hassi Mefsoukh ⵃⴰⵙⵉ ⵎⴻⴼⵙⵓⵅ حاسي مفسوخ,,,,,region,1,DZ-31,Oran,HIGH,1.0,DZ-31
Algeria,Boufatis,Oran,,,11579,Commune,,,#N/A,2008,OranAlgeria,locality,,DZ-31,Boufatis ⴱⵓⴼⴰⵟⵉⵙ بوفاطيس,,,,locality,,DZ-31,Boufatis ⴱⵓⴼⴰⵟⵉⵙ بوفاطيس,,,,,region,1,DZ-31,Oran,HIGH,1.0,DZ-31
Algeria,Tafraoui,Oran,,,11263,Commune,,,#N/A,2008,OranAlgeria,locality,,DZ-31,Tafraoui ⵟⴰⴼⵔⴰⵡⵉ طفراوي,,,,locality,,DZ-31,Tafraoui ⵟⴰⴼⵔⴰⵡⵉ طفراوي,,,,,region,1,DZ-31,Oran,HIGH,1.0,DZ-31
Algeria,El Ançor,Oran,,,10882,Commune,,,#N/A,2008,OranAlgeria,locality,,DZ-31,El Ançor ⵍⵄⵓⵏⵚⵓⵔ العنصر,,,,locality,,DZ-31,El Ançor ⵍⵄⵓⵏⵚⵓⵔ العنصر,,,,,region,1,DZ-31,Oran,HIGH,1.0,DZ-31
Algeria,Aïn El Kerma,Oran,,,7530,Commune,,,#N/A,2008,OranAlgeria,locality,,DZ-31,Aïn Kerma ⵄⵉⵏ ⴽⴻⵔⵎⴰ عين الكرمة,,,,locality,,DZ-31,Aïn Kerma ⵄⵉⵏ ⴽⴻⵔⵎⴰ عين الكرمة,,,,,region,1,DZ-31,Oran,HIGH,1.0,DZ-31
Algeria,Sidi Benyebka,Oran,,,7516,Commune,,,#N/A,2008,OranAlgeria,locality,,DZ-31,Sidi Ben Yebka ⵙⵉⴷⵉ ⴱⴻⵏ ⵢⴻⴱⵇⴰ سيدي بن يبقى,,,,locality,,DZ-31,Sidi Ben Yebka ⵙⵉⴷⵉ ⴱⴻⵏ ⵢⴻⴱⵇⴰ سيدي بن يبقى,,,,,region,1,DZ-31,Oran,HIGH,1.0,DZ-31
Algeria,El Braya,Oran,,,5860,Commune,,,#N/A,2008,OranAlgeria,locality,,DZ-31,El Braya ⵍⴻⴱⵔⴰⵢⴰ البرية,,,,locality,,DZ-31,El Braya ⵍⴻⴱⵔⴰⵢⴰ البرية,,,,,region,1,DZ-31,Oran,HIGH,1.0,DZ-31
Algeria,Rouissat,Ouargla,,,58112,Commune,Rouissat,,Rouissat,2008,OuarglaAlgeria,locality,,DZ-30,Rouissat ⵔⵡⵉⵙⴰⵜ الرويسات,,,,locality,,DZ-30,Rouissat ⵔⵡⵉⵙⴰⵜ الرويسات,,,,,region,1,DZ-30,ورقلة,HIGH,1.0,DZ-30
Algeria,Ouargla,Ouargla,,,133024,Province Capital,,,#N/A,2008,OuarglaAlgeria,,,,,,,,region,1,DZ-30,ورقلة,,,,,region,1,DZ-30,ورقلة,HIGH,1.0,DZ-30
Algeria,Nezla,Ouargla,,,51674,Commune,,,#N/A,2008,OuarglaAlgeria,,,,,,,,,,,,,,,,region,1,DZ-30,ورقلة,NONE,0.0,DZ-30
Algeria,Hassi Messaoud,Ouargla,,,45147,Commune,,,#N/A,2008,OuarglaAlgeria,county,2,DZ-30,Daïra Hassi Messaoud,,,,county,2,DZ-30,Daïra Hassi Messaoud,,,,,region,1,DZ-30,ورقلة,HIGH,1.0,DZ-30
Algeria,Tebesbest,Ouargla,,,35032,Commune,,,#N/A,2008,OuarglaAlgeria,,,,,,,,,,,,,,,,region,1,DZ-30,ورقلة,NONE,0.0,DZ-30
Algeria,Zaouia El Abidia,Ouargla,,,19993,Commune,,,#N/A,2008,OuarglaAlgeria,,,,,,,,,,,,,,,,region,1,DZ-30,ورقلة,NONE,0.0,DZ-30
Algeria,Aïn Beida,Ouargla,,,19039,Commune,,,#N/A,2008,OuarglaAlgeria,locality,,DZ-30,Aïn El Beïda ⵄⵉⵏ ⵍⴱⴰⵢⴷⴰ عين البيضاء,,,,locality,,DZ-30,Aïn El Beïda ⵄⵉⵏ ⵍⴱⴰⵢⴷⴰ عين البيضاء,,,,,region,1,DZ-30,ورقلة,HIGH,1.0,DZ-30
Algeria,N'Goussa,Ouargla,,,16581,Commune,,,#N/A,2008,OuarglaAlgeria,county,2,DZ-30,Daïra N'Goussa,,,,county,2,DZ-30,Daïra N'Goussa,,,,,region,1,DZ-30,ورقلة,HIGH,1.0,DZ-30
Algeria,Blidet Amor,Ouargla,,,14540,Commune,,,#N/A,2008,OuarglaAlgeria,,,,,,,,,,,,,,,,region,1,DZ-30,ورقلة,NONE,0.0,DZ-30
Algeria,M'Naguer,Ouargla,,,14179,Commune,,,#N/A,2008,OuarglaAlgeria,,,,,,,,,,,,,,,,region,1,DZ-30,ورقلة,NONE,0.0,DZ-30
Algeria,Benaceur,Ouargla,,,10330,Commune,,,#N/A,2008,OuarglaAlgeria,,,,,,,,,,,,,,,,region,1,DZ-30,ورقلة,NONE,0.0,DZ-30
Algeria,Sidi Khouiled,Ouargla,,,8803,Commune,,,#N/A,2008,OuarglaAlgeria,locality,,DZ-30,Sidi Khouiled ⵙⵉⴷⵉ ⵅⵡⵉⵍⴻⴷ سيدي خويلد,,,,locality,,DZ-30,Sidi Khouiled ⵙⵉⴷⵉ ⵅⵡⵉⵍⴻⴷ سيدي خويلد,,,,,region,1,DZ-30,ورقلة,HIGH,1.0,DZ-30
Algeria,Sidi Slimane,Ouargla,,,8072,Commune,,,#N/A,2008,OuarglaAlgeria,,,,,,,,,,,,,,,,region,1,DZ-30,ورقلة,NONE,0.0,DZ-30
Algeria,El Allia,Ouargla,,,7509,Commune,,,#N/A,2008,OuarglaAlgeria,locality,,DZ-30,El Allia ⵍⵄⴰⵍⵉⵢⴰ العالية,,,,locality,,DZ-30,El Allia ⵍⵄⴰⵍⵉⵢⴰ العالية,,,,,region,1,DZ-30,ورقلة,HIGH,1.0,DZ-30
Algeria,Hassi Ben Abdellah,Ouargla,,,4950,Commune,,,#N/A,2008,OuarglaAlgeria,locality,,DZ-30,Hassi Ben Abdellah ⵃⴰⵙⵉ ⴱⴻⵏ ⵄⴻⴱⴹⴻⵍⵍⴰ حاسي بن عبد ﷲ,,,,locality,,DZ-30,Hassi Ben Abdellah ⵃⴰⵙⵉ ⴱⴻⵏ ⵄⴻⴱⴹⴻⵍⵍⴰ حاسي بن عبد ﷲ,,,,,region,1,DZ-30,ورقلة,HIGH,1.0,DZ-30
Algeria,Ouled Djellal,Ouled Djellal,,,63237,Commune,,,#N/A,2008,Ouled DjellalAlgeria,,,,,,,,region,1,DZ-51,Ouled Djellal,,,,,region,1,DZ-51,Ouled Djellal,HIGH,1.0,DZ-51
Algeria,Sidi Khaled,Ouled Djellal,,,43315,Commune,,,#N/A,2008,Ouled DjellalAlgeria,county,2,DZ-51,Daïra Sidi Khaled,,,,county,2,DZ-51,Daïra Sidi Khaled,,,,,region,1,DZ-51,Ouled Djellal,HIGH,1.0,DZ-51
Algeria,Doucen,Ouled Djellal,,,26455,Commune,,,#N/A,2008,Ouled DjellalAlgeria,locality,,DZ-51,Doucen ⴷⵓⵙⴰⵏ الدوسن,,,,locality,,DZ-51,Doucen ⴷⵓⵙⴰⵏ الدوسن,,,,,region,1,DZ-51,Ouled Djellal,HIGH,1.0,DZ-51
Algeria,Ras El Miaad (Ouled Sassi),Ouled Djellal,,,21278,Commune,,,#N/A,2008,Ouled DjellalAlgeria,locality,,DZ-51,Ras El Miaad ⵕⴰⵙ ⵍⵎⵉⵄⴰⴸ رأس الميعاد,,,,locality,,DZ-51,Ras El Miaad ⵕⴰⵙ ⵍⵎⵉⵄⴰⴸ رأس الميعاد,,,,,region,1,DZ-51,Ouled Djellal,HIGH,1.0,DZ-51
Algeria,Ech Chaïba (Chouaiba),Ouled Djellal,,,9280,Commune,,,#N/A,2008,Ouled DjellalAlgeria,locality,,DZ-51,Ech Chaïba ⵜⴰⵛⴰⵄⴱⵉⵜ الشعيبة,,,,locality,,DZ-51,Ech Chaïba ⵜⴰⵛⴰⵄⴱⵉⵜ الشعيبة,,,,,region,1,DZ-51,Ouled Djellal,HIGH,1.0,DZ-51
Algeria,Besbes,Ouled Djellal,,,8392,Commune,,,#N/A,2008,Ouled DjellalAlgeria,locality,,DZ-51,Besbes ⴱⴻⵙⴱⴰⵙ البسباس,,,,locality,,DZ-51,Besbes ⴱⴻⵙⴱⴰⵙ البسباس,,,,,region,1,DZ-51,Ouled Djellal,HIGH,1.0,DZ-51
Algeria,Aïn Béïda,Oum El Bouaghi,,,118662,Commune,,,#N/A,2008,Oum El BouaghiAlgeria,county,2,DZ-04,Daïra Aïn Beïda,,,,county,2,DZ-04,Daïra Aïn Beïda,,,,,region,1,DZ-04,Oum El Bouaghi,HIGH,1.0,DZ-04
Algeria,Aïn M'lila,Oum El Bouaghi,,,88441,Commune,,,#N/A,2008,Oum El BouaghiAlgeria,county,2,DZ-04,Daïra Aïn Mlila,,,,county,2,DZ-04,Daïra Aïn Mlila,,,,,region,1,DZ-04,Oum El Bouaghi,HIGH,1.0,DZ-04
Algeria,Oum El Bouaghi,Oum El Bouaghi,,,80359,Province Capital,,,#N/A,2008,Oum El BouaghiAlgeria,,,,,,,,region,1,DZ-04,Oum El Bouaghi,,,,,region,1,DZ-04,Oum El Bouaghi,HIGH,1.0,DZ-04
Algeria,Aïn Fakroun,Oum El Bouaghi,,,55282,Commune,,,#N/A,2008,Oum El BouaghiAlgeria,county,2,DZ-04,Daïra Aïn Fakroun,,,,county,2,DZ-04,Daïra Aïn Fakroun,,,,,region,1,DZ-04,Oum El Bouaghi,HIGH,1.0,DZ-04
Algeria,Aïn Kercha,Oum El Bouaghi,,,32377,Commune,,,#N/A,2008,Oum El BouaghiAlgeria,locality,,DZ-04,Aïn Kercha ⵄⵉⵏ ⴽⴻⵔⵛⴰ عين كرشة,,,,locality,,DZ-04,Aïn Kercha ⵄⵉⵏ ⴽⴻⵔⵛⴰ عين كرشة,,,,,region,1,DZ-04,Oum El Bouaghi,HIGH,1.0,DZ-04
Algeria,Meskiana,Oum El Bouaghi,,,28315,Commune,,,#N/A,2008,Oum El BouaghiAlgeria,county,2,DZ-04,Daïra Meskiana,,,,county,2,DZ-04,Daïra Meskiana,,,,,region,1,DZ-04,Oum El Bouaghi,HIGH,1.0,DZ-04
Algeria,Souk Naamane,Oum El Bouaghi,,,23988,Commune,,,#N/A,2008,Oum El BouaghiAlgeria,county,2,DZ-04,Daïra Souk Naâmane,,,,county,2,DZ-04,Daïra Souk Naâmane,,,,,region,1,DZ-04,Oum El Bouaghi,HIGH,1.0,DZ-04
Algeria,Hanchir Toumghani,Oum El Bouaghi,,,23159,Commune,,,#N/A,2008,Oum El BouaghiAlgeria,locality,,DZ-04,Hanchir Toumghani ⵀⴻⵏⵛⵉⵔ ⵜⵓⵎⵖⴰⵏⵉ هنشير تومغني,,,,locality,,DZ-04,Hanchir Toumghani ⵀⴻⵏⵛⵉⵔ ⵜⵓⵎⵖⴰⵏⵉ هنشير تومغني,,,,,region,1,DZ-04,Oum El Bouaghi,HIGH,1.0,DZ-04
Algeria,Berriche,Oum El Bouaghi,,,17609,Commune,,,#N/A,2008,Oum El BouaghiAlgeria,locality,,DZ-04,Berriche ⴱⴻⵔⵔⵉⵛ بريش,,,,locality,,DZ-04,Berriche ⴱⴻⵔⵔⵉⵛ بريش,,,,,region,1,DZ-04,Oum El Bouaghi,HIGH,1.0,DZ-04
Algeria,Sigus,Oum El Bouaghi,,,17598,Commune,,,#N/A,2008,Oum El BouaghiAlgeria,county,2,DZ-04,Daïra Sigus,,,,county,2,DZ-04,Daïra Sigus,,,,,region,1,DZ-04,Oum El Bouaghi,HIGH,1.0,DZ-04
Algeria,Aïn Babouche,Oum El Bouaghi,,,16129,Commune,,,#N/A,2008,Oum El BouaghiAlgeria,locality,,DZ-04,Aïn Babouche ⵄⵉⵏ ⴱⴰⴱⵓⵛ عين بابوش,,,,locality,,DZ-04,Aïn Babouche ⵄⵉⵏ ⴱⴰⴱⵓⵛ عين بابوش,,,,,region,1,DZ-04,Oum El Bouaghi,HIGH,1.0,DZ-04
Algeria,Ouled Hamla,Oum El Bouaghi,,,13112,Commune,,,#N/A,2008,Oum El BouaghiAlgeria,locality,,DZ-04,Ouled Hamla ⵡⵍⴰⴷ ⵃⴻⵎⵍⴰ أولاد حملة,,,,locality,,DZ-04,Ouled Hamla ⵡⵍⴰⴷ ⵃⴻⵎⵍⴰ أولاد حملة,,,,,region,1,DZ-04,Oum El Bouaghi,HIGH,1.0,DZ-04
Algeria,Fkirina,Oum El Bouaghi,,,12318,Commune,,,#N/A,2008,Oum El BouaghiAlgeria,locality,,DZ-04,F'Kirina ⴼⴽⵉⵔⵉⵏⴰ فكرينة,,,,locality,,DZ-04,F'Kirina ⴼⴽⵉⵔⵉⵏⴰ فكرينة,,,,,region,1,DZ-04,Oum El Bouaghi,HIGH,1.0,DZ-04
Algeria,Ksar Sbahi,Oum El Bouaghi,,,11833,Commune,,,#N/A,2008,Oum El BouaghiAlgeria,locality,,DZ-04,Ksar Sbahi ⵇⵚⴻⵔ ⵚⴻⴱⴱⴰⵃⵉ قصر صباحي,,,,locality,,DZ-04,Ksar Sbahi ⵇⵚⴻⵔ ⵚⴻⴱⴱⴰⵃⵉ قصر صباحي,,,,,region,1,DZ-04,Oum El Bouaghi,HIGH,1.0,DZ-04
Algeria,Dhalaa,Oum El Bouaghi,,,11439,Commune,,,#N/A,2008,Oum El BouaghiAlgeria,locality,,DZ-04,Dhalaa ⴹⴹⴻⵍⵄⴰ الضلعة,,,,locality,,DZ-04,Dhalaa ⴹⴹⴻⵍⵄⴰ الضلعة,,,,,region,1,DZ-04,Oum El Bouaghi,HIGH,1.0,DZ-04
Algeria,El Amiria,Oum El Bouaghi,,,10416,Commune,,,#N/A,2008,Oum El BouaghiAlgeria,locality,,DZ-04,El Amiria ⵍⵄⴰⵎⵉⵔⵉⵢⴰ العامرية,,,,locality,,DZ-04,El Amiria ⵍⵄⴰⵎⵉⵔⵉⵢⴰ العامرية,,,,,region,1,DZ-04,Oum El Bouaghi,HIGH,1.0,DZ-04
Algeria,Bir Chouhada,Oum El Bouaghi,,,9182,Commune,,,#N/A,2008,Oum El BouaghiAlgeria,locality,,DZ-04,Bir Chouhada ⴱⵉⵔ ⵛⵛⵓⵀⴰⴷⴰ بئر الشهداء,,,,locality,,DZ-04,Bir Chouhada ⴱⵉⵔ ⵛⵛⵓⵀⴰⴷⴰ بئر الشهداء,,,,,region,1,DZ-04,Oum El Bouaghi,HIGH,1.0,DZ-04
Algeria,El Harmilia,Oum El Bouaghi,,,8036,Commune,,,#N/A,2008,Oum El BouaghiAlgeria,locality,,DZ-04,El Harmilia ⵍⵃⴻⵔⵎⵉⵍⵉⵢⴰ الحرميلية,,,,locality,,DZ-04,El Harmilia ⵍⵃⴻⵔⵎⵉⵍⵉⵢⴰ الحرميلية,,,,,region,1,DZ-04,Oum El Bouaghi,HIGH,1.0,DZ-04
Algeria,Ouled Gacem,Oum El Bouaghi,,,7107,Commune,,,#N/A,2008,Oum El BouaghiAlgeria,locality,,DZ-04,Ouled Gacem ⵡⵍⴰⴷ ⴳⴰⵙⴻⵎ أولاد قاسم,,,,locality,,DZ-04,Ouled Gacem ⵡⵍⴰⴷ ⴳⴰⵙⴻⵎ أولاد قاسم,,,,,region,1,DZ-04,Oum El Bouaghi,HIGH,1.0,DZ-04
Algeria,Aïn Zitoun,Oum El Bouaghi,,,5948,Commune,,,#N/A,2008,Oum El BouaghiAlgeria,locality,,DZ-04,Aïn Zitoun ⵄⵉⵏ ⵣⵣⵉⵜⵓⵏ عين الزيتون,,,,locality,,DZ-04,Aïn Zitoun ⵄⵉⵏ ⵣⵣⵉⵜⵓⵏ عين الزيتون,,,,,region,1,DZ-04,Oum El Bouaghi,HIGH,1.0,DZ-04
Algeria,Oued Nini,Oum El Bouaghi,,,5119,Commune,,,#N/A,2008,Oum El BouaghiAlgeria,locality,,DZ-04,Oued Nini ⵡⴰⴷ ⵏⵉⵏⵉ وادي نيني,,,,locality,,DZ-04,Oued Nini ⵡⴰⴷ ⵏⵉⵏⵉ وادي نيني,,,,,region,1,DZ-04,Oum El Bouaghi,HIGH,1.0,DZ-04
Algeria,Ouled Zouaï,Oum El Bouaghi,,,4998,Commune,,,#N/A,2008,Oum El BouaghiAlgeria,locality,,DZ-04,Ouled Zouai ⵡⵍⴰⴷ ⵣⴰⵡⵉ أولاد زواي,,,,locality,,DZ-04,Ouled Zouai ⵡⵍⴰⴷ ⵣⴰⵡⵉ أولاد زواي,,,,,region,1,DZ-04,Oum El Bouaghi,HIGH,1.0,DZ-04
Algeria,El Fedjouz Boughrara Saoudi,Oum El Bouaghi,,,4169,Commune,,,#N/A,2008,Oum El BouaghiAlgeria,locality,,DZ-04,El Fedjoudj Boughrara Saoudi ⵍⴼⴻⴵⴵⵓⴵ ⴱⵓⵖⴰⵔⴰ الفجوج بوغرارة سعودي,,,,locality,,DZ-04,El Fedjoudj Boughrara Saoudi ⵍⴼⴻⴵⴵⵓⴵ ⴱⵓⵖⴰⵔⴰ الفجوج بوغرارة سعودي,,,,,region,1,DZ-04,Oum El Bouaghi,HIGH,1.0,DZ-04
Algeria,El Djazia,Oum El Bouaghi,,,3878,Commune,,,#N/A,2008,Oum El BouaghiAlgeria,locality,,DZ-04,El Djazia ⵍⴵⴰⵣⵉⵢⴰ الجازية,,,,locality,,DZ-04,El Djazia ⵍⴵⴰⵣⵉⵢⴰ الجازية,,,,,region,1,DZ-04,Oum El Bouaghi,HIGH,1.0,DZ-04
Algeria,Aïn Diss,Oum El Bouaghi,,,2767,Commune,,,#N/A,2008,Oum El BouaghiAlgeria,locality,,DZ-04,Aïn Diss ⵄⵉⵏ ⴷⴷⵉⵙ عين الديس,,,,locality,,DZ-04,Aïn Diss ⵄⵉⵏ ⴷⴷⵉⵙ عين الديس,,,,,region,1,DZ-04,Oum El Bouaghi,HIGH,1.0,DZ-04
Algeria,Rahia,Oum El Bouaghi,,,2711,Commune,,,#N/A,2008,Oum El BouaghiAlgeria,locality,,DZ-04,El Rahia ⵔⵔⴰⵃⵉⵢⴰ الراحية,,,,locality,,DZ-04,El Rahia ⵔⵔⴰⵃⵉⵢⴰ الراحية,,,,,region,1,DZ-04,Oum El Bouaghi,HIGH,1.0,DZ-04
Algeria,El Belala,Oum El Bouaghi,,,2477,Commune,,,#N/A,2008,Oum El BouaghiAlgeria,locality,,DZ-04,El Belala ⵍⴻⴱⵍⴰⵍⴰ البلالة,,,,locality,,DZ-04,El Belala ⵍⴻⴱⵍⴰⵍⴰ البلالة,,,,,region,1,DZ-04,Oum El Bouaghi,HIGH,1.0,DZ-04
Algeria,Zorg,Oum El Bouaghi,,,2281,Commune,,,#N/A,2008,Oum El BouaghiAlgeria,locality,,DZ-04,Zorg ⵥⵥⵓⵔⴳ الزرق,,,,locality,,DZ-04,Zorg ⵥⵥⵓⵔⴳ الزرق,,,,,region,1,DZ-04,Oum El Bouaghi,HIGH,1.0,DZ-04
Algeria,Behir Chergui,Oum El Bouaghi,,,1904,Commune,,,#N/A,2008,Oum El BouaghiAlgeria,locality,,DZ-04,Behir Chergui ⴱⵃⵉⵔ ⵛⴻⵔⴳⵉ بحير شرقي,,,,locality,,DZ-04,Behir Chergui ⴱⵃⵉⵔ ⵛⴻⵔⴳⵉ بحير شرقي,,,,,region,1,DZ-04,Oum El Bouaghi,HIGH,1.0,DZ-04
Algeria,Relizane,Relizane,,,130094,Province Capital,,,#N/A,2008,RelizaneAlgeria,,,,,,,,region,1,DZ-48,Relizane,,,,,region,1,DZ-48,Relizane,HIGH,1.0,DZ-48
Algeria,Oued Rhiou,Relizane,,,64685,Commune,,,#N/A,2008,RelizaneAlgeria,locality,,DZ-48,Oued Rhiou,,,,locality,,DZ-48,Oued Rhiou,,,,,region,1,DZ-48,Relizane,HIGH,1.0,DZ-48
Algeria,Yellel,Relizane,,,38101,Commune,,,#N/A,2008,RelizaneAlgeria,locality,,DZ-48,Yellel,,,,locality,,DZ-48,Yellel,,,,,region,1,DZ-48,Relizane,HIGH,1.0,DZ-48
Algeria,Djidioua,Relizane,,,33835,Commune,,,#N/A,2008,RelizaneAlgeria,locality,,DZ-48,Djdiouia,,,,locality,,DZ-48,Djdiouia,,,,,region,1,DZ-48,Relizane,LOW,0.875,DZ-48
Algeria,Mediouna,Relizane,,,30744,Commune,,,#N/A,2008,RelizaneAlgeria,locality,,DZ-48,Mediouna,,,,locality,,DZ-48,Mediouna,,,,,region,1,DZ-48,Relizane,HIGH,1.0,DZ-48
Algeria,Zemmora,Relizane,,,30027,Commune,,,#N/A,2008,RelizaneAlgeria,locality,,DZ-48,Zemmora,,,,locality,,DZ-48,Zemmora,,,,,region,1,DZ-48,Relizane,HIGH,1.0,DZ-48
Algeria,Ammi Moussa,Relizane,,,28962,Commune,,,#N/A,2008,RelizaneAlgeria,locality,,DZ-48,Ammi Moussa,,,,locality,,DZ-48,Ammi Moussa,,,,,region,1,DZ-48,Relizane,HIGH,1.0,DZ-48
Algeria,Mazouna,Relizane,,,26044,Commune,,,#N/A,2008,RelizaneAlgeria,locality,,DZ-48,Mazouna,,,,locality,,DZ-48,Mazouna,,,,,region,1,DZ-48,Relizane,HIGH,1.0,DZ-48
Algeria,Oued El Djemaa,Relizane,,,23480,Commune,,,#N/A,2008,RelizaneAlgeria,locality,,DZ-48,وادي الجمعة,,,,locality,,DZ-48,وادي الجمعة,,,,,region,1,DZ-48,Relizane,HIGH,1.0,DZ-48
Algeria,El Hamadna,Relizane,,,20805,Commune,,,#N/A,2008,RelizaneAlgeria,locality,,DZ-48,El Hamadna,,,,locality,,DZ-48,El Hamadna,,,,,region,1,DZ-48,Relizane,HIGH,1.0,DZ-48
Algeria,Sidi M'Hamed Ben Ali,Relizane,,,20096,Commune,,,#N/A,2008,RelizaneAlgeria,locality,,DZ-48,Sidi M'Hamed Ben Ali,,,,locality,,DZ-48,Sidi M'Hamed Ben Ali,,,,,region,1,DZ-48,Relizane,HIGH,1.0,DZ-48
Algeria,Ouarizane,Relizane,,,20069,Commune,,,#N/A,2008,RelizaneAlgeria,locality,,DZ-48,Ouarizane,,,,locality,,DZ-48,Ouarizane,,,,,region,1,DZ-48,Relizane,HIGH,1.0,DZ-48
Algeria,Bendaoud,Relizane,,,17953,Commune,,,#N/A,2008,RelizaneAlgeria,locality,,DZ-48,Bendaoud,,,,locality,,DZ-48,Bendaoud,,,,,region,1,DZ-48,Relizane,HIGH,1.0,DZ-48
Algeria,Sidi Saada,Relizane,,,17558,Commune,,,#N/A,2008,RelizaneAlgeria,locality,,DZ-48,Sidi Saada,,,,locality,,DZ-48,Sidi Saada,,,,,region,1,DZ-48,Relizane,HIGH,1.0,DZ-48
Algeria,El Matmar,Relizane,,,17442,Commune,,,#N/A,2008,RelizaneAlgeria,locality,,DZ-48,El Matmar,,,,locality,,DZ-48,El Matmar,,,,,region,1,DZ-48,Relizane,HIGH,1.0,DZ-48
Algeria,El Guettar,Relizane,,,15422,Commune,,,#N/A,2008,RelizaneAlgeria,locality,,DZ-48,El Guettar,,,,locality,,DZ-48,El Guettar,,,,,region,1,DZ-48,Relizane,HIGH,1.0,DZ-48
Algeria,Mendes,Relizane,,,15127,Commune,,,#N/A,2008,RelizaneAlgeria,locality,,DZ-48,Mendes,,,,locality,,DZ-48,Mendes,,,,,region,1,DZ-48,Relizane,HIGH,1.0,DZ-48
Algeria,Sidi Khettab,Relizane,,,14074,Commune,,,#N/A,2008,RelizaneAlgeria,locality,,DZ-48,Sidi Khettab,,,,locality,,DZ-48,Sidi Khettab,,,,,region,1,DZ-48,Relizane,HIGH,1.0,DZ-48
Algeria,Belassel Bouzegza,Relizane,,,12905,Commune,,,#N/A,2008,RelizaneAlgeria,locality,,DZ-48,Belassel Bouzegza,,,,locality,,DZ-48,Belassel Bouzegza,,,,,region,1,DZ-48,Relizane,HIGH,1.0,DZ-48
Algeria,Beni Dergoun,Relizane,,,12364,Commune,,,#N/A,2008,RelizaneAlgeria,locality,,DZ-48,Beni Dergoun بني درقن,,,,locality,,DZ-48,Beni Dergoun بني درقن,,,,,region,1,DZ-48,Relizane,HIGH,1.0,DZ-48
Algeria,Aïn Tarek,Relizane,,,12253,Commune,,,#N/A,2008,RelizaneAlgeria,locality,,DZ-48,Aïn Tarek,,,,locality,,DZ-48,Aïn Tarek,,,,,region,1,DZ-48,Relizane,HIGH,1.0,DZ-48
Algeria,Aïn Rahma,Relizane,,,12095,Commune,,,#N/A,2008,RelizaneAlgeria,locality,,DZ-48,Aïn Rahma,,,,locality,,DZ-48,Aïn Rahma,,,,,region,1,DZ-48,Relizane,HIGH,1.0,DZ-48
Algeria,Kalaa,Relizane,,,11659,Commune,,,#N/A,2008,RelizaneAlgeria,locality,,DZ-48,Kalaa,,,,locality,,DZ-48,Kalaa,,,,,region,1,DZ-48,Relizane,HIGH,1.0,DZ-48
Algeria,Beni Zentis,Relizane,,,11222,Commune,,,#N/A,2008,RelizaneAlgeria,locality,,DZ-48,Beni Zentis,,,,locality,,DZ-48,Beni Zentis,,,,,region,1,DZ-48,Relizane,HIGH,1.0,DZ-48
Algeria,Lahlef,Relizane,,,10264,Commune,,,#N/A,2008,RelizaneAlgeria,locality,,DZ-48,Lahlef,,,,locality,,DZ-48,Lahlef,,,,,region,1,DZ-48,Relizane,HIGH,1.0,DZ-48
Algeria,Hamri,Relizane,,,10173,Commune,,,#N/A,2008,RelizaneAlgeria,locality,,DZ-48,Hamri,,,,locality,,DZ-48,Hamri,,,,,region,1,DZ-48,Relizane,HIGH,1.0,DZ-48
Algeria,Oued Essalem,Relizane,,,9319,Commune,,,#N/A,2008,RelizaneAlgeria,locality,,DZ-48,Oued Essalem,,,,locality,,DZ-48,Oued Essalem,,,,,region,1,DZ-48,Relizane,HIGH,1.0,DZ-48
Algeria,Ouled Aiche,Relizane,,,8916,Commune,,,#N/A,2008,RelizaneAlgeria,locality,,DZ-48,أولاد يعيش,,,,locality,,DZ-48,أولاد يعيش,,,,,region,1,DZ-48,Relizane,HIGH,1.0,DZ-48
Algeria,Ouled Sidi Mihoub,Relizane,,,7588,Commune,,,#N/A,2008,RelizaneAlgeria,locality,,DZ-48,Ouled Sidi Mihoub,,,,locality,,DZ-48,Ouled Sidi Mihoub,,,,,region,1,DZ-48,Relizane,HIGH,1.0,DZ-48
Algeria,Merdja Sidi Abed,Relizane,,,7502,Commune,,,#N/A,2008,RelizaneAlgeria,locality,,DZ-48,Merdja Sidi Abed,,,,locality,,DZ-48,Merdja Sidi Abed,,,,,region,1,DZ-48,Relizane,HIGH,1.0,DZ-48
Algeria,Had Echkalla,Relizane,,,6712,Commune,,,#N/A,2008,RelizaneAlgeria,locality,,DZ-48,Had Echkalla,,,,locality,,DZ-48,Had Echkalla,,,,,region,1,DZ-48,Relizane,HIGH,1.0,DZ-48
Algeria,Sidi M'Hamed Benaouda,Relizane,,,6500,Commune,,,#N/A,2008,RelizaneAlgeria,locality,,DZ-48,Sidi M'Hamed Benaouda,,,,locality,,DZ-48,Sidi M'Hamed Benaouda,,,,,region,1,DZ-48,Relizane,HIGH,1.0,DZ-48
Algeria,Sidi Lazreg,Relizane,,,5682,Commune,,,#N/A,2008,RelizaneAlgeria,locality,,DZ-48,Sidi Lazreg سيدي لزرق,,,,locality,,DZ-48,Sidi Lazreg سيدي لزرق,,,,,region,1,DZ-48,Relizane,HIGH,1.0,DZ-48
Algeria,Ramka,Relizane,,,5138,Commune,,,#N/A,2008,RelizaneAlgeria,locality,,DZ-48,Ramka,,,,locality,,DZ-48,Ramka,,,,,region,1,DZ-48,Relizane,HIGH,1.0,DZ-48
Algeria,Dar Ben Abdellah,Relizane,,,3499,Commune,,,#N/A,2008,RelizaneAlgeria,locality,,DZ-48,دار بن عبد الله,,,,locality,,DZ-48,دار بن عبد الله,,,,,region,1,DZ-48,Relizane,HIGH,1.0,DZ-48
Algeria,Souk El Had,Relizane,,,3023,Commune,,,#N/A,2008,RelizaneAlgeria,locality,,DZ-48,Souk El Had,,,,locality,,DZ-48,Souk El Had,,,,,region,1,DZ-48,Relizane,HIGH,1.0,DZ-48
Algeria,El Hassi,Relizane,,,2912,Commune,,,#N/A,2008,RelizaneAlgeria,locality,,DZ-48,El Hassi,,,,locality,,DZ-48,El Hassi,,,,,region,1,DZ-48,Relizane,HIGH,1.0,DZ-48
Algeria,El Ouldja,Relizane,,,1938,Commune,,,#N/A,2008,RelizaneAlgeria,locality,,DZ-48,El Ouldja,,,,locality,,DZ-48,El Ouldja,,,,,region,1,DZ-48,Relizane,HIGH,1.0,DZ-48
Algeria,Saïda,Saïda,,,128413,Province Capital,,,#N/A,2008,SaïdaAlgeria,,,,,,,,region,1,DZ-20,Saïda,,,,,region,1,DZ-20,Saïda,HIGH,1.0,DZ-20
Algeria,Ouled Khaled,Saïda,,,30484,Commune,,,#N/A,2008,SaïdaAlgeria,locality,,DZ-20,Ouled Khaled ⵡⵍⴰⴷ ⵅⴰⵍⴻⴷ أولاد خالد,,,,locality,,DZ-20,Ouled Khaled ⵡⵍⴰⴷ ⵅⴰⵍⴻⴷ أولاد خالد,,,,,region,1,DZ-20,Saïda,HIGH,1.0,DZ-20
Algeria,Aïn El Hadjar,Saïda,,,29022,Commune,,,#N/A,2008,SaïdaAlgeria,county,2,DZ-20,Daïra Aïn El Hadjar,,,,county,2,DZ-20,Daïra Aïn El Hadjar,,,,,region,1,DZ-20,Saïda,HIGH,1.0,DZ-20
Algeria,Ouled Brahim,Saïda,,,19711,Commune,,,#N/A,2008,SaïdaAlgeria,locality,,DZ-20,Ouled Brahim ⵡⵍⴰⴷ ⴱⵔⴰⵀⵉⵎ أولاد ابراھيم,,,,locality,,DZ-20,Ouled Brahim ⵡⵍⴰⴷ ⴱⵔⴰⵀⵉⵎ أولاد ابراھيم,,,,,region,1,DZ-20,Saïda,HIGH,1.0,DZ-20
Algeria,Sidi Boubekeur,Saïda,,,19282,Commune,,,#N/A,2008,SaïdaAlgeria,county,2,DZ-20,Daïra Sidi Boubekeur,,,,county,2,DZ-20,Daïra Sidi Boubekeur,,,,,region,1,DZ-20,Saïda,HIGH,1.0,DZ-20
Algeria,Youb,Saïda,,,17355,Commune,,,#N/A,2008,SaïdaAlgeria,locality,,DZ-20,Youb ⵢⵓⴱ يوب,,,,locality,,DZ-20,Youb ⵢⵓⴱ يوب,,,,,region,1,DZ-20,Saïda,HIGH,1.0,DZ-20
Algeria,Sidi Ahmed,Saïda,,,14592,Commune,,,#N/A,2008,SaïdaAlgeria,locality,,DZ-20,Sidi Ahmed ⵙⵉⴷⵉ ⵃⵎⴻⴷ سيدي أحمد,,,,locality,,DZ-20,Sidi Ahmed ⵙⵉⴷⵉ ⵃⵎⴻⴷ سيدي أحمد,,,,,region,1,DZ-20,Saïda,HIGH,1.0,DZ-20
Algeria,El Hassasna,Saïda,,,13294,Commune,,,#N/A,2008,SaïdaAlgeria,locality,,DZ-20,El Hessasna ⵍⴻⵃⵙⴰⵙⵏⴰ الحساسنة,,,,locality,,DZ-20,El Hessasna ⵍⴻⵃⵙⴰⵙⵏⴰ الحساسنة,,,,,region,1,DZ-20,Saïda,HIGH,1.0,DZ-20
Algeria,Moulay Larbi,Saïda,,,11066,Commune,,,#N/A,2008,SaïdaAlgeria,locality,,DZ-20,Moulay Larbi ⵎⵓⵍⴰⵢ ⵍⵄⴻⵔⴱⵉ مولاي العربي,,,,locality,,DZ-20,Moulay Larbi ⵎⵓⵍⴰⵢ ⵍⵄⴻⵔⴱⵉ مولاي العربي,,,,,region,1,DZ-20,Saïda,HIGH,1.0,DZ-20
Algeria,Sidi Amar,Saïda,,,8991,Commune,,,#N/A,2008,SaïdaAlgeria,locality,,DZ-20,Sidi Amar ⵙⵉⴷⵉ ⵄⴻⵎⵎⴰⵔ سيدي عمار,,,,locality,,DZ-20,Sidi Amar ⵙⵉⴷⵉ ⵄⴻⵎⵎⴰⵔ سيدي عمار,,,,,region,1,DZ-20,Saïda,HIGH,1.0,DZ-20
Algeria,Tircine,Saïda,,,7377,Commune,,,#N/A,2008,SaïdaAlgeria,locality,,DZ-20,Tircine ⵜⵉⵔⵙⵉⵏ تيرسين,,,,locality,,DZ-20,Tircine ⵜⵉⵔⵙⵉⵏ تيرسين,,,,,region,1,DZ-20,Saïda,HIGH,1.0,DZ-20
Algeria,Aïn Sekhouna,Saïda,,,7129,Commune,,,#N/A,2008,SaïdaAlgeria,locality,,DZ-20,Aïn Skhouna ⵄⵉⵏ ⵙⵅⵓⵏⴰ العين السخونة,,,,locality,,DZ-20,Aïn Skhouna ⵄⵉⵏ ⵙⵅⵓⵏⴰ العين السخونة,,,,,region,1,DZ-20,Saïda,HIGH,1.0,DZ-20
Algeria,Maamora,Saïda,,,7082,Commune,,,#N/A,2008,SaïdaAlgeria,locality,,DZ-20,Maamora ⵎⴻⵄⵎⵓⵔⴰ المعمورة,,,,locality,,DZ-20,Maamora ⵎⴻⵄⵎⵓⵔⴰ المعمورة,,,,,region,1,DZ-20,Saïda,HIGH,1.0,DZ-20
Algeria,Aïn Soltane,Saïda,,,6920,Commune,,,#N/A,2008,SaïdaAlgeria,locality,,DZ-20,Aïn Soltane ⵄⵉⵏ ⵙⵓⵍⵟⴰⵏ عين السلطان,,,,locality,,DZ-20,Aïn Soltane ⵄⵉⵏ ⵙⵓⵍⵟⴰⵏ عين السلطان,,,,,region,1,DZ-20,Saïda,HIGH,1.0,DZ-20
Algeria,Doui Thabet,Saïda,,,5158,Commune,,,#N/A,2008,SaïdaAlgeria,locality,,DZ-20,Doui Thabet ⴷⵡⵉ ⵜⴰⴱⴻⵜ دوى ثابت,,,,locality,,DZ-20,Doui Thabet ⴷⵡⵉ ⵜⴰⴱⴻⵜ دوى ثابت,,,,,region,1,DZ-20,Saïda,HIGH,1.0,DZ-20
Algeria,Hounet,Saïda,,,4765,Commune,,,#N/A,2008,SaïdaAlgeria,locality,,DZ-20,Hounet ⵀⵓⵏⴻⵜ هونت,,,,locality,,DZ-20,Hounet ⵀⵓⵏⴻⵜ هونت,,,,,region,1,DZ-20,Saïda,HIGH,1.0,DZ-20
Algeria,Sétif,Sétif,,,288461,Province Capital,Sétif,,Sétif,2008,SétifAlgeria,county,2,DZ-19,Daïra Sétif,,,,region,1,DZ-19,Sétif,,,,,region,1,DZ-19,Sétif,HIGH,1.0,DZ-19
Algeria,El Eulma,Sétif,,,155038,Commune,,,#N/A,2008,SétifAlgeria,locality,,DZ-19,El Eulma,,,,locality,,DZ-19,El Eulma,,,,,region,1,DZ-19,Sétif,HIGH,1.0,DZ-19
Algeria,Aïn Oulmene,Sétif,,,73831,Commune,,,#N/A,2008,SétifAlgeria,locality,,DZ-19,Aïn Oulmane عين ولمان,,,,locality,,DZ-19,Aïn Oulmane عين ولمان,,,,,region,1,DZ-19,Sétif,HIGH,1.0,DZ-19
Algeria,Aïn Azel,Sétif,,,48487,Commune,,,#N/A,2008,SétifAlgeria,locality,,DZ-19,Aïn Azal,,,,locality,,DZ-19,Aïn Azal,,,,,region,1,DZ-19,Sétif,HIGH,1.0,DZ-19
Algeria,Aïn Arnat,Sétif,,,43551,Commune,,,#N/A,2008,SétifAlgeria,locality,,DZ-19,Ain Arnat,,,,locality,,DZ-19,Ain Arnat,,,,,region,1,DZ-19,Sétif,HIGH,1.0,DZ-19
Algeria,Aïn El Kebira,Sétif,,,36295,Commune,,,#N/A,2008,SétifAlgeria,locality,,DZ-19,Aïn El Kebira,,,,locality,,DZ-19,Aïn El Kebira,,,,,region,1,DZ-19,Sétif,HIGH,1.0,DZ-19
Algeria,Beidha Bordj,Sétif,,,35276,Commune,,,#N/A,2008,SétifAlgeria,locality,,DZ-19,Beidha Bordj ⴱⴰⵢⴹⴰ ⴱⵓⵔⴵ بيضا برج,,,,locality,,DZ-19,Beidha Bordj ⴱⴰⵢⴹⴰ ⴱⵓⵔⴵ بيضا برج,,,,,region,1,DZ-19,Sétif,HIGH,1.0,DZ-19
Algeria,Aïn Lahdjar,Sétif,,,34338,Commune,,,#N/A,2008,SétifAlgeria,locality,,DZ-19,Aïn Lahdjar,,,,locality,,DZ-19,Aïn Lahdjar,,,,,region,1,DZ-19,Sétif,HIGH,1.0,DZ-19
Algeria,Guidjel,Sétif,,,33685,Commune,,,#N/A,2008,SétifAlgeria,locality,,DZ-19,Guidjel,,,,locality,,DZ-19,Guidjel,,,,,region,1,DZ-19,Sétif,HIGH,1.0,DZ-19
Algeria,Bougaa,Sétif,,,30987,Commune,,,#N/A,2008,SétifAlgeria,locality,,DZ-19,Bougaa ⴱⵓⴳⴰⵄⴰ بوقاعة,,,,locality,,DZ-19,Bougaa ⴱⵓⴳⴰⵄⴰ بوقاعة,,,,,region,1,DZ-19,Sétif,HIGH,1.0,DZ-19
Algeria,Bazer Sakhra,Sétif,,,27996,Commune,,,#N/A,2008,SétifAlgeria,locality,,DZ-19,Bazer Sakra,,,,locality,,DZ-19,Bazer Sakra,,,,,region,1,DZ-19,Sétif,HIGH,1.0,DZ-19
Algeria,Salah Bey,Sétif,,,27175,Commune,,,#N/A,2008,SétifAlgeria,county,2,DZ-19,Daïra Salah Bey,,,,county,2,DZ-19,Daïra Salah Bey,,,,,region,1,DZ-19,Sétif,HIGH,1.0,DZ-19
Algeria,Bir El Arch,Sétif,,,24995,Commune,,,#N/A,2008,SétifAlgeria,locality,,DZ-19,Bir El Arch,,,,locality,,DZ-19,Bir El Arch,,,,,region,1,DZ-19,Sétif,HIGH,1.0,DZ-19
Algeria,Djemila,Sétif,,,24145,Commune,,,#N/A,2008,SétifAlgeria,locality,,DZ-19,Djemila,,,,locality,,DZ-19,Djemila,,,,,region,1,DZ-19,Sétif,HIGH,1.0,DZ-19
Algeria,Ksar El Abtal,Sétif,,,23833,Commune,,,#N/A,2008,SétifAlgeria,locality,,DZ-19,Ksar El Abtal ⵇⵚⴻⵔ ⴻⵍ ⴰⴱⵟⴰⵍ قصر الأبطال,,,,locality,,DZ-19,Ksar El Abtal ⵇⵚⴻⵔ ⴻⵍ ⴰⴱⵟⴰⵍ قصر الأبطال,,,,,region,1,DZ-19,Sétif,HIGH,1.0,DZ-19
Algeria,Amoucha,Sétif,,,22767,Commune,,,#N/A,2008,SétifAlgeria,locality,,DZ-19,Amoucha ⵄⴰⵎⵎⵓⵛⴰ عموشة,,,,locality,,DZ-19,Amoucha ⵄⴰⵎⵎⵓⵛⴰ عموشة,,,,,region,1,DZ-19,Sétif,HIGH,1.0,DZ-19
Algeria,Guellal,Sétif,,,21385,Commune,,,#N/A,2008,SétifAlgeria,locality,,DZ-19,Guellal,,,,locality,,DZ-19,Guellal,,,,,region,1,DZ-19,Sétif,HIGH,1.0,DZ-19
Algeria,Tizi N'Bechar,Sétif,,,21086,Commune,,,#N/A,2008,SétifAlgeria,locality,,DZ-19,Tizi N'Bechar,,,,locality,,DZ-19,Tizi N'Bechar,,,,,region,1,DZ-19,Sétif,HIGH,1.0,DZ-19
Algeria,Bir Haddada,Sétif,,,20860,Commune,,,#N/A,2008,SétifAlgeria,locality,,DZ-19,Bir Haddada,,,,locality,,DZ-19,Bir Haddada,,,,,region,1,DZ-19,Sétif,HIGH,1.0,DZ-19
Algeria,Talaifacene,Sétif,,,20337,Commune,,,#N/A,2008,SétifAlgeria,locality,,DZ-19,Tala Ifacene ⵜⴰⵍⴰ ⵉⴼⴰⵙⵙⴻⵏ تالة إيفاسن,,,,locality,,DZ-19,Tala Ifacene ⵜⴰⵍⴰ ⵉⴼⴰⵙⵙⴻⵏ تالة إيفاسن,,,,,region,1,DZ-19,Sétif,HIGH,1.0,DZ-19
Algeria,Beni Aziz,Sétif,,,19383,Commune,,,#N/A,2008,SétifAlgeria,locality,,DZ-19,Beni Aziz,,,,locality,,DZ-19,Beni Aziz,,,,,region,1,DZ-19,Sétif,HIGH,1.0,DZ-19
Algeria,El Ouricia,Sétif,,,18087,Commune,,,#N/A,2008,SétifAlgeria,locality,,DZ-19,El Ouricia,,,,locality,,DZ-19,El Ouricia,,,,,region,1,DZ-19,Sétif,HIGH,1.0,DZ-19
Algeria,Beni Fouda,Sétif,,,17667,Commune,,,#N/A,2008,SétifAlgeria,locality,,DZ-19,Beni Fouda,,,,locality,,DZ-19,Beni Fouda,,,,,region,1,DZ-19,Sétif,HIGH,1.0,DZ-19
Algeria,Mezloug,Sétif,,,16976,Commune,,,#N/A,2008,SétifAlgeria,locality,,DZ-19,Mezloug,,,,locality,,DZ-19,Mezloug,,,,,region,1,DZ-19,Sétif,HIGH,1.0,DZ-19
Algeria,Bouandas,Sétif,,,16966,Commune,,,#N/A,2008,SétifAlgeria,county,2,DZ-19,Daïra Bouandas,,,,county,2,DZ-19,Daïra Bouandas,,,,,region,1,DZ-19,Sétif,HIGH,1.0,DZ-19
Algeria,Aïn Abessa,Sétif,,,16770,Commune,,,#N/A,2008,SétifAlgeria,locality,,DZ-19,Aïn Abessa,,,,locality,,DZ-19,Aïn Abessa,,,,,region,1,DZ-19,Sétif,HIGH,1.0,DZ-19
Algeria,Bousselam,Sétif,,,16095,Commune,,,#N/A,2008,SétifAlgeria,locality,,DZ-19,Bousselam ⴱⵓⵙⴻⵍⵍⴰⵎ بوسلام,,,,locality,,DZ-19,Bousselam ⴱⵓⵙⴻⵍⵍⴰⵎ بوسلام,,,,,region,1,DZ-19,Sétif,HIGH,1.0,DZ-19
Algeria,Rasfa,Sétif,,,16075,Commune,,,#N/A,2008,SétifAlgeria,locality,,DZ-19,Rosfa,,,,locality,,DZ-19,Rosfa,,,,,region,1,DZ-19,Sétif,HIGH,1.0,DZ-19
Algeria,Hammam Guergour,Sétif,,,15853,Commune,,,#N/A,2008,SétifAlgeria,locality,,DZ-19,Hammam Guergour,,,,locality,,DZ-19,Hammam Guergour,,,,,region,1,DZ-19,Sétif,HIGH,1.0,DZ-19
Algeria,Babor,Sétif,,,15762,Commune,,,#N/A,2008,SétifAlgeria,locality,,DZ-19,Babor,,,,locality,,DZ-19,Babor,,,,,region,1,DZ-19,Sétif,HIGH,1.0,DZ-19
Algeria,Maoklane,Sétif,,,15715,Commune,,,#N/A,2008,SétifAlgeria,locality,,DZ-19,Maoklane ⵎⴰⵡⴿⵍⴰⵏ موكلان,,,,locality,,DZ-19,Maoklane ⵎⴰⵡⴿⵍⴰⵏ موكلان,,,,,region,1,DZ-19,Sétif,HIGH,1.0,DZ-19
Algeria,Guelta Zerka,Sétif,,,15472,Commune,,,#N/A,2008,SétifAlgeria,locality,,DZ-19,Guelta Zerga ⵍⴳⴻⵜⵍⴰ ⵣⵣⴻⵔⴳⴰ القلتة الزرقاء,,,,locality,,DZ-19,Guelta Zerga ⵍⴳⴻⵜⵍⴰ ⵣⵣⴻⵔⴳⴰ القلتة الزرقاء,,,,,region,1,DZ-19,Sétif,HIGH,1.0,DZ-19
Algeria,Draa Kebila,Sétif,,,14977,Commune,,,#N/A,2008,SétifAlgeria,locality,,DZ-19,Draa Kebila,,,,locality,,DZ-19,Draa Kebila,,,,,region,1,DZ-19,Sétif,HIGH,1.0,DZ-19
Algeria,Aïn Sebt,Sétif,,,14798,Commune,,,#N/A,2008,SétifAlgeria,locality,,DZ-19,Aïn Sebt,,,,locality,,DZ-19,Aïn Sebt,,,,,region,1,DZ-19,Sétif,HIGH,1.0,DZ-19
Algeria,Aïn Legraj,Sétif,,,14668,Commune,,,#N/A,2008,SétifAlgeria,locality,,DZ-19,Aïn Legradj,,,,locality,,DZ-19,Aïn Legradj,,,,,region,1,DZ-19,Sétif,HIGH,1.0,DZ-19
Algeria,Belaa,Sétif,,,14666,Commune,,,#N/A,2008,SétifAlgeria,locality,,DZ-19,Belaa,,,,locality,,DZ-19,Belaa,,,,,region,1,DZ-19,Sétif,HIGH,1.0,DZ-19
Algeria,Hammam Soukhna,Sétif,,,13439,Commune,,,#N/A,2008,SétifAlgeria,locality,,DZ-19,Hammam Sokhna,,,,locality,,DZ-19,Hammam Sokhna,,,,,region,1,DZ-19,Sétif,HIGH,1.0,DZ-19
Algeria,Hamma,Sétif,,,13223,Commune,,,#N/A,2008,SétifAlgeria,locality,,DZ-19,Hamma ⵍⵃⴰⵎⵎⴰ الحامة,,,,locality,,DZ-19,Hamma ⵍⵃⴰⵎⵎⴰ الحامة,,,,,region,1,DZ-19,Sétif,HIGH,1.0,DZ-19
Algeria,Beni Chebana,Sétif,,,13174,Commune,,,#N/A,2008,SétifAlgeria,locality,,DZ-19,Beni Chebana ⴱⵏⵉ ⵛⴻⴱⴱⴰⵏⴰ بني شبانة,,,,locality,,DZ-19,Beni Chebana ⴱⵏⵉ ⵛⴻⴱⴱⴰⵏⴰ بني شبانة,,,,,region,1,DZ-19,Sétif,HIGH,1.0,DZ-19
Algeria,Ouled Sabor,Sétif,,,12510,Commune,,,#N/A,2008,SétifAlgeria,locality,,DZ-19,Ouled Sabor ⵡⵍⴰⴷ ⵚⴰⴱⴻⵔ أولاد صابر,,,,locality,,DZ-19,Ouled Sabor ⵡⵍⴰⴷ ⵚⴰⴱⴻⵔ أولاد صابر,,,,,region,1,DZ-19,Sétif,HIGH,1.0,DZ-19
Algeria,Aïn Roua,Sétif,,,11499,Commune,,,#N/A,2008,SétifAlgeria,locality,,DZ-19,Aïn Roua,,,,locality,,DZ-19,Aïn Roua,,,,,region,1,DZ-19,Sétif,HIGH,1.0,DZ-19
Algeria,Beni Hocine,Sétif,,,11220,Commune,,,#N/A,2008,SétifAlgeria,locality,,DZ-19,Beni Hocine ⴱⴻⵏⵉ ⵃⵓⵙⵉⵏ بني حسين,,,,locality,,DZ-19,Beni Hocine ⴱⴻⵏⵉ ⵃⵓⵙⵉⵏ بني حسين,,,,,region,1,DZ-19,Sétif,HIGH,1.0,DZ-19
Algeria,Beni Ourtilane,Sétif,,,10591,Commune,,,#N/A,2008,SétifAlgeria,locality,,DZ-19,Beni Ouartilane,,,,locality,,DZ-19,Beni Ouartilane,,,,,region,1,DZ-19,Sétif,HIGH,1.0,DZ-19
Algeria,Ouled Tebben,Sétif,,,10385,Commune,,,#N/A,2008,SétifAlgeria,locality,,DZ-19,Ouled Tebben,,,,locality,,DZ-19,Ouled Tebben,,,,,region,1,DZ-19,Sétif,HIGH,1.0,DZ-19
Algeria,Taya,Sétif,,,10302,Commune,,,#N/A,2008,SétifAlgeria,locality,,DZ-19,Taya,,,,locality,,DZ-19,Taya,,,,,region,1,DZ-19,Sétif,HIGH,1.0,DZ-19
Algeria,Ouled Si Ahmed,Sétif,,,10238,Commune,,,#N/A,2008,SétifAlgeria,locality,,DZ-19,Ouled Si Ahmed,,,,locality,,DZ-19,Ouled Si Ahmed,,,,,region,1,DZ-19,Sétif,HIGH,1.0,DZ-19
Algeria,Ouled Addouane,Sétif,,,9613,Commune,,,#N/A,2008,SétifAlgeria,locality,,DZ-19,Ouled Addouane,,,,locality,,DZ-19,Ouled Addouane,,,,,region,1,DZ-19,Sétif,HIGH,1.0,DZ-19
Algeria,Boutaleb,Sétif,,,9456,Commune,,,#N/A,2008,SétifAlgeria,locality,,DZ-19,Boutaleb,,,,locality,,DZ-19,Boutaleb,,,,,region,1,DZ-19,Sétif,HIGH,1.0,DZ-19
Algeria,Serdj El Ghoul,Sétif,,,9311,Commune,,,#N/A,2008,SétifAlgeria,locality,,DZ-19,Serdj El Ghoul,,,,locality,,DZ-19,Serdj El Ghoul,,,,,region,1,DZ-19,Sétif,HIGH,1.0,DZ-19
Algeria,Dehamcha,Sétif,,,9141,Commune,,,#N/A,2008,SétifAlgeria,locality,,DZ-19,Dehamcha ⴷⴻⵀⴰⵎⵛⴰ الدهامشة,,,,locality,,DZ-19,Dehamcha ⴷⴻⵀⴰⵎⵛⴰ الدهامشة,,,,,region,1,DZ-19,Sétif,HIGH,1.0,DZ-19
Algeria,El Ouldja,Sétif,,,8592,Commune,,,#N/A,2008,SétifAlgeria,locality,,DZ-19,El Oueldja,,,,locality,,DZ-19,El Oueldja,,,,,region,1,DZ-19,Sétif,HIGH,1.0,DZ-19
Algeria,Beni Mouhli,Sétif,,,8521,Commune,,,#N/A,2008,SétifAlgeria,locality,,DZ-19,Beni Mouhli ⴰⵜ ⵎⵓⵃⵍⵉ بني محلي,,,,locality,,DZ-19,Beni Mouhli ⴰⵜ ⵎⵓⵃⵍⵉ بني محلي,,,,,region,1,DZ-19,Sétif,HIGH,1.0,DZ-19
Algeria,Tachouda,Sétif,,,7578,Commune,,,#N/A,2008,SétifAlgeria,locality,,DZ-19,Tachouda ⵜⴰⵛⵓⴷⴰ تاشودة,,,,locality,,DZ-19,Tachouda ⵜⴰⵛⵓⴷⴰ تاشودة,,,,,region,1,DZ-19,Sétif,HIGH,1.0,DZ-19
Algeria,Tella,Sétif,,,7562,Commune,,,#N/A,2008,SétifAlgeria,locality,,DZ-19,Tella,,,,locality,,DZ-19,Tella,,,,,region,1,DZ-19,Sétif,HIGH,1.0,DZ-19
Algeria,Maaouia,Sétif,,,7005,Commune,,,#N/A,2008,SétifAlgeria,locality,,DZ-19,Maaouia,,,,locality,,DZ-19,Maaouia,,,,,region,1,DZ-19,Sétif,HIGH,1.0,DZ-19
Algeria,Aït Tizi,Sétif,,,6983,Commune,,,#N/A,2008,SétifAlgeria,locality,,DZ-19,Aït Tizi,,,,locality,,DZ-19,Aït Tizi,,,,,region,1,DZ-19,Sétif,HIGH,1.0,DZ-19
Algeria,Aït Naoual Mezada,Sétif,,,5630,Commune,,,#N/A,2008,SétifAlgeria,locality,,DZ-19,Aït Nawal M'zada,,,,locality,,DZ-19,Aït Nawal M'zada,,,,,region,1,DZ-19,Sétif,HIGH,1.0,DZ-19
Algeria,Harbil,Sétif,,,3675,Commune,,,#N/A,2008,SétifAlgeria,locality,,DZ-19,Harbil,,,,locality,,DZ-19,Harbil,,,,,region,1,DZ-19,Sétif,HIGH,1.0,DZ-19
Algeria,Guenzet,Sétif,,,3541,Commune,,,#N/A,2008,SétifAlgeria,locality,,DZ-19,Guenzet,,,,locality,,DZ-19,Guenzet,,,,,region,1,DZ-19,Sétif,HIGH,1.0,DZ-19
Algeria,Oued El Barad,Sétif,,,2333,Commune,,,#N/A,2008,SétifAlgeria,locality,,DZ-19,Oued El Bared,,,,locality,,DZ-19,Oued El Bared,,,,,region,1,DZ-19,Sétif,HIGH,1.0,DZ-19
Algeria,Sidi Bel Abbès,Sidi Bel Abbès,,,212935,Province Capital,Sidi Bel Abbès,,Sidi Bel Abbès,2008,Sidi Bel AbbèsAlgeria,county,2,DZ-22,Daïra Sidi Bel Abbès,,,,region,1,DZ-22,Sidi Bel Abbès,,,,,region,1,DZ-22,Sidi Bel Abbès,HIGH,1.0,DZ-22
Algeria,Sfisef,Sidi Bel Abbès,,,29696,Commune,,,#N/A,2008,Sidi Bel AbbèsAlgeria,county,2,DZ-22,Daïra Sfisef,,,,county,2,DZ-22,Daïra Sfisef,,,,,region,1,DZ-22,Sidi Bel Abbès,HIGH,1.0,DZ-22
Algeria,Telagh,Sidi Bel Abbès,,,24594,Commune,,,#N/A,2008,Sidi Bel AbbèsAlgeria,county,2,DZ-22,Daïra Telagh,,,,county,2,DZ-22,Daïra Telagh,,,,,region,1,DZ-22,Sidi Bel Abbès,HIGH,1.0,DZ-22
Algeria,Sidi Lahcene,Sidi Bel Abbès,,,20999,Commune,,,#N/A,2008,Sidi Bel AbbèsAlgeria,county,2,DZ-22,Daïra Sidi Lahcene,,,,county,2,DZ-22,Daïra Sidi Lahcene,,,,,region,1,DZ-22,Sidi Bel Abbès,HIGH,1.0,DZ-22
Algeria,Ben Badis,Sidi Bel Abbès,,,20346,Commune,,,#N/A,2008,Sidi Bel AbbèsAlgeria,locality,,DZ-22,Ben Badis ⴱⴻⵏ ⴱⴰⴷⵉⵙ ابن باديس,,,,locality,,DZ-22,Ben Badis ⴱⴻⵏ ⴱⴰⴷⵉⵙ ابن باديس,,,,,region,1,DZ-22,Sidi Bel Abbès,HIGH,1.0,DZ-22
Algeria,Ras El Ma,Sidi Bel Abbès,,,18644,Commune,,,#N/A,2008,Sidi Bel AbbèsAlgeria,locality,,DZ-22,Ras El Ma ⵔⴰⵙ ⵍⵎⴰ رأس الماء,,,,locality,,DZ-22,Ras El Ma ⵔⴰⵙ ⵍⵎⴰ رأس الماء,,,,,region,1,DZ-22,Sidi Bel Abbès,HIGH,1.0,DZ-22
Algeria,Aïn El Berd,Sidi Bel Abbès,,,16013,Commune,,,#N/A,2008,Sidi Bel AbbèsAlgeria,locality,,DZ-22,Aïn El Berd ⵄⵉⵏ ⵍⴱⴻⵔⴷ عين البرد,,,,locality,,DZ-22,Aïn El Berd ⵄⵉⵏ ⵍⴱⴻⵔⴷ عين البرد,,,,,region,1,DZ-22,Sidi Bel Abbès,HIGH,1.0,DZ-22
Algeria,Sidi Ali Benyoub,Sidi Bel Abbès,,,11654,Commune,,,#N/A,2008,Sidi Bel AbbèsAlgeria,county,2,DZ-22,Daïra Sidi Ali Benyoub,,,,county,2,DZ-22,Daïra Sidi Ali Benyoub,,,,,region,1,DZ-22,Sidi Bel Abbès,HIGH,1.0,DZ-22
Algeria,Amarnas,Sidi Bel Abbès,,,11293,Commune,,,#N/A,2008,Sidi Bel AbbèsAlgeria,locality,,DZ-22,Amarnas ⵄⴻⵎⵎⴰⵔⵏⴰ العمارنة,,,,locality,,DZ-22,Amarnas ⵄⴻⵎⵎⴰⵔⵏⴰ العمارنة,,,,,region,1,DZ-22,Sidi Bel Abbès,HIGH,1.0,DZ-22
Algeria,Boukhanafis,Sidi Bel Abbès,,,10520,Commune,,,#N/A,2008,Sidi Bel AbbèsAlgeria,locality,,DZ-22,Boukhanafis ⴱⵓⵅⵏⴰⴼⵉⵙ بو خنيفيس,,,,locality,,DZ-22,Boukhanafis ⴱⵓⵅⵏⴰⴼⵉⵙ بو خنيفيس,,,,,region,1,DZ-22,Sidi Bel Abbès,HIGH,1.0,DZ-22
Algeria,Sidi Brahim,Sidi Bel Abbès,,,10371,Commune,,,#N/A,2008,Sidi Bel AbbèsAlgeria,locality,,DZ-22,Sidi Brahim ⵙⵉⴷⵉ ⴱⵔⴰⵀⵉⵎ سيدي ابراهيم,,,,locality,,DZ-22,Sidi Brahim ⵙⵉⴷⵉ ⴱⵔⴰⵀⵉⵎ سيدي ابراهيم,,,,,region,1,DZ-22,Sidi Bel Abbès,HIGH,1.0,DZ-22
Algeria,Tenira,Sidi Bel Abbès,,,10049,Commune,,,#N/A,2008,Sidi Bel AbbèsAlgeria,county,2,DZ-22,Daïra Tenira,,,,county,2,DZ-22,Daïra Tenira,,,,,region,1,DZ-22,Sidi Bel Abbès,HIGH,1.0,DZ-22
Algeria,Sidi Hamadouche,Sidi Bel Abbès,,,9968,Commune,,,#N/A,2008,Sidi Bel AbbèsAlgeria,locality,,DZ-22,Sidi Hamadouche ⵙⵉⴷⵉ ⵃⴰⵎⴰⴷⵓⵛ سيدي حمادوش,,,,locality,,DZ-22,Sidi Hamadouche ⵙⵉⴷⵉ ⵃⴰⵎⴰⴷⵓⵛ سيدي حمادوش,,,,,region,1,DZ-22,Sidi Bel Abbès,HIGH,1.0,DZ-22
Algeria,Sidi Ali Boussidi,Sidi Bel Abbès,,,9715,Commune,,,#N/A,2008,Sidi Bel AbbèsAlgeria,county,2,DZ-22,Daïra Sidi Ali Boussidi,,,,county,2,DZ-22,Daïra Sidi Ali Boussidi,,,,,region,1,DZ-22,Sidi Bel Abbès,HIGH,1.0,DZ-22
Algeria,Mostefa Ben Brahim,Sidi Bel Abbès,,,9268,Commune,,,#N/A,2008,Sidi Bel AbbèsAlgeria,locality,,DZ-22,Mostefa Ben Brahim ⵎⵓⵙⵟⴰⴼⴰ ⴱⴻⵏ ⴱⵓⵍⵄⵉⴷ مصطفى بن إبراهيم,,,,locality,,DZ-22,Mostefa Ben Brahim ⵎⵓⵙⵟⴰⴼⴰ ⴱⴻⵏ ⴱⵓⵍⵄⵉⴷ مصطفى بن إبراهيم,,,,,region,1,DZ-22,Sidi Bel Abbès,HIGH,1.0,DZ-22
Algeria,Tilmouni,Sidi Bel Abbès,,,8949,Commune,,,#N/A,2008,Sidi Bel AbbèsAlgeria,locality,,DZ-22,Tilmouni ⵜⴻⵍⵎⵓⵏⵉ تلمونى,,,,locality,,DZ-22,Tilmouni ⵜⴻⵍⵎⵓⵏⵉ تلمونى,,,,,region,1,DZ-22,Sidi Bel Abbès,HIGH,1.0,DZ-22
Algeria,Belarbi,Sidi Bel Abbès,,,8455,Commune,,,#N/A,2008,Sidi Bel AbbèsAlgeria,locality,,DZ-22,Belarbi ⴱⴻⵍⵄⴻⵔⴱⵉ بلعربى,,,,locality,,DZ-22,Belarbi ⴱⴻⵍⵄⴻⵔⴱⵉ بلعربى,,,,,region,1,DZ-22,Sidi Bel Abbès,HIGH,1.0,DZ-22
Algeria,Merine,Sidi Bel Abbès,,,7705,Commune,,,#N/A,2008,Sidi Bel AbbèsAlgeria,locality,,DZ-22,Merine ⵎⴻⵔⵉⵏ مرين,,,,locality,,DZ-22,Merine ⵎⴻⵔⵉⵏ مرين,,,,,region,1,DZ-22,Sidi Bel Abbès,HIGH,1.0,DZ-22
Algeria,Teghalimet,Sidi Bel Abbès,,,7549,Commune,,,#N/A,2008,Sidi Bel AbbèsAlgeria,locality,,DZ-22,Teghalimet ⵜⴰⵖⴰⵍⵉⵎⵜ تغاليمت,,,,locality,,DZ-22,Teghalimet ⵜⴰⵖⴰⵍⵉⵎⵜ تغاليمت,,,,,region,1,DZ-22,Sidi Bel Abbès,HIGH,1.0,DZ-22
Algeria,Lamtar,Sidi Bel Abbès,,,7530,Commune,,,#N/A,2008,Sidi Bel AbbèsAlgeria,locality,,DZ-22,Lamtar ⵍⴻⵎⵟⴰⵔ لمطار,,,,locality,,DZ-22,Lamtar ⵍⴻⵎⵟⴰⵔ لمطار,,,,,region,1,DZ-22,Sidi Bel Abbès,HIGH,1.0,DZ-22
Algeria,Tessala,Sidi Bel Abbès,,,7499,Commune,,,#N/A,2008,Sidi Bel AbbèsAlgeria,county,2,DZ-22,Daïra Tessala,,,,county,2,DZ-22,Daïra Tessala,,,,,region,1,DZ-22,Sidi Bel Abbès,HIGH,1.0,DZ-22
Algeria,Hassi Zahana,Sidi Bel Abbès,,,7426,Commune,,,#N/A,2008,Sidi Bel AbbèsAlgeria,locality,,DZ-22,Hassi Zahana ⵃⴰⵙⵉ ⵣⴻⵀⵀⴰⵏⴰ حاسى زهانة,,,,locality,,DZ-22,Hassi Zahana ⵃⴰⵙⵉ ⵣⴻⵀⵀⴰⵏⴰ حاسى زهانة,,,,,region,1,DZ-22,Sidi Bel Abbès,HIGH,1.0,DZ-22
Algeria,Sidi Khaled,Sidi Bel Abbès,,,7167,Commune,,,#N/A,2008,Sidi Bel AbbèsAlgeria,locality,,DZ-22,Sidi Khaled ⵙⵉⴷⵉ ⵅⴰⵍⴻⴷ سيدي خالد,,,,locality,,DZ-22,Sidi Khaled ⵙⵉⴷⵉ ⵅⴰⵍⴻⴷ سيدي خالد,,,,,region,1,DZ-22,Sidi Bel Abbès,HIGH,1.0,DZ-22
Algeria,Mezaourou,Sidi Bel Abbès,,,6870,Commune,,,#N/A,2008,Sidi Bel AbbèsAlgeria,locality,,DZ-22,Mezaourou ⵎⴻⵣⴰⵡⵔⵓ مزاورو,,,,locality,,DZ-22,Mezaourou ⵎⴻⵣⴰⵡⵔⵓ مزاورو,,,,,region,1,DZ-22,Sidi Bel Abbès,HIGH,1.0,DZ-22
Algeria,Badredine El Mokrani,Sidi Bel Abbès,,,6200,Commune,,,#N/A,2008,Sidi Bel AbbèsAlgeria,locality,,DZ-22,Badredine El Mokrani ⴱⴻⴷⵔⴻⴷⴷⵉⵏ ⵍⵎⴻⵇⵔⴰⵏⵉ بدر الدين المقرانى,,,,locality,,DZ-22,Badredine El Mokrani ⴱⴻⴷⵔⴻⴷⴷⵉⵏ ⵍⵎⴻⵇⵔⴰⵏⵉ بدر الدين المقرانى,,,,,region,1,DZ-22,Sidi Bel Abbès,HIGH,1.0,DZ-22
Algeria,Hassi Dahou,Sidi Bel Abbès,,,6043,Commune,,,#N/A,2008,Sidi Bel AbbèsAlgeria,locality,,DZ-22,Hassi Dahou ⵃⴰⵙⵉ ⴷⴻⵃⵃⵓ حاسى دحو,,,,locality,,DZ-22,Hassi Dahou ⵃⴰⵙⵉ ⴷⴻⵃⵃⵓ حاسى دحو,,,,,region,1,DZ-22,Sidi Bel Abbès,HIGH,1.0,DZ-22
Algeria,Oued Sefioun,Sidi Bel Abbès,,,5886,Commune,,,#N/A,2008,Sidi Bel AbbèsAlgeria,locality,,DZ-22,Oued Sefioun ⵡⴰⴷ ⵙⴻⴼⵢⵓⵏ وادى سفيون,,,,locality,,DZ-22,Oued Sefioun ⵡⴰⴷ ⵙⴻⴼⵢⵓⵏ وادى سفيون,,,,,region,1,DZ-22,Sidi Bel Abbès,HIGH,1.0,DZ-22
Algeria,Tabia,Sidi Bel Abbès,,,5761,Commune,,,#N/A,2008,Sidi Bel AbbèsAlgeria,locality,,DZ-22,Tabia ⵟⴰⴱⵉⵢⴰ طابية,,,,locality,,DZ-22,Tabia ⵟⴰⴱⵉⵢⴰ طابية,,,,,region,1,DZ-22,Sidi Bel Abbès,HIGH,1.0,DZ-22
Algeria,Benachiba Chelia,Sidi Bel Abbès,,,5688,Commune,,,#N/A,2008,Sidi Bel AbbèsAlgeria,locality,,DZ-22,Benachiba Chelia ⴱⴻⵏ ⵛⵉⴱⴰ ⵛⵉⵍⵢⴰ بن شيبة شيلية,,,,locality,,DZ-22,Benachiba Chelia ⴱⴻⵏ ⵛⵉⴱⴰ ⵛⵉⵍⵢⴰ بن شيبة شيلية,,,,,region,1,DZ-22,Sidi Bel Abbès,HIGH,1.0,DZ-22
Algeria,Moulay Slissen,Sidi Bel Abbès,,,5672,Commune,,,#N/A,2008,Sidi Bel AbbèsAlgeria,county,2,DZ-22,Daïra Moulay Slissen,,,,county,2,DZ-22,Daïra Moulay Slissen,,,,,region,1,DZ-22,Sidi Bel Abbès,HIGH,1.0,DZ-22
Algeria,Marhoum,Sidi Bel Abbès,,,5383,Commune,,,#N/A,2008,Sidi Bel AbbèsAlgeria,locality,,DZ-22,Marhoum ⵎⴻⵔⵃⵓⵎ مرحوم,,,,locality,,DZ-22,Marhoum ⵎⴻⵔⵃⵓⵎ مرحوم,,,,,region,1,DZ-22,Sidi Bel Abbès,HIGH,1.0,DZ-22
Algeria,Chettouane Belaila,Sidi Bel Abbès,,,5210,Commune,,,#N/A,2008,Sidi Bel AbbèsAlgeria,locality,,DZ-22,Chettouane Belaila ⵛⴻⵜⵡⴰⵏ ⴱⴻⵍⴰⵢⵍⴰ شتوان بليلة,,,,locality,,DZ-22,Chettouane Belaila ⵛⴻⵜⵡⴰⵏ ⴱⴻⵍⴰⵢⵍⴰ شتوان بليلة,,,,,region,1,DZ-22,Sidi Bel Abbès,HIGH,1.0,DZ-22
Algeria,Dhaya,Sidi Bel Abbès,,,5163,Commune,,,#N/A,2008,Sidi Bel AbbèsAlgeria,locality,,DZ-22,Dhaya ⴹⴹⴰⵢⴰ الضاية,,,,locality,,DZ-22,Dhaya ⴹⴹⴰⵢⴰ الضاية,,,,,region,1,DZ-22,Sidi Bel Abbès,HIGH,1.0,DZ-22
Algeria,Sidi Daho des Zairs,Sidi Bel Abbès,,,5033,Commune,,,#N/A,2008,Sidi Bel AbbèsAlgeria,locality,,DZ-22,Sidi Daho De Zairs ⵙⵉⴷⵉ ⴷⴻⵃⵃⵓ ⵥⵥⴰⵢⴻⵔ سيدي دحو الزاير,,,,locality,,DZ-22,Sidi Daho De Zairs ⵙⵉⴷⵉ ⴷⴻⵃⵃⵓ ⵥⵥⴰⵢⴻⵔ سيدي دحو الزاير,,,,,region,1,DZ-22,Sidi Bel Abbès,HIGH,1.0,DZ-22
Algeria,Zerouala,Sidi Bel Abbès,,,4790,Commune,,,#N/A,2008,Sidi Bel AbbèsAlgeria,locality,,DZ-22,Zerouala ⵣⴻⵔⵡⴰⵍⴰ زروالة,,,,locality,,DZ-22,Zerouala ⵣⴻⵔⵡⴰⵍⴰ زروالة,,,,,region,1,DZ-22,Sidi Bel Abbès,HIGH,1.0,DZ-22
Algeria,Sidi Yacoub,Sidi Bel Abbès,,,4485,Commune,,,#N/A,2008,Sidi Bel AbbèsAlgeria,locality,,DZ-22,Sidi Yacoub ⵙⵉⴷⵉ ⵢⴻⵄⵇⵓⴱ سيدي يعقوب,,,,locality,,DZ-22,Sidi Yacoub ⵙⵉⴷⵉ ⵢⴻⵄⵇⵓⴱ سيدي يعقوب,,,,,region,1,DZ-22,Sidi Bel Abbès,HIGH,1.0,DZ-22
Algeria,Sidi Chaib,Sidi Bel Abbès,,,4411,Commune,,,#N/A,2008,Sidi Bel AbbèsAlgeria,locality,,DZ-22,Sidi Chaib ⵙⵉⴷⵉ ⵛⵄⵉⴱ سيدي شعيب,,,,locality,,DZ-22,Sidi Chaib ⵙⵉⴷⵉ ⵛⵄⵉⴱ سيدي شعيب,,,,,region,1,DZ-22,Sidi Bel Abbès,HIGH,1.0,DZ-22
Algeria,Oued Sebaa,Sidi Bel Abbès,,,4301,Commune,,,#N/A,2008,Sidi Bel AbbèsAlgeria,locality,,DZ-22,Oued Sebaa ⵡⴰⴷ ⵙⴱⴻⵄ وادى السبع,,,,locality,,DZ-22,Oued Sebaa ⵡⴰⴷ ⵙⴱⴻⵄ وادى السبع,,,,,region,1,DZ-22,Sidi Bel Abbès,HIGH,1.0,DZ-22
Algeria,M'Cid,Sidi Bel Abbès,,,3499,Commune,,,#N/A,2008,Sidi Bel AbbèsAlgeria,locality,,DZ-22,M'Cid ⵎⵙⵉⴷ مسيد,,,,locality,,DZ-22,M'Cid ⵎⵙⵉⴷ مسيد,,,,,region,1,DZ-22,Sidi Bel Abbès,HIGH,1.0,DZ-22
Algeria,Boudjebaa El Bordj,Sidi Bel Abbès,,,3126,Commune,,,#N/A,2008,Sidi Bel AbbèsAlgeria,locality,,DZ-22,Boudjebaa El Bordj ⴱⵓⴵⴱⴻⵄ ⵍⴱⵓⵔⴵ بوجبع البرج,,,,locality,,DZ-22,Boudjebaa El Bordj ⴱⵓⴵⴱⴻⵄ ⵍⴱⵓⵔⴵ بوجبع البرج,,,,,region,1,DZ-22,Sidi Bel Abbès,HIGH,1.0,DZ-22
Algeria,El Haçaiba,Sidi Bel Abbès,,,2895,Commune,,,#N/A,2008,Sidi Bel AbbèsAlgeria,locality,,DZ-22,El Haçaiba ⵍⴻⵃⵚⵉⴱⴰ الحصيبة,,,,locality,,DZ-22,El Haçaiba ⵍⴻⵃⵚⵉⴱⴰ الحصيبة,,,,,region,1,DZ-22,Sidi Bel Abbès,HIGH,1.0,DZ-22
Algeria,Aïn Adden,Sidi Bel Abbès,,,2886,Commune,,,#N/A,2008,Sidi Bel AbbèsAlgeria,locality,,DZ-22,Aïn Adden ⵄⵉⵏ ⵄⴻⴷⴷⴰⵏ عين عدان,,,,locality,,DZ-22,Aïn Adden ⵄⵉⵏ ⵄⴻⴷⴷⴰⵏ عين عدان,,,,,region,1,DZ-22,Sidi Bel Abbès,HIGH,1.0,DZ-22
Algeria,Redjem Demouche,Sidi Bel Abbès,,,2676,Commune,,,#N/A,2008,Sidi Bel AbbèsAlgeria,locality,,DZ-22,Redjem Demouche ⵔⴻⴵⴻⵎ ⴷⴻⵎⵎⵓⵛ رجم دموش,,,,locality,,DZ-22,Redjem Demouche ⵔⴻⴵⴻⵎ ⴷⴻⵎⵎⵓⵛ رجم دموش,,,,,region,1,DZ-22,Sidi Bel Abbès,HIGH,1.0,DZ-22
Algeria,Bir El Hammam,Sidi Bel Abbès,,,2668,Commune,,,#N/A,2008,Sidi Bel AbbèsAlgeria,locality,,DZ-22,Bir El Hammam ⴱⵉⵔ ⵍⵃⴻⵎⵎⴰⵎ بئر الحمام,,,,locality,,DZ-22,Bir El Hammam ⴱⵉⵔ ⵍⵃⴻⵎⵎⴰⵎ بئر الحمام,,,,,region,1,DZ-22,Sidi Bel Abbès,HIGH,1.0,DZ-22
Algeria,Tafissour,Sidi Bel Abbès,,,2515,Commune,,,#N/A,2008,Sidi Bel AbbèsAlgeria,locality,,DZ-22,Tafissour ⵜⴰⴼⵉⵙⵓⵔ تفسور,,,,locality,,DZ-22,Tafissour ⵜⴰⴼⵉⵙⵓⵔ تفسور,,,,,region,1,DZ-22,Sidi Bel Abbès,HIGH,1.0,DZ-22
Algeria,Aïn Tindamine,Sidi Bel Abbès,,,2476,Commune,,,#N/A,2008,Sidi Bel AbbèsAlgeria,locality,,DZ-22,Aïn Tindamine ⵄⵉⵏ ⵜⵉⵏⴷⴰⵎⵉⵏ عين تندامين,,,,locality,,DZ-22,Aïn Tindamine ⵄⵉⵏ ⵜⵉⵏⴷⴰⵎⵉⵏ عين تندامين,,,,,region,1,DZ-22,Sidi Bel Abbès,HIGH,1.0,DZ-22
Algeria,Makedra,Sidi Bel Abbès,,,2475,Commune,,,#N/A,2008,Sidi Bel AbbèsAlgeria,locality,,DZ-22,Makedra ⵎⵇⴻⴷⵔⴰ مقدرة,,,,locality,,DZ-22,Makedra ⵎⵇⴻⴷⵔⴰ مقدرة,,,,,region,1,DZ-22,Sidi Bel Abbès,HIGH,1.0,DZ-22
Algeria,Aïn Thrid,Sidi Bel Abbès,,,2373,Commune,,,#N/A,2008,Sidi Bel AbbèsAlgeria,locality,,DZ-22,Aïn Thrid ⵄⵉⵏ ⵜⵔⵉⴷ عين الثريد,,,,locality,,DZ-22,Aïn Thrid ⵄⵉⵏ ⵜⵔⵉⴷ عين الثريد,,,,,region,1,DZ-22,Sidi Bel Abbès,HIGH,1.0,DZ-22
Algeria,Taoudmout,Sidi Bel Abbès,,,2343,Commune,,,#N/A,2008,Sidi Bel AbbèsAlgeria,locality,,DZ-22,Taoudmout ⵜⴰⵡⴻⴷⵎⵓⵜ تاودموت,,,,locality,,DZ-22,Taoudmout ⵜⴰⵡⴻⴷⵎⵓⵜ تاودموت,,,,,region,1,DZ-22,Sidi Bel Abbès,HIGH,1.0,DZ-22
Algeria,Sehala Thaoura,Sidi Bel Abbès,,,2338,Commune,,,#N/A,2008,Sidi Bel AbbèsAlgeria,locality,,DZ-22,Sehala Thaoura ⵙⴻⵃⴰⵍⴰ ⵜⴰⵡⵔⴰ سحالة ثاورة,,,,locality,,DZ-22,Sehala Thaoura ⵙⴻⵃⴰⵍⴰ ⵜⴰⵡⵔⴰ سحالة ثاورة,,,,,region,1,DZ-22,Sidi Bel Abbès,HIGH,1.0,DZ-22
Algeria,Aïn Kada,Sidi Bel Abbès,,,1985,Commune,,,#N/A,2008,Sidi Bel AbbèsAlgeria,locality,,DZ-22,Aïn Kada ⵄⵉⵏ ⵇⴰⴷⴰ عين قادة,,,,locality,,DZ-22,Aïn Kada ⵄⵉⵏ ⵇⴰⴷⴰ عين قادة,,,,,region,1,DZ-22,Sidi Bel Abbès,HIGH,1.0,DZ-22
Algeria,Oued Taourira,Sidi Bel Abbès,,,1249,Commune,,,#N/A,2008,Sidi Bel AbbèsAlgeria,locality,,DZ-22,Oued Taourira ⵡⴰⴷ ⵜⴰⵡⵔⵉⵔⴰ وادى تاوريرة,,,,locality,,DZ-22,Oued Taourira ⵡⴰⴷ ⵜⴰⵡⵔⵉⵔⴰ وادى تاوريرة,,,,,region,1,DZ-22,Sidi Bel Abbès,HIGH,1.0,DZ-22
Algeria,Skikda,Skikda,,,163618,Province Capital,,,#N/A,2008,SkikdaAlgeria,,,,,,,,region,1,DZ-21,Skikda,,,,,region,1,DZ-21,Skikda,HIGH,1.0,DZ-21
Algeria,Azzaba,Skikda,,,56922,Commune,,,#N/A,2008,SkikdaAlgeria,county,2,DZ-21,Daïra Azzaba,,,,county,2,DZ-21,Daïra Azzaba,,,,,region,1,DZ-21,Skikda,HIGH,1.0,DZ-21
Algeria,Tamalous,Skikda,,,51262,Commune,,,#N/A,2008,SkikdaAlgeria,locality,,DZ-21,Tamalous,,,,locality,,DZ-21,Tamalous,,,,,region,1,DZ-21,Skikda,HIGH,1.0,DZ-21
Algeria,El Harrouch,Skikda,,,48994,Commune,,,#N/A,2008,SkikdaAlgeria,county,2,DZ-21,Daïra El Harrouch,,,,county,2,DZ-21,Daïra El Harrouch,,,,,region,1,DZ-21,Skikda,HIGH,1.0,DZ-21
Algeria,Collo,Skikda,,,35682,Commune,,,#N/A,2008,SkikdaAlgeria,county,2,DZ-21,Daïra Collo,,,,county,2,DZ-21,Daïra Collo,,,,,region,1,DZ-21,Skikda,HIGH,1.0,DZ-21
Algeria,Oum Toub,Skikda,,,34458,Commune,,,#N/A,2008,SkikdaAlgeria,locality,,DZ-21,Oum Toub ⵓⵎ ⵟⵟⵓⴱ أم الطوب,,,,locality,,DZ-21,Oum Toub ⵓⵎ ⵟⵟⵓⴱ أم الطوب,,,,,region,1,DZ-21,Skikda,HIGH,1.0,DZ-21
Algeria,Hamadi Krouma,Skikda,,,30404,Commune,,,#N/A,2008,SkikdaAlgeria,locality,,DZ-21,Hamadi Krouma ⵃⴻⵎⵎⴰⴷⵉ ⴽⵔⵓⵎⴰ حمادي كرومة,,,,locality,,DZ-21,Hamadi Krouma ⵃⴻⵎⵎⴰⴷⵉ ⴽⵔⵓⵎⴰ حمادي كرومة,,,,,region,1,DZ-21,Skikda,HIGH,1.0,DZ-21
Algeria,Salah Bouchaour,Skikda,,,29764,Commune,,,#N/A,2008,SkikdaAlgeria,locality,,DZ-21,Salah Bouchaour ⵙⴰⵍⴻⵃ ⴱⵓⵛⵄⵓⵔ صالح بو الشعور,,,,locality,,DZ-21,Salah Bouchaour ⵙⴰⵍⴻⵃ ⴱⵓⵛⵄⵓⵔ صالح بو الشعور,,,,,region,1,DZ-21,Skikda,HIGH,1.0,DZ-21
Algeria,Ben Azzouz,Skikda,,,29162,Commune,,,#N/A,2008,SkikdaAlgeria,locality,,DZ-21,Ben Azouz ⴱⴻⵏ ⵄⴻⵣⵣⵓⵣ بن عزوز,,,,locality,,DZ-21,Ben Azouz ⴱⴻⵏ ⵄⴻⵣⵣⵓⵣ بن عزوز,,,,,region,1,DZ-21,Skikda,HIGH,1.0,DZ-21
Algeria,Filfila,Skikda,,,28996,Commune,,,#N/A,2008,SkikdaAlgeria,locality,,DZ-21,Filfila ⴼⵉⵍⴼⵉⵍⴰ فلفلة,,,,locality,,DZ-21,Filfila ⴼⵉⵍⴼⵉⵍⴰ فلفلة,,,,,region,1,DZ-21,Skikda,HIGH,1.0,DZ-21
Algeria,Ramdane Djamel,Skikda,,,27194,Commune,,,#N/A,2008,SkikdaAlgeria,locality,,DZ-21,Ramdane Djamel ⵔⴻⵎⴹⴰⵏ ⴵⴰⵎⴰⵍ رمضان جمال,,,,locality,,DZ-21,Ramdane Djamel ⵔⴻⵎⴹⴰⵏ ⴵⴰⵎⴰⵍ رمضان جمال,,,,,region,1,DZ-21,Skikda,HIGH,1.0,DZ-21
Algeria,Kerkera,Skikda,,,27177,Commune,,,#N/A,2008,SkikdaAlgeria,locality,,DZ-21,Kerkera,,,,locality,,DZ-21,Kerkera,,,,,region,1,DZ-21,Skikda,HIGH,1.0,DZ-21
Algeria,Sidi Mezghiche,Skikda,,,25593,Commune,,,#N/A,2008,SkikdaAlgeria,county,2,DZ-21,Daïra Sidi Mezghiche,,,,county,2,DZ-21,Daïra Sidi Mezghiche,,,,,region,1,DZ-21,Skikda,HIGH,1.0,DZ-21
Algeria,Beni Oulbane,Skikda,,,25074,Commune,,,#N/A,2008,SkikdaAlgeria,locality,,DZ-21,Beni Oulbane ⴱⴻⵏⵉ ⵡⴻⵍⴱⴰⵏ بنى ولبان,,,,locality,,DZ-21,Beni Oulbane ⴱⴻⵏⵉ ⵡⴻⵍⴱⴰⵏ بنى ولبان,,,,,region,1,DZ-21,Skikda,HIGH,1.0,DZ-21
Algeria,Aïn Kechra,Skikda,,,24572,Commune,,,#N/A,2008,SkikdaAlgeria,locality,,DZ-21,Aïn Kechra ⵄⵉⵏ ⵇⴻⵛⵔⴰ عين قشرة,,,,locality,,DZ-21,Aïn Kechra ⵄⵉⵏ ⵇⴻⵛⵔⴰ عين قشرة,,,,,region,1,DZ-21,Skikda,HIGH,1.0,DZ-21
Algeria,Bin El Ouiden,Skikda,,,21629,Commune,,,#N/A,2008,SkikdaAlgeria,locality,,DZ-21,Bin El Ouiden ⴱⵉⵏ ⵍⵡⵉⴷⴰⵏ بين الويدان,,,,locality,,DZ-21,Bin El Ouiden ⴱⵉⵏ ⵍⵡⵉⴷⴰⵏ بين الويدان,,,,,region,1,DZ-21,Skikda,HIGH,1.0,DZ-21
Algeria,Beni Zid,Skikda,,,20697,Commune,,,#N/A,2008,SkikdaAlgeria,locality,,DZ-21,Beni Zid ⴱⴻⵏⵉ ⵣⵉⴷ بنى زيد,,,,locality,,DZ-21,Beni Zid ⴱⴻⵏⵉ ⵣⵉⴷ بنى زيد,,,,,region,1,DZ-21,Skikda,HIGH,1.0,DZ-21
Algeria,Emdjez Edchich,Skikda,,,20079,Commune,,,#N/A,2008,SkikdaAlgeria,locality,,DZ-21,Emdjez Edchich ⵎⴵⴰⵣ ⴷⵛⵉⵛ أمجاز الدشيش,,,,locality,,DZ-21,Emdjez Edchich ⵎⴵⴰⵣ ⴷⵛⵉⵛ أمجاز الدشيش,,,,,region,1,DZ-21,Skikda,HIGH,1.0,DZ-21
Algeria,Cheraia,Skikda,,,18759,Commune,,,#N/A,2008,SkikdaAlgeria,locality,,DZ-21,Cheraia ⵛⵔⴰⵢⴻⵄ الشرائع,,,,locality,,DZ-21,Cheraia ⵛⵔⴰⵢⴻⵄ الشرائع,,,,,region,1,DZ-21,Skikda,HIGH,1.0,DZ-21
Algeria,El Hadaiek,Skikda,,,18002,Commune,,,#N/A,2008,SkikdaAlgeria,locality,,DZ-21,El Hadaik ⵍⴻⵃⴷⴰⵢⴻⵇ الحدائق,,,,locality,,DZ-21,El Hadaik ⵍⴻⵃⴷⴰⵢⴻⵇ الحدائق,,,,,region,1,DZ-21,Skikda,HIGH,1.0,DZ-21
Algeria,Aïn Charchar,Skikda,,,15725,Commune,,,#N/A,2008,SkikdaAlgeria,locality,,DZ-21,Aïn Charchar ⵄⵉⵏ ⵛⴻⵔⵛⴰⵔ عين شرشار,,,,locality,,DZ-21,Aïn Charchar ⵄⵉⵏ ⵛⴻⵔⵛⴰⵔ عين شرشار,,,,,region,1,DZ-21,Skikda,HIGH,1.0,DZ-21
Algeria,Es Sebt,Skikda,,,15266,Commune,,,#N/A,2008,SkikdaAlgeria,locality,,DZ-21,Es Sebt ⵙⵙⴻⴱⵜ السبت,,,,locality,,DZ-21,Es Sebt ⵙⵙⴻⴱⵜ السبت,,,,,region,1,DZ-21,Skikda,HIGH,1.0,DZ-21
Algeria,Bekkouche Lakhdar,Skikda,,,15176,Commune,,,#N/A,2008,SkikdaAlgeria,locality,,DZ-21,Bekkouche Lakhdar ⴱⴻⴽⴽⵓⵛ ⵍⴻⵅⴹⴻⵔ بكوش الأخضر,,,,locality,,DZ-21,Bekkouche Lakhdar ⴱⴻⴽⴽⵓⵛ ⵍⴻⵅⴹⴻⵔ بكوش الأخضر,,,,,region,1,DZ-21,Skikda,HIGH,1.0,DZ-21
Algeria,Zerdaza,Skikda,,,12555,Commune,,,#N/A,2008,SkikdaAlgeria,locality,,DZ-21,Zerdaza ⵣⴻⵔⴷⴰⵣⴰ زردازة,,,,locality,,DZ-21,Zerdaza ⵣⴻⵔⴷⴰⵣⴰ زردازة,,,,,region,1,DZ-21,Skikda,HIGH,1.0,DZ-21
Algeria,Ouled Attia,Skikda,,,10851,Commune,,,#N/A,2008,SkikdaAlgeria,locality,,DZ-21,Ouled Attia ⵡⵍⴰⴷ ⵄⴰⵟⵉⵢⵢⴰ أولاد عطية,,,,locality,,DZ-21,Ouled Attia ⵡⵍⴰⴷ ⵄⴰⵟⵉⵢⵢⴰ أولاد عطية,,,,,region,1,DZ-21,Skikda,HIGH,1.0,DZ-21
Algeria,Beni Bechir,Skikda,,,9640,Commune,,,#N/A,2008,SkikdaAlgeria,locality,,DZ-21,Beni Bechir ⴱⴻⵏⵉ ⴱⴰⵛⵉⵔ بنى بشير,,,,locality,,DZ-21,Beni Bechir ⴱⴻⵏⵉ ⴱⴰⵛⵉⵔ بنى بشير,,,,,region,1,DZ-21,Skikda,HIGH,1.0,DZ-21
Algeria,Aïn Bouziane,Skikda,,,9591,Commune,,,#N/A,2008,SkikdaAlgeria,locality,,DZ-21,Ain Bouziane ⵄⵉⵏ ⴱⵓⵣⵉⵢⴰⵏ عين بوزيان,,,,locality,,DZ-21,Ain Bouziane ⵄⵉⵏ ⴱⵓⵣⵉⵢⴰⵏ عين بوزيان,,,,,region,1,DZ-21,Skikda,HIGH,1.0,DZ-21
Algeria,Bouchtata,Skikda,,,9219,Commune,,,#N/A,2008,SkikdaAlgeria,locality,,DZ-21,Bouchtata ⴱⵓ ⵛⵟⴰⵟⴰ بوشطاطة,,,,locality,,DZ-21,Bouchtata ⴱⵓ ⵛⵟⴰⵟⴰ بوشطاطة,,,,,region,1,DZ-21,Skikda,HIGH,1.0,DZ-21
Algeria,Djendel Saadi Mohamed,Skikda,,,8655,Commune,,,#N/A,2008,SkikdaAlgeria,locality,,DZ-21,Djendel Saadi Mohamed ⵎⵓⵃⴻⵎⵎⴻⴷ جندل السعدي محمد,,,,locality,,DZ-21,Djendel Saadi Mohamed ⵎⵓⵃⴻⵎⵎⴻⴷ جندل السعدي محمد,,,,,region,1,DZ-21,Skikda,HIGH,1.0,DZ-21
Algeria,Ouled Hbaba,Skikda,,,8369,Commune,,,#N/A,2008,SkikdaAlgeria,locality,,DZ-21,Ouled Hbaba ⵡⵍⴰⴷ ⵃⴱⴰⴱⴰ أولاد حبابة,,,,locality,,DZ-21,Ouled Hbaba ⵡⵍⴰⴷ ⵃⴱⴰⴱⴰ أولاد حبابة,,,,,region,1,DZ-21,Skikda,HIGH,1.0,DZ-21
Algeria,Zitouna,Skikda,,,8351,Commune,,,#N/A,2008,SkikdaAlgeria,locality,,DZ-21,Zitouna ⵣⵣⵉⵜⵓⵏⴰ الزيتونة,,,,locality,,DZ-21,Zitouna ⵣⵣⵉⵜⵓⵏⴰ الزيتونة,,,,,region,1,DZ-21,Skikda,HIGH,1.0,DZ-21
Algeria,Kanoua,Skikda,,,6995,Commune,,,#N/A,2008,SkikdaAlgeria,locality,,DZ-21,Kanoua ⵇⴻⵏⵏⵓⵛ قنوع,,,,locality,,DZ-21,Kanoua ⵇⴻⵏⵏⵓⵛ قنوع,,,,,region,1,DZ-21,Skikda,HIGH,1.0,DZ-21
Algeria,Oued Zehour,Skikda,,,6744,Commune,,,#N/A,2008,SkikdaAlgeria,locality,,DZ-21,Oued Zhour ⵡⴰⴷ ⵣⵀⵓⵔ وادي الزهور,,,,locality,,DZ-21,Oued Zhour ⵡⴰⴷ ⵣⵀⵓⵔ وادي الزهور,,,,,region,1,DZ-21,Skikda,HIGH,1.0,DZ-21
Algeria,El Ghedir,Skikda,,,6458,Commune,,,#N/A,2008,SkikdaAlgeria,locality,,DZ-21,El Ghedir ⵍⴻⵖⴷⵉⵔ الغدير,,,,locality,,DZ-21,El Ghedir ⵍⴻⵖⴷⵉⵔ الغدير,,,,,region,1,DZ-21,Skikda,HIGH,1.0,DZ-21
Algeria,El Marsa,Skikda,,,5995,Commune,,,#N/A,2008,SkikdaAlgeria,locality,,DZ-21,El Marsa ⵍⵎⴻⵕⵙⴰ المرسى,,,,locality,,DZ-21,El Marsa ⵍⵎⴻⵕⵙⴰ المرسى,,,,,region,1,DZ-21,Skikda,HIGH,1.0,DZ-21
Algeria,Kheneg Mayoum,Skikda,,,4587,Commune,,,#N/A,2008,SkikdaAlgeria,locality,,DZ-21,Kheneg Mayoum ⵅⴻⵏⵇ ⵎⴰⵢⵓⵎ خنق مايوم,,,,locality,,DZ-21,Kheneg Mayoum ⵅⴻⵏⵇ ⵎⴰⵢⵓⵎ خنق مايوم,,,,,region,1,DZ-21,Skikda,HIGH,1.0,DZ-21
Algeria,Ouldja Boulballout,Skikda,,,4488,Commune,,,#N/A,2008,SkikdaAlgeria,locality,,DZ-21,Ouldja Boulballout ⵍⵡⴻⵍⴵⴰ ⴱⵓ ⵍⴱⴻⵍⵍⵓⵟ الولجة بو البلوط,,,,locality,,DZ-21,Ouldja Boulballout ⵍⵡⴻⵍⴵⴰ ⴱⵓ ⵍⴱⴻⵍⵍⵓⵟ الولجة بو البلوط,,,,,region,1,DZ-21,Skikda,HIGH,1.0,DZ-21
Algeria,Aïn Zouit,Skikda,,,1977,Commune,,,#N/A,2008,SkikdaAlgeria,locality,,DZ-21,Aïn Zouit ⵄⵉⵏ ⵣⵡⵉⵜ عين زويت,,,,locality,,DZ-21,Aïn Zouit ⵄⵉⵏ ⵣⵡⵉⵜ عين زويت,,,,,region,1,DZ-21,Skikda,HIGH,1.0,DZ-21
Algeria,Souk Ahras,Souk Ahras,,,155259,Province Capital,,,#N/A,2008,Souk AhrasAlgeria,,,,,,,,region,1,DZ-41,Souk Ahras,,,,,region,1,DZ-41,Souk Ahras,HIGH,1.0,DZ-41
Algeria,Sedrata,Souk Ahras,,,53218,Commune,,,#N/A,2008,Souk AhrasAlgeria,locality,,DZ-41,Sedrata,,,,locality,,DZ-41,Sedrata,,,,,region,1,DZ-41,Souk Ahras,HIGH,1.0,DZ-41
Algeria,M'Daourouch,Souk Ahras,,,41343,Commune,,,#N/A,2008,Souk AhrasAlgeria,locality,,DZ-41,M'daourouch,,,,locality,,DZ-41,M'daourouch,,,,,region,1,DZ-41,Souk Ahras,HIGH,1.0,DZ-41
Algeria,Mechroha,Souk Ahras,,,21802,Commune,,,#N/A,2008,Souk AhrasAlgeria,locality,,DZ-41,Mechroha,,,,locality,,DZ-41,Mechroha,,,,,region,1,DZ-41,Souk Ahras,HIGH,1.0,DZ-41
Algeria,Taoura,Souk Ahras,,,18933,Commune,,,#N/A,2008,Souk AhrasAlgeria,locality,,DZ-41,Taoura,,,,locality,,DZ-41,Taoura,,,,,region,1,DZ-41,Souk Ahras,HIGH,1.0,DZ-41
Algeria,Hanancha,Souk Ahras,,,15790,Commune,,,#N/A,2008,Souk AhrasAlgeria,locality,,DZ-41,Hanancha,,,,locality,,DZ-41,Hanancha,,,,,region,1,DZ-41,Souk Ahras,HIGH,1.0,DZ-41
Algeria,Merahna,Souk Ahras,,,13319,Commune,,,#N/A,2008,Souk AhrasAlgeria,locality,,DZ-41,Merahna,,,,locality,,DZ-41,Merahna,,,,,region,1,DZ-41,Souk Ahras,HIGH,1.0,DZ-41
Algeria,Ouled Driss,Souk Ahras,,,11303,Commune,,,#N/A,2008,Souk AhrasAlgeria,locality,,DZ-41,Ouled Driss,,,,locality,,DZ-41,Ouled Driss,,,,,region,1,DZ-41,Souk Ahras,HIGH,1.0,DZ-41
Algeria,Zaarouria,Souk Ahras,,,11234,Commune,,,#N/A,2008,Souk AhrasAlgeria,locality,,DZ-41,Zaarouria,,,,locality,,DZ-41,Zaarouria,,,,,region,1,DZ-41,Souk Ahras,HIGH,1.0,DZ-41
Algeria,Oum El Adhaim,Souk Ahras,,,8539,Commune,,,#N/A,2008,Souk AhrasAlgeria,locality,,DZ-41,Oum El Adhaim,,,,locality,,DZ-41,Oum El Adhaim,,,,,region,1,DZ-41,Souk Ahras,HIGH,1.0,DZ-41
Algeria,Khedara,Souk Ahras,,,8329,Commune,,,#N/A,2008,Souk AhrasAlgeria,locality,,DZ-41,Kheddara,,,,locality,,DZ-41,Kheddara,,,,,region,1,DZ-41,Souk Ahras,HIGH,1.0,DZ-41
Algeria,Aïn Zana,Souk Ahras,,,7499,Commune,,,#N/A,2008,Souk AhrasAlgeria,locality,,DZ-41,عين الزانة,,,,locality,,DZ-41,عين الزانة,,,,,region,1,DZ-41,Souk Ahras,HIGH,1.0,DZ-41
Algeria,Sidi Fredj,Souk Ahras,,,7497,Commune,,,#N/A,2008,Souk AhrasAlgeria,locality,,DZ-41,Sidi Fredj,,,,locality,,DZ-41,Sidi Fredj,,,,,region,1,DZ-41,Souk Ahras,HIGH,1.0,DZ-41
Algeria,Heddada,Souk Ahras,,,7351,Commune,,,#N/A,2008,Souk AhrasAlgeria,county,2,DZ-41,Daïra Haddada,,,,county,2,DZ-41,Daïra Haddada,,,,,region,1,DZ-41,Souk Ahras,HIGH,1.0,DZ-41
Algeria,Ouillen,Souk Ahras,,,6544,Commune,,,#N/A,2008,Souk AhrasAlgeria,locality,,DZ-41,Ouillen,,,,locality,,DZ-41,Ouillen,,,,,region,1,DZ-41,Souk Ahras,HIGH,1.0,DZ-41
Algeria,Dréa,Souk Ahras,,,6408,Commune,,,#N/A,2008,Souk AhrasAlgeria,locality,,DZ-41,Drea,,,,locality,,DZ-41,Drea,,,,,region,1,DZ-41,Souk Ahras,HIGH,1.0,DZ-41
Algeria,Bir Bou Haouch,Souk Ahras,,,6380,Commune,,,#N/A,2008,Souk AhrasAlgeria,locality,,DZ-41,Bir Bouhouche,,,,locality,,DZ-41,Bir Bouhouche,,,,,region,1,DZ-41,Souk Ahras,HIGH,1.0,DZ-41
Algeria,Tiffech,Souk Ahras,,,6037,Commune,,,#N/A,2008,Souk AhrasAlgeria,locality,,DZ-41,Tiffech,,,,locality,,DZ-41,Tiffech,,,,,region,1,DZ-41,Souk Ahras,HIGH,1.0,DZ-41
Algeria,Ragouba,Souk Ahras,,,5160,Commune,,,#N/A,2008,Souk AhrasAlgeria,locality,,DZ-41,Ragouba,,,,locality,,DZ-41,Ragouba,,,,,region,1,DZ-41,Souk Ahras,HIGH,1.0,DZ-41
Algeria,Oued Keberit,Souk Ahras,,,4992,Commune,,,#N/A,2008,Souk AhrasAlgeria,locality,,DZ-41,Oued Kebrit,,,,locality,,DZ-41,Oued Kebrit,,,,,region,1,DZ-41,Souk Ahras,HIGH,1.0,DZ-41
Algeria,Ouled Moumen,Souk Ahras,,,4682,Commune,,,#N/A,2008,Souk AhrasAlgeria,locality,,DZ-41,أولاد مؤمن,,,,locality,,DZ-41,أولاد مؤمن,,,,,region,1,DZ-41,Souk Ahras,HIGH,1.0,DZ-41
Algeria,Terraguelt,Souk Ahras,,,4376,Commune,,,#N/A,2008,Souk AhrasAlgeria,locality,,DZ-41,Terraguelt,,,,locality,,DZ-41,Terraguelt,,,,,region,1,DZ-41,Souk Ahras,HIGH,1.0,DZ-41
Algeria,Khemissa,Souk Ahras,,,3517,Commune,,,#N/A,2008,Souk AhrasAlgeria,locality,,DZ-41,Khemissa,,,,locality,,DZ-41,Khemissa,,,,,region,1,DZ-41,Souk Ahras,HIGH,1.0,DZ-41
Algeria,Aïn Soltane,Souk Ahras,,,3091,Commune,,,#N/A,2008,Souk AhrasAlgeria,locality,,DZ-41,Ain Soltane,,,,locality,,DZ-41,Ain Soltane,,,,,region,1,DZ-41,Souk Ahras,HIGH,1.0,DZ-41
Algeria,Zouabi,Souk Ahras,,,2792,Commune,,,#N/A,2008,Souk AhrasAlgeria,locality,,DZ-41,Zouabi,,,,locality,,DZ-41,Zouabi,,,,,region,1,DZ-41,Souk Ahras,HIGH,1.0,DZ-41
Algeria,Safel El Ouiden,Souk Ahras,,,2731,Commune,,,#N/A,2008,Souk AhrasAlgeria,locality,,DZ-41,Safel El Ouiden,,,,locality,,DZ-41,Safel El Ouiden,,,,,region,1,DZ-41,Souk Ahras,HIGH,1.0,DZ-41
Algeria,Tamanrasset,Tamanrasset,,,92635,Province Capital,,,#N/A,2008,TamanrassetAlgeria,,,,,,,,region,1,DZ-11,Tamanrasset,,,,,region,1,DZ-11,Tamanrasset,HIGH,1.0,DZ-11
Algeria,Abalessa,Tamanrasset,,,9163,Commune,,,#N/A,2008,TamanrassetAlgeria,locality,,DZ-11,Abalessa ⴰⴱⴰⵍⵉⵙⴰ أبلسة,,,,locality,,DZ-11,Abalessa ⴰⴱⴰⵍⵉⵙⴰ أبلسة,,,,,region,1,DZ-11,Tamanrasset,HIGH,1.0,DZ-11
Algeria,Foggaret Ezzaouia,Tamanrasset,,,6649,Commune,,,#N/A,2008,TamanrassetAlgeria,,,,,,,,,,,,,,,,region,1,DZ-11,Tamanrasset,NONE,0.0,DZ-11
Algeria,Idles,Tamanrasset,,,4945,Commune,,,#N/A,2008,TamanrassetAlgeria,locality,,DZ-11,Idles ⵉⴷⵍⴻⵙ أدلس,,,,locality,,DZ-11,Idles ⵉⴷⵍⴻⵙ أدلس,,,,,region,1,DZ-11,Tamanrasset,HIGH,1.0,DZ-11
Algeria,In Amguel,Tamanrasset,,,4208,Commune,,,#N/A,2008,TamanrassetAlgeria,locality,,DZ-11,In Amguel ⵄⵉⵏ ⴰⵎⴳⴻⵍ عين أمقل,,,,locality,,DZ-11,In Amguel ⵄⵉⵏ ⴰⵎⴳⴻⵍ عين أمقل,,,,,region,1,DZ-11,Tamanrasset,HIGH,1.0,DZ-11
Algeria,Tazrouk,Tamanrasset,,,4091,Commune,,,#N/A,2008,TamanrassetAlgeria,county,2,DZ-11,Daïra Tazrouk,,,,county,2,DZ-11,Daïra Tazrouk,,,,,region,1,DZ-11,Tamanrasset,HIGH,1.0,DZ-11
Algeria,Tébessa,Tébessa,,,196537,Province Capital,Tébessa,,Tébessa,2008,TébessaAlgeria,county,2,DZ-12,Daïra Tébessa,,,,region,1,DZ-12,Tébessa,,,,,region,1,DZ-12,Tébessa,HIGH,1.0,DZ-12
Algeria,Bir el-Ater,Tébessa,,,77727,Commune,,,#N/A,2008,TébessaAlgeria,,,,,,,,,,,,,,,,region,1,DZ-12,Tébessa,NONE,0.0,DZ-12
Algeria,Cheria,Tébessa,,,75344,Commune,,,#N/A,2008,TébessaAlgeria,county,2,DZ-12,daïra Cheria,,,,county,2,DZ-12,daïra Cheria,,,,,region,1,DZ-12,Tébessa,HIGH,1.0,DZ-12
Algeria,Ouenza,Tébessa,,,52737,Commune,,,#N/A,2008,TébessaAlgeria,locality,,DZ-12,Ouenza ⵡⴻⵏⵣⴰ ونزة,,,,locality,,DZ-12,Ouenza ⵡⴻⵏⵣⴰ ونزة,,,,,region,1,DZ-12,Tébessa,HIGH,1.0,DZ-12
Algeria,El Aouinet,Tébessa,,,21682,Commune,,,#N/A,2008,TébessaAlgeria,locality,,DZ-12,El Aouinet ⵍⴻⵄⵡⵉⵏⴰⵜ العوينات,,,,locality,,DZ-12,El Aouinet ⵍⴻⵄⵡⵉⵏⴰⵜ العوينات,,,,,region,1,DZ-12,Tébessa,HIGH,1.0,DZ-12
Algeria,Aïn Zerga,Tébessa,,,20170,Commune,,,#N/A,2008,TébessaAlgeria,locality,,DZ-12,Ain Zerga ⵄⵉⵏ ⵣⵣⴻⵔⴳⴰ عين الزرقاء,,,,locality,,DZ-12,Ain Zerga ⵄⵉⵏ ⵣⵣⴻⵔⴳⴰ عين الزرقاء,,,,,region,1,DZ-12,Tébessa,HIGH,1.0,DZ-12
Algeria,Hammamet,Tébessa,,,20148,Commune,,,#N/A,2008,TébessaAlgeria,locality,,DZ-12,Hammamet ⵍⵃⴻⵎⵎⴰⵎⴰⵜ الحمامات,,,,locality,,DZ-12,Hammamet ⵍⵃⴻⵎⵎⴰⵎⴰⵜ الحمامات,,,,,region,1,DZ-12,Tébessa,HIGH,1.0,DZ-12
Algeria,El Ogla,Tébessa,,,17797,Commune,,,#N/A,2008,TébessaAlgeria,county,2,DZ-12,daïra El Ogla,,,,county,2,DZ-12,daïra El Ogla,,,,,region,1,DZ-12,Tébessa,HIGH,1.0,DZ-12
Algeria,El Kouif,Tébessa,,,17319,Commune,,,#N/A,2008,TébessaAlgeria,county,2,DZ-12,daïra El Kouif,,,,county,2,DZ-12,daïra El Kouif,,,,,region,1,DZ-12,Tébessa,HIGH,1.0,DZ-12
Algeria,Morsott,Tébessa,,,17238,Commune,,,#N/A,2008,TébessaAlgeria,county,2,DZ-12,daïra Morsott,,,,county,2,DZ-12,daïra Morsott,,,,,region,1,DZ-12,Tébessa,HIGH,1.0,DZ-12
Algeria,Bir Mokkadem,Tébessa,,,12907,Commune,,,#N/A,2008,TébessaAlgeria,locality,,DZ-12,Bir Mokkadem ⴱⵉⵔ ⵎⵇⴻⴷⴷⴻⵎ بٔير المقدم,,,,locality,,DZ-12,Bir Mokkadem ⴱⵉⵔ ⵎⵇⴻⴷⴷⴻⵎ بٔير المقدم,,,,,region,1,DZ-12,Tébessa,HIGH,1.0,DZ-12
Algeria,El Meridj,Tébessa,,,11713,Commune,,,#N/A,2008,TébessaAlgeria,locality,,DZ-12,El Meridj ⵍⴻⵎⵔⵉⴵ المريج,,,,locality,,DZ-12,El Meridj ⵍⴻⵎⵔⵉⴵ المريج,,,,,region,1,DZ-12,Tébessa,HIGH,1.0,DZ-12
Algeria,El Ma Labiodh,Tébessa,,,11397,Commune,,,#N/A,2008,TébessaAlgeria,county,2,DZ-12,Daïra El Ma Labiodh,,,,county,2,DZ-12,Daïra El Ma Labiodh,,,,,region,1,DZ-12,Tébessa,HIGH,1.0,DZ-12
Algeria,Boukhadra,Tébessa,,,10701,Commune,,,#N/A,2008,TébessaAlgeria,locality,,DZ-12,Boukhadra ⴱⵓⵅⴻⴹⵔⴰ بوخضرة,,,,locality,,DZ-12,Boukhadra ⴱⵓⵅⴻⴹⵔⴰ بوخضرة,,,,,region,1,DZ-12,Tébessa,HIGH,1.0,DZ-12
Algeria,Tlidjene,Tébessa,,,10286,Commune,,,#N/A,2008,TébessaAlgeria,locality,,DZ-12,Tlidjene ⵜⵍⵉⴵⴻⵏ ثليجان,,,,locality,,DZ-12,Tlidjene ⵜⵍⵉⴵⴻⵏ ثليجان,,,,,region,1,DZ-12,Tébessa,HIGH,1.0,DZ-12
Algeria,Bekkaria,Tébessa,,,9917,Commune,,,#N/A,2008,TébessaAlgeria,locality,,DZ-12,Bekkaria ⴱⴻⴽⴽⴰⵔⵉⵢⴰ بكارية,,,,locality,,DZ-12,Bekkaria ⴱⴻⴽⴽⴰⵔⵉⵢⴰ بكارية,,,,,region,1,DZ-12,Tébessa,HIGH,1.0,DZ-12
Algeria,Negrine,Tébessa,,,9445,Commune,,,#N/A,2008,TébessaAlgeria,locality,,DZ-12,Negrine ⵏⴻⴳⵔⵉⵏ نقرين,,,,locality,,DZ-12,Negrine ⵏⴻⴳⵔⵉⵏ نقرين,,,,,region,1,DZ-12,Tébessa,HIGH,1.0,DZ-12
Algeria,Bir Dheb,Tébessa,,,7181,Commune,,,#N/A,2008,TébessaAlgeria,locality,,DZ-12,Bir Dheb ⴱⵉⵔ ⴷⵀⴻⴱ بٔير الذھب,,,,locality,,DZ-12,Bir Dheb ⴱⵉⵔ ⴷⵀⴻⴱ بٔير الذھب,,,,,region,1,DZ-12,Tébessa,HIGH,1.0,DZ-12
Algeria,Safsaf El Ouesra,Tébessa,,,6074,Commune,,,#N/A,2008,TébessaAlgeria,locality,,DZ-12,Safsaf El Ouesra ⵙⴻⴼⵚⴰⴼ ⵍⵡⴻⵙⵔⴰ صفصاف الوسرة,,,,locality,,DZ-12,Safsaf El Ouesra ⵙⴻⴼⵚⴰⴼ ⵍⵡⴻⵙⵔⴰ صفصاف الوسرة,,,,,region,1,DZ-12,Tébessa,HIGH,1.0,DZ-12
Algeria,Ogla Melha,Tébessa,,,5899,Commune,,,#N/A,2008,TébessaAlgeria,locality,,DZ-12,Ogla Melha ⵍⵄⴻⵇⵍⴰ ⵍⵎⴰⵍⵃⴰ العقلة المالحة,,,,locality,,DZ-12,Ogla Melha ⵍⵄⴻⵇⵍⴰ ⵍⵎⴰⵍⵃⴰ العقلة المالحة,,,,,region,1,DZ-12,Tébessa,HIGH,1.0,DZ-12
Algeria,Guorriguer,Tébessa,,,5415,Commune,,,#N/A,2008,TébessaAlgeria,locality,,DZ-12,Guorriguer ⴳⵓⵔⵉⴳⴻⵔ قوريقر,,,,locality,,DZ-12,Guorriguer ⴳⵓⵔⵉⴳⴻⵔ قوريقر,,,,,region,1,DZ-12,Tébessa,HIGH,1.0,DZ-12
Algeria,Ferkane,Tébessa,,,5370,Commune,,,#N/A,2008,TébessaAlgeria,locality,,DZ-12,Ferkane ⴼⴻⵔⴽⴰⵏ فركان,,,,locality,,DZ-12,Ferkane ⴼⴻⵔⴽⴰⵏ فركان,,,,,region,1,DZ-12,Tébessa,HIGH,1.0,DZ-12
Algeria,El Houidjbet,Tébessa,,,4771,Commune,,,#N/A,2008,TébessaAlgeria,locality,,DZ-12,El Houidjbet ⵍⴻⵃⵡⵉⴵⴱⴰⵜ الحويجبات,,,,locality,,DZ-12,El Houidjbet ⵍⴻⵃⵡⵉⴵⴱⴰⵜ الحويجبات,,,,,region,1,DZ-12,Tébessa,HIGH,1.0,DZ-12
Algeria,Boulhaf Dir,Tébessa,,,4741,Commune,,,#N/A,2008,TébessaAlgeria,locality,,DZ-12,Boulhaf Dir ⴱⵓⵍⵃⴰⴼ ⴷⴷⵉⵔ بولحاف الدير,,,,locality,,DZ-12,Boulhaf Dir ⴱⵓⵍⵃⴰⴼ ⴷⴷⵉⵔ بولحاف الدير,,,,,region,1,DZ-12,Tébessa,HIGH,1.0,DZ-12
Algeria,Bedjene,Tébessa,,,4505,Commune,,,#N/A,2008,TébessaAlgeria,locality,,DZ-12,Bedjene ⴱⴻⴵⴻⵏ بجن,,,,locality,,DZ-12,Bedjene ⴱⴻⴵⴻⵏ بجن,,,,,region,1,DZ-12,Tébessa,HIGH,1.0,DZ-12
Algeria,El Mezeraa,Tébessa,,,4251,Commune,,,#N/A,2008,TébessaAlgeria,locality,,DZ-12,El Mezeraa ⵍⵎⴰⵣⵔⴰⵄⴰ المزرعة,,,,locality,,DZ-12,El Mezeraa ⵍⵎⴰⵣⵔⴰⵄⴰ المزرعة,,,,,region,1,DZ-12,Tébessa,HIGH,1.0,DZ-12
Algeria,Oum Ali,Tébessa,,,3744,Commune,,,#N/A,2008,TébessaAlgeria,county,2,DZ-12,Daïra Oum Ali,,,,county,2,DZ-12,Daïra Oum Ali,,,,,region,1,DZ-12,Tébessa,HIGH,1.0,DZ-12
Algeria,Stah Guentis,Tébessa,,,3689,Commune,,,#N/A,2008,TébessaAlgeria,locality,,DZ-12,Stah Guentis ⵙⵟⴻⵃ ⴳⴻⵏⵜⵉⵙ سطح قنطيس,,,,locality,,DZ-12,Stah Guentis ⵙⵟⴻⵃ ⴳⴻⵏⵜⵉⵙ سطح قنطيس,,,,,region,1,DZ-12,Tébessa,HIGH,1.0,DZ-12
Algeria,Tiaret,Tiaret,,,201263,Province Capital,Tiaret,,Tiaret,2008,TiaretAlgeria,county,2,DZ-14,Daïra Tiaret,,,,region,1,DZ-14,Tiaret,,,,,region,1,DZ-14,Tiaret,HIGH,1.0,DZ-14
Algeria,Sougueur,Tiaret,,,78956,Commune,,,#N/A,2008,TiaretAlgeria,locality,,DZ-14,Sougueur ⵙⵓⴳⴻⵔ السوقر,,,,locality,,DZ-14,Sougueur ⵙⵓⴳⴻⵔ السوقر,,,,,region,1,DZ-14,Tiaret,HIGH,1.0,DZ-14
Algeria,Frenda,Tiaret,,,54162,Commune,,,#N/A,2008,TiaretAlgeria,locality,,DZ-14,Frenda ⴼⵔⴻⵏⴷⴰ فرندة,,,,locality,,DZ-14,Frenda ⴼⵔⴻⵏⴷⴰ فرندة,,,,,region,1,DZ-14,Tiaret,HIGH,1.0,DZ-14
Algeria,Ksar Chellala,Tiaret,,,52753,Commune,,,#N/A,2008,TiaretAlgeria,county,2,DZ-14,daïra Ksar Chellala,,,,county,2,DZ-14,daïra Ksar Chellala,,,,,region,1,DZ-14,Tiaret,HIGH,1.0,DZ-14
Algeria,Takhemaret,Tiaret,,,34124,Commune,,,#N/A,2008,TiaretAlgeria,locality,,DZ-14,Takhemaret ⵜⴰⵅⵎⴻⵔⵜ تاخمرت,,,,locality,,DZ-14,Takhemaret ⵜⴰⵅⵎⴻⵔⵜ تاخمرت,,,,,region,1,DZ-14,Tiaret,HIGH,1.0,DZ-14
Algeria,Mahdia,Tiaret,,,33082,Commune,,,#N/A,2008,TiaretAlgeria,county,2,DZ-14,daïra Mahdia,,,,county,2,DZ-14,daïra Mahdia,,,,,region,1,DZ-14,Tiaret,HIGH,1.0,DZ-14
Algeria,Aïn Deheb,Tiaret,,,28595,Commune,,,#N/A,2008,TiaretAlgeria,locality,,DZ-14,Aïn Deheb ⵄⵉⵏ ⴷⵀⴻⴱ عين الذهب,,,,locality,,DZ-14,Aïn Deheb ⵄⵉⵏ ⴷⵀⴻⴱ عين الذهب,,,,,region,1,DZ-14,Tiaret,HIGH,1.0,DZ-14
Algeria,Rahouia,Tiaret,,,24983,Commune,,,#N/A,2008,TiaretAlgeria,locality,,DZ-14,Rahouia ⵔⴻⵃⵡⵉⵢⵢⴰ رحوية,,,,locality,,DZ-14,Rahouia ⵔⴻⵃⵡⵉⵢⵢⴰ رحوية,,,,,region,1,DZ-14,Tiaret,HIGH,1.0,DZ-14
Algeria,Dahmouni,Tiaret,,,20380,Commune,,,#N/A,2008,TiaretAlgeria,county,2,DZ-14,daïra Dahmouni,,,,county,2,DZ-14,daïra Dahmouni,,,,,region,1,DZ-14,Tiaret,HIGH,1.0,DZ-14
Algeria,Rechaiga,Tiaret,,,19830,Commune,,,#N/A,2008,TiaretAlgeria,locality,,DZ-14,Rechaiga ⵔⵛⴰⵢⴳⴰ الرشايقة,,,,locality,,DZ-14,Rechaiga ⵔⵛⴰⵢⴳⴰ الرشايقة,,,,,region,1,DZ-14,Tiaret,HIGH,1.0,DZ-14
Algeria,Zmalet El Emir Abdelkader,Tiaret,,,18722,Commune,,,#N/A,2008,TiaretAlgeria,locality,,DZ-14,Zmalet El Emir Abdelkader ⵄⴻⴱⴷⴻⵍⵇⴰⴷⴻⵔ زمالة الأمير عبد القادر,,,,locality,,DZ-14,Zmalet El Emir Abdelkader ⵄⴻⴱⴷⴻⵍⵇⴰⴷⴻⵔ زمالة الأمير عبد القادر,,,,,region,1,DZ-14,Tiaret,HIGH,1.0,DZ-14
Algeria,Aïn Kermes,Tiaret,,,17541,Commune,,,#N/A,2008,TiaretAlgeria,county,2,DZ-14,daïra Aïn Kermes,,,,county,2,DZ-14,daïra Aïn Kermes,,,,,region,1,DZ-14,Tiaret,HIGH,1.0,DZ-14
Algeria,Hamadia,Tiaret,,,16463,Commune,,,#N/A,2008,TiaretAlgeria,county,2,DZ-14,daïra Hamadia,,,,county,2,DZ-14,daïra Hamadia,,,,,region,1,DZ-14,Tiaret,HIGH,1.0,DZ-14
Algeria,Mechraa Safa,Tiaret,,,16077,Commune,,,#N/A,2008,TiaretAlgeria,county,2,DZ-14,Daïra Mechraa Safa,,,,county,2,DZ-14,Daïra Mechraa Safa,,,,,region,1,DZ-14,Tiaret,HIGH,1.0,DZ-14
Algeria,Aïn El Hadid,Tiaret,,,15482,Commune,,,#N/A,2008,TiaretAlgeria,locality,,DZ-14,Aïn El Hadid ⵄⵉⵏ ⵍⴻⵃⴷⵉⴷ عين الحديد,,,,locality,,DZ-14,Aïn El Hadid ⵄⵉⵏ ⵍⴻⵃⴷⵉⴷ عين الحديد,,,,,region,1,DZ-14,Tiaret,HIGH,1.0,DZ-14
Algeria,Medrissa,Tiaret,,,15293,Commune,,,#N/A,2008,TiaretAlgeria,locality,,DZ-14,Medrissa ⵎⴻⴷⵔⵉⵙⴰ مدريسة,,,,locality,,DZ-14,Medrissa ⵎⴻⴷⵔⵉⵙⴰ مدريسة,,,,,region,1,DZ-14,Tiaret,HIGH,1.0,DZ-14
Algeria,Aïn Bouchekif,Tiaret,,,15022,Commune,,,#N/A,2008,TiaretAlgeria,locality,,DZ-14,Aïn Bouchekif ⵄⵉⵏ ⴱⵓⵛⵇⵉⴼ عين بوشقيف,,,,locality,,DZ-14,Aïn Bouchekif ⵄⵉⵏ ⴱⵓⵛⵇⵉⴼ عين بوشقيف,,,,,region,1,DZ-14,Tiaret,HIGH,1.0,DZ-14
Algeria,Mellakou,Tiaret,,,13107,Commune,,,#N/A,2008,TiaretAlgeria,locality,,DZ-14,Mellakou ⵎⴻⵍⵍⴰⴽⵓ ملاكو,,,,locality,,DZ-14,Mellakou ⵎⴻⵍⵍⴰⴽⵓ ملاكو,,,,,region,1,DZ-14,Tiaret,HIGH,1.0,DZ-14
Algeria,Oued Lilli,Tiaret,,,12574,Commune,,,#N/A,2008,TiaretAlgeria,locality,,DZ-14,Oued Lilli ⵡⴰⴷ ⵍⵉⵍⵉ وادى ليلى,,,,locality,,DZ-14,Oued Lilli ⵡⴰⴷ ⵍⵉⵍⵉ وادى ليلى,,,,,region,1,DZ-14,Tiaret,HIGH,1.0,DZ-14
Algeria,Tousnina,Tiaret,,,12421,Commune,,,#N/A,2008,TiaretAlgeria,locality,,DZ-14,Tousnina ⵜⵓⵙⵏⵉⵢⴰ توسنينة,,,,locality,,DZ-14,Tousnina ⵜⵓⵙⵏⵉⵢⴰ توسنينة,,,,,region,1,DZ-14,Tiaret,HIGH,1.0,DZ-14
Algeria,Medroussa,Tiaret,,,11428,Commune,,,#N/A,2008,TiaretAlgeria,locality,,DZ-14,Medroussa ⵎⴻⴷⵔⵓⵙⴰ مدروسة,,,,locality,,DZ-14,Medroussa ⵎⴻⴷⵔⵓⵙⴰ مدروسة,,,,,region,1,DZ-14,Tiaret,HIGH,1.0,DZ-14
Algeria,Sebaïne,Tiaret,,,10763,Commune,,,#N/A,2008,TiaretAlgeria,locality,,DZ-14,Sebaïne ⵙⴻⴱⵄⵉⵏ سبعين,,,,locality,,DZ-14,Sebaïne ⵙⴻⴱⵄⵉⵏ سبعين,,,,,region,1,DZ-14,Tiaret,HIGH,1.0,DZ-14
Algeria,Si Abdelghani,Tiaret,,,9273,Commune,,,#N/A,2008,TiaretAlgeria,locality,,DZ-14,Si Abdelghani ⵙⵉⴷⵉ ⵄⴻⴱⴷⴻⵍⵖⴰⵏⵉ سيدي عبد الغنى,,,,locality,,DZ-14,Si Abdelghani ⵙⵉⴷⵉ ⵄⴻⴱⴷⴻⵍⵖⴰⵏⵉ سيدي عبد الغنى,,,,,region,1,DZ-14,Tiaret,HIGH,1.0,DZ-14
Algeria,Sidi Abderrahmane,Tiaret,,,8350,Commune,,,#N/A,2008,TiaretAlgeria,locality,,DZ-14,Sidi Abderrahmane ⵙⵉⴷⵉ ⵄⴻⴱⴷⴻⵔⵔⴻⵃⵎⴰⵏ سيدي عبد الرحمان,,,,locality,,DZ-14,Sidi Abderrahmane ⵙⵉⴷⵉ ⵄⴻⴱⴷⴻⵔⵔⴻⵃⵎⴰⵏ سيدي عبد الرحمان,,,,,region,1,DZ-14,Tiaret,HIGH,1.0,DZ-14
Algeria,Sidi Hosni,Tiaret,,,8325,Commune,,,#N/A,2008,TiaretAlgeria,locality,,DZ-14,Sidi Hosni ⵙⵉⴷⵉ ⵍⵃⴻⵙⵏⵉ سيدي الحسني,,,,locality,,DZ-14,Sidi Hosni ⵙⵉⴷⵉ ⵍⵃⴻⵙⵏⵉ سيدي الحسني,,,,,region,1,DZ-14,Tiaret,HIGH,1.0,DZ-14
Algeria,Chehaima,Tiaret,,,8181,Commune,,,#N/A,2008,TiaretAlgeria,locality,,DZ-14,Chehaima ⵛⵃⵉⵎⴰ شحيمة,,,,locality,,DZ-14,Chehaima ⵛⵃⵉⵎⴰ شحيمة,,,,,region,1,DZ-14,Tiaret,HIGH,1.0,DZ-14
Algeria,Aïn Zarit,Tiaret,,,8139,Commune,,,#N/A,2008,TiaretAlgeria,locality,,DZ-14,Aïn Zarit ⵄⵉⵏ ⵥⴰⵔⵉⵜ عين دزاريت,,,,locality,,DZ-14,Aïn Zarit ⵄⵉⵏ ⵥⴰⵔⵉⵜ عين دزاريت,,,,,region,1,DZ-14,Tiaret,HIGH,1.0,DZ-14
Algeria,Naima,Tiaret,,,7569,Commune,,,#N/A,2008,TiaretAlgeria,locality,,DZ-14,Naima ⵏⵄⵉⵎⴰ النعيمة,,,,locality,,DZ-14,Naima ⵏⵄⵉⵎⴰ النعيمة,,,,,region,1,DZ-14,Tiaret,HIGH,1.0,DZ-14
Algeria,Nadorah,Tiaret,,,7559,Commune,,,#N/A,2008,TiaretAlgeria,locality,,DZ-14,Nadorah ⵏⵏⴰⴹⵓⵔⴰ الناظورة,,,,locality,,DZ-14,Nadorah ⵏⵏⴰⴹⵓⵔⴰ الناظورة,,,,,region,1,DZ-14,Tiaret,HIGH,1.0,DZ-14
Algeria,Sidi Bakhti,Tiaret,,,7247,Commune,,,#N/A,2008,TiaretAlgeria,locality,,DZ-14,Sidi Bakhti ⵙⵉⴷⵉ ⴱⴻⵅⵜⵉ سيدي بختي,,,,locality,,DZ-14,Sidi Bakhti ⵙⵉⴷⵉ ⴱⴻⵅⵜⵉ سيدي بختي,,,,,region,1,DZ-14,Tiaret,HIGH,1.0,DZ-14
Algeria,Sidi Ali Mellal,Tiaret,,,7193,Commune,,,#N/A,2008,TiaretAlgeria,locality,,DZ-14,Sidi Ali Mellal ⵙⵉⴷⵉ ⵄⵍⵉ ⵎⴻⵍⵍⴰⵍ سيدي علي ملال,,,,locality,,DZ-14,Sidi Ali Mellal ⵙⵉⴷⵉ ⵄⵍⵉ ⵎⴻⵍⵍⴰⵍ سيدي علي ملال,,,,,region,1,DZ-14,Tiaret,HIGH,1.0,DZ-14
Algeria,Bougara,Tiaret,,,7047,Commune,,,#N/A,2008,TiaretAlgeria,locality,,DZ-14,Bougara ⴱⵓⴳⴻⵔⵔⴰ بوقرة,,,,locality,,DZ-14,Bougara ⴱⵓⴳⴻⵔⵔⴰ بوقرة,,,,,region,1,DZ-14,Tiaret,HIGH,1.0,DZ-14
Algeria,Faidja,Tiaret,,,6794,Commune,,,#N/A,2008,TiaretAlgeria,locality,,DZ-14,Faidja ⵍⴼⴰⵢⴵⴰ الفايجة,,,,locality,,DZ-14,Faidja ⵍⴼⴰⵢⴵⴰ الفايجة,,,,,region,1,DZ-14,Tiaret,HIGH,1.0,DZ-14
Algeria,Guertoufa,Tiaret,,,6658,Commune,,,#N/A,2008,TiaretAlgeria,locality,,DZ-14,Guertoufa ⴳⴻⵔⵟⵓⴼⴰ قرطوفة,,,,locality,,DZ-14,Guertoufa ⴳⴻⵔⵟⵓⴼⴰ قرطوفة,,,,,region,1,DZ-14,Tiaret,HIGH,1.0,DZ-14
Algeria,Djillali Ben Amar,Tiaret,,,5443,Commune,,,#N/A,2008,TiaretAlgeria,locality,,DZ-14,Djillali Ben Amar ⴵⵉⵍⴰⵍⵉ ⴱⴻⵏ ⵄⴻⵎⵎⴰⵔ جيلالي بن عمار,,,,locality,,DZ-14,Djillali Ben Amar ⴵⵉⵍⴰⵍⵉ ⴱⴻⵏ ⵄⴻⵎⵎⴰⵔ جيلالي بن عمار,,,,,region,1,DZ-14,Tiaret,HIGH,1.0,DZ-14
Algeria,Serghine,Tiaret,,,5316,Commune,,,#N/A,2008,TiaretAlgeria,locality,,DZ-14,Serghine ⵙⴻⵔⵖⵉⵏ سرغين,,,,locality,,DZ-14,Serghine ⵙⴻⵔⵖⵉⵏ سرغين,,,,,region,1,DZ-14,Tiaret,HIGH,1.0,DZ-14
Algeria,Djebilet Rosfa,Tiaret,,,4930,Commune,,,#N/A,2008,TiaretAlgeria,locality,,DZ-14,Djebilet Rosfa ⴵⴱⵉⵍⴻⵜ ⵔⵓⵙⴼⴰ جبيلات رصفة,,,,locality,,DZ-14,Djebilet Rosfa ⴵⴱⵉⵍⴻⵜ ⵔⵓⵙⴼⴰ جبيلات رصفة,,,,,region,1,DZ-14,Tiaret,HIGH,1.0,DZ-14
Algeria,Tagdemt,Tiaret,,,4543,Commune,,,#N/A,2008,TiaretAlgeria,locality,,DZ-14,Tagdemt ⵜⴰⴳⴷⴻⵎⵜ تاقدمت,,,,locality,,DZ-14,Tagdemt ⵜⴰⴳⴷⴻⵎⵜ تاقدمت,,,,,region,1,DZ-14,Tiaret,HIGH,1.0,DZ-14
Algeria,Tidda,Tiaret,,,3669,Commune,,,#N/A,2008,TiaretAlgeria,locality,,DZ-14,Tidda ⵜⵉⴷⴰ تيدة,,,,locality,,DZ-14,Tidda ⵜⵉⴷⴰ تيدة,,,,,region,1,DZ-14,Tiaret,HIGH,1.0,DZ-14
Algeria,Meghila,Tiaret,,,3062,Commune,,,#N/A,2008,TiaretAlgeria,county,2,DZ-14,daïra Meghila,,,,county,2,DZ-14,daïra Meghila,,,,,region,1,DZ-14,Tiaret,HIGH,1.0,DZ-14
Algeria,Madna,Tiaret,,,2935,Commune,,,#N/A,2008,TiaretAlgeria,locality,,DZ-14,Madna,,,,locality,,DZ-14,Madna,,,,,region,1,DZ-14,Tiaret,HIGH,1.0,DZ-14
Algeria,Sebt,Tiaret,,,1569,Commune,,,#N/A,2008,TiaretAlgeria,locality,,DZ-14,Sebt ⵙⵙⴻⴱⵜ السبت,,,,locality,,DZ-14,Sebt ⵙⵙⴻⴱⵜ السبت,,,,,region,1,DZ-14,Tiaret,HIGH,1.0,DZ-14
Algeria,Timimoun,Timimoun,,,33060,Commune,,,#N/A,2008,TimimounAlgeria,,,,,,,,region,1,DZ-49,Timimoune,,,,,region,1,DZ-49,Timimoune,HIGH,1.0,DZ-49
Algeria,Tinerkouk,Timimoun,,,15980,Commune,,,#N/A,2008,TimimounAlgeria,locality,,DZ-49,Tinerkouk,,,,locality,,DZ-49,Tinerkouk,,,,,region,1,DZ-49,Timimoune,HIGH,1.0,DZ-49
Algeria,Aougrout,Timimoun,,,11784,Commune,,,#N/A,2008,TimimounAlgeria,locality,,DZ-49,أوقروت,,,,locality,,DZ-49,أوقروت,,,,,region,1,DZ-49,Timimoune,HIGH,1.0,DZ-49
Algeria,Charouine,Timimoun,,,11347,Commune,,,#N/A,2008,TimimounAlgeria,locality,,DZ-49,Charouine,,,,locality,,DZ-49,Charouine,,,,,region,1,DZ-49,Timimoune,HIGH,1.0,DZ-49
Algeria,Tindouf,Tindouf,,,45966,Province Capital,,,#N/A,2008,TindoufAlgeria,,,,,,,,region,1,DZ-37,Tindouf,,,,,region,1,DZ-37,Tindouf,HIGH,1.0,DZ-37
Algeria,Oum El Assel,Tindouf,,,3183,Commune,,,#N/A,2008,TindoufAlgeria,locality,,DZ-37,أم العسل,,,,locality,,DZ-37,أم العسل,,,,,region,1,DZ-37,Tindouf,HIGH,1.0,DZ-37
Algeria,Koléa,Tipaza,,,54401,Commune,,,#N/A,2008,TipazaAlgeria,county,2,DZ-42,Daïra Koléa,,,,county,2,DZ-42,Daïra Koléa,,,,,region,1,DZ-42,Tipaza,HIGH,1.0,DZ-42
Algeria,Fouka,Tipaza,,,48959,Commune,,,#N/A,2008,TipazaAlgeria,locality,,DZ-42,Fouka ⴼⵓⴽⴰ فوكة,,,,locality,,DZ-42,Fouka ⴼⵓⴽⴰ فوكة,,,,,region,1,DZ-42,Tipaza,HIGH,1.0,DZ-42
Algeria,Hadjout,Tipaza,,,48561,Commune,,,#N/A,2008,TipazaAlgeria,locality,,DZ-42,Hadjout ⵃⴻⴵⴵⵓⵟ حجوط,,,,locality,,DZ-42,Hadjout ⵃⴻⴵⴵⵓⵟ حجوط,,,,,region,1,DZ-42,Tipaza,HIGH,1.0,DZ-42
Algeria,Cherchell,Tipaza,,,48056,Commune,,,#N/A,2008,TipazaAlgeria,county,2,DZ-42,Daïra Cherchell,,,,county,2,DZ-42,Daïra Cherchell,,,,,region,1,DZ-42,Tipaza,HIGH,1.0,DZ-42
Algeria,Bou Ismaïl,Tipaza,,,41684,Commune,,,#N/A,2008,TipazaAlgeria,locality,,DZ-42,Bou Ismaïl ⴱⵓⵙⵎⴰⵄⵉⵍ بو إسماعيل,,,,locality,,DZ-42,Bou Ismaïl ⴱⵓⵙⵎⴰⵄⵉⵍ بو إسماعيل,,,,,region,1,DZ-42,Tipaza,HIGH,1.0,DZ-42
Algeria,Ahmar El Aïn,Tipaza,,,29566,Commune,,,#N/A,2008,TipazaAlgeria,locality,,DZ-42,Ahmer El Aïn ⵃⵎⴻⵔ ⵍⵄⵉⵏ حمر العين,,,,locality,,DZ-42,Ahmer El Aïn ⵃⵎⴻⵔ ⵍⵄⵉⵏ حمر العين,,,,,region,1,DZ-42,Tipaza,HIGH,1.0,DZ-42
Algeria,Attatba,Tipaza,,,27059,Commune,,,#N/A,2008,TipazaAlgeria,locality,,DZ-42,Attatba ⵃⵟⴰⵟⴱⴰ حطاطبة,,,,locality,,DZ-42,Attatba ⵃⵟⴰⵟⴱⴰ حطاطبة,,,,,region,1,DZ-42,Tipaza,HIGH,1.0,DZ-42
Algeria,Menaceur,Tipaza,,,25480,Commune,,,#N/A,2008,TipazaAlgeria,locality,,DZ-42,Menaceur ⵎⴻⵏⵏⴰⵚⴻⵔ مناصر,,,,locality,,DZ-42,Menaceur ⵎⴻⵏⵏⴰⵚⴻⵔ مناصر,,,,,region,1,DZ-42,Tipaza,HIGH,1.0,DZ-42
Algeria,Tipaza,Tipaza,,,25225,Province Capital,,,#N/A,2008,TipazaAlgeria,,,,,,,,region,1,DZ-42,Tipaza,,,,,region,1,DZ-42,Tipaza,HIGH,1.0,DZ-42
Algeria,Douaouda,Tipaza,,,22408,Commune,,,#N/A,2008,TipazaAlgeria,locality,,DZ-42,Douaouda ⴷⵡⴰⵡⴷⴰ دواودة,,,,locality,,DZ-42,Douaouda ⴷⵡⴰⵡⴷⴰ دواودة,,,,,region,1,DZ-42,Tipaza,HIGH,1.0,DZ-42
Algeria,Bourkika,Tipaza,,,22118,Commune,,,#N/A,2008,TipazaAlgeria,locality,,DZ-42,Bourkika ⴱⵓⵔⵇⵉⵇⴰ بورقيقة,,,,locality,,DZ-42,Bourkika ⴱⵓⵔⵇⵉⵇⴰ بورقيقة,,,,,region,1,DZ-42,Tipaza,HIGH,1.0,DZ-42
Algeria,Chaiba,Tipaza,,,20427,Commune,,,#N/A,2008,TipazaAlgeria,locality,,DZ-42,Chaïba ⵛⵄⵉⴱⴰ الشعيبة,,,,locality,,DZ-42,Chaïba ⵛⵄⵉⴱⴰ الشعيبة,,,,,region,1,DZ-42,Tipaza,HIGH,1.0,DZ-42
Algeria,Gouraya,Tipaza,,,20144,Commune,,,#N/A,2008,TipazaAlgeria,county,2,DZ-42,Daïra Gouraya,,,,county,2,DZ-42,Daïra Gouraya,,,,,region,1,DZ-42,Tipaza,HIGH,1.0,DZ-42
Algeria,Merad,Tipaza,,,19916,Commune,,,#N/A,2008,TipazaAlgeria,locality,,DZ-42,Merad ⵎⴻⵔⵔⴰⴷ مراد,,,,locality,,DZ-42,Merad ⵎⴻⵔⵔⴰⴷ مراد,,,,,region,1,DZ-42,Tipaza,HIGH,1.0,DZ-42
Algeria,Damous,Tipaza,,,17111,Commune,,,#N/A,2008,TipazaAlgeria,locality,,DZ-42,Damous ⴷⴷⴰⵎⵓⵙ الداموس,,,,locality,,DZ-42,Damous ⴷⴷⴰⵎⵓⵙ الداموس,,,,,region,1,DZ-42,Tipaza,HIGH,1.0,DZ-42
Algeria,Sidi Ghiles,Tipaza,,,15281,Commune,,,#N/A,2008,TipazaAlgeria,locality,,DZ-42,Sidi Ghiles ⵙⵉⴷⵉ ⵖⵉⵍⴰⵙ سيدي غيلاس,,,,locality,,DZ-42,Sidi Ghiles ⵙⵉⴷⵉ ⵖⵉⵍⴰⵙ سيدي غيلاس,,,,,region,1,DZ-42,Tipaza,HIGH,1.0,DZ-42
Algeria,Khemisti,Tipaza,,,15128,Commune,,,#N/A,2008,TipazaAlgeria,locality,,DZ-42,Khemisti ⵅⵎⵉⵙⵜⵉ خميستي,,,,locality,,DZ-42,Khemisti ⵅⵎⵉⵙⵜⵉ خميستي,,,,,region,1,DZ-42,Tipaza,HIGH,1.0,DZ-42
Algeria,Sidi Amar,Tipaza,,,13332,Commune,,,#N/A,2008,TipazaAlgeria,county,2,DZ-42,Daïra Sidi Amar,,,,county,2,DZ-42,Daïra Sidi Amar,,,,,region,1,DZ-42,Tipaza,HIGH,1.0,DZ-42
Algeria,Sidi Rached,Tipaza,,,11062,Commune,,,#N/A,2008,TipazaAlgeria,locality,,DZ-42,سيدي راشد,,,,locality,,DZ-42,سيدي راشد,,,,,region,1,DZ-42,Tipaza,HIGH,1.0,DZ-42
Algeria,Aïn Tagourait,Tipaza,,,10411,Commune,,,#N/A,2008,TipazaAlgeria,locality,,DZ-42,Aïn Tagourait ⵄⵉⵏ ⵜⴰⴳⵓⵔⴰⵢⵜ عين تقورايت,,,,locality,,DZ-42,Aïn Tagourait ⵄⵉⵏ ⵜⴰⴳⵓⵔⴰⵢⵜ عين تقورايت,,,,,region,1,DZ-42,Tipaza,HIGH,1.0,DZ-42
Algeria,Bouharoun,Tipaza,,,9922,Commune,,,#N/A,2008,TipazaAlgeria,locality,,DZ-42,Bou Haroun ⴱⵓⵀⴰⵔⵓⵏ بوهارون,,,,locality,,DZ-42,Bou Haroun ⴱⵓⵀⴰⵔⵓⵏ بوهارون,,,,,region,1,DZ-42,Tipaza,HIGH,1.0,DZ-42
Algeria,Nador,Tipaza,,,9588,Commune,,,#N/A,2008,TipazaAlgeria,locality,,DZ-42,Nador ⵏⵏⴰⴹⵓⵔ الناظور,,,,locality,,DZ-42,Nador ⵏⵏⴰⴹⵓⵔ الناظور,,,,,region,1,DZ-42,Tipaza,HIGH,1.0,DZ-42
Algeria,Beni Milleuk,Tipaza,,,8045,Commune,,,#N/A,2008,TipazaAlgeria,locality,,DZ-42,Beni Milleuk,,,,locality,,DZ-42,Beni Milleuk,,,,,region,1,DZ-42,Tipaza,HIGH,1.0,DZ-42
Algeria,Messelmoun,Tipaza,,,7564,Commune,,,#N/A,2008,TipazaAlgeria,locality,,DZ-42,Messelmoun ⵎⴻⵙⵙⴻⵍⵎⵓⵏ مسلمون,,,,locality,,DZ-42,Messelmoun ⵎⴻⵙⵙⴻⵍⵎⵓⵏ مسلمون,,,,,region,1,DZ-42,Tipaza,HIGH,1.0,DZ-42
Algeria,Larhat,Tipaza,,,7359,Commune,,,#N/A,2008,TipazaAlgeria,locality,,DZ-42,Larhat ⵍⴻⵔⵀⴰⵟ الأرهاط,,,,locality,,DZ-42,Larhat ⵍⴻⵔⵀⴰⵟ الأرهاط,,,,,region,1,DZ-42,Tipaza,HIGH,1.0,DZ-42
Algeria,Aghbal,Tipaza,,,7122,Commune,,,#N/A,2008,TipazaAlgeria,locality,,DZ-42,Aghbal ⴰⵖⴱⴰⵍ أغبال,,,,locality,,DZ-42,Aghbal ⴰⵖⴱⴰⵍ أغبال,,,,,region,1,DZ-42,Tipaza,HIGH,1.0,DZ-42
Algeria,Sidi Semiane,Tipaza,,,2930,Commune,,,#N/A,2008,TipazaAlgeria,locality,,DZ-42,Sidi Semiane ⵙⵉⴷⵉ ⵙⴻⵎⵢⴰⵏ سيدي سميان,,,,locality,,DZ-42,Sidi Semiane ⵙⵉⴷⵉ ⵙⴻⵎⵢⴰⵏ سيدي سميان,,,,,region,1,DZ-42,Tipaza,HIGH,1.0,DZ-42
Algeria,Hadjeret Ennous,Tipaza,,,2150,Commune,,,#N/A,2008,TipazaAlgeria,locality,,DZ-42,Hadjret Ennous ⵃⴻⴵⵔⴻⵜ ⵏⵏⴻⵚ حجرة النص,,,,locality,,DZ-42,Hadjret Ennous ⵃⴻⴵⵔⴻⵜ ⵏⵏⴻⵚ حجرة النص,,,,,region,1,DZ-42,Tipaza,HIGH,1.0,DZ-42
Algeria,Tissemsilt,Tissemsilt,,,75197,Province Capital,,,#N/A,2008,TissemsiltAlgeria,,,,,,,,region,1,DZ-38,Tissemsilt,,,,,region,1,DZ-38,Tissemsilt,HIGH,1.0,DZ-38
Algeria,Theniet El Had,Tissemsilt,,,30777,Commune,,,#N/A,2008,TissemsiltAlgeria,locality,,DZ-38,Theniet El Had ⵜⵏⵉⵢⴻⵜ ⵍⵃⴻⴷ ثنية الأحد,,,,locality,,DZ-38,Theniet El Had ⵜⵏⵉⵢⴻⵜ ⵍⵃⴻⴷ ثنية الأحد,,,,,region,1,DZ-38,Tissemsilt,HIGH,1.0,DZ-38
Algeria,Lardjem,Tissemsilt,,,25217,Commune,,,#N/A,2008,TissemsiltAlgeria,county,2,DZ-38,Daïra Lardjem,,,,county,2,DZ-38,Daïra Lardjem,,,,,region,1,DZ-38,Tissemsilt,HIGH,1.0,DZ-38
Algeria,Khemisti,Tissemsilt,,,22900,Commune,,,#N/A,2008,TissemsiltAlgeria,locality,,DZ-38,Khemisti ⵅⵎⵉⵙⵜⵉ خميستى,,,,locality,,DZ-38,Khemisti ⵅⵎⵉⵙⵜⵉ خميستى,,,,,region,1,DZ-38,Tissemsilt,HIGH,1.0,DZ-38
Algeria,Bordj Bou Naama,Tissemsilt,,,20864,Commune,,,#N/A,2008,TissemsiltAlgeria,locality,,DZ-38,Bordj Bou Naama ⴱⵓⵔⴵ ⴱⵓⵏⵄⴰⵎⴰ برج بونعامة,,,,locality,,DZ-38,Bordj Bou Naama ⴱⵓⵔⴵ ⴱⵓⵏⵄⴰⵎⴰ برج بونعامة,,,,,region,1,DZ-38,Tissemsilt,HIGH,1.0,DZ-38
Algeria,Layoune,Tissemsilt,,,20579,Commune,,,#N/A,2008,TissemsiltAlgeria,locality,,DZ-38,Laayoune ⵍⴻⵄⵢⵓⵏ العيون,,,,locality,,DZ-38,Laayoune ⵍⴻⵄⵢⵓⵏ العيون,,,,,region,1,DZ-38,Tissemsilt,HIGH,1.0,DZ-38
Algeria,Ouled Bessem,Tissemsilt,,,10839,Commune,,,#N/A,2008,TissemsiltAlgeria,locality,,DZ-38,Ouled Bessam ⵡⵍⴰⴷ ⴱⴻⵙⵙⴰⵎ أولاد بسام,,,,locality,,DZ-38,Ouled Bessam ⵡⵍⴰⴷ ⴱⴻⵙⵙⴰⵎ أولاد بسام,,,,,region,1,DZ-38,Tissemsilt,HIGH,1.0,DZ-38
Algeria,Bordj El Emir Abdelkader,Tissemsilt,,,10194,Commune,,,#N/A,2008,TissemsiltAlgeria,county,2,DZ-38,Daïra Bordj El Emir Abdelkader,,,,county,2,DZ-38,Daïra Bordj El Emir Abdelkader,,,,,region,1,DZ-38,Tissemsilt,HIGH,1.0,DZ-38
Algeria,Boucaid,Tissemsilt,,,8843,Commune,,,#N/A,2008,TissemsiltAlgeria,locality,,DZ-38,Boucaïd ⴱⵓⴳⴰⵢⴻⴷ بوقائد,,,,locality,,DZ-38,Boucaïd ⴱⵓⴳⴰⵢⴻⴷ بوقائد,,,,,region,1,DZ-38,Tissemsilt,HIGH,1.0,DZ-38
Algeria,Sidi Slimane,Tissemsilt,,,8461,Commune,,,#N/A,2008,TissemsiltAlgeria,locality,,DZ-38,Sidi Slimane ⵙⵉⴷⵉ ⵙⵍⵉⵎⴰⵏ سيدي سليمان,,,,locality,,DZ-38,Sidi Slimane ⵙⵉⴷⵉ ⵙⵍⵉⵎⴰⵏ سيدي سليمان,,,,,region,1,DZ-38,Tissemsilt,HIGH,1.0,DZ-38
Algeria,Lazharia,Tissemsilt,,,8071,Commune,,,#N/A,2008,TissemsiltAlgeria,county,2,DZ-38,Daïra Lazharia,,,,county,2,DZ-38,Daïra Lazharia,,,,,region,1,DZ-38,Tissemsilt,HIGH,1.0,DZ-38
Algeria,Ammari,Tissemsilt,,,7841,Commune,,,#N/A,2008,TissemsiltAlgeria,county,2,DZ-38,Daïra Ammari,,,,county,2,DZ-38,Daïra Ammari,,,,,region,1,DZ-38,Tissemsilt,HIGH,1.0,DZ-38
Algeria,Tamalaht,Tissemsilt,,,7645,Commune,,,#N/A,2008,TissemsiltAlgeria,locality,,DZ-38,Tamalaht ⵜⴰⵎⴻⵍⵍⴰⵃⵜ تاملاحت,,,,locality,,DZ-38,Tamalaht ⵜⴰⵎⴻⵍⵍⴰⵃⵜ تاملاحت,,,,,region,1,DZ-38,Tissemsilt,HIGH,1.0,DZ-38
Algeria,Sidi Lantri,Tissemsilt,,,6053,Commune,,,#N/A,2008,TissemsiltAlgeria,locality,,DZ-38,Sidi Lantri ⵙⵉⴷⵉ ⵍⵄⴻⵏⵜⵔⵉ سيدي العنترى,,,,locality,,DZ-38,Sidi Lantri ⵙⵉⴷⵉ ⵍⵄⴻⵏⵜⵔⵉ سيدي العنترى,,,,,region,1,DZ-38,Tissemsilt,HIGH,1.0,DZ-38
Algeria,Sidi Abed,Tissemsilt,,,5213,Commune,,,#N/A,2008,TissemsiltAlgeria,locality,,DZ-38,Sidi Abed ⵙⵉⴷⵉ ⵄⴰⴱⴻⴷ سيدي عابد,,,,locality,,DZ-38,Sidi Abed ⵙⵉⴷⵉ ⵄⴰⴱⴻⴷ سيدي عابد,,,,,region,1,DZ-38,Tissemsilt,HIGH,1.0,DZ-38
Algeria,Maacem,Tissemsilt,,,5027,Commune,,,#N/A,2008,TissemsiltAlgeria,locality,,DZ-38,Maacem ⵎⵄⴰⵚⴻⵎ المعاصم,,,,locality,,DZ-38,Maacem ⵎⵄⴰⵚⴻⵎ المعاصم,,,,,region,1,DZ-38,Tissemsilt,HIGH,1.0,DZ-38
Algeria,Beni Lahcene,Tissemsilt,,,4777,Commune,,,#N/A,2008,TissemsiltAlgeria,locality,,DZ-38,Beni Lahcene ⴱⴻⵏⵉ ⵍⴻⵃⵙⴻⵏ بنى لحسن,,,,locality,,DZ-38,Beni Lahcene ⴱⴻⵏⵉ ⵍⴻⵃⵙⴻⵏ بنى لحسن,,,,,region,1,DZ-38,Tissemsilt,HIGH,1.0,DZ-38
Algeria,Sidi Boutouchent,Tissemsilt,,,4224,Commune,,,#N/A,2008,TissemsiltAlgeria,locality,,DZ-38,Sidi Boutouchent ⵙⵉⴷⵉ ⴱⵓ ⵜⵓⵛⵛⴻⵏⵜ سيدي بوتوشنت,,,,locality,,DZ-38,Sidi Boutouchent ⵙⵉⴷⵉ ⴱⵓ ⵜⵓⵛⵛⴻⵏⵜ سيدي بوتوشنت,,,,,region,1,DZ-38,Tissemsilt,HIGH,1.0,DZ-38
Algeria,Beni Chaib,Tissemsilt,,,3494,Commune,,,#N/A,2008,TissemsiltAlgeria,locality,,DZ-38,Beni Chaib ⴱⴻⵏⵉ ⵛⵄⵉⴱ بنى شعيب,,,,locality,,DZ-38,Beni Chaib ⴱⴻⵏⵉ ⵛⵄⵉⴱ بنى شعيب,,,,,region,1,DZ-38,Tissemsilt,HIGH,1.0,DZ-38
Algeria,Melaab,Tissemsilt,,,3447,Commune,,,#N/A,2008,TissemsiltAlgeria,locality,,DZ-38,Melaab ⵎⴻⵍⵄⴻⴱ ملعب,,,,locality,,DZ-38,Melaab ⵎⴻⵍⵄⴻⴱ ملعب,,,,,region,1,DZ-38,Tissemsilt,HIGH,1.0,DZ-38
Algeria,Larbaâ,Tissemsilt,,,2560,Commune,,,#N/A,2008,TissemsiltAlgeria,locality,,DZ-38,Larbaâ ⵍⴰⵔⴻⴱⵄⴰ الاربعاء,,,,locality,,DZ-38,Larbaâ ⵍⴰⵔⴻⴱⵄⴰ الاربعاء,,,,,region,1,DZ-38,Tissemsilt,HIGH,1.0,DZ-38
Algeria,Youssoufia,Tissemsilt,,,2254,Commune,,,#N/A,2008,TissemsiltAlgeria,locality,,DZ-38,Youssoufia ⵢⵓⵙⵓⴼⵉⵢⴰ يوسوفية,,,,locality,,DZ-38,Youssoufia ⵢⵓⵙⵓⴼⵉⵢⴰ يوسوفية,,,,,region,1,DZ-38,Tissemsilt,HIGH,1.0,DZ-38
Algeria,Tizi Ouzou,Tizi Ouzou,,,135088,Province Capital,Tizi Ouzou,,Tizi Ouzou,2008,Tizi OuzouAlgeria,county,2,DZ-15,Daïra Tizi Ouzou,,,,region,1,DZ-15,Tizi Ouzou,,,,,region,1,DZ-15,Tizi Ouzou,HIGH,1.0,DZ-15
Algeria,Draâ El Mizan,Tizi Ouzou,,,38886,Commune,,,#N/A,2008,Tizi OuzouAlgeria,locality,,DZ-15,Draâ El Mizan,,,,locality,,DZ-15,Draâ El Mizan,,,,,region,1,DZ-15,Tizi Ouzou,HIGH,1.0,DZ-15
Algeria,Azazga,Tizi Ouzou,,,34683,Commune,,,#N/A,2008,Tizi OuzouAlgeria,county,2,DZ-15,Daïra Azazga,,,,county,2,DZ-15,Daïra Azazga,,,,,region,1,DZ-15,Tizi Ouzou,HIGH,1.0,DZ-15
Algeria,Maâtkas,Tizi Ouzou,,,32121,Commune,,,#N/A,2008,Tizi OuzouAlgeria,locality,,DZ-15,Mâatkas,,,,locality,,DZ-15,Mâatkas,,,,,region,1,DZ-15,Tizi Ouzou,HIGH,1.0,DZ-15
Algeria,Draâ Ben Khedda,Tizi Ouzou,,,31382,Commune,,,#N/A,2008,Tizi OuzouAlgeria,locality,,DZ-15,Draa Ben Khedda,,,,locality,,DZ-15,Draa Ben Khedda,,,,,region,1,DZ-15,Tizi Ouzou,HIGH,1.0,DZ-15
Algeria,Boghni,Tizi Ouzou,,,31263,Commune,,,#N/A,2008,Tizi OuzouAlgeria,locality,,DZ-15,Boghni,,,,locality,,DZ-15,Boghni,,,,,region,1,DZ-15,Tizi Ouzou,HIGH,1.0,DZ-15
Algeria,Tizi Gheniff,Tizi Ouzou,,,29399,Commune,,,#N/A,2008,Tizi OuzouAlgeria,locality,,DZ-15,Tizi Ghenif,,,,locality,,DZ-15,Tizi Ghenif,,,,,region,1,DZ-15,Tizi Ouzou,HIGH,1.0,DZ-15
Algeria,Larbaâ Nath Irathen,Tizi Ouzou,,,29376,Commune,,,#N/A,2008,Tizi OuzouAlgeria,locality,,DZ-15,Larbaa N'Aït Irathen,,,,locality,,DZ-15,Larbaa N'Aït Irathen,,,,,region,1,DZ-15,Tizi Ouzou,HIGH,1.0,DZ-15
Algeria,Timizart,Tizi Ouzou,,,28996,Commune,,,#N/A,2008,Tizi OuzouAlgeria,locality,,DZ-15,Timizart,,,,locality,,DZ-15,Timizart,,,,,region,1,DZ-15,Tizi Ouzou,HIGH,1.0,DZ-15
Algeria,Bouzguen,Tizi Ouzou,,,24311,Commune,,,#N/A,2008,Tizi OuzouAlgeria,locality,,DZ-15,Bouzguen,,,,locality,,DZ-15,Bouzguen,,,,,region,1,DZ-15,Tizi Ouzou,HIGH,1.0,DZ-15
Algeria,Mekla,Tizi Ouzou,,,24237,Commune,,,#N/A,2008,Tizi OuzouAlgeria,locality,,DZ-15,Mekla,,,,locality,,DZ-15,Mekla,,,,,region,1,DZ-15,Tizi Ouzou,HIGH,1.0,DZ-15
Algeria,Freha,Tizi Ouzou,,,24228,Commune,,,#N/A,2008,Tizi OuzouAlgeria,locality,,DZ-15,Freha,,,,locality,,DZ-15,Freha,,,,,region,1,DZ-15,Tizi Ouzou,HIGH,1.0,DZ-15
Algeria,Makouda,Tizi Ouzou,,,23388,Commune,,,#N/A,2008,Tizi OuzouAlgeria,locality,,DZ-15,Makouda,,,,locality,,DZ-15,Makouda,,,,,region,1,DZ-15,Tizi Ouzou,HIGH,1.0,DZ-15
Algeria,Tadmaït,Tizi Ouzou,,,22838,Commune,,,#N/A,2008,Tizi OuzouAlgeria,locality,,DZ-15,Tadmaït,,,,locality,,DZ-15,Tadmaït,,,,,region,1,DZ-15,Tizi Ouzou,HIGH,1.0,DZ-15
Algeria,Beni Douala,Tizi Ouzou,,,21551,Commune,,,#N/A,2008,Tizi OuzouAlgeria,locality,,DZ-15,Beni Douala,,,,locality,,DZ-15,Beni Douala,,,,,region,1,DZ-15,Tizi Ouzou,HIGH,1.0,DZ-15
Algeria,Aït Yahia Moussa,Tizi Ouzou,,,20426,Commune,,,#N/A,2008,Tizi OuzouAlgeria,locality,,DZ-15,Ait Yahia Moussa,,,,locality,,DZ-15,Ait Yahia Moussa,,,,,region,1,DZ-15,Tizi Ouzou,HIGH,1.0,DZ-15
Algeria,Aïn El Hammam,Tizi Ouzou,,,20401,Commune,,,#N/A,2008,Tizi OuzouAlgeria,locality,,DZ-15,Aïn El Hammam,,,,locality,,DZ-15,Aïn El Hammam,,,,,region,1,DZ-15,Tizi Ouzou,HIGH,1.0,DZ-15
Algeria,Djebel Aissa Mimoun,Tizi Ouzou,,,20268,Commune,,,#N/A,2008,Tizi OuzouAlgeria,locality,,DZ-15,Ait Aissa Mimoun,,,,locality,,DZ-15,Ait Aissa Mimoun,,,,,region,1,DZ-15,Tizi Ouzou,HIGH,1.0,DZ-15
Algeria,Tirmitine,Tizi Ouzou,,,19027,Commune,,,#N/A,2008,Tizi OuzouAlgeria,locality,,DZ-15,Tirmitine,,,,locality,,DZ-15,Tirmitine,,,,,region,1,DZ-15,Tizi Ouzou,HIGH,1.0,DZ-15
Algeria,M'Kira,Tizi Ouzou,,,17690,Commune,,,#N/A,2008,Tizi OuzouAlgeria,locality,,DZ-15,Mkira,,,,locality,,DZ-15,Mkira,,,,,region,1,DZ-15,Tizi Ouzou,HIGH,1.0,DZ-15
Algeria,Ouaguenoun,Tizi Ouzou,,,17425,Commune,,,#N/A,2008,Tizi OuzouAlgeria,locality,,DZ-15,Ouaguenoun,,,,locality,,DZ-15,Ouaguenoun,,,,,region,1,DZ-15,Tizi Ouzou,HIGH,1.0,DZ-15
Algeria,Aïn Zaouia,Tizi Ouzou,,,17320,Commune,,,#N/A,2008,Tizi OuzouAlgeria,locality,,DZ-15,Ain Zaouia,,,,locality,,DZ-15,Ain Zaouia,,,,,region,1,DZ-15,Tizi Ouzou,HIGH,1.0,DZ-15
Algeria,Tizi Rached,Tizi Ouzou,,,17161,Commune,,,#N/A,2008,Tizi OuzouAlgeria,locality,,DZ-15,Tizi Rached,,,,locality,,DZ-15,Tizi Rached,,,,,region,1,DZ-15,Tizi Ouzou,HIGH,1.0,DZ-15
Algeria,Azeffoun,Tizi Ouzou,,,16847,Commune,,,#N/A,2008,Tizi OuzouAlgeria,locality,,DZ-15,Azeffoun,,,,locality,,DZ-15,Azeffoun,,,,,region,1,DZ-15,Tizi Ouzou,HIGH,1.0,DZ-15
Algeria,Ouadhia,Tizi Ouzou,,,15771,Commune,,,#N/A,2008,Tizi OuzouAlgeria,locality,,DZ-15,Ouadhia,,,,locality,,DZ-15,Ouadhia,,,,,region,1,DZ-15,Tizi Ouzou,HIGH,1.0,DZ-15
Algeria,Boudjima,Tizi Ouzou,,,15628,Commune,,,#N/A,2008,Tizi OuzouAlgeria,locality,,DZ-15,Boudjima,,,,locality,,DZ-15,Boudjima,,,,,region,1,DZ-15,Tizi Ouzou,HIGH,1.0,DZ-15
Algeria,Tizi N'Tleta,Tizi Ouzou,,,15479,Commune,,,#N/A,2008,Tizi OuzouAlgeria,locality,,DZ-15,Tizi N'Tleta,,,,locality,,DZ-15,Tizi N'Tleta,,,,,region,1,DZ-15,Tizi Ouzou,HIGH,1.0,DZ-15
Algeria,Assi Youcef,Tizi Ouzou,,,14789,Commune,,,#N/A,2008,Tizi OuzouAlgeria,locality,,DZ-15,Assi Youcef أسي يوسف,,,,locality,,DZ-15,Assi Youcef أسي يوسف,,,,,region,1,DZ-15,Tizi Ouzou,HIGH,1.0,DZ-15
Algeria,Souk El Thenine,Tizi Ouzou,,,14660,Commune,,,#N/A,2008,Tizi OuzouAlgeria,locality,,DZ-15,Souk El Tenine,,,,locality,,DZ-15,Souk El Tenine,,,,,region,1,DZ-15,Tizi Ouzou,HIGH,1.0,DZ-15
Algeria,Aït Yahia,Tizi Ouzou,,,14439,Commune,,,#N/A,2008,Tizi OuzouAlgeria,locality,,DZ-15,Ait Yahia,,,,locality,,DZ-15,Ait Yahia,,,,,region,1,DZ-15,Tizi Ouzou,HIGH,1.0,DZ-15
Algeria,Aït Bouaddou,Tizi Ouzou,,,14435,Commune,,,#N/A,2008,Tizi OuzouAlgeria,locality,,DZ-15,Aït Bouadou,,,,locality,,DZ-15,Aït Bouadou,,,,,region,1,DZ-15,Tizi Ouzou,HIGH,1.0,DZ-15
Algeria,Iflissen,Tizi Ouzou,,,14311,Commune,,,#N/A,2008,Tizi OuzouAlgeria,locality,,DZ-15,Iflissen,,,,locality,,DZ-15,Iflissen,,,,,region,1,DZ-15,Tizi Ouzou,HIGH,1.0,DZ-15
Algeria,Irdjen,Tizi Ouzou,,,13149,Commune,,,#N/A,2008,Tizi OuzouAlgeria,locality,,DZ-15,Irdjen,,,,locality,,DZ-15,Irdjen,,,,,region,1,DZ-15,Tizi Ouzou,HIGH,1.0,DZ-15
Algeria,Illoula Oumalou,Tizi Ouzou,,,12952,Commune,,,#N/A,2008,Tizi OuzouAlgeria,locality,,DZ-15,Iloula Oumalou,,,,locality,,DZ-15,Iloula Oumalou,,,,,region,1,DZ-15,Tizi Ouzou,HIGH,1.0,DZ-15
Algeria,Frikat,Tizi Ouzou,,,12791,Commune,,,#N/A,2008,Tizi OuzouAlgeria,locality,,DZ-15,Frikat,,,,locality,,DZ-15,Frikat,,,,,region,1,DZ-15,Tizi Ouzou,HIGH,1.0,DZ-15
Algeria,Mechtras,Tizi Ouzou,,,12683,Commune,,,#N/A,2008,Tizi OuzouAlgeria,locality,,DZ-15,Mechtras,,,,locality,,DZ-15,Mechtras,,,,,region,1,DZ-15,Tizi Ouzou,HIGH,1.0,DZ-15
Algeria,Aghribs,Tizi Ouzou,,,12474,Commune,,,#N/A,2008,Tizi OuzouAlgeria,locality,,DZ-15,Aghrib,,,,locality,,DZ-15,Aghrib,,,,,region,1,DZ-15,Tizi Ouzou,HIGH,1.0,DZ-15
Algeria,Iferhounène,Tizi Ouzou,,,12460,Commune,,,#N/A,2008,Tizi OuzouAlgeria,locality,,DZ-15,Iferhounene,,,,locality,,DZ-15,Iferhounene,,,,,region,1,DZ-15,Tizi Ouzou,HIGH,1.0,DZ-15
Algeria,Yakouren,Tizi Ouzou,,,12203,Commune,,,#N/A,2008,Tizi OuzouAlgeria,locality,,DZ-15,Yakouren,,,,locality,,DZ-15,Yakouren,,,,,region,1,DZ-15,Tizi Ouzou,HIGH,1.0,DZ-15
Algeria,Beni Zmenzer,Tizi Ouzou,,,12117,Commune,,,#N/A,2008,Tizi OuzouAlgeria,locality,,DZ-15,Beni Zmenzer,,,,locality,,DZ-15,Beni Zmenzer,,,,,region,1,DZ-15,Tizi Ouzou,HIGH,1.0,DZ-15
Algeria,Tigzirt,Tizi Ouzou,,,11962,Commune,,,#N/A,2008,Tizi OuzouAlgeria,locality,,DZ-15,Tigzirt,,,,locality,,DZ-15,Tigzirt,,,,,region,1,DZ-15,Tizi Ouzou,HIGH,1.0,DZ-15
Algeria,Aït Khellili,Tizi Ouzou,,,11627,Commune,,,#N/A,2008,Tizi OuzouAlgeria,locality,,DZ-15,Aït Khelili,,,,locality,,DZ-15,Aït Khelili,,,,,region,1,DZ-15,Tizi Ouzou,HIGH,1.0,DZ-15
Algeria,Sidi Nâamane,Tizi Ouzou,,,10688,Commune,,,#N/A,2008,Tizi OuzouAlgeria,locality,,DZ-15,Sidi Naamane,,,,locality,,DZ-15,Sidi Naamane,,,,,region,1,DZ-15,Tizi Ouzou,HIGH,1.0,DZ-15
Algeria,Ouacif,Tizi Ouzou,,,10313,Commune,,,#N/A,2008,Tizi OuzouAlgeria,locality,,DZ-15,At Wasif,,,,locality,,DZ-15,At Wasif,,,,,region,1,DZ-15,Tizi Ouzou,HIGH,1.0,DZ-15
Algeria,Idjeur,Tizi Ouzou,,,10301,Commune,,,#N/A,2008,Tizi OuzouAlgeria,locality,,DZ-15,Idjer,,,,locality,,DZ-15,Idjer,,,,,region,1,DZ-15,Tizi Ouzou,HIGH,1.0,DZ-15
Algeria,Souamaâ,Tizi Ouzou,,,9954,Commune,,,#N/A,2008,Tizi OuzouAlgeria,locality,,DZ-15,Souamaa,,,,locality,,DZ-15,Souamaa,,,,,region,1,DZ-15,Tizi Ouzou,HIGH,1.0,DZ-15
Algeria,Bounouh,Tizi Ouzou,,,9731,Commune,,,#N/A,2008,Tizi OuzouAlgeria,locality,,DZ-15,Bounouh,,,,locality,,DZ-15,Bounouh,,,,,region,1,DZ-15,Tizi Ouzou,HIGH,1.0,DZ-15
Algeria,Agouni Gueghrane,Tizi Ouzou,,,9692,Commune,,,#N/A,2008,Tizi OuzouAlgeria,locality,,DZ-15,Agouni Gueghrane,,,,locality,,DZ-15,Agouni Gueghrane,,,,,region,1,DZ-15,Tizi Ouzou,HIGH,1.0,DZ-15
Algeria,Mezrara,Tizi Ouzou,,,9469,Commune,,,#N/A,2008,Tizi OuzouAlgeria,,,,,,,,,,,,,,,,region,1,DZ-15,Tizi Ouzou,NONE,0.0,DZ-15
Algeria,Ifigha,Tizi Ouzou,,,9160,Commune,,,#N/A,2008,Tizi OuzouAlgeria,locality,,DZ-15,Ifigha,,,,locality,,DZ-15,Ifigha,,,,,region,1,DZ-15,Tizi Ouzou,HIGH,1.0,DZ-15
Algeria,Illilten,Tizi Ouzou,,,9142,Commune,,,#N/A,2008,Tizi OuzouAlgeria,locality,,DZ-15,Illilten,,,,locality,,DZ-15,Illilten,,,,,region,1,DZ-15,Tizi Ouzou,HIGH,1.0,DZ-15
Algeria,Akbil,Tizi Ouzou,,,8898,Commune,,,#N/A,2008,Tizi OuzouAlgeria,locality,,DZ-15,Akbil,,,,locality,,DZ-15,Akbil,,,,,region,1,DZ-15,Tizi Ouzou,HIGH,1.0,DZ-15
Algeria,Aït Oumalou,Tizi Ouzou,,,8790,Commune,,,#N/A,2008,Tizi OuzouAlgeria,locality,,DZ-15,Aït Oumalou,,,,locality,,DZ-15,Aït Oumalou,,,,,region,1,DZ-15,Tizi Ouzou,HIGH,1.0,DZ-15
Algeria,Aït Toudert,Tizi Ouzou,,,8521,Commune,,,#N/A,2008,Tizi OuzouAlgeria,locality,,DZ-15,Aït Toudert,,,,locality,,DZ-15,Aït Toudert,,,,,region,1,DZ-15,Tizi Ouzou,HIGH,1.0,DZ-15
Algeria,Aït Mahmoud,Tizi Ouzou,,,7699,Commune,,,#N/A,2008,Tizi OuzouAlgeria,locality,,DZ-15,Aït Mahmoud,,,,locality,,DZ-15,Aït Mahmoud,,,,,region,1,DZ-15,Tizi Ouzou,HIGH,1.0,DZ-15
Algeria,Abi Youcef,Tizi Ouzou,,,7693,Commune,,,#N/A,2008,Tizi OuzouAlgeria,locality,,DZ-15,Abi Youcef,,,,locality,,DZ-15,Abi Youcef,,,,,region,1,DZ-15,Tizi Ouzou,HIGH,1.0,DZ-15
Algeria,Beni Aïssi,Tizi Ouzou,,,7628,Commune,,,#N/A,2008,Tizi OuzouAlgeria,locality,,DZ-15,Beni Aïssi,,,,locality,,DZ-15,Beni Aïssi,,,,,region,1,DZ-15,Tizi Ouzou,HIGH,1.0,DZ-15
Algeria,Imsouhel,Tizi Ouzou,,,6565,Commune,,,#N/A,2008,Tizi OuzouAlgeria,locality,,DZ-15,Imsouhal,,,,locality,,DZ-15,Imsouhal,,,,,region,1,DZ-15,Tizi Ouzou,HIGH,1.0,DZ-15
Algeria,Aït Boumahdi,Tizi Ouzou,,,6113,Commune,,,#N/A,2008,Tizi OuzouAlgeria,locality,,DZ-15,Aït Boumahdi,,,,locality,,DZ-15,Aït Boumahdi,,,,,region,1,DZ-15,Tizi Ouzou,HIGH,1.0,DZ-15
Algeria,Beni Yenni,Tizi Ouzou,,,5737,Commune,,,#N/A,2008,Tizi OuzouAlgeria,locality,,DZ-15,Beni Yenni,,,,locality,,DZ-15,Beni Yenni,,,,,region,1,DZ-15,Tizi Ouzou,HIGH,1.0,DZ-15
Algeria,Iboudraren,Tizi Ouzou,,,5398,Commune,,,#N/A,2008,Tizi OuzouAlgeria,locality,,DZ-15,Iboudraren,,,,locality,,DZ-15,Iboudraren,,,,,region,1,DZ-15,Tizi Ouzou,HIGH,1.0,DZ-15
Algeria,Akerrou,Tizi Ouzou,,,4660,Commune,,,#N/A,2008,Tizi OuzouAlgeria,locality,,DZ-15,Akerrou,,,,locality,,DZ-15,Akerrou,,,,,region,1,DZ-15,Tizi Ouzou,HIGH,1.0,DZ-15
Algeria,Aït Aouggacha,Tizi Ouzou,,,4306,Commune,,,#N/A,2008,Tizi OuzouAlgeria,locality,,DZ-15,Aït Aggouacha,,,,locality,,DZ-15,Aït Aggouacha,,,,,region,1,DZ-15,Tizi Ouzou,LOW,0.846,DZ-15
Algeria,Yatafen,Tizi Ouzou,,,4016,Commune,,,#N/A,2008,Tizi OuzouAlgeria,locality,,DZ-15,Yatafene,,,,locality,,DZ-15,Yatafene,,,,,region,1,DZ-15,Tizi Ouzou,HIGH,1.0,DZ-15
Algeria,Beni Ziki,Tizi Ouzou,,,3832,Commune,,,#N/A,2008,Tizi OuzouAlgeria,locality,,DZ-15,Beni Ziki,,,,locality,,DZ-15,Beni Ziki,,,,,region,1,DZ-15,Tizi Ouzou,HIGH,1.0,DZ-15
Algeria,Aït Chafâa,Tizi Ouzou,,,3775,Commune,,,#N/A,2008,Tizi OuzouAlgeria,locality,,DZ-15,Aït Chafâa,,,,locality,,DZ-15,Aït Chafâa,,,,,region,1,DZ-15,Tizi Ouzou,HIGH,1.0,DZ-15
Algeria,Zekri,Tizi Ouzou,,,3283,Commune,,,#N/A,2008,Tizi OuzouAlgeria,locality,,DZ-15,Zekri,,,,locality,,DZ-15,Zekri,,,,,region,1,DZ-15,Tizi Ouzou,HIGH,1.0,DZ-15
Algeria,Tlemcen,Tlemcen,,,140158,Province Capital,,,#N/A,2008,TlemcenAlgeria,locality,,DZ-13,Tlemcen,,,,locality,,DZ-13,Tlemcen,,,,,region,1,DZ-13,Tlemcen ⵜⵍⴻⵎⵙⴻⵏ تلمسان,HIGH,1.0,DZ-13
Algeria,Maghnia,Tlemcen,,,114634,Commune,,,#N/A,2008,TlemcenAlgeria,locality,,DZ-13,Maghnia ⵎⴻⵖⵏⵉⵢⴰ مغنية,,,,locality,,DZ-13,Maghnia ⵎⴻⵖⵏⵉⵢⴰ مغنية,,,,,region,1,DZ-13,Tlemcen ⵜⵍⴻⵎⵙⴻⵏ تلمسان,HIGH,1.0,DZ-13
Algeria,Mansourah,Tlemcen,,,49150,Commune,,,#N/A,2008,TlemcenAlgeria,locality,,DZ-13,Mansourah ⵎⴻⵏⵙⵓⵔⴰ المنصورة,,,,locality,,DZ-13,Mansourah ⵎⴻⵏⵙⵓⵔⴰ المنصورة,,,,,region,1,DZ-13,Tlemcen ⵜⵍⴻⵎⵙⴻⵏ تلمسان,HIGH,1.0,DZ-13
Algeria,Chetouane,Tlemcen,,,47600,Commune,,,#N/A,2008,TlemcenAlgeria,county,2,DZ-13,Daïra Chetouane,,,,county,2,DZ-13,Daïra Chetouane,,,,,region,1,DZ-13,Tlemcen ⵜⵍⴻⵎⵙⴻⵏ تلمسان,HIGH,1.0,DZ-13
Algeria,Remchi,Tlemcen,,,46999,Commune,,,#N/A,2008,TlemcenAlgeria,county,2,DZ-13,Daïra Remchi,,,,county,2,DZ-13,Daïra Remchi,,,,,region,1,DZ-13,Tlemcen ⵜⵍⴻⵎⵙⴻⵏ تلمسان,HIGH,1.0,DZ-13
Algeria,Sebdou,Tlemcen,,,39800,Commune,,,#N/A,2008,TlemcenAlgeria,county,2,DZ-13,Daïra Sebdou,,,,county,2,DZ-13,Daïra Sebdou,,,,,region,1,DZ-13,Tlemcen ⵜⵍⴻⵎⵙⴻⵏ تلمسان,HIGH,1.0,DZ-13
Algeria,Ghazaouet,Tlemcen,,,33774,Commune,,,#N/A,2008,TlemcenAlgeria,locality,,DZ-13,Ghazaoue tⵍⵖⴰⵣⴰⵡⴰⵜ الغزوات,,,,locality,,DZ-13,Ghazaoue tⵍⵖⴰⵣⴰⵡⴰⵜ الغزوات,,,,,region,1,DZ-13,Tlemcen ⵜⵍⴻⵎⵙⴻⵏ تلمسان,HIGH,1.0,DZ-13
Algeria,Hennaya,Tlemcen,,,33356,Commune,,,#N/A,2008,TlemcenAlgeria,county,2,DZ-13,Daïra Hennaya,,,,county,2,DZ-13,Daïra Hennaya,,,,,region,1,DZ-13,Tlemcen ⵜⵍⴻⵎⵙⴻⵏ تلمسان,HIGH,1.0,DZ-13
Algeria,Nedroma,Tlemcen,,,32498,Commune,,,#N/A,2008,TlemcenAlgeria,county,2,DZ-13,Daïra Nedroma,,,,county,2,DZ-13,Daïra Nedroma,,,,,region,1,DZ-13,Tlemcen ⵜⵍⴻⵎⵙⴻⵏ تلمسان,HIGH,1.0,DZ-13
Algeria,Sabra,Tlemcen,,,28555,Commune,,,#N/A,2008,TlemcenAlgeria,county,2,DZ-13,Daïra Sabra,,,,county,2,DZ-13,Daïra Sabra,,,,,region,1,DZ-13,Tlemcen ⵜⵍⴻⵎⵙⴻⵏ تلمسان,HIGH,1.0,DZ-13
Algeria,Ouled Mimoun,Tlemcen,,,26389,Commune,,,#N/A,2008,TlemcenAlgeria,locality,,DZ-13,Ouled Mimoun ⵡⵍⴰⴷ ⵎⵉⵎⵓⵏ أولاد ميمون,,,,locality,,DZ-13,Ouled Mimoun ⵡⵍⴰⴷ ⵎⵉⵎⵓⵏ أولاد ميمون,,,,,region,1,DZ-13,Tlemcen ⵜⵍⴻⵎⵙⴻⵏ تلمسان,HIGH,1.0,DZ-13
Algeria,Souahlia,Tlemcen,,,22245,Commune,,,#N/A,2008,TlemcenAlgeria,locality,,DZ-13,Souahlia ⵙⵡⴰⵃⵍⵉⵢⴰ السواحلية,,,,locality,,DZ-13,Souahlia ⵙⵡⴰⵃⵍⵉⵢⴰ السواحلية,,,,,region,1,DZ-13,Tlemcen ⵜⵍⴻⵎⵙⴻⵏ تلمسان,HIGH,1.0,DZ-13
Algeria,Beni Mester,Tlemcen,,,18651,Commune,,,#N/A,2008,TlemcenAlgeria,locality,,DZ-13,Beni Mester,,,,locality,,DZ-13,Beni Mester,,,,,region,1,DZ-13,Tlemcen ⵜⵍⴻⵎⵙⴻⵏ تلمسان,HIGH,1.0,DZ-13
Algeria,Sidi Abdelli,Tlemcen,,,18222,Commune,,,#N/A,2008,TlemcenAlgeria,locality,,DZ-13,Sidi Abdelli ⵙⵉⴷⵉ ⵄⴻⴱⴷⴻⵍⵍⵉ سيدي العبدلي,,,,locality,,DZ-13,Sidi Abdelli ⵙⵉⴷⵉ ⵄⴻⴱⴷⴻⵍⵍⵉ سيدي العبدلي,,,,,region,1,DZ-13,Tlemcen ⵜⵍⴻⵎⵙⴻⵏ تلمسان,HIGH,1.0,DZ-13
Algeria,Bensekrane,Tlemcen,,,13845,Commune,,,#N/A,2008,TlemcenAlgeria,locality,,DZ-13,Bensekrane ⴱⴻⵏ ⵙⴻⴽⵔⴰⵏ بن سكران,,,,locality,,DZ-13,Bensekrane ⴱⴻⵏ ⵙⴻⴽⵔⴰⵏ بن سكران,,,,,region,1,DZ-13,Tlemcen ⵜⵍⴻⵎⵙⴻⵏ تلمسان,HIGH,1.0,DZ-13
Algeria,Aïn Youcef,Tlemcen,,,13234,Commune,,,#N/A,2008,TlemcenAlgeria,locality,,DZ-13,Aïn Youcef ⵄⵉⵏ ⵢⵓⵙⴻⴼ عين يوسف,,,,locality,,DZ-13,Aïn Youcef ⵄⵉⵏ ⵢⵓⵙⴻⴼ عين يوسف,,,,,region,1,DZ-13,Tlemcen ⵜⵍⴻⵎⵙⴻⵏ تلمسان,HIGH,1.0,DZ-13
Algeria,Beni Boussaïd,Tlemcen,,,13182,Commune,,,#N/A,2008,TlemcenAlgeria,locality,,DZ-13,Beni Boussaid ⴱⴻⵏⵉ ⴱⵓⵙⵄⵉⴷ بني بوسعيد,,,,locality,,DZ-13,Beni Boussaid ⴱⴻⵏⵉ ⴱⵓⵙⵄⵉⴷ بني بوسعيد,,,,,region,1,DZ-13,Tlemcen ⵜⵍⴻⵎⵙⴻⵏ تلمسان,HIGH,1.0,DZ-13
Algeria,Amieur,Tlemcen,,,13150,Commune,,,#N/A,2008,TlemcenAlgeria,locality,,DZ-13,Amieur ⵄⴻⵎⵎⵉⵔ عمير,,,,locality,,DZ-13,Amieur ⵄⴻⵎⵎⵉⵔ عمير,,,,,region,1,DZ-13,Tlemcen ⵜⵍⴻⵎⵙⴻⵏ تلمسان,HIGH,1.0,DZ-13
Algeria,Beni Ouarsous,Tlemcen,,,12110,Commune,,,#N/A,2008,TlemcenAlgeria,locality,,DZ-13,Beni Ouarsous ⴱⴻⵏⵉ ⵡⴻⵔⵙⵓⵙ بني ورسوس,,,,locality,,DZ-13,Beni Ouarsous ⴱⴻⵏⵉ ⵡⴻⵔⵙⵓⵙ بني ورسوس,,,,,region,1,DZ-13,Tlemcen ⵜⵍⴻⵎⵙⴻⵏ تلمسان,HIGH,1.0,DZ-13
Algeria,Hammam Boughrara,Tlemcen,,,11444,Commune,,,#N/A,2008,TlemcenAlgeria,locality,,DZ-13,Hammam Boughrara ⵃⴻⵎⵎⴰⵎ ⴱⵓⵖⵔⴰⵔⴰ حمام بوغرارة,,,,locality,,DZ-13,Hammam Boughrara ⵃⴻⵎⵎⴰⵎ ⴱⵓⵖⵔⴰⵔⴰ حمام بوغرارة,,,,,region,1,DZ-13,Tlemcen ⵜⵍⴻⵎⵙⴻⵏ تلمسان,HIGH,1.0,DZ-13
Algeria,Beni Snous,Tlemcen,,,11318,Commune,,,#N/A,2008,TlemcenAlgeria,locality,,DZ-13,Beni Snous ⴱⴻⵏⵉ ⵙⴻⵏⵏⵓⵙ بني سنوس,,,,locality,,DZ-13,Beni Snous ⴱⴻⵏⵉ ⵙⴻⵏⵏⵓⵙ بني سنوس,,,,,region,1,DZ-13,Tlemcen ⵜⵍⴻⵎⵙⴻⵏ تلمسان,HIGH,1.0,DZ-13
Algeria,Aïn Fezza,Tlemcen,,,11053,Commune,,,#N/A,2008,TlemcenAlgeria,locality,,DZ-13,Aïn Fezza,,,,locality,,DZ-13,Aïn Fezza,,,,,region,1,DZ-13,Tlemcen ⵜⵍⴻⵎⵙⴻⵏ تلمسان,HIGH,1.0,DZ-13
Algeria,Aïn Tallout,Tlemcen,,,10286,Commune,,,#N/A,2008,TlemcenAlgeria,county,2,DZ-13,Daïra Aïn Tallout,,,,county,2,DZ-13,Daïra Aïn Tallout,,,,,region,1,DZ-13,Tlemcen ⵜⵍⴻⵎⵙⴻⵏ تلمسان,HIGH,1.0,DZ-13
Algeria,Bab El Assa,Tlemcen,,,10147,Commune,,,#N/A,2008,TlemcenAlgeria,locality,,DZ-13,Bab El Assa ⴱⴰⴱ ⵍⵄⴻⵙⵙⴰ باب العسة,,,,locality,,DZ-13,Bab El Assa ⴱⴰⴱ ⵍⵄⴻⵙⵙⴰ باب العسة,,,,,region,1,DZ-13,Tlemcen ⵜⵍⴻⵎⵙⴻⵏ تلمسان,HIGH,1.0,DZ-13
Algeria,Souani,Tlemcen,,,9513,Commune,,,#N/A,2008,TlemcenAlgeria,locality,,DZ-13,Souani,,,,locality,,DZ-13,Souani,,,,,region,1,DZ-13,Tlemcen ⵜⵍⴻⵎⵙⴻⵏ تلمسان,HIGH,1.0,DZ-13
Algeria,Fellaoucene,Tlemcen,,,8781,Commune,,,#N/A,2008,TlemcenAlgeria,locality,,DZ-13,Fellaoucene ⴼⵍⴰⵡⵙⴻⵏ فلاوسن,,,,locality,,DZ-13,Fellaoucene ⴼⵍⴰⵡⵙⴻⵏ فلاوسن,,,,,region,1,DZ-13,Tlemcen ⵜⵍⴻⵎⵙⴻⵏ تلمسان,HIGH,1.0,DZ-13
Algeria,El Bouihi,Tlemcen,,,8705,Commune,,,#N/A,2008,TlemcenAlgeria,locality,,DZ-13,El Bouihi ⵍⴻⴱⵡⵉⵀⵉ البويھي,,,,locality,,DZ-13,El Bouihi ⵍⴻⴱⵡⵉⵀⵉ البويھي,,,,,region,1,DZ-13,Tlemcen ⵜⵍⴻⵎⵙⴻⵏ تلمسان,HIGH,1.0,DZ-13
Algeria,El Gor,Tlemcen,,,8539,Commune,,,#N/A,2008,TlemcenAlgeria,locality,,DZ-13,El Gor ⵍⴳⵓⵔ القور,,,,locality,,DZ-13,El Gor ⵍⴳⵓⵔ القور,,,,,region,1,DZ-13,Tlemcen ⵜⵍⴻⵎⵙⴻⵏ تلمسان,HIGH,1.0,DZ-13
Algeria,Djebala,Tlemcen,,,8369,Commune,,,#N/A,2008,TlemcenAlgeria,locality,,DZ-13,Djebala ⴵⴻⴱⴱⴰⵍⴰ جبالة,,,,locality,,DZ-13,Djebala ⴵⴻⴱⴱⴰⵍⴰ جبالة,,,,,region,1,DZ-13,Tlemcen ⵜⵍⴻⵎⵙⴻⵏ تلمسان,HIGH,1.0,DZ-13
Algeria,Azaïls,Tlemcen,,,7527,Commune,,,#N/A,2008,TlemcenAlgeria,locality,,DZ-13,Azails ⵍⴻⵄⵣⴰⵢⴻⵍ العزايل,,,,locality,,DZ-13,Azails ⵍⴻⵄⵣⴰⵢⴻⵍ العزايل,,,,,region,1,DZ-13,Tlemcen ⵜⵍⴻⵎⵙⴻⵏ تلمسان,HIGH,1.0,DZ-13
Algeria,Aïn Fetah,Tlemcen,,,7352,Commune,,,#N/A,2008,TlemcenAlgeria,locality,,DZ-13,Aïn Fetah ⵄⵉⵏ ⴼⴻⵜⵜⴰⵃ عين فتاح,,,,locality,,DZ-13,Aïn Fetah ⵄⵉⵏ ⴼⴻⵜⵜⴰⵃ عين فتاح,,,,,region,1,DZ-13,Tlemcen ⵜⵍⴻⵎⵙⴻⵏ تلمسان,HIGH,1.0,DZ-13
Algeria,Sidi Medjahed,Tlemcen,,,7164,Commune,,,#N/A,2008,TlemcenAlgeria,locality,,DZ-13,Sidi Medjahed ⵙⵉⴷⵉ ⵎⴵⴰⵀⴻⴷ سيدي مجاهد,,,,locality,,DZ-13,Sidi Medjahed ⵙⵉⴷⵉ ⵎⴵⴰⵀⴻⴷ سيدي مجاهد,,,,,region,1,DZ-13,Tlemcen ⵜⵍⴻⵎⵙⴻⵏ تلمسان,HIGH,1.0,DZ-13
Algeria,El Fehoul,Tlemcen,,,7045,Commune,,,#N/A,2008,TlemcenAlgeria,locality,,DZ-13,El Fehoul ⴻⵍ ⴼⴻⵃⵃⵓⵍ الفحول,,,,locality,,DZ-13,El Fehoul ⴻⵍ ⴼⴻⵃⵃⵓⵍ الفحول,,,,,region,1,DZ-13,Tlemcen ⵜⵍⴻⵎⵙⴻⵏ تلمسان,HIGH,1.0,DZ-13
Algeria,Beni Khellad (Beni Rached),Tlemcen,,,6933,Commune,,,#N/A,2008,TlemcenAlgeria,locality,,DZ-13,Beni Khellad ⴱⴻⵏⵏⵉ ⵅⴻⵍⵍⴰⴷ بني خلاد,,,,locality,,DZ-13,Beni Khellad ⴱⴻⵏⵏⵉ ⵅⴻⵍⵍⴰⴷ بني خلاد,,,,,region,1,DZ-13,Tlemcen ⵜⵍⴻⵎⵙⴻⵏ تلمسان,HIGH,1.0,DZ-13
Algeria,Aïn Nehala,Tlemcen,,,6704,Commune,,,#N/A,2008,TlemcenAlgeria,locality,,DZ-13,Ain Nahala ⵄⵉⵏ ⵏⴻⵃⴰⵍⴰ عين نحالة,,,,locality,,DZ-13,Ain Nahala ⵄⵉⵏ ⵏⴻⵃⴰⵍⴰ عين نحالة,,,,,region,1,DZ-13,Tlemcen ⵜⵍⴻⵎⵙⴻⵏ تلمسان,HIGH,1.0,DZ-13
Algeria,Sidi Djillali,Tlemcen,,,6697,Commune,,,#N/A,2008,TlemcenAlgeria,locality,,DZ-13,Sidi Djillali ⵙⵉⴷⵉ ⴵⵉⵍⴰⵍⵉ سيدي الجيلالي,,,,locality,,DZ-13,Sidi Djillali ⵙⵉⴷⵉ ⴵⵉⵍⴰⵍⵉ سيدي الجيلالي,,,,,region,1,DZ-13,Tlemcen ⵜⵍⴻⵎⵙⴻⵏ تلمسان,HIGH,1.0,DZ-13
Algeria,El Aricha,Tlemcen,,,6673,Commune,,,#N/A,2008,TlemcenAlgeria,locality,,DZ-13,El Aricha ⵍⴻⵄⵔⵉⵛⴰ العريشة,,,,locality,,DZ-13,El Aricha ⵍⴻⵄⵔⵉⵛⴰ العريشة,,,,,region,1,DZ-13,Tlemcen ⵜⵍⴻⵎⵙⴻⵏ تلمسان,HIGH,1.0,DZ-13
Algeria,Bouhlou,Tlemcen,,,6347,Commune,,,#N/A,2008,TlemcenAlgeria,locality,,DZ-13,Bouhlou ⴱⵓⵃⵍⵓ بوحلو,,,,locality,,DZ-13,Bouhlou ⴱⵓⵃⵍⵓ بوحلو,,,,,region,1,DZ-13,Tlemcen ⵜⵍⴻⵎⵙⴻⵏ تلمسان,HIGH,1.0,DZ-13
Algeria,Dar Yaghmouracene,Tlemcen,,,6331,Commune,,,#N/A,2008,TlemcenAlgeria,locality,,DZ-13,Dar Yaghmouracene ⴷⴰⵔ ⵢⴰⵖⵎⵓⵔⴰⵙⴻⵏ دار يغمراسن,,,,locality,,DZ-13,Dar Yaghmouracene ⴷⴰⵔ ⵢⴰⵖⵎⵓⵔⴰⵙⴻⵏ دار يغمراسن,,,,,region,1,DZ-13,Tlemcen ⵜⵍⴻⵎⵙⴻⵏ تلمسان,HIGH,1.0,DZ-13
Algeria,Marsa Ben M'Hidi,Tlemcen,,,6212,Commune,,,#N/A,2008,TlemcenAlgeria,county,2,DZ-13,Daïra Marsa Ben M'Hidi,,,,county,2,DZ-13,Daïra Marsa Ben M'Hidi,,,,,region,1,DZ-13,Tlemcen ⵜⵍⴻⵎⵙⴻⵏ تلمسان,HIGH,1.0,DZ-13
Algeria,Terny Beni Hdiel,Tlemcen,,,5737,Commune,,,#N/A,2008,TlemcenAlgeria,locality,,DZ-13,Terny Beni Hediel,,,,locality,,DZ-13,Terny Beni Hediel,,,,,region,1,DZ-13,Tlemcen ⵜⵍⴻⵎⵙⴻⵏ تلمسان,HIGH,1.0,DZ-13
Algeria,Msirda Fouaga,Tlemcen,,,5693,Commune,,,#N/A,2008,TlemcenAlgeria,locality,,DZ-13,MSirda Fouaga ⵎⵙⵉⵔⴷⴻⵜ ⵍⴼⴻⵡⵡⴰⴳⴰ مسيردة الفواقة,,,,locality,,DZ-13,MSirda Fouaga ⵎⵙⵉⵔⴷⴻⵜ ⵍⴼⴻⵡⵡⴰⴳⴰ مسيردة الفواقة,,,,,region,1,DZ-13,Tlemcen ⵜⵍⴻⵎⵙⴻⵏ تلمسان,HIGH,1.0,DZ-13
Algeria,Honaïne,Tlemcen,,,5408,Commune,,,#N/A,2008,TlemcenAlgeria,locality,,DZ-13,Honaïne ⵀⵓⵏⴰⵢⵏ هنين,,,,locality,,DZ-13,Honaïne ⵀⵓⵏⴰⵢⵏ هنين,,,,,region,1,DZ-13,Tlemcen ⵜⵍⴻⵎⵙⴻⵏ تلمسان,HIGH,1.0,DZ-13
Algeria,Oued Lakhdar (Oued Chouly),Tlemcen,,,5262,Commune,,,#N/A,2008,TlemcenAlgeria,locality,,DZ-13,Oued Lakhdar ⵡⴰⴷ ⵍⴻⵅⴹⴻⵔ الوادي الأخضر,,,,locality,,DZ-13,Oued Lakhdar ⵡⴰⴷ ⵍⴻⵅⴹⴻⵔ الوادي الأخضر,,,,,region,1,DZ-13,Tlemcen ⵜⵍⴻⵎⵙⴻⵏ تلمسان,HIGH,1.0,DZ-13
Algeria,Aïn Ghoraba,Tlemcen,,,5068,Commune,,,#N/A,2008,TlemcenAlgeria,locality,,DZ-13,Aïn Ghoraba ⵄⵉⵏ ⵖⴻⵔⵔⴰⴱⴰ عين غرابة,,,,locality,,DZ-13,Aïn Ghoraba ⵄⵉⵏ ⵖⴻⵔⵔⴰⴱⴰ عين غرابة,,,,,region,1,DZ-13,Tlemcen ⵜⵍⴻⵎⵙⴻⵏ تلمسان,HIGH,1.0,DZ-13
Algeria,Beni Semiel,Tlemcen,,,4704,Commune,,,#N/A,2008,TlemcenAlgeria,locality,,DZ-13,Beni Semiel ⴱⴻⵏⵉ ⵚⴻⵎⵢⴻⵍ بني صميل,,,,locality,,DZ-13,Beni Semiel ⴱⴻⵏⵉ ⵚⴻⵎⵢⴻⵍ بني صميل,,,,,region,1,DZ-13,Tlemcen ⵜⵍⴻⵎⵙⴻⵏ تلمسان,HIGH,1.0,DZ-13
Algeria,Sebaa Chioukh,Tlemcen,,,4634,Commune,,,#N/A,2008,TlemcenAlgeria,locality,,DZ-13,Sebaa Chioukh ⵙⴻⴱⵄⴰ ⵛⵛⵢⵓⵅ السبعة شيوخ,,,,locality,,DZ-13,Sebaa Chioukh ⵙⴻⴱⵄⴰ ⵛⵛⵢⵓⵅ السبعة شيوخ,,,,,region,1,DZ-13,Tlemcen ⵜⵍⴻⵎⵙⴻⵏ تلمسان,HIGH,1.0,DZ-13
Algeria,Tienet,Tlemcen,,,4493,Commune,,,#N/A,2008,TlemcenAlgeria,locality,,DZ-13,Tienet ⵜⴰⵢⵏⴻⵜ تيانت,,,,locality,,DZ-13,Tienet ⵜⴰⵢⵏⴻⵜ تيانت,,,,,region,1,DZ-13,Tlemcen ⵜⵍⴻⵎⵙⴻⵏ تلمسان,HIGH,1.0,DZ-13
Algeria,Ouled Riyah,Tlemcen,,,4329,Commune,,,#N/A,2008,TlemcenAlgeria,locality,,DZ-13,Oulad Riah,,,,locality,,DZ-13,Oulad Riah,,,,,region,1,DZ-13,Tlemcen ⵜⵍⴻⵎⵙⴻⵏ تلمسان,LOW,0.857,DZ-13
Algeria,Zenata,Tlemcen,,,3890,Commune,,,#N/A,2008,TlemcenAlgeria,locality,,DZ-13,Zenata,,,,locality,,DZ-13,Zenata,,,,,region,1,DZ-13,Tlemcen ⵜⵍⴻⵎⵙⴻⵏ تلمسان,HIGH,1.0,DZ-13
Algeria,Aïn Kebira,Tlemcen,,,3665,Commune,,,#N/A,2008,TlemcenAlgeria,locality,,DZ-13,Aïn Kebira ⵄⵉⵏ ⵍⴻⴽⴱⵉⵔⴰ العين الكبيرة,,,,locality,,DZ-13,Aïn Kebira ⵄⵉⵏ ⵍⴻⴽⴱⵉⵔⴰ العين الكبيرة,,,,,region,1,DZ-13,Tlemcen ⵜⵍⴻⵎⵙⴻⵏ تلمسان,HIGH,1.0,DZ-13
Algeria,Beni Bahdel,Tlemcen,,,2801,Commune,,,#N/A,2008,TlemcenAlgeria,locality,,DZ-13,Beni Bahdel ⴱⴻⵏⵉ ⴱⴻⵀⴷⴻⵍ بني بهدل,,,,locality,,DZ-13,Beni Bahdel ⴱⴻⵏⵉ ⴱⴻⵀⴷⴻⵍ بني بهدل,,,,,region,1,DZ-13,Tlemcen ⵜⵍⴻⵎⵙⴻⵏ تلمسان,HIGH,1.0,DZ-13
Algeria,Souk Tlata,Tlemcen,,,2756,Commune,,,#N/A,2008,TlemcenAlgeria,locality,,DZ-13,Souk Tlata ⵙⵓⵇ ⵜⵜⵍⴰⵜⴰ سوق الثلاثاء,,,,locality,,DZ-13,Souk Tlata ⵙⵓⵇ ⵜⵜⵍⴰⵜⴰ سوق الثلاثاء,,,,,region,1,DZ-13,Tlemcen ⵜⵍⴻⵎⵙⴻⵏ تلمسان,HIGH,1.0,DZ-13
Algeria,Touggourt,Touggourt,,,39409,Commune,,,#N/A,2008,TouggourtAlgeria,,,,,,,,region,1,DZ-55,Touggourt,,,,,region,1,DZ-55,Touggourt,HIGH,1.0,DZ-55
Algeria,Taibet,Touggourt,,,20174,Commune,,,#N/A,2008,TouggourtAlgeria,locality,,DZ-55,Taïbet ⵟⵟⴰⵢⴱⴰⵜ الطيبات,,,,locality,,DZ-55,Taïbet ⵟⵟⴰⵢⴱⴰⵜ الطيبات,,,,,region,1,DZ-55,Touggourt,HIGH,1.0,DZ-55
Algeria,Tamacine,Touggourt,,,20067,Commune,,,#N/A,2008,TouggourtAlgeria,locality,,DZ-55,Tamacine ⵜⴰⵎⴰⵙⵉⵏ تماسين,,,,locality,,DZ-55,Tamacine ⵜⴰⵎⴰⵙⵉⵏ تماسين,,,,,region,1,DZ-55,Touggourt,HIGH,1.0,DZ-55
Algeria,El Hadjira,Touggourt,,,14965,Commune,,,#N/A,2008,TouggourtAlgeria,,,,,,,,,,,,,,,,region,1,DZ-55,Touggourt,NONE,0.0,DZ-55
Algeria,Megarine,Touggourt,,,13751,Commune,,,#N/A,2008,TouggourtAlgeria,locality,,DZ-55,Megarine ⵎⴻⴳⴳⴰⵔⵉⵏ مقارين,,,,locality,,DZ-55,Megarine ⵎⴻⴳⴳⴰⵔⵉⵏ مقارين,,,,,region,1,DZ-55,Touggourt,HIGH,1.0,DZ-55
Algeria,El Borma,Touggourt,,,3205,Commune,,,#N/A,2008,TouggourtAlgeria,,,,,,,,,,,,,,,,region,1,DZ-55,Touggourt,NONE,0.0,DZ-55
