{"type": "FeatureCollection", "features": [{"type": "Feature", "properties": {"slug": "arica", "members": 1, "country": "Chile", "input_hash": "bbd80aca4c853646"}, "geometry": {"type": "MultiPolygon", "coordinates": [[[[-70.3507644, -18.835757], [-70.350814, -18.8357075], [-70.3507108, -18.835724], [-70.3507644, -18.835757]]], [[[-70.3505418, -18.8356136], [-70.350578, -18.8355755], [-70.3505176, -18.8355361], [-70.3505418, -18.8356136]]], [[[-70.3505512, -18.835394], [-70.3505471, -18.8354435], [-70.3505927, -18.8353991], [-70.3505512, -18.835394]]], [[[-70.3507135, -18.8352006], [-70.350616, -18.8350754], [-70.3504787, -18.8352315], [-70.3507135, -18.8352006]]], [[[-70.3507168, -18.8332457], [-70.350687, -18.8333487], [-70.3507851, -18.8333174], [-70.3507168, -18.8332457]]], [[[-70.3508562, -18.8321393], [-70.3507837, -18.8319907], [-70.3506027, -18.8320807], [-70.3508562, -18.8321393]]], [[[-70.3508561, -18.8313462], [-70.35076, -18.8312806], [-70.3507953, -18.8314139], [-70.3508561, -18.8313462]]], [[[-70.3504976, -18.8313169], [-70.3504197, -18.8312705], [-70.3504624, -18.8313876], [-70.3504976, -18.8313169]]], [[[-70.3504974, -18.8311475], [-70.3506308, -18.8311809], [-70.3505678, -18.8310698], [-70.3504974, -18.8311475]]], [[[-70.3504657, -18.8297428], [-70.3505105, -18.8299054], [-70.3507549, -18.8298307], [-70.3504657, -18.8297428]]], [[[-70.3509103, -18.8294524], [-70.3508965, -18.8295271], [-70.3509957, -18.8295403], [-70.3509103, -18.8294524]]], [[[-70.3507268, -18.8292908], [-70.3506874, -18.8292949], [-70.3507194, -18.8295423], [-70.3507268, -18.8292908]]], [[[-70.3505979, -18.8292237], [-70.3505073, -18.8291974], [-70.3505745, -18.8293166], [-70.3505979, -18.8292237]]], [[[-70.3508207, -18.8283937], [-70.3508931, -18.8284408], [-70.3509173, -18.8283751], [-70.3508207, -18.8283937]]], [[[-70.3503982, -18.8280081], [-70.3504269, -18.8281752], [-70.3506698, -18.8281081], [-70.3503982, -18.8280081]]], [[[-70.351471, -18.8278126], [-70.3512884, -18.8275198], [-70.3513442, -18.8277455], [-70.351471, -18.8278126]]], [[[-70.3514298, -18.8265517], [-70.3513935, -18.8265689], [-70.3514405, -18.826585], [-70.3514298, -18.8265517]]], [[[-70.3514059, -18.8257896], [-70.3513727, -18.8257267], [-70.351335, -18.8257996], [-70.3514059, -18.8257896]]], [[[-70.3511534, -18.8253098], [-70.351354, -18.8252213], [-70.3511322, -18.825117], [-70.3511534, -18.8253098]]], [[[-70.3505779, -18.8216646], [-70.3504708, -18.8215889], [-70.3504723, -18.8217061], [-70.3505779, -18.8216646]]], [[[-70.3503956, -18.8206777], [-70.350382, -18.8207163], [-70.3505299, -18.8207363], [-70.3503956, -18.8206777]]], [[[-70.3520385, -18.8178609], [-70.3520854, -18.8178548], [-70.3520385, -18.8177943], [-70.3520385, -18.8178609]]], [[[-70.3522824, -18.8174219], [-70.3522643, -18.8174612], [-70.352308, -18.8174612], [-70.3522824, -18.8174219]]], [[[-70.353116, -18.816153], [-70.3532081, -18.8162515], [-70.3532986, -18.816043], [-70.353116, -18.816153]]], [[[-70.3533143, -18.8154936], [-70.3533098, -18.8155479], [-70.3534048, -18.815545], [-70.3533143, -18.8154936]]], [[[-70.3533128, -18.8153379], [-70.3533248, -18.8153922], [-70.3534742, -18.8153522], [-70.3533128, -18.8153379]]], [[[-70.3528357, -18.8149831], [-70.3527965, -18.8150202], [-70.3528568, -18.815063], [-70.3528357, -18.8149831]]], [[[-70.3530097, -18.8146571], [-70.352966, -18.8147442], [-70.3530746, -18.8148342], [-70.3530097, -18.8146571]]], [[[-70.352408, -18.8146576], [-70.352584, -18.8147283], [-70.3525179, -18.8145587], [-70.352408, -18.8146576]]], [[[-70.3528018, -18.8146343], [-70.3525425, -18.8143657], [-70.352518, -18.8144657], [-70.3528018, -18.8146343]]], [[[-70.3522295, -18.8137503], [-70.3520513, -18.8136683], [-70.3521798, -18.8137635], [-70.3522295, -18.8137503]]], [[[-70.3520167, -18.8134174], [-70.352046, -18.8133294], [-70.351995, -18.8133186], [-70.3520167, -18.8134174]]], [[[-70.3527012, -18.8108079], [-70.3527445, -18.8108224], [-70.352733, -18.8107863], [-70.3527012, -18.8108079]]], [[[-70.3534662, -18.8103272], [-70.3535311, -18.8103127], [-70.3535413, -18.8102525], [-70.3534662, -18.8103272]]], [[[-70.3531059, -18.8085748], [-70.3531239, -18.8085612], [-70.3530771, -18.8085543], [-70.3531059, -18.8085748]]], [[[-70.3543513, -18.8084101], [-70.3541785, -18.8083607], [-70.3542235, -18.8084339], [-70.3543513, -18.8084101]]], [[[-70.3548018, -18.8071274], [-70.3549008, -18.8071717], [-70.3547982, -18.8071018], [-70.3548018, -18.8071274]]], [[[-70.354881, -18.8070388], [-70.354818, -18.8069928], [-70.354809, -18.8070507], [-70.354881, -18.8070388]]], [[[-70.354467, -18.8069485], [-70.3551366, -18.8069195], [-70.3545354, -18.8068633], [-70.354467, -18.8069485]]], [[[-70.3541401, -18.8066468], [-70.3542085, -18.8067524], [-70.3542283, -18.8066229], [-70.3541401, -18.8066468]]], [[[-70.3544192, -18.80664], [-70.354556, -18.8066894], [-70.3544606, -18.8066127], [-70.3544192, -18.80664]]], [[[-70.3545668, -18.806582], [-70.354673, -18.8066553], [-70.3546388, -18.8065105], [-70.3545668, -18.806582]]], [[[-70.3545961, -18.8062747], [-70.3545574, -18.8062799], [-70.3546159, -18.8063455], [-70.3545961, -18.8062747]]], [[[-70.354642, -18.8058879], [-70.3546915, -18.8058939], [-70.3546348, -18.8058709], [-70.354642, -18.8058879]]], [[[-70.3546615, -18.8058226], [-70.3546437, -18.8057985], [-70.3545431, -18.8058166], [-70.3546615, -18.8058226]]], [[[-70.3562675, -18.8006852], [-70.3563683, -18.8008011], [-70.3564169, -18.8006682], [-70.3562675, -18.8006852]]], [[[-70.3574415, -18.8007104], [-70.3575207, -18.8006558], [-70.3574289, -18.8006098], [-70.3574415, -18.8007104]]], [[[-70.3565141, -18.8005761], [-70.3564349, -18.8005421], [-70.3564511, -18.8006119], [-70.3565141, -18.8005761]]], [[[-70.3569357, -18.8007598], [-70.3572867, -18.8003201], [-70.3568313, -18.8006286], [-70.3569357, -18.8007598]]], [[[-70.3572219, -18.8004752], [-70.3571337, -18.8005672], [-70.3572201, -18.800574], [-70.3572219, -18.8004752]]], [[[-70.3582638, -18.7981864], [-70.3582587, -18.798149], [-70.3581849, -18.7981791], [-70.3582638, -18.7981864]]], [[[-70.3579846, -18.7980519], [-70.3580839, -18.7980809], [-70.3580215, -18.7980507], [-70.3579846, -18.7980519]]], [[[-70.3581926, -18.7978888], [-70.3582167, -18.797749], [-70.3581506, -18.7977875], [-70.3581926, -18.7978888]]], [[[-70.3581449, -18.7973566], [-70.3581182, -18.797406], [-70.3581882, -18.7974457], [-70.3581449, -18.7973566]]], [[[-70.3582417, -18.796983], [-70.3582659, -18.7969397], [-70.3582277, -18.7969818], [-70.3582417, -18.796983]]], [[[-70.3579476, -18.7967553], [-70.3578942, -18.7970565], [-70.3580329, -18.797012], [-70.3579476, -18.7967553]]], [[[-70.3580482, -18.7966601], [-70.3580686, -18.7969023], [-70.3580966, -18.796671], [-70.3580482, -18.7966601]]], [[[-70.3585624, -18.7967252], [-70.3584873, -18.7967083], [-70.3585459, -18.7968505], [-70.3585624, -18.7967252]]], [[[-70.3582086, -18.7966553], [-70.3581895, -18.79673], [-70.3582786, -18.796783], [-70.3582086, -18.7966553]]], [[[-70.3596699, -18.7941389], [-70.3596477, -18.7941179], [-70.3595861, -18.7941721], [-70.3596699, -18.7941389]]], [[[-70.3599539, -18.7940624], [-70.3599625, -18.7940902], [-70.3599861, -18.7940482], [-70.3599539, -18.7940624]]], [[[-70.3598298, -18.7937859], [-70.3598516, -18.7938823], [-70.3598708, -18.7937883], [-70.3598298, -18.7937859]]], [[[-70.3607226, -18.7937874], [-70.3606897, -18.793702], [-70.3606882, -18.793801], [-70.3607226, -18.7937874]]], [[[-70.3603339, -18.7936063], [-70.3602863, -18.7937481], [-70.360527, -18.7937319], [-70.3603339, -18.7936063]]], [[[-70.3616205, -18.7929802], [-70.3614322, -18.7932831], [-70.361339, -18.7934939], [-70.3616205, -18.7929802]]], [[[-70.3612288, -18.7933274], [-70.3613098, -18.7931462], [-70.3612511, -18.7930868], [-70.3612288, -18.7933274]]], [[[-70.3621326, -18.7928938], [-70.3620456, -18.7928717], [-70.3620314, -18.7930548], [-70.3621326, -18.7928938]]], [[[-70.3613613, -18.7927966], [-70.3613411, -18.7928819], [-70.3613786, -18.7928311], [-70.3613613, -18.7927966]]], [[[-70.3615621, -18.7926697], [-70.3615317, -18.7927449], [-70.3615924, -18.792802], [-70.3615621, -18.7926697]]], [[[-70.3605485, -18.7925799], [-70.3605177, -18.7925643], [-70.3605084, -18.7926077], [-70.3605485, -18.7925799]]], [[[-70.3615112, -18.792505], [-70.3615618, -18.7925021], [-70.3615254, -18.7923899], [-70.3615112, -18.792505]]], [[[-70.3600948, -18.7922308], [-70.3600361, -18.7922414], [-70.3601343, -18.7924388], [-70.3600948, -18.7922308]]], [[[-70.3590373, -18.7922685], [-70.3589502, -18.7922225], [-70.3590059, -18.7923317], [-70.3590373, -18.7922685]]], [[[-70.3601293, -18.7922645], [-70.3602407, -18.792276], [-70.3601718, -18.7920153], [-70.3601293, -18.7922645]]], [[[-70.3573467, -18.7913852], [-70.3571594, -18.7917908], [-70.3573602, -18.7913891], [-70.3573467, -18.7913852]]], [[[-70.3546576, -18.7852614], [-70.3547427, -18.7851109], [-70.3544335, -18.7850433], [-70.3546576, -18.7852614]]], [[[-70.3543859, -18.7846596], [-70.3543671, -18.7846951], [-70.3544459, -18.7847283], [-70.3543859, -18.7846596]]], [[[-70.3539979, -18.7840612], [-70.353982, -18.7839992], [-70.3539696, -18.7840612], [-70.3539979, -18.7840612]]], [[[-70.3539643, -18.7838517], [-70.3539165, -18.7838316], [-70.3539572, -18.7839556], [-70.3539643, -18.7838517]]], [[[-70.3530358, -18.7826352], [-70.3531122, -18.78273], [-70.3530721, -18.7826103], [-70.3530358, -18.7826352]]], [[[-70.35264, -18.7814458], [-70.3526967, -18.7814475], [-70.3526471, -18.7813771], [-70.35264, -18.7814458]]], [[[-70.3527675, -18.7814106], [-70.3530897, -18.7811358], [-70.3528064, -18.7812665], [-70.3527675, -18.7814106]]], [[[-70.3527517, -18.7751567], [-70.3528304, -18.7751164], [-70.3527061, -18.7750196], [-70.3527517, -18.7751567]]], [[[-70.3524382, -18.7742183], [-70.3524571, -18.7740633], [-70.3523076, -18.7742406], [-70.3524382, -18.7742183]]], [[[-70.3521062, -18.7740469], [-70.3522573, -18.7740722], [-70.3522006, -18.7739173], [-70.3521062, -18.7740469]]], [[[-70.3525107, -18.7736909], [-70.352506, -18.7737476], [-70.3525595, -18.7737312], [-70.3525107, -18.7736909]]], [[[-70.3527661, -18.7734434], [-70.3527394, -18.7733128], [-70.3526481, -18.7734245], [-70.3527661, -18.7734434]]], [[[-70.3524973, -18.7722683], [-70.3524181, -18.7724024], [-70.3525787, -18.7723865], [-70.3524973, -18.7722683]]], [[[-70.3526987, -18.7716077], [-70.3525415, -18.7715518], [-70.3526664, -18.7717027], [-70.3526987, -18.7716077]]], [[[-70.3521644, -18.7713037], [-70.3521297, -18.7715471], [-70.3523473, -18.771553], [-70.3521644, -18.7713037]]], [[[-70.3540255, -18.7699186], [-70.3540333, -18.7702395], [-70.3540757, -18.7701255], [-70.3540255, -18.7699186]]], [[[-70.3533588, -18.7687302], [-70.353392, -18.7687168], [-70.3533478, -18.7685809], [-70.3533588, -18.7687302]]], [[[-70.3539529, -18.7678455], [-70.3538838, -18.7677652], [-70.3539072, -18.7678624], [-70.3539529, -18.7678455]]], [[[-70.3517609, -18.7655366], [-70.3517136, -18.7654768], [-70.3517089, -18.7655858], [-70.3517609, -18.7655366]]], [[[-70.3509635, -18.764739], [-70.3506178, -18.764588], [-70.3507204, -18.764853], [-70.3509635, -18.764739]]], [[[-70.3506449, -18.7644783], [-70.3506528, -18.7644593], [-70.350558, -18.7644476], [-70.3506449, -18.7644783]]], [[[-70.3504767, -18.6501504], [-70.3506145, -18.6500763], [-70.3504658, -18.650051], [-70.3504767, -18.6501504]]], [[[-70.3504286, -18.8353258], [-70.3504627, -18.835248], [-70.3504199, -18.83527], [-70.3504286, -18.8353258]]], [[[-70.3501276, -18.8343436], [-70.3501698, -18.8342929], [-70.3501366, -18.8342615], [-70.3501276, -18.8343436]]], [[[-70.3503334, -18.8282252], [-70.3502398, -18.8280424], [-70.3502745, -18.8281952], [-70.3503334, -18.8282252]]], [[[-70.349972, -18.8195946], [-70.3502104, -18.8197403], [-70.3501803, -18.8194547], [-70.349972, -18.8195946]]], [[[-70.3503866, -18.819177], [-70.3502629, -18.8192456], [-70.350367, -18.8194055], [-70.3503866, -18.819177]]], [[[-70.3501105, -18.819177], [-70.3500305, -18.8191984], [-70.3500803, -18.8192656], [-70.3501105, -18.819177]]], [[[-70.3501701, -18.81887], [-70.3501349, -18.8189064], [-70.3502064, -18.8188952], [-70.3501701, -18.81887]]], [[[-70.3474695, -18.762927], [-70.3481847, -18.7627018], [-70.3473916, -18.7626543], [-70.3474695, -18.762927]]], [[[-70.3458332, -18.7625147], [-70.3458972, -18.7625771], [-70.3458853, -18.7625138], [-70.3458332, -18.7625147]]], [[[-70.3461313, -18.6590594], [-70.3461324, -18.6590405], [-70.3460726, -18.6590615], [-70.3461313, -18.6590594]]], [[[-70.3457237, -18.6588591], [-70.3456877, -18.6590757], [-70.3458192, -18.6589511], [-70.3457237, -18.6588591]]], [[[-70.3461379, -18.6585508], [-70.346087, -18.658468], [-70.3461003, -18.6585487], [-70.3461379, -18.6585508]]], [[[-70.3457845, -18.6582677], [-70.3456968, -18.6584071], [-70.3459113, -18.6585569], [-70.3457845, -18.6582677]]], [[[-70.3457482, -18.6575599], [-70.3457686, -18.6576548], [-70.3458234, -18.6575347], [-70.3457482, -18.6575599]]], [[[-70.3457811, -18.65725], [-70.3457654, -18.6574902], [-70.3458374, -18.6573019], [-70.3457811, -18.65725]]], [[[-70.3461281, -18.6570695], [-70.3461875, -18.6568871], [-70.3460655, -18.6568871], [-70.3461281, -18.6570695]]], [[[-70.3459566, -18.6561861], [-70.3459832, -18.6562385], [-70.3460308, -18.6561934], [-70.3459566, -18.6561861]]], [[[-70.3458338, -18.6559827], [-70.3458327, -18.6560686], [-70.3458791, -18.6559963], [-70.3458338, -18.6559827]]], [[[-70.3460086, -18.6560456], [-70.3459345, -18.6559596], [-70.3459909, -18.6560697], [-70.3460086, -18.6560456]]], [[[-70.3456504, -18.6556911], [-70.3455831, -18.6555384], [-70.345544, -18.6557208], [-70.3456504, -18.6556911]]], [[[-70.3461367, -18.6553868], [-70.3460957, -18.6554298], [-70.3461787, -18.6554655], [-70.3461367, -18.6553868]]], [[[-70.346327, -18.6554613], [-70.3463215, -18.6553501], [-70.346275, -18.655456], [-70.346327, -18.6554613]]], [[[-70.3460005, -18.6553375], [-70.3460625, -18.6553354], [-70.3459928, -18.655304], [-70.3460005, -18.6553375]]], [[[-70.3461068, -18.6553281], [-70.3462119, -18.655326], [-70.34613, -18.6552683], [-70.3461068, -18.6553281]]], [[[-70.345944, -18.6548419], [-70.345836, -18.655097], [-70.3461528, -18.6549229], [-70.345944, -18.6548419]]], [[[-70.3456744, -18.654691], [-70.3455789, -18.6546198], [-70.3456196, -18.6547132], [-70.3456744, -18.654691]]], [[[-70.3460858, -18.6542081], [-70.3460545, -18.654174], [-70.3460404, -18.6542274], [-70.3460858, -18.6542081]]], [[[-70.34597, -18.6541636], [-70.3459747, -18.6541444], [-70.3458573, -18.6541622], [-70.34597, -18.6541636]]], [[[-70.3457978, -18.6541592], [-70.345851, -18.6541073], [-70.3457352, -18.654085], [-70.3457978, -18.6541592]]], [[[-70.3468987, -18.6535598], [-70.3469582, -18.6534634], [-70.3468235, -18.6534545], [-70.3468987, -18.6535598]]], [[[-70.3461191, -18.6534101], [-70.3460957, -18.6534679], [-70.3462444, -18.6534857], [-70.3461191, -18.6534101]]], [[[-70.3463117, -18.6533804], [-70.3463258, -18.6533567], [-70.3462851, -18.653373], [-70.3463117, -18.6533804]]], [[[-70.3467954, -18.6533819], [-70.3468533, -18.6533641], [-70.3467891, -18.653284], [-70.3467954, -18.6533819]]], [[[-70.3464103, -18.6532202], [-70.3464948, -18.653373], [-70.3465199, -18.6532603], [-70.3464103, -18.6532202]]], [[[-70.3470098, -18.6532228], [-70.3472002, -18.6532291], [-70.3471427, -18.6531242], [-70.3470098, -18.6532228]]], [[[-70.3471314, -18.6530356], [-70.3471425, -18.6529601], [-70.3471026, -18.6530209], [-70.3471314, -18.6530356]]], [[[-70.3471712, -18.6528133], [-70.3471535, -18.6525301], [-70.3471247, -18.6527923], [-70.3471712, -18.6528133]]], [[[-70.3472792, -18.6526266], [-70.3472814, -18.6526538], [-70.3473544, -18.6526454], [-70.3472792, -18.6526266]]], [[[-70.347857, -18.6522087], [-70.3478658, -18.6522507], [-70.3479322, -18.6522255], [-70.347857, -18.6522087]]], [[[-70.3478723, -18.6520064], [-70.3478254, -18.6520123], [-70.347877, -18.6520509], [-70.3478723, -18.6520064]]], [[[-70.3474378, -18.6518622], [-70.3476415, -18.6520091], [-70.3474931, -18.6518119], [-70.3474378, -18.6518622]]], [[[-70.3478019, -18.6518359], [-70.3478285, -18.6517928], [-70.34778, -18.651778], [-70.3478019, -18.6518359]]], [[[-70.347744, -18.6515852], [-70.3477502, -18.6516727], [-70.347794, -18.6515986], [-70.347744, -18.6515852]]], [[[-70.3484208, -18.6505711], [-70.3484474, -18.6505948], [-70.348521, -18.6504762], [-70.3484208, -18.6505711]]], [[[-70.3504579, -18.6502587], [-70.3504329, -18.6503669], [-70.3504752, -18.6502646], [-70.3504579, -18.6502587]]], [[[-70.3499245, -18.6503985], [-70.3500374, -18.6501489], [-70.3498825, -18.6502474], [-70.3499245, -18.6503985]]], [[[-70.3503036, -18.6500032], [-70.3503744, -18.6499801], [-70.3503014, -18.6498522], [-70.3503036, -18.6500032]]], [[[-70.3501176, -18.6494827], [-70.3500503, -18.6495183], [-70.3501662, -18.6496117], [-70.3501176, -18.6494827]]], [[[-70.350111, -18.6490561], [-70.3499272, -18.6489617], [-70.3499272, -18.6493057], [-70.350111, -18.6490561]]], [[[-70.3492608, -18.6481686], [-70.3492342, -18.6480972], [-70.3491302, -18.6481266], [-70.3492608, -18.6481686]]], [[[-70.3491855, -18.6473101], [-70.3491711, -18.6472535], [-70.3491567, -18.6472849], [-70.3491855, -18.6473101]]], [[[-70.3485579, -18.6472315], [-70.3485081, -18.6472242], [-70.3485435, -18.6472735], [-70.3485579, -18.6472315]]], [[[-70.3488056, -18.6470331], [-70.3487195, -18.6471177], [-70.3488431, -18.6471488], [-70.3488056, -18.6470331]]], [[[-70.348577, -18.6469679], [-70.3485551, -18.6469946], [-70.348685, -18.6471518], [-70.348577, -18.6469679]]], [[[-70.3489333, -18.6469569], [-70.3489034, -18.6469925], [-70.3489543, -18.6469873], [-70.3489333, -18.6469569]]], [[[-70.3487849, -18.6469025], [-70.3487639, -18.6469486], [-70.348807, -18.6469035], [-70.3487849, -18.6469025]]], [[[-70.3493473, -18.6458836], [-70.3494146, -18.6458658], [-70.3493646, -18.645802], [-70.3493473, -18.6458836]]], [[[-70.3492581, -18.6457649], [-70.34928, -18.6458094], [-70.34928, -18.6457442], [-70.3492581, -18.6457649]]], [[[-70.3498498, -18.6456166], [-70.3498357, -18.6456389], [-70.3498702, -18.645624], [-70.3498498, -18.6456166]]], [[[-70.3492981, -18.6450199], [-70.3493795, -18.6449249], [-70.3492605, -18.6449531], [-70.3492981, -18.6450199]]], [[[-70.3495541, -18.6449128], [-70.3496083, -18.644917], [-70.3495552, -18.6448929], [-70.3495541, -18.6449128]]], [[[-70.3487702, -18.6447773], [-70.3487592, -18.6448233], [-70.3489346, -18.644893], [-70.3487702, -18.6447773]]], [[[-70.3492151, -18.6447633], [-70.3491071, -18.6449027], [-70.3492902, -18.6448211], [-70.3492151, -18.6447633]]], [[[-70.3489585, -18.6447468], [-70.3489742, -18.6448922], [-70.3490493, -18.6447809], [-70.3489585, -18.6447468]]], [[[-70.3501817, -18.6448363], [-70.3501795, -18.6447849], [-70.3500765, -18.6447849], [-70.3501817, -18.6448363]]], [[[-70.3494164, -18.6447262], [-70.3494133, -18.6446639], [-70.3493491, -18.6446921], [-70.3494164, -18.6447262]]], [[[-70.3488247, -18.6447351], [-70.3487965, -18.6446521], [-70.3487762, -18.6446699], [-70.3488247, -18.6447351]]], [[[-70.3491578, -18.6446254], [-70.3491722, -18.6447292], [-70.3491921, -18.6447145], [-70.3491578, -18.6446254]]], [[[-70.3489563, -18.6447323], [-70.3491179, -18.6446254], [-70.3489264, -18.6444408], [-70.3489563, -18.6447323]]], [[[-70.3485888, -18.6443875], [-70.3485778, -18.6444647], [-70.3486217, -18.6443979], [-70.3485888, -18.6443875]]], [[[-70.3484839, -18.6444513], [-70.3485324, -18.6444365], [-70.3484823, -18.6443683], [-70.3484839, -18.6444513]]], [[[-70.3490601, -18.6443212], [-70.3490955, -18.644466], [-70.3491763, -18.6443653], [-70.3490601, -18.6443212]]], [[[-70.3486145, -18.644375], [-70.3486455, -18.6443551], [-70.3485835, -18.64433], [-70.3486145, -18.644375]]], [[[-70.3486041, -18.6424151], [-70.3486824, -18.642335], [-70.3485462, -18.6423039], [-70.3486041, -18.6424151]]], [[[-70.3484805, -18.642252], [-70.3484773, -18.6421956], [-70.3484585, -18.6422431], [-70.3484805, -18.642252]]], [[[-70.3485759, -18.6422312], [-70.3487481, -18.6421511], [-70.3483787, -18.6418782], [-70.3485759, -18.6422312]]], [[[-70.3488851, -18.6420066], [-70.3491043, -18.6420792], [-70.3489696, -18.6419546], [-70.3488851, -18.6420066]]], [[[-70.3489279, -18.6417793], [-70.3487698, -18.6418565], [-70.3489342, -18.641901], [-70.3489279, -18.6417793]]], [[[-70.3488123, -18.6417788], [-70.3487622, -18.6417402], [-70.3486432, -18.6418723], [-70.3488123, -18.6417788]]], [[[-70.3489172, -18.6416794], [-70.3487982, -18.641672], [-70.3488921, -18.6417224], [-70.3489172, -18.6416794]]], [[[-70.348384, -18.6412136], [-70.3483589, -18.641178], [-70.3482916, -18.6412641], [-70.348384, -18.6412136]]], [[[-70.3466356, -18.6394202], [-70.346545, -18.6394342], [-70.3466402, -18.6394544], [-70.3466356, -18.6394202]]], [[[-70.346402, -18.6394603], [-70.3464454, -18.6394646], [-70.3464121, -18.6394042], [-70.346402, -18.6394603]]], [[[-70.3467911, -18.6390124], [-70.3467728, -18.6390174], [-70.346825, -18.6390582], [-70.3467911, -18.6390124]]], [[[-70.3466343, -18.6389716], [-70.346663, -18.6390434], [-70.3467218, -18.6389728], [-70.3466343, -18.6389716]]], [[[-70.3464592, -18.638875], [-70.3465154, -18.6387599], [-70.34639, -18.638771], [-70.3464592, -18.638875]]], [[[-70.3467375, -18.6387846], [-70.3466879, -18.6385593], [-70.3467061, -18.6387698], [-70.3467375, -18.6387846]]], [[[-70.3468812, -18.6386014], [-70.3468081, -18.6385853], [-70.3468917, -18.6386286], [-70.3468812, -18.6386014]]], [[[-70.3467793, -18.6384219], [-70.3468211, -18.6385147], [-70.3468773, -18.6384194], [-70.3467793, -18.6384219]]], [[[-70.3466079, -18.6377124], [-70.3464333, -18.6373447], [-70.3465109, -18.6376091], [-70.3466079, -18.6377124]]], [[[-70.3467252, -18.6374445], [-70.3468111, -18.6373438], [-70.3466827, -18.6373202], [-70.3467252, -18.6374445]]], [[[-70.3465931, -18.6374287], [-70.3466522, -18.6374191], [-70.3465903, -18.6373272], [-70.3465931, -18.6374287]]], [[[-70.3464305, -18.6372177], [-70.3464176, -18.637286], [-70.3464859, -18.6372265], [-70.3464305, -18.6372177]]], [[[-70.3461438, -18.6372762], [-70.3461318, -18.6371152], [-70.3460791, -18.6372692], [-70.3461438, -18.6372762]]], [[[-70.3460995, -18.6366377], [-70.3461583, -18.6366513], [-70.3461479, -18.6364978], [-70.3460995, -18.6366377]]], [[[-70.3462733, -18.6364928], [-70.3464314, -18.6366142], [-70.3463347, -18.636374], [-70.3462733, -18.6364928]]], [[[-70.3460107, -18.6364396], [-70.3459819, -18.6364978], [-70.3460904, -18.6365077], [-70.3460107, -18.6364396]]], [[[-70.3422001, -18.8500124], [-70.3422216, -18.8500276], [-70.3422658, -18.8499603], [-70.3422001, -18.8500124]]], [[[-70.3422913, -18.8497179], [-70.3423396, -18.8497268], [-70.342353, -18.8496418], [-70.3422913, -18.8497179]]], [[[-70.3435573, -18.8476555], [-70.343619, -18.8477025], [-70.3436109, -18.8476441], [-70.3435573, -18.8476555]]], [[[-70.3446932, -18.8462048], [-70.3447147, -18.8461769], [-70.3446865, -18.8461908], [-70.3446932, -18.8462048]]], [[[-70.3440495, -18.8459871], [-70.344315, -18.8459338], [-70.3439918, -18.8458196], [-70.3440495, -18.8459871]]], [[[-70.3439865, -18.8457688], [-70.3440334, -18.8457561], [-70.3439704, -18.8456838], [-70.3439865, -18.8457688]]], [[[-70.3441568, -18.8456229], [-70.3441621, -18.8456546], [-70.3442064, -18.8456381], [-70.3441568, -18.8456229]]], [[[-70.3441769, -18.8453938], [-70.3441501, -18.8453303], [-70.3441393, -18.8454242], [-70.3441769, -18.8453938]]], [[[-70.3447495, -18.8444996], [-70.344708, -18.8444691], [-70.3447241, -18.8445212], [-70.3447495, -18.8444996]]], [[[-70.344539, -18.8443092], [-70.3444639, -18.844327], [-70.3445309, -18.84436], [-70.344539, -18.8443092]]], [[[-70.3447469, -18.8441506], [-70.3445417, -18.8441518], [-70.3446329, -18.8442991], [-70.3447469, -18.8441506]]], [[[-70.3445403, -18.8440313], [-70.3444009, -18.8439272], [-70.3444639, -18.8440681], [-70.3445403, -18.8440313]]], [[[-70.3446744, -18.8439373], [-70.3446195, -18.8439031], [-70.3445698, -18.8440097], [-70.3446744, -18.8439373]]], [[[-70.3450258, -18.8428014], [-70.3450647, -18.842809], [-70.3450406, -18.842776], [-70.3450258, -18.8428014]]], [[[-70.3425961, -18.7283351], [-70.3425455, -18.7283738], [-70.3426172, -18.7283831], [-70.3425961, -18.7283351]]], [[[-70.3425483, -18.7282592], [-70.3425244, -18.7282765], [-70.3425666, -18.7283085], [-70.3425483, -18.7282592]]], [[[-70.3423761, -18.7283454], [-70.3424352, -18.7282188], [-70.3422833, -18.7281469], [-70.3423761, -18.7283454]]], [[[-70.34252, -18.7276651], [-70.3425158, -18.7275972], [-70.3424103, -18.7276025], [-70.34252, -18.7276651]]], [[[-70.3416722, -18.7274002], [-70.3418831, -18.7275396], [-70.3417021, -18.727387], [-70.3416722, -18.7274002]]], [[[-70.3424539, -18.727464], [-70.3424215, -18.7274187], [-70.3424032, -18.7274893], [-70.3424539, -18.727464]]], [[[-70.3423618, -18.727163], [-70.3423913, -18.7271018], [-70.3423041, -18.7270538], [-70.3423618, -18.727163]]], [[[-70.3426079, -18.7268553], [-70.3426853, -18.7269232], [-70.3427022, -18.7268273], [-70.3426079, -18.7268553]]], [[[-70.3431372, -18.7258185], [-70.3431625, -18.7257013], [-70.3430148, -18.7258398], [-70.3431372, -18.7258185]]], [[[-70.3429082, -18.7256785], [-70.3429293, -18.7256185], [-70.342776, -18.725476], [-70.3429082, -18.7256785]]], [[[-70.3428119, -18.7252553], [-70.342978, -18.7255191], [-70.3428995, -18.7252497], [-70.3428119, -18.7252553]]], [[[-70.3435393, -18.7232427], [-70.3435055, -18.7232666], [-70.3435899, -18.723296], [-70.3435393, -18.7232427]]], [[[-70.3432256, -18.723272], [-70.3432425, -18.723204], [-70.3431665, -18.723244], [-70.3432256, -18.723272]]], [[[-70.3428932, -18.712876], [-70.3430015, -18.7126627], [-70.3426102, -18.7124467], [-70.3428932, -18.712876]]], [[[-70.342858, -18.7123774], [-70.3426243, -18.7119894], [-70.3425413, -18.712328], [-70.342858, -18.7123774]]], [[[-70.3426311, -18.7118954], [-70.3428381, -18.7120425], [-70.3427744, -18.7118501], [-70.3426311, -18.7118954]]], [[[-70.3424221, -18.7118475], [-70.3425277, -18.7119275], [-70.3424446, -18.7118209], [-70.3424221, -18.7118475]]], [[[-70.3425401, -18.7108479], [-70.3423867, -18.7108586], [-70.3424317, -18.7112452], [-70.3425401, -18.7108479]]], [[[-70.3418265, -18.710295], [-70.341925, -18.7105496], [-70.3419025, -18.7103523], [-70.3418265, -18.710295]]], [[[-70.3417058, -18.6693909], [-70.3417512, -18.6693583], [-70.3416886, -18.6693345], [-70.3417058, -18.6693909]]], [[[-70.3416825, -18.6689607], [-70.3417608, -18.668937], [-70.3416434, -18.6687057], [-70.3416825, -18.6689607]]], [[[-70.3424295, -18.6686865], [-70.3423402, -18.6687518], [-70.3423778, -18.6689327], [-70.3424295, -18.6686865]]], [[[-70.3430376, -18.6682444], [-70.3432208, -18.6683349], [-70.343119, -18.6681792], [-70.3430376, -18.6682444]]], [[[-70.3422719, -18.6680196], [-70.3423189, -18.668076], [-70.3423677, -18.6677296], [-70.3422719, -18.6680196]]], [[[-70.3417398, -18.6670396], [-70.3418619, -18.6670663], [-70.3417586, -18.6669951], [-70.3417398, -18.6670396]]], [[[-70.3423627, -18.6640931], [-70.3421718, -18.664019], [-70.3423565, -18.6641688], [-70.3423627, -18.6640931]]], [[[-70.3425756, -18.6640946], [-70.3425881, -18.6640412], [-70.3424598, -18.6640472], [-70.3425756, -18.6640946]]], [[[-70.3430204, -18.6636603], [-70.3434039, -18.6636588], [-70.3430924, -18.6632169], [-70.3430204, -18.6636603]]], [[[-70.3435651, -18.6634082], [-70.3435526, -18.6634571], [-70.3435855, -18.6634349], [-70.3435651, -18.6634082]]], [[[-70.3436278, -18.6633904], [-70.3436231, -18.6634482], [-70.3436622, -18.663423], [-70.3436278, -18.6633904]]], [[[-70.3429371, -18.6632592], [-70.342902, -18.663446], [-70.3429856, -18.6633631], [-70.3429371, -18.6632592]]], [[[-70.3429987, -18.6632018], [-70.3429627, -18.6630921], [-70.3429377, -18.6631914], [-70.3429987, -18.6632018]]], [[[-70.3432492, -18.6630683], [-70.3432507, -18.6630164], [-70.343102, -18.6630209], [-70.3432492, -18.6630683]]], [[[-70.3429189, -18.6629556], [-70.3429299, -18.6629779], [-70.3430238, -18.6629645], [-70.3429189, -18.6629556]]], [[[-70.3431584, -18.6627969], [-70.3432476, -18.6628518], [-70.3432116, -18.6627836], [-70.3431584, -18.6627969]]], [[[-70.3433603, -18.6627154], [-70.3433995, -18.662705], [-70.3433494, -18.6626946], [-70.3433603, -18.6627154]]], [[[-70.3434981, -18.6626872], [-70.3435576, -18.6627213], [-70.3436108, -18.6625893], [-70.3434981, -18.6626872]]], [[[-70.3435466, -18.6624054], [-70.3435513, -18.6624499], [-70.3436123, -18.6624232], [-70.3435466, -18.6624054]]], [[[-70.3434607, -18.6622646], [-70.3434452, -18.6622783], [-70.3434829, -18.662336], [-70.3434607, -18.6622646]]], [[[-70.3435466, -18.6622779], [-70.3435309, -18.6622957], [-70.3435904, -18.6623224], [-70.3435466, -18.6622779]]], [[[-70.3437565, -18.6620893], [-70.3436892, -18.6621783], [-70.3437863, -18.6622732], [-70.3437565, -18.6620893]]], [[[-70.3436423, -18.662159], [-70.3436094, -18.6621412], [-70.3436282, -18.6621812], [-70.3436423, -18.662159]]], [[[-70.3440054, -18.6620477], [-70.3439882, -18.6620566], [-70.3440179, -18.6620952], [-70.3440054, -18.6620477]]], [[[-70.3437338, -18.6618853], [-70.3437119, -18.661906], [-70.3437995, -18.6619446], [-70.3437338, -18.6618853]]], [[[-70.3437479, -18.6618082], [-70.3437479, -18.6617548], [-70.3437041, -18.661774], [-70.3437479, -18.6618082]]], [[[-70.3438042, -18.6616183], [-70.3437823, -18.6615961], [-70.3437573, -18.6616495], [-70.3438042, -18.6616183]]], [[[-70.3435857, -18.6608704], [-70.343628, -18.6608793], [-70.3436108, -18.6608466], [-70.3435857, -18.6608704]]], [[[-70.3437767, -18.6608481], [-70.3438659, -18.6608629], [-70.3437986, -18.6607947], [-70.3437767, -18.6608481]]], [[[-70.3435998, -18.6607666], [-70.3436233, -18.6607918], [-70.343617, -18.6607413], [-70.3435998, -18.6607666]]], [[[-70.3435607, -18.6607621], [-70.3435497, -18.6607458], [-70.3435169, -18.6607651], [-70.3435607, -18.6607621]]], [[[-70.3435325, -18.6606761], [-70.3435763, -18.6606553], [-70.3434965, -18.6605782], [-70.3435325, -18.6606761]]], [[[-70.3439454, -18.6603166], [-70.3439299, -18.6602379], [-70.3438923, -18.6603051], [-70.3439454, -18.6603166]]], [[[-70.3441734, -18.6603384], [-70.3441843, -18.6601901], [-70.3441123, -18.6603354], [-70.3441734, -18.6603384]]], [[[-70.3441766, -18.6598553], [-70.3442231, -18.6598773], [-70.3441899, -18.6598385], [-70.3441766, -18.6598553]]], [[[-70.343901, -18.6597284], [-70.343839, -18.6597599], [-70.3438766, -18.6597798], [-70.343901, -18.6597284]]], [[[-70.3437527, -18.6596959], [-70.3437327, -18.6597798], [-70.3437792, -18.6597861], [-70.3437527, -18.6596959]]], [[[-70.343611, -18.6595019], [-70.3435844, -18.6595229], [-70.3436254, -18.6595354], [-70.343611, -18.6595019]]], [[[-70.3437604, -18.6594463], [-70.3437349, -18.659332], [-70.343694, -18.6594526], [-70.3437604, -18.6594463]]], [[[-70.3438246, -18.659333], [-70.3438324, -18.6594138], [-70.3438755, -18.6593488], [-70.3438246, -18.659333]]], [[[-70.344279, -18.6593307], [-70.3442945, -18.6593255], [-70.3442436, -18.659293], [-70.344279, -18.6593307]]], [[[-70.3438523, -18.6592848], [-70.3438379, -18.6592366], [-70.3438058, -18.6592911], [-70.3438523, -18.6592848]]], [[[-70.3447683, -18.6592608], [-70.3448481, -18.6592445], [-70.3447605, -18.65924], [-70.3447683, -18.6592608]]], [[[-70.3442702, -18.6590581], [-70.3442669, -18.6591503], [-70.3443012, -18.6590748], [-70.3442702, -18.6590581]]], [[[-70.344434, -18.6590665], [-70.3444251, -18.6589763], [-70.344403, -18.6590633], [-70.344434, -18.6590665]]], [[[-70.3450422, -18.6587536], [-70.3450532, -18.6589568], [-70.3452066, -18.6588292], [-70.3450422, -18.6587536]]], [[[-70.3441606, -18.6587225], [-70.344165, -18.6588703], [-70.3442669, -18.658799], [-70.3441606, -18.6587225]]], [[[-70.3453978, -18.6587033], [-70.3453314, -18.6587158], [-70.3453635, -18.6587431], [-70.3453978, -18.6587033]]], [[[-70.3456702, -18.6548089], [-70.345637, -18.6547376], [-70.3455031, -18.6547806], [-70.3456702, -18.6548089]]], [[[-70.3453845, -18.6359516], [-70.3455008, -18.6358934], [-70.3453401, -18.6358909], [-70.3453845, -18.6359516]]], [[[-70.3454564, -18.6357065], [-70.3453715, -18.6355431], [-70.3453662, -18.6356731], [-70.3454564, -18.6357065]]], [[[-70.3449573, -18.6354935], [-70.3452251, -18.6356062], [-70.3450553, -18.6354378], [-70.3449573, -18.6354935]]], [[[-70.3446303, -18.6349411], [-70.3446381, -18.6348297], [-70.3445519, -18.6349064], [-70.3446303, -18.6349411]]], [[[-70.3443141, -18.6344843], [-70.344386, -18.6345078], [-70.3443938, -18.634249], [-70.3443141, -18.6344843]]], [[[-70.3441321, -18.6342997], [-70.3441884, -18.6342599], [-70.3440997, -18.6342442], [-70.3441321, -18.6342997]]], [[[-70.3442593, -18.6338103], [-70.3443704, -18.6337695], [-70.3441822, -18.6336803], [-70.3442593, -18.6338103]]], [[[-70.3443612, -18.6335281], [-70.3440842, -18.6332668], [-70.3441796, -18.6334191], [-70.3443612, -18.6335281]]], [[[-70.3429657, -18.6304369], [-70.3429777, -18.6304938], [-70.342998, -18.6304308], [-70.3429657, -18.6304369]]], [[[-70.3433226, -18.6302471], [-70.3432394, -18.6301779], [-70.3433041, -18.6302629], [-70.3433226, -18.6302471]]], [[[-70.3431914, -18.6298367], [-70.3432312, -18.6297973], [-70.3431628, -18.6297894], [-70.3431914, -18.6298367]]], [[[-70.342988, -18.6296372], [-70.342982, -18.629587], [-70.342941, -18.6296192], [-70.342988, -18.6296372]]], [[[-70.3421853, -18.6284537], [-70.3422044, -18.6285053], [-70.3423387, -18.6284403], [-70.3421853, -18.6284537]]], [[[-70.3422116, -18.6281914], [-70.3422808, -18.6281238], [-70.3421593, -18.6280923], [-70.3422116, -18.6281914]]], [[[-70.342179, -18.6280216], [-70.342152, -18.6280406], [-70.3421775, -18.6280486], [-70.342179, -18.6280216]]], [[[-70.3404111, -18.8512143], [-70.3404728, -18.8511978], [-70.3403923, -18.8511978], [-70.3404111, -18.8512143]]], [[[-70.3411648, -18.8505442], [-70.3411782, -18.8506203], [-70.341205, -18.8505543], [-70.3411648, -18.8505442]]], [[[-70.3398058, -18.7374046], [-70.3397861, -18.7373726], [-70.3397481, -18.7373979], [-70.3398058, -18.7374046]]], [[[-70.3399844, -18.7371994], [-70.3399985, -18.7372621], [-70.3402334, -18.7372061], [-70.3399844, -18.7371994]]], [[[-70.3400702, -18.7363666], [-70.3400722, -18.7363176], [-70.3400404, -18.7363214], [-70.3400702, -18.7363666]]], [[[-70.3400316, -18.7361314], [-70.3400569, -18.7361993], [-70.3401089, -18.7361913], [-70.3400316, -18.7361314]]], [[[-70.3397348, -18.7360501], [-70.3399556, -18.7361993], [-70.3398248, -18.7360235], [-70.3397348, -18.7360501]]], [[[-70.3405804, -18.7348911], [-70.3405354, -18.7348617], [-70.3405733, -18.7349244], [-70.3405804, -18.7348911]]], [[[-70.3400513, -18.734468], [-70.3400597, -18.7347012], [-70.3403649, -18.7349596], [-70.3400513, -18.734468]]], [[[-70.3405959, -18.7344435], [-70.3405494, -18.7344661], [-70.3406057, -18.7344914], [-70.3405959, -18.7344435]]], [[[-70.3402437, -18.7343687], [-70.340172, -18.7342781], [-70.3401931, -18.7344086], [-70.3402437, -18.7343687]]], [[[-70.3404336, -18.734342], [-70.3403759, -18.7342688], [-70.34039, -18.7343713], [-70.3404336, -18.734342]]], [[[-70.3412756, -18.7093723], [-70.341453, -18.7095883], [-70.3413319, -18.7094283], [-70.3412756, -18.7093723]]], [[[-70.341194, -18.7092163], [-70.3412376, -18.7092896], [-70.341491, -18.7094603], [-70.341194, -18.7092163]]], [[[-70.3412426, -18.708997], [-70.3414382, -18.7091076], [-70.3413129, -18.7089676], [-70.3412426, -18.708997]]], [[[-70.3411905, -18.708494], [-70.3412214, -18.7085553], [-70.3412462, -18.7085252], [-70.3411905, -18.708494]]], [[[-70.3412874, -18.7084193], [-70.3412973, -18.7084476], [-70.3413371, -18.7084117], [-70.3412874, -18.7084193]]], [[[-70.3397698, -18.7072995], [-70.3397549, -18.7072298], [-70.339725, -18.7072646], [-70.3397698, -18.7072995]]], [[[-70.3398174, -18.7064201], [-70.3398216, -18.7064494], [-70.3399159, -18.7064308], [-70.3398174, -18.7064201]]], [[[-70.3392143, -18.7057841], [-70.3394113, -18.7055908], [-70.3391819, -18.7056201], [-70.3392143, -18.7057841]]], [[[-70.3390901, -18.6711254], [-70.3391512, -18.6714754], [-70.3394784, -18.6711595], [-70.3390901, -18.6711254]]], [[[-70.3396192, -18.6712782], [-70.339566, -18.6712381], [-70.3395582, -18.6712974], [-70.3396192, -18.6712782]]], [[[-70.3397663, -18.6703639], [-70.3398371, -18.6704079], [-70.3397796, -18.6703324], [-70.3397663, -18.6703639]]], [[[-70.340276, -18.6702005], [-70.3403198, -18.6701115], [-70.3402306, -18.6701159], [-70.340276, -18.6702005]]], [[[-70.3404309, -18.6698283], [-70.3404685, -18.66972], [-70.3403761, -18.6698105], [-70.3404309, -18.6698283]]], [[[-70.3402306, -18.6695613], [-70.3401742, -18.6697586], [-70.3403198, -18.6699187], [-70.3402306, -18.6695613]]], [[[-70.3411147, -18.6696071], [-70.3411325, -18.6696753], [-70.341159, -18.669626], [-70.3411147, -18.6696071]]], [[[-70.3411701, -18.6695149], [-70.3412609, -18.6696292], [-70.3412044, -18.669518], [-70.3411701, -18.6695149]]], [[[-70.3414778, -18.6694598], [-70.3415608, -18.6692406], [-70.3414457, -18.669421], [-70.3414778, -18.6694598]]], [[[-70.3416349, -18.6672443], [-70.3415848, -18.6672621], [-70.3416631, -18.6672902], [-70.3416349, -18.6672443]]], [[[-70.3415801, -18.6669491], [-70.3414361, -18.6669462], [-70.3415942, -18.667053], [-70.3415801, -18.6669491]]], [[[-70.3413226, -18.6665521], [-70.3411692, -18.666515], [-70.341307, -18.6665714], [-70.3413226, -18.6665521]]], [[[-70.3412718, -18.6657284], [-70.3414236, -18.6657981], [-70.3413109, -18.6657151], [-70.3412718, -18.6657284]]], [[[-70.3411356, -18.6656602], [-70.3410918, -18.6656988], [-70.3412061, -18.6657729], [-70.3411356, -18.6656602]]], [[[-70.340965, -18.6656498], [-70.3409556, -18.6656736], [-70.3410401, -18.6656914], [-70.340965, -18.6656498]]], [[[-70.3410746, -18.665589], [-70.3410511, -18.6655327], [-70.3409854, -18.665595], [-70.3410746, -18.665589]]], [[[-70.3414409, -18.6654837], [-70.3412468, -18.6654734], [-70.3413939, -18.6655238], [-70.3414409, -18.6654837]]], [[[-70.3410254, -18.6653437], [-70.3410254, -18.6653986], [-70.3410474, -18.6653927], [-70.3410254, -18.6653437]]], [[[-70.3412811, -18.6644031], [-70.341436, -18.6643363], [-70.3412795, -18.6643171], [-70.3412811, -18.6644031]]], [[[-70.3415957, -18.6642978], [-70.3415425, -18.6643571], [-70.3416474, -18.6643541], [-70.3415957, -18.6642978]]], [[[-70.3416245, -18.627395], [-70.3416564, -18.6274419], [-70.341715, -18.6274212], [-70.3416245, -18.627395]]], [[[-70.3412886, -18.6267186], [-70.3412914, -18.6267661], [-70.3413218, -18.6267688], [-70.3412886, -18.6267186]]], [[[-70.3414857, -18.6265455], [-70.3414602, -18.6266031], [-70.3415069, -18.6265743], [-70.3414857, -18.6265455]]], [[[-70.3401466, -18.6228503], [-70.3401956, -18.622784], [-70.3400746, -18.6227641], [-70.3401466, -18.6228503]]], [[[-70.3402066, -18.6227508], [-70.3402685, -18.6227527], [-70.3402216, -18.6227394], [-70.3402066, -18.6227508]]], [[[-70.3401546, -18.6226286], [-70.3401016, -18.622693], [-70.3401966, -18.6226608], [-70.3401546, -18.6226286]]], [[[-70.3400027, -18.6227044], [-70.3400566, -18.6226438], [-70.3399607, -18.6225907], [-70.3400027, -18.6227044]]], [[[-70.3400696, -18.6224837], [-70.3400426, -18.6224335], [-70.3399367, -18.6224325], [-70.3400696, -18.6224837]]], [[[-70.3402316, -18.6223928], [-70.3401806, -18.6223312], [-70.3401186, -18.6224288], [-70.3402316, -18.6223928]]], [[[-70.3399283, -18.6222106], [-70.3399373, -18.6221632], [-70.3399043, -18.6222011], [-70.3399283, -18.6222106]]], [[[-70.3398494, -18.6221869], [-70.3398593, -18.6221651], [-70.3397704, -18.6220534], [-70.3398494, -18.6221869]]], [[[-70.3399353, -18.6220467], [-70.3401572, -18.6221159], [-70.3399553, -18.6219577], [-70.3399353, -18.6220467]]], [[[-70.3397314, -18.6219908], [-70.3397194, -18.6219378], [-70.3396924, -18.622006], [-70.3397314, -18.6219908]]], [[[-70.3396467, -18.6214164], [-70.3395947, -18.6214827], [-70.3396647, -18.6214562], [-70.3396467, -18.6214164]]], [[[-70.3397913, -18.6213365], [-70.3397813, -18.6213052], [-70.3397783, -18.6213431], [-70.3397913, -18.6213365]]], [[[-70.3396533, -18.6212493], [-70.3396553, -18.6212796], [-70.3396803, -18.6212503], [-70.3396533, -18.6212493]]], [[[-70.3400681, -18.6190641], [-70.3399532, -18.6191086], [-70.3400851, -18.6191209], [-70.3400681, -18.6190641]]], [[[-70.3398542, -18.6190575], [-70.3398212, -18.6190016], [-70.3397813, -18.6190461], [-70.3398542, -18.6190575]]], [[[-70.3397683, -18.6189921], [-70.3397803, -18.6189608], [-70.3396783, -18.6189409], [-70.3397683, -18.6189921]]], [[[-70.3398846, -18.6185051], [-70.3398686, -18.6184577], [-70.3397417, -18.6185278], [-70.3398846, -18.6185051]]], [[[-70.3395873, -18.6180954], [-70.3395683, -18.61805], [-70.3395443, -18.6181125], [-70.3395873, -18.6180954]]], [[[-70.3396292, -18.617409], [-70.3396042, -18.6173531], [-70.3395772, -18.6174345], [-70.3396292, -18.617409]]], [[[-70.3396014, -18.6166772], [-70.3396523, -18.6167254], [-70.3396155, -18.6166597], [-70.3396014, -18.6166772]]], [[[-70.3395759, -18.6166879], [-70.3395462, -18.616641], [-70.3395279, -18.6166986], [-70.3395759, -18.6166879]]], [[[-70.33932, -18.615452], [-70.339336, -18.6154861], [-70.339364, -18.615452], [-70.33932, -18.615452]]], [[[-70.3393114, -18.6146683], [-70.3392524, -18.6147099], [-70.3393283, -18.6147043], [-70.3393114, -18.6146683]]], [[[-70.3393746, -18.6146259], [-70.339335, -18.6146674], [-70.3394142, -18.6146567], [-70.3393746, -18.6146259]]], [[[-70.3394884, -18.6143018], [-70.3394694, -18.6142848], [-70.3394854, -18.6143236], [-70.3394884, -18.6143018]]], [[[-70.3392585, -18.6141749], [-70.3393025, -18.6141692], [-70.3392515, -18.6141531], [-70.3392585, -18.6141749]]], [[[-70.3398087, -18.6136192], [-70.3396574, -18.6135816], [-70.3397338, -18.613733], [-70.3398087, -18.6136192]]], [[[-70.3394939, -18.6136106], [-70.3395139, -18.6135158], [-70.3394709, -18.6135462], [-70.3394939, -18.6136106]]], [[[-70.3396076, -18.613375], [-70.3395587, -18.6133721], [-70.3396016, -18.613392], [-70.3396076, -18.613375]]], [[[-70.3392874, -18.6131145], [-70.3392804, -18.6131628], [-70.3393283, -18.6131297], [-70.3392874, -18.6131145]]], [[[-70.3394637, -18.6130643], [-70.3394377, -18.6131012], [-70.3394927, -18.613124], [-70.3394637, -18.6130643]]], [[[-70.3394651, -18.6113125], [-70.339434, -18.6114263], [-70.3397436, -18.6114799], [-70.3394651, -18.6113125]]], [[[-70.3393789, -18.6109936], [-70.3393478, -18.6109507], [-70.3393097, -18.6109963], [-70.3393789, -18.6109936]]], [[[-70.339304, -18.6105341], [-70.3393125, -18.6106145], [-70.3394001, -18.6105435], [-70.339304, -18.6105341]]], [[[-70.3399099, -18.6049449], [-70.3398052, -18.6049544], [-70.3399031, -18.6049989], [-70.3399099, -18.6049449]]], [[[-70.3395042, -18.6047517], [-70.33924, -18.6048064], [-70.3393848, -18.6050135], [-70.3395042, -18.6047517]]], [[[-70.3393774, -18.6043558], [-70.3393157, -18.6044244], [-70.3393747, -18.6044333], [-70.3393774, -18.6043558]]], [[[-70.3394096, -18.6042871], [-70.3394297, -18.6043393], [-70.3395585, -18.6043634], [-70.3394096, -18.6042871]]], [[[-70.33924, -18.5874821], [-70.3392641, -18.5875317], [-70.3393124, -18.5874643], [-70.33924, -18.5874821]]], [[[-70.3396932, -18.5825461], [-70.3396852, -18.5826834], [-70.3398059, -18.5825843], [-70.3396932, -18.5825461]]], [[[-70.3393902, -18.5823783], [-70.3396061, -18.5826059], [-70.3394787, -18.5823618], [-70.3393902, -18.5823783]]], [[[-70.3401586, -18.5818521], [-70.3404456, -18.5820275], [-70.3401908, -18.581819], [-70.3401586, -18.5818521]]], [[[-70.3408117, -18.5819525], [-70.3407527, -18.5817961], [-70.3406709, -18.5819512], [-70.3408117, -18.5819525]]], [[[-70.3411698, -18.580933], [-70.3410169, -18.5808033], [-70.3409324, -18.5809572], [-70.3411698, -18.580933]]], [[[-70.3405086, -18.5802758], [-70.3405971, -18.5802516], [-70.3405153, -18.5802529], [-70.3405086, -18.5802758]]], [[[-70.34075, -18.5802656], [-70.3407608, -18.5802427], [-70.3407125, -18.5802631], [-70.34075, -18.5802656]]], [[[-70.340577, -18.580141], [-70.3405328, -18.5801207], [-70.3405609, -18.5801576], [-70.340577, -18.580141]]], [[[-70.3406709, -18.579808], [-70.340624, -18.5797266], [-70.34051, -18.5797698], [-70.3406709, -18.579808]]], [[[-70.340565, -18.5796783], [-70.3404952, -18.5795919], [-70.3405301, -18.5796834], [-70.340565, -18.5796783]]], [[[-70.3405328, -18.579419], [-70.3405167, -18.5794597], [-70.3405891, -18.5795105], [-70.3405328, -18.579419]]], [[[-70.3403651, -18.5793592], [-70.3403155, -18.579241], [-70.3401841, -18.5792576], [-70.3403651, -18.5793592]]], [[[-70.3401559, -18.5787808], [-70.3401767, -18.5787472], [-70.3400835, -18.5786544], [-70.3401559, -18.5787808]]], [[[-70.3396235, -18.5779571], [-70.3395766, -18.578102], [-70.3397268, -18.5779558], [-70.3396235, -18.5779571]]], [[[-70.3398421, -18.5778668], [-70.339885, -18.5781262], [-70.3401023, -18.5779558], [-70.3398421, -18.5778668]]], [[[-70.3390539, -18.8542831], [-70.3390083, -18.8542438], [-70.3389922, -18.8543059], [-70.3390539, -18.8542831]]], [[[-70.3388232, -18.8542057], [-70.33885, -18.8541727], [-70.3387803, -18.8541905], [-70.3388232, -18.8542057]]], [[[-70.338909, -18.8538529], [-70.3389157, -18.8538871], [-70.3389546, -18.8538478], [-70.338909, -18.8538529]]], [[[-70.3388272, -18.853844], [-70.33885, -18.8538389], [-70.3388232, -18.8537983], [-70.3388272, -18.853844]]], [[[-70.3384798, -18.7487326], [-70.3385365, -18.7487656], [-70.3385245, -18.7486902], [-70.3384798, -18.7487326]]], [[[-70.3384109, -18.7486847], [-70.3384341, -18.7487133], [-70.3384545, -18.748684], [-70.3384109, -18.7486847]]], [[[-70.3385548, -18.7486598], [-70.3385468, -18.7486118], [-70.3385061, -18.7486269], [-70.3385548, -18.7486598]]], [[[-70.3384938, -18.7484648], [-70.3386241, -18.7483584], [-70.338449, -18.7484055], [-70.3384938, -18.7484648]]], [[[-70.3383465, -18.7482021], [-70.3385256, -18.7483009], [-70.3383664, -18.7481276], [-70.3383465, -18.7482021]]], [[[-70.3382579, -18.7478352], [-70.3381686, -18.7478146], [-70.3382206, -18.7479158], [-70.3382579, -18.7478352]]], [[[-70.3384858, -18.747385], [-70.3384788, -18.7473816], [-70.3384718, -18.7474389], [-70.3384858, -18.747385]]], [[[-70.338561, -18.7471177], [-70.3386018, -18.7471144], [-70.3385849, -18.7470804], [-70.338561, -18.7471177]]], [[[-70.3381772, -18.7432749], [-70.3382842, -18.7432936], [-70.3382194, -18.7431444], [-70.3381772, -18.7432749]]], [[[-70.338166, -18.7430139], [-70.3382996, -18.7428434], [-70.3379719, -18.7427142], [-70.338166, -18.7430139]]], [[[-70.3391207, -18.7053431], [-70.3391432, -18.7053911], [-70.3392361, -18.7053565], [-70.3391207, -18.7053431]]], [[[-70.3390728, -18.7052111], [-70.3391558, -18.7052751], [-70.3390812, -18.7051831], [-70.3390728, -18.7052111]]], [[[-70.3384499, -18.6738071], [-70.3384267, -18.6736131], [-70.3382894, -18.6736383], [-70.3384499, -18.6738071]]], [[[-70.3386744, -18.6733031], [-70.3385849, -18.6732267], [-70.3386133, -18.6733134], [-70.3386744, -18.6733031]]], [[[-70.338453, -18.6734646], [-70.3384013, -18.6731872], [-70.3380742, -18.67299], [-70.338453, -18.6734646]]], [[[-70.3390437, -18.6732115], [-70.339005, -18.6731507], [-70.3389961, -18.6732283], [-70.3390437, -18.6732115]]], [[[-70.3385874, -18.6731132], [-70.3386194, -18.6731708], [-70.3387169, -18.6732547], [-70.3385874, -18.6731132]]], [[[-70.3385937, -18.6725058], [-70.3386046, -18.6725251], [-70.3386985, -18.6724302], [-70.3385937, -18.6725058]]], [[[-70.3386093, -18.672399], [-70.3385514, -18.6722774], [-70.3385013, -18.6724079], [-70.3386093, -18.672399]]], [[[-70.3389802, -18.6713935], [-70.3388958, -18.6713641], [-70.3389724, -18.6714784], [-70.3389802, -18.6713935]]], [[[-70.3392342, -18.6710349], [-70.3391919, -18.6710172], [-70.3390761, -18.6710602], [-70.3392342, -18.6710349]]], [[[-70.3392736, -18.6706914], [-70.3391843, -18.6706484], [-70.3392626, -18.6707151], [-70.3392736, -18.6706914]]], [[[-70.3389902, -18.6126802], [-70.3389195, -18.6126615], [-70.3389393, -18.6127552], [-70.3389902, -18.6126802]]], [[[-70.3388404, -18.6124324], [-70.3388333, -18.6123627], [-70.3388135, -18.6124177], [-70.3388404, -18.6124324]]], [[[-70.3389478, -18.6110566], [-70.3389266, -18.6110003], [-70.3388856, -18.6111303], [-70.3389478, -18.6110566]]], [[[-70.3389407, -18.6106922], [-70.3389619, -18.610648], [-70.338904, -18.6106627], [-70.3389407, -18.6106922]]], [[[-70.3391263, -18.6087144], [-70.3391297, -18.6086616], [-70.3390485, -18.6087296], [-70.3391263, -18.6087144]]], [[[-70.338791, -18.6085987], [-70.3388581, -18.6087417], [-70.3388708, -18.6085962], [-70.338791, -18.6085987]]], [[[-70.3391686, -18.6084894], [-70.3391813, -18.6085186], [-70.3391984, -18.6084862], [-70.3391686, -18.6084894]]], [[[-70.3385386, -18.6063653], [-70.3385104, -18.6063576], [-70.3385117, -18.6064415], [-70.3385386, -18.6063653]]], [[[-70.3390753, -18.6044578], [-70.3389774, -18.6048442], [-70.3392685, -18.6042811], [-70.3390753, -18.6044578]]], [[[-70.3389805, -18.6042541], [-70.3389899, -18.6042325], [-70.3388624, -18.604127], [-70.3389805, -18.6042541]]], [[[-70.3390985, -18.6041912], [-70.3390884, -18.6041556], [-70.3390046, -18.6041861], [-70.3390985, -18.6041912]]], [[[-70.3392467, -18.6041086], [-70.3389818, -18.6039865], [-70.3391608, -18.6041505], [-70.3392467, -18.6041086]]], [[[-70.3383247, -18.6029602], [-70.3383971, -18.6030759], [-70.3383555, -18.602964], [-70.3383247, -18.6029602]]], [[[-70.338326, -18.6027085], [-70.3383421, -18.6027606], [-70.3383595, -18.6027568], [-70.338326, -18.6027085]]], [[[-70.3384259, -18.6025191], [-70.3384407, -18.6025503], [-70.3384387, -18.6025217], [-70.3384259, -18.6025191]]], [[[-70.3383247, -18.6025204], [-70.3383676, -18.6024556], [-70.3382402, -18.6024556], [-70.3383247, -18.6025204]]], [[[-70.3385117, -18.6024785], [-70.3385097, -18.602453], [-70.3384635, -18.602467], [-70.3385117, -18.6024785]]], [[[-70.3382402, -18.6022497], [-70.338265, -18.6022376], [-70.3382301, -18.6022115], [-70.3382402, -18.6022497]]], [[[-70.3382563, -18.6021296], [-70.3382905, -18.6021734], [-70.3383086, -18.6021213], [-70.3382563, -18.6021296]]], [[[-70.3381926, -18.6020183], [-70.3382355, -18.6020724], [-70.3382388, -18.6020171], [-70.3381926, -18.6020183]]], [[[-70.3383743, -18.6020095], [-70.338332, -18.602038], [-70.3383971, -18.602052], [-70.3383743, -18.6020095]]], [[[-70.3382851, -18.6018766], [-70.3382858, -18.6018023], [-70.3382429, -18.6018366], [-70.3382851, -18.6018766]]], [[[-70.3382797, -18.6010962], [-70.3383019, -18.6010377], [-70.3382636, -18.6010835], [-70.3382797, -18.6010962]]], [[[-70.338676, -18.6006412], [-70.3386016, -18.6006202], [-70.3386532, -18.6006787], [-70.338676, -18.6006412]]], [[[-70.3385332, -18.5994013], [-70.3385131, -18.599421], [-70.3385667, -18.5994515], [-70.3385332, -18.5994013]]], [[[-70.3384273, -18.5986024], [-70.3384004, -18.5984066], [-70.338096, -18.5984702], [-70.3384273, -18.5986024]]], [[[-70.3383857, -18.5979294], [-70.3383615, -18.5979421], [-70.3384112, -18.597998], [-70.3383857, -18.5979294]]], [[[-70.3384299, -18.596854], [-70.3384246, -18.5968731], [-70.3384863, -18.5969061], [-70.3384299, -18.596854]]], [[[-70.3389396, -18.5967231], [-70.3389744, -18.5967409], [-70.3389785, -18.5966939], [-70.3389396, -18.5967231]]], [[[-70.3387116, -18.5966939], [-70.338729, -18.5966265], [-70.3386633, -18.5966634], [-70.3387116, -18.5966939]]], [[[-70.3383937, -18.596432], [-70.3383642, -18.5964003], [-70.3382972, -18.5964104], [-70.3383937, -18.596432]]], [[[-70.3384836, -18.5963418], [-70.338489, -18.5963901], [-70.3385573, -18.596371], [-70.3384836, -18.5963418]]], [[[-70.3382663, -18.5962185], [-70.3382516, -18.5962401], [-70.3383119, -18.596249], [-70.3382663, -18.5962185]]], [[[-70.3384353, -18.5888359], [-70.3384501, -18.5887367], [-70.3383401, -18.5888193], [-70.3384353, -18.5888359]]], [[[-70.3382261, -18.5888232], [-70.3382636, -18.5887787], [-70.3381711, -18.5887164], [-70.3382261, -18.5888232]]], [[[-70.3387518, -18.5888041], [-70.3388376, -18.5886261], [-70.3386767, -18.5885969], [-70.3387518, -18.5888041]]], [[[-70.3389355, -18.5887634], [-70.3389436, -18.5886261], [-70.3388993, -18.5887342], [-70.3389355, -18.5887634]]], [[[-70.3389825, -18.5886058], [-70.3390375, -18.5887088], [-70.3391675, -18.5885575], [-70.3389825, -18.5886058]]], [[[-70.3381671, -18.5885766], [-70.3381751, -18.5886109], [-70.3382234, -18.5886198], [-70.3381671, -18.5885766]]], [[[-70.3386485, -18.5885016], [-70.3386485, -18.5885206], [-70.3387759, -18.5884863], [-70.3386485, -18.5885016]]], [[[-70.3389154, -18.5883935], [-70.3390348, -18.5884939], [-70.3390495, -18.5883134], [-70.3389154, -18.5883935]]], [[[-70.3389181, -18.5881672], [-70.3389221, -18.5882067], [-70.339016, -18.5881482], [-70.3389181, -18.5881672]]], [[[-70.3390817, -18.5880389], [-70.3389999, -18.5880528], [-70.3390871, -18.5880808], [-70.3390817, -18.5880389]]], [[[-70.3392225, -18.5879486], [-70.3392494, -18.5879944], [-70.339252, -18.5879359], [-70.3392225, -18.5879486]]], [[[-70.3390777, -18.5878571], [-70.3389409, -18.5878101], [-70.3389329, -18.5879105], [-70.3390777, -18.5878571]]], [[[-70.3390522, -18.5878075], [-70.3391193, -18.5877643], [-70.3388806, -18.5876359], [-70.3390522, -18.5878075]]], [[[-70.3391216, -18.5864591], [-70.3391806, -18.5864744], [-70.3391404, -18.5864134], [-70.3391216, -18.5864591]]], [[[-70.3389862, -18.5864617], [-70.3390304, -18.5864235], [-70.3389714, -18.5864185], [-70.3389862, -18.5864617]]], [[[-70.339186, -18.5845562], [-70.3391645, -18.5845791], [-70.3392168, -18.5846973], [-70.339186, -18.5845562]]], [[[-70.3390921, -18.5845727], [-70.3391122, -18.5846032], [-70.3391082, -18.5845575], [-70.3390921, -18.5845727]]], [[[-70.3391095, -18.58441], [-70.3390934, -18.5844215], [-70.3391229, -18.5844329], [-70.3391095, -18.58441]]], [[[-70.339142, -18.5841783], [-70.3391461, -18.5841605], [-70.3390039, -18.5840538], [-70.339142, -18.5841783]]], [[[-70.3389985, -18.5835415], [-70.3389476, -18.5837131], [-70.339075, -18.5838059], [-70.3389985, -18.5835415]]], [[[-70.3390106, -18.5832211], [-70.3390012, -18.5832351], [-70.3390817, -18.5832669], [-70.3390106, -18.5832211]]], [[[-70.3392011, -18.5820885], [-70.3391434, -18.5820555], [-70.3391742, -18.5821305], [-70.3392011, -18.5820885]]], [[[-70.3391434, -18.5748515], [-70.3391192, -18.5748705], [-70.3391769, -18.57491], [-70.3391434, -18.5748515]]], [[[-70.3392467, -18.5740366], [-70.3392332, -18.5739947], [-70.3391635, -18.5740048], [-70.3392467, -18.5740366]]], [[[-70.3390267, -18.5736565], [-70.3391072, -18.5737124], [-70.3390576, -18.5736463], [-70.3390267, -18.5736565]]], [[[-70.3391327, -18.5733679], [-70.3391166, -18.5732967], [-70.3389355, -18.573251], [-70.3391327, -18.5733679]]], [[[-70.3385238, -18.5717763], [-70.3386579, -18.5719111], [-70.3385761, -18.5717534], [-70.3385238, -18.5717763]]], [[[-70.3384836, -18.5716187], [-70.3385023, -18.571639], [-70.3385171, -18.5715767], [-70.3384836, -18.5716187]]], [[[-70.3382784, -18.571053], [-70.3382918, -18.5710034], [-70.3382355, -18.5710275], [-70.3382784, -18.571053]]], [[[-70.3381657, -18.5693482], [-70.3381429, -18.5692948], [-70.3381188, -18.5693596], [-70.3381657, -18.5693482]]], [[[-70.3389717, -18.567843], [-70.3389945, -18.5678074], [-70.3389462, -18.5678188], [-70.3389717, -18.567843]]], [[[-70.3387746, -18.5666378], [-70.3387625, -18.5666696], [-70.3388148, -18.5666568], [-70.3387746, -18.5666378]]], [[[-70.3389597, -18.5654961], [-70.3389771, -18.5654961], [-70.3389704, -18.5654364], [-70.3389597, -18.5654961]]], [[[-70.3388483, -18.5644918], [-70.3388631, -18.5646367], [-70.3388725, -18.5645185], [-70.3388483, -18.5644918]]], [[[-70.3383548, -18.5636286], [-70.3381885, -18.5632929], [-70.3381309, -18.5635866], [-70.3383548, -18.5636286]]], [[[-70.3383776, -18.5633209], [-70.3384514, -18.5632777], [-70.3383575, -18.5632573], [-70.3383776, -18.5633209]]], [[[-70.3391538, -18.5610481], [-70.3391189, -18.5610887], [-70.3391833, -18.5611294], [-70.3391538, -18.5610481]]], [[[-70.3383424, -18.5594875], [-70.338608, -18.5598638], [-70.3384269, -18.5594913], [-70.3383424, -18.5594875]]], [[[-70.338068, -18.7479491], [-70.3381193, -18.7479537], [-70.33808, -18.7479165], [-70.338068, -18.7479491]]], [[[-70.3380449, -18.7478683], [-70.3380414, -18.747845], [-70.3380077, -18.747847], [-70.3380449, -18.7478683]]], [[[-70.3380757, -18.7478465], [-70.3381841, -18.7477686], [-70.3380399, -18.7478132], [-70.3380757, -18.7478465]]], [[[-70.3379036, -18.7477737], [-70.337924, -18.7478097], [-70.3379282, -18.7477704], [-70.3379036, -18.7477737]]], [[[-70.3381609, -18.7460901], [-70.3380853, -18.7460722], [-70.338141, -18.7461353], [-70.3381609, -18.7460901]]], [[[-70.3380743, -18.7436893], [-70.338145, -18.7435376], [-70.3379062, -18.7435593], [-70.3380743, -18.7436893]]], [[[-70.337962, -18.7434708], [-70.3381561, -18.7432563], [-70.3379212, -18.7433882], [-70.337962, -18.7434708]]], [[[-70.3380732, -18.7431297], [-70.3378636, -18.7431138], [-70.3379719, -18.7432416], [-70.3380732, -18.7431297]]], [[[-70.3380221, -18.7423785], [-70.3381051, -18.7423998], [-70.3381037, -18.7423505], [-70.3380221, -18.7423785]]], [[[-70.3376256, -18.7020274], [-70.3376624, -18.701983], [-70.3375898, -18.7020142], [-70.3376256, -18.7020274]]], [[[-70.3375101, -18.7019321], [-70.3374833, -18.7018935], [-70.3374156, -18.7019482], [-70.3375101, -18.7019321]]], [[[-70.3372122, -18.7011458], [-70.3371575, -18.7010553], [-70.3370858, -18.70111], [-70.3372122, -18.7011458]]], [[[-70.337056, -18.7003177], [-70.337064, -18.7002932], [-70.3370331, -18.7003111], [-70.337056, -18.7003177]]], [[[-70.3370653, -18.7001175], [-70.3371117, -18.7001308], [-70.337061, -18.7000762], [-70.3370653, -18.7001175]]], [[[-70.3370976, -18.6998015], [-70.3370399, -18.6997229], [-70.3370132, -18.6999095], [-70.3370976, -18.6998015]]], [[[-70.3369786, -18.697856], [-70.3368758, -18.6975293], [-70.336728, -18.69764], [-70.3369786, -18.697856]]], [[[-70.3369997, -18.6976066], [-70.3369884, -18.697772], [-70.3372108, -18.6977613], [-70.3369997, -18.6976066]]], [[[-70.3369772, -18.697464], [-70.3370616, -18.697552], [-70.3370546, -18.69742], [-70.3369772, -18.697464]]], [[[-70.3372798, -18.6973186], [-70.3371165, -18.6973066], [-70.3372362, -18.6974466], [-70.3372798, -18.6973186]]], [[[-70.3369229, -18.6973671], [-70.3368273, -18.6970343], [-70.3365904, -18.6972012], [-70.3369229, -18.6973671]]], [[[-70.3368602, -18.6969797], [-70.3368582, -18.6970174], [-70.336904, -18.696991], [-70.3368602, -18.6969797]]], [[[-70.3368543, -18.6967877], [-70.3369169, -18.696833], [-70.3368909, -18.6967797], [-70.3368543, -18.6967877]]], [[[-70.3363952, -18.6963452], [-70.336433, -18.6964414], [-70.3364599, -18.6963669], [-70.3363952, -18.6963452]]], [[[-70.3369617, -18.6956943], [-70.3369265, -18.6957249], [-70.3370363, -18.6957449], [-70.3369617, -18.6956943]]], [[[-70.3367224, -18.6956503], [-70.3366942, -18.6956463], [-70.3367238, -18.6957249], [-70.3367224, -18.6956503]]], [[[-70.3366148, -18.6957116], [-70.3366345, -18.6955396], [-70.3365895, -18.6957023], [-70.3366148, -18.6957116]]], [[[-70.3367533, -18.6956009], [-70.3367745, -18.6956329], [-70.3368533, -18.6955729], [-70.3367533, -18.6956009]]], [[[-70.3370031, -18.6955003], [-70.3369777, -18.695563], [-70.337065, -18.695511], [-70.3370031, -18.6955003]]], [[[-70.3377479, -18.6955584], [-70.3377761, -18.695501], [-70.3376254, -18.6954344], [-70.3377479, -18.6955584]]], [[[-70.3365303, -18.6917773], [-70.3365691, -18.6917763], [-70.3365512, -18.6917405], [-70.3365303, -18.6917773]]], [[[-70.336444, -18.6885586], [-70.3364834, -18.6884079], [-70.3362765, -18.6883799], [-70.336444, -18.6885586]]], [[[-70.3367831, -18.6869547], [-70.3367831, -18.6868405], [-70.3367174, -18.6868598], [-70.3367831, -18.6869547]]], [[[-70.3369569, -18.6867145], [-70.3369444, -18.6868791], [-70.3370101, -18.6868539], [-70.3369569, -18.6867145]]], [[[-70.3364619, -18.6868366], [-70.3365017, -18.6866624], [-70.3363348, -18.686394], [-70.3364619, -18.6868366]]], [[[-70.33635, -18.6863118], [-70.3363656, -18.686254], [-70.3363015, -18.6862614], [-70.33635, -18.6863118]]], [[[-70.3363845, -18.6842288], [-70.3364487, -18.6843044], [-70.3364268, -18.6842229], [-70.3363845, -18.6842288]]], [[[-70.3365113, -18.684214], [-70.3365676, -18.6841413], [-70.3364502, -18.6841042], [-70.3365113, -18.684214]]], [[[-70.336396, -18.6833183], [-70.3364571, -18.6832471], [-70.3363694, -18.6832486], [-70.336396, -18.6833183]]], [[[-70.3364108, -18.6830085], [-70.3364531, -18.6830114], [-70.3364108, -18.6829581], [-70.3364108, -18.6830085]]], [[[-70.3364959, -18.6818183], [-70.3364881, -18.681919], [-70.3365258, -18.6818257], [-70.3364959, -18.6818183]]], [[[-70.3364922, -18.6809794], [-70.336355, -18.6809186], [-70.3364568, -18.6812101], [-70.3364922, -18.6809794]]], [[[-70.3366329, -18.6805633], [-70.3366814, -18.6805367], [-70.336647, -18.6805026], [-70.3366329, -18.6805633]]], [[[-70.3364059, -18.6805856], [-70.3364012, -18.6804536], [-70.3362979, -18.6805367], [-70.3364059, -18.6805856]]], [[[-70.3365781, -18.6803024], [-70.3364497, -18.6802786], [-70.3364842, -18.6803943], [-70.3365781, -18.6803024]]], [[[-70.3364832, -18.6787651], [-70.3364633, -18.678742], [-70.336419, -18.6787672], [-70.3364832, -18.6787651]]], [[[-70.3368026, -18.6787783], [-70.3366414, -18.678501], [-70.336441, -18.6786434], [-70.3368026, -18.6787783]]], [[[-70.3371933, -18.6773155], [-70.3372066, -18.6773826], [-70.3372132, -18.6773124], [-70.3371933, -18.6773155]]], [[[-70.3368513, -18.6773333], [-70.3368369, -18.6772987], [-70.3367672, -18.6773606], [-70.3368513, -18.6773333]]], [[[-70.3366675, -18.6771687], [-70.3366399, -18.6771865], [-70.3367107, -18.6772002], [-70.3366675, -18.6771687]]], [[[-70.3366908, -18.6770943], [-70.3366808, -18.6770764], [-70.3366332, -18.6771236], [-70.3366908, -18.6770943]]], [[[-70.3368937, -18.6769277], [-70.3368915, -18.6769875], [-70.3371649, -18.6770389], [-70.3368937, -18.6769277]]], [[[-70.3371523, -18.676192], [-70.3371125, -18.6760483], [-70.3369991, -18.6758292], [-70.3371523, -18.676192]]], [[[-70.3372943, -18.6757419], [-70.3372818, -18.675383], [-70.3370939, -18.6753044], [-70.3372943, -18.6757419]]], [[[-70.3372004, -18.6751606], [-70.3371331, -18.6751858], [-70.3372239, -18.6752184], [-70.3372004, -18.6751606]]], [[[-70.3373188, -18.6750201], [-70.3374127, -18.6751447], [-70.3373751, -18.6749875], [-70.3373188, -18.6750201]]], [[[-70.3380094, -18.675043], [-70.3379938, -18.6747405], [-70.337939, -18.6749719], [-70.3380094, -18.675043]]], [[[-70.3378231, -18.6748992], [-70.3378623, -18.6748295], [-70.3377746, -18.6747865], [-70.3378231, -18.6748992]]], [[[-70.3376162, -18.6745545], [-70.3376616, -18.6748051], [-70.3377633, -18.6746005], [-70.3376162, -18.6745545]]], [[[-70.3378957, -18.6746459], [-70.3379821, -18.6746155], [-70.3378769, -18.6745904], [-70.3378957, -18.6746459]]], [[[-70.337986, -18.6744059], [-70.3380148, -18.6742528], [-70.3379428, -18.6743975], [-70.337986, -18.6744059]]], [[[-70.3378089, -18.6742369], [-70.3378521, -18.6741897], [-70.3377403, -18.6741205], [-70.3378089, -18.6742369]]], [[[-70.3377137, -18.6742023], [-70.3377115, -18.6740304], [-70.3376506, -18.6741751], [-70.3377137, -18.6742023]]], [[[-70.3378521, -18.6739748], [-70.3378831, -18.6741793], [-70.3380281, -18.6739874], [-70.3378521, -18.6739748]]], [[[-70.3377231, -18.6739392], [-70.337591, -18.6739248], [-70.3376408, -18.6740254], [-70.3377231, -18.6739392]]], [[[-70.3381081, -18.6015817], [-70.3381101, -18.6016059], [-70.3381443, -18.6015875], [-70.3381081, -18.6015817]]], [[[-70.3381121, -18.6015493], [-70.3381597, -18.6015036], [-70.3380813, -18.6015182], [-70.3381121, -18.6015493]]], [[[-70.3379753, -18.5969583], [-70.3379056, -18.5968464], [-70.3379311, -18.5969761], [-70.3379753, -18.5969583]]], [[[-70.3381108, -18.5965998], [-70.3380813, -18.5965591], [-70.3380585, -18.5965998], [-70.3381108, -18.5965998]]], [[[-70.3380745, -18.5962655], [-70.338088, -18.596352], [-70.3381094, -18.596277], [-70.3380745, -18.5962655]]], [[[-70.338029, -18.5961206], [-70.3380638, -18.5961117], [-70.338041, -18.5960342], [-70.338029, -18.5961206]]], [[[-70.3375958, -18.5916349], [-70.3375381, -18.5916196], [-70.337569, -18.5916616], [-70.3375958, -18.5916349]]], [[[-70.337341, -18.5913819], [-70.3374845, -18.5914557], [-70.3373933, -18.591373], [-70.337341, -18.5913819]]], [[[-70.3375515, -18.5913629], [-70.3374939, -18.5913641], [-70.3375301, -18.5913934], [-70.3375515, -18.5913629]]], [[[-70.3375971, -18.5913667], [-70.337628, -18.5913451], [-70.3375864, -18.5913324], [-70.3375971, -18.5913667]]], [[[-70.3372578, -18.5912332], [-70.3373369, -18.5912917], [-70.3373208, -18.5912281], [-70.3372578, -18.5912332]]], [[[-70.3371773, -18.5909459], [-70.3371988, -18.590993], [-70.3372015, -18.5909434], [-70.3371773, -18.5909459]]], [[[-70.3381134, -18.5891053], [-70.3381108, -18.5890342], [-70.3380611, -18.5891028], [-70.3381134, -18.5891053]]], [[[-70.3379538, -18.5703232], [-70.3380021, -18.5703868], [-70.3380812, -18.5703487], [-70.3379538, -18.5703232]]], [[[-70.3381496, -18.5701834], [-70.3380075, -18.5700003], [-70.3378895, -18.5702101], [-70.3381496, -18.5701834]]], [[[-70.3378841, -18.570008], [-70.3378304, -18.5697753], [-70.3377634, -18.5700105], [-70.3378841, -18.570008]]], [[[-70.3380034, -18.5698783], [-70.3379485, -18.5698033], [-70.3379525, -18.5698872], [-70.3380034, -18.5698783]]], [[[-70.3380219, -18.560783], [-70.3381151, -18.560933], [-70.3380863, -18.5608046], [-70.3380219, -18.560783]]], [[[-70.3372253, -18.5582682], [-70.3372011, -18.5583305], [-70.337291, -18.5583191], [-70.3372253, -18.5582682]]], [[[-70.3371032, -18.5582339], [-70.3371193, -18.5581106], [-70.3369879, -18.5580458], [-70.3371032, -18.5582339]]], [[[-70.3370858, -18.5578436], [-70.3370603, -18.5579631], [-70.337287, -18.5580521], [-70.3370858, -18.5578436]]], [[[-70.3369584, -18.5572283], [-70.3370134, -18.5575512], [-70.3370724, -18.5572181], [-70.3369584, -18.5572283]]], [[[-70.337173, -18.5572257], [-70.337126, -18.5571621], [-70.3371529, -18.557255], [-70.337173, -18.5572257]]], [[[-70.3372829, -18.5570363], [-70.337358, -18.557255], [-70.3373554, -18.5570554], [-70.3372829, -18.5570363]]], [[[-70.3376598, -18.5571062], [-70.3376799, -18.5570592], [-70.3375726, -18.5570083], [-70.3376598, -18.5571062]]], [[[-70.3377242, -18.5567426], [-70.3376276, -18.5568557], [-70.3378891, -18.5570185], [-70.3377242, -18.5567426]]], [[[-70.3379387, -18.5569727], [-70.3380152, -18.5569486], [-70.3377979, -18.5567248], [-70.3379387, -18.5569727]]], [[[-70.3367693, -18.5565061], [-70.3367331, -18.556501], [-70.3367706, -18.5565557], [-70.3367693, -18.5565061]]], [[[-70.3366633, -18.5564883], [-70.3366674, -18.5564553], [-70.3365386, -18.5564794], [-70.3366633, -18.5564883]]], [[[-70.3363965, -18.5563574], [-70.3363804, -18.5564489], [-70.3364434, -18.5563752], [-70.3363965, -18.5563574]]], [[[-70.3366231, -18.5563243], [-70.3365145, -18.5562302], [-70.3365453, -18.5563408], [-70.3366231, -18.5563243]]], [[[-70.3366955, -18.556248], [-70.3366057, -18.5562061], [-70.336666, -18.5562506], [-70.3366955, -18.556248]]], [[[-70.3365333, -18.5559785], [-70.3365802, -18.5560764], [-70.3365654, -18.5559899], [-70.3365333, -18.5559785]]], [[[-70.3253531, -18.9129461], [-70.3254497, -18.9129791], [-70.3254604, -18.9128142], [-70.3253531, -18.9129461]]], [[[-70.3280327, -18.9073561], [-70.3279898, -18.9073142], [-70.327979, -18.9073713], [-70.3280327, -18.9073561]]], [[[-70.3274801, -18.9073776], [-70.3275338, -18.9073446], [-70.3274345, -18.9073015], [-70.3274801, -18.9073776]]], [[[-70.3280488, -18.9040674], [-70.3280421, -18.9040104], [-70.3279737, -18.9040535], [-70.3280488, -18.9040674]]], [[[-70.3277577, -18.9039913], [-70.3277443, -18.9039647], [-70.3276893, -18.9040446], [-70.3277577, -18.9039913]]], [[[-70.3277121, -18.9033481], [-70.327625, -18.9033468], [-70.3276813, -18.9034039], [-70.3277121, -18.9033481]]], [[[-70.3362758, -18.6938738], [-70.3361434, -18.6937059], [-70.3361803, -18.6939595], [-70.3362758, -18.6938738]]], [[[-70.3357588, -18.6935351], [-70.3357618, -18.6936237], [-70.3359051, -18.693553], [-70.3357588, -18.6935351]]], [[[-70.3360952, -18.6935522], [-70.3361211, -18.6935447], [-70.3360942, -18.6935069], [-70.3360952, -18.6935522]]], [[[-70.3359857, -18.6934787], [-70.3360215, -18.6935569], [-70.3360484, -18.6934702], [-70.3359857, -18.6934787]]], [[[-70.3359061, -18.6921692], [-70.3359559, -18.692138], [-70.3359081, -18.6921003], [-70.3359061, -18.6921692]]], [[[-70.3361554, -18.687401], [-70.3361069, -18.687275], [-70.3361132, -18.6873906], [-70.3361554, -18.687401]]], [[[-70.3359756, -18.6856438], [-70.3361505, -18.6857623], [-70.3360133, -18.6856291], [-70.3359756, -18.6856438]]], [[[-70.3361395, -18.6856417], [-70.3361051, -18.685583], [-70.3360288, -18.6856166], [-70.3361395, -18.6856417]]], [[[-70.3357055, -18.6852837], [-70.3357243, -18.6852889], [-70.3357254, -18.6852553], [-70.3357055, -18.6852837]]], [[[-70.3360841, -18.6852134], [-70.3361438, -18.6852973], [-70.3361206, -18.6851977], [-70.3360841, -18.6852134]]], [[[-70.3361085, -18.6851612], [-70.3361295, -18.6851245], [-70.3360576, -18.6851329], [-70.3361085, -18.6851612]]], [[[-70.3360023, -18.6851172], [-70.3359026, -18.6849903], [-70.3359635, -18.6851151], [-70.3360023, -18.6851172]]], [[[-70.3361926, -18.6848834], [-70.3361218, -18.6848949], [-70.3361816, -18.6849316], [-70.3361926, -18.6848834]]], [[[-70.3359018, -18.6846299], [-70.3359769, -18.6846892], [-70.3359487, -18.6846135], [-70.3359018, -18.6846299]]], [[[-70.3359894, -18.6844727], [-70.3359566, -18.6845216], [-70.3360818, -18.6845023], [-70.3359894, -18.6844727]]], [[[-70.3363047, -18.6840805], [-70.3362561, -18.6840227], [-70.3361904, -18.6840776], [-70.3363047, -18.6840805]]], [[[-70.3362962, -18.6834428], [-70.3362602, -18.683164], [-70.3360457, -18.6832189], [-70.3362962, -18.6834428]]], [[[-70.3362923, -18.6807142], [-70.3362406, -18.6806831], [-70.336095, -18.6808017], [-70.3362923, -18.6807142]]], [[[-70.3361952, -18.6806252], [-70.3361686, -18.6806089], [-70.336059, -18.6806149], [-70.3361952, -18.6806252]]], [[[-70.3363475, -18.556407], [-70.3362188, -18.5559887], [-70.3361772, -18.5562887], [-70.3363475, -18.556407]]], [[[-70.3362617, -18.5558374], [-70.3363596, -18.5560955], [-70.3363623, -18.5558908], [-70.3362617, -18.5558374]]], [[[-70.3360015, -18.5555297], [-70.3359653, -18.5555183], [-70.3359962, -18.5555488], [-70.3360015, -18.5555297]]], [[[-70.3359103, -18.5554814], [-70.3358661, -18.5554382], [-70.3359063, -18.555503], [-70.3359103, -18.5554814]]], [[[-70.3354812, -18.5552983], [-70.3357333, -18.5554369], [-70.3355442, -18.5551089], [-70.3354812, -18.5552983]]], [[[-70.335445, -18.5552907], [-70.3352988, -18.5548965], [-70.3352156, -18.5551877], [-70.335445, -18.5552907]]], [[[-70.3352357, -18.5548215], [-70.3352854, -18.5548292], [-70.3352679, -18.5547376], [-70.3352357, -18.5548215]]], [[[-70.3349541, -18.5545075], [-70.334942, -18.5546029], [-70.3350547, -18.5545571], [-70.3349541, -18.5545075]]], [[[-70.3328784, -18.5540776], [-70.3328797, -18.5540268], [-70.3328114, -18.5540776], [-70.3328784, -18.5540776]]], [[[-70.3328127, -18.5538539], [-70.3328476, -18.5538793], [-70.3328704, -18.5538068], [-70.3328127, -18.5538539]]], [[[-70.3325834, -18.5538183], [-70.3326397, -18.5538399], [-70.3326142, -18.5537979], [-70.3325834, -18.5538183]]], [[[-70.3319745, -18.5518266], [-70.3319691, -18.5518024], [-70.3319155, -18.551866], [-70.3319745, -18.5518266]]], [[[-70.3320536, -18.5518698], [-70.3321247, -18.5518762], [-70.3321421, -18.5517757], [-70.3320536, -18.5518698]]], [[[-70.3317948, -18.5509531], [-70.3318256, -18.5509951], [-70.3319289, -18.5508934], [-70.3317948, -18.5509531]]], [[[-70.331768, -18.5506823], [-70.331823, -18.5507205], [-70.3318002, -18.5506671], [-70.331768, -18.5506823]]], [[[-70.3316707, -18.5500091], [-70.3317981, -18.5501032], [-70.3317593, -18.5500167], [-70.3316707, -18.5500091]]], [[[-70.3315742, -18.5495692], [-70.3316453, -18.5496862], [-70.3315983, -18.5495539], [-70.3315742, -18.5495692]]], [[[-70.3315232, -18.5493925], [-70.3315058, -18.5494242], [-70.3315863, -18.5495234], [-70.3315232, -18.5493925]]], [[[-70.3319537, -18.5493429], [-70.3319993, -18.5492577], [-70.3319712, -18.5492589], [-70.3319537, -18.5493429]]], [[[-70.3317941, -18.5494026], [-70.331723, -18.5491229], [-70.3315541, -18.5491814], [-70.3317941, -18.5494026]]], [[[-70.3313408, -18.5488546], [-70.3315863, -18.5493874], [-70.3317901, -18.5495895], [-70.3315393, -18.5491903], [-70.3315943, -18.5490225], [-70.3313408, -18.5488546]]], [[[-70.3312979, -18.5486804], [-70.3312563, -18.5486461], [-70.3312496, -18.5487122], [-70.3312979, -18.5486804]]], [[[-70.3311598, -18.5483728], [-70.3311316, -18.5484185], [-70.3311826, -18.5483778], [-70.3311598, -18.5483728]]], [[[-70.3314414, -18.5476849], [-70.3314374, -18.5476696], [-70.3313663, -18.5476824], [-70.3314414, -18.5476849]]], [[[-70.3313207, -18.5476442], [-70.3313207, -18.5476264], [-70.3312322, -18.5476099], [-70.3313207, -18.5476442]]], [[[-70.3312872, -18.5474065], [-70.3312805, -18.5474497], [-70.3313435, -18.5474243], [-70.3312872, -18.5474065]]], [[[-70.3315836, -18.5474764], [-70.3315688, -18.5473492], [-70.3314428, -18.5473353], [-70.3315836, -18.5474764]]], [[[-70.3313154, -18.5473645], [-70.3312657, -18.54732], [-70.3312912, -18.5473734], [-70.3313154, -18.5473645]]], [[[-70.3315085, -18.547259], [-70.3315742, -18.5472882], [-70.3315407, -18.5472577], [-70.3315085, -18.547259]]], [[[-70.3312402, -18.5472119], [-70.3313583, -18.5473645], [-70.331373, -18.5471611], [-70.3312402, -18.5472119]]], [[[-70.3315085, -18.5471776], [-70.331483, -18.5471445], [-70.3314937, -18.547189], [-70.3315085, -18.5471776]]], [[[-70.3312939, -18.5470988], [-70.3313288, -18.5471128], [-70.3313449, -18.5470555], [-70.3312939, -18.5470988]]], [[[-70.3314723, -18.5470695], [-70.3314307, -18.5470314], [-70.3314495, -18.5470848], [-70.3314723, -18.5470695]]], [[[-70.3314159, -18.5468101], [-70.3313609, -18.5467745], [-70.3313395, -18.5468165], [-70.3314159, -18.5468101]]], [[[-70.3311276, -18.5464656], [-70.3310981, -18.5464529], [-70.3310149, -18.5464478], [-70.3311276, -18.5464656]]], [[[-70.3312376, -18.5464287], [-70.3312174, -18.5464084], [-70.3311611, -18.5464185], [-70.3312376, -18.5464287]]], [[[-70.3327021, -18.543381], [-70.332745, -18.5432984], [-70.3326618, -18.5433225], [-70.3327021, -18.543381]]], [[[-70.3327865, -18.5429957], [-70.3329005, -18.543011], [-70.3327825, -18.5429716], [-70.3327865, -18.5429957]]], [[[-70.3330869, -18.5428661], [-70.3329247, -18.5428813], [-70.3330414, -18.542936], [-70.3330869, -18.5428661]]], [[[-70.333095, -18.5426906], [-70.3330668, -18.542641], [-70.3329797, -18.5427173], [-70.333095, -18.5426906]]], [[[-70.3330159, -18.5415183], [-70.3331218, -18.541573], [-70.3330387, -18.5415056], [-70.3330159, -18.5415183]]], [[[-70.3332841, -18.5414331], [-70.3333055, -18.5413822], [-70.3332613, -18.5414153], [-70.3332841, -18.5414331]]], [[[-70.3337709, -18.5410516], [-70.3338165, -18.5410605], [-70.3337991, -18.5410173], [-70.3337709, -18.5410516]]], [[[-70.3336797, -18.5408876], [-70.3336516, -18.5409766], [-70.3337441, -18.5409219], [-70.3336797, -18.5408876]]], [[[-70.3335282, -18.5408558], [-70.3335697, -18.5409041], [-70.3335577, -18.5408215], [-70.3335282, -18.5408558]]], [[[-70.3334182, -18.5407935], [-70.3334423, -18.5408596], [-70.3334477, -18.5407834], [-70.3334182, -18.5407935]]], [[[-70.3333404, -18.5407141], [-70.3333136, -18.5406587], [-70.3332318, -18.5406168], [-70.3333404, -18.5407141]]], [[[-70.3333404, -18.5404655], [-70.3333632, -18.5404706], [-70.3333324, -18.5404439], [-70.3333404, -18.5404655]]], [[[-70.3334303, -18.5395729], [-70.3334075, -18.5396288], [-70.3335939, -18.5396593], [-70.3334303, -18.5395729]]], [[[-70.3330333, -18.5393288], [-70.3330655, -18.5392512], [-70.3328228, -18.5392957], [-70.3330333, -18.5393288]]], [[[-70.3330605, -18.5391075], [-70.3330095, -18.5390274], [-70.3329183, -18.5390757], [-70.3330605, -18.5391075]]], [[[-70.3334588, -18.5383853], [-70.3334547, -18.5381094], [-70.3333287, -18.5379504], [-70.3334588, -18.5383853]]], [[[-70.3336854, -18.5382314], [-70.3338423, -18.5380852], [-70.3338222, -18.5379733], [-70.3336854, -18.5382314]]], [[[-70.3283049, -18.5370108], [-70.3282633, -18.5371284], [-70.3283378, -18.5370273], [-70.3283049, -18.5370108]]], [[[-70.3281332, -18.5370032], [-70.3281265, -18.537047], [-70.3282244, -18.5370038], [-70.3281332, -18.5370032]]], [[[-70.3282164, -18.5369434], [-70.3281755, -18.5369345], [-70.3281976, -18.536972], [-70.3282164, -18.5369434]]], [[[-70.326302, -18.5362049], [-70.3261498, -18.5360409], [-70.3261176, -18.5362564], [-70.326302, -18.5362049]]], [[[-70.3263496, -18.5360994], [-70.3262644, -18.536095], [-70.3263107, -18.5361363], [-70.3263496, -18.5360994]]], [[[-70.3262027, -18.5359923], [-70.3261987, -18.5359808], [-70.3261759, -18.5359872], [-70.3262027, -18.5359923]]], [[[-70.3249823, -18.5348813], [-70.3249555, -18.5348584], [-70.3249441, -18.5348921], [-70.3249823, -18.5348813]]], [[[-70.3248093, -18.5348349], [-70.3248697, -18.5348514], [-70.324816, -18.5348145], [-70.3248093, -18.5348349]]], [[[-70.3249542, -18.5348228], [-70.3249542, -18.5348361], [-70.3249756, -18.5348177], [-70.3249542, -18.5348228]]], [[[-70.3245384, -18.5339537], [-70.3243118, -18.5339092], [-70.3243909, -18.5341279], [-70.3245384, -18.5339537]]], [[[-70.3243319, -18.5338456], [-70.3244043, -18.5338685], [-70.3244217, -18.5337744], [-70.3243319, -18.5338456]]], [[[-70.3243332, -18.5338024], [-70.324293, -18.5337719], [-70.3242434, -18.5338469], [-70.3243332, -18.5338024]]], [[[-70.3247396, -18.4986474], [-70.3246444, -18.4985546], [-70.3247315, -18.4986703], [-70.3247396, -18.4986474]]], [[[-70.3247798, -18.4983752], [-70.3247342, -18.4984261], [-70.3247785, -18.4985762], [-70.3247798, -18.4983752]]], [[[-70.3248241, -18.4979606], [-70.3248804, -18.4979975], [-70.3248348, -18.497939], [-70.3248241, -18.4979606]]], [[[-70.324867, -18.4968859], [-70.324808, -18.4968211], [-70.3247838, -18.4968872], [-70.324867, -18.4968859]]], [[[-70.3249501, -18.4968122], [-70.3248643, -18.4967409], [-70.3249153, -18.4968452], [-70.3249501, -18.4968122]]], [[[-70.3270087, -18.4944059], [-70.3270892, -18.4944656], [-70.3271469, -18.4943524], [-70.3270087, -18.4944059]]], [[[-70.3273802, -18.4939734], [-70.3272649, -18.4939264], [-70.3272957, -18.4943219], [-70.3273802, -18.4939734]]], [[[-70.3122378, -19.0399416], [-70.3122445, -19.0399606], [-70.3122767, -19.0399429], [-70.3122378, -19.0399416]]], [[[-70.3122338, -19.0398491], [-70.3122579, -19.039631], [-70.3122043, -19.0398085], [-70.3122338, -19.0398491]]], [[[-70.3122472, -19.03947], [-70.3122271, -19.0394738], [-70.3122432, -19.0395195], [-70.3122472, -19.03947]]], [[[-70.3121037, -19.0387575], [-70.3121842, -19.0387626], [-70.3120863, -19.0386701], [-70.3121037, -19.0387575]]], [[[-70.3121453, -19.0384381], [-70.3122365, -19.0384355], [-70.3121332, -19.0383772], [-70.3121453, -19.0384381]]], [[[-70.3120796, -19.0305766], [-70.3120004, -19.0306463], [-70.3121171, -19.0306527], [-70.3120796, -19.0305766]]], [[[-70.3122204, -19.0304701], [-70.3121453, -19.0305576], [-70.3122445, -19.0305627], [-70.3122204, -19.0304701]]], [[[-70.3126039, -19.0296435], [-70.3126126, -19.0295902], [-70.3125583, -19.0296213], [-70.3126039, -19.0296435]]], [[[-70.3128333, -19.0289551], [-70.3127716, -19.0289107], [-70.3126267, -19.0291123], [-70.3128333, -19.0289551]]], [[[-70.3132034, -19.0284086], [-70.3131833, -19.0284238], [-70.3132182, -19.0284238], [-70.3132034, -19.0284086]]], [[[-70.3137774, -19.0281437], [-70.3138096, -19.0280942], [-70.3137318, -19.0280587], [-70.3137774, -19.0281437]]], [[[-70.3137895, -19.027317], [-70.3136755, -19.0274438], [-70.3139075, -19.0274349], [-70.3137895, -19.027317]]], [[[-70.3136781, -19.0272296], [-70.3136004, -19.0271281], [-70.3135843, -19.0272524], [-70.3136781, -19.0272296]]], [[[-70.3145914, -19.0250311], [-70.3145365, -19.0250159], [-70.314578, -19.0250527], [-70.3145914, -19.0250311]]], [[[-70.315789, -19.0243541], [-70.3157998, -19.0243224], [-70.3157569, -19.0243452], [-70.315789, -19.0243541]]], [[[-70.3158279, -19.0221176], [-70.3158333, -19.0221442], [-70.3158722, -19.0221049], [-70.3158279, -19.0221176]]], [[[-70.3158494, -19.0220288], [-70.3158722, -19.0220149], [-70.3158414, -19.0220047], [-70.3158494, -19.0220288]]], [[[-70.3165347, -19.020979], [-70.3165951, -19.0209068], [-70.3165173, -19.0209308], [-70.3165347, -19.020979]]], [[[-70.3166594, -19.0199711], [-70.3166246, -19.019876], [-70.3166313, -19.0199901], [-70.3166594, -19.0199711]]], [[[-70.3174051, -19.0171272], [-70.317452, -19.0171462], [-70.3174292, -19.0170587], [-70.3174051, -19.0171272]]], [[[-70.3172026, -19.0171208], [-70.3173286, -19.017117], [-70.3174453, -19.0169864], [-70.3172026, -19.0171208]]], [[[-70.3175204, -19.0170638], [-70.3175526, -19.0169192], [-70.3174681, -19.0168685], [-70.3175204, -19.0170638]]], [[[-70.3164301, -19.0166048], [-70.3165039, -19.0164881], [-70.3164328, -19.0164691], [-70.3164301, -19.0166048]]], [[[-70.3163684, -19.015399], [-70.3164328, -19.0153432], [-70.3163483, -19.015328], [-70.3163684, -19.015399]]], [[[-70.3153411, -19.0139802], [-70.3153626, -19.0139738], [-70.3153384, -19.0139219], [-70.3153411, -19.0139802]]], [[[-70.3146156, -19.0125601], [-70.3146558, -19.0128441], [-70.3147899, -19.0127427], [-70.3146156, -19.0125601]]], [[[-70.3128936, -19.0109752], [-70.312844, -19.0111096], [-70.31297, -19.0112795], [-70.3128936, -19.0109752]]], [[[-70.3122223, -18.9997775], [-70.3122089, -18.9996456], [-70.3121794, -18.9997749], [-70.3122223, -18.9997775]]], [[[-70.3120446, -18.9527227], [-70.3120446, -18.9526517], [-70.3119762, -18.9526948], [-70.3120446, -18.9527227]]], [[[-70.3165789, -18.9481387], [-70.3165414, -18.9481057], [-70.3165655, -18.9481476], [-70.3165789, -18.9481387]]], [[[-70.3166312, -18.9481324], [-70.31665, -18.9480956], [-70.3166098, -18.9480918], [-70.3166312, -18.9481324]]], [[[-70.3188199, -18.9473789], [-70.3188105, -18.9472191], [-70.318659, -18.9473535], [-70.3188199, -18.9473789]]], [[[-70.3187609, -18.9470986], [-70.3187784, -18.9471354], [-70.3188293, -18.9471214], [-70.3187609, -18.9470986]]], [[[-70.3198445, -18.944346], [-70.3198499, -18.9443942], [-70.3199196, -18.9443651], [-70.3198445, -18.944346]]], [[[-70.3199974, -18.9443384], [-70.3199491, -18.9443346], [-70.3200041, -18.9443651], [-70.3199974, -18.9443384]]], [[[-70.3198499, -18.9436712], [-70.3199371, -18.9438031], [-70.3200095, -18.9436788], [-70.3198499, -18.9436712]]], [[[-70.3199666, -18.9432767], [-70.3199223, -18.9432209], [-70.3199411, -18.9432767], [-70.3199666, -18.9432767]]], [[[-70.3197721, -18.9428302], [-70.3198284, -18.942815], [-70.3197735, -18.9427896], [-70.3197721, -18.9428302]]], [[[-70.3198043, -18.9426387], [-70.3198593, -18.9426425], [-70.3198419, -18.9425283], [-70.3198043, -18.9426387]]], [[[-70.3198392, -18.9420146], [-70.3197037, -18.9420083], [-70.3198338, -18.9421161], [-70.3198392, -18.9420146]]], [[[-70.3208819, -18.9214969], [-70.3208993, -18.9214741], [-70.3208644, -18.9214728], [-70.3208819, -18.9214969]]], [[[-70.3212628, -18.9209159], [-70.321197, -18.9209413], [-70.3212856, -18.9209425], [-70.3212628, -18.9209159]]], [[[-70.3215994, -18.920449], [-70.3215377, -18.9204858], [-70.3216168, -18.9204681], [-70.3215994, -18.920449]]], [[[-70.3241683, -18.5337795], [-70.3242045, -18.5337363], [-70.3241562, -18.5337642], [-70.3241683, -18.5337795]]], [[[-70.3244593, -18.5334826], [-70.324348, -18.5333224], [-70.3239886, -18.5334406], [-70.3244593, -18.5334826]]], [[[-70.3240878, -18.5331507], [-70.3240878, -18.5332003], [-70.3241213, -18.5331799], [-70.3240878, -18.5331507]]], [[[-70.3242675, -18.5331545], [-70.3242353, -18.5331443], [-70.3242487, -18.5331838], [-70.3242675, -18.5331545]]], [[[-70.3240556, -18.5329701], [-70.3240382, -18.5329409], [-70.3240073, -18.5329663], [-70.3240556, -18.5329701]]], [[[-70.3240087, -18.5326497], [-70.3239631, -18.5323903], [-70.323888, -18.5326217], [-70.3240087, -18.5326497]]], [[[-70.324179, -18.5323916], [-70.3240234, -18.5326141], [-70.3242246, -18.5325213], [-70.324179, -18.5323916]]], [[[-70.323896, -18.5323725], [-70.3239483, -18.5323611], [-70.3239282, -18.5322174], [-70.323896, -18.5323725]]], [[[-70.3240234, -18.5321411], [-70.3240167, -18.532047], [-70.323947, -18.5321398], [-70.3240234, -18.5321411]]], [[[-70.3239497, -18.531972], [-70.3239255, -18.5320254], [-70.3239738, -18.5320012], [-70.3239497, -18.531972]]], [[[-70.3237512, -18.5318791], [-70.3238142, -18.5318664], [-70.3237512, -18.5317939], [-70.3237512, -18.5318791]]], [[[-70.3235809, -18.531682], [-70.3235715, -18.531855], [-70.3235956, -18.5316922], [-70.3235809, -18.531682]]], [[[-70.3238129, -18.5317177], [-70.3237941, -18.5317049], [-70.3237726, -18.5317482], [-70.3238129, -18.5317177]]], [[[-70.3237807, -18.5315918], [-70.3238558, -18.5315752], [-70.3237753, -18.5315612], [-70.3237807, -18.5315918]]], [[[-70.3229318, -18.530928], [-70.3229452, -18.5308187], [-70.3228875, -18.5309204], [-70.3229318, -18.530928]]], [[[-70.3233676, -18.5300595], [-70.3233006, -18.5300354], [-70.3233368, -18.5301269], [-70.3233676, -18.5300595]]], [[[-70.323436, -18.5299794], [-70.3233998, -18.5299298], [-70.3234213, -18.5300048], [-70.323436, -18.5299794]]], [[[-70.3230712, -18.5297048], [-70.3230592, -18.5297264], [-70.32309, -18.529748], [-70.3230712, -18.5297048]]], [[[-70.3228124, -18.5292305], [-70.322917, -18.52935], [-70.3229291, -18.5292902], [-70.3228124, -18.5292305]]], [[[-70.3228459, -18.5289316], [-70.3228473, -18.5289927], [-70.3229157, -18.5289621], [-70.3228459, -18.5289316]]], [[[-70.3228486, -18.5288719], [-70.3228164, -18.5288172], [-70.3227883, -18.5288655], [-70.3228486, -18.5288719]]], [[[-70.3226045, -18.5286099], [-70.3226475, -18.5286977], [-70.3227078, -18.5286137], [-70.3226045, -18.5286099]]], [[[-70.3228077, -18.5283709], [-70.3227688, -18.5284192], [-70.3228104, -18.5284338], [-70.3228077, -18.5283709]]], [[[-70.32182, -18.5255841], [-70.3222036, -18.5262873], [-70.3214995, -18.5247385], [-70.32182, -18.5255841]]], [[[-70.3213519, -18.5246737], [-70.3213587, -18.5248097], [-70.3214002, -18.5247029], [-70.3213519, -18.5246737]]], [[[-70.3217476, -18.5246813], [-70.321714, -18.5244906], [-70.3215263, -18.5247118], [-70.3217476, -18.5246813]]], [[[-70.3212594, -18.5244829], [-70.321297, -18.5242782], [-70.3211468, -18.524399], [-70.3212594, -18.5244829]]], [[[-70.3211186, -18.5236309], [-70.3211843, -18.523589], [-70.3208732, -18.5231261], [-70.3211186, -18.5236309]]], [[[-70.3206975, -18.5229099], [-70.3207002, -18.5229309], [-70.3208008, -18.5228947], [-70.3206975, -18.5229099]]], [[[-70.3167084, -18.5142321], [-70.3166675, -18.5142162], [-70.3166983, -18.5142779], [-70.3167084, -18.5142321]]], [[[-70.3172401, -18.5138945], [-70.3171416, -18.5138201], [-70.3170819, -18.5139453], [-70.3172401, -18.5138945]]], [[[-70.316994, -18.5138716], [-70.3170571, -18.5137965], [-70.3169732, -18.5138385], [-70.316994, -18.5138716]]], [[[-70.317163, -18.5137876], [-70.3171784, -18.513822], [-70.3172964, -18.5138054], [-70.317163, -18.5137876]]], [[[-70.3168653, -18.5138035], [-70.3169518, -18.5138233], [-70.3169471, -18.5137247], [-70.3168653, -18.5138035]]], [[[-70.3176974, -18.5119755], [-70.3177658, -18.5118127], [-70.3174909, -18.5117059], [-70.3176974, -18.5119755]]], [[[-70.3181521, -18.5100424], [-70.3180622, -18.5102714], [-70.3180998, -18.5103133], [-70.3181521, -18.5100424]]], [[[-70.3180233, -18.5099229], [-70.3180917, -18.5098275], [-70.3180193, -18.5098034], [-70.3180233, -18.5099229]]], [[[-70.3191297, -18.5068428], [-70.3189366, -18.5070895], [-70.3193805, -18.5071861], [-70.3191297, -18.5068428]]], [[[-70.3199384, -18.5067207], [-70.3199478, -18.5067677], [-70.3200055, -18.5067512], [-70.3199384, -18.5067207]]], [[[-70.3199304, -18.5064778], [-70.3199197, -18.5064943], [-70.319984, -18.5066342], [-70.3199304, -18.5064778]]], [[[-70.3197829, -18.5062895], [-70.3197534, -18.5062946], [-70.3197601, -18.5064841], [-70.3197829, -18.5062895]]], [[[-70.3197909, -18.5062018], [-70.3198204, -18.506287], [-70.3198606, -18.5062667], [-70.3197909, -18.5062018]]], [[[-70.3198875, -18.5062565], [-70.3198486, -18.5061764], [-70.3198606, -18.5062412], [-70.3198875, -18.5062565]]], [[[-70.319465, -18.5062514], [-70.3195508, -18.5061357], [-70.3194516, -18.5062438], [-70.319465, -18.5062514]]], [[[-70.319929, -18.5061891], [-70.3199666, -18.5061115], [-70.3198821, -18.506128], [-70.319929, -18.5061891]]], [[[-70.3196568, -18.5059831], [-70.3196031, -18.5059958], [-70.3196192, -18.5060733], [-70.3196568, -18.5059831]]], [[[-70.3196273, -18.5059385], [-70.3196836, -18.5059322], [-70.3196434, -18.5058622], [-70.3196273, -18.5059385]]], [[[-70.3195012, -18.5046871], [-70.3195589, -18.504738], [-70.3195187, -18.5046808], [-70.3195012, -18.5046871]]], [[[-70.3201517, -18.5037422], [-70.3201892, -18.503671], [-70.320098, -18.5037066], [-70.3201517, -18.5037422]]], [[[-70.3201329, -18.5035527], [-70.320145, -18.5035374], [-70.3200363, -18.5035006], [-70.3201329, -18.5035527]]], [[[-70.3237163, -18.4999599], [-70.3236975, -18.4997984], [-70.3236117, -18.4999027], [-70.3237163, -18.4999599]]], [[[-70.3239054, -18.4997501], [-70.3237887, -18.4997984], [-70.3240181, -18.4998925], [-70.3239054, -18.4997501]]], [[[-70.3236063, -18.4995631], [-70.323778, -18.4995962], [-70.3236345, -18.4994741], [-70.3236063, -18.4995631]]], [[[-70.3242434, -18.4991968], [-70.3241482, -18.4992362], [-70.3242326, -18.4992566], [-70.3242434, -18.4991968]]], [[[-70.2862123, -19.2286035], [-70.2862311, -19.2284718], [-70.286046, -19.2282971], [-70.2862123, -19.2286035]]], [[[-70.2855834, -19.2239511], [-70.2855311, -19.2239562], [-70.2855927, -19.2239777], [-70.2855834, -19.2239511]]], [[[-70.2857483, -19.2227848], [-70.2856826, -19.222819], [-70.2858073, -19.2230026], [-70.2857483, -19.2227848]]], [[[-70.2863719, -19.2188053], [-70.2855378, -19.2188496], [-70.285751, -19.2189028], [-70.2863719, -19.2188053]]], [[[-70.2864671, -19.2182677], [-70.2861292, -19.2179182], [-70.2856947, -19.2183817], [-70.2864671, -19.2182677]]], [[[-70.2861614, -19.2172496], [-70.2860702, -19.2173338], [-70.2861869, -19.2173528], [-70.2861614, -19.2172496]]], [[[-70.2860913, -19.0991935], [-70.2861101, -19.0992303], [-70.2861114, -19.0991961], [-70.2860913, -19.0991935]]], [[[-70.2857788, -19.0991872], [-70.2858016, -19.0991416], [-70.2857587, -19.0991682], [-70.2857788, -19.0991872]]], [[[-70.2857145, -19.0991225], [-70.2856997, -19.0989363], [-70.2855884, -19.0991428], [-70.2857145, -19.0991225]]], [[[-70.2856313, -19.098622], [-70.2854771, -19.0985295], [-70.2855938, -19.0986334], [-70.2856313, -19.098622]]], [[[-70.2860336, -19.0978312], [-70.285803, -19.0974687], [-70.2858955, -19.0978198], [-70.2860336, -19.0978312]]], [[[-70.2859049, -19.0973287], [-70.2859035, -19.097304], [-70.2858774, -19.097323], [-70.2859049, -19.0973287]]], [[[-70.2861946, -19.0972685], [-70.2861356, -19.0971253], [-70.2860631, -19.0972508], [-70.2861946, -19.0972685]]], [[[-70.2858258, -19.0971678], [-70.2857896, -19.0971538], [-70.2858137, -19.0971918], [-70.2858258, -19.0971678]]], [[[-70.2856407, -19.0963789], [-70.2856186, -19.0963415], [-70.2856112, -19.0963738], [-70.2856407, -19.0963789]]], [[[-70.2865607, -19.0938518], [-70.2865285, -19.0941484], [-70.2865808, -19.0941737], [-70.2865607, -19.0938518]]], [[[-70.2868973, -19.0939545], [-70.286955, -19.0938899], [-70.2868919, -19.093881], [-70.2868973, -19.0939545]]], [[[-70.2864454, -19.093843], [-70.2864521, -19.0938937], [-70.2864695, -19.0938265], [-70.2864454, -19.093843]]], [[[-70.2866935, -19.0939177], [-70.2867256, -19.0937859], [-70.2865218, -19.093753], [-70.2866935, -19.0939177]]], [[[-70.2867619, -19.0936034], [-70.2866318, -19.0935654], [-70.2867122, -19.0936503], [-70.2867619, -19.0936034]]], [[[-70.2869821, -19.0930892], [-70.2870157, -19.0929257], [-70.28684, -19.0929409], [-70.2869821, -19.0930892]]], [[[-70.286679, -19.0927242], [-70.286447, -19.0928978], [-70.2868011, -19.0931209], [-70.286679, -19.0927242]]], [[[-70.2866093, -19.0925886], [-70.2865248, -19.0925873], [-70.2865758, -19.0926456], [-70.2866093, -19.0925886]]], [[[-70.2880818, -19.0917534], [-70.2880255, -19.0917661], [-70.2880563, -19.0917991], [-70.2880818, -19.0917534]]], [[[-70.2895058, -19.0900929], [-70.2895648, -19.0900904], [-70.2895017, -19.0900676], [-70.2895058, -19.0900929]]], [[[-70.2892151, -19.0898296], [-70.2893143, -19.0899082], [-70.2892687, -19.0897789], [-70.2892151, -19.0898296]]], [[[-70.2899071, -19.0874013], [-70.2899138, -19.0873646], [-70.289887, -19.0873887], [-70.2899071, -19.0874013]]], [[[-70.2897864, -19.0873532], [-70.2897354, -19.0873038], [-70.2897502, -19.0873684], [-70.2897864, -19.0873532]]], [[[-70.2915218, -19.0852227], [-70.2912509, -19.0849806], [-70.291334, -19.0852848], [-70.2915218, -19.0852227]]], [[[-70.2916156, -19.0837259], [-70.2916881, -19.0838514], [-70.2917739, -19.0837145], [-70.2916156, -19.0837259]]], [[[-70.2943971, -19.0797817], [-70.2944507, -19.0797741], [-70.2943864, -19.079726], [-70.2943971, -19.0797817]]], [[[-70.2945647, -19.0794788], [-70.2945594, -19.0795777], [-70.2947444, -19.0795004], [-70.2945647, -19.0794788]]], [[[-70.2949121, -19.079347], [-70.2948678, -19.0793609], [-70.2949174, -19.0793888], [-70.2949121, -19.079347]]], [[[-70.2947471, -19.0793952], [-70.2947203, -19.0793191], [-70.294676, -19.0793926], [-70.2947471, -19.0793952]]], [[[-70.2964812, -19.078617], [-70.2965791, -19.0782253], [-70.296162, -19.078366], [-70.2964812, -19.078617]]], [[[-70.2959018, -19.0782329], [-70.2958857, -19.0782241], [-70.2959058, -19.0782507], [-70.2959018, -19.0782329]]], [[[-70.2959313, -19.0781974], [-70.2959702, -19.0781112], [-70.2958683, -19.0780998], [-70.2959313, -19.0781974]]], [[[-70.2957878, -19.0780707], [-70.2957985, -19.0780872], [-70.2957999, -19.0780555], [-70.2957878, -19.0780707]]], [[[-70.296744, -19.0765966], [-70.296622, -19.0763774], [-70.2964785, -19.0765954], [-70.296744, -19.0765966]]], [[[-70.2968044, -19.0762392], [-70.2968848, -19.076276], [-70.2968433, -19.0762088], [-70.2968044, -19.0762392]]], [[[-70.296461, -19.0761949], [-70.296331, -19.0761695], [-70.2964302, -19.0762544], [-70.296461, -19.0761949]]], [[[-70.2969318, -19.0761416], [-70.2969975, -19.0761873], [-70.2969988, -19.0761099], [-70.2969318, -19.0761416]]], [[[-70.2976949, -19.0754217], [-70.297664, -19.0750605], [-70.2975473, -19.0752798], [-70.2976949, -19.0754217]]], [[[-70.2979939, -19.0751125], [-70.2975688, -19.0747677], [-70.2979282, -19.0751606], [-70.2979939, -19.0751125]]], [[[-70.297597, -19.0744039], [-70.2975326, -19.0743989], [-70.2975795, -19.0744838], [-70.297597, -19.0744039]]], [[[-70.2967427, -19.0736549], [-70.2968527, -19.0737258], [-70.2967588, -19.073613], [-70.2967427, -19.0736549]]], [[[-70.2961445, -19.0713341], [-70.2960762, -19.0713721], [-70.2961486, -19.0714025], [-70.2961445, -19.0713341]]], [[[-70.2959675, -19.069647], [-70.2960091, -19.0696496], [-70.295993, -19.069609], [-70.2959675, -19.069647]]], [[[-70.296166, -19.0689246], [-70.2962062, -19.0689626], [-70.2962223, -19.0688903], [-70.296166, -19.0689246]]], [[[-70.3035595, -19.0589743], [-70.3035823, -19.0587639], [-70.3033356, -19.058897], [-70.3035595, -19.0589743]]], [[[-70.3040463, -19.0572149], [-70.3038479, -19.0572985], [-70.3039712, -19.0573746], [-70.3040463, -19.0572149]]], [[[-70.3051997, -19.0540915], [-70.3051755, -19.0540915], [-70.3052292, -19.054184], [-70.3051997, -19.0540915]]], [[[-70.3049945, -19.0536047], [-70.30502, -19.0538151], [-70.3052332, -19.0537086], [-70.3049945, -19.0536047]]], [[[-70.3064831, -19.0508653], [-70.3065891, -19.0507043], [-70.3064952, -19.0506093], [-70.3064831, -19.0508653]]], [[[-70.3063369, -19.0504064], [-70.3064751, -19.050324], [-70.3064979, -19.0494696], [-70.3063369, -19.0504064]]], [[[-70.3065167, -19.0491007], [-70.306467, -19.049334], [-70.3066374, -19.0493061], [-70.3065167, -19.0491007]]], [[[-70.3063021, -19.0486938], [-70.3063624, -19.048742], [-70.3063584, -19.0486799], [-70.3063021, -19.0486938]]], [[[-70.3064791, -19.0476353], [-70.3064871, -19.0477519], [-70.306522, -19.0476683], [-70.3064791, -19.0476353]]], [[[-70.3110321, -19.0426026], [-70.3110536, -19.0426114], [-70.3110442, -19.0425392], [-70.3110321, -19.0426026]]], [[[-70.3115458, -19.0415897], [-70.3117282, -19.0414147], [-70.3115109, -19.0413437], [-70.3115458, -19.0415897]]], [[[-70.3119843, -19.0411067], [-70.3119964, -19.0410458], [-70.3119454, -19.0410737], [-70.3119843, -19.0411067]]], [[[-70.3117791, -19.0409051], [-70.3117711, -19.0409292], [-70.311806, -19.041004], [-70.3117791, -19.0409051]]], [[[-70.3117309, -19.0406756], [-70.3117282, -19.04072], [-70.3118596, -19.0406642], [-70.3117309, -19.0406756]]], [[[-70.3115673, -19.0406718], [-70.311586, -19.0406972], [-70.3116035, -19.040649], [-70.3115673, -19.0406718]]], [[[-70.3119602, -19.0396564], [-70.3120071, -19.039683], [-70.3120554, -19.0394459], [-70.3119602, -19.0396564]]], [[[-70.3118569, -19.0389122], [-70.3119012, -19.0389959], [-70.3119052, -19.0389122], [-70.3118569, -19.0389122]]], [[[-70.3119146, -19.0363133], [-70.3119012, -19.0361929], [-70.3118945, -19.0362804], [-70.3119146, -19.0363133]]], [[[-70.3106982, -19.034011], [-70.3107036, -19.0339362], [-70.3106459, -19.0339667], [-70.3106982, -19.034011]]], [[[-70.311295, -19.0081375], [-70.3113366, -19.008315], [-70.3113607, -19.0081869], [-70.311295, -19.0081375]]], [[[-70.3112762, -19.0062938], [-70.3113057, -19.0062824], [-70.311291, -19.0061594], [-70.3112762, -19.0062938]]], [[[-70.3119139, -19.0007627], [-70.3119407, -19.0007602], [-70.3119246, -19.0007107], [-70.3119139, -19.0007627]]], [[[-70.311816, -19.0006144], [-70.3117717, -19.0006702], [-70.3118415, -19.0006778], [-70.311816, -19.0006144]]], [[[-70.3116323, -18.9983978], [-70.3115625, -18.9983775], [-70.3115437, -18.9985551], [-70.3116323, -18.9983978]]], [[[-70.3108383, -18.9977942], [-70.3109027, -18.9978399], [-70.3112648, -18.9978957], [-70.3108383, -18.9977942]]], [[[-70.3107123, -18.9966986], [-70.3106774, -18.9966517], [-70.310495, -18.9967088], [-70.3107123, -18.9966986]]], [[[-70.3075835, -18.9917037], [-70.307507, -18.9916238], [-70.3074614, -18.9917709], [-70.3075835, -18.9917037]]], [[[-70.3093497, -18.9826618], [-70.3093269, -18.9826568], [-70.3093336, -18.9827214], [-70.3093497, -18.9826618]]], [[[-70.3091552, -18.9826111], [-70.30928, -18.9824982], [-70.3090882, -18.9824932], [-70.3091552, -18.9826111]]], [[[-70.3110864, -18.9771363], [-70.3110556, -18.9771275], [-70.3109952, -18.9772226], [-70.3110864, -18.9771363]]], [[[-70.3103958, -18.9766487], [-70.3105077, -18.9766018], [-70.3104025, -18.9765992], [-70.3103958, -18.9766487]]], [[[-70.3085323, -18.9718129], [-70.3085859, -18.9716595], [-70.3084894, -18.9716595], [-70.3085323, -18.9718129]]], [[[-70.3086315, -18.9716201], [-70.3086691, -18.9716201], [-70.3086382, -18.9716011], [-70.3086315, -18.9716201]]], [[[-70.3085618, -18.9714007], [-70.3085618, -18.9714362], [-70.3086356, -18.9714489], [-70.3085618, -18.9714007]]], [[[-70.3086838, -18.9713589], [-70.3086208, -18.9712562], [-70.308649, -18.971369], [-70.3086838, -18.9713589]]], [[[-70.3090406, -18.9711331], [-70.3090674, -18.971071], [-70.3090044, -18.9710799], [-70.3090406, -18.9711331]]], [[[-70.3086919, -18.9707958], [-70.3086235, -18.9709759], [-70.3087495, -18.9709137], [-70.3086919, -18.9707958]]], [[[-70.3086959, -18.9707248], [-70.3087992, -18.9710761], [-70.3089574, -18.9706804], [-70.3086959, -18.9707248]]], [[[-70.309062, -18.9707768], [-70.3090821, -18.9709239], [-70.3091318, -18.9708021], [-70.309062, -18.9707768]]], [[[-70.3090137, -18.970194], [-70.3089816, -18.9700906], [-70.3089024, -18.9701388], [-70.3090137, -18.970194]]], [[[-70.3086704, -18.9679663], [-70.3086879, -18.9680487], [-70.3087402, -18.9679815], [-70.3086704, -18.9679663]]], [[[-70.3095851, -18.9677595], [-70.3096079, -18.9677266], [-70.3095167, -18.9676746], [-70.3095851, -18.9677595]]], [[[-70.3093665, -18.9669808], [-70.3093048, -18.9669174], [-70.3093423, -18.9670011], [-70.3093665, -18.9669808]]], [[[-70.3089145, -18.9668134], [-70.3089252, -18.9667462], [-70.3088273, -18.9667817], [-70.3089145, -18.9668134]]], [[[-70.3089923, -18.9667132], [-70.3089668, -18.9667246], [-70.3090285, -18.9667525], [-70.3089923, -18.9667132]]], [[[-70.3085551, -18.9662173], [-70.308653, -18.9665217], [-70.3089266, -18.9664697], [-70.3085551, -18.9662173]]], [[[-70.3107129, -18.9576123], [-70.3106968, -18.9576351], [-70.310847, -18.957748], [-70.3107129, -18.9576123]]], [[[-70.3108148, -18.9551529], [-70.3108296, -18.9552455], [-70.3108873, -18.9551517], [-70.3108148, -18.9551529]]], [[[-70.2851824, -19.227246], [-70.285173, -19.2272663], [-70.2852052, -19.2272435], [-70.2851824, -19.227246]]], [[[-70.284827, -19.2269079], [-70.2848699, -19.2269459], [-70.2848525, -19.2268699], [-70.284827, -19.2269079]]], [[[-70.2847546, -19.2267471], [-70.284721, -19.2267648], [-70.2847586, -19.2267851], [-70.2847546, -19.2267471]]], [[[-70.2847411, -19.2263495], [-70.2847264, -19.2263875], [-70.2847854, -19.2263887], [-70.2847411, -19.2263495]]], [[[-70.2852749, -19.2255808], [-70.2852642, -19.2255517], [-70.2851301, -19.2255251], [-70.2852749, -19.2255808]]], [[[-70.2852736, -19.2254884], [-70.285236, -19.2254466], [-70.2851435, -19.225415], [-70.2852736, -19.2254884]]], [[[-70.2851958, -19.2253643], [-70.2852226, -19.2254086], [-70.2853017, -19.2254276], [-70.2851958, -19.2253643]]], [[[-70.2852776, -19.2215159], [-70.2852454, -19.221483], [-70.2851582, -19.2215375], [-70.2852776, -19.2215159]]], [[[-70.2848873, -19.2215666], [-70.2849061, -19.2215628], [-70.2849249, -19.2214526], [-70.2848873, -19.2215666]]], [[[-70.2850107, -19.2210727], [-70.2850442, -19.2210854], [-70.2850831, -19.2210043], [-70.2850107, -19.2210727]]], [[[-70.2849235, -19.2198241], [-70.2848766, -19.2198292], [-70.2849396, -19.2198925], [-70.2849235, -19.2198241]]], [[[-70.2853098, -19.2191814], [-70.2853446, -19.2191308], [-70.2852132, -19.2189991], [-70.2853098, -19.2191814]]], [[[-70.2853192, -19.2189294], [-70.2853312, -19.2189053], [-70.2852937, -19.2189281], [-70.2853192, -19.2189294]]], [[[-70.285008, -19.2189661], [-70.2850697, -19.2189649], [-70.2849893, -19.2188686], [-70.285008, -19.2189661]]], [[[-70.2853554, -19.2188661], [-70.2853446, -19.218818], [-70.2853071, -19.2188585], [-70.2853554, -19.2188661]]], [[[-70.2850174, -19.2186128], [-70.2849705, -19.218723], [-70.2850442, -19.2186166], [-70.2850174, -19.2186128]]], [[[-70.2849611, -19.2185419], [-70.2849839, -19.2186065], [-70.2850067, -19.2185254], [-70.2849611, -19.2185419]]], [[[-70.2851287, -19.2184862], [-70.2851193, -19.2185356], [-70.2851354, -19.2185419], [-70.2851287, -19.2184862]]], [[[-70.2849504, -19.2184912], [-70.2849933, -19.2184596], [-70.2849383, -19.218433], [-70.2849504, -19.2184912]]], [[[-70.2847438, -19.2177808], [-70.2845011, -19.2179822], [-70.2849048, -19.2179492], [-70.2847438, -19.2177808]]], [[[-70.2844072, -19.217273], [-70.284367, -19.2173338], [-70.2844099, -19.2174072], [-70.2844072, -19.217273]]], [[[-70.2843281, -19.2171768], [-70.2842731, -19.2172654], [-70.2843133, -19.2173173], [-70.2843281, -19.2171768]]], [[[-70.2841739, -19.2172781], [-70.2842315, -19.2172261], [-70.284025, -19.2169703], [-70.2841739, -19.2172781]]], [[[-70.2839633, -19.2167892], [-70.2841216, -19.2166727], [-70.2839016, -19.2165246], [-70.2839633, -19.2167892]]], [[[-70.2833223, -19.2165296], [-70.2833518, -19.2165942], [-70.2833692, -19.2165068], [-70.2833223, -19.2165296]]], [[[-70.2835315, -19.216536], [-70.2835127, -19.2164435], [-70.2833974, -19.2164157], [-70.2835315, -19.216536]]], [[[-70.2827288, -19.2163536], [-70.2827798, -19.2163701], [-70.2827463, -19.2163181], [-70.2827288, -19.2163536]]], [[[-70.2839888, -19.2162852], [-70.2839767, -19.2161725], [-70.2839794, -19.2162472], [-70.2839888, -19.2162852]]], [[[-70.2835221, -19.2161624], [-70.2834577, -19.2162624], [-70.2835663, -19.2162561], [-70.2835221, -19.2161624]]], [[[-70.2834322, -19.2161852], [-70.2834269, -19.2161371], [-70.2833719, -19.2161396], [-70.2834322, -19.2161852]]], [[[-70.2820556, -19.2157508], [-70.2820931, -19.2157103], [-70.2820449, -19.2156647], [-70.2820556, -19.2157508]]], [[[-70.2772826, -19.2129622], [-70.2772155, -19.2129939], [-70.2773081, -19.2130179], [-70.2772826, -19.2129622]]], [[[-70.2769205, -19.2126633], [-70.2770264, -19.2126975], [-70.2769876, -19.2125962], [-70.2769205, -19.2126633]]], [[[-70.2771083, -19.2123201], [-70.2769554, -19.2123581], [-70.2770023, -19.2124189], [-70.2771083, -19.2123201]]], [[[-70.2769138, -19.2122201], [-70.2770197, -19.2122214], [-70.2769916, -19.2121213], [-70.2769138, -19.2122201]]], [[[-70.276545, -19.212177], [-70.2767971, -19.2119047], [-70.2765168, -19.2120301], [-70.276545, -19.212177]]], [[[-70.2753132, -19.2114786], [-70.2752944, -19.2115267], [-70.2753695, -19.2115989], [-70.2753132, -19.2114786]]], [[[-70.2752434, -19.2115736], [-70.2752475, -19.211452], [-70.2752113, -19.2115407], [-70.2752434, -19.2115736]]], [[[-70.2752046, -19.1838924], [-70.2750986, -19.1838278], [-70.2751067, -19.1839595], [-70.2752046, -19.1838924]]], [[[-70.2753078, -19.1835264], [-70.2753118, -19.1835036], [-70.2752233, -19.1835213], [-70.2753078, -19.1835264]]], [[[-70.2753548, -19.1831033], [-70.2752046, -19.1831147], [-70.2753655, -19.183235], [-70.2753548, -19.1831033]]], [[[-70.275344, -19.1827195], [-70.2752756, -19.1826258], [-70.2751348, -19.182736], [-70.275344, -19.1827195]]], [[[-70.2753561, -19.1801533], [-70.2754124, -19.1800735], [-70.2753226, -19.1801089], [-70.2753561, -19.1801533]]], [[[-70.2760709, -19.1777694], [-70.2756418, -19.1779163], [-70.2760655, -19.1779518], [-70.2760709, -19.1777694]]], [[[-70.2762372, -19.1776073], [-70.2761715, -19.1779049], [-70.2762546, -19.1777897], [-70.2762372, -19.1776073]]], [[[-70.2754064, -19.1759694], [-70.2754151, -19.1759067], [-70.2753883, -19.1759745], [-70.2754064, -19.1759694]]], [[[-70.2755948, -19.1743823], [-70.2756793, -19.1743848], [-70.2755626, -19.1743037], [-70.2755948, -19.1743823]]], [[[-70.2752864, -19.1739478], [-70.2753172, -19.1739402], [-70.2752877, -19.1738617], [-70.2752864, -19.1739478]]], [[[-70.2752662, -19.1737388], [-70.2751134, -19.1737236], [-70.2752247, -19.1738959], [-70.2752662, -19.1737388]]], [[[-70.2792946, -19.1332444], [-70.2791122, -19.1323499], [-70.2788748, -19.1326033], [-70.2792946, -19.1332444]]], [[[-70.2798283, -19.132616], [-70.2796486, -19.132474], [-70.27989, -19.1328554], [-70.2798283, -19.132616]]], [[[-70.2792704, -19.1314338], [-70.2790586, -19.13152], [-70.2792476, -19.1315314], [-70.2792704, -19.1314338]]], [[[-70.279131, -19.1311867], [-70.279143, -19.1311133], [-70.2790974, -19.1311627], [-70.279131, -19.1311867]]], [[[-70.2790197, -19.1310841], [-70.278962, -19.1310993], [-70.2790237, -19.131098], [-70.2790197, -19.1310841]]], [[[-70.2782713, -19.1287553], [-70.2782579, -19.128844], [-70.2785543, -19.1290062], [-70.2782713, -19.1287553]]], [[[-70.2830765, -19.1239062], [-70.2830577, -19.123877], [-70.2830135, -19.1239163], [-70.2830765, -19.1239062]]], [[[-70.2829826, -19.1237947], [-70.2830175, -19.1237833], [-70.2829679, -19.1237554], [-70.2829826, -19.1237947]]], [[[-70.2828807, -19.1236198], [-70.2828901, -19.12354], [-70.2828297, -19.1235945], [-70.2828807, -19.1236198]]], [[[-70.2845812, -19.123061], [-70.2846671, -19.1229964], [-70.2845316, -19.1229584], [-70.2845812, -19.123061]]], [[[-70.2852987, -19.1228064], [-70.2852893, -19.1228393], [-70.2853202, -19.1228596], [-70.2852987, -19.1228064]]], [[[-70.2848307, -19.122966], [-70.2851928, -19.1230053], [-70.2849862, -19.1226112], [-70.2848307, -19.122966]]], [[[-70.2843157, -19.1227493], [-70.2843063, -19.1228127], [-70.284376, -19.1227696], [-70.2843157, -19.1227493]]], [[[-70.2835513, -19.1226062], [-70.2835566, -19.1227151], [-70.283798, -19.1229457], [-70.2835513, -19.1226062]]], [[[-70.2846577, -19.1227721], [-70.2846027, -19.1226682], [-70.2845571, -19.1228304], [-70.2846577, -19.1227721]]], [[[-70.2851887, -19.1225985], [-70.2851767, -19.1225707], [-70.285174, -19.1225998], [-70.2851887, -19.1225985]]], [[[-70.2845852, -19.1225795], [-70.2845665, -19.1225339], [-70.2845343, -19.1226036], [-70.2845852, -19.1225795]]], [[[-70.2842567, -19.1225403], [-70.2842339, -19.122577], [-70.2842875, -19.1225618], [-70.2842567, -19.1225403]]], [[[-70.2852933, -19.1223907], [-70.2852397, -19.1224959], [-70.2854503, -19.1224908], [-70.2852933, -19.1223907]]], [[[-70.2852732, -19.1223388], [-70.2852089, -19.1222298], [-70.28517, -19.1223996], [-70.2852732, -19.1223388]]], [[[-70.2848843, -19.1220461], [-70.2849286, -19.122003], [-70.2848266, -19.1219523], [-70.2848843, -19.1220461]]], [[[-70.284765, -19.1213593], [-70.2847864, -19.1217775], [-70.284781, -19.1214962], [-70.284765, -19.1213593]]], [[[-70.2846268, -19.1213771], [-70.2845316, -19.1214201], [-70.2846724, -19.1217445], [-70.2846268, -19.1213771]]], [[[-70.284423, -19.1214391], [-70.2844337, -19.1213644], [-70.2843371, -19.1213061], [-70.284423, -19.1214391]]], [[[-70.2846872, -19.1210071], [-70.2846898, -19.1208423], [-70.2845718, -19.120907], [-70.2846872, -19.1210071]]], [[[-70.2845008, -19.1201708], [-70.2846134, -19.1202823], [-70.2846282, -19.120172], [-70.2845008, -19.1201708]]], [[[-70.2843345, -19.1195296], [-70.2843465, -19.1197273], [-70.2845866, -19.1198109], [-70.2843345, -19.1195296]]], [[[-70.284313, -19.1190582], [-70.2841775, -19.1189645], [-70.2843868, -19.1192546], [-70.284313, -19.1190582]]], [[[-70.2840555, -19.1186451], [-70.2841588, -19.1189455], [-70.2841306, -19.118711], [-70.2840555, -19.1186451]]], [[[-70.2842044, -19.1187338], [-70.2842419, -19.1186299], [-70.2841279, -19.118488], [-70.2842044, -19.1187338]]], [[[-70.2832669, -19.1179241], [-70.2833125, -19.1179431], [-70.2832696, -19.1179089], [-70.2832669, -19.1179241]]], [[[-70.2840099, -19.1177734], [-70.2838543, -19.1178735], [-70.2840944, -19.1180496], [-70.2840099, -19.1177734]]], [[[-70.2838503, -19.1166988], [-70.2838745, -19.116728], [-70.2838872, -19.1166937], [-70.2838503, -19.1166988]]], [[[-70.2815758, -19.1140821], [-70.281439, -19.1140695], [-70.2815476, -19.1142849], [-70.2815758, -19.1140821]]], [[[-70.2822792, -19.1111005], [-70.2823107, -19.1110973], [-70.2822759, -19.1110821], [-70.2822792, -19.1111005]]], [[[-70.2823248, -19.111084], [-70.2823684, -19.1110504], [-70.2823295, -19.1110244], [-70.2823248, -19.111084]]], [[[-70.2822356, -19.1083316], [-70.2821498, -19.1087663], [-70.2823308, -19.1085002], [-70.2822356, -19.1083316]]], [[[-70.2819527, -19.107935], [-70.2819728, -19.1078818], [-70.2818574, -19.1078944], [-70.2819527, -19.107935]]], [[[-70.2818601, -19.1060228], [-70.2819687, -19.1059632], [-70.2818239, -19.1059138], [-70.2818601, -19.1060228]]], [[[-70.2829169, -19.1036163], [-70.2828659, -19.103397], [-70.2828324, -19.1035998], [-70.2829169, -19.1036163]]], [[[-70.2830282, -19.1033375], [-70.2829987, -19.1032881], [-70.2829934, -19.1033375], [-70.2830282, -19.1033375]]], [[[-70.2828552, -19.1030904], [-70.2827439, -19.1030169], [-70.2825669, -19.1031677], [-70.2828552, -19.1030904]]], [[[-70.2848146, -19.0991999], [-70.2849661, -19.0989705], [-70.2847703, -19.0991428], [-70.2848146, -19.0991999]]], [[[-70.2849594, -19.098864], [-70.2849004, -19.0988678], [-70.2849514, -19.0989261], [-70.2849594, -19.098864]]], [[[-70.284832, -19.0988083], [-70.2847958, -19.0987728], [-70.2847408, -19.0988273], [-70.284832, -19.0988083]]], [[[-70.2853524, -19.0988691], [-70.2854704, -19.0987956], [-70.2852853, -19.0986359], [-70.2853524, -19.0988691]]], [[[-70.2849312, -19.0985954], [-70.2848226, -19.0986372], [-70.2849232, -19.0987157], [-70.2849312, -19.0985954]]], [[[-70.2853899, -19.0959695], [-70.2853671, -19.0959708], [-70.2853101, -19.0960519], [-70.2853899, -19.0959695]]], [[[-70.2750315, -19.2116141], [-70.2750624, -19.2115141], [-70.2750222, -19.2115786], [-70.2750315, -19.2116141]]], [[[-70.2742597, -19.2106396], [-70.2743161, -19.210594], [-70.2742819, -19.2105991], [-70.2742597, -19.2106396]]], [[[-70.2743255, -19.2105168], [-70.2744006, -19.2103546], [-70.2742732, -19.2104775], [-70.2743255, -19.2105168]]], [[[-70.274306, -19.2096372], [-70.2743087, -19.2096993], [-70.2743516, -19.2096917], [-70.274306, -19.2096372]]], [[[-70.274306, -19.2094865], [-70.2743047, -19.2093257], [-70.2742497, -19.2094675], [-70.274306, -19.2094865]]], [[[-70.2739251, -19.2092636], [-70.2739506, -19.2093168], [-70.2739707, -19.2092459], [-70.2739251, -19.2092636]]], [[[-70.2741813, -19.2089255], [-70.2741303, -19.2089483], [-70.2741719, -19.2091978], [-70.2741813, -19.2089255]]], [[[-70.274074, -19.208752], [-70.274066, -19.2090585], [-70.2740901, -19.2088115], [-70.274074, -19.208752]]], [[[-70.2740002, -19.2087634], [-70.2739734, -19.20879], [-70.2739962, -19.2090357], [-70.2740002, -19.2087634]]], [[[-70.2741022, -19.2086304], [-70.2740794, -19.208638], [-70.2741183, -19.2087039], [-70.2741022, -19.2086304]]], [[[-70.2723306, -19.2071499], [-70.2722742, -19.2071829], [-70.2725049, -19.2073551], [-70.2723306, -19.2071499]]], [[[-70.272297, -19.2069182], [-70.2723239, -19.2069207], [-70.2722581, -19.2067839], [-70.272297, -19.2069182]]], [[[-70.2710994, -19.2065281], [-70.2710565, -19.2065534], [-70.2711115, -19.2065851], [-70.2710994, -19.2065281]]], [[[-70.2712456, -19.2066129], [-70.2712966, -19.206599], [-70.2712845, -19.2064711], [-70.2712456, -19.2066129]]], [[[-70.2709224, -19.2055909], [-70.2709921, -19.2058189], [-70.2710874, -19.2056352], [-70.2709224, -19.2055909]]], [[[-70.2709519, -19.20523], [-70.270964, -19.2051793], [-70.2708822, -19.2052034], [-70.2709519, -19.20523]]], [[[-70.2695263, -19.2051616], [-70.2696175, -19.2051831], [-70.2695974, -19.2050058], [-70.2695263, -19.2051616]]], [[[-70.2690717, -19.2041636], [-70.268833, -19.2041522], [-70.2689148, -19.2043333], [-70.2690717, -19.2041636]]], [[[-70.2693654, -19.2039863], [-70.2693761, -19.2040813], [-70.2693949, -19.2039749], [-70.2693654, -19.2039863]]], [[[-70.2692152, -19.2026919], [-70.2691387, -19.2029972], [-70.2692755, -19.2027173], [-70.2692152, -19.2026919]]], [[[-70.2690569, -19.2028376], [-70.2691039, -19.2027274], [-70.2690261, -19.202678], [-70.2690569, -19.2028376]]], [[[-70.2687579, -19.2015534], [-70.2686023, -19.2019992], [-70.2689926, -19.2021094], [-70.2687579, -19.2015534]]], [[[-70.2684789, -19.2018561], [-70.268499, -19.2017801], [-70.2684467, -19.2017573], [-70.2684789, -19.2018561]]], [[[-70.2685661, -19.2016762], [-70.2685741, -19.2016116], [-70.2685366, -19.2016534], [-70.2685661, -19.2016762]]], [[[-70.2685031, -19.2016598], [-70.2685178, -19.2016053], [-70.2684843, -19.2016509], [-70.2685031, -19.2016598]]], [[[-70.2683931, -19.2016078], [-70.2684494, -19.2015546], [-70.2684159, -19.2014191], [-70.2683931, -19.2016078]]], [[[-70.2682858, -19.2015394], [-70.2683153, -19.2014875], [-70.2682657, -19.2015192], [-70.2682858, -19.2015394]]], [[[-70.2692246, -19.2002907], [-70.2692796, -19.2002501], [-70.2692112, -19.2002071], [-70.2692246, -19.2002907]]], [[[-70.2684548, -19.1998005], [-70.2684642, -19.1997714], [-70.2684239, -19.1996954], [-70.2684548, -19.1998005]]], [[[-70.2680672, -19.1995358], [-70.2681034, -19.1995067], [-70.2680417, -19.1994649], [-70.2680672, -19.1995358]]], [[[-70.268263, -19.1989798], [-70.2682214, -19.1990077], [-70.2682482, -19.1991293], [-70.268263, -19.1989798]]], [[[-70.2676387, -19.1987259], [-70.267626, -19.1987341], [-70.2676541, -19.1987531], [-70.2676387, -19.1987259]]], [[[-70.2675763, -19.1973828], [-70.2675495, -19.1973853], [-70.2675321, -19.1975018], [-70.2675763, -19.1973828]]], [[[-70.2747003, -19.1851413], [-70.2746051, -19.1851818], [-70.274699, -19.1852148], [-70.2747003, -19.1851413]]], [[[-70.2747499, -19.185021], [-70.2747392, -19.1849462], [-70.2746453, -19.1850552], [-70.2747499, -19.185021]]], [[[-70.2747687, -19.1847651], [-70.2747566, -19.1846043], [-70.2745809, -19.1847677], [-70.2747687, -19.1847651]]], [[[-70.2749538, -19.1838797], [-70.27488, -19.1839215], [-70.2750007, -19.1839177], [-70.2749538, -19.1838797]]], [[[-70.2748478, -19.183653], [-70.2748666, -19.1837797], [-70.2749122, -19.1836518], [-70.2748478, -19.183653]]], [[[-70.2750088, -19.1838], [-70.2749833, -19.1835504], [-70.2753963, -19.1833186], [-70.274998, -19.1833718], [-70.2748974, -19.1835606], [-70.2750088, -19.1838]]], [[[-70.2750879, -19.1814833], [-70.2751093, -19.1814858], [-70.2751134, -19.1814288], [-70.2750879, -19.1814833]]], [[[-70.2750812, -19.1739529], [-70.2749658, -19.1740821], [-70.275163, -19.1743063], [-70.2750812, -19.1739529]]], [[[-70.27477, -19.1737616], [-70.2749444, -19.1737261], [-70.2747633, -19.1736995], [-70.27477, -19.1737616]]], [[[-70.2746936, -19.173455], [-70.2749578, -19.1733626], [-70.2747848, -19.1731827], [-70.2746936, -19.173455]]], [[[-70.2745099, -19.1715334], [-70.27442, -19.1712573], [-70.2744254, -19.171655], [-70.2745099, -19.1715334]]], [[[-70.2743087, -19.1702312], [-70.2743033, -19.1702832], [-70.2743959, -19.1702958], [-70.2743087, -19.1702312]]], [[[-70.274306, -19.1698892], [-70.274298, -19.1698436], [-70.2742738, -19.1699019], [-70.274306, -19.1698892]]], [[[-70.2744683, -19.1672265], [-70.2745112, -19.1671872], [-70.2744616, -19.1671758], [-70.2744683, -19.1672265]]], [[[-70.274471, -19.1670935], [-70.2746346, -19.1671239], [-70.2746413, -19.1669288], [-70.274471, -19.1670935]]], [[[-70.2746091, -19.1667135], [-70.2745635, -19.1667527], [-70.2746346, -19.1667793], [-70.2746091, -19.1667135]]], [[[-70.2742859, -19.1655493], [-70.274184, -19.1654948], [-70.2742698, -19.1655797], [-70.2742859, -19.1655493]]], [[[-70.2739191, -19.1646436], [-70.2739406, -19.1646828], [-70.2739667, -19.1646277], [-70.2739191, -19.1646436]]], [[[-70.2740351, -19.1646892], [-70.2740271, -19.1645714], [-70.2739882, -19.164603], [-70.2740351, -19.1646892]]], [[[-70.2735724, -19.1629752], [-70.2735228, -19.1630043], [-70.2735872, -19.1630322], [-70.2735724, -19.1629752]]], [[[-70.2734826, -19.1622683], [-70.2732506, -19.1622709], [-70.2733283, -19.1624317], [-70.2734826, -19.1622683]]], [[[-70.2736127, -19.1622975], [-70.2734812, -19.1623912], [-70.2736368, -19.162319], [-70.2736127, -19.1622975]]], [[[-70.2733619, -19.1616983], [-70.2731728, -19.1620175], [-70.2735268, -19.161982], [-70.2733619, -19.1616983]]], [[[-70.2726927, -19.1613854], [-70.2727181, -19.1614664], [-70.2727584, -19.1614082], [-70.2726927, -19.1613854]]], [[[-70.2726712, -19.1612359], [-70.2726685, -19.1611497], [-70.2725974, -19.1612182], [-70.2726712, -19.1612359]]], [[[-70.2723078, -19.1611586], [-70.2723011, -19.1610813], [-70.2722796, -19.161151], [-70.2723078, -19.1611586]]], [[[-70.2712858, -19.1598437], [-70.2712483, -19.1597879], [-70.2712617, -19.1598627], [-70.2712858, -19.1598437]]], [[[-70.2711719, -19.1594066], [-70.2711491, -19.1594243], [-70.2711973, -19.1594357], [-70.2711719, -19.1594066]]], [[[-70.2711075, -19.1590342], [-70.2710967, -19.1589924], [-70.2710565, -19.1590253], [-70.2711075, -19.1590342]]], [[[-70.2707923, -19.1539098], [-70.2708245, -19.1537806], [-70.2705979, -19.1537223], [-70.2707923, -19.1539098]]], [[[-70.2703819, -19.1536159], [-70.2703793, -19.1536399], [-70.2704195, -19.1536159], [-70.2703819, -19.1536159]]], [[[-70.2703578, -19.1535563], [-70.2703806, -19.1535221], [-70.270327, -19.1535323], [-70.2703578, -19.1535563]]], [[[-70.2718397, -19.1530889], [-70.2719242, -19.1531155], [-70.2719095, -19.1530648], [-70.2718397, -19.1530889]]], [[[-70.2713596, -19.1525162], [-70.271133, -19.1525758], [-70.2713194, -19.152871], [-70.2713596, -19.1525162]]], [[[-70.2711507, -19.1517108], [-70.2711534, -19.1517324], [-70.2712299, -19.1517172], [-70.2711507, -19.1517108]]], [[[-70.2715464, -19.1515398], [-70.2716268, -19.1515943], [-70.2716067, -19.1515145], [-70.2715464, -19.1515398]]], [[[-70.2714511, -19.151365], [-70.2715517, -19.1514954], [-70.271592, -19.1514752], [-70.2714511, -19.151365]]], [[[-70.270794, -19.1513067], [-70.2707511, -19.1513257], [-70.2707001, -19.1514169], [-70.270794, -19.1513067]]], [[[-70.2708892, -19.1513105], [-70.2710045, -19.1514004], [-70.2709201, -19.151308], [-70.2708892, -19.1513105]]], [[[-70.2714002, -19.1511914], [-70.2713278, -19.1512129], [-70.2714431, -19.1512953], [-70.2714002, -19.1511914]]], [[[-70.2709066, -19.1508759], [-70.2707806, -19.150952], [-70.2709362, -19.1510292], [-70.2709066, -19.1508759]]], [[[-70.2713076, -19.1508734], [-70.2713532, -19.1509114], [-70.2713653, -19.1507467], [-70.2713076, -19.1508734]]], [[[-70.2707732, -19.1506327], [-70.2708946, -19.1506713], [-70.2708007, -19.1506074], [-70.2707732, -19.1506327]]], [[[-70.271189, -19.1504914], [-70.2712721, -19.1505003], [-70.2715041, -19.1503039], [-70.271189, -19.1504914]]], [[[-70.2708389, -19.1503255], [-70.2709328, -19.1503103], [-70.270851, -19.1502077], [-70.2708389, -19.1503255]]], [[[-70.2713687, -19.1499606], [-70.2711527, -19.1500354], [-70.2715122, -19.1499986], [-70.2713687, -19.1499606]]], [[[-70.2710414, -19.149877], [-70.2709744, -19.1499163], [-70.2710133, -19.1500126], [-70.2710414, -19.149877]]], [[[-70.2712466, -19.1499099], [-70.271189, -19.1498998], [-70.2712064, -19.1499606], [-70.2712466, -19.1499099]]], [[[-70.2709127, -19.1496287], [-70.2708134, -19.1495818], [-70.2708161, -19.1497452], [-70.2709127, -19.1496287]]], [[[-70.2710803, -19.1493158], [-70.2708121, -19.1491409], [-70.2708859, -19.1493816], [-70.2710803, -19.1493158]]], [[[-70.270572, -19.1491954], [-70.270163, -19.1489838], [-70.2704245, -19.1491929], [-70.270572, -19.1491954]]], [[[-70.2693302, -19.1482782], [-70.2694576, -19.1483187], [-70.2693288, -19.148249], [-70.2693302, -19.1482782]]], [[[-70.2703199, -19.1480919], [-70.2703347, -19.1481515], [-70.2703534, -19.1481274], [-70.2703199, -19.1480919]]], [[[-69.7767234, -18.0458179], [-69.7636879, -18.0798352], [-69.7468114, -18.0848939], [-69.7717667, -18.1070851], [-69.753026, -18.1354416], [-69.7017958, -18.145796], [-69.6751175, -18.1612126], [-69.691555, -18.1751613], [-69.69413, -18.1960364], [-69.6815987, -18.2160937], [-69.6716423, -18.2677756], [-69.6498413, -18.3096641], [-69.6752472, -18.339811], [-69.626667, -18.4346173], [-69.6769638, -18.4929087], [-69.6843453, -18.5223724], [-69.6948166, -18.5334404], [-69.692585, -18.5454841], [-69.520578, -18.6570534], [-69.5015236, -18.6720157], [-69.4895073, -18.6990095], [-69.4575783, -18.6983591], [-69.4526001, -18.7112041], [-69.4287392, -18.7235604], [-69.3832786, -18.8111019], [-69.3589027, -18.8216636], [-69.3540962, -18.807852], [-69.3321236, -18.7959894], [-69.329377, -18.784451], [-69.3036278, -18.7792504], [-69.2763336, -18.7933893], [-69.2653473, -18.784126], [-69.2244919, -18.7877014], [-69.2131622, -18.7963144], [-69.2030342, -18.8267004], [-69.1510208, -18.8309248], [-69.1503342, -18.886319], [-69.1577071, -18.9134522], [-69.1408896, -18.9497128], [-69.1198236, -18.9649636], [-69.1256762, -18.9801115], [-69.0718871, -19.0257043], [-69.0740919, -19.0478901], [-69.1000986, -19.0522001], [-69.1037893, -19.0691045], [-69.116621, -19.0795282], [-69.1427848, -19.0835812], [-69.1571331, -19.1052703], [-69.1623903, -19.0966529], [-69.1901457, -19.0951017], [-69.1921413, -19.1057671], [-69.2035353, -19.109589], [-69.2130303, -19.0977884], [-69.233383, -19.094169], [-69.282639, -19.1119409], [-69.3010926, -19.1323768], [-69.3165705, -19.1351161], [-69.3050282, -19.0897362], [-69.3411394, -19.0883817], [-69.3975258, -19.0689665], [-69.3975022, -19.0425454], [-69.4156318, -19.0267398], [-69.5738909, -19.0222127], [-69.6151624, -19.0116488], [-69.6482974, -18.9881891], [-69.6793037, -18.9851496], [-69.6924787, -18.9664834], [-69.7442942, -18.9947729], [-69.7711146, -19.0345237], [-69.8174477, -19.0454315], [-69.8885155, -19.022226], [-69.9099479, -19.0425289], [-69.9463251, -19.04649], [-70.0000401, -19.0797378], [-70.0869437, -19.1112209], [-70.0889714, -19.1191369], [-70.1026357, -19.1207164], [-70.1769629, -19.174834], [-70.2862232, -19.2289603], [-70.284275, -19.2261429], [-70.2834489, -19.2167479], [-70.2815365, -19.2157854], [-70.2815338, -19.2147571], [-70.279675, -19.2151573], [-70.2742798, -19.2112479], [-70.2688657, -19.2045991], [-70.2678546, -19.2011137], [-70.269016, -19.2000479], [-70.2683937, -19.2000049], [-70.2676938, -19.1992762], [-70.2679781, -19.1989076], [-70.2674953, -19.198705], [-70.2674376, -19.1962188], [-70.2744382, -19.1851514], [-70.2751744, -19.1782685], [-70.275263, -19.1780138], [-70.2760891, -19.1775933], [-70.2739835, -19.172733], [-70.2741914, -19.1694446], [-70.2750967, -19.1687643], [-70.2739949, -19.1663087], [-70.274459, -19.1657298], [-70.2740271, -19.1656779], [-70.2743691, -19.1648709], [-70.2739413, -19.1648925], [-70.2729596, -19.1624387], [-70.2711249, -19.1600406], [-70.2707521, -19.1588321], [-70.2700011, -19.1546148], [-70.2707936, -19.1544716], [-70.2702746, -19.1537457], [-70.2702787, -19.1530743], [-70.2712657, -19.1524573], [-70.2705187, -19.1513703], [-70.2709009, -19.1498691], [-70.2692983, -19.1489024], [-70.268963, -19.1478661], [-70.2692205, -19.1451967], [-70.2781516, -19.1280676], [-70.2828146, -19.1227914], [-70.2835294, -19.1224024], [-70.285061, -19.122462], [-70.2837641, -19.1204714], [-70.2838433, -19.1177863], [-70.2832438, -19.118022], [-70.283103, -19.1179358], [-70.2835268, -19.1156094], [-70.2827087, -19.1158476], [-70.281039, -19.1136237], [-70.282588, -19.1096422], [-70.2832156, -19.1100971], [-70.2827637, -19.1087691], [-70.2820287, -19.1088198], [-70.2816385, -19.1078022], [-70.2829675, -19.1074043], [-70.2821655, -19.1070305], [-70.2824043, -19.1064387], [-70.2818289, -19.1060357], [-70.2815513, -19.1048319], [-70.28282, -19.1005827], [-70.2972134, -19.0638139], [-70.3010195, -19.0589578], [-70.3041362, -19.057059], [-70.3064094, -19.04573], [-70.3109208, -19.0424695], [-70.3115082, -19.0405882], [-70.3122955, -19.040199], [-70.3118355, -19.039792], [-70.311637, -19.0390212], [-70.3118516, -19.0366886], [-70.3104045, -19.0343394], [-70.3106245, -19.0326051], [-70.3168324, -19.0167164], [-70.3163952, -19.0168482], [-70.3145914, -19.0129582], [-70.3127179, -19.0114278], [-70.3114613, -19.0095588], [-70.3065575, -18.9904368], [-70.3082131, -18.9658691], [-70.3098358, -18.9619044], [-70.3110053, -18.9536829], [-70.312038, -18.9518032], [-70.319917, -18.9446327], [-70.317737, -18.9392467], [-70.3175251, -18.9313172], [-70.3299585, -18.8708237], [-70.3365192, -18.8557058], [-70.3461269, -18.8407148], [-70.3512485, -18.8372395], [-70.3497822, -18.8339176], [-70.3499658, -18.8183479], [-70.3531773, -18.8164674], [-70.3514503, -18.8124662], [-70.3576899, -18.7942865], [-70.3613062, -18.7925522], [-70.3584233, -18.7928695], [-70.3571747, -18.7922151], [-70.3527553, -18.7829826], [-70.351467, -18.778759], [-70.3531836, -18.7773593], [-70.3520074, -18.7740092], [-70.3525905, -18.7728041], [-70.3518627, -18.7716338], [-70.3527358, -18.7674162], [-70.3392248, -18.7604904], [-70.3375559, -18.7565327], [-70.3371685, -18.7441227], [-70.3427754, -18.7129196], [-70.3412097, -18.7099828], [-70.3408793, -18.7088308], [-70.3413789, -18.7088139], [-70.3405115, -18.7083886], [-70.3393315, -18.7067023], [-70.3368415, -18.7006], [-70.3353638, -18.6924291], [-70.3364899, -18.6917064], [-70.3353423, -18.6897069], [-70.3362271, -18.6774313], [-70.3364446, -18.6770496], [-70.3370711, -18.6768711], [-70.3369409, -18.6751805], [-70.3391195, -18.6701544], [-70.3395954, -18.6704065], [-70.3402724, -18.6694486], [-70.3413055, -18.669499], [-70.3416206, -18.6684814], [-70.3423046, -18.6685926], [-70.3411796, -18.6668878], [-70.3408978, -18.6661493], [-70.3408247, -18.6648054], [-70.3454675, -18.6535058], [-70.3475568, -18.6504427], [-70.3500274, -18.6495858], [-70.3481212, -18.6476264], [-70.3483745, -18.6420107], [-70.3462659, -18.6398925], [-70.3461384, -18.6377928], [-70.3465197, -18.6377515], [-70.3452367, -18.6365779], [-70.3439338, -18.6340188], [-70.342179, -18.6288524], [-70.3419407, -18.6279074], [-70.342246, -18.627685], [-70.34174, -18.6277868], [-70.3404706, -18.626454], [-70.339446, -18.6242899], [-70.3369832, -18.5931656], [-70.3370691, -18.5907963], [-70.3381419, -18.5885209], [-70.3388792, -18.5882295], [-70.3385992, -18.5828147], [-70.3389291, -18.5819503], [-70.3397163, -18.5823278], [-70.3396305, -18.5815193], [-70.3405867, -18.5816249], [-70.3409595, -18.5804846], [-70.3403896, -18.580332], [-70.3393623, -18.5784519], [-70.3392429, -18.5765578], [-70.3384879, -18.5760963], [-70.3371998, -18.5696625], [-70.3368416, -18.5625292], [-70.3383061, -18.5622197], [-70.3379923, -18.5607614], [-70.3387688, -18.560544], [-70.332929, -18.5544509], [-70.3329599, -18.5541967], [-70.3327614, -18.554189], [-70.332457, -18.5535711], [-70.3325683, -18.553416], [-70.3323309, -18.5532698], [-70.3328097, -18.5525387], [-70.3324074, -18.5518649], [-70.3318441, -18.5520454], [-70.3316081, -18.5515674], [-70.3323886, -18.5512953], [-70.3313841, -18.5510181], [-70.3318696, -18.5503277], [-70.3314763, -18.5506207], [-70.3309174, -18.5483456], [-70.3311213, -18.5483011], [-70.331081, -18.5473259], [-70.3313774, -18.5468847], [-70.330959, -18.5464359], [-70.3328701, -18.5384306], [-70.3258655, -18.5368183], [-70.3234079, -18.5325834], [-70.3235179, -18.5306138], [-70.3228527, -18.531261], [-70.3228379, -18.5306794], [-70.3230941, -18.5299419], [-70.3226126, -18.5294943], [-70.320621, -18.523252], [-70.3206398, -18.5214997], [-70.316428, -18.5144616], [-70.3192639, -18.5045186], [-70.326245, -18.4931001], [-70.3292805, -18.4919569], [-70.3268183, -18.4830422], [-70.3337616, -18.4800423], [-70.325456, -18.4786455], [-70.3293895, -18.4746693], [-70.3276891, -18.4684229], [-70.3236247, -18.4760673], [-70.3235468, -18.4692589], [-70.3077149, -18.4663879], [-70.3025056, -18.4515666], [-70.3115956, -18.4306968], [-70.3778842, -18.3501167], [-70.330923, -18.314873], [-70.301978, -18.3089811], [-70.1976908, -18.322313], [-70.1494355, -18.3193826], [-70.0504624, -18.269245], [-69.9852469, -18.2697823], [-69.9659008, -18.2621805], [-69.9065193, -18.203294], [-69.8603427, -18.1701787], [-69.8161995, -18.1164367], [-69.7767234, -18.0458179]]]]}}]}