{"type": "FeatureCollection", "features": [{"type": "Feature", "properties": {"slug": "bogota", "members": 113, "country": "Colombia", "input_hash": "16570056d4da1b58"}, "geometry": {"type": "Polygon", "coordinates": [[[-74.47645894599998, 4.111499860864896], [-74.48320185799997, 4.176335548862743], [-74.50808021, 4.198123022862031], [-74.51851179038708, 4.2405774904109865], [-74.53534080399999, 4.246169565860464], [-74.55426694599998, 4.271178125859658], [-74.55192484399998, 4.265060360859858], [-74.566641866, 4.272644666859619], [-74.61923772300003, 4.252313032860283], [-74.62452595100001, 4.224877859861156], [-74.655086735, 4.198449512862047], [-74.657349603, 4.215360342861467], [-74.681259291, 4.200886652861949], [-74.702375991, 4.212758715861563], [-74.70608116800003, 4.229532481861038], [-74.72189834400001, 4.231042435860969], [-74.73492136700003, 4.247633356860412], [-74.744801495, 4.236391878860787], [-74.75199765500003, 4.259161614860036], [-74.76676130499999, 4.251037901860322], [-74.768668532, 4.265463225859857], [-74.7814826, 4.265007688859876], [-74.77750943, 4.282940750859283], [-74.80686196200003, 4.285882605859147], [-74.812719732, 4.294275643858887], [-74.83365179200001, 4.275717071859535], [-74.87709731899997, 4.265383332859838], [-74.890628902, 4.288733992859078], [-74.87305519199998, 4.307660864858476], [-74.88478256600001, 4.311061111858363], [-74.88348145200001, 4.316994189858169], [-74.864918892, 4.332104459857657], [-74.84662392799999, 4.335319787857562], [-74.85582000699998, 4.334745323857571], [-74.854376619, 4.366366310856533], [-74.84075953000001, 4.378004444856165], [-74.83265524199999, 4.40540353485529], [-74.83199249699999, 4.445312612853981], [-74.80731377900003, 4.453294472853753], [-74.79531162, 4.49851689185225], [-74.786113823, 4.507240072851956], [-74.804690871, 4.534318482851076], [-74.804555929, 4.571112730849913], [-74.81476655799997, 4.586181279849398], [-74.79377695, 4.592081893849195], [-74.816210496, 4.610235084848616], [-74.78581412800003, 4.652742597847205], [-74.80720370699999, 4.669448789846672], [-74.801426036, 4.701718261845625], [-74.816055984, 4.713846406845247], [-74.81843392899998, 4.728287480844765], [-74.794493423, 4.747609592844135], [-74.77813269299998, 4.750655037844033], [-74.77040620100001, 4.773509200843327], [-74.74305798400002, 4.79028747684275], [-74.74437493699998, 4.823403959841684], [-74.768900691, 4.842218618841056], [-74.68190649500002, 4.830266214841449], [-74.69643130499998, 4.766485208843521], [-74.655816017, 4.731345118844693], [-74.63782090199999, 4.724836890844876], [-74.590531795, 4.743327670844259], [-74.594109748, 4.733991324844557], [-74.59056118199999, 4.742681210844295], [-74.588892671, 4.756470921843857], [-74.56702334099998, 4.767319078843501], [-74.56391509709864, 4.7959897028583045], [-74.575158945, 4.810082078842097], [-74.58624952500003, 4.850004533840808], [-74.58280439999999, 4.882292800839774], [-74.57214942899998, 4.890237387839508], [-74.60336794400001, 4.896030956839305], [-74.622235574, 4.887649925839582], [-74.65168660799998, 4.902615782839087], [-74.67788472, 4.944033538837732], [-74.704245899, 4.954675748837402], [-74.72157305500002, 4.948150036837629], [-74.727759435, 4.977078926836664], [-74.713804089, 4.972176848836836], [-74.705912619, 4.982277295836519], [-74.74320665699997, 5.007077042835691], [-74.727671181, 5.046123486834435], [-74.72974825900002, 5.074332082833526], [-74.716517313, 5.100709073832679], [-74.73191043700001, 5.145312143831223], [-74.714403371, 5.179839849830111], [-74.72057670200002, 5.199414551829476], [-74.73456314999999, 5.204775295829271], [-74.72335653800002, 5.239851580828137], [-74.73337860100003, 5.29508402982636], [-74.714699833, 5.315012017825723], [-74.70107721699998, 5.353180184824463], [-74.706610576, 5.370968684823891], [-74.68876461100001, 5.364508447824091], [-74.67784288500002, 5.377821525823674], [-74.68483850799998, 5.400236048822957], [-74.66589391000002, 5.41235930482256], [-74.67640308900002, 5.438078970821709], [-74.65017454420416, 5.442161811255849], [-74.65997657899999, 5.450027027821368], [-74.674572597, 5.513483300819297], [-74.64101453900003, 5.540218212818428], [-74.65305136400002, 5.574720973817309], [-74.64458908799998, 5.61944324581586], [-74.628393443, 5.632521870815434], [-74.63704377200003, 5.651273004814837], [-74.627540968, 5.696831136813364], [-74.634398191, 5.708420403812968], [-74.65195895599999, 5.709524042812935], [-74.66102469999998, 5.752378122811588], [-74.65401071100001, 5.753734279811526], [-74.643925964, 5.735186198812115], [-74.638440361, 5.754915591811454], [-74.62708056100001, 5.762456077811252], [-74.59737060700002, 5.743395920811853], [-74.587440098, 5.759036880811331], [-74.57775131300002, 5.751553392811589], [-74.554000256, 5.760553597811298], [-74.53859052500002, 5.78608809681048], [-74.51639179, 5.79142275981029], [-74.500880591, 5.779146214810723], [-74.49541073699999, 5.784774547810493], [-74.4852640406978, 5.770197585004544], [-74.466454054, 5.775924356810811], [-74.461236397, 5.765816663811123], [-74.442228678, 5.766800735811086], [-74.43091355299998, 5.758013704811375], [-74.42405683800001, 5.768457968811041], [-74.411859133, 5.765270316811142], [-74.40443196299998, 5.77906653281069], [-74.38469338200002, 5.78439172281053], [-74.34610898199998, 5.822901489809277], [-74.345941235, 5.83157207380901], [-74.333096555, 5.837042839808815], [-74.33380090700001, 5.826887477809159], [-74.31523434000002, 5.815169961809566], [-74.31684595399997, 5.797007956810124], [-74.30102451200003, 5.7976598718101], [-74.31298310099999, 5.782246933810602], [-74.287166856, 5.746492562811761], [-74.30398703399999, 5.709234396812949], [-74.27597746499998, 5.692185245813516], [-74.28515264499998, 5.663710016814459], [-74.308456777, 5.647668435814953], [-74.30569425099998, 5.637640841815264], [-74.314957096, 5.620507804815812], [-74.29777524399998, 5.574968361817295], [-74.25962586000003, 5.559761790817823], [-74.242907693, 5.544707796818284], [-74.25641847700001, 5.499838485819722], [-74.24451852099997, 5.476295112820488], [-74.219077035, 5.496147569819857], [-74.20370852999997, 5.497782750819786], [-74.17783337857114, 5.459039101125731], [-74.150927459, 5.444317506821525], [-74.13866142799998, 5.446321473821462], [-74.12339276699998, 5.428970049822001], [-74.11311864700002, 5.466521625820783], [-74.11729757900002, 5.4729764958206], [-74.096921818, 5.47059660882066], [-74.09757912600003, 5.439861205821658], [-74.07357519599998, 5.408165564822687], [-74.04518428199998, 5.404535496822798], [-74.03979293499998, 5.392009266823214], [-74.02227788200003, 5.386888337823398], [-74.02223996100003, 5.366825231824033], [-73.99963402250431, 5.3675353009492435], [-73.987346661, 5.37926546682362], [-73.97296898600001, 5.419355170822346], [-73.94765050299998, 5.417691049822362], [-73.94217901000002, 5.434081864821861], [-73.928430408, 5.439982955821664], [-73.91251709800002, 5.432232338821916], [-73.901106362, 5.447931982821405], [-73.91162601399998, 5.520594802819055], [-73.90679869399997, 5.528175820818804], [-73.89770046299998, 5.528363481818782], [-73.88987068199998, 5.512416278819306], [-73.870465255, 5.532867484818662], [-73.85727130499998, 5.530924040818718], [-73.84786398, 5.54565446981823], [-73.81979288399998, 5.552883957818015], [-73.80467054500002, 5.571397783817413], [-73.78952228999998, 5.552225405818028], [-73.782193775, 5.499141658819726], [-73.76883104299998, 5.48659628282014], [-73.74707680699998, 5.48962650382006], [-73.74840194406191, 5.471037943668386], [-73.74232210100001, 5.468662972820736], [-73.72049479999998, 5.478161542820432], [-73.725161565, 5.450553457821329], [-73.71994482000002, 5.458646707821074], [-73.694677958, 5.446323769821457], [-73.676718171, 5.459455869821041], [-73.67842962100002, 5.43432350482186], [-73.65533691399997, 5.426222876822105], [-73.65054413000001, 5.415121961822472], [-73.63810986300001, 5.417474373822395], [-73.59260011999999, 5.398588302823005], [-73.595311525, 5.381517130823575], [-73.60992986500003, 5.37284072982385], [-73.59895752699998, 5.377741904823679], [-73.59068494799999, 5.343995597824777], [-73.59936607700001, 5.318812744825593], [-73.57761422800002, 5.301616868826137], [-73.54803434500002, 5.299638271826201], [-73.53418075399998, 5.282298948826772], [-73.52779878799998, 5.24451081282798], [-73.51479130299998, 5.232694448828391], [-73.52454293099998, 5.214020199828984], [-73.52236575699999, 5.192967775829662], [-73.50831809099998, 5.185204729829939], [-73.51194093999999, 5.162297358830648], [-73.50502376700001, 5.15192093583102], [-73.48241821599999, 5.154271853830927], [-73.47790519400002, 5.147636115831149], [-73.49528134640889, 5.127961832498861], [-73.480172144, 5.062325401833919], [-73.496248283, 5.039308010834662], [-73.522403612, 5.029223524835011], [-73.52847683300001, 5.035732689834753], [-73.518424353, 5.004572154835796], [-73.506994975, 4.99635771783607], [-73.54447195, 4.944762992837717], [-73.54879063800001, 4.925149050838371], [-73.542353451, 4.91393672683876], [-73.57360509199998, 4.914626022838697], [-73.54197728600002, 4.91341933183874], [-73.53867728799997, 4.896568796839285], [-73.52461026100002, 4.892310743839425], [-73.52055958699998, 4.878957566839859], [-73.469616384, 4.892720183839412], [-73.45150417899998, 4.883020601839728], [-73.445429456, 4.889674465839494], [-73.42485538, 4.879154203839837], [-73.40200349100002, 4.879933498839842], [-73.394499499, 4.853294002840682], [-73.365164004, 4.824769350841619], [-73.37173906448639, 4.801386869456739], [-73.32085050799998, 4.779294445843107], [-73.30302205100003, 4.728921157844744], [-73.28320416499997, 4.722278312844972], [-73.26851239500002, 4.740731743844382], [-73.22303683000001, 4.733288925844607], [-73.21972608700003, 4.724911678844886], [-73.23465594700002, 4.695153026845853], [-73.220571969, 4.676665657846442], [-73.20754952099998, 4.680499456846326], [-73.149025887, 4.65524490584716], [-73.12168766600001, 4.6715592598466], [-73.10569753099998, 4.659791332846988], [-73.07209028699998, 4.718665359845073], [-73.07874264399999, 4.725807889844846], [-73.071847822, 4.739188134844422], [-73.065025375, 4.731895791844643], [-73.052556955, 4.736324804844492], [-73.12414289600002, 4.259784389860028], [-73.13763771599997, 4.212571695861572], [-73.202829436, 4.272776609859605], [-73.26052777400002, 4.293845132858913], [-73.32256142400001, 4.304768866858571], [-73.35364488300002, 4.321194294858024], [-73.431056948, 4.305865072858538], [-73.44180517199999, 4.291043806859004], [-73.47199427499999, 4.276326819859499], [-73.55082601100003, 4.307954872858491], [-73.55314549500002, 4.348988538857127], [-73.57180446900003, 4.373651181856322], [-73.57681444999997, 4.396195196855582], [-73.57257003500001, 4.419912065854807], [-73.60348582799998, 4.458194038853542], [-73.59624906699997, 4.48692887985262], [-73.57576143699998, 4.498477197852237], [-73.575700327, 4.516640821851659], [-73.56773970237292, 4.525263975306806], [-73.579076, 4.542823504850804], [-73.62120657100002, 4.562331423850156], [-73.64003769700003, 4.54744670785065], [-73.66117131099998, 4.546972896850662], [-73.68787977900001, 4.52793866685129], [-73.68642826500002, 4.519346317851544], [-73.712331231, 4.515960254851668], [-73.73910972599998, 4.4847560538527], [-73.733327557, 4.474731808853015], [-73.73898893900002, 4.460016009853502], [-73.74533430499997, 4.455290338853647], [-73.755750755, 4.462186529853434], [-73.764199415, 4.449758552853823], [-73.78328477100001, 4.44828597785389], [-73.80695654800002, 4.422154950854718], [-73.811526146, 4.396021403855595], [-73.79268186000002, 4.38111136285608], [-73.79277551299998, 4.352393053857014], [-73.79962049400001, 4.347575470857197], [-73.792574587, 4.352461950857022], [-73.78653639599997, 4.342002303857356], [-73.784345546, 4.301695677858654], [-73.74406458599998, 4.266175206859823], [-73.76033185400001, 4.236398264860781], [-73.74282016199999, 4.197760349862067], [-73.80412860000001, 4.197416720862094], [-73.80935822100002, 4.203921261861844], [-73.825893264, 4.168337784863024], [-73.84054886500002, 4.177339282862705], [-73.860891729, 4.171832659862908], [-73.89582543199998, 4.14264083686384], [-73.91362785500002, 4.148810529863639], [-73.92502699300002, 4.14327947386383], [-73.9336803085912, 4.154794848618542], [-73.955836342, 4.099537279865253], [-73.96784143500003, 4.090695058865533], [-73.97939309999998, 4.109192802864929], [-73.99148432700002, 4.102767664865143], [-74.005934539, 4.109766208864913], [-74.03588691700003, 4.082380547865823], [-74.03488801999998, 4.06084024586652], [-74.047669111, 4.065198207866409], [-74.070697, 4.057704230866624], [-74.099741806, 4.013144280868076], [-74.13731024200001, 4.000358468868487], [-74.15067459800002, 4.004849072868355], [-74.124519212, 4.057646702866617], [-74.13266327500003, 4.08037256086588], [-74.120090946, 4.097568680865308], [-74.131523545, 4.102825356865127], [-74.13059217, 4.115985794864693], [-74.12852560300001, 4.125743608864386], [-74.10959005299998, 4.132493362864165], [-74.114703836, 4.152899509863518], [-74.10675042310244, 4.1819522030633145], [-74.12332075699999, 4.181093073862589], [-74.12387935800001, 4.195393568862103], [-74.138551732, 4.214914554861501], [-74.13607173899999, 4.229848252861009], [-74.15226661899999, 4.256186307860142], [-74.129213004, 4.284209262859213], [-74.11941899700003, 4.310656940858363], [-74.11311896, 4.308036571858449], [-74.11913849799998, 4.310853509858382], [-74.09439627400002, 4.363342616856651], [-74.09634778600002, 4.379654834856121], [-74.114443419, 4.385657287855935], [-74.11214742700002, 4.433134908854368], [-74.10106006199999, 4.452591164853752], [-74.075900719, 4.463157375853428], [-74.07255042600002, 4.513124280851768], [-74.04227903499998, 4.512401833851802], [-74.02959781800001, 4.557873900850314], [-73.999480549, 4.560171592850245], [-74.00648495299998, 4.566673923850012], [-74.00344676999998, 4.585992804849386], [-73.98628400799998, 4.628551650848025], [-74.00941962899998, 4.626287046848097], [-74.009358453, 4.638864339847681], [-74.03139108, 4.646247630847441], [-74.02506854900003, 4.66186267684692], [-74.00843964900002, 4.661802132846919], [-74.001584761, 4.675299220846487], [-74.014444508, 4.696240116845813], [-74.00716676899998, 4.742340566844301], [-74.01870602999998, 4.763006652843631], [-74.013284764, 4.797809776842508], [-73.99829773300002, 4.803812514842321], [-74.00668, 4.823234999841696], [-74.03310848299998, 4.82076641784177], [-74.049860664, 4.835040736841279], [-74.06063589299998, 4.827552506841551], [-74.06277903300003, 4.835410685841274], [-74.06693349099999, 4.828101047841531], [-74.08173390740579, 4.835502344825827], [-74.086788243, 4.832228954841396], [-74.07889207699998, 4.821536880841718], [-74.086991753, 4.816104745841923], [-74.079543307, 4.809304397842127], [-74.09364077200001, 4.790717722842741], [-74.100816828, 4.799146144842478], [-74.11273100199998, 4.790433854842753], [-74.11663732099998, 4.762027080843659], [-74.13199912200002, 4.740562829844359], [-74.125966478, 4.729680913844751], [-74.15839511299998, 4.725293734844846], [-74.177013429, 4.702441191845591], [-74.16939142000001, 4.701086683845677], [-74.17530568780474, 4.695328980971884], [-74.167559187, 4.688016385846097], [-74.17484761600002, 4.676640653846439], [-74.15837151599999, 4.663105363846884], [-74.18517639100003, 4.646960931847429], [-74.183746816, 4.652735821847239], [-74.194214326, 4.655092539847151], [-74.22262764564664, 4.629527923687819], [-74.204276451, 4.599683094848944], [-74.18378102600002, 4.596452106849068], [-74.17527536, 4.575389083849743], [-74.173731906, 4.540415928850891], [-74.18773380800002, 4.529172264851246], [-74.17457276800002, 4.507129803851959], [-74.181533436, 4.503871989852071], [-74.178069563, 4.486343492852638], [-74.19443336199998, 4.426675187854583], [-74.208542695, 4.407035101855235], [-74.21795784099999, 4.359920993856758], [-74.21373567, 4.307296988858488], [-74.22188455999998, 4.282058169859328], [-74.205529426, 4.268892235859736], [-74.20426913900002, 4.239706635860678], [-74.228170304, 4.222246847861252], [-74.23730438500002, 4.195614878862131], [-74.24670390199998, 4.199028665862015], [-74.23773317299998, 4.195490758862119], [-74.24564163500003, 4.10324764286511], [-74.26565272699997, 4.091665981865512], [-74.29968372899998, 4.105616779865054], [-74.32948793399999, 4.131057117864229], [-74.35080035200002, 4.056915811866652], [-74.36246478800001, 4.046292876866985], [-74.36255574299997, 4.009532966868181], [-74.374581918, 3.98587475386898], [-74.35689156199999, 3.970980326869459], [-74.359557241, 3.913744737871314], [-74.38571748499999, 3.865481444872904], [-74.39526881799998, 3.823803951874253], [-74.43169794200003, 3.783871193875594], [-74.43366092500003, 3.764625066876197], [-74.45067485599998, 3.749864188876671], [-74.439587158, 3.730633098877303], [-74.45265381000002, 3.730501192877322], [-74.463446412, 3.74090074787698], [-74.44530024699998, 3.800804850875031], [-74.45023019400003, 3.818993832874405], [-74.47702003, 3.824337630874237], [-74.49020481500003, 3.817613009874468], [-74.53945977400002, 3.844774946873599], [-74.51125657900002, 3.946075540870293], [-74.531114408, 3.967602505869562], [-74.533641338, 3.993312112868733], [-74.52406701457336, 4.021850331534004], [-74.52944262099999, 4.045608748867018], [-74.47645894599998, 4.111499860864896]], [[-73.52804712031445, 5.0431561004670735], [-73.52913344799998, 5.039191417834639], [-73.52847683300001, 5.035732689834753], [-73.52804712031445, 5.0431561004670735]], [[-73.81798321500003, 4.400207361855456], [-73.81802246272912, 4.400199956397962], [-73.811526146, 4.396021403855595], [-73.81798321500003, 4.400207361855456]], [[-74.10974002699999, 4.30407803385857], [-74.10881786006692, 4.303991111080938], [-74.11311896, 4.308036571858449], [-74.10974002699999, 4.30407803385857]], [[-74.48356081246277, 5.7644709285144815], [-74.483116532, 5.76645127681109], [-74.4832801029084, 5.7667366246818474], [-74.48356081246277, 5.7644709285144815]], [[-74.484192367, 5.759373450811323], [-74.48048451203958, 5.757999424356043], [-74.48413734916578, 5.759817517264339], [-74.484192367, 5.759373450811323]], [[-74.47043529688796, 5.754275468694217], [-74.47050726700002, 5.754663772811494], [-74.47177821543082, 5.754773116424476], [-74.47043529688796, 5.754275468694217]], [[-74.46968031624529, 5.749764938883592], [-74.46960804899999, 5.749812174811639], [-74.46977044043216, 5.750688333815877], [-74.46968031624529, 5.749764938883592]], [[-74.48077265799998, 5.740808974811929], [-74.47197126200001, 5.734319517812152], [-74.48065500957513, 5.741103909904219], [-74.48077265799998, 5.740808974811929]], [[-74.487761305, 5.64717907481496], [-74.486505497, 5.650087880814863], [-74.48680608273386, 5.650614203020554], [-74.487761305, 5.64717907481496]], [[-74.49618311506333, 5.64226625681659], [-74.49503445200003, 5.642537887815109], [-74.487761305, 5.64717907481496], [-74.49618311506333, 5.64226625681659]], [[-74.49858249699997, 5.644352776815051], [-74.49719296900003, 5.642027450815122], [-74.49667418256755, 5.642150131243503], [-74.49858249699997, 5.644352776815051]], [[-74.5013422395275, 5.639255188909734], [-74.50114577599999, 5.639107581815232], [-74.49858249699997, 5.644352776815051], [-74.5013422395275, 5.639255188909734]], [[-74.50357895600001, 5.642104591815138], [-74.505229918, 5.642176081815118], [-74.50197668902838, 5.639731863886597], [-74.50357895600001, 5.642104591815138]], [[-74.54148257499997, 5.556627875817884], [-74.54137863382962, 5.556182012046296], [-74.53604408400003, 5.5620610688177], [-74.54148257499997, 5.556627875817884]], [[-74.54132121182066, 5.5559356958522725], [-74.54042470399997, 5.554529105817984], [-74.5359176, 5.551495202818061], [-74.54132121182066, 5.5559356958522725]], [[-74.4224337495284, 5.443002495254811], [-74.422345468, 5.440261884821645], [-74.419799593, 5.436779005821769], [-74.4224337495284, 5.443002495254811]], [[-74.366851656, 5.421288031822282], [-74.36605599025107, 5.416640364232905], [-74.36066874900001, 5.422875346822225], [-74.366851656, 5.421288031822282]], [[-74.35170205100002, 5.412474840822565], [-74.35070268099997, 5.417566888822399], [-74.35101427397089, 5.417930454830733], [-74.35170205100002, 5.412474840822565]], [[-74.26677123311406, 5.400450072746108], [-74.26817216699999, 5.399646990822973], [-74.26816704192609, 5.399604465559242], [-74.26677123311406, 5.400450072746108]], [[-74.26635712400002, 5.40070094782295], [-74.26759621100001, 5.402605429822879], [-74.26637298596124, 5.400691338349009], [-74.26635712400002, 5.40070094782295]], [[-74.26376792884172, 5.406176758068855], [-74.26449171000002, 5.406633769822737], [-74.26473056618984, 5.40597385507652], [-74.26376792884172, 5.406176758068855]], [[-74.25636963800002, 5.404884975822812], [-74.25835685499999, 5.40730999382273], [-74.25836804167946, 5.407305882533044], [-74.25636963800002, 5.404884975822812]], [[-74.24371487808601, 5.4023655102456445], [-74.24374141599998, 5.402422575822879], [-74.24741989400002, 5.401833538822901], [-74.24371487808601, 5.4023655102456445]], [[-74.24180947500003, 5.398306783823014], [-74.24137253493258, 5.398378530473445], [-74.24181621449722, 5.398321576894037], [-74.24180947500003, 5.398306783823014]], [[-74.23824667611397, 5.3987797859348925], [-74.23824226176365, 5.395377402031899], [-74.238141299, 5.398793312823004], [-74.23824667611397, 5.3987797859348925]], [[-74.233011589, 5.391941277823216], [-74.23431907098495, 5.397408334984886], [-74.23431907098495, 5.39740833498488], [-74.233011589, 5.391941277823216]], [[-74.22274090767584, 5.358951321971322], [-74.22287401300002, 5.36069490482424], [-74.22289936217479, 5.360726353337549], [-74.22274090767584, 5.358951321971322]], [[-74.22441994000002, 5.352677857824493], [-74.22254720400002, 5.356413944824363], [-74.2225519994929, 5.3564767622901535], [-74.22441994000002, 5.352677857824493]], [[-74.22413936200002, 5.34165318482484], [-74.231947166, 5.312392804825804], [-74.207255814, 5.287728538826602], [-74.202681557, 5.191010548829738], [-74.19147144700003, 5.211569401829082], [-74.174598548, 5.216812329828884], [-74.17015327899998, 5.232616155828395], [-74.137786641, 5.239056773828183], [-74.17704694399998, 5.280884118826824], [-74.17365911076607, 5.2976510926720835], [-74.19841274100003, 5.319339603825573], [-74.20526438799999, 5.340681221824885], [-74.22413936200002, 5.34165318482484]], [[-74.22416746099998, 5.292403174826455], [-74.22085045199998, 5.289659326826525], [-74.22081511578463, 5.289687041090174], [-74.22416746099998, 5.292403174826455]], [[-74.246340702, 5.291698634826466], [-74.24407490599998, 5.291323524826483], [-74.24331038472486, 5.292265517380701], [-74.246340702, 5.291698634826466]], [[-74.24922225300003, 5.276771998826962], [-74.24941460080765, 5.275329954658556], [-74.246835928, 5.282172047826789], [-74.24922225300003, 5.276771998826962]], [[-74.25001428899998, 5.270834052827142], [-74.24998932290863, 5.2708190468421865], [-74.24999349459115, 5.270989949878134], [-74.25001428899998, 5.270834052827142]], [[-74.24718187588455, 5.269131617791867], [-74.24716175200001, 5.269142520827205], [-74.24823707960137, 5.269765852878223], [-74.24718187588455, 5.269131617791867]], [[-74.24933835899998, 5.267986840827222], [-74.2493177554851, 5.267974407278417], [-74.24839142377074, 5.268476289874475], [-74.24933835899998, 5.267986840827222]], [[-74.24695644127571, 5.262381963557499], [-74.24694165, 5.262394906827414], [-74.24884834099998, 5.265618065827325], [-74.24695644127571, 5.262381963557499]], [[-74.25205921399998, 5.234445082828352], [-74.250140032, 5.235748806828282], [-74.25014304817535, 5.235760051826372], [-74.25205921399998, 5.234445082828352]], [[-74.30224874437259, 5.192760888079936], [-74.30228441999998, 5.191420553829715], [-74.295916965, 5.193602982829653], [-74.30224874437259, 5.192760888079936]], [[-74.29525429949234, 5.18043589291077], [-74.29683036400002, 5.183266692830002], [-74.29950095499998, 5.184755116829949], [-74.29525429949234, 5.18043589291077]], [[-74.29207120299998, 5.172323526830349], [-74.292888215, 5.176186122830201], [-74.2935135601403, 5.177309317321288], [-74.29207120299998, 5.172323526830349]], [[-74.225519776, 5.129691687831709], [-74.22784404093919, 5.117613775166231], [-74.22334106199997, 5.115962772832156], [-74.225519776, 5.129691687831709]], [[-74.23530586720993, 5.111804091148851], [-74.233702279, 5.11219124883227], [-74.23125679586069, 5.114454846962721], [-74.23530586720993, 5.111804091148851]], [[-74.27220044199998, 5.113034463832281], [-74.275268906, 5.108992821832405], [-74.27207687318317, 5.1130178516720175], [-74.27220044199998, 5.113034463832281]], [[-74.295190457, 5.095841633832836], [-74.297260875, 5.090940278832979], [-74.29517293915876, 5.095835497478991], [-74.295190457, 5.095841633832836]], [[-74.30285717499999, 5.083549419833224], [-74.30297154245271, 5.082466134407047], [-74.30150682251772, 5.083815558589561], [-74.30285717499999, 5.083549419833224]], [[-74.303162256, 5.080659700833326], [-74.30142271, 5.078771355833384], [-74.30303300827896, 5.081883931759333], [-74.303162256, 5.080659700833326]], [[-74.30432078400003, 5.074362038833521], [-74.307125122, 5.077370896833404], [-74.30346619214674, 5.073147598221753], [-74.30432078400003, 5.074362038833521]], [[-74.297773453, 5.053928234834189], [-74.29330013700002, 5.048584698834363], [-74.29777824912182, 5.054038873513328], [-74.297773453, 5.053928234834189]], [[-74.282003433, 5.032417295834891], [-74.27921009859928, 5.030080046774385], [-74.287237247, 5.040629798834609], [-74.282003433, 5.032417295834891]], [[-74.27819266082341, 5.029228732486638], [-74.27497336699997, 5.033071628834868], [-74.27826320881924, 5.029287761665862], [-74.27819266082341, 5.029228732486638]], [[-74.21590825420337, 4.997600145775289], [-74.21865568599998, 5.000947885835913], [-74.22199491200001, 5.002405537835864], [-74.21590825420337, 4.997600145775289]], [[-74.21464850014877, 4.996605574972311], [-74.21440939799999, 4.996550621836024], [-74.21282130468562, 4.996707086693222], [-74.21464850014877, 4.996605574972311]], [[-74.235061116, 4.948789008837595], [-74.230625943, 4.944203721837753], [-74.22755038899999, 4.943691128837764], [-74.23087432300002, 4.944508506837763], [-74.235061116, 4.948789008837595]], [[-74.23621286000002, 4.94824577883761], [-74.24745897600002, 4.937605539837956], [-74.23510959816934, 4.948766141803901], [-74.23621286000002, 4.94824577883761]], [[-74.25835893464281, 4.925589437790705], [-74.25816280999999, 4.925806584838319], [-74.25738147700002, 4.928531594838241], [-74.25835893464281, 4.925589437790705]], [[-74.26081989900001, 4.924351140838382], [-74.26328825617647, 4.920131747199982], [-74.25845270020206, 4.925485621594726], [-74.26081989900001, 4.924351140838382]], [[-74.26774184599998, 4.912518809838776], [-74.26771955508775, 4.912321265066009], [-74.26743845078445, 4.913037431638948], [-74.26774184599998, 4.912518809838776]], [[-74.26486335200002, 4.83021801584146], [-74.26412069302494, 4.8290428776206], [-74.265999958, 4.842805267841049], [-74.26486335200002, 4.83021801584146]], [[-74.25966240399998, 4.822736087841697], [-74.25958508443047, 4.823412287951721], [-74.26040416102163, 4.823215062598237], [-74.25966240399998, 4.822736087841697]], [[-74.227542358, 4.827713634841544], [-74.22279017300002, 4.834425881841324], [-74.22756755840685, 4.82771282435366], [-74.227542358, 4.827713634841544]], [[-74.19651165200003, 4.858233288840543], [-74.19980408491229, 4.857320615113816], [-74.19980408491229, 4.857320615113815], [-74.19651165200003, 4.858233288840543]], [[-74.17760836757772, 4.857935680976094], [-74.17825767, 4.865346880840304], [-74.17763339391625, 4.857968983737562], [-74.17760836757772, 4.857935680976094]], [[-74.168956063, 4.871849585840099], [-74.16891667679108, 4.8721765406643005], [-74.17825767, 4.865346880840304], [-74.168956063, 4.871849585840099]], [[-74.17748888, 4.857776677840558], [-74.172905185, 4.857569765840547], [-74.17749458873418, 4.857784274501673], [-74.17748888, 4.857776677840558]], [[-74.17744119489498, 4.844880623144704], [-74.177342233, 4.844935152840974], [-74.17510271700002, 4.855044303840638], [-74.17744119489498, 4.844880623144704]], [[-74.218334369, 4.793705029842659], [-74.21969995900002, 4.792390780842686], [-74.21415137100001, 4.796788890842548], [-74.218334369, 4.793705029842659]], [[-74.22487231600002, 4.797290757842499], [-74.23209646599997, 4.782409524843001], [-74.22476698346662, 4.797232988360082], [-74.22487231600002, 4.797290757842499]], [[-74.24454017699998, 4.768185462843481], [-74.24579032137828, 4.762481315440746], [-74.24418402675111, 4.768592568346088], [-74.24454017699998, 4.768185462843481]], [[-74.24630899200002, 4.760114729843732], [-74.24564793399998, 4.754347703843921], [-74.24619760715309, 4.7606229556106], [-74.24630899200002, 4.760114729843732]], [[-74.2274447927392, 4.742600122645209], [-74.22733837700002, 4.742722772844327], [-74.239477416, 4.752100804843993], [-74.2274447927392, 4.742600122645209]], [[-74.249301501, 4.721763496844969], [-74.23231373700003, 4.736990989844474], [-74.226318333, 4.733188332844597], [-74.22883303979863, 4.741000088857173], [-74.249301501, 4.721763496844969]], [[-74.2563220511162, 4.680495164669539], [-74.25631125299998, 4.680465469846333], [-74.25498989800002, 4.681191591846313], [-74.2563220511162, 4.680495164669539]], [[-74.29441921874376, 4.713883341826244], [-74.294397947, 4.713870978845218], [-74.28987853299998, 4.713944243845242], [-74.29441921874376, 4.713883341826244]], [[-74.303265269, 4.72014647784504], [-74.30140939400002, 4.712460218845261], [-74.29450503899591, 4.713933219925598], [-74.303265269, 4.72014647784504]], [[-74.27781469799999, 4.620537957848277], [-74.27721290850899, 4.620327076406488], [-74.283580702, 4.633644563847863], [-74.27781469799999, 4.620537957848277]], [[-74.2730310087544, 4.616268648601743], [-74.27232925340309, 4.618572715011264], [-74.27258256456302, 4.618640471112593], [-74.2730310087544, 4.616268648601743]], [[-74.2260540148657, 4.633323196662626], [-74.22611302299998, 4.63339419484785], [-74.23919523199999, 4.63104822184794], [-74.2260540148657, 4.633323196662626]], [[-74.50507974599998, 4.24378577586053], [-74.50515949806164, 4.243766049599035], [-74.49244593700001, 4.242521077860575], [-74.50507974599998, 4.24378577586053]], [[-74.448687985, 4.2267589538611], [-74.46619828127236, 4.217272077664359], [-74.46602346772038, 4.21702938533656], [-74.448687985, 4.2267589538611]], [[-74.46119322599998, 4.210239160861651], [-74.4613246521985, 4.210419857348771], [-74.46214367699997, 4.205782553861787], [-74.46119322599998, 4.210239160861651]], [[-74.43173422267837, 4.156243411862652], [-74.43028373599998, 4.159839681863274], [-74.43183961099999, 4.156365251863409], [-74.43173422267837, 4.156243411862652]], [[-74.42695379499997, 4.151385811863567], [-74.4311380396325, 4.15555416146331], [-74.4270073412303, 4.150778639007578], [-74.42695379499997, 4.151385811863567]], [[-74.42737442200001, 4.146616226863704], [-74.42717059998951, 4.148927410890967], [-74.4276040602667, 4.1464311804462115], [-74.42737442200001, 4.146616226863704]], [[-74.44069589325895, 4.12074474651838], [-74.437480129, 4.124501555864429], [-74.43944684299998, 4.123344046864467], [-74.44069589325895, 4.12074474651838]], [[-74.44488629576645, 4.111066421300628], [-74.44274085637157, 4.116489134473775], [-74.44506530957692, 4.111651897558953], [-74.44488629576645, 4.111066421300628]], [[-74.423021625, 4.363247319856685], [-74.42862071600001, 4.363886686856628], [-74.42297822796631, 4.363171858412605], [-74.423021625, 4.363247319856685]], [[-74.4199180949702, 4.358677574806846], [-74.42025962599163, 4.358610158457878], [-74.42020164947006, 4.358511639882246], [-74.4199180949702, 4.358677574806846]], [[-74.42218782325469, 4.352263239124996], [-74.42151024091939, 4.3556465810739775], [-74.422610454, 4.353295294856987], [-74.42218782325469, 4.352263239124996]], [[-74.45033616299997, 4.311795227858327], [-74.44627766100001, 4.318816819858098], [-74.45047915410453, 4.311691928214368], [-74.45033616299997, 4.311795227858327]], [[-74.45851615700002, 4.303570505858628], [-74.45731338992653, 4.30540355400161], [-74.46111242050763, 4.301939801619145], [-74.45851615700002, 4.303570505858628]], [[-74.47655224300001, 4.292242101858962], [-74.46788491413912, 4.297686021506178], [-74.470411813, 4.297115103858816], [-74.47655224300001, 4.292242101858962]], [[-74.524907245, 4.2728093008596], [-74.51598285300003, 4.275816335859497], [-74.52495618690135, 4.272813561200125], [-74.524907245, 4.2728093008596]], [[-74.650425106, 5.44027678882166], [-74.648579381, 5.439844070821655], [-74.65038123791331, 5.440442108102066], [-74.650425106, 5.44027678882166]], [[-74.634560158, 5.405362221822799], [-74.62610444, 5.416814327822403], [-74.63725258132888, 5.403704678443036], [-74.634560158, 5.405362221822799]], [[-74.63898875188389, 5.400467415890975], [-74.63823812269767, 5.402545731726031], [-74.638683959, 5.402021450822897], [-74.63898875188389, 5.400467415890975]], [[-74.6352548688439, 5.383557717993736], [-74.64141435800002, 5.388100077823335], [-74.635344594, 5.383525436823506], [-74.6352548688439, 5.383557717993736]], [[-74.614976802, 5.387918346823342], [-74.61475381094958, 5.388067927547911], [-74.61523081480748, 5.387927805811834], [-74.614976802, 5.387918346823342]], [[-74.59601268176048, 5.42044677559432], [-74.6011522, 5.415040090822455], [-74.59622754499998, 5.420042577822309], [-74.59601268176048, 5.42044677559432]], [[-74.59266492699999, 5.426744525822087], [-74.595593738, 5.422916031822211], [-74.5952523671592, 5.421877068968823], [-74.59266492699999, 5.426744525822087]], [[-74.5412296844518, 5.547267459214083], [-74.5412964164402, 5.547095364664266], [-74.54124597600003, 5.5471204948182], [-74.5412296844518, 5.547267459214083]], [[-74.43127426199999, 5.433101538821898], [-74.42676528800001, 5.435051118821806], [-74.43142549299233, 5.4331838489049655], [-74.43127426199999, 5.433101538821898]], [[-74.43626860160403, 5.4353179625809585], [-74.43599172312757, 5.435412289503241], [-74.43608973099998, 5.435464233821809], [-74.43626860160403, 5.4353179625809585]], [[-74.43909763983754, 5.432742904352435], [-74.4389308371637, 5.4331409223634175], [-74.43919408, 5.432925655821911], [-74.43909763983754, 5.432742904352435]], [[-74.43095311500002, 5.417813130822389], [-74.43101075196915, 5.4179236870918555], [-74.43305143100002, 5.416524733822436], [-74.43095311500002, 5.417813130822389]], [[-74.438103108, 5.401430392822919], [-74.43783790084707, 5.402222828127477], [-74.440739146, 5.400693933822942], [-74.438103108, 5.401430392822919]], [[-74.44951753200002, 5.389029471823325], [-74.44948425848595, 5.389076465550194], [-74.45706763800001, 5.387061891823401], [-74.44951753200002, 5.389029471823325]], [[-74.492840795, 5.255477332827634], [-74.492701867, 5.253029331827711], [-74.49210686551123, 5.2560853256459135], [-74.492840795, 5.255477332827634]], [[-74.463004898, 5.259626077827509], [-74.470259709, 5.254950607827668], [-74.46277435149634, 5.259337936157695], [-74.463004898, 5.259626077827509]], [[-74.46213223199999, 5.257200432827571], [-74.45961168390927, 5.255385170424402], [-74.4623380355199, 5.258792619650965], [-74.46213223199999, 5.257200432827571]], [[-74.45542277499999, 5.243416851828036], [-74.45526759469645, 5.253007248751798], [-74.45671871810232, 5.252602302458495], [-74.45542277499999, 5.243416851828036]], [[-74.44680534395125, 5.239481736717347], [-74.45277012488307, 5.2391677149001685], [-74.45267550900002, 5.239016154828187], [-74.44680534395125, 5.239481736717347]], [[-74.44302566200003, 5.23968072182816], [-74.44316577960161, 5.239673345197841], [-74.441056614, 5.235399146828308], [-74.44302566200003, 5.23968072182816]], [[-74.43186921199998, 5.216684191828902], [-74.43189685194109, 5.216867704540156], [-74.44010913699998, 5.211906042829064], [-74.43186921199998, 5.216684191828902]], [[-74.4503487941569, 5.129750753032922], [-74.45126346166438, 5.131011124069411], [-74.450928981, 5.130049142831721], [-74.4503487941569, 5.129750753032922]], [[-74.4452809494933, 5.125750897979006], [-74.44709188600001, 5.125262878831867], [-74.44830710001868, 5.124502306878813], [-74.4452809494933, 5.125750897979006]], [[-74.451190225, 5.098058654832743], [-74.446794082, 5.116640298832131], [-74.45132723871464, 5.097758594991697], [-74.451190225, 5.098058654832743]], [[-74.45480658197708, 5.09013883817381], [-74.45241450618701, 5.095377480766825], [-74.45502174900003, 5.090478248832995], [-74.45480658197708, 5.09013883817381]], [[-74.44836581813618, 5.072698518757955], [-74.44849111887702, 5.072912032797243], [-74.44850532119952, 5.0727973783959115], [-74.44836581813618, 5.072698518757955]], [[-74.44076735598264, 5.067528952583377], [-74.44250697949911, 5.068546619490453], [-74.440998466, 5.067477602833736], [-74.44076735598264, 5.067528952583377]], [[-74.4296565024214, 5.064895503920944], [-74.4358224, 5.068627659833712], [-74.43057208, 5.06473733683383], [-74.4296565024214, 5.064895503920944]], [[-74.4260644689415, 5.063979134837656], [-74.42719163445204, 5.0664081956658436], [-74.4280179974225, 5.065178557557194], [-74.4260644689415, 5.063979134837656]], [[-74.425902344, 5.06362975283386], [-74.42602800724312, 5.063900559258091], [-74.43551707799998, 5.053752041834182], [-74.425902344, 5.06362975283386]], [[-74.41307861799999, 5.021889884835236], [-74.419884701, 5.023093168835187], [-74.4126174842971, 5.020990804862797], [-74.41307861799999, 5.021889884835236]], [[-74.41243567200002, 5.020426948835287], [-74.4124197113753, 5.020605203741127], [-74.41259405583995, 5.019751285015628], [-74.41243567200002, 5.020426948835287]], [[-74.41767659800001, 4.998069212836009], [-74.41760612969729, 4.998369829885119], [-74.41783147956959, 4.9983156675517755], [-74.41767659800001, 4.998069212836009]], [[-74.46508744200003, 4.95925085583724], [-74.46517654367176, 4.9594095036909325], [-74.4653155170139, 4.959253488457096], [-74.46508744200003, 4.95925085583724]], [[-74.48149607900001, 4.951541269837517], [-74.480151735, 4.952480271837478], [-74.47127373299998, 4.959322262837249], [-74.48149607900001, 4.951541269837517]], [[-74.48354735372911, 4.946289717967474], [-74.48352853938265, 4.947120473173559], [-74.48359766200002, 4.946970124837671], [-74.48354735372911, 4.946289717967474]], [[-74.47862342088466, 4.917053077586313], [-74.47875382619797, 4.917236619475132], [-74.478771441, 4.917116738838623], [-74.47862342088466, 4.917053077586313]], [[-74.45339281174573, 4.8515937981875314], [-74.448812434, 4.849765408840803], [-74.45333965100002, 4.851670254840745], [-74.45339281174573, 4.8515937981875314]], [[-74.45214389799997, 4.849437527840836], [-74.45340443074292, 4.851577087555896], [-74.45399733300002, 4.850724365840795], [-74.45214389799997, 4.849437527840836]], [[-74.42031408956251, 4.838927832835922], [-74.42058667853475, 4.838824390517753], [-74.421035459, 4.836066769841268], [-74.42031408956251, 4.838927832835922]], [[-74.418153453, 4.834577340841316], [-74.4180698705153, 4.834667242091925], [-74.421035459, 4.836066769841268], [-74.418153453, 4.834577340841316]], [[-74.411546177, 4.840021041841121], [-74.41271883631782, 4.83901315429145], [-74.41052469545393, 4.839176776446195], [-74.411546177, 4.840021041841121]], [[-74.40722904699999, 4.836452887841257], [-74.40920881583371, 4.838089187902366], [-74.40718532917144, 4.834718022076613], [-74.40722904699999, 4.836452887841257]], [[-74.395080039, 4.81373095884199], [-74.39582854194953, 4.814943838452689], [-74.3952214170349, 4.811256210779961], [-74.395080039, 4.81373095884199]], [[-74.39436791235835, 4.803591865320869], [-74.39462163244667, 4.8041178010710945], [-74.39462528799999, 4.803668256842346], [-74.39436791235835, 4.803591865320869]], [[-74.40158064030328, 4.801851897175817], [-74.40075987827585, 4.8022389665145235], [-74.400975034, 4.802349440842351], [-74.40158064030328, 4.801851897175817]], [[-74.40384224395113, 4.799701073325948], [-74.40370426411022, 4.800107206657369], [-74.40399257899998, 4.799870337842449], [-74.40384224395113, 4.799701073325948]], [[-74.40453799696958, 4.769272428240309], [-74.40522227600002, 4.779875262843104], [-74.407625091, 4.786950064842846], [-74.40605333299999, 4.782068332843007], [-74.40453799696958, 4.769272428240309]], [[-74.4272482, 4.706343353845502], [-74.43763658926787, 4.712960717036877], [-74.43763658926787, 4.712960717036875], [-74.4272482, 4.706343353845502]], [[-74.401670298, 4.710979601845342], [-74.39761182974419, 4.717503236254225], [-74.398548134, 4.716842907845133], [-74.401670298, 4.710979601845342]], [[-74.393709962, 4.699208554845708], [-74.38896738199998, 4.694260013845891], [-74.39395509899998, 4.70327311984559], [-74.39435454, 4.691013462845975], [-74.393709962, 4.699208554845708]], [[-74.4430174815768, 4.5981061516586195], [-74.44541314027317, 4.598366073515658], [-74.4453899842919, 4.597743411960667], [-74.4430174815768, 4.5981061516586195]], [[-74.45611423000003, 4.591436594849228], [-74.45233687301706, 4.593730729027853], [-74.45641478401346, 4.591403012781193], [-74.45611423000003, 4.591436594849228]], [[-74.465422129, 4.586644395849379], [-74.46534591404041, 4.586778483622709], [-74.47140384099998, 4.585164426849419], [-74.465422129, 4.586644395849379]], [[-74.47739513071154, 4.575875232884565], [-74.47708770499997, 4.576066982849697], [-74.47140384099998, 4.585164426849419], [-74.47739513071154, 4.575875232884565]], [[-74.46929946400002, 4.49891374585226], [-74.46941162899998, 4.496921124852271], [-74.46859696926371, 4.499324641798173], [-74.46929946400002, 4.49891374585226]], [[-74.43810981236743, 4.501872410098074], [-74.444794645, 4.506497750851967], [-74.44031091, 4.5023437328521], [-74.43810981236743, 4.501872410098074]], [[-74.43167310395147, 4.501577137431797], [-74.43537832769951, 4.5012875151542], [-74.433381682, 4.500859971852174], [-74.43167310395147, 4.501577137431797]], [[-74.42738459399999, 4.513282832851773], [-74.43111514423376, 4.501811337739303], [-74.43009716900002, 4.502238626852122], [-74.42738459399999, 4.513282832851773]], [[-74.41610860841998, 4.5204114708084155], [-74.41869643133553, 4.5187754583703015], [-74.41681133600002, 4.519293302851554], [-74.41610860841998, 4.5204114708084155]], [[-74.41227547699998, 4.522834762851446], [-74.41330440878524, 4.522184275838391], [-74.41131125858477, 4.522543605814594], [-74.41227547699998, 4.522834762851446]], [[-74.400607567, 4.519311500851575], [-74.40152641523068, 4.519588957830143], [-74.40036795510461, 4.518296597605256], [-74.400607567, 4.519311500851575]], [[-74.38873362200002, 4.494371366852368], [-74.39865643600001, 4.49133103885247], [-74.39644880284281, 4.495873924996544], [-74.39898624191237, 4.4909682878652095], [-74.38873362200002, 4.494371366852368]], [[-74.43700002899999, 4.366381805856553], [-74.43983737455332, 4.367333154883659], [-74.43980023, 4.367274426856511], [-74.43700002899999, 4.366381805856553]], [[-74.7829858404775, 4.59596365863183], [-74.78019094500002, 4.594061543849137], [-74.78291594, 4.596052961849058], [-74.7829858404775, 4.59596365863183]], [[-74.751465225, 4.587115488849343], [-74.750299714, 4.591137242849226], [-74.76796724500002, 4.59374384184913], [-74.75154122499998, 4.587654794849339], [-74.75586093992132, 4.584810438449792], [-74.751465225, 4.587115488849343]], [[-74.747827239, 4.592522249849191], [-74.74585294470343, 4.6006819919540805], [-74.74619257400002, 4.600474760848922], [-74.747827239, 4.592522249849191]], [[-74.73320549699997, 4.620960042848288], [-74.73117011831253, 4.622069508076718], [-74.73499670400457, 4.621412254085928], [-74.73320549699997, 4.620960042848288]], [[-74.602708156, 4.659937711846982], [-74.609134874, 4.651535571847271], [-74.61321052699998, 4.653933016847182], [-74.60855915518528, 4.650988169346813], [-74.602708156, 4.659937711846982]], [[-74.58923291169272, 4.633778520333916], [-74.58996100930423, 4.634613215272193], [-74.59612971799999, 4.631325727847906], [-74.58923291169272, 4.633778520333916]], [[-74.57111708645009, 4.622303022321142], [-74.571058864, 4.6222756088482], [-74.57077309689008, 4.622470260997443], [-74.57111708645009, 4.622303022321142]], [[-74.56935812615517, 4.623434077633809], [-74.56831721100002, 4.624143103848144], [-74.56756551299998, 4.632527266847882], [-74.56935812615517, 4.623434077633809]], [[-74.56178120034836, 4.636990737171079], [-74.56162300099999, 4.637112811847737], [-74.56142050228324, 4.637656636448195], [-74.56178120034836, 4.636990737171079]], [[-74.55753305428841, 4.647494052521977], [-74.55737072698636, 4.6474966411861045], [-74.55752908517238, 4.647521646980942], [-74.55753305428841, 4.647494052521977]], [[-74.52605792628385, 4.680453282205684], [-74.52609509299998, 4.679579567846366], [-74.5258018313776, 4.679363225542975], [-74.52605792628385, 4.680453282205684]], [[-74.5090959045422, 4.677893948688955], [-74.506865135, 4.6810108298463], [-74.51402872, 4.678606232846363], [-74.5090959045422, 4.677893948688955]], [[-74.50856417157297, 4.67473175138622], [-74.50845128600002, 4.674060424846529], [-74.50597550877721, 4.676367011765014], [-74.50856417157297, 4.67473175138622]], [[-74.50487052092701, 4.677065033482418], [-74.49744497400002, 4.677476595846441], [-74.50461578900001, 4.677225947846432], [-74.50487052092701, 4.677065033482418]], [[-74.448132144, 4.709910416845371], [-74.440026107, 4.71092276784533], [-74.43866364793071, 4.712243945437499], [-74.448132144, 4.709910416845371]], [[-74.58131817318306, 4.369203533482079], [-74.58245198399999, 4.368945559856457], [-74.58263144765314, 4.368774763601479], [-74.58131817318306, 4.369203533482079]], [[-74.55851605023308, 4.373466570523232], [-74.560675699, 4.373900272856318], [-74.569733952426, 4.371839267225383], [-74.55851605023308, 4.373466570523232]], [[-74.55247893158847, 4.371571297771607], [-74.55288571800003, 4.372335882856364], [-74.5538071470051, 4.372520924940704], [-74.55247893158847, 4.371571297771607]], [[-74.5272746333445, 4.367617437170986], [-74.52760243199998, 4.367866440856495], [-74.52817708032025, 4.367780629132757], [-74.5272746333445, 4.367617437170986]], [[-74.50104537103893, 4.3619539577012345], [-74.50106378100003, 4.362206715856691], [-74.50431254, 4.363234829856666], [-74.50104537103893, 4.3619539577012345]], [[-74.500625705, 4.356192184856883], [-74.49890608006704, 4.353954077176468], [-74.49067405400001, 4.35543402685691], [-74.500625705, 4.356192184856883]], [[-74.46201966899997, 4.361376467856721], [-74.46199379398968, 4.361535990499677], [-74.46856954100002, 4.361547038856727], [-74.46201966899997, 4.361376467856721]], [[-74.46090593214088, 4.36824279352222], [-74.46229523199997, 4.365034664856599], [-74.46188568926821, 4.362202469495573], [-74.46090593214088, 4.36824279352222]], [[-74.45393261216101, 4.381907096625814], [-74.456971425, 4.377328236856169], [-74.45923014975006, 4.372112458872081], [-74.45393261216101, 4.381907096625814]], [[-74.808377668, 4.427284428854567], [-74.808267785, 4.430662170854455], [-74.80832688581532, 4.430657100665703], [-74.808377668, 4.427284428854567]], [[-74.79957304499999, 4.418810015854858], [-74.7995471442971, 4.418848192525546], [-74.80985956199999, 4.416739488854921], [-74.79957304499999, 4.418810015854858]], [[-74.77636915199997, 4.440041290854158], [-74.775022703, 4.444710606853992], [-74.77647881219423, 4.439956913828013], [-74.77636915199997, 4.440041290854158]], [[-74.74494808700001, 4.473016114853087], [-74.74291212591363, 4.4758611537010875], [-74.745423513, 4.475541400852985], [-74.74494808700001, 4.473016114853087]], [[-74.74076214399997, 4.470260030853184], [-74.74255739199998, 4.475906318852976], [-74.74290958263838, 4.475861477513975], [-74.74076214399997, 4.470260030853184]], [[-74.73087886500002, 4.458073700853554], [-74.719796212, 4.462435706853424], [-74.72555352400002, 4.460219834853474], [-74.73087886500002, 4.458073700853554]], [[-74.74546694399999, 4.453743648853703], [-74.7455251175707, 4.452918425075263], [-74.74536496071939, 4.453855600780318], [-74.74546694399999, 4.453743648853703]], [[-74.75021187800002, 4.44035506585414], [-74.74705977600001, 4.44393819985402], [-74.74661720027382, 4.44652798115174], [-74.75021187800002, 4.44035506585414]], [[-74.749951743, 4.438200467854205], [-74.75530982268606, 4.434472367496569], [-74.75262247838991, 4.433854302347344], [-74.749951743, 4.438200467854205]], [[-74.74797604790264, 4.410508484429513], [-74.75099824300003, 4.431414575854445], [-74.7516622332438, 4.432411940275189], [-74.74797604790264, 4.410508484429513]], [[-74.74304072848162, 4.381182625576066], [-74.74202595999998, 4.380413308856106], [-74.74455593431284, 4.390186037219711], [-74.74304072848162, 4.381182625576066]], [[-74.74447221000003, 4.375229713856267], [-74.73841810808834, 4.37887633157198], [-74.74458781715418, 4.375545997586012], [-74.74447221000003, 4.375229713856267]], [[-74.73487043052852, 4.379853354567944], [-74.73516076091533, 4.380634607996134], [-74.73532298679405, 4.380547040438], [-74.73487043052852, 4.379853354567944]], [[-74.73164903999998, 4.383325011855999], [-74.736040167, 4.383850331855997], [-74.73590895880525, 4.383561673652211], [-74.73164903999998, 4.383325011855999]], [[-74.72546455440762, 4.393063858642284], [-74.72573583399998, 4.393090555855695], [-74.72803915499998, 4.389170869855801], [-74.72546455440762, 4.393063858642284]], [[-74.71852953500002, 4.386840608855877], [-74.71853073803304, 4.38702146554362], [-74.72050958099999, 4.387864306855827], [-74.71852953500002, 4.386840608855877]], [[-74.69429251275216, 4.4115519158262275], [-74.69464772700002, 4.411463249855081], [-74.694539969, 4.407058655855232], [-74.69429251275216, 4.4115519158262275]], [[-74.680113903, 4.413470237855021], [-74.67940060947653, 4.415729000339759], [-74.68330622600001, 4.411234265855096], [-74.680113903, 4.413470237855021]], [[-74.67207904600002, 4.41331167885503], [-74.678484067, 4.416783792854891], [-74.67865110047532, 4.416591564274054], [-74.67207904600002, 4.41331167885503]], [[-74.66417095100002, 4.412896418855029], [-74.66529511300001, 4.415572512854924], [-74.66539844752496, 4.415538075279056], [-74.66417095100002, 4.412896418855029]], [[-74.66300111700002, 4.411602115855069], [-74.662488758, 4.413019808855028], [-74.66258188368556, 4.41301297802269], [-74.66300111700002, 4.411602115855069]], [[-74.5977599414545, 4.3579424669143645], [-74.59700996874909, 4.35836865300388], [-74.59732958660346, 4.360042880506703], [-74.5977599414545, 4.3579424669143645]], [[-74.661798, 4.341564371857359], [-74.659405435, 4.346576109857203], [-74.66184697416655, 4.341547425056151], [-74.661798, 4.341564371857359]], [[-74.64957787999998, 4.354148188856953], [-74.65052054043753, 4.353474038506201], [-74.64790135942528, 4.3534051992598535], [-74.64957787999998, 4.354148188856953]], [[-74.63519512, 4.347774129857162], [-74.64404482719526, 4.351696086129357], [-74.64217494399998, 4.34988302985709], [-74.63519512, 4.347774129857162]], [[-74.62944187164314, 4.345129214787347], [-74.63080469997598, 4.3438978090642415], [-74.63059945100002, 4.343716593857292], [-74.62944187164314, 4.345129214787347]], [[-74.59788306719642, 4.357872498396726], [-74.609233997, 4.355099025856923], [-74.59996334599998, 4.35669034085686], [-74.59788306719642, 4.357872498396726]], [[-74.50032104899998, 4.350988772857041], [-74.49950737438246, 4.352693964258596], [-74.50411492500001, 4.349189501857119], [-74.50032104899998, 4.350988772857041]], [[-74.76184206900001, 4.321009436858022], [-74.76060929262991, 4.311645910778645], [-74.76046323600002, 4.311608114858352], [-74.76184206900001, 4.321009436858022]], [[-74.775022331, 4.35315729685698], [-74.77479027335761, 4.353068357344734], [-74.7748716342293, 4.35363185756357], [-74.775022331, 4.35315729685698]], [[-74.77388250799999, 4.356746724856866], [-74.77433337470043, 4.355326896024859], [-74.77318299370488, 4.356685116340604], [-74.77388250799999, 4.356746724856866]], [[-74.74795606848319, 4.378764248917315], [-74.74896394265959, 4.378566531532854], [-74.748096605, 4.378463276856142], [-74.74795606848319, 4.378764248917315]], [[-74.74632688399998, 4.383262516855994], [-74.74667995532424, 4.381497164293749], [-74.74597693990042, 4.383002737407049], [-74.74632688399998, 4.383262516855994]], [[-74.69531947500002, 4.338203995857476], [-74.69648982000918, 4.338586979983295], [-74.69315782334176, 4.334401254141935], [-74.69531947500002, 4.338203995857476]], [[-74.69239687975836, 4.33375554854082], [-74.69294246126955, 4.334130711677202], [-74.692902763, 4.3340808418576], [-74.69239687975836, 4.33375554854082]], [[-74.67740474099998, 4.339115820857455], [-74.68401368191998, 4.328364980113999], [-74.68350428100001, 4.328037424857797], [-74.67740474099998, 4.339115820857455]], [[-74.66867297999504, 4.341790987073054], [-74.668743485, 4.341812456857356], [-74.67740474099998, 4.339115820857455], [-74.66867297999504, 4.341790987073054]], [[-74.66449777655617, 4.34052604007272], [-74.664505895, 4.34050012685738], [-74.66292119000002, 4.332246887857653], [-74.66449777655617, 4.34052604007272]], [[-74.66103302099998, 4.30513411485854], [-74.66109783395596, 4.305171399641668], [-74.668743571, 4.298173480858769], [-74.66103302099998, 4.30513411485854]], [[-74.69221524400001, 4.262059050859951], [-74.6930243158631, 4.2612877181248345], [-74.69185223752238, 4.2610310019063355], [-74.69221524400001, 4.262059050859951]], [[-74.69181091500002, 4.26091397485999], [-74.69182719577178, 4.260960082660833], [-74.69239710842133, 4.260727907364444], [-74.69181091500002, 4.26091397485999]], [[-74.695188713, 4.259841805860026], [-74.69496956512609, 4.259911367022892], [-74.69687673427528, 4.260241834781449], [-74.695188713, 4.259841805860026]], [[-74.70057513220955, 4.260882680548123], [-74.70078703799999, 4.260919398859984], [-74.70141574899998, 4.258893877860038], [-74.70057513220955, 4.260882680548123]], [[-74.69903038000001, 4.255560871860161], [-74.698590561, 4.2573331098601], [-74.69915041787647, 4.255541991515727], [-74.69903038000001, 4.255560871860161]], [[-74.70194218, 4.255102884860167], [-74.706588898, 4.258582876860049], [-74.70663842678943, 4.258540270520097], [-74.70194218, 4.255102884860167]], [[-74.71137154299998, 4.254468683860222], [-74.71391706100002, 4.256292587860147], [-74.71409367836486, 4.2561103507626905], [-74.71137154299998, 4.254468683860222]], [[-74.71415364582373, 4.25604847521802], [-74.71487112300002, 4.255308168860161], [-74.713779091, 4.254049039860205], [-74.71415364582373, 4.25604847521802]], [[-74.72412612699998, 4.250332129860342], [-74.720103543, 4.249057214860372], [-74.72001110534862, 4.249213616080475], [-74.72412612699998, 4.250332129860342]], [[-74.536992768, 4.485183155852691], [-74.55904845999999, 4.480580998852821], [-74.53705587487914, 4.485047982787881], [-74.536992768, 4.485183155852691]], [[-74.53123072300002, 4.460400478853477], [-74.53419208499997, 4.45688089785361], [-74.53104949495902, 4.4602188121886375], [-74.53123072300002, 4.460400478853477]], [[-74.52782839000002, 4.45734241885358], [-74.52631975936879, 4.458160649837425], [-74.52731631799998, 4.458734579853543], [-74.52782839000002, 4.45734241885358]], [[-74.52626008319729, 4.458786253295358], [-74.52611746029412, 4.45827037011453], [-74.52591032599997, 4.458382712853549], [-74.52626008319729, 4.458786253295358]], [[-74.49184693, 4.493491812852406], [-74.49469492600002, 4.488123819852588], [-74.49162314279941, 4.4936010371251385], [-74.49184693, 4.493491812852406]], [[-74.488375594, 4.49518607485235], [-74.49098406923997, 4.493912951053076], [-74.47971509000001, 4.496041746852327], [-74.488375594, 4.49518607485235]], [[-74.47195881300001, 4.493433707852414], [-74.47155911706261, 4.49398094213422], [-74.47971509000001, 4.496041746852327], [-74.47195881300001, 4.493433707852414]], [[-74.70363707500002, 4.489481741852552], [-74.7042318263973, 4.488444281464812], [-74.6990578251261, 4.49405498734486], [-74.70363707500002, 4.489481741852552]], [[-74.67006668599998, 4.523008112851456], [-74.68724584984791, 4.505851474582653], [-74.68490384, 4.507288292851954], [-74.67006668599998, 4.523008112851456]], [[-74.64715946500002, 4.548206052850639], [-74.65129957599999, 4.54040919085086], [-74.6470513600619, 4.548214527336212], [-74.64715946500002, 4.548206052850639]], [[-74.6317841890533, 4.561428594038553], [-74.63303507573717, 4.560373479871647], [-74.63204910299999, 4.560794515850213], [-74.6317841890533, 4.561428594038553]], [[-74.62188365774136, 4.580564085594654], [-74.62563028800002, 4.576158110849709], [-74.62194612000002, 4.579928913849589], [-74.62188365774136, 4.580564085594654]], [[-74.62279710799999, 4.589132875849303], [-74.62176697101958, 4.581750659860597], [-74.62140018000002, 4.585480516849422], [-74.62279710799999, 4.589132875849303]], [[-74.59808820198751, 4.622238098473154], [-74.60050371400001, 4.619026188848338], [-74.59933369200002, 4.612223630848556], [-74.59808820198751, 4.622238098473154]], [[-74.605968, 4.450611394853816], [-74.60725804318753, 4.4516054527907905], [-74.60713966399999, 4.451255921853766], [-74.605968, 4.450611394853816]], [[-74.55892127479851, 4.425540745471942], [-74.55952815400002, 4.42978493885449], [-74.55985945314484, 4.430152291016942], [-74.55892127479851, 4.425540745471942]], [[-74.561221885, 4.421061678854763], [-74.55842241900001, 4.422052010854745], [-74.55850369484725, 4.422620411307684], [-74.561221885, 4.421061678854763]], [[-74.75658666063093, 4.578472033104588], [-74.75687112682394, 4.584145271503937], [-74.756722287, 4.578540811849672], [-74.75658666063093, 4.578472033104588]], [[-74.753866228, 4.575203599849764], [-74.75392038400003, 4.577119912849682], [-74.75410941797833, 4.574741140946162], [-74.753866228, 4.575203599849764]], [[-74.75832822199999, 4.566718509850016], [-74.75490236418592, 4.57323324561138], [-74.75814873299998, 4.569165821849952], [-74.75832822199999, 4.566718509850016]], [[-74.76167696099998, 4.559807493850232], [-74.76317679010484, 4.564871592756302], [-74.76326078800003, 4.564770440850096], [-74.76167696099998, 4.559807493850232]], [[-74.593851675, 4.625273332848113], [-74.58764156199999, 4.62583799284811], [-74.59400769979136, 4.625351359169143], [-74.593851675, 4.625273332848113]], [[-74.58335073177737, 4.6234672589229895], [-74.58250330599998, 4.617051059848388], [-74.58317258699998, 4.623368831848171], [-74.58335073177737, 4.6234672589229895]], [[-74.59693545644396, 4.6271804746660745], [-74.5970001139906, 4.626847833344368], [-74.59508714779159, 4.625891179510945], [-74.59693545644396, 4.6271804746660745]], [[-74.597686334, 4.622832527848202], [-74.59763509342443, 4.623581077813243], [-74.59781863102457, 4.6226368386167245], [-74.597686334, 4.622832527848202]], [[-74.4889911511514, 4.588104757365303], [-74.48966363699998, 4.588848552849299], [-74.496238086, 4.589736852849259], [-74.4889911511514, 4.588104757365303]], [[-74.50593275400001, 4.594455610849122], [-74.50565931342321, 4.594400575451219], [-74.50601808018723, 4.594723764084285], [-74.50593275400001, 4.594455610849122]], [[-74.54976544390847, 4.643867186310609], [-74.55035152900001, 4.646388263847434], [-74.55138775573766, 4.646551890836725], [-74.54976544390847, 4.643867186310609]], [[-74.554096307, 4.958793292837264], [-74.55417376588456, 4.960567617980591], [-74.557427039, 4.954473337837429], [-74.554096307, 4.958793292837264]], [[-74.55198052999998, 4.964732517837095], [-74.55785834300002, 4.9706684228369], [-74.55198747648643, 4.964722009786278], [-74.55198052999998, 4.964732517837095]], [[-74.56126844714734, 4.97966385622636], [-74.56124362700001, 4.978829452836631], [-74.55785834300002, 4.9706684228369], [-74.56126844714734, 4.97966385622636]], [[-74.53638459920678, 4.96656080838276], [-74.53554974411243, 4.964940987483458], [-74.53431042699998, 4.979489031836607], [-74.53638459920678, 4.96656080838276]], [[-74.53345444399997, 4.940785091837864], [-74.533622015, 4.951848020837496], [-74.53474240120747, 4.955633446837409], [-74.53345444399997, 4.940785091837864]], [[-74.52552454800002, 4.941184722837843], [-74.52450633945867, 4.941698375639312], [-74.53345444399997, 4.940785091837864], [-74.52552454800002, 4.941184722837843]], [[-74.51711542019382, 4.945426851910759], [-74.51745982400001, 4.945773028837713], [-74.52073934892712, 4.943598698766697], [-74.51711542019382, 4.945426851910759]], [[-74.51183803499998, 4.945470090837712], [-74.51699824293709, 4.942722129060025], [-74.5102796977094, 4.945215325940402], [-74.51183803499998, 4.945470090837712]], [[-74.50455031799999, 4.944278657837717], [-74.50435047650276, 4.942698804354747], [-74.50328223100001, 4.951538759837513], [-74.50455031799999, 4.944278657837717]], [[-74.50090160267328, 4.951387877176049], [-74.50130287299999, 4.951729662837485], [-74.50328223100001, 4.951538759837513], [-74.50090160267328, 4.951387877176049]], [[-74.51128691500003, 4.925492877838366], [-74.50333218600002, 4.934158905838076], [-74.50335157359613, 4.93432150001218], [-74.51128691500003, 4.925492877838366]], [[-74.51326332100001, 4.902560918839101], [-74.51312659422183, 4.902447683072928], [-74.513556021, 4.908303304838922], [-74.51326332100001, 4.902560918839101]], [[-74.50926914500002, 4.884626534839676], [-74.50896497872921, 4.883975557212475], [-74.5091732703747, 4.884873248754381], [-74.50926914500002, 4.884626534839676]], [[-74.4992341735283, 4.868891826343529], [-74.49917388400002, 4.870841928840132], [-74.49947013042286, 4.871064447347552], [-74.4992341735283, 4.868891826343529]], [[-74.50575020600002, 4.859682142840482], [-74.49928967699998, 4.86709653184026], [-74.49928151186825, 4.867360638132751], [-74.50575020600002, 4.859682142840482]], [[-74.50526174392, 4.831975584682153], [-74.49713254400001, 4.826651744841566], [-74.50520972499999, 4.831979356841421], [-74.50526174392, 4.831975584682153]], [[-74.47717044799998, 4.825760074841611], [-74.47447874655693, 4.826548923300869], [-74.49243852900003, 4.8257197678416], [-74.47717044799998, 4.825760074841611]], [[-74.55868215700002, 4.802967802842343], [-74.55990317245708, 4.796053631569459], [-74.55989276260122, 4.796053206591469], [-74.55868215700002, 4.802967802842343]], [[-74.5425568258808, 4.786384884789199], [-74.548789881, 4.790572308842773], [-74.54357698500002, 4.786447242842877], [-74.5425568258808, 4.786384884789199]], [[-74.53959056683374, 4.786983325830465], [-74.54183292528984, 4.786340635778375], [-74.540923556, 4.786285049842887], [-74.53959056683374, 4.786983325830465]], [[-74.52995360800003, 4.798228189842465], [-74.532500121, 4.789015542842802], [-74.52968400103913, 4.798051143074324], [-74.52995360800003, 4.798228189842465]], [[-74.52097890814753, 4.792334641698716], [-74.52813770203936, 4.7970357121686], [-74.52465395299998, 4.793943957842637], [-74.52097890814753, 4.792334641698716]], [[-74.52125141699997, 4.777610750843164], [-74.52473981756954, 4.792317670063355], [-74.52486272300001, 4.789989822842752], [-74.52125141699997, 4.777610750843164]], [[-74.51136460499998, 4.735191261844548], [-74.51340631699998, 4.73635741384451], [-74.51139768484678, 4.7350601187950945], [-74.51136460499998, 4.735191261844548]], [[-74.512797316, 4.729511365844727], [-74.51140922883965, 4.735014353334409], [-74.51258069300002, 4.734376790844556], [-74.512797316, 4.729511365844727]], [[-74.510871582, 4.727931184844772], [-74.51034722118979, 4.728021566350219], [-74.512797316, 4.729511365844727], [-74.510871582, 4.727931184844772]], [[-74.51087663847778, 4.723156943986074], [-74.51154558339546, 4.726839658913073], [-74.512019845, 4.72607160584485], [-74.51087663847778, 4.723156943986074]], [[-74.505929793, 4.684845170846188], [-74.50637179395119, 4.68710161827418], [-74.507102885, 4.686479092846136], [-74.505929793, 4.684845170846188]], [[-74.690949063, 4.755008251843882], [-74.68767803600002, 4.755283706843882], [-74.68594195759762, 4.75679239253228], [-74.690949063, 4.755008251843882]], [[-74.74421222706538, 4.625595277494569], [-74.74601289379399, 4.627671206513798], [-74.745947397, 4.627257385848058], [-74.74421222706538, 4.625595277494569]], [[-74.74013157872596, 4.622708613494374], [-74.74244089098876, 4.6238985258214065], [-74.74158056800002, 4.623074427848195], [-74.74013157872596, 4.622708613494374]], [[-74.52017217593388, 4.7919813705884655], [-74.52002089899997, 4.791915125842698], [-74.51429439200001, 4.794550033842611], [-74.52017217593388, 4.7919813705884655]], [[-74.50746685500002, 4.807247554842209], [-74.51874632395486, 4.825476338999901], [-74.51871975799997, 4.825174483841617], [-74.50746685500002, 4.807247554842209]], [[-74.51906039499659, 4.829044965251192], [-74.51882892732826, 4.832433609875458], [-74.51932973200002, 4.832105301841395], [-74.51906039499659, 4.829044965251192]], [[-74.51841762220597, 4.832703245491326], [-74.5145265769455, 4.83253158999495], [-74.517433245, 4.833348564841351], [-74.51841762220597, 4.832703245491326]], [[-74.410384895, 4.773049953843302], [-74.41020833502203, 4.773417554444996], [-74.41674186400002, 4.771949430843343], [-74.410384895, 4.773049953843302]], [[-74.42874072015132, 4.761055052473677], [-74.42776912800002, 4.76122028984368], [-74.41674186400002, 4.771949430843343], [-74.42874072015132, 4.761055052473677]], [[-74.436359585, 4.759055310843765], [-74.43624484614908, 4.759137363341539], [-74.44331429200003, 4.760451998843723], [-74.436359585, 4.759055310843765]], [[-74.449082148, 4.744465349844233], [-74.45091776200002, 4.751618021844013], [-74.4491066344257, 4.744432016675529], [-74.449082148, 4.744465349844233]], [[-74.46186833299998, 4.7335199998446], [-74.45259499899998, 4.739683334844401], [-74.46206311804387, 4.733608335393457], [-74.46186833299998, 4.7335199998446]], [[-74.51703861720773, 4.942518689038432], [-74.5144777667445, 4.941159309301625], [-74.51439284600002, 4.941359400837844], [-74.51703861720773, 4.942518689038432]], [[-74.51490707045694, 4.940147777433242], [-74.51608531300002, 4.938066218837962], [-74.51584959728076, 4.937926981545748], [-74.51490707045694, 4.940147777433242]], [[-74.51550624037068, 4.92917566979862], [-74.515621329, 4.928948272838252], [-74.513506361, 4.928122819838273], [-74.51550624037068, 4.92917566979862]], [[-74.53937143456898, 4.899731732576644], [-74.53990204000002, 4.899734444839174], [-74.53745359839144, 4.89619307423362], [-74.53937143456898, 4.899731732576644]], [[-74.53592628899997, 4.893374988839394], [-74.53596972231948, 4.8934551289891335], [-74.540272502, 4.885326690839651], [-74.53592628899997, 4.893374988839394]], [[-74.54497303726477, 4.88321723948536], [-74.54550632500002, 4.882977916839747], [-74.54551418254295, 4.8823298328748095], [-74.54497303726477, 4.88321723948536]], [[-74.54091263851545, 5.0645732526584855], [-74.540826671, 5.065073475833832], [-74.54077726520316, 5.065789895966572], [-74.54091263851545, 5.0645732526584855]], [[-74.53457904041896, 5.062808670500263], [-74.5350670019625, 5.0629855596251945], [-74.53464464799998, 5.062790375833909], [-74.53457904041896, 5.062808670500263]], [[-74.52843456300002, 5.064465020833837], [-74.52854819732387, 5.064432985797521], [-74.5283067849228, 5.064327016855529], [-74.52843456300002, 5.064465020833837]], [[-74.52204065683455, 5.064607893693308], [-74.52575761602473, 5.0632080489404565], [-74.525386078, 5.063044960833889], [-74.52204065683455, 5.064607893693308]], [[-74.520102807, 5.068138627833712], [-74.52117145367484, 5.065013972961849], [-74.52101636999998, 5.065086425833822], [-74.520102807, 5.068138627833712]], [[-74.45247670015227, 5.062487409191008], [-74.45250693391638, 5.062204865196986], [-74.45215087600002, 5.062301592833888], [-74.45247670015227, 5.062487409191008]], [[-74.49647279499999, 4.947615599837648], [-74.48869318982153, 4.944144465315959], [-74.48928453000002, 4.944743528837727], [-74.49647279499999, 4.947615599837648]], [[-74.73054272799999, 5.003424579835833], [-74.72954517300002, 5.001795296835879], [-74.73046227818807, 5.00345933136517], [-74.73054272799999, 5.003424579835833]], [[-74.72691765399998, 5.006409320835706], [-74.72691881855023, 5.006397340272063], [-74.72293242400002, 5.00599031583575], [-74.72691765399998, 5.006409320835706]], [[-74.720551656, 5.010472998835601], [-74.72056711926503, 5.010443883476486], [-74.71604686799998, 5.008724642835652], [-74.720551656, 5.010472998835601]], [[-74.56211482600003, 4.996487253836039], [-74.569247727, 4.994478057836149], [-74.56207572856188, 4.996314102028557], [-74.56211482600003, 4.996487253836039]], [[-74.56064831999998, 4.989992501836273], [-74.56171638647452, 4.994722674690078], [-74.56140332244041, 4.984198092071222], [-74.56064831999998, 4.989992501836273]], [[-74.54048706100002, 5.069998068833675], [-74.54322808400002, 5.077643479833426], [-74.54050747547991, 5.069702043967581], [-74.54048706100002, 5.069998068833675]], [[-74.54223656509838, 5.0804807115229815], [-74.54050048599998, 5.08274466283328], [-74.54028883448429, 5.086054143367603], [-74.54223656509838, 5.0804807115229815]], [[-74.5402798877783, 5.086194038181154], [-74.54025610000002, 5.086565994833133], [-74.542609906, 5.090583283832984], [-74.5402798877783, 5.086194038181154]], [[-74.53926762200001, 5.108403220832421], [-74.53991990257336, 5.119933742307629], [-74.54034851, 5.118352582832088], [-74.53926762200001, 5.108403220832421]], [[-74.5249950906451, 5.134176901177745], [-74.52493526799998, 5.134189702831584], [-74.52227957399998, 5.139098934831411], [-74.5249950906451, 5.134176901177745]], [[-74.517702859, 5.140999742831373], [-74.51584054, 5.151783582831011], [-74.51556264200002, 5.155438156830889], [-74.517702859, 5.140999742831373]], [[-74.5184468331501, 5.1623557215775175], [-74.514937122, 5.17205481183035], [-74.518537573, 5.16257335583066], [-74.5184468331501, 5.1623557215775175]], [[-74.5159489960197, 5.185203596235911], [-74.51619582164597, 5.188410968776682], [-74.51652003200002, 5.187361623829859], [-74.5159489960197, 5.185203596235911]], [[-74.51565588230388, 5.190158545968904], [-74.512754584, 5.197730497829517], [-74.51429990999998, 5.194547309829642], [-74.51565588230388, 5.190158545968904]], [[-74.504595480802, 5.203813027480417], [-74.504429572, 5.203936710829306], [-74.5044695439122, 5.204060079672569], [-74.504595480802, 5.203813027480417]], [[-74.50572328679695, 5.20828460082069], [-74.50332305500001, 5.211252241829087], [-74.50576632899998, 5.20840594782918], [-74.50572328679695, 5.20828460082069]], [[-74.49602186684287, 5.2497310612162575], [-74.49596560999998, 5.249743366827843], [-74.49412088232154, 5.251600654790067], [-74.49602186684287, 5.2497310612162575]], [[-74.468640742, 5.133854030831592], [-74.46605686499998, 5.132461862831639], [-74.46867629259988, 5.1340962202969616], [-74.468640742, 5.133854030831592]], [[-74.46899491800002, 5.136266864831498], [-74.46883163662918, 5.135154505882536], [-74.46882334897339, 5.1363922312898405], [-74.46899491800002, 5.136266864831498]], [[-74.46221031515222, 5.149302512780283], [-74.462088833, 5.149671027831079], [-74.466707912, 5.149585731831075], [-74.46221031515222, 5.149302512780283]], [[-74.615349703, 5.216686107828886], [-74.604542718, 5.208837538829167], [-74.61517232129377, 5.216880448917996], [-74.615349703, 5.216686107828886]], [[-74.594915576, 5.324459756825413], [-74.58916057200003, 5.353947634824451], [-74.58929004419186, 5.354140948007188], [-74.594915576, 5.324459756825413]], [[-74.34584370659924, 4.676522275452603], [-74.345810868, 4.6712615628466], [-74.345701372, 4.676454304846455], [-74.34584370659924, 4.676522275452603]], [[-74.34323763700002, 4.650107467847307], [-74.344165744, 4.658192557847044], [-74.34439339238749, 4.653787832650499], [-74.34323763700002, 4.650107467847307]], [[-74.306240248, 4.620593229848267], [-74.299486818, 4.617449550848371], [-74.30795963948374, 4.62419300862538], [-74.306240248, 4.620593229848267]], [[-74.29877498316462, 4.615036129351144], [-74.298737657, 4.61490957784844], [-74.29381724000001, 4.615178841848428], [-74.29877498316462, 4.615036129351144]], [[-74.28027990499999, 4.609447697848637], [-74.27363771900002, 4.614276642848459], [-74.27358398878162, 4.614453054743493], [-74.28027990499999, 4.609447697848637]], [[-74.41848556399998, 4.360543519856765], [-74.41703213300002, 4.360366427856774], [-74.41699863986112, 4.36048380739716], [-74.41848556399998, 4.360543519856765]], [[-74.39402631067281, 4.395811434394462], [-74.39419712199998, 4.395756812855587], [-74.39547620000002, 4.388566709855851], [-74.39402631067281, 4.395811434394462]], [[-74.38210570566619, 4.3996141718300885], [-74.38213936099999, 4.399612607855456], [-74.38332938077495, 4.399232066866291], [-74.38210570566619, 4.3996141718300885]], [[-74.29949418660108, 4.426819824270889], [-74.305347741, 4.429815973854494], [-74.30010898601931, 4.4265339908776715], [-74.29949418660108, 4.426819824270889]], [[-74.29496638299997, 4.418956193854817], [-74.298216303, 4.426165737854612], [-74.29899214486115, 4.426562853540365], [-74.29496638299997, 4.418956193854817]], [[-74.29690860800002, 4.413310427855012], [-74.292971675, 4.409251272855154], [-74.29686122763812, 4.413448155685877], [-74.29690860800002, 4.413310427855012]], [[-74.28343653799999, 4.380909444856067], [-74.28338613615621, 4.380773436579516], [-74.28265526883706, 4.381687638945057], [-74.28343653799999, 4.380909444856067]], [[-74.28251385200002, 4.379397539856144], [-74.28304914762859, 4.379864080385022], [-74.28906453000002, 4.368702204856456], [-74.28251385200002, 4.379397539856144]], [[-74.27717697800364, 4.380812028840191], [-74.27735598599998, 4.380828578856109], [-74.27868881699999, 4.378426144856154], [-74.27717697800364, 4.380812028840191]], [[-74.272290446, 4.383677890855983], [-74.27438494900002, 4.380677101856084], [-74.27051094671047, 4.384530295633463], [-74.272290446, 4.383677890855983]], [[-74.25350945399998, 4.400577881855433], [-74.25873981299998, 4.394076900855659], [-74.25345277308952, 4.400572978281571], [-74.25350945399998, 4.400577881855433]], [[-74.24495810500002, 4.401963905855384], [-74.2339471381301, 4.3994412498322095], [-74.23629468810122, 4.401190734040365], [-74.24495810500002, 4.401963905855384]], [[-74.44167782400001, 4.107663837865004], [-74.44471032990772, 4.110490913565832], [-74.44457770000002, 4.11005713886491], [-74.44167782400001, 4.107663837865004]], [[-74.43440776199998, 4.105926329865039], [-74.4401991861677, 4.101021498147259], [-74.44005043499999, 4.100353277865233], [-74.43440776199998, 4.105926329865039]], [[-74.39277285499998, 4.082510905865798], [-74.397455869, 4.085435114865719], [-74.39267631543137, 4.082362802707605], [-74.39277285499998, 4.082510905865798]], [[-74.38857621300002, 4.076072758866027], [-74.39237184749584, 4.081895712751949], [-74.38804745003438, 4.074018838871414], [-74.38857621300002, 4.076072758866027]], [[-74.38499590599997, 4.062165460866483], [-74.38690878957394, 4.069595840971067], [-74.38680443599998, 4.065838333866341], [-74.38499590599997, 4.062165460866483]], [[-74.3788109919956, 4.033247832098314], [-74.38082969948458, 4.022716893563974], [-74.38008569800002, 4.023527563867744], [-74.3788109919956, 4.033247832098314]], [[-74.38340000599999, 4.019916265867852], [-74.3823946802261, 4.021011677325234], [-74.3848778052328, 4.020585382316977], [-74.38340000599999, 4.019916265867852]], [[-74.51416158, 4.251367453860297], [-74.51105588000001, 4.250012776860347], [-74.5107079631165, 4.25011937538062], [-74.51416158, 4.251367453860297]], [[-74.389269244, 4.270313255859698], [-74.37919803982977, 4.268210597121812], [-74.382335426, 4.269478531859711], [-74.389269244, 4.270313255859698]], [[-74.37135497074033, 4.266573126817963], [-74.37060705623306, 4.2664169777669345], [-74.37068936999998, 4.266619073859814], [-74.37135497074033, 4.266573126817963]], [[-74.33774342700002, 4.228131758861071], [-74.33555594400002, 4.227847162861049], [-74.3393729834577, 4.229502791229665], [-74.33774342700002, 4.228131758861071]], [[-74.31933449899998, 4.2025513248619], [-74.31243335099998, 4.196402454862096], [-74.31229579418748, 4.19642340142471], [-74.31933449899998, 4.2025513248619]], [[-74.29711301600003, 4.176137142862767], [-74.28433051399998, 4.177764003862685], [-74.29724639274865, 4.17617706044319], [-74.29711301600003, 4.176137142862767]], [[-74.302692847, 4.366362073856556], [-74.3020100226038, 4.366821543303428], [-74.30321939596585, 4.366645851110407], [-74.302692847, 4.366362073856556]], [[-74.30254600000107, 4.504902703728528], [-74.30294416999999, 4.503662343852104], [-74.30134307100002, 4.497352116852277], [-74.30254600000107, 4.504902703728528]], [[-74.29865671800002, 4.511412140851819], [-74.300615994, 4.510914964851829], [-74.29831755167959, 4.511189060781137], [-74.29865671800002, 4.511412140851819]], [[-74.2926079411988, 4.501282009310074], [-74.294400553, 4.508612730851944], [-74.29299321600001, 4.501502164852131], [-74.2926079411988, 4.501282009310074]], [[-74.28670686700002, 4.50467216385205], [-74.29190763199531, 4.500881835325662], [-74.291290822, 4.500529374852162], [-74.28670686700002, 4.50467216385205]], [[-74.28364883900002, 4.512321478851778], [-74.28720924499999, 4.50808847185193], [-74.28356109004248, 4.512405456270196], [-74.28364883900002, 4.512321478851778]], [[-74.28989467662473, 4.548262134044291], [-74.28744436, 4.54434118685074], [-74.287865103, 4.54610638685071], [-74.28989467662473, 4.548262134044291]], [[-74.29675938899999, 4.549369582850577], [-74.29022275447616, 4.548610607683739], [-74.29034818399998, 4.548743834850598], [-74.29675938899999, 4.549369582850577]], [[-74.30149065400002, 4.553202796850447], [-74.298129055, 4.55416495785044], [-74.30181234437946, 4.553482400461545], [-74.30149065400002, 4.553202796850447]], [[-74.30551232397303, 4.558542603639045], [-74.30377503139896, 4.554407095280411], [-74.30233759913517, 4.553938936111438], [-74.30551232397303, 4.558542603639045]], [[-74.30612507900003, 4.560001225850248], [-74.30585177020173, 4.559350632601456], [-74.30396338011163, 4.561883051481284], [-74.30612507900003, 4.560001225850248]], [[-74.30222837600002, 4.568717440849957], [-74.30300341481889, 4.563170409556308], [-74.30215319500002, 4.564310593850119], [-74.30222837600002, 4.568717440849957]], [[-74.3014517768412, 4.600474925369626], [-74.303881575, 4.592177741849187], [-74.30123924999998, 4.600226969848931], [-74.3014517768412, 4.600474925369626]], [[-74.23649815599998, 4.405298822855298], [-74.23635346002206, 4.402377359901633], [-74.231912405, 4.41918598685483], [-74.23649815599998, 4.405298822855298]], [[-74.25204740487501, 4.545323654076005], [-74.252517275, 4.545433779850717], [-74.25683330800001, 4.543768842850783], [-74.25204740487501, 4.545323654076005]], [[-74.26836439800002, 4.544065433850768], [-74.26866282867665, 4.5439613989653775], [-74.26481044135372, 4.542822896999025], [-74.26836439800002, 4.544065433850768]], [[-74.27507835400002, 4.541787318850822], [-74.27486436108043, 4.541866112328151], [-74.27627981, 4.542963314850806], [-74.27507835400002, 4.541787318850822]], [[-74.27618088499997, 4.52409940185141], [-74.27621406381533, 4.52420600862541], [-74.27622105950957, 4.523734441028018], [-74.27618088499997, 4.52409940185141]], [[-74.27717525899999, 4.515066122851707], [-74.27715574135696, 4.515243428689184], [-74.27730080593254, 4.515029972493374], [-74.27717525899999, 4.515066122851707]], [[-74.27882618658464, 4.5145907498373905], [-74.28102098099998, 4.514836388851696], [-74.28233266257662, 4.513581084678582], [-74.27882618658464, 4.5145907498373905]], [[-74.305758636, 4.549437376850592], [-74.3043593596428, 4.552943120634962], [-74.30580270899998, 4.551980086850508], [-74.305758636, 4.549437376850592]], [[-74.42912419800001, 4.604431503848789], [-74.423435827, 4.609885345848624], [-74.4200498667798, 4.614568748699794], [-74.42912419800001, 4.604431503848789]], [[-74.41953994868197, 4.61527405877963], [-74.41928600900002, 4.615625303848431], [-74.41943714000001, 4.618480545848347], [-74.41953994868197, 4.61527405877963]], [[-74.41414278399998, 4.6225679528482], [-74.40443865233337, 4.6258864134295905], [-74.404531975, 4.625919597848096], [-74.41414278399998, 4.6225679528482]], [[-74.39450148357088, 4.62274099156433], [-74.39433754714132, 4.623126248448988], [-74.39496559547084, 4.622890919057011], [-74.39450148357088, 4.62274099156433]], [[-74.39537353345193, 4.612838356023261], [-74.395466591, 4.612091475848543], [-74.39301293099999, 4.600728624848913], [-74.39537353345193, 4.612838356023261]], [[-74.36395547830496, 4.558534241409452], [-74.37018773900002, 4.569735143849919], [-74.373007406, 4.572934035849819], [-74.36395547830496, 4.558534241409452]], [[-74.36666185000001, 4.555638968850363], [-74.35849339130951, 4.558989247172375], [-74.36400238456544, 4.557957751030022], [-74.36666185000001, 4.555638968850363]], [[-74.351104406, 4.648764712847349], [-74.35089161721342, 4.649164250425058], [-74.35760365099998, 4.647307818847396], [-74.351104406, 4.648764712847349]], [[-74.4070137222798, 5.018566059376608], [-74.40703066200001, 5.018583631835337], [-74.40714606150756, 5.018611480062271], [-74.4070137222798, 5.018566059376608]], [[-74.395244328, 5.021343079835253], [-74.39599468856807, 5.020145120275585], [-74.38751377699998, 5.023162861835176], [-74.395244328, 5.021343079835253]], [[-74.35912882000002, 4.896412150839292], [-74.35746112433273, 4.8948273355133205], [-74.35957839806845, 4.899198012310932], [-74.35912882000002, 4.896412150839292]], [[-74.35584300542958, 4.893289633109194], [-74.35523459199999, 4.896085711839313], [-74.35683178834464, 4.89422927596405], [-74.35584300542958, 4.893289633109194]], [[-74.33065937600003, 4.889004451839538], [-74.33053448766216, 4.889296133269023], [-74.33083024000983, 4.889237851167958], [-74.33065937600003, 4.889004451839538]], [[-74.28741929900002, 4.923217092838442], [-74.28746964547712, 4.923287221344226], [-74.29224263200001, 4.912031658838779], [-74.28741929900002, 4.923217092838442]], [[-74.286354297, 4.937076939837979], [-74.2864656017136, 4.9371074582301695], [-74.28649505545161, 4.936957989076339], [-74.286354297, 4.937076939837979]], [[-74.30874388024027, 4.946967836689713], [-74.30878309600001, 4.946729221837654], [-74.302155589, 4.943172133837792], [-74.30874388024027, 4.946967836689713]], [[-74.31041861521663, 4.961112211890705], [-74.30956209099998, 4.95987152483722], [-74.30664984100002, 4.959709368837238], [-74.31041861521663, 4.961112211890705]], [[-74.31506968550696, 4.969555985702361], [-74.31522672300002, 4.968076821836972], [-74.31503784805376, 4.9678032338916625], [-74.31506968550696, 4.969555985702361]], [[-74.30815434800002, 4.981964873836551], [-74.31482135200002, 4.971895082836846], [-74.31486809276927, 4.971454823281267], [-74.30815434800002, 4.981964873836551]], [[-74.301046966, 4.985457419836397], [-74.30137941646409, 4.986304252432419], [-74.30109577731378, 4.985433434104566], [-74.301046966, 4.985457419836397]], [[-74.30257605600002, 4.98935238583629], [-74.30278109587438, 4.989042082891101], [-74.30233141727263, 4.988729231198269], [-74.30257605600002, 4.98935238583629]], [[-74.30456127472688, 4.98646904587556], [-74.30756669816407, 4.986747623035539], [-74.304588, 4.986421726836369], [-74.30456127472688, 4.98646904587556]], [[-74.308224349, 4.991177760836242], [-74.30823632074431, 4.991174375687173], [-74.30813103773038, 4.9904783688994145], [-74.308224349, 4.991177760836242]], [[-74.29018905939877, 5.024163250296788], [-74.290418235, 5.024120680835156], [-74.298421335, 5.015252218835435], [-74.29018905939877, 5.024163250296788]], [[-74.28542837100002, 5.025044540835127], [-74.2854197316954, 5.0250491548677365], [-74.28548955144309, 5.025036185821055], [-74.28542837100002, 5.025044540835127]], [[-74.27867744999998, 5.028650035834999], [-74.27848915503668, 5.028874805013121], [-74.28528740832225, 5.025119825411837], [-74.27867744999998, 5.028650035834999]], [[-74.32851767199998, 4.767182704843487], [-74.3284641605426, 4.766976431344143], [-74.32848288765935, 4.767228773448216], [-74.32851767199998, 4.767182704843487]], [[-74.32655767699998, 4.769778534843424], [-74.32804100273977, 4.7678140086813565], [-74.32197701500726, 4.775261613088466], [-74.32655767699998, 4.769778534843424]], [[-74.32149889800002, 4.775833921843227], [-74.32153561523481, 4.775789971106057], [-74.319303123, 4.775770147843216], [-74.32149889800002, 4.775833921843227]], [[-74.31681002599998, 4.778312916843138], [-74.31659110635505, 4.778664450720638], [-74.319303123, 4.775770147843216], [-74.31681002599998, 4.778312916843138]], [[-74.28272461313821, 4.787166078487846], [-74.28391160790412, 4.787571022632643], [-74.28301073300003, 4.787142980842843], [-74.28272461313821, 4.787166078487846]], [[-74.27560954199998, 4.790444003842746], [-74.27790519000001, 4.789273233842789], [-74.27243277999997, 4.790204685842743], [-74.27560954199998, 4.790444003842746]], [[-74.27118379199999, 4.793917656842646], [-74.27180136599998, 4.79324861084268], [-74.27046211369897, 4.793690110371459], [-74.27118379199999, 4.793917656842646]], [[-74.26952068649469, 4.794157535374363], [-74.26986837390913, 4.793885843346668], [-74.269274402, 4.794081652842608], [-74.26952068649469, 4.794157535374363]], [[-74.27161622900002, 4.798074144842492], [-74.27160426855248, 4.798060850536711], [-74.269069446, 4.799298970842448], [-74.27161622900002, 4.798074144842492]], [[-74.26790679099997, 4.801143296842412], [-74.26668538680917, 4.803886370954748], [-74.26751819600003, 4.80403274484228], [-74.26790679099997, 4.801143296842412]], [[-74.2639574061472, 4.8072406276600725], [-74.26549986200001, 4.806548865842241], [-74.264036589, 4.806147392842244], [-74.2639574061472, 4.8072406276600725]], [[-74.2643311838981, 4.809172795832491], [-74.26390579730115, 4.807953163081626], [-74.26382522799997, 4.809065539842151], [-74.2643311838981, 4.809172795832491]], [[-74.262807027, 4.821379905841742], [-74.26278310133402, 4.81816045409812], [-74.26269301000002, 4.818218606841855], [-74.262807027, 4.821379905841742]], [[-74.261528827, 4.823913864841665], [-74.26071811999998, 4.821709691841742], [-74.26149598278958, 4.823892706030022], [-74.261528827, 4.823913864841665]], [[-74.32236941262833, 4.743786631465775], [-74.32207577000003, 4.742887672844279], [-74.31380336799998, 4.736942821844493], [-74.32236941262833, 4.743786631465775]], [[-74.35946767273902, 4.745125303800526], [-74.35669573799998, 4.748008699844141], [-74.35945282, 4.745291628844227], [-74.35946767273902, 4.745125303800526]], [[-74.36887839100001, 4.731578356844658], [-74.364297793, 4.732914305844615], [-74.36372426710939, 4.733654197451263], [-74.36887839100001, 4.731578356844658]], [[-74.38915055500001, 4.719792481845046], [-74.38203456143586, 4.72363788981961], [-74.382191637, 4.723616445844917], [-74.38915055500001, 4.719792481845046]], [[-74.39274741870919, 4.876777136412358], [-74.38549979099997, 4.871469266840124], [-74.39233406300002, 4.876626805839941], [-74.39274741870919, 4.876777136412358]], [[-74.35944945900002, 4.888700260839547], [-74.35435689299999, 4.888337536839547], [-74.35458288306684, 4.888514550729635], [-74.35944945900002, 4.888700260839547]], [[-74.46869630052318, 4.92777906471243], [-74.468676303, 4.927429973838298], [-74.45978126, 4.929955429838219], [-74.46869630052318, 4.92777906471243]], [[-74.40295552100002, 4.880489652839803], [-74.408951607, 4.881739586839812], [-74.39459087813319, 4.877447571837076], [-74.40295552100002, 4.880489652839803]], [[-74.414599388, 4.880061221839829], [-74.41463449685281, 4.879097349654117], [-74.408951607, 4.881739586839812], [-74.414599388, 4.880061221839829]], [[-74.418472802, 4.87731274483991], [-74.41984915799998, 4.874651891839984], [-74.42041359900003, 4.867033891840256], [-74.418472802, 4.87731274483991]], [[-74.442464416, 5.12650990983181], [-74.44267897430784, 5.12645208971387], [-74.4422786090581, 5.1262853390548795], [-74.442464416, 5.12650990983181]], [[-74.42659547800002, 5.12267329283195], [-74.435240722, 5.124172140831881], [-74.42594115090091, 5.122347157057683], [-74.42659547800002, 5.12267329283195]], [[-74.40315153159081, 5.124013485079054], [-74.40760835700002, 5.121879701831982], [-74.40385106600002, 5.122676650831959], [-74.40315153159081, 5.124013485079054]], [[-74.402268972, 5.130057339831724], [-74.40270998955188, 5.124857287058478], [-74.40170710500001, 5.126773833831829], [-74.402268972, 5.130057339831724]], [[-74.37243965800002, 5.195331458829589], [-74.37759729509193, 5.188705956913723], [-74.377470384, 5.188738462829805], [-74.37243965800002, 5.195331458829589]], [[-74.36962877600001, 5.200055578829427], [-74.36778815999998, 5.203114044829356], [-74.37040572400002, 5.195954599829574], [-74.36962877600001, 5.200055578829427]], [[-74.361184047, 5.204729325829298], [-74.36203366106338, 5.2042591057452965], [-74.36048624201547, 5.2045084338350005], [-74.361184047, 5.204729325829298]], [[-74.34378454900002, 5.205417974829261], [-74.349799491, 5.201125514829411], [-74.34347350308808, 5.204985210939863], [-74.34378454900002, 5.205417974829261]], [[-74.34014480013194, 5.200174004485416], [-74.3399680769103, 5.20010804712435], [-74.34127691195694, 5.201929053360473], [-74.34014480013194, 5.200174004485416]], [[-74.32284656955945, 5.194778356789834], [-74.32452939033793, 5.1945109212767795], [-74.32433083799998, 5.194375704829659], [-74.32284656955945, 5.194778356789834]], [[-74.31347539900003, 5.201516266829382], [-74.3207705207731, 5.195341546769769], [-74.31985292899998, 5.195590470829591], [-74.31347539900003, 5.201516266829382]], [[-74.30279203562681, 5.192882637950258], [-74.30396661600003, 5.196068982829555], [-74.30308590800001, 5.192948493829682], [-74.30279203562681, 5.192882637950258]], [[-74.32814579400002, 5.04785851283438], [-74.32624425400002, 5.048357155834376], [-74.32336747806825, 5.049299194907289], [-74.32814579400002, 5.04785851283438]], [[-74.32287835199998, 5.049459365834335], [-74.32129930000002, 5.054932140834157], [-74.32290167372662, 5.049451728820446], [-74.32287835199998, 5.049459365834335]], [[-74.31418296747691, 5.060818516376509], [-74.31417601499999, 5.060823598833967], [-74.30651563599997, 5.07388393183354], [-74.31418296747691, 5.060818516376509]], [[-74.41118494859786, 5.09729448893519], [-74.41102719000003, 5.097204240832765], [-74.40829136000002, 5.103879872832552], [-74.41118494859786, 5.09729448893519]], [[-74.3857735658876, 5.105247394327206], [-74.38575338599998, 5.105226077832514], [-74.38239757500003, 5.105351396832505], [-74.3857735658876, 5.105247394327206]], [[-74.37946669695597, 5.103210190201712], [-74.37946180300003, 5.103206614832565], [-74.3792316424772, 5.103296360203108], [-74.37946669695597, 5.103210190201712]], [[-74.3748374590043, 5.104907249720949], [-74.370362312, 5.09988992683269], [-74.3748374590043, 5.10490724972095], [-74.3748374590043, 5.104907249720949]], [[-74.36438910516533, 5.096632359553784], [-74.354236447, 5.082765344833235], [-74.36377091399999, 5.096295220832809], [-74.36438910516533, 5.096632359553784]], [[-74.33874334994408, 5.086526447165546], [-74.33829662295578, 5.085660114865178], [-74.33828869899997, 5.086089862833129], [-74.33874334994408, 5.086526447165546]], [[-74.33855091947103, 5.071868592893622], [-74.33855617299997, 5.071799031833613], [-74.3385523144702, 5.071792936482778], [-74.33855091947103, 5.071868592893622]], [[-74.33773024982342, 5.0704943142802605], [-74.33693271096304, 5.069234435661817], [-74.336919422, 5.0692627988337], [-74.33773024982342, 5.0704943142802605]], [[-74.343029361, 5.053533183834205], [-74.3414813922006, 5.05162399674641], [-74.3414414091914, 5.051637453817288], [-74.343029361, 5.053533183834205]], [[-74.34674051600001, 5.049853934834311], [-74.3427218021443, 5.051206512298346], [-74.349154333, 5.050478117834304], [-74.34674051600001, 5.049853934834311]], [[-74.374796055, 5.04183505283458], [-74.37475779360749, 5.0418452292229015], [-74.378054938, 5.048146949834364], [-74.374796055, 5.04183505283458]], [[-74.38369979411652, 5.0506267428462], [-74.38371366000001, 5.050652037834301], [-74.38515152899998, 5.040152733834641], [-74.38369979411652, 5.0506267428462]], [[-74.34097886900003, 5.190638260829759], [-74.349889362, 5.186496589829875], [-74.35029937980843, 5.186078634025887], [-74.34097886900003, 5.190638260829759]], [[-74.35202644922454, 5.18431812833198], [-74.35341351300002, 5.182904210829999], [-74.35372465324089, 5.181980858806782], [-74.35202644922454, 5.18431812833198]], [[-74.35719912899998, 5.159257916830759], [-74.35657133, 5.173532948830298], [-74.35738542614527, 5.159011380394113], [-74.35719912899998, 5.159257916830759]], [[-74.37314193999998, 5.137310872831469], [-74.37102156647597, 5.128261349413149], [-74.37311861613857, 5.137328769861004], [-74.37314193999998, 5.137310872831469]], [[-74.36657918499998, 5.123072335831948], [-74.36680717383656, 5.123337637979307], [-74.3664493924278, 5.122121489007802], [-74.36657918499998, 5.123072335831948]], [[-74.36536417600001, 5.114171306832228], [-74.36538708782781, 5.114339156489092], [-74.36538200088548, 5.114130253209994], [-74.36536417600001, 5.114171306832228]], [[-74.455221643303, 5.253020071814517], [-74.45340156399999, 5.250731315827786], [-74.45513888599999, 5.253043165827725], [-74.455221643303, 5.253020071814517]], [[-74.450822759, 5.251021960827786], [-74.4490809864702, 5.2526530606313315], [-74.45340156399999, 5.250731315827786], [-74.450822759, 5.251021960827786]], [[-74.42857904584658, 5.253105240670188], [-74.42851714199998, 5.253108538827706], [-74.42478898029685, 5.255919032020114], [-74.42857904584658, 5.253105240670188]], [[-74.41785044943302, 5.261149677928483], [-74.41777844500001, 5.261203958827459], [-74.41577522900002, 5.270111886827161], [-74.41785044943302, 5.261149677928483]], [[-74.39856229760008, 5.2860877881243065], [-74.39460619699997, 5.284056672826727], [-74.39809951400002, 5.286241962826664], [-74.39856229760008, 5.2860877881243065]], [[-74.38580261474016, 5.277051902545794], [-74.385762436, 5.27697979482694], [-74.383035409, 5.277414533826933], [-74.38580261474016, 5.277051902545794]], [[-74.3546834080481, 5.25589516446694], [-74.35468166248032, 5.255888501673359], [-74.34699786800002, 5.256043147827635], [-74.3546834080481, 5.25589516446694]], [[-74.337204552, 5.280524109826826], [-74.33564757800002, 5.29144767882647], [-74.33569506201336, 5.291522390977055], [-74.337204552, 5.280524109826826]], [[-74.35350640000001, 5.308670961825927], [-74.353708847, 5.307445680825952], [-74.35262607200002, 5.30569554482601], [-74.35350640000001, 5.308670961825927]], [[-74.359824334, 5.326548767825357], [-74.35972663757649, 5.3301534582539665], [-74.36004561300001, 5.330038741825232], [-74.359824334, 5.326548767825357]], [[-74.359585616, 5.332967537825132], [-74.3586106748963, 5.330554803448089], [-74.35264413438001, 5.330665293893008], [-74.359585616, 5.332967537825132]], [[-74.34710258366235, 5.328871921672851], [-74.34708513700002, 5.328865640825265], [-74.33660491900002, 5.334147218825085], [-74.34710258366235, 5.328871921672851]], [[-74.30527637376574, 5.306671360597603], [-74.30425555300002, 5.305624624826032], [-74.29891890897568, 5.305568053120706], [-74.30527637376574, 5.306671360597603]], [[-74.29865872881713, 5.305522900103936], [-74.29745060687642, 5.304919791100251], [-74.29846135499997, 5.305488646826033], [-74.29865872881713, 5.305522900103936]], [[-74.29345883977267, 5.302927052950428], [-74.293113952, 5.302754880826116], [-74.29139867500818, 5.304304786922742], [-74.29345883977267, 5.302927052950428]], [[-74.2910812459033, 5.30459161249509], [-74.291031121, 5.304636904826053], [-74.2906052663442, 5.30620886161426], [-74.2910812459033, 5.30459161249509]], [[-74.28956983268614, 5.309726983641707], [-74.28925294372705, 5.309793648259828], [-74.289555242, 5.309776558825886], [-74.28956983268614, 5.309726983641707]], [[-74.2849356894281, 5.3100377099656075], [-74.28274626062331, 5.309213214789748], [-74.284308044, 5.310073191825882], [-74.2849356894281, 5.3100377099656075]], [[-74.2824466363792, 5.309048230341044], [-74.283034601, 5.307134212825962], [-74.28236917800001, 5.309005578825884], [-74.2824466363792, 5.309048230341044]], [[-74.28091754500002, 5.306765057825984], [-74.28092135565755, 5.306837462597147], [-74.283034601, 5.307134212825962], [-74.28091754500002, 5.306765057825984]], [[-74.27473052099998, 5.314604846825731], [-74.27451301332619, 5.3173729272754064], [-74.27457749400003, 5.317397684825645], [-74.27473052099998, 5.314604846825731]], [[-74.26288366310862, 5.315334618922471], [-74.26122604339707, 5.314044990596277], [-74.262877108, 5.31533722182569], [-74.26288366310862, 5.315334618922471]], [[-74.2566051156277, 5.310428350059118], [-74.25959827399998, 5.30931532982591], [-74.25656599899997, 5.310397734825853], [-74.2566051156277, 5.310428350059118]], [[-74.36571369900003, 5.213962481828992], [-74.36114167300002, 5.221849023828729], [-74.36118582220507, 5.221961515467111], [-74.36571369900003, 5.213962481828992]], [[-74.36233707399998, 5.237726279828228], [-74.35454092200001, 5.243020903828043], [-74.35455854969841, 5.243132400930142], [-74.36233707399998, 5.237726279828228]], [[-74.35544572499998, 5.248743880827857], [-74.35400613799999, 5.253281495827717], [-74.35401630847734, 5.253301681447023], [-74.35544572499998, 5.248743880827857]], [[-74.37583406800002, 5.399094181822988], [-74.37656014200002, 5.394761546823108], [-74.37398490356291, 5.402412398076968], [-74.37583406800002, 5.399094181822988]], [[-74.37304393648782, 5.404100907860324], [-74.37173919999998, 5.40462303282282], [-74.36644024320388, 5.415950845027313], [-74.37304393648782, 5.404100907860324]], [[-74.17792484699999, 5.457350795821119], [-74.17832290988643, 5.4579370858086875], [-74.17961102700002, 5.455037322821186], [-74.17792484699999, 5.457350795821119]], [[-74.184564937, 5.451755386821285], [-74.18403712401467, 5.453622945938127], [-74.184045986, 5.453627800821207], [-74.184564937, 5.451755386821285]], [[-74.18728958600002, 5.442869255821575], [-74.18729055776284, 5.442886214679185], [-74.194743308, 5.439142253821685], [-74.18728958600002, 5.442869255821575]], [[-74.21164632099999, 5.417473303822399], [-74.2116438871429, 5.417480664055804], [-74.21405643700001, 5.416230472822425], [-74.21164632099999, 5.417473303822399]], [[-74.21919500115436, 5.416812459950269], [-74.21447174100001, 5.418051575822362], [-74.21906715300003, 5.416933218822404], [-74.21919500115436, 5.416812459950269]], [[-74.22409337800002, 5.408717781822675], [-74.21951786976737, 5.416507494659535], [-74.22119641, 5.414922030822486], [-74.22409337800002, 5.408717781822675]], [[-74.22822239342479, 5.4031376042197286], [-74.22640452600001, 5.40443715982281], [-74.22825315199998, 5.403173740822848], [-74.22822239342479, 5.4031376042197286]], [[-74.22654735999998, 5.401492817822921], [-74.22807203241695, 5.402960953122198], [-74.22677849602177, 5.401441246469693], [-74.22654735999998, 5.401492817822921]], [[-74.228715679, 5.401009019822936], [-74.22829169407429, 5.401103619860608], [-74.22873386860334, 5.401036768654395], [-74.228715679, 5.401009019822936]], [[-74.22964820239842, 5.402431614594669], [-74.22915267249407, 5.401675667609984], [-74.229627554, 5.402483953822874], [-74.22964820239842, 5.402431614594669]], [[-74.2317415258078, 5.40188927399319], [-74.23057567900003, 5.400080661822956], [-74.23174590399998, 5.402009654822871], [-74.2317415258078, 5.40188927399319]], [[-74.23159186200002, 5.398833921823001], [-74.2316771547911, 5.400119357076196], [-74.23162969226232, 5.398814348441645], [-74.23159186200002, 5.398833921823001]], [[-74.23429607875015, 5.397434759816431], [-74.23166238647235, 5.39879743245423], [-74.232778639, 5.399178743822973], [-74.23429607875015, 5.397434759816431]], [[-73.937725947, 4.163464899863182], [-73.93166482801705, 4.176067820087544], [-73.934349945, 4.171914570862898], [-73.937725947, 4.163464899863182]], [[-73.93371774073954, 4.155588639942995], [-73.933723768, 4.155716454863433], [-73.937725947, 4.163464899863182], [-73.93371774073954, 4.155588639942995]], [[-74.16848252483913, 5.299431904621876], [-74.17016696264528, 5.29885243641325], [-74.16857539799997, 5.299315546826218], [-74.16848252483913, 5.299431904621876]], [[-74.16209419228467, 5.308697994079316], [-74.16816924120349, 5.299824407611214], [-74.16402091200001, 5.305021715826042], [-74.16209419228467, 5.308697994079316]], [[-74.158966308, 5.314666154825723], [-74.158041992, 5.32112047982551], [-74.1604059075089, 5.311919326459437], [-74.158966308, 5.314666154825723]], [[-74.147047385, 5.331969259825163], [-74.14777231800002, 5.324856548825402], [-74.14683369337251, 5.332029005277891], [-74.147047385, 5.331969259825163]], [[-74.10395008299997, 5.412135477822552], [-74.10147503899998, 5.409178934822665], [-74.10390550457898, 5.412199656819893], [-74.10395008299997, 5.412135477822552]], [[-74.10067313272273, 5.416853262312068], [-74.10257131732114, 5.414120469593542], [-74.100649907, 5.416738674822402], [-74.10067313272273, 5.416853262312068]], [[-74.097618689, 5.431613954821925], [-74.101544048, 5.421150049822273], [-74.09632956152082, 5.432756424509408], [-74.097618689, 5.431613954821925]], [[-73.99619666917064, 5.334227172912087], [-73.997798713, 5.338052950824983], [-73.996292268, 5.33423744382509], [-73.99619666917064, 5.334227172912087]], [[-73.98647566906658, 5.271173513672886], [-73.98651069424676, 5.272456976515602], [-73.98685002299999, 5.271867268827096], [-73.98647566906658, 5.271173513672886]], [[-73.986356107, 5.266792280827272], [-73.98636274616511, 5.267035566420034], [-73.98649313795406, 5.266680611861545], [-73.986356107, 5.266792280827272]], [[-73.992900497, 5.258704393827553], [-73.990826051, 5.263149643827406], [-73.99307429879224, 5.258688834960594], [-73.992900497, 5.258704393827553]], [[-73.995359156, 5.258484292827533], [-73.99397279265155, 5.258608401115581], [-73.99650603463213, 5.2588864247743805], [-73.995359156, 5.258484292827533]], [[-73.901718098, 5.25213280682777], [-73.895949869, 5.251289943827796], [-73.89779157053206, 5.25237012411697], [-73.901718098, 5.25213280682777]], [[-73.84547524499999, 5.193361992829666], [-73.84778492937572, 5.200236926628243], [-73.84674969753964, 5.19407555205342], [-73.84547524499999, 5.193361992829666]], [[-73.839186396, 5.18428933782994], [-73.84593922704117, 5.190995437141481], [-73.84595108899998, 5.190934934829712], [-73.839186396, 5.18428933782994]], [[-73.84576839187247, 5.154895022022498], [-73.84576800667712, 5.1548960616133686], [-73.85127874800003, 5.15669031383085], [-73.84576839187247, 5.154895022022498]], [[-73.844752792, 5.149618749831085], [-73.84635708716782, 5.152377842973793], [-73.846682912, 5.151561266830994], [-73.844752792, 5.149618749831085]], [[-73.835567679, 5.143182039831292], [-73.84563541260736, 5.144637984403194], [-73.84574884800003, 5.143997850831255], [-73.835567679, 5.143182039831292]], [[-73.87008239744465, 5.0511464841476705], [-73.853451248, 5.056126580834118], [-73.87002126599998, 5.051437600834243], [-73.87008239744465, 5.0511464841476705]], [[-73.87030487800001, 5.046868776834405], [-73.85837411900002, 5.036094085834763], [-73.8708655651026, 5.047416927700292], [-73.87030487800001, 5.046868776834405]], [[-73.85564783335084, 5.0355926292033555], [-73.85521782426396, 5.035680356013789], [-73.85837411900002, 5.036094085834763], [-73.85564783335084, 5.0355926292033555]], [[-73.852080322, 5.032496756834869], [-73.85241690037383, 5.032779338895254], [-73.85220418141238, 5.0324510820050135], [-73.852080322, 5.032496756834869]], [[-73.845465047, 5.001059730835902], [-73.84448414899998, 5.006068740835717], [-73.84672851560848, 5.000020592735963], [-73.845465047, 5.001059730835902]], [[-73.84235495399997, 4.980227403836579], [-73.85570955988646, 4.989391229165024], [-73.85581436438697, 4.989216615465507], [-73.84235495399997, 4.980227403836579]], [[-73.87380038753551, 4.963597969467568], [-73.89352077199999, 4.946519616837651], [-73.873942995, 4.963356653837125], [-73.87380038753551, 4.963597969467568]], [[-73.90833259200002, 4.923013505838457], [-73.90820630747898, 4.923330833639795], [-73.90843379731567, 4.922958163308268], [-73.90833259200002, 4.923013505838457]], [[-73.91542724622258, 4.917343214911833], [-73.9143011178666, 4.918742620276969], [-73.91474565700003, 4.918445266838568], [-73.91542724622258, 4.917343214911833]], [[-73.9160780406296, 4.914361024800895], [-73.91622307734173, 4.916056446886161], [-73.91650366800002, 4.915602763838705], [-73.9160780406296, 4.914361024800895]], [[-73.9160204099384, 4.9136873447013025], [-73.91602738845836, 4.913768920853281], [-73.92511051399998, 4.917687887838604], [-73.9160204099384, 4.9136873447013025]], [[-73.91593895400001, 4.912735156838757], [-73.91598569047403, 4.913281487826823], [-73.91704707017465, 4.911232138797825], [-73.91593895400001, 4.912735156838757]], [[-73.95114239600002, 4.83673842084125], [-73.94103826600002, 4.83536908484131], [-73.95156544852215, 4.836929567358877], [-73.95114239600002, 4.83673842084125]], [[-73.9573145706458, 4.839995357637462], [-73.95710070236566, 4.839983430128358], [-73.95728765400003, 4.840147542841133], [-73.9573145706458, 4.839995357637462]], [[-73.95945928499998, 4.812494060842033], [-73.95960111800002, 4.811804456842047], [-73.958994663, 4.813271696842008], [-73.959852996, 4.817876377841851], [-73.95945928499998, 4.812494060842033]], [[-73.98059012759093, 4.813824718295655], [-73.977921934, 4.812881369842037], [-73.95945928499998, 4.812494060842033], [-73.98059012759093, 4.813824718295655]], [[-73.95229285, 4.792781628842659], [-73.9625643980141, 4.798737274851841], [-73.96261018299998, 4.798675918842487], [-73.95229285, 4.792781628842659]], [[-73.87229194499997, 4.743578023844261], [-73.88683135500003, 4.744502742844237], [-73.87166321561847, 4.7430971409897795], [-73.87229194499997, 4.743578023844261]], [[-73.86992375900002, 4.741766719844318], [-73.87087862742557, 4.742497049724933], [-73.87013940434223, 4.7413247251907995], [-73.86992375900002, 4.741766719844318]], [[-73.87302490193537, 4.735410502811476], [-73.87264613175948, 4.736186844145509], [-73.873099739, 4.735514426844531], [-73.87302490193537, 4.735410502811476]], [[-73.80467594853509, 4.681141303405495], [-73.80560042084547, 4.681249002727541], [-73.805110431, 4.68092784084634], [-73.80467594853509, 4.681141303405495]], [[-73.798719974, 4.684067491846209], [-73.79905620410636, 4.684873489736972], [-73.79951033172556, 4.683679186686917], [-73.798719974, 4.684067491846209]], [[-73.79282637306531, 4.68127691750234], [-73.79379369710136, 4.682961006333615], [-73.79281406151132, 4.679050404112744], [-73.79282637306531, 4.68127691750234]], [[-73.79085789499999, 4.671109414846623], [-73.79090756337379, 4.671206900499686], [-73.794580274, 4.663148321846875], [-73.79085789499999, 4.671109414846623]], [[-73.79253916961746, 4.648411746846841], [-73.79262102500002, 4.653688273847184], [-73.794580274, 4.663148321846875], [-73.79253916961746, 4.648411746846841]], [[-73.792806342, 4.63773877284774], [-73.79229513795228, 4.632681081005695], [-73.79245062296643, 4.642703890131807], [-73.792806342, 4.63773877284774]], [[-73.792266698, 4.630847796847944], [-73.79227202609346, 4.6311912541509415], [-73.7965622393571, 4.630250257932428], [-73.792266698, 4.630847796847944]], [[-73.79977318200002, 4.627620815848042], [-73.79749225877737, 4.630046271625957], [-73.79772753200001, 4.629994667847959], [-73.79977318200002, 4.627620815848042]], [[-73.90343885099998, 4.50766000385195], [-73.906786797, 4.51340290385174], [-73.90342173431405, 4.507458922305599], [-73.90343885099998, 4.50766000385195]], [[-73.90493870206889, 4.5007482896976], [-73.90426928800002, 4.499170554852212], [-73.90306652499999, 4.503286032852088], [-73.90493870206889, 4.5007482896976]], [[-73.90188414800002, 4.468863794853221], [-73.90768705, 4.474049018853053], [-73.9018984315701, 4.468545655642757], [-73.90188414800002, 4.468863794853221]], [[-73.90064738199999, 4.46231750485342], [-73.90103739217304, 4.4627526232855015], [-73.90077439501891, 4.460489185264892], [-73.90064738199999, 4.46231750485342]], [[-73.900873611, 4.459060996853526], [-73.9008501653394, 4.45939849107961], [-73.90566130600001, 4.456219727853637], [-73.900873611, 4.459060996853526]], [[-73.90385572100001, 4.447640450853893], [-73.90591804981045, 4.45007775210921], [-73.90595483099997, 4.450035581853826], [-73.90385572100001, 4.447640450853893]], [[-73.903684457, 4.441086704854095], [-73.90298474896649, 4.437818280025952], [-73.90385572100001, 4.447640450853893], [-73.903684457, 4.441086704854095]], [[-73.90292610199998, 4.426362534854612], [-73.90544742264117, 4.434021376676778], [-73.905457372, 4.434007898854345], [-73.90292610199998, 4.426362534854612]], [[-73.90375714893263, 4.416403438990331], [-73.90402463773052, 4.417753991698393], [-73.90404698600003, 4.417732853854887], [-73.90375714893263, 4.416403438990331]], [[-73.90154623028347, 4.410901286644772], [-73.90283665823338, 4.412181363362608], [-73.90275671400002, 4.411814677855059], [-73.90154623028347, 4.410901286644772]], [[-73.88928756500002, 4.398740954855495], [-73.89503476675553, 4.404442055145857], [-73.89463741999998, 4.403168240855357], [-73.88928756500002, 4.398740954855495]], [[-73.87571310392329, 4.385589168701945], [-73.880224054, 4.391229016855744], [-73.88028776341075, 4.391241927410406], [-73.87571310392329, 4.385589168701945]], [[-73.87794798300001, 4.383733188855983], [-73.87590229061541, 4.385432056538084], [-73.88100787574122, 4.383639873865473], [-73.87794798300001, 4.383733188855983]], [[-73.89069567299998, 4.383319068855982], [-73.89624952499997, 4.378854821856144], [-73.89065534512041, 4.383316990782642], [-73.89069567299998, 4.383319068855982]], [[-73.90210307860367, 4.375468344858118], [-73.90183565483552, 4.376111334228668], [-73.90261635299998, 4.375606210856247], [-73.90210307860367, 4.375468344858118]], [[-73.89792458300002, 4.3739076108563], [-73.89819560697866, 4.373987661731751], [-73.898925781, 4.369422574856441], [-73.89792458300002, 4.3739076108563]], [[-73.891812049, 4.361847206856687], [-73.89535976006175, 4.361895899567735], [-73.895335634, 4.361823502856689], [-73.891812049, 4.361847206856687]], [[-73.880096691, 4.347591840857161], [-73.87760954700002, 4.347209513857164], [-73.88014706358737, 4.347715044513147], [-73.880096691, 4.347591840857161]], [[-73.87146622900002, 4.336856093857502], [-73.87375591300002, 4.336557856857535], [-73.87148790672988, 4.336682580832026], [-73.87146622900002, 4.336856093857502]], [[-73.86977954000002, 4.33204034385768], [-73.87066658009337, 4.333134019692473], [-73.87009271900001, 4.330082818857722], [-73.86977954000002, 4.33204034385768]], [[-73.871356063, 4.333469950857612], [-73.8710499, 4.330196747857722], [-73.87009271900001, 4.330082818857722], [-73.871356063, 4.333469950857612]], [[-73.88128223345026, 4.342978139586956], [-73.87820897, 4.338196508857474], [-73.88122137099998, 4.342954636857314], [-73.88128223345026, 4.342978139586956]], [[-73.88920085199999, 4.345151744857254], [-73.88149554012276, 4.343060510392443], [-73.89413074640234, 4.3479397394697], [-73.88920085199999, 4.345151744857254]], [[-73.91131115472372, 4.295002301852514], [-73.91056108983945, 4.297220664449127], [-73.911429414, 4.295367369858874], [-73.91131115472372, 4.295002301852514]], [[-73.90896259380624, 4.287861896224555], [-73.90910820110265, 4.288201753837538], [-73.909007669, 4.2878914098591], [-73.90896259380624, 4.287861896224555]], [[-73.90337106929196, 4.272499626855093], [-73.906488502, 4.286241948859157], [-73.903849864, 4.273000286859596], [-73.90337106929196, 4.272499626855093]], [[-73.91266222675655, 4.266497862066137], [-73.8991380046431, 4.2705153530405076], [-73.90253869800601, 4.271629243359236], [-73.91266222675655, 4.266497862066137]], [[-73.99931830499997, 4.812852706842014], [-73.98408084996619, 4.814044537061858], [-73.986789149, 4.81421508484198], [-73.99931830499997, 4.812852706842014]], [[-73.92510198000002, 4.505917167852004], [-73.92482801210546, 4.506101870472928], [-73.9257521212454, 4.506060571387898], [-73.92510198000002, 4.505917167852004]], [[-73.91668326919235, 4.505866132419807], [-73.917847133, 4.506413850851982], [-73.91793153278245, 4.506410078966562], [-73.91668326919235, 4.505866132419807]], [[-74.031622702, 4.296854484858808], [-74.03186414367191, 4.296849903666261], [-74.028677684, 4.293058529858945], [-74.031622702, 4.296854484858808]], [[-74.02347698768574, 4.292773324053979], [-74.02412684400002, 4.293223436858939], [-74.028677684, 4.293058529858945], [-74.02347698768574, 4.292773324053979]], [[-74.0168499403411, 4.286066508310849], [-74.01706358799998, 4.287505194859123], [-74.02270209067628, 4.292236603768553], [-74.0168499403411, 4.286066508310849]], [[-74.01503877507477, 4.284289588338293], [-74.0151943453993, 4.284320965519704], [-74.01507911800002, 4.284199477859243], [-74.01503877507477, 4.284289588338293]], [[-74.00849946099999, 4.290791489859025], [-74.01380628599998, 4.287042491859155], [-74.00784747474641, 4.291005717581192], [-74.00849946099999, 4.290791489859025]], [[-73.99240647699997, 4.292587340858967], [-73.99261053013987, 4.292617219218382], [-73.98605453200003, 4.284946703859198], [-73.99240647699997, 4.292587340858967]], [[-73.978295236, 4.28652798685916], [-73.98180684300002, 4.283776928859243], [-73.97826464834166, 4.286427124214027], [-73.978295236, 4.28652798685916]], [[-73.97434645198776, 4.273506892002745], [-73.97772895668226, 4.284660683737815], [-73.974870227, 4.274230892859538], [-73.97434645198776, 4.273506892002745]], [[-73.9706934628164, 4.268708230695406], [-73.9713121171321, 4.269312608228333], [-73.97084001600001, 4.268660034859728], [-73.9706934628164, 4.268708230695406]], [[-73.95075171399998, 4.27530598285953], [-73.95443464686184, 4.274055144374029], [-73.95073052877534, 4.275273289638685], [-73.95075171399998, 4.27530598285953]], [[-74.10010664366602, 4.303345130984205], [-74.10264719570964, 4.3034094687919575], [-74.10030621700002, 4.303188809858613], [-74.10010664366602, 4.303345130984205]], [[-74.0843257062292, 4.312313719852476], [-74.085350003934, 4.311412434584888], [-74.084644045, 4.311632138858324], [-74.0843257062292, 4.312313719852476]], [[-74.08155372601173, 4.32581805680041], [-74.081701162, 4.317933014858128], [-74.08146084700002, 4.323892178857925], [-74.08155372601173, 4.32581805680041]], [[-74.08503328199998, 4.336647727857529], [-74.08160405116485, 4.326861565990739], [-74.08174813699998, 4.329849234857734], [-74.08503328199998, 4.336647727857529]], [[-74.00462747900002, 4.429616768854503], [-74.00473549358428, 4.429604103563009], [-74.002129609, 4.425620701854626], [-74.00462747900002, 4.429616768854503]], [[-73.99290535289258, 4.421247356885507], [-73.992914085, 4.421260138854794], [-74.002129609, 4.425620701854626], [-73.99290535289258, 4.421247356885507]], [[-73.99089263414099, 4.418697584297686], [-73.99143388800002, 4.417348215854887], [-73.98930601386073, 4.4187713123179915], [-73.99089263414099, 4.418697584297686]], [[-73.98958377399998, 4.416131227854914], [-73.9897197030414, 4.4162206407301525], [-73.99274333300002, 4.413075358855036], [-73.98958377399998, 4.416131227854914]], [[-74.00341117599999, 4.409096922855155], [-74.00130823999407, 4.410631877277008], [-74.00199397900002, 4.410436242855114], [-74.00341117599999, 4.409096922855155]], [[-74.00353436300003, 4.404735626855281], [-74.00289808656056, 4.403299979586134], [-74.00341117599999, 4.409096922855155], [-74.00353436300003, 4.404735626855281]], [[-73.99994326299998, 4.398707850855488], [-74.00185390392431, 4.40094396283426], [-73.99994250106462, 4.396631214277914], [-73.99994326299998, 4.398707850855488]], [[-73.99796986500002, 4.378042369856182], [-73.9979135736598, 4.377933320232188], [-73.99807066320125, 4.392188486647948], [-73.99796986500002, 4.378042369856182]], [[-73.9947001473376, 4.3574376682406655], [-73.99371038499999, 4.369790750856428], [-73.99476914899998, 4.357495001856849], [-73.9947001473376, 4.3574376682406655]], [[-73.99206238239121, 4.35473875679093], [-73.99206238239121, 4.3547387567909315], [-73.994053517, 4.347109806857161], [-73.99206238239121, 4.35473875679093]], [[-74.04278029288629, 4.296642777112544], [-74.042987691, 4.296656568858821], [-74.05485973200001, 4.293367606858929], [-74.04278029288629, 4.296642777112544]], [[-74.0752999245011, 4.290369966592389], [-74.076384689, 4.289524684859065], [-74.07571956406127, 4.289198141718998], [-74.0752999245011, 4.290369966592389]], [[-74.063582064, 4.284177580859231], [-74.06499973867493, 4.2839352426171144], [-74.05767053304781, 4.280336968548067], [-74.063582064, 4.284177580859231]], [[-74.05675689200001, 4.279743392859371], [-74.05710056886959, 4.279966673364377], [-74.0531902507518, 4.272943092098655], [-74.05675689200001, 4.279743392859371]], [[-74.050208865, 4.267258662859795], [-74.05034332168692, 4.267515023353257], [-74.061658195, 4.2577198338601], [-74.050208865, 4.267258662859795]], [[-74.06784009586487, 4.23930272051676], [-74.06775110900003, 4.239367242860697], [-74.061658195, 4.2577198338601], [-74.06784009586487, 4.23930272051676]], [[-74.08237428531305, 4.2282757495031165], [-74.08253005400002, 4.228291663861037], [-74.0824524279341, 4.227748283296919], [-74.08237428531305, 4.2282757495031165]], [[-74.08236365760061, 4.227126893132181], [-74.082325476, 4.226859622861097], [-74.07572069999998, 4.223238014861217], [-74.08236365760061, 4.227126893132181]], [[-74.074321274, 4.21815027286138], [-74.07413280894237, 4.218089045534623], [-74.07572069999998, 4.223238014861217], [-74.074321274, 4.21815027286138]], [[-74.07395832090589, 4.218032358973418], [-74.071984944, 4.217391260861398], [-74.07033697301041, 4.218623527626319], [-74.07395832090589, 4.218032358973418]], [[-74.07006369599998, 4.21866813886136], [-74.07012390455276, 4.218658310087636], [-74.06688893785366, 4.217270301544043], [-74.07006369599998, 4.21866813886136]], [[-74.06472159600003, 4.216316026861451], [-74.06496092927618, 4.216421404647495], [-74.06389161300001, 4.213852426861536], [-74.06472159600003, 4.216316026861451]], [[-74.056454702, 4.208406486861701], [-74.05687155178765, 4.209317783743143], [-74.05983391799998, 4.20547190686181], [-74.056454702, 4.208406486861701]], [[-74.06500360899997, 4.184845292862499], [-74.06497591656914, 4.185017247491178], [-74.069077214, 4.186871155862407], [-74.06500360899997, 4.184845292862499]], [[-74.10647856499997, 4.181977227862562], [-74.09845501400002, 4.186771312862422], [-74.10651473207986, 4.181973898648148], [-74.10647856499997, 4.181977227862562]], [[-73.98907361616592, 4.418926737082731], [-73.989016419, 4.418964989854848], [-73.9849941, 4.430935539854454], [-73.98907361616592, 4.418926737082731]], [[-73.980318458, 4.45276701985375], [-73.97421743299998, 4.453656196853698], [-73.972966423, 4.454461406853683], [-73.980318458, 4.45276701985375]], [[-73.97443802999999, 4.457217231853599], [-73.97534721599999, 4.455549078853631], [-73.96622069199998, 4.460543727853493], [-73.97443802999999, 4.457217231853599]], [[-73.91881052899998, 4.441528753854099], [-73.91737699200002, 4.439832640854168], [-73.91609984263553, 4.439753752256195], [-73.91881052899998, 4.441528753854099]], [[-73.91470151100056, 4.4396673783165035], [-73.91356995400002, 4.43959748285417], [-73.91076834383865, 4.440174088053009], [-73.91470151100056, 4.4396673783165035]], [[-73.91856839823873, 4.367838709848313], [-73.91863102999997, 4.367906022856498], [-73.929585492, 4.37161127685638], [-73.91856839823873, 4.367838709848313]], [[-73.97517508800001, 4.352505855856998], [-73.978747183, 4.356196403856887], [-73.97998745425076, 4.356255964196149], [-73.97517508800001, 4.352505855856998]], [[-73.98986513099999, 4.352722550857004], [-73.98894929300002, 4.356686329856873], [-73.98992328155252, 4.352790294573958], [-73.98986513099999, 4.352722550857004]], [[-73.97907137136454, 4.4571207991615385], [-73.98392464439375, 4.463448389515588], [-73.979349334, 4.457238108853598], [-73.97907137136454, 4.4571207991615385]], [[-73.79962349700003, 4.636378454847759], [-73.79396086229342, 4.6368583568561], [-73.80081528291544, 4.636889626653677], [-73.79962349700003, 4.636378454847759]], [[-73.81013966420657, 4.640888969792421], [-73.80376220274152, 4.638153597229192], [-73.80588108799998, 4.640041267847646], [-73.81013966420657, 4.640888969792421]], [[-73.82987016599998, 4.639755290847625], [-73.81042602264473, 4.6409459716149], [-73.81055021399999, 4.640970692847599], [-73.82987016599998, 4.639755290847625]], [[-73.96339360299999, 4.651604421847251], [-73.95608779707725, 4.654267396093366], [-73.95612366699999, 4.654317080847169], [-73.96339360299999, 4.651604421847251]], [[-74.16865648718755, 4.874336439990579], [-74.16809719880085, 4.878979233527238], [-74.16913561299998, 4.876634840839944], [-74.16865648718755, 4.874336439990579]], [[-74.1679176939942, 4.879384495470319], [-74.16704147402183, 4.880095913437467], [-74.16782405200001, 4.879595907839851], [-74.1679176939942, 4.879384495470319]], [[-74.15079789316226, 4.890474280298736], [-74.15067512270636, 4.89054429263801], [-74.150688666, 4.890544067839494], [-74.15079789316226, 4.890474280298736]], [[-74.13240954759651, 4.900468165415031], [-74.13613242034933, 4.900315134966011], [-74.132393304, 4.900362582839183], [-74.13240954759651, 4.900468165415031]], [[-74.1290348113096, 4.904854741776986], [-74.12960951017568, 4.904533019520367], [-74.11610489499998, 4.902494923839102], [-74.1290348113096, 4.904854741776986]], [[-74.08263516300002, 4.866277668840281], [-74.08240160399998, 4.893251042839427], [-74.08291336429622, 4.866078109331184], [-74.08263516300002, 4.866277668840281]], [[-74.07975986000002, 4.905649429838988], [-74.07711544400001, 4.911390147838821], [-74.07595826099998, 4.916012836838648], [-74.07975986000002, 4.905649429838988]], [[-74.01714893399998, 4.88756219983958], [-74.01701842593754, 4.895049515213065], [-74.01707106200001, 4.895028254839347], [-74.01714893399998, 4.88756219983958]], [[-74.01021825499998, 4.902796065839104], [-74.00586711400001, 4.902757128839103], [-74.0057107431185, 4.902954879133476], [-74.01021825499998, 4.902796065839104]], [[-74.00522982822488, 4.903563055418373], [-74.00411984300001, 4.904966768839024], [-74.00373023380968, 4.906655075330311], [-74.00522982822488, 4.903563055418373]], [[-74.00601831862116, 4.907459099556961], [-74.00360690980233, 4.907189479362092], [-74.00350659499998, 4.907624176838939], [-74.00601831862116, 4.907459099556961]], [[-74.00751880288162, 4.912247522235853], [-74.007444035, 4.912311148838793], [-74.00789311878255, 4.912487118862724], [-74.00751880288162, 4.912247522235853]], [[-74.00985758529248, 4.913744558229381], [-74.00967081292225, 4.913919982683481], [-74.01010962499998, 4.913905886838734], [-74.00985758529248, 4.913744558229381]], [[-74.00699528461995, 4.914005927974147], [-74.00601917199998, 4.913715417838725], [-74.0060503056862, 4.914036283283437], [-74.00699528461995, 4.914005927974147]], [[-73.98470777203637, 4.903517903518089], [-73.98407483970817, 4.903255984748346], [-73.984643935, 4.903525332839078], [-73.98470777203637, 4.903517903518089]], [[-73.98153798889564, 4.902055314258455], [-73.98589334000002, 4.893000288839402], [-73.981485008, 4.902030238839123], [-73.98153798889564, 4.902055314258455]], [[-74.18210845599998, 4.699190907845706], [-74.18254666927534, 4.6991612496663056], [-74.18185735571588, 4.699005525778996], [-74.18210845599998, 4.699190907845706]], [[-74.17643589171495, 4.695002972756398], [-74.17843228697723, 4.696476869454775], [-74.17695124099998, 4.694854319845846], [-74.17643589171495, 4.695002972756398]], [[-74.16542857000002, 4.753672166843936], [-74.16496310899998, 4.750345110844058], [-74.16466161416433, 4.750205059041208], [-74.16542857000002, 4.753672166843936]], [[-74.16169128268496, 4.748825266654866], [-74.16251625290538, 4.750175918193704], [-74.16415068551636, 4.749967720056205], [-74.16169128268496, 4.748825266654866]], [[-74.11143020399999, 4.831589658841382], [-74.09902500499999, 4.842044013841078], [-74.09892009281658, 4.842201271284078], [-74.11143020399999, 4.831589658841382]], [[-74.09841045687774, 4.842965186798968], [-74.094713303, 4.848507011840892], [-74.09312484700001, 4.852770244840707], [-74.09841045687774, 4.842965186798968]], [[-74.07770789, 4.840621978841104], [-74.08076849499997, 4.837948739841208], [-74.0806097382499, 4.83693188028713], [-74.07770789, 4.840621978841104]], [[-74.15123505629437, 4.727581016447515], [-74.15097594100001, 4.72773668284478], [-74.14939116272971, 4.735176450945526], [-74.15123505629437, 4.727581016447515]], [[-74.148792044, 4.737989023844458], [-74.15099283773594, 4.744100149218249], [-74.14881589682795, 4.737877046344633], [-74.148792044, 4.737989023844458]], [[-74.15746087899998, 4.742817442844274], [-74.154804087, 4.745439238844219], [-74.15750529790792, 4.742901436699053], [-74.15746087899998, 4.742817442844274]], [[-74.21173722077673, 4.996813894670097], [-74.20929546600001, 4.999705736835947], [-74.20933524354115, 4.999923949396579], [-74.21173722077673, 4.996813894670097]], [[-74.15767660900002, 5.043741403834523], [-74.15780501137488, 5.044972546654149], [-74.15771571624549, 5.043666757569904], [-74.15767660900002, 5.043741403834523]], [[-74.15440614200003, 5.039541660834645], [-74.149644512, 5.040975192834617], [-74.1545852627887, 5.039771677305804], [-74.15440614200003, 5.039541660834645]], [[-74.14414810699998, 5.037848796834687], [-74.14328564475589, 5.039416393093929], [-74.14451332714076, 5.038056536764188], [-74.14414810699998, 5.037848796834687]], [[-74.14087043400002, 5.04380623783452], [-74.14161241300002, 5.04814285383437], [-74.14160645848445, 5.042468452631274], [-74.14087043400002, 5.04380623783452]], [[-74.0937209408734, 5.067052135533746], [-74.09369598607161, 5.066913690805808], [-74.08983002516543, 5.0650534584990625], [-74.0937209408734, 5.067052135533746]], [[-74.09533091700001, 5.061749926833929], [-74.09341945800003, 5.063961848833873], [-74.09349487969513, 5.064541870215924], [-74.09533091700001, 5.061749926833929]], [[-74.0798092661287, 5.040080553660836], [-74.07972052899999, 5.040231753834623], [-74.089619729, 5.050372638834293], [-74.0798092661287, 5.040080553660836]], [[-74.08661511799339, 5.028346581344316], [-74.089107819, 5.013925405835483], [-74.08890619255097, 5.013464700773361], [-74.08661511799339, 5.028346581344316]], [[-74.08866152293972, 5.012905644513684], [-74.08693890900003, 5.008969568835633], [-74.0801298149631, 5.0069942646613415], [-74.08866152293972, 5.012905644513684]], [[-74.09498310052582, 5.005809765531758], [-74.091682328, 5.006306030835739], [-74.08693890900003, 5.008969568835633], [-74.09498310052582, 5.005809765531758]], [[-74.0793829136956, 5.006573375869838], [-74.06865181, 5.004707797835811], [-74.06623504522278, 5.005329972870513], [-74.0793829136956, 5.006573375869838]], [[-74.06426359497661, 5.004781657926873], [-74.06363344599998, 5.005083937835757], [-74.06440784214608, 5.005157173013969], [-74.06426359497661, 5.004781657926873]], [[-74.06443998809206, 5.003205781581148], [-74.06597321499999, 5.00250648883584], [-74.064271809, 5.002673297835841], [-74.06443998809206, 5.003205781581148]], [[-74.06588816828531, 4.998927496356532], [-74.06583938199998, 4.998918941835969], [-74.064719072, 5.001534229835889], [-74.06588816828531, 4.998927496356532]], [[-74.06726284299998, 4.99926157483595], [-74.06724598880851, 4.999165585883297], [-74.06696134604009, 4.999115674675687], [-74.06726284299998, 4.99926157483595]], [[-74.062123815, 4.987137867836348], [-74.06139925899998, 4.9885326588363], [-74.06203383146043, 4.988697147309271], [-74.062123815, 4.987137867836348]], [[-74.05878577800001, 4.985615896836404], [-74.052624746, 4.984634310836419], [-74.062123815, 4.987137867836348], [-74.05878577800001, 4.985615896836404]], [[-74.03316894625814, 4.963787773309234], [-74.03303528380957, 4.963849495340498], [-74.03995234400003, 4.975031467836748], [-74.03316894625814, 4.963787773309234]], [[-74.02378132299998, 4.968122746836965], [-74.014870675, 4.974658921836767], [-74.02789355023141, 4.966223821443602], [-74.02378132299998, 4.968122746836965]], [[-74.01142371499998, 4.978468469836633], [-74.01145372811011, 4.9787883751357604], [-74.01545217, 4.976580172836705], [-74.01142371499998, 4.978468469836633]], [[-74.01204920599997, 4.985135485836409], [-74.012439599, 4.980846035836569], [-74.01155158021905, 4.979831366283371], [-74.01204920599997, 4.985135485836409]], [[-74.00504205374979, 4.986890956816672], [-74.00515693400001, 4.986914235836382], [-74.01204920599997, 4.985135485836409], [-74.00504205374979, 4.986890956816672]], [[-73.997190397, 4.973908824836811], [-73.999834147, 4.985835640836394], [-73.99816573706198, 4.972326724855545], [-73.997190397, 4.973908824836811]], [[-73.9915738748511, 4.9716918765080305], [-73.975538835, 4.96460348483709], [-73.99101489830842, 4.972466447065598], [-73.9915738748511, 4.9716918765080305]], [[-73.98952543861986, 4.978092932861672], [-73.99082720899997, 4.97656893983669], [-73.99028799263382, 4.975212358542486], [-73.98952543861986, 4.978092932861672]], [[-73.971479031, 4.993215696836138], [-73.972233807, 4.99655547783606], [-73.97231904899452, 4.9964115527621304], [-73.971479031, 4.993215696836138]], [[-73.96863105199998, 4.990737597836246], [-73.96736393322458, 4.9910908602534265], [-73.971479031, 4.993215696836138], [-73.96863105199998, 4.990737597836246]], [[-73.963094066, 4.970611189836892], [-73.959040716, 4.968491985836961], [-73.9630889806793, 4.970631140642666], [-73.963094066, 4.970611189836892]], [[-73.95893699958357, 4.969718019784272], [-73.95898744300001, 4.96974898183692], [-73.959040716, 4.968491985836961], [-73.95893699958357, 4.969718019784272]], [[-73.95455644100002, 4.968478026836966], [-73.95455835582149, 4.96851050935745], [-73.95465641513138, 4.968507093742078], [-73.95455644100002, 4.968478026836966]], [[-73.95421847905604, 4.969630713519113], [-73.95459631900002, 4.9697674898369], [-73.95459371165099, 4.9697498019202575], [-73.95421847905604, 4.969630713519113]], [[-73.95199076300003, 4.971542582836833], [-73.952246102, 4.969004735836934], [-73.95168613707571, 4.971542986446828], [-73.95199076300003, 4.971542582836833]], [[-73.94876224799998, 4.971122336836877], [-73.94855175276787, 4.971547139306879], [-73.95079043031022, 4.971544173201379], [-73.94876224799998, 4.971122336836877]], [[-73.94438365490473, 4.979502376311969], [-73.94443381500002, 4.979676875836587], [-73.9445224537953, 4.9794938178951265], [-73.94438365490473, 4.979502376311969]], [[-73.936628095, 4.990457590836242], [-73.9368094949028, 4.990525736107733], [-73.93683216914914, 4.989579591319422], [-73.936628095, 4.990457590836242]], [[-73.94554340500002, 5.006648961835706], [-73.94224739200001, 4.996880508836032], [-73.940456202, 4.991895669836223], [-73.94554340500002, 5.006648961835706]], [[-73.91081287499998, 5.024056313835167], [-73.91343016419872, 5.029353026343627], [-73.91500773500002, 5.022645623835205], [-73.91081287499998, 5.024056313835167]], [[-73.91041471300002, 5.027713268835045], [-73.907765617, 5.033690110834847], [-73.91055985875575, 5.027730660803459], [-73.91041471300002, 5.027713268835045]], [[-74.22374709558909, 4.921634167795992], [-74.22038799199998, 4.929075028838231], [-74.223852115, 4.921660695838489], [-74.22374709558909, 4.921634167795992]], [[-74.20932992799999, 4.906917114838965], [-74.20939967754403, 4.906974475550234], [-74.20913130096288, 4.906446730792762], [-74.20932992799999, 4.906917114838965]], [[-74.19933744899998, 4.895289375839333], [-74.20581631819861, 4.899928036920646], [-74.20553438899998, 4.899373641839213], [-74.19933744899998, 4.895289375839333]], [[-74.197646938, 4.858633984840511], [-74.197280498, 4.860201534840469], [-74.19933335116197, 4.8578580034401995], [-74.197646938, 4.858633984840511]], [[-74.038329761, 4.961587451837193], [-74.03848994329459, 4.9613306677501585], [-74.03725285180857, 4.961901926171572], [-74.038329761, 4.961587451837193]], [[-73.99849885711434, 4.97185032405156], [-73.998553157, 4.971772668836869], [-73.99617344299998, 4.972478517836833], [-73.99849885711434, 4.97185032405156]], [[-74.00106167299998, 4.954906842837411], [-74.00391145999998, 4.954004708837438], [-74.00385653230205, 4.953952077808844], [-74.00106167299998, 4.954906842837411]], [[-74.01067340848198, 4.926411900002931], [-74.010811886, 4.92631936783834], [-74.01089199307744, 4.924216549932461], [-74.01067340848198, 4.926411900002931]], [[-74.010955271, 4.922555498838452], [-74.0065786311492, 4.921006751985968], [-74.00659396100002, 4.921312824838465], [-74.010955271, 4.922555498838452]], [[-74.097215323, 5.005474154835768], [-74.09593876602301, 5.005666082916628], [-74.09799915753288, 5.006448379619932], [-74.097215323, 5.005474154835768]], [[-74.10197838152996, 5.007959225398366], [-74.10236375099998, 5.008105543835669], [-74.10241369145555, 5.007977702330072], [-74.10197838152996, 5.007959225398366]], [[-74.10937003263322, 4.975451466498679], [-74.10941650199999, 4.975254700836729], [-74.10770462800002, 4.970695712836888], [-74.10937003263322, 4.975451466498679]], [[-74.21504943065293, 5.102193433351636], [-74.219753631, 5.107431818832446], [-74.21512346499998, 5.102191144832628], [-74.21504943065293, 5.102193433351636]], [[-74.20482032645867, 5.103900206870512], [-74.21452005455431, 5.1022097972058775], [-74.208161415, 5.102406352832608], [-74.20482032645867, 5.103900206870512]], [[-74.20341659399998, 5.104144840832553], [-74.20366125633704, 5.104102202567328], [-74.195079535, 5.102560031832595], [-74.20341659399998, 5.104144840832553]], [[-74.18669241700002, 5.097104886832785], [-74.19178505399998, 5.09763271783277], [-74.18666792890536, 5.096861170515575], [-74.18669241700002, 5.097104886832785]], [[-74.15857043699998, 5.052311571834246], [-74.15907106829131, 5.052605590402591], [-74.15854451385447, 5.052063016505791], [-74.15857043699998, 5.052311571834246]], [[-74.08671355118686, 5.067579837070812], [-74.08973758779528, 5.0650816693810405], [-74.087916129, 5.065637558833789], [-74.08671355118686, 5.067579837070812]], [[-74.08203399798165, 5.071445633069211], [-74.08465161207123, 5.069283212507016], [-74.082797046, 5.070046745833667], [-74.08203399798165, 5.071445633069211]], [[-74.076792184, 5.086592272833137], [-74.08063993159506, 5.074001359087541], [-74.07955912099999, 5.075982796833467], [-74.076792184, 5.086592272833137]], [[-74.07058434920908, 5.125641151328767], [-74.07064672810976, 5.125418446888845], [-74.070564714, 5.125414643831853], [-74.07058434920908, 5.125641151328767]], [[-74.07402141799997, 5.14329513783127], [-74.07396801867199, 5.143180198758433], [-74.06769264000002, 5.152208712830989], [-74.07402141799997, 5.14329513783127]], [[-74.067105895, 5.158694185830782], [-74.06712147368195, 5.15852198986631], [-74.06374329300002, 5.155251771830884], [-74.067105895, 5.158694185830782]], [[-74.051200844, 5.153270162830965], [-74.0566446882486, 5.14746639296216], [-74.05609028200001, 5.147180214831151], [-74.051200844, 5.153270162830965]], [[-74.04742787792223, 5.154729544286513], [-74.04847470822794, 5.153552511184292], [-74.04793733100001, 5.153608167830955], [-74.04742787792223, 5.154729544286513]], [[-74.04573559388561, 5.162310499902175], [-74.04656284147252, 5.15663360876315], [-74.04584936999998, 5.158204057830826], [-74.04573559388561, 5.162310499902175]], [[-74.03792333309002, 5.146438887822724], [-74.04318998899998, 5.157066610830847], [-74.03814633399998, 5.14647083983119], [-74.03792333309002, 5.146438887822724]], [[-74.03996140800001, 5.13426928183157], [-74.0399636044349, 5.134263153171134], [-74.0398653118295, 5.134294741624352], [-74.03996140800001, 5.13426928183157]], [[-74.03323059399997, 5.136052548831521], [-74.03365884753227, 5.135939087013715], [-74.0299480134787, 5.133149421192798], [-74.03323059399997, 5.136052548831521]], [[-74.02948194583236, 5.132948368609999], [-74.02968904587615, 5.132954739064971], [-74.02965013699998, 5.132925488831622], [-74.02948194583236, 5.132948368609999]], [[-74.023149273, 5.132753573831626], [-74.02335228823833, 5.1327598186368455], [-74.02276858930463, 5.132539754733681], [-74.023149273, 5.132753573831626]], [[-74.01200658738625, 5.126495047355191], [-74.01214521269492, 5.126572909209567], [-74.012011627, 5.126492729831827], [-74.01200658738625, 5.126495047355191]], [[-74.00756636400001, 5.127521446831791], [-74.00788002006307, 5.127447949534148], [-74.00749747332932, 5.127214643692921], [-74.00756636400001, 5.127521446831791]], [[-74.006328467, 5.122008498831979], [-74.00657013937527, 5.123084781622727], [-74.00640101053881, 5.12189630807348], [-74.006328467, 5.122008498831979]], [[-73.93888572081318, 5.040579139249128], [-73.94233032099999, 5.041055039834607], [-73.93899178700002, 5.04049602883462], [-73.93888572081318, 5.040579139249128]], [[-73.93558639053697, 5.043545455760344], [-73.93539898799997, 5.043311242834537], [-73.93231210699997, 5.043776723834511], [-73.93558639053697, 5.043545455760344]], [[-73.93065047800002, 5.047803434834383], [-73.93114612584296, 5.047185544900022], [-73.93016309852462, 5.047485865784459], [-73.93065047800002, 5.047803434834383]], [[-73.92818401998328, 5.049104607620619], [-73.92878538710913, 5.047906765085095], [-73.928233219, 5.048075455834372], [-73.92818401998328, 5.049104607620619]], [[-73.92815902900003, 5.054195891834176], [-73.92801476661141, 5.052645072888703], [-73.92794666220135, 5.054069690288195], [-73.92815902900003, 5.054195891834176]], [[-73.93223038100001, 5.085225610833168], [-73.92981326799998, 5.078423962833366], [-73.93208046912699, 5.085355461495699], [-73.93223038100001, 5.085225610833168]], [[-73.90850924900002, 5.126740675831824], [-73.90964922699999, 5.111255412832313], [-73.90836418401788, 5.127148491209122], [-73.90850924900002, 5.126740675831824]], [[-73.90660155879712, 5.132339920201279], [-73.90634897199999, 5.133040258831607], [-73.91299759200001, 5.130000920831693], [-73.90660155879712, 5.132339920201279]], [[-73.91519367807341, 5.131264768912919], [-73.91504603599998, 5.130884590831665], [-73.91299759200001, 5.130000920831693], [-73.91519367807341, 5.131264768912919]], [[-73.89942876100002, 5.146785301831181], [-73.90013694309849, 5.140090917152847], [-73.899957448, 5.140272373831388], [-73.89942876100002, 5.146785301831181]], [[-73.86180833200001, 5.154635358830917], [-73.86192485594714, 5.154416737753425], [-73.861195313, 5.14590226183119], [-73.86180833200001, 5.154635358830917]], [[-73.85702148295844, 5.146177254141015], [-73.85713787007072, 5.144711973327517], [-73.85628628799998, 5.144462153831246], [-73.85702148295844, 5.146177254141015]], [[-73.85664510200002, 5.151786156831019], [-73.85850519172202, 5.154677138031339], [-73.85874201799999, 5.154179850830909], [-73.85664510200002, 5.151786156831019]], [[-73.92115278699998, 5.033903607834844], [-73.920796286196, 5.033746046304536], [-73.9212065490789, 5.033990719557912], [-73.92115278699998, 5.033903607834844]], [[-73.92835551000002, 5.037198730834721], [-73.92344344999998, 5.037615212834701], [-73.92861074548097, 5.037412339754731], [-73.92835551000002, 5.037198730834721]], [[-74.037766766, 5.177514518830177], [-74.02542456580758, 5.180119114401863], [-74.02550401000002, 5.180424372830079], [-74.037766766, 5.177514518830177]], [[-74.10377076499998, 5.24580549282794], [-74.09725838157132, 5.246274923126477], [-74.09727121399999, 5.246286694827929], [-74.10377076499998, 5.24580549282794]], [[-74.07721954800002, 5.238415412828183], [-74.07797161164417, 5.2267912165317725], [-74.07677370137628, 5.239346670047755], [-74.07721954800002, 5.238415412828183]], [[-74.06203837429653, 5.2189917896511275], [-74.05565919700001, 5.214081587828995], [-74.06046513899997, 5.21876869382884], [-74.06203837429653, 5.2189917896511275]], [[-74.042667472, 5.210771884829088], [-74.03945019501204, 5.206959651145837], [-74.03933598600003, 5.207087199829203], [-74.042667472, 5.210771884829088]], [[-74.04690733899997, 5.171531872830366], [-74.04553164700002, 5.169671412830436], [-74.04717482199999, 5.177814656830166], [-74.04690733899997, 5.171531872830366]], [[-74.00033179260454, 5.259306302242589], [-74.00118437999998, 5.259399873827515], [-74.00403617132162, 5.2564003083122826], [-74.00033179260454, 5.259306302242589]], [[-74.029873485, 5.24217740782805], [-74.02936044547737, 5.242247126605318], [-74.033610039, 5.244932845827972], [-74.029873485, 5.24217740782805]], [[-73.869103704, 5.467675939820768], [-73.88187620368228, 5.46945742775271], [-73.86910938712126, 5.467598400808456], [-73.869103704, 5.467675939820768]], [[-73.872209924, 5.459629102821033], [-73.866150974, 5.462285619820932], [-73.86532035699997, 5.464965016820859], [-73.872209924, 5.459629102821033]], [[-73.878924811, 5.457199716821099], [-73.88179299400002, 5.458128272821085], [-73.88205893253587, 5.457970001697968], [-73.878924811, 5.457199716821099]], [[-73.88254249081795, 5.457682215980286], [-73.88360598899999, 5.457049283821109], [-73.88674814592636, 5.450295972506594], [-73.88254249081795, 5.457682215980286]], [[-73.88680314794637, 5.450177758880485], [-73.886848612, 5.450080044821333], [-73.88597082299998, 5.446269138821448], [-73.88680314794637, 5.450177758880485]], [[-73.86121200108057, 5.418623577736548], [-73.860769951, 5.410098742822626], [-73.861167669, 5.418604271822348], [-73.86121200108057, 5.418623577736548]], [[-73.864554451, 5.394655928823145], [-73.865027215, 5.391341098823228], [-73.86483442190357, 5.391215833031755], [-73.864554451, 5.394655928823145]], [[-73.85037094699999, 5.352768588824483], [-73.84949948399998, 5.328774177825276], [-73.870557781, 5.322405107825473], [-73.876467521, 5.310807990825849], [-73.886566996, 5.317122940825635], [-73.88918305599998, 5.303429982826098], [-73.86807481454409, 5.281028780440484], [-73.84918379099997, 5.291450634826472], [-73.846249017, 5.276614745826969], [-73.829931052, 5.267010775827286], [-73.819434575, 5.272723552827085], [-73.799802317, 5.260572200827487], [-73.79092339099998, 5.280467169826848], [-73.76545237900001, 5.297607110826275], [-73.76879001200001, 5.323783783825434], [-73.75737994299999, 5.323659996825426], [-73.764413251, 5.324458987825412], [-73.77456974838319, 5.353194993582768], [-73.78059949200002, 5.33905401282495], [-73.80094488499998, 5.370454118823909], [-73.82453553086401, 5.374376210642793], [-73.85037094699999, 5.352768588824483]], [[-73.87796300305915, 5.273900927267613], [-73.87881952805996, 5.273283505336848], [-73.878731759, 5.273311550827074], [-73.87796300305915, 5.273900927267613]], [[-73.89446029599998, 5.261592096827455], [-73.89936905600001, 5.257851340827562], [-73.89927351683745, 5.2575193752627705], [-73.89446029599998, 5.261592096827455]], [[-73.77473609872875, 4.827607622618286], [-73.77473177500002, 4.827432633841542], [-73.772209637, 4.82459924084162], [-73.77473609872875, 4.827607622618286]], [[-73.76253276800003, 4.823516605841677], [-73.76095271457234, 4.823504722561796], [-73.772209637, 4.82459924084162], [-73.76253276800003, 4.823516605841677]], [[-73.72192817041613, 4.842331356720247], [-73.72208107256648, 4.842163533720508], [-73.72440028699998, 4.83290797084137], [-73.72192817041613, 4.842331356720247]], [[-73.71469606533239, 4.850482939832759], [-73.714518472, 4.850678589840765], [-73.71407556399998, 4.856673114840573], [-73.71469606533239, 4.850482939832759]], [[-73.6942462485254, 4.856478492889155], [-73.69398615300003, 4.856892664840569], [-73.695310684, 4.858520665840539], [-73.6942462485254, 4.856478492889155]], [[-73.68235706399997, 4.934214784838069], [-73.68525888225265, 4.933757974929392], [-73.67823129355331, 4.932410806762734], [-73.68235706399997, 4.934214784838069]], [[-73.6759863429755, 4.93198045631345], [-73.67553393399999, 4.931893730838154], [-73.67476059658529, 4.9326468138283355], [-73.6759863429755, 4.93198045631345]], [[-73.66706829561593, 4.940065843762589], [-73.658766533, 4.942816219837792], [-73.66700310700003, 4.940148373837874], [-73.66706829561593, 4.940065843762589]], [[-73.64401459200002, 4.94635277883768], [-73.63581500163063, 4.9560778782273776], [-73.63598406800003, 4.956141817837347], [-73.64401459200002, 4.94635277883768]], [[-73.63322839099999, 4.95509964183739], [-73.62535972400002, 4.956102765837378], [-73.62515557167079, 4.956354034080701], [-73.63322839099999, 4.95509964183739]], [[-73.62029701905499, 4.962030835399114], [-73.61906979498774, 4.9620095847350845], [-73.61994684899997, 4.962471380837161], [-73.62029701905499, 4.962030835399114]], [[-73.75591608299999, 4.6781757428464], [-73.76695266899998, 4.688621151846054], [-73.76718239238512, 4.688601649079781], [-73.75591608299999, 4.6781757428464]], [[-73.74500484242256, 4.679861150728096], [-73.74550795599998, 4.680392488846318], [-73.75591608299999, 4.6781757428464], [-73.74500484242256, 4.679861150728096]], [[-73.74337328950993, 4.677420276253002], [-73.743217678, 4.677973726846404], [-73.74452525523876, 4.67935465882806], [-73.74337328950993, 4.677420276253002]], [[-73.89333626000001, 4.27047658885968], [-73.89350762705583, 4.270477733843465], [-73.89331948851455, 4.270424671235177], [-73.89333626000001, 4.27047658885968]], [[-73.85982636799997, 4.262600352859927], [-73.86841674204392, 4.252378456044813], [-73.86837013600001, 4.252333438860256], [-73.85982636799997, 4.262600352859927]], [[-73.83572533498753, 4.278785136926497], [-73.83537361499998, 4.28172551485932], [-73.83598220599998, 4.278841872859386], [-73.83572533498753, 4.278785136926497]], [[-73.83180410720453, 4.278477937976619], [-73.83470808963983, 4.278560454650253], [-73.83227463600002, 4.278022969859427], [-73.83180410720453, 4.278477937976619]], [[-73.82835031893535, 4.282613227940064], [-73.83047881939952, 4.279759397694228], [-73.82897460700002, 4.281213864859315], [-73.82835031893535, 4.282613227940064]], [[-73.82815036199997, 4.293582108858931], [-73.8272950281803, 4.284978698314449], [-73.82694605, 4.285760944859174], [-73.82815036199997, 4.293582108858931]], [[-73.85605782200003, 4.397314966855547], [-73.85379318278324, 4.402357358215105], [-73.85384430900001, 4.402346884855368], [-73.85605782200003, 4.397314966855547]], [[-73.84677670500002, 4.403794704855333], [-73.844282125809, 4.406623690915343], [-73.84495555199999, 4.406875043855234], [-73.84677670500002, 4.403794704855333]], [[-73.8326313322931, 4.4022750908141175], [-73.82541098399997, 4.399447838855478], [-73.82513544986499, 4.399477290386083], [-73.8326313322931, 4.4022750908141175]], [[-73.56601881300003, 4.526125260851355], [-73.56596162707284, 4.526326874223951], [-73.56649623901623, 4.52588631456415], [-73.56601881300003, 4.526125260851355]], [[-73.56020125717663, 4.541013879623707], [-73.561082436, 4.540111674850886], [-73.56146184674206, 4.539023687761461], [-73.56020125717663, 4.541013879623707]], [[-73.55449788857905, 4.5459638207541095], [-73.555609232, 4.545715475850713], [-73.5577592867415, 4.543514118307647], [-73.55449788857905, 4.5459638207541095]], [[-73.41311127, 4.665505186846827], [-73.41304671641076, 4.665588433535825], [-73.42473789000002, 4.658940545847019], [-73.41311127, 4.665505186846827]], [[-73.40288370765013, 4.678694394637962], [-73.40345240900001, 4.678600724846406], [-73.41150548696734, 4.667575964355755], [-73.40288370765013, 4.678694394637962]], [[-73.2517683433115, 4.624169725261399], [-73.25181305000001, 4.624174584848143], [-73.256611916, 4.621983462848226], [-73.2517683433115, 4.624169725261399]], [[-73.24763794643779, 4.623126922594512], [-73.24769641900002, 4.62372710984818], [-73.25166207649376, 4.624158174130324], [-73.24763794643779, 4.623126922594512]], [[-73.389401078, 4.354689694856929], [-73.38369241074179, 4.361710830604552], [-73.386646494, 4.359098224856815], [-73.389401078, 4.354689694856929]], [[-73.38100993195233, 4.364083228025651], [-73.3670945477832, 4.375108717733144], [-73.372934778, 4.371224933856394], [-73.38100993195233, 4.364083228025651]], [[-73.36650335972561, 4.375501860907453], [-73.36138437, 4.3769646548562], [-73.36604398600002, 4.375807346856231], [-73.36650335972561, 4.375501860907453]], [[-73.19142204701073, 4.530880745291193], [-73.190872511, 4.531181377851168], [-73.19094785574806, 4.5322324598423975], [-73.19142204701073, 4.530880745291193]], [[-73.191187553208, 4.535576311802271], [-73.19135194699999, 4.537869654850978], [-73.19178003638096, 4.5383271350226675], [-73.191187553208, 4.535576311802271]], [[-73.19416487167095, 4.554173545905125], [-73.19401102799998, 4.554646417850426], [-73.195589381, 4.560324518850241], [-73.19416487167095, 4.554173545905125]], [[-73.560720758, 4.704663142845546], [-73.56291561400002, 4.691904033845954], [-73.56041368122536, 4.704695167526462], [-73.560720758, 4.704663142845546]], [[-73.542164974, 4.714061630845228], [-73.55247195599998, 4.705523400845508], [-73.54176084908318, 4.714111924615377], [-73.542164974, 4.714061630845228]], [[-73.52575261668437, 4.7156891169628175], [-73.5351762487594, 4.716799125110964], [-73.53651001345526, 4.714969682780714], [-73.52575261668437, 4.7156891169628175]], [[-73.52535826399998, 4.715683642845156], [-73.52551822824067, 4.7156858633526095], [-73.52270645715986, 4.714231732655334], [-73.52535826399998, 4.715683642845156]], [[-73.51872542900003, 4.716185263845151], [-73.52148762000631, 4.713601400928817], [-73.52146036900001, 4.713587307845255], [-73.51872542900003, 4.716185263845151]], [[-73.4786685919596, 4.726171021464012], [-73.485795816, 4.726089120844819], [-73.47871140799998, 4.726143341844844], [-73.4786685919596, 4.726171021464012]], [[-73.43634007100002, 4.748268042844116], [-73.43644547417178, 4.748193972493584], [-73.43243500699998, 4.747862220844127], [-73.43634007100002, 4.748268042844116]], [[-73.430357845, 4.744939843844214], [-73.43005180443757, 4.744872685055081], [-73.43243500699998, 4.747862220844127], [-73.430357845, 4.744939843844214]], [[-73.42597422105162, 4.745111166800483], [-73.42947897428738, 4.744746980870778], [-73.427907608, 4.744402153844246], [-73.42597422105162, 4.745111166800483]], [[-73.41853298372412, 4.748264076143484], [-73.42142906081926, 4.7467779710041675], [-73.41948151899999, 4.747492174844138], [-73.41853298372412, 4.748264076143484]], [[-73.41423157743688, 4.752741292174501], [-73.41726182749761, 4.749298520689601], [-73.41483968099999, 4.751269620844025], [-73.41423157743688, 4.752741292174501]], [[-73.41074426939895, 4.761379592596761], [-73.41159449907548, 4.759123285071931], [-73.41070831299999, 4.761267943843698], [-73.41074426939895, 4.761379592596761]], [[-73.41348524699998, 4.766699302843518], [-73.41103092982364, 4.762269706175907], [-73.413104099, 4.768707134843456], [-73.41348524699998, 4.766699302843518]], [[-73.799272787, 4.688524738846063], [-73.80215963303374, 4.691594368994019], [-73.80218591099998, 4.691485075845959], [-73.799272787, 4.688524738846063]], [[-73.80130387128904, 4.695153582602866], [-73.8018391903632, 4.692927127698084], [-73.80119965199998, 4.694726592845843], [-73.80130387128904, 4.695153582602866]], [[-73.804865645, 4.702666812845615], [-73.80144657787876, 4.695738256060438], [-73.80221836800001, 4.69890030484572], [-73.804865645, 4.702666812845615]], [[-73.80157596762437, 4.718759805787641], [-73.801735662, 4.71852412384509], [-73.804865645, 4.702666812845615], [-73.80157596762437, 4.718759805787641]], [[-73.79873197500001, 4.722957058844956], [-73.80039062586731, 4.720509170139431], [-73.79865991791493, 4.722973832637072], [-73.79873197500001, 4.722957058844956]], [[-73.74075351534508, 4.739697473908641], [-73.74327821399999, 4.737665165844463], [-73.74097572800002, 4.73869785484443], [-73.74075351534508, 4.739697473908641]], [[-73.74928006300001, 4.802400106842347], [-73.744123682, 4.799744692842425], [-73.74936452665857, 4.802769367837379], [-73.74928006300001, 4.802400106842347]], [[-73.75836187800002, 4.818077833841859], [-73.756430594, 4.813531210841997], [-73.75778339509756, 4.8187854485293835], [-73.75836187800002, 4.818077833841859]], [[-73.7610456264478, 4.822481998783876], [-73.75823097677232, 4.820523841932478], [-73.75851565099998, 4.821629507841739], [-73.7610456264478, 4.822481998783876]], [[-73.62328739903447, 4.795120998846806], [-73.62351425192965, 4.795116385827521], [-73.62624498899999, 4.787494288842843], [-73.62328739903447, 4.795120998846806]], [[-73.63160491789878, 4.781923264038756], [-73.63155203463702, 4.782054178812384], [-73.63160223199998, 4.782002722843028], [-73.63160491789878, 4.781923264038756]], [[-73.616138412, 4.668455516846698], [-73.61659801113335, 4.667588622152911], [-73.60184940200003, 4.662548011846908], [-73.616138412, 4.668455516846698]], [[-73.61792003199997, 4.662876181846891], [-73.61713666603599, 4.666787615611324], [-73.61855771400002, 4.664674446846827], [-73.61792003199997, 4.662876181846891]], [[-73.39634197841163, 4.695051926618016], [-73.39695857800001, 4.694499844845868], [-73.39774337199998, 4.689988492846011], [-73.39634197841163, 4.695051926618016]], [[-73.38648500747273, 4.703846778392671], [-73.386526845, 4.703840054845568], [-73.38733839734454, 4.703113419173079], [-73.38648500747273, 4.703846778392671]], [[-73.38185975300001, 4.71815457684511], [-73.38405765914483, 4.704366769045329], [-73.38401672499998, 4.704373283845537], [-73.38185975300001, 4.71815457684511]], [[-73.39091359310562, 4.735811792322955], [-73.39091716000001, 4.735722211844516], [-73.385240436, 4.730526783844708], [-73.39091359310562, 4.735811792322955]], [[-73.38775249600002, 4.74743303284414], [-73.38590548527894, 4.744015411736177], [-73.385760226, 4.744090846844252], [-73.38775249600002, 4.74743303284414]], [[-73.35138552799998, 4.764939905843574], [-73.368552448, 4.772579231843329], [-73.36873597112304, 4.772450917402998], [-73.35138552799998, 4.764939905843574]], [[-73.32488662201627, 4.775635385159154], [-73.33222836300001, 4.772548829843332], [-73.32485393500002, 4.775560385843228], [-73.32488662201627, 4.775635385159154]], [[-73.3256665306271, 4.777424860584247], [-73.325819195, 4.777215248843175], [-73.3252617195852, 4.77649603456384], [-73.3256665306271, 4.777424860584247]], [[-73.6231815608994, 4.795123151049262], [-73.61847928700001, 4.790016126842763], [-73.623045155, 4.795125924842578], [-73.6231815608994, 4.795123151049262]], [[-73.60049547593874, 4.786348839662808], [-73.598529725, 4.78253036784299], [-73.60041048800002, 4.786361923842885], [-73.60049547593874, 4.786348839662808]], [[-73.58763615114562, 4.776951732364303], [-73.586481489, 4.774068209843278], [-73.58669087499999, 4.776554502843202], [-73.58763615114562, 4.776951732364303]], [[-73.58127302769135, 4.769681558350925], [-73.580275911, 4.767845309843464], [-73.57824971500003, 4.767135274843498], [-73.58127302769135, 4.769681558350925]], [[-73.56508710076632, 4.732841042258219], [-73.564695573, 4.731500810844658], [-73.5643873614797, 4.731409244535499], [-73.56508710076632, 4.732841042258219]], [[-73.521744125, 4.872228968840076], [-73.51924022437738, 4.868508658876267], [-73.52158664773683, 4.8731234958184935], [-73.521744125, 4.872228968840076]], [[-73.52003917399998, 4.865343134840305], [-73.51951066479762, 4.867437144945541], [-73.52018525507496, 4.865324312549711], [-73.52003917399998, 4.865343134840305]], [[-73.57590979499997, 4.796594878842548], [-73.59058789699998, 4.795318300842599], [-73.59062700445729, 4.794989197173364], [-73.57590979499997, 4.796594878842548]], [[-73.75253470920909, 5.223126147591705], [-73.752612333, 5.223140182828693], [-73.7581692, 5.216348138828913], [-73.75253470920909, 5.223126147591705]], [[-73.654047311, 5.232104735828402], [-73.653460101, 5.239566888828173], [-73.65380631894989, 5.23970938354092], [-73.654047311, 5.232104735828402]], [[-73.53677737350984, 5.132304090880922], [-73.53675305694708, 5.132431406281627], [-73.53683918828905, 5.132432121249259], [-73.53677737350984, 5.132304090880922]], [[-73.53056671600001, 5.132020135831644], [-73.52954746049097, 5.132371593348099], [-73.53304570700429, 5.1324006319415645], [-73.53056671600001, 5.132020135831644]], [[-73.70369159216342, 4.943791130083378], [-73.70333400800001, 4.943473140837799], [-73.70314416952644, 4.9435405029182835], [-73.70369159216342, 4.943791130083378]], [[-73.69507289500001, 4.945127602837725], [-73.69581812002015, 4.944960246781792], [-73.69447809900566, 4.944665738443823], [-73.69507289500001, 4.945127602837725]], [[-73.75867658876982, 5.052681952642038], [-73.760387331, 5.051247308834292], [-73.76061666190367, 5.050939296242472], [-73.75867658876982, 5.052681952642038]], [[-73.77723024022592, 5.0310196419464095], [-73.77025276400002, 5.037997120834697], [-73.77711253400003, 5.031976766834908], [-73.77723024022592, 5.0310196419464095]], [[-73.7761265777236, 5.029446070795254], [-73.77737069550717, 5.029877533749512], [-73.77745552699997, 5.029187728834989], [-73.7761265777236, 5.029446070795254]], [[-73.692921921, 4.978969918836626], [-73.68682851800003, 4.983798905836471], [-73.68708731793524, 4.984505155137824], [-73.68753425099999, 4.983479620836492], [-73.692921921, 4.978969918836626]], [[-73.71387694384373, 4.952848668498634], [-73.70646730340808, 4.946259489745094], [-73.706648519, 4.947609990837623], [-73.71387694384373, 4.952848668498634]], [[-73.72662023800001, 4.947129914837658], [-73.71676591099998, 4.948796592837596], [-73.71659945430856, 4.949045600787135], [-73.72662023800001, 4.947129914837658]], [[-73.61618647199998, 4.966656348837023], [-73.61636203365475, 4.965686915072368], [-73.60678337000002, 4.983039567836465], [-73.61618647199998, 4.966656348837023]], [[-73.54639859600002, 5.040181554834641], [-73.55383074500003, 5.026396535835081], [-73.54439016197541, 5.041935599053528], [-73.54639859600002, 5.040181554834641]], [[-73.54059514366988, 5.049515624744769], [-73.5413207760087, 5.04698776399442], [-73.54064072699998, 5.048107114834369], [-73.54059514366988, 5.049515624744769]], [[-73.54028401312047, 5.06112999998159], [-73.54024239827058, 5.060415341583235], [-73.540225642, 5.060933104833964], [-73.54028401312047, 5.06112999998159]], [[-73.541468344, 5.072159226833583], [-73.53871391299998, 5.071854788833591], [-73.54183548259846, 5.072805647060027], [-73.541468344, 5.072159226833583]], [[-73.58291723266758, 5.1502134005715945], [-73.57429181200001, 5.144826001831242], [-73.582439895, 5.150258054831054], [-73.58291723266758, 5.1502134005715945]], [[-73.55573549055774, 5.125471973197373], [-73.55581010581328, 5.123994289763919], [-73.55552004999998, 5.12523324183185], [-73.55573549055774, 5.125471973197373]], [[-73.55636346860264, 5.113035471482983], [-73.556393323, 5.112444233832299], [-73.55627683482197, 5.112331343843451], [-73.55636346860264, 5.113035471482983]], [[-73.5555595508683, 5.111636215986595], [-73.55319521400003, 5.109344910832384], [-73.5521776016185, 5.109477691245364], [-73.5555595508683, 5.111636215986595]], [[-73.5449031447043, 5.110426879178611], [-73.54445220500003, 5.110485718832343], [-73.5435441485684, 5.111717436189111], [-73.5449031447043, 5.110426879178611]], [[-73.54266136058126, 5.112914878603749], [-73.542235065, 5.113493119832243], [-73.54074080800001, 5.120368654832022], [-73.54266136058126, 5.112914878603749]], [[-73.53873133338645, 5.122073648895018], [-73.53870025274486, 5.122236379309522], [-73.54074080800001, 5.120368654832022], [-73.53873133338645, 5.122073648895018]], [[-73.546309496, 5.073277484833563], [-73.54369233635181, 5.073371261444381], [-73.55161600999998, 5.075784883833451], [-73.546309496, 5.073277484833563]], [[-73.77031949207469, 5.140661427354474], [-73.77098645799998, 5.139306627831408], [-73.77087899889668, 5.139253046989413], [-73.77031949207469, 5.140661427354474]], [[-73.744435, 5.065474354833807], [-73.741977668, 5.070587009833648], [-73.74586424356339, 5.064190547332527], [-73.744435, 5.065474354833807]], [[-73.73663193800002, 5.343397481824794], [-73.74204727699998, 5.336032364825027], [-73.73654680925179, 5.343417603175834], [-73.73663193800002, 5.343397481824794]], [[-73.72915022, 5.345165888824733], [-73.73465290212421, 5.343865254186156], [-73.72901084027002, 5.345003808878231], [-73.72915022, 5.345165888824733]], [[-73.718307059556, 5.337123054937534], [-73.71837671303672, 5.337124372275589], [-73.718364882, 5.337101179824993], [-73.718307059556, 5.337123054937534]], [[-73.71478920499999, 5.339348932824929], [-73.71459582669775, 5.338527070935634], [-73.71056040834141, 5.340053731252502], [-73.71478920499999, 5.339348932824929]], [[-73.709930944, 5.340158641824905], [-73.71008439662485, 5.340133066424281], [-73.71076153000001, 5.337022006824976], [-73.709930944, 5.340158641824905]], [[-73.70679567046818, 5.328550799112684], [-73.70771054300002, 5.333342685825105], [-73.70689435600002, 5.328549205825273], [-73.70679567046818, 5.328550799112684]], [[-73.703525963, 5.329559722825235], [-73.70378940267413, 5.328599335595623], [-73.69405559699999, 5.328756488825273], [-73.703525963, 5.329559722825235]], [[-73.72903561099997, 5.259505957827494], [-73.73356998499997, 5.252380512827737], [-73.73337152040061, 5.252339309079788], [-73.72903561099997, 5.259505957827494]], [[-73.804022889, 5.252395438827746], [-73.80389714778626, 5.252648417326822], [-73.80596759597329, 5.25005265793467], [-73.804022889, 5.252395438827746]], [[-73.815227607, 5.238897158828161], [-73.81441355591836, 5.2398778429858455], [-73.81585154519992, 5.238837596895346], [-73.815227607, 5.238897158828161]], [[-73.82088366970441, 5.238135986764161], [-73.82108070200002, 5.238132640828202], [-73.827229735, 5.234046985828354], [-73.82088366970441, 5.238135986764161]], [[-73.82471024, 5.223139875828702], [-73.82467615153345, 5.223327876815958], [-73.82887809699997, 5.22240002082872], [-73.82471024, 5.223139875828702]], [[-73.84713121200002, 5.211745738829044], [-73.84814028099998, 5.202351867829362], [-73.84802233670443, 5.201649900445317], [-73.84713121200002, 5.211745738829044]], [[-73.59641788300002, 5.347136963824686], [-73.59720191000002, 5.356966549824338], [-73.59654697589117, 5.346665251357959], [-73.59641788300002, 5.347136963824686]], [[-73.598582733, 5.339226483824927], [-73.59742145489537, 5.3434698573708586], [-73.59923427695426, 5.338215744066349], [-73.598582733, 5.339226483824927]], [[-73.65663581500002, 5.27024383482714], [-73.662872924, 5.266206682827307], [-73.6629181120605, 5.266017562561038], [-73.65663581500002, 5.27024383482714]], [[-73.79404457854487, 5.419511452747463], [-73.79168293200001, 5.422829067822226], [-73.79194502741402, 5.423432327815653], [-73.79404457854487, 5.419511452747463]], [[-73.77604582882037, 5.461786900019759], [-73.77587540000002, 5.461897706820952], [-73.774819041, 5.467300226820791], [-73.77604582882037, 5.461786900019759]], [[-73.7709642015347, 5.471432100261473], [-73.77113687500002, 5.471435116820649], [-73.774819041, 5.467300226820791], [-73.7709642015347, 5.471432100261473]], [[-73.746763773, 5.44044589782166], [-73.74838962799998, 5.438103763821737], [-73.74840671585122, 5.4380025499549305], [-73.746763773, 5.44044589782166]], [[-73.76419297299998, 5.372575368823856], [-73.77437870400001, 5.362304370824177], [-73.77438728057291, 5.361895422722008], [-73.76419297299998, 5.372575368823856]], [[-73.84930431106986, 5.473919273668468], [-73.84950522999998, 5.474236442820553], [-73.84999459905784, 5.4737641953168685], [-73.84930431106986, 5.473919273668468]], [[-73.854377709, 5.469423209820717], [-73.85416015749036, 5.469744377268298], [-73.85457718479353, 5.469341940498493], [-73.854377709, 5.469423209820717]]]}}]}