{"type": "FeatureCollection", "features": [{"type": "Feature", "properties": {"slug": "concepcion", "members": 1, "country": "Chile", "input_hash": "583443c647da24f5"}, "geometry": {"type": "MultiPolygon", "coordinates": [[[[-73.5080141, -37.0423027], [-73.5217363, -37.07706], [-73.555229, -37.0251735], [-73.5437357, -37.0188047], [-73.5350695, -36.973589], [-73.5228977, -36.9706939], [-73.5269558, -36.9822392], [-73.519553, -37.0074449], [-73.4698355, -37.0309036], [-73.468532, -37.0499711], [-73.456682, -37.0522916], [-73.5080141, -37.0423027]]], [[[-73.5406184, -36.9613889], [-73.5417282, -36.9588598], [-73.5402291, -36.9591755], [-73.5406184, -36.9613889]]], [[[-73.2174806, -36.7882656], [-73.2174859, -36.7882312], [-73.2174269, -36.7882635], [-73.2174806, -36.7882656]]], [[[-73.2177635, -36.7881679], [-73.2176375, -36.7880798], [-73.2176294, -36.7881754], [-73.2177635, -36.7881679]]], [[[-73.1927795, -36.7875771], [-73.1924227, -36.7873881], [-73.1927607, -36.7877575], [-73.1927795, -36.7875771]]], [[[-73.1916261, -36.787474], [-73.1917495, -36.7872807], [-73.1914732, -36.7873494], [-73.1916261, -36.787474]]], [[[-73.1919131, -36.7872871], [-73.1919727, -36.7874371], [-73.1921277, -36.7872807], [-73.1919131, -36.7872871]]], [[[-73.1932971, -36.7872441], [-73.1932837, -36.7873967], [-73.1934023, -36.7873083], [-73.1932971, -36.7872441]]], [[[-73.1928599, -36.7872013], [-73.1928358, -36.7871712], [-73.1927821, -36.7872346], [-73.1928599, -36.7872013]]], [[[-73.1928089, -36.7870015], [-73.1927928, -36.7869521], [-73.1927566, -36.7870681], [-73.1928089, -36.7870015]]], [[[-73.1926078, -36.7869467], [-73.1928653, -36.7868372], [-73.1925501, -36.786879], [-73.1926078, -36.7869467]]], [[[-73.1913927, -36.7868511], [-73.1914638, -36.7866911], [-73.1912895, -36.7866299], [-73.1913927, -36.7868511]]], [[[-73.1910052, -36.7867426], [-73.1910789, -36.7865708], [-73.1909274, -36.7866954], [-73.1910052, -36.7867426]]], [[[-73.2104981, -36.78661], [-73.2104766, -36.7866808], [-73.2105906, -36.7866411], [-73.2104981, -36.78661]]], [[[-73.2182135, -36.7864709], [-73.2179667, -36.7864301], [-73.2181759, -36.786574], [-73.2182135, -36.7864709]]], [[[-73.2211572, -36.7858157], [-73.2190333, -36.7863077], [-73.2181471, -36.7870313], [-73.2211572, -36.7858157]]], [[[-73.2100159, -36.7861336], [-73.2102761, -36.7861594], [-73.210146, -36.7860198], [-73.2100159, -36.7861336]]], [[[-73.2183127, -36.7860391], [-73.218243, -36.7860842], [-73.2183261, -36.7860928], [-73.2183127, -36.7860391]]], [[[-73.1941077, -36.7859614], [-73.1941957, -36.7862689], [-73.1944317, -36.7857727], [-73.1941077, -36.7859614]]], [[[-73.1932274, -36.7858393], [-73.1934211, -36.7858755], [-73.1932596, -36.7855665], [-73.1932274, -36.7858393]]], [[[-73.2205725, -36.7855021], [-73.2194674, -36.7851004], [-73.2192314, -36.7861229], [-73.2205725, -36.7855021]]], [[[-73.2171473, -36.7854827], [-73.217732, -36.7852378], [-73.2171466, -36.785214], [-73.2171473, -36.7854827]]], [[[-73.217669, -36.7847825], [-73.2177682, -36.7848748], [-73.2178219, -36.7847051], [-73.217669, -36.7847825]]], [[[-73.1917951, -36.7836052], [-73.1919351, -36.7837574], [-73.1920665, -36.7836178], [-73.1917951, -36.7836052]]], [[[-73.2180062, -36.7837467], [-73.2181644, -36.7834932], [-73.2177562, -36.7834656], [-73.2180062, -36.7837467]]], [[[-73.1934413, -36.782877], [-73.1934399, -36.7829501], [-73.1937309, -36.7831058], [-73.1934413, -36.782877]]], [[[-73.1922316, -36.7828577], [-73.1921002, -36.7828212], [-73.1921887, -36.7828835], [-73.1922316, -36.7828577]]], [[[-73.2189391, -36.7826578], [-73.2186333, -36.7823893], [-73.2185663, -36.7826063], [-73.2189391, -36.7826578]]], [[[-73.1943599, -36.781775], [-73.1944739, -36.781905], [-73.1945638, -36.7818577], [-73.1943599, -36.781775]]], [[[-73.1958633, -36.7817374], [-73.1959357, -36.7818609], [-73.1959679, -36.7817353], [-73.1958633, -36.7817374]]], [[[-73.1963541, -36.7814721], [-73.1962978, -36.7814152], [-73.1961758, -36.7814366], [-73.1963541, -36.7814721]]], [[[-73.1970985, -36.781283], [-73.1970609, -36.7812412], [-73.1970032, -36.7812637], [-73.1970985, -36.781283]]], [[[-73.1969778, -36.781239], [-73.1969214, -36.7812229], [-73.1969442, -36.7812723], [-73.1969778, -36.781239]]], [[[-73.2191791, -36.7809039], [-73.2191469, -36.7808201], [-73.2190865, -36.7809275], [-73.2191791, -36.7809039]]], [[[-73.2190074, -36.7805741], [-73.2191093, -36.7806493], [-73.21923, -36.7804409], [-73.2190074, -36.7805741]]], [[[-73.2156722, -36.7789694], [-73.2157419, -36.779036], [-73.2157957, -36.7789367], [-73.2156722, -36.7789694]]], [[[-73.2140038, -36.7770552], [-73.2138965, -36.7770595], [-73.214004, -36.7771966], [-73.2140038, -36.7770552]]], [[[-73.2139584, -36.7766702], [-73.2139261, -36.7765482], [-73.213682, -36.7766878], [-73.2139584, -36.7766702]]], [[[-73.2152255, -36.7754444], [-73.2151504, -36.7754229], [-73.2152228, -36.7754809], [-73.2152255, -36.7754444]]], [[[-73.2132567, -36.7740098], [-73.2132272, -36.7740194], [-73.2132635, -36.7740302], [-73.2132567, -36.7740098]]], [[[-73.2130931, -36.7739561], [-73.213065, -36.7739346], [-73.2130663, -36.77397], [-73.2130931, -36.7739561]]], [[[-73.2153475, -36.773796], [-73.2153837, -36.7737917], [-73.2153462, -36.7737616], [-73.2153475, -36.773796]]], [[[-73.214449, -36.7737578], [-73.2144356, -36.7736923], [-73.2144181, -36.7737729], [-73.214449, -36.7737578]]], [[[-73.215829, -36.7736478], [-73.2157794, -36.7736177], [-73.21577, -36.7737563], [-73.215829, -36.7736478]]], [[[-73.216635, -36.7734447], [-73.2165116, -36.7734791], [-73.2166041, -36.7735049], [-73.216635, -36.7734447]]], [[[-73.2178032, -36.77326], [-73.2168616, -36.7735726], [-73.2182538, -36.7735135], [-73.2178032, -36.77326]]], [[[-73.2121363, -36.7732471], [-73.2120907, -36.7732428], [-73.2120907, -36.7733556], [-73.2121363, -36.7732471]]], [[[-73.2121819, -36.7732546], [-73.2122744, -36.773058], [-73.2122033, -36.7730698], [-73.2121819, -36.7732546]]], [[[-73.2115361, -36.7715266], [-73.2114798, -36.7715127], [-73.21152, -36.7715513], [-73.2115361, -36.7715266]]], [[[-73.2125708, -36.7706753], [-73.2125708, -36.7707269], [-73.2126392, -36.770686], [-73.2125708, -36.7706753]]], [[[-73.2129919, -36.7706624], [-73.2128739, -36.7706248], [-73.2128886, -36.7707451], [-73.2129919, -36.7706624]]], [[[-73.2127854, -36.7706001], [-73.2127035, -36.7705937], [-73.2127357, -36.7706484], [-73.2127854, -36.7706001]]], [[[-73.2087225, -36.7693743], [-73.2088459, -36.7694366], [-73.2088244, -36.7692712], [-73.2087225, -36.7693743]]], [[[-73.2068597, -36.7668175], [-73.2069227, -36.7668443], [-73.2070273, -36.7667917], [-73.2068597, -36.7668175]]], [[[-73.2080908, -36.7659967], [-73.2081753, -36.7657109], [-73.2078601, -36.7658506], [-73.2080908, -36.7659967]]], [[[-73.2071547, -36.7657184], [-73.2070796, -36.7658882], [-73.2072929, -36.7658312], [-73.2071547, -36.7657184]]], [[[-73.2065593, -36.7654778], [-73.2063755, -36.7658796], [-73.2067162, -36.7661267], [-73.2065593, -36.7654778]]], [[[-73.206908, -36.7655809], [-73.2069348, -36.7656271], [-73.2069401, -36.7655659], [-73.206908, -36.7655809]]], [[[-73.2069817, -36.7654982], [-73.2070756, -36.7654337], [-73.2069898, -36.7653757], [-73.2069817, -36.7654982]]], [[[-73.2039535, -36.7634451], [-73.2044048, -36.7637615], [-73.2042888, -36.7632066], [-73.2039535, -36.7634451]]], [[[-73.2049969, -36.7632764], [-73.2054207, -36.7633387], [-73.2050908, -36.7629391], [-73.2049969, -36.7632764]]], [[[-73.2006423, -36.7622686], [-73.2002936, -36.7622063], [-73.2004412, -36.7623481], [-73.2006423, -36.7622686]]], [[[-73.200067, -36.762361], [-73.2001528, -36.7622364], [-73.1999892, -36.7621139], [-73.200067, -36.762361]]], [[[-73.200067, -36.7616315], [-73.2003312, -36.7616175], [-73.2000616, -36.761581], [-73.200067, -36.7616315]]], [[[-73.2001917, -36.7614575], [-73.2007845, -36.7612512], [-73.200409, -36.761249], [-73.2001917, -36.7614575]]], [[[-73.201687, -36.7610589], [-73.2013705, -36.7612544], [-73.2016844, -36.7611276], [-73.201687, -36.7610589]]], [[[-73.2026231, -36.7607854], [-73.2027056, -36.7607913], [-73.2026392, -36.7607376], [-73.2026231, -36.7607854]]], [[[-73.2001716, -36.7572167], [-73.1997719, -36.7572382], [-73.1998618, -36.757842], [-73.2001716, -36.7572167]]], [[[-73.1994367, -36.757048], [-73.199092, -36.757467], [-73.1996445, -36.7572962], [-73.1994367, -36.757048]]], [[[-73.1990357, -36.7556737], [-73.1991014, -36.7557146], [-73.1990531, -36.7556125], [-73.1990357, -36.7556737]]], [[[-73.1986065, -36.7552955], [-73.1984469, -36.7552977], [-73.1985542, -36.7554115], [-73.1986065, -36.7552955]]], [[[-73.1942023, -36.7549151], [-73.1941487, -36.7549076], [-73.1939355, -36.7550785], [-73.1942023, -36.7549151]]], [[[-73.1931824, -36.7545681], [-73.1929712, -36.7547002], [-73.1931885, -36.7547206], [-73.1931824, -36.7545681]]], [[[-73.193863, -36.7543881], [-73.193631, -36.7544542], [-73.1938389, -36.7545863], [-73.193863, -36.7543881]]], [[[-73.1911272, -36.754105], [-73.1909984, -36.7539545], [-73.1909502, -36.7541479], [-73.1911272, -36.754105]]], [[[-73.1906873, -36.7538084], [-73.1904486, -36.7537246], [-73.1904969, -36.7538406], [-73.1906873, -36.7538084]]], [[[-73.1930074, -36.751928], [-73.1928626, -36.7519817], [-73.1930074, -36.7520849], [-73.1930074, -36.751928]]], [[[-73.1936163, -36.7520655], [-73.1937745, -36.7520053], [-73.1936002, -36.7519301], [-73.1936163, -36.7520655]]], [[[-73.1933051, -36.7518313], [-73.1932408, -36.7517088], [-73.1931201, -36.7518205], [-73.1933051, -36.7518313]]], [[[-73.1937772, -36.7510017], [-73.1937651, -36.7507879], [-73.1935278, -36.7509351], [-73.1937772, -36.7510017]]], [[[-73.195011, -36.7507481], [-73.1948179, -36.7505203], [-73.193914, -36.7510082], [-73.195011, -36.7507481]]], [[[-73.193462, -36.7501872], [-73.1932595, -36.7502162], [-73.1934138, -36.7502936], [-73.193462, -36.7501872]]], [[[-73.1926614, -36.7501356], [-73.1928787, -36.7500217], [-73.1926373, -36.7500475], [-73.1926614, -36.7501356]]], [[[-73.1921089, -36.7495597], [-73.1922618, -36.7496714], [-73.1921947, -36.7494995], [-73.1921089, -36.7495597]]], [[[-73.1920076, -36.7490578], [-73.1920398, -36.7490342], [-73.1919231, -36.7489998], [-73.1920076, -36.7490578]]], [[[-73.1932005, -36.7489751], [-73.1933293, -36.7490041], [-73.1935586, -36.7488494], [-73.1932005, -36.7489751]]], [[[-73.1922041, -36.7487892], [-73.1922242, -36.7489611], [-73.1926735, -36.7488784], [-73.1922041, -36.7487892]]], [[[-73.1935854, -36.7488827], [-73.1936498, -36.7489074], [-73.1936404, -36.7488107], [-73.1935854, -36.7488827]]], [[[-73.1934768, -36.7487537], [-73.1934124, -36.7487172], [-73.1933574, -36.7487989], [-73.1934768, -36.7487537]]], [[[-73.1935707, -36.7487387], [-73.1936431, -36.7487301], [-73.1935707, -36.7486355], [-73.1935707, -36.7487387]]], [[[-73.1925139, -36.7486344], [-73.1928277, -36.7488676], [-73.1928679, -36.7484797], [-73.1925139, -36.7486344]]], [[[-73.1920412, -36.7483927], [-73.1919795, -36.74834], [-73.1918923, -36.7484303], [-73.1920412, -36.7483927]]], [[[-73.1919828, -36.7481853], [-73.1922349, -36.7481541], [-73.1924281, -36.7478597], [-73.1919828, -36.7481853]]], [[[-73.1906417, -36.7467518], [-73.19069, -36.7468044], [-73.1908046, -36.7467002], [-73.1906417, -36.7467518]]], [[[-73.1925541, -36.7467292], [-73.1926252, -36.7467872], [-73.1926983, -36.7466196], [-73.1925541, -36.7467292]]], [[[-73.1905358, -36.7464895], [-73.1903668, -36.7465465], [-73.1904727, -36.7466121], [-73.1905358, -36.7464895]]], [[[-73.1916194, -36.7465486], [-73.1922886, -36.7463799], [-73.1919681, -36.7463821], [-73.1916194, -36.7465486]]], [[[-73.1935251, -36.7460232], [-73.1934553, -36.7459909], [-73.1932341, -36.7461253], [-73.1935251, -36.7460232]]], [[[-73.190352, -36.7459555], [-73.1902903, -36.7459297], [-73.190297, -36.7460866], [-73.190352, -36.7459555]]], [[[-73.1915879, -36.743256], [-73.191736, -36.7432355], [-73.1915778, -36.7432055], [-73.1915879, -36.743256]]], [[[-73.1729097, -36.8147497], [-73.1728265, -36.8146316], [-73.1727278, -36.8147988], [-73.1729097, -36.8147497]]], [[[-73.1750862, -36.814359], [-73.1748878, -36.8144535], [-73.1751506, -36.8144417], [-73.1750862, -36.814359]]], [[[-73.1746316, -36.8141206], [-73.1742186, -36.8139101], [-73.1741735, -36.8141331], [-73.1746316, -36.8141206]]], [[[-73.1743231, -36.8139553], [-73.1744599, -36.8139467], [-73.174417, -36.8138866], [-73.1743231, -36.8139553]]], [[[-73.1756267, -36.813863], [-73.1756991, -36.8138909], [-73.1757635, -36.8138544], [-73.1756267, -36.813863]]], [[[-73.1751654, -36.8137384], [-73.1752968, -36.8138393], [-73.175337, -36.8136955], [-73.1751654, -36.8137384]]], [[[-73.1754014, -36.8133776], [-73.1753698, -36.8132935], [-73.1752941, -36.813384], [-73.1754014, -36.8133776]]], [[[-73.1756509, -36.8132187], [-73.1759921, -36.8134116], [-73.1760827, -36.8131822], [-73.1756509, -36.8132187]]], [[[-73.1760129, -36.8130502], [-73.1759298, -36.8130255], [-73.1759834, -36.8130867], [-73.1760129, -36.8130502]]], [[[-73.1757474, -36.8130083], [-73.1757259, -36.8129439], [-73.1755811, -36.8129654], [-73.1757474, -36.8130083]]], [[[-73.1748542, -36.8124693], [-73.1747416, -36.8123985], [-73.1746826, -36.8124629], [-73.1748542, -36.8124693]]], [[[-73.1764032, -36.8124307], [-73.1765749, -36.8123641], [-73.1764595, -36.8122696], [-73.1764032, -36.8124307]]], [[[-73.1748435, -36.8085153], [-73.1748464, -36.8084899], [-73.1746408, -36.8085232], [-73.1748435, -36.8085153]]], [[[-73.1774305, -36.8076505], [-73.1774452, -36.8077095], [-73.1776317, -36.8076827], [-73.1774305, -36.8076505]]], [[[-73.1813291, -36.8072339], [-73.1813398, -36.8072972], [-73.1814847, -36.8072564], [-73.1813291, -36.8072339]]], [[[-73.1767157, -36.8071801], [-73.1774238, -36.8073605], [-73.1770269, -36.8070362], [-73.1767157, -36.8071801]]], [[[-73.1807537, -36.8063544], [-73.1806733, -36.8062986], [-73.1807377, -36.8064017], [-73.1807537, -36.8063544]]], [[[-73.1801731, -36.806276], [-73.1803005, -36.8061987], [-73.1801798, -36.8062395], [-73.1801731, -36.806276]]], [[[-73.1807986, -36.8063916], [-73.1820914, -36.8062091], [-73.1811955, -36.8060115], [-73.1807986, -36.8063916]]], [[[-73.1803702, -36.8060495], [-73.1801999, -36.8060785], [-73.180342, -36.8061225], [-73.1803702, -36.8060495]]], [[[-73.179064, -36.8047727], [-73.1790371, -36.804878], [-73.1791672, -36.8048125], [-73.179064, -36.8047727]]], [[[-73.1794073, -36.8046256], [-73.1793429, -36.8045591], [-73.1792557, -36.8047438], [-73.1794073, -36.8046256]]], [[[-73.1809884, -36.8039899], [-73.1810783, -36.8040297], [-73.1810863, -36.8039545], [-73.1809884, -36.8039899]]], [[[-73.1808959, -36.8039717], [-73.1808664, -36.8039577], [-73.1808503, -36.8040243], [-73.1808959, -36.8039717]]], [[[-73.1806679, -36.8038503], [-73.1807511, -36.8038675], [-73.1807363, -36.8037913], [-73.1806679, -36.8038503]]], [[[-73.1799491, -36.8012291], [-73.179988, -36.8012377], [-73.18011, -36.8011271], [-73.1799491, -36.8012291]]], [[[-73.1788856, -36.8007093], [-73.1790519, -36.8009692], [-73.1800476, -36.8009495], [-73.1788856, -36.8007093]]], [[[-73.1858165, -36.7932585], [-73.1861737, -36.7933334], [-73.1859881, -36.7930244], [-73.1858165, -36.7932585]]], [[[-73.1872004, -36.7915779], [-73.1871857, -36.7914694], [-73.1870744, -36.791537], [-73.1872004, -36.7915779]]], [[[-73.1878241, -36.7904888], [-73.1879273, -36.7904781], [-73.187871, -36.7903148], [-73.1878241, -36.7904888]]], [[[-73.1868276, -36.7901354], [-73.1865246, -36.7900967], [-73.1866211, -36.7903395], [-73.1868276, -36.7901354]]], [[[-73.1872386, -36.789626], [-73.1869242, -36.7895383], [-73.1871146, -36.7897574], [-73.1872386, -36.789626]]], [[[-73.1875256, -36.7888549], [-73.1874177, -36.7887542], [-73.1874124, -36.7889476], [-73.1875256, -36.7888549]]], [[[-73.1887427, -36.7871711], [-73.1885764, -36.7869327], [-73.1882439, -36.7871711], [-73.1887427, -36.7871711]]], [[[-73.1750942, -36.764491], [-73.1750124, -36.7644007], [-73.174995, -36.7644791], [-73.1750942, -36.764491]]], [[[-73.1746611, -36.7642224], [-73.1746329, -36.7641805], [-73.1745873, -36.7642213], [-73.1746611, -36.7642224]]], [[[-73.1745591, -36.7641762], [-73.1745149, -36.7640891], [-73.174527, -36.7641665], [-73.1745591, -36.7641762]]], [[[-73.1749977, -36.7538239], [-73.1748864, -36.7539593], [-73.1750701, -36.7540023], [-73.1749977, -36.7538239]]], [[[-73.1792745, -36.7536348], [-73.1792383, -36.7536574], [-73.1793147, -36.7537047], [-73.1792745, -36.7536348]]], [[[-73.1792839, -36.7530664], [-73.1792195, -36.7530772], [-73.1792597, -36.7531395], [-73.1792839, -36.7530664]]], [[[-73.1825334, -36.7523895], [-73.1824381, -36.7524636], [-73.1825535, -36.7524647], [-73.1825334, -36.7523895]]], [[[-73.1824328, -36.7522949], [-73.1823657, -36.7522723], [-73.1823094, -36.7525549], [-73.1824328, -36.7522949]]], [[[-73.1817837, -36.7523551], [-73.181836, -36.7523357], [-73.1817783, -36.7522466], [-73.1817837, -36.7523551]]], [[[-73.1839187, -36.749903], [-73.1840662, -36.7504187], [-73.1842808, -36.7499782], [-73.1839187, -36.749903]]], [[[-73.1856233, -36.7500459], [-73.1855844, -36.7499954], [-73.185583, -36.7500566], [-73.1856233, -36.7500459]]], [[[-73.1855026, -36.7497009], [-73.1856648, -36.7496837], [-73.1855549, -36.7495956], [-73.1855026, -36.7497009]]], [[[-73.185693, -36.749255], [-73.1857332, -36.7493431], [-73.1857386, -36.7492271], [-73.185693, -36.749255]]], [[[-73.1858539, -36.7492346], [-73.1860605, -36.7492915], [-73.1858687, -36.7491561], [-73.1858539, -36.7492346]]], [[[-73.1867578, -36.7491948], [-73.1869349, -36.7491669], [-73.1867739, -36.7490788], [-73.1867578, -36.7491948]]], [[[-73.1861302, -36.7491217], [-73.1861369, -36.7491379], [-73.1861852, -36.7491314], [-73.1861302, -36.7491217]]], [[[-73.1858311, -36.7490207], [-73.185858, -36.7490164], [-73.1858097, -36.7489896], [-73.1858311, -36.7490207]]], [[[-73.1866237, -36.7488907], [-73.1865553, -36.7489466], [-73.1866868, -36.7489552], [-73.1866237, -36.7488907]]], [[[-73.18633, -36.7488724], [-73.1863166, -36.7488047], [-73.1862965, -36.7488735], [-73.18633, -36.7488724]]], [[[-73.1871789, -36.7486898], [-73.1870448, -36.7485909], [-73.1871146, -36.748823], [-73.1871789, -36.7486898]]], [[[-73.1901374, -36.7461972], [-73.1902219, -36.7462628], [-73.190171, -36.7461715], [-73.1901374, -36.7461972]]], [[[-73.1587301, -36.7156812], [-73.1588454, -36.7155468], [-73.1588334, -36.7155264], [-73.1587301, -36.7156812]]], [[[-73.1599163, -36.7145556], [-73.1598533, -36.714576], [-73.1599177, -36.7145803], [-73.1599163, -36.7145556]]], [[[-73.1585196, -36.7144094], [-73.1585745, -36.7143427], [-73.1584565, -36.7143029], [-73.1585196, -36.7144094]]], [[[-73.1587784, -36.7141869], [-73.1587999, -36.7141514], [-73.1587409, -36.714146], [-73.1587784, -36.7141869]]], [[[-73.1586061, -36.7139869], [-73.1585658, -36.7139933], [-73.1586021, -36.7140089], [-73.1586061, -36.7139869]]], [[[-73.1591888, -36.7138761], [-73.1591552, -36.7138256], [-73.1591244, -36.7139202], [-73.1591888, -36.7138761]]], [[[-73.1591754, -36.7137729], [-73.1591043, -36.7137332], [-73.1590949, -36.7138202], [-73.1591754, -36.7137729]]], [[[-73.1587992, -36.7133134], [-73.158818, -36.7133418], [-73.1588227, -36.713315], [-73.1587992, -36.7133134]]], [[[-73.1608336, -36.7131107], [-73.1607411, -36.7131236], [-73.1608283, -36.7131397], [-73.1608336, -36.7131107]]], [[[-73.1611367, -36.7130655], [-73.1612239, -36.7131343], [-73.1613781, -36.713029], [-73.1611367, -36.7130655]]], [[[-73.1647081, -36.7128715], [-73.1647302, -36.7129366], [-73.1647698, -36.7129237], [-73.1647081, -36.7128715]]], [[[-73.1616839, -36.7128387], [-73.1616316, -36.7128484], [-73.1616705, -36.7128731], [-73.1616839, -36.7128387]]], [[[-73.1610516, -36.7125527], [-73.1610898, -36.7125597], [-73.1612011, -36.712478], [-73.1610516, -36.7125527]]], [[[-73.1620607, -36.7122184], [-73.1605426, -36.7128], [-73.1623236, -36.7126022], [-73.1620607, -36.7122184]]], [[[-73.1608672, -36.7124366], [-73.1611327, -36.7123248], [-73.1608685, -36.7124087], [-73.1608672, -36.7124366]]], [[[-73.161822, -36.7119109], [-73.1619025, -36.7119141], [-73.1619199, -36.711727], [-73.161822, -36.7119109]]], [[[-73.1622042, -36.7118367], [-73.1622244, -36.7118152], [-73.1621466, -36.7117851], [-73.1622042, -36.7118367]]], [[[-73.1646249, -36.7117109], [-73.1652271, -36.7116357], [-73.1647054, -36.7113647], [-73.1646249, -36.7117109]]], [[[-73.1620701, -36.7113121], [-73.1621184, -36.7113486], [-73.1620943, -36.7112604], [-73.1620701, -36.7113121]]], [[[-73.1620996, -36.7112164], [-73.1620125, -36.711182], [-73.161869, -36.7112841], [-73.1620996, -36.7112164]]], [[[-73.1618784, -36.7111637], [-73.1617577, -36.7112185], [-73.1618542, -36.711182], [-73.1618784, -36.7111637]]], [[[-73.1617697, -36.7111637], [-73.1616557, -36.7112131], [-73.1617509, -36.711182], [-73.1617697, -36.7111637]]], [[[-73.1623156, -36.711197], [-73.1622418, -36.7111357], [-73.1620795, -36.7111755], [-73.1623156, -36.711197]]], [[[-73.1625637, -36.7111368], [-73.1625999, -36.7111465], [-73.1626549, -36.7110895], [-73.1625637, -36.7111368]]], [[[-73.1620366, -36.7110809], [-73.1619789, -36.7110723], [-73.1619119, -36.7111486], [-73.1620366, -36.7110809]]], [[[-73.1618341, -36.7110734], [-73.1619159, -36.7110906], [-73.1619065, -36.7110519], [-73.1618341, -36.7110734]]], [[[-73.1626119, -36.7110185], [-73.1626656, -36.7110239], [-73.1626173, -36.7109927], [-73.1626119, -36.7110185]]], [[[-73.1618502, -36.7108143], [-73.1623625, -36.7107519], [-73.1618167, -36.7107057], [-73.1618502, -36.7108143]]], [[[-73.1606714, -36.7105208], [-73.1605024, -36.7105143], [-73.1605869, -36.7105756], [-73.1606714, -36.7105208]]], [[[-73.1626079, -36.7105659], [-73.1626817, -36.7105595], [-73.162624, -36.7105143], [-73.1626079, -36.7105659]]], [[[-73.1603146, -36.7104692], [-73.1603951, -36.7104348], [-73.160316, -36.7104423], [-73.1603146, -36.7104692]]], [[[-73.1616021, -36.7104993], [-73.1617536, -36.7104154], [-73.1615779, -36.7103842], [-73.1616021, -36.7104993]]], [[[-73.1603213, -36.7103531], [-73.1602824, -36.7103574], [-73.1602932, -36.7104186], [-73.1603213, -36.7103531]]], [[[-73.1606647, -36.7101466], [-73.160674, -36.7101681], [-73.1607223, -36.7101111], [-73.1606647, -36.7101466]]], [[[-73.1612775, -36.7099338], [-73.1612869, -36.7099714], [-73.1613446, -36.7099166], [-73.1612775, -36.7099338]]], [[[-73.1615873, -36.7085296], [-73.1615391, -36.7084984], [-73.1615551, -36.7085436], [-73.1615873, -36.7085296]]], [[[-73.1606325, -36.7090909], [-73.161464, -36.7084017], [-73.162042, -36.7078835], [-73.1606325, -36.7090909]]], [[[-73.1615605, -36.7084382], [-73.1615082, -36.7084264], [-73.1615632, -36.7084619], [-73.1615605, -36.7084382]]], [[[-73.1591492, -36.7081555], [-73.1586677, -36.7084318], [-73.1589199, -36.7085415], [-73.1591492, -36.7081555]]], [[[-73.1589252, -36.7081512], [-73.1589024, -36.7081404], [-73.158889, -36.7082125], [-73.1589252, -36.7081512]]], [[[-73.1589936, -36.7081501], [-73.159121, -36.7080641], [-73.1590486, -36.7080265], [-73.1589936, -36.7081501]]], [[[-73.1594872, -36.7080136], [-73.1595582, -36.7079566], [-73.1594885, -36.7079856], [-73.1594872, -36.7080136]]], [[[-73.1588025, -36.7071744], [-73.1587911, -36.7071879], [-73.1588388, -36.7072002], [-73.1588025, -36.7071744]]], [[[-73.1585397, -36.7061095], [-73.1585665, -36.7060643], [-73.1585182, -36.706088], [-73.1585397, -36.7061095]]], [[[-73.1586711, -36.7060121], [-73.1586852, -36.7059923], [-73.1586456, -36.7060052], [-73.1586711, -36.7060121]]], [[[-73.153874, -36.7213808], [-73.1539678, -36.721397], [-73.153882, -36.721269], [-73.153874, -36.7213808]]], [[[-73.1552701, -36.721268], [-73.1553076, -36.7212949], [-73.1552942, -36.7212314], [-73.1552701, -36.721268]]], [[[-73.1553666, -36.721139], [-73.1553546, -36.7211239], [-73.1553023, -36.7211444], [-73.1553666, -36.721139]]], [[[-73.1552593, -36.7209251], [-73.155152, -36.7208326], [-73.1551775, -36.7210154], [-73.1552593, -36.7209251]]], [[[-73.1545767, -36.7209519], [-73.1547712, -36.7208939], [-73.1544989, -36.7208197], [-73.1545767, -36.7209519]]], [[[-73.1569183, -36.7208466], [-73.1569357, -36.720896], [-73.156992, -36.7208584], [-73.1569183, -36.7208466]]], [[[-73.1561123, -36.7208778], [-73.1561713, -36.7208756], [-73.1561217, -36.7208541], [-73.1561123, -36.7208778]]], [[[-73.1568982, -36.7207907], [-73.156988, -36.7207638], [-73.1569008, -36.7207713], [-73.1568982, -36.7207907]]], [[[-73.1555906, -36.7206348], [-73.1556523, -36.7206488], [-73.155612, -36.7206122], [-73.1555906, -36.7206348]]], [[[-73.1571624, -36.7205875], [-73.1571208, -36.7205993], [-73.1571677, -36.7206079], [-73.1571624, -36.7205875]]], [[[-73.1546156, -36.7205176], [-73.1544667, -36.7205499], [-73.1546035, -36.7206757], [-73.1546156, -36.7205176]]], [[[-73.1546304, -36.7204682], [-73.1546987, -36.7204832], [-73.1548369, -36.7205058], [-73.1546304, -36.7204682]]], [[[-73.155659, -36.7204166], [-73.1555571, -36.7203994], [-73.1554685, -36.7205424], [-73.155659, -36.7204166]]], [[[-73.1558923, -36.7205467], [-73.1560519, -36.7205101], [-73.1559111, -36.7203951], [-73.1558923, -36.7205467]]], [[[-73.1554082, -36.720451], [-73.1553894, -36.7204241], [-73.1553814, -36.7204714], [-73.1554082, -36.720451]]], [[[-73.1550461, -36.7201629], [-73.1551802, -36.7202252], [-73.1550743, -36.7201005], [-73.1550461, -36.7201629]]], [[[-73.1553277, -36.7202145], [-73.15549, -36.7201833], [-73.1553398, -36.7201081], [-73.1553277, -36.7202145]]], [[[-73.1565361, -36.7197275], [-73.1563134, -36.7195459], [-73.1562598, -36.7198415], [-73.1565361, -36.7197275]]], [[[-73.1571087, -36.7195932], [-73.1571436, -36.719634], [-73.1572643, -36.7195061], [-73.1571087, -36.7195932]]], [[[-73.1564543, -36.719505], [-73.156473, -36.7195824], [-73.1567466, -36.7195437], [-73.1564543, -36.719505]]], [[[-73.1565441, -36.7194405], [-73.1566206, -36.7194685], [-73.1566299, -36.7194061], [-73.1565441, -36.7194405]]], [[[-73.1573823, -36.7193921], [-73.1574212, -36.7194695], [-73.1574735, -36.7194265], [-73.1573823, -36.7193921]]], [[[-73.1567386, -36.719419], [-73.1567882, -36.719419], [-73.156705, -36.7193674], [-73.1567386, -36.719419]]], [[[-73.1565615, -36.719319], [-73.1564931, -36.7193782], [-73.1565723, -36.7193405], [-73.1565615, -36.719319]]], [[[-73.1560385, -36.7194781], [-73.1562772, -36.7192502], [-73.1559285, -36.7190546], [-73.1560385, -36.7194781]]], [[[-73.156921, -36.7192975], [-73.1569491, -36.7192954], [-73.1569089, -36.7192051], [-73.156921, -36.7192975]]], [[[-73.1572495, -36.7189933], [-73.1573273, -36.7190213], [-73.1574078, -36.7189353], [-73.1572495, -36.7189933]]], [[[-73.1571771, -36.7189439], [-73.1571932, -36.7189396], [-73.1571624, -36.7188579], [-73.1571771, -36.7189439]]], [[[-73.1554028, -36.7189901], [-73.1554592, -36.7190073], [-73.1555477, -36.7187708], [-73.1554028, -36.7189901]]], [[[-73.1543836, -36.718874], [-73.1543997, -36.7188396], [-73.1543139, -36.7188933], [-73.1543836, -36.718874]]], [[[-73.1538525, -36.7185182], [-73.1539115, -36.7185235], [-73.1539048, -36.7184139], [-73.1538525, -36.7185182]]], [[[-73.1557113, -36.7174077], [-73.1558306, -36.7174442], [-73.1556952, -36.7173786], [-73.1557113, -36.7174077]]], [[[-73.1563094, -36.717341], [-73.1563711, -36.7173356], [-73.1564248, -36.7171196], [-73.1563094, -36.717341]]], [[[-73.1566299, -36.7172604], [-73.1566809, -36.717283], [-73.1565884, -36.7170572], [-73.1566299, -36.7172604]]], [[[-73.1558776, -36.7172744], [-73.1560506, -36.7168852], [-73.1557274, -36.7172475], [-73.1558776, -36.7172744]]], [[[-73.1570376, -36.7169798], [-73.1570899, -36.7171088], [-73.1571315, -36.7169207], [-73.1570376, -36.7169798]]], [[[-73.1575345, -36.7169056], [-73.1574688, -36.716954], [-73.1575332, -36.7169712], [-73.1575345, -36.7169056]]], [[[-73.1568418, -36.7168003], [-73.156292, -36.7170432], [-73.1567453, -36.7168992], [-73.1568418, -36.7168003]]], [[[-73.1569397, -36.7167358], [-73.1569639, -36.7167465], [-73.1569639, -36.71671], [-73.1569397, -36.7167358]]], [[[-73.1568418, -36.7163886], [-73.1568338, -36.7163692], [-73.1567802, -36.7164348], [-73.1568418, -36.7163886]]], [[[-73.157161, -36.7163595], [-73.1571141, -36.7163961], [-73.1571771, -36.7164068], [-73.157161, -36.7163595]]], [[[-73.157035, -36.7163015], [-73.1570658, -36.716309], [-73.1570899, -36.7162488], [-73.157035, -36.7163015]]], [[[-73.1571422, -36.7163025], [-73.157208, -36.7163251], [-73.15733, -36.7161746], [-73.1571422, -36.7163025]]], [[[-73.157558, -36.7163337], [-73.1575204, -36.716108], [-73.1573675, -36.7163853], [-73.157558, -36.7163337]]], [[[-73.1583975, -36.7158005], [-73.1582299, -36.7159488], [-73.1584109, -36.715822], [-73.1583975, -36.7158005]]], [[[-73.1575714, -36.7156779], [-73.1578369, -36.7153468], [-73.1575553, -36.7154887], [-73.1575714, -36.7156779]]], [[[-73.1579871, -36.7153619], [-73.1579831, -36.715306], [-73.1579161, -36.7153726], [-73.1579871, -36.7153619]]], [[[-73.1572435, -36.7153167], [-73.1572757, -36.7153339], [-73.1572589, -36.7152872], [-73.1572435, -36.7153167]]], [[[-73.1583881, -36.7154726], [-73.1583184, -36.7151372], [-73.1581789, -36.7152533], [-73.1583881, -36.7154726]]], [[[-73.1575808, -36.7151877], [-73.1574011, -36.7151888], [-73.1573997, -36.7153973], [-73.1575808, -36.7151877]]], [[[-73.157725, -36.7151861], [-73.1576807, -36.7152071], [-73.1577216, -36.7152329], [-73.157725, -36.7151861]]], [[[-73.1579187, -36.7150125], [-73.1580046, -36.7149813], [-73.1580113, -36.714647], [-73.1579187, -36.7150125]]], [[[-73.1583694, -36.7146857], [-73.158364, -36.7147953], [-73.1584605, -36.7147115], [-73.1583694, -36.7146857]]], [[[-73.1579603, -36.7145771], [-73.1580207, -36.7145868], [-73.1580153, -36.7145373], [-73.1579603, -36.7145771]]], [[[-73.1579281, -36.714519], [-73.1579858, -36.7145276], [-73.1580005, -36.7144244], [-73.1579281, -36.714519]]], [[[-73.1581373, -36.7141234], [-73.1582044, -36.714103], [-73.1581615, -36.714074], [-73.1581373, -36.7141234]]], [[[-73.1575332, -36.713566], [-73.1575037, -36.7135778], [-73.1575694, -36.7136251], [-73.1575332, -36.713566]]], [[[-73.1576559, -36.7134714], [-73.1576579, -36.7134515], [-73.1575935, -36.7134859], [-73.1576559, -36.7134714]]], [[[-73.1580984, -36.7131978], [-73.1580113, -36.7132268], [-73.1580569, -36.7133064], [-73.1580984, -36.7131978]]], [[[-73.1579469, -36.7127699], [-73.1580596, -36.7127484], [-73.157955, -36.7127473], [-73.1579469, -36.7127699]]], [[[-73.1571986, -36.7113121], [-73.1571691, -36.711325], [-73.157216, -36.7113271], [-73.1571986, -36.7113121]]], [[[-73.1583754, -36.7085264], [-73.1584612, -36.7084855], [-73.1583861, -36.7085027], [-73.1583754, -36.7085264]]], [[[-73.1583177, -36.7084436], [-73.1582896, -36.7084436], [-73.158311, -36.7084683], [-73.1583177, -36.7084436]]], [[[-73.1581896, -36.7073491], [-73.1580596, -36.7074254], [-73.1581682, -36.707448], [-73.1581896, -36.7073491]]], [[[-73.1582319, -36.7071201], [-73.1582346, -36.7071534], [-73.1582976, -36.7070975], [-73.1582319, -36.7071201]]], [[[-73.1584398, -36.7068599], [-73.1583271, -36.7070857], [-73.1585001, -36.7068965], [-73.1584398, -36.7068599]]], [[[-73.1556188, -36.7067271], [-73.1556369, -36.7067094], [-73.1555866, -36.7067045], [-73.1556188, -36.7067271]]], [[[-73.1581179, -36.7067019], [-73.1581997, -36.7066943], [-73.1582037, -36.7066158], [-73.1581179, -36.7067019]]], [[[-73.1574916, -36.7066739], [-73.1576056, -36.7066137], [-73.1575023, -36.7066556], [-73.1574916, -36.7066739]]], [[[-73.1569927, -36.7066341], [-73.157041, -36.7066083], [-73.156978, -36.7066115], [-73.1569927, -36.7066341]]], [[[-73.1579409, -36.7067158], [-73.1583204, -36.7064954], [-73.1579382, -36.706418], [-73.1579409, -36.7067158]]], [[[-73.1565984, -36.7066535], [-73.156876, -36.7064116], [-73.156636, -36.7064116], [-73.1565984, -36.7066535]]], [[[-73.1550528, -36.7063352], [-73.1550743, -36.7063675], [-73.1551762, -36.7062352], [-73.1550528, -36.7063352]]], [[[-73.1567017, -36.7062019], [-73.1566333, -36.7062492], [-73.1566454, -36.7063707], [-73.1567017, -36.7062019]]], [[[-73.1578591, -36.706217], [-73.1578282, -36.706304], [-73.1578845, -36.706218], [-73.1578591, -36.706217]]], [[[-73.1582399, -36.7062879], [-73.158303, -36.7062567], [-73.1582708, -36.7060922], [-73.1582399, -36.7062879]]], [[[-73.1585028, -36.7061481], [-73.1584331, -36.7061933], [-73.1585095, -36.7061707], [-73.1585028, -36.7061481]]], [[[-73.155207, -36.7053434], [-73.1551467, -36.7053509], [-73.1552178, -36.7053638], [-73.155207, -36.7053434]]], [[[-73.1558461, -36.7051149], [-73.1558568, -36.7051364], [-73.1558736, -36.705095], [-73.1558461, -36.7051149]]], [[[-73.1551467, -36.7053009], [-73.1553894, -36.7051547], [-73.1552553, -36.7048708], [-73.1551467, -36.7053009]]], [[[-73.1548369, -36.7048418], [-73.1550448, -36.7046655], [-73.1548811, -36.7044999], [-73.1548369, -36.7048418]]], [[[-73.1545418, -36.7043085], [-73.1544721, -36.7043031], [-73.154519, -36.7043633], [-73.1545418, -36.7043085]]], [[[-73.1543273, -36.7043139], [-73.1543715, -36.7043536], [-73.1543876, -36.7042666], [-73.1543273, -36.7043139]]], [[[-73.1546773, -36.7042838], [-73.1546545, -36.7042816], [-73.1546451, -36.7043096], [-73.1546773, -36.7042838]]], [[[-73.1554954, -36.7032397], [-73.1555074, -36.7033053], [-73.1556348, -36.703244], [-73.1554954, -36.7032397]]], [[[-73.1542629, -36.7024451], [-73.1542401, -36.7024322], [-73.1542388, -36.702486], [-73.1542629, -36.7024451]]], [[[-73.1539062, -36.7024747], [-73.153929, -36.7024747], [-73.1539048, -36.7024328], [-73.1539062, -36.7024747]]], [[[-73.1541408, -36.702315], [-73.1540899, -36.7023419], [-73.1541328, -36.702429], [-73.1541408, -36.702315]]], [[[-73.1540443, -36.7023344], [-73.1540738, -36.7023032], [-73.1540041, -36.7022817], [-73.1540443, -36.7023344]]], [[[-73.1541556, -36.7020683], [-73.1541724, -36.7020876], [-73.1541885, -36.7020511], [-73.1541556, -36.7020683]]], [[[-73.1543206, -36.7020038], [-73.1542904, -36.7020134], [-73.1543212, -36.7020511], [-73.1543206, -36.7020038]]], [[[-73.1539792, -36.7019602], [-73.153998, -36.7019505], [-73.1539544, -36.701936], [-73.1539792, -36.7019602]]], [[[-73.1546639, -36.7017054], [-73.1545888, -36.7017194], [-73.1546746, -36.7017742], [-73.1546639, -36.7017054]]], [[[-73.153756, -36.7017204], [-73.1538069, -36.7017849], [-73.1538123, -36.7016849], [-73.153756, -36.7017204]]], [[[-73.1538767, -36.7015538], [-73.1538243, -36.7015495], [-73.1538713, -36.701571], [-73.1538767, -36.7015538]]], [[[-73.1545231, -36.701443], [-73.1543943, -36.7014796], [-73.1545338, -36.7015011], [-73.1545231, -36.701443]]], [[[-73.1538512, -36.701386], [-73.1538914, -36.7014075], [-73.1539115, -36.7013688], [-73.1538512, -36.701386]]], [[[-73.1542334, -36.7010473], [-73.1543192, -36.7012108], [-73.1544614, -36.7010172], [-73.1542334, -36.7010473]]], [[[-73.1544775, -36.7009807], [-73.1545606, -36.7009549], [-73.1544641, -36.7009355], [-73.1544775, -36.7009807]]], [[[-73.1544185, -36.7003], [-73.1542709, -36.700242], [-73.1542066, -36.700543], [-73.1544185, -36.7003]]], [[[-73.1484318, -36.7225031], [-73.148468, -36.7225096], [-73.1484868, -36.7224719], [-73.1484318, -36.7225031]]], [[[-73.1464744, -36.7224386], [-73.1462438, -36.7222677], [-73.1463148, -36.7225783], [-73.1464744, -36.7224386]]], [[[-73.1467547, -36.7221935], [-73.1466944, -36.7221784], [-73.1467467, -36.7222128], [-73.1467547, -36.7221935]]], [[[-73.1497876, -36.7218839], [-73.149793, -36.7218485], [-73.1494792, -36.721885], [-73.1497876, -36.7218839]]], [[[-73.1491345, -36.721742], [-73.14905, -36.7217453], [-73.149109, -36.721842], [-73.1491345, -36.721742]]], [[[-73.147558, -36.721742], [-73.1474896, -36.7217495], [-73.1475661, -36.7217742], [-73.147558, -36.721742]]], [[[-73.1484606, -36.7216001], [-73.1485196, -36.7216152], [-73.1485008, -36.721555], [-73.1484606, -36.7216001]]], [[[-73.153709, -36.7215636], [-73.1537747, -36.7215711], [-73.1537077, -36.7215367], [-73.153709, -36.7215636]]], [[[-73.1486886, -36.7215947], [-73.1488294, -36.7216033], [-73.1487758, -36.7213926], [-73.1486886, -36.7215947]]], [[[-73.153021, -36.7214131], [-73.1531136, -36.7214335], [-73.1530559, -36.7213722], [-73.153021, -36.7214131]]], [[[-73.1496468, -36.7214056], [-73.1497085, -36.7213658], [-73.149679, -36.7213529], [-73.1496468, -36.7214056]]], [[[-73.1521641, -36.7211433], [-73.1520286, -36.7212088], [-73.1523706, -36.7214056], [-73.1521641, -36.7211433]]], [[[-73.150139, -36.7210444], [-73.149966, -36.721025], [-73.1500585, -36.7211744], [-73.150139, -36.7210444]]], [[[-73.1502986, -36.7209681], [-73.150249, -36.7209584], [-73.1502959, -36.7209788], [-73.1502986, -36.7209681]]], [[[-73.1530948, -36.7037074], [-73.1529701, -36.7037236], [-73.1530693, -36.7037967], [-73.1530948, -36.7037074]]], [[[-73.15354, -36.7035962], [-73.1535696, -36.7036016], [-73.1535468, -36.7035618], [-73.15354, -36.7035962]]], [[[-73.1535159, -36.7035413], [-73.153469, -36.7035607], [-73.1535105, -36.7036016], [-73.1535159, -36.7035413]]], [[[-73.15308, -36.7034817], [-73.153009, -36.7035806], [-73.1531149, -36.7035032], [-73.15308, -36.7034817]]], [[[-73.1534421, -36.7031903], [-73.1533965, -36.7033451], [-73.1535105, -36.7032053], [-73.1534421, -36.7031903]]], [[[-73.1535494, -36.7032225], [-73.1535253, -36.7032494], [-73.1535655, -36.7032763], [-73.1535494, -36.7032225]]], [[[-73.1532034, -36.7030962], [-73.1532745, -36.7030392], [-73.1531967, -36.7030661], [-73.1532034, -36.7030962]]], [[[-73.1535347, -36.7030182], [-73.153473, -36.7029784], [-73.153477, -36.703015], [-73.1535347, -36.7030182]]], [[[-73.1531632, -36.7029618], [-73.153241, -36.7029779], [-73.1531699, -36.7029414], [-73.1531632, -36.7029618]]], [[[-73.1534623, -36.7026752], [-73.1534113, -36.7028419], [-73.1535749, -36.7027344], [-73.1534623, -36.7026752]]], [[[-73.153249, -36.7028569], [-73.1533067, -36.7025688], [-73.153131, -36.7027591], [-73.153249, -36.7028569]]], [[[-73.1530304, -36.7027344], [-73.1530854, -36.7027172], [-73.1530157, -36.7026182], [-73.1530304, -36.7027344]]], [[[-73.1534395, -36.7024978], [-73.15354, -36.7025118], [-73.1534462, -36.7024752], [-73.1534395, -36.7024978]]], [[[-73.1536406, -36.7024871], [-73.1536956, -36.7024623], [-73.1536272, -36.702358], [-73.1536406, -36.7024871]]], [[[-73.1535186, -36.7023935], [-73.1534877, -36.7024097], [-73.1535441, -36.7024032], [-73.1535186, -36.7023935]]], [[[-73.1532946, -36.7022978], [-73.1532383, -36.7023269], [-73.1533161, -36.7023623], [-73.1532946, -36.7022978]]], [[[-73.1533013, -36.7022408], [-73.1533281, -36.7021892], [-73.1532732, -36.7022398], [-73.1533013, -36.7022408]]], [[[-73.1534891, -36.7022005], [-73.1535468, -36.7021995], [-73.1534918, -36.702179], [-73.1534891, -36.7022005]]], [[[-73.1530344, -36.7018946], [-73.1529339, -36.701914], [-73.1530894, -36.7022333], [-73.1530344, -36.7018946]]], [[[-73.1527676, -36.7021097], [-73.1527582, -36.7018548], [-73.1526844, -36.702072], [-73.1527676, -36.7021097]]], [[[-73.1535146, -36.7019785], [-73.153587, -36.7020172], [-73.1535521, -36.7018032], [-73.1535146, -36.7019785]]], [[[-73.1523599, -36.701621], [-73.1522097, -36.7015511], [-73.1521118, -36.7019564], [-73.1523599, -36.701621]]], [[[-73.1523934, -36.7014446], [-73.1524631, -36.701436], [-73.1524336, -36.7013081], [-73.1523934, -36.7014446]]], [[[-73.1515941, -36.7013312], [-73.151629, -36.7013204], [-73.1516088, -36.7012634], [-73.1515941, -36.7013312]]], [[[-73.1516209, -36.7011011], [-73.1515311, -36.7011462], [-73.1514868, -36.7014355], [-73.1516209, -36.7011011]]], [[[-73.1536567, -36.701228], [-73.1537332, -36.7012022], [-73.1536312, -36.7011516], [-73.1536567, -36.701228]]], [[[-73.1528547, -36.7008592], [-73.1526039, -36.7014548], [-73.1530264, -36.700985], [-73.1528547, -36.7008592]]], [[[-73.1517054, -36.7010688], [-73.1516558, -36.7010635], [-73.1516491, -36.7010968], [-73.1517054, -36.7010688]]], [[[-73.1489473, -36.7011086], [-73.1489902, -36.7010764], [-73.1489312, -36.7010334], [-73.1489473, -36.7011086]]], [[[-73.1520528, -36.701029], [-73.1520823, -36.701071], [-73.1521319, -36.7010398], [-73.1520528, -36.701029]]], [[[-73.1511636, -36.7013054], [-73.1516571, -36.7005559], [-73.1512414, -36.7009409], [-73.1511636, -36.7013054]]], [[[-73.1490868, -36.7008173], [-73.1490278, -36.7008226], [-73.149068, -36.7009366], [-73.1490868, -36.7008173]]], [[[-73.1514278, -36.7006258], [-73.1514104, -36.7006032], [-73.151346, -36.7006957], [-73.1514278, -36.7006258]]], [[[-73.1514238, -36.7005957], [-73.1514801, -36.7005968], [-73.1514425, -36.7004968], [-73.1514238, -36.7005957]]], [[[-73.1491351, -36.7004635], [-73.1490908, -36.7004968], [-73.1491418, -36.7004936], [-73.1491351, -36.7004635]]], [[[-73.1487247, -36.7001796], [-73.1486576, -36.700199], [-73.1486925, -36.7003065], [-73.1487247, -36.7001796]]], [[[-73.1525329, -36.6998882], [-73.151987, -36.700871], [-73.1532061, -36.6995559], [-73.1525329, -36.6998882]]], [[[-73.1490385, -36.7000259], [-73.149009, -36.7000216], [-73.1489902, -36.7001216], [-73.1490385, -36.7000259]]], [[[-73.149005, -36.6996474], [-73.1489379, -36.6996323], [-73.1490036, -36.6997108], [-73.149005, -36.6996474]]], [[[-73.1492102, -36.6994549], [-73.1491981, -36.6993925], [-73.149182, -36.6994646], [-73.1492102, -36.6994549]]], [[[-73.149017, -36.6992527], [-73.1489929, -36.6992452], [-73.1490184, -36.699314], [-73.149017, -36.6992527]]], [[[-73.1491458, -36.6992334], [-73.1491056, -36.699142], [-73.1490814, -36.6992398], [-73.1491458, -36.6992334]]], [[[-73.1494705, -36.6986495], [-73.1494865, -36.6986194], [-73.1494289, -36.6986226], [-73.1494705, -36.6986495]]], [[[-73.1489178, -36.6982689], [-73.1488749, -36.6985248], [-73.1489419, -36.6983216], [-73.1489178, -36.6982689]]], [[[-73.1495334, -36.6983925], [-73.1494972, -36.6983409], [-73.1494824, -36.698413], [-73.1495334, -36.6983925]]], [[[-73.1495589, -36.6982517], [-73.149473, -36.6981979], [-73.1495454, -36.6982904], [-73.1495589, -36.6982517]]], [[[-73.147393, -36.6981581], [-73.1473447, -36.6982861], [-73.1474091, -36.6982431], [-73.147393, -36.6981581]]], [[[-73.1467963, -36.6982328], [-73.1468003, -36.6981414], [-73.1467494, -36.6982274], [-73.1467963, -36.6982328]]], [[[-73.1490425, -36.6981753], [-73.1491793, -36.6982312], [-73.1491123, -36.6981388], [-73.1490425, -36.6981753]]], [[[-73.1487931, -36.698114], [-73.1487354, -36.6981517], [-73.1488092, -36.6981441], [-73.1487931, -36.698114]]], [[[-73.1500337, -36.6981274], [-73.1500458, -36.6981059], [-73.1500069, -36.6980941], [-73.1500337, -36.6981274]]], [[[-73.1492478, -36.6980586], [-73.1492385, -36.6980984], [-73.1493109, -36.6980737], [-73.1492478, -36.6980586]]], [[[-73.1481735, -36.6979194], [-73.1479495, -36.6978613], [-73.1480018, -36.6982065], [-73.1481735, -36.6979194]]], [[[-73.1473326, -36.6979538], [-73.1473809, -36.6979398], [-73.147342, -36.6978914], [-73.1473326, -36.6979538]]], [[[-73.146512, -36.6979371], [-73.1465133, -36.6979102], [-73.1464584, -36.6979005], [-73.146512, -36.6979371]]], [[[-73.1501087, -36.6979398], [-73.150098, -36.6978925], [-73.1500564, -36.6979183], [-73.1501087, -36.6979398]]], [[[-73.1465972, -36.6978355], [-73.1466327, -36.697821], [-73.1466059, -36.6978048], [-73.1465972, -36.6978355]]], [[[-73.1462572, -36.6977403], [-73.1462411, -36.6977887], [-73.1462813, -36.6977489], [-73.1462572, -36.6977403]]], [[[-73.14665, -36.6977602], [-73.1466728, -36.6976033], [-73.146654, -36.697599], [-73.14665, -36.6977602]]], [[[-73.1482325, -36.6975559], [-73.1481976, -36.6975731], [-73.1482084, -36.6977968], [-73.1482325, -36.6975559]]], [[[-73.1475096, -36.6975796], [-73.1475338, -36.6977699], [-73.1476236, -36.6975914], [-73.1475096, -36.6975796]]], [[[-73.1483654, -36.6973919], [-73.1481937, -36.6974726], [-73.1483103, -36.6975925], [-73.1482888, -36.6977441], [-73.1483654, -36.6973919]]], [[[-73.148875, -36.697507], [-73.1488348, -36.697479], [-73.1488402, -36.69755], [-73.148875, -36.697507]]], [[[-73.1472884, -36.6975269], [-73.1473206, -36.6975108], [-73.147287, -36.6973226], [-73.1472884, -36.6975269]]], [[[-73.1475446, -36.6974231], [-73.1475581, -36.6974414], [-73.1475889, -36.6974005], [-73.1475446, -36.6974231]]], [[[-73.1476653, -36.6974037], [-73.1476466, -36.6973973], [-73.1476238, -36.6974317], [-73.1476653, -36.6974037]]], [[[-73.1471972, -36.6973613], [-73.14722, -36.6973753], [-73.1472414, -36.6972893], [-73.1471972, -36.6973613]]], [[[-73.1474922, -36.6973387], [-73.1475311, -36.6972925], [-73.1474734, -36.6972721], [-73.1474922, -36.6973387]]], [[[-73.1486698, -36.6972145], [-73.1486993, -36.6972726], [-73.1487396, -36.697207], [-73.1486698, -36.6972145]]], [[[-73.1477403, -36.6970473], [-73.1477443, -36.6970774], [-73.1479147, -36.6970473], [-73.1477403, -36.6970473]]], [[[-73.1475311, -36.6970194], [-73.147574, -36.6970366], [-73.1475874, -36.6970075], [-73.1475311, -36.6970194]]], [[[-73.1465427, -36.6970344], [-73.1465803, -36.6969774], [-73.1465078, -36.6969893], [-73.1465427, -36.6970344]]], [[[-73.1476022, -36.6967903], [-73.1477269, -36.696871], [-73.1476263, -36.6967806], [-73.1476022, -36.6967903]]], [[[-73.1461323, -36.6966978], [-73.1461109, -36.696586], [-73.1460867, -36.6966774], [-73.1461323, -36.6966978]]], [[[-73.1461739, -36.6964505], [-73.1462074, -36.6964742], [-73.1461954, -36.6964344], [-73.1461739, -36.6964505]]], [[[-73.1462007, -36.6963075], [-73.1461431, -36.6963667], [-73.1462329, -36.6963935], [-73.1462007, -36.6963075]]], [[[-73.1467627, -36.6960032], [-73.1467144, -36.6959645], [-73.1466956, -36.696115], [-73.1467627, -36.6960032]]], [[[-73.1464234, -36.695615], [-73.1461538, -36.6957172], [-73.146426, -36.6959484], [-73.1464234, -36.695615]]], [[[-73.1461243, -36.6955806], [-73.14619, -36.695587], [-73.1461605, -36.6954956], [-73.1461243, -36.6955806]]], [[[-73.1466086, -36.6955295], [-73.1466193, -36.6955069], [-73.146567, -36.6954693], [-73.1466086, -36.6955295]]], [[[-73.146174, -36.695352], [-73.1462009, -36.6953682], [-73.1461982, -36.6953241], [-73.146174, -36.695352]]], [[[-73.1466548, -36.6907538], [-73.1467179, -36.6907677], [-73.1466803, -36.6907032], [-73.1466548, -36.6907538]]], [[[-73.1468627, -36.690699], [-73.1468935, -36.6906807], [-73.14686, -36.6906807], [-73.1468627, -36.690699]]], [[[-73.1466857, -36.6905021], [-73.1467286, -36.6904258], [-73.1465489, -36.6904161], [-73.1466857, -36.6905021]]], [[[-73.1468962, -36.6902849], [-73.1468654, -36.6902946], [-73.14686, -36.6904365], [-73.1468962, -36.6902849]]], [[[-73.1468319, -36.6897225], [-73.1468802, -36.6899483], [-73.1470599, -36.6900042], [-73.1468319, -36.6897225]]], [[[-73.1456778, -36.7311398], [-73.1455678, -36.7312194], [-73.1456792, -36.7312033], [-73.1456778, -36.7311398]]], [[[-73.1435039, -36.7281781], [-73.143469, -36.7281501], [-73.1434529, -36.7282243], [-73.1435039, -36.7281781]]], [[[-73.1435615, -36.7278835], [-73.1434489, -36.7278362], [-73.1435347, -36.7279265], [-73.1435615, -36.7278835]]], [[[-73.143347, -36.7276987], [-73.1433282, -36.7277309], [-73.1433845, -36.7277524], [-73.143347, -36.7276987]]], [[[-73.1437533, -36.72756], [-73.1437667, -36.7275772], [-73.1438056, -36.7275321], [-73.1437533, -36.72756]]], [[[-73.143532, -36.7262476], [-73.1434972, -36.7262164], [-73.1434891, -36.7262691], [-73.143532, -36.7262476]]], [[[-73.143815, -36.7262003], [-73.1437547, -36.726139], [-73.1438016, -36.7262153], [-73.143815, -36.7262003]]], [[[-73.1438056, -36.7260519], [-73.1438325, -36.726038], [-73.1437399, -36.7260337], [-73.1438056, -36.7260519]]], [[[-73.1436474, -36.7257187], [-73.1435964, -36.7257262], [-73.1436259, -36.7257434], [-73.1436474, -36.7257187]]], [[[-73.1441744, -36.7252683], [-73.144212, -36.7253608], [-73.1442187, -36.7252608], [-73.1441744, -36.7252683]]], [[[-73.1445486, -36.7251178], [-73.1446036, -36.725163], [-73.1445553, -36.7250877], [-73.1445486, -36.7251178]]], [[[-73.1452889, -36.72469], [-73.1453694, -36.7249609], [-73.1454337, -36.7247029], [-73.1452889, -36.72469]]], [[[-73.1448222, -36.7243804], [-73.1446827, -36.7244041], [-73.1448436, -36.7244707], [-73.1448222, -36.7243804]]], [[[-73.1448892, -36.7240795], [-73.1448383, -36.7241053], [-73.1449161, -36.7241461], [-73.1448892, -36.7240795]]], [[[-73.1449912, -36.7239526], [-73.1449778, -36.723858], [-73.1448732, -36.7239268], [-73.1449912, -36.7239526]]], [[[-73.1455625, -36.7237441], [-73.1455786, -36.7237032], [-73.1454766, -36.7237312], [-73.1455625, -36.7237441]]], [[[-73.1456477, -36.7237221], [-73.1456637, -36.7236866], [-73.1456114, -36.7236737], [-73.1456477, -36.7237221]]], [[[-73.1451528, -36.7235028], [-73.1451756, -36.7235533], [-73.145185, -36.7234963], [-73.1451528, -36.7235028]]], [[[-73.1454612, -36.7231787], [-73.1454304, -36.7231523], [-73.1454337, -36.72319], [-73.1454612, -36.7231787]]], [[[-73.1453171, -36.7231072], [-73.1452567, -36.7230674], [-73.1452876, -36.7231351], [-73.1453171, -36.7231072]]], [[[-73.1460291, -36.6967247], [-73.1460532, -36.6966796], [-73.1458976, -36.6964968], [-73.1460291, -36.6967247]]], [[[-73.1456778, -36.6963327], [-73.1456738, -36.6963134], [-73.1456537, -36.6963446], [-73.1456778, -36.6963327]]], [[[-73.1456671, -36.6962456], [-73.1456819, -36.6962639], [-73.1456819, -36.6962295], [-73.1456671, -36.6962456]]], [[[-73.1456041, -36.6962112], [-73.1456269, -36.6962338], [-73.1456228, -36.6961994], [-73.1456041, -36.6962112]]], [[[-73.1460157, -36.6960688], [-73.1459727, -36.6961892], [-73.146131, -36.6962258], [-73.1460157, -36.6960688]]], [[[-73.1456287, -36.6961661], [-73.1456757, -36.6960876], [-73.1455657, -36.6961123], [-73.1456287, -36.6961661]]], [[[-73.1460183, -36.6958559], [-73.1460586, -36.6958892], [-73.1460867, -36.6958505], [-73.1460183, -36.6958559]]], [[[-73.1437889, -36.695666], [-73.1438251, -36.695809], [-73.1438935, -36.695651], [-73.1437889, -36.695666]]], [[[-73.1440893, -36.6956015], [-73.1439994, -36.6956757], [-73.144163, -36.6957843], [-73.1440893, -36.6956015]]], [[[-73.1454034, -36.6957414], [-73.1454155, -36.6957026], [-73.1453498, -36.6956155], [-73.1454034, -36.6957414]]], [[[-73.1456676, -36.6958747], [-73.1458862, -36.6955188], [-73.1453337, -36.6953123], [-73.1456676, -36.6958747]]], [[[-73.1442717, -36.6954036], [-73.1442287, -36.6954424], [-73.1442341, -36.6957252], [-73.1442717, -36.6954036]]], [[[-73.1440101, -36.6955252], [-73.1440101, -36.6955951], [-73.1440879, -36.6954972], [-73.1440101, -36.6955252]]], [[[-73.1436185, -36.6954101], [-73.1435555, -36.6955574], [-73.143691, -36.6956123], [-73.1436185, -36.6954101]]], [[[-73.145669, -36.6952166], [-73.1457401, -36.6952704], [-73.145791, -36.6951499], [-73.145669, -36.6952166]]], [[[-73.1456127, -36.6952091], [-73.1456274, -36.6950886], [-73.1453914, -36.695079], [-73.1456127, -36.6952091]]], [[[-73.1435641, -36.69503], [-73.1435976, -36.6950193], [-73.1435708, -36.6949634], [-73.1435641, -36.69503]]], [[[-73.1435011, -36.6949838], [-73.1435413, -36.6949763], [-73.1435145, -36.6949365], [-73.1435011, -36.6949838]]], [[[-73.1447176, -36.6949268], [-73.1446921, -36.6949214], [-73.1447176, -36.6949504], [-73.1447176, -36.6949268]]], [[[-73.1459151, -36.6948784], [-73.1458869, -36.6949268], [-73.1459352, -36.694944], [-73.1459151, -36.6948784]]], [[[-73.1437674, -36.6955144], [-73.1439645, -36.6953671], [-73.1440531, -36.6943036], [-73.1437674, -36.6955144]]], [[[-73.1445647, -36.6949031], [-73.1445929, -36.6948719], [-73.1445513, -36.6948687], [-73.1445647, -36.6949031]]], [[[-73.143703, -36.6949617], [-73.1437902, -36.6947144], [-73.1436628, -36.6949133], [-73.143703, -36.6949617]]], [[[-73.1430392, -36.6912054], [-73.1430392, -36.691227], [-73.1431438, -36.6911979], [-73.1430392, -36.6912054]]], [[[-73.1452239, -36.6911764], [-73.145185, -36.6911334], [-73.1451809, -36.6911883], [-73.1452239, -36.6911764]]], [[[-73.1431753, -36.6911011], [-73.1431123, -36.6910925], [-73.1431485, -36.6911227], [-73.1431753, -36.6911011]]], [[[-73.1450522, -36.6910582], [-73.1449905, -36.6911528], [-73.1450589, -36.6911356], [-73.1450522, -36.6910582]]], [[[-73.1443153, -36.6910963], [-73.1443153, -36.6910829], [-73.1442804, -36.6910807], [-73.1443153, -36.6910963]]], [[[-73.145252, -36.69107], [-73.1452788, -36.6910797], [-73.1452628, -36.6910119], [-73.145252, -36.69107]]], [[[-73.1429983, -36.6910302], [-73.1429916, -36.6910571], [-73.1430519, -36.6910431], [-73.1429983, -36.6910302]]], [[[-73.1432162, -36.6908764], [-73.1430754, -36.6909699], [-73.1432511, -36.6910398], [-73.1432162, -36.6908764]]], [[[-73.1452842, -36.6909301], [-73.1452547, -36.6909022], [-73.1449812, -36.6909818], [-73.1452842, -36.6909301]]], [[[-73.1436662, -36.6909388], [-73.1436997, -36.6909022], [-73.1436554, -36.6909108], [-73.1436662, -36.6909388]]], [[[-73.1434214, -36.6908957], [-73.1435139, -36.6907903], [-73.143357, -36.6907796], [-73.1434214, -36.6908957]]], [[[-73.1428608, -36.6907592], [-73.1428313, -36.6908527], [-73.1428903, -36.6907946], [-73.1428608, -36.6907592]]], [[[-73.1456664, -36.6907796], [-73.1456396, -36.690828], [-73.1456718, -36.690814], [-73.1456664, -36.6907796]]], [[[-73.1436601, -36.6907968], [-73.143707, -36.6908248], [-73.1437298, -36.6907688], [-73.1436601, -36.6907968]]], [[[-73.1456758, -36.6907613], [-73.1457308, -36.6908291], [-73.1457362, -36.6907667], [-73.1456758, -36.6907613]]], [[[-73.145134, -36.6907946], [-73.1451877, -36.6907054], [-73.1449557, -36.6908032], [-73.145134, -36.6907946]]], [[[-73.1441536, -36.6907065], [-73.1441215, -36.6907247], [-73.1441644, -36.6907882], [-73.1441536, -36.6907065]]], [[[-73.1438995, -36.6906452], [-73.1438915, -36.6906871], [-73.1439518, -36.6906549], [-73.1438995, -36.6906452]]], [[[-73.1449208, -36.6904828], [-73.144847, -36.6904677], [-73.1448725, -36.6906323], [-73.1449208, -36.6904828]]], [[[-73.145008, -36.6904828], [-73.1450643, -36.6906043], [-73.1451796, -36.6905312], [-73.145008, -36.6904828]]], [[[-73.145429, -36.6905172], [-73.1454451, -36.6905108], [-73.1454317, -36.6904774], [-73.145429, -36.6905172]]], [[[-73.1456893, -36.6904387], [-73.1456571, -36.6904107], [-73.1456557, -36.6905054], [-73.1456893, -36.6904387]]], [[[-73.144729, -36.6904107], [-73.1447183, -36.6904924], [-73.1447465, -36.6904989], [-73.144729, -36.6904107]]], [[[-73.1454076, -36.6904624], [-73.1454344, -36.6904377], [-73.1453915, -36.6904463], [-73.1454076, -36.6904624]]], [[[-73.1453205, -36.6904828], [-73.1453593, -36.6904355], [-73.1453205, -36.6903967], [-73.1453205, -36.6904828]]], [[[-73.1452561, -36.6903666], [-73.1452158, -36.690472], [-73.1452869, -36.6904182], [-73.1452561, -36.6903666]]], [[[-73.1452547, -36.6903161], [-73.1450589, -36.6903505], [-73.1451474, -36.6904516], [-73.1452547, -36.6903161]]], [[[-73.1454653, -36.6903742], [-73.1454666, -36.6903269], [-73.1454237, -36.6903656], [-73.1454653, -36.6903742]]], [[[-73.1450281, -36.6903247], [-73.1450723, -36.6903237], [-73.1450522, -36.6902753], [-73.1450281, -36.6903247]]], [[[-73.1448712, -36.6900074], [-73.1447183, -36.6900709], [-73.1449423, -36.6904064], [-73.1448712, -36.6900074]]], [[[-73.1450844, -36.6901537], [-73.1450656, -36.6902419], [-73.1451005, -36.6901774], [-73.1450844, -36.6901537]]], [[[-73.1448537, -36.6899666], [-73.1449329, -36.6899935], [-73.1448833, -36.6899397], [-73.1448537, -36.6899666]]], [[[-73.1448423, -36.6897053], [-73.1448155, -36.6897182], [-73.1448611, -36.6897322], [-73.1448423, -36.6897053]]], [[[-73.1451676, -36.6896773], [-73.145177, -36.6897203], [-73.1452574, -36.6896128], [-73.1451676, -36.6896773]]], [[[-73.1455498, -36.6893719], [-73.1455283, -36.6896386], [-73.1456678, -36.6895956], [-73.1455498, -36.6893719]]], [[[-73.1453882, -36.6893461], [-73.1453908, -36.6893751], [-73.1454311, -36.6893655], [-73.1453882, -36.6893461]]], [[[-73.1454713, -36.6892826], [-73.1454539, -36.6892891], [-73.1454995, -36.6893547], [-73.1454713, -36.6892826]]], [[[-73.1457375, -36.6895482], [-73.1456517, -36.6890772], [-73.1456866, -36.6894816], [-73.1457375, -36.6895482]]], [[[-73.1445037, -36.6892471], [-73.1445265, -36.6892794], [-73.144552, -36.6892245], [-73.1445037, -36.6892471]]], [[[-73.1440759, -36.6890116], [-73.1440772, -36.6890643], [-73.1441, -36.6890095], [-73.1440759, -36.6890116]]], [[[-73.1438466, -36.6885728], [-73.1438358, -36.6885395], [-73.1438063, -36.6885933], [-73.1438466, -36.6885728]]], [[[-73.1437822, -36.6883513], [-73.1437849, -36.6884373], [-73.1438144, -36.6883502], [-73.1437822, -36.6883513]]], [[[-73.1442274, -36.6882438], [-73.1441912, -36.6882858], [-73.1442811, -36.6883847], [-73.1442274, -36.6882438]]], [[[-73.1426986, -36.6882696], [-73.1426838, -36.6883137], [-73.1427737, -36.6883492], [-73.1426986, -36.6882696]]], [[[-73.1430486, -36.6880878], [-73.143058, -36.688204], [-73.1431291, -36.6881276], [-73.1430486, -36.6880878]]], [[[-73.1437017, -36.6881093], [-73.1436696, -36.6881717], [-73.1437527, -36.688176], [-73.1437017, -36.6881093]]], [[[-73.1432793, -36.6880835], [-73.1433195, -36.6880803], [-73.1432753, -36.6880427], [-73.1432793, -36.6880835]]], [[[-73.1458153, -36.6879803], [-73.1458408, -36.6879169], [-73.1457764, -36.6878996], [-73.1458153, -36.6879803]]], [[[-73.1457616, -36.6877792], [-73.1457563, -36.6878427], [-73.1458153, -36.6878265], [-73.1457616, -36.6877792]]], [[[-73.1425766, -36.6874942], [-73.1425672, -36.6875157], [-73.1426221, -36.6876071], [-73.1425766, -36.6874942]]], [[[-73.1451233, -36.6413827], [-73.1452225, -36.641372], [-73.1451528, -36.641288], [-73.1451233, -36.6413827]]], [[[-73.1429251, -36.6412386], [-73.1429654, -36.6412041], [-73.142893, -36.641217], [-73.1429251, -36.6412386]]], [[[-73.1427643, -36.6410298], [-73.1424693, -36.6411955], [-73.1426798, -36.6412009], [-73.1427643, -36.6410298]]], [[[-73.1452963, -36.6408737], [-73.1453808, -36.6409125], [-73.1454787, -36.6408501], [-73.1452963, -36.6408737]]], [[[-73.1433799, -36.6407037], [-73.1432404, -36.6406144], [-73.1430942, -36.6407274], [-73.1433799, -36.6407037]]], [[[-73.145637, -36.640383], [-73.1455618, -36.6403959], [-73.1456101, -36.640439], [-73.145637, -36.640383]]], [[[-73.1454184, -36.6403712], [-73.1455753, -36.6402851], [-73.1454318, -36.6402162], [-73.1454184, -36.6403712]]], [[[-73.1423418, -36.696151], [-73.1423002, -36.6961607], [-73.142378, -36.6962542], [-73.1423418, -36.696151]]], [[[-73.1424236, -36.6960747], [-73.1424357, -36.6960488], [-73.1423861, -36.6960607], [-73.1424236, -36.6960747]]], [[[-73.1412206, -36.6955252], [-73.141281, -36.6955047], [-73.1411978, -36.6954553], [-73.1412206, -36.6955252]]], [[[-73.1378826, -36.6928884], [-73.1379416, -36.6928884], [-73.1379095, -36.6928035], [-73.1378826, -36.6928884]]], [[[-73.1408344, -36.6920141], [-73.1408116, -36.6920098], [-73.140817, -36.6920475], [-73.1408344, -36.6920141]]], [[[-73.1397186, -36.6918797], [-73.1400096, -36.6921572], [-73.1397883, -36.69187], [-73.1397186, -36.6918797]]], [[[-73.1422278, -36.6918356], [-73.1422493, -36.6918227], [-73.1422278, -36.69177], [-73.1422278, -36.6918356]]], [[[-73.1411536, -36.6917786], [-73.1412005, -36.6918034], [-73.141218, -36.6917571], [-73.1411536, -36.6917786]]], [[[-73.1400646, -36.69177], [-73.1401746, -36.6917776], [-73.1400633, -36.6917184], [-73.1400646, -36.69177]]], [[[-73.1417994, -36.691612], [-73.1417967, -36.6915915], [-73.1417685, -36.6916195], [-73.1417994, -36.691612]]], [[[-73.1418396, -36.6915044], [-73.1418114, -36.6914829], [-73.1418047, -36.6915206], [-73.1418396, -36.6915044]]], [[[-73.1422459, -36.691398], [-73.1422258, -36.6914119], [-73.1422634, -36.6914388], [-73.1422459, -36.691398]]], [[[-73.1424847, -36.6909506], [-73.1424444, -36.6909334], [-73.1424686, -36.6909646], [-73.1424847, -36.6909506]]], [[[-73.142539, -36.6885277], [-73.1424773, -36.688575], [-73.1425698, -36.6885728], [-73.142539, -36.6885277]]], [[[-73.1423445, -36.6883782], [-73.1422225, -36.6885148], [-73.1424263, -36.688489], [-73.1423445, -36.6883782]]], [[[-73.1425229, -36.6882943], [-73.1424773, -36.6882481], [-73.1424907, -36.6883029], [-73.1425229, -36.6882943]]], [[[-73.1422641, -36.6879082], [-73.1422815, -36.6879695], [-73.1423392, -36.6878878], [-73.1422641, -36.6879082]]], [[[-73.1421447, -36.6878803], [-73.1421635, -36.6878674], [-73.1421259, -36.6878674], [-73.1421447, -36.6878803]]], [[[-73.1394585, -36.6878297], [-73.1395242, -36.68782], [-73.1394893, -36.6877372], [-73.1394585, -36.6878297]]], [[[-73.1393257, -36.6877534], [-73.1393981, -36.6877415], [-73.1393512, -36.687677], [-73.1393257, -36.6877534]]], [[[-73.1397575, -36.6877017], [-73.1398112, -36.6876802], [-73.1397482, -36.6876523], [-73.1397575, -36.6877017]]], [[[-73.1391541, -36.6853562], [-73.1391943, -36.6853949], [-73.1391929, -36.6853228], [-73.1391541, -36.6853562]]], [[[-73.1388282, -36.6854239], [-73.1389824, -36.6852744], [-73.1387195, -36.6853185], [-73.1388282, -36.6854239]]], [[[-73.1390763, -36.6852626], [-73.139146, -36.6852906], [-73.1391219, -36.6852013], [-73.1390763, -36.6852626]]], [[[-73.1390709, -36.6851604], [-73.1390038, -36.6851217], [-73.1390401, -36.6851766], [-73.1390709, -36.6851604]]], [[[-73.1400164, -36.6846421], [-73.1400418, -36.6846292], [-73.1400043, -36.6845948], [-73.1400164, -36.6846421]]], [[[-73.1400459, -36.6844184], [-73.1401103, -36.6840764], [-73.1399466, -36.6843969], [-73.1400459, -36.6844184]]], [[[-73.1395416, -36.6839979], [-73.1395362, -36.6840215], [-73.1395751, -36.6840258], [-73.1395416, -36.6839979]]], [[[-73.1399815, -36.683388], [-73.1400432, -36.6832966], [-73.1399386, -36.6833536], [-73.1399815, -36.683388]]], [[[-73.1404455, -36.6831278], [-73.1403959, -36.6831568], [-73.1404616, -36.6834547], [-73.1404455, -36.6831278]]], [[[-73.1400754, -36.6832095], [-73.1401008, -36.6832031], [-73.1400593, -36.6831805], [-73.1400754, -36.6832095]]], [[[-73.1406521, -36.6831719], [-73.1407862, -36.6831073], [-73.1406775, -36.6829428], [-73.1406521, -36.6831719]]], [[[-73.1400392, -36.6830428], [-73.1400043, -36.6830493], [-73.1400365, -36.6830676], [-73.1400392, -36.6830428]]], [[[-73.140235, -36.6829901], [-73.1404281, -36.6827223], [-73.1401089, -36.6829148], [-73.140235, -36.6829901]]], [[[-73.1407298, -36.6829245], [-73.1408921, -36.6828772], [-73.1407459, -36.6825986], [-73.1407298, -36.6829245]]], [[[-73.1403825, -36.6822953], [-73.1405743, -36.6820652], [-73.140361, -36.6821544], [-73.1403825, -36.6822953]]], [[[-73.139374, -36.6819684], [-73.1393472, -36.6819974], [-73.1394142, -36.6820394], [-73.139374, -36.6819684]]], [[[-73.1390266, -36.681864], [-73.1390374, -36.6819254], [-73.1390937, -36.6818565], [-73.1390266, -36.681864]]], [[[-73.1396744, -36.6817726], [-73.1396342, -36.6819081], [-73.1396865, -36.6817963], [-73.1396744, -36.6817726]]], [[[-73.1404576, -36.6819985], [-73.1406333, -36.6819124], [-73.1405837, -36.6815952], [-73.1404576, -36.6819985]]], [[[-73.1390924, -36.6818167], [-73.1391701, -36.681707], [-73.1390132, -36.6817877], [-73.1390924, -36.6818167]]], [[[-73.1412851, -36.681451], [-73.1412489, -36.6815737], [-73.1413749, -36.6815844], [-73.1412851, -36.681451]]], [[[-73.1394799, -36.6817802], [-73.1397911, -36.6814016], [-73.1395926, -36.6811166], [-73.1394799, -36.6817802]]], [[[-73.1403718, -36.6810886], [-73.1404321, -36.6810757], [-73.140361, -36.6810617], [-73.1403718, -36.6810886]]], [[[-73.1392332, -36.6809735], [-73.1391903, -36.6809703], [-73.1392131, -36.6810015], [-73.1392332, -36.6809735]]], [[[-73.1385841, -36.6809907], [-73.1385894, -36.6809574], [-73.1385304, -36.6809639], [-73.1385841, -36.6809907]]], [[[-73.1408975, -36.6809553], [-73.140876, -36.6809467], [-73.1408921, -36.6809735], [-73.1408975, -36.6809553]]], [[[-73.1384218, -36.6809391], [-73.138407, -36.6809746], [-73.1384553, -36.6809456], [-73.1384218, -36.6809391]]], [[[-73.138969, -36.6808671], [-73.1389368, -36.6808391], [-73.1389408, -36.6808757], [-73.138969, -36.6808671]]], [[[-73.1400352, -36.6808875], [-73.1400754, -36.6808348], [-73.1400244, -36.6808219], [-73.1400352, -36.6808875]]], [[[-73.1390588, -36.6808015], [-73.13904, -36.6808004], [-73.1390762, -36.6808832], [-73.1390588, -36.6808015]]], [[[-73.1383386, -36.6808369], [-73.1382971, -36.6808283], [-73.138336, -36.6808531], [-73.1383386, -36.6808369]]], [[[-73.1392077, -36.6808606], [-73.1392573, -36.6808068], [-73.1391916, -36.680838], [-73.1392077, -36.6808606]]], [[[-73.1398622, -36.6808584], [-73.1400191, -36.6807272], [-73.1397871, -36.6807014], [-73.1398622, -36.6808584]]], [[[-73.1400875, -36.6807831], [-73.140125, -36.6807165], [-73.1400459, -36.6807218], [-73.1400875, -36.6807831]]], [[[-73.1400848, -36.6806315], [-73.140184, -36.6805057], [-73.1400191, -36.68061], [-73.1400848, -36.6806315]]], [[[-73.1393673, -36.6805121], [-73.1393364, -36.6805025], [-73.1393391, -36.6805595], [-73.1393673, -36.6805121]]], [[[-73.1402766, -36.6773403], [-73.1401854, -36.6772714], [-73.1400124, -36.6775554], [-73.1402766, -36.6773403]]], [[[-73.1416633, -36.6774005], [-73.1417169, -36.6772338], [-73.1416981, -36.6772811], [-73.1416633, -36.6774005]]], [[[-73.1403061, -36.6772822], [-73.1403356, -36.6771886], [-73.1402484, -36.6772618], [-73.1403061, -36.6772822]]], [[[-73.1410799, -36.6770499], [-73.1410262, -36.6770316], [-73.1409994, -36.6771359], [-73.1410799, -36.6770499]]], [[[-73.1408921, -36.67708], [-73.1409525, -36.6770617], [-73.1408894, -36.6770241], [-73.1408921, -36.67708]]], [[[-73.1404683, -36.6770606], [-73.1404992, -36.6770649], [-73.1404925, -36.6770187], [-73.1404683, -36.6770606]]], [[[-73.1378223, -36.6771746], [-73.1379846, -36.6771456], [-73.138104, -36.6768541], [-73.1378223, -36.6771746]]], [[[-73.1410531, -36.6770176], [-73.1411134, -36.6770069], [-73.1410812, -36.6769283], [-73.1410531, -36.6770176]]], [[[-73.1379256, -36.6768961], [-73.138045, -36.6767982], [-73.1379055, -36.6768885], [-73.1379256, -36.6768961]]], [[[-73.1415707, -36.6768326], [-73.1415828, -36.6768531], [-73.1415989, -36.6768176], [-73.1415707, -36.6768326]]], [[[-73.1382032, -36.6767939], [-73.138222, -36.6768272], [-73.1382461, -36.6767864], [-73.1382032, -36.6767939]]], [[[-73.1390642, -36.6767875], [-73.1390803, -36.6767584], [-73.1390239, -36.6767713], [-73.1390642, -36.6767875]]], [[[-73.1418711, -36.6767208], [-73.1418885, -36.6766648], [-73.141847, -36.6767111], [-73.1418711, -36.6767208]]], [[[-73.138285, -36.6767175], [-73.1382582, -36.6765336], [-73.1382005, -36.6767659], [-73.138285, -36.6767175]]], [[[-73.1389529, -36.6767132], [-73.1390347, -36.6763712], [-73.1388791, -36.6766282], [-73.1389529, -36.6767132]]], [[[-73.1384902, -36.6766433], [-73.1387383, -36.6764228], [-73.1384138, -36.676468], [-73.1384902, -36.6766433]]], [[[-73.142134, -36.6764389], [-73.1419596, -36.6764777], [-73.1421286, -36.6765293], [-73.142134, -36.6764389]]], [[[-73.1418926, -36.6763777], [-73.1418966, -36.676411], [-73.1419368, -36.6763734], [-73.1418926, -36.6763777]]], [[[-73.1420589, -36.6763013], [-73.1420508, -36.6763572], [-73.1421581, -36.6763013], [-73.1420589, -36.6763013]]], [[[-73.1422024, -36.6763411], [-73.1422278, -36.6763336], [-73.142193, -36.6763164], [-73.1422024, -36.6763411]]], [[[-73.1420294, -36.6763271], [-73.141957, -36.6762475], [-73.1419999, -36.6763486], [-73.1420294, -36.6763271]]], [[[-73.1388818, -36.6763045], [-73.1389502, -36.676255], [-73.1388899, -36.6762335], [-73.1388818, -36.6763045]]], [[[-73.1422922, -36.6761593], [-73.1425283, -36.675956], [-73.1422909, -36.6761324], [-73.1422922, -36.6761593]]], [[[-73.142311, -36.6759689], [-73.1423486, -36.6759205], [-73.142311, -36.6759022], [-73.142311, -36.6759689]]], [[[-73.1422131, -36.6758861], [-73.1422399, -36.6759764], [-73.1422359, -36.6758807], [-73.1422131, -36.6758861]]], [[[-73.1380785, -36.6757904], [-73.1380087, -36.6757602], [-73.1380624, -36.6759001], [-73.1380785, -36.6757904]]], [[[-73.142494, -36.6757683], [-73.1424981, -36.6757823], [-73.1425128, -36.6757624], [-73.142494, -36.6757683]]], [[[-73.1392627, -36.6757], [-73.1393619, -36.6757108], [-73.1394397, -36.6755462], [-73.1392627, -36.6757]]], [[[-73.1381348, -36.6759721], [-73.1382904, -36.6760313], [-73.1388389, -36.675103], [-73.1381348, -36.6759721]]], [[[-73.1394907, -36.6754021], [-73.1394719, -36.6754117], [-73.1394612, -36.6755225], [-73.1394907, -36.6754021]]], [[[-73.1384741, -36.6752041], [-73.1382501, -36.6753332], [-73.1384701, -36.6752364], [-73.1384741, -36.6752041]]], [[[-73.1388483, -36.6749385], [-73.1387464, -36.674946], [-73.1385653, -36.6751676], [-73.1388483, -36.6749385]]], [[[-73.1390347, -36.674988], [-73.1390186, -36.6750127], [-73.13904, -36.6750224], [-73.1390347, -36.674988]]], [[[-73.1392787, -36.6749148], [-73.1392211, -36.67496], [-73.1392868, -36.6749966], [-73.1392787, -36.6749148]]], [[[-73.1387061, -36.6748804], [-73.1387544, -36.674847], [-73.1386578, -36.6747707], [-73.1387061, -36.6748804]]], [[[-73.1388215, -36.6747674], [-73.1387826, -36.6747588], [-73.1387987, -36.6748159], [-73.1388215, -36.6747674]]], [[[-73.1377969, -36.6735735], [-73.1377955, -36.6736262], [-73.1378559, -36.673609], [-73.1377969, -36.6735735]]], [[[-73.1379578, -36.6637965], [-73.1379913, -36.6637943], [-73.1379578, -36.6637341], [-73.1379578, -36.6637965]]], [[[-73.138104, -36.6635103], [-73.1381764, -36.6634802], [-73.1380946, -36.6634759], [-73.138104, -36.6635103]]], [[[-73.1401398, -36.6428742], [-73.1403275, -36.6429387], [-73.1404187, -36.642674], [-73.1401398, -36.6428742]]], [[[-73.1405528, -36.6414946], [-73.1404831, -36.6414516], [-73.1404804, -36.6415291], [-73.1405528, -36.6414946]]], [[[-73.1426624, -36.6410007], [-73.1424156, -36.6409383], [-73.1423995, -36.6412235], [-73.1426624, -36.6410007]]], [[[-73.1402752, -36.6410696], [-73.1416539, -36.640439], [-73.1404683, -36.6406198], [-73.1402752, -36.6410696]]], [[[-73.1378142, -36.692968], [-73.1377271, -36.6930605], [-73.1378867, -36.6930046], [-73.1378142, -36.692968]]], [[[-73.1373623, -36.680596], [-73.1373905, -36.6806132], [-73.1374173, -36.6805594], [-73.1373623, -36.680596]]], [[[-73.137526, -36.6804185], [-73.137479, -36.6804443], [-73.1375246, -36.6804594], [-73.137526, -36.6804185]]], [[[-73.136724, -36.6801324], [-73.136787, -36.6801174], [-73.1367213, -36.6801066], [-73.136724, -36.6801324]]], [[[-73.1371129, -36.6800572], [-73.1370592, -36.6800647], [-73.1371102, -36.680083], [-73.1371129, -36.6800572]]], [[[-73.1369922, -36.6800593], [-73.1370177, -36.6800701], [-73.137023, -36.680027], [-73.1369922, -36.6800593]]], [[[-73.1368447, -36.67997], [-73.1368688, -36.6799657], [-73.1368621, -36.6798969], [-73.1368447, -36.67997]]], [[[-73.1370566, -36.6798184], [-73.1371156, -36.6798195], [-73.1370834, -36.6797689], [-73.1370566, -36.6798184]]], [[[-73.1361821, -36.6781093], [-73.1361929, -36.6781244], [-73.1362331, -36.6780889], [-73.1361821, -36.6781093]]], [[[-73.1370592, -36.6777565], [-73.1372658, -36.6776361], [-73.1371303, -36.6775102], [-73.1370592, -36.6777565]]], [[[-73.1374763, -36.6775296], [-73.137526, -36.6775489], [-73.1375327, -36.6774521], [-73.1374763, -36.6775296]]], [[[-73.1370941, -36.6774328], [-73.1370217, -36.6772919], [-73.1368246, -36.6775091], [-73.1370941, -36.6774328]]], [[[-73.1374187, -36.6772822], [-73.1376373, -36.6771166], [-73.1374307, -36.677223], [-73.1374187, -36.6772822]]], [[[-73.1377083, -36.6771058], [-73.1376829, -36.6771176], [-73.1376735, -36.6772069], [-73.1377083, -36.6771058]]], [[[-73.1374817, -36.6743135], [-73.1374629, -36.6742888], [-73.1374629, -36.6743232], [-73.1374817, -36.6743135]]], [[[-73.1375353, -36.6741716], [-73.1374629, -36.6742038], [-73.1375327, -36.674192], [-73.1375353, -36.6741716]]], [[[-73.1375635, -36.6741393], [-73.1375514, -36.6741027], [-73.1375072, -36.6741436], [-73.1375635, -36.6741393]]], [[[-73.1375622, -36.6740887], [-73.1375957, -36.6740016], [-73.1374964, -36.674078], [-73.1375622, -36.6740887]]], [[[-73.1377432, -36.6738887], [-73.137703, -36.6739113], [-73.1376815, -36.6740468], [-73.1377432, -36.6738887]]], [[[-73.1368487, -36.6741328], [-73.1371813, -36.6735993], [-73.136905, -36.6738919], [-73.1368487, -36.6741328]]], [[[-73.1374482, -36.6735703], [-73.1374643, -36.6735488], [-73.1374026, -36.6735434], [-73.1374482, -36.6735703]]], [[[-73.1372027, -36.673552], [-73.1371652, -36.6735176], [-73.1371008, -36.6735563], [-73.1372027, -36.673552]]], [[[-73.1375353, -36.6734993], [-73.1375072, -36.6734896], [-73.1375125, -36.673538], [-73.1375353, -36.6734993]]], [[[-73.1364692, -36.6727399], [-73.1364718, -36.6728464], [-73.136665, -36.6727603], [-73.1364692, -36.6727399]]], [[[-73.1363981, -36.6727732], [-73.1363954, -36.6726173], [-73.1363149, -36.6727377], [-73.1363981, -36.6727732]]], [[[-73.1370566, -36.6725301], [-73.1369761, -36.6725398], [-73.1369935, -36.6726162], [-73.1370566, -36.6725301]]], [[[-73.1358791, -36.6725054], [-73.1359394, -36.6724075], [-73.135753, -36.6724613], [-73.1358791, -36.6725054]]], [[[-73.1363002, -36.6724796], [-73.1367481, -36.6726915], [-73.1374012, -36.6719665], [-73.1359488, -36.6725559], [-73.1363002, -36.6724796]]], [[[-73.1362707, -36.672144], [-73.136209, -36.6720784], [-73.136213, -36.6721956], [-73.1362707, -36.672144]]], [[[-73.1360977, -36.6720558], [-73.1360494, -36.6720278], [-73.1358791, -36.6722322], [-73.1360977, -36.6720558]]], [[[-73.1377419, -36.6723602], [-73.137829, -36.6718008], [-73.1376735, -36.6723795], [-73.1377419, -36.6723602]]], [[[-73.1367052, -36.6717481], [-73.1366583, -36.6717664], [-73.1366931, -36.6718116], [-73.1367052, -36.6717481]]], [[[-73.1337977, -36.670637], [-73.1339519, -36.6705929], [-73.133799, -36.670467], [-73.1337977, -36.670637]]], [[[-73.1346842, -36.6694591], [-73.1347324, -36.6695817], [-73.1348062, -36.6694236], [-73.1346842, -36.6694591]]], [[[-73.1348679, -36.6695107], [-73.1349014, -36.6695107], [-73.1348692, -36.6693375], [-73.1348679, -36.6695107]]], [[[-73.1350248, -36.6692321], [-73.1349913, -36.6691751], [-73.1349497, -36.6692741], [-73.1350248, -36.6692321]]], [[[-73.1347579, -36.6690525], [-73.1347995, -36.6690396], [-73.13477, -36.6689901], [-73.1347579, -36.6690525]]], [[[-73.1340042, -36.6690084], [-73.1341879, -36.6689836], [-73.1340605, -36.6688642], [-73.1340042, -36.6690084]]], [[[-73.1351294, -36.6688793], [-73.1351629, -36.668847], [-73.1350918, -36.668818], [-73.1351294, -36.6688793]]], [[[-73.1342966, -36.6683898], [-73.1341584, -36.6682554], [-73.133972, -36.6684716], [-73.1342966, -36.6683898]]], [[[-73.1342335, -36.6682016], [-73.1341919, -36.668207], [-73.1342241, -36.6682242], [-73.1342335, -36.6682016]]], [[[-73.1342335, -36.6681532], [-73.1342282, -36.6681403], [-73.1341919, -36.6681618], [-73.1342335, -36.6681532]]], [[[-73.1350328, -36.6670291], [-73.134896, -36.6671022], [-73.1350516, -36.6670527], [-73.1350328, -36.6670291]]], [[[-73.1350905, -36.6669602], [-73.1352394, -36.6666181], [-73.1349644, -36.6667106], [-73.1350905, -36.6669602]]], [[[-73.1347049, -36.6668059], [-73.13478, -36.6667736], [-73.1346768, -36.6667639], [-73.1347049, -36.6668059]]], [[[-73.1339935, -36.6641687], [-73.1340123, -36.6641945], [-73.1340565, -36.6641644], [-73.1339935, -36.6641687]]], [[[-73.1339881, -36.6639406], [-73.1340431, -36.6639696], [-73.1340149, -36.6639029], [-73.1339881, -36.6639406]]], [[[-73.134204, -36.6640794], [-73.1342483, -36.6637782], [-73.1341343, -36.6640697], [-73.134204, -36.6640794]]], [[[-73.1344776, -36.6640267], [-73.1345876, -36.6640665], [-73.1346184, -36.6637179], [-73.1344776, -36.6640267]]], [[[-73.1347204, -36.6640234], [-73.1349349, -36.6635791], [-73.1346935, -36.6639481], [-73.1347204, -36.6640234]]], [[[-73.1366354, -36.66379], [-73.1365804, -36.6637276], [-73.1365831, -36.6638083], [-73.1366354, -36.66379]]], [[[-73.1362345, -36.6636211], [-73.1362385, -36.6636598], [-73.1363176, -36.6636405], [-73.1362345, -36.6636211]]], [[[-73.1337414, -36.6638728], [-73.1343006, -36.6632575], [-73.1336086, -36.6636125], [-73.1337414, -36.6638728]]], [[[-73.1345004, -36.6633586], [-73.1343797, -36.6634145], [-73.1344508, -36.6634608], [-73.1345004, -36.6633586]]], [[[-73.1344052, -36.6632542], [-73.1343556, -36.6632779], [-73.1343623, -36.6633683], [-73.1344052, -36.6632542]]], [[[-73.1341544, -36.663109], [-73.1340485, -36.6631639], [-73.1341558, -36.6631617], [-73.1341544, -36.663109]]], [[[-73.1366515, -36.6631532], [-73.1367052, -36.6631252], [-73.1366301, -36.6630843], [-73.1366515, -36.6631532]]], [[[-73.1367709, -36.6631295], [-73.1368031, -36.663094], [-73.1367628, -36.6631166], [-73.1367709, -36.6631295]]], [[[-73.1339358, -36.6629294], [-73.1338339, -36.6630337], [-73.1339345, -36.6629541], [-73.1339358, -36.6629294]]], [[[-73.1345956, -36.662981], [-73.1345983, -36.6629939], [-73.1346131, -36.6629627], [-73.1345956, -36.662981]]], [[[-73.1347847, -36.662881], [-73.1347123, -36.6628928], [-73.1348008, -36.6629025], [-73.1347847, -36.662881]]], [[[-73.1344468, -36.6628498], [-73.1344213, -36.6628573], [-73.1344253, -36.6628992], [-73.1344468, -36.6628498]]], [[[-73.1344857, -36.662882], [-73.1345514, -36.6628401], [-73.1344924, -36.6628627], [-73.1344857, -36.662882]]], [[[-73.1344709, -36.662768], [-73.1344267, -36.6627615], [-73.1344334, -36.6628132], [-73.1344709, -36.662768]]], [[[-73.13477, -36.6627357], [-73.1347539, -36.6628282], [-73.1348585, -36.6627379], [-73.13477, -36.6627357]]], [[[-73.1343381, -36.662754], [-73.134314, -36.6627884], [-73.1343757, -36.6627712], [-73.1343381, -36.662754]]], [[[-73.1340176, -36.662782], [-73.1341088, -36.6627841], [-73.1340418, -36.6626852], [-73.1340176, -36.662782]]], [[[-73.1347405, -36.6627034], [-73.1347981, -36.6627024], [-73.1347727, -36.6626195], [-73.1347405, -36.6627034]]], [[[-73.1349282, -36.6625636], [-73.1349028, -36.6625399], [-73.1348786, -36.662569], [-73.1349282, -36.6625636]]], [[[-73.1348504, -36.6624926], [-73.1350744, -36.6623549], [-73.134829, -36.6624173], [-73.1348504, -36.6624926]]], [[[-73.1346721, -36.6621914], [-73.1345313, -36.6623936], [-73.134766, -36.6622721], [-73.1346721, -36.6621914]]], [[[-73.1349671, -36.6621397], [-73.1349349, -36.6621419], [-73.1349591, -36.6621709], [-73.1349671, -36.6621397]]], [[[-73.1348263, -36.6622021], [-73.1348545, -36.662186], [-73.1348196, -36.6620935], [-73.1348263, -36.6622021]]], [[[-73.134947, -36.6620881], [-73.1350369, -36.6621128], [-73.134998, -36.6619848], [-73.134947, -36.6620881]]], [[[-73.1349135, -36.6619439], [-73.1348397, -36.6620128], [-73.1348947, -36.6620504], [-73.1349135, -36.6619439]]], [[[-73.1351039, -36.6618428], [-73.1350556, -36.6619052], [-73.1351187, -36.6619407], [-73.1351039, -36.6618428]]], [[[-73.1342349, -36.6612856], [-73.1341611, -36.6613404], [-73.1342295, -36.6613716], [-73.1342349, -36.6612856]]], [[[-73.1348196, -36.6611952], [-73.1347686, -36.661192], [-73.1347793, -36.6612705], [-73.1348196, -36.6611952]]], [[[-73.1341584, -36.6611425], [-73.1342188, -36.6611565], [-73.1342013, -36.6610973], [-73.1341584, -36.6611425]]], [[[-73.1347458, -36.6607681], [-73.1347659, -36.6607455], [-73.134727, -36.6607272], [-73.1347458, -36.6607681]]], [[[-73.1346627, -36.660695], [-73.1346761, -36.6607165], [-73.1346949, -36.6606788], [-73.1346627, -36.660695]]], [[[-73.1349778, -36.6605992], [-73.1349591, -36.6606078], [-73.1349617, -36.6606788], [-73.1349778, -36.6605992]]], [[[-73.1341356, -36.6444398], [-73.1341437, -36.6444065], [-73.1340914, -36.6444086], [-73.1341356, -36.6444398]]], [[[-73.1342939, -36.6444614], [-73.1342161, -36.6443559], [-73.1342121, -36.6444775], [-73.1342939, -36.6444614]]], [[[-73.1340665, -36.6440589], [-73.1339861, -36.6440977], [-73.1338975, -36.644315], [-73.1340665, -36.6440589]]], [[[-73.1346499, -36.6438964], [-73.134206, -36.644117], [-73.1347532, -36.6439814], [-73.1346499, -36.6438964]]], [[[-73.133809, -36.6436188], [-73.1338989, -36.643607], [-73.133852, -36.6435553], [-73.133809, -36.6436188]]], [[[-73.1345989, -36.6431852], [-73.1345319, -36.6431959], [-73.1345976, -36.6432067], [-73.1345989, -36.6431852]]], [[[-73.1348149, -36.6430539], [-73.1347304, -36.6430345], [-73.1347773, -36.6431174], [-73.1348149, -36.6430539]]], [[[-73.1342288, -36.6431217], [-73.1343093, -36.6431497], [-73.1345761, -36.6429118], [-73.1342288, -36.6431217]]], [[[-73.1341161, -36.6423953], [-73.1340813, -36.6424061], [-73.1341349, -36.6424147], [-73.1341161, -36.6423953]]], [[[-73.1342248, -36.6423964], [-73.1341604, -36.6423856], [-73.1342221, -36.6424126], [-73.1342248, -36.6423964]]], [[[-73.1338493, -36.6423598], [-73.1338278, -36.6423426], [-73.1337487, -36.6424018], [-73.1338493, -36.6423598]]], [[[-73.1342241, -36.6422006], [-73.1341812, -36.6421801], [-73.1341986, -36.6422135], [-73.1342241, -36.6422006]]], [[[-73.13443, -36.6421489], [-73.1344112, -36.642136], [-73.1343736, -36.6421683], [-73.13443, -36.6421489]]], [[[-73.1344307, -36.6420375], [-73.1343106, -36.6420526], [-73.1343763, -36.6420558], [-73.1344307, -36.6420375]]], [[[-73.1339043, -36.6411126], [-73.133974, -36.6411396], [-73.1339418, -36.6410675], [-73.1339043, -36.6411126]]], [[[-73.1342845, -36.6410755], [-73.1343542, -36.6410712], [-73.1343247, -36.641054], [-73.1342845, -36.6410755]]], [[[-73.1342355, -36.6409781], [-73.134198, -36.6410244], [-73.1342583, -36.6410061], [-73.1342355, -36.6409781]]], [[[-73.133968, -36.639569], [-73.1338969, -36.6395744], [-73.1339626, -36.6395862], [-73.133968, -36.639569]]], [[[-73.1335469, -36.6714867], [-73.1333672, -36.6715007], [-73.1333672, -36.6716836], [-73.1335469, -36.6714867]]], [[[-73.133327, -36.6708209], [-73.133398, -36.6708317], [-73.1333779, -36.6707273], [-73.133327, -36.6708209]]], [[[-73.1337588, -36.6704165], [-73.1337896, -36.670381], [-73.1337615, -36.6703121], [-73.1337588, -36.6704165]]], [[[-73.1338084, -36.6699173], [-73.1337776, -36.669927], [-73.1338111, -36.6702691], [-73.1338084, -36.6699173]]], [[[-73.1334906, -36.6691149], [-73.1334664, -36.6691181], [-73.1334678, -36.6691912], [-73.1334906, -36.6691149]]], [[[-73.1336421, -36.6690708], [-73.1336287, -36.6690665], [-73.1335979, -36.6691289], [-73.1336421, -36.6690708]]], [[[-73.1336166, -36.6689826], [-73.1335335, -36.668974], [-73.1336086, -36.6690181], [-73.1336166, -36.6689826]]], [[[-73.1332532, -36.6689557], [-73.1333337, -36.668818], [-73.1332344, -36.6688696], [-73.1332532, -36.6689557]]], [[[-73.1336891, -36.6689331], [-73.1337454, -36.668918], [-73.1336542, -36.6688212], [-73.1336891, -36.6689331]]], [[[-73.1333819, -36.6685781], [-73.1334061, -36.6685802], [-73.1333953, -36.6685168], [-73.1333819, -36.6685781]]], [[[-73.1336139, -36.6684673], [-73.1336153, -36.6685061], [-73.1336595, -36.668477], [-73.1336139, -36.6684673]]], [[[-73.1336676, -36.6684339], [-73.1337051, -36.6684522], [-73.1337293, -36.6684071], [-73.1336676, -36.6684339]]], [[[-73.1334946, -36.6683382], [-73.133457, -36.6684146], [-73.1334651, -36.6684522], [-73.1334946, -36.6683382]]], [[[-73.1334382, -36.6682447], [-73.1334543, -36.6683178], [-73.1334785, -36.6682457], [-73.1334382, -36.6682447]]], [[[-73.1331741, -36.6673636], [-73.1331942, -36.6676046], [-73.1332304, -36.6674325], [-73.1331741, -36.6673636]]], [[[-73.1332639, -36.6672141], [-73.1332103, -36.6672582], [-73.1332653, -36.6673313], [-73.1332639, -36.6672141]]], [[[-73.1325397, -36.6668086], [-73.1325129, -36.6668236], [-73.1325424, -36.666857], [-73.1325397, -36.6668086]]], [[[-73.133052, -36.6667494], [-73.1330158, -36.666715], [-73.1330212, -36.6667602], [-73.133052, -36.6667494]]], [[[-73.1324338, -36.6665708], [-73.1323158, -36.6667053], [-73.1324512, -36.6665923], [-73.1324338, -36.6665708]]], [[[-73.1315862, -36.666006], [-73.1315232, -36.6659867], [-73.1314977, -36.6660308], [-73.1315862, -36.666006]]], [[[-73.1315071, -36.6658995], [-73.1315942, -36.6659092], [-73.1315969, -36.6658242], [-73.1315071, -36.6658995]]], [[[-73.1316372, -36.665764], [-73.1315795, -36.6657855], [-73.1316291, -36.6657984], [-73.1316372, -36.665764]]], [[[-73.132474, -36.6657285], [-73.132466, -36.665679], [-73.1324378, -36.6657307], [-73.132474, -36.6657285]]], [[[-73.1323238, -36.6656908], [-73.1322715, -36.6656801], [-73.1323225, -36.6657242], [-73.1323238, -36.6656908]]], [[[-73.1321803, -36.6655402], [-73.1322648, -36.6656037], [-73.1322192, -36.6655284], [-73.1321803, -36.6655402]]], [[[-73.132018, -36.6654725], [-73.1318075, -36.6656059], [-73.1320086, -36.665565], [-73.132018, -36.6654725]]], [[[-73.1320113, -36.6653531], [-73.1318517, -36.6653767], [-73.1319429, -36.6654391], [-73.1320113, -36.6653531]]], [[[-73.1337118, -36.6641278], [-73.1338446, -36.6641826], [-73.1338165, -36.6640299], [-73.1337118, -36.6641278]]], [[[-73.132478, -36.6636942], [-73.1324365, -36.6636975], [-73.1324754, -36.6637104], [-73.132478, -36.6636942]]], [[[-73.1333162, -36.6635942], [-73.1332344, -36.6635834], [-73.1333149, -36.6636609], [-73.1333162, -36.6635942]]], [[[-73.133099, -36.6636598], [-73.1331539, -36.6636641], [-73.1331379, -36.6635673], [-73.133099, -36.6636598]]], [[[-73.1323775, -36.6635974], [-73.132356, -36.6636286], [-73.1323895, -36.6636254], [-73.1323775, -36.6635974]]], [[[-73.1330158, -36.6633866], [-73.1329246, -36.6634242], [-73.1330453, -36.6634576], [-73.1330158, -36.6633866]]], [[[-73.1322621, -36.6618385], [-73.132128, -36.6619095], [-73.1322152, -36.6619827], [-73.1322621, -36.6618385]]], [[[-73.1312623, -36.6615061], [-73.1312676, -36.6614351], [-73.1311858, -36.6614556], [-73.1312623, -36.6615061]]], [[[-73.130408, -36.6611597], [-73.1303731, -36.6611662], [-73.1304107, -36.6611931], [-73.130408, -36.6611597]]], [[[-73.1319295, -36.6609865], [-73.132301, -36.661037], [-73.1320502, -36.6607616], [-73.1319295, -36.6609865]]], [[[-73.1316989, -36.6608186], [-73.1316707, -36.660952], [-73.1319228, -36.660881], [-73.1316989, -36.6608186]]], [[[-73.1335147, -36.6607907], [-73.1333149, -36.6608455], [-73.1334235, -36.6609079], [-73.1335147, -36.6607907]]], [[[-73.1290267, -36.6609241], [-73.1291541, -36.6606821], [-73.128973, -36.6608456], [-73.1290267, -36.6609241]]], [[[-73.1288791, -36.6608165], [-73.1290763, -36.6606799], [-73.1288832, -36.6607133], [-73.1288791, -36.6608165]]], [[[-73.1292211, -36.6607703], [-73.1292962, -36.660781], [-73.129315, -36.6606831], [-73.1292211, -36.6607703]]], [[[-73.1319791, -36.6604109], [-73.1320154, -36.6604174], [-73.1319912, -36.6603582], [-73.1319791, -36.6604109]]], [[[-73.1301974, -36.6604475], [-73.1303597, -36.6602636], [-73.1301545, -36.6604013], [-73.1301974, -36.6604475]]], [[[-73.1319885, -36.6603087], [-73.1320355, -36.6602893], [-73.1319872, -36.6602625], [-73.1319885, -36.6603087]]], [[[-73.1296999, -36.6602001], [-73.1298997, -36.6602388], [-73.1297857, -36.6600817], [-73.1296999, -36.6602001]]], [[[-73.1284748, -36.6600043], [-73.1285057, -36.6599903], [-73.1284507, -36.6599849], [-73.1284748, -36.6600043]]], [[[-73.1284071, -36.6599214], [-73.1285117, -36.6598666], [-73.1283642, -36.6598322], [-73.1284071, -36.6599214]]], [[[-73.1288094, -36.6596891], [-73.1286163, -36.6596676], [-73.1287142, -36.659872], [-73.1288094, -36.6596891]]], [[[-73.1294116, -36.6595266], [-73.1293767, -36.6595266], [-73.1293432, -36.659617], [-73.1294116, -36.6595266]]], [[[-73.1280812, -36.6593319], [-73.1278626, -36.6594707], [-73.128104, -36.6594395], [-73.1280812, -36.6593319]]], [[[-73.1278022, -36.6594449], [-73.1278988, -36.659376], [-73.1277969, -36.6592394], [-73.1278022, -36.6594449]]], [[[-73.1280403, -36.6591694], [-73.1279934, -36.6592125], [-73.128047, -36.6591845], [-73.1280403, -36.6591694]]], [[[-73.1274857, -36.6582808], [-73.1274281, -36.6582894], [-73.1274696, -36.6583098], [-73.1274857, -36.6582808]]], [[[-73.1284051, -36.6582055], [-73.1284627, -36.6582076], [-73.1284078, -36.658185], [-73.1284051, -36.6582055]]], [[[-73.1279605, -36.6573211], [-73.1278693, -36.6572996], [-73.1279189, -36.6574492], [-73.1279605, -36.6573211]]], [[[-73.1276353, -36.6572899], [-73.127638, -36.6572265], [-73.1275964, -36.657305], [-73.1276353, -36.6572899]]], [[[-73.1273811, -36.6566423], [-73.1272095, -36.6568833], [-73.1274428, -36.6568198], [-73.1273811, -36.6566423]]], [[[-73.1275072, -36.6564518], [-73.1274817, -36.6564002], [-73.1274281, -36.6564669], [-73.1275072, -36.6564518]]], [[[-73.1271732, -36.6562431], [-73.1271464, -36.6562377], [-73.1271277, -36.6563464], [-73.1271732, -36.6562431]]], [[[-73.1270821, -36.6561323], [-73.1270405, -36.6561527], [-73.1271263, -36.6561764], [-73.1270821, -36.6561323]]], [[[-73.1283092, -36.6557321], [-73.1281576, -36.6557611], [-73.1280798, -36.6561398], [-73.1283092, -36.6557321]]], [[[-73.1273355, -36.6560161], [-73.1274911, -36.655915], [-73.1273704, -36.6557579], [-73.1273355, -36.6560161]]], [[[-73.126897, -36.6557374], [-73.1269801, -36.6557095], [-73.1269533, -36.6556654], [-73.126897, -36.6557374]]], [[[-73.1282381, -36.6555976], [-73.1281643, -36.6556019], [-73.1282233, -36.6556707], [-73.1282381, -36.6555976]]], [[[-73.1268648, -36.6501367], [-73.1269265, -36.6502131], [-73.1269587, -36.6501733], [-73.1268648, -36.6501367]]], [[[-73.1269909, -36.6498371], [-73.1271317, -36.6499124], [-73.1270727, -36.6497123], [-73.1269909, -36.6498371]]], [[[-73.1273637, -36.6497973], [-73.1271652, -36.6496305], [-73.1272644, -36.6498091], [-73.1273637, -36.6497973]]], [[[-73.1273905, -36.6496875], [-73.1273114, -36.6496057], [-73.1273328, -36.6497392], [-73.1273905, -36.6496875]]], [[[-73.1296536, -36.6465316], [-73.1295692, -36.6465402], [-73.1296402, -36.6465596], [-73.1296536, -36.6465316]]], [[[-73.1293981, -36.6463132], [-73.1294116, -36.6463444], [-73.1295001, -36.6462529], [-73.1293981, -36.6463132]]], [[[-73.1296074, -36.6462368], [-73.1296744, -36.6462357], [-73.1296167, -36.6461959], [-73.1296074, -36.6462368]]], [[[-73.1329521, -36.6446034], [-73.1327549, -36.644754], [-73.1329883, -36.6446809], [-73.1329521, -36.6446034]]], [[[-73.1334215, -36.6445991], [-73.1333852, -36.6445948], [-73.1333182, -36.644725], [-73.1334215, -36.6445991]]], [[[-73.1337896, -36.6445754], [-73.1338137, -36.6445733], [-73.1337614, -36.644541], [-73.1337896, -36.6445754]]], [[[-73.1336213, -36.6442924], [-73.1336193, -36.6444753], [-73.1336528, -36.644471], [-73.1336213, -36.6442924]]], [[[-73.1337943, -36.6422888], [-73.1336977, -36.6422985], [-73.1336977, -36.6423512], [-73.1337943, -36.6422888]]], [[[-73.1334925, -36.6416948], [-73.1333383, -36.6416873], [-73.1334322, -36.6417766], [-73.1334925, -36.6416948]]], [[[-73.1335864, -36.6416959], [-73.1336468, -36.6417174], [-73.1336226, -36.6416593], [-73.1335864, -36.6416959]]], [[[-73.1338292, -36.6412267], [-73.1337688, -36.6411869], [-73.1334671, -36.6413784], [-73.1338292, -36.6412267]]], [[[-73.1328501, -36.6399838], [-73.1328327, -36.6399225], [-73.1326356, -36.6400441], [-73.1328501, -36.6399838]]], [[[-73.1326906, -36.6398084], [-73.1326302, -36.639802], [-73.1326235, -36.6398622], [-73.1326906, -36.6398084]]], [[[-73.1338044, -36.6396927], [-73.1337789, -36.6396691], [-73.1336823, -36.6397164], [-73.1338044, -36.6396927]]], [[[-73.1326798, -36.6393812], [-73.1326168, -36.6394038], [-73.1326664, -36.6394006], [-73.1326798, -36.6393812]]], [[[-73.1323895, -36.6391192], [-73.1323305, -36.6391138], [-73.1323171, -36.6392063], [-73.1323895, -36.6391192]]], [[[-73.1325249, -36.6390944], [-73.1325585, -36.6391138], [-73.1325907, -36.6390772], [-73.1325249, -36.6390944]]], [[[-73.1316499, -36.63911], [-73.131796, -36.6390476], [-73.1316753, -36.6390519], [-73.1316499, -36.63911]]], [[[-73.1315325, -36.6378784], [-73.131507, -36.6378343], [-73.1314896, -36.6378698], [-73.1315325, -36.6378784]]], [[[-73.1306521, -36.6377595], [-73.1306936, -36.6378047], [-73.1307097, -36.6377326], [-73.1306521, -36.6377595]]], [[[-73.1314997, -36.6376433], [-73.1313803, -36.6377358], [-73.1314594, -36.6377229], [-73.1314997, -36.6376433]]], [[[-73.1313421, -36.6376416], [-73.1314279, -36.63759], [-73.1313247, -36.6376169], [-73.1313421, -36.6376416]]], [[[-73.13052, -36.6375943], [-73.1304959, -36.6376137], [-73.1305468, -36.6376298], [-73.13052, -36.6375943]]], [[[-73.1318678, -36.6374555], [-73.1319134, -36.6374748], [-73.1319215, -36.6374167], [-73.1318678, -36.6374555]]], [[[-73.1328039, -36.6373871], [-73.1328428, -36.6373581], [-73.1328045, -36.6373656], [-73.1328039, -36.6373871]]], [[[-73.1334054, -36.636877], [-73.133408, -36.6368996], [-73.1335287, -36.6369083], [-73.1334054, -36.636877]]], [[[-73.1268185, -36.6359656], [-73.1267447, -36.6359301], [-73.1267608, -36.6360258], [-73.1268185, -36.6359656]]], [[[-73.1269633, -36.6358192], [-73.126793, -36.6358784], [-73.1269566, -36.6358816], [-73.1269633, -36.6358192]]], [[[-73.1267917, -36.6356739], [-73.1268828, -36.6356739], [-73.1268332, -36.6355835], [-73.1267917, -36.6356739]]], [[[-73.1297301, -36.6085433], [-73.1297274, -36.6085589], [-73.1297556, -36.6085444], [-73.1297301, -36.6085433]]], [[[-73.1337057, -36.6082134], [-73.1335274, -36.6081822], [-73.1336964, -36.6082457], [-73.1337057, -36.6082134]]], [[[-73.1265952, -36.6569618], [-73.1266609, -36.6569327], [-73.1265858, -36.6569392], [-73.1265952, -36.6569618]]], [[[-73.1267414, -36.6562281], [-73.1267226, -36.6562205], [-73.1266972, -36.6562754], [-73.1267414, -36.6562281]]], [[[-73.1262962, -36.6552393], [-73.1264169, -36.6550629], [-73.1262586, -36.6551877], [-73.1262962, -36.6552393]]], [[[-73.1258456, -36.654809], [-73.1260843, -36.6548229], [-73.1258684, -36.6547186], [-73.1258456, -36.654809]]], [[[-73.1259931, -36.6546196], [-73.1260467, -36.6546196], [-73.1260172, -36.6545809], [-73.1259931, -36.6546196]]], [[[-73.1262378, -36.6541182], [-73.1261976, -36.6540806], [-73.1262003, -36.6541107], [-73.1262378, -36.6541182]]], [[[-73.1263197, -36.6540429], [-73.1262714, -36.6540311], [-73.1262781, -36.6540515], [-73.1263197, -36.6540429]]], [[[-73.1262667, -36.652096], [-73.1262694, -36.6521175], [-73.1263405, -36.6521208], [-73.1262667, -36.652096]]], [[[-73.1266181, -36.651954], [-73.1266717, -36.6519841], [-73.126657, -36.6519357], [-73.1266181, -36.651954]]], [[[-73.126441, -36.6505795], [-73.1265295, -36.650643], [-73.1264745, -36.6505257], [-73.126441, -36.6505795]]], [[[-73.1264987, -36.6504719], [-73.1265577, -36.6505042], [-73.1265282, -36.6504364], [-73.1264987, -36.6504719]]], [[[-73.126445, -36.650474], [-73.1264772, -36.6504665], [-73.1264142, -36.6504267], [-73.126445, -36.650474]]], [[[-73.1263947, -36.6357912], [-73.1263933, -36.6358138], [-73.1264524, -36.6357934], [-73.1263947, -36.6357912]]], [[[-73.1268144, -36.6357514], [-73.1266924, -36.635717], [-73.1267192, -36.6358267], [-73.1268144, -36.6357514]]], [[[-73.1252641, -36.6353296], [-73.1252802, -36.6352467], [-73.125177, -36.6352865], [-73.1252641, -36.6353296]]], [[[-73.1257751, -36.6351057], [-73.1255672, -36.6351423], [-73.1255109, -36.6353457], [-73.1257751, -36.6351057]]], [[[-73.1249342, -36.6351724], [-73.1248712, -36.6351552], [-73.1249235, -36.6352015], [-73.1249342, -36.6351724]]], [[[-73.1250093, -36.6351606], [-73.1250858, -36.6351283], [-73.1249986, -36.6351358], [-73.1250093, -36.6351606]]], [[[-73.1253821, -36.6339424], [-73.1254197, -36.6339499], [-73.1254599, -36.6338982], [-73.1253821, -36.6339424]]], [[[-73.1250804, -36.6339101], [-73.1251528, -36.6339187], [-73.1251421, -36.6338573], [-73.1250804, -36.6339101]]], [[[-73.1255176, -36.6337874], [-73.1255847, -36.6338057], [-73.1255645, -36.6337325], [-73.1255176, -36.6337874]]], [[[-73.1260768, -36.6337174], [-73.1259856, -36.6336819], [-73.1260084, -36.6337766], [-73.1260768, -36.6337174]]], [[[-73.1257644, -36.6336959], [-73.1258381, -36.6336948], [-73.1257939, -36.6336389], [-73.1257644, -36.6336959]]], [[[-73.1235194, -36.6335528], [-73.1236199, -36.6335442], [-73.1235448, -36.633528], [-73.1235194, -36.6335528]]], [[[-73.1233812, -36.6333311], [-73.1233021, -36.633386], [-73.123396, -36.6333623], [-73.1233812, -36.6333311]]], [[[-73.1224867, -36.6330986], [-73.1223432, -36.6330868], [-73.122476, -36.6331309], [-73.1224867, -36.6330986]]], [[[-73.1240625, -36.6330566], [-73.1241161, -36.6330653], [-73.1241027, -36.6329985], [-73.1240625, -36.6330566]]], [[[-73.1219945, -36.6330125], [-73.1220039, -36.6330265], [-73.122028, -36.6329878], [-73.1219945, -36.6330125]]], [[[-73.1251528, -36.6325347], [-73.1252588, -36.6324744], [-73.1251394, -36.6325089], [-73.1251528, -36.6325347]]], [[[-73.1217437, -36.6320773], [-73.1218202, -36.6320751], [-73.1217652, -36.6320149], [-73.1217437, -36.6320773]]], [[[-73.1224599, -36.631508], [-73.1224183, -36.6314961], [-73.1224572, -36.6315349], [-73.1224599, -36.631508]]], [[[-73.1213119, -36.6314359], [-73.1212314, -36.6314133], [-73.1212797, -36.6314423], [-73.1213119, -36.6314359]]], [[[-73.1213226, -36.6313831], [-73.1214152, -36.631381], [-73.1213481, -36.6313659], [-73.1213226, -36.6313831]]], [[[-73.1213843, -36.6310936], [-73.1212006, -36.6311518], [-73.1213092, -36.6311722], [-73.1213843, -36.6310936]]], [[[-73.1210584, -36.6310635], [-73.1209847, -36.6310667], [-73.121037, -36.6311001], [-73.1210584, -36.6310635]]], [[[-73.1207433, -36.6310764], [-73.1207634, -36.6311001], [-73.120868, -36.6310151], [-73.1207433, -36.6310764]]], [[[-73.1210692, -36.6309978], [-73.1210088, -36.6309656], [-73.1209458, -36.6310323], [-73.1210692, -36.6309978]]], [[[-73.1209082, -36.6308859], [-73.120919, -36.6308536], [-73.1207661, -36.6308612], [-73.1209082, -36.6308859]]], [[[-73.1243361, -36.6296375], [-73.1242717, -36.6296612], [-73.1243455, -36.6296569], [-73.1243361, -36.6296375]]], [[[-73.1227402, -36.6281662], [-73.1227429, -36.6281802], [-73.1227831, -36.6281652], [-73.1227402, -36.6281662]]], [[[-73.1205636, -36.6277702], [-73.1206038, -36.6277756], [-73.1206413, -36.6277325], [-73.1205636, -36.6277702]]], [[[-73.120976, -36.6276114], [-73.120866, -36.6276362], [-73.1209357, -36.6276668], [-73.120976, -36.6276114]]], [[[-73.1210403, -36.627471], [-73.1211248, -36.6274505], [-73.121047, -36.6274484], [-73.1210403, -36.627471]]], [[[-73.120475, -36.627415], [-73.1203986, -36.6273687], [-73.1203879, -36.6274236], [-73.120475, -36.627415]]], [[[-73.1205354, -36.6273666], [-73.1204871, -36.62733], [-73.1204415, -36.6273795], [-73.1205354, -36.6273666]]], [[[-73.1206185, -36.6275054], [-73.1211604, -36.6271997], [-73.120691, -36.6272945], [-73.1206185, -36.6275054]]], [[[-73.1205488, -36.6272245], [-73.1204938, -36.6272084], [-73.1205274, -36.6272503], [-73.1205488, -36.6272245]]], [[[-73.1204496, -36.6271718], [-73.1204804, -36.6271675], [-73.1204469, -36.6271513], [-73.1204496, -36.6271718]]], [[[-73.1210584, -36.6268381], [-73.12099, -36.626823], [-73.1210517, -36.6268575], [-73.1210584, -36.6268381]]], [[[-73.1211308, -36.6266153], [-73.1210329, -36.6266562], [-73.1211322, -36.6266358], [-73.1211308, -36.6266153]]], [[[-73.1204844, -36.6263387], [-73.1206199, -36.6262806], [-73.1205019, -36.6262795], [-73.1204844, -36.6263387]]], [[[-73.1198058, -36.6261751], [-73.1197321, -36.6262203], [-73.1198032, -36.6262365], [-73.1198058, -36.6261751]]], [[[-73.1199748, -36.6261837], [-73.1199882, -36.6262483], [-73.1200298, -36.6261611], [-73.1199748, -36.6261837]]], [[[-73.1201653, -36.6261719], [-73.1203584, -36.6262085], [-73.120172, -36.6261267], [-73.1201653, -36.6261719]]], [[[-73.1197844, -36.6260234], [-73.1197254, -36.6259416], [-73.1196449, -36.6260879], [-73.1197844, -36.6260234]]], [[[-73.1225645, -36.6259792], [-73.1225296, -36.6259997], [-73.1225846, -36.6260029], [-73.1225645, -36.6259792]]], [[[-73.119834, -36.6258479], [-73.1199614, -36.6257898], [-73.1199815, -36.6257478], [-73.119834, -36.6258479]]], [[[-73.1202049, -36.623304], [-73.120166, -36.6232922], [-73.1201499, -36.6233341], [-73.1202049, -36.623304]]], [[[-73.1203055, -36.6215506], [-73.120343, -36.6215409], [-73.1203068, -36.621527], [-73.1203055, -36.6215506]]], [[[-73.1205496, -36.6215452], [-73.1205858, -36.6215409], [-73.120681, -36.6214678], [-73.1205496, -36.6215452]]], [[[-73.1203067, -36.6214425], [-73.1201981, -36.621478], [-73.1202839, -36.6215017], [-73.1203067, -36.6214425]]], [[[-73.1204088, -36.6214182], [-73.1204262, -36.6214182], [-73.1204624, -36.6213644], [-73.1204088, -36.6214182]]], [[[-73.1197476, -36.6207057], [-73.1197825, -36.6207466], [-73.1198669, -36.6207121], [-73.1197476, -36.6207057]]], [[[-73.1201191, -36.6207218], [-73.1201781, -36.6207304], [-73.1201191, -36.6207014], [-73.1201191, -36.6207218]]], [[[-73.1195773, -36.6203709], [-73.1196041, -36.6204065], [-73.119651, -36.6203655], [-73.1195773, -36.6203709]]], [[[-73.1200775, -36.6203203], [-73.1199984, -36.6203096], [-73.1200547, -36.6203473], [-73.1200775, -36.6203203]]], [[[-73.1199862, -36.6202402], [-73.1193827, -36.6201476], [-73.1198387, -36.6203241], [-73.1199862, -36.6202402]]], [[[-73.1204919, -36.6201578], [-73.1205308, -36.6201503], [-73.1204865, -36.6201298], [-73.1204919, -36.6201578]]], [[[-73.1204074, -36.6201158], [-73.1204248, -36.6200943], [-73.1203658, -36.6200943], [-73.1204074, -36.6201158]]], [[[-73.1197114, -36.6199511], [-73.1196872, -36.6199415], [-73.1196202, -36.6199781], [-73.1197114, -36.6199511]]], [[[-73.1194284, -36.6199102], [-73.1194043, -36.6199027], [-73.1194177, -36.6199328], [-73.1194284, -36.6199102]]], [[[-73.1196886, -36.6198607], [-73.119757, -36.6198392], [-73.1196939, -36.6198338], [-73.1196886, -36.6198607]]], [[[-73.1192259, -36.6192784], [-73.1192983, -36.6192752], [-73.119242, -36.6192483], [-73.1192259, -36.6192784]]], [[[-73.1195504, -36.6186999], [-73.1197623, -36.618687], [-73.1195584, -36.6186719], [-73.1195504, -36.6186999]]], [[[-73.1205012, -36.6185879], [-73.1204851, -36.6185599], [-73.1203456, -36.6186461], [-73.1205012, -36.6185879]]], [[[-73.120292, -36.6185126], [-73.120056, -36.6184824], [-73.1202705, -36.6185621], [-73.120292, -36.6185126]]], [[[-73.1196188, -36.618484], [-73.1196711, -36.6184916], [-73.1196658, -36.6184517], [-73.1196188, -36.618484]]], [[[-73.120186, -36.6182994], [-73.1200332, -36.6183134], [-73.1201498, -36.6183264], [-73.120186, -36.6182994]]], [[[-73.1194015, -36.6178172], [-73.1193948, -36.6177892], [-73.1193344, -36.6178431], [-73.1194015, -36.6178172]]], [[[-73.1195302, -36.6177763], [-73.1194659, -36.6177634], [-73.1194954, -36.6178409], [-73.1195302, -36.6177763]]], [[[-73.1194189, -36.6171724], [-73.1194753, -36.617194], [-73.1195074, -36.6171165], [-73.1194189, -36.6171724]]], [[[-73.1193277, -36.6171595], [-73.1193599, -36.6171703], [-73.1194618, -36.6170368], [-73.1193277, -36.6171595]]], [[[-73.1193948, -36.616392], [-73.1192996, -36.6164093], [-73.1193841, -36.616462], [-73.1193948, -36.616392]]], [[[-73.1207574, -36.6162327], [-73.1206232, -36.6163339], [-73.1207708, -36.616293], [-73.1207574, -36.6162327]]], [[[-73.1208351, -36.6160928], [-73.1208217, -36.61618], [-73.1209666, -36.6160906], [-73.1208351, -36.6160928]]], [[[-73.1188771, -36.615167], [-73.1188516, -36.6152149], [-73.1189053, -36.61518], [-73.1188771, -36.615167]]], [[[-73.1190428, -36.6150115], [-73.1190455, -36.6150384], [-73.1191152, -36.6149943], [-73.1190428, -36.6150115]]], [[[-73.1187645, -36.6148032], [-73.1188436, -36.6148129], [-73.1187712, -36.6147688], [-73.1187645, -36.6148032]]], [[[-73.1190541, -36.6147644], [-73.1190032, -36.6147332], [-73.1189106, -36.6148441], [-73.1190541, -36.6147644]]], [[[-73.1191702, -36.614554], [-73.1191863, -36.6145787], [-73.1192587, -36.6145378], [-73.1191702, -36.614554]]], [[[-73.1193814, -36.6144447], [-73.1193304, -36.6143995], [-73.119321, -36.6144996], [-73.1193814, -36.6144447]]], [[[-73.1186558, -36.6144636], [-73.118629, -36.6144194], [-73.1186317, -36.6144765], [-73.1186558, -36.6144636]]], [[[-73.1194787, -36.6143925], [-73.1194157, -36.6144636], [-73.1194961, -36.6144173], [-73.1194787, -36.6143925]]], [[[-73.1202927, -36.6140653], [-73.1202646, -36.6140567], [-73.1202646, -36.6140933], [-73.1202927, -36.6140653]]], [[[-73.1200251, -36.6140852], [-73.1200613, -36.6140874], [-73.1200881, -36.6140098], [-73.1200251, -36.6140852]]], [[[-73.1185661, -36.613991], [-73.1185956, -36.6139931], [-73.1185661, -36.6139716], [-73.1185661, -36.613991]]], [[[-73.1217954, -36.6137359], [-73.1218155, -36.613751], [-73.1218155, -36.6137208], [-73.1217954, -36.6137359]]], [[[-73.120909, -36.6133456], [-73.1208929, -36.6133273], [-73.1208868, -36.6133569], [-73.120909, -36.6133456]]], [[[-73.1223641, -36.6130824], [-73.1223225, -36.6131578], [-73.1223627, -36.613175], [-73.1223641, -36.6130824]]], [[[-73.1218437, -36.6130555], [-73.1218799, -36.6130641], [-73.121896, -36.6130415], [-73.1218437, -36.6130555]]], [[[-73.1032766, -36.6921934], [-73.1137736, -36.7108664], [-73.0983362, -36.7261756], [-73.0148095, -36.7402404], [-72.9939875, -36.7345744], [-72.9841247, -36.7192223], [-72.9902737, -36.7056684], [-72.9813777, -36.712465], [-72.9734176, -36.6975865], [-72.9848412, -36.6711856], [-72.9562703, -36.6310915], [-72.9663983, -36.6122896], [-72.9805751, -36.609101], [-72.9824842, -36.5865081], [-73.002063, -36.578726], [-72.9780954, -36.5597314], [-72.9777984, -36.5278272], [-72.9539394, -36.5249315], [-72.9557902, -36.5583084], [-72.9492939, -36.5471484], [-72.9330745, -36.5441995], [-72.93322, -36.5211168], [-72.9072579, -36.4979885], [-72.9074755, -36.4857155], [-72.9175928, -36.4802216], [-72.8979242, -36.4452467], [-72.8863236, -36.4433544], [-72.8776735, -36.4551971], [-72.8537697, -36.4612482], [-72.8261589, -36.4613639], [-72.8196949, -36.4540257], [-72.8097962, -36.4597467], [-72.8134346, -36.4823556], [-72.8002134, -36.4966573], [-72.8078878, -36.5064454], [-72.8011449, -36.5107383], [-72.8202205, -36.5140942], [-72.8265281, -36.542878], [-72.7982282, -36.5651009], [-72.7989015, -36.6056604], [-72.767224, -36.6032837], [-72.7726194, -36.62489], [-72.7334002, -36.617321], [-72.7350095, -36.6402023], [-72.7199087, -36.6550725], [-72.6876162, -36.654498], [-72.6667768, -36.669088], [-72.6541823, -36.6666032], [-72.6374894, -36.6860855], [-72.6188159, -36.6893548], [-72.6179258, -36.7039564], [-72.5896594, -36.7361736], [-72.5973734, -36.7443586], [-72.5883119, -36.7525534], [-72.60271, -36.7676554], [-72.5916271, -36.7923178], [-72.5930541, -36.8161477], [-72.5795465, -36.8220138], [-72.5763381, -36.8323665], [-72.5384223, -36.8494125], [-72.5570691, -36.8480023], [-72.5732696, -36.8644032], [-72.5606847, -36.8819935], [-72.5677174, -36.8927284], [-72.6450723, -36.8831391], [-72.6579416, -36.910295], [-72.644552, -36.9305291], [-72.6484197, -36.9525326], [-72.6731309, -36.9492616], [-72.67941, -36.9367637], [-72.7012861, -36.9408713], [-72.7154884, -36.9571022], [-72.738153, -36.9585993], [-72.7446118, -36.974429], [-72.7738023, -36.9961006], [-72.7744541, -37.0022164], [-72.7594419, -37.0000465], [-72.7609313, -37.0075982], [-72.7270087, -37.019066], [-72.7237793, -37.0375027], [-72.7523, -37.072611], [-72.7763029, -37.0770055], [-72.7792901, -37.1187846], [-72.7644897, -37.1384329], [-72.7748216, -37.1414563], [-72.772083, -37.1475113], [-72.7915156, -37.1658097], [-72.818268, -37.1780624], [-72.8229211, -37.1986064], [-72.8061026, -37.2099657], [-72.7767957, -37.2034313], [-72.7427101, -37.2366324], [-72.7276898, -37.27547], [-72.733638, -37.2816271], [-72.7267608, -37.2940639], [-72.7313366, -37.3031746], [-72.7501067, -37.3217511], [-72.7663609, -37.3088923], [-72.7790531, -37.3176173], [-72.804113, -37.3061743], [-72.8034854, -37.3362969], [-72.8116319, -37.3445044], [-72.8312443, -37.3333982], [-72.841986, -37.3357663], [-72.8472331, -37.3480254], [-72.8757745, -37.3562747], [-72.8923506, -37.3437544], [-72.9066145, -37.3561724], [-72.92274, -37.3526502], [-72.9295608, -37.3669234], [-72.9434198, -37.3702169], [-72.9505116, -37.3968959], [-72.9647756, -37.4016689], [-72.9674041, -37.43062], [-72.9771352, -37.4402552], [-72.9692729, -37.4480112], [-72.9775984, -37.4510094], [-73.000406, -37.4393522], [-73.037957, -37.447453], [-73.0474198, -37.4392755], [-73.0825997, -37.4364813], [-73.086344, -37.4282941], [-73.1215346, -37.4278596], [-73.126545, -37.4118574], [-73.1140995, -37.4032158], [-73.1226526, -37.3934778], [-73.1155501, -37.3891987], [-73.1157078, -37.3674635], [-73.1338395, -37.3526423], [-73.1204714, -37.348685], [-73.1120814, -37.3330412], [-73.1123389, -37.3055843], [-73.0958809, -37.2887706], [-73.087698, -37.259448], [-73.0656903, -37.255551], [-73.0841305, -37.238265], [-73.1084757, -37.2421741], [-73.1190589, -37.2231802], [-73.1186878, -37.2166287], [-73.0891513, -37.211453], [-73.0785621, -37.2010182], [-73.0905733, -37.1923691], [-73.0998431, -37.162159], [-73.1231246, -37.152702], [-73.1726919, -37.1599872], [-73.1854273, -37.1523482], [-73.1716383, -37.1436886], [-73.1727541, -37.1274163], [-73.1527233, -37.1145798], [-73.1628715, -37.1070656], [-73.1600793, -37.0975878], [-73.1744425, -37.0889368], [-73.1634268, -37.0731537], [-73.1494091, -37.0720504], [-73.1414878, -37.0548279], [-73.1514453, -37.0274848], [-73.1791002, -37.0284069], [-73.1895223, -37.0015963], [-73.1559849, -36.9195121], [-73.1542361, -36.8305267], [-73.1609711, -36.8188081], [-73.1758896, -36.8126003], [-73.1743538, -36.8125712], [-73.1737286, -36.8118013], [-73.1744112, -36.8079307], [-73.1789575, -36.8040191], [-73.180393, -36.803858], [-73.1782034, -36.8025178], [-73.1781214, -36.7968076], [-73.1928353, -36.7815235], [-73.1947808, -36.780664], [-73.2028477, -36.781604], [-73.211931, -36.7867598], [-73.2194918, -36.7810227], [-73.2141728, -36.7798308], [-73.21358, -36.7760476], [-73.2170669, -36.774258], [-73.2122418, -36.7739761], [-73.2085092, -36.7707838], [-73.2041761, -36.7650685], [-73.2059142, -36.7635848], [-73.2047756, -36.7645109], [-73.1957057, -36.7612458], [-73.1995681, -36.758564], [-73.1897807, -36.7536558], [-73.1917977, -36.7466518], [-73.184942, -36.7527548], [-73.1770717, -36.7545745], [-73.1754872, -36.765084], [-73.1688534, -36.7667863], [-73.1309552, -36.7461639], [-73.1296362, -36.7256456], [-73.1464597, -36.7337334], [-73.1431163, -36.7280991], [-73.1427059, -36.7267404], [-73.1449603, -36.722817], [-73.1503656, -36.7201005], [-73.1537788, -36.7212733], [-73.1536433, -36.7183419], [-73.1553385, -36.7177592], [-73.1556053, -36.7167057], [-73.1572683, -36.7160714], [-73.1570631, -36.715263], [-73.1578155, -36.7150136], [-73.1571168, -36.7138525], [-73.1581494, -36.7128871], [-73.1572375, -36.7128204], [-73.1569357, -36.7108057], [-73.1618629, -36.7115943], [-73.1371799, -36.6937616], [-73.1385606, -36.6916458], [-73.141631, -36.6915098], [-73.142555, -36.6906613], [-73.1445533, -36.6904301], [-73.1371773, -36.688376], [-73.1305294, -36.6648518], [-73.1311825, -36.6637244], [-73.1325612, -36.6632101], [-73.1336689, -36.6633651], [-73.1347123, -36.6607638], [-73.1342671, -36.6614265], [-73.1334034, -36.662016], [-73.1330815, -36.6612812], [-73.1326256, -36.6625819], [-73.1281201, -36.6607552], [-73.1254298, -36.6540741], [-73.1257946, -36.6509475], [-73.128623, -36.6466242], [-73.1338479, -36.6440858], [-73.1333303, -36.6433928], [-73.1330862, -36.6416281], [-73.1334657, -36.6413978], [-73.1233176, -36.6352983], [-73.1207588, -36.6319815], [-73.1180497, -36.6252958], [-73.1178532, -36.6147537], [-73.1116385, -36.6174964], [-73.1077708, -36.614913], [-73.1033451, -36.6172747], [-73.1015641, -36.6176988], [-73.1006495, -36.6174663], [-73.0906201, -36.6298925], [-73.0980418, -36.6525377], [-73.097626, -36.6746825], [-73.1036295, -36.6882341], [-73.0979794, -36.6903462], [-73.0952328, -36.693153], [-73.0942217, -36.6962919], [-73.1032766, -36.6921934]]], [[[-73.0975047, -36.6731486], [-73.0975033, -36.6731599], [-73.0975389, -36.6731572], [-73.0975047, -36.6731486]]], [[[-73.0971392, -36.6637276], [-73.0970252, -36.6636889], [-73.0970561, -36.6637287], [-73.0971392, -36.6637276]]], [[[-73.0974289, -36.6599763], [-73.0974369, -36.6599924], [-73.0974678, -36.6599935], [-73.0974289, -36.6599763]]], [[[-73.0968884, -36.656227], [-73.096879, -36.6562054], [-73.0968643, -36.6562366], [-73.0968884, -36.656227]]], [[[-73.0968053, -36.6560387], [-73.0968013, -36.6560172], [-73.0967114, -36.6559978], [-73.0968053, -36.6560387]]], [[[-73.0966242, -36.655915], [-73.096588, -36.6559451], [-73.0966403, -36.6559354], [-73.0966242, -36.655915]]], [[[-73.096938, -36.6551629], [-73.096993, -36.6551823], [-73.0969434, -36.6551457], [-73.096938, -36.6551629]]], [[[-73.0942625, -36.6449014], [-73.0942947, -36.6449111], [-73.09428, -36.6448853], [-73.0942625, -36.6449014]]], [[[-73.0939139, -36.644726], [-73.0939071, -36.6447056], [-73.0938361, -36.6446852], [-73.0939139, -36.644726]]], [[[-73.0916581, -36.6358504], [-73.0916273, -36.6358256], [-73.0916273, -36.6358762], [-73.0916581, -36.6358504]]], [[[-73.0906751, -36.6346042], [-73.090663, -36.634545], [-73.0906416, -36.6346106], [-73.0906751, -36.6346042]]], [[[-73.0835701, -36.6284675], [-73.0838384, -36.628585], [-73.084497, -36.6283696], [-73.0835701, -36.6284675]]], [[[-73.091298, -36.6284132], [-73.0912719, -36.6283745], [-73.0912451, -36.6284008], [-73.091298, -36.6284132]]], [[[-73.0885299, -36.6272669], [-73.0878551, -36.6272538], [-73.0871233, -36.6281935], [-73.0885299, -36.6272669]]], [[[-73.0921651, -36.6273891], [-73.0921543, -36.6274252], [-73.0921966, -36.6274166], [-73.0921651, -36.6273891]]], [[[-73.068166, -36.6227276], [-73.0542454, -36.6113972], [-73.0526508, -36.6100203], [-73.052522, -36.6086757], [-73.0528131, -36.6082354], [-73.0521485, -36.608975], [-73.0507726, -36.6087618], [-73.0493912, -36.606388], [-73.0491217, -36.6048668], [-73.0501966, -36.6039345], [-73.0474587, -36.6042919], [-73.0590056, -36.6343351], [-73.0555147, -36.6427698], [-73.0713665, -36.647939], [-73.068166, -36.6227276]]], [[[-73.0937737, -36.6230704], [-73.0937657, -36.6230403], [-73.0937362, -36.6230688], [-73.0937737, -36.6230704]]], [[[-73.0936175, -36.6227056], [-73.0937248, -36.6228412], [-73.093655, -36.6227206], [-73.0936175, -36.6227056]]], [[[-73.0687614, -36.6224467], [-73.0687132, -36.622451], [-73.068807, -36.6226308], [-73.0687614, -36.6224467]]], [[[-73.069672, -36.6221927], [-73.0696157, -36.6222056], [-73.0696586, -36.6223767], [-73.069672, -36.6221927]]], [[[-73.0679219, -36.6216367], [-73.0679152, -36.6216744], [-73.0679595, -36.6216367], [-73.0679219, -36.6216367]]], [[[-73.0949552, -36.6215404], [-73.0949485, -36.6215652], [-73.0949861, -36.6215372], [-73.0949552, -36.6215404]]], [[[-73.0958484, -36.6215361], [-73.0958591, -36.6215113], [-73.0958189, -36.6215447], [-73.0958484, -36.6215361]]], [[[-73.0970903, -36.6206965], [-73.09705, -36.6206556], [-73.0970661, -36.6207353], [-73.0970903, -36.6206965]]], [[[-73.0980907, -36.6197848], [-73.0982007, -36.6199226], [-73.0981926, -36.6197978], [-73.0980907, -36.6197848]]], [[[-73.0973826, -36.6197676], [-73.0973692, -36.6197956], [-73.0975328, -36.6197999], [-73.0973826, -36.6197676]]], [[[-73.097498, -36.6196772], [-73.0974658, -36.6194835], [-73.0974711, -36.619632], [-73.097498, -36.6196772]]], [[[-73.0973665, -36.6194253], [-73.097325, -36.6194436], [-73.097396, -36.6194533], [-73.0973665, -36.6194253]]], [[[-73.1017674, -36.6175658], [-73.1017231, -36.6175099], [-73.1017097, -36.6175906], [-73.1017674, -36.6175658]]], [[[-73.1017674, -36.6173247], [-73.101695, -36.617301], [-73.1017218, -36.6173828], [-73.1017674, -36.6173247]]], [[[-73.1004531, -36.6173462], [-73.1005202, -36.6172494], [-73.1003646, -36.6172946], [-73.1004531, -36.6173462]]], [[[-73.1009346, -36.6172698], [-73.101003, -36.6172978], [-73.1009547, -36.617244], [-73.1009346, -36.6172698]]], [[[-73.1002439, -36.6172257], [-73.1002895, -36.6172171], [-73.1002359, -36.6171826], [-73.1002439, -36.6172257]]], [[[-73.1008715, -36.617188], [-73.100838, -36.6171643], [-73.1008528, -36.6171966], [-73.1008715, -36.617188]]], [[[-73.1006543, -36.6169856], [-73.100716, -36.6170147], [-73.1006824, -36.6169749], [-73.1006543, -36.6169856]]], [[[-73.1013262, -36.6168672], [-73.1013476, -36.6168812], [-73.1013543, -36.6168425], [-73.1013262, -36.6168672]]], [[[-73.1011424, -36.6167607], [-73.1011585, -36.6167876], [-73.1011612, -36.6167338], [-73.1011424, -36.6167607]]], [[[-73.1006637, -36.6166972], [-73.1006664, -36.6167133], [-73.1008702, -36.6167908], [-73.1006637, -36.6166972]]], [[[-73.1039708, -36.6162225], [-73.1039588, -36.6162042], [-73.1038783, -36.6161912], [-73.1039708, -36.6162225]]], [[[-73.1042926, -36.6160201], [-73.1043463, -36.6161159], [-73.1043168, -36.6160115], [-73.1042926, -36.6160201]]], [[[-73.1054527, -36.6159577], [-73.1053615, -36.6159017], [-73.1052823, -36.6159932], [-73.1054527, -36.6159577]]], [[[-73.1039909, -36.6158317], [-73.1040244, -36.6159577], [-73.1040552, -36.6158016], [-73.1039909, -36.6158317]]], [[[-73.1140935, -36.6157908], [-73.1140358, -36.6158124], [-73.1141082, -36.61585], [-73.1140935, -36.6157908]]], [[[-73.104475, -36.6158317], [-73.1044361, -36.6157715], [-73.1044254, -36.615835], [-73.104475, -36.6158317]]], [[[-73.1158958, -36.6148597], [-73.1159709, -36.6148307], [-73.1159106, -36.614808], [-73.1158958, -36.6148597]]], [[[-73.1185579, -36.6148237], [-73.118503, -36.6147666], [-73.118452, -36.6148592], [-73.1185579, -36.6148237]]], [[[-73.1079967, -36.6143915], [-73.1080853, -36.6144517], [-73.1080772, -36.6143355], [-73.1079967, -36.6143915]]], [[[-73.116832, -36.6140394], [-73.116887, -36.6140448], [-73.1168655, -36.6140104], [-73.116832, -36.6140394]]], [[[-73.1185205, -36.6139716], [-73.1185178, -36.6139189], [-73.1184708, -36.6139425], [-73.1185205, -36.6139716]]], [[[-73.061769, -36.6130173], [-73.0616778, -36.6129333], [-73.0615557, -36.6130517], [-73.061769, -36.6130173]]], [[[-73.108381, -36.6124812], [-73.1083649, -36.6124296], [-73.1081879, -36.6125114], [-73.108381, -36.6124812]]], [[[-73.1078224, -36.612189], [-73.1080826, -36.6123418], [-73.1078693, -36.6121933], [-73.1078224, -36.612189]]], [[[-73.059587, -36.6107534], [-73.0596406, -36.6107706], [-73.0598016, -36.6106996], [-73.059587, -36.6107534]]], [[[-73.0603823, -36.6106824], [-73.0607846, -36.6107556], [-73.0604279, -36.6106522], [-73.0603823, -36.6106824]]], [[[-73.0599316, -36.6103788], [-73.0597653, -36.6103013], [-73.0599155, -36.6104219], [-73.0599316, -36.6103788]]], [[[-73.0594985, -36.6099729], [-73.059481, -36.609946], [-73.0593925, -36.6099686], [-73.0594985, -36.6099729]]], [[[-73.0585905, -36.6097813], [-73.0586509, -36.6098082], [-73.0586254, -36.6097706], [-73.0585905, -36.6097813]]], [[[-73.058899, -36.609678], [-73.0588453, -36.6096381], [-73.0588655, -36.6096963], [-73.058899, -36.609678]]], [[[-73.0590693, -36.6093378], [-73.0590103, -36.6093163], [-73.0590157, -36.6093701], [-73.0590693, -36.6093378]]], [[[-73.0588199, -36.6092764], [-73.0587153, -36.6091752], [-73.0587086, -36.609313], [-73.0588199, -36.6092764]]], [[[-73.0587837, -36.6091731], [-73.0587796, -36.6091957], [-73.0589486, -36.6091322], [-73.0587837, -36.6091731]]], [[[-73.0579629, -36.6093023], [-73.058262, -36.6090827], [-73.0579012, -36.6090127], [-73.0579629, -36.6093023]]], [[[-73.0526266, -36.6089804], [-73.0527085, -36.6089976], [-73.0527554, -36.6089083], [-73.0526266, -36.6089804]]], [[[-73.0534487, -36.6086628], [-73.0533093, -36.608652], [-73.0534554, -36.6087016], [-73.0534487, -36.6086628]]], [[[-73.0582982, -36.6087823], [-73.058266, -36.6085541], [-73.0579347, -36.6087435], [-73.0582982, -36.6087823]]], [[[-73.0519796, -36.6082688], [-73.0518133, -36.6082946], [-73.051647, -36.6086563], [-73.0519796, -36.6082688]]], [[[-73.0579857, -36.608314], [-73.0583076, -36.6081439], [-73.0579777, -36.6082731], [-73.0579857, -36.608314]]], [[[-73.0526072, -36.6081138], [-73.0526098, -36.6081816], [-73.0526568, -36.6081149], [-73.0526072, -36.6081138]]], [[[-73.0527694, -36.6081062], [-73.0527386, -36.6081644], [-73.0528311, -36.6081159], [-73.0527694, -36.6081062]]], [[[-73.052742, -36.608005], [-73.0528023, -36.6080406], [-73.0529727, -36.6079609], [-73.052742, -36.608005]]], [[[-73.0591471, -36.607976], [-73.0591967, -36.6079587], [-73.0591256, -36.6079028], [-73.0591471, -36.607976]]], [[[-73.0510428, -36.6078565], [-73.0509476, -36.6078748], [-73.0507518, -36.6079717], [-73.0510428, -36.6078565]]], [[[-73.0592939, -36.6077822], [-73.0593007, -36.6077176], [-73.0592577, -36.6077865], [-73.0592939, -36.6077822]]], [[[-73.0529934, -36.6074991], [-73.0528285, -36.6075432], [-73.0529975, -36.6077854], [-73.0529934, -36.6074991]]], [[[-73.0521713, -36.6074991], [-73.0521284, -36.6074549], [-73.0520841, -36.6075626], [-73.0521713, -36.6074991]]], [[[-73.0505714, -36.6073473], [-73.0509228, -36.6072568], [-73.0508477, -36.6071319], [-73.0505714, -36.6073473]]], [[[-73.0509006, -36.6069102], [-73.0509409, -36.6068994], [-73.0509382, -36.6068467], [-73.0509006, -36.6069102]]], [[[-73.0501248, -36.6065904], [-73.0500081, -36.606669], [-73.0501208, -36.6066281], [-73.0501248, -36.6065904]]], [[[-73.0474285, -36.6057098], [-73.0474916, -36.6057292], [-73.0475211, -36.6056915], [-73.0474285, -36.6057098]]], [[[-73.0502066, -36.6050951], [-73.0499089, -36.6052609], [-73.0501423, -36.6052458], [-73.0502066, -36.6050951]]], [[[-73.0492437, -36.6048862], [-73.0494851, -36.6048841], [-73.0498311, -36.6047204], [-73.0492437, -36.6048862]]], [[[-73.0503649, -36.6043802], [-73.0504748, -36.6043242], [-73.0503461, -36.6043522], [-73.0503649, -36.6043802]]], [[[-73.0500457, -36.6042047], [-73.0501342, -36.6042079], [-73.0502925, -36.6040583], [-73.0500457, -36.6042047]]], [[[-73.0498137, -36.603829], [-73.0499773, -36.6037902], [-73.049862, -36.6037235], [-73.0498137, -36.603829]]], [[[-73.0501543, -36.6038118], [-73.050436, -36.6037622], [-73.0502965, -36.6037127], [-73.0501543, -36.6038118]]], [[[-73.0491156, -36.6037795], [-73.0491518, -36.6037816], [-73.0492189, -36.6036621], [-73.0491156, -36.6037795]]], [[[-73.0482553, -36.6036567], [-73.0481024, -36.6036546], [-73.0481936, -36.6037536], [-73.0482553, -36.6036567]]], [[[-73.0499317, -36.6032368], [-73.0498298, -36.6032239], [-73.0495267, -36.6034048], [-73.0499317, -36.6032368]]], [[[-73.0484759, -36.6029505], [-73.0486074, -36.6029548], [-73.0486503, -36.6028729], [-73.0484759, -36.6029505]]], [[[-73.0479951, -36.6027911], [-73.04825, -36.6027653], [-73.0483532, -36.602607], [-73.0479951, -36.6027911]]], [[[-73.0490881, -36.6021387], [-73.0492196, -36.6021021], [-73.0491485, -36.6019697], [-73.0490881, -36.6021387]]]]}}]}