{"type": "FeatureCollection", "features": [{"type": "Feature", "properties": {"slug": "kuressaare", "members": 1, "country": "Estonia", "input_hash": "63556ed9fa5b7fec"}, "geometry": {"type": "MultiPolygon", "coordinates": [[[[21.8386499, 58.2790331], [21.8383535, 58.2785151], [21.8377119, 58.2785423], [21.8386499, 58.2790331]]], [[[21.8131533, 58.2820231], [21.815057, 58.281962], [21.813396, 58.281546], [21.8131533, 58.2820231]]], [[[21.8350158, 58.3118403], [21.8349529, 58.3116927], [21.8349095, 58.3118708], [21.8350158, 58.3118403]]], [[[21.8345173, 58.3128988], [21.8345874, 58.3128396], [21.8344722, 58.3127605], [21.8345173, 58.3128988]]], [[[21.8344724, 58.3129462], [21.8344871, 58.3131069], [21.8345954, 58.3129363], [21.8344724, 58.3129462]]], [[[21.8299919, 58.3134884], [21.8297853, 58.3136626], [21.8300032, 58.3138146], [21.8299919, 58.3134884]]], [[[21.8314151, 58.3146148], [21.8339075, 58.3136395], [21.8330926, 58.3134773], [21.8314151, 58.3146148]]], [[[21.8216496, 58.3142985], [21.8212845, 58.3138948], [21.8212503, 58.3141534], [21.8216496, 58.3142985]]], [[[21.8298788, 58.3140746], [21.8301344, 58.3141825], [21.829959, 58.3140225], [21.8298788, 58.3140746]]], [[[21.8305624, 58.3142709], [21.8308682, 58.3143554], [21.8306964, 58.3141921], [21.8305624, 58.3142709]]], [[[21.8306297, 58.3146532], [21.8307737, 58.314754], [21.8308563, 58.3146053], [21.8306297, 58.3146532]]], [[[21.7813362, 58.3177091], [21.791634, 58.3165558], [21.7758389, 58.3117091], [21.7813362, 58.3177091]]], [[[21.8325352, 58.3157808], [21.832688, 58.3159111], [21.8330129, 58.3158579], [21.8325352, 58.3157808]]], [[[21.830977, 58.3166788], [21.8330597, 58.3161174], [21.8327793, 58.3160161], [21.830977, 58.3166788]]], [[[21.8191154, 58.3164357], [21.8203143, 58.3166466], [21.8187978, 58.31605], [21.8191154, 58.3164357]]], [[[21.8237, 58.3189507], [21.8239655, 58.3190453], [21.8237566, 58.3188755], [21.8237, 58.3189507]]], [[[21.8306434, 58.3185693], [21.8303007, 58.3205051], [21.8335332, 58.3184149], [21.8306434, 58.3185693]]], [[[21.7873431, 58.3223367], [21.7893414, 58.3228372], [21.7887307, 58.3213], [21.7873431, 58.3223367]]], [[[21.7648103, 58.3210235], [21.7680937, 58.3245841], [21.7716376, 58.3231393], [21.7648103, 58.3210235]]], [[[21.8004878, 58.3262706], [21.8015572, 58.3261651], [21.8009558, 58.3259924], [21.8004878, 58.3262706]]], [[[21.8028408, 58.3276932], [21.8031666, 58.3268905], [21.8011498, 58.327384], [21.8028408, 58.3276932]]], [[[21.8013338, 58.3275886], [21.8013737, 58.3276375], [21.8014557, 58.3275389], [21.8013338, 58.3275886]]], [[[21.8143963, 58.3296359], [21.7865266, 58.3270676], [21.7718459, 58.3357695], [21.7801555, 58.3401843], [21.8143963, 58.3296359]]], [[[21.8696633, 58.3339924], [21.8649126, 58.3362963], [21.8687081, 58.3359128], [21.8696633, 58.3339924]]], [[[21.8668039, 58.3454157], [21.8659574, 58.3449235], [21.8644662, 58.3469879], [21.8668039, 58.3454157]]], [[[21.8548059, 58.3501658], [21.8557954, 58.3501669], [21.8557671, 58.3490234], [21.8548059, 58.3501658]]], [[[21.854839, 58.3560336], [21.8549116, 58.3558728], [21.8545515, 58.3559288], [21.854839, 58.3560336]]], [[[21.854655, 58.3562063], [21.8544336, 58.3562578], [21.8545782, 58.3564119], [21.854655, 58.3562063]]], [[[21.8556868, 58.3566994], [21.855715, 58.3561174], [21.853585, 58.3573329], [21.8523163, 58.356728], [21.8506049, 58.3581886], [21.8521422, 58.3586289], [21.8556868, 58.3566994]]], [[[21.8533975, 58.3571953], [21.8533071, 58.3569594], [21.8531461, 58.3569601], [21.8533975, 58.3571953]]], [[[21.8515378, 58.3585108], [21.8511412, 58.3586431], [21.8515143, 58.3586045], [21.8515378, 58.3585108]]], [[[21.8518423, 58.3593081], [21.8517598, 58.3592038], [21.8516727, 58.3593932], [21.8518423, 58.3593081]]], [[[21.8513385, 58.3593686], [21.8498024, 58.36047], [21.8501371, 58.3607532], [21.8513385, 58.3593686]]], [[[21.8489874, 58.3610221], [21.8486879, 58.3611237], [21.8489271, 58.3611587], [21.8489874, 58.3610221]]], [[[21.8457161, 58.3593533], [21.8454173, 58.36424], [21.8496979, 58.3612355], [21.8460625, 58.3612413], [21.8457161, 58.3593533]]], [[[21.8424418, 58.3624538], [21.8429472, 58.3625417], [21.8427199, 58.3620859], [21.8424418, 58.3624538]]], [[[21.8441009, 58.3633063], [21.844091, 58.3633953], [21.8442877, 58.3633832], [21.8441009, 58.3633063]]], [[[21.8656169, 58.3637167], [21.8658507, 58.3635251], [21.8654404, 58.363311], [21.8656169, 58.3637167]]], [[[21.8445066, 58.363456], [21.8442443, 58.3635772], [21.8444337, 58.3637993], [21.8445066, 58.363456]]], [[[21.8441506, 58.3643668], [21.8443756, 58.3644051], [21.8443163, 58.3642869], [21.8441506, 58.3643668]]], [[[21.8626224, 58.3655894], [21.8628434, 58.365407], [21.8625223, 58.3655084], [21.8626224, 58.3655894]]], [[[21.8578155, 58.369501], [21.8576988, 58.3694868], [21.857704, 58.3697135], [21.8578155, 58.369501]]], [[[21.8553051, 58.3696932], [21.8545138, 58.3699408], [21.855123, 58.3699768], [21.8553051, 58.3696932]]], [[[21.8558857, 58.3707208], [21.856796, 58.3702499], [21.8557625, 58.3702995], [21.8558857, 58.3707208]]], [[[21.8552559, 58.3717675], [21.856436, 58.3713799], [21.8533677, 58.3708622], [21.8552559, 58.3717675]]], [[[21.8537551, 58.372333], [21.8533366, 58.3721579], [21.8534053, 58.3722424], [21.8537551, 58.372333]]], [[[21.8371998, 58.3721829], [21.8378068, 58.3726618], [21.8377698, 58.3724362], [21.8371998, 58.3721829]]], [[[21.8020896, 58.3749516], [21.8015322, 58.3749291], [21.7987689, 58.3751264], [21.8020896, 58.3749516]]], [[[21.8064732, 58.3776512], [21.8069925, 58.3780997], [21.807586, 58.3778816], [21.8064732, 58.3776512]]], [[[21.8010261, 58.3794738], [21.7998539, 58.3780724], [21.7980863, 58.378646], [21.8010261, 58.3794738]]], [[[21.8000722, 58.3795579], [21.8004296, 58.3797589], [21.8005533, 58.3795612], [21.8000722, 58.3795579]]], [[[21.8112598, 58.3798179], [21.8097509, 58.3797595], [21.8097739, 58.3802867], [21.8112598, 58.3798179]]], [[[21.8308247, 58.3669081], [21.8306543, 58.3736816], [21.807693, 58.3856673], [21.8285665, 58.3850042], [21.8300167, 58.3904665], [21.8498462, 58.3895425], [21.8486749, 58.3920345], [21.8840429, 58.383909], [21.8760291, 58.3948179], [21.8927998, 58.3889686], [21.9068219, 58.3952269], [21.9186317, 58.383329], [21.8805541, 58.3802923], [21.8641673, 58.370919], [21.8575563, 58.3726611], [21.8393953, 58.3732525], [21.8341005, 58.37201], [21.8308247, 58.3669081]]], [[[21.8038986, 58.3825636], [21.8058233, 58.381492], [21.8014405, 58.3816216], [21.8038986, 58.3825636]]], [[[21.7996291, 58.3842203], [21.8014096, 58.3834262], [21.7987467, 58.3833464], [21.7996291, 58.3842203]]], [[[21.8087217, 58.383801], [21.8085767, 58.3839116], [21.8086244, 58.3839271], [21.8087217, 58.383801]]], [[[21.8087579, 58.3840354], [21.8089598, 58.384087], [21.808968, 58.3838989], [21.8087579, 58.3840354]]], [[[21.8081676, 58.3841404], [21.8085658, 58.3839526], [21.8081786, 58.3840235], [21.8081676, 58.3841404]]], [[[21.808374, 58.3847615], [21.8085032, 58.3847411], [21.8084911, 58.3846994], [21.808374, 58.3847615]]], [[[21.807981, 58.3854235], [21.8077411, 58.3853635], [21.8078106, 58.3854762], [21.807981, 58.3854235]]], [[[21.8069181, 58.3858154], [21.8073567, 58.3858069], [21.8070041, 58.3857042], [21.8069181, 58.3858154]]], [[[21.8075719, 58.3862606], [21.807621, 58.3862872], [21.8077741, 58.3862133], [21.8075719, 58.3862606]]], [[[21.8120601, 58.3858776], [21.8112805, 58.3857626], [21.8102133, 58.3869431], [21.8120601, 58.3858776]]], [[[21.8096063, 58.3866674], [21.8097175, 58.3866313], [21.8097204, 58.3865787], [21.8096063, 58.3866674]]], [[[21.8131342, 58.3872976], [21.8131199, 58.3870896], [21.8126347, 58.3871733], [21.8131342, 58.3872976]]], [[[21.8097637, 58.3872633], [21.8096698, 58.3873394], [21.8098031, 58.3873658], [21.8097637, 58.3872633]]], [[[21.8233779, 58.3885297], [21.8236617, 58.3886298], [21.8234734, 58.3884521], [21.8233779, 58.3885297]]], [[[21.8196513, 58.3885489], [21.8198154, 58.3887015], [21.8200514, 58.3885825], [21.8196513, 58.3885489]]], [[[21.819031, 58.3885925], [21.8188868, 58.388684], [21.8189564, 58.3887314], [21.819031, 58.3885925]]], [[[21.82492, 58.3886399], [21.8255127, 58.3887785], [21.8251631, 58.3885841], [21.82492, 58.3886399]]], [[[21.848607, 58.3903321], [21.8481636, 58.3903001], [21.8483409, 58.3904646], [21.848607, 58.3903321]]], [[[21.8331923, 58.3907656], [21.8335957, 58.3907239], [21.8335507, 58.3905447], [21.8331923, 58.3907656]]], [[[21.8474791, 58.3913278], [21.8484638, 58.3907321], [21.847441, 58.3911621], [21.8474791, 58.3913278]]], [[[21.8414091, 58.3900677], [21.8398614, 58.3914193], [21.8419466, 58.3914453], [21.8414091, 58.3900677]]], [[[21.8448228, 58.3916192], [21.8452079, 58.3905962], [21.8439445, 58.3911822], [21.8448228, 58.3916192]]], [[[21.8389711, 58.3911689], [21.8389975, 58.3912846], [21.8391485, 58.3911652], [21.8389711, 58.3911689]]], [[[21.8482947, 58.3921614], [21.8482702, 58.3922656], [21.8485003, 58.3922076], [21.8482947, 58.3921614]]], [[[21.8495775, 58.3922142], [21.8495078, 58.3921899], [21.8495505, 58.3922731], [21.8495775, 58.3922142]]], [[[21.8478103, 58.3920334], [21.8477327, 58.392554], [21.8481351, 58.392441], [21.8478103, 58.3920334]]], [[[21.8375086, 58.3923627], [21.8378793, 58.3924715], [21.8376443, 58.3922731], [21.8375086, 58.3923627]]], [[[21.8370801, 58.392685], [21.8371661, 58.392722], [21.8373095, 58.3925408], [21.8370801, 58.392685]]], [[[21.8411762, 58.3934532], [21.8414042, 58.3933304], [21.8411541, 58.3932661], [21.8411762, 58.3934532]]], [[[21.8426495, 58.396275], [21.8424626, 58.3960879], [21.8417883, 58.3963395], [21.8426495, 58.396275]]], [[[21.8366622, 58.3981917], [21.8387227, 58.3955331], [21.8431389, 58.3938105], [21.8453725, 58.3916517], [21.8430207, 58.3936259], [21.8381534, 58.3953689], [21.8346435, 58.3979507], [21.8264145, 58.3989335], [21.8366622, 58.3981917]]], [[[21.912393, 58.2384402], [21.9188442, 58.2422341], [21.9165611, 58.2370753], [21.912393, 58.2384402]]], [[[21.9301116, 58.2452454], [21.9296638, 58.2452718], [21.930016, 58.2463947], [21.9301116, 58.2452454]]], [[[21.9287907, 58.2473748], [21.9288343, 58.2474386], [21.9288786, 58.2472381], [21.9287907, 58.2473748]]], [[[21.9282712, 58.2474747], [21.9284804, 58.2475902], [21.9284399, 58.2472907], [21.9282712, 58.2474747]]], [[[21.8886127, 58.2547096], [21.8891646, 58.2546653], [21.8886046, 58.2545509], [21.8886127, 58.2547096]]], [[[21.8914396, 58.2575043], [21.8913217, 58.2574531], [21.8911578, 58.2579435], [21.8914396, 58.2575043]]], [[[21.9041036, 58.309794], [21.9018587, 58.3091158], [21.9023495, 58.310802], [21.9041036, 58.309794]]], [[[21.9424656, 58.3125848], [21.9411106, 58.3119167], [21.9408804, 58.3126608], [21.9424656, 58.3125848]]], [[[21.9302405, 58.317149], [21.9329236, 58.3165629], [21.9314395, 58.3164978], [21.9302405, 58.317149]]], [[[21.9460879, 58.322598], [21.9468904, 58.3246417], [21.9491884, 58.3221821], [21.9460879, 58.322598]]], [[[21.9494299, 58.327089], [21.9485921, 58.3265859], [21.9479971, 58.3274851], [21.9494299, 58.327089]]], [[[21.9486226, 58.3284919], [21.9470804, 58.3276176], [21.9466375, 58.3284451], [21.9486226, 58.3284919]]], [[[21.8762163, 58.3286321], [21.8757736, 58.330432], [21.8775334, 58.3281538], [21.8762163, 58.3286321]]], [[[21.8765184, 58.331251], [21.8770044, 58.3306214], [21.8765998, 58.3306924], [21.8765184, 58.331251]]], [[[21.8720744, 58.3327264], [21.872199, 58.3303893], [21.8706837, 58.333361], [21.8720744, 58.3327264]]], [[[21.9367983, 58.3337911], [21.9388868, 58.3351167], [21.9403523, 58.3329809], [21.9367983, 58.3337911]]], [[[21.9280077, 58.3399201], [21.9318087, 58.3382346], [21.9281927, 58.3373711], [21.9280077, 58.3399201]]], [[[21.936209, 58.3419561], [21.9358744, 58.34201], [21.9361798, 58.3422153], [21.936209, 58.3419561]]], [[[21.9334811, 58.3428986], [21.9336363, 58.3431385], [21.9336467, 58.3428419], [21.9334811, 58.3428986]]], [[[21.9315936, 58.3449886], [21.9314929, 58.3449316], [21.9314894, 58.3451133], [21.9315936, 58.3449886]]], [[[21.9310908, 58.3453554], [21.9309695, 58.3454981], [21.9311153, 58.3455376], [21.9310908, 58.3453554]]], [[[21.9257136, 58.345946], [21.9259683, 58.346054], [21.9257972, 58.3457248], [21.9257136, 58.345946]]], [[[21.9346951, 58.3459567], [21.934703, 58.3460643], [21.935169, 58.346231], [21.9346951, 58.3459567]]], [[[21.9349688, 58.3464619], [21.9352657, 58.3465705], [21.9353443, 58.3464271], [21.9349688, 58.3464619]]], [[[21.9286555, 58.3458759], [21.9257778, 58.347939], [21.933745, 58.3466802], [21.9286555, 58.3458759]]], [[[21.8691543, 58.3478676], [21.8680344, 58.3480681], [21.8677628, 58.348556], [21.8691543, 58.3478676]]], [[[21.8837798, 58.3484197], [21.882865, 58.3482375], [21.8830248, 58.3484218], [21.8837798, 58.3484197]]], [[[21.9270615, 58.3486649], [21.9272481, 58.348731], [21.9272154, 58.3485673], [21.9270615, 58.3486649]]], [[[21.8831266, 58.3487727], [21.8833825, 58.3489038], [21.8835343, 58.3487492], [21.8831266, 58.3487727]]], [[[21.9244741, 58.3500806], [21.925422, 58.3502741], [21.9260958, 58.348394], [21.9244741, 58.3500806]]], [[[21.9534765, 58.3516214], [21.9543902, 58.3501142], [21.9527246, 58.3505662], [21.9534765, 58.3516214]]], [[[21.8708941, 58.3533996], [21.8730931, 58.3521636], [21.8716304, 58.3509623], [21.8708941, 58.3533996]]], [[[21.901506, 58.3526087], [21.9026581, 58.3530333], [21.9019635, 58.3525592], [21.901506, 58.3526087]]], [[[21.982409, 58.352884], [21.982647, 58.3528276], [21.9821834, 58.3527362], [21.982409, 58.352884]]], [[[21.9791033, 58.3518228], [21.9776038, 58.3517497], [21.9751583, 58.3540485], [21.9791033, 58.3518228]]], [[[21.8692103, 58.3527869], [21.8690615, 58.3528906], [21.8694992, 58.3530652], [21.8692103, 58.3527869]]], [[[21.9800776, 58.3535587], [21.9796327, 58.3535779], [21.9799426, 58.3536484], [21.9800776, 58.3535587]]], [[[21.9442111, 58.3539476], [21.9440262, 58.3538014], [21.944031, 58.353949], [21.9442111, 58.3539476]]], [[[21.870537, 58.3542416], [21.870345, 58.3541475], [21.8700251, 58.354532], [21.870537, 58.3542416]]], [[[21.9326845, 58.353657], [21.9308445, 58.3581504], [21.9343875, 58.3545289], [21.9326845, 58.353657]]], [[[21.8712571, 58.3600696], [21.8805672, 58.3533699], [21.8705155, 58.3580094], [21.8700982, 58.3605931], [21.8690321, 58.3613257], [21.8712571, 58.3600696]]], [[[21.9345243, 58.3584686], [21.9335138, 58.3585298], [21.9343776, 58.358529], [21.9345243, 58.3584686]]], [[[21.9334299, 58.3585698], [21.9326976, 58.3586302], [21.9326411, 58.358797], [21.9334299, 58.3585698]]], [[[21.932485, 58.3587225], [21.9315162, 58.3588236], [21.931432, 58.3589821], [21.932485, 58.3587225]]], [[[21.8697185, 58.359833], [21.8699893, 58.3596682], [21.8696172, 58.3596068], [21.8697185, 58.359833]]], [[[21.9268438, 58.3603389], [21.9285458, 58.35979], [21.9283158, 58.3597776], [21.9268438, 58.3603389]]], [[[21.980562, 58.3614737], [21.9818884, 58.3609381], [21.9808124, 58.3607358], [21.980562, 58.3614737]]], [[[21.9638018, 58.362689], [21.9649818, 58.3600476], [21.9607158, 58.3635023], [21.9638018, 58.362689]]], [[[21.9676331, 58.3642372], [21.9688686, 58.3643567], [21.9701734, 58.3630425], [21.9676331, 58.3642372]]], [[[21.9636025, 58.3650228], [21.9637422, 58.3645336], [21.9631031, 58.3651479], [21.9636025, 58.3650228]]], [[[21.9293148, 58.3597686], [21.9315785, 58.367136], [21.9202185, 58.3733324], [21.9334139, 58.3691278], [21.9293148, 58.3597686]]], [[[21.9137359, 58.36941], [21.9136931, 58.3691937], [21.9112872, 58.3694916], [21.9137359, 58.36941]]], [[[21.9097568, 58.3700237], [21.9110385, 58.3698434], [21.9109696, 58.3695142], [21.9097568, 58.3700237]]], [[[21.916617, 58.3706787], [21.9165885, 58.3707331], [21.9169202, 58.3707707], [21.916617, 58.3706787]]], [[[21.9174934, 58.3709041], [21.9170716, 58.3709026], [21.9174681, 58.3709892], [21.9174934, 58.3709041]]], [[[21.9212085, 58.3696926], [21.9186294, 58.3706745], [21.9166335, 58.372121], [21.9212085, 58.3696926]]], [[[21.9160895, 58.371287], [21.9160468, 58.3708618], [21.9153709, 58.3711311], [21.9160895, 58.371287]]], [[[21.9196762, 58.3721475], [21.9203178, 58.3723663], [21.9201408, 58.3718792], [21.9196762, 58.3721475]]], [[[21.8900312, 58.3738429], [21.9073512, 58.3728824], [21.9021052, 58.375336], [21.906192, 58.3767621], [21.9125039, 58.3717651], [21.8900312, 58.3738429]]], [[[21.9769752, 58.3735996], [21.9774149, 58.3731019], [21.9762792, 58.3737933], [21.9769752, 58.3735996]]], [[[21.9265601, 58.3727816], [21.9199098, 58.3750074], [21.9271714, 58.3733992], [21.9265601, 58.3727816]]], [[[21.8903196, 58.3746081], [21.8908809, 58.3747833], [21.8910959, 58.3744233], [21.8903196, 58.3746081]]], [[[21.8923817, 58.374872], [21.8919125, 58.3761155], [21.8945593, 58.3765518], [21.8923817, 58.374872]]], [[[21.8888012, 58.3740088], [21.8904484, 58.3775426], [21.8916027, 58.3751178], [21.8888012, 58.3740088]]], [[[21.9027404, 58.3757904], [21.9028547, 58.3759962], [21.9029213, 58.3758114], [21.9027404, 58.3757904]]], [[[21.8982589, 58.375598], [21.897319, 58.3759927], [21.8994669, 58.376673], [21.8982589, 58.375598]]], [[[21.900971, 58.3762079], [21.9009552, 58.3760517], [21.9009036, 58.376226], [21.900971, 58.3762079]]], [[[21.88731, 58.3768423], [21.8848633, 58.3760714], [21.8840605, 58.3767222], [21.88731, 58.3768423]]], [[[21.9371145, 58.3788883], [21.9370717, 58.3772711], [21.9363825, 58.3772861], [21.9371145, 58.3788883]]], [[[21.8804241, 58.3796342], [21.8805061, 58.3797108], [21.8805328, 58.3795786], [21.8804241, 58.3796342]]], [[[21.9386772, 58.3797694], [21.938568, 58.3805668], [21.9393251, 58.3802801], [21.9386772, 58.3797694]]], [[[21.8732144, 58.3868213], [21.8731546, 58.3867743], [21.8730166, 58.3868955], [21.8732144, 58.3868213]]], [[[21.8743602, 58.3871003], [21.8747006, 58.3870632], [21.8743905, 58.3868968], [21.8743602, 58.3871003]]], [[[21.8698919, 58.3893251], [21.8693694, 58.3890464], [21.8671928, 58.3894484], [21.8698919, 58.3893251]]], [[[21.8775728, 58.3906141], [21.8774013, 58.3905899], [21.8774914, 58.3907359], [21.8775728, 58.3906141]]], [[[21.970266, 58.3955106], [21.9703344, 58.3954517], [21.9698633, 58.3952965], [21.970266, 58.3955106]]], [[[21.9815583, 58.3968323], [21.98065, 58.3970919], [21.9814412, 58.3968936], [21.9815583, 58.3968323]]], [[[21.9506639, 58.4063757], [21.9508627, 58.4063971], [21.9510547, 58.4061599], [21.9506639, 58.4063757]]], [[[21.9397784, 58.4165028], [21.9403613, 58.4161816], [21.9395415, 58.4155401], [21.9397784, 58.4165028]]], [[[21.9127947, 58.4456583], [21.9101752, 58.4442298], [21.9097888, 58.4454959], [21.9127947, 58.4456583]]], [[[21.9063055, 58.4497974], [21.9083772, 58.4498496], [21.9098467, 58.448318], [21.9063055, 58.4497974]]], [[[21.9075286, 58.4508718], [21.9069903, 58.4507028], [21.9072743, 58.4512866], [21.9075286, 58.4508718]]], [[[21.9103968, 58.5010608], [21.9105399, 58.5015527], [21.9110808, 58.5009097], [21.9103968, 58.5010608]]], [[[21.9071329, 58.5223552], [21.9064406, 58.5228752], [21.9071353, 58.5227586], [21.9071329, 58.5223552]]], [[[22.0332328, 57.9084632], [22.0297348, 57.9074354], [22.0328827, 57.9085257], [22.0332328, 57.9084632]]], [[[22.0277922, 57.9079205], [22.0268561, 57.9084985], [22.0310651, 57.9085141], [22.0277922, 57.9079205]]], [[[22.0321665, 57.9095432], [22.0324742, 57.9095886], [22.0336115, 57.9095868], [22.0321665, 57.9095432]]], [[[22.0315342, 57.9095949], [22.0314416, 57.9095109], [22.0313773, 57.9096265], [22.0315342, 57.9095949]]], [[[22.0327044, 57.909937], [22.0315131, 57.9101419], [22.0317961, 57.9101948], [22.0327044, 57.909937]]], [[[22.0310409, 57.9104706], [22.0309474, 57.910434], [22.0308659, 57.9105865], [22.0310409, 57.9104706]]], [[[22.0338916, 57.9107829], [22.0324563, 57.9107062], [22.0337877, 57.9108123], [22.0338916, 57.9107829]]], [[[22.0311266, 57.9108221], [22.0313347, 57.9106878], [22.0300284, 57.9109944], [22.0311266, 57.9108221]]], [[[22.0223528, 57.9110071], [22.0228579, 57.9109454], [22.0223655, 57.9109409], [22.0223528, 57.9110071]]], [[[22.0327701, 57.9112566], [22.0325887, 57.9110763], [22.0321204, 57.9112511], [22.0327701, 57.9112566]]], [[[22.0324772, 57.9114452], [22.032503, 57.911493], [22.0327295, 57.9113426], [22.0324772, 57.9114452]]], [[[22.0292603, 57.9112442], [22.0299658, 57.9118206], [22.0316568, 57.9113305], [22.0292603, 57.9112442]]], [[[22.0322263, 57.9117158], [22.0321672, 57.9116291], [22.0319903, 57.9118045], [22.0322263, 57.9117158]]], [[[22.0263245, 57.911652], [22.0263246, 57.9117061], [22.0265005, 57.9117964], [22.0263245, 57.911652]]], [[[22.0214917, 57.9115101], [22.0210404, 57.9120243], [22.021598, 57.9118971], [22.0214917, 57.9115101]]], [[[22.027162, 57.9117938], [22.0264966, 57.912172], [22.0271209, 57.9121526], [22.027162, 57.9117938]]], [[[22.0262327, 57.9119946], [22.0253364, 57.9121638], [22.0255207, 57.9122714], [22.0262327, 57.9119946]]], [[[22.026155, 57.9122459], [22.0261014, 57.9123325], [22.0262608, 57.9123091], [22.026155, 57.9122459]]], [[[22.0252692, 57.91351], [22.025157, 57.9132296], [22.0249793, 57.9135392], [22.0252692, 57.91351]]], [[[22.0180811, 57.9164158], [22.0182308, 57.9162721], [22.0180237, 57.9162945], [22.0180811, 57.9164158]]], [[[22.0187878, 57.9166068], [22.0186888, 57.916584], [22.0187574, 57.9167207], [22.0187878, 57.9166068]]], [[[22.0183072, 57.9170646], [22.0182063, 57.9169659], [22.0181624, 57.9171012], [22.0183072, 57.9170646]]], [[[22.0196412, 57.9173442], [22.0195302, 57.9172241], [22.0195255, 57.9173659], [22.0196412, 57.9173442]]], [[[22.0197529, 57.9176201], [22.0198478, 57.9176484], [22.0198446, 57.9175195], [22.0197529, 57.9176201]]], [[[22.0203279, 57.9179302], [22.0201864, 57.9177116], [22.0201246, 57.9178847], [22.0203279, 57.9179302]]], [[[22.019818, 57.9179958], [22.0199748, 57.9180177], [22.0198728, 57.9179401], [22.019818, 57.9179958]]], [[[22.0195523, 57.9181115], [22.0197366, 57.9181513], [22.0195292, 57.9180697], [22.0195523, 57.9181115]]], [[[22.0196643, 57.9189096], [22.0186292, 57.9192608], [22.0182613, 57.9196297], [22.0196643, 57.9189096]]], [[[22.0176067, 57.920781], [22.0173765, 57.9207589], [22.0171682, 57.9209253], [22.0176067, 57.920781]]], [[[22.0178854, 57.9211514], [22.0176501, 57.9211687], [22.0178835, 57.9211847], [22.0178854, 57.9211514]]], [[[22.0175663, 57.9213649], [22.0175372, 57.9211782], [22.0174807, 57.9213716], [22.0175663, 57.9213649]]], [[[22.0169533, 57.9215029], [22.0170528, 57.9214737], [22.0169006, 57.9213331], [22.0169533, 57.9215029]]], [[[22.0163401, 57.9216062], [22.016558, 57.9215835], [22.0164872, 57.9215022], [22.0163401, 57.9216062]]], [[[22.0073982, 57.9217224], [22.0080075, 57.9218484], [22.0075397, 57.9216677], [22.0073982, 57.9217224]]], [[[22.0166653, 57.9217355], [22.0165725, 57.9218304], [22.0168649, 57.9217834], [22.0166653, 57.9217355]]], [[[22.0154425, 57.9234199], [22.0157915, 57.9232765], [22.0152175, 57.9233361], [22.0154425, 57.9234199]]], [[[22.0147518, 57.9239173], [22.0155832, 57.9240672], [22.0152199, 57.9235611], [22.0147518, 57.9239173]]], [[[22.0081992, 57.9244771], [22.0086597, 57.9250204], [22.0087542, 57.9246907], [22.0081992, 57.9244771]]], [[[22.0099799, 57.9252035], [22.0098665, 57.9251019], [22.0096785, 57.9253057], [22.0099799, 57.9252035]]], [[[22.0088197, 57.9252091], [22.0087513, 57.9251825], [22.0082443, 57.9254932], [22.0088197, 57.9252091]]], [[[22.0083575, 57.9258161], [22.0082576, 57.9258029], [22.0083234, 57.9258761], [22.0083575, 57.9258161]]], [[[22.0058559, 57.9301164], [22.0060566, 57.9300756], [22.0060304, 57.9300517], [22.0058559, 57.9301164]]], [[[22.0066828, 57.9355763], [22.0066584, 57.935765], [22.0068189, 57.9356047], [22.0066828, 57.9355763]]], [[[22.0029194, 57.9367022], [22.0032574, 57.936668], [22.0029768, 57.9366635], [22.0029194, 57.9367022]]], [[[22.0041442, 57.9373603], [22.0043755, 57.9371647], [22.004111, 57.9371663], [22.0041442, 57.9373603]]], [[[21.9988919, 57.9386211], [21.9989805, 57.9387134], [21.999463, 57.9386566], [21.9988919, 57.9386211]]], [[[22.0061633, 57.939673], [22.0061097, 57.9395989], [22.0058211, 57.9396852], [22.0061633, 57.939673]]], [[[22.0023619, 57.9442145], [22.0024502, 57.9441632], [22.0023614, 57.9441236], [22.0023619, 57.9442145]]], [[[21.9917979, 57.9479417], [21.9920653, 57.947985], [21.9922415, 57.947811], [21.9917979, 57.9479417]]], [[[21.9924986, 57.9483415], [21.9924417, 57.9479725], [21.9911827, 57.9484172], [21.9924986, 57.9483415]]], [[[21.9971828, 58.2239329], [21.986166, 58.2301555], [21.9936658, 58.2339835], [21.9971828, 58.2239329]]], [[[21.9980726, 58.2352724], [21.9821394, 58.2319885], [21.9927606, 58.2358323], [21.9980726, 58.2352724]]], [[[21.9937298, 58.2362476], [21.9939362, 58.2364466], [21.9937885, 58.2362184], [21.9937298, 58.2362476]]], [[[21.9899298, 58.236331], [21.9908515, 58.2367124], [21.9910987, 58.2360517], [21.9899298, 58.236331]]], [[[21.9962404, 58.2364615], [21.9953309, 58.2365696], [21.9959626, 58.2369459], [21.9962404, 58.2364615]]], [[[22.0151024, 58.2372994], [22.0147481, 58.2371548], [22.0140974, 58.2373593], [22.0151024, 58.2372994]]], [[[22.0129017, 58.2377001], [22.0120028, 58.2376294], [22.0112008, 58.2385886], [22.0129017, 58.2377001]]], [[[22.0089281, 58.2392796], [22.0102532, 58.2390809], [22.0092574, 58.2390393], [22.0089281, 58.2392796]]], [[[21.9925589, 58.2444006], [21.993075, 58.2446482], [21.993083, 58.244294], [21.9925589, 58.2444006]]], [[[21.9973191, 58.2482593], [21.997487, 58.2458664], [21.9950262, 58.2481421], [21.9973191, 58.2482593]]], [[[21.997494, 58.2493851], [21.9941168, 58.2489711], [21.9953327, 58.2493745], [21.997494, 58.2493851]]], [[[21.99162, 58.3464864], [21.990702, 58.3445855], [21.9893292, 58.3461431], [21.99162, 58.3464864]]], [[[21.9891386, 58.3448442], [21.9862042, 58.3462393], [21.9892247, 58.3452104], [21.9891386, 58.3448442]]], [[[21.9866288, 58.347881], [21.987159, 58.3476131], [21.9866493, 58.3478241], [21.9866288, 58.347881]]], [[[21.984906, 58.3479019], [21.9849877, 58.3484032], [21.9850533, 58.34803], [21.984906, 58.3479019]]], [[[21.9935319, 58.3516084], [21.9938388, 58.3514915], [21.9935473, 58.3515336], [21.9935319, 58.3516084]]], [[[21.9848431, 58.3529007], [21.9867689, 58.3511986], [21.983435, 58.3526885], [21.9848431, 58.3529007]]], [[[21.9845305, 58.3530426], [21.9842132, 58.3531845], [21.9844238, 58.3532223], [21.9845305, 58.3530426]]], [[[21.984289, 58.3532752], [21.9840988, 58.3534489], [21.9843442, 58.3533416], [21.984289, 58.3532752]]], [[[21.9857493, 58.3546141], [21.986314, 58.354957], [21.9864915, 58.3546304], [21.9857493, 58.3546141]]], [[[21.9873674, 58.3680489], [21.9868625, 58.3682057], [21.9871124, 58.3682181], [21.9873674, 58.3680489]]], [[[21.9904417, 58.3681922], [21.9896976, 58.3681288], [21.9902968, 58.3682786], [21.9904417, 58.3681922]]], [[[21.9898659, 58.3685249], [21.9898152, 58.3684843], [21.9895114, 58.3684995], [21.9898659, 58.3685249]]], [[[21.9900984, 58.3684471], [21.9899298, 58.3684663], [21.9902786, 58.3685912], [21.9900984, 58.3684471]]], [[[21.993675, 58.3690013], [21.9934546, 58.3689041], [21.9934993, 58.3691269], [21.993675, 58.3690013]]], [[[22.0156401, 58.3696271], [22.0157224, 58.3696793], [22.0157424, 58.3696002], [22.0156401, 58.3696271]]], [[[22.0155797, 58.3696669], [22.0154506, 58.3696181], [22.0154488, 58.36972], [22.0155797, 58.3696669]]], [[[21.9986928, 58.3706172], [21.9988593, 58.3706185], [21.9996931, 58.3700128], [21.9986928, 58.3706172]]], [[[21.9899511, 58.3704174], [21.9882415, 58.3703052], [21.98792, 58.3715443], [21.9899511, 58.3704174]]], [[[21.9964278, 58.3700018], [21.9908461, 58.3733043], [21.996514, 58.3713627], [21.9964278, 58.3700018]]], [[[21.9993387, 58.3746318], [21.9991824, 58.374704], [21.9993381, 58.3747751], [21.9993387, 58.3746318]]], [[[21.9897847, 58.3845072], [21.9909414, 58.3841862], [21.9907853, 58.383941], [21.9897847, 58.3845072]]], [[[21.9834654, 58.3958867], [21.9835585, 58.3959435], [21.9836036, 58.3958395], [21.9834654, 58.3958867]]], [[[21.9866158, 58.3966458], [21.9870917, 58.3964096], [21.9868028, 58.396321], [21.9866158, 58.3966458]]], [[[22.0450839, 57.8947645], [22.0404294, 57.8893975], [22.0423008, 57.8973014], [22.0450839, 57.8947645]]], [[[22.041604, 57.9041008], [22.0411408, 57.9023788], [22.0394586, 57.9001524], [22.041604, 57.9041008]]], [[[22.0336939, 57.9098035], [22.0336245, 57.9098462], [22.033953, 57.9098887], [22.0336939, 57.9098035]]], [[[22.0333676, 57.9098761], [22.0331331, 57.9098255], [22.0332669, 57.9099911], [22.0333676, 57.9098761]]], [[[22.0345089, 57.9114423], [22.0344183, 57.9112972], [22.0335918, 57.9114657], [22.0345089, 57.9114423]]], [[[22.0422455, 57.9121374], [22.0419533, 57.9120745], [22.0418622, 57.9121864], [22.0422455, 57.9121374]]], [[[22.0417056, 57.9133302], [22.0437728, 57.9135659], [22.0432504, 57.9134943], [22.0434807, 57.9130728], [22.0417056, 57.9133302]]], [[[22.0446558, 57.913518], [22.0448781, 57.913302], [22.0441609, 57.9134595], [22.0446558, 57.913518]]], [[[22.0439791, 57.9133923], [22.0437836, 57.9133718], [22.0435896, 57.9134444], [22.0439791, 57.9133923]]], [[[22.0425043, 57.9138278], [22.042702, 57.913768], [22.0425952, 57.9137244], [22.0425043, 57.9138278]]], [[[22.0465339, 57.9140205], [22.0463037, 57.9139948], [22.0460904, 57.9141404], [22.0465339, 57.9140205]]], [[[22.1896301, 57.9697987], [22.1888363, 57.9720269], [22.1914488, 57.9748598], [22.1896301, 57.9697987]]], [[[22.1958626, 57.9744091], [22.1929171, 57.9745019], [22.1966024, 57.9767344], [22.1958626, 57.9744091]]], [[[22.2023135, 57.9815325], [22.2023379, 57.9815654], [22.2023976, 57.9815149], [22.2023135, 57.9815325]]], [[[22.0436003, 58.0090127], [22.0435148, 58.0088923], [22.0428364, 58.009181], [22.0436003, 58.0090127]]], [[[22.0443801, 58.0248379], [22.0441618, 58.0248326], [22.0441872, 58.0249432], [22.0443801, 58.0248379]]], [[[22.0512677, 58.0273392], [22.0514071, 58.0274237], [22.0514311, 58.0272091], [22.0512677, 58.0273392]]], [[[22.0562914, 58.0281039], [22.0558096, 58.0279881], [22.0562866, 58.0281906], [22.0562914, 58.0281039]]], [[[22.0515829, 58.0321895], [22.0514879, 58.0321788], [22.0508927, 58.0323047], [22.0515829, 58.0321895]]], [[[22.0512706, 58.0325025], [22.0516219, 58.0328943], [22.0515051, 58.032455], [22.0512706, 58.0325025]]], [[[22.0666748, 58.0557819], [22.0665471, 58.0557815], [22.0664073, 58.056288], [22.0666748, 58.0557819]]], [[[22.0578313, 58.0569675], [22.0584347, 58.0570993], [22.0584456, 58.0568617], [22.0578313, 58.0569675]]], [[[22.066861, 58.0573737], [22.0667252, 58.0575696], [22.0669919, 58.0575879], [22.066861, 58.0573737]]], [[[22.0590526, 58.0585274], [22.0587334, 58.0581056], [22.0568602, 58.0590381], [22.0590526, 58.0585274]]], [[[22.0654342, 58.0588627], [22.0656426, 58.0589443], [22.0655852, 58.0587227], [22.0654342, 58.0588627]]], [[[22.0674993, 58.0595858], [22.0672745, 58.0598914], [22.0680368, 58.0593978], [22.0674993, 58.0595858]]], [[[22.157721, 58.0640736], [22.1575841, 58.0639747], [22.1576036, 58.0641185], [22.157721, 58.0640736]]], [[[22.1630594, 58.0652053], [22.163055, 58.0651586], [22.1628569, 58.0651951], [22.1630594, 58.0652053]]], [[[22.1402161, 58.0660743], [22.1401684, 58.0662274], [22.1406313, 58.0661139], [22.1402161, 58.0660743]]], [[[22.1671154, 58.0662492], [22.166611, 58.0661236], [22.1668697, 58.0665988], [22.1671154, 58.0662492]]], [[[22.2211962, 58.0666859], [22.2207164, 58.0666182], [22.2211139, 58.0668349], [22.2211962, 58.0666859]]], [[[22.1373714, 58.0666465], [22.1368722, 58.0672973], [22.1387143, 58.0672902], [22.1373714, 58.0666465]]], [[[22.1366118, 58.0670953], [22.1367139, 58.0671616], [22.1368608, 58.0670159], [22.1366118, 58.0670953]]], [[[22.1362558, 58.067503], [22.1363992, 58.067474], [22.1362368, 58.0674649], [22.1362558, 58.067503]]], [[[22.1363939, 58.0677005], [22.1364477, 58.0677196], [22.1364723, 58.067599], [22.1363939, 58.0677005]]], [[[22.2206081, 58.0676639], [22.2205222, 58.0677753], [22.2207694, 58.0678176], [22.2206081, 58.0676639]]], [[[22.1662587, 58.0678166], [22.166459, 58.0680086], [22.1664875, 58.0676338], [22.1662587, 58.0678166]]], [[[22.0735072, 58.068285], [22.0737985, 58.068258], [22.0734295, 58.0680115], [22.0735072, 58.068285]]], [[[22.2213224, 58.068354], [22.2217231, 58.0682885], [22.2215131, 58.0680865], [22.2213224, 58.068354]]], [[[22.2223671, 58.0685071], [22.2221601, 58.0684207], [22.2220367, 58.0687324], [22.2223671, 58.0685071]]], [[[22.2246283, 58.0708359], [22.2244923, 58.0672145], [22.2232703, 58.067848], [22.2246283, 58.0708359]]], [[[22.1700191, 58.0707278], [22.1700906, 58.0705145], [22.1696905, 58.0705256], [22.1700191, 58.0707278]]], [[[22.2260218, 58.0721023], [22.2284011, 58.0727002], [22.2266292, 58.0715494], [22.2260218, 58.0721023]]], [[[22.2281076, 58.0739372], [22.2304129, 58.0741826], [22.2305482, 58.0726402], [22.2281076, 58.0739372]]], [[[22.235214, 58.0736483], [22.2296691, 58.0750177], [22.2329104, 58.0745857], [22.235214, 58.0736483]]], [[[22.0875584, 58.0743664], [22.0877039, 58.0745843], [22.0880332, 58.0743981], [22.0875584, 58.0743664]]], [[[22.2290199, 58.0762024], [22.2292171, 58.0764917], [22.2300052, 58.0760562], [22.2290199, 58.0762024]]], [[[22.231274, 58.0794993], [22.2320394, 58.0794601], [22.2313382, 58.0792822], [22.231274, 58.0794993]]], [[[22.1037958, 58.0804856], [22.1032095, 58.0803648], [22.1042209, 58.0804069], [22.1037958, 58.0804856]]], [[[22.0993911, 58.0806344], [22.0990572, 58.0803813], [22.0992004, 58.0806929], [22.0993911, 58.0806344]]], [[[22.2339933, 58.0808238], [22.2337444, 58.0808011], [22.2338975, 58.0809646], [22.2339933, 58.0808238]]], [[[22.1041491, 58.0808841], [22.103234, 58.080684], [22.1045571, 58.0814367], [22.1041491, 58.0808841]]], [[[22.0990044, 58.0816828], [22.0990711, 58.0817381], [22.100036, 58.0814043], [22.0990044, 58.0816828]]], [[[22.104078, 58.0829976], [22.1038083, 58.0831004], [22.1042335, 58.0832649], [22.104078, 58.0829976]]], [[[22.1200968, 58.0983337], [22.1193779, 58.0925256], [22.1154742, 58.0963808], [22.1200968, 58.0983337]]], [[[22.1952565, 58.127934], [22.1952728, 58.1280283], [22.1954293, 58.1279316], [22.1952565, 58.127934]]], [[[22.1969519, 58.1280702], [22.1970914, 58.1283579], [22.1970532, 58.1280512], [22.1969519, 58.1280702]]], [[[22.1469116, 58.1412444], [22.1501401, 58.1391536], [22.145586, 58.1394169], [22.1469116, 58.1412444]]], [[[22.1625182, 58.1547641], [22.1594139, 58.1548383], [22.1609984, 58.1548732], [22.1625182, 58.1547641]]], [[[22.1615835, 58.1549472], [22.1616399, 58.1553087], [22.1619083, 58.15494], [22.1615835, 58.1549472]]], [[[22.1583811, 58.1552978], [22.1583175, 58.1556521], [22.1585518, 58.1553226], [22.1583811, 58.1552978]]], [[[22.1594412, 58.1560214], [22.1593498, 58.1558838], [22.1592589, 58.1558967], [22.1594412, 58.1560214]]], [[[22.1058248, 58.1628572], [22.1077661, 58.1632544], [22.106266, 58.162323], [22.1058248, 58.1628572]]], [[[22.1054116, 58.173427], [22.1054573, 58.1729015], [22.1053204, 58.1734205], [22.1054116, 58.173427]]], [[[22.1090854, 58.1741112], [22.109016, 58.1742653], [22.1099237, 58.1737114], [22.1090854, 58.1741112]]], [[[22.0928967, 58.1744595], [22.0900707, 58.1744461], [22.0921265, 58.1750408], [22.0928967, 58.1744595]]], [[[22.0963427, 58.1750441], [22.0960644, 58.1748962], [22.0960105, 58.1751046], [22.0963427, 58.1750441]]], [[[22.1064392, 58.1749581], [22.1062522, 58.1750343], [22.1066646, 58.175216], [22.1064392, 58.1749581]]], [[[22.0851439, 58.1761066], [22.0844349, 58.1772578], [22.0883918, 58.1760932], [22.0851439, 58.1761066]]], [[[22.0830079, 58.1771035], [22.0830429, 58.1772003], [22.0832573, 58.1770434], [22.0830079, 58.1771035]]], [[[22.3016693, 58.5054389], [22.3024572, 58.5052383], [22.3018317, 58.5053356], [22.3016693, 58.5054389]]], [[[22.2834465, 58.5180525], [22.2773815, 58.5246011], [22.2856413, 58.5203166], [22.2834465, 58.5180525]]], [[[22.2963342, 58.5213736], [22.2968203, 58.5214676], [22.2967149, 58.521277], [22.2963342, 58.5213736]]], [[[22.2996482, 58.5245252], [22.2995376, 58.5243834], [22.2991996, 58.5246471], [22.2996482, 58.5245252]]], [[[22.2939277, 58.5247403], [22.2942553, 58.5245947], [22.2935546, 58.5244269], [22.2939277, 58.5247403]]], [[[22.2935694, 58.5252222], [22.2929963, 58.5252406], [22.2929813, 58.5256895], [22.2935694, 58.5252222]]], [[[22.2999592, 58.5309685], [22.2999236, 58.531302], [22.3007417, 58.5311006], [22.2999592, 58.5309685]]], [[[22.294519, 58.5329801], [22.2953452, 58.5328271], [22.2943268, 58.532513], [22.294519, 58.5329801]]], [[[22.294779, 58.5333263], [22.2943374, 58.5332282], [22.2941827, 58.5333981], [22.294779, 58.5333263]]], [[[22.2930037, 58.5335167], [22.2926596, 58.5332824], [22.2926807, 58.5337247], [22.2930037, 58.5335167]]], [[[22.2999707, 58.534494], [22.2994082, 58.5345762], [22.2995902, 58.5346183], [22.2999707, 58.534494]]], [[[22.3016635, 58.5352507], [22.3015075, 58.5351765], [22.3007909, 58.5352884], [22.3016635, 58.5352507]]], [[[22.3016981, 58.5380031], [22.3027489, 58.5380322], [22.3020687, 58.5378411], [22.3016981, 58.5380031]]], [[[22.3009413, 58.5394301], [22.3020866, 58.5394258], [22.3011226, 58.5393366], [22.3009413, 58.5394301]]], [[[22.5558896, 58.1016956], [22.5624088, 58.0954117], [22.55553, 58.0983273], [22.5558896, 58.1016956]]], [[[22.5124335, 58.1231982], [22.5068535, 58.1129348], [22.5092711, 58.1253554], [22.5124335, 58.1231982]]], [[[22.504241, 58.1235365], [22.5043734, 58.1237251], [22.5043325, 58.1235368], [22.504241, 58.1235365]]], [[[22.5058732, 58.125435], [22.5057842, 58.1254523], [22.506155, 58.125532], [22.5058732, 58.125435]]], [[[22.5076697, 58.1261888], [22.5076164, 58.1261045], [22.5074996, 58.1263015], [22.5076697, 58.1261888]]], [[[22.5113479, 58.1293254], [22.511873, 58.1290842], [22.5112937, 58.1292222], [22.5113479, 58.1293254]]], [[[22.51267, 58.1296193], [22.5116319, 58.1294673], [22.5134117, 58.1299519], [22.51267, 58.1296193]]], [[[22.5117264, 58.1299358], [22.5117579, 58.1300051], [22.5120197, 58.1299356], [22.5117264, 58.1299358]]], [[[22.5344024, 58.1323997], [22.5344074, 58.1328519], [22.5350392, 58.1335498], [22.5344024, 58.1323997]]], [[[22.491879, 58.1348317], [22.4916591, 58.1349227], [22.4918907, 58.1350028], [22.491879, 58.1348317]]], [[[22.4700045, 58.1356036], [22.469865, 58.1356295], [22.4700024, 58.1357511], [22.4700045, 58.1356036]]], [[[22.5226578, 58.1366756], [22.5224259, 58.13654], [22.522572, 58.1367544], [22.5226578, 58.1366756]]], [[[22.4700519, 58.1369948], [22.4709224, 58.1363065], [22.4704236, 58.1366149], [22.4700519, 58.1369948]]], [[[22.4714011, 58.1365199], [22.4711922, 58.1368442], [22.4715403, 58.1367201], [22.4714011, 58.1365199]]], [[[22.523676, 58.1370107], [22.5238159, 58.1372496], [22.5237893, 58.1369946], [22.523676, 58.1370107]]], [[[22.524766, 58.1378396], [22.5247548, 58.1377013], [22.524545, 58.1378747], [22.524766, 58.1378396]]], [[[22.5258839, 58.138247], [22.5257586, 58.1382785], [22.5258239, 58.1383765], [22.5258839, 58.138247]]], [[[22.5270048, 58.13936], [22.5272853, 58.1396999], [22.5271512, 58.139332], [22.5270048, 58.13936]]], [[[22.5290279, 58.1406112], [22.5291089, 58.140776], [22.5293805, 58.1407], [22.5290279, 58.1406112]]], [[[22.5311388, 58.1409561], [22.5309965, 58.1409335], [22.5319306, 58.1419043], [22.5311388, 58.1409561]]], [[[22.5523412, 58.1399182], [22.5411343, 58.1392252], [22.5348866, 58.1337088], [22.542184, 58.1465266], [22.5558844, 58.1502246], [22.5473415, 58.1437936], [22.5523412, 58.1399182]]], [[[22.5324722, 58.1422002], [22.5325424, 58.142257], [22.532706, 58.1421223], [22.5324722, 58.1422002]]], [[[22.5331465, 58.1427514], [22.5331678, 58.1428328], [22.5334166, 58.1428498], [22.5331465, 58.1427514]]], [[[22.4819071, 58.1540368], [22.4649008, 58.1310874], [22.47482, 58.1520116], [22.4782347, 58.1545682], [22.4819071, 58.1540368]]], [[[22.5504094, 58.1455012], [22.5500485, 58.1452805], [22.5500405, 58.1455559], [22.5504094, 58.1455012]]], [[[22.5377658, 58.1487192], [22.5376154, 58.1485742], [22.5373831, 58.1488145], [22.5377658, 58.1487192]]], [[[22.4859619, 58.1428688], [22.477503, 58.1390276], [22.4946575, 58.1583321], [22.4980983, 58.1704436], [22.5035711, 58.1722052], [22.4998368, 58.1731255], [22.4971203, 58.1709186], [22.4952727, 58.1702765], [22.4934215, 58.1707786], [22.5029294, 58.1776648], [22.5135432, 58.1721292], [22.5197988, 58.1775646], [22.5143845, 58.1664792], [22.5247182, 58.1682538], [22.5182972, 58.1612952], [22.5288229, 58.1624128], [22.523392, 58.1526761], [22.5379517, 58.1501218], [22.5340683, 58.1432885], [22.519399, 58.1360107], [22.504, 58.1254523], [22.502957, 58.1210383], [22.5011238, 58.1320438], [22.4859619, 58.1428688]]], [[[22.5382462, 58.1514187], [22.5384925, 58.1516831], [22.5387995, 58.1515004], [22.5382462, 58.1514187]]], [[[22.4901883, 58.1545603], [22.4909553, 58.1545568], [22.4903408, 58.1544519], [22.4901883, 58.1545603]]], [[[22.4898971, 58.1565247], [22.4902871, 58.1563492], [22.4897727, 58.155837], [22.4898971, 58.1565247]]], [[[22.4910602, 58.1588384], [22.4913446, 58.1587778], [22.4910684, 58.1586932], [22.4910602, 58.1588384]]], [[[22.4919082, 58.1590533], [22.4919178, 58.1589926], [22.4915629, 58.1591056], [22.4919082, 58.1590533]]], [[[22.5207851, 58.1625986], [22.5217675, 58.1622456], [22.5214217, 58.1620398], [22.5207851, 58.1625986]]], [[[22.528604, 58.1629227], [22.5268661, 58.1627861], [22.5279247, 58.1629723], [22.528604, 58.1629227]]], [[[22.4896311, 58.1672723], [22.4896494, 58.1671758], [22.4894233, 58.1673586], [22.4896311, 58.1672723]]], [[[22.4929966, 58.1686002], [22.491014, 58.1678904], [22.4927794, 58.1695341], [22.4929966, 58.1686002]]], [[[22.4975684, 58.1754131], [22.4973903, 58.1748174], [22.4970323, 58.1751736], [22.4975684, 58.1754131]]], [[[22.5709582, 58.1891892], [22.5713576, 58.1894729], [22.5743878, 58.1895601], [22.5709582, 58.1891892]]], [[[22.5749773, 58.1968456], [22.5744645, 58.1976141], [22.5754457, 58.1975868], [22.5749773, 58.1968456]]], [[[22.5673965, 58.2159353], [22.5674534, 58.2160061], [22.5683239, 58.2160852], [22.5673965, 58.2159353]]], [[[22.3495166, 58.2166521], [22.3489365, 58.2164739], [22.3481039, 58.2168281], [22.3495166, 58.2166521]]], [[[22.4126074, 58.2162403], [22.4120195, 58.2159041], [22.4059591, 58.2177164], [22.4126074, 58.2162403]]], [[[22.4909542, 58.2188656], [22.488233, 58.2170379], [22.489087, 58.2180875], [22.4909542, 58.2188656]]], [[[22.4039873, 58.2173782], [22.4015016, 58.2181814], [22.402554, 58.2194605], [22.4039873, 58.2173782]]], [[[22.4342589, 58.2185376], [22.4343419, 58.2186938], [22.4351524, 58.2184614], [22.4342589, 58.2185376]]], [[[22.4439129, 58.2170438], [22.4408451, 58.2201853], [22.4418787, 58.2204457], [22.4439129, 58.2170438]]], [[[22.4072202, 58.2188415], [22.4078887, 58.2189488], [22.4073386, 58.2185738], [22.4072202, 58.2188415]]], [[[22.4449359, 58.2191466], [22.4448583, 58.2190266], [22.4445079, 58.2192084], [22.4449359, 58.2191466]]], [[[22.4072159, 58.2190923], [22.4068325, 58.219109], [22.4068405, 58.2193165], [22.4072159, 58.2190923]]], [[[22.4920117, 58.2192402], [22.4916719, 58.2191748], [22.4919518, 58.2193277], [22.4920117, 58.2192402]]], [[[22.3978211, 58.2203572], [22.396336, 58.2191792], [22.3963003, 58.2205734], [22.3978211, 58.2203572]]], [[[22.3792192, 58.219857], [22.3796231, 58.2200473], [22.3794149, 58.2197326], [22.3792192, 58.219857]]], [[[22.3808916, 58.2202157], [22.3812016, 58.2203017], [22.3810829, 58.2200307], [22.3808916, 58.2202157]]], [[[22.511858, 58.2201625], [22.5121812, 58.2206069], [22.5119643, 58.2201271], [22.511858, 58.2201625]]], [[[22.5495165, 58.2214631], [22.549944, 58.2213271], [22.548908, 58.2202545], [22.5495165, 58.2214631]]], [[[22.394676, 58.2207568], [22.3942582, 58.2212842], [22.3947496, 58.2212875], [22.394676, 58.2207568]]], [[[22.4928003, 58.2226523], [22.4932509, 58.2231022], [22.4932239, 58.222761], [22.4928003, 58.2226523]]], [[[22.5142725, 58.2214755], [22.5198721, 58.2243718], [22.5190618, 58.2221767], [22.5142725, 58.2214755]]], [[[22.5408027, 58.2259349], [22.5376923, 58.2283033], [22.5400542, 58.2277145], [22.5408027, 58.2259349]]], [[[22.5448734, 58.2304982], [22.5441423, 58.2302667], [22.5444643, 58.2306205], [22.5448734, 58.2304982]]], [[[22.4683292, 58.236612], [22.4635786, 58.232064], [22.4609139, 58.2322211], [22.4633843, 58.2348591], [22.4683292, 58.236612]]], [[[22.5407424, 58.2375856], [22.5416274, 58.2373981], [22.5415907, 58.2373182], [22.5407424, 58.2375856]]], [[[22.5387284, 58.2387396], [22.5391284, 58.2388794], [22.5390558, 58.2386175], [22.5387284, 58.2387396]]], [[[22.5389687, 58.2392794], [22.5381963, 58.242055], [22.5403236, 58.2418352], [22.5389687, 58.2392794]]], [[[22.4602731, 58.2429403], [22.4604044, 58.2431051], [22.4604107, 58.2429134], [22.4602731, 58.2429403]]], [[[22.5422577, 58.2446983], [22.542976, 58.2449654], [22.5430166, 58.2445449], [22.5422577, 58.2446983]]], [[[22.5370166, 58.2482821], [22.5356913, 58.2472019], [22.5363281, 58.2487711], [22.5370166, 58.2482821]]], [[[22.5423453, 58.2484683], [22.5409251, 58.2480766], [22.5419618, 58.2486751], [22.5423453, 58.2484683]]], [[[22.5424739, 58.2488048], [22.5442833, 58.2490146], [22.5438749, 58.2488527], [22.5424739, 58.2488048]]], [[[22.5359708, 58.249684], [22.5366704, 58.2499394], [22.5363267, 58.249284], [22.5359708, 58.249684]]], [[[22.3035135, 58.5035362], [22.3033869, 58.5035028], [22.3032709, 58.5037336], [22.3035135, 58.5035362]]], [[[22.3032617, 58.5051097], [22.3034146, 58.5051983], [22.3035386, 58.5050543], [22.3032617, 58.5051097]]], [[[22.3047124, 58.5083252], [22.3050908, 58.5084794], [22.3049058, 58.5082804], [22.3047124, 58.5083252]]], [[[22.3093125, 58.52281], [22.3092922, 58.5227753], [22.3088566, 58.5227295], [22.3093125, 58.52281]]], [[[22.3097491, 58.5239694], [22.3096973, 58.5239115], [22.3093627, 58.5240387], [22.3097491, 58.5239694]]], [[[22.3103503, 58.5239887], [22.3101486, 58.5240834], [22.3105878, 58.5240549], [22.3103503, 58.5239887]]], [[[22.3052614, 58.5243353], [22.3055717, 58.5243602], [22.3061928, 58.5238143], [22.3052614, 58.5243353]]], [[[22.303642, 58.5245568], [22.3045618, 58.5247468], [22.3038025, 58.5245175], [22.303642, 58.5245568]]], [[[22.3030737, 58.5270226], [22.3040939, 58.5268967], [22.3032685, 58.5267094], [22.3030737, 58.5270226]]], [[[22.5173965, 58.6318904], [22.5238074, 58.6308496], [22.5173144, 58.6312089], [22.5173965, 58.6318904]]], [[[22.5093918, 58.6329343], [22.5160098, 58.631559], [22.5083122, 58.6325543], [22.5093918, 58.6329343]]], [[[22.5073858, 58.6324925], [22.507601, 58.6326149], [22.5080574, 58.6324603], [22.5073858, 58.6324925]]], [[[22.5435568, 58.642633], [22.5443389, 58.6420021], [22.5403377, 58.6424828], [22.5435568, 58.642633]]], [[[22.5471518, 58.6478063], [22.5387964, 58.6478307], [22.5478557, 58.6467095], [22.5471518, 58.6478063]]], [[[22.8152208, 58.15394], [22.8163278, 58.1536566], [22.815308, 58.1538199], [22.8152208, 58.15394]]], [[[22.8145972, 58.1540882], [22.8146039, 58.1540497], [22.8133661, 58.1542316], [22.8145972, 58.1540882]]], [[[22.803202, 58.1589978], [22.8119496, 58.158902], [22.8097021, 58.1577533], [22.8144818, 58.1511941], [22.8029526, 58.1589371], [22.7942956, 58.1534822], [22.7948889, 58.1590308], [22.803202, 58.1589978]]], [[[22.812275, 58.1562888], [22.8123466, 58.1562856], [22.8127684, 58.1562421], [22.812275, 58.1562888]]], [[[22.7862157, 58.1616593], [22.7889801, 58.162843], [22.790567, 58.16074], [22.7862157, 58.1616593]]], [[[22.5810911, 58.1902895], [22.5857258, 58.1930489], [22.5866487, 58.1921209], [22.5810911, 58.1902895]]], [[[22.5843663, 58.1940014], [22.5835112, 58.1950515], [22.5863917, 58.194304], [22.5843663, 58.1940014]]], [[[22.5877996, 58.1957016], [22.5874695, 58.1943448], [22.5864124, 58.1944957], [22.5877996, 58.1957016]]], [[[22.5906707, 58.1949775], [22.591219, 58.1952425], [22.5907823, 58.1949475], [22.5906707, 58.1949775]]], [[[22.5896763, 58.1953177], [22.5891939, 58.1953495], [22.5896572, 58.1954267], [22.5896763, 58.1953177]]], [[[22.5839002, 58.1972946], [22.584841, 58.197887], [22.5849652, 58.1973715], [22.5839002, 58.1972946]]], [[[22.5883037, 58.197972], [22.5875765, 58.1978892], [22.587861, 58.1981773], [22.5883037, 58.197972]]], [[[22.5870175, 58.1983845], [22.5864679, 58.1982951], [22.5868993, 58.1985502], [22.5870175, 58.1983845]]], [[[22.5752847, 58.2012409], [22.5760029, 58.2012876], [22.5755021, 58.2003899], [22.5752847, 58.2012409]]], [[[22.6010843, 58.2044446], [22.5934001, 58.1954247], [22.5916311, 58.1993785], [22.5761649, 58.1973232], [22.5807718, 58.2059855], [22.5665991, 58.2071421], [22.5735831, 58.2140691], [22.6010843, 58.2044446]]], [[[22.5781594, 58.2051555], [22.5786958, 58.2054938], [22.5786615, 58.2051164], [22.5781594, 58.2051555]]], [[[22.7132358, 58.2082098], [22.7132634, 58.208289], [22.7139495, 58.2083043], [22.7132358, 58.2082098]]], [[[22.7146639, 58.2090629], [22.7150498, 58.2089465], [22.7149454, 58.2088028], [22.7146639, 58.2090629]]], [[[22.69525, 58.2117629], [22.6951781, 58.2114014], [22.6940881, 58.2112506], [22.69525, 58.2117629]]], [[[22.694174, 58.2120855], [22.6952958, 58.2122164], [22.6952017, 58.211958], [22.694174, 58.2120855]]], [[[22.7000609, 58.2123081], [22.7003547, 58.2124198], [22.700664, 58.212259], [22.7000609, 58.2123081]]], [[[22.698912, 58.2126044], [22.6991725, 58.2126371], [22.6998746, 58.2125067], [22.698912, 58.2126044]]], [[[22.6961571, 58.213162], [22.695841, 58.2126356], [22.6946749, 58.213179], [22.6961571, 58.213162]]], [[[22.6928879, 58.2128654], [22.6933822, 58.2129485], [22.6934991, 58.2125191], [22.6928879, 58.2128654]]], [[[22.6987872, 58.2127072], [22.6972125, 58.2126622], [22.6975022, 58.2128902], [22.6987872, 58.2127072]]], [[[22.7001755, 58.2127223], [22.6998522, 58.212684], [22.6997835, 58.212956], [22.7001755, 58.2127223]]], [[[22.694179, 58.2139703], [22.6955972, 58.213847], [22.6950895, 58.2135832], [22.694179, 58.2139703]]], [[[22.6982038, 58.2146571], [22.6991586, 58.2136619], [22.6956595, 58.214632], [22.6982038, 58.2146571]]], [[[22.6413698, 58.2157094], [22.6417955, 58.2161558], [22.6418032, 58.2160218], [22.6413698, 58.2157094]]], [[[22.6840065, 58.2166849], [22.6835252, 58.216685], [22.6833693, 58.2170843], [22.6840065, 58.2166849]]], [[[22.5764962, 58.2169221], [22.5960343, 58.2200538], [22.581238, 58.2139826], [22.5764962, 58.2169221]]], [[[22.7454212, 58.2205914], [22.7453109, 58.2205125], [22.7451186, 58.220779], [22.7454212, 58.2205914]]], [[[22.6546322, 58.2215416], [22.6540514, 58.2219978], [22.6555254, 58.2230821], [22.6546322, 58.2215416]]], [[[22.6766626, 58.2227786], [22.6765561, 58.2227721], [22.6757077, 58.2235744], [22.6766626, 58.2227786]]], [[[22.6417544, 58.2275805], [22.6411236, 58.2273599], [22.6405624, 58.2276695], [22.6417544, 58.2275805]]], [[[22.6532159, 58.2282319], [22.6533562, 58.2282857], [22.6533468, 58.228107], [22.6532159, 58.2282319]]], [[[22.6613253, 58.2285676], [22.6621455, 58.2288926], [22.6614712, 58.2281185], [22.6613253, 58.2285676]]], [[[22.6547032, 58.227938], [22.6587717, 58.2316075], [22.6596306, 58.2273661], [22.6547032, 58.227938]]], [[[22.6589079, 58.2318459], [22.659096, 58.2318392], [22.6588723, 58.2317214], [22.6589079, 58.2318459]]], [[[22.5907763, 58.23193], [22.5909875, 58.2320753], [22.5912884, 58.231812], [22.5907763, 58.23193]]], [[[22.6594683, 58.2324876], [22.659389, 58.2322198], [22.6592306, 58.2322393], [22.6594683, 58.2324876]]], [[[22.5837926, 58.2321217], [22.5842945, 58.2327175], [22.585266, 58.2325626], [22.5837926, 58.2321217]]], [[[22.6183863, 58.2373126], [22.6189559, 58.2374746], [22.6183799, 58.2370668], [22.6183863, 58.2373126]]], [[[22.6479841, 58.2377396], [22.6479962, 58.2374455], [22.6477628, 58.2373828], [22.6479841, 58.2377396]]], [[[22.6439012, 58.2404258], [22.6466879, 58.2408887], [22.6442601, 58.2401836], [22.6439012, 58.2404258]]], [[[22.7383554, 58.2415254], [22.7382773, 58.2415055], [22.7383265, 58.2415569], [22.7383554, 58.2415254]]], [[[22.6434681, 58.2422864], [22.6423803, 58.2415872], [22.6397133, 58.2416157], [22.6434681, 58.2422864]]], [[[22.6521712, 58.2423249], [22.6520439, 58.2422516], [22.6520961, 58.2424349], [22.6521712, 58.2423249]]], [[[22.6521458, 58.2425577], [22.6519422, 58.2425732], [22.6521263, 58.2427878], [22.6521458, 58.2425577]]], [[[22.6514243, 58.245873], [22.6510136, 58.2458034], [22.6510571, 58.2460016], [22.6514243, 58.245873]]], [[[22.7285824, 58.246317], [22.7285041, 58.2464211], [22.729071, 58.2467451], [22.7285824, 58.246317]]], [[[22.6467585, 58.252039], [22.6502934, 58.2466862], [22.6466923, 58.2472204], [22.6467585, 58.252039]]], [[[22.6449167, 58.2487804], [22.6433789, 58.2502808], [22.6441791, 58.2500967], [22.6449167, 58.2487804]]], [[[22.6447619, 58.2510319], [22.6451976, 58.2510153], [22.6451212, 58.2507475], [22.6447619, 58.2510319]]], [[[22.6449883, 58.2512597], [22.6448811, 58.2516371], [22.6454708, 58.2513367], [22.6449883, 58.2512597]]], [[[22.6304794, 58.251261], [22.6307207, 58.2517641], [22.6305408, 58.2512854], [22.6304794, 58.251261]]], [[[22.8269647, 58.2629827], [22.8284088, 58.2623303], [22.8262816, 58.2623876], [22.8269647, 58.2629827]]], [[[22.8324132, 58.2637385], [22.8334688, 58.2627261], [22.8311928, 58.2645424], [22.8324132, 58.2637385]]], [[[22.8323451, 58.2645202], [22.8319769, 58.2646103], [22.8320983, 58.2649095], [22.8323451, 58.2645202]]], [[[22.829852, 58.2645786], [22.8293591, 58.2650036], [22.8299148, 58.2651793], [22.829852, 58.2645786]]], [[[22.827491, 58.2661134], [22.8282745, 58.2661537], [22.8278615, 58.266034], [22.827491, 58.2661134]]], [[[23.1267241, 58.5378344], [23.1398818, 58.5190212], [23.1581634, 58.5137787], [23.1559003, 58.5089871], [23.1850646, 58.5138781], [23.2278171, 58.4972512], [23.2690443, 58.4915681], [23.2830181, 58.4810535], [23.2868608, 58.4855827], [23.2895084, 58.486983], [23.2868924, 58.4777588], [23.3020577, 58.4768337], [23.2990644, 58.468076], [23.3059918, 58.4677541], [23.3023535, 58.4610424], [23.3286492, 58.4533721], [23.3121898, 58.4459136], [23.3097659, 58.4256085], [23.2971194, 58.4284395], [23.3013252, 58.4429972], [23.2965268, 58.4540563], [23.2862754, 58.4469685], [23.2701568, 58.4557993], [23.2609315, 58.4497925], [23.26526, 58.4544869], [23.2564946, 58.4570028], [23.2214721, 58.4563041], [23.2210627, 58.4509117], [23.234528, 58.443927], [23.2542918, 58.44187], [23.2482961, 58.4403332], [23.2561461, 58.4378813], [23.2577918, 58.4348196], [23.2512713, 58.4377629], [23.2469608, 58.4342153], [23.2604269, 58.4339168], [23.2488879, 58.4247443], [23.2347428, 58.4337162], [23.2131954, 58.4328192], [23.2139357, 58.4411085], [23.2084624, 58.4443439], [23.2020979, 58.4384408], [23.1983546, 58.4394417], [23.2005585, 58.4396393], [23.2043689, 58.4485854], [23.1950394, 58.4561527], [23.1769483, 58.4482845], [23.1700731, 58.4630519], [23.1581718, 58.4631419], [23.1676592, 58.4693207], [23.1581513, 58.4775523], [23.1454766, 58.4629528], [23.1500204, 58.4606902], [23.1421634, 58.4607504], [23.1444501, 58.4524246], [23.1513352, 58.4495169], [23.1420871, 58.4490531], [23.1588639, 58.441753], [23.1338662, 58.4399886], [23.1429802, 58.4307379], [23.128652, 58.4324187], [23.1276382, 58.4297131], [23.1333598, 58.4286817], [23.1198345, 58.4216532], [23.1285739, 58.4193356], [23.1196682, 58.4184984], [23.1086443, 58.4143212], [23.1093584, 58.4128171], [23.1009078, 58.4179705], [23.110126, 58.4216778], [23.1080976, 58.4266773], [23.0994135, 58.4282402], [23.0645895, 58.420649], [23.0720996, 58.4169655], [23.0751392, 58.420064], [23.0668274, 58.4029685], [23.0813991, 58.39406], [23.0904833, 58.3972958], [23.0871967, 58.3996445], [23.0920864, 58.3991878], [23.0888076, 58.3784952], [23.0691697, 58.3842592], [23.0526885, 58.3779881], [23.0461258, 58.3861365], [23.0668191, 58.3871404], [23.0670684, 58.3904828], [23.0669074, 58.3879438], [23.073378, 58.3890667], [23.0654273, 58.3943566], [23.0458273, 58.3917703], [23.0356799, 58.3844147], [23.0429347, 58.3699711], [23.0312446, 58.3660214], [23.0399053, 58.3579662], [23.0313406, 58.3617272], [23.0183299, 58.3609015], [23.0226356, 58.3652345], [23.017724, 58.3652941], [23.0143912, 58.3632202], [23.0180112, 58.3606206], [23.0068894, 58.3590604], [22.9820357, 58.371887], [22.9696974, 58.3690477], [22.9785422, 58.3754186], [22.9636943, 58.3797185], [22.9660251, 58.3856126], [22.9537436, 58.3844462], [22.9589806, 58.3810017], [22.9476756, 58.3759646], [22.9455549, 58.3661429], [22.9683484, 58.3622798], [22.9711098, 58.3497472], [22.9460364, 58.3474344], [22.9470784, 58.3361403], [22.9429823, 58.3373588], [22.9389678, 58.3354606], [22.9423775, 58.3302781], [22.9364599, 58.3307517], [22.9372868, 58.3345798], [22.9321215, 58.3353151], [22.9332122, 58.3339921], [22.9314783, 58.3339006], [22.9326371, 58.3319682], [22.9366672, 58.3296241], [22.9292658, 58.3294431], [22.9384334, 58.31889], [22.92653, 58.3230411], [22.9213942, 58.3166988], [22.9259185, 58.3016614], [22.8971504, 58.301734], [22.8906953, 58.2968056], [22.8911943, 58.2992374], [22.8841921, 58.3033396], [22.8702288, 58.3014816], [22.867709, 58.3024398], [22.8821288, 58.3051858], [22.8815415, 58.310186], [22.8746228, 58.3079075], [22.8808794, 58.3106123], [22.8805968, 58.3165349], [22.8574089, 58.3170179], [22.8571154, 58.3102666], [22.8635142, 58.3072412], [22.8511691, 58.3072077], [22.8467461, 58.3052817], [22.8472183, 58.3013681], [22.8654375, 58.3006767], [22.8404038, 58.2972037], [22.8280674, 58.289556], [22.8283668, 58.2692514], [22.8387275, 58.2655016], [22.8257411, 58.2684968], [22.8226138, 58.2577824], [22.8064204, 58.2708833], [22.7584816, 58.2712874], [22.7337343, 58.2805642], [22.7137716, 58.2787238], [22.7041357, 58.2748123], [22.7016102, 58.2614389], [22.732197, 58.2406417], [22.739834, 58.2410873], [22.7493055, 58.2215003], [22.7442105, 58.2206956], [22.742633, 58.2176864], [22.7337926, 58.2174916], [22.7319904, 58.2144192], [22.7212524, 58.2129117], [22.7226037, 58.2106055], [22.6974704, 58.2174508], [22.6898097, 58.2131952], [22.6843966, 58.2177215], [22.6786607, 58.217536], [22.6805528, 58.2229275], [22.6565091, 58.2361994], [22.6443471, 58.2164943], [22.6466531, 58.2249784], [22.6354243, 58.2368694], [22.6405834, 58.2411802], [22.6456539, 58.2367764], [22.6477354, 58.236915], [22.6513542, 58.2384711], [22.6528886, 58.2427693], [22.6445458, 58.2444109], [22.6550738, 58.2441762], [22.6540234, 58.2474946], [22.647228, 58.2526215], [22.6208198, 58.2548285], [22.6125346, 58.2461684], [22.6170695, 58.232226], [22.5929978, 58.2215028], [22.5933911, 58.2307458], [22.5870439, 58.2353038], [22.5539467, 58.2179811], [22.5576398, 58.2255982], [22.5500625, 58.2245202], [22.5473024, 58.2202732], [22.5490511, 58.2300727], [22.5409443, 58.232558], [22.5477284, 58.251114], [22.5425795, 58.2533509], [22.5298306, 58.2510455], [22.5178021, 58.2255448], [22.5045217, 58.2174194], [22.5081454, 58.213006], [22.4917261, 58.2195246], [22.4951267, 58.2241171], [22.4963164, 58.2297077], [22.4813216, 58.235268], [22.483679, 58.2404915], [22.4750102, 58.2375282], [22.4749359, 58.2476098], [22.4706742, 58.2440961], [22.4615583, 58.2441907], [22.45464, 58.2400235], [22.447334, 58.2239594], [22.4339838, 58.2203744], [22.4285431, 58.2161322], [22.3946015, 58.2228268], [22.3920613, 58.222837], [22.3954959, 58.2187971], [22.3993801, 58.2175065], [22.3944291, 58.213061], [22.3820472, 58.2207484], [22.3549001, 58.2194194], [22.2996145, 58.2038044], [22.2557288, 58.1735544], [22.2520415, 58.1492922], [22.2665794, 58.1308597], [22.254405, 58.1245035], [22.2558787, 58.1110049], [22.2454699, 58.099818], [22.252367, 58.0900528], [22.2302518, 58.0803198], [22.2218129, 58.0724859], [22.2232454, 58.0702821], [22.2199778, 58.0681396], [22.2202682, 58.0650298], [22.2289393, 58.0492426], [22.1845237, 58.0112723], [22.2007417, 57.9817433], [22.1274215, 57.9537413], [22.0517709, 57.9053873], [22.0565766, 57.9147647], [22.0175609, 57.9160746], [22.0192075, 57.9162594], [22.0213982, 57.9179055], [22.0160825, 57.9256848], [22.0019916, 57.9326199], [22.0074868, 57.9353867], [22.0072867, 57.9397898], [22.0025444, 57.940974], [22.004045, 57.9433366], [22.0020312, 57.944756], [21.9926468, 57.9465449], [21.9926203, 57.9488241], [21.9821798, 57.9467699], [21.9894934, 57.9499281], [21.983232, 57.9517263], [21.9868343, 57.9651195], [21.9781575, 57.9768722], [22.0192103, 57.9820594], [22.0184668, 58.0000717], [22.0429259, 58.0061235], [22.0441448, 58.0088503], [22.0431747, 58.0098829], [22.0388323, 58.0097496], [22.0381392, 58.023244], [22.0561197, 58.0266697], [22.0605703, 58.0341237], [22.0522587, 58.0357291], [22.0686001, 58.0425417], [22.0690346, 58.0639785], [22.0761979, 58.0640682], [22.0732298, 58.0677553], [22.0890425, 58.0743029], [22.0894841, 58.0799786], [22.0956495, 58.0827575], [22.0987338, 58.0800153], [22.1006466, 58.0812873], [22.1038681, 58.079992], [22.1057141, 58.0807162], [22.1036041, 58.0879898], [22.1303598, 58.0820241], [22.1364119, 58.0662271], [22.1572631, 58.063598], [22.1656185, 58.064924], [22.1693025, 58.0672953], [22.1672297, 58.0700892], [22.1708269, 58.0703608], [22.170734, 58.0760406], [22.1680993, 58.0769248], [22.172914, 58.0822367], [22.1684746, 58.0953228], [22.1963034, 58.1279247], [22.2058832, 58.1275215], [22.2243472, 58.1375595], [22.2138465, 58.1469599], [22.2162854, 58.1562438], [22.2053977, 58.1593098], [22.1952325, 58.1563189], [22.1701504, 58.1577221], [22.1589153, 58.1563324], [22.1564574, 58.1544758], [22.1441748, 58.1614153], [22.1445463, 58.1720092], [22.1196404, 58.1750471], [22.1124794, 58.1692181], [22.1131718, 58.1746363], [22.1065276, 58.1753053], [22.1029731, 58.1724347], [22.0998581, 58.1808962], [22.0801932, 58.1852335], [22.0738961, 58.1814297], [22.0821076, 58.1762645], [22.0686195, 58.1747234], [22.0519962, 58.1912976], [22.0567451, 58.1937763], [22.0389131, 58.203198], [22.0539051, 58.2060068], [22.0419042, 58.2098247], [22.0486802, 58.2118393], [22.0438938, 58.2181374], [22.0018602, 58.2491322], [21.9870566, 58.2517517], [21.9943373, 58.2367888], [21.9555749, 58.2378451], [21.9421833, 58.245978], [21.9389059, 58.2423913], [21.9331591, 58.2472723], [21.9005293, 58.2538614], [21.8907029, 58.2515948], [21.8949697, 58.2557186], [21.8910642, 58.2587234], [21.8704539, 58.2567945], [21.8764517, 58.2595303], [21.8697188, 58.2691944], [21.8690622, 58.2628399], [21.8645147, 58.2588147], [21.8511825, 58.2789021], [21.8312426, 58.2800205], [21.84461, 58.2907856], [21.8288612, 58.297734], [21.8345258, 58.3102439], [21.8955562, 58.2960541], [21.8925093, 58.302385], [21.9091143, 58.3073424], [21.869443, 58.3381011], [21.8847298, 58.3418957], [21.8614598, 58.3530088], [21.9209807, 58.329263], [21.9276971, 58.3222632], [21.9146333, 58.3248184], [21.9268054, 58.3176166], [21.9184131, 58.3123181], [21.945781, 58.3073732], [21.9480125, 58.3108611], [21.940352, 58.3148188], [21.9501886, 58.3116966], [21.9472965, 58.3178664], [21.9560525, 58.3144209], [21.9596813, 58.3213332], [21.9317268, 58.3506909], [21.9365365, 58.3564564], [21.9871208, 58.3367867], [22.0038035, 58.3529317], [21.9798057, 58.3684356], [22.0226454, 58.3658928], [22.0106987, 58.3745438], [21.9936546, 58.3785461], [21.9962953, 58.3841276], [21.9847671, 58.3899563], [21.9945768, 58.3899933], [21.9806783, 58.393579], [21.9907771, 58.3962884], [21.9797501, 58.4002425], [21.9705689, 58.3955033], [21.9524559, 58.4047557], [21.9459759, 58.4141826], [21.9521148, 58.4159353], [21.9394548, 58.4199002], [21.9482982, 58.4258398], [21.9113079, 58.449071], [21.9026609, 58.4694161], [21.8887147, 58.4748387], [21.87695, 58.4737894], [21.8668975, 58.4671675], [21.8859845, 58.4742521], [21.871173, 58.4659808], [21.8662645, 58.4668872], [21.8606361, 58.4689255], [21.8503195, 58.4764062], [21.8405641, 58.4781702], [21.8415489, 58.4814202], [21.834056, 58.4820242], [21.8440386, 58.4884365], [21.8379017, 58.5015435], [21.873771, 58.480325], [21.8942317, 58.4789333], [21.9231208, 58.4890864], [21.9228155, 58.4974515], [21.9099322, 58.5023968], [21.917137, 58.5169465], [22.0088007, 58.5056564], [22.0482428, 58.4670634], [22.0771796, 58.4191793], [22.1059757, 58.4170483], [22.1182613, 58.4241454], [22.1116079, 58.4578986], [22.1184576, 58.48244], [22.1388092, 58.4984948], [22.1604294, 58.4937361], [22.1637683, 58.5063525], [22.1994681, 58.5125511], [22.2028626, 58.5247384], [22.1964631, 58.5336562], [22.2032777, 58.5460307], [22.2393815, 58.5356004], [22.2342884, 58.5171068], [22.2420881, 58.491302], [22.2929163, 58.4869832], [22.3074372, 58.5055651], [22.3060842, 58.5104813], [22.3012523, 58.5113568], [22.3160055, 58.5192291], [22.3068946, 58.528005], [22.3027373, 58.5287598], [22.3055967, 58.537413], [22.3020072, 58.5395876], [22.2879197, 58.5394852], [22.2904331, 58.5305298], [22.2820521, 58.5297477], [22.2872276, 58.570226], [22.3124155, 58.5650871], [22.3611264, 58.5771925], [22.3877571, 58.5727279], [22.4737599, 58.5810412], [22.5160739, 58.6044902], [22.5257929, 58.6191243], [22.5226144, 58.6296183], [22.5372924, 58.6341752], [22.5385456, 58.6422878], [22.5417689, 58.6323559], [22.571362, 58.6366502], [22.6168634, 58.5903556], [22.6384522, 58.5787526], [22.6722666, 58.5796271], [22.6928654, 58.591055], [22.6841524, 58.5968025], [22.6923568, 58.6005835], [22.7195681, 58.5919831], [22.720022, 58.5802634], [22.7499505, 58.5741092], [22.7730787, 58.6001029], [22.7725366, 58.6120196], [22.7965869, 58.6258314], [22.8450957, 58.6154741], [22.8748438, 58.626567], [22.8983413, 58.6152781], [22.9445335, 58.6173779], [23.0172195, 58.5922264], [23.034129, 58.5762064], [23.0648363, 58.571524], [23.0613096, 58.5665825], [23.0753207, 58.5609953], [23.0905458, 58.5636512], [23.0862029, 58.5609668], [23.1380638, 58.5502638], [23.1512351, 58.5585451], [23.1291769, 58.5436827], [23.1381154, 58.537026], [23.1267241, 58.5378344]]], [[[22.7140389, 58.2777417], [22.7139134, 58.2775538], [22.7135389, 58.277942], [22.7140389, 58.2777417]]], [[[22.8327195, 58.2880428], [22.832535, 58.288125], [22.8327379, 58.2881884], [22.8327195, 58.2880428]]], [[[22.8314204, 58.2879488], [22.8303034, 58.2880015], [22.8308742, 58.2885], [22.8314204, 58.2879488]]], [[[22.8395231, 58.2922745], [22.8412474, 58.2922555], [22.8396716, 58.2917698], [22.8395231, 58.2922745]]], [[[22.8414166, 58.2925498], [22.8409359, 58.2931359], [22.8417934, 58.2931189], [22.8414166, 58.2925498]]], [[[22.8347215, 58.293092], [22.8351339, 58.2931412], [22.835191, 58.2929781], [22.8347215, 58.293092]]], [[[22.8434158, 58.2951589], [22.8434826, 58.2952746], [22.8435628, 58.2950809], [22.8434158, 58.2951589]]], [[[22.8450589, 58.2968125], [22.8451235, 58.296734], [22.8449844, 58.2967108], [22.8450589, 58.2968125]]], [[[22.8478329, 58.296925], [22.8476359, 58.2969314], [22.847846, 58.2969988], [22.8478329, 58.296925]]], [[[22.8467099, 58.297035], [22.8467438, 58.297109], [22.846973, 58.2970756], [22.8467099, 58.297035]]], [[[22.8515911, 58.2975552], [22.8518573, 58.2975141], [22.8516193, 58.2974127], [22.8515911, 58.2975552]]], [[[22.8482707, 58.2975624], [22.8482692, 58.2976089], [22.8491294, 58.2975857], [22.8482707, 58.2975624]]], [[[22.8513093, 58.2977138], [22.8504339, 58.2976594], [22.8510988, 58.2978515], [22.8513093, 58.2977138]]], [[[22.8514351, 58.3020147], [22.8522525, 58.3018997], [22.8516493, 58.3016249], [22.8514351, 58.3020147]]], [[[22.8500102, 58.303964], [22.8514804, 58.3037159], [22.8506123, 58.3013466], [22.8500102, 58.303964]]], [[[22.8487721, 58.3040252], [22.8486752, 58.3039636], [22.8484758, 58.3040139], [22.8487721, 58.3040252]]], [[[22.848889, 58.3044583], [22.8500505, 58.304795], [22.849536, 58.3041416], [22.848889, 58.3044583]]], [[[22.8483424, 58.3046059], [22.8481898, 58.3047348], [22.8484765, 58.3047894], [22.8483424, 58.3046059]]], [[[22.6793365, 58.5854967], [22.6796524, 58.5857331], [22.6794848, 58.5854666], [22.6793365, 58.5854967]]], [[[22.8506308, 58.6206664], [22.8506062, 58.6204609], [22.8496836, 58.6207902], [22.8506308, 58.6206664]]], [[[22.848565, 58.6211101], [22.8489077, 58.6210298], [22.8487749, 58.6208751], [22.848565, 58.6211101]]], [[[22.7890473, 58.6231264], [22.7887243, 58.6230948], [22.788897, 58.6232561], [22.7890473, 58.6231264]]], [[[22.8930927, 58.2967984], [22.8929, 58.296536], [22.8925339, 58.2975146], [22.8930927, 58.2967984]]], [[[22.9085215, 58.2980662], [22.9082624, 58.2978565], [22.9082005, 58.2981476], [22.9085215, 58.2980662]]], [[[22.9051146, 58.2980543], [22.9055681, 58.2985446], [22.9062407, 58.2976384], [22.9051146, 58.2980543]]], [[[22.9022711, 58.2981101], [22.9016117, 58.2982019], [22.9022656, 58.2982044], [22.9022711, 58.2981101]]], [[[22.9027527, 58.2983145], [22.9033886, 58.2982801], [22.9027886, 58.2981444], [22.9027527, 58.2983145]]], [[[22.919726, 58.2989957], [22.9158515, 58.2981199], [22.9219369, 58.2985253], [22.919726, 58.2989957]]], [[[22.8899729, 58.2991254], [22.8901145, 58.2992656], [22.8902078, 58.2990242], [22.8899729, 58.2991254]]], [[[22.917812, 58.3002903], [22.9174061, 58.3003483], [22.9175211, 58.3004645], [22.917812, 58.3002903]]], [[[22.9243103, 58.3004737], [22.923836, 58.3005251], [22.9240027, 58.3006294], [22.9243103, 58.3004737]]], [[[22.9257765, 58.3001653], [22.9251731, 58.3016309], [22.9265021, 58.3004907], [22.9257765, 58.3001653]]], [[[22.9172421, 58.3009982], [22.9175336, 58.3012979], [22.9173652, 58.3009803], [22.9172421, 58.3009982]]], [[[22.8669065, 58.3012733], [22.8660494, 58.3012974], [22.8667492, 58.3015856], [22.8669065, 58.3012733]]], [[[22.8669725, 58.3023416], [22.8671286, 58.3020646], [22.8657205, 58.301749], [22.8669725, 58.3023416]]], [[[22.8645745, 58.3018765], [22.8646536, 58.3022414], [22.8656652, 58.3020165], [22.8645745, 58.3018765]]], [[[22.8821016, 58.3015951], [22.8831, 58.3028109], [22.8823042, 58.3016047], [22.8821016, 58.3015951]]], [[[22.8845818, 58.3022856], [22.8843359, 58.3022241], [22.8844249, 58.302494], [22.8845818, 58.3022856]]], [[[22.8630033, 58.3023961], [22.8629691, 58.3022571], [22.862079, 58.3027062], [22.8630033, 58.3023961]]], [[[22.858181, 58.3026533], [22.8582518, 58.3027901], [22.8585838, 58.3024928], [22.858181, 58.3026533]]], [[[22.8575137, 58.303125], [22.8577065, 58.3025481], [22.8551499, 58.3030242], [22.8575137, 58.303125]]], [[[22.8661093, 58.3030212], [22.8658234, 58.3027789], [22.8656894, 58.3031097], [22.8661093, 58.3030212]]], [[[22.8677078, 58.3028331], [22.8675797, 58.302837], [22.8671531, 58.3034324], [22.8677078, 58.3028331]]], [[[22.862777, 58.3029288], [22.8624324, 58.3035216], [22.8632162, 58.3032429], [22.862777, 58.3029288]]], [[[22.8613221, 58.303637], [22.8600098, 58.3032457], [22.8613197, 58.3037105], [22.8613221, 58.303637]]], [[[22.8516065, 58.3045117], [22.8532981, 58.3048638], [22.8531872, 58.3030953], [22.8516065, 58.3045117]]], [[[22.8634514, 58.3040715], [22.8634763, 58.3039351], [22.8633401, 58.3039195], [22.8634514, 58.3040715]]], [[[22.8561926, 58.3041821], [22.8573413, 58.3048689], [22.8577573, 58.3032411], [22.8561926, 58.3041821]]], [[[22.8581229, 58.3052399], [22.8584344, 58.3055306], [22.858465, 58.3051591], [22.8581229, 58.3052399]]], [[[22.8645099, 58.3060981], [22.8658746, 58.3053781], [22.8649289, 58.3047345], [22.8645099, 58.3060981]]], [[[22.8527838, 58.3062564], [22.8543466, 58.3053228], [22.8526657, 58.3057302], [22.8527838, 58.3062564]]], [[[22.8627789, 58.3062172], [22.8619425, 58.3060839], [22.8622178, 58.3070066], [22.8627789, 58.3062172]]], [[[22.8643344, 58.3073163], [22.8658605, 58.3070173], [22.8648692, 58.3065744], [22.8643344, 58.3073163]]], [[[22.8603921, 58.3067326], [22.8599866, 58.3070372], [22.860658, 58.3071777], [22.8603921, 58.3067326]]], [[[22.878849, 58.3081087], [22.8787935, 58.3080643], [22.8785489, 58.3080344], [22.878849, 58.3081087]]], [[[22.8659248, 58.3082824], [22.8668365, 58.3081852], [22.8659621, 58.3081997], [22.8659248, 58.3082824]]], [[[22.8790005, 58.3081749], [22.8788427, 58.3082066], [22.8789966, 58.3082961], [22.8790005, 58.3081749]]], [[[22.8810304, 58.3081531], [22.8805922, 58.3081516], [22.8806486, 58.3084452], [22.8810304, 58.3081531]]], [[[22.8640705, 58.3086454], [22.8639789, 58.3081627], [22.8634909, 58.3087271], [22.8640705, 58.3086454]]], [[[22.8725103, 58.3092853], [22.8726405, 58.3091609], [22.8723872, 58.3090313], [22.8725103, 58.3092853]]], [[[22.8727647, 58.309425], [22.8730353, 58.3099903], [22.8738355, 58.3093646], [22.8727647, 58.309425]]], [[[22.8727641, 58.3099705], [22.8720887, 58.3096235], [22.871314, 58.3104261], [22.8727641, 58.3099705]]], [[[22.8597736, 58.3101089], [22.8596598, 58.309999], [22.8592518, 58.3101748], [22.8597736, 58.3101089]]], [[[22.9379001, 58.3097804], [22.9375542, 58.3100902], [22.9380347, 58.3104559], [22.9379001, 58.3097804]]], [[[22.8677049, 58.3099498], [22.866819, 58.3115403], [22.8683345, 58.3112415], [22.8677049, 58.3099498]]], [[[22.8658743, 58.3110558], [22.8652417, 58.3106165], [22.8657096, 58.3111517], [22.8658743, 58.3110558]]], [[[22.8718435, 58.3107061], [22.8709915, 58.310752], [22.8709888, 58.3113231], [22.8718435, 58.3107061]]], [[[22.8628471, 58.3089717], [22.8617415, 58.3107343], [22.8641679, 58.3131391], [22.8628471, 58.3089717]]], [[[22.8649063, 58.3112702], [22.8643945, 58.311144], [22.8645981, 58.3115147], [22.8649063, 58.3112702]]], [[[22.8593239, 58.311394], [22.8613269, 58.3120623], [22.861232, 58.3118612], [22.8593239, 58.311394]]], [[[22.8649746, 58.3119832], [22.8663353, 58.3120439], [22.8653217, 58.3114836], [22.8649746, 58.3119832]]], [[[22.9366397, 58.3150518], [22.9417187, 58.3134347], [22.9445068, 58.3107939], [22.9410927, 58.3116002], [22.9366397, 58.3150518]]], [[[22.8645643, 58.3127187], [22.8642913, 58.3128298], [22.8645317, 58.3132535], [22.8645643, 58.3127187]]], [[[22.8736622, 58.3129781], [22.8735057, 58.3135401], [22.8742308, 58.3132547], [22.8736622, 58.3129781]]], [[[22.8692477, 58.313474], [22.8688082, 58.3130079], [22.8678867, 58.3138956], [22.8692477, 58.313474]]], [[[22.8646408, 58.3136924], [22.8646162, 58.3139759], [22.8650409, 58.3139392], [22.8646408, 58.3136924]]], [[[22.8658233, 58.313788], [22.8663016, 58.3140031], [22.8661101, 58.3137338], [22.8658233, 58.313788]]], [[[22.8768405, 58.3144434], [22.8763368, 58.3142958], [22.8765287, 58.3146022], [22.8768405, 58.3144434]]], [[[22.8712734, 58.3148178], [22.8716907, 58.3149169], [22.8722531, 58.3140885], [22.8712734, 58.3148178]]], [[[22.9239391, 58.3150927], [22.9239483, 58.3151319], [22.9240675, 58.3151756], [22.9239391, 58.3150927]]], [[[22.8798734, 58.3153129], [22.8794059, 58.3151288], [22.879828, 58.3153633], [22.8798734, 58.3153129]]], [[[22.8770016, 58.3154419], [22.8778213, 58.3153107], [22.8772586, 58.3150841], [22.8770016, 58.3154419]]], [[[22.8738537, 58.3150519], [22.8707603, 58.3155722], [22.8717589, 58.315589], [22.8738537, 58.3150519]]], [[[22.9272379, 58.3157054], [22.9276828, 58.3161093], [22.9272989, 58.3156304], [22.9272379, 58.3157054]]], [[[22.8778838, 58.3158448], [22.8779108, 58.316099], [22.8783574, 58.3158397], [22.8778838, 58.3158448]]], [[[22.8764805, 58.3158602], [22.8759232, 58.3160122], [22.8771851, 58.3163095], [22.8764805, 58.3158602]]], [[[22.8779417, 58.3165055], [22.877868, 58.3163433], [22.8778366, 58.3165046], [22.8779417, 58.3165055]]], [[[22.8738123, 58.3163452], [22.8734567, 58.3163812], [22.8736895, 58.3165786], [22.8738123, 58.3163452]]], [[[22.9379951, 58.3169274], [22.9378924, 58.3167306], [22.937798, 58.3169331], [22.9379951, 58.3169274]]], [[[22.9384893, 58.3173203], [22.9387023, 58.3173545], [22.9388114, 58.316993], [22.9384893, 58.3173203]]], [[[22.9397743, 58.3191903], [22.9396501, 58.3191366], [22.9392008, 58.3193399], [22.9397743, 58.3191903]]], [[[22.9368538, 58.3209623], [22.9372644, 58.3211634], [22.9369278, 58.3208467], [22.9368538, 58.3209623]]], [[[22.9374713, 58.3220044], [22.937639, 58.3218531], [22.9373144, 58.321859], [22.9374713, 58.3220044]]], [[[22.9357065, 58.3231713], [22.936628, 58.3230813], [22.936059, 58.3228244], [22.9357065, 58.3231713]]], [[[22.9411915, 58.3301553], [22.9417788, 58.3270583], [22.9401736, 58.3286689], [22.9411915, 58.3301553]]], [[[22.9378293, 58.3291411], [22.9383412, 58.3287384], [22.93807, 58.3285092], [22.9378293, 58.3291411]]], [[[22.9441785, 58.3291343], [22.9438406, 58.3295346], [22.9449084, 58.329845], [22.9441785, 58.3291343]]], [[[22.9368397, 58.3297963], [22.9376598, 58.3299559], [22.9368541, 58.3293314], [22.9368397, 58.3297963]]], [[[22.9362912, 58.3316028], [22.9364613, 58.331362], [22.9360446, 58.3312651], [22.9362912, 58.3316028]]], [[[22.9439724, 58.3321689], [22.9432189, 58.3323543], [22.9439248, 58.3327609], [22.9439724, 58.3321689]]], [[[22.9348356, 58.3340868], [22.935943, 58.3340922], [22.9352391, 58.3320309], [22.9348356, 58.3340868]]], [[[22.9340817, 58.3332421], [22.9338704, 58.3331153], [22.933613, 58.3333014], [22.9340817, 58.3332421]]], [[[22.9326696, 58.3332646], [22.9326201, 58.3331511], [22.9324015, 58.3332783], [22.9326696, 58.3332646]]], [[[22.9453761, 58.3335981], [22.9455501, 58.3337388], [22.9457139, 58.3333265], [22.9453761, 58.3335981]]], [[[22.9434124, 58.3340917], [22.9428737, 58.3339521], [22.9426086, 58.334398], [22.9434124, 58.3340917]]], [[[22.9447119, 58.3361547], [22.9437528, 58.3351637], [22.9422616, 58.3362903], [22.9447119, 58.3361547]]], [[[22.9704156, 58.2977632], [22.9685883, 58.3002844], [22.9705971, 58.2984873], [22.9704156, 58.2977632]]], [[[22.9529855, 58.3062815], [22.9546757, 58.3049591], [22.9534105, 58.3057983], [22.9529855, 58.3062815]]], [[[22.9475846, 58.3244955], [22.9441048, 58.3254257], [22.9497687, 58.3227524], [22.9475846, 58.3244955]]], [[[22.9481109, 58.3263523], [22.9473891, 58.3267904], [22.9480955, 58.3264128], [22.9481109, 58.3263523]]], [[[22.9476775, 58.327218], [22.9471743, 58.3270573], [22.9468129, 58.3275439], [22.9476775, 58.327218]]], [[[22.9499355, 58.3366814], [22.9502135, 58.3362467], [22.9477416, 58.3366294], [22.9499355, 58.3366814]]], [[[23.0319191, 58.357151], [23.0326439, 58.3567223], [23.0320384, 58.3566585], [23.0319191, 58.357151]]], [[[23.0147079, 58.3570369], [23.015272, 58.3578097], [23.0167813, 58.3570915], [23.0147079, 58.3570369]]], [[[23.0116561, 58.3585084], [23.0127503, 58.3583569], [23.0122498, 58.3583078], [23.0116561, 58.3585084]]], [[[23.0308559, 58.3586262], [23.0308642, 58.3582918], [23.0306365, 58.3585017], [23.0308559, 58.3586262]]], [[[23.0143578, 58.3591213], [23.0146736, 58.3581894], [23.0132048, 58.3586496], [23.0143578, 58.3591213]]], [[[23.0283257, 58.3598129], [23.0280815, 58.35914], [23.0264913, 58.3590451], [23.0283257, 58.3598129]]], [[[23.0149164, 58.3596699], [23.0151976, 58.3595545], [23.0150107, 58.359437], [23.0149164, 58.3596699]]], [[[23.0215344, 58.3595464], [23.0218528, 58.3596735], [23.0216791, 58.3594382], [23.0215344, 58.3595464]]], [[[23.015119, 58.3598313], [23.0166205, 58.3597805], [23.0156736, 58.3595587], [23.015119, 58.3598313]]], [[[23.0254584, 58.3606298], [23.026064, 58.360237], [23.0254234, 58.3602141], [23.0254584, 58.3606298]]], [[[23.0174297, 58.3640555], [23.0174646, 58.3641797], [23.0177264, 58.3640566], [23.0174297, 58.3640555]]], [[[22.9582868, 58.3663586], [22.959691, 58.3671542], [22.9653453, 58.3673457], [22.9582868, 58.3663586]]], [[[22.9512045, 58.3677948], [22.950566, 58.3679558], [22.9513664, 58.3679489], [22.9512045, 58.3677948]]], [[[22.9583366, 58.3678669], [22.9534953, 58.3678244], [22.9612465, 58.3683754], [22.9583366, 58.3678669]]], [[[22.9492291, 58.3682298], [22.9480191, 58.3686397], [22.9491955, 58.3683654], [22.9492291, 58.3682298]]], [[[22.9568127, 58.3698061], [22.9561606, 58.3692731], [22.9552675, 58.3699762], [22.9568127, 58.3698061]]], [[[22.9535375, 58.3696109], [22.952201, 58.3698411], [22.9532698, 58.3701885], [22.9535375, 58.3696109]]], [[[22.9482944, 58.3704549], [22.949211, 58.3703911], [22.9484607, 58.3703109], [22.9482944, 58.3704549]]], [[[23.0491915, 58.3722636], [23.0501666, 58.3711295], [23.0489475, 58.3723556], [23.0491915, 58.3722636]]], [[[22.9733649, 58.3730166], [22.973871, 58.3725048], [22.9726886, 58.3728032], [22.9733649, 58.3730166]]], [[[22.958604, 58.3739005], [22.9590154, 58.3740582], [22.9586237, 58.3738241], [22.958604, 58.3739005]]], [[[22.9744472, 58.3745658], [22.9749018, 58.3747785], [22.9745872, 58.3744935], [22.9744472, 58.3745658]]], [[[22.9568529, 58.3753487], [22.9574176, 58.3752054], [22.9569874, 58.3750389], [22.9568529, 58.3753487]]], [[[22.9704007, 58.375312], [22.9713294, 58.3754038], [22.9704748, 58.3752674], [22.9704007, 58.375312]]], [[[22.9687991, 58.375458], [22.9689132, 58.3755897], [22.9689137, 58.3753843], [22.9687991, 58.375458]]], [[[23.0632909, 58.375606], [23.0634667, 58.3758471], [23.0636819, 58.3754353], [23.0632909, 58.375606]]], [[[22.9521624, 58.3761167], [22.9530198, 58.3761338], [22.9527238, 58.375816], [22.9521624, 58.3761167]]], [[[23.0505037, 58.3760028], [23.0499389, 58.3761005], [23.0504411, 58.3762209], [23.0505037, 58.3760028]]], [[[22.9533796, 58.3760625], [22.953623, 58.3762667], [22.9541969, 58.3761326], [22.9533796, 58.3760625]]], [[[22.9510242, 58.3763826], [22.9520334, 58.3762818], [22.9515179, 58.3762451], [22.9510242, 58.3763826]]], [[[22.9535616, 58.3763404], [22.9533869, 58.376233], [22.9531609, 58.3765717], [22.9535616, 58.3763404]]], [[[22.954101, 58.376916], [22.9537457, 58.3767804], [22.9532054, 58.3771142], [22.954101, 58.376916]]], [[[22.9552586, 58.3770849], [22.9553521, 58.377258], [22.9556401, 58.377086], [22.9552586, 58.3770849]]], [[[22.9553988, 58.3778544], [22.9543939, 58.3776798], [22.9557616, 58.3780433], [22.9553988, 58.3778544]]], [[[22.9629631, 58.3791915], [22.9626665, 58.3790476], [22.9602914, 58.3796565], [22.9629631, 58.3791915]]], [[[22.9607015, 58.3808216], [22.9612066, 58.3812563], [22.9613103, 58.3803982], [22.9607015, 58.3808216]]], [[[22.9628025, 58.3809543], [22.9625806, 58.3810042], [22.9625386, 58.3811303], [22.9628025, 58.3809543]]], [[[22.9606852, 58.382053], [22.9606506, 58.3816795], [22.9600546, 58.3820382], [22.9606852, 58.382053]]], [[[22.9581232, 58.3819993], [22.9584606, 58.3822318], [22.9595076, 58.3816196], [22.9581232, 58.3819993]]], [[[23.0677109, 58.3825734], [23.0679388, 58.3824297], [23.0676865, 58.3824114], [23.0677109, 58.3825734]]], [[[22.9598107, 58.3826547], [22.9602506, 58.3827042], [22.9597823, 58.3825631], [22.9598107, 58.3826547]]], [[[22.961936, 58.3835619], [22.9617249, 58.3833926], [22.9612048, 58.3835486], [22.961936, 58.3835619]]], [[[23.0431618, 58.386993], [23.0436203, 58.3870332], [23.0433819, 58.3868897], [23.0431618, 58.386993]]], [[[23.0519575, 58.387565], [23.054941, 58.3876316], [23.0527024, 58.3867116], [23.0519575, 58.387565]]], [[[23.0468637, 58.3872808], [23.0469467, 58.3873536], [23.0474949, 58.3872142], [23.0468637, 58.3872808]]], [[[23.0440673, 58.3882029], [23.0434707, 58.3881971], [23.0434362, 58.388442], [23.0440673, 58.3882029]]], [[[23.0623914, 58.3904674], [23.0620741, 58.3903757], [23.062218, 58.3905429], [23.0623914, 58.3904674]]], [[[23.0504477, 58.3904365], [23.0504696, 58.3905253], [23.0507788, 58.3906128], [23.0504477, 58.3904365]]], [[[23.0662973, 58.3913939], [23.0644082, 58.3903247], [23.0623695, 58.3902695], [23.0662973, 58.3913939]]], [[[23.063039, 58.3917887], [23.0624707, 58.3916891], [23.0625106, 58.391798], [23.063039, 58.3917887]]], [[[23.0715261, 58.4029295], [23.0708215, 58.4029358], [23.0711926, 58.4031809], [23.0715261, 58.4029295]]], [[[23.0724966, 58.4031988], [23.0722894, 58.4031707], [23.0723237, 58.4033003], [23.0724966, 58.4031988]]], [[[23.0714387, 58.4035336], [23.069364, 58.4037809], [23.0709478, 58.404335], [23.0714387, 58.4035336]]], [[[23.0749855, 58.4065305], [23.0712022, 58.4060537], [23.0746988, 58.4066259], [23.0749855, 58.4065305]]], [[[23.0777259, 58.4061692], [23.0785198, 58.4065191], [23.0791241, 58.406319], [23.0777259, 58.4061692]]], [[[23.0762362, 58.4072434], [23.0784904, 58.4083535], [23.0785548, 58.4070049], [23.0762362, 58.4072434]]], [[[23.070624, 58.4098668], [23.0713864, 58.4097842], [23.0715486, 58.4096263], [23.070624, 58.4098668]]], [[[23.0729749, 58.4133552], [23.0732473, 58.413478], [23.0750754, 58.4128102], [23.0729749, 58.4133552]]], [[[23.0748748, 58.4132758], [23.0742509, 58.4134505], [23.0747789, 58.4133184], [23.0748748, 58.4132758]]], [[[23.0755732, 58.4131086], [23.0760743, 58.4136383], [23.0763638, 58.4134116], [23.0755732, 58.4131086]]], [[[23.0758259, 58.4174162], [23.0819317, 58.4154571], [23.0734606, 58.4153413], [23.0758259, 58.4174162]]], [[[23.0711331, 58.4177369], [23.0712761, 58.4178214], [23.0714978, 58.417547], [23.0711331, 58.4177369]]], [[[23.0748209, 58.4180596], [23.0751333, 58.417886], [23.0751018, 58.4178221], [23.0748209, 58.4180596]]], [[[23.07758, 58.4218106], [23.0775742, 58.4221763], [23.0784911, 58.4225665], [23.07758, 58.4218106]]], [[[23.0727443, 58.5636013], [23.0729824, 58.5639114], [23.073749, 58.5636059], [23.0727443, 58.5636013]]], [[[23.064764, 58.5668895], [23.0650228, 58.5667508], [23.0644627, 58.5664338], [23.064764, 58.5668895]]], [[[23.0670226, 58.5698076], [23.0650856, 58.5686079], [23.0656714, 58.5693604], [23.0670226, 58.5698076]]], [[[23.0528546, 58.5749582], [23.0523717, 58.5748963], [23.0518397, 58.5753314], [23.0528546, 58.5749582]]], [[[23.0355939, 58.5775411], [23.035938, 58.5780432], [23.0372436, 58.5780415], [23.0355939, 58.5775411]]], [[[23.060914, 58.6162037], [23.0664898, 58.6160608], [23.0712618, 58.6148178], [23.060914, 58.6162037]]], [[[23.0567636, 58.6192078], [23.0550318, 58.6198935], [23.0565297, 58.6203504], [23.0567636, 58.6192078]]], [[[23.0608588, 58.6220392], [23.0601606, 58.6194767], [23.056679, 58.6201056], [23.0608588, 58.6220392]]], [[[23.0540703, 58.6246701], [23.0597725, 58.6224859], [23.0511631, 58.62163], [23.0540703, 58.6246701]]], [[[23.0508229, 58.621054], [23.0471735, 58.6227715], [23.0533156, 58.6257566], [23.0508229, 58.621054]]], [[[23.0548315, 58.6249318], [23.0532688, 58.6254094], [23.0560123, 58.6249011], [23.0548315, 58.6249318]]], [[[23.0440859, 58.6280618], [23.0439627, 58.6247325], [23.0417092, 58.6251115], [23.0440859, 58.6280618]]], [[[23.0410633, 58.6296406], [23.0408937, 58.6263578], [23.0375162, 58.6262323], [23.0410633, 58.6296406]]], [[[23.0324127, 58.6459961], [23.0406698, 58.6296511], [23.0356653, 58.6264947], [23.009126, 58.6311967], [23.0197721, 58.6465227], [23.0324127, 58.6459961]]], [[[23.0885356, 58.3975938], [23.0888288, 58.3974793], [23.0882861, 58.3973732], [23.0885356, 58.3975938]]], [[[23.0863472, 58.4008637], [23.0868496, 58.4010121], [23.0869134, 58.4006121], [23.0863472, 58.4008637]]], [[[23.0913116, 58.4015464], [23.0907967, 58.4007956], [23.0907034, 58.4014527], [23.0913116, 58.4015464]]], [[[23.0878482, 58.4023055], [23.0876139, 58.4022112], [23.0873009, 58.4024104], [23.0878482, 58.4023055]]], [[[23.093483, 58.402528], [23.0945623, 58.4027772], [23.0939818, 58.402557], [23.093483, 58.402528]]], [[[23.0798283, 58.406841], [23.0800329, 58.4068888], [23.080859, 58.4065548], [23.0798283, 58.406841]]], [[[23.0720286, 58.4098856], [23.0756945, 58.4128556], [23.085578, 58.4100283], [23.0720286, 58.4098856]]], [[[23.1144746, 58.4129718], [23.1141832, 58.4131572], [23.1144898, 58.4132319], [23.1144746, 58.4129718]]], [[[23.1074991, 58.4134941], [23.1076336, 58.4129076], [23.1070558, 58.4132163], [23.1074991, 58.4134941]]], [[[23.1131598, 58.412972], [23.1111751, 58.4127698], [23.1111343, 58.413815], [23.1131598, 58.412972]]], [[[23.0944296, 58.4148803], [23.0966296, 58.4146778], [23.0947826, 58.4141964], [23.0944296, 58.4148803]]], [[[23.1693831, 58.413661], [23.1649846, 58.4137061], [23.1634749, 58.4157062], [23.1693831, 58.413661]]], [[[23.1583715, 58.4148934], [23.1591437, 58.4148011], [23.1585428, 58.4147842], [23.1583715, 58.4148934]]], [[[23.0978242, 58.4153253], [23.0984672, 58.4150333], [23.0977064, 58.4149397], [23.0978242, 58.4153253]]], [[[23.0988145, 58.4152182], [23.0987376, 58.4150599], [23.0982328, 58.415759], [23.0988145, 58.4152182]]], [[[23.120669, 58.4155105], [23.1205141, 58.4154311], [23.1200876, 58.4156858], [23.120669, 58.4155105]]], [[[23.0931263, 58.4171851], [23.0930829, 58.4173982], [23.093357, 58.4171922], [23.0931263, 58.4171851]]], [[[23.1004149, 58.4182068], [23.1008287, 58.4177221], [23.1003579, 58.4181447], [23.1004149, 58.4182068]]], [[[23.094032, 58.4197618], [23.091272, 58.4180039], [23.0891635, 58.4185271], [23.094032, 58.4197618]]], [[[23.088554, 58.4191486], [23.0883253, 58.4189266], [23.0876788, 58.4190915], [23.088554, 58.4191486]]], [[[23.0786219, 58.4178073], [23.0870146, 58.4197884], [23.0896725, 58.4167667], [23.0786219, 58.4178073]]], [[[23.1586111, 58.4186584], [23.1598083, 58.4204614], [23.1590879, 58.4189441], [23.1586111, 58.4186584]]], [[[23.0947938, 58.4198263], [23.094765, 58.4200079], [23.0959504, 58.4200141], [23.0947938, 58.4198263]]], [[[23.0933242, 58.4201479], [23.0934093, 58.4200762], [23.0926344, 58.4198968], [23.0933242, 58.4201479]]], [[[23.0967952, 58.4206117], [23.0977143, 58.4207439], [23.096737, 58.4203269], [23.0967952, 58.4206117]]], [[[23.1002178, 58.4197157], [23.0989167, 58.421229], [23.1005925, 58.4215015], [23.1002178, 58.4197157]]], [[[23.1055791, 58.4222264], [23.1060233, 58.4222436], [23.1059216, 58.4220336], [23.1055791, 58.4222264]]], [[[23.1067484, 58.4227237], [23.1064448, 58.4225292], [23.1064622, 58.4227331], [23.1067484, 58.4227237]]], [[[23.1068312, 58.423711], [23.107361, 58.4237971], [23.1068996, 58.4236051], [23.1068312, 58.423711]]], [[[23.1001766, 58.4273586], [23.099421, 58.4270719], [23.0993089, 58.4274196], [23.1001766, 58.4273586]]], [[[23.1470794, 58.4299156], [23.1446825, 58.4300274], [23.146148, 58.4301236], [23.1470794, 58.4299156]]], [[[23.1295313, 58.4302724], [23.1296481, 58.4302922], [23.1298202, 58.4299484], [23.1295313, 58.4302724]]], [[[23.1427978, 58.430418], [23.1429048, 58.4306635], [23.1443922, 58.4305068], [23.1427978, 58.430418]]], [[[23.1288146, 58.4306367], [23.1284531, 58.4305849], [23.1288205, 58.4308412], [23.1288146, 58.4306367]]], [[[23.1497411, 58.4325272], [23.1494091, 58.4321898], [23.1479849, 58.4329806], [23.1497411, 58.4325272]]], [[[23.1682099, 58.433792], [23.1678082, 58.4323506], [23.1639907, 58.4328308], [23.1682099, 58.433792]]], [[[23.14687, 58.4342493], [23.1472109, 58.4341027], [23.1471554, 58.4340165], [23.14687, 58.4342493]]], [[[23.1428242, 58.4344051], [23.1427229, 58.4343637], [23.1428016, 58.4345469], [23.1428242, 58.4344051]]], [[[23.1481703, 58.435278], [23.1479814, 58.4350903], [23.1480608, 58.4352826], [23.1481703, 58.435278]]], [[[23.1427389, 58.4351528], [23.1425064, 58.43561], [23.1439821, 58.4350966], [23.1427389, 58.4351528]]], [[[23.161707, 58.4320448], [23.1521143, 58.4376972], [23.1568465, 58.4412169], [23.161707, 58.4320448]]], [[[23.1419636, 58.436459], [23.1424657, 58.4367247], [23.145508, 58.4363858], [23.1419636, 58.436459]]], [[[23.1476911, 58.4367611], [23.1480339, 58.4368009], [23.1477778, 58.4366999], [23.1476911, 58.4367611]]], [[[23.1488036, 58.4383506], [23.1482799, 58.4370636], [23.1443862, 58.4382922], [23.1488036, 58.4383506]]], [[[23.1445028, 58.4384656], [23.1438663, 58.4386313], [23.1443186, 58.4386767], [23.1445028, 58.4384656]]], [[[23.1431459, 58.4395149], [23.1475521, 58.4399454], [23.1458726, 58.4383909], [23.1431459, 58.4395149]]], [[[23.1486657, 58.439561], [23.1485854, 58.4396458], [23.1487123, 58.4397152], [23.1486657, 58.439561]]], [[[23.1496844, 58.4396824], [23.1493898, 58.4396913], [23.1496381, 58.4397549], [23.1496844, 58.4396824]]], [[[23.1638176, 58.4410265], [23.1683497, 58.44373], [23.172345, 58.4402428], [23.1638176, 58.4410265]]], [[[23.1696971, 58.4443178], [23.1690505, 58.4440035], [23.1689087, 58.4442796], [23.1696971, 58.4443178]]], [[[23.161971, 58.4441105], [23.1608737, 58.4439541], [23.1595304, 58.4448004], [23.161971, 58.4441105]]], [[[23.1685529, 58.4445793], [23.1684965, 58.4446848], [23.1687179, 58.4447227], [23.1685529, 58.4445793]]], [[[23.1630168, 58.4460062], [23.1638479, 58.4466028], [23.1639139, 58.4457119], [23.1630168, 58.4460062]]], [[[23.1474946, 58.4476156], [23.1465602, 58.448139], [23.1473074, 58.4483019], [23.1474946, 58.4476156]]], [[[23.1553151, 58.4483837], [23.1543832, 58.4484827], [23.1548033, 58.4484808], [23.1553151, 58.4483837]]], [[[23.1521439, 58.4483977], [23.1522037, 58.4489657], [23.1542742, 58.4484572], [23.1521439, 58.4483977]]], [[[23.1566033, 58.4534145], [23.1605976, 58.4521817], [23.156595, 58.451046], [23.1566033, 58.4534145]]], [[[23.1499526, 58.4535293], [23.1506659, 58.4533868], [23.1510927, 58.4532485], [23.1499526, 58.4535293]]], [[[23.1455748, 58.4533715], [23.1457403, 58.4536031], [23.1459925, 58.4533468], [23.1455748, 58.4533715]]], [[[23.1468002, 58.4533192], [23.1468558, 58.4536987], [23.1486317, 58.4533532], [23.1468002, 58.4533192]]], [[[23.1560531, 58.4537247], [23.1559091, 58.4538599], [23.1561871, 58.4538592], [23.1560531, 58.4537247]]], [[[23.1489633, 58.4543734], [23.1485474, 58.4543348], [23.1485723, 58.454532], [23.1489633, 58.4543734]]], [[[23.1496727, 58.4548972], [23.1496633, 58.4548267], [23.1491804, 58.4549077], [23.1496727, 58.4548972]]], [[[23.1608604, 58.4566196], [23.157655, 58.4543165], [23.1569968, 58.456578], [23.1608604, 58.4566196]]], [[[23.1591779, 58.4570002], [23.1592601, 58.4570878], [23.1596157, 58.4568164], [23.1591779, 58.4570002]]], [[[23.1618669, 58.4567523], [23.1606705, 58.4569265], [23.161701, 58.4571908], [23.1618669, 58.4567523]]], [[[23.1445252, 58.4601045], [23.1459668, 58.4599909], [23.1429411, 58.4597321], [23.1445252, 58.4601045]]], [[[23.1532895, 58.4630665], [23.1537099, 58.46332], [23.1535986, 58.4630561], [23.1532895, 58.4630665]]], [[[23.1542725, 58.4636528], [23.153818, 58.4635433], [23.1542288, 58.4637408], [23.1542725, 58.4636528]]], [[[23.1577253, 58.4669369], [23.1596627, 58.4641338], [23.153936, 58.4652336], [23.1577253, 58.4669369]]], [[[23.155503, 58.4704566], [23.1589443, 58.4690272], [23.1545745, 58.4696342], [23.155503, 58.4704566]]], [[[23.1368517, 58.5276965], [23.1365704, 58.5266516], [23.135513, 58.5269839], [23.1368517, 58.5276965]]], [[[23.1370443, 58.529564], [23.136655, 58.5289264], [23.1348704, 58.5294921], [23.1370443, 58.529564]]], [[[23.1406562, 58.5367903], [23.1408242, 58.5360347], [23.1388182, 58.5359824], [23.1406562, 58.5367903]]], [[[23.1375985, 58.5408835], [23.1381259, 58.5413623], [23.1419193, 58.5415487], [23.1375985, 58.5408835]]], [[[23.1489916, 58.5538733], [23.1489686, 58.5522189], [23.1473045, 58.5531061], [23.1489916, 58.5538733]]], [[[23.1088985, 58.5593958], [23.1083669, 58.559599], [23.108884, 58.5597659], [23.1088985, 58.5593958]]], [[[23.1127664, 58.5597724], [23.1128081, 58.5596849], [23.1125834, 58.5595002], [23.1127664, 58.5597724]]], [[[23.0967525, 58.5595246], [23.0965864, 58.559496], [23.0953767, 58.5597865], [23.0967525, 58.5595246]]], [[[23.1244856, 58.5613813], [23.1239648, 58.5612036], [23.1241094, 58.561331], [23.1244856, 58.5613813]]], [[[23.1102982, 58.5619762], [23.111748, 58.5618319], [23.1110375, 58.5616613], [23.1102982, 58.5619762]]], [[[23.1084037, 58.5619205], [23.1087534, 58.5621584], [23.1092645, 58.561744], [23.1084037, 58.5619205]]], [[[23.1069321, 58.5623921], [23.106253, 58.5625336], [23.1065352, 58.562728], [23.1069321, 58.5623921]]], [[[23.0795874, 58.5660621], [23.078117, 58.565607], [23.0791094, 58.5661405], [23.0795874, 58.5660621]]], [[[23.3059338, 58.4157187], [23.3044322, 58.4183958], [23.3054258, 58.4171311], [23.3059338, 58.4157187]]], [[[23.3079359, 58.4253082], [23.3088818, 58.4248341], [23.3075366, 58.4210894], [23.3079359, 58.4253082]]], [[[23.1850703, 58.4250231], [23.1843987, 58.4249328], [23.1828586, 58.4253949], [23.1850703, 58.4250231]]], [[[23.2989752, 58.4257738], [23.2988345, 58.4256799], [23.2987939, 58.42598], [23.2989752, 58.4257738]]], [[[23.2786191, 58.4256128], [23.2783608, 58.4258844], [23.2786371, 58.4263797], [23.2786191, 58.4256128]]], [[[23.276548, 58.4269698], [23.2770853, 58.4266532], [23.2767068, 58.4265583], [23.276548, 58.4269698]]], [[[23.2710034, 58.4309325], [23.2748035, 58.4245433], [23.2800469, 58.425869], [23.2804017, 58.4291691], [23.2930053, 58.4322752], [23.2845637, 58.4223588], [23.2716016, 58.4213922], [23.2710034, 58.4309325]]], [[[23.2355684, 58.4288807], [23.2358692, 58.4272359], [23.2353693, 58.4274788], [23.2355684, 58.4288807]]], [[[23.2324723, 58.4295192], [23.2354705, 58.430247], [23.2312097, 58.4279086], [23.2324723, 58.4295192]]], [[[23.1709795, 58.4299299], [23.1740814, 58.4305196], [23.1793816, 58.4307316], [23.1709795, 58.4299299]]], [[[23.2166868, 58.4306566], [23.2164553, 58.4304376], [23.216898, 58.4310217], [23.2166868, 58.4306566]]], [[[23.2283241, 58.430362], [23.2261988, 58.4305213], [23.2275197, 58.4318897], [23.2283241, 58.430362]]], [[[23.2332601, 58.4316232], [23.2328784, 58.4317826], [23.2331753, 58.4317218], [23.2332601, 58.4316232]]], [[[23.2321689, 58.4317695], [23.2326664, 58.4317801], [23.2322082, 58.4316965], [23.2321689, 58.4317695]]], [[[23.2338808, 58.4321351], [23.234556, 58.432359], [23.2350286, 58.4321809], [23.2338808, 58.4321351]]], [[[23.2709358, 58.4348905], [23.2714343, 58.4349047], [23.2705151, 58.4346782], [23.2709358, 58.4348905]]], [[[23.2718815, 58.435605], [23.2722687, 58.4357856], [23.272663, 58.435842], [23.2718815, 58.435605]]], [[[23.171754, 58.4364553], [23.1714021, 58.4374622], [23.1734965, 58.4371258], [23.171754, 58.4364553]]], [[[23.2115199, 58.4370022], [23.2116043, 58.4367538], [23.210508, 58.4372161], [23.2115199, 58.4370022]]], [[[23.2844059, 58.4373388], [23.2845826, 58.4370332], [23.2842569, 58.437206], [23.2844059, 58.4373388]]], [[[23.1710248, 58.4394409], [23.170915, 58.4383231], [23.1702213, 58.4386457], [23.1710248, 58.4394409]]], [[[23.2834462, 58.438571], [23.2796322, 58.4395359], [23.2815005, 58.4409816], [23.2834462, 58.438571]]], [[[23.2538019, 58.4398474], [23.2538038, 58.4399276], [23.2540646, 58.4401046], [23.2538019, 58.4398474]]], [[[23.2906267, 58.441093], [23.2918211, 58.4413657], [23.2907912, 58.4405348], [23.2906267, 58.441093]]], [[[23.1999906, 58.4413901], [23.2000285, 58.4410925], [23.1997937, 58.441308], [23.1999906, 58.4413901]]], [[[23.2771795, 58.441282], [23.2820559, 58.4425429], [23.2810763, 58.4418541], [23.2771795, 58.441282]]], [[[23.2543668, 58.4433244], [23.2563902, 58.442202], [23.2560384, 58.4409263], [23.2543668, 58.4433244]]], [[[23.294181, 58.442016], [23.295862, 58.4425832], [23.2944734, 58.4419509], [23.294181, 58.442016]]], [[[23.2791075, 58.4439142], [23.2795948, 58.4430603], [23.2762877, 58.4426947], [23.2791075, 58.4439142]]], [[[23.1706671, 58.443622], [23.1705578, 58.4434558], [23.1700084, 58.4432205], [23.1706671, 58.443622]]], [[[23.2539267, 58.4437975], [23.2527422, 58.4428452], [23.252547, 58.4441642], [23.2539267, 58.4437975]]], [[[23.1874581, 58.4438549], [23.1872622, 58.4442677], [23.187342, 58.4442906], [23.1874581, 58.4438549]]], [[[23.1699636, 58.4441868], [23.1710763, 58.4444925], [23.1700474, 58.4441511], [23.1699636, 58.4441868]]], [[[23.2430311, 58.4445358], [23.2432103, 58.4446358], [23.2434767, 58.4442833], [23.2430311, 58.4445358]]], [[[23.2456271, 58.4442472], [23.2443218, 58.4441843], [23.2451737, 58.4449354], [23.2456271, 58.4442472]]], [[[23.2420909, 58.444972], [23.2425923, 58.4453012], [23.242746, 58.4448027], [23.2420909, 58.444972]]], [[[23.2974276, 58.4454], [23.2954913, 58.445292], [23.2986768, 58.4460034], [23.2974276, 58.4454]]], [[[23.249502, 58.4450812], [23.2507136, 58.4463722], [23.2519992, 58.4453541], [23.249502, 58.4450812]]], [[[23.2952134, 58.4488606], [23.2976489, 58.4481425], [23.2928831, 58.4452685], [23.2952134, 58.4488606]]], [[[23.1984794, 58.447609], [23.1995415, 58.4480677], [23.197634, 58.4470082], [23.1984794, 58.447609]]], [[[23.2396945, 58.4475938], [23.2400112, 58.4477576], [23.2406003, 58.4474528], [23.2396945, 58.4475938]]], [[[23.182403, 58.4476021], [23.1820026, 58.4477319], [23.1825246, 58.4477493], [23.182403, 58.4476021]]], [[[23.1802988, 58.4476259], [23.1807666, 58.4481447], [23.181667, 58.4474857], [23.1802988, 58.4476259]]], [[[23.2792132, 58.4480072], [23.278732, 58.4480723], [23.2788761, 58.448086], [23.2792132, 58.4480072]]], [[[23.2758042, 58.4474901], [23.2740686, 58.447596], [23.2768385, 58.4488159], [23.2758042, 58.4474901]]], [[[23.2742582, 58.4486487], [23.2746698, 58.4489212], [23.2745909, 58.4485444], [23.2742582, 58.4486487]]], [[[23.247398, 58.4484681], [23.2485057, 58.4491217], [23.2478578, 58.4485102], [23.247398, 58.4484681]]], [[[23.2637667, 58.4489769], [23.2638474, 58.4489427], [23.2637153, 58.4487795], [23.2637667, 58.4489769]]], [[[23.276143, 58.4490607], [23.2763822, 58.4492907], [23.2764123, 58.449142], [23.276143, 58.4490607]]], [[[23.2979276, 58.4495339], [23.297987, 58.449219], [23.2974925, 58.4493202], [23.2979276, 58.4495339]]], [[[23.2738805, 58.4492317], [23.2719872, 58.4493596], [23.2737562, 58.4495498], [23.2738805, 58.4492317]]], [[[23.2584344, 58.4494607], [23.2596401, 58.4499826], [23.2586881, 58.4492991], [23.2584344, 58.4494607]]], [[[23.1711841, 58.4495813], [23.1713229, 58.4497314], [23.1713764, 58.4495932], [23.1711841, 58.4495813]]], [[[23.2746826, 58.4500509], [23.2756243, 58.4495366], [23.2748531, 58.4493033], [23.2746826, 58.4500509]]], [[[23.2981391, 58.4497756], [23.2977979, 58.449791], [23.2978374, 58.4499397], [23.2981391, 58.4497756]]], [[[23.1741186, 58.4496478], [23.175747, 58.4504789], [23.1752938, 58.449486], [23.1741186, 58.4496478]]], [[[23.2978981, 58.4502904], [23.2974912, 58.4503444], [23.2978891, 58.4505962], [23.2978981, 58.4502904]]], [[[23.2361841, 58.4502631], [23.2351875, 58.4502433], [23.2355474, 58.4507797], [23.2361841, 58.4502631]]], [[[23.1724281, 58.4506785], [23.1725089, 58.4513774], [23.1730491, 58.4503546], [23.1724281, 58.4506785]]], [[[23.3298408, 58.4509708], [23.3297815, 58.4508889], [23.3290224, 58.4512283], [23.3298408, 58.4509708]]], [[[23.267242, 58.4510041], [23.2662612, 58.4509815], [23.2663256, 58.4512026], [23.267242, 58.4510041]]], [[[23.2247189, 58.4510903], [23.2262873, 58.4513632], [23.2272819, 58.4510698], [23.2247189, 58.4510903]]], [[[23.2383278, 58.4517727], [23.2414491, 58.451971], [23.2393708, 58.4510114], [23.2383278, 58.4517727]]], [[[23.2284393, 58.4516165], [23.2284047, 58.4518741], [23.2287928, 58.4517449], [23.2284393, 58.4516165]]], [[[23.254715, 58.4504563], [23.2568737, 58.4534731], [23.2588197, 58.452515], [23.254715, 58.4504563]]], [[[23.2453717, 58.452007], [23.2450499, 58.4514928], [23.2435734, 58.4524461], [23.2453717, 58.452007]]], [[[23.2713214, 58.4519563], [23.2717069, 58.452176], [23.2715299, 58.4519308], [23.2713214, 58.4519563]]], [[[23.23359, 58.452628], [23.2340856, 58.4544272], [23.2377843, 58.4515983], [23.23359, 58.452628]]], [[[23.2699177, 58.453281], [23.2701007, 58.4535112], [23.2702446, 58.4531487], [23.2699177, 58.453281]]], [[[23.2443956, 58.4533434], [23.2440092, 58.453221], [23.2443979, 58.4537262], [23.2443956, 58.4533434]]], [[[23.2379493, 58.4537702], [23.2381403, 58.4533098], [23.2375197, 58.4534354], [23.2379493, 58.4537702]]], [[[23.2703834, 58.4538449], [23.2705163, 58.4539892], [23.2706418, 58.4538194], [23.2703834, 58.4538449]]], [[[23.2358388, 58.4541333], [23.2351, 58.4539177], [23.2351989, 58.4542013], [23.2358388, 58.4541333]]], [[[23.2510069, 58.4542127], [23.2499235, 58.4544012], [23.2505183, 58.4548198], [23.2510069, 58.4542127]]], [[[23.2386432, 58.4545928], [23.2384153, 58.4546469], [23.2393145, 58.4550315], [23.2386432, 58.4545928]]], [[[23.234299, 58.454891], [23.2344385, 58.4550078], [23.2348525, 58.4548869], [23.234299, 58.454891]]], [[[23.2438363, 58.4554445], [23.2440176, 58.4555148], [23.2442433, 58.4553429], [23.2438363, 58.4554445]]], [[[23.2381116, 58.4552538], [23.239011, 58.4557886], [23.2383875, 58.4551114], [23.2381116, 58.4552538]]], [[[23.2369194, 58.4556344], [23.2374273, 58.456006], [23.2375595, 58.4553778], [23.2369194, 58.4556344]]], [[[23.3015655, 58.4699766], [23.3018305, 58.4700102], [23.3020708, 58.4697379], [23.3015655, 58.4699766]]], [[[23.2952762, 58.4792275], [23.2957893, 58.4793557], [23.2952628, 58.4791097], [23.2952762, 58.4792275]]]]}}]}