{"type": "FeatureCollection", "features": [{"type": "Feature", "properties": {"slug": "mariehamn", "members": 16, "country": "Finland", "input_hash": "097cd32fc47a1a58"}, "geometry": {"type": "MultiPolygon", "coordinates": [[[[19.7102022, 60.1124411], [19.7055741, 60.1103065], [19.7011089, 60.1118844], [19.7102022, 60.1124411]]], [[[19.700608, 60.1305849], [19.6994493, 60.1331342], [19.7073028, 60.1338094], [19.700608, 60.1305849]]], [[[19.6897504, 60.146269], [19.6982771, 60.1466789], [19.6973893, 60.1409839], [19.6897504, 60.146269]]], [[[19.6262477, 60.1544592], [19.6244118, 60.1575395], [19.6298419, 60.1571855], [19.6262477, 60.1544592]]], [[[19.607, 60.171], [19.622, 60.1645], [19.6181346, 60.1534933], [19.6054244, 60.1556673], [19.607, 60.171]]], [[[19.6762005, 60.1821736], [19.6898575, 60.1849903], [19.69425, 60.17825], [19.6843481, 60.1614812], [19.6751631, 60.1679189], [19.6762005, 60.1821736]]], [[[19.3166095, 60.1758904], [19.3096567, 60.1803399], [19.3271105, 60.1717065], [19.3166095, 60.1758904]]], [[[19.3094909, 60.1878939], [19.3146073, 60.1815], [19.3041051, 60.1859896], [19.3094909, 60.1878939]]], [[[19.6736518, 60.1843727], [19.676989568732452, 60.186813993924346], [19.678480381978446, 60.185719129540075], [19.6736518, 60.1843727]]], [[[19.421795, 60.1861877], [19.4268322, 60.189588], [19.4342351, 60.1873278], [19.421795, 60.1861877]]], [[[19.3189785, 60.192324], [19.3221395, 60.1845153], [19.3154785, 60.1926647], [19.3189785, 60.192324]]], [[[19.6866071, 60.1938484], [19.68777, 60.1883095], [19.676989568732452, 60.186813993924346], [19.6866071, 60.1938484]]], [[[19.35075, 60.19], [19.3529629, 60.1944052], [19.354025, 60.1892159], [19.35075, 60.19]]], [[[19.3272459, 60.2046586], [19.3448814, 60.2029153], [19.3449337, 60.191434], [19.3272459, 60.2046586]]], [[[19.317213, 60.2047088], [19.3113497, 60.2103114], [19.3190504, 60.2177442], [19.3335032, 60.2123987], [19.3295021, 60.2064541], [19.32188, 60.2136266], [19.317213, 60.2047088]]], [[[19.6827458, 60.2239254], [19.6812732, 60.2105186], [19.6736462, 60.2232505], [19.6827458, 60.2239254]]], [[[19.6532321, 60.1860223], [19.6349762, 60.178498], [19.6438757, 60.1764905], [19.6365557, 60.1680777], [19.6329013, 60.1784768], [19.6146121, 60.1812075], [19.6219048, 60.1987385], [19.6056546, 60.1949831], [19.5861796, 60.2183011], [19.5887847, 60.225689], [19.581308, 60.2191708], [19.5897517, 60.1950333], [19.6087705, 60.1860925], [19.5931435, 60.1807959], [19.5989974, 60.1742203], [19.590864, 60.1645631], [19.6121226, 60.1511697], [19.5959274, 60.1542653], [19.5750843, 60.1432702], [19.5380198, 60.1512942], [19.5335043, 60.1638945], [19.5138861, 60.178237], [19.5254898, 60.1876027], [19.5179858, 60.1935621], [19.5178315, 60.2101261], [19.5458351, 60.216728], [19.5347289, 60.2268134], [19.5431952, 60.2343138], [19.5338115, 60.2574933], [19.5431682, 60.2642952], [19.5616131, 60.2601071], [19.5665808, 60.2814615], [19.5699576, 60.2648522], [19.5734647, 60.2739996], [19.5882508, 60.2724294], [19.583116, 60.2757712], [19.58875, 60.2935], [19.6035887, 60.3001944], [19.60325, 60.31325], [19.6272983, 60.2677367], [19.6407983, 60.2697367], [19.6545483, 60.2559867], [19.6465483, 60.2572367], [19.6420483, 60.2399867], [19.6637983, 60.2304867], [19.6580483, 60.2292367], [19.6617565, 60.2168531], [19.6607983, 60.2272367], [19.6731257, 60.2296823], [19.6742983, 60.2072367], [19.6783322, 60.1965637], [19.6673227, 60.1713035], [19.6470106, 60.1666908], [19.6458635, 60.1717851], [19.6553703, 60.1697476], [19.64732, 60.1724017], [19.6532321, 60.1860223]]], [[[19.7191759, 60.1482493], [19.7056056, 60.1531045], [19.7124257, 60.1563783], [19.6935296, 60.1856996], [19.6986301, 60.1971676], [19.6908841, 60.1942801], [19.6871594, 60.2012089], [19.6958318, 60.2132882], [19.6898089, 60.2281886], [19.6720528, 60.2325162], [19.6585858, 60.2478304], [19.6659458, 60.2622318], [19.6493255, 60.2838612], [19.6622298, 60.2883517], [19.6451888, 60.2844043], [19.634698, 60.2922551], [19.6443702, 60.3012234], [19.6516525, 60.2969247], [19.6488323, 60.3043119], [19.6743811, 60.2999972], [19.6771414, 60.2782272], [19.6818667, 60.2899422], [19.6946167, 60.2934422], [19.6988667, 60.2721921], [19.6788667, 60.2684421], [19.6928667, 60.2639421], [19.6748667, 60.2604421], [19.7003667, 60.2619421], [19.7076167, 60.2771921], [19.7021167, 60.2909422], [19.7306167, 60.2979422], [19.7298667, 60.2896922], [19.7458667, 60.2809422], [19.7528667, 60.3029422], [19.765339, 60.2987062], [19.7566167, 60.3094422], [19.7468667, 60.3041922], [19.743, 60.31625], [19.75375, 60.3225], [19.73775, 60.33375], [19.76375, 60.3355], [19.766, 60.32175], [19.77525, 60.333], [19.7804444, 60.3200166], [19.79275, 60.32725], [19.79825, 60.31575], [19.80375, 60.323], [19.8092846, 60.3144561], [19.7995, 60.31325], [19.76625, 60.26425], [19.7745, 60.26375], [19.7675, 60.25875], [19.7785, 60.24425], [19.78475, 60.24675], [19.77925, 60.25275], [19.7905, 60.251], [19.80475, 60.201], [19.8186885, 60.200517], [19.82631404306127, 60.20730512214584], [19.8112269, 60.2088656], [19.8045422, 60.2196927], [19.8128466, 60.220131], [19.8221767, 60.2274047], [19.8001243, 60.2321293], [19.7857275, 60.2648694], [19.7963542, 60.27681], [19.8019891, 60.3087696], [19.8144315, 60.3132841], [19.8107486, 60.3249389], [19.8453172, 60.3190798], [19.8545934, 60.3241298], [19.8702502, 60.3250903], [19.8845913, 60.3297119], [19.89005982594275, 60.340689393815815], [19.8707354, 60.3258472], [19.8543945, 60.3291982], [19.8467864, 60.3204071], [19.8442507, 60.3277711], [19.8297887, 60.3294452], [19.8309046, 60.3421098], [19.8431885, 60.3452356], [19.8301886, 60.3425598], [19.8118035, 60.3675993], [19.7750195, 60.3622395], [19.7886366, 60.3774206], [19.8147091, 60.3751229], [19.8016548, 60.3807826], [19.804962, 60.3935446], [19.8015529, 60.3809562], [19.7943538, 60.3884187], [19.8118821, 60.409919], [19.8196485, 60.4004685], [19.8268207, 60.4035764], [19.8155071, 60.407047], [19.8150122, 60.419692], [19.8313737, 60.4112606], [19.8338494, 60.4018494], [19.8378432, 60.417584], [19.8574131, 60.4156398], [19.8448602, 60.4189784], [19.8480517, 60.424911], [19.8571336, 60.4263989], [19.8576325, 60.4167312], [19.8590997, 60.4234282], [19.8764804, 60.4278418], [19.9155874, 60.4234526], [19.9189977, 60.409971], [19.9303995, 60.4150148], [19.9343952, 60.4056591], [19.926229, 60.400858], [19.9384023, 60.3952063], [19.9344692, 60.3842773], [19.9424761, 60.386018], [19.9406633, 60.3999028], [19.9608015, 60.400304], [19.9635938, 60.4124864], [19.9581232, 60.3884308], [19.9508253, 60.3895129], [19.9379319, 60.3752327], [19.9283588, 60.3754256], [19.9442807, 60.3734426], [19.9382899, 60.363752], [19.9460918, 60.3763281], [19.9648354, 60.3721538], [19.9994963, 60.3746635], [19.9970334, 60.3709035], [19.9963567, 60.3631231], [19.99806707371371, 60.37223601152392], [20.0083935, 60.3700647], [20.02175, 60.35], [20.0265298, 60.3599557], [20.0132136, 60.3764076], [20.0454302, 60.3737014], [20.0465, 60.3645], [20.06875, 60.37225], [20.062564, 60.3572566], [20.0806844, 60.3742746], [20.1096059, 60.3715912], [20.1278376, 60.3630168], [20.1052165, 60.3617554], [20.1050187, 60.3566222], [20.09927, 60.3552885], [20.102942, 60.3542205], [20.094725, 60.3483139], [20.0941091, 60.3450143], [20.1036566, 60.3417918], [20.095397, 60.3481331], [20.1038119, 60.3463319], [20.1125225, 60.3581858], [20.1199252, 60.3450071], [20.1374716, 60.3529536], [20.1384571, 60.3439156], [20.127039, 60.341897], [20.1613203, 60.3305234], [20.1676503, 60.3188696], [20.1670763, 60.3256411], [20.1444223, 60.3527983], [20.1731247, 60.3458877], [20.1788834, 60.3408843], [20.1698229, 60.3318112], [20.1807401, 60.3389846], [20.1767349, 60.3473647], [20.1932198, 60.344396], [20.187555, 60.3272903], [20.2090448, 60.3315457], [20.2112308, 60.3222529], [20.1742163, 60.2946244], [20.1799979, 60.2884052], [20.1940281, 60.3073001], [20.2258488, 60.3155865], [20.2428456, 60.3405584], [20.2190236, 60.3513553], [20.2403096, 60.3577978], [20.2524332, 60.3735324], [20.265458, 60.373787], [20.2553729, 60.3520452], [20.2628338, 60.3410557], [20.2891584, 60.3590355], [20.2814673, 60.3641512], [20.2881197, 60.3706428], [20.2837568, 60.3818968], [20.2488007, 60.4058713], [20.2396815, 60.4269028], [20.2695525, 60.4344961], [20.3103445, 60.4292035], [20.29983, 60.417833], [20.309743475770944, 60.41055875920235], [20.308813, 60.42042], [20.316547, 60.4195205], [20.3163616, 60.4091266], [20.310173564298267, 60.40987077985091], [20.3167181, 60.4074768], [20.3220786, 60.4181537], [20.3103774, 60.4292082], [20.3753329, 60.4660478], [20.4551054, 60.4664854], [20.5439768, 60.4164299], [20.5430932, 60.3949715], [20.5052889, 60.378011], [20.5170575, 60.3673273], [20.5342763, 60.363835], [20.5380424, 60.356111], [20.5963949, 60.3717983], [20.6366866, 60.3075763], [20.5874792, 60.208371], [20.5413304, 60.2262541], [20.5172169, 60.2046903], [20.4817357, 60.1889867], [20.531093, 60.1578976], [20.5060565, 60.1404845], [20.5110294, 60.1283795], [20.4363784, 60.1494186], [20.400931, 60.1476474], [20.3918215, 60.1408989], [20.42091, 60.1224454], [20.4074639, 60.1061734], [20.3680272, 60.120736], [20.3463203, 60.1132002], [20.3684214, 60.1091622], [20.354027207311802, 60.10814964915896], [20.3584331, 60.1029195], [20.3526256, 60.1008905], [20.3246945, 60.1117157], [20.3405375, 60.1225827], [20.2821837, 60.0904269], [20.2973787, 60.072803], [20.2884383, 60.0642547], [20.3057248, 60.0525181], [20.3026418, 60.0452029], [20.2531076, 60.0416034], [20.2376718, 60.0547812], [20.2231001, 60.0746355], [20.225922, 60.0760644], [20.2251854, 60.0808903], [20.2233871290679, 60.08190358851819], [20.2162655, 60.0738354], [20.2246304, 60.0722726], [20.2081236, 60.0648531], [20.2225198, 60.0638932], [20.2054916, 60.027173], [20.234815, 60.0089931], [20.2167134, 60.004476], [20.2068365, 59.9854973], [20.1986822, 59.9902069], [20.2049089, 59.9821359], [20.1775487, 59.9691637], [20.1758679, 59.9817706], [20.1821864, 59.9768407], [20.1906832, 59.9841888], [20.1791518, 59.9872872], [20.18332, 60.0089221], [20.1726821, 60.0174974], [20.1532126, 59.9957792], [20.1414717, 59.9941302], [20.136445, 60.0019244], [20.1097143, 60.0043419], [20.1302448, 60.0101318], [20.1147365, 60.0132655], [20.1134015, 60.0277206], [20.0855688, 60.0505228], [20.0691152, 60.0468093], [20.0685235, 60.0388694], [20.0497617, 60.0466079], [20.0479845, 60.0384196], [20.0171611, 60.0696516], [19.9844887, 60.0662745], [19.9744455, 60.0746657], [19.9877794, 60.076575], [19.9847257, 60.088315], [19.9986291, 60.0847767], [20.0185437, 60.0967492], [20.0391323, 60.0772738], [20.0481612, 60.0852079], [20.0690743, 60.0666451], [20.0547163, 60.0825166], [20.0722996, 60.0791977], [20.0589752, 60.0961004], [20.0771173, 60.0890494], [20.0800108, 60.11323], [20.1336949, 60.0898183], [20.159761, 60.0955357], [20.1728953, 60.090683], [20.1735874, 60.0822066], [20.1827816, 60.0885924], [20.1953031, 60.0802432], [20.2062358, 60.0917832], [20.2043306, 60.0846385], [20.2118634, 60.0901234], [20.219869247757405, 60.08544190812372], [20.2189346, 60.0883391], [20.2067182, 60.0931254], [20.1916826, 60.0911244], [20.1334714, 60.1432363], [20.0602783, 60.1708446], [20.0514755, 60.1766764], [20.0488267, 60.1945518], [20.0267807, 60.1989027], [20.0055269, 60.1849749], [20.0195022, 60.1875162], [20.0218442, 60.1806499], [20.0255191, 60.1906281], [20.0445414, 60.1888915], [20.0342984, 60.1774157], [20.039438, 60.1668932], [20.0270081, 60.1665093], [20.040008, 60.1643646], [20.0342104, 60.1493377], [20.0185074, 60.1491408], [20.0222692, 60.1248953], [20.0388023, 60.1285679], [20.0508642, 60.1207169], [20.043249, 60.1025443], [20.030249, 60.0976504], [20.018309, 60.1030069], [20.0122657, 60.0966925], [19.9877756, 60.1097673], [19.9876266, 60.0909669], [19.969599, 60.1150078], [19.958463020269438, 60.113187976249655], [19.9732835, 60.0884603], [19.9668308, 60.0638715], [19.952916, 60.0538895], [19.9491085, 60.046869], [19.9292675, 60.046672], [19.9286469, 60.0584037], [19.9133164, 60.0703936], [19.9168697, 60.0737102], [19.9197971, 60.0735789], [19.9207824, 60.0751714], [19.9131089, 60.0801753], [19.9226956, 60.0823344], [19.9247111, 60.0860423], [19.909803, 60.0789956], [19.9006667, 60.0851711], [19.9137133, 60.0898215], [19.8786655, 60.0969587], [19.8898382, 60.1061537], [19.8808725, 60.1123094], [19.8727347, 60.1045202], [19.862493, 60.10971], [19.8605516, 60.1034633], [19.875521, 60.0989277], [19.8684873, 60.0896295], [19.8515276, 60.096413], [19.8391481, 60.086638], [19.831261, 60.0932835], [19.8168046, 60.0891044], [19.8086889, 60.1063419], [19.8202134, 60.1133076], [19.8020196, 60.1102611], [19.8048198, 60.0992447], [19.7887901, 60.1080446], [19.7804429, 60.0923997], [19.751409, 60.0931839], [19.7516075, 60.1033045], [19.7270118, 60.1242627], [19.7325531, 60.1292518], [19.72831, 60.13825], [19.7182909, 60.1366059], [19.7191759, 60.1482493]], [[20.0142675, 60.176962], [19.989557, 60.1913182], [19.9820388, 60.1937928], [19.9752769, 60.1934235], [19.9887436, 60.1904084], [19.9900854, 60.1780593], [19.9987851, 60.1792098], [20.0063823, 60.1659119], [20.0142675, 60.176962]], [[20.0273144, 60.236665], [20.0135912, 60.2440162], [20.0213183, 60.2482613], [20.0292864, 60.2751496], [20.0479169, 60.2744482], [20.0346737, 60.2825662], [20.056, 60.30175], [20.04775, 60.315], [20.033, 60.3175], [20.0286102, 60.3077335], [20.04175, 60.301], [20.03025, 60.29425], [20.044, 60.297], [20.0257425, 60.281208], [20.0165516, 60.2838508], [20.0160985, 60.2777826], [20.02725, 60.2785], [20.0148876, 60.2652574], [20.0149852, 60.25358], [19.996100560404706, 60.261688429343764], [20.0239976, 60.2305768], [20.0299867, 60.2298922], [20.033686, 60.232871], [20.034, 60.24425], [20.0273144, 60.236665]], [[19.8411839, 60.1876746], [19.84370079455874, 60.18488311325245], [19.8435335, 60.185957], [19.8411839, 60.1876746]], [[19.8493217, 60.1752682], [19.84632101446838, 60.17399833991654], [19.8485492, 60.1741903], [19.8493217, 60.1752682]], [[19.8304626, 60.2043855], [19.830650722507464, 60.20153971357492], [19.8308665, 60.2019573], [19.8304626, 60.2043855]], [[19.919842659410232, 60.095479588095145], [19.9151052, 60.0934098], [19.9185527, 60.0934212], [19.919842659410232, 60.095479588095145]], [[19.9190939926719, 60.09581311556332], [19.919844853995645, 60.09548308999485], [19.9198829, 60.0955438], [19.9190939926719, 60.09581311556332]], [[19.9216985, 60.1050905], [19.9193122, 60.1161744], [19.91645030237361, 60.096975094967426], [19.9216985, 60.1050905]], [[19.958460479001797, 60.113195445459155], [19.9602081, 60.1289862], [19.9577983, 60.1151417], [19.958460479001797, 60.113195445459155]], [[19.916976259335726, 60.072845083915176], [19.9169805, 60.0726121], [19.9174447, 60.0728868], [19.916976259335726, 60.072845083915176]], [[19.9169304, 60.072841], [19.916934733815967, 60.07282119939171], [19.91695327561347, 60.072843037143876], [19.9169304, 60.072841]], [[19.9167777, 60.0703528], [19.9165996, 60.0708375], [19.9158579, 60.0710185], [19.9167777, 60.0703528]], [[19.9168943, 60.070949], [19.9173575, 60.0707115], [19.9171534, 60.0713029], [19.9168943, 60.070949]], [[19.9050086, 60.3622894], [19.8909539, 60.3571491], [19.888543866692537, 60.34445784954119], [19.8944088, 60.3572972], [19.9055681, 60.3563428], [19.900447036933166, 60.35692859172786], [19.9050086, 60.3622894]], [[19.9316728481689, 60.210089844264914], [19.9304143, 60.2107512], [19.928254813936753, 60.210180627922625], [19.9316728481689, 60.210089844264914]], [[19.9362293, 60.2049701], [19.9343196, 60.208699], [19.933462141802444, 60.20914958656519], [19.9362293, 60.2049701]], [[19.9610201, 60.1992671], [19.9573651, 60.2025217], [19.956797940559923, 60.202678071659925], [19.9610201, 60.1992671]], [[19.97419701535742, 60.19565179470433], [19.966753355808354, 60.19989073634494], [19.9718651, 60.2004636], [19.9610201, 60.1992671], [19.97419701535742, 60.19565179470433]], [[19.97275, 60.28375], [19.98275, 60.29175], [19.9765292, 60.3001157], [19.9685703, 60.2863659], [19.9781973, 60.2777119], [19.9743682, 60.2713645], [19.994670886591, 60.2630391827865], [19.97275, 60.28375]], [[19.8218093, 60.2665612], [19.8231594, 60.2687351], [19.8209402, 60.2672423], [19.8218093, 60.2665612]], [[20.2226475, 60.0838173], [20.2236996, 60.0839936], [20.220076358845066, 60.085320798042225], [20.2226475, 60.0838173]], [[20.2954517, 60.3076676], [20.286922093706824, 60.30048882268118], [20.2987497, 60.2796134], [20.3231181, 60.2967127], [20.3253674, 60.3117202], [20.2864528, 60.3172288], [20.286668240178848, 60.30165153526575], [20.2954517, 60.3076676]], [[20.28973766743099, 60.25604849818274], [20.2821562, 60.2634806], [20.2704568, 60.2518186], [20.2796822, 60.2600639], [20.28973766743099, 60.25604849818274]], [[20.29557088043746, 60.25752282747622], [20.296573382215637, 60.25697861583988], [20.296897797691685, 60.25742779864081], [20.29557088043746, 60.25752282747622]], [[20.2661344, 60.4243835], [20.2675978, 60.4246144], [20.266349, 60.4250401], [20.2661344, 60.4243835]], [[20.2561511, 60.4248844], [20.2558421, 60.4257063], [20.2549581, 60.4243485], [20.2561511, 60.4248844]]], [[[19.6639395, 60.2354253], [19.6509576, 60.244886], [19.665117, 60.237818], [19.6639395, 60.2354253]]], [[[19.3909361, 60.244488], [19.3964062, 60.2411408], [19.3859688, 60.2435911], [19.397, 60.25125], [19.3909361, 60.244488]]], [[[19.4978087, 60.2405295], [19.4883253, 60.2513707], [19.5111516, 60.2641265], [19.5363976, 60.2643796], [19.5171443, 60.2545492], [19.5357594, 60.2466698], [19.5396955, 60.2361597], [19.5137171, 60.2405389], [19.5223984, 60.2402056], [19.5129477, 60.2472513], [19.5194821, 60.2527748], [19.5033426, 60.2406372], [19.5108945, 60.2369062], [19.4924625, 60.2327686], [19.4978087, 60.2405295]]], [[[19.3448773, 60.2486303], [19.3430507, 60.2507665], [19.3473503, 60.2525193], [19.3448773, 60.2486303]]], [[[19.4848106, 60.2594473], [19.4797049, 60.2694296], [19.4918109, 60.2698484], [19.494106, 60.2560571], [19.4838603, 60.2514656], [19.4909938, 60.2386074], [19.4732731, 60.2362628], [19.4848106, 60.2594473]]], [[[19.4696516, 60.2531186], [19.4653984, 60.2529804], [19.4635849, 60.2565147], [19.4696516, 60.2531186]]], [[[19.410797, 60.2625576], [19.4101965, 60.2651275], [19.4168633, 60.2645681], [19.410797, 60.2625576]]], [[[19.4443697, 60.2597956], [19.4334304, 60.2681252], [19.443705, 60.2645078], [19.4443697, 60.2597956]]], [[[19.5455454, 60.2683872], [19.544925, 60.2708448], [19.5510776, 60.2714855], [19.5455454, 60.2683872]]], [[[19.5109251, 60.2723327], [19.5112987, 60.2753992], [19.5153722, 60.2734634], [19.5109251, 60.2723327]]], [[[19.4980296, 60.2770629], [19.5067037, 60.2820859], [19.5062654, 60.2785867], [19.4980296, 60.2770629]]], [[[19.5280557, 60.2713786], [19.528454, 60.28611], [19.5362864, 60.2712569], [19.5280557, 60.2713786]]], [[[19.4837171, 60.2788711], [19.48175, 60.28475], [19.4877259, 60.283794], [19.4837171, 60.2788711]]], [[[19.461527, 60.2865597], [19.4779887, 60.2849664], [19.4798203, 60.2772421], [19.4669043, 60.2771763], [19.461527, 60.2865597]]], [[[19.6315175, 60.2837373], [19.6403856, 60.2869109], [19.6380413, 60.2772918], [19.6315175, 60.2837373]]], [[[19.4502277, 60.2808422], [19.4493426, 60.2848085], [19.4528912, 60.2847274], [19.4502277, 60.2808422]]], [[[19.5203009, 60.2866699], [19.5233433, 60.2964028], [19.5257097, 60.2916637], [19.5203009, 60.2866699]]], [[[19.5295, 60.29575], [19.5309824, 60.2977509], [19.5324088, 60.2927084], [19.5295, 60.29575]]], [[[19.6946749, 60.298066], [19.6965015, 60.3059553], [19.7071277, 60.303272], [19.7030555, 60.2928247], [19.6946749, 60.298066]]], [[[19.6796942, 60.2991033], [19.6749378, 60.302956], [19.6910197, 60.3037078], [19.6796942, 60.2991033]]], [[[19.6365146, 60.3036879], [19.6352171, 60.3071398], [19.650677, 60.3081756], [19.6365146, 60.3036879]]], [[[19.6315, 60.30375], [19.623, 60.3025], [19.61975, 60.31725], [19.631, 60.3155], [19.6315, 60.30375]]], [[[19.5734865, 60.3103148], [19.5764065, 60.3114477], [19.576223, 60.3047563], [19.5734865, 60.3103148]]], [[[19.6997604, 60.3070269], [19.704017, 60.3114882], [19.705621, 60.3072501], [19.6997604, 60.3070269]]], [[[19.5601437, 60.3091411], [19.5594916, 60.3140839], [19.5623047, 60.3140431], [19.5601437, 60.3091411]]], [[[19.6427581, 60.31457], [19.6478518, 60.3127983], [19.6473435, 60.3102019], [19.6427581, 60.31457]]], [[[19.6924139, 60.3140664], [19.6906806, 60.3192255], [19.7195984, 60.3314003], [19.7236989, 60.3194675], [19.6937095, 60.3200207], [19.6924139, 60.3140664]]], [[[19.5725, 60.32975], [19.57575, 60.322], [19.57025, 60.316], [19.566, 60.31925], [19.5725, 60.32975]]], [[[19.3934462, 60.3309397], [19.3848341, 60.3311829], [19.3848199, 60.3319529], [19.3934462, 60.3309397]]], [[[19.5620702, 60.3349663], [19.5610184, 60.333343], [19.5545, 60.33225], [19.5620702, 60.3349663]]], [[[19.597675, 60.3393997], [19.6012557, 60.339672], [19.6005494, 60.3365023], [19.597675, 60.3393997]]], [[[19.6971642, 60.3399406], [19.6895452, 60.3272019], [19.6749818, 60.3403949], [19.6852339, 60.3433604], [19.683153, 60.3508513], [19.6910764, 60.3412179], [19.6942943, 60.3528447], [19.6971642, 60.3399406]]], [[[19.7287792, 60.3434261], [19.7360453, 60.3436767], [19.7327972, 60.3366625], [19.7287792, 60.3434261]]], [[[19.7008858, 60.3395948], [19.7054394, 60.3471209], [19.70625, 60.344271], [19.7008858, 60.3395948]]], [[[19.5724525, 60.3453812], [19.5626317, 60.3390862], [19.5553703, 60.3458978], [19.5596396, 60.3490575], [19.5724525, 60.3453812]]], [[[19.5789727, 60.3568873], [19.6243568, 60.3709832], [19.6024468, 60.3549761], [19.5927001, 60.3269652], [19.5864527, 60.3375514], [19.572657, 60.3403244], [19.5789727, 60.3568873]]], [[[19.5435995, 60.3540845], [19.5544249, 60.3516975], [19.5386911, 60.3504093], [19.5435995, 60.3540845]]], [[[19.5348176, 60.3552176], [19.53125, 60.348155], [19.5183283, 60.3509846], [19.5348176, 60.3552176]]], [[[19.4553161, 60.3509639], [19.4459415, 60.353492], [19.4473147, 60.3547118], [19.4553161, 60.3509639]]], [[[19.7225087, 60.3589548], [19.7207489, 60.3663465], [19.7273232, 60.3667021], [19.7225087, 60.3589548]]], [[[19.7391929, 60.3531054], [19.7290112, 60.3633232], [19.7669021, 60.3742724], [19.7577997, 60.3609999], [19.7461887, 60.3629515], [19.7391929, 60.3531054]]], [[[19.7163267, 60.3627731], [19.7121754, 60.3683722], [19.7132747, 60.3694849], [19.7192339, 60.3677848], [19.7163267, 60.3627731]]], [[[19.7074074, 60.3585501], [19.687395, 60.3671028], [19.6950743, 60.3721852], [19.6896224, 60.3822478], [19.7075364, 60.3723844], [19.7074074, 60.3585501]]], [[[19.60768, 60.3736275], [19.6020737, 60.368566], [19.6001058, 60.3714269], [19.60768, 60.3736275]]], [[[19.7338879, 60.3703418], [19.7322333, 60.3739374], [19.7356797, 60.3728745], [19.7338879, 60.3703418]]], [[[19.5854591, 60.3728684], [19.5809992, 60.373336], [19.5823752, 60.3768447], [19.5854591, 60.3728684]]], [[[19.6797009, 60.3728782], [19.6714174, 60.3774576], [19.6807198, 60.3784561], [19.6797009, 60.3728782]]], [[[19.74124, 60.3767407], [19.7460664, 60.3783271], [19.7415029, 60.3733604], [19.74124, 60.3767407]]], [[[19.4234876, 60.3750785], [19.4189171, 60.3758669], [19.4236039, 60.3778072], [19.4234876, 60.3750785]]], [[[19.723850014314248, 60.37253480738332], [19.7025985, 60.3822512], [19.7155647, 60.3959689], [19.7350887, 60.3946479], [19.7412126, 60.3782378], [19.723850014314248, 60.37253480738332]]], [[[19.7477789, 60.382667], [19.7401171, 60.3831174], [19.7435534, 60.3861822], [19.7477789, 60.382667]]], [[[19.6929148, 60.3874465], [19.6877927, 60.388315], [19.6927875, 60.3890303], [19.6929148, 60.3874465]]], [[[19.6910574, 60.3963522], [19.70073, 60.3956702], [19.6996574, 60.3896207], [19.6910574, 60.3963522]]], [[[19.6842609, 60.3952223], [19.6936493, 60.3908067], [19.6837548, 60.3922301], [19.6842609, 60.3952223]]], [[[19.6715695, 60.3939609], [19.6662817, 60.3957904], [19.6666016, 60.3981507], [19.6715695, 60.3939609]]], [[[19.6758866, 60.396019], [19.6719606, 60.3945173], [19.6699494, 60.3982465], [19.6758866, 60.396019]]], [[[19.743269, 60.3932004], [19.733141, 60.4031466], [19.7434732, 60.3971626], [19.7502211, 60.4037394], [19.743269, 60.3932004]]], [[[19.73225, 60.40475], [19.7305, 60.411], [19.73375, 60.40525], [19.73225, 60.40475]]], [[[19.7117211, 60.4064044], [19.7056299, 60.4069367], [19.7092261, 60.4103185], [19.7117211, 60.4064044]]], [[[19.6007761, 60.4104223], [19.5906052, 60.4121969], [19.6027318, 60.4130397], [19.6007761, 60.4104223]]], [[[19.73475, 60.42175], [19.731, 60.4125], [19.73125, 60.42175], [19.73475, 60.42175]]], [[[19.6011534, 60.4150752], [19.5994109, 60.4222698], [19.6062612, 60.4209484], [19.6011534, 60.4150752]]], [[[19.7336861, 60.4396185], [19.7173472, 60.4179789], [19.7273308, 60.3980732], [19.7119944, 60.4223278], [19.7336861, 60.4396185]]], [[[19.7270652, 60.4196115], [19.7245586, 60.4225242], [19.7289787, 60.4227423], [19.7270652, 60.4196115]]], [[[19.74325, 60.42275], [19.7355, 60.419], [19.7365, 60.42475], [19.74325, 60.42275]]], [[[19.731659, 60.4262155], [19.73675, 60.43475], [19.74225, 60.43325], [19.7415, 60.4305], [19.731659, 60.4262155]]], [[[19.7417432, 60.4468067], [19.7636013, 60.4509122], [19.7729023, 60.4330481], [19.748384, 60.4298625], [19.7417432, 60.4468067]]], [[[19.9147882, 59.8362841], [19.9203119, 59.8432281], [19.9259337, 59.8372244], [19.9147882, 59.8362841]]], [[[19.9535518, 59.9677951], [19.9603847, 59.965385], [19.9472994, 59.9650002], [19.9535518, 59.9677951]]], [[[19.95225, 59.9847503], [19.9648162, 59.9812947], [19.960529, 59.9787077], [19.95225, 59.9847503]]], [[[20.0268792, 59.9802084], [20.0207128, 59.9814098], [20.0272474, 59.9837234], [20.0268792, 59.9802084]]], [[[19.9903062, 59.9861912], [19.9967419, 59.983875], [19.9966164, 59.9799443], [19.9903062, 59.9861912]]], [[[19.9463534, 59.9852098], [19.9508232, 59.9852222], [19.9512095, 59.9833256], [19.9463534, 59.9852098]]], [[[19.9387934, 59.9872168], [19.9501123, 59.9878734], [19.9445856, 59.9860724], [19.9387934, 59.9872168]]], [[[20.0039983, 59.9876369], [19.9954112, 59.9878883], [19.99593, 59.9920868], [20.0039983, 59.9876369]]], [[[19.972279, 59.9992242], [19.993941, 59.9977209], [19.9883595, 59.9894089], [19.972279, 59.9992242]]], [[[19.9619057, 59.9952448], [19.9615021, 59.9972386], [19.9650241, 59.9979399], [19.9619057, 59.9952448]]], [[[20.0272295, 60.0010792], [20.0246634, 59.9955561], [20.0223558, 59.9958546], [20.0272295, 60.0010792]]], [[[19.9816451, 60.00231], [19.9783601, 60.0045618], [19.9863517, 60.00377], [19.9816451, 60.00231]]], [[[19.959933, 60.0091474], [19.9585174, 60.0034115], [19.9508277, 60.0081147], [19.959933, 60.0091474]]], [[[20.0640873, 60.0080521], [20.0685073, 60.0087305], [20.068903, 60.0048291], [20.0640873, 60.0080521]]], [[[19.9893041, 60.007766], [19.9940698, 60.0090901], [19.9956845, 60.0081355], [19.9893041, 60.007766]]], [[[19.956761, 60.0127798], [19.9640187, 60.0109015], [19.9485523, 60.0116604], [19.956761, 60.0127798]]], [[[20.025908, 60.0182293], [20.0461936, 60.0138017], [20.0398755, 60.0057893], [20.025908, 60.0182293]]], [[[19.9561567, 60.0137868], [19.9560648, 60.0141274], [19.9635228, 60.0144679], [19.9561567, 60.0137868]]], [[[19.946672, 60.0139837], [19.9437012, 60.0155213], [19.9561669, 60.0155217], [19.946672, 60.0139837]]], [[[19.9150252, 60.0213547], [19.917337, 60.0189782], [19.911835, 60.0182682], [19.9150252, 60.0213547]]], [[[19.9057789, 60.0224473], [19.903531, 60.0193048], [19.8997606, 60.022679], [19.9057789, 60.0224473]]], [[[19.9784454, 60.0200228], [19.9828652, 60.0140941], [19.9658108, 60.0189597], [19.9778914, 60.0193284], [19.9845788, 60.0282716], [19.9653646, 60.0267431], [19.9560241, 60.0353466], [20.0089118, 60.0261235], [20.0218206, 60.0168557], [20.0123745, 60.0075476], [20.0016248, 60.0113645], [20.0073239, 60.0076783], [19.9794847, 60.011114], [19.9922243, 60.0158765], [19.9906905, 60.023971], [19.9784454, 60.0200228]]], [[[19.9556807, 60.0255111], [19.9671116, 60.026163], [19.9644743, 60.0225149], [19.9556807, 60.0255111]]], [[[19.9316822, 60.02832], [19.9349303, 60.0264302], [19.9348388, 60.0237729], [19.9316822, 60.02832]]], [[[19.9252989, 60.0257845], [19.9224463, 60.0311518], [19.9299303, 60.0290905], [19.9252989, 60.0257845]]], [[[19.947097, 60.0268989], [19.9444511, 60.0284221], [19.9461575, 60.0308872], [19.947097, 60.0268989]]], [[[20.0370227, 60.0308813], [20.044618, 60.0332189], [20.0471815, 60.0288212], [20.0370227, 60.0308813]]], [[[19.9073836, 60.0360008], [19.9001364, 60.0305021], [19.896841, 60.0330813], [19.9073836, 60.0360008]]], [[[19.9170367, 60.0327241], [19.9132385, 60.0333095], [19.9192532, 60.0359983], [19.9170367, 60.0327241]]], [[[20.0201379, 60.0383383], [20.0206792, 60.036671], [20.0136716, 60.0383984], [20.0201379, 60.0383383]]], [[[19.9244878, 60.0430419], [19.919492, 60.0385818], [19.9123837, 60.0419064], [19.9244878, 60.0430419]]], [[[19.9026705, 60.0439139], [19.9100696, 60.042673], [19.8953378, 60.0381441], [19.9026705, 60.0439139]]], [[[19.9182356, 60.0444465], [19.9180025, 60.043165], [19.9103781, 60.0438488], [19.9182356, 60.0444465]]], [[[19.9870528, 60.0514979], [19.9815209, 60.046955], [19.9860865, 60.0377977], [19.9530124, 60.0400292], [19.9715504, 60.0458058], [19.97062, 60.053385], [19.9870528, 60.0514979]]], [[[19.8755486, 60.0545334], [19.8837163, 60.0517204], [19.8719984, 60.0504877], [19.8755486, 60.0545334]]], [[[19.9649063, 60.0559213], [19.953134188388717, 60.05143822386036], [19.95668544618891, 60.05635112903661], [19.9649063, 60.0559213]]], [[[19.9206462, 60.0538598], [19.9187733, 60.0578794], [19.9201727, 60.0597376], [19.9206462, 60.0538598]]], [[[19.9649333, 60.0557702], [19.9645104, 60.0598854], [19.9716724, 60.0593724], [19.9649333, 60.0557702]]], [[[19.9955345, 60.0594315], [19.9917207, 60.0618473], [19.992199, 60.0642024], [19.9955345, 60.0594315]]], [[[19.9730682, 60.0666481], [19.9782154, 60.060938], [19.9721874, 60.0594414], [19.9730682, 60.0666481]]], [[[19.8334257, 60.0714613], [19.8273786, 60.0704526], [19.8266843, 60.0716649], [19.8334257, 60.0714613]]], [[[19.9055404, 60.0791818], [19.920771204911986, 60.075155610812224], [19.9168697, 60.0737102], [19.9121618, 60.0699397], [19.9055404, 60.0791818]]], [[[19.8338708, 60.0808356], [19.8401888, 60.08288], [19.840411, 60.0794078], [19.8338708, 60.0808356]]], [[[19.8647139, 60.0827082], [19.8737591, 60.082514], [19.8736208, 60.081301], [19.8647139, 60.0827082]]], [[[19.7818175, 60.0897283], [19.7898291, 60.0899943], [19.7878545, 60.0859369], [19.7818175, 60.0897283]]], [[[19.7926802, 60.0988192], [19.7876547, 60.1001636], [19.790977, 60.1022403], [19.7926802, 60.0988192]]], [[[20.0664523, 60.1045095], [20.0483003, 60.1063241], [20.0542076, 60.1080071], [20.0664523, 60.1045095]]], [[[19.803, 60.2135], [19.80825, 60.2135], [19.80775, 60.21125], [19.803, 60.2135]]], [[[19.8163086, 60.2282826], [19.8110245, 60.2206697], [19.8069751, 60.2265635], [19.8163086, 60.2282826]]], [[[20.0240707, 60.2355469], [20.0309492, 60.2335085], [20.0290215, 60.23173], [20.0240707, 60.2355469]]], [[[20.010501, 60.2490529], [20.0150299, 60.251249], [20.0162691, 60.248255], [20.010501, 60.2490529]]], [[[19.9833208, 60.2708324], [19.9819703, 60.2689838], [19.9760279, 60.2715712], [19.9833208, 60.2708324]]], [[[19.8129479, 60.3379486], [19.8276089, 60.3391543], [19.8225248, 60.3305967], [19.8129479, 60.3379486]]], [[[19.77375, 60.34725], [19.77125, 60.33575], [19.76675, 60.3465], [19.77375, 60.34725]]], [[[19.8054407, 60.3279561], [19.7815, 60.338], [19.7958183, 60.3584817], [19.7857586, 60.3612493], [19.8097524, 60.359267], [19.799442, 60.3489252], [19.8163611, 60.3452757], [19.8054407, 60.3279561]]], [[[19.7714946, 60.3480782], [19.7449487, 60.3604878], [19.7806934, 60.3580816], [19.7714946, 60.3480782]]], [[[19.7792215, 60.374431], [19.7683022, 60.3661829], [19.7741048, 60.382929], [19.7792215, 60.374431]]], [[[20.0362224, 60.3745725], [20.0294794, 60.3788708], [20.039, 60.37875], [20.0362224, 60.3745725]]], [[[20.057844, 60.3803691], [20.063021, 60.3805351], [20.058162, 60.3765845], [20.057844, 60.3803691]]], [[[20.0699248, 60.3812539], [20.0663008, 60.3753704], [20.0669024, 60.3820812], [20.0699248, 60.3812539]]], [[[19.9511792, 60.3796013], [19.9618024, 60.3863416], [19.9804326, 60.3808652], [19.9795239, 60.3750596], [19.9511792, 60.3796013]]], [[[19.9500615, 60.3817009], [19.9503597, 60.385569], [19.9558885, 60.3849664], [19.9500615, 60.3817009]]], [[[20.0218867, 60.3885489], [20.0429909, 60.3922325], [20.0566088, 60.3824232], [20.0515064, 60.377544], [20.0218867, 60.3885489]]], [[[19.994688, 60.3781819], [19.9715, 60.39475], [19.9915, 60.4045], [19.9845, 60.39225], [19.9957328, 60.3893613], [19.994688, 60.3781819]]], [[[20.0182086, 60.3927567], [20.0133045, 60.4014326], [20.0233604, 60.3949711], [20.0182086, 60.3927567]]], [[[19.9961338, 60.4017154], [20.0028888, 60.4026865], [19.9994761, 60.3969053], [19.9961338, 60.4017154]]], [[[20.01575, 60.401], [20.01475, 60.4045], [20.02175, 60.402], [20.01575, 60.401]]], [[[20.04025, 60.40225], [20.04425, 60.4065], [20.0455, 60.40525], [20.04025, 60.40225]]], [[[19.753245, 60.4284309], [19.7731537, 60.4280589], [19.7610077, 60.4081921], [19.769418, 60.4023038], [19.7785543, 60.4118953], [19.7864735, 60.4046744], [19.8059919, 60.4205142], [19.7949801, 60.3974277], [19.77713, 60.3828684], [19.7762945, 60.400563], [19.7732234, 60.3917146], [19.7646913, 60.3943927], [19.7511488, 60.4142218], [19.753245, 60.4284309]]], [[[20.03655, 60.4067542], [20.035928, 60.4097545], [20.0431753, 60.4104714], [20.03655, 60.4067542]]], [[[20.0538845, 60.4088624], [20.0468787, 60.4122147], [20.0548186, 60.4103533], [20.0538845, 60.4088624]]], [[[19.9245114, 60.4179732], [19.9274124, 60.4224787], [19.92943, 60.4171493], [19.9245114, 60.4179732]]], [[[20.0464631, 60.4192678], [20.0410211, 60.4187885], [20.0448897, 60.4232328], [20.0464631, 60.4192678]]], [[[20.0540546, 60.4202481], [20.0489559, 60.4265413], [20.0574381, 60.4210575], [20.0540546, 60.4202481]]], [[[19.7849554, 60.4289061], [19.7892737, 60.4274712], [19.7854167, 60.4261818], [19.7849554, 60.4289061]]], [[[20.0643799, 60.4189637], [20.0569689, 60.4306453], [20.0353369, 60.4307447], [20.0450921, 60.4395983], [20.0689289, 60.4407204], [20.0643799, 60.4189637]]], [[[20.0327152, 60.4302266], [20.0424806, 60.4260883], [20.0273491, 60.4215078], [20.0346986, 60.4251678], [20.0221137, 60.4295155], [20.031, 60.4345], [20.0031638, 60.4364475], [20.0307584, 60.441071], [20.0327152, 60.4302266]]], [[[19.9362454, 60.469039], [19.9446977, 60.4707808], [19.9454153, 60.4644094], [19.9362454, 60.469039]]], [[[20.1954386, 59.9294717], [20.1975375, 59.9312427], [20.2011403, 59.9301014], [20.1954386, 59.9294717]]], [[[20.1420701, 59.936474], [20.1350411, 59.9317998], [20.127832, 59.9292384], [20.1420701, 59.936474]]], [[[20.2099682, 59.937862], [20.2297267, 59.9399143], [20.2284204, 59.9368644], [20.2099682, 59.937862]]], [[[20.1899247, 59.9378704], [20.1850799, 59.9391344], [20.1877699, 59.9400665], [20.1899247, 59.9378704]]], [[[20.1766155, 59.9418396], [20.1731072, 59.9429909], [20.1765029, 59.9463519], [20.1766155, 59.9418396]]], [[[20.2726065, 59.9486348], [20.2670704, 59.9461229], [20.2624329, 59.9483823], [20.2726065, 59.9486348]]], [[[20.2950257, 59.9505582], [20.2984992, 59.9495011], [20.2899376, 59.9504615], [20.2950257, 59.9505582]]], [[[20.296972, 59.9579103], [20.3064705, 59.9567297], [20.3045506, 59.9528605], [20.296972, 59.9579103]]], [[[20.2930411, 59.9604723], [20.3015092, 59.960145], [20.3011231, 59.958976], [20.2930411, 59.9604723]]], [[[20.2731776, 59.9607154], [20.2731842, 59.961728], [20.2778802, 59.9619767], [20.2731776, 59.9607154]]], [[[20.1727516, 59.9629504], [20.1730235, 59.9606872], [20.1651057, 59.9626346], [20.1727516, 59.9629504]]], [[[20.3002075, 59.9640864], [20.3077256, 59.9631393], [20.3053546, 59.959918], [20.3002075, 59.9640864]]], [[[20.3210893, 59.9653349], [20.3286363, 59.9627218], [20.3198479, 59.9644003], [20.3210893, 59.9653349]]], [[[20.2748903, 59.9696499], [20.2770996, 59.9626812], [20.2654611, 59.9654204], [20.2748903, 59.9696499]]], [[[20.312352, 59.9742246], [20.322952, 59.9710092], [20.3201649, 59.9665786], [20.312352, 59.9742246]]], [[[20.2918786, 59.9841835], [20.2979292, 59.9744839], [20.3057738, 59.9760883], [20.3009874, 59.9795543], [20.3126237, 59.9711939], [20.2986655, 59.9641842], [20.2953788, 59.9721681], [20.2793465, 59.9731417], [20.2918786, 59.9841835]]], [[[20.1102163, 59.980814], [20.109741, 59.9782635], [20.1044908, 59.979925], [20.1102163, 59.980814]]], [[[20.0958286, 59.9826781], [20.0929051, 59.984893], [20.1059924, 59.9842003], [20.0958286, 59.9826781]]], [[[20.1081438, 59.9848028], [20.1062592, 59.9859132], [20.1106945, 59.9859807], [20.1081438, 59.9848028]]], [[[20.0989272, 59.9870546], [20.102617, 59.9890994], [20.1031721, 59.9872513], [20.0989272, 59.9870546]]], [[[20.1287094, 59.985391], [20.1247791, 59.9937839], [20.1341026, 59.9927658], [20.1287094, 59.985391]]], [[[20.1120914, 59.9879171], [20.1071488, 59.9901494], [20.1108947, 59.9925066], [20.1120914, 59.9879171]]], [[[20.2191505, 59.9863997], [20.2107996, 59.987841], [20.2214808, 59.9955332], [20.2191505, 59.9863997]]], [[[20.0765611, 59.9923079], [20.0706951, 59.9904003], [20.0693084, 59.9930289], [20.0765611, 59.9923079]]], [[[20.2961756, 59.9931778], [20.3012994, 59.9932556], [20.299908, 59.9913106], [20.2961756, 59.9931778]]], [[[20.1013418, 59.9954834], [20.0980729, 59.9906519], [20.088106, 59.9922755], [20.1013418, 59.9954834]]], [[[20.1339028, 59.99474], [20.1256903, 59.9980634], [20.1331767, 59.9982548], [20.1339028, 59.99474]]], [[[20.1620409, 59.997153], [20.1603247, 59.9971055], [20.1574881, 59.9984255], [20.1620409, 59.997153]]], [[[20.304548, 60.0012816], [20.2958282, 59.9955601], [20.294884, 59.9961168], [20.304548, 60.0012816]]], [[[20.0846647, 60.0037888], [20.0936612, 59.9978067], [20.0801405, 59.9951982], [20.0846647, 60.0037888]]], [[[20.2269313, 60.0050886], [20.2317907, 60.0048556], [20.2302023, 60.001413], [20.2269313, 60.0050886]]], [[[20.2362832, 60.0129146], [20.2275344, 60.0170851], [20.2301715, 60.0186489], [20.2362832, 60.0129146]]], [[[20.1069761, 60.0138533], [20.1004751, 60.0191931], [20.1057093, 60.0191282], [20.1069761, 60.0138533]]], [[[20.1010514, 60.0279534], [20.1025621, 60.0233921], [20.0991772, 60.0261125], [20.1010514, 60.0279534]]], [[[20.2146514, 60.0307023], [20.2197959, 60.0325861], [20.2190192, 60.0277866], [20.2146514, 60.0307023]]], [[[20.0956074, 60.0373383], [20.100045, 60.0342553], [20.0939578, 60.0305357], [20.0956074, 60.0373383]]], [[[20.0768989, 60.0435103], [20.0832917, 60.0349725], [20.0688113, 60.0412065], [20.0768989, 60.0435103]]], [[[20.2872921, 60.0385831], [20.2821421, 60.0386403], [20.284677, 60.0407273], [20.2872921, 60.0385831]]], [[[20.3128718, 60.0537611], [20.3206664, 60.0512661], [20.3194031, 60.0501617], [20.3128718, 60.0537611]]], [[[20.3199103, 60.0666003], [20.3198138, 60.0732775], [20.3269886, 60.0734557], [20.3199103, 60.0666003]]], [[[20.22545243283917, 60.07909189875436], [20.2246284, 60.0801591], [20.2253105, 60.080007], [20.22545243283917, 60.07909189875436]]], [[[20.2902194, 60.0867703], [20.297, 60.084], [20.2956082, 60.0831374], [20.2902194, 60.0867703]]], [[[20.3157424, 60.0914376], [20.303616, 60.0826242], [20.2906495, 60.0900557], [20.3157424, 60.0914376]]], [[[20.3025, 60.3], [20.31025, 60.291], [20.3025, 60.28875], [20.3025, 60.3]]], [[[20.2605, 60.35425], [20.269, 60.364], [20.277, 60.35925], [20.2755, 60.35025], [20.2605, 60.35425]]], [[[20.1480099, 60.3615735], [20.1417098, 60.3566784], [20.1343139, 60.3614303], [20.1480099, 60.3615735]]], [[[20.175, 60.36], [20.17025, 60.36225], [20.186, 60.3585], [20.175, 60.36]]], [[[20.2380253, 60.3592415], [20.230968, 60.365905], [20.2388701, 60.3635361], [20.2380253, 60.3592415]]], [[[20.26875, 60.36975], [20.2785, 60.3735], [20.2865, 60.3715], [20.27675, 60.3655], [20.26875, 60.36975]]], [[[20.1271234, 60.3757147], [20.1394374, 60.376005], [20.1284573, 60.3720615], [20.1271234, 60.3757147]]], [[[20.0873863, 60.3773062], [20.0750305, 60.3769003], [20.075189, 60.380719], [20.0873863, 60.3773062]]], [[[20.1111174, 60.3758893], [20.1052487, 60.3830984], [20.1318455, 60.3916815], [20.1296139, 60.3773556], [20.1111174, 60.3758893]]], [[[20.2, 60.38575], [20.20625, 60.3855], [20.2010233, 60.3845347], [20.2, 60.38575]]], [[[20.0727725, 60.3922486], [20.0995785, 60.4050208], [20.1167017, 60.4062474], [20.1201832, 60.3991414], [20.0970465, 60.3814533], [20.0727725, 60.3922486]]], [[[20.1356273, 60.4090925], [20.1364683, 60.4165636], [20.14075, 60.41475], [20.1356273, 60.4090925]]], [[[20.093, 60.4115], [20.09875, 60.41825], [20.10075, 60.41425], [20.093, 60.4115]]], [[[20.2144496, 60.4135407], [20.2144154, 60.4165422], [20.2167557, 60.4150192], [20.2144496, 60.4135407]]], [[[20.1265574, 60.4172198], [20.126, 60.41425], [20.1217285, 60.4142034], [20.1265574, 60.4172198]]], [[[20.0866333, 60.4201097], [20.08771, 60.4243435], [20.0888812, 60.4203802], [20.0866333, 60.4201097]]], [[[20.0907535, 60.425346], [20.0733277, 60.4308161], [20.0991469, 60.4250305], [20.0946993, 60.4205211], [20.0907535, 60.425346]]], [[[20.2327529, 60.4319504], [20.2211657, 60.4338873], [20.2331753, 60.4341176], [20.2327529, 60.4319504]]], [[[20.1985771, 60.4344296], [20.2026369, 60.4401527], [20.2127976, 60.4401642], [20.2090432, 60.4368472], [20.1985771, 60.4344296]]], [[[20.0808364, 60.4415936], [20.0751856, 60.4341757], [20.0732825, 60.4398977], [20.0808364, 60.4415936]]], [[[20.268099, 60.4345974], [20.2662657, 60.4411921], [20.2768671, 60.437446], [20.268099, 60.4345974]]], [[[20.1654775, 60.4445022], [20.1653412, 60.436873], [20.1543358, 60.4436031], [20.1570446, 60.4476602], [20.1582919, 60.4413016], [20.1654775, 60.4445022]]], [[[20.23625, 60.44175], [20.24475, 60.44775], [20.25025, 60.44725], [20.24275, 60.43925], [20.23625, 60.44175]]], [[[20.2698612, 60.4481989], [20.2653229, 60.4409764], [20.2591056, 60.4396023], [20.2698612, 60.4481989]]], [[[20.21475, 60.44125], [20.22675, 60.444], [20.232, 60.4475], [20.22725, 60.44075], [20.21475, 60.44125]]], [[[20.1685644, 60.4441454], [20.1660268, 60.4489484], [20.169753, 60.4497516], [20.1685644, 60.4441454]]], [[[20.2057242, 60.4575927], [20.2358776, 60.4629716], [20.228523, 60.4591037], [20.2325, 60.453], [20.2203334, 60.4493525], [20.2195247, 60.4556591], [20.2057242, 60.4575927]]], [[[20.1066337, 60.4551174], [20.103522, 60.4590858], [20.1079477, 60.4571636], [20.1066337, 60.4551174]]], [[[20.1883144, 60.4621945], [20.1977928, 60.458058], [20.1949711, 60.4535665], [20.1918571, 60.4533178], [20.1883144, 60.4621945]]], [[[20.1104721, 60.4584679], [20.1064782, 60.4626713], [20.1139458, 60.4640513], [20.1104721, 60.4584679]]], [[[20.1350538, 60.4640792], [20.1331415, 60.4622441], [20.1206346, 60.4670013], [20.1350538, 60.4640792]]], [[[20.2753533, 60.4781419], [20.2758881, 60.4816493], [20.2815054, 60.4815101], [20.2753533, 60.4781419]]], [[[20.2960074, 60.4823519], [20.2981853, 60.4783211], [20.2946448, 60.4814771], [20.2960074, 60.4823519]]], [[[20.2013934, 60.5268742], [20.201964, 60.5316374], [20.2043884, 60.5295268], [20.2013934, 60.5268742]]], [[[20.2125979, 60.5349313], [20.2024261, 60.5384729], [20.2051293, 60.540169], [20.2125979, 60.5349313]]], [[[20.5326052, 59.9333022], [20.5374101, 59.9351961], [20.5370545, 59.9318419], [20.5326052, 59.9333022]]], [[[20.3695672, 59.9453517], [20.3775929, 59.9470117], [20.3771755, 59.9455656], [20.3695672, 59.9453517]]], [[[20.4171844, 59.946433], [20.4182101, 59.9488335], [20.4220401, 59.947594], [20.4171844, 59.946433]]], [[[20.3945989, 59.9583406], [20.4083447, 59.9586032], [20.4069205, 59.9570992], [20.3945989, 59.9583406]]], [[[20.3326478, 59.956676], [20.3254934, 59.9584653], [20.3294704, 59.9605594], [20.3326478, 59.956676]]], [[[20.4569326, 59.9607209], [20.4556665, 59.9614767], [20.4602514, 59.9633301], [20.4569326, 59.9607209]]], [[[20.389139, 59.9651486], [20.3994145, 59.9628948], [20.3971828, 59.9604341], [20.389139, 59.9651486]]], [[[20.3268452, 59.9700413], [20.3308274, 59.9667776], [20.3234677, 59.9677719], [20.3268452, 59.9700413]]], [[[20.4639118, 59.9695615], [20.4464506, 59.9689752], [20.4553376, 59.9697249], [20.4639118, 59.9695615]]], [[[20.4226724, 59.9724522], [20.4266233, 59.9689798], [20.4192084, 59.9699324], [20.4226724, 59.9724522]]], [[[20.3319991, 59.9746142], [20.3511173, 59.9688777], [20.3407339, 59.9668573], [20.3319991, 59.9746142]]], [[[20.4288974, 59.9726505], [20.4320945, 59.9698106], [20.4305642, 59.9693164], [20.4288974, 59.9726505]]], [[[20.4496242, 59.9717086], [20.4571823, 59.9730012], [20.456718, 59.9720663], [20.4496242, 59.9717086]]], [[[20.4116518, 59.9704357], [20.4057463, 59.9720553], [20.4144584, 59.9743349], [20.4116518, 59.9704357]]], [[[20.3851256, 59.9748915], [20.381087, 59.9761982], [20.3892663, 59.9742134], [20.3851256, 59.9748915]]], [[[20.520564, 59.9767724], [20.5254642, 59.975643], [20.5241022, 59.9742042], [20.520564, 59.9767724]]], [[[20.477449, 59.9779335], [20.4883781, 59.9765982], [20.4864572, 59.9752931], [20.477449, 59.9779335]]], [[[20.5157973, 59.9765825], [20.5210877, 59.9817728], [20.5232632, 59.9800613], [20.5157973, 59.9765825]]], [[[20.4406291, 59.9804062], [20.4334019, 59.9811516], [20.4367332, 59.9829617], [20.4406291, 59.9804062]]], [[[20.5132251, 59.9793972], [20.5107349, 59.9874576], [20.5165688, 59.9855325], [20.5132251, 59.9793972]]], [[[20.4536125, 59.9857813], [20.4633587, 59.9878409], [20.4694237, 59.982147], [20.4536125, 59.9857813]]], [[[20.5390721, 59.9858852], [20.548185, 59.9853684], [20.5478752, 59.984718], [20.5390721, 59.9858852]]], [[[20.3590404, 59.9856455], [20.3455472, 59.9860983], [20.3486286, 59.9865512], [20.3590404, 59.9856455]]], [[[20.4778872, 59.9909675], [20.478732, 59.9867572], [20.4746326, 59.9909359], [20.4778872, 59.9909675]]], [[[20.4674226, 59.9876077], [20.4642576, 59.9930808], [20.4741571, 59.9866777], [20.4674226, 59.9876077]]], [[[20.538448, 59.9880308], [20.5317329, 59.9913832], [20.5416687, 59.9883918], [20.538448, 59.9880308]]], [[[20.5221451, 59.9917316], [20.5026587, 59.9927793], [20.4918081, 60.0003917], [20.5221451, 59.9917316]]], [[[20.4675685, 59.9943723], [20.464544, 59.9968681], [20.4739974, 59.994502], [20.4675685, 59.9943723]]], [[[20.4893496, 59.9978215], [20.4844737, 59.997354], [20.4838218, 59.9990412], [20.4893496, 59.9978215]]], [[[20.3594234, 59.982157], [20.3752319, 59.9829733], [20.358459, 59.9873477], [20.3559718, 59.9918915], [20.3706494, 59.9957403], [20.3582138, 60.000579], [20.3470349, 59.9871269], [20.3199801, 59.9909756], [20.3350041, 59.9839238], [20.3228945, 59.9775727], [20.2911557, 59.9864252], [20.3168431, 60.000445], [20.3280184, 59.9984386], [20.3217258, 60.0043248], [20.3457948, 60.0090226], [20.3222561, 60.0107326], [20.3511679, 60.0215451], [20.376796, 60.0093361], [20.3769181, 60.0159429], [20.3913835, 60.0103696], [20.3857753, 60.01711], [20.4123268, 60.017529], [20.4556207, 60.0047141], [20.452794, 59.9954372], [20.4403938, 59.9943812], [20.4509654, 59.988929], [20.4442065, 59.9861397], [20.3935411, 60.0084467], [20.4149721, 59.9886941], [20.4110998, 59.9821463], [20.3594234, 59.982157]]], [[[20.5568083, 60.0034937], [20.5525452, 60.0081053], [20.5598483, 60.0096367], [20.5568083, 60.0034937]]], [[[20.4905927, 60.0067443], [20.4846026, 60.0080912], [20.4893657, 60.0090565], [20.4905927, 60.0067443]]], [[[20.4998661, 60.0108626], [20.4999711, 60.0066284], [20.4958388, 60.006727], [20.4998661, 60.0108626]]], [[[20.481699, 60.016079], [20.4775701, 60.0167381], [20.4895394, 60.0205495], [20.481699, 60.016079]]], [[[20.4458207, 60.021406], [20.4480368, 60.0180606], [20.4379258, 60.0203882], [20.4458207, 60.021406]]], [[[20.3672292, 60.0217859], [20.3639731, 60.0225451], [20.3656043, 60.0254193], [20.3672292, 60.0217859]]], [[[20.3228584, 60.028982], [20.3380472, 60.0271174], [20.3150541, 60.0226045], [20.3228584, 60.028982]]], [[[20.3493278, 60.0345835], [20.3569827, 60.0324649], [20.3492859, 60.0319986], [20.3493278, 60.0345835]]], [[[20.5921236, 60.0153099], [20.5600656, 60.0115264], [20.5553072, 60.0175394], [20.5614307, 60.0249143], [20.5465185, 60.017753], [20.54975, 60.01275], [20.54, 60.01325], [20.548739, 60.0068171], [20.5039837, 60.0085023], [20.5058735, 60.0188682], [20.4921208, 60.0170837], [20.5315043, 60.0403533], [20.5347346, 60.0445133], [20.5223096, 60.049601], [20.5375141, 60.0581986], [20.5514405, 60.0620023], [20.5533724, 60.0581688], [20.5697246, 60.0546016], [20.5731805, 60.0628025], [20.5937573, 60.0578732], [20.5735368, 60.0504388], [20.5822098, 60.0484221], [20.5780204, 60.0424175], [20.6006988, 60.0432172], [20.6109835, 60.0347104], [20.5921236, 60.0153099]]], [[[20.4792478, 60.0298292], [20.464453, 60.0331318], [20.4704057, 60.0394586], [20.4594328, 60.0434974], [20.4634884, 60.0580557], [20.5005679, 60.0630696], [20.5099655, 60.0565977], [20.5198349, 60.0652663], [20.538786, 60.0625273], [20.5116996, 60.0524725], [20.5215765, 60.0424591], [20.4784064, 60.0294202], [20.4919141, 60.0251157], [20.4599475, 60.012669], [20.4511563, 60.0210908], [20.4611409, 60.030953], [20.4792478, 60.0298292]]], [[[20.471835, 60.0685143], [20.4601646, 60.058513], [20.4417922, 60.0221849], [20.3967351, 60.018513], [20.3739752, 60.0247966], [20.4475227, 60.0699747], [20.471835, 60.0685143]]], [[[20.3791314, 60.0569164], [20.4013604, 60.0481197], [20.3727195, 60.0340482], [20.3617325, 60.0368219], [20.382799, 60.0518298], [20.364539, 60.0538848], [20.3791314, 60.0569164]]], [[[20.3866664, 60.0563472], [20.3952963, 60.0555207], [20.3900241, 60.0539131], [20.3866664, 60.0563472]]], [[[20.3673068, 60.0608349], [20.3752689, 60.060318], [20.3732048, 60.0589132], [20.3673068, 60.0608349]]], [[[20.4811193, 60.0615867], [20.4770575, 60.0653097], [20.4834659, 60.0625501], [20.4811193, 60.0615867]]], [[[20.5533378, 60.066667], [20.5567571, 60.0647883], [20.555813, 60.0643647], [20.5533378, 60.066667]]], [[[20.4870036, 60.0661936], [20.4865664, 60.0670579], [20.4984024, 60.0654708], [20.4870036, 60.0661936]]], [[[20.5259231, 60.0665397], [20.5221588, 60.0679393], [20.5264654, 60.0695679], [20.5259231, 60.0665397]]], [[[20.5088112, 60.0703384], [20.5040318, 60.068325], [20.4893876, 60.0718266], [20.5088112, 60.0703384]]], [[[20.4140059, 60.0682068], [20.4013219, 60.0689809], [20.4158806, 60.0730989], [20.4140059, 60.0682068]]], [[[20.487598, 60.0689655], [20.4801451, 60.0696388], [20.4837531, 60.0727931], [20.487598, 60.0689655]]], [[[20.5104959, 60.0691008], [20.5454804, 60.075968], [20.5371078, 60.0724726], [20.5420618, 60.0681823], [20.5311781, 60.0709529], [20.5071546, 60.0664885], [20.5104959, 60.0691008]]], [[[20.3885951, 60.0781172], [20.3953225, 60.079048], [20.3820318, 60.0739985], [20.3885951, 60.0781172]]], [[[20.4526074, 60.0738031], [20.4296089, 60.0729745], [20.438954, 60.0784876], [20.4526074, 60.0738031]]], [[[20.3334873, 60.0858703], [20.3533974, 60.0860369], [20.3467839, 60.0677636], [20.3270253, 60.07108], [20.3334873, 60.0858703]]], [[[20.4599767, 60.0759555], [20.4553695, 60.0775435], [20.4674781, 60.0772345], [20.4599767, 60.0759555]]], [[[20.468465, 60.0796295], [20.4832499, 60.0769863], [20.4705519, 60.07754], [20.468465, 60.0796295]]], [[[20.4861191, 60.078364], [20.4779302, 60.0815971], [20.4965685, 60.0815813], [20.4861191, 60.078364]]], [[[20.5525315, 60.08989], [20.5366375, 60.0850877], [20.556274, 60.0891665], [20.5656462, 60.0819915], [20.5270964, 60.0764937], [20.5198048, 60.0807711], [20.5294732, 60.0861965], [20.5025181, 60.0953955], [20.5525315, 60.08989]]], [[[20.4565898, 60.0956974], [20.5169214, 60.085946], [20.4458309, 60.0846596], [20.4677406, 60.0916197], [20.4565898, 60.0956974]]], [[[20.4294698, 60.0961455], [20.4312932, 60.0914781], [20.4211868, 60.0953924], [20.4294698, 60.0961455]]], [[[20.5012199, 60.0952011], [20.4955549, 60.0991368], [20.5020519, 60.0992917], [20.5012199, 60.0952011]]], [[[20.3423718, 60.0987652], [20.3387872, 60.100423], [20.3421512, 60.1017131], [20.3423718, 60.0987652]]], [[[20.5571722, 60.0924912], [20.477495, 60.1070045], [20.5041026, 60.113778], [20.5053823, 60.1060724], [20.5250761, 60.1127632], [20.5337638, 60.1045077], [20.5572664, 60.1026023], [20.565623, 60.1094885], [20.571023, 60.1029028], [20.5571722, 60.0924912]]], [[[20.5367571, 60.1105765], [20.5361885, 60.1085929], [20.5341393, 60.1079727], [20.5367571, 60.1105765]]], [[[20.5510104, 60.1101996], [20.5415824, 60.1117514], [20.544101, 60.1120655], [20.5510104, 60.1101996]]], [[[20.4566036, 60.1170959], [20.4683946, 60.1163944], [20.4685807, 60.1120709], [20.4566036, 60.1170959]]], [[[20.4639351, 60.1233067], [20.4709089, 60.1230021], [20.4627013, 60.1207707], [20.4639351, 60.1233067]]], [[[20.5280399, 60.122318], [20.5250788, 60.1241244], [20.5303037, 60.1246161], [20.5280399, 60.122318]]], [[[20.4679477, 60.1275018], [20.4940054, 60.1288875], [20.4917335, 60.125594], [20.4679477, 60.1275018]]], [[[20.4881823, 60.1326528], [20.4810154, 60.1296553], [20.473001, 60.1297087], [20.4881823, 60.1326528]]], [[[20.5303201, 60.1359736], [20.5313635, 60.1347084], [20.5213567, 60.1336001], [20.5303201, 60.1359736]]], [[[20.4392779, 60.1422543], [20.4425018, 60.1420746], [20.4422443, 60.1397922], [20.4392779, 60.1422543]]], [[[20.5404483, 60.1581114], [20.5423765, 60.1559581], [20.5370364, 60.1542292], [20.5404483, 60.1581114]]], [[[20.5451567, 60.1624244], [20.5423885, 60.1660525], [20.5564356, 60.1684671], [20.5451567, 60.1624244]]], [[[20.5510294, 60.3632742], [20.5427328, 60.3586855], [20.5392636, 60.3594171], [20.5510294, 60.3632742]]], [[[20.5473562, 60.3677536], [20.5355545, 60.3678597], [20.534782, 60.3735882], [20.5473562, 60.3677536]]], [[[20.5336491, 60.3827922], [20.5312183, 60.3767686], [20.5243854, 60.3781564], [20.5262925, 60.3818384], [20.5336491, 60.3827922]]], [[[20.5463809, 60.3852616], [20.5397022, 60.3893517], [20.5485, 60.387], [20.5463809, 60.3852616]]], [[[20.3383219, 60.4603018], [20.3374207, 60.4583657], [20.3341913, 60.4619151], [20.3383219, 60.4603018]]], [[[20.5594063, 60.4823454], [20.5587263, 60.4799199], [20.5534512, 60.4807552], [20.5594063, 60.4823454]]], [[[20.4487377, 60.4844412], [20.4505429, 60.4801793], [20.4464364, 60.4815934], [20.4487377, 60.4844412]]], [[[20.4987287, 60.4850331], [20.4958837, 60.4831185], [20.4908873, 60.4832168], [20.4987287, 60.4850331]]], [[[20.5296105, 60.4856359], [20.5226476, 60.485375], [20.527801, 60.4870844], [20.5296105, 60.4856359]]], [[[20.5306126, 60.4896279], [20.5225971, 60.4886426], [20.5211835, 60.4909525], [20.5306126, 60.4896279]]], [[[20.5051629, 60.4901747], [20.5078711, 60.4930571], [20.5137017, 60.4885898], [20.5051629, 60.4901747]]], [[[20.4972938, 60.4958014], [20.5019381, 60.4955969], [20.5022485, 60.4932449], [20.4972938, 60.4958014]]], [[[20.6148115, 59.9084277], [20.6079345, 59.9077517], [20.6050188, 59.9056448], [20.6062289, 59.9095644], [20.6148115, 59.9084277]]], [[[20.5596053, 59.9403689], [20.5653683, 59.9386455], [20.5638845, 59.9371636], [20.5596053, 59.9403689]]], [[[20.5867173, 59.9402505], [20.596433, 59.9386641], [20.5951661, 59.9374431], [20.5867173, 59.9402505]]], [[[20.6318508, 59.9425395], [20.6312218, 59.945675], [20.6362136, 59.943593], [20.6318508, 59.9425395]]], [[[20.6203661, 59.9475813], [20.6288161, 59.9498238], [20.6257377, 59.944585], [20.6203661, 59.9475813]]], [[[20.5966081, 59.9643408], [20.6037456, 59.9649491], [20.6026757, 59.9634133], [20.5966081, 59.9643408]]], [[[20.6132324, 59.9627564], [20.6113675, 59.9638103], [20.616315, 59.9666562], [20.6132324, 59.9627564]]], [[[20.5943416, 59.9721826], [20.6120391, 59.9675951], [20.612086, 59.9655078], [20.5943416, 59.9721826]]], [[[20.6958062, 60.0009226], [20.6973459, 59.9996393], [20.6933631, 59.9978965], [20.6958062, 60.0009226]]], [[[20.5582266, 60.0015076], [20.5621516, 59.9992464], [20.5554809, 59.9994212], [20.5582266, 60.0015076]]], [[[20.5732944, 60.0034819], [20.5813509, 60.0039499], [20.582471, 60.0019202], [20.5732944, 60.0034819]]], [[[20.5593662, 60.0023869], [20.5604644, 60.0054214], [20.5643441, 60.0021949], [20.5593662, 60.0023869]]], [[[20.5753707, 60.007844], [20.579715, 60.0070659], [20.5796441, 60.0051294], [20.5753707, 60.007844]]], [[[20.5728966, 60.0084255], [20.5706984, 60.0051341], [20.5688392, 60.0059222], [20.5728966, 60.0084255]]], [[[20.5805367, 60.0100757], [20.5814094, 60.0083546], [20.5728257, 60.010341], [20.5805367, 60.0100757]]], [[[20.5897286, 60.0124838], [20.5950073, 60.0117487], [20.593805, 60.0085848], [20.5897286, 60.0124838]]], [[[20.7109922, 60.0126166], [20.7056874, 60.0117806], [20.7056643, 60.0146547], [20.7109922, 60.0126166]]], [[[20.693074, 60.0192268], [20.6941761, 60.0165921], [20.6894798, 60.0184646], [20.693074, 60.0192268]]], [[[20.6377987, 60.0384738], [20.6432444, 60.0326938], [20.6285974, 60.0274036], [20.6218045, 60.0355204], [20.6377987, 60.0384738]]], [[[20.7023787, 60.0368489], [20.7062601, 60.0336362], [20.7034707, 60.0318529], [20.7023787, 60.0368489]]], [[[20.6308724, 60.0420408], [20.6348492, 60.0409217], [20.6282923, 60.0375951], [20.6308724, 60.0420408]]], [[[20.6011577, 60.0435544], [20.6277863, 60.0453819], [20.6144864, 60.0383822], [20.6011577, 60.0435544]]], [[[20.5835486, 60.0535666], [20.6145698, 60.0473885], [20.5975426, 60.0445993], [20.5835486, 60.0535666]]], [[[20.7071494, 60.0512243], [20.7035003, 60.0519628], [20.7044865, 60.0543504], [20.7071494, 60.0512243]]], [[[20.6142147, 60.051631], [20.6214459, 60.0547438], [20.6235303, 60.0530227], [20.6142147, 60.051631]]], [[[20.7007332, 60.0560857], [20.6949399, 60.0557419], [20.6967831, 60.057185], [20.7007332, 60.0560857]]], [[[20.5629229, 60.0567825], [20.5607519, 60.0597514], [20.5624249, 60.0599915], [20.5629229, 60.0567825]]], [[[20.7075189, 60.0641147], [20.7092985, 60.0620567], [20.7010718, 60.0631267], [20.7075189, 60.0641147]]], [[[20.7166152, 60.0648608], [20.7153074, 60.0631548], [20.7054965, 60.0677675], [20.7166152, 60.0648608]]], [[[20.685237, 60.063944], [20.6823577, 60.0660679], [20.6863055, 60.0682166], [20.685237, 60.063944]]], [[[20.6750408, 60.0751551], [20.6825708, 60.0712982], [20.6827857, 60.0688734], [20.6750408, 60.0751551]]], [[[20.6904524, 60.0771734], [20.6930957, 60.0710845], [20.6873703, 60.0748849], [20.6904524, 60.0771734]]], [[[20.664596, 60.0792088], [20.6685865, 60.0743287], [20.6662436, 60.0714952], [20.664596, 60.0792088]]], [[[20.6981137, 60.0781951], [20.7064988, 60.0792634], [20.708514, 60.0732643], [20.6981137, 60.0781951]]], [[[20.7285804, 60.0792703], [20.7174118, 60.0793177], [20.7109063, 60.0814599], [20.7285804, 60.0792703]]], [[[20.6024682, 60.080352], [20.5977959, 60.0816645], [20.6087364, 60.0795831], [20.6024682, 60.080352]]], [[[20.5706936, 60.0876462], [20.6014047, 60.0777874], [20.5730941, 60.0776996], [20.5661571, 60.0830618], [20.5706936, 60.0876462]]], [[[20.682457, 60.0864059], [20.6839785, 60.0845208], [20.6763319, 60.0821846], [20.682457, 60.0864059]]], [[[20.7206562, 60.0894914], [20.723384, 60.0851416], [20.7168734, 60.0879241], [20.7206562, 60.0894914]]], [[[20.7146938, 60.092047], [20.7094613, 60.0841997], [20.7025185, 60.0871525], [20.7146938, 60.092047]]], [[[20.7017816, 60.0873945], [20.691174, 60.09348], [20.7006018, 60.0954067], [20.7017816, 60.0873945]]], [[[20.6027413, 60.1017252], [20.5894947, 60.0932662], [20.6035793, 60.0861904], [20.5638723, 60.0905843], [20.5774203, 60.0927516], [20.5783094, 60.1014687], [20.589661, 60.1015458], [20.5855491, 60.1055084], [20.6027413, 60.1017252]]], [[[20.691138, 60.1072424], [20.6949159, 60.1035984], [20.682775, 60.1010953], [20.691138, 60.1072424]]], [[[20.6773681, 60.1033322], [20.6680576, 60.1067394], [20.6723514, 60.1083504], [20.6773681, 60.1033322]]], [[[20.5961012, 60.1060744], [20.591335, 60.1090383], [20.5926363, 60.1096798], [20.5961012, 60.1060744]]], [[[20.5857326, 60.108786], [20.5905109, 60.1070304], [20.5809203, 60.1074925], [20.5857326, 60.108786]]], [[[20.5778727, 60.113315], [20.5714883, 60.1143226], [20.5752615, 60.1138777], [20.5778727, 60.113315]]], [[[20.5887622, 60.117531], [20.5783399, 60.1178733], [20.5877356, 60.1212393], [20.5887622, 60.117531]]], [[[20.583805, 60.120776], [20.5765511, 60.1217566], [20.5776492, 60.123018], [20.583805, 60.120776]]], [[[20.7160745, 60.1198164], [20.7105298, 60.1231172], [20.7162399, 60.124631], [20.7160745, 60.1198164]]], [[[20.5642389, 60.1245005], [20.55523, 60.1262963], [20.5585149, 60.1270048], [20.5642389, 60.1245005]]], [[[20.7151396, 60.1262424], [20.7087857, 60.1272443], [20.7106224, 60.1300124], [20.7151396, 60.1262424]]], [[[20.6817272, 60.1174031], [20.6890397, 60.1118032], [20.6675052, 60.1102149], [20.6350979, 60.1328423], [20.6333353, 60.1440912], [20.6566886, 60.1539974], [20.6518376, 60.1481415], [20.673519, 60.1472041], [20.6677819, 60.1443375], [20.6757219, 60.1450895], [20.6908743, 60.1263086], [20.6817272, 60.1174031]]], [[[20.5960531, 60.1501948], [20.6019156, 60.1491913], [20.6000521, 60.1464054], [20.5960531, 60.1501948]]], [[[20.5780848, 60.1497116], [20.5820848, 60.1524617], [20.5937715, 60.149466], [20.5780848, 60.1497116]]], [[[20.6007779, 60.1563719], [20.6068801, 60.1555289], [20.6033702, 60.1529554], [20.6007779, 60.1563719]]], [[[20.5644582, 60.1583443], [20.5934925, 60.1716219], [20.6089486, 60.1676556], [20.5644582, 60.1583443]]], [[[20.7125289, 60.1659395], [20.7198859, 60.1667764], [20.7195211, 60.1653344], [20.7125289, 60.1659395]]], [[[20.7111436, 60.17258], [20.7060367, 60.1746504], [20.7114333, 60.1783375], [20.7111436, 60.17258]]], [[[20.7104838, 60.182811], [20.7078981, 60.1794979], [20.7064175, 60.1812852], [20.7104838, 60.182811]]], [[[20.5795259, 60.1836375], [20.5883316, 60.1847439], [20.5850751, 60.1820633], [20.5795259, 60.1836375]]], [[[20.5740774, 60.1834031], [20.5651993, 60.1836031], [20.5767167, 60.1886386], [20.5740774, 60.1834031]]], [[[20.7175766, 60.2028943], [20.7184541, 60.2059264], [20.722307, 60.2052476], [20.7175766, 60.2028943]]], [[[20.7108904, 60.2074638], [20.7089897, 60.2070703], [20.7064994, 60.209182], [20.7108904, 60.2074638]]], [[[20.714277, 60.2081362], [20.7182098, 60.2087699], [20.7122902, 60.207539], [20.714277, 60.2081362]]], [[[20.6727487, 60.1956812], [20.6798767, 60.201674], [20.6624786, 60.1984886], [20.6579046, 60.2078544], [20.6668711, 60.211516], [20.6646087, 60.2232368], [20.677066, 60.2370618], [20.686928, 60.2236733], [20.6865543, 60.2300673], [20.7039946, 60.2240107], [20.7115787, 60.2166616], [20.7044315, 60.2087229], [20.7180531, 60.2016488], [20.7049957, 60.1908388], [20.694914, 60.1957351], [20.6787775, 60.1886615], [20.6727487, 60.1956812]]], [[[20.7005205, 60.2320164], [20.6974724, 60.2338261], [20.6975649, 60.2381458], [20.7005205, 60.2320164]]], [[[20.7059668, 60.2407832], [20.7054243, 60.237802], [20.7040899, 60.2398603], [20.7059668, 60.2407832]]], [[[20.7025412, 60.2499865], [20.7065353, 60.2572038], [20.7162729, 60.2431457], [20.7025412, 60.2499865]]], [[[20.714, 60.26175], [20.721, 60.2705], [20.7210117, 60.2568531], [20.714, 60.26175]]], [[[20.6721405, 60.3389205], [20.6756831, 60.3340833], [20.668464, 60.3325172], [20.6751422, 60.3340679], [20.6721405, 60.3389205]]], [[[20.6838486, 60.3352944], [20.6805117, 60.3382365], [20.685873, 60.3368707], [20.6838486, 60.3352944]]], [[[20.6344241, 60.34149], [20.6446948, 60.3431142], [20.6492126, 60.3415486], [20.6344241, 60.34149]]], [[[20.6595, 60.346], [20.65325, 60.3445], [20.65775, 60.347], [20.6595, 60.346]]], [[[20.6629336, 60.3517103], [20.6704277, 60.3500756], [20.662601, 60.3498315], [20.6629336, 60.3517103]]], [[[20.6408441, 60.3589801], [20.648421, 60.3578582], [20.6398546, 60.356363], [20.6408441, 60.3589801]]], [[[20.6946534, 60.3614849], [20.7001197, 60.3630102], [20.7018793, 60.3615804], [20.6946534, 60.3614849]]], [[[20.6921138, 60.3662509], [20.7031518, 60.3732069], [20.7044972, 60.3626348], [20.6921138, 60.3662509]]], [[[20.5686647, 60.3658312], [20.5701855, 60.3716543], [20.5732727, 60.3701631], [20.5686647, 60.3658312]]], [[[20.70825, 60.37], [20.7055, 60.3705], [20.70675, 60.373], [20.70825, 60.37]]], [[[20.5826819, 60.3798188], [20.5870995, 60.3820459], [20.589543, 60.3771965], [20.5826819, 60.3798188]]], [[[20.6194842, 60.3814192], [20.6245, 60.3845], [20.6303003, 60.3824177], [20.6263273, 60.3829854], [20.6194842, 60.3814192]]], [[[20.6964742, 60.3932807], [20.6824636, 60.3953396], [20.7045839, 60.3924599], [20.6964742, 60.3932807]]], [[[20.7089969, 60.3954402], [20.7135213, 60.3941763], [20.7054717, 60.3952695], [20.7089969, 60.3954402]]], [[[20.6000358, 60.4004663], [20.6133208, 60.3969288], [20.6186396, 60.3927681], [20.6020206, 60.3938494], [20.6000358, 60.4004663]]], [[[20.561, 60.40025], [20.56675, 60.40275], [20.569, 60.40075], [20.561, 60.40025]]], [[[20.6128031, 60.3985664], [20.6171858, 60.403145], [20.5973697, 60.4046711], [20.6083855, 60.4066792], [20.6027529, 60.4186962], [20.6175747, 60.4187439], [20.6189346, 60.408523], [20.6295723, 60.4039345], [20.6128031, 60.3985664]]], [[[20.6710499, 60.4316049], [20.6678501, 60.4309537], [20.6685877, 60.43478], [20.6710499, 60.4316049]]], [[[20.6725802, 60.4469302], [20.6650891, 60.4486349], [20.6704335, 60.451463], [20.6725802, 60.4469302]]], [[[20.7547639, 60.0148923], [20.7573358, 60.0140243], [20.7511704, 60.0124969], [20.7547639, 60.0148923]]], [[[20.7505617, 60.0162257], [20.7565309, 60.0220323], [20.7610643, 60.0210925], [20.7557863, 60.016722], [20.7505617, 60.0162257]]], [[[20.7779748, 60.032184], [20.782003, 60.033339], [20.7796676, 60.0287156], [20.7779748, 60.032184]]], [[[20.7653054, 60.0349895], [20.7686132, 60.0332152], [20.7704305, 60.0293987], [20.7653054, 60.0349895]]], [[[20.7734805, 60.032808], [20.7845844, 60.0365528], [20.7775948, 60.0322736], [20.7773025, 60.0307856], [20.7734805, 60.032808]]], [[[20.7672311, 60.0370572], [20.7857508, 60.0412175], [20.7828998, 60.0390369], [20.7672311, 60.0370572]]], [[[20.7693794, 60.0404976], [20.7637929, 60.0387736], [20.7649103, 60.0454829], [20.7693794, 60.0404976]]], [[[20.7372786, 60.0457378], [20.732807, 60.0415271], [20.7314143, 60.0434657], [20.7372786, 60.0457378]]], [[[20.7764875, 60.047579], [20.7844346, 60.0469915], [20.7771751, 60.0433658], [20.7764875, 60.047579]]], [[[20.7432435, 60.0494303], [20.7406863, 60.0459722], [20.7369769, 60.0510136], [20.7432435, 60.0494303]]], [[[20.7661336, 60.0510063], [20.7737668, 60.0506905], [20.7620646, 60.0472086], [20.7661336, 60.0510063]]], [[[20.7796976, 60.0495478], [20.7749515, 60.0534566], [20.7801782, 60.0513448], [20.7796976, 60.0495478]]], [[[20.7665467, 60.0574776], [20.7717302, 60.0542583], [20.7674416, 60.0527481], [20.7665467, 60.0574776]]], [[[20.74495, 60.0633691], [20.7617269, 60.0605196], [20.7409081, 60.0570514], [20.74495, 60.0633691]]], [[[20.7381268, 60.0639495], [20.7423016, 60.0623166], [20.7252278, 60.060085], [20.7381268, 60.0639495]]], [[[20.8149956, 60.0647623], [20.8223795, 60.0622498], [20.8151334, 60.061781], [20.8149956, 60.0647623]]], [[[20.724539, 60.0669442], [20.7311829, 60.0665265], [20.7288526, 60.0648176], [20.724539, 60.0669442]]], [[[20.737924, 60.0666055], [20.7322334, 60.0705029], [20.7513411, 60.0692662], [20.737924, 60.0666055]]], [[[20.8212567, 60.0739598], [20.8073889, 60.0646536], [20.790135, 60.0710656], [20.8108832, 60.0777778], [20.8212567, 60.0739598]]], [[[20.7419345, 60.0746277], [20.7596755, 60.0737856], [20.757539, 60.070706], [20.7419345, 60.0746277]]], [[[20.7282944, 60.0767228], [20.7328396, 60.0721288], [20.7116853, 60.0727041], [20.7282944, 60.0767228]]], [[[20.7897451, 60.0773955], [20.7890172, 60.0781578], [20.7957611, 60.0784979], [20.7897451, 60.0773955]]], [[[20.73783, 60.0802595], [20.7496859, 60.0822497], [20.7488746, 60.078473], [20.73783, 60.0802595]]], [[[20.7245912, 60.0861354], [20.7278015, 60.0920662], [20.7373149, 60.0882249], [20.7245912, 60.0861354]]], [[[20.7239763, 60.0910179], [20.716765, 60.0936246], [20.7187801, 60.0940897], [20.7239763, 60.0910179]]], [[[20.7574654, 60.1036147], [20.7557353, 60.1077388], [20.7633877, 60.1071145], [20.7574654, 60.1036147]]], [[[20.7245285, 60.117856], [20.7257532, 60.114585], [20.7216729, 60.1142614], [20.7245285, 60.117856]]], [[[20.8006959, 60.1360825], [20.7996292, 60.1382087], [20.8047906, 60.1385963], [20.8006959, 60.1360825]]], [[[20.7985784, 60.1388941], [20.7948219, 60.1409174], [20.8024701, 60.1402417], [20.7985784, 60.1388941]]], [[[20.7752082, 60.1472959], [20.7797897, 60.1451964], [20.7751175, 60.1441854], [20.7752082, 60.1472959]]], [[[20.7947804, 60.1465719], [20.791437, 60.1459251], [20.7961646, 60.1504364], [20.7947804, 60.1465719]]], [[[20.7344095, 60.1565116], [20.7285703, 60.1532037], [20.724237, 60.1592338], [20.7344095, 60.1565116]]], [[[20.7663738, 60.1612239], [20.7667923, 60.16525], [20.7685, 60.163], [20.7663738, 60.1612239]]], [[[20.7373767, 60.1628688], [20.7342101, 60.1633839], [20.7413001, 60.1668889], [20.7373767, 60.1628688]]], [[[20.7495145, 60.1736101], [20.7508699, 60.1743456], [20.7613537, 60.1692226], [20.7495145, 60.1736101]]], [[[20.7281099, 60.1704734], [20.7310255, 60.1786909], [20.7429452, 60.1727347], [20.7389528, 60.1677862], [20.7141249, 60.172676], [20.7281099, 60.1704734]]], [[[20.7207781, 60.1803982], [20.7269257, 60.17985], [20.7224786, 60.1766141], [20.7207781, 60.1803982]]], [[[20.7578992, 60.1774959], [20.7544701, 60.1793989], [20.7588341, 60.1802058], [20.7578992, 60.1774959]]], [[[20.8164067, 60.185468], [20.8136567, 60.188468], [20.8156567, 60.189468], [20.8164067, 60.185468]]], [[[20.7318342, 60.1886253], [20.7346988, 60.1923748], [20.7385665, 60.1876412], [20.7318342, 60.1886253]]], [[[20.7945496, 60.1931587], [20.7879567, 60.1892654], [20.7870233, 60.1920974], [20.7945496, 60.1931587]]], [[[20.7261264, 60.1934707], [20.7300264, 60.1902094], [20.727312, 60.1894467], [20.7261264, 60.1934707]]], [[[20.7409451, 60.1946569], [20.741921, 60.1896561], [20.7372346, 60.1912494], [20.7409451, 60.1946569]]], [[[20.7999301, 60.1950012], [20.800488, 60.1902574], [20.7960248, 60.1906574], [20.7999301, 60.1950012]]], [[[20.7249033, 60.1996058], [20.7271081, 60.194476], [20.7176292, 60.1928947], [20.7249033, 60.1996058]]], [[[20.784455, 60.1986306], [20.7884193, 60.1978226], [20.7872211, 60.196314], [20.784455, 60.1986306]]], [[[20.7296026, 60.2005149], [20.727371, 60.1963371], [20.7256705, 60.1982941], [20.7296026, 60.2005149]]], [[[20.7371288, 60.2081759], [20.7402295, 60.2049347], [20.7374668, 60.2042416], [20.7371288, 60.2081759]]], [[[20.728075, 60.2122689], [20.7544043, 60.217655], [20.7543272, 60.2161692], [20.728075, 60.2122689]]], [[[20.7344316, 60.2188768], [20.7319371, 60.2197198], [20.7360077, 60.2224169], [20.7344316, 60.2188768]]], [[[20.7546042, 60.2405085], [20.7593948, 60.2287982], [20.7450109, 60.2372788], [20.7546042, 60.2405085]]], [[[20.8222779, 60.2345369], [20.8155279, 60.2335369], [20.8152779, 60.235787], [20.8222779, 60.2345369]]], [[[20.8026169, 60.2319235], [20.7979866, 60.2339987], [20.8015802, 60.2384143], [20.8026169, 60.2319235]]], [[[20.7337523, 60.2376863], [20.7491441, 60.2281329], [20.726748, 60.2191638], [20.7256906, 60.2511821], [20.7381311, 60.2566407], [20.7337523, 60.2376863]]], [[[20.7384674, 60.2391365], [20.7458224, 60.2453766], [20.7526911, 60.2437018], [20.7433981, 60.2405318], [20.749647, 60.239384], [20.7384674, 60.2391365]]], [[[20.7506499, 60.2477265], [20.7576719, 60.2451376], [20.754118, 60.2432672], [20.7506499, 60.2477265]]], [[[20.7499418, 60.2457153], [20.741403, 60.2457439], [20.7410516, 60.2470963], [20.7499418, 60.2457153]]], [[[20.7426649, 60.2552355], [20.7491076, 60.2510087], [20.7389796, 60.2501383], [20.7426649, 60.2552355]]], [[[20.7944709, 60.2286234], [20.7895228, 60.2212918], [20.7657582, 60.2329523], [20.7643995, 60.2455054], [20.7498863, 60.2522651], [20.7587914, 60.2535798], [20.74056771355599, 60.2565746], [20.7567682, 60.2597561], [20.7463501, 60.2732956], [20.7593263, 60.2731917], [20.7504585, 60.2843168], [20.7655684, 60.2765237], [20.772393, 60.2836397], [20.7676205, 60.2911025], [20.7717844, 60.2882516], [20.7814576, 60.2911774], [20.7841998, 60.2877127], [20.7962392, 60.2915266], [20.8138339, 60.2759826], [20.8312194, 60.2714492], [20.8385759, 60.2590831], [20.8347033, 60.2518335], [20.8409557, 60.2451475], [20.8012272, 60.2422059], [20.7956176, 60.2317906], [20.8131642, 60.2281445], [20.7944709, 60.2286234]]], [[[20.7488813, 60.2679318], [20.7478155, 60.2622328], [20.7322574, 60.2579646], [20.7348731, 60.2685155], [20.7488813, 60.2679318]]], [[[20.75912, 60.2860787], [20.7647719, 60.2884608], [20.7689103, 60.2837227], [20.75912, 60.2860787]]], [[[20.7696302, 60.2900707], [20.7657547, 60.2926512], [20.771893, 60.2929918], [20.7696302, 60.2900707]]], [[[20.7365736, 60.2936954], [20.7389493, 60.2862163], [20.7303473, 60.2795812], [20.7386572, 60.3050357], [20.7632147, 60.2993927], [20.7618663, 60.2903254], [20.7365736, 60.2936954]]], [[[20.7819399, 60.2920907], [20.7788441, 60.2957382], [20.7793196, 60.2961751], [20.7819399, 60.2920907]]], [[[20.7733643, 60.2943886], [20.770195, 60.2984484], [20.7785265, 60.2930032], [20.7733643, 60.2943886]]], [[[20.8160004, 60.3036947], [20.8222561, 60.2997034], [20.8190176, 60.2996691], [20.8160004, 60.3036947]]], [[[20.8239198, 60.3034048], [20.8238654, 60.3002369], [20.8206942, 60.3023736], [20.8239198, 60.3034048]]], [[[20.7553719, 60.3105237], [20.7534418, 60.3124739], [20.7637176, 60.3085827], [20.7553719, 60.3105237]]], [[[20.8169863, 60.3060145], [20.8137349, 60.3141543], [20.8218003, 60.315583], [20.8159324, 60.3131812], [20.8251942, 60.3072103], [20.8169863, 60.3060145]]], [[[20.7954442, 60.3203151], [20.8023653, 60.3154186], [20.7934926, 60.3136607], [20.7954442, 60.3203151]]], [[[20.7857977, 60.3208314], [20.787925, 60.3179415], [20.7738968, 60.320981], [20.7857977, 60.3208314]]], [[[20.8063513, 60.3285271], [20.7914554, 60.3289499], [20.7978596, 60.3338544], [20.8063513, 60.3285271]]], [[[20.7545892, 60.370832], [20.7708742, 60.3607705], [20.7826582, 60.3675333], [20.7954217, 60.3526281], [20.7855106, 60.3437651], [20.7905143, 60.3367867], [20.7346678, 60.3140768], [20.7322283, 60.3357206], [20.7623414, 60.3610788], [20.7545892, 60.370832]]], [[[20.8003675, 60.3554106], [20.8068421, 60.3567891], [20.8072858, 60.3557149], [20.8003675, 60.3554106]]], [[[20.7755507, 60.3730786], [20.7784364, 60.3701519], [20.7724935, 60.3705117], [20.7755507, 60.3730786]]], [[[20.8045114, 60.3742861], [20.8054297, 60.3716951], [20.8003173, 60.3719827], [20.8045114, 60.3742861]]], [[[20.731241, 60.377553], [20.7320148, 60.3760466], [20.7266825, 60.3744446], [20.731241, 60.377553]]], [[[20.7988026, 60.3835345], [20.7953096, 60.3790136], [20.791297, 60.3856612], [20.7988026, 60.3835345]]], [[[20.7294566, 60.3907568], [20.7308415, 60.3893811], [20.7240946, 60.3894813], [20.7294566, 60.3907568]]], [[[20.7938962, 60.3930005], [20.7977198, 60.3899794], [20.794394, 60.3890045], [20.7938962, 60.3930005]]], [[[20.7602331, 60.4101666], [20.7798905, 60.4054183], [20.770294, 60.3993563], [20.7822662, 60.395152], [20.772128, 60.3935829], [20.7847791, 60.3900589], [20.7788021, 60.3887518], [20.786497, 60.3803998], [20.7604281, 60.3963584], [20.7602331, 60.4101666]]], [[[20.7365817, 60.4014005], [20.7289272, 60.3942815], [20.7283875, 60.3979995], [20.7365817, 60.4014005]]], [[[20.7869204, 60.4035342], [20.7949601, 60.4017559], [20.7825827, 60.403671], [20.7869204, 60.4035342]]], [[[20.765233, 60.4219772], [20.7573366, 60.4135981], [20.7543325, 60.4196893], [20.765233, 60.4219772]]], [[[20.7809101, 60.4677633], [20.7932529, 60.4618473], [20.7932241, 60.456317], [20.7790077, 60.4557363], [20.7712399, 60.4622897], [20.7804679, 60.4586859], [20.7809101, 60.4677633]]], [[[20.819596, 60.4639461], [20.8209011, 60.46107], [20.8161056, 60.4622181], [20.819596, 60.4639461]]], [[[20.7551491, 60.4709531], [20.7682983, 60.4690449], [20.7667069, 60.4670807], [20.7551491, 60.4709531]]], [[[20.7839381, 60.4708722], [20.7884149, 60.4725027], [20.788639, 60.469568], [20.7839381, 60.4708722]]], [[[20.7824127, 60.4743689], [20.7833116, 60.4709766], [20.7786076, 60.4724912], [20.7824127, 60.4743689]]], [[[20.8951818, 59.8986827], [20.906137, 59.8956561], [20.8919437, 59.8922825], [20.8951818, 59.8986827]]], [[[20.8879289, 59.8987566], [20.8909503, 59.8971661], [20.8856317, 59.8950781], [20.8879289, 59.8987566]]], [[[20.886515, 59.906841], [20.8948073, 59.9069644], [20.890342, 59.9031517], [20.886515, 59.906841]]], [[[20.8536273, 59.9281532], [20.8991333, 59.9460752], [20.9096023, 59.9360345], [20.9038404, 59.9329138], [20.9165679, 59.9284144], [20.9072921, 59.9163218], [20.9299601, 59.908063], [20.9041838, 59.9022564], [20.8536273, 59.9281532]]], [[[20.8684485, 59.9445141], [20.8899988, 59.950252], [20.8808001, 59.9423976], [20.8684485, 59.9445141]]], [[[20.8828147, 59.9519636], [20.8852671, 59.955803], [20.8870396, 59.954914], [20.8828147, 59.9519636]]], [[[20.8701654, 59.9554461], [20.8770237, 59.9547591], [20.875008, 59.9524723], [20.8701654, 59.9554461]]], [[[20.8857567, 59.9761676], [20.8899861, 59.9795346], [20.8929892, 59.9779475], [20.8857567, 59.9761676]]], [[[20.8539652, 59.981578], [20.8535664, 59.9831445], [20.8633194, 59.9836539], [20.8539652, 59.981578]]], [[[20.8676022, 59.9944628], [20.865909, 59.9956723], [20.8721074, 59.9968669], [20.8676022, 59.9944628]]], [[[20.8517382, 59.9957652], [20.8523592, 59.9985413], [20.8628663, 59.9948411], [20.8517382, 59.9957652]]], [[[20.8847523, 60.0199235], [20.8912866, 60.019116], [20.8787441, 60.0165791], [20.8847523, 60.0199235]]], [[[20.8628865, 60.0138383], [20.8559367, 60.022941], [20.8669153, 60.0204698], [20.8628865, 60.0138383]]], [[[20.8537206, 60.0222869], [20.8528124, 60.0180926], [20.846627, 60.0247895], [20.8537206, 60.0222869]]], [[[20.8624661, 60.0267562], [20.8667379, 60.0257198], [20.8637836, 60.0224772], [20.8624661, 60.0267562]]], [[[20.8935136, 60.0311488], [20.8958366, 60.0292214], [20.8924714, 60.0292096], [20.8935136, 60.0311488]]], [[[20.8343142, 60.0364481], [20.8283836, 60.0306392], [20.8138935, 60.0380816], [20.8249354, 60.0433299], [20.8343142, 60.0364481]]], [[[20.850365, 60.040134], [20.8546014, 60.0372254], [20.8472234, 60.034941], [20.850365, 60.040134]]], [[[20.8702193, 60.0407077], [20.8752808, 60.0390084], [20.8759476, 60.0357394], [20.8702193, 60.0407077]]], [[[20.8223235, 60.0660182], [20.8280867, 60.0669857], [20.8304254, 60.0633267], [20.8223235, 60.0660182]]], [[[20.8232534, 60.0688411], [20.8357181, 60.0703244], [20.8327283, 60.0672106], [20.8232534, 60.0688411]]], [[[20.857353, 60.0955441], [20.8607511, 60.0956336], [20.8599668, 60.0931514], [20.857353, 60.0955441]]], [[[20.8521046, 60.1272666], [20.8438927, 60.1280207], [20.8457209, 60.1293825], [20.8521046, 60.1272666]]], [[[20.8533543, 60.1450019], [20.8441383, 60.1493584], [20.8528984, 60.1494439], [20.8533543, 60.1450019]]], [[[20.8327191, 60.1623087], [20.8359609, 60.1590739], [20.8298249, 60.1600313], [20.8327191, 60.1623087]]], [[[20.8419582, 60.1636519], [20.8377118, 60.1697629], [20.846684, 60.1627914], [20.8419582, 60.1636519]]], [[[20.8952295, 60.1790534], [20.8993148, 60.176407], [20.8931228, 60.1766721], [20.8952295, 60.1790534]]], [[[20.8239356, 60.1785579], [20.8214356, 60.1813079], [20.8236856, 60.183308], [20.8239356, 60.1785579]]], [[[20.8747425, 60.2011007], [20.8782425, 60.1923507], [20.8692425, 60.1988507], [20.8747425, 60.2011007]]], [[[20.8596468, 60.2066379], [20.867853, 60.2027334], [20.8650863, 60.2032953], [20.8596468, 60.2066379]]], [[[20.8498916, 60.2069245], [20.8506051, 60.2051626], [20.8470511, 60.2043403], [20.8498916, 60.2069245]]], [[[20.8502242, 60.210949], [20.8450422, 60.2181413], [20.8542153, 60.2171541], [20.8502242, 60.210949]]], [[[20.8279298, 60.2135741], [20.8173082, 60.217995], [20.8230419, 60.2190025], [20.8279298, 60.2135741]]], [[[20.848451, 60.2250837], [20.8409708, 60.2256208], [20.8402291, 60.2296935], [20.848451, 60.2250837]]], [[[20.8190321, 60.2289574], [20.8376875, 60.2317184], [20.8384335, 60.2284157], [20.8190321, 60.2289574]]], [[[20.8434245, 60.2413356], [20.8455034, 60.2440884], [20.849312, 60.2421782], [20.8434245, 60.2413356]]], [[[20.8713845, 60.2445887], [20.8742643, 60.2437853], [20.8758899, 60.2414518], [20.8713845, 60.2445887]]], [[[20.8558943, 60.2656733], [20.8668497, 60.2518003], [20.865543, 60.2401828], [20.858772, 60.2427478], [20.8622163, 60.2359953], [20.8377862, 60.2521704], [20.8547328, 60.2538554], [20.8558943, 60.2656733]]], [[[20.8496785, 60.2546049], [20.8369184, 60.2553176], [20.8453298, 60.2590438], [20.8496785, 60.2546049]]], [[[20.8733304, 60.2590558], [20.868674, 60.2567492], [20.8683349, 60.2598926], [20.8733304, 60.2590558]]], [[[20.8654062, 60.2633839], [20.8637968, 60.2595917], [20.8626475, 60.2623502], [20.8654062, 60.2633839]]], [[[20.8400486, 60.2632288], [20.8426429, 60.2688102], [20.8474515, 60.2596993], [20.8400486, 60.2632288]]], [[[20.8687802, 60.2664479], [20.8721065, 60.2642425], [20.8697493, 60.2629448], [20.8687802, 60.2664479]]], [[[20.8432593, 60.26967], [20.8425482, 60.2712164], [20.8545434, 60.2675574], [20.8432593, 60.26967]]], [[[20.83725, 60.27175], [20.8395, 60.2675], [20.83575, 60.2675], [20.83725, 60.27175]]], [[[20.8596012, 60.2717386], [20.8628205, 60.2685084], [20.8564857, 60.2690526], [20.8596012, 60.2717386]]], [[[20.8251966, 60.2770082], [20.8196763, 60.2760188], [20.8203791, 60.2785249], [20.8251966, 60.2770082]]], [[[20.8656781, 60.2775159], [20.8673717, 60.2820709], [20.8721814, 60.2787808], [20.8656781, 60.2775159]]], [[[20.8374403, 60.2832887], [20.8438955, 60.2803255], [20.8417861, 60.2788298], [20.8374403, 60.2832887]]], [[[20.8716457, 60.2865148], [20.8755543, 60.2854475], [20.8748587, 60.2817276], [20.8716457, 60.2865148]]], [[[20.8291709, 60.2895883], [20.8210671, 60.2903842], [20.824158, 60.2925854], [20.8291709, 60.2895883]]], [[[20.832836, 60.2975242], [20.8297413, 60.2993309], [20.8326905, 60.3005796], [20.832836, 60.2975242]]], [[[20.859, 60.30425], [20.85025, 60.31], [20.853, 60.3105], [20.859, 60.30425]]], [[[20.884757, 60.319879], [20.8806096, 60.3226493], [20.8871381, 60.3214275], [20.884757, 60.319879]]], [[[20.8685229, 60.323462], [20.8586517, 60.3226708], [20.859698, 60.3276468], [20.8685229, 60.323462]]], [[[20.8705569, 60.3303938], [20.8701395, 60.3271495], [20.8674957, 60.3297823], [20.8705569, 60.3303938]]], [[[20.8761921, 60.346362], [20.87975, 60.3425], [20.8783364, 60.3401915], [20.8761921, 60.346362]]], [[[20.8775044, 60.3477421], [20.8722428, 60.346579], [20.8574949, 60.3723186], [20.8676916, 60.380292], [20.8639051, 60.372876], [20.8787097, 60.363413], [20.8766514, 60.3536616], [20.8683455, 60.3569133], [20.8775044, 60.3477421]]], [[[20.8560848, 60.3814228], [20.8548188, 60.3837983], [20.8587456, 60.3843762], [20.8560848, 60.3814228]]], [[[20.8986213, 60.390788], [20.8952987, 60.3969606], [20.8999925, 60.396841], [20.8986213, 60.390788]]], [[[20.8297757, 60.4050075], [20.8221012, 60.4064408], [20.8206099, 60.4082793], [20.8297757, 60.4050075]]], [[[20.8556375, 60.4045923], [20.8489538, 60.4023011], [20.8353316, 60.4142399], [20.850275, 60.4184664], [20.8556375, 60.4045923]]], [[[20.886837, 60.4157608], [20.8846201, 60.4176777], [20.8937397, 60.4167149], [20.886837, 60.4157608]]], [[[20.8669837, 60.4186906], [20.8677783, 60.4267374], [20.871812, 60.4249673], [20.8669837, 60.4186906]]], [[[20.8925312, 60.4232111], [20.8920631, 60.4247359], [20.8968347, 60.4230221], [20.8925312, 60.4232111]]], [[[20.8742855, 60.4314331], [20.8797631, 60.434088], [20.8842358, 60.4196273], [20.8742855, 60.4314331]]], [[[20.8905753, 60.4353076], [20.895479, 60.4356592], [20.8950451, 60.4300673], [20.8905753, 60.4353076]]], [[[20.8214193, 60.4671047], [20.825931, 60.458924], [20.8189585, 60.4560045], [20.8234152, 60.4609535], [20.8214193, 60.4671047]]], [[[20.8929389, 60.4652497], [20.8938646, 60.460512], [20.8870979, 60.4640889], [20.8929389, 60.4652497]]], [[[20.8928251, 60.4678681], [20.8969933, 60.4666054], [20.8865417, 60.4683035], [20.8928251, 60.4678681]]], [[[20.8805251, 60.4683595], [20.87541, 60.4698263], [20.8803626, 60.4726046], [20.8805251, 60.4683595]]], [[[20.8587248, 60.4721102], [20.8650638, 60.4768882], [20.8625831, 60.4701791], [20.8587248, 60.4721102]]], [[[20.8446674, 60.4729257], [20.8418228, 60.4757049], [20.849026, 60.4757286], [20.8446674, 60.4729257]]], [[[20.9003372, 60.4830758], [20.9026382, 60.4765723], [20.8935637, 60.4824524], [20.9003372, 60.4830758]]], [[[20.8442608, 60.4816305], [20.8489522, 60.4852539], [20.8608211, 60.4830815], [20.8520573, 60.4801065], [20.8442608, 60.4816305]]], [[[20.835445, 60.4892257], [20.8496218, 60.4875378], [20.842431, 60.4827562], [20.835445, 60.4892257]]], [[[20.8853399, 60.4912894], [20.8837683, 60.4879821], [20.8817543, 60.4920769], [20.8853399, 60.4912894]]], [[[20.8531432, 60.4920603], [20.8596355, 60.4942047], [20.8608077, 60.4878516], [20.8531432, 60.4920603]]], [[[20.8865547, 60.4948316], [20.8861686, 60.4934688], [20.8822835, 60.4973229], [20.8865547, 60.4948316]]], [[[20.8653862, 60.4980071], [20.8692561, 60.4991411], [20.8665337, 60.4954609], [20.8653862, 60.4980071]]], [[[20.8790151, 60.500171], [20.877288, 60.496538], [20.87078, 60.4989925], [20.8790151, 60.500171]]], [[[20.9124008, 60.5175424], [20.8932555, 60.5167603], [20.8704128, 60.5242583], [20.9124008, 60.5175424]]], [[[20.8797497, 60.5238304], [20.8700827, 60.5253262], [20.8765491, 60.5253226], [20.8698373, 60.5329], [20.8974164, 60.5330373], [20.8797497, 60.5238304]]], [[[20.8589674, 60.5367801], [20.8549716, 60.5347951], [20.8507877, 60.5390806], [20.8589674, 60.5367801]]], [[[20.8648442, 60.538884], [20.8697494, 60.5392215], [20.865864, 60.5367747], [20.8648442, 60.538884]]], [[[20.8528756, 60.5634058], [20.8506957, 60.5675505], [20.855799, 60.5626753], [20.8528756, 60.5634058]]], [[[20.8527362, 60.5693072], [20.85541, 60.572664], [20.8601369, 60.5675264], [20.8527362, 60.5693072]]], [[[20.8876098, 60.5915074], [20.8865826, 60.590519], [20.8834239, 60.5931296], [20.8876098, 60.5915074]]], [[[20.8508744, 60.6191601], [20.8521623, 60.6134857], [20.8385303, 60.6151993], [20.8508744, 60.6191601]]], [[[20.956442, 59.8016754], [20.9626035, 59.7984619], [20.9474305, 59.8002898], [20.956442, 59.8016754]]], [[[20.9486623, 59.8152418], [20.9519147, 59.8141909], [20.9436901, 59.8122781], [20.9486623, 59.8152418]]], [[[20.959685, 59.8171503], [20.9653647, 59.8159905], [20.9641053, 59.8147405], [20.959685, 59.8171503]]], [[[20.9197434, 59.8627679], [20.9393501, 59.8649036], [20.9349349, 59.8620077], [20.9197434, 59.8627679]]], [[[20.9125088, 59.875118], [20.9393088, 59.8745814], [20.9165324, 59.8721516], [20.934227, 59.8666278], [20.9195139, 59.8695166], [20.9125088, 59.875118]]], [[[20.9018826, 59.8782077], [20.9094516, 59.8742638], [20.8985126, 59.8706419], [20.9018826, 59.8782077]]], [[[20.9504563, 59.8823038], [20.9424454, 59.8813604], [20.9411119, 59.8824546], [20.9504563, 59.8823038]]], [[[20.9357937, 59.884349], [20.9273601, 59.8861348], [20.9369874, 59.8883667], [20.9357937, 59.884349]]], [[[20.9333223, 59.8806224], [20.9012185, 59.8854162], [20.9165049, 59.8923398], [20.9333223, 59.8806224]]], [[[20.9708413, 59.8899724], [20.9748312, 59.8888275], [20.9649423, 59.8875556], [20.9708413, 59.8899724]]], [[[20.9529992, 59.8900202], [20.9425618, 59.8834529], [20.9466348, 59.8872067], [20.9220353, 59.8907551], [20.9529992, 59.8900202]]], [[[20.9456325, 59.8928137], [20.9565235, 59.8949668], [20.9538091, 59.8927631], [20.9456325, 59.8928137]]], [[[20.9106938, 59.8940924], [20.9048475, 59.8938452], [20.9135689, 59.8945446], [20.9106938, 59.8940924]]], [[[20.9463515, 59.8951528], [20.9401528, 59.8975936], [20.9465958, 59.8972998], [20.9463515, 59.8951528]]], [[[20.9383385, 59.9043096], [20.9359902, 59.9071635], [20.950237, 59.9070548], [20.9383385, 59.9043096]]], [[[20.9636432, 59.9068214], [20.9532151, 59.908049], [20.9696481, 59.9087056], [20.9636432, 59.9068214]]], [[[20.9548844, 59.9165112], [20.9464717, 59.9204813], [20.9609279, 59.9162542], [20.9548844, 59.9165112]]], [[[20.9686818, 59.9189871], [20.9618575, 59.9197349], [20.9657691, 59.9218697], [20.9686818, 59.9189871]]], [[[20.9332908, 59.9286034], [20.9407365, 59.9226473], [20.9341933, 59.9208852], [20.9441185, 59.9192995], [20.9125348, 59.9191309], [20.920036, 59.9294856], [20.9153611, 59.9325888], [20.9486539, 59.9342689], [20.9682441, 59.9245423], [20.9426878, 59.9223236], [20.9332908, 59.9286034]]], [[[20.9096622, 59.9381746], [20.918313, 59.9389795], [20.9162577, 59.9359412], [20.9096622, 59.9381746]]], [[[21.0053815, 59.9433466], [20.9552267, 59.9477203], [20.9975335, 59.9309067], [20.991069, 59.925427], [20.9962748, 59.9211314], [20.9823669, 59.9182713], [20.9759781, 59.9204609], [20.9832239, 59.924476], [20.9676814, 59.9222111], [20.9758566, 59.9278934], [20.9561554, 59.9346397], [20.931735, 59.9346514], [20.9097965, 59.9497244], [20.9330472, 59.9477208], [20.9099256, 59.9555522], [20.9369875, 59.963249], [20.9474754, 59.9555915], [21.000568, 59.951332], [21.0053815, 59.9433466]]], [[[20.9062041, 59.9419234], [20.9151471, 59.9399947], [20.910281, 59.9396005], [20.9062041, 59.9419234]]], [[[20.9693522, 59.9636048], [20.9694999, 59.9589043], [20.9475588, 59.9616597], [20.9754233, 59.9666755], [20.9693522, 59.9636048]]], [[[20.907466, 59.9821842], [20.8994537, 59.9881504], [20.9121383, 59.9837393], [20.907466, 59.9821842]]], [[[20.9576755, 60.0075936], [20.9536091, 60.0068005], [20.94612, 60.0102341], [20.9576755, 60.0075936]]], [[[20.9216844, 60.0074295], [20.9203116, 60.009956], [20.9258939, 60.009894], [20.9216844, 60.0074295]]], [[[20.9563686, 60.013362], [20.9644686, 60.0186262], [20.9740599, 60.0126986], [20.9563686, 60.013362]]], [[[20.9501526, 60.0203443], [20.9559439, 60.0146051], [20.9514639, 60.0160375], [20.9501526, 60.0203443]]], [[[20.9418236, 60.0198753], [20.9431827, 60.0180886], [20.9347849, 60.0210238], [20.9418236, 60.0198753]]], [[[20.9170697, 60.0212743], [20.9069775, 60.0234765], [20.9245613, 60.028301], [20.9170697, 60.0212743]]], [[[20.9091949, 60.0304296], [20.9066931, 60.0257891], [20.8976339, 60.030125], [20.9091949, 60.0304296]]], [[[20.9298801, 60.0292338], [20.9331232, 60.0273447], [20.9263409, 60.0273702], [20.9298801, 60.0292338]]], [[[20.9177708, 60.0733788], [20.9249235, 60.0765588], [20.927684, 60.0738421], [20.9177708, 60.0733788]]], [[[20.9200448, 60.2604983], [20.9233599, 60.2579001], [20.9200444, 60.2573607], [20.9200448, 60.2604983]]], [[[20.9484815, 60.2732647], [20.956217, 60.2749831], [20.9595483, 60.2690856], [20.9542966, 60.2681305], [20.9484815, 60.2732647]]], [[[20.9521947, 60.2876035], [20.9582032, 60.2839559], [20.9560486, 60.2828653], [20.9521947, 60.2876035]]], [[[20.9679061, 60.2927542], [20.9609163, 60.2974859], [20.9634322, 60.297454], [20.9679061, 60.2927542]]], [[[20.9466971, 60.2998184], [20.94664269219906, 60.299847038147846], [20.9466816679926, 60.29984884577975], [20.9466971, 60.2998184]]], [[[20.9541947, 60.3119159], [20.9602511, 60.310258], [20.9511799, 60.314772], [20.9541947, 60.3119159]]], [[[20.9430372, 60.3216784], [20.9403132, 60.3210321], [20.9356338, 60.323049], [20.9430372, 60.3216784]]], [[[20.93625, 60.334], [20.9342256, 60.3244234], [20.94664269219906, 60.299847038147846], [20.9332113, 60.3069168], [20.93725, 60.312], [20.920626, 60.3142693], [20.9076077, 60.3348729], [20.9167011, 60.3372807], [20.9037068, 60.3442986], [20.9149228, 60.3527125], [20.93625, 60.334]]], [[[20.9415963, 60.3275599], [20.9471324, 60.3312403], [20.9573015, 60.32875], [20.9538352, 60.3272425], [20.9415963, 60.3275599]]], [[[20.9379345, 60.3351116], [20.9461446, 60.3407754], [20.9493289, 60.3366003], [20.9379345, 60.3351116]]], [[[20.9373504, 60.3384062], [20.93321, 60.3421775], [20.9359865, 60.3436585], [20.9373504, 60.3384062]]], [[[20.9560913, 60.3388691], [20.948297, 60.3449438], [20.9600815, 60.338987], [20.9560913, 60.3388691]]], [[[20.9379953, 60.3481079], [20.945633, 60.3425513], [20.9204793, 60.3584127], [20.9418082, 60.3538915], [20.9379953, 60.3481079]]], [[[20.9354957, 60.3618197], [20.9246501, 60.3626839], [20.9242424, 60.3653167], [20.9354957, 60.3618197]]], [[[20.9423673, 60.3618435], [20.9382115, 60.3659597], [20.9460922, 60.3642454], [20.9423673, 60.3618435]]], [[[20.9017038, 60.3567518], [20.9051395, 60.3716174], [20.9127457, 60.3609204], [20.9017038, 60.3567518]]], [[[20.937219, 60.3667503], [20.9347299, 60.3625035], [20.9282845, 60.3652251], [20.937219, 60.3667503]]], [[[20.9532552, 60.3650083], [20.9488209, 60.3673332], [20.946663, 60.3716188], [20.9532552, 60.3650083]]], [[[20.9065586, 60.3742213], [20.9169441, 60.3778461], [20.9130945, 60.3854796], [20.9265894, 60.3728901], [20.9177327, 60.3662251], [20.9065586, 60.3742213]]], [[[20.9322005, 60.3741259], [20.9293896, 60.3779893], [20.9339064, 60.3809271], [20.9322005, 60.3741259]]], [[[20.9441013, 60.3891935], [20.9554716, 60.3806461], [20.9517538, 60.3820697], [20.9441013, 60.3891935]]], [[[20.9055126, 60.38831], [20.9110701, 60.3875148], [20.9098895, 60.382272], [20.9055126, 60.38831]]], [[[20.963915, 60.3848586], [20.9567428, 60.3906955], [20.9580356, 60.3904278], [20.963915, 60.3848586]]], [[[20.9212747, 60.3940442], [20.9223676, 60.3843682], [20.9184689, 60.3847871], [20.9212747, 60.3940442]]], [[[20.9537718, 60.3933023], [20.9608775, 60.3897983], [20.9604188, 60.3896787], [20.9537718, 60.3933023]]], [[[20.9059322, 60.3921747], [20.9025962, 60.3967734], [20.9052471, 60.397801], [20.9059322, 60.3921747]]], [[[20.9354632, 60.4094249], [20.9382195, 60.4067962], [20.9341496, 60.4062594], [20.9354632, 60.4094249]]], [[[20.9261095, 60.4127762], [20.9305747, 60.4113285], [20.9206839, 60.4109], [20.9261095, 60.4127762]]], [[[20.9330978, 60.4174842], [20.9378762, 60.415848], [20.9340738, 60.4148674], [20.9330978, 60.4174842]]], [[[20.9380017, 60.4196355], [20.9466857, 60.4212279], [20.9456263, 60.4182549], [20.9380017, 60.4196355]]], [[[20.9307995, 60.4224675], [20.9350282, 60.420847], [20.9345719, 60.4200208], [20.9307995, 60.4224675]]], [[[20.9115583, 60.4251413], [20.9071708, 60.4214277], [20.9023665, 60.4273932], [20.9115583, 60.4251413]]], [[[20.9016335, 60.4260353], [20.8971398, 60.4285157], [20.8976665, 60.4294011], [20.9016335, 60.4260353]]], [[[20.9637802, 60.4353826], [20.9587161, 60.4301765], [20.968199, 60.4289962], [20.9618497, 60.4224657], [20.9464126, 60.4247951], [20.9420324, 60.4328752], [20.9637802, 60.4353826]]], [[[20.8993713, 60.4352241], [20.9065446, 60.4298304], [20.9043549, 60.4297416], [20.8993713, 60.4352241]]], [[[20.9221524, 60.4363454], [20.9211441, 60.4396936], [20.9364076, 60.4377153], [20.9221524, 60.4363454]]], [[[20.9654488, 60.4467753], [20.9641667, 60.4529942], [20.9762592, 60.4513472], [20.9654488, 60.4467753]]], [[[20.9123181, 60.4535888], [20.9057122, 60.463233], [20.9164564, 60.4616165], [20.9123181, 60.4535888]]], [[[20.969548, 60.4572166], [20.9615815, 60.4622718], [20.9671194, 60.4667873], [20.969548, 60.4572166]]], [[[20.941954, 60.454281], [20.9227795, 60.4584401], [20.9305747, 60.4623536], [20.9191804, 60.4770022], [20.9394304, 60.4667451], [20.9443727, 60.4709509], [20.9374863, 60.4729146], [20.9451614, 60.47329], [20.9408411, 60.4829593], [20.9327356, 60.480602], [20.9364222, 60.4896289], [20.9572177, 60.4825183], [20.9471053, 60.480374], [20.9531329, 60.4752691], [20.9424337, 60.4649843], [20.9537217, 60.4586271], [20.9506883, 60.4407117], [20.9392408, 60.4382866], [20.9461995, 60.4349456], [20.9254946, 60.4424717], [20.9309055, 60.4488717], [20.9243768, 60.4519716], [20.941954, 60.454281]]], [[[20.9149016, 60.4659803], [20.8969242, 60.4698902], [20.9054458, 60.4761905], [20.9149016, 60.4659803]]], [[[20.9583779, 60.4711543], [20.9584395, 60.4720177], [20.9630763, 60.4707149], [20.9583779, 60.4711543]]], [[[20.931, 60.4850231], [20.9317465, 60.4805392], [20.9299064, 60.4806262], [20.931, 60.4850231]]], [[[20.9242681, 60.4941058], [20.9311754, 60.4918272], [20.9167799, 60.4797078], [20.9242681, 60.4941058]]], [[[20.9477891, 60.5100904], [20.9471205, 60.5134574], [20.9539418, 60.5092092], [20.9477891, 60.5100904]]], [[[20.9255309, 60.5143101], [20.9249392, 60.5140311], [20.9181109, 60.5187689], [20.9255309, 60.5143101]]], [[[20.9004956, 60.5327316], [20.9078902, 60.5290417], [20.8966884, 60.5267387], [20.9004956, 60.5327316]]], [[[20.9087462, 60.5338917], [20.9121094, 60.5345711], [20.913562, 60.5301752], [20.9087462, 60.5338917]]], [[[20.9327665, 60.5370092], [20.9355222, 60.5336921], [20.9252487, 60.5343048], [20.9327665, 60.5370092]]], [[[20.9079889, 60.5607619], [20.9098387, 60.5595609], [20.8980732, 60.5595], [20.9079889, 60.5607619]]], [[[20.9196663, 60.5613955], [20.922253, 60.5645455], [20.9240367, 60.5611928], [20.9196663, 60.5613955]]], [[[20.9659075, 60.5665497], [20.9658281, 60.5692006], [20.9706838, 60.5657931], [20.9659075, 60.5665497]]], [[[20.9187624, 60.5990472], [20.921086, 60.600513], [20.9251762, 60.5988243], [20.9187624, 60.5990472]]], [[[20.9378338, 60.6177375], [20.9332763, 60.614835], [20.9354594, 60.619457], [20.9378338, 60.6177375]]], [[[20.9255106, 60.6176823], [20.9288516, 60.6193409], [20.9299667, 60.6183017], [20.9255106, 60.6176823]]], [[[20.9044288, 60.6303886], [20.9097926, 60.6321558], [20.9116975, 60.6289953], [20.9044288, 60.6303886]]], [[[20.9870713, 59.7985944], [20.9782134, 59.7991446], [20.976807, 59.8012813], [20.9870713, 59.7985944]]], [[[20.9731431, 59.831268], [20.9740194, 59.8334608], [20.9779253, 59.8337436], [20.9731431, 59.831268]]], [[[20.9795659, 59.8347287], [20.9914514, 59.8350469], [20.9876937, 59.8317902], [20.9795659, 59.8347287]]], [[[21.0169356, 59.8644921], [21.0125176, 59.8634781], [21.014852, 59.8664216], [21.0169356, 59.8644921]]], [[[20.9792624, 59.8675282], [20.9817727, 59.8697768], [20.980745, 59.8662087], [20.9792624, 59.8675282]]], [[[21.0058765, 59.8723378], [20.9958904, 59.8683028], [20.997258, 59.8714442], [21.0058765, 59.8723378]]], [[[20.9731197, 59.8788578], [20.9709911, 59.8788571], [20.9809718, 59.8803421], [20.9731197, 59.8788578]]], [[[21.019588, 59.8891147], [21.0181144, 59.8861294], [21.0138658, 59.8878246], [21.019588, 59.8891147]]], [[[20.9707067, 59.8948335], [20.9777343, 59.8959983], [20.9769756, 59.8932612], [20.9707067, 59.8948335]]], [[[20.9733233, 59.9032192], [20.9706922, 59.9071473], [20.9977638, 59.905977], [20.9733233, 59.9032192]]], [[[20.973145, 59.9147863], [20.9714888, 59.9161409], [20.9809538, 59.9150231], [20.973145, 59.9147863]]], [[[21.0044455, 59.9210524], [21.0015315, 59.9247007], [21.0056365, 59.9251227], [21.0044455, 59.9210524]]], [[[21.0066926, 59.9288964], [21.0039675, 59.9321631], [21.0153083, 59.9305931], [21.0066926, 59.9288964]]], [[[21.0008661, 59.9308233], [21.0044147, 59.9287135], [20.9946614, 59.9333614], [21.0008661, 59.9308233]]], [[[21.0144539, 59.93512], [21.0074759, 59.934097], [21.0055014, 59.9352584], [21.0144539, 59.93512]]], [[[21.0386121, 59.9396168], [21.0347142, 59.9374761], [21.0266126, 59.9414373], [21.0386121, 59.9396168]]], [[[21.0058567, 59.9392502], [21.0034281, 59.9418234], [21.0068814, 59.943149], [21.0058567, 59.9392502]]], [[[21.0359736, 59.9445808], [21.0402621, 59.9416379], [21.0271063, 59.9421976], [21.0359736, 59.9445808]]], [[[21.0201963, 59.9477726], [21.0218033, 59.9457207], [21.0066098, 59.9438096], [21.0201963, 59.9477726]]], [[[21.0422249, 59.9485049], [21.0429704, 59.9457145], [21.029833, 59.9462013], [21.0422249, 59.9485049]]], [[[21.0044685, 59.9538216], [21.0220486, 59.9518771], [21.0206708, 59.951143], [21.0044685, 59.9538216]]], [[[20.9860315, 59.9541733], [20.9777606, 59.95586], [20.9839136, 59.9562649], [20.9860315, 59.9541733]]], [[[20.9794015, 59.9573866], [20.9728574, 59.9561835], [20.9754301, 59.9591495], [20.9794015, 59.9573866]]], [[[21.0164011, 59.9589269], [21.0198429, 59.9569309], [21.0126482, 59.9586006], [21.0164011, 59.9589269]]], [[[20.9816544, 59.9617974], [20.9880029, 59.9620052], [20.976839, 59.9596896], [20.9816544, 59.9617974]]], [[[20.9703202, 59.9619578], [20.9775482, 59.9626617], [20.9771386, 59.9602231], [20.9703202, 59.9619578]]], [[[21.0029424, 59.9861541], [21.0014704, 59.9873441], [21.013199, 59.9859836], [21.0029424, 59.9861541]]], [[[21.0130312, 59.9932232], [21.0204399, 59.9962876], [21.0204721, 59.9945547], [21.0130312, 59.9932232]]], [[[21.0298257, 60.029992], [21.023562, 60.0282712], [21.0244925, 60.0318486], [21.0298257, 60.029992]]], [[[20.9796759, 60.2170245], [20.9808884, 60.2116319], [20.978159, 60.2112894], [20.9796759, 60.2170245]]], [[[20.9959835, 60.2240932], [21.0128318, 60.2265161], [21.0035661, 60.2146266], [20.9959835, 60.2240932]]], [[[21.0025924, 60.225685], [21.0152525, 60.2310602], [21.0142171, 60.2297631], [21.0025924, 60.225685]]], [[[20.9995213, 60.2408749], [20.9725905, 60.2634788], [20.9946263, 60.2542254], [20.9995213, 60.2408749]]], [[[21.00425, 60.27], [21.00875, 60.26675], [21.002, 60.267], [21.00425, 60.27]]], [[[21.002, 60.27525], [21.01375, 60.268], [21.0065, 60.2695], [21.002, 60.27525]]], [[[21.0434961, 60.2828687], [21.0305411, 60.282741], [21.0249245, 60.2856927], [21.0434961, 60.2828687]]], [[[21.023989, 60.289724], [21.0172485, 60.2898931], [21.0197022, 60.2925126], [21.023989, 60.289724]]], [[[21.0295437, 60.2944723], [21.0228553, 60.2991616], [21.0321661, 60.2986445], [21.0295437, 60.2944723]]], [[[21.0059854, 60.2991132], [21.0104527, 60.3054139], [21.019377, 60.2949138], [21.0059854, 60.2991132]]], [[[21.0211185, 60.3002023], [21.0204238, 60.3027139], [21.0257614, 60.301005], [21.0211185, 60.3002023]]], [[[20.9963718, 60.3009965], [20.9962424, 60.3040739], [21.0017739, 60.302614], [20.9963718, 60.3009965]]], [[[21.0017848, 60.3116601], [21.0046549, 60.30729], [21.0041881, 60.3069272], [21.0017848, 60.3116601]]], [[[20.9631898, 60.3203498], [20.973249, 60.3213805], [20.9697604, 60.3294745], [20.9970157, 60.3333229], [20.9946413, 60.3023432], [20.9768729, 60.3032333], [20.9771506, 60.297892], [20.9523439, 60.3176516], [20.9673549, 60.3147438], [20.9631898, 60.3203498]]], [[[21.019604, 60.324222], [21.0357566, 60.3253656], [21.0364734, 60.3219295], [21.019604, 60.324222]]], [[[21.0181645, 60.3331452], [21.0177984, 60.3276963], [21.0163039, 60.3312461], [21.0181645, 60.3331452]]], [[[21.0227438, 60.3363739], [21.0251502, 60.3353813], [21.0205697, 60.3325535], [21.0227438, 60.3363739]]], [[[21.0138182, 60.3455951], [21.0050212, 60.3491123], [21.0094602, 60.3481224], [21.0138182, 60.3455951]]], [[[21.021, 60.35775], [21.03075, 60.3495], [21.02475, 60.34625], [21.021, 60.35775]]], [[[20.991077, 60.3541967], [20.9925, 60.35775], [20.9965, 60.3545], [20.991077, 60.3541967]]], [[[20.972726, 60.3543851], [20.9693089, 60.3610564], [20.9763096, 60.3556001], [20.972726, 60.3543851]]], [[[21.0203755, 60.3609692], [21.0283763, 60.3599807], [21.0324028, 60.357816], [21.0203755, 60.3609692]]], [[[20.9963684, 60.3652351], [20.9973621, 60.3595263], [20.9898788, 60.3586707], [20.9963684, 60.3652351]]], [[[21.0281847, 60.364709], [21.03325, 60.36475], [21.0440564, 60.3597343], [21.0281847, 60.364709]]], [[[20.9844512, 60.3615722], [20.9705, 60.372], [20.9894134, 60.3656303], [20.9844512, 60.3615722]]], [[[21.0390333, 60.3647474], [21.0307822, 60.3696711], [21.0383999, 60.3766672], [21.0442493, 60.3740751], [21.0390333, 60.3647474]]], [[[21.0037377, 60.3672669], [20.9836091, 60.3740589], [20.9911099, 60.3785861], [21.0037377, 60.3672669]]], [[[21.0122038, 60.376753], [21.0114639, 60.3816111], [21.0140629, 60.3776818], [21.0122038, 60.376753]]], [[[20.9957582, 60.3885035], [20.994087, 60.3839664], [20.9898879, 60.3875391], [20.9957582, 60.3885035]]], [[[21.0177416, 60.3963511], [21.0035221, 60.3966983], [21.0164412, 60.4085808], [21.0330322, 60.4033278], [21.0231945, 60.4043097], [21.0355099, 60.3958165], [21.02483, 60.4005008], [21.0179776, 60.3953143], [21.0309125, 60.3962352], [21.0275531, 60.39203], [21.0398939, 60.3839136], [21.0301226, 60.3837293], [21.0350187, 60.3768827], [21.0292186, 60.3724805], [21.0165665, 60.3721224], [21.0258336, 60.3824238], [21.008835, 60.3840389], [21.0177416, 60.3963511]]], [[[20.9952053, 60.3925158], [20.9944269, 60.3936957], [21.000036, 60.3939813], [20.9952053, 60.3925158]]], [[[20.9902658, 60.3923611], [20.9766353, 60.3905082], [20.9672911, 60.4013855], [20.9902658, 60.3923611]]], [[[20.9840316, 60.4015818], [20.9913969, 60.4035636], [20.9970109, 60.401507], [20.9840316, 60.4015818]]], [[[21.0237202, 60.4106593], [21.0285482, 60.4079442], [21.0244364, 60.4077494], [21.0237202, 60.4106593]]], [[[21.0094911, 60.4107057], [21.0039121, 60.4143397], [21.0130531, 60.4121493], [21.0094911, 60.4107057]]], [[[20.9798475, 60.4292995], [20.9822327, 60.4206396], [20.9959696, 60.4315316], [20.9995133, 60.4155633], [20.9885515, 60.4069153], [20.9687403, 60.4237969], [20.9798475, 60.4292995]]], [[[21.0042071, 60.4211563], [21.0169169, 60.4205765], [21.0162663, 60.4191014], [21.0042071, 60.4211563]]], [[[21.0000995, 60.4317166], [21.0172853, 60.4282276], [21.0193643, 60.4254742], [21.0164224, 60.4247393], [21.0000995, 60.4317166]]], [[[21.0170123, 60.4296038], [21.0270743, 60.4298846], [21.0241393, 60.4276909], [21.0170123, 60.4296038]]], [[[21.0285463, 60.4327036], [21.0076304, 60.4364492], [21.0460047, 60.4368596], [21.0562689, 60.4449919], [21.051142, 60.4294098], [21.0348256, 60.4267188], [21.0285463, 60.4327036]]], [[[21.0185353, 60.4405465], [21.0240561, 60.4390303], [21.0165314, 60.4403264], [21.0185353, 60.4405465]]], [[[20.9905171, 60.4394594], [20.9910449, 60.4433823], [21.002486, 60.4369548], [20.9905171, 60.4394594]]], [[[21.0429638, 60.4413718], [21.0379817, 60.4397083], [21.0257402, 60.4428264], [21.0429638, 60.4413718]]], [[[20.9749847, 60.4445877], [20.9759861, 60.4431269], [20.969637, 60.4435998], [20.9749847, 60.4445877]]], [[[21.0326506, 60.4506698], [21.0264219, 60.4537913], [21.0351094, 60.4513965], [21.0230794, 60.4470708], [21.0326506, 60.4506698]]], [[[20.9870877, 60.4527679], [21.0041598, 60.4530819], [20.9885736, 60.4482949], [20.9870877, 60.4527679]]], [[[21.0087451, 60.4518696], [21.0112911, 60.4523634], [21.0154884, 60.4505089], [21.0087451, 60.4518696]]], [[[20.9907109, 60.4532177], [20.9874192, 60.4565271], [20.9894326, 60.4570681], [20.9907109, 60.4532177]]], [[[20.9673068, 60.474099], [20.9676883, 60.4753518], [20.9739256, 60.475525], [20.9673068, 60.474099]]], [[[21.0165552, 60.4777713], [21.0112063, 60.4763104], [20.9994053, 60.4759526], [21.0087759, 60.4800421], [21.0165552, 60.4777713]]], [[[20.975309, 60.476423], [20.9743039, 60.4811023], [20.9814661, 60.4774393], [20.975309, 60.476423]]], [[[21.017125, 60.5078485], [21.0193658, 60.5106497], [21.0295883, 60.5077896], [21.017125, 60.5078485]]], [[[21.0316772, 60.525121], [21.0267574, 60.5276452], [21.0342737, 60.5281186], [21.0316772, 60.525121]]], [[[20.98981, 60.5292408], [20.9924618, 60.5305879], [20.9962533, 60.5260561], [20.98981, 60.5292408]]], [[[21.0212389, 60.534903], [21.0142903, 60.5303821], [21.027901, 60.5223274], [21.0077388, 60.5270314], [21.0118285, 60.535215], [21.0212389, 60.534903]]], [[[20.9833662, 60.5368904], [20.9932176, 60.5366148], [20.9926249, 60.5320092], [20.9833662, 60.5368904]]], [[[21.0079166, 60.538218], [21.0079549, 60.5392557], [21.0156519, 60.5375725], [21.0079166, 60.538218]]], [[[21.0069665, 60.546671], [21.0054332, 60.5453458], [20.9975276, 60.5484003], [21.0069665, 60.546671]]], [[[20.9901969, 60.5711646], [20.9873927, 60.5707013], [20.9809431, 60.5701554], [20.9901969, 60.5711646]]], [[[20.9776805, 60.6419919], [20.984323, 60.654663], [20.9849002, 60.640931], [20.9776805, 60.6419919]]], [[[21.1776037, 59.7763217], [21.1784028, 59.7713071], [21.1752468, 59.7702012], [21.1776037, 59.7763217]]], [[[21.1416849, 59.7774069], [21.161977, 59.7799103], [21.1426505, 59.7726104], [21.1416849, 59.7774069]]], [[[21.1554748, 59.7920476], [21.160256, 59.7900536], [21.1488364, 59.7901397], [21.1554748, 59.7920476]]], [[[21.1434608, 59.8063362], [21.1408801, 59.8041651], [21.1337294, 59.8033675], [21.1434608, 59.8063362]]], [[[21.1923587, 59.815409], [21.195799, 59.8146984], [21.1849416, 59.8143391], [21.1923587, 59.815409]]], [[[21.0894801, 59.8146445], [21.0843591, 59.8148324], [21.0846067, 59.8164813], [21.0894801, 59.8146445]]], [[[21.056116, 59.8293495], [21.0598271, 59.8291685], [21.0519429, 59.8294059], [21.056116, 59.8293495]]], [[[21.0547872, 59.8366457], [21.0473566, 59.8338233], [21.0500661, 59.8355032], [21.0547872, 59.8366457]]], [[[21.0479242, 59.8698075], [21.0434979, 59.866371], [21.0413964, 59.8688014], [21.0479242, 59.8698075]]], [[[21.0816951, 59.872225], [21.0895697, 59.8730177], [21.0776444, 59.8688601], [21.0816951, 59.872225]]], [[[21.253136, 59.8752097], [21.2640961, 59.8717378], [21.260849, 59.8708906], [21.253136, 59.8752097]]], [[[21.0868269, 59.8733494], [21.1021715, 59.8770376], [21.0967171, 59.8735063], [21.0868269, 59.8733494]]], [[[21.1718762, 59.8762072], [21.1667744, 59.877195], [21.178335, 59.8754634], [21.1718762, 59.8762072]]], [[[21.0926009, 59.8957824], [21.0958888, 59.8947534], [21.0926986, 59.8926527], [21.0926009, 59.8957824]]], [[[21.1405344, 59.9071578], [21.152861, 59.9024661], [21.1488882, 59.9007449], [21.1405344, 59.9071578]]], [[[21.2417491, 59.9118232], [21.2441199, 59.9066571], [21.2373321, 59.9085583], [21.2417491, 59.9118232]]], [[[21.0978789, 59.9113793], [21.0938626, 59.9108097], [21.0909634, 59.9114577], [21.0978789, 59.9113793]]], [[[21.0756422, 59.9212813], [21.0844815, 59.9174635], [21.0837646, 59.9173046], [21.0756422, 59.9212813]]], [[[21.1068292, 59.9233208], [21.1013246, 59.9241046], [21.111702, 59.9251466], [21.1068292, 59.9233208]]], [[[21.0947139, 59.9256995], [21.0958127, 59.9279659], [21.1005256, 59.9266291], [21.0947139, 59.9256995]]], [[[21.0507938, 59.9340601], [21.0530719, 59.9303804], [21.0432857, 59.928139], [21.0507938, 59.9340601]]], [[[21.0873086, 59.9333074], [21.0819174, 59.9302977], [21.0788745, 59.9336516], [21.0873086, 59.9333074]]], [[[21.0428873, 59.936452], [21.0517707, 59.936761], [21.0545482, 59.9358306], [21.0428873, 59.936452]]], [[[21.0751769, 59.9399436], [21.0806421, 59.9382055], [21.0761528, 59.9374634], [21.0751769, 59.9399436]]], [[[21.0607897, 59.9406246], [21.0638259, 59.9375438], [21.0533144, 59.9370848], [21.0607897, 59.9406246]]], [[[21.0455343, 59.9461575], [21.0642833, 59.9415345], [21.0500112, 59.9408267], [21.0455343, 59.9461575]]], [[[21.0427264, 59.9543178], [21.0449871, 59.9523255], [21.0406214, 59.952308], [21.0427264, 59.9543178]]], [[[21.1370027, 59.9552188], [21.1417693, 59.9550923], [21.1412672, 59.9535534], [21.1370027, 59.9552188]]], [[[21.0670084, 59.9564525], [21.0622706, 59.9547734], [21.0606949, 59.9574941], [21.0670084, 59.9564525]]], [[[21.0543002, 59.9636337], [21.0530633, 59.9624775], [21.0470414, 59.9658649], [21.0543002, 59.9636337]]], [[[21.0367792, 59.9687358], [21.0462201, 59.9648625], [21.0443926, 59.9646749], [21.0367792, 59.9687358]]], [[[21.0611075, 60.2608214], [21.06188, 60.2667098], [21.0467845, 60.2728631], [21.0662734, 60.2756533], [21.0611075, 60.2608214]]], [[[21.036, 60.2925], [21.0795, 60.284], [21.0725, 60.28], [21.036, 60.2925]]], [[[21.0665524, 60.2958671], [21.0586748, 60.291417], [21.0306591, 60.3077444], [21.0469079, 60.3082147], [21.0665524, 60.2958671]]], [[[21.0740733, 60.3036307], [21.073789, 60.2988335], [21.061424, 60.3036121], [21.0740733, 60.3036307]]], [[[21.09175, 60.31775], [21.092, 60.31625], [21.086, 60.31975], [21.09175, 60.31775]]], [[[21.0597136, 60.3327364], [21.0604496, 60.3363764], [21.0675274, 60.3307683], [21.0597136, 60.3327364]]], [[[21.0489893, 60.3405127], [21.054759, 60.3371506], [21.0521328, 60.3350226], [21.0489893, 60.3405127]]], [[[21.0982551, 60.3423397], [21.0900547, 60.343141], [21.0920238, 60.3438974], [21.0982551, 60.3423397]]], [[[21.097617, 60.3368118], [21.0837796, 60.332096], [21.0490011, 60.3509956], [21.0639725, 60.3480412], [21.0508561, 60.358024], [21.0572078, 60.3695991], [21.0857036, 60.3509253], [21.0747808, 60.3504662], [21.0790305, 60.3453176], [21.097617, 60.3368118]]], [[[21.0517305, 60.3661741], [21.0477796, 60.366744], [21.0490268, 60.3709943], [21.0517305, 60.3661741]]], [[[21.089, 60.37875], [21.09075, 60.36025], [21.06775, 60.37475], [21.089, 60.37875]]], [[[21.0673567, 60.3724288], [21.0680809, 60.3707244], [21.0596515, 60.3738073], [21.0673567, 60.3724288]]], [[[21.0481224, 60.3817328], [21.0658462, 60.3915562], [21.0811112, 60.3825373], [21.0666382, 60.3757434], [21.0481224, 60.3817328]]], [[[21.09075, 60.382], [21.0845, 60.384], [21.087, 60.39225], [21.09075, 60.382]]], [[[21.04225, 60.387], [21.0425, 60.39525], [21.0499002, 60.3949532], [21.04225, 60.387]]], [[[21.0750779, 60.3889843], [21.0706773, 60.3914318], [21.0736908, 60.3946304], [21.0750779, 60.3889843]]], [[[21.0810996, 60.3914147], [21.0792017, 60.3951533], [21.0843998, 60.3954965], [21.0810996, 60.3914147]]], [[[21.0714575, 60.4055881], [21.0768078, 60.4039239], [21.07375, 60.3975], [21.0714575, 60.4055881]]], [[[21.0822641, 60.405689], [21.0862318, 60.4035009], [21.0830759, 60.4020808], [21.0822641, 60.405689]]], [[[21.0805, 60.409], [21.0909878, 60.4100669], [21.09575, 60.40625], [21.0805, 60.409]]], [[[21.0676311, 60.3979557], [21.0424234, 60.3972424], [21.0462789, 60.4086299], [21.0336725, 60.4035448], [21.0388812, 60.4114963], [21.0320924, 60.4169949], [21.0532773, 60.4299878], [21.0484743, 60.4251929], [21.0560174, 60.4178237], [21.0715923, 60.4122988], [21.0641636, 60.405427], [21.0676311, 60.3979557]]], [[[21.0853414, 60.4120611], [21.0814421, 60.4101329], [21.0780223, 60.4174083], [21.0853414, 60.4120611]]], [[[21.0738652, 60.4191268], [21.07275, 60.42], [21.0715, 60.4235], [21.0738652, 60.4191268]]], [[[21.0712176, 60.4413132], [21.0648957, 60.4458208], [21.0816146, 60.4430084], [21.0712176, 60.4413132]]], [[[21.1074454, 60.4492843], [21.107, 60.4545], [21.1125985, 60.4526285], [21.1074454, 60.4492843]]], [[[21.0389472, 60.4514434], [21.044207, 60.4565692], [21.0488811, 60.447332], [21.0389472, 60.4514434]]], [[[21.0592714, 60.4573533], [21.0487697, 60.4572383], [21.0493506, 60.4605137], [21.0592714, 60.4573533]]], [[[21.0610636, 60.4568156], [21.0716224, 60.4591649], [21.0529368, 60.4652149], [21.0600316, 60.4771312], [21.0754204, 60.4717563], [21.0731442, 60.4809588], [21.0926857, 60.4759152], [21.0999161, 60.4836795], [21.1070206, 60.4730827], [21.0952287, 60.4679536], [21.1004676, 60.4602225], [21.0880646, 60.446623], [21.0610636, 60.4568156]]], [[[21.0599247, 60.4795581], [21.0648304, 60.4793837], [21.0672981, 60.4749916], [21.0599247, 60.4795581]]], [[[21.06225, 60.48325], [21.064, 60.4845], [21.0663354, 60.4801593], [21.06225, 60.48325]]], [[[21.0599488, 60.4823717], [21.0498047, 60.484531], [21.0574128, 60.4862851], [21.0599488, 60.4823717]]], [[[21.1077203, 60.4854738], [21.1124624, 60.4833886], [21.1036279, 60.4832664], [21.1077203, 60.4854738]]], [[[21.0438391, 60.4878564], [21.0510697, 60.4873591], [21.0445956, 60.4873016], [21.0438391, 60.4878564]]], [[[21.0971305, 60.4909463], [21.0893328, 60.4938396], [21.0955951, 60.4955056], [21.0971305, 60.4909463]]], [[[21.069701, 60.4825007], [21.0526982, 60.4925321], [21.0361213, 60.4934469], [21.0342669, 60.5029219], [21.0522385, 60.5054938], [21.0678441, 60.497741], [21.0563164, 60.4969562], [21.0764768, 60.496965], [21.0927894, 60.4853509], [21.0770812, 60.4818496], [21.0662277, 60.488097], [21.069701, 60.4825007]]], [[[21.1111421, 60.497713], [21.0867925, 60.5020276], [21.0958709, 60.5057394], [21.1111421, 60.497713]]], [[[21.1226968, 60.5003503], [21.116828, 60.5020447], [21.1251081, 60.5043819], [21.1226968, 60.5003503]]], [[[21.0875372, 60.5064904], [21.0688933, 60.5108551], [21.0813256, 60.5129394], [21.0875372, 60.5064904]]], [[[21.0989656, 60.512926], [21.1026064, 60.5092263], [21.093043, 60.5097783], [21.0989656, 60.512926]]], [[[21.0630666, 60.5109832], [21.0577905, 60.5136437], [21.0636676, 60.5121106], [21.0630666, 60.5109832]]], [[[21.0380796, 60.5144955], [21.0473342, 60.5140414], [21.0433775, 60.511987], [21.0380796, 60.5144955]]], [[[21.1047088, 60.5179988], [21.0729061, 60.5163885], [21.0438818, 60.5292221], [21.0886833, 60.5353048], [21.0860199, 60.5293382], [21.1024833, 60.5264574], [21.0892841, 60.5211359], [21.1047088, 60.5179988]]], [[[21.0984911, 60.5428398], [21.1049294, 60.5436333], [21.0986837, 60.5417473], [21.0984911, 60.5428398]]], [[[21.0646795, 60.5515449], [21.070273, 60.5520802], [21.0501993, 60.5403438], [21.0646795, 60.5515449]]], [[[21.1003348, 60.5449808], [21.0886127, 60.5471558], [21.0985431, 60.5498289], [21.1003348, 60.5449808]]], [[[21.0461865, 60.5479291], [21.0251381, 60.5552026], [21.0687412, 60.5577316], [21.0432955, 60.5394595], [21.0461865, 60.5479291]]], [[[21.0792773, 60.5551114], [21.0858575, 60.5558553], [21.0803968, 60.5523195], [21.0792773, 60.5551114]]], [[[21.1022005, 60.5597255], [21.0963035, 60.5603495], [21.0999838, 60.5628947], [21.1022005, 60.5597255]]], [[[21.1068602, 60.5630481], [21.1138628, 60.565102], [21.1107437, 60.5604699], [21.1068602, 60.5630481]]], [[[21.1141889, 60.5630431], [21.1184271, 60.5643308], [21.1171766, 60.561504], [21.1141889, 60.5630431]]], [[[21.0749695, 60.5663054], [21.0782155, 60.5674384], [21.0795538, 60.5637258], [21.0749695, 60.5663054]]], [[[21.110164, 60.5685259], [21.1201571, 60.5698716], [21.1149846, 60.5687543], [21.110164, 60.5685259]]], [[[21.0713693, 60.5814547], [21.0711584, 60.5836623], [21.0773579, 60.5815826], [21.0713693, 60.5814547]]], [[[21.0889887, 60.5845769], [21.0782698, 60.5836581], [21.0854066, 60.5870588], [21.0889887, 60.5845769]]]]}}]}