{"type": "FeatureCollection", "features": [{"type": "Feature", "properties": {"slug": "miami", "members": 4, "country": "United States", "input_hash": "9abf8fffe2ed40ca"}, "geometry": {"type": "MultiPolygon", "coordinates": [[[[-81.630143, 24.581111], [-81.628187, 24.579068], [-81.634407, 24.578949], [-81.630143, 24.581111]]], [[[-81.6461696, 24.5820531], [-81.6679396, 24.5695986], [-81.6736945, 24.577103], [-81.665803, 24.576512], [-81.647599, 24.591239], [-81.6461696, 24.5820531]]], [[[-81.7107204, 24.5901954], [-81.703879, 24.604099], [-81.695273, 24.587771], [-81.6706655, 24.5973703], [-81.673231, 24.587364], [-81.661394, 24.588007], [-81.674466, 24.578423], [-81.674093, 24.574338], [-81.6683531, 24.5687268], [-81.6850096, 24.5586951], [-81.717807, 24.55728], [-81.706241, 24.572834], [-81.714166, 24.587048], [-81.7041092, 24.5899284], [-81.7065792, 24.5962979], [-81.7107204, 24.5901954]]], [[[-81.636814, 24.580409], [-81.64835, 24.578568], [-81.637072, 24.583321], [-81.636814, 24.580409]]], [[[-81.594422, 24.606751], [-81.588378, 24.61544], [-81.582564, 24.601545], [-81.577874, 24.608235], [-81.574045, 24.60965], [-81.576556, 24.60861], [-81.570756, 24.602251], [-81.613876, 24.586078], [-81.587694, 24.600443], [-81.602325, 24.595226], [-81.614043, 24.598289], [-81.624006, 24.580954], [-81.633745, 24.591413], [-81.621893, 24.59277], [-81.613715, 24.60587], [-81.603873, 24.596685], [-81.592157, 24.601351], [-81.589983, 24.60411], [-81.600737, 24.600683], [-81.59226, 24.604775], [-81.604136, 24.608621], [-81.594422, 24.606751]]], [[[-81.651928, 24.615482], [-81.642797, 24.603131], [-81.648503, 24.591478], [-81.675759, 24.601662], [-81.645266, 24.60267], [-81.651928, 24.615482]]], [[[-81.630871, 24.611721], [-81.639801, 24.613359], [-81.625324, 24.611494], [-81.637527, 24.605789], [-81.630871, 24.611721]]], [[[-81.642263, 24.615948], [-81.641609, 24.609126], [-81.645577, 24.609865], [-81.642263, 24.615948]]], [[[-81.5607, 24.616703], [-81.564909, 24.607041], [-81.567728, 24.618239], [-81.5607, 24.616703]]], [[[-81.663316, 24.616772], [-81.65759, 24.611778], [-81.661764, 24.608751], [-81.663316, 24.616772]]], [[[-81.6234667, 24.6123874], [-81.61484, 24.615245], [-81.613917, 24.61328], [-81.6234667, 24.6123874]]], [[[-81.612349, 24.607098], [-81.610842, 24.617488], [-81.61667, 24.615718], [-81.603538, 24.622731], [-81.608559, 24.616206], [-81.601842, 24.609843], [-81.612349, 24.607098]]], [[[-81.5713057, 24.6183716], [-81.5698412, 24.6139581], [-81.5716544, 24.6129778], [-81.5713057, 24.6183716]]], [[[-81.584639, 24.616767], [-81.579339, 24.618921], [-81.576484, 24.612931], [-81.584639, 24.616767]]], [[[-81.5705081, 24.6032255], [-81.5731374, 24.6073492], [-81.564253, 24.606805], [-81.550468, 24.620403], [-81.541254, 24.61924], [-81.568548, 24.623783], [-81.568902, 24.634182], [-81.556647, 24.623409], [-81.547761, 24.6301222], [-81.556519, 24.63715], [-81.548965, 24.636648], [-81.5318335, 24.6203204], [-81.5705081, 24.6032255]]], [[[-81.621737, 24.619515], [-81.611603, 24.623984], [-81.612192, 24.621401], [-81.621737, 24.619515]]], [[[-81.579466, 24.627993], [-81.58346, 24.623578], [-81.581333, 24.629023], [-81.579466, 24.627993]]], [[[-81.51095, 24.627765], [-81.519025, 24.618564], [-81.543099, 24.6334], [-81.528637, 24.637113], [-81.524077, 24.623322], [-81.51095, 24.627765]]], [[[-81.508835, 24.63131], [-81.510884, 24.627787], [-81.514726, 24.63053], [-81.508835, 24.63131]]], [[[-81.611944, 24.63554], [-81.622064, 24.62632], [-81.626716, 24.632404], [-81.611944, 24.63554]]], [[[-81.613275, 24.651031], [-81.599584, 24.654911], [-81.597185, 24.649605], [-81.587215, 24.64621], [-81.585305, 24.646684], [-81.594129, 24.643665], [-81.588338, 24.631604], [-81.594148, 24.616854], [-81.599023, 24.632796], [-81.6016636, 24.6186134], [-81.601473, 24.623436], [-81.607925, 24.631753], [-81.594677, 24.641496], [-81.613275, 24.651031]]], [[[-81.577889, 24.637958], [-81.585405, 24.633707], [-81.578661, 24.641944], [-81.576365, 24.632618], [-81.577889, 24.637958]]], [[[-81.72624, 24.63665], [-81.725013, 24.642084], [-81.722289, 24.637015], [-81.72624, 24.63665]]], [[[-81.730169, 24.642501], [-81.726458, 24.640521], [-81.726578, 24.637713], [-81.730169, 24.642501]]], [[[-81.72793, 24.647011], [-81.728369, 24.644858], [-81.730796, 24.644285], [-81.72793, 24.647011]]], [[[-81.579819, 24.654596], [-81.569572, 24.656248], [-81.571481, 24.649575], [-81.55947, 24.649455], [-81.565987, 24.645474], [-81.5550552, 24.6386944], [-81.566264, 24.64521], [-81.5661797, 24.6353523], [-81.584192, 24.650807], [-81.574343, 24.648997], [-81.579819, 24.654596]]], [[[-81.736833, 24.648197], [-81.733262, 24.650268], [-81.732405, 24.646784], [-81.736833, 24.648197]]], [[[-81.59033, 24.652117], [-81.586504, 24.646623], [-81.597253, 24.6544], [-81.59033, 24.652117]]], [[[-81.545403, 24.653693], [-81.545259, 24.651755], [-81.555982, 24.650715], [-81.545403, 24.653693]]], [[[-81.582126, 24.654612], [-81.590023, 24.651814], [-81.586199, 24.654964], [-81.582126, 24.654612]]], [[[-81.752896, 24.652265], [-81.754805, 24.653752], [-81.749703, 24.655762], [-81.752896, 24.652265]]], [[[-81.573916, 24.656451], [-81.575446, 24.660465], [-81.569952, 24.656529], [-81.573916, 24.656451]]], [[[-81.5086982, 24.6315548], [-81.5170552, 24.6310579], [-81.515437, 24.644476], [-81.519025, 24.634655], [-81.5261, 24.64111], [-81.518489, 24.650863], [-81.528342, 24.657087], [-81.532633, 24.651648], [-81.524797, 24.648844], [-81.544133, 24.647428], [-81.535217, 24.652249], [-81.542631, 24.662892], [-81.535581, 24.667207], [-81.564223, 24.671405], [-81.5661291, 24.6867965], [-81.552504, 24.683555], [-81.556215, 24.693228], [-81.53437, 24.668952], [-81.527803, 24.670371], [-81.50898, 24.645217], [-81.5086982, 24.6315548]]], [[[-81.612293, 24.666458], [-81.608164, 24.658498], [-81.624391, 24.667422], [-81.612293, 24.666458]]], [[[-81.562668, 24.669896], [-81.574524, 24.661632], [-81.580249, 24.671695], [-81.562668, 24.669896]]], [[[-81.481462, 24.647983], [-81.47529, 24.657135], [-81.4939706, 24.665337], [-81.5092708, 24.6565297], [-81.5059945, 24.6635988], [-81.521296, 24.670392], [-81.5093091, 24.6981234], [-81.507461, 24.687289], [-81.516974, 24.676265], [-81.499766, 24.679385], [-81.512604, 24.680492], [-81.502014, 24.688548], [-81.5089819, 24.7023951], [-81.483754, 24.687341], [-81.467099, 24.662879], [-81.474792, 24.662448], [-81.473221, 24.649086], [-81.481462, 24.647983]]], [[[-81.69576, 24.67272], [-81.69385, 24.675605], [-81.6890863, 24.6751505], [-81.69576, 24.67272]]], [[[-81.629157, 24.668113], [-81.659959, 24.678169], [-81.662531, 24.684517], [-81.629157, 24.668113]]], [[[-81.693519, 24.681254], [-81.688928, 24.676255], [-81.6972637, 24.6771558], [-81.693519, 24.681254]]], [[[-81.5267462, 24.6860093], [-81.5237608, 24.6789913], [-81.528793, 24.684063], [-81.5267462, 24.6860093]]], [[[-81.63327, 24.687807], [-81.635543, 24.683018], [-81.638941, 24.685816], [-81.63327, 24.687807]]], [[[-81.667603, 24.689797], [-81.6622786, 24.6899914], [-81.66385, 24.685816], [-81.667603, 24.689797]]], [[[-81.528651, 24.696418], [-81.527273, 24.690829], [-81.528424, 24.690218], [-81.528651, 24.696418]]], [[[-81.669591, 24.693073], [-81.671609, 24.699767], [-81.6644942, 24.6933933], [-81.669591, 24.693073]]], [[[-81.538787, 24.699618], [-81.541596, 24.696392], [-81.540155, 24.699464], [-81.538787, 24.699618]]], [[[-81.516268, 24.694399], [-81.513855, 24.702838], [-81.50888, 24.6994783], [-81.5104635, 24.6961421], [-81.516268, 24.694399]]], [[[-81.498234, 24.712682], [-81.500762, 24.710464], [-81.502742, 24.715602], [-81.498234, 24.712682]]], [[[-81.574278, 24.722697], [-81.59317, 24.710682], [-81.586803, 24.723698], [-81.574278, 24.722697]]], [[[-81.561181, 24.726992], [-81.560156, 24.717072], [-81.564538, 24.723116], [-81.561181, 24.726992]]], [[[-81.497688, 24.742373], [-81.493148, 24.757333], [-81.489242, 24.742112], [-81.497688, 24.742373]]], [[[-81.567124, 24.751795], [-81.57141, 24.75615], [-81.565737, 24.758919], [-81.567124, 24.751795]]], [[[-81.5639397, 24.7576013], [-81.558707, 24.760962], [-81.556977, 24.759112], [-81.5639397, 24.7576013]]], [[[-81.502721, 24.783962], [-81.498076, 24.786207], [-81.497617, 24.783901], [-81.502721, 24.783962]]], [[[-81.492809, 24.792755], [-81.489594, 24.793065], [-81.491754, 24.781745], [-81.492809, 24.792755]]], [[[-81.480006, 24.616307], [-81.480212, 24.617958], [-81.467147, 24.6107], [-81.480006, 24.616307]]], [[[-81.3851859, 24.6285077], [-81.381216, 24.626254], [-81.398227, 24.623108], [-81.3851859, 24.6285077]]], [[[-81.3766444, 24.6275446], [-81.3718377, 24.6337455], [-81.368256, 24.631792], [-81.3766444, 24.6275446]]], [[[-81.364312, 24.634706], [-81.362214, 24.630831], [-81.3660421, 24.6320972], [-81.364312, 24.634706]]], [[[-81.441716, 24.636031], [-81.440873, 24.632971], [-81.444312, 24.632921], [-81.441716, 24.636031]]], [[[-81.3104096, 24.6482145], [-81.3194878, 24.6490296], [-81.300668, 24.65612], [-81.3104096, 24.6482145]]], [[[-81.4407031, 24.6505733], [-81.4434591, 24.6560618], [-81.4523238, 24.6605562], [-81.4427416, 24.6564933], [-81.4407031, 24.6505733]]], [[[-81.4071525, 24.6615526], [-81.4071438, 24.6479253], [-81.406424, 24.643389], [-81.400335, 24.640508], [-81.424783, 24.646937], [-81.41754, 24.6708741], [-81.403587, 24.66377], [-81.402498, 24.659008], [-81.403151, 24.650072], [-81.4062754, 24.6480063], [-81.4071525, 24.6615526]]], [[[-81.4372179, 24.6570086], [-81.4439405, 24.6426965], [-81.4404175, 24.6502978], [-81.442586, 24.6566017], [-81.4500318, 24.6609395], [-81.4431064, 24.6608396], [-81.464056, 24.662263], [-81.444706, 24.668927], [-81.446568, 24.676282], [-81.453056, 24.671921], [-81.443996, 24.686456], [-81.4372179, 24.6570086]]], [[[-81.453978, 24.669922], [-81.461623, 24.666866], [-81.464648, 24.670802], [-81.453978, 24.669922]]], [[[-81.388844, 24.649788], [-81.395812, 24.6554], [-81.3996127, 24.6900569], [-81.387695, 24.676891], [-81.3941545, 24.675569], [-81.387112, 24.674286], [-81.388844, 24.649788]]], [[[-81.449575, 24.681424], [-81.45986, 24.67693], [-81.454462, 24.684908], [-81.449575, 24.681424]]], [[[-81.410501, 24.6759], [-81.419924, 24.680812], [-81.417916, 24.688404], [-81.410501, 24.6759]]], [[[-81.455614, 24.69234], [-81.466776, 24.673191], [-81.462966, 24.691679], [-81.455614, 24.69234]]], [[[-81.3976988, 24.6637999], [-81.4135507, 24.6974623], [-81.419902, 24.704998], [-81.404014, 24.69187], [-81.3976988, 24.6637999]]], [[[-81.327606, 24.681093], [-81.343477, 24.704307], [-81.31934, 24.701431], [-81.314814, 24.673458], [-81.321991, 24.689864], [-81.327606, 24.681093]]], [[[-81.370177, 24.708054], [-81.355866, 24.700819], [-81.3617231, 24.6947768], [-81.355439, 24.684017], [-81.3475913, 24.6797767], [-81.3517415, 24.6762002], [-81.3393977, 24.6723167], [-81.327975, 24.645703], [-81.332522, 24.639718], [-81.3653188, 24.6358654], [-81.341106, 24.639777], [-81.336029, 24.644271], [-81.347095, 24.645876], [-81.337506, 24.653305], [-81.3459825, 24.6540728], [-81.338284, 24.658646], [-81.357148, 24.660342], [-81.3748093, 24.651363], [-81.3638771, 24.6679224], [-81.3705746, 24.665544], [-81.373752, 24.673775], [-81.3684959, 24.6738903], [-81.374198, 24.67459], [-81.3684918, 24.6746958], [-81.374506, 24.675394], [-81.3684892, 24.675488], [-81.374783, 24.676159], [-81.3684945, 24.6763069], [-81.393531, 24.703044], [-81.399455, 24.721951], [-81.3891796, 24.7235761], [-81.400703, 24.722111], [-81.3961416, 24.7272985], [-81.402117, 24.730755], [-81.395705, 24.745541], [-81.387007, 24.727216], [-81.368102, 24.717849], [-81.372305, 24.709171], [-81.364031, 24.711828], [-81.370177, 24.708054]]], [[[-81.484233, 24.69719], [-81.475556, 24.698574], [-81.478278, 24.709518], [-81.484678, 24.708955], [-81.479334, 24.714737], [-81.462779, 24.693292], [-81.467555, 24.680469], [-81.484233, 24.69719]]], [[[-81.35245, 24.701343], [-81.355984, 24.709127], [-81.3472265, 24.6927596], [-81.3589284, 24.6916735], [-81.35245, 24.701343]]], [[[-81.453216, 24.696079], [-81.455412, 24.712474], [-81.449908, 24.692781], [-81.453216, 24.696079]]], [[[-81.4276283, 24.7055036], [-81.4541795, 24.7220039], [-81.4525661, 24.7462581], [-81.420741, 24.699608], [-81.42452, 24.691444], [-81.418059, 24.699932], [-81.4181223, 24.6903547], [-81.4259747, 24.6881434], [-81.4332743, 24.7053258], [-81.4276404, 24.6991096], [-81.4276283, 24.7055036]]], [[[-81.303326, 24.730913], [-81.300723, 24.714187], [-81.311831, 24.727825], [-81.325418, 24.728716], [-81.322067, 24.739678], [-81.33002, 24.74968], [-81.303326, 24.730913]]], [[[-81.366811, 24.742332], [-81.361733, 24.73712], [-81.359523, 24.728654], [-81.366811, 24.742332]]], [[[-81.342268, 24.738436], [-81.331237, 24.741273], [-81.332658, 24.731705], [-81.342268, 24.738436]]], [[[-81.403556, 24.754494], [-81.407084, 24.729567], [-81.432847, 24.74962], [-81.427752, 24.749103], [-81.426262, 24.752317], [-81.4265353, 24.7543938], [-81.4321786, 24.7552073], [-81.4278442, 24.7571997], [-81.405664, 24.744128], [-81.403556, 24.754494]]], [[[-81.390116, 24.759324], [-81.373669, 24.738817], [-81.393928, 24.75617], [-81.390116, 24.759324]]], [[[-81.299666, 24.744258], [-81.314345, 24.751816], [-81.3067, 24.757382], [-81.299666, 24.744258]]], [[[-81.426521, 24.752367], [-81.4336565, 24.7519873], [-81.4311862, 24.7544571], [-81.426521, 24.752367]]], [[[-81.4514771, 24.7662943], [-81.445882, 24.7500143], [-81.4577347, 24.7717302], [-81.4514771, 24.7662943]]], [[[-81.327344, 24.761862], [-81.324221, 24.76706], [-81.317836, 24.756181], [-81.327344, 24.761862]]], [[[-81.4157152, 24.7664964], [-81.4177922, 24.7776262], [-81.398238, 24.761752], [-81.4157152, 24.7664964]]], [[[-81.371306, 24.778759], [-81.368269, 24.769643], [-81.371745, 24.775169], [-81.371306, 24.778759]]], [[[-81.294138, 24.780581], [-81.287758, 24.776352], [-81.285716, 24.769238], [-81.294084, 24.772647], [-81.294138, 24.780581]]], [[[-81.461862, 24.782116], [-81.458208, 24.782183], [-81.458563, 24.778709], [-81.461862, 24.782116]]], [[[-81.488559, 24.783403], [-81.483984, 24.789868], [-81.485544, 24.783327], [-81.488559, 24.783403]]], [[[-81.411387, 24.791139], [-81.403704, 24.788126], [-81.410326, 24.787192], [-81.411387, 24.791139]]], [[[-81.473391, 24.799924], [-81.468276, 24.79737], [-81.4709433, 24.795171], [-81.473391, 24.799924]]], [[[-81.464984, 24.80008], [-81.4677302, 24.7961336], [-81.468742, 24.80249], [-81.464984, 24.80008]]], [[[-81.2856082, 25.6750624], [-81.2893332, 25.6715272], [-81.290964, 25.6721074], [-81.2856082, 25.6750624]]], [[[-81.2907051, 25.6876211], [-81.2936341, 25.6967768], [-81.2832353, 25.6925921], [-81.2907051, 25.6876211]]], [[[-81.337589, 25.6933752], [-81.3425156, 25.694342], [-81.3409449, 25.6974589], [-81.337589, 25.6933752]]], [[[-81.3504979, 25.7085646], [-81.3549096, 25.6954712], [-81.3513648, 25.6901189], [-81.3565747, 25.6975826], [-81.3504979, 25.7085646]]], [[[-81.2842867, 25.6953862], [-81.2942431, 25.7000421], [-81.2874838, 25.7038123], [-81.2842867, 25.6953862]]], [[[-81.337752, 25.6976754], [-81.3401725, 25.7018595], [-81.3357093, 25.7050845], [-81.337752, 25.6976754]]], [[[-81.3486154, 25.7340243], [-81.354778, 25.7386632], [-81.3536451, 25.7395292], [-81.3486154, 25.7340243]]], [[[-81.3485038, 25.7453121], [-81.3438089, 25.7449797], [-81.3439977, 25.7434567], [-81.3485038, 25.7453121]]], [[[-81.3089359, 25.7845949], [-81.2938053, 25.7956733], [-81.2969381, 25.7977984], [-81.2933504, 25.7976052], [-81.2928783, 25.7992357], [-81.2937023, 25.8015926], [-81.2840979, 25.7985016], [-81.2795145, 25.7801704], [-81.273884, 25.7807191], [-81.284836, 25.7627175], [-81.2853596, 25.7692336], [-81.2893421, 25.7684529], [-81.2881405, 25.7694578], [-81.288604, 25.7732065], [-81.2904579, 25.7736084], [-81.28881, 25.7747755], [-81.2962772, 25.7761359], [-81.2965776, 25.7688394], [-81.2894794, 25.7721631], [-81.2885782, 25.7697051], [-81.2895567, 25.7688471], [-81.2892992, 25.76768], [-81.2857887, 25.7691254], [-81.2955305, 25.7501557], [-81.286235, 25.7521734], [-81.2848703, 25.7608623], [-81.2712404, 25.7440096], [-81.2950756, 25.7262111], [-81.2867157, 25.7113797], [-81.2999349, 25.6931582], [-81.3064765, 25.7055162], [-81.3180022, 25.7048366], [-81.314878, 25.7120287], [-81.3234353, 25.7199086], [-81.3346791, 25.7156556], [-81.3459315, 25.7217026], [-81.3487785, 25.7270036], [-81.3353216, 25.7239842], [-81.3274681, 25.7352576], [-81.3428047, 25.7326016], [-81.3351057, 25.758547], [-81.3514907, 25.7672509], [-81.3502548, 25.7766652], [-81.3540313, 25.7746556], [-81.3524177, 25.7581682], [-81.3604257, 25.7721746], [-81.3767765, 25.766903], [-81.3643911, 25.7710229], [-81.3677127, 25.7792853], [-81.3570526, 25.7729088], [-81.3540313, 25.780491], [-81.3404164, 25.7721193], [-81.3452251, 25.7792699], [-81.3392599, 25.7845485], [-81.3352172, 25.7783965], [-81.3089359, 25.7845949]]], [[[-81.361696, 25.7475309], [-81.3571985, 25.7493477], [-81.3574045, 25.7461394], [-81.361696, 25.7475309]]], [[[-81.3423669, 25.7481108], [-81.3446243, 25.7523317], [-81.3391054, 25.7524864], [-81.3423669, 25.7481108]]], [[[-81.3577135, 25.7506851], [-81.3585031, 25.7555012], [-81.3562114, 25.7519452], [-81.3577135, 25.7506851]]], [[[-81.3492763, 25.7521771], [-81.3537137, 25.7487138], [-81.3509328, 25.75823], [-81.3492763, 25.7521771]]], [[[-81.3714206, 25.7610747], [-81.3764074, 25.7540866], [-81.3788278, 25.7602244], [-81.3714206, 25.7610747]]], [[[-81.3683565, 25.7587402], [-81.3687856, 25.7642285], [-81.3596704, 25.7625434], [-81.3683565, 25.7587402]]], [[[-81.3802008, 25.7825486], [-81.3741068, 25.7801914], [-81.3740467, 25.7764197], [-81.3802008, 25.7825486]]], [[[-81.3455938, 25.7813893], [-81.3464324, 25.7859247], [-81.3430348, 25.7854387], [-81.3455938, 25.7813893]]], [[[-81.3586654, 25.7840503], [-81.3653173, 25.786933], [-81.3623647, 25.789862], [-81.3586654, 25.7840503]]], [[[-81.413342, 25.7852834], [-81.41747, 25.7861658], [-81.4189854, 25.7887728], [-81.413342, 25.7852834]]], [[[-81.3438753, 25.7863868], [-81.3458856, 25.7900993], [-81.3409332, 25.785756], [-81.3433798, 25.7840445], [-81.342787, 25.785351], [-81.3438753, 25.7863868]]], [[[-81.3548717, 25.7865775], [-81.3584165, 25.7842512], [-81.3594636, 25.7880381], [-81.3627939, 25.7907276], [-81.3600816, 25.7940738], [-81.3548717, 25.7865775]]], [[[-81.3465551, 25.7898288], [-81.3520054, 25.7890405], [-81.3488296, 25.7921936], [-81.3465551, 25.7898288]]], [[[-81.3666648, 25.8002096], [-81.3620042, 25.7946379], [-81.3679351, 25.7838107], [-81.3637895, 25.781894], [-81.3892555, 25.7906039], [-81.380166, 25.7899006], [-81.3805608, 25.7993827], [-81.375823, 25.7873812], [-81.3669996, 25.7875744], [-81.3666648, 25.8002096]]], [[[-81.347104, 25.7961835], [-81.3541936, 25.7867475], [-81.3586911, 25.7971572], [-81.347104, 25.7961835]]], [[[-81.3468555, 25.7915135], [-81.3452677, 25.7948211], [-81.3422207, 25.7897979], [-81.3468555, 25.7915135]]], [[[-81.34020768093866, 25.803342867439838], [-81.30884037578454, 25.8036238666157], [-81.3110058, 25.79463], [-81.2975218, 25.7934786], [-81.3098028, 25.7853214], [-81.3308656, 25.785901], [-81.34020768093866, 25.803342867439838]]], [[[-81.4183202, 25.7961955], [-81.4219508, 25.7931816], [-81.4222942, 25.7954227], [-81.4183202, 25.7961955]]], [[[-81.2972986, 25.7979298], [-81.3005344, 25.796307], [-81.2971441, 25.798803], [-81.2933247, 25.799398], [-81.2972986, 25.7979298]]], [[[-81.4022390241647, 25.803221492282685], [-81.4052285, 25.7924973], [-81.4060038342316, 25.803226159002676], [-81.4022390241647, 25.803221492282685]]], [[[-81.3979501, 25.7999855], [-81.3926973, 25.795488], [-81.3898992, 25.797219], [-81.3943281, 25.7926596], [-81.40032342702939, 25.80321911777898], [-81.3911523, 25.8012759], [-81.3979501, 25.7999855]]], [[[-81.4580341, 25.7981274], [-81.45617154592678, 25.803288332467734], [-81.4512121, 25.7988687], [-81.4580341, 25.7981274]]], [[[-81.299144, 25.797783], [-81.3093235, 25.7990966], [-81.29928126617513, 25.803709500428006], [-81.299144, 25.797783]]], [[[-81.43014651561622, 25.803256081041553], [-81.4340366, 25.7989231], [-81.43779548186302, 25.803265559995747], [-81.43014651561622, 25.803256081041553]]], [[[-81.38979767329383, 25.80320607044205], [-81.3876676, 25.7997227], [-81.39059897049322, 25.803207063700565], [-81.38979767329383, 25.80320607044205]]], [[[-81.4120575, 25.8007408], [-81.41319602799933, 25.803235074181362], [-81.41241532325114, 25.80323410644849], [-81.4120575, 25.8007408]]], [[[-81.382142, 25.8015361], [-81.37801517855583, 25.803191465295228], [-81.37755030551033, 25.803190889055713], [-81.382142, 25.8015361]]], [[[-81.281559, 24.654284], [-81.259086, 24.675177], [-81.249741, 24.6685098], [-81.281559, 24.654284]]], [[[-81.2451188, 24.669069], [-81.246904, 24.67578], [-81.2430887, 24.6730528], [-81.2451188, 24.669069]]], [[[-81.2339875, 24.6792955], [-81.2310219, 24.6819271], [-81.228337, 24.6824145], [-81.2339875, 24.6792955]]], [[[-81.23198, 24.781186], [-81.230407, 24.782348], [-81.226087, 24.775853], [-81.23198, 24.781186]]], [[[-81.273374, 24.785064], [-81.271179, 24.783296], [-81.270439, 24.778132], [-81.273374, 24.785064]]], [[[-81.1140227, 25.3212182], [-81.1178336, 25.3237009], [-81.116529, 25.325175], [-81.1140227, 25.3212182]]], [[[-81.1089844, 25.3358187], [-81.1002211, 25.3269593], [-81.1103234, 25.3208148], [-81.1207518, 25.3312185], [-81.1089844, 25.3358187]]], [[[-81.1350026, 25.3430486], [-81.1149919, 25.3349189], [-81.1431358, 25.3282162], [-81.1518683, 25.3247794], [-81.1350026, 25.3430486]]], [[[-81.108315, 25.3365092], [-81.097981, 25.3374556], [-81.0996203, 25.3304815], [-81.108315, 25.3365092]]], [[[-81.111952, 25.3378308], [-81.1197025, 25.3409337], [-81.1164939, 25.3405585], [-81.111952, 25.3378308]]], [[[-81.1106989, 25.3421283], [-81.1091539, 25.3377997], [-81.1120979, 25.3424618], [-81.1106989, 25.3421283]]], [[[-81.1048601, 25.3485248], [-81.1009548, 25.3419081], [-81.1173141, 25.345104], [-81.1048601, 25.3485248]]], [[[-81.1085594, 25.355079], [-81.1080959, 25.3510379], [-81.1158893, 25.3520075], [-81.1085594, 25.355079]]], [[[-81.1130872, 25.3544892], [-81.1156974, 25.3592833], [-81.1084447, 25.3563981], [-81.1130872, 25.3544892]]], [[[-81.1032519, 25.3604235], [-81.1155086, 25.3603382], [-81.1244181, 25.3609307], [-81.1224694, 25.3663954], [-81.1032519, 25.3604235]]], [[[-81.0981193, 25.3620987], [-81.1101442, 25.3651855], [-81.100059, 25.364472], [-81.0981193, 25.3620987]]], [[[-81.0954585, 25.3697147], [-81.096334, 25.3609431], [-81.0999904, 25.3646426], [-81.1166244, 25.3696915], [-81.1137233, 25.3691331], [-81.1070113, 25.3707152], [-81.0954585, 25.3697147]]], [[[-81.1203228, 25.3686204], [-81.1152931, 25.3672399], [-81.1203399, 25.3667125], [-81.1203228, 25.3686204]]], [[[-81.1132246, 25.370947], [-81.1189409, 25.3689073], [-81.1233011, 25.3719086], [-81.1132246, 25.370947]]], [[[-81.1099544, 25.372467], [-81.1188122, 25.3733666], [-81.1146923, 25.3745919], [-81.1099544, 25.372467]]], [[[-81.1153532, 25.3761351], [-81.1215759, 25.3759568], [-81.1216016, 25.3766159], [-81.1153532, 25.3761351]]], [[[-81.1156021, 25.3798575], [-81.099526, 25.3794465], [-81.1179195, 25.3787098], [-81.1156021, 25.3798575]]], [[[-81.1483036, 25.4080734], [-81.1409822, 25.409469], [-81.1380468, 25.4048792], [-81.1483036, 25.4080734]]], [[[-81.1363302, 25.4258107], [-81.1144777, 25.4295082], [-81.1400552, 25.414074], [-81.1510244, 25.4190355], [-81.1454368, 25.4183301], [-81.1369997, 25.4225937], [-81.1364246, 25.4231751], [-81.1365448, 25.423679], [-81.1387678, 25.424834], [-81.1363302, 25.4258107]]], [[[-81.1368366, 25.4228495], [-81.1515308, 25.4223146], [-81.1363817, 25.4264618], [-81.1389738, 25.4249193], [-81.1368366, 25.4228495]]], [[[-81.146853, 25.4275626], [-81.1418663, 25.4272448], [-81.1476942, 25.4242603], [-81.146853, 25.4275626]]], [[[-81.1226488, 25.4328026], [-81.1193014, 25.435934], [-81.1182371, 25.4335467], [-81.1226488, 25.4328026]]], [[[-81.1141172, 25.4299966], [-81.1189666, 25.4356395], [-81.1004787, 25.4428246], [-81.0930887, 25.4335544], [-81.0911747, 25.4322367], [-81.1141172, 25.4299966]]], [[[-81.1676625, 25.4719076], [-81.1599377, 25.4704974], [-81.1672677, 25.4673745], [-81.1676625, 25.4719076]]], [[[-81.1331843, 25.4944854], [-81.1112975, 25.5045875], [-81.1065768, 25.5064079], [-81.1029118, 25.5103973], [-81.0823983, 25.5026043], [-81.0928525, 25.4944312], [-81.098483, 25.4935557], [-81.1056327, 25.4899609], [-81.1072205, 25.4875979], [-81.1362056, 25.4841888], [-81.1609591, 25.4749606], [-81.1632165, 25.4891164], [-81.1331843, 25.4944854]]], [[[-81.1125249, 25.5159745], [-81.1125163, 25.5152542], [-81.1121558, 25.5149598], [-81.1035298, 25.5105213], [-81.106697, 25.5066558], [-81.1232966, 25.5040607], [-81.1335963, 25.4946868], [-81.16368, 25.4898292], [-81.1730956, 25.4785869], [-81.1672248, 25.4776571], [-81.1887511, 25.480493], [-81.2097281, 25.5066791], [-81.2038487, 25.5335023], [-81.1974372, 25.5289947], [-81.1940898, 25.5403949], [-81.186777, 25.5381723], [-81.1884507, 25.5508648], [-81.1394585, 25.5589799], [-81.136609, 25.5615738], [-81.1359738, 25.5678919], [-81.127777, 25.5577875], [-81.1156234, 25.5536448], [-81.0885094, 25.5524213], [-81.0899085, 25.5441122], [-81.0813941, 25.5389467], [-81.0921572, 25.5237589], [-81.1125249, 25.5159745]]], [[[-81.2000207, 25.5424084], [-81.2054023, 25.5393882], [-81.2087496, 25.552127], [-81.2000207, 25.5424084]]], [[[-81.1173142, 25.5578959], [-81.1172541, 25.5618371], [-81.1135205, 25.5581437], [-81.1173142, 25.5578959]]], [[[-81.1137007, 25.5629676], [-81.1077784, 25.566297], [-81.1073493, 25.5622707], [-81.1137007, 25.5629676]]], [[[-81.1276568, 25.5580507], [-81.1363858, 25.5715231], [-81.1169022, 25.5709657], [-81.114971, 25.5624488], [-81.1237086, 25.5620616], [-81.1276568, 25.5580507]]], [[[-81.1008347, 25.5679616], [-81.1005515, 25.56169], [-81.1061133, 25.5618061], [-81.1008347, 25.5679616]]], [[[-81.152994, 25.5626966], [-81.1477841, 25.5716935], [-81.137699, 25.5698972], [-81.1376818, 25.5608615], [-81.152994, 25.5626966]]], [[[-81.1498612, 25.5735826], [-81.1443337, 25.5754252], [-81.1495007, 25.5728316], [-81.1498612, 25.5735826]]], [[[-81.1225671, 25.576633], [-81.1161298, 25.5741323], [-81.1162585, 25.5725684], [-81.1225671, 25.576633]]], [[[-81.1092461, 25.5791878], [-81.1091603, 25.5728239], [-81.1171855, 25.5755104], [-81.1092461, 25.5791878]]], [[[-81.1319226, 25.5783207], [-81.127674, 25.5754717], [-81.1321801, 25.5745581], [-81.1319226, 25.5783207]]], [[[-81.1307896, 25.5837941], [-81.1229104, 25.5784523], [-81.1362141, 25.5817271], [-81.1307896, 25.5837941]]], [[[-81.1438187, 25.5873629], [-81.1391152, 25.5873474], [-81.1419219, 25.5824316], [-81.1438187, 25.5873629]]], [[[-81.1261548, 25.5850947], [-81.1173142, 25.5907149], [-81.1140183, 25.5893292], [-81.1261548, 25.5850947]]], [[[-81.2368496, 25.5866201], [-81.2373045, 25.5898095], [-81.2341717, 25.589105], [-81.2368496, 25.5866201]]], [[[-81.1288928, 25.5919766], [-81.1238803, 25.5897008], [-81.1315707, 25.5869604], [-81.1288928, 25.5919766]]], [[[-81.1385144, 25.5931997], [-81.1315449, 25.5893756], [-81.1372269, 25.5864185], [-81.1385144, 25.5931997]]], [[[-81.1176714, 25.5994225], [-81.1052603, 25.5907915], [-81.1193537, 25.5937408], [-81.1176714, 25.5994225]]], [[[-81.2504194, 25.6078605], [-81.245982, 25.6128759], [-81.243716, 25.6125895], [-81.2504194, 25.6078605]]], [[[-81.1330694, 25.6121473], [-81.1257137, 25.6170232], [-81.1228899, 25.6178668], [-81.1221346, 25.6164118], [-81.1330694, 25.6121473]]], [[[-81.2625798, 25.6295528], [-81.2708625, 25.6272854], [-81.2693776, 25.6298082], [-81.2625798, 25.6295528]]], [[[-81.2302235, 25.6574557], [-81.1941988, 25.6890748], [-81.1906025, 25.6804348], [-81.1742849, 25.6779428], [-81.1714182, 25.6698745], [-81.1851597, 25.6686831], [-81.1781216, 25.6497902], [-81.1608009, 25.6649852], [-81.1638393, 25.6507651], [-81.1505004, 25.6552339], [-81.1562975, 25.640186], [-81.1457403, 25.6399926], [-81.151182, 25.6318675], [-81.1444786, 25.6314032], [-81.1431053, 25.6184638], [-81.1321018, 25.6152906], [-81.1631243, 25.5583448], [-81.2072748, 25.5535057], [-81.2166365, 25.5631924], [-81.2138997, 25.5517179], [-81.2259319, 25.5574548], [-81.2334764, 25.5721429], [-81.2186363, 25.5739236], [-81.2338799, 25.5845996], [-81.2307899, 25.5940206], [-81.2416046, 25.5943147], [-81.2329271, 25.6030848], [-81.2514322, 25.6206462], [-81.2452009, 25.6265665], [-81.2552345, 25.6360229], [-81.2511318, 25.6422288], [-81.2726753, 25.6482331], [-81.2669933, 25.6673661], [-81.2822353, 25.6876284], [-81.2165475, 25.7204621], [-81.2010324, 25.6844927], [-81.2276657, 25.6611384], [-81.2448707, 25.6581934], [-81.2438089, 25.6648161], [-81.2527419, 25.6660793], [-81.2525493, 25.6548772], [-81.2278283, 25.6606624], [-81.2441021, 25.6544036], [-81.2361071, 25.6486784], [-81.2407958, 25.6534607], [-81.2303558, 25.6561423], [-81.238797, 25.6404773], [-81.2253101, 25.6398711], [-81.233334, 25.6474308], [-81.228978, 25.6477789], [-81.2302235, 25.6574557]]], [[[-81.270366, 25.6451756], [-81.273885, 25.6408425], [-81.2733915, 25.647729], [-81.270366, 25.6451756]]], [[[-81.2787846, 25.6526347], [-81.2739781, 25.6537953], [-81.2773255, 25.647621], [-81.2787846, 25.6526347]]], [[[-81.2869815, 25.6544297], [-81.2892732, 25.6576947], [-81.2876681, 25.6597062], [-81.2869815, 25.6544297]]], [[[-81.2757977, 25.6660965], [-81.2859515, 25.6649128], [-81.2843808, 25.6688196], [-81.2757977, 25.6660965]]], [[[-81.1889561, 25.7028398], [-81.1944064, 25.6967222], [-81.1977795, 25.6955388], [-81.1889561, 25.7028398]]], [[[-81.1877802, 25.7055311], [-81.1985262, 25.7044639], [-81.1881579, 25.7100088], [-81.1877802, 25.7055311]]], [[[-81.1977366, 25.7164041], [-81.2088259, 25.7272143], [-81.1929816, 25.7262014], [-81.1977366, 25.7164041]]], [[[-81.2530357, 25.7459578], [-81.2523748, 25.7253683], [-81.2412426, 25.7143724], [-81.2747509, 25.6979385], [-81.2860977, 25.7046283], [-81.2834885, 25.7140089], [-81.2881405, 25.726505], [-81.2641079, 25.7460892], [-81.2530357, 25.7459578]]], [[[-81.2112051, 25.7261429], [-81.2205092, 25.7228334], [-81.2181317, 25.7237459], [-81.2112051, 25.7261429]]], [[[-81.2100876, 25.7250956], [-81.2099761, 25.7273225], [-81.2071522, 25.7238971], [-81.2100876, 25.7250956]]], [[[-81.2254771, 25.7223429], [-81.2241623, 25.7315154], [-81.2138111, 25.7288092], [-81.2254771, 25.7223429]]], [[[-81.2273724, 25.724742], [-81.2342646, 25.7151612], [-81.2508299, 25.7253992], [-81.2422039, 25.742989], [-81.2273724, 25.724742]]], [[[-81.2562801, 25.750921], [-81.2616446, 25.7488337], [-81.2616188, 25.7497614], [-81.2562801, 25.750921]]], [[[-81.2423584, 25.7528923], [-81.2373974, 25.7571518], [-81.240659, 25.7525367], [-81.2279989, 25.7462825], [-81.2423584, 25.7528923]]], [[[-81.2631025, 25.7599566], [-81.2643471, 25.7477965], [-81.272501, 25.7500694], [-81.2674284, 25.7527055], [-81.2631025, 25.7599566]]], [[[-81.2483408, 25.7602284], [-81.2416889, 25.7561932], [-81.2496283, 25.7586283], [-81.2483408, 25.7602284]]], [[[-81.2676344, 25.7571196], [-81.2803116, 25.7648342], [-81.2726641, 25.7769616], [-81.2614374, 25.7625616], [-81.2676344, 25.7571196]]], [[[-81.2553446, 25.7753398], [-81.2550442, 25.7639388], [-81.2536022, 25.7551419], [-81.2561428, 25.7559613], [-81.2553446, 25.7753398]]], [[[-81.2616032, 25.7769222], [-81.268504, 25.7780351], [-81.2605818, 25.7861502], [-81.2541789, 25.7797355], [-81.2616032, 25.7769222]]], [[[-81.2633713, 25.7898289], [-81.2732247, 25.7832907], [-81.2740143, 25.7887779], [-81.2633713, 25.7898289]]], [[[-81.26791466670704, 25.803990493282082], [-81.2799522, 25.7987489], [-81.28707464611419, 25.80381885155525], [-81.26791466670704, 25.803990493282082]]], [[[-81.2629114645901, 25.804035313698265], [-81.2638603, 25.8012538], [-81.26630064358551, 25.804004952259824], [-81.2629114645901, 25.804035313698265]]], [[[-81.115973, 24.699071], [-81.090065, 24.700944], [-81.097411, 24.696522], [-81.087431, 24.696017], [-81.108008, 24.68836], [-81.115973, 24.699071]]], [[[-81.08178, 24.704513], [-81.083286, 24.703241], [-81.087902, 24.702448], [-81.08178, 24.704513]]], [[[-81.058588, 24.7306675], [-81.0446562, 24.7305978], [-81.050432, 24.732284], [-81.0442248, 24.7310656], [-81.0414625, 24.7433315], [-81.0420229, 24.7329199], [-81.030623, 24.736856], [-81.0299306, 24.7282197], [-81.070625, 24.716263], [-81.077836, 24.691229], [-81.0879166, 24.6935006], [-81.084738, 24.700565], [-81.081151, 24.694323], [-81.075326, 24.713185], [-81.0881875, 24.7027056], [-81.086841, 24.697432], [-81.088294, 24.70247], [-81.092133, 24.703053], [-81.0769256, 24.7146265], [-81.1081138, 24.7034257], [-81.1247101, 24.7073438], [-81.0817087, 24.7155286], [-81.07734, 24.723805], [-81.0636051, 24.7206987], [-81.058588, 24.7306675]]], [[[-81.0390769, 25.2363584], [-81.0376092, 25.233346], [-81.0464583, 25.2377714], [-81.0349313, 25.2394173], [-81.0390769, 25.2363584]]], [[[-81.0539234, 25.2625512], [-81.0405596, 25.2517535], [-81.0369804, 25.2626211], [-81.0348261, 25.2517457], [-81.0510052, 25.2437808], [-81.0701883, 25.2581267], [-81.0539234, 25.2625512]]], [[[-81.059643, 25.2641188], [-81.0657799, 25.2675341], [-81.058613, 25.2689623], [-81.059643, 25.2641188]]], [[[-81.0504532, 25.2686328], [-81.042471, 25.2768678], [-81.041956, 25.2716521], [-81.0504532, 25.2686328]]], [[[-81.0652765, 25.2799224], [-81.0733875, 25.2815677], [-81.0628389, 25.2819868], [-81.0653537, 25.2683112], [-81.0652765, 25.2799224]]], [[[-81.061766, 25.2742256], [-81.0577491, 25.2795498], [-81.0459217, 25.2776716], [-81.061766, 25.2742256]]], [[[-81.0567934, 25.2829482], [-81.0513003, 25.2859284], [-81.0556175, 25.279999], [-81.0567934, 25.2829482]]], [[[-81.0489686, 25.2878074], [-81.0580839, 25.2871865], [-81.0632337, 25.2826775], [-81.0604871, 25.2879936], [-81.0489686, 25.2878074]]], [[[-81.050917, 25.293325], [-81.0742029, 25.2845945], [-81.0754903, 25.2918195], [-81.0664352, 25.2958859], [-81.050917, 25.293325]]], [[[-81.0495544, 25.2938191], [-81.0449539, 25.2928801], [-81.0480781, 25.2910641], [-81.0495544, 25.2938191]]], [[[-81.0489799, 25.3032726], [-81.0318223, 25.2924552], [-81.059271, 25.2957921], [-81.0489799, 25.3032726]]], [[[-81.0609619, 25.2995246], [-81.0532972, 25.3003239], [-81.0602323, 25.2971113], [-81.0609619, 25.2995246]]], [[[-81.079184, 25.3019835], [-81.0740428, 25.3027595], [-81.0735707, 25.2994383], [-81.079184, 25.3019835]]], [[[-81.0596057, 25.3005334], [-81.0665923, 25.3044598], [-81.05855, 25.3033502], [-81.0596057, 25.3005334]]], [[[-81.0720687, 25.3037682], [-81.0598807, 25.308067], [-81.0573573, 25.3056538], [-81.0667987, 25.3045675], [-81.0687041, 25.3018438], [-81.0720687, 25.3037682]]], [[[-81.0432802, 25.3126593], [-81.0439068, 25.308772], [-81.0524898, 25.3040233], [-81.0432802, 25.3126593]]], [[[-81.0698199, 25.3115663], [-81.0606875, 25.3121483], [-81.0616402, 25.3075316], [-81.0698199, 25.3115663]]], [[[-81.1009936, 25.3163613], [-81.0889945, 25.3098981], [-81.1057744, 25.3083928], [-81.1009936, 25.3163613]]], [[[-81.0565926, 25.3110144], [-81.0629097, 25.3198129], [-81.0537258, 25.3173069], [-81.0565926, 25.3110144]]], [[[-81.0440613, 25.3169733], [-81.053537, 25.3183078], [-81.0630041, 25.3214655], [-81.0440613, 25.3169733]]], [[[-81.1037358, 25.3213954], [-81.0980582, 25.3249345], [-81.0959811, 25.3214277], [-81.1037358, 25.3213954]]], [[[-81.0626865, 25.3245533], [-81.0643602, 25.3215043], [-81.05788, 25.3263532], [-81.0626865, 25.3245533]]], [[[-81.0627724, 25.3225594], [-81.0579229, 25.3258179], [-81.0571075, 25.3233508], [-81.0627724, 25.3225594]]], [[[-81.0898971, 25.3212009], [-81.0924206, 25.3229], [-81.0907812, 25.3290755], [-81.0898971, 25.3212009]]], [[[-81.0932774, 25.3229251], [-81.0981269, 25.3259896], [-81.0914149, 25.3295272], [-81.0932774, 25.3229251]]], [[[-81.0491244, 25.3281273], [-81.0538709, 25.3311296], [-81.0530641, 25.3325803], [-81.0491244, 25.3281273]]], [[[-81.0875969, 25.3294944], [-81.085228, 25.3331949], [-81.0831852, 25.327904], [-81.0875969, 25.3294944]]], [[[-81.0498711, 25.3346748], [-81.0473306, 25.3344731], [-81.0514161, 25.3336353], [-81.0515277, 25.3372658], [-81.0498711, 25.3346748]]], [[[-81.0897255, 25.3416815], [-81.0902061, 25.3330475], [-81.0965061, 25.3385631], [-81.0897255, 25.3416815]]], [[[-81.0589005, 25.3411135], [-81.0545575, 25.3363815], [-81.0666167, 25.3338215], [-81.0589005, 25.3411135]]], [[[-81.044481, 25.3350472], [-81.0476996, 25.336428], [-81.0465152, 25.3400197], [-81.044481, 25.3350472]]], [[[-81.0522487, 25.3410669], [-81.0509269, 25.3374287], [-81.0543, 25.3387397], [-81.0522487, 25.3410669]]], [[[-81.0502402, 25.3439293], [-81.0431849, 25.3390423], [-81.0376918, 25.3373822], [-81.0420262, 25.3347291], [-81.0460345, 25.3405782], [-81.0502402, 25.3439293]]], [[[-81.0969035, 25.3436069], [-81.0893504, 25.3458409], [-81.1006973, 25.3397284], [-81.0969035, 25.3436069]]], [[[-81.0795829, 25.3484084], [-81.0695665, 25.3485636], [-81.0717552, 25.3458875], [-81.0795829, 25.3484084]]], [[[-81.021196, 25.3493848], [-81.0452715, 25.3438232], [-81.0629955, 25.3484308], [-81.0558544, 25.3539534], [-81.0545412, 25.3532243], [-81.0525413, 25.3548919], [-81.021196, 25.3493848]]], [[[-81.1034009, 25.3527056], [-81.0971353, 25.3467873], [-81.1074779, 25.3506113], [-81.1034009, 25.3527056]]], [[[-81.0906894, 25.3497581], [-81.0877712, 25.3521083], [-81.097307, 25.351131], [-81.0906894, 25.3497581]]], [[[-81.0740726, 25.3570103], [-81.0665624, 25.3531089], [-81.0830419, 25.3506734], [-81.0740726, 25.3570103]]], [[[-81.0969894, 25.3548696], [-81.0931957, 25.3565682], [-81.0920713, 25.3546214], [-81.0983112, 25.3512629], [-81.1012208, 25.3572973], [-81.0969894, 25.3548696]]], [[[-81.0524298, 25.3551014], [-81.0568844, 25.3559623], [-81.0646177, 25.3516032], [-81.0682054, 25.3572498], [-81.0626522, 25.3623533], [-81.0611244, 25.3616087], [-81.0577341, 25.3618259], [-81.0555111, 25.3604531], [-81.0546184, 25.3618569], [-81.0523096, 25.3601506], [-81.0510565, 25.3614846], [-81.0453144, 25.3591113], [-81.0377956, 25.3616242], [-81.0335298, 25.358483], [-81.0302769, 25.3583202], [-81.0302511, 25.3568543], [-81.0280024, 25.3564587], [-81.0262428, 25.3582271], [-81.0248867, 25.3574049], [-81.023625, 25.3577695], [-81.0230242, 25.3583202], [-81.021608, 25.3562493], [-81.0192305, 25.3556365], [-81.0184236, 25.3561174], [-81.0211531, 25.3494547], [-81.0400959, 25.3548454], [-81.0524298, 25.3551014]]], [[[-81.0960367, 25.3599033], [-81.0931098, 25.3569405], [-81.0969722, 25.3552574], [-81.0960367, 25.3599033]]], [[[-81.0906379, 25.3626722], [-81.0824668, 25.3622611], [-81.0859773, 25.3513715], [-81.0906379, 25.3626722]]], [[[-81.0736692, 25.358166], [-81.0780723, 25.3551256], [-81.0651033, 25.3674729], [-81.0648973, 25.3606091], [-81.0736692, 25.358166]]], [[[-81.0608326, 25.3617638], [-81.0468851, 25.3694031], [-81.0368343, 25.3623998], [-81.04522, 25.3592044], [-81.0508591, 25.3615932], [-81.051374, 25.3615311], [-81.0522324, 25.3602514], [-81.0543524, 25.3619577], [-81.0608326, 25.3617638]]], [[[-81.0470188, 25.3722579], [-81.044976, 25.3730335], [-81.0615585, 25.36382], [-81.0470188, 25.3722579]]], [[[-81.0860086, 25.3696449], [-81.0904117, 25.371894], [-81.0620275, 25.3727082], [-81.0877157, 25.3648124], [-81.0860086, 25.3696449]]], [[[-81.0881114, 25.3684739], [-81.0952354, 25.3702498], [-81.0865836, 25.3697225], [-81.0881114, 25.3684739]]], [[[-81.0589204, 25.3736931], [-81.0607305, 25.3705437], [-81.0617528, 25.3730262], [-81.0686793, 25.3751976], [-81.0589204, 25.3736931]]], [[[-81.0728023, 25.372454], [-81.0808618, 25.3731985], [-81.0755403, 25.376254], [-81.0728023, 25.372454]]], [[[-81.1101901, 25.3737702], [-81.1021392, 25.3751428], [-81.0842006, 25.3731575], [-81.1101901, 25.3737702]]], [[[-81.1028734, 25.3775931], [-81.1013628, 25.3757319], [-81.1042896, 25.377438], [-81.1028734, 25.3775931]]], [[[-81.0756433, 25.3767326], [-81.081454, 25.3788807], [-81.0710084, 25.376182], [-81.0756433, 25.3767326]]], [[[-81.0935562, 25.3804549], [-81.0757463, 25.3820678], [-81.0642278, 25.3763448], [-81.0761754, 25.3792917], [-81.082072, 25.3790047], [-81.0842178, 25.3773685], [-81.0935562, 25.3804549]]], [[[-81.08899, 25.3815039], [-81.1006458, 25.3808293], [-81.0990837, 25.3816823], [-81.08899, 25.3815039]]], [[[-81.0212827, 25.4183766], [-81.0076185, 25.4149811], [-81.01397, 25.3876351], [-81.0407406, 25.3736458], [-81.0587221, 25.3717923], [-81.0586629, 25.3738638], [-81.0599589, 25.3748099], [-81.0595586, 25.377035], [-81.0731846, 25.3825328], [-81.0868917, 25.3839596], [-81.1406272, 25.3811778], [-81.1495965, 25.3874898], [-81.148661, 25.4005627], [-81.1369653, 25.4048249], [-81.1415315, 25.4111125], [-81.1257559, 25.4218573], [-81.0929943, 25.4262913], [-81.0887027, 25.4304694], [-81.0618978, 25.4232294], [-81.0569711, 25.4232836], [-81.045796, 25.4280742], [-81.0419164, 25.4276634], [-81.0212827, 25.4183766]]], [[[-81.1097828, 25.4247642], [-81.0935865, 25.4310818], [-81.0910373, 25.4283145], [-81.1097828, 25.4247642]]], [[[-81.0579754, 25.4238418], [-81.0812011, 25.4315779], [-81.0656057, 25.4387554], [-81.0316683, 25.4290586], [-81.0454269, 25.4288571], [-81.0579754, 25.4238418]]], [[[-81.0506205, 25.4792835], [-81.1087793, 25.4684974], [-81.1101526, 25.4665756], [-81.1171478, 25.4664826], [-81.1456436, 25.477021], [-81.1071486, 25.4869386], [-81.0928577, 25.4936402], [-81.081159, 25.5021853], [-81.0485004, 25.4971962], [-81.0230516, 25.4977462], [-81.002066, 25.4873414], [-81.0127348, 25.4868378], [-81.0212149, 25.4737666], [-81.0289568, 25.4773077], [-81.03451, 25.4762616], [-81.0433764, 25.4785861], [-81.0459513, 25.4779895], [-81.0482258, 25.4789426], [-81.0497021, 25.4786326], [-81.0552467, 25.48456], [-81.0506205, 25.4792835]]], [[[-81.078833, 25.502193], [-81.0671515, 25.5114346], [-81.0582508, 25.5241842], [-81.039883, 25.5241687], [-81.0422949, 25.5229527], [-81.0416168, 25.5190644], [-81.034716, 25.5131542], [-81.0363554, 25.5054466], [-81.078833, 25.502193]]], [[[-81.0919427, 25.5236195], [-81.0810508, 25.5373281], [-81.0574988, 25.5299551], [-81.0792912, 25.5024959], [-81.112379, 25.5154091], [-81.0919427, 25.5236195]]], [[[-81.0323385, 25.5213184], [-81.0399775, 25.5194052], [-81.0420546, 25.5225731], [-81.0388445, 25.5228365], [-81.0323385, 25.5213184]]], [[[-81.0568689, 25.5260585], [-81.0485176, 25.5335402], [-81.0463633, 25.5295439], [-81.0568689, 25.5260585]]], [[[-81.03027, 25.5428724], [-81.0350336, 25.5349575], [-81.0300383, 25.5317512], [-81.04711, 25.5323475], [-81.0401749, 25.5385046], [-81.0473847, 25.5380631], [-81.0486549, 25.5509415], [-81.03027, 25.5428724]]], [[[-81.0657867, 25.5452033], [-81.0549807, 25.5507634], [-81.0535044, 25.5436777], [-81.0513758, 25.5506163], [-81.0487494, 25.5407814], [-81.0765156, 25.5383806], [-81.0777258, 25.545242], [-81.0639071, 25.5520411], [-81.0657867, 25.5452033]]], [[[-81.0864667, 25.5627275], [-81.1022509, 25.5572145], [-81.1136321, 25.5625185], [-81.1035556, 25.5605518], [-81.0864667, 25.5627275]]], [[[-81.0649628, 25.5637334], [-81.0633663, 25.5594205], [-81.0726103, 25.5616196], [-81.0649628, 25.5637334]]], [[[-81.0786013, 25.5620764], [-81.0838026, 25.5646702], [-81.074387, 25.5624248], [-81.0786013, 25.5620764]]], [[[-81.0526976, 25.568348], [-81.0499167, 25.5662962], [-81.0539679, 25.5669776], [-81.0526976, 25.568348]]], [[[-81.0502342, 25.5703998], [-81.0572294, 25.5650729], [-81.0570149, 25.5709262], [-81.0502342, 25.5703998]]], [[[-80.950224, 25.4382886], [-80.9471348, 25.4491819], [-80.9349125, 25.4496315], [-80.9465539, 25.4500172], [-80.9429405, 25.4537528], [-80.9515064, 25.4459018], [-80.9535148, 25.4471574], [-80.9593599, 25.4461576], [-80.9607541, 25.4446076], [-80.959192, 25.4548379], [-80.9780919, 25.4293226], [-80.9822032, 25.4372832], [-80.9958246, 25.4275785], [-81.0142781, 25.432927], [-81.0306812, 25.4296322], [-81.063726, 25.4399723], [-81.0886942, 25.4315624], [-81.0995603, 25.4430571], [-81.0917412, 25.4446537], [-81.0896726, 25.4481104], [-81.0807205, 25.4485211], [-81.087072, 25.4492652], [-81.0900589, 25.4480716], [-81.0918527, 25.4447389], [-81.0945297, 25.4454729], [-81.0892692, 25.4528922], [-81.0952922, 25.4452977], [-81.1129242, 25.4411814], [-81.1233183, 25.432632], [-81.1404157, 25.4287796], [-81.1306396, 25.437492], [-81.1303135, 25.4406699], [-81.1340385, 25.4359573], [-81.1366392, 25.4370889], [-81.1421581, 25.4334847], [-81.1463638, 25.4355387], [-81.1496425, 25.4327018], [-81.1463896, 25.4351357], [-81.142613, 25.4332521], [-81.1385189, 25.434252], [-81.1359783, 25.4366161], [-81.1411281, 25.4291284], [-81.1544576, 25.4280742], [-81.1600452, 25.4402203], [-81.1119629, 25.4501177], [-81.146853, 25.4526365], [-81.1509214, 25.4497147], [-81.1369396, 25.4482189], [-81.1634956, 25.4445297], [-81.1668649, 25.4662544], [-81.14636, 25.4766455], [-81.1175123, 25.4664016], [-81.1100622, 25.4665333], [-81.0995822, 25.469323], [-81.0843559, 25.4681839], [-81.0510106, 25.4790475], [-81.0495515, 25.4785051], [-81.0477147, 25.4787221], [-81.0459123, 25.4778775], [-81.0437236, 25.4784741], [-81.0348573, 25.4760799], [-81.0294843, 25.4770097], [-81.0143695, 25.4695322], [-81.0194335, 25.4742977], [-81.0127559, 25.4864779], [-81.002954, 25.4872527], [-80.9996753, 25.4817749], [-80.9753166, 25.4704931], [-80.9891525, 25.4781487], [-80.9759689, 25.4849128], [-80.9769645, 25.4861215], [-80.9536872, 25.4857341], [-80.9779601, 25.4878105], [-80.9719177, 25.4881824], [-80.9386583, 25.4978357], [-80.9274831, 25.5026543], [-80.9722781, 25.4883993], [-80.9937272, 25.4916921], [-81.0004993, 25.4874386], [-81.023974, 25.501438], [-81.0392948, 25.501957], [-81.0343166, 25.5066438], [-81.0341535, 25.5132901], [-81.0370031, 25.5186348], [-81.0310035, 25.5203156], [-81.0333467, 25.5265739], [-80.9962936, 25.5331882], [-81.0214506, 25.5330797], [-81.0127387, 25.5373316], [-81.013803, 25.5407082], [-81.0252598, 25.5309235], [-81.0317142, 25.5303891], [-81.0295942, 25.5312953], [-81.031328, 25.5362752], [-81.0242298, 25.5399151], [-81.0295341, 25.5435704], [-81.0212601, 25.5453748], [-81.0382889, 25.5506251], [-81.0148743, 25.5543575], [-81.009527, 25.5490918], [-81.006995, 25.5490531], [-81.0034245, 25.5509426], [-81.0081881, 25.5455374], [-80.9956482, 25.5507413], [-80.9950731, 25.5442751], [-80.9843185, 25.5524371], [-80.9931677, 25.5460872], [-80.9911077, 25.5549847], [-80.9969528, 25.5512756], [-81.0034588, 25.5512291], [-81.0076902, 25.5492157], [-81.013295, 25.5541949], [-81.0144966, 25.5545356], [-81.0183933, 25.554613], [-81.0198267, 25.5539626], [-81.0215519, 25.5550312], [-81.0449322, 25.551051], [-81.0608194, 25.5646403], [-81.0203674, 25.5591041], [-81.0165909, 25.5604205], [-81.0157326, 25.5593829], [-81.009939, 25.5605676], [-81.0047033, 25.5651823], [-80.9981287, 25.5650739], [-81.0024717, 25.5661889], [-81.0046776, 25.5653682], [-81.0067204, 25.5640829], [-81.0097931, 25.560978], [-81.0156467, 25.5596384], [-81.0155609, 25.5619381], [-81.0272511, 25.5617987], [-81.0187281, 25.5671645], [-81.0478848, 25.566065], [-81.0486143, 25.5729558], [-81.0530603, 25.5803417], [-81.0405291, 25.5895231], [-81.0626219, 25.5781972], [-81.05179, 25.5770591], [-81.0596178, 25.5710435], [-81.0574892, 25.5665141], [-81.07917, 25.5715777], [-81.0678753, 25.5776879], [-81.0850065, 25.5775623], [-81.079007, 25.5781585], [-81.0728271, 25.582401], [-81.0879934, 25.5792269], [-81.0978983, 25.5702924], [-81.1078718, 25.5755339], [-81.0914438, 25.5809378], [-81.1070736, 25.5758668], [-81.1131161, 25.5892908], [-81.1088846, 25.5885399], [-81.1034515, 25.5917912], [-81.1035202, 25.5931923], [-81.1080864, 25.5978832], [-81.1183947, 25.6022489], [-81.1325739, 25.5986728], [-81.1233557, 25.6049115], [-81.1308573, 25.6081933], [-81.1054428, 25.6101902], [-81.122772, 25.6179994], [-81.1256645, 25.6171326], [-81.1313808, 25.6211261], [-81.1371916, 25.6207623], [-81.1323421, 25.6265975], [-81.1433113, 25.623115], [-81.1444185, 25.6333378], [-81.1080606, 25.6391182], [-81.1112965, 25.6441477], [-81.1425045, 25.6348313], [-81.1458948, 25.6451072], [-81.1524119, 25.6487839], [-81.1497891, 25.6539118], [-81.1505275, 25.6553678], [-81.1520033, 25.6555621], [-81.1522093, 25.6583628], [-81.1646633, 25.6682963], [-81.1650753, 25.6771461], [-81.192259, 25.6847201], [-81.1798222, 25.6928338], [-81.1880276, 25.7025325], [-81.1775637, 25.7086717], [-81.1805763, 25.7164668], [-81.1828079, 25.7069085], [-81.1967136, 25.7159113], [-81.1891262, 25.7233347], [-81.1846115, 25.7230718], [-81.181247, 25.7261415], [-81.185281, 25.7232574], [-81.1886541, 25.7240847], [-81.1921732, 25.7218423], [-81.1935293, 25.7298917], [-81.1998519, 25.7280015], [-81.1993904, 25.7332461], [-81.2008495, 25.7351636], [-81.1999549, 25.7280324], [-81.2113649, 25.7289097], [-81.2031252, 25.7392935], [-81.2117769, 25.7371054], [-81.2093823, 25.7463753], [-81.213279, 25.7384662], [-81.2120859, 25.7298994], [-81.2177078, 25.7421309], [-81.2137167, 25.744543], [-81.2207548, 25.7429349], [-81.2211325, 25.7384739], [-81.2273809, 25.7480993], [-81.2214575, 25.7537878], [-81.2298615, 25.7491507], [-81.2304194, 25.7599888], [-81.2442209, 25.7616043], [-81.2261622, 25.7599115], [-81.2287199, 25.7651987], [-81.2481091, 25.7616739], [-81.2511818, 25.7690017], [-81.2416632, 25.7723795], [-81.2521002, 25.7699756], [-81.2506153, 25.7722945], [-81.2553961, 25.7757108], [-81.2581856, 25.775448], [-81.2545635, 25.7765455], [-81.2539198, 25.779838], [-81.2552845, 25.7823035], [-81.2542116, 25.784823], [-81.2668545, 25.7933781], [-81.25729853410368, 25.80406061752771], [-80.8733911, 25.8052273], [-80.87349, 25.46276920674224], [-80.9051614, 25.4417162], [-80.9056526, 25.4448692], [-80.9125033, 25.4476369], [-80.9284916, 25.4397147], [-80.9375382, 25.4435901], [-80.9493485, 25.439738], [-80.950224, 25.4382886]]], [[[-81.0196691, 24.7290402], [-81.0172986, 24.7208239], [-81.0117969, 24.7218365], [-81.0236576, 24.7162157], [-81.0298293, 24.7226154], [-81.0181497, 24.7218585], [-81.0196691, 24.7290402]]], [[[-80.9917459, 24.7329535], [-81.0171565, 24.7259051], [-81.0044383, 24.7341348], [-80.9917459, 24.7329535]]], [[[-80.9974708, 24.7344687], [-81.0129363, 24.7342516], [-81.0252408, 24.7268944], [-81.0289215, 24.7303025], [-80.9934848, 24.7432201], [-80.994364, 24.748686], [-80.9913374, 24.7438308], [-80.988672, 24.760175], [-80.9824401, 24.7471285], [-80.954112, 24.76958], [-80.954377, 24.762748], [-80.9234153, 24.7770526], [-80.9974708, 24.7344687]]], [[[-80.9753323, 24.9726371], [-80.9747394, 24.964889], [-80.9761048, 24.9735416], [-80.9753323, 24.9726371]]], [[[-80.9978199, 24.9974938], [-81.0032273, 24.9892088], [-81.0046006, 25.0076062], [-80.9978199, 24.9974938]]], [[[-80.9009423, 25.1394494], [-80.9233942, 25.14242], [-81.0018931, 25.1242198], [-81.050374, 25.1284271], [-81.0891261, 25.1167976], [-81.1169781, 25.1500939], [-81.1416115, 25.1566589], [-81.1406103, 25.1828526], [-81.171619, 25.223064], [-81.166648, 25.2692923], [-81.1453978, 25.3271023], [-81.1183135, 25.3283558], [-81.1180316, 25.3204267], [-81.1090709, 25.3193793], [-81.1065818, 25.3080979], [-81.0937072, 25.3050717], [-81.0971576, 25.2946658], [-81.0815192, 25.2876039], [-81.0927287, 25.2765135], [-81.0674859, 25.2785624], [-81.0673657, 25.2602659], [-81.0708762, 25.2585815], [-81.0700436, 25.2554687], [-81.0471869, 25.2357111], [-81.0290938, 25.2263475], [-81.0216265, 25.2272249], [-81.0180045, 25.2121221], [-81.0073786, 25.2222555], [-80.9995079, 25.2115863], [-80.9880925, 25.2151894], [-80.979621, 25.2116794], [-80.9822731, 25.2065308], [-80.9695444, 25.209078], [-80.9625063, 25.2023761], [-80.9547129, 25.2140867], [-80.9308949, 25.2098002], [-80.9206639, 25.2154612], [-80.9029398, 25.2455787], [-80.8940271, 25.2432222], [-80.8864911, 25.2467856], [-80.8856157, 25.2494871], [-80.8875469, 25.2502013], [-80.8865512, 25.2523439], [-80.8746635, 25.2405201], [-80.8591796, 25.2527938], [-80.86196404413923, 25.257354766093183], [-80.8483993, 25.2438429], [-80.8462278, 25.2520485], [-80.86197380869197, 25.261260626263212], [-80.8608499, 25.2822849], [-80.8674103, 25.2879921], [-80.8869651, 25.2934682], [-80.8951705, 25.2826112], [-80.8973591, 25.2833252], [-80.9112208, 25.2820834], [-80.9020309, 25.2868896], [-80.8913107, 25.3076165], [-80.9075928, 25.2905758], [-80.9105711, 25.2987007], [-80.9217395, 25.2883766], [-80.9045826, 25.3170751], [-80.9043336, 25.3248025], [-80.9157835, 25.3334449], [-80.9175773, 25.3333983], [-80.9085222, 25.3411557], [-80.9009433, 25.3416444], [-80.8985916, 25.3439017], [-80.9015613, 25.341691], [-80.9061962, 25.3424046], [-80.9110799, 25.3400387], [-80.9050035, 25.3474462], [-80.9038019, 25.3533644], [-80.9143158, 25.3378201], [-80.9360141, 25.3333513], [-80.9489546, 25.3211169], [-80.9564118, 25.3197829], [-80.9356389, 25.3341432], [-80.942368, 25.3328399], [-80.9344373, 25.3438321], [-80.9459987, 25.3469581], [-80.9507794, 25.3436537], [-80.9526076, 25.3365015], [-80.9665484, 25.3333673], [-80.9573903, 25.3431183], [-80.9726682, 25.3279213], [-80.9779897, 25.3301944], [-80.9629607, 25.3398138], [-80.9645057, 25.3431183], [-80.9568152, 25.3467331], [-80.9624371, 25.3497272], [-80.9815945, 25.3418539], [-80.9408679, 25.3751352], [-80.9883671, 25.3391833], [-80.9863501, 25.346568], [-80.9943924, 25.3466378], [-80.9931136, 25.3539367], [-80.9979544, 25.3603511], [-81.0000744, 25.3614757], [-81.0006752, 25.3612973], [-81.001525, 25.3620186], [-81.0053187, 25.3607854], [-81.0004435, 25.3668814], [-81.0060053, 25.3615687], [-81.0087777, 25.3643686], [-81.0149489, 25.3649658], [-81.0078593, 25.365687], [-81.006958, 25.3733881], [-81.0153866, 25.3671994], [-81.0220299, 25.3706738], [-81.0355826, 25.3690839], [-81.0394707, 25.3726979], [-81.0005379, 25.3940226], [-80.9909077, 25.3854234], [-80.963605, 25.3934489], [-80.9697333, 25.3929371], [-80.9671498, 25.4073041], [-80.9564896, 25.4100176], [-80.9763937, 25.4156305], [-80.9582148, 25.4236927], [-80.9640084, 25.4320102], [-80.9521809, 25.4287778], [-80.9564295, 25.4328318], [-80.9377613, 25.4325837], [-80.9521036, 25.4339635], [-80.9426966, 25.4393892], [-80.9331179, 25.4380095], [-80.9253159, 25.4401875], [-80.9227893, 25.4418467], [-80.9202037, 25.4402019], [-80.9128127, 25.4471624], [-80.9060152, 25.4449818], [-80.919164, 25.4290869], [-80.9486648, 25.4189163], [-80.9188213, 25.4285696], [-80.8671457, 25.4610607], [-80.87349, 25.46276920674224], [-80.8732028, 25.9791962], [-80.873357, 26.0161776], [-80.885639, 26.958919], [-80.1420121, 26.9563215], [-80.1415259, 26.9708713], [-80.022754, 26.970392], [-79.974306, 26.792415], [-79.982476, 26.569247], [-80.006149, 26.432809], [-80.015276, 26.320956], [-80.07236864210007, 26.320736410797515], [-80.0806058, 26.2588837], [-80.07697262049234, 26.32071870301756], [-80.08684357178737, 26.320680737454172], [-80.0818637, 26.3158655], [-80.0878673, 26.3206768], [-80.08861500094794, 26.322816124779234], [-80.0807688, 26.2928425], [-80.0939011, 26.29021], [-80.0806939, 26.2863105], [-80.0950658, 26.2858733], [-80.0885588, 26.279588], [-80.0845757, 26.2846468], [-80.0863679, 26.2791772], [-80.0809789, 26.2847525], [-80.0813743, 26.2765496], [-80.0909194, 26.2797033], [-80.0913421, 26.2715988], [-80.0877037, 26.2705754], [-80.0958591, 26.2662801], [-80.0824277, 26.2657341], [-80.0926301, 26.2639067], [-80.08996, 26.2523513], [-80.1000053, 26.252404], [-80.0902519, 26.2521027], [-80.0913414, 26.2461693], [-80.0960611, 26.2461176], [-80.0971018, 26.2442315], [-80.0958907, 26.2240079], [-80.1063411, 26.2210564], [-80.0967652, 26.2203657], [-80.1028403, 26.1972302], [-80.1073918, 26.2028827], [-80.1100714, 26.1968567], [-80.1101415, 26.1910518], [-80.1031718, 26.1913053], [-80.1104346, 26.1291773], [-80.1188073, 26.1376109], [-80.1265726, 26.1161512], [-80.1313953, 26.1189012], [-80.1481462, 26.1195707], [-80.1595407, 26.108984], [-80.1610609, 26.0994031], [-80.1682967, 26.0979142], [-80.1535641, 26.100078], [-80.1605402, 26.1000099], [-80.1535965, 26.1028078], [-80.1591581, 26.1088107], [-80.147872, 26.1189485], [-80.1281046, 26.1163944], [-80.1233132, 26.1076015], [-80.1298755, 26.1036787], [-80.12001, 26.103358], [-80.1302086, 26.1023665], [-80.1198776, 26.1025388], [-80.1238375, 26.0905228], [-80.1142653, 26.0861733], [-80.1154344, 26.078741], [-80.1265119, 26.0842996], [-80.1158182, 26.0782154], [-80.1227185, 26.0727697], [-80.1154029, 26.0727872], [-80.1153821, 26.0650609], [-80.1277356, 26.0605305], [-80.117528, 26.0633457], [-80.1154772, 26.052842], [-80.1289456, 26.0525477], [-80.1258066, 26.0454951], [-80.1348035, 26.0451209], [-80.1271326, 26.0451165], [-80.1330014, 26.0399368], [-80.1254351, 26.0394281], [-80.1258355, 26.021009], [-80.1179868, 26.0195337], [-80.1315351, 26.0157855], [-80.1185109, 26.0149287], [-80.1312429, 26.0083055], [-80.1193121, 26.0055911], [-80.1303871, 26.0039932], [-80.1296688, 25.9943371], [-80.127148, 25.9874932], [-80.1218796, 25.9888752], [-80.1223896, 25.9849975], [-80.1299845, 25.9845324], [-80.1319759, 25.9807113], [-80.1238042, 25.9745459], [-80.295187, 25.97057], [-80.123775, 25.9741324], [-80.1333738, 25.9669492], [-80.124297, 25.9673326], [-80.1246423, 25.9605585], [-80.128593, 25.9598729], [-80.1328797, 25.950903], [-80.1412344, 25.950476], [-80.1345786, 25.9487329], [-80.1424918, 25.9483979], [-80.1353986, 25.9481867], [-80.1336208, 25.9385461], [-80.1440665, 25.9448541], [-80.1403737, 25.9386068], [-80.1504139, 25.934571], [-80.1400925, 25.9274876], [-80.1401838, 25.9380409], [-80.1322579, 25.9380249], [-80.1367692, 25.9331167], [-80.1311448, 25.9332278], [-80.1363612, 25.9322181], [-80.1283052, 25.9133073], [-80.1316324, 25.9057194], [-80.1305617, 25.9136474], [-80.138814, 25.914102], [-80.1349438, 25.9048409], [-80.1427676, 25.9005039], [-80.1612755, 25.8988624], [-80.1601483, 25.8962959], [-80.1541745, 25.8951377], [-80.1612126, 25.8927364], [-80.1493594, 25.8934931], [-80.1612297, 25.8898727], [-80.15062, 25.8898479], [-80.1647145, 25.8814317], [-80.1647054, 25.8718584], [-80.1773332, 25.8713438], [-80.1647581, 25.8716251], [-80.1756229, 25.8587251], [-80.1730361, 25.8455707], [-80.1794185, 25.8471871], [-80.1856069, 25.8464379], [-80.1880102, 25.8478514], [-80.1857442, 25.8462525], [-80.1796417, 25.8469091], [-80.174486, 25.8415686], [-80.1783082, 25.8215192], [-80.1835744, 25.8213888], [-80.1847296, 25.8202697], [-80.1891688, 25.757735], [-80.243002, 25.7231673], [-80.2498039, 25.7145652], [-80.2457364, 25.7041596], [-80.2607427, 25.7062019], [-80.2450284, 25.6984418], [-80.2491973, 25.6906471], [-80.2629255, 25.6939046], [-80.2676314, 25.6901914], [-80.2592381, 25.6889367], [-80.2680866, 25.6897857], [-80.2588243, 25.683499], [-80.2696809, 25.6827735], [-80.2554336, 25.6783669], [-80.2623605, 25.6799409], [-80.2716628, 25.6397418], [-80.2807769, 25.6272469], [-80.2843523, 25.6355685], [-80.2985998, 25.6270128], [-80.3060487, 25.6145184], [-80.3029467, 25.5687108], [-80.3135741, 25.5370719], [-80.3306443, 25.5304644], [-80.3325858, 25.5041213], [-80.3414779, 25.4986521], [-80.3410987, 25.4684264], [-80.3267384, 25.4633285], [-80.3444029, 25.4630957], [-80.3346794, 25.4630197], [-80.3296578, 25.4363444], [-80.3169434, 25.4391222], [-80.3292661, 25.4283586], [-80.3291056, 25.3977352], [-80.3160808, 25.3846019], [-80.3084654, 25.3903542], [-80.305633, 25.3853527], [-80.3428406, 25.3228367], [-80.3595347, 25.3289268], [-80.3719115, 25.3228134], [-80.3734875, 25.287154], [-80.3877782, 25.2988471], [-80.3897616, 25.2907555], [-80.3978262, 25.2932351], [-80.3911337, 25.2854103], [-80.4060375, 25.2916793], [-80.4073967, 25.2805102], [-80.3985539, 25.2760292], [-80.4006532, 25.2613335], [-80.4107295, 25.2678715], [-80.402168, 25.2717671], [-80.409135, 25.2778076], [-80.4043719, 25.2712171], [-80.4147357, 25.2757167], [-80.4105359, 25.2672989], [-80.4148712, 25.2637875], [-80.4201423, 25.2628747], [-80.414223, 25.2660224], [-80.4172429, 25.2723811], [-80.4186728, 25.2651864], [-80.4258342, 25.2680826], [-80.4229377, 25.257344], [-80.4309256, 25.2683418], [-80.4252545, 25.2546781], [-80.4319912, 25.2428438], [-80.421526, 25.239325], [-80.429946, 25.238242], [-80.430268, 25.223521], [-80.418709, 25.219612], [-80.42141, 25.206598], [-80.396637, 25.191168], [-80.3854576, 25.197634], [-80.3887664, 25.1929267], [-80.392181, 25.183686], [-80.425078, 25.200042], [-80.419427, 25.200256], [-80.424823, 25.211151], [-80.420158, 25.203295], [-80.427896, 25.218181], [-80.431406, 25.217884], [-80.433336, 25.225338], [-80.453828, 25.22427], [-80.4322806, 25.2301827], [-80.4436125, 25.244446], [-80.482473, 25.224878], [-80.4943096, 25.226864], [-80.487215, 25.207126], [-80.5010668, 25.2119977], [-80.4954226, 25.1993275], [-80.5188139, 25.2217099], [-80.5393275, 25.2135178], [-80.5359801, 25.1986074], [-80.55078438186588, 25.21402266009457], [-80.562277, 25.211942], [-80.5644759, 25.1922777], [-80.57557291055863, 25.20095622358755], [-80.57179990531935, 25.198688060676695], [-80.56405774745973, 25.20700507180907], [-80.57354477237622, 25.210181404523585], [-80.577103, 25.212084], [-80.6089533, 25.1829962], [-80.60651279251296, 25.20238251708312], [-80.651633, 25.192479], [-80.6618629697466, 25.175459956492745], [-80.6334233, 25.176156], [-80.64700071291608, 25.171827152968344], [-80.65641, 25.154287], [-80.6517696, 25.1462176], [-80.67329511357191, 25.13855465515246], [-80.6527888, 25.1634163], [-80.657803, 25.169128], [-80.6691181, 25.166951], [-80.667987, 25.170822], [-80.671893, 25.1746461], [-80.67770333163723, 25.164113402689473], [-80.67904446941682, 25.173815180169054], [-80.69833548900975, 25.16134684891886], [-80.70462518949365, 25.140263604974823], [-80.716999, 25.1559635], [-80.72704529798142, 25.15273290725583], [-80.7227754, 25.1613706], [-80.732032, 25.167351], [-80.7294531, 25.1590012], [-80.7459068, 25.1649985], [-80.74726560142584, 25.159002972992145], [-80.7218955, 25.1449862], [-80.72763146199446, 25.144639332419096], [-80.742923, 25.1426], [-80.75153, 25.15139], [-80.7658776, 25.1617508], [-80.77538466668568, 25.141801428756864], [-80.7823141, 25.1649359], [-80.7962187, 25.1608575], [-80.8002885747687, 25.14289326752427], [-80.7936472, 25.1761403], [-80.80818403880325, 25.1839726053681], [-80.812271, 25.175741], [-80.81433813606351, 25.18147937648427], [-80.81017054431742, 25.168020747793342], [-80.8255728, 25.1603525], [-80.8387499, 25.1746776], [-80.8780002, 25.172557], [-80.8999755, 25.1609575], [-80.9009423, 25.1394494]], [[-80.579852, 25.21172], [-80.58131524065872, 25.21085892602356], [-80.577103, 25.212084], [-80.579852, 25.21172]], [[-80.72653804014723, 25.166017416201765], [-80.728755, 25.167031], [-80.732032, 25.167351], [-80.72653804014723, 25.166017416201765]], [[-80.83754, 25.174541], [-80.83794157366422, 25.174628511041067], [-80.833427, 25.172037], [-80.83754, 25.174541]], [[-80.84963864130575, 25.177177539171993], [-80.850609, 25.177389], [-80.85075045743739, 25.1773726045627], [-80.84963864130575, 25.177177539171993]], [[-80.795801, 25.162113], [-80.7962329028954, 25.161315152665626], [-80.79517529510808, 25.162546123332998], [-80.795801, 25.162113]], [[-80.792422, 25.164452], [-80.7941589630272, 25.163249645303164], [-80.782213, 25.165273], [-80.792422, 25.164452]], [[-80.77295, 25.151365], [-80.77309758019469, 25.15171267130919], [-80.77294828707299, 25.151230130191117], [-80.77295, 25.151365]], [[-80.772186, 25.159805], [-80.77183923495501, 25.158366098137858], [-80.77133734397113, 25.160142172798366], [-80.772186, 25.159805]], [[-80.739427, 25.151081], [-80.73932073260266, 25.15111034045566], [-80.743739, 25.1539], [-80.739427, 25.151081]], [[-80.744523, 25.15594], [-80.74673586532148, 25.15823644774388], [-80.743739, 25.1539], [-80.744523, 25.15594]], [[-80.745918, 25.165391], [-80.747279, 25.164815], [-80.7456050597693, 25.16527624331357], [-80.745918, 25.165391]], [[-80.814674, 25.182564], [-80.8146636938881, 25.18253071791723], [-80.81360795054925, 25.182760210150217], [-80.814674, 25.182564]], [[-80.808189, 25.18421], [-80.80818547149448, 25.184041160038444], [-80.80760885660001, 25.184026327500966], [-80.808189, 25.18421]], [[-80.68050212673916, 25.17436774160188], [-80.67992209228905, 25.174362123251743], [-80.680238, 25.174559], [-80.68050212673916, 25.17436774160188]], [[-80.69827603343853, 25.161542848266507], [-80.693166, 25.167282], [-80.697851, 25.162944], [-80.69827603343853, 25.161542848266507]], [[-80.67778605241396, 25.173030922492284], [-80.67753149795412, 25.172095618104635], [-80.677515, 25.172862], [-80.67778605241396, 25.173030922492284]], [[-80.65965066094034, 25.175099528390348], [-80.66143585239361, 25.17501991520105], [-80.660905, 25.174473], [-80.65965066094034, 25.175099528390348]], [[-80.6641980199541, 25.17786566186223], [-80.66415249982035, 25.17820878835789], [-80.664309, 25.17798], [-80.6641980199541, 25.17786566186223]], [[-80.60576587355915, 25.202546459694], [-80.60442715278126, 25.20183212441115], [-80.604916, 25.202733], [-80.60576587355915, 25.202546459694]], [[-80.603936, 25.200927], [-80.605875, 25.196105], [-80.60554537670198, 25.19540939419285], [-80.603936, 25.200927]], [[-80.58309122942937, 25.209004042527493], [-80.5825749222244, 25.210117640570385], [-80.582853, 25.209954], [-80.58309122942937, 25.209004042527493]], [[-80.57321711966736, 25.210262005478175], [-80.56774014262375, 25.21113985484771], [-80.568152, 25.211508], [-80.57321711966736, 25.210262005478175]], [[-80.56513715438338, 25.20881313312945], [-80.56404638824354, 25.20769164904916], [-80.564044, 25.207836], [-80.56513715438338, 25.20881313312945]], [[-80.54961411106085, 25.21403905750831], [-80.54888854743346, 25.213036425573183], [-80.54919, 25.214045], [-80.54961411106085, 25.21403905750831]], [[-80.4949587511509, 25.216243786913385], [-80.49496504701868, 25.21676451020114], [-80.494998, 25.21629], [-80.4949587511509, 25.216243786913385]], [[-80.519176, 25.222375], [-80.51493213947691, 25.218884687958145], [-80.515221, 25.220169], [-80.519176, 25.222375]], [[-80.49580616022689, 25.223587299364794], [-80.49540664401746, 25.225056018070582], [-80.496039, 25.223997], [-80.49580616022689, 25.223587299364794]], [[-80.4932403688871, 25.227336787361164], [-80.490696, 25.227279], [-80.48984144736649, 25.228135221681626], [-80.4932403688871, 25.227336787361164]], [[-80.48858139076498, 25.22843121922975], [-80.48571847126735, 25.22651745404691], [-80.487318, 25.228728], [-80.48858139076498, 25.22843121922975]], [[-80.0989946, 26.3233916], [-80.09850938695543, 26.32303417459247], [-80.0984045, 26.3267381], [-80.0989946, 26.3233916]], [[-80.0978198, 26.3225262], [-80.09764028968237, 26.32265922942703], [-80.09806837206887, 26.32270930714028], [-80.0978198, 26.3225262]], [[-80.0893061, 26.3247935], [-80.09233927281282, 26.32604040951194], [-80.08918618470067, 26.324450397892136], [-80.0893061, 26.3247935]]], [[[-81.0126846, 25.2205809], [-81.0182979, 25.2278254], [-81.0087364, 25.2229725], [-81.0126846, 25.2205809]]], [[[-80.9932107, 25.228496], [-80.9851684, 25.2326887], [-80.9877776, 25.2243187], [-80.9814779, 25.2317338], [-80.9612047, 25.2263454], [-80.9710237, 25.2176644], [-81.0008069, 25.2185806], [-81.005253, 25.2285272], [-81.0150205, 25.2287679], [-80.9989444, 25.2444121], [-80.9906444, 25.238698], [-80.9872111, 25.2441169], [-80.9932107, 25.228496]]], [[[-81.02853, 25.2427117], [-81.0332765, 25.2330847], [-81.0364264, 25.2364775], [-81.02853, 25.2427117]]], [[[-80.9780361, 25.2384031], [-80.9836837, 25.2325025], [-80.9812633, 25.2437056], [-80.9780361, 25.2384031]]], [[[-81.0099665, 25.2492529], [-80.9961378, 25.2543488], [-81.0150978, 25.2292105], [-81.03362, 25.2311282], [-81.0244447, 25.2415474], [-81.0242988, 25.2443577], [-81.0365039, 25.2419588], [-81.0272256, 25.2462908], [-81.0291325, 25.2541669], [-81.0251156, 25.2459847], [-81.0202318, 25.2515586], [-81.0228497, 25.2430268], [-81.0172106, 25.251807], [-81.0169531, 25.2410161], [-81.0089966, 25.256061], [-81.0099665, 25.2492529]]], [[[-81.0369758, 25.2421528], [-81.0339374, 25.2404293], [-81.0399283, 25.2404681], [-81.0362977, 25.2458947], [-81.0369758, 25.2421528]]], [[[-80.9786098, 25.249645], [-80.9710567, 25.2649915], [-80.9653661, 25.2551799], [-80.9786098, 25.249645]]], [[[-81.0021745, 25.269285], [-81.0163623, 25.2518353], [-81.0159246, 25.2559573], [-81.0254861, 25.2506864], [-81.0141736, 25.2717765], [-81.0021745, 25.269285]]], [[[-80.9554125, 25.2632179], [-80.9445463, 25.2656552], [-80.9546915, 25.2618905], [-80.9554125, 25.2632179]]], [[[-81.0225208, 25.2668275], [-81.0249755, 25.264367], [-81.0264604, 25.2669052], [-81.0225208, 25.2668275]]], [[[-80.9708078, 25.2679023], [-80.9766357, 25.2743522], [-80.9694602, 25.2766108], [-80.9708078, 25.2679023]]], [[[-80.9593203, 25.2758667], [-80.9544022, 25.27901], [-80.9521706, 25.2702319], [-80.9593203, 25.2758667]]], [[[-81.0040799, 25.275859], [-81.0113326, 25.2756727], [-81.0083285, 25.2778537], [-81.0040799, 25.275859]]], [[[-80.9937198, 25.2822924], [-81.0014789, 25.2702546], [-81.0041482, 25.271023], [-80.9937198, 25.2822924]]], [[[-81.0096843, 25.2837204], [-81.0104224, 25.2797779], [-81.0130403, 25.2804764], [-81.0096843, 25.2837204]]], [[[-80.9518855, 25.2912994], [-80.9414657, 25.2905777], [-80.9494823, 25.2834069], [-80.9518855, 25.2912994]]], [[[-80.9647138, 25.3035938], [-80.9660013, 25.3156283], [-80.9626109, 25.3111436], [-80.9581563, 25.3126489], [-80.9647138, 25.3035938]]], [[[-80.9542061, 25.3112748], [-80.9556479, 25.306453], [-80.9560513, 25.3107206], [-80.9542061, 25.3112748]]], [[[-80.9669711, 25.3099255], [-80.970782, 25.3114307], [-80.9668596, 25.3117333], [-80.9669711, 25.3099255]]], [[[-80.9513908, 25.3143862], [-80.9513994, 25.3152784], [-80.9493309, 25.3147741], [-80.9462496, 25.317125], [-80.9456745, 25.3192276], [-80.9443355, 25.3180173], [-80.9487987, 25.3122292], [-80.9513908, 25.3143862]]], [[[-80.9514166, 25.3154802], [-80.9494696, 25.3180989], [-80.9495197, 25.3149448], [-80.9514166, 25.3154802]]], [[[-80.958946, 25.320943], [-80.9573152, 25.3199344], [-80.9627654, 25.3140688], [-80.958946, 25.320943]]], [[[-80.9714172, 25.3238679], [-80.9768932, 25.3204464], [-80.9723356, 25.3264358], [-80.9714172, 25.3238679]]], [[[-81.0026142, 25.332833], [-81.0008375, 25.3232596], [-80.9863578, 25.3348578], [-81.0041505, 25.3158968], [-81.0026142, 25.332833]]], [[[-80.9798543, 25.3252333], [-80.9814765, 25.3305941], [-80.9759834, 25.3291124], [-80.9798543, 25.3252333]]], [[[-81.004305, 25.3328408], [-81.0132142, 25.3274335], [-81.0140726, 25.3300868], [-81.004305, 25.3328408]]], [[[-80.9572358, 25.3240423], [-80.9543328, 25.3284723], [-80.9519124, 25.3366411], [-80.9511571, 25.3354232], [-80.9527707, 25.3326848], [-80.9530902, 25.3283946], [-80.9572358, 25.3240423]]], [[[-80.9527297, 25.3274559], [-80.9504275, 25.3337165], [-80.946342, 25.3335924], [-80.9501357, 25.3323977], [-80.9527297, 25.3274559]]], [[[-81.0270144, 25.3281505], [-81.0333402, 25.3339766], [-81.0235297, 25.3291513], [-81.0270144, 25.3281505]]], [[[-80.9546761, 25.3283869], [-80.9673037, 25.3320175], [-80.9530969, 25.3363153], [-80.9546761, 25.3283869]]], [[[-81.0244554, 25.3366349], [-81.0181812, 25.3392103], [-81.0134347, 25.335223], [-81.0181898, 25.3288074], [-81.0244554, 25.3366349]]], [[[-80.9785386, 25.3370919], [-80.9767448, 25.3346173], [-80.9796888, 25.3323598], [-80.9785386, 25.3370919]]], [[[-80.9982513, 25.3363789], [-81.0056671, 25.3386673], [-80.9939254, 25.3388613], [-80.9982513, 25.3363789]]], [[[-81.0181554, 25.3392957], [-81.0215543, 25.3410255], [-81.0048774, 25.3399085], [-81.0139841, 25.3343232], [-81.0132202, 25.3349205], [-81.0134176, 25.3353316], [-81.0181554, 25.3392957]]], [[[-80.9817512, 25.3372424], [-80.9808671, 25.341377], [-80.9762237, 25.3383905], [-80.9817512, 25.3372424]]], [[[-80.990475, 25.3384656], [-80.9938997, 25.3375735], [-80.9932388, 25.341266], [-80.990475, 25.3384656]]], [[[-81.0259931, 25.3387397], [-81.0374858, 25.3378787], [-81.0428416, 25.3394069], [-81.0341727, 25.3452324], [-81.0296494, 25.3394301], [-81.0259931, 25.3387397]]], [[[-80.9462937, 25.3463592], [-80.9445374, 25.3396134], [-80.9524, 25.3368502], [-80.9462937, 25.3463592]]], [[[-80.963701, 25.3398023], [-80.9764211, 25.3398721], [-80.96613, 25.344953], [-80.963701, 25.3398023]]], [[[-81.0244223, 25.3419124], [-81.0222852, 25.3408807], [-81.0282075, 25.3420831], [-81.0277526, 25.3431303], [-81.0269458, 25.3418504], [-81.0244223, 25.3419124]]], [[[-81.0005199, 25.34367], [-81.0027257, 25.3417773], [-81.0059959, 25.3453611], [-81.0005199, 25.34367]]], [[[-81.0280109, 25.3444826], [-81.0199772, 25.3457314], [-81.0266977, 25.341946], [-81.0278307, 25.3432492], [-81.0311352, 25.3416667], [-81.0280109, 25.3444826]]], [[[-81.0105449, 25.3443914], [-81.0156862, 25.345904], [-81.0085451, 25.3463694], [-81.0105449, 25.3443914]]], [[[-81.0205351, 25.346352], [-81.0103899, 25.3473448], [-81.0160547, 25.3459176], [-81.0205351, 25.346352]]], [[[-81.0111452, 25.3479111], [-81.006888, 25.3479809], [-81.0093084, 25.346701], [-81.0111452, 25.3479111]]], [[[-81.0027858, 25.3456325], [-81.0020734, 25.349573], [-80.9980651, 25.3476338], [-81.0027858, 25.3456325]]], [[[-80.9977647, 25.3479906], [-81.0000478, 25.3500616], [-80.9942371, 25.3458885], [-80.9977647, 25.3479906]]], [[[-80.9962541, 25.354064], [-80.9999105, 25.3502323], [-81.0025798, 25.3497591], [-80.999035, 25.3531099], [-81.0014125, 25.3563831], [-80.9962541, 25.354064]]], [[[-81.0167247, 25.3565615], [-81.0060045, 25.3571044], [-81.0024597, 25.357562], [-81.0001422, 25.3540795], [-81.0057813, 25.348425], [-81.0167247, 25.3565615]]], [[[-81.015732, 25.3579961], [-81.0194313, 25.3557158], [-81.0215943, 25.3563208], [-81.015732, 25.3579961]]], [[[-81.0301825, 25.3583977], [-81.022959, 25.3600747], [-81.023522, 25.3578936], [-81.0262943, 25.3582969], [-81.0282169, 25.3565983], [-81.0301825, 25.3583977]]], [[[-81.0059787, 25.3572053], [-81.0123388, 25.3616572], [-81.0048973, 25.3584307], [-80.9999877, 25.361347], [-80.9994556, 25.3555454], [-81.0025283, 25.3576861], [-81.0059787, 25.3572053]]], [[[-81.0175482, 25.3605849], [-81.025642, 25.3627643], [-81.0241829, 25.3642457], [-81.0175482, 25.3605849]]], [[[-81.0434004, 25.3715746], [-81.0361391, 25.3666654], [-81.029985, 25.3648041], [-81.0245262, 25.3655098], [-81.0227924, 25.3642379], [-81.024612, 25.3643542], [-81.0308777, 25.3619034], [-81.0377441, 25.3636174], [-81.0434004, 25.3715746]]], [[[-81.0220114, 25.3704966], [-81.014175, 25.3655486], [-81.0340706, 25.3670764], [-81.0220114, 25.3704966]]], [[[-80.9933332, 25.388746], [-81.0009893, 25.3950577], [-81.0126194, 25.3880714], [-81.0060791, 25.4144404], [-80.9677042, 25.4084631], [-80.9727167, 25.3926618], [-80.9933332, 25.388746]]], [[[-80.9858386, 25.4199196], [-80.978543, 25.4129425], [-80.9894693, 25.416966], [-80.9858386, 25.4199196]]], [[[-80.9856382, 25.4309586], [-80.9789434, 25.4288967], [-80.9994569, 25.4205557], [-80.9856382, 25.4309586]]], [[[-81.0180212, 25.4180975], [-81.0307842, 25.4293299], [-81.0007701, 25.4289277], [-81.0180212, 25.4180975]]], [[[-81.0000749, 25.427982], [-80.9939895, 25.4267185], [-80.9960494, 25.4232457], [-81.0000749, 25.427982]]], [[[-80.9672922, 25.428301], [-80.9641078, 25.4273476], [-80.9680046, 25.423588], [-80.9672922, 25.428301]]], [[[-81.0262953, 25.4236945], [-81.0353418, 25.4268107], [-81.0329557, 25.427206], [-81.0315824, 25.4291129], [-81.0262953, 25.4236945]]], [[[-80.9529584, 25.4341921], [-80.9586833, 25.4333394], [-80.9536966, 25.4370445], [-80.9529584, 25.4341921]]], [[[-80.9528125, 25.4456013], [-80.9603914, 25.4354322], [-80.9717124, 25.4302621], [-80.9592412, 25.4458415], [-80.9528125, 25.4456013]]], [[[-80.9464954, 25.4372305], [-80.9499544, 25.4381916], [-80.9467958, 25.4405014], [-80.9464954, 25.4372305]]], [[[-80.9772266, 25.4851333], [-80.9894747, 25.4795469], [-80.9965471, 25.4846219], [-80.9904961, 25.4897897], [-80.9772266, 25.4851333]]], [[[-81.0243219, 25.5012401], [-81.0228457, 25.4986836], [-81.0285276, 25.4978857], [-81.0243219, 25.5012401]]], [[[-80.919121, 24.767907], [-80.911976, 24.766127], [-80.923017, 24.765738], [-80.919121, 24.767907]]], [[[-80.908002, 24.770305], [-80.906603, 24.769964], [-80.911693, 24.766133], [-80.908002, 24.770305]]], [[[-80.919139, 24.768127], [-80.909575, 24.773526], [-80.908213, 24.770597], [-80.919139, 24.768127]]], [[[-80.9149126, 24.7791662], [-80.908043, 24.776119], [-80.912771, 24.772481], [-80.9149126, 24.7791662]]], [[[-80.8841171, 24.7910547], [-80.9063873, 24.7831373], [-80.8899137, 24.7892212], [-80.8841171, 24.7910547]]], [[[-80.79514, 24.81162], [-80.823852, 24.812496], [-80.850456, 24.802946], [-80.7926406, 24.8440485], [-80.779939, 24.839674], [-80.7972, 24.837794], [-80.8146656, 24.8216414], [-80.8023, 24.815745], [-80.789643, 24.825928], [-80.79514, 24.81162]]], [[[-80.762215, 24.836107], [-80.766709, 24.836598], [-80.752396, 24.842203], [-80.762215, 24.836107]]], [[[-80.782672, 24.939327], [-80.7881, 24.938783], [-80.78778, 24.940936], [-80.782672, 24.939327]]], [[[-80.829316, 24.987165], [-80.83203, 24.994471], [-80.829692, 24.994702], [-80.829316, 24.987165]]], [[[-80.735565, 25.005488], [-80.735944, 25.001683], [-80.738455, 25.011218], [-80.735565, 25.005488]]], [[[-80.786482, 25.026694], [-80.791135, 25.023331], [-80.791389, 25.025269], [-80.786482, 25.026694]]], [[[-80.862425, 25.033966], [-80.864091, 25.029638], [-80.865753, 25.031636], [-80.862425, 25.033966]]], [[[-80.758306, 25.028927], [-80.75453, 25.039605], [-80.74964, 25.027966], [-80.758306, 25.028927]]], [[[-80.727669, 25.062706], [-80.737105, 25.065291], [-80.735076, 25.072047], [-80.727669, 25.062706]]], [[[-80.792535, 25.068254], [-80.792354, 25.071293], [-80.788775, 25.07159], [-80.792535, 25.068254]]], [[[-80.925168, 25.080554], [-80.929835, 25.078358], [-80.932307, 25.080466], [-80.925168, 25.080554]]], [[[-80.788119, 25.089019], [-80.792398, 25.09398], [-80.7844, 25.09317], [-80.788119, 25.089019]]], [[[-80.911188, 25.101995], [-80.9117, 25.110248], [-80.907626, 25.10304], [-80.911188, 25.101995]]], [[[-80.939531, 25.106203], [-80.944036, 25.107662], [-80.935317, 25.111092], [-80.939531, 25.106203]]], [[[-80.877622, 25.109489], [-80.883379, 25.108963], [-80.880701, 25.119488], [-80.877622, 25.109489]]], [[[-80.830858, 25.115236], [-80.832576, 25.121958], [-80.828596, 25.115027], [-80.830858, 25.115236]]], [[[-80.7843384, 25.1270785], [-80.7814744, 25.1215583], [-80.7919186, 25.1317634], [-80.7843384, 25.1270785]]], [[[-80.900741, 25.137786], [-80.906603, 25.132458], [-80.909445, 25.133383], [-80.900741, 25.137786]]], [[[-80.7771643, 25.1371218], [-80.77707356978057, 25.137360379341338], [-80.77705307069418, 25.137364516345166], [-80.7771643, 25.1371218]]], [[[-80.77538466668568, 25.141801428756864], [-80.77450229353123, 25.142930633168177], [-80.77705307069418, 25.137364516345166], [-80.77538466668568, 25.141801428756864]]], [[[-80.74231, 25.142525], [-80.74187561484709, 25.142469866499823], [-80.7426781, 25.1423688], [-80.74231, 25.142525]]], [[[-80.8002885747687, 25.14289326752427], [-80.8003815, 25.1424831], [-80.80049486530223, 25.142972970684948], [-80.8002885747687, 25.14289326752427]]], [[[-80.73491, 25.143652], [-80.73422977720946, 25.143432797770824], [-80.7396489626334, 25.142750295296228], [-80.73491, 25.143652]]], [[[-80.74422947058916, 25.14366489106916], [-80.75377590607805, 25.15164045143235], [-80.75153, 25.15139], [-80.74422947058916, 25.14366489106916]]], [[[-80.810501, 25.167723], [-80.81017054431742, 25.168020747793342], [-80.8101233, 25.1678102], [-80.810501, 25.167723]]], [[[-80.9488557, 25.2297909], [-80.9491819, 25.2183769], [-80.9554733, 25.222073], [-80.9452165, 25.2371901], [-80.9367622, 25.230808], [-80.9488557, 25.2297909]]], [[[-80.9068296, 25.2469279], [-80.9039886, 25.2471608], [-80.9044521, 25.2513529], [-80.9068296, 25.2469279]]], [[[-80.8779905, 25.2510346], [-80.8789089, 25.2534954], [-80.8755357, 25.2491327], [-80.8779905, 25.2510346]]], [[[-80.8883502, 25.2494044], [-80.8905132, 25.2489619], [-80.8889425, 25.2500332], [-80.8891914, 25.2525406], [-80.88714, 25.2543183], [-80.8883502, 25.2494044]]], [[[-80.9251287, 25.2382836], [-80.9306648, 25.2514036], [-80.9393594, 25.2506351], [-80.9332139, 25.2612699], [-80.928828, 25.2545864], [-80.9322784, 25.2656322], [-80.9251544, 25.2658185], [-80.9291627, 25.2627292], [-80.9252317, 25.2584909], [-80.9292142, 25.2534142], [-80.9168117, 25.2375383], [-80.9217298, 25.2431746], [-80.9251287, 25.2382836]]], [[[-80.86194674752366, 25.252387527420115], [-80.872183, 25.2465523], [-80.8736764, 25.253966], [-80.8644067, 25.2597879], [-80.86194674752366, 25.252387527420115]]], [[[-80.8929765, 25.25459], [-80.8892343, 25.2499866], [-80.9008729, 25.2462137], [-80.8882215, 25.2610639], [-80.8929765, 25.25459]]], [[[-80.8779089, 25.2543606], [-80.8745186, 25.2619135], [-80.8729564, 25.258141], [-80.8779089, 25.2543606]]], [[[-80.9093101, 25.2602566], [-80.9002035, 25.2606913], [-80.9054992, 25.2614908], [-80.9021947, 25.2698738], [-80.8933713, 25.2569343], [-80.9005811, 25.2484728], [-80.9143226, 25.259558], [-80.9089496, 25.2655427], [-80.9093101, 25.2602566]]], [[[-80.8880491, 25.261269], [-80.8951216, 25.2627361], [-80.8839378, 25.2610361], [-80.8804188, 25.2681695], [-80.8797836, 25.2552997], [-80.8831568, 25.2604695], [-80.8855514, 25.2586298], [-80.8880491, 25.261269]]], [[[-80.949679, 25.2588166], [-80.9419972, 25.2686202], [-80.9380318, 25.2674249], [-80.944306, 25.2552614], [-80.949679, 25.2588166]]], [[[-80.8658208, 25.2614445], [-80.8619864338163, 25.265589061446395], [-80.86197380869197, 25.261260626263212], [-80.8658208, 25.2614445]]], [[[-80.8912248, 25.2630155], [-80.8932762, 25.272027], [-80.8933105, 25.2736026], [-80.8846159, 25.2689456], [-80.8912248, 25.2630155]]], [[[-80.9180433, 25.2660973], [-80.9235708, 25.266726], [-80.9164554, 25.2707699], [-80.9180433, 25.2660973]]], [[[-80.86198666728029, 25.26566910293726], [-80.8732795, 25.2608546], [-80.8729619, 25.2641302], [-80.8818238, 25.2694402], [-80.8632929, 25.2773026], [-80.8762534, 25.2789868], [-80.8620343922805, 25.282031284004265], [-80.86198666728029, 25.26566910293726]]], [[[-80.9235802, 25.2698693], [-80.927022, 25.2691164], [-80.9206362, 25.2750385], [-80.9235802, 25.2698693]]], [[[-80.9300891, 25.2764255], [-80.913498, 25.2814004], [-80.9073096, 25.2821609], [-80.9061852, 25.2805156], [-80.8937913, 25.2731191], [-80.8978596, 25.2741048], [-80.9120389, 25.2640145], [-80.9042425, 25.2768702], [-80.9096756, 25.2739985], [-80.9085799, 25.2810822], [-80.911584, 25.2813771], [-80.9300891, 25.2764255]]], [[[-80.9357229, 25.2766845], [-80.9404694, 25.271787], [-80.9420229, 25.2721984], [-80.9398428, 25.2773131], [-80.9357229, 25.2766845]]], [[[-80.9222147, 25.274379], [-80.9300939, 25.274674], [-80.9226095, 25.2764048], [-80.9222147, 25.274379]]], [[[-80.9182615, 25.2759388], [-80.9107427, 25.2803317], [-80.9218149, 25.2715148], [-80.9182615, 25.2759388]]], [[[-80.890049, 25.2750851], [-80.8996878, 25.2794469], [-80.8958855, 25.2805179], [-80.8952246, 25.2782284], [-80.8943662, 25.2780732], [-80.890049, 25.2750851]]], [[[-80.8840151, 25.274371], [-80.8901348, 25.2777006], [-80.8821783, 25.2788027], [-80.8755607, 25.286455], [-80.8840151, 25.274371]]], [[[-80.8911047, 25.278306], [-80.8954906, 25.2802152], [-80.8959541, 25.2806266], [-80.9060821, 25.2806499], [-80.8971729, 25.2830014], [-80.8911047, 25.278306]]], [[[-80.9358345, 25.2783298], [-80.9395596, 25.2823889], [-80.9361349, 25.2831339], [-80.9358345, 25.2783298]]], [[[-80.8826615, 25.2790114], [-80.8834157, 25.2861137], [-80.8775059, 25.287482], [-80.8826615, 25.2790114]]], [[[-80.9217052, 25.2881282], [-80.9194202, 25.284833], [-80.921669, 25.2876036], [-80.9270524, 25.2817566], [-80.9217052, 25.2881282]]], [[[-80.9105711, 25.2895204], [-80.9115925, 25.2827065], [-80.9176178, 25.2838939], [-80.914485, 25.2832963], [-80.9105711, 25.2895204]]], [[[-80.9179697, 25.2848097], [-80.9151544, 25.2845691], [-80.9222415, 25.2847687], [-80.9179697, 25.2848097]]], [[[-80.9365277, 25.2872206], [-80.9427332, 25.283185], [-80.9310688, 25.2919235], [-80.9290089, 25.2882838], [-80.9365277, 25.2872206]]], [[[-80.9028978, 25.294293], [-80.909318, 25.2846778], [-80.9101419, 25.2874949], [-80.9028978, 25.294293]]], [[[-80.9122705, 25.2873242], [-80.9155321, 25.2917166], [-80.9111032, 25.2949449], [-80.9122705, 25.2873242]]], [[[-80.9164701, 25.3331811], [-80.905046, 25.3243913], [-80.909646, 25.3102981], [-80.9221772, 25.2879885], [-80.9384336, 25.273002], [-80.93052, 25.2831769], [-80.9338502, 25.2866615], [-80.9295496, 25.2861496], [-80.925816, 25.2956095], [-80.9533333, 25.2916208], [-80.931317, 25.3050478], [-80.9420523, 25.3035122], [-80.934319, 25.3079273], [-80.9343362, 25.3107206], [-80.9453607, 25.3072677], [-80.9541201, 25.2940218], [-80.9567208, 25.3018283], [-80.9164701, 25.3331811]]], [[[-80.9474979, 25.3001599], [-80.9363828, 25.3095256], [-80.9403654, 25.3048312], [-80.9474979, 25.3001599]]], [[[-80.9391298, 25.3303491], [-80.9226757, 25.3313813], [-80.9537167, 25.305584], [-80.939059, 25.3180132], [-80.9364841, 25.3270362], [-80.9429464, 25.3255624], [-80.9487142, 25.3177032], [-80.9517612, 25.3196506], [-80.9578968, 25.3120197], [-80.9547125, 25.311174], [-80.9596906, 25.3101464], [-80.957931, 25.3121638], [-80.9573903, 25.3178433], [-80.9485883, 25.3209927], [-80.9391298, 25.3303491]]], [[[-80.9419515, 25.3253915], [-80.9392135, 25.3214037], [-80.9442946, 25.3221718], [-80.9419515, 25.3253915]]], [[[-80.9502215, 25.3344458], [-80.9369864, 25.3427616], [-80.9427199, 25.3372229], [-80.951303, 25.333895], [-80.9527383, 25.3311331], [-80.9510455, 25.3353224], [-80.9516034, 25.3366877], [-80.9502215, 25.3344458]]], [[[-80.7481016, 24.8448188], [-80.7327658, 24.8642994], [-80.7301391, 24.8563492], [-80.7287403, 24.8657054], [-80.7246204, 24.8593585], [-80.7031005, 24.8734709], [-80.7020255, 24.8818242], [-80.7083786, 24.8823031], [-80.6906762, 24.8852431], [-80.7026692, 24.8681487], [-80.7481016, 24.8448188]]], [[[-80.696355, 24.896328], [-80.704643, 24.898413], [-80.698728, 24.908803], [-80.696355, 24.896328]]], [[[-80.642856, 24.904513], [-80.660887, 24.899397], [-80.619206, 24.933027], [-80.6188479, 24.9452925], [-80.611202, 24.938695], [-80.642856, 24.904513]]], [[[-80.668984, 24.925819], [-80.661589, 24.921562], [-80.66794, 24.91837], [-80.668984, 24.925819]]], [[[-80.612312, 24.952546], [-80.599322, 24.948024], [-80.597398, 24.957642], [-80.589335, 24.949799], [-80.609928, 24.939741], [-80.612312, 24.952546]]], [[[-80.6226486, 24.9589329], [-80.6275409, 24.9589718], [-80.6237483, 24.9637622], [-80.6226486, 24.9589329]]], [[[-80.59824, 24.963726], [-80.593903, 24.960242], [-80.598456, 24.959624], [-80.59824, 24.963726]]], [[[-80.5984972, 24.9651398], [-80.5955532, 24.9673783], [-80.593891, 24.96366], [-80.5984972, 24.9651398]]], [[[-80.650925, 24.987227], [-80.646438, 24.986152], [-80.652014, 24.981392], [-80.650925, 24.987227]]], [[[-80.668104, 24.989334], [-80.671668, 24.987864], [-80.671372, 24.989615], [-80.668104, 24.989334]]], [[[-80.660666, 24.995763], [-80.661097, 24.987615], [-80.665301, 24.989003], [-80.660666, 24.995763]]], [[[-80.730338, 25.002571], [-80.7232206, 25.0051385], [-80.731017, 24.993188], [-80.730338, 25.002571]]], [[[-80.6267399, 25.0004566], [-80.6260315, 25.0024884], [-80.6231991, 25.0015744], [-80.6267399, 25.0004566]]], [[[-80.615712, 25.007694], [-80.613681, 25.00345], [-80.618899, 25.001516], [-80.615712, 25.007694]]], [[[-80.637247, 25.026396], [-80.6312591, 25.0259099], [-80.6329194, 25.0239777], [-80.637247, 25.026396]]], [[[-80.687391, 25.027693], [-80.681742, 25.029636], [-80.682334, 25.025221], [-80.687391, 25.027693]]], [[[-80.680001, 25.032251], [-80.680642, 25.033104], [-80.673602, 25.03345], [-80.680001, 25.032251]]], [[[-80.645491, 25.035592], [-80.648278, 25.032251], [-80.649752, 25.034944], [-80.645491, 25.035592]]], [[[-80.668695, 25.036142], [-80.664308, 25.034281], [-80.669197, 25.034116], [-80.668695, 25.036142]]], [[[-80.699846, 25.044274], [-80.703932, 25.045837], [-80.696867, 25.047264], [-80.699846, 25.044274]]], [[[-80.6462871, 25.0472411], [-80.6412793, 25.0518865], [-80.641589, 25.0480219], [-80.6462871, 25.0472411]]], [[[-80.6013305, 25.0545978], [-80.582571, 25.0609895], [-80.584579, 25.0527282], [-80.6013305, 25.0545978]]], [[[-80.700561, 25.055472], [-80.695091, 25.062365], [-80.692534, 25.052042], [-80.700561, 25.055472]]], [[[-80.6131606, 25.0574324], [-80.6192464, 25.0719751], [-80.6054706, 25.0704435], [-80.6014644, 25.0546184], [-80.6131606, 25.0574324]]], [[[-80.728193, 25.074675], [-80.725257, 25.080252], [-80.724494, 25.078562], [-80.728193, 25.074675]]], [[[-80.644796, 25.086934], [-80.637205, 25.082753], [-80.640188, 25.075283], [-80.649134, 25.07827], [-80.644796, 25.086934]]], [[[-80.720008, 25.096527], [-80.728296, 25.094554], [-80.725141, 25.099427], [-80.720008, 25.096527]]], [[[-80.699549, 25.095842], [-80.702082, 25.096469], [-80.699302, 25.102173], [-80.699549, 25.095842]]], [[[-80.673255, 25.103846], [-80.665137, 25.095648], [-80.679713, 25.098864], [-80.673255, 25.103846]]], [[[-80.6384315, 25.1064564], [-80.647795, 25.105184], [-80.641076, 25.094205], [-80.647848, 25.090568], [-80.650419, 25.104282], [-80.659143, 25.106354], [-80.644759, 25.108448], [-80.63783, 25.122049], [-80.641939, 25.130132], [-80.631355, 25.119102], [-80.6384315, 25.1064564]]], [[[-80.683889, 25.123098], [-80.676283, 25.114807], [-80.685988, 25.113239], [-80.683889, 25.123098]]], [[[-80.700814, 25.115787], [-80.695899, 25.122465], [-80.69478, 25.120241], [-80.700814, 25.115787]]], [[[-80.636935, 25.137303], [-80.645569, 25.128332], [-80.647479, 25.130898], [-80.636935, 25.137303]]], [[[-80.701827, 25.133353], [-80.704064, 25.128563], [-80.714861, 25.14118], [-80.701827, 25.133353]]], [[[-80.67329511357191, 25.13855465515246], [-80.6736096, 25.1384427], [-80.67355885514506, 25.13850356613912], [-80.67329511357191, 25.13855465515246]]], [[[-80.70434853412642, 25.140337974697196], [-80.7044354, 25.1400228], [-80.70462518949365, 25.140263604974823], [-80.70434853412642, 25.140337974697196]]], [[[-80.7106475, 25.1458556], [-80.712759, 25.1438355], [-80.7146816, 25.1496938], [-80.7106475, 25.1458556]]], [[[-80.7270498, 25.1527238], [-80.72704529798142, 25.15273290725583], [-80.72703908069796, 25.15272725517997], [-80.7270498, 25.1527238]]], [[[-80.6776865, 25.163693], [-80.67770333163723, 25.164113402689473], [-80.67732610951867, 25.164374348577002], [-80.6776865, 25.163693]]], [[[-80.657803, 25.169128], [-80.65309562714022, 25.16348271692495], [-80.66836138245966, 25.166787198153635], [-80.657803, 25.169128]]], [[[-80.600433, 25.164162], [-80.607672, 25.17517], [-80.586208, 25.171475], [-80.600433, 25.164162]]], [[[-80.667987, 25.170822], [-80.66952359867804, 25.16807549200957], [-80.67186213210634, 25.17456049996812], [-80.667987, 25.170822]]], [[[-80.6095466659311, 25.18288750746281], [-80.6207698, 25.1756858], [-80.6247609, 25.1826766], [-80.62406234508812, 25.182686283724035], [-80.6095466659311, 25.18288750746281]]], [[[-80.653901, 25.188648], [-80.65362420711722, 25.188824473769184], [-80.65444487074734, 25.187664073754675], [-80.653901, 25.188648]]], [[[-80.565725, 24.956694], [-80.586394, 24.951225], [-80.584657, 24.958405], [-80.593118, 24.963193], [-80.5698606, 24.9621912], [-80.5364506, 25.0048704], [-80.544646, 25.0130582], [-80.5295263, 25.0061149], [-80.5367444, 24.9988226], [-80.530738, 24.994896], [-80.565725, 24.956694]]], [[[-80.502647, 24.997877], [-80.50086, 24.996087], [-80.5068222, 24.9950511], [-80.502647, 24.997877]]], [[[-80.5523477, 25.0287415], [-80.5615959, 25.0262917], [-80.5813692, 25.0291789], [-80.5730436, 25.0422631], [-80.5712626, 25.0337284], [-80.5523477, 25.0287415]]], [[[-80.5440436, 25.0452861], [-80.536072, 25.0523427], [-80.5273763, 25.0339617], [-80.5440436, 25.0452861]]], [[[-80.447967, 25.053755], [-80.446239, 25.051954], [-80.460906, 25.049377], [-80.447967, 25.053755]]], [[[-80.5792127, 25.0485326], [-80.5624757, 25.0559485], [-80.5725823, 25.0496892], [-80.5792127, 25.0485326]]], [[[-80.544344, 25.0642387], [-80.5356751, 25.0528384], [-80.5514464, 25.0628295], [-80.544344, 25.0642387]]], [[[-80.5517702, 25.0634775], [-80.5600188, 25.0643942], [-80.556051, 25.071823], [-80.5517702, 25.0634775]]], [[[-80.5037319, 25.0754308], [-80.496492, 25.0818273], [-80.4915761, 25.0766941], [-80.5037319, 25.0754308]]], [[[-80.517882, 25.082716], [-80.517972, 25.085579], [-80.511583, 25.083209], [-80.517882, 25.082716]]], [[[-80.4775516, 25.0901942], [-80.4826049, 25.0840241], [-80.4836002, 25.0850223], [-80.4775516, 25.0901942]]], [[[-80.4757038, 25.0904481], [-80.4779354, 25.1033042], [-80.467979, 25.0913187], [-80.4757038, 25.0904481]]], [[[-80.4854885, 25.1088302], [-80.496346, 25.0987107], [-80.4980115, 25.1024363], [-80.4854885, 25.1088302]]], [[[-80.5743525, 25.1036799], [-80.5668559, 25.1087059], [-80.5681434, 25.1174491], [-80.5600617, 25.1065168], [-80.5743525, 25.1036799]]], [[[-80.413308, 25.110978], [-80.407158, 25.114638], [-80.406518, 25.114313], [-80.413308, 25.110978]]], [[[-80.4750858, 25.1096851], [-80.4843469, 25.1095919], [-80.4788967, 25.1236661], [-80.4750858, 25.1096851]]], [[[-80.446588, 25.122034], [-80.450399, 25.126402], [-80.4436179, 25.1278174], [-80.446588, 25.122034]]], [[[-80.5679367, 25.1212247], [-80.5707612, 25.1295952], [-80.5664668, 25.1348721], [-80.5679367, 25.1212247]]], [[[-80.5104909, 25.1395024], [-80.5052467, 25.1308852], [-80.5094953, 25.1312115], [-80.5104909, 25.1395024]]], [[[-80.4732147, 25.131872], [-80.4740558, 25.1383758], [-80.4730602, 25.1392538], [-80.4732147, 25.131872]]], [[[-80.5575619, 25.140554], [-80.5754562, 25.1483522], [-80.5800052, 25.1592601], [-80.5741516, 25.1490204], [-80.5575619, 25.140554]]], [[[-80.5086027, 25.1566575], [-80.5096498, 25.1448481], [-80.5146366, 25.1495487], [-80.5086027, 25.1566575]]], [[[-80.552931, 25.161733], [-80.55079, 25.159608], [-80.555133, 25.158089], [-80.552931, 25.161733]]], [[[-80.354384, 25.169667], [-80.354799, 25.162813], [-80.364042, 25.165133], [-80.354384, 25.169667]]], [[[-80.4130588, 25.1272527], [-80.4115648, 25.1384056], [-80.4083774, 25.1319104], [-80.3920621, 25.1512464], [-80.3937203, 25.1586366], [-80.3865142, 25.1588342], [-80.3960446, 25.161454], [-80.3772321, 25.1706356], [-80.3863057, 25.1730082], [-80.369486, 25.1775668], [-80.374198, 25.18923], [-80.387395, 25.18429], [-80.384231, 25.198546], [-80.373476, 25.197697], [-80.366976, 25.206992], [-80.351938, 25.20317], [-80.334179, 25.239115], [-80.33206, 25.262859], [-80.341758, 25.265687], [-80.343995, 25.276657], [-80.366158, 25.284765], [-80.340711, 25.290861], [-80.329775, 25.285809], [-80.2973885, 25.3080562], [-80.279695, 25.330962], [-80.2571106, 25.3338678], [-80.260291, 25.324532], [-80.2884065, 25.3105246], [-80.2895572, 25.2990405], [-80.2876769, 25.3106175], [-80.2760547, 25.3096601], [-80.287283, 25.284227], [-80.34028, 25.210092], [-80.343514, 25.19546], [-80.352408, 25.1944755], [-80.346242, 25.193015], [-80.355918, 25.178931], [-80.3714876, 25.170513], [-80.363509, 25.162342], [-80.368577, 25.159582], [-80.356177, 25.16033], [-80.369867, 25.15024], [-80.371445, 25.136989], [-80.399694, 25.106158], [-80.418196, 25.098807], [-80.405859, 25.113657], [-80.4117227, 25.1204841], [-80.4300555, 25.089791], [-80.4416215, 25.0878972], [-80.4337931, 25.0869592], [-80.4423277, 25.0747896], [-80.453451, 25.072097], [-80.44424, 25.083053], [-80.4534705, 25.0816948], [-80.5002822, 25.0339491], [-80.48923, 25.032816], [-80.493866, 25.022861], [-80.52922, 24.999388], [-80.5275549, 25.0094098], [-80.5431842, 25.0132114], [-80.5254614, 25.0176569], [-80.5203237, 25.0092384], [-80.5139346, 25.0278855], [-80.4591562, 25.079767], [-80.466995, 25.091159], [-80.458991, 25.09273], [-80.4568467, 25.0823565], [-80.430534, 25.107402], [-80.4458682, 25.1223097], [-80.4431216, 25.1273268], [-80.4234531, 25.1164184], [-80.4172485, 25.1289552], [-80.423905, 25.143109], [-80.4117806, 25.1383993], [-80.4130588, 25.1272527]]], [[[-80.42408, 25.148301], [-80.4279279, 25.1272662], [-80.4339626, 25.1355736], [-80.4432021, 25.1282715], [-80.437234, 25.1381], [-80.446778, 25.151213], [-80.456528, 25.149016], [-80.453951, 25.14464], [-80.460837, 25.131471], [-80.461798, 25.160427], [-80.44162, 25.193288], [-80.468567, 25.213186], [-80.487124, 25.207087], [-80.480781, 25.220224], [-80.455794, 25.223042], [-80.46087, 25.211123], [-80.449662, 25.199613], [-80.434959, 25.19887], [-80.437766, 25.178392], [-80.454154, 25.170733], [-80.456995, 25.158446], [-80.436007, 25.14485], [-80.42408, 25.148301]]], [[[-80.392748, 25.172274], [-80.3879027, 25.1841986], [-80.3830254, 25.1813888], [-80.392748, 25.172274]]], [[[-80.3890561, 25.1828639], [-80.3886419, 25.1928015], [-80.3870755, 25.1938597], [-80.3890561, 25.1828639]]], [[[-80.545464, 25.183296], [-80.535123, 25.187489], [-80.535805, 25.19546], [-80.533944, 25.18462], [-80.545464, 25.183296]]], [[[-80.57727845737396, 25.201950531121373], [-80.57557291055863, 25.20095622358755], [-80.5755053239843, 25.20061085973128], [-80.57727845737396, 25.201950531121373]]], [[[-80.57727845737396, 25.201950531121373], [-80.5774792, 25.2021022], [-80.57727837818334, 25.201981474857217], [-80.57727845737396, 25.201950531121373]]], [[[-80.430723, 25.199272], [-80.434547, 25.198991], [-80.425325, 25.208922], [-80.430723, 25.199272]]], [[[-80.487215, 25.207126], [-80.4871935, 25.2071023], [-80.4872593551478, 25.207125537967208], [-80.487215, 25.207126]]], [[[-80.562277, 25.211942], [-80.56042366940314, 25.212196148915716], [-80.562253, 25.210497], [-80.562277, 25.211942]]], [[[-80.408144, 25.240385], [-80.397634, 25.248161], [-80.39884418346773, 25.253427180090014], [-80.396787, 25.247225], [-80.399901, 25.239018], [-80.408144, 25.240385]]], [[[-80.39916527727028, 25.253428209321402], [-80.4014414, 25.2612575], [-80.39884418346773, 25.253427180090014], [-80.39916527727028, 25.253428209321402]]], [[[-80.2759347, 25.3105559], [-80.2741604, 25.3158581], [-80.2712816, 25.3157601], [-80.2759347, 25.3105559]]], [[[-80.2607929, 25.3394583], [-80.2586128, 25.3366501], [-80.2647497, 25.3364794], [-80.2607929, 25.3394583]]], [[[-80.273247, 25.3377439], [-80.2749207, 25.3420026], [-80.2715389, 25.3425689], [-80.273247, 25.3377439]]], [[[-80.2604925, 25.3455709], [-80.25754, 25.3359674], [-80.2586214, 25.3389308], [-80.2651789, 25.3406684], [-80.267359, 25.3433291], [-80.268389, 25.3438721], [-80.2699339, 25.3440583], [-80.2604925, 25.3455709]]], [[[-80.2698652, 25.3425999], [-80.2643549, 25.3401254], [-80.2661402, 25.3384266], [-80.2698652, 25.3425999]]], [[[-80.2716505, 25.3482004], [-80.2653763, 25.346044], [-80.2731096, 25.3474635], [-80.2716505, 25.3482004]]], [[[-80.2692988, 25.3502016], [-80.2614195, 25.3515513], [-80.261677, 25.3501784], [-80.2692988, 25.3502016]]], [[[-80.30375, 25.3787723], [-80.2937615, 25.3855042], [-80.2928469, 25.3795938], [-80.30375, 25.3787723]]], [[[-80.3025162, 25.4066378], [-80.3018403, 25.4029453], [-80.3039217, 25.4050096], [-80.3025162, 25.4066378]]], [[[-80.254169, 25.690232], [-80.2498205, 25.6901993], [-80.2582848, 25.6866272], [-80.254169, 25.690232]]], [[[-80.2523207, 25.6906773], [-80.266491, 25.6904631], [-80.2645846, 25.6924726], [-80.2523207, 25.6906773]]], [[[-80.242408, 25.3503335], [-80.252021, 25.3475954], [-80.258733, 25.3550339], [-80.242408, 25.3503335]]], [[[-80.2396958, 25.3502792], [-80.2535488, 25.356492], [-80.2553169, 25.3814876], [-80.2421849, 25.3874353], [-80.2411377, 25.3769434], [-80.2313788, 25.3867219], [-80.2396958, 25.3502792]]], [[[-80.2357905, 25.3863031], [-80.2393524, 25.3869157], [-80.2369406, 25.3926072], [-80.2357905, 25.3863031]]], [[[-80.2391293, 25.3913588], [-80.2432234, 25.3922815], [-80.2394211, 25.3944681], [-80.2391293, 25.3913588]]], [[[-80.2401335, 25.3954373], [-80.2468884, 25.3968873], [-80.2401335, 25.3978177], [-80.2401335, 25.3954373]]], [[[-80.2296748, 25.3991737], [-80.2351609, 25.4010547], [-80.2290332, 25.4030424], [-80.2296748, 25.3991737]]], [[[-80.2122986, 25.4274558], [-80.1782656, 25.493683], [-80.2039301, 25.4138121], [-80.2279401, 25.3907649], [-80.2285206, 25.3995855], [-80.2086508, 25.4153239], [-80.2122986, 25.4274558]]], [[[-80.1793814, 25.4943693], [-80.1891983, 25.4969743], [-80.1893485, 25.5046147], [-80.1804435, 25.5029298], [-80.175401, 25.5175509], [-80.1793814, 25.4943693]]], [[[-80.1727984, 25.5223347], [-80.1767415, 25.5213418], [-80.1761473, 25.5248427], [-80.1727984, 25.5223347]]], [[[-80.1699747, 25.6818139], [-80.1787286, 25.6863447], [-80.1755497, 25.6873573], [-80.1699747, 25.6818139]]], [[[-80.1609718, 25.7112278], [-80.1526124, 25.7287836], [-80.1475553, 25.7224916], [-80.1565208, 25.6950679], [-80.1555286, 25.666453], [-80.1696135, 25.6814745], [-80.1582152, 25.6827122], [-80.1757271, 25.6884677], [-80.1669053, 25.7016241], [-80.1762915, 25.7100565], [-80.1609718, 25.7112278]]], [[[-80.1425399, 25.745723], [-80.1621656, 25.7316045], [-80.179015, 25.7461128], [-80.1634631, 25.7387026], [-80.1727364, 25.7512579], [-80.1591618, 25.7452128], [-80.1487385, 25.7576138], [-80.1425399, 25.745723]]], [[[-80.2003546, 25.7473388], [-80.1892769, 25.7460064], [-80.1970773, 25.7455405], [-80.2003546, 25.7473388]]], [[[-80.1279201, 25.7600198], [-80.1408354, 25.7551005], [-80.1490952, 25.7639668], [-80.1279201, 25.7600198]]], [[[-80.1828462, 25.769423], [-80.1850364, 25.7639726], [-80.187317, 25.7694275], [-80.1828462, 25.769423]]], [[[-80.1609856, 25.7664665], [-80.1801719, 25.7812829], [-80.145012, 25.7666512], [-80.1609856, 25.7664665]]], [[[-80.1494589, 25.7801481], [-80.1517763, 25.7748383], [-80.1515188, 25.7810756], [-80.1494589, 25.7801481]]], [[[-80.171729, 25.7811608], [-80.1459736, 25.7696632], [-80.1778034, 25.7833472], [-80.179312, 25.7877977], [-80.171729, 25.7811608]]], [[[-80.1569325, 25.7786917], [-80.1565312, 25.7773476], [-80.1676121, 25.7811065], [-80.1569325, 25.7786917]]], [[[-80.1557422, 25.7821421], [-80.1649149, 25.7839482], [-80.1654824, 25.7853948], [-80.1557422, 25.7821421]]], [[[-80.1794026, 25.7907658], [-80.1716712, 25.7908824], [-80.1720077, 25.7893473], [-80.1794026, 25.7907658]]], [[[-80.1493735, 25.7929112], [-80.1457774, 25.790465], [-80.147521, 25.7891351], [-80.1493735, 25.7929112]]], [[[-80.1619991, 25.792615], [-80.1639457, 25.78894], [-80.1631439, 25.7934941], [-80.1619991, 25.792615]]], [[[-80.1603277, 25.7947201], [-80.1590675, 25.79562], [-80.1577206, 25.7871077], [-80.1603277, 25.7947201]]], [[[-80.1562721, 25.7934874], [-80.1549965, 25.7943947], [-80.1538588, 25.7886616], [-80.1562721, 25.7934874]]], [[[-80.1422056, 25.8031983], [-80.1472953, 25.8005872], [-80.1478618, 25.8024565], [-80.1422056, 25.8031983]]], [[[-80.1435703, 25.8063278], [-80.1465042, 25.8037665], [-80.1471309, 25.8044099], [-80.1435703, 25.8063278]]], [[[-80.1333633, 25.8101223], [-80.1234542, 25.8263831], [-80.1274446, 25.8006875], [-80.1415829, 25.7930915], [-80.1409525, 25.8059338], [-80.1333633, 25.8101223]]], [[[-80.1736282, 25.8105081], [-80.1502994, 25.8107167], [-80.1508402, 25.8098668], [-80.1736282, 25.8105081]]], [[[-80.1341144, 25.8259118], [-80.1339513, 25.8100497], [-80.1471435, 25.8102351], [-80.1341144, 25.8259118]]], [[[-80.1784691, 25.8212893], [-80.1826657, 25.8167598], [-80.1835411, 25.8210576], [-80.1784691, 25.8212893]]], [[[-80.1251238, 25.7617919], [-80.1367246, 25.7666197], [-80.1457417, 25.7875894], [-80.1276836, 25.799517], [-80.1245958, 25.8085584], [-80.1217805, 25.8469319], [-80.1244298, 25.8724661], [-80.1310508, 25.8753202], [-80.1273383, 25.8828892], [-80.129807, 25.8959569], [-80.1267164, 25.8992732], [-80.1203885, 25.8990626], [-80.1193042, 25.8340344], [-80.1304258, 25.7682316], [-80.1251238, 25.7617919]]], [[[-80.1272711, 25.8464555], [-80.1272453, 25.8233339], [-80.1338028, 25.8265865], [-80.1272711, 25.8464555]]], [[[-80.1225909, 25.8429429], [-80.1231863, 25.8416183], [-80.1253543, 25.8500199], [-80.1225909, 25.8429429]]], [[[-80.1552381, 25.8441259], [-80.1555549, 25.8504642], [-80.1453868, 25.8483458], [-80.1552381, 25.8441259]]], [[[-80.1299661, 25.8499933], [-80.1301181, 25.8462568], [-80.1328071, 25.8470658], [-80.1299661, 25.8499933]]], [[[-80.1568276, 25.8441543], [-80.1606545, 25.8549507], [-80.1572002, 25.8551607], [-80.1568276, 25.8441543]]], [[[-80.1454738, 25.8531139], [-80.1320475, 25.8572396], [-80.1257659, 25.8529593], [-80.1368685, 25.8492565], [-80.1454738, 25.8531139]]], [[[-80.1413101, 25.8609294], [-80.128803, 25.8580495], [-80.132393, 25.857598], [-80.1438615, 25.8540656], [-80.1413101, 25.8609294]]], [[[-80.1326748, 25.8629033], [-80.1418218, 25.8637312], [-80.1292723, 25.8641063], [-80.1326748, 25.8629033]]], [[[-80.1382574, 25.8692791], [-80.1249965, 25.8709936], [-80.1288503, 25.8600807], [-80.1292023, 25.8679739], [-80.129846, 25.8687153], [-80.1382574, 25.8692791]]], [[[-80.1329283, 25.8652787], [-80.12925, 25.8642756], [-80.1418573, 25.864884], [-80.1329283, 25.8652787]]], [[[-80.1419836, 25.8734979], [-80.1409896, 25.8843426], [-80.1313182, 25.8808061], [-80.1338352, 25.8740563], [-80.1419836, 25.8734979]]], [[[-80.1285267, 25.8864225], [-80.1298181, 25.8808401], [-80.1314193, 25.8936865], [-80.1285267, 25.8864225]]], [[[-80.1392476, 25.8884478], [-80.1352651, 25.8933603], [-80.1341865, 25.884341], [-80.1392476, 25.8884478]]], [[[-80.1438301, 25.9002039], [-80.1490332, 25.8940413], [-80.1583458, 25.8966202], [-80.1581484, 25.8991296], [-80.1438301, 25.9002039]]], [[[-80.1229805, 25.945731], [-80.1120497, 26.0604886], [-80.1141582, 26.0557017], [-80.1131812, 26.0897935], [-80.1051713, 26.0926112], [-80.1233003, 25.9004931], [-80.1287588, 25.9227848], [-80.1227953, 25.9234977], [-80.1289506, 25.9233614], [-80.1224451, 25.9292316], [-80.1297526, 25.9296367], [-80.1235762, 25.9363269], [-80.1309503, 25.9372966], [-80.1229805, 25.945731]]], [[[-80.1269904, 25.952501], [-80.1282178, 25.9539905], [-80.1275581, 25.9598021], [-80.1269904, 25.952501]]], [[[-80.1254261, 25.9820713], [-80.1251672, 25.9809951], [-80.1295694, 25.9831328], [-80.1254261, 25.9820713]]], [[[-80.124444, 26.0007176], [-80.1260933, 25.9893377], [-80.1288582, 25.9934458], [-80.124444, 26.0007176]]], [[[-80.1195509, 26.0035285], [-80.1217434, 25.9900175], [-80.1242877, 25.9919137], [-80.1195509, 26.0035285]]], [[[-80.1208475, 26.0325779], [-80.1207402, 26.0263269], [-80.1215224, 26.026972], [-80.1208475, 26.0325779]]], [[[-80.1246111, 26.0394527], [-80.1177471, 26.0327844], [-80.123514, 26.0339363], [-80.1246111, 26.0394527]]], [[[-80.1174287, 26.0480645], [-80.1176571, 26.0427762], [-80.1207268, 26.042907], [-80.1174287, 26.0480645]]], [[[-80.1220612, 26.0493961], [-80.1238027, 26.0520164], [-80.1158186, 26.052622], [-80.1220612, 26.0493961]]], [[[-80.1117762, 26.1074459], [-80.1120929, 26.1065671], [-80.1182634, 26.1099806], [-80.1117762, 26.1074459]]], [[[-80.1168008, 26.1126397], [-80.1177498, 26.1199126], [-80.1178566, 26.1134104], [-80.1246092, 26.1195723], [-80.1101628, 26.1206866], [-80.1112304, 26.1114836], [-80.1151618, 26.1199947], [-80.1168008, 26.1126397]]], [[[-80.1159003, 26.1252723], [-80.1140174, 26.1268472], [-80.1082829, 26.1255372], [-80.1159003, 26.1252723]]], [[[-80.1136084, 26.1296364], [-80.1210084, 26.1295829], [-80.1176308, 26.1315386], [-80.1136084, 26.1296364]]], [[[-80.1043669, 26.1600012], [-80.084115, 26.2617394], [-80.1045651, 26.0950076], [-80.1155516, 26.0946385], [-80.118032, 26.1014793], [-80.1095304, 26.0981224], [-80.1066278, 26.1040711], [-80.1132072, 26.1020747], [-80.1060568, 26.1111749], [-80.1043669, 26.1600012]]], [[[-80.1099555, 26.1913228], [-80.1028149, 26.1967946], [-80.103169, 26.191591], [-80.1099555, 26.1913228]]], [[[-80.0969797, 26.215491], [-80.0943874, 26.2219181], [-80.0927847, 26.2205309], [-80.0969797, 26.215491]]], [[[-80.0958412, 26.2430094], [-80.0958787, 26.2458481], [-80.0913951, 26.2458806], [-80.0958412, 26.2430094]]], [[[-80.0813555, 26.2759531], [-80.0818249, 26.2666788], [-80.0906547, 26.2746929], [-80.0813555, 26.2759531]]]]}}]}