{"type":"FeatureCollection","features":[{"type":"Feature","properties":{"slug":"nagoya","member_count":75,"matched_count":74,"unmatched":["Aisai (JP-23, type='City')"],"source":"Overture Maps division_area (CC-BY 4.0)"},"geometry":{"type":"MultiPolygon","coordinates":[[[[133.885078,33.649467],[133.876403,33.641295],[133.875974,33.612178],[133.856924,33.603803],[133.864577,33.593415],[133.843354,33.576744],[133.820543,33.579991],[133.815436,33.55817],[133.793624,33.549237],[133.7657168,33.5111998],[133.7021485,33.3349356],[133.6873178,33.4239602],[133.682515,33.577591],[133.703621,33.600322],[133.701517,33.594066],[133.725332,33.600797],[133.733918,33.593321],[133.786079,33.616761],[133.797224,33.602764],[133.837113,33.633203],[133.837259,33.645398],[133.865407,33.661432],[133.879329,33.661412],[133.885078,33.649467]]],[[[136.583963,34.488282],[136.578848,34.45165],[136.550725,34.449615],[136.54784,34.45966],[136.508522,34.454909],[136.495275,34.445171],[136.498561,34.43998],[136.46903,34.435734],[136.45255,34.420396],[136.398055,34.415894],[136.377216,34.40278],[136.273009,34.406757],[136.256837,34.382549],[136.271151,34.368578],[136.251891,34.354931],[136.195249,34.345583],[136.18624,34.340045],[136.188435,34.324592],[136.164532,34.32343],[136.158388,34.313592],[136.129505,34.316174],[136.102363,34.336048],[136.086092,34.379625],[136.069306,34.389341],[136.090265,34.416042],[136.088699,34.428724],[136.128371,34.445286],[136.206248,34.448677],[136.21556,34.481153],[136.229759,34.491862],[136.214667,34.501312],[136.216629,34.527975],[136.182117,34.516751],[136.167403,34.520165],[136.171,34.53745],[136.155499,34.559731],[136.138401,34.56095],[136.113632,34.546446],[136.110587,34.556451],[136.083624,34.559115],[136.049767,34.580271],[136.046568,34.600557],[136.073577,34.634094],[136.064846,34.651564],[136.050474,34.652296],[136.039552,34.661396],[136.064515,34.651965],[136.086262,34.674952],[136.075083,34.697701],[136.053584,34.704791],[136.070139,34.712581],[136.068031,34.723887],[136.038132,34.756223],[136.030204,34.755905],[136.033577,34.779439],[136.01996,34.786374],[136.090616,34.812227],[136.095187,34.819104],[136.086232,34.836581],[136.104403,34.840566],[136.109791,34.85476],[136.126382,34.862022],[136.124423,34.872297],[136.103167,34.869694],[136.085163,34.878784],[136.086223,34.889128],[136.098378,34.889534],[136.106269,34.900085],[136.131533,34.883134],[136.177243,34.886787],[136.198074,34.869862],[136.250675,34.857728],[136.277115,34.874214],[136.289061,34.869573],[136.313226,34.886972],[136.366098,34.905006],[136.37269,34.942257],[136.395259,34.951882],[136.415874,34.980801],[136.417097,35.019518],[136.4244689,35.0294036],[136.4179387,35.0306592],[136.4177689,35.0494681],[136.4415564,35.0663042],[136.4352666,35.0824873],[136.438273,35.083332],[136.4427564265214,35.08703922487875],[136.439966,35.116632],[136.448023,35.123841],[136.435639,35.130655],[136.44439,35.149337],[136.454998,35.152415],[136.452554,35.165839],[136.408653,35.187183],[136.417964,35.203712],[136.415131,35.217744],[136.377338,35.243413],[136.39694,35.25791],[136.39115,35.290197],[136.399381,35.299433],[136.419927,35.287481],[136.428922,35.297735],[136.425729,35.306738],[136.455399,35.313822],[136.465957,35.343774],[136.483867,35.359708],[136.497966,35.360633],[136.51064,35.346156],[136.52785,35.345452],[136.536183,35.331567],[136.533067,35.325458],[136.515903,35.333276],[136.506994,35.321627],[136.522493,35.30131],[136.5276681,35.257533],[136.53846,35.249712],[136.553494,35.261288],[136.568632,35.261405],[136.593814,35.234984],[136.601781,35.24154],[136.60835,35.227521],[136.627687,35.254873],[136.626551,35.264443],[136.651118,35.2707],[136.652068,35.287385],[136.672391,35.29214],[136.665189,35.31226],[136.685181,35.327871],[136.688676,35.345832],[136.673307,35.347042],[136.676293,35.363414],[136.656454,35.382847],[136.656736,35.340695],[136.63981,35.335453],[136.641302,35.315406],[136.610085,35.293972],[136.594427,35.303527],[136.58266,35.338239],[136.560598,35.343919],[136.560676,35.370214],[136.545894,35.377897],[136.540801,35.396959],[136.54936,35.39301],[136.545674,35.402793],[136.556018,35.41064],[136.585012,35.408155],[136.600133,35.393222],[136.60792,35.392771],[136.610765,35.404597],[136.622805,35.403847],[136.621602,35.392977],[136.641181,35.387614],[136.634331,35.447748],[136.656247,35.479978],[136.660176,35.507815],[136.639598,35.523214],[136.650006,35.530393],[136.633472,35.548401],[136.646349,35.551427],[136.635292,35.565906],[136.638656,35.575221],[136.571236,35.580703],[136.562703,35.587628],[136.5597,35.628399],[136.536006,35.644882],[136.515501,35.673024],[136.537666,35.694493],[136.530932,35.702887],[136.535363,35.731476],[136.52966,35.75108],[136.513708,35.762249],[136.513306,35.775331],[136.523029,35.788174],[136.572323,35.778044],[136.599149,35.79853],[136.623024,35.787768],[136.645194,35.806832],[136.654325,35.785883],[136.682916,35.771756],[136.691811,35.752811],[136.681258,35.734552],[136.696884,35.714074],[136.693003,35.670575],[136.674774,35.655035],[136.676803,35.638162],[136.665082,35.626396],[136.668963,35.610363],[136.663389,35.602466],[136.683332,35.57628],[136.690298,35.550293],[136.736822,35.507935],[136.759851,35.50646],[136.773652,35.490759],[136.799585,35.484983],[136.805639,35.499249],[136.80086,35.504778],[136.814718,35.510126],[136.8105,35.525256],[136.826274,35.530589],[136.846135,35.506879],[136.860622,35.508141],[136.858977,35.500915],[136.84357,35.499705],[136.8376,35.463354],[136.85092,35.46925],[136.872558,35.463589],[136.88617,35.455917],[136.881787,35.44466],[136.904787,35.446249],[136.948521,35.429442],[136.950698,35.415873],[136.961116,35.414582],[136.964372,35.420939],[137.006984,35.426977],[136.991303,35.452858],[136.9597,35.446627],[136.965044,35.479912],[136.971069,35.471486],[136.98394,35.471321],[136.984306,35.479392],[137.008408,35.483823],[137.011792,35.489127],[136.997337,35.494259],[137.003075,35.499131],[136.991562,35.515708],[137.028971,35.539722],[137.036165,35.553263],[137.05405,35.545479],[137.059597,35.550972],[137.067576,35.547708],[137.07044,35.532037],[137.037366,35.500304],[137.05137,35.488966],[137.049885,35.462974],[137.070203,35.479279],[137.086657,35.469186],[137.075767,35.459098],[137.079346,35.449039],[137.103683,35.465144],[137.112654,35.458339],[137.099953,35.447429],[137.09201,35.453027],[137.089631,35.445934],[137.083253,35.448481],[137.071317,35.431963],[137.099115,35.437686],[137.1068,35.431002],[137.10546,35.418382],[137.120103,35.419874],[137.178611,35.391959],[137.191076,35.397017],[137.191363,35.410316],[137.205883,35.424871],[137.198478,35.437654],[137.203403,35.469732],[137.228741,35.473019],[137.234491,35.458393],[137.243586,35.459925],[137.257253,35.470391],[137.265168,35.491834],[137.286254,35.505688],[137.269005,35.526979],[137.32346,35.535454],[137.344978,35.550954],[137.348301,35.562989],[137.39573,35.562922],[137.398945,35.579436],[137.386643,35.603136],[137.412683,35.626453],[137.400732,35.646291],[137.408554,35.658408],[137.373125,35.67207],[137.331019,35.710969],[137.324894,35.747945],[137.333954,35.764428],[137.362646,35.797981],[137.38122,35.801292],[137.393841,35.797646],[137.393261,35.777727],[137.434451,35.770907],[137.440178,35.758554],[137.459572,35.761404],[137.466557,35.741169],[137.485211,35.724704],[137.486041,35.7055],[137.497335,35.698423],[137.497196,35.688482],[137.535373,35.665805],[137.545447,35.651082],[137.526598,35.63426],[137.513808,35.608023],[137.538303,35.584797],[137.571303,35.584161],[137.564278,35.569008],[137.574508,35.544529],[137.607255,35.533544],[137.631754,35.509176],[137.624429,35.493827],[137.631749,35.470044],[137.593148,35.446918],[137.615304,35.430839],[137.634821,35.400861],[137.61843,35.391739],[137.575227,35.400009],[137.577949,35.390129],[137.598387,35.379182],[137.603914,35.333234],[137.556536,35.309186],[137.557591,35.294715],[137.570746,35.283097],[137.555759,35.274546],[137.557482,35.264554],[137.546238,35.254359],[137.550417,35.242905],[137.578726,35.219435],[137.57855728885164,35.198214706433355],[137.614859,35.210461],[137.644579,35.208991],[137.653983,35.226776],[137.681537,35.235235],[137.721639,35.230851],[137.723183,35.221626],[137.759567,35.222102],[137.773949,35.203251],[137.822963,35.21588],[137.838115,35.212467],[137.827786,35.211324],[137.831063,35.205301],[137.821972,35.203732],[137.816376,35.187995],[137.803234,35.183519],[137.825472,35.1682],[137.821291,35.15844],[137.829129,35.152261],[137.814651,35.152383],[137.805862,35.131124],[137.792841,35.134764],[137.801179,35.105955],[137.792644,35.095366],[137.778268,35.099623],[137.775532,35.077615],[137.717138,35.035045],[137.701046,35.003539],[137.708132,34.994457],[137.699909,34.984838],[137.707251,34.972284],[137.696131,34.971429],[137.675498,34.945351],[137.659506,34.944576],[137.633593,34.885486],[137.597532,34.872501],[137.587017,34.85004],[137.551589,34.851864],[137.542274,34.842049],[137.499968,34.831288],[137.501658,34.823351],[137.487014,34.811749],[137.492942,34.786866],[137.476718,34.774786],[137.474107,34.749941],[137.49179,34.70246],[137.48498065648613,34.673854715624806],[137.31294,34.640975],[137.19096480000002,34.60395840000002],[137.18673149999998,34.60874149999998],[137.141589,34.589673],[137.094028,34.591284],[137.017415,34.578187],[137.070743,34.661603],[137.090432,34.656752],[137.087722,34.648087],[137.106465,34.642579],[137.102321,34.634136],[137.118931,34.634658],[137.141044,34.645654],[137.133095,34.655428],[137.160952,34.654646],[137.206412,34.678116],[137.224265,34.67581],[137.233049,34.687958],[137.243684,34.688872],[137.233027,34.699018],[137.245599,34.706072],[137.260885,34.695955],[137.266974,34.708483],[137.261806,34.715839],[137.28489,34.730902],[137.300904,34.728068499999964],[137.301146,34.711781],[137.300903,34.693737],[137.290628,34.693749],[137.285519,34.679629],[137.30694706952605,34.67850448907232],[137.3161525,34.6886517],[137.311602,34.696225],[137.321283,34.694339],[137.33686,34.70704],[137.344759,34.723712],[137.353153,34.726503],[137.320366,34.732716],[137.320894,34.770925],[137.33675519999997,34.7803359],[137.30205390000003,34.8098831],[137.258033,34.804451],[137.21771,34.822341],[137.222774,34.816786],[137.214451,34.815912],[137.219026,34.812532],[137.209732,34.802692],[137.200219,34.809817],[137.203071,34.8153],[137.195878,34.808758],[137.187344,34.79371],[137.188749,34.775224],[137.177623,34.765583],[137.168117,34.767608],[137.178325,34.778494],[137.168406,34.787446],[137.153172,34.781703],[137.134343,34.78876],[137.132834,34.782218],[137.105304,34.790745],[137.087603,34.775537],[137.076293,34.787055],[137.043266,34.776061],[137.025601,34.777995],[136.99701069999998,34.81636830000002],[136.948837,34.826509],[136.959919,34.828702],[136.955254,34.854861],[136.968088,34.874881],[136.9762,34.875249],[136.970539,34.877437],[136.976824,34.893263],[136.983844,34.893259],[136.977355,34.894567],[136.986427,34.951948],[136.981729,34.999114],[136.961808,35.003487],[136.950793,35.000174],[136.946192,34.991876],[136.935958,34.989357],[136.923744,34.975794],[136.916079,34.973223],[136.910407,34.953269],[136.894346,34.958795],[136.878757,34.950825],[136.880667,34.942408],[136.891689,34.940001],[136.879788,34.918113],[136.88691,34.910959],[136.936927,34.910466],[136.933721,34.923245],[136.944281,34.94175],[136.9752187878209,34.932179707072656],[136.957213,34.881076],[136.964156,34.876525],[136.958773,34.871059],[136.944132,34.880854],[136.94074876646656,34.86277019522792],[136.875688,34.878341],[136.891426,34.855579],[136.881895,34.850737],[136.886541,34.812288],[136.861851,34.814053],[136.8666282,34.83768989999999],[136.857356,34.862542],[136.837288,34.875948],[136.836989,34.884161],[136.832829,34.874401],[136.821961,34.883677],[136.829136,34.961297],[136.820507,34.96621],[136.854524,35.003246],[136.845966,35.008004],[136.86984899240144,35.008333239582896],[136.852023,35.016372],[136.869114,35.041661],[136.89474,35.042231],[136.879427,35.047758],[136.885192,35.074471],[136.889579,35.070359],[136.89616230000001,35.07737539999997],[136.89003870000002,35.07794979999998],[136.890242,35.087967],[136.868654,35.093395],[136.86247619999997,35.0697882],[136.855145,35.077588],[136.858015,35.058657],[136.842644,35.059358],[136.845698,35.064162],[136.797944,35.096936],[136.791969,35.11226],[136.802824,35.12926],[136.80091,35.14804],[136.786654,35.149925],[136.784539,35.157377],[136.762705,35.132737],[136.737699,35.164027],[136.70997,35.163753],[136.709017,35.189471],[136.737755,35.188226],[136.73781,35.181298],[136.750924,35.177241],[136.762326,35.205281],[136.742656,35.194773],[136.728537,35.197127],[136.722467,35.200982],[136.73191,35.220362],[136.717336,35.221087],[136.720833,35.234739],[136.689424,35.235617],[136.679875,35.228206],[136.683133,35.19983],[136.671558,35.18284],[136.676393,35.128867],[136.701855,35.118122],[136.714153,35.131891],[136.738059,35.124125],[136.756247,35.129359],[136.758464,35.117422],[136.785178,35.111126],[136.796346,35.099518],[136.758374,35.090697],[136.806731,35.060269],[136.80667001476002,35.05153628040882],[136.796919,35.05148460000004],[136.8002642,35.0288037],[136.7783564,35.037811799999965],[136.796364,35.022452],[136.79401280000002,35.014937],[136.7706059152799,35.021434960990575],[136.753401,35.053016],[136.749574,35.080728],[136.714072,35.105167],[136.729118,35.057878],[136.742864,35.038819],[136.751819,35.044245],[136.755169,35.039304],[136.728609,35.025203],[136.698111,35.023297],[136.7399966,34.9888016],[136.7464921,34.9682348],[136.7401515,34.9592174],[136.674028,35.006278],[136.655569,34.997979],[136.651713,34.993082],[136.675312,35.002066],[136.661288,34.993431],[136.677651,34.986996],[136.665638,34.972868],[136.650139,34.977307],[136.650282,34.991144],[136.646124,34.959075],[136.637485,34.957466500000024],[136.645468,34.955808],[136.63383130000003,34.94890040000002],[136.641096,34.9388],[136.648129,34.94681],[136.662939,34.945459],[136.66677,34.936924],[136.644762,34.934153],[136.647106,34.90402],[136.625537,34.868336],[136.554952,34.788104],[136.534465,34.754454],[136.521547,34.689901],[136.525206,34.68173510000002],[136.536609,34.677285],[136.541398,34.683166],[136.546829,34.680148],[136.542279,34.674678],[136.55747460000003,34.67135440000002],[136.543809,34.662994],[136.548714,34.632267],[136.529329,34.608311],[136.562615,34.61463],[136.569783,34.602819],[136.601702,34.601926],[136.614227,34.592968],[136.608241,34.571726],[136.616611,34.562055],[136.609476,34.561107],[136.601674,34.53696],[136.588124,34.52369],[136.587813,34.50854],[136.600064,34.505772],[136.60043,34.498416],[136.583963,34.488282]],[[136.5364406174622,35.2480552210583],[136.536765,35.248926],[136.536337,35.250201],[136.5364406174622,35.2480552210583]],[[136.981333,35.003915],[136.981112,35.003101],[136.981042,35.001495],[136.981333,35.003915]],[[136.98494459737842,35.00630306725255],[136.981886,35.004556],[136.981333,35.003915],[136.98494459737842,35.00630306725255]],[[136.923272,34.975858],[136.923207,34.976806],[136.92188,34.978597],[136.923272,34.975858]],[[136.92188,34.978597],[136.921422,34.978942],[136.92109730638703,34.979053148487466],[136.92188,34.978597]],[[136.670981,35.134179],[136.67034059223118,35.13396556310619],[136.672778,35.134777],[136.670981,35.134179]],[[136.696781,35.025542],[136.697453,35.02432],[136.698111,35.023297],[136.696781,35.025542]],[[136.914299,35.377826],[136.917131,35.378192],[136.92145,35.37903],[136.914299,35.377826]],[[136.908527,35.377566],[136.912303,35.377699],[136.914299,35.377826],[136.908527,35.377566]],[[136.90212887095453,35.37777766560129],[136.904258,35.377679],[136.908527,35.377566],[136.90212887095453,35.37777766560129]],[[136.886178,35.377527],[136.834039,35.355945],[136.842211,35.328122],[136.884007,35.299374],[136.8833738,35.3185282],[136.899602,35.3411753],[136.89199,35.344781],[136.899129,35.37192],[136.886178,35.377527]],[[136.880685,35.266581],[136.8805483,35.2664309],[136.8811565903163,35.266073965316],[136.880685,35.266581]],[[136.8816901,35.2652478],[136.8821442,35.2641336],[136.883219,35.2639915],[136.8886621,35.2637904],[136.89292871971307,35.26332923102154],[136.8816901,35.2652478]],[[136.8940472,35.26313],[136.89467829462876,35.26312898691136],[136.89404277532344,35.2632017240069],[136.8940472,35.26313]],[[136.89510849554975,35.26307974912231],[136.895688,35.2629568],[136.8962004399354,35.26295477280383],[136.89510849554975,35.26307974912231]],[[136.8962903,35.2621087],[136.8965128688443,35.262107070001804],[136.89626958882386,35.262946858505615],[136.8962903,35.2621087]],[[136.897351,35.25911350000166],[136.897351,35.259208],[136.897350337033,35.25921029318252],[136.897351,35.25911350000166]],[[136.8973503,35.2555607],[136.897351,35.25556066612903],[136.897351,35.255615449999],[136.8973503,35.2555607]],[[136.8975887275737,35.25555023017291],[136.8985123,35.2555097],[136.89877272025925,35.2555364351597],[136.8975887275737,35.25555023017291]],[[136.902405,35.240212],[136.9022559338322,35.240078354470256],[136.903044,35.240398],[136.902405,35.240212]],[[136.8986057824344,35.23454974699683],[136.897204,35.233969],[136.89600184837653,35.23340078078301],[136.8986057824344,35.23454974699683]],[[136.8951422273408,35.23302147950089],[136.891457,35.231409],[136.89084738708567,35.231126413713056],[136.8951422273408,35.23302147950089]],[[136.8785879152025,35.22640148450904],[136.876768,35.225842],[136.874793,35.225065],[136.8785879152025,35.22640148450904]],[[136.872047,35.231358],[136.871133,35.231305],[136.870966,35.230954],[136.872047,35.231358]],[[136.85885143999863,35.230590535454574],[136.858349,35.230599],[136.857867,35.230561],[136.85885143999863,35.230590535454574]],[[136.832384,35.157927],[136.834758,35.185181],[136.827112,35.179386],[136.809084,35.19009],[136.807577,35.167714],[136.818071,35.158773],[136.832384,35.157927]],[[136.67373,35.289045],[136.674381,35.286949],[136.67482171306125,35.28571847168931],[136.67373,35.289045]],[[136.675802,35.282674],[136.6763949863381,35.2809245947249],[136.67560935848468,35.283318459366555],[136.675802,35.282674]],[[136.676029,35.273982],[136.675221,35.272189],[136.67629871332758,35.27452761274064],[136.676029,35.273982]],[[136.6687416966966,35.26738051836571],[136.6692321122574,35.26764245193061],[136.668911,35.267479],[136.6687416966966,35.26738051836571]],[[136.661565,35.263107],[136.660245,35.26179],[136.65984534270447,35.26129354321562],[136.661565,35.263107]],[[136.657232,35.257506],[136.657341,35.255348],[136.657854,35.254191],[136.657232,35.257506]],[[136.657854,35.254191],[136.658796,35.253275],[136.659087,35.25305],[136.657854,35.254191]],[[136.659087,35.25305],[136.659741,35.25284],[136.65975517093545,35.252871176057994],[136.659087,35.25305]],[[136.6632223167294,35.25194325680036],[136.663574,35.251268],[136.664957,35.251479],[136.6632223167294,35.25194325680036]],[[136.66673,35.249076],[136.66731740193384,35.24833372628426],[136.66667718398796,35.249186827041676],[136.66673,35.249076]],[[136.669444,35.2455],[136.66800596942022,35.24741619898294],[136.66832,35.246932],[136.669444,35.2455]],[[136.669444,35.2455],[136.670479,35.244386],[136.67171,35.243559],[136.669444,35.2455]],[[136.67171,35.243559],[136.672428,35.243263],[136.67256592557501,35.24321177050071],[136.67171,35.243559]],[[136.67317836199496,35.242963319002534],[136.674808,35.242084],[136.6771601425556,35.24134800137363],[136.67317836199496,35.242963319002534]],[[136.677818,35.240571],[136.677846,35.238534],[136.677875,35.241058],[136.677818,35.240571]],[[136.6784129404312,35.23453409783705],[136.67830718723252,35.23528021228734],[136.678371,35.234795],[136.6784129404312,35.23453409783705]],[[136.678914,35.231489],[136.6797371194155,35.22869739577841],[136.678733,35.232276],[136.678914,35.231489]],[[136.691344,35.032097],[136.694183,35.028537],[136.69534114157196,35.02727793378623],[136.691344,35.032097]],[[136.68759844780374,35.03465206517502],[136.688761,35.033799],[136.6891877303714,35.03356792048042],[136.68759844780374,35.03465206517502]],[[136.681232,35.038995],[136.682916,35.037572],[136.68430528213295,35.036898530443715],[136.681232,35.038995]],[[136.678333,35.041609],[136.680009,35.040012],[136.6808765697538,35.039315487983295],[136.678333,35.041609]],[[136.67641834846492,35.04455330352065],[136.677843,35.042205],[136.678333,35.041609],[136.67641834846492,35.04455330352065]],[[136.670446,35.046851],[136.6706667357102,35.04656771161637],[136.670381,35.047302],[136.670446,35.046851]],[[136.66592132530877,35.0469240775808],[136.666559,35.046507],[136.6671,35.046473],[136.66592132530877,35.0469240775808]],[[136.66087577812746,35.04348012109888],[136.661001,35.043821],[136.660544,35.046303],[136.66087577812746,35.04348012109888]],[[136.661024,35.042219],[136.660009,35.041699],[136.660346,35.04084],[136.661024,35.042219]],[[136.65638800386128,35.04266616751167],[136.657239,35.042441],[136.65840612453383,35.04276687607752],[136.65638800386128,35.04266616751167]],[[136.65309654444266,35.04192964664524],[136.653885,35.041912],[136.655543,35.042624],[136.65309654444266,35.04192964664524]],[[136.65005018364096,35.041186167182005],[136.650207,35.041122],[136.650339,35.041147],[136.65005018364096,35.041186167182005]],[[136.647905,35.041454],[136.64799102394701,35.04146541550008],[136.647736,35.0415],[136.647905,35.041454]],[[136.646048,35.042487],[136.6460570831656,35.042485201353344],[136.64602331007146,35.042505019665604],[136.646048,35.042487]],[[136.641749,35.043048],[136.642958,35.042905],[136.644522,35.043386],[136.641749,35.043048]],[[136.64190237067965,35.04149913981301],[136.641981,35.041935],[136.64181321039194,35.04239955194018],[136.64190237067965,35.04149913981301]],[[136.642083,35.039675],[136.642196,35.04036],[136.64199665616047,35.04054696937356],[136.642083,35.039675]],[[136.642582,35.033246],[136.642201,35.033297],[136.64287180652175,35.03316375760869],[136.642582,35.033246]],[[136.644786,35.029533],[136.644618,35.031039],[136.64376369508295,35.032081186991554],[136.644786,35.029533]],[[136.647728,35.02741],[136.645754,35.029193],[136.64503292825972,35.02935481213618],[136.647728,35.02741]],[[136.651722,35.028271],[136.6509279213682,35.02808129668214],[136.652061,35.028319],[136.651722,35.028271]],[[136.653062,35.02706324791575],[136.65312,35.027607],[136.652061,35.028319],[136.653062,35.02706324791575]],[[136.65434,35.02546],[136.654558,35.026148],[136.65372660902986,35.0262294974917],[136.65434,35.02546]],[[136.65856565205328,35.02322982829444],[136.659363,35.024747],[136.657704,35.024983],[136.65856565205328,35.02322982829444]],[[136.65611,35.018734],[136.657548,35.019924],[136.6583956443007,35.021030622419325],[136.65611,35.018734]],[[136.65654355932398,35.01621826021073],[136.657131,35.01672],[136.654394,35.018127],[136.65654355932398,35.01621826021073]],[[136.6644859555298,35.01420953999237],[136.6655865,35.0154951],[136.6642799,35.0143847],[136.6644859555298,35.01420953999237]],[[136.670057,35.017401],[136.6700056,35.0176454],[136.66964313359796,35.01728969949973],[136.670057,35.017401]],[[136.6738878,35.012244],[136.67387853104037,35.01227170474157],[136.67364609729322,35.012166666824406],[136.6738878,35.012244]],[[136.6720461378722,35.01064293893126],[136.6720253,35.0110396],[136.6719901709276,35.01110401240493],[136.6720461378722,35.01064293893126]],[[136.43310954288043,35.00089074811119],[136.431347,35.001407],[136.43003458517967,35.001193361765964],[136.43310954288043,35.00089074811119]],[[136.43473773420084,35.00073051406113],[136.43598944776656,35.000607330052205],[136.435124,35.00076],[136.43473773420084,35.00073051406113]],[[136.43608119973976,35.000598300529646],[136.437202,35.000488],[136.436799,35.000574],[136.43608119973976,35.000598300529646]],[[136.438202472897,34.999475534052515],[136.437827,34.999991],[136.437202,35.000488],[136.438202472897,34.999475534052515]],[[136.445103,35.00038],[136.443299,35.0],[136.4400353616825,34.99917968541435],[136.445103,35.00038]],[[136.446754,35.000186],[136.44647007116106,35.00016029213483],[136.44690457196384,35.00009046164867],[136.446754,35.000186]],[[136.450745,34.997315],[136.449698,34.998509],[136.4492093213417,34.998775863544196],[136.450745,34.997315]],[[136.45475,34.997223],[136.452117,34.997507],[136.450745,34.997315],[136.45475,34.997223]],[[136.459205,34.991396],[136.457679,34.993109],[136.456531,34.994011],[136.459205,34.991396]],[[136.461291,34.990964],[136.46085260709094,34.99102965253073],[136.46161916893044,34.99085920656003],[136.461291,34.990964]],[[136.466505,34.992622],[136.464937,34.991984],[136.46484846502938,34.99176601617082],[136.466505,34.992622]],[[136.47072795476018,34.994012600625375],[136.470963,34.99409],[136.470749,34.994027],[136.47072795476018,34.994012600625375]],[[136.4722773269494,34.99414188132695],[136.47289645772602,34.99416632069971],[136.472506,34.994164],[136.4722773269494,34.99414188132695]],[[136.474989,34.995744],[136.473356,34.9955],[136.47386130563822,34.99446523091772],[136.474989,34.995744]],[[136.47532762604956,34.995506165718545],[136.475137,34.995672],[136.474989,34.995744],[136.47532762604956,34.995506165718545]],[[136.476799,34.994548],[136.47652714717933,34.99466368107694],[136.47702935250663,34.994310956756635],[136.476799,34.994548]],[[136.48434502200436,34.99494541837858],[136.483056,34.994737],[136.48064230295762,34.994303066250794],[136.48434502200436,34.99494541837858]],[[136.488124,34.995601],[136.485986,34.995726],[136.48512086666457,34.99508001283795],[136.488124,34.995601]],[[136.49303417231056,34.996948386826745],[136.492308,34.997479],[136.491349,34.997484],[136.49303417231056,34.996948386826745]],[[136.49626390318707,34.99683164080534],[136.49504,34.996531],[136.494662,34.996431],[136.49626390318707,34.99683164080534]],[[136.49693117531407,34.99699852757135],[136.497089,34.997038],[136.496971,34.997014],[136.49693117531407,34.99699852757135]],[[136.50087998066596,34.997093560486036],[136.499566,34.996826],[136.499088,34.996579],[136.50087998066596,34.997093560486036]],[[136.502923,34.997712],[136.50219728399676,34.99747181916652],[136.504176,34.99804],[136.502923,34.997712]],[[136.508815,34.998821],[136.507973677832,34.99866231508923],[136.509058,34.99884],[136.508815,34.998821]],[[136.510952,34.996783],[136.51014,34.998158],[136.509058,34.99884],[136.510952,34.996783]],[[136.51292107234036,34.99713704932249],[136.51321,34.997189],[136.512941,34.997145],[136.51292107234036,34.99713704932249]],[[136.514927,34.996871],[136.51382848284624,34.99706525412961],[136.515719,34.996687],[136.514927,34.996871]],[[136.52004939197212,34.999733241956825],[136.518981,34.999259],[136.51857225987138,34.99869414392365],[136.52004939197212,34.999733241956825]],[[136.52032808481346,34.99992929022031],[136.520811,35.000269],[136.520489,35.000092],[136.52032808481346,34.99992929022031]],[[136.52106765839054,35.00031141992844],[136.520956,35.000313],[136.520811,35.000269],[136.52106765839054,35.00031141992844]],[[136.522538,35.000614],[136.5220868430205,35.00047986849922],[136.522971,35.000626],[136.522538,35.000614]],[[136.5234449589813,35.00040086653712],[136.523151,35.000572],[136.522971,35.000626],[136.5234449589813,35.00040086653712]],[[136.52396220500222,35.00015517146127],[136.52436139007776,34.99996555606852],[136.524171,35.000082],[136.52396220500222,35.00015517146127]],[[136.5298390708066,34.99823396621527],[136.528468,34.998863],[136.526992,34.998716],[136.5298390708066,34.99823396621527]],[[136.53516866185646,34.99910964718711],[136.53252,34.998593],[136.53209121239226,34.99812523980499],[136.53516866185646,34.99910964718711]],[[136.54124581782955,34.999877066047624],[136.539061,34.999715],[136.536439,34.999516],[136.54124581782955,34.999877066047624]],[[136.543588,35.000053],[136.542534,35.0003],[136.54249511991767,34.99997090787464],[136.543588,35.000053]],[[136.54460142606086,35.00064082200088],[136.54561786490694,35.0012303915209],[136.544852,35.000813],[136.54460142606086,35.00064082200088]],[[136.54138643048165,35.007822785631745],[136.542395,35.006204],[136.54325535095987,35.00517078644682],[136.54138643048165,35.007822785631745]],[[136.539834,35.008886],[136.540449,35.009153],[136.539698,35.008876],[136.539834,35.008886]],[[136.53911563032153,35.00919796564577],[136.539479,35.008986],[136.539698,35.008876],[136.53911563032153,35.00919796564577]],[[136.536037,35.0109],[136.53756,35.009911],[136.53905399877826,35.00923203891636],[136.536037,35.0109]],[[136.53583415273187,35.0111435820222],[136.535846,35.011125],[136.536037,35.0109],[136.53583415273187,35.0111435820222]],[[136.534331,35.012806],[136.53467996191623,35.01252955155228],[136.534319,35.012963],[136.534331,35.012806]],[[136.536134,35.017011],[136.535243,35.015034],[136.53514399999986,35.01480299999967],[136.536134,35.017011]],[[136.53637409846294,35.01725555549656],[136.536281,35.017279],[136.536134,35.017011],[136.53637409846294,35.01725555549656]],[[136.538148,35.018025],[136.537373,35.018273],[136.53847263374294,35.0179112913895],[136.538148,35.018025]],[[136.541185,35.018187],[136.540778,35.017336],[136.540708,35.017176],[136.541185,35.018187]],[[136.546583,35.01657],[136.54443,35.017227],[136.54322371016005,35.017576293381104],[136.546583,35.01657]],[[136.546163,35.01561],[136.546314,35.015954],[136.546583,35.01657],[136.546163,35.01561]],[[136.5511356835877,35.015017],[136.550772,35.014976],[136.550528,35.014525],[136.5511356835877,35.015017]],[[136.552732,35.016464],[136.551484,35.015607],[136.55308207826707,35.01659286316579],[136.552732,35.016464]],[[136.55469772706158,35.019941406805266],[136.554212,35.019514],[136.554494,35.017736],[136.55469772706158,35.019941406805266]],[[136.554992,35.023127],[136.554679,35.021901],[136.554706,35.020030963855504],[136.554992,35.023127]],[[136.554674,35.025054],[136.55478470535715,35.02450896428568],[136.554674,35.025247],[136.554674,35.025054]],[[136.55526433816328,35.026095664660005],[136.554813,35.025608],[136.554674,35.025247],[136.55526433816328,35.026095664660005]],[[136.55706003245777,35.0306703842913],[136.556749,35.030304],[136.556095,35.029189],[136.55706003245777,35.0306703842913]],[[136.558448,35.032801],[136.557766,35.031817],[136.55739150039057,35.031179207994384],[136.558448,35.032801]],[[136.5492372438099,35.037454544226115],[136.551683,35.037128],[136.55232433409347,35.037128],[136.5492372438099,35.037454544226115]],[[136.534291,35.038023054305285],[136.535108,35.038023],[136.53606812458153,35.038055223390174],[136.534291,35.038023054305285]],[[136.534647,35.038611],[136.534291,35.03802658592554],[136.53509683799388,35.03898981094221],[136.534647,35.038611]],[[136.536249,35.040367],[136.53649445360847,35.04107137113466],[136.536355,35.040684],[136.536249,35.040367]],[[136.533536,35.043373],[136.533919,35.043225],[136.53482088060335,35.043136675044664],[136.533536,35.043373]],[[136.53644079017954,35.04707828074517],[136.533301,35.044567],[136.533536,35.043373],[136.53644079017954,35.04707828074517]],[[136.53861700315957,35.05111243127962],[136.538593,35.050787],[136.53885650035974,35.05054192750126],[136.53861700315957,35.05111243127962]],[[136.540206,35.056277],[136.538527,35.053614],[136.537956,35.052687],[136.540206,35.056277]],[[136.54026738429343,35.0573491392607],[136.539673,35.056558],[136.540206,35.056277],[136.54026738429343,35.0573491392607]],[[136.541419,35.062604],[136.540515,35.061167],[136.541814,35.060469],[136.541419,35.062604]],[[136.5409035889227,35.062876112274616],[136.541008,35.062752],[136.541419,35.062604],[136.5409035889227,35.062876112274616]],[[136.537591,35.064625],[136.539857,35.063216],[136.54051609113648,35.06308069247993],[136.537591,35.064625]],[[136.537591,35.064625],[136.535754,35.066894],[136.535666,35.066871],[136.537591,35.064625]],[[136.5388565968638,35.069949555225136],[136.538452,35.069706],[136.5390590783417,35.06742769002385],[136.5388565968638,35.069949555225136]],[[136.569337,35.055639],[136.600186,35.048611],[136.609271,35.061329],[136.603011,35.085025],[136.612835,35.083729],[136.620234,35.094351],[136.604975,35.100942],[136.601498,35.112941],[136.589102,35.114438],[136.562581,35.083149],[136.569337,35.055639]],[[136.541393,35.245749],[136.539452,35.246863],[136.53859804117639,35.24678215377899],[136.541393,35.245749]],[[136.5414558682242,35.245320630682876],[136.541463,35.245512],[136.541393,35.245749],[136.5414558682242,35.245320630682876]],[[136.54164,35.244066],[136.541582,35.244494],[136.54156014373672,35.24461012182625],[136.54164,35.244066]],[[136.54151335493904,35.24385737609312],[136.541594,35.243908],[136.54164,35.244066],[136.54151335493904,35.24385737609312]],[[136.54069664176353,35.24251199481907],[136.53978,35.241002],[136.5406,35.242062],[136.54069664176353,35.24251199481907]],[[136.54088507004363,35.237618675251674],[136.540316,35.239417],[136.5399721099213,35.24041382891085],[136.54088507004363,35.237618675251674]],[[136.541837,35.236849],[136.541013,35.237227],[136.5420917775798,35.236487418387085],[136.541837,35.236849]],[[136.543847,35.23531],[136.5438819039729,35.23526015468611],[136.54394253930835,35.235218584690564],[136.543847,35.23531]],[[136.545903,35.235265],[136.5448020442042,35.23516995880448],[136.54631044537922,35.23523926927372],[136.545903,35.235265]],[[136.54739567267453,35.235099632725195],[136.547175,35.235268],[136.547001,35.235271],[136.54739567267453,35.235099632725195]],[[136.549273,35.234383],[136.54807168217292,35.234806108716676],[136.549767,35.23407],[136.549273,35.234383]],[[136.55015487080104,35.23244094263567],[136.550445,35.233055],[136.549767,35.23407],[136.55015487080104,35.23244094263567]],[[136.550282,35.231907],[136.550298,35.232112],[136.5502114268647,35.23220340716822],[136.550282,35.231907]],[[136.54920977738624,35.23107341229722],[136.549705,35.231315],[136.550282,35.231907],[136.54920977738624,35.23107341229722]],[[136.549274,35.229525],[136.54893203267045,35.22983648181818],[136.549132,35.229288],[136.549274,35.229525]],[[136.547884,35.228254],[136.54762426561976,35.22810586882686],[136.54759296906508,35.22808133092856],[136.547884,35.228254]],[[136.548127,35.226887],[136.54787241146042,35.227071128003814],[136.548169,35.226789],[136.548127,35.226887]],[[136.5475870305452,35.22468666552963],[136.548242,35.225365],[136.548169,35.226789],[136.5475870305452,35.22468666552963]],[[136.547542,35.223781],[136.547585,35.22467933029044],[136.5472677606315,35.22353331952612],[136.547542,35.223781]],[[136.54741734135953,35.220454960360364],[136.54728,35.22173],[136.546964,35.222436],[136.54741734135953,35.220454960360364]],[[136.54946820797664,35.219291845322],[136.548293,35.220167],[136.547475,35.220203],[136.54946820797664,35.219291845322]],[[136.553072,35.220176],[136.55172314907938,35.21976529453306],[136.554361,35.220479],[136.553072,35.220176]],[[136.556596,35.22067],[136.5565817782202,35.220665415690014],[136.556827,35.220686],[136.556596,35.22067]],[[136.5572679045245,35.21962662619879],[136.557077,35.220497],[136.556827,35.220686],[136.5572679045245,35.21962662619879]],[[136.558513,35.216635],[136.55921020339397,35.21607787818092],[136.559095,35.216208],[136.558513,35.216635]],[[136.55957294550498,35.21578801793857],[136.560036,35.215418],[136.559874,35.215607],[136.55957294550498,35.21578801793857]],[[136.559989,35.212467],[136.559531,35.212891],[136.55993652512018,35.21201799453293],[136.559989,35.212467]],[[136.561349,35.209041],[136.56042693434588,35.21096225244983],[136.561403,35.208861],[136.561349,35.209041]],[[136.56105566437517,35.20842281954468],[136.561218,35.208555],[136.561403,35.208861],[136.56105566437517,35.20842281954468]],[[136.561057,35.206085],[136.5602747610792,35.206427774303684],[136.56129182722978,35.20580437853378],[136.561057,35.206085]],[[136.565978,35.204985],[136.5627,35.205804],[136.561746,35.205526],[136.565978,35.204985]],[[136.568023,35.204469],[136.5674521981145,35.204416217624924],[136.56841858129022,35.20404336290985],[136.568023,35.204469]],[[136.56956006211732,35.2036029511568],[136.56954,35.203641],[136.56935232687644,35.203683100590276],[136.56956006211732,35.2036029511568]],[[136.572883,35.202414],[136.57169351704775,35.202779811071],[136.5730985722267,35.202237705763736],[136.572883,35.202414]],[[136.573535,35.202098],[136.57352442383478,35.202073401599534],[136.5737015468648,35.20200506311999],[136.573535,35.202098]],[[136.574185,35.201826],[136.57415581002866,35.201829797069436],[136.5745,35.201697],[136.574185,35.201826]],[[136.5745,35.201697],[136.576221,35.20188],[136.575798,35.202334],[136.5745,35.201697]],[[136.577101,35.198401],[136.57724151843266,35.19747485578489],[136.577224,35.198129],[136.577101,35.198401]],[[136.581608,35.197132],[136.58155863983353,35.197107247541155],[136.581961,35.197136],[136.581608,35.197132]],[[136.585213,35.194223],[136.583158,35.196615],[136.581961,35.197136],[136.585213,35.194223]],[[136.585185,35.188629],[136.584696,35.188598],[136.58527050997495,35.188579667322145],[136.585185,35.188629]],[[136.586921,35.188527],[136.586829,35.188581],[136.58636699383348,35.18854467839902],[136.586921,35.188527]],[[136.588312,35.186974],[136.588289,35.187132],[136.5881375176951,35.187168803033444],[136.588312,35.186974]],[[136.591744,35.185665],[136.59157,35.186386],[136.5890224539249,35.18474145392491],[136.591744,35.185665]],[[136.59655,35.179815],[136.59618481869964,35.179970396298025],[136.596785,35.17966],[136.59655,35.179815]],[[136.597021,35.177306],[136.597402,35.178318],[136.596785,35.17966],[136.597021,35.177306]],[[136.600733,35.178201],[136.599189,35.177037],[136.601149,35.178489],[136.600733,35.178201]],[[136.602863,35.177389],[136.602073,35.178186],[136.601149,35.178489],[136.602863,35.177389]],[[136.604955,35.17499],[136.60397255183724,35.17557998505238],[136.6047299706514,35.174345088303596],[136.604955,35.17499]],[[136.60526087870792,35.17347949502721],[136.605244,35.173717],[136.6050505641624,35.173822392171594],[136.60526087870792,35.17347949502721]],[[136.606126,35.172069],[136.606019,35.172321],[136.6059052919959,35.17242884265454],[136.606126,35.172069]],[[136.60494819146737,35.16894802631209],[136.606034,35.170409],[136.606126,35.172069],[136.60494819146737,35.16894802631209]],[[136.607401,35.165525],[136.607204,35.165819],[136.607425354353,35.1653512172439],[136.607401,35.165525]],[[136.608521,35.163489],[136.60805511366013,35.16402036225791],[136.6085402953251,35.1629950396773],[136.608521,35.163489]],[[136.60914907914582,35.16256626897751],[136.609081,35.162647],[136.60859,35.16289],[136.60914907914582,35.16256626897751]],[[136.612391,35.159638],[136.6122111343873,35.15979970610372],[136.612508,35.159421],[136.612391,35.159638]],[[136.61222458225507,35.15837288909424],[136.612461,35.158927],[136.612508,35.159421],[136.61222458225507,35.15837288909424]],[[136.615228,35.151049],[136.61385345184632,35.15255996794433],[136.615552,35.149929],[136.615228,35.151049]],[[136.6192670007574,35.14897526963315],[136.617811,35.149778],[136.61666647972612,35.14964288615307],[136.6192670007574,35.14897526963315]],[[136.62212816081188,35.147931076998525],[136.621688,35.148256],[136.621352,35.14844],[136.62212816081188,35.147931076998525]],[[136.63049,35.150221],[136.628396,35.148627],[136.627784,35.148109],[136.63049,35.150221]],[[136.634071,35.149833],[136.632273,35.150082],[136.63049,35.150221],[136.634071,35.149833]],[[136.635059,35.148172],[136.634596,35.149496],[136.634071,35.149833],[136.635059,35.148172]],[[136.639421,35.147758],[136.63891801327605,35.14769943539911],[136.639926,35.147576],[136.639421,35.147758]],[[136.644431,35.144413],[136.641826,35.146561],[136.639926,35.147576],[136.644431,35.144413]],[[136.645418,35.146828],[136.64521005280034,35.1460059373065],[136.64583513706202,35.147284053551886],[136.645418,35.146828]],[[136.645699,35.149547],[136.6457791152348,35.14923004578827],[136.645619,35.150278],[136.645699,35.149547]],[[136.6456804772929,35.15095662302965],[136.64563,35.150597],[136.645619,35.150278],[136.6456804772929,35.15095662302965]],[[136.64608836714686,35.15545915454041],[136.645744,35.152661],[136.6457348694737,35.15155703636586],[136.64608836714686,35.15545915454041]],[[136.64516682491123,35.16077461012974],[136.644681,35.162773],[136.644648,35.161854],[136.64516682491123,35.16077461012974]],[[136.64557782972025,35.164471549613644],[136.645059,35.163658],[136.644681,35.162773],[136.64557782972025,35.164471549613644]],[[136.649701,35.164337],[136.646284,35.165809],[136.652701,35.162864],[136.649701,35.164337]],[[136.65437092260345,35.161836049682236],[136.655643,35.161053],[136.655252,35.161477],[136.65437092260345,35.161836049682236]],[[136.657963,35.155923],[136.656631,35.158936],[136.655643,35.161053],[136.657963,35.155923]],[[136.667664,35.141153],[136.664976,35.144843],[136.66353510536564,35.146541307876156],[136.667664,35.141153]],[[136.6679530773682,35.139556790184216],[136.667849,35.140413],[136.667664,35.141153],[136.6679530773682,35.139556790184216]],[[136.536909,35.071243],[136.53785593578306,35.07089977321918],[136.536613,35.071413],[136.536909,35.071243]],[[136.53528584751191,35.07291179129043],[136.535821,35.07216],[136.536613,35.071413],[136.53528584751191,35.07291179129043]],[[136.527728,35.076327],[136.52805883817348,35.07621304733975],[136.527671,35.076387],[136.527728,35.076327]],[[136.52825916638477,35.07787117040965],[136.527792,35.077397],[136.527671,35.076387],[136.52825916638477,35.07787117040965]],[[136.529467,35.080919],[136.529413,35.080787],[136.52941142973785,35.08077877481733],[136.529467,35.080919]],[[136.5293153674704,35.08209276280139],[136.529078,35.081611],[136.52942004710283,35.081282454756504],[136.5293153674704,35.08209276280139]],[[136.529085,35.083876],[136.528981,35.08278],[136.5292585179413,35.082532825779154],[136.529085,35.083876]],[[136.525835,35.086327],[136.520398,35.088124],[136.52468,35.086446],[136.525835,35.086327]],[[136.518286,35.089824],[136.51939,35.088842],[136.520398,35.088124],[136.518286,35.089824]],[[136.51802268902287,35.08963061455365],[136.518048,35.089631],[136.518286,35.089824],[136.51802268902287,35.08963061455365]],[[136.516535,35.088538],[136.516829,35.088686],[136.5170847763441,35.08894177634408],[136.516535,35.088538]],[[136.51462,35.089263],[136.51559280446065,35.08893659683603],[136.513559,35.089797],[136.51462,35.089263]],[[136.50848113021854,35.08968357994622],[136.51333301542923,35.08980346711186],[136.508597,35.089939],[136.50848113021854,35.08968357994622]],[[136.50405914123894,35.08943591811013],[136.50518,35.088939],[136.50539413427035,35.088878051999295],[136.50405914123894,35.08943591811013]],[[136.501429,35.090535],[136.49607,35.091462],[136.497735,35.090879],[136.501429,35.090535]],[[136.492233,35.091122],[136.4929389722961,35.09137547455364],[136.490823,35.091317],[136.492233,35.091122]],[[136.489454,35.091949],[136.490201,35.091546],[136.490823,35.091317],[136.489454,35.091949]],[[136.48056044462325,35.09254015823623],[136.481509,35.092389],[136.4819586721359,35.092447217485855],[136.48056044462325,35.09254015823623]],[[136.47800872468895,35.092709772096136],[136.478761,35.092483],[136.47955486443507,35.09260699955956],[136.47800872468895,35.092709772096136]],[[136.475484,35.092161],[136.476546,35.092807],[136.47406939867867,35.091792869277974],[136.475484,35.092161]],[[136.4736305643675,35.091613173275626],[136.4627647378476,35.08716378192664],[136.472586,35.091064],[136.4736305643675,35.091613173275626]],[[136.46052661736698,35.08637220677807],[136.460581,35.086372],[136.46063111089063,35.08640681969975],[136.46052661736698,35.08637220677807]],[[136.458612,35.085738],[136.459367,35.085798],[136.4601191609019,35.08623723899998],[136.458612,35.085738]],[[136.455941,35.086343],[136.457722,35.086429],[136.45536198222953,35.086604693271596],[136.455941,35.086343]],[[136.45429960235603,35.08668378292845],[136.454592,35.086648],[136.45498327607524,35.086632886331856],[136.45429960235603,35.08668378292845]],[[136.453437,35.086748],[136.45208582535415,35.08628595794444],[136.453035,35.086561],[136.453437,35.086748]],[[136.448682,35.085122],[136.449496,35.085169],[136.4513764824997,35.086043394015675],[136.448682,35.085122]],[[136.44759124721833,35.08598559322086],[136.447833,35.085653],[136.448682,35.085122],[136.44759124721833,35.08598559322086]],[[136.692075,35.449115],[136.691588,35.442334],[136.677363,35.439849],[136.682034,35.414293],[136.689656,35.411621],[136.698871,35.421584],[136.698433,35.447261],[136.692075,35.449115]],[[136.843045,35.257532],[136.842818,35.257828],[136.84289966196764,35.257395396027114],[136.843045,35.257532]],[[136.84444431807236,35.26017364507443],[136.845526,35.259946],[136.845608,35.260543],[136.84444431807236,35.26017364507443]],[[136.84580763859452,35.260706022453576],[136.849129,35.263183],[136.8494645268005,35.263692192984244],[136.84580763859452,35.260706022453576]],[[136.853207,35.264079],[136.854295,35.263939],[136.85272503985829,35.264264643906436],[136.853207,35.264079]],[[136.8570438093067,35.26437848570762],[136.859558,35.26475],[136.860068,35.264862],[136.8570438093067,35.26437848570762]],[[136.8614134884184,35.26445777423592],[136.862486,35.263987],[136.86332,35.263885],[136.8614134884184,35.26445777423592]],[[136.86404491829555,35.263348431831936],[136.864947,35.262589],[136.865687,35.262133],[136.86404491829555,35.263348431831936]],[[136.86644343976684,35.261836935987155],[136.864466,35.261712],[136.864404,35.261264],[136.86644343976684,35.261836935987155]],[[136.868684,35.26096],[136.870276,35.259258],[136.87093,35.2589],[136.868684,35.26096]],[[136.873024,35.258474],[136.874383,35.258383],[136.87265276739618,35.25864205886365],[136.873024,35.258474]],[[136.874383,35.258383],[136.874928,35.258705],[136.8757514927015,35.26030762869262],[136.874383,35.258383]],[[136.87597287332068,35.260618975250175],[136.877228,35.262172],[136.87787412455833,35.26329286797891],[136.87597287332068,35.260618975250175]],[[136.844211,35.248976],[136.843566,35.251642],[136.843184,35.251769],[136.844211,35.248976]],[[136.84315754486556,35.249012826291775],[136.84337,35.248919],[136.844211,35.248976],[136.84315754486556,35.249012826291775]],[[136.85797173387095,35.230796315524195],[136.858228,35.230806],[136.858179,35.231262],[136.85797173387095,35.230796315524195]],[[136.85468576875778,35.23441457925937],[136.853378,35.235604],[136.8529218186524,35.23600651295377],[136.85468576875778,35.23441457925937]],[[136.850847,35.237879],[136.85268091757084,35.23622392190858],[136.85109,35.237707],[136.850847,35.237879]],[[136.84892344216237,35.237726353623316],[136.850213,35.240154],[136.849693,35.24029],[136.84892344216237,35.237726353623316]],[[136.84680149089846,35.23755796348417],[136.844397,35.237375],[136.843639,35.237307],[136.84680149089846,35.23755796348417]],[[136.84155584593924,35.241997605005245],[136.842524,35.240318],[136.841788,35.241641],[136.84155584593924,35.241997605005245]],[[136.841424,35.242255],[136.8413108541935,35.24242262967753],[136.8415506045848,35.242006697984856],[136.841424,35.242255]],[[136.84116361181037,35.24267807357194],[136.841048,35.242879],[136.84104354010347,35.2428863803364],[136.84116361181037,35.24267807357194]],[[136.839783,35.245076],[136.83919,35.246102],[136.83986867233585,35.244924603242175],[136.839783,35.245076]],[[136.83919,35.246102],[136.84003,35.24605],[136.84008998895854,35.2469465475704],[136.83919,35.246102]],[[136.84049724746677,35.247328718018615],[136.840726,35.247493],[136.84071970662524,35.24753747318167],[136.84049724746677,35.247328718018615]],[[136.842219,35.248002],[136.842323,35.249042],[136.84113192956335,35.247924302239454],[136.842219,35.248002]],[[136.732995,35.350307],[136.753946,35.344894],[136.768115,35.366902],[136.799978,35.364175],[136.820706,35.3762],[136.81974,35.384972],[136.785296,35.399951],[136.772283,35.396321],[136.751812,35.369718],[136.755985,35.364873],[136.733328,35.361222],[136.732995,35.350307]],[[137.08912,35.122654],[137.0889861665144,35.122180751536874],[137.0891773023832,35.122802793583304],[137.08912,35.122654]],[[137.08888336348386,35.121846184258274],[137.0889016411185,35.12190566789849],[137.088882,35.121868],[137.08888336348386,35.121846184258274]],[[137.087777,35.118063],[137.0878580332818,35.117917909567616],[137.087759,35.118187],[137.087777,35.118063]],[[137.086907,35.114072],[137.0868979166194,35.11332268385296],[137.087093,35.114438],[137.086907,35.114072]],[[137.086413,35.110466],[137.0864976870409,35.11014719867656],[137.086439,35.110699],[137.086413,35.110466]],[[137.08658171331828,35.109357146726964],[137.0865750898363,35.109419423612515],[137.086574,35.109388],[137.08658171331828,35.109357146726964]],[[137.08643682736758,35.107720036375575],[137.0865773090619,35.108097014680645],[137.08648,35.107891],[137.08643682736758,35.107720036375575]],[[137.085417,35.105144],[137.085336,35.104766],[137.0855331508136,35.105295048143255],[137.085417,35.105144]],[[137.085336,35.104766],[137.086684,35.104316],[137.08736696761343,35.10433864208535],[137.085336,35.104766]],[[137.086176,35.099259],[137.085128,35.099179],[137.083333,35.098527],[137.086176,35.099259]],[[137.083333,35.098527],[137.083141,35.09839],[137.0830744546329,35.098314581917286],[137.083333,35.098527]],[[137.079224,35.098345],[137.07888605555124,35.09842900516658],[137.07942719336472,35.0982555172221],[137.079224,35.098345]],[[137.078256,35.098631],[137.07853750822997,35.09854074889769],[137.078362,35.098612],[137.078256,35.098631]],[[137.078256,35.098631],[137.076745,35.098506],[137.075281,35.097212],[137.078256,35.098631]],[[137.0744167770708,35.09721287119247],[137.073749,35.097312],[137.073297,35.097214],[137.0744167770708,35.09721287119247]],[[137.07259623723863,35.096665650599014],[137.071904,35.096214],[137.071228,35.095595],[137.07259623723863,35.096665650599014]],[[137.071228,35.095595],[137.069947,35.09614],[137.068824,35.095577],[137.071228,35.095595]],[[137.06847426246003,35.09570329751443],[137.066909,35.096514],[137.065969,35.096608],[137.06847426246003,35.09570329751443]],[[137.065969,35.096608],[137.063637,35.095754],[137.061687,35.094736],[137.065969,35.096608]],[[137.061687,35.094736],[137.059668,35.093142],[137.05953021348944,35.093012702705735],[137.061687,35.094736]],[[137.058571,35.092499],[137.055674,35.091042],[137.05875830314352,35.09255102865097],[137.058571,35.092499]],[[137.055674,35.091042],[137.055516,35.090577],[137.0553485636277,35.089800545408856],[137.055674,35.091042]],[[137.053105,35.083522],[137.05266565895982,35.0827163233599],[137.05322910920447,35.08372519840341],[137.053105,35.083522]],[[137.051434,35.080511],[137.05239444210451,35.08223070121441],[137.0520121,35.0815654],[137.051434,35.080511]],[[137.051434,35.080511],[137.0499995,35.0762348],[137.04961180280455,35.075250430409966],[137.049938,35.075817],[137.051434,35.080511]],[[137.0491764242962,35.074494224573655],[137.0474784,35.0720765],[137.04731967358785,35.071269247466844],[137.0491764242962,35.074494224573655]],[[137.08362685274733,35.124227431292546],[137.084081,35.124324],[137.084454,35.125341],[137.08362685274733,35.124227431292546]],[[136.931274,35.050743],[136.933083,35.0486],[136.934103,35.049705],[136.931274,35.050743]],[[136.934103,35.049705],[136.934901,35.049773],[136.93463463418956,35.05044161175095],[136.934103,35.049705]],[[136.93530025548336,35.05136387084625],[136.935969,35.051741],[136.93630227667944,35.05275223262248],[136.93530025548336,35.05136387084625]],[[136.93735799683995,35.05322359827452],[136.937646,35.052856],[136.9379028569354,35.05324260037036],[136.93735799683995,35.05322359827452]],[[136.938793,35.053176],[136.939348,35.053293],[136.9386309426856,35.05326799249454],[136.938793,35.053176]],[[136.941229,35.051276],[136.9414490339421,35.050879384919156],[136.9412265454136,35.051737400290534],[136.941229,35.051276]],[[136.94418332965972,35.04582437316929],[136.943618,35.046253],[136.943868,35.045991],[136.94418332965972,35.04582437316929]],[[136.946066,35.044352],[136.946335,35.044193],[136.94575195784827,35.044635056250485],[136.946066,35.044352]],[[136.946335,35.044193],[136.948298,35.044222],[136.94991506474946,35.04449533511279],[136.946335,35.044193]],[[136.95459126183843,35.04645145125346],[136.955574,35.047343],[136.9556351643948,35.04771356154546],[136.95459126183843,35.04645145125346]],[[136.955925,35.047787],[136.9561712336278,35.04767404651762],[136.955772,35.047879],[136.955925,35.047787]],[[136.95831849940504,35.04657171052185],[136.95863,35.046338],[136.958914,35.046266],[136.95831849940504,35.04657171052185]],[[136.95883381790875,35.045382072626246],[136.958699,35.044994],[136.958789,35.044888],[136.95883381790875,35.045382072626246]],[[136.958789,35.044888],[136.959214,35.044001],[136.9594872518807,35.04369012910288],[136.958789,35.044888]],[[136.961893,35.039563],[136.959676,35.039912],[136.959166,35.039294],[136.961893,35.039563]],[[136.9619655,35.0395068],[136.963534,35.04115],[136.964854,35.042931],[136.961893,35.039563],[136.9619655,35.0395068]],[[136.9662266889401,35.042955674635635],[136.967959,35.042741],[136.96824272680155,35.0429919137268],[136.9662266889401,35.042955674635635]],[[136.96850821704305,35.04299668602064],[136.970654,35.042201],[136.97117810986688,35.043044678417665],[136.96850821704305,35.04299668602064]],[[136.97336081049187,35.045992998551725],[136.973813,35.046529],[136.9741449278351,35.04709261092026],[136.97336081049187,35.045992998551725]],[[136.974352,35.047383],[136.974221,35.048173],[136.9740264989067,35.04849518584086],[136.974352,35.047383]],[[137.02072635156492,35.09469303145278],[137.0207676,35.0947093],[137.02065283083982,35.094837534338716],[137.02072635156492,35.09469303145278]],[[137.0201431605283,35.095839276783686],[137.0204581161346,35.09522024053227],[137.020636,35.0953439],[137.0201431605283,35.095839276783686]],[[137.0211404,35.0972732],[137.02132747919862,35.09748190598338],[137.02107221460017,35.09721435230077],[137.0211404,35.0972732]],[[137.02260726305695,35.09949697659225],[137.022697,35.100266],[137.02253124143598,35.10067447936371],[137.02260726305695,35.09949697659225]],[[137.0230047,35.1015755],[137.0235414,35.1018871],[137.0233238,35.1022659],[137.0235198,35.1025931],[137.02325452465823,35.10330752240061],[137.0230047,35.1015755]],[[137.02248726990064,35.105633973119865],[137.02141056898182,35.10960553496053],[137.021113,35.109801],[137.02248726990064,35.105633973119865]],[[137.023972,35.107923],[137.024182,35.107977],[137.02424264441856,35.10800086009911],[137.023972,35.107923]],[[137.02660421232528,35.108680245664246],[137.026676,35.108697],[137.027163,35.108841],[137.02660421232528,35.108680245664246]],[[137.027163,35.108841],[137.027494,35.109153],[137.0276046233217,35.1095622346883],[137.027163,35.108841]],[[137.02767693870808,35.10968033616208],[137.028344,35.110675],[137.02845738319738,35.11095491476854],[137.02767693870808,35.10968033616208]],[[137.0288224400551,35.111234574204104],[137.029579,35.111315],[137.02987449514896,35.11160691847743],[137.0288224400551,35.111234574204104]],[[137.032898,35.112677],[137.0356,35.111285],[137.036741,35.11116],[137.032898,35.112677]],[[137.03690098035415,35.111014191367374],[137.037135,35.110782],[137.03718690728127,35.110753593030154],[137.03690098035415,35.111014191367374]],[[137.0373788849045,35.11057862157887],[137.037398,35.110537],[137.03763940476333,35.11034117964677],[137.0373788849045,35.11057862157887]],[[137.03825367990433,35.10978131953865],[137.039024,35.109079],[137.039439,35.108701],[137.03825367990433,35.10978131953865]],[[137.039439,35.108701],[137.041196,35.109625],[137.042937,35.111298],[137.039439,35.108701]],[[137.04354203790945,35.11185209915994],[137.044852,35.112436],[137.04484651214275,35.11285392457602],[137.04354203790945,35.11185209915994]],[[137.048367,35.111991],[137.050086,35.112167],[137.05167,35.113357],[137.048367,35.111991]],[[137.051671,35.113358],[137.05167155553156,35.113359265377404],[137.05167,35.113357],[137.051671,35.113358]],[[137.05206085111618,35.11392621075759],[137.052416,35.114388],[137.05245675998086,35.114502787299074],[137.05206085111618,35.11392621075759]],[[137.06025277287856,35.115171156424715],[137.05923664744512,35.11531071261759],[137.059392,35.115154],[137.06025277287856,35.115171156424715]],[[137.0609582,35.1152284],[137.06103844314907,35.11532931292764],[137.0607207161846,35.11519363899636],[137.0609582,35.1152284]],[[137.062677,35.116029],[137.06251454290873,35.115959628512215],[137.062625,35.116001],[137.062677,35.116029]],[[137.062677,35.116029],[137.062699,35.116128],[137.06262790522635,35.116363276063176],[137.062677,35.116029]],[[137.06288286813813,35.11936564017882],[137.065779,35.120077],[137.06678547551482,35.12077487580162],[137.06288286813813,35.11936564017882]],[[137.071813,35.12075],[137.07200018992668,35.12076428040181],[137.0716782530509,35.12079126256072],[137.071813,35.12075]],[[137.072445,35.120727],[137.073841,35.119566],[137.075414,35.119324],[137.072445,35.120727]],[[137.075414,35.119324],[137.077258,35.119488],[137.07795566472743,35.119745778957466],[137.075414,35.119324]],[[137.07860668950113,35.119853813879374],[137.078999,35.1199],[137.079114,35.119938],[137.07860668950113,35.119853813879374]],[[137.081429,35.121231],[137.0815545620539,35.12143755553404],[137.081312,35.121111],[137.081429,35.121231]],[[137.08182724988137,35.12180466868179],[137.082326,35.122241],[137.08240756157934,35.122585928542534],[137.08182724988137,35.12180466868179]],[[137.083245,35.123621],[137.08340472485497,35.12392838578503],[137.08301185924915,35.12339948014765],[137.083245,35.123621]],[[136.92050086471758,34.97940075061538],[136.920343,34.979503],[136.920183,34.979586],[136.92050086471758,34.97940075061538]],[[136.920183,34.979586],[136.919837,34.98067],[136.91949266750302,34.98095400995277],[136.920183,34.979586]],[[136.919092,34.981748],[136.918985,34.981754],[136.91893165633238,34.98172996242138],[136.919092,34.981748]],[[136.9157426585727,34.98317252122152],[136.916176,34.983652],[136.91633006223967,34.983897918130864],[136.9157426585727,34.98317252122152]],[[136.9175564653219,34.985412428603865],[136.917938,34.985799],[136.91811,34.986096],[136.9175564653219,34.985412428603865]],[[136.91811,34.986096],[136.918276,34.987054],[136.91752260460692,34.98862484120175],[136.91811,34.986096]],[[136.917376,34.989256],[136.917389,34.993126],[136.91712,34.994015],[136.917376,34.989256]],[[136.91724543898576,34.99554568357109],[136.917274,34.995873],[136.917274,34.99589420261423],[136.91724543898576,34.99554568357109]],[[136.9173049687763,34.99627210264954],[136.917329,34.996444],[136.91732485756881,34.9965147979148],[136.9173049687763,34.99627210264954]],[[136.917579,34.999616],[136.91744998037538,34.99804162327336],[136.917812,34.99887],[136.917579,34.999616]],[[136.91791981445022,35.000843689386286],[136.91826,35.00122],[136.91808107750154,35.001424594733344],[136.91791981445022,35.000843689386286]],[[136.918479,35.002858],[136.91842882536258,35.00267725980612],[136.918444,35.002728],[136.918479,35.002858]],[[136.918479,35.002858],[136.918358,35.003247],[136.917938,35.003808],[136.918479,35.002858]],[[136.917938,35.003808],[136.918966,35.005738],[136.918858,35.006862],[136.917938,35.003808]],[[136.921421,35.008559],[136.921571,35.008652],[136.92128146166104,35.00869518174661],[136.921421,35.008559]],[[136.922371,35.009662],[136.92254009399676,35.01032225620112],[136.9221633770176,35.009672975664266],[136.922371,35.009662]],[[136.924035,35.011396],[136.924904,35.01131],[136.92400818138015,35.01178571960309],[136.924035,35.011396]],[[136.9252611065939,35.01192955329068],[136.926502,35.014024],[136.926579,35.014216],[136.9252611065939,35.01192955329068]],[[136.933715,35.011238],[136.93658,35.012002],[136.937176,35.012283],[136.933715,35.011238]],[[136.9386011127972,35.01368026628175],[136.939946,35.01442],[136.940349,35.015394],[136.9386011127972,35.01368026628175]],[[136.940349,35.015394],[136.939819,35.016254],[136.93907081715832,35.016332081559234],[136.940349,35.015394]],[[136.937955,35.017151],[136.936704,35.017725],[136.93663801800633,35.01762751309045],[136.937955,35.017151]],[[136.93637411413263,35.01772299932416],[136.93624,35.01788],[136.9359202646116,35.017887212076424],[136.93637411413263,35.01772299932416]],[[136.933044,35.01957],[136.932444,35.019974],[136.93340681712715,35.01898811217492],[136.933044,35.01957]],[[136.93241540762503,35.021168993083734],[136.932827,35.021802],[136.93239464914697,35.02203657535765],[136.93241540762503,35.021168993083734]],[[136.933009,35.023239],[136.933331,35.023633],[136.932376,35.022816],[136.933009,35.023239]],[[136.933331,35.023633],[136.933228,35.024693],[136.932443,35.025716],[136.933331,35.023633]],[[136.928131,35.028876],[136.92708251420208,35.02978922706774],[136.9285426117648,35.02814526113768],[136.928131,35.028876]],[[136.92780438372776,35.03275048868488],[136.929571,35.036256],[136.929754,35.036685],[136.92780438372776,35.03275048868488]],[[136.932199,35.042627],[136.934061,35.04184],[136.934178,35.042317],[136.932199,35.042627]],[[136.928968,35.046131],[136.928503,35.04687],[136.92904242094883,35.0458363291249],[136.928968,35.046131]],[[136.928503,35.04687],[136.929842,35.048375],[136.928777,35.05015],[136.928503,35.04687]],[[136.977794,35.046212],[136.979281,35.045848],[136.979922,35.045721],[136.977794,35.046212]],[[136.981657,35.044499],[136.98253957121588,35.04403451500367],[136.9812652688892,35.044855540136325],[136.981657,35.044499]],[[136.984496,35.042774],[136.9863045,35.0420669],[136.9882917546949,35.0418262942479],[136.984496,35.042774]],[[136.989878,35.036586],[136.98920291291068,35.03696847716809],[136.989758,35.036618],[136.989878,35.036586]],[[136.9907582949313,35.03734605760303],[136.990453,35.036544],[136.991599,35.03587],[136.9907582949313,35.03734605760303]],[[136.99180400528815,35.03824893694383],[136.99127379253844,35.03779114465478],[136.991531,35.037794],[136.99180400528815,35.03824893694383]],[[136.992111,35.038514],[136.993427,35.038375],[136.99487102671907,35.03904670726916],[136.992111,35.038514]],[[136.99896960077595,35.03524106328131],[136.9967203257752,35.03691245763339],[136.9976642,35.0352289],[136.99896960077595,35.03524106328131]],[[136.999081,35.034356],[136.9993518564161,35.03176078803781],[136.99906107776246,35.035173088436736],[136.999081,35.034356]],[[137.001143,35.028084],[137.00165,35.027041],[137.001143,35.029516],[137.001143,35.028084]],[[137.00165,35.027041],[136.9984022,35.0241381],[136.9974715704231,35.023490614936016],[136.997844,35.023623],[137.00165,35.027041]],[[137.044904477836,35.069117165404776],[137.04359,35.0684626],[137.042914,35.067873],[137.044904477836,35.069117165404776]],[[137.042914,35.067873],[137.042948,35.068118],[137.04292640834387,35.068170179835654],[137.042914,35.067873]],[[136.993681,35.023065],[136.99311302113122,35.02304522128738],[136.993753560864,35.02305765753162],[136.993681,35.023065]],[[136.99053557669532,35.02211869429225],[136.989687,35.020264],[136.9896762601822,35.0202088195568],[136.99053557669532,35.02211869429225]],[[136.98901717527943,35.01874396977786],[136.987578,35.016805],[136.98759,35.015572],[136.98901717527943,35.01874396977786]],[[136.98759,35.015572],[136.988039,35.014477],[136.9887438563595,35.01343351181993],[136.98759,35.015572]],[[136.98657787004825,35.007521538906964],[136.986121,35.007116],[136.986047,35.007032],[136.98657787004825,35.007521538906964]],[[136.98585254551074,35.00690342243465],[136.985719,35.006823],[136.98555207619006,35.00670474554186],[136.98585254551074,35.00690342243465]],[[137.043043,35.070555],[137.043034,35.070747],[137.04302265900148,35.070475383085544],[137.043043,35.070555]],[[137.043034,35.070747],[137.042563,35.071524],[137.0420600859368,35.0716528501821],[137.043034,35.070747]],[[137.04123657161216,35.072675927453425],[137.042207,35.073212],[137.042782,35.073913],[137.04123657161216,35.072675927453425]],[[137.042782,35.073913],[137.042411,35.074758],[137.0414492173913,35.07463187267081],[137.042782,35.073913]],[[137.041343,35.077085],[137.0412197276079,35.077271536714086],[137.041304,35.076907],[137.041343,35.077085]],[[137.041207,35.078917],[137.040693,35.07955],[137.04093057995226,35.07852230145034],[137.041207,35.078917]],[[137.036638,35.082355],[137.035503,35.083883],[137.0368633713997,35.081282065050296],[137.036638,35.082355]],[[137.035503,35.083883],[137.034951,35.084132],[137.03451775566052,35.0841862869586],[137.035503,35.083883]],[[137.033105,35.084773],[137.032131,35.084921],[137.03317063843772,35.08460096895067],[137.033105,35.084773]],[[137.03030255002923,35.08452184361935],[137.030127,35.084579],[137.0298112509181,35.08441459147783],[137.03030255002923,35.08452184361935]],[[137.028867,35.085018],[137.02839335870726,35.085071886485046],[137.028984,35.084234],[137.028867,35.085018]],[[137.0272419,35.0881032],[137.02720410576333,35.088731566228866],[137.02713697228046,35.087973013662],[137.0272419,35.0881032]],[[137.027248,35.089077],[137.02725388554924,35.08929403644128],[137.02722560649815,35.08897450666451],[137.027248,35.089077]],[[137.02726513186218,35.08942111043156],[137.027932,35.090711],[137.02741,35.091058],[137.02726513186218,35.08942111043156]],[[137.0273300064612,35.09100534993164],[137.02686,35.090783],[137.02668163815417,35.09057860751967],[137.0273300064612,35.09100534993164]],[[137.022906,35.089274],[137.02333414123666,35.089291466012796],[137.023061,35.089343],[137.022906,35.089274]],[[137.02283196774184,35.08937530730067],[137.022736,35.089529],[137.02259176923087,35.089703999999855],[137.02283196774184,35.08937530730067]],[[136.902614,35.255491],[136.904223,35.255469],[136.90261078064827,35.255491131839044],[136.902614,35.255491]],[[136.904223,35.255469],[136.904438,35.256262],[136.90448974589242,35.256881358203714],[136.904223,35.255469]],[[136.905533,35.258988],[136.9060683250396,35.25972252099835],[136.904854,35.25881],[136.905533,35.258988]],[[136.907566,35.260761],[136.908612,35.261634],[136.9067055838412,35.26020139775613],[136.907566,35.260761]],[[136.908612,35.261634],[136.909443,35.261804],[136.913204,35.263951],[136.908612,35.261634]],[[136.9147323485727,35.264448289296894],[136.916473,35.264982],[136.917184,35.265246],[136.9147323485727,35.264448289296894]],[[136.923689,35.263357],[136.924921,35.261296],[136.92551011236958,35.26117801862793],[136.923689,35.263357]],[[136.929661,35.259548],[136.930943,35.259417],[136.92877992507186,35.259698759366344],[136.929661,35.259548]],[[136.90606,35.240026],[136.904529,35.239621],[136.908727,35.240372],[136.90606,35.240026]],[[136.91059,35.239155],[136.909374,35.240033],[136.908727,35.240372],[136.91059,35.239155]],[[136.910817,35.236429],[136.911108,35.238071],[136.91059,35.239155],[136.910817,35.236429]],[[136.91641144513454,35.237301369657025],[136.915387,35.237351],[136.914262,35.237262],[136.91641144513454,35.237301369657025]],[[136.9194269284583,35.23800060203017],[136.918021,35.237659],[136.917374,35.237319],[136.9194269284583,35.23800060203017]],[[136.92239,35.240987],[136.920763,35.239305],[136.920407,35.238326],[136.92239,35.240987]],[[136.9236443663188,35.24112225515418],[136.923556,35.241189],[136.92239,35.240987],[136.9236443663188,35.24112225515418]],[[136.926801,35.242569],[136.925397,35.242731],[136.924894,35.241257],[136.926801,35.242569]],[[136.92925853465138,35.24466181772541],[136.927973,35.243572],[136.926801,35.242569],[136.92925853465138,35.24466181772541]],[[136.92963339040566,35.244981042020605],[136.931511,35.24658],[136.929688,35.245037],[136.92963339040566,35.244981042020605]],[[136.930724,35.247976],[136.93037,35.246631],[136.931511,35.24658],[136.930724,35.247976]],[[136.93101445245622,35.24827069116475],[136.930927,35.248239],[136.930724,35.247976],[136.93101445245622,35.24827069116475]],[[136.930892,35.252203],[136.932163,35.249436],[136.9310065806747,35.252449561853965],[136.930892,35.252203]],[[136.929776,35.25337],[136.93074394685053,35.252892407285216],[136.928057,35.25526],[136.929776,35.25337]],[[136.930808,35.257318],[136.929344,35.258242],[136.928057,35.25526],[136.930808,35.257318]],[[136.9308174425954,35.257464814872094],[136.930808,35.257463],[136.930808,35.257318],[136.9308174425954,35.257464814872094]],[[136.9243226,35.3242423],[136.9215471,35.3193768],[136.9212819599474,35.31927721925029],[136.921753,35.319286],[136.9243226,35.3242423]],[[136.92086298728998,35.31926940909907],[136.920907902771,35.319270246377336],[136.920865,35.3192761],[136.92086298728998,35.31926940909907]],[[136.92078616195315,35.31926797698295],[136.9199118,35.3193211],[136.9198762626245,35.31925101537168],[136.92078616195315,35.31926797698295]],[[136.915262,35.319165],[136.9154405,35.3191716],[136.91513570676574,35.319231231956735],[136.915262,35.319165]],[[136.91403950796678,35.32109575411128],[136.9139931374453,35.3209287125931],[136.9140547,35.321093],[136.91403950796678,35.32109575411128]],[[136.9145592129098,35.322967898307375],[136.9145693,35.322914],[136.9145786,35.3229633],[136.9145592129098,35.322967898307375]],[[136.91224048797702,35.32407930536094],[136.9156441,35.3245093],[136.9154212,35.3260969],[136.9148867,35.3263609],[136.91224048797702,35.32407930536094]],[[136.9108207,35.3230849],[136.90995521731804,35.322323491769865],[136.91159600795922,35.32358414004212],[136.9108207,35.3230849]],[[136.9096665630674,35.32210171363849],[136.90970448071505,35.32213084643326],[136.9096806,35.3221383],[136.9096665630674,35.32210171363849]],[[136.90838242470593,35.321115087577816],[136.90840151612912,35.3211297558536],[136.9083974,35.321128],[136.90838242470593,35.321115087577816]],[[136.90773078106812,35.3206144183239],[136.9074816,35.3206009],[136.9073429015483,35.32031640367521],[136.90773078106812,35.3206144183239]],[[136.9066715398596,35.31904760779162],[136.90671449658586,35.31914252203729],[136.9066512,35.3190507],[136.9066715398596,35.31904760779162]],[[136.9058062,35.317785],[136.90742221707129,35.31642454902439],[136.907505,35.316771],[136.9058062,35.317785]],[[136.9065367,35.3133218],[136.906662,35.313243],[136.90679124578296,35.31378390050088],[136.9065367,35.3133218]],[[136.90355312034737,35.31385536781053],[136.9015113,35.3129552],[136.9004541273997,35.31064141826015],[136.90355312034737,35.31385536781053]],[[136.89972645923638,35.3100446132781],[136.8979533,35.309624],[136.89823506858008,35.309064266463],[136.89972645923638,35.3100446132781]],[[136.8958670145936,35.30676879561573],[136.895504,35.3093517],[136.8951933,35.309117],[136.8952147,35.3078203],[136.8958670145936,35.30676879561573]],[[136.89539661003053,35.30649821457862],[136.895883,35.306639],[136.8958716844937,35.30673087774586],[136.89539661003053,35.30649821457862]],[[136.8931414241069,35.30584545173298],[136.8918928,35.3064172],[136.891360246332,35.306685092855],[136.892594,35.305687],[136.8931414241069,35.30584545173298]],[[136.93117206575874,35.36848069813179],[136.930637,35.367785],[136.930837,35.367904],[136.93117206575874,35.36848069813179]],[[136.92867964466186,35.368404805871904],[136.930321,35.367832],[136.930637,35.367785],[136.92867964466186,35.368404805871904]],[[136.926951,35.368873],[136.9278056480055,35.368681561067596],[136.92640704691362,35.36904141752477],[136.926951,35.368873]],[[136.925308,35.367078],[136.925517,35.367081],[136.92472101043623,35.36722131183329],[136.925308,35.367078]],[[136.921041,35.36787],[136.92176,35.366418],[136.92334008558282,35.36746473223306],[136.921041,35.36787]],[[136.91906,35.369063],[136.920104,35.368299],[136.921041,35.36787],[136.91906,35.369063]],[[136.91868352160765,35.372713975244224],[136.91755,35.372116],[136.916875,35.371474],[136.91868352160765,35.372713975244224]],[[136.9252231,35.3252773],[136.9248886243483,35.3246130360776],[136.92751966443444,35.32640201253201],[136.9252231,35.3252773]],[[136.92940977819194,35.3275663250806],[136.9281031,35.3272794],[136.92762915566257,35.32646945927185],[136.92940977819194,35.3275663250806]],[[136.93239661255097,35.33014902072852],[136.9320019,35.3297403],[136.93184098784948,35.329411518264955],[136.93239661255097,35.33014902072852]],[[136.9321138,35.3313277],[136.93247474788345,35.33037173614787],[136.93296208655633,35.33176083674378],[136.9321138,35.3313277]],[[136.9334929009777,35.333273859760624],[136.933514,35.333334],[136.93350835910863,35.333395694637886],[136.9334929009777,35.333273859760624]],[[136.9336434,35.3370848],[136.9336202042715,35.33696736707986],[136.93378205973386,35.337260083395485],[136.9336434,35.3370848]],[[136.93382747169588,35.337342211128565],[136.93426352498057,35.33813081541204],[136.9339617,35.3376772],[136.93382747169588,35.337342211128565]],[[136.93656972089636,35.34272841715592],[136.9353474,35.3412786],[136.93506208817584,35.33957502046344],[136.936654,35.342454],[136.93656972089636,35.34272841715592]],[[136.93597402025614,35.344668049501195],[136.9359837,35.3441837],[136.9362014966794,35.34392737440614],[136.93597402025614,35.344668049501195]],[[136.9354315,35.3461249],[136.93574920085157,35.34540007320484],[136.9366779114881,35.34685000116409],[136.9354315,35.3461249]],[[136.9379231,35.3480257],[136.93797,35.347908],[136.93799346469996,35.34832479384314],[136.9379231,35.3480257]],[[136.9379751,35.3483704],[136.9379958746378,35.34836760058072],[136.93800208966573,35.34847799557325],[136.9379751,35.3483704]],[[136.94043917280547,35.35105919452519],[136.9380777,35.350329],[136.9379899,35.3501222],[136.9376695,35.3486235],[136.94043917280547,35.35105919452519]],[[136.94156489870224,35.35917071255911],[136.9417039,35.3553689],[136.9410406528603,35.35155551287233],[136.94156489870224,35.35917071255911]],[[136.93934451544058,35.36155965855562],[136.9414263537216,35.35934566110883],[136.939847,35.36134],[136.93934451544058,35.36155965855562]],[[136.93746417876747,35.36238163811691],[136.9385294,35.3617072],[136.93873602110847,35.36182565874128],[136.93746417876747,35.36238163811691]],[[136.936738,35.364499],[136.9367909,35.3625118],[136.937426,35.36584],[136.936738,35.364499]],[[136.936898,35.367659],[136.93701536095568,35.367381222008525],[136.936729,35.368456],[136.936898,35.367659]],[[136.93235683392683,35.37002114617518],[136.932966,35.370813],[136.933012,35.370873],[136.93235683392683,35.37002114617518]],[[137.079138,35.448854],[137.078577,35.444719],[137.080446,35.446422],[137.079138,35.448854]],[[137.13782170000002,34.89053430000002],[137.137820966526,34.890522071851265],[137.13804645915275,34.89048999030169],[137.13782170000002,34.89053430000002]],[[137.1425674,34.8894766],[137.14349658127034,34.88949118266614],[137.14116041825739,34.88987609499703],[137.1425674,34.8894766]],[[137.14600470347642,34.88942932139412],[137.1478859,34.8883135],[137.15221139209987,34.8871946604153],[137.14600470347642,34.88942932139412]],[[137.1544982,34.8863817],[137.15388217398257,34.8871648424051],[137.153587,34.886821],[137.1544982,34.8863817]],[[137.156013,34.889647],[137.1541616783327,34.88749043156152],[137.1553638,34.8871663],[137.156013,34.889647]],[[137.1584969,34.8893833],[137.158922500224,34.890607617563155],[137.15830232454363,34.889433458557995],[137.1584969,34.8893833]],[[137.15978893880146,34.89224801832427],[137.1598088,34.8922738],[137.1598157951564,34.89229886461185],[137.15978893880146,34.89224801832427]],[[137.1610809,34.893386],[137.15938320975593,34.89478019764184],[137.160066,34.892306],[137.1610809,34.893386]],[[137.16076333875608,34.89662713862492],[137.161601,34.898026],[137.1617563190712,34.89849538778682],[137.16076333875608,34.89662713862492]],[[137.1618817,34.8991203],[137.16181483993205,34.899805672408476],[137.16184165538357,34.898855399844216],[137.1618817,34.8991203]],[[137.16180306225021,34.90022304400788],[137.1657505,34.9016937],[137.16673898137955,34.90462816705348],[137.16180306225021,34.90022304400788]],[[137.16995690941715,34.90723170217079],[137.16963573441592,34.90705336256352],[137.1699216,34.9071747],[137.16995690941715,34.90723170217079]],[[137.170732,34.907321],[137.17093723720933,34.907306],[137.17069247264058,34.90733997313252],[137.170732,34.907321]],[[137.171809,34.907185],[137.1731165,34.9077839],[137.17315872418212,34.907843205255794],[137.171809,34.907185]],[[137.175156,34.908582],[137.17562898825142,34.90904785196449],[137.17453476129714,34.9085142422523],[137.175156,34.908582]],[[137.1792777872302,34.908973000018136],[137.179783,34.908616],[137.18040704724075,34.908606438633754],[137.1792777872302,34.908973000018136]],[[137.183168,34.907701],[137.183295,34.907669],[137.18306716905704,34.90774295464735],[137.183168,34.907701]],[[137.183295,34.907669],[137.183464,34.90771],[137.1836240500405,34.90779096361029],[137.183295,34.907669]],[[137.1851412035081,34.908353302134785],[137.185316,34.908409],[137.185372020913,34.90843885545662],[137.1851412035081,34.908353302134785]],[[137.1871803670754,34.90817312167989],[137.187624,34.907612],[137.1882417254136,34.90758230169514],[137.1871803670754,34.90817312167989]],[[137.188677,34.90734],[137.188224,34.905682],[137.188386,34.905494],[137.188677,34.90734]],[[137.189845,34.9049435],[137.19093387195144,34.9055612197257],[137.1897367232328,34.9056558417855],[137.189845,34.9049435]],[[137.1925518,34.9052926],[137.192923,34.905404],[137.1924506784717,34.905441332066765],[137.1925518,34.9052926]],[[137.1931177433472,34.903845146298515],[137.193124,34.903826],[137.19334929173766,34.9035865470674],[137.1931177433472,34.903845146298515]],[[137.1936773374266,34.903220177157664],[137.194474,34.901806],[137.195796,34.900854],[137.1936773374266,34.903220177157664]],[[137.1988939185776,34.89958512758203],[137.198923,34.899549],[137.199064,34.899389],[137.1988939185776,34.89958512758203]],[[137.199064,34.899389],[137.199303,34.899312],[137.19942514572864,34.89935757286432],[137.199064,34.899389]],[[137.20378874278038,34.89838165826975],[137.204509,34.897277],[137.205063,34.897114],[137.20378874278038,34.89838165826975]],[[137.2053494436206,34.896691184502494],[137.206013,34.895236],[137.20682274006427,34.894516471840106],[137.2053494436206,34.896691184502494]],[[137.207536,34.893326],[137.20815121524714,34.892555527853375],[137.20749389057534,34.89352579578096],[137.207536,34.893326]],[[137.20596260836624,34.892271266053186],[137.205904,34.892286],[137.205729,34.892259],[137.20596260836624,34.892271266053186]],[[137.2046108161491,34.89173256182769],[137.202791,34.89118],[137.202356,34.890671],[137.2046108161491,34.89173256182769]],[[137.202356,34.890671],[137.202338,34.890313],[137.20234171645185,34.89025725322209],[137.202356,34.890671]],[[137.202303,34.888811],[137.20243767118515,34.88873147297077],[137.202296,34.888933],[137.202303,34.888811]],[[137.2012505839739,34.88503193399517],[137.200738,34.884797],[137.200669,34.884642],[137.2012505839739,34.88503193399517]],[[137.200669,34.884642],[137.201156,34.8837],[137.20226816794104,34.88256660731838],[137.200669,34.884642]],[[137.203708,34.880698],[137.205574,34.879327],[137.207876,34.878643],[137.203708,34.880698]],[[137.207876,34.878643],[137.208909,34.878949],[137.209449,34.879215],[137.207876,34.878643]],[[137.2096582330168,34.87900806793281],[137.210118,34.878439],[137.210813,34.877866],[137.2096582330168,34.87900806793281]],[[137.21083212626834,34.87780774182635],[137.211286,34.875968],[137.211596,34.875481],[137.21083212626834,34.87780774182635]],[[137.2106541105292,34.873784199116834],[137.21085680817146,34.87414935612204],[137.210697,34.873942],[137.2106541105292,34.873784199116834]],[[137.20997487269932,34.872560561540105],[137.21022001530244,34.87300218255654],[137.210078,34.872795],[137.20997487269932,34.872560561540105]],[[137.2098363418118,34.872311000058],[137.209809,34.872271],[137.209712,34.872087],[137.2098363418118,34.872311000058]],[[137.209712,34.872087],[137.209594,34.870683],[137.210563,34.868842],[137.209712,34.872087]],[[137.210563,34.868842],[137.210955,34.868503],[137.21120105404907,34.868355074649074],[137.210563,34.868842]],[[137.21165385280105,34.86800952525316],[137.211806,34.867834],[137.212142,34.867637],[137.21165385280105,34.86800952525316]],[[137.212142,34.867637],[137.211199,34.867461],[137.21044009828384,34.866758426653334],[137.212142,34.867637]],[[137.447878,35.073351],[137.44768763430065,35.0731260626523],[137.44805,35.073448],[137.447878,35.073351]],[[137.44836302231343,35.07339409129969],[137.448224,35.073478],[137.44805,35.073448],[137.44836302231343,35.07339409129969]],[[137.45013349917764,35.073089179788354],[137.449716,35.073414],[137.44921707412573,35.073247006503436],[137.45013349917764,35.073089179788354]],[[137.45226648699088,35.07187132341644],[137.451752,35.073449],[137.450541,35.073019],[137.45226648699088,35.07187132341644]],[[137.45377100195543,35.0708706223949],[137.453799,35.070852],[137.453775,35.070869],[137.45377100195543,35.0708706223949]],[[137.454217,35.068974],[137.454431,35.06983],[137.453799,35.070852],[137.454217,35.068974]],[[137.4539626226415,35.068774132075475],[137.454144,35.068892],[137.454217,35.068974],[137.4539626226415,35.068774132075475]],[[137.45208167357515,35.06729624352333],[137.452385,35.067451],[137.45253109065155,35.06764935694049],[137.45208167357515,35.06729624352333]],[[137.45126611702477,35.064912120962894],[137.451429,35.066014],[137.45132525005914,35.066499905843315],[137.45126611702477,35.064912120962894]],[[137.451145,35.06166],[137.451323,35.06262],[137.45120800660146,35.06335179427759],[137.451145,35.06166]],[[137.449728,35.060474],[137.44983272844024,35.06056736842314],[137.44970859642774,35.06046401286722],[137.449728,35.060474]],[[137.44901858827785,35.059840884949175],[137.44901310240965,35.05978704216877],[137.449018,35.059805],[137.44901858827785,35.059840884949175]],[[137.45050294073258,35.056332948994736],[137.450295,35.05693],[137.44992106557314,35.05713911399757],[137.45050294073258,35.056332948994736]],[[137.45188832315412,35.0544135564831],[137.45168,35.054915],[137.451440791875,35.05503359335705],[137.45188832315412,35.0544135564831]],[[137.45409169264138,35.054368419519754],[137.453057,35.054417],[137.45272454397394,35.05431171510394],[137.45409169264138,35.054368419519754]],[[137.4571780014543,35.05542688743313],[137.456251,35.055412],[137.454612,35.05439],[137.4571780014543,35.05542688743313]],[[137.458423,35.055939],[137.45793796349406,35.05573397809645],[137.458527,35.055972],[137.458423,35.055939]],[[137.45944981499835,35.05530368007542],[137.459087,35.055871],[137.458527,35.055972],[137.45944981499835,35.05530368007542]],[[137.46086192172905,35.05428100590404],[137.460605,35.054752],[137.46001154695222,35.054896863261945],[137.46086192172905,35.05428100590404]],[[137.466312,35.05435],[137.466102,35.054373],[137.46636675615258,35.05433033031412],[137.466312,35.05435]],[[137.46988060884473,35.053764016787014],[137.468333,35.054283],[137.46676102777,35.0542667871409],[137.46988060884473,35.053764016787014]],[[137.47402017954835,35.057313812128896],[137.4740414418958,35.05736412656437],[137.474036,35.057356],[137.47402017954835,35.057313812128896]],[[137.47514962924234,35.05998650026393],[137.474454,35.059248],[137.47426241093564,35.05788701955739],[137.47514962924234,35.05998650026393]],[[137.475761,35.061478],[137.475735,35.06137170005355],[137.475845,35.061632],[137.475761,35.061478]],[[137.47604217668263,35.06172971004875],[137.475941,35.0617],[137.475845,35.061632],[137.47604217668263,35.06172971004875]],[[137.48137403328462,35.06333002538539],[137.479636,35.063281],[137.478539,35.062967],[137.48137403328462,35.06333002538539]],[[137.484646,35.063749],[137.483846,35.063756],[137.48346734063583,35.063598072928976],[137.484646,35.063749]],[[137.48496722049174,35.06334885419842],[137.484773,35.063649],[137.484646,35.063749],[137.48496722049174,35.06334885419842]],[[137.4874,35.066213],[137.48747358528175,35.06609115164359],[137.487379,35.066278],[137.4874,35.066213]],[[137.487808,35.068836],[137.487339,35.066767],[137.487379,35.066278],[137.487808,35.068836]],[[137.49132294682863,35.06883407716257],[137.489958,35.069032],[137.487808,35.068836],[137.49132294682863,35.06883407716257]],[[137.492457599941,35.06960229866681],[137.492059,35.069388],[137.49189711548703,35.069168905466015],[137.492457599941,35.06960229866681]],[[137.492862,35.069915],[137.492717,35.069838],[137.49261800007883,35.06972632767182],[137.492862,35.069915]],[[137.494869,35.067807],[137.49429,35.069375],[137.492862,35.069915],[137.494869,35.067807]],[[137.4976694889191,35.06689962953213],[137.496686,35.067349],[137.49629801690483,35.06734399236991],[137.4976694889191,35.06689962953213]],[[137.50025983523028,35.06606034617404],[137.499637,35.066456],[137.49933633034863,35.066359565732036],[137.50025983523028,35.06606034617404]],[[137.502272,35.065417],[137.5022179065792,35.065425922626105],[137.502301,35.065399],[137.502272,35.065417]],[[137.50232273584916,35.06536707547153],[137.502315,35.065381],[137.502301,35.065399],[137.50232273584916,35.06536707547153]],[[137.503677,35.063378],[137.503475,35.063717],[137.50332194814817,35.06389948240739],[137.503677,35.063378]],[[137.50401213076435,35.0609825230575],[137.503896,35.062643],[137.5037231338064,35.063048240750085],[137.50401213076435,35.0609825230575]],[[137.505069,35.059646],[137.504698,35.060059],[137.504103,35.060333],[137.505069,35.059646]],[[137.506899,35.053788],[137.506905,35.05374066923088],[137.506905,35.053745],[137.506899,35.053788]],[[137.5071824147758,35.05155229344172],[137.507094,35.052715],[137.5069175209466,35.05364189822514],[137.5071824147758,35.05155229344172]],[[137.510114,35.049942],[137.509453,35.050864],[137.50774323853938,35.04971679965346],[137.510114,35.049942]],[[137.50983888843328,35.049316852865445],[137.509925,35.049424],[137.50994121227177,35.049549367460145],[137.50983888843328,35.049316852865445]],[[137.5088835684794,35.047146040714914],[137.508995,35.047369],[137.50901642623728,35.04744793876899],[137.5088835684794,35.047146040714914]],[[137.5072819632717,35.04425059129982],[137.507685,35.044383],[137.507999,35.045136],[137.5072819632717,35.04425059129982]],[[137.505253,35.041729],[137.5053578560795,35.041874672214],[137.505167,35.041639],[137.505253,35.041729]],[[137.508883,35.039564],[137.508146,35.040147],[137.50720778843737,35.040499431644896],[137.508883,35.039564]],[[137.511573,35.039684],[137.510485,35.039716],[137.50911357142857,35.03957428571429],[137.511573,35.039684]],[[137.513667,35.040933],[137.513066,35.040641],[137.51276292102574,35.04039374754592],[137.513667,35.040933]],[[137.51701665414868,35.04651376416242],[137.516089,35.045036],[137.515602,35.043165],[137.51701665414868,35.04651376416242]],[[137.517295,35.047211],[137.51727944283337,35.0471358365823],[137.517364,35.047336],[137.517295,35.047211]],[[137.5185230446183,35.04818808098963],[137.518135,35.048075],[137.517364,35.047336],[137.5185230446183,35.04818808098963]],[[137.519958,35.049243],[137.519432,35.048989],[137.51918939350875,35.04867795274526],[137.519958,35.049243]],[[137.523474,35.04607130708686],[137.523697,35.047611],[137.523352,35.048104],[137.523474,35.04607130708686]],[[137.525289,35.044724],[137.524755,35.045511],[137.52384062187136,35.04573546406331],[137.525289,35.044724]],[[137.525356,35.042858],[137.525346,35.044047],[137.525289,35.044724],[137.525356,35.042858]],[[137.52869374269545,35.042663350976476],[137.527691,35.043018],[137.52673504187908,35.04277757763685],[137.52869374269545,35.042663350976476]],[[137.533602,35.047894],[137.532791,35.04672],[137.53221837773972,35.04483729237605],[137.533602,35.047894]],[[137.53447,35.051496],[137.534318,35.051059],[137.53432886349924,35.05091031604182],[137.53447,35.051496]],[[137.536623,35.052453],[137.535198,35.052229],[137.53447,35.051496],[137.536623,35.052453]],[[137.53779422357027,35.05216942078829],[137.537635,35.052231],[137.536623,35.052453],[137.53779422357027,35.05216942078829]],[[137.539733,35.0517],[137.539427,35.052126],[137.53888861241862,35.05190444496745],[137.539733,35.0517]],[[137.5384028752572,35.050245613603565],[137.539308,35.050715],[137.539733,35.0517],[137.5384028752572,35.050245613603565]],[[137.539429,35.054734],[137.539954,35.053332],[137.54132,35.051969],[137.539429,35.054734]],[[137.542922,35.057315],[137.542666,35.057182],[137.54258325423768,35.05706469859361],[137.542922,35.057315]],[[137.54314218236473,35.057338],[137.543042,35.057333],[137.542922,35.057315],[137.54314218236473,35.057338]],[[137.5455697369346,35.05759157959606],[137.543943,35.057542],[137.54335961187581,35.05736071244003],[137.5455697369346,35.05759157959606]],[[137.5469007705411,35.0577306178564],[137.546735,35.057738],[137.54653840884768,35.05769276596504],[137.5469007705411,35.0577306178564]],[[137.54875966853933,35.05755903160112],[137.547913,35.057785],[137.547699,35.057814],[137.54875966853933,35.05755903160112]],[[137.55003959477125,35.05725135702614],[137.549499,35.057436],[137.54888815635547,35.05752814510686],[137.55003959477125,35.05725135702614]],[[137.551339,35.056939],[137.55061,35.057159],[137.55016539700378,35.05722111610486],[137.551339,35.056939]],[[137.55098925568186,35.056475962436885],[137.551309,35.056729],[137.551339,35.056939],[137.55098925568186,35.056475962436885]],[[137.55077555567124,35.05519185848074],[137.55082377980662,35.05517610526318],[137.5508,35.055185],[137.55077555567124,35.05519185848074]],[[137.555313,35.055369],[137.553608,35.054982],[137.553019,35.054459],[137.555313,35.055369]],[[137.56401339893762,35.058271578013866],[137.562142,35.058364],[137.560821,35.057806],[137.56401339893762,35.058271578013866]],[[137.564521,35.058654],[137.56430430249983,35.05841017946643],[137.56466311998767,35.0587273522517],[137.564521,35.058654]],[[137.570058,35.060429],[137.567659,35.060395],[137.56588,35.059803],[137.570058,35.060429]],[[137.5773679097172,35.059514219738844],[137.576029,35.059548],[137.574494,35.059369],[137.5773679097172,35.059514219738844]],[[137.579679,35.059631],[137.579467,35.059659],[137.57918586666813,35.05960608178728],[137.579679,35.059631]],[[137.57968738914101,35.05957617649915],[137.579686,35.059623],[137.579679,35.059631],[137.57968738914101,35.05957617649915]],[[137.58175758018058,35.05704387474069],[137.58116,35.05751],[137.58006112067326,35.0578098288434],[137.58175758018058,35.05704387474069]],[[137.5827351767642,35.05660248836466],[137.582847,35.056552],[137.582793,35.056581],[137.5827351767642,35.05660248836466]],[[137.583035,35.055604],[137.583591,35.055951],[137.582847,35.056552],[137.583035,35.055604]],[[137.5820404448904,35.05376187118569],[137.582419,35.054291],[137.5826351601223,35.054863411014324],[137.5820404448904,35.05376187118569]],[[137.58156866765896,35.052888038832386],[137.581789,35.053129],[137.58183734010206,35.053385677670356],[137.58156866765896,35.052888038832386]],[[137.58210713956026,35.051928079465455],[137.581659,35.052238],[137.581296,35.052383],[137.58210713956026,35.051928079465455]],[[137.58502318647598,35.048274555262886],[137.584752,35.049562],[137.583293,35.051263],[137.58502318647598,35.048274555262886]],[[137.585544,35.047392],[137.58543099058969,35.04757018028694],[137.58558388189405,35.04730610053588],[137.585544,35.047392]],[[137.58859595484012,35.04210353210269],[137.588609,35.042081],[137.588598,35.042101],[137.58859595484012,35.04210353210269]],[[137.590271,35.037704],[137.590234,35.038017],[137.59004692432208,35.03829411988102],[137.590271,35.037704]],[[137.5912850400725,35.033233494210634],[137.590849,35.033682],[137.5902575428605,35.03385412461898],[137.5912850400725,35.033233494210634]],[[137.59312279586075,35.032123450200764],[137.592097,35.032862],[137.59164451479566,35.033016363748736],[137.59312279586075,35.032123450200764]],[[137.594746,35.031143],[137.594555,35.032034],[137.59349365974606,35.03189944044005],[137.594746,35.031143]],[[137.59713662051317,35.028065364132004],[137.59639,35.029441],[137.59504813042005,35.03075404348746],[137.59713662051317,35.028065364132004]],[[137.599207,35.0254],[137.599089,35.025573],[137.5990443434344,35.02560940072994],[137.599207,35.0254]],[[137.59833367613766,35.02304713321839],[137.599374,35.023731],[137.599207,35.0254],[137.59833367613766,35.02304713321839]],[[137.599671,35.018741],[137.599543,35.020175],[137.598164,35.02259],[137.599671,35.018741]],[[137.607996,35.017497],[137.605101,35.017101],[137.603891,35.016358],[137.607996,35.017497]],[[137.60806825329425,35.01748440702782],[137.608047,35.01749],[137.607996,35.017497],[137.60806825329425,35.01748440702782]],[[137.60929234939758,35.017271060240965],[137.609059,35.017337],[137.60895563346048,35.01732974620775],[137.60929234939758,35.017271060240965]],[[137.61059228703638,35.017044495090076],[137.610099,35.017157],[137.6099083170918,35.01716370369599],[137.61059228703638,35.017044495090076]],[[137.61349673375216,35.01753715324018],[137.612172,35.017505],[137.611232,35.016933],[137.61349673375216,35.01753715324018]],[[137.620038,35.019337],[137.619985,35.019268],[137.62009585008596,35.01939673565133],[137.620038,35.019337]],[[137.621082,35.020542],[137.620817,35.020271],[137.62056667371002,35.01994352625938],[137.621082,35.020542]],[[137.6211012749391,35.02182777947347],[137.620871,35.02122],[137.6210853471777,35.020765281245026],[137.6211012749391,35.02182777947347]],[[137.62111071578437,35.02245755293262],[137.621044,35.022249],[137.62110496734263,35.02207408980774],[137.62111071578437,35.02245755293262]],[[137.621164,35.026012],[137.621111,35.025099],[137.6211439983734,35.02467774515327],[137.621164,35.026012]],[[137.621847,35.028791],[137.621578,35.028197],[137.621164,35.026012],[137.621847,35.028791]],[[137.62203876852297,35.02896982357487],[137.621939,35.028899],[137.621847,35.028791],[137.62203876852297,35.02896982357487]],[[137.623738,35.031106],[137.62370092873854,35.03091134751822],[137.62382996815276,35.03131249453169],[137.623738,35.031106]],[[137.623908,35.034169],[137.62407572765446,35.034005224355155],[137.62382178698235,35.0342662189348],[137.623908,35.034169]],[[137.623138,35.034969],[137.623508,35.034563],[137.62360533522727,35.034488683238635],[137.623138,35.034969]],[[137.62308126759692,35.036297337984465],[137.623075,35.035173],[137.623138,35.034969],[137.62308126759692,35.036297337984465]],[[137.62293115442208,35.039812102408064],[137.622784,35.038967],[137.62302123382534,35.03770297452972],[137.62293115442208,35.039812102408064]],[[137.622909,35.040187],[137.62292207997362,35.04002457242334],[137.622911,35.040284],[137.622909,35.040187]],[[137.62346648342026,35.041073788561846],[137.623015,35.040493],[137.622911,35.040284],[137.62346648342026,35.041073788561846]],[[137.62494855278896,35.04318100075317],[137.62482,35.04302],[137.62477609381816,35.04293579789459],[137.62494855278896,35.04318100075317]],[[137.625719,35.046811],[137.625601,35.046101],[137.62590876118207,35.0453254608192],[137.625719,35.046811]],[[137.62610443073757,35.047016850388594],[137.625886,35.046946],[137.625719,35.046811],[137.62610443073757,35.047016850388594]],[[137.63019344233084,35.04761954863876],[137.628112,35.047942],[137.627597,35.047814],[137.63019344233084,35.04761954863876]],[[137.63009,35.050317],[137.63039382768395,35.04996908310465],[137.63000950404341,35.05043957338844],[137.63009,35.050317]],[[137.629733,35.050757],[137.62986107832376,35.05062127664994],[137.62971077860246,35.0508052740705],[137.629733,35.050757]],[[137.628703,35.052039],[137.629063,35.051477],[137.62930733101317,35.051299175956174],[137.628703,35.052039]],[[137.62868211653037,35.05218790245331],[137.628687,35.0521],[137.628703,35.052039],[137.62868211653037,35.05218790245331]],[[137.628388,35.054285],[137.628383,35.05415],[137.62841860176633,35.054066804548604],[137.628388,35.054285]],[[137.63145483734942,35.05596996987952],[137.629104,35.055076],[137.628388,35.054285],[137.63145483734942,35.05596996987952]],[[137.63345258852166,35.0579877757252],[137.632196,35.056862],[137.631899,35.056214],[137.63345258852166,35.0579877757252]],[[137.633035,35.061105],[137.633064,35.060674],[137.63318843876442,35.0605564866217],[137.633035,35.061105]],[[137.63305539898423,35.06116209794171],[137.633044,35.061139],[137.633035,35.061105],[137.63305539898423,35.06116209794171]],[[137.634309,35.064671],[137.633934,35.063754],[137.6338988529962,35.06352297471301],[137.634309,35.064671]],[[137.63608592783905,35.064479708796306],[137.635205,35.064829],[137.634309,35.064671],[137.63608592783905,35.064479708796306]],[[137.63925051361034,35.06254294579749],[137.638688,35.063826],[137.637811,35.064294],[137.63925051361034,35.06254294579749]],[[137.6398669333265,35.06179312007392],[137.639778,35.062136],[137.6392881064138,35.062497217131906],[137.6398669333265,35.06179312007392]],[[137.6413039827273,35.06076423341749],[137.641116,35.060876],[137.6405472831485,35.06104445527702],[137.6413039827273,35.06076423341749]],[[137.644969,35.059407],[137.644547,35.059586],[137.64441550846846,35.05961196962142],[137.644969,35.059407]],[[137.645864,35.058469],[137.645588,35.058966],[137.644969,35.059407],[137.645864,35.058469]],[[137.64565934897465,35.057069629475215],[137.645907,35.057873],[137.645864,35.058469],[137.64565934897465,35.057069629475215]],[[137.6507737200366,35.05505511070449],[137.650033,35.055557],[137.649546,35.055631],[137.6507737200366,35.05505511070449]],[[137.652021,35.054482],[137.6518934477245,35.054529877613774],[137.652068,35.054448],[137.652021,35.054482]],[[137.652845,35.05228],[137.652704,35.053195],[137.652068,35.054448],[137.652845,35.05228]],[[137.65394850206556,35.050834222140885],[137.65346,35.051924],[137.65294076957454,35.05215452535454],[137.65394850206556,35.050834222140885]],[[137.65664982038368,35.04924436159561],[137.655588,35.049903],[137.654644,35.049923],[137.65664982038368,35.04924436159561]],[[137.65979994566032,35.0489514962137],[137.659375,35.0489],[137.658643,35.04857],[137.65979994566032,35.0489514962137]],[[137.662358,35.049795],[137.661984,35.049702],[137.66181983379133,35.049617542771024],[137.662358,35.049795]],[[137.6632666214895,35.0486872124512],[137.663098,35.049331],[137.662358,35.049795],[137.6632666214895,35.0486872124512]],[[137.6646310125825,35.047023752493445],[137.664671,35.046975],[137.664639,35.047016],[137.6646310125825,35.047023752493445]],[[137.66474854937877,35.04635549378782],[137.664769,35.046746],[137.664671,35.046975],[137.66474854937877,35.04635549378782]],[[137.66493001389753,35.04490585746046],[137.664887,35.045356],[137.66482845068674,35.04571719909853],[137.66493001389753,35.04490585746046]],[[137.66612267585825,35.042712010559605],[137.665891,35.043425],[137.66502,35.044187],[137.66612267585825,35.042712010559605]],[[137.66843913108295,35.04116435182625],[137.667138,35.041939],[137.666566,35.042119],[137.66843913108295,35.04116435182625]],[[137.67425428579847,35.04030926929876],[137.671773,35.040716],[137.66999271642416,35.04045057159903],[137.67425428579847,35.04030926929876]],[[137.6750840600243,35.040774335601434],[137.6750966754646,35.04078586613182],[137.675086,35.040778],[137.6750840600243,35.040774335601434]],[[137.67595311985735,35.0415686575242],[137.675971,35.041585],[137.675955,35.041572],[137.67595311985735,35.0415686575242]],[[137.67953,35.041729],[137.677727,35.041978],[137.675971,35.041585],[137.67953,35.041729]],[[137.680879,35.042477],[137.680179,35.042214],[137.68000224621966,35.04199085335234],[137.680879,35.042477]],[[137.68105602837488,35.04240556749785],[137.680958,35.042465],[137.680879,35.042477],[137.68105602837488,35.04240556749785]],[[137.6829683223966,35.04163394008558],[137.682864,35.041825],[137.6826534347826,35.041761],[137.6829683223966,35.04163394008558]],[[137.684014,35.041212],[137.683786,35.041333],[137.68365282727274,35.041357736363636],[137.684014,35.041212]],[[137.6840841615629,35.04105328880656],[137.684052,35.041132],[137.684014,35.041212],[137.6840841615629,35.04105328880656]],[[137.688983,35.040078],[137.686979,35.040464],[137.68611777800294,35.04002432962632],[137.688983,35.040078]],[[137.691517,35.038001],[137.69141955333026,35.03806565098584],[137.691539,35.037967],[137.691517,35.038001]],[[137.69216556885843,35.0363933447358],[137.69215,35.037182],[137.69175484058405,35.03742490687366],[137.69216556885843,35.0363933447358]],[[137.692914,35.034522],[137.69289786682182,35.034554146171196],[137.692925,35.034486],[137.692914,35.034522]],[[137.6926496539647,35.03421742476884],[137.692839,35.034318],[137.692925,35.034486],[137.6926496539647,35.03421742476884]],[[137.692106,35.033658],[137.6923997963176,35.033973711162254],[137.69202585167608,35.03360896188076],[137.692106,35.033658]],[[137.6950980398786,35.031965435671836],[137.694562,35.032061],[137.694351,35.032032],[137.6950980398786,35.031965435671836]],[[137.69684016888354,35.03171782708584],[137.696569,35.031821],[137.696416,35.031848],[137.69684016888354,35.03171782708584]],[[137.69937301715896,35.03094052291782],[137.699006,35.031122],[137.69865087079953,35.031162141946695],[137.69937301715896,35.03094052291782]],[[137.70113598375866,35.030399487238995],[137.701206,35.030378],[137.701174,35.030389],[137.70113598375866,35.030399487238995]],[[137.70187310972307,35.027780815861455],[137.701753,35.028904],[137.701206,35.030378],[137.70187310972307,35.027780815861455]],[[137.705799,35.022455],[137.704804,35.023626],[137.702498,35.025348],[137.705799,35.022455]],[[137.70418838287017,35.01881230301189],[137.705209,35.020355],[137.705799,35.022455],[137.70418838287017,35.01881230301189]],[[137.7048059362659,35.015030212044735],[137.705011,35.015812],[137.703701,35.01771],[137.7048059362659,35.015030212044735]],[[137.17492941491128,34.82373685730383],[137.172661,34.823988],[137.171176,34.823329],[137.17492941491128,34.82373685730383]],[[137.171176,34.823329],[137.171057,34.823183],[137.1710311003654,34.8229780681747],[137.171176,34.823329]],[[137.175292,34.823875],[137.17517,34.823763],[137.17542070564272,34.82391528191871],[137.175292,34.823875]],[[137.176166,34.824428],[137.17577755947136,34.824132039647566],[137.17633040467746,34.82446784512776],[137.176166,34.824428]],[[137.179001,34.82609],[137.178264,34.826085],[137.1780060494889,34.82548565391823],[137.179001,34.82609]],[[137.17996533575817,34.82313051909558],[137.179943,34.824656],[137.179001,34.82609],[137.17996533575817,34.82313051909558]],[[137.183035,34.823304],[137.182882,34.82331],[137.1831060714748,34.82328872844343],[137.183035,34.823304]],[[137.186927,34.822926],[137.185152,34.823846],[137.1842512923241,34.82318001032078],[137.186927,34.822926]],[[137.18643942174626,34.819596537067476],[137.187143,34.821373],[137.186927,34.822926],[137.18643942174626,34.819596537067476]],[[137.18642541984858,34.819338622898876],[137.18640601025055,34.81936838428248],[137.186402,34.819341],[137.18642541984858,34.819338622898876]],[[137.1896224470602,34.81988832881326],[137.189361,34.819642],[137.189003,34.819077],[137.1896224470602,34.81988832881326]],[[137.191931,34.824676],[137.190462,34.823377],[137.191492,34.822337],[137.191931,34.824676]],[[137.19394624115967,34.82385052442559],[137.193739,34.823982],[137.191931,34.824676],[137.19394624115967,34.82385052442559]],[[137.1941100424936,34.823797249053165],[137.19406757145637,34.82380082556157],[137.194094,34.82379],[137.1941100424936,34.823797249053165]],[[137.19461566745048,34.82402572364605],[137.194463,34.823982],[137.19413366924755,34.8238079251737],[137.19461566745048,34.82402572364605]],[[137.19613535279632,34.824712417382145],[137.196454,34.826207],[137.19513,34.826048],[137.19613535279632,34.824712417382145]],[[137.19605371243523,34.82833148898964],[137.195403,34.828646],[137.195589,34.828509],[137.19605371243523,34.82833148898964]],[[137.19350353340255,34.831329029108865],[137.193939,34.830114],[137.19457079050025,34.829821510175094],[137.19350353340255,34.831329029108865]],[[137.191746,34.832735],[137.192635,34.831787],[137.193214,34.831738],[137.191746,34.832735]],[[137.19165471968208,34.834241997350574],[137.191636,34.833109],[137.191746,34.832735],[137.19165471968208,34.834241997350574]],[[137.19139,34.83496],[137.1916501440467,34.8343175390506],[137.191589,34.835327],[137.19139,34.83496]],[[137.19240941429828,34.835870917224135],[137.192064,34.835737],[137.191589,34.835327],[137.19240941429828,34.835870917224135]],[[137.194487,34.837409],[137.19348641028637,34.83658494264944],[137.19500414292418,34.83759116709613],[137.194487,34.837409]],[[137.195641,34.839203],[137.19564092676768,34.8392013522727],[137.19566,34.839257],[137.195641,34.839203]],[[137.19644107567822,34.84000664540694],[137.196154,34.839831],[137.19566,34.839257],[137.19644107567822,34.84000664540694]],[[137.197575,34.84299792953018],[137.197647,34.842233],[137.197996,34.841499],[137.197575,34.84299792953018]],[[137.19742,34.843529],[137.19743785376394,34.84348622535718],[137.1974186817956,34.84355448528475],[137.19742,34.843529]],[[137.19720167944251,34.84432710104532],[137.197231,34.844169],[137.19729113789091,34.84400859294543],[137.19720167944251,34.84432710104532]],[[137.19530595241142,34.845832582392546],[137.196013,34.845258],[137.1962064418452,34.84525571166052],[137.19530595241142,34.845832582392546]],[[137.1951533648495,34.845930332899364],[137.194453,34.846379],[137.194624,34.846251],[137.1951533648495,34.845930332899364]],[[137.192954,34.848181],[137.193609,34.847359],[137.194453,34.846379],[137.192954,34.848181]],[[137.19397611202774,34.84939854123102],[137.193152,34.848867],[137.192954,34.848181],[137.19397611202774,34.84939854123102]],[[137.194774,34.850462],[137.19427868819832,34.849758970375014],[137.19495801865102,34.85056818972981],[137.194774,34.850462]],[[137.197091,34.853109],[137.195749,34.852023],[137.19551180379653,34.85122785934477],[137.197091,34.853109]],[[137.199129,34.85364],[137.19785090111915,34.85326163625358],[137.2001654761551,34.85372654945504],[137.199129,34.85364]],[[137.201234,34.854198],[137.200566,34.853807],[137.20132560890744,34.854208331831664],[137.201234,34.854198]],[[137.204869,34.856164],[137.205506,34.856417],[137.20550541077776,34.856419486645564],[137.204869,34.856164]],[[137.2047723767825,34.85951304888542],[137.204883,34.858134],[137.20524520051288,34.85751763032655],[137.2047723767825,34.85951304888542]],[[137.204466,34.861478],[137.204398,34.861093],[137.20482996126316,34.86204856513684],[137.204466,34.861478]],[[137.205194,34.862974],[137.20511087032202,34.862669979430585],[137.205303,34.863095],[137.205194,34.862974]],[[137.20945974907502,34.866252340621976],[137.207783,34.865533],[137.207367,34.865172],[137.20945974907502,34.866252340621976]],[[137.137692,34.888372],[137.1377418,34.88911],[137.1377479977683,34.88930556957868],[137.137692,34.888372]],[[137.139679,34.882419],[137.139024,34.885499],[137.1383914060677,34.8862765977246],[137.139679,34.882419]],[[137.1365915273136,34.88243030712276],[137.136939,34.882236],[137.13768914341378,34.882426287368986],[137.1365915273136,34.88243030712276]],[[137.13536348253766,34.880741990708344],[137.135242,34.881735],[137.134962718187,34.8818751334697],[137.13536348253766,34.880741990708344]],[[137.137407,34.87835],[137.137464,34.878982],[137.1374055797069,34.87834596337748],[137.137407,34.87835]],[[137.137056,34.87454],[137.137085,34.874665],[137.13707689196204,34.87476745611616],[137.137056,34.87454]],[[137.13330482542713,34.87045949167139],[137.132681,34.869607],[137.133197,34.870292],[137.13330482542713,34.87045949167139]],[[137.1319428162617,34.869760939422086],[137.132353,34.869425],[137.132681,34.869607],[137.1319428162617,34.869760939422086]],[[137.127853,34.869541],[137.12936340251363,34.87025942417728],[137.12766057534745,34.86952475080712],[137.127853,34.869541]],[[137.1256086053639,34.869936129789394],[137.126975,34.868619],[137.127485,34.869449],[137.1256086053639,34.869936129789394]],[[137.12262,34.870712],[137.123614,34.870218],[137.12423584665578,34.87029251092986],[137.12262,34.870712]],[[137.11965008265707,34.87313992395541],[137.120328,34.872024],[137.120913,34.872019],[137.11965008265707,34.87313992395541]],[[137.11795048502995,34.87201930538922],[137.119029,34.870602],[137.119497,34.870841],[137.11795048502995,34.87201930538922]],[[137.117834,34.870505],[137.119392,34.868347],[137.120954,34.86852],[137.117834,34.870505]],[[137.116224,34.868974],[137.115445,34.868326],[137.115888,34.868137],[137.116224,34.868974]],[[137.11364,34.867812],[137.11421,34.868151],[137.11425619379344,34.86864522559178],[137.11364,34.867812]],[[137.113542,34.866617],[137.113574,34.86720325888326],[137.113443,34.865995],[137.113542,34.866617]],[[137.112003,34.864854],[137.112971,34.865161],[137.113443,34.865995],[137.112003,34.864854]],[[137.11108996100705,34.86486953331286],[137.111657,34.864841],[137.112003,34.864854],[137.11108996100705,34.86486953331286]],[[137.108948,34.864826],[137.10917803938136,34.8649020603758],[137.108006,34.864922],[137.108948,34.864826]],[[137.107611,34.863829],[137.1078371073332,34.86462675059735],[137.10721554161182,34.86354016163256],[137.107611,34.863829]],[[137.108849,34.861734],[137.108925,34.863208],[137.107874,34.863029],[137.108849,34.861734]],[[137.11105627867872,34.86172225915596],[137.112278,34.862652],[137.109454,34.863651],[137.11105627867872,34.86172225915596]],[[137.11328292561984,34.86171041528926],[137.113054,34.861719],[137.1126106137339,34.86171399141631],[137.11328292561984,34.86171041528926]],[[137.117051,34.864499],[137.114119,34.865595],[137.113925,34.861707],[137.117051,34.864499]],[[137.117051,34.864499],[137.121786,34.863056],[137.1223,34.866579],[137.115775,34.865997],[137.116955,34.865184],[137.117051,34.864499]],[[137.1165666523155,34.86243002812764],[137.124959,34.861902],[137.12658,34.863291],[137.121107,34.862345],[137.117799,34.863408],[137.1165666523155,34.86243002812764]],[[137.115866,34.861791],[137.11626124806202,34.86218766408268],[137.115648,34.861701],[137.115866,34.861791]],[[137.1153166720492,34.86045241677492],[137.115558,34.860974],[137.115648,34.861701],[137.1153166720492,34.86045241677492]],[[137.12076621891916,34.85920082430356],[137.117295,34.859879],[137.11538736134156,34.859883782360704],[137.12076621891916,34.85920082430356]],[[137.12234,34.859001],[137.121326,34.859152],[137.1210829422672,34.859160609674454],[137.12234,34.859001]],[[137.1223703965012,34.8584726233193],[137.122361,34.858942],[137.12234,34.859001],[137.1223703965012,34.8584726233193]],[[137.12527878597157,34.85472728240677],[137.123029,34.856722],[137.122468,34.856776],[137.12527878597157,34.85472728240677]],[[137.126937,34.853522],[137.12692710178595,34.853525862717674],[137.127001,34.853472],[137.126937,34.853522]],[[137.1266633561505,34.85294528285982],[137.126889,34.853054],[137.127001,34.853472],[137.1266633561505,34.85294528285982]],[[137.12550233742786,34.85113411863409],[137.126373,34.852107],[137.126466,34.85263741151154],[137.12550233742786,34.85113411863409]],[[137.1244878802255,34.84993817452044],[137.125136,34.849939],[137.125142,34.850572],[137.1244878802255,34.84993817452044]],[[137.122499,34.848011],[137.123429,34.848531],[137.12340939220053,34.848893146963874],[137.122499,34.848011]],[[137.121399,34.845946],[137.122889,34.846626],[137.12247585370739,34.84796754809611],[137.121399,34.845946]],[[137.12061819837075,34.8463524257596],[137.120971,34.846075],[137.121399,34.845946],[137.12061819837075,34.8463524257596]],[[137.118368,34.847601],[137.118573,34.847417],[137.1182859990487,34.84768962214611],[137.118368,34.847601]],[[137.11508,34.850735],[137.116313,34.849425],[137.11687141197416,34.84903333812474],[137.11508,34.850735]],[[137.11202870780252,34.85340814678636],[137.11159,34.850667],[137.11379,34.851894],[137.11202870780252,34.85340814678636]],[[137.108513,34.854663],[137.109552,34.853808],[137.1102404831402,34.85342012434138],[137.108513,34.854663]],[[137.109411,34.85277],[137.108812,34.85268],[137.11009,34.850102],[137.109411,34.85277]],[[137.106439,34.852126],[137.107345,34.852486],[137.10627998304577,34.852205942949674],[137.106439,34.852126]],[[137.10731145530298,34.85013815546588],[137.106359,34.850782],[137.104683,34.851786],[137.10731145530298,34.85013815546588]],[[137.1101189363633,34.848378075195676],[137.109373,34.849173],[137.10876529854275,34.84922670468587],[137.1101189363633,34.848378075195676]],[[137.1108168797438,34.846998781055284],[137.110969,34.848151],[137.110462,34.848163],[137.1108168797438,34.846998781055284]],[[137.11114448492881,34.845924039063156],[137.11273,34.846364],[137.1109933003194,34.846420015487695],[137.11114448492881,34.845924039063156]],[[137.111859,34.84358],[137.113933,34.843852],[137.11128211908334,34.845472516278534],[137.111859,34.84358]],[[137.111839,34.843329],[137.111196,34.843156],[137.110871,34.842421],[137.111839,34.843329]],[[137.10981681390172,34.844820801294034],[137.109857,34.84477],[137.11004525629033,34.84468200316412],[137.10981681390172,34.844820801294034]],[[137.10756222200752,34.844969223939714],[137.108485,34.844487],[137.109354,34.845102],[137.10756222200752,34.844969223939714]],[[137.106981,34.844898],[137.1070355993949,34.84493019964315],[137.10679,34.844912],[137.106981,34.844898]],[[137.104244,34.846114],[137.10575,34.841863],[137.107562,34.841938],[137.104244,34.846114]],[[137.1035424372925,34.8457240224271],[137.10229,34.843631],[137.102346,34.843222],[137.1035424372925,34.8457240224271]],[[137.102184,34.844324],[137.102123,34.844935],[137.10198004683426,34.844157237860976],[137.102184,34.844324]],[[137.10188601778515,34.84364565608522],[137.10177110986317,34.843020479086064],[137.101866,34.843324],[137.10188601778515,34.84364565608522]],[[137.1046652985272,34.84140215701963],[137.102997,34.84213],[137.10171,34.842688],[137.1046652985272,34.84140215701963]],[[137.10757055944464,34.84064429097871],[137.10793572279945,34.8408741047256],[137.107696,34.840776],[137.10757055944464,34.84064429097871]],[[137.10926076688364,34.84170801465051],[137.109828,34.842065],[137.109347,34.841853],[137.10926076688364,34.84170801465051]],[[137.110959,34.84097],[137.110421,34.841747],[137.109828,34.842065],[137.110959,34.84097]],[[137.1144938073318,34.83969717610915],[137.112294,34.840742],[137.11161757086413,34.840732859853176],[137.1144938073318,34.83969717610915]],[[137.116986,34.838831],[137.1165380845946,34.83896106669911],[137.117227,34.838713],[137.116986,34.838831]],[[137.117966,34.839065],[137.1173747681195,34.83875124191968],[137.11819436755752,34.83896335164939],[137.117966,34.839065]],[[137.1227261871022,34.842535609353526],[137.121961,34.842017],[137.12149083236326,34.840715207096935],[137.1227261871022,34.842535609353526]],[[137.123988,34.844395],[137.123103,34.843642],[137.12307400465806,34.843048148662035],[137.123988,34.844395]],[[137.123988,34.844395],[137.124054,34.844387],[137.124013,34.844397],[137.123988,34.844395]],[[137.126154,34.843391],[137.1252546538916,34.84377869451876],[137.12631620777688,34.84326218287935],[137.126154,34.843391]],[[137.127704,34.842788],[137.1269232913746,34.84296679915115],[137.127932,34.842476],[137.127704,34.842788]],[[137.130368,34.839682],[137.130302,34.840594],[137.13036077445298,34.83951902377289],[137.130368,34.839682]],[[137.13300013523644,34.83651599409378],[137.132233,34.83776],[137.13076936039323,34.838905325401996],[137.13300013523644,34.83651599409378]],[[137.1346571158068,34.834741240552056],[137.134229,34.835288],[137.13402055615666,34.835423044861535],[137.1346571158068,34.834741240552056]],[[137.138216,34.833764],[137.136029,34.834323],[137.135042,34.834329],[137.138216,34.833764]],[[137.139025,34.832397],[137.138978,34.832948],[137.138216,34.833764],[137.139025,34.832397]],[[137.141226,34.832137],[137.141028,34.832698],[137.13904567359947,34.832394557866486],[137.141226,34.832137]],[[137.14178178060314,34.83153417607381],[137.14204957595464,34.83124371353465],[137.141866,34.831456],[137.14178178060314,34.83153417607381]],[[137.144103390982,34.82901605601752],[137.144215,34.828895],[137.144227,34.828965],[137.144103390982,34.82901605601752]],[[137.146607,34.82769],[137.145856,34.828285],[137.14569298780182,34.82815044510819],[137.146607,34.82769]],[[137.147601,34.824126],[137.14743318110416,34.824448365776725],[137.147707,34.823374],[137.147601,34.824126]],[[137.15274884127055,34.82426203799537],[137.149739,34.823537],[137.149056,34.823254],[137.15274884127055,34.82426203799537]],[[137.155044,34.825066],[137.15467599968073,34.824788096051535],[137.155401,34.824986],[137.155044,34.825066]],[[137.15599692139207,34.824714196602685],[137.155886,34.824782],[137.155401,34.824986],[137.15599692139207,34.824714196602685]],[[137.157561,34.824012],[137.15680544903174,34.82434542219349],[137.157964,34.823817],[137.157561,34.824012]],[[137.158527,34.821089],[137.158476,34.822368],[137.157964,34.823817],[137.158527,34.821089]],[[137.16078771574615,34.81764992439497],[137.159243,34.820395],[137.15867989406274,34.82085641249215],[137.16078771574615,34.81764992439497]],[[137.16135226719916,34.81679111004243],[137.161706,34.816253],[137.161572,34.816531],[137.16135226719916,34.81679111004243]],[[137.162939,34.815515],[137.16265254065826,34.81563641541627],[137.163694,34.814958],[137.162939,34.815515]],[[137.16736975101483,34.81853766722179],[137.1656,34.817047],[137.16514223862615,34.816368381801816],[137.16736975101483,34.81853766722179]],[[137.16921580431014,34.82033546485395],[137.168186,34.820019],[137.16759675195686,34.8187587343801],[137.16921580431014,34.82033546485395]],[[137.169364,34.820482],[137.16935690284396,34.82047287508509],[137.16944754617865,34.82056114901136],[137.169364,34.820482]],[[137.17092498938788,34.8227210784374],[137.170416,34.822111],[137.17045182444332,34.82157512221657],[137.17092498938788,34.8227210784374]],[[137.44456716840332,35.07216246868751],[137.44464525132275,35.07215248941799],[137.444611,35.072159],[137.44456716840332,35.07216246868751]],[[137.4443597754815,35.07423530933723],[137.444899,35.075319],[137.445285,35.076421],[137.4443597754815,35.07423530933723]],[[137.445285,35.076421],[137.445239,35.076531],[137.44519522664885,35.07659030626043],[137.445285,35.076421]],[[137.444714,35.07771],[137.44433032755256,35.07822144545436],[137.44473076443248,35.0774662495103],[137.444714,35.07771]],[[137.44388,35.079195],[137.4437662473075,35.07928526133782],[137.44391283418108,35.07900880874831],[137.44388,35.079195]],[[137.4433108768115,35.08014405823904],[137.443126,35.080668],[137.442769,35.081166],[137.4433108768115,35.08014405823904]],[[137.442769,35.081166],[137.440979,35.081665],[137.4381179923506,35.08224289163346],[137.442769,35.081166]],[[137.438036640677,35.083857240079105],[137.438192,35.084926],[137.438093,35.085303],[137.438036640677,35.083857240079105]],[[137.438093,35.085303],[137.437832,35.085573],[137.4375771187026,35.085732940648704],[137.438093,35.085303]],[[137.43707107593045,35.08615468177173],[137.436179,35.086981],[137.43592,35.087114],[137.43707107593045,35.08615468177173]],[[137.43592,35.087114],[137.434896,35.087186],[137.4338898713292,35.08702252876067],[137.43592,35.087114]],[[137.433489,35.08956],[137.434534,35.090714],[137.434607,35.091421],[137.433489,35.08956]],[[137.434607,35.091421],[137.434195,35.092557],[137.433591,35.09352],[137.434607,35.091421]],[[137.433591,35.09352],[137.433333,35.093733],[137.43316302275642,35.093798744380614],[137.433591,35.09352]],[[137.43261751694985,35.09415403588375],[137.431689,35.095054],[137.43103558707722,35.09518435716634],[137.43261751694985,35.09415403588375]],[[137.4305002303076,35.0987417681921],[137.430533,35.098828],[137.430538,35.098976],[137.4305002303076,35.0987417681921]],[[137.43047956338842,35.099251882318946],[137.43049687153993,35.09917016962467],[137.430486,35.099225],[137.43047956338842,35.099251882318946]],[[137.43046543199122,35.09931859738883],[137.430317,35.100982],[137.43005876675934,35.10123848535192],[137.43046543199122,35.09931859738883]],[[137.42981154596424,35.10240562773721],[137.429783,35.102937],[137.42964869397846,35.103174460533296],[137.42981154596424,35.10240562773721]],[[137.42952772103007,35.104371],[137.431459,35.104535],[137.431723,35.104591],[137.42952772103007,35.104371]],[[137.431723,35.104591],[137.431943,35.104864],[137.4320339064477,35.105231488625975],[137.431723,35.104591]],[[137.43277581909075,35.106759879602876],[137.43349,35.107446],[137.4333882338679,35.108021496086],[137.43277581909075,35.106759879602876]],[[137.433471,35.108192],[137.433864,35.108183],[137.43396110735154,35.108192882546255],[137.433471,35.108192]],[[137.43485756876984,35.10819449682252],[137.436047,35.108034],[137.436803,35.108198],[137.43485756876984,35.10819449682252]],[[137.436803,35.108198],[137.437394,35.108553],[137.43781,35.109056],[137.436803,35.108198]],[[137.43816515698464,35.109134974301746],[137.438624,35.109174],[137.43897047530444,35.1093140484992],[137.43816515698464,35.109134974301746]],[[137.4404961028966,35.10965329390061],[137.44016571314188,35.10957982695131],[137.440303,35.109581],[137.4404961028966,35.10965329390061]],[[137.44118733781193,35.109807],[137.442247,35.110008],[137.442496,35.110098],[137.44118733781193,35.109807]],[[137.442496,35.110098],[137.444268,35.111204],[137.444698,35.111742],[137.442496,35.110098]],[[137.444698,35.111742],[137.444684,35.112365],[137.44407638490566,35.11276924528302],[137.444698,35.111742]],[[137.443636,35.113497],[137.443874,35.114332],[137.4438121698478,35.114615347839376],[137.443636,35.113497]],[[137.443929,35.115357],[137.44515,35.115657],[137.446188,35.116789],[137.443929,35.115357]],[[137.447526,35.119206],[137.44764454108625,35.119484730111196],[137.44737609503625,35.11898789682097],[137.447526,35.119206]],[[137.44769964716153,35.119586719068366],[137.447732,35.119642],[137.447736,35.119654],[137.44769964716153,35.119586719068366]],[[137.447736,35.119654],[137.447736,35.119831],[137.4477180777826,35.11986764097777],[137.447736,35.119654]],[[137.44756,35.121752],[137.447579,35.121801],[137.44758276136076,35.121858022847896],[137.44756,35.121752]],[[137.448428,35.125358],[137.448408,35.125702],[137.44826633728815,35.12504213241528],[137.448428,35.125358]],[[137.448348,35.125829],[137.44830518991594,35.125886810084054],[137.448408,35.125702],[137.448348,35.125829]],[[137.44738534375213,35.12754031371097],[137.447258,35.128141],[137.446916,35.128384],[137.44738534375213,35.12754031371097]],[[137.444578,35.130456],[137.444527,35.133436],[137.44398596231218,35.13437207537562],[137.444578,35.130456]],[[137.44715458703874,35.13596796771385],[137.448342,35.134882],[137.45006,35.134585],[137.44715458703874,35.13596796771385]],[[137.45028586083137,35.13435061339191],[137.450994,35.133534],[137.451623,35.132963],[137.45028586083137,35.13435061339191]],[[137.451623,35.132963],[137.451834,35.13295],[137.45210340930132,35.13311068256558],[137.451623,35.132963]],[[137.45473803136198,35.13386490053764],[137.454885,35.133834],[137.45497184704217,35.1338273830825],[137.45473803136198,35.13386490053764]],[[137.45622036311372,35.13362704944505],[137.45612925646333,35.133641668180914],[137.456172,35.133632],[137.45622036311372,35.13362704944505]],[[137.45733,35.133449],[137.4571010077118,35.13348574350623],[137.457233,35.133443],[137.45733,35.133449]],[[137.45733,35.133449],[137.458745,35.134596],[137.45865151042426,35.13502358902338],[137.45733,35.133449]],[[137.4601099911683,35.13644473214862],[137.461684,35.136704],[137.46255,35.137308],[137.4601099911683,35.13644473214862]],[[137.4647544076086,35.13957889506453],[137.466114,35.139985],[137.4670301811207,35.14054397562991],[137.4647544076086,35.13957889506453]],[[137.467796,35.140821],[137.468181,35.141032],[137.46756335321058,35.14077007634654],[137.467796,35.140821]],[[137.468181,35.141032],[137.468371,35.141234],[137.46842033339058,35.14130953344454],[137.468181,35.141032]],[[137.469532,35.142432],[137.46978848493472,35.14289605595086],[137.4692794087684,35.14230572602815],[137.469532,35.142432]],[[137.470882,35.144129],[137.471157,35.144483],[137.47063214143535,35.14387436864696],[137.470882,35.144129]],[[137.471157,35.144483],[137.471219,35.144656],[137.471219,35.14472316091949],[137.471157,35.144483]],[[137.47212650655268,35.146528686547214],[137.47341,35.146052],[137.473795,35.146617],[137.47212650655268,35.146528686547214]],[[137.474776,35.150098],[137.473451,35.151274],[137.4728930996905,35.15140127938473],[137.474776,35.150098]],[[137.46747571391435,35.15681113134464],[137.467148,35.157991],[137.4669,35.158419],[137.46747571391435,35.15681113134464]],[[137.4669,35.158419],[137.46371,35.159748],[137.46215714373696,35.159994748377876],[137.4669,35.158419]],[[137.46217626943238,35.16014634999299],[137.465934,35.163157],[137.46913111235074,35.165838633698094],[137.46217626943238,35.16014634999299]],[[137.4692212408071,35.165912400532136],[137.469733,35.166316],[137.46987092606062,35.166444144070496],[137.4692212408071,35.165912400532136]],[[137.46987845493868,35.1664503061809],[137.470033,35.166565],[137.470759,35.167171],[137.46987845493868,35.1664503061809]],[[137.477662,35.173416],[137.4810502274243,35.17717968832178],[137.474471,35.169913],[137.477662,35.173416]],[[137.48263166614672,35.180699374844345],[137.482361,35.181468],[137.481629,35.182834],[137.48263166614672,35.180699374844345]],[[137.482361,35.185577],[137.483912,35.188237],[137.485537,35.191199798694235],[137.482361,35.185577]],[[137.48604901076496,35.19210626388965],[137.486649,35.192763],[137.486956,35.193712],[137.48604901076496,35.19210626388965]],[[137.486956,35.193712],[137.487381,35.193807],[137.48781524877336,35.19415447186491],[137.486956,35.193712]],[[137.491947,35.195993],[137.49343964706281,35.19658752202065],[137.490601,35.195589],[137.491947,35.195993]],[[137.495826,35.196967],[137.49675085913765,35.19702597361201],[137.495431,35.197288],[137.495826,35.196967]],[[137.4977897289507,35.19681973091767],[137.498131,35.196569],[137.49877770075074,35.19662359280352],[137.4977897289507,35.19681973091767]],[[137.4988724247517,35.196604787624146],[137.499533,35.196401],[137.499773,35.196426],[137.4988724247517,35.196604787624146]],[[137.50113686994527,35.196803397109896],[137.501537,35.196889],[137.50180492774734,35.196988255706295],[137.50113686994527,35.196803397109896]],[[137.50225481077706,35.19711274305627],[137.502333,35.197121],[137.502481142134,35.19717537131514],[137.50225481077706,35.19711274305627]],[[137.502549,35.19554],[137.501613,35.195099],[137.50102,35.194515],[137.502549,35.19554]],[[137.50102,35.194515],[137.500965,35.194322],[137.5011019421173,35.19420902894136],[137.50102,35.194515]],[[137.501629,35.192241],[137.500886,35.191755],[137.50080940996912,35.191210825959395],[137.501629,35.192241]],[[137.5002415470353,35.190497057329964],[137.499606,35.189786],[137.499395,35.189433],[137.5002415470353,35.190497057329964]],[[137.49938654098617,35.187974021518706],[137.498815,35.187623],[137.49937929311534,35.18672393637311],[137.49938654098617,35.187974021518706]],[[137.499374,35.185811],[137.49937848357345,35.18658430966965],[137.499352,35.186246],[137.499374,35.185811]],[[137.499374,35.185811],[137.499463,35.185612],[137.49954540384613,35.185505549556254],[137.499374,35.185811]],[[137.499748,35.185103],[137.499998,35.184699],[137.49969334238176,35.185241915499155],[137.499748,35.185103]],[[137.499998,35.184699],[137.500157,35.184653],[137.50027704063206,35.18465060270881],[137.499998,35.184699]],[[137.50295,35.184187],[137.503194,35.184186],[137.50329438288534,35.1841990489567],[137.50295,35.184187]],[[137.506437,35.184309],[137.50793,35.184582],[137.5086946372734,35.184979042699],[137.506437,35.184309]],[[137.508991,35.185067],[137.510367,35.184934],[137.512512,35.185256],[137.508991,35.185067]],[[137.515404,35.182825],[137.513937,35.180613],[137.514091,35.180435],[137.515404,35.182825]],[[137.516882,35.180056],[137.517723,35.177989],[137.518906,35.17807],[137.516882,35.180056]],[[137.518906,35.17807],[137.519413,35.178386],[137.51949136975506,35.17855415413575],[137.518906,35.17807]],[[137.520289,35.179082],[137.52044668522885,35.17934428709627],[137.51997255206072,35.1789521357556],[137.520289,35.179082]],[[137.52222975180345,35.18081904565518],[137.523257,35.181422],[137.523712,35.182045],[137.52222975180345,35.18081904565518]],[[137.525097,35.182088],[137.52659,35.182766],[137.528161,35.183904],[137.525097,35.182088]],[[137.52850114872945,35.183952285127056],[137.530199,35.184055],[137.530373,35.184218],[137.52850114872945,35.183952285127056]],[[137.530393,35.18428],[137.53039401393994,35.184284950412696],[137.530373,35.184218],[137.530393,35.18428]],[[137.531686,35.186142],[137.53242434239615,35.18656069177996],[137.53126605165357,35.18600094362206],[137.531686,35.186142]],[[137.533077,35.186867],[137.533172,35.186922],[137.53297404007282,35.186826335154805],[137.533077,35.186867]],[[137.53477705185242,35.18812525881934],[137.537381,35.189368],[137.537714,35.190327],[137.53477705185242,35.18812525881934]],[[137.54045943410955,35.19046841410297],[137.540133,35.190711],[137.540364,35.190527],[137.54045943410955,35.19046841410297]],[[137.5406450499799,35.19033047572248],[137.541052,35.189997],[137.54120267943284,35.189916079563844],[137.5406450499799,35.19033047572248]],[[137.542721,35.188907],[137.5432937301206,35.18884468719207],[137.542465,35.188978],[137.542721,35.188907]],[[137.54358986436793,35.18879704986473],[137.544674,35.188354],[137.545567,35.188479],[137.54358986436793,35.18879704986473]],[[137.546274,35.18734],[137.547051,35.187026],[137.54717918437842,35.18768424771537],[137.546274,35.18734]],[[137.54832598669398,35.1881203843595],[137.549347,35.188218],[137.55028804394198,35.18886656794504],[137.54832598669398,35.1881203843595]],[[137.55167,35.188098],[137.551856,35.187962],[137.55154482776453,35.18827489618136],[137.55167,35.188098]],[[137.551856,35.187962],[137.553794,35.188255],[137.55469552145095,35.18913115701884],[137.551856,35.187962]],[[137.55723124916304,35.18813122309018],[137.558055,35.187568],[137.558842,35.187467],[137.55723124916304,35.18813122309018]],[[137.5603614986197,35.188592104799305],[137.561159,35.188307],[137.56253424043692,35.18841269485182],[137.5603614986197,35.188592104799305]],[[137.56429949504633,35.18826693237131],[137.56426135436925,35.188270081763854],[137.564268,35.188268],[137.56429949504633,35.18826693237131]],[[137.5653431007425,35.18818075865216],[137.565764,35.18812],[137.56588713740703,35.18813583587825],[137.5653431007425,35.18818075865216]],[[137.56699408386328,35.188151782988875],[137.566636,35.188074],[137.566796,35.188097],[137.56699408386328,35.188151782988875]],[[137.56742061937067,35.18824443504619],[137.56701644470942,35.188156640212625],[137.567285,35.188177],[137.56742061937067,35.18824443504619]],[[137.56835391951435,35.188447166534914],[137.56783991136678,35.188335513667745],[137.568136,35.188362],[137.56835391951435,35.188447166534914]],[[137.568413,35.18846],[137.568762,35.186929],[137.5691470812578,35.18655262594534],[137.568413,35.18846]],[[137.569481,35.185685],[137.570756,35.185451],[137.571429,35.186235],[137.569481,35.185685]],[[137.5735649697761,35.18584679641904],[137.574625,35.185493],[137.57510916284346,35.18556614578197],[137.5735649697761,35.18584679641904]],[[137.578223,35.187352],[137.578349,35.187439],[137.5780540310261,35.18726216839362],[137.578223,35.187352]],[[137.578349,35.187439],[137.581115,35.19024],[137.581023,35.191464],[137.578349,35.187439]],[[137.581023,35.191464],[137.580234,35.192577],[137.579185,35.193109],[137.581023,35.191464]],[[137.5790527412327,35.19334304909698],[137.578923,35.194024],[137.578529314793,35.1942693202852],[137.5790527412327,35.19334304909698]],[[137.57818318168376,35.194881847857495],[137.578159,35.195454],[137.57772834431185,35.1956867417661],[137.57818318168376,35.194881847857495]],[[137.57771941645956,35.196032425936004],[137.577986,35.196491],[137.578026,35.1968309380811],[137.57771941645956,35.196032425936004]]],[[[136.651889,34.482158],[136.652617,34.48498],[136.654151,34.4842],[136.651889,34.482158]]],[[[136.646852,34.518835],[136.648224,34.522536],[136.650003,34.520998],[136.646852,34.518835]]],[[[136.583553,35.246582],[136.591736,35.257852],[136.592087,35.244151],[136.583553,35.246582]]],[[[136.80386,34.480394],[136.800969,34.459608],[136.788722,34.457745],[136.781554,34.446059],[136.787528,34.423337],[136.759438,34.411667],[136.751501,34.386164],[136.718474,34.392216],[136.694416,34.385261],[136.690814,34.394904],[136.643271,34.398471],[136.643353,34.423216],[136.632643,34.431356],[136.652381,34.450142],[136.650811,34.460516],[136.670752,34.475751],[136.653768,34.481365],[136.655606,34.489301],[136.644751,34.48435],[136.657288,34.504539],[136.639048,34.499854],[136.649824,34.510315],[136.640969,34.514775],[136.649556,34.512081],[136.661226,34.52262],[136.645417,34.536307],[136.6604825406715,34.56633557641255],[136.69515,34.54668],[136.722902,34.542474],[136.775053,34.509134],[136.811117,34.506909],[136.817337,34.486622],[136.80386,34.480394]]],[[[136.806763,34.840754],[136.798465,34.875827],[136.8041,34.877768],[136.818315,34.868868],[136.824148,34.852667],[136.806763,34.840754]]],[[[136.818709,34.964471],[136.820262,34.949726],[136.810948,34.954834],[136.818709,34.964471]]],[[[136.850258,35.040557],[136.84406,35.041586],[136.845499,35.033942],[136.840593,35.055964],[136.85496,35.055256],[136.852059,35.043835],[136.846186,35.045503],[136.850258,35.040557]]],[[[136.87368329999998,35.071840099999974],[136.882309,35.070535],[136.876071,35.053183],[136.865275,35.050029],[136.87368329999998,35.071840099999974]]],[[[137.050816,34.728894],[137.048896,34.715145],[137.043486,34.726518],[137.03634,34.720671],[137.031534,34.728395],[137.050816,34.728894]]],[[[137.332427,34.703989],[137.308617,34.702021],[137.310212,34.724483],[137.341909,34.7204053],[137.332427,34.703989]]],[[[137.31425060000004,34.74854769999999],[137.318671,34.732938],[137.307936,34.734786],[137.31425060000004,34.74854769999999]]],[[[137.3033426,34.79294129999998],[137.31311020000004,34.7957537],[137.32668149999998,34.7864496],[137.308671,34.778831],[137.3033426,34.79294129999998]]]]}}]}