{"type": "FeatureCollection", "features": [{"type": "Feature", "properties": {"slug": "nuuk", "members": 1, "country": "Greenland", "input_hash": "43499e0e1f52862b"}, "geometry": {"type": "MultiPolygon", "coordinates": [[[[-51.8859898, 63.9558447], [-51.8904599, 63.9560468], [-51.8864412, 63.9571626], [-51.8859898, 63.9558447]]], [[[-51.91339, 63.9673201], [-51.9231101, 63.9624], [-51.92039, 63.9677899], [-51.91339, 63.9673201]]], [[[-51.894772, 63.9635115], [-51.9026982, 63.9675267], [-51.8743524, 63.9863058], [-51.8760261, 63.9733344], [-51.8969907, 63.956655], [-51.894772, 63.9635115]]], [[[-52.1283699, 64.0013599], [-52.13422, 64.00183], [-52.12967, 64.0046801], [-52.1283699, 64.0013599]]], [[[-52.12128, 64.00628], [-52.1297199, 64.00595], [-52.1171301, 64.0116801], [-52.12128, 64.00628]]], [[[-52.1253401, 64.0129001], [-52.13887, 64.0109001], [-52.14246, 64.0181301], [-52.13067, 64.0149001], [-52.12734, 64.0192699], [-52.11911, 64.01755], [-52.1267199, 64.0182599], [-52.1253401, 64.0129001]]], [[[-52.1338299, 64.0210101], [-52.1395801, 64.0189199], [-52.1402401, 64.02096], [-52.1338299, 64.0210101]]], [[[-52.0961399, 64.0190001], [-52.10164, 64.01806], [-52.1057999, 64.01995], [-52.10063, 64.0220399], [-52.0961399, 64.0190001]]], [[[-52.1103599, 64.03245], [-52.10865, 64.03323], [-52.1051101, 64.0322301], [-52.1103599, 64.03245]]], [[[-52.09521, 64.0325701], [-52.10218, 64.03175], [-52.1016801, 64.0338001], [-52.09521, 64.0325701]]], [[[-52.1241499, 64.03175], [-52.12329, 64.0344], [-52.1185999, 64.0339201], [-52.1241499, 64.03175]]], [[[-52.0756701, 64.0403799], [-52.07603, 64.0343699], [-52.08074, 64.0354899], [-52.0756701, 64.0403799]]], [[[-52.0820001, 64.0380399], [-52.0843401, 64.0380201], [-52.0812101, 64.0424801], [-52.0820001, 64.0380399]]], [[[-52.0447501, 64.0404801], [-52.0483299, 64.04263], [-52.0443399, 64.04522], [-52.0447501, 64.0404801]]], [[[-52.0752578, 64.0431034], [-52.0812704, 64.0427208], [-52.0814512, 64.0435057], [-52.0752578, 64.0431034]]], [[[-52.06362, 64.04586], [-52.07171, 64.0434801], [-52.07175, 64.0445099], [-52.06362, 64.04586]]], [[[-52.0298601, 64.0481301], [-52.03859, 64.04756], [-52.0386699, 64.0496099], [-52.0298601, 64.0481301]]], [[[-52.07075, 64.04899], [-52.07141, 64.0509], [-52.0655599, 64.0506901], [-52.07075, 64.04899]]], [[[-52.07862, 64.0488001], [-52.0796601, 64.05289], [-52.0726501, 64.0529399], [-52.07862, 64.0488001]]], [[[-52.1263899, 64.0533], [-52.1297199, 64.0491799], [-52.1321599, 64.0517199], [-52.1263899, 64.0533]]], [[[-52.0335399, 64.05297], [-52.03937, 64.05267], [-52.02371, 64.0556001], [-52.0335399, 64.05297]]], [[[-52.05749, 64.05331], [-52.06515, 64.0553], [-52.0576501, 64.05764], [-52.05749, 64.05331]]], [[[-52.07172, 64.05909], [-52.06528, 64.0586199], [-52.06984, 64.05565], [-52.07172, 64.05909]]], [[[-52.0450999, 64.05775], [-52.0443399, 64.0608201], [-52.04083, 64.0605901], [-52.0450999, 64.05775]]], [[[-52.07118, 64.06011], [-52.0642199, 64.06119], [-52.06329, 64.0599201], [-52.07118, 64.06011]]], [[[-52.028392, 64.0580124], [-52.0264194, 64.0634148], [-52.0228199, 64.060067], [-52.028392, 64.0580124]]], [[[-52.0477501, 64.05824], [-52.0567899, 64.0655901], [-52.0449601, 64.0618399], [-52.0477501, 64.05824]]], [[[-52.0323694, 64.0655188], [-52.02869, 64.064], [-52.0344001, 64.0605099], [-52.0323694, 64.0655188]]], [[[-52.04447, 64.0641401], [-52.04746, 64.0661699], [-52.0399, 64.0667399], [-52.04447, 64.0641401]]], [[[-52.06039, 64.06812], [-52.06341, 64.06324], [-52.06736, 64.0671799], [-52.06039, 64.06812]]], [[[-52.0037361, 64.0701253], [-52.0164268, 64.0650402], [-52.016311, 64.0703582], [-52.0037361, 64.0701253]]], [[[-52.02776, 64.0652158], [-52.0340999, 64.0680599], [-52.0280153, 64.071376], [-52.02776, 64.0652158]]], [[[-52.03761, 64.0682899], [-52.03716, 64.07187], [-52.03017, 64.0722999], [-52.03761, 64.0682899]]], [[[-52.0428899, 64.06876], [-52.0453199, 64.0712999], [-52.0406699, 64.0721], [-52.0428899, 64.06876]]], [[[-52.0787098, 64.0985535], [-52.0842138, 64.0952464], [-52.0858722, 64.0967942], [-52.0787098, 64.0985535]]], [[[-52.0593682, 64.1082049], [-52.0547364, 64.1050864], [-52.0599267, 64.1065738], [-52.0593682, 64.1082049]]], [[[-52.0852746, 64.1124461], [-52.089731, 64.1120351], [-52.0873912, 64.115137], [-52.0852746, 64.1124461]]], [[[-52.052369, 64.110673], [-52.0734336, 64.1138942], [-52.0469266, 64.127468], [-52.0240563, 64.1101657], [-52.0476128, 64.1013349], [-52.052369, 64.110673]]], [[[-52.0846402, 64.1143729], [-52.084886, 64.1168253], [-52.0788423, 64.1151794], [-52.0846402, 64.1143729]]], [[[-52.0813036, 64.1204435], [-52.089407, 64.1197806], [-52.0870695, 64.1210026], [-52.0813036, 64.1204435]]], [[[-51.9406258, 64.1305028], [-51.9393062, 64.1256152], [-51.9465589, 64.1259382], [-51.9406258, 64.1305028]]], [[[-52.1062401, 64.13428], [-52.0969199, 64.1356301], [-52.09775, 64.12693], [-52.1076801, 64.12634], [-52.10074, 64.1284399], [-52.1062401, 64.13428]]], [[[-51.9543394, 64.1333554], [-51.9409092, 64.1328057], [-51.9454796, 64.1295851], [-51.9543394, 64.1333554]]], [[[-52.0635501, 64.1433001], [-52.0913301, 64.1423299], [-52.0876799, 64.1538601], [-52.04284, 64.1455], [-52.075603, 64.112935], [-52.06782, 64.1248501], [-52.09418, 64.1254201], [-52.0635501, 64.1433001]]], [[[-51.932909, 64.1342419], [-51.9364676, 64.1326086], [-51.9329502, 64.1358558], [-51.932909, 64.1342419]]], [[[-51.9234593, 64.1363588], [-51.9313085, 64.1372254], [-51.9249172, 64.1395291], [-51.9234593, 64.1363588]]], [[[-51.9140519, 64.1387341], [-51.9199028, 64.1371834], [-51.9216383, 64.139056], [-51.9140519, 64.1387341]]], [[[-51.9119603, 64.1449465], [-51.9239825, 64.142809], [-51.9290165, 64.1456206], [-51.9119603, 64.1449465]]], [[[-52.11298, 64.14907], [-52.1156901, 64.15083], [-52.10639, 64.1527], [-52.11298, 64.14907]]], [[[-51.89018, 64.17119], [-51.9091424, 64.1713473], [-51.8848146, 64.1606399], [-51.8969013, 64.1559258], [-51.8858188, 64.1540578], [-51.896489, 64.1509941], [-51.8999433, 64.1572892], [-51.9097681, 64.1471577], [-51.9254963, 64.1484232], [-51.9246084, 64.155529], [-51.9420312, 64.1739114], [-51.9579512, 64.1715691], [-51.9354898, 64.1645321], [-51.931261, 64.143192], [-51.9389837, 64.1343945], [-51.9752777, 64.1391855], [-51.956821, 64.1317082], [-51.9674598, 64.1184653], [-51.9964181, 64.1158367], [-51.9931581, 64.1318877], [-52.0064865, 64.1389957], [-52.0049401, 64.11814], [-52.03106, 64.12025], [-52.041102, 64.1363434], [-52.0302085, 64.1405834], [-52.0388589, 64.1406841], [-52.0310701, 64.14404], [-52.0406, 64.1483201], [-52.03039, 64.1494201], [-52.0487, 64.15338], [-52.0410801, 64.1611099], [-52.04649, 64.1649099], [-51.9767299, 64.17307], [-51.98147, 64.18275], [-51.944475, 64.1801845], [-51.9423899, 64.1891499], [-51.92928, 64.18309], [-51.9090267, 64.1884709], [-51.9107641, 64.1800278], [-51.8863, 64.1779901], [-51.89018, 64.17119]]], [[[-52.1000101, 64.1545401], [-52.09473, 64.1543201], [-52.0998901, 64.1512101], [-52.1000101, 64.1545401]]], [[[-52.0985899, 64.1555699], [-52.09307, 64.1566401], [-52.0941499, 64.1543399], [-52.0985899, 64.1555699]]], [[[-52.0492299, 64.1597701], [-52.0518601, 64.1571099], [-52.05552, 64.1556501], [-52.0492299, 64.1597701]]], [[[-52.05818, 64.1637899], [-52.0654, 64.15352], [-52.0808901, 64.16005], [-52.05818, 64.1637899]]], [[[-52.04995, 64.1633499], [-52.05016, 64.16105], [-52.0567899, 64.15818], [-52.04995, 64.1633499]]], [[[-52.1090001, 64.1593301], [-52.1022301, 64.16603], [-52.10488, 64.1589801], [-52.1090001, 64.1593301]]], [[[-52.0955701, 64.1755501], [-52.09142, 64.1743], [-52.09653, 64.17042], [-52.0955701, 64.1755501]]], [[[-52.07505, 64.1757], [-52.0838801, 64.1766601], [-52.0792201, 64.1774599], [-52.07505, 64.1757]]], [[[-51.8925026, 64.1790661], [-51.8967534, 64.1810534], [-51.8924168, 64.1801595], [-51.8925026, 64.1790661]]], [[[-52.0802101, 64.1876801], [-52.0755501, 64.1884799], [-52.0742001, 64.18415], [-52.0802101, 64.1876801]]], [[[-51.9068507, 64.1856145], [-51.9004435, 64.1891263], [-51.9005622, 64.1853377], [-51.9068507, 64.1856145]]], [[[-51.9218942, 64.1911457], [-51.9103615, 64.1900041], [-51.9192417, 64.1879903], [-51.9218942, 64.1911457]]], [[[-51.9169892, 64.198546], [-51.9210707, 64.1969703], [-51.9233599, 64.19899], [-51.9169892, 64.198546]]], [[[-52.0901201, 64.20117], [-52.09354, 64.1984401], [-52.09417, 64.1995999], [-52.0901201, 64.20117]]], [[[-52.1035, 64.2126999], [-52.0969199, 64.2098001], [-52.1056701, 64.2082], [-52.1035, 64.2126999]]], [[[-52.16765, 64.2440499], [-52.15976, 64.2451401], [-52.16477, 64.23845], [-52.16765, 64.2440499]]], [[[-52.16858, 64.25223], [-52.1615199, 64.2520401], [-52.17022, 64.24889], [-52.16858, 64.25223]]], [[[-52.14343, 64.26956], [-52.1536001, 64.27359], [-52.1411401, 64.28544], [-52.14343, 64.26956]]], [[[-52.13331, 64.29548], [-52.143, 64.2877301], [-52.148, 64.29459], [-52.13331, 64.29548]]], [[[-52.136, 64.30338], [-52.1272699, 64.30627], [-52.1359499, 64.30236], [-52.136, 64.30338]]], [[[-52.17865, 64.3091901], [-52.1698, 64.3087501], [-52.17824, 64.30638], [-52.17865, 64.3091901]]], [[[-52.14786, 64.33373], [-52.1519, 64.3316501], [-52.1571, 64.32905], [-52.14786, 64.33373]]], [[[-52.1165, 64.3314101], [-52.11077, 64.3209701], [-52.1293899, 64.31495], [-52.12509, 64.32495], [-52.1476099, 64.3278501], [-52.14144, 64.3305401], [-52.1457101, 64.3388601], [-52.16469, 64.3274499], [-52.1719301, 64.33125], [-52.12967, 64.3505], [-52.1404999, 64.35553], [-52.11932, 64.3572299], [-52.12251, 64.34851], [-52.10965, 64.3370901], [-52.1165, 64.3314101]]], [[[-52.15945, 64.34285], [-52.1596001, 64.33952], [-52.1651799, 64.3389701], [-52.15945, 64.34285]]], [[[-52.14665, 64.3544599], [-52.15341, 64.35364], [-52.1558499, 64.3556601], [-52.14665, 64.3544599]]], [[[-52.1577399, 64.37253], [-52.1530499, 64.3733201], [-52.1559, 64.3708801], [-52.1577399, 64.37253]]], [[[-52.16286, 64.3816999], [-52.1547001, 64.3845799], [-52.1628301, 64.38118], [-52.16286, 64.3816999]]], [[[-52.12945, 64.3881], [-52.1509201, 64.37898], [-52.1482601, 64.3859099], [-52.12945, 64.3881]]], [[[-52.1290499, 64.39296], [-52.13912, 64.39339], [-52.12856, 64.39552], [-52.1290499, 64.39296]]], [[[-52.15002, 64.3996999], [-52.1441401, 64.40052], [-52.14687, 64.3951201], [-52.15002, 64.3996999]]], [[[-52.1358199, 64.3995601], [-52.1264899, 64.4026999], [-52.13167, 64.39921], [-52.1358199, 64.3995601]]], [[[-52.16312, 64.4019001], [-52.1531401, 64.40352], [-52.1589499, 64.4013], [-52.16312, 64.4019001]]], [[[-52.1405901, 64.4146099], [-52.14587, 64.41355], [-52.1540599, 64.41144], [-52.1500499, 64.41454], [-52.1405901, 64.4146099]]], [[[-52.1616299, 64.41573], [-52.17798, 64.41074], [-52.17957, 64.4132799], [-52.1616299, 64.41573]]], [[[-52.24871, 64.43778], [-52.2387799, 64.44067], [-52.24328, 64.43564], [-52.24871, 64.43778]]], [[[-52.2438701, 64.44856], [-52.2379999, 64.4496299], [-52.23839, 64.4452799], [-52.2438701, 64.44856]]], [[[-52.17358, 64.45298], [-52.19171, 64.44758], [-52.1850799, 64.45877], [-52.17358, 64.45298]]], [[[-52.2414399, 64.46035], [-52.2441901, 64.4557201], [-52.24618, 64.4603099], [-52.2414399, 64.46035]]], [[[-52.17755, 64.46266], [-52.17169, 64.46424], [-52.1753901, 64.4606299], [-52.17755, 64.46266]]], [[[-52.19722, 64.46532], [-52.1971701, 64.4642899], [-52.20723, 64.4639599], [-52.19722, 64.46532]]], [[[-52.23169, 64.46759], [-52.2280801, 64.46634], [-52.2338999, 64.46399], [-52.23169, 64.46759]]], [[[-52.15264, 64.4620899], [-52.14609, 64.4615001], [-52.16554, 64.4590501], [-52.14556, 64.4769799], [-52.1432699, 64.4647201], [-52.15264, 64.4620899]]], [[[-52.1759, 64.4726499], [-52.19021, 64.46767], [-52.1746399, 64.47778], [-52.1509499, 64.47848], [-52.1771899, 64.4681601], [-52.17925, 64.4608599], [-52.1847201, 64.46414], [-52.1759, 64.4726499]]], [[[-52.15065, 64.48538], [-52.1687499, 64.4788501], [-52.1688201, 64.48038], [-52.15065, 64.48538]]], [[[-52.1748301, 64.48212], [-52.18915, 64.4843099], [-52.18391, 64.48614], [-52.1748301, 64.48212]]], [[[-52.1957599, 64.4863001], [-52.2015299, 64.4824199], [-52.20223, 64.4849699], [-52.1957599, 64.4863001]]], [[[-52.09363, 64.48325], [-52.09554, 64.48657], [-52.0854, 64.48511], [-52.09363, 64.48325]]], [[[-52.1061301, 64.48445], [-52.10973, 64.48545], [-52.1009099, 64.48704], [-52.1061301, 64.48445]]], [[[-52.0986999, 64.4914199], [-52.10709, 64.4933901], [-52.09551, 64.4929701], [-52.0986999, 64.4914199]]], [[[-52.11355, 64.49181], [-52.1272799, 64.49401], [-52.11418, 64.49283], [-52.11355, 64.49181]]], [[[-52.14087, 64.49739], [-52.14233, 64.49926], [-52.1381599, 64.49878], [-52.14087, 64.49739]]], [[[-52.14176, 64.51383], [-52.13822, 64.51438], [-52.1315999, 64.51239], [-52.14176, 64.51383]]], [[[-52.1541601, 64.51938], [-52.1734901, 64.5199899], [-52.16245, 64.5257], [-52.1541601, 64.51938]]], [[[-52.16523, 64.5492101], [-52.15765, 64.5387899], [-52.17523, 64.54683], [-52.16523, 64.5492101]]], [[[-52.14457, 64.5455401], [-52.15912, 64.54542], [-52.15922, 64.54773], [-52.14457, 64.5455401]]], [[[-52.13008, 64.56176], [-52.13411, 64.55815], [-52.1360301, 64.56172], [-52.13008, 64.56176]]], [[[-51.5158999, 63.62117], [-51.50896, 63.6188901], [-51.5157801, 63.61426], [-51.5158999, 63.62117]]], [[[-51.5502599, 63.6438099], [-51.5467099, 63.63922], [-51.5553799, 63.64072], [-51.5502599, 63.6438099]]], [[[-51.60403, 63.69679], [-51.59631, 63.6996399], [-51.60024, 63.6946299], [-51.60403, 63.69679]]], [[[-51.7141674, 63.7209886], [-51.7018386, 63.7202111], [-51.7139433, 63.719781], [-51.7141674, 63.7209886]]], [[[-51.6499432, 63.7699245], [-51.651679, 63.7677008], [-51.6543218, 63.7696704], [-51.6499432, 63.7699245]]], [[[-51.6465835, 63.773098], [-51.63482, 63.7710801], [-51.6381185, 63.7655906], [-51.6465835, 63.773098]]], [[[-51.675532, 63.7846718], [-51.672921, 63.7686707], [-51.6837253, 63.7762615], [-51.675532, 63.7846718]]], [[[-51.6455434, 63.7756336], [-51.6549503, 63.7785634], [-51.651241, 63.7720469], [-51.6685306, 63.7737201], [-51.6598329, 63.783505], [-51.6455434, 63.7756336]]], [[[-51.7363699, 63.8314899], [-51.7409001, 63.8273699], [-51.7426442, 63.8307331], [-51.7363699, 63.8314899]]], [[[-51.7157121, 63.8328966], [-51.7105905, 63.8351554], [-51.7123691, 63.8320923], [-51.7157121, 63.8328966]]], [[[-51.6267965, 63.8434688], [-51.6268131, 63.8302072], [-51.6342739, 63.8470059], [-51.6267965, 63.8434688]]], [[[-51.680677, 63.8374955], [-51.6871692, 63.8382012], [-51.678309, 63.8407905], [-51.680677, 63.8374955]]], [[[-51.7290922, 63.8375082], [-51.7544219, 63.8446197], [-51.73153, 63.8458299], [-51.7290922, 63.8375082]]], [[[-51.7702601, 63.8420499], [-51.7760401, 63.84176], [-51.764532, 63.8488529], [-51.7702601, 63.8420499]]], [[[-51.6674375, 63.8502685], [-51.6634545, 63.8514984], [-51.6640241, 63.8477216], [-51.6674375, 63.8502685]]], [[[-51.7163891, 63.8550576], [-51.7214303, 63.8482178], [-51.7216618, 63.8533717], [-51.7163891, 63.8550576]]], [[[-51.7311017, 63.8517913], [-51.731658, 63.8547712], [-51.727613, 63.8564144], [-51.7311017, 63.8517913]]], [[[-51.7108524, 63.8698722], [-51.7082149, 63.8648992], [-51.7155443, 63.8621057], [-51.7108524, 63.8698722]]], [[[-51.7251457, 63.8707133], [-51.7230324, 63.8677234], [-51.7264881, 63.8681494], [-51.7251457, 63.8707133]]], [[[-51.7298204, 63.8719593], [-51.7333406, 63.8687182], [-51.7287763, 63.8732177], [-51.7298204, 63.8719593]]], [[[-51.7161322, 63.8695784], [-51.7085263, 63.8783689], [-51.7086387, 63.8753081], [-51.7161322, 63.8695784]]], [[[-51.6248301, 63.89468], [-51.5934824, 63.8907862], [-51.6013578, 63.8842402], [-51.5979877, 63.8650751], [-51.6168171, 63.8465444], [-51.639791, 63.8569741], [-51.6268315, 63.8661], [-51.6376229, 63.8746464], [-51.6289669, 63.8795283], [-51.6380511, 63.8815658], [-51.6460173, 63.8708659], [-51.6585817, 63.8744304], [-51.6474547, 63.8668651], [-51.64658, 63.85596], [-51.6562377, 63.8642554], [-51.6613223, 63.8520821], [-51.6702255, 63.8552126], [-51.6834212, 63.8469749], [-51.699471, 63.8686367], [-51.6800038, 63.8743945], [-51.6841006, 63.8869809], [-51.6691073, 63.881472], [-51.6739701, 63.88678], [-51.6633152, 63.8881518], [-51.6805257, 63.8934168], [-51.6771023, 63.8995199], [-51.684652, 63.9026201], [-51.6453375, 63.8950692], [-51.64547, 63.8835257], [-51.6231965, 63.884198], [-51.6349626, 63.8867566], [-51.6198358, 63.8899465], [-51.6248301, 63.89468]]], [[[-51.6960684, 63.8728869], [-51.7026899, 63.8743701], [-51.6974802, 63.8786613], [-51.6960684, 63.8728869]]], [[[-51.7461327, 63.8877872], [-51.7454536, 63.8839993], [-51.7522699, 63.8846101], [-51.7461327, 63.8877872]]], [[[-51.6451701, 63.8903946], [-51.640721, 63.8871944], [-51.645244, 63.889299], [-51.6451701, 63.8903946]]], [[[-51.6850661, 63.8878576], [-51.6890554, 63.8889775], [-51.6834416, 63.8938561], [-51.6850661, 63.8878576]]], [[[-51.6928375, 63.8909951], [-51.6891361, 63.8947438], [-51.6844261, 63.8964621], [-51.6928375, 63.8909951]]], [[[-51.6446679, 63.8977403], [-51.642515, 63.8949407], [-51.6466179, 63.8964743], [-51.6446679, 63.8977403]]], [[[-51.7258819, 63.8959085], [-51.7359087, 63.8958523], [-51.7235805, 63.897483], [-51.7258819, 63.8959085]]], [[[-51.6965994, 63.8936904], [-51.7035524, 63.8983303], [-51.6815483, 63.8994497], [-51.6965994, 63.8936904]]], [[[-51.59536, 63.90132], [-51.59942, 63.90143], [-51.5977299, 63.9037301], [-51.59536, 63.90132]]], [[[-51.7458451, 63.9028288], [-51.7256999, 63.9118501], [-51.7255244, 63.8995621], [-51.7458451, 63.9028288]]], [[[-51.6658197, 63.9066925], [-51.6809401, 63.9060187], [-51.6641336, 63.9078863], [-51.6658197, 63.9066925]]], [[[-51.7188978, 63.9006358], [-51.7190998, 63.9159676], [-51.7101026, 63.9035899], [-51.7188978, 63.9006358]]], [[[-51.6782264, 63.9173559], [-51.6819998, 63.9168015], [-51.6866511, 63.9181566], [-51.6782264, 63.9173559]]], [[[-51.61325, 63.90957], [-51.6018425, 63.9205389], [-51.6114859, 63.9244455], [-51.6063999, 63.9285201], [-51.5806783, 63.923169], [-51.6007696, 63.9092027], [-51.61325, 63.90957]]], [[[-51.77286, 63.9159601], [-51.7770401, 63.9197699], [-51.7748201, 63.9236201], [-51.7724701, 63.9228699], [-51.77286, 63.9159601]]], [[[-51.6129824, 63.929382], [-51.6285747, 63.9252269], [-51.6250501, 63.93125], [-51.6129824, 63.929382]]], [[[-51.80065, 63.9331999], [-51.80926, 63.9291901], [-51.81232, 63.9344101], [-51.80065, 63.9331999]]], [[[-51.8200701, 63.9408899], [-51.8146101, 63.93312], [-51.8263199, 63.9358699], [-51.8200701, 63.9408899]]], [[[-51.87219, 63.9340701], [-51.8683499, 63.9415101], [-51.86759, 63.9356201], [-51.87219, 63.9340701]]], [[[-51.6812966, 63.9306624], [-51.688451, 63.9383031], [-51.6785846, 63.9398732], [-51.684692, 63.9458377], [-51.6767325, 63.9488586], [-51.659795, 63.9379359], [-51.6796679, 63.9370426], [-51.6812966, 63.9306624]]], [[[-51.8375101, 63.94092], [-51.84406, 63.93628], [-51.8480901, 63.9447], [-51.8375101, 63.94092]]], [[[-51.7174402, 63.9425038], [-51.7122689, 63.9437574], [-51.7120114, 63.9420043], [-51.7174402, 63.9425038]]], [[[-51.7190342, 63.9396233], [-51.7309073, 63.9397441], [-51.73618, 63.91282], [-51.7612401, 63.9157599], [-51.74933, 63.92657], [-51.7689301, 63.9208401], [-51.756405, 63.9624481], [-51.7451878, 63.9645363], [-51.7513984, 63.9689939], [-51.7477068, 63.9775213], [-51.7236585, 63.9687079], [-51.7251631, 63.9406255], [-51.7190342, 63.9396233]]], [[[-51.710113, 63.9430817], [-51.7112163, 63.9461861], [-51.7056755, 63.9462205], [-51.710113, 63.9430817]]], [[[-51.6948386, 63.9519476], [-51.6863047, 63.9547789], [-51.691183, 63.9513555], [-51.6948386, 63.9519476]]], [[[-51.7143395, 63.9631339], [-51.714835, 63.9554735], [-51.7194217, 63.9592359], [-51.7143395, 63.9631339]]], [[[-51.8842055, 63.9623419], [-51.8869349, 63.9574967], [-51.8897257, 63.9573069], [-51.8842055, 63.9623419]]], [[[-51.8815203, 63.9628046], [-51.8691821, 63.9771507], [-51.8690105, 63.9645282], [-51.8811003, 63.9504737], [-51.8815203, 63.9628046]]], [[[-51.7630469, 63.969602], [-51.7836106, 63.9721867], [-51.7660284, 63.9815625], [-51.7630469, 63.969602]]], [[[-51.7535801, 63.9795504], [-51.7483916, 63.9785285], [-51.7522121, 63.9743866], [-51.7535801, 63.9795504]]], [[[-51.7334689, 63.9923173], [-51.7285146, 63.9931955], [-51.726857, 63.9914824], [-51.7334689, 63.9923173]]], [[[-51.7090499, 63.9936878], [-51.713522, 63.9916681], [-51.7142647, 63.9954153], [-51.7090499, 63.9936878]]], [[[-51.7157614, 64.003301], [-51.7222847, 63.9926271], [-51.7331599, 63.9975], [-51.7269438, 64.0019601], [-51.7425872, 64.0009438], [-51.7240001, 64.0036801], [-51.73108, 64.00698], [-51.72075, 64.01316], [-51.7028717, 63.9979883], [-51.7157614, 64.003301]]], [[[-51.6956899, 64.01354], [-51.7053301, 64.0030101], [-51.70507, 64.01554], [-51.6956899, 64.01354]]], [[[-51.7484899, 64.0258099], [-51.756041, 64.0242372], [-51.7567686, 64.0252626], [-51.7484899, 64.0258099]]], [[[-51.7542221, 64.0300952], [-51.7597831, 64.0276816], [-51.7628635, 64.0295873], [-51.7542221, 64.0300952]]], [[[-51.80481, 64.0372799], [-51.822323, 64.0257073], [-51.81814, 64.0343899], [-51.80481, 64.0372799]]], [[[-51.6830076, 64.0328354], [-51.6892619, 64.0350322], [-51.6820146, 64.0357502], [-51.6830076, 64.0328354]]], [[[-51.79023, 64.0376099], [-51.7703799, 64.0369499], [-51.76857, 64.0349201], [-51.79023, 64.0376099]]], [[[-51.83113, 64.03943], [-51.8381775, 64.0370372], [-51.8404069, 64.038541], [-51.83113, 64.03943]]], [[[-51.8176044, 64.0375443], [-51.8233783, 64.0365949], [-51.8161311, 64.0399585], [-51.8176044, 64.0375443]]], [[[-51.7011799, 64.0402624], [-51.7067165, 64.0414374], [-51.7006643, 64.042339], [-51.7011799, 64.0402624]]], [[[-51.8601, 64.0457351], [-51.8538646, 64.0441261], [-51.8588235, 64.044438], [-51.8601, 64.0457351]]], [[[-51.6771685, 64.0489423], [-51.6469405, 64.0479215], [-51.6549586, 64.0423517], [-51.6771685, 64.0489423]]], [[[-51.6929046, 64.0484468], [-51.6979693, 64.0439075], [-51.6983542, 64.0483019], [-51.6929046, 64.0484468]]], [[[-51.6006987, 64.0431048], [-51.6363349, 64.0416947], [-51.6268811, 64.0510469], [-51.587395, 64.0511288], [-51.6006987, 64.0431048]]], [[[-51.7489139, 64.0507357], [-51.7433115, 64.0452592], [-51.7502374, 64.0458528], [-51.7489139, 64.0507357]]], [[[-51.8868466, 64.0473509], [-51.8732851, 64.050889], [-51.8781502, 64.0490114], [-51.8868466, 64.0473509]]], [[[-51.7375865, 64.0456943], [-51.7373369, 64.0533753], [-51.720667, 64.0551695], [-51.72363, 64.0478219], [-51.7375865, 64.0456943]]], [[[-51.6988615, 64.0510611], [-51.7078262, 64.0498606], [-51.7050094, 64.055827], [-51.6988615, 64.0510611]]], [[[-51.7656886, 64.0480713], [-51.7698852, 64.0390214], [-51.7876858, 64.0408292], [-51.7705072, 64.0512349], [-51.8072, 64.0441171], [-51.8237793, 64.0534658], [-51.7986754, 64.0680202], [-51.7995329, 64.0741957], [-51.7581888, 64.0731965], [-51.7434917, 64.0605878], [-51.7684715, 64.0515969], [-51.7442931, 64.0414024], [-51.7463041, 64.0349882], [-51.7592865, 64.0335658], [-51.7543126, 64.0349526], [-51.7662193, 64.0413711], [-51.7571301, 64.0429], [-51.7656886, 64.0480713]]], [[[-51.8206399, 64.0597001], [-51.82645, 64.05864], [-51.82067, 64.0607199], [-51.8206399, 64.0597001]]], [[[-51.843689, 64.0549168], [-51.8531045, 64.0648178], [-51.8348487, 64.0655458], [-51.8409962, 64.0617086], [-51.843689, 64.0549168]]], [[[-51.7395546, 64.0628858], [-51.7214401, 64.06278], [-51.7228576, 64.0619389], [-51.7395546, 64.0628858]]], [[[-51.7834624, 64.081645], [-51.7969828, 64.0774093], [-51.8042669, 64.079371], [-51.7834624, 64.081645]]], [[[-51.8658037, 64.083134], [-51.8676508, 64.0788096], [-51.8728633, 64.0812034], [-51.8658037, 64.083134]]], [[[-51.846781, 64.0883814], [-51.8531447, 64.0827227], [-51.8449556, 64.0932503], [-51.846781, 64.0883814]]], [[[-51.8456765, 64.0872476], [-51.8404607, 64.0915406], [-51.8424872, 64.0892906], [-51.8456765, 64.0872476]]], [[[-51.8621543, 64.0877335], [-51.8520612, 64.0938655], [-51.8524155, 64.091843], [-51.8621543, 64.0877335]]], [[[-51.8369231, 64.0950219], [-51.8331754, 64.0905899], [-51.8387562, 64.091873], [-51.8369231, 64.0950219]]], [[[-51.8588626, 64.091287], [-51.8621249, 64.0930724], [-51.8559989, 64.094619], [-51.8588626, 64.091287]]], [[[-51.8242116, 64.0927271], [-51.8309974, 64.0929973], [-51.8220436, 64.0945342], [-51.8242116, 64.0927271]]], [[[-51.8444503, 64.0936173], [-51.8478391, 64.094914], [-51.8437397, 64.0972898], [-51.8444503, 64.0936173]]], [[[-51.6436969, 64.0987762], [-51.624903, 64.0936793], [-51.6482543, 64.0954817], [-51.6436969, 64.0987762]]], [[[-51.7509298, 64.0922067], [-51.7628716, 64.0955111], [-51.750622, 64.1023149], [-51.7509298, 64.0922067]]], [[[-51.6613026, 64.0979408], [-51.6605385, 64.1015879], [-51.6538898, 64.1001832], [-51.6613026, 64.0979408]]], [[[-51.7292551, 64.1130392], [-51.7227179, 64.1132285], [-51.7258131, 64.1109385], [-51.7292551, 64.1130392]]], [[[-51.7771077, 64.1072454], [-51.7900122, 64.1078335], [-51.7911261, 64.1116176], [-51.7779159, 64.1207937], [-51.7771077, 64.1072454]]], [[[-51.6666504, 64.114021], [-51.6717873, 64.104321], [-51.7119014, 64.1171853], [-51.6991051, 64.1219442], [-51.7046412, 64.1280695], [-51.6888837, 64.1318215], [-51.6666504, 64.114021]]], [[[-51.7642195, 64.1215757], [-51.7712658, 64.1160952], [-51.7740155, 64.1172818], [-51.7642195, 64.1215757]]], [[[-51.7789897, 64.1253088], [-51.7967385, 64.1171088], [-51.7984196, 64.1290387], [-51.7789897, 64.1253088]]], [[[-51.7994635, 64.1287973], [-51.8086829, 64.1198679], [-51.8137716, 64.1274685], [-51.7994635, 64.1287973]]], [[[-51.7380525, 64.1339301], [-51.7075818, 64.1291244], [-51.7260424, 64.1183653], [-51.7477109, 64.1210196], [-51.7351106, 64.1266546], [-51.7380525, 64.1339301]]], [[[-51.7721565, 64.1278496], [-51.7885973, 64.1374746], [-51.7785227, 64.1441856], [-51.7602476, 64.1371905], [-51.7721565, 64.1278496]]], [[[-51.5920627, 64.1450917], [-51.6004062, 64.1432643], [-51.5951191, 64.1457635], [-51.5920627, 64.1450917]]], [[[-51.8692425, 64.169307], [-51.8728474, 64.1703354], [-51.872268, 64.1722986], [-51.8692425, 64.169307]]], [[[-51.8655109, 64.1886688], [-51.86903, 64.1872861], [-51.8744373, 64.1887436], [-51.8655109, 64.1886688]]], [[[-51.8516064, 64.1968893], [-51.8601036, 64.1897526], [-51.8713818, 64.1923699], [-51.8516064, 64.1968893]]], [[[-51.8431091, 64.1941619], [-51.8393326, 64.1992429], [-51.8342686, 64.1968146], [-51.8431091, 64.1941619]]], [[[-51.718322, 64.1991607], [-51.7175554, 64.1973928], [-51.7215675, 64.1983557], [-51.718322, 64.1991607]]], [[[-51.8062878, 64.2153392], [-51.810236, 64.2139951], [-51.8119526, 64.2161606], [-51.8062878, 64.2153392]]], [[[-51.7369366, 64.2642801], [-51.7182684, 64.2791745], [-51.7078185, 64.2740057], [-51.7263794, 64.2641682], [-51.7369366, 64.2642801]]], [[[-51.5543103, 64.334927], [-51.5740943, 64.3291272], [-51.5546536, 64.3518732], [-51.5312219, 64.3511487], [-51.5568423, 64.3411158], [-51.5543103, 64.334927]]], [[[-51.596067, 64.338514], [-51.5834069, 64.3553466], [-51.561048, 64.3589681], [-51.5755534, 64.3364139], [-51.598835, 64.3280954], [-51.5895867, 64.3327336], [-51.596067, 64.338514]]], [[[-51.0077981, 63.0845911], [-51.0048796, 63.0864977], [-51.004349, 63.0789758], [-51.0077981, 63.0845911]]], [[[-51.0035901, 63.1000401], [-51.0024601, 63.0967199], [-51.0089499, 63.09544], [-51.0035901, 63.1000401]]], [[[-51.0193999, 63.1049], [-51.0129101, 63.10311], [-51.01544, 63.09365], [-51.0193999, 63.1049]]], [[[-50.9999201, 63.1066901], [-51.0036433, 63.1086136], [-50.9979399, 63.10823], [-50.9999201, 63.1066901]]], [[[-51.0182899, 63.13355], [-51.0098101, 63.1263899], [-51.0165901, 63.12588], [-51.0182899, 63.13355]]], [[[-51.0759501, 63.13532], [-51.06579, 63.14223], [-51.05815, 63.1358399], [-51.0657401, 63.11908], [-51.0728, 63.11998], [-51.0759501, 63.13532]]], [[[-51.0584199, 63.1340601], [-51.0572901, 63.13431], [-51.05559, 63.12843], [-51.0584199, 63.1340601]]], [[[-51.0409, 63.13202], [-51.0259201, 63.12792], [-51.03212, 63.1194801], [-51.0468301, 63.1322701], [-51.0477, 63.1435101], [-51.03836, 63.13866], [-51.0409, 63.13202]]], [[[-51.0782099, 63.1350601], [-51.0787599, 63.1284099], [-51.0864001, 63.13276], [-51.08669, 63.13455], [-51.0782099, 63.1350601]]], [[[-51.02621, 63.1358499], [-51.02535, 63.1304801], [-51.0290301, 63.1350799], [-51.02621, 63.1358499]]], [[[-51.0222501, 63.1356001], [-51.0281899, 63.13636], [-51.02564, 63.13969], [-51.0222501, 63.1356001]]], [[[-51.0799501, 63.15067], [-51.0759899, 63.1504099], [-51.07711, 63.1470899], [-51.0799501, 63.15067]]], [[[-51.0873299, 63.15603], [-51.07967, 63.15246], [-51.08502, 63.14414], [-51.0915399, 63.1488699], [-51.0873299, 63.15603]]], [[[-51.063, 63.1627], [-51.0576101, 63.1501701], [-51.07489, 63.1631999], [-51.063, 63.1627]]], [[[-51.1456799, 63.1761901], [-51.1473599, 63.1713199], [-51.1502, 63.17491], [-51.1456799, 63.1761901]]], [[[-51.1282001, 63.19002], [-51.1276501, 63.1938601], [-51.12593, 63.19003], [-51.1282001, 63.19002]]], [[[-51.06138, 63.19493], [-51.0613901, 63.20107], [-51.05571, 63.1951901], [-51.06138, 63.19493]]], [[[-51.1571499, 63.20304], [-51.15121, 63.2053499], [-51.15062, 63.19973], [-51.1571499, 63.20304]]], [[[-51.14927, 63.2130199], [-51.1378801, 63.2028], [-51.1441001, 63.1992199], [-51.14927, 63.2130199]]], [[[-51.1662699, 63.2121099], [-51.1673699, 63.20738], [-51.1725, 63.21172], [-51.1662699, 63.2121099]]], [[[-51.1662699, 63.2127501], [-51.17563, 63.2145301], [-51.1696901, 63.2155599], [-51.1662699, 63.2127501]]], [[[-51.17142, 63.22016], [-51.15549, 63.2102001], [-51.1600299, 63.21148], [-51.17142, 63.22016]]], [[[-51.16944, 63.2217], [-51.13797, 63.22173], [-51.13338, 63.2085599], [-51.1464501, 63.2136699], [-51.15041, 63.2135301], [-51.14982, 63.2094399], [-51.1537901, 63.2102001], [-51.16944, 63.2217]]], [[[-51.11418, 63.2261001], [-51.1118899, 63.22175], [-51.10961, 63.2166401], [-51.11418, 63.2261001]]], [[[-51.06682, 63.22281], [-51.0716499, 63.22383], [-51.06711, 63.22485], [-51.06682, 63.22281]]], [[[-51.0824199, 63.22561], [-51.0824199, 63.2233201], [-51.08923, 63.22663], [-51.0824199, 63.22561]]], [[[-51.11136, 63.22917], [-51.1050999, 63.2256], [-51.10906, 63.22252], [-51.11136, 63.22917]]], [[[-51.1471001, 63.23272], [-51.14597, 63.23349], [-51.1448099, 63.22838], [-51.1471001, 63.23272]]], [[[-51.1337801, 63.2347801], [-51.13238, 63.23862], [-51.13006, 63.2263399], [-51.1337801, 63.2347801]]], [[[-51.1601499, 63.23284], [-51.16641, 63.2373], [-51.1590399, 63.2375699], [-51.1601499, 63.23284]]], [[[-51.14485, 63.23707], [-51.14374, 63.24117], [-51.14031, 63.23516], [-51.14485, 63.23707]]], [[[-51.15173, 63.25062], [-51.15118, 63.2529199], [-51.1488901, 63.24883], [-51.15173, 63.25062]]], [[[-51.04648, 63.26272], [-51.03654, 63.26477], [-51.04591, 63.2609299], [-51.04648, 63.26272]]], [[[-51.0291601, 63.2650201], [-51.03086, 63.26131], [-51.0353999, 63.26272], [-51.0291601, 63.2650201]]], [[[-51.08824, 63.2744601], [-51.10814, 63.28212], [-51.0945, 63.2788101], [-51.08824, 63.2744601]]], [[[-51.18851, 63.3199], [-51.1708199, 63.3117299], [-51.1673599, 63.3033], [-51.1764501, 63.3015099], [-51.1753601, 63.30968], [-51.1830399, 63.3091601], [-51.18851, 63.3199]]], [[[-51.19134, 63.31887], [-51.18045, 63.30457], [-51.1963701, 63.30479], [-51.18642, 63.3048101], [-51.201, 63.3160401], [-51.19134, 63.31887]]], [[[-51.14752, 63.31431], [-51.14354, 63.3148301], [-51.1475, 63.31125], [-51.14752, 63.31431]]], [[[-51.17596, 63.31531], [-51.17142, 63.3165901], [-51.17141, 63.31442], [-51.17596, 63.31531]]], [[[-51.17942, 63.3227201], [-51.18396, 63.3201601], [-51.1851, 63.32169], [-51.17942, 63.3227201]]], [[[-51.12429, 63.33455], [-51.1305, 63.3240501], [-51.1481299, 63.3235199], [-51.14185, 63.3173901], [-51.1600101, 63.3099599], [-51.1783, 63.32477], [-51.1561399, 63.3309301], [-51.1749001, 63.3277201], [-51.18922, 63.3413801], [-51.15962, 63.3427], [-51.15339, 63.3498599], [-51.14027, 63.34425], [-51.1527801, 63.34168], [-51.12429, 63.33455]]], [[[-51.1414301, 63.34937], [-51.12036, 63.34836], [-51.13571, 63.34349], [-51.1414301, 63.34937]]], [[[-51.1750299, 63.3490701], [-51.16363, 63.34627], [-51.17728, 63.3447201], [-51.16932, 63.3465199], [-51.1750299, 63.3490701]]], [[[-51.1835901, 63.3516201], [-51.1847001, 63.3474001], [-51.1887199, 63.3526399], [-51.1835901, 63.3516201]]], [[[-51.1687801, 63.35113], [-51.1801599, 63.3490701], [-51.18188, 63.35213], [-51.1687801, 63.35113]]], [[[-51.0941901, 63.3560601], [-51.08736, 63.35759], [-51.0907599, 63.3519601], [-51.0941901, 63.3560601]]], [[[-51.1899201, 63.36235], [-51.1819299, 63.3593001], [-51.18134, 63.3567401], [-51.1955999, 63.3595299], [-51.1844, 63.35861], [-51.1899201, 63.36235]]], [[[-51.0930701, 63.3629601], [-51.0868, 63.3599], [-51.0936301, 63.3580999], [-51.0930701, 63.3629601]]], [[[-51.1751201, 63.36416], [-51.18252, 63.363], [-51.18766, 63.3646599], [-51.1751201, 63.36416]]], [[[-51.0760999, 63.40748], [-51.07894, 63.4031299], [-51.0789501, 63.40748], [-51.0760999, 63.40748]]], [[[-51.2905401, 63.42485], [-51.2897401, 63.42997], [-51.2943299, 63.4320101], [-51.28747, 63.43176], [-51.2905401, 63.42485]]], [[[-51.2522234, 63.4281003], [-51.2411863, 63.4295175], [-51.2492524, 63.4274643], [-51.2522234, 63.4281003]]], [[[-51.3052001, 63.4337701], [-51.2966699, 63.4373699], [-51.3028899, 63.4319901], [-51.3052001, 63.4337701]]], [[[-51.3532401, 63.4390299], [-51.35833, 63.4346701], [-51.36322, 63.4374799], [-51.3532401, 63.4390299]]], [[[-51.29673, 63.44351], [-51.3166799, 63.43938], [-51.32186, 63.44243], [-51.29673, 63.44351]]], [[[-51.37442, 63.4423], [-51.3687199, 63.4433401], [-51.3738199, 63.4400101], [-51.37442, 63.4423]]], [[[-51.33732, 63.4454699], [-51.32648, 63.44728], [-51.32239, 63.4384699], [-51.3315501, 63.44049], [-51.33732, 63.4454699]]], [[[-51.03792, 63.4455999], [-51.0350599, 63.44586], [-51.0376299, 63.4435601], [-51.03792, 63.4455999]]], [[[-51.38934, 63.4473799], [-51.3852899, 63.4438099], [-51.39563, 63.44762], [-51.38934, 63.4473799]]], [[[-51.4021744, 63.4464075], [-51.396477, 63.4468751], [-51.3966825, 63.4449044], [-51.4021744, 63.4464075]]], [[[-51.3937311, 63.4491547], [-51.3952815, 63.4477519], [-51.3993164, 63.450332], [-51.3937311, 63.4491547]]], [[[-51.38379, 63.45865], [-51.3571996, 63.4494182], [-51.3899499, 63.4496801], [-51.37512, 63.45228], [-51.38379, 63.45865]]], [[[-51.21456, 63.45773], [-51.202, 63.4600499], [-51.2117001, 63.4568299], [-51.21456, 63.45773]]], [[[-51.2032, 63.4667001], [-51.2020301, 63.4633699], [-51.2192, 63.4659001], [-51.2032, 63.4667001]]], [[[-51.24725, 63.4699499], [-51.25237, 63.4671301], [-51.25525, 63.4691699], [-51.24725, 63.4699499]]], [[[-51.2147101, 63.47768], [-51.1992699, 63.47744], [-51.21355, 63.4752501], [-51.2147101, 63.47768]]], [[[-51.33775, 63.48153], [-51.35387, 63.4899301], [-51.3253301, 63.49665], [-51.3391001, 63.4989201], [-51.32998, 63.5025199], [-51.3334699, 63.5076299], [-51.3174699, 63.5104801], [-51.3249901, 63.51711], [-51.21379, 63.5068399], [-51.2068399, 63.4958499], [-51.18331, 63.4871799], [-51.21877, 63.4840699], [-51.2147399, 63.48074], [-51.25069, 63.4704601], [-51.26281, 63.48221], [-51.25983, 63.46967], [-51.28671, 63.4693699], [-51.2655, 63.46378], [-51.27972, 63.45633], [-51.30895, 63.46395], [-51.3460001, 63.4541399], [-51.36033, 63.4576901], [-51.35409, 63.4618001], [-51.3627099, 63.4651], [-51.3530001, 63.4659001], [-51.3691, 63.47276], [-51.3565701, 63.4773899], [-51.3364501, 63.4683601], [-51.34399, 63.4771699], [-51.33775, 63.48153]]], [[[-51.13352, 63.48519], [-51.1272399, 63.4873701], [-51.13352, 63.4849399], [-51.13352, 63.48519]]], [[[-51.38679, 63.51236], [-51.38845, 63.5074901], [-51.38965, 63.51209], [-51.38679, 63.51236]]], [[[-51.34842, 63.5121899], [-51.3575601, 63.5105099], [-51.36217, 63.51255], [-51.34842, 63.5121899]]], [[[-51.3286501, 63.5114801], [-51.34963, 63.51757], [-51.3295501, 63.5153099], [-51.3286501, 63.5114801]]], [[[-51.36108, 63.5172801], [-51.34961, 63.5162899], [-51.3604701, 63.5139599], [-51.36108, 63.5172801]]], [[[-51.4029599, 63.52203], [-51.39033, 63.52078], [-51.40121, 63.51922], [-51.4029599, 63.52203]]], [[[-51.4058101, 63.5207499], [-51.4132801, 63.5225101], [-51.40354, 63.5225299], [-51.4058101, 63.5207499]]], [[[-51.33851, 63.5221999], [-51.3491499, 63.52499], [-51.3376701, 63.524], [-51.33851, 63.5221999]]], [[[-51.45181, 63.5311], [-51.44434, 63.5298401], [-51.4523199, 63.5275101], [-51.45181, 63.5311]]], [[[-51.4507401, 63.53647], [-51.4216001, 63.54244], [-51.4168599, 63.5319699], [-51.43002, 63.5303901], [-51.43045, 63.5209401], [-51.4507401, 63.53647]]], [[[-51.46345, 63.5423099], [-51.46392, 63.53592], [-51.46913, 63.53922], [-51.46345, 63.5423099]]], [[[-51.4773199, 63.5491701], [-51.48703, 63.5467], [-51.48762, 63.5478599], [-51.4773199, 63.5491701]]], [[[-51.50839, 63.5549501], [-51.5089099, 63.55149], [-51.5117899, 63.5526301], [-51.50839, 63.5549501]]], [[[-51.4447201, 63.55439], [-51.43613, 63.5557], [-51.44582, 63.55183], [-51.4447201, 63.55439]]], [[[-51.4505201, 63.55847], [-51.44022, 63.5602901], [-51.44594, 63.5589899], [-51.4505201, 63.55847]]], [[[-51.47268, 63.5627401], [-51.4655499, 63.56558], [-51.4637699, 63.5617501], [-51.47268, 63.5627401]]], [[[-51.48295, 63.59315], [-51.4942299, 63.59797], [-51.4835599, 63.5957], [-51.48295, 63.59315]]], [[[-51.4791199, 63.60493], [-51.48158, 63.5977601], [-51.50581, 63.60304], [-51.48751, 63.60861], [-51.46735, 63.60573], [-51.4791199, 63.60493]]], [[[-51.47384, 63.6156899], [-51.4697699, 63.6128901], [-51.4835499, 63.61182], [-51.47384, 63.6156899]]], [[[-51.4540106, 63.7001488], [-51.4518816, 63.7014535], [-51.4521795, 63.6986248], [-51.4540106, 63.7001488]]], [[[-51.4373253, 63.7024228], [-51.4387847, 63.6983512], [-51.44126, 63.7017299], [-51.4373253, 63.7024228]]], [[[-51.45192, 63.7925], [-51.4507301, 63.7895599], [-51.45423, 63.7912101], [-51.45192, 63.7925]]], [[[-51.4723399, 63.80241], [-51.4745399, 63.79549], [-51.47926, 63.80085], [-51.4723399, 63.80241]]], [[[-51.4556599, 63.80809], [-51.45847, 63.8034799], [-51.46948, 63.80395], [-51.4556599, 63.80809]]], [[[-51.5305816, 63.9080731], [-51.5256497, 63.9140346], [-51.4561454, 63.9081285], [-51.4790377, 63.8951858], [-51.509266, 63.8965076], [-51.5305816, 63.9080731]]], [[[-51.4763514, 63.9150284], [-51.4801098, 63.9171443], [-51.4742966, 63.9155923], [-51.4763514, 63.9150284]]], [[[-51.477808, 63.9269595], [-51.4570943, 63.9294992], [-51.4590362, 63.9281375], [-51.477808, 63.9269595]]], [[[-51.4949748, 63.9277522], [-51.5003536, 63.9295537], [-51.4863315, 63.9306523], [-51.4949748, 63.9277522]]], [[[-51.5034332, 64.1757467], [-51.4962932, 64.1759169], [-51.5024179, 64.1730856], [-51.5034332, 64.1757467]]], [[[-51.5420794, 64.25154], [-51.5592117, 64.2389598], [-51.6095724, 64.2424499], [-51.6055227, 64.2579726], [-51.6189765, 64.2640474], [-51.6023111, 64.2753748], [-51.5571427, 64.2786437], [-51.5587735, 64.2874147], [-51.493107, 64.317033], [-51.4603686, 64.3410786], [-51.4201784, 64.3512137], [-51.4102123, 64.3515426], [-51.38821, 64.3308], [-51.3238701, 64.3250801], [-51.3116699, 64.31513], [-51.3212201, 64.3002801], [-51.3686901, 64.28201], [-51.42001, 64.2504099], [-51.4670901, 64.25335], [-51.46545, 64.2605001], [-51.4111699, 64.2890501], [-51.4265199, 64.2917], [-51.5420794, 64.25154]]], [[[-51.1906134, 64.2848164], [-51.1599006, 64.2917184], [-51.2208189, 64.3167924], [-51.18933, 64.35063], [-51.1334721, 64.3617291], [-51.14315, 64.3770299], [-51.17099, 64.3903], [-51.19109, 64.3907801], [-51.08248, 64.43232], [-51.09203, 64.4576399], [-51.1006401, 64.4619699], [-51.0719799, 64.4906301], [-51.0461899, 64.4998501], [-51.0543201, 64.514781], [-51.0490983, 64.5392068], [-50.9964464, 64.5511796], [-50.9512049, 64.5404215], [-50.8848425, 64.5403976], [-50.8499229, 64.5335365], [-50.8224514, 64.5104891], [-50.8430032, 64.4972139], [-50.8431045, 64.4795677], [-50.8681257, 64.4544011], [-50.9268144, 64.4476255], [-50.9505855, 64.4334006], [-50.9528786, 64.4242748], [-50.9969364, 64.4058769], [-51.0182638, 64.3877602], [-51.0130536, 64.3833123], [-51.0376777, 64.3785747], [-51.0504757, 64.3653669], [-51.05566, 64.3423201], [-51.0872262, 64.3154601], [-51.1254542, 64.3031437], [-51.14384, 64.2824001], [-51.1466805, 64.2567509], [-51.1695, 64.2442699], [-51.25438, 64.20552], [-51.3004601, 64.2135114], [-51.3430732, 64.240008], [-51.28668, 64.2641601], [-51.243078, 64.2470954], [-51.2272519, 64.2490951], [-51.2241894, 64.2588552], [-51.2626064, 64.2725084], [-51.2473277, 64.2915798], [-51.2046226, 64.2952469], [-51.206083, 64.2895805], [-51.1906134, 64.2848164]]], [[[-51.3095, 64.35848], [-51.36497, 64.3572101], [-51.3541301, 64.36337], [-51.38042, 64.36484], [-51.3769499, 64.3702201], [-51.38935, 64.3696799], [-51.3805901, 64.3766], [-51.4153719, 64.3805111], [-51.4957952, 64.3611501], [-51.5062451, 64.3737094], [-51.5218663, 64.3762336], [-51.5146136, 64.3866247], [-51.4205943, 64.4081495], [-51.4292979, 64.4203318], [-51.4402843, 64.4218512], [-51.4311433, 64.4290948], [-51.3682706, 64.429879], [-51.3317282, 64.4422865], [-51.3606532, 64.4492101], [-51.3460619, 64.4761749], [-51.25855, 64.5262299], [-51.2930932, 64.5457548], [-51.26472, 64.5507701], [-51.195581, 64.5420582], [-51.1271417, 64.5575862], [-51.1017527, 64.5483462], [-51.1071403, 64.5292366], [-51.1218047, 64.5285668], [-51.1834252, 64.4897383], [-51.1998725, 64.4486116], [-51.2618799, 64.37763], [-51.3095, 64.35848]]], [[[-51.3076799, 64.51181], [-51.3438199, 64.50636], [-51.30296, 64.51514], [-51.3076799, 64.51181]]], [[[-51.0964064, 64.5295517], [-51.1014891, 64.5270024], [-51.1042532, 64.5334345], [-51.0964064, 64.5295517]]], [[[-51.0985924, 64.5315983], [-51.0786526, 64.537107], [-51.0888959, 64.5275144], [-51.0985924, 64.5315983]]], [[[-51.1307144, 64.7369161], [-51.1305428, 64.7408353], [-51.127367, 64.7407987], [-51.1307144, 64.7369161]]], [[[-51.1347896, 64.7368585], [-51.1768484, 64.7333078], [-51.1603689, 64.7413664], [-51.1737585, 64.7394252], [-51.1650467, 64.7495873], [-51.1633301, 64.7442412], [-51.1340618, 64.7491479], [-51.1347896, 64.7368585]]], [[[-51.1230755, 64.7499168], [-51.1310148, 64.7492761], [-51.1193848, 64.7548957], [-51.1230755, 64.7499168]]], [[[-51.06102, 64.7606899], [-51.0685001, 64.7604401], [-51.0595199, 64.76172], [-51.06102, 64.7606899]]], [[[-50.3996899, 62.56821], [-50.39351, 62.57254], [-50.3969099, 62.56821], [-50.3996899, 62.56821]]], [[[-50.40817, 62.57389], [-50.4166901, 62.5777599], [-50.41388, 62.57979], [-50.40817, 62.57389]]], [[[-50.41218, 62.58158], [-50.3964699, 62.57665], [-50.40566, 62.5743901], [-50.41218, 62.58158]]], [[[-50.38773, 62.58326], [-50.3914501, 62.57791], [-50.3897999, 62.59069], [-50.38773, 62.58326]]], [[[-50.39699, 62.59149], [-50.39471, 62.5950601], [-50.3942201, 62.59135], [-50.39699, 62.59149]]], [[[-50.38628, 62.6269999], [-50.37906, 62.62672], [-50.3827701, 62.6218701], [-50.38628, 62.6269999]]], [[[-50.3868099, 62.62803], [-50.3918801, 62.62447], [-50.3890199, 62.62881], [-50.3868099, 62.62803]]], [[[-50.3805, 62.63747], [-50.38507, 62.63135], [-50.3855, 62.63749], [-50.3805, 62.63747]]], [[[-50.40499, 62.63604], [-50.40318, 62.6426799], [-50.40052, 62.63704], [-50.40499, 62.63604]]], [[[-50.39916, 62.6493101], [-50.3873301, 62.64338], [-50.39928, 62.6434301], [-50.39916, 62.6493101]]], [[[-50.3946899, 62.6503201], [-50.39663, 62.6644], [-50.38973, 62.66181], [-50.3946899, 62.6503201]]], [[[-50.4232301, 62.6980201], [-50.41608, 62.69351], [-50.42606, 62.69599], [-50.4232301, 62.6980201]]], [[[-50.41431, 62.6985], [-50.4253699, 62.70263], [-50.4151, 62.70106], [-50.41431, 62.6985]]], [[[-50.44086, 62.7085801], [-50.42744, 62.7108299], [-50.4418201, 62.7162599], [-50.43152, 62.7302899], [-50.41821, 62.7269101], [-50.4253699, 62.73154], [-50.41362, 62.73354], [-50.40932, 62.7255901], [-50.3913, 62.7344701], [-50.34192, 62.7232401], [-50.3521001, 62.7035899], [-50.3430801, 62.6961301], [-50.35048, 62.68875], [-50.37508, 62.6970499], [-50.37984, 62.68249], [-50.38904, 62.68176], [-50.38464, 62.6789299], [-50.40475, 62.6756899], [-50.39004, 62.6871399], [-50.3965, 62.6979101], [-50.38085, 62.70065], [-50.37729, 62.71087], [-50.3883301, 62.71629], [-50.40754, 62.7028199], [-50.44086, 62.7085801]]], [[[-50.4553899, 62.76722], [-50.4407199, 62.7748301], [-50.4314601, 62.7625199], [-50.39043, 62.7492999], [-50.4313899, 62.75203], [-50.4553899, 62.76722]]], [[[-50.42911, 62.79756], [-50.41784, 62.78804], [-50.4233401, 62.77835], [-50.4332601, 62.78581], [-50.42911, 62.79756]]], [[[-50.3859199, 62.8053001], [-50.38887, 62.7979], [-50.40397, 62.79745], [-50.40216, 62.8040899], [-50.3910101, 62.8025101], [-50.40206, 62.80895], [-50.3859199, 62.8053001]]], [[[-50.41473, 62.80439], [-50.44007, 62.8088601], [-50.4199299, 62.8095399], [-50.41473, 62.80439]]], [[[-50.3937999, 62.8298999], [-50.38971, 62.82451], [-50.40063, 62.8237899], [-50.3937999, 62.8298999]]], [[[-50.49126, 62.8551001], [-50.48011, 62.85275], [-50.4867201, 62.84807], [-50.4939401, 62.84615], [-50.4851999, 62.8494499], [-50.49126, 62.8551001]]], [[[-50.53217, 62.8526799], [-50.52937, 62.85317], [-50.5316699, 62.8493499], [-50.53217, 62.8526799]]], [[[-50.4993199, 62.8536799], [-50.493, 62.85152], [-50.5036101, 62.8536], [-50.4993199, 62.8536799]]], [[[-50.46046, 62.85549], [-50.4555199, 62.8501001], [-50.4638499, 62.85371], [-50.46046, 62.85549]]], [[[-50.45767, 62.85497], [-50.45211, 62.85316], [-50.4538101, 62.8520199], [-50.45767, 62.85497]]], [[[-50.4149299, 62.8642599], [-50.41286, 62.8555601], [-50.3949901, 62.8536899], [-50.4082, 62.85042], [-50.43575, 62.85949], [-50.4149299, 62.8642599]]], [[[-50.4632, 62.8585699], [-50.45479, 62.8595601], [-50.4629499, 62.85704], [-50.4632, 62.8585699]]], [[[-50.4424899, 62.85849], [-50.45034, 62.8580099], [-50.44467, 62.86131], [-50.4424899, 62.85849]]], [[[-50.4906499, 62.85816], [-50.5068401, 62.8607801], [-50.50902, 62.8643699], [-50.4906499, 62.85816]]], [[[-50.4558499, 62.86263], [-50.4552601, 62.86443], [-50.44775, 62.8613201], [-50.4558499, 62.86263]]], [[[-50.4772801, 62.8544], [-50.5095101, 62.86897], [-50.49025, 62.88106], [-50.4734901, 62.8785601], [-50.4758499, 62.87141], [-50.46232, 62.8762201], [-50.4772801, 62.8544]]], [[[-50.51105, 62.87716], [-50.5070701, 62.8804799], [-50.50604, 62.8754799], [-50.51105, 62.87716]]], [[[-50.4857, 62.88475], [-50.47509, 62.88266], [-50.4874001, 62.88373], [-50.4857, 62.88475]]], [[[-50.5836801, 62.8922301], [-50.5787999, 62.8804501], [-50.5838801, 62.87817], [-50.5898901, 62.8889299], [-50.5836801, 62.8922301]]], [[[-50.5577799, 62.88141], [-50.57487, 62.8814601], [-50.5702749, 62.8910603], [-50.5577799, 62.88141]]], [[[-50.5736701, 62.88632], [-50.5781201, 62.88889], [-50.5774599, 62.8958001], [-50.5736701, 62.88632]]], [[[-50.58019, 62.9009201], [-50.55995, 62.90418], [-50.5505501, 62.8957099], [-50.5628901, 62.8954999], [-50.5336599, 62.88261], [-50.5507501, 62.8821599], [-50.5567899, 62.89062], [-50.5568899, 62.8844899], [-50.58019, 62.9009201]]], [[[-50.5415401, 62.89799], [-50.5517501, 62.8905899], [-50.55507, 62.89343], [-50.5415401, 62.89799]]], [[[-50.5344201, 62.92277], [-50.46068, 62.9352899], [-50.4569599, 62.92378], [-50.4368001, 62.9213999], [-50.4390401, 62.91177], [-50.4267901, 62.91701], [-50.4071201, 62.9043899], [-50.42986, 62.90321], [-50.4052499, 62.9000399], [-50.39176, 62.8884701], [-50.41506, 62.8867801], [-50.41044, 62.87908], [-50.42844, 62.8755701], [-50.41597, 62.8683599], [-50.43967, 62.8595], [-50.4468001, 62.86721], [-50.44167, 62.8717901], [-50.44908, 62.86542], [-50.45341, 62.8731299], [-50.4223699, 62.8850101], [-50.4422699, 62.90931], [-50.4524801, 62.90841], [-50.45022, 62.8943401], [-50.4686001, 62.9008001], [-50.4524999, 62.8923], [-50.45964, 62.8849101], [-50.47878, 62.89585], [-50.47921, 62.88753], [-50.50705, 62.8820001], [-50.5040999, 62.89095], [-50.51525, 62.89432], [-50.5075399, 62.88611], [-50.51558, 62.87462], [-50.52138, 62.87976], [-50.51205, 62.8845899], [-50.5273299, 62.89811], [-50.5201901, 62.88385], [-50.52727, 62.8790101], [-50.5415, 62.90054], [-50.48177, 62.91697], [-50.51714, 62.91556], [-50.5137, 62.9203999], [-50.5344201, 62.92277]]], [[[-50.62663, 62.9094899], [-50.6238299, 62.9084601], [-50.6267299, 62.90156], [-50.62663, 62.9094899]]], [[[-50.39632, 62.89795], [-50.4176901, 62.9228499], [-50.3884699, 62.92491], [-50.3575301, 62.9149201], [-50.3619099, 62.90777], [-50.35418, 62.9013501], [-50.39632, 62.89795]]], [[[-50.5940101, 62.9152899], [-50.58953, 62.91476], [-50.5963401, 62.90941], [-50.5940101, 62.9152899]]], [[[-50.5227799, 62.9140301], [-50.5497501, 62.91144], [-50.55269, 62.9024999], [-50.56105, 62.90598], [-50.57172, 62.90499], [-50.57161, 62.91241], [-50.55306, 62.9149201], [-50.5568999, 62.9208001], [-50.54128, 62.91487], [-50.55741, 62.92387], [-50.5227799, 62.9140301]]], [[[-50.6301511, 62.911104], [-50.636811, 62.9114678], [-50.6300823, 62.9164338], [-50.6301511, 62.911104]]], [[[-50.6305291, 62.9175946], [-50.6331945, 62.9152193], [-50.6367758, 62.9190778], [-50.6305291, 62.9175946]]], [[[-50.6039642, 62.920638], [-50.5952571, 62.9189268], [-50.6022705, 62.9142976], [-50.6039642, 62.920638]]], [[[-50.4198199, 62.9287399], [-50.4288299, 62.9274999], [-50.4412401, 62.92424], [-50.4393999, 62.9321501], [-50.4198199, 62.9287399]]], [[[-50.52194, 62.9311799], [-50.52648, 62.92812], [-50.5280999, 62.9319599], [-50.52194, 62.9311799]]], [[[-50.5070701, 62.94723], [-50.5116, 62.94559], [-50.5171901, 62.94702], [-50.5070701, 62.94723]]], [[[-50.7084299, 62.9746599], [-50.70339, 62.9728599], [-50.7006599, 62.96492], [-50.7084299, 62.9746599]]], [[[-50.7191099, 62.9757], [-50.71126, 62.9736399], [-50.7096699, 62.96392], [-50.7177799, 62.96726], [-50.7191099, 62.9757]]], [[[-50.6505901, 62.9694099], [-50.6488499, 62.97401], [-50.64219, 62.96734], [-50.6505901, 62.9694099]]], [[[-50.69157, 62.9759], [-50.69026, 62.96592], [-50.6964399, 62.9661899], [-50.70113, 62.97413], [-50.69157, 62.9759]]], [[[-50.6578399, 62.9742901], [-50.65455, 62.96789], [-50.6623801, 62.97123], [-50.6578399, 62.9742901]]], [[[-50.72182, 62.98569], [-50.72858, 62.98493], [-50.7213001, 62.9810801], [-50.7264499, 62.9718799], [-50.7291199, 62.98749], [-50.72182, 62.98569]]], [[[-50.74939, 62.9841999], [-50.74547, 62.9826599], [-50.7477799, 62.9757599], [-50.74939, 62.9841999]]], [[[-50.7465401, 62.9893099], [-50.7364301, 62.9875], [-50.7393299, 62.97881], [-50.7465401, 62.9893099]]], [[[-50.75105, 62.98727], [-50.7567, 62.9842099], [-50.7555501, 62.98779], [-50.75105, 62.98727]]], [[[-50.71293, 62.97492], [-50.72014, 62.9854299], [-50.72458, 62.99157], [-50.71502, 62.99104], [-50.7239899, 62.9946401], [-50.71104, 62.99513], [-50.72226, 62.9989899], [-50.7020601, 62.99384], [-50.7128, 62.98823], [-50.6906499, 62.98203], [-50.71293, 62.97492]]], [[[-50.69981, 62.99306], [-50.6846499, 62.99072], [-50.6852901, 62.9825399], [-50.69981, 62.99306]]], [[[-50.62122, 62.9957699], [-50.6153501, 62.9997599], [-50.62033, 63.00591], [-50.6073601, 63.00792], [-50.61518, 63.01204], [-50.59166, 63.00328], [-50.6135999, 63.0038501], [-50.6114701, 62.99515], [-50.62122, 62.9957699]]], [[[-50.7093101, 62.9999801], [-50.7009, 62.99639], [-50.7177401, 63.0007699], [-50.7080899, 63.0094499], [-50.7209999, 63.0128], [-50.7044199, 63.01046], [-50.7093101, 62.9999801]]], [[[-50.7001901, 63.0112199], [-50.68520347207263, 63.0005], [-50.7016599, 63.0050801], [-50.7001901, 63.0112199]]], [[[-50.61175, 63.01663], [-50.6055999, 63.01304], [-50.5825501, 63.01092], [-50.5882599, 63.0054399], [-50.60506, 63.01048], [-50.61175, 63.01663]]], [[[-50.63931, 63.0187501], [-50.64323, 63.02005], [-50.63867, 63.02463], [-50.63931, 63.0187501]]], [[[-50.7324101, 63.0268801], [-50.73441, 63.0234401], [-50.73381, 63.0278999], [-50.7324101, 63.0268801]]], [[[-50.8599, 63.0419099], [-50.8548301, 63.0418999], [-50.8554199, 63.03628], [-50.8599, 63.0419099]]], [[[-50.9962599, 63.03661], [-51.0025537, 63.0425372], [-50.99429, 63.0381399], [-50.9962599, 63.03661]]], [[[-50.6246199, 63.0445501], [-50.63343, 63.03792], [-50.63275, 63.04764], [-50.6246199, 63.0445501]]], [[[-50.9903401, 63.0422299], [-50.99062, 63.0440199], [-50.98555, 63.04274], [-50.9903401, 63.0422299]]], [[[-50.6719985, 63.0858507], [-50.6784243, 63.0903923], [-50.6652895, 63.0902636], [-50.6577299, 63.08019], [-50.642989, 63.0827132], [-50.6309872, 63.0714461], [-50.644658, 63.0585936], [-50.6467215, 63.0636253], [-50.6445099, 63.05407], [-50.6510599, 63.0560399], [-50.6437299, 63.0484301], [-50.65587, 63.0467999], [-50.6602701, 63.05616], [-50.64922, 63.0602201], [-50.6686299, 63.0643599], [-50.65344, 63.0372101], [-50.66348, 63.02214], [-50.67577, 63.03086], [-50.67302, 63.02497], [-50.6859799, 63.0239801], [-50.67026, 63.01985], [-50.6652859247557, 63.0005], [-50.69346, 63.0094201], [-50.7034101, 63.02658], [-50.6901701, 63.0267999], [-50.7044399, 63.03604], [-50.70468, 63.0119999], [-50.71192, 63.01994], [-50.72937, 63.02074], [-50.7396, 63.04173], [-50.74971, 63.0455899], [-50.75429, 63.0368999], [-50.75529, 63.05252], [-50.7403499, 63.05197], [-50.7486435, 63.0598103], [-50.7370759, 63.0605694], [-50.7461801, 63.0651478], [-50.71938, 63.06472], [-50.7142199, 63.07264], [-50.70781, 63.0654799], [-50.7011901, 63.0785], [-50.6719985, 63.0858507]]], [[[-50.8390301, 63.0452101], [-50.83957, 63.0505799], [-50.8362, 63.0470001], [-50.8390301, 63.0452101]]], [[[-50.99823, 63.0499099], [-50.98865, 63.0488801], [-50.9900499, 63.0472201], [-50.99823, 63.0499099]]], [[[-50.86043, 63.0485601], [-50.8581601, 63.05086], [-50.8564901, 63.04753], [-50.86043, 63.0485601]]], [[[-50.84633, 63.04982], [-50.8418101, 63.0521201], [-50.8407101, 63.04675], [-50.84633, 63.04982]]], [[[-50.87281, 63.05343], [-50.8666201, 63.05163], [-50.8728301, 63.0483201], [-50.87281, 63.05343]]], [[[-50.90326, 63.0501299], [-50.9094499, 63.05294], [-50.9066301, 63.05294], [-50.90326, 63.0501299]]], [[[-50.8113601, 63.05387], [-50.8164601, 63.0497899], [-50.81701, 63.0531101], [-50.8113601, 63.05387]]], [[[-50.9165, 63.05294], [-50.91226, 63.05576], [-50.91171, 63.0509001], [-50.9165, 63.05294]]], [[[-50.63032, 63.0616999], [-50.6128199, 63.06294], [-50.6275901, 63.0541499], [-50.63032, 63.0616999]]], [[[-50.96185, 63.07164], [-50.9505799, 63.0660101], [-50.94326, 63.05885], [-50.96185, 63.07164]]], [[[-50.9782, 63.07088], [-50.97143, 63.07395], [-50.96017, 63.0632], [-50.9782, 63.07088]]], [[[-50.8383999, 63.05749], [-50.85279, 63.0544401], [-50.8481601, 63.0612401], [-50.86126, 63.0704699], [-50.8705001, 63.0662201], [-50.8620601, 63.0613501], [-50.86268, 63.0504799], [-50.8754001, 63.0610199], [-50.88069, 63.05472], [-50.8941099, 63.0866999], [-50.8704199, 63.0843799], [-50.8383999, 63.05749]]], [[[-50.93027, 63.06933], [-50.93981, 63.0900499], [-50.92873, 63.0852799], [-50.9313399, 63.0908199], [-50.91269, 63.09976], [-50.89305, 63.06752], [-50.89705, 63.05396], [-50.90715, 63.0677801], [-50.8976201, 63.05038], [-50.92238, 63.06677], [-50.92402, 63.0839101], [-50.93136, 63.0856999], [-50.93027, 63.06933]]], [[[-50.99964, 63.076], [-50.9909001, 63.0742], [-50.99964, 63.07522], [-50.99964, 63.076]]], [[[-50.62423, 63.07473], [-50.6334899, 63.0783401], [-50.6244801, 63.0770399], [-50.62423, 63.07473]]], [[[-50.96071, 63.07906], [-50.9553499, 63.0777801], [-50.95507, 63.07599], [-50.96071, 63.07906]]], [[[-50.94771, 63.08955], [-50.94549, 63.0711301], [-50.9584501, 63.0836801], [-50.94771, 63.08955]]], [[[-50.688985, 63.0823], [-50.6971443, 63.0821901], [-50.6858302, 63.0847442], [-50.688985, 63.0823]]], [[[-50.6569999, 63.0856571], [-50.65134, 63.0874271], [-50.6519501, 63.0837271], [-50.6569999, 63.0856571]]], [[[-50.99851, 63.09544], [-50.9973799, 63.08751], [-50.99398, 63.09288], [-50.9779199, 63.0788099], [-50.99823, 63.07677], [-50.99398, 63.08521], [-51.0058764, 63.0924041], [-50.99851, 63.09544]]], [[[-50.64505, 63.093807], [-50.6416499, 63.094827], [-50.63324, 63.090707], [-50.64505, 63.093807]]], [[[-50.5675342, 63.0961789], [-50.5557347, 63.0966324], [-50.5513403, 63.091675], [-50.5675342, 63.0961789]]], [[[-50.6756294, 63.0994346], [-50.6906166, 63.0983904], [-50.6818846, 63.1060886], [-50.6756294, 63.0994346]]], [[[-50.92227, 63.10731], [-50.93186, 63.1128201], [-50.91916, 63.1105099], [-50.92227, 63.10731]]], [[[-50.9954, 63.11232], [-50.99907, 63.1102699], [-50.9979399, 63.1143701], [-50.9954, 63.11232]]], [[[-50.7184299, 63.12423], [-50.7329901, 63.1177001], [-50.6952099, 63.1117399], [-50.6900601, 63.0910101], [-50.7045, 63.08554], [-50.7137, 63.09745], [-50.7151901, 63.08889], [-50.7366, 63.09366], [-50.7427, 63.10544], [-50.75119, 63.1031501], [-50.7578999, 63.11135], [-50.75908, 63.10521], [-50.74029, 63.09111], [-50.7494499, 63.0757801], [-50.7743101, 63.0679896], [-50.7785433, 63.0797388], [-50.7809368, 63.0694344], [-50.7919334, 63.0735728], [-50.7820527, 63.0692556], [-50.7865394, 63.0614017], [-50.8061886, 63.0679078], [-50.8131727, 63.0545956], [-50.8204929, 63.0547256], [-50.8122128, 63.0583856], [-50.8221128, 63.0672656], [-50.8221927, 63.0542155], [-50.8334127, 63.0642057], [-50.8326029, 63.0562756], [-50.8450599, 63.07809], [-50.8960228, 63.1027456], [-50.8951328, 63.1147554], [-50.8694288, 63.1195273], [-50.87249, 63.1271], [-50.8373899, 63.13754], [-50.82942, 63.1467499], [-50.80173, 63.14492], [-50.8015701, 63.1671801], [-50.77606, 63.1727699], [-50.7495, 63.16812], [-50.7333001, 63.14532], [-50.7197799, 63.14044], [-50.73784, 63.1432899], [-50.73628, 63.1289499], [-50.72606, 63.1338], [-50.7345, 63.1374099], [-50.72093, 63.1383901], [-50.7097301, 63.12712], [-50.72526, 63.12843], [-50.6977, 63.11635], [-50.71494, 63.1151], [-50.7184299, 63.12423]]], [[[-50.9222399, 63.1169], [-50.94653, 63.12536], [-50.9417801, 63.0959399], [-50.94995, 63.10157], [-50.9612599, 63.0864799], [-50.9612499, 63.09901], [-50.9731101, 63.0862301], [-50.99907, 63.10567], [-50.981, 63.1061799], [-50.9894701, 63.12102], [-50.97817, 63.1146199], [-50.9889001, 63.1281799], [-50.9793, 63.12356], [-50.9832501, 63.1304801], [-50.95327, 63.1468499], [-50.9222399, 63.1169]]], [[[-50.4597055, 63.1313992], [-50.4573856, 63.134329], [-50.4557556, 63.130999], [-50.4597055, 63.1313992]]], [[[-50.4393357, 63.1324691], [-50.4320656, 63.1285991], [-50.4456657, 63.1266091], [-50.4584156, 63.1397091], [-50.4258456, 63.1285791], [-50.4393357, 63.1324691]]], [[[-50.6591701, 63.10142], [-50.6888799, 63.1217001], [-50.6781, 63.1255099], [-50.6865399, 63.1293701], [-50.6796499, 63.13856], [-50.68925, 63.14037], [-50.6610699, 63.1569401], [-50.64899, 63.15], [-50.64435, 63.1591999], [-50.6274701, 63.15212], [-50.62567, 63.1604299], [-50.6363701, 63.16378], [-50.61564, 63.1698799], [-50.6260599, 63.1737301], [-50.6237299, 63.17858], [-50.6582999, 63.17535], [-50.6473899, 63.16534], [-50.65564, 63.1615299], [-50.68893, 63.16979], [-50.6757301, 63.1613199], [-50.69182, 63.1644199], [-50.6786201, 63.1551899], [-50.6879799, 63.1529], [-50.6872816, 63.1429505], [-50.7021999, 63.14667], [-50.69603, 63.14013], [-50.70171, 63.1381], [-50.7393299, 63.16681], [-50.72335, 63.1808601], [-50.7080801, 63.17904], [-50.68702, 63.1892299], [-50.66788, 63.17972], [-50.67344, 63.1884299], [-50.61408, 63.1806], [-50.60943, 63.1898], [-50.5561001, 63.1957799], [-50.55286, 63.1852901], [-50.5197501, 63.16804], [-50.5300901, 63.1578401], [-50.51137, 63.16123], [-50.4838301, 63.15077], [-50.47669, 63.13898], [-50.47899, 63.1208301], [-50.51502, 63.112], [-50.53472, 63.11642], [-50.53594, 63.1102799], [-50.54262, 63.1168299], [-50.5500901, 63.10854], [-50.59288, 63.11813], [-50.5735899, 63.1042601], [-50.61841, 63.11002], [-50.59544, 63.09665], [-50.62652, 63.0940499], [-50.65064, 63.1070301], [-50.6591701, 63.10142]]], [[[-50.67381, 63.1551801], [-50.66981, 63.1595101], [-50.66759, 63.1554199], [-50.67381, 63.1551801]]], [[[-50.92551, 63.1639699], [-50.9297701, 63.1580899], [-50.9303301, 63.1609], [-50.92551, 63.1639699]]], [[[-50.4647984, 64.3122016], [-50.4702932, 64.3092649], [-50.4713365, 64.3120689], [-50.4647984, 64.3122016]]], [[[-50.7670101, 64.5040183], [-50.759077, 64.4953103], [-50.7636608, 64.4795889], [-50.8021199, 64.4902595], [-50.8008647, 64.4997202], [-50.7670101, 64.5040183]]], [[[-50.4985917, 64.6445207], [-50.4908764, 64.6424483], [-50.498639, 64.6419633], [-50.4985917, 64.6445207]]], [[[-50.7813686, 64.7119565], [-50.7880178, 64.7027595], [-50.8134489, 64.6989578], [-50.808032, 64.7043212], [-50.8184782, 64.7063804], [-50.8064635, 64.7145486], [-50.7813686, 64.7119565]]], [[[-50.27835, 62.5182699], [-50.2728301, 62.51774], [-50.27178, 62.51543], [-50.27835, 62.5182699]]], [[[-50.25057, 62.5224799], [-50.2519301, 62.5121201], [-50.2693601, 62.5235999], [-50.25057, 62.5224799]]], [[[-50.2489201, 62.52196], [-50.24121, 62.5203799], [-50.2452, 62.5158099], [-50.2489201, 62.52196]]], [[[-50.29589, 62.5140201], [-50.3050501, 62.5248101], [-50.2987499, 62.52196], [-50.29589, 62.5140201]]], [[[-50.25353, 62.5368201], [-50.2459, 62.5320499], [-50.2650401, 62.53074], [-50.25353, 62.5368201]]], [[[-50.2791501, 62.53107], [-50.25655, 62.52686], [-50.29257, 62.52551], [-50.2792899, 62.5329499], [-50.2837201, 62.5484901], [-50.27353, 62.5343701], [-50.2791501, 62.53107]]], [[[-50.3597701, 62.5808401], [-50.35995, 62.5851899], [-50.35639, 62.58312], [-50.3597701, 62.5808401]]], [[[-50.2460301, 62.59255], [-50.24532, 62.5984299], [-50.2407199, 62.5940601], [-50.2460301, 62.59255]]], [[[-50.3123198, 62.6029262], [-50.3057401, 62.6020701], [-50.3122901, 62.5951899], [-50.3123198, 62.6029262]]], [[[-50.3175038, 62.6046308], [-50.3139941, 62.6009845], [-50.3180194, 62.6034164], [-50.3175038, 62.6046308]]], [[[-50.2901978, 62.6079953], [-50.2967533, 62.5988005], [-50.31038, 62.6054199], [-50.3047599, 62.62048], [-50.2901978, 62.6079953]]], [[[-50.2132588, 62.6134425], [-50.2132194, 62.6119116], [-50.2178408, 62.6139903], [-50.2132588, 62.6134425]]], [[[-50.2089299, 62.6309701], [-50.21628, 62.6264101], [-50.22188, 62.6246501], [-50.2089299, 62.6309701]]], [[[-50.30193, 62.62251], [-50.3090999, 62.63662], [-50.30312, 62.6429901], [-50.29604, 62.63681], [-50.3036, 62.64606], [-50.31213, 62.6376599], [-50.3124101, 62.6496799], [-50.3010501, 62.65986], [-50.2946001, 62.65062], [-50.2760699, 62.64669], [-50.28188, 62.62471], [-50.28714, 62.62551], [-50.2837, 62.6183299], [-50.30193, 62.62251]]], [[[-50.3352901, 62.64596], [-50.34324, 62.6383201], [-50.3425, 62.6470099], [-50.3352901, 62.64596]]], [[[-50.3211801, 62.6553499], [-50.31303, 62.6468701], [-50.31578, 62.63614], [-50.3268799, 62.63696], [-50.3312901, 62.65105], [-50.3211801, 62.6553499]]], [[[-50.29557, 62.6562499], [-50.29278, 62.65674], [-50.28898, 62.65315], [-50.29557, 62.6562499]]], [[[-50.36314, 62.66962], [-50.3455, 62.6621199], [-50.3564599, 62.6440099], [-50.3757701, 62.6509999], [-50.3639901, 62.65607], [-50.3692201, 62.65839], [-50.36314, 62.66962]]], [[[-50.2913801, 62.6572499], [-50.28714, 62.66005], [-50.2861601, 62.65441], [-50.2913801, 62.6572499]]], [[[-50.25088, 62.6644599], [-50.2697399, 62.6442199], [-50.2821501, 62.6592499], [-50.2670699, 62.6620001], [-50.26802, 62.66865], [-50.2550699, 62.67472], [-50.23585, 62.66464], [-50.25088, 62.6644599]]], [[[-50.32945, 62.6830199], [-50.32045, 62.68707], [-50.32882, 62.6862201], [-50.32857, 62.6973401], [-50.2855099, 62.70455], [-50.2874099, 62.69509], [-50.2935001, 62.69666], [-50.28691, 62.68128], [-50.30355, 62.6719001], [-50.3001899, 62.6611299], [-50.3249, 62.6629199], [-50.33106, 62.6735601], [-50.3223099, 62.67864], [-50.32945, 62.6830199]]], [[[-50.1764301, 62.70088], [-50.17348, 62.69652], [-50.22353, 62.66764], [-50.2441, 62.6790101], [-50.1871299, 62.7168101], [-50.16316, 62.7072], [-50.1764301, 62.70088]]], [[[-50.11649, 62.71229], [-50.10914, 62.7158199], [-50.11203, 62.71251], [-50.11649, 62.71229]]], [[[-50.3218, 62.72545], [-50.3184299, 62.72646], [-50.3196499, 62.72186], [-50.3218, 62.72545]]], [[[-50.1566599, 62.72021], [-50.14015, 62.72318], [-50.1492299, 62.7362799], [-50.1389999, 62.74287], [-50.1433299, 62.74776], [-50.1166, 62.76447], [-50.09112, 62.7581701], [-50.0775901, 62.74478], [-50.08046, 62.7330301], [-50.0980799, 62.7221501], [-50.1567699, 62.70665], [-50.1566599, 62.72021]]], [[[-50.3320999, 62.73842], [-50.3368, 62.7403601], [-50.33037, 62.7411], [-50.3320999, 62.73842]]], [[[-50.3633201, 62.8942301], [-50.3610099, 62.8970301], [-50.3554399, 62.8957199], [-50.3633201, 62.8942301]]], [[[-50.3506599, 62.89621], [-50.3486401, 62.89876], [-50.3487, 62.89608], [-50.3506599, 62.89621]]], [[[-50.3555401, 62.9167001], [-50.34024, 62.9232799], [-50.3359, 62.91674], [-50.34483, 62.9186901], [-50.3555401, 62.9167001]]], [[[-50.32034, 62.9221599], [-50.3295399, 62.92502], [-50.3202801, 62.92498], [-50.32034, 62.9221599]]], [[[-50.32325, 63.19691], [-50.33473, 63.19057], [-50.35227, 63.19116], [-50.3433199, 63.19905], [-50.3450999, 63.2080099], [-50.32325, 63.19691]]], [[[-50.308056, 64.438266], [-50.3061087, 64.4403853], [-50.3028289, 64.4379613], [-50.308056, 64.438266]]], [[[-50.2773733, 64.4433514], [-50.286852, 64.4440349], [-50.2734794, 64.4445085], [-50.2773733, 64.4433514]]], [[[-50.3117865, 64.4503264], [-50.3078045, 64.4488347], [-50.31463, 64.4490732], [-50.3117865, 64.4503264]]], [[[-50.2495831, 64.4497961], [-50.2630989, 64.4507866], [-50.259837, 64.4529816], [-50.2495831, 64.4497961]]], [[[-50.2766544, 64.4531023], [-50.2685955, 64.4543896], [-50.2640181, 64.452654], [-50.2766544, 64.4531023]]], [[[-47.8270241, 61.0417156], [-47.8372428, 61.0493707], [-47.8577091, 61.0480824], [-47.8436, 61.0520799], [-47.85894, 61.05987], [-47.8584001, 61.0732999], [-47.9143797, 61.050343], [-47.90639, 61.0717201], [-47.9308099, 61.0732999], [-47.8895499, 61.1005201], [-47.86336, 61.10325], [-47.86658, 61.1081901], [-47.8333647, 61.1280629], [-47.8522594, 61.1365428], [-47.8705201, 61.11647], [-47.9024399, 61.1120901], [-47.91495, 61.10035], [-47.95195, 61.0952901], [-47.9705701, 61.0831701], [-47.9845099, 61.0921801], [-48.00289, 61.0879799], [-48.0145653, 61.0979389], [-48.03278, 61.0850601], [-48.08871, 61.0747499], [-48.1163, 61.11426], [-48.09014, 61.1167699], [-48.1062001, 61.1176301], [-48.0623199, 61.13717], [-48.03748, 61.15916], [-48.0367301, 61.1698901], [-48.0510701, 61.17251], [-48.03933, 61.1789101], [-48.0444299, 61.18107], [-48.00388, 61.20041], [-48.0054214, 61.2092049], [-48.0520801, 61.1786899], [-48.08104, 61.14372], [-48.1429001, 61.1185499], [-48.15286, 61.1196401], [-48.1484899, 61.1269801], [-48.1790699, 61.16398], [-48.2009699, 61.1621299], [-48.2030699, 61.1772699], [-48.2144001, 61.1780201], [-48.21148, 61.19307], [-48.1932, 61.20779], [-48.1075327, 61.2237267], [-48.0999319, 61.2350995], [-48.11664, 61.24689], [-48.0782299, 61.2570799], [-48.1348674, 61.2594171], [-48.07971, 61.2811801], [-48.08269, 61.2891801], [-47.9792699, 61.31316], [-47.8438587, 61.3085105], [-47.9868486, 61.325637], [-48.0748626, 61.3127617], [-48.0602713, 61.3091841], [-48.11931, 61.2902099], [-48.1148776, 61.3098333], [-48.1291782, 61.2987912], [-48.12362, 61.3072099], [-48.1339197, 61.3086612], [-48.10928, 61.3125401], [-48.14329, 61.31326], [-48.13616, 61.3097799], [-48.1517099, 61.30857], [-48.16563, 61.2929899], [-48.16621, 61.23642], [-48.2241601, 61.22379], [-48.22625, 61.23625], [-48.2440899, 61.2357201], [-48.2597, 61.2242501], [-48.24717, 61.20352], [-48.26402, 61.1959299], [-48.2667, 61.1742201], [-48.2989099, 61.1819101], [-48.33173, 61.17629], [-48.3241101, 61.18484], [-48.33542, 61.1922301], [-48.2789999, 61.19751], [-48.2706699, 61.2109101], [-48.27562, 61.2203999], [-48.2606401, 61.21967], [-48.2656401, 61.2231], [-48.27814, 61.21977], [-48.29185, 61.20545], [-48.3187999, 61.2036801], [-48.3306901, 61.1948299], [-48.3444969, 61.2038394], [-48.3605801, 61.18005], [-48.37387, 61.18274], [-48.36875, 61.1964701], [-48.3767042, 61.2059602], [-48.41055, 61.1784601], [-48.4916701, 61.1651299], [-48.4972499, 61.1684401], [-48.4769999, 61.1696], [-48.46558, 61.17988], [-48.5436801, 61.18798], [-48.4865581, 61.2356292], [-48.5651401, 61.20885], [-48.5564901, 61.21321], [-48.5656299, 61.2162799], [-48.56166, 61.21954], [-48.54531, 61.21822], [-48.5522601, 61.2209], [-48.54018, 61.2362999], [-48.55831, 61.2422601], [-48.5162201, 61.2438], [-48.45394, 61.26491], [-48.5583, 61.2491701], [-48.57321, 61.23843], [-48.5685099, 61.22708], [-48.5898301, 61.2121], [-48.6249501, 61.20389], [-48.62527, 61.21375], [-48.60824, 61.2178101], [-48.6288799, 61.2222601], [-48.623, 61.23675], [-48.61383, 61.23864], [-48.6131999, 61.25399], [-48.59755, 61.25704], [-48.5668399, 61.2829799], [-48.4843301, 61.27713], [-48.38809, 61.29605], [-48.3543501, 61.2921901], [-48.35587, 61.29938], [-48.43302, 61.29972], [-48.4436499, 61.3064499], [-48.46714, 61.2924201], [-48.52109, 61.2966301], [-48.47208, 61.32695], [-48.4827899, 61.34609], [-48.47728, 61.35162], [-48.32139, 61.34172], [-48.31319, 61.3441199], [-48.3262401, 61.35052], [-48.3127999, 61.37355], [-48.37709, 61.3512599], [-48.4181999, 61.3634401], [-48.4636599, 61.36185], [-48.5153401, 61.37587], [-48.5611799, 61.37644], [-48.54855, 61.40834], [-48.59203, 61.38455], [-48.6680099, 61.3854899], [-48.6391901, 61.40675], [-48.62769, 61.44213], [-48.66582, 61.41489], [-48.66519, 61.4293801], [-48.67349, 61.43025], [-48.7056801, 61.39944], [-48.71743, 61.40296], [-48.71407, 61.40879], [-48.73407, 61.40553], [-48.7375801, 61.38653], [-48.81201, 61.36766], [-48.80779, 61.3783401], [-48.81748, 61.3809399], [-48.8585699, 61.3653301], [-48.8544301, 61.3711499], [-48.86251, 61.3700001], [-48.8557, 61.3760299], [-48.8653301, 61.3756701], [-48.8500099, 61.39668], [-48.8080801, 61.40855], [-48.7941801, 61.4162601], [-48.7980899, 61.42144], [-48.8738901, 61.3909101], [-48.8708999, 61.3957199], [-48.8810101, 61.3961401], [-48.87327, 61.40011], [-48.8832301, 61.4028299], [-48.91017, 61.37509], [-48.9069101, 61.384], [-48.9234601, 61.36787], [-48.94698, 61.36696], [-48.97902, 61.34976], [-48.95621, 61.36453], [-48.9828599, 61.3646701], [-48.92356, 61.3944899], [-48.9806399, 61.38255], [-48.9638499, 61.3904899], [-48.97859, 61.38943], [-48.97147, 61.4005801], [-48.98268, 61.39231], [-48.98002, 61.40046], [-48.9970801, 61.4007099], [-49.0175499, 61.3894899], [-49.02191, 61.3964701], [-49.03792, 61.388], [-49.0406699, 61.39519], [-49.06238, 61.3937199], [-49.0364399, 61.4032], [-49.0108699, 61.4021799], [-49.0004399, 61.40665], [-49.01235, 61.41245], [-49.00067, 61.4197001], [-48.9609699, 61.4305001], [-48.86948, 61.4399799], [-48.82168, 61.45855], [-48.7513701, 61.45447], [-48.7508499, 61.4469], [-48.5564701, 61.5051199], [-48.48053, 61.5033499], [-48.39113, 61.51537], [-48.2487633, 61.5204668], [-48.2374769, 61.534146], [-48.27118, 61.5416899], [-48.48949, 61.52182], [-48.4316201, 61.54429], [-48.3599499, 61.54805], [-48.3105, 61.57089], [-48.35855, 61.5961501], [-48.38631, 61.5791401], [-48.4617601, 61.5627801], [-48.5468001, 61.5325899], [-48.61979, 61.53171], [-48.7294601, 61.4909601], [-48.8801001, 61.4725101], [-48.9292501, 61.47379], [-48.8996999, 61.46758], [-49.01348, 61.4451], [-49.01815, 61.44734], [-49.00472, 61.4525199], [-49.01159, 61.458], [-48.98512, 61.45377], [-48.9804199, 61.46036], [-49.0075499, 61.4709899], [-48.97204, 61.47405], [-49.0094101, 61.48382], [-49.04248, 61.47713], [-49.1122501, 61.48272], [-49.11542, 61.4922299], [-49.09829, 61.50095], [-49.10922, 61.49728], [-49.12579, 61.50671], [-49.11044, 61.5036699], [-49.0814899, 61.5127501], [-49.0896999, 61.51875], [-49.0561399, 61.5154599], [-49.0512299, 61.51692], [-49.05948, 61.52216], [-49.0397899, 61.51983], [-49.03347, 61.5266501], [-48.9441401, 61.5237999], [-48.9213501, 61.52806], [-48.92254, 61.5342201], [-48.89277, 61.5305601], [-48.86171, 61.5378901], [-49.08931, 61.5251399], [-49.10575, 61.5325401], [-49.09974, 61.54295], [-49.1114701, 61.5484799], [-49.1192899, 61.53016], [-49.1314801, 61.5278999], [-49.17055, 61.52894], [-49.1805201, 61.54174], [-49.2375, 61.52982], [-49.2379901, 61.54019], [-49.2611299, 61.5385699], [-49.25582, 61.5473301], [-49.27195, 61.54651], [-49.24429, 61.55205], [-49.2494301, 61.55596], [-49.2379099, 61.56041], [-49.24748, 61.56206], [-49.23316, 61.56854], [-49.2447899, 61.5714999], [-49.21527, 61.57487], [-49.26627, 61.58099], [-49.25861, 61.5837099], [-49.2631299, 61.5891401], [-49.24373, 61.59043], [-49.25093, 61.58642], [-49.2430199, 61.5840201], [-49.2401199, 61.5972899], [-49.2006599, 61.6013899], [-49.1521501, 61.5860201], [-49.1262601, 61.5878299], [-49.1308299, 61.5922601], [-49.10186, 61.60043], [-49.0307601, 61.5948201], [-48.99505, 61.5821401], [-48.96476, 61.58553], [-48.9356099, 61.57166], [-48.88363, 61.5861], [-48.66485, 61.60275], [-48.6289999, 61.62888], [-48.56887, 61.63435], [-48.6564599, 61.6498301], [-48.67674, 61.627], [-48.72599, 61.61901], [-48.83318, 61.6162701], [-48.92901, 61.5981699], [-48.9870799, 61.59764], [-48.9851701, 61.6060501], [-48.99672, 61.61032], [-48.9468201, 61.6131601], [-48.93668, 61.6201701], [-48.9422799, 61.62487], [-48.9242699, 61.63278], [-48.92087, 61.6393901], [-48.9262601, 61.63921], [-48.9682999, 61.62167], [-48.9969899, 61.6228599], [-48.99667, 61.6319401], [-49.01084, 61.6289501], [-49.0269899, 61.61613], [-49.0208701, 61.6109301], [-49.03207, 61.6081401], [-49.0700001, 61.6116299], [-49.04241, 61.62301], [-49.0596899, 61.64757], [-49.0694, 61.6471899], [-49.04818, 61.66378], [-49.07774, 61.67751], [-49.07229, 61.68716], [-49.04516, 61.6985501], [-49.06397, 61.69958], [-49.02447, 61.70196], [-49.00048, 61.7145401], [-48.9717, 61.70925], [-48.92507, 61.72928], [-48.8633599, 61.7192101], [-48.91254, 61.7470101], [-48.91395, 61.7580399], [-48.85863, 61.77689], [-48.8571199, 61.7831401], [-48.90306, 61.7752699], [-48.99114, 61.72541], [-49.0453201, 61.71326], [-49.0728901, 61.7206899], [-49.1172601, 61.7095401], [-49.14845, 61.7109901], [-49.13624, 61.7256601], [-49.1183501, 61.7315601], [-49.12401, 61.73164], [-49.10655, 61.76109], [-49.0823501, 61.7638199], [-49.08784, 61.77568], [-49.1171492, 61.7830712], [-49.1069305, 61.8195179], [-49.0683067, 61.835646], [-49.0291679, 61.8308652], [-48.9872826, 61.8379956], [-48.9908875, 61.8440714], [-49.0099419, 61.8420463], [-49.0150917, 61.8533853], [-49.0013588, 61.864882], [-48.9421356, 61.877669], [-48.9435089, 61.8954648], [-48.9356125, 61.9076732], [-48.8848007, 61.9448344], [-48.8041199, 61.954279], [-48.7659676, 61.9480619], [-48.751095, 61.9801233], [-48.7862671, 61.9883201], [-48.9294327, 61.971385], [-49.0085686, 61.9355483], [-49.0127914, 61.9091363], [-49.0530289, 61.8995887], [-49.1591156, 61.8476353], [-49.189328, 61.8241384], [-49.1725052, 61.8128697], [-49.179715, 61.8048412], [-49.1752518, 61.7816362], [-49.1633903, 61.7735089], [-49.1719799, 61.76888], [-49.1758401, 61.7356701], [-49.19612, 61.7303], [-49.2079701, 61.7073], [-49.2216401, 61.7132299], [-49.22381, 61.7036699], [-49.2416799, 61.71183], [-49.26185, 61.70786], [-49.25705, 61.7165], [-49.2714799, 61.70927], [-49.2874, 61.73327], [-49.2788199, 61.74186], [-49.2974701, 61.7365899], [-49.29209, 61.74586], [-49.2988101, 61.7413401], [-49.32387, 61.74729], [-49.32113, 61.75288], [-49.3312, 61.75133], [-49.3335199, 61.7584], [-49.3518401, 61.7591301], [-49.3433999, 61.76543], [-49.3203601, 61.76208], [-49.32501, 61.7759499], [-49.30763, 61.77753], [-49.31211, 61.7844999], [-49.2997901, 61.78255], [-49.2925801, 61.79065], [-49.3021501, 61.79845], [-49.25916, 61.82248], [-49.2779399, 61.8252701], [-49.2416501, 61.8447699], [-49.2462101, 61.8502099], [-49.2310099, 61.85078], [-49.23837, 61.85471], [-49.2293399, 61.8609899], [-49.1994201, 61.87238], [-49.19326, 61.8850901], [-49.1561899, 61.88818], [-49.1633099, 61.89608], [-49.20836, 61.9048701], [-49.2458099, 61.88091], [-49.2825801, 61.87293], [-49.2771301, 61.8493199], [-49.3206299, 61.8066101], [-49.3912001, 61.7912], [-49.39635, 61.7962501], [-49.3735499, 61.7980301], [-49.3945, 61.80058], [-49.37093, 61.81681], [-49.4125699, 61.80668], [-49.42559, 61.8111799], [-49.3995401, 61.82155], [-49.41085, 61.8190601], [-49.4021099, 61.8346201], [-49.43562, 61.83203], [-49.42083, 61.8354299], [-49.42173, 61.8495201], [-49.3843299, 61.86034], [-49.3715399, 61.87171], [-49.4244401, 61.8705301], [-49.37927, 61.88783], [-49.3841901, 61.89386], [-49.37401, 61.9119099], [-49.3111699, 61.92472], [-49.32679, 61.93195], [-49.3976501, 61.9267701], [-49.4021099, 61.9350101], [-49.39648, 61.9387901], [-49.34688, 61.9419101], [-49.2278999, 61.9702501], [-49.15935, 61.9619299], [-49.1084601, 61.97608], [-49.05749, 62.00787], [-48.98759, 62.0276], [-48.9748, 62.0478899], [-48.90976, 62.0424399], [-48.817647, 62.0651568], [-48.85781, 62.0755499], [-48.93321, 62.05816], [-48.93777, 62.0673001], [-48.96621, 62.07847], [-49.0065101, 62.07138], [-48.99356, 62.0939801], [-48.9665299, 62.1063699], [-48.9487711, 62.1332287], [-48.9556357, 62.1367951], [-49.03828, 62.0779801], [-49.08406, 62.06147], [-49.10507, 62.08326], [-49.0782301, 62.10208], [-49.0436501, 62.1640401], [-49.0031999, 62.1964901], [-49.0298, 62.2003099], [-49.07896, 62.1768301], [-49.0925, 62.1619101], [-49.10086, 62.1244], [-49.12424, 62.1086], [-49.14291, 62.07584], [-49.1237101, 62.03771], [-49.15602, 62.00359], [-49.187, 62.0000401], [-49.23492, 62.0087201], [-49.38328, 61.97279], [-49.43539, 61.97455], [-49.4443499, 61.98002], [-49.4231199, 61.99091], [-49.3856599, 61.98946], [-49.3470799, 61.9985901], [-49.4085499, 62.00955], [-49.38845, 62.06024], [-49.40124, 62.0606501], [-49.4123399, 62.05169], [-49.4346, 62.05348], [-49.4338801, 62.03569], [-49.48508, 61.99225], [-49.5548501, 62.0011799], [-49.52164, 61.98446], [-49.63483, 61.9712899], [-49.63862, 61.9777299], [-49.6287801, 61.97891], [-49.671889, 61.986854], [-49.6773497, 61.9932292], [-49.6683205, 62.0022042], [-49.6806314, 61.9937378], [-49.6896566, 61.9979524], [-49.6864926, 61.9912956], [-49.6991945, 61.9972214], [-49.6942856, 62.0004978], [-49.7004901, 62.00621], [-49.674909, 62.0091091], [-49.6916488, 62.0109317], [-49.67484, 62.0118094], [-49.6901153, 62.0182514], [-49.6323, 62.02167], [-49.6424601, 62.02613], [-49.6221299, 62.0177399], [-49.60739, 62.0186101], [-49.6071199, 62.02438], [-49.5796, 62.0188301], [-49.56937, 62.00492], [-49.5386399, 62.0099699], [-49.53492, 62.0194001], [-49.58605, 62.02082], [-49.63009, 62.04647], [-49.54823, 62.04871], [-49.53444, 62.05214], [-49.5451, 62.0571199], [-49.4509001, 62.0653101], [-49.44941, 62.0732199], [-49.48764, 62.0832399], [-49.5650701, 62.0614201], [-49.60607, 62.05928], [-49.6162499, 62.06348], [-49.6100199, 62.06828], [-49.61606, 62.0734599], [-49.64708, 62.07505], [-49.62216, 62.08938], [-49.6537901, 62.08995], [-49.6800599, 62.07562], [-49.69366, 62.0828999], [-49.6853999, 62.0907601], [-49.6933899, 62.0957], [-49.6722799, 62.10394], [-49.7008201, 62.10063], [-49.7119499, 62.10841], [-49.662, 62.1142201], [-49.5625001, 62.10831], [-49.5806401, 62.11352], [-49.5647599, 62.11438], [-49.5547599, 62.1063599], [-49.5290401, 62.1073599], [-49.51702, 62.0962201], [-49.49611, 62.0995799], [-49.45064, 62.0919099], [-49.4526, 62.0855401], [-49.44204, 62.08926], [-49.45151, 62.09627], [-49.34923, 62.06936], [-49.3195201, 62.0692559], [-49.4244301, 62.10262], [-49.3832099, 62.11775], [-49.2849001, 62.1268099], [-49.28218, 62.1313799], [-49.30432, 62.1411201], [-49.2914, 62.1668101], [-49.2734, 62.17041], [-49.2927199, 62.17232], [-49.3338, 62.1518399], [-49.35713, 62.1504601], [-49.34269, 62.17434], [-49.35302, 62.1908399], [-49.3452801, 62.19203], [-49.35378, 62.19699], [-49.32711, 62.1987201], [-49.36404, 62.20978], [-49.39347, 62.20257], [-49.3994399, 62.1829499], [-49.4161099, 62.1782701], [-49.42005, 62.1603999], [-49.4513599, 62.1366999], [-49.5408599, 62.13998], [-49.5554299, 62.1495901], [-49.6658099, 62.13945], [-49.7042899, 62.14723], [-49.6808399, 62.14573], [-49.6095401, 62.1621799], [-49.58681, 62.18625], [-49.59718, 62.19301], [-49.57771, 62.19921], [-49.58795, 62.2029], [-49.5758601, 62.2038], [-49.5848799, 62.21003], [-49.5761801, 62.2201801], [-49.50098, 62.2221999], [-49.47432, 62.23982], [-49.4544501, 62.2422901], [-49.42661, 62.2395399], [-49.39992, 62.2255499], [-49.325, 62.2220999], [-49.3149301, 62.22569], [-49.31888, 62.2334201], [-49.295, 62.2387599], [-49.2846144, 62.2580189], [-49.3090599, 62.26196], [-49.34278, 62.2376699], [-49.34947, 62.24581], [-49.44917, 62.25963], [-49.5307101, 62.2420901], [-49.5703299, 62.2510801], [-49.54036, 62.27507], [-49.54468, 62.28228], [-49.5251, 62.2895], [-49.5304099, 62.29339], [-49.51687, 62.3060399], [-49.5213999, 62.3090299], [-49.54511, 62.2904699], [-49.57692, 62.28007], [-49.58884, 62.2484499], [-49.7093999, 62.2584499], [-49.7265299, 62.2556699], [-49.71301, 62.25093], [-49.8492699, 62.24638], [-49.8572799, 62.25194], [-49.84773, 62.2577501], [-49.8182399, 62.25418], [-49.81952, 62.2636501], [-49.77972, 62.2702199], [-49.7862299, 62.27897], [-49.7798601, 62.2871001], [-49.7888, 62.29716], [-49.77782, 62.30372], [-49.8054599, 62.29974], [-49.7950199, 62.28596], [-49.82409, 62.27303], [-49.88798, 62.28264], [-49.8867199, 62.2944], [-49.8997374, 62.3012934], [-49.96025, 62.3054601], [-49.96338, 62.2942201], [-49.95513, 62.29442], [-49.97558, 62.2909901], [-49.9974319, 62.3090367], [-50.0077293, 62.3025998], [-50.0304799, 62.31799], [-50.01895, 62.32584], [-50.0230387, 62.3288753], [-50.0133981, 62.3265829], [-50.0102386, 62.336843], [-50.0402501, 62.35643], [-50.02618, 62.3573601], [-50.0317801, 62.3630301], [-50.0258199, 62.36836], [-50.0385, 62.3679301], [-50.04209, 62.3763999], [-50.03384, 62.39323], [-50.0680201, 62.3929501], [-50.0677199, 62.40267], [-50.0728399, 62.3977201], [-50.0852899, 62.4050899], [-50.0874901, 62.38732], [-50.11589, 62.39633], [-50.1041601, 62.3734901], [-50.1304101, 62.3707101], [-50.1330999, 62.3920899], [-50.1349899, 62.38392], [-50.15302, 62.39622], [-50.2023956, 62.4054673], [-50.2309979, 62.4487933], [-50.2592252, 62.4629643], [-50.2943857, 62.4685866], [-50.3159506, 62.4853937], [-50.3185095, 62.4941058], [-50.2999532, 62.5022668], [-50.296297, 62.5135469], [-50.24645, 62.5099199], [-50.2294701, 62.52467], [-50.26443, 62.5440401], [-50.2803604, 62.5473334], [-50.2784268, 62.5588259], [-50.2692212, 62.5493311], [-50.2475716, 62.5595457], [-50.2457579, 62.5654139], [-50.2600739, 62.5676064], [-50.2820174, 62.5578699], [-50.2674002, 62.5700017], [-50.268366, 62.5847199], [-50.2491905, 62.5974205], [-50.2627734, 62.5868984], [-50.2621279, 62.5741932], [-50.2398903, 62.5730955], [-50.23288, 62.6073199], [-50.2251499, 62.6057401], [-50.22807, 62.60038], [-50.2217099, 62.60981], [-50.18839, 62.61014], [-50.18926, 62.6189701], [-50.21083, 62.6222901], [-50.1973431, 62.6396765], [-50.1449091, 62.653512], [-50.1427699, 62.69019], [-50.11992, 62.6905601], [-50.10799, 62.69842], [-50.1222099, 62.7074601], [-50.06452, 62.7347199], [-50.0691, 62.74856], [-50.0584801, 62.7579599], [-50.0638201, 62.76567], [-50.03896, 62.7834101], [-50.0539201, 62.7870899], [-50.00282, 62.79492], [-49.98219, 62.8098701], [-49.87464, 62.83719], [-49.91426, 62.8403201], [-49.90725, 62.85561], [-49.91666, 62.8585], [-49.90578, 62.87249], [-49.9210601, 62.8759299], [-49.93924, 62.86916], [-49.9555201, 62.8526501], [-49.95357, 62.8443201], [-50.03185, 62.8127799], [-50.05089, 62.7947501], [-50.0831501, 62.78114], [-50.0877399, 62.7955], [-50.09678, 62.79223], [-50.0954801, 62.7799501], [-50.11955, 62.7780501], [-50.1169501, 62.7716399], [-50.14126, 62.7612899], [-50.1587899, 62.7826399], [-50.13745, 62.7960701], [-50.16403, 62.8051801], [-50.1892399, 62.8027699], [-50.19493, 62.7989701], [-50.18915, 62.7856301], [-50.17129, 62.78502], [-50.17041, 62.7764299], [-50.18553, 62.77512], [-50.1630099, 62.7619401], [-50.16518, 62.74431], [-50.1817, 62.73187], [-50.2057999, 62.7271501], [-50.2530401, 62.6890299], [-50.26809, 62.68809], [-50.2787399, 62.6965899], [-50.27823, 62.7178199], [-50.29857, 62.7181699], [-50.31993, 62.7341401], [-50.3059799, 62.7345801], [-50.31069, 62.74778], [-50.2952901, 62.7386199], [-50.2995399, 62.7476001], [-50.2739, 62.78047], [-50.24999, 62.7875001], [-50.26332, 62.79012], [-50.2552799, 62.79905], [-50.2729301, 62.8080901], [-50.23233, 62.8222001], [-50.2313, 62.82961], [-50.24463, 62.8330099], [-50.24185, 62.8432299], [-50.2092201, 62.8497], [-50.1650901, 62.88552], [-50.1436699, 62.88974], [-50.1707501, 62.89374], [-50.16302, 62.89932], [-50.1696601, 62.90243], [-50.13635, 62.9099], [-50.1500901, 62.9102401], [-50.14224, 62.91966], [-50.1435101, 62.9337399], [-50.0234, 62.94959], [-49.86131, 62.98649], [-49.81394, 62.9893001], [-49.73457, 63.0296699], [-49.70169, 63.0342299], [-49.6912601, 63.0407899], [-49.69275, 63.0510698], [-49.7271799, 63.04406], [-49.7786529, 63.0543884], [-49.7824201, 63.0439099], [-49.8507901, 63.01071], [-49.91166, 62.9936699], [-50.1221999, 62.9515099], [-50.16461, 62.95177], [-50.20572, 62.91696], [-50.20706, 62.89855], [-50.2329201, 62.87439], [-50.26875, 62.8643499], [-50.26222, 62.8568999], [-50.27135, 62.85004], [-50.27313, 62.8347], [-50.30534, 62.83307], [-50.3137499, 62.8083001], [-50.3068699, 62.8034001], [-50.31469, 62.79167], [-50.3253199, 62.7909601], [-50.32202, 62.7768699], [-50.33557, 62.7823099], [-50.33603, 62.7746399], [-50.36036, 62.77257], [-50.3902301, 62.78614], [-50.37403, 62.7860701], [-50.3777701, 62.79401], [-50.3715699, 62.7965399], [-50.38726, 62.79457], [-50.37595, 62.80117], [-50.35213, 62.79134], [-50.3603101, 62.8010999], [-50.34291, 62.80383], [-50.35394, 62.81079], [-50.3481099, 62.82151], [-50.36084, 62.82783], [-50.38272, 62.8242199], [-50.37837, 62.8321299], [-50.3936701, 62.83603], [-50.38528, 62.8493], [-50.39165, 62.8526501], [-50.38216, 62.8513301], [-50.3882101, 62.85648], [-50.37839, 62.87076], [-50.35882, 62.8691399], [-50.3607, 62.86019], [-50.35402, 62.85837], [-50.3357401, 62.86187], [-50.36652, 62.8755701], [-50.36305, 62.8806701], [-50.3706699, 62.8784], [-50.3680099, 62.8847801], [-50.3574301, 62.88166], [-50.34929, 62.8949299], [-50.33346, 62.9004799], [-50.34168, 62.90922], [-50.3111701, 62.9182799], [-50.32159, 62.92908], [-50.3079699, 62.9351601], [-50.24953, 62.9371501], [-50.2905099, 62.9373701], [-50.24532, 62.94813], [-50.2219001, 62.96259], [-50.2313799, 62.9761999], [-50.2195799, 62.98636], [-50.1701299, 62.98467], [-50.14704, 62.9956699], [-50.22117, 63.0114399], [-50.19951, 63.02104], [-50.23343, 63.0158601], [-50.2364799, 63.02841], [-50.27689, 63.0345], [-50.27324, 63.04497], [-50.2513, 63.04384], [-50.22733, 63.05496], [-50.268, 63.05198], [-50.2783901, 63.04219], [-50.29577, 63.0454699], [-50.2945101, 63.05096], [-50.3268266, 63.0362168], [-50.2565445, 63.0253273], [-50.2657285, 63.0176144], [-50.25965, 63.00346], [-50.2759201, 62.95993], [-50.3627501, 62.9464099], [-50.41087, 62.9273], [-50.41841, 62.929], [-50.41377, 62.93665], [-50.42062, 62.94499], [-50.4668101, 62.93789], [-50.45997, 62.94298], [-50.4671899, 62.9478599], [-50.4592899, 62.94988], [-50.46865, 62.96015], [-50.4534999, 62.95933], [-50.48757, 62.97134], [-50.5006, 62.9648699], [-50.49322, 62.9528201], [-50.50535, 62.94954], [-50.5344399, 62.9570501], [-50.53651, 62.9681899], [-50.55058, 62.9670799], [-50.5438999, 62.96271], [-50.5493101, 62.95915], [-50.57282, 62.96434], [-50.58085, 62.9590799], [-50.5749199, 62.9543801], [-50.58506, 62.95337], [-50.60287, 62.96545], [-50.60219, 62.9744001], [-50.5514201, 62.98525], [-50.49912, 62.9853299], [-50.4775099, 62.9985499], [-50.4756001, 63.0110801], [-50.5085499, 63.0266699], [-50.50315, 63.0129701], [-50.51747, 63.01506], [-50.5198699, 63.0229999], [-50.51226, 63.02374], [-50.52035, 63.02838], [-50.4959601, 63.03827], [-50.5163199, 63.03361], [-50.5393201, 63.03995], [-50.54113, 63.03228], [-50.51946, 63.01482], [-50.54148, 63.0097699], [-50.53459, 63.0005399], [-50.55817, 63.0044499], [-50.56584, 62.9991099], [-50.5563301, 62.99549], [-50.5659099, 62.99501], [-50.5911499, 62.99994], [-50.5660299, 62.9994499], [-50.57897, 63.0058], [-50.56405, 63.00626], [-50.61618, 63.02227], [-50.6082301, 63.0271099], [-50.61542, 63.03685], [-50.59917, 63.0306799], [-50.6069001, 63.0416899], [-50.5752499, 63.04876], [-50.60109, 63.05472], [-50.58665, 63.05954], [-50.6270346, 63.0842251], [-50.5963004, 63.0804668], [-50.5731847, 63.0625752], [-50.5674746, 63.067175], [-50.5912346, 63.0820851], [-50.5773446, 63.0868951], [-50.5902746, 63.0902652], [-50.567111, 63.09258], [-50.5618011, 63.0894998], [-50.5733911, 63.0879999], [-50.5292559, 63.0836287], [-50.5189432, 63.075208], [-50.5301028, 63.0863774], [-50.5222205, 63.0872737], [-50.5505104, 63.1035702], [-50.5125603, 63.1103603], [-50.5024904, 63.1052002], [-50.48501, 63.1162501], [-50.4695223, 63.1096564], [-50.4637223, 63.1173064], [-50.4038023, 63.1331765], [-50.4121423, 63.1401264], [-50.4032325, 63.1469762], [-50.4185224, 63.1462864], [-50.4172724, 63.1422765], [-50.4074224, 63.1360064], [-50.4131024, 63.1344965], [-50.4275524, 63.1470862], [-50.4502425, 63.1434664], [-50.4475224, 63.1377064], [-50.4629225, 63.1454364], [-50.4664624, 63.1528662], [-50.4527323, 63.1610062], [-50.4078424, 63.1705461], [-50.3915224, 63.1663862], [-50.3788725, 63.1755361], [-50.2440125, 63.2026362], [-50.2055723, 63.1990962], [-50.1769825, 63.2081461], [-50.0748824, 63.2109762], [-50.0776624, 63.221736], [-50.2022724, 63.215836], [-50.2378123, 63.2224261], [-50.2476224, 63.216086], [-50.2449323, 63.210446], [-50.3085025, 63.2065462], [-50.3135323, 63.2095161], [-50.2986524, 63.2155759], [-50.3021224, 63.224306], [-50.3235323, 63.2181259], [-50.3455225, 63.2234759], [-50.3668701, 63.1971099], [-50.4073799, 63.18284], [-50.42263, 63.18482], [-50.4154601, 63.17558], [-50.4689, 63.163], [-50.52291, 63.18161], [-50.4894299, 63.18584], [-50.48901, 63.19351], [-50.53014, 63.18969], [-50.5602399, 63.2218901], [-50.56385, 63.20783], [-50.58584, 63.21493], [-50.6174701, 63.20969], [-50.60498, 63.2048801], [-50.64178, 63.18439], [-50.6688, 63.19839], [-50.6527399, 63.21447], [-50.68744, 63.2035499], [-50.6937699, 63.1939701], [-50.7294, 63.1995401], [-50.7363101, 63.18715], [-50.75897, 63.18514], [-50.7696899, 63.19169], [-50.7731299, 63.18581], [-50.794, 63.19735], [-50.79018, 63.17816], [-50.8180031, 63.1760321], [-50.822886, 63.1648784], [-50.8316559, 63.1688542], [-50.8286548, 63.1582213], [-50.8797777, 63.1353711], [-50.9013373, 63.1148552], [-50.9315, 63.14657], [-50.9215599, 63.16116], [-50.91139, 63.1573099], [-50.91249, 63.1655101], [-50.9226699, 63.1675499], [-50.8807401, 63.18236], [-50.84266, 63.20816], [-50.81942, 63.20915], [-50.80931, 63.19558], [-50.8165901, 63.2081199], [-50.81086, 63.2180901], [-50.7751101, 63.22239], [-50.76284, 63.2326], [-50.7777999, 63.2423401], [-50.76952, 63.2482201], [-50.78228, 63.2507901], [-50.7817901, 63.2390299], [-50.8516299, 63.2279901], [-50.84342, 63.22529], [-50.8919799, 63.2041099], [-50.9838099, 63.13521], [-51.0016842, 63.1327494], [-51.0028738, 63.1451842], [-51.0158796, 63.1536757], [-51.0132398, 63.1637634], [-50.999397, 63.1684427], [-51.023799, 63.1658852], [-51.0112439, 63.1427701], [-51.02055, 63.1367499], [-51.02934, 63.1586201], [-51.0426299, 63.1580999], [-51.0565199, 63.17192], [-51.0573801, 63.1793299], [-51.05002, 63.1757501], [-51.05399, 63.18137], [-51.03644, 63.18112], [-51.03588, 63.18701], [-51.0460799, 63.19391], [-51.041, 63.2029901], [-51.0511899, 63.19851], [-51.05404, 63.20849], [-51.0206099, 63.2192399], [-51.02743, 63.23075], [-51.0075801, 63.2406], [-50.9951, 63.23663], [-51.01154, 63.2256501], [-50.96788, 63.22971], [-50.95542, 63.2159099], [-50.94973, 63.2320199], [-50.97354, 63.24354], [-50.9928299, 63.23676], [-51.00077, 63.24073], [-50.9979299, 63.24687], [-51.0370799, 63.23817], [-51.0331, 63.23152], [-51.04387, 63.2261399], [-51.0761801, 63.2252299], [-51.06677, 63.23628], [-51.0869799, 63.23072], [-51.08245, 63.2353301], [-51.0955, 63.2371101], [-51.08891, 63.2436801], [-51.0944, 63.24709], [-51.08816, 63.24786], [-51.0887, 63.2381399], [-51.08136, 63.2463301], [-51.0858899, 63.2488901], [-51.07056, 63.2447999], [-51.07456, 63.2550299], [-51.05981, 63.2575999], [-51.0512801, 63.25018], [-51.05581, 63.24276], [-51.01156, 63.25863], [-51.0161, 63.2660499], [-51.0039, 63.2691201], [-51.02065, 63.2701401], [-51.01744, 63.2741499], [-51.02633, 63.2770499], [-51.02066, 63.28267], [-51.0291799, 63.2872799], [-51.0399699, 63.28267], [-51.02946, 63.27653], [-51.0564199, 63.26706], [-51.09282, 63.28444], [-51.0843001, 63.28521], [-51.0968, 63.2852], [-51.0905201, 63.2798299], [-51.09735, 63.28009], [-51.10874, 63.28698], [-51.0934101, 63.2900599], [-51.10706, 63.2933799], [-51.09251, 63.3047299], [-51.09858, 63.3079599], [-51.0820999, 63.3102799], [-51.0844001, 63.32102], [-51.07756, 63.3205099], [-51.1037699, 63.33047], [-51.0969701, 63.3376399], [-51.0161501, 63.34688], [-50.8822775, 63.3440922], [-50.8299201, 63.351], [-50.8200717, 63.345026], [-50.78605, 63.35414], [-50.6435199, 63.3657401], [-50.5969299, 63.35513], [-50.4737101, 63.3656], [-50.48743, 63.3628401], [-50.4811899, 63.3615399], [-50.45575, 63.3662901], [-50.4781601, 63.3715], [-50.4802701, 63.38072], [-50.4277099, 63.3858899], [-50.4164701, 63.39249], [-50.42355, 63.3950801], [-50.34995, 63.3955301], [-50.3103199, 63.3832001], [-50.28743, 63.3867899], [-50.2137099, 63.37157], [-50.1514412, 63.3756925], [-50.244062, 63.3836783], [-50.3699532, 63.4114562], [-50.4406133, 63.4061078], [-50.5733401, 63.3715599], [-50.65643, 63.38138], [-50.7614599, 63.36612], [-50.7983401, 63.3877899], [-50.8498255, 63.3627093], [-50.9340901, 63.3714201], [-50.98197, 63.3681099], [-50.97172, 63.36427], [-50.9791301, 63.3594101], [-51.0674199, 63.35658], [-51.07882, 63.36169], [-51.06516, 63.36579], [-51.0834001, 63.36258], [-51.0874001, 63.3708899], [-51.06292, 63.3837], [-51.0064701, 63.3762901], [-51.00876, 63.38116], [-50.9944999, 63.38192], [-51.03612, 63.38447], [-51.05154, 63.3962299], [-51.0287399, 63.4123599], [-51.0316101, 63.42719], [-50.9933501, 63.45431], [-51.01221, 63.4608299], [-51.03221, 63.4543], [-51.02765, 63.46198], [-51.04367, 63.4691301], [-51.03736, 63.4543], [-51.05192, 63.4489299], [-51.0516101, 63.43383], [-51.06727, 63.41592], [-51.0635399, 63.40697], [-51.08239, 63.4138701], [-51.08293, 63.40338], [-51.0735101, 63.40083], [-51.0795101, 63.40185], [-51.0806201, 63.39238], [-51.0963101, 63.3928899], [-51.08315, 63.3798501], [-51.0970901, 63.37306], [-51.11195, 63.38316], [-51.1021901, 63.36449], [-51.11127, 63.35323], [-51.1266501, 63.35501], [-51.20255, 63.37513], [-51.15976, 63.3675101], [-51.18208, 63.38283], [-51.16553, 63.3808], [-51.17296, 63.38437], [-51.1644501, 63.39129], [-51.1387601, 63.3854301], [-51.15251, 63.3977], [-51.12514, 63.39951], [-51.1228999, 63.40949], [-51.1811549, 63.4272491], [-51.2091799, 63.42474], [-51.2068399, 63.4165601], [-51.21254, 63.41604], [-51.2028201, 63.4132399], [-51.21078, 63.41016], [-51.2142601, 63.41642], [-51.2308, 63.41473], [-51.2206101, 63.42651], [-51.2383901, 63.4354401], [-51.16644, 63.4398901], [-51.18476, 63.4460001], [-51.1814799, 63.468], [-51.1695, 63.4731301], [-51.11804, 63.4789399], [-51.0694001, 63.4709101], [-51.0734299, 63.47988], [-51.0442701, 63.49113], [-51.00078, 63.4869201], [-50.95784, 63.5030301], [-50.9209395, 63.4985385], [-50.9209291, 63.5050685], [-50.95895, 63.52835], [-51.0775201, 63.51209], [-51.08726, 63.5126001], [-51.0918699, 63.5230799], [-51.1142101, 63.5215299], [-51.1176699, 63.52536], [-51.1062199, 63.53023], [-51.1263399, 63.5460701], [-51.11202, 63.5458401], [-51.13152, 63.54837], [-51.1454, 63.57036], [-51.1230199, 63.57038], [-51.1474401, 63.57649], [-51.1455, 63.5905599], [-51.13604, 63.59262], [-51.13809, 63.60208], [-51.1257701, 63.6072101], [-51.1540389, 63.6202432], [-51.1312669, 63.6222746], [-51.13649, 63.62753], [-51.1621499, 63.6241137], [-51.1491037, 63.6145126], [-51.19332, 63.61339], [-51.18578, 63.6020199], [-51.1708199, 63.5982101], [-51.2041599, 63.60226], [-51.19896, 63.5974], [-51.2098399, 63.5925301], [-51.1719101, 63.58874], [-51.16609, 63.5757], [-51.17297, 63.57416], [-51.1551499, 63.57035], [-51.15684, 63.5634399], [-51.1415799, 63.55194], [-51.1521299, 63.54093], [-51.14095, 63.54069], [-51.13773, 63.5281601], [-51.10215, 63.51233], [-51.1109901, 63.50209], [-51.17075, 63.49232], [-51.17678, 63.49512], [-51.1702301, 63.4997299], [-51.19087, 63.50533], [-51.17199, 63.50792], [-51.18174, 63.50969], [-51.17632, 63.5125199], [-51.21442, 63.51502], [-51.23914, 63.52521], [-51.2415001, 63.5333901], [-51.2770801, 63.5383199], [-51.32338, 63.5269699], [-51.33094, 63.5359], [-51.36365, 63.53927], [-51.38279, 63.5346299], [-51.36752, 63.5282701], [-51.3771499, 63.5198], [-51.40299, 63.5238201], [-51.39524, 63.52937], [-51.40968, 63.53071], [-51.4019599, 63.5322701], [-51.40779, 63.5389], [-51.35911, 63.5426101], [-51.3873, 63.5497], [-51.3787099, 63.5505], [-51.3899499, 63.55506], [-51.3799499, 63.55816], [-51.3920301, 63.55992], [-51.3790399, 63.57607], [-51.3868101, 63.5773299], [-51.3932, 63.5619601], [-51.41759, 63.5428401], [-51.43524, 63.5536499], [-51.4206001, 63.55267], [-51.42926, 63.55649], [-51.40823, 63.56972], [-51.43621, 63.56094], [-51.44369, 63.5620701], [-51.44059, 63.57147], [-51.4523199, 63.5633199], [-51.4529799, 63.5692001], [-51.4799899, 63.5714201], [-51.4801099, 63.57858], [-51.49494, 63.57316], [-51.4864, 63.57728], [-51.4922199, 63.58161], [-51.48017, 63.5818999], [-51.49169, 63.58417], [-51.4877699, 63.5898], [-51.4447499, 63.5935301], [-51.4667699, 63.60573], [-51.4570899, 63.61062], [-51.47101, 63.61774], [-51.4403901, 63.60863], [-51.46482, 63.6264601], [-51.4773199, 63.6175899], [-51.51094, 63.63321], [-51.5162499, 63.6242399], [-51.52638, 63.6280399], [-51.5305701, 63.6372301], [-51.52271, 63.64775], [-51.44478, 63.6321499], [-51.4297101, 63.62427], [-51.43357, 63.61326], [-51.4296399, 63.62043], [-51.4175299, 63.6174], [-51.4176299, 63.6043499], [-51.43288, 63.60559], [-51.42477, 63.60126], [-51.4041, 63.6023399], [-51.40534, 63.6082201], [-51.3915901, 63.6115899], [-51.3723601, 63.59169], [-51.37677, 63.57735], [-51.36532, 63.57994], [-51.3363401, 63.55648], [-51.3127799, 63.5529501], [-51.33409, 63.56045], [-51.32782, 63.56392], [-51.3387801, 63.5687501], [-51.3298901, 63.5695399], [-51.35174, 63.57383], [-51.3602599, 63.5886501], [-51.3257601, 63.5848899], [-51.3333499, 63.59536], [-51.3109999, 63.5997601], [-51.3116899, 63.6107601], [-51.2795201, 63.61262], [-51.27437, 63.6146701], [-51.2829999, 63.61465], [-51.2796, 63.6200299], [-51.2709899, 63.62107], [-51.2577301, 63.6170001], [-51.25726, 63.6290299], [-51.23545, 63.63444], [-51.24411, 63.63775], [-51.2199401, 63.6370201], [-51.24357, 63.6421], [-51.28479, 63.6218099], [-51.33754, 63.60942], [-51.33318, 63.60508], [-51.3629001, 63.59248], [-51.3902501, 63.6190101], [-51.4135901, 63.6230299], [-51.4039201, 63.62997], [-51.4153701, 63.6271201], [-51.4232801, 63.6365601], [-51.45127, 63.64222], [-51.45547, 63.65322], [-51.4709701, 63.65074], [-51.4576, 63.64221], [-51.4749899, 63.64996], [-51.47658, 63.6420201], [-51.51361, 63.65366], [-51.4935401, 63.6575701], [-51.5119801, 63.6590399], [-51.5040099, 63.6639299], [-51.51406, 63.6626199], [-51.51331, 63.66901], [-51.5281399, 63.6610301], [-51.52593, 63.66589], [-51.54263, 63.66609], [-51.5444899, 63.67299], [-51.5507199, 63.6674601], [-51.5532, 63.67679], [-51.54005, 63.6819599], [-51.53071, 63.6756001], [-51.5233699, 63.68355], [-51.5060199, 63.67952], [-51.49808, 63.6874801], [-51.4789899, 63.68243], [-51.4648, 63.6955099], [-51.38207, 63.70122], [-51.3402981, 63.7102112], [-51.3405501, 63.71735], [-51.3969499, 63.7074901], [-51.4184199, 63.7163801], [-51.4666401, 63.70165], [-51.4785401, 63.70724], [-51.4720701, 63.7167201], [-51.4774201, 63.7261701], [-51.4836301, 63.71822], [-51.47748, 63.7126101], [-51.4913419, 63.6969874], [-51.5243537, 63.6874576], [-51.5307701, 63.69376], [-51.5206601, 63.6922601], [-51.52539, 63.69889], [-51.53816, 63.7037], [-51.5506658, 63.6963099], [-51.54828, 63.69011], [-51.5593, 63.69365], [-51.56033, 63.68776], [-51.5662501, 63.6954099], [-51.55644, 63.6951899], [-51.5640399, 63.70079], [-51.5521401, 63.7110699], [-51.5768299, 63.7056001], [-51.55987, 63.71266], [-51.56666, 63.71613], [-51.5556901, 63.71566], [-51.5643799, 63.71767], [-51.55852, 63.74148], [-51.5303301, 63.7472199], [-51.53674, 63.7507699], [-51.53219, 63.75437], [-51.50649, 63.73835], [-51.5230101, 63.75747], [-51.4249799, 63.7700801], [-51.4447401, 63.77641], [-51.4309799, 63.78362], [-51.41823, 63.7818701], [-51.4227399, 63.7743], [-51.40665, 63.7808701], [-51.36598, 63.7656301], [-51.3330199, 63.76315], [-51.32661, 63.7590701], [-51.3410199, 63.7562299], [-51.33284, 63.74806], [-51.3126899, 63.75425], [-51.3040199, 63.7537501], [-51.30628, 63.7488899], [-51.2947899, 63.75479], [-51.2988801, 63.75862], [-51.24282, 63.7556499], [-51.2391, 63.76027], [-51.25446, 63.76638], [-51.2210501, 63.77948], [-51.28984, 63.77885], [-51.27993, 63.77017], [-51.3060099, 63.7767601], [-51.30706, 63.7675599], [-51.33998, 63.76582], [-51.3718101, 63.7694499], [-51.39976, 63.78396], [-51.35696, 63.7835599], [-51.32817, 63.7930901], [-51.29107, 63.78626], [-51.2177399, 63.7994401], [-51.2160599, 63.8066], [-51.2406399, 63.80707], [-51.2272, 63.82474], [-51.16252, 63.85641], [-51.1254499, 63.86144], [-51.12838, 63.8703999], [-50.98919, 63.8937201], [-50.96885, 63.9057399], [-50.94039, 63.9090501], [-50.9401703, 63.9149827], [-50.9076727, 63.9187093], [-50.9129904, 63.9265696], [-50.9609511, 63.9263671], [-51.06523, 63.89601], [-51.1870201, 63.87813], [-51.2747301, 63.82952], [-51.27635, 63.81839], [-51.2961001, 63.8243599], [-51.3035599, 63.84353], [-51.31251, 63.8417199], [-51.31992, 63.8314701], [-51.29048, 63.8131201], [-51.30919, 63.8033599], [-51.3509001, 63.8071001], [-51.3820499, 63.8002399], [-51.3879301, 63.8070101], [-51.3941599, 63.7971399], [-51.4144901, 63.8025899], [-51.4097101, 63.7921101], [-51.42302, 63.79259], [-51.45583, 63.8006701], [-51.44501, 63.8116999], [-51.46814, 63.82774], [-51.46735, 63.8502501], [-51.3900201, 63.8325801], [-51.38576, 63.8384701], [-51.3971699, 63.8463601], [-51.41034, 63.87575], [-51.3831401, 63.8801699], [-51.3581, 63.87358], [-51.36895, 63.882], [-51.35554, 63.8841601], [-51.40167, 63.89802], [-51.4041501, 63.90901], [-51.3909, 63.91647], [-51.4040599, 63.92334], [-51.3815099, 63.9313299], [-51.4392557, 63.9312994], [-51.4367379, 63.9454321], [-51.4300584, 63.9575137], [-51.4180421, 63.9602253], [-51.3654, 63.9436499], [-51.33983, 63.9457501], [-51.35441, 63.9485301], [-51.3506999, 63.95391], [-51.3779765, 63.9722207], [-51.4129257, 63.9706459], [-51.4437264, 63.9884519], [-51.4457501, 63.976669], [-51.4669541, 63.9714034], [-51.48966, 63.9530714], [-51.5331786, 63.9588195], [-51.5253228, 63.9625557], [-51.5462297, 63.9698047], [-51.5458434, 63.9843656], [-51.5816882, 63.9706368], [-51.5870094, 63.9730302], [-51.5809499, 63.9764499], [-51.6188499, 63.9820576], [-51.6249642, 63.9894794], [-51.6210105, 63.9974093], [-51.6409078, 63.9970014], [-51.6331701, 64.00743], [-51.6483965, 64.0091801], [-51.6364225, 64.0206847], [-51.551623, 64.0441399], [-51.5367876, 64.0357311], [-51.42147, 64.0373601], [-51.3348099, 64.0122599], [-51.2962159, 64.0113383], [-51.29293, 64.0209199], [-51.3302301, 64.0190499], [-51.3218801, 64.02789], [-51.3392, 64.0378299], [-51.40301, 64.0522501], [-51.3622501, 64.0602799], [-51.2951001, 64.0601799], [-51.29284, 64.0676001], [-51.24679, 64.0781701], [-51.18252, 64.0783901], [-51.12297, 64.09124], [-51.05224, 64.09065], [-51.03468, 64.0771], [-51.02066, 64.0767299], [-51.01424, 64.0852801], [-50.9902699, 64.08835], [-51.0031301, 64.09679], [-50.9434699, 64.10868], [-50.9255767, 64.1076069], [-50.9160099, 64.09755], [-50.86632, 64.09571], [-50.8422, 64.1215201], [-50.7660001, 64.13625], [-50.69347, 64.1818901], [-50.6354701, 64.1776701], [-50.62333, 64.1643399], [-50.58884, 64.1579801], [-50.4850501, 64.1618701], [-50.4942901, 64.1534499], [-50.49121, 64.1455201], [-50.46132, 64.14617], [-50.4291499, 64.1726601], [-50.36759, 64.17241], [-50.2982801, 64.20073], [-50.27245, 64.20086], [-50.2717101, 64.20674], [-50.2177073, 64.2034317], [-50.2165053, 64.2171715], [-50.1950295, 64.2298996], [-50.15728, 64.22454], [-50.1758701, 64.23155], [-50.16369, 64.23609], [-50.1725599, 64.2440699], [-50.23578, 64.2322601], [-50.2921899, 64.23242], [-50.3839199, 64.2029101], [-50.5754401, 64.19131], [-50.56475, 64.1994601], [-50.56508, 64.21584], [-50.52791, 64.22621], [-50.50913, 64.2583701], [-50.45166, 64.27991], [-50.4465099, 64.3024001], [-50.43789, 64.30569], [-50.44485, 64.31134], [-50.43897, 64.3248701], [-50.4117042, 64.3433004], [-50.3754953, 64.3466597], [-50.3933869, 64.3519806], [-50.4515914, 64.3402443], [-50.4663604, 64.3274052], [-50.4596588, 64.3243735], [-50.4635288, 64.320383], [-50.5018114, 64.3000695], [-50.513954, 64.2849902], [-50.5542639, 64.2719353], [-50.5617457, 64.2573404], [-50.5692732, 64.255962], [-50.5793211, 64.2690977], [-50.5955354, 64.2535678], [-50.601586, 64.2342809], [-50.6591903, 64.2174532], [-50.7590933, 64.2134167], [-50.7792103, 64.2059981], [-50.7837407, 64.1902812], [-50.8149219, 64.1719634], [-50.8359435, 64.1743139], [-50.8790926, 64.1596274], [-50.8929849, 64.1620289], [-50.9042287, 64.1504769], [-51.0125685, 64.1389857], [-51.0449788, 64.1273676], [-51.0997289, 64.1307716], [-51.2409937, 64.1068247], [-51.3491717, 64.0974921], [-51.4562913, 64.0731773], [-51.470995, 64.0779293], [-51.4702004, 64.0860379], [-51.4834534, 64.0773579], [-51.57234, 64.0821], [-51.5771732, 64.0869639], [-51.5507778, 64.0985523], [-51.6036718, 64.0945737], [-51.6425184, 64.1165357], [-51.6183533, 64.1313804], [-51.5847213, 64.138569], [-51.5909131, 64.1476096], [-51.5816145, 64.1535946], [-51.5348366, 64.1688195], [-51.4768502, 64.1623805], [-51.3989183, 64.1339275], [-51.3822192, 64.1375114], [-51.4122935, 64.1662151], [-51.4870574, 64.1722705], [-51.5065917, 64.1817833], [-51.5457185, 64.1816117], [-51.6700348, 64.1313152], [-51.6817825, 64.1365447], [-51.6793181, 64.1503061], [-51.690732, 64.1552442], [-51.6726045, 64.1713872], [-51.6788158, 64.1750821], [-51.7007938, 64.1839293], [-51.7126616, 64.1621487], [-51.7187378, 64.1633042], [-51.7058649, 64.1776369], [-51.7159062, 64.1720127], [-51.7226622, 64.1776851], [-51.7276015, 64.1699085], [-51.7198402, 64.1709281], [-51.7336242, 64.1618426], [-51.7544844, 64.1690133], [-51.7473435, 64.1822414], [-51.724106, 64.1932306], [-51.6612715, 64.2051447], [-51.6237983, 64.2008738], [-51.5884726, 64.2157654], [-51.4754412, 64.2079272], [-51.4083801, 64.2194999], [-51.3685513, 64.1895657], [-51.2517357, 64.1694626], [-51.1320877, 64.2029691], [-51.0707401, 64.2421699], [-50.9568886, 64.2168258], [-50.9439676, 64.2275177], [-50.8547164, 64.2483138], [-50.8922709, 64.2596576], [-50.9667575, 64.2472725], [-51.0594106, 64.271365], [-51.0186625, 64.2929301], [-50.9832144, 64.3248742], [-50.966413, 64.3447903], [-50.9746313, 64.3527462], [-50.9592569, 64.3654532], [-50.9124577, 64.3859939], [-50.9206492, 64.3961287], [-50.9166098, 64.4047071], [-50.8305001, 64.424584], [-50.7907605, 64.4260198], [-50.7583155, 64.4134706], [-50.7575968, 64.3927388], [-50.7459126, 64.386286], [-50.663705, 64.3692198], [-50.6034485, 64.3734051], [-50.6302595, 64.3910866], [-50.7058841, 64.394194], [-50.7105125, 64.4036657], [-50.7027224, 64.430946], [-50.7189648, 64.4443459], [-50.6923721, 64.4394741], [-50.656567, 64.4151856], [-50.6055983, 64.4171395], [-50.5796937, 64.401629], [-50.5188823, 64.4074293], [-50.4842221, 64.3956285], [-50.424589, 64.391087], [-50.3976824, 64.3778508], [-50.3692471, 64.3866689], [-50.365924, 64.3986029], [-50.3157453, 64.3953135], [-50.2797782, 64.4088481], [-50.2750387, 64.4347876], [-50.2169859, 64.4322913], [-50.2046284, 64.4413707], [-50.2139832, 64.4528027], [-50.2517454, 64.4648486], [-50.2285388, 64.4673808], [-50.2415504, 64.4800126], [-50.3116418, 64.4599063], [-50.3251132, 64.4447113], [-50.3390518, 64.4423191], [-50.3202937, 64.4304041], [-50.3891632, 64.4301384], [-50.4294024, 64.4169091], [-50.4693192, 64.4327868], [-50.5249937, 64.4300258], [-50.6059575, 64.43846], [-50.6147649, 64.4435984], [-50.6075833, 64.4489501], [-50.6459565, 64.4582542], [-50.6765587, 64.4754598], [-50.5776525, 64.5082005], [-50.5229784, 64.5123811], [-50.5228491, 64.5197975], [-50.4518239, 64.5382199], [-50.5792127, 64.5225267], [-50.6602257, 64.501892], [-50.7076363, 64.5351131], [-50.6667335, 64.5521611], [-50.6528569, 64.5682409], [-50.7540778, 64.5564244], [-50.7697754, 64.5633548], [-50.7702496, 64.5776771], [-50.7798554, 64.5852729], [-50.8021659, 64.5924706], [-50.8017064, 64.6008996], [-50.813099, 64.597387], [-50.8020584, 64.5914011], [-50.8160894, 64.5739052], [-50.8312814, 64.5702146], [-50.8964268, 64.5674503], [-50.9228688, 64.5760454], [-50.9255044, 64.591647], [-50.8852186, 64.6159163], [-50.7879061, 64.6406154], [-50.7676319, 64.640329], [-50.7706504, 64.6359862], [-50.7540313, 64.6275201], [-50.662621, 64.6128496], [-50.5633764, 64.6217093], [-50.5877287, 64.6271499], [-50.5602481, 64.6309068], [-50.5553325, 64.6398431], [-50.5678638, 64.6393687], [-50.5504223, 64.6482676], [-50.5052734, 64.6378938], [-50.4815995, 64.6442062], [-50.4870279, 64.6567565], [-50.50323, 64.6518246], [-50.5711534, 64.6576634], [-50.580607, 64.6445203], [-50.6209671, 64.6373402], [-50.6936864, 64.6665356], [-50.6933061, 64.6736955], [-50.5359054, 64.6948952], [-50.4834171, 64.6897348], [-50.4277506, 64.6662574], [-50.4138895, 64.6723411], [-50.3241207, 64.6566135], [-50.2927189, 64.6365182], [-50.2723782, 64.5832233], [-50.2316561, 64.5336127], [-50.239914, 64.5158543], [-50.1943602, 64.4926181], [-50.1842438, 64.4836063], [-50.180547, 64.4649805], [-50.1687872, 64.4721998], [-50.1641505, 64.4631], [-50.1441567, 64.4671712], [-50.1336158, 64.458162], [-50.0861072, 64.4515268], [-50.0655959, 64.4359607], [-50.0191444, 64.4243315], [-49.9568924, 64.392979], [-49.8773633, 64.386845], [-49.8264901, 64.366131], [-49.8168244, 64.347261], [-49.7876125, 64.3466101], [-49.782887, 64.3444713], [-49.7914481, 64.3399694], [-49.7827825, 64.3349328], [-49.7435591, 64.3291049], [-49.7095807, 64.3115149], [-49.6863557, 64.3111997], [-49.6574527, 64.2956984], [-49.6291383, 64.2967673], [-49.6083356, 64.3072928], [-49.582663, 64.3055674], [-49.5805999, 64.3133123], [-49.6031182, 64.3234832], [-49.6023732, 64.335071], [-49.6382993, 64.3436771], [-49.6506856, 64.3590587], [-49.707619, 64.3556102], [-49.7438355, 64.3651109], [-49.76435, 64.3805899], [-49.7458302, 64.3926188], [-49.7677599, 64.39699], [-49.74847, 64.4050101], [-49.7717699, 64.39984], [-49.7788601, 64.4132], [-49.80919, 64.4093501], [-49.9035194, 64.4273936], [-49.9091185, 64.4305502], [-49.885465, 64.443025], [-50.0453647, 64.4871317], [-50.0497087, 64.4972504], [-50.107164, 64.5214456], [-50.1011118, 64.5363807], [-50.1322475, 64.5543325], [-50.13691, 64.5760993], [-50.1680978, 64.6069692], [-50.1662961, 64.626908], [-50.1326836, 64.6341314], [-50.1343012, 64.6395118], [-50.1149583, 64.6504936], [-50.0157739, 64.6238773], [-49.955349, 64.6309755], [-49.9477959, 64.640728], [-49.9623871, 64.6572469], [-49.9953462, 64.6622153], [-50.0746534, 64.6920332], [-50.1295102, 64.6889611], [-50.1816148, 64.6739692], [-50.2026165, 64.6885632], [-50.2504495, 64.7008107], [-50.2388458, 64.7183464], [-50.2182696, 64.726679], [-50.219149, 64.7376809], [-50.162373, 64.7542505], [-50.1402986, 64.7515667], [-50.1447894, 64.7610554], [-50.1353022, 64.7673943], [-50.168504, 64.7691186], [-50.1420848, 64.7992119], [-50.1543496, 64.8122482], [-50.1800211, 64.8141943], [-50.2453308, 64.7646699], [-50.3375346, 64.7183089], [-50.357473, 64.7224887], [-50.3475148, 64.7385571], [-50.3578113, 64.7460186], [-50.3864862, 64.7356546], [-50.3797731, 64.7282101], [-50.4716549, 64.7414805], [-50.5746153, 64.7414285], [-50.5962316, 64.7570889], [-50.5901571, 64.7823901], [-50.6129154, 64.7839857], [-50.6058281, 64.7972652], [-50.6208382, 64.8127061], [-50.5849626, 64.8278966], [-50.6252314, 64.8254462], [-50.5951898, 64.8465934], [-50.6180824, 64.8425623], [-50.6287439, 64.8537133], [-50.6706862, 64.8646811], [-50.6724216, 64.870311], [-50.6380397, 64.8776477], [-50.6611962, 64.8782135], [-50.6427914, 64.8822623], [-50.652422, 64.8820292], [-50.651721, 64.8896996], [-50.6580484, 64.8892027], [-50.651076, 64.8930226], [-50.6612833, 64.895092], [-50.6565131, 64.8915008], [-50.66676, 64.8903728], [-50.6635515, 64.8823107], [-50.6705046, 64.8795131], [-50.6645519, 64.8743851], [-50.6896955, 64.8849247], [-50.6836191, 64.8898983], [-50.6991521, 64.900288], [-50.6887176, 64.9174004], [-50.7001024, 64.9230498], [-50.7017539, 64.9371182], [-50.6860415, 64.9401547], [-50.7297249, 64.9438205], [-50.7032884, 64.9619269], [-50.711685, 64.9659144], [-50.7372074, 64.9494599], [-50.7369721, 64.9428105], [-50.7035373, 64.9394234], [-50.7127603, 64.922819], [-50.7025809, 64.9169173], [-50.7153498, 64.9059459], [-50.7297187, 64.9144117], [-50.7334044, 64.9072579], [-50.7166, 64.9016008], [-50.7340421, 64.9036788], [-50.7395535, 64.8942265], [-50.6997915, 64.8969648], [-50.6932653, 64.8885123], [-50.7319013, 64.8768232], [-50.7108812, 64.8734594], [-50.7139894, 64.8640034], [-50.7259973, 64.8658161], [-50.7119105, 64.8616978], [-50.7147153, 64.8522411], [-50.7248756, 64.8578864], [-50.7618691, 64.8556486], [-50.7456726, 64.8520416], [-50.756837, 64.8469455], [-50.7763386, 64.8505564], [-50.762871, 64.8441423], [-50.7484218, 64.8471873], [-50.7514688, 64.8425893], [-50.7267622, 64.8497065], [-50.7460685, 64.8418129], [-50.7123494, 64.8486564], [-50.7220256, 64.8427928], [-50.7069797, 64.8450656], [-50.6873317, 64.8294258], [-50.6597331, 64.8273194], [-50.6544468, 64.8181007], [-50.6399906, 64.8217741], [-50.6425224, 64.811935], [-50.6696698, 64.8004897], [-50.6734192, 64.7880945], [-50.6835811, 64.7908022], [-50.7329973, 64.7663488], [-50.6671149, 64.7644255], [-50.6546647, 64.7541675], [-50.6537305, 64.7335782], [-50.728068, 64.7203074], [-50.7157703, 64.7522514], [-50.7034367, 64.7575977], [-50.7435947, 64.7546037], [-50.7550938, 64.741325], [-50.8414141, 64.7202163], [-50.8250756, 64.7030638], [-50.8758831, 64.6841352], [-50.8910751, 64.6694137], [-51.0150938, 64.6521991], [-51.0277176, 64.6429795], [-51.0369015, 64.6494113], [-51.0499477, 64.6405166], [-51.0593462, 64.6439168], [-51.0435534, 64.6551987], [-51.065011, 64.6517815], [-51.0837221, 64.6362336], [-51.07162, 64.6368219], [-51.074667, 64.6271323], [-51.03158, 64.6354431], [-51.0209239, 64.6453002], [-51.0002089, 64.6356821], [-51.0445404, 64.6080373], [-51.0634232, 64.614367], [-51.1416578, 64.6073564], [-51.133976, 64.6162804], [-51.1705399, 64.6066387], [-51.2312639, 64.6163503], [-51.2092027, 64.6186399], [-51.205232, 64.6359348], [-51.1923874, 64.6381797], [-51.2048292, 64.6436228], [-51.1818266, 64.6638314], [-51.1983919, 64.6742239], [-51.1807537, 64.6815659], [-51.1761189, 64.6949234], [-51.1508846, 64.7007194], [-51.1656475, 64.7143607], [-51.1185265, 64.7106577], [-51.0949523, 64.7192549], [-51.0871214, 64.7245262], [-51.1086988, 64.7325751], [-51.0943651, 64.7414396], [-51.1024332, 64.7437102], [-51.0952663, 64.7499534], [-51.0457, 64.73641], [-51.0510899, 64.7405], [-51.0310501, 64.7461299], [-51.06816, 64.7453599], [-51.0310699, 64.7640299], [-51.05592, 64.76095], [-51.0631601, 64.7766801], [-51.0948799, 64.7677099], [-51.12336, 64.7714], [-51.11914, 64.76577], [-51.1475799, 64.7614], [-51.20301, 64.76466], [-51.2008399, 64.75443], [-51.2449765, 64.747189], [-51.2430024, 64.7385278], [-51.257894, 64.7279768], [-51.2969041, 64.7193828], [-51.3020539, 64.6980417], [-51.2855315, 64.6910343], [-51.2974405, 64.6855207], [-51.2933421, 64.6923552], [-51.2989855, 64.6919608], [-51.3202929, 64.6778952], [-51.3058734, 64.6803546], [-51.3134694, 64.6706072], [-51.3078475, 64.6648782], [-51.3399911, 64.6284012], [-51.3721132, 64.6245669], [-51.3732719, 64.6395884], [-51.3821554, 64.6278219], [-51.4008299, 64.63102], [-51.4007101, 64.6225801], [-51.39243, 64.6269499], [-51.3964801, 64.6184999], [-51.4306283, 64.6106871], [-51.4423013, 64.5899048], [-51.422174, 64.5621766], [-51.4336324, 64.5405639], [-51.4331603, 64.5238818], [-51.4665055, 64.4905792], [-51.5018887, 64.4829699], [-51.4803672, 64.4784154], [-51.4868903, 64.4673746], [-51.533947, 64.4451407], [-51.5457487, 64.4529889], [-51.5444613, 64.4430487], [-51.5689015, 64.4478527], [-51.5708971, 64.4566716], [-51.5821838, 64.4497129], [-51.600616, 64.4540346], [-51.5741596, 64.4422907], [-51.5555763, 64.443493], [-51.546092, 64.4332345], [-51.5573359, 64.4234724], [-51.5883422, 64.4226664], [-51.5831065, 64.414828], [-51.588428, 64.407006], [-51.6086411, 64.4032053], [-51.6291976, 64.3812812], [-51.6460848, 64.3817729], [-51.6630525, 64.3716154], [-51.6597962, 64.3663769], [-51.6713682, 64.3651244], [-51.6677999, 64.3578446], [-51.6838503, 64.3551887], [-51.6966495, 64.3637294], [-51.6890216, 64.3543436], [-51.7239275, 64.359496], [-51.7106509, 64.3504242], [-51.7402463, 64.3512627], [-51.7327369, 64.3484562], [-51.7423694, 64.3459948], [-51.7186804, 64.3424512], [-51.6884208, 64.3474332], [-51.6728854, 64.3360794], [-51.6864038, 64.326952], [-51.6928731, 64.3046688], [-51.677649, 64.3113857], [-51.6942289, 64.2972967], [-51.6836143, 64.2955687], [-51.6955447, 64.2858693], [-51.7216587, 64.2803851], [-51.7300718, 64.2924672], [-51.7353916, 64.2711368], [-51.7459424, 64.279486], [-51.7460346, 64.2636837], [-51.7645741, 64.2343738], [-51.7855657, 64.2376701], [-51.7834568, 64.2250447], [-51.7925549, 64.2182512], [-51.8161643, 64.2184802], [-51.8154716, 64.2126136], [-51.8454009, 64.2076308], [-51.8408775, 64.2040242], [-51.8668082, 64.2025624], [-51.8535295, 64.2004264], [-51.8736649, 64.2000648], [-51.8890321, 64.2068969], [-51.8771746, 64.1980167], [-51.8904877, 64.1948344], [-51.9036198, 64.1985331], [-51.9004149, 64.2067438], [-51.943831, 64.2157842], [-51.9368773, 64.2250083], [-51.9423985, 64.2242814], [-51.9536086, 64.2128879], [-51.9392434, 64.2063185], [-51.9660448, 64.2105502], [-51.9272068, 64.1936779], [-51.9691, 64.19805], [-51.97053, 64.1884501], [-52.0087599, 64.1912599], [-52.0169501, 64.1983699], [-52.0011999, 64.2092301], [-52.0200701, 64.2169299], [-52.01149, 64.2096701], [-52.02823, 64.1939299], [-52.01593, 64.1947901], [-51.99299, 64.1767899], [-52.07693, 64.1637899], [-52.06482, 64.1688701], [-52.0751399, 64.17774], [-52.0606501, 64.1824501], [-52.07304, 64.18441], [-52.0751199, 64.19271], [-52.0837899, 64.18919], [-52.08763, 64.1973501], [-52.0776, 64.1961399], [-52.0913401, 64.20218], [-52.07806, 64.2079199], [-52.08895, 64.2160101], [-52.0438, 64.2125899], [-52.08373, 64.21784], [-52.0733, 64.2214999], [-52.0806799, 64.2224701], [-52.0722399, 64.22432], [-52.0762499, 64.2294], [-52.10165, 64.2253799], [-52.10083, 64.23434], [-52.0903499, 64.2367199], [-52.0951499, 64.2293501], [-52.09007, 64.22956], [-52.0716699, 64.2399201], [-52.09174, 64.2418201], [-52.0851101, 64.25313], [-52.0985601, 64.25098], [-52.1022301, 64.2399399], [-52.10776, 64.24579], [-52.1120299, 64.2350201], [-52.10518, 64.2253501], [-52.1203501, 64.2229299], [-52.1339499, 64.2253799], [-52.1279399, 64.23123], [-52.14532, 64.2299101], [-52.13222, 64.24023], [-52.155, 64.24389], [-52.1497101, 64.2460699], [-52.15964, 64.24923], [-52.14877, 64.2564801], [-52.1757101, 64.2539599], [-52.1630401, 64.2602], [-52.16899, 64.2619301], [-52.1554999, 64.2630699], [-52.15288, 64.2567001], [-52.1150499, 64.2662], [-52.13855, 64.2655099], [-52.12833, 64.2888599], [-52.1169299, 64.27881], [-52.1201499, 64.29046], [-52.1030199, 64.2892999], [-52.11795, 64.2943199], [-52.11106, 64.2987201], [-52.1205999, 64.30171], [-52.11665, 64.3058401], [-52.126, 64.3039701], [-52.1168199, 64.3101801], [-52.13451, 64.3103001], [-52.10942, 64.3166301], [-52.09887, 64.3034101], [-52.0781199, 64.2999899], [-52.09182, 64.3037301], [-52.09573, 64.31316], [-52.0879901, 64.31117], [-52.08975, 64.3259899], [-52.0793201, 64.3306699], [-52.11709, 64.3459901], [-52.09228, 64.3599901], [-52.1409201, 64.3657601], [-52.1167199, 64.38052], [-52.12677, 64.38786], [-52.1178199, 64.39305], [-52.1272501, 64.39221], [-52.11499, 64.40551], [-52.12655, 64.40398], [-52.06736, 64.4177199], [-52.10965, 64.4152699], [-52.1150499, 64.41199], [-52.10962, 64.4093501], [-52.14712, 64.4010101], [-52.14355, 64.4076801], [-52.15101, 64.4091599], [-52.1266901, 64.40756], [-52.1265999, 64.4198399], [-52.1038901, 64.42129], [-52.12445, 64.42497], [-52.10053, 64.4261699], [-52.1241301, 64.4316199], [-52.1198001, 64.43421], [-52.13143, 64.4412], [-52.13145, 64.42977], [-52.14164, 64.4255901], [-52.1351699, 64.42668], [-52.1375801, 64.42052], [-52.1591401, 64.4197099], [-52.1474901, 64.4242799], [-52.15832, 64.4282899], [-52.14309, 64.4391501], [-52.1602799, 64.4326199], [-52.16287, 64.43797], [-52.1464999, 64.4429599], [-52.1723701, 64.44557], [-52.14966, 64.44754], [-52.14409, 64.45602], [-52.1728399, 64.4493999], [-52.1694901, 64.4542899], [-52.1767499, 64.45781], [-52.14778, 64.45932], [-52.1498201, 64.45633], [-52.14057, 64.4568201], [-52.13422, 64.4466299], [-52.12834, 64.457], [-52.13823, 64.47192], [-52.11987, 64.47232], [-52.10397, 64.46733], [-52.1259001, 64.46521], [-52.0958901, 64.46057], [-52.09171, 64.4648599], [-52.10318, 64.46989], [-52.0950299, 64.47379], [-52.1212599, 64.4771701], [-52.0954401, 64.48401], [-52.10939, 64.47699], [-52.09243, 64.4827599], [-52.08038, 64.4777201], [-52.0771399, 64.4861999], [-52.06463, 64.4847499], [-52.0751199, 64.47982], [-52.0604301, 64.48325], [-52.0398501, 64.4724001], [-52.0628801, 64.4852801], [-52.0121801, 64.49356], [-52.0743101, 64.4895399], [-52.06796, 64.49394], [-52.0775401, 64.4961701], [-52.05692, 64.50016], [-52.10651, 64.4936499], [-52.11407, 64.50459], [-52.11319, 64.4974399], [-52.13242, 64.49627], [-52.13589, 64.50136], [-52.1088901, 64.50847], [-52.11688, 64.5153101], [-52.13186, 64.5041999], [-52.1195601, 64.52271], [-52.1094699, 64.5227899], [-52.11298, 64.5363201], [-52.1213799, 64.52372], [-52.1293899, 64.5305599], [-52.12734, 64.5241901], [-52.15397, 64.52193], [-52.1467101, 64.52583], [-52.15568, 64.5342001], [-52.13886, 64.54405], [-52.1484801, 64.5467899], [-52.1406199, 64.5528999], [-52.15354, 64.5539099], [-52.1334, 64.5556], [-52.14055, 64.5466799], [-52.1278199, 64.55027], [-52.1120299, 64.54195], [-52.1059101, 64.55964], [-52.12142, 64.55364], [-52.11475, 64.55037], [-52.12786, 64.55104], [-52.1236099, 64.5636], [-52.0875, 64.56772], [-52.0770299, 64.5585799], [-52.0632199, 64.5704501], [-52.0676501, 64.5773301], [-52.0400701, 64.5718901], [-52.0526799, 64.57487], [-52.05359, 64.5830499], [-52.033739018146996, 64.59242106829372], [-51.8428148, 64.6097402], [-51.7329106, 64.6294553], [-51.7067218, 64.6454504], [-51.709423, 64.6535193], [-51.6946987, 64.6635512], [-51.6931224, 64.6806227], [-51.6441112, 64.7077983], [-51.6011966, 64.7563567], [-51.5649079, 64.7737365], [-51.5248723, 64.7797028], [-51.540673, 64.7962674], [-51.5350788, 64.8050877], [-51.4495985, 64.8309814], [-51.4681403, 64.8430968], [-51.4607293, 64.875266], [-51.2143201, 64.9034859], [-51.0504433, 64.9007166], [-50.9823271, 64.928616], [-50.9781924, 64.9440407], [-50.8643512, 64.9642031], [-50.8283526, 64.995312], [-50.8324041, 65.0477433], [-50.8716171, 65.1117288], [-50.8564548, 65.1279733], [-50.7581564, 65.1600234], [-50.4969884, 65.2677529], [-50.3189596, 65.318714], [-50.0998952, 65.3586164], [-49.9952914, 65.3655583], [-43.9999975, 65.3649944], [-43.9999972, 71.0], [-28.8215056, 70.99959], [-27.926948525346273, 71.11390522271554], [-27.9139577, 71.096546], [-27.8375992, 71.0512723], [-27.8189777, 71.0218475], [-27.7612251, 70.9950758], [-27.6982042, 70.99047], [-27.6970799, 70.9838722], [-27.6270143, 70.9503171], [-27.5992983, 70.9212173], [-27.6860887, 70.9198039], [-27.7889729, 70.9429736], [-27.8771211, 70.9535361], [-27.9881001, 70.953424], [-28.033848, 70.9683196], [-28.1262875, 70.9564768], [-28.117447, 70.9547964], [-28.1194211, 70.9492221], [-28.1849528, 70.938279], [-28.2979348, 70.9648808], [-28.3167547, 70.9570631], [-28.3485878, 70.9575381], [-28.3537293, 70.9539394], [-28.3473225, 70.9456505], [-28.3926126, 70.9348459], [-28.2092945, 70.9124196], [-28.0809156, 70.9071207], [-28.0345718, 70.869045], [-27.9007793, 70.8624321], [-27.8724214, 70.8563656], [-27.8698342, 70.8366473], [-27.9337696, 70.7848762], [-27.9509284, 70.7634383], [-27.9421435, 70.7546977], [-27.9911045, 70.6856487], [-28.0280307, 70.6625459], [-28.1017076, 70.6384193], [-28.1109639, 70.6126771], [-28.2872132, 70.5995579], [-28.2525043, 70.5780249], [-28.1870783, 70.5757707], [-28.2276695, 70.5617514], [-28.2557875, 70.5413679], [-28.3492793, 70.5147605], [-28.4486378, 70.5210194], [-28.5188926, 70.4970597], [-28.7058488, 70.499705], [-28.9210749, 70.4594165], [-28.9310766, 70.4430356], [-29.0418977, 70.4438735], [-29.0835384, 70.4534412], [-29.1075466, 70.431653], [-29.1011055, 70.4263155], [-29.1102413, 70.4167059], [-29.1381456, 70.4013027], [-29.0818661, 70.3902986], [-29.0853707, 70.3830672], [-29.0774393, 70.379487], [-29.0205576, 70.3703009], [-28.8921105, 70.3922098], [-28.8526454, 70.4159696], [-28.7702857, 70.4379227], [-28.6355622, 70.4535534], [-28.4840299, 70.4517669], [-28.4076405, 70.47711], [-28.2785398, 70.4788876], [-28.2649042, 70.489956], [-28.2325374, 70.4915867], [-28.2242579, 70.4765176], [-28.2678224, 70.4721185], [-28.2508116, 70.453819], [-28.2633251, 70.4154596], [-28.2388253, 70.3896868], [-28.1751214, 70.3646778], [-28.1646502, 70.3530878], [-28.0601872, 70.3660229], [-27.9334261, 70.3623989], [-27.8230478, 70.3841941], [-27.5119399, 70.4178925], [-27.4886271, 70.4124352], [-27.1958944, 70.4317169], [-27.1372795, 70.4431448], [-26.9855112, 70.430957], [-26.9566737, 70.4427994], [-26.8759331, 70.4417302], [-26.7968476, 70.4665931], [-26.6405863, 70.4731362], [-26.5644265, 70.4687328], [-26.570263, 70.464342], [-26.5222377, 70.4680193], [-26.4623153, 70.4551241], [-26.4375672, 70.4360803], [-26.3894586, 70.4220571], [-26.384139, 70.4114752], [-26.2989522, 70.3806785], [-26.3150884, 70.3817447], [-26.299038, 70.3777675], [-26.3071061, 70.371829], [-26.2970639, 70.3645044], [-26.3605786, 70.3472207], [-26.4332772, 70.3388766], [-26.4382554, 70.333129], [-26.4078713, 70.3304424], [-26.4379121, 70.3185362], [-26.473961, 70.3222937], [-26.5354862, 70.3012649], [-26.7378046, 70.2918956], [-26.8200304, 70.3008086], [-26.8780519, 70.3177557], [-26.9585611, 70.3122046], [-27.0690496, 70.2784776], [-27.0378137, 70.2771042], [-27.0464344, 70.2717923], [-27.1245577, 70.2725515], [-27.2673799, 70.2411801], [-27.2660066, 70.2343892], [-27.2902109, 70.2280025], [-27.378988, 70.1772835], [-27.4898531, 70.1619884], [-27.6459952, 70.1280686], [-27.6762363, 70.1140067], [-27.7572156, 70.1011971], [-27.8566075, 70.0967562], [-27.9603556, 70.1267122], [-28.0914538, 70.1459162], [-28.2031542, 70.1379132], [-28.3188604, 70.0958846], [-28.3824036, 70.0838125], [-28.4767799, 70.1058959], [-28.4872914, 70.0789538], [-28.4560563, 70.061383], [-28.4675826, 70.0565787], [-28.4300333, 70.0443959], [-28.382255, 70.0544409], [-28.3340836, 70.0511235], [-28.2555486, 70.0662285], [-28.0590822, 70.0792755], [-28.0165102, 70.065175], [-28.0005457, 70.0483707], [-27.9682878, 70.0373707], [-28.0005859, 70.0169519], [-27.9381438, 69.9996019], [-27.8323175, 70.0246927], [-27.5391199, 70.0580334], [-27.4543191, 70.057887], [-27.4738225, 70.0420841], [-27.4650064, 70.0302815], [-27.4673654, 69.9979347], [-27.4776651, 69.9874217], [-27.4723436, 69.9790779], [-27.4470633, 69.9776748], [-27.4182613, 69.9626017], [-27.3665143, 69.9666736], [-27.3400401, 69.955808], [-27.2563732, 69.9733051], [-27.2428919, 69.9981921], [-27.2214122, 70.009645], [-27.2120286, 70.0378325], [-27.1396966, 70.1027432], [-27.1546956, 70.1243511], [-27.135193, 70.1459342], [-27.1457956, 70.1611448], [-27.0455244, 70.202307], [-27.0216825, 70.2040766], [-27.0227625, 70.1951673], [-26.9535831, 70.1969703], [-26.8577791, 70.2480874], [-26.5980886, 70.2399859], [-26.5485274, 70.2321994], [-26.5671556, 70.2269644], [-26.5740946, 70.2189027], [-26.5683748, 70.2163273], [-26.4345736, 70.1980221], [-26.3779164, 70.1994126], [-26.3615228, 70.1853355], [-26.2422181, 70.1996743], [-26.243058, 70.2071181], [-26.1948532, 70.223937], [-26.0891827, 70.2500452], [-26.0060818, 70.2577567], [-25.9359431, 70.2824547], [-25.7864056, 70.3097825], [-25.7416447, 70.3110553], [-25.6601029, 70.3412092], [-25.5727388, 70.3509153], [-25.2588566, 70.4123819], [-25.1948736, 70.4080024], [-25.2536646, 70.3712761], [-25.3847696, 70.3622258], [-25.2637642, 70.3603615], [-25.3195383, 70.3243457], [-25.3288632, 70.303642], [-25.3111452, 70.2778696], [-25.275024, 70.2662546], [-25.188644, 70.2691061], [-25.1821833, 70.2778645], [-25.1886784, 70.2861054], [-25.1759312, 70.3011953], [-25.0994546, 70.3468847], [-25.0557594, 70.3473526], [-25.0464904, 70.3636945], [-25.0193363, 70.3665769], [-24.8822068, 70.338635], [-24.881093, 70.3152772], [-24.8632892, 70.2938344], [-24.8458707, 70.2902118], [-24.8452985, 70.2824355], [-24.809099, 70.2896704], [-24.8207141, 70.2965151], [-24.8143415, 70.3003208], [-24.8344401, 70.3243758], [-24.8285216, 70.3280131], [-24.6488573, 70.2795615], [-24.6128084, 70.2760858], [-24.597273, 70.2655391], [-24.4748998, 70.2468301], [-24.4558062, 70.2371379], [-24.4749245, 70.2295353], [-24.4629076, 70.2192066], [-24.3372407, 70.220656], [-24.2705156, 70.2124341], [-24.2569207, 70.2038991], [-24.238076, 70.2112769], [-24.1143565, 70.1897527], [-23.9762608, 70.1834909], [-23.9141466, 70.1638525], [-23.8799324, 70.1250027], [-23.8311077, 70.1266005], [-23.8314736, 70.1457711], [-23.8087143, 70.1492132], [-23.6126809, 70.1323583], [-23.603758, 70.1286387], [-23.5996929, 70.1130332], [-23.5759019, 70.1084907], [-23.5147552, 70.1184931], [-23.4542155, 70.1080984], [-23.4141288, 70.1133325], [-23.3507972, 70.1035962], [-23.2664664, 70.1055583], [-23.2285343, 70.0968927], [-23.1486946, 70.0993512], [-23.1210194, 70.0894637], [-23.0981994, 70.09806], [-22.8902058, 70.0932555], [-22.8944884, 70.0883113], [-22.882762, 70.0827552], [-22.7910348, 70.0904891], [-22.7657551, 70.0839533], [-22.7551712, 70.0733359], [-22.7275566, 70.0776378], [-22.734172, 70.089381], [-22.7231564, 70.0913702], [-22.3010018, 70.1206085], [-22.2377473, 70.132637], [-22.1930314, 70.153127], [-22.0832379, 70.1563244], [-22.0443825, 70.1461885], [-22.0975982, 70.0898796], [-22.1736696, 70.0555929], [-22.2441084, 70.0391912], [-22.321043, 69.9944554], [-22.367601, 69.9804073], [-22.423336, 69.9732137], [-22.4213665, 69.9854664], [-22.4417814, 69.9973936], [-22.4447037, 70.0083681], [-22.4694976, 70.0093966], [-22.475386, 70.0025792], [-22.468038, 69.9944967], [-22.4870498, 69.979666], [-22.5160143, 69.9793034], [-22.5132354, 69.9747605], [-22.5266375, 69.9721698], [-22.5238611, 69.9860704], [-22.5314996, 69.9922116], [-22.5651159, 69.9816354], [-22.5433277, 69.9745184], [-22.5732565, 69.9428659], [-22.744446, 69.9521436], [-22.7391245, 69.9562625], [-22.7969744, 69.9625568], [-22.8113939, 69.950849], [-22.8021242, 69.9496131], [-22.8270724, 69.9465409], [-22.8350023, 69.9482226], [-22.8098526, 69.9563794], [-22.8160387, 69.9653401], [-22.8616079, 69.9723689], [-22.8692728, 69.9686017], [-22.8597426, 69.9633341], [-22.8652054, 69.9603057], [-22.9209996, 69.9587922], [-22.928467, 69.9496719], [-22.9255929, 69.9298286], [-22.7845424, 69.9052283], [-22.7663081, 69.899221], [-22.7667633, 69.8930774], [-22.8461553, 69.8862459], [-22.9103995, 69.8962754], [-22.9467134, 69.9110337], [-22.9415547, 69.9164374], [-22.9630566, 69.9365582], [-22.955761, 69.942991], [-22.985647, 69.9524507], [-23.0588866, 69.9400324], [-23.0724049, 69.9242023], [-23.0666542, 69.9133868], [-23.0279446, 69.8955747], [-23.011714, 69.8787598], [-23.1948424, 69.883047], [-23.199606, 69.8632738], [-23.1016732, 69.8504164], [-23.0455192, 69.858404], [-23.0546836, 69.8544329], [-22.8791142, 69.8204], [-22.9059288, 69.8013677], [-22.8977962, 69.7977421], [-22.9393673, 69.7903259], [-22.9514769, 69.7728883], [-22.975589, 69.7637601], [-23.0233071, 69.7620218], [-23.1247476, 69.7822372], [-23.1916971, 69.8034572], [-23.1959766, 69.8063133], [-23.1878279, 69.8104535], [-23.2057611, 69.812679], [-23.2537948, 69.8503184], [-23.278588, 69.860269], [-23.3691859, 69.8591071], [-23.3553415, 69.8684433], [-23.3742714, 69.8700097], [-23.3960295, 69.8640273], [-23.3794261, 69.8532978], [-23.3216695, 69.8499957], [-23.2940001, 69.8384096], [-23.2085375, 69.7662113], [-23.2129343, 69.7538356], [-23.2702173, 69.7651737], [-23.4127237, 69.7560367], [-23.4760668, 69.7674974], [-23.4812166, 69.7636382], [-23.4599306, 69.7519972], [-23.511944, 69.7367235], [-23.6007355, 69.7252422], [-23.6947104, 69.7442775], [-23.8418186, 69.7559866], [-23.8754897, 69.748438], [-23.8402581, 69.7487354], [-23.8263285, 69.7396321], [-23.7542106, 69.727725], [-23.6838009, 69.7277008], [-23.6784555, 69.7175117], [-23.6460115, 69.7039995], [-23.6010157, 69.6544029], [-23.5430304, 69.624531], [-23.6363985, 69.6280042], [-23.7059202, 69.6122153], [-23.7053129, 69.6023189], [-23.6403467, 69.6081554], [-23.6492548, 69.6117976], [-23.6231945, 69.608397], [-23.6041063, 69.6004746], [-23.6007333, 69.5908571], [-23.6065264, 69.5809123], [-23.6932148, 69.5429235], [-23.776723, 69.5166869], [-23.8782645, 69.5283302], [-23.9365336, 69.546881], [-23.9325623, 69.5753164], [-23.9687543, 69.6023755], [-24.0210144, 69.5935659], [-24.0078232, 69.5754153], [-24.0319442, 69.5536732], [-24.1365088, 69.5740528], [-24.2214757, 69.5788513], [-24.2916607, 69.596933], [-24.3156776, 69.5921088], [-24.2263986, 69.5595315], [-24.1616518, 69.555478], [-24.1052057, 69.5375185], [-24.0625025, 69.5143983], [-24.0495677, 69.4706045], [-24.0564086, 69.4643847], [-24.1555147, 69.4709234], [-24.1536879, 69.4634075], [-24.1064848, 69.4484933], [-24.1279984, 69.4319773], [-24.0800963, 69.4254671], [-24.0656832, 69.414377], [-24.0742763, 69.4110294], [-24.1238042, 69.4101888], [-24.2718143, 69.4369167], [-24.3138436, 69.4312847], [-24.3499898, 69.4473491], [-24.3467334, 69.4365813], [-24.3290763, 69.4309919], [-24.3225749, 69.408688], [-24.3364268, 69.3935553], [-24.353908, 69.3912884], [-24.3581947, 69.3709069], [-24.4157567, 69.3507303], [-24.4592047, 69.3505728], [-24.5160108, 69.3728983], [-24.4495584, 69.3843023], [-24.5273606, 69.3767058], [-24.6186448, 69.394303], [-24.6903993, 69.398743], [-24.701908, 69.4057573], [-24.6898193, 69.4221202], [-24.7241954, 69.4409786], [-24.7271826, 69.4494478], [-24.8001947, 69.4812826], [-24.8369723, 69.4746986], [-24.7437142, 69.4280189], [-24.754893, 69.4023855], [-24.7396945, 69.3889462], [-24.6476752, 69.3716218], [-24.6376897, 69.3659715], [-24.645939, 69.3612617], [-24.6365929, 69.3519693], [-24.5970157, 69.3230486], [-24.5984583, 69.3138585], [-24.684661, 69.2997837], [-24.6914114, 69.2923258], [-24.7406994, 69.2945575], [-24.7314264, 69.2847676], [-24.7496225, 69.2721948], [-24.6554261, 69.2819981], [-24.6047524, 69.2790946], [-24.5934053, 69.2647792], [-24.6057721, 69.2548841], [-24.6584531, 69.2419454], [-24.8241027, 69.2269935], [-24.7697068, 69.2640519], [-24.853501, 69.2455768], [-25.0813776, 69.2851116], [-25.0911427, 69.2983647], [-25.1198225, 69.2978537], [-25.1669788, 69.2858792], [-25.2355959, 69.2878034], [-25.2526308, 69.2787283], [-25.2151095, 69.24594], [-25.4244234, 69.246419], [-25.4395375, 69.2247598], [-25.1978302, 69.216349], [-25.1814366, 69.2045136], [-25.1474314, 69.213518], [-25.0192662, 69.2110086], [-24.9962641, 69.2020349], [-24.9831851, 69.1771736], [-25.0138092, 69.1691975], [-25.0129846, 69.1596481], [-24.9913481, 69.1556316], [-25.0118566, 69.1460456], [-25.0999555, 69.1445393], [-25.1540012, 69.1338953], [-25.0484284, 69.1035883], [-25.0864213, 69.0942346], [-25.1373732, 69.0981752], [-25.1780654, 69.0917765], [-25.2161189, 69.0986305], [-25.2661287, 69.1193419], [-25.2723799, 69.1359056], [-25.3214394, 69.1250601], [-25.3717015, 69.129939], [-25.3774672, 69.124587], [-25.3243015, 69.1073763], [-25.2980828, 69.0779861], [-25.2418521, 69.052622], [-25.243157, 69.0444979], [-25.280725, 69.0260836], [-25.3405061, 69.0239545], [-25.3456042, 69.0200652], [-25.3381999, 69.0136104], [-25.3479105, 69.0090453], [-25.4151566, 69.0247801], [-25.4252314, 69.0375075], [-25.3814122, 69.0487301], [-25.3771638, 69.0522889], [-25.3840826, 69.0566498], [-25.4711142, 69.0594264], [-25.5151459, 69.0487577], [-25.6314232, 69.079431], [-25.63499, 69.0842065], [-25.6219012, 69.103059], [-25.6320177, 69.1060545], [-25.6516129, 69.0839462], [-25.6724072, 69.0792142], [-25.6618375, 69.0671187], [-25.6125266, 69.0499506], [-25.589181, 69.0250526], [-25.7251231, 69.003729], [-25.7766724, 69.0067822], [-25.7398081, 68.9935867], [-25.6863248, 68.9880132], [-25.5696488, 68.9966018], [-25.5188176, 68.9803176], [-25.5148423, 68.9679873], [-25.5234453, 68.958543], [-25.9377628, 68.9674648], [-25.9514238, 68.9601166], [-25.9520333, 68.9507895], [-25.8590539, 68.9436166], [-25.8242474, 68.9263944], [-25.7417608, 68.9134522], [-25.7348514, 68.9034989], [-25.6785879, 68.909519], [-25.6763997, 68.892286], [-25.7294051, 68.8685638], [-25.7630369, 68.8652653], [-25.8113613, 68.8805682], [-25.8484587, 68.8738196], [-25.935645, 68.8904854], [-25.9279062, 68.8746562], [-25.8915249, 68.8647496], [-25.8847558, 68.8548559], [-25.9760785, 68.8558866], [-26.0922912, 68.8826622], [-26.1728573, 68.8714926], [-26.1614514, 68.8620004], [-26.076479, 68.8503904], [-26.0526902, 68.8294929], [-26.0481978, 68.8080554], [-26.0586906, 68.7996687], [-26.0973788, 68.8048438], [-26.170128, 68.7970068], [-26.2189543, 68.8059663], [-26.2456889, 68.8010453], [-26.3400866, 68.8070362], [-26.3612717, 68.817001], [-26.4016916, 68.8094439], [-26.4168836, 68.8016551], [-26.4145914, 68.7855854], [-26.3395483, 68.7708099], [-26.3285631, 68.7625893], [-26.3451319, 68.7505605], [-26.383671, 68.7426404], [-26.3574523, 68.7428165], [-26.3447677, 68.7350917], [-26.4296723, 68.6997009], [-26.5078211, 68.6895188], [-26.5334416, 68.6903922], [-26.5466166, 68.7004336], [-26.5448571, 68.7130413], [-26.5685481, 68.7170888], [-26.6118102, 68.6948953], [-26.652261, 68.6858304], [-26.7380787, 68.6847715], [-26.7679752, 68.6982454], [-26.7374601, 68.7213048], [-26.7412387, 68.7341369], [-26.74922, 68.7342045], [-26.8195153, 68.7134932], [-26.8502633, 68.6755927], [-26.898226, 68.672043], [-26.9273707, 68.6901651], [-26.9453434, 68.7353875], [-27.0053336, 68.7777973], [-27.0084289, 68.7926876], [-27.0430231, 68.7980878], [-27.0727249, 68.789606], [-27.0767499, 68.7718715], [-27.1149445, 68.7619555], [-27.0993728, 68.7502186], [-27.0778658, 68.7506353], [-27.0304874, 68.715207], [-27.0507434, 68.6991242], [-27.0517749, 68.6773026], [-27.0341134, 68.6433371], [-27.0501209, 68.6166589], [-27.0912338, 68.6098044], [-27.1569371, 68.6175273], [-27.1839789, 68.6308191], [-27.234453, 68.6241839], [-27.3157025, 68.6375303], [-27.3533232, 68.6340448], [-27.3801641, 68.6436446], [-27.3984647, 68.63635], [-27.368896, 68.6121207], [-27.2431075, 68.5726961], [-27.2674297, 68.5596109], [-27.4712706, 68.5549085], [-27.5429386, 68.5723635], [-27.5005153, 68.5905595], [-27.4753804, 68.6152028], [-27.4805833, 68.6333639], [-27.5048733, 68.6440873], [-27.528185, 68.6366693], [-27.5209237, 68.6328635], [-27.5235845, 68.6203826], [-27.543068, 68.6068303], [-27.6001454, 68.6041376], [-27.6362801, 68.5860634], [-27.649777, 68.5638188], [-27.7413014, 68.5639323], [-27.7605864, 68.5552373], [-27.7864346, 68.5657065], [-27.8043931, 68.5531225], [-27.7851965, 68.5382993], [-27.6300574, 68.5176447], [-27.6207018, 68.5123791], [-27.623552, 68.5035358], [-27.674212, 68.4928537], [-27.7970881, 68.4914409], [-27.8367314, 68.4976903], [-27.9375697, 68.5326098], [-27.9435541, 68.5775068], [-27.9544679, 68.5890163], [-27.9753203, 68.6034628], [-28.0286167, 68.6195776], [-28.0893317, 68.5954326], [-28.0404227, 68.556689], [-28.0333829, 68.5416051], [-28.0316822, 68.5001606], [-28.0226796, 68.4767313], [-28.036329, 68.4678404], [-28.06253, 68.4867208], [-28.0842296, 68.4898152], [-28.1239915, 68.4668477], [-28.150879, 68.4681941], [-28.1454379, 68.4701232], [-28.170836, 68.4853506], [-28.2743176, 68.5190964], [-28.3745958, 68.5367162], [-28.4418871, 68.531942], [-28.4487031, 68.5272597], [-28.4363939, 68.5194363], [-28.3681448, 68.5193776], [-28.3768274, 68.5105713], [-28.3045284, 68.498619], [-28.2783335, 68.4827899], [-28.2516424, 68.451699], [-28.2632249, 68.4431291], [-28.3084547, 68.4375237], [-28.4310091, 68.465666], [-28.4504297, 68.472763], [-28.4515993, 68.4867234], [-28.4978398, 68.4843965], [-28.5150497, 68.4801132], [-28.5293633, 68.4634951], [-28.5076131, 68.4363435], [-28.5215808, 68.4269868], [-28.5960818, 68.4296196], [-28.6364866, 68.4413393], [-28.676085, 68.4339525], [-28.6679651, 68.4148471], [-28.622368, 68.3924834], [-28.6210626, 68.3839447], [-28.6368125, 68.3779914], [-28.7270166, 68.3907736], [-28.7733708, 68.3869756], [-28.7783434, 68.4080889], [-28.7932831, 68.4214863], [-28.841286, 68.4168283], [-28.8485527, 68.4028293], [-28.841343, 68.4000806], [-28.8635139, 68.3771211], [-28.8579083, 68.3594588], [-28.8417077, 68.3529691], [-28.8666415, 68.3387722], [-28.8964677, 68.3425935], [-28.9417715, 68.36955], [-28.952408, 68.3863479], [-28.9917185, 68.3853362], [-28.9893982, 68.3720606], [-29.0045124, 68.3648886], [-29.1252065, 68.390252], [-29.1323569, 68.4038478], [-29.1146064, 68.4116655], [-29.1550403, 68.4131274], [-29.2311002, 68.4442565], [-29.2355635, 68.4595772], [-29.2711279, 68.467623], [-29.2868774, 68.4517908], [-29.2901244, 68.4326012], [-29.2455197, 68.4079309], [-29.2117882, 68.3991801], [-29.2238689, 68.3842848], [-29.1972184, 68.3818343], [-29.1572859, 68.3591049], [-29.1129113, 68.3501827], [-29.1062165, 68.3349305], [-29.1396096, 68.3275689], [-29.1179427, 68.3224132], [-29.111995, 68.3106629], [-29.1329942, 68.2965052], [-29.1802122, 68.2943505], [-29.1850068, 68.2807891], [-29.2057026, 68.2774199], [-29.2175374, 68.2850335], [-29.2185692, 68.3035515], [-29.2102218, 68.3122471], [-29.2589092, 68.309765], [-29.2731786, 68.3215467], [-29.2634505, 68.3394336], [-29.2966183, 68.3398256], [-29.3220177, 68.3310875], [-29.3900529, 68.3263697], [-29.3524545, 68.3213371], [-29.3423494, 68.3128946], [-29.3408624, 68.3038993], [-29.3694592, 68.2623866], [-29.4294119, 68.2666378], [-29.4239035, 68.2853787], [-29.4547749, 68.2762578], [-29.5184827, 68.288033], [-29.5349837, 68.2811576], [-29.4696236, 68.2639044], [-29.4105721, 68.2368705], [-29.4309871, 68.2283283], [-29.5256072, 68.2338907], [-29.6518151, 68.2698487], [-29.6412548, 68.276746], [-29.65312, 68.2850672], [-29.5899402, 68.3202834], [-29.613792, 68.3253947], [-29.7003987, 68.3053015], [-29.7815161, 68.3217427], [-29.798913, 68.3326093], [-29.7916603, 68.3446959], [-29.7987199, 68.3473088], [-29.8018098, 68.3669435], [-29.8007895, 68.3832576], [-29.7830774, 68.3950088], [-29.8237322, 68.397716], [-29.8555185, 68.4352989], [-29.920568, 68.4210253], [-29.9574877, 68.4425827], [-29.9989399, 68.4422147], [-30.0397439, 68.4172664], [-30.0496538, 68.4005668], [-30.0351764, 68.3892991], [-30.0450511, 68.3740848], [-30.0359988, 68.3567286], [-30.0882913, 68.3395722], [-30.090008, 68.3245507], [-29.9894028, 68.2761054], [-30.0768045, 68.2653577], [-30.1549725, 68.2936743], [-30.2558502, 68.2970522], [-30.2982332, 68.2917478], [-30.3229484, 68.2746595], [-30.2853586, 68.2657639], [-30.2039911, 68.2676708], [-30.1342711, 68.2488621], [-30.1085011, 68.2260182], [-30.1356032, 68.2200461], [-30.10322, 68.2102372], [-30.0856658, 68.1877435], [-30.0998571, 68.1858646], [-30.0543238, 68.1747525], [-30.0343725, 68.1614901], [-30.0320033, 68.152872], [-30.0550545, 68.1443866], [-30.1427014, 68.1561027], [-30.1376439, 68.1454025], [-30.1439305, 68.1292582], [-30.1830187, 68.1246176], [-30.230442, 68.1356047], [-30.2525773, 68.1490199], [-30.266212, 68.1468794], [-30.2618663, 68.1422801], [-30.2872986, 68.1218293], [-30.3370477, 68.1302033], [-30.3347889, 68.1221192], [-30.3591158, 68.1193722], [-30.3884101, 68.130143], [-30.3919603, 68.1390435], [-30.3856754, 68.1418308], [-30.4222984, 68.1622378], [-30.4058161, 68.1986884], [-30.4124368, 68.2096213], [-30.4033757, 68.2166059], [-30.4111842, 68.2181682], [-30.3912718, 68.2233057], [-30.4122787, 68.2385181], [-30.3998567, 68.2511389], [-30.4081393, 68.2535817], [-30.4048112, 68.2678054], [-30.4468627, 68.2697135], [-30.4538311, 68.2550989], [-30.4748728, 68.2488489], [-30.5615618, 68.2535558], [-30.6343308, 68.2656995], [-30.6721336, 68.2873367], [-30.7500466, 68.294713], [-30.7704737, 68.3066006], [-30.8298685, 68.295811], [-30.8369066, 68.2918748], [-30.8350204, 68.2831341], [-30.8518901, 68.2824306], [-30.8530351, 68.2766699], [-30.7207982, 68.2491108], [-30.7229307, 68.2371662], [-30.5063057, 68.2020362], [-30.4937258, 68.1928089], [-30.4948241, 68.1668532], [-30.4661245, 68.1220693], [-30.4697871, 68.1146849], [-30.5193331, 68.0993155], [-30.4623897, 68.1061905], [-30.4551175, 68.0934472], [-30.5196659, 68.0825537], [-30.5605636, 68.0871972], [-30.5651706, 68.0922619], [-30.5471159, 68.0987614], [-30.5366126, 68.1156161], [-30.5504003, 68.116984], [-30.553837, 68.1096859], [-30.5946581, 68.1014795], [-30.6188107, 68.1150933], [-30.6433489, 68.1147921], [-30.6410468, 68.0976572], [-30.6865506, 68.0900818], [-30.7325664, 68.0897734], [-30.7476594, 68.0968868], [-30.7502796, 68.1075775], [-30.7923768, 68.1185131], [-30.8055894, 68.11335], [-30.7819055, 68.1058933], [-30.7857515, 68.1003399], [-30.877207, 68.0972377], [-30.9931548, 68.1585555], [-31.0194276, 68.1874988], [-30.9701586, 68.2066182], [-30.9749174, 68.2180234], [-30.9929467, 68.2201411], [-31.0324234, 68.2005062], [-31.0606075, 68.2001761], [-31.0674516, 68.1935704], [-31.1376204, 68.2047513], [-31.1762079, 68.2027868], [-31.1794141, 68.196474], [-31.1001043, 68.1835268], [-31.0326106, 68.1416563], [-31.0085781, 68.1349929], [-31.0094312, 68.1269748], [-31.1832449, 68.1372632], [-31.1460687, 68.1286223], [-30.9817026, 68.1182749], [-30.9453124, 68.1023216], [-30.9125556, 68.0753953], [-30.9303776, 68.0700389], [-30.9802145, 68.0761723], [-31.0287342, 68.0646788], [-31.0694478, 68.080522], [-31.0946456, 68.0601764], [-31.1155635, 68.0610314], [-31.1858033, 68.0840211], [-31.213258, 68.0809954], [-31.2648502, 68.0903988], [-31.2876731, 68.0997128], [-31.2846414, 68.109374], [-31.3260379, 68.1047423], [-31.4258778, 68.1215536], [-31.4795898, 68.1426717], [-31.4739865, 68.1518765], [-31.3916313, 68.1519698], [-31.3298416, 68.1612083], [-31.328188, 68.1676666], [-31.5155395, 68.1645081], [-31.519398, 68.1402], [-31.5120037, 68.1290702], [-31.4324884, 68.0948509], [-31.4850495, 68.0857242], [-31.5991357, 68.0829203], [-31.6404673, 68.1033168], [-31.6079256, 68.120867], [-31.6126719, 68.1227027], [-31.7002584, 68.104688], [-31.7174864, 68.1125337], [-31.7052556, 68.1197478], [-31.7057705, 68.1308763], [-31.7145253, 68.1356235], [-31.7089034, 68.1396347], [-31.7152119, 68.1453705], [-31.7075301, 68.1483577], [-31.7220784, 68.1531173], [-31.7105341, 68.1570136], [-31.7363263, 68.1567262], [-31.740178, 68.1418498], [-31.7651525, 68.1459506], [-31.7490996, 68.1500394], [-31.7598724, 68.1513833], [-31.7476734, 68.1541161], [-31.7554115, 68.1546243], [-31.7191484, 68.1624143], [-31.7352963, 68.1643095], [-31.6890132, 68.174775], [-31.7021851, 68.1797234], [-31.6849488, 68.1931081], [-31.7686726, 68.2127032], [-31.7177221, 68.2273857], [-31.7046735, 68.2388864], [-31.7260369, 68.2407088], [-31.7136558, 68.2435548], [-31.6974815, 68.2405513], [-31.7014265, 68.2360624], [-31.6944166, 68.2326528], [-31.6874675, 68.2384701], [-31.5765538, 68.2333393], [-31.5149246, 68.2560263], [-31.5256978, 68.2750427], [-31.5536835, 68.2794716], [-31.6203141, 68.2628463], [-31.647749, 68.2753921], [-31.7403603, 68.2720878], [-31.7769242, 68.2853974], [-31.8025874, 68.274623], [-31.834837, 68.2840793], [-31.8830998, 68.2818244], [-31.8890191, 68.2978106], [-31.8995316, 68.3022456], [-31.9177951, 68.2987025], [-31.92078, 68.2789533], [-31.9398587, 68.2749553], [-32.0069409, 68.2782787], [-32.0272066, 68.2871757], [-32.0304921, 68.2761316], [-32.0468011, 68.2768374], [-32.0564633, 68.2903602], [-32.0416152, 68.2947177], [-32.0844401, 68.3117201], [-32.1194133, 68.3726944], [-32.2160321, 68.4069907], [-32.20318, 68.4518929], [-32.1933748, 68.4597033], [-32.1868395, 68.5022798], [-32.228704, 68.5047826], [-32.2584568, 68.465945], [-32.3175597, 68.4259335], [-32.3807351, 68.4481466], [-32.3840911, 68.4542246], [-32.3658521, 68.48114], [-32.364865, 68.4983579], [-32.3936963, 68.5165423], [-32.4014509, 68.5479313], [-32.4204116, 68.5590217], [-32.4180531, 68.5809417], [-32.4717428, 68.602657], [-32.4730479, 68.6111228], [-32.4438998, 68.6187561], [-32.4513053, 68.629995], [-32.5675712, 68.6394601], [-32.5866868, 68.6269675], [-32.5701978, 68.6193585], [-32.5728242, 68.6040615], [-32.5666787, 68.5982774], [-32.5298574, 68.5742829], [-32.5289695, 68.5542618], [-32.6239147, 68.5737636], [-32.732134, 68.5751241], [-32.8759006, 68.6067678], [-32.9172708, 68.5993778], [-32.9206184, 68.5698251], [-32.8446581, 68.5473288], [-32.7716252, 68.5366961], [-32.7783261, 68.5283795], [-32.7716252, 68.5249666], [-32.630907, 68.516539], [-32.6232957, 68.5114667], [-32.6307324, 68.5020013], [-32.6674781, 68.4967991], [-32.6619426, 68.4909246], [-32.6288676, 68.4926257], [-32.5816701, 68.4696494], [-32.5682684, 68.447506], [-32.5437262, 68.4381961], [-32.5343471, 68.4215768], [-32.5154115, 68.4144682], [-32.5205527, 68.4042759], [-32.4985887, 68.3910897], [-32.412758, 68.3784426], [-32.3839189, 68.363067], [-32.2889902, 68.3635734], [-32.2462465, 68.3510377], [-32.2223856, 68.3208096], [-32.2261621, 68.3151651], [-32.2057118, 68.2989627], [-32.2229863, 68.2964141], [-32.187737, 68.2733931], [-32.1878816, 68.2574987], [-32.1614457, 68.2558135], [-32.1444512, 68.240164], [-32.1441079, 68.2271463], [-32.129449, 68.2217008], [-32.1082307, 68.1932148], [-32.2451306, 68.21995], [-32.2262479, 68.2360271], [-32.2700257, 68.2283958], [-32.3955919, 68.2352952], [-32.4238277, 68.2303157], [-32.4962912, 68.2412626], [-32.5071718, 68.2335129], [-32.4844265, 68.2209532], [-32.4887248, 68.1956938], [-32.4542622, 68.1903684], [-32.4420747, 68.2100449], [-32.3582338, 68.2100631], [-32.2227922, 68.1808475], [-32.2159314, 68.1723491], [-32.2361269, 68.1581084], [-32.2298501, 68.1527135], [-32.2036933, 68.149358], [-32.1130622, 68.1626627], [-32.0501394, 68.1461649], [-31.9903351, 68.1446055], [-31.9861573, 68.139377], [-32.003609, 68.1332565], [-32.0698903, 68.1284347], [-32.0433282, 68.1159584], [-32.0258333, 68.0966901], [-32.0368196, 68.0915025], [-32.0299532, 68.0887482], [-32.0332315, 68.0826196], [-32.0460078, 68.0785949], [-32.0333864, 68.0727279], [-32.0440294, 68.0710611], [-32.035618, 68.0644571], [-32.0568187, 68.0705348], [-32.0598223, 68.0641364], [-32.0171335, 68.0557842], [-32.0165535, 68.0434216], [-32.0380213, 68.0411674], [-32.0835114, 68.0584925], [-32.0677187, 68.0651624], [-32.1037903, 68.0680567], [-32.1136084, 68.0630121], [-32.1086798, 68.0589582], [-32.1139813, 68.0463984], [-32.1370699, 68.0518849], [-32.133465, 68.0588132], [-32.1592571, 68.0382145], [-32.1377565, 68.0252426], [-32.1521761, 68.0221269], [-32.1475411, 68.0163442], [-32.1192171, 68.0212596], [-32.0747261, 68.0156204], [-32.1371556, 68.0021705], [-32.1253969, 67.9999843], [-32.1314909, 67.9926201], [-32.1247961, 67.9865727], [-32.0644571, 67.9923307], [-32.1058274, 67.978625], [-32.1211912, 67.9613044], [-32.107732, 67.9587498], [-32.1145822, 67.9560863], [-32.1104624, 67.9507382], [-32.0356736, 67.9315217], [-32.1039392, 67.943713], [-32.13295, 67.9381686], [-32.1312334, 67.9311395], [-32.099991, 67.9204306], [-32.1094324, 67.9140416], [-32.0988576, 67.9071627], [-32.110634, 67.901775], [-32.143593, 67.9077154], [-32.1525194, 67.9023562], [-32.1581842, 67.9144289], [-32.1530344, 67.9205596], [-32.1651365, 67.9293013], [-32.2186888, 67.9330164], [-32.1923985, 67.9106863], [-32.2008419, 67.9046162], [-32.1914864, 67.8979483], [-32.2040607, 67.8927807], [-32.1791268, 67.8774162], [-32.1465627, 67.8719191], [-32.1543059, 67.8529863], [-32.1758071, 67.8425386], [-32.2566158, 67.859718], [-32.345702, 67.8990816], [-32.4505235, 67.8697867], [-32.5012923, 67.865874], [-32.5475681, 67.8731732], [-32.6004236, 67.8516905], [-32.6018272, 67.844033], [-32.5778104, 67.827035], [-32.6342735, 67.8261653], [-32.6604653, 67.8030844], [-32.6767732, 67.805808], [-32.6659585, 67.8082396], [-32.6706792, 67.8103791], [-32.6626111, 67.8222079], [-32.7133371, 67.8089852], [-32.7200319, 67.7988687], [-32.7142137, 67.7879611], [-32.7408299, 67.7797649], [-32.7136029, 67.7694217], [-32.724227, 67.7658602], [-32.7266997, 67.7551906], [-32.7580787, 67.7482194], [-32.8022298, 67.7512507], [-32.8100731, 67.7415213], [-32.7986528, 67.7292312], [-32.8894617, 67.7020216], [-32.9357975, 67.6993002], [-32.9482149, 67.6799239], [-32.9771166, 67.689193], [-33.0658871, 67.679449], [-33.1325889, 67.687093], [-33.1638942, 67.6963383], [-33.1527898, 67.7051033], [-33.2108154, 67.705039], [-33.3185196, 67.7524304], [-33.3824732, 67.7502352], [-33.3885688, 67.7416923], [-33.3581387, 67.7345756], [-33.2487206, 67.6814753], [-33.3098604, 67.6680632], [-33.3074571, 67.6612134], [-33.3459093, 67.6425458], [-33.345566, 67.6347088], [-33.3289148, 67.6274573], [-33.2870294, 67.625105], [-33.2035561, 67.6487054], [-33.1574017, 67.6516034], [-33.0833196, 67.6423507], [-33.1111003, 67.6305634], [-33.1318254, 67.6312733], [-33.1181505, 67.6232733], [-33.1378556, 67.6161182], [-33.1347122, 67.6011242], [-33.183346, 67.5946997], [-33.1739903, 67.5838359], [-33.2171981, 67.5731358], [-33.2025981, 67.5631133], [-33.2214548, 67.5621588], [-33.2240297, 67.5531153], [-33.2574371, 67.5506548], [-33.2711245, 67.5406187], [-33.3354922, 67.5464192], [-33.3837634, 67.5719125], [-33.4346582, 67.5669412], [-33.4396123, 67.5605561], [-33.4258176, 67.5449863], [-33.3888246, 67.5259641], [-33.4087847, 67.5232409], [-33.4095957, 67.5130991], [-33.3640901, 67.5128251], [-33.3399011, 67.5041682], [-33.3723451, 67.484916], [-33.3260155, 67.4892696], [-33.3130361, 67.4769938], [-33.3354044, 67.4716592], [-33.3277132, 67.4608453], [-33.3929895, 67.4489535], [-33.575163, 67.4374747], [-33.5694189, 67.4181539], [-33.5305763, 67.4142382], [-33.5166478, 67.3935682], [-33.4948897, 67.3875688], [-33.4938222, 67.3744543], [-33.5603103, 67.4006258], [-33.5385258, 67.3767077], [-33.5645199, 67.3735659], [-33.5993243, 67.38111], [-33.6531273, 67.3682975], [-33.6083674, 67.3584136], [-33.621765, 67.3513361], [-33.6169488, 67.3381583], [-33.6054685, 67.3346162], [-33.5646165, 67.3499649], [-33.5439586, 67.3498754], [-33.4556222, 67.3320226], [-33.520124, 67.33428], [-33.5592842, 67.3253481], [-33.5628891, 67.3205416], [-33.5494996, 67.3164707], [-33.5026125, 67.3202909], [-33.4589753, 67.31238], [-33.4763718, 67.3024488], [-33.4708357, 67.292188], [-33.4768868, 67.2865546], [-33.528588, 67.2851567], [-33.5316554, 67.2769348], [-33.3673284, 67.2543753], [-33.4711743, 67.2516267], [-33.4836161, 67.2363086], [-33.542502, 67.2299438], [-33.6158173, 67.2380111], [-33.6207014, 67.2478562], [-33.6048174, 67.2547927], [-33.6180997, 67.2624904], [-33.641038, 67.258899], [-33.6808726, 67.2326153], [-33.7397862, 67.2289442], [-33.7437861, 67.2146279], [-33.631434, 67.2156128], [-33.6082457, 67.212109], [-33.5997173, 67.2000144], [-33.5784576, 67.206549], [-33.5596767, 67.2005334], [-33.5627465, 67.1874158], [-33.6006117, 67.1587295], [-33.5915697, 67.1510201], [-33.5563157, 67.1536167], [-33.5494761, 67.1449201], [-33.5564626, 67.1434311], [-33.5536627, 67.1361117], [-33.5948183, 67.1284248], [-33.5903469, 67.1186525], [-33.5994946, 67.0975181], [-33.5612812, 67.0857052], [-33.5966503, 67.0783945], [-33.7047979, 67.1013195], [-33.7132399, 67.0965134], [-33.7085499, 67.0933494], [-33.7372641, 67.0868994], [-33.72194, 67.0676779], [-33.7387024, 67.0537437], [-33.8597775, 67.0440784], [-33.8568593, 67.0374158], [-33.8706043, 67.0289878], [-33.9480973, 67.0195617], [-33.8993613, 67.0110175], [-33.7944896, 67.0331968], [-33.7955151, 67.0244926], [-33.7568044, 67.021493], [-33.7522193, 67.0043718], [-33.7920116, 67.0014625], [-33.7599711, 66.9876134], [-33.8114529, 66.9940613], [-33.9037908, 66.9865191], [-34.050712, 67.0137549], [-34.101258, 67.0095854], [-33.9617257, 66.9782675], [-33.8835989, 66.9693011], [-33.8854546, 66.9571601], [-33.9366267, 66.9485603], [-34.0391194, 66.9560896], [-34.0488611, 66.9500178], [-33.9785092, 66.9300634], [-33.9705431, 66.9138565], [-34.0273615, 66.9044952], [-34.0306595, 66.8956551], [-34.0651184, 66.9151616], [-34.0845681, 66.9151563], [-34.0696263, 66.8878072], [-34.1116435, 66.8749811], [-34.0865348, 66.8691745], [-34.0387701, 66.878693], [-34.030364, 66.8564963], [-34.085397, 66.851131], [-34.0400167, 66.8493868], [-34.0369082, 66.8437954], [-34.0562911, 66.8316896], [-34.0586028, 66.8158015], [-34.0374577, 66.8099668], [-34.0279678, 66.7935877], [-34.0080269, 66.7832577], [-33.9781199, 66.7771257], [-33.9554463, 66.7820463], [-33.9540196, 66.7647343], [-33.9442691, 66.7604339], [-34.0069772, 66.7353933], [-34.003029, 66.7453582], [-34.0135003, 66.7546755], [-33.9952184, 66.7714039], [-34.0249158, 66.7632105], [-34.0754494, 66.7980247], [-34.1374398, 66.8120938], [-34.1393148, 66.8068143], [-34.0931905, 66.780715], [-34.0970627, 66.7731513], [-34.0632221, 66.7628881], [-34.0485313, 66.7335622], [-34.0600834, 66.7267582], [-34.1013791, 66.7476432], [-34.1120815, 66.7421839], [-34.0978625, 66.7300823], [-34.1330186, 66.7237453], [-34.1009331, 66.711063], [-34.11238, 66.6968421], [-34.1302858, 66.6928036], [-34.1929297, 66.7030705], [-34.1614215, 66.6966299], [-34.1716184, 66.6805008], [-34.1515498, 66.6701462], [-34.1577721, 66.6487448], [-34.1919342, 66.6468083], [-34.2193957, 66.6350835], [-34.2424377, 66.6084394], [-34.2213811, 66.6037746], [-34.2221921, 66.5931425], [-34.259578, 66.5911977], [-34.2720042, 66.581268], [-34.3384588, 66.5703231], [-34.3382591, 66.5828658], [-34.2819524, 66.6161211], [-34.2673169, 66.6358645], [-34.281206, 66.6979425], [-34.3194089, 66.6941882], [-34.3091153, 66.6633357], [-34.3114443, 66.6430679], [-34.3296487, 66.6202575], [-34.3413388, 66.6182785], [-34.3367717, 66.6293683], [-34.3443988, 66.6302181], [-34.3495426, 66.6117958], [-34.3819734, 66.5869642], [-34.3972683, 66.5845924], [-34.4242411, 66.5978853], [-34.4277393, 66.6404082], [-34.3867818, 66.6806636], [-34.4085778, 66.6899292], [-34.3994738, 66.6953022], [-34.4232278, 66.7218248], [-34.4221912, 66.74021], [-34.4489882, 66.7443616], [-34.4669438, 66.722711], [-34.4468972, 66.6996407], [-34.4434994, 66.6730689], [-34.4798322, 66.6682357], [-34.4803954, 66.674152], [-34.5075933, 66.6778499], [-34.4762489, 66.6624225], [-34.483595, 66.6489974], [-34.5742083, 66.6330353], [-34.5509506, 66.6244206], [-34.5000629, 66.6247993], [-34.5088853, 66.5966668], [-34.556574, 66.5878397], [-34.5382411, 66.5783524], [-34.5319737, 66.5589632], [-34.4904974, 66.566169], [-34.4406217, 66.5464836], [-34.4417143, 66.5224238], [-34.4726946, 66.5147656], [-34.5311963, 66.5376685], [-34.5486147, 66.5376685], [-34.5857335, 66.5228707], [-34.5561219, 66.5049811], [-34.5604993, 66.4970412], [-34.5833302, 66.4996767], [-34.6068785, 66.4853466], [-34.6366173, 66.4836758], [-34.6400161, 66.474714], [-34.6661134, 66.4840632], [-34.6900258, 66.481036], [-34.7095685, 66.4539444], [-34.6915628, 66.4498291], [-34.6948864, 66.4388692], [-34.7180435, 66.4358541], [-34.7161437, 66.4279902], [-34.7461048, 66.3977227], [-34.7203481, 66.4051683], [-34.7087666, 66.4181868], [-34.6826091, 66.4235862], [-34.6771792, 66.4203655], [-34.6819379, 66.4127108], [-34.6648525, 66.4167388], [-34.6609443, 66.4057862], [-34.6817064, 66.3838463], [-34.6883144, 66.3631233], [-34.7364483, 66.3579246], [-34.7399744, 66.3790075], [-34.7517813, 66.3776891], [-34.7548781, 66.3924983], [-34.7761691, 66.3976911], [-34.7703813, 66.3632113], [-34.7762684, 66.3526361], [-34.7664363, 66.3336287], [-34.8108625, 66.3432377], [-34.8063713, 66.3308147], [-34.8234863, 66.315777], [-34.8729468, 66.3085361], [-34.8890331, 66.3175567], [-34.8647137, 66.3388045], [-34.8628144, 66.3498608], [-34.8740693, 66.3560424], [-34.8762879, 66.3711792], [-34.9158588, 66.3720549], [-34.9005341, 66.3481078], [-34.9057233, 66.3383666], [-34.9987878, 66.3457955], [-34.9339485, 66.3302441], [-34.9502708, 66.2917273], [-35.0174563, 66.2882863], [-35.1685047, 66.3311733], [-35.1641291, 66.3430769], [-35.1372559, 66.3549616], [-35.1319469, 66.3739595], [-35.1424229, 66.3762385], [-35.1247326, 66.4066637], [-35.1273926, 66.4178711], [-35.1666769, 66.410185], [-35.1786361, 66.3868191], [-35.1948114, 66.3744573], [-35.2363301, 66.3826086], [-35.2687045, 66.3681504], [-35.2406834, 66.3614834], [-35.2453424, 66.3561001], [-35.2348917, 66.3504999], [-35.2441001, 66.3454611], [-35.2442265, 66.3357137], [-35.2336859, 66.3253486], [-35.261086, 66.316416], [-35.2038065, 66.3069662], [-35.1589051, 66.288286], [-35.0796894, 66.2768854], [-35.0581027, 66.2659063], [-35.0754834, 66.2646799], [-35.0994201, 66.2495117], [-35.2131558, 66.2464839], [-35.2531314, 66.2576657], [-35.2691603, 66.254901], [-35.3068614, 66.2740406], [-35.4736436, 66.2961866], [-35.4581272, 66.3196266], [-35.4682246, 66.3283252], [-35.4955217, 66.3242027], [-35.5264783, 66.2920554], [-35.5993169, 66.2909449], [-35.6331041, 66.3266273], [-35.6500339, 66.3330129], [-35.6474496, 66.3383561], [-35.6790041, 66.3452215], [-35.7048652, 66.3708054], [-35.7324451, 66.382149], [-35.7261636, 66.3885648], [-35.7320024, 66.392149], [-35.7923349, 66.4082247], [-35.8035093, 66.4213419], [-35.7060183, 66.4475757], [-35.7152414, 66.4533372], [-35.7679452, 66.4412021], [-35.8164214, 66.4400708], [-35.9628351, 66.4580729], [-35.9817696, 66.4463651], [-35.9545613, 66.4248678], [-35.924263, 66.4267386], [-35.8767866, 66.3993933], [-35.8172028, 66.386439], [-35.8190668, 66.3816242], [-35.7486534, 66.340476], [-35.6759586, 66.3296939], [-35.6752303, 66.3190924], [-35.7018132, 66.3086084], [-35.696351, 66.2972418], [-35.7022987, 66.2932647], [-35.8742376, 66.269511], [-35.8416463, 66.2593362], [-35.8454395, 66.2501961], [-35.8275052, 66.2491328], [-35.7935483, 66.2639416], [-35.7595611, 66.2625124], [-35.7245724, 66.2736322], [-35.6982708, 66.2706733], [-35.655098, 66.279324], [-35.6027842, 66.2608794], [-35.5480242, 66.2554194], [-35.6097371, 66.2385296], [-35.6806319, 66.2340218], [-35.7275464, 66.2170907], [-35.6906319, 66.217374], [-35.6594754, 66.229105], [-35.6234682, 66.2231866], [-35.599548, 66.1783657], [-35.6007672, 66.1678813], [-35.5756189, 66.1532245], [-35.5710698, 66.1374481], [-35.6050587, 66.1417707], [-35.5863476, 66.1229995], [-35.6147147, 66.1179614], [-35.6440258, 66.1259698], [-35.6330824, 66.1483659], [-35.6435538, 66.1513332], [-35.6478882, 66.1632337], [-35.6654835, 66.164413], [-35.6768132, 66.1924579], [-35.7686986, 66.2088228], [-35.8057385, 66.2072437], [-35.7675147, 66.1915137], [-35.707326, 66.1839246], [-35.7163812, 66.1740363], [-35.6984639, 66.1554279], [-35.6968213, 66.1258418], [-35.9062386, 66.1551329], [-35.9170533, 66.1505003], [-35.9021187, 66.1482965], [-35.8971405, 66.1386634], [-35.9029586, 66.1332315], [-35.9515524, 66.1119585], [-36.0070938, 66.1081124], [-36.011467, 66.0971904], [-35.9220626, 66.1025817], [-35.8825524, 66.125805], [-35.8131213, 66.0994099], [-35.7527333, 66.0985493], [-35.7309451, 66.0889573], [-35.7320679, 66.0801615], [-35.8695889, 66.0791519], [-35.87181, 66.0913925], [-35.9216984, 66.0946391], [-35.9288354, 66.0922744], [-35.904462, 66.0861282], [-35.9062827, 66.0771715], [-35.9522673, 66.0787208], [-35.9975476, 66.0664544], [-35.9501624, 66.0691008], [-35.8747816, 66.0595203], [-35.894812, 66.0444305], [-35.9283852, 66.0510047], [-35.9331885, 66.0480277], [-35.9266678, 66.0320194], [-35.9543215, 66.0309519], [-35.908238, 66.0202101], [-35.9128814, 66.0110578], [-35.9629136, 66.0061088], [-35.9413682, 65.9949954], [-35.959239, 65.9888719], [-35.9585524, 65.9783046], [-35.9847307, 65.9853878], [-36.0130763, 65.9789598], [-36.0126901, 65.9720408], [-36.0584378, 65.9675408], [-36.0819555, 65.9728359], [-36.0721493, 65.9648491], [-36.0769344, 65.9613093], [-36.0273242, 65.9512029], [-36.0445631, 65.9510119], [-36.0474086, 65.9395353], [-36.0953669, 65.9212787], [-36.1329845, 65.9355056], [-36.1031354, 65.9634377], [-36.1099632, 65.9734354], [-36.1278065, 65.9730647], [-36.1267607, 65.9659198], [-36.1440415, 65.9522368], [-36.1596392, 65.9555259], [-36.157424, 65.9488359], [-36.1815405, 65.9257005], [-36.2445617, 65.9318444], [-36.1971402, 65.9530391], [-36.2055087, 65.9572795], [-36.1916685, 65.9714904], [-36.2061095, 65.9814927], [-36.2078586, 65.9940485], [-36.230011, 65.992925], [-36.2151416, 65.9774506], [-36.222893, 65.9752666], [-36.2305927, 65.9495589], [-36.2564118, 65.9399917], [-36.2741944, 65.9432823], [-36.2834537, 65.9513515], [-36.2653542, 65.95943], [-36.2661696, 65.9791257], [-36.248746, 66.0018435], [-36.2570286, 66.0118426], [-36.2753964, 66.0036063], [-36.2862111, 65.9734475], [-36.3750458, 65.9819382], [-36.3064242, 65.9642199], [-36.3368511, 65.9587306], [-36.3220668, 65.9477487], [-36.3148624, 65.9278595], [-36.3392998, 65.920537], [-36.3207604, 65.9115004], [-36.3413125, 65.9030034], [-36.3815412, 65.9053634], [-36.3898597, 65.9153694], [-36.3764898, 65.952076], [-36.3891743, 65.9584313], [-36.3803269, 66.0113554], [-36.4040162, 66.015054], [-36.3510624, 66.0622672], [-36.306373, 66.0793635], [-36.3471601, 66.0928739], [-36.4273621, 66.0662905], [-36.5787792, 66.0802004], [-36.6288926, 66.0992087], [-36.667216, 66.1024077], [-36.676798, 66.0955326], [-36.6676881, 66.0856662], [-36.6280862, 66.0623515], [-36.5597535, 66.0490128], [-36.4642693, 66.0426021], [-36.4795472, 66.018752], [-36.4757706, 65.9982315], [-36.5112729, 65.9759798], [-36.7161894, 65.9321343], [-36.7499982, 65.9169965], [-36.8122501, 65.9386304], [-36.8388739, 65.9280223], [-36.9050637, 65.9225189], [-36.8772035, 65.9050772], [-36.876968, 65.8956466], [-36.8633458, 65.9022245], [-36.8742346, 65.914768], [-36.8628216, 65.9131631], [-36.8578674, 65.9203594], [-36.8049181, 65.909638], [-36.8345834, 65.8695321], [-36.9693212, 65.8279446], [-36.9748076, 65.8313014], [-36.9662206, 65.8359687], [-36.9868183, 65.8430801], [-37.0085644, 65.8278878], [-37.0286036, 65.8394388], [-37.0042384, 65.8444839], [-37.0232587, 65.8432614], [-37.0114375, 65.8501556], [-37.0233676, 65.8532568], [-36.9230507, 65.8637638], [-36.9040476, 65.8747343], [-36.8780816, 65.8770277], [-36.8748721, 65.8892708], [-36.8817824, 65.8945199], [-36.8964779, 65.8759744], [-36.9207289, 65.8823137], [-36.924421, 65.8750649], [-36.9624462, 65.8629895], [-37.0236088, 65.8655507], [-37.0145821, 65.8712883], [-37.0324918, 65.8738213], [-37.0162484, 65.8789586], [-37.0182289, 65.8958584], [-37.0453331, 65.9086921], [-37.053942, 65.9222427], [-37.088537, 65.935467], [-37.0697381, 65.9569436], [-37.0864249, 65.9706589], [-37.050426, 65.9844883], [-37.059648, 65.9927892], [-37.0273376, 66.0416946], [-37.0298052, 66.0642348], [-37.0621848, 66.0660107], [-37.0801997, 66.0160525], [-37.080551, 65.9927737], [-37.0686201, 65.9804892], [-37.0976732, 65.972541], [-37.0974133, 65.9912644], [-37.1363317, 66.0084332], [-37.1762212, 66.0641368], [-37.2535042, 66.1125095], [-37.2556096, 66.1054748], [-37.1872736, 66.0412354], [-37.1656912, 65.9965669], [-37.1062864, 65.9651429], [-37.1337945, 65.9446867], [-37.168749, 65.934061], [-37.1323099, 65.9288876], [-37.117927, 65.9136665], [-37.1279955, 65.904159], [-37.117396, 65.889651], [-37.0972077, 65.8809583], [-37.1557061, 65.8776548], [-37.1436738, 65.8737091], [-37.2568285, 65.9050164], [-37.2805282, 65.9024403], [-37.2894541, 65.9127699], [-37.3975321, 65.9540646], [-37.4229907, 65.9767009], [-37.419605, 65.9877073], [-37.4277715, 65.9981475], [-37.4437005, 66.0104925], [-37.4557922, 66.0097595], [-37.4460705, 65.9851305], [-37.4282475, 65.9859774], [-37.4430031, 65.9774524], [-37.4169916, 65.9528076], [-37.4281529, 65.945957], [-37.2977413, 65.9076292], [-37.2889509, 65.8982355], [-37.2527765, 65.8964406], [-37.1385001, 65.8546542], [-37.1091682, 65.8617513], [-37.0784019, 65.8568433], [-37.0824722, 65.8520984], [-37.0745608, 65.8454839], [-37.0855106, 65.8414643], [-37.0774913, 65.8207231], [-37.0911473, 65.8060194], [-37.0841522, 65.8032601], [-37.1031105, 65.8096843], [-37.1132768, 65.7933447], [-37.1326921, 65.7856648], [-37.1664778, 65.7951781], [-37.1497378, 65.8080868], [-37.1826827, 65.7948177], [-37.191629, 65.8095683], [-37.2175108, 65.8254679], [-37.2567852, 65.8173914], [-37.2816992, 65.83414], [-37.2972191, 65.8340336], [-37.2820684, 65.8190213], [-37.2332408, 65.8094813], [-37.2080235, 65.7901099], [-37.1589145, 65.7700658], [-37.1929539, 65.7535889], [-37.2549562, 65.7879513], [-37.3469854, 65.8112765], [-37.3378076, 65.8121537], [-37.4148159, 65.8499229], [-37.4712858, 65.8617615], [-37.5350088, 65.8972613], [-37.6210751, 65.9156051], [-37.641385, 65.9311004], [-37.6644703, 65.931094], [-37.6635376, 65.9409446], [-37.6759431, 65.9353225], [-37.6732375, 65.9146968], [-37.6801254, 65.9055795], [-37.704975, 65.9010767], [-37.709973, 65.8927385], [-37.7212077, 65.8963714], [-37.7173908, 65.9063903], [-37.7495317, 65.8898487], [-37.7802444, 65.8878025], [-37.784273, 65.892585], [-37.7649613, 65.9058212], [-37.7625862, 65.9173098], [-37.7254655, 65.9338408], [-37.7188188, 65.9394503], [-37.7322398, 65.9371256], [-37.7302963, 65.9456125], [-37.7068602, 65.9627382], [-37.637441, 65.983142], [-37.7111026, 65.9642226], [-37.7718365, 65.9673902], [-37.7607109, 65.9765862], [-37.7724382, 65.9738918], [-37.765413, 65.9787716], [-37.7708369, 65.9820947], [-37.7635239, 65.9870584], [-37.766826, 65.9941522], [-37.7216317, 66.0110032], [-37.7722502, 66.0053808], [-37.7676825, 66.012365], [-37.7762103, 66.0097489], [-37.7801814, 66.0254166], [-37.7727664, 66.0430321], [-37.7010977, 66.0650792], [-37.6769686, 66.0535094], [-37.6489356, 66.0551908], [-37.6604809, 66.0586247], [-37.6395698, 66.0634826], [-37.6448048, 66.0563823], [-37.6136128, 66.0529031], [-37.6215714, 66.0633969], [-37.6424206, 66.0676432], [-37.6272268, 66.0756191], [-37.6372949, 66.0805188], [-37.6074099, 66.0852221], [-37.614052, 66.0909279], [-37.6067265, 66.0978618], [-37.6130133, 66.100431], [-37.5590292, 66.1100635], [-37.5176732, 66.1050595], [-37.5305611, 66.114419], [-37.5268574, 66.1324364], [-37.5381139, 66.1418439], [-37.5251256, 66.1501488], [-37.5451589, 66.1605172], [-37.4803612, 66.1745843], [-37.4872508, 66.1805675], [-37.4794736, 66.1944164], [-37.4146779, 66.2260714], [-37.3623922, 66.2416273], [-37.3162515, 66.2746701], [-37.2793815, 66.2857662], [-37.2241259, 66.2810826], [-37.1263111, 66.3090607], [-37.0810139, 66.3099832], [-37.0553076, 66.2993766], [-37.0336676, 66.3165778], [-36.9793532, 66.321112], [-36.9221378, 66.3407285], [-36.8184473, 66.3925614], [-36.6806558, 66.4414687], [-36.677685, 66.4536697], [-36.6483309, 66.4603893], [-36.6594888, 66.4687863], [-36.6811182, 66.4688206], [-36.6936937, 66.4803457], [-36.7192449, 66.4801641], [-36.7345391, 66.4743991], [-36.7340839, 66.4611927], [-36.8361284, 66.4308917], [-36.9595528, 66.3745953], [-37.0851767, 66.3384007], [-37.1845056, 66.3398646], [-37.3746064, 66.3067672], [-37.4112096, 66.3189921], [-37.454195, 66.3494685], [-37.4736093, 66.3483634], [-37.5239539, 66.3673193], [-37.5751949, 66.3575027], [-37.4938488, 66.3221279], [-37.5406127, 66.3114127], [-37.6050639, 66.3099746], [-37.686515, 66.3382205], [-37.7858173, 66.3560235], [-37.8220997, 66.4003167], [-37.827744, 66.4203783], [-37.844768, 66.4201962], [-37.8432204, 66.3989438], [-37.8508675, 66.3933788], [-37.8420854, 66.3644117], [-37.8480918, 66.3590394], [-37.8847788, 66.3625664], [-37.9014007, 66.3724715], [-37.9048061, 66.3622136], [-37.9235709, 66.361835], [-37.9512727, 66.366687], [-37.9533863, 66.3749909], [-37.9637504, 66.3669838], [-38.0021409, 66.376737], [-38.1896783, 66.3869237], [-38.2106211, 66.3751629], [-38.2083895, 66.3585095], [-38.1789314, 66.3370699], [-38.1102021, 66.3325567], [-38.1122049, 66.3267819], [-38.1034957, 66.3243206], [-38.0818736, 66.3297851], [-37.9894564, 66.3184952], [-37.9711579, 66.3091144], [-37.924161, 66.3117247], [-37.7792966, 66.2973892], [-37.7250518, 66.2824401], [-37.7209457, 66.2789693], [-37.7278019, 66.2760229], [-37.6887868, 66.2670804], [-37.6852999, 66.2562478], [-37.6773238, 66.2575574], [-37.6885129, 66.245464], [-37.6837064, 66.240796], [-37.7206994, 66.2361272], [-37.7816829, 66.1945557], [-37.7900546, 66.1976682], [-37.791574, 66.2256278], [-37.8009508, 66.2291893], [-37.7925611, 66.2429831], [-37.8321745, 66.2358684], [-37.8411872, 66.2446225], [-37.8639465, 66.2428621], [-37.883125, 66.2300959], [-37.9006117, 66.2295852], [-37.8951481, 66.2314821], [-37.939128, 66.2363697], [-37.9535271, 66.2449708], [-37.9871805, 66.2294354], [-37.9645729, 66.227992], [-37.9765394, 66.2119428], [-38.0496017, 66.1924995], [-38.0482863, 66.1852475], [-38.0163163, 66.1891467], [-38.0290675, 66.1652801], [-38.0097449, 66.1589538], [-38.0166917, 66.1516818], [-38.0069876, 66.1593137], [-38.0184245, 66.16978], [-38.0094543, 66.1862331], [-37.9157603, 66.2081048], [-37.9145587, 66.1988711], [-37.8929722, 66.1875029], [-37.8404546, 66.1969031], [-37.8257024, 66.1863289], [-37.8670943, 66.1773733], [-37.8197992, 66.1683154], [-37.8664045, 66.1445769], [-37.8938413, 66.1434804], [-37.903487, 66.1282244], [-37.9268835, 66.126419], [-37.9265592, 66.0945466], [-37.9522829, 66.091454], [-37.9385059, 66.0885514], [-37.9969776, 66.0907471], [-38.0030608, 66.0831843], [-38.0418787, 66.078119], [-38.0738479, 66.0887052], [-38.0744093, 66.1106877], [-38.1068565, 66.0885822], [-38.0963417, 66.0844737], [-38.1007147, 66.0804004], [-38.0711623, 66.0792326], [-38.0461119, 66.0674053], [-37.9309802, 66.0774791], [-37.9206627, 66.0700826], [-37.9202378, 66.0579309], [-37.9300698, 66.0505041], [-37.9189633, 66.0460568], [-37.9266711, 66.0389592], [-37.9461531, 66.029801], [-37.9773181, 66.0284941], [-37.9384519, 66.0164483], [-37.9552747, 66.0043742], [-37.955712, 65.9921719], [-37.9709152, 65.9856521], [-37.9436647, 65.983392], [-37.9404784, 65.9743867], [-37.950554, 65.9641675], [-37.9405976, 65.9603216], [-37.9381085, 65.9489905], [-37.9823972, 65.9187847], [-37.9726125, 65.9196252], [-37.9748011, 65.9125851], [-38.012352, 65.9115517], [-38.0095947, 65.8989635], [-38.027308, 65.9020652], [-38.0288316, 65.9199054], [-38.0198193, 65.9327895], [-38.0269433, 65.9559157], [-38.0455686, 65.9564752], [-38.0469418, 65.9427283], [-38.0564261, 65.94488], [-38.0566836, 65.9349246], [-38.0754805, 65.9233371], [-38.0722189, 65.9340671], [-38.1034613, 65.9295516], [-38.0830336, 65.9414205], [-38.0925286, 65.9550982], [-38.0873036, 65.9586432], [-38.097893, 65.9602385], [-38.0954254, 65.9543681], [-38.1106711, 65.9503197], [-38.1023133, 65.9463493], [-38.1122589, 65.9396665], [-38.1046336, 65.9360138], [-38.122219, 65.9301449], [-38.1429006, 65.9404189], [-38.1419993, 65.9531965], [-38.1477285, 65.9491829], [-38.1388021, 65.9761208], [-38.1487799, 65.9855319], [-38.1619763, 65.9818988], [-38.1524706, 65.9647661], [-38.1681776, 65.9608635], [-38.1492841, 65.9440534], [-38.1559682, 65.932422], [-38.0967665, 65.9189467], [-38.1085938, 65.9092046], [-38.1022819, 65.9081641], [-38.1034957, 65.8987853], [-38.1393279, 65.8800301], [-38.1901074, 65.8870004], [-38.1901074, 65.8929257], [-38.2051278, 65.8824766], [-38.2173158, 65.889525], [-38.2044412, 65.8988146], [-38.2113076, 65.9053329], [-38.2159425, 65.894363], [-38.2411767, 65.8865446], [-38.2801236, 65.9003072], [-38.2969667, 65.9250528], [-38.2826589, 65.9340092], [-38.2953163, 65.9530229], [-38.3425261, 65.9724849], [-38.3509393, 65.9863674], [-38.3695542, 65.9900646], [-38.3576905, 66.0078532], [-38.4307633, 65.9994108], [-38.4283734, 65.993342], [-38.4399606, 65.9864619], [-38.4379623, 65.9753751], [-38.3990706, 65.9671635], [-38.4261903, 65.9310214], [-38.4281812, 65.9204786], [-38.4173977, 65.9040626], [-38.3574128, 65.8849578], [-38.347478, 65.8749527], [-38.3295823, 65.8804073], [-38.2127651, 65.8368611], [-38.262128, 65.8055423], [-38.2318533, 65.8128008], [-38.2174552, 65.8250446], [-38.1899051, 65.8257068], [-38.1502336, 65.814625], [-38.1522613, 65.8008097], [-38.1407754, 65.8059776], [-38.1398802, 65.8173918], [-38.1227349, 65.8179698], [-38.0820488, 65.8113869], [-38.0846737, 65.8047401], [-38.1004466, 65.8060128], [-38.0890587, 65.7995222], [-38.0403097, 65.7913364], [-38.0515767, 65.7669029], [-38.0659104, 65.7560852], [-38.0811025, 65.7628159], [-38.1211854, 65.7609132], [-38.1231595, 65.7760608], [-38.1358624, 65.764331], [-38.1573201, 65.7636616], [-38.0980111, 65.7435001], [-38.1029893, 65.7368348], [-38.1320859, 65.7344716], [-38.1192971, 65.7318965], [-38.127451, 65.7195819], [-38.1017018, 65.7266397], [-38.0956078, 65.720429], [-38.1297685, 65.7056018], [-38.1342317, 65.6960655], [-38.1262494, 65.693204], [-38.122902, 65.6777602], [-38.1465054, 65.6783612], [-38.1764604, 65.6904128], [-38.1750012, 65.6983263], [-38.1973172, 65.693522], [-38.1925107, 65.6803407], [-38.1612683, 65.6802347], [-38.1547452, 65.6734471], [-38.1592942, 65.6699819], [-38.1292535, 65.6650308], [-38.1430722, 65.6469513], [-38.1768037, 65.6404027], [-38.187275, 65.6259547], [-38.2220315, 65.6250688], [-38.237524, 65.633498], [-38.237996, 65.6492336], [-38.2107877, 65.6625368], [-38.2541969, 65.6423148], [-38.2703919, 65.6485583], [-38.2661055, 65.659247], [-38.2955756, 65.6544669], [-38.3433152, 65.6330027], [-38.3436585, 65.6466327], [-38.3272649, 65.6498533], [-38.3553315, 65.6611046], [-38.4003926, 65.6438719], [-38.356619, 65.6513396], [-38.3512975, 65.6368269], [-38.3694077, 65.6307008], [-38.355074, 65.6291779], [-38.3543874, 65.6218101], [-38.3695794, 65.6086987], [-38.389063, 65.6062883], [-38.393097, 65.5910055], [-38.4172848, 65.5890435], [-38.4270001, 65.5977084], [-38.4175588, 65.5990913], [-38.4318067, 65.6004386], [-38.4233952, 65.6042677], [-38.4328366, 65.6062529], [-38.4217645, 65.622554], [-38.4340382, 65.6221644], [-38.4290601, 65.6254588], [-38.4359831, 65.6456821], [-38.4173892, 65.6560395], [-38.366783, 65.6604602], [-38.3868623, 65.6625185], [-38.3682778, 65.673337], [-38.3865791, 65.6745908], [-38.3978177, 65.6687795], [-38.3906363, 65.6643903], [-38.4349317, 65.6535058], [-38.4518945, 65.6759933], [-38.4444958, 65.6840043], [-38.4556316, 65.6917816], [-38.4531959, 65.7051547], [-38.4672038, 65.709356], [-38.4659911, 65.6817443], [-38.4545011, 65.6712811], [-38.4579851, 65.6511273], [-38.4694863, 65.6296383], [-38.4876824, 65.6234751], [-38.5288812, 65.639022], [-38.5054595, 65.6497625], [-38.5039903, 65.6615998], [-38.5212422, 65.6683906], [-38.5651017, 65.6759219], [-38.5344592, 65.6552619], [-38.5447419, 65.6432108], [-38.5949278, 65.6574962], [-38.5882286, 65.6462542], [-38.621664, 65.6503664], [-38.6259127, 65.6572839], [-38.6360407, 65.6515165], [-38.6284876, 65.6599372], [-38.6495161, 65.6655082], [-38.6550492, 65.6790656], [-38.6805868, 65.6973549], [-38.6904937, 65.6881052], [-38.6716175, 65.6771769], [-38.7178374, 65.6689563], [-38.708439, 65.653852], [-38.6663818, 65.6394999], [-38.6868096, 65.6321528], [-38.6656952, 65.6189226], [-38.6393078, 65.6283571], [-38.5748863, 65.6125442], [-38.5624409, 65.6260787], [-38.5436939, 65.6217034], [-38.5349751, 65.6024241], [-38.5467339, 65.6075999], [-38.5536862, 65.6019278], [-38.5476781, 65.5871036], [-38.5247613, 65.5857555], [-38.5323144, 65.5734778], [-38.5277654, 65.5687568], [-38.5481931, 65.5607681], [-38.5673333, 65.5730874], [-38.5609818, 65.5740102], [-38.5820104, 65.5797238], [-38.5795213, 65.5841945], [-38.6023522, 65.5766365], [-38.6446668, 65.5845848], [-38.6834622, 65.57653], [-38.7671395, 65.6143399], [-38.7867905, 65.5924452], [-38.8228083, 65.5961658], [-38.7939066, 65.5891408], [-38.7908417, 65.5796893], [-38.8094436, 65.5765087], [-38.7985798, 65.5671279], [-38.8231447, 65.5620753], [-38.8257696, 65.5552952], [-38.835465, 65.5540143], [-38.8463743, 65.5688914], [-38.9072175, 65.5667137], [-38.8865054, 65.5549171], [-38.9056168, 65.552862], [-38.8834872, 65.5445814], [-38.8878721, 65.5370427], [-38.8661598, 65.5343345], [-38.8842306, 65.5344225], [-38.8721834, 65.5295207], [-38.8981745, 65.5175136], [-38.8909826, 65.5229269], [-38.9194924, 65.526818], [-38.9120881, 65.5316198], [-38.9187034, 65.5428791], [-38.9058975, 65.5514963], [-38.9309024, 65.5479794], [-38.9381854, 65.5568209], [-38.9295672, 65.5631864], [-38.9366984, 65.5648811], [-38.9162779, 65.5654373], [-38.8947129, 65.5752169], [-38.8981462, 65.580194], [-38.8786626, 65.5824205], [-38.8617326, 65.6056148], [-38.8888988, 65.6037826], [-38.8889051, 65.6114458], [-38.9075969, 65.6133654], [-38.9006997, 65.6019278], [-38.9212194, 65.5939047], [-38.9080284, 65.588224], [-38.914884, 65.5786281], [-38.951143, 65.5600227], [-38.9859192, 65.5617678], [-38.9719905, 65.5555526], [-38.9746959, 65.5506627], [-39.0006976, 65.5548368], [-38.984729, 65.5681058], [-39.0157232, 65.600664], [-39.015778, 65.6190949], [-39.0441088, 65.6371198], [-39.0666963, 65.6690979], [-39.0619467, 65.676984], [-39.0894414, 65.6738006], [-39.0641828, 65.6486378], [-39.0718191, 65.6470386], [-39.0821458, 65.6600787], [-39.1245173, 65.68101], [-39.1728417, 65.681372], [-39.2408149, 65.7178019], [-39.234642, 65.7247339], [-39.2399027, 65.745792], [-39.2545027, 65.761164], [-39.2782716, 65.7594761], [-39.2697717, 65.7421249], [-39.2777272, 65.7387771], [-39.2709792, 65.7268944], [-39.2834794, 65.7172372], [-39.2784777, 65.7068618], [-39.1990398, 65.6721501], [-39.2014505, 65.6665516], [-39.1767536, 65.6377607], [-39.1557419, 65.6275918], [-39.1704656, 65.6077416], [-39.1358349, 65.6077705], [-39.1223242, 65.5956411], [-39.1302351, 65.5897656], [-39.1222763, 65.5788261], [-39.1587334, 65.5727682], [-39.1770746, 65.5884162], [-39.1944187, 65.5885825], [-39.1999913, 65.5973183], [-39.2260838, 65.605473], [-39.2411043, 65.5794045], [-39.2232523, 65.557364], [-39.2414475, 65.5498286], [-39.235611, 65.5461692], [-39.2421771, 65.5454585], [-39.2410613, 65.5382624], [-39.2836619, 65.5386311], [-39.2724944, 65.5552409], [-39.2809821, 65.5686952], [-39.2729141, 65.5849823], [-39.2443844, 65.6074201], [-39.2487857, 65.6264354], [-39.2590211, 65.6188865], [-39.2526063, 65.6076973], [-39.2848529, 65.5871993], [-39.2967821, 65.5871906], [-39.3071852, 65.5743577], [-39.2920433, 65.5544606], [-39.3195203, 65.5390093], [-39.3174129, 65.5313448], [-39.3407876, 65.528232], [-39.3757345, 65.5318641], [-39.3771612, 65.5475737], [-39.4113938, 65.5783114], [-39.4040003, 65.5909304], [-39.4518325, 65.6040601], [-39.458932, 65.6122602], [-39.4450361, 65.622263], [-39.4504331, 65.6293577], [-39.428934, 65.6270604], [-39.4061521, 65.6519352], [-39.4293352, 65.6545448], [-39.4386341, 65.6439597], [-39.4689965, 65.6336306], [-39.5695305, 65.6740158], [-39.6001779, 65.6960946], [-39.6294993, 65.6974212], [-39.6439598, 65.6896815], [-39.6237723, 65.6600566], [-39.5343235, 65.6254199], [-39.5251041, 65.6125184], [-39.5549716, 65.6158215], [-39.6184438, 65.6423075], [-39.6594329, 65.6063585], [-39.6280704, 65.5840767], [-39.6738954, 65.5917957], [-39.7289644, 65.5805073], [-39.7188106, 65.5727991], [-39.6541627, 65.5731214], [-39.6135257, 65.5555252], [-39.6130403, 65.5407816], [-39.6229294, 65.5369994], [-39.7092631, 65.5578287], [-39.7208548, 65.5374255], [-39.702763, 65.5023426], [-39.708862, 65.4988498], [-39.753239, 65.4988042], [-39.7477645, 65.5089409], [-39.7549484, 65.511618], [-39.771365, 65.5139966], [-39.7746629, 65.508018], [-39.8276552, 65.5205554], [-39.8861492, 65.5501744], [-39.8864909, 65.5695689], [-39.9206883, 65.5884718], [-39.9429503, 65.5840528], [-39.9435747, 65.566991], [-39.9642933, 65.5676952], [-39.9979022, 65.5492704], [-39.9312154, 65.5159291], [-39.9363388, 65.5029482], [-39.9091152, 65.4880511], [-40.0144788, 65.5053445], [-40.1129299, 65.5114], [-40.1306469, 65.5064739], [-40.1058729, 65.4754853], [-40.0523695, 65.4763976], [-40.0138097, 65.4627019], [-40.0018314, 65.450898], [-39.8089668, 65.443693], [-39.7081331, 65.414202], [-39.6909402, 65.3999944], [-39.7387103, 65.4022982], [-39.793253, 65.4271555], [-39.8063851, 65.4262275], [-39.8070718, 65.4156242], [-39.7974587, 65.4088745], [-39.8052693, 65.3980855], [-39.8237229, 65.3930825], [-39.7986604, 65.3880786], [-39.8038102, 65.3783539], [-39.8440291, 65.3712749], [-39.9080684, 65.3789884], [-39.9171468, 65.3704497], [-39.8332428, 65.346148], [-39.7844125, 65.3100367], [-39.798374, 65.3000581], [-39.8272721, 65.2958821], [-39.8213044, 65.2856439], [-39.7533565, 65.2664862], [-39.7488787, 65.2791859], [-39.7612253, 65.2879546], [-39.7595843, 65.2969992], [-39.7358324, 65.2983464], [-39.739684, 65.2900904], [-39.7083004, 65.2814862], [-39.7088784, 65.2676232], [-39.6874579, 65.2621906], [-39.7266907, 65.2649307], [-39.7224036, 65.2592506], [-39.6829782, 65.244687], [-39.6891163, 65.2386224], [-39.7286666, 65.246358], [-39.8033736, 65.2417826], [-39.8175357, 65.2473247], [-39.8124631, 65.2519459], [-39.8493016, 65.2588833], [-39.8479197, 65.2449348], [-39.83441, 65.2318563], [-39.8829301, 65.2410062], [-39.8958905, 65.2351931], [-39.8461903, 65.2175721], [-39.8532605, 65.2007973], [-39.9089883, 65.2069253], [-39.9442293, 65.2209732], [-39.9557305, 65.2340642], [-40.0104261, 65.2412364], [-40.0232842, 65.2278602], [-39.9812293, 65.2028391], [-39.957937, 65.2024721], [-39.9177419, 65.1820451], [-39.8795987, 65.1745269], [-39.8438325, 65.1769961], [-39.8530184, 65.1662943], [-39.8450933, 65.1642518], [-39.8842686, 65.1710596], [-39.8920136, 65.1682989], [-39.8643658, 65.1615282], [-39.9054974, 65.152551], [-40.021317, 65.178202], [-40.0682163, 65.1746266], [-40.0341344, 65.157797], [-40.0533451, 65.15084], [-40.0534439, 65.1438992], [-39.9646349, 65.1277802], [-39.9717883, 65.1274041], [-39.9663115, 65.1182823], [-39.9973841, 65.1081224], [-39.9449631, 65.0961702], [-39.9374744, 65.0907569], [-39.9647467, 65.0987116], [-39.9349037, 65.0853897], [-39.9922426, 65.094711], [-39.9939192, 65.0889209], [-39.9808419, 65.0812929], [-40.0276742, 65.0870376], [-40.0542759, 65.0801156], [-40.062857, 65.0901049], [-40.0757578, 65.0899989], [-40.1259366, 65.0578685], [-40.142659, 65.0824857], [-40.1722384, 65.0833411], [-40.1935244, 65.0690369], [-40.1886105, 65.0540301], [-40.2238675, 65.0534948], [-40.2016292, 65.0359481], [-40.2221365, 65.0264161], [-40.2050855, 65.0177078], [-40.2102699, 65.0139609], [-40.2022053, 64.9949752], [-40.2081961, 64.9918583], [-40.2611925, 65.0020842], [-40.2731742, 65.0154208], [-40.2556728, 65.0215357], [-40.3016401, 65.0446758], [-40.2926549, 65.0493454], [-40.293306, 65.0637335], [-40.330823, 65.0800723], [-40.3656386, 65.1102395], [-40.3677439, 65.1001933], [-40.3889042, 65.1025107], [-40.4139752, 65.0941535], [-40.3720857, 65.0906339], [-40.3391841, 65.0521942], [-40.3434347, 65.0277403], [-40.3551946, 65.0391031], [-40.4183868, 65.0556602], [-40.4974478, 65.1056278], [-40.5376867, 65.1138572], [-40.5562477, 65.1264349], [-40.5502009, 65.1301374], [-40.5593759, 65.1446909], [-40.5433892, 65.1467944], [-40.5533983, 65.150183], [-40.5522862, 65.1569004], [-40.6006634, 65.1647839], [-40.6352221, 65.1862928], [-40.6420107, 65.1987571], [-40.6697556, 65.2002393], [-40.6976192, 65.1751176], [-40.6768437, 65.1560243], [-40.6366683, 65.1420029], [-40.6256899, 65.1220525], [-40.6443879, 65.1011564], [-40.6726706, 65.0939448], [-40.6660713, 65.0898419], [-40.6765463, 65.0653185], [-40.6706582, 65.0422902], [-40.6757434, 65.0321808], [-40.6988947, 65.0419514], [-40.7211037, 65.0658433], [-40.7557791, 65.0778145], [-40.7407938, 65.0906609], [-40.7607546, 65.1097393], [-40.7930872, 65.1118115], [-40.7812702, 65.1017251], [-40.7884917, 65.0924644], [-40.869775, 65.1187992], [-40.8288663, 65.0898377], [-40.8150798, 65.0675689], [-40.8244349, 65.0627946], [-40.8797449, 65.0852056], [-40.9698493, 65.0976481], [-40.9823852, 65.0891995], [-41.0108791, 65.0988242], [-41.058814, 65.1184378], [-41.100045, 65.1668993], [-41.1603769, 65.1516567], [-41.1435535, 65.1372258], [-41.1566132, 65.1282392], [-41.1174342, 65.1008862], [-41.1527396, 65.0974576], [-41.1510881, 65.0920049], [-41.1166779, 65.0928266], [-41.055483, 65.0722153], [-41.0531067, 65.0575414], [-41.0608967, 65.0533504], [-41.0516749, 65.0402457], [-41.0037458, 65.0232921], [-41.0160011, 65.0248803], [-40.9826815, 65.0034561], [-41.0014759, 64.9998789], [-40.978127, 64.9936652], [-40.9673174, 64.9675152], [-40.9794336, 64.958981], [-41.0118531, 64.9579998], [-41.0390935, 64.97154], [-41.104698, 64.9807373], [-41.1379849, 64.9961836], [-41.1836121, 64.9800528], [-41.1729152, 64.9590432], [-41.1786495, 64.952754], [-41.1296474, 64.9369693], [-41.0876828, 64.9100145], [-41.094981, 64.9075828], [-41.0900287, 64.9037138], [-41.0796027, 64.9045982], [-41.0743897, 64.8975221], [-41.0840776, 64.880463], [-41.0704929, 64.8742063], [-41.0447822, 64.8697015], [-41.0160656, 64.8771361], [-40.9837038, 64.865806], [-41.0066935, 64.8626201], [-40.9749809, 64.8506703], [-40.9057483, 64.8575555], [-40.883723, 64.8393453], [-40.9340661, 64.8308805], [-40.9384996, 64.8390138], [-40.9613277, 64.8458058], [-40.9644241, 64.8368946], [-40.9961721, 64.8211656], [-40.9898331, 64.8151299], [-40.9407575, 64.8187079], [-40.8996174, 64.8079432], [-40.8856779, 64.7865281], [-40.8318516, 64.7694854], [-40.7640778, 64.7289443], [-40.6755934, 64.717515], [-40.6568223, 64.6961426], [-40.6790132, 64.6853288], [-40.5826763, 64.6630689], [-40.5770501, 64.6348188], [-40.6217697, 64.6414634], [-40.6348172, 64.6286998], [-40.6225845, 64.6211199], [-40.578558, 64.6181462], [-40.5934172, 64.6052233], [-40.5802894, 64.5911816], [-40.5882062, 64.577646], [-40.5740503, 64.5703827], [-40.57016, 64.5483768], [-40.5522532, 64.5354839], [-40.5643403, 64.5193111], [-40.55382, 64.4921424], [-40.6030184, 64.5010327], [-40.6435173, 64.4925097], [-40.6903621, 64.5024272], [-40.704396, 64.5005], [-40.7056853, 64.4868806], [-40.6322171, 64.4513974], [-40.4866697, 64.4367579], [-40.4342924, 64.4207199], [-40.429368, 64.412214], [-40.3666821, 64.4018756], [-40.3736697, 64.3982185], [-40.3669774, 64.3949012], [-40.3870543, 64.3912006], [-40.365698, 64.3877123], [-40.3698315, 64.3793725], [-40.3568405, 64.3839682], [-40.3627455, 64.3901797], [-40.3418427, 64.3842603], [-40.3615874, 64.379631], [-40.3599189, 64.3714528], [-40.3681661, 64.3766396], [-40.3809846, 64.369874], [-40.3488298, 64.3645167], [-40.3659935, 64.3519182], [-40.361431, 64.3492849], [-40.3410084, 64.3517301], [-40.3692099, 64.3378104], [-40.3864978, 64.341667], [-40.3863669, 64.3354282], [-40.4432075, 64.3324784], [-40.4236931, 64.3379806], [-40.453947, 64.3499454], [-40.4466127, 64.3543671], [-40.4521134, 64.3623017], [-40.4703181, 64.3630384], [-40.4830221, 64.3570312], [-40.4569593, 64.3427445], [-40.4885228, 64.3396254], [-40.5121131, 64.3469952], [-40.5108105, 64.3313887], [-40.5188434, 64.3254634], [-40.5346919, 64.322077], [-40.5379485, 64.33468], [-40.5505405, 64.3188783], [-40.5687772, 64.3251813], [-40.5561852, 64.3279089], [-40.5739877, 64.3412613], [-40.5587904, 64.3440814], [-40.5733364, 64.3427654], [-40.5774614, 64.3505666], [-40.5329551, 64.3581776], [-40.5720338, 64.3607141], [-40.5912146, 64.3709785], [-40.600996, 64.3644578], [-40.5894601, 64.357519], [-40.596221, 64.3559869], [-40.6104611, 64.3732055], [-40.5981463, 64.3757508], [-40.6521406, 64.4019079], [-40.6658561, 64.3921118], [-40.6401621, 64.3731284], [-40.6640193, 64.3672315], [-40.659333, 64.363914], [-40.718976, 64.382524], [-40.7100295, 64.3853788], [-40.7347388, 64.3870364], [-40.7556138, 64.3831686], [-40.7558268, 64.3769054], [-40.740064, 64.376537], [-40.7294135, 64.3671394], [-40.7515666, 64.3686137], [-40.760726, 64.3657571], [-40.7428332, 64.3638218], [-40.7622171, 64.3617021], [-40.7460283, 64.3593978], [-40.8109965, 64.3578308], [-40.7732937, 64.3611491], [-40.7939557, 64.3637297], [-40.759235, 64.3706408], [-40.7909792, 64.3785978], [-40.8058843, 64.3705487], [-40.8230112, 64.3724114], [-40.8367708, 64.3611491], [-40.8848887, 64.3574522], [-40.8708525, 64.3490723], [-40.9264482, 64.3327463], [-40.9149456, 64.3190878], [-40.8395399, 64.319734], [-40.8043932, 64.3275791], [-40.7901215, 64.3385584], [-40.7119466, 64.3462136], [-40.7613651, 64.3234261], [-40.7975769, 64.3184417], [-40.8050322, 64.3262871], [-40.820582, 64.3153952], [-40.8743893, 64.3104507], [-40.9187432, 64.3183376], [-40.9149523, 64.3148874], [-41.0895248, 64.2996846], [-41.1120808, 64.3013286], [-41.1081003, 64.3142301], [-41.1230745, 64.3139837], [-41.1261073, 64.3039587], [-41.2137623, 64.3154469], [-41.2093697, 64.3203134], [-41.2186911, 64.3235927], [-41.355119, 64.322341], [-41.3130389, 64.3404499], [-41.3307465, 64.3514134], [-41.4123543, 64.3389869], [-41.4539478, 64.3247983], [-41.4988851, 64.3316752], [-41.5342035, 64.3221231], [-41.5263088, 64.3183178], [-41.5348412, 64.3126447], [-41.5184098, 64.3078883], [-41.5618643, 64.2823387], [-41.5416723, 64.272432], [-41.5951067, 64.2556616], [-41.5965479, 64.2484655], [-41.5552294, 64.235639], [-41.465732, 64.2567726], [-41.4676785, 64.2476523], [-41.4348102, 64.2396464], [-41.4589406, 64.2329714], [-41.4543083, 64.2276731], [-41.3957076, 64.2105519], [-41.4724267, 64.2177625], [-41.461612, 64.2071239], [-41.4366188, 64.2012805], [-41.4342261, 64.1932759], [-41.4131652, 64.1884566], [-41.5242428, 64.1790809], [-41.5197717, 64.164003], [-41.4935946, 64.1558255], [-41.3334511, 64.1686906], [-41.2824853, 64.1512127], [-41.2492312, 64.1503392], [-41.2542142, 64.1552755], [-41.2157791, 64.1621978], [-41.0576246, 64.1376956], [-41.0736005, 64.1238571], [-41.0393351, 64.1029651], [-41.0489512, 64.0946464], [-41.0086953, 64.077658], [-40.9836156, 64.0505678], [-40.9689417, 64.0535231], [-40.9627253, 64.0628061], [-40.9681565, 64.0836204], [-40.9452723, 64.0966812], [-40.9418869, 64.1062521], [-40.944342, 64.1140777], [-40.9814141, 64.1196508], [-40.9757674, 64.1273655], [-40.9816596, 64.1309007], [-40.9534259, 64.1322933], [-40.9855878, 64.143431], [-40.9445875, 64.1499616], [-40.9205274, 64.1628043], [-40.7682258, 64.1628594], [-40.7758107, 64.1576183], [-40.7634158, 64.1564893], [-40.7713707, 64.1506824], [-40.7140215, 64.1501178], [-40.7229014, 64.1465684], [-40.7075466, 64.1437448], [-40.7211834, 64.1324591], [-40.7177967, 64.1231676], [-40.6938818, 64.1164554], [-40.6214737, 64.1138547], [-40.6223101, 64.1200009], [-40.6117157, 64.120731], [-40.5887148, 64.1125767], [-40.6039094, 64.109229], [-40.5751931, 64.1010713], [-40.5877746, 64.0993321], [-40.5612431, 64.0832504], [-40.5634883, 64.0771165], [-40.5432812, 64.0768711], [-40.5479588, 64.0736809], [-40.5389778, 64.0698359], [-40.5623657, 64.0704904], [-40.5389778, 64.0652538], [-40.5500169, 64.0630444], [-40.5488215, 64.0498771], [-40.5885048, 64.0301218], [-40.6138686, 64.0269233], [-40.6064321, 64.0191873], [-40.6320946, 64.0146785], [-40.6281523, 64.0095871], [-40.6528622, 63.9963063], [-40.6495175, 63.9866508], [-40.6249897, 63.9836556], [-40.6192758, 63.9785204], [-40.6252684, 63.9741792], [-40.6110534, 63.9733231], [-40.6181696, 63.9730976], [-40.6066896, 63.9674864], [-40.6127868, 63.9656705], [-40.6095204, 63.9598399], [-40.6572086, 63.9551554], [-40.6517647, 63.9580235], [-40.6700561, 63.960509], [-40.6794195, 63.9546773], [-40.7077275, 63.962134], [-40.7048967, 63.9729332], [-40.7155667, 63.9652882], [-40.7377776, 63.9754174], [-40.694009, 63.9877395], [-40.6548133, 63.9809582], [-40.7047329, 63.9948494], [-40.7393019, 63.9759906], [-40.7532381, 63.9778058], [-40.7458345, 63.971691], [-40.7906918, 63.978188], [-40.7726182, 63.9665307], [-40.7260189, 63.9606046], [-40.7192685, 63.9511394], [-40.7599885, 63.9568763], [-40.7532381, 63.94894], [-40.7726182, 63.9528606], [-40.8414285, 63.9388969], [-40.786119, 63.9286588], [-40.7290674, 63.9334434], [-40.720575, 63.9231076], [-40.6994529, 63.9210017], [-40.7244994, 63.9054176], [-40.7082647, 63.8974], [-40.6776874, 63.9036902], [-40.6492333, 63.9287545], [-40.6156289, 63.918392], [-40.6396133, 63.917343], [-40.6352183, 63.9104408], [-40.6174801, 63.9152807], [-40.6378991, 63.9028482], [-40.6120673, 63.8978705], [-40.6127077, 63.8879123], [-40.6417419, 63.886127], [-40.631708, 63.8783266], [-40.6372587, 63.8758827], [-40.6114268, 63.882462], [-40.5990446, 63.8778567], [-40.6043818, 63.8745666], [-40.5992581, 63.8704301], [-40.6097189, 63.8692078], [-40.6073706, 63.8629074], [-40.6171909, 63.8629074], [-40.6083329, 63.8539065], [-40.6166434, 63.8472743], [-40.6031669, 63.8458883], [-40.6152958, 63.8437101], [-40.6067606, 63.8377687], [-40.5978376, 63.8425262], [-40.5883056, 63.8350761], [-40.5978376, 63.8284362], [-40.5826731, 63.8229415], [-40.6247074, 63.8150506], [-40.652325, 63.7913283], [-40.5988025, 63.7878297], [-40.602442, 63.779034], [-40.6251356, 63.7726956], [-40.5968757, 63.7698571], [-40.5915234, 63.7560387], [-40.6032834, 63.7497024], [-40.597563, 63.7405526], [-40.5393267, 63.7522657], [-40.5527533, 63.7413178], [-40.5291354, 63.7360927], [-40.5365767, 63.7284323], [-40.5284884, 63.7262842], [-40.529459, 63.7172602], [-40.5402973, 63.7126755], [-40.5150842, 63.7073377], [-40.5237342, 63.702411], [-40.508007, 63.6921566], [-40.5758402, 63.6752542], [-40.6041362, 63.6717248], [-40.602014, 63.6808219], [-40.6099722, 63.6815275], [-40.6221184, 63.6721006], [-40.6491999, 63.67122], [-40.6564901, 63.6875199], [-40.6663099, 63.68791], [-40.6321698, 63.691783], [-40.6321698, 63.7052666], [-40.63847, 63.7048599], [-40.6339697, 63.7140113], [-40.6431899, 63.70658], [-40.6959591, 63.7100336], [-40.7242117, 63.6857641], [-40.7006663, 63.6843855], [-40.7146603, 63.6799539], [-40.7055531, 63.6766051], [-40.715993, 63.6710886], [-40.694891, 63.6818251], [-40.7044424, 63.6741425], [-40.6999999, 63.6675417], [-40.7477572, 63.6656696], [-40.7393164, 63.6776886], [-40.7739682, 63.6696108], [-40.8501577, 63.6764081], [-40.8463815, 63.6806433], [-40.8814263, 63.6783802], [-40.9215968, 63.691647], [-40.9428872, 63.6863054], [-40.9730151, 63.6956526], [-41.0163992, 63.6948515], [-41.0460473, 63.7113626], [-41.1499557, 63.730736], [-41.1622064, 63.7388186], [-41.2227916, 63.7403954], [-41.2121001, 63.7468003], [-41.3321567, 63.7634464], [-41.3871734, 63.7789017], [-41.4255983, 63.8250277], [-41.3818483, 63.8335279], [-41.4323867, 63.8357198], [-41.4473132, 63.8517326], [-41.4488723, 63.8683168], [-41.4590092, 63.8754278], [-41.4221129, 63.8923406], [-41.4192347, 63.9000363], [-41.4319354, 63.9039892], [-41.4699621, 63.9058907], [-41.5014016, 63.89252], [-41.5227107, 63.8924484], [-41.5212068, 63.8759495], [-41.5083371, 63.8674443], [-41.5136896, 63.8604676], [-41.5067847, 63.8439769], [-41.4914156, 63.8295396], [-41.517052, 63.8088618], [-41.6068356, 63.8021091], [-41.6714163, 63.8397849], [-41.7036641, 63.8365249], [-41.7275971, 63.8208751], [-41.6819118, 63.7839059], [-41.6856251, 63.757953], [-41.6997576, 63.7457853], [-41.6692324, 63.7000235], [-41.6300143, 63.7066599], [-41.6341532, 63.7560024], [-41.5979119, 63.7471426], [-41.5780653, 63.7297763], [-41.5671979, 63.7322837], [-41.5673163, 63.751895], [-41.4782611, 63.7626857], [-41.4128967, 63.7386823], [-41.4107973, 63.7303747], [-41.3748563, 63.731498], [-41.3463856, 63.7231273], [-41.3006602, 63.6979981], [-41.2502303, 63.6822293], [-41.2139622, 63.6757968], [-41.1809672, 63.682388], [-41.1683179, 63.6725054], [-41.1476373, 63.6764233], [-41.1458303, 63.6848803], [-41.1110949, 63.6868384], [-41.066722, 63.6701011], [-40.9121819, 63.6576567], [-40.8735316, 63.6451154], [-40.8934591, 63.6385009], [-40.8721825, 63.6290518], [-40.8839636, 63.6235567], [-40.86716, 63.62173], [-40.8749273, 63.6128313], [-40.8596545, 63.6120071], [-40.8613817, 63.6029067], [-40.8494566, 63.5993566], [-40.8552636, 63.5937309], [-40.8453088, 63.5849211], [-40.8180959, 63.5885576], [-40.8276923, 63.5790953], [-40.9112583, 63.5800164], [-40.9026106, 63.5732935], [-40.8367624, 63.5682851], [-40.8233219, 63.5576161], [-40.80888, 63.57336], [-40.7828299, 63.57906], [-40.7703501, 63.5723001], [-40.76499, 63.57851], [-40.7414519, 63.5823193], [-40.75405, 63.5686599], [-40.7663538, 63.5737827], [-40.7549099, 63.56405], [-40.7601, 63.55503], [-40.8084572, 63.5373473], [-40.7814018, 63.5367394], [-40.7782946, 63.5277884], [-40.77039, 63.5451801], [-40.7567433, 63.5515151], [-40.7612301, 63.5268699], [-40.7526601, 63.51803], [-40.76829, 63.52065], [-40.75485, 63.5023899], [-40.7662401, 63.49986], [-40.7616999, 63.49744], [-40.77096, 63.48966], [-40.82377, 63.4920599], [-40.84677, 63.5025099], [-40.8574299, 63.5254001], [-40.8759501, 63.5195299], [-40.8673901, 63.5112], [-40.89914, 63.5105299], [-40.8922199, 63.5055099], [-40.9006599, 63.50334], [-40.87082, 63.50246], [-40.87201, 63.4942501], [-40.8529643, 63.4865927], [-40.93219, 63.50369], [-40.93208, 63.5105901], [-40.9164301, 63.51644], [-40.94352, 63.51889], [-40.979357, 63.548379], [-40.9505501, 63.51265], [-40.9566899, 63.5018201], [-40.9674501, 63.5001401], [-40.9809299, 63.50456], [-40.98734, 63.5226399], [-41.0046099, 63.5318501], [-41.0106001, 63.5517401], [-41.02637, 63.5558699], [-41.0530042, 63.5457008], [-41.0308201, 63.5376399], [-41.02757, 63.52412], [-41.0079, 63.5133999], [-41.00767, 63.502], [-41.06512, 63.49646], [-41.12673, 63.5164099], [-41.15908, 63.5160601], [-41.0993399, 63.49468], [-41.0674101, 63.49643], [-41.0319, 63.46418], [-40.98829, 63.44561], [-41.03733, 63.43596], [-41.07481, 63.4406701], [-41.08228, 63.43327], [-41.09892, 63.4499101], [-41.1445701, 63.4564], [-41.16054, 63.4899399], [-41.19889, 63.51955], [-41.2654499, 63.54589], [-41.27613, 63.55749], [-41.2708191, 63.5676046], [-41.2904498, 63.5672864], [-41.3070001, 63.5559799], [-41.28673, 63.53225], [-41.30809, 63.51988], [-41.27672, 63.5209096], [-41.21533, 63.4988201], [-41.2030301, 63.48033], [-41.1674, 63.4670499], [-41.16577, 63.4606901], [-41.1786099, 63.4603699], [-41.18323, 63.4496701], [-41.1500299, 63.43764], [-41.13638, 63.42326], [-41.07473, 63.41585], [-41.01622, 63.4201399], [-41.0111, 63.4040901], [-41.00124, 63.40193], [-41.11748, 63.3915499], [-41.11175, 63.3834499], [-41.0869899, 63.3802299], [-41.08172, 63.3744201], [-41.0870801, 63.37357], [-41.06471, 63.3718501], [-41.06236, 63.3667699], [-41.0699701, 63.3656401], [-41.0626401, 63.35883], [-41.0242, 63.34301], [-41.0351899, 63.3413199], [-41.0150799, 63.33879], [-41.0239599, 63.33559], [-41.0189599, 63.3292701], [-41.0249301, 63.3249599], [-41.0991099, 63.3432099], [-41.14507, 63.3714399], [-41.1201399, 63.36592], [-41.1292399, 63.3732099], [-41.1195601, 63.37335], [-41.12552, 63.3768501], [-41.11572, 63.38313], [-41.1542301, 63.37936], [-41.1883601, 63.3858799], [-41.2285001, 63.4400199], [-41.2713299, 63.4503501], [-41.28248, 63.4719201], [-41.30408, 63.47721], [-41.3194501, 63.49743], [-41.3540499, 63.51068], [-41.33883, 63.51733], [-41.34386, 63.5227499], [-41.3807399, 63.5250899], [-41.3978301, 63.53401], [-41.39512, 63.5460899], [-41.43322, 63.56234], [-41.4518699, 63.5556201], [-41.39688, 63.5261], [-41.3906199, 63.51289], [-41.36653, 63.5022899], [-41.37031, 63.49609], [-41.3275899, 63.47785], [-41.3281101, 63.4701599], [-41.31638, 63.46652], [-41.30581, 63.4490299], [-41.2560899, 63.4201399], [-41.2465299, 63.39649], [-41.27504, 63.3998801], [-41.2894599, 63.4124401], [-41.34119, 63.4272101], [-41.3783701, 63.4483501], [-41.3753, 63.45275], [-41.44568, 63.46667], [-41.46581, 63.4878201], [-41.46858, 63.5033801], [-41.5017999, 63.5326201], [-41.52406, 63.53381], [-41.5021001, 63.51969], [-41.51394, 63.51745], [-41.4955501, 63.4972799], [-41.50176, 63.4831], [-41.49495, 63.4673601], [-41.5775099, 63.48508], [-41.6005001, 63.4831301], [-41.5272599, 63.4575701], [-41.3921, 63.4279099], [-41.28795, 63.37561], [-41.3086799, 63.3780999], [-41.3010099, 63.3748799], [-41.2009301, 63.35626], [-41.1751599, 63.3395001], [-41.16295, 63.34379], [-41.1244401, 63.3159599], [-41.1294501, 63.30668], [-41.1193301, 63.3045199], [-41.1328801, 63.2992], [-41.21435, 63.34556], [-41.2162999, 63.33759], [-41.24311, 63.3490701], [-41.2736699, 63.3465399], [-41.31573, 63.36658], [-41.3958301, 63.3630899], [-41.41079, 63.39202], [-41.3923701, 63.39694], [-41.43148, 63.42072], [-41.5005501, 63.4266899], [-41.5116999, 63.4235501], [-41.50373, 63.41729], [-41.51617, 63.41592], [-41.56501, 63.42875], [-41.6037399, 63.4651599], [-41.6320999, 63.4718001], [-41.6539899, 63.49802], [-41.6877801, 63.5040501], [-41.69417, 63.5354001], [-41.7470568, 63.559007], [-41.7571197, 63.5663794], [-41.7496642, 63.5761034], [-41.7586259, 63.5908131], [-41.7803987, 63.596332], [-41.7823047, 63.5878396], [-41.7736526, 63.5824058], [-41.7834725, 63.5764979], [-41.7602828, 63.56812], [-41.7519351, 63.5530983], [-41.7673014, 63.5478238], [-41.7392184, 63.511804], [-41.77256, 63.5098499], [-41.88373, 63.47566], [-41.9345507, 63.4705951], [-41.9173661, 63.4555409], [-41.9260821, 63.4385688], [-41.8955701, 63.4285699], [-41.89407, 63.41939], [-41.8796899, 63.4155799], [-41.8461901, 63.38016], [-41.77011, 63.3721901], [-41.6933, 63.3345001], [-41.6996776, 63.3215981], [-41.7203699, 63.31658], [-41.76801, 63.33256], [-41.8361801, 63.3366001], [-41.7695001, 63.31256], [-41.7701, 63.3010301], [-41.7988401, 63.2922799], [-41.6867899, 63.2982799], [-41.6806654, 63.309033], [-41.6698331, 63.3105259], [-41.6198699, 63.29441], [-41.5708499, 63.2579299], [-41.5741083, 63.2512222], [-41.6321901, 63.25477], [-41.63839, 63.24799], [-41.5531, 63.2403401], [-41.4900001, 63.2127899], [-41.48917, 63.19335], [-41.51197, 63.18501], [-41.5088809, 63.1784616], [-41.5168199, 63.17239], [-41.5045899, 63.1651901], [-41.50385, 63.1501], [-41.49292, 63.14134], [-41.4742101, 63.14755], [-41.4537699, 63.13331], [-41.4637401, 63.1308399], [-41.45136, 63.13156], [-41.4407295, 63.12131], [-41.45751, 63.1173801], [-41.4327342, 63.1138547], [-41.43556, 63.10496], [-41.4747701, 63.1076099], [-41.50105, 63.0979499], [-41.4897801, 63.10478], [-41.5086899, 63.10778], [-41.51451, 63.0966801], [-41.5653228, 63.0868975], [-41.61411, 63.11765], [-41.61704, 63.1345001], [-41.7302651, 63.160878], [-41.8079225, 63.2085774], [-41.8298814, 63.2040047], [-41.8493341, 63.2216998], [-41.9255934, 63.2205706], [-42.1142726, 63.2600111], [-42.0873014, 63.2476044], [-42.0409968, 63.2442199], [-42.0294207, 63.2310539], [-41.9508938, 63.2108904], [-41.9426593, 63.2024444], [-41.8607909, 63.1930272], [-41.7720006, 63.1457873], [-41.69606, 63.12968], [-41.67219, 63.1160599], [-41.66716, 63.11052], [-41.6763, 63.1116199], [-41.6725799, 63.10812], [-41.62925, 63.0912699], [-41.63625, 63.09062], [-41.6210899, 63.0822], [-41.6324299, 63.08276], [-41.62438, 63.07497], [-41.5403735, 63.030516], [-41.58211, 63.02469], [-41.6185101, 63.03464], [-41.6664764, 63.0315341], [-41.7102012, 63.03789], [-41.7084899, 63.0446], [-41.75991, 63.0575501], [-41.7680349, 63.0674364], [-41.7938158, 63.0620787], [-41.7630401, 63.05493], [-41.75557, 63.04151], [-41.74999, 63.0421299], [-41.75263, 63.05219], [-41.7237901, 63.04238], [-41.7365539, 63.0383692], [-41.7247143, 63.0383394], [-41.7342699, 63.02785], [-41.75131, 63.0262399], [-41.8873499, 63.05706], [-41.88073, 63.06129], [-41.903885, 63.1007623], [-41.9465701, 63.0969086], [-41.9360938, 63.0921852], [-41.9489529, 63.0878247], [-41.95891, 63.0893699], [-41.9556099, 63.0958399], [-41.9621799, 63.09929], [-41.9947599, 63.1029499], [-41.9957401, 63.0960201], [-41.9440599, 63.0738099], [-41.9631799, 63.0703401], [-41.9656001, 63.0580001], [-41.9737301, 63.0575701], [-42.0042604, 63.0902499], [-42.0682604, 63.1310572], [-42.062149, 63.1472415], [-42.0815018, 63.1674782], [-42.1460912, 63.2111857], [-42.1961756, 63.200639], [-42.1754647, 63.1822253], [-42.182482, 63.1717857], [-42.1451401, 63.14526], [-42.14242, 63.12792], [-42.1611601, 63.1104701], [-42.2252101, 63.10686], [-42.23828, 63.0999], [-42.1473701, 63.09273], [-42.05839, 63.0685701], [-42.0225599, 63.04963], [-42.0130273, 63.027738], [-42.04794, 63.0172101], [-42.1423701, 63.0307601], [-42.1912442, 63.0270608], [-42.1469401, 63.00518], [-42.0992, 63.0011199], [-42.06685, 63.0095], [-42.01371, 63.0022001], [-41.97735, 63.01015], [-41.9667499, 62.99449], [-41.9696744, 62.9821102], [-41.9568652, 62.9777], [-41.9520599, 62.9912199], [-41.97046, 63.0171901], [-41.9666033, 63.0242662], [-41.86582, 63.0216601], [-41.8370801, 63.00995], [-41.8184299, 63.0151901], [-41.7892899, 63.0050099], [-41.7985866, 62.9950506], [-41.7818, 63.0031099], [-41.7621699, 62.99812], [-41.7746497, 62.9816336], [-41.74868, 62.99839], [-41.69105, 62.99002], [-41.6836, 62.97634], [-41.67208, 62.9856499], [-41.6079956, 62.9809903], [-41.6046001, 62.96092], [-41.62936, 62.9570601], [-41.6162099, 62.94613], [-41.60826, 62.94832], [-41.6023099, 62.9320501], [-41.63534, 62.9089101], [-41.6564101, 62.9184999], [-41.63784, 62.90554], [-41.64072, 62.90011], [-41.68837, 62.88743], [-41.71828, 62.90145], [-41.75597, 62.90251], [-41.7688399, 62.91096], [-41.7722701, 62.9265099], [-41.79269, 62.91689], [-41.7804199, 62.89998], [-41.7835099, 62.8881499], [-41.76744, 62.8813], [-41.77587, 62.86961], [-41.75357, 62.87696], [-41.75089, 62.8662599], [-41.8175299, 62.85983], [-41.7579499, 62.84897], [-41.7601699, 62.83972], [-41.75244, 62.8349999], [-41.78178, 62.82547], [-41.7733801, 62.81949], [-41.8129, 62.82317], [-41.8436599, 62.8055399], [-41.8699099, 62.81371], [-41.8938199, 62.83217], [-41.9450499, 62.8405799], [-41.9687201, 62.8309901], [-41.99481, 62.83697], [-41.9893901, 62.84707], [-41.9999799, 62.86297], [-41.9389301, 62.89421], [-41.9496042, 62.8988005], [-41.9927599, 62.88564], [-41.99725, 62.86917], [-42.0069799, 62.86564], [-42.01834, 62.8725601], [-42.0437601, 62.86894], [-42.00838, 62.83284], [-42.01539, 62.82193], [-42.00249, 62.8217], [-42.01312, 62.81891], [-42.00213, 62.8127501], [-42.00316, 62.79813], [-41.98434, 62.7916201], [-42.02405, 62.7755399], [-42.0590467, 62.7761496], [-42.06219, 62.78227], [-42.181702, 62.8061691], [-42.2143802, 62.8035405], [-42.2313765, 62.812825], [-42.27138, 62.8035399], [-42.3471284, 62.8020291], [-42.35621, 62.82138], [-42.3766301, 62.8383101], [-42.3626299, 62.85298], [-42.2829199, 62.8718901], [-42.2193271, 62.8609963], [-42.211433, 62.8657495], [-42.2778199, 62.8814799], [-42.3586983, 62.8708335], [-42.3794896, 62.8871903], [-42.27874, 62.9348499], [-42.2493821, 62.9356498], [-42.2736811, 62.9421751], [-42.3415206, 62.9337022], [-42.3778799, 62.91254], [-42.4125618, 62.9046311], [-42.4610765, 62.9237716], [-42.4764263, 62.9175259], [-42.4403, 62.9013], [-42.42504, 62.8860499], [-42.4343392, 62.8592841], [-42.5018241, 62.8557954], [-42.5706881, 62.8661326], [-42.5899049, 62.8603374], [-42.5917529, 62.8437059], [-42.4361036, 62.8350719], [-42.4056501, 62.8204499], [-42.42415, 62.79183], [-42.4536, 62.78779], [-42.498623, 62.7666339], [-42.52612, 62.7816301], [-42.5365199, 62.81005], [-42.5509599, 62.82071], [-42.584858, 62.8270784], [-42.5798136, 62.8124563], [-42.5852301, 62.8071291], [-42.572, 62.80045], [-42.5642099, 62.77068], [-42.5229047, 62.7461112], [-42.50145, 62.7151499], [-42.4954152, 62.6912934], [-42.51866, 62.7003799], [-42.5282, 62.7219101], [-42.55878, 62.72331], [-42.57894, 62.73778], [-42.582979, 62.754591], [-42.5992231, 62.7595304], [-42.6089302, 62.7555086], [-42.61829, 62.72397], [-42.5636126, 62.6926906], [-42.6164, 62.6743301], [-42.6441001, 62.6731001], [-42.6501101, 62.6811399], [-42.6348901, 62.6979299], [-42.6428099, 62.7169299], [-42.67822, 62.74367], [-42.6967001, 62.7775001], [-42.7248924, 62.7903176], [-42.7420473, 62.7869531], [-42.7222601, 62.76966], [-42.7186001, 62.74286], [-42.6710399, 62.69263], [-42.6911599, 62.6752], [-42.6857199, 62.6674], [-42.8104699, 62.7017199], [-42.8548099, 62.6953799], [-43.0038659, 62.7198324], [-43.0451364, 62.7143148], [-43.11115, 62.7551912], [-43.1509725, 62.765981], [-43.157985, 62.7833669], [-43.1786946, 62.7813896], [-43.1871009, 62.7699846], [-43.2186255, 62.7698196], [-43.208358973976544, 62.753240798953826], [-43.5094652, 62.7271506], [-43.9999869, 62.7471946], [-47.604901, 61.0695597], [-47.7268704, 61.0298956], [-47.84565245044627, 61.03286030057462], [-47.8270241, 61.0417156]]]]}}]}