{"type":"FeatureCollection","features":[{"type":"Feature","properties":{"slug":"okayama","member_count":26,"matched_count":26,"unmatched":[],"source":"Overture Maps division_area (CC-BY 4.0)"},"geometry":{"type":"MultiPolygon","coordinates":[[[[133.454468,34.339721],[133.435033,34.338003],[133.427825,34.344539],[133.436357,34.351425],[133.454468,34.339721]]],[[[133.285058,34.337852],[133.264279,34.333333],[133.262281,34.345895],[133.287461,34.357213],[133.285058,34.337852]]],[[[133.580872,34.351134],[133.566462,34.352565],[133.59009,34.362691],[133.591232,34.358984],[133.580872,34.351134]]],[[[133.325153,34.360029],[133.342527,34.36998],[133.33784,34.356333],[133.304701,34.343199],[133.288953,34.355867],[133.314723,34.372348],[133.325153,34.360029]]],[[[133.554242,34.393011],[133.545092,34.377292],[133.560201,34.37631],[133.558617,34.367024],[133.545718,34.366556],[133.516172,34.384361],[133.543425,34.401666],[133.554242,34.393011]]],[[[133.522898,34.399119],[133.511859,34.390036],[133.505159,34.40348],[133.525518,34.416186],[133.522898,34.399119]]],[[[133.499993,34.423771],[133.506899,34.433347],[133.516231,34.433707],[133.505678,34.424153],[133.499993,34.423771]]],[[[133.5978202,34.492774599999976],[133.588766,34.482401],[133.600914,34.472707],[133.540293,34.461311],[133.529537,34.477153],[133.518329,34.479154],[133.510105,34.498792],[133.486823,34.513],[133.528078,34.468459],[133.524171,34.45116],[133.501064,34.451793],[133.488848,34.441113],[133.473001,34.443944],[133.48899,34.457177],[133.484469,34.46578],[133.4562516,34.4545373],[133.455294,34.477384],[133.444771,34.48444],[133.442713,34.445162],[133.414523,34.459242],[133.415342,34.478271],[133.433984,34.478321],[133.381845,34.48052],[133.408436,34.478452],[133.408189,34.457209],[133.440503,34.436383],[133.431261,34.424118],[133.402061,34.442707],[133.407712,34.4283],[133.385449,34.420535],[133.38372860000004,34.3814341],[133.347586,34.365514],[133.344212,34.378335],[133.28535749999998,34.38799139999998],[133.296569,34.398476],[133.292506,34.408818],[133.2729156917513,34.41354727984276],[133.269422,34.425908],[133.275712,34.427303],[133.255871,34.441113],[133.25402,34.423469],[133.24209210000004,34.43590560000003],[133.24460671622012,34.42334263112179],[133.239031,34.440847],[133.225796,34.451656],[133.237187,34.447098],[133.240056,34.455004],[133.210684,34.470418],[133.22823,34.476676],[133.232921,34.499562],[133.240181,34.502397],[133.235073,34.514132],[133.215816,34.50847],[133.21146,34.518538],[133.221317,34.531672],[133.23493,34.529067],[133.269929,34.555736],[133.262756,34.567206],[133.266256,34.576014],[133.237146,34.601773],[133.229512,34.632665],[133.25485,34.652066],[133.259362,34.648812],[133.265471,34.663879],[133.284654,34.660324],[133.285621,34.669045],[133.290264,34.645551],[133.303304,34.647871],[133.313792,34.636501],[133.31953,34.652583],[133.337871,34.665876],[133.338409,34.679613],[133.367901,34.690317],[133.358688,34.711622],[133.371606,34.71343],[133.358231,34.733346],[133.369648,34.744586],[133.361847,34.7556],[133.376847,34.781753],[133.369797,34.789774],[133.378086,34.80836],[133.352986,34.830643],[133.336091,34.834745],[133.330664,34.855925],[133.295254,34.89556],[133.309446,34.937045],[133.297262,34.956004],[133.303079,34.972044],[133.321726,34.987926],[133.319622,35.008626],[133.266927,35.052431],[133.290824,35.070944],[133.29094,35.100359],[133.325517,35.093469],[133.338222,35.106563],[133.354874,35.100771],[133.378788,35.114666],[133.403363,35.114321],[133.412618,35.133493],[133.393362,35.169145],[133.396101,35.180596],[133.407439,35.185882],[133.447556,35.171296],[133.508051,35.193092],[133.541183,35.168104],[133.538581,35.151435],[133.562597,35.147913],[133.58367,35.154864],[133.588872,35.184172],[133.606185,35.185354],[133.6094,35.193019],[133.597178,35.214667],[133.596442,35.240929],[133.566637,35.25559],[133.56677,35.26581],[133.576786,35.314414],[133.596414,35.344896],[133.649177,35.336337],[133.677362,35.319293],[133.696062,35.326924],[133.727134,35.31701],[133.745013,35.319602],[133.783733,35.294765],[133.799874,35.292693],[133.8181462,35.25263389999999],[133.8320762,35.2488319],[133.8445732,35.2494939],[133.8659432,35.2722589],[133.8621392,35.2925039],[133.9252222,35.3068989],[133.9341002,35.3351269],[133.9453212,35.3326159],[133.9696332,35.3478339],[133.9796892,35.3433759],[133.9976682,35.3528999],[134.0148062,35.3503909],[134.015509,35.334078],[133.999418,35.314802],[134.008119,35.308174],[134.070216,35.297274],[134.097759,35.305697],[134.115818,35.283501],[134.13924,35.279047],[134.137601,35.269564],[134.150579,35.257956],[134.137475,35.239246],[134.164184,35.227976],[134.152977,35.196588],[134.164951,35.187981],[134.167534,35.171826],[134.177288,35.169158],[134.190119,35.176074],[134.193474,35.189123],[134.221618,35.190422],[134.260308,35.210893],[134.278461,35.196871],[134.321218,35.201817],[134.336655,35.219603],[134.371922,35.234165],[134.37296,35.245802],[134.398002,35.250253],[134.4029096,35.2414384],[134.396939,35.227471],[134.382517,35.221724],[134.379983,35.209356],[134.382993,35.194439],[134.411083,35.186967],[134.406184,35.165777],[134.411632,35.151962],[134.367393,35.146961],[134.349551,35.090223],[134.319083,35.083442],[134.316332,35.0432],[134.28348,35.037977],[134.267598,35.021537],[134.265762,35.004967],[134.286125,34.995264],[134.269583,34.978694],[134.276591,34.977135],[134.276956,34.96333],[134.253551,34.944064],[134.295015,34.907462],[134.262676,34.883931],[134.267075,34.875478],[134.253658,34.853066],[134.265311,34.840448],[134.263821,34.826683],[134.287446,34.828798],[134.287931,34.821559],[134.316361,34.802574],[134.315828,34.781041],[134.334789,34.768888],[134.321531,34.761709],[134.313027,34.738397],[134.323651,34.731044],[134.32172878161958,34.72194527297211],[134.315097,34.732152],[134.298221,34.73653],[134.283297,34.730032],[134.2754682,34.7344918],[134.27638820000004,34.7281804],[134.267989,34.7303632],[134.268706,34.719211],[134.24411,34.715307],[134.22788,34.721884],[134.2287285,34.7313033],[134.203984,34.730466],[134.182605,34.740373],[134.180362,34.735065],[134.20509,34.726556],[134.193915,34.720142],[134.197593,34.715026],[134.214175,34.71528],[134.206951,34.709571],[134.235912,34.714778],[134.245259,34.701016],[134.215019,34.682536],[134.222185,34.681854],[134.217909,34.675804],[134.204246,34.672848],[134.210348,34.666698],[134.19193,34.665277],[134.198473,34.659558],[134.188526,34.650806],[134.170558,34.65286],[134.173744,34.632017],[134.184112,34.636821],[134.185531,34.631257],[134.170586,34.613935],[134.147555,34.617025],[134.134361,34.607822],[134.138374,34.599571],[134.119938,34.588624],[134.085919,34.58024],[134.079736,34.586464],[134.060442,34.584553],[134.05328,34.59599],[134.063885,34.607817],[134.04746,34.597684],[134.041609,34.61241],[134.029705,34.605987],[133.99602080000003,34.613552900000016],[133.979981,34.600616],[133.94600909999997,34.5990445],[133.95884250000003,34.584052],[133.972842,34.594148],[134.032498,34.597912],[134.046969,34.576339],[134.030808,34.569562],[134.03209,34.551297],[134.000987,34.544819],[133.995833,34.525193],[134.004736,34.512866],[133.977745,34.533055],[133.9594691,34.522727],[133.9564814,34.50596939999998],[133.964811,34.49522],[133.93805179999998,34.481078400000015],[133.934364,34.4732492],[133.943219,34.455234],[133.934745,34.450913],[133.882312,34.456149],[133.836342,34.474653],[133.808912,34.461562],[133.821317,34.429394],[133.788041,34.435645],[133.766613,34.472374],[133.759631,34.470374],[133.759642,34.486072],[133.748316,34.48952],[133.739726,34.524949],[133.735081,34.49853],[133.719036,34.503811],[133.718942,34.496334],[133.737109,34.490525],[133.740194,34.469852],[133.730404,34.483973],[133.717038,34.48813],[133.704313,34.488175],[133.705488,34.526744],[133.679374,34.52453],[133.690783,34.519736],[133.690569,34.512319],[133.670193,34.5073],[133.676972,34.518311],[133.669823,34.517701],[133.666617,34.526843],[133.670278,34.539668],[133.664083,34.532358],[133.664982,34.519127],[133.648076,34.512118],[133.647685,34.504925],[133.625409,34.501018],[133.617093,34.491205],[133.5978202,34.492774599999976]],[[134.165189,35.169509],[134.167186,35.170899],[134.167534,35.171826],[134.165189,35.169509]],[[134.21652,35.189489],[134.216555,35.188956],[134.21661308388204,35.18869951077837],[134.21652,35.189489]],[[134.28115219715855,35.19635587675286],[134.28124,35.196474],[134.281335,35.196703],[134.28115219715855,35.19635587675286]],[[134.382993,35.194439],[134.382106,35.19428],[134.381585,35.194129],[134.382993,35.194439]],[[134.381585,35.194129],[134.380979,35.192609],[134.38104186055597,35.191730679442884],[134.381585,35.194129]],[[133.71437297031443,34.952818102339094],[133.714954,34.953031],[133.71579536487792,34.9542315196578],[133.71437297031443,34.952818102339094]],[[133.7146461205424,34.951531991276795],[133.714506,34.951872],[133.71425695382644,34.952210330483105],[133.7146461205424,34.951531991276795]],[[133.71501573719004,34.9508877289257],[133.715005,34.950908],[133.7150010287494,34.95091336655483],[133.71501573719004,34.9508877289257]],[[133.717374,34.949646],[133.715982,34.950538],[133.715229,34.950516],[133.717374,34.949646]],[[133.716637,34.948136],[133.717465,34.948659],[133.717374,34.949646],[133.716637,34.948136]],[[133.71836239073016,34.94616726549812],[133.718069,34.94719],[133.71738444508816,34.947283137568554],[133.71836239073016,34.94616726549812]],[[133.71834630936326,34.9439771112746],[133.719025,34.944467],[133.718913,34.945539],[133.71834630936326,34.9439771112746]],[[133.71877421707933,34.94256861657402],[133.718439,34.942956],[133.71821470072035,34.94317730657976],[133.71877421707933,34.94256861657402]],[[133.719785,34.941469],[133.719584,34.941704],[133.71941443929703,34.94187212779563],[133.719785,34.941469]],[[133.71922577262052,34.940306830612705],[133.719749,34.940857],[133.719785,34.941469],[133.71922577262052,34.940306830612705]],[[133.719728,34.936922],[133.719179,34.938755],[133.718736,34.939289],[133.719728,34.936922]],[[133.7195525284973,34.935520631697564],[133.719764,34.936182],[133.719728,34.936922],[133.7195525284973,34.935520631697564]],[[133.719227462762,34.93203883563218],[133.719821,34.932175],[133.720336,34.933486],[133.719227462762,34.93203883563218]],[[133.7183334931288,34.93087178327279],[133.718672,34.93103],[133.71872061416087,34.93137715895565],[133.7183334931288,34.93087178327279]],[[133.71701,34.929144],[133.717724,34.929761],[133.71786166475263,34.93025582452074],[133.71701,34.929144]],[[133.717489,34.925937],[133.718216,34.927017],[133.717959,34.927987],[133.717489,34.925937]],[[133.713919,34.922724],[133.713969,34.923787],[133.71392912567777,34.92392768994422],[133.713919,34.922724]],[[133.71344653654432,34.92201876066202],[133.713669,34.922289],[133.713919,34.922724],[133.71344653654432,34.92201876066202]],[[133.71349061027257,34.91703375377342],[133.713243,34.917664],[133.7130715482678,34.91783295788883],[133.71349061027257,34.91703375377342]],[[133.7149487646368,34.91425286942807],[133.714835,34.914755],[133.71435508676947,34.915385088024365],[133.7149487646368,34.91425286942807]],[[133.71631675888005,34.912740979566856],[133.71608,34.912941],[133.715429,34.913337],[133.71631675888005,34.912740979566856]],[[133.71752,34.908719],[133.7168220693483,34.90829528991538],[133.717623,34.911864],[133.71752,34.908719]],[[133.71586578020305,34.90771473172717],[133.7161882,34.9078314],[133.71645610555726,34.90807311519288],[133.71586578020305,34.90771473172717]],[[133.7134415311166,34.90624298266005],[133.714191,34.9065075],[133.71439976900803,34.90682472392198],[133.7134415311166,34.90624298266005]],[[133.711572,34.905108],[133.7113204525653,34.90421502863374],[133.71186572779442,34.905286320623006],[133.711572,34.905108]],[[133.71089434489755,34.90296996514428],[133.7109452,34.9029865],[133.71092961811374,34.903006686842346],[133.71089434489755,34.90296996514428]],[[133.70954315787438,34.90156329211409],[133.7098642,34.9017315],[133.70989611621516,34.901930744561625],[133.70954315787438,34.90156329211409]],[[133.70827354236715,34.90024154030468],[133.7086146,34.9004708],[133.708664684765,34.90064874482381],[133.70827354236715,34.90024154030468]],[[133.705501,34.893312],[133.70483971676242,34.8928969480053],[133.7054805,34.8929397],[133.705501,34.893312]],[[133.70402196944863,34.89288308308362],[133.7042612,34.8927859],[133.70456633031878,34.89282262384454],[133.70402196944863,34.89288308308362]],[[133.7027246861319,34.893027165376274],[133.7027327,34.8930242],[133.70274677229142,34.89302471238512],[133.7027246861319,34.893027165376274]],[[133.70001167226025,34.89332848526036],[133.7008025,34.8931654],[133.70108332341593,34.89320946272038],[133.70001167226025,34.89332848526036]],[[133.69646479903795,34.891597057016135],[133.6968187,34.8915904],[133.6970509674778,34.89163732694344],[133.69646479903795,34.891597057016135]],[[133.69469279812571,34.89147532008344],[133.6949857,34.8914126],[133.69614475605513,34.89157506997832],[133.69469279812571,34.89147532008344]],[[133.690348,34.888288],[133.68981568501368,34.88807786407023],[133.69117020598634,34.88904431322611],[133.690348,34.888288]],[[133.685058,34.883496],[133.685434,34.883872],[133.68542458812922,34.88423600162302],[133.685058,34.883496]],[[133.6830914631862,34.882454235365536],[133.683052,34.882064],[133.683126,34.882404],[133.6830914631862,34.882454235365536]],[[133.68275,34.880434],[133.682019,34.881123],[133.68136,34.881537],[133.68275,34.880434]],[[133.682337,34.87817],[133.682938,34.879107],[133.68275,34.880434],[133.682337,34.87817]],[[133.68155056951605,34.87851470489843],[133.681818,34.878043],[133.682337,34.87817],[133.68155056951605,34.87851470489843]],[[133.67807997221334,34.87809710743732],[133.678618,34.878069],[133.679002,34.878187],[133.67807997221334,34.87809710743732]],[[133.674971,34.877794],[133.676201,34.877764],[133.67680246393596,34.877972557511],[133.674971,34.877794]],[[133.67068307725913,34.87726194856465],[133.672568,34.877738],[133.673089,34.878358],[133.67068307725913,34.87726194856465]],[[133.667155,34.874762],[133.668877,34.875612],[133.670411,34.877138],[133.667155,34.874762]],[[133.662603,34.868661],[133.66364,34.870376],[133.66392,34.871483],[133.662603,34.868661]],[[133.664572,34.86469],[133.664614,34.865065],[133.66415827171505,34.8655243905635],[133.664572,34.86469]],[[133.66247952720093,34.8617332901751],[133.663804,34.863554],[133.664572,34.86469],[133.66247952720093,34.8617332901751]],[[133.66062605572623,34.85911429444813],[133.660765,34.859292],[133.66087814533515,34.85947050257847],[133.66062605572623,34.85911429444813]],[[133.65944736852973,34.85744878366304],[133.659578,34.857626],[133.65962853980363,34.85770478263505],[133.65944736852973,34.85744878366304]],[[133.65668282300888,34.85379110240206],[133.656843,34.853957],[133.65690042229076,34.85406937480556],[133.65668282300888,34.85379110240206]],[[133.654469,34.85096],[133.655149,34.851622],[133.65609674941828,34.853041614144196],[133.654469,34.85096]],[[133.6524277911954,34.850670906780536],[133.653215,34.850589],[133.654469,34.85096],[133.6524277911954,34.850670906780536]],[[133.64844964841282,34.84774588818452],[133.650344,34.848105],[133.651734,34.848956],[133.64844964841282,34.84774588818452]],[[133.64666852264898,34.84613479390206],[133.647356,34.846873],[133.647785,34.847501],[133.64666852264898,34.84613479390206]],[[133.64507661566768,34.8417592860998],[133.645264,34.842102],[133.6455477215609,34.84330544546387],[133.64507661566768,34.8417592860998]],[[133.64453827857625,34.83999247539546],[133.64483,34.840686],[133.64487240494606,34.841089070923],[133.64453827857625,34.83999247539546]],[[133.64431033536584,34.83969081097561],[133.644396,34.839752],[133.644497,34.839857],[133.64431033536584,34.83969081097561]],[[133.64079,34.833399],[133.640877,34.833823],[133.64073668410404,34.83394017498602],[133.64079,34.833399]],[[133.6401177230112,34.832659204911906],[133.640204,34.832726],[133.64035692989378,34.83292243581183],[133.6401177230112,34.832659204911906]],[[133.6427977464882,34.82902422857848],[133.642423,34.829184],[133.64139,34.829448],[133.6427977464882,34.82902422857848]],[[133.647983,34.826158],[133.647368,34.827214],[133.645961,34.828072],[133.647983,34.826158]],[[133.64843079002938,34.82338630022945],[133.64852,34.823482],[133.648493,34.823662],[133.64843079002938,34.82338630022945]],[[133.647687,34.82009],[133.647875,34.820514],[133.64784868736106,34.82080655986822],[133.647687,34.82009]],[[133.649812,34.819082],[133.650833,34.818245],[133.651331,34.818459],[133.649812,34.819082]],[[133.64791608078133,34.81592821009716],[133.648099,34.816151],[133.64807913690242,34.81743048698945],[133.64791608078133,34.81592821009716]],[[133.647745,34.814352],[133.64781,34.814859],[133.6478084037057,34.81493615422446],[133.647745,34.814352]],[[133.65094390443323,34.81160946256138],[133.650861,34.813091],[133.649935,34.813544],[133.65094390443323,34.81160946256138]],[[133.65501917067365,34.80628489346574],[133.654948,34.806907],[133.651922,34.809734],[133.65501917067365,34.80628489346574]],[[133.65528997602075,34.80598331612607],[133.655258,34.806057],[133.6550941355585,34.806201410215564],[133.65528997602075,34.80598331612607]],[[133.656507,34.804628],[133.656319,34.805219],[133.65540107035181,34.80585959798989],[133.656507,34.804628]],[[133.657266,34.80343211360184],[133.657014,34.80439],[133.656507,34.804628],[133.657266,34.80343211360184]],[[133.65895091418608,34.80077734949483],[133.658449,34.803003],[133.65746676278874,34.80311579016531],[133.65895091418608,34.80077734949483]],[[133.658759,34.799302],[133.659826,34.799851],[133.659139,34.800481],[133.658759,34.799302]],[[133.65996738315408,34.7975783342335],[133.659876,34.797874],[133.65925362240395,34.798596459127324],[133.65996738315408,34.7975783342335]],[[133.65944348290205,34.7942742202474],[133.660325,34.795116],[133.660621,34.796646],[133.65944348290205,34.7942742202474]],[[133.66078924943866,34.78996437612874],[133.660657,34.790315],[133.6605947997987,34.79036859388414],[133.66078924943866,34.78996437612874]],[[133.662349,34.786722],[133.662096,34.788153],[133.66144773284745,34.78859553489301],[133.662349,34.786722]],[[133.66142521614418,34.78447022845539],[133.661727,34.784721],[133.66180035155065,34.78538464066161],[133.66142521614418,34.78447022845539]],[[133.661317,34.7816],[133.66206,34.782339],[133.661156,34.783814],[133.661317,34.7816]],[[133.6566783091513,34.781099727483074],[133.660131,34.780959],[133.661317,34.7816],[133.6566783091513,34.781099727483074]],[[133.65548775761684,34.78097132914137],[133.655606,34.780958],[133.65577644426665,34.78100246335609],[133.65548775761684,34.78097132914137]],[[133.6543628833064,34.78044591333747],[133.65461,34.780513],[133.654984,34.780917],[133.6543628833064,34.78044591333747]],[[133.653357,34.779683],[133.653538,34.779731],[133.65389436217646,34.78009056295374],[133.653357,34.779683]],[[133.65318450041468,34.779346694808446],[133.653321,34.779525],[133.65330452113392,34.77958068720266],[133.65318450041468,34.779346694808446]],[[133.65265887177503,34.77832192921262],[133.653093,34.778748],[133.6530328079013,34.77905095508437],[133.65265887177503,34.77832192921262]],[[133.652107,34.777246],[133.652186,34.777354],[133.65218463979474,34.77739736654384],[133.652107,34.777246]],[[133.65011952076534,34.775864667782784],[133.650295,34.775952],[133.6503530994342,34.77602700897102],[133.65011952076534,34.775864667782784]],[[133.646186,34.77028],[133.648492,34.77382],[133.648615,34.774819],[133.646186,34.77028]],[[133.64641,34.765915],[133.647176,34.767012],[133.646309304194,34.76787721961216],[133.64641,34.765915]],[[133.64392958122593,34.76493732844425],[133.644458,34.765089],[133.6454942286989,34.76555404338977],[133.64392958122593,34.76493732844425]],[[133.64122312139358,34.76329422096798],[133.642881,34.764003],[133.64333,34.764701],[133.64122312139358,34.76329422096798]],[[133.64059547545227,34.762875136950946],[133.640641,34.762902],[133.6406720785808,34.762926285448394],[133.64059547545227,34.762875136950946]],[[133.639737,34.761454],[133.639893,34.761637],[133.64002793976871,34.7622791974514],[133.639737,34.761454]],[[133.636173,34.758886],[133.636354,34.759065],[133.63661128650938,34.759680130057966],[133.636173,34.758886]],[[133.63407381624097,34.75861286985951],[133.634387,34.758609],[133.63464941794,34.75868776286126],[133.63407381624097,34.75861286985951]],[[133.63177623792245,34.75916819828335],[133.631843,34.758645],[133.63253,34.758412],[133.63177623792245,34.75916819828335]],[[133.629436,34.761516],[133.629874,34.760679],[133.6304159898749,34.760532842737014],[133.629436,34.761516]],[[133.62681207990858,34.76020196570915],[133.626942,34.76024],[133.62737948355405,34.76048611607233],[133.62681207990858,34.76020196570915]],[[133.624376,34.758982],[133.625257,34.758847],[133.6262392270804,34.75991508644697],[133.624376,34.758982]],[[133.62194864759212,34.75522971755348],[133.623274,34.756279],[133.623421,34.756513],[133.62194864759212,34.75522971755348]],[[133.621889,34.750445],[133.622192,34.751013],[133.62205,34.751647],[133.621889,34.750445]],[[133.61528897902363,34.74555168547885],[133.616288,34.746104],[133.621889,34.750445],[133.61528897902363,34.74555168547885]],[[133.613741,34.744404],[133.614792,34.745088],[133.6151157911302,34.745423282427275],[133.613741,34.744404]],[[133.612467,34.744204],[133.613316,34.74432],[133.613741,34.744404],[133.612467,34.744204]],[[133.61128818509826,34.742957928520504],[133.611759,34.743319],[133.61209657907648,34.74381244493267],[133.61128818509826,34.742957928520504]],[[133.608839,34.739155],[133.609478,34.739977],[133.610206,34.741814],[133.608839,34.739155]],[[133.6086720026421,34.73913665444938],[133.60869,34.739136],[133.608839,34.739155],[133.6086720026421,34.73913665444938]],[[133.6073609212062,34.73899262515963],[133.607597,34.738979],[133.60769236856046,34.739029036419616],[133.6073609212062,34.73899262515963]],[[133.60612474644705,34.73834667807852],[133.606162,34.738361],[133.60631710372326,34.738563189807216],[133.60612474644705,34.73834667807852]],[[133.605529,34.735623],[133.605474,34.736324],[133.60538549146756,34.73682554835044],[133.605529,34.735623]],[[133.6037514265185,34.73541515505374],[133.605231,34.735416],[133.605529,34.735623],[133.6037514265185,34.73541515505374]],[[133.601612,34.735165],[133.602239,34.735232],[133.6022602774852,34.73524080063524],[133.601612,34.735165]],[[133.59653378569834,34.73179506395273],[133.597676,34.732161],[133.598643,34.733729],[133.59653378569834,34.73179506395273]],[[133.594335,34.729779],[133.594336,34.729779],[133.59434063908057,34.72978417046618],[133.594335,34.729779]],[[133.59236575484485,34.72697225977886],[133.592496,34.72709],[133.5925960126984,34.72730044338622],[133.59236575484485,34.72697225977886]],[[133.591464,34.725687],[133.591646,34.725871],[133.5916792605304,34.72599380811233],[133.591464,34.725687]],[[133.59017082375337,34.725607115426406],[133.590554,34.725454],[133.591464,34.725687],[133.59017082375337,34.725607115426406]],[[133.58794783390888,34.725469792616536],[133.589155,34.725252],[133.58945318071807,34.725562783798736],[133.58794783390888,34.725469792616536]],[[133.58330440118425,34.72286698478412],[133.583996,34.723235],[133.58418811019686,34.72366945182099],[133.58330440118425,34.72286698478412]],[[133.581816,34.719246],[133.582385,34.720817],[133.582223,34.721885],[133.581816,34.719246]],[[133.584448,34.718462],[133.582971,34.719264],[133.581816,34.719246],[133.584448,34.718462]],[[133.58396458400102,34.71717630462415],[133.584367,34.717644],[133.584448,34.718462],[133.58396458400102,34.71717630462415]],[[133.583032,34.714696],[133.583214,34.71498],[133.58329026801096,34.71538289076921],[133.583032,34.714696]],[[133.583982,34.712108],[133.584023,34.712826],[133.583032,34.714696],[133.583982,34.712108]],[[133.58647726745383,34.71051982765208],[133.586393,34.710625],[133.58622390581837,34.710681085693906],[133.58647726745383,34.71051982765208]],[[133.589143,34.711276],[133.588354,34.710826],[133.587283,34.710007],[133.589143,34.711276]],[[133.591307,34.711477],[133.589952,34.71141],[133.589143,34.711276],[133.591307,34.711477]],[[133.59292928325644,34.712238681772845],[133.592284,34.712135],[133.5919996242575,34.71180219553554],[133.59292928325644,34.712238681772845]],[[133.594259,34.712863],[133.593875,34.712779],[133.5932010927468,34.712366299643314],[133.594259,34.712863]],[[133.59736723102048,34.71138879819343],[133.597345,34.71141],[133.5973432580755,34.71141081019744],[133.59736723102048,34.71138879819343]],[[133.59996348572852,34.7090049121461],[133.599495,34.710464],[133.59832149699574,34.71051258934659],[133.59996348572852,34.7090049121461]],[[133.60409646417,34.70878820457116],[133.603067,34.708905],[133.6017800339575,34.7088191308664],[133.60409646417,34.70878820457116]],[[133.6060748336179,34.707841742200834],[133.605696,34.708254],[133.604711,34.70878],[133.6060748336179,34.707841742200834]],[[133.63482299584936,34.64361666712336],[133.632772,34.642571],[133.632076,34.641832],[133.63482299584936,34.64361666712336]],[[133.632076,34.641832],[133.632747,34.64049],[133.633843,34.639965],[133.632076,34.641832]],[[133.635353,34.643961],[133.635009,34.643746],[133.6349575889398,34.64370410950651],[133.635353,34.643961]],[[133.63872065664475,34.644729966852516],[133.637576,34.644746],[133.635353,34.643961],[133.63872065664475,34.644729966852516]],[[133.64132710299077,34.64532511981922],[133.640143,34.645272],[133.6393767397969,34.64487977612635],[133.64132710299077,34.64532511981922]],[[133.642601,34.645616],[133.642315,34.645551],[133.64230536953096,34.64554849607805],[133.642601,34.645616]],[[133.645462,34.646596],[133.645091,34.646617],[133.64477628977656,34.64636111848341],[133.645462,34.646596]],[[133.64849080430025,34.645531008961754],[133.648174,34.645739],[133.64780973023085,34.645770488871456],[133.64849080430025,34.645531008961754]],[[133.653582,34.647516],[133.653502,34.647491],[133.65338914381027,34.64740666790218],[133.653582,34.647516]],[[133.658864,34.649989],[133.657867,34.649372],[133.65746221169448,34.648460667549955],[133.658864,34.649989]],[[133.662539,34.650566],[133.661909,34.65087],[133.66132130440812,34.65037481350843],[133.662539,34.650566]],[[133.6627784890631,34.650065222228314],[133.662616,34.650415],[133.662539,34.650566],[133.6627784890631,34.650065222228314]],[[133.663319,34.648935],[133.663125,34.649353],[133.66311011258065,34.64937178894993],[133.663319,34.648935]],[[133.66656,34.6494],[133.665777,34.649426],[133.66507615468763,34.64918710642695],[133.66656,34.6494]],[[133.66764190807316,34.6521754956223],[133.667236,34.651908],[133.66706748669233,34.65070189165596],[133.66764190807316,34.6521754956223]],[[133.668541,34.654482],[133.668503,34.654389],[133.66850237442486,34.654382911068694],[133.668541,34.654482]],[[133.6697081543154,34.65521546775756],[133.669036,34.655067],[133.668541,34.654482],[133.6697081543154,34.65521546775756]],[[133.67328517426324,34.65746335286175],[133.671171,34.656561],[133.67063329137895,34.655796846071006],[133.67328517426324,34.65746335286175]],[[133.67432643462735,34.65869085865683],[133.673815,34.658513],[133.673579,34.657648],[133.67432643462735,34.65869085865683]],[[133.675474,34.660292],[133.674789,34.659879],[133.67479853345338,34.65934955485527],[133.675474,34.660292]],[[133.67684302067735,34.66033610974101],[133.67629,34.660489],[133.675474,34.660292],[133.67684302067735,34.66033610974101]],[[133.678857,34.660401],[133.678465,34.660631],[133.6770999379845,34.6603443875969],[133.678857,34.660401]],[[133.679084,34.65937232471268],[133.67909,34.659758],[133.678857,34.660401],[133.679084,34.65937232471268]],[[133.681808,34.657628],[133.680332,34.658634],[133.67960948163812,34.65863815288544],[133.681808,34.657628]],[[133.68305052423923,34.65860987902172],[133.682468,34.658565],[133.68211012467964,34.65786674776486],[133.68305052423923,34.65860987902172]],[[133.68792979595963,34.66136250809695],[133.687175,34.661413],[133.686475,34.661316],[133.68792979595963,34.66136250809695]],[[133.693189,34.664396],[133.689382,34.663619],[133.688854,34.663133],[133.693189,34.664396]],[[133.6939816162725,34.66325520194985],[133.693846,34.663967],[133.693189,34.664396],[133.6939816162725,34.66325520194985]],[[133.70176611282463,34.65713397182824],[133.700928,34.658593],[133.699824,34.658952],[133.70176611282463,34.65713397182824]],[[133.705037,34.658272],[133.703514,34.657856],[133.70278685471433,34.65737537394718],[133.705037,34.658272]],[[133.705037,34.658272],[133.705387,34.65824],[133.705239,34.658278],[133.705037,34.658272]],[[133.714808,34.657066],[133.713538,34.656717],[133.71335263775262,34.65656538399353],[133.714808,34.657066]],[[133.716767,34.656497],[133.717066,34.657641],[133.716775,34.659144],[133.714808,34.657066],[133.716767,34.656497]],[[133.72043018351172,34.65149599417848],[133.720055,34.65224],[133.71784145773194,34.65503014218216],[133.72043018351172,34.65149599417848]],[[133.72161193208476,34.64988266209331],[133.721562,34.649996],[133.7213808146838,34.65019818531617],[133.72161193208476,34.64988266209331]],[[133.72298948292493,34.64792767644232],[133.722988,34.647943],[133.722958,34.648045],[133.72298948292493,34.64792767644232]],[[133.723481,34.646096],[133.723422,34.646691],[133.7232297524928,34.64703229329159],[133.723481,34.646096]],[[133.72629550051374,34.646659798586555],[133.725419,34.646514],[133.723481,34.646096],[133.72629550051374,34.646659798586555]],[[133.73865738380604,34.624334160805795],[133.726303,34.630821],[133.731122,34.622158],[133.73865738380604,34.624334160805795]],[[133.741949,34.623827],[133.740132,34.624256],[133.7393696029157,34.62433181976131],[133.741949,34.623827]],[[133.745899,34.622298],[133.74346,34.623299],[133.741949,34.623827],[133.745899,34.622298]],[[133.749247,34.626019],[133.748853,34.625641],[133.7482475189767,34.6249081669989],[133.749247,34.626019]],[[133.75034749005462,34.62634577314057],[133.749858,34.626338],[133.749247,34.626019],[133.75034749005462,34.62634577314057]],[[133.75215,34.626881],[133.75274052144317,34.62772858188556],[133.75186964780224,34.62679775384276],[133.75215,34.626881]],[[133.75444763795923,34.62927517938444],[133.7537911,34.6290934],[133.75359105875546,34.628907074269094],[133.75444763795923,34.62927517938444]],[[133.75537091659092,34.629671947816036],[133.757197,34.631411],[133.75718524052098,34.63142433804331],[133.75537091659092,34.629671947816036]],[[133.755059,34.633836],[133.7547570988804,34.63386682594743],[133.75584100978568,34.63294901509339],[133.755059,34.633836]],[[133.75154745170823,34.6344520174074],[133.7517059,34.6347053],[133.7514196,34.6345629],[133.75154745170823,34.6344520174074]],[[133.7542282370196,34.637060767403916],[133.7530826,34.6373667],[133.75282058551048,34.635690940863185],[133.7542282370196,34.637060767403916]],[[133.755811,34.638601],[133.7548113,34.6379776],[133.75459122931582,34.637414005743274],[133.755811,34.638601]],[[133.75652143735084,34.63965346266691],[133.7563383,34.6394961],[133.75608571730746,34.639007974252856],[133.75652143735084,34.63965346266691]],[[133.757938,34.641752],[133.7571672,34.6410843],[133.75687195106053,34.64017272392656],[133.757938,34.641752]],[[133.7626367203121,34.643439373451784],[133.7639134,34.6447466],[133.7626654,34.6446011],[133.7626367203121,34.643439373451784]],[[133.76623,34.642566],[133.7664156190572,34.64239960035473],[133.76516330928698,34.642825267140594],[133.76623,34.642566]],[[133.770788,34.640238],[133.7727258038751,34.642399337944155],[133.7703265999522,34.64024379939728],[133.770788,34.640238]],[[133.7761238,34.6445731],[133.776273,34.643927],[133.77926020831543,34.64425049625596],[133.7761238,34.6445731]],[[133.780493,34.644384],[133.78105762812282,34.64371814908685],[133.7799563639558,34.6443258856227],[133.780493,34.644384]],[[133.7841311,34.6436675],[133.784226,34.643462],[133.78616939896662,34.6428374909346],[133.7841311,34.6436675]],[[133.788259,34.642166],[133.7881669,34.6428922],[133.78620999119207,34.64282444666875],[133.788259,34.642166]],[[133.790638525359,34.64258585880359],[133.7901884,34.642793],[133.78964081372786,34.64240981612761],[133.790638525359,34.64258585880359]],[[133.79122589023007,34.64206672235978],[133.790952,34.6423704],[133.79085536382223,34.64243682041341],[133.79122589023007,34.64206672235978]],[[133.793291,34.640004],[133.7931311,34.6406491],[133.79203657227032,34.64125697752421],[133.793291,34.640004]],[[133.7971858,34.6402973],[133.798874,34.640528],[133.79907909994296,34.64079346063493],[133.7971858,34.6402973]],[[133.800821,34.643048],[133.799593,34.6421244],[133.79954118373595,34.64139153518983],[133.800821,34.643048]],[[133.799056,34.644315],[133.79891335524786,34.644929889206416],[133.79930951048271,34.64413301825407],[133.799056,34.644315]],[[133.79858517150078,34.64634456896674],[133.7982147,34.6457582],[133.79883951431097,34.6452481904015],[133.79858517150078,34.64634456896674]],[[133.79824095059328,34.64782837904347],[133.798308,34.6469599],[133.79856206298274,34.646444181312084],[133.79824095059328,34.64782837904347]],[[133.79920275953432,34.64846340086622],[133.7987999,34.6485171],[133.7983971769367,34.64802087653138],[133.79920275953432,34.64846340086622]],[[133.800358,34.649098],[133.80026919358934,34.64935579072266],[133.80031051927716,34.64907191778901],[133.800358,34.649098]],[[133.7995346277471,34.65148811718336],[133.7995429,34.6513353],[133.79963925250672,34.65118440833856],[133.7995346277471,34.65148811718336]],[[133.79931261786106,34.6521325761648],[133.7993036,34.6520893],[133.7993534806813,34.65201395797185],[133.79931261786106,34.6521325761648]],[[133.79881630297,34.65357329844485],[133.7989781,34.6526783],[133.7992927556721,34.65219023290388],[133.79881630297,34.65357329844485]],[[133.8007744125972,34.655737296049516],[133.799334,34.6554272],[133.79881493978502,34.65374171268115],[133.8007744125972,34.655737296049516]],[[133.800835,34.655799],[133.8009107189496,34.656963906917014],[133.800554,34.6565661],[133.800835,34.655799]],[[133.80108072862328,34.65957944035801],[133.8006859,34.6593658],[133.8009439499908,34.65747515370463],[133.80108072862328,34.65957944035801]],[[133.801277,34.662599],[133.79958362028097,34.66426022693955],[133.8005162,34.6630942],[133.801277,34.662599]],[[133.830273,34.627879],[133.8303635,34.6277584],[133.83040074193724,34.627732086352786],[133.830273,34.627879]],[[133.826776,34.625859],[133.825084,34.624076],[133.82419349306417,34.6236982169824],[133.824694,34.6237729],[133.8259609,34.6247128],[133.8267914,34.6258594],[133.8286003,34.6262006],[133.8291510622867,34.62723092617077],[133.826776,34.625859]],[[133.82273556673292,34.62307971555732],[133.8229585,34.6231233],[133.82317593500952,34.62326653460352],[133.82273556673292,34.62307971555732]],[[133.82002911101756,34.621931545940654],[133.820135,34.6217536],[133.82113614174074,34.622401185637266],[133.82002911101756,34.621931545940654]],[[133.81923562861212,34.6215949239948],[133.8193501,34.6216343],[133.81952855793404,34.621719194473464],[133.81923562861212,34.6215949239948]],[[133.81811821534262,34.62106951659082],[133.8181861,34.6210614],[133.8182159,34.6210953],[133.81811821534262,34.62106951659082]],[[133.8172470817303,34.61980119945407],[133.817835,34.6200592],[133.8179047215681,34.620758682742846],[133.8172470817303,34.61980119945407]],[[133.81693493949572,34.6193467394957],[133.8169912,34.6194133],[133.81703847159443,34.619497475884636],[133.81693493949572,34.6193467394957]],[[133.81426846369294,34.61868552707857],[133.8153849,34.6181399],[133.81597161566603,34.618518274256864],[133.81426846369294,34.61868552707857]],[[133.8136380166422,34.61754590782108],[133.8142283,34.6182567],[133.81412116885576,34.61858561518597],[133.8136380166422,34.61754590782108]],[[133.81352254329101,34.617297417820836],[133.8135419,34.6172801],[133.8135446,34.6172891],[133.81352254329101,34.617297417820836]],[[133.81343249518244,34.61710364103776],[133.81375124074896,34.61277564945591],[133.814351,34.6128742],[133.81343249518244,34.61710364103776]],[[133.81142258255406,34.611977550715196],[133.8119406,34.6121346],[133.81244358260764,34.612327477062834],[133.81142258255406,34.611977550715196]],[[133.80300233653097,34.61023795425324],[133.803321,34.6104386],[133.80357537371233,34.61083650336391],[133.80300233653097,34.61023795425324]],[[133.80497251277964,34.604749520160645],[133.8048393,34.6052277],[133.8023138744186,34.60829252558142],[133.80497251277964,34.604749520160645]],[[133.8053308204793,34.60219295510526],[133.8053936,34.6020431],[133.8054007,34.6022122],[133.8053308204793,34.60219295510526]],[[133.80543069055702,34.600851411745836],[133.8054446,34.6008826],[133.80542366205333,34.60094582483373],[133.80543069055702,34.600851411745836]],[[133.807154,34.596688],[133.80833569577533,34.597391446783014],[133.8070701664484,34.59687621793258],[133.807154,34.596688]],[[133.81479,34.598872],[133.81849814468606,34.598034798003305],[133.81004630501704,34.59803373982666],[133.81479,34.598872]],[[133.819733,34.597756],[133.8197152,34.5978492],[133.81883330259234,34.59795912812198],[133.819733,34.597756]],[[133.8325126,34.5955313],[133.832151,34.594118],[133.83965779415774,34.600561756188156],[133.8325126,34.5955313]],[[133.539888,34.601814],[133.537387,34.601371],[133.535404,34.600621],[133.539888,34.601814]],[[133.544884,34.603307],[133.542863,34.603819],[133.541843,34.60348],[133.544884,34.603307]],[[133.54616710711198,34.60270984114898],[133.545232,34.603174],[133.544884,34.603307],[133.54616710711198,34.60270984114898]],[[133.54817901654187,34.60177349724417],[133.547534,34.602196],[133.5469307971991,34.60235441930562],[133.54817901654187,34.60177349724417]],[[133.552219,34.599691],[133.551895,34.599804],[133.5513977522139,34.59954532628556],[133.552219,34.599691]],[[133.555223,34.593701],[133.554463,34.595795],[133.55253963668838,34.599051647881694],[133.555223,34.593701]],[[133.560984,34.592261],[133.559131,34.592981],[133.557351,34.592621],[133.560984,34.592261]],[[133.563109,34.589591],[133.562475,34.590745],[133.560984,34.592261],[133.563109,34.589591]],[[133.56666072281706,34.58602178767786],[133.565747,34.586755],[133.56415690107676,34.58673058726199],[133.56666072281706,34.58602178767786]],[[133.5699711059128,34.585084660995136],[133.568317,34.585835],[133.56752966604566,34.585775801076984],[133.5699711059128,34.585084660995136]],[[133.57112233033874,34.586911212915496],[133.570254,34.585931],[133.570143,34.585036],[133.57112233033874,34.586911212915496]],[[133.571387,34.587418],[133.571212,34.587254],[133.57112957704828,34.58692508884972],[133.571387,34.587418]],[[133.574461,34.589187],[133.573839,34.588838],[133.57378366319534,34.588797211838816],[133.574461,34.589187]],[[133.57517531409727,34.58937238532906],[133.575046,34.589362],[133.574461,34.589187],[133.57517531409727,34.58937238532906]],[[133.58029668790638,34.58999966575258],[133.579112,34.590175],[133.578029,34.590113],[133.58029668790638,34.58999966575258]],[[133.584812,34.589774],[133.583904,34.590226],[133.58166219566874,34.58993142056145],[133.584812,34.589774]],[[133.58468104005058,34.589149999134264],[133.58475,34.589424],[133.584812,34.589774],[133.58468104005058,34.589149999134264]],[[133.58424022057488,34.58704957273917],[133.584476,34.587429],[133.5846740324683,34.58911660925115],[133.58424022057488,34.58704957273917]],[[133.583294,34.582541],[133.583882,34.583991],[133.5838315843957,34.58510249402778],[133.583294,34.582541]],[[133.58688402737852,34.58065955844561],[133.586511,34.58151],[133.585831,34.58193],[133.58688402737852,34.58065955844561]],[[133.58951969327063,34.57997007116303],[133.589342,34.580002],[133.58932166321242,34.57999711917098],[133.58951969327063,34.57997007116303]],[[133.590472,34.57984],[133.59008,34.579945],[133.58991448380596,34.57991614855333],[133.590472,34.57984]],[[133.5907007558656,34.57932068051657],[133.590749,34.579582],[133.590472,34.57984],[133.5907007558656,34.57932068051657]],[[133.594518,34.576611],[133.592018,34.578017],[133.59143384026785,34.578153538136455],[133.594518,34.576611]],[[133.595614384691,34.57667394060263],[133.595515,34.576754],[133.5953304199008,34.57665763892023],[133.595614384691,34.57667394060263]],[[133.600767,34.576983],[133.6006344066399,34.57696212704784],[133.600998,34.576983],[133.600767,34.576983]],[[133.605772,34.577718],[133.60463,34.577021],[133.60395,34.576306],[133.605772,34.577718]],[[133.60704609090914,34.575769390374234],[133.606661,34.576716],[133.605772,34.577718],[133.60704609090914,34.575769390374234]],[[133.60914991574774,34.57419150522198],[133.608264,34.574874],[133.60751739960943,34.57522624778501],[133.60914991574774,34.57419150522198]],[[133.612389,34.576008],[133.611755,34.575387],[133.61147614500632,34.57502913609142],[133.612389,34.576008]],[[133.616818,34.577806],[133.614385,34.57729],[133.612389,34.576008],[133.616818,34.577806]],[[133.618086,34.579647],[133.617164,34.578903],[133.61720719152166,34.57837106434652],[133.618086,34.579647]],[[133.6197903895907,34.57950154624278],[133.618848,34.579723],[133.618086,34.579647],[133.6197903895907,34.57950154624278]],[[133.623275,34.580484],[133.621427,34.580733],[133.620992,34.579399],[133.623275,34.580484]],[[133.624452,34.581829],[133.623621,34.581037],[133.623275,34.580484],[133.624452,34.581829]],[[133.62609494591055,34.58202945419188],[133.625178,34.582067],[133.624452,34.581829],[133.62609494591055,34.58202945419188]],[[133.560497,34.537908],[133.529795,34.496774],[133.566287,34.495054],[133.563024,34.505615],[133.586244,34.530217],[133.560497,34.537908]],[[133.529351,34.599676],[133.529226,34.601199],[133.527657,34.602042],[133.529351,34.599676]],[[133.63299032123635,34.63722912730388],[133.632705,34.636714],[133.6326752308324,34.63621814020099],[133.63299032123635,34.63722912730388]],[[133.63241601329773,34.63538642466438],[133.632062,34.634471],[133.632021,34.634119],[133.63241601329773,34.63538642466438]],[[133.632021,34.634119],[133.632116,34.63383],[133.63224620515152,34.6336015947054],[133.632021,34.634119]],[[133.6329332865562,34.62967380793395],[133.632494,34.629386],[133.631983,34.628563],[133.6329332865562,34.62967380793395]],[[133.631983,34.628563],[133.632106,34.627664],[133.633065,34.62718],[133.631983,34.628563]],[[133.633200857608,34.625671286983966],[133.633178,34.624617],[133.633398,34.623482],[133.633200857608,34.625671286983966]],[[133.633398,34.623482],[133.634438,34.621195],[133.635391,34.620294],[133.633398,34.623482]],[[133.6355746299235,34.619671210383785],[133.635707,34.61806],[133.637,34.614837],[133.6355746299235,34.619671210383785]],[[133.63700107282685,34.614479666135615],[133.636893,34.613034],[133.6370079443034,34.6121909358669],[133.63700107282685,34.614479666135615]],[[133.636997,34.610867],[133.637013,34.610507],[133.63701132863508,34.61106369308152],[133.636997,34.610867]],[[133.637013,34.610507],[133.637067,34.610358],[133.63708004260096,34.61033525127742],[133.637013,34.610507]],[[133.6377427189771,34.60863761694532],[133.63775,34.608153],[133.63820847315444,34.607444454928135],[133.6377427189771,34.60863761694532]],[[133.638606,34.606372],[133.638761,34.606029],[133.63858793694,34.6064723503333],[133.638606,34.606372]],[[133.63994220121128,34.60473556735398],[133.640311,34.604204],[133.6410322784087,34.60354191683927],[133.63994220121128,34.60473556735398]],[[133.641156,34.603402],[133.64146281225553,34.60307047596417],[133.64106447168908,34.60350666472522],[133.641156,34.603402]],[[133.64283499409987,34.60173807794342],[133.645432,34.599474],[133.649377,34.596251],[133.64283499409987,34.60173807794342]],[[133.6453959721372,34.59387782559367],[133.644197,34.593376],[133.642932,34.592409],[133.6453959721372,34.59387782559367]],[[133.64027502881302,34.589783247085876],[133.639534,34.589506],[133.638625,34.588861],[133.64027502881302,34.589783247085876]],[[133.638478,34.588711],[133.63843719509669,34.58862539581916],[133.638625,34.588861],[133.638478,34.588711]],[[133.6378535367686,34.587893187341905],[133.636963,34.587058],[133.636798,34.586569],[133.6378535367686,34.587893187341905]],[[133.6317937666127,34.583635112173894],[133.632305,34.583709],[133.63182,34.583651],[133.6317937666127,34.583635112173894]],[[133.629399,34.583289],[133.628788,34.582926],[133.628673,34.582344],[133.629399,34.583289]],[[133.607064,34.703914],[133.60766762803235,34.70501776857914],[133.60648146366538,34.70350266787511],[133.607064,34.703914]],[[133.60581,34.702645],[133.606153,34.702778],[133.60612283452878,34.703044586961155],[133.60581,34.702645]],[[133.60435410225543,34.70356217105621],[133.604698,34.703096],[133.60581,34.702645],[133.60435410225543,34.70356217105621]],[[133.600443,34.701945],[133.600787,34.702129],[133.60093856847132,34.70222676815285],[133.600443,34.701945]],[[133.599695,34.700542],[133.599937,34.700927],[133.59998603623626,34.70108788748595],[133.599695,34.700542]],[[133.597167,34.700342],[133.598647,34.700092],[133.599695,34.700542],[133.597167,34.700342]],[[133.59303,34.696961],[133.592828,34.698263],[133.59263363622782,34.69615288927151],[133.59303,34.696961]],[[133.59388067936771,34.6938842715538],[133.594102,34.694389],[133.594021,34.694556],[133.59388067936771,34.6938842715538]],[[133.593374,34.691106],[133.59354550721753,34.6922797700349],[133.59320064694091,34.69062889051718],[133.593374,34.691106]],[[133.594406,34.687416],[133.5934361482158,34.68894663378923],[133.594062,34.686848],[133.594406,34.687416]],[[133.589726,34.684751],[133.58885402102734,34.68376218211823],[133.589221,34.683799],[133.589726,34.684751]],[[133.587502,34.682229],[133.587785,34.682329],[133.58791048238808,34.68269221608936],[133.587502,34.682229]],[[133.576397,34.68155],[133.5785,34.680698],[133.583151,34.679612],[133.576397,34.68155]],[[133.57192530599937,34.680097267230124],[133.573541,34.680264],[133.573857,34.681076],[133.57192530599937,34.680097267230124]],[[133.57058529185076,34.67694145358402],[133.570711,34.678572],[133.570559,34.679405],[133.57058529185076,34.67694145358402]],[[133.571439,34.675224],[133.57106767248425,34.675641909394685],[133.5715,34.674782],[133.571439,34.675224]],[[133.57097590344955,34.67406099104587],[133.571075,34.674147],[133.5715,34.674782],[133.57097590344955,34.67406099104587]],[[133.56995895784078,34.671674740839165],[133.570307,34.672594],[133.570281,34.673105],[133.56995895784078,34.671674740839165]],[[133.569821,34.670646],[133.5697995536005,34.67096679199328],[133.569558,34.669894],[133.569821,34.670646]],[[133.567876,34.668444],[133.568659,34.668783],[133.569558,34.669894],[133.567876,34.668444]],[[133.565457,34.66384],[133.56593378900624,34.664902204628966],[133.564934,34.663079],[133.565457,34.66384]],[[133.563392,34.661187],[133.56358832445815,34.661754758100976],[133.56278494773758,34.66096417739931],[133.563392,34.661187]],[[133.561205,34.655528],[133.561516,34.658128],[133.561167,34.659372],[133.561205,34.655528]],[[133.56163577519217,34.65449616522671],[133.561516,34.655034],[133.561205,34.655528],[133.56163577519217,34.65449616522671]],[[133.562566,34.652268],[133.562536,34.653471],[133.56181221257808,34.65407354518403],[133.562566,34.652268]],[[133.563119497917,34.65183340163555],[133.5636136783555,34.65144537847642],[133.5634,34.651651],[133.563119497917,34.65183340163555]],[[133.564321,34.65089],[133.564022,34.651147],[133.56369197733716,34.65138389927601],[133.564321,34.65089]],[[133.564126,34.649248],[133.564362,34.649546],[133.564321,34.65089],[133.564126,34.649248]],[[133.56364431749802,34.64920083293745],[133.563864,34.649207],[133.564126,34.649248],[133.56364431749802,34.64920083293745]],[[133.55921654831283,34.645976617891705],[133.560532,34.645982],[133.561027,34.646465],[133.55921654831283,34.645976617891705]],[[133.553803,34.643244],[133.555072,34.643738],[133.557446,34.645499],[133.553803,34.643244]],[[133.550846,34.644867],[133.551406,34.644147],[133.55075068496285,34.64515497185772],[133.550846,34.644867]],[[133.543918,34.648528],[133.54622,34.647603],[133.5465256820292,34.64788717701673],[133.543918,34.648528]],[[133.543025,34.647767],[133.54333385922928,34.648090794550825],[133.5427762984427,34.64767348313146],[133.543025,34.647767]],[[133.542131,34.64716],[133.54233981111386,34.647346790237854],[133.54170721192602,34.64687331564758],[133.542131,34.64716]],[[133.540511,34.645978],[133.541009,34.646348],[133.54104385176942,34.64637681773173],[133.540511,34.645978]],[[133.53874365535353,34.646592439937606],[133.540188,34.645988],[133.540511,34.645978],[133.53874365535353,34.646592439937606]],[[133.537443,34.646564],[133.538115,34.646811],[133.53708231763602,34.64663365229563],[133.537443,34.646564]],[[133.534357,34.646122],[133.53495836067376,34.64626889454959],[133.5340174464993,34.64610730665512],[133.534357,34.646122]],[[133.531384,34.645546],[133.5327826558526,34.645895249885086],[133.530749,34.645546],[133.531384,34.645546]],[[133.52957838645088,34.64634994936311],[133.53004,34.645916],[133.530749,34.645546],[133.52957838645088,34.64634994936311]],[[133.52849807497387,34.64729920307003],[133.528491,34.647144],[133.528677,34.646969],[133.52849807497387,34.64729920307003]],[[133.522572,34.647582],[133.5226710336287,34.649708092333164],[133.522472,34.647284],[133.522572,34.647582]],[[133.523592,34.645607],[133.523207,34.646399],[133.52287340308752,34.64668297055557],[133.523592,34.645607]],[[133.526628,34.646513],[133.525633,34.646893],[133.523592,34.645607],[133.526628,34.646513]],[[133.52649829789394,34.64575205595088],[133.526579,34.645885],[133.526628,34.646513],[133.52649829789394,34.64575205595088]],[[133.526235,34.643703],[133.5263033082014,34.64460807879667],[133.525937,34.642459],[133.526235,34.643703]],[[133.52796995539708,34.642795860877726],[133.528351,34.642859],[133.528014,34.642808],[133.52796995539708,34.642795860877726]],[[133.52866704972556,34.64281397513723],[133.528637,34.642829],[133.528351,34.642859],[133.52866704972556,34.64281397513723]],[[133.5324304835615,34.64227783136517],[133.529882,34.642736],[133.5295023967337,34.64269497049534],[133.5324304835615,34.64227783136517]],[[133.534859,34.642767],[133.532843,34.642294],[133.532682,34.642242],[133.534859,34.642767]],[[133.53507963515506,34.642505147288496],[133.535021,34.642602],[133.534859,34.642767],[133.53507963515506,34.642505147288496]],[[133.53633161969734,34.639327171173406],[133.536476,34.640346],[133.536315,34.641039],[133.53633161969734,34.639327171173406]],[[133.53633669325154,34.63880459509223],[133.53634,34.638464],[133.53634,34.638742],[133.53633669325154,34.63880459509223]],[[133.537286,34.632474],[133.536302,34.634681],[133.535145,34.636008],[133.537286,34.632474]],[[133.5358395649606,34.631477],[133.536244,34.631487],[133.537286,34.632474],[133.5358395649606,34.631477]],[[133.53415079530248,34.630312963383524],[133.533601,34.629934],[133.534024,34.630057],[133.53415079530248,34.630312963383524]],[[133.53027313888816,34.63069848679257],[133.531462,34.630324],[133.533601,34.629934],[133.53027313888816,34.63069848679257]],[[133.527847,34.631158],[133.528401176347,34.631128519955254],[133.527424,34.631353],[133.527847,34.631158]],[[133.524429,34.631538],[133.52538174678728,34.63212036296244],[133.52406565833027,34.631641],[133.524429,34.631538]],[[133.52050425767322,34.63034382004199],[133.522812,34.630006],[133.52320264026238,34.63132666026436],[133.52050425767322,34.63034382004199]],[[133.519987,34.626937],[133.519179,34.629261],[133.51883,34.629734],[133.519987,34.626937]],[[133.521366,34.626526],[133.520918,34.626762],[133.52050113218652,34.62678376698429],[133.521366,34.626526]],[[133.522299,34.624499],[133.522125,34.625117],[133.521366,34.626526],[133.522299,34.624499]],[[133.5229766208811,34.62415434681498],[133.522735,34.624294],[133.52255852566154,34.62436699942515],[133.5229766208811,34.62415434681498]],[[133.527228,34.621992],[133.525733,34.623111],[133.52483546789514,34.62320889551366],[133.527228,34.621992]],[[133.52764418416777,34.61956957834871],[133.5279,34.620223],[133.527228,34.621992],[133.52764418416777,34.61956957834871]],[[133.527942,34.618536],[133.52771199866598,34.61917486052553],[133.52788,34.618197],[133.527942,34.618536]],[[133.529323,34.617035],[133.52863025694415,34.61741622665237],[133.529896,34.616099],[133.529323,34.617035]],[[133.5314753009009,34.616221958715236],[133.531874,34.616253],[133.531625,34.616253],[133.5314753009009,34.616221958715236]],[[133.531874,34.616253],[133.532641,34.615093],[133.532571,34.615904],[133.531874,34.616253]],[[133.531721,34.61209],[133.530614,34.613232],[133.53192,34.611566],[133.531721,34.61209]],[[133.53211,34.607369],[133.532418,34.607917],[133.53150747419141,34.60733876877888],[133.53211,34.607369]],[[133.53120517991877,34.60714679620132],[133.53069838596713,34.606824955696915],[133.531177,34.607061],[133.53120517991877,34.60714679620132]],[[133.529638,34.605991],[133.53028840958206,34.60656459938024],[133.52921829976293,34.605885024016644],[133.529638,34.605991]],[[133.52767103962216,34.60288496231396],[133.527916,34.604235],[133.527705,34.604924],[133.52767103962216,34.60288496231396]],[[133.717278,34.955162],[133.71742922577934,34.955101180036245],[133.716929,34.955358],[133.717278,34.955162]],[[134.028878,35.304106],[134.028666,35.303829],[134.02900106827343,35.3041904015524],[134.028878,35.304106]],[[134.02645210507143,35.299642027542525],[134.026154,35.299336],[134.02618648599037,35.299139682213344],[134.02645210507143,35.299642027542525]],[[134.025669,35.298161],[134.02572839694216,35.29827333295566],[134.025689,35.298206],[134.025669,35.298161]],[[134.025669,35.298161],[134.025478,35.297056],[134.02543,35.296307],[134.025669,35.298161]],[[134.02533830971717,35.2962419651825],[134.0245,35.296187],[134.02326541370715,35.29477168491326],[134.02533830971717,35.2962419651825]],[[134.021296,35.293379],[134.02118619337017,35.29318651933703],[134.021371,35.293428],[134.021296,35.293379]],[[134.019251188821,35.290658113392766],[134.01924,35.291649],[134.018826,35.291126],[134.019251188821,35.290658113392766]],[[134.018671,35.2899],[134.018637,35.289776],[134.01867688558679,35.28968567851109],[134.018671,35.2899]],[[134.01869559178232,35.2890044992438],[134.018531,35.287981],[134.01874147628303,35.287333631938225],[134.01869559178232,35.2890044992438]],[[134.018753,35.286914],[134.017327,35.284667],[134.017427,35.284027],[134.018753,35.286914]],[[134.017427,35.284027],[134.018751,35.283028],[134.020607,35.281991],[134.017427,35.284027]],[[134.02081882857058,35.28145800672742],[134.020926,35.280442],[134.02185449827704,35.27885210241214],[134.02081882857058,35.28145800672742]],[[134.021907,35.27872],[134.02186351640435,35.278829411416396],[134.021866,35.278816],[134.021907,35.27872]],[[134.021907,35.27872],[134.021841,35.277958],[134.0219067511087,35.27753378400922],[134.021907,35.27872]],[[134.02190642075632,35.27595932464164],[134.021728,35.274753],[134.02190606003634,35.274240133212224],[134.02190642075632,35.27595932464164]],[[134.02166505243557,35.27376576382311],[134.021139,35.27347],[134.02090315273776,35.273170542673476],[134.02166505243557,35.27376576382311]],[[134.02064276173027,35.27296711663816],[134.020165,35.272757],[134.020073,35.272522],[134.02064276173027,35.27296711663816]],[[134.012772,35.265541],[134.0123544503534,35.26529192749716],[134.013012,35.265619],[134.012772,35.265541]],[[134.010879,35.264559],[134.010115,35.264178],[134.01088596239418,35.26456148526407],[134.010879,35.264559]],[[134.010115,35.264178],[134.008596,35.263534],[134.00799,35.259781],[134.010115,35.264178]],[[134.00779145816807,35.259738356838675],[134.007033,35.259766],[134.005974,35.259348],[134.00779145816807,35.259738356838675]],[[134.005974,35.259348],[134.005949,35.259312],[134.005949,35.25928301082246],[134.005974,35.259348]],[[134.00543801528178,35.257954671760594],[134.005036,35.257775],[134.00510577086993,35.25709098011856],[134.00543801528178,35.257954671760594]],[[134.00252018676656,35.2565672221106],[134.001928,35.256512],[134.001223,35.256373],[134.00252018676656,35.2565672221106]],[[134.001223,35.256373],[134.00014,35.255926],[134.00027,35.255656],[134.001223,35.256373]],[[134.00027,35.255656],[134.000636,35.252967],[134.0012869206041,35.25228008902233],[134.00027,35.255656]],[[134.001496,35.251586],[134.001228,35.250738],[134.00141443477037,35.25018194947496],[134.001496,35.251586]],[[134.001337,35.248984],[134.001337,35.248849],[134.00134945729354,35.24906343781384],[134.001337,35.248984]],[[134.001337,35.248849],[134.001468,35.248736],[134.00174384166502,35.24859743600079],[134.001337,35.248849]],[[134.00227,35.248263],[134.00248007725912,35.24814219656408],[134.00216116658567,35.248339389849086],[134.00227,35.248263]],[[134.0037267725699,35.24737132257267],[134.004046,35.247169],[134.004206,35.247075],[134.0037267725699,35.24737132257267]],[[134.00432908997806,35.246921730065836],[134.004789,35.246088],[134.00558858546577,35.245353423746096],[134.00432908997806,35.246921730065836]],[[134.00423634281324,35.24121134281323],[134.004133,35.240974],[134.004105,35.240874],[134.00423634281324,35.24121134281323]],[[134.004105,35.240874],[134.004474,35.239856],[134.00502968150334,35.23947324127232],[134.004105,35.240874]],[[134.006663,35.236999],[134.007047,35.236604],[134.00715824238887,35.236552136994376],[134.006663,35.236999]],[[134.00841320343994,35.23541977094531],[134.009089,35.234454],[134.01039020945322,35.23363589527339],[134.00841320343994,35.23541977094531]],[[134.010688,35.233365],[134.01070514285718,35.23334342857138],[134.010686,35.233369],[134.010688,35.233365]],[[134.01169164749194,35.23202563506675],[134.011789,35.231775],[134.01199850327447,35.23161573070053],[134.01169164749194,35.23202563506675]],[[134.0117827878526,35.23062955426022],[134.010966,35.230428],[134.010058,35.229527],[134.0117827878526,35.23062955426022]],[[134.00988772104168,35.229495985441716],[134.008688,35.229476],[134.007796,35.229115],[134.00988772104168,35.229495985441716]],[[134.007796,35.229115],[134.006409,35.228044],[134.005984,35.226749],[134.007796,35.229115]],[[134.00408668321185,35.22604817809332],[134.003649,35.226027],[134.0034558223223,35.225815153679996],[134.00408668321185,35.22604817809332]],[[134.001406,35.225058],[134.001304,35.224641],[134.00125289976475,35.224312081412],[134.001406,35.225058]],[[134.00058703737096,35.22305214708401],[133.999698,35.222764],[133.99942928176213,35.22224810684962],[134.00058703737096,35.22305214708401]],[[133.999094,35.222053],[133.998833,35.221834],[133.9991958368376,35.22208598359113],[133.999094,35.222053]],[[133.99744257703432,35.21918662896319],[133.996991,35.218532],[133.996885,35.218125],[133.99744257703432,35.21918662896319]],[[133.996885,35.218125],[133.997143,35.216667],[133.998373,35.215085],[133.996885,35.218125]],[[133.9980784815679,35.21418755778351],[133.997955,35.214047],[133.99794165819642,35.21377063627239],[133.9980784815679,35.21418755778351]],[[133.996846,35.210432],[133.996942,35.209446],[133.99752111767285,35.20907010923633],[133.996846,35.210432]],[[133.997599,35.208913],[133.997427,35.207623],[133.99772650803436,35.207298281138584],[133.997599,35.208913]],[[133.99774762884144,35.20703081434134],[133.997634,35.206688],[133.9977921082635,35.2064675419003],[133.99774762884144,35.20703081434134]],[[133.997911,35.204828],[133.997932,35.204696],[133.9979139971546,35.20492398197908],[133.997911,35.204828]],[[133.997932,35.204696],[133.998545,35.203599],[133.999012,35.202872],[133.997932,35.204696]],[[133.99859052120638,35.20212383497501],[133.998223,35.201593],[133.998225,35.201475],[133.99859052120638,35.20212383497501]],[[133.999935321408,35.19886871413766],[134.000069,35.198645],[134.00011150792966,35.19860023101023],[133.999935321408,35.19886871413766]],[[134.00003142611473,35.19814573363019],[133.99893,35.197051],[133.99808,35.195024],[134.00003142611473,35.19814573363019]],[[133.99808,35.195024],[133.998278,35.194752],[133.99910651830876,35.19426100991298],[133.99808,35.195024]],[[133.99769712512682,35.188638135272214],[133.997434,35.188013],[133.997482,35.185753],[133.99769712512682,35.188638135272214]],[[133.99693998628214,35.18517609723269],[133.996193,35.184492],[133.995944,35.184116],[133.99693998628214,35.18517609723269]],[[133.995944,35.184116],[133.995684,35.182581],[133.99598488906665,35.182042035428616],[133.995944,35.184116]],[[133.99599847272063,35.18135304887422],[133.995832,35.178911],[133.996059,35.178283],[133.99599847272063,35.18135304887422]],[[133.99405700986938,35.176790200907575],[133.992439,35.176178],[133.99176510917718,35.175081227810786],[133.99405700986938,35.176790200907575]],[[133.991223,35.174677],[133.990973,35.174364],[133.99087952995924,35.1740474275056],[133.991223,35.174677]],[[133.9907106360426,35.17373784893462],[133.990218,35.173043],[133.99013340148082,35.172679791579405],[133.9907106360426,35.17373784893462]],[[133.989822,35.172109],[133.988831,35.172073],[133.98832,35.171859],[133.989822,35.172109]],[[133.98832,35.171859],[133.988139,35.171521],[133.98797815357185,35.17099113972699],[133.98832,35.171859]],[[133.98779412449716,35.17052393717675],[133.98731,35.170168],[133.986681,35.167698],[133.98779412449716,35.17052393717675]],[[133.98726521080295,35.166210088111214],[133.987299,35.165902],[133.987449,35.165742],[133.98726521080295,35.166210088111214]],[[133.987423427213,35.16567928322385],[133.986759,35.164577],[133.98635524159863,35.16305957821836],[133.987423427213,35.16567928322385]],[[133.98626,35.162826],[133.984632,35.162214],[133.9842256387133,35.16115194009991],[133.98626,35.162826]],[[133.984137,35.161079],[133.983259,35.160906],[133.9827582095179,35.16058872065827],[133.984137,35.161079]],[[133.98127365306928,35.16006083236209],[133.980203,35.159999],[133.9784,35.159039],[133.98127365306928,35.16006083236209]],[[133.9784,35.159039],[133.977481,35.157666],[133.9777173110555,35.157308678514774],[133.9784,35.159039]],[[133.97739109512975,35.1564818621005],[133.976982,35.156194],[133.97698971809544,35.15546454475303],[133.97739109512975,35.1564818621005]],[[133.97678,35.154933],[133.975985,35.15483],[133.97578477116417,35.1532548096862],[133.97678,35.154933]],[[133.97517787890595,35.152231446342405],[133.974948,35.151995],[133.974259,35.150682],[133.97517787890595,35.152231446342405]],[[133.974259,35.150682],[133.974279,35.150445],[133.97433497554877,35.15038213515293],[133.974259,35.150682]],[[133.97484775796687,35.14835825478774],[133.974912,35.147216],[133.975294,35.146597],[133.97484775796687,35.14835825478774]],[[133.97498571572447,35.14618233840351],[133.974474,35.145656],[133.974413,35.145412],[133.97498571572447,35.14618233840351]],[[133.974429,35.145332],[133.97446156491142,35.14526847173014],[133.974413,35.145412],[133.974429,35.145332]],[[133.971251,35.140361],[133.971135873403,35.1401887206682],[133.971348,35.140461],[133.971251,35.140361]],[[133.968883,35.137297],[133.968678,35.136714],[133.96876639071408,35.13652851241439],[133.968883,35.137297]],[[133.96858470737212,35.135331168723276],[133.968051,35.135011],[133.968451,35.13445],[133.96858470737212,35.135331168723276]],[[133.96853560526492,35.13396848450513],[133.968721,35.132114],[133.96892337956106,35.131761537546275],[133.96853560526492,35.13396848450513]],[[133.96901852226134,35.1312200501525],[133.968903,35.130439],[133.969384,35.12914],[133.96901852226134,35.1312200501525]],[[133.969384,35.12914],[133.96909,35.128331],[133.9691,35.125908],[133.969384,35.12914]],[[133.9688444211003,35.12523308455312],[133.968206,35.124569],[133.96828796929998,35.123763644329706],[133.9688444211003,35.12523308455312]],[[133.968226,35.1236],[133.9682260000001,35.1236],[133.96822600000058,35.12360000000127],[133.968226,35.1236]],[[133.96758958924997,35.12311647872228],[133.965927,35.122186],[133.965358,35.121421],[133.96758958924997,35.12311647872228]],[[133.965343,35.121355],[133.96534180668044,35.12131986447725],[133.965358,35.121421],[133.965343,35.121355]],[[133.9652074462006,35.120480714893574],[133.965147,35.120143],[133.96513368720548,35.12002005242694],[133.9652074462006,35.120480714893574]],[[133.96453393588584,35.11852384410426],[133.963609,35.117863],[133.962814,35.115677],[133.96453393588584,35.11852384410426]],[[133.962814,35.115677],[133.963211,35.114902],[133.96394768045656,35.114567612696085],[133.962814,35.115677]],[[133.963451,35.113002],[133.963585,35.112609],[133.96379755581788,35.112621206617106],[133.963451,35.113002]],[[133.964927,35.111374],[133.9651551798961,35.111129457701765],[133.96490064897955,35.11140913469393],[133.964927,35.111374]],[[133.96517690537016,35.11054181966762],[133.965095,35.11018],[133.965144,35.109349],[133.96517690537016,35.11054181966762]],[[133.96483795008442,35.10890196672293],[133.963471,35.107869],[133.963403,35.106806],[133.96483795008442,35.10890196672293]],[[133.96048069924595,35.10592736902262],[133.959033,35.105737],[133.958434,35.105312],[133.96048069924595,35.10592736902262]],[[133.955816,35.102899],[133.955734,35.102762],[133.95594761445784,35.10296374698795],[133.955816,35.102899]],[[133.955734,35.102762],[133.955871,35.099901],[133.95612730752322,35.099525469388986],[133.955734,35.102762]],[[133.956258,35.09845],[133.955866,35.097967],[133.9557297098708,35.09760447746071],[133.956258,35.09845]],[[133.9553230460652,35.096953616514114],[133.954355,35.095688],[133.95423300146464,35.09520901212408],[133.9553230460652,35.096953616514114]],[[133.950888,35.094922],[133.950511,35.094889],[133.95093518749994,35.094922],[133.950888,35.094922]],[[133.950511,35.094889],[133.950227,35.094543],[133.9501504311988,35.09429911196124],[133.950511,35.094889]],[[133.94894755309386,35.0923312117884],[133.948799,35.092165],[133.948794,35.09208],[133.94894755309386,35.0923312117884]],[[133.9487294438552,35.0907789684866],[133.948536,35.090246],[133.94869299923158,35.09004448218824],[133.9487294438552,35.0907789684866]],[[133.94865858330002,35.08935088111183],[133.94832,35.08874],[133.94861153736323,35.08840274137148],[133.94865858330002,35.08935088111183]],[[133.948579,35.087747],[133.948182,35.087897],[133.9479823355221,35.087717067735525],[133.948579,35.087747]],[[133.947442,35.087707],[133.94726647008864,35.08768115563706],[133.94750257631782,35.087693000139886],[133.947442,35.087707]],[[133.945868,35.087611],[133.945636,35.087192],[133.94607491307522,35.086252037005956],[133.945868,35.087611]],[[133.946104,35.086061],[133.944728,35.085861],[133.943293,35.085007],[133.946104,35.086061]],[[133.943277,35.084857],[133.94330769915751,35.08470996608119],[133.943293,35.085007],[133.943277,35.084857]],[[133.9433226921627,35.084406994221794],[133.94254,35.083979],[133.9434345348479,35.08214692788493],[133.9433226921627,35.084406994221794]],[[133.94311,35.081848],[133.943452,35.081794],[133.94344611294184,35.081912963005564],[133.94311,35.081848]],[[133.942991,35.078085],[133.942578,35.077261],[133.94346186588575,35.074656402342775],[133.942991,35.078085]],[[133.94379097595717,35.07225999594752],[133.943623,35.071778],[133.94393487552972,35.071212194965966],[133.94379097595717,35.07225999594752]],[[133.94301019775827,35.070459664264774],[133.942233,35.070178],[133.94195280981367,35.06989516334954],[133.94301019775827,35.070459664264774]],[[133.939819,35.068756],[133.93988031213703,35.068788732317074],[133.939866,35.068786],[133.939819,35.068756]],[[133.93982851570746,35.067785397838634],[133.939715,35.067218],[133.93983683471697,35.066936858867926],[133.93982851570746,35.067785397838634]],[[133.93843770342482,35.0661460986155],[133.937969,35.066253],[133.937739,35.066167],[133.93843770342482,35.0661460986155]],[[133.937739,35.066167],[133.937415,35.064994],[133.937483,35.063061],[133.937739,35.066167]],[[133.937101,35.062992],[133.93614903930586,35.06273531351533],[133.93714342044666,35.06297809165684],[133.937101,35.062992]],[[133.93517254373026,35.06249690213431],[133.934564,35.062848],[133.93460186745017,35.06235757152858],[133.93517254373026,35.06249690213431]],[[133.933936,35.062195],[133.933013,35.064117],[133.932583,35.064223],[133.933936,35.062195]],[[133.93047214749873,35.06353428371962],[133.929752,35.063666],[133.9291112454846,35.06354550412471],[133.93047214749873,35.06353428371962]],[[133.926556222624,35.0635665698526],[133.92677592330563,35.063564758457936],[133.926704,35.063574],[133.926556222624,35.0635665698526]],[[133.923739,35.063569],[133.92332223289205,35.063463882031996],[133.923957,35.063588],[133.923739,35.063569]],[[133.921584,35.063124],[133.920328,35.064048],[133.91962527617883,35.06350666312779],[133.921584,35.063124]],[[133.91730449529,35.065203824640186],[133.917515,35.065658],[133.917408,35.065971],[133.91730449529,35.065203824640186]],[[133.917408,35.065971],[133.915376,35.067225],[133.91462687861463,35.0668373702745],[133.917408,35.065971]],[[133.912824,35.067399],[133.911115,35.07023],[133.910657,35.070597],[133.912824,35.067399]],[[133.910528,35.070607],[133.91041949354,35.070604661498706],[133.910657,35.070597],[133.910528,35.070607]],[[133.90836474277233,35.071073119624494],[133.907827,35.072096],[133.90732462506872,35.072074406267184],[133.90836474277233,35.071073119624494]],[[133.904672,35.074628],[133.904437,35.074724],[133.90435672917522,35.074633026056624],[133.904672,35.074628]],[[133.90156749404642,35.07586965124436],[133.900791,35.076887],[133.900606,35.076993],[133.90156749404642,35.07586965124436]],[[133.89718688557298,35.07797379561212],[133.896931,35.07859],[133.895923,35.079865],[133.89718688557298,35.07797379561212]],[[133.895923,35.079865],[133.895661,35.079879],[133.89540480907874,35.07981907337989],[133.895923,35.079865]],[[133.894727,35.079759],[133.892567,35.080445],[133.89210385201795,35.08041995067265],[133.894727,35.079759]],[[133.8916009207458,35.08054667351288],[133.89067,35.08096],[133.88952,35.081071],[133.8916009207458,35.08054667351288]],[[133.88952,35.081071],[133.888921,35.080846],[133.88875582349678,35.08072300886271],[133.88952,35.081071]],[[133.887996,35.080377],[133.887203,35.080874],[133.884188,35.080258],[133.887996,35.080377]],[[133.88298212931278,35.08039724603778],[133.882274,35.08068],[133.8815039674967,35.0805679344692],[133.88298212931278,35.08039724603778]],[[133.87931930619166,35.08257962464333],[133.879221,35.083235],[133.878612,35.083942],[133.87931930619166,35.08257962464333]],[[133.876508,35.085042],[133.874836,35.085476],[133.873635,35.085509],[133.876508,35.085042]],[[133.8740135876835,35.08721832694244],[133.874217,35.087615],[133.87428597781349,35.088448170934704],[133.8740135876835,35.08721832694244]],[[133.874701,35.090322],[133.87468671220773,35.09025749048399],[133.874696,35.090271],[133.874701,35.090322]],[[133.874701,35.090322],[133.874068,35.091251],[133.8735437512687,35.09141088804675],[133.874701,35.090322]],[[133.87328640089635,35.091653036287404],[133.872817,35.092317],[133.872331,35.092552],[133.87328640089635,35.091653036287404]],[[133.872331,35.092552],[133.87012,35.097818],[133.868732,35.09886],[133.872331,35.092552]],[[133.867971,35.101626],[133.867884,35.101811],[133.86795598698833,35.10156048867626],[133.867971,35.101626]],[[133.867884,35.101811],[133.867129,35.102109],[133.86683538731847,35.10201936246797],[133.867884,35.101811]],[[133.86571745498793,35.102241498957],[133.865307,35.102697],[133.8643831784679,35.10250662368186],[133.86571745498793,35.102241498957]],[[133.864029,35.102577],[133.863405,35.103555],[133.8622875167996,35.103573907904284],[133.864029,35.102577]],[[133.86161595159763,35.10395834380233],[133.860436,35.104751],[133.859543,35.105145],[133.86161595159763,35.10395834380233]],[[133.859543,35.105145],[133.858934,35.10518],[133.85872105426867,35.10514964262078],[133.859543,35.105145]],[[133.85750643131496,35.10515650321212],[133.856233,35.105377],[133.855471,35.105168],[133.85750643131496,35.10515650321212]],[[133.855459,35.105161],[133.85545589338525,35.105159145893424],[133.855471,35.105168],[133.855459,35.105161]],[[133.85436340820704,35.10451883167589],[133.853206,35.104086],[133.85239399070358,35.10336454047551],[133.85436340820704,35.10451883167589]],[[133.85019112911502,35.10309637964942],[133.849243,35.103162],[133.848713,35.103072],[133.85019112911502,35.10309637964942]],[[133.848713,35.103072],[133.84843,35.102935],[133.84840244867118,35.10291592600312],[133.848713,35.103072]],[[133.84725698441966,35.102340249239184],[133.846102,35.102283],[133.845601,35.101508],[133.84725698441966,35.102340249239184]],[[133.845601,35.101508],[133.844999,35.102328],[133.8441871814046,35.10311925959625],[133.845601,35.101508]],[[133.8263787673855,35.04457013975085],[133.827702,35.04414],[133.82812417162322,35.04431881540679],[133.8263787673855,35.04457013975085]],[[133.829116,35.044176],[133.829957,35.044331],[133.83013735990787,35.044527302913366],[133.829116,35.044176]],[[133.830936,35.044802],[133.831638,35.044367],[133.83189197231815,35.045386861590764],[133.830936,35.044802]],[[133.83299955740634,35.04606447951369],[133.834283,35.046639],[133.8348253850607,35.047181516530486],[133.83299955740634,35.04606447951369]],[[133.835022,35.047259],[133.835225,35.047426],[133.83482648986424,35.04718219244667],[133.835022,35.047259]],[[133.8360349997909,35.04649822517241],[133.836211,35.046102],[133.8365642067224,35.04589207085591],[133.8360349997909,35.04649822517241]],[[133.8379096155783,35.04435103777991],[133.838526,35.043254],[133.839324,35.042731],[133.8379096155783,35.04435103777991]],[[133.83965907880167,35.041764025188236],[133.839517,35.041124],[133.83996529505546,35.040880342296674],[133.83965907880167,35.041764025188236]],[[133.84145900568478,35.03908740888502],[133.841503,35.038548],[133.84228614728246,35.038342729653614],[133.84145900568478,35.03908740888502]],[[133.842464,35.038155],[133.842819,35.037863],[133.84240484003354,35.03823587004591],[133.842464,35.038155]],[[133.842819,35.037863],[133.8434,35.03809],[133.84394906806654,35.0390120714533],[133.842819,35.037863]],[[133.844603,35.039677],[133.845017,35.039437],[133.8452308457314,35.03961024762855],[133.844603,35.039677]],[[133.849983,35.039105],[133.850712,35.039309],[133.85079257455828,35.039388898674446],[133.849983,35.039105]],[[133.85122476072948,35.03954045615591],[133.85259,35.039011],[133.85333075881053,35.04027897993668],[133.85122476072948,35.03954045615591]],[[133.853827,35.040453],[133.857264,35.039172],[133.85782642682383,35.03991813041805],[133.853827,35.040453]],[[133.85879074918864,35.03978916526308],[133.859469,35.039677],[133.860375769481,35.03957719010301],[133.85879074918864,35.03978916526308]],[[133.862717,35.039762],[133.86305141901067,35.03984518525703],[133.8626875494127,35.03976623241974],[133.862717,35.039762]],[[133.863493,35.039941],[133.86317769059082,35.03987258380744],[133.863377,35.039882],[133.863493,35.039941]],[[133.86482,35.042023],[133.866745,35.042303],[133.867862,35.042553],[133.86482,35.042023]],[[133.8685089534119,35.04252111067746],[133.869573,35.04244],[133.86983938101545,35.04245553186734],[133.8685089534119,35.04252111067746]],[[133.87426097136236,35.04086177928597],[133.873197,35.037785],[133.87356,35.036793],[133.87426097136236,35.04086177928597]],[[133.87356,35.036793],[133.873962,35.036756],[133.87404061758593,35.03676282669864],[133.87356,35.036793]],[[133.87487586049087,35.036710389924345],[133.875978,35.036401],[133.87713909348224,35.0365683035482],[133.87487586049087,35.036710389924345]],[[133.87770108510523,35.03416509586871],[133.876908,35.033323],[133.876937,35.032233],[133.87770108510523,35.03416509586871]],[[133.877605,35.029764],[133.87770484553496,35.02956020434437],[133.8776190132002,35.02985897835692],[133.877605,35.029764]],[[133.87783730725283,35.02909911798268],[133.877896,35.028549],[133.878089,35.028223],[133.87783730725283,35.02909911798268]],[[133.877543,35.027437],[133.8774059100016,35.0272203584304],[133.8775641323693,35.02745259770115],[133.877543,35.027437]],[[133.877078,35.02677],[133.877033,35.026673],[133.87713938617583,35.02682915395124],[133.877078,35.02677]],[[133.8771427079613,35.02642968184085],[133.877328,35.025896],[133.8775367560229,35.025555733881006],[133.8771427079613,35.02642968184085]],[[133.87805619740615,35.02440367964846],[133.878203,35.023583],[133.87871090440171,35.02295162367131],[133.87805619740615,35.02440367964846]],[[133.87829111238474,35.01936562673724],[133.878158,35.018928],[133.878135,35.018751],[133.87829111238474,35.01936562673724]],[[133.878135,35.018751],[133.878334,35.0182],[133.8791924480617,35.01719432375262],[133.878135,35.018751]],[[133.87938375720728,35.01640329547266],[133.87933,35.015656],[133.87946884816583,35.01537041233913],[133.87938375720728,35.01640329547266]],[[133.87933801816584,35.01369216554351],[133.879603,35.013742],[133.879359,35.013701],[133.87933801816584,35.01369216554351]],[[133.87729,35.013307],[133.8774851337194,35.01334369830002],[133.877444,35.013345],[133.87729,35.013307]],[[133.87729,35.013307],[133.877149,35.013228],[133.87714028575303,35.01322038188472],[133.87729,35.013307]],[[133.874307,35.011612],[133.8741476805171,35.011343894737664],[133.874464,35.011672],[133.874307,35.011612]],[[133.87328671132596,35.01045084660876],[133.873033,35.010251],[133.872968235801,35.01012050497217],[133.87328671132596,35.01045084660876]],[[133.872087,35.009101],[133.87211634284506,35.008914409600585],[133.872129,35.00925],[133.872087,35.009101]],[[133.872086,35.00810990277746],[133.87208752416612,35.008150314348484],[133.872086,35.008141],[133.872086,35.00810990277746]],[[133.872064,35.007831],[133.872057,35.007341],[133.8720792095767,35.00792986224855],[133.872064,35.007831]],[[133.872057,35.007341],[133.872223,35.006662],[133.873588,35.005618],[133.872057,35.007341]],[[133.875253,35.00143926704548],[133.875707,34.9999883],[133.8764691833037,34.999489227680094],[133.875253,35.00143926704548]],[[133.880393,34.991635],[133.8792905,34.9899116],[133.8861223672763,34.9933209403687],[133.880393,34.991635]],[[133.888014,34.990883],[133.8876915,34.9908998],[133.88843845365716,34.9906342672036],[133.888014,34.990883]],[[133.88911668637928,34.99023681810939],[133.8893333,34.9899709],[133.88963359883607,34.98993390381312],[133.88911668637928,34.99023681810939]],[[133.890601,34.989367],[133.8910801,34.9871099],[133.89206839998656,34.985974683681256],[133.890601,34.989367]],[[133.89222036182136,34.98562338027606],[133.89218012120924,34.985716408002965],[133.892178,34.9856591],[133.89222036182136,34.98562338027606]],[[133.89249794067575,34.98509200925669],[133.8949985,34.9835532],[133.8958796180294,34.98405772839772],[133.89249794067575,34.98509200925669]],[[133.89954837560015,34.98610682414735],[133.8998385,34.9863058],[133.89975039077112,34.9870930211403],[133.89954837560015,34.98610682414735]],[[133.899954,34.988087],[133.89994935428703,34.98806432057379],[133.89998351537602,34.98810390049047],[133.899954,34.988087]],[[133.9029040172567,34.98977617849945],[133.9039054,34.9903461],[133.90417972683028,34.9913721099706],[133.9029040172567,34.98977617849945]],[[133.9060999,34.9918157],[133.9062475302769,34.99198508607363],[133.9059828157954,34.99185190558945],[133.9060999,34.9918157]],[[133.90798300362468,34.99323828051214],[133.9087979,34.9937188],[133.90900655281771,34.99397739077152],[133.90798300362468,34.99323828051214]],[[133.90968276752028,34.99593092680036],[133.9097768,34.9961129],[133.9097341151635,34.996242824179454],[133.90968276752028,34.99593092680036]],[[133.90994605857682,34.99753021715363],[133.910013,34.997673],[133.90999190404983,34.99780869308702],[133.90994605857682,34.99753021715363]],[[133.91197935777802,34.99978649934844],[133.9129481,35.0],[133.91451056461906,35.001397513813885],[133.91197935777802,34.99978649934844]],[[133.914791,35.001576],[133.915529,35.001714],[133.91596030158493,35.00191120559211],[133.914791,35.001576]],[[133.91702556167635,35.00221658543962],[133.917279,35.002265],[133.917477,35.002346],[133.91702556167635,35.00221658543962]],[[133.917591,35.002434],[133.9177310481061,35.00259722848229],[133.917477,35.002346],[133.917591,35.002434]],[[133.919279,35.004128],[133.919367,35.004362],[133.9192037295791,35.00457832475945],[133.919279,35.004128]],[[133.9192014537246,35.0057170812641],[133.919518,35.00592],[133.91985299999996,35.00656532075465],[133.9192014537246,35.0057170812641]],[[133.92001550010747,35.0067768774984],[133.92051,35.00727],[133.920531,35.007448],[133.92001550010747,35.0067768774984]],[[133.920531,35.007448],[133.92032,35.009199],[133.92016,35.009569],[133.920531,35.007448]],[[133.921539,35.010446],[133.923264,35.010229],[133.92471,35.01043],[133.921539,35.010446]],[[133.92471,35.01043],[133.925893,35.011039],[133.92641991345877,35.01162191382562],[133.92471,35.01043]],[[133.92755142405193,35.01241064562542],[133.928702,35.012814],[133.92911685513036,35.01350184643205],[133.92755142405193,35.01241064562542]],[[133.92918501891398,35.01354936074084],[133.929796,35.013713],[133.930358,35.014367],[133.92918501891398,35.01354936074084]],[[133.930358,35.014367],[133.930224,35.016132],[133.92939849999146,35.01634453893768],[133.930358,35.014367]],[[133.928932,35.017306],[133.929516,35.018146],[133.929537,35.019034],[133.928932,35.017306]],[[133.92968717718645,35.01917865630749],[133.930638,35.019657],[133.930658,35.019768],[133.92968717718645,35.01917865630749]],[[133.93131366077947,35.02074534640418],[133.931803,35.021065],[133.9322508294788,35.02164806250074],[133.93131366077947,35.02074534640418]],[[133.932774,35.022152],[133.93422,35.022309],[133.934737,35.022853],[133.932774,35.022152]],[[133.934737,35.022853],[133.934825,35.023406],[133.9346334404194,35.02370506743753],[133.934737,35.022853]],[[133.934478,35.024984],[133.935144,35.025341],[133.93491502574022,35.02621816069036],[133.934478,35.024984]],[[133.93517208067738,35.02694408383296],[133.935477,35.027481],[133.935478,35.027808],[133.93517208067738,35.02694408383296]],[[133.9355510816066,35.027866320688545],[133.937113,35.028327],[133.937904,35.029744],[133.9355510816066,35.027866320688545]],[[133.937956,35.033073],[133.93795364512204,35.0329222425241],[133.937956,35.032929],[133.937956,35.033073]],[[133.937956,35.033073],[133.937719,35.033856],[133.93751998299766,35.03438344407516],[133.937956,35.033073]],[[133.937045,35.035811],[133.93718,35.036484],[133.935251,35.037224],[133.937045,35.035811]],[[133.93313705696121,35.03785088250775],[133.93262,35.038298],[133.931255,35.038409],[133.93313705696121,35.03785088250775]],[[133.932574,35.039984],[133.934085,35.040636],[133.935332,35.041526],[133.932574,35.039984]],[[133.936951,35.040965],[133.937411,35.040978],[133.9376300266214,35.04104218006075],[133.936951,35.040965]],[[133.940391,35.041356],[133.941494,35.04202],[133.9416270481082,35.042479475420734],[133.940391,35.041356]],[[133.9417626021028,35.042602683878506],[133.942286,35.042882],[133.942587,35.043352],[133.9417626021028,35.042602683878506]],[[133.94870346949432,35.04383742040108],[133.949338,35.043506],[133.949681,35.043915],[133.94870346949432,35.04383742040108]],[[133.949681,35.043915],[133.949459,35.04495],[133.94925203650834,35.04518598508712],[133.949681,35.043915]],[[133.948734,35.046720886516844],[133.948605,35.047346],[133.94831932319812,35.047949541265815],[133.948734,35.046720886516844]],[[133.949178,35.05148],[133.95034085964917,35.051428015333606],[133.94841096640758,35.05157389702746],[133.949178,35.05148]],[[133.95284850103863,35.05115297839637],[133.953491,35.049962],[133.95491789421854,35.04895151489939],[133.95284850103863,35.05115297839637]],[[133.95514908796105,35.048639830967886],[133.955089,35.04825],[133.95534905739677,35.047803756225846],[133.95514908796105,35.048639830967886]],[[133.95555900051158,35.046925981405316],[133.955577,35.04615],[133.955918,35.045425],[133.95555900051158,35.046925981405316]],[[133.955918,35.045425],[133.956298,35.045153],[133.956868,35.044933],[133.955918,35.045425]],[[133.95676886160928,35.044406848135075],[133.956326,35.044126],[133.9565829005244,35.04341990684116],[133.95676886160928,35.044406848135075]],[[133.95645034634558,35.04271640915585],[133.956079,35.042193],[133.95628883210262,35.04185921327506],[133.95645034634558,35.04271640915585]],[[133.956178,35.041271],[133.955217,35.040632],[133.954916,35.039985],[133.956178,35.041271]],[[133.9547914470297,35.03832704562002],[133.954318,35.037529],[133.954569,35.035366],[133.9547914470297,35.03832704562002]],[[133.95384466478424,35.03382704859419],[133.953551,35.033264],[133.95348572651196,35.03306443406612],[133.95384466478424,35.03382704859419]],[[133.95275982457684,35.0319676936341],[133.950946,35.030338],[133.949977,35.028999],[133.95275982457684,35.0319676936341]],[[133.949977,35.028999],[133.949877,35.028142],[133.95024536301827,35.02780404154406],[133.949977,35.028999]],[[133.9495970137539,35.02582381958372],[133.949212,35.025095],[133.949273,35.024971],[133.9495970137539,35.02582381958372]],[[133.95000850472817,35.022744171169386],[133.949127,35.021346],[133.94947845304418,35.02046827502009],[133.95000850472817,35.022744171169386]],[[133.949295,35.02005],[133.9491634106191,35.0198754868188],[133.949419,35.020213],[133.949295,35.02005]],[[133.948196,35.018616],[133.947831,35.018116],[133.94835649579062,35.01880993241369],[133.948196,35.018616]],[[133.947831,35.018116],[133.947685,35.017029],[133.94802410762392,35.01618812886649],[133.947831,35.018116]],[[133.948111,35.015591],[133.94836739186826,35.01523777951337],[133.948072,35.01571],[133.948111,35.015591]],[[133.949772,35.011992],[133.949772,35.011206],[133.94979558907272,35.0121259738361],[133.949772,35.011992]],[[133.95042860218814,35.010375367833745],[133.95112,35.009241],[133.9515,35.00902],[133.95042860218814,35.010375367833745]],[[133.9515,35.00902],[133.954542,35.008616],[133.955001,35.008703],[133.9515,35.00902]],[[133.957877,35.009154],[133.960137,35.007623],[133.960779,35.007632],[133.957877,35.009154]],[[133.960779,35.007632],[133.962345,35.010371],[133.96246739077404,35.01132618834444],[133.960779,35.007632]],[[133.966167,35.011263],[133.96584407491477,35.01131149892367],[133.965932,35.01129],[133.966167,35.011263]],[[133.966391,35.011263],[133.966586,35.011267],[133.9666939514702,35.0112824216386],[133.966167,35.011263],[133.966391,35.011263]],[[133.96847680461042,35.011348131540394],[133.969261,35.011229],[133.970888,35.011437],[133.96847680461042,35.011348131540394]],[[133.970888,35.011437],[133.973028,35.011878],[133.97195766060096,35.014174583310826],[133.970888,35.011437]],[[133.975054,35.018121],[133.97514801154153,35.01822094911257],[133.97500920897838,35.01808079207774],[133.975054,35.018121]],[[133.9758180721424,35.018897548339844],[133.976182,35.0192],[133.976999,35.02009],[133.9758180721424,35.018897548339844]],[[133.9814659184773,35.0226231029742],[133.98137388790352,35.022570914217816],[133.981396,35.022576],[133.9814659184773,35.0226231029742]],[[133.98192828474154,35.022885301929705],[133.982835,35.023317],[133.98356093990935,35.023811149061764],[133.98192828474154,35.022885301929705]],[[133.9854563741728,35.024886013130704],[133.987207,35.025211],[133.988433,35.026574],[133.9854563741728,35.024886013130704]],[[133.98916267356324,35.02643316321838],[133.989489,35.026247],[133.991267,35.026027],[133.98916267356324,35.02643316321838]],[[133.99171177841012,35.02524803236704],[133.992163,35.024235],[133.992369,35.024097],[133.99171177841012,35.02524803236704]],[[133.99339350177937,35.02360839145908],[133.993958,35.023272],[133.994124,35.02326],[133.99339350177937,35.02360839145908]],[[133.99625266172188,35.02329373869474],[133.99702,35.023201],[133.99730576358388,35.02331043006561],[133.99625266172188,35.02329373869474]],[[134.000625,35.020079],[134.002261,35.018468],[134.0027821516771,35.01832293432416],[134.000625,35.020079]],[[134.003497,35.017741],[134.003795,35.01637],[134.00465,35.015578],[134.003497,35.017741]],[[134.00465,35.015578],[134.005469,35.015799],[134.00643990276407,35.0162915327788],[134.00465,35.015578]],[[134.010232,35.015083],[134.010507,35.014782],[134.01079578273635,35.01455198780894],[134.010232,35.015083]],[[134.01424954457897,35.01129898000076],[134.01463,35.010804],[134.0149729250253,35.01061764690734],[134.01424954457897,35.01129898000076]],[[134.0163600208302,35.0078825140798],[134.016889,35.006335],[134.017018,35.006216],[134.0163600208302,35.0078825140798]],[[134.017018,35.006216],[134.018066,35.006013],[134.020317,35.005788],[134.017018,35.006216]],[[134.020317,35.005788],[134.023718,35.005719],[134.024856,35.005849],[134.020317,35.005788]],[[134.024856,35.005849],[134.026534,35.004921],[134.028156,35.004637],[134.024856,35.005849]],[[134.029243,35.002831],[134.030048,35.002312],[134.03085789334656,35.00232169255124],[134.029243,35.002831]],[[134.031694,35.002058],[134.0313905035008,35.00215371717417],[134.031549,35.002074],[134.031694,35.002058]],[[134.031694,35.002058],[134.032511,35.002239],[134.034349,35.002934],[134.031694,35.002058]],[[134.03666088693822,35.00218266689488],[134.037494,35.001803],[134.038183,35.001688],[134.03666088693822,35.00218266689488]],[[134.038183,35.001688],[134.038549,35.001747],[134.040373,35.002316],[134.038183,35.001688]],[[134.039953,35.003197],[134.0392031942647,35.00381951775902],[134.040373,35.002316],[134.039953,35.003197]],[[134.0365722137302,35.007373223446166],[134.035431,35.009235],[134.03421657928695,35.01110527660982],[134.0365722137302,35.007373223446166]],[[134.0334424328538,35.01233176387448],[134.0335802848311,35.012113363727806],[134.033512,35.012232],[134.0334424328538,35.01233176387448]],[[134.032878,35.013226],[134.031708,35.014703],[134.03037580214382,35.01604614755067],[134.032878,35.013226]],[[134.0334036198788,35.01620417988407],[134.033762,35.015959],[134.033982,35.015851],[134.0334036198788,35.01620417988407]],[[134.033982,35.015851],[134.034584,35.016052],[134.0351123843095,35.01653869785903],[134.033982,35.015851]],[[134.037637,35.018031],[134.0378858317399,35.0182259946872],[134.03753475903017,35.01801241073275],[134.037637,35.018031]],[[134.039308,35.01908],[134.039546,35.019236],[134.03925622979415,35.01905971097289],[134.039308,35.01908]],[[134.04061463319144,35.02020329291724],[134.041241,35.020562],[134.041655,35.021145],[134.04061463319144,35.02020329291724]],[[134.041655,35.021145],[134.041631,35.021317],[134.04161951529355,35.02133184344134],[134.041655,35.021145]],[[134.041844,35.023599],[134.0420999878792,35.02390427576494],[134.04170675297948,35.02356613803734],[134.041844,35.023599]],[[134.044286,35.025784],[134.044952,35.025638],[134.046274,35.026177],[134.044286,35.025784]],[[134.04709264853557,35.025981117154814],[134.047351,35.025894],[134.04754785524375,35.02587219717112],[134.04709264853557,35.025981117154814]],[[134.049051,35.025491],[134.04933402506853,35.02544480982225],[134.04896525669466,35.02553304719781],[134.049051,35.025491]],[[134.051356,35.024961],[134.053946,35.024882],[134.0548639420848,35.02550716227014],[134.051356,35.024961]],[[134.05943118640468,35.02206032934819],[134.059656,35.021827],[134.0597456649932,35.02179753864509],[134.05943118640468,35.02206032934819]],[[134.06021211880537,35.021407751455286],[134.060529,35.020999],[134.06087,35.020858],[134.06021211880537,35.021407751455286]],[[134.06087,35.020858],[134.062299,35.020554],[134.063217,35.020484],[134.06087,35.020858]],[[134.063217,35.020484],[134.063599,35.020597],[134.0641970040675,35.02153596980896],[134.063217,35.020484]],[[134.065069,35.022472],[134.067023,35.022639],[134.06810706257124,35.0229279009407],[134.065069,35.022472]],[[134.069034,35.023067],[134.069849,35.022592],[134.070865,35.022692],[134.069034,35.023067]],[[134.07385438671412,35.02510190510083],[134.075671,35.024769],[134.076593,35.025263],[134.07385438671412,35.02510190510083]],[[134.07683101482607,35.02506928140965],[134.077315,35.02455],[134.07751307433873,35.0245141579768],[134.07683101482607,35.02506928140965]],[[134.07909724809537,35.02322481011533],[134.079692,35.022642],[134.08026554514169,35.02227394137892],[134.07909724809537,35.02322481011533]],[[134.08081100265926,35.02182999734761],[134.082158,35.020677],[134.08247401052705,35.02047648695838],[134.08081100265926,35.02182999734761]],[[134.08274,35.02026],[134.083591,35.019326],[134.084356,35.019359],[134.08274,35.02026]],[[134.084356,35.019359],[134.084299,35.019645],[134.08369606299215,35.02001893700786],[134.084356,35.019359]],[[134.087478,35.009591],[134.088736,35.007156],[134.08952059916598,35.0071496270008],[134.087478,35.009591]],[[134.0900474481957,35.00632829300454],[134.090064,35.005829],[134.09024456174086,35.005398961457594],[134.0900474481957,35.00632829300454]],[[134.090328,35.004974],[134.09044529269946,35.004452574885654],[134.0903285494671,35.00500298439012],[134.090328,35.004974]],[[134.09068,35.003346],[134.089791,35.002183],[134.089687,35.002019],[134.09068,35.003346]],[[134.089687,35.002019],[134.089696,35.001613],[134.0898411834079,35.001451225080764],[134.089687,35.002019]],[[134.08983676703232,34.99942531293302],[134.088907,34.999165],[134.088061,34.99846],[134.08983676703232,34.99942531293302]],[[134.087928,34.998198],[134.08792052200073,34.998167901052916],[134.088061,34.99846],[134.087928,34.998198]],[[134.08782827732253,34.997976094695275],[134.086968,34.996881],[134.0868252689318,34.99589051762021],[134.08782827732253,34.997976094695275]],[[134.086233,34.994659],[134.0863122845395,34.99482385806053],[134.086308,34.994819],[134.086233,34.994659]],[[134.086233,34.994659],[134.086131,34.993707],[134.086326,34.993149],[134.086233,34.994659]],[[134.08727877500817,34.992133202894934],[134.087802,34.991347],[134.088246,34.991102],[134.08727877500817,34.992133202894934]],[[134.08753782257043,34.98917501802195],[134.087041,34.988332],[134.08702,34.987766],[134.08753782257043,34.98917501802195]],[[134.08702,34.987766],[134.089059,34.987107],[134.090041,34.987952],[134.08702,34.987766]],[[134.090548,34.987783],[134.0909126071584,34.9877075950208],[134.09038406331004,34.98785580255561],[134.090548,34.987783]],[[134.093675,34.986933],[134.093607,34.98632],[134.093946,34.986299],[134.093675,34.986933]],[[134.093802,34.987403],[134.09387663069703,34.987911017284226],[134.09375200594857,34.98730652025161],[134.093802,34.987403]],[[134.09406533909586,34.98882635447464],[134.094914,34.989952],[134.094605,34.991444],[134.09406533909586,34.98882635447464]],[[134.09743642424593,34.99518057311174],[134.097607,34.995336],[134.09763468662032,34.99544221594336],[134.09743642424593,34.99518057311174]],[[134.097852,34.995729],[134.09916,34.996029],[134.09974599440025,34.996383054486465],[134.097852,34.995729]],[[134.1019023728054,34.99484397379657],[134.102874,34.994024],[134.10344463706932,34.99361052741839],[134.1019023728054,34.99484397379657]],[[134.104133,34.99306],[134.10385664686532,34.99328101709872],[134.103942,34.993196],[134.104133,34.99306]],[[134.1062546573379,34.99200047616336],[134.106401,34.991229],[134.108198,34.99103],[134.1062546573379,34.99200047616336]],[[134.10589426420975,34.9896441130682],[134.105744,34.989826],[134.105609,34.989864],[134.10589426420975,34.9896441130682]],[[134.10341485616974,34.98982171457286],[134.103156,34.989864],[134.10277584978306,34.98980939967462],[134.10341485616974,34.98982171457286]],[[134.1017471834616,34.989710053304975],[134.101873,34.989792],[134.101763,34.989737],[134.1017471834616,34.989710053304975]],[[134.099788,34.988434],[134.09997237671467,34.98855408804726],[134.099911,34.988527],[134.099788,34.988434]],[[134.099788,34.988434],[134.099153,34.985969],[134.099966,34.983872],[134.099788,34.988434]],[[134.100122,34.983796],[134.10023765766897,34.98376170953533],[134.099966,34.983872],[134.100122,34.983796]],[[134.102313914554,34.9829187687213],[134.102796,34.982684],[134.10298057697955,34.982648110031754],[134.102313914554,34.9829187687213]],[[134.105508,34.981622],[134.104457,34.981593],[134.10304734821977,34.98124580540675],[134.105508,34.981622]],[[134.1021376027557,34.98110671976791],[134.101649,34.981166],[134.10159,34.981023],[134.1021376027557,34.98110671976791]],[[134.10159,34.981023],[134.101159,34.979221],[134.1010432361484,34.978394378637404],[134.10159,34.981023]],[[134.1005626784749,34.976084050032384],[134.100211,34.975356],[134.100353,34.975076],[134.1005626784749,34.976084050032384]],[[134.100353,34.975076],[134.101003,34.974577],[134.10165,34.974367],[134.100353,34.975076]],[[134.10165,34.974367],[134.103158,34.975093],[134.10364,34.976233],[134.10165,34.974367]],[[134.107091,34.975522],[134.106254,34.974944],[134.107039,34.972473],[134.107091,34.975522]],[[134.1066304406951,34.97241734486249],[134.106012,34.972404],[134.10562211179027,34.972279987364615],[134.1066304406951,34.97241734486249]],[[134.10552082932165,34.97226619037199],[134.105089,34.972231],[134.104778,34.972165],[134.10552082932165,34.97226619037199]],[[134.104528,34.971999],[134.1044563633416,34.9719224228824],[134.104778,34.972165],[134.104528,34.971999]],[[134.1039697772455,34.97155544154006],[134.102847,34.970946],[134.10226136867234,34.97026696643464],[134.1039697772455,34.97155544154006]],[[134.1016324256133,34.96979262002417],[134.101173,34.969642],[134.10025,34.96875],[134.1016324256133,34.96979262002417]],[[134.097788,34.965592],[134.097226,34.965962],[134.09507,34.965821],[134.097788,34.965592]],[[134.09507,34.965821],[134.094588,34.965481],[134.094179,34.964817],[134.09507,34.965821]],[[134.09281021489633,34.965017769502026],[134.091933,34.96519],[134.091636,34.96519],[134.09281021489633,34.965017769502026]],[[134.091636,34.96519],[134.091352,34.965107],[134.09092632474864,34.96491866620759],[134.091636,34.96519]],[[134.08975196950976,34.96446966892327],[134.089434,34.96437],[134.0893186073926,34.96430397935398],[134.08975196950976,34.96446966892327]],[[134.08833,34.963926],[134.08858881448063,34.96402495387281],[134.088579,34.964022],[134.08833,34.963926]],[[134.08833,34.963926],[134.089048,34.963177],[134.089699,34.962941],[134.08833,34.963926]],[[134.089699,34.962941],[134.089996,34.962983],[134.09015425634982,34.96304599820078],[134.089699,34.962941]],[[134.09224849697364,34.96212988336312],[134.092,34.961182],[134.09259221963248,34.96029696995029],[134.09224849697364,34.96212988336312]],[[134.092833,34.959013],[134.092521,34.958306],[134.09227655783525,34.957365612085745],[134.092833,34.959013]],[[134.092275,34.957361],[134.092403,34.95693],[134.0926811045187,34.956778531874036],[134.092275,34.957361]],[[134.09282703770066,34.956569222636894],[134.09299,34.955846],[134.093576,34.955495],[134.09282703770066,34.956569222636894]],[[134.095214,34.954783],[134.09563379768224,34.95462967541849],[134.0951376225588,34.954838322038476],[134.095214,34.954783]],[[134.09609965516088,34.95443377767245],[134.096803,34.954024],[134.097262,34.953945],[134.09609965516088,34.95443377767245]],[[134.0998677699339,34.95384185356263],[134.100089,34.953763],[134.10027124626924,34.95382588241106],[134.0998677699339,34.95384185356263]],[[134.101203,34.953789],[134.101659,34.952831],[134.10226298866124,34.95255450303336],[134.101203,34.953789]],[[134.102754,34.951931],[134.10295782792522,34.95174527082636],[134.10273817390888,34.952001086974995],[134.102754,34.951931]],[[134.1034822367408,34.95113452741391],[134.103663,34.950474],[134.104398,34.950068],[134.1034822367408,34.95113452741391]],[[134.104043,34.949172],[134.105387,34.947621],[134.10599128848182,34.9473256991994],[134.104043,34.949172]],[[134.10645,34.946891],[134.106296,34.945966],[134.10791317357712,34.94424086911182],[134.10645,34.946891]],[[134.107965,34.944147],[134.107796,34.943484],[134.107739,34.943104],[134.107965,34.944147]],[[134.107739,34.943104],[134.107879,34.942858],[134.10806430473838,34.94273551042716],[134.107739,34.943104]],[[134.109578,34.941015],[134.109803,34.940766],[134.10945428843445,34.94116100370169],[134.109578,34.941015]],[[134.109803,34.940766],[134.110333,34.940351],[134.11080939159004,34.940167316688566],[134.109803,34.940766]],[[134.113671,34.938465],[134.116996,34.937455],[134.119016,34.937091],[134.113671,34.938465]],[[134.1195303964712,34.93662741695414],[134.119986,34.935706],[134.1204584895332,34.9357910033459],[134.1195303964712,34.93662741695414]],[[134.12058,34.931371],[134.119186,34.931332],[134.1186636933862,34.93125780045319],[134.12058,34.931371]],[[134.11534944973218,34.93184823355655],[134.113342,34.93244],[134.1122,34.932606],[134.11534944973218,34.93184823355655]],[[134.1122,34.932606],[134.112066,34.931559],[134.11222039556094,34.93088649732448],[134.1122,34.932606]],[[134.112226,34.930414],[134.111156,34.930312],[134.108396,34.929083],[134.112226,34.930414]],[[134.108396,34.929083],[134.107528,34.928091],[134.10872963207075,34.92612386431837],[134.108396,34.929083]],[[134.1077459907329,34.92526839617587],[134.105123,34.924929],[134.103878,34.924486],[134.1077459907329,34.92526839617587]],[[134.103878,34.924486],[134.102864,34.92351],[134.102436,34.92268],[134.103878,34.924486]],[[134.101363,34.922879],[134.10127166901438,34.92289560563375],[134.102436,34.92268],[134.101363,34.922879]],[[134.099721,34.923232],[134.098591,34.923392],[134.1006663511675,34.92300769570058],[134.099721,34.923232]],[[134.098591,34.923392],[134.097298,34.925032],[134.096,34.925692],[134.098591,34.923392]],[[134.088143,34.9313],[134.089777,34.933517],[134.09134,34.936494],[134.088143,34.9313]],[[134.09134,34.936494],[134.091286,34.938564],[134.090552,34.940797],[134.09134,34.936494]],[[134.090552,34.940797],[134.089423,34.942081],[134.088369,34.942574],[134.090552,34.940797]],[[134.088369,34.942574],[134.08714,34.942721],[134.086161,34.942641],[134.088369,34.942574]],[[134.0847497774658,34.94231058448631],[134.08568589257698,34.942529761085204],[134.084923,34.942361],[134.0847497774658,34.94231058448631]],[[134.07265470008247,34.94126594996846],[134.07284980846626,34.941252006507284],[134.072668,34.9412928],[134.07265470008247,34.94126594996846]],[[134.06900282495315,34.93778114065662],[134.067864,34.937636],[134.06743421217698,34.936898977859265],[134.06900282495315,34.93778114065662]],[[134.067292,34.936819],[134.066406,34.937304],[134.0654005649148,34.937407436388945],[134.067292,34.936819]],[[134.06443831713798,34.93770679723484],[134.063703,34.93798],[134.06307292192193,34.93813157957958],[134.06443831713798,34.93770679723484]],[[134.06145705779542,34.93863428425027],[134.060961,34.93887],[134.0603490560423,34.938978990000756],[134.06145705779542,34.93863428425027]],[[134.05912,34.939394],[134.058954,34.939413],[134.05917484983058,34.939344292341026],[134.05912,34.939394]],[[134.0565659715315,34.93813369397119],[134.055033,34.938235],[134.054573,34.93819],[134.0565659715315,34.93813369397119]],[[134.049605,34.938011],[134.049318,34.938174],[134.0491898352807,34.93820904504042],[134.049605,34.938011]],[[134.047524685737,34.939003367374106],[134.046178,34.939929],[134.04491094658678,34.94025019315575],[134.047524685737,34.939003367374106]],[[134.041062,34.943326],[134.039368,34.943438],[134.0388737376576,34.94313756857404],[134.041062,34.943326]],[[134.035848,34.94437],[134.035082,34.944367],[134.03473494821367,34.94424979040708],[134.035848,34.94437]],[[134.03126915408347,34.94597122544133],[134.031122,34.946137],[134.030979,34.946201],[134.03126915408347,34.94597122544133]],[[134.02839714260907,34.94739179948258],[134.028562,34.947221],[134.028432,34.947356],[134.02839714260907,34.94739179948258]],[[134.02835144509302,34.947439144112096],[134.027156,34.949066],[134.02641868830975,34.949441564850936],[134.02835144509302,34.947439144112096]],[[134.02585942638774,34.9500209847142],[134.025237,34.950862],[134.025094,34.950814],[134.02585942638774,34.9500209847142]],[[134.025094,34.950814],[134.023086,34.948584],[134.022174,34.946625],[134.025094,34.950814]],[[134.01919976909087,34.94588966746882],[134.018641,34.945802],[134.018558,34.945731],[134.01919976909087,34.94588966746882]],[[134.018558,34.945731],[134.018855,34.942556],[134.019474,34.941441],[134.018558,34.945731]],[[134.015773,34.938131],[134.01559902131206,34.93794967404921],[134.016031,34.938345],[134.015773,34.938131]],[[134.014867,34.937296],[134.014711,34.937137],[134.0151292609421,34.93751977213489],[134.014867,34.937296]],[[134.014554,34.936834],[134.01440296271747,34.93638499993088],[134.0146219403413,34.93691958193636],[134.014554,34.936834]],[[134.0141711860554,34.93581917210491],[134.013961,34.935537],[134.01398200762515,34.93535733777289],[134.0141711860554,34.93581917210491]],[[134.012432,34.931617],[134.012336,34.931339],[134.01247417947502,34.93167633246154],[134.012432,34.931617]],[[134.0126772526626,34.93093016492003],[134.01315,34.930322],[134.01331154609287,34.93017025464327],[134.0126772526626,34.93093016492003]],[[134.013217,34.928787],[134.01315773743715,34.9285140805964],[134.01330966603575,34.92888437786805],[134.013217,34.928787]],[[134.01258834621314,34.92712629700134],[134.012001,34.926019],[134.0118953419121,34.9254372298718],[134.01258834621314,34.92712629700134]],[[134.011016,34.923294],[134.011284,34.921988],[134.01149897747678,34.92180920290552],[134.011016,34.923294]],[[134.011622,34.921431],[134.011022,34.920824],[134.01106488603773,34.9204317603973],[134.011622,34.921431]],[[134.010434,34.919324],[134.010372,34.919189],[134.01045448946982,34.91933695311311],[134.010434,34.919324]],[[134.008991,34.916657],[134.008816,34.916506],[134.00877081813317,34.91636942913757],[134.008991,34.916657]],[[134.007341,34.914502],[134.00740563387492,34.914586415757846],[134.007371,34.914566],[134.007341,34.914502]],[[134.00528604486942,34.91204904068473],[134.004748,34.912131],[134.00451524530868,34.91202412155267],[134.00528604486942,34.91204904068473]],[[134.003367,34.911987],[134.001898,34.911132],[134.001891,34.910416],[134.003367,34.911987]],[[134.00241393349924,34.90985972900563],[134.002801,34.909351],[134.00324,34.908981],[134.00241393349924,34.90985972900563]],[[134.00306275287338,34.908770506289216],[134.00196,34.907886],[134.001502,34.906917],[134.00306275287338,34.908770506289216]],[[134.00169136576378,34.903949859683074],[134.000506,34.90316],[134.001165,34.902219],[134.00169136576378,34.903949859683074]],[[134.0012454401041,34.90169479629861],[134.001461,34.899112],[134.001734,34.898511],[134.0012454401041,34.90169479629861]],[[134.001734,34.898511],[134.002122,34.898123],[134.0028157709383,34.89758605088746],[134.001734,34.898511]],[[134.003181,34.894735],[134.00298375063463,34.89453029311632],[134.003345,34.894777],[134.003181,34.894735]],[[134.00185194197533,34.893757350617285],[134.00101,34.893326],[134.000885,34.893097],[134.00185194197533,34.893757350617285]],[[133.999057,34.890595],[133.9991391,34.8908887],[133.9989885774251,34.89060001765549],[133.999057,34.890595]],[[133.992576,34.888399],[133.9928242,34.8887324],[133.98889732939577,34.8871176131614],[133.992576,34.888399]],[[133.9888765301358,34.88711036818058],[133.9883517,34.8869479],[133.98822635460849,34.88688389333324],[133.9888765301358,34.88711036818058]],[[133.98814775986185,34.88685651652114],[133.9868966,34.8871288],[133.98565939799315,34.8866326727391],[133.987819,34.886742],[133.98814775986185,34.88685651652114]],[[133.9856467298124,34.886632031427645],[133.9818711,34.8868003],[133.97949817432695,34.886320768182095],[133.9856467298124,34.886632031427645]],[[133.97590498682786,34.882855996806775],[133.9757646,34.8827684],[133.9757267840966,34.88268347233568],[133.97590498682786,34.882855996806775]],[[133.97571936185287,34.88266419699362],[133.9755579,34.8814479],[133.9761242021228,34.880983884126046],[133.97571936185287,34.88266419699362]],[[133.97589213828314,34.88013317292169],[133.975798,34.8800821],[133.9757329236571,34.879998106115565],[133.97589213828314,34.88013317292169]],[[133.972299,34.877085],[133.9728121,34.8775843],[133.9715998382712,34.87737964912837],[133.972299,34.877085]],[[133.9707276,34.8777991],[133.97045220276826,34.877863299458056],[133.97078181647953,34.87772438969123],[133.9707276,34.8777991]],[[133.96903186897848,34.87721396488068],[133.9682529,34.8767386],[133.96752994888624,34.876319973190185],[133.967608,34.876316],[133.96903186897848,34.87721396488068]],[[133.96564535639013,34.87620158076242],[133.964458,34.8753939],[133.9641194767985,34.87459906659307],[133.96564535639013,34.87620158076242]],[[133.9618113,34.874578],[133.96135936265384,34.87456088117073],[133.96189724790065,34.87455350277228],[133.9618113,34.874578]],[[133.96021609300772,34.87310964597899],[133.9588301,34.8738966],[133.9563572,34.8733861],[133.95996,34.872703],[133.96021609300772,34.87310964597899]],[[133.953146,34.871559],[133.949579,34.8735659],[133.9451574244531,34.86978938629466],[133.953146,34.871559]],[[133.8254494317767,35.04433010668754],[133.82597,35.044502],[133.826095,35.044611],[133.8254494317767,35.04433010668754]],[[133.718055,34.954704],[133.7190747313384,34.954256364164145],[133.71784080432562,34.95488987227944],[133.718055,34.954704]],[[133.72009753385132,34.953731249075844],[133.720696,34.953404],[133.721031,34.953252],[133.72009753385132,34.953731249075844]],[[133.72117621951287,34.95220757523368],[133.720994,34.950443],[133.721609,34.949095],[133.72117621951287,34.95220757523368]],[[133.721609,34.949095],[133.722,34.948905],[133.7222037980218,34.949002552607595],[133.721609,34.949095]],[[133.72348169562463,34.94880393341788],[133.723563,34.948771],[133.723848,34.948747],[133.72348169562463,34.94880393341788]],[[133.724305,34.948811],[133.72472362750653,34.94899984391904],[133.723848,34.948747],[133.724305,34.948811]],[[133.728918,34.950211],[133.732157,34.949881],[133.73319942525873,34.95025164923879],[133.728918,34.950211]],[[133.733763,34.950257],[133.735341,34.94883],[133.736683,34.948148],[133.733763,34.950257]],[[133.736683,34.948148],[133.73704,34.947625],[133.737974690925,34.947737193234296],[133.736683,34.948148]],[[133.73801017735576,34.94772590720172],[133.738691,34.947375],[133.739843,34.947143],[133.73801017735576,34.94772590720172]],[[133.740639,34.946588],[133.74109753272413,34.9463514119713],[133.74054504729028,34.946700020538486],[133.740639,34.946588]],[[133.741754,34.945805],[133.742225,34.94564],[133.7416168641528,34.94602372299678],[133.741754,34.945805]],[[133.742225,34.94564],[133.743044,34.94584],[133.7432338235654,34.946393563277425],[133.742225,34.94564]],[[133.74723471726438,34.945688892410345],[133.747774,34.945105],[133.748347,34.944997],[133.74723471726438,34.945688892410345]],[[133.748347,34.944997],[133.74965,34.945311],[133.750107,34.945591],[133.748347,34.944997]],[[133.751954,34.947434],[133.75218159431776,34.94791494046972],[133.75163975560756,34.947307977992324],[133.751954,34.947434]],[[133.754941,34.951006],[133.754116,34.94992],[133.755825,34.950308],[133.754941,34.951006]],[[133.755253,34.951662],[133.75533165386904,34.951879177609776],[133.75521473865862,34.95161785229841],[133.755253,34.951662]],[[133.7558708131266,34.952166827901124],[133.75589,34.952169],[133.75594766151008,34.95218459214303],[133.7558708131266,34.952166827901124]],[[133.760669,34.952588],[133.76105897672954,34.952646315197384],[133.759354,34.952972],[133.760669,34.952588]],[[133.761618,34.952499],[133.761893,34.952487],[133.76153205364352,34.95255594800429],[133.761618,34.952499]],[[133.76204994516291,34.952683102981084],[133.762625,34.953322],[133.76273878686095,34.95354381068277],[133.76204994516291,34.952683102981084]],[[133.7637749118495,34.95483844885597],[133.763798,34.954855],[133.763893,34.954986],[133.7637749118495,34.95483844885597]],[[133.763893,34.954986],[133.765146,34.955475],[133.76551705879072,34.956152559591764],[133.763893,34.954986]],[[133.76572129406085,34.95629926155522],[133.766146,34.956597],[133.766456,34.956827],[133.76572129406085,34.95629926155522]],[[133.76720501624894,34.95690143446299],[133.76855,34.956917],[133.768861,34.957066],[133.76720501624894,34.95690143446299]],[[133.768861,34.957066],[133.769629,34.957829],[133.7700184518702,34.95849284346727],[133.768861,34.957066]],[[133.7713237878898,34.96010199043929],[133.771339,34.960114],[133.771469,34.960281],[133.7713237878898,34.96010199043929]],[[133.77367551435,34.96058693194652],[133.774685,34.960508],[133.77526366579772,34.96080712823201],[133.77367551435,34.96058693194652]],[[133.776329,34.960884],[133.7768749415933,34.96103053069505],[133.77617300798735,34.96093320800399],[133.776329,34.960884]],[[133.77796788549725,34.961182066739205],[133.778394,34.961152],[133.77943303802627,34.96138520929531],[133.77796788549725,34.961182066739205]],[[133.78228,34.960258],[133.782381,34.959316],[133.7833649406528,34.9592064421365],[133.78228,34.960258]],[[133.78527,34.95736],[133.784778,34.956123],[133.785002,34.955652],[133.78527,34.95736]],[[133.785002,34.955652],[133.786147,34.954782],[133.786755,34.954794],[133.785002,34.955652]],[[133.789217,34.955687],[133.78984,34.956373],[133.78984080466,34.95678505476547],[133.789217,34.955687]],[[133.795244,34.959448],[133.79564740127933,34.95957629159445],[133.79493162340967,34.959448],[133.795244,34.959448]],[[133.800197,34.956645],[133.800014,34.954048],[133.8006,34.953251],[133.800197,34.956645]],[[133.800645,34.953236],[133.80090807691724,34.95314995604588],[133.8006,34.953251],[133.800645,34.953236]],[[133.80336548598336,34.952343967946604],[133.804722,34.951627],[133.806207,34.951412],[133.80336548598336,34.952343967946604]],[[133.80723770953819,34.95144077514027],[133.808139,34.951387],[133.808786,34.951484],[133.80723770953819,34.95144077514027]],[[133.8088828,34.9515289],[133.8088377057848,34.95176199895313],[133.808786,34.951484],[133.8088828,34.9515289]],[[133.80902050702244,34.95274483971041],[133.809508,34.953826],[133.809349,34.954511],[133.80902050702244,34.95274483971041]],[[133.809349,34.954511],[133.809001,34.954708],[133.80850707941008,34.954696817144644],[133.809349,34.954511]],[[133.80807085709523,34.955072473638616],[133.80804,34.956286],[133.80790354307115,34.95656365987829],[133.80807085709523,34.955072473638616]],[[133.80789058404392,34.956679157208654],[133.808148,34.957055],[133.807623,34.959064],[133.80789058404392,34.956679157208654]],[[133.80653616218277,34.96055298514356],[133.806499,34.960638],[133.806369,34.960782],[133.80653616218277,34.96055298514356]],[[133.804964,34.96186192156862],[133.804229,34.962472],[133.8041175475352,34.96251252816901],[133.804964,34.96186192156862]],[[133.80274638641285,34.964640776287254],[133.80280218947797,34.964491326047856],[133.802766,34.964602],[133.80274638641285,34.964640776287254]],[[133.802324,34.965772],[133.80255516334373,34.96515290466931],[133.802483,34.965454],[133.802324,34.965772]],[[133.80266482270142,34.96611102952693],[133.804574,34.967916],[133.805175,34.968608],[133.80266482270142,34.96611102952693]],[[133.805175,34.968608],[133.805288,34.971105],[133.80439835941192,34.97152988199547],[133.805175,34.968608]],[[133.804684,34.975066],[133.80448809352646,34.975546766416],[133.804648,34.974881],[133.804684,34.975066]],[[133.803865,34.978141],[133.802844,34.979352],[133.801156,34.980187],[133.803865,34.978141]],[[133.792249,34.984713],[133.79146,34.985476],[133.7928740958234,34.983895036590766],[133.792249,34.984713]],[[133.7881956895223,34.99054078679049],[133.788413,34.990858],[133.788421,34.991013],[133.7881956895223,34.99054078679049]],[[133.788364,34.994177],[133.788372560189,34.99370183442052],[133.788422,34.993819],[133.788364,34.994177]],[[133.788364,34.994177],[133.788074,34.994427],[133.78803714594775,34.994454478898604],[133.788364,34.994177]],[[133.78774605288933,34.99470159892263],[133.78735,34.995346],[133.78657647273613,34.99569450022064],[133.78774605288933,34.99470159892263]],[[133.78626840731997,34.996324921755885],[133.786509,34.997221],[133.786193,34.997568],[133.78626840731997,34.996324921755885]],[[133.786468,34.998278],[133.7865287994489,34.99868477009702],[133.78633638473698,34.99804485541819],[133.786468,34.998278]],[[133.7867186616616,34.99931619591504],[133.78665587444877,34.9991073841317],[133.7867,34.999239],[133.7867186616616,34.99931619591504]],[[133.78684028670938,34.9997206850136],[133.787453,35.000992],[133.787504,35.001928],[133.78684028670938,34.9997206850136]],[[133.787504,35.001928],[133.786874,35.002769],[133.78620449438202,35.002876],[133.787504,35.001928]],[[133.7870085370475,35.0055836032204],[133.787225,35.006039],[133.787254,35.006146],[133.7870085370475,35.0055836032204]],[[133.78777757273735,35.00645047880216],[133.788421,35.006576],[133.788695,35.006984],[133.78777757273735,35.00645047880216]],[[133.78958,35.009716],[133.788936,35.011681],[133.788363,35.011824],[133.78958,35.009716]],[[133.788491,35.013937],[133.787783,35.014893],[133.7875919456767,35.01500190361242],[133.788491,35.013937]],[[133.786956,35.015836],[133.786469,35.016332],[133.786956,35.01575516271019],[133.786956,35.015836]],[[133.78402310524686,35.01722174454631],[133.784816,35.019105],[133.784735,35.01959],[133.78402310524686,35.01722174454631]],[[133.7858896140062,35.01977847934229],[133.78794,35.019922],[133.788707390057,35.020238453475585],[133.7858896140062,35.01977847934229]],[[133.791261,35.020594],[133.792031,35.020781],[133.79102313285932,35.02061647563534],[133.791261,35.020594]],[[133.792031,35.020781],[133.792407,35.021031],[133.7925347604279,35.02122492289485],[133.792031,35.020781]],[[133.79345249409317,35.0216350421589],[133.795801,35.021214],[133.79660253516474,35.02153431279416],[133.79345249409317,35.0216350421589]],[[133.79858759659749,35.02147083616876],[133.799574,35.021393],[133.800021,35.021425],[133.79858759659749,35.02147083616876]],[[133.800183,35.021465],[133.8002341185441,35.02150006969885],[133.800021,35.021425],[133.800183,35.021465]],[[133.802383,35.022257],[133.803079,35.022878],[133.80334858081733,35.023184280116865],[133.802383,35.022257]],[[133.805283,35.025204],[133.80519880442378,35.02554514478439],[133.805257,35.025017],[133.805283,35.025204]],[[133.805111,35.026342],[133.80543,35.026366],[133.80551575062836,35.02638021281133],[133.805111,35.026342]],[[133.8056913540859,35.02639679166587],[133.808086,35.026496],[133.80825040186954,35.02663839329239],[133.8056913540859,35.02639679166587]],[[133.811212,35.026918],[133.811668,35.027533],[133.81172447024593,35.0289179020805],[133.811212,35.026918]],[[133.81396,35.030329],[133.815402,35.031231],[133.814576,35.031971],[133.81396,35.030329]],[[133.81631658447137,35.0333250723314],[133.8160627570208,35.03312760950589],[133.816308,35.033263],[133.81631658447137,35.0333250723314]],[[133.81744254064273,35.034201],[133.818661,35.034345],[133.8186885477128,35.035170320206],[133.81744254064273,35.034201]],[[133.819336,35.035674],[133.81915220031553,35.03553101465723],[133.819234,35.035537],[133.819336,35.035674]],[[133.819423,35.037893],[133.819213,35.038239],[133.81923882487027,35.03770045697324],[133.819423,35.037893]],[[133.816986,35.038936],[133.816986,35.039026],[133.81698066932148,35.039050728425444],[133.816986,35.038936]],[[133.8169713892271,35.03925045733555],[133.817124,35.04032],[133.81688036428548,35.04120952279899],[133.8169713892271,35.03925045733555]],[[133.8168676198645,35.04148381196119],[133.816945,35.042058],[133.816829,35.042315],[133.8168676198645,35.04148381196119]],[[133.81569554080437,35.043703492651304],[133.817525,35.043996],[133.81799281603944,35.044476356456535],[133.81569554080437,35.043703492651304]],[[133.819151,35.044866],[133.81890798910334,35.044784244743404],[133.818941,35.044776],[133.819151,35.044866]],[[133.81925602379064,35.044701237906416],[133.819713,35.043643],[133.82030663173228,35.0430530364567],[133.81925602379064,35.044701237906416]],[[133.820644956959,35.0425222693579],[133.820649,35.04245],[133.820786,35.042301],[133.820644956959,35.0425222693579]],[[133.820786,35.042301],[133.822849,35.042117],[133.825080523686,35.044169591018026],[133.820786,35.042301]],[[133.83399080621726,34.625283840424636],[133.83427190399584,34.624788315384585],[133.834178,34.625236],[133.83399080621726,34.625283840424636]],[[133.8344666342955,34.623859944248174],[133.8345271,34.6231969],[133.8346580148806,34.62294754278015],[133.8344666342955,34.623859944248174]],[[133.836051,34.620009],[133.8342187,34.6176449],[133.83571327931688,34.614278047561655],[133.836051,34.620009]],[[133.83536322161075,34.6135723939919],[133.8341293,34.6114869],[133.83445845848067,34.61122740349638],[133.83536322161075,34.6135723939919]],[[133.83489114540853,34.609920053727556],[133.8349818,34.6079356],[133.83527492864056,34.60647513533741],[133.835799,34.607177],[133.83489114540853,34.609920053727556]],[[133.8320344,34.6258357],[133.83204660994164,34.62583920390072],[133.83201500723962,34.625875549585764],[133.8320344,34.6258357]],[[133.740014,34.768132],[133.739978,34.767988],[133.74002518536153,34.76789143811503],[133.740014,34.768132]],[[133.74010540670218,34.76616612982987],[133.740086,34.763976],[133.74022503143408,34.763593378746336],[133.74010540670218,34.76616612982987]],[[133.740233,34.763422],[133.73977,34.762611],[133.739835,34.761515],[133.740233,34.763422]],[[133.740775,34.76037],[133.7410892677964,34.76014508072732],[133.74065643287,34.76061782578963],[133.740775,34.76037]],[[133.74245719679806,34.75865101996261],[133.7421692924641,34.758965470909146],[133.742236,34.758813],[133.74245719679806,34.75865101996261]],[[133.742568,34.75853],[133.742279,34.757854],[133.742387,34.756938],[133.742568,34.75853]],[[133.742387,34.756938],[133.742453,34.756789],[133.7426128873234,34.75667300302513],[133.742387,34.756938]],[[133.744437,34.754419],[133.744911,34.753977],[133.7441425763577,34.75487846687991],[133.744437,34.754419]],[[133.746501,34.75058],[133.745208,34.749256],[133.749402,34.747869],[133.746501,34.75058]],[[133.75148837712786,34.74837704469375],[133.7517688,34.7482929],[133.7518425546568,34.748290915866676],[133.75148837712786,34.74837704469375]],[[133.75379420923764,34.747816312860664],[133.7542027,34.747385],[133.75485584565507,34.74755814430976],[133.75379420923764,34.747816312860664]],[[133.756285099553,34.74939992779748],[133.75623,34.749418],[133.75617310965626,34.74933958130742],[133.756285099553,34.74939992779748]],[[133.7583818273877,34.748712218224696],[133.7586918,34.7484556],[133.75914551920314,34.74846173355832],[133.7583818273877,34.748712218224696]],[[133.762695131979,34.74506165758187],[133.7618085,34.7467701],[133.762162,34.7454763],[133.7623688,34.7451838],[133.762695131979,34.74506165758187]],[[133.7640328897956,34.74423910198776],[133.76423,34.7438826],[133.76464497864023,34.74386274305567],[133.7640328897956,34.74423910198776]],[[133.76858775686236,34.741974082257386],[133.7674973,34.7415364],[133.7680913,34.7416221],[133.7681904,34.7416631],[133.7684003,34.7417953],[133.76858775686236,34.741974082257386]],[[133.772608,34.742146],[133.7724658,34.7419434],[133.7734852,34.7409051],[133.7747407,34.7402239],[133.77505570035257,34.740259946357035],[133.772608,34.742146]],[[133.77948802947787,34.738435032623435],[133.7796218,34.7379266],[133.78043840999106,34.73728435389166],[133.77948802947787,34.738435032623435]],[[133.78470821409348,34.73463500148726],[133.785226,34.7343325],[133.78556030460044,34.73425072537628],[133.78470821409348,34.73463500148726]],[[133.79129049557778,34.73044073973458],[133.79116477428497,34.73065532054885],[133.7912252,34.7305257],[133.79129049557778,34.73044073973458]],[[133.79592634755298,34.72357544251721],[133.7959083,34.7231782],[133.79629751993923,34.72292293433421],[133.79592634755298,34.72357544251721]],[[133.7967159137745,34.72184190186333],[133.7968599,34.7202822],[133.79858122534145,34.717022370115565],[133.7967159137745,34.72184190186333]],[[133.79859083771896,34.71624277948647],[133.7979003,34.7161316],[133.79781777823104,34.71603142927784],[133.79859083771896,34.71624277948647]],[[133.79798133178215,34.71408963354946],[133.7979273,34.7139635],[133.7980308418861,34.71364853279036],[133.79798133178215,34.71408963354946]],[[133.79816397754976,34.71246238617357],[133.7983948,34.7118789],[133.79883747823752,34.71175896547476],[133.79816397754976,34.71246238617357]],[[133.7991500123741,34.71150786114933],[133.7992884,34.7110141],[133.79970010353705,34.7109112377788],[133.7991500123741,34.71150786114933]],[[133.7861011,34.7005176],[133.7982929,34.7078499],[133.7983102,34.7059144],[133.7861011,34.7005176]],[[133.78392146324535,34.69898178092555],[133.7823828,34.6985265],[133.7854378263621,34.69748044443248],[133.78392146324535,34.69898178092555]],[[133.7871975521901,34.69585160371432],[133.7876193,34.6947974],[133.79008808231634,34.697572687577754],[133.7871975521901,34.69585160371432]],[[133.791669,34.698514],[133.7917485,34.6982807],[133.7919642855267,34.69805120989356],[133.791669,34.698514]],[[133.7923549,34.6974287],[133.7924183707607,34.69733953886741],[133.79234640309113,34.69745233113949],[133.7923549,34.6974287]],[[133.79291299884844,34.69656432652319],[133.7928822616111,34.696612499860684],[133.792892,34.696595],[133.79291299884844,34.69656432652319]],[[133.79463,34.696566],[133.794427,34.6964029],[133.79861236344038,34.69046934548147],[133.79463,34.696566]],[[133.804159,34.684659],[133.8041292,34.6851347],[133.8031389819654,34.68338481080482],[133.804159,34.684659]],[[133.8019753850407,34.6819312653],[133.8016213,34.6815497],[133.8016380360811,34.68122909506618],[133.8019753850407,34.6819312653]],[[133.79598954986952,34.67719340266],[133.797556,34.678552],[133.7967964,34.6780554],[133.79598954986952,34.67719340266]],[[133.7952221,34.6710014],[133.7945087,34.672721],[133.7936776,34.6727363],[133.7952221,34.6710014]],[[133.79683891161656,34.66735118089811],[133.7969972,34.6669697],[133.7970462903782,34.66689746914135],[133.79683891161656,34.66735118089811]],[[133.739728,34.769308],[133.73993328227195,34.76854852597643],[133.739727,34.769613],[133.739728,34.769308]],[[133.944726,34.870082],[133.9441787077522,34.87014100415197],[133.94487063885236,34.86989241808961],[133.944726,34.870082]],[[133.9388213,34.8711649],[133.93831436115616,34.871047683990504],[133.93962765187248,34.871162754686395],[133.9388213,34.8711649]],[[133.93750025428903,34.87097635184556],[133.93742924104876,34.871000900149674],[133.937462,34.870973],[133.93750025428903,34.87097635184556]],[[133.9346794,34.8735017],[133.9340177862517,34.87346705572687],[133.93512844728562,34.87296044060842],[133.9346794,34.8735017]],[[133.93277364973187,34.87388756438542],[133.9318915,34.8741434],[133.92988160079497,34.8743630388207],[133.93277364973187,34.87388756438542]],[[133.92986786399865,34.87646212599793],[133.9329227,34.8773583],[133.9338559125787,34.87938017141786],[133.92986786399865,34.87646212599793]],[[133.93351133719597,34.886222466160284],[133.9373755,34.8822222],[133.9388553,34.884437],[133.93351133719597,34.886222466160284]],[[133.93144153234647,34.88735462447554],[133.9306165,34.8880141],[133.92837057015706,34.89078260791632],[133.93144153234647,34.88735462447554]],[[133.92782885586539,34.891512255899535],[133.9275392,34.8932949],[133.926551385407,34.89323291152539],[133.92782885586539,34.891512255899535]],[[133.92450222243662,34.892884460847625],[133.92406719534372,34.89286174086684],[133.924181,34.892794],[133.92450222243662,34.892884460847625]],[[133.92202132290126,34.89407952208258],[133.92221332244276,34.89396523664121],[133.9221698,34.8940094],[133.92202132290126,34.89407952208258]],[[133.9214311,34.8945129],[133.9232663,34.901703],[133.9208172,34.9040572],[133.91772812427402,34.902608128463434],[133.9214311,34.8945129]],[[133.91739382146937,34.9027946836985],[133.9168147,34.903491],[133.91458893828477,34.90321478206886],[133.91739382146937,34.9027946836985]],[[133.9129284,34.9032838],[133.912949,34.903217],[133.91311703911205,34.903216772735846],[133.9129284,34.9032838]],[[133.911558,34.904696],[133.9116052,34.9047194],[133.91204192341553,34.905602243083365],[133.911558,34.904696]],[[133.91216406530916,34.90583097813266],[133.9116537,34.9064909],[133.9103243641286,34.90638413637902],[133.91216406530916,34.90583097813266]],[[133.907939,34.905235],[133.9085317,34.906595],[133.9073863303133,34.9052481891919],[133.907939,34.905235]],[[133.9053458,34.905315],[133.9052819139714,34.905215876479666],[133.90546708309623,34.90529399108854],[133.9053458,34.905315]],[[133.90428359891675,34.90384521689109],[133.90443429360516,34.90405211662545],[133.9042663,34.9040401],[133.90428359891675,34.90384521689109]],[[133.9037791933725,34.90315268171141],[133.9034968,34.9031382],[133.90342752765756,34.90266985418929],[133.9037791933725,34.90315268171141]],[[133.8998059486677,34.905069720042846],[133.8996823,34.9059508],[133.89922659529196,34.90603566096849],[133.8998059486677,34.905069720042846]],[[133.89819396826937,34.907496770313735],[133.8972872,34.9077678],[133.8965375439108,34.90795383972174],[133.89819396826937,34.907496770313735]],[[133.895486,34.908244],[133.8956827,34.9090376],[133.89417416900102,34.90962766464307],[133.895486,34.908244]],[[133.8944511,34.9116127],[133.894296,34.913553],[133.89423279309653,34.9115165044027],[133.8944511,34.9116127]],[[133.89909436173065,34.91391910207029],[133.9008642,34.9151403],[133.90135963661092,34.915571833350064],[133.89909436173065,34.91391910207029]],[[133.903561,34.9156381],[133.90383109868566,34.91584286414648],[133.90265562022404,34.91571395629599],[133.903561,34.9156381]],[[133.9058608,34.9176684],[133.9061418664467,34.918086975045384],[133.90559356001836,34.91752657885145],[133.9058608,34.9176684]],[[133.90537309231408,34.91908469679544],[133.9045053,34.9215152],[133.90127010331045,34.921630914544984],[133.90537309231408,34.91908469679544]],[[133.90329,34.925456],[133.9032998,34.9253965],[133.90707597116307,34.925122351390705],[133.90329,34.925456]],[[133.9096523,34.9324768],[133.90962925323055,34.932532885844545],[133.90964124548384,34.93239756785122],[133.9096523,34.9324768]],[[133.9093349286982,34.93293858090903],[133.9086436,34.9336842],[133.9078745183639,34.934160935093175],[133.9093349286982,34.93293858090903]],[[133.907343,34.94147],[133.9075287,34.9414022],[133.9101050245437,34.94382074352982],[133.907343,34.94147]],[[133.911528,34.9475],[133.9115498,34.9475207],[133.9105474418466,34.947758255336076],[133.911528,34.9475]],[[133.9080584,34.9486501],[133.90614474459724,34.94891781946172],[133.90835958582701,34.94833448377258],[133.9080584,34.9486501]],[[133.9051039,34.9485011],[133.90512247385067,34.94835938267775],[133.90520682959828,34.948526621204934],[133.9051039,34.9485011]],[[133.9046651792701,34.94745277851266],[133.9041572,34.9465362],[133.90379372507647,34.94617154536458],[133.904002,34.946138],[133.9046651792701,34.94745277851266]],[[133.90242524131753,34.9463919573366],[133.9014365,34.9465395],[133.9014149,34.9441461],[133.90242524131753,34.9463919573366]],[[133.9004771,34.9430723],[133.89984751192335,34.94291471394413],[133.9013962807088,34.943015177156305],[133.9004771,34.9430723]],[[133.89867637907076,34.942866601673565],[133.89772,34.9447634],[133.8960225,34.9451407],[133.89602002342752,34.944851357773814],[133.898467,34.942858],[133.89867637907076,34.942866601673565]],[[133.88988491290146,34.94472967689788],[133.8922786,34.9451387],[133.8903147,34.9450174],[133.88988491290146,34.94472967689788]],[[133.8874961254932,34.945935665961116],[133.8877945,34.9464187],[133.88696911075104,34.946675419000414],[133.8874961254932,34.945935665961116]],[[133.8845206,34.9484442],[133.88402192792202,34.948319375502805],[133.8848410757943,34.94830303340061],[133.8845206,34.9484442]],[[133.8830539,34.9483909],[133.8819864267958,34.946968858670566],[133.8837502791311,34.94832479493005],[133.8830539,34.9483909]],[[133.8808642,34.9455244],[133.8804840763522,34.944802512323434],[133.8811178031127,34.94571632817681],[133.8808642,34.9455244]],[[133.8798571,34.9442924],[133.8797780270662,34.94423222317171],[133.87986334388972,34.94429591894161],[133.8798571,34.9442924]],[[133.8794636,34.9440101],[133.87940750840335,34.943955601627245],[133.87963820127425,34.94412783213718],[133.8794636,34.9440101]],[[133.8786275,34.9435004],[133.8778470126238,34.94279056786251],[133.87895472907155,34.94361756597445],[133.8786275,34.9435004]],[[133.8771638,34.9423434],[133.87686832763367,34.942043106013784],[133.8774384636898,34.942485553706824],[133.8771638,34.9423434]],[[133.87624396740725,34.94134736407353],[133.8761834,34.9412982],[133.8761015355269,34.941188648273624],[133.87624396740725,34.94134736407353]],[[133.875765,34.9408851],[133.87537291699547,34.94037672840859],[133.87584289127776,34.94090043380361],[133.875765,34.9408851]],[[133.870913,34.939211],[133.87180202771933,34.939348291184515],[133.871688,34.939342],[133.870913,34.939211]],[[133.870913,34.939211],[133.870471,34.939014],[133.87044692947464,34.938989906897234],[133.870913,34.939211]],[[133.867754,34.937738],[133.867342,34.937517],[133.86812391233295,34.9378879211683],[133.867754,34.937738]],[[133.867342,34.937517],[133.867327,34.937225],[133.86742414318192,34.937071355171454],[133.867342,34.937517]],[[133.86535513588143,34.93656134147164],[133.864322,34.937011],[133.863888,34.937125],[133.86535513588143,34.93656134147164]],[[133.862592,34.94156],[133.8625919075011,34.94156005600852],[133.862759,34.941369],[133.862592,34.94156]],[[133.86170104621564,34.94257867983929],[133.861172,34.943594],[133.860709,34.943713],[133.86170104621564,34.94257867983929]],[[133.860709,34.943713],[133.858514,34.943207],[133.857405,34.942878],[133.860709,34.943713]],[[133.8557237163016,34.943757562748736],[133.854029,34.945009],[133.853522,34.945057],[133.8557237163016,34.943757562748736]],[[133.850446,34.943195],[133.850668,34.942069],[133.85218438317338,34.93998964859078],[133.850446,34.943195]],[[133.852803,34.938849],[133.852306,34.937432],[133.852096,34.936186],[133.852803,34.938849]],[[133.85101061981894,34.92605437574453],[133.849637,34.925364],[133.848116,34.924103],[133.85101061981894,34.92605437574453]],[[133.848116,34.924103],[133.847536,34.923113],[133.847247,34.922135],[133.848116,34.924103]],[[133.847247,34.922135],[133.847479,34.920769],[133.84813,34.919276],[133.847247,34.922135]],[[133.84813,34.919276],[133.849895,34.91647],[133.851148,34.915301],[133.84813,34.919276]],[[133.851148,34.915301],[133.852544,34.914723],[133.855104,34.914207],[133.851148,34.915301]],[[133.85851147514165,34.912519712309184],[133.85852,34.912514],[133.858729,34.912412],[133.85851147514165,34.912519712309184]],[[133.862813,34.907023],[133.865062,34.905855],[133.867321,34.905312],[133.862813,34.907023]],[[133.867321,34.905312],[133.868703,34.905426],[133.87113885321867,34.906248548169],[133.867321,34.905312]],[[133.878396,34.903111],[133.87826497424973,34.90336084910244],[133.87759885046754,34.902856264292616],[133.878396,34.903111]],[[133.8757947187402,34.90227973912005],[133.8750706,34.9020837],[133.87482263693315,34.90178968948861],[133.8757947187402,34.90227973912005]],[[133.871138,34.900151],[133.8711227473203,34.900148445723495],[133.87122493197626,34.9001501375796],[133.871138,34.900151]],[[133.869737,34.900131],[133.86899216221906,34.90011316994382],[133.86977428439963,34.90012611942409],[133.869737,34.900131]],[[133.867016,34.900292],[133.865962,34.900063],[133.8675439181678,34.90008919158311],[133.867016,34.900292]],[[133.865962,34.900063],[133.865256,34.899396],[133.86548935443753,34.89838413324768],[133.865962,34.900063]],[[133.86230448392908,34.895185431416884],[133.860831,34.89474],[133.859977,34.894073],[133.86230448392908,34.895185431416884]],[[133.856603,34.895231],[133.85683096257802,34.89515276032444],[133.856777,34.895212],[133.856603,34.895231]],[[133.85613567697752,34.894785443217025],[133.854567,34.893631],[133.85448020838746,34.893207080449024],[133.85613567697752,34.894785443217025]],[[133.85256780544805,34.89138375041725],[133.852462,34.891321],[133.8522115394821,34.89104407804925],[133.85256780544805,34.89138375041725]],[[133.851891,34.890775],[133.851579,34.890441],[133.85196714936453,34.89081107075161],[133.851891,34.890775]],[[133.851579,34.890441],[133.851327,34.889976],[133.85112799064225,34.889143875230246],[133.851579,34.890441]],[[133.850134,34.887279],[133.84968966183615,34.88678203214759],[133.850506,34.887355],[133.850134,34.887279]],[[133.848438,34.885802],[133.8483749773783,34.885356668962764],[133.84848,34.885933],[133.848438,34.885802]],[[133.848074,34.883705],[133.84820551737704,34.884426725901626],[133.848024,34.884098],[133.848074,34.883705]],[[133.84930190158872,34.88128751513016],[133.849591,34.88015],[133.8499767122761,34.87995895212342],[133.84930190158872,34.88128751513016]],[[133.849961,34.879371],[133.84990561276447,34.879334178318274],[133.850221,34.879478],[133.849961,34.879371]],[[133.848366,34.878932],[133.847254,34.878125],[133.84901077552203,34.878926118059084],[133.848366,34.878932]],[[133.84717262504086,34.877604433873806],[133.846765,34.876653],[133.846836,34.875451],[133.84717262504086,34.877604433873806]],[[133.844519,34.872604],[133.843463,34.870316],[133.84347639740415,34.86985465451303],[133.844519,34.872604]],[[133.844968,34.866003],[133.844635708061,34.866622061803106],[133.844789,34.86618],[133.844968,34.866003]],[[133.8465600990361,34.86313797499637],[133.846324,34.862763],[133.84629934354737,34.862621225397326],[133.8465600990361,34.86313797499637]],[[133.845041,34.860088],[133.84522221103293,34.85896594729783],[133.845124,34.860292],[133.845041,34.860088]],[[133.84534548380594,34.85730150910975],[133.845319,34.857258],[133.845365,34.857038],[133.84534548380594,34.85730150910975]],[[133.846826,34.856355],[133.846801,34.854825],[133.84776522537516,34.854160254843116],[133.846826,34.856355]],[[133.84677,34.852066],[133.845317,34.85124],[133.84494516924374,34.85077474903009],[133.84677,34.852066]],[[133.844535,34.850531],[133.843757,34.849934],[133.8446696059064,34.85057976030283],[133.844535,34.850531]],[[133.843757,34.849934],[133.842842,34.848234],[133.84294113417377,34.847185737955826],[133.843757,34.849934]],[[133.842715,34.846424],[133.84275,34.846223],[133.84288670104718,34.84603141270982],[133.842715,34.846424]],[[133.83844726871087,34.84245960731949],[133.837977,34.84236],[133.83779171576154,34.84225138510159],[133.83844726871087,34.84245960731949]],[[133.837419,34.842133],[133.836261,34.842175],[133.8360900726257,34.842149011173184],[133.837419,34.842133]],[[133.83379455121394,34.84217666805766],[133.8330158,34.8435267],[133.83152768279066,34.84217684587683],[133.83379455121394,34.84217666805766]],[[133.83130845906473,34.84214328651547],[133.8286008,34.8418789],[133.8274919966137,34.84100492636032],[133.83130845906473,34.84214328651547]],[[133.8259591,34.8400331],[133.82488076468914,34.83895154018774],[133.8262933508169,34.84006235106404],[133.8259591,34.8400331]],[[133.8224405,34.8375482],[133.82175777664898,34.836961943755995],[133.82271080356236,34.837521511106885],[133.8224405,34.8375482]],[[133.820962,34.8366673],[133.82046548579018,34.83620317843435],[133.82158054942278,34.836857885236675],[133.820962,34.8366673]],[[133.818492,34.8352123],[133.81775400537165,34.834611139538595],[133.81874439880497,34.83519264654752],[133.818492,34.8352123]],[[133.8171652,34.8331154],[133.81715927896326,34.83291684675156],[133.81723540524968,34.833189235301454],[133.8171652,34.8331154]],[[133.81660934499257,34.83094912017644],[133.8163345,34.8301953],[133.81628007903677,34.82977096896916],[133.81660934499257,34.83094912017644]],[[133.81629784487438,34.829057760490215],[133.8164092,34.8288045],[133.81656335196666,34.82855379445206],[133.81629784487438,34.829057760490215]],[[133.81707259808718,34.82730398598688],[133.816909,34.8266152],[133.81722205211946,34.826344170471565],[133.81707259808718,34.82730398598688]],[[133.81878246516519,34.81890861568801],[133.8179725,34.8178468],[133.817810987161,34.81710950423002],[133.81878246516519,34.81890861568801]],[[133.818311,34.81316],[133.8182449,34.8130325],[133.81939517191734,34.811723029197246],[133.818311,34.81316]],[[133.81889,34.806634],[133.8187572,34.806775],[133.81806462794268,34.80638825351459],[133.81889,34.806634]],[[133.81544292162204,34.80560766601064],[133.8147246,34.8055981],[133.81424603592578,34.805678772708575],[133.81544292162204,34.80560766601064]],[[133.81226244619654,34.80646252181358],[133.8111867,34.8071566],[133.8100505967367,34.80733646011293],[133.81226244619654,34.80646252181358]],[[133.8071938,34.8107332],[133.8070843715696,34.81084275300617],[133.80713948912023,34.81059550399367],[133.8071938,34.8107332]],[[133.80705982555477,34.81095286272365],[133.8071606,34.8116526],[133.80685720932217,34.81186176855943],[133.80705982555477,34.81095286272365]],[[133.802717,34.813163],[133.8014583,34.814779],[133.7992963454175,34.81487927848006],[133.802717,34.813163]],[[133.79882564922596,34.81632157215784],[133.79893414469956,34.815989123460675],[133.7989397,34.8160689],[133.79882564922596,34.81632157215784]],[[133.79868710690286,34.816746089543656],[133.7992554,34.8180707],[133.79925048681022,34.818545217777405],[133.7986,34.817013],[133.79868710690286,34.816746089543656]],[[133.799652832666,34.81949294102582],[133.7993432,34.8198069],[133.79878877819598,34.81972614844737],[133.799652832666,34.81949294102582]],[[133.79536046502113,34.81723189302768],[133.7951522,34.8165785],[133.79526724024285,34.81620740385049],[133.79536046502113,34.81723189302768]],[[133.7950445,34.8138979],[133.795055,34.813875],[133.79505843939728,34.81391279708963],[133.7950445,34.8138979]],[[133.7934044718505,34.81416606462616],[133.7925333,34.8144299],[133.79224530479016,34.8143704795143],[133.7934044718505,34.81416606462616]],[[133.78772233536208,34.81132227226424],[133.7874899,34.8111974],[133.78734445802013,34.81116691989557],[133.78772233536208,34.81132227226424]],[[133.78483927756042,34.81130105155266],[133.7830947,34.8107986],[133.78308468152898,34.81021303803223],[133.78483927756042,34.81130105155266]],[[133.78101464055402,34.80892941916598],[133.7808459,34.8087855],[133.78095520106632,34.80863482695051],[133.78101464055402,34.80892941916598]],[[133.777999,34.802827],[133.7778991,34.8028921],[133.7775513145474,34.80269238773035],[133.777999,34.802827]],[[133.77320852590424,34.799711971928],[133.7731361,34.7993532],[133.77401949290214,34.79950551306944],[133.77320852590424,34.799711971928]],[[133.77415037409446,34.79947219287066],[133.7745198,34.7993392],[133.77466424149856,34.79934137068188],[133.77415037409446,34.79947219287066]],[[133.77415120725834,34.795892962542354],[133.774012,34.7956345],[133.77416124971975,34.79536112198385],[133.77415120725834,34.795892962542354]],[[133.77419153452564,34.79375726338635],[133.7740423,34.7931748],[133.7742201519324,34.79224170888534],[133.77419153452564,34.79375726338635]],[[133.7741278490286,34.79098765678715],[133.7736225,34.790189],[133.7738972268421,34.78876876385683],[133.7741278490286,34.79098765678715]],[[133.7728232,34.7864725],[133.7725975456039,34.78642555437648],[133.7729624705387,34.78649842394403],[133.7728232,34.7864725]],[[133.76567927525704,34.78892653623204],[133.766486,34.7897891],[133.7662761,34.7898034],[133.76567927525704,34.78892653623204]],[[133.762405,34.786503],[133.7624278,34.7866925],[133.76218128955585,34.78645911024686],[133.762405,34.786503]],[[133.7614329,34.7863642],[133.76091317562356,34.78621031896821],[133.7617316896799,34.786370903244965],[133.7614329,34.7863642]],[[133.75725337907267,34.78394113369818],[133.7586481,34.7859897],[133.7578375,34.7853976],[133.75725337907267,34.78394113369818]],[[133.75688035217576,34.78334648493899],[133.7563537,34.7827251],[133.756153,34.782187],[133.75688035217576,34.78334648493899]],[[133.75524767900131,34.78290892679057],[133.75483,34.7833489],[133.7544118313093,34.78357545373801],[133.75524767900131,34.78290892679057]],[[133.75392775052677,34.78396147249401],[133.75345341907388,34.784660103759634],[133.753744,34.784108],[133.75392775052677,34.78396147249401]],[[133.7532835198183,34.78498291234525],[133.7529084,34.785864],[133.75265975407987,34.785952882452335],[133.7532835198183,34.78498291234525]],[[133.748321,34.787724],[133.748009,34.786864],[133.7480616231205,34.78656634821313],[133.748321,34.787724]],[[133.74792350252187,34.78594988787907],[133.747535,34.784851],[133.747628,34.784631],[133.74792350252187,34.78594988787907]],[[133.74886125750467,34.781695730300164],[133.748726,34.781497],[133.74864262586206,34.781202129310294],[133.74886125750467,34.781695730300164]],[[133.748033,34.780161],[133.74676888279248,34.778544300386955],[133.748321,34.780476],[133.748033,34.780161]],[[133.745381,34.776817],[133.74379,34.777086],[133.743421,34.776221],[133.745381,34.776817]],[[133.743523,34.775004],[133.7435668554221,34.77473917701518],[133.74351535487955,34.77526239848047],[133.743523,34.775004]],[[133.742164,34.772234],[133.74184994625227,34.771760662913294],[133.74247663262827,34.77239464556193],[133.742164,34.772234]],[[133.818059,35.250369],[133.81805811677825,35.250601070829916],[133.81804007327264,35.250184653675575],[133.818059,35.250369]],[[133.820668,35.246896],[133.820384,35.247373],[133.82004223115985,35.24753521355327],[133.820668,35.246896]],[[133.82064133464567,35.24544779541135],[133.820689,35.24587],[133.820668,35.246896],[133.82064133464567,35.24544779541135]],[[133.82060280244892,35.24335509851802],[133.82082,35.244136],[133.82062054250486,35.24431856707353],[133.82060280244892,35.24335509851802]],[[133.81993167140905,35.24140329258485],[133.820377,35.241855],[133.820581,35.242171],[133.81993167140905,35.24140329258485]],[[133.819098,35.238274],[133.818851,35.239264],[133.818546,35.239765],[133.819098,35.238274]],[[133.81883823499078,35.237740516452725],[133.819055,35.238131],[133.819098,35.238274],[133.81883823499078,35.237740516452725]],[[133.81617914760346,35.23413915581436],[133.817086,35.234654],[133.817739,35.235483],[133.81617914760346,35.23413915581436]],[[133.814324,35.230906],[133.814833,35.231687],[133.815226,35.233318],[133.814324,35.230906]],[[133.810284,35.229159],[133.810997,35.22923],[133.81127683791445,35.22958832867242],[133.810284,35.229159]],[[133.812393,35.225032],[133.81205181828818,35.22565086281924],[133.812534,35.224694],[133.812393,35.225032]],[[133.81415755222935,35.22316189290609],[133.813998,35.22335],[133.81380001909807,35.22349928830173],[133.81415755222935,35.22316189290609]],[[133.814558,35.222784],[133.81471595321574,35.22248731787943],[133.814638,35.222652],[133.814558,35.222784]],[[133.81496714488765,35.222015506795735],[133.81506215819357,35.22183704414812],[133.81503,35.22191],[133.81496714488765,35.222015506795735]],[[133.814035,35.21792],[133.816205,35.218215],[133.816571,35.219003],[133.814035,35.21792]],[[133.81305681913673,35.21864138388311],[133.813722,35.218063],[133.814035,35.21792],[133.81305681913673,35.21864138388311]],[[133.81222547362563,35.21907492237647],[133.81173410537377,35.21915498486452],[133.811862,35.219125],[133.81222547362563,35.21907492237647]],[[133.807829,35.219232],[133.808113,35.219745],[133.8074393147318,35.21892101044886],[133.807829,35.219232]],[[133.805352,35.216368],[133.80633,35.217377],[133.80697124269682,35.218348507999714],[133.805352,35.216368]],[[133.8048307844258,35.21605329415968],[133.804966,35.216104],[133.805352,35.216368],[133.8048307844258,35.21605329415968]],[[133.802293,35.214521],[133.80169731201136,35.21450110837081],[133.802116,35.214468],[133.802293,35.214521]],[[133.79706149552797,35.21572839081898],[133.799175,35.214601],[133.800047,35.214446],[133.79706149552797,35.21572839081898]],[[133.7945900750293,35.21678996248535],[133.795193,35.216435],[133.79593700868747,35.216211401852405],[133.7945900750293,35.21678996248535]],[[133.79286031104198,35.217254418869885],[133.792999,35.217225],[133.7933365572521,35.217166865139916],[133.79286031104198,35.217254418869885]],[[133.7907089160493,35.2176499341564],[133.792113,35.217279],[133.7926939657895,35.217285],[133.7907089160493,35.2176499341564]],[[133.7904362789693,35.21770005611595],[133.78986,35.217806],[133.790179,35.217729],[133.7904362789693,35.21770005611595]],[[133.786445,35.220046],[133.787599,35.218812],[133.78986,35.217806],[133.786445,35.220046]],[[133.7812365831868,35.221624308125214],[133.78388,35.220535],[133.786445,35.220046],[133.7812365831868,35.221624308125214]],[[133.777939,35.220636],[133.778334,35.221485],[133.77834995797193,35.221831031259214],[133.777939,35.220636]],[[133.779004,35.216491],[133.778523,35.219081],[133.77821405757217,35.21956547076369],[133.779004,35.216491]],[[133.781194,35.21412],[133.779988,35.215857],[133.779004,35.216491],[133.781194,35.21412]],[[133.781349,35.212737],[133.781435,35.212953],[133.781194,35.21412],[133.781349,35.212737]],[[133.777273,35.20898],[133.778893,35.210236],[133.7793212041045,35.21086790550061],[133.777273,35.20898]],[[133.77292806992406,35.206025008226355],[133.775049,35.20655],[133.776757,35.207656],[133.77292806992406,35.206025008226355]],[[133.77275937955878,35.20441669495951],[133.77276776073668,35.20436261734385],[133.772769,35.204396],[133.77275937955878,35.20441669495951]],[[133.776169,35.200798],[133.774876,35.201269],[133.7736434070068,35.2015884076936],[133.776169,35.200798]],[[133.77706308991176,35.199450123825414],[133.776844,35.200076],[133.776169,35.200798],[133.77706308991176,35.199450123825414]],[[133.77853853737798,35.19701222338034],[133.778545,35.197098],[133.77849,35.197299],[133.77853853737798,35.19701222338034]],[[133.779243,35.19285],[133.779126,35.194715],[133.7788284150576,35.19529951979916],[133.779243,35.19285]],[[133.7806685790375,35.19095602646871],[133.780078,35.192027],[133.77959689319974,35.1923798301002],[133.7806685790375,35.19095602646871]],[[133.78127,35.190157],[133.781226,35.190504],[133.78083337459842,35.19073708495634],[133.78127,35.190157]],[[133.778872,35.187739],[133.778916,35.18790445857643],[133.77870009973213,35.1874975986784],[133.778872,35.187739]],[[133.7781415760383,35.186445071530734],[133.778576,35.187106],[133.7786933483779,35.18748487588134],[133.7781415760383,35.186445071530734]],[[133.778553,35.184665],[133.7783966055963,35.18508959160556],[133.77855513042647,35.18457893077073],[133.778553,35.184665]],[[133.778909,35.183439],[133.778865,35.183601],[133.77884120405528,35.183657393129295],[133.778909,35.183439]],[[133.777339,35.180622],[133.778713,35.182443],[133.778909,35.183439],[133.777339,35.180622]],[[133.77767366802746,35.17851222982254],[133.777739,35.180097],[133.777339,35.180622],[133.77767366802746,35.17851222982254]],[[133.779195,35.176362],[133.7789649405424,35.176498994697496],[133.77925,35.176209],[133.779195,35.176362]],[[133.776184,35.17314],[133.77654,35.173289],[133.77925,35.176209],[133.776184,35.17314]],[[133.774527,35.173182],[133.775123,35.173093],[133.77594728571404,35.173146],[133.774527,35.173182]],[[133.77193678181683,35.17186060404071],[133.772725,35.17204],[133.77286351111238,35.1723333736145],[133.77193678181683,35.17186060404071]],[[133.770646,35.171192],[133.7707242502234,35.17124203284911],[133.770487,35.171121],[133.770646,35.171192]],[[133.7705615475366,35.1698825980654],[133.77061,35.170572],[133.7705001759899,35.17090211722928],[133.7705615475366,35.1698825980654]],[[133.770661,35.1689],[133.7705753073584,35.16965401653589],[133.770634,35.168679],[133.770661,35.1689]],[[133.772285,35.166844],[133.77153,35.168096],[133.77097677827055,35.1682980199113],[133.772285,35.166844]],[[133.771525,35.164106],[133.77141038968182,35.16398823445398],[133.771436,35.164002],[133.771525,35.164106]],[[133.769897,35.162416],[133.7705598911714,35.163114321676694],[133.769873774803,35.16240931649007],[133.769897,35.162416]],[[133.76795757630396,35.16081313114404],[133.768706,35.161247],[133.768946,35.161456],[133.76795757630396,35.16081313114404]],[[133.766057,35.159577],[133.767205,35.160141],[133.76747811148,35.16050128815193],[133.766057,35.159577]],[[133.766274,35.158195],[133.76619673054117,35.15864111588643],[133.766282,35.15807],[133.766274,35.158195]],[[133.76648270266503,35.157945638225954],[133.76672749608744,35.157793956412064],[133.766558,35.157915],[133.76648270266503,35.157945638225954]],[[133.76912202910816,35.156310227362425],[133.768246,35.157125],[133.76799294196283,35.15700984577764],[133.76912202910816,35.156310227362425]],[[133.7712597482578,35.155757789009094],[133.770423,35.155765],[133.770031,35.155747],[133.7712597482578,35.155757789009094]],[[133.775156,35.155792],[133.773691,35.156072],[133.7718227860842,35.15576273275586],[133.775156,35.155792]],[[133.7753612191565,35.15566453338252],[133.77570799836428,35.15544914036863],[133.775519,35.155589],[133.7753612191565,35.15566453338252]],[[133.776913,35.154787],[133.77670051775715,35.15483266239479],[133.77707374677274,35.154600840760914],[133.776913,35.154787]],[[133.778091,35.153969],[133.777639,35.154358],[133.7773915725867,35.15440343140526],[133.778091,35.153969]],[[133.7803074093632,35.153238706653106],[133.779856,35.153717],[133.778091,35.153969],[133.7803074093632,35.153238706653106]],[[133.781793,35.151828],[133.78149257980812,35.15221264425093],[133.782067,35.151343],[133.781793,35.151828]],[[133.7820621435158,35.15109434800719],[133.782089,35.151224],[133.782067,35.151343],[133.7820621435158,35.15109434800719]],[[133.78204702579134,35.150320320515824],[133.782539,35.150571],[133.78205781836243,35.15087290015542],[133.78204702579134,35.150320320515824]],[[133.783827,35.147286],[133.7829968601737,35.14752196762511],[133.784038,35.147006],[133.783827,35.147286]],[[133.786749,35.144883],[133.786205,35.145324],[133.7851995127574,35.1453914490757],[133.786749,35.144883]],[[133.7865038215484,35.14368214097731],[133.786814,35.143857],[133.786749,35.144883],[133.7865038215484,35.14368214097731]],[[133.78881643741278,35.141945713261826],[133.789468,35.142688],[133.78678924171228,35.143048886727264],[133.78881643741278,35.141945713261826]],[[133.791508,35.140481],[133.791159,35.140732],[133.79101192887413,35.140750955437895],[133.791508,35.140481]],[[133.793885,35.136826],[133.792702,35.137583],[133.79415811125392,35.13662656983976],[133.793885,35.136826]],[[133.795144,35.135979],[133.79488,35.136443],[133.7941842420197,35.13660940614267],[133.795144,35.135979]],[[133.797424,35.13549],[133.79674405120224,35.135595935499914],[133.797575,35.135397],[133.797424,35.13549]],[[133.79775375800125,35.13450531302908],[133.797696,35.135145],[133.797575,35.135397],[133.79775375800125,35.13450531302908]],[[133.802567,35.131602],[133.801733,35.132187],[133.80075659753436,35.132566248558334],[133.802567,35.131602]],[[133.805641,35.131739],[133.80538,35.131847],[133.80569888924478,35.13162800637115],[133.805641,35.131739]],[[133.809561,35.130923],[133.808251,35.131316],[133.806858,35.130832],[133.809561,35.130923]],[[133.81202007369478,35.13205624781718],[133.810989,35.131715],[133.81081095376427,35.13149903290944],[133.81202007369478,35.13205624781718]],[[133.814294,35.132958],[133.813877,35.132912],[133.814550379164,35.132765711835376],[133.814294,35.132958]],[[133.816846,35.132267],[133.815577,35.132607],[133.81522670331918,35.132618783886535],[133.816846,35.132267]],[[133.81695435664645,35.13206490625462],[133.816948,35.132145],[133.816846,35.132267],[133.81695435664645,35.13206490625462]],[[133.82126126948603,35.12773492794947],[133.820567,35.129019],[133.820399,35.129119],[133.82126126948603,35.12773492794947]],[[133.824144,35.127034],[133.823197,35.127493],[133.82192133333334,35.12721922222222],[133.824144,35.127034]],[[133.82662,35.128382],[133.824972,35.127553],[133.82450440392918,35.127230213447724],[133.82662,35.128382]],[[133.8277074179536,35.128087707909046],[133.827376,35.128316],[133.82662,35.128382],[133.8277074179536,35.128087707909046]],[[133.82857069308034,35.127854076450895],[133.828543,35.127871],[133.8284899127086,35.12787593835269],[133.82857069308034,35.127854076450895]],[[133.82965849332462,35.127559680899154],[133.829547,35.127869],[133.82922728235425,35.12767638117773],[133.82965849332462,35.127559680899154]],[[133.833717,35.128245],[133.832134,35.127886],[133.831006,35.127195],[133.833717,35.128245]],[[133.8336524303653,35.12739922274545],[133.83371,35.12772],[133.833717,35.128245],[133.8336524303653,35.12739922274545]],[[133.8325320352119,35.12411906233771],[133.833478,35.125891],[133.833565,35.126254],[133.8325320352119,35.12411906233771]],[[133.832244,35.123481],[133.83237829019794,35.12380130124414],[133.832128,35.123284],[133.832244,35.123481]],[[133.834698,35.120907],[133.833369,35.122833],[133.83240852228457,35.12302454417493],[133.834698,35.120907]],[[133.83591883569196,35.120498994029596],[133.835786,35.120683],[133.834698,35.120907],[133.83591883569196,35.120498994029596]],[[133.840069,35.119112],[133.84017577258572,35.11904209935457],[133.840156,35.119088],[133.840069,35.119112]],[[133.843764,35.116693],[133.84393930222717,35.11627753552323],[133.843924,35.116377],[133.843764,35.116693]],[[133.843779,35.111264],[133.844599,35.1132],[133.844737,35.114387],[133.843779,35.111264]],[[133.844628,35.108804],[133.84461,35.110165],[133.84388186917778,35.1109659338312],[133.844628,35.108804]],[[133.84365252816326,35.10420229551023],[133.843322,35.10522],[133.84296213653286,35.10593852792725],[133.84365252816326,35.10420229551023]],[[133.84390360419468,35.10357087657974],[133.843997,35.103336],[133.843917,35.10355],[133.84390360419468,35.10357087657974]],[[134.090582,35.013274],[134.090149,35.013087],[134.09087860968597,35.0132212053957],[134.090582,35.013274]],[[134.09516370530937,35.014009411699426],[134.093671,35.013903],[134.09333785285432,35.01367356192121],[134.09516370530937,35.014009411699426]],[[134.0970589816856,35.01496185815734],[134.096223,35.01488],[134.096015,35.014166],[134.0970589816856,35.01496185815734]],[[134.10161378370884,35.01728966438863],[134.100247,35.017277],[134.10005,35.017242],[134.10161378370884,35.01728966438863]],[[134.101979,35.017336],[134.1017220405718,35.017292964075885],[134.102445,35.017315],[134.101979,35.017336]],[[134.10273169601263,35.01709588720318],[134.102583,35.017256],[134.102445,35.017315],[134.10273169601263,35.01709588720318]],[[134.1076336079224,35.01496211263007],[134.108514,35.01616],[134.107038,35.016011],[134.1076336079224,35.01496211263007]],[[134.110981,35.014568],[134.109701,35.015073],[134.108762,35.015097],[134.110981,35.014568]],[[134.11314737954837,35.01536372186828],[134.112027,35.015123],[134.11151602125085,35.014764515938126],[134.11314737954837,35.01536372186828]],[[134.11554772092296,35.01624537906661],[134.115838,35.016352],[134.115651,35.01629],[134.11554772092296,35.01624537906661]],[[134.11720190323675,35.0162963787834],[134.116385,35.016383],[134.115838,35.016352],[134.11720190323675,35.0162963787834]],[[134.11940944517488,35.01782080083412],[134.119301,35.017799],[134.119079,35.01766],[134.11940944517488,35.01782080083412]],[[134.122143,35.019151],[134.120961,35.018819],[134.12036707165333,35.01828679988092],[134.122143,35.019151]],[[134.128423,35.018558],[134.12826,35.018539],[134.1285338042266,35.0184748491085],[134.128423,35.018558]],[[134.131274,35.018391],[134.130791,35.017946],[134.13144155486955,35.01844151286509],[134.131274,35.018391]],[[134.134437914171,35.019285666116645],[134.132827,35.019442],[134.132675,35.019381],[134.134437914171,35.019285666116645]],[[134.137002,35.019165],[134.13622465154126,35.01918904393569],[134.137298,35.019131],[134.137002,35.019165]],[[134.139824,35.027506],[134.139592,35.026423],[134.139621,35.023237],[134.139824,35.027506]],[[134.138608,35.032419],[134.138758,35.03018],[134.139824,35.027506],[134.138608,35.032419]],[[134.139539,35.033585],[134.138855,35.03278],[134.138608,35.032419],[134.139539,35.033585]],[[134.136689,35.035372],[134.136805,35.035105],[134.13751555410758,35.0348537360736],[134.136689,35.035372]],[[134.13699521364984,35.03576878160236],[134.136791,35.035535],[134.136689,35.035372],[134.13699521364984,35.03576878160236]],[[134.13853925167905,35.03945875503714],[134.137887,35.038264],[134.138579,35.037821],[134.13853925167905,35.03945875503714]],[[134.138393,35.040243],[134.13852946622865,35.03986194617347],[134.138515,35.040458],[134.138393,35.040243]],[[134.136584,35.043158],[134.13649624430738,35.043584922446726],[134.136491,35.043282],[134.136584,35.043158]],[[134.135755,35.047191],[134.135795,35.04647],[134.13599282457238,35.046034007840255],[134.135755,35.047191]],[[134.136997,35.048511],[134.136109,35.047645],[134.135755,35.047191],[134.136997,35.048511]],[[134.1386482657686,35.04861711582525],[134.138218,35.048865],[134.136997,35.048511],[134.1386482657686,35.04861711582525]],[[134.13992949950625,35.04869945216263],[134.140187,35.048716],[134.139941,35.048704],[134.13992949950625,35.04869945216263]],[[134.14146215082852,35.0483127143464],[134.142511,35.047981],[134.141584,35.048294],[134.14146215082852,35.0483127143464]],[[134.14909,35.047721],[134.146414,35.0481],[134.14520334903625,35.047874599217295],[134.14909,35.047721]],[[134.149335,35.046767],[134.149232,35.047447],[134.14909,35.047721],[134.149335,35.046767]],[[134.150213,35.04691],[134.14996117654766,35.0468177346032],[134.15058419014167,35.04686821293491],[134.150213,35.04691]],[[134.15506110791708,35.04723094553444],[134.152627,35.047278],[134.15178548850957,35.04696554554222],[134.15506110791708,35.04723094553444]],[[134.159596,35.049439],[134.158415,35.048449],[134.160707,35.048368],[134.159596,35.049439]],[[134.165789,35.045731],[134.164196,35.045795],[134.16333,35.04567],[134.165789,35.045731]],[[134.16781,35.044726],[134.166321,35.045529],[134.165789,35.045731],[134.16781,35.044726]],[[134.172279,35.043795],[134.171409,35.044396],[134.16833095051948,35.04461747349885],[134.172279,35.043795]],[[134.177451,35.04669],[134.176517,35.046374],[134.176088,35.045229],[134.177451,35.04669]],[[134.177865,35.048876],[134.177536,35.047617],[134.17756486596318,35.04729123428863],[134.177865,35.048876]],[[134.18009347979807,35.051732376289266],[134.179576,35.050718],[134.179498,35.050399],[134.18009347979807,35.051732376289266]],[[134.179082,35.054164],[134.179667,35.05377],[134.18010352238696,35.0537161375624],[134.179082,35.054164]],[[134.177163,35.059367],[134.177926,35.058631],[134.1781696246803,35.0584401687395],[134.177163,35.059367]],[[134.1770496281696,35.06064719139867],[134.176953,35.060216],[134.177163,35.059367],[134.1770496281696,35.06064719139867]],[[134.176889,35.062461],[134.176734,35.061732],[134.17697304812035,35.06151193107894],[134.176889,35.062461]],[[134.18009644241457,35.06281646397893],[134.177689,35.06284],[134.176889,35.062461],[134.18009644241457,35.06281646397893]],[[134.181654,35.062919],[134.181157,35.062934],[134.1818525420836,35.062800241907006],[134.181654,35.062919]],[[134.18397447467007,35.06239217794806],[134.183491,35.062603],[134.18316928445856,35.06254702221951],[134.18397447467007,35.06239217794806]],[[134.184985,35.06287],[134.18484925899145,35.06241965259884],[134.1851093794345,35.06302011311059],[134.184985,35.06287]],[[134.18415487322196,35.0664954786635],[134.184273,35.065881],[134.18553684147068,35.06510192607987],[134.18415487322196,35.0664954786635]],[[134.177223,35.068576],[134.180125,35.068106],[134.18196670455666,35.068087021418556],[134.177223,35.068576]],[[134.1772367370075,35.06901590370471],[134.177159,35.06876],[134.177223,35.068576],[134.1772367370075,35.06901590370471]],[[134.177352,35.072707],[134.176601,35.071065],[134.17728912468135,35.07069352758669],[134.177352,35.072707]],[[134.170073,35.076804],[134.170949,35.076286],[134.1710842041946,35.076234841656095],[134.170073,35.076804]],[[134.170898,35.079033],[134.17035,35.077798],[134.170073,35.076804],[134.170898,35.079033]],[[134.17132270520224,35.07954928901728],[134.171091,35.079334],[134.170898,35.079033],[134.17132270520224,35.07954928901728]],[[134.17284704932254,35.081402344086214],[134.172541,35.081051],[134.17253711840993,35.081025579390506],[134.17284704932254,35.081402344086214]],[[134.171788,35.083312],[134.171912,35.082915],[134.1720363772219,35.0836137345668],[134.171788,35.083312]],[[134.172357,35.085401],[134.172315,35.085179],[134.17281160840494,35.08570904066784],[134.172357,35.085401]],[[134.173554,35.088402],[134.173501,35.087364],[134.173741,35.086701],[134.173554,35.088402]],[[134.174307,35.08976],[134.17435037061585,35.08952676489891],[134.17460491440954,35.08988627329698],[134.174307,35.08976]],[[134.176118,35.092105],[134.1757503487143,35.091504043056894],[134.176304,35.092286],[134.176118,35.092105]],[[134.177544,35.092461],[134.177058,35.092483],[134.17664222064877,35.092333732752856],[134.177544,35.092461]],[[134.17871841366738,35.09181382711468],[134.177831,35.092329],[134.177544,35.092461],[134.17871841366738,35.09181382711468]],[[134.185389,35.090908],[134.18506486085303,35.09059900109362],[134.18566954756068,35.090988435386976],[134.185389,35.090908]],[[134.189602,35.095408],[134.189689,35.095036],[134.18971300502824,35.09501481909271],[134.189602,35.095408]],[[134.190342,35.097942],[134.189776,35.09706],[134.1899798773232,35.09670197450947],[134.190342,35.097942]],[[134.19061014970478,35.098085280818],[134.190542,35.098068],[134.190342,35.097942],[134.19061014970478,35.098085280818]],[[134.192059,35.098906],[134.19182061781532,35.098732071987016],[134.192279,35.098977],[134.192059,35.098906]],[[134.19512134731102,35.10022769490564],[134.194556,35.099966],[134.194746,35.099191],[134.19512134731102,35.10022769490564]],[[134.195262,35.101144],[134.19529164641256,35.10069805450546],[134.195582,35.1015],[134.195262,35.101144]],[[134.198319,35.103105],[134.199486,35.103762],[134.198759,35.103899],[134.198319,35.103105]],[[134.20233312895925,35.1006536719457],[134.201336,35.100591],[134.19926672865566,35.10021126355822],[134.20233312895925,35.1006536719457]],[[134.205307,35.102549],[134.20469321304233,35.10206139504401],[134.205493,35.102675],[134.205307,35.102549]],[[134.205493,35.102675],[134.208043,35.103806],[134.208023,35.10413],[134.205493,35.102675]],[[134.20657,35.10035],[134.20691,35.100722],[134.207523,35.102043],[134.20657,35.10035]],[[134.20671,35.096729],[134.20689,35.098222],[134.2066245476687,35.098939163511545],[134.20671,35.096729]],[[134.208163,35.096077],[134.20757,35.096373],[134.20742606178163,35.09640768390804],[134.208163,35.096077]],[[134.209077,35.096894],[134.2088284591613,35.09664694985342],[134.20923380846946,35.09699412183965],[134.209077,35.096894]],[[134.209877,35.097545],[134.209717,35.097414],[134.2096912520362,35.097385911312216],[134.209877,35.097545]],[[134.21125265779753,35.098235657253355],[134.21157691658067,35.098398453321494],[134.211437,35.098356],[134.21125265779753,35.098235657253355]],[[134.21262715311195,35.098925730875095],[134.2130683313224,35.0991472270434],[134.212762,35.099049],[134.21262715311195,35.098925730875095]],[[134.214984,35.100109],[134.215506857895,35.10010361979715],[134.215151,35.100147],[134.214984,35.100109]],[[134.21624811360374,35.100095992282846],[134.21681562933102,35.10009015255132],[134.216664,35.100142],[134.21624811360374,35.100095992282846]],[[134.219474,35.102314],[134.218438,35.10149],[134.218247114301,35.10017388293501],[134.219474,35.102314]],[[134.219261,35.103026],[134.21941112225238,35.10265891897385],[134.21929289297364,35.10330747149145],[134.219261,35.103026]],[[134.21991294908136,35.10451638460578],[134.219194,35.104333],[134.219128,35.104212],[134.21991294908136,35.10451638460578]],[[134.222024,35.105335],[134.221384,35.105165],[134.22125099119822,35.105035245550965],[134.222024,35.105335]],[[134.222204,35.106888],[134.221898,35.105888],[134.22205568527048,35.10560837347244],[134.222204,35.106888]],[[134.22336217331164,35.107372914564685],[134.222964,35.107315],[134.222204,35.106888],[134.22336217331164,35.107372914564685]],[[134.225078,35.10817],[134.22479415568384,35.107972470003986],[134.22523390610755,35.10815658872193],[134.225078,35.10817]],[[134.22750656644791,35.10910812687996],[134.228261,35.109424],[134.227941,35.109315],[134.22750656644791,35.10910812687996]],[[134.232495,35.113308],[134.23121,35.11199],[134.23117866539081,35.11078464312144],[134.232495,35.113308]],[[134.230305,35.115519],[134.231248,35.11424],[134.2319912213822,35.11381660937166],[134.230305,35.115519]],[[134.227998,35.115524],[134.228238,35.115519],[134.22827376886215,35.11552340232149],[134.227998,35.115524]],[[134.225711,35.116568],[134.226551,35.116047],[134.227998,35.115524],[134.225711,35.116568]],[[134.22570866449814,35.11739476765798],[134.225658,35.116776],[134.225711,35.116568],[134.22570866449814,35.11739476765798]],[[134.223361,35.120292],[134.224108,35.119854],[134.22533540871024,35.11924201568376],[134.223361,35.120292]],[[134.22356715132076,35.12059290491572],[134.223387,35.120468],[134.223361,35.120292],[134.22356715132076,35.12059290491572]],[[134.224822,35.122468],[134.2247136157394,35.122266320240115],[134.224934,35.122588],[134.224822,35.122468]],[[134.230454,35.124316],[134.226885,35.123464],[134.224934,35.122588],[134.230454,35.124316]],[[134.231831,35.126874],[134.230774,35.12551],[134.2307095124184,35.12479065560368],[134.231831,35.126874]],[[134.231458,35.12912],[134.2315671992035,35.128739117911884],[134.23148580174563,35.129314612219446],[134.231458,35.12912]],[[134.23001184386942,35.131723810350486],[134.231011,35.130758],[134.231318,35.130501],[134.23001184386942,35.131723810350486]],[[134.22740710077,35.132982454359826],[134.228531,35.132582],[134.229171,35.132511],[134.22740710077,35.132982454359826]],[[134.226217,35.13325],[134.2265003472188,35.133224811127],[134.226017,35.133354],[134.226217,35.13325]],[[134.22466528479467,35.13531845552775],[134.225144,35.134143],[134.226017,35.133354],[134.22466528479467,35.13531845552775]],[[134.22349,35.137298],[134.223597,35.136871],[134.22353577309318,35.137597166671846],[134.22349,35.137298]],[[134.22318802872525,35.141721503231466],[134.223113,35.140656],[134.22347152185034,35.13835920273687],[134.22318802872525,35.141721503231466]],[[134.225533,35.143592],[134.224313,35.14368],[134.223046,35.143406],[134.225533,35.143592]],[[134.2263,35.145573],[134.225573,35.14379],[134.225533,35.143592],[134.2263,35.145573]],[[134.22725062787745,35.15062924906249],[134.22706909638552,35.15085982788298],[134.22716,35.150697],[134.22725062787745,35.15062924906249]],[[134.226373,35.151694],[134.22650075121274,35.151581732155236],[134.226373,35.151744],[134.226373,35.151694]],[[134.2281239276885,35.15526987977181],[134.227173,35.154368],[134.227073,35.154181],[134.2281239276885,35.15526987977181]],[[134.228516,35.157334],[134.22854053504525,35.15706812489048],[134.228523,35.157482],[134.228516,35.157334]],[[134.22668947981134,35.159493067613404],[134.226796,35.158591],[134.226983,35.158251],[134.22668947981134,35.159493067613404]],[[134.22513935109987,35.161282261357954],[134.22591,35.160494],[134.226534,35.160151],[134.22513935109987,35.161282261357954]],[[134.221669,35.165164],[134.222109,35.164244],[134.22287296670967,35.16367652163871],[134.221669,35.165164]],[[134.22187676346036,35.17047908511534],[134.221636,35.169667],[134.22181577946716,35.168918969039495],[134.22187676346036,35.17047908511534]],[[134.222021,35.174169],[134.221493,35.173225],[134.22195886524483,35.172579444686434],[134.222021,35.174169]],[[134.22392995597218,35.17526327885096],[134.222679,35.174751],[134.222021,35.174169],[134.22392995597218,35.17526327885096]],[[134.22240221502133,35.178569221766566],[134.223331,35.177587],[134.22414153420414,35.177371345351666],[134.22240221502133,35.178569221766566]],[[134.22185424774221,35.17894660912956],[134.221723,35.179037],[134.221814,35.178958],[134.22185424774221,35.17894660912956]],[[134.21953,35.181391],[134.219755,35.181149],[134.21975706298352,35.18114726709385],[134.21953,35.181391]],[[134.219176,35.182297],[134.2194131022674,35.18176839024507],[134.21920660590413,35.18243503887372],[134.219176,35.182297]],[[134.218638,35.184246],[134.21866203284998,35.1841931273651],[134.2186009453982,35.18439034084285],[134.218638,35.184246]],[[134.217006,35.185367],[134.217489,35.185156],[134.21800944244268,35.18526838712679],[134.217006,35.185367]],[[134.21670691710588,35.1879036660278],[134.216652,35.186656],[134.217006,35.185367],[134.21670691710588,35.1879036660278]],[[134.280437,35.194736],[134.28068426458876,35.19546732233126],[134.280069,35.194299],[134.280437,35.194736]],[[134.28019485037902,35.19232303668315],[134.280165,35.193132],[134.28013666579932,35.193236586534944],[134.28019485037902,35.19232303668315]],[[134.280293,35.190782],[134.280304,35.191733],[134.28022031844048,35.19192316537842],[134.280293,35.190782]],[[134.283798,35.187611],[134.283316,35.188177],[134.28224117133468,35.189019474664114],[134.283798,35.187611]],[[134.28386118624923,35.18669327420093],[134.283899,35.187158],[134.283798,35.187611],[134.28386118624923,35.18669327420093]],[[134.283962,35.185739],[134.28389045252962,35.18626820670776],[134.283943,35.185505],[134.283962,35.185739]],[[134.283038,35.182534],[134.28308717423582,35.1828694933778],[134.282924,35.182367],[134.283038,35.182534]],[[134.285345,35.179911],[134.28501934265898,35.180120868064215],[134.2854741330741,35.17963334910347],[134.285345,35.179911]],[[134.28793959393045,35.17800152521323],[134.287278,35.178589],[134.286259,35.178792],[134.28793959393045,35.17800152521323]],[[134.28932953137829,35.17613455983615],[134.289632,35.177034],[134.289278,35.177372],[134.28932953137829,35.17613455983615]],[[134.289353,35.175571],[134.28910129828915,35.17528257138582],[134.289271,35.175456],[134.289353,35.175571]],[[134.288177,35.171201],[134.28800618319434,35.17150055369101],[134.28820499047967,35.171019938217796],[134.288177,35.171201]],[[134.28881320297248,35.169549588001196],[134.288834,35.169852],[134.28854391892926,35.17020058063284],[134.28881320297248,35.169549588001196]],[[134.292687,35.160764],[134.291353,35.162496],[134.29073436868595,35.163027074565726],[134.292687,35.160764]],[[134.292793850913,35.160531412426614],[134.292778,35.160615],[134.292687,35.160764],[134.292793850913,35.160531412426614]],[[134.293745,35.158461],[134.293605,35.158971],[134.2933850075144,35.15924461313268],[134.293745,35.158461]],[[134.29633395967147,35.15782382497822],[134.295253,35.158468],[134.294152,35.158423],[134.293745,35.158461],[134.29633395967147,35.15782382497822]],[[134.297943,35.157443],[134.29730118804596,35.15758577810272],[134.298568,35.157274],[134.297943,35.157443]],[[134.29951954335607,35.156518194541505],[134.299166,35.156926],[134.298568,35.157274],[134.29951954335607,35.156518194541505]],[[134.30172,35.157308],[134.300637,35.15706],[134.2999,35.156216],[134.30172,35.157308]],[[134.3048057538502,35.15489032339225],[134.303051,35.156396],[134.30172,35.157308],[134.3048057538502,35.15489032339225]],[[134.308499,35.153727],[134.307105,35.154091],[134.3057683327224,35.15443510396535],[134.308499,35.153727]],[[134.311012,35.152433],[134.30983,35.153232],[134.30925065999756,35.15333995342744],[134.311012,35.152433]],[[134.31367158878328,35.15219537351077],[134.312371,35.152669],[134.31139161119188,35.15239908284884],[134.31367158878328,35.15219537351077]],[[134.317414,35.151861],[134.316936,35.151949],[134.31633182604486,35.1519576890819],[134.317414,35.151861]],[[134.31931090279755,35.14941919440491],[134.318878,35.150159],[134.31855778182654,35.15038865631047],[134.31931090279755,35.14941919440491]],[[134.320373,35.148052],[134.320142,35.148402],[134.3200442586277,35.14847517535895],[134.320373,35.148052]],[[134.32244969723303,35.1479495224568],[134.322343,35.147997],[134.32218366131946,35.1479626503728],[134.32244969723303,35.1479495224568]],[[134.32498919074072,35.147300706450416],[134.32415,35.147659],[134.323433,35.147901],[134.32498919074072,35.147300706450416]],[[134.32717912722833,35.14645594834135],[134.326758,35.14669],[134.32620726390155,35.14683084023016],[134.32717912722833,35.14645594834135]],[[134.32804018784938,35.14612379809582],[134.32847,35.145958],[134.328293,35.14606],[134.32804018784938,35.14612379809582]],[[134.32956468687186,35.14579738329277],[134.329027,35.145947],[134.32847,35.145958],[134.32956468687186,35.14579738329277]],[[134.330987,35.145608],[134.33061688976377,35.145643],[134.33116625024232,35.145562395698065],[134.330987,35.145608]],[[134.335181,35.145553],[134.334529,35.145069],[134.33526939275882,35.14558772572668],[134.335181,35.145553]],[[134.3364263555332,35.14639830409707],[134.335834,35.146082],[134.33568697302286,35.145880286159404],[134.3364263555332,35.14639830409707]],[[134.33667880373682,35.146575171545194],[134.336619,35.146551],[134.3365850786479,35.14650950691748],[134.33667880373682,35.146575171545194]],[[134.339393,35.149539],[134.339292,35.148406],[134.33993954939473,35.14994103644659],[134.339393,35.149539]],[[134.34147366418202,35.15357770436872],[134.340602,35.152186],[134.34053846694079,35.15136078954839],[134.34147366418202,35.15357770436872]],[[134.343536,35.156611],[134.342219,35.156442],[134.341013,35.155425],[134.343536,35.156611]],[[134.34502935882216,35.15870405409722],[134.344808,35.158499],[134.34466971360868,35.158199984427924],[134.34502935882216,35.15870405409722]],[[134.345568,35.159459],[134.345565,35.159455],[134.34556467694782,35.15945434249382],[134.345568,35.159459]],[[134.34584584727511,35.16152156294621],[134.345794,35.161515],[134.345721,35.161455],[134.34584584727511,35.16152156294621]],[[134.35258744303795,35.164714],[134.351565,35.164482],[134.350954,35.164245],[134.35258744303795,35.164714]],[[134.355817,35.167466],[134.355529,35.167106],[134.35593536539056,35.167541368848624],[134.355817,35.167466]],[[134.35744033049966,35.16915374761411],[134.35769532007845,35.169426936527124],[134.357583,35.169346],[134.35744033049966,35.16915374761411]],[[134.35908027627835,35.17148515212437],[134.357883,35.17056],[134.358093,35.169853],[134.35908027627835,35.17148515212437]],[[134.364268,35.175776],[134.360814,35.174153],[134.360368,35.173614],[134.364268,35.175776]],[[134.3657332569105,35.17589427883717],[134.365086,35.17598],[134.364268,35.175776],[134.3657332569105,35.17589427883717]],[[134.36810161016626,35.177184768966185],[134.366906,35.176722],[134.366151,35.175928],[134.36810161016626,35.177184768966185]],[[134.37042728503397,35.17992794364492],[134.369185,35.179052],[134.369131,35.177848],[134.37042728503397,35.17992794364492]],[[134.37332524641258,35.18234352291313],[134.371924,35.18211],[134.371685,35.181946],[134.37332524641258,35.18234352291313]],[[134.37538321535263,35.1834948563354],[134.374823,35.183072],[134.37458113339721,35.182801601989695],[134.37538321535263,35.1834948563354]],[[134.37845840353347,35.18615279865139],[134.376493,35.184821],[134.37628896163426,35.18427770968548],[134.37845840353347,35.18615279865139]],[[134.378971,35.188315],[134.379075,35.187484],[134.379331,35.186907],[134.378971,35.188315]],[[134.37932845215718,35.188843295957426],[134.379056,35.188556],[134.378971,35.188315],[134.37932845215718,35.188843295957426]],[[134.38052740875102,35.19061529231818],[134.379892,35.189945],[134.37969200140466,35.189380603101675],[134.38052740875102,35.19061529231818]],[[134.162126,35.169495],[134.16387169710265,35.16952689640035],[134.161067,35.169565],[134.162126,35.169495]],[[134.160674,35.168912],[134.16087452052207,35.16934326549889],[134.160238,35.16861],[134.160674,35.168912]],[[134.15963454077965,35.168470454906604],[134.159879,35.168519],[134.160238,35.16861],[134.15963454077965,35.168470454906604]],[[134.157966,35.167936],[134.15929474505253,35.16839187987638],[134.15688627602026,35.16783494077473],[134.157966,35.167936]],[[134.154318,35.167189],[134.15561522474206,35.16754102038483],[134.153241,35.166992],[134.154318,35.167189]],[[134.15293715263064,35.16701473120334],[134.152942,35.167013],[134.153241,35.166992],[134.15293715263064,35.16701473120334]],[[134.14847865187556,35.16590817905286],[134.149669,35.166466],[134.150327,35.16721],[134.14847865187556,35.16590817905286]],[[134.147568,35.16489],[134.148149,35.165676],[134.14727903009384,35.16468983318953],[134.147568,35.16489]],[[134.143787,35.16259],[134.145551,35.162731],[134.1428672181965,35.16264711322671],[134.143787,35.16259]],[[134.141783,35.158059],[134.141322,35.159993],[134.140766,35.161011],[134.141783,35.158059]],[[134.143005,35.156817],[134.14308800444445,35.156094993086285],[134.143073,35.156459],[134.143005,35.156817]],[[134.143509,35.152433],[134.143432,35.153967],[134.14327743932037,35.15444721035606],[134.143509,35.152433]],[[134.14335613105462,35.14668571435934],[134.14321,35.14714],[134.143141278163,35.14731867677624],[134.14335613105462,35.14668571435934]],[[134.143509,35.142584],[134.143595,35.145982],[134.143381,35.141233],[134.143509,35.142584]],[[134.141972,35.135726],[134.142527,35.137449],[134.143381,35.141233],[134.141972,35.135726]],[[134.13999795442552,35.1321985454279],[134.141395,35.134522],[134.14138862204302,35.13468355231375],[134.13999795442552,35.1321985454279]],[[134.137614,35.123691],[134.13769378901313,35.12452891160715],[134.137396,35.12306],[134.137614,35.123691]],[[134.13394135918293,35.11764105002896],[134.134808,35.118719],[134.137396,35.12306],[134.13394135918293,35.11764105002896]],[[134.133896,35.112145],[134.134092,35.115683],[134.13381701187063,35.117003688423374],[134.133896,35.112145]],[[134.1330490773138,35.110991203164474],[134.133364,35.111291],[134.133896,35.112145],[134.1330490773138,35.110991203164474]],[[134.13139491169855,35.103764474911245],[134.131973,35.107786],[134.131862,35.109374],[134.13139491169855,35.103764474911245]],[[134.12972,35.102031],[134.131339,35.103093],[134.1289967172924,35.101926327648],[134.12972,35.102031]],[[134.12593390770206,35.09989844023894],[134.126407,35.100353],[134.126884,35.100874],[134.12593390770206,35.09989844023894]],[[134.125056,35.098997],[134.12508331732403,35.09818420454354],[134.12513,35.09856],[134.125056,35.098997]],[[134.125211,35.097719],[134.1250835148745,35.098178326657916],[134.125121,35.097063],[134.125211,35.097719]],[[134.12441621948045,35.09646971159962],[134.124835,35.09668],[134.125121,35.097063],[134.12441621948045,35.09646971159962]],[[134.11949716009218,35.093088342085025],[134.12016,35.093137],[134.122308,35.094695],[134.11949716009218,35.093088342085025]],[[134.1194451321859,35.09305860327022],[134.1191957613851,35.09291606453305],[134.119378,35.093006],[134.1194451321859,35.09305860327022]],[[134.118837,35.092191],[134.118844,35.092715],[134.11855829511728,35.091617721397846],[134.118837,35.092191]],[[134.118220579302,35.09032068952979],[134.118179,35.090161],[134.118218,35.090282],[134.118220579302,35.09032068952979]],[[134.11723512074627,35.08941371700051],[134.117671,35.089567],[134.118179,35.090161],[134.11723512074627,35.08941371700051]],[[134.113523,35.086408],[134.11395971841546,35.086820533106824],[134.112965,35.086033],[134.113523,35.086408]],[[134.1115581490297,35.08565129192238],[134.112194,35.085727],[134.112965,35.086033],[134.1115581490297,35.08565129192238]],[[134.10912568404362,35.08381295520624],[134.109009,35.083677],[134.109062,35.083714],[134.10912568404362,35.08381295520624]],[[134.10878863710388,35.08374085427999],[134.108844,35.083721],[134.109009,35.083677],[134.10878863710388,35.08374085427999]],[[134.1056151223316,35.08426212612748],[134.105788,35.084317],[134.10586856564004,35.08437567280308],[134.1056151223316,35.08426212612748]],[[134.10459839013046,35.08380661376011],[134.104164,35.083612],[134.104517,35.083612],[134.10459839013046,35.08380661376011]],[[134.1041395062612,35.08352609660116],[134.104156,35.083583],[134.104164,35.083612],[134.1041395062612,35.08352609660116]],[[134.10360551466553,35.08165330399057],[134.10408,35.083175],[134.10411566350834,35.08344247631248],[134.10360551466553,35.08165330399057]],[[134.103086,35.079388],[134.10354106280894,35.08142726118063],[134.10287647106446,35.079096433283375],[134.103086,35.079388]],[[134.10270714603925,35.07850258375729],[134.10235819522535,35.07727875830572],[134.102603,35.077944],[134.10270714603925,35.07850258375729]],[[134.1015367225749,35.07368641623005],[134.101636,35.074123],[134.1016813534207,35.074758057838146],[134.1015367225749,35.07368641623005]],[[134.10125245552928,35.0715801408208],[134.101378,35.07246],[134.1013810914953,35.07253326843848],[134.10125245552928,35.0715801408208]],[[134.10120434677373,35.071223679210576],[134.101211,35.071243],[134.10121412561884,35.071296135519894],[134.10120434677373,35.071223679210576]],[[134.10199767379814,35.06940245965742],[134.101683,35.069734],[134.10128003288753,35.069884973142756],[134.10199767379814,35.06940245965742]],[[134.103625,35.068476],[134.1024370864263,35.0691070159117],[134.10382235020498,35.06817561910298],[134.103625,35.068476]],[[134.10526,35.067209],[134.104976,35.067507],[134.1045635300429,35.067677278969974],[134.10526,35.067209]],[[134.104727,35.06617],[134.10517,35.066714],[134.10526,35.067209],[134.104727,35.06617]],[[134.10496452971117,35.064017234989834],[134.105135,35.064511],[134.104727,35.06617],[134.10496452971117,35.064017234989834]],[[134.1052142636326,35.0617538615139],[134.105269,35.063249],[134.10501846865978,35.063528378750775],[134.1052142636326,35.0617538615139]],[[134.105049,35.060612],[134.105313,35.060859],[134.1046988898849,35.060451577585525],[134.105049,35.060612]],[[134.10315,35.059321],[134.10468042224923,35.06043932550154],[134.102734,35.059148],[134.10315,35.059321]],[[134.104021,35.056287],[134.1033413127374,35.05719945074133],[134.10389,35.055439],[134.104021,35.056287]],[[134.103102124785,35.054364253207794],[134.103277,35.054528],[134.10389,35.055439],[134.103102124785,35.054364253207794]],[[134.10259647264402,35.052223045773786],[134.102863,35.053255],[134.102926,35.054124],[134.10259647264402,35.052223045773786]],[[134.102312,35.050582],[134.102776,35.051363],[134.1025100408383,35.051724444054045],[134.102312,35.050582]],[[134.0993342516083,35.050521273365334],[134.101207,35.05035],[134.102312,35.050582],[134.0993342516083,35.050521273365334]],[[134.09873586374812,35.05050907015801],[134.098144,35.050497],[134.098477,35.050435],[134.09873586374812,35.05050907015801]],[[134.09372658482235,35.05354019022653],[134.094988,35.052603],[134.095916,35.052617],[134.09372658482235,35.05354019022653]],[[134.092181,35.054136],[134.0931514795393,35.05378268949389],[134.091761,35.054369],[134.092181,35.054136]],[[134.08746666445566,35.05362664073942],[134.090472,35.054022],[134.09116351667365,35.05426571340868],[134.08746666445566,35.05362664073942]],[[134.08458930062883,35.052004985196454],[134.086408,35.052586],[134.08722,35.053584],[134.08458930062883,35.052004985196454]],[[134.0813940809476,35.050737885081105],[134.082377,35.050743],[134.0828,35.050931],[134.0813940809476,35.050737885081105]],[[134.079095,35.049583],[134.078825,35.050385],[134.079061,35.048414],[134.079095,35.049583]],[[134.07969645314355,35.04796230160697],[134.08023282437745,35.047581033488505],[134.08002,35.047793],[134.07969645314355,35.04796230160697]],[[134.08245310507166,35.04787017149046],[134.083541,35.048265],[134.08273,35.048026],[134.08245310507166,35.04787017149046]],[[134.084971,35.046834],[134.084389,35.047978],[134.083541,35.048265],[134.084971,35.046834]],[[134.085012,35.04490504761892],[134.085009,35.046422],[134.084971,35.046834],[134.085012,35.04490504761892]],[[134.085013,35.044858],[134.08469088448382,35.04427368899038],[134.084797,35.044382],[134.085013,35.044858]],[[134.083589,35.042204],[134.08433730056296,35.04363229493328],[134.0833070704776,35.04176347846498],[134.083589,35.042204]],[[134.083239,35.04164],[134.0834109800565,35.04135496664358],[134.083419,35.041463],[134.083239,35.04164]],[[134.084358,35.040259],[134.0838414263179,35.040641561001536],[134.084278,35.039918],[134.084358,35.040259]],[[134.082893,35.036581],[134.083603,35.037554],[134.08263377213544,35.03644377269447],[134.082893,35.036581]],[[134.0816974649818,35.03425422081816],[134.082072,35.035061],[134.081912,35.035617],[134.0816974649818,35.03425422081816]],[[134.083525,35.032245],[134.08340560063417,35.032271998530604],[134.083726,35.032162],[134.083525,35.032245]],[[134.08364411248496,35.03199951326907],[134.083657,35.032016],[134.083726,35.032162],[134.08364411248496,35.03199951326907]],[[134.08227422750852,35.0263044386596],[134.082753,35.028347],[134.082709,35.030144],[134.08227422750852,35.0263044386596]],[[134.08312499304793,35.0239792149238],[134.08335544036112,35.02344955079022],[134.083269,35.023671],[134.08312499304793,35.0239792149238]],[[134.083481,35.020234],[134.083779,35.022241],[134.083568,35.022961],[134.083481,35.020234]]],[[[133.769669,34.418536],[133.762084,34.421416],[133.760564,34.431587],[133.774776,34.426945],[133.769669,34.418536]]],[[[133.704305,34.487814],[133.73007,34.483759],[133.7326,34.474633],[133.704019,34.477888],[133.704305,34.487814]]],[[[133.683672,34.49048],[133.668839,34.490634],[133.66902,34.501843],[133.684552,34.504266],[133.683672,34.49048]]],[[[134.190779,34.605489],[134.164202,34.604824],[134.20188,34.615722],[134.190779,34.605489]]],[[[134.245254,34.677647],[134.22548,34.667933],[134.218493,34.675751],[134.245254,34.677647]]],[[[134.272827,34.683475],[134.261825,34.674779],[134.244405,34.68081],[134.258597,34.68773],[134.272827,34.683475]]],[[[134.250302,34.705686],[134.271149,34.695692],[134.263304,34.698748],[134.258686,34.690435],[134.249491,34.695626],[134.250302,34.705686]]],[[[134.333509,34.723022],[134.346601,34.71041],[134.341089,34.703618],[134.334322,34.711498],[134.32396,34.711154],[134.321382,34.703145],[134.308141,34.706897],[134.30638,34.714788],[134.290037,34.706199],[134.282935,34.708271],[134.286988,34.713226],[134.274702,34.713457],[134.292861,34.729689],[134.310822,34.727282],[134.323039,34.7141],[134.333509,34.723022]]]]}}]}