{"type": "FeatureCollection", "features": [{"type": "Feature", "properties": {"slug": "punta-arenas", "members": 1, "country": "Chile", "input_hash": "8f8d7b2c8947910c"}, "geometry": {"type": "MultiPolygon", "coordinates": [[[[-73.68798, -53.72151], [-73.7145281, -53.7203233], [-73.6754215, -53.7120059], [-73.68798, -53.72151]]], [[[-73.7451696, -53.7097866], [-73.7405241, -53.7101232], [-73.7418598, -53.7117456], [-73.7451696, -53.7097866]]], [[[-73.6917186, -53.6853855], [-73.6951786, -53.6955202], [-73.7166739, -53.6975132], [-73.7067738, -53.6875537], [-73.6917186, -53.6853855]]], [[[-73.7125808, -53.6329052], [-73.7227947, -53.6324981], [-73.7096304, -53.6317951], [-73.7125808, -53.6329052]]], [[[-73.7214375, -53.6111775], [-73.746661, -53.6003429], [-73.7371445, -53.5923058], [-73.7194312, -53.5923424], [-73.6836264, -53.6159144], [-73.7014228, -53.6147195], [-73.6999905, -53.6226234], [-73.7094587, -53.6284868], [-73.7440324, -53.6138985], [-73.7214375, -53.6111775]]], [[[-73.7601712, -53.5759771], [-73.7306723, -53.5876284], [-73.764098, -53.5893399], [-73.754611, -53.5829026], [-73.7767473, -53.5810316], [-73.7601712, -53.5759771]]], [[[-73.7916952, -53.5361375], [-73.8164198, -53.5242456], [-73.746087, -53.5184363], [-73.6892315, -53.5583153], [-73.6754885, -53.5549642], [-73.6564636, -53.5633174], [-73.6770898, -53.5789232], [-73.691209, -53.5736566], [-73.675046, -53.5846207], [-73.6616188, -53.5785347], [-73.6515337, -53.5881554], [-73.661187, -53.5930891], [-73.6731577, -53.5879484], [-73.6625281, -53.5973664], [-73.6834842, -53.6036343], [-73.682068, -53.6097167], [-73.6953074, -53.5968411], [-73.6777496, -53.5836653], [-73.7043303, -53.5980031], [-73.7352314, -53.5772822], [-73.7322575, -53.5708375], [-73.7454741, -53.5790713], [-73.7673596, -53.5688863], [-73.7827621, -53.5563583], [-73.7733154, -53.5474507], [-73.7875579, -53.5534512], [-73.7805728, -53.5603729], [-73.7888843, -53.5648403], [-73.7768827, -53.5691388], [-73.7905848, -53.5793659], [-73.7839825, -53.5995566], [-73.7954691, -53.5941747], [-73.7985858, -53.6047595], [-73.812831, -53.5976338], [-73.8449612, -53.6096053], [-73.8597187, -53.5984297], [-73.830716, -53.5914573], [-73.8143385, -53.5756203], [-73.8151324, -53.5670513], [-73.8375127, -53.5756331], [-73.8500762, -53.5704855], [-73.8494647, -53.5580536], [-73.8809431, -53.5648275], [-73.8822842, -53.557633], [-73.8980955, -53.5556635], [-73.860778, -53.5375227], [-73.850618, -53.54743], [-73.8356439, -53.5501002], [-73.8368583, -53.5436672], [-73.80816, -53.5534265], [-73.8388968, -53.5393191], [-73.823745, -53.5261622], [-73.7916952, -53.5361375]]], [[[-73.6941755, -53.548493], [-73.6975014, -53.5464914], [-73.6924803, -53.5467081], [-73.6941755, -53.548493]]], [[[-73.7121248, -53.532117], [-73.675046, -53.5365583], [-73.673383, -53.5495766], [-73.6851525, -53.5491623], [-73.7121248, -53.532117]]], [[[-73.6811775, -53.5302996], [-73.6888701, -53.5279431], [-73.6789995, -53.5263455], [-73.6811775, -53.5302996]]], [[[-73.7752419, -53.5063516], [-73.7711066, -53.5122243], [-73.8237262, -53.5206593], [-73.8481128, -53.509559], [-73.848314, -53.4989313], [-73.8623875, -53.4995344], [-73.8503196, -53.4956231], [-73.827551, -53.4998981], [-73.8426626, -53.4903084], [-73.8674355, -53.4898744], [-73.8568783, -53.485575], [-73.8690716, -53.477904], [-73.8597214, -53.4727542], [-73.8657915, -53.4707655], [-73.8350934, -53.470899], [-73.8189036, -53.4886871], [-73.8023543, -53.4899159], [-73.8099799, -53.4964678], [-73.7915933, -53.4967518], [-73.7947892, -53.5100838], [-73.7752419, -53.5063516]]], [[[-73.9056087, -53.4240213], [-73.8777566, -53.405202], [-73.8136947, -53.4078306], [-73.8173318, -53.425741], [-73.83629, -53.4180499], [-73.8286801, -53.4220699], [-73.8329208, -53.4291867], [-73.82605, -53.4397201], [-73.8419008, -53.4482126], [-73.8653112, -53.427889], [-73.8699782, -53.4338784], [-73.887831, -53.4318586], [-73.8841725, -53.4240149], [-73.9056087, -53.4240213]]], [[[-73.7937713, -53.4249547], [-73.7937069, -53.4241619], [-73.7861324, -53.4261438], [-73.7937713, -53.4249547]]], [[[-73.7121785, -53.4154184], [-73.7221134, -53.4211251], [-73.6960262, -53.4248907], [-73.7013638, -53.4435672], [-73.7431204, -53.434345], [-73.731072, -53.4282342], [-73.7476265, -53.4189704], [-73.7509686, -53.4066474], [-73.738035, -53.414715], [-73.7269467, -53.4091801], [-73.7121785, -53.4154184]]], [[[-73.763516, -53.4125823], [-73.7796092, -53.4148141], [-73.7864399, -53.40679], [-73.763516, -53.4125823]]], [[[-73.7377785, -53.4027289], [-73.7303263, -53.4017288], [-73.7318337, -53.4042809], [-73.7377785, -53.4027289]]], [[[-73.75436, -53.38955], [-73.7383032, -53.395287], [-73.7578726, -53.3982041], [-73.75436, -53.38955]]], [[[-73.8536006, -53.3273921], [-73.8282913, -53.3360144], [-73.8316709, -53.3542432], [-73.8225836, -53.342028], [-73.7790459, -53.3555271], [-73.7880152, -53.3604927], [-73.78757, -53.3722497], [-73.8076168, -53.3633771], [-73.8304934, -53.3760437], [-73.8591367, -53.3599357], [-73.8572753, -53.3457126], [-73.8831693, -53.3407837], [-73.8832498, -53.3320647], [-73.8536006, -53.3273921]]], [[[-73.79174, -53.34075], [-73.7905301, -53.33817], [-73.7788689, -53.3460169], [-73.79174, -53.34075]]], [[[-73.7727669, -53.2822564], [-73.7378097, -53.2948013], [-73.7015945, -53.3087496], [-73.7396765, -53.3054417], [-73.7727669, -53.2822564]]], [[[-73.7656564, -53.2512857], [-73.7720266, -53.2495412], [-73.7674528, -53.247986], [-73.7656564, -53.2512857]]], [[[-73.797909, -53.2452589], [-73.7891176, -53.244919], [-73.7830183, -53.2499617], [-73.7923175, -53.246317], [-73.797909, -53.2452589]]], [[[-73.7032092, -53.2072727], [-73.698864, -53.2123295], [-73.7131226, -53.2114782], [-73.7032092, -53.2072727]]], [[[-73.7321931, -53.2107264], [-73.7293124, -53.2062575], [-73.7259543, -53.2115215], [-73.7321931, -53.2107264]]], [[[-73.7001675, -53.2002006], [-73.6955005, -53.2080374], [-73.7009347, -53.2067265], [-73.7001675, -53.2002006]]], [[[-73.892895, -53.1934295], [-73.877247, -53.199966], [-73.8778049, -53.2124757], [-73.892895, -53.1934295]]], [[[-73.7288779, -53.2014828], [-73.7085038, -53.1947986], [-73.7048614, -53.199423], [-73.7229401, -53.2077001], [-73.7288779, -53.2014828]]], [[[-73.6861959, -53.1916971], [-73.6747362, -53.2047208], [-73.6973941, -53.1993282], [-73.6995721, -53.1910913], [-73.6861959, -53.1916971]]], [[[-73.8813883, -53.1897558], [-73.8665879, -53.1867103], [-73.861143, -53.203491], [-73.8755116, -53.1962303], [-73.8813883, -53.1897558]]], [[[-73.7446815, -53.1940594], [-73.7516338, -53.1976636], [-73.7592378, -53.1905015], [-73.7446815, -53.1940594]]], [[[-73.9792514, -53.1932688], [-73.991096, -53.2031697], [-74.0034288, -53.1909418], [-73.994953, -53.1852091], [-74.0076908, -53.1843283], [-74.0045956, -53.1790537], [-74.0155149, -53.1742478], [-74.0291378, -53.1805896], [-74.022274, -53.1963428], [-74.0628478, -53.1846064], [-74.058001, -53.1803742], [-74.0702105, -53.1700065], [-74.07094, -53.155643], [-73.9829314, -53.1359263], [-73.9649981, -53.157216], [-73.947494, -53.1610918], [-73.9716339, -53.1751577], [-73.8991231, -53.2080213], [-73.8843334, -53.2236456], [-73.8874662, -53.2328716], [-73.9017275, -53.2341143], [-73.9077115, -53.2193578], [-73.8961887, -53.2173407], [-73.9232951, -53.213955], [-73.9351773, -53.2021575], [-73.9243197, -53.1994937], [-73.9536926, -53.1844232], [-73.963362, -53.1879912], [-73.9569756, -53.1929297], [-73.9792514, -53.1932688]]], [[[-73.9423066, -53.1437523], [-73.962611, -53.1452018], [-73.9712852, -53.1254465], [-73.9326614, -53.1095933], [-73.8903308, -53.1058931], [-73.8572109, -53.1197855], [-73.8684466, -53.1259181], [-73.844465, -53.1264637], [-73.8461387, -53.1333195], [-73.8216448, -53.163549], [-73.8309038, -53.1680707], [-73.8142848, -53.172579], [-73.7706614, -53.2116806], [-73.797065, -53.2096695], [-73.7541014, -53.2227704], [-73.7600344, -53.2248499], [-73.7555712, -53.2290392], [-73.7818784, -53.217588], [-73.7726516, -53.2438244], [-73.8166425, -53.2356089], [-73.8103795, -53.231006], [-73.8211593, -53.2324911], [-73.8412464, -53.2194381], [-73.8384086, -53.1969437], [-73.8562238, -53.1907715], [-73.8547218, -53.1809673], [-73.8738889, -53.1729424], [-73.8951266, -53.1477806], [-73.9059815, -53.1429205], [-73.8776775, -53.1793318], [-73.8921922, -53.1760226], [-73.890025, -53.181718], [-73.9028621, -53.1853457], [-73.9147925, -53.1794049], [-73.9196205, -53.1646232], [-73.9490229, -53.1496241], [-73.9423066, -53.1437523]]], [[[-73.7117815, -53.1609768], [-73.716116, -53.1572224], [-73.710376, -53.1599404], [-73.7117815, -53.1609768]]], [[[-73.8823566, -53.0951314], [-73.8653433, -53.0948874], [-73.8554245, -53.1118119], [-73.8611162, -53.1157112], [-73.8794008, -53.1060992], [-73.8823566, -53.0951314]]], [[[-73.7176448, -53.0907639], [-73.7036276, -53.0883589], [-73.7064099, -53.09069], [-73.7176448, -53.0907639]]], [[[-73.766748, -53.0635215], [-73.7725684, -53.0608797], [-73.7662438, -53.0612311], [-73.766748, -53.0635215]]], [[[-73.7376219, -53.0622401], [-73.7494022, -53.061144], [-73.7386787, -53.0607507], [-73.7376219, -53.0622401]]], [[[-73.8303056, -53.0618565], [-73.8299972, -53.0551119], [-73.8184556, -53.0638326], [-73.8303056, -53.0618565]]], [[[-74.541429, -52.9620027], [-74.5607114, -52.9632677], [-74.5786285, -52.95357], [-74.5856613, -52.9284641], [-74.6142483, -52.9084216], [-74.6049973, -52.9068638], [-74.6108794, -52.8996646], [-74.5988363, -52.9110728], [-74.59234, -52.9090169], [-74.5988926, -52.8998328], [-74.581292, -52.9076646], [-74.567323, -52.8984285], [-74.5742083, -52.8914511], [-74.6030152, -52.8887745], [-74.6294725, -52.8669666], [-74.6464026, -52.8684384], [-74.6485859, -52.856031], [-74.6430981, -52.8470414], [-74.6313393, -52.8491003], [-74.6362813, -52.8413046], [-74.6127328, -52.8517567], [-74.5857042, -52.8527026], [-74.6139452, -52.8688334], [-74.5448729, -52.8657878], [-74.5782906, -52.8639192], [-74.5823085, -52.8455948], [-74.5961756, -52.8376498], [-74.5767027, -52.8389881], [-74.583486, -52.8324064], [-74.6008185, -52.83146], [-74.6056974, -52.8392069], [-74.6773231, -52.8262385], [-74.6847267, -52.8118333], [-74.6428594, -52.820898], [-74.6157087, -52.8144942], [-74.6521103, -52.8148176], [-74.6676001, -52.8009063], [-74.6882612, -52.8049764], [-74.7048694, -52.7976791], [-74.6990812, -52.7921811], [-74.7048587, -52.7876718], [-74.6889854, -52.78719], [-74.6953207, -52.7785837], [-74.7201633, -52.7746167], [-74.7265631, -52.7644758], [-74.7191763, -52.7512952], [-74.7309029, -52.730997], [-74.7123098, -52.7406633], [-74.6778971, -52.7397897], [-74.6913162, -52.7161343], [-74.6788842, -52.7163342], [-74.65965, -52.722979], [-74.6584379, -52.7334849], [-74.6416605, -52.744847], [-74.6312039, -52.7431616], [-74.6328682, -52.7512903], [-74.6131325, -52.7624584], [-74.6303469, -52.7636643], [-74.5939869, -52.7887002], [-74.58118, -52.7713149], [-74.5360404, -52.7938006], [-74.5697397, -52.813832], [-74.5492879, -52.8076939], [-74.5397902, -52.8126421], [-74.5442185, -52.8062201], [-74.5385912, -52.8033354], [-74.5055813, -52.8089618], [-74.5039827, -52.797864], [-74.4857141, -52.8048953], [-74.4878921, -52.8140719], [-74.4726652, -52.8091094], [-74.4318554, -52.8290584], [-74.4321129, -52.8386884], [-74.4802853, -52.8335536], [-74.4879967, -52.8365642], [-74.4792956, -52.8411138], [-74.5077753, -52.8452968], [-74.5108116, -52.854128], [-74.4808701, -52.8478384], [-74.483791, -52.843207], [-74.4562098, -52.8458459], [-74.466531, -52.8492995], [-74.4571325, -52.8521196], [-74.421184, -52.8432489], [-74.4213545, -52.8582255], [-74.4531092, -52.8605137], [-74.4537196, -52.8666103], [-74.4729871, -52.860049], [-74.4728234, -52.8515381], [-74.4818111, -52.8670737], [-74.4687814, -52.8740256], [-74.474811, -52.8823896], [-74.4603995, -52.8859682], [-74.4452208, -52.8721225], [-74.4265366, -52.880406], [-74.410623, -52.8721201], [-74.4059131, -52.8784627], [-74.4160652, -52.8876384], [-74.4107853, -52.9006628], [-74.4039792, -52.8976615], [-74.4060941, -52.8826332], [-74.3941061, -52.8947557], [-74.3957904, -52.8742765], [-74.3877599, -52.8802287], [-74.3684828, -52.8757351], [-74.3648028, -52.8854551], [-74.351145, -52.8799795], [-74.3561983, -52.8873503], [-74.3705294, -52.8851913], [-74.3614876, -52.8929075], [-74.3826026, -52.8917353], [-74.3638842, -52.9051628], [-74.3702987, -52.9150048], [-74.4065863, -52.924509], [-74.4120044, -52.9322684], [-74.3975151, -52.9334405], [-74.3944305, -52.9506855], [-74.3856221, -52.9349836], [-74.3637367, -52.9374263], [-74.3413255, -52.9534342], [-74.3235183, -52.9811257], [-74.3296015, -52.9462492], [-74.3446273, -52.9386556], [-74.329387, -52.9380462], [-74.329572, -52.9276767], [-74.3133554, -52.9358097], [-74.3115395, -52.9267534], [-74.3224427, -52.9153153], [-74.3175423, -52.9098855], [-74.2906559, -52.9218085], [-74.3043029, -52.9239948], [-74.3122208, -52.9463041], [-74.2540401, -52.96126], [-74.2513079, -52.9739194], [-74.2638016, -52.9743297], [-74.2531478, -52.9810773], [-74.2711294, -52.9849109], [-74.2508841, -52.9923865], [-74.2417753, -52.983183], [-74.2343187, -52.9694807], [-74.2476582, -52.9531635], [-74.2389214, -52.9408734], [-74.2348874, -52.9535635], [-74.208709, -52.9736901], [-74.2140372, -52.9829537], [-74.2008525, -52.9782091], [-74.2046897, -52.9548595], [-74.1767679, -52.9582632], [-74.1711983, -52.9674534], [-74.1803205, -52.9699516], [-74.1761108, -52.975881], [-74.1494644, -52.9877689], [-74.1566527, -52.992196], [-74.1526026, -52.9960965], [-74.1754201, -52.9929532], [-74.169082, -53.0036703], [-74.1369599, -53.0042546], [-74.107874, -53.0159805], [-74.1184366, -53.0010716], [-74.0918076, -53.005068], [-74.1172993, -52.9928451], [-74.1166234, -52.9848108], [-74.0871406, -52.9874137], [-74.1004095, -52.9823756], [-74.0939239, -52.9747803], [-74.1381026, -52.9648865], [-74.1435394, -52.9432131], [-74.1198367, -52.9423766], [-74.1140163, -52.9462589], [-74.117133, -52.961022], [-74.1060501, -52.9669543], [-74.0798623, -52.9605336], [-74.0377423, -52.9760466], [-74.0716709, -52.9802415], [-74.0412158, -52.9874944], [-74.0440267, -52.9958527], [-74.0592121, -52.9899486], [-74.0506572, -52.9977463], [-74.0284431, -52.9982047], [-74.0122157, -53.0083637], [-74.0350252, -52.9924527], [-74.0300323, -52.984051], [-74.0150616, -52.9818573], [-73.9790744, -52.988263], [-73.978326, -52.9942868], [-73.9608568, -52.9905282], [-73.9543605, -52.9992766], [-73.9373982, -52.9989408], [-73.9442647, -53.00368], [-73.9233997, -53.0063624], [-73.9312291, -53.0132632], [-73.9253819, -53.0195755], [-73.9696866, -53.0108522], [-73.9324187, -53.0220682], [-73.9267686, -53.0315844], [-73.9371193, -53.0385101], [-73.9877057, -53.0228765], [-73.9956933, -53.0266758], [-73.9463353, -53.039981], [-73.9571339, -53.0457057], [-73.9418426, -53.0440851], [-73.9361322, -53.0589357], [-73.9135587, -53.0563435], [-73.9053431, -53.0707032], [-73.8983721, -53.0675928], [-73.9126629, -53.0535706], [-73.9303386, -53.0536093], [-73.9118126, -53.0435691], [-73.9301536, -53.0401987], [-73.8949201, -53.0174392], [-73.849175, -53.0300456], [-73.8324943, -53.0535368], [-73.8442169, -53.0520664], [-73.843199, -53.0588938], [-73.8088748, -53.0765108], [-73.8113613, -53.0891128], [-73.8221813, -53.088657], [-73.8161999, -53.0928257], [-73.8034621, -53.0883348], [-73.7964132, -53.0975593], [-73.7958312, -53.0837145], [-73.8340768, -53.041205], [-73.8038161, -53.0483259], [-73.7947503, -53.0569077], [-73.80115, -53.0697475], [-73.7735313, -53.067924], [-73.7585995, -53.0802828], [-73.7613836, -53.0741453], [-73.7338936, -53.0693672], [-73.7398127, -53.0799967], [-73.7309593, -53.0810529], [-73.7460655, -53.0865048], [-73.7114771, -53.0841285], [-73.7297362, -53.0924649], [-73.7310934, -53.1002199], [-73.716934, -53.0921975], [-73.6909193, -53.097561], [-73.6987031, -53.1053102], [-73.6547712, -53.131699], [-73.6879957, -53.1256839], [-73.6461344, -53.141051], [-73.6253232, -53.1842801], [-73.6359206, -53.1454383], [-73.6104074, -53.1592054], [-73.6005718, -53.1485045], [-73.6160159, -53.1356335], [-73.6299044, -53.1348643], [-73.6320394, -53.1426004], [-73.6396515, -53.1380632], [-73.6407432, -53.1317119], [-73.6343139, -53.1323346], [-73.6439082, -53.1223956], [-73.6515217, -53.0863582], [-73.6312884, -53.0766575], [-73.6274019, -53.0840947], [-73.5999066, -53.0809659], [-73.5950665, -53.0840117], [-73.6008051, -53.0874858], [-73.5926646, -53.088433], [-73.5975462, -53.0937051], [-73.6284345, -53.0966913], [-73.5870373, -53.1153039], [-73.6095706, -53.1271268], [-73.5965109, -53.1317521], [-73.582786, -53.1175432], [-73.5681908, -53.1227385], [-73.5798758, -53.1130403], [-73.5599148, -53.1102276], [-73.5641447, -53.1200334], [-73.5570824, -53.122765], [-73.5652015, -53.1245082], [-73.5654616, -53.1348192], [-73.5541508, -53.1348514], [-73.5486375, -53.1436244], [-73.5574526, -53.1502997], [-73.5301423, -53.1645267], [-73.532044, -53.1736674], [-73.5390607, -53.1727784], [-73.5320735, -53.1812229], [-73.5478288, -53.1924396], [-73.5775745, -53.1760291], [-73.5683195, -53.1858657], [-73.5851786, -53.1841387], [-73.5565326, -53.1958479], [-73.5518709, -53.2019519], [-73.5609528, -53.2047281], [-73.5126328, -53.2592735], [-73.5321674, -53.2821281], [-73.5167742, -53.2833372], [-73.5072121, -53.2710825], [-73.4849739, -53.2876859], [-73.5004449, -53.2683957], [-73.4966348, -53.2593289], [-73.5075232, -53.232734], [-73.4883642, -53.2367118], [-73.471241, -53.2528808], [-73.4743953, -53.2428052], [-73.4279072, -53.2492893], [-73.4851617, -53.2346986], [-73.4570494, -53.2195297], [-73.4875166, -53.2311794], [-73.5066676, -53.2198139], [-73.4844911, -53.1925039], [-73.5173857, -53.1823111], [-73.5110235, -53.1667908], [-73.4905905, -53.1726481], [-73.5152507, -53.1570535], [-73.4787887, -53.142462], [-73.4617192, -53.1543651], [-73.437307, -53.152998], [-73.4206706, -53.169], [-73.4007713, -53.1704342], [-73.4027964, -53.180195], [-73.3917725, -53.1796573], [-73.4528464, -53.1903681], [-73.3686626, -53.1936801], [-73.4377234, -53.2127893], [-73.4050292, -53.2209159], [-73.4217445, -53.2144103], [-73.3682334, -53.2042686], [-73.3439139, -53.2172572], [-73.3724043, -53.2213878], [-73.3406255, -53.2203632], [-73.3463091, -53.2232297], [-73.3088815, -53.2462496], [-73.3451664, -53.2417297], [-73.317014, -53.2557435], [-73.3227217, -53.2585772], [-73.3173466, -53.2653541], [-73.340435, -53.2753956], [-73.3674181, -53.2554387], [-73.3719993, -53.2590714], [-73.3627778, -53.2654921], [-73.4041751, -53.2586093], [-73.3585936, -53.2757324], [-73.3807004, -53.2831384], [-73.3355239, -53.282096], [-73.2879402, -53.2672415], [-73.267554, -53.2826766], [-73.2832155, -53.2849889], [-73.2750589, -53.2907451], [-73.2826012, -53.2949328], [-73.2553017, -53.2966513], [-73.2496423, -53.2903507], [-73.1755382, -53.3114259], [-73.1965184, -53.3128105], [-73.1906417, -53.3223313], [-73.2065874, -53.3214149], [-73.229582, -53.3343856], [-73.1815705, -53.3258735], [-73.1850332, -53.335204], [-73.1621057, -53.3301442], [-73.0872506, -53.3549636], [-73.0990416, -53.3593018], [-73.0941492, -53.3735363], [-73.1132841, -53.3792006], [-73.1552902, -53.3803478], [-73.1598312, -53.3756549], [-73.1503415, -53.3720097], [-73.1564543, -53.3697869], [-73.1715363, -53.3759365], [-73.1998175, -53.3720097], [-73.1922296, -53.3762805], [-73.2270259, -53.3836355], [-73.2443261, -53.3754725], [-73.2360381, -53.3706527], [-73.2521662, -53.3660563], [-73.2580644, -53.3730402], [-73.2453775, -53.3789142], [-73.2565516, -53.3827124], [-73.2690346, -53.3792454], [-73.2627556, -53.3751797], [-73.2689649, -53.3725602], [-73.2873273, -53.3730786], [-73.36914, -53.343205], [-73.3604926, -53.3355628], [-73.3997762, -53.3285855], [-73.4124818, -53.3207292], [-73.403821, -53.3139803], [-73.4173179, -53.3129195], [-73.4140858, -53.3307464], [-73.4363562, -53.3394938], [-73.4365681, -53.3516144], [-73.4630388, -53.3393617], [-73.4617218, -53.345695], [-73.4710939, -53.3492547], [-73.4882891, -53.3427823], [-73.4862694, -53.3491071], [-73.4966201, -53.3473042], [-73.4984011, -53.3542336], [-73.5135153, -53.3464988], [-73.5662127, -53.3487517], [-73.6049491, -53.3352713], [-73.5932171, -53.3330386], [-73.5996115, -53.3236643], [-73.5835183, -53.3221968], [-73.5994935, -53.3089291], [-73.6171572, -53.3086503], [-73.6135858, -53.3021623], [-73.5975623, -53.3054417], [-73.6116331, -53.2964188], [-73.5771669, -53.2974913], [-73.5410322, -53.3171465], [-73.5359896, -53.3096214], [-73.4818948, -53.323645], [-73.4620143, -53.3126662], [-73.4769273, -53.2981806], [-73.4741915, -53.3057494], [-73.4998763, -53.3133777], [-73.6016768, -53.283395], [-73.5963178, -53.2742087], [-73.6027443, -53.2661979], [-73.61247, -53.2710585], [-73.602519, -53.2648022], [-73.614597, -53.2566052], [-73.5946575, -53.2572069], [-73.6076662, -53.241688], [-73.5661349, -53.2512536], [-73.5656521, -53.2396157], [-73.6096323, -53.2295129], [-73.6156297, -53.2151853], [-73.5994345, -53.2238158], [-73.6149967, -53.2081884], [-73.6076957, -53.1978355], [-73.6222118, -53.1915589], [-73.618843, -53.2288979], [-73.6231506, -53.221179], [-73.6301699, -53.2284804], [-73.6594918, -53.2139759], [-73.6688045, -53.199325], [-73.6597547, -53.1972442], [-73.681038, -53.1956325], [-73.6868034, -53.1857966], [-73.6781842, -53.1774277], [-73.6950955, -53.1730292], [-73.7036678, -53.1503576], [-73.7160462, -53.1517281], [-73.7131709, -53.1447642], [-73.7209117, -53.1498493], [-73.7286633, -53.1432664], [-73.7163641, -53.1563386], [-73.7319222, -53.1595126], [-73.7116742, -53.1675626], [-73.7007415, -53.1856085], [-73.7152308, -53.1926485], [-73.7605602, -53.1872583], [-73.7156707, -53.1733909], [-73.7719601, -53.1799001], [-73.7853169, -53.1495066], [-73.7843755, -53.1392442], [-73.7700693, -53.1320772], [-73.7915611, -53.1060251], [-73.7908691, -53.1297179], [-73.809371, -53.123594], [-73.8015658, -53.130101], [-73.8077724, -53.1311534], [-73.8229322, -53.1135974], [-73.8163877, -53.1222017], [-73.8258854, -53.1221727], [-73.8104975, -53.1366343], [-73.7899625, -53.1362015], [-73.8052806, -53.1386649], [-73.7928245, -53.1420324], [-73.7947261, -53.1600304], [-73.7871248, -53.167366], [-73.7941924, -53.1681237], [-73.7838122, -53.1774469], [-73.7967217, -53.1727751], [-73.8044652, -53.1618533], [-73.8007745, -53.1543434], [-73.8429308, -53.1185283], [-73.8554889, -53.0945105], [-73.8478124, -53.0957474], [-73.8512939, -53.0907478], [-73.8657457, -53.0916402], [-73.8735965, -53.0764029], [-73.8966286, -53.0694639], [-73.8828689, -53.0826713], [-73.8962985, -53.10466], [-73.9492804, -53.0960148], [-73.941569, -53.0854576], [-73.9579225, -53.0970681], [-73.9380688, -53.1018931], [-73.9672887, -53.1066724], [-74.043206, -53.0798961], [-74.0362537, -53.0750461], [-74.0493214, -53.0776436], [-74.037863, -53.0663179], [-74.0584087, -53.0734347], [-74.0704492, -53.0608861], [-74.1082013, -53.0544412], [-74.0261525, -53.0975094], [-73.983441, -53.1082118], [-74.0023063, -53.1130073], [-73.9955217, -53.1252663], [-74.0095604, -53.1302554], [-74.0744484, -53.1377767], [-74.0629953, -53.1320514], [-74.0870762, -53.1298692], [-74.102751, -53.0971486], [-74.0981899, -53.1297899], [-74.109124, -53.1292577], [-74.1133082, -53.1228197], [-74.1063237, -53.1147388], [-74.116087, -53.1147002], [-74.1222775, -53.0968716], [-74.1393498, -53.0852643], [-74.1247599, -53.0984016], [-74.1232458, -53.124484], [-74.1437593, -53.1232608], [-74.1445854, -53.114016], [-74.1555047, -53.1113482], [-74.1464791, -53.1020702], [-74.1688943, -53.1011974], [-74.1581869, -53.106695], [-74.1522861, -53.1237147], [-74.1659653, -53.1239593], [-74.1911566, -53.1172502], [-74.1978943, -53.1079509], [-74.1942895, -53.0764867], [-74.2049432, -53.0814976], [-74.224636, -53.0600576], [-74.2182684, -53.0514135], [-74.2335194, -53.0498786], [-74.2454821, -53.0338329], [-74.2463994, -53.0438319], [-74.2199743, -53.0706323], [-74.2142826, -53.0909024], [-74.2266436, -53.1032651], [-74.2244241, -53.1181291], [-74.2350698, -53.1307608], [-74.226138, -53.1340275], [-74.2288873, -53.1417573], [-74.2601645, -53.1452646], [-74.2500982, -53.1238966], [-74.2377278, -53.1234346], [-74.2583245, -53.1143814], [-74.2490602, -53.1219892], [-74.263823, -53.1250409], [-74.2664181, -53.0925712], [-74.2654927, -53.1096456], [-74.2736238, -53.1029495], [-74.2808417, -53.1098831], [-74.2680817, -53.1196958], [-74.2766333, -53.1138566], [-74.27657, -53.12292], [-74.298091, -53.1312596], [-74.3214597, -53.1259841], [-74.3163085, -53.1184157], [-74.3031335, -53.120695], [-74.3301085, -53.10503], [-74.3208522, -53.0996321], [-74.3356526, -53.0901969], [-74.3165982, -53.083468], [-74.320246, -53.0712302], [-74.3010789, -53.0621144], [-74.3177515, -53.0611892], [-74.2943439, -53.0538157], [-74.3129021, -53.0570931], [-74.3227834, -53.0507428], [-74.3240547, -53.0247963], [-74.3361998, -53.0240913], [-74.3350652, -53.0380683], [-74.3422696, -53.0382763], [-74.3428329, -53.0518375], [-74.3314362, -53.0652252], [-74.3428785, -53.0597159], [-74.3426102, -53.0713317], [-74.3545622, -53.0713398], [-74.3645883, -53.0819229], [-74.3703818, -53.0673043], [-74.3632472, -53.0601156], [-74.4005674, -53.0572527], [-74.400723, -53.0478825], [-74.4098318, -53.0432675], [-74.3830962, -53.0360518], [-74.391122, -53.0187575], [-74.3950246, -53.0307755], [-74.4042427, -53.0355619], [-74.3993792, -53.0301875], [-74.4115189, -53.0253481], [-74.4005728, -53.0240284], [-74.4206142, -53.0083879], [-74.3980287, -52.9898614], [-74.4321209, -53.0061462], [-74.4376409, -52.9878496], [-74.4513953, -52.9807284], [-74.4386441, -52.9648218], [-74.4514114, -52.9565335], [-74.4333011, -52.9596438], [-74.4497028, -52.95325], [-74.4562715, -52.9623549], [-74.4683602, -52.9591591], [-74.4618854, -52.967497], [-74.4695511, -52.9611933], [-74.4679284, -52.9757607], [-74.4589095, -52.9749935], [-74.445253, -52.9882759], [-74.4528061, -52.9896838], [-74.4534928, -53.0082523], [-74.4742612, -52.9994461], [-74.4759643, -52.9916051], [-74.4651497, -52.9811725], [-74.4883588, -52.9805702], [-74.4939566, -52.9892689], [-74.5198828, -52.9681109], [-74.4923446, -52.9513787], [-74.4720563, -52.9207105], [-74.4788477, -52.9189437], [-74.4746608, -52.9142543], [-74.4897857, -52.9207833], [-74.4974434, -52.9106134], [-74.5099291, -52.9152539], [-74.5191801, -52.9080835], [-74.5133919, -52.9368306], [-74.5020381, -52.9416105], [-74.5083037, -52.9534294], [-74.5183969, -52.9431589], [-74.541429, -52.9620027]]], [[[-73.840313, -53.0377715], [-73.845436, -53.031536], [-73.8336182, -53.0392197], [-73.840313, -53.0377715]]], [[[-73.6916488, -52.9279612], [-73.6926627, -52.9272255], [-73.687309, -52.9264219], [-73.6916488, -52.9279612]]], [[[-73.7137261, -52.9191548], [-73.7049606, -52.9201041], [-73.7068462, -52.9221352], [-73.7137261, -52.9191548]]], [[[-73.738668, -52.9020299], [-73.7452662, -52.9006386], [-73.73752, -52.9012598], [-73.738668, -52.9020299]]], [[[-73.7420583, -52.8957393], [-73.7339044, -52.8961082], [-73.737874, -52.8964447], [-73.7420583, -52.8957393]]], [[[-73.7539968, -52.8974164], [-73.762655, -52.8945451], [-73.7596911, -52.8937069], [-73.7539968, -52.8974164]]], [[[-73.7884605, -52.9081903], [-73.8056266, -52.913017], [-73.8383925, -52.8944399], [-73.8315743, -52.8825385], [-73.7983552, -52.8774089], [-73.7891579, -52.880028], [-73.7973976, -52.8835631], [-73.7757656, -52.8874118], [-73.8051331, -52.8961211], [-73.7884069, -52.8985967], [-73.7884605, -52.9081903]]], [[[-73.7205577, -52.862342], [-73.7092763, -52.8586174], [-73.7106228, -52.8623873], [-73.7205577, -52.862342]]], [[[-73.5290802, -53.7410906], [-73.5409699, -53.74452], [-73.5426736, -53.7545915], [-73.572253, -53.7595264], [-73.5438108, -53.739371], [-73.5290802, -53.7410906]]], [[[-73.6852384, -53.6886576], [-73.6775801, -53.6815599], [-73.6702931, -53.6919993], [-73.6852384, -53.6886576]]], [[[-73.5499424, -53.6690244], [-73.5563046, -53.6701526], [-73.5586006, -53.6709122], [-73.5550493, -53.6686526], [-73.5499424, -53.6690244]]], [[[-73.5341549, -53.6639645], [-73.5325724, -53.6643269], [-73.5419762, -53.6663356], [-73.5341549, -53.6639645]]], [[[-73.6344642, -53.6641075], [-73.6255753, -53.663297], [-73.6226517, -53.6647877], [-73.6344642, -53.6641075]]], [[[-73.6295664, -53.6552831], [-73.6253715, -53.6621877], [-73.636508, -53.6638151], [-73.6320663, -53.6681885], [-73.6414325, -53.6683792], [-73.636905, -53.6713539], [-73.6440075, -53.6783195], [-73.6651218, -53.6816556], [-73.6638236, -53.6734132], [-73.6485672, -53.6732225], [-73.6633623, -53.6668219], [-73.641808, -53.6558807], [-73.6574292, -53.6457572], [-73.6508203, -53.6412097], [-73.6180222, -53.6521673], [-73.6295664, -53.6552831]]], [[[-73.5494033, -53.662283], [-73.5371375, -53.6594667], [-73.5279644, -53.6613898], [-73.5494033, -53.662283]]], [[[-73.6031038, -53.648177], [-73.6124969, -53.648336], [-73.6035436, -53.6457572], [-73.6031038, -53.648177]]], [[[-73.5945261, -53.6378226], [-73.5906744, -53.6393555], [-73.6070734, -53.6427998], [-73.5945261, -53.6378226]]], [[[-73.60819, -53.62633], [-73.5955507, -53.6347119], [-73.6136395, -53.6363913], [-73.6152059, -53.6452229], [-73.6242664, -53.6469242], [-73.6522794, -53.6335064], [-73.60819, -53.62633]]], [[[-73.5148269, -53.6130726], [-73.4974033, -53.6209626], [-73.5154706, -53.6245499], [-73.509728, -53.6257143], [-73.5352278, -53.6403581], [-73.5297346, -53.6429413], [-73.5847736, -53.6551432], [-73.5712767, -53.6495729], [-73.5848433, -53.6478749], [-73.58163, -53.6417153], [-73.5885662, -53.6400807], [-73.5719338, -53.6425088], [-73.5802621, -53.6347978], [-73.5647911, -53.6333871], [-73.5641742, -53.6219107], [-73.5480621, -53.62315], [-73.5606068, -53.6163424], [-73.55263, -53.6135134], [-73.5641366, -53.6044619], [-73.5601777, -53.6006294], [-73.5340047, -53.602681], [-73.5345894, -53.6123741], [-73.5479334, -53.6171761], [-73.5148269, -53.6130726]]], [[[-73.6040157, -53.6261485], [-73.6000729, -53.6225598], [-73.5933191, -53.6247519], [-73.6040157, -53.6261485]]], [[[-73.5977984, -53.6167465], [-73.6086398, -53.6163774], [-73.6171371, -53.6180512], [-73.602283, -53.6108338], [-73.5977984, -53.6167465]]], [[[-73.5921818, -53.6135039], [-73.5862299, -53.61288], [-73.58814, -53.61367], [-73.5921818, -53.6135039]]], [[[-73.6628151, -53.6030359], [-73.6536741, -53.6050921], [-73.6662269, -53.6047929], [-73.6628151, -53.6030359]]], [[[-73.5481461, -53.6005058], [-73.5521955, -53.5989102], [-73.5375974, -53.5994823], [-73.5481461, -53.6005058]]], [[[-73.5708475, -53.6011228], [-73.5789156, -53.5979171], [-73.5735995, -53.5964463], [-73.5708475, -53.6011228]]], [[[-73.5692167, -53.5948831], [-73.5603762, -53.5976051], [-73.5652149, -53.5987257], [-73.5692167, -53.5948831]]], [[[-73.652451, -53.5974396], [-73.6469901, -53.5953448], [-73.6481381, -53.5974268], [-73.652451, -53.5974396]]], [[[-73.5371671, -53.5926396], [-73.533207, -53.5959267], [-73.5408658, -53.5946684], [-73.5371671, -53.5926396]]], [[[-73.5984635, -53.594915], [-73.6062956, -53.5936446], [-73.6056787, -53.5929346], [-73.5984635, -53.594915]]], [[[-73.5971546, -53.5822546], [-73.5919511, -53.586974], [-73.6080873, -53.588063], [-73.5971546, -53.5822546]]], [[[-73.6126578, -53.57885], [-73.6002874, -53.5807227], [-73.6097932, -53.5867065], [-73.6126578, -53.57885]]], [[[-73.5441622, -53.5784678], [-73.5320815, -53.5795427], [-73.5373199, -53.5805332], [-73.5441622, -53.5784678]]], [[[-73.5798007, -53.5747221], [-73.5728914, -53.5744768], [-73.5898644, -53.5781652], [-73.5798007, -53.5747221]]], [[[-73.6464697, -53.5783754], [-73.658706, -53.5723649], [-73.6345392, -53.5715001], [-73.6464697, -53.5783754]]], [[[-73.5733902, -53.5815292], [-73.5587856, -53.5738541], [-73.582837, -53.5612224], [-73.5653678, -53.5570944], [-73.556731, -53.5653516], [-73.5430571, -53.5645297], [-73.5589787, -53.5822546], [-73.5500363, -53.5901757], [-73.5722718, -53.5890788], [-73.5733902, -53.5815292]]], [[[-73.6280255, -53.5743542], [-73.6287591, -53.5716371], [-73.6217934, -53.5733413], [-73.6280255, -53.5743542]]], [[[-73.6040747, -53.567937], [-73.5907173, -53.5666372], [-73.5782504, -53.5712277], [-73.6040747, -53.567937]]], [[[-73.6088383, -53.5661402], [-73.6092138, -53.5635213], [-73.6033499, -53.5641499], [-73.6088383, -53.5661402]]], [[[-73.5849693, -53.5615809], [-73.5874826, -53.5648116], [-73.5927075, -53.5622723], [-73.5849693, -53.5615809]]], [[[-73.6201626, -53.5575963], [-73.6220375, -53.5542822], [-73.6105174, -53.5596946], [-73.6201626, -53.5575963]]], [[[-73.5496755, -53.52341], [-73.5565165, -53.5216544], [-73.5470939, -53.5223026], [-73.5496755, -53.52341]]], [[[-73.5352278, -53.5083771], [-73.5383418, -53.5096468], [-73.5445753, -53.5078507], [-73.5352278, -53.5083771]]], [[[-73.5472535, -53.5073203], [-73.5518414, -53.5038826], [-73.5401604, -53.5055217], [-73.5472535, -53.5073203]]], [[[-73.6677182, -53.5029996], [-73.6593926, -53.4998343], [-73.6429989, -53.5102609], [-73.6571395, -53.4938302], [-73.6337507, -53.5083659], [-73.5976803, -53.5154206], [-73.6212301, -53.5043269], [-73.6055285, -53.5016946], [-73.5538007, -53.5188733], [-73.5662274, -53.5285944], [-73.5173911, -53.5333175], [-73.4576154, -53.5588582], [-73.5053855, -53.5340205], [-73.4906495, -53.5324454], [-73.53918, -53.5169317], [-73.5240644, -53.5073243], [-73.5405627, -53.4984638], [-73.5617816, -53.5037526], [-73.5977353, -53.4879107], [-73.5823005, -53.4892552], [-73.5868979, -53.4848409], [-73.6050229, -53.4852718], [-73.6064807, -53.4904632], [-73.6404629, -53.4818945], [-73.6624128, -53.4598512], [-73.6512199, -53.4598512], [-73.6497527, -53.4516293], [-73.6297783, -53.4634298], [-73.6366233, -53.4550249], [-73.6236146, -53.4536019], [-73.6206467, -53.4630402], [-73.602865, -53.4707833], [-73.586407, -53.466585], [-73.5770461, -53.4583899], [-73.5209527, -53.4709281], [-73.4971639, -53.4671558], [-73.5056162, -53.4587141], [-73.4818116, -53.4537456], [-73.5655595, -53.4513338], [-73.5949177, -53.4322613], [-73.5883677, -53.4227586], [-73.6091065, -53.4217964], [-73.5960455, -53.4115048], [-73.5715127, -53.4141682], [-73.5855487, -53.4082879], [-73.5929556, -53.3862096], [-73.5587186, -53.3869886], [-73.5423249, -53.3951334], [-73.5596117, -53.3975628], [-73.5344526, -53.4068697], [-73.5443392, -53.4162944], [-73.5210764, -53.4094103], [-73.490966, -53.4269045], [-73.4820235, -53.4265721], [-73.5036474, -53.4168811], [-73.4933558, -53.4124113], [-73.5141805, -53.4029121], [-73.5037145, -53.4048374], [-73.4946567, -53.3925016], [-73.3996689, -53.4011659], [-73.3976345, -53.4105439], [-73.3869177, -53.4132154], [-73.3925155, -53.418454], [-73.3686653, -53.4217452], [-73.3795738, -53.4321399], [-73.3960775, -53.4271235], [-73.3906165, -53.4363679], [-73.4158266, -53.4516181], [-73.4338537, -53.4474283], [-73.4300664, -53.4515271], [-73.4602372, -53.4785386], [-73.4802854, -53.4869284], [-73.4817351, -53.4995838], [-73.4974904, -53.4922688], [-73.5114929, -53.4957179], [-73.4926296, -53.5069378], [-73.4590399, -53.50883], [-73.4661341, -53.4872157], [-73.4400415, -53.4730639], [-73.4407389, -53.4803654], [-73.4193403, -53.4849526], [-73.4197319, -53.4922186], [-73.3908257, -53.5113965], [-73.3863196, -53.5229588], [-73.3724928, -53.5256089], [-73.368444, -53.538503], [-73.3751723, -53.54047], [-73.3590683, -53.5447558], [-73.3839807, -53.5455782], [-73.3602217, -53.5528561], [-73.3677024, -53.5557337], [-73.3471298, -53.5561305], [-73.351357, -53.5617753], [-73.3379486, -53.566951], [-73.3909786, -53.5511925], [-73.4047115, -53.5583244], [-73.3859655, -53.5574832], [-73.3274773, -53.5770536], [-73.3377877, -53.5815523], [-73.3346683, -53.58633], [-73.3615172, -53.5820603], [-73.35486, -53.5846303], [-73.3665866, -53.5883448], [-73.3444302, -53.5953997], [-73.3622789, -53.5961168], [-73.3946049, -53.5889578], [-73.4220654, -53.5722726], [-73.4129486, -53.5794137], [-73.4215786, -53.5927659], [-73.4657773, -53.6077307], [-73.4609091, -53.6091502], [-73.4931802, -53.6095536], [-73.5008875, -53.6052051], [-73.4891877, -53.5942066], [-73.4932502, -53.5784638], [-73.4768683, -53.5776238], [-73.4984785, -53.5727687], [-73.5096814, -53.5601702], [-73.5059997, -53.5557799], [-73.5210738, -53.5460132], [-73.5117129, -53.5632154], [-73.519443, -53.5732425], [-73.5322264, -53.5655444], [-73.5249979, -53.5649248], [-73.5455918, -53.5616334], [-73.5311522, -53.5584694], [-73.5458896, -53.5592429], [-73.5438464, -53.5546399], [-73.6003009, -53.5585539], [-73.6354458, -53.5446522], [-73.6102009, -53.5682348], [-73.6178532, -53.570417], [-73.6378598, -53.5621194], [-73.6338311, -53.5531015], [-73.6461693, -53.5594524], [-73.6589205, -53.5550167], [-73.6557823, -53.5437597], [-73.6694509, -53.5407696], [-73.6644673, -53.5355509], [-73.6717522, -53.5302422], [-73.6610502, -53.5212876], [-73.6909327, -53.5264715], [-73.7036222, -53.5187011], [-73.7084556, -53.5268111], [-73.7173712, -53.5253856], [-73.7492681, -53.5063305], [-73.7332083, -53.5030187], [-73.7184978, -53.5112562], [-73.7274349, -53.4976325], [-73.7429166, -53.4914989], [-73.743968, -53.4992727], [-73.8033038, -53.4782584], [-73.7941146, -53.468865], [-73.7611422, -53.4735652], [-73.7854886, -53.4643942], [-73.7872052, -53.4466216], [-73.8119245, -53.4468133], [-73.8173747, -53.4319609], [-73.79181, -53.42901], [-73.7672925, -53.4402377], [-73.7643099, -53.4504297], [-73.746897, -53.446481], [-73.7329602, -53.4531195], [-73.7257934, -53.4616413], [-73.7329924, -53.4641707], [-73.7143886, -53.4734055], [-73.6990893, -53.4940584], [-73.6971045, -53.4851154], [-73.6797453, -53.486673], [-73.6677182, -53.5029996]]], [[[-73.5957035, -53.4931872], [-73.5994023, -53.491625], [-73.5908648, -53.4929351], [-73.5957035, -53.4931872]]], [[[-73.6711085, -53.4689664], [-73.6617717, -53.466957], [-73.6527514, -53.4759829], [-73.6645961, -53.4732507], [-73.6711085, -53.4689664]]], [[[-73.5977769, -53.4645412], [-73.5836256, -53.4621459], [-73.5883462, -53.4637076], [-73.5977769, -53.4645412]]], [[[-73.55057, -53.4571283], [-73.5179597, -53.4573008], [-73.531706, -53.460862], [-73.55057, -53.4571283]]], [[[-73.5841003, -53.4517299], [-73.5671434, -53.451797], [-73.5731113, -53.4535188], [-73.5841003, -53.4517299]]], [[[-73.5871714, -53.4414743], [-73.5940218, -53.4383684], [-73.5857874, -53.439998], [-73.5871714, -53.4414743]]], [[[-73.6413628, -53.4330379], [-73.6440074, -53.4319832], [-73.6364436, -53.4311555], [-73.6413628, -53.4330379]]], [[[-73.6140673, -53.4313233], [-73.6211041, -53.431404], [-73.6154473, -53.4267127], [-73.6140673, -53.4313233]]], [[[-73.6125827, -53.4216493], [-73.608157, -53.4236952], [-73.6102438, -53.4249675], [-73.6125827, -53.4216493]]], [[[-73.6721921, -53.4154407], [-73.6862147, -53.3963809], [-73.6691505, -53.3898839], [-73.6220402, -53.4031584], [-73.6270452, -53.4280808], [-73.6451501, -53.4266648], [-73.6302853, -53.417642], [-73.6721921, -53.4154407]]], [[[-73.5590136, -53.3810885], [-73.532213, -53.3850177], [-73.5405493, -53.3932077], [-73.5590136, -53.3810885]]], [[[-73.6040425, -53.384557], [-73.6126792, -53.4015433], [-73.6996472, -53.3672247], [-73.674472, -53.3629097], [-73.6640865, -53.3769926], [-73.6350757, -53.3898616], [-73.6367655, -53.3756965], [-73.617475, -53.3766598], [-73.6222306, -53.3658899], [-73.5887003, -53.3796326], [-73.6040425, -53.384557]]], [[[-73.6584055, -53.3745252], [-73.6507827, -53.3715536], [-73.6455685, -53.3778998], [-73.6584055, -53.3745252]]], [[[-73.6294672, -53.3719329], [-73.6317202, -53.3712816], [-73.6287189, -53.3676216], [-73.6294672, -53.3719329]]], [[[-73.61431, -53.3347171], [-73.6149028, -53.3313743], [-73.6065289, -53.3320311], [-73.61431, -53.3347171]]], [[[-73.6476231, -53.3250468], [-73.6498788, -53.3155282], [-73.6443803, -53.3187713], [-73.6476231, -53.3250468]]], [[[-73.6151147, -53.3158711], [-73.6093319, -53.3206843], [-73.6123735, -53.324515], [-73.6151147, -53.3158711]]], [[[-73.6297596, -53.3202069], [-73.6361003, -53.315916], [-73.635022, -53.3157493], [-73.6297596, -53.3202069]]], [[[-73.6311489, -53.3107593], [-73.623907, -53.3125317], [-73.6184835, -53.3211009], [-73.6240626, -53.322953], [-73.6311489, -53.3107593]]], [[[-73.6242583, -53.3005081], [-73.6185962, -53.3043871], [-73.6243522, -53.3039735], [-73.6242583, -53.3005081]]], [[[-73.6122823, -53.2996906], [-73.6145139, -53.3021944], [-73.6241055, -53.2991681], [-73.6122823, -53.2996906]]], [[[-73.6304341, -53.2905471], [-73.6263035, -53.2933496], [-73.6404978, -53.2928943], [-73.6304341, -53.2905471]]], [[[-73.6530076, -53.27845], [-73.6479007, -53.2843643], [-73.6559366, -53.2790979], [-73.6530076, -53.27845]]], [[[-73.6114186, -53.2749858], [-73.6133364, -53.2809951], [-73.6185681, -53.2799904], [-73.6114186, -53.2749858]]], [[[-73.6312174, -53.2564351], [-73.6250912, -53.2560436], [-73.6225914, -53.2578471], [-73.6312174, -53.2564351]]], [[[-73.6527649, -53.2456577], [-73.6485484, -53.247436], [-73.6499539, -53.2495352], [-73.6527649, -53.2456577]]], [[[-73.6093372, -53.2433461], [-73.617762, -53.2419127], [-73.6102653, -53.2406254], [-73.6093372, -53.2433461]]], [[[-73.61269, -53.2537746], [-73.6316317, -53.2526577], [-73.6393431, -53.2397441], [-73.6508632, -53.2422402], [-73.6475828, -53.2465577], [-73.6539128, -53.2402273], [-73.6612219, -53.2445515], [-73.6568418, -53.247625], [-73.6764139, -53.2422097], [-73.6797747, -53.2213412], [-73.644155, -53.2344835], [-73.6420105, -53.2291347], [-73.61269, -53.2537746]]], [[[-73.618902, -53.2341656], [-73.6220992, -53.2359508], [-73.6240035, -53.2332281], [-73.618902, -53.2341656]]], [[[-73.6296684, -53.2360343], [-73.6333966, -53.2289653], [-73.6268923, -53.2299223], [-73.6296684, -53.2360343]]], [[[-73.6664495, -53.2213171], [-73.6607873, -53.2241081], [-73.6737639, -53.2214359], [-73.6664495, -53.2213171]]], [[[-73.6676431, -53.2181983], [-73.6750031, -53.2210505], [-73.6817756, -53.2184601], [-73.6676431, -53.2181983]]], [[[-73.6802387, -53.2056888], [-73.6754, -53.2079603], [-73.6872607, -53.2067008], [-73.6802387, -53.2056888]]], [[[-73.6531001, -53.1046725], [-73.6551172, -53.1124623], [-73.660503, -53.1055244], [-73.6531001, -53.1046725]]], [[[-73.6638558, -53.0815653], [-73.6646766, -53.080373], [-73.6618281, -53.0784557], [-73.6638558, -53.0815653]]], [[[-73.6525852, -53.0774921], [-73.6558467, -53.0822033], [-73.6595589, -53.0802796], [-73.6588427, -53.0782768], [-73.6525852, -53.0774921]]], [[[-73.656756, -53.0738488], [-73.6496857, -53.0751235], [-73.6512092, -53.0757777], [-73.656756, -53.0738488]]], [[[-73.532209, -52.9698167], [-73.579326, -53.0001806], [-73.5947453, -52.9871174], [-73.5557681, -52.9674478], [-73.5870105, -52.9650803], [-73.5820001, -52.9530569], [-73.5693562, -52.9484294], [-73.5722597, -52.9416387], [-73.5594642, -52.948987], [-73.5600006, -52.938641], [-73.5474667, -52.9367578], [-73.555457, -52.9314714], [-73.5201564, -52.9385522], [-73.482863, -52.9585548], [-73.4802049, -52.9710799], [-73.499191, -52.9741859], [-73.5059139, -52.9649479], [-73.5264154, -52.9702141], [-73.5369739, -52.9614534], [-73.532209, -52.9698167]]], [[[-73.5535526, -52.9308893], [-73.561728, -52.9290462], [-73.5567284, -52.9276686], [-73.5535526, -52.9308893]]], [[[-73.5668618, -52.9281213], [-73.5635197, -52.925683], [-73.5564119, -52.9272773], [-73.5668618, -52.9281213]]], [[[-73.6598446, -52.9244171], [-73.6792946, -52.9222807], [-73.6558832, -52.9226962], [-73.6598446, -52.9244171]]], [[[-73.5696352, -52.9243118], [-73.5639435, -52.9207833], [-73.5591584, -52.9247613], [-73.5696352, -52.9243118]]], [[[-73.5871473, -52.9027531], [-73.5871875, -52.9025282], [-73.5795701, -52.9044615], [-73.5871473, -52.9027531]]], [[[-73.6753947, -52.8756574], [-73.6470062, -52.8794874], [-73.6892831, -52.8625266], [-73.6617073, -52.8656324], [-73.6736298, -52.8584684], [-73.6464027, -52.8589866], [-73.6102626, -52.8791976], [-73.6019826, -52.8747249], [-73.5646033, -52.8885997], [-73.6269486, -52.850746], [-73.621096, -52.8374943], [-73.6043483, -52.8404528], [-73.6042571, -52.8324647], [-73.5871446, -52.8378021], [-73.5859859, -52.8512028], [-73.5516107, -52.8623809], [-73.5017753, -52.8650017], [-73.4261933, -52.8920547], [-73.414928, -52.8929577], [-73.4251003, -52.8876222], [-73.4238383, -52.8806051], [-73.4062162, -52.8805185], [-73.3719684, -52.9043313], [-73.3627886, -52.9005658], [-73.3553505, -52.9043632], [-73.3593245, -52.9081968], [-73.3454964, -52.909228], [-73.3293629, -52.9267922], [-73.3664355, -52.9092675], [-73.37392, -52.91225], [-73.3359498, -52.9374784], [-73.353681, -52.9377771], [-73.3416056, -52.9413929], [-73.3791088, -52.952212], [-73.3591184, -52.9591442], [-73.3651998, -52.9601838], [-73.3607276, -52.9655256], [-73.4102479, -52.9727593], [-73.4770101, -52.9577999], [-73.4967971, -52.945787], [-73.4780484, -52.9306145], [-73.4868729, -52.9278044], [-73.4671748, -52.9270525], [-73.4705061, -52.9226931], [-73.4085725, -52.9395245], [-73.4118649, -52.9328262], [-73.4780002, -52.9062637], [-73.4808219, -52.913017], [-73.4549895, -52.9205407], [-73.5242388, -52.9141379], [-73.5272187, -52.9016449], [-73.5143629, -52.901797], [-73.5386798, -52.8945823], [-73.5490009, -52.8978427], [-73.5462329, -52.9123183], [-73.5352707, -52.9179596], [-73.5814798, -52.9074106], [-73.5778454, -52.9053011], [-73.5846368, -52.900171], [-73.6116681, -52.8912248], [-73.6252105, -52.8987035], [-73.6135268, -52.9113348], [-73.6258274, -52.9029456], [-73.6520648, -52.9201397], [-73.6566675, -52.911309], [-73.6911124, -52.9175877], [-73.6816442, -52.9073621], [-73.6981586, -52.9124541], [-73.7071279, -52.905505], [-73.7030348, -52.9111035], [-73.7198898, -52.9092385], [-73.7217674, -52.9147946], [-73.7125446, -52.917996], [-73.7188894, -52.9223907], [-73.7632906, -52.9220576], [-73.7720293, -52.9298465], [-73.7998653, -52.9249262], [-73.7879723, -52.917937], [-73.7904264, -52.9129498], [-73.76766, -52.9100246], [-73.7811542, -52.9060356], [-73.7706959, -52.8995457], [-73.7502994, -52.9129491], [-73.7284327, -52.9142139], [-73.7408996, -52.9033922], [-73.726936, -52.8998814], [-73.7338829, -52.8825175], [-73.755464, -52.8804424], [-73.7361199, -52.8662282], [-73.669011, -52.8711632], [-73.6753947, -52.8756574]]], [[[-73.6333644, -52.8619663], [-73.6357784, -52.8599583], [-73.622464, -52.8647321], [-73.6333644, -52.8619663]]], [[[-73.5554624, -52.8580829], [-73.5455918, -52.8588635], [-73.5559183, -52.8599129], [-73.5554624, -52.8580829]]], [[[-73.6602617, -52.8569525], [-73.6498547, -52.8581315], [-73.6607766, -52.8577558], [-73.6602617, -52.8569525]]], [[[-73.5488212, -52.856227], [-73.5503286, -52.8580667], [-73.5563421, -52.8554334], [-73.5488212, -52.856227]]], [[[-73.6606693, -52.8542057], [-73.6567748, -52.8528128], [-73.6453056, -52.8562043], [-73.6606693, -52.8542057]]], [[[-73.552056, -52.8509274], [-73.5343212, -52.854643], [-73.547051, -52.8545491], [-73.552056, -52.8509274]]], [[[-73.5614276, -52.8441887], [-73.5724676, -52.8401125], [-73.5572326, -52.8420275], [-73.5614276, -52.8441887]]], [[[-73.5680366, -52.8385766], [-73.5723817, -52.8360879], [-73.557702, -52.8375072], [-73.5680366, -52.8385766]]], [[[-73.3455527, -54.1638913], [-73.3384073, -54.1593307], [-73.3377662, -54.1682079], [-73.3455527, -54.1638913]]], [[[-73.3746278, -53.9254156], [-73.3807594, -53.9235962], [-73.3730722, -53.9245154], [-73.3746278, -53.9254156]]], [[[-73.3277857, -53.8992749], [-73.3442277, -53.9123868], [-73.3573812, -53.9146397], [-73.3447588, -53.9083169], [-73.3504558, -53.904079], [-73.3277857, -53.8992749]]], [[[-73.3642531, -53.8555832], [-73.3570594, -53.8569026], [-73.3615655, -53.8586554], [-73.3642531, -53.8555832]]], [[[-73.3714843, -53.8505141], [-73.3600152, -53.8497609], [-73.3609057, -53.8507862], [-73.3714843, -53.8505141]]], [[[-73.3644891, -53.8481407], [-73.3670104, -53.8468115], [-73.3555305, -53.8462545], [-73.3644891, -53.8481407]]], [[[-73.3523977, -53.8420578], [-73.3552784, -53.8420009], [-73.3471942, -53.8406715], [-73.3523977, -53.8420578]]], [[[-73.3681422, -53.8411051], [-73.3289123, -53.8229776], [-73.3449948, -53.8381646], [-73.3681422, -53.8411051]]], [[[-73.3506274, -53.8309279], [-73.362118, -53.8332517], [-73.3479667, -53.8287814], [-73.3506274, -53.8309279]]], [[[-73.3724284, -53.8203841], [-73.3813441, -53.8278126], [-73.3927274, -53.829288], [-73.3868051, -53.8229681], [-73.3724284, -53.8203841]]], [[[-73.3749175, -53.8251466], [-73.3629012, -53.8228857], [-73.3679652, -53.8261155], [-73.3749175, -53.8251466]]], [[[-73.3541465, -53.7841254], [-73.3658195, -53.7839732], [-73.3654493, -53.7828576], [-73.3541465, -53.7841254]]], [[[-73.4305143, -53.7811745], [-73.4215343, -53.7811428], [-73.4235728, -53.7827783], [-73.4305143, -53.7811745]]], [[[-73.3563915, -53.7808243], [-73.4074956, -53.7780317], [-73.3991379, -53.7728026], [-73.406294, -53.7706308], [-73.3902007, -53.7686366], [-73.3939102, -53.7732353], [-73.3563915, -53.7808243]]], [[[-73.4423268, -53.7733986], [-73.4348075, -53.7715232], [-73.4277463, -53.774822], [-73.4323973, -53.7771425], [-73.4423268, -53.7733986]]], [[[-73.3379674, -53.7634301], [-73.3535671, -53.765209], [-73.3559865, -53.7638423], [-73.3379674, -53.7634301]]], [[[-73.5053051, -53.763503], [-73.5165811, -53.7649204], [-73.5153472, -53.7619888], [-73.5053051, -53.763503]]], [[[-73.359822, -53.7617145], [-73.3662218, -53.7618318], [-73.3582985, -53.7606775], [-73.359822, -53.7617145]]], [[[-73.5379368, -53.7647428], [-73.5224551, -53.7541031], [-73.5105354, -53.7599767], [-73.5309599, -53.7651599], [-73.5379368, -53.7647428]]], [[[-73.5185391, -53.7539255], [-73.5186625, -53.7495451], [-73.5113561, -53.7557111], [-73.5185391, -53.7539255]]], [[[-73.4787673, -53.7349923], [-73.4789175, -53.7480193], [-73.5190004, -53.7407512], [-73.501212, -53.7327139], [-73.4787673, -53.7349923]]], [[[-73.431614, -53.7400405], [-73.4323114, -53.7369818], [-73.4274674, -53.7366137], [-73.431614, -53.7400405]]], [[[-73.5128474, -53.7089516], [-73.502419, -53.7065003], [-73.5093874, -53.6967382], [-73.4816694, -53.7050618], [-73.4563172, -53.6865673], [-73.435632, -53.6820814], [-73.4237981, -53.6879396], [-73.4514892, -53.7119615], [-73.4755808, -53.7065066], [-73.4713215, -53.7114979], [-73.4821737, -53.7127933], [-73.4751731, -53.7205868], [-73.4976393, -53.7282741], [-73.5161358, -53.7208598], [-73.5066676, -53.7210058], [-73.5128474, -53.7089516]]], [[[-73.3521724, -53.6912846], [-73.3541411, -53.6875521], [-73.3391851, -53.685376], [-73.3521724, -53.6912846]]], [[[-73.4606892, -53.6798414], [-73.4616119, -53.6861194], [-73.4753501, -53.6943688], [-73.4781021, -53.684372], [-73.4606892, -53.6798414]]], [[[-73.5255933, -53.6812823], [-73.5192257, -53.6799558], [-73.5125685, -53.6833824], [-73.5255933, -53.6812823]]], [[[-73.4565854, -53.6809249], [-73.4607267, -53.6790439], [-73.4557486, -53.6787611], [-73.4565854, -53.6809249]]], [[[-73.3666456, -53.6766386], [-73.3865583, -53.6788755], [-73.3919442, -53.6797683], [-73.3847398, -53.6743761], [-73.3666456, -53.6766386]]], [[[-73.4064978, -53.676718], [-73.4070933, -53.6749258], [-73.3968955, -53.6748591], [-73.4064978, -53.676718]]], [[[-73.5019255, -53.6770643], [-73.5171068, -53.6769658], [-73.5027623, -53.6736293], [-73.5019255, -53.6770643]]], [[[-73.4691811, -53.6769086], [-73.4642029, -53.6705308], [-73.4485897, -53.6744174], [-73.4691811, -53.6769086]]], [[[-73.3940417, -53.6677436], [-73.3914158, -53.6686749], [-73.3956456, -53.6699365], [-73.3940417, -53.6677436]]], [[[-73.4000444, -53.6644127], [-73.4099472, -53.6730033], [-73.4202254, -53.6727077], [-73.4077531, -53.662086], [-73.4000444, -53.6644127]]], [[[-73.4918082, -53.6583858], [-73.4830374, -53.6645684], [-73.4919584, -53.6694439], [-73.4918082, -53.6583858]]], [[[-73.4351063, -53.662639], [-73.4199733, -53.6603233], [-73.4210596, -53.662968], [-73.4351063, -53.662639]]], [[[-73.5247082, -53.6581633], [-73.5294128, -53.6589326], [-73.5256845, -53.6563735], [-73.5247082, -53.6581633]]], [[[-73.404277, -53.6571905], [-73.3789623, -53.6438333], [-73.373512, -53.6544883], [-73.3785921, -53.6556964], [-73.3686948, -53.6591774], [-73.3763015, -53.6638533], [-73.3634591, -53.6601851], [-73.3561635, -53.6700764], [-73.3780289, -53.6714048], [-73.3757544, -53.6651119], [-73.3924484, -53.6664914], [-73.3902598, -53.6600833], [-73.404277, -53.6571905]]], [[[-73.5219991, -53.6525648], [-73.5146391, -53.6538747], [-73.5188609, -53.6555692], [-73.5219991, -53.6525648]]], [[[-73.4904617, -53.6549588], [-73.4907299, -53.6528128], [-73.4857571, -53.6533946], [-73.4904617, -53.6549588]]], [[[-73.5326314, -53.6511436], [-73.5260761, -53.651824], [-73.5276854, -53.6553721], [-73.5326314, -53.6511436]]], [[[-73.4274674, -53.6532738], [-73.4136272, -53.6476587], [-73.4349239, -53.6475442], [-73.4246457, -53.6412478], [-73.4026355, -53.6438651], [-73.4152472, -53.6551686], [-73.4274674, -53.6532738]]], [[[-73.4947801, -53.6435821], [-73.485167, -53.6429206], [-73.4903866, -53.6436139], [-73.4947801, -53.6435821]]], [[[-73.5032907, -53.6388992], [-73.5021213, -53.6409075], [-73.5081804, -53.6402619], [-73.5032907, -53.6388992]]], [[[-73.3689496, -53.6401713], [-73.3685499, -53.6356789], [-73.3547983, -53.6429492], [-73.3689496, -53.6401713]]], [[[-73.3961982, -53.6360351], [-73.3874649, -53.6293584], [-73.369714, -53.6348614], [-73.3961982, -53.6360351]]], [[[-73.4053499, -53.6295302], [-73.3983117, -53.6289958], [-73.4013695, -53.6314301], [-73.4053499, -53.6295302]]], [[[-73.4947076, -53.6292439], [-73.4973389, -53.6250621], [-73.4920496, -53.6249825], [-73.4947076, -53.6292439]]], [[[-73.2782614, -53.637724], [-73.2921633, -53.6475299], [-73.31909, -53.6424118], [-73.3536852, -53.6257445], [-73.3570916, -53.6210771], [-73.348707, -53.6196103], [-73.3738929, -53.6059706], [-73.3465585, -53.6349632], [-73.3574188, -53.6385573], [-73.3856463, -53.6216451], [-73.4181815, -53.6257811], [-73.4055993, -53.6273002], [-73.4151453, -53.6291644], [-73.4136379, -53.6354848], [-73.4773511, -53.6429524], [-73.4707207, -53.6372533], [-73.4860301, -53.63189], [-73.4732688, -53.624771], [-73.4636369, -53.6306595], [-73.464632, -53.6245324], [-73.4301978, -53.6259131], [-73.4239322, -53.6129851], [-73.4639615, -53.6194767], [-73.4287924, -53.6108593], [-73.4321022, -53.6025011], [-73.4077478, -53.5888877], [-73.3501661, -53.6086951], [-73.3163381, -53.6115594], [-73.3045364, -53.6177902], [-73.3132696, -53.6208258], [-73.2920373, -53.624141], [-73.2782614, -53.637724]]], [[[-73.5282433, -53.6110661], [-73.5244668, -53.611989], [-73.5249603, -53.6132811], [-73.5282433, -53.6110661]]], [[[-73.5136682, -53.6103628], [-73.5303891, -53.6027112], [-73.5187268, -53.6058624], [-73.5136682, -53.6103628]]], [[[-73.5304534, -53.5950869], [-73.5267037, -53.5899019], [-73.5387093, -53.5871571], [-73.5194376, -53.5769215], [-73.5032961, -53.5871842], [-73.5070807, -53.5998972], [-73.5304534, -53.5950869]]], [[[-73.4065233, -53.5872319], [-73.4121305, -53.5847035], [-73.4010825, -53.5867312], [-73.4065233, -53.5872319]]], [[[-73.524625, -53.5750008], [-73.5338491, -53.5709076], [-73.5184076, -53.5748416], [-73.524625, -53.5750008]]], [[[-73.4010986, -53.4613683], [-73.3890313, -53.4611511], [-73.3928239, -53.4643671], [-73.4010986, -53.4613683]]], [[[-73.5262987, -53.4609994], [-73.5156128, -53.457403], [-73.5106641, -53.4581376], [-73.5262987, -53.4609994]]], [[[-73.3339736, -53.4362361], [-73.3214859, -53.4418577], [-73.3343571, -53.4480561], [-73.3291, -53.456111], [-73.3390752, -53.4613395], [-73.3846191, -53.4527186], [-73.3663049, -53.439073], [-73.3794773, -53.4360899], [-73.36625, -53.4269293], [-73.368035, -53.4327151], [-73.3517888, -53.4327439], [-73.3473296, -53.4407673], [-73.3339736, -53.4362361]]], [[[-73.515704, -53.3988247], [-73.5250032, -53.3975612], [-73.509838, -53.3937707], [-73.515704, -53.3988247]]], [[[-73.3576763, -53.3577939], [-73.3104432, -53.3815981], [-73.3473605, -53.3863151], [-73.3609298, -53.3784262], [-73.3515045, -53.3780294], [-73.3832163, -53.3701246], [-73.3576763, -53.3577939]]], [[[-73.348774, -53.3559898], [-73.3414945, -53.3613395], [-73.3594492, -53.3547443], [-73.3948986, -53.3583205], [-73.3987302, -53.3533339], [-73.3871356, -53.3482954], [-73.348774, -53.3559898]]], [[[-73.396343, -53.3455781], [-73.4156388, -53.3554887], [-73.4223604, -53.3435029], [-73.396343, -53.3455781]]], [[[-73.3797951, -53.3406524], [-73.370178, -53.3454468], [-73.3767253, -53.345876], [-73.3797951, -53.3406524]]], [[[-73.4099043, -53.3391182], [-73.4101148, -53.325674], [-73.3845426, -53.3405619], [-73.4099043, -53.3391182]]], [[[-73.4786305, -53.3179734], [-73.4833083, -53.3178195], [-73.4814415, -53.315807], [-73.4786305, -53.3179734]]], [[[-73.376897, -53.1975752], [-73.3710229, -53.1962672], [-73.3667958, -53.1978548], [-73.376897, -53.1975752]]], [[[-73.5254793, -53.1196914], [-73.5033524, -53.1206789], [-73.5160352, -53.1257749], [-73.5016968, -53.1269441], [-73.5051958, -53.1311092], [-73.4866449, -53.1282615], [-73.5168989, -53.1498935], [-73.5163571, -53.1278865], [-73.5254793, -53.1196914]]], [[[-73.4428418, -53.0523258], [-73.4367371, -53.0515262], [-73.4455986, -53.0535834], [-73.4428418, -53.0523258]]], [[[-73.4354239, -53.0497688], [-73.4468641, -53.0469026], [-73.4466066, -53.0466833], [-73.4354239, -53.0497688]]], [[[-73.4396871, -53.0402776], [-73.4654342, -53.0277975], [-73.4424873, -53.031194], [-73.4305032, -53.0485209], [-73.4450622, -53.0452638], [-73.4396871, -53.0402776]]], [[[-73.4574009, -53.0263997], [-73.462922, -53.0271676], [-73.4681405, -53.0247542], [-73.4652652, -53.0259545], [-73.4574009, -53.0263997]]], [[[-73.4795233, -53.0147705], [-73.5017604, -53.0090639], [-73.4879132, -53.0098583], [-73.4996398, -53.0069856], [-73.4901019, -53.0048487], [-73.4795233, -53.0147705]]], [[[-73.4848776, -53.0025439], [-73.4764158, -53.0005372], [-73.4733688, -53.0034362], [-73.4848776, -53.0025439]]], [[[-73.5018677, -52.9997348], [-73.4955162, -53.0018139], [-73.4974045, -53.0036152], [-73.5018677, -52.9997348]]], [[[-73.4081766, -53.0017947], [-73.3972493, -53.0010487], [-73.4022865, -53.0016075], [-73.4081766, -53.0017947]]], [[[-73.5029536, -52.9990747], [-73.5016838, -53.0021789], [-73.5123215, -52.9960546], [-73.5029536, -52.9990747]]], [[[-73.3977404, -52.9954701], [-73.4298223, -53.0044934], [-73.4368765, -52.999936], [-73.4218025, -52.9936232], [-73.3977404, -52.9954701]]], [[[-73.4649432, -52.9926642], [-73.464058, -52.9976365], [-73.4887746, -52.9945951], [-73.4649432, -52.9926642]]], [[[-73.3971369, -52.9952957], [-73.3985907, -52.9944272], [-73.3903134, -52.995772], [-73.3971369, -52.9952957]]], [[[-73.3917116, -52.9930666], [-73.3809763, -52.993022], [-73.3763543, -52.9964597], [-73.3917116, -52.9930666]]], [[[-73.4185624, -52.9873378], [-73.4501696, -52.9909658], [-73.4355193, -52.9838322], [-73.4185624, -52.9873378]]], [[[-73.4828845, -52.9741666], [-73.4810552, -52.9730957], [-73.477056, -52.9751615], [-73.4828845, -52.9741666]]], [[[-73.4718244, -52.9717232], [-73.4605933, -52.9727763], [-73.4679848, -52.9732136], [-73.4718244, -52.9717232]]], [[[-73.4726612, -52.9642871], [-73.4622234, -52.967766], [-73.466515, -52.967917], [-73.4726612, -52.9642871]]], [[[-73.4564674, -52.9216145], [-73.4475893, -52.9239625], [-73.461062, -52.9226397], [-73.4564674, -52.9216145]]], [[[-73.3615708, -52.8879523], [-73.3651972, -52.8906857], [-73.3665437, -52.8868712], [-73.3615708, -52.8879523]]], [[[-73.3694539, -52.884942], [-73.3669996, -52.8863776], [-73.3729219, -52.8910466], [-73.3694539, -52.884942]]], [[[-73.437193, -52.79873], [-73.4417421, -52.8000631], [-73.4390169, -52.7971018], [-73.437193, -52.79873]]], [[[-73.4177256, -52.8153105], [-73.4411413, -52.8011917], [-73.4357554, -52.8004101], [-73.4304446, -52.7936538], [-73.4625131, -52.7744885], [-73.4350848, -52.7757508], [-73.397668, -52.7973743], [-73.4177256, -52.8153105]]], [[[-73.4450036, -52.7966769], [-73.4918833, -52.791714], [-73.4848398, -52.7885932], [-73.4967381, -52.7813061], [-73.5156691, -52.78324], [-73.4847099, -52.77381], [-73.4638274, -52.7842977], [-73.4670568, -52.7931056], [-73.4504002, -52.7902087], [-73.4450036, -52.7966769]]], [[[-73.3318774, -54.1637138], [-73.3022001, -54.1662138], [-73.3169818, -54.1803688], [-73.3318774, -54.1637138]]], [[[-73.2690507, -54.1616896], [-73.2577533, -54.1610897], [-73.2594135, -54.1637154], [-73.2690507, -54.1616896]]], [[[-73.2971764, -54.0631975], [-73.3102226, -54.0644002], [-73.3159626, -54.0751973], [-73.3032596, -54.0676742], [-73.2771503, -54.0779437], [-73.29228, -54.0598838], [-73.289457, -54.0325907], [-73.2672644, -54.0331957], [-73.2734469, -54.0460702], [-73.2567072, -54.049922], [-73.2491326, -54.0432449], [-73.23677, -54.0495538], [-73.241322, -54.0584417], [-73.2323623, -54.0652407], [-73.2519329, -54.0641672], [-73.2344127, -54.067945], [-73.2341659, -54.0789772], [-73.2428348, -54.087848], [-73.2368696, -54.091976], [-73.2523402, -54.0954843], [-73.229633, -54.1023287], [-73.2332486, -54.0909818], [-73.2194781, -54.0852143], [-73.2155621, -54.0694245], [-73.1877959, -54.0628481], [-73.195011, -54.0778473], [-73.1903359, -54.0859506], [-73.2063997, -54.0904658], [-73.1899148, -54.0945872], [-73.1949627, -54.1020141], [-73.2258725, -54.1004257], [-73.2008529, -54.1096127], [-73.2114543, -54.1160929], [-73.2055897, -54.1246155], [-73.2136041, -54.1336981], [-73.2306469, -54.1288074], [-73.2337046, -54.1071361], [-73.2433015, -54.1204452], [-73.2658079, -54.1136394], [-73.2871664, -54.0875271], [-73.2906693, -54.0980507], [-73.3001214, -54.0970787], [-73.2832718, -54.1108612], [-73.2945263, -54.112358], [-73.2711482, -54.1204326], [-73.2794309, -54.1298918], [-73.2698447, -54.1378718], [-73.2851064, -54.1493536], [-73.2932389, -54.1367876], [-73.3077275, -54.1473722], [-73.316381, -54.1393237], [-73.364827, -54.137039], [-73.3386594, -54.1042017], [-73.3202916, -54.109836], [-73.3299181, -54.0994647], [-73.3252618, -54.0966304], [-73.3443189, -54.0950968], [-73.3636951, -54.0785979], [-73.361308, -54.0687965], [-73.3788925, -54.0704743], [-73.4099042, -54.0924322], [-73.4177148, -54.0830273], [-73.4094751, -54.0794681], [-73.4163255, -54.0756159], [-73.4568214, -54.0757386], [-73.4772599, -54.0859978], [-73.4865511, -54.0736959], [-73.4594715, -54.0735417], [-73.4518701, -54.0595075], [-73.4379548, -54.056406], [-73.4398726, -54.0457001], [-73.4287334, -54.0466403], [-73.4340146, -54.043037], [-73.42574, -54.0411187], [-73.4230927, -54.0282268], [-73.3998191, -54.0410683], [-73.3983547, -54.0280157], [-73.4082574, -54.0180889], [-73.3866683, -54.0050937], [-73.3902222, -54.0004022], [-73.3441519, -54.0021245], [-73.3707038, -54.0226477], [-73.3662955, -54.0302222], [-73.3623782, -54.0215966], [-73.3519685, -54.0257454], [-73.358902, -54.0184372], [-73.3388525, -54.0216912], [-73.3470333, -54.0166359], [-73.3363313, -54.0091101], [-73.3223784, -54.0098147], [-73.3234245, -54.0183426], [-73.3148266, -54.0114011], [-73.3061671, -54.0278582], [-73.3169925, -54.0303978], [-73.3153886, -54.0397421], [-73.3253288, -54.0450592], [-73.3034098, -54.0384127], [-73.2971764, -54.0631975]]], [[[-73.1969531, -54.0048434], [-73.1976953, -54.0039497], [-73.1824699, -54.0033074], [-73.1969531, -54.0048434]]], [[[-73.1947586, -53.9998767], [-73.1970442, -54.001461], [-73.203983, -53.998485], [-73.1947586, -53.9998767]]], [[[-73.1810421, -53.9509276], [-73.2244778, -53.9652761], [-73.2443905, -53.9574365], [-73.2118392, -53.9489829], [-73.2184696, -53.9422075], [-73.2129121, -53.9401171], [-73.2544756, -53.9541664], [-73.2267845, -53.9353677], [-73.2676104, -53.9500294], [-73.2432103, -53.9343382], [-73.2516325, -53.9296198], [-73.2701719, -53.9475559], [-73.2604408, -53.9379509], [-73.2782722, -53.9454722], [-73.2809544, -53.9388067], [-73.2609773, -53.9319601], [-73.2701451, -53.9292218], [-73.2588717, -53.9219266], [-73.285321, -53.9339403], [-73.2605159, -53.9204561], [-73.1939167, -53.9199506], [-73.1925541, -53.9278731], [-73.2023227, -53.9322033], [-73.1812942, -53.9288112], [-73.179245, -53.949065], [-73.1934393, -53.9508013], [-73.1810421, -53.9509276]]], [[[-73.2949716, -53.9388888], [-73.2850796, -53.9329265], [-73.2871771, -53.9385509], [-73.2949716, -53.9388888]]], [[[-73.2905459, -53.9344361], [-73.2877189, -53.9309968], [-73.2818556, -53.9307694], [-73.2905459, -53.9344361]]], [[[-73.2816985, -53.9234523], [-73.3048086, -53.9379463], [-73.3016312, -53.9291021], [-73.2816985, -53.9234523]]], [[[-73.2571149, -53.9179255], [-73.2672563, -53.918431], [-73.2605535, -53.9170504], [-73.2571149, -53.9179255]]], [[[-73.3102334, -53.9151578], [-73.3202112, -53.9162574], [-73.3062744, -53.9121309], [-73.3102334, -53.9151578]]], [[[-73.3015215, -53.9073783], [-73.3151633, -53.9092143], [-73.2997001, -53.9022399], [-73.3015215, -53.9073783]]], [[[-73.2882822, -53.9056054], [-73.2800263, -53.9042686], [-73.2823491, -53.9063165], [-73.2882822, -53.9056054]]], [[[-73.3032489, -53.9008363], [-73.2980132, -53.9002295], [-73.3215898, -53.909385], [-73.3032489, -53.9008363]]], [[[-73.3138812, -53.9043698], [-73.3176953, -53.9059088], [-73.3071756, -53.9010007], [-73.3138812, -53.9043698]]], [[[-73.2121584, -53.9003148], [-73.2194191, -53.9028686], [-73.2207871, -53.9011445], [-73.2121584, -53.9003148]]], [[[-73.3153188, -53.8985005], [-73.3199349, -53.9012346], [-73.314667, -53.9014479], [-73.3250445, -53.9024166], [-73.3153188, -53.8985005]]], [[[-73.3165848, -53.8968853], [-73.3047026, -53.8951879], [-73.307991, -53.8990932], [-73.3165848, -53.8968853]]], [[[-73.3349955, -53.8939329], [-73.3224911, -53.8929846], [-73.3249104, -53.893797], [-73.3349955, -53.8939329]]], [[[-73.2277621, -53.8937559], [-73.2573576, -53.8937172], [-73.2382643, -53.8849922], [-73.2097954, -53.8971825], [-73.2304242, -53.9013515], [-73.2277621, -53.8937559]]], [[[-73.2700887, -53.8793037], [-73.2651428, -53.8914497], [-73.2859178, -53.900363], [-73.2772127, -53.8935157], [-73.28376, -53.8930415], [-73.2775667, -53.8813718], [-73.2700887, -53.8793037]]], [[[-73.3378977, -53.8864308], [-73.3239073, -53.8860767], [-73.3240467, -53.8873983], [-73.3378977, -53.8864308]]], [[[-73.2622272, -53.889428], [-73.256911, -53.8849069], [-73.2614708, -53.8778902], [-73.241027, -53.8799393], [-73.2622272, -53.889428]]], [[[-73.3263977, -53.8627088], [-73.2748014, -53.8803662], [-73.2842562, -53.8831156], [-73.2962644, -53.899158], [-73.3060759, -53.8919129], [-73.288765, -53.8813907], [-73.3106665, -53.8895332], [-73.3165312, -53.8821212], [-73.3086884, -53.8748067], [-73.3458625, -53.8736626], [-73.3319043, -53.8667279], [-73.3433251, -53.8656468], [-73.3263977, -53.8627088]]], [[[-73.2219458, -53.8761002], [-73.2114959, -53.8737978], [-73.2137168, -53.8763785], [-73.2219458, -53.8761002]]], [[[-73.2503316, -53.8751546], [-73.2531506, -53.8741204], [-73.2451442, -53.8742881], [-73.2503316, -53.8751546]]], [[[-73.2483494, -53.8716061], [-73.2393909, -53.8706714], [-73.2419792, -53.8725422], [-73.2483494, -53.8716061]]], [[[-73.2630265, -53.8670228], [-73.2593304, -53.8705971], [-73.2653654, -53.8721216], [-73.2630265, -53.8670228]]], [[[-73.2758716, -53.8382469], [-73.2706198, -53.8381124], [-73.283025, -53.8393643], [-73.2758716, -53.8382469]]], [[[-73.3310795, -53.834176], [-73.3372808, -53.8358981], [-73.3328819, -53.8305797], [-73.3310795, -53.834176]]], [[[-73.3139134, -53.8296805], [-73.2914163, -53.8263521], [-73.3048904, -53.8392123], [-73.3235908, -53.839627], [-73.3139134, -53.8296805]]], [[[-73.3230972, -53.8180343], [-73.3119714, -53.8136955], [-73.3138812, -53.8161595], [-73.3230972, -53.8180343]]], [[[-73.2824403, -53.8080574], [-73.2833362, -53.805878], [-73.254481, -53.8004972], [-73.2824403, -53.8080574]]], [[[-73.2501733, -53.8001788], [-73.2467777, -53.8001392], [-73.2595182, -53.8036478], [-73.2501733, -53.8001788]]], [[[-73.2279888, -53.768608], [-73.1910279, -53.7633159], [-73.2043076, -53.7717944], [-73.2279888, -53.768608]]], [[[-73.255991, -53.7530231], [-73.2598776, -53.7516925], [-73.2555351, -53.7503714], [-73.255991, -53.7530231]]], [[[-73.2373041, -53.7421884], [-73.2498622, -53.7434447], [-73.247534, -53.7397549], [-73.2373041, -53.7421884]]], [[[-73.2347506, -53.7417886], [-73.2236248, -53.7380955], [-73.2222194, -53.7396407], [-73.2387686, -53.7431338], [-73.2347506, -53.7417886]]], [[[-73.2881534, -53.7397517], [-73.2333344, -53.735005], [-73.2365853, -53.7374451], [-73.2881534, -53.7397517]]], [[[-73.2327873, -53.7369786], [-73.2257438, -53.7365376], [-73.227514, -53.736912], [-73.2327873, -53.7369786]]], [[[-73.2211599, -53.7340419], [-73.2139206, -53.7313652], [-73.2139072, -53.7338785], [-73.2211599, -53.7340419]]], [[[-73.2630265, -53.7288993], [-73.2725966, -53.732752], [-73.2886469, -53.7339673], [-73.2857545, -53.729453], [-73.2630265, -53.7288993]]], [[[-73.321048, -53.7250908], [-73.3279252, -53.7288898], [-73.3376241, -53.7297404], [-73.3320612, -53.7253638], [-73.321048, -53.7250908]]], [[[-73.212719, -53.7261604], [-73.2162514, -53.7245148], [-73.2099992, -53.7224691], [-73.212719, -53.7261604]]], [[[-73.240909, -53.7303116], [-73.2611489, -53.7265365], [-73.2505247, -53.721428], [-73.2878369, -53.7252971], [-73.2197074, -53.7170585], [-73.1931026, -53.6978721], [-73.2411933, -53.7145997], [-73.2825744, -53.7103907], [-73.2370332, -53.6862941], [-73.2286927, -53.6856604], [-73.2348574, -53.6935416], [-73.2150766, -53.6825961], [-73.1699806, -53.6862385], [-73.1893086, -53.70057], [-73.1808221, -53.6990773], [-73.1841588, -53.7038742], [-73.240909, -53.7303116]]], [[[-73.2743669, -53.6967128], [-73.299923, -53.7118281], [-73.3114135, -53.708761], [-73.2743669, -53.6967128]]], [[[-73.2579812, -53.6860606], [-73.2625906, -53.6898218], [-73.3208576, -53.7003143], [-73.3016047, -53.6934469], [-73.3116623, -53.6913656], [-73.2579812, -53.6860606]]], [[[-73.3329785, -53.685071], [-73.3274049, -53.6866848], [-73.3406496, -53.6908431], [-73.3329785, -53.685071]]], [[[-73.2521367, -53.6855507], [-73.2423681, -53.6842323], [-73.245163, -53.6848994], [-73.2521367, -53.6855507]]], [[[-73.2616746, -53.683527], [-73.2572436, -53.6838097], [-73.2647109, -53.6847914], [-73.2616746, -53.683527]]], [[[-73.2755604, -53.6813252], [-73.2679161, -53.6752706], [-73.2938853, -53.6770357], [-73.2655209, -53.669053], [-73.2202895, -53.6740106], [-73.2755604, -53.6813252]]], [[[-73.3200797, -53.6757758], [-73.3337241, -53.6734577], [-73.3134735, -53.6738835], [-73.3200797, -53.6757758]]], [[[-73.3248782, -53.6677913], [-73.2922947, -53.6656237], [-73.3037344, -53.6701209], [-73.3248782, -53.6677913]]], [[[-73.2518148, -53.6620478], [-73.312127, -53.6611864], [-73.2846451, -53.644288], [-73.2625785, -53.6475077], [-73.2518148, -53.6620478]]], [[[-73.3352262, -53.6616791], [-73.3646876, -53.6459861], [-73.3425808, -53.6464106], [-73.3496297, -53.6407771], [-73.3452737, -53.6361528], [-73.3160216, -53.6499194], [-73.2986248, -53.6491977], [-73.3300549, -53.6522691], [-73.3216167, -53.659632], [-73.3352262, -53.6616791]]], [[[-73.3160108, -53.6044269], [-73.3223033, -53.6068363], [-73.327421, -53.6047165], [-73.3221155, -53.5997699], [-73.3160108, -53.6044269]]], [[[-73.3316293, -53.5944852], [-73.3264366, -53.597586], [-73.3313745, -53.5995534], [-73.3316293, -53.5944852]]], [[[-73.3036485, -53.5922055], [-73.3016382, -53.5934417], [-73.3099115, -53.5939853], [-73.3036485, -53.5922055]]], [[[-73.3349097, -53.5933899], [-73.3443511, -53.5917725], [-73.3450806, -53.5899576], [-73.3349097, -53.5933899]]], [[[-73.3317179, -53.5874453], [-73.3231187, -53.589792], [-73.3258706, -53.5917088], [-73.3317179, -53.5874453]]], [[[-73.3133501, -53.5868466], [-73.3081251, -53.5794519], [-73.2978362, -53.590553], [-73.3133501, -53.5868466]]], [[[-73.3149567, -53.5759309], [-73.3100832, -53.5781206], [-73.3118641, -53.5806208], [-73.3149567, -53.5759309]]], [[[-73.2975358, -53.5724064], [-73.3012694, -53.5759611], [-73.2899398, -53.5835857], [-73.3139885, -53.5738175], [-73.2975358, -53.5724064]]], [[[-73.2428026, -53.5728937], [-73.2687852, -53.5790777], [-73.2751286, -53.5738876], [-73.2428026, -53.5728937]]], [[[-73.3193207, -53.5665288], [-73.3133126, -53.5671278], [-73.318162, -53.5707722], [-73.3193207, -53.5665288]]], [[[-73.2297617, -53.4965476], [-73.2413958, -53.4924476], [-73.2309338, -53.4892185], [-73.2297617, -53.4965476]]], [[[-73.2545346, -53.4886105], [-73.2718805, -53.4794444], [-73.2420851, -53.4876617], [-73.2545346, -53.4886105]]], [[[-73.2121182, -53.4738908], [-73.2050639, -53.4757394], [-73.2116783, -53.477473], [-73.2121182, -53.4738908]]], [[[-73.1955528, -53.4673705], [-73.2105947, -53.4580194], [-73.1903493, -53.462411], [-73.1955528, -53.4673705]]], [[[-73.2455385, -53.4502125], [-73.2249284, -53.4693951], [-73.236714, -53.477853], [-73.2856643, -53.4564032], [-73.282494, -53.4425798], [-73.2455385, -53.4502125]]], [[[-73.3205974, -53.4591725], [-73.2987294, -53.4496375], [-73.2913345, -53.4661347], [-73.283996, -53.4652437], [-73.2875419, -53.4702955], [-73.3205974, -53.4591725]]], [[[-73.2392702, -53.4369256], [-73.2096291, -53.4485417], [-73.2665053, -53.4303629], [-73.2392702, -53.4369256]]], [[[-73.2289678, -53.4019223], [-73.2534269, -53.4080865], [-73.2407856, -53.413233], [-73.293719, -53.3987479], [-73.2912433, -53.3922193], [-73.2977557, -53.3905142], [-73.270306, -53.3850689], [-73.3185241, -53.3689899], [-73.2697105, -53.3849442], [-73.2755148, -53.3810406], [-73.2307971, -53.3877597], [-73.2289678, -53.4019223]]], [[[-73.2473516, -53.3815445], [-73.2478371, -53.3810949], [-73.2400239, -53.3819413], [-73.2473516, -53.3815445]]], [[[-73.3131462, -53.260448], [-73.2970798, -53.2605218], [-73.306253, -53.2623412], [-73.3131462, -53.260448]]], [[[-73.2494223, -53.1558617], [-73.2261005, -53.1692831], [-73.241719, -53.1700146], [-73.2751715, -53.1548195], [-73.2494223, -53.1558617]]], [[[-73.242749, -53.1533703], [-73.2164365, -53.1579172], [-73.2311055, -53.1588644], [-73.242749, -53.1533703]]], [[[-73.3297203, -53.1496538], [-73.3199269, -53.1499932], [-73.3240065, -53.1512165], [-73.3297203, -53.1496538]]], [[[-73.2377869, -53.1480347], [-73.3163649, -53.1390253], [-73.295905, -53.1327981], [-73.2799298, -53.1389899], [-73.2957548, -53.1287073], [-73.2855892, -53.1283242], [-73.2377869, -53.1480347]]], [[[-73.35118, -53.1265764], [-73.3370554, -53.1230282], [-73.303957, -53.131765], [-73.35118, -53.1265764]]], [[[-73.2954249, -53.1209011], [-73.3035453, -53.1163414], [-73.2806593, -53.1214934], [-73.2954249, -53.1209011]]], [[[-73.2805038, -52.940091], [-73.2703811, -52.9419046], [-73.2782722, -52.9427419], [-73.2805038, -52.940091]]], [[[-73.2990834, -52.9363909], [-73.2924745, -52.9331059], [-73.2928607, -52.9383679], [-73.2990834, -52.9363909]]], [[[-73.3053732, -52.9269765], [-73.3096004, -52.9300162], [-73.3182961, -52.9255811], [-73.3053732, -52.9269765]]], [[[-73.2853635, -52.7853427], [-73.2672211, -52.7857648], [-73.261243, -52.8039328], [-73.2873805, -52.7911238], [-73.2853635, -52.7853427]]], [[[-73.3088574, -52.7879086], [-73.3169147, -52.7809914], [-73.3135861, -52.7765313], [-73.3088574, -52.7879086]]], [[[-73.2580698, -52.7309837], [-73.2615368, -52.7321499], [-73.2640351, -52.729392], [-73.2580698, -52.7309837]]], [[[-73.2635952, -52.725331], [-73.2650972, -52.7271764], [-73.268627, -52.7229788], [-73.2635952, -52.725331]]], [[[-73.0435628, -54.186338], [-73.0425435, -54.1772088], [-73.0263162, -54.1688627], [-73.0099279, -54.1733092], [-73.0294275, -54.1939667], [-73.0435628, -54.186338]]], [[[-73.0531651, -54.175573], [-73.0679012, -54.1748948], [-73.0498445, -54.1547131], [-73.0366159, -54.1584575], [-73.0525965, -54.1662122], [-73.0531651, -54.175573]]], [[[-73.1027806, -54.1589664], [-73.069548, -54.1417277], [-73.0651116, -54.1477575], [-73.0784154, -54.1611179], [-73.0741668, -54.1709635], [-73.0932212, -54.1812463], [-73.1027806, -54.1589664]]], [[[-73.0972123, -54.1333901], [-73.11843, -54.1319101], [-73.12846, -54.1561499], [-73.1154299, -54.1591799], [-73.1142, -54.16745], [-73.1546116, -54.1554231], [-73.15612, -54.13787], [-73.1236911, -54.1021368], [-73.0903459, -54.1192819], [-73.1071902, -54.1271413], [-73.0972123, -54.1333901]]], [[[-73.1973714, -54.136049], [-73.1883444, -54.1075614], [-73.1627212, -54.1150812], [-73.1715283, -54.1184849], [-73.1688206, -54.1338726], [-73.1973714, -54.136049]]], [[[-73.0302966, -54.1143831], [-73.0289018, -54.1119555], [-73.0234408, -54.1162855], [-73.0302966, -54.1143831]]], [[[-73.1573904, -54.093354], [-73.1595361, -54.0985887], [-73.1640261, -54.0952887], [-73.1573904, -54.093354]]], [[[-73.0408983, -54.0745132], [-73.0444273, -54.0769314], [-73.046312, -54.074785], [-73.0408983, -54.0745132]]], [[[-73.0527037, -54.0581473], [-73.06045, -54.0594099], [-73.0435091, -54.0511692], [-73.0527037, -54.0581473]]], [[[-73.0923951, -54.0550835], [-73.0817628, -54.049437], [-73.0691457, -54.0529185], [-73.0923951, -54.0550835]]], [[[-73.1126028, -54.0472828], [-73.1021369, -54.0395909], [-73.0833399, -54.0439032], [-73.1031025, -54.0573349], [-73.1126028, -54.0472828]]], [[[-73.0459768, -54.0475159], [-73.0546403, -54.0489394], [-73.0437344, -54.0451064], [-73.0459768, -54.0475159]]], [[[-73.1122327, -54.0425267], [-73.1139439, -54.0465616], [-73.1178117, -54.0452891], [-73.1122327, -54.0425267]]], [[[-73.01803, -54.03268], [-73.0502147, -54.0385261], [-73.0439222, -54.0289484], [-73.01803, -54.03268]]], [[[-73.1212074, -54.0290808], [-73.0443835, -54.0243951], [-73.0550104, -54.0337628], [-73.1227309, -54.0369951], [-73.115961, -54.0319984], [-73.1212074, -54.0290808]]], [[[-73.1031346, -54.0220158], [-73.0945355, -54.0201217], [-73.0869931, -54.0213004], [-73.1031346, -54.0220158]]], [[[-73.1276017, -54.0238121], [-73.1012195, -54.0168534], [-73.1110525, -54.024644], [-73.1276017, -54.0238121]]], [[[-73.0339444, -53.9889628], [-73.0419803, -53.9873795], [-73.0281374, -53.9810756], [-73.0339444, -53.9889628]]], [[[-73.0661362, -53.9765343], [-73.0590499, -53.97437], [-73.0603212, -53.9767615], [-73.0661362, -53.9765343]]], [[[-73.1517255, -53.9722466], [-73.1591177, -53.9751966], [-73.155824, -53.9719815], [-73.1517255, -53.9722466]]], [[[-73.027432, -53.9703502], [-73.0197287, -53.9695488], [-73.0233657, -53.9747991], [-73.027432, -53.9703502]]], [[[-73.0595863, -53.9706468], [-73.0671072, -53.9713726], [-73.0567646, -53.966267], [-73.0595863, -53.9706468]]], [[[-73.1018633, -53.9622023], [-73.0992776, -53.9661897], [-73.1087713, -53.9659751], [-73.1018633, -53.9622023]]], [[[-73.0897826, -53.9638875], [-73.0780023, -53.9575233], [-73.0918747, -53.9581782], [-73.05227, -53.9520299], [-73.0580521, -53.9643546], [-73.077718, -53.969473], [-73.0897826, -53.9638875]]], [[[-73.1758208, -53.95604], [-73.1691266, -53.9481677], [-73.1642781, -53.9563485], [-73.1758208, -53.95604]]], [[[-73.1574276, -53.9470768], [-73.166137, -53.9486399], [-73.1590059, -53.9453344], [-73.1574276, -53.9470768]]], [[[-73.0756849, -53.9468014], [-73.0855608, -53.9472686], [-73.0770904, -53.9442124], [-73.0756849, -53.9468014]]], [[[-73.1325733, -53.9416468], [-73.1436262, -53.9442871], [-73.1356185, -53.9399105], [-73.1325733, -53.9416468]]], [[[-73.0776644, -53.9379036], [-73.0696178, -53.9447618], [-73.0747086, -53.943502], [-73.0852389, -53.9454217], [-73.0776644, -53.9379036]]], [[[-73.1484667, -53.9411574], [-73.1397018, -53.9363783], [-73.1371279, -53.9389939], [-73.1484667, -53.9411574]]], [[[-73.0504534, -53.935333], [-73.0407679, -53.9343414], [-73.0459607, -53.9355304], [-73.0504534, -53.935333]]], [[[-73.1577401, -53.934623], [-73.1528466, -53.9312899], [-73.1493512, -53.9322315], [-73.1577401, -53.934623]]], [[[-73.0952468, -53.9250595], [-73.1147521, -53.9316578], [-73.1096732, -53.932403], [-73.1188672, -53.9396611], [-73.1074277, -53.9363845], [-73.1264776, -53.9436076], [-73.1098003, -53.9214387], [-73.0952468, -53.9250595]]], [[[-73.1766205, -53.9329767], [-73.1735806, -53.9303576], [-73.1710067, -53.9326369], [-73.1766205, -53.9329767]]], [[[-73.1678556, -53.9270569], [-73.1734853, -53.9270927], [-73.1668573, -53.9250283], [-73.1678556, -53.9270569]]], [[[-73.1148263, -53.9169396], [-73.1396223, -53.9189498], [-73.0871121, -53.9145581], [-73.1166322, -53.9214138], [-73.1471692, -53.936768], [-73.137827, -53.9298805], [-73.1460782, -53.9273547], [-73.1148263, -53.9169396]]], [[[-73.0868314, -53.9242456], [-73.0787602, -53.9224679], [-73.0845594, -53.9250377], [-73.0868314, -53.9242456]]], [[[-73.030884, -53.9204529], [-73.02076, -53.9190313], [-73.0252031, -53.921933], [-73.030884, -53.9204529]]], [[[-73.183609, -53.9189823], [-73.1862777, -53.9212253], [-73.1883672, -53.9188243], [-73.183609, -53.9189823]]], [[[-73.0449468, -53.9103361], [-73.0371503, -53.9122419], [-73.0447108, -53.9111956], [-73.0449468, -53.9103361]]], [[[-73.1322426, -53.9058259], [-73.1612796, -53.9144248], [-73.1577947, -53.9202882], [-73.2037134, -53.9163071], [-73.168669, -53.9126128], [-73.1706002, -53.9073562], [-73.148187, -53.8997621], [-73.1322426, -53.9058259]]], [[[-73.1071497, -53.9081271], [-73.11382, -53.9092299], [-73.1032571, -53.9041226], [-73.1071497, -53.9081271]]], [[[-73.0313212, -53.8715301], [-73.0418676, -53.8694901], [-73.0026189, -53.8612749], [-73.0447215, -53.8763817], [-73.0313212, -53.8715301]]], [[[-73.0300176, -53.860715], [-73.0329841, -53.8622999], [-73.0459298, -53.8591292], [-73.0300176, -53.860715]]], [[[-73.2309929, -53.8049071], [-73.2548699, -53.8103983], [-73.0699369, -53.8302821], [-73.0709173, -53.8383237], [-73.0795473, -53.837158], [-73.0847561, -53.842224], [-73.068974, -53.8452339], [-73.099342, -53.8518162], [-73.069194, -53.8545375], [-73.0808374, -53.8625388], [-73.0701354, -53.86816], [-73.0774713, -53.8729408], [-73.0724515, -53.8750961], [-73.0821142, -53.8778253], [-73.0707121, -53.8936263], [-73.0816367, -53.9046605], [-73.1022723, -53.8966056], [-73.0960134, -53.8876987], [-73.1040895, -53.8940341], [-73.1155801, -53.8905014], [-73.1189516, -53.8951563], [-73.1107655, -53.8989012], [-73.1184715, -53.9031688], [-73.157896, -53.8908847], [-73.1548704, -53.8971682], [-73.1851579, -53.8998502], [-73.1967598, -53.9072709], [-73.1842715, -53.9086368], [-73.2073519, -53.9143569], [-73.2130891, -53.9106821], [-73.2073009, -53.9073783], [-73.2196713, -53.9080893], [-73.1913646, -53.8923855], [-73.2094386, -53.89622], [-73.2160865, -53.8880204], [-73.2107556, -53.8858617], [-73.2166618, -53.8870229], [-73.2120967, -53.8841354], [-73.2340747, -53.8843662], [-73.2129657, -53.8789337], [-73.1779683, -53.8843282], [-73.1740952, -53.8764797], [-73.2107127, -53.8733045], [-73.2012767, -53.8663997], [-73.1730384, -53.8724094], [-73.1923556, -53.8654918], [-73.1656087, -53.8657512], [-73.1647611, -53.8597532], [-73.2018453, -53.8577252], [-73.1610194, -53.8464476], [-73.1932005, -53.8463605], [-73.2066411, -53.8565878], [-73.1964608, -53.8596741], [-73.228375, -53.8766363], [-73.2218707, -53.8708296], [-73.2319236, -53.8712423], [-73.2241774, -53.8631881], [-73.2297161, -53.8632719], [-73.2030898, -53.8500062], [-73.2165867, -53.8516849], [-73.2082289, -53.8482562], [-73.2128102, -53.8462292], [-73.2440928, -53.8645745], [-73.2368374, -53.8602879], [-73.2448143, -53.8581713], [-73.2266665, -53.8539236], [-73.2601431, -53.8547463], [-73.2703972, -53.8618412], [-73.2623076, -53.8641933], [-73.2674897, -53.869324], [-73.272661, -53.8686519], [-73.2674414, -53.8638184], [-73.2905848, -53.8677575], [-73.2672778, -53.8511011], [-73.3092624, -53.8593562], [-73.2839216, -53.8501695], [-73.2893175, -53.8426908], [-73.2643756, -53.8386046], [-73.2599688, -53.8348725], [-73.2051511, -53.8300565], [-73.2142612, -53.8360627], [-73.2083631, -53.8392677], [-73.2026607, -53.8309121], [-73.1763496, -53.8297439], [-73.2332513, -53.8253761], [-73.2698929, -53.8316466], [-73.2575548, -53.8206374], [-73.2879254, -53.8303343], [-73.2878852, -53.8238958], [-73.3093321, -53.8225422], [-73.2578109, -53.8043678], [-73.2309929, -53.8049071]]], [[[-73.0169714, -53.8580653], [-73.018468, -53.860136], [-73.0275419, -53.8596931], [-73.0169714, -53.8580653]]], [[[-73.0220273, -53.8452354], [-73.0184224, -53.8487862], [-73.0443473, -53.8469527], [-73.0142382, -53.8443445], [-73.0220273, -53.8452354]]], [[[-73.0806242, -53.8408044], [-73.0704653, -53.8398549], [-73.0730993, -53.8414454], [-73.0806242, -53.8408044]]], [[[-73.0653048, -53.8316719], [-73.0578844, -53.8332809], [-73.0580561, -53.8343248], [-73.0653048, -53.8316719]]], [[[-73.0305192, -53.8307712], [-73.0142972, -53.8289508], [-73.0207533, -53.8312145], [-73.0305192, -53.8307712]]], [[[-73.0455101, -53.8257355], [-73.0379891, -53.8260363], [-73.0424845, -53.829098], [-73.0455101, -53.8257355]]], [[[-73.1106341, -53.8078484], [-73.082943, -53.816264], [-73.1841427, -53.8120675], [-73.1555235, -53.8070913], [-73.1191689, -53.8125014], [-73.1106341, -53.8078484]]], [[[-73.1991591, -53.8078634], [-73.2057184, -53.8057735], [-73.169184, -53.800296], [-73.1991591, -53.8078634]]], [[[-73.1605232, -53.7957208], [-73.15514, -53.79609], [-73.1579268, -53.7976251], [-73.1605232, -53.7957208]]], [[[-73.0733568, -53.7970421], [-73.0936289, -53.7960186], [-73.08783, -53.7914937], [-73.0733568, -53.7970421]]], [[[-73.1118465, -53.7782266], [-73.1166101, -53.7787021], [-73.1161058, -53.7765465], [-73.1118465, -53.7782266]]], [[[-73.1319442, -53.7705571], [-73.1391051, -53.7705314], [-73.121436, -53.7803849], [-73.1544091, -53.7711825], [-73.1352729, -53.7664908], [-73.1319442, -53.7705571]]], [[[-73.1435287, -53.752993], [-73.1345058, -53.7575189], [-73.1529754, -53.7551212], [-73.1435287, -53.752993]]], [[[-73.1809723, -53.7509598], [-73.1957835, -53.75305], [-73.1800872, -53.749212], [-73.1809723, -53.7509598]]], [[[-73.1381857, -53.7354429], [-73.1420267, -53.7324029], [-73.1342697, -53.7325171], [-73.1381857, -53.7354429]]], [[[-73.1677812, -53.7055128], [-73.1825843, -53.7049586], [-73.1671268, -53.6966874], [-73.1684491, -53.6879746], [-73.154971, -53.6919771], [-73.1663221, -53.7000285], [-73.1613144, -53.7007018], [-73.1677812, -53.7149458], [-73.15963, -53.7188774], [-73.1853497, -53.7303925], [-73.1462163, -53.7289882], [-73.147139, -53.7337706], [-73.1624329, -53.7313842], [-73.2221657, -53.7478321], [-73.1899926, -53.723361], [-73.2104149, -53.7256113], [-73.1677812, -53.7055128]]], [[[-73.151114, -53.7202821], [-73.1344092, -53.7107248], [-73.1374401, -53.7214026], [-73.151114, -53.7202821]]], [[[-73.1269178, -53.7023404], [-73.113201, -53.7051968], [-73.121548, -53.7163839], [-73.1243214, -53.7095739], [-73.1334865, -53.7122425], [-73.1269178, -53.7023404]]], [[[-73.0399472, -53.7062812], [-73.0341375, -53.7060049], [-73.0349529, -53.7077577], [-73.0399472, -53.7062812]]], [[[-73.1342724, -53.6994537], [-73.1324405, -53.7055445], [-73.1605768, -53.7136156], [-73.1572777, -53.7009923], [-73.1342724, -53.6994537]]], [[[-73.0405963, -53.7023087], [-73.0672413, -53.7007986], [-73.0596185, -53.6967319], [-73.0405963, -53.7023087]]], [[[-73.1806558, -53.6706881], [-73.1633395, -53.6734863], [-73.1798887, -53.6761015], [-73.1806558, -53.6706881]]], [[[-73.1481126, -53.6722946], [-73.1360239, -53.670534], [-73.1372201, -53.673302], [-73.1481126, -53.6722946]]], [[[-73.1511542, -53.6658795], [-73.1529915, -53.6619874], [-73.1273416, -53.6641171], [-73.1511542, -53.6658795]]], [[[-73.1717885, -53.6633097], [-73.1592196, -53.660878], [-73.1616148, -53.6638246], [-73.1717885, -53.6633097]]], [[[-73.0678475, -53.6629267], [-73.0740139, -53.6620796], [-73.0628693, -53.6614915], [-73.0678475, -53.6629267]]], [[[-73.1779924, -53.6576578], [-73.1752431, -53.6588658], [-73.1913364, -53.6621162], [-73.1779924, -53.6576578]]], [[[-73.1653672, -53.4810757], [-73.1595951, -53.4804181], [-73.159866, -53.4819009], [-73.1653672, -53.4810757]]], [[[-73.185795, -53.427678], [-73.1888795, -53.4270036], [-73.1806652, -53.4257003], [-73.185795, -53.427678]]], [[[-73.2006155, -53.4219283], [-73.1800872, -53.4054466], [-73.1442583, -53.4085661], [-73.1645787, -53.4212641], [-73.1749529, -53.416117], [-73.171531, -53.4229152], [-73.2006155, -53.4219283]]], [[[-73.173835, -53.3858432], [-73.1740683, -53.3914003], [-73.1847972, -53.3970703], [-73.1871736, -53.3905142], [-73.173835, -53.3858432]]], [[[-73.1834963, -53.3761685], [-73.1750447, -53.3786182], [-73.1837431, -53.3779862], [-73.1834963, -53.3761685]]], [[[-73.0588514, -53.3701278], [-73.0648542, -53.3729154], [-73.0793381, -53.3742788], [-73.0680835, -53.3637676], [-73.0588514, -53.3701278]]], [[[-73.0409306, -53.3217335], [-73.0463496, -53.3118025], [-73.0344754, -53.3151645], [-73.0409306, -53.3217335]]], [[[-73.148067, -53.1932206], [-73.1358898, -53.1933507], [-73.1386015, -53.1949046], [-73.148067, -53.1932206]]], [[[-73.1429225, -53.1905851], [-73.1337923, -53.1911347], [-73.1423056, -53.1914272], [-73.1429225, -53.1905851]]], [[[-73.0202222, -53.1213743], [-73.0225933, -53.1256268], [-73.0403763, -53.1229324], [-73.0202222, -53.1213743]]], [[[-73.1257191, -53.1175399], [-73.1265211, -53.1189317], [-73.1351283, -53.1167994], [-73.1257191, -53.1175399]]], [[[-73.1719333, -53.1128463], [-73.1786214, -53.1221735], [-73.1976423, -53.12112], [-73.1719333, -53.1128463]]], [[[-73.1146199, -53.1143911], [-73.118729, -53.1163165], [-73.1218189, -53.1120566], [-73.1146199, -53.1143911]]], [[[-73.0621612, -53.1046339], [-73.0789626, -53.1089814], [-73.0706477, -53.1002762], [-73.0621612, -53.1046339]]], [[[-73.1596292, -53.1007404], [-73.1495838, -53.1028123], [-73.1512768, -53.1064976], [-73.1596292, -53.1007404]]], [[[-72.9565144, -54.4470059], [-72.9585099, -54.4576409], [-72.9856217, -54.4717179], [-72.9817271, -54.4851668], [-73.0088335, -54.4894483], [-72.9974449, -54.4846183], [-73.0018705, -54.480168], [-73.0119503, -54.4929691], [-73.0372803, -54.4877624], [-73.0404353, -54.4712347], [-73.0462284, -54.4778534], [-73.0403173, -54.4849611], [-73.0528915, -54.4835338], [-73.0494905, -54.4906448], [-73.0775464, -54.4949756], [-73.0864513, -54.482817], [-73.071152, -54.4810437], [-73.0749929, -54.4755738], [-73.0639207, -54.472095], [-73.0682981, -54.4659037], [-73.0550269, -54.4615502], [-73.0336654, -54.4637961], [-72.9565144, -54.4470059]]], [[[-72.7965101, -54.2873399], [-72.7871221, -54.2902586], [-72.78687, -54.3038171], [-72.8048623, -54.2975189], [-72.7965101, -54.2873399]]], [[[-72.804637, -54.2856744], [-72.7981728, -54.2837704], [-72.7996588, -54.2858529], [-72.804637, -54.2856744]]], [[[-73.0163974, -54.2221291], [-72.9920805, -54.2183716], [-72.9920912, -54.2098958], [-72.9687184, -54.1950604], [-72.9268384, -54.2119286], [-72.9378837, -54.2226716], [-72.9669321, -54.2262499], [-72.968064, -54.2340609], [-73.0093244, -54.2356693], [-73.0163974, -54.2221291]]], [[[-72.8137779, -54.1797205], [-72.8073481, -54.1747033], [-72.8099531, -54.1787692], [-72.8137779, -54.1797205]]], [[[-72.9006815, -54.1709196], [-72.9144573, -54.1708128], [-72.8954029, -54.1695159], [-72.9006815, -54.1709196]]], [[[-72.7468354, -54.171769], [-72.7430856, -54.1684497], [-72.7364016, -54.1710797], [-72.7468354, -54.171769]]], [[[-72.9200149, -54.1657411], [-72.9154444, -54.1713309], [-72.919634, -54.1708316], [-72.9200149, -54.1657411]]], [[[-72.88297, -54.16399], [-72.8720892, -54.1669596], [-72.8879464, -54.1660332], [-72.88297, -54.16399]]], [[[-72.7108133, -54.1583303], [-72.7217875, -54.1669675], [-72.7337234, -54.161319], [-72.7108133, -54.1583303]]], [[[-72.8906849, -54.1516109], [-72.9093343, -54.1519926], [-72.8681946, -54.1503919], [-72.8731996, -54.158123], [-72.9132879, -54.159158], [-72.8906849, -54.1516109]]], [[[-72.8455138, -54.1529288], [-72.8376013, -54.1443578], [-72.834093, -54.1447977], [-72.8455138, -54.1529288]]], [[[-72.8539467, -54.1503024], [-72.8563231, -54.150604], [-72.8545475, -54.1451873], [-72.8539467, -54.1503024]]], [[[-72.9019368, -54.1456115], [-72.9028595, -54.1463059], [-72.9158682, -54.1463342], [-72.9019368, -54.1456115]]], [[[-72.8490543, -54.1396348], [-72.8416568, -54.1412909], [-72.8502828, -54.148766], [-72.8490543, -54.1396348]]], [[[-72.6796165, -54.1304262], [-72.6906404, -54.1487676], [-72.7030724, -54.1488839], [-72.6943526, -54.1355729], [-72.7120149, -54.1397825], [-72.6955354, -54.1274086], [-72.6931375, -54.1330428], [-72.6796165, -54.1304262]]], [[[-72.7650207, -54.1411621], [-72.7704871, -54.1310642], [-72.7441961, -54.1258053], [-72.7559696, -54.1323969], [-72.7547398, -54.144154], [-72.7718014, -54.1497777], [-72.7650207, -54.1411621]]], [[[-72.914747, -54.1349742], [-72.9176492, -54.136313], [-72.9361349, -54.1357033], [-72.914747, -54.1349742]]], [[[-72.7218425, -54.1300113], [-72.7320027, -54.1323152], [-72.7299267, -54.1258211], [-72.7218425, -54.1300113]]], [[[-72.7765596, -54.1280089], [-72.7810979, -54.1267138], [-72.7683628, -54.1249031], [-72.7765596, -54.1280089]]], [[[-72.8221893, -54.121904], [-72.8191584, -54.1204137], [-72.8214169, -54.1233659], [-72.8221893, -54.121904]]], [[[-73.0118939, -54.1132259], [-72.9925713, -54.1209812], [-73.0223626, -54.1166628], [-73.0118939, -54.1132259]]], [[[-72.9924882, -54.1160245], [-72.9820812, -54.1153799], [-72.9858846, -54.118804], [-72.9924882, -54.1160245]]], [[[-72.7972287, -54.1133108], [-72.7929157, -54.1116175], [-72.791014, -54.1169505], [-72.7972287, -54.1133108]]], [[[-72.9878372, -54.1126473], [-72.9930165, -54.1131961], [-73.0033779, -54.1117543], [-72.9878372, -54.1126473]]], [[[-73.0157724, -54.105735], [-73.0092117, -54.1038447], [-73.0123043, -54.1062067], [-73.0157724, -54.105735]]], [[[-73.0020583, -54.0629], [-73.00915, -54.0599294], [-73.0030078, -54.0584874], [-73.0020583, -54.0629]]], [[[-72.986716, -54.0369888], [-72.9984856, -54.0454875], [-73.0134952, -54.0429551], [-72.9892588, -54.030902], [-72.9934967, -54.0340684], [-72.986716, -54.0369888]]], [[[-72.9129097, -54.0248142], [-72.9003006, -54.0248835], [-72.8984177, -54.0296826], [-72.9071912, -54.029325], [-72.9013172, -54.0274958], [-72.9129097, -54.0248142]]], [[[-72.882582, -54.0227186], [-72.8983694, -54.0192267], [-72.8845614, -54.0164121], [-72.882582, -54.0227186]]], [[[-72.9324496, -54.0139378], [-72.9218817, -54.0124406], [-72.9036266, -54.017427], [-72.9270262, -54.0161663], [-72.9324496, -54.0139378]]], [[[-72.997123, -54.0140481], [-72.9896182, -54.0113846], [-72.994135, -54.0152396], [-72.997123, -54.0140481]]], [[[-72.904045, -54.0146754], [-72.9132396, -54.0127148], [-72.8883594, -54.0154004], [-72.904045, -54.0146754]]], [[[-72.9715776, -54.0136667], [-72.9818559, -54.0128188], [-72.9678333, -54.0110819], [-72.9715776, -54.0136667]]], [[[-72.9405713, -54.0010249], [-72.9469599, -53.99998], [-72.9265863, -53.9986412], [-72.9405713, -54.0010249]]], [[[-72.888692, -53.9946931], [-72.8843468, -53.9964685], [-72.8991044, -53.9954594], [-72.888692, -53.9946931]]], [[[-72.8182921, -53.9926039], [-72.8064755, -53.9924911], [-72.8088856, -53.9942311], [-72.8182921, -53.9926039]]], [[[-72.8772765, -53.9936525], [-72.8908914, -53.9849381], [-72.8607488, -53.9863386], [-72.8603303, -53.9927884], [-72.8772765, -53.9936525]]], [[[-72.9520726, -53.97189], [-72.9740989, -53.9840549], [-72.9990649, -53.9718711], [-72.9914689, -53.9658757], [-72.9520726, -53.97189]]], [[[-72.903707, -53.9628209], [-72.9160881, -53.9686337], [-72.926817, -53.9607694], [-72.903707, -53.9628209]]], [[[-72.9504392, -53.9441122], [-72.9682598, -53.9454675], [-72.9559256, -53.9497879], [-72.9846185, -53.9517247], [-72.997587, -53.9481952], [-72.9870594, -53.9423069], [-73.0139405, -53.9445945], [-72.9693621, -53.9368457], [-72.9504392, -53.9441122]]], [[[-72.9213023, -53.9370478], [-72.915498, -53.9350962], [-72.9165763, -53.9363783], [-72.9213023, -53.9370478]]], [[[-72.9858282, -53.9370888], [-73.029964, -53.9388256], [-72.9834491, -53.9253525], [-72.9962593, -53.9373746], [-72.9858282, -53.9370888]]], [[[-72.9656473, -53.9245359], [-72.952365, -53.9301346], [-72.9884219, -53.9307821], [-72.9656473, -53.9245359]]], [[[-73.0206138, -53.9208036], [-72.991316, -53.921546], [-73.0152386, -53.9250555], [-73.0206138, -53.9208036]]], [[[-72.9072127, -53.9152842], [-72.900416, -53.912984], [-72.9036641, -53.9184658], [-72.9072127, -53.9152842]]], [[[-72.9849672, -53.908606], [-72.9836154, -53.9039415], [-72.9803512, -53.9037961], [-72.9849672, -53.908606]]], [[[-72.8820777, -53.9094071], [-72.8875387, -53.9087403], [-72.8811255, -53.9029405], [-72.8925008, -53.905261], [-72.8708366, -53.889888], [-72.8820777, -53.9094071]]], [[[-72.981644, -53.781894], [-72.968874, -53.7804328], [-72.9759242, -53.781249], [-72.981644, -53.781894]]], [[[-72.7880341, -54.0804311], [-72.8132147, -54.0819952], [-72.8112245, -54.0756474], [-72.8209019, -54.0721693], [-72.8667355, -54.0679135], [-72.8818899, -54.058903], [-72.903176, -54.0627631], [-72.9075426, -54.0524918], [-72.9473506, -54.0619476], [-72.9413974, -54.0550079], [-72.9529899, -54.0601121], [-72.9553932, -54.0534728], [-72.9716903, -54.0623286], [-72.9622758, -54.0556975], [-72.9677153, -54.0488292], [-72.9518205, -54.0454986], [-72.9777145, -54.0422275], [-72.9712075, -54.0361067], [-72.9803538, -54.030423], [-72.9668087, -54.0248993], [-72.9699495, -54.0303726], [-72.9347295, -54.0315841], [-72.9308617, -54.0429929], [-72.8831801, -54.0418975], [-72.8217119, -54.0585566], [-72.8175384, -54.0535625], [-72.8381324, -54.0506558], [-72.8333446, -54.0462907], [-72.8669098, -54.0402304], [-72.8549311, -54.0386096], [-72.8592548, -54.0336084], [-72.8296003, -54.0352986], [-72.7856791, -54.0450875], [-72.7796227, -54.0608079], [-72.757827, -54.063207], [-72.7649617, -54.060789], [-72.7625048, -54.0523879], [-72.7824605, -54.0485646], [-72.7789468, -54.0410557], [-72.7553272, -54.0346481], [-72.8152505, -54.0311568], [-72.7913547, -54.0182339], [-72.8199256, -54.0242722], [-72.8235787, -54.0155989], [-72.8507495, -54.0269916], [-72.8665209, -54.020336], [-72.8624466, -54.0091133], [-72.8488076, -54.006451], [-72.827763, -54.0155217], [-72.8272024, -54.0077199], [-72.7901487, -54.0042223], [-72.781688, -53.9960365], [-72.8296673, -54.0043229], [-72.7996447, -53.9990684], [-72.7989882, -53.9913991], [-72.8501083, -53.9932589], [-72.8542819, -53.9867455], [-72.8489334, -53.9848688], [-72.85992, -53.9776448], [-72.8659898, -53.9832285], [-72.8788001, -53.9757645], [-72.8080487, -53.9543179], [-72.69472, -53.9831402], [-72.7087963, -53.9784588], [-72.7024984, -53.9740734], [-72.7336979, -53.9719658], [-72.7154803, -53.9687599], [-72.7648276, -53.9575438], [-72.7660239, -53.9400698], [-72.7714312, -53.9528816], [-72.8060317, -53.9427821], [-72.7177146, -53.8902311], [-72.6887763, -53.8958406], [-72.6862335, -53.8864087], [-72.6658085, -53.8818959], [-72.6581884, -53.8934777], [-72.6538056, -53.8736081], [-72.6685953, -53.8737599], [-72.674008, -53.864391], [-72.6741314, -53.8769351], [-72.6922846, -53.8815267], [-72.6948868, -53.867605], [-72.7066301, -53.8583919], [-72.699666, -53.8713688], [-72.7049017, -53.8780894], [-72.7965199, -53.9171201], [-72.79585, -53.8929956], [-72.7905554, -53.8929751], [-72.7997956, -53.8922369], [-72.7970222, -53.8875675], [-72.7596228, -53.8779929], [-72.7751005, -53.8816405], [-72.7842736, -53.8716725], [-72.7321959, -53.8509064], [-72.7377534, -53.8619867], [-72.7195251, -53.8464634], [-72.7559388, -53.8539821], [-72.7487612, -53.8373353], [-72.7542758, -53.8349421], [-72.7601767, -53.8484381], [-72.7953458, -53.8713562], [-72.8397954, -53.8853969], [-72.8431374, -53.8950425], [-72.8196627, -53.9018003], [-72.8033119, -53.8967273], [-72.8109536, -53.9019078], [-72.8019682, -53.9077481], [-72.8033012, -53.9239815], [-72.8185469, -53.936833], [-72.9033744, -53.9620003], [-72.9114318, -53.9585475], [-72.8976989, -53.9559656], [-72.927289, -53.9439946], [-72.9128587, -53.9395109], [-72.917102, -53.9308452], [-72.8403747, -53.930103], [-72.9007405, -53.9235203], [-72.8970552, -53.914864], [-72.8797254, -53.9122478], [-72.8685889, -53.9032652], [-72.864182, -53.8890834], [-72.843926, -53.8871169], [-72.8526807, -53.8871106], [-72.8536463, -53.8725201], [-72.8277683, -53.8491343], [-72.8116107, -53.8191681], [-72.7907002, -53.8199851], [-72.80581, -53.81455], [-72.7676976, -53.7899092], [-72.7579095, -53.770425], [-72.7261716, -53.7588667], [-72.7640337, -53.7653865], [-72.7838895, -53.7852391], [-72.7862692, -53.7980908], [-72.8002355, -53.796505], [-72.8067827, -53.8051114], [-72.8245175, -53.790093], [-72.8226614, -53.7794185], [-72.8341198, -53.7631225], [-72.8344846, -53.7768825], [-72.8548586, -53.7875261], [-72.833401, -53.7876845], [-72.8433681, -53.7901754], [-72.8322101, -53.7935724], [-72.8348172, -53.7992695], [-72.8487969, -53.7957588], [-72.8337336, -53.8064166], [-72.8949845, -53.8115385], [-72.8385428, -53.8146314], [-72.8589034, -53.8285218], [-72.8462139, -53.8363603], [-72.8544992, -53.8527702], [-72.9078108, -53.8909645], [-72.9093128, -53.8991011], [-72.921356, -53.9008395], [-72.9139531, -53.8923681], [-72.9188937, -53.8900698], [-72.9444444, -53.9052957], [-72.9514664, -53.9044788], [-72.9491544, -53.8987281], [-72.96543, -53.9004001], [-72.9487521, -53.8977641], [-72.9704645, -53.8936216], [-72.9642552, -53.8843124], [-72.9486072, -53.8833227], [-72.9504405, -53.8724395], [-72.9391873, -53.8659916], [-72.9938427, -53.8915683], [-72.9920724, -53.9009059], [-73.0083722, -53.9008237], [-73.0050892, -53.9087846], [-73.0441368, -53.9092601], [-73.0476639, -53.8797243], [-73.0159119, -53.8778348], [-72.9989281, -53.8639418], [-73.0013073, -53.8590477], [-72.967329, -53.8582109], [-73.0176231, -53.8501462], [-72.9989067, -53.8425231], [-72.9086101, -53.8391522], [-73.0171511, -53.8334052], [-73.0000171, -53.8277698], [-73.0203268, -53.8247365], [-73.0028629, -53.8138507], [-73.0355108, -53.8156591], [-73.0595702, -53.8269149], [-73.0488561, -53.8201632], [-73.0507457, -53.8130018], [-73.0134925, -53.8038522], [-73.0328608, -53.8056785], [-73.0147129, -53.7982144], [-72.9370093, -53.8028748], [-72.9938078, -53.7906761], [-72.9391202, -53.7775181], [-72.9442325, -53.7740905], [-72.9151976, -53.7769761], [-72.917794, -53.7714773], [-72.8865945, -53.7690884], [-72.8665906, -53.7429435], [-72.8019279, -53.7452514], [-72.844677, -53.7385413], [-72.8339589, -53.7351319], [-72.8381002, -53.7248702], [-72.8306973, -53.7081641], [-72.8134775, -53.7037186], [-72.8434324, -53.7008288], [-72.8476811, -53.70664], [-72.838583, -53.7182156], [-72.8531742, -53.7228246], [-72.8541076, -53.7315715], [-72.8579164, -53.727814], [-72.8502882, -53.7095675], [-72.8762734, -53.7058271], [-72.8589624, -53.7200138], [-72.8604806, -53.7313398], [-72.8700614, -53.7339515], [-72.9180622, -53.727668], [-72.9796565, -53.7044998], [-73.0409396, -53.6998189], [-73.0718923, -53.6890848], [-73.0772164, -53.6939099], [-73.0702803, -53.6989344], [-73.1117311, -53.6962507], [-73.1261735, -53.6827772], [-73.1381267, -53.6926171], [-73.1801784, -53.6796603], [-73.0979204, -53.6724312], [-73.0914657, -53.6665057], [-73.0524972, -53.6763907], [-73.0656508, -53.6697157], [-73.0459929, -53.6658732], [-73.0413741, -53.6581204], [-73.0276211, -53.6598688], [-73.0351983, -53.6621138], [-73.0232035, -53.6687477], [-73.0280958, -53.6722739], [-72.9674631, -53.6603917], [-72.9531777, -53.669757], [-72.9346168, -53.6546448], [-72.9451914, -53.6528827], [-72.9308698, -53.6498304], [-72.9380447, -53.6387338], [-72.9282144, -53.6238833], [-72.9470877, -53.6324369], [-72.9741861, -53.6126327], [-72.9758799, -53.628525], [-72.9623321, -53.6420763], [-72.967152, -53.6461324], [-73.0097938, -53.6504441], [-72.9966724, -53.6298356], [-73.0401456, -53.6485236], [-73.0729973, -53.6421192], [-73.074891, -53.6515855], [-73.0963218, -53.6515537], [-73.0812693, -53.6441322], [-73.0843216, -53.6332838], [-73.0714685, -53.6334985], [-73.0659485, -53.6198489], [-73.0423799, -53.6134768], [-73.0138895, -53.5853659], [-72.9994726, -53.5843628], [-72.9980564, -53.5713185], [-73.0264342, -53.5779152], [-73.0155766, -53.5674145], [-73.0324799, -53.5740532], [-73.0231833, -53.5866492], [-73.0502495, -53.5911357], [-73.0659351, -53.5738231], [-73.0964164, -53.5721925], [-73.088762, -53.5876435], [-73.0524999, -53.5910991], [-73.0420996, -53.5990799], [-73.064248, -53.611884], [-73.0807167, -53.606569], [-73.073507, -53.6113557], [-73.1116614, -53.6446521], [-73.1965345, -53.6418552], [-73.1938362, -53.6319955], [-73.1360588, -53.6134609], [-73.1578973, -53.6049664], [-73.1608477, -53.6157282], [-73.1752297, -53.6191935], [-73.178966, -53.6121768], [-73.2227692, -53.6410825], [-73.2358557, -53.6398119], [-73.2476789, -53.6307851], [-73.2289705, -53.6212696], [-73.2494974, -53.6288876], [-73.2668902, -53.6112447], [-73.256608, -53.6010973], [-73.2765978, -53.6016349], [-73.272834, -53.5978916], [-73.2829338, -53.59401], [-73.2546969, -53.6001566], [-73.2385701, -53.5944318], [-73.257831, -53.5949166], [-73.2737727, -53.5853364], [-73.2492694, -53.5865377], [-73.2470083, -53.5792194], [-73.2180834, -53.5742937], [-73.2057399, -53.5641593], [-73.2249713, -53.5590732], [-73.1978595, -53.5658853], [-73.164053, -53.5640183], [-73.1911862, -53.5637889], [-73.2264519, -53.5505837], [-73.2444012, -53.5580472], [-73.2227558, -53.563628], [-73.2788032, -53.5735308], [-73.291225, -53.5689309], [-73.2868552, -53.5617275], [-73.3208657, -53.5645281], [-73.3266592, -53.5515653], [-73.3501339, -53.5487224], [-73.376956, -53.5119133], [-73.433167, -53.4649835], [-73.402217, -53.4658537], [-73.3959058, -53.483904], [-73.3985531, -53.4659686], [-73.3821756, -53.4637428], [-73.3235747, -53.4714291], [-73.3250606, -53.4819999], [-73.3100617, -53.4735859], [-73.2963771, -53.4758352], [-73.278932, -53.4839343], [-73.2682407, -53.4995727], [-73.257139, -53.4906627], [-73.2245207, -53.5042248], [-73.2309499, -53.5140777], [-73.251729, -53.5167873], [-73.2347292, -53.5183008], [-73.2290644, -53.5349515], [-73.2101199, -53.5227244], [-73.2246307, -53.5200581], [-73.2160637, -53.5089481], [-73.174527, -53.5080724], [-73.2201916, -53.4956732], [-73.2178661, -53.4878939], [-73.1881338, -53.4789001], [-73.1749106, -53.4826192], [-73.1765628, -53.4909468], [-73.1625134, -53.4908542], [-73.1640127, -53.5011968], [-73.1524497, -53.4901106], [-73.142193, -53.4912212], [-73.0710769, -53.5312657], [-73.0739951, -53.5184586], [-73.0361679, -53.5361279], [-73.0254042, -53.5293079], [-73.1291306, -53.4876497], [-73.1106931, -53.4770293], [-73.113785, -53.4702832], [-73.1270331, -53.4719527], [-73.1233874, -53.4614953], [-73.1070819, -53.4594528], [-73.1048459, -53.4701295], [-73.0957988, -53.4598288], [-73.1173343, -53.4505799], [-73.1330037, -53.4556877], [-73.1266952, -53.4472925], [-73.1317109, -53.4448228], [-73.1136435, -53.4460721], [-73.111766, -53.4400779], [-73.1580985, -53.4331817], [-73.1610489, -53.4240277], [-73.1415787, -53.4084958], [-73.1186217, -53.4078275], [-73.172105, -53.4009292], [-73.1547323, -53.3928143], [-73.1593913, -53.3889754], [-73.1486115, -53.395263], [-73.1362116, -53.3878492], [-73.1374347, -53.3960803], [-73.1238547, -53.3952342], [-73.1284493, -53.4017], [-73.0894393, -53.3884379], [-73.0852711, -53.3798278], [-73.038429, -53.3755589], [-73.0296153, -53.3829316], [-73.0408189, -53.393574], [-73.0211073, -53.380503], [-73.0015379, -53.3902998], [-73.0478845, -53.4317436], [-73.0332068, -53.4280009], [-73.0302215, -53.4336483], [-73.0417818, -53.4548061], [-73.025533, -53.4380424], [-73.0101746, -53.4371748], [-73.0214488, -53.4240926], [-73.0167165, -53.4164063], [-73.0033726, -53.4131275], [-72.9977319, -53.4195986], [-73.0101532, -53.4439058], [-72.9946017, -53.4564032], [-73.0076695, -53.4573423], [-73.0057812, -53.4728116], [-73.0170062, -53.4772176], [-72.9878533, -53.4755734], [-73.0023868, -53.4943807], [-72.9815877, -53.4813343], [-72.9918645, -53.4602608], [-72.974909, -53.4519887], [-72.9925579, -53.4309381], [-72.9887062, -53.4201181], [-72.999596, -53.4075045], [-72.9865712, -53.3964257], [-72.9679781, -53.4038444], [-72.9721838, -53.4095031], [-72.9597357, -53.4055537], [-72.9257012, -53.4234842], [-72.9488111, -53.44034], [-72.9316879, -53.4296725], [-72.9036588, -53.4402249], [-72.9247356, -53.4483692], [-72.9043078, -53.4442701], [-72.8965294, -53.4610664], [-72.9113486, -53.4686016], [-72.9076016, -53.4794149], [-72.9210354, -53.4894994], [-72.9300785, -53.4872923], [-72.9238383, -53.4957306], [-72.9338443, -53.4952934], [-72.9134166, -53.509559], [-72.9261249, -53.524539], [-72.9078913, -53.5146056], [-72.9120514, -53.5022912], [-72.885527, -53.4917], [-72.8658611, -53.4986218], [-72.86533, -53.5153679], [-72.8505617, -53.5134413], [-72.8523132, -53.5230066], [-72.8906393, -53.5318524], [-72.9249448, -53.5558293], [-72.8814179, -53.5345657], [-72.8813092, -53.5402157], [-72.8723077, -53.5322159], [-72.849226, -53.5319743], [-72.8720623, -53.5525724], [-72.8751224, -53.5660008], [-72.8928736, -53.5716052], [-72.8835931, -53.5766189], [-72.8658785, -53.5634548], [-72.8699984, -53.5716427], [-72.8613201, -53.5685439], [-72.8701191, -53.5898215], [-72.8623554, -53.5894545], [-72.865216, -53.6003405], [-72.875061, -53.6006835], [-72.8741062, -53.6116851], [-72.8903845, -53.6274656], [-72.8697308, -53.6224218], [-72.8675455, -53.6365154], [-72.8836763, -53.6373041], [-72.8749819, -53.6479234], [-72.8631333, -53.6476269], [-72.8600433, -53.6626629], [-72.8530777, -53.6644174], [-72.860262, -53.6442721], [-72.8480351, -53.6390439], [-72.8639996, -53.6354467], [-72.8600621, -53.6131602], [-72.8107551, -53.6094478], [-72.8452751, -53.5980317], [-72.8390926, -53.597083], [-72.845884, -53.5926417], [-72.8423649, -53.5739863], [-72.816554, -53.5593887], [-72.8036982, -53.5601965], [-72.8205666, -53.553315], [-72.8120586, -53.5412964], [-72.8153443, -53.5260266], [-72.8385723, -53.4916211], [-72.8574483, -53.4803862], [-72.8483892, -53.4721954], [-72.8615038, -53.4496918], [-72.8075767, -53.4700353], [-72.7876613, -53.4687772], [-72.7817872, -53.4721906], [-72.7895656, -53.4810645], [-72.7754505, -53.475666], [-72.7662465, -53.4857618], [-72.7820715, -53.497323], [-72.7759722, -53.5052792], [-72.764951, -53.5095559], [-72.7416185, -53.5047975], [-72.7407977, -53.4983569], [-72.7246025, -53.5080086], [-72.7229047, -53.5201698], [-72.7322978, -53.5244098], [-72.7290309, -53.5332776], [-72.7415192, -53.5337463], [-72.7407789, -53.5432385], [-72.7294023, -53.5379117], [-72.7094527, -53.5538105], [-72.7338977, -53.5700308], [-72.7007644, -53.5818796], [-72.7035069, -53.5878091], [-72.6833146, -53.58644], [-72.6709127, -53.594517], [-72.6821405, -53.6027534], [-72.7105799, -53.602568], [-72.7069469, -53.6108724], [-72.7169609, -53.6147736], [-72.7044028, -53.6176948], [-72.7011332, -53.6093984], [-72.6886502, -53.6165715], [-72.6909267, -53.6249245], [-72.6714224, -53.6254168], [-72.678085, -53.6496126], [-72.6670718, -53.6510498], [-72.6506782, -53.6374664], [-72.6542884, -53.6223562], [-72.6446056, -53.6135007], [-72.6539129, -53.5973727], [-72.6444018, -53.5974953], [-72.6387718, -53.5879961], [-72.6610422, -53.5716737], [-72.6549563, -53.5708996], [-72.6782084, -53.543358], [-72.6816952, -53.5274521], [-72.6625027, -53.5234284], [-72.6338191, -53.5381492], [-72.6398876, -53.5424273], [-72.6291668, -53.5411004], [-72.6544118, -53.5503192], [-72.641049, -53.5590892], [-72.6148237, -53.5472404], [-72.6055446, -53.5504403], [-72.6143342, -53.5584105], [-72.5910178, -53.5592262], [-72.5844812, -53.5677777], [-72.569029, -53.5619417], [-72.5743707, -53.5674918], [-72.5599846, -53.5784328], [-72.5450997, -53.5774366], [-72.5467198, -53.5677379], [-72.5363423, -53.5647232], [-72.5153902, -53.5662246], [-72.5077245, -53.5779805], [-72.4611479, -53.5782098], [-72.4961695, -53.588399], [-72.4984521, -53.5952333], [-72.4817392, -53.5893192], [-72.4647769, -53.5981304], [-72.4828684, -53.6073965], [-72.4487025, -53.6095353], [-72.4661636, -53.6291994], [-72.4850249, -53.6341553], [-72.4635297, -53.6339581], [-72.4474847, -53.6223753], [-72.4403018, -53.6297942], [-72.4348301, -53.6233552], [-72.4409723, -53.6206412], [-72.426306, -53.6114353], [-72.4193537, -53.6169374], [-72.4272877, -53.6217294], [-72.4134797, -53.6183232], [-72.3831171, -53.6398612], [-72.4245197, -53.6527969], [-72.4398512, -53.6492009], [-72.4400631, -53.6548427], [-72.5536841, -53.6719546], [-72.6068509, -53.6673082], [-72.6272732, -53.6730668], [-72.6362157, -53.6940258], [-72.6247694, -53.7049888], [-72.6216325, -53.7226127], [-72.6116654, -53.725897], [-72.6090328, -53.7167656], [-72.5543962, -53.7136719], [-72.5233483, -53.7031534], [-72.6120624, -53.714922], [-72.6170379, -53.7009733], [-72.6101795, -53.7015402], [-72.5986554, -53.6752213], [-72.5620607, -53.6793632], [-72.4909043, -53.6711823], [-72.4733144, -53.6864847], [-72.4711043, -53.6785832], [-72.4547696, -53.676127], [-72.4503225, -53.6847374], [-72.4871814, -53.6944419], [-72.4370912, -53.6977657], [-72.4445236, -53.720463], [-72.4748433, -53.721036], [-72.4849176, -53.7285598], [-72.4790785, -53.7337801], [-72.4685401, -53.7268983], [-72.4552658, -53.7258637], [-72.4691811, -53.7290644], [-72.4524629, -53.7312129], [-72.471115, -53.7531706], [-72.4606329, -53.7543536], [-72.4417019, -53.7295119], [-72.4134958, -53.7260398], [-72.4302059, -53.6885623], [-72.4149549, -53.6893596], [-72.4114144, -53.7000777], [-72.386494, -53.6774854], [-72.3444799, -53.6855372], [-72.3522288, -53.6969987], [-72.3476958, -53.7010638], [-72.3637462, -53.7049729], [-72.3540178, -53.7056398], [-72.3554796, -53.7169553], [-72.3108798, -53.7010868], [-72.2375388, -53.7276323], [-72.2709042, -53.7376576], [-72.2825986, -53.7498123], [-72.3384047, -53.7492818], [-72.3533982, -53.7557523], [-72.2669077, -53.7600718], [-72.2227156, -53.7446495], [-72.1600217, -53.7757952], [-72.1493988, -53.789664], [-72.1521427, -53.7968456], [-72.1956977, -53.8045935], [-72.2088459, -53.8153456], [-72.2500125, -53.8020987], [-72.2932738, -53.8045634], [-72.1952565, -53.8265018], [-72.2024354, -53.8394133], [-72.2288016, -53.847283], [-72.2131415, -53.8535392], [-72.2251075, -53.8584058], [-72.3123685, -53.8495726], [-72.3703283, -53.8072513], [-72.3627242, -53.8168159], [-72.3690784, -53.8180486], [-72.3572794, -53.8229744], [-72.3606294, -53.8342267], [-72.4634144, -53.8226292], [-72.4707475, -53.8280469], [-72.4626124, -53.830146], [-72.4781317, -53.8337803], [-72.4312145, -53.8313522], [-72.3513168, -53.8516026], [-72.3623595, -53.8524301], [-72.3602593, -53.8591529], [-72.3714227, -53.8662194], [-72.3485112, -53.8789827], [-72.351054, -53.8863202], [-72.3374954, -53.9055264], [-72.3519123, -53.9109317], [-72.3304828, -53.919919], [-72.3358566, -53.9251629], [-72.3459417, -53.9206741], [-72.3591006, -53.9307884], [-72.3793191, -53.9030803], [-72.3943797, -53.9117596], [-72.4002966, -53.9003685], [-72.4666894, -53.8858333], [-72.4131913, -53.9090018], [-72.4084492, -53.9295953], [-72.422213, -53.9380678], [-72.3868722, -53.9313885], [-72.3917484, -53.9382399], [-72.36233, -53.9514042], [-72.3624198, -53.9585988], [-72.4377912, -53.9591661], [-72.449947, -53.9458542], [-72.4486408, -53.9593571], [-72.476171, -53.9605643], [-72.3781335, -53.970792], [-72.3829401, -54.0014474], [-72.3636255, -53.9906328], [-72.3556566, -53.9929019], [-72.3634189, -53.9964938], [-72.340529, -53.9996628], [-72.3493213, -54.0045278], [-72.3440266, -54.0076616], [-72.3353684, -54.0033928], [-72.321209, -54.0127857], [-72.3297733, -54.0126454], [-72.330114, -54.0216313], [-72.344335, -54.0094207], [-72.3377073, -54.0338289], [-72.36763, -54.0564407], [-72.3863518, -54.0559368], [-72.4004603, -54.0486056], [-72.3915339, -54.0377071], [-72.4038828, -54.0422747], [-72.412895, -54.0348591], [-72.4156094, -54.0428921], [-72.4045101, -54.0440601], [-72.4212206, -54.0540034], [-72.4364019, -54.0512636], [-72.4378502, -54.057675], [-72.4683416, -54.0656784], [-72.4843919, -54.0613589], [-72.4833834, -54.0532854], [-72.5050449, -54.0345252], [-72.4898744, -54.0357665], [-72.4852824, -54.027417], [-72.5147331, -54.0264087], [-72.469554, -53.9965442], [-72.4683416, -53.9692143], [-72.4957752, -53.9534972], [-72.4777937, -53.9778436], [-72.4880505, -53.9853892], [-72.4843785, -53.9943604], [-72.4937823, -53.9985765], [-72.4920496, -54.0053223], [-72.5120482, -54.008456], [-72.5359091, -54.0005299], [-72.5460988, -53.98376], [-72.5478181, -53.9932362], [-72.5572193, -53.992473], [-72.5518709, -53.9991867], [-72.5613821, -54.0000554], [-72.5501704, -54.0116722], [-72.5408953, -54.0098494], [-72.5361022, -54.0211129], [-72.5493228, -54.0163853], [-72.55252, -54.0278133], [-72.5608175, -54.0226358], [-72.5546444, -54.0196616], [-72.5618836, -54.0159393], [-72.5543144, -54.0107777], [-72.5595313, -54.0089478], [-72.5993165, -54.018984], [-72.5751069, -54.0141301], [-72.5618488, -54.0172993], [-72.5799403, -54.0175594], [-72.5537726, -54.0318803], [-72.5675538, -54.0332933], [-72.5611755, -54.0414935], [-72.5515786, -54.0369699], [-72.5292653, -54.0451104], [-72.5301357, -54.0519738], [-72.5408793, -54.0522659], [-72.5310959, -54.0673705], [-72.5378859, -54.0759235], [-72.5543091, -54.0696944], [-72.5427125, -54.0874319], [-72.5498593, -54.1078995], [-72.6023984, -54.1010296], [-72.6011539, -54.0843159], [-72.6135913, -54.1012058], [-72.6153588, -54.0829565], [-72.6295799, -54.099589], [-72.6240894, -54.0918918], [-72.6296175, -54.0826308], [-72.6150879, -54.0742263], [-72.6210625, -54.0644726], [-72.6034471, -54.0548497], [-72.6120999, -54.0463915], [-72.630398, -54.0668392], [-72.637302, -54.0673106], [-72.6385036, -54.0590801], [-72.6398474, -54.0662025], [-72.6345688, -54.074892], [-72.644611, -54.076195], [-72.6431036, -54.0854661], [-72.6687884, -54.0905067], [-72.6544708, -54.0593186], [-72.6410276, -54.0552819], [-72.6420844, -54.0478907], [-72.6516116, -54.0506653], [-72.628845, -54.0187768], [-72.6530117, -54.0223491], [-72.6433437, -54.030056], [-72.6516236, -54.0465387], [-72.6782754, -54.0738612], [-72.690568, -54.0735826], [-72.6816201, -54.0798552], [-72.6829827, -54.0904343], [-72.7266209, -54.0813091], [-72.7156574, -54.094065], [-72.7494103, -54.0998658], [-72.7301279, -54.1071911], [-72.7031234, -54.1009258], [-72.7203727, -54.1179488], [-72.7617618, -54.1213396], [-72.7666461, -54.1112378], [-72.7765998, -54.1213774], [-72.7810282, -54.1088139], [-72.7930579, -54.1112071], [-72.8082606, -54.0997604], [-72.8014666, -54.0983527], [-72.8191772, -54.0963725], [-72.8096044, -54.0985965], [-72.8082606, -54.1134555], [-72.8150198, -54.1148532], [-72.8085852, -54.1158688], [-72.8288198, -54.1155638], [-72.8383899, -54.1093863], [-72.8480016, -54.1179983], [-72.8304291, -54.1202377], [-72.8299946, -54.1294738], [-72.8686774, -54.1377995], [-72.8599012, -54.1255413], [-72.8655875, -54.1250792], [-72.8894001, -54.1380824], [-72.9015598, -54.127717], [-72.912789, -54.1265535], [-72.9093182, -54.1305582], [-72.9178666, -54.133948], [-72.9648507, -54.1236614], [-72.9529792, -54.122954], [-72.9602748, -54.1157761], [-72.8813803, -54.1158798], [-72.9270959, -54.1082919], [-72.8967172, -54.1058859], [-72.8806293, -54.0999255], [-72.8881931, -54.094109], [-72.8692782, -54.0903179], [-72.9006279, -54.0834396], [-72.9134381, -54.1027564], [-72.9274768, -54.1020613], [-72.9235286, -54.0997399], [-72.9251701, -54.0955829], [-72.9306418, -54.1038667], [-72.957834, -54.1006333], [-72.9288447, -54.0909692], [-72.9367518, -54.0872785], [-72.9562032, -54.0905759], [-72.9570052, -54.0977456], [-72.9880491, -54.0982442], [-72.9803538, -54.1018034], [-72.984632, -54.1073421], [-73.0169767, -54.1016556], [-73.0079216, -54.0958109], [-73.015535, -54.0888438], [-73.0362216, -54.1059913], [-73.0791812, -54.0884907], [-73.0612037, -54.0835906], [-73.0651639, -54.0780739], [-73.028478, -54.0760691], [-73.0398989, -54.0699596], [-73.0047002, -54.0770448], [-72.9199907, -54.0657319], [-72.8296325, -54.0786436], [-72.7867574, -54.0930173], [-72.7889407, -54.1035931], [-72.7762109, -54.0948452], [-72.7849388, -54.0841224], [-72.7989829, -54.0859475], [-72.7880341, -54.0804311]]], [[[-73.0938113, -53.713968], [-73.0572635, -53.7116773], [-72.8734879, -53.7464649], [-72.9082131, -53.7671654], [-72.9255858, -53.7643592], [-72.9256502, -53.7574586], [-72.941671, -53.7586035], [-72.9309315, -53.7654087], [-72.9775536, -53.7639438], [-72.9649955, -53.7752087], [-73.017599, -53.7912735], [-73.105613, -53.7836595], [-73.1024963, -53.7769238], [-73.1124312, -53.7663473], [-73.0879748, -53.7582515], [-73.1015307, -53.7551117], [-73.0925664, -53.7436093], [-73.0194658, -53.7549975], [-73.0166361, -53.7646905], [-73.0105019, -53.7548389], [-73.0667927, -53.7379474], [-73.0570543, -53.7300561], [-73.0621398, -53.7221644], [-73.0220193, -53.7290303], [-73.0692154, -53.7137378], [-73.0701931, -53.7242362], [-73.0856842, -53.7267222], [-73.097266, -53.7236879], [-73.0938113, -53.713968]]], [[[-72.9030365, -53.7396677], [-72.9033476, -53.7391267], [-72.8901055, -53.7396946], [-72.9030365, -53.7396677]]], [[[-72.9489559, -53.7244433], [-72.9563534, -53.7238815], [-72.9791039, -53.7149743], [-72.9563803, -53.7183076], [-72.9489559, -53.7244433]]], [[[-72.9881752, -53.7168442], [-73.0116606, -53.7095612], [-72.9819954, -53.714495], [-72.9881752, -53.7168442]]], [[[-72.9789886, -53.7095231], [-72.9680747, -53.711571], [-72.9693863, -53.7127377], [-72.9789886, -53.7095231]]], [[[-72.9908761, -53.7085086], [-72.9811826, -53.7080784], [-72.9819068, -53.7100771], [-72.9908761, -53.7085086]]], [[[-73.0215257, -53.6556359], [-73.0245888, -53.6492994], [-73.0137527, -53.6510196], [-73.0215257, -53.6556359]]], [[[-72.9575188, -53.6485284], [-72.9477429, -53.6458756], [-72.9474793, -53.6521983], [-72.9575188, -53.6485284]]], [[[-73.0187416, -53.6486539], [-73.0096811, -53.6448], [-73.0118108, -53.6498177], [-73.0187416, -53.6486539]]], [[[-72.8693426, -53.6094048], [-72.8693895, -53.6023475], [-72.8672893, -53.607344], [-72.8693426, -53.6094048]]], [[[-72.8536463, -53.6021255], [-72.8503981, -53.6053967], [-72.8569561, -53.6083004], [-72.8536463, -53.6021255]]], [[[-72.8438509, -53.6047945], [-72.845409, -53.6017641], [-72.8394198, -53.603125], [-72.8438509, -53.6047945]]], [[[-72.6986763, -53.5729574], [-72.6927419, -53.571512], [-72.6912895, -53.5763919], [-72.6986763, -53.5729574]]], [[[-72.7099228, -53.5696955], [-72.7064332, -53.5661003], [-72.702992, -53.5672616], [-72.7099228, -53.5696955]]], [[[-72.7035324, -53.5619011], [-72.6947951, -53.5644182], [-72.6966271, -53.5649996], [-72.7035324, -53.5619011]]], [[[-72.8383255, -53.5535795], [-72.8339052, -53.5579771], [-72.8437007, -53.5655412], [-72.8383255, -53.5535795]]], [[[-72.8496337, -53.5422934], [-72.8441861, -53.5463894], [-72.8504571, -53.5492069], [-72.8496337, -53.5422934]]], [[[-72.7595758, -53.5016052], [-72.7771604, -53.5002683], [-72.7684218, -53.4999348], [-72.7672014, -53.4920558], [-72.752417, -53.495386], [-72.7595758, -53.5016052]]], [[[-72.920149, -53.49582], [-72.910721, -53.4966696], [-72.9063597, -53.4847722], [-72.8916545, -53.4839024], [-72.9196152, -53.504898], [-72.920149, -53.49582]]], [[[-72.8556794, -53.4023524], [-72.8455568, -53.402394], [-72.8549338, -53.4030464], [-72.8556794, -53.4023524]]], [[[-72.8939438, -53.3620774], [-72.8846741, -53.3683513], [-72.9034281, -53.3667253], [-72.8939438, -53.3620774]]], [[[-72.9573941, -53.1709905], [-72.9502755, -53.1686527], [-72.95078, -53.1743699], [-72.9573941, -53.1709905]]], [[[-72.9522443, -53.1672217], [-72.9625654, -53.1706111], [-72.9702902, -53.1652085], [-72.9522443, -53.1672217]]], [[[-72.7134311, -53.1472336], [-72.7049768, -53.150615], [-72.7313054, -53.149542], [-72.7134311, -53.1472336]]], [[[-73.0188272, -53.1025146], [-73.0022889, -53.103059], [-73.0181623, -53.1083663], [-73.0188272, -53.1025146]]], [[[-72.9797499, -53.09325], [-72.9624152, -53.0962693], [-72.9786265, -53.0976705], [-72.9797499, -53.09325]]], [[[-72.9587299, -53.0903934], [-72.9412083, -53.0842324], [-72.953002, -53.0942109], [-72.9587299, -53.0903934]]], [[[-72.9631877, -53.0871556], [-72.9663688, -53.0894785], [-72.9714221, -53.0886473], [-72.9631877, -53.0871556]]], [[[-72.9550123, -53.0832118], [-72.9572909, -53.084781], [-72.9645503, -53.0853787], [-72.9550123, -53.0832118]]], [[[-72.9627693, -53.0641808], [-72.9633915, -53.0668272], [-72.9674578, -53.0654347], [-72.9627693, -53.0641808]]], [[[-72.9213774, -52.8244103], [-72.901454, -52.8159589], [-72.888405, -52.8282027], [-72.9097661, -52.8245027], [-72.9213774, -52.8244103]]], [[[-72.8046745, -52.819081], [-72.7993745, -52.8170385], [-72.8043205, -52.821321], [-72.8046745, -52.819081]]], [[[-72.7233231, -52.6508097], [-72.7156895, -52.6556455], [-72.7208179, -52.6554763], [-72.7233231, -52.6508097]]], [[[-72.8468535, -52.6073038], [-72.8518913, -52.6076501], [-72.849694, -52.6035593], [-72.8468535, -52.6073038]]], [[[-72.8339857, -52.6022347], [-72.816892, -52.5991541], [-72.8332052, -52.6028276], [-72.8339857, -52.6022347]]], [[[-72.8327072, -52.5752232], [-72.8264982, -52.5760725], [-72.8314515, -52.5773871], [-72.8327072, -52.5752232]]], [[[-72.8257672, -52.5691994], [-72.8197845, -52.5694714], [-72.8231513, -52.5730502], [-72.8257672, -52.5691994]]], [[[-72.6995158, -52.4201086], [-72.6985771, -52.4172982], [-72.6939261, -52.4194477], [-72.6995158, -52.4201086]]], [[[-72.6213509, -54.3372499], [-72.6415211, -54.3485887], [-72.6452869, -54.3418487], [-72.6358724, -54.3309959], [-72.6213509, -54.3372499]]], [[[-72.4881256, -54.3390779], [-72.49143, -54.3360067], [-72.4855399, -54.3349683], [-72.4881256, -54.3390779]]], [[[-72.4926424, -54.3357721], [-72.4997395, -54.3342833], [-72.4929589, -54.3324066], [-72.4926424, -54.3357721]]], [[[-72.674008, -54.3348838], [-72.6719427, -54.3274736], [-72.686652, -54.3279241], [-72.6978207, -54.3173806], [-72.6716209, -54.3115852], [-72.6442516, -54.328409], [-72.674008, -54.3348838]]], [[[-72.5181048, -54.3077026], [-72.5216771, -54.3104896], [-72.5231211, -54.3073894], [-72.5181048, -54.3077026]]], [[[-72.538991, -54.3043304], [-72.5415123, -54.3068031], [-72.5437385, -54.3048688], [-72.538991, -54.3043304]]], [[[-72.5380234, -54.2897161], [-72.5360701, -54.2913544], [-72.5455248, -54.293186], [-72.5380234, -54.2897161]]], [[[-72.5031325, -54.2895071], [-72.4897356, -54.2894899], [-72.4908735, -54.2830909], [-72.5559358, -54.2897818], [-72.5457971, -54.2796028], [-72.5671944, -54.2836373], [-72.533011, -54.2709117], [-72.5342931, -54.2656345], [-72.5127348, -54.2638111], [-72.5088604, -54.2700283], [-72.4780968, -54.2718898], [-72.4810714, -54.2764129], [-72.4652195, -54.2803709], [-72.4763185, -54.2892128], [-72.453745, -54.2961196], [-72.4942585, -54.3048986], [-72.4725393, -54.2960288], [-72.4871385, -54.2911165], [-72.5063324, -54.3010618], [-72.4987981, -54.2935007], [-72.5031325, -54.2895071]]], [[[-72.6204336, -54.2675675], [-72.618202, -54.2655687], [-72.6163995, -54.2676427], [-72.6204336, -54.2675675]]], [[[-72.5438029, -54.2572404], [-72.5338733, -54.2614236], [-72.5589144, -54.2715241], [-72.5438029, -54.2572404]]], [[[-72.6381925, -54.26745], [-72.6464081, -54.2604836], [-72.6399708, -54.2541788], [-72.6263693, -54.2573407], [-72.6381925, -54.26745]]], [[[-72.5473246, -54.2575694], [-72.5500417, -54.2556563], [-72.5438619, -54.2519725], [-72.5473246, -54.2575694]]], [[[-72.6570189, -54.2399126], [-72.6542133, -54.2314584], [-72.6331902, -54.2388263], [-72.6400647, -54.2467744], [-72.6324633, -54.2504211], [-72.6516813, -54.2536147], [-72.6476097, -54.2686452], [-72.6693879, -54.2593273], [-72.6851338, -54.2779891], [-72.7022544, -54.2758921], [-72.696383, -54.2684415], [-72.7052772, -54.261574], [-72.6942372, -54.2478322], [-72.6570189, -54.2399126]]], [[[-72.556082, -54.2465879], [-72.5596923, -54.2507126], [-72.5669155, -54.2546692], [-72.5658023, -54.2481519], [-72.556082, -54.2465879]]], [[[-72.5850713, -54.2515118], [-72.5788111, -54.2533169], [-72.5948346, -54.2508756], [-72.576617, -54.2433217], [-72.5850713, -54.2515118]]], [[[-72.5249362, -54.2461585], [-72.5293136, -54.2477445], [-72.5340116, -54.2455543], [-72.5249362, -54.2461585]]], [[[-72.5180376, -54.2378513], [-72.5114071, -54.2366098], [-72.5152481, -54.2391837], [-72.5180376, -54.2378513]]], [[[-72.5069493, -54.2294892], [-72.5011075, -54.2288589], [-72.5023466, -54.2318253], [-72.5069493, -54.2294892]]], [[[-72.5511736, -54.2007812], [-72.5534803, -54.2054156], [-72.5557816, -54.2020834], [-72.5511736, -54.2007812]]], [[[-72.6255995, -54.1756704], [-72.6325196, -54.1756264], [-72.6257604, -54.1728978], [-72.6255995, -54.1756704]]], [[[-72.655769, -54.1668748], [-72.6474059, -54.1680682], [-72.6504421, -54.1705239], [-72.655769, -54.1668748]]], [[[-72.6819205, -54.156122], [-72.6939181, -54.1681498], [-72.6995587, -54.1612342], [-72.6819205, -54.156122]]], [[[-72.4814791, -54.1245825], [-72.4872029, -54.1486011], [-72.5263095, -54.1623837], [-72.5219911, -54.1405462], [-72.4814791, -54.1245825]]], [[[-72.6376855, -54.1275626], [-72.640754, -54.1202754], [-72.614345, -54.1143328], [-72.6161233, -54.1079648], [-72.552225, -54.1330774], [-72.5562429, -54.14487], [-72.5759545, -54.1466295], [-72.5643861, -54.1573989], [-72.5928618, -54.1685393], [-72.5979245, -54.1655809], [-72.5890517, -54.1623272], [-72.6017332, -54.1604772], [-72.6022589, -54.151779], [-72.623266, -54.1598521], [-72.638104, -54.1514899], [-72.6345635, -54.1449234], [-72.6460004, -54.1462116], [-72.6249236, -54.1365613], [-72.6478887, -54.1422211], [-72.6362693, -54.128449], [-72.6312268, -54.1316426], [-72.6288128, -54.1181186], [-72.6376855, -54.1275626]]], [[[-72.6701832, -54.146042], [-72.6746196, -54.1271131], [-72.688905, -54.1207627], [-72.6700223, -54.1115373], [-72.6470518, -54.1133612], [-72.6442409, -54.1293354], [-72.657263, -54.139814], [-72.6469445, -54.1341193], [-72.6492673, -54.1415737], [-72.6701832, -54.146042]]], [[[-72.5053507, -54.1269182], [-72.5139177, -54.1323749], [-72.5110745, -54.1269433], [-72.5053507, -54.1269182]]], [[[-72.6954389, -54.1257676], [-72.6917535, -54.1170464], [-72.6903373, -54.1192347], [-72.6954389, -54.1257676]]], [[[-72.6847208, -54.1116253], [-72.6864427, -54.115839], [-72.6880896, -54.1125467], [-72.6847208, -54.1116253]]], [[[-72.5063354, -54.1038245], [-72.5047955, -54.105676], [-72.5093606, -54.105746], [-72.5063354, -54.1038245]]], [[[-72.6172458, -54.0999019], [-72.6202512, -54.1002716], [-72.6193795, -54.0962765], [-72.6172458, -54.0999019]]], [[[-72.4805932, -54.0838624], [-72.4765599, -54.0902487], [-72.4876213, -54.0842105], [-72.4805932, -54.0838624]]], [[[-72.5318456, -54.0873587], [-72.5362337, -54.0996928], [-72.5465521, -54.0774146], [-72.5441167, -54.0747141], [-72.5318456, -54.0873587]]], [[[-72.4847353, -54.0686249], [-72.4824876, -54.0689208], [-72.4787593, -54.0710267], [-72.4847353, -54.0686249]]], [[[-72.5233376, -54.0160796], [-72.5221896, -54.0126202], [-72.5181475, -54.0156194], [-72.5086807, -54.0092784], [-72.5070284, -54.0196285], [-72.5233376, -54.0160796]]], [[[-72.5183246, -54.008229], [-72.5144488, -54.0113688], [-72.5156746, -54.0126489], [-72.5183246, -54.008229]]], [[[-72.5415123, -54.0068608], [-72.5438941, -54.0035016], [-72.535264, -54.0054311], [-72.5415123, -54.0068608]]], [[[-72.4419674, -53.7197012], [-72.4361229, -53.7153125], [-72.4352324, -53.7206027], [-72.4419674, -53.7197012]]], [[[-72.6260769, -53.6878332], [-72.6186177, -53.6906692], [-72.6173423, -53.6993004], [-72.6260769, -53.6878332]]], [[[-72.4331725, -53.6823483], [-72.4352217, -53.6778301], [-72.4267942, -53.6795014], [-72.4331725, -53.6823483]]], [[[-72.6587328, -53.5791287], [-72.6558039, -53.586084], [-72.668421, -53.5774231], [-72.6587328, -53.5791287]]], [[[-72.6673105, -53.5212685], [-72.674059, -53.5243636], [-72.6808423, -53.5252294], [-72.6806974, -53.5179499], [-72.6673105, -53.5212685]]], [[[-72.5575522, -53.5146662], [-72.5572461, -53.5169755], [-72.5636458, -53.5174858], [-72.5575522, -53.5146662]]], [[[-72.4692857, -53.3684298], [-72.4686488, -53.3707752], [-72.4741593, -53.3707095], [-72.4692857, -53.3684298]]], [[[-72.4322462, -53.3622599], [-72.4263939, -53.3656951], [-72.4333462, -53.3635668], [-72.4322462, -53.3622599]]], [[[-72.6421273, -53.3530537], [-72.646451, -53.3542272], [-72.6469445, -53.3507931], [-72.6421273, -53.3530537]]], [[[-72.4926732, -53.3372709], [-72.5238177, -53.3188065], [-72.5110209, -53.3060123], [-72.4833553, -53.3216128], [-72.4926732, -53.3372709]]], [[[-72.5289059, -53.2832667], [-72.5224042, -53.2844725], [-72.527597, -53.2849215], [-72.5289059, -53.2832667]]], [[[-72.4468303, -53.2133286], [-72.4479032, -53.2096149], [-72.4393523, -53.2112533], [-72.4468303, -53.2133286]]], [[[-72.4656138, -53.2022443], [-72.459898, -53.218065], [-72.4933934, -53.2036292], [-72.4656138, -53.2022443]]], [[[-72.4515188, -52.8391502], [-72.4483913, -52.8431551], [-72.4565184, -52.8398047], [-72.4515188, -52.8391502]]], [[[-72.5055036, -52.8270018], [-72.531513, -52.8362531], [-72.5247109, -52.827441], [-72.5055036, -52.8270018]]], [[[-72.5167072, -52.8216971], [-72.5183118, -52.823177], [-72.5266367, -52.8263098], [-72.5167072, -52.8216971]]], [[[-72.5369927, -52.7927698], [-72.5486174, -52.7991711], [-72.5407156, -52.7921649], [-72.5369927, -52.7927698]]], [[[-72.477032, -52.7896864], [-72.4844241, -52.8009323], [-72.4931252, -52.785271], [-72.477032, -52.7896864]]], [[[-72.5127, -52.7773474], [-72.5011236, -52.7875907], [-72.5190863, -52.8020593], [-72.5372154, -52.7811536], [-72.5127, -52.7773474]]], [[[-72.5550145, -52.7882039], [-72.5446719, -52.7873279], [-72.550849, -52.7912955], [-72.5550145, -52.7882039]]], [[[-72.503154, -52.7849352], [-72.4983019, -52.7839927], [-72.5014427, -52.7863741], [-72.503154, -52.7849352]]], [[[-72.5176853, -52.7686524], [-72.5457551, -52.7811815], [-72.553575, -52.7760924], [-72.5439754, -52.7679343], [-72.5176853, -52.7686524]]], [[[-72.4612847, -52.7905023], [-72.5060427, -52.7667869], [-72.5017512, -52.7630411], [-72.4798858, -52.7771332], [-72.4915373, -52.7510549], [-72.4584711, -52.7311659], [-72.4063021, -52.7214747], [-72.3698294, -52.7345214], [-72.3829937, -52.7528277], [-72.3810411, -52.7629112], [-72.4019945, -52.7618919], [-72.4612847, -52.7905023]]], [[[-72.6043081, -52.7487203], [-72.5996572, -52.7514737], [-72.6089913, -52.7532449], [-72.6043081, -52.7487203]]], [[[-72.5428882, -52.744092], [-72.5483492, -52.7464163], [-72.5302953, -52.7460575], [-72.5561759, -52.7643849], [-72.5821477, -52.7607436], [-72.5717944, -52.7557059], [-72.5786662, -52.7526329], [-72.5709039, -52.7435943], [-72.5778857, -52.7399196], [-72.5512165, -52.7327462], [-72.553491, -52.7397637], [-72.5428882, -52.744092]]], [[[-72.6004404, -52.7445312], [-72.6009607, -52.7426704], [-72.5895184, -52.7454373], [-72.6004404, -52.7445312]]], [[[-72.6080257, -52.7307988], [-72.6304919, -52.7384548], [-72.6171559, -52.7288497], [-72.6080257, -52.7307988]]], [[[-72.47706, -52.72795], [-72.4800843, -52.7299022], [-72.4888417, -52.7246068], [-72.47706, -52.72795]]], [[[-72.6052147, -52.7210848], [-72.5939119, -52.7262085], [-72.6080203, -52.726072], [-72.6052147, -52.7210848]]], [[[-72.6172417, -52.7194504], [-72.6189476, -52.7262572], [-72.6264364, -52.7222285], [-72.6257899, -52.7204154], [-72.6172417, -52.7194504]]], [[[-72.6153964, -52.7176567], [-72.6046568, -52.7153821], [-72.6100963, -52.7198078], [-72.6153964, -52.7176567]]], [[[-72.6281798, -52.6687868], [-72.622228, -52.6696569], [-72.6278392, -52.6723927], [-72.6281798, -52.6687868]]], [[[-72.6180089, -52.6371096], [-72.6012021, -52.6421195], [-72.5975758, -52.6470441], [-72.6079506, -52.645586], [-72.6180089, -52.6371096]]], [[[-72.6587999, -52.6156932], [-72.6675546, -52.6134914], [-72.6627964, -52.607198], [-72.6570994, -52.6156867], [-72.631892, -52.6103318], [-72.5818312, -52.6342089], [-72.6539022, -52.6375263], [-72.6619005, -52.627811], [-72.6587999, -52.6156932]]], [[[-72.6690996, -52.6051228], [-72.6666373, -52.6083708], [-72.6744211, -52.6104425], [-72.6690996, -52.6051228]]], [[[-72.6273, -52.6042302], [-72.6287565, -52.6056799], [-72.6374146, -52.6043116], [-72.6273, -52.6042302]]], [[[-72.6524101, -52.59906], [-72.6438385, -52.5968211], [-72.650528, -52.5999882], [-72.6524101, -52.59906]]], [[[-72.6368165, -52.5953743], [-72.6299822, -52.5954818], [-72.6367629, -52.5969872], [-72.6368165, -52.5953743]]], [[[-72.6280189, -52.5870022], [-72.6241565, -52.5866111], [-72.6272035, -52.5883059], [-72.6280189, -52.5870022]]], [[[-72.6891249, -52.5826119], [-72.6938269, -52.5819633], [-72.6863381, -52.5814368], [-72.6891249, -52.5826119]]], [[[-72.6781869, -52.5824], [-72.6612461, -52.5716423], [-72.6393485, -52.5714858], [-72.6215601, -52.5843818], [-72.663703, -52.5908479], [-72.6781869, -52.5824]]], [[[-72.6222038, -52.5798966], [-72.6189423, -52.579688], [-72.6196933, -52.5822045], [-72.6222038, -52.5798966]]], [[[-72.6845394, -52.5756148], [-72.6883686, -52.5790165], [-72.7048762, -52.5846613], [-72.7019902, -52.5795576], [-72.6845394, -52.5756148]]], [[[-72.675384, -52.5670605], [-72.7075356, -52.5779815], [-72.6888835, -52.5650559], [-72.675384, -52.5670605]]], [[[-72.6679901, -52.55939], [-72.6585102, -52.5611167], [-72.6677585, -52.561221], [-72.6679901, -52.55939]]], [[[-72.6638961, -52.557725], [-72.6645828, -52.5569292], [-72.6601625, -52.5563682], [-72.6638961, -52.557725]]], [[[-72.6500344, -52.5474831], [-72.6431895, -52.5454345], [-72.6483822, -52.5510061], [-72.6500344, -52.5474831]]], [[[-72.4311769, -52.5466611], [-72.4367237, -52.5469873], [-72.4457467, -52.5469286], [-72.4311769, -52.5466611]]], [[[-72.6975739, -52.4213943], [-72.6852787, -52.4210933], [-72.6959217, -52.42303], [-72.6975739, -52.4213943]]], [[[-72.6909354, -52.4158177], [-72.6762825, -52.4161596], [-72.685504, -52.4166668], [-72.6909354, -52.4158177]]], [[[-72.6979226, -52.4122921], [-72.685402, -52.4090182], [-72.6897499, -52.4145155], [-72.6979226, -52.4122921]]], [[[-72.6577914, -52.4050437], [-72.660833, -52.4078483], [-72.6732355, -52.4072494], [-72.6577914, -52.4050437]]], [[[-72.2731948, -54.4647501], [-72.2639841, -54.4661453], [-72.2677124, -54.4713266], [-72.2731948, -54.4647501]]], [[[-72.4316704, -54.4442484], [-72.3831305, -54.4313556], [-72.3738393, -54.4406025], [-72.3781832, -54.4545957], [-72.370791, -54.4577399], [-72.4069941, -54.461021], [-72.4073964, -54.4516906], [-72.4170182, -54.4566258], [-72.4298733, -54.4509047], [-72.4219716, -54.4506084], [-72.4049771, -54.4431083], [-72.4236989, -54.4501281], [-72.4153841, -54.4436682], [-72.4316704, -54.4442484]]], [[[-72.4305855, -54.4374297], [-72.4098909, -54.4305037], [-72.428036, -54.4395956], [-72.4305855, -54.4374297]]], [[[-72.2548056, -54.4566524], [-72.2647914, -54.4465598], [-72.3046732, -54.4337753], [-72.3056871, -54.4477108], [-72.2843796, -54.4628295], [-72.2870082, -54.4715371], [-72.3008537, -54.4669294], [-72.3051238, -54.4750563], [-72.3437423, -54.4515846], [-72.3376375, -54.4436277], [-72.3663265, -54.4177938], [-72.3469113, -54.3942775], [-72.3108839, -54.3924949], [-72.285136, -54.4020129], [-72.2948845, -54.4149684], [-72.2796696, -54.4051959], [-72.2522253, -54.4100551], [-72.2492722, -54.420397], [-72.2661996, -54.4201332], [-72.2676104, -54.4290979], [-72.2786692, -54.4333198], [-72.2421348, -54.4282023], [-72.2416145, -54.4370514], [-72.2257626, -54.4359501], [-72.2302017, -54.4441018], [-72.2191697, -54.4566025], [-72.2484702, -54.4681952], [-72.2627342, -54.4660315], [-72.2548056, -54.4566524]]], [[[-72.394495, -54.4156088], [-72.3877928, -54.4304123], [-72.4070907, -54.4201098], [-72.394495, -54.4156088]]], [[[-72.3884944, -54.412649], [-72.3844689, -54.4173818], [-72.391727, -54.4154027], [-72.3884944, -54.412649]]], [[[-72.3999935, -54.4141385], [-72.4205071, -54.4190735], [-72.4317992, -54.4104298], [-72.4068761, -54.4033204], [-72.3999935, -54.4141385]]], [[[-72.369006, -54.3983663], [-72.3727208, -54.3946546], [-72.364355, -54.3920233], [-72.369006, -54.3983663]]], [[[-72.3667529, -54.3895542], [-72.3716439, -54.3930516], [-72.3724741, -54.3905443], [-72.3667529, -54.3895542]]], [[[-72.2720012, -54.3893605], [-72.2775614, -54.3960069], [-72.2886229, -54.3866335], [-72.2694451, -54.3748209], [-72.2784922, -54.3880705], [-72.2720012, -54.3893605]]], [[[-72.2935903, -54.3827224], [-72.2994831, -54.3861494], [-72.2958487, -54.3800106], [-72.2935903, -54.3827224]]], [[[-72.3664176, -54.3265484], [-72.391676, -54.3324332], [-72.3608682, -54.341242], [-72.306599, -54.3354683], [-72.2880113, -54.342804], [-72.3072884, -54.3511838], [-72.3108999, -54.3557575], [-72.3026696, -54.3581208], [-72.329426, -54.3753568], [-72.3274291, -54.3669397], [-72.3559758, -54.3439829], [-72.3758563, -54.3523109], [-72.3702908, -54.3642863], [-72.3399416, -54.3747209], [-72.3563278, -54.3761504], [-72.3494124, -54.3795264], [-72.3547983, -54.3826271], [-72.3913676, -54.384375], [-72.3949832, -54.3788937], [-72.3860192, -54.3777173], [-72.4051675, -54.3607606], [-72.4133972, -54.3610509], [-72.409038, -54.3691398], [-72.4154592, -54.3743912], [-72.4419057, -54.3632455], [-72.4551183, -54.3694867], [-72.4272099, -54.3837252], [-72.4450761, -54.3783391], [-72.4538979, -54.3810736], [-72.442292, -54.3838189], [-72.4540186, -54.3847936], [-72.4740876, -54.3750275], [-72.4463877, -54.3895792], [-72.4561751, -54.3921747], [-72.4470073, -54.392587], [-72.4519157, -54.3959257], [-72.4216631, -54.3971702], [-72.4409938, -54.3990034], [-72.4619606, -54.4136718], [-72.4514383, -54.4211663], [-72.4505639, -54.4403459], [-72.4624085, -54.443127], [-72.4739957, -54.429332], [-72.5011772, -54.4236866], [-72.5003665, -54.4157114], [-72.4759832, -54.4033173], [-72.4940881, -54.4044274], [-72.5154841, -54.3869553], [-72.5316525, -54.3875425], [-72.5367916, -54.3677866], [-72.5269425, -54.3645613], [-72.5460774, -54.3471567], [-72.5270498, -54.3483855], [-72.4933907, -54.3687844], [-72.5106373, -54.3449788], [-72.4055618, -54.3444363], [-72.4252278, -54.3383179], [-72.4113862, -54.3336226], [-72.4259251, -54.3319437], [-72.4289346, -54.3244031], [-72.4209416, -54.3194019], [-72.3664176, -54.3265484]]], [[[-72.2937512, -54.3745022], [-72.2856027, -54.3682898], [-72.2708988, -54.3694586], [-72.2937512, -54.3745022]]], [[[-72.2592688, -54.3647207], [-72.2653574, -54.3682898], [-72.2661674, -54.3598916], [-72.2592688, -54.3647207]]], [[[-72.2606528, -54.3622109], [-72.2585177, -54.3598197], [-72.2563183, -54.3613045], [-72.2606528, -54.3622109]]], [[[-72.2597194, -54.3494001], [-72.2630292, -54.3534238], [-72.2699332, -54.3457418], [-72.2597194, -54.3494001]]], [[[-72.3357359, -54.330497], [-72.3444557, -54.3294475], [-72.3300362, -54.3293599], [-72.3357359, -54.330497]]], [[[-72.2618759, -54.3212354], [-72.2587913, -54.319258], [-72.2615594, -54.3226245], [-72.2618759, -54.3212354]]], [[[-72.263335, -54.3156565], [-72.2605133, -54.3149023], [-72.2641504, -54.3175902], [-72.263335, -54.3156565]]], [[[-72.2522628, -54.310709], [-72.2527859, -54.3120155], [-72.2598481, -54.3130263], [-72.2522628, -54.310709]]], [[[-72.2497416, -54.3149712], [-72.2344261, -54.3063336], [-72.2386158, -54.3103991], [-72.2497416, -54.3149712]]], [[[-72.3385871, -54.3155845], [-72.3505819, -54.3056388], [-72.3332548, -54.2955623], [-72.3443216, -54.2912355], [-72.3004836, -54.2844437], [-72.2726476, -54.2920213], [-72.2627288, -54.3053696], [-72.2527134, -54.3011659], [-72.2576165, -54.3106589], [-72.2771269, -54.3146551], [-72.2676641, -54.3163793], [-72.2684366, -54.3230438], [-72.2534967, -54.325728], [-72.2562325, -54.3322127], [-72.3025328, -54.3310866], [-72.3441929, -54.3166953], [-72.3385871, -54.3155845]]], [[[-72.2420758, -54.2761537], [-72.2315884, -54.2741616], [-72.2464156, -54.2811492], [-72.2420758, -54.2761537]]], [[[-72.2465819, -54.2727864], [-72.2482663, -54.2818632], [-72.2571445, -54.2790634], [-72.2584856, -54.2743432], [-72.2465819, -54.2727864]]], [[[-72.4222344, -54.2761693], [-72.4390948, -54.2835778], [-72.4213023, -54.2682332], [-72.4155289, -54.2803756], [-72.4222344, -54.2761693]]], [[[-72.247349, -54.2650894], [-72.2507876, -54.2704308], [-72.2555512, -54.2669691], [-72.247349, -54.2650894]]], [[[-72.2719073, -54.2413586], [-72.2637253, -54.241759], [-72.2653118, -54.2616899], [-72.2782588, -54.2635761], [-72.2748363, -54.2474702], [-72.2675876, -54.2449211], [-72.2719073, -54.2413586]]], [[[-72.3099625, -54.2506907], [-72.3088387, -54.243411], [-72.301881, -54.244958], [-72.3099625, -54.2506907]]], [[[-72.2463673, -54.244505], [-72.2417539, -54.2450081], [-72.2462332, -54.2474687], [-72.2463673, -54.244505]]], [[[-72.2432452, -54.2426227], [-72.2379023, -54.238748], [-72.2351772, -54.2406133], [-72.236883, -54.2428452], [-72.2432452, -54.2426227]]], [[[-72.2503263, -54.2323912], [-72.2505462, -54.2289279], [-72.2448385, -54.2320197], [-72.2503263, -54.2323912]]], [[[-72.2971603, -54.2296288], [-72.3024443, -54.2326115], [-72.2991519, -54.2281832], [-72.2971603, -54.2296288]]], [[[-72.2940409, -54.2281534], [-72.2853613, -54.2317124], [-72.2939926, -54.2319758], [-72.2940409, -54.2281534]]], [[[-72.3038363, -54.2278304], [-72.2910798, -54.2171727], [-72.2825302, -54.2179301], [-72.2877538, -54.2249736], [-72.3038363, -54.2278304]]], [[[-72.2479606, -54.2281785], [-72.2477192, -54.2118314], [-72.2282088, -54.2159878], [-72.2266236, -54.2277795], [-72.2479606, -54.2281785]]], [[[-72.301712, -54.2177553], [-72.3006378, -54.2192342], [-72.3096246, -54.2216171], [-72.301712, -54.2177553]]], [[[-72.2752708, -54.2148334], [-72.2740263, -54.2182117], [-72.2788006, -54.2155047], [-72.2752708, -54.2148334]]], [[[-72.2483683, -54.2080165], [-72.2372371, -54.2049042], [-72.2380713, -54.207524], [-72.2483683, -54.2080165]]], [[[-72.2448492, -54.1822603], [-72.25904, -54.18356], [-72.2537649, -54.1768635], [-72.2448492, -54.1822603]]], [[[-72.4290955, -54.1702193], [-72.400353, -54.1782261], [-72.4488983, -54.1809559], [-72.4290955, -54.1702193]]], [[[-72.3970431, -54.1743956], [-72.370382, -54.1677714], [-72.3651141, -54.1603516], [-72.3720557, -54.1581717], [-72.3463413, -54.1493269], [-72.3963136, -54.155211], [-72.4048913, -54.1482728], [-72.4291223, -54.1554718], [-72.4148423, -54.1367923], [-72.4251339, -54.1277323], [-72.3925853, -54.1209482], [-72.3746922, -54.1253707], [-72.3696229, -54.1109917], [-72.3755211, -54.1075953], [-72.3495841, -54.1135734], [-72.3382276, -54.1083469], [-72.348538, -54.1062146], [-72.3340917, -54.1036591], [-72.3048744, -54.1181186], [-72.2937526, -54.1094405], [-72.301594, -54.107482], [-72.2932389, -54.0967736], [-72.3130846, -54.111965], [-72.3470689, -54.0938846], [-72.3581162, -54.1061847], [-72.3750839, -54.1022233], [-72.3937199, -54.1106851], [-72.4032336, -54.0986697], [-72.4234012, -54.1026448], [-72.4298519, -54.096028], [-72.3769212, -54.0878747], [-72.3726216, -54.0760235], [-72.348353, -54.0729972], [-72.3440105, -54.059273], [-72.3239046, -54.0565477], [-72.3223583, -54.0683747], [-72.3095655, -54.0657004], [-72.2966574, -54.0752689], [-72.3020071, -54.0780802], [-72.2931759, -54.0819267], [-72.3007793, -54.0883463], [-72.2889823, -54.0894133], [-72.2898406, -54.0958345], [-72.2813568, -54.0970284], [-72.2837251, -54.0836347], [-72.2754157, -54.0836583], [-72.2513804, -54.0979745], [-72.2565517, -54.1036481], [-72.2464129, -54.1035553], [-72.2661406, -54.1148642], [-72.2741953, -54.115666], [-72.2755766, -54.1086803], [-72.2775883, -54.1216776], [-72.2636274, -54.1165339], [-72.2623211, -54.1288545], [-72.2471881, -54.1122936], [-72.2242579, -54.1235891], [-72.2255534, -54.1356326], [-72.2044015, -54.1398234], [-72.2107932, -54.1466908], [-72.2098839, -54.1392829], [-72.2241117, -54.1370759], [-72.2287291, -54.1550744], [-72.2329, -54.1408526], [-72.2448599, -54.1331135], [-72.2507595, -54.1417599], [-72.2570586, -54.1329218], [-72.2900954, -54.1478125], [-72.2609022, -54.1584528], [-72.2687423, -54.1660646], [-72.2645406, -54.1777638], [-72.2722453, -54.1769545], [-72.2634745, -54.1891364], [-72.2743401, -54.1900215], [-72.2606501, -54.1992216], [-72.3083907, -54.2108918], [-72.332025, -54.1987682], [-72.3378602, -54.2054548], [-72.3276946, -54.2088816], [-72.3334439, -54.2139426], [-72.3131087, -54.2173365], [-72.3197714, -54.223796], [-72.3026052, -54.2341565], [-72.3153698, -54.2405012], [-72.3114645, -54.2514499], [-72.3295393, -54.256005], [-72.3210159, -54.2634273], [-72.3467195, -54.2627662], [-72.359236, -54.2501304], [-72.3550169, -54.2425643], [-72.3683596, -54.2478111], [-72.362452, -54.2543919], [-72.3909237, -54.2539602], [-72.3893774, -54.2442025], [-72.4029654, -54.2428076], [-72.3847049, -54.2399573], [-72.3983346, -54.2342968], [-72.3847666, -54.2251868], [-72.4146196, -54.2233592], [-72.3993042, -54.2300615], [-72.420719, -54.2490593], [-72.4000311, -54.2549873], [-72.4084962, -54.2640962], [-72.3955196, -54.2582024], [-72.3532587, -54.271878], [-72.373091, -54.2905544], [-72.3919094, -54.2927759], [-72.3882723, -54.2864666], [-72.3977459, -54.28388], [-72.3816687, -54.2699421], [-72.4010557, -54.2788332], [-72.4153063, -54.2687345], [-72.4123532, -54.2596994], [-72.4206814, -54.2624669], [-72.4158615, -54.2563035], [-72.4271751, -54.2599822], [-72.4399477, -54.2816534], [-72.5069171, -54.2619844], [-72.5151756, -54.2568597], [-72.5067132, -54.2527897], [-72.5223532, -54.2493665], [-72.5045514, -54.2478589], [-72.5122172, -54.2445285], [-72.4983904, -54.2332206], [-72.4580862, -54.2403405], [-72.5196274, -54.2178306], [-72.4986023, -54.1935838], [-72.4919531, -54.1997409], [-72.4416161, -54.1856898], [-72.4017263, -54.1860649], [-72.4063396, -54.1795761], [-72.3975796, -54.184373], [-72.3871672, -54.1770801], [-72.3970431, -54.1743956]]], [[[-72.2473705, -54.1536403], [-72.2395331, -54.1484487], [-72.2401446, -54.1578026], [-72.2473705, -54.1536403]]], [[[-72.26282, -54.1513706], [-72.2707486, -54.152734], [-72.2712421, -54.1516722], [-72.26282, -54.1513706]]], [[[-72.25833, -54.1497997], [-72.2514474, -54.1497714], [-72.2504094, -54.1521536], [-72.25833, -54.1497997]]], [[[-72.2665563, -54.1438393], [-72.269032, -54.1434638], [-72.2661245, -54.1399899], [-72.2665563, -54.1438393]]], [[[-72.4344599, -54.1296561], [-72.4251956, -54.1245448], [-72.4276471, -54.1272922], [-72.4344599, -54.1296561]]], [[[-72.4063665, -54.1090545], [-72.4109423, -54.1136725], [-72.4124846, -54.1075182], [-72.4063665, -54.1090545]]], [[[-72.2519946, -54.0917369], [-72.2437656, -54.0931086], [-72.2483307, -54.0938133], [-72.2519946, -54.0917369]]], [[[-72.2649229, -54.0559305], [-72.2623005, -54.0622425], [-72.27016, -54.0627537], [-72.2649229, -54.0559305]]], [[[-72.293483, -54.0539278], [-72.2889715, -54.0527815], [-72.2895134, -54.0550237], [-72.293483, -54.0539278]]], [[[-72.3248005, -54.048804], [-72.3334909, -54.0536003], [-72.3439622, -54.0550315], [-72.3427928, -54.0487552], [-72.3248005, -54.048804]]], [[[-72.2981286, -54.0521927], [-72.2987455, -54.0507692], [-72.2926891, -54.0516006], [-72.2981286, -54.0521927]]], [[[-72.2608461, -54.035555], [-72.2641343, -54.0500134], [-72.2778136, -54.0525768], [-72.2682638, -54.0371984], [-72.2608461, -54.035555]]], [[[-72.2916699, -54.042281], [-72.2750831, -54.0367084], [-72.2773147, -54.0419125], [-72.2916699, -54.042281]]], [[[-72.2684325, -54.0299315], [-72.2578874, -54.0238404], [-72.2607332, -54.0324946], [-72.2684325, -54.0299315]]], [[[-72.2761989, -54.0114192], [-72.2875929, -54.0145966], [-72.2859621, -54.0050638], [-72.2724009, -54.0048305], [-72.2733343, -54.0309713], [-72.2925496, -54.0310028], [-72.2761989, -54.0114192]]], [[[-72.2346112, -54.0044064], [-72.2478265, -54.0226209], [-72.2545669, -54.0239035], [-72.2467643, -54.0065944], [-72.2346112, -54.0044064]]], [[[-72.3019266, -54.0147983], [-72.303375, -54.010442], [-72.2992337, -54.0082542], [-72.3019266, -54.0147983]]], [[[-72.2914928, -54.0163207], [-72.29967166319653, -54.0005], [-72.2888811, -53.9989124], [-72.2914928, -54.0163207]]], [[[-72.2987348, -53.9962509], [-72.2995448, -53.9930123], [-72.2934562, -53.9947404], [-72.2987348, -53.9962509]]], [[[-72.3291564, -53.993438], [-72.3328042, -53.9892939], [-72.3307335, -53.9872596], [-72.3291564, -53.993438]]], [[[-72.3685125, -53.9891457], [-72.3603478, -53.981533], [-72.355206, -53.9914796], [-72.3685125, -53.9891457]]], [[[-72.3083907, -53.9770328], [-72.3146778, -53.9686432], [-72.3007625, -53.9560697], [-72.3039812, -53.9939552], [-72.3266995, -53.9965631], [-72.3201227, -53.9744962], [-72.3083907, -53.9770328]]], [[[-72.3278582, -53.8978146], [-72.3296821, -53.8956273], [-72.3247576, -53.8944988], [-72.3278582, -53.8978146]]], [[[-72.2431728, -53.8888163], [-72.2357136, -53.8972583], [-72.2560367, -53.8903543], [-72.2431728, -53.8888163]]], [[[-72.3360282, -53.8872782], [-72.322003, -53.8890076], [-72.3284215, -53.8936295], [-72.3360282, -53.8872782]]], [[[-72.2703114, -53.8907875], [-72.2674549, -53.8871517], [-72.2621307, -53.8903607], [-72.2703114, -53.8907875]]], [[[-72.2732055, -53.7539477], [-72.2681844, -53.7512167], [-72.2653091, -53.7542743], [-72.2732055, -53.7539477]]], [[[-72.3162013, -53.698574], [-72.3288184, -53.7008828], [-72.3208134, -53.6948461], [-72.3162013, -53.698574]]], [[[-72.2689194, -53.6245324], [-72.2550416, -53.6363945], [-72.2640055, -53.6434453], [-72.2501063, -53.6546981], [-72.2856912, -53.6741918], [-72.3224777, -53.6703783], [-72.3410627, -53.6572748], [-72.3664364, -53.652657], [-72.373091, -53.6370338], [-72.4086008, -53.6182564], [-72.4097621, -53.599754], [-72.4290767, -53.5840475], [-72.4303883, -53.564673], [-72.4067983, -53.5626196], [-72.3963726, -53.5675993], [-72.4104112, -53.578291], [-72.3846191, -53.5704202], [-72.3647922, -53.5826909], [-72.2983861, -53.6037537], [-72.2952023, -53.608964], [-72.3089567, -53.6132373], [-72.3082915, -53.6191776], [-72.3190472, -53.6131872], [-72.3206216, -53.6260531], [-72.2689194, -53.6245324]]], [[[-72.347315, -53.5831749], [-72.3401132, -53.5838795], [-72.3475885, -53.5847831], [-72.347315, -53.5831749]]], [[[-72.3655893, -53.2625693], [-72.3619341, -53.2601476], [-72.3576127, -53.2598006], [-72.3655893, -53.2625693]]], [[[-72.3627806, -53.2439793], [-72.366482, -53.2462801], [-72.3684749, -53.2429031], [-72.3627806, -53.2439793]]], [[[-72.318783, -53.2187957], [-72.3074392, -53.2178932], [-72.3139711, -53.2202893], [-72.318783, -53.2187957]]], [[[-72.3672706, -53.1981247], [-72.3520517, -53.2006915], [-72.3588645, -53.201347], [-72.3672706, -53.1981247]]], [[[-72.2448023, -53.1639462], [-72.2336215, -53.1651924], [-72.2376555, -53.1663502], [-72.2448023, -53.1639462]]], [[[-72.2947383, -53.1011725], [-72.2707003, -53.0946442], [-72.2293568, -53.1100489], [-72.2400963, -53.1180937], [-72.2337341, -53.1247577], [-72.2487438, -53.1193718], [-72.2409117, -53.1180229], [-72.2446936, -53.1113804], [-72.2947383, -53.1011725]]], [[[-72.3462528, -53.0900906], [-72.3432541, -53.0984628], [-72.3616326, -53.090068], [-72.3462528, -53.0900906]]], [[[-73.2594323, -53.208439], [-73.2172975, -53.228405], [-73.2007617, -53.2247215], [-73.2380819, -53.2131519], [-73.2539499, -53.2018619], [-73.245517, -53.1934616], [-73.2518256, -53.1889362], [-73.2740021, -53.190704], [-73.3125293, -53.162076], [-73.3029968, -53.1559196], [-73.2736936, -53.1592874], [-73.2456699, -53.1732173], [-73.2605159, -53.180768], [-73.2402223, -53.1779871], [-73.2182953, -53.1881471], [-73.1618562, -53.1830859], [-73.1481277, -53.1912898], [-73.157503, -53.197817], [-73.1268775, -53.1961933], [-73.1323251, -53.2029528], [-73.1218296, -53.2118219], [-73.1188631, -53.1916007], [-73.084842, -53.1753828], [-73.041594, -53.1753957], [-73.0234087, -53.1989056], [-73.0257583, -53.1726948], [-73.0126906, -53.1704182], [-72.9808259, -53.1808034], [-72.9776394, -53.1907747], [-72.9664761, -53.1867826], [-72.9698396, -53.2020547], [-72.9579842, -53.1858954], [-72.9660952, -53.1747012], [-72.9508388, -53.1761866], [-72.9393375, -53.1735758], [-72.9051232, -53.1899004], [-72.9212272, -53.1990759], [-72.9261866, -53.2136434], [-72.9103589, -53.2149187], [-72.9124081, -53.2067908], [-72.8838587, -53.1975366], [-72.8511894, -53.2102863], [-72.8567416, -53.2172636], [-72.8501701, -53.2217732], [-72.8569508, -53.2234497], [-72.8516829, -53.227053], [-72.8415442, -53.2234625], [-72.8456131, -53.2167015], [-72.8264272, -53.2155226], [-72.7531251, -53.2427634], [-72.7461434, -53.2532884], [-72.7526236, -53.2623637], [-72.7742959, -53.253712], [-72.755971, -53.2658418], [-72.7550091, -53.284261], [-72.7622366, -53.2906682], [-72.7494478, -53.2947724], [-72.7667856, -53.3122496], [-72.7464867, -53.3125829], [-72.7373886, -53.2953175], [-72.7229476, -53.30046], [-72.7373672, -53.2820094], [-72.7338696, -53.262261], [-72.7157593, -53.2586413], [-72.6979065, -53.2660343], [-72.6829076, -53.2595399], [-72.7070904, -53.2575374], [-72.725308, -53.2478449], [-72.7326465, -53.2334368], [-72.8536785, -53.1895919], [-72.8156957, -53.193656], [-72.8285569, -53.1859002], [-72.8096795, -53.1817566], [-72.7158237, -53.207835], [-72.7299804, -53.1944716], [-72.7567139, -53.1875147], [-72.7358866, -53.1865608], [-72.7442738, -53.1835584], [-72.7394915, -53.1755484], [-72.7509981, -53.1744954], [-72.7395397, -53.1722205], [-72.7474925, -53.1650718], [-72.7899411, -53.1676976], [-72.8037411, -53.1614991], [-72.7740517, -53.1585637], [-72.785773, -53.1472401], [-72.7388102, -53.1543515], [-72.7043545, -53.1698329], [-72.7200508, -53.1569956], [-72.6812956, -53.1538368], [-72.6767439, -53.1564182], [-72.6861048, -53.1602588], [-72.6609281, -53.1664289], [-72.6604092, -53.1555047], [-72.6792973, -53.1410832], [-72.6994882, -53.1507617], [-72.7152792, -53.1449718], [-72.7186668, -53.1194556], [-72.7321342, -53.1098831], [-72.7461836, -53.1314544], [-72.7347614, -53.1321182], [-72.7398428, -53.1386842], [-72.7861995, -53.1364042], [-72.7927145, -53.117284], [-72.7978885, -53.1318921], [-72.8219265, -53.1380986], [-72.832434, -53.1552948], [-72.8600836, -53.1575537], [-72.8827402, -53.1481715], [-72.8797871, -53.1406987], [-72.9217637, -53.1307189], [-72.9354402, -53.1118908], [-72.9466921, -53.1119021], [-72.9414457, -53.1055163], [-72.9562032, -53.1062312], [-72.9563427, -53.1152862], [-72.9734069, -53.1090362], [-72.968595, -53.1006676], [-72.9300356, -53.1059736], [-72.9266185, -53.0924649], [-72.8806937, -53.0687226], [-72.8841913, -53.0550941], [-72.8602874, -53.0488854], [-72.8484321, -53.0367038], [-72.8642625, -53.0296423], [-72.8704758, -53.041059], [-72.8981562, -53.0551058], [-72.9075614, -53.0550587], [-72.9027253, -53.0470746], [-72.9192558, -53.052979], [-72.9265916, -53.028155], [-72.9461691, -53.0164791], [-72.9149991, -53.003115], [-72.9438342, -52.9638214], [-72.9384363, -52.954672], [-72.963004, -52.9389627], [-72.9210033, -52.9183971], [-72.9013306, -52.9203838], [-72.919929, -52.9132758], [-72.9547441, -52.8821452], [-73.0111671, -52.8561751], [-72.9490686, -52.8374424], [-72.9061318, -52.8448237], [-72.8586996, -52.8244136], [-72.8142178, -52.7939668], [-72.7807787, -52.7863968], [-72.8206229, -52.8215431], [-72.8042078, -52.8261153], [-72.7848745, -52.8029819], [-72.7389399, -52.78193], [-72.6938886, -52.7243664], [-72.6518208, -52.7373603], [-72.6513916, -52.7584281], [-72.6284668, -52.748178], [-72.6019961, -52.7707076], [-72.6116104, -52.7870157], [-72.6107387, -52.8073972], [-72.6536608, -52.8247004], [-72.6857346, -52.8555743], [-72.7195144, -52.8688836], [-72.7188063, -52.9044987], [-72.6975954, -52.907485], [-72.6912761, -52.8792446], [-72.6793671, -52.8647385], [-72.6627159, -52.8517988], [-72.6389891, -52.8489966], [-72.6140607, -52.8178069], [-72.5766921, -52.8035203], [-72.5470108, -52.8085273], [-72.5345063, -52.8012047], [-72.5226241, -52.8134364], [-72.5481105, -52.8243422], [-72.5535017, -52.8230586], [-72.5451698, -52.8202774], [-72.5496608, -52.8156574], [-72.6288021, -52.8606352], [-72.6394182, -52.8776776], [-72.6296336, -52.8780176], [-72.6044583, -52.8532792], [-72.5496286, -52.8260959], [-72.5468606, -52.8369985], [-72.6013899, -52.8684173], [-72.4805859, -52.8258487], [-72.4638945, -52.8327839], [-72.4703264, -52.8412304], [-72.4453336, -52.8851848], [-72.4217436, -52.8815512], [-72.4427855, -52.8597688], [-72.4345511, -52.8577331], [-72.4389124, -52.8538947], [-72.430619, -52.8435148], [-72.4386925, -52.8271234], [-72.4324697, -52.8210698], [-72.385751, -52.8002577], [-72.3845641, -52.7890757], [-72.3741679, -52.782181], [-72.2981876, -52.75892], [-72.25373, -52.7131446], [-72.2439721, -52.7168184], [-72.2033715, -52.7041206], [-72.1892846, -52.6841452], [-72.1936727, -52.6680288], [-72.1721882, -52.6710785], [-72.1649838, -52.6479083], [-72.1458918, -52.6681378], [-72.1298039, -52.6701978], [-72.1180639, -52.659983], [-72.1036282, -52.6715689], [-72.1033989, -52.6639003], [-72.0969294, -52.6687428], [-72.0878689, -52.6634749], [-72.0907489, -52.6561704], [-72.0706082, -52.6721292], [-72.0556167, -52.6684122], [-72.0477471, -52.6831615], [-72.0008111, -52.6666104], [-71.993537, -52.658932], [-72.0001191, -52.6459798], [-71.9823897, -52.6565469], [-71.9714248, -52.6561271], [-71.9680667, -52.6474965], [-71.9506877, -52.6762133], [-71.9177699, -52.6870881], [-71.7760634, -52.70323], [-71.7577252, -52.6964814], [-71.7114651, -52.6993877], [-71.6871429, -52.6908372], [-71.6679704, -52.6967707], [-71.600946, -52.6812086], [-71.5808616, -52.6658068], [-71.5431002, -52.6543357], [-71.5109103, -52.6563752], [-71.4771057, -52.6463281], [-71.4475292, -52.6869926], [-71.3958228, -52.7222772], [-71.40308, -52.74594], [-71.4205999, -52.73457], [-71.430884, -52.7397131], [-71.3972202, -52.7805972], [-71.4028984, -52.8015096], [-71.3883448, -52.7964823], [-71.4106195, -52.83411], [-71.4842864, -52.8358065], [-71.5149172, -52.857], [-71.5511431, -52.8651067], [-71.5727403, -52.8888478], [-71.6140302, -52.8915957], [-71.7202842, -52.9432721], [-71.8420833, -52.9828988], [-71.860317, -53.002563], [-71.9080402, -53.0026728], [-71.9256556, -53.0227926], [-71.9240356, -53.0378005], [-71.9460404, -53.0491595], [-71.9444364, -53.0611972], [-71.9624582, -53.0578234], [-71.9592986, -53.0770345], [-71.978648, -53.0774696], [-71.9813758, -53.1015098], [-72.0026135, -53.1040187], [-72.0059851, -53.1127674], [-72.0236367, -53.1087463], [-72.0047003, -53.1195151], [-72.0244306, -53.1226395], [-72.0166361, -53.1270351], [-72.035881, -53.1368532], [-72.0735204, -53.130764], [-72.0640207, -53.1416511], [-72.090877, -53.1370108], [-72.1001011, -53.1483854], [-72.119633, -53.1414034], [-72.1171224, -53.1461043], [-72.1302491, -53.14539], [-72.1533269, -53.1355948], [-72.1834159, -53.0980828], [-72.2169918, -53.071575], [-72.2480813, -53.0568819], [-72.2780603, -53.0646031], [-72.3166278, -53.041355], [-72.3579767, -53.0384779], [-72.2771617, -53.0655749], [-72.2358698, -53.0991111], [-72.2725752, -53.086243], [-72.2925523, -53.0981198], [-72.2978845, -53.0911553], [-72.2898352, -53.0915661], [-72.2914311, -53.0850951], [-72.3581886, -53.0631847], [-72.3618364, -53.0720391], [-72.3689979, -53.0672914], [-72.3664284, -53.059013], [-72.3935187, -53.0504783], [-72.3932344, -53.0584118], [-72.4046606, -53.0586326], [-72.4042207, -53.0675992], [-72.4842632, -53.068513], [-72.4685669, -53.0772295], [-72.4998522, -53.0687741], [-72.5630021, -53.0848293], [-72.6040614, -53.0739955], [-72.5944805, -53.0860923], [-72.5647616, -53.0915049], [-72.4964109, -53.0741598], [-72.4573499, -53.0828945], [-72.441895, -53.093921], [-72.4234065, -53.083911], [-72.3896134, -53.0839078], [-72.3371118, -53.1081055], [-72.3361838, -53.1177331], [-72.3271313, -53.1195602], [-72.3530012, -53.129174], [-72.351467, -53.1345006], [-72.3202193, -53.1344226], [-72.3054242, -53.1422319], [-72.30643, -53.1497077], [-72.2704951, -53.159601], [-72.271167, -53.1532175], [-72.2616372, -53.1515318], [-72.2714004, -53.146751], [-72.2578231, -53.1481892], [-72.2739083, -53.1402996], [-72.246421, -53.1447369], [-72.237618, -53.1507179], [-72.2581181, -53.1497109], [-72.2544462, -53.1587462], [-72.2455385, -53.1655237], [-72.2224447, -53.1709777], [-72.2242579, -53.1791638], [-72.2047126, -53.1943968], [-72.229912, -53.2084808], [-72.2674119, -53.2146826], [-72.2828172, -53.2136353], [-72.2946847, -53.1961387], [-72.316314, -53.205647], [-72.3431683, -53.2007276], [-72.3595834, -53.1934423], [-72.3627913, -53.1806105], [-72.3862124, -53.1893412], [-72.3875105, -53.1991755], [-72.4026637, -53.1991587], [-72.3924498, -53.2064398], [-72.3807715, -53.2001408], [-72.3540902, -53.2025351], [-72.3182324, -53.2238347], [-72.3594305, -53.2405451], [-72.4318421, -53.2264509], [-72.4218133, -53.2140176], [-72.4430054, -53.1920089], [-72.4883187, -53.2013349], [-72.5168788, -53.19207], [-72.5115278, -53.1991948], [-72.5211328, -53.2001926], [-72.4876267, -53.2097193], [-72.4443492, -53.2361138], [-72.4578542, -53.2391871], [-72.5342757, -53.2231317], [-72.5441784, -53.2158663], [-72.5433898, -53.2074591], [-72.5280798, -53.2000689], [-72.5393182, -53.1986742], [-72.5373334, -53.1936866], [-72.5671542, -53.2027809], [-72.6164746, -53.1954285], [-72.5658131, -53.2077129], [-72.5539792, -53.2290312], [-72.5278008, -53.2396847], [-72.4634385, -53.2541293], [-72.4599195, -53.2457905], [-72.4384832, -53.2475111], [-72.4210542, -53.2590425], [-72.448003, -53.2799895], [-72.4631329, -53.2783452], [-72.4472876, -53.2847171], [-72.4594314, -53.3004761], [-72.4818184, -53.3092713], [-72.5025076, -53.304932], [-72.5293672, -53.2699693], [-72.5568867, -53.2716808], [-72.5474829, -53.2769866], [-72.5343776, -53.2719182], [-72.5307083, -53.2846778], [-72.5374353, -53.2892893], [-72.521106, -53.3016783], [-72.5358796, -53.3204408], [-72.507062, -53.3511405], [-72.5082314, -53.3600797], [-72.5417376, -53.3772102], [-72.577014, -53.3847362], [-72.6071835, -53.3804614], [-72.6258517, -53.3738307], [-72.6437762, -53.345023], [-72.6601946, -53.3520243], [-72.6745606, -53.3468495], [-72.6361513, -53.3802694], [-72.6222897, -53.3833923], [-72.633673, -53.3897848], [-72.6059818, -53.388985], [-72.580576, -53.4002895], [-72.6075053, -53.4288479], [-72.5986326, -53.4303437], [-72.6152945, -53.43237], [-72.6158846, -53.4385377], [-72.5881291, -53.4287775], [-72.5881076, -53.4188553], [-72.5707913, -53.4127422], [-72.5565575, -53.3941801], [-72.5211246, -53.4021769], [-72.4883746, -53.4419695], [-72.4779727, -53.4451039], [-72.4707091, -53.4556569], [-72.4782616, -53.4625246], [-72.4628882, -53.4634225], [-72.4424389, -53.4786664], [-72.4324618, -53.4905967], [-72.4369255, -53.4956969], [-72.424723, -53.496502], [-72.3865812, -53.5253003], [-72.3905119, -53.5349594], [-72.4580044, -53.536367], [-72.4988437, -53.5277454], [-72.5058362, -53.5359414], [-72.5153553, -53.5353277], [-72.5130259, -53.5296826], [-72.5568652, -53.5387772], [-72.5596896, -53.5317822], [-72.5491914, -53.5270359], [-72.5544063, -53.5232195], [-72.5328997, -53.4991563], [-72.5728753, -53.519854], [-72.5939441, -53.5105097], [-72.5773412, -53.5072334], [-72.5847066, -53.4962923], [-72.6133928, -53.5000369], [-72.6520729, -53.4861176], [-72.6034713, -53.4636374], [-72.6565361, -53.4800015], [-72.6787663, -53.4741782], [-72.6771462, -53.4622593], [-72.6920781, -53.4671151], [-72.7239615, -53.4604564], [-72.7446735, -53.4475193], [-72.7405563, -53.4359173], [-72.7562445, -53.4365469], [-72.7652997, -53.4235242], [-72.7611691, -53.3979675], [-72.7837265, -53.4031296], [-72.7781193, -53.4149899], [-72.7902228, -53.4193572], [-72.7805829, -53.4343338], [-72.7945411, -53.4347125], [-72.8138289, -53.4237096], [-72.8178106, -53.4116631], [-72.818563, -53.4052979], [-72.807979, -53.4017352], [-72.8141481, -53.399051], [-72.8015283, -53.4018055], [-72.7964348, -53.3953957], [-72.7993409, -53.3873461], [-72.8141259, -53.3835291], [-72.8026763, -53.3830684], [-72.8028184, -53.3755397], [-72.8179193, -53.3808374], [-72.8109348, -53.3934637], [-72.8194783, -53.3981946], [-72.8146711, -53.3948328], [-72.833181, -53.3862447], [-72.8296298, -53.395367], [-72.8359169, -53.3978011], [-72.8471017, -53.3851409], [-72.8731299, -53.3909812], [-72.9071081, -53.3838723], [-72.9134166, -53.3760901], [-72.8777969, -53.3679224], [-72.884717, -53.3577747], [-72.8765202, -53.3548803], [-72.9349709, -53.3648432], [-72.9783154, -53.3358703], [-72.9774142, -53.3247473], [-73.0200666, -53.3102112], [-73.0484766, -53.2825338], [-73.0554128, -53.284293], [-73.0372985, -53.3088418], [-73.0583256, -53.3051949], [-73.0666191, -53.2873139], [-73.0789009, -53.2950498], [-73.1011069, -53.2896068], [-73.1071097, -53.2787957], [-73.1173021, -53.2862621], [-73.1334221, -53.2822035], [-73.1306326, -53.2714755], [-73.1437862, -53.2762649], [-73.1712306, -53.2672727], [-73.1768149, -53.2581825], [-73.161065, -53.2344097], [-73.1826836, -53.2547101], [-73.1940615, -53.2556922], [-73.2594323, -53.208439]]], [[[-72.2987026, -53.0866949], [-72.3081172, -53.0849421], [-72.2991478, -53.0862309], [-72.2987026, -53.0866949]]], [[[-72.3162174, -53.0829573], [-72.3165661, -53.0833697], [-72.3221129, -53.081127], [-72.3162174, -53.0829573]]], [[[-72.3730964, -52.7729891], [-72.3694217, -52.7696171], [-72.3718464, -52.7743424], [-72.3730964, -52.7729891]]], [[[-72.3538005, -52.6871239], [-72.3428035, -52.6848411], [-72.3358136, -52.6636547], [-72.3169416, -52.6602953], [-72.3162603, -52.684246], [-72.3281533, -52.6923166], [-72.3538005, -52.6871239]]], [[[-72.3811618, -52.6342642], [-72.3842061, -52.6300773], [-72.376838, -52.6332224], [-72.3811618, -52.6342642]]], [[[-72.232586, -52.5833618], [-72.2362885, -52.6035117], [-72.2541783, -52.6177606], [-72.2806599, -52.60751], [-72.2938353, -52.5789877], [-72.2809628, -52.5754729], [-72.2740025, -52.5987958], [-72.232586, -52.5833618]]], [[[-72.234512, -52.5703479], [-72.2346153, -52.5739186], [-72.2405148, -52.5721281], [-72.234512, -52.5703479]]], [[[-72.2807425, -52.5727866], [-72.2921312, -52.5756702], [-72.2964335, -52.5635364], [-72.2905111, -52.5521966], [-72.2807425, -52.5727866]]], [[[-72.2408527, -52.5614787], [-72.2361159, -52.5602655], [-72.2409895, -52.5672602], [-72.2408527, -52.5614787]]], [[[-72.1398354, -54.4869773], [-72.1544588, -54.4855251], [-72.1513903, -54.4729772], [-72.1387196, -54.4758917], [-72.1398354, -54.4869773]]], [[[-72.1648228, -54.4666862], [-72.1470881, -54.4663152], [-72.1608478, -54.4689621], [-72.1648228, -54.4666862]]], [[[-72.1271592, -54.4701311], [-72.1063936, -54.4733201], [-72.1286398, -54.4763094], [-72.1507841, -54.4593965], [-72.1347714, -54.4586606], [-72.1271592, -54.4701311]]], [[[-72.1471256, -54.4545988], [-72.1606171, -54.460017], [-72.1628916, -54.4531814], [-72.1471256, -54.4545988]]], [[[-72.2172976, -54.4551679], [-72.2171098, -54.4514505], [-72.2127941, -54.4533685], [-72.2172976, -54.4551679]]], [[[-72.1125051, -54.4440897], [-72.1055889, -54.4453964], [-72.1102018, -54.4463405], [-72.1125051, -54.4440897]]], [[[-72.1664965, -54.4396253], [-72.1723169, -54.4418246], [-72.1752513, -54.4374851], [-72.1664965, -54.4396253]]], [[[-72.0581701, -54.451424], [-72.0851451, -54.4538254], [-72.1178064, -54.4305614], [-72.0865855, -54.410205], [-72.0727587, -54.4199615], [-72.075693, -54.4321793], [-72.0581701, -54.451424]]], [[[-72.0187068, -54.411026], [-72.0104992, -54.4187427], [-72.02052, -54.4275688], [-72.0319462, -54.4257089], [-72.0187068, -54.411026]]], [[[-72.1046394, -54.4129444], [-72.1356484, -54.4107654], [-72.1266516, -54.4166506], [-72.1420375, -54.4392025], [-72.1718824, -54.429282], [-72.1776384, -54.4070532], [-72.1822304, -54.4175378], [-72.1988493, -54.413241], [-72.1464041, -54.3949622], [-72.2055817, -54.408107], [-72.2324306, -54.3801575], [-72.1999624, -54.3674163], [-72.2000375, -54.3727304], [-72.1873212, -54.367982], [-72.1490307, -54.3791864], [-72.1556136, -54.3800534], [-72.1488422, -54.389195], [-72.1276726, -54.3885578], [-72.1340981, -54.3850365], [-72.1222428, -54.3786016], [-72.1227577, -54.3900102], [-72.0858827, -54.4049941], [-72.1046394, -54.4129444]]], [[[-72.2248681, -54.3751966], [-72.2298503, -54.377526], [-72.2329187, -54.3751396], [-72.2248681, -54.3751966]]], [[[-72.1213297, -54.3651926], [-72.0893803, -54.3670413], [-72.0992723, -54.368357], [-72.0948967, -54.3740501], [-72.0781204, -54.3742334], [-72.0836136, -54.3803715], [-72.125676, -54.3768862], [-72.1213297, -54.3651926]]], [[[-72.2395384, -54.3587382], [-72.2345442, -54.3567782], [-72.2347105, -54.358113], [-72.2395384, -54.3587382]]], [[[-72.1209902, -54.3433184], [-72.1217228, -54.3443273], [-72.1305764, -54.3445192], [-72.1209902, -54.3433184]]], [[[-72.2209346, -54.3294006], [-72.2298986, -54.3313869], [-72.2247058, -54.3249772], [-72.2209346, -54.3294006]]], [[[-72.2088379, -54.3183475], [-72.1837324, -54.3130373], [-72.1835929, -54.3199745], [-72.1693826, -54.3212385], [-72.1954161, -54.3335921], [-72.1876216, -54.3218643], [-72.2088379, -54.3183475]]], [[[-72.0235992, -54.3083117], [-72.0193237, -54.3098608], [-72.0245647, -54.3131437], [-72.0235992, -54.3083117]]], [[[-72.0556462, -54.3042678], [-72.0535422, -54.3130512], [-72.060442, -54.3108654], [-72.0556462, -54.3042678]]], [[[-72.0402932, -54.3038296], [-72.0358086, -54.3033601], [-72.0382118, -54.3102333], [-72.0402932, -54.3038296]]], [[[-72.0335287, -54.3040049], [-72.0259863, -54.3041833], [-72.0293176, -54.3082772], [-72.0335287, -54.3040049]]], [[[-72.0935619, -54.2892347], [-72.0870119, -54.3172367], [-72.0988351, -54.307451], [-72.0935619, -54.2892347]]], [[[-72.1563578, -54.2932487], [-72.1500626, -54.3013819], [-72.1608692, -54.2967739], [-72.1563578, -54.2932487]]], [[[-72.139948, -54.3039361], [-72.1488476, -54.2908128], [-72.1388081, -54.2893505], [-72.139948, -54.3039361]]], [[[-72.0661068, -54.3099422], [-72.0829886, -54.3102427], [-72.0808965, -54.2819666], [-72.0661068, -54.3099422]]], [[[-72.0599163, -54.2951021], [-72.0568371, -54.2945573], [-72.0601308, -54.2969836], [-72.0599163, -54.2951021]]], [[[-72.1620078, -54.2911243], [-72.1579081, -54.2865136], [-72.1569639, -54.2897075], [-72.1620078, -54.2911243]]], [[[-72.2228149, -54.2845964], [-72.2251618, -54.2888041], [-72.2376958, -54.2860901], [-72.2228149, -54.2845964]]], [[[-72.2271922, -54.2803005], [-72.2198483, -54.2777291], [-72.2263862, -54.2805087], [-72.2271922, -54.2803005]]], [[[-72.1601947, -54.2783939], [-72.157318, -54.2859092], [-72.1699914, -54.2858247], [-72.1743983, -54.2644721], [-72.1533912, -54.2772531], [-72.1601947, -54.2783939]]], [[[-71.9806062, -54.2482864], [-72.0091125, -54.2750214], [-71.999647, -54.2882452], [-72.0584893, -54.2852454], [-72.0639503, -54.2670224], [-72.0894849, -54.2640648], [-72.0694971, -54.2435944], [-72.0546304, -54.2424382], [-72.0587897, -54.2478808], [-72.051875, -54.2504493], [-72.0297816, -54.2413972], [-71.9806062, -54.2482864]]], [[[-72.1618134, -54.3016792], [-72.216273, -54.2906366], [-72.2126573, -54.279274], [-72.2023174, -54.2758193], [-72.219792, -54.2562063], [-72.2150365, -54.248199], [-72.220189, -54.2434393], [-72.2091195, -54.2401595], [-72.2218908, -54.2363626], [-72.2167933, -54.2141104], [-72.1867096, -54.2153933], [-72.1824718, -54.2257325], [-72.1896306, -54.2305726], [-72.1792866, -54.2304762], [-72.1853149, -54.2379227], [-72.1781668, -54.2504728], [-72.1886972, -54.250827], [-72.177334, -54.2551737], [-72.1724671, -54.2817881], [-72.18447, -54.2946074], [-72.1618134, -54.3016792]]], [[[-72.1554726, -54.2495028], [-72.1616578, -54.2496689], [-72.1568728, -54.247989], [-72.1554726, -54.2495028]]], [[[-72.1658407, -54.2422849], [-72.1732168, -54.2408539], [-72.1662846, -54.2409714], [-72.1658407, -54.2422849]]], [[[-72.1571611, -54.2304409], [-72.1567521, -54.2390693], [-72.1660184, -54.2385364], [-72.1571611, -54.2304409]]], [[[-72.1611227, -54.2323003], [-72.1678256, -54.2367313], [-72.1762021, -54.2311692], [-72.1684492, -54.2255231], [-72.1611227, -54.2323003]]], [[[-72.055032, -54.232512], [-72.0724073, -54.2228853], [-72.0734198, -54.2192169], [-72.0356637, -54.2299557], [-72.055032, -54.232512]]], [[[-72.1145229, -54.2011475], [-72.115112, -54.1982626], [-72.1101514, -54.1985635], [-72.1145229, -54.2011475]]], [[[-72.1154702, -54.1922483], [-72.110645, -54.1903713], [-72.1119966, -54.1963519], [-72.1154702, -54.1922483]]], [[[-72.2005767, -54.18862], [-72.2097445, -54.1889904], [-72.2075987, -54.1842035], [-72.2005767, -54.18862]]], [[[-72.1144939, -54.1859582], [-72.107209, -54.1846335], [-72.1110822, -54.1865383], [-72.1144939, -54.1859582]]], [[[-72.2212297, -54.1826213], [-72.2248882, -54.1849851], [-72.2300756, -54.1847936], [-72.2246844, -54.1823733], [-72.229743, -54.1813797], [-72.2212297, -54.1826213]]], [[[-72.1998578, -54.174047], [-72.1930128, -54.1723986], [-72.1951157, -54.1766154], [-72.1998578, -54.174047]]], [[[-72.2190625, -54.1720312], [-72.2173727, -54.1698111], [-72.2135317, -54.1744866], [-72.2190625, -54.1720312]]], [[[-72.2086608, -54.1678452], [-72.2113484, -54.1672925], [-72.2063917, -54.1654616], [-72.2086608, -54.1678452]]], [[[-72.2187245, -54.1567361], [-72.2064453, -54.1562053], [-72.2151411, -54.160072], [-72.2187245, -54.1567361]]], [[[-72.2316232, -54.1590543], [-72.2339568, -54.1557529], [-72.2268382, -54.1562225], [-72.2316232, -54.1590543]]], [[[-72.1313113, -54.14963], [-72.0985776, -54.1470788], [-72.105208, -54.1551686], [-72.1313113, -54.14963]]], [[[-72.2060068, -54.1217994], [-72.2023965, -54.1203713], [-72.2005874, -54.1233737], [-72.2060068, -54.1217994]]], [[[-72.1877383, -54.121048], [-72.1881916, -54.1172629], [-72.1792826, -54.1184314], [-72.1877383, -54.121048]]], [[[-72.2115389, -54.1093674], [-72.2079206, -54.106342], [-72.2073573, -54.1098611], [-72.2115389, -54.1093674]]], [[[-72.1015656, -54.1009604], [-72.1040922, -54.0964621], [-72.1003211, -54.1000042], [-72.1015656, -54.1009604]]], [[[-72.1181524, -54.0741964], [-72.1296456, -54.0747456], [-72.1284011, -54.0720623], [-72.1181524, -54.0741964]]], [[[-72.1252817, -54.0654737], [-72.1219933, -54.0641389], [-72.1211323, -54.0671296], [-72.1252817, -54.0654737]]], [[[-72.0929074, -53.9743984], [-72.0918185, -53.9709056], [-72.0874411, -53.9744489], [-72.0929074, -53.9743984]]], [[[-72.1136919, -53.9336592], [-72.1145126, -53.9323059], [-72.1074826, -53.934253], [-72.1136919, -53.9336592]]], [[[-72.0652968, -53.9334508], [-72.0768195, -53.9415191], [-72.1057713, -53.9238994], [-72.0584303, -53.903744], [-72.0479, -53.9130915], [-72.0652971, -53.9191801], [-72.0652968, -53.9334508]]], [[[-72.1823564, -53.9254141], [-72.2003675, -53.9096804], [-72.197755, -53.9024198], [-72.1649167, -53.9168379], [-72.1823564, -53.9254141]]], [[[-72.2307837, -53.8987123], [-72.2110856, -53.8959244], [-72.211559, -53.9015822], [-72.2307837, -53.8987123]]], [[[-72.0325765, -53.8857661], [-72.0396321, -53.8958501], [-72.0485356, -53.8876331], [-72.0419723, -53.8934556], [-72.0325765, -53.8857661]]], [[[-72.0239532, -53.8877651], [-72.0185083, -53.8882772], [-72.0251924, -53.8901299], [-72.0239532, -53.8877651]]], [[[-72.2323769, -53.8728901], [-72.2216535, -53.8693604], [-72.2224635, -53.8712866], [-72.2323769, -53.8728901]]], [[[-72.1897942, -53.8483654], [-72.1673226, -53.8482989], [-72.1506071, -53.8275846], [-72.0863575, -53.8203097], [-72.046811, -53.8305164], [-72.0806497, -53.8758852], [-72.0574218, -53.8762362], [-72.0575827, -53.8860072], [-72.0971882, -53.8763437], [-72.0709777, -53.8957474], [-72.1055567, -53.9219251], [-72.1412569, -53.9144627], [-72.2158702, -53.8793573], [-72.1759701, -53.857412], [-72.190969, -53.8585715], [-72.1897942, -53.8483654]]], [[[-72.2052813, -53.8669469], [-72.2115684, -53.8683071], [-72.2104311, -53.8668014], [-72.2052813, -53.8669469]]], [[[-72.2531426, -53.8637583], [-72.2168577, -53.8628029], [-72.2353435, -53.8717231], [-72.2531426, -53.8637583]]], [[[-72.0124117, -53.8548064], [-72.0400371, -53.8721659], [-72.0417014, -53.8648188], [-72.0283882, -53.8547139], [-72.0124117, -53.8548064]]], [[[-72.2118634, -53.8593546], [-72.2157902, -53.8579498], [-72.1994568, -53.8572316], [-72.2118634, -53.8593546]]], [[[-72.0316994, -53.8550682], [-72.0342556, -53.8536918], [-72.0265851, -53.8526021], [-72.0316994, -53.8550682]]], [[[-72.0873988, -53.7709693], [-72.0790297, -53.7731319], [-72.0845202, -53.7755899], [-72.0873988, -53.7709693]]], [[[-72.1036363, -53.748419], [-72.122519, -53.7522412], [-72.1286479, -53.7457305], [-72.1036363, -53.748419]]], [[[-72.1005303, -53.7340752], [-72.0823851, -53.7361029], [-72.0629042, -53.7579645], [-72.0942807, -53.75534], [-72.1073484, -53.7420583], [-72.1015549, -53.726143], [-72.1005303, -53.7340752]]], [[[-72.16364, -53.7381383], [-72.1758762, -53.728336], [-72.1467407, -53.721282], [-72.1128255, -53.7334398], [-72.1274543, -53.7421757], [-72.16364, -53.7381383]]], [[[-72.2002763, -53.6970812], [-72.1839792, -53.7015084], [-72.1983853, -53.7017053], [-72.2002763, -53.6970812]]], [[[-72.2146368, -53.6648576], [-72.221632, -53.660255], [-72.2047019, -53.6605856], [-72.2146368, -53.6648576]]], [[[-72.2097391, -53.4376877], [-72.2013196, -53.4392839], [-72.2092295, -53.4385409], [-72.2097391, -53.4376877]]], [[[-72.1799558, -53.4234235], [-72.1806908, -53.4277931], [-72.1839872, -53.423553], [-72.1799558, -53.4234235]]], [[[-72.1530828, -53.419736], [-72.1543247, -53.4234763], [-72.1626797, -53.4248891], [-72.1530828, -53.419736]]], [[[-72.0976764, -53.4063277], [-72.0982021, -53.410747], [-72.107445, -53.4099635], [-72.0976764, -53.4063277]]], [[[-72.1009889, -53.3713872], [-72.1044999, -53.3693628], [-72.0980224, -53.3647991], [-72.1009889, -53.3713872]]], [[[-72.1530426, -53.2498734], [-72.1422225, -53.2509487], [-72.1529192, -53.2534986], [-72.1530426, -53.2498734]]], [[[-72.1998364, -53.1835873], [-72.1968699, -53.1887562], [-72.2103962, -53.1828512], [-72.1998364, -53.1835873]]], [[[-72.0747757, -53.1426116], [-72.0699853, -53.1463231], [-72.0821947, -53.1451873], [-72.0747757, -53.1426116]]], [[[-72.0720291, -53.1428288], [-72.065337, -53.1428948], [-72.0670241, -53.1447401], [-72.0720291, -53.1428288]]], [[[-72.2217554, -53.1388805], [-72.2269481, -53.1385394], [-72.2182095, -53.1434788], [-72.2327042, -53.1400615], [-72.2351772, -53.1315397], [-72.2217554, -53.1388805]]], [[[-72.2257358, -53.1230322], [-72.2240031, -53.1306095], [-72.2347426, -53.1283709], [-72.2257358, -53.1230322]]], [[[-72.215184, -53.1254272], [-72.2197035, -53.1271349], [-72.2196633, -53.1236439], [-72.215184, -53.1254272]]], [[[-72.1285298, -52.6328155], [-72.1281409, -52.6342935], [-72.132647, -52.6359783], [-72.1285298, -52.6328155]]], [[[-72.1055782, -52.6310606], [-72.107445, -52.6376175], [-72.1217224, -52.6321855], [-72.1055782, -52.6310606]]], [[[-72.1043444, -52.5773507], [-72.10984, -52.5739901], [-72.1096015, -52.5568118], [-72.1026707, -52.5610775], [-72.1043444, -52.5773507]]], [[[-72.0085788, -54.4127618], [-71.994009, -54.4138419], [-72.0054567, -54.4250223], [-72.0026243, -54.4157461], [-72.0090723, -54.4204531], [-72.0085788, -54.4127618]]], [[[-71.9879687, -54.4162393], [-71.9947922, -54.4185679], [-71.991638, -54.4146785], [-71.9879687, -54.4162393]]], [[[-71.9235823, -54.3981899], [-71.9674739, -54.3956571], [-71.977264, -54.3871755], [-71.9324738, -54.377783], [-71.8980235, -54.3848545], [-71.9235823, -54.3981899]]], [[[-71.3138974, -54.3714023], [-71.284487, -54.3716023], [-71.2665618, -54.3800012], [-71.2816787, -54.3838564], [-71.3138974, -54.3714023]]], [[[-71.9970185, -54.3829473], [-71.9832601, -54.3609755], [-71.9638181, -54.3593071], [-71.943562, -54.3710149], [-71.9970185, -54.3829473]]], [[[-71.3444853, -54.3589132], [-71.3425756, -54.3577004], [-71.3344216, -54.3603324], [-71.3444853, -54.3589132]]], [[[-71.005851, -54.3234411], [-70.9931588, -54.3302952], [-71.001931, -54.3358693], [-71.0156572, -54.3274987], [-71.005851, -54.3234411]]], [[[-70.9955084, -54.3197085], [-70.9975094, -54.3219206], [-70.9967852, -54.3188262], [-70.9955084, -54.3197085]]], [[[-71.0240793, -54.3190828], [-71.0277057, -54.3226245], [-71.0363585, -54.3140762], [-71.0240793, -54.3190828]]], [[[-71.6487229, -54.3019641], [-71.6334879, -54.302083], [-71.6018486, -54.3246831], [-71.6402793, -54.3239104], [-71.6428542, -54.3154906], [-71.6373865, -54.3186518], [-71.6338795, -54.306559], [-71.6487229, -54.3019641]]], [[[-71.0302377, -54.311241], [-71.0353446, -54.3129716], [-71.0374475, -54.310759], [-71.0302377, -54.311241]]], [[[-71.8263656, -54.3104523], [-71.8323147, -54.3112316], [-71.8395701, -54.31141], [-71.8263656, -54.3104523]]], [[[-70.999859, -54.3099985], [-70.9890229, -54.3051255], [-70.9742332, -54.3130905], [-70.9787259, -54.3164419], [-70.999859, -54.3099985]]], [[[-71.7892411, -54.3127494], [-71.8007156, -54.3147646], [-71.8072951, -54.303159], [-71.7961451, -54.3043508], [-71.7892411, -54.3127494]]], [[[-71.7404276, -54.3078641], [-71.7626953, -54.2918335], [-71.7576608, -54.2841681], [-71.6948515, -54.2718906], [-71.6851258, -54.2904871], [-71.6591084, -54.2869175], [-71.6716719, -54.2944133], [-71.6499245, -54.3129434], [-71.6731471, -54.3217266], [-71.6444019, -54.3152184], [-71.6513139, -54.3240324], [-71.676178, -54.3273172], [-71.7363051, -54.3194645], [-71.7519504, -54.3092568], [-71.7404276, -54.3078641]]], [[[-71.8014157, -54.2956922], [-71.7937338, -54.3017293], [-71.8087649, -54.298057], [-71.8014157, -54.2956922]]], [[[-72.0296288, -54.2949299], [-72.0032626, -54.2942943], [-71.9970024, -54.3043617], [-72.0296288, -54.2949299]]], [[[-71.5790016, -54.3114569], [-71.6100669, -54.3015352], [-71.6099006, -54.2925098], [-71.626761, -54.2835355], [-71.5766627, -54.2989245], [-71.5683639, -54.3071349], [-71.5790016, -54.3114569]]], [[[-71.6546299, -54.29029], [-71.66101, -54.2941299], [-71.65945, -54.29019], [-71.6546299, -54.29029]]], [[[-71.7868406, -54.2852187], [-71.7819938, -54.2928088], [-71.7972019, -54.2899063], [-71.7906064, -54.2832474], [-71.7803657, -54.2849729], [-71.7868406, -54.2852187]]], [[[-71.3970298, -54.2871367], [-71.4290661, -54.2816597], [-71.4072168, -54.2971182], [-71.4196622, -54.3051004], [-71.387634, -54.328653], [-71.4194798, -54.3256678], [-71.4173824, -54.3327976], [-71.4458138, -54.3298608], [-71.4573513, -54.3384469], [-71.5200285, -54.3170298], [-71.4993802, -54.3119999], [-71.5086593, -54.3041802], [-71.4985755, -54.2947358], [-71.5110746, -54.290255], [-71.5025747, -54.2777389], [-71.5052039, -54.2575005], [-71.4981866, -54.2565306], [-71.5080544, -54.2540111], [-71.5059724, -54.2287002], [-71.4837509, -54.2322733], [-71.4839091, -54.2627567], [-71.4757284, -54.2458121], [-71.4814892, -54.2364932], [-71.4626956, -54.22953], [-71.3957892, -54.2623722], [-71.3970298, -54.2871367]]], [[[-71.25406, -54.2685669], [-71.2472941, -54.2650236], [-71.2513308, -54.2699382], [-71.25406, -54.2685669]]], [[[-71.2584025, -54.2656235], [-71.2555882, -54.2626361], [-71.2565839, -54.2665062], [-71.2584025, -54.2656235]]], [[[-71.645515, -54.258475], [-71.6298991, -54.2619092], [-71.6409177, -54.263175], [-71.645515, -54.258475]]], [[[-71.6519523, -54.2538058], [-71.6639471, -54.2580802], [-71.6785812, -54.2464437], [-71.6745633, -54.2399393], [-71.6519523, -54.2538058]]], [[[-71.2364218, -54.2473041], [-71.2365371, -54.2491063], [-71.2434867, -54.2477366], [-71.2364218, -54.2473041]]], [[[-71.9920027, -54.241375], [-71.9838249, -54.2400691], [-71.9715725, -54.2454007], [-71.9816387, -54.2464907], [-71.9920027, -54.241375]]], [[[-71.9223699, -54.2340029], [-71.9185129, -54.2354294], [-71.9260204, -54.2364492], [-71.9223699, -54.2340029]]], [[[-71.5131265, -54.2189425], [-71.5109405, -54.2502252], [-71.520056, -54.2778168], [-71.5415982, -54.2807217], [-71.5530405, -54.2699421], [-71.552559, -54.2443726], [-71.5577116, -54.2576023], [-71.5635685, -54.2518546], [-71.5727064, -54.2638964], [-71.5804768, -54.262821], [-71.5825313, -54.2465675], [-71.6002272, -54.2208408], [-71.5843311, -54.2088777], [-71.5870294, -54.2017053], [-71.5011491, -54.1823294], [-71.4956251, -54.1982449], [-71.511949, -54.1980087], [-71.4822891, -54.21164], [-71.4840467, -54.2260806], [-71.5131265, -54.2189425]]], [[[-70.2312988, -54.2203272], [-70.2309179, -54.2320165], [-70.2151358, -54.2433029], [-70.236336, -54.2573626], [-70.2512451, -54.2827863], [-70.2760327, -54.2876064], [-70.3354168, -54.2807045], [-70.3708434, -54.2658381], [-70.4561698, -54.2494997], [-70.4982537, -54.2252934], [-70.4800254, -54.2245314], [-70.5051202, -54.1924586], [-70.5241156, -54.1817674], [-70.5190328, -54.1628705], [-70.5261272, -54.1622581], [-70.5243985, -54.1464379], [-70.513435, -54.1402162], [-70.4654825, -54.1503558], [-70.4027429, -54.1782434], [-70.3692395, -54.1824235], [-70.357081, -54.2012597], [-70.3407571, -54.1916238], [-70.2827463, -54.1931499], [-70.292818, -54.2056321], [-70.2640969, -54.2099585], [-70.2734846, -54.2230731], [-70.2920187, -54.229842], [-70.2959293, -54.2432559], [-70.2847338, -54.2309458], [-70.2312988, -54.2203272]]], [[[-70.2831325, -54.201051], [-70.265497, -54.2053434], [-70.2847955, -54.2053042], [-70.2831325, -54.201051]]], [[[-70.5171794, -54.1892729], [-70.5094707, -54.2028113], [-70.5178419, -54.1923723], [-70.5171794, -54.1892729]]], [[[-71.4736712, -54.201073], [-71.4780888, -54.1940561], [-71.4684704, -54.1908831], [-71.4666358, -54.1975569], [-71.4736712, -54.201073]]], [[[-70.5193144, -54.1861042], [-70.5195209, -54.1947089], [-70.5221576, -54.1857448], [-70.5193144, -54.1861042]]], [[[-70.2324599, -54.18445], [-70.2353001, -54.1892577], [-70.2445197, -54.1833637], [-70.2324599, -54.18445]]], [[[-70.2819201, -54.1682393], [-70.2729186, -54.180317], [-70.2629408, -54.1784192], [-70.2711511, -54.1881712], [-70.3001565, -54.1783744], [-70.2819201, -54.1682393]]], [[[-71.4957002, -53.9877225], [-71.5055788, -53.9982833], [-71.5033633, -54.0092993], [-71.4831609, -53.9860358], [-71.5102458, -53.959993], [-71.5092158, -53.9501336], [-71.4455885, -53.9458305], [-71.430662, -53.9767512], [-71.4619043, -53.9959403], [-71.4440677, -54.0074685], [-71.4404333, -53.9913786], [-71.4246485, -53.9889454], [-71.4023781, -54.0122625], [-71.4010397, -54.0217968], [-71.4079168, -54.022093], [-71.3981751, -54.0393594], [-71.4060339, -54.0510133], [-71.431177, -54.0483962], [-71.3963525, -54.0564383], [-71.4002618, -54.0698384], [-71.3934946, -54.0718813], [-71.4095798, -54.0884065], [-71.4021394, -54.0928553], [-71.3717365, -54.0635753], [-71.3772887, -54.0516856], [-71.3641083, -54.0487331], [-71.3643551, -54.0343251], [-71.3773477, -54.0237947], [-71.3672519, -54.0137581], [-71.3830447, -54.0004479], [-71.3924459, -53.9783515], [-71.3838105, -53.9750168], [-71.3918551, -53.971315], [-71.3709889, -53.9673588], [-71.331714, -53.9906248], [-71.268332, -54.0042153], [-71.2754291, -54.0267427], [-71.2643275, -54.0394728], [-71.277701, -54.0510999], [-71.2652233, -54.0560722], [-71.2675059, -54.0633833], [-71.2538783, -54.0624486], [-71.2510318, -54.0748888], [-71.2572169, -54.077583], [-71.2436919, -54.0801746], [-71.2416655, -54.0911548], [-71.2995261, -54.110031], [-71.2432104, -54.1062822], [-71.2346703, -54.110347], [-71.2487519, -54.110987], [-71.240716, -54.1297849], [-71.2263608, -54.1168923], [-71.2119627, -54.1179362], [-71.2097794, -54.1380698], [-71.2203258, -54.1433429], [-71.2233138, -54.1654585], [-71.2151089, -54.1684749], [-71.2051928, -54.1606154], [-71.2123878, -54.1710055], [-71.2092108, -54.1860493], [-71.2062764, -54.1781225], [-71.1883961, -54.1790231], [-71.1950031, -54.1491698], [-71.1884759, -54.1516926], [-71.1840356, -54.1283233], [-71.1911917, -54.1058419], [-71.1461688, -54.0869359], [-71.1413133, -54.1036623], [-71.1509586, -54.1402036], [-71.1361099, -54.1577099], [-71.1193782, -54.1628014], [-71.1152798, -54.1506888], [-71.1309332, -54.1285559], [-71.1187103, -54.0928427], [-71.0992241, -54.0830714], [-71.0785168, -54.0592186], [-71.0530981, -54.0653769], [-71.0494208, -54.0801164], [-71.0570852, -54.0841547], [-71.0312462, -54.0768591], [-71.0011464, -54.0909047], [-70.9925124, -54.1063671], [-70.9942451, -54.1260616], [-71.013203, -54.1235262], [-70.9887922, -54.1396568], [-71.0139138, -54.1661297], [-71.0255277, -54.164667], [-71.0253775, -54.1531613], [-71.0349476, -54.1538398], [-71.0200775, -54.1718679], [-71.0330272, -54.1806247], [-71.03881, -54.2020269], [-71.0778308, -54.2042233], [-71.0548684, -54.2115553], [-71.0614318, -54.2221808], [-71.0420394, -54.2218844], [-71.0316646, -54.2068463], [-71.0128677, -54.2004015], [-70.9997678, -54.1740847], [-70.9729672, -54.164042], [-70.9628016, -54.1979036], [-70.9755474, -54.2436383], [-71.0384882, -54.2433186], [-70.9736216, -54.2680484], [-70.9709018, -54.2780267], [-70.9845006, -54.2827088], [-70.9875959, -54.2972935], [-71.01695, -54.2988651], [-71.0039051, -54.3057475], [-71.0092789, -54.3100236], [-71.0374582, -54.2975409], [-71.0491312, -54.3047092], [-71.0606808, -54.2981294], [-71.0617697, -54.3057577], [-71.0403684, -54.3129403], [-71.0235, -54.3337547], [-71.04352, -54.3481135], [-71.1123106, -54.3212636], [-71.1353803, -54.3199792], [-71.1503175, -54.3024586], [-71.1633557, -54.3084525], [-71.1352354, -54.332172], [-71.0752693, -54.3467174], [-71.0679871, -54.358063], [-71.0819399, -54.373721], [-71.0871756, -54.3686586], [-71.0874975, -54.3790952], [-71.1009809, -54.3826896], [-71.0893643, -54.387908], [-71.1003614, -54.3902163], [-71.0977234, -54.395376], [-71.1191797, -54.4027834], [-71.1284816, -54.393777], [-71.1551643, -54.4008536], [-71.1647988, -54.3888795], [-71.146903, -54.3714398], [-71.1551106, -54.3603761], [-71.1679101, -54.3692523], [-71.1597455, -54.3586194], [-71.179626, -54.332904], [-71.1882788, -54.3398769], [-71.1741221, -54.3487247], [-71.176225, -54.37668], [-71.1968833, -54.3798232], [-71.2165332, -54.3741866], [-71.2304324, -54.3601448], [-71.22208, -54.3568829], [-71.2375778, -54.3571096], [-71.2420517, -54.3465141], [-71.2768903, -54.3367147], [-71.2767649, -54.3305596], [-71.3032919, -54.3277192], [-71.3035306, -54.3146442], [-71.3219333, -54.3122048], [-71.3458586, -54.3207254], [-71.3587546, -54.3172093], [-71.3606322, -54.3000139], [-71.3681692, -54.2999701], [-71.3608575, -54.2882546], [-71.3481934, -54.2862357], [-71.3009048, -54.2850356], [-71.2951595, -54.2935743], [-71.2771082, -54.2787361], [-71.2045263, -54.2914006], [-71.2415823, -54.2760417], [-71.2274732, -54.2622437], [-71.2354535, -54.2526079], [-71.2194447, -54.24733], [-71.2171581, -54.2579721], [-71.2023094, -54.2462126], [-71.1717359, -54.2444768], [-71.214138, -54.2378263], [-71.2084115, -54.2251304], [-71.2222503, -54.2233334], [-71.2166834, -54.2152977], [-71.2070221, -54.2207553], [-71.2119466, -54.2100432], [-71.2191899, -54.2082962], [-71.2211647, -54.2188217], [-71.247046, -54.2071537], [-71.2280265, -54.2340859], [-71.25947, -54.2428844], [-71.2663579, -54.2590046], [-71.3149461, -54.268935], [-71.3312405, -54.2659118], [-71.3362134, -54.2567829], [-71.3216838, -54.2397441], [-71.3283169, -54.2222569], [-71.3237076, -54.2169837], [-71.3408093, -54.2159007], [-71.3341051, -54.2213042], [-71.34288, -54.2238493], [-71.3307095, -54.23175], [-71.3462918, -54.2372612], [-71.3489297, -54.256352], [-71.3679707, -54.2631437], [-71.4540884, -54.2087601], [-71.4430296, -54.1730909], [-71.4124739, -54.1781036], [-71.4234603, -54.1701596], [-71.4230955, -54.1604426], [-71.3837743, -54.155533], [-71.3659269, -54.144086], [-71.4144373, -54.1551121], [-71.4169961, -54.1477277], [-71.40697, -54.1399648], [-71.4124417, -54.1375418], [-71.3860917, -54.1240229], [-71.3966516, -54.1143202], [-71.4272744, -54.1487818], [-71.4408933, -54.1531063], [-71.4672285, -54.135367], [-71.467993, -54.140829], [-71.5092909, -54.1260851], [-71.5326768, -54.1264959], [-71.5091099, -54.1290683], [-71.4552364, -54.1603971], [-71.477724, -54.1797833], [-71.4799851, -54.1918529], [-71.5014401, -54.1810972], [-71.5478155, -54.1845378], [-71.5806887, -54.197582], [-71.5998048, -54.1927882], [-71.5973291, -54.2111287], [-71.6117138, -54.217945], [-71.6142565, -54.227451], [-71.5983014, -54.2446179], [-71.60956, -54.2411478], [-71.6225325, -54.2483572], [-71.6570619, -54.22503], [-71.6731069, -54.2253295], [-71.6732664, -54.2104746], [-71.6925757, -54.173561], [-71.6900655, -54.1592088], [-71.7039925, -54.1663347], [-71.7058218, -54.152335], [-71.6484144, -54.1272938], [-71.6180706, -54.1002731], [-71.5860906, -54.101816], [-71.5792939, -54.0942065], [-71.5876705, -54.0920137], [-71.5625489, -54.0822941], [-71.6000998, -54.0912869], [-71.6346976, -54.0684187], [-71.6174859, -54.0727312], [-71.6101688, -54.0619162], [-71.651845, -54.0270105], [-71.6505334, -53.9820251], [-71.6152784, -53.9572439], [-71.6190201, -53.9512938], [-71.6016555, -53.9360578], [-71.560784, -53.942389], [-71.6021812, -53.9510349], [-71.5938261, -53.9537229], [-71.5342851, -53.9440648], [-71.5451373, -53.9512989], [-71.5293498, -53.9582042], [-71.5364778, -53.9742454], [-71.518283, -53.9728398], [-71.5261674, -53.969959], [-71.5231982, -53.9603978], [-71.5102297, -53.9652225], [-71.5132445, -53.9711738], [-71.4957002, -53.9877225]]], [[[-70.2979504, -54.1638757], [-70.2997002, -54.1608842], [-70.2920143, -54.1622525], [-70.2979504, -54.1638757]]], [[[-71.2055147, -54.1582816], [-71.2085402, -54.1501704], [-71.2018561, -54.147104], [-71.2012607, -54.1539875], [-71.2055147, -54.1582816]]], [[[-70.982438, -54.1486105], [-70.9837335, -54.1532367], [-70.9882182, -54.1519895], [-70.982438, -54.1486105]]], [[[-71.6670424, -54.1227811], [-71.6620427, -54.1222702], [-71.6630727, -54.1257645], [-71.6670424, -54.1227811]]], [[[-70.3071731, -54.0555621], [-70.2807105, -54.0795531], [-70.3095496, -54.1155182], [-70.2976996, -54.1247711], [-70.3178912, -54.1401753], [-70.3081924, -54.1474433], [-70.34026, -54.1572882], [-70.3711277, -54.1560513], [-70.4512882, -54.1267358], [-70.5072069, -54.0860734], [-70.4932487, -54.0886063], [-70.5072793, -54.0784752], [-70.5048385, -54.0686265], [-70.4970038, -54.0727564], [-70.5007964, -54.0639815], [-70.4863675, -54.0715658], [-70.4843867, -54.0611448], [-70.4144776, -54.0819574], [-70.3542781, -54.0639846], [-70.3375518, -54.0552457], [-70.3465453, -54.0525532], [-70.3389975, -54.0455064], [-70.3141469, -54.0432102], [-70.3017202, -54.0482277], [-70.3071731, -54.0555621]]], [[[-71.6129717, -54.0946391], [-71.6078541, -54.0945148], [-71.6125372, -54.0967122], [-71.6129717, -54.0946391]]], [[[-72.0771374, -53.9476183], [-72.027821, -53.9660777], [-72.06976, -53.9475875], [-72.061016, -53.9332139], [-72.0319086, -53.9151768], [-72.0407492, -53.904237], [-72.0333678, -53.8984342], [-72.040025, -53.8983457], [-72.0310533, -53.8949488], [-72.0123178, -53.8988356], [-72.0252782, -53.915992], [-72.0179343, -53.9199411], [-72.0038474, -53.8975965], [-71.9851095, -53.8875991], [-71.9660309, -53.8914087], [-71.9467619, -53.908418], [-71.9431597, -53.901026], [-71.9535399, -53.8883942], [-71.9729054, -53.8811156], [-71.9865257, -53.8634704], [-71.9609964, -53.861933], [-71.9195724, -53.8451753], [-71.9111744, -53.8516216], [-71.9174896, -53.8533145], [-71.8605396, -53.8587503], [-71.8767965, -53.8735148], [-71.8660569, -53.8760971], [-71.8787465, -53.8812279], [-71.8411446, -53.8848247], [-71.84532, -53.8915699], [-71.8356782, -53.8921595], [-71.8408698, -53.899915], [-71.8276142, -53.9021432], [-71.8313357, -53.9156973], [-71.8163717, -53.9238647], [-71.8228492, -53.9314027], [-71.8421316, -53.9290039], [-71.8196923, -53.9480074], [-71.8442398, -53.9631317], [-71.8395004, -53.9680878], [-71.8230236, -53.9618677], [-71.8257058, -53.966353], [-71.853303, -53.9808784], [-71.8251908, -53.9869127], [-71.8171871, -53.9818658], [-71.8020165, -53.9547345], [-71.8204004, -53.9396814], [-71.808942, -53.9353141], [-71.80619, -53.9411055], [-71.7821029, -53.9288317], [-71.7932798, -53.9153354], [-71.7864584, -53.9086406], [-71.7942166, -53.8961315], [-71.7892009, -53.8858712], [-71.7676172, -53.8852104], [-71.7729722, -53.893337], [-71.7510143, -53.9037645], [-71.7624915, -53.9104862], [-71.7649832, -53.9230591], [-71.7535007, -53.9179176], [-71.7613649, -53.9264865], [-71.7332017, -53.8964049], [-71.7145658, -53.900062], [-71.7212257, -53.906947], [-71.7017448, -53.9055517], [-71.672836, -53.9207341], [-71.6807216, -53.9308484], [-71.6642743, -53.9317438], [-71.66421, -53.9212364], [-71.6507185, -53.9245549], [-71.650182, -53.9397035], [-71.664564, -53.9469103], [-71.6664067, -53.962192], [-71.6730478, -53.9634804], [-71.6869846, -53.9460042], [-71.6808772, -53.9620019], [-71.7011131, -53.9903852], [-71.7227384, -53.9881159], [-71.7900458, -54.0079185], [-71.778582, -54.0111119], [-71.7260818, -53.9958189], [-71.6897392, -54.0005646], [-71.6873628, -54.0200051], [-71.6944921, -54.0206071], [-71.6846457, -54.0312029], [-71.6935989, -54.0548662], [-71.7713723, -54.0469143], [-71.7034963, -54.0634636], [-71.7372948, -54.0999853], [-71.6620454, -54.0587023], [-71.6140044, -54.0912539], [-71.6387773, -54.0977425], [-71.6567856, -54.1197236], [-71.6658837, -54.1094665], [-71.6938859, -54.1289135], [-71.6859627, -54.1215346], [-71.6905385, -54.1180384], [-71.7143109, -54.1530152], [-71.7272741, -54.1413082], [-71.7284328, -54.1599432], [-71.7470312, -54.1602353], [-71.7496759, -54.1714816], [-71.7588276, -54.1582785], [-71.7499012, -54.1552095], [-71.7614588, -54.1535398], [-71.7637253, -54.1604819], [-71.7756155, -54.1456901], [-71.7854217, -54.1546016], [-71.7925108, -54.1441818], [-71.807102, -54.1442101], [-71.8277067, -54.1227685], [-71.8295199, -54.1035962], [-71.8465305, -54.1098863], [-71.8564975, -54.1053135], [-71.8477213, -54.0755624], [-71.8681276, -54.0908307], [-71.8844622, -54.070904], [-71.9179441, -54.0594704], [-71.9256958, -54.047619], [-71.9138995, -54.0368817], [-71.9110724, -54.0118275], [-71.9182152, -54.01303], [-71.917837, -54.035757], [-71.952066, -54.0442473], [-71.9118248, -54.0732797], [-71.9283137, -54.0700942], [-71.9163886, -54.0845555], [-71.9296038, -54.0947067], [-71.904269, -54.0926256], [-71.8943489, -54.099913], [-71.894652, -54.0925722], [-71.8787652, -54.1035223], [-71.8926027, -54.1008629], [-71.8823527, -54.1144641], [-71.91928, -54.1307908], [-71.87383, -54.1198981], [-71.8797013, -54.1256875], [-71.8658423, -54.1346976], [-71.8629026, -54.1195837], [-71.8529356, -54.137512], [-71.8606389, -54.1355525], [-71.8539763, -54.1392483], [-71.874994, -54.1498343], [-71.8401092, -54.1449045], [-71.8248139, -54.1530615], [-71.8173212, -54.1631061], [-71.8297935, -54.1672328], [-71.7996267, -54.1732228], [-71.7934468, -54.1791837], [-71.800139, -54.1842066], [-71.7812508, -54.184803], [-71.7638004, -54.2064353], [-71.7901585, -54.2028239], [-71.7806393, -54.2064729], [-71.7850985, -54.2118376], [-71.7533103, -54.2141088], [-71.7272848, -54.2476552], [-71.7487773, -54.2685308], [-71.781629, -54.2642716], [-71.7664424, -54.2711137], [-71.7890024, -54.2771074], [-71.8042501, -54.267589], [-71.7884539, -54.2639834], [-71.7938492, -54.2612356], [-71.8531126, -54.2497723], [-71.8099558, -54.2656987], [-71.8055892, -54.2735382], [-71.8273097, -54.2658507], [-71.8170852, -54.2744591], [-71.8515408, -54.2870397], [-71.8640453, -54.2826399], [-71.8974012, -54.2894288], [-71.8223852, -54.2894789], [-71.8272078, -54.3089157], [-71.8585494, -54.3069925], [-71.8394655, -54.319793], [-71.8483007, -54.3209757], [-71.7891043, -54.3351747], [-71.8043608, -54.3394297], [-71.7985538, -54.3426336], [-71.9165576, -54.3373328], [-71.8938607, -54.3186885], [-71.9058448, -54.3155031], [-71.9260204, -54.3205408], [-71.9126308, -54.3268855], [-71.9247732, -54.3271311], [-71.9283459, -54.3375001], [-71.9646871, -54.3363194], [-71.9719666, -54.3339486], [-71.9596928, -54.3294037], [-71.9688821, -54.3221302], [-71.9646496, -54.3144048], [-71.9315457, -54.2876299], [-71.944415, -54.2794267], [-71.9363764, -54.2729634], [-71.9494441, -54.266872], [-71.9399464, -54.2619719], [-71.9385865, -54.2493257], [-71.8750852, -54.2379673], [-71.8968084, -54.2239339], [-71.9035971, -54.2278445], [-71.8969694, -54.2358198], [-71.9239122, -54.2285375], [-71.9293249, -54.2388138], [-71.9397265, -54.2395317], [-71.9516274, -54.2312374], [-71.9320795, -54.2323568], [-71.958341, -54.2190381], [-71.9630456, -54.227868], [-71.9560933, -54.2334338], [-71.9799703, -54.2354498], [-72.0057035, -54.223233], [-71.9260311, -54.2154796], [-72.0113254, -54.2163171], [-72.0227838, -54.2137575], [-71.9825238, -54.2100652], [-72.0049337, -54.2051034], [-71.9971311, -54.2009145], [-72.0399499, -54.2117435], [-72.0462316, -54.2081546], [-72.0406312, -54.2044084], [-72.0789921, -54.1947968], [-72.082715, -54.1846963], [-72.1002004, -54.1772638], [-72.0981646, -54.1718867], [-72.1261722, -54.1590747], [-72.1042827, -54.1561849], [-72.0929128, -54.1480709], [-72.0145172, -54.1428055], [-72.0048827, -54.1351439], [-72.1004498, -54.1398328], [-72.1045482, -54.1364482], [-72.0872694, -54.134773], [-72.1114683, -54.1359532], [-72.1017373, -54.1307986], [-72.1103659, -54.1274856], [-72.136268, -54.1392232], [-72.153638, -54.130324], [-72.1542817, -54.1220423], [-72.144092, -54.1161062], [-72.1577016, -54.1165087], [-72.1594423, -54.1090435], [-72.1134612, -54.1012561], [-72.0619333, -54.1068593], [-72.0239505, -54.0931432], [-72.0642051, -54.1020503], [-72.1005893, -54.0893142], [-72.1120477, -54.0781557], [-72.112096, -54.0557416], [-72.1213228, -54.0520966], [-72.1163473, -54.0463064], [-72.1235436, -54.0453489], [-72.1140996, -54.0394893], [-72.1338165, -54.0313399], [-72.1420562, -54.0398035], [-72.1312764, -54.0438323], [-72.1231467, -54.0621633], [-72.1352059, -54.0600223], [-72.1499419, -54.0841083], [-72.1693128, -54.0862307], [-72.1792692, -54.0749801], [-72.1709785, -54.0920814], [-72.1988507, -54.1108242], [-72.1947335, -54.1059591], [-72.2061664, -54.1016257], [-72.2157124, -54.1087384], [-72.2197276, -54.0969812], [-72.2590507, -54.0662884], [-72.2397316, -54.0165177], [-72.202886, -53.9926922], [-72.182976, -53.9938291], [-72.1924844, -53.987944], [-72.1842413, -53.9812621], [-72.1725127, -53.9832372], [-72.1839845, -53.9680752], [-72.2006223, -53.9873542], [-72.2566402, -54.0059576], [-72.2628978, -53.9923453], [-72.2685224, -53.9976621], [-72.2602826, -53.9864285], [-72.277953, -53.9828626], [-72.2663766, -53.9798673], [-72.2821882, -53.9516252], [-72.2805896, -53.9151421], [-72.2207522, -53.911303], [-72.1898532, -53.9342466], [-72.18804, -53.9269982], [-72.1426356, -53.9322333], [-72.1248204, -53.9395803], [-72.1059591, -53.9728524], [-72.0554557, -53.9905287], [-72.1144778, -53.9405213], [-72.0823422, -53.943622], [-72.0958096, -53.9498085], [-72.0771374, -53.9476183]]], [[[-71.1159396, -54.0847203], [-71.1191207, -54.0757166], [-71.1101782, -54.0730758], [-71.1143625, -54.0778788], [-71.1066967, -54.0781148], [-71.1159396, -54.0847203]]], [[[-71.1779255, -54.075918], [-71.1735213, -54.0783635], [-71.1804736, -54.0790055], [-71.1779255, -54.075918]]], [[[-71.9184271, -54.0762501], [-71.919862, -54.0784264], [-71.9247007, -54.0736613], [-71.9184271, -54.0762501]]], [[[-70.5355481, -54.073606], [-70.5323115, -54.0760101], [-70.5380534, -54.0782229], [-70.5355481, -54.073606]]], [[[-70.5111927, -54.0618799], [-70.5045033, -54.0654218], [-70.5103022, -54.0652124], [-70.5111927, -54.0618799]]], [[[-71.6748175, -54.059027], [-71.6818594, -54.060806], [-71.6804098, -54.0556418], [-71.6748175, -54.059027]]], [[[-71.2147093, -54.0524792], [-71.2056434, -54.0705199], [-71.2007296, -54.0645072], [-71.1894643, -54.0679513], [-71.1795348, -54.0844371], [-71.2201596, -54.1011177], [-71.2311927, -54.0943683], [-71.2274873, -54.0859538], [-71.2466598, -54.0569697], [-71.2394553, -54.0485583], [-71.2437201, -54.0152711], [-71.2339032, -54.0159835], [-71.235652, -54.0245337], [-71.2251699, -54.0180889], [-71.2174451, -54.0229234], [-71.2239039, -54.0240957], [-71.2075317, -54.0433142], [-71.2147093, -54.0524792]]], [[[-71.1220765, -54.0608047], [-71.1349404, -54.0669061], [-71.1502719, -54.0516541], [-71.1214221, -54.0426905], [-71.1220765, -54.0608047]]], [[[-70.5148995, -54.0557164], [-70.5215192, -54.0453804], [-70.4979506, -54.0577474], [-70.5148995, -54.0557164]]], [[[-70.4842579, -54.0463348], [-70.4772306, -54.048719], [-70.4797304, -54.0495756], [-70.4842579, -54.0463348]]], [[[-70.4991764, -54.0461726], [-70.4931951, -54.048789], [-70.4982886, -54.0490497], [-70.4991764, -54.0461726]]], [[[-70.4988787, -54.0504716], [-70.5054393, -54.0487914], [-70.5179304, -54.0400445], [-70.5037764, -54.0441473], [-70.4988787, -54.0504716]]], [[[-70.5213153, -54.0440323], [-70.5297938, -54.0414242], [-70.5324036, -54.0381087], [-70.5262023, -54.0382458], [-70.5213153, -54.0440323]]], [[[-70.5742622, -54.0232322], [-70.5710274, -54.0235726], [-70.5707163, -54.0268719], [-70.5742622, -54.0232322]]], [[[-71.8370783, -53.9783578], [-71.8453127, -53.9797364], [-71.8331033, -53.9754301], [-71.8370783, -53.9783578]]], [[[-71.4066401, -53.9577521], [-71.4117471, -53.9553311], [-71.4054385, -53.9545388], [-71.4066401, -53.9577521]]], [[[-71.6003385, -53.9333371], [-71.5941694, -53.9313679], [-71.5987158, -53.9347693], [-71.6003385, -53.9333371]]], [[[-70.850004, -53.8424677], [-70.8606121, -53.8354091], [-70.8048356, -53.83558], [-70.7840404, -53.8237676], [-70.676638, -53.8511351], [-70.6501097, -53.8694205], [-70.6142284, -53.8706161], [-70.5976577, -53.84432], [-70.6040816, -53.8371311], [-70.6006672, -53.8246257], [-70.7116972, -53.7754877], [-70.6988159, -53.7279933], [-70.7127537, -53.6989158], [-70.7073182, -53.6914292], [-70.6615317, -53.6863054], [-70.5964869, -53.6495379], [-70.5435562, -53.6018486], [-70.5446935, -53.5770696], [-70.5382025, -53.5686155], [-70.4693234, -53.5689564], [-70.4604614, -53.6005148], [-70.4784121, -53.6720388], [-70.4463556, -53.7826278], [-70.4105723, -53.8045349], [-70.433795, -53.8133724], [-70.4481018, -53.7952709], [-70.4545176, -53.8001059], [-70.4363324, -53.8314438], [-70.4205181, -53.8360721], [-70.4509075, -53.8387152], [-70.4184634, -53.8639639], [-70.4159313, -53.8737852], [-70.4454383, -53.8779439], [-70.4520983, -53.885593], [-70.3665251, -53.9622906], [-70.3606618, -53.975979], [-70.3745958, -53.9855374], [-70.3517005, -53.9852457], [-70.3320667, -54.0191148], [-70.3705859, -54.0475615], [-70.4391646, -54.052284], [-70.4121843, -54.0646316], [-70.44101, -54.0599105], [-70.5065739, -54.0262228], [-70.5595154, -53.9833452], [-70.6205893, -53.9576416], [-70.6707251, -53.9168829], [-70.6816714, -53.9268395], [-70.6649258, -53.9433066], [-70.6707975, -53.9616926], [-70.6615359, -53.9725684], [-70.6215119, -53.995882], [-70.6226707, -54.0033234], [-70.6090558, -54.0129638], [-70.5616772, -54.0379591], [-70.5453694, -54.1068043], [-70.5512837, -54.1138139], [-70.5844867, -54.1042504], [-70.5904412, -54.1123014], [-70.5161065, -54.1388492], [-70.5377144, -54.1439273], [-70.5264169, -54.144848], [-70.5324251, -54.1526052], [-70.527345, -54.1645068], [-70.5208218, -54.1674904], [-70.5255961, -54.1805462], [-70.5213475, -54.194166], [-70.5174422, -54.1991275], [-70.5308533, -54.2007372], [-70.5311751, -54.207229], [-70.5002305, -54.2193141], [-70.4984951, -54.2289405], [-70.4845691, -54.2387605], [-70.4880989, -54.2406258], [-70.4569906, -54.255238], [-70.4782712, -54.2481018], [-70.4923448, -54.2524582], [-70.6085761, -54.2130366], [-70.673461, -54.2016284], [-70.8409756, -54.1218002], [-70.8400208, -54.1079286], [-70.7932323, -54.1073232], [-70.7913494, -54.0966996], [-70.8568328, -54.0836237], [-70.8827913, -54.0605339], [-70.8686131, -54.0396996], [-70.8698684, -53.9858276], [-70.8811551, -53.977995], [-70.9015828, -53.9336687], [-70.8870506, -53.9206204], [-70.8473539, -53.9411276], [-70.8410132, -53.9373383], [-70.9077358, -53.8826935], [-70.8965725, -53.8868166], [-70.9005314, -53.8760401], [-70.8815414, -53.8785732], [-70.8760268, -53.8687183], [-70.8519995, -53.8651249], [-70.851616, -53.8528399], [-70.8732185, -53.8476549], [-70.8644933, -53.8404563], [-70.850004, -53.8424677]]], [[[-71.7946431, -53.9096441], [-71.7953754, -53.9073783], [-71.7905554, -53.9067447], [-71.7946431, -53.9096441]]], [[[-70.8987048, -53.8962595], [-70.8873832, -53.9055296], [-70.9044153, -53.8985954], [-70.8987048, -53.8962595]]], [[[-70.9103698, -53.8903496], [-70.9107453, -53.8995894], [-70.9168768, -53.8935662], [-70.9103698, -53.8903496]]], [[[-72.02023, -53.89549], [-72.0240042, -53.8927301], [-72.0163438, -53.8907148], [-72.02023, -53.89549]]], [[[-72.0204449, -53.8718939], [-72.0190179, -53.8754898], [-72.0247981, -53.8759619], [-72.0204449, -53.8718939]]], [[[-72.0114327, -53.8713056], [-72.0114139, -53.8657275], [-72.0066918, -53.8693873], [-72.0114327, -53.8713056]]], [[[-70.3897533, -53.8345039], [-70.3830103, -53.8325676], [-70.3808109, -53.8356066], [-70.3897533, -53.8345039]]], [[[-71.0707819, -53.8294463], [-71.0657126, -53.8302299], [-71.0685262, -53.8323898], [-71.0707819, -53.8294463]]], [[[-71.9908494, -53.6930713], [-71.9923165, -53.6960268], [-71.993545, -53.6936859], [-71.9908494, -53.6930713]]], [[[-71.9820303, -53.5405369], [-71.9837952, -53.5426121], [-71.9905061, -53.5435589], [-71.9820303, -53.5405369]]], [[[-71.9907367, -53.5353341], [-71.9833838, -53.5363982], [-71.9867671, -53.5383118], [-71.9907367, -53.5353341]]], [[[-72.0085895, -53.5316132], [-71.99947, -53.5342979], [-72.0134926, -53.5377188], [-72.0085895, -53.5316132]]], [[[-71.9929844, -53.5309341], [-71.983484, -53.5307428], [-71.9912839, -53.5318237], [-71.9929844, -53.5309341]]], [[[-71.98632, -53.52603], [-71.975593, -53.5249902], [-71.9829959, -53.5280356], [-71.98632, -53.52603]]], [[[-71.8345142, -53.507613], [-71.8318802, -53.5018126], [-71.82632, -53.5043923], [-71.8284953, -53.5047225], [-71.8345142, -53.507613]]], [[[-71.8968219, -53.5032389], [-71.9019556, -53.5057753], [-71.9075829, -53.5052521], [-71.8968219, -53.5032389]]], [[[-71.7895992, -53.4699451], [-71.775669, -53.4690968], [-71.7923525, -53.476477], [-71.7895992, -53.4699451]]], [[[-71.8364212, -53.1181154], [-71.8352196, -53.1262585], [-71.8455742, -53.1287579], [-71.8549995, -53.1117886], [-71.8364212, -53.1181154]]], [[[-71.8263643, -53.1005532], [-71.8229927, -53.1014865], [-71.8231952, -53.1095216], [-71.8263643, -53.1005532]]], [[[-71.8347287, -53.077708], [-71.8474478, -53.1069204], [-71.8615937, -53.1027434], [-71.8653021, -53.0893855], [-71.8447012, -53.0708273], [-71.8347287, -53.077708]]], [[[-73.1781078, -52.6498594], [-73.1243777, -52.598017], [-73.1306434, -52.5500276], [-73.1189704, -52.531287], [-73.0376301, -52.5257053], [-72.9580247, -52.5438418], [-72.9129395, -52.5414602], [-72.9363564, -52.5153672], [-72.9080361, -52.4912604], [-72.7341378, -52.4336067], [-72.6175803, -52.4596861], [-72.6565187, -52.4379842], [-72.6721573, -52.4379155], [-72.6489857, -52.4356083], [-72.6308231, -52.4396789], [-72.6034525, -52.4491449], [-72.6053327, -52.4639897], [-72.59105, -52.4637838], [-72.5951886, -52.4571208], [-72.584551, -52.4729881], [-72.5631791, -52.4721778], [-72.5552049, -52.4786637], [-72.5626588, -52.4801535], [-72.5571925, -52.4872132], [-72.5158167, -52.4550712], [-72.5191587, -52.4504159], [-72.5466943, -52.4616937], [-72.582593, -52.4369916], [-72.6083744, -52.4467639], [-72.6411375, -52.4310065], [-72.6687294, -52.4275083], [-72.6558575, -52.426805], [-72.6770496, -52.4146938], [-72.6355907, -52.3993684], [-72.627013, -52.4032715], [-72.6331325, -52.4155797], [-72.6243737, -52.4181554], [-72.618206, -52.4066677], [-72.6006174, -52.4064787], [-72.6039621, -52.3997907], [-72.5855354, -52.4023501], [-72.5837624, -52.3949675], [-72.5958243, -52.3883857], [-72.5884375, -52.3862969], [-72.5974363, -52.3811727], [-72.5883624, -52.3749393], [-72.5786367, -52.3811579], [-72.5846073, -52.3877424], [-72.5493819, -52.3827411], [-72.5409222, -52.3675357], [-72.549299515205, -52.36335831057915], [-72.0480938, -52.3644172], [-72.0475187, -52.3257716], [-71.8548643, -52.3289348], [-71.8548643, -52.3609053], [-71.6620469, -52.3615279], [-71.645888, -52.0619541], [-71.659047, -52.0595301], [-71.6593933, -52.0505266], [-71.681647, -52.0478923], [-71.6817984, -51.9999415], [-69.9955041, -52.0007436], [-69.4863161, -52.1516536], [-69.1901446, -52.1504426], [-69.0786424, -52.1851124], [-68.986873, -52.2036118], [-68.8379801, -52.2777654], [-68.7096966, -52.2854896], [-68.5860038, -52.3066902], [-68.5734718, -52.3251743], [-68.4186348, -52.3324545], [-68.4184119, -52.3864077], [-68.43209824756296, -52.39700231486126], [-68.4346238, -52.384434], [-68.4306326, -52.3927562], [-68.4197374, -52.3865555], [-68.4265316, -52.3720229], [-68.4218833, -52.3863788], [-68.4296697, -52.3886853], [-68.428637, -52.3814755], [-68.4357047, -52.3840771], [-68.4545312, -52.3554311], [-68.4831074, -52.3394002], [-68.5640458, -52.3424597], [-68.6305793, -52.3199976], [-68.6935334, -52.3120453], [-68.7496748, -52.3087213], [-68.7868327, -52.3185024], [-68.8239009, -52.3074176], [-68.8913638, -52.3071749], [-68.9772481, -52.2890527], [-69.0805856, -52.2184865], [-69.1499394, -52.1967867], [-69.2200009, -52.1971825], [-69.342294, -52.246909], [-69.4235729, -52.2533049], [-69.456473, -52.2657674], [-69.4797921, -52.2972929], [-69.4839764, -52.387582], [-69.5606124, -52.4017185], [-69.5615941, -52.4160157], [-69.5760513, -52.414396], [-69.5851064, -52.4326108], [-69.5763517, -52.4441547], [-69.5475179, -52.4445275], [-69.5433444, -52.4548554], [-69.6706206, -52.538035], [-69.7064173, -52.5439077], [-69.7469509, -52.529683], [-69.7757524, -52.5285147], [-69.8308718, -52.4937753], [-69.8549098, -52.4877587], [-69.920243, -52.5211075], [-70.0226602, -52.5583695], [-70.1668882, -52.5898898], [-70.1944882, -52.6160938], [-70.2117026, -52.6521245], [-70.2748874, -52.6357976], [-70.3184465, -52.6406514], [-70.3341588, -52.6486698], [-70.3393167, -52.6583984], [-70.3299666, -52.6588246], [-70.3286657, -52.6469432], [-70.3232127, -52.6582617], [-70.3377101, -52.6611332], [-70.3624374, -52.6584439], [-70.3997254, -52.682659], [-70.5270928, -52.7256367], [-70.5517691, -52.7240544], [-70.565781, -52.712428], [-70.5459809, -52.7045822], [-70.544613, -52.6968292], [-70.5245501, -52.6950411], [-70.5274683, -52.6838428], [-70.5023736, -52.6798459], [-70.4996538, -52.6665063], [-70.5072284, -52.6588669], [-70.5537808, -52.6762373], [-70.5739805, -52.6759296], [-70.5742756, -52.6704295], [-70.5823329, -52.6839013], [-70.5919755, -52.6852037], [-70.5885637, -52.6905608], [-70.5508317, -52.6988505], [-70.5936304, -52.7158711], [-70.6080204, -52.700506], [-70.6281209, -52.7042409], [-70.6999612, -52.7340244], [-70.7023108, -52.7413194], [-70.6933254, -52.7440668], [-70.7128197, -52.7592673], [-70.7027963, -52.7424512], [-70.724785, -52.7479003], [-70.7294762, -52.7216144], [-70.7455587, -52.7188363], [-70.7480586, -52.7106828], [-70.76507, -52.72116], [-70.7559549, -52.7318022], [-70.7696784, -52.729098], [-70.7612378, -52.7342252], [-70.7773432, -52.7365244], [-70.768542, -52.7406351], [-70.8003234, -52.7573734], [-70.8228835, -52.7606117], [-70.837736, -52.7527852], [-70.8270979, -52.737695], [-70.8493147, -52.7353613], [-70.8383096, -52.7328033], [-70.842534, -52.7203848], [-70.852072, -52.7299991], [-70.8783067, -52.7345696], [-70.8993567, -52.7299933], [-70.9016338, -52.7188858], [-70.920884, -52.7102936], [-70.9533964, -52.7413746], [-71.0004182, -52.7500061], [-71.0071264, -52.7614131], [-71.0038259, -52.7941371], [-70.9935826, -52.8053526], [-70.9561698, -52.7921941], [-70.9004, -52.7300703], [-70.8798194, -52.7362706], [-70.8676582, -52.73658], [-70.8730843, -52.7421224], [-70.861811, -52.749442], [-70.8660355, -52.7603663], [-70.8411661, -52.7552101], [-70.8234018, -52.7628511], [-70.789103, -52.7597502], [-70.8022325, -52.7763552], [-70.8342258, -52.7745915], [-70.7974441, -52.7774108], [-70.8056108, -52.7839923], [-70.8006317, -52.7873005], [-70.7741311, -52.788245], [-70.7488701, -52.77495], [-70.735824, -52.7833443], [-70.7588472, -52.8120116], [-70.7771365, -52.8096587], [-70.8109781, -52.8210928], [-70.7974925, -52.8182532], [-70.8157725, -52.8334627], [-70.80717, -52.8358299], [-70.8133078, -52.8401151], [-70.8033566, -52.8505441], [-70.836992, -52.8594527], [-70.8335701, -52.8795892], [-70.8459082, -52.9100991], [-70.8501595, -52.9032595], [-70.8744912, -52.9045068], [-70.8929249, -52.9175974], [-70.8634633, -52.915731], [-70.853861, -52.9251494], [-70.8337927, -52.9232009], [-70.7818008, -52.9370553], [-70.7916498, -52.9484343], [-70.8250068, -52.9606479], [-70.8126205, -52.986905], [-70.8159775, -53.0064867], [-70.8575765, -53.061205], [-70.8795389, -53.104256], [-70.8543116, -53.1302812], [-70.8814269, -53.1452745], [-70.8888937, -53.1635576], [-70.9180355, -53.1716401], [-70.9377605, -53.2050574], [-70.9374225, -53.2329872], [-70.9490445, -53.254723], [-70.9356388, -53.3152702], [-70.9608811, -53.3625079], [-70.9810513, -53.3737171], [-70.9887493, -53.3905414], [-70.9605861, -53.4955232], [-70.9365642, -53.5452738], [-70.9413278, -53.5676057], [-70.9245372, -53.5864008], [-70.9364703, -53.5923058], [-70.9247035, -53.6086346], [-70.9330773, -53.6080283], [-70.9270638, -53.6141737], [-70.9338069, -53.61527], [-70.9121132, -53.632646], [-70.9482479, -53.6212712], [-70.941934, -53.6554913], [-70.973053, -53.6740837], [-70.9668447, -53.7538119], [-70.9816703, -53.7712824], [-70.9724347, -53.785665], [-70.9969698, -53.7843077], [-70.9900494, -53.7958373], [-71.0591009, -53.8121007], [-71.0539538, -53.8168626], [-71.073947, -53.8210174], [-71.0756689, -53.8336094], [-71.1183053, -53.8344135], [-71.1198717, -53.8495267], [-71.2444228, -53.8892478], [-71.3116675, -53.8957306], [-71.416397, -53.8499466], [-71.4353321, -53.8495336], [-71.4395459, -53.8410107], [-71.4689697, -53.8447676], [-71.5703166, -53.8138507], [-71.6349846, -53.8038601], [-71.6309184, -53.808607], [-71.642291, -53.8117286], [-71.7176235, -53.7932176], [-71.7557055, -53.7759585], [-71.7608178, -53.7643972], [-71.8521242, -53.7481017], [-71.9247034, -53.7005414], [-71.8766463, -53.6855825], [-71.8816835, -53.6812617], [-71.9370979, -53.7032566], [-71.9322404, -53.7126917], [-71.9471884, -53.7136426], [-71.9396246, -53.7195171], [-71.9841653, -53.7050142], [-71.9803298, -53.6926092], [-72.000162, -53.6833268], [-72.0141712, -53.6847239], [-71.998727, -53.693389], [-72.036337, -53.7056429], [-72.112509, -53.6825516], [-72.1993268, -53.6331756], [-72.1953464, -53.6200971], [-72.300505, -53.5748208], [-72.3092115, -53.5554852], [-72.2744742, -53.5429389], [-72.25995, -53.5321075], [-72.304464, -53.5484898], [-72.3143399, -53.5612559], [-72.3492086, -53.5450729], [-72.3563969, -53.5347952], [-72.3450673, -53.5334338], [-72.3708989, -53.5078094], [-72.3719279, -53.4946213], [-72.3891671, -53.5063399], [-72.412981, -53.4908739], [-72.4286735, -53.4747895], [-72.4259691, -53.4680276], [-72.4353326, -53.4682617], [-72.4550988, -53.4422532], [-72.4515913, -53.4246267], [-72.4671404, -53.4250432], [-72.4784428, -53.3989702], [-72.4638823, -53.38571], [-72.470046, -53.3768585], [-72.4625534, -53.3715841], [-72.4541608, -53.3887706], [-72.4459183, -53.375058], [-72.4158977, -53.3699165], [-72.4447046, -53.3511277], [-72.4368069, -53.335047], [-72.4443992, -53.325256], [-72.4206508, -53.3184309], [-72.3927741, -53.2908456], [-72.3822132, -53.2948746], [-72.3442191, -53.2720635], [-72.3202087, -53.2694397], [-72.3076183, -53.2537891], [-72.1721238, -53.2572165], [-72.1807122, -53.2599827], [-72.1764851, -53.273535], [-72.1439123, -53.2559489], [-72.1181631, -53.253635], [-72.120958, -53.2754172], [-72.1128041, -53.2743755], [-72.1185279, -53.2849151], [-72.1024454, -53.3048006], [-72.1102238, -53.3138361], [-72.0957345, -53.3296588], [-72.0992187, -53.3476301], [-72.1048406, -53.3475204], [-72.0958176, -53.359822], [-72.1150678, -53.3776134], [-72.1130374, -53.3871214], [-72.1295625, -53.3932813], [-72.154204, -53.3846114], [-72.1590802, -53.3963618], [-72.1514815, -53.4082168], [-72.2015798, -53.4316573], [-72.285431, -53.4284467], [-72.232275, -53.4419312], [-72.2196901, -53.4518082], [-72.0974243, -53.4157829], [-72.0901984, -53.4095958], [-72.0976281, -53.4016073], [-72.0766157, -53.386128], [-72.0177627, -53.3784166], [-72.0262277, -53.3598364], [-72.020874, -53.3356525], [-72.0309913, -53.3272175], [-72.0332229, -53.3025118], [-72.0446277, -53.285595], [-72.0399606, -53.2558238], [-72.020756, -53.2338863], [-71.9783127, -53.2256046], [-71.9112039, -53.2361788], [-71.8691066, -53.2259659], [-71.848805, -53.2401695], [-71.8255502, -53.2744332], [-71.8217146, -53.314695], [-71.8284309, -53.3262435], [-71.8188165, -53.330342], [-71.8278529, -53.3419239], [-71.827755, -53.3630585], [-71.8137619, -53.3698189], [-71.7976606, -53.4076084], [-71.7754036, -53.4152649], [-71.7662529, -53.4376855], [-71.7845258, -53.432672], [-71.8067841, -53.4516261], [-71.8078181, -53.4677394], [-71.8372929, -53.472636], [-71.8268859, -53.4773629], [-71.8363863, -53.4841402], [-71.8433245, -53.4826192], [-71.8398517, -53.4741526], [-71.9076043, -53.498124], [-71.9192612, -53.5056254], [-71.9034362, -53.5093389], [-71.9156134, -53.5154158], [-71.9895619, -53.5201586], [-72.0083696, -53.5304271], [-72.0190555, -53.5268717], [-72.0089972, -53.5310521], [-72.0183528, -53.5383564], [-72.0293444, -53.5388282], [-72.0317048, -53.5308289], [-72.0544338, -53.5417068], [-72.0044643, -53.5504148], [-72.0012134, -53.5558994], [-72.0131439, -53.5598953], [-71.9944918, -53.5669685], [-71.9604009, -53.5637475], [-71.9664413, -53.560077], [-71.9005716, -53.5329237], [-71.8867528, -53.5344477], [-71.901108, -53.5456818], [-71.8830192, -53.5366986], [-71.8708634, -53.5416303], [-71.8751979, -53.5381205], [-71.8647695, -53.5370748], [-71.8631387, -53.5297352], [-71.8090654, -53.5154349], [-71.7769003, -53.4905733], [-71.7484152, -53.4494074], [-71.7699373, -53.4110028], [-71.7549062, -53.4047542], [-71.7674911, -53.3791814], [-71.7490375, -53.3723969], [-71.7769808, -53.3378498], [-71.7775708, -53.3171145], [-71.7715359, -53.3161243], [-71.7833912, -53.3059161], [-71.7540371, -53.3193705], [-71.7472673, -53.3155827], [-71.768387, -53.2871247], [-71.7307878, -53.2388885], [-71.7423599, -53.2110399], [-71.69595, -53.21286], [-71.6738593, -53.1990778], [-71.6138703, -53.2043971], [-71.5890291, -53.1661109], [-71.5453761, -53.1703236], [-71.519871, -53.1584788], [-71.5051403, -53.1418461], [-71.4663368, -53.1484614], [-71.4183414, -53.1430624], [-71.3415444, -53.1141274], [-71.3396266, -53.0950504], [-71.3234314, -53.0786542], [-71.2861353, -53.0591891], [-71.2620933, -53.0340865], [-71.2618492, -53.017738], [-71.2454475, -53.0008701], [-71.2446201, -52.988252], [-71.1453139, -52.9213464], [-71.1169845, -52.9109567], [-71.1157292, -52.8894529], [-71.1333137, -52.848464], [-71.172883, -52.8087465], [-71.2155943, -52.8134277], [-71.258102, -52.7921982], [-71.3404598, -52.809785], [-71.3704696, -52.8031738], [-71.3793352, -52.7696041], [-71.3983145, -52.7521442], [-71.3841444, -52.7199784], [-71.4038694, -52.7138393], [-71.4089146, -52.6942267], [-71.4366111, -52.6841306], [-71.4373541, -52.6763138], [-71.4592624, -52.6636026], [-71.4722496, -52.6389652], [-71.4997999, -52.6322815], [-71.4990516, -52.618447], [-71.5120294, -52.6166084], [-71.5104201, -52.6037024], [-71.5286645, -52.5973489], [-71.527774, -52.585151], [-71.5435199, -52.5815085], [-71.5591719, -52.5629037], [-71.5904465, -52.5633831], [-71.6376856, -52.5770345], [-71.6915301, -52.5614151], [-71.765445, -52.5681387], [-71.8255627, -52.5521654], [-71.9237648, -52.543272], [-71.9555333, -52.548479], [-71.9678174, -52.55903], [-72.012665, -52.5579103], [-72.02688, -52.5459629], [-72.0334643, -52.564107], [-72.0672762, -52.5416729], [-72.0756394, -52.5497502], [-72.0802796, -52.5358652], [-72.094329, -52.5389388], [-72.1060985, -52.5290091], [-72.1011686, -52.5482823], [-72.1062595, -52.5573499], [-72.1088022, -52.5285751], [-72.1208105, -52.5172018], [-72.1295384, -52.5212739], [-72.1262205, -52.5412553], [-72.1384192, -52.5444134], [-72.14128, -52.5304101], [-72.1570793, -52.5210144], [-72.1965158, -52.5378294], [-72.2121504, -52.5295362], [-72.238365, -52.5514122], [-72.279624, -52.5282895], [-72.2872116, -52.539196], [-72.2956678, -52.531244], [-72.3220968, -52.5324552], [-72.3537952, -52.5487113], [-72.3440588, -52.5649777], [-72.3524084, -52.5806937], [-72.41032, -52.6132927], [-72.4121721, -52.6209278], [-72.444132, -52.6309629], [-72.4342051, -52.6292926], [-72.4247235, -52.6383515], [-72.3994249, -52.6278534], [-72.4060929, -52.642803], [-72.4251071, -52.6531219], [-72.4087107, -52.6563386], [-72.4325354, -52.66605], [-72.426019, -52.6704003], [-72.4310589, -52.6755397], [-72.4467847, -52.6682012], [-72.4355267, -52.6654286], [-72.5635815, -52.6059291], [-72.5311294, -52.5941474], [-72.513333, -52.5663765], [-72.4907407, -52.5558627], [-72.4645785, -52.5505021], [-72.4511406, -52.5518493], [-72.4513525, -52.558224], [-72.3813066, -52.5567368], [-72.3770177, -52.533984], [-72.3907775, -52.5274246], [-72.3821045, -52.5229784], [-72.3980087, -52.5186871], [-72.3946211, -52.513335], [-72.4017504, -52.5086075], [-72.4921274, -52.5527348], [-72.5062683, -52.542429], [-72.5218141, -52.5443416], [-72.5711131, -52.5896095], [-72.657668, -52.5588599], [-72.6168823, -52.5378784], [-72.6225364, -52.535503], [-72.6073283, -52.523735], [-72.68827, -52.55748], [-72.7429765, -52.5655768], [-72.7711697, -52.5779504], [-72.7712802, -52.5716473], [-72.7843651, -52.5733361], [-72.81904, -52.5490701], [-72.8649687, -52.5421523], [-72.8380779, -52.554727], [-72.8520576, -52.5606496], [-72.8720486, -52.5547994], [-72.8408298, -52.5672255], [-72.84304, -52.5739901], [-72.85641, -52.58448], [-72.885524, -52.5753086], [-72.8751707, -52.5823921], [-72.8989276, -52.5849651], [-72.8571924, -52.599979], [-72.83816, -52.58761], [-72.8244394, -52.5922824], [-72.8389609, -52.6014249], [-72.8731604, -52.6002082], [-72.8662857, -52.607813], [-72.9295057, -52.5875291], [-72.9135783, -52.6005163], [-72.8701665, -52.6132455], [-72.8974239, -52.633173], [-72.8914645, -52.639317], [-72.9029861, -52.6548002], [-72.9024846, -52.670528], [-72.9623944, -52.714694], [-72.9563434, -52.7297439], [-72.9948384, -52.7569194], [-72.9793031, -52.7589711], [-72.9645402, -52.7376177], [-72.9384283, -52.721098], [-72.9212386, -52.6884547], [-72.8783897, -52.648909], [-72.8776641, -52.6386812], [-72.855995, -52.6184738], [-72.81183, -52.61775], [-72.81549, -52.61205], [-72.78636, -52.62188], [-72.8099253, -52.639183], [-72.8095766, -52.6476333], [-72.7965593, -52.636942], [-72.7897026, -52.6409975], [-72.7917499, -52.63198], [-72.771633, -52.6341611], [-72.7563999, -52.6231201], [-72.7424701, -52.63209], [-72.765751, -52.6397087], [-72.77356, -52.65009], [-72.7392799, -52.63688], [-72.72163, -52.66013], [-72.68352, -52.6634901], [-72.6723801, -52.6820216], [-72.71294, -52.7135201], [-72.7292, -52.7174199], [-72.7549464, -52.7470349], [-72.7774823, -52.7434125], [-72.7733356, -52.7618725], [-72.8113639, -52.7730638], [-72.870964, -52.817126], [-72.885527, -52.822578], [-72.9177243, -52.7962536], [-72.9384738, -52.791714], [-72.9201999, -52.8136748], [-73.0083963, -52.8489999], [-73.0131894, -52.8579793], [-73.0505553, -52.8510764], [-72.9695982, -52.8843173], [-72.9349414, -52.9139244], [-72.9755151, -52.9415135], [-72.9583302, -52.9694896], [-72.9720497, -52.978461], [-72.9517213, -52.9752115], [-72.9396567, -53.0025727], [-72.9630268, -53.0058427], [-72.9612619, -53.0176522], [-72.970596, -53.0210905], [-72.9499188, -53.0335765], [-72.9748294, -53.0452385], [-72.9854044, -53.0732735], [-73.0066985, -53.0773407], [-73.0129266, -53.0672205], [-73.0206889, -53.0682504], [-73.0259138, -53.0483339], [-73.0424309, -53.041255], [-73.042624, -53.0529177], [-73.0263349, -53.0613391], [-73.0254045, -53.0736117], [-73.0519347, -53.0867178], [-73.0798061, -53.0861005], [-73.0750017, -53.0938324], [-73.0947096, -53.1020292], [-73.0883898, -53.1044389], [-73.1117974, -53.1037796], [-73.1118173, -53.1099657], [-73.1374152, -53.1148198], [-73.1250995, -53.1006547], [-73.1751307, -53.078252], [-73.1825685, -53.062636], [-73.1756382, -53.0490972], [-73.1690662, -53.0579369], [-73.1603197, -53.031536], [-73.1506455, -53.0269283], [-73.1921628, -53.0247866], [-73.2000378, -53.0176231], [-73.2070974, -53.0217794], [-73.1975165, -53.026516], [-73.1843673, -53.0257329], [-73.1779149, -53.0344845], [-73.1878498, -53.0408453], [-73.2134059, -53.0367425], [-73.183848, -53.0452702], [-73.1886545, -53.0561564], [-73.2054022, -53.063926], [-73.1997202, -53.0639625], [-73.1992761, -53.0801699], [-73.1627974, -53.0955641], [-73.1716487, -53.0920915], [-73.1706537, -53.099521], [-73.1834945, -53.1088472], [-73.2143421, -53.1127023], [-73.2430943, -53.0957624], [-73.2643535, -53.0978497], [-73.3340834, -53.081345], [-73.319195, -53.0720409], [-73.3409536, -53.0726806], [-73.3275914, -53.0619852], [-73.3570147, -53.0722581], [-73.376899, -53.068693], [-73.3405862, -53.0457671], [-73.3823959, -53.0602448], [-73.3939611, -53.054237], [-73.3710448, -53.0401553], [-73.3867197, -53.0365557], [-73.3942084, -53.0418583], [-73.3854558, -53.0448459], [-73.3996908, -53.0461541], [-73.4488289, -53.0215731], [-73.3737639, -52.998156], [-73.3200499, -53.0168103], [-73.2838633, -53.0103797], [-73.3248249, -53.0033546], [-73.3226572, -52.9979855], [-73.3315948, -52.9951543], [-73.3576659, -52.9982151], [-73.3869229, -52.9804574], [-73.3356498, -52.976084], [-73.320844, -52.9530855], [-73.2977343, -52.9568663], [-73.2834113, -52.9705565], [-73.2944564, -52.9532881], [-73.2347345, -52.981762], [-73.2413596, -52.9706373], [-73.274066, -52.9529362], [-73.2291428, -52.949986], [-73.2399467, -52.9431787], [-73.2236947, -52.919758], [-73.1849421, -52.9198014], [-73.1684734, -52.9306103], [-73.1448624, -52.9212688], [-73.1744546, -52.9035426], [-73.2360864, -52.9172788], [-73.2492963, -52.9258932], [-73.2483226, -52.9363941], [-73.2723123, -52.9382951], [-73.2766441, -52.930144], [-73.3079293, -52.9192939], [-73.2793988, -52.9035182], [-73.2760434, -52.8937737], [-73.290503, -52.9061067], [-73.3087529, -52.9015574], [-73.2954544, -52.9083585], [-73.3091479, -52.908363], [-73.32967, -52.92214], [-73.3480168, -52.9027873], [-73.3611119, -52.9002909], [-73.3544992, -52.8852935], [-73.3635318, -52.8750295], [-73.3724974, -52.8823918], [-73.40561, -52.8691702], [-73.4074098, -52.8770269], [-73.4485334, -52.8676401], [-73.4326543, -52.8789157], [-73.4407034, -52.8797407], [-73.5118979, -52.8540162], [-73.5235092, -52.8468405], [-73.4644711, -52.8666816], [-73.4917384, -52.8468228], [-73.5216048, -52.8395633], [-73.5131317, -52.8354819], [-73.5731918, -52.81497], [-73.5623986, -52.8052439], [-73.5410267, -52.8056331], [-73.5460049, -52.8009274], [-73.5353217, -52.7952108], [-73.4935167, -52.7929937], [-73.4214109, -52.8189456], [-73.4728369, -52.8366809], [-73.4756559, -52.8448351], [-73.4441507, -52.8386252], [-73.4137774, -52.816027], [-73.4060962, -52.8195741], [-73.404049, -52.8062476], [-73.3865266, -52.795665], [-73.3572583, -52.8116789], [-73.3824702, -52.8327695], [-73.3768805, -52.8316222], [-73.3918579, -52.845271], [-73.3861287, -52.8469428], [-73.3577223, -52.8162035], [-73.34639, -52.8147461], [-73.3544109, -52.8213428], [-73.341841, -52.8177355], [-73.3146541, -52.8322832], [-73.3093722, -52.8256811], [-73.3163277, -52.8150509], [-73.2970479, -52.800848], [-73.2606158, -52.8055905], [-73.259293, -52.8148175], [-73.2540914, -52.8255878], [-73.2414743, -52.831059], [-73.2572797, -52.8177101], [-73.2534136, -52.8118994], [-73.2142812, -52.811058], [-73.2068767, -52.7933838], [-73.1991597, -52.7936028], [-73.203547, -52.7891559], [-73.2417594, -52.8059848], [-73.2499483, -52.8023007], [-73.2559135, -52.7902929], [-73.2513001, -52.7835188], [-73.2451524, -52.7926092], [-73.2331742, -52.7928211], [-73.2502486, -52.7793852], [-73.2443906, -52.7656966], [-73.2499648, -52.7619481], [-73.2642601, -52.7685008], [-73.2680045, -52.7814426], [-73.3006448, -52.7857156], [-73.2901488, -52.7265205], [-73.2677395, -52.729584], [-73.2815872, -52.7365776], [-73.2728003, -52.7603988], [-73.2646914, -52.7622427], [-73.2560955, -52.7506979], [-73.2665454, -52.7416118], [-73.2499704, -52.7331476], [-73.2459998, -52.7077415], [-73.2365767, -52.7037122], [-73.251729, -52.7016015], [-73.2391493, -52.6959969], [-73.2429528, -52.6782816], [-73.2073331, -52.6542853], [-73.1781078, -52.6498594]]], [[[-70.5863643, -52.9234774], [-70.5767566, -52.9170637], [-70.5651614, -52.914184], [-70.5863643, -52.9234774]]], [[[-70.6176603, -52.8382072], [-70.6482053, -52.8541733], [-70.6552863, -52.8687152], [-70.7336605, -52.910429], [-70.7831955, -52.9111537], [-70.7838392, -52.8900885], [-70.7501721, -52.8747508], [-70.7383758, -52.8774737], [-70.6894899, -52.8508626], [-70.632627, -52.8320045], [-70.6176603, -52.8382072]]], [[[-70.5833807, -52.848], [-70.5775344, -52.8453324], [-70.5805135, -52.8485243], [-70.5833807, -52.848]]]]}}]}