{"type":"FeatureCollection","features":[{"type":"Feature","properties":{"slug":"sendai","member_count":24,"matched_count":24,"unmatched":[],"source":"Overture Maps division_area (CC-BY 4.0)"},"geometry":{"type":"MultiPolygon","coordinates":[[[[140.851564,37.911655],[140.861089,37.879407],[140.854546,37.874524],[140.861433,37.861979],[140.850506,37.849237],[140.857878,37.802859],[140.851684,37.795313],[140.810355,37.795528],[140.775023,37.806362],[140.764408,37.796901],[140.803204,37.779847],[140.792056,37.773277],[140.74512,37.788467],[140.726941,37.781483],[140.712211,37.800299],[140.694344,37.803269],[140.679205,37.836342],[140.691978,37.850868],[140.681841,37.875929],[140.690051,37.888218],[140.662574,37.900225],[140.627314,37.899078],[140.611622,37.915168],[140.591787,37.906174],[140.566352,37.922795],[140.558418,37.909883],[140.487858,37.899854],[140.469506,37.917872],[140.467454,37.937822],[140.474854,37.946786],[140.444626,37.956987],[140.429103,37.954418],[140.409097,37.963817],[140.407428,37.973676],[140.388383,37.969119],[140.384467,37.95222],[140.358851,37.958973],[140.348568,37.95016],[140.316429,37.958114],[140.274867,37.982029],[140.289592,38.007209],[140.276046,38.028723],[140.28337,38.049976],[140.277562,38.056716],[140.373633,38.057012],[140.382991,38.071514],[140.402744,38.070348],[140.417649,38.080339],[140.425133,38.121912],[140.444906,38.131105],[140.443728,38.140934],[140.467633,38.156981],[140.479997,38.181571],[140.467045,38.232757],[140.471154,38.269367],[140.496922,38.283149],[140.492567,38.302694],[140.504286,38.314151],[140.520257,38.309521],[140.527885,38.318872],[140.526286,38.357532],[140.545376,38.364081],[140.578198,38.392964],[140.571273,38.410579],[140.580599,38.437443],[140.597736,38.436536],[140.614936,38.454281],[140.625818,38.447286],[140.723584,38.495359],[140.801808,38.495074],[140.850255,38.508236],[140.873699,38.501518],[140.890502,38.512992],[140.887988,38.533237],[140.86813,38.550133],[140.850725,38.553511],[140.845699,38.572523],[140.837722,38.57311],[140.823692,38.564653],[140.816641,38.570357],[140.760776,38.557737],[140.735448,38.536198],[140.737539,38.527858],[140.696392,38.518359],[140.688009,38.504913],[140.663685,38.491863],[140.65985,38.479267],[140.620011,38.455206],[140.608182,38.45841],[140.604202,38.48229],[140.567381,38.50131],[140.563439,38.510714],[140.571928,38.525646],[140.555712,38.529962],[140.554058,38.540766],[140.57844,38.570093],[140.569708,38.594073],[140.558419,38.597644],[140.562095,38.607261],[140.537443,38.635683],[140.546629,38.649711],[140.587835,38.63395],[140.601993,38.640612],[140.624397,38.687179],[140.623608,38.699793],[140.606976,38.703308],[140.607013,38.721321],[140.646436,38.769525],[140.6035,38.783713],[140.595714,38.802202],[140.598523,38.825973],[140.590703,38.836052],[140.559107,38.847259],[140.552993,38.859138],[140.539246,38.863949],[140.547126,38.889144],[140.562144,38.873163],[140.613565,38.893921],[140.640315,38.883909],[140.668875,38.897328],[140.685623,38.917614],[140.711564,38.923248],[140.745225,38.956382],[140.824031,38.964131],[140.88167,38.92788],[140.910345,38.927456],[140.916311,38.916234],[140.931364,38.920421],[140.961294,38.905934],[140.9703744,38.888026],[140.9895674,38.874329],[141.0204534,38.886409],[141.0366014,38.876746],[141.093316,38.887874],[141.107949,38.877671],[141.139444,38.877502],[141.146746,38.85628],[141.1253,38.836874],[141.104792,38.837277],[141.10448,38.823278],[141.123699,38.825477],[141.123581,38.816562],[141.142467,38.811915],[141.142042,38.78741],[141.169523,38.777681],[141.180932,38.784539],[141.206021,38.769498],[141.215839,38.748471],[141.232549,38.747651],[141.256767,38.760953],[141.272441,38.79698],[141.304507,38.793476],[141.306546,38.818972],[141.316806,38.82329],[141.334618,38.806924],[141.353024,38.81242],[141.371339,38.807451],[141.380274,38.796135],[141.393767,38.799856],[141.398066,38.789519],[141.414818,38.786219],[141.410086,38.767831],[141.423009,38.771856],[141.421341,38.779553],[141.439748,38.785636],[141.429369,38.810618],[141.459045,38.815258],[141.449789,38.837407],[141.465972,38.855982],[141.452624,38.862569],[141.450649,38.87516],[141.491871,38.913057],[141.485517,38.932302],[141.493921,38.955367],[141.483493,38.978183],[141.487242,38.993549],[141.508512,39.002736],[141.523093,38.991363],[141.566952,38.996001],[141.574496,38.987311],[141.605002,38.985154],[141.639429,38.961875],[141.641923,38.954402],[141.631448,38.954329],[141.644768,38.941322],[141.634504,38.930873],[141.653025,38.918665],[141.651445,38.902285],[141.665802,38.895636],[141.663721,38.878888],[141.674802,38.858159],[141.650508,38.869376],[141.64119,38.89048],[141.635913,38.888866],[141.637944,38.901563],[141.604669,38.879884],[141.596905,38.8938],[141.588264,38.894481],[141.586761,38.909326],[141.5775305,38.9073539],[141.5851414,38.8940925],[141.593638,38.889723],[141.583593,38.847341],[141.590847,38.834164],[141.604079,38.82951],[141.577763,38.822716],[141.571387,38.808955],[141.558875,38.812247],[141.55013,38.798173],[141.520818,38.788856],[141.515652,38.766467],[141.528553,38.759321],[141.52788965786655,38.74772399960345],[141.5680909,38.7712853],[141.5927029,38.7723894],[141.7969799,38.7051731],[141.9932957,38.6202659],[141.867629,38.3124296],[141.5811905,38.3489895],[141.5671143,38.3672288],[141.5648612,38.3848917],[141.5404853,38.4046858],[141.5246067,38.407948],[141.506175,38.397579],[141.514382,38.39269349999998],[141.538452,38.400766],[141.540634,38.389749],[141.530144,38.381327],[141.511897,38.391423],[141.48142890000003,38.37576729999998],[141.48918879999997,38.36741239999996],[141.518124,38.368311],[141.534479,38.339493],[141.524879,38.325536],[141.540843,38.316474],[141.540094,38.303554],[141.528531,38.299599],[141.526864,38.276517],[141.519281,38.271505],[141.509211,38.281458],[141.508997,38.296893],[141.491713,38.293605],[141.492991,38.30787],[141.478962,38.305376],[141.46936,38.313579],[141.466591,38.305809],[141.449214,38.316313],[141.474038,38.32898],[141.463742,38.335353],[141.462375,38.351434],[141.44997,38.340288],[141.446463,38.354237],[141.436415,38.34134],[141.419404,38.347313],[141.429814,38.364687],[141.458859,38.372837],[141.432386,38.37328],[141.438678,38.38076],[141.423012,38.385676],[141.430147,38.398779],[141.415745,38.39166],[141.408681,38.403852],[141.390297,38.385909],[141.373301,38.383288],[141.363719,38.388728],[141.370223,38.400377],[141.363775,38.41176],[141.316717,38.407592],[141.313768,38.413992],[141.293012,38.413689],[141.294635,38.404184],[141.286315,38.403302],[141.287345,38.410537],[141.273085,38.411382],[141.285212,38.41945],[141.273188,38.419981],[141.266427,38.419366],[141.26658,38.40778],[141.229009,38.400513],[141.173976,38.375413],[141.158594,38.353559],[141.148819,38.35858],[141.133281,38.36032],[141.137971,38.371946],[141.12635389849564,38.3797375879169],[141.1245097,38.3648809],[141.097379,38.3482701],[141.0445181,38.3451736],[141.03646010469345,38.33964285774639],[141.0521723,38.3317698],[141.027021,38.3208],[141.045465,38.318576],[141.03591762560652,38.30701430399401],[141.0719195,38.3341666],[141.1166884,38.3085141],[141.1364617,38.2907231],[141.1524905,38.2383941],[141.083193,38.2739384],[141.0587956,38.2641842],[141.0433657417829,38.276974417704125],[140.998859,38.273052],[141.027888,38.265355],[140.95531889999995,38.16996820000003],[140.9616593,38.17186950000002],[140.925526,38.078148],[140.915287,37.993565],[140.87951,37.989062],[140.87769290000003,38.00102469999998],[140.870747,38.000955],[140.842934,37.991731],[140.853044,37.967317],[140.851564,37.911655]],[[140.618594,37.91252],[140.619363,37.912687],[140.62012677032,37.91326138657603],[140.618594,37.91252]],[[140.472507,38.252236],[140.475256,38.251493],[140.476342,38.251394],[140.472507,38.252236]],[[140.476342,38.251394],[140.478113,38.251953],[140.4787928937683,38.25334520194616],[140.476342,38.251394]],[[140.62619872133754,38.445973635351976],[140.626308,38.447019],[140.625818,38.447286],[140.62619872133754,38.445973635351976]],[[141.16034705608476,38.59886891432485],[141.160997,38.598526],[141.161845,38.598378],[141.16034705608476,38.59886891432485]],[[141.161845,38.598378],[141.163342,38.598166],[141.16552201023515,38.59834493940812],[141.161845,38.598378]],[[141.15485196357162,38.59974106684793],[141.156239,38.599387],[141.15796658130327,38.59943970312618],[141.15485196357162,38.59974106684793]],[[141.14907501309742,38.601360754302625],[141.150226,38.600832],[141.152951,38.599925],[141.14907501309742,38.601360754302625]],[[141.145195,38.602798],[141.146627,38.602037],[141.14890150942605,38.60142502403544],[141.145195,38.602798]],[[141.14345274931478,38.60271922948236],[141.143567,38.602515],[141.1444108462878,38.60276254689653],[141.14345274931478,38.60271922948236]],[[141.134986,38.597611],[141.136544,38.597348],[141.1394968307698,38.600849627501724],[141.134986,38.597611]],[[141.133478,38.59503],[141.134107,38.595846],[141.134986,38.597611],[141.133478,38.59503]],[[141.130429,38.590379],[141.13123,38.591327],[141.131546,38.59314975034768],[141.130429,38.590379]],[[141.127536,38.583464],[141.12822,38.584065],[141.12906126385036,38.58504983950226],[141.127536,38.583464]],[[141.125739,38.582344],[141.125388,38.581167],[141.127536,38.583464],[141.125739,38.582344]],[[141.1210618357379,38.58461761114477],[141.121216,38.584471],[141.12139366671437,38.58436961410321],[141.1210618357379,38.58461761114477]],[[141.1197025514743,38.58508415768829],[141.119897,38.585047],[141.1199768441003,38.585048376622424],[141.1197025514743,38.58508415768829]],[[141.117427,38.585381],[141.117564,38.585342],[141.11769676420928,38.58534580965937],[141.117427,38.585381]],[[141.114799,38.589282],[141.116336,38.586378],[141.117427,38.585381],[141.114799,38.589282]],[[141.109752,38.589434],[141.110665,38.589314],[141.1113977791434,38.58938443423225],[141.109752,38.589434]],[[141.108525,38.590376],[141.109233,38.589713],[141.109752,38.589434],[141.108525,38.590376]],[[141.105697,38.58898],[141.107047,38.589424],[141.10757601869406,38.58990754953922],[141.105697,38.58898]],[[141.103657,38.589296],[141.104245,38.589095],[141.105697,38.58898],[141.103657,38.589296]],[[141.10137061769206,38.5876795676202],[141.102093,38.588013],[141.10240099069708,38.58840802334818],[141.10137061769206,38.5876795676202]],[[141.098392,38.58437],[141.100022,38.584893],[141.10115,38.585552],[141.098392,38.58437]],[[141.09337260149798,38.58416283260785],[141.093916,38.584006],[141.094064,38.58403],[141.09337260149798,38.58416283260785]],[[141.09117,38.584586],[141.091679,38.584145],[141.0922848631356,38.58437181067609],[141.09117,38.584586]],[[141.088064,38.583104],[141.089662,38.583472],[141.09021926922313,38.584132367349866],[141.088064,38.583104]],[[141.087777,38.58011],[141.087986,38.581394],[141.08794598642996,38.58187287585817],[141.087777,38.58011]],[[141.08772386425514,38.58007571606378],[141.087745,38.580081],[141.087777,38.58011],[141.08772386425514,38.58007571606378]],[[141.082898,38.576962],[141.08431,38.577004],[141.08465412234816,38.578095075046534],[141.082898,38.576962]],[[141.08205361268602,38.57513039368706],[141.082492,38.575655],[141.08264640147698,38.57641624399978],[141.08205361268602,38.57513039368706]],[[141.0819021144296,38.573786423845306],[141.082102,38.574204],[141.081893,38.574782],[141.0819021144296,38.573786423845306]],[[141.081919,38.571942],[141.082054,38.572316],[141.08190853209123,38.57308541772589],[141.081919,38.571942]],[[141.085303,38.568472],[141.085103,38.569599],[141.081919,38.571942],[141.085303,38.568472]],[[141.08484229102334,38.5676254940754],[141.084855,38.567629],[141.08485626706462,38.567651173630935],[141.08484229102334,38.5676254940754]],[[141.09109521554487,38.564069160322035],[141.085516,38.566725],[141.084442,38.56689],[141.09109521554487,38.564069160322035]],[[141.0980660313605,38.56204084725998],[141.093645,38.563397],[141.091756,38.563789],[141.0980660313605,38.56204084725998]],[[141.09990357493282,38.55728654097027],[141.09983,38.5568],[141.100049,38.557221],[141.09990357493282,38.55728654097027]],[[141.09833600970714,38.556418823976706],[141.098768,38.556304],[141.099452,38.556367],[141.09833600970714,38.556418823976706]],[[141.092971,38.556012],[141.094037,38.555437],[141.094736,38.556586],[141.092971,38.556012]],[[141.089486,38.556725],[141.090169,38.556385],[141.09107221214762,38.556400475104375],[141.089486,38.556725]],[[141.083318,38.560372],[141.084783,38.559656],[141.086883,38.559214],[141.083318,38.560372]],[[141.0830827270395,38.56068116931758],[141.083222,38.560462],[141.083318,38.560372],[141.0830827270395,38.56068116931758]],[[141.07486240963382,38.563453091130995],[141.074904,38.563457],[141.07492524446076,38.56346470524483],[141.07486240963382,38.563453091130995]],[[141.067694,38.562555],[141.069135,38.562556],[141.07088,38.562717],[141.067694,38.562555]],[[141.064678,38.561595],[141.066159,38.56198],[141.06656231397852,38.56219478163773],[141.064678,38.561595]],[[141.060189,38.56104],[141.060592,38.56107],[141.0610746561217,38.561149498584875],[141.060189,38.56104]],[[141.058654,38.56168],[141.059706,38.561135],[141.060189,38.56104],[141.058654,38.56168]],[[141.059872,38.564052],[141.05897,38.56289],[141.058654,38.56168],[141.059872,38.564052]],[[141.059454,38.566319],[141.059531,38.564964],[141.05970733505865,38.56494505124888],[141.059454,38.566319]],[[141.05463818626302,38.566148470425425],[141.054702,38.566149],[141.05516781756273,38.56616722484683],[141.05463818626302,38.566148470425425]],[[141.05298284730145,38.56608985431934],[141.053249,38.566094],[141.05359018682117,38.566111360414794],[141.05298284730145,38.56608985431934]],[[141.052767,38.56766],[141.052819,38.566408],[141.052874,38.566086],[141.052767,38.56766]],[[141.05045,38.567872],[141.050802,38.567656],[141.05233822069556,38.56769923228853],[141.05045,38.567872]],[[141.052394,38.570707],[141.050737,38.570712],[141.050314,38.570633],[141.052394,38.570707]],[[141.047334,38.573815],[141.050002,38.573682],[141.052541,38.573733],[141.047334,38.573815]],[[141.047206,38.576935],[141.04724,38.575709],[141.047334,38.573815],[141.047206,38.576935]],[[141.0473219253078,38.57693916827769],[141.047243,38.576937],[141.047206,38.576935],[141.0473219253078,38.57693916827769]],[[141.0491163977072,38.57700369136939],[141.047671,38.576954],[141.0474931922579,38.57694532645161],[141.0491163977072,38.57700369136939]],[[141.05097907773256,38.58679957243982],[141.050873,38.586272],[141.05084753766698,38.58524378780512],[141.05097907773256,38.58679957243982]],[[141.05109789437046,38.588204871264736],[141.0510591,38.5880305],[141.05100983865046,38.58716339591208],[141.05109789437046,38.588204871264736]],[[141.04865239567323,38.59024577917289],[141.048796,38.590211],[141.0493392203615,38.590124693330225],[141.04865239567323,38.59024577917289]],[[141.04308552473404,38.59061258474214],[141.044287,38.59036],[141.04693925898377,38.59043314845424],[141.04308552473404,38.59061258474214]],[[141.036204,38.590933],[141.039618,38.590219],[141.04117436742774,38.59070157141076],[141.036204,38.590933]],[[141.02959606021997,38.58896285184496],[141.034477,38.590238],[141.036204,38.590933],[141.02959606021997,38.58896285184496]],[[141.010978,38.592715],[141.0119648607856,38.590839419280385],[141.01252597296923,38.59241054179062],[141.010978,38.592715]],[[141.00954408428706,38.58954260229148],[141.011358,38.5891402],[141.01186655127378,38.59056415117622],[141.00954408428706,38.58954260229148]],[[141.0087230346185,38.58918145943002],[141.0089237,38.5888464],[141.00932185573004,38.58944485393343],[141.0087230346185,38.58918145943002]],[[141.006544,38.588223],[141.0077021,38.5880819],[141.00831093925794,38.58900019719535],[141.006544,38.588223]],[[141.0061042,38.5854533],[141.002202,38.585431],[141.0043183728648,38.58459659670465],[141.0061042,38.5854533]],[[141.00473,38.583303],[141.01053,38.583318],[141.01203663389404,38.58637206638482],[141.0103437,38.5835392],[141.00473,38.583303]],[[141.014549,38.583244],[141.014976,38.5860223],[141.01243570913263,38.58599949838378],[141.014549,38.583244]],[[141.0152266190517,38.57896918819652],[141.0157233,38.5789618],[141.01569351564612,38.579360741751444],[141.0152266190517,38.57896918819652]],[[141.01444528709587,38.578313939671354],[141.0145875,38.5783477],[141.01464575406197,38.5784820573106],[141.01444528709587,38.578313939671354]],[[141.0141166652945,38.57803834752505],[141.012915,38.575025],[141.01335091622673,38.573388821285945],[141.0141166652945,38.57803834752505]],[[141.01401467977612,38.56834550484124],[141.014022,38.567517],[141.0141992,38.5683398],[141.01401467977612,38.56834550484124]],[[141.0113371156398,38.567558679548505],[141.013143,38.566652],[141.013806,38.566644],[141.0113371156398,38.567558679548505]],[[141.00955984355141,38.56862220254219],[141.01026,38.568064],[141.010845,38.567741],[141.00955984355141,38.56862220254219]],[[141.007759,38.569857],[141.007886,38.56975],[141.00818061075302,38.5695679110974],[141.007759,38.569857]],[[141.00646578451142,38.571313496615495],[141.00671,38.570869],[141.007759,38.569857],[141.00646578451142,38.571313496615495]],[[141.00104437899043,38.575059183106085],[141.002401,38.574436],[141.004187,38.57388],[141.00104437899043,38.575059183106085]],[[140.99740185263394,38.57546393777934],[140.999301,38.575043],[141.000821,38.575143],[140.99740185263394,38.57546393777934]],[[140.997011,38.572613],[140.997165,38.573341],[140.9971995106013,38.57458925399581],[140.997011,38.572613]],[[140.99650475527724,38.57130061652606],[140.996582,38.571442],[140.99670272439064,38.57181382956533],[140.99650475527724,38.57130061652606]],[[140.99525736173337,38.56806688667391],[140.995318,38.568057],[140.9956009709371,38.56895765554557],[140.99525736173337,38.56806688667391]],[[140.9946549894118,38.56650530302779],[140.99645788948774,38.56371279538837],[140.9979531,38.5653803],[140.9946549894118,38.56650530302779]],[[140.99606358175387,38.562295097358046],[140.9991225896682,38.56048103871298],[140.9991814,38.5605492],[140.99606358175387,38.562295097358046]],[[141.0042036,38.5595264],[141.008413,38.557251],[141.013096,38.554676],[141.013873,38.555301],[141.0042036,38.5595264]],[[141.01535499961676,38.55449546736588],[141.014642,38.554891],[141.013873,38.555301],[141.01535499961676,38.55449546736588]],[[141.01649762938163,38.55387439732384],[141.015893,38.554208],[141.01553161932148,38.5543994667095],[141.01649762938163,38.55387439732384]],[[141.024058,38.549765],[141.02259576603322,38.546944327949056],[141.01685696025854,38.55367908502786],[141.024058,38.549765]],[[141.0223849,38.5462764],[141.019541,38.547169],[141.0221224,38.5459503],[141.0223849,38.5462764]],[[141.02144728467698,38.543014400566065],[141.0214122,38.5413624],[141.0215301,38.5429335],[141.02144728467698,38.543014400566065]],[[141.019448697145,38.539755105034246],[141.019453,38.5399154],[141.01933127074383,38.539914614885554],[141.019448697145,38.539755105034246]],[[141.02013284730816,38.538825768107415],[141.0200965,38.5396388],[141.01954534246966,38.53962382381288],[141.02013284730816,38.538825768107415]],[[141.024831,38.537919],[141.024307,38.537837],[141.0234430293255,38.53759400977518],[141.024831,38.537919]],[[141.026678,38.5357],[141.026201,38.536716],[141.02546826816445,38.53715338112784],[141.026678,38.5357]],[[141.026414,38.533601],[141.026748,38.534634],[141.026678,38.5357],[141.026414,38.533601]],[[141.02405310734554,38.531368196369336],[141.025684,38.532731],[141.026414,38.533601],[141.02405310734554,38.531368196369336]],[[141.039967,38.529088],[141.037693,38.528604],[141.034683,38.527339],[141.039967,38.529088]],[[141.04127264508904,38.52919103794641],[141.040356,38.529137],[141.039967,38.529088],[141.04127264508904,38.52919103794641]],[[141.045213,38.529502],[141.044654,38.529486],[141.04403710861178,38.52940920186147],[141.045213,38.529502]],[[141.049406,38.533072],[141.048931,38.532727],[141.04808816462963,38.53159102342103],[141.049406,38.533072]],[[141.051535,38.532862],[141.050491,38.533222],[141.049406,38.533072],[141.051535,38.532862]],[[141.0542454459862,38.530104748824094],[141.053347,38.531397],[141.051535,38.532862],[141.0542454459862,38.530104748824094]],[[141.0596281564919,38.52779481685297],[141.059607,38.527794],[141.05959482299082,38.5277926266531],[141.0596281564919,38.52779481685297]],[[141.064699,38.528128],[141.061863,38.528005],[141.06000601855462,38.52781964453124],[141.064699,38.528128]],[[141.068666,38.527643],[141.06703,38.527923],[141.064699,38.528128],[141.068666,38.527643]],[[141.076,38.530089],[141.074549,38.529689],[141.071385,38.528003],[141.076,38.530089]],[[141.07702894062174,38.528377349961],[141.076725,38.529524],[141.076,38.530089],[141.07702894062174,38.528377349961]],[[141.08522886505554,38.525142066936645],[141.085221,38.525142],[141.0852183585358,38.525141701770174],[141.08522886505554,38.525142066936645]],[[141.089255,38.525282],[141.086567,38.525231],[141.08600640067013,38.525169091102974],[141.089255,38.525282]],[[141.095648,38.523761],[141.09189,38.524791],[141.089255,38.525282],[141.095648,38.523761]],[[141.097923,38.52272],[141.096835,38.523321],[141.095648,38.523761],[141.097923,38.52272]],[[141.098652,38.520425],[141.098619,38.522036],[141.097923,38.52272],[141.098652,38.520425]],[[141.09700915610009,38.519835597006306],[141.095865,38.519273],[141.097142,38.519593],[141.09700915610009,38.519835597006306]],[[141.09338753091131,38.518536266784814],[141.093568,38.518574],[141.09438919754393,38.51889563465414],[141.09338753091131,38.518536266784814]],[[141.0913246830789,38.51687094094011],[141.091436,38.517022],[141.09101826501995,38.517254339528826],[141.0913246830789,38.51687094094011]],[[141.09369818314858,38.514687977971256],[141.093483,38.514746],[141.09335517557426,38.51473552194678],[141.09369818314858,38.514687977971256]],[[141.100034,38.515031],[141.098363,38.514964],[141.095076,38.514497],[141.100034,38.515031]],[[141.101411,38.510259],[141.100947,38.512225],[141.100034,38.515031],[141.101411,38.510259]],[[141.110753,38.507236],[141.109146,38.507588],[141.104625,38.507448],[141.110753,38.507236]],[[141.11360837257075,38.5047767510436],[141.11253,38.505868],[141.110753,38.507236],[141.11360837257075,38.5047767510436]],[[141.11719,38.501692],[141.116054,38.50306],[141.1152756169872,38.503340802147434],[141.11719,38.501692]],[[141.11609633268847,38.50045383905734],[141.117198,38.501057],[141.11719,38.501692],[141.11609633268847,38.50045383905734]],[[141.12249,38.495348],[141.120806,38.496126],[141.1169,38.497086],[141.12249,38.495348]],[[141.12298270468904,38.49493002117626],[141.122962,38.494952],[141.12249,38.495348],[141.12298270468904,38.49493002117626]],[[141.125734,38.492596],[141.125442,38.492859],[141.12536745583373,38.49290695238766],[141.125734,38.492596]],[[141.12608954022988,38.488353540230015],[141.126218,38.490973],[141.125734,38.492596],[141.12608954022988,38.488353540230015]],[[141.12614586600492,38.48768143672509],[141.126118,38.488105],[141.1261043741153,38.48817653589467],[141.12614586600492,38.48768143672509]],[[141.129706,38.483426],[141.12907,38.48409],[141.12733366524543,38.48536182515974],[141.129706,38.483426]],[[141.1292746690882,38.4828848414023],[141.129498,38.483105],[141.129706,38.483426],[141.1292746690882,38.4828848414023]],[[141.127944,38.47522],[141.128004,38.476711],[141.12781040489577,38.47779536589675],[141.127944,38.47522]],[[141.1271008612409,38.4735104060519],[141.127737,38.474504],[141.127944,38.47522],[141.1271008612409,38.4735104060519]],[[141.126235,38.467297],[141.126271,38.469157],[141.12598989297638,38.47025767566219],[141.126235,38.467297]],[[141.124306,38.465722],[141.12582,38.466665],[141.126235,38.467297],[141.124306,38.465722]],[[141.1232667118473,38.46526914492661],[141.123551,38.465375],[141.124306,38.465722],[141.1232667118473,38.46526914492661]],[[141.118057,38.461778],[141.118514,38.462141],[141.11896525474313,38.46260031987128],[141.118057,38.461778]],[[141.115664,38.460646],[141.116729,38.460995],[141.118057,38.461778],[141.115664,38.460646]],[[141.108646,38.455283],[141.109909,38.457392],[141.11007324836632,38.457830353326926],[141.108646,38.455283]],[[141.10627,38.453241],[141.107052,38.453817],[141.108646,38.455283],[141.10627,38.453241]],[[141.103771,38.452422],[141.104984,38.452662],[141.10627,38.453241],[141.103771,38.452422]],[[141.10611666569696,38.45007369159719],[141.105908,38.450347],[141.10578125491506,38.450409480264156],[141.10611666569696,38.45007369159719]],[[141.10752210654033,38.44866666733693],[141.107299,38.448897],[141.10709665798166,38.44909259522026],[141.10752210654033,38.44866666733693]],[[141.108209,38.447979],[141.108118,38.448087],[141.1079829676912,38.44820528696437],[141.108209,38.447979]],[[141.106574,38.446924],[141.108197,38.447642],[141.108209,38.447979],[141.106574,38.446924]],[[141.10999,38.445012],[141.109741,38.445167],[141.10876353214306,38.44495309588337],[141.10999,38.445012]],[[141.11019417614742,38.444702377618555],[141.110175,38.444741],[141.10999,38.445012],[141.11019417614742,38.444702377618555]],[[141.110902,38.443629],[141.110825,38.443756],[141.11078852952892,38.44380107199727],[141.110902,38.443629]],[[141.108601,38.44233],[141.109465,38.442635],[141.11069232994114,38.4435106334609],[141.108601,38.44233]],[[141.10731538006436,38.44276187097533],[141.108307,38.442381],[141.108601,38.44233],[141.10731538006436,38.44276187097533]],[[141.10197526069197,38.442335975127044],[141.102447,38.442238],[141.102971,38.442351],[141.10197526069197,38.442335975127044]],[[141.099326,38.442296],[141.099519,38.442296],[141.09963342243265,38.44230063874727],[141.099326,38.442296]],[[141.09898509966413,38.4431964527524],[141.09891,38.442625],[141.099326,38.442296],[141.09898509966413,38.4431964527524]],[[141.092572,38.444876],[141.094467,38.444899],[141.09590530389377,38.44507418354096],[141.092572,38.444876]],[[141.0902183356546,38.445374798243385],[141.091018,38.445121],[141.092572,38.444876],[141.0902183356546,38.445374798243385]],[[141.087037,38.446049],[141.087706,38.445764],[141.08861191064983,38.445715238447654],[141.087037,38.446049]],[[141.081272,38.449693],[141.081331,38.448879],[141.084666,38.448211],[141.081272,38.449693]],[[141.08031734343902,38.449651942054686],[141.080384,38.449648],[141.08105829004452,38.449683808745235],[141.08031734343902,38.449651942054686]],[[141.073295,38.448385],[141.073305,38.448517],[141.07324471136585,38.44909643626566],[141.073295,38.448385]],[[141.07227862184877,38.448340521008404],[141.072423,38.448344],[141.07252837536734,38.44835145078355],[141.07227862184877,38.448340521008404]],[[141.068702,38.448184],[141.070044,38.448236],[141.07117078817163,38.44829203971751],[141.068702,38.448184]],[[141.068702,38.448184],[141.067695,38.445884],[141.068914,38.445934],[141.068702,38.448184]],[[141.06025218529896,38.44514270196171],[141.061411,38.4454],[141.06534654477528,38.44650919360047],[141.06025218529896,38.44514270196171]],[[141.06017009556854,38.44285687648071],[141.060159,38.44296],[141.06008190874314,38.443266185769296],[141.06017009556854,38.44285687648071]],[[141.060487,38.441386],[141.060482,38.44141],[141.06047905505588,38.441422875569735],[141.060487,38.441386]],[[141.0580991795871,38.44179934384217],[141.059914,38.441383],[141.060487,38.441386],[141.0580991795871,38.44179934384217]],[[140.937643,38.350336],[140.939258,38.352338],[140.939253,38.3536],[140.937643,38.350336]],[[140.9377261660091,38.34999140710174],[140.937725,38.350004],[140.93771785848563,38.35002582877975],[140.9377261660091,38.34999140710174]],[[140.93609615732422,38.347261264914735],[140.937077,38.347216],[140.938138,38.348285],[140.93609615732422,38.347261264914735]],[[140.93437978975984,38.34640071590393],[140.934961,38.346585],[140.93515276109264,38.3467882667582],[140.93437978975984,38.34640071590393]],[[140.9336420684739,38.3447687228764],[140.933664,38.344825],[140.93366091846806,38.34494579605177],[140.9336420684739,38.3447687228764]],[[140.934153757921,38.34324222613318],[140.934016,38.343612],[140.933558,38.343979],[140.934153757921,38.34324222613318]],[[140.934855,38.342375],[140.934802,38.342541],[140.93460782790393,38.34268067775025],[140.934855,38.342375]],[[140.934107,38.340812],[140.934517,38.341341],[140.934855,38.342375],[140.934107,38.340812]],[[140.9357872492274,38.338716880382776],[140.93566,38.339399],[140.934107,38.340812],[140.9357872492274,38.338716880382776]],[[140.9391159,38.3376284],[140.939497,38.335364],[140.9402755,38.3374126],[140.9391159,38.3376284]],[[140.939497,38.335364],[140.936823,38.331734],[140.9369484575044,38.33159579038316],[140.939497,38.335364]],[[140.93820881469858,38.33020732433878],[140.939028,38.326964],[140.9383940766546,38.326773415673294],[140.93820881469858,38.33020732433878]],[[140.93637396934417,38.31703061475589],[140.9366989,38.3175651],[140.93643349499462,38.31863112883029],[140.93637396934417,38.31703061475589]],[[140.942655,38.312196],[140.94423999358074,38.31161587163058],[140.94184103269686,38.31369840021236],[140.942655,38.312196]],[[140.946327,38.310852],[140.94663103394052,38.31030878282969],[140.94588419756428,38.31101407147974],[140.946327,38.310852]],[[140.95028849454414,38.30960105387374],[140.9497483,38.3102547],[140.9480765600991,38.308829243366965],[140.95028849454414,38.30960105387374]],[[140.9568852,38.3125096],[140.9600309,38.3127849],[140.9596254,38.3133247],[140.9568852,38.3125096]],[[140.962731,38.309509],[140.968737,38.309468],[140.96209352674342,38.30956991133663],[140.962731,38.309509]],[[140.97259617394923,38.30976519714898],[140.971617,38.309754],[140.968737,38.309468],[140.97259617394923,38.30976519714898]],[[140.97517252656863,38.30977315225491],[140.975069,38.309923],[140.974892,38.309942],[140.97517252656863,38.30977315225491]],[[140.97677898138372,38.30880623395388],[140.976474,38.309682],[140.97540820715068,38.309631297117846],[140.97677898138372,38.30880623395388]],[[140.98003479307766,38.30853018113599],[140.979598,38.308714],[140.977002,38.308672],[140.98003479307766,38.30853018113599]],[[140.981647,38.309648],[140.981604,38.309599],[140.981557,38.308459],[140.981647,38.309648]],[[140.9819410970141,38.30979486142244],[140.981895,38.309774],[140.98184361191485,38.30974618088623],[140.9819410970141,38.30979486142244]],[[140.986363,38.312003],[140.986044,38.311938],[140.98595200785923,38.31179776537498],[140.986363,38.312003]],[[140.993858,38.314239],[140.992314,38.313817],[140.986363,38.312003],[140.993858,38.314239]],[[141.03616529999996,38.302522100000026],[141.036192,38.300235],[141.03616529999996,38.30252210000005],[141.03616529999996,38.302522100000026]],[[141.03685193205072,38.29786608859436],[141.036686,38.298166],[141.0365453398509,38.29816853240079],[141.03685193205072,38.29786608859436]],[[141.04138862814625,38.29416419744012],[141.039596,38.295774],[141.037959,38.296774],[141.04138862814625,38.29416419744012]],[[141.04288594333684,38.29254739357487],[141.042806,38.292908],[141.042636,38.293215],[141.04288594333684,38.29254739357487]],[[141.043858,38.289951],[141.043405,38.289277],[141.043882,38.289265],[141.043858,38.289951]],[[141.041811,38.289953],[141.041994,38.28992],[141.04201903972032,38.28995279673696],[141.041811,38.289953]],[[141.043283,38.288757],[141.04426,38.286623],[141.045089,38.287256],[141.043283,38.288757]],[[141.04126036959653,38.28672756916426],[141.041526,38.286739],[141.04170649940187,38.28689054558095],[141.04126036959653,38.28672756916426]],[[141.0383170964056,38.28674410866424],[141.038522,38.286607],[141.040621,38.286494],[141.0383170964056,38.28674410866424]],[[141.03631590654769,38.286961355133876],[141.037165,38.286782],[141.0371842324748,38.28686709084335],[141.03631590654769,38.286961355133876]],[[141.03507041131832,38.28571011054718],[141.035446,38.286331],[141.03564281234563,38.28690449749327],[141.03507041131832,38.28571011054718]],[[141.034386,38.284282],[141.034899,38.284897],[141.03479464594434,38.285134691309416],[141.034386,38.284282]],[[141.03403069897664,38.28261553022185],[141.034652,38.283135],[141.0343755813065,38.28423313316111],[141.03403069897664,38.28261553022185]],[[141.033695,38.281041],[141.033875,38.281508],[141.03385386564256,38.28178612814402],[141.033695,38.281041]],[[141.032155,38.280379],[141.0332040778135,38.280733173633436],[141.033695,38.281041],[141.032155,38.280379]],[[141.034972,38.282348],[141.034327,38.281841],[141.034184,38.281064],[141.034972,38.282348]],[[141.039757,38.281945],[141.038339,38.282742],[141.037417,38.282927],[141.039757,38.281945]],[[141.04023307312045,38.28128926989623],[141.040088,38.28149],[141.03990706916963,38.281738298827534],[141.04023307312045,38.28128926989623]],[[141.0403801553104,38.28108668290792],[141.04038,38.281087],[141.0403079937964,38.28118607620494],[141.0403801553104,38.28108668290792]],[[141.04336574178106,38.276974417707095],[141.041699,38.279657],[141.0409084815088,38.28035898084278],[141.04336574178106,38.276974417707095]],[[140.47958240100576,38.253973743288185],[140.480804,38.254602],[140.481134,38.255209],[140.47958240100576,38.253973743288185]],[[140.48153750418342,38.25525980889074],[140.483469,38.255342],[140.48428294596155,38.255605512497],[140.48153750418342,38.25525980889074]],[[140.485645905424,38.25590643664785],[140.485486,38.255757],[140.485569,38.255798],[140.485645905424,38.25590643664785]],[[140.486265,38.256485],[140.48579754380862,38.25604814748737],[140.486012,38.256206],[140.486265,38.256485]],[[140.48680671756273,38.256466448028675],[140.487524,38.256199],[140.489623,38.25637],[140.48680671756273,38.256466448028675]],[[140.4897454586586,38.256299670299114],[140.490818,38.255559],[140.491554,38.255261],[140.4897454586586,38.256299670299114]],[[140.491554,38.255261],[140.492629,38.255168],[140.49421174950373,38.256208982755744],[140.491554,38.255261]],[[140.495465,38.256656],[140.497124,38.256227],[140.49782800920622,38.25619922582569],[140.495465,38.256656]],[[140.50059815095506,38.25566375215647],[140.501369,38.255461],[140.501616,38.255467],[140.50059815095506,38.25566375215647]],[[140.501616,38.255467],[140.503046,38.256344],[140.50400095430066,38.25798562430572],[140.501616,38.255467]],[[140.50994714560437,38.259546],[140.511516,38.259429],[140.51275276601558,38.25980343529863],[140.50994714560437,38.259546]],[[140.51469250679114,38.25998142008368],[140.51458602625448,38.259971649749595],[140.514636,38.259974],[140.51469250679114,38.25998142008368]],[[140.51630673530872,38.259989558351265],[140.518053,38.259747],[140.518848,38.25976],[140.51630673530872,38.259989558351265]],[[140.518848,38.25976],[140.519285,38.259923],[140.5196456213551,38.2601642373697],[140.518848,38.25976]],[[140.52372,38.260254],[140.523983,38.259955],[140.52369621324397,38.260366446483026],[140.52372,38.260254]],[[140.523983,38.259955],[140.525731,38.259403],[140.53156036569555,38.259764833000595],[140.523983,38.259955]],[[140.534064,38.259702],[140.535116,38.259936],[140.5358,38.260488],[140.534064,38.259702]],[[140.537296,38.262534],[140.537819,38.263319],[140.5372248307723,38.26248586821015],[140.537296,38.262534]],[[140.537819,38.263319],[140.539599,38.263222],[140.54097111478188,38.26378204286879],[140.537819,38.263319]],[[140.541318,38.263833],[140.545106,38.262229],[140.548316,38.26132],[140.541318,38.263833]],[[140.548316,38.26132],[140.550455,38.262937],[140.551366,38.264067],[140.548316,38.26132]],[[140.551366,38.264067],[140.552339,38.264437],[140.55313694744027,38.26504385914893],[140.551366,38.264067]],[[140.554486,38.265788],[140.557301,38.266249],[140.557672,38.26682],[140.554486,38.265788]],[[140.5580138807113,38.266870224924716],[140.559436,38.26695],[140.56004226495187,38.26716821028161],[140.5580138807113,38.266870224924716]],[[140.561731,38.267333],[140.562539,38.267535],[140.5605448825697,38.267242048702975],[140.561731,38.267333]],[[140.56276715769206,38.2674267531534],[140.563899,38.26671],[140.5643157397745,38.26669204583055],[140.56276715769206,38.2674267531534]],[[140.565651,38.26595],[140.566236,38.265781],[140.56555798462128,38.26610267675798],[140.565651,38.26595]],[[140.56820850187492,38.266045745826865],[140.569727,38.265912],[140.570304,38.266327],[140.56820850187492,38.266045745826865]],[[140.57327672869098,38.2657469665081],[140.573835,38.265568],[140.5740608094435,38.265593978077575],[140.57327672869098,38.2657469665081]],[[140.576008,38.265204],[140.5761965169634,38.26517726265575],[140.57597324068328,38.26522082792317],[140.576008,38.265204]],[[140.576818,38.265056],[140.578539,38.264198],[140.57903693622976,38.26433270908917],[140.576818,38.265056]],[[140.581263,38.26362],[140.58158740871866,38.26377552066272],[140.581024,38.263685],[140.581263,38.26362]],[[140.58187521645718,38.263821761600006],[140.582813,38.263899],[140.583246,38.264042],[140.58187521645718,38.263821761600006]],[[140.58478258360878,38.263357947297],[140.58506,38.263166],[140.585216,38.263165],[140.58478258360878,38.263357947297]],[[140.585455,38.263224],[140.5855493471607,38.26326232853403],[140.585216,38.263165],[140.585455,38.263224]],[[140.58888215547634,38.263969943870315],[140.589621,38.263925],[140.59012928207233,38.26398562079761],[140.58888215547634,38.263969943870315]],[[140.5906402532143,38.263992043928575],[140.592189,38.263958],[140.592546,38.264016],[140.5906402532143,38.263992043928575]],[[140.593195,38.264248],[140.593306796351,38.264303664291916],[140.592546,38.264016],[140.593195,38.264248]],[[140.59697394067626,38.264435217360585],[140.598108,38.264315],[140.59836281201757,38.26434223852602],[140.59697394067626,38.264435217360585]],[[140.600129,38.264224],[140.602389,38.263562],[140.60367054238932,38.26357765870902],[140.600129,38.264224]],[[140.604644,38.2634],[140.6040951918122,38.263500159013674],[140.604191,38.263471],[140.604644,38.2634]],[[140.604644,38.2634],[140.605353,38.263653],[140.6055783448669,38.26392033593207],[140.604644,38.2634]],[[140.60816387419652,38.265027500459134],[140.607869,38.265196],[140.608061,38.265062],[140.60816387419652,38.265027500459134]],[[140.612034,38.262816],[140.612689,38.261043],[140.613785,38.260822],[140.612034,38.262816]],[[140.613785,38.260822],[140.614585,38.260978],[140.61468865495308,38.26101230832954],[140.613785,38.260822]],[[140.615974,38.261283],[140.616856,38.26038],[140.618846,38.259504],[140.615974,38.261283]],[[140.621748,38.258557],[140.6222871918113,38.25855318746655],[140.621589,38.25858],[140.621748,38.258557]],[[140.62717554421266,38.25836546095625],[140.628489,38.258229],[140.62915134458748,38.25828958465296],[140.62717554421266,38.25836546095625]],[[140.63036809580564,38.258142944075175],[140.631306,38.257529],[140.6326894485945,38.25717557305843],[140.63036809580564,38.258142944075175]],[[140.6346595189353,38.25617905805649],[140.635224,38.255611],[140.63605397780412,38.255029394474974],[140.6346595189353,38.25617905805649]],[[140.63621942576853,38.25493260901381],[140.637878,38.25419],[140.639492,38.253931],[140.63621942576853,38.25493260901381]],[[140.6399471080012,38.25364876999819],[140.640502,38.253199],[140.64070499516836,38.253178774972845],[140.6399471080012,38.25364876999819]],[[140.643246,38.251603],[140.643634,38.251442],[140.6436649422488,38.25143105120428],[140.643246,38.251603]],[[140.6437862017213,38.25138128200498],[140.647147,38.249807],[140.64801968194075,38.249643711187986],[140.6437862017213,38.25138128200498]],[[140.64886882359954,38.249295193257275],[140.64864063783688,38.24938884880814],[140.648754,38.249328],[140.64886882359954,38.249295193257275]],[[140.649973,38.248842],[140.650937,38.248168],[140.65129969507674,38.24805105082054],[140.649973,38.248842]],[[140.652852,38.247031],[140.65338613043247,38.246807159619394],[140.65273081920876,38.24719784311838],[140.652852,38.247031]],[[140.65314001701915,38.24510440883952],[140.652336,38.245039],[140.651657,38.244592],[140.65314001701915,38.24510440883952]],[[140.650733,38.242958],[140.65082220971865,38.243115758312],[140.650764,38.243051],[140.650733,38.242958]],[[140.65065663441086,38.24105182592508],[140.650286,38.240716],[140.65063,38.240387],[140.65065663441086,38.24105182592508]],[[140.65063,38.240387],[140.651179,38.240294],[140.6513559901453,38.240287917003506],[140.65063,38.240387]],[[140.65381007593186,38.23995298384368],[140.654318,38.239842],[140.65463228128243,38.239840769414336],[140.65381007593186,38.23995298384368]],[[140.65796903489192,38.23938536991848],[140.658676,38.239178],[140.65930619930424,38.23920287397466],[140.65796903489192,38.23938536991848]],[[140.662368,38.238785],[140.663264,38.238803],[140.6635283814433,38.23902002061856],[140.662368,38.238785]],[[140.670565,38.23852],[140.670234,38.237668],[140.67044246133767,38.23742058312149],[140.670565,38.23852]],[[140.670346,38.236638],[140.670315,38.236277],[140.6703598760884,38.236679628265215],[140.670346,38.236638]],[[140.67135,38.235486],[140.671825133809,38.23512385712801],[140.67134868964132,38.23548767137585],[140.67135,38.235486]],[[140.672171,38.23485],[140.672502,38.234607],[140.67209984364365,38.234914087844125],[140.672171,38.23485]],[[140.675126,38.233518],[140.67549830882808,38.23341623517936],[140.67499120478618,38.233617763689324],[140.675126,38.233518]],[[140.677514,38.231186],[140.677872,38.23075],[140.67828828249102,38.23058674944397],[140.677514,38.231186]],[[140.67895120507703,38.23007368511294],[140.679475,38.22942],[140.679832,38.229392],[140.67895120507703,38.23007368511294]],[[140.68286586261692,38.22963138690536],[140.683523,38.229467],[140.684179,38.229735],[140.68286586261692,38.22963138690536]],[[140.685853,38.228107],[140.684308,38.227035],[140.68415818677917,38.22680527568371],[140.685853,38.228107]],[[140.683237,38.22611],[140.683085,38.225981],[140.68327810562218,38.226129317396214],[140.683237,38.22611]],[[140.683085,38.225981],[140.683523,38.225195],[140.683706,38.225034],[140.683085,38.225981]],[[140.683706,38.225034],[140.684179,38.224981],[140.68440168619412,38.225002831979815],[140.683706,38.225034]],[[140.687188,38.224878],[140.68670597763705,38.22489959548783],[140.686728,38.224896],[140.687188,38.224878]],[[140.691861,38.222917],[140.690559,38.223206],[140.692397,38.222009],[140.691861,38.222917]],[[140.69378854089638,38.22365702589382],[140.695428,38.22311],[140.69813134027106,38.22302092117383],[140.69378854089638,38.22365702589382]],[[140.6995862215511,38.22202423075289],[140.699781,38.221705],[140.7004920914319,38.22134770644869],[140.6995862215511,38.22202423075289]],[[140.702294,38.220002],[140.70212020866143,38.22013179133858],[140.702182,38.22007],[140.702294,38.220002]],[[140.702531,38.21993],[140.70269140317706,38.21991762362001],[140.702294,38.220002],[140.702531,38.21993]],[[140.70749953217927,38.218896764847],[140.707692,38.218699],[140.70873907023494,38.21863358694599],[140.70749953217927,38.218896764847]],[[140.70901493899092,38.21857501467399],[140.710805,38.217816],[140.71123635799268,38.21810336445923],[140.70901493899092,38.21857501467399]],[[140.71267008851672,38.217798955741635],[140.713025,38.217459],[140.71354163666794,38.217613909214],[140.71267008851672,38.217798955741635]],[[140.713998,38.217527],[140.71413185561784,38.21753912570056],[140.713918,38.217534],[140.713998,38.217527]],[[140.71491446405,38.21755788329281],[140.715267,38.217527],[140.71543144213305,38.21757027424553],[140.71491446405,38.21755788329281]],[[140.71605547054241,38.21758523098504],[140.71600411111112,38.217584],[140.716044,38.217584],[140.71605547054241,38.21758523098504]],[[140.716922,38.217606],[140.718941,38.216297],[140.71993085772274,38.21701562949203],[140.716922,38.217606]],[[140.72109824878154,38.216786574709154],[140.7214,38.216607],[140.72192705656357,38.21662395363618],[140.72109824878154,38.216786574709154]],[[140.722311,38.216389],[140.72269712408757,38.21600484489051],[140.722253,38.21656],[140.722311,38.216389]],[[140.723253,38.215166],[140.723637,38.21483],[140.72323471428572,38.215332857142855],[140.723253,38.215166]],[[140.728372,38.214023],[140.728646,38.213235],[140.730027327213,38.21238920049807],[140.728372,38.214023]],[[140.730525,38.211898],[140.73039949794725,38.21202186988484],[140.730404,38.212012],[140.730525,38.211898]],[[140.730717,38.211844],[140.73077743201742,38.21184013676601],[140.730525,38.211898],[140.730717,38.211844]],[[140.734212,38.211051],[140.73460396299186,38.21096300771002],[140.73419503438367,38.21105674356802],[140.734212,38.211051]],[[140.73771201388814,38.20860056873487],[140.737786,38.208309],[140.7380881154041,38.20820607940503],[140.73771201388814,38.20860056873487]],[[140.738293,38.207822],[140.73822915231102,38.20769552976241],[140.738358,38.207923],[140.738293,38.207822]],[[140.73793106044351,38.20716927253225],[140.737561,38.206746],[140.737369,38.206177],[140.73793106044351,38.20716927253225]],[[140.737369,38.206177],[140.737539,38.205866],[140.73763009592125,38.20580176569655],[140.737369,38.206177]],[[140.7380903106057,38.205140367633646],[140.740644,38.200756],[140.741848,38.19974],[140.7380903106057,38.205140367633646]],[[140.7422394666122,38.1996011754223],[140.74213600661568,38.199637865116586],[140.742219,38.199604],[140.7422394666122,38.1996011754223]],[[140.74318126278874,38.1984377349685],[140.742433,38.19793],[140.742241,38.196489],[140.74318126278874,38.1984377349685]],[[140.742241,38.196489],[140.743085,38.195452],[140.743768,38.194762],[140.742241,38.196489]],[[140.74227743032014,38.194207062146894],[140.742039,38.194204],[140.741963,38.19409],[140.74227743032014,38.194207062146894]],[[140.74235880508863,38.19266019500631],[140.743017,38.190008],[140.743173,38.189719],[140.74235880508863,38.19266019500631]],[[140.744475,38.188548],[140.74480235522267,38.18836162962248],[140.74428135727837,38.18879565847423],[140.744475,38.188548]],[[140.7450353393419,38.18816753705295],[140.74485496515678,38.188317801754195],[140.744988,38.188197],[140.7450353393419,38.18816753705295]],[[140.7455556797087,38.18681103155791],[140.745055,38.185784],[140.745167,38.185016],[140.7455556797087,38.18681103155791]],[[140.74506,38.184869],[140.74504641836953,38.184847532261536],[140.745167,38.185016],[140.74506,38.184869]],[[140.743636,38.182877],[140.743863,38.182469],[140.74480462882315,38.18213478895534],[140.743636,38.182877]],[[140.74502950695504,38.18199196599059],[140.74632,38.180938],[140.74688804381952,38.18081158556488],[140.74502950695504,38.18199196599059]],[[140.749668,38.179046],[140.750444,38.18012],[140.750651,38.180895],[140.749668,38.179046]],[[140.751534623281,38.180513366151914],[140.752609,38.179846],[140.752971,38.179893],[140.751534623281,38.180513366151914]],[[140.754344,38.180426],[140.755317,38.178934],[140.756547,38.17867],[140.754344,38.180426]],[[140.75660561025822,38.178160741978694],[140.75634,38.177042],[140.756772,38.176715],[140.75660561025822,38.178160741978694]],[[140.756772,38.176715],[140.757382,38.176855],[140.75942676846236,38.177476810862814],[140.756772,38.176715]],[[140.76017443925227,38.177556],[140.759755,38.177571],[140.759953,38.177556],[140.76017443925227,38.177556]],[[140.76019498562508,38.17755526521996],[140.760861,38.177431],[140.7613719464816,38.17751317470805],[140.76019498562508,38.17755526521996]],[[140.76230136249464,38.17747993690276],[140.76265,38.177439],[140.762747,38.177464],[140.76230136249464,38.17747993690276]],[[140.76524898913078,38.17810914401984],[140.766093,38.177857],[140.766529,38.178302],[140.76524898913078,38.17810914401984]],[[140.766854,38.178523],[140.767193,38.178354],[140.76726884745267,38.178417967731164],[140.766854,38.178523]],[[140.767404,38.17838374942129],[140.767556,38.178244],[140.76775360744065,38.178295234805965],[140.767404,38.17838374942129]],[[140.76787995027453,38.17826324696463],[140.768368,38.177567],[140.77031,38.177648],[140.76787995027453,38.17826324696463]],[[140.77195473555597,38.17814492237908],[140.772182,38.178132],[140.77258741416063,38.178336072960285],[140.77195473555597,38.17814492237908]],[[140.778184,38.178169],[140.77829464263897,38.17820798228467],[140.778166,38.178195],[140.778184,38.178169]],[[140.778368,38.178213],[140.77868375,38.17824725],[140.77834436363634,38.178213],[140.778368,38.178213]],[[140.77882521662468,38.17826152644836],[140.779249,38.178184],[140.77991,38.178371],[140.77882521662468,38.17826152644836]],[[140.78090592701665,38.1778627002528],[140.781224,38.17758],[140.78147934852942,38.177570038235295],[140.78090592701665,38.1778627002528]],[[140.782367,38.177117],[140.782757,38.177102],[140.78309642439132,38.17714765850819],[140.782367,38.177117]],[[140.78459958631703,38.17721083805463],[140.785446,38.177103],[140.78584469857938,38.17726317149034],[140.78459958631703,38.17721083805463]],[[140.786483,38.17729],[140.787126,38.17571],[140.787852,38.175203],[140.786483,38.17729]],[[140.788136,38.175111],[140.78846208967389,38.175083611890905],[140.787852,38.175203],[140.788136,38.175111]],[[140.791935,38.174404],[140.790791,38.173931],[140.789844,38.173511],[140.791935,38.174404]],[[140.789844,38.173511],[140.789995,38.172517],[140.79009871216377,38.17238569346169],[140.789844,38.173511]],[[140.474386,37.949592],[140.474418,37.948802],[140.47453609427686,37.948692075767454],[140.474386,37.949592]],[[140.476756,37.953501],[140.476139,37.952845],[140.477828,37.954253],[140.476756,37.953501]],[[140.47982448460746,37.95374101490092],[140.478445,37.95433],[140.477828,37.954253],[140.47982448460746,37.95374101490092]],[[140.48587047178185,37.95264301798324],[140.483925,37.953481],[140.482484,37.953059],[140.48587047178185,37.95264301798324]],[[140.486746,37.953353],[140.4862446059546,37.952778361791886],[140.48708278862134,37.953526233227635],[140.486746,37.953353]],[[140.488423,37.954899],[140.48821697303222,37.95453821326185],[140.488906,37.955153],[140.488423,37.954899]],[[140.49659266625636,37.95314843661124],[140.49519,37.953838],[140.49196502016136,37.9543552549677],[140.49659266625636,37.95314843661124]],[[140.499941,37.952227],[140.499639,37.952354],[140.49995419106367,37.952215988127875],[140.499941,37.952227]],[[140.502292,37.951291],[140.502021,37.951311],[140.50251662105453,37.951266248463995],[140.502292,37.951291]],[[140.51171136773795,37.9552037081345],[140.51184165407804,37.955312490558526],[140.511733,37.955231],[140.51171136773795,37.9552037081345]],[[140.51532511846017,37.958221004983265],[140.513514,37.956973],[140.51213035597257,37.955553541860496],[140.51532511846017,37.958221004983265]],[[140.5205162352941,37.961216117647055],[140.51908,37.960611],[140.51781734210525,37.95986667105263],[140.5205162352941,37.961216117647055]],[[140.521516,37.961978],[140.521066,37.961491],[140.52192891490787,37.96223338266571],[140.521516,37.961978]],[[140.521896,37.964759],[140.521969,37.964458],[140.52199509797822,37.964428673405926],[140.521896,37.964759]],[[140.524358,37.965934],[140.522615,37.965192],[140.52215012886882,37.96488028408646],[140.524358,37.965934]],[[140.527769,37.965466],[140.527525,37.965577],[140.52782835157356,37.96540584637813],[140.527769,37.965466]],[[140.531882,37.967048],[140.531727,37.966067],[140.5321321232039,37.965796828151234],[140.531882,37.967048]],[[140.531456,37.970047],[140.532716,37.968621],[140.533066,37.968326],[140.531456,37.970047]],[[140.5317299232931,37.97184315416484],[140.531502,37.971459],[140.531456,37.970047],[140.5317299232931,37.97184315416484]],[[140.5312066766686,37.97505633541278],[140.531623,37.973686],[140.531946,37.97326],[140.5312066766686,37.97505633541278]],[[140.529798,37.978479],[140.529491,37.97679],[140.53083140103223,37.97596814339517],[140.529798,37.978479]],[[140.5267262058344,37.98070350591136],[140.527433,37.979986],[140.52803622822753,37.97975482497752],[140.5267262058344,37.98070350591136]],[[140.5258250901858,37.981356068218275],[140.52570516430922,37.98144291512499],[140.525809,37.981364],[140.5258250901858,37.981356068218275]],[[140.524373,37.98499],[140.524018,37.983606],[140.524668,37.982194],[140.524373,37.98499]],[[140.521938,37.986726],[140.5224570140291,37.986381361673565],[140.521864,37.986812],[140.521938,37.986726]],[[140.521594,37.98841],[140.521606,37.987824],[140.521864,37.986812],[140.521594,37.98841]],[[140.519217,37.990255],[140.52029533595712,37.9894468408294],[140.519109,37.990394],[140.519217,37.990255]],[[140.518623,37.992681],[140.51876040972357,37.99206518279573],[140.518599,37.992839],[140.518623,37.992681]],[[140.516339,37.996421],[140.518106,37.993387],[140.51844398604484,37.99308469025988],[140.516339,37.996421]],[[140.517695,38.002372],[140.517076,38.001744],[140.516339,37.996421],[140.517695,38.002372]],[[140.51820167680827,38.00253696142581],[140.517849,38.002445],[140.517695,38.002372],[140.51820167680827,38.00253696142581]],[[140.52078952277594,38.004837014746485],[140.520641,38.005104],[140.520739,38.004904],[140.52078952277594,38.004837014746485]],[[140.51849224526467,38.00676911219039],[140.519317,38.005941],[140.52026292815668,38.00539697528694],[140.51849224526467,38.00676911219039]],[[140.51451484187683,38.00811883093721],[140.515449,38.007806],[140.51587069443391,38.007846941487344],[140.51451484187683,38.00811883093721]],[[140.513382,38.008346],[140.5139,38.008196],[140.51405024825368,38.008211996011795],[140.513382,38.008346]],[[140.51346931585155,38.00888275860521],[140.513325,38.008565],[140.513382,38.008346],[140.51346931585155,38.00888275860521]],[[140.511811,38.010731],[140.512048,38.010442],[140.51281875087747,38.010165087529536],[140.511811,38.010731]],[[140.51178,38.01099579166673],[140.51178,38.010994],[140.511811,38.010731],[140.51178,38.01099579166673]],[[140.5116430334728,38.01216571408642],[140.511619,38.012371],[140.511633,38.012206],[140.5116430334728,38.01216571408642]],[[140.51213574364908,38.014807150656175],[140.512003,38.014363],[140.51198580283219,38.01410026549142],[140.51213574364908,38.014807150656175]],[[140.51226825460046,38.01876067506929],[140.512258,38.018057],[140.512624,38.017109],[140.51226825460046,38.01876067506929]],[[140.511784,38.021009],[140.511298,38.020325],[140.5120965096613,38.01955806228687],[140.511784,38.021009]],[[140.500775,38.033133],[140.501779,38.032726],[140.502338063737,38.03280604776419],[140.500775,38.033133]],[[140.49247512322626,38.03909871675868],[140.492145,38.039336],[140.492379,38.039151],[140.49247512322626,38.03909871675868]],[[140.49041160091707,38.044003659660206],[140.490351,38.04218],[140.490553,38.041651],[140.49041160091707,38.044003659660206]],[[140.4903509755011,38.04797950537132],[140.490156,38.047257],[140.490246,38.046759],[140.4903509755011,38.04797950537132]],[[140.49041287250427,38.04869915542368],[140.4904989694816,38.0497001682524],[140.490426,38.049361],[140.49041287250427,38.04869915542368]],[[140.490961,38.055072],[140.49083793201524,38.056440722919056],[140.490854,38.056126],[140.490961,38.055072]],[[140.483263,38.07166],[140.48426803506436,38.07050169201713],[140.483034,38.071931],[140.483263,38.07166]],[[140.48176852731672,38.07402441804981],[140.482248,38.073086],[140.483034,38.071931],[140.48176852731672,38.07402441804981]],[[140.4747572932164,38.07792478631187],[140.478981,38.075753],[140.480885,38.075486],[140.4747572932164,38.07792478631187]],[[140.47391,38.078242],[140.47418307931287,38.07815331960458],[140.473709,38.078342],[140.47391,38.078242]],[[140.471439,38.081877],[140.47214199063077,38.081429256872084],[140.471366,38.082039],[140.471439,38.081877]],[[140.471844,38.085108],[140.471441,38.083621],[140.471366,38.082039],[140.471844,38.085108]],[[140.47395,38.087689],[140.472621,38.08631],[140.471844,38.085108],[140.47395,38.087689]],[[140.480878,38.090136],[140.4822426825446,38.08954868070408],[140.481632,38.089916],[140.480878,38.090136]],[[140.48762,38.088386],[140.48527,38.088903],[140.483657,38.08894],[140.48762,38.088386]],[[140.48995375736183,38.090412346169],[140.488467,38.089229],[140.48762,38.088386],[140.48995375736183,38.090412346169]],[[140.4939399946626,38.09256375444059],[140.491896,38.091946],[140.490892,38.091227],[140.4939399946626,38.09256375444059]],[[140.5022170381943,38.094379339120344],[140.501305,38.094243],[140.50089541144942,38.094145352828],[140.5022170381943,38.094379339120344]],[[140.50862441222412,38.09419422847573],[140.506885,38.094529],[140.5051508456732,38.09432253315586],[140.50862441222412,38.09419422847573]],[[140.51011954668002,38.094297505242146],[140.51042530113386,38.09436758721415],[140.51022,38.094328],[140.51011954668002,38.094297505242146]],[[140.513372,38.095043],[140.511349,38.094607],[140.51045995526277,38.09437553028632],[140.513372,38.095043]],[[140.5140264,38.095001599999996],[140.513586,38.095054],[140.513372,38.095043],[140.5140264,38.095001599999996]],[[140.519046,38.096055],[140.518532,38.095816],[140.518355633004,38.09570464306073],[140.519046,38.096055]],[[140.5218683762338,38.09612918667467],[140.520064,38.096203],[140.519046,38.096055],[140.5218683762338,38.09612918667467]],[[140.525161,38.096983],[140.52435,38.096882],[140.523345,38.096168],[140.525161,38.096983]],[[140.5276074376278,38.09580329885114],[140.52788096834254,38.09592838733702],[140.52771,38.09586],[140.5276074376278,38.09580329885114]],[[140.528539,38.096238],[140.52800095954882,38.09598326058343],[140.528722,38.096313],[140.528539,38.096238]],[[140.532758,38.096384],[140.53132,38.096678],[140.5299491875901,38.09633458828516],[140.532758,38.096384]],[[140.53880802130482,38.09657719480816],[140.539359,38.096739],[140.538958,38.09665],[140.53880802130482,38.09657719480816]],[[140.539779,38.095903],[140.53962409631467,38.096209341480076],[140.53981156627034,38.09583477927852],[140.539779,38.095903]],[[140.540848,38.093764],[140.540442,38.094718],[140.53996738670847,38.095523452345375],[140.540848,38.093764]],[[140.54075273035474,38.09325718173792],[140.540839,38.093549],[140.540848,38.093764],[140.54075273035474,38.09325718173792]],[[140.540379,38.091269],[140.54074414753126,38.09118197062699],[140.540696,38.091202],[140.540379,38.091269]],[[140.543488,38.090528],[140.542224,38.090868],[140.54135854374513,38.09103553524762],[140.543488,38.090528]],[[140.543593,38.087614],[140.543613,38.089627],[140.543488,38.090528],[140.543593,38.087614]],[[140.547603,38.087686],[140.546746,38.087772],[140.54562986319695,38.08765057210728],[140.547603,38.087686]],[[140.549568,38.082864],[140.548868,38.085208],[140.54826539369458,38.08606052295407],[140.549568,38.082864]],[[140.55387320402622,38.078178749563044],[140.552769,38.078631],[140.55207866784758,38.07882920340189],[140.55387320402622,38.078178749563044]],[[140.55411802816914,38.078090009750774],[140.554256,38.07804],[140.554124,38.078088],[140.55411802816914,38.078090009750774]],[[140.55707975433978,38.079187830732586],[140.557368,38.079305],[140.557178,38.079232],[140.55707975433978,38.079187830732586]],[[140.55995736328293,38.08073730926046],[140.559313,38.080461],[140.557368,38.079305],[140.55995736328293,38.08073730926046]],[[140.56737558446264,38.08462115327104],[140.566906,38.084468],[140.566333,38.084264],[140.56737558446264,38.08462115327104]],[[140.56799407718418,38.08483302742275],[140.56818463011584,38.08489830424711],[140.568038,38.084852],[140.56799407718418,38.08483302742275]],[[140.56956640640297,38.0853716528711],[140.568633,38.085094],[140.56828250428728,38.08493183254312],[140.56956640640297,38.0853716528711]],[[140.5704802078931,38.08568468956307],[140.5704852340433,38.085686411347766],[140.570484,38.085686],[140.5704802078931,38.08568468956307]],[[140.571424,38.086008],[140.5719534271194,38.08598746891424],[140.571826,38.086004],[140.571424,38.086008]],[[140.573155,38.085942],[140.57210575086714,38.08598156182748],[140.57319637732365,38.08593926753523],[140.573155,38.085942]],[[140.58371323512065,38.086024633971654],[140.583364,38.08626],[140.582979,38.086264],[140.58371323512065,38.086024633971654]],[[140.588038021209,38.08614899893957],[140.588274,38.086198],[140.588084,38.08616],[140.588038021209,38.08614899893957]],[[140.59276,38.086475],[140.5926310521267,38.08645688834027],[140.59290670663893,38.08647326724442],[140.59276,38.086475]],[[140.59313873068484,38.086487053703344],[140.5932079963595,38.08649116934737],[140.593188,38.086493],[140.59313873068484,38.086487053703344]],[[140.59448932088037,38.08699830807914],[140.594122,38.086733],[140.593912,38.086533],[140.59448932088037,38.08699830807914]],[[140.595752,38.088016],[140.595015,38.087458],[140.5949611608317,38.08737860082252],[140.595752,38.088016]],[[140.596498,38.088073],[140.5961281366315,38.0880396240921],[140.59680934159036,38.08808240867444],[140.596498,38.088073]],[[140.59729685414348,38.088113027977336],[140.597583,38.088131],[140.597395,38.088138],[140.59729685414348,38.088113027977336]],[[140.603201,38.086263],[140.60206,38.086526],[140.600823,38.086565],[140.603201,38.086263]],[[140.605375,38.08435],[140.604161,38.085598],[140.603201,38.086263],[140.605375,38.08435]],[[140.604143,38.081748],[140.605054,38.08289],[140.605375,38.08435],[140.604143,38.081748]],[[140.605448,38.079414],[140.60517278560292,38.07950068873591],[140.6055041976567,38.07931464254296],[140.605448,38.079414]],[[140.6089763796419,38.075470281417395],[140.608957,38.076046],[140.607333,38.078288],[140.6089763796419,38.075470281417395]],[[140.611074,38.073124],[140.611132,38.074019],[140.609698,38.074233],[140.611074,38.073124]],[[140.612014,38.068657],[140.611801,38.069009],[140.61138055114134,38.069201929021716],[140.612014,38.068657]],[[140.61211541543898,38.067972255156334],[140.61213,38.06787378195479],[140.61213,38.067911],[140.61211541543898,38.067972255156334]],[[140.612546,38.065065],[140.612488,38.066459],[140.61224703429312,38.06708358048712],[140.612546,38.065065]],[[140.61398782200467,38.06486572728711],[140.613117,38.065015],[140.612737403809,38.06503854627953],[140.61398782200467,38.06486572728711]],[[140.61651463379144,38.06451649927002],[140.615887,38.064726],[140.6151382566793,38.06470672691268],[140.61651463379144,38.06451649927002]],[[140.619246,38.064139],[140.619049,38.064182],[140.6189830397517,38.06417534346118],[140.619246,38.064139]],[[140.61977205898825,38.0633194153444],[140.619652,38.063581],[140.619246,38.064139],[140.61977205898825,38.0633194153444]],[[140.62024031974312,38.06258987866109],[140.62045233402603,38.06225956655366],[140.62033,38.062515],[140.62024031974312,38.06258987866109]],[[140.62104,38.061344],[140.620808,38.061746],[140.62069938847415,38.06187466288448],[140.62104,38.061344]],[[140.62178543597858,38.06089706111241],[140.6218702043939,38.06084623675949],[140.621819,38.060884],[140.62178543597858,38.06089706111241]],[[140.6250444959976,38.05958205317112],[140.624216,38.060377],[140.62335,38.059959],[140.6250444959976,38.05958205317112]],[[140.62954256075562,38.05650136149624],[140.62962,38.057604],[140.628151,38.058891],[140.62954256075562,38.05650136149624]],[[140.630156,38.05544794141944],[140.629977,38.05587],[140.62979535265413,38.05606725809711],[140.630156,38.05544794141944]],[[140.633148,38.054544],[140.632764,38.054554],[140.63248531466058,38.054479832524976],[140.633148,38.054544]],[[140.63746373605912,38.053364938235724],[140.636529,38.053763],[140.635168,38.053642],[140.63746373605912,38.053364938235724]],[[140.63878069958847,38.053206],[140.639195,38.053156],[140.638931,38.053206],[140.63878069958847,38.053206]],[[140.641963,38.051089],[140.641033,38.051886],[140.6405037899078,38.05217866302766],[140.641963,38.051089]],[[140.64236929395094,38.049288352316005],[140.642411,38.049932],[140.641963,38.051089],[140.64236929395094,38.049288352316005]],[[140.64211777539452,38.04730092404045],[140.642599,38.047641],[140.642653,38.048031],[140.64211777539452,38.04730092404045]],[[140.645514,38.043123],[140.644235,38.044326],[140.6436775184782,38.04471840259927],[140.645514,38.043123]],[[140.6451426673967,38.04279089743494],[140.645474,38.042912],[140.645514,38.043123],[140.6451426673967,38.04279089743494]],[[140.644889,38.04015],[140.64450471773196,38.04079925557206],[140.6445594115244,38.03997208055741],[140.644889,38.04015]],[[140.64458859940385,38.03953065048748],[140.64459964701302,38.03936356925443],[140.644675,38.03946],[140.64458859940385,38.03953065048748]],[[140.644715,38.037619],[140.645096,38.038189],[140.644684,38.038827],[140.644715,38.037619]],[[140.650595,38.035331],[140.649363,38.034494],[140.64905,38.034212],[140.650595,38.035331]],[[140.65288815325493,38.03824837385376],[140.65291010323767,38.03827629885426],[140.652904,38.03827],[140.65288815325493,38.03824837385376]],[[140.65515715751448,38.040619408893875],[140.654246,38.039895],[140.653938,38.039584],[140.65515715751448,38.040619408893875]],[[140.6577,38.042779],[140.656106,38.042285],[140.65590130821147,38.04125140290687],[140.6577,38.042779]],[[140.6587622761231,38.04256011706746],[140.657915,38.042746],[140.6577,38.042779],[140.6587622761231,38.04256011706746]],[[140.661691,38.041967],[140.6610254233543,38.04209379358343],[140.66173205965097,38.04194819055095],[140.661691,38.041967]],[[140.666426,38.040981],[140.665386,38.04127],[140.66507121281364,38.041260155095244],[140.666426,38.040981]],[[140.6679896379255,38.03994421043029],[140.667351,38.040434],[140.66687541872216,38.040683007327935],[140.6679896379255,38.03994421043029]],[[140.67190755759708,38.037346385074265],[140.671655,38.037514],[140.67165302001885,38.03751515938059],[140.67190755759708,38.037346385074265]],[[140.6754340238834,38.03841458598744],[140.674227,38.038162],[140.6739512567167,38.03785500352895],[140.6754340238834,38.03841458598744]],[[140.67728855308744,38.039114467961234],[140.677441,38.039172],[140.677289,38.039115],[140.67728855308744,38.039114467961234]],[[140.680263,38.038879],[140.67854,38.039204],[140.677441,38.039172],[140.680263,38.038879]],[[140.68115719098896,38.038374420799094],[140.680924,38.038579],[140.680263,38.038879],[140.68115719098896,38.038374420799094]],[[140.686191,38.037138],[140.684418,38.037474],[140.682783,38.037457],[140.686191,38.037138]],[[140.6879674056098,38.03640483422629],[140.686928,38.036913],[140.686191,38.037138],[140.6879674056098,38.03640483422629]],[[140.69517930460526,38.03635261589912],[140.693332,38.036366],[140.69151757088065,38.036056121656515],[140.69517930460526,38.03635261589912]],[[140.701335,38.03737],[140.699889,38.037431],[140.69788703749364,38.036789632636534],[140.701335,38.03737]],[[140.70144760586356,38.037145420002815],[140.701393,38.037288],[140.701335,38.03737],[140.70144760586356,38.037145420002815]],[[140.70154927885932,38.03694264440681],[140.70162642493295,38.03678878505659],[140.701609,38.03686],[140.70154927885932,38.03694264440681]],[[140.702761,38.034526],[140.702583,38.035066],[140.70231614535192,38.03541321361791],[140.702761,38.034526]],[[140.705126,38.032386],[140.704974,38.032826],[140.70511036014244,38.032261592042026],[140.705126,38.032386]],[[140.7054496091785,38.03085740712221],[140.705506,38.030624],[140.705492,38.030745],[140.7054496091785,38.03085740712221]],[[140.70542424293512,38.03043092796243],[140.705448,38.030463],[140.705506,38.030624],[140.70542424293512,38.03043092796243]],[[140.7046998181377,38.028720174623935],[140.705193,38.0291],[140.70515656900977,38.02979880705348],[140.7046998181377,38.028720174623935]],[[140.70500438005047,38.02469456208191],[140.705082,38.025462],[140.703993,38.027051],[140.70500438005047,38.02469456208191]],[[140.705948,38.022496],[140.705671,38.023565],[140.70537978996634,38.02381988578174],[140.705948,38.022496]],[[140.70855437197454,38.023322],[140.707232,38.023193],[140.70714209002415,38.0228744257848],[140.70855437197454,38.023322]],[[140.710902,38.024066],[140.709456,38.024216],[140.7092729945371,38.02354974271765],[140.710902,38.024066]],[[140.712621,38.026043],[140.71225,38.025685],[140.71181360946562,38.02511443043253],[140.712621,38.026043]],[[140.71983774349383,38.02832545962188],[140.719363,38.028119],[140.71872671780713,38.02741464556453],[140.71983774349383,38.02832545962188]],[[140.72292909667493,38.03085973760238],[140.721869,38.030426],[140.72164780188993,38.02980933767395],[140.72292909667493,38.03085973760238]],[[140.72332,38.031187],[140.72330658062015,38.031169197309595],[140.7233511430027,38.03120572935826],[140.72332,38.031187]],[[140.72351909167597,38.03134341295492],[140.723704,38.031495],[140.723557,38.031391],[140.72351909167597,38.03134341295492]],[[140.72391426472802,38.031392486469045],[140.723793,38.031488],[140.723704,38.031495],[140.72391426472802,38.031392486469045]],[[140.729806,38.02852],[140.725943,38.030732],[140.7250685193926,38.03082973530104],[140.729806,38.02852]],[[140.732524,38.029872],[140.730596,38.029342],[140.73028368795892,38.02875761373086],[140.732524,38.029872]],[[140.733024,38.030983],[140.732711,38.03058],[140.7327261983706,38.030321284779504],[140.733024,38.030983]],[[140.73430168589877,38.03124653742295],[140.733716,38.031187],[140.733024,38.030983],[140.73430168589877,38.03124653742295]],[[140.74125,38.032204],[140.74111262184874,38.032049932773106],[140.74135807370976,38.03224588903479],[140.74125,38.032204]],[[140.741982,38.032744],[140.741607,38.032501],[140.74151998330402,38.03237514940662],[140.741982,38.032744]],[[140.74219144326477,38.03278318028873],[140.742053,38.032769],[140.741982,38.032744],[140.74219144326477,38.03278318028873]],[[140.74433897962444,38.03318491722083],[140.744098,38.033166],[140.744000187614,38.03312153982455],[140.74433897962444,38.03318491722083]],[[140.745078,38.034792],[140.74518,38.034381],[140.74555791254843,38.03401897072982],[140.745078,38.034792]],[[140.747566,38.036004],[140.746404,38.03575],[140.745078,38.034792],[140.747566,38.036004]],[[140.74859,38.038026],[140.74853464720078,38.037790074543686],[140.748719,38.03813],[140.74859,38.038026]],[[140.750768,38.038495],[140.74975,38.038456],[140.748719,38.03813],[140.750768,38.038495]],[[140.752461,38.039915],[140.751219,38.039464],[140.7512069434272,38.0388631628273],[140.752461,38.039915]],[[140.7549727986523,38.040480547779495],[140.754211,38.040401],[140.75336294920862,38.04011807972205],[140.7549727986523,38.040480547779495]],[[140.76273148533684,38.04022215878038],[140.759757,38.041281],[140.757573,38.041066],[140.76273148533684,38.04022215878038]],[[140.765916,38.039719],[140.76564567113905,38.03974544712163],[140.766113,38.039669],[140.765916,38.039719]],[[140.76987596919722,38.03896555024463],[140.769119,38.038994],[140.768225,38.038704],[140.76987596919722,38.03896555024463]],[[140.77488805509861,38.04062488237252],[140.774639,38.040385],[140.77457291102408,38.040003332565384],[140.77488805509861,38.04062488237252]],[[140.77547907642762,38.041790537140315],[140.775529,38.041889],[140.775489,38.041817],[140.77547907642762,38.041790537140315]],[[140.7761883261614,38.04221547021792],[140.77598,38.042136],[140.775529,38.041889],[140.7761883261614,38.04221547021792]],[[140.77692650798357,38.04258098639863],[140.776509,38.042384],[140.77636288285933,38.042301903256],[140.77692650798357,38.04258098639863]],[[140.778328745901,38.04248161400068],[140.777619,38.042797],[140.777181,38.042707],[140.778328745901,38.04248161400068]],[[140.783559,38.043795],[140.78327545103792,38.04336932641385],[140.783703,38.043898],[140.783559,38.043795]],[[140.788848,38.045929],[140.788181,38.045919],[140.78898893731733,38.04584499762542],[140.788848,38.045929]],[[140.789906,38.045761],[140.7901409353906,38.04560666345773],[140.790089,38.045678],[140.789906,38.045761]],[[140.79176764476577,38.04453802624821],[140.791406,38.045017],[140.79095349277333,38.04507286862793],[140.79176764476577,38.04453802624821]],[[140.79518680061813,38.04441074015741],[140.793617,38.044132],[140.792885,38.043804],[140.79518680061813,38.04441074015741]],[[140.79521439545093,38.044418013981684],[140.79541098834622,38.0444698346317],[140.795399,38.044469],[140.79521439545093,38.044418013981684]],[[140.79741814321522,38.04541084364203],[140.797053,38.045231],[140.796508,38.044759],[140.79741814321522,38.04541084364203]],[[140.7987551685959,38.048212829863395],[140.798281,38.047703],[140.798076,38.045882],[140.7987551685959,38.048212829863395]],[[140.7989771358595,38.04897459642599],[140.799067,38.049283],[140.798986,38.049144],[140.7989771358595,38.04897459642599]],[[140.799569858078,38.049728232604636],[140.799316,38.04954],[140.799067,38.049283],[140.799569858078,38.049728232604636]],[[140.800725,38.050751],[140.801934,38.05133],[140.800716,38.051316],[140.800725,38.050751]],[[140.809478786293,38.052350395338024],[140.808934,38.052309],[140.808791,38.052287],[140.809478786293,38.052350395338024]],[[140.810706,38.05633],[140.810594,38.054612],[140.81073058520118,38.05281158454113],[140.810706,38.05633]],[[140.811537,38.060281],[140.811045,38.058297],[140.810706,38.05633],[140.811537,38.060281]],[[140.813509,38.06453],[140.812349,38.062552],[140.811537,38.060281],[140.813509,38.06453]],[[140.819504,38.070865],[140.815144,38.066561],[140.813509,38.06453],[140.819504,38.070865]],[[140.823091,38.077155],[140.821931,38.07574],[140.821165,38.074368],[140.823091,38.077155]],[[140.828644,38.081368],[140.824765,38.078735],[140.823091,38.077155],[140.828644,38.081368]],[[140.831858,38.083029],[140.830009,38.082194],[140.8288301012603,38.081464177409266],[140.831858,38.083029]],[[140.834701,38.083704],[140.833939,38.083672],[140.831858,38.083029],[140.834701,38.083704]],[[140.621688,37.913992],[140.621813,37.914077],[140.6216198812482,37.91398359027755],[140.621688,37.913992]],[[140.621813,37.914077],[140.62218,37.915671],[140.621377731711,37.916309055786066],[140.621813,37.914077]],[[140.622439,37.917596],[140.623609,37.918756],[140.6214189144408,37.91742258979172],[140.622439,37.917596]],[[140.62443098437353,37.918793116631235],[140.626263,37.918773],[140.626643,37.918893],[140.62443098437353,37.918793116631235]],[[140.626643,37.918893],[140.628344,37.91997],[140.629656,37.921802],[140.626643,37.918893]],[[140.629656,37.921802],[140.629984,37.923656],[140.62774885960457,37.92468752721505],[140.629656,37.921802]],[[140.626948,37.9259],[140.626851,37.926046],[140.62696389158836,37.925875193618154],[140.626948,37.9259]],[[140.62436560589737,37.93057822154929],[140.624791,37.931326],[140.624768,37.931478],[140.62436560589737,37.93057822154929]],[[140.62471984581256,37.932646392299425],[140.624879,37.933542],[140.62467154656565,37.93381830425969],[140.62471984581256,37.932646392299425]],[[140.62584160699168,37.9350291694989],[140.627046,37.934752],[140.62768,37.935673],[140.62584160699168,37.9350291694989]],[[140.62768,37.935673],[140.627691,37.936337],[140.6275405618771,37.936611275219526],[140.62768,37.935673]],[[140.62863,37.938124],[140.629653,37.938659],[140.6280660334523,37.93808758135641],[140.62863,37.938124]],[[140.629802,37.938805],[140.6298042182076,37.9388084065331],[140.629653,37.938659],[140.629802,37.938805]],[[140.63109344696394,37.94008218964353],[140.631886,37.940546],[140.632324,37.941298],[140.63109344696394,37.94008218964353]],[[140.632868,37.941269],[140.63318313361754,37.94135491760216],[140.632324,37.941298],[140.632868,37.941269]],[[140.634942,37.941426],[140.63552992240068,37.94151039235905],[140.63434664150938,37.941432],[140.634942,37.941426]],[[140.636324,37.941563],[140.636557,37.942339],[140.636596,37.942578],[140.636324,37.941563]],[[140.639359,37.942894],[140.63971080469886,37.943128304588264],[140.6388409446712,37.94297462305422],[140.639359,37.942894]],[[140.64078810377822,37.943318635181555],[140.641077,37.943354],[140.641226,37.943396],[140.64078810377822,37.943318635181555]],[[140.641226,37.943396],[140.641469,37.943739],[140.64147299417849,37.943754893501875],[140.641226,37.943396]],[[140.6449229288669,37.944838222509304],[140.64573,37.944838],[140.64634,37.944856],[140.6449229288669,37.944838222509304]],[[140.64634,37.944856],[140.646796,37.94527],[140.64689601255063,37.94575284510284],[140.64634,37.944856]],[[140.64725,37.94632382485877],[140.64705289400925,37.94600589400925],[140.647213,37.946143],[140.64725,37.94632382485877]],[[140.64756418702183,37.94654039148564],[140.649219,37.94609],[140.6496202114294,37.9461777249596],[140.64756418702183,37.94654039148564]],[[140.6496807211398,37.946167051522856],[140.650411,37.945713],[140.6512003224435,37.94589900581107],[140.6496807211398,37.946167051522856]],[[140.6534,37.945511],[140.654912,37.945904],[140.65549532050773,37.94644799704428],[140.6534,37.945511]],[[140.65866977200935,37.9465468011393],[140.658802,37.946518],[140.658944,37.946518],[140.65866977200935,37.9465468011393]],[[140.66096262049172,37.94690244349741],[140.66036170516716,37.946788],[140.660569,37.946792],[140.66096262049172,37.94690244349741]],[[140.66617678332145,37.94828986065574],[140.665854,37.947834],[140.666051,37.947873],[140.66617678332145,37.94828986065574]],[[140.667123,37.949211],[140.667811330097,37.94983424342441],[140.666766,37.949122],[140.667123,37.949211]],[[140.66836524602058,37.950211658152426],[140.669715,37.95091],[140.6699972876878,37.95132366186221],[140.66836524602058,37.950211658152426]],[[140.671304,37.952214],[140.671964,37.951642],[140.67254367341496,37.951162113104616],[140.671304,37.952214]],[[140.6736629710454,37.95021236739314],[140.673708,37.950127],[140.673938,37.949979],[140.6736629710454,37.95021236739314]],[[140.67469998671828,37.94961804089839],[140.675863,37.948797],[140.676163,37.948925],[140.67469998671828,37.94961804089839]],[[140.676819,37.950092],[140.67712834993455,37.9507858243782],[140.67667725747506,37.94991629114949],[140.676819,37.950092]],[[140.679928,37.954077],[140.68017,37.954232],[140.67984905917373,37.95403538445573],[140.679928,37.954077]],[[140.680238,37.954323],[140.68024987875685,37.95442858894981],[140.68017,37.954232],[140.680238,37.954323]],[[140.680953,37.956118],[140.681031,37.956351],[140.68089668740177,37.95602044437209],[140.680953,37.956118]],[[140.684141,37.959193],[140.684811,37.961647],[140.68498,37.963237],[140.684141,37.959193]],[[140.68540889709988,37.96393745352084],[140.686441,37.965094],[140.686621,37.965917],[140.68540889709988,37.96393745352084]],[[140.686621,37.965917],[140.686556,37.966764],[140.68643,37.967299],[140.686621,37.965917]],[[140.84756509677814,37.91288593691045],[140.848956,37.912286],[140.84991277609566,37.91242886660085],[140.84756509677814,37.91288593691045]],[[140.846368,37.913119],[140.846589,37.913062],[140.8466461066908,37.91306485533454],[140.846368,37.913119]],[[140.846101,37.914274],[140.846243,37.913316],[140.846368,37.913119],[140.846101,37.914274]],[[140.8453403953285,37.91542309105214],[140.84501671527178,37.91591209390849],[140.845092,37.915686],[140.8453403953285,37.91542309105214]],[[140.84445892576636,37.916754779936696],[140.844675,37.91642],[140.84477651841036,37.9162749736995],[140.84445892576636,37.916754779936696]],[[140.843079274559,37.91887931414015],[140.843084,37.918814],[140.843127,37.918767],[140.843079274559,37.91887931414015]],[[140.84207002810953,37.92125441313868],[140.84202499799989,37.921360384250455],[140.842032,37.921328],[140.84207002810953,37.92125441313868]],[[140.8414624719298,37.922684198772124],[140.841394,37.921855],[140.84189949552567,37.9216557341137],[140.8414624719298,37.922684198772124]],[[140.840716,37.923689],[140.8413951436402,37.92284264505973],[140.84082167616774,37.92419220840999],[140.840716,37.923689]],[[140.837285,37.924781],[140.8366051805013,37.92516171154652],[140.836877,37.924859],[140.837285,37.924781]],[[140.832936,37.926993],[140.8334207990475,37.926945024308665],[140.832978,37.927193],[140.832936,37.926993]],[[140.830696,37.931136],[140.832208,37.929489],[140.83323755302237,37.928977362780714],[140.830696,37.931136]],[[140.82666522547498,37.93194438849703],[140.826004,37.932077],[140.826463,37.931954],[140.82666522547498,37.93194438849703]],[[140.821542,37.932384],[140.825223,37.931678],[140.826004,37.932077],[140.821542,37.932384]],[[140.8214070153257,37.93262311570877],[140.821424,37.93257],[140.821542,37.932384],[140.8214070153257,37.93262311570877]],[[140.82109939631337,37.93316804081633],[140.820737,37.93381],[140.820916,37.933346],[140.82109939631337,37.93316804081633]],[[140.8201063412208,37.93390689701532],[140.820484,37.933833],[140.820737,37.93381],[140.8201063412208,37.93390689701532]],[[140.81735808178877,37.93432915092674],[140.817582,37.934274],[140.81767870823418,37.93427988855758],[140.81735808178877,37.93432915092674]],[[140.81331350849473,37.93338246473165],[140.813692,37.933369],[140.814232,37.933385],[140.81331350849473,37.93338246473165]],[[140.806624,37.933364],[140.81123,37.933338],[140.81313132859808,37.93338196186916],[140.806624,37.933364]],[[140.808108,37.929344],[140.807806,37.930588],[140.80750766295532,37.93097024994582],[140.808108,37.929344]],[[140.807929,37.925224],[140.80797332824417,37.92660078101186],[140.807897,37.925046],[140.807929,37.925224]],[[140.804421,37.923891],[140.805593,37.924219],[140.807897,37.925046],[140.804421,37.923891]],[[140.80435742149712,37.92405763847109],[140.804366,37.924014],[140.804421,37.923891],[140.80435742149712,37.92405763847109]],[[140.801193210028,37.928604165242064],[140.801404,37.928334],[140.80157406323843,37.928196159269895],[140.801193210028,37.928604165242064]],[[140.79925781364796,37.92936308867985],[140.798134,37.929692],[140.799066,37.92934],[140.79925781364796,37.92936308867985]],[[140.794982,37.929589],[140.79736070062674,37.92969011528303],[140.794031,37.929682],[140.794982,37.929589]],[[140.787522,37.931781],[140.789716,37.930867],[140.794031,37.929682],[140.787522,37.931781]],[[140.78666185340734,37.93247381641228],[140.786911,37.932175],[140.787522,37.931781],[140.78666185340734,37.93247381641228]],[[140.783312,37.935172],[140.783626,37.934878],[140.78393893446514,37.93466702737024],[140.783312,37.935172]],[[140.783314,37.936261],[140.783244,37.935541],[140.783312,37.935172],[140.783314,37.936261]],[[140.7850743433958,37.93888178986486],[140.78467,37.938522],[140.783314,37.936261],[140.7850743433958,37.93888178986486]],[[140.786196,37.940598],[140.7858113225095,37.93997900044114],[140.78628306529745,37.94068132858941],[140.786196,37.940598]],[[140.78713493135527,37.94315562807811],[140.786566,37.941599],[140.786616,37.941177],[140.78713493135527,37.94315562807811]],[[140.78725856819122,37.94661647754524],[140.787423,37.94533],[140.787578,37.944845],[140.78725856819122,37.94661647754524]],[[140.78721951956743,37.94683303005612],[140.7870348848271,37.94785696157304],[140.78707,37.947176],[140.78721951956743,37.94683303005612]],[[140.7869933022967,37.950370057728115],[140.786871,37.949031],[140.786878,37.948727],[140.7869933022967,37.950370057728115]],[[140.78716925100886,37.95287732687647],[140.787117,37.952432],[140.78713539104575,37.95239482240211],[140.78716925100886,37.95287732687647]],[[140.78722084979253,37.95361260954357],[140.78716,37.953297],[140.78718589046042,37.95311443906108],[140.78722084979253,37.95361260954357]],[[140.787249,37.955255],[140.787291,37.95461225000029],[140.78739,37.956023],[140.787249,37.955255]],[[140.78721758995135,37.95615190167477],[140.78669735468378,37.95654085346618],[140.786681,37.956291],[140.78721758995135,37.95615190167477]],[[140.785246,37.954742],[140.7852111914998,37.9552709104106],[140.78504094205434,37.95470620381289],[140.785246,37.954742]],[[140.784873,37.953616],[140.78491,37.95427187733499],[140.78464608616827,37.95339649191678],[140.784873,37.953616]],[[140.784191,37.951887],[140.784498,37.952579],[140.78449916514552,37.9529091642156],[140.784191,37.951887]],[[140.78124,37.948316],[140.78049611730367,37.94818901193863],[140.780713,37.948203],[140.78124,37.948316]],[[140.7766167105299,37.94834840791446],[140.7779287,37.9479036],[140.77856370272087,37.94801346505547],[140.7766167105299,37.94834840791446]],[[140.77584712831128,37.948480799852],[140.77508628910542,37.948611687721005],[140.775241,37.948466],[140.77584712831128,37.948480799852]],[[140.771015,37.948615],[140.771899,37.94916],[140.770562,37.948495],[140.771015,37.948615]],[[140.76967432017813,37.94853791463143],[140.770106,37.948456],[140.770562,37.948495],[140.76967432017813,37.94853791463143]],[[140.768704,37.948439],[140.76920625181558,37.948560543264826],[140.7682672720762,37.948605937976346],[140.768704,37.948439]],[[140.764941,37.947514],[140.76482818978977,37.947492526996704],[140.764889,37.947485],[140.764941,37.947514]],[[140.76222694756353,37.94699739022877],[140.7636,37.946892],[140.7637480375063,37.9472869240332],[140.76222694756353,37.94699739022877]],[[140.76140310751592,37.94684057534458],[140.761607,37.946844],[140.76179390981642,37.946914963106714],[140.76140310751592,37.94684057534458]],[[140.76051319195003,37.94667118323162],[140.76042291841236,37.946654],[140.760456,37.946654],[140.76051319195003,37.94667118323162]],[[140.759232,37.945954],[140.760176,37.946607],[140.75901458720662,37.945934],[140.759232,37.945954]],[[140.7553261884453,37.944085917679146],[140.756206,37.94433],[140.756426,37.944434],[140.7553261884453,37.944085917679146]],[[140.754369,37.943757],[140.75446636863438,37.9438137909916],[140.754031,37.943676],[140.754369,37.943757]],[[140.75062,37.94299],[140.750843,37.943969],[140.750271,37.942663],[140.75062,37.94299]],[[140.74986165855802,37.942712725524665],[140.749975,37.942687],[140.750271,37.942663],[140.74986165855802,37.942712725524665]],[[140.74714099071497,37.94304322378857],[140.748804,37.94272],[140.74919699075974,37.94279346730061],[140.74714099071497,37.94304322378857]],[[140.745501,37.943077],[140.74608755511335,37.94317119186758],[140.74527542739833,37.943269846615365],[140.745501,37.943077]],[[140.742539,37.943941],[140.743175,37.943525],[140.74212033853098,37.9443461233502],[140.742539,37.943941]],[[140.73958347314863,37.94466929908177],[140.740675,37.944459],[140.7413746107432,37.94454876090104],[140.73958347314863,37.94466929908177]],[[140.73831,37.944755],[140.738575,37.944681],[140.7390303539867,37.94470652234016],[140.73831,37.944755]],[[140.73468909334647,37.94589328056054],[140.73452240540533,37.94589],[140.73465,37.94589],[140.73468909334647,37.94589328056054]],[[140.732458,37.942097],[140.733351,37.944036],[140.73348097133348,37.94560991520711],[140.732458,37.942097]],[[140.7322708645143,37.94214609337143],[140.732328,37.94212],[140.732458,37.942097],[140.7322708645143,37.94214609337143]],[[140.72925,37.942259],[140.730331,37.942655],[140.72907639637563,37.942252851628126],[140.72925,37.942259]],[[140.72883913025302,37.94217679877521],[140.727804,37.941845],[140.728364,37.941968],[140.72883913025302,37.94217679877521]],[[140.72744283705674,37.941952769034216],[140.727625,37.941837],[140.727804,37.941845],[140.72744283705674,37.941952769034216]],[[140.721916,37.942711],[140.7227325845197,37.94296437866142],[140.72136119032257,37.942614267570654],[140.721916,37.942711]],[[140.720536,37.942255],[140.7211139483397,37.94255114774669],[140.719809,37.942218],[140.720536,37.942255]],[[140.717878,37.942759],[140.718348,37.942587],[140.7187508169104,37.94251446662428],[140.717878,37.942759]],[[140.71533961290322,37.94266889813243],[140.716662,37.942181],[140.71773232263112,37.94275382907748],[140.71533961290322,37.94266889813243]],[[140.71362253422316,37.94260794919519],[140.71461,37.942252],[140.71512650372077,37.942661333669406],[140.71362253422316,37.94260794919519]],[[140.7104418996074,37.9450678457656],[140.71071,37.943632],[140.712159,37.942556],[140.7104418996074,37.9450678457656]],[[140.709132,37.945469],[140.70969135890903,37.94543819374111],[140.70875690106195,37.94573890350441],[140.709132,37.945469]],[[140.70581642374395,37.946685152969906],[140.705155,37.946898],[140.705491,37.946733],[140.70581642374395,37.946685152969906]],[[140.702484,37.949191],[140.703019426393,37.94889940144321],[140.702481,37.949404],[140.702484,37.949191]],[[140.704898,37.950029],[140.703236,37.950197],[140.702481,37.949404],[140.704898,37.950029]],[[140.7076829990246,37.951694344594415],[140.7083951143995,37.95212016789982],[140.707908,37.951889],[140.7076829990246,37.951694344594415]],[[140.709136,37.953858],[140.70896345414133,37.95276119677152],[140.70950492410378,37.95438489168976],[140.709136,37.953858]],[[140.7103124284018,37.95680633833693],[140.709924,37.956475],[140.7100982389805,37.9561640528936],[140.7103124284018,37.95680633833693]],[[140.710433,37.95789],[140.71053407084858,37.95747097301564],[140.71075988001957,37.95814810236503],[140.710433,37.95789]],[[140.710848,37.958984],[140.7107894172929,37.95823667518331],[140.71111,37.959198],[140.710848,37.958984]],[[140.709396,37.962124],[140.709209,37.960808],[140.71025710047846,37.960654],[140.709396,37.962124]],[[140.70821055864383,37.96293522918414],[140.707584,37.963364],[140.707972,37.963031],[140.70821055864383,37.96293522918414]],[[140.704505,37.963911],[140.70418690728349,37.96419869785904],[140.704237,37.964043],[140.704505,37.963911]],[[140.701325366442,37.96437476070119],[140.70149,37.964371],[140.70159323240995,37.96443687889193],[140.701325366442,37.96437476070119]],[[140.697405,37.963412],[140.69880122830543,37.963789412381516],[140.697191,37.963416],[140.697405,37.963412]],[[140.6931184608861,37.96509478411116],[140.694483,37.964087],[140.697191,37.963416],[140.6931184608861,37.96509478411116]],[[140.691347,37.964455],[140.69149303936575,37.96457098264338],[140.691159,37.964371],[140.691347,37.964455]],[[140.68917357089492,37.966049239471275],[140.689337,37.965854],[140.691159,37.964371],[140.68917357089492,37.966049239471275]],[[140.83302919646022,38.08819201011367],[140.833938,38.087011],[140.8344741780984,38.086834103169856],[140.83302919646022,38.08819201011367]],[[140.831665,38.089474],[140.831901,38.089077],[140.8322019017637,38.08896945197403],[140.831665,38.089474]],[[140.831075,38.090801],[140.8315301197741,38.09059389964336],[140.8308794932116,38.09092549130817],[140.831075,38.090801]],[[140.82915481543316,38.09399150690156],[140.828464,38.092641],[140.828987,38.09189],[140.82915481543316,38.09399150690156]],[[140.82928549265486,38.09562794210964],[140.829169,38.095002],[140.82919961610511,38.094552533498096],[140.82928549265486,38.09562794210964]],[[140.825341,38.09721],[140.824877,38.097514],[140.824703,38.096891],[140.825341,38.09721]],[[140.824493,38.099151],[140.82471669793048,38.09877799765718],[140.824479,38.099375],[140.824493,38.099151]],[[140.82453238296202,38.09946786152465],[140.82452,38.099454],[140.824479,38.099375],[140.82453238296202,38.09946786152465]],[[140.82534411289834,38.10238532240013],[140.825424,38.101789],[140.8255050941595,38.10151070677753],[140.82534411289834,38.10238532240013]],[[140.824973,38.104102],[140.8250615503519,38.10392049249181],[140.825009,38.104206],[140.824973,38.104102]],[[140.82549301160765,38.10453361462565],[140.825308,38.104456],[140.825009,38.104206],[140.82549301160765,38.10453361462565]],[[140.8255084213308,38.10820078695923],[140.825304,38.107295],[140.825358,38.107116],[140.8255084213308,38.10820078695923]],[[140.825988,38.110047],[140.825684,38.109467],[140.82605646922758,38.110098942172655],[140.825988,38.110047]],[[140.824908,38.112802],[140.826184,38.111931],[140.82693,38.111581],[140.824908,38.112802]],[[140.824564,38.11385896774189],[140.824564,38.113763],[140.824908,38.112802],[140.824564,38.11385896774189]],[[140.82449044725882,38.11408496447089],[140.824288,38.114707],[140.824421,38.114217],[140.82449044725882,38.11408496447089]],[[140.825814,38.116394],[140.824368,38.115443],[140.824288,38.114707],[140.825814,38.116394]],[[140.825229,38.119139],[140.824921,38.117555],[140.82568155908135,38.11701545354137],[140.825229,38.119139]],[[140.82587656088873,38.119389323278945],[140.825574,38.119358],[140.825229,38.119139],[140.82587656088873,38.119389323278945]],[[140.8271071016803,38.121917016321525],[140.826909,38.121334],[140.82714484158296,38.12057053335416],[140.8271071016803,38.121917016321525]],[[140.824226,38.122171],[140.82577,38.122067],[140.827105,38.121992],[140.824226,38.122171]],[[140.82403718234931,38.122376537041255],[140.824154,38.122218],[140.824226,38.122171],[140.82403718234931,38.122376537041255]],[[140.82157419113045,38.12505762075294],[140.822609,38.123429],[140.82375154507426,38.12268746687312],[140.82157419113045,38.12505762075294]],[[140.82128227952754,38.12537538049069],[140.821302,38.125348],[140.82132558826527,38.12532823685885],[140.82128227952754,38.12537538049069]],[[140.819118,38.126749],[140.81981434768545,38.12639941365478],[140.818976,38.126842],[140.819118,38.126749]],[[140.8144677000193,38.12712905910082],[140.816612,38.126742],[140.8181694135286,38.126893358158995],[140.8144677000193,38.12712905910082]],[[140.8063981004051,38.12696129590278],[140.808858,38.126796],[140.811626,38.12731],[140.8063981004051,38.12696129590278]],[[140.80395598896249,38.12481500602342],[140.804953,38.125723],[140.805734,38.126917],[140.80395598896249,38.12481500602342]],[[140.801854,38.12233],[140.802028,38.122491],[140.80212709998094,38.12265286330222],[140.801854,38.12233]],[[140.799961,38.121597],[140.800715,38.121754],[140.801854,38.12233],[140.799961,38.121597]],[[140.79950272660574,38.12159133110596],[140.799593,38.121586],[140.799961,38.121597],[140.79950272660574,38.12159133110596]],[[140.7966278287335,38.121555768292104],[140.795919,38.121547],[140.796093,38.121511],[140.7966278287335,38.121555768292104]],[[140.79426546440862,38.122810032721084],[140.79348,38.12341],[140.79394,38.123046],[140.79426546440862,38.122810032721084]],[[140.784521,38.126036],[140.785537,38.125464],[140.78626377333202,38.12537756138562],[140.784521,38.126036]],[[140.780748,38.125839],[140.78303,38.125775],[140.7838556542828,38.12600126024217],[140.780748,38.125839]],[[140.780466,38.127374],[140.779877,38.126688],[140.780748,38.125839],[140.780466,38.127374]],[[140.777208,38.129685],[140.776958,38.128687],[140.777394,38.128379],[140.777208,38.129685]],[[140.77737198017311,38.1297964164842],[140.777239,38.129746],[140.777208,38.129685],[140.77737198017311,38.1297964164842]],[[140.779823,38.133756],[140.779153,38.132548],[140.7797227849879,38.13202184457367],[140.779823,38.133756]],[[140.7822440807025,38.134170389823744],[140.780823,38.134382],[140.779823,38.133756],[140.7822440807025,38.134170389823744]],[[140.783193,38.135454],[140.782876,38.13475],[140.78282833550824,38.134374520534344],[140.783193,38.135454]],[[140.786384,38.136833],[140.784684,38.136399],[140.783193,38.135454],[140.786384,38.136833]],[[140.786634,38.140158],[140.786983,38.138409],[140.787484976129,38.13787226929907],[140.786634,38.140158]],[[140.78765398517734,38.14107774814717],[140.787085,38.140895],[140.786634,38.140158],[140.78765398517734,38.14107774814717]],[[140.790601,38.145633],[140.788512,38.143437],[140.789066,38.142351],[140.790601,38.145633]],[[140.794313,38.147582],[140.79357954241416,38.14716819586985],[140.79446,38.147622],[140.794313,38.147582]],[[140.794601,38.151609],[140.79549,38.148994],[140.796562,38.148108],[140.794601,38.151609]],[[140.7950066595881,38.15202342008309],[140.794669,38.151716],[140.794601,38.151609],[140.7950066595881,38.15202342008309]],[[140.79416011545175,38.155617665769626],[140.793902,38.1559],[140.794045,38.1557],[140.79416011545175,38.155617665769626]],[[140.79392295296614,38.15653473037085],[140.793858,38.156301],[140.793902,38.1559],[140.79392295296614,38.15653473037085]],[[140.7940053155972,38.15902975007357],[140.793648,38.158217],[140.79395700521835,38.15756627876958],[140.7940053155972,38.15902975007357]],[[140.793978,38.159756],[140.79401631566998,38.159362976416304],[140.79404315856019,38.16017613086615],[140.793978,38.159756]],[[140.794076,38.161171],[140.794009,38.160799],[140.79405271946968,38.16046576048665],[140.794076,38.161171]],[[140.793424,38.163661],[140.79399327135266,38.16305694233277],[140.79335254283538,38.16389306065333],[140.793424,38.163661]],[[140.792679,38.164772],[140.79242975510206,38.16491468367345],[140.792452,38.164898],[140.792679,38.164772]],[[140.791023,38.16572],[140.791345,38.165527],[140.7918891607717,38.165224154340834],[140.791023,38.16572]],[[140.79093129058842,38.167781217124734],[140.790648,38.166506],[140.791023,38.16572],[140.79093129058842,38.167781217124734]],[[140.79051894970686,38.170529103466784],[140.79045245982078,38.17082285270295],[140.7903734,38.1704755],[140.79051894970686,38.170529103466784]],[[140.7903484520872,38.17128235405101],[140.790368,38.171097],[140.7903968218983,38.171068658466695],[140.7903484520872,38.17128235405101]],[[140.626885,38.443608],[140.627189,38.444357],[140.62636346354424,38.445405761091216],[140.626885,38.443608]],[[140.6291412152392,38.443239570833114],[140.627738,38.443585],[140.62741941892736,38.44352073194296],[140.6291412152392,38.443239570833114]],[[140.629996,38.443112],[140.62958050711651,38.443167836568776],[140.63007076844193,38.443087779237125],[140.629996,38.443112]],[[140.63247330919216,38.443349],[140.630843,38.443166],[140.63069491893245,38.44310559851191],[140.63247330919216,38.443349]],[[140.633547,38.442029],[140.633471,38.443162],[140.632919,38.44341],[140.633547,38.442029]],[[140.637084,38.43936],[140.634883,38.441239],[140.63433383516585,38.44143525867751],[140.637084,38.43936]],[[140.642766,38.43688],[140.642389,38.437585],[140.63740491434584,38.43921993178851],[140.642766,38.43688]],[[140.651744,38.437851],[140.648427,38.437544],[140.64711071799672,38.43706789886361],[140.651744,38.437851]],[[140.653787,38.43718],[140.652782,38.437596],[140.65194218575854,38.437785908152726],[140.653787,38.43718]],[[140.6554676876806,38.43562357526215],[140.654759,38.436406],[140.653787,38.43718],[140.6554676876806,38.43562357526215]],[[140.670518,38.432742],[140.666295,38.432754],[140.66602161204014,38.43272740133779],[140.670518,38.432742]],[[140.676848,38.430806],[140.673224,38.432189],[140.670518,38.432742],[140.676848,38.430806]],[[140.68063643022703,38.42795171247962],[140.679281,38.429345],[140.676848,38.430806],[140.68063643022703,38.42795171247962]],[[140.68397542113144,38.42648546285871],[140.683516,38.426518],[140.68345612864158,38.42651399075725],[140.68397542113144,38.42648546285871]],[[140.68615,38.426366],[140.685245,38.426514],[140.68459900876223,38.42645120539299],[140.68615,38.426366]],[[140.695859,38.425293],[140.693939,38.4258],[140.692454,38.425924],[140.695859,38.425293]],[[140.69687145957698,38.419617171278915],[140.697813,38.420588],[140.697951,38.421448],[140.69687145957698,38.419617171278915]],[[140.70071590794265,38.416576977804205],[140.697895,38.415982],[140.697409,38.415854],[140.70071590794265,38.416576977804205]],[[140.70624191364263,38.42018873814213],[140.704021,38.418252],[140.70375131641114,38.41794251676329],[140.70624191364263,38.42018873814213]],[[140.706532,38.420835],[140.706393,38.420325],[140.7066474552743,38.42107441032337],[140.706532,38.420835]],[[140.706887,38.421809],[140.70680039478725,38.421524840954746],[140.70694,38.421936],[140.706887,38.421809]],[[140.710181,38.423534],[140.708321,38.423161],[140.70694,38.421936],[140.710181,38.423534]],[[140.711566,38.427965],[140.711484,38.427463],[140.7115064204503,38.42734809519228],[140.711566,38.427965]],[[140.7117958710396,38.428168629333676],[140.711609,38.428038],[140.711566,38.427965],[140.7117958710396,38.428168629333676]],[[140.713837,38.432022],[140.714162,38.430921],[140.714483,38.430549],[140.713837,38.432022]],[[140.716214,38.433899],[140.714374,38.432947],[140.713837,38.432022],[140.716214,38.433899]],[[140.7165968365849,38.43390893208121],[140.716358,38.433922],[140.716214,38.433899],[140.7165968365849,38.43390893208121]],[[140.72007138761637,38.43399907373533],[140.719605,38.434027],[140.719452900395,38.433983028076284],[140.72007138761637,38.43399907373533]],[[140.721091,38.434039],[140.72078940298508,38.434017701492536],[140.721302,38.434031],[140.721091,38.434039]],[[140.72210739654804,38.43345141912713],[140.721666,38.433931],[140.721302,38.434031],[140.72210739654804,38.43345141912713]],[[140.726096,38.432502],[140.725574,38.432617],[140.72375389160467,38.432508119730784],[140.726096,38.432502]],[[140.7264049212773,38.430861370126],[140.726719,38.431562],[140.726096,38.432502],[140.7264049212773,38.430861370126]],[[140.72925906847283,38.42801013143936],[140.727833,38.429175],[140.726659,38.429512],[140.72925906847283,38.42801013143936]],[[140.731361,38.426796],[140.730924,38.427314],[140.72942727985722,38.42791296807908],[140.731361,38.426796]],[[140.736334,38.424126],[140.734853,38.424779],[140.73401277664402,38.42444602992725],[140.736334,38.424126]],[[140.73812670494036,38.42127682882475],[140.73811552334962,38.42112550005681],[140.73813,38.421176],[140.73812670494036,38.42127682882475]],[[140.741722,38.417054],[140.740942,38.418077],[140.74012458622818,38.418584435337436],[140.741722,38.417054]],[[140.744315,38.415642],[140.74397162395874,38.415816367512896],[140.744374,38.415595],[140.744315,38.415642]],[[140.743505,38.412045],[140.744478,38.413866],[140.744374,38.415595],[140.743505,38.412045]],[[140.749686,38.412369],[140.746574,38.412464],[140.743505,38.412045],[140.749686,38.412369]],[[140.7561007166436,38.41054604463779],[140.755019,38.411212],[140.754486,38.411437],[140.7561007166436,38.41054604463779]],[[140.75786856660505,38.40957059460513],[140.7572,38.410049],[140.75620641471116,38.41048772340822],[140.75786856660505,38.40957059460513]],[[140.760805,38.408013],[140.76021437036104,38.40827624587629],[140.760976,38.407856],[140.760805,38.408013]],[[140.76574155537978,38.40663513805877],[140.765419,38.407059],[140.765081,38.407017],[140.76574155537978,38.40663513805877]],[[140.76859736341413,38.40498421758607],[140.767921,38.405695],[140.76665571745278,38.406106668055344],[140.76859736341413,38.40498421758607]],[[140.77003757277546,38.405082653548476],[140.769416,38.404967],[140.76917062109936,38.40487616913622],[140.77003757277546,38.405082653548476]],[[140.770603,38.405234],[140.7702748665998,38.40513917051153],[140.770736,38.405249],[140.770603,38.405234]],[[140.77212855855618,38.404924597154526],[140.77134,38.405177],[140.770736,38.405249],[140.77212855855618,38.404924597154526]],[[140.77558798887824,38.40360507336167],[140.77570297046802,38.40350483110539],[140.77567,38.403566],[140.77558798887824,38.40360507336167]],[[140.77813532027218,38.401384280911685],[140.777199,38.40254],[140.77606203243027,38.40319179680732],[140.77813532027218,38.401384280911685]],[[140.781611,38.402051],[140.781087,38.401867],[140.779449,38.400239],[140.781611,38.402051]],[[140.783731325,38.40163340222222],[140.783906,38.401599],[140.783763,38.401633],[140.783731325,38.40163340222222]],[[140.786291,38.399406],[140.785668,38.400264],[140.783906,38.401599],[140.786291,38.399406]],[[140.78933263914783,38.39809312182931],[140.787899,38.398844],[140.78745145687427,38.39890510609898],[140.78933263914783,38.39809312182931]],[[140.79872607117812,38.39423749912824],[140.798442,38.394471],[140.798078390184,38.394481492478356],[140.79872607117812,38.39423749912824]],[[140.800823,38.394894],[140.800157,38.39454],[140.8000170236383,38.39423335270932],[140.800823,38.394894]],[[140.80750186605823,38.392646560759964],[140.807386,38.393212],[140.806887411875,38.392983648801774],[140.80750186605823,38.392646560759964]],[[140.808343,38.392244],[140.8080637649293,38.39233830443213],[140.808438,38.392133],[140.808343,38.392244]],[[140.810043,38.389919186959645],[140.809738,38.390428],[140.80960296707192,38.39052613439541],[140.810043,38.389919186959645]],[[140.81125376015873,38.38748333637302],[140.811291,38.388151],[140.811214,38.388304],[140.81125376015873,38.38748333637302]],[[140.817072,38.381142],[140.81689,38.381203],[140.81712163052447,38.381124415978654],[140.817072,38.381142]],[[140.820262,38.380059],[140.81859,38.380661],[140.81807125510767,38.380802242039394],[140.820262,38.380059]],[[140.822576904996,38.37772719788725],[140.821813,38.378964],[140.820262,38.380059],[140.822576904996,38.37772719788725]],[[140.8241987352941,38.3760935294118],[140.824021,38.376558],[140.8233930601681,38.37690508537815],[140.8241987352941,38.3760935294118]],[[140.825264,38.375105],[140.82489343669317,38.375393757199596],[140.825331,38.374953],[140.825264,38.375105]],[[140.82531586156398,38.374845659712584],[140.825317,38.37485],[140.825331,38.374953],[140.82531586156398,38.374845659712584]],[[140.8248610246111,38.37162060204321],[140.825365,38.37314],[140.8251674540686,38.37379336453708],[140.8248610246111,38.37162060204321]],[[140.824559,38.366138],[140.826175,38.367306],[140.82640894441653,38.368423764655226],[140.824559,38.366138]],[[140.82413427612323,38.3653751104493],[140.824459,38.365642],[140.82447524125897,38.36598755244619],[140.82413427612323,38.3653751104493]],[[140.823544,38.3643],[140.8239230228143,38.36499565699553],[140.82351845749537,38.364268976271184],[140.823544,38.3643]],[[140.82790318875777,38.3627535829252],[140.826554,38.36259],[140.82530570353725,38.36237532844614],[140.82790318875777,38.3627535829252]],[[140.828586,38.362644],[140.828167,38.362792],[140.8286837567768,38.36258848380576],[140.828586,38.362644]],[[140.831162,38.361717],[140.83068783351052,38.361799211002555],[140.83146336926464,38.36149377894581],[140.831162,38.361717]],[[140.83384520851814,38.36055573056034],[140.833119,38.360961],[140.8325904954979,38.36104987873644],[140.83384520851814,38.36055573056034]],[[140.831404,38.356704],[140.834233,38.358918],[140.835043,38.360084],[140.831404,38.356704]],[[140.833886,38.354502],[140.833062,38.355272],[140.8320927103296,38.35609298463103],[140.833886,38.354502]],[[140.831833,38.351501],[140.832371,38.351909],[140.83242860983975,38.35237164058894],[140.831833,38.351501]],[[140.83265609443998,38.350733566416075],[140.832419,38.350993],[140.83223740828453,38.35112393938083],[140.83265609443998,38.350733566416075]],[[140.83344451317154,38.34999846363395],[140.8336151471672,38.349839368574536],[140.833468,38.34998],[140.83344451317154,38.34999846363395]],[[140.83376195942088,38.34970248433801],[140.833992,38.349488],[140.833863,38.349621],[140.83376195942088,38.34970248433801]],[[140.83402445441087,38.34866769820682],[140.834192,38.348973],[140.833992,38.349488],[140.83402445441087,38.34866769820682]],[[140.83758444249224,38.347367739112606],[140.836428,38.347079],[140.835928,38.346595],[140.83758444249224,38.347367739112606]],[[140.838244,38.347725],[140.83799314861463,38.34755840266285],[140.838406,38.347751],[140.838244,38.347725]],[[140.84249419925936,38.35180390370427],[140.84249764696702,38.35182312824931],[140.842496,38.351817],[140.84249419925936,38.35180390370427]],[[140.84284312286303,38.35374951458195],[140.842911,38.354128],[140.842853,38.353815],[140.84284312286303,38.35374951458195]],[[140.845185,38.357805],[140.843451,38.355505],[140.842911,38.354128],[140.845185,38.357805]],[[140.84910573210746,38.35806860086533],[140.848479,38.358557],[140.846578,38.358755],[140.84910573210746,38.35806860086533]],[[140.853,38.358743],[140.851938,38.358548],[140.8514706174334,38.358383145278445],[140.853,38.358743]],[[140.852881,38.360348],[140.85299673298184,38.359908672079335],[140.852995,38.360527],[140.852881,38.360348]],[[140.858484,38.361529],[140.856074,38.361819],[140.854636,38.36167],[140.858484,38.361529]],[[140.861663,38.36214],[140.86223818041242,38.362104757731956],[140.862164,38.362113],[140.861663,38.36214]],[[140.86249964445236,38.362088737391936],[140.8625691151737,38.362084480804384],[140.862554,38.362087],[140.86249964445236,38.362088737391936]],[[140.863393,38.362034],[140.86341454325813,38.36234287427393],[140.863393,38.36219],[140.863393,38.362034]],[[140.86285388455104,38.36679089050751],[140.863272,38.366114],[140.863639,38.365561],[140.86285388455104,38.36679089050751]],[[140.8606367740221,38.37150198376382],[140.860001,38.370407],[140.860677,38.370201],[140.8606367740221,38.37150198376382]],[[140.86057201164272,38.37359652088839],[140.860236,38.3732],[140.8605964604651,38.37280579999999],[140.86057201164272,38.37359652088839]],[[140.860484,38.373878],[140.8605703263192,38.37365102742009],[140.86056,38.373985],[140.860484,38.373878]],[[140.86110187959832,38.37403532145272],[140.860942,38.374139],[140.86056,38.373985],[140.86110187959832,38.37403532145272]],[[140.862071,38.374162],[140.8615319434428,38.37407525917595],[140.862466,38.374162],[140.862071,38.374162]],[[140.863171,38.379051],[140.862504,38.377303],[140.862466,38.374162],[140.863171,38.379051]],[[140.8633490868486,38.37919223325058],[140.863294,38.37915],[140.863171,38.379051],[140.8633490868486,38.37919223325058]],[[140.86389850975968,38.379627957641766],[140.86414583514247,38.379824101085475],[140.864004,38.379739],[140.86389850975968,38.379627957641766]],[[140.86485779245731,38.380388724732036],[140.86496916880483,38.38047705266709],[140.864923,38.380444],[140.86485779245731,38.380388724732036]],[[140.86626183462843,38.381502212007234],[140.865542,38.38094],[140.86533660160597,38.380768448293935],[140.86626183462843,38.381502212007234]],[[140.86728398522277,38.38231283700379],[140.866712,38.381866],[140.86635915985346,38.381579396583206],[140.86728398522277,38.38231283700379]],[[140.86901892005346,38.38368874144384],[140.869279,38.383895],[140.869103,38.383765],[140.86901892005346,38.38368874144384]],[[140.8700037,38.3901645],[140.869742,38.389792],[140.8705944133383,38.38998893772252],[140.8700037,38.3901645]],[[140.87323944635872,38.392107849960894],[140.872833,38.391241],[140.87321729808633,38.391005868936524],[140.87323944635872,38.392107849960894]],[[140.872523,38.394492],[140.87264094980506,38.39438546343174],[140.87250205020092,38.39464388604323],[140.872523,38.394492]],[[140.871219,38.397031],[140.871281,38.396112],[140.87188134225698,38.39579871271721],[140.871219,38.397031]],[[140.87161679738918,38.39761723698316],[140.871453,38.397458],[140.871219,38.397031],[140.87161679738918,38.39761723698316]],[[140.87269001179854,38.399198841072966],[140.871729,38.398054],[140.87162668732242,38.39763181185166],[140.87269001179854,38.399198841072966]],[[140.87333336210014,38.40014695121695],[140.873482,38.400366],[140.873392,38.400274],[140.87333336210014,38.40014695121695]],[[140.87460611698805,38.400500649221804],[140.874287,38.400553],[140.873482,38.400366],[140.87460611698805,38.400500649221804]],[[140.87535270431044,38.401355099571425],[140.87503,38.401056],[140.875135,38.400564],[140.87535270431044,38.401355099571425]],[[140.87534969925395,38.4048420548739],[140.874935,38.403654],[140.875744,38.402777],[140.87534969925395,38.4048420548739]],[[140.87237888890206,38.407595122357954],[140.872494,38.405849],[140.875175,38.405757],[140.87237888890206,38.407595122357954]],[[140.86813628592662,38.406906213234],[140.869371,38.40718],[140.8696971941029,38.40754142028981],[140.86813628592662,38.406906213234]],[[140.863053,38.405507],[140.864319,38.40548],[140.865128,38.405682],[140.863053,38.405507]],[[140.86146261951,38.40454641018404],[140.862153,38.404565],[140.863053,38.405507],[140.86146261951,38.40454641018404]],[[140.858609,38.406812],[140.8593,38.404767],[140.860553,38.403997],[140.858609,38.406812]],[[140.859089,38.407861],[140.85895299999987,38.40756115555528],[140.859194,38.408086],[140.859089,38.407861]],[[140.85979896,38.40863320000001],[140.859507,38.40843],[140.859194,38.408086],[140.85979896,38.40863320000001]],[[140.8620198,38.41064200000001],[140.861412,38.410101],[140.8613589864032,38.41004427915867],[140.8620198,38.41064200000001]],[[140.872211,38.413462],[140.870841,38.413326],[140.868843,38.411756],[140.872211,38.413462]],[[140.87200878359644,38.41505519762072],[140.872121,38.413984],[140.872211,38.413462],[140.87200878359644,38.41505519762072]],[[140.8719797334379,38.41528407442103],[140.871939,38.415605],[140.871949,38.41538],[140.8719797334379,38.41528407442103]],[[140.873199,38.421159],[140.872664,38.420371],[140.87282040541578,38.419490179110454],[140.873199,38.421159]],[[140.871941,38.423795],[140.87197,38.422827],[140.87266385016375,38.42228034735161],[140.871941,38.423795]],[[140.87216498980175,38.42396795496126],[140.872114,38.423941],[140.871941,38.423795],[140.87216498980175,38.42396795496126]],[[140.87393237087053,38.425332648004954],[140.873238,38.424837],[140.87300554863518,38.42461699710224],[140.87393237087053,38.425332648004954]],[[140.8795224700189,38.42830867700151],[140.879051,38.428044],[140.87890909683196,38.42791584956189],[140.8795224700189,38.42830867700151]],[[140.8840697794023,38.42899262330681],[140.882649,38.429464],[140.880947,38.429221],[140.8840697794023,38.42899262330681]],[[140.88669,38.428801],[140.8869483223088,38.428981739062856],[140.886873,38.428939],[140.88669,38.428801]],[[140.88852172074505,38.43008259078629],[140.887611,38.429503],[140.8870962129818,38.42908521298179],[140.88852172074505,38.43008259078629]],[[140.89075819646163,38.431227326476034],[140.890441,38.431276],[140.889973,38.431098],[140.89075819646163,38.431227326476034]],[[140.893798,38.431728],[140.892443,38.431605],[140.89203076358254,38.43143692576653],[140.893798,38.431728]],[[140.895988,38.430043],[140.895558,38.432361],[140.895061,38.431566],[140.893798,38.431728],[140.895988,38.430043]],[[140.89648080003957,38.42999174681029],[140.896446,38.430001],[140.895988,38.430043],[140.89648080003957,38.42999174681029]],[[140.898447,38.429793],[140.89832201549083,38.42980025298471],[140.89865055798862,38.42976608324117],[140.898447,38.429793]],[[140.90097308996647,38.42952453055751],[140.898973,38.429746],[140.898710199023,38.42975988033329],[140.90097308996647,38.42952453055751]],[[140.90393,38.429217],[140.902662,38.429364],[140.90188312442046,38.42942988330757],[140.90393,38.429217]],[[140.90362610458195,38.42693038290025],[140.90361125438184,38.426818644718296],[140.90362,38.426858],[140.90362610458195,38.42693038290025]],[[140.90102,38.424788],[140.901816,38.424927],[140.90243066030433,38.42578113570041],[140.90102,38.424788]],[[140.90079858763664,38.42368038809048],[140.901131,38.424336],[140.90097220133538,38.424548887922484],[140.90079858763664,38.42368038809048]],[[140.90045265520718,38.4219498664836],[140.900909,38.422553],[140.90071683454576,38.423271419522685],[140.90045265520718,38.4219498664836]],[[140.90025524263257,38.42096231314447],[140.90048,38.421842],[140.90044036185023,38.42188836915634],[140.90025524263257,38.42096231314447]],[[140.90029344052266,38.41989997844901],[140.900678,38.420159],[140.900215,38.420761],[140.90029344052266,38.41989997844901]],[[140.904891,38.414283],[140.905129,38.415501],[140.900516,38.417457],[140.904891,38.414283]],[[140.90370118241412,38.41385737003278],[140.904501,38.414039],[140.904891,38.414283],[140.90370118241412,38.41385737003278]],[[140.904139,38.408861],[140.903277,38.412609],[140.9026473643075,38.41322007031463],[140.904139,38.408861]],[[140.910077,38.410039],[140.909348,38.410055],[140.907063,38.408888],[140.910077,38.410039]],[[140.9102374579121,38.407961850319836],[140.910306,38.408926],[140.910077,38.410039],[140.9102374579121,38.407961850319836]],[[140.91038496787291,38.40605231364508],[140.91039769991926,38.405887495559],[140.910399,38.405959],[140.91038496787291,38.40605231364508]],[[140.91267978779453,38.402753444984285],[140.911583,38.404246],[140.91093770216608,38.40441068652226],[140.91267978779453,38.402753444984285]],[[140.916343,38.404746],[140.9153,38.40393],[140.91551,38.402843],[140.916343,38.404746]],[[140.91717373688695,38.40476897102348],[140.916762,38.404845],[140.916343,38.404746],[140.91717373688695,38.40476897102348]],[[140.91996034585395,38.40525751834507],[140.919523,38.405042],[140.9192,38.404825],[140.91996034585395,38.40525751834507]],[[140.92119,38.405957],[140.92069,38.405896],[140.92036029619754,38.405485027786746],[140.92119,38.405957]],[[140.925157,38.405929],[140.924808967024,38.40590998912214],[140.925347,38.405903],[140.925157,38.405929]],[[140.92794041943702,38.403967576938115],[140.927519,38.404465],[140.9271665121786,38.40454513023872],[140.92794041943702,38.403967576938115]],[[140.9310952138252,38.40267866374238],[140.930285,38.402771],[140.929718,38.402641],[140.9310952138252,38.40267866374238]],[[140.93557274089903,38.404122079692],[140.933994,38.40667],[140.933922,38.40667],[140.93557274089903,38.404122079692]],[[140.93542458834705,38.400960922735905],[140.935265,38.400851],[140.935423,38.400959],[140.93542458834705,38.400960922735905]],[[140.9342028983879,38.398517721655324],[140.934689,38.398979],[140.93483181104165,38.39989934866634],[140.9342028983879,38.398517721655324]],[[140.93331027231716,38.39539378353993],[140.933811,38.396061],[140.933487,38.396945],[140.93331027231716,38.39539378353993]],[[140.933159,38.394066],[140.933326,38.394559],[140.9332468904094,38.39483745270946],[140.933159,38.394066]],[[140.9351133720091,38.39225454257471],[140.934883,38.392598],[140.9346251002835,38.3927071091479],[140.9351133720091,38.39225454257471]],[[140.9362,38.391264],[140.93596542547425,38.39146479601213],[140.9364,38.391062],[140.9362,38.391264]],[[140.93653786387858,38.39062773911705],[140.936472,38.390909],[140.9364,38.391062],[140.93653786387858,38.39062773911705]],[[140.936905,38.38947128785611],[140.936914,38.389917],[140.93669398721354,38.39013596231534],[140.936905,38.38947128785611]],[[140.937067,38.388961],[140.937,38.389231],[140.93696170256501,38.38929267902689],[140.937067,38.388961]],[[140.93664332309143,38.388645982283805],[140.936867,38.388709],[140.937067,38.388961],[140.93664332309143,38.388645982283805]],[[140.93617954760097,38.38620298839135],[140.936467,38.387242],[140.935714,38.387955],[140.93617954760097,38.38620298839135]],[[140.9362374145028,38.385985215850866],[140.93626807757173,38.38586982044854],[140.936262,38.385921],[140.9362374145028,38.385985215850866]],[[140.9365052389237,38.384977302817944],[140.936457,38.385166],[140.936450514944,38.38518324748933],[140.9365052389237,38.384977302817944]],[[140.936724,38.384254],[140.93660570088534,38.38459923079552],[140.9367547197283,38.38403842295934],[140.936724,38.384254]],[[140.93725016404008,38.38217390001074],[140.937524,38.382855],[140.93689642102476,38.38350515350237],[140.93725016404008,38.38217390001074]],[[140.937645,38.380688],[140.937598,38.381077],[140.93745684361022,38.3813960955383],[140.937645,38.380688]],[[140.93782854425783,38.37761550658191],[140.937841,38.377407],[140.937831,38.377602],[140.93782854425783,38.37761550658191]],[[140.9366973270226,38.37594535127815],[140.937288,38.376395],[140.937841,38.377407],[140.9366973270226,38.37594535127815]],[[140.93651878138616,38.37487914535772],[140.936603,38.375129],[140.93652022430965,38.37542601335446],[140.93651878138616,38.37487914535772]],[[140.93651276312116,38.37259822292013],[140.93686,38.373644],[140.93651834035882,38.37471199599377],[140.93651276312116,38.37259822292013]],[[140.938461,38.37047],[140.937427,38.371564],[140.93682936580356,38.37200954606837],[140.938461,38.37047]],[[140.9384581800147,38.37025860004896],[140.93847,38.370298],[140.938461,38.37047],[140.9384581800147,38.37025860004896]],[[140.93843913118263,38.368830606024275],[140.93843595949897,38.36859284103891],[140.938442,38.368787],[140.93843913118263,38.368830606024275]],[[140.93843174239115,38.36827670592012],[140.93842929014164,38.368092873249566],[140.938437,38.368192],[140.93843174239115,38.36827670592012]],[[140.9381661102083,38.365946420067004],[140.938394,38.366124],[140.938404,38.366197],[140.9381661102083,38.365946420067004]],[[140.937223,38.364953],[140.93718244036432,38.36472865915809],[140.937185,38.364736],[140.937223,38.364953]],[[140.9371376553408,38.364480947123155],[140.9370995588294,38.364270230155434],[140.937141,38.36442],[140.9371376553408,38.364480947123155]],[[140.936131,38.358913],[140.936641,38.360217],[140.93652640985601,38.361100065503976],[140.936131,38.358913]],[[140.9363876836671,38.357809041861685],[140.936422,38.35828],[140.9361885506418,38.35866548327992],[140.9363876836671,38.357809041861685]],[[140.93738034972625,38.353539733311926],[140.937424,38.353352],[140.937403,38.353474],[140.93738034972625,38.353539733311926]],[[140.89331444827621,38.511653537354114],[140.89339305758756,38.51194208988095],[140.893247,38.511866],[140.89331444827621,38.511653537354114]],[[140.892756,38.510284],[140.8926,38.509031],[140.89312700597577,38.51096548973606],[140.892756,38.510284]],[[140.8926,38.509031],[140.892823,38.508527],[140.8929768280603,38.508432084813855],[140.8926,38.509031]],[[140.895269,38.504789],[140.897718,38.503398],[140.8985167288137,38.50305518644061],[140.895269,38.504789]],[[140.898725,38.502944],[140.899698,38.501498],[140.90003,38.501209],[140.898725,38.502944]],[[140.90003,38.501209],[140.901879,38.500359],[140.90287137764932,38.500107849710986],[140.90003,38.501209]],[[140.90438668911065,38.49656859431008],[140.904309,38.496528],[140.904199,38.49635],[140.90438668911065,38.49656859431008]],[[140.904199,38.49635],[140.904473,38.495999],[140.906103,38.495211],[140.904199,38.49635]],[[140.90757691796105,38.49490389544667],[140.907641,38.494871],[140.90821101984295,38.49477177440577],[140.90757691796105,38.49490389544667]],[[140.909922,38.49372],[140.910259,38.493407],[140.90975131665283,38.49401408240251],[140.909922,38.49372]],[[140.910259,38.493407],[140.911011,38.493072],[140.9127033870116,38.49269],[140.910259,38.493407]],[[140.913625,38.492416],[140.91363845490324,38.4924157211419],[140.9136149393648,38.492422618838944],[140.913625,38.492416]],[[140.914522,38.491891],[140.91548193683946,38.49187498166735],[140.91444684840576,38.492178599058306],[140.914522,38.491891]],[[140.917278,38.490096],[140.917481,38.489776],[140.91722667862464,38.49035345912286],[140.917278,38.490096]],[[140.917481,38.489776],[140.920485,38.48903],[140.92188039239767,38.48914211808011],[140.917481,38.489776]],[[140.9270003774157,38.48695992817522],[140.928527,38.486865],[140.9288072483863,38.486973604503994],[140.9270003774157,38.48695992817522]],[[140.93324157241915,38.48718789454936],[140.932823,38.487004],[140.933107,38.487045],[140.93324157241915,38.48718789454936]],[[140.934163,38.487451],[140.93447689323355,38.48773061727569],[140.9339930905633,38.48751806463257],[140.934163,38.487451]],[[140.93470385601188,38.487830330529434],[140.935084,38.487953],[140.935238,38.488065],[140.93470385601188,38.487830330529434]],[[140.935238,38.488065],[140.935373,38.488319],[140.93538284611535,38.48834447486986],[140.935238,38.488065]],[[140.93740933083905,38.49097010213491],[140.936925,38.49132],[140.937176,38.491116],[140.93740933083905,38.49097010213491]],[[140.937648,38.490695],[140.93854025521176,38.490153082049275],[140.93750352854846,38.49090205035138],[140.937648,38.490695]],[[140.94082458339497,38.48850280193076],[140.941201,38.487412],[140.942131,38.487559],[140.94082458339497,38.48850280193076]],[[140.942131,38.487559],[140.942141,38.48608],[140.945391,38.487384],[140.942131,38.487559]],[[140.945391,38.487384],[140.946944,38.488338],[140.949039,38.489893],[140.945391,38.487384]],[[140.9485535165337,38.490979220965],[140.948419,38.491896],[140.94771956066938,38.49284511425828],[140.9485535165337,38.490979220965]],[[140.94788677157618,38.49602628191338],[140.949189,38.497042],[140.948971,38.498242],[140.94788677157618,38.49602628191338]],[[140.94978174420052,38.498659272228196],[140.952367,38.499727],[140.953195,38.500416],[140.94978174420052,38.498659272228196]],[[140.956773,38.505411],[140.95678765064025,38.505462887684274],[140.95671364201672,38.50535892176938],[140.956773,38.505411]],[[140.958764,38.505175],[140.95887499738186,38.5052150506017],[140.958586,38.50516],[140.958764,38.505175]],[[140.96151721584937,38.50571836213877],[140.96101459346997,38.505622618487955],[140.961156,38.505561],[140.96151721584937,38.50571836213877]],[[140.9629478173632,38.5057789101824],[140.964813,38.504774],[140.96597706955762,38.504785332338685],[140.9629478173632,38.5057789101824]],[[140.966717,38.504542],[140.966847,38.5045],[140.9667146383454,38.50454341388532],[140.966717,38.504542]],[[140.966847,38.5045],[140.967151,38.504654],[140.96801518412906,38.50515318935351],[140.966847,38.5045]],[[140.9686398265451,38.50550245773145],[140.968694,38.505523],[140.9687727605204,38.505576787672474],[140.9686398265451,38.50550245773145]],[[140.9783718879892,38.503129615784836],[140.97808318975333,38.503487715369985],[140.978185,38.503284],[140.9783718879892,38.503129615784836]],[[140.97909,38.502297],[140.97911543352427,38.50228368899664],[140.978973,38.502384],[140.97909,38.502297]],[[140.98029857406206,38.501450444049176],[140.980487,38.501265],[140.98057326344056,38.501256989823375],[140.98029857406206,38.501450444049176]],[[140.98453,38.498424],[140.9848869982125,38.49830757854582],[140.984248,38.498669],[140.98453,38.498424]],[[140.987105,38.497049],[140.987266,38.496962],[140.98710361979087,38.49705384327932],[140.987105,38.497049]],[[140.98917,38.496538],[140.99001703634616,38.496598655576925],[140.98889044889444,38.49674745014602],[140.98917,38.496538]],[[140.990892,38.496324],[140.990952186466,38.49628192273617],[140.990658,38.496514],[140.990892,38.496324]],[[140.99269497083944,38.49490707829027],[140.993176,38.494303],[140.993751,38.494074],[140.99269497083944,38.49490707829027]],[[140.993948,38.494057],[140.99396832950347,38.494060554109],[140.993751,38.494074],[140.993948,38.494057]],[[140.995335,38.493976],[140.996545,38.49223],[140.99762121829056,38.49212886294543],[140.995335,38.493976]],[[140.997777,38.492003],[140.997759,38.490129],[140.998616,38.488976],[140.997777,38.492003]],[[140.998616,38.488976],[140.99925,38.487239],[141.00006145085626,38.4859702316605],[140.998616,38.488976]],[[141.00087865933088,38.482973900648794],[141.000712,38.482802],[141.000641,38.482629],[141.00087865933088,38.482973900648794]],[[141.00084283539434,38.480609132291214],[141.000949,38.479219],[141.001041,38.478626],[141.00084283539434,38.480609132291214]],[[141.001041,38.478626],[141.00119,38.478401],[141.00132327149115,38.478298588890624],[141.001041,38.478626]],[[141.003411,38.475877],[141.004877,38.4753],[141.00675,38.475215],[141.003411,38.475877]],[[141.00706413415784,38.47477495910014],[141.007563,38.473963],[141.007743,38.473824],[141.00706413415784,38.47477495910014]],[[141.00946655892363,38.47327144728625],[141.009783,38.472895],[141.010123,38.473061],[141.00946655892363,38.47327144728625]],[[141.013465,38.475027],[141.013622,38.47515],[141.0136613541109,38.475264888614014],[141.013465,38.475027]],[[141.014088,38.475653],[141.01420310443228,38.475921234602986],[141.0138633838529,38.47550965341726],[141.014088,38.475653]],[[141.017336,38.475793],[141.01847893729237,38.475126330661865],[141.0168081150415,38.47635304138237],[141.017336,38.475793]],[[141.018809,38.474884],[141.018259,38.473194],[141.01838,38.472546],[141.018809,38.474884]],[[141.01838,38.472546],[141.020619,38.470653],[141.02097523651125,38.47046268280059],[141.01838,38.472546]],[[141.023186,38.468688],[141.023376,38.468633],[141.02359893481392,38.46860052768813],[141.023186,38.468688]],[[141.025299,38.46813],[141.02588693384504,38.46811585902356],[141.02496906078957,38.46831029280697],[141.025299,38.46813]],[[141.026212,38.468047],[141.026856,38.467073],[141.027272,38.466716],[141.026212,38.468047]],[[141.027272,38.466716],[141.028879,38.465782],[141.02967457799903,38.46556770904457],[141.027272,38.466716]],[[141.030715,38.464985],[141.031216,38.464831],[141.03047229166668,38.46518644883578],[141.030715,38.464985]],[[141.031216,38.464831],[141.032466,38.464819],[141.03276765297608,38.46483055667058],[141.031216,38.464831]],[[141.033042,38.464813],[141.0339057650023,38.46483023149571],[141.03286671633236,38.46483052836676],[141.033042,38.464813]],[[141.03454,38.464829],[141.034716,38.46483],[141.0345254722081,38.46483005443651],[141.03454,38.464829]],[[141.0340092675756,38.45556089368572],[141.0339490647673,38.45600416979281],[141.033991,38.455661],[141.0340092675756,38.45556089368572]],[[141.034191,38.454214],[141.03421145385988,38.454072186571395],[141.03418547734103,38.45426345290082],[141.034191,38.454214]],[[141.0335648137417,38.45360297285783],[141.031796,38.453006],[141.031013,38.452624],[141.0335648137417,38.45360297285783]],[[141.026038,38.444995],[141.02602673818407,38.44497613280189],[141.02606287040206,38.44503155195456],[141.026038,38.444995]],[[141.025878,38.444748],[141.029009,38.44503],[141.031152,38.445824],[141.025878,38.444748]],[[141.035313,38.445966],[141.037995,38.444826],[141.043221,38.443259],[141.035313,38.445966]],[[141.043221,38.443259],[141.044492,38.443122],[141.04578476122228,38.44315629059608],[141.043221,38.443259]],[[140.627412613789,38.691992559642095],[140.628839,38.691192],[140.629349,38.691041],[140.627412613789,38.691992559642095]],[[140.631104,38.690461],[140.632109,38.690672],[140.63080980951463,38.69084569611924],[140.631104,38.690461]],[[140.63400198270497,38.68995768786426],[140.634739,38.689558],[140.635517,38.689386],[140.63400198270497,38.68995768786426]],[[140.635517,38.689386],[140.635951,38.689569],[140.63604056988714,38.68964093876199],[140.635517,38.689386]],[[140.63909345529638,38.692863659013916],[140.640315,38.694957],[140.640570921407,38.69578030652938],[140.63909345529638,38.692863659013916]],[[140.640666,38.695968],[140.641878,38.696082],[140.642642,38.696357],[140.640666,38.695968]],[[140.643881,38.697424],[140.6443106211795,38.69804260067346],[140.642642,38.696357],[140.643881,38.697424]],[[140.644804,38.698541],[140.648191,38.69931],[140.650648,38.699941],[140.644804,38.698541]],[[140.650814,38.699821136871506],[140.652424,38.698449],[140.652796,38.69839],[140.650814,38.699821136871506]],[[140.65620185080124,38.698369252080404],[140.656624,38.698293],[140.657064,38.698364],[140.65620185080124,38.698369252080404]],[[140.656782,38.696983],[140.656968,38.696284],[140.65702614210622,38.697543745634704],[140.656782,38.696983]],[[140.657656,38.695157],[140.658379,38.694551],[140.6576003991246,38.695507283002904],[140.657656,38.695157]],[[140.65865940298985,38.69119488131305],[140.658655,38.690562],[140.658765,38.689931],[140.65865940298985,38.69119488131305]],[[140.658765,38.689931],[140.659454,38.689203],[140.66015430863604,38.689089022814166],[140.658765,38.689931]],[[140.663268,38.687202],[140.66228582432268,38.687797238157536],[140.662724,38.687451],[140.663268,38.687202]],[[140.664163,38.687386],[140.6647900074575,38.68755303167116],[140.663268,38.687202],[140.664163,38.687386]],[[140.66589726658415,38.6878084069124],[140.668493,38.688311],[140.66900350640387,38.68852482163794],[140.66589726658415,38.6878084069124]],[[140.67464063221306,38.692039530565104],[140.67418513671535,38.69159389005795],[140.674496,38.691741],[140.67464063221306,38.692039530565104]],[[140.67522583421086,38.692612071273835],[140.676946,38.692844],[140.67634550057218,38.693707512804224],[140.67522583421086,38.692612071273835]],[[140.677594,38.694929],[140.677649,38.694999],[140.67754428362656,38.69513344054889],[140.677594,38.694929]],[[140.679934,38.70029],[140.68020560239714,38.70054398056008],[140.678619,38.700155],[140.679934,38.70029]],[[140.681586,38.7007],[140.682963,38.70122],[140.68121444527472,38.70079131427661],[140.681586,38.7007]],[[140.682963,38.70122],[140.683782,38.701058],[140.6843551488892,38.701372942707344],[140.682963,38.70122]],[[140.685668,38.701188],[140.687851,38.701757],[140.68468877765696,38.701409595458635],[140.685668,38.701188]],[[140.69023248254177,38.70058355852502],[140.690425,38.700433],[140.691086,38.700163],[140.69023248254177,38.70058355852502]],[[140.691086,38.700163],[140.692532,38.700131],[140.693275,38.700228],[140.691086,38.700163]],[[140.694088,38.699141],[140.694363,38.699055],[140.6937996299694,38.69966238331427],[140.694088,38.699141]],[[140.700153,38.69922],[140.702128,38.699126],[140.698666,38.69963],[140.700153,38.69922]],[[140.702948,38.701463],[140.704393,38.699899],[140.704965,38.699829],[140.702948,38.701463]],[[140.708703,38.700808],[140.70762082352473,38.7005245728279],[140.708359,38.700393],[140.708703,38.700808]],[[140.709198,38.703699],[140.70899326001776,38.70392550368113],[140.709171,38.703467],[140.709198,38.703699]],[[140.709081,38.706118],[140.709398,38.706838],[140.708248,38.705848],[140.709081,38.706118]],[[140.709398,38.706838],[140.711208,38.707264],[140.71138432619125,38.707459383423036],[140.709398,38.706838]],[[140.71397866141146,38.707760775525514],[140.714829,38.707024],[140.71572516341215,38.70740494614594],[140.71397866141146,38.707760775525514]],[[140.717728,38.707836],[140.716736,38.707199],[140.717321,38.707394],[140.717728,38.707836]],[[140.717728,38.707836],[140.720956,38.707736],[140.721858,38.708114],[140.717728,38.707836]],[[140.723696,38.707367],[140.726168,38.707157],[140.72210464867072,38.70805923369423],[140.723696,38.707367]],[[140.727847,38.703039],[140.727985,38.702254],[140.7283117698763,38.70362497305654],[140.727847,38.703039]],[[140.728804,38.700911],[140.72882596359844,38.700885994146354],[140.72873790590853,38.7010292386762],[140.728804,38.700911]],[[140.7291,38.70044021575344],[140.7291,38.700191],[140.729445,38.699879],[140.7291,38.70044021575344]],[[140.729445,38.699879],[140.729864,38.699814],[140.73098057925742,38.6998613871538],[140.729445,38.699879]],[[140.731755,38.699852],[140.731799,38.699852],[140.73154637560998,38.699854897560975],[140.731755,38.699852]],[[140.732445589486,38.69959439210265],[140.735172,38.698485],[140.73796587496554,38.69739505362599],[140.732445589486,38.69959439210265]],[[140.73944051450619,38.696807542075554],[140.739861,38.696581],[140.740983,38.696193],[140.73944051450619,38.696807542075554]],[[140.741306,38.69461],[140.7410474358372,38.69587720455012],[140.741251,38.694761],[140.741306,38.69461]],[[140.741306,38.69461],[140.742387,38.692876],[140.74339107635836,38.692113013242434],[140.741306,38.69461]],[[140.743461,38.690562],[140.743564,38.690449],[140.74406633552627,38.69007318157096],[140.743461,38.690562]],[[140.745664,38.688929],[140.74569708448746,38.68893667176521],[140.74543,38.688972],[140.745664,38.688929]],[[140.748953,38.688506],[140.749653,38.687259],[140.75012501163434,38.68653671864871],[140.748953,38.688506]],[[140.763773,38.685779],[140.764775,38.687181],[140.767271,38.691952],[140.763773,38.685779]],[[140.76872482901047,38.69096726903341],[140.769994,38.689954],[140.77239174202893,38.68848353623192],[140.76872482901047,38.69096726903341]],[[140.7725863351784,38.68835173125431],[140.772966,38.688085],[140.77311978058628,38.68799040938747],[140.7725863351784,38.68835173125431]],[[140.773863,38.687487],[140.777037,38.684335],[140.778749,38.683022],[140.773863,38.687487]],[[140.778956,38.682786],[140.77897715092698,38.68276694511082],[140.7789307899967,38.68281877300427],[140.778956,38.682786]],[[140.779173,38.682528],[140.77932412916985,38.6823790505778],[140.77911932637736,38.68260800407904],[140.779173,38.682528]],[[140.780553,38.68091],[140.78105786211898,38.68044087276248],[140.78039996559113,38.68117634961645],[140.780553,38.68091]],[[140.7812214300579,38.68025801660194],[140.782066,38.679146],[140.7825649650559,38.678756049572634],[140.7812214300579,38.68025801660194]],[[140.78398032522617,38.6771065602182],[140.784268,38.676014],[140.784934,38.675346],[140.78398032522617,38.6771065602182]],[[140.784934,38.675346],[140.785629,38.674913],[140.78591073043802,38.67480305208027],[140.784934,38.675346]],[[140.789767,38.672492],[140.78980325657295,38.67247295877823],[140.7897484612927,38.67251483426145],[140.789767,38.672492]],[[140.79005291443912,38.6722821659995],[140.792806,38.670161],[140.793577,38.669589],[140.79005291443912,38.6722821659995]],[[140.793577,38.669589],[140.796501,38.668416],[140.797892,38.668034],[140.793577,38.669589]],[[140.80003915819208,38.66408193220339],[140.799478,38.664455],[140.799726,38.664222],[140.80003915819208,38.66408193220339]],[[140.801236,38.663246],[140.8015839545945,38.66305492449293],[140.80096150876167,38.66346873738675],[140.801236,38.663246]],[[140.802903,38.662178],[140.803675,38.661015],[140.80486854352483,38.66026376686442],[140.802903,38.662178]],[[140.806629,38.658536],[140.806772,38.65841],[140.80660378260868,38.658573826086986],[140.806629,38.658536]],[[140.806772,38.65841],[140.807029,38.658269],[140.807205777225,38.65827473613414],[140.806772,38.65841]],[[140.80851477384113,38.65786655439363],[140.809519,38.657377],[140.81028034482756,38.657316],[140.80851477384113,38.65786655439363]],[[140.811209,38.656626],[140.811804,38.65595],[140.810771,38.657163],[140.811209,38.656626]],[[140.811804,38.65595],[140.814961,38.654192],[140.815518,38.654359],[140.811804,38.65595]],[[140.81717866694012,38.65235913127539],[140.818262,38.650954],[140.8192237735327,38.64989629865422],[140.81717866694012,38.65235913127539]],[[140.819406,38.649649],[140.81952831894174,38.64952954790846],[140.81925832684837,38.649854687604076],[140.819406,38.649649]],[[140.819753,38.649329],[140.82063174456061,38.64878073693134],[140.819606,38.649436],[140.819753,38.649329]],[[140.82283,38.646846],[140.82286779501703,38.646806471266586],[140.82280540284358,38.646907492891025],[140.82283,38.646846]],[[140.8232850741932,38.646130838123966],[140.82364,38.645488],[140.823868,38.645187],[140.8232850741932,38.646130838123966]],[[140.82423166702358,38.64482704697933],[140.826182,38.642781],[140.82720078004337,38.64188825646241],[140.82423166702358,38.64482704697933]],[[140.827577,38.641466],[140.8285723739786,38.6405306701317],[140.8274081931801,38.64168296156277],[140.827577,38.641466]],[[140.8297415256964,38.63937345854759],[140.8290877897741,38.640020518095746],[140.829605,38.639486],[140.8297415256964,38.63937345854759]],[[140.830224,38.638872],[140.830578053662,38.638545473746696],[140.82976792920883,38.639347324684884],[140.830224,38.638872]],[[140.831016,38.638112],[140.834269,38.636705],[140.83635773208073,38.63640424141516],[140.831016,38.638112]],[[140.837674,38.63578],[140.83833207065683,38.635442693150395],[140.8371072970434,38.636073372273806],[140.837674,38.63578]],[[140.83873268728055,38.63523640152369],[140.840835,38.634109],[140.84138004180218,38.633873185325434],[140.83873268728055,38.63523640152369]],[[140.84471999577858,38.6321533252444],[140.84391081767998,38.63256999958185],[140.844069,38.632461],[140.84471999577858,38.6321533252444]],[[140.846449,38.631263],[140.847364,38.630573],[140.84794,38.630157],[140.846449,38.631263]],[[140.84844951424506,38.62930686523954],[140.849896,38.626806],[140.85006097435604,38.62661811164974],[140.84844951424506,38.62930686523954]],[[140.850178,38.626405],[140.850278,38.626256],[140.85013631444315,38.626492405199855],[140.850178,38.626405]],[[140.850278,38.626256],[140.850673,38.626088],[140.85086795179234,38.62603926205191],[140.850278,38.626256]],[[140.852001,38.625623],[140.852263,38.625379],[140.85249668110728,38.625209865080926],[140.852001,38.625623]],[[140.85512,38.623021],[140.85513321770168,38.62301239312448],[140.85510373640273,38.62303696487814],[140.85512,38.623021]],[[140.855682,38.622555],[140.857306,38.621846],[140.85817,38.621543],[140.855682,38.622555]],[[140.85883629524247,38.6208381277986],[140.860485,38.618862],[140.861728,38.617779],[140.85883629524247,38.6208381277986]],[[140.862848,38.61593],[140.863265,38.615381],[140.86265168171388,38.61633788825644],[140.862848,38.61593]],[[140.863146,38.613814],[140.863189,38.613657],[140.86320232936407,38.61395936610089],[140.863146,38.613814]],[[140.863189,38.613657],[140.863951,38.612567],[140.86658,38.613299],[140.863189,38.613657]],[[140.871402,38.609316],[140.87113997042798,38.61022495425702],[140.871235,38.609732],[140.871402,38.609316]],[[140.871402,38.609316],[140.871747,38.608937],[140.87180069694296,38.608919914609054],[140.871402,38.609316]],[[140.872776,38.607951],[140.873549,38.606634],[140.87423499338794,38.605847775765426],[140.872776,38.607951]],[[140.876759,38.602184],[140.87736100716484,38.60134144421694],[140.8766770631579,38.60232738947368],[140.876759,38.602184]],[[140.877983,38.600591],[140.87828229187343,38.60031227998823],[140.877473,38.60118],[140.877983,38.600591]],[[140.879426,38.599086],[140.877737,38.598008],[140.877486,38.59763],[140.879426,38.599086]],[[140.875847,38.593152],[140.875784,38.592584],[140.87607888680188,38.59324357504439],[140.875847,38.593152]],[[140.873328,38.591212],[140.874157,38.589268],[140.87532422175153,38.58817248033891],[140.873328,38.591212]],[[140.875991,38.587002],[140.87626242567327,38.58674393700995],[140.87591324036714,38.5872756192254],[140.875991,38.587002]],[[140.876575,38.586268],[140.876552,38.584513],[140.87658163626688,38.58362469194284],[140.876575,38.586268]],[[140.876591,38.579895],[140.877946,38.579324],[140.87833971520897,38.57932627488152],[140.876591,38.579895]],[[140.879335,38.578918],[140.87934327290395,38.578910053658056],[140.879263,38.579026],[140.879335,38.578918]],[[140.88188,38.575246],[140.8815508927788,38.575721363124245],[140.88175,38.575377],[140.88188,38.575246]],[[140.883773,38.574557],[140.88628,38.574805],[140.8871,38.575311],[140.883773,38.574557]],[[140.88990128008962,38.57423782142189],[140.892863,38.57301],[140.89361,38.572817],[140.88990128008962,38.57423782142189]],[[140.89455534165867,38.57235868733681],[140.895769,38.571707],[140.89634716724518,38.571489989391466],[140.89455534165867,38.57235868733681]],[[140.896724,38.571302],[140.896902,38.571221],[140.89668711739412,38.57132517759386],[140.896724,38.571302]],[[140.8972024270476,38.57112623861669],[140.897659,38.57097],[140.89796334887953,38.57088622692013],[140.8972024270476,38.57112623861669]],[[140.89802767182715,38.57086593802955],[140.900942,38.569852],[140.90198890435903,38.56961647704612],[140.89802767182715,38.57086593802955]],[[140.90348856509866,38.56914345064146],[140.903701,38.569064],[140.90420741525577,38.56891670928835],[140.90348856509866,38.56914345064146]],[[140.905072,38.568644],[140.9043376466862,38.56887563139408],[140.904631,38.568747],[140.905072,38.568644]],[[140.905448,38.567424],[140.90598196093748,38.566545023437506],[140.905421570696,38.567837656927885],[140.905448,38.567424]],[[140.906518,38.564933],[140.90682933622767,38.56459041110151],[140.9065449864006,38.56524631136926],[140.906518,38.564933]],[[140.906831,38.564014],[140.906484,38.562902],[140.90688965617292,38.56414350064155],[140.906831,38.564014]],[[140.9061883729013,38.56280367759441],[140.905992,38.562751],[140.9059494215305,38.562724204928664],[140.9061883729013,38.56280367759441]],[[140.903092,38.561174],[140.90313909400942,38.56070774800487],[140.90338845966193,38.56120133185376],[140.903092,38.561174]],[[140.902924,38.560282],[140.901337,38.560336],[140.901159,38.56026927600412],[140.902924,38.560282]],[[140.899322,38.560474],[140.89923388580658,38.56049302935632],[140.8994463005781,38.5604296069364],[140.899322,38.560474]],[[140.895641,38.559833],[140.894113,38.561142],[140.893824,38.560497],[140.895641,38.559833]],[[140.895641,38.559833],[140.895618,38.559139],[140.89580201717172,38.55910842272727],[140.895641,38.559833]],[[140.896057,38.557961],[140.899076,38.557845],[140.89922543118232,38.55785334387313],[140.896057,38.557961]],[[140.899471,38.557845],[140.899457,38.556486],[140.899809,38.556474],[140.899471,38.557845]],[[140.897942,38.552251],[140.897913,38.552174],[140.89795395217666,38.55226687677197],[140.897942,38.552251]],[[140.897913,38.552174],[140.897865,38.551769],[140.89785602170483,38.55148438804317],[140.897913,38.552174]],[[140.8977239934248,38.54988644131103],[140.897595,38.548539],[140.897554,38.547829],[140.8977239934248,38.54988644131103]],[[140.897554,38.547829],[140.89642,38.546918],[140.895943,38.546323],[140.897554,38.547829]],[[140.895943,38.546323],[140.895808,38.545505],[140.8967934198726,38.544531330069454],[140.895943,38.546323]],[[140.89582344730388,38.5415241205255],[140.895012,38.539922],[140.89486381557546,38.539035291474455],[140.89582344730388,38.5415241205255]],[[140.89484126141093,38.53897679668087],[140.894761,38.538787],[140.894674,38.538543],[140.89484126141093,38.53897679668087]],[[140.894674,38.538543],[140.894221,38.538374],[140.8940994957477,38.537605222979835],[140.894674,38.538543]],[[140.89368510548832,38.53692880385665],[140.891641,38.534843],[140.891636,38.533584],[140.89368510548832,38.53692880385665]],[[141.116235,38.443353],[141.116333,38.443034],[141.1168177644165,38.44290558731895],[141.116235,38.443353]],[[141.116235,38.443353],[141.115838,38.445305],[141.115293,38.444333],[141.116235,38.443353]],[[141.11916829124635,38.44539680254507],[141.119006,38.445319],[141.118838,38.445226],[141.11916829124635,38.44539680254507]],[[141.116910079054,38.441089179646895],[141.116814,38.440799],[141.116804,38.44044426019421],[141.116910079054,38.441089179646895]],[[141.11665,38.439508],[141.115545,38.438199],[141.115214,38.436811],[141.11665,38.439508]],[[141.115214,38.436811],[141.117175,38.434879],[141.120891,38.432315],[141.115214,38.436811]],[[141.123702,38.424673],[141.124156,38.423549],[141.125088,38.422735],[141.123702,38.424673]],[[141.125088,38.422735],[141.126998,38.421987],[141.127207,38.421939],[141.125088,38.422735]],[[141.124156,38.41973],[141.12405020698915,38.419579517411854],[141.12431725664632,38.41977911840377],[141.124156,38.41973]],[[141.12356895930645,38.419340412699505],[141.123802,38.419394],[141.123594,38.419353],[141.12356895930645,38.419340412699505]],[[141.1195528419704,38.418145115075525],[141.118993,38.418008],[141.11865309110613,38.4177268814261],[141.1195528419704,38.418145115075525]],[[141.110786,38.41407],[141.109782,38.413135],[141.109211,38.412482],[141.110786,38.41407]],[[141.107525,38.413004],[141.10723,38.413023],[141.10705226459575,38.41288960756487],[141.107525,38.413004]],[[141.10367367236944,38.41248482033307],[141.102859,38.41341],[141.099758,38.414332],[141.10367367236944,38.41248482033307]],[[141.099758,38.414332],[141.099684,38.414278],[141.09967969385306,38.41426089844507],[141.099758,38.414332]],[[141.0964144745523,38.411296097103694],[141.095166,38.410349],[141.094617,38.409664],[141.0964144745523,38.411296097103694]],[[141.094617,38.409664],[141.094023,38.408192],[141.094647,38.408013],[141.094617,38.409664]],[[141.0998133269926,38.405473719601154],[141.098871,38.405108],[141.100503,38.402968],[141.0998133269926,38.405473719601154]],[[141.1036108373007,38.40258777004461],[141.104371,38.401707],[141.1055034772457,38.4011181713012],[141.1036108373007,38.40258777004461]],[[141.10764152625165,38.39736164658247],[141.10757256668634,38.39757088511147],[141.10755,38.397482],[141.10764152625165,38.39736164658247]],[[141.10813660544486,38.39585946712935],[141.108148,38.395582],[141.108291,38.395391],[141.10813660544486,38.39585946712935]],[[141.10928877998,38.39457990386387],[141.109512,38.393979],[141.110942,38.393236],[141.10928877998,38.39457990386387]],[[141.110942,38.393236],[141.11124,38.393895],[141.11121188467493,38.39427690917178],[141.110942,38.393236]],[[141.11131424800104,38.39467171085894],[141.111814,38.395236],[141.1117089883037,38.39619417152334],[141.11131424800104,38.39467171085894]],[[141.1130024499311,38.39798839613188],[141.113958,38.398296],[141.114334,38.39898],[141.1130024499311,38.39798839613188]],[[141.1169086280208,38.398377162109],[141.117475,38.397365],[141.1182114776855,38.397147116259255],[141.1169086280208,38.398377162109]],[[141.119543,38.39589],[141.119004,38.394517],[141.118923,38.393666],[141.119543,38.39589]],[[141.118923,38.393666],[141.119693,38.392512],[141.12071326599377,38.39330015617005],[141.118923,38.393666]],[[141.122324,38.392971],[141.122551,38.391439],[141.1232489946676,38.39118942876187],[141.122324,38.392971]],[[141.12422651254897,38.38859963536924],[141.123183,38.387683],[141.123269,38.386004],[141.12422651254897,38.38859963536924]],[[141.123269,38.386004],[141.123359,38.385869],[141.12350347380664,38.38583355289503],[141.123269,38.386004]],[[141.1244188282862,38.385168150122304],[141.124781,38.384727],[141.12554479092128,38.38434964901035],[141.1244188282862,38.385168150122304]],[[141.12613473369566,38.38367659782608],[141.125957,38.38405],[141.126089,38.383753],[141.12613473369566,38.38367659782608]],[[141.12653960845802,38.38282599312855],[141.126662,38.382481],[141.12676236318637,38.38235800589907],[141.12653960845802,38.38282599312855]],[[141.126948,38.381968],[141.126517,38.380981],[141.1263897887062,38.379872329239646],[141.126948,38.381968]],[[141.0012573758195,38.321746282440486],[141.000743,38.321229],[141.000579,38.320909],[141.0012573758195,38.321746282440486]],[[141.001731,38.322411],[141.00137645737846,38.32189325834298],[141.00186004209337,38.32249012069959],[141.001731,38.322411]],[[141.00367074234123,38.3247249697006],[141.002984,38.324061],[141.00286119706038,38.323725791916026],[141.00367074234123,38.3247249697006]],[[141.0015162165718,38.325422565285685],[141.00119989065553,38.32551375146241],[141.001427,38.32543],[141.0015162165718,38.325422565285685]],[[140.999579,38.325981],[141.000925,38.325568],[141.00115979216494,38.32552531051547],[140.999579,38.325981]],[[140.99950954020872,38.326065920196456],[140.999538,38.326019],[140.999579,38.325981],[140.99950954020872,38.326065920196456]],[[140.998029,38.327876],[140.998756,38.326881],[140.9993797764266,38.32622456688491],[140.998029,38.327876]],[[140.99873556532154,38.328275151091965],[140.998359,38.328097],[140.998029,38.327876],[140.99873556532154,38.328275151091965]],[[140.9996863520231,38.32881226710741],[140.999645,38.328799],[140.99950885289545,38.32871199474975],[140.9996863520231,38.32881226710741]],[[141.00541,38.330824],[141.004296,38.330894],[141.002088,38.330169],[141.00541,38.330824]],[[141.005626,38.334181],[141.005495,38.333602],[141.00552845826178,38.3326650388183],[141.005626,38.334181]],[[141.00959458867518,38.338542249658104],[141.008098,38.33699],[141.007292,38.334987],[141.00959458867518,38.338542249658104]],[[141.010086,38.339301],[141.010048,38.339253],[141.01001194021475,38.339186649995156],[141.010086,38.339301]],[[141.01020881369428,38.33931739012739],[141.010134,38.339321],[141.010086,38.339301],[141.01020881369428,38.33931739012739]],[[141.012274,38.339593],[141.01213,38.339579],[141.01209523248545,38.33956914254376],[141.012274,38.339593]],[[141.01379450387682,38.34109656661843],[141.012821,38.340991],[141.012274,38.339593],[141.01379450387682,38.34109656661843]],[[141.01429,38.343955],[141.014038,38.342958],[141.01425220031493,38.34173403801592],[141.01429,38.343955]],[[141.0145808536938,38.34409670424688],[141.014438,38.344068],[141.01429,38.343955],[141.0145808536938,38.34409670424688]],[[141.01759788247392,38.345566604063244],[141.016496,38.345209],[141.01560700097838,38.344596644358525],[141.01759788247392,38.345566604063244]],[[141.01876018554032,38.3477083595452],[141.018132,38.346813],[141.01809219029724,38.3462329663039],[141.01876018554032,38.3477083595452]],[[141.02067029558694,38.348507376198874],[141.019386,38.348581],[141.019019,38.34828],[141.02067029558694,38.348507376198874]],[[141.025025,38.349107],[141.02347,38.349432],[141.02091346320194,38.34854085931868],[141.025025,38.349107]],[[141.025848,38.346974],[141.025529,38.348267],[141.025025,38.349107],[141.025848,38.346974]],[[141.02539966732485,38.3462110826146],[141.025721,38.34655],[141.025848,38.346974],[141.02539966732485,38.3462110826146]],[[141.02452546204984,38.343165905817145],[141.024545,38.343308],[141.024545,38.34335970967744],[141.02452546204984,38.343165905817145]],[[141.0234311798038,38.34119543736871],[141.024414,38.34231],[141.024467,38.342586],[141.0234311798038,38.34119543736871]],[[141.022972,38.340579],[141.02339817901142,38.34003647282571],[141.023347,38.340107],[141.022972,38.340579]],[[141.023801,38.339554],[141.02364398241411,38.339723564348475],[141.02387770005492,38.339426041082774],[141.023801,38.339554]],[[141.0252060263478,38.338957536684234],[141.024376,38.339222],[141.023961,38.33932],[141.0252060263478,38.338957536684234]],[[141.02639526901052,38.338611313618706],[141.025949,38.338994],[141.02550981851573,38.33886909396438],[141.02639526901052,38.338611313618706]],[[141.029854,38.339202],[141.028843,38.340242],[141.027625,38.339999],[141.029854,38.339202]],[[141.03156057188585,38.339315887906814],[141.030294,38.339471],[141.03004868231918,38.339214992105404],[141.03156057188585,38.339315887906814]],[[141.03646010468023,38.339642857745545],[141.033873,38.339592],[141.03329451044453,38.33943160212584],[141.03646010468023,38.339642857745545]],[[140.99413381607286,38.31451392129243],[140.994115,38.314498],[140.99409269651656,38.3144729351329],[140.99413381607286,38.31451392129243]],[[140.996114,38.31651],[140.9956436660213,38.31601887310639],[140.996324,38.316697],[140.996114,38.31651]],[[140.9964581429469,38.31678546757697],[140.996433,38.316773],[140.996324,38.316697],[140.9964581429469,38.31678546757697]],[[141.000744,38.319612],[140.998757,38.318493],[140.9981458100749,38.31789848786615],[141.000744,38.319612]],[[141.00064016955747,38.32042817020585],[141.000636,38.320383],[141.0006578035844,38.32028955606688],[141.00064016955747,38.32042817020585]],[[141.168407,38.598319],[141.174275,38.596163],[141.174575,38.596258],[141.168407,38.598319]],[[141.17600709051993,38.5985185979988],[141.17573921076576,38.59809574174229],[141.17598,38.598474],[141.17600709051993,38.5985185979988]],[[141.176895992467,38.599921756482615],[141.17669973078915,38.59961195151571],[141.176775,38.599724],[141.176895992467,38.599921756482615]],[[141.17731892189934,38.600589363323856],[141.1771780844721,38.60036704720504],[141.177234,38.600453],[141.17731892189934,38.600589363323856]],[[141.17748526537585,38.600851941509326],[141.177486,38.600853],[141.17748893286202,38.60085773074663],[141.17748526537585,38.600851941509326]],[[141.179100009919,38.60340086438255],[141.179147,38.603469],[141.179242,38.603625],[141.179100009919,38.60340086438255]],[[141.1835642508496,38.60198916962618],[141.183601,38.601973],[141.1836215038553,38.6019675012388],[141.1835642508496,38.60198916962618]],[[141.18581012432992,38.60113918007613],[141.187269,38.600574],[141.18798945374522,38.600314375275076],[141.18581012432992,38.60113918007613]],[[141.1892787988793,38.59982640037357],[141.18869983689584,38.60004551852075],[141.189235,38.599841],[141.1892787988793,38.59982640037357]],[[141.1898285127403,38.59961835168273],[141.190687,38.599293],[141.191103,38.599136],[141.1898285127403,38.59961835168273]],[[141.19122995614478,38.59899676908983],[141.192251,38.597831],[141.193275,38.596754],[141.19122995614478,38.59899676908983]],[[141.193275,38.596754],[141.193976,38.596548],[141.194047225058,38.596621005684455],[141.193275,38.596754]],[[141.19427783256884,38.59658128994648],[141.195818,38.595786],[141.196515,38.596196],[141.19427783256884,38.59658128994648]],[[141.196515,38.596196],[141.197689,38.595581],[141.1978446039923,38.59551592923959],[141.196515,38.596196]],[[141.198044499736,38.59541368582636],[141.199924,38.594361],[141.20054434327994,38.594135056618185],[141.198044499736,38.59541368582636]],[[141.20085799485278,38.593732288369786],[141.200505,38.590557],[141.20066483098103,38.58957749298173],[141.20085799485278,38.593732288369786]],[[141.200651,38.58928],[141.198479,38.588835],[141.196324,38.588359],[141.200651,38.58928]],[[141.196324,38.588359],[141.195761,38.588158],[141.19558492399779,38.58180367530236],[141.196324,38.588359]],[[141.19431256508287,38.58166991200451],[141.193823,38.581717],[141.19361562164195,38.58173370820894],[141.19431256508287,38.58166991200451]],[[141.192662,38.581821],[141.194534,38.580477],[141.19548509854852,38.579860514896865],[141.192662,38.581821]],[[141.199394,38.577146],[141.199887,38.575923],[141.20123,38.576404],[141.199394,38.577146]],[[141.20123,38.576404],[141.202159,38.574626],[141.20239809448395,38.57424615358932],[141.20123,38.576404]],[[141.20277091726655,38.57355742993359],[141.202777,38.573545],[141.20278088537555,38.57353901562848],[141.20277091726655,38.57355742993359]],[[141.208729,38.569865],[141.2094527800539,38.56973826832884],[141.2085820621832,38.57036359394542],[141.208729,38.569865]],[[141.209777,38.569427],[141.21029,38.569137],[141.20957468966228,38.56965071620249],[141.209777,38.569427]],[[141.216886,38.56918],[141.219196,38.567581],[141.220273,38.567007],[141.216886,38.56918]],[[141.22566142580897,38.56090013150512],[141.225574,38.559856],[141.226415412233,38.55976035669338],[141.22566142580897,38.56090013150512]],[[141.229114,38.556983],[141.22837,38.556575],[141.22893303114066,38.55467122945345],[141.229114,38.556983]],[[141.228817,38.553189],[141.22891,38.552188],[141.22936001829171,38.550259878956616],[141.228817,38.553189]],[[141.229398,38.550055],[141.230186,38.548223],[141.231007,38.547282],[141.229398,38.550055]],[[141.231007,38.547282],[141.230151,38.544911],[141.229246,38.541585],[141.231007,38.547282]],[[141.229246,38.541585],[141.229036,38.539978],[141.22897605837736,38.538777978178125],[141.229246,38.541585]],[[141.401432,38.609411],[141.4018467247874,38.60943503858992],[141.401612,38.609475],[141.401432,38.609411]],[[141.401432,38.609411],[141.40117,38.610136],[141.39969877858664,38.610456797130986],[141.401432,38.609411]],[[141.40444237728406,38.60958548975135],[141.403879,38.609632],[141.40358720667328,38.609535921709494],[141.40444237728406,38.60958548975135]],[[141.409289,38.611042],[141.407832,38.610525],[141.406694,38.609716],[141.409289,38.611042]],[[141.40996408265212,38.61008792509931],[141.409698,38.61083],[141.409289,38.611042],[141.40996408265212,38.61008792509931]],[[141.41185120330923,38.60859141146981],[141.411212,38.609302],[141.41036350392537,38.60967153618802],[141.41185120330923,38.60859141146981]],[[141.415886,38.605662],[141.415313,38.606092],[141.41524880477283,38.606124627277175],[141.415886,38.605662]],[[141.41007912773168,38.603574870688846],[141.411876,38.604143],[141.41204487085815,38.60428140596427],[141.41007912773168,38.603574870688846]],[[141.40781783391253,38.60237668549152],[141.408766,38.603],[141.408872,38.603141],[141.40781783391253,38.60237668549152]],[[141.40642718376947,38.60017785259159],[141.406965,38.601039],[141.40699031056488,38.601614703695475],[141.40642718376947,38.60017785259159]],[[141.4081407953494,38.59731499029744],[141.407743,38.597597],[141.40724501987265,38.597727097530395],[141.4081407953494,38.59731499029744]],[[141.4100503083399,38.59734234620564],[141.40942,38.597366],[141.40896399438202,38.59706625468165],[141.4100503083399,38.59734234620564]],[[141.411712,38.5978],[141.4114183315971,38.59769003540102],[141.411851,38.5978],[141.411712,38.5978]],[[141.414839,38.596602],[141.414037,38.597094],[141.41321138228295,38.59725457229754],[141.414839,38.596602]],[[141.419979,38.594067],[141.418604,38.594102],[141.417395174312,38.593969666901906],[141.419979,38.594067]],[[141.42515230619765,38.59325481151041],[141.422958,38.593707],[141.4222533680688,38.59370993326241],[141.42515230619765,38.59325481151041]],[[141.42823876439024,38.59447891675339],[141.426625,38.593742],[141.42639785047575,38.59335597539976],[141.42823876439024,38.59447891675339]],[[141.42990042918507,38.595492517714995],[141.429383,38.595415],[141.4291791070149,38.59505251751304],[141.42990042918507,38.595492517714995]],[[141.432101,38.596728],[141.431716,38.5966],[141.43226349079129,38.59670699778888],[141.432101,38.596728]],[[141.4356398922453,38.597366858184124],[141.434318,38.597155],[141.43380173827555,38.59700762216864],[141.4356398922453,38.597366858184124]],[[141.43824769108994,38.599722768063735],[141.437224,38.599422],[141.437142,38.599306],[141.43824769108994,38.599722768063735]],[[141.43984646531615,38.600325393918894],[141.438828,38.600423],[141.43852875854927,38.599828710801155],[141.43984646531615,38.600325393918894]],[[141.44237312971046,38.60127776934899],[141.441627,38.601149],[141.44122882636356,38.600846447169985],[141.44237312971046,38.60127776934899]],[[141.44618982357613,38.603152886505065],[141.443706,38.602821],[141.443878,38.601845],[141.44618982357613,38.603152886505065]],[[141.4462755171056,38.60320136659322],[141.4466631242156,38.60342065067427],[141.446587,38.60339],[141.4462755171056,38.60320136659322]],[[141.44714089636102,38.606051378663736],[141.447275,38.605168],[141.44797,38.60416],[141.44714089636102,38.606051378663736]],[[141.44624397097274,38.608097474546796],[141.446121,38.608378],[141.446202,38.608141],[141.44624397097274,38.608097474546796]],[[141.447413,38.609476],[141.446161,38.608764],[141.446121,38.608378],[141.447413,38.609476]],[[141.44802140272668,38.60949970581333],[141.447724,38.609515],[141.447413,38.609476],[141.44802140272668,38.60949970581333]],[[141.45130651452408,38.609627706960595],[141.449902,38.609916],[141.44921493418218,38.60954621059156],[141.45130651452408,38.609627706960595]],[[141.45436779236042,38.61034646882142],[141.4532,38.610494],[141.453012,38.610462],[141.45436779236042,38.61034646882142]],[[141.45994564040512,38.61380490261526],[141.459527,38.613496],[141.458741,38.612362],[141.45994564040512,38.61380490261526]],[[141.461761,38.61505],[141.46091,38.61496],[141.4619505615985,38.61504059427183],[141.461761,38.61505]],[[141.463234,38.61514],[141.462588,38.615107],[141.46222120400125,38.615061556247944],[141.463234,38.61514]],[[141.4654254091028,38.61597990128351],[141.46411,38.615791],[141.463234,38.61514],[141.4654254091028,38.61597990128351]],[[141.46693517718768,38.61655855004],[141.466082,38.616247],[141.46606635758042,38.61622555758216],[141.46693517718768,38.61655855004]],[[141.46988,38.619265],[141.46974704677663,38.61909102584427],[141.470085,38.619412],[141.46988,38.619265]],[[141.473801,38.620719],[141.47332646088273,38.62054409927613],[141.47395282380492,38.620762860210306],[141.473801,38.620719]],[[141.4739922834395,38.620776641719736],[141.474251,38.620867],[141.474095,38.620828],[141.4739922834395,38.620776641719736]],[[141.4751326462076,38.62072804237594],[141.474791,38.620828],[141.474251,38.620867],[141.4751326462076,38.62072804237594]],[[141.47820167184506,38.62024432849267],[141.477074,38.620629],[141.47628673207169,38.62054614511574],[141.47820167184506,38.62024432849267]],[[141.480995,38.619814],[141.48037999250627,38.619901],[141.48108509233904,38.61978986812347],[141.480995,38.619814]],[[141.4852542389899,38.6187735218219],[141.484522,38.619647],[141.481871,38.619666],[141.4852542389899,38.6187735218219]],[[141.48735798039013,38.61983998552182],[141.486601,38.619548],[141.485677,38.618662],[141.48735798039013,38.61983998552182]],[[141.488271,38.620521],[141.48808842319863,38.62035186005527],[141.488394,38.620566],[141.488271,38.620521]],[[141.490031,38.620585],[141.488901,38.620636],[141.488394,38.620566],[141.490031,38.620585]],[[141.49158583402348,38.62165967139215],[141.490751,38.621317],[141.49066635924456,38.621024148097845],[141.49158583402348,38.62165967139215]],[[141.493444,38.622944],[141.492281,38.622334],[141.49208547573872,38.622005014142296],[141.493444,38.622944]],[[141.49392217839898,38.62228080093946],[141.493927,38.622636],[141.493444,38.622944],[141.49392217839898,38.62228080093946]],[[141.494974,38.620822],[141.494712,38.621384],[141.49441968715922,38.621590792057624],[141.494974,38.620822]],[[141.497096,38.619674],[141.49677626189012,38.61980294526445],[141.497213,38.619556],[141.497096,38.619674]],[[141.49797203614006,38.6181545117022],[141.497654,38.618793],[141.49752476225964,38.61898036053365],[141.49797203614006,38.6181545117022]],[[141.499974,38.617148],[141.498437,38.617296],[141.500345,38.617082],[141.499974,38.617148]],[[141.50277232405375,38.616001606812624],[141.502317,38.616279],[141.5017293123443,38.61646584756512],[141.50277232405375,38.616001606812624]],[[141.5051865205319,38.615295742667186],[141.50447,38.615492],[141.503924,38.615489],[141.5051865205319,38.615295742667186]],[[141.5067694824234,38.61505343453407],[141.50642,38.615191],[141.50553313392138,38.615242685645555],[141.5067694824234,38.61505343453407]],[[141.508958,38.616773],[141.5087868605461,38.61615110589674],[141.509014,38.61694],[141.508958,38.616773]],[[141.50916233057055,38.61708979599803],[141.509132,38.617072],[141.509014,38.61694],[141.50916233057055,38.61708979599803]],[[141.51325409899394,38.62122198892672],[141.512187,38.620288],[141.51204329967578,38.619999227552455],[141.51325409899394,38.62122198892672]],[[141.51500583934137,38.6240266971563],[141.514145,38.623398],[141.514075,38.622051],[141.51500583934137,38.6240266971563]],[[141.51538047525057,38.62482185811218],[141.51539875904174,38.62486066527539],[141.515382,38.624835],[141.51538047525057,38.62482185811218]],[[141.51737527046703,38.62698054364674],[141.516277,38.626466],[141.516067,38.626279],[141.51737527046703,38.62698054364674]],[[141.518102,38.627437],[141.51781815955604,38.627218037371804],[141.51834871556744,38.62750254138562],[141.518102,38.627437]],[[141.51938111900577,38.62869443585503],[141.518982,38.628383],[141.51887051008794,38.62796804746762],[141.51938111900577,38.62869443585503]],[[141.522988,38.632441],[141.522401,38.632123],[141.521122,38.631171],[141.522988,38.632441]],[[141.5247342784452,38.63208730857694],[141.523932,38.63248],[141.522988,38.632441],[141.5247342784452,38.63208730857694]],[[141.52587173745368,38.63185692750771],[141.52598,38.631835],[141.525876,38.631857],[141.52587173745368,38.63185692750771]],[[141.526904,38.62991],[141.524219,38.609179],[141.500719,38.602877],[141.504498,38.594711],[141.464207,38.581392],[141.456606,38.562807],[141.456481,38.542821],[141.469736,38.550378],[141.46010039999996,38.56239459999998],[141.481592,38.557515],[141.494495,38.532632],[141.511084,38.5342112],[141.515051,38.54482],[141.521265,38.539476],[141.534898,38.545357],[141.530948,38.532547],[141.546209,38.524405],[141.53383,38.508911],[141.54212,38.501736],[141.535748,38.489737],[141.516878,38.492267],[141.51221019999997,38.51349849999998],[141.494438,38.5087],[141.470128,38.5213],[141.46423260000003,38.51356120000003],[141.475097,38.517805],[141.496481,38.499205],[141.490961,38.489123],[141.4988749,38.4783599],[141.5494907,38.4709059],[141.5915048,38.4704691],[141.6768205,38.5035068],[141.9744262,38.5875678],[141.8901404,38.5917105],[141.6035518,38.6408679],[141.526904,38.62991]],[[141.120092,38.445876],[141.11977189571127,38.44570894275454],[141.12025128767274,38.44595684931584],[141.120092,38.445876]],[[141.12076477419367,38.44622238709683],[141.120686,38.446183],[141.12056811034387,38.44612068689605],[141.12076477419367,38.44622238709683]],[[141.1212767987026,38.44648716883184],[141.121186,38.446441],[141.121156490272,38.4464249540854],[141.1212767987026,38.44648716883184]],[[141.12868289212295,38.44892448837367],[141.128877739984,38.44868389542343],[141.12883,38.448747],[141.12868289212295,38.44892448837367]],[[141.1294372875162,38.44799298103081],[141.129392,38.448054],[141.12933420069206,38.44812026989618],[141.1294372875162,38.44799298103081]],[[141.130628,38.446539],[141.13027483055484,38.44695880518954],[141.130712,38.446419],[141.130628,38.446539]],[[141.13044025960602,38.446282427510475],[141.130565,38.44634],[141.130712,38.446419],[141.13044025960602,38.446282427510475]],[[141.128706,38.445407],[141.12966553393701,38.44589306245594],[141.12861932195915,38.445367252611106],[141.128706,38.445407]],[[141.127446,38.444777],[141.12825038132294,38.44518182879377],[141.12743802774648,38.444773552539026],[141.127446,38.444777]],[[141.12455447823638,38.442740138224615],[141.124736,38.442844],[141.12503296701703,38.44356480647634],[141.12455447823638,38.442740138224615]],[[141.12396,38.441459],[141.124491,38.442044],[141.1243705431642,38.44234374650259],[141.12396,38.441459]],[[141.1283258058219,38.43849476639623],[141.126903,38.439799],[141.12583714888234,38.44018447978007],[141.1283258058219,38.43849476639623]],[[141.130517,38.442106],[141.130871,38.44103],[141.13117114770543,38.440687734461214],[141.130517,38.442106]],[[141.1322357969989,38.44213064715872],[141.131091,38.442807],[141.130517,38.442106],[141.1322357969989,38.44213064715872]],[[141.1342614,38.442216],[141.13409693576475,38.44215733546606],[141.13451237084024,38.44216329271072],[141.1342614,38.442216]],[[141.13806104710875,38.443451682817546],[141.1356244,38.4426382],[141.13546542339503,38.44217695926796],[141.13806104710875,38.443451682817546]],[[141.1388433,38.4443114],[141.1390389691351,38.4439943509773],[141.13981370482173,38.444595198799824],[141.1388433,38.4443114]],[[141.1478496,38.450532],[141.1438336644018,38.44745593301969],[141.14940953277667,38.44933524675815],[141.1478496,38.450532]],[[141.16209849200868,38.45208577587852],[141.1603493,38.45276],[141.1586211444832,38.45158965506772],[141.16209849200868,38.45208577587852]],[[141.1660973618446,38.4529461800698],[141.1657473,38.452887],[141.16575502520527,38.45287252228863],[141.1660973618446,38.4529461800698]],[[141.16630049034765,38.452989885572244],[141.16725486065351,38.45319522964317],[141.1667135,38.4533001],[141.16630049034765,38.452989885572244]],[[141.1718444,38.4553649],[141.1725395733994,38.454965205870835],[141.1725569,38.4551311],[141.1718444,38.4553649]],[[141.17509604519412,38.455984089318825],[141.1755896338151,38.45521684199046],[141.175659,38.455217],[141.17509604519412,38.455984089318825]],[[141.171524,38.459558],[141.17108636867314,38.45957444017199],[141.1720571727348,38.45919160035561],[141.171524,38.459558]],[[141.16608583034196,38.46057727622311],[141.1656125,38.4611008],[141.1657416,38.4607494],[141.16608583034196,38.46057727622311]],[[141.50430928853729,38.396211279190865],[141.503431,38.395739],[141.503249,38.395434],[141.50430928853729,38.396211279190865]],[[141.50246556088632,38.39347641641765],[141.500569,38.391867],[141.50011422563887,38.391190562559714],[141.50246556088632,38.39347641641765]],[[141.49835909413014,38.38948430900239],[141.49939062124926,38.39048710953769],[141.498824,38.389986],[141.49835909413014,38.38948430900239]],[[141.49636870833717,38.39003597394057],[141.494451,38.391329],[141.49339992581832,38.39197078992697],[141.49636870833717,38.39003597394057]],[[141.492436,38.392599],[141.49335406220848,38.392000680174874],[141.493223,38.392144],[141.492436,38.392599]],[[141.49077147114883,38.392871861122174],[141.49149828855778,38.39275271616793],[141.491315,38.392833],[141.49077147114883,38.392871861122174]],[[141.488056,38.393317],[141.4893295328854,38.393108233650295],[141.488746,38.393269],[141.488056,38.393317]],[[141.48684954747026,38.392707540627924],[141.485953,38.392509],[141.4855023429369,38.39202697806228],[141.48684954747026,38.392707540627924]],[[141.484572,38.391557],[141.48244,38.391705],[141.48221,38.391638],[141.484572,38.391557]],[[141.481949,38.391486],[141.4818493957646,38.39138466351705],[141.48221,38.391638],[141.481949,38.391486]],[[141.47661467768438,38.38668296394712],[141.476533,38.3866],[141.476415197165,38.38642716093527],[141.47661467768438,38.38668296394712]],[[141.47514,38.384802],[141.475073,38.384706],[141.47515615532612,38.38481263388554],[141.47514,38.384802]],[[141.4729921649408,38.385050611686395],[141.472841,38.385101],[141.472386,38.385151],[141.4729921649408,38.385050611686395]],[[141.4713927319182,38.38509051515823],[141.471362,38.385103],[141.47116094415972,38.38507640049357],[141.4713927319182,38.38509051515823]],[[141.466855,38.385151],[141.4661591413278,38.38523329471544],[141.46717526608953,38.384959955895965],[141.466855,38.385151]],[[141.45850324848152,38.38994522626456],[141.45856235424992,38.38902701936859],[141.458537,38.389748],[141.45850324848152,38.38994522626456]],[[141.458434,38.391021],[141.456356,38.392578],[141.455356,38.392122],[141.458434,38.391021]],[[141.45468321975048,38.39224260358702],[141.453394,38.392692],[141.4526443035326,38.39260810273729],[141.45468321975048,38.39224260358702]],[[141.45093148912102,38.39349600170938],[141.451582,38.394586],[141.45156050792087,38.39494807025494],[141.45093148912102,38.39349600170938]],[[141.451915,38.39935],[141.451909,38.39954],[141.45190773992573,38.399271954201545],[141.451915,38.39935]],[[141.451909,38.39954],[141.451679,38.400001],[141.4514716873897,38.40016332968543],[141.451909,38.39954]],[[141.4514,38.403303],[141.45080788965336,38.402567930614424],[141.451194,38.402912],[141.4514,38.403303]],[[141.4514,38.403303],[141.451267,38.406021],[141.450909,38.407509],[141.4514,38.403303]],[[141.44954,38.409505],[141.448631,38.410206],[141.44949610115557,38.40918177795584],[141.44954,38.409505]],[[141.448347,38.41023],[141.4481194071511,38.41023050408161],[141.448631,38.410206],[141.448347,38.41023]],[[141.44688423314227,38.410289665981125],[141.444651,38.410974],[141.443161,38.410468],[141.44688423314227,38.410289665981125]],[[141.440289,38.412268],[141.439114,38.412924],[141.43830457233523,38.412928841074546],[141.440289,38.412268]],[[141.43822697163648,38.412954683149856],[141.436582,38.413713],[141.436121,38.413656],[141.43822697163648,38.412954683149856]],[[141.43252600929242,38.41505144042205],[141.432427,38.415171],[141.432318,38.415243],[141.43252600929242,38.41505144042205]],[[141.432318,38.415243],[141.430767,38.414997],[141.4303584573069,38.41449178762647],[141.432318,38.415243]],[[141.428562,38.414599],[141.427659,38.414861],[141.42899893509824,38.41423720917434],[141.428562,38.414599]],[[141.427659,38.414861],[141.426163,38.413884],[141.4256632769221,38.41249674614947],[141.427659,38.414861]],[[141.422571,38.411709],[141.422153,38.41142],[141.4231860393463,38.411619160144326],[141.422571,38.411709]],[[141.41948969847815,38.41052943723449],[141.419336,38.410645],[141.418815,38.410893],[141.41948969847815,38.41052943723449]],[[141.418815,38.410893],[141.418415,38.410926],[141.41834876104815,38.41091867550052],[141.418815,38.410893]],[[141.41606252376616,38.41104457722169],[141.415756,38.411077],[141.41547376164382,38.411077],[141.41606252376616,38.41104457722169]],[[141.412187,38.411258],[141.412581,38.412436],[141.412496,38.412846],[141.412187,38.411258]],[[141.410479,38.415669],[141.40929,38.416791],[141.41085029984814,38.41487104276328],[141.410479,38.415669]],[[141.40929,38.416791],[141.405723,38.417796],[141.40069905492538,38.41920403421415],[141.40929,38.416791]],[[141.400253,38.436622],[141.401043,38.437399],[141.40105,38.438305],[141.400253,38.436622]],[[141.404272,38.440725],[141.40401184492148,38.44052960108939],[141.404219,38.440624],[141.404272,38.440725]],[[141.404325,38.441303],[141.40428982060968,38.44146871344396],[141.404272,38.440725],[141.404325,38.441303]],[[141.404317,38.442603],[141.405584,38.444409],[141.405591,38.444695466588485],[141.404317,38.442603]],[[141.406023,38.445405],[141.406076,38.445542],[141.4060497448632,38.44587183398903],[141.406023,38.445405]],[[141.40612634253657,38.44720885325787],[141.40609254597578,38.4466189312539],[141.406266,38.446907],[141.40612634253657,38.44720885325787]],[[141.405902,38.448934],[141.40544579714845,38.44921530121351],[141.40619,38.44832],[141.405902,38.448934]],[[141.405333,38.449351],[141.406122,38.450334],[141.40602652886938,38.45165428869372],[141.405333,38.449351]],[[141.40619604211298,38.45221726156286],[141.406205,38.452236],[141.40628833651087,38.4525237818139],[141.40619604211298,38.45221726156286]],[[141.40659431150783,38.45353995977306],[141.406713,38.453738],[141.406697,38.453881],[141.40659431150783,38.45353995977306]],[[141.406697,38.453881],[141.405894,38.454692],[141.4053711558304,38.45492394712061],[141.406697,38.453881]],[[141.40549885370874,38.45735359080015],[141.40578,38.457476],[141.405918369544,38.457681277132295],[141.40549885370874,38.45735359080015]],[[141.407448,38.458889],[141.40745961337444,38.458985778120315],[141.407357,38.458805],[141.407448,38.458889]],[[141.408767,38.461273],[141.408805,38.461356],[141.40874926388287,38.46125780743455],[141.408767,38.461273]],[[141.409389,38.464385],[141.40981181377123,38.46527584608579],[141.40902720196655,38.46365239799568],[141.409389,38.464385]],[[141.410488,38.466328],[141.410836,38.467395],[141.41018069217716,38.46603909606501],[141.410488,38.466328]],[[141.412178,38.467878],[141.412557,38.468021],[141.41214055811906,38.46786952259299],[141.412178,38.467878]],[[141.412557,38.468021],[141.413103,38.468826],[141.41238436193285,38.46909379325967],[141.412557,38.468021]],[[141.412132,38.470662],[141.414217,38.471544],[141.415157,38.472987],[141.412132,38.470662]],[[141.414869,38.474227],[141.41449,38.475008],[141.41483421371328,38.47396503760939],[141.414869,38.474227]],[[141.41469133294564,38.47545916977849],[141.415081,38.476217],[141.415453,38.477166],[141.41469133294564,38.47545916977849]],[[141.415453,38.477166],[141.415453,38.478656],[141.4149935583351,38.479650752248276],[141.415453,38.477166]],[[141.415309,38.480915],[141.41531169732906,38.48092395513247],[141.41528135018416,38.48087160795321],[141.415309,38.480915]],[[141.417242,38.484581],[141.41684,38.485332],[141.417197,38.484176],[141.417242,38.484581]],[[141.422811,38.485932],[141.424146,38.485037],[141.425237,38.484632],[141.422811,38.485932]],[[141.425237,38.484632],[141.425556,38.483672],[141.4295353939816,38.483764203733024],[141.425237,38.484632]],[[141.432045,38.482844],[141.433001,38.481956],[141.431909,38.483285],[141.432045,38.482844]],[[141.433001,38.481956],[141.434259,38.481694],[141.4348709154417,38.48176883830884],[141.433001,38.481956]],[[141.435836,38.481342],[141.4374937150892,38.48049484217499],[141.43550632748605,38.48156977373691],[141.435836,38.481342]],[[141.44225,38.479781],[141.44232320727684,38.47981211718703],[141.44207268920297,38.47972980985358],[141.44225,38.479781]],[[141.44979511151845,38.482267],[141.449975,38.482291],[141.450066,38.482356],[141.44979511151845,38.482267]],[[141.450066,38.482356],[141.450233,38.483256],[141.4500787073788,38.483751049195504],[141.450066,38.482356]],[[141.45187,38.485304],[141.452234,38.485483],[141.450089,38.484881],[141.45187,38.485304]],[[141.452302,38.485602],[141.45232730562512,38.48567416274411],[141.452234,38.485483],[141.452302,38.485602]],[[141.453136,38.487331],[141.454395,38.488058],[141.4546883392077,38.488722217647535],[141.453136,38.487331]],[[141.456442,38.490287],[141.45645482626142,38.49030535614657],[141.4563972002457,38.490253711293676],[141.456442,38.490287]],[[141.46012706662214,38.4916646688445],[141.4598726139535,38.491889636019465],[141.460089,38.491688],[141.46012706662214,38.4916646688445]],[[141.46110183679116,38.49080285319787],[141.461339,38.490556],[141.461536,38.490419],[141.46110183679116,38.49080285319787]],[[141.461658,38.490401],[141.46176818991654,38.490398355442004],[141.461536,38.490419],[141.461658,38.490401]],[[141.462181,38.490353],[141.46236885084528,38.49034494924949],[141.4620477640183,38.490373497843336],[141.462181,38.490353]],[[141.462886,38.490294],[141.4629418784677,38.490294],[141.46265679163093,38.49031934774905],[141.462886,38.490294]],[[141.464243,38.490091],[141.46473093924425,38.490134930349086],[141.46401749159546,38.49019836467727],[141.464243,38.490091]],[[141.466889,38.489769],[141.4681046371358,38.489834966841464],[141.4663276018456,38.489992967277765],[141.466889,38.489769]],[[141.46990432562262,38.486767768261124],[141.469846,38.486354],[141.469876,38.486205],[141.46990432562262,38.486767768261124]],[[141.469876,38.486205],[141.470634,38.484679],[141.472454,38.483689],[141.469876,38.486205]],[[141.4725348715995,38.482928168504856],[141.47253,38.482837],[141.472606,38.482259],[141.4725348715995,38.482928168504856]],[[141.472606,38.482259],[141.474296,38.482044],[141.47514142170303,38.4820862115869],[141.472606,38.482259]],[[141.47761016076834,38.481917967580415],[141.477943,38.481859],[141.47854879310353,38.481854],[141.47761016076834,38.481917967580415]],[[141.480816,38.480936],[141.482939,38.480512],[141.483841,38.480721],[141.480816,38.480936]],[[141.486714,38.479773],[141.487753,38.479791],[141.4880663485163,38.48003722987246],[141.486714,38.479773]],[[141.491203,38.48003],[141.492044,38.479833],[141.49078094763888,38.480267673324946],[141.491203,38.48003]],[[141.49609216646098,38.48006950436967],[141.49522264963744,38.48001870494473],[141.495569,38.479971],[141.49609216646098,38.48006950436967]],[[141.22884168304876,38.538352860079726],[141.226966,38.535304],[141.2265,38.534093],[141.22884168304876,38.538352860079726]],[[141.22322,38.534387],[141.22027,38.535374],[141.219302,38.535488],[141.22322,38.534387]],[[141.219302,38.535488],[141.219086,38.535456],[141.21865658419512,38.53520288122576],[141.219302,38.535488]],[[141.2184671505318,38.53511919704345],[141.217138,38.535315],[141.216529,38.534263],[141.2184671505318,38.53511919704345]],[[141.216529,38.534263],[141.214581,38.534939],[141.21427011479244,38.53498485099762],[141.216529,38.534263]],[[141.2119873704769,38.5357143264291],[141.209326,38.536678],[141.2082740775446,38.536900949015596],[141.2119873704769,38.5357143264291]],[[141.206492,38.538168],[141.206175,38.538509],[141.20672920918295,38.53788294001546],[141.206492,38.538168]],[[141.206175,38.538509],[141.205443,38.53883],[141.20400018294671,38.53891748039857],[141.206175,38.538509]],[[141.20117,38.540493],[141.197929,38.541525],[141.196488,38.541453],[141.20117,38.540493]],[[141.196488,38.541453],[141.196129,38.541277],[141.19606391591108,38.54124197482765],[141.196488,38.541453]],[[141.19445128962218,38.54043952845095],[141.193715,38.540074],[141.1936822209481,38.540056838192726],[141.19445128962218,38.54043952845095]],[[141.1935001836461,38.539966256032166],[141.192443,38.539442],[141.192109,38.539274],[141.1935001836461,38.539966256032166]],[[141.19035236398892,38.53803185318561],[141.187951,38.536597],[141.186629,38.535399],[141.19035236398892,38.53803185318561]],[[141.186629,38.535399],[141.185895,38.534347],[141.185570419244,38.533682601374565],[141.186629,38.535399]],[[141.1814914230716,38.53184595860721],[141.179506,38.531884],[141.17875,38.531701],[141.1814914230716,38.53184595860721]],[[141.17875,38.531701],[141.178101,38.531274],[141.177825,38.530948],[141.17875,38.531701]],[[141.177825,38.530948],[141.177583,38.530264],[141.17752268971606,38.52927172079691],[141.177825,38.530948]],[[141.17643,38.520514],[141.176583,38.520005],[141.1765695277937,38.52082614201711],[141.17643,38.520514]],[[141.17697369092198,38.51914304539911],[141.176788,38.518653],[141.177257,38.518518],[141.17697369092198,38.51914304539911]],[[141.17701142096843,38.518169986345505],[141.1768234,38.5179885],[141.17685085327867,38.51794244351275],[141.17701142096843,38.518169986345505]],[[141.176661,38.517711],[141.17621442245724,38.517040548043106],[141.17671224190988,38.51774601530508],[141.176661,38.517711]],[[141.17577004227041,38.51641081035005],[141.175212,38.515635],[141.17516989228753,38.515560328989906],[141.17577004227041,38.51641081035005]],[[141.172502,38.51393],[141.172144,38.513073],[141.172448,38.512514],[141.172502,38.51393]],[[141.171527,38.512176],[141.17124620814698,38.51180477929762],[141.171893933922,38.512187025630844],[141.171527,38.512176]],[[141.170096,38.511126],[141.169397,38.510105],[141.169898,38.509243],[141.170096,38.511126]],[[141.165346,38.504338],[141.16533989642755,38.50432410911096],[141.16537866232576,38.50439540651194],[141.165346,38.504338]],[[141.16497147177017,38.50364651045506],[141.164928,38.503594],[141.16484222164326,38.50340879641904],[141.16497147177017,38.50364651045506]],[[141.1639,38.501699],[141.163806,38.501503],[141.16407426371092,38.501996384810994],[141.1639,38.501699]],[[141.163806,38.501503],[141.163643,38.500302],[141.163893,38.499106],[141.163806,38.501503]],[[141.164267,38.498533],[141.1642801630361,38.49851800026119],[141.1641341582204,38.49873974352044],[141.164267,38.498533]],[[141.164684,38.497785],[141.165067,38.497323],[141.16447313187265,38.49822493089528],[141.164684,38.497785]],[[141.16686729294457,38.49587783192687],[141.167327,38.495222],[141.16857,38.494511],[141.16686729294457,38.49587783192687]],[[141.170223,38.490121],[141.170134,38.489021],[141.170337,38.48789],[141.170223,38.490121]],[[141.1660064,38.4847123],[141.168258,38.48127],[141.16809581631375,38.484961441728174],[141.1660064,38.4847123]],[[141.165504,38.472924],[141.16522013599536,38.46937370983482],[141.166494,38.4702],[141.165504,38.472924]],[[141.1639166,38.4674088],[141.16512652436347,38.46690495889515],[141.16462893190274,38.46848254707435],[141.1639166,38.4674088]],[[141.165132,38.466622],[141.16564491976305,38.46526141619891],[141.16517657765107,38.46674626783552],[141.165132,38.466622]],[[141.1659796,38.463766],[141.16628425522737,38.46323444000733],[141.1660263549301,38.46405209801557],[141.1659796,38.463766]],[[141.41490438630004,38.74077695148252],[141.414021,38.739648],[141.414773,38.740383],[141.41490438630004,38.74077695148252]],[[141.414375,38.738924],[141.414297,38.739305],[141.414021,38.739648],[141.414375,38.738924]],[[141.41338699705304,38.73775270062025],[141.413908,38.738084],[141.414375,38.738924],[141.41338699705304,38.73775270062025]],[[141.416083,38.741033],[141.418735,38.741338],[141.415111,38.741041],[141.416083,38.741033]],[[141.422307,38.740195],[141.4223207829657,38.74020285519945],[141.421908,38.740075],[141.422307,38.740195]],[[141.42333718367178,38.7405176746707],[141.42503,38.740917],[141.42544,38.741169],[141.42333718367178,38.7405176746707]],[[141.431091,38.740412],[141.433667,38.741439],[141.435095,38.742545],[141.431091,38.740412]],[[141.43522339576904,38.74319419788453],[141.435556,38.744671],[141.435593,38.745063],[141.43522339576904,38.74319419788453]],[[141.436779,38.745039],[141.437002,38.745049],[141.43672664087808,38.74505173600263],[141.436779,38.745039]],[[141.437132,38.745141],[141.43714037859576,38.745156058827526],[141.437002,38.745049],[141.437132,38.745141]],[[141.438856,38.746334],[141.43933632718563,38.746854989793356],[141.43855190128014,38.74624810606785],[141.438856,38.746334]],[[141.440321,38.747417],[141.44054587567086,38.74779077644414],[141.43985075421972,38.74725298454692],[141.440321,38.747417]],[[141.44340101419246,38.74762401167275],[141.44273104167783,38.74801466191416],[141.44288,38.747855],[141.44340101419246,38.74762401167275]],[[141.444982,38.746502],[141.446663,38.745722],[141.44388211091058,38.74734349188279],[141.444982,38.746502]],[[141.449945,38.745059],[141.451064,38.745262],[141.44904271434552,38.74547326821201],[141.449945,38.745059]],[[141.451064,38.745262],[141.451954,38.744144],[141.4525125228262,38.74377905589571],[141.451064,38.745262]],[[141.453116,38.74296],[141.454136,38.742117],[141.45305519504277,38.74322348814795],[141.453116,38.74296]],[[141.45755881254843,38.74294478791635],[141.457269,38.742531],[141.45743,38.742589],[141.45755881254843,38.74294478791635]],[[141.458709,38.744587],[141.463197,38.744917],[141.46366,38.745072],[141.458709,38.744587]],[[141.46366,38.745072],[141.463994,38.745682],[141.46389398426675,38.74628385399804],[141.46366,38.745072]],[[141.466027,38.747936],[141.46416974460573,38.7466738135036],[141.464507,38.746808],[141.466027,38.747936]],[[141.466027,38.747936],[141.466806,38.749431],[141.467127,38.750644],[141.466027,38.747936]],[[141.46743947418412,38.75080277829777],[141.47015,38.752142],[141.470447,38.752331],[141.46743947418412,38.75080277829777]],[[141.4719993921961,38.752692966372194],[141.474094,38.752864],[141.47511100149006,38.75341849045733],[141.4719993921961,38.752692966372194]],[[141.47668655810764,38.75302340856666],[141.479049,38.751959],[141.480228,38.751662],[141.47668655810764,38.75302340856666]],[[141.4812579949862,38.74954878031255],[141.481308,38.749396],[141.481389,38.74928],[141.4812579949862,38.74954878031255]],[[141.481389,38.74928],[141.481747,38.749031],[141.48176555135936,38.74901917605669],[141.481389,38.74928]],[[141.485754,38.746177],[141.486556,38.745701],[141.4854899145198,38.74643944008779],[141.485754,38.746177]],[[141.486556,38.745701],[141.488458,38.745328],[141.4906532948865,38.746045032511056],[141.486556,38.745701]],[[141.492749,38.746221],[141.49544,38.745788],[141.49617744036698,38.74592191743119],[141.492749,38.746221]],[[141.497568,38.745144],[141.49896,38.744607],[141.496486,38.745895],[141.497568,38.745144]],[[141.49896,38.744607],[141.500048,38.742097],[141.501204,38.742521],[141.49896,38.744607]],[[141.501204,38.742521],[141.502247,38.743248],[141.502437,38.74370231091702],[141.501204,38.742521]],[[141.503221,38.744411],[141.5033025955179,38.744531619461284],[141.50301131707081,38.7442525518137],[141.503221,38.744411]],[[141.505564,38.745317],[141.5056678462144,38.74536009082608],[141.50519145361653,38.74521872089271],[141.505564,38.745317]],[[141.508196,38.745186],[141.50734544790316,38.745340525769144],[141.508051,38.745162],[141.508196,38.745186]],[[141.50987977077403,38.74591103440719],[141.510242,38.746032],[141.51045083118225,38.746156933938735],[141.50987977077403,38.74591103440719]],[[141.51217814900838,38.746900719776704],[141.51160552257568,38.746654145912494],[141.511832,38.746682],[141.51217814900838,38.746900719776704]],[[141.51461244083606,38.74649516817472],[141.514852,38.746396],[141.515066,38.74639],[141.51461244083606,38.74649516817472]],[[141.515066,38.74639],[141.516717,38.746921],[141.517234,38.748357],[141.515066,38.74639]],[[141.51941,38.748446],[141.51992592274095,38.7485686291463],[141.51851872000003,38.748458],[141.51941,38.748446]],[[141.522004,38.748732],[141.523647,38.747541],[141.523974,38.747433],[141.522004,38.748732]],[[141.5272309953425,38.74743872486155],[141.526599,38.747165],[141.527017,38.747249],[141.5272309953425,38.74743872486155]],[[141.412177,38.736161],[141.41272930869883,38.73697299650728],[141.411847,38.735927],[141.412177,38.736161]],[[141.41116162619858,38.73592756586344],[141.411419,38.7358],[141.411847,38.735927],[141.41116162619858,38.73592756586344]],[[141.40276954586145,38.73482832392586],[141.404027,38.735241],[141.405791,38.735932],[141.40276954586145,38.73482832392586]],[[141.4020865068116,38.73457882357853],[141.40191272413017,38.73451534428055],[141.401997,38.734512],[141.4020865068116,38.73457882357853]],[[141.398821,38.733386],[141.3969204599454,38.73297568174385],[141.398581,38.733325],[141.398821,38.733386]],[[141.39531643331605,38.73242229193074],[141.395779,38.73254],[141.396292,38.73284],[141.39531643331605,38.73242229193074]],[[141.3939671201288,38.731844556942896],[141.394399,38.731963],[141.39464173261655,38.73213340555202],[141.3939671201288,38.731844556942896]],[[141.392875,38.729939],[141.39215888072286,38.73075240561649],[141.393426,38.728286],[141.392875,38.729939]],[[141.39340401188818,38.727912509624915],[141.393419,38.727991],[141.393426,38.728286],[141.39340401188818,38.727912509624915]],[[141.39335502053387,38.727080341795755],[141.3934,38.727257],[141.39337404151644,38.72740343247142],[141.39335502053387,38.727080341795755]],[[141.391941,38.725567],[141.3927562788668,38.72576659788466],[141.391034,38.725471],[141.391941,38.725567]],[[141.389361,38.723797],[141.390852,38.724744],[141.39093159184773,38.72536853063545],[141.389361,38.723797]],[[141.38755141197237,38.723712037400865],[141.388343,38.723659],[141.389361,38.723797],[141.38755141197237,38.723712037400865]],[[141.3836743345601,38.722272671841715],[141.383525,38.722074],[141.383616,38.722179],[141.3836743345601,38.722272671841715]],[[141.3814787798655,38.721748160645454],[141.382267,38.721749],[141.383525,38.722074],[141.3814787798655,38.721748160645454]],[[141.377884,38.722389],[141.380114,38.721563],[141.380316,38.721563],[141.377884,38.722389]],[[141.377852,38.720161],[141.377891,38.720428],[141.377858168393,38.72059047436284],[141.377852,38.720161]],[[141.374221,38.718822],[141.376672,38.719409],[141.377852,38.720161],[141.374221,38.718822]],[[141.36877080202302,38.71829616005859],[141.368695,38.718617],[141.36866519733735,38.71869355193738],[141.36877080202302,38.71829616005859]],[[141.3691809979863,38.716752587029625],[141.369162,38.716967],[141.36909569117398,38.717073597732934],[141.3691809979863,38.716752587029625]],[[141.3692946040347,38.715964122612036],[141.36936,38.716042],[141.36936,38.716079],[141.3692946040347,38.715964122612036]],[[141.37001288378104,38.712980952026115],[141.370349,38.713815],[141.368645,38.714823],[141.37001288378104,38.712980952026115]],[[141.371685,38.710848],[141.37099892323425,38.71165311116553],[141.371726,38.710674],[141.371685,38.710848]],[[141.37176085160468,38.70949159555882],[141.371767,38.709283],[141.371773,38.709462],[141.37176085160468,38.70949159555882]],[[141.369809,38.703585],[141.370403,38.705014],[141.3698979993595,38.70641867603482],[141.369809,38.703585]],[[141.371068,38.702029],[141.3706272029214,38.70246057616273],[141.371161,38.701727],[141.371068,38.702029]],[[141.3705052254556,38.6998619474441],[141.370895,38.700504],[141.371161,38.701727],[141.3705052254556,38.6998619474441]],[[141.370462,38.699344],[141.3704639918125,38.699744677092404],[141.37021195000696,38.699027858762705],[141.370462,38.699344]],[[141.371272,38.693167],[141.37121546907343,38.69359198083495],[141.370986,38.692654],[141.371272,38.693167]],[[141.3707589014791,38.69246297613067],[141.370868,38.692534],[141.370986,38.692654],[141.3707589014791,38.69246297613067]],[[141.369478,38.691159],[141.36996979757726,38.691799221562704],[141.36906679232226,38.69103965889739],[141.369478,38.691159]],[[141.371172,38.689374],[141.36907,38.689856],[141.3678930294206,38.68984363199362],[141.371172,38.689374]],[[141.37188560791716,38.68844071278286],[141.371839,38.688647],[141.371172,38.689374],[141.37188560791716,38.68844071278286]],[[141.37383,38.689209],[141.3734850207475,38.68876021069052],[141.374271,38.689198],[141.37383,38.689209]],[[141.374456435842,38.687696358705814],[141.375162,38.688559],[141.374271,38.689198],[141.374456435842,38.687696358705814]],[[141.3747,38.685724],[141.37465112915825,38.6856016548391],[141.374672,38.685628],[141.3747,38.685724]],[[141.37412680726538,38.68428904707429],[141.37391896124856,38.68376871729357],[141.374176,38.683951],[141.37412680726538,38.68428904707429]],[[141.37335854234152,38.68236574286326],[141.373246,38.682084],[141.373327,38.682239],[141.37335854234152,38.68236574286326]],[[141.374758,38.677082],[141.37357839366976,38.676683520439184],[141.3752046789184,38.67662766619455],[141.374758,38.677082]],[[141.3775012707344,38.676548790486095],[141.37833853043665,38.67652003507048],[141.378026,38.676622],[141.3775012707344,38.676548790486095]],[[141.37982,38.677194],[141.378951,38.676499],[141.380595,38.677013],[141.37982,38.677194]],[[141.383198,38.676089],[141.38298962009512,38.676083342595355],[141.383619,38.675839],[141.383198,38.676089]],[[141.382084,38.670139],[141.384333,38.671223],[141.385651,38.671968],[141.382084,38.670139]],[[141.38160046095805,38.66969421348894],[141.381894,38.669772],[141.382084,38.670139],[141.38160046095805,38.66969421348894]],[[141.379576,38.667832],[141.380017,38.66807],[141.38006605137858,38.668282776926],[141.379576,38.667832]],[[141.377227,38.663374],[141.377153,38.663733],[141.37700864609772,38.663912108044094],[141.377227,38.663374]],[[141.37696673690365,38.66252604144059],[141.37668742006778,38.66161600423176],[141.376989,38.66198],[141.37696673690365,38.66252604144059]],[[141.37622231372978,38.660100649554664],[141.37587057689794,38.65895466204659],[141.376122,38.659428],[141.37622231372978,38.660100649554664]],[[141.375762,38.654096],[141.376089,38.656179],[141.375402,38.657428],[141.375762,38.654096]],[[141.3770314363879,38.65233209943847],[141.376376,38.653666],[141.3759497063238,38.6538351792979],[141.3770314363879,38.65233209943847]],[[141.37772554815783,38.65136762090896],[141.377506,38.651762],[141.3770867737768,38.65225520732141],[141.37772554815783,38.65136762090896]],[[141.3784942913809,38.6508730225003],[141.379265,38.650844],[141.378987,38.65096],[141.3784942913809,38.6508730225003]],[[141.37983386167744,38.64941237287499],[141.379822,38.650071],[141.379265,38.650844],[141.37983386167744,38.64941237287499]],[[141.386092,38.645923],[141.383521,38.647682],[141.380436,38.647897],[141.386092,38.645923]],[[141.388514,38.640899],[141.38799418354748,38.642659799596444],[141.388547,38.640611],[141.388514,38.640899]],[[141.389881,38.639281],[141.38929138727246,38.63975566843267],[141.390372,38.638514],[141.389881,38.639281]],[[141.39020608575655,38.638049958600305],[141.390332,38.638136],[141.390372,38.638514],[141.39020608575655,38.638049958600305]],[[141.39116939056808,38.634094215717255],[141.390627,38.635082],[141.389604,38.636366],[141.39116939056808,38.634094215717255]],[[141.39118535257887,38.63407105073469],[141.391871,38.633076],[141.391478,38.633705],[141.39118535257887,38.63407105073469]],[[141.392034,38.63225938613869],[141.391986,38.632729],[141.391871,38.633076],[141.392034,38.63225938613869]],[[141.393459,38.631282],[141.3926978414097,38.631297207048455],[141.394032,38.630633],[141.393459,38.631282]],[[141.39393011206897,38.629614120689695],[141.39404,38.629937],[141.394032,38.630633],[141.39393011206897,38.629614120689695]],[[141.397101,38.62629],[141.3963680013353,38.62662524351557],[141.397347,38.625629],[141.397101,38.62629]],[[141.398763,38.625519],[141.3979083501906,38.62551059236059],[141.3992887627257,38.62521941691889],[141.398763,38.625519]],[[141.401783,38.6249],[141.40036545162795,38.624992307008824],[141.40342,38.624348],[141.401783,38.6249]],[[141.40328170126057,38.6234933336894],[141.403477,38.624213],[141.40342,38.624348],[141.40328170126057,38.6234933336894]],[[141.403142,38.62263],[141.403248,38.622951],[141.40325287069123,38.62331516491917],[141.403142,38.62263]],[[141.402381,38.620871],[141.40254735127496,38.62143759971743],[141.40204373740497,38.620427744157986],[141.402381,38.620871]],[[141.40165119678642,38.61964061467334],[141.40161485822583,38.61956774794028],[141.401619,38.619571],[141.40165119678642,38.61964061467334]],[[141.40013,38.614903],[141.399884,38.616097],[141.40004048229696,38.61414305375204],[141.40013,38.614903]]],[[[141.482357,38.277231],[141.489688,38.259477],[141.501783,38.246171],[141.478407,38.250691],[141.472231,38.263391],[141.456399,38.268284],[141.459877,38.283052],[141.482357,38.277231]]],[[[141.588642,38.298187],[141.579737,38.286962],[141.586052,38.277072],[141.575981,38.268838],[141.552273,38.287401],[141.547829,38.302725],[141.568722,38.313839],[141.588642,38.298187]]],[[[141.425979,38.293623],[141.406951,38.286099],[141.415988,38.312468],[141.421548,38.309649],[141.425979,38.293623]]],[[[141.129992,38.347374],[141.12799,38.326729],[141.116062,38.333652],[141.129992,38.347374]]],[[[141.158732,38.343578],[141.161348,38.351345],[141.169394,38.349183],[141.163865,38.347048],[141.169547,38.344264],[141.166361,38.332712],[141.176591,38.321014],[141.164569,38.327705],[141.15357,38.32312],[141.148742,38.334161],[141.139477,38.324549],[141.13158,38.339026],[141.148002,38.338588],[141.140718,38.355005],[141.158117,38.353271],[141.158732,38.343578]]],[[[141.631738,38.870423],[141.622255,38.852264],[141.635895,38.848666],[141.637727,38.840628],[141.624354,38.832504],[141.604612,38.860466],[141.612871,38.864222],[141.601717,38.873379],[141.624166,38.885621],[141.631738,38.870423]]]]}}]}