{"type": "FeatureCollection", "features": [{"type": "Feature", "properties": {"slug": "stockholm", "members": 26, "country": "Sweden", "input_hash": "f1c1edeb19705aac"}, "geometry": {"type": "MultiPolygon", "coordinates": [[[[17.8644803, 58.736935], [17.8568622, 58.774033], [17.8615557, 58.7748994], [17.8706815, 58.746022], [17.8644803, 58.736935]]], [[[17.8354264, 58.7807673], [17.842279, 58.7746393], [17.8369695, 58.7770513], [17.8354264, 58.7807673]]], [[[18.0365939, 58.7833509], [18.037449, 58.7793405], [18.0328006, 58.7819279], [18.0365939, 58.7833509]]], [[[17.8340265, 58.7829342], [17.8332247, 58.7846144], [17.8376016, 58.7856521], [17.8340265, 58.7829342]]], [[[17.8579283, 58.7844015], [17.8566622, 58.7815871], [17.8558981, 58.7884449], [17.8579283, 58.7844015]]], [[[17.8411437, 58.7891925], [17.8502656, 58.7843734], [17.8407065, 58.7870441], [17.8411437, 58.7891925]]], [[[17.9489858, 58.7903678], [17.952715, 58.7872118], [17.9485576, 58.7868666], [17.9489858, 58.7903678]]], [[[17.8954208, 58.7939474], [17.8997099, 58.7907254], [17.8957204, 58.7909389], [17.8954208, 58.7939474]]], [[[17.8452183, 58.7959672], [17.8450948, 58.7918737], [17.8414663, 58.7972002], [17.8452183, 58.7959672]]], [[[17.8287331, 58.7978957], [17.8361919, 58.7968006], [17.8345143, 58.7894389], [17.8287331, 58.7978957]]], [[[17.9255011, 58.8013074], [17.9280508, 58.8033036], [17.9272067, 58.7991814], [17.9255011, 58.8013074]]], [[[17.7783941, 58.8055678], [17.7809817, 58.8024546], [17.7712845, 58.8096831], [17.7783941, 58.8055678]]], [[[17.7697127, 58.8110554], [17.7587307, 58.8155186], [17.7603378, 58.8156983], [17.7697127, 58.8110554]]], [[[17.7676555, 58.8142269], [17.761746, 58.8159593], [17.7531636, 58.8255707], [17.7676555, 58.8142269]]], [[[17.8850113, 58.8216734], [17.8825578, 58.8195149], [17.8802884, 58.8239703], [17.8850113, 58.8216734]]], [[[17.9248935, 58.8041894], [17.9195165, 58.8069716], [17.9263347, 58.8264591], [17.8906349, 58.8274449], [17.8842732, 58.8494212], [17.8999368, 58.8337364], [17.9044811, 58.8511435], [17.9370253, 58.8503007], [17.927924, 58.8393554], [17.9331865, 58.8259931], [17.9248935, 58.8041894]]], [[[17.8866036, 58.8303279], [17.8755433, 58.8406343], [17.8863127, 58.8340094], [17.8866036, 58.8303279]]], [[[17.8499443, 58.9029643], [17.8661687, 58.892861], [17.8338341, 58.880615], [17.841658, 58.8717776], [17.8294053, 58.8547742], [17.8546125, 58.8548266], [17.873841, 58.8302963], [17.8637472, 58.8225556], [17.8741325, 58.8139482], [17.8512993, 58.8078073], [17.8559038, 58.7919312], [17.8264638, 58.8042345], [17.8239023, 58.7976315], [17.7887394, 58.7999952], [17.7982544, 58.8045196], [17.7954113, 58.8115541], [17.8149377, 58.8089594], [17.8179215, 58.8331037], [17.8077513, 58.8475284], [17.8136263, 58.8539828], [17.8326605, 58.8491521], [17.8236777, 58.8556836], [17.8257468, 58.8617621], [17.8192105, 58.8595166], [17.8170053, 58.8792583], [17.8260134, 58.8869047], [17.8342669, 58.8818044], [17.8333422, 58.8932165], [17.8499443, 58.9029643]]], [[[17.9121789, 58.8535745], [17.9084346, 58.8530396], [17.9094939, 58.8553315], [17.9121789, 58.8535745]]], [[[18.0240269, 58.8501318], [18.0309337, 58.854589], [18.0396708, 58.8604707], [18.0348958, 58.8498848], [18.0240269, 58.8501318]]], [[[17.7380878, 58.8557982], [17.7324554, 58.8558706], [17.7279842, 58.8701694], [17.7354592, 58.8653577], [17.7380878, 58.8557982]]], [[[17.8436009, 58.8729351], [17.8468662, 58.8649177], [17.8422409, 58.8717957], [17.8436009, 58.8729351]]], [[[17.851114, 58.8694591], [17.8544549, 58.8751113], [17.8551903, 58.8675942], [17.851114, 58.8694591]]], [[[17.9642154, 58.8787616], [17.9673059, 58.8723618], [17.9557072, 58.8651557], [17.9642154, 58.8787616]]], [[[17.7222627, 58.8755799], [17.7332265, 58.8695506], [17.7261877, 58.8711096], [17.7222627, 58.8755799]]], [[[18.0821947, 58.8742545], [18.0786514, 58.8733432], [18.0763077, 58.8748649], [18.0821947, 58.8742545]]], [[[18.0842846, 58.878247], [18.0909819, 58.8787802], [18.0868086, 58.8762437], [18.0842846, 58.878247]]], [[[17.8617053, 58.8809243], [17.8605359, 58.8760728], [17.8581024, 58.8806205], [17.8617053, 58.8809243]]], [[[17.9825887, 58.8828777], [17.987001, 58.8852133], [17.9842275, 58.8795051], [17.9825887, 58.8828777]]], [[[17.8527282, 58.8786786], [17.8550909, 58.8861481], [17.8606872, 58.8871811], [17.8527282, 58.8786786]]], [[[17.7330369, 58.8831776], [17.7279474, 58.8806612], [17.7216992, 58.8899139], [17.7330369, 58.8831776]]], [[[17.9762143, 58.8890616], [17.9724604, 58.8880807], [17.9718091, 58.8906464], [17.9762143, 58.8890616]]], [[[17.969218, 58.8915271], [17.9650706, 58.8950525], [17.9553789, 58.8762153], [17.9592667, 58.896007], [17.9718947, 58.909317], [17.9710467, 58.9032006], [17.9812023, 58.9074789], [17.969218, 58.8915271]]], [[[17.9428792, 58.8943298], [17.9513576, 58.8974412], [17.9500539, 58.8910236], [17.9428792, 58.8943298]]], [[[17.7229471, 58.9085004], [17.7455442, 58.8924017], [17.7226553, 58.9025118], [17.7229471, 58.9085004]]], [[[17.8618491, 58.8990351], [17.8567736, 58.9039892], [17.8457703, 58.9043912], [17.8617531, 58.9075755], [17.8618491, 58.8990351]]], [[[17.9806692, 58.901105], [17.9822399, 58.9057542], [17.983522, 58.9027613], [17.9806692, 58.901105]]], [[[17.7244991, 58.9111895], [17.7207644, 58.9104023], [17.7170737, 58.9115269], [17.7244991, 58.9111895]]], [[[17.9781106, 58.9182429], [17.9722122, 58.9168714], [17.970336, 58.9200237], [17.9781106, 58.9182429]]], [[[18.0326271, 58.9327486], [18.0323321, 58.9255378], [18.0275142, 58.9319089], [18.0326271, 58.9327486]]], [[[18.0256726, 58.9297216], [18.0252428, 58.9292385], [18.0205106, 58.9300049], [18.0256726, 58.9297216]]], [[[18.0517873, 58.9387648], [18.0604073, 58.9443521], [18.0602608, 58.9429481], [18.0517873, 58.9387648]]], [[[18.0789759, 58.9486302], [18.0888879, 58.949457], [18.0800403, 58.944546], [18.0789759, 58.9486302]]], [[[18.0621524, 58.9488196], [18.0610374, 58.9482251], [18.0606372, 58.9524621], [18.0621524, 58.9488196]]], [[[18.008247, 58.9413029], [17.9883653, 58.9312047], [17.9896094, 58.9430717], [18.0242241, 58.9743481], [18.038766, 58.9756759], [18.0373288, 58.9666239], [18.0201252, 58.9582297], [18.0359755, 58.9578108], [18.0239878, 58.9461222], [18.0340851, 58.9448178], [18.0158122, 58.9298361], [18.00626, 58.9304477], [18.008247, 58.9413029]]], [[[18.0681232, 58.958055], [18.072263, 58.9574783], [18.0627771, 58.9517378], [18.0681232, 58.958055]]], [[[18.0507596, 58.9550196], [18.050781, 58.961259], [18.0567115, 58.9597284], [18.0507596, 58.9550196]]], [[[17.7270636, 58.9658849], [17.7314454, 58.9564207], [17.7257712, 58.9577365], [17.7270636, 58.9658849]]], [[[18.0959469, 58.9706862], [18.1015318, 58.9690768], [18.0954302, 58.9693956], [18.0959469, 58.9706862]]], [[[18.005, 58.969], [18.0026538, 58.9786456], [18.04625, 58.99875], [17.989, 58.944], [17.9885, 58.96325], [17.9772188, 58.9474383], [17.9609906, 58.948826], [17.9767212, 58.9694135], [17.9733586, 58.9609369], [17.989, 58.96575], [17.9905688, 58.9777172], [18.005, 58.969]]], [[[18.0515357, 58.9824787], [18.0398107, 58.9609387], [18.0473045, 58.97825], [18.0515357, 58.9824787]]], [[[18.0008718, 58.9825148], [17.9964812, 58.9777591], [17.995118, 58.9789017], [18.0008718, 58.9825148]]], [[[18.0213266, 59.0171192], [18.0087482, 59.0052995], [18.0182918, 59.0029036], [17.9938289, 58.9872372], [18.0025905, 59.0078237], [17.9921462, 59.0107623], [17.9875766, 58.9848839], [17.9696024, 58.9750793], [17.9864475, 58.9797647], [17.9623887, 58.9576422], [17.9542236, 58.9600636], [17.9566535, 58.9487812], [17.9663232, 58.9447657], [17.9632429, 58.9391047], [17.9808892, 58.9373771], [17.9558069, 58.9019995], [17.9439252, 58.8968699], [17.9422079, 58.8942715], [17.9423761, 58.8909652], [17.9448046, 58.8875103], [17.9381047, 58.8785543], [17.9286797, 58.8775001], [17.9326881, 58.8681957], [17.906674, 58.8541799], [17.9171639, 58.8751597], [17.9074899, 58.8723255], [17.9074259, 58.8798725], [17.9339622, 58.9049173], [17.9147495, 58.8985061], [17.9206786, 58.9131331], [17.9145362, 58.917088], [17.8969882, 58.8860287], [17.90331, 58.8874511], [17.896029, 58.879689], [17.8981447, 58.8643665], [17.8925679, 58.862282], [17.9005963, 58.8566366], [17.8940785, 58.8466109], [17.8776648, 58.8589406], [17.8874102, 58.8702286], [17.8737665, 58.8659954], [17.8772881, 58.8633848], [17.8788234, 58.841877], [17.8664203, 58.8518964], [17.8762601, 58.8562921], [17.8576094, 58.8613486], [17.8617517, 58.8768649], [17.8736666, 58.876799], [17.873544, 58.8835588], [17.8816594, 58.878193], [17.8808706, 58.8812368], [17.8751704, 58.8840525], [17.8701996, 58.8840489], [17.865112, 58.907914], [17.8557938, 58.9099141], [17.8624564, 58.9167168], [17.8282995, 58.8954805], [17.8301443, 58.9068969], [17.8208538, 58.8999719], [17.8180737, 58.913], [17.801627, 58.9165266], [17.7711676, 58.9621653], [17.7767329, 58.948749], [17.7708663, 58.9344576], [17.7953394, 58.9201892], [17.797265, 58.9046236], [17.8160562, 58.8962945], [17.8030455, 58.8862681], [17.8067577, 58.8793666], [17.7978943, 58.8656015], [17.7763991, 58.8741399], [17.771606, 58.9164369], [17.7628434, 58.9158479], [17.7636856, 58.8990072], [17.7577525, 58.8980762], [17.7416538, 58.9297497], [17.7327704, 58.9291479], [17.7388562, 58.9507507], [17.7525489, 58.9645866], [17.7485953, 58.9711076], [17.7387947, 58.9594088], [17.7461815, 58.9716164], [17.7419713, 58.9829601], [17.7522161, 58.9885265], [17.7537251, 58.9816231], [17.7622532, 58.9825989], [17.7464558, 59.02645], [17.7442058, 59.06055], [17.7533376, 59.0576325], [17.7685356, 59.067155], [17.7494499, 59.0721826], [17.7554023, 59.0795511], [17.7419419, 59.0829978], [17.77881940755555, 59.0942128538452], [17.7884844, 59.0898439], [17.7766915, 59.0951768], [17.7606835, 59.0973676], [17.7398265, 59.0830113], [17.7456447, 59.0633388], [17.7143905, 59.0445008], [17.7294008, 59.0147023], [17.7173519, 58.9603764], [17.7253341, 58.9425937], [17.7110952, 58.9176432], [17.717419, 58.9056156], [17.7086391, 58.8843255], [17.7271231, 58.8428697], [17.7178548, 58.8152952], [17.6696263, 58.826237], [17.6521307, 58.8599829], [17.660711, 58.8665243], [17.6513286, 58.8752608], [17.6546433, 58.8933939], [17.6319741, 58.9032087], [17.6362355, 58.9083371], [17.6253176, 58.9349857], [17.5592524, 58.9518067], [17.5429296, 58.9677427], [17.5544829, 58.9826736], [17.5119035, 58.9812651], [17.4432892, 58.9950195], [17.4392358, 58.9812504], [17.3751702, 58.9823621], [17.3433435, 59.0251369], [17.3468628, 59.0290866], [17.3337286, 59.0318389], [17.3192131, 59.0490996], [17.3259482, 59.0701849], [17.312078, 59.0792637], [17.3224565, 59.1289811], [17.3167684, 59.1448985], [17.321597469541775, 59.14266449379206], [17.2971528, 59.1643413], [17.2572038, 59.1802014], [17.2689549, 59.1826075], [17.2625705, 59.1966602], [17.2480891, 59.1992971], [17.2444239, 59.2041515], [17.2515114, 59.2080906], [17.2436709, 59.2145817], [17.2615662, 59.2226004], [17.2748158, 59.2455539], [17.3089311, 59.2521265], [17.3038894, 59.2566107], [17.3103677, 59.2663341], [17.3477905, 59.2790607], [17.3440643, 59.3112782], [17.3505847, 59.3199286], [17.335047, 59.3517418], [17.4256116, 59.3513458], [17.4378982, 59.3394848], [17.4109165, 59.3662208], [17.4150954, 59.3834653], [17.4330051, 59.3958279], [17.426208, 59.4278673], [17.4357149, 59.4417406], [17.4531087, 59.4465311], [17.5043497, 59.4405392], [17.5024272, 59.4592638], [17.4648176, 59.5073974], [17.5163929, 59.5179641], [17.5452216, 59.5442681], [17.5685638, 59.5403995], [17.5810772, 59.5497447], [17.5784464, 59.5592789], [17.5279615, 59.5890893], [17.5135644, 59.6115511], [17.5161422, 59.6236012], [17.5396137, 59.6352579], [17.574833, 59.638695], [17.5904532, 59.6497562], [17.6033654, 59.6408715], [17.5927432, 59.6492693], [17.5735763, 59.6581409], [17.6267752, 59.6748531], [17.6295363, 59.6942118], [17.7222969, 59.6840509], [17.7283624, 59.6635199], [17.7526893, 59.6605077], [17.7783447, 59.6906281], [17.8160121, 59.6779782], [17.8329322, 59.6806821], [17.8325696, 59.6898908], [17.8506455, 59.6977701], [17.9041193, 59.7120361], [17.9465597, 59.7110618], [17.9839268, 59.7292199], [17.9990306, 59.7286423], [18.000924, 59.7369446], [18.0203465, 59.7453274], [18.0434949, 59.7339064], [18.0508862, 59.7436105], [18.0871081, 59.7337147], [18.0909541, 59.7500717], [18.1088797, 59.7591071], [18.1043593, 59.7669893], [18.1306875, 59.8190795], [18.2574236, 59.8351116], [18.2734129, 59.8505857], [18.3647391, 59.8645135], [18.3631356, 59.8727279], [18.4045796, 59.8948764], [18.3937782, 59.9192311], [18.3780434, 59.9309667], [18.3838909, 59.9456754], [18.3902837, 59.9536151], [18.4233741, 59.9563258], [18.4272173, 59.9818564], [18.4733583, 60.0042977], [18.3884478, 60.0412313], [18.4447909, 60.0586092], [18.450814, 60.0772037], [18.49198, 60.1038824], [18.4934166, 60.1382521], [18.517978, 60.1458298], [18.5144502, 60.1539086], [18.526209, 60.1580474], [18.54693, 60.13688], [18.56888, 60.12807], [18.5450979, 60.1260201], [18.5686941, 60.1175377], [18.5892194, 60.0542782], [18.5835417, 60.115752], [18.5955803, 60.1151605], [18.5832178, 60.1196612], [18.5883041, 60.119736], [18.5821253, 60.1261393], [18.5876065, 60.1247771], [18.5771601, 60.1351384], [18.587374, 60.1417972], [18.6333346, 60.1446489], [18.634102, 60.138629], [18.6739434, 60.1363006], [18.6865936, 60.1266955], [18.6729614, 60.1235469], [18.6827284, 60.1204803], [18.6813166, 60.1144118], [18.7073753, 60.114499], [18.6878932, 60.12102], [18.7038859, 60.1256664], [18.7445877, 60.1194816], [18.76124, 60.10637], [18.75849, 60.08278], [18.77288, 60.0278056], [18.7811172, 60.0231179], [18.796542, 59.9898405], [18.8122208, 59.9744555], [18.77091, 60.04689], [18.76586, 60.10261], [18.7689637, 60.1102709], [18.8052428, 60.1015457], [18.7888006, 60.1115212], [18.8000495, 60.1223964], [18.8382053, 60.1106674], [18.8299656, 60.1008579], [18.8104379, 60.0988133], [18.8334122, 60.0799297], [18.8248934, 60.0767046], [18.8441786, 60.0462317], [18.8402826, 60.0353678], [18.8786302, 60.000907], [18.8787289, 59.9804946], [18.9042674, 59.9786722], [18.9035516, 59.9545264], [18.9259746, 59.9372347], [18.8978543, 59.9297008], [18.9223446, 59.9240281], [18.9365252, 59.9279119], [18.9232032, 59.9318586], [18.9335531, 59.9354376], [18.9457751, 59.9256557], [18.9406791, 59.9113748], [18.967195, 59.918136], [18.9792427, 59.9057465], [19.032117, 59.9031791], [19.0114165, 59.8920857], [19.0322819, 59.8819005], [19.0261819, 59.8761729], [19.0352909, 59.8755946], [19.0345799, 59.8670602], [19.0448014, 59.8814605], [19.0318359, 59.8889748], [19.0416463, 59.8924397], [19.0434807, 59.8991021], [19.0505634, 59.8877558], [19.0643844, 59.8905156], [19.0461997, 59.8836909], [19.0636074, 59.8779861], [19.0583325, 59.8861153], [19.0676896, 59.8867574], [19.08331, 59.87593], [19.0710681, 59.8692486], [19.0842439, 59.8617315], [19.0699816, 59.8472104], [19.0819882, 59.8428397], [19.0725868, 59.830013], [19.07711, 59.82464], [19.064453, 59.8124091], [19.052134, 59.8237504], [19.049283, 59.8148764], [19.0480004, 59.8282372], [19.0433135, 59.8217028], [19.0330043, 59.8307633], [19.0469754, 59.8389596], [19.0323265, 59.836369], [19.0309288, 59.8484587], [19.0284799, 59.8360954], [19.016477, 59.8311208], [18.9960855, 59.8437611], [18.9997854, 59.8483046], [18.988793, 59.8558121], [18.9938163, 59.8653561], [18.9788631, 59.8626287], [18.9766073, 59.8763181], [18.9354649, 59.891445], [18.93597, 59.90749], [18.9235919, 59.9079128], [18.930469, 59.9153422], [18.8985443, 59.9253478], [18.89067, 59.92265], [18.87544, 59.92957], [18.882236, 59.9356536], [18.8690177, 59.9348793], [18.8856064, 59.9198769], [18.8863376, 59.9088702], [18.8965456, 59.9138063], [18.9161498, 59.8988936], [18.8970144, 59.897297], [18.893209, 59.8889267], [18.9199732, 59.8946251], [18.9039502, 59.88206], [18.9171689, 59.8797426], [18.9165587, 59.8700275], [18.9220978, 59.8745795], [18.916372, 59.8845404], [18.92406, 59.89015], [18.9445964, 59.8780829], [18.9359683, 59.8653822], [18.9473406, 59.8640131], [18.9387156, 59.8432214], [18.9206682, 59.822933], [18.8684565, 59.7889327], [18.86718, 59.78006], [18.8234994, 59.7789668], [18.7552327, 59.7626827], [18.7349182, 59.7658155], [18.7143369, 59.7577504], [18.7297874, 59.7529868], [18.7117966, 59.747786], [18.7676439, 59.754649], [18.8182091, 59.7707637], [18.8479881, 59.7661966], [18.8759111, 59.7744323], [18.8854925, 59.7614051], [18.8836361, 59.7490662], [18.8614392, 59.7460774], [18.8719489, 59.7520081], [18.861977, 59.7520398], [18.8390425, 59.7411675], [18.8751847, 59.7472888], [18.889511, 59.7351824], [18.9035056, 59.7403477], [18.8864869, 59.7386752], [18.8931477, 59.749193], [18.8812749, 59.7746819], [18.9531536, 59.776173], [19.0736942, 59.7639195], [19.0848932, 59.7574688], [19.0737356, 59.7424954], [19.0824034, 59.7355487], [19.0675, 59.72725], [19.0699898, 59.7171771], [19.0520794, 59.7105768], [19.038408, 59.7144472], [19.0461164, 59.7113824], [19.0250759, 59.703679], [18.9688748, 59.7036311], [18.9648149, 59.7168266], [18.9554293, 59.7064825], [18.9550581, 59.7148288], [18.9442922, 59.7112514], [18.9266715, 59.722281], [18.9255178, 59.7130836], [18.9144235, 59.7095526], [18.8880742, 59.7184565], [18.9055142, 59.7086995], [18.9020679, 59.7020488], [18.8579402, 59.7033944], [18.8348021, 59.6939738], [18.8397751, 59.6908794], [18.832254, 59.6933333], [18.7654049, 59.6858542], [18.7431742, 59.6770036], [18.754772, 59.6684502], [18.7402101, 59.6531492], [18.716477, 59.6653348], [18.7109818, 59.6583415], [18.7198802, 59.6546632], [18.7090362, 59.6508113], [18.7138348, 59.6473765], [18.6995769, 59.6459421], [18.6802515, 59.6367498], [18.7274191, 59.6353625], [18.7205203, 59.6409956], [18.7463997, 59.6427058], [18.7354116, 59.6299256], [18.7487941, 59.6173392], [18.7357088, 59.6138596], [18.7288692, 59.6266498], [18.7143714, 59.6306583], [18.7022841, 59.6251402], [18.7153295, 59.6219687], [18.6974796, 59.6048868], [18.688484, 59.6093715], [18.7035875, 59.6169623], [18.69375, 59.619], [18.6831515, 59.6093536], [18.6600502, 59.6267117], [18.6703418, 59.6333661], [18.6371943, 59.6366474], [18.6873853, 59.6024641], [18.66448403651202, 59.57755955393152], [18.7260038, 59.582319], [18.7341174, 59.5765703], [18.7319405, 59.5515748], [18.7373516, 59.5495895], [18.7845281, 59.5501761], [18.8378174, 59.5572679], [18.8522767, 59.5468857], [18.966905, 59.5391355], [19.0020116, 59.5157347], [18.9132329, 59.4653261], [18.8872571, 59.4587849], [18.8736038, 59.4596458], [18.8676286, 59.4735654], [18.7672848, 59.4507559], [18.7317488, 59.4643477], [18.6873322, 59.4705898], [18.635882, 59.4543443], [18.6382377, 59.444979], [18.6219784, 59.4266604], [18.6225172, 59.4052871], [18.5927826, 59.400365], [18.5650187, 59.4204734], [18.5328073, 59.4200647], [18.4929569, 59.4671137], [18.3746062, 59.4399729], [18.4481756, 59.3940211], [18.4388609, 59.3863845], [18.450405, 59.368874], [18.4405784, 59.352127], [18.4067786, 59.3620024], [18.3365643, 59.3667054], [18.3383954, 59.3616345], [18.3505865, 59.3550137], [18.3402418, 59.362819], [18.3833879, 59.3491576], [18.3701648, 59.3588363], [18.4054085, 59.349908], [18.3851782, 59.3607508], [18.4098943, 59.3570967], [18.4257331, 59.3482092], [18.4108581, 59.3498362], [18.4528978, 59.3346075], [18.4287152, 59.3267766], [18.4421753, 59.3188765], [18.4414322, 59.3244337], [18.4509751, 59.324504], [18.4604601, 59.314261], [18.4808979, 59.3248764], [18.4734343, 59.3312483], [18.4831239, 59.3349633], [18.4521657, 59.3617942], [18.4556784, 59.3733052], [18.478663, 59.367664], [18.4562627, 59.3775394], [18.450675, 59.3912563], [18.497788, 59.3794891], [18.4800824, 59.3850565], [18.4786971, 59.3934833], [18.4759227, 59.386221], [18.440494, 59.3996054], [18.4356895, 59.4032196], [18.4434572, 59.4068891], [18.4170631, 59.4240985], [18.4435673, 59.4218428], [18.4498362, 59.4139763], [18.4827059, 59.4206995], [18.524653, 59.4032414], [18.5109283, 59.3887184], [18.5353059, 59.3958441], [18.5376008, 59.3885388], [18.5284395, 59.381868], [18.588512, 59.3717614], [18.5548711, 59.3610619], [18.5944408, 59.3615345], [18.6007628, 59.3698606], [18.6181666, 59.3703701], [18.6490872, 59.3514776], [18.5197141, 59.3615918], [18.5268192, 59.3525208], [18.5057141, 59.3566976], [18.4937823, 59.3504629], [18.5351034, 59.3530093], [18.5302576, 59.3575578], [18.5391663, 59.3573507], [18.5720112, 59.3509436], [18.5639221, 59.3499765], [18.5661762, 59.3408943], [18.5836472, 59.3498295], [18.6045832, 59.3480967], [18.6250482, 59.339845], [18.6228892, 59.3271336], [18.6314303, 59.3448312], [18.6498854, 59.3335882], [18.6480508, 59.3061481], [18.6555335, 59.3149457], [18.6670321, 59.3137357], [18.6603246, 59.3007149], [18.6459479, 59.2948645], [18.6298201, 59.2928591], [18.6330858, 59.3009512], [18.6239539, 59.2923554], [18.5788911, 59.2866572], [18.5131037, 59.2869694], [18.4929058, 59.2952378], [18.504214, 59.287744], [18.4490309, 59.3031909], [18.4650866, 59.3094465], [18.4472913, 59.3128432], [18.4130302, 59.2978135], [18.4301841, 59.2899972], [18.3643953, 59.290697], [18.3445743, 59.2956965], [18.343724, 59.3067166], [18.3508211, 59.3082158], [18.3436301, 59.3105486], [18.3543147, 59.3120903], [18.3433668, 59.3157467], [18.3848736, 59.3261119], [18.32564519676212, 59.32356799194476], [18.3192366, 59.3196366], [18.3255859, 59.3125541], [18.3205601, 59.2859151], [18.3255865, 59.2790073], [18.388902, 59.2635359], [18.4182363, 59.2413977], [18.4683878, 59.2195307], [18.4372334, 59.2137985], [18.4234097, 59.2027575], [18.425905, 59.1850413], [18.4095425, 59.1794195], [18.4058632, 59.1691507], [18.3924325, 59.1652837], [18.4048135, 59.16629], [18.3879, 59.1574792], [18.4057459, 59.1650563], [18.4288676, 59.159916], [18.4152769, 59.137605], [18.4379883, 59.1554373], [18.4304878, 59.1635571], [18.4689654, 59.1710939], [18.4468503, 59.1600183], [18.4640667, 59.1594505], [18.3989725, 59.129027], [18.4044346, 59.1367003], [18.3927654, 59.1397366], [18.3585956, 59.1209087], [18.3443588, 59.1184602], [18.3441357, 59.1293045], [18.3009388, 59.1207361], [18.2748034, 59.1075293], [18.2876889, 59.1071272], [18.2870988, 59.099767], [18.2688276, 59.0976346], [18.2738899, 59.0928604], [18.3250896, 59.1091212], [18.3237512, 59.0928965], [18.3501231, 59.0963335], [18.3432759, 59.0931064], [18.2857791, 59.0870316], [18.2215845, 59.0688597], [18.2551346, 59.0727601], [18.236051, 59.0656503], [18.1928567, 59.0645141], [18.2063428, 59.0705143], [18.1985, 59.0759952], [18.2411942, 59.0848822], [18.2172728, 59.0856867], [18.2473355, 59.1037184], [18.232255, 59.109222], [18.2526101, 59.1152235], [18.2408163, 59.1189731], [18.1993475, 59.103634], [18.2279978, 59.1013863], [18.1966091, 59.0874682], [18.104043, 59.0669751], [18.1036849, 59.0530448], [18.1139535, 59.0542012], [18.1091581, 59.0501245], [18.0247771, 59.0468327], [18.0433729, 59.0352954], [18.0391457, 59.0176833], [18.0249015, 59.0193479], [18.0223611, 59.0299398], [18.0146786, 59.0246865], [18.0099253, 59.0423851], [17.9914781, 59.0324569], [18.00271, 59.0338851], [18.0213266, 59.0171192]], [[18.1672284, 59.502971], [18.1468478408277, 59.49640687990276], [18.1717435, 59.5032231], [18.1672284, 59.502971]], [[18.1415967, 59.4922568], [18.144340775876156, 59.494943645188776], [18.1431595, 59.4942542], [18.1415967, 59.4922568]], [[18.141146878909208, 59.48070352296109], [18.1470573, 59.4856422], [18.140956, 59.4813421], [18.141146878909208, 59.48070352296109]], [[18.1217758, 59.4121839], [18.1193972, 59.3939309], [18.121594, 59.4056246], [18.1217758, 59.4121839]], [[17.9346368, 59.1155911], [17.939695, 59.1166895], [17.931046219605637, 59.11623688708876], [17.9346368, 59.1155911]], [[17.979115975690387, 59.56407671459479], [17.975655, 59.5637859], [17.9790737, 59.5640643], [17.979115975690387, 59.56407671459479]], [[17.9768012, 59.5578421], [17.9759957, 59.5620597], [17.975655, 59.5637859], [17.9768012, 59.5578421]], [[17.9678767, 59.5450507], [17.98073152081939, 59.54244391372131], [17.9808566, 59.5425598], [17.9678767, 59.5450507]], [[18.0091828, 59.5079396], [18.0014646, 59.5086769], [18.0155999, 59.5069831], [18.0091828, 59.5079396]], [[18.106265435970208, 59.502335257563516], [18.1139616, 59.5015408], [18.1096897, 59.5027973], [18.106265435970208, 59.502335257563516]], [[18.1025147, 59.3654089], [18.0954841, 59.3697415], [18.10252196203055, 59.36540345071427], [18.1025147, 59.3654089]], [[18.1603166, 59.3208432], [18.1492465, 59.3186593], [18.15717, 59.319816], [18.1603166, 59.3208432]], [[18.1806998, 59.2462718], [18.2000781, 59.2474732], [18.1901394, 59.2470363], [18.1806998, 59.2462718]], [[18.1937163, 59.2297855], [18.176630727522504, 59.232998482415404], [18.1771897, 59.2324268], [18.1937163, 59.2297855]], [[17.9844987744455, 59.15660911346796], [17.9939622, 59.1554261], [17.98445836292422, 59.15700821401962], [17.9844987744455, 59.15660911346796]], [[17.982769225840528, 59.15616715258009], [17.9664206, 59.1519895], [17.9433498, 59.143594], [17.982769225840528, 59.15616715258009]], [[17.9215822, 59.1201803], [17.9118083, 59.1182402], [17.92269909520473, 59.12010930488147], [17.9215822, 59.1201803]], [[17.927842609704022, 59.11707427595849], [17.9277663, 59.1168268], [17.92846236325434, 59.116701608912976], [17.927842609704022, 59.11707427595849]], [[17.7598515, 59.429571], [17.725467, 59.4184836], [17.7321103, 59.4205536], [17.7598515, 59.429571]], [[17.8329209, 59.4768229], [17.8249106, 59.4705997], [17.8360896, 59.4770637], [17.8329209, 59.4768229]], [[17.9960613, 59.457317], [17.9918956, 59.4588945], [17.996074248735283, 59.45730117209835], [17.9960613, 59.457317]], [[17.9976155, 59.469929], [17.9963553, 59.4630051], [18.0003034, 59.4781767], [17.9976155, 59.469929]], [[17.6069633, 59.2514346], [17.6131242, 59.2501148], [17.613137578473307, 59.250219616841456], [17.6069633, 59.2514346]], [[17.63776656337103, 59.22634761030198], [17.6379347, 59.2256717], [17.6571664, 59.2196246], [17.63776656337103, 59.22634761030198]], [[17.7460194, 59.1817645], [17.75394822631249, 59.18424055717553], [17.7507219, 59.1841082], [17.7460194, 59.1817645]], [[17.7312103, 59.2662409], [17.7342126, 59.2682918], [17.7271898, 59.2643909], [17.7312103, 59.2662409]], [[17.7636543, 59.2666001], [17.738388, 59.26852], [17.7342126, 59.2682918], [17.7636543, 59.2666001]], [[17.729338873312138, 59.15552503660275], [17.7286228, 59.1554083], [17.7265065, 59.1468846], [17.729338873312138, 59.15552503660275]], [[17.32401370373083, 59.14154670450958], [17.3245833, 59.1412832], [17.3368636, 59.1412932], [17.32401370373083, 59.14154670450958]], [[17.43526653674816, 59.235158318389516], [17.4355067, 59.2351045], [17.435350297902087, 59.235208139330204], [17.43526653674816, 59.235158318389516]], [[17.435130388802158, 59.235353861364146], [17.4348931, 59.2355111], [17.434591, 59.2353097], [17.435130388802158, 59.235353861364146]], [[17.4117593, 59.242419], [17.4114787, 59.2418195], [17.4125784, 59.2423185], [17.4117593, 59.242419]], [[17.8634922, 59.2745437], [17.8679784, 59.2795736], [17.8558348, 59.2672651], [17.8634922, 59.2745437]], [[17.7606914, 59.3917673], [17.7463154, 59.4118667], [17.7622066, 59.3888127], [17.7606914, 59.3917673]], [[17.8880219, 59.4061538], [17.88842988771323, 59.40643008491177], [17.8719126, 59.4020377], [17.8880219, 59.4061538]], [[17.894537, 59.4226864], [17.892699892503373, 59.42337619863691], [17.8988995, 59.4157202], [17.894537, 59.4226864]], [[17.8911853, 59.4254168], [17.891017785202283, 59.425453460981544], [17.891331027181003, 59.42506663324069], [17.8911853, 59.4254168]], [[17.8936498, 59.4369355], [17.8891822, 59.4316337], [17.8884492, 59.4301965], [17.8936498, 59.4369355]], [[17.900664063623676, 59.440070427096934], [17.8987458, 59.4400566], [17.8936498, 59.4369355], [17.900664063623676, 59.440070427096934]], [[17.904396, 59.4376179], [17.9028384, 59.4400861], [17.901395840758642, 59.44007570184293], [17.904396, 59.4376179]], [[17.97277082514, 59.4004739466783], [17.9817524, 59.3951156], [17.974661795073434, 59.39994431527702], [17.97277082514, 59.4004739466783]], [[17.9690996, 59.4015022], [17.966857263110395, 59.400218234178965], [17.97060179323273, 59.40108145893333], [17.9690996, 59.4015022]], [[17.9548763, 59.3979348], [17.954270004897776, 59.39731649950901], [17.959809200089605, 59.39859344755125], [17.9548763, 59.3979348]], [[17.9291552, 59.378141], [17.928826608564737, 59.377364425884124], [17.9346442, 59.3805544], [17.9291552, 59.378141]], [[17.927879188085935, 59.37455633754165], [17.928373035288686, 59.376292476867704], [17.9276701, 59.3746312], [17.927879188085935, 59.37455633754165]], [[17.943863333938307, 59.368833331145105], [17.9421973, 59.3703902], [17.93407343285643, 59.37233853355195], [17.943863333938307, 59.368833331145105]], [[17.95924530035807, 59.36168418515229], [17.9590013, 59.3619256], [17.9582747619486, 59.36223347734923], [17.95924530035807, 59.36168418515229]], [[17.9657961, 59.3552028], [17.962043262232182, 59.358915871428955], [17.9814557, 59.3450362], [17.9657961, 59.3552028]], [[18.0711109, 59.3747793], [18.0587414, 59.3754968], [18.056718466203144, 59.375431221198795], [18.0711109, 59.3747793]], [[17.906461092412584, 59.2686225460909], [17.8938674, 59.2673177], [17.9063058, 59.2685137], [17.906461092412584, 59.2686225460909]], [[18.000025, 59.4036427], [18.0058688, 59.3998065], [18.006245573927462, 59.399725840586406], [18.000025, 59.4036427]], [[17.8073117, 59.5755568], [17.807310259922307, 59.57555806409414], [17.810915, 59.5341135], [17.8073117, 59.5755568]], [[18.223323474345776, 59.21412275350026], [18.2107466, 59.2118235], [18.2016437, 59.2086417], [18.223323474345776, 59.21412275350026]], [[18.283303652737644, 59.19616956817513], [18.2829896, 59.1965218], [18.2684397, 59.2001361], [18.283303652737644, 59.19616956817513]], [[18.488109790414484, 59.574904098608144], [18.4886461, 59.575026], [18.4865407, 59.5773208], [18.488109790414484, 59.574904098608144]], [[18.6426012, 59.5944757], [18.6542447, 59.5836723], [18.65546157485847, 59.58294584208955], [18.6426012, 59.5944757]]], [[[18.0711705, 59.0083123], [18.0645669, 59.0057455], [18.068, 59.0105], [18.0711705, 59.0083123]]], [[[18.0446684, 59.0048087], [18.05663, 59.0178131], [18.0616306, 59.0134565], [18.0490993, 58.9994016], [18.0446684, 59.0048087]]], [[[18.0419465, 59.0180036], [18.048992, 59.0227574], [18.0456726, 59.018352], [18.0419465, 59.0180036]]], [[[18.0651615, 59.0154736], [18.060166, 59.0282571], [18.0872126, 59.0334889], [18.0651615, 59.0154736]]], [[[18.0826036, 59.0361525], [18.077296, 59.0328759], [18.0784917, 59.0358519], [18.0826036, 59.0361525]]], [[[18.0471367, 59.033033], [18.0561858, 59.0428712], [18.0643471, 59.0405455], [18.0522584, 59.0295004], [18.0471367, 59.033033]]], [[[18.1074324, 58.8531094], [18.0912638, 58.8635979], [18.0958412, 58.8722616], [18.1077511, 58.8714439], [18.1035795, 58.8800485], [18.1352666, 58.895784], [18.1346739, 58.8886168], [18.1456815, 58.8897928], [18.1316463, 58.8651057], [18.1240631, 58.8681064], [18.1253657, 58.8610221], [18.1106506, 58.8624558], [18.1074324, 58.8531094]]], [[[18.1122595, 58.8943438], [18.1125234, 58.8930776], [18.1058161, 58.8937607], [18.1122595, 58.8943438]]], [[[18.1725493, 58.9046506], [18.1793352, 58.9029855], [18.1785404, 58.893722], [18.1677696, 58.8954605], [18.1725493, 58.9046506]]], [[[18.163073, 58.9051352], [18.158866, 58.8980069], [18.1436832, 58.8996967], [18.163073, 58.9051352]]], [[[18.1228519, 58.9044447], [18.1241042, 58.8988371], [18.11378, 58.8991936], [18.1228519, 58.9044447]]], [[[18.1843291, 58.9192019], [18.1840062, 58.9178978], [18.1774988, 58.9142664], [18.1843291, 58.9192019]]], [[[18.1823376, 58.9116848], [18.1951862, 58.9185876], [18.189318, 58.9226193], [18.2273371, 58.9371401], [18.2202811, 58.9282017], [18.2288326, 58.9099331], [18.2024902, 58.9043555], [18.2016107, 58.9111456], [18.1823376, 58.9116848]]], [[[18.2149438, 58.9415544], [18.164649, 58.9073663], [18.1423127, 58.9009947], [18.1363592, 58.903523], [18.1474757, 58.9046771], [18.1472227, 58.9160009], [18.1581822, 58.9119841], [18.1664346, 58.9183313], [18.171926, 58.942203], [18.1797384, 58.9340252], [18.2021633, 58.9460813], [18.205577, 58.9389842], [18.2149438, 58.9415544]]], [[[18.3021117, 58.9355318], [18.3025709, 58.9384022], [18.3094136, 58.9369779], [18.3021117, 58.9355318]]], [[[18.3100954, 58.9406488], [18.3210657, 58.9416396], [18.308477, 58.9386711], [18.3100954, 58.9406488]]], [[[18.1869113, 58.9410368], [18.1774656, 58.9445561], [18.1849493, 58.9500524], [18.1869113, 58.9410368]]], [[[18.3254686, 58.9311683], [18.3231259, 58.9253392], [18.2412109, 58.912277], [18.2213441, 58.9285556], [18.2337478, 58.934496], [18.2301853, 58.9392405], [18.2184735, 58.9394862], [18.2556736, 58.9614332], [18.2928228, 58.9663348], [18.2950542, 58.9574666], [18.3642387, 58.9821973], [18.3672035, 58.9770382], [18.3570135, 58.9706269], [18.3634025, 58.9673196], [18.3092811, 58.9513018], [18.3080211, 58.9452409], [18.2882835, 58.9498572], [18.2914931, 58.9388177], [18.2843218, 58.9350455], [18.3254686, 58.9311683]]], [[[18.3306347, 58.951699], [18.3376077, 58.9553666], [18.33672, 58.9510616], [18.3306347, 58.951699]]], [[[18.1224733, 58.9622199], [18.1257463, 58.9605132], [18.1203765, 58.9592276], [18.1224733, 58.9622199]]], [[[18.4394255, 58.9615453], [18.4336748, 58.9604279], [18.4384706, 58.9645435], [18.4394255, 58.9615453]]], [[[18.4113596, 58.9638225], [18.4096165, 58.9623685], [18.4048658, 58.9644218], [18.4113596, 58.9638225]]], [[[18.3010951, 58.9673687], [18.309217, 58.9654355], [18.2962006, 58.9605756], [18.3010951, 58.9673687]]], [[[18.4256064, 58.9654634], [18.4246121, 58.9675357], [18.4293615, 58.9658755], [18.4256064, 58.9654634]]], [[[18.4201325, 58.9635005], [18.4133965, 58.968356], [18.4259083, 58.9701249], [18.4201325, 58.9635005]]], [[[18.3154284, 58.9684476], [18.318562, 58.9728634], [18.325447, 58.9712624], [18.3154284, 58.9684476]]], [[[18.4167976, 58.9713417], [18.4012969, 58.9742592], [18.4046008, 58.9778181], [18.4167976, 58.9713417]]], [[[18.1636316, 58.9762326], [18.16425, 58.975], [18.1575, 58.97375], [18.1636316, 58.9762326]]], [[[18.392237, 58.9751783], [18.4021947, 58.9772415], [18.3988179, 58.9735157], [18.392237, 58.9751783]]], [[[18.1707748, 58.9784714], [18.1795796, 58.9788413], [18.1769364, 58.9766717], [18.1707748, 58.9784714]]], [[[18.1911034, 58.9904768], [18.1940555, 58.9844886], [18.1803968, 58.9789171], [18.1911034, 58.9904768]]], [[[18.3880185, 58.9832351], [18.3971229, 58.9911465], [18.3913761, 58.9823247], [18.3880185, 58.9832351]]], [[[18.1757686, 58.9816385], [18.163855, 58.9862986], [18.1789717, 58.9959077], [18.1757686, 58.9816385]]], [[[18.3239879, 58.991569], [18.3323746, 58.9933535], [18.3304812, 58.9864683], [18.3239879, 58.991569]]], [[[18.3860596, 58.9983059], [18.3940174, 58.9964924], [18.3836532, 58.9855073], [18.3757774, 58.9858001], [18.3875102, 58.991938], [18.3860596, 58.9983059]]], [[[18.1557081, 58.9949778], [18.15975, 59.00275], [18.1406813, 59.0153468], [18.1413621, 59.001367], [18.1542595, 58.9984507], [18.1452976, 58.9993715], [18.151202, 58.9904653], [18.1415064, 58.9945497], [18.1380653, 58.9873297], [18.1510169, 58.9851965], [18.1437455, 58.9779078], [18.1621685, 58.9786146], [18.1537433, 58.9715894], [18.1264216, 58.9634263], [18.1071234, 58.9704364], [18.1044646, 58.9831352], [18.0587452, 58.9604368], [18.0478525, 58.9629908], [18.0576766, 58.9754258], [18.0689056, 58.9766447], [18.055172, 58.9868669], [18.0851369, 58.9928568], [18.07175, 59.003], [18.0880585, 59.0059358], [18.0825, 59.00975], [18.0989918, 59.0249836], [18.1354155, 59.0171507], [18.133644, 59.0227597], [18.1617759, 59.03117], [18.1905467, 59.0245669], [18.232, 59.0255], [18.1849837, 59.018516], [18.1651346, 59.0096182], [18.1829935, 59.0057291], [18.1872054, 59.0151508], [18.2041159, 59.0155193], [18.1901706, 59.0070535], [18.1927505, 58.9909728], [18.1778198, 59.0052425], [18.1615899, 59.0029034], [18.1706912, 58.997796], [18.1661911, 58.9928912], [18.1557081, 58.9949778]]], [[[18.3887573, 59.003467], [18.3945162, 59.0029388], [18.3900258, 59.0006865], [18.3887573, 59.003467]]], [[[18.2652509, 59.0038686], [18.2642275, 59.0014655], [18.2578706, 59.0029149], [18.2652509, 59.0038686]]], [[[18.4365222, 59.0122971], [18.4304029, 59.0133929], [18.4421462, 59.0143749], [18.4365222, 59.0122971]]], [[[18.4338191, 59.0230209], [18.4284238, 59.0172561], [18.4321361, 59.0230614], [18.4338191, 59.0230209]]], [[[18.1246575, 59.0233702], [18.1260114, 59.0273932], [18.1285599, 59.0238977], [18.1246575, 59.0233702]]], [[[18.1918689, 59.0270916], [18.1893835, 59.0279163], [18.1985191, 59.027297], [18.1918689, 59.0270916]]], [[[18.4366143, 59.035233], [18.4333718, 59.0317376], [18.4347242, 59.0359736], [18.4366143, 59.035233]]], [[[18.1555, 59.0375], [18.197, 59.0335], [18.1758346, 59.0353034], [18.1555, 59.0375]]], [[[18.3226338, 59.0428423], [18.3138764, 59.0362935], [18.3241761, 59.051812], [18.3423036, 59.0461666], [18.3233741, 59.034792], [18.3226338, 59.0428423]]], [[[18.1993907, 59.0469942], [18.1936196, 59.0460375], [18.1910879, 59.05001], [18.1993907, 59.0469942]]], [[[18.1891251, 59.0500437], [18.1866856, 59.0436459], [18.1594106, 59.0410823], [18.1349902, 59.048425], [18.1630051, 59.05872], [18.1647254, 59.0516958], [18.1891251, 59.0500437]]], [[[18.3265416, 59.0562047], [18.3162491, 59.0507327], [18.3271425, 59.0583231], [18.3265416, 59.0562047]]], [[[18.1429348, 59.0581747], [18.1535829, 59.0606288], [18.133689, 59.0499735], [18.1429348, 59.0581747]]], [[[18.2562356, 59.0606933], [18.2499807, 59.0556309], [18.2500987, 59.0602041], [18.2562356, 59.0606933]]], [[[18.2564112, 59.0630364], [18.2572953, 59.0644793], [18.2627026, 59.0624628], [18.2564112, 59.0630364]]], [[[18.4228771, 59.0405609], [18.4291583, 59.0325888], [18.4211198, 59.0187145], [18.408733, 59.0185093], [18.4154834, 59.0148773], [18.3988019, 59.00718], [18.3949844, 59.0150721], [18.3806663, 59.0157519], [18.3959009, 59.0067312], [18.3877865, 59.0051595], [18.3560757, 59.0136514], [18.3481474, 59.0284542], [18.3383735, 59.0301504], [18.349321, 59.0400313], [18.3508386, 59.033134], [18.3693905, 59.0399415], [18.3750712, 59.0341939], [18.3745906, 59.0440362], [18.3409935, 59.0501788], [18.3488198, 59.061117], [18.3484682, 59.0525604], [18.3591838, 59.0530903], [18.3876976, 59.0751542], [18.3627193, 59.0725745], [18.364865, 59.0799846], [18.4004848, 59.0808667], [18.4777647, 59.1223159], [18.485114, 59.1162421], [18.4703089, 59.1012489], [18.4835985, 59.1062418], [18.4759274, 59.0922634], [18.4931472, 59.0914974], [18.4606746, 59.0667421], [18.449027, 59.048052], [18.4270437, 59.0617679], [18.4422414, 59.047162], [18.4228771, 59.0405609]]], [[[18.3440697, 59.0660008], [18.3443701, 59.063177], [18.3402931, 59.0648757], [18.3440697, 59.0660008]]], [[[18.1876644, 59.0723717], [18.1849206, 59.0692552], [18.1843614, 59.0728162], [18.1876644, 59.0723717]]], [[[18.3172539, 59.0734967], [18.3319082, 59.0763162], [18.31024, 59.0683166], [18.3172539, 59.0734967]]], [[[18.303539, 59.0775809], [18.2972712, 59.0732098], [18.2565224, 59.0727394], [18.303539, 59.0775809]]], [[[18.2820384, 59.0779117], [18.277013, 59.0769638], [18.2758135, 59.0786792], [18.2820384, 59.0779117]]], [[[18.3527845, 59.0858209], [18.3580316, 59.0867744], [18.3499594, 59.0833283], [18.3527845, 59.0858209]]], [[[18.377972, 59.0987834], [18.3664842, 59.0946739], [18.3720392, 59.0981981], [18.377972, 59.0987834]]], [[[18.4116857, 59.1016435], [18.4016864, 59.0962328], [18.3915155, 59.0971145], [18.4043472, 59.1017978], [18.4116857, 59.1016435]]], [[[18.3684103, 59.1037422], [18.3591272, 59.0993911], [18.3531632, 59.0980984], [18.3684103, 59.1037422]]], [[[18.3762099, 59.0956457], [18.3882262, 59.1025606], [18.4160321, 59.1073496], [18.413514, 59.1041472], [18.3762099, 59.0956457]]], [[[18.3119225, 59.1074085], [18.3052278, 59.1033761], [18.3082318, 59.1087746], [18.3119225, 59.1074085]]], [[[18.3755121, 59.1079948], [18.380928, 59.1121634], [18.3805589, 59.1104625], [18.3755121, 59.1079948]]], [[[18.367096, 59.1103919], [18.3601808, 59.1101186], [18.3594727, 59.1116829], [18.367096, 59.1103919]]], [[[18.4137393, 59.1137646], [18.4164705, 59.1085721], [18.4074583, 59.1102907], [18.4137393, 59.1137646]]], [[[18.3151536, 59.1135117], [18.3093691, 59.1091932], [18.2859695, 59.1102563], [18.3093691, 59.1161329], [18.3151536, 59.1135117]]], [[[18.4284412, 59.1182338], [18.4339988, 59.1153371], [18.4274327, 59.1134315], [18.4284412, 59.1182338]]], [[[18.3271584, 59.1180813], [18.3285831, 59.1199888], [18.3327803, 59.1172839], [18.3271584, 59.1180813]]], [[[18.4182186, 59.1249537], [18.4228782, 59.1244201], [18.3981955, 59.1143742], [18.4182186, 59.1249537]]], [[[18.3932966, 59.1203832], [18.4009744, 59.121927], [18.3941589, 59.1193996], [18.3932966, 59.1203832]]], [[[18.3638608, 59.1194095], [18.3710234, 59.1220059], [18.3677232, 59.1198885], [18.3638608, 59.1194095]]], [[[18.4172192, 59.127249], [18.4223852, 59.1327292], [18.4255984, 59.1261851], [18.4172192, 59.127249]]], [[[18.413399, 59.1765226], [18.4141016, 59.1720712], [18.4080763, 59.1752204], [18.413399, 59.1765226]]], [[[18.4254543, 59.2943272], [18.4302163, 59.2981526], [18.4390414, 59.2975639], [18.435179, 59.2937949], [18.4254543, 59.2943272]]], [[[18.429401, 59.3471508], [18.4371311, 59.3452404], [18.4295021, 59.3468056], [18.429401, 59.3471508]]], [[[18.4268966, 59.4312763], [18.4346395, 59.4296546], [18.4278622, 59.4297598], [18.4268966, 59.4312763]]], [[[18.4274686, 59.4295591], [18.4245302, 59.4273], [18.4085523, 59.4340644], [18.4274686, 59.4295591]]], [[[18.4276504, 59.4344464], [18.4333362, 59.4331374], [18.4240361, 59.4311093], [18.4276504, 59.4344464]]], [[[18.4257715, 59.4369413], [18.4206592, 59.4377991], [18.4246267, 59.4391792], [18.4257715, 59.4369413]]], [[[18.4046469, 59.438813], [18.4103018, 59.4388406], [18.4053275, 59.4378519], [18.4046469, 59.438813]]], [[[18.5761901, 58.9628144], [18.5729929, 58.9607856], [18.5667472, 58.9641165], [18.5761901, 58.9628144]]], [[[18.5618992, 58.9666604], [18.5635455, 58.9658559], [18.5601053, 58.9646121], [18.5618992, 58.9666604]]], [[[18.4820302, 58.9677909], [18.475633, 58.9657882], [18.4773451, 58.9690419], [18.4820302, 58.9677909]]], [[[18.5666151, 58.9689647], [18.5677864, 58.9703934], [18.5765051, 58.967648], [18.5666151, 58.9689647]]], [[[18.4364659, 58.9724304], [18.4437826, 58.9741394], [18.4382703, 58.97511], [18.4590056, 58.9744774], [18.4364659, 58.9724304]]], [[[18.4645254, 58.9737786], [18.4599055, 58.9750661], [18.463579, 58.9772929], [18.4645254, 58.9737786]]], [[[18.4748369, 58.9753627], [18.4665401, 58.975245], [18.4710495, 58.97714], [18.4748369, 58.9753627]]], [[[18.4702738, 58.985885], [18.4758775, 58.9836578], [18.4661539, 58.9839276], [18.4702738, 58.985885]]], [[[18.4780808, 58.9854505], [18.4811171, 58.987822], [18.4885736, 58.9849696], [18.4780808, 58.9854505]]], [[[18.4706522, 58.9876305], [18.4775607, 58.9890574], [18.4730492, 58.9877419], [18.4706522, 58.9876305]]], [[[18.4424409, 58.9887076], [18.4539553, 58.9921501], [18.4494869, 58.9858669], [18.4424409, 58.9887076]]], [[[18.4988468, 58.9898772], [18.5022532, 58.996164], [18.50618, 58.9922774], [18.4988468, 58.9898772]]], [[[18.5053096, 59.0097246], [18.4996448, 59.0102768], [18.5136829, 59.0122215], [18.5053096, 59.0097246]]], [[[18.4722798, 59.0151028], [18.4615649, 59.0102182], [18.4603574, 59.0179097], [18.4722798, 59.0151028]]], [[[18.4811486, 59.0216284], [18.4949583, 59.0209853], [18.4936756, 59.0204046], [18.4811486, 59.0216284]]], [[[18.5442048, 59.0335353], [18.5433052, 59.0288609], [18.5200591, 59.0136642], [18.5442048, 59.0335353]]], [[[18.550393, 59.026962], [18.5705809, 59.0226126], [18.5594826, 59.0139736], [18.5405008, 59.0237734], [18.554038, 59.0334392], [18.550393, 59.026962]]], [[[18.5361689, 59.0466877], [18.5416125, 59.0527477], [18.5383159, 59.0437225], [18.5451796, 59.037226], [18.5388761, 59.039605], [18.5361689, 59.0466877]]], [[[18.5275951, 59.0542484], [18.5351367, 59.0512421], [18.5306181, 59.0440623], [18.537032, 59.0374796], [18.5082664, 59.0296125], [18.5139581, 59.0356641], [18.5104282, 59.0533772], [18.5251798, 59.0600553], [18.5217909, 59.0472527], [18.5266043, 59.055605], [18.5450071, 59.0639817], [18.5275951, 59.0542484]]], [[[18.4621488, 59.0452558], [18.4591658, 59.0505302], [18.465067, 59.049582], [18.4621488, 59.0452558]]], [[[18.543727, 59.0488585], [18.548788, 59.0527218], [18.546337, 59.0459699], [18.543727, 59.0488585]]], [[[18.4869988, 59.0733605], [18.4851514, 59.05895], [18.4698816, 59.044605], [18.4869988, 59.0733605]]], [[[18.4941657, 59.0650086], [18.487958, 59.0601857], [18.488104, 59.0651101], [18.4941657, 59.0650086]]], [[[18.4695652, 59.0666289], [18.468033, 59.0597797], [18.4620932, 59.0626822], [18.4695652, 59.0666289]]], [[[18.5136933, 59.0671448], [18.5116254, 59.0786747], [18.5241301, 59.0837784], [18.5230579, 59.0726241], [18.5136933, 59.0671448]]], [[[18.5288026, 59.0841927], [18.5311383, 59.0799276], [18.5245508, 59.0810462], [18.5288026, 59.0841927]]], [[[18.5573901, 59.0940656], [18.5469663, 59.088503], [18.5509689, 59.0929872], [18.5573901, 59.0940656]]], [[[18.5532366, 59.0943124], [18.5320563, 59.0913721], [18.5559832, 59.0998667], [18.5532366, 59.0943124]]], [[[18.5232052, 59.1056401], [18.5188735, 59.1018827], [18.5172511, 59.1034263], [18.5232052, 59.1056401]]], [[[18.4864624, 59.1065028], [18.4872134, 59.1152495], [18.5256115, 59.1168651], [18.4979208, 59.1012582], [18.4864624, 59.1065028]]], [[[18.5613677, 59.1217785], [18.5692071, 59.1211844], [18.5410963, 59.1080286], [18.5613677, 59.1217785]]], [[[18.491128, 59.1208946], [18.4886424, 59.1169268], [18.4856407, 59.1207521], [18.491128, 59.1208946]]], [[[18.4574734, 59.1214055], [18.4474956, 59.1180796], [18.4530961, 59.1210531], [18.4574734, 59.1214055]]], [[[18.4337273, 59.1194266], [18.4481845, 59.1235992], [18.4457805, 59.1197642], [18.4337273, 59.1194266]]], [[[18.5341946, 59.1223581], [18.531043, 59.1256774], [18.5427697, 59.1242638], [18.5341946, 59.1223581]]], [[[18.4296994, 59.1315192], [18.4446661, 59.1300109], [18.4314912, 59.1296275], [18.4296994, 59.1315192]]], [[[18.4803287, 59.1581649], [18.4600059, 59.1458437], [18.4538918, 59.1468552], [18.4607692, 59.1529427], [18.4803287, 59.1581649]]], [[[18.4755084, 59.1644178], [18.476057, 59.1618038], [18.4671626, 59.1614153], [18.4755084, 59.1644178]]], [[[18.4714753, 59.1674208], [18.4683425, 59.1641433], [18.4698445, 59.1679575], [18.4714753, 59.1674208]]], [[[18.4759116, 59.1720276], [18.4772164, 59.1728949], [18.4824157, 59.1691079], [18.4759116, 59.1720276]]], [[[18.5633197, 59.1751591], [18.5596933, 59.1676489], [18.5555432, 59.1760721], [18.5633197, 59.1751591]]], [[[18.5199962, 59.1742014], [18.515657, 59.1734585], [18.5162933, 59.1774557], [18.5199962, 59.1742014]]], [[[18.4431553, 59.1791125], [18.4416275, 59.1768696], [18.4380913, 59.1784396], [18.4431553, 59.1791125]]], [[[18.4802131, 59.186425], [18.4881399, 59.1787167], [18.4851783, 59.1708399], [18.4767499, 59.1768467], [18.4822249, 59.1758226], [18.4802131, 59.186425]]], [[[18.5060294, 59.1757396], [18.5016708, 59.176839], [18.4986265, 59.1824679], [18.5060294, 59.1757396]]], [[[18.5382298, 59.1825081], [18.5453993, 59.1831229], [18.5481347, 59.178503], [18.5382298, 59.1825081]]], [[[18.4746724, 59.1795874], [18.472621, 59.1850091], [18.4749384, 59.1835142], [18.4746724, 59.1795874]]], [[[18.4529785, 59.1856648], [18.4495677, 59.184277], [18.4366003, 59.1895711], [18.4529785, 59.1856648]]], [[[18.4748327, 59.18806], [18.470715, 59.192377], [18.4760263, 59.1895223], [18.4748327, 59.18806]]], [[[18.4874564, 59.1933436], [18.4816607, 59.2030266], [18.4954323, 59.1868854], [18.4874564, 59.1933436]]], [[[18.4501965, 59.2007387], [18.4603353, 59.1983929], [18.4559275, 59.1902125], [18.4501965, 59.2007387]]], [[[18.4402187, 59.1953766], [18.4431298, 59.202711], [18.4492804, 59.1988316], [18.4402187, 59.1953766]]], [[[18.4571795, 59.2061877], [18.4592087, 59.2081866], [18.4608936, 59.2056458], [18.4571795, 59.2061877]]], [[[18.4444884, 59.2052633], [18.4404758, 59.2100198], [18.4483722, 59.2045053], [18.4444884, 59.2052633]]], [[[18.5652126, 59.2077543], [18.5607788, 59.2092148], [18.567463, 59.2081849], [18.5652126, 59.2077543]]], [[[18.5261344, 59.2299434], [18.5378875, 59.2326034], [18.5475547, 59.2233341], [18.5511183, 59.2338261], [18.5397498, 59.233241], [18.5560975, 59.2380354], [18.5820229, 59.2274654], [18.5685256, 59.219628], [18.5611219, 59.2281581], [18.5596575, 59.2195954], [18.5366705, 59.2243245], [18.5394811, 59.2201407], [18.5173152, 59.2115312], [18.5002242, 59.2203048], [18.4933715, 59.2155224], [18.4722783, 59.2314685], [18.4235531, 59.2456012], [18.3933476, 59.2672771], [18.3965411, 59.2773961], [18.3582644, 59.2722795], [18.3285846, 59.2847245], [18.3436842, 59.2932234], [18.3714873, 59.2878058], [18.4746037, 59.2903283], [18.5248247, 59.2734611], [18.509514, 59.2740697], [18.5139371, 59.2705509], [18.6210711, 59.2473203], [18.5744505, 59.2436736], [18.5823712, 59.2364196], [18.5450685, 59.2407627], [18.5349529, 59.2326867], [18.5221687, 59.24644], [18.5320405, 59.2477948], [18.5083405, 59.2598287], [18.52079, 59.2498418], [18.5261344, 59.2299434]]], [[[18.5338296, 59.27321], [18.5442097, 59.2698515], [18.5364796, 59.2711885], [18.5338296, 59.27321]]], [[[18.5091704, 59.2813014], [18.5112581, 59.2839299], [18.5308377, 59.2803136], [18.5091704, 59.2813014]]], [[[18.4415348, 59.2960956], [18.488165, 59.2904966], [18.4866678, 59.2891463], [18.4415348, 59.2960956]]], [[[18.4399338, 59.3433823], [18.4524965, 59.3388839], [18.4434397, 59.3402511], [18.4399338, 59.3433823]]], [[[18.5594794, 59.3859291], [18.5514426, 59.3863446], [18.5422081, 59.3855942], [18.5474859, 59.3893767], [18.5594794, 59.3859291]]], [[[18.5730019, 59.3927894], [18.5668042, 59.3938059], [18.5687933, 59.3956902], [18.5730019, 59.3927894]]], [[[18.5240876, 59.3972185], [18.5257785, 59.4000586], [18.5274951, 59.3974414], [18.5240876, 59.3972185]]], [[[18.5448605, 59.4044438], [18.5396741, 59.4019635], [18.5273438, 59.4089134], [18.5448605, 59.4044438]]], [[[18.5805175, 59.4041852], [18.5460082, 59.4107838], [18.5575248, 59.411953], [18.5483123, 59.4191388], [18.5805175, 59.4041852]]], [[[18.5207371, 59.415846], [18.529247, 59.4141868], [18.5222493, 59.4147054], [18.5207371, 59.415846]]], [[[18.4966097, 59.4227215], [18.4885937, 59.4220745], [18.4941858, 59.4255726], [18.4966097, 59.4227215]]], [[[18.4715044, 59.4303443], [18.4865817, 59.4236781], [18.4550571, 59.4270498], [18.4715044, 59.4303443]]], [[[18.4362045, 59.432019], [18.447976, 59.4314993], [18.4394232, 59.4273823], [18.4362045, 59.432019]]], [[[18.4310325, 59.4364204], [18.4416512, 59.4387782], [18.4456434, 59.4328886], [18.4355198, 59.4334828], [18.4310325, 59.4364204]]], [[[18.4844959, 59.4554212], [18.4894232, 59.4420552], [18.4791329, 59.460145], [18.4844959, 59.4554212]]], [[[18.4535061, 59.4538237], [18.455621, 59.45487], [18.4698663, 59.4513107], [18.4535061, 59.4538237]]], [[[18.4743945, 59.4569477], [18.4801545, 59.4513294], [18.472008, 59.4500162], [18.4743945, 59.4569477]]], [[[18.55995, 60.14123], [18.55902, 60.13992], [18.55319, 60.14237], [18.55995, 60.14123]]], [[[18.54479, 60.15169], [18.55305, 60.14775], [18.54425, 60.14528], [18.54479, 60.15169]]], [[[18.56161, 60.14637], [18.5555529, 60.152911], [18.57316, 60.14658], [18.56161, 60.14637]]], [[[18.5611775, 60.1557125], [18.56967, 60.15561], [18.57765, 60.15178], [18.5729237, 60.1479505], [18.5611775, 60.1557125]]], [[[18.5154603, 60.1555765], [18.5123455, 60.153775], [18.5136866, 60.1579422], [18.5154603, 60.1555765]]], [[[18.517204331225685, 60.160773534935025], [18.5221124, 60.1577094], [18.51436076473589, 60.160675650814575], [18.517204331225685, 60.160773534935025]]], [[[18.5805828, 58.9668731], [18.5791261, 58.9644404], [18.579116, 58.9674428], [18.5805828, 58.9668731]]], [[[18.6529968, 59.0403954], [18.6517096, 59.0372441], [18.6482062, 59.0427687], [18.6529968, 59.0403954]]], [[[18.5717339, 59.0473691], [18.5816896, 59.0490651], [18.5810164, 59.0482275], [18.5717339, 59.0473691]]], [[[18.5976196, 59.0514797], [18.596964, 59.0489679], [18.5919198, 59.051031], [18.5976196, 59.0514797]]], [[[18.5820523, 59.0630646], [18.5807926, 59.062422], [18.5789426, 59.0656043], [18.5820523, 59.0630646]]], [[[18.6273274, 59.0686229], [18.6186383, 59.0657716], [18.6242092, 59.0701989], [18.6273274, 59.0686229]]], [[[18.5947811, 59.0702267], [18.5929319, 59.0679317], [18.5880329, 59.0697528], [18.5947811, 59.0702267]]], [[[18.6108184, 59.073974], [18.6221132, 59.0778252], [18.6285451, 59.0756998], [18.6162123, 59.0729111], [18.6108184, 59.073974]]], [[[18.6326839, 59.0827421], [18.6339089, 59.0785191], [18.6190887, 59.0797919], [18.6326839, 59.0827421]]], [[[18.6109209, 59.0825222], [18.6124975, 59.0812369], [18.5926376, 59.0815018], [18.6109209, 59.0825222]]], [[[18.6223774, 59.0858323], [18.6215869, 59.082763], [18.6152509, 59.0841117], [18.6223774, 59.0858323]]], [[[18.6143421, 59.0853685], [18.6145287, 59.0927751], [18.6260697, 59.0995086], [18.6267662, 59.0878543], [18.6143421, 59.0853685]]], [[[18.5904926, 59.0871358], [18.5978204, 59.0951876], [18.624157, 59.1041575], [18.5997462, 59.0833173], [18.5904926, 59.0871358]]], [[[18.6342247, 59.100719], [18.6530134, 59.0942703], [18.6275538, 59.0891641], [18.6342247, 59.100719]]], [[[18.5752408, 59.1062683], [18.5727233, 59.103947], [18.5686553, 59.1053697], [18.5752408, 59.1062683]]], [[[18.6596331, 59.109117], [18.662738, 59.1082414], [18.6589815, 59.1045759], [18.6596331, 59.109117]]], [[[18.6722222, 59.110473], [18.6688467, 59.1072885], [18.6672304, 59.1107517], [18.6722222, 59.110473]]], [[[18.6637795, 59.1165682], [18.6560475, 59.1160898], [18.656632, 59.1089444], [18.6467244, 59.1106099], [18.6511253, 59.1197432], [18.6637795, 59.1165682]]], [[[18.6829237, 59.1210609], [18.678567, 59.1223106], [18.6845108, 59.1244945], [18.6829237, 59.1210609]]], [[[18.6663401, 59.1228941], [18.6603287, 59.1246344], [18.6765104, 59.1288406], [18.6663401, 59.1228941]]], [[[18.6852926, 59.1294759], [18.681595, 59.1253056], [18.6730027, 59.1262856], [18.6852926, 59.1294759]]], [[[18.5832967, 59.1340824], [18.5973947, 59.1335316], [18.5718124, 59.1208269], [18.5832967, 59.1340824]]], [[[18.6224192, 59.1296094], [18.6317329, 59.1348124], [18.6250648, 59.128701], [18.6224192, 59.1296094]]], [[[18.6645698, 59.1336375], [18.68707, 59.1457344], [18.6769603, 59.1350753], [18.6645698, 59.1336375]]], [[[18.6942142, 59.1495589], [18.6928756, 59.1349921], [18.6670896, 59.1307919], [18.6761392, 59.1345492], [18.6865631, 59.1408283], [18.6942142, 59.1495589]]], [[[18.6567292, 59.1445852], [18.6630065, 59.1476266], [18.6623127, 59.1408682], [18.6567292, 59.1445852]]], [[[18.6510304, 59.1479002], [18.6526893, 59.1508798], [18.6586596, 59.1504466], [18.6510304, 59.1479002]]], [[[18.6114544, 59.1520167], [18.6143403, 59.1490892], [18.6084707, 59.1481802], [18.6114544, 59.1520167]]], [[[18.6965243, 59.1596188], [18.6874508, 59.1531235], [18.6930432, 59.158785], [18.6965243, 59.1596188]]], [[[18.650875, 59.1584394], [18.6571905, 59.1602098], [18.6549422, 59.1575548], [18.650875, 59.1584394]]], [[[18.6136025, 59.1531947], [18.6212627, 59.1605961], [18.6559345, 59.1707705], [18.6480769, 59.1603847], [18.6136025, 59.1531947]]], [[[18.590355, 59.1687917], [18.5913425, 59.1657213], [18.5843908, 59.1663262], [18.590355, 59.1687917]]], [[[18.6614515, 59.1684055], [18.6719519, 59.1731505], [18.6643988, 59.1648806], [18.6614515, 59.1684055]]], [[[18.6783121, 59.1677694], [18.6999527, 59.1803904], [18.7128524, 59.1761968], [18.6783121, 59.1677694]]], [[[18.6703963, 59.1755664], [18.6734513, 59.1764368], [18.6729556, 59.173569], [18.6703963, 59.1755664]]], [[[18.6646123, 59.1950588], [18.6598706, 59.1860389], [18.6510943, 59.180258], [18.6367277, 59.175582], [18.6514906, 59.1751967], [18.6225384, 59.1664897], [18.639831, 59.1852392], [18.6518398, 59.1887306], [18.6462932, 59.1797182], [18.6646123, 59.1950588]]], [[[18.6562067, 59.1919387], [18.6530685, 59.1886581], [18.6544901, 59.1927052], [18.6562067, 59.1919387]]], [[[18.67921, 59.2128587], [18.6836946, 59.2130867], [18.676753, 59.2096433], [18.67921, 59.2128587]]], [[[18.5851, 59.2140335], [18.5883978, 59.2158346], [18.5924748, 59.2156315], [18.5851, 59.2140335]]], [[[18.5955792, 59.2276072], [18.5945562, 59.2255626], [18.585775, 59.2309873], [18.5955792, 59.2276072]]], [[[18.5948713, 59.2321715], [18.6163451, 59.2319115], [18.6158194, 59.2264115], [18.5948713, 59.2321715]]], [[[18.586472, 59.2370472], [18.5989738, 59.2347777], [18.5882315, 59.2347156], [18.586472, 59.2370472]]], [[[18.7106841, 59.2793904], [18.6653495, 59.2634209], [18.6913508, 59.2806181], [18.7106841, 59.2793904]]], [[[18.5891704, 59.2699041], [18.6062936, 59.2818864], [18.5713185, 59.277653], [18.5816639, 59.2715733], [18.572208, 59.2673172], [18.5341171, 59.2798522], [18.5659329, 59.2808213], [18.5299919, 59.2856002], [18.5772603, 59.2836076], [18.6289503, 59.2877892], [18.6319774, 59.282328], [18.7015543, 59.2997283], [18.6946124, 59.2921365], [18.7081307, 59.2893422], [18.6314786, 59.2583955], [18.6511036, 59.2609394], [18.6471212, 59.25505], [18.6566799, 59.2619348], [18.6430386, 59.2459758], [18.6324296, 59.2462963], [18.640297, 59.2528663], [18.6283445, 59.2469294], [18.6207485, 59.2498457], [18.6258365, 59.2544763], [18.5507816, 59.2671549], [18.5828859, 59.2640086], [18.5816896, 59.272398], [18.5891704, 59.2699041]]], [[[18.6706705, 59.3218806], [18.6686978, 59.3204464], [18.658374, 59.3347496], [18.6706705, 59.3218806]]], [[[18.6748843, 59.314839], [18.6971708, 59.3139321], [18.6784423, 59.3286111], [18.7123185, 59.3234824], [18.7127894, 59.3140057], [18.7254838, 59.3202043], [18.7161807, 59.3180945], [18.7211014, 59.324246], [18.7109184, 59.3274828], [18.714711, 59.3437902], [18.7033398, 59.3318346], [18.7096672, 59.3268782], [18.6901273, 59.3300038], [18.6429057, 59.362901], [18.6512371, 59.3637172], [18.6243224, 59.3721526], [18.6776506, 59.376367], [18.6785584, 59.3684154], [18.7176372, 59.3694463], [18.7283457, 59.3550698], [18.7237907, 59.3403142], [18.7417428, 59.328973], [18.7294157, 59.3394135], [18.7305191, 59.3522001], [18.7389603, 59.347824], [18.7386301, 59.3547469], [18.7453392, 59.343135], [18.7359072, 59.3381489], [18.7489197, 59.3270417], [18.7346469, 59.3158195], [18.7368297, 59.3266005], [18.7272263, 59.32787], [18.7230769, 59.3245655], [18.7341276, 59.3195377], [18.7199775, 59.3096005], [18.6883268, 59.3082839], [18.6673706, 59.2952444], [18.6748843, 59.314839]]], [[[18.6148444, 59.3444144], [18.6164953, 59.3467776], [18.6236273, 59.343319], [18.6148444, 59.3444144]]], [[[18.6826595, 59.3752197], [18.693345, 59.3731021], [18.6909396, 59.3723289], [18.6826595, 59.3752197]]], [[[18.6025411, 59.3771341], [18.6233926, 59.3774501], [18.609708, 59.3741879], [18.6025411, 59.3771341]]], [[[18.6458289, 59.3787946], [18.6518975, 59.3806804], [18.6449847, 59.3771769], [18.6458289, 59.3787946]]], [[[18.6341885, 59.3809198], [18.646466, 59.3811125], [18.6266583, 59.3770519], [18.6341885, 59.3809198]]], [[[18.686426, 59.3797457], [18.6916317, 59.3817308], [18.6879489, 59.379069], [18.686426, 59.3797457]]], [[[18.6003983, 59.3826427], [18.6092919, 59.383163], [18.6026321, 59.3813772], [18.6003983, 59.3826427]]], [[[18.6845655, 59.3802876], [18.6746965, 59.3815786], [18.6980528, 59.3850543], [18.6845655, 59.3802876]]], [[[18.6045028, 59.3887101], [18.6174994, 59.3841282], [18.5962993, 59.3848895], [18.6074263, 59.3943423], [18.6045028, 59.3887101]]], [[[18.6273283, 59.4012079], [18.6179759, 59.3977376], [18.6249499, 59.4025978], [18.6273283, 59.4012079]]], [[[18.6268807, 59.4025143], [18.6658628, 59.4163313], [18.6709544, 59.4126368], [18.6410201, 59.4022902], [18.6620272, 59.3970632], [18.7077891, 59.3988318], [18.6858701, 59.3890295], [18.6532673, 59.3922583], [18.6712118, 59.3844401], [18.6203441, 59.3922779], [18.6455015, 59.3961118], [18.6268807, 59.4025143]]], [[[18.5696475, 59.4049993], [18.5764932, 59.4028156], [18.569822, 59.4028193], [18.5696475, 59.4049993]]], [[[18.6620968, 59.4088727], [18.6756926, 59.4073364], [18.6636715, 59.4011025], [18.6620968, 59.4088727]]], [[[18.633045, 59.4052816], [18.6260245, 59.4040633], [18.628971, 59.4075519], [18.633045, 59.4052816]]], [[[18.6829913, 59.411035], [18.6926848, 59.4088183], [18.6830664, 59.4070601], [18.6829913, 59.411035]]], [[[18.6386491, 59.4088209], [18.6256254, 59.4134218], [18.6423881, 59.4173196], [18.6351369, 59.413958], [18.6386491, 59.4088209]]], [[[18.7037113, 59.4132501], [18.6745745, 59.4131703], [18.6737564, 59.4203001], [18.7037113, 59.4132501]]], [[[18.6624097, 59.4162499], [18.6483126, 59.4186834], [18.6499499, 59.4192237], [18.6624097, 59.4162499]]], [[[18.6804646, 59.4201517], [18.7029773, 59.4168415], [18.6878121, 59.4177005], [18.6804646, 59.4201517]]], [[[18.6485268, 59.4210535], [18.6560971, 59.4230988], [18.6506862, 59.4194138], [18.6485268, 59.4210535]]], [[[18.6451215, 59.4185715], [18.6346146, 59.4192352], [18.6469939, 59.4289192], [18.6451215, 59.4185715]]], [[[18.6593257, 59.4282228], [18.6759901, 59.4266997], [18.6633614, 59.4240258], [18.6593257, 59.4282228]]], [[[18.6637608, 59.429701], [18.6686778, 59.4299925], [18.6651341, 59.4284787], [18.6637608, 59.429701]]], [[[18.623062, 59.426708], [18.6385459, 59.431952], [18.6387708, 59.4281087], [18.623062, 59.426708]]], [[[18.6490123, 59.4324435], [18.6570467, 59.4363715], [18.6524573, 59.4306399], [18.6490123, 59.4324435]]], [[[18.6426981, 59.4492546], [18.7262357, 59.4645914], [18.7407289, 59.4572572], [18.6598023, 59.4380776], [18.6398102, 59.4404957], [18.6426981, 59.4492546]]], [[[18.6887169, 59.4642488], [18.7020429, 59.4655799], [18.7013146, 59.4650509], [18.6887169, 59.4642488]]], [[[18.702142, 59.5971618], [18.6956648, 59.5904371], [18.6789345, 59.5869889], [18.702142, 59.5971618]]], [[[18.5852646, 60.1438982], [18.5750275, 60.1383376], [18.5675455, 60.1441218], [18.5852646, 60.1438982]]], [[[18.686682, 60.1471929], [18.6833721, 60.1456468], [18.6760765, 60.147751], [18.686682, 60.1471929]]], [[[18.6608973, 60.1511161], [18.6398023, 60.1497936], [18.6483231, 60.153599], [18.6608973, 60.1511161]]], [[[18.5883522, 60.1525917], [18.5797584, 60.1511954], [18.57821, 60.15819], [18.5883522, 60.1525917]]], [[[18.6366394, 60.1518156], [18.6393806, 60.1574299], [18.6419534, 60.1514437], [18.6366394, 60.1518156]]], [[[18.5698733, 60.1575734], [18.57566, 60.15789], [18.57861, 60.15283], [18.5754239, 60.1532752], [18.5698733, 60.1575734]]], [[[18.6869824, 60.18922], [18.7061441, 60.1865237], [18.6872023, 60.1874385], [18.6869824, 60.18922]]], [[[18.7196931, 59.0891669], [18.7114049, 59.0832725], [18.7068116, 59.0862272], [18.7196931, 59.0891669]]], [[[18.7111406, 59.0893493], [18.7078351, 59.0878524], [18.7078724, 59.0911335], [18.7111406, 59.0893493]]], [[[18.7278121, 59.0960173], [18.737833, 59.0978143], [18.7336863, 59.0935653], [18.7278121, 59.0960173]]], [[[18.7094859, 59.1021638], [18.7125596, 59.0992083], [18.705745, 59.098514], [18.7094859, 59.1021638]]], [[[18.752418, 59.1029879], [18.7488413, 59.1045183], [18.7530394, 59.1044652], [18.752418, 59.1029879]]], [[[18.737193, 59.1070047], [18.7223961, 59.0982643], [18.715776, 59.1051388], [18.7240997, 59.1078347], [18.737193, 59.1070047]]], [[[18.7603676, 59.1118162], [18.7593975, 59.1074111], [18.7489449, 59.1070827], [18.7296526, 59.0990909], [18.7603676, 59.1118162]]], [[[18.7082937, 59.1306087], [18.7116407, 59.1323968], [18.7109264, 59.1302287], [18.7082937, 59.1306087]]], [[[18.6973509, 59.1457031], [18.6978073, 59.146966], [18.7075768, 59.1402469], [18.6973509, 59.1457031]]], [[[18.7228596, 59.1548834], [18.6948902, 59.1474981], [18.7110304, 59.1605255], [18.7228596, 59.1548834]]], [[[18.727665, 59.1579123], [18.7229953, 59.1560114], [18.7273234, 59.1611236], [18.727665, 59.1579123]]], [[[18.7294763, 59.1633696], [18.7247098, 59.1601167], [18.7224599, 59.1640165], [18.7294763, 59.1633696]]], [[[18.7058299, 59.1637466], [18.7016212, 59.1612404], [18.6921085, 59.1655644], [18.7058299, 59.1637466]]], [[[18.7288248, 59.1646455], [18.7318658, 59.1675317], [18.7314749, 59.162905], [18.7288248, 59.1646455]]], [[[18.7344837, 59.1680542], [18.7455431, 59.1705128], [18.7430373, 59.1663037], [18.7344837, 59.1680542]]], [[[18.7499821, 59.1675889], [18.7490541, 59.1725994], [18.7566662, 59.1718241], [18.7499821, 59.1675889]]], [[[18.7199467, 59.1760052], [18.7257269, 59.1764299], [18.7239218, 59.1743381], [18.7199467, 59.1760052]]], [[[18.7463504, 59.1788638], [18.7407798, 59.1759766], [18.745513, 59.1794146], [18.7463504, 59.1788638]]], [[[18.7540425, 59.1790822], [18.7497968, 59.1793379], [18.7597189, 59.181876], [18.7540425, 59.1790822]]], [[[18.7182103, 59.1818065], [18.7177045, 59.1836659], [18.7223634, 59.1836221], [18.7182103, 59.1818065]]], [[[18.7095089, 59.2008731], [18.723044, 59.208302], [18.7516099, 59.2076004], [18.7269566, 59.1874185], [18.7170826, 59.1935259], [18.6550586, 59.1728237], [18.6539988, 59.1805256], [18.6983496, 59.2130986], [18.7155865, 59.2099981], [18.7095089, 59.2008731]]], [[[18.755175, 59.2030598], [18.7564991, 59.1973481], [18.7473896, 59.1970559], [18.755175, 59.2030598]]], [[[18.7128818, 59.2187324], [18.7092555, 59.2201435], [18.7170526, 59.2198991], [18.7128818, 59.2187324]]], [[[18.7203977, 59.2256204], [18.7242118, 59.2252059], [18.7208014, 59.2205964], [18.7203977, 59.2256204]]], [[[18.7397936, 59.2186021], [18.7447634, 59.2265058], [18.7537281, 59.229814], [18.7534492, 59.2216594], [18.7397936, 59.2186021]]], [[[18.7285463, 59.2373715], [18.7258086, 59.232558], [18.7156371, 59.2295361], [18.7182725, 59.2415945], [18.7285463, 59.2373715]]], [[[18.7497591, 59.2452256], [18.7482469, 59.2427156], [18.7423046, 59.2456412], [18.7497591, 59.2452256]]], [[[18.7262892, 59.2427253], [18.7149998, 59.2487424], [18.7275713, 59.2535476], [18.7262892, 59.2427253]]], [[[18.7426421, 59.2563383], [18.7431946, 59.2497633], [18.7362219, 59.2519191], [18.7426421, 59.2563383]]], [[[18.7089269, 59.248793], [18.7088214, 59.2537989], [18.7125868, 59.2578951], [18.7089269, 59.248793]]], [[[18.7151911, 59.2538435], [18.7227321, 59.2734404], [18.7310083, 59.2741851], [18.7227995, 59.2591718], [18.7405141, 59.2587], [18.7151911, 59.2538435]]], [[[18.7175705, 59.2870695], [18.7234821, 59.2901276], [18.724286, 59.2866675], [18.7175705, 59.2870695]]], [[[18.7270972, 59.2906227], [18.7252368, 59.2911022], [18.7349384, 59.29385], [18.7270972, 59.2906227]]], [[[18.7115997, 59.2947687], [18.7066309, 59.3008738], [18.7164099, 59.2976959], [18.7115997, 59.2947687]]], [[[18.7320379, 59.29907], [18.7248096, 59.2971858], [18.7288171, 59.301329], [18.7320379, 59.29907]]], [[[18.7395459, 59.3020517], [18.7342994, 59.3028378], [18.735704, 59.3048116], [18.7395459, 59.3020517]]], [[[18.7423912, 59.3020589], [18.7443167, 59.3056868], [18.7489022, 59.3032372], [18.7423912, 59.3020589]]], [[[18.7225116, 59.3678315], [18.7256437, 59.3697569], [18.7293627, 59.3664979], [18.7225116, 59.3678315]]], [[[18.7495735, 59.3724741], [18.7486141, 59.3735012], [18.7583229, 59.3732547], [18.7495735, 59.3724741]]], [[[18.7236184, 59.3771636], [18.7151415, 59.3756496], [18.6914263, 59.3787713], [18.7181916, 59.3817902], [18.7236184, 59.3771636]]], [[[18.7417518, 59.378751], [18.7259645, 59.3774308], [18.7304538, 59.3824546], [18.7417518, 59.378751]]], [[[18.736013, 59.3828197], [18.7337724, 59.3852134], [18.7417413, 59.3840315], [18.736013, 59.3828197]]], [[[18.7034736, 59.3883795], [18.7154205, 59.3898182], [18.7080912, 59.387139], [18.7034736, 59.3883795]]], [[[18.7041471, 59.3921124], [18.6998804, 59.389022], [18.6981954, 59.3919329], [18.7041471, 59.3921124]]], [[[18.7577229, 59.3926382], [18.7600861, 59.39131], [18.7525861, 59.3891291], [18.7577229, 59.3926382]]], [[[18.7233076, 59.3946425], [18.7326639, 59.3929789], [18.7233366, 59.3913449], [18.7233076, 59.3946425]]], [[[18.7531471, 59.3973933], [18.7504051, 59.3953396], [18.748531, 59.3991303], [18.7531471, 59.3973933]]], [[[18.7332004, 59.4014641], [18.7510061, 59.40434], [18.7442085, 59.3952839], [18.7332004, 59.4014641]]], [[[18.7031699, 59.4084199], [18.7026267, 59.4072321], [18.6960906, 59.4069851], [18.7031699, 59.4084199]]], [[[18.7431468, 59.4134043], [18.7046206, 59.4105231], [18.7142658, 59.4128816], [18.7059912, 59.415487], [18.7130964, 59.4200258], [18.697392, 59.4241751], [18.7132519, 59.425826], [18.7431468, 59.4134043]]], [[[18.7495431, 59.4160427], [18.7290387, 59.4259005], [18.7486787, 59.4277293], [18.7495431, 59.4160427]]], [[[18.7273743, 59.425467], [18.7226906, 59.4241227], [18.7257258, 59.4272704], [18.7273743, 59.425467]]], [[[18.6784577, 59.4297888], [18.6814708, 59.4350294], [18.721183, 59.4342604], [18.7178225, 59.4261845], [18.6784577, 59.4297888]]], [[[18.7238869, 59.4277769], [18.7291601, 59.4339604], [18.7474555, 59.430864], [18.7238869, 59.4277769]]], [[[18.7191117, 59.4481388], [18.7217204, 59.4436257], [18.6827179, 59.4413816], [18.7191117, 59.4481388]]], [[[18.7402316, 59.4481037], [18.7379298, 59.4472386], [18.7356351, 59.4504646], [18.7402316, 59.4481037]]], [[[18.7439329, 59.453178], [18.7571503, 59.4521872], [18.7480211, 59.4503297], [18.7439329, 59.453178]]], [[[18.7006198, 59.4599], [18.7000544, 59.463576], [18.703905, 59.4643184], [18.7006198, 59.4599]]], [[[18.7500269, 59.5529056], [18.7417599, 59.5518378], [18.736743, 59.5542252], [18.7423799, 59.5547975], [18.7500269, 59.5529056]]], [[[18.7518841, 59.5769138], [18.7516663, 59.5754176], [18.7430243, 59.5730405], [18.7518841, 59.5769138]]], [[[18.711601, 59.5844244], [18.7063566, 59.584788], [18.7141572, 59.5906594], [18.711601, 59.5844244]]], [[[18.7094261, 59.5896582], [18.6986259, 59.5865461], [18.7149868, 59.5951806], [18.7094261, 59.5896582]]], [[[18.7219817, 59.5882201], [18.7324633, 59.5962416], [18.7389462, 59.5930447], [18.7219817, 59.5882201]]], [[[18.7497864, 59.595734], [18.7391547, 59.5954596], [18.757141, 59.6018705], [18.7497864, 59.595734]]], [[[18.7356052, 59.6018189], [18.7367137, 59.5983581], [18.7276597, 59.5992972], [18.7356052, 59.6018189]]], [[[18.7059942, 59.5934411], [18.7095912, 59.6012247], [18.7009538, 59.6041453], [18.7232787, 59.6136247], [18.7158565, 59.6066095], [18.7262587, 59.6091284], [18.7266269, 59.6028272], [18.7059942, 59.5934411]]], [[[18.7495102, 59.6039054], [18.7457846, 59.6048268], [18.7518964, 59.606733], [18.7495102, 59.6039054]]], [[[18.7339498, 59.6133129], [18.7364245, 59.6127715], [18.7324379, 59.607957], [18.7339498, 59.6133129]]], [[[18.7566337, 59.6181363], [18.7526782, 59.614078], [18.7527678, 59.6184097], [18.7566337, 59.6181363]]], [[[18.7256751, 59.6174217], [18.7318829, 59.6189084], [18.726406, 59.6162673], [18.7256751, 59.6174217]]], [[[18.7228671, 59.6154523], [18.7195977, 59.6194274], [18.7250195, 59.6213529], [18.7228671, 59.6154523]]], [[[18.7193197, 59.6407347], [18.7160933, 59.6376407], [18.7065163, 59.6398826], [18.7193197, 59.6407347]]], [[[18.7071495, 59.6443668], [18.7050218, 59.6420504], [18.7033018, 59.6449851], [18.7071495, 59.6443668]]], [[[18.7232188, 59.6559778], [18.7149132, 59.6609038], [18.7201968, 59.6627106], [18.7232188, 59.6559778]]], [[[18.757783, 59.6628525], [18.7529121, 59.6626357], [18.7562381, 59.6651826], [18.757783, 59.6628525]]], [[[18.7391293, 59.7556001], [18.7332251, 59.7528121], [18.7370127, 59.7563961], [18.7391293, 59.7556001]]], [[[18.7389153, 60.1339851], [18.7440383, 60.1351498], [18.7402081, 60.1334008], [18.7389153, 60.1339851]]], [[[18.723101, 60.140383], [18.7260836, 60.1416036], [18.7290609, 60.141446], [18.723101, 60.140383]]], [[[18.741163, 60.1435398], [18.7530452, 60.1441914], [18.7609953, 60.1440311], [18.741163, 60.1435398]]], [[[18.7093815, 60.1943053], [18.7167361, 60.1917228], [18.7106341, 60.1915028], [18.7093815, 60.1943053]]], [[[18.6984676, 60.2240706], [18.7160414, 60.2219446], [18.7109399, 60.2190032], [18.6984676, 60.2240706]]], [[[18.7012464, 60.2307886], [18.715108, 60.2247126], [18.6883181, 60.2307087], [18.7012464, 60.2307886]]], [[[18.7857891, 59.1220174], [18.7866844, 59.1242504], [18.7861504, 59.1192684], [18.7857891, 59.1220174]]], [[[18.7911433, 59.1393779], [18.8024783, 59.1401979], [18.8018008, 59.1348411], [18.7911433, 59.1393779]]], [[[18.7792826, 59.1387818], [18.7874225, 59.1423452], [18.7841876, 59.1365953], [18.7792826, 59.1387818]]], [[[18.810224, 59.1529903], [18.80672, 59.1476844], [18.7910027, 59.1509081], [18.810224, 59.1529903]]], [[[18.7578026, 59.1803596], [18.768144, 59.1845958], [18.7822445, 59.1856779], [18.7578026, 59.1803596]]], [[[18.771615, 59.2037364], [18.7735839, 59.1980002], [18.7693302, 59.2030302], [18.7760898, 59.2080864], [18.771615, 59.2037364]]], [[[18.7744673, 59.2021355], [18.7804477, 59.2071487], [18.7775786, 59.200467], [18.7744673, 59.2021355]]], [[[18.7599348, 59.2036145], [18.7575478, 59.2047743], [18.759957, 59.2068721], [18.7599348, 59.2036145]]], [[[18.7936053, 59.207902], [18.7890146, 59.2054898], [18.7825551, 59.2104082], [18.7936053, 59.207902]]], [[[18.764398, 59.2123197], [18.7693518, 59.2088595], [18.7630502, 59.2068948], [18.764398, 59.2123197]]], [[[18.7872642, 59.2120993], [18.781873, 59.2134008], [18.7831175, 59.2143014], [18.7872642, 59.2120993]]], [[[18.7916341, 59.2174064], [18.7951888, 59.2137029], [18.7895737, 59.2171265], [18.7916341, 59.2174064]]], [[[18.7858543, 59.2177397], [18.7816543, 59.2150246], [18.7805768, 59.2191263], [18.7858543, 59.2177397]]], [[[18.7563325, 59.2210043], [18.77288, 59.2239788], [18.769007, 59.2182311], [18.7563325, 59.2210043]]], [[[18.760298, 59.2254889], [18.7599738, 59.2227165], [18.7579417, 59.2259101], [18.760298, 59.2254889]]], [[[18.777106, 59.2261934], [18.7706611, 59.2271774], [18.7785103, 59.2275117], [18.777106, 59.2261934]]], [[[18.8018161, 59.2331415], [18.806569, 59.2340183], [18.807194, 59.2319245], [18.8018161, 59.2331415]]], [[[18.7797922, 59.2332212], [18.7845397, 59.2352792], [18.7808919, 59.2318408], [18.7797922, 59.2332212]]], [[[18.7560684, 59.2415334], [18.7693813, 59.2357405], [18.7555184, 59.2295158], [18.7636043, 59.2361547], [18.7560684, 59.2415334]]], [[[18.7716801, 59.2351935], [18.7723024, 59.2381761], [18.7748237, 59.2356764], [18.7716801, 59.2351935]]], [[[18.7832512, 59.244043], [18.7830741, 59.238696], [18.7733806, 59.2405562], [18.7832512, 59.244043]]], [[[18.7884438, 59.2481195], [18.7915793, 59.2437716], [18.7844507, 59.244691], [18.7884438, 59.2481195]]], [[[18.7621773, 59.2528099], [18.756134, 59.250499], [18.7525076, 59.2524968], [18.7621773, 59.2528099]]], [[[18.7668614, 59.2527228], [18.7706486, 59.2541385], [18.7704503, 59.2524555], [18.7668614, 59.2527228]]], [[[18.7730311, 59.2533207], [18.7798102, 59.2576196], [18.7740414, 59.2506957], [18.7730311, 59.2533207]]], [[[18.7921001, 59.2554334], [18.7951649, 59.2586847], [18.792699, 59.254885], [18.7921001, 59.2554334]]], [[[18.8028392, 59.2598173], [18.808402, 59.2613894], [18.807981, 59.2582585], [18.8028392, 59.2598173]]], [[[18.737542, 59.2727844], [18.7273393, 59.2763884], [18.7856293, 59.3031083], [18.7900417, 59.2991476], [18.7805941, 59.2950592], [18.8190115, 59.2904028], [18.7688401, 59.2552759], [18.7348201, 59.2623132], [18.737542, 59.2727844]]], [[[18.7581427, 59.303994], [18.7623534, 59.3067459], [18.7689026, 59.3049232], [18.7581427, 59.303994]]], [[[18.7855974, 59.3714316], [18.7870346, 59.3751722], [18.7918934, 59.3725049], [18.7855974, 59.3714316]]], [[[18.7710169, 59.3754444], [18.7774848, 59.3774049], [18.7712544, 59.3744744], [18.7710169, 59.3754444]]], [[[18.7697319, 59.3775343], [18.7650264, 59.3851851], [18.7755713, 59.3791772], [18.7697319, 59.3775343]]], [[[18.7671868, 59.3896862], [18.7938029, 59.3799811], [18.7690177, 59.3862486], [18.7671868, 59.3896862]]], [[[18.8073767, 59.3854719], [18.7960975, 59.3863384], [18.8002584, 59.3948346], [18.8073767, 59.3854719]]], [[[18.7662014, 59.3915876], [18.7623954, 59.3882674], [18.7636882, 59.3921707], [18.7662014, 59.3915876]]], [[[18.7762456, 59.3908129], [18.7832171, 59.3949783], [18.7930913, 59.3877433], [18.7762456, 59.3908129]]], [[[18.7924271, 59.3907208], [18.7875664, 59.3944263], [18.7967238, 59.3956114], [18.7924271, 59.3907208]]], [[[18.7850053, 59.4010216], [18.7813388, 59.3982218], [18.7831391, 59.4014293], [18.7850053, 59.4010216]]], [[[18.7548247, 59.4007739], [18.7628119, 59.4046856], [18.7666497, 59.4003788], [18.7548247, 59.4007739]]], [[[18.7917933, 59.4033221], [18.7837797, 59.4039438], [18.7947824, 59.4091445], [18.7917933, 59.4033221]]], [[[18.7814708, 59.409153], [18.7831783, 59.4105468], [18.7844762, 59.4058758], [18.7814708, 59.409153]]], [[[18.7681797, 59.4076098], [18.7779183, 59.4129868], [18.7795804, 59.4044459], [18.7681797, 59.4076098]]], [[[18.7944344, 59.4195127], [18.7966578, 59.4169156], [18.7816941, 59.4162774], [18.7944344, 59.4195127]]], [[[18.8040639, 59.4194877], [18.7995961, 59.416852], [18.7946504, 59.4221603], [18.8040639, 59.4194877]]], [[[18.7603267, 59.4251146], [18.7626779, 59.4267779], [18.7631362, 59.42211], [18.7603267, 59.4251146]]], [[[18.7970413, 59.435403], [18.7935153, 59.4328439], [18.7813083, 59.4350814], [18.7970413, 59.435403]]], [[[18.7768744, 59.4366319], [18.7570446, 59.436978], [18.7604973, 59.4386217], [18.7768744, 59.4366319]]], [[[18.8051871, 59.43818], [18.7991224, 59.4374271], [18.8003901, 59.4404895], [18.8051871, 59.43818]]], [[[18.7742848, 59.4426477], [18.7761029, 59.4428012], [18.7748165, 59.4398255], [18.7742848, 59.4426477]]], [[[18.7728574, 59.4383705], [18.7660172, 59.4407885], [18.7723165, 59.4443106], [18.7728574, 59.4383705]]], [[[18.7916657, 59.4438452], [18.788544, 59.4510401], [18.8077494, 59.4509605], [18.8068917, 59.4451506], [18.7782455, 59.4383832], [18.7916657, 59.4438452]]], [[[18.7891102, 59.5520714], [18.7852853, 59.5533735], [18.7944639, 59.5566734], [18.7891102, 59.5520714]]], [[[18.7588927, 59.5528629], [18.7550883, 59.5561482], [18.7570162, 59.5563575], [18.7588927, 59.5528629]]], [[[18.7490311, 59.5610222], [18.7598546, 59.565935], [18.7769785, 59.5641935], [18.7653485, 59.5562481], [18.7490311, 59.5610222]]], [[[18.8068825, 59.5662886], [18.7959837, 59.5568608], [18.7755359, 59.556054], [18.7708746, 59.5585895], [18.7806722, 59.5573723], [18.7883402, 59.5684296], [18.8068825, 59.5662886]]], [[[18.7556649, 59.6109868], [18.7656669, 59.6127621], [18.7586199, 59.6079893], [18.7556649, 59.6109868]]], [[[18.7695958, 59.609649], [18.7783452, 59.6166491], [18.7786346, 59.6097114], [18.7695958, 59.609649]]], [[[18.8003803, 59.625017], [18.7939934, 59.6178772], [18.7903652, 59.62678], [18.8003803, 59.625017]]], [[[18.7618728, 59.6163166], [18.7539911, 59.620825], [18.7740343, 59.628786], [18.7618728, 59.6163166]]], [[[18.8058322, 59.6357053], [18.8139336, 59.635952], [18.7952262, 59.6290444], [18.8029462, 59.6379342], [18.8058322, 59.6357053]]], [[[18.7922847, 59.6381208], [18.7935396, 59.6405058], [18.7980454, 59.6369337], [18.7922847, 59.6381208]]], [[[18.7835848, 59.6358175], [18.7684582, 59.6366858], [18.7774157, 59.6332413], [18.7598848, 59.6362026], [18.7697993, 59.6429816], [18.7646602, 59.6474167], [18.7811923, 59.6552872], [18.7959274, 59.648381], [18.7847124, 59.645004], [18.7895892, 59.6431458], [18.7835848, 59.6358175]]], [[[18.7988528, 59.6462126], [18.8029859, 59.6534123], [18.8088861, 59.6484375], [18.7988528, 59.6462126]]], [[[18.792218, 59.6570917], [18.8050662, 59.6625752], [18.7964626, 59.6585701], [18.792218, 59.6570917]]], [[[18.7813287, 59.66757], [18.7692847, 59.6578038], [18.7562884, 59.6587482], [18.7813287, 59.66757]]], [[[18.7635701, 59.6687115], [18.7589203, 59.6687262], [18.7638276, 59.6728182], [18.7635701, 59.6687115]]], [[[18.8004017, 59.6752192], [18.8064694, 59.6756432], [18.8076915, 59.6747527], [18.8004017, 59.6752192]]], [[[18.7617457, 59.681081], [18.7873777, 59.6760232], [18.7756105, 59.671631], [18.7617457, 59.681081]]], [[[18.7936595, 59.679111], [18.8028128, 59.678047], [18.7969757, 59.6726666], [18.7833702, 59.6800532], [18.8090787, 59.6815227], [18.7936595, 59.679111]]], [[[18.7707325, 59.6848905], [18.780363, 59.687182], [18.7806681, 59.6832865], [18.7707325, 59.6848905]]], [[[18.7982902, 59.686063], [18.7886087, 59.6851409], [18.7963528, 59.6868452], [18.7982902, 59.686063]]], [[[18.780275, 60.111603], [18.7883892, 60.1135315], [18.7831074, 60.110221], [18.780275, 60.111603]]], [[[18.777578, 60.1150546], [18.782127, 60.1157295], [18.7803031, 60.113932], [18.777578, 60.1150546]]], [[[18.7850252, 60.1229232], [18.7898411, 60.1198066], [18.7770523, 60.1191659], [18.7850252, 60.1229232]]], [[[18.8046348, 60.1238558], [18.8020518, 60.1232867], [18.7968577, 60.1250229], [18.8046348, 60.1238558]]], [[[18.761875, 60.1468244], [18.7923235, 60.142824], [18.7890458, 60.1244958], [18.7592947, 60.1271732], [18.7681487, 60.1419467], [18.761875, 60.1468244]]], [[[18.7948823, 60.1525303], [18.7838638, 60.1505359], [18.7914947, 60.145811], [18.7157464, 60.1602519], [18.7263679, 60.1629704], [18.7140566, 60.1701358], [18.7222052, 60.1919161], [18.7168488, 60.1940027], [18.746231, 60.2027738], [18.7084722, 60.2083784], [18.7066323, 60.2161575], [18.7264752, 60.2156046], [18.7244368, 60.2225014], [18.7654665, 60.2039497], [18.7617479, 60.190972], [18.7897968, 60.1899801], [18.7923664, 60.1761765], [18.7755221, 60.1750053], [18.8096774, 60.1759204], [18.8029557, 60.1714807], [18.8154347, 60.1594364], [18.8056004, 60.1580377], [18.8005739, 60.1680437], [18.7958291, 60.1568098], [18.7777913, 60.1642194], [18.7948823, 60.1525303]]], [[[18.7769449, 60.19438], [18.7840354, 60.1961744], [18.7918031, 60.1918948], [18.7769449, 60.19438]]], [[[18.777405, 60.2059609], [18.8007402, 60.2017332], [18.7804466, 60.2038338], [18.777405, 60.2059609]]], [[[18.7734461, 60.2321629], [18.7764154, 60.2345989], [18.7784814, 60.2320877], [18.7734461, 60.2321629]]], [[[18.7669498, 60.232898], [18.7632886, 60.236179], [18.7796524, 60.2386526], [18.7669498, 60.232898]]], [[[18.7921431, 60.2520366], [18.8014258, 60.2547276], [18.8184634, 60.2512258], [18.809605, 60.2455198], [18.7921431, 60.2520366]]], [[[18.8529046, 59.1341859], [18.8453977, 59.1307778], [18.8380895, 59.130351], [18.8529046, 59.1341859]]], [[[18.8148426, 59.1454809], [18.8262917, 59.1495757], [18.817498, 59.1453489], [18.8148426, 59.1454809]]], [[[18.8210549, 59.1550672], [18.8177537, 59.1537429], [18.8136344, 59.1555637], [18.8210549, 59.1550672]]], [[[18.8265108, 59.1672138], [18.8315172, 59.1688692], [18.8280445, 59.1663602], [18.8265108, 59.1672138]]], [[[18.8555128, 59.1854986], [18.8568739, 59.1836132], [18.8490358, 59.1826787], [18.8555128, 59.1854986]]], [[[18.8478241, 59.1852753], [18.8442847, 59.1863099], [18.847629, 59.1886555], [18.8478241, 59.1852753]]], [[[18.8617007, 59.1970637], [18.8617762, 59.195747], [18.8557486, 59.1943617], [18.8617007, 59.1970637]]], [[[18.8506266, 59.1958757], [18.8396374, 59.2037399], [18.8491354, 59.2108068], [18.8547223, 59.200937], [18.8506266, 59.1958757]]], [[[18.8203552, 59.2061532], [18.8151849, 59.2072259], [18.8167339, 59.2083608], [18.8203552, 59.2061532]]], [[[18.8271496, 59.243316], [18.8289574, 59.2395327], [18.822453, 59.2396178], [18.8271496, 59.243316]]], [[[18.8240537, 59.2444618], [18.8214044, 59.2394846], [18.8189375, 59.2439399], [18.8240537, 59.2444618]]], [[[18.880341, 59.2563977], [18.8836884, 59.2553447], [18.8735818, 59.2553886], [18.880341, 59.2563977]]], [[[18.8899881, 59.2608564], [18.8967821, 59.2580856], [18.880341, 59.2599515], [18.8899881, 59.2608564]]], [[[18.8036387, 59.2785837], [18.8181925, 59.2825968], [18.8101186, 59.2779185], [18.8036387, 59.2785837]]], [[[18.921536, 59.2876185], [18.9333729, 59.2776882], [18.9017399, 59.2795977], [18.895717, 59.2906534], [18.921536, 59.2876185]]], [[[18.8538622, 59.2948666], [18.8684749, 59.2987231], [18.8739466, 59.2910644], [18.8575342, 59.287634], [18.8538622, 59.2948666]]], [[[18.8386917, 59.2997639], [18.8098583, 59.2999145], [18.8271689, 59.3078697], [18.85854, 59.2980329], [18.8450002, 59.2973318], [18.8523667, 59.2901022], [18.8386917, 59.2997639]]], [[[18.876543, 59.3003664], [18.871416, 59.3030962], [18.8844394, 59.3010018], [18.876543, 59.3003664]]], [[[18.8970565, 59.3085926], [18.9007902, 59.3068511], [18.8967561, 59.3048467], [18.8970565, 59.3085926]]], [[[18.8892245, 59.30431], [18.8495278, 59.305953], [18.8700628, 59.3126009], [18.9049628, 59.311258], [18.8808345, 59.3105092], [18.8892245, 59.30431]]], [[[18.821783, 59.313466], [18.8331985, 59.3164445], [18.8289499, 59.3116043], [18.821783, 59.313466]]], [[[18.8884811, 59.3175368], [18.8948482, 59.3161612], [18.8795976, 59.3151607], [18.8884811, 59.3175368]]], [[[18.8561225, 59.3265941], [18.84947, 59.3191852], [18.8567012, 59.3181451], [18.8320517, 59.318739], [18.8561225, 59.3265941]]], [[[18.8909781, 59.3248026], [18.8615819, 59.3186596], [18.8920594, 59.3423285], [18.8936835, 59.3384935], [18.9044344, 59.3363536], [18.8832917, 59.3248869], [18.8909781, 59.3248026]]], [[[18.8256658, 59.3319388], [18.8350132, 59.337243], [18.8314873, 59.3296163], [18.8256658, 59.3319388]]], [[[18.9218223, 59.3399314], [18.905223, 59.3367215], [18.9012229, 59.341901], [18.9137556, 59.3433169], [18.9218223, 59.3399314]]], [[[18.8939467, 59.3432973], [18.9012694, 59.3402834], [18.8935393, 59.3410411], [18.8939467, 59.3432973]]], [[[18.9231046, 59.3498491], [18.9112177, 59.3448637], [18.8699439, 59.3417728], [18.880831, 59.3463885], [18.8727106, 59.3459973], [18.879746, 59.3540334], [18.8927975, 59.3477683], [18.8938464, 59.3548045], [18.9116964, 59.3587472], [18.9170609, 59.3539021], [18.9096928, 59.3500218], [18.9231046, 59.3498491]]], [[[18.8392932, 59.3540073], [18.8337416, 59.3524199], [18.8344808, 59.3579754], [18.8392932, 59.3540073]]], [[[18.8113646, 59.3594434], [18.8166161, 59.3594659], [18.8141913, 59.3566035], [18.8113646, 59.3594434]]], [[[18.9006596, 59.3582159], [18.8989057, 59.360233], [18.9085424, 59.363575], [18.9006596, 59.3582159]]], [[[18.8240665, 59.3663553], [18.8114754, 59.3677295], [18.8221735, 59.3680667], [18.8240665, 59.3663553]]], [[[18.8016415, 59.3663402], [18.8068074, 59.3682221], [18.7976998, 59.3751278], [18.8153994, 59.3700833], [18.8016415, 59.3663402]]], [[[18.8198832, 59.382064], [18.8172454, 59.3760199], [18.8250657, 59.3735641], [18.8193798, 59.3702391], [18.8032746, 59.3793349], [18.8198832, 59.382064]]], [[[18.8998561, 59.3768388], [18.8773327, 59.3729378], [18.8872625, 59.3841048], [18.8998561, 59.3768388]]], [[[18.899407, 59.3834065], [18.8960073, 59.3820005], [18.8984608, 59.3857044], [18.899407, 59.3834065]]], [[[18.8839898, 59.389574], [18.8840134, 59.3916517], [18.8916, 59.3886708], [18.8839898, 59.389574]]], [[[18.8890954, 59.391603], [18.894375, 59.3927931], [18.8979776, 59.3897503], [18.8890954, 59.391603]]], [[[18.8288123, 59.3849128], [18.8186532, 59.3925885], [18.8164522, 59.3849658], [18.8049781, 59.3994667], [18.8134824, 59.393372], [18.8094698, 59.4007079], [18.8189283, 59.4024404], [18.8326478, 59.3911048], [18.8288123, 59.3849128]]], [[[18.9062715, 59.3997142], [18.8890077, 59.3923617], [18.8860582, 59.39389], [18.9062715, 59.3997142]]], [[[18.8707295, 59.3971408], [18.8745898, 59.4016392], [18.8744291, 59.3950161], [18.8707295, 59.3971408]]], [[[18.852129, 59.3947601], [18.8440612, 59.4025427], [18.867538, 59.4084033], [18.8748471, 59.4029087], [18.8662748, 59.398379], [18.8679913, 59.3885502], [18.8443348, 59.390329], [18.852129, 59.3947601]]], [[[18.8985145, 59.4142129], [18.9128643, 59.4182401], [18.8829848, 59.4010724], [18.8700012, 59.4084721], [18.8572397, 59.4128108], [18.851256, 59.4228212], [18.8574904, 59.4273267], [18.8515145, 59.4288533], [18.869911, 59.4413106], [18.9232528, 59.4473412], [18.9148602, 59.4445733], [18.9299852, 59.4397514], [18.8985145, 59.4142129]]], [[[18.8185771, 59.442124], [18.8163949, 59.4427271], [18.8189888, 59.4465533], [18.8185771, 59.442124]]], [[[18.8181139, 59.450755], [18.8209038, 59.4551027], [18.8213684, 59.4510205], [18.8181139, 59.450755]]], [[[18.8231324, 59.4512072], [18.8224066, 59.454602], [18.8294038, 59.4559334], [18.8231324, 59.4512072]]], [[[18.8087346, 59.4562375], [18.8123042, 59.4538493], [18.8109256, 59.4523529], [18.8087346, 59.4562375]]], [[[18.8998586, 59.457329], [18.9217709, 59.4567954], [18.8931933, 59.4516522], [18.8998586, 59.457329]]], [[[18.8130236, 59.4571601], [18.8143227, 59.4531132], [18.8100508, 59.456249], [18.8130236, 59.4571601]]], [[[18.8438957, 59.4653304], [18.8485089, 59.4631854], [18.8403028, 59.4634761], [18.8438957, 59.4653304]]], [[[18.8545433, 59.4641279], [18.8488519, 59.4640403], [18.8496345, 59.4685535], [18.8545433, 59.4641279]]], [[[18.8693411, 59.5611908], [18.870178, 59.5618322], [18.8732464, 59.5588535], [18.8693411, 59.5611908]]], [[[18.8190275, 59.5642451], [18.8204813, 59.5588261], [18.8161737, 59.5618727], [18.8190275, 59.5642451]]], [[[18.8360268, 59.5701299], [18.832101, 59.5722944], [18.8426206, 59.5720177], [18.8360268, 59.5701299]]], [[[18.8511621, 59.5718507], [18.8483557, 59.5741214], [18.8544775, 59.5722462], [18.8511621, 59.5718507]]], [[[18.8846212, 59.5765087], [18.8911336, 59.5738519], [18.8854151, 59.5733194], [18.8846212, 59.5765087]]], [[[18.836293, 59.5928386], [18.8463333, 59.5942209], [18.8379404, 59.5844318], [18.836293, 59.5928386]]], [[[18.8301451, 59.5910615], [18.8327112, 59.5947435], [18.833562, 59.5913875], [18.8301451, 59.5910615]]], [[[18.856859, 59.6012056], [18.8197832, 59.5914901], [18.8323906, 59.5896676], [18.8266336, 59.5832912], [18.8158961, 59.586683], [18.7442157, 59.56862], [18.7554005, 59.578481], [18.7737678, 59.5767857], [18.7768732, 59.5828808], [18.7670005, 59.5840916], [18.7819072, 59.58862], [18.7856542, 59.5800203], [18.8335858, 59.6139989], [18.9469469, 59.6641927], [18.9152462, 59.6394996], [18.8673196, 59.6186404], [18.8704774, 59.6137873], [18.856859, 59.6012056]]], [[[18.8388332, 59.6396113], [18.8439723, 59.6364849], [18.8377764, 59.6326532], [18.8388332, 59.6396113]]], [[[18.8224541, 59.6428727], [18.8320199, 59.6373752], [18.8194886, 59.6347069], [18.8224541, 59.6428727]]], [[[18.808052, 59.6397452], [18.8041178, 59.6371891], [18.8062056, 59.6414075], [18.808052, 59.6397452]]], [[[18.8088295, 59.6400096], [18.8073286, 59.6433064], [18.8188997, 59.6423252], [18.8088295, 59.6400096]]], [[[18.8489778, 59.6449323], [18.8586608, 59.648561], [18.8681138, 59.6486744], [18.8489778, 59.6449323]]], [[[18.8961674, 59.6529027], [18.887583, 59.6525452], [18.8937183, 59.6538717], [18.8961674, 59.6529027]]], [[[18.814478, 59.6481114], [18.8371037, 59.6583734], [18.8306076, 59.6492449], [18.8456572, 59.6564173], [18.8576611, 59.6522877], [18.8532875, 59.6491554], [18.814478, 59.6481114]]], [[[18.8069699, 59.6569613], [18.8073376, 59.6607899], [18.8132209, 59.6606631], [18.8069699, 59.6569613]]], [[[18.8780558, 59.6738233], [18.907367, 59.6670153], [18.8845859, 59.6562865], [18.8677743, 59.6582162], [18.877618, 59.6609905], [18.8735697, 59.6652682], [18.8419903, 59.6626015], [18.8564816, 59.6750921], [18.8684602, 59.6742374], [18.8654757, 59.6784948], [18.8899667, 59.6762117], [18.8780558, 59.6738233]]], [[[18.8123735, 59.6683844], [18.8343462, 59.6728315], [18.8272111, 59.6623671], [18.829798, 59.6678935], [18.8123735, 59.6683844]]], [[[18.8956634, 59.6744368], [18.888499, 59.6742529], [18.8891993, 59.6751871], [18.8956634, 59.6744368]]], [[[18.8353197, 59.681374], [18.8079403, 59.6804076], [18.8350954, 59.6866372], [18.8571639, 59.6807297], [18.833587, 59.6652316], [18.8395895, 59.6739853], [18.8190216, 59.6726964], [18.8353197, 59.681374]]], [[[18.8590298, 59.6813207], [18.8606895, 59.6810083], [18.8656634, 59.6796877], [18.8590298, 59.6813207]]], [[[18.9128588, 59.6826371], [18.8794763, 59.6824337], [18.8769534, 59.6891808], [18.9128588, 59.6826371]]], [[[18.8646627, 59.6880747], [18.8613523, 59.6837114], [18.859835, 59.688201], [18.8646627, 59.6880747]]], [[[18.8521176, 59.6964501], [18.8468283, 59.6906686], [18.839695, 59.69401], [18.8521176, 59.6964501]]], [[[18.8682214, 59.6918864], [18.8651267, 59.6938029], [18.8813473, 59.6971337], [18.8682214, 59.6918864]]], [[[18.8642246, 59.6984523], [18.8652913, 59.6948542], [18.8606181, 59.6976576], [18.8642246, 59.6984523]]], [[[18.8913449, 59.6975187], [18.8871424, 59.6944238], [18.8864526, 59.6992157], [18.8913449, 59.6975187]]], [[[18.8438073, 59.7715709], [18.8598662, 59.7736944], [18.8489016, 59.7680034], [18.8438073, 59.7715709]]], [[[18.8081619, 60.1343624], [18.8184589, 60.1279253], [18.7969007, 60.1338656], [18.8081619, 60.1343624]]], [[[18.8175416, 60.1745837], [18.8210258, 60.1713553], [18.8132957, 60.1712058], [18.8175416, 60.1745837]]], [[[18.8390757, 60.1867564], [18.8377064, 60.189172], [18.8488195, 60.1893792], [18.8390757, 60.1867564]]], [[[18.9368996, 59.2489148], [18.9293842, 59.2465519], [18.9356762, 59.249787], [18.9368996, 59.2489148]]], [[[18.9237692, 59.2490439], [18.9196639, 59.2490096], [18.9280111, 59.2506972], [18.9237692, 59.2490439]]], [[[19.0283775, 59.2769038], [19.0210604, 59.2772984], [19.024322, 59.2789976], [19.0283775, 59.2769038]]], [[[18.9726304, 59.2854863], [18.9516448, 59.2816283], [18.9450144, 59.28687], [18.9580821, 59.2896179], [18.9726304, 59.2854863]]], [[[18.9130717, 59.2912559], [18.9203452, 59.2907014], [18.9138035, 59.2908184], [18.9130717, 59.2912559]]], [[[18.9295867, 59.2927492], [18.9601635, 59.2947351], [18.9341109, 59.2873537], [18.9295867, 59.2927492]]], [[[18.9213478, 59.2944501], [18.9308194, 59.2909499], [18.9213581, 59.2901264], [18.9213478, 59.2944501]]], [[[18.9888095, 59.2929162], [18.9825439, 59.2915356], [18.9748332, 59.2939456], [18.9809989, 59.2950638], [18.9888095, 59.2929162]]], [[[18.9278386, 59.336214], [18.9240994, 59.3374791], [18.9240629, 59.3388578], [18.9278386, 59.336214]]], [[[18.9402343, 59.3396326], [18.9310382, 59.3368203], [18.9293437, 59.3391558], [18.9402343, 59.3396326]]], [[[18.9249784, 59.3420718], [18.9192275, 59.3429846], [18.9210667, 59.3454971], [18.9249784, 59.3420718]]], [[[18.9392708, 59.3522399], [18.9263584, 59.347632], [18.9360624, 59.3584295], [18.9392708, 59.3522399]]], [[[18.9730105, 59.3614511], [18.9753474, 59.3597436], [18.9720979, 59.3577586], [18.9730105, 59.3614511]]], [[[18.9660937, 59.3611164], [18.9664489, 59.3596387], [18.9578969, 59.3591152], [18.9660937, 59.3611164]]], [[[18.9413009, 59.3712233], [18.9555584, 59.3769309], [18.9604202, 59.3696055], [18.9525539, 59.3558014], [18.9402801, 59.3535592], [18.9413009, 59.3712233]]], [[[18.9656438, 59.3732296], [18.9777245, 59.3757219], [18.9690127, 59.3613669], [18.9656438, 59.3732296]]], [[[18.9168511, 59.3766762], [18.9252109, 59.3670397], [18.9178576, 59.3618541], [18.9168511, 59.3766762]]], [[[18.9292762, 59.3686413], [18.9253468, 59.369438], [18.9291429, 59.3708445], [18.9292762, 59.3686413]]], [[[18.9943424, 59.3731501], [18.998159, 59.3723071], [18.9958716, 59.3687996], [18.9943424, 59.3731501]]], [[[19.0069304, 59.3790581], [19.0035059, 59.3713201], [19.0008713, 59.3791018], [19.0069304, 59.3790581]]], [[[19.0230632, 59.3797614], [19.0161538, 59.37528], [19.0187752, 59.3787705], [19.0230632, 59.3797614]]], [[[18.9916378, 59.3800609], [18.9960326, 59.3753647], [18.9889133, 59.3768055], [18.9916378, 59.3800609]]], [[[19.0124632, 59.3774375], [19.0104121, 59.3810003], [19.0177252, 59.3819768], [19.0124632, 59.3774375]]], [[[18.9700185, 59.3815025], [18.9618741, 59.3730005], [18.9511115, 59.3855115], [18.9610161, 59.38882], [18.9700185, 59.3815025]]], [[[18.987513, 59.3836086], [18.9889307, 59.3799466], [18.9833163, 59.379039], [18.987513, 59.3836086]]], [[[19.0051769, 59.3838835], [19.0076814, 59.381688], [19.003475, 59.3796657], [19.0051769, 59.3838835]]], [[[18.9975138, 59.3762788], [18.9943877, 59.3862432], [19.0010342, 59.3875886], [18.9961754, 59.3830748], [18.9975138, 59.3762788]]], [[[18.9859341, 59.3866445], [18.9825881, 59.3784789], [18.9826743, 59.3862659], [18.9859341, 59.3866445]]], [[[18.9136567, 59.3808971], [18.9067887, 59.4016355], [18.9001421, 59.4049672], [18.9273567, 59.4088764], [18.9369925, 59.3978747], [18.9317536, 59.3936443], [18.9444535, 59.3901934], [18.9520946, 59.3771313], [18.9437169, 59.3738751], [18.9343142, 59.3649078], [18.9170159, 59.3959124], [18.919945, 59.3816494], [18.9136567, 59.3808971]]], [[[18.9789316, 59.3965452], [18.9774285, 59.3939673], [18.9749568, 59.3971487], [18.9789316, 59.3965452]]], [[[19.0065086, 59.3992319], [19.0078792, 59.3941168], [19.0008652, 59.3934572], [19.0065086, 59.3992319]]], [[[18.9849826, 59.3985167], [18.9872133, 59.3975758], [18.9825435, 59.3949411], [18.9849826, 59.3985167]]], [[[18.9410587, 59.3970335], [18.9334828, 59.4165733], [18.941461, 59.4189471], [18.9347246, 59.4197379], [18.9776889, 59.4166375], [18.9760313, 59.4071891], [18.9557303, 59.4082422], [18.9642604, 59.4012219], [18.946639, 59.3917081], [18.9533713, 59.3975415], [18.9410587, 59.3970335]]], [[[19.0274969, 59.4161926], [19.0178034, 59.4137947], [19.0225053, 59.4196328], [19.0097594, 59.420558], [19.0238592, 59.4218297], [19.0274969, 59.4161926]]], [[[18.9292489, 59.4363487], [18.9283785, 59.43406], [18.925361, 59.4348327], [18.9292489, 59.4363487]]], [[[18.9474276, 59.4413456], [18.9294812, 59.4429864], [18.9436939, 59.444452], [18.9474276, 59.4413456]]], [[[18.9552261, 59.4420622], [18.9547655, 59.4439354], [18.959641, 59.4434961], [18.9552261, 59.4420622]]], [[[18.9684722, 59.4636748], [18.9650001, 59.4590907], [18.9615172, 59.4644734], [18.9684722, 59.4636748]]], [[[18.976661, 59.4614191], [18.9695796, 59.4618565], [18.97084, 59.4637469], [18.976661, 59.4614191]]], [[[18.942294, 59.4661118], [18.9378266, 59.463614], [18.9386796, 59.4669172], [18.942294, 59.4661118]]], [[[18.9813755, 59.4739456], [18.9796892, 59.4676328], [18.9701563, 59.4697042], [18.973361, 59.4744063], [18.9813755, 59.4739456]]], [[[18.9520016, 59.4697208], [18.9423526, 59.4709791], [18.9453257, 59.4747334], [18.9520016, 59.4697208]]], [[[18.9560302, 59.4749533], [18.9688514, 59.4767803], [18.9583414, 59.468924], [18.9560302, 59.4749533]]], [[[18.9637417, 59.4807971], [18.9684476, 59.482961], [18.9651599, 59.479971], [18.9637417, 59.4807971]]], [[[18.9772159, 59.4854094], [18.9896501, 59.4884675], [18.984214, 59.4812496], [18.9772159, 59.4854094]]], [[[19.01394, 59.5340342], [19.0175666, 59.5357186], [19.0210771, 59.5362025], [19.01394, 59.5340342]]], [[[19.0132731, 59.5621309], [19.0242326, 59.5679733], [19.0325475, 59.5650576], [19.0132731, 59.5621309]]], [[[19.0078499, 59.5733935], [19.0011361, 59.5746854], [19.0041562, 59.5770107], [19.0078499, 59.5733935]]], [[[18.9329213, 59.5772064], [18.9322758, 59.5774561], [18.9437789, 59.5805687], [18.9329213, 59.5772064]]], [[[18.9363755, 59.5833256], [18.9383591, 59.5862127], [18.9402366, 59.5841841], [18.9363755, 59.5833256]]], [[[18.9655729, 59.5838025], [18.9713166, 59.5866077], [18.97512, 59.5865425], [18.9655729, 59.5838025]]], [[[18.9875881, 59.636013], [18.9826928, 59.6286207], [18.9887024, 59.6254621], [18.9607511, 59.6234144], [18.9693556, 59.6213707], [18.9653486, 59.6171097], [18.9503935, 59.6220447], [18.9214395, 59.616817], [18.9396616, 59.6273016], [18.9258778, 59.625832], [18.9146876, 59.617059], [18.9151616, 59.6049339], [18.906044, 59.6018691], [18.9172477, 59.5999606], [18.9100975, 59.5936271], [18.9140701, 59.589141], [18.8963824, 59.590868], [18.9096534, 59.5839749], [18.9025362, 59.579764], [18.8933759, 59.5887306], [18.8980404, 59.5769085], [18.8822708, 59.5807531], [18.8810806, 59.5988361], [18.8755553, 59.5878617], [18.8810377, 59.5881386], [18.8829796, 59.5729391], [18.8754322, 59.5817189], [18.8492973, 59.5852744], [18.8661125, 59.5955678], [18.860067, 59.5984133], [18.8725665, 59.6110559], [18.8902798, 59.6105763], [18.882084, 59.612315], [18.8923824, 59.6165798], [18.8796792, 59.6150555], [18.9225116, 59.6346427], [18.9283682, 59.6459249], [18.9589946, 59.656213], [18.9722861, 59.6448408], [18.9722561, 59.6327637], [18.9875881, 59.636013]]], [[[18.9772613, 59.6180901], [18.9828267, 59.614805], [18.9738345, 59.6187241], [18.9772613, 59.6180901]]], [[[19.0107093, 59.6207594], [19.019165, 59.6237248], [19.0092256, 59.6289557], [19.0314336, 59.6375612], [19.0380501, 59.6292518], [19.0107093, 59.6207594]]], [[[19.0121431, 59.6336753], [19.0017903, 59.6252982], [19.0056144, 59.635059], [19.0121431, 59.6336753]]], [[[18.9711944, 59.662284], [18.9680329, 59.659007], [18.9668878, 59.6618259], [18.9711944, 59.662284]]], [[[18.9348781, 59.6670468], [18.8967446, 59.6572875], [18.9231767, 59.6693684], [18.9348781, 59.6670468]]], [[[18.9851971, 59.6717469], [18.9897826, 59.675524], [18.9936876, 59.6724866], [18.9851971, 59.6717469]]], [[[19.0410079, 59.6871317], [19.0246323, 59.6759342], [19.0089038, 59.6806389], [19.0177177, 59.6848577], [19.0410079, 59.6871317]]], [[[19.0303354, 59.688581], [19.0264448, 59.687132], [19.0257139, 59.6894024], [19.0303354, 59.688581]]], [[[18.9886888, 59.6885189], [18.9805778, 59.688703], [18.9961013, 59.6941905], [18.9886888, 59.6885189]]], [[[18.9473262, 59.6939889], [18.9456945, 59.6918668], [18.9387925, 59.6942037], [18.9473262, 59.6939889]]], [[[18.9114941, 59.6988944], [18.9118267, 59.6994086], [18.9192993, 59.6961796], [18.9114941, 59.6988944]]], [[[18.9708434, 59.6995473], [18.974318, 59.6997328], [18.9719431, 59.6969137], [18.9708434, 59.6995473]]], [[[18.9547107, 59.7045911], [18.9452297, 59.7026136], [18.942323, 59.7057938], [18.9547107, 59.7045911]]], [[[18.9062976, 59.7092648], [18.9328418, 59.7050858], [18.9078546, 59.7012147], [18.9134057, 59.7051974], [18.9062976, 59.7092648]]], [[[18.9379753, 59.7109289], [18.9438517, 59.7093799], [18.9355881, 59.7055596], [18.9379753, 59.7109289]]], [[[18.9367382, 59.7134675], [18.9362522, 59.7114767], [18.931907, 59.7131892], [18.9367382, 59.7134675]]], [[[18.9910925, 59.777662], [18.9860654, 59.7754633], [18.9717002, 59.7775182], [18.9910925, 59.777662]]], [[[18.9268622, 59.7828008], [18.9331598, 59.7823706], [18.930169, 59.7803362], [18.9268622, 59.7828008]]], [[[18.9215597, 59.7826716], [18.9125952, 59.7822872], [18.9293033, 59.7839236], [18.9215597, 59.7826716]]], [[[19.0248444, 59.7862769], [19.0190025, 59.783365], [19.0222534, 59.7878058], [19.0248444, 59.7862769]]], [[[19.0176605, 59.7881747], [18.9950643, 59.7819207], [19.0154732, 59.7931325], [19.0176605, 59.7881747]]], [[[19.0100145, 59.8000101], [19.0082754, 59.7939011], [19.0050419, 59.801979], [19.0100145, 59.8000101]]], [[[18.9922855, 59.7825356], [18.9337921, 59.7831836], [18.9350697, 59.7906879], [18.8893688, 59.7795268], [18.8735075, 59.787941], [18.8918063, 59.7984264], [18.9430499, 59.8395738], [18.952067, 59.8596674], [18.9540766, 59.8530167], [18.9653501, 59.8587157], [18.9879316, 59.8453552], [18.9875026, 59.8282347], [18.9975503, 59.8244642], [18.9825677, 59.8115123], [18.9982199, 59.8137263], [18.9733677, 59.7994719], [18.9980217, 59.805512], [19.0009111, 59.7956421], [18.9922855, 59.7825356]]], [[[19.0297415, 59.8193838], [19.0205602, 59.8244497], [19.0295447, 59.8305665], [19.0297415, 59.8193838]]], [[[18.9412075, 59.8693075], [18.9474396, 59.8717656], [18.9467275, 59.8689668], [18.9412075, 59.8693075]]], [[[18.9141132, 59.9101838], [18.9209327, 59.9074295], [18.9165765, 59.9052327], [18.9141132, 59.9101838]]], [[[18.9873712, 59.9122819], [18.9874706, 59.909488], [18.9780597, 59.9147591], [18.9873712, 59.9122819]]], [[[18.9230101, 59.9088446], [18.9123987, 59.9153362], [18.91693, 59.91858], [18.9230101, 59.9088446]]], [[[18.9505236, 59.9223741], [18.9490585, 59.9208926], [18.9462565, 59.9233513], [18.9505236, 59.9223741]]], [[[18.9213455, 60.2762987], [18.9218715, 60.274694], [18.9166455, 60.2761718], [18.9213455, 60.2762987]]], [[[19.1434764, 59.3050329], [19.1516251, 59.3018896], [19.137597, 59.3006184], [19.1434764, 59.3050329]]], [[[19.153414, 59.3543342], [19.1472128, 59.3536123], [19.1508606, 59.357145], [19.153414, 59.3543342]]], [[[19.1406426, 59.3622537], [19.139205, 59.3552218], [19.135879, 59.3532203], [19.1406426, 59.3622537]]], [[[19.1322462, 59.3630599], [19.1290502, 59.3600831], [19.1217975, 59.3672453], [19.1322462, 59.3630599]]], [[[19.1440303, 59.3742665], [19.1480858, 59.3663842], [19.1406834, 59.3678107], [19.1440303, 59.3742665]]], [[[19.0260351, 59.3923114], [19.0278496, 59.3960241], [19.0310035, 59.3920445], [19.0260351, 59.3923114]]], [[[19.1959684, 59.4266914], [19.1928724, 59.423745], [19.1942778, 59.4286678], [19.1959684, 59.4266914]]], [[[19.1880304, 59.4311488], [19.1940037, 59.4345507], [19.1939957, 59.4317661], [19.1880304, 59.4311488]]], [[[19.1748427, 59.5001396], [19.1650387, 59.4925481], [19.1712637, 59.5044716], [19.1748427, 59.5001396]]], [[[19.036663, 59.5076963], [19.0371909, 59.5050654], [19.0300213, 59.5039851], [19.036663, 59.5076963]]], [[[19.1870642, 59.5171825], [19.1898885, 59.515219], [19.1867852, 59.5121097], [19.1870642, 59.5171825]]], [[[19.0741005, 59.5243504], [19.0631114, 59.5204657], [19.0583014, 59.52139], [19.0741005, 59.5243504]]], [[[19.0529269, 59.5649571], [19.0115404, 59.5754392], [19.0506029, 59.5805396], [19.0781916, 59.5752929], [19.0529269, 59.5649571]]], [[[19.1358712, 59.5835911], [19.1472329, 59.5869517], [19.1466437, 59.5842323], [19.1358712, 59.5835911]]], [[[19.1428698, 59.5900011], [19.1554705, 59.5945521], [19.1529949, 59.5876365], [19.1428698, 59.5900011]]], [[[19.1546837, 59.5875776], [19.1593684, 59.5956364], [19.1771178, 59.5905531], [19.1546837, 59.5875776]]], [[[19.1854904, 59.5943443], [19.1785987, 59.5929783], [19.178588, 59.5950689], [19.1854904, 59.5943443]]], [[[19.1807034, 59.6001718], [19.1765091, 59.598103], [19.1777324, 59.6016337], [19.1807034, 59.6001718]]], [[[19.1827199, 59.6383118], [19.1903294, 59.6445191], [19.1862756, 59.6358376], [19.1827199, 59.6383118]]], [[[19.053731, 59.6418639], [19.0360389, 59.6398811], [19.0294675, 59.6370259], [19.0126317, 59.6399072], [19.0329454, 59.6545761], [19.053731, 59.6418639]]], [[[19.1390926, 59.6535564], [19.1487193, 59.6572954], [19.1552961, 59.6560325], [19.1475684, 59.6496589], [19.1390926, 59.6535564]]], [[[19.1180509, 59.6578916], [19.1286889, 59.6579383], [19.1477648, 59.6606806], [19.1347465, 59.6550498], [19.1180509, 59.6578916]]], [[[19.1947602, 59.6615258], [19.1810165, 59.6577836], [19.1763173, 59.6675839], [19.1832588, 59.6713792], [19.1857587, 59.6609351], [19.195994, 59.66912], [19.1947602, 59.6615258]]], [[[19.0466147, 59.6648745], [19.0373204, 59.6650681], [19.0433397, 59.6659886], [19.0466147, 59.6648745]]], [[[19.1613361, 59.6903028], [19.1597912, 59.6794018], [19.1377541, 59.684858], [19.1613361, 59.6903028]]], [[[19.1532037, 59.6984185], [19.1583535, 59.6924713], [19.1482577, 59.6888814], [19.1532037, 59.6984185]]], [[[19.1314241, 59.6959121], [19.1478181, 59.6993152], [19.1394708, 59.6923251], [19.1314241, 59.6959121]]], [[[19.1250175, 59.6957151], [19.1281581, 59.6986055], [19.1293891, 59.6944779], [19.1250175, 59.6957151]]], [[[19.0637167, 59.7023086], [19.0563911, 59.697096], [19.0490855, 59.6965868], [19.0554554, 59.7014093], [19.0637167, 59.7023086]]], [[[19.1095628, 59.7036188], [19.0985209, 59.7022961], [19.1068599, 59.7045782], [19.1095628, 59.7036188]]], [[[19.124161, 59.7118375], [19.1208508, 59.7144807], [19.1292355, 59.714235], [19.124161, 59.7118375]]], [[[19.1962448, 59.7138391], [19.1955124, 59.7119087], [19.1922194, 59.7146371], [19.1962448, 59.7138391]]], [[[19.1294701, 59.7331787], [19.1194564, 59.7298748], [19.1248935, 59.7334073], [19.1294701, 59.7331787]]], [[[19.1775909, 59.7336093], [19.1782644, 59.7361913], [19.1860501, 59.7359631], [19.1775909, 59.7336093]]], [[[19.111156, 59.7350481], [19.1115221, 59.7364966], [19.1143802, 59.7339845], [19.111156, 59.7350481]]], [[[19.1385323, 59.7371362], [19.1391525, 59.735684], [19.1323028, 59.735531], [19.1385323, 59.7371362]]], [[[19.1474926, 59.7404097], [19.1389612, 59.7384468], [19.1422891, 59.7410476], [19.1474926, 59.7404097]]], [[[19.1557237, 59.7410329], [19.1669462, 59.7433532], [19.1677931, 59.7333873], [19.1557237, 59.7410329]]], [[[19.1975244, 59.741515], [19.1944233, 59.7397809], [19.1906794, 59.7422233], [19.1975244, 59.741515]]], [[[19.0842901, 59.7444502], [19.0759491, 59.7420432], [19.0819904, 59.7465265], [19.0842901, 59.7444502]]], [[[19.1740033, 59.7464355], [19.1754401, 59.7483048], [19.1826281, 59.7445526], [19.1740033, 59.7464355]]], [[[19.152968, 59.74668], [19.1250684, 59.7391532], [19.1220434, 59.7502505], [19.1131092, 59.7392452], [19.1140928, 59.749215], [19.1023348, 59.7545899], [19.1383236, 59.7554565], [19.1415476, 59.7515013], [19.152968, 59.74668]]], [[[19.0808714, 59.7484763], [19.0891633, 59.7485287], [19.0830038, 59.7465111], [19.0808714, 59.7484763]]], [[[19.1445753, 59.7514737], [19.142054, 59.753922], [19.1494915, 59.7512151], [19.1445753, 59.7514737]]], [[[19.1864786, 59.7581022], [19.1940678, 59.7606832], [19.1972836, 59.7537926], [19.1864786, 59.7581022]]], [[[19.15473, 59.75868], [19.1625639, 59.7589201], [19.1577101, 59.7565545], [19.15473, 59.75868]]], [[[19.1420687, 59.7594268], [19.1457492, 59.7636107], [19.1516354, 59.7588206], [19.1420687, 59.7594268]]], [[[19.1535095, 59.7627118], [19.1575043, 59.7637712], [19.1560089, 59.7602169], [19.1535095, 59.7627118]]], [[[19.1282165, 59.7640083], [19.1360807, 59.7645593], [19.1348044, 59.7621971], [19.1282165, 59.7640083]]], [[[19.1658908, 59.7645076], [19.1862234, 59.7670011], [19.177568, 59.7608683], [19.1658908, 59.7645076]]], [[[19.1557958, 59.7717459], [19.152522, 59.7655152], [19.1430716, 59.7653434], [19.1482777, 59.7700743], [19.1557958, 59.7717459]]], [[[19.0316601, 59.7736986], [19.0541747, 59.7717989], [19.0485637, 59.7690458], [19.0316601, 59.7736986]]], [[[19.1221976, 59.7745094], [19.1380726, 59.7815584], [19.14692, 59.77137], [19.1380283, 59.7677849], [19.1221976, 59.7745094]]], [[[19.18313, 59.7683], [19.1599961, 59.7712671], [19.1696695, 59.7746726], [19.1529312, 59.7737474], [19.1781734, 59.7869779], [19.1998971, 59.7832224], [19.18313, 59.7683]]], [[[19.0874027, 59.7770364], [19.094657, 59.7778018], [19.093308, 59.7699488], [19.06143, 59.781885], [19.1038852, 59.7865844], [19.0874027, 59.7770364]]], [[[19.0640723, 59.7911642], [19.0652446, 59.7889061], [19.0591818, 59.7889535], [19.0640723, 59.7911642]]], [[[19.0685139, 59.7926114], [19.0797412, 59.7924312], [19.0671415, 59.7895117], [19.0685139, 59.7926114]]], [[[19.0898518, 59.787836], [19.0900857, 59.7957298], [19.0966578, 59.7919955], [19.0898518, 59.787836]]], [[[19.1289375, 59.8069829], [19.1514266, 59.8132593], [19.132036, 59.7982137], [19.1129945, 59.7945543], [19.1217256, 59.8030033], [19.1095492, 59.8000424], [19.1194514, 59.8119552], [19.1289375, 59.8069829]]], [[[19.0798884, 59.810653], [19.0812639, 59.8087384], [19.0747254, 59.8087672], [19.0798884, 59.810653]]], [[[19.0623153, 59.8126677], [19.0596956, 59.807786], [19.059963, 59.8125096], [19.0623153, 59.8126677]]], [[[19.0521228, 59.8082891], [19.0533792, 59.8122416], [19.0570518, 59.8100748], [19.0521228, 59.8082891]]], [[[19.1374293, 59.8136793], [19.1370098, 59.812946], [19.12715, 59.8132124], [19.1374293, 59.8136793]]], [[[19.1075029, 59.8115513], [19.1179443, 59.8182677], [19.1124151, 59.809301], [19.1075029, 59.8115513]]], [[[19.0442209, 59.8089443], [19.0373507, 59.8137987], [19.0398579, 59.8201632], [19.0442209, 59.8089443]]], [[[19.147958, 59.8184599], [19.1453122, 59.8171544], [19.1415444, 59.8205052], [19.147958, 59.8184599]]], [[[19.1565863, 59.8261509], [19.1503987, 59.8244556], [19.1540438, 59.8275464], [19.1565863, 59.8261509]]], [[[19.1155611, 59.8212411], [19.1065268, 59.8188306], [19.1205544, 59.8341084], [19.1155611, 59.8212411]]], [[[19.1386209, 59.8280095], [19.1293345, 59.8263301], [19.1370221, 59.833497], [19.1386209, 59.8280095]]], [[[19.1240117, 59.8334513], [19.1292094, 59.830731], [19.1230028, 59.8317382], [19.1240117, 59.8334513]]], [[[19.1169579, 59.8349526], [19.1140448, 59.8353158], [19.1174002, 59.8383845], [19.1169579, 59.8349526]]], [[[19.1345463, 59.8358635], [19.1312266, 59.8347833], [19.1312591, 59.8391776], [19.1345463, 59.8358635]]], [[[19.1326103, 59.8422531], [19.1489799, 59.8426123], [19.1517075, 59.8367215], [19.14302, 59.8325], [19.1326103, 59.8422531]]], [[[19.120376, 59.8413419], [19.1260238, 59.8412013], [19.1211366, 59.8370786], [19.120376, 59.8413419]]], [[[19.0969145, 59.8457528], [19.0993122, 59.8410495], [19.0924735, 59.8426788], [19.0969145, 59.8457528]]], [[[19.1088689, 59.8280376], [19.1012461, 59.835683], [19.0953667, 59.8257027], [19.08882, 59.83761], [19.101057, 59.8401265], [19.1121571, 59.8536015], [19.10948, 59.85904], [19.1423541, 59.8624006], [19.1379402, 59.8468599], [19.1216932, 59.8460927], [19.1088689, 59.8280376]]], [[[19.143253, 59.8481185], [19.1520721, 59.8474651], [19.150849, 59.8456435], [19.143253, 59.8481185]]], [[[19.1058895, 59.8499358], [19.1039438, 59.8469297], [19.1023917, 59.8501372], [19.1058895, 59.8499358]]], [[[19.1487965, 59.8534122], [19.1484038, 59.8517576], [19.1444712, 59.8535876], [19.1487965, 59.8534122]]], [[[19.1544047, 59.8554313], [19.1447668, 59.8543183], [19.1479254, 59.8595779], [19.1544047, 59.8554313]]], [[[19.11559, 59.86795], [19.1127487, 59.8650246], [19.1110866, 59.8680769], [19.11559, 59.86795]]], [[[19.0352589, 59.893001], [19.0348622, 59.8914903], [19.0298248, 59.8926974], [19.0352589, 59.893001]]], [[[19.197967, 59.3958657], [19.1953096, 59.3983502], [19.2010505, 59.3987245], [19.197967, 59.3958657]]], [[[19.3383647, 59.4096122], [19.3377638, 59.4106495], [19.3443889, 59.4092054], [19.3383647, 59.4096122]]], [[[19.4694293, 59.4109299], [19.4664412, 59.4108527], [19.4694029, 59.413044], [19.4694293, 59.4109299]]], [[[19.2206365, 59.4218333], [19.218026, 59.4196865], [19.2154583, 59.4252051], [19.2206365, 59.4218333]]], [[[19.354709, 59.4259629], [19.3548348, 59.4223757], [19.3420522, 59.4217197], [19.354709, 59.4259629]]], [[[19.3393761, 59.4250059], [19.339827, 59.4219593], [19.3421126, 59.4262858], [19.3393761, 59.4250059]]], [[[19.2083937, 59.4317846], [19.210035, 59.4263256], [19.2032129, 59.4272974], [19.2083937, 59.4317846]]], [[[19.2253988, 59.4320904], [19.2298386, 59.4334082], [19.2286342, 59.4300749], [19.2253988, 59.4320904]]], [[[19.4873745, 59.4359821], [19.4925264, 59.4355155], [19.4919818, 59.4327384], [19.4873745, 59.4359821]]], [[[19.4943714, 59.4386414], [19.4971747, 59.4386873], [19.4942014, 59.4374788], [19.4943714, 59.4386414]]], [[[19.2165735, 59.4423776], [19.2150441, 59.4344194], [19.2115945, 59.4395207], [19.2169791, 59.444207], [19.2235061, 59.4406446], [19.2165735, 59.4423776]]], [[[19.1966182, 59.4435274], [19.1994721, 59.4372502], [19.1936946, 59.4370184], [19.1966182, 59.4435274]]], [[[19.208032, 59.4404736], [19.2074006, 59.4426806], [19.2133549, 59.4439662], [19.208032, 59.4404736]]], [[[19.5068673, 59.4382559], [19.4945671, 59.4411255], [19.5072564, 59.4470756], [19.5068673, 59.4382559]]], [[[19.2091644, 59.4456814], [19.2058299, 59.4427902], [19.2058455, 59.4510672], [19.2091644, 59.4456814]]], [[[19.240656, 59.4504701], [19.2403761, 59.4495725], [19.2359731, 59.4508642], [19.240656, 59.4504701]]], [[[19.2221125, 59.4509217], [19.2210819, 59.4524783], [19.2245906, 59.4532834], [19.2221125, 59.4509217]]], [[[19.2145928, 59.4544524], [19.2126836, 59.4514319], [19.2109245, 59.4543493], [19.2145928, 59.4544524]]], [[[19.3472553, 59.4948311], [19.3523362, 59.4948941], [19.3472772, 59.4943753], [19.3472553, 59.4948311]]], [[[19.3700528, 59.5148428], [19.369164, 59.5102246], [19.3616249, 59.5109615], [19.3700528, 59.5148428]]], [[[19.3679822, 59.5168887], [19.3596616, 59.5145923], [19.3598736, 59.5190944], [19.3679822, 59.5168887]]], [[[19.272677, 59.5298079], [19.2685575, 59.5259015], [19.2687017, 59.5275027], [19.272677, 59.5298079]]], [[[19.317441, 59.5317259], [19.3236423, 59.5300897], [19.3210083, 59.5247563], [19.317441, 59.5317259]]], [[[19.4783686, 59.5285173], [19.4848059, 59.5323691], [19.4810723, 59.527625], [19.4783686, 59.5285173]]], [[[19.3212712, 59.5369426], [19.3193856, 59.5345845], [19.3141633, 59.5349205], [19.3212712, 59.5369426]]], [[[19.2844114, 59.5403709], [19.272953, 59.5314936], [19.2778454, 59.5426007], [19.2844114, 59.5403709]]], [[[19.4515219, 59.5385811], [19.4506878, 59.5389265], [19.4541854, 59.5405079], [19.4515219, 59.5385811]]], [[[19.2642872, 59.5393423], [19.2602012, 59.5401076], [19.261435, 59.5417637], [19.2642872, 59.5393423]]], [[[19.4294794, 59.592492], [19.4333664, 59.5849092], [19.4264628, 59.5891811], [19.4294794, 59.592492]]], [[[19.2534359, 59.5904773], [19.2490693, 59.5947565], [19.2575821, 59.5960801], [19.2534359, 59.5904773]]], [[[19.2595654, 59.5933272], [19.2667028, 59.5950091], [19.2646132, 59.592799], [19.2595654, 59.5933272]]], [[[19.4684386, 59.599445], [19.4691088, 59.5957673], [19.4640934, 59.5972081], [19.4684386, 59.599445]]], [[[19.2564154, 59.6028382], [19.2573059, 59.6034733], [19.2620695, 59.6012638], [19.2564154, 59.6028382]]], [[[19.4383979, 59.6014267], [19.4406027, 59.6058265], [19.4442719, 59.6008349], [19.4383979, 59.6014267]]], [[[19.2942345, 59.6055334], [19.2895889, 59.6030933], [19.2895594, 59.6055212], [19.2942345, 59.6055334]]], [[[19.2555349, 59.6119471], [19.2536634, 59.6046161], [19.2407446, 59.6040013], [19.2555349, 59.6119471]]], [[[19.2640543, 59.6119123], [19.2714069, 59.6153354], [19.265905, 59.6100752], [19.2640543, 59.6119123]]], [[[19.2475443, 59.6201689], [19.2531072, 59.6251333], [19.2638977, 59.6269967], [19.2543249, 59.6210222], [19.2475443, 59.6201689]]], [[[19.2704503, 59.6253584], [19.2707454, 59.6288994], [19.2741116, 59.6259864], [19.2704503, 59.6253584]]], [[[19.2789913, 59.6257384], [19.2823738, 59.6301158], [19.2827117, 59.6256839], [19.2789913, 59.6257384]]], [[[19.3024287, 59.6304263], [19.3075275, 59.6303978], [19.3056554, 59.6281833], [19.3024287, 59.6304263]]], [[[19.2730838, 59.6302342], [19.2746758, 59.631908], [19.2803027, 59.6318532], [19.2730838, 59.6302342]]], [[[19.2912787, 59.6504737], [19.2913216, 59.6488338], [19.2855978, 59.6475164], [19.2912787, 59.6504737]]], [[[19.278186, 59.655048], [19.2782409, 59.6526612], [19.2713875, 59.6543062], [19.278186, 59.655048]]], [[[19.199827, 59.664809], [19.2005694, 59.6715054], [19.2056957, 59.6643864], [19.199827, 59.664809]]], [[[19.2811587, 59.6967271], [19.2819312, 59.7006029], [19.2833045, 59.6964564], [19.2811587, 59.6967271]]], [[[19.2152889, 59.6974028], [19.2190611, 59.7007309], [19.2196829, 59.6974394], [19.2152889, 59.6974028]]], [[[19.23455, 59.7051348], [19.232879, 59.7005581], [19.2311308, 59.7055298], [19.23455, 59.7051348]]], [[[19.3148687, 59.7068508], [19.3142384, 59.7040148], [19.3102661, 59.7074704], [19.3148687, 59.7068508]]], [[[19.3913333, 59.7058396], [19.3967933, 59.7081614], [19.4077761, 59.7086094], [19.4009321, 59.7038789], [19.3913333, 59.7058396]]], [[[19.2890974, 59.7113507], [19.2827534, 59.7037302], [19.2781955, 59.7089942], [19.2890974, 59.7113507]]], [[[19.3451267, 59.7146024], [19.3427664, 59.7129548], [19.3410284, 59.7154411], [19.3451267, 59.7146024]]], [[[19.4131659, 59.7149475], [19.4068612, 59.7136826], [19.4089427, 59.7168387], [19.4131659, 59.7149475]]], [[[19.271484, 59.7141912], [19.2729753, 59.7169965], [19.2763871, 59.7169613], [19.271484, 59.7141912]]], [[[19.3952545, 59.7254828], [19.3849629, 59.7225686], [19.3833321, 59.7255828], [19.3868136, 59.7237803], [19.3952545, 59.7254828]]], [[[19.4112859, 59.7212343], [19.4162095, 59.727156], [19.4245944, 59.7269066], [19.4112859, 59.7212343]]], [[[19.3924838, 59.7315651], [19.4002083, 59.728818], [19.3867627, 59.7281365], [19.3924838, 59.7315651]]], [[[19.3801537, 59.7286833], [19.3786855, 59.7275599], [19.3761344, 59.731117], [19.3801537, 59.7286833]]], [[[19.3421561, 59.730076], [19.3431324, 59.7331909], [19.346909, 59.7308439], [19.3421561, 59.730076]]], [[[19.3141633, 59.7325008], [19.3094552, 59.731844], [19.3227435, 59.7338081], [19.3141633, 59.7325008]]], [[[19.3515224, 59.7326177], [19.3538291, 59.7347753], [19.3605131, 59.7330341], [19.3515224, 59.7326177]]], [[[19.2507467, 59.735404], [19.2594974, 59.7344893], [19.2529247, 59.7331735], [19.2507467, 59.735404]]], [[[19.3336587, 59.7350996], [19.3356881, 59.7371211], [19.3385433, 59.7330148], [19.3336587, 59.7350996]]], [[[19.2317494, 59.7342651], [19.2314064, 59.7362541], [19.2383145, 59.7350325], [19.2317494, 59.7342651]]], [[[19.4019614, 59.7411324], [19.4012399, 59.7363704], [19.3993463, 59.7399058], [19.4019614, 59.7411324]]], [[[19.3192649, 59.7411554], [19.3168616, 59.745245], [19.3224218, 59.7415703], [19.3192649, 59.7411554]]], [[[19.398695, 59.7469556], [19.3976489, 59.7445274], [19.3932591, 59.7474826], [19.398695, 59.7469556]]], [[[19.4116247, 59.7509776], [19.4084891, 59.7489067], [19.4051177, 59.7505533], [19.4116247, 59.7509776]]], [[[19.2104588, 59.7580201], [19.2119171, 59.7548043], [19.2016394, 59.7552329], [19.2104588, 59.7580201]]], [[[19.2020795, 59.7597557], [19.2068008, 59.7592936], [19.2003586, 59.7557737], [19.2020795, 59.7597557]]], [[[19.2277318, 59.7581083], [19.2346975, 59.7594982], [19.2296844, 59.7564763], [19.2277318, 59.7581083]]], [[[19.206362, 59.7675867], [19.1985594, 59.7613845], [19.1958314, 59.7648903], [19.206362, 59.7675867]]], [[[19.2238855, 59.7762794], [19.2177004, 59.7746498], [19.2107642, 59.7779631], [19.2238855, 59.7762794]]], [[[19.2451903, 59.7779138], [19.244737, 59.7767324], [19.2353077, 59.7755524], [19.2451903, 59.7779138]]], [[[19.2279062, 59.7885029], [19.2277989, 59.7840055], [19.2220402, 59.784864], [19.2279062, 59.7885029]]], [[[19.2724596, 59.7903788], [19.2720044, 59.7839891], [19.2627262, 59.785988], [19.2724596, 59.7903788]]], [[[19.2549765, 59.7929868], [19.2627303, 59.7952124], [19.2559797, 59.7924415], [19.2549765, 59.7929868]]], [[[19.2507291, 59.7983055], [19.2516491, 59.7954894], [19.2434603, 59.7921779], [19.2507291, 59.7983055]]], [[[19.260874, 59.8030221], [19.2584752, 59.8006572], [19.2488796, 59.8016068], [19.260874, 59.8030221]]]]}}]}