{"type":"FeatureCollection","features":[{"type":"Feature","properties":{"slug":"tokyo","member_count":200,"matched_count":196,"unmatched":["T\u014dgane (JP-12, type='City')","Sanbu (JP-12, type='District')","Kita-Katsushika (JP-11, type='District')","Kita-Adachi (JP-11, type='District')"],"source":"Overture Maps division_area (CC-BY 4.0)"},"geometry":{"type":"MultiPolygon","coordinates":[[[[132.6916178,32.6374691],[132.586561,32.7368864],[132.587945,32.7894624],[132.566162,32.8364543],[132.6303343,32.885315],[132.6833884,32.8970118],[132.7036016,32.89103],[132.696975,32.873052],[132.70996,32.862889],[132.721089,32.871623],[132.740343,32.851824],[132.738561,32.838788],[132.762875,32.830286],[132.770327,32.816909],[132.761123,32.801071],[132.773221,32.794994],[132.786447,32.772165],[132.7859227,32.7538769],[132.7697651,32.7287714],[132.7270873,32.5188547],[132.6916178,32.6374691]]],[[[134.234006,33.909178],[134.262133,33.917659],[134.28611,33.915247],[134.29039,33.906795],[134.301098,33.910002],[134.325271,33.886744],[134.326572,33.864021],[134.351648,33.857758],[134.35038,33.850104],[134.414703,33.860011],[134.432092,33.855827],[134.467874,33.869855],[134.497112,33.871401],[134.498151,33.865285],[134.520885,33.874224],[134.556111,33.869038],[134.556614,33.855235],[134.530667,33.847126],[134.510076,33.822938],[134.511313,33.807081],[134.526646,33.800919],[134.490773,33.794192],[134.475156,33.777867],[134.447186,33.77382],[134.449735,33.766286],[134.426212,33.76132],[134.394579,33.724372],[134.281866,33.731021],[134.256711,33.718819],[134.211056,33.721703],[134.162737,33.696631],[134.160966,33.686835],[134.122565,33.696064],[134.058261,33.690855],[134.070102,33.711196],[134.068359,33.729333],[134.056084,33.751478],[134.058133,33.781141],[134.033311,33.809278],[134.032828,33.8284],[134.14369,33.868831],[134.169291,33.867251],[134.190737,33.885507],[134.208684,33.880854],[134.239038,33.89169],[134.234006,33.909178]]],[[[134.210378,34.174987],[134.266077,34.183213],[134.292233,34.179143],[134.297906,34.168639],[134.314563,34.177256],[134.344193,34.17238],[134.348645,34.184481],[134.357993,34.184654],[134.375658,34.171786],[134.367861,34.155621],[134.383124,34.138869],[134.37952,34.123642],[134.386341,34.113799],[134.398924,34.116286],[134.401473,34.105331],[134.394146,34.104165],[134.3959071,34.0925417],[134.3335053,34.0841348],[134.3341472,34.074143],[134.322759,34.069391],[134.186324,34.063551],[134.179343,34.085694],[134.209202,34.115403],[134.221855,34.156876],[134.210378,34.174987]]],[[[139.280889,34.511812],[139.268166,34.517251],[139.27614189999997,34.5352837],[139.293111,34.524618],[139.280889,34.511812]]],[[[139.11184979287447,35.14127307689276],[139.07674410000004,35.09745979999998],[139.0822311,35.085920100000024],[139.074659,35.080917],[139.078738,35.068799],[139.069223,35.054187],[139.07450050000003,35.0468842],[139.099875,35.045716],[139.098543,35.031432],[139.089554,35.036324],[139.071649,35.025009],[139.038062,35.034629],[139.032456,35.052747],[139.040046,35.059478],[139.027851,35.081625],[138.973789,35.081155],[138.937244,35.068327],[138.93688,35.061188],[138.913084,35.062437],[138.990295,35.143067],[139.013829,35.182368],[138.987677,35.200881],[138.976074,35.235553],[138.921976,35.215211],[138.925241,35.220788],[138.917198,35.218859],[138.896863,35.234384],[138.897799,35.246977],[138.8846,35.253992],[138.8703489,35.2817141],[138.834602,35.265898],[138.807547,35.26658],[138.795991,35.27635],[138.797192,35.290287],[138.775878,35.301575],[138.773536,35.315292],[138.73894,35.343461],[138.731687,35.360136],[138.852983,35.348313],[138.884083,35.332605],[138.88013,35.337866],[138.88624,35.342226],[138.884857,35.354933],[138.886186,35.359974],[138.888635,35.361966],[138.905099,35.354306],[138.892374,35.346162],[138.97144,35.330015],[138.965574,35.310906],[138.991915,35.285466],[139.004611,35.289898],[139.01901,35.329307],[139.010589,35.338411],[139.0084364,35.3468975],[139.013352,35.35867],[138.998616,35.384041],[139.001418,35.399749],[138.971819,35.405176],[138.916402,35.400614],[138.930169,35.420871],[138.927403,35.437645],[138.958726,35.462086],[139.027548,35.480968],[139.046238,35.50981],[139.085788,35.512086],[139.11392,35.538487],[139.111959,35.549794],[139.0259,35.542992],[139.027164,35.552395],[139.005661,35.569072],[139.005039,35.578998],[139.019631,35.583969],[139.063781,35.584132],[139.067089,35.601492],[139.062289,35.616505],[139.044289,35.611817],[139.024101,35.617501],[139.01375,35.637341],[139.025357,35.653769],[139.020052,35.66704],[138.997565,35.671828],[138.968449,35.704662],[138.971752,35.712309],[138.991526,35.713669],[139.011879,35.738864],[138.984394,35.767765],[138.986422,35.782253],[138.970219,35.804873],[138.969763,35.831226],[138.953259,35.836518],[138.943931,35.854819],[138.910943,35.852728],[138.891864,35.840074],[138.849829,35.866632],[138.813602,35.862368],[138.791805,35.875976],[138.791116,35.890808],[138.781317,35.898883],[138.732936,35.904727],[138.729105,35.917228],[138.739252,35.939108],[138.714181,35.965516],[138.711909,35.979169],[138.71680639999997,35.992904699999976],[138.74918189999997,36.0167223],[138.75440809999998,36.03452640000002],[138.77294780000005,36.0388158],[138.7909722,36.02940030000001],[138.838779,36.033705],[138.839581,36.000746],[138.883832,35.973156],[138.943578,35.966884],[138.958145,35.97965],[138.981589,35.982912],[138.992984,35.97618],[139.008401,35.979684],[139.012614,35.966613],[139.040672,35.975899],[139.050479,35.991978],[139.040779,36.00172],[139.050987,36.009317],[139.048113,36.021757],[139.025501,36.016132],[138.984049,36.034345],[138.9310725,36.088120300000014],[138.956549,36.105703],[138.958435,36.124241],[138.984756,36.115601],[139.004913,36.133442],[139.0425004,36.1285715],[139.042892,36.148247],[139.0623701,36.1532503],[139.056412,36.183292],[139.11119,36.258497],[139.101213,36.261548],[139.105727,36.270161],[139.097863,36.27898],[139.113173,36.28405],[139.17174,36.27742],[139.153559,36.303484],[139.140746,36.307736],[139.136173,36.334344],[139.119984,36.334228],[139.126443,36.327369],[139.108747,36.327086],[139.110471,36.316999],[139.08885740000005,36.3203743],[139.10063190000002,36.299349],[139.096667,36.28843],[139.058891,36.285811],[139.056082,36.272352],[139.020099,36.257324],[139.027293,36.246824],[139.017561,36.222322],[138.997099,36.223726],[138.97571,36.20158],[138.942919,36.199261],[138.96355139999997,36.2227044],[138.95309749999998,36.24904189999998],[138.95706010000004,36.2582376],[138.938062,36.270349],[138.953643,36.305766],[138.936589,36.333584],[138.95123940000005,36.335037499999984],[138.926629,36.352829],[138.915299,36.350261],[138.862023,36.374255],[138.823658,36.373522],[138.716952,36.415473],[138.709655,36.408659],[138.682978,36.415977],[138.648383,36.407468],[138.642506,36.437814],[138.687155,36.473491],[138.723228,36.48223],[138.771309,36.478372],[138.776006,36.466082],[138.791584,36.476759],[138.860461,36.47346],[138.86517170000002,36.48116690000003],[138.89679680000003,36.48203440000001],[138.8993349,36.47478749999995],[138.8890677,36.471261],[138.958245,36.426952],[138.96243960000004,36.4121708],[138.96717640000003,36.41827809999999],[138.97599309999995,36.4126148],[138.98575069999998,36.41693369999997],[138.9879941,36.42410169999998],[139.0026971,36.41922559999997],[139.0043924,36.4350149],[139.02720619999997,36.417233],[139.03063419999998,36.42790149999998],[139.036118,36.421848],[139.0407519,36.451184499999954],[139.05289710000002,36.46803949999998],[139.0998376,36.515404],[139.1339671,36.534121],[139.152227,36.554406],[139.174044,36.562328],[139.193434,36.559429],[139.188678,36.526067],[139.211051,36.476584],[139.219639,36.425966],[139.228972,36.420735],[139.224795,36.40553],[139.234145,36.404704],[139.236631,36.393208],[139.255749,36.407822],[139.250171,36.395137],[139.267635,36.392446],[139.273077,36.368685],[139.311529,36.378692],[139.350698,36.358527],[139.368877,36.363526],[139.361032,36.383817],[139.412302,36.450704],[139.408223,36.457882],[139.430138,36.458071],[139.436468,36.465976],[139.428074,36.490419],[139.417921,36.49464],[139.441696,36.528715],[139.439292,36.550964],[139.460751,36.553247],[139.48262730000005,36.57816419999997],[139.510637,36.566517],[139.535826,36.516729],[139.588606,36.466504],[139.631332,36.443895],[139.637475,36.420887],[139.646283,36.41468],[139.630605,36.381089],[139.610091,36.370776],[139.617041,36.327251],[139.63515,36.326365],[139.609851,36.286493],[139.616948,36.274045],[139.589754,36.268627],[139.6256404,36.2526766],[139.603831,36.2489955],[139.5984849,36.2558242],[139.575848,36.2423775],[139.5809444,36.2184965],[139.537936,36.221517],[139.5014,36.2103604],[139.462526,36.214126],[139.463037,36.224592],[139.476413,36.219253],[139.496034,36.228902],[139.491612,36.239027],[139.503827,36.236721],[139.497542,36.243145],[139.479001,36.241677],[139.495397,36.256985],[139.491025,36.25764],[139.488162,36.260818],[139.495266,36.261505],[139.500118,36.276094],[139.463872,36.271522],[139.458777,36.277102],[139.467453,36.280495],[139.457059,36.289194],[139.43326,36.286987],[139.434881,36.26767],[139.405957,36.276452],[139.39865,36.269552],[139.402523,36.264545],[139.389292,36.266669],[139.382913,36.23787],[139.46189990000002,36.1895727],[139.528211,36.191502],[139.587926,36.210342],[139.623774,36.186923],[139.6282422,36.195057],[139.65130570000002,36.1977713],[139.64906309999998,36.21034670000002],[139.6579596,36.2145355],[139.687938,36.199682],[139.684613,36.216094],[139.698176,36.21432],[139.687571,36.2311],[139.699687,36.244204],[139.700097,36.259308],[139.716916,36.258547],[139.726343,36.268363],[139.722004,36.277002],[139.73272,36.292884],[139.724418,36.30921],[139.733294,36.311827],[139.73104,36.325633],[139.746596,36.326411],[139.744716,36.347057],[139.765557,36.353093],[139.767701,36.367096],[139.779185,36.375957],[139.796277,36.37683],[139.797181,36.388757],[139.811947,36.374003],[139.840768,36.368122],[139.845142,36.350764],[139.869398,36.360089],[139.872692,36.350404],[139.885337,36.350224],[139.894872,36.359441],[139.890211,36.364696],[139.904806,36.355633],[139.917495,36.366049],[139.935062,36.430239],[139.949029,36.455103],[139.961686,36.462174],[139.962432,36.498024],[139.987237,36.504387],[139.997095,36.502616],[140.003752,36.490066],[140.036231,36.489475],[140.049386,36.509833],[140.046408,36.489447],[140.056125,36.487826],[140.063636,36.498322],[140.072713,36.489726],[140.063216,36.440418],[140.069199,36.437584],[140.063096,36.41245],[140.069131,36.389033],[140.041458,36.37523],[140.040607,36.362947],[140.049982,36.356324],[140.036208,36.357448],[140.052931,36.329227],[140.050643,36.275442],[140.068052,36.27554],[140.060204,36.225667],[140.098104,36.226386],[140.132314,36.242981],[140.134344,36.267052],[140.152347,36.287458],[140.143252,36.306048],[140.17113,36.321437],[140.212334,36.317201],[140.233273,36.287261],[140.268059,36.267976],[140.308522,36.271093],[140.315655,36.264811],[140.280597,36.254883],[140.272113,36.227686],[140.311754,36.209562],[140.327571,36.191538],[140.344084,36.188858],[140.308585,36.185678],[140.316292,36.177979],[140.307433,36.159581],[140.344609,36.134527],[140.374657,36.124604],[140.405007,36.086534],[140.416869,36.047114],[140.371698,36.043314],[140.211347,36.055147],[140.208261,36.046472],[140.191209,36.041244],[140.188737,36.030928],[140.173042,36.040383],[140.172897,36.027142],[140.158606,36.01476],[140.175732,36.001492],[140.179264,35.986338],[140.205056,35.968493],[140.217472,35.983463],[140.228065,35.976079],[140.250265,35.986481],[140.256232,35.978751],[140.299655,35.983371],[140.30655,35.975702],[140.330298,36.005132],[140.357484,35.998695],[140.3547,35.990629],[140.432006,35.996355],[140.496689,35.957336],[140.511236,35.958737],[140.598853,35.903168],[140.601106,35.917701],[140.616621,35.924714],[140.620266,35.935596],[140.637312,35.93104],[140.592167,35.969579],[140.594104,35.984418],[140.553405,36.058491],[140.61222,36.082343],[140.670505,35.973196],[140.69599349999996,35.966389700000015],[140.6848301,35.9645097],[140.700164,35.938349],[140.6939,35.928817],[140.675779,35.919089],[140.65172909999998,35.931067700000014],[140.669978,35.918419],[140.674621,35.897014],[140.691028,35.883002],[140.677491,35.912237],[140.705545,35.922639],[140.71154007648084,35.94064499611681],[140.708483,35.920628],[140.794788,35.79717],[140.84275039999997,35.7465114],[140.84501359999996,35.748480100000016],[140.8721367,35.74013939999997],[140.874673,35.73702450000002],[140.86776109999997,35.73775740000002],[140.864475,35.693811],[140.846645,35.697162],[140.834592,35.712397],[140.81894970000002,35.71338130000003],[140.73120829999996,35.68857319999997],[140.73632930000002,35.692603],[140.7150964,35.701700299999985],[140.6927926,35.7000872],[140.62495541085923,35.67270117828154],[140.6919089,35.59886],[140.7328523,35.485705],[140.7212437,35.4777898],[140.544448,35.639568],[140.529859,35.65717],[140.541686,35.665231],[140.538334,35.669684],[140.525341,35.680391],[140.516199,35.673709],[140.514537,35.683684],[140.504255,35.685945],[140.502656,35.706017],[140.48633,35.72459],[140.503149,35.735259],[140.50452,35.759456],[140.522234,35.753511],[140.531534,35.761126],[140.547794,35.758138],[140.542588,35.774016],[140.504983,35.783653],[140.496693,35.801823],[140.475679,35.790295],[140.451909,35.807119],[140.444462,35.803381],[140.443096,35.78857],[140.433071,35.786029],[140.436206,35.780796],[140.417041,35.775769],[140.414037,35.785321],[140.40224,35.78333],[140.393464,35.767896],[140.403255,35.743354],[140.385039,35.740723],[140.39327,35.727728],[140.387019,35.723271],[140.36813410000002,35.739375700000025],[140.365851,35.72591],[140.377362,35.72468],[140.385405,35.712563],[140.373016,35.700849],[140.385164,35.689637],[140.403426,35.690847],[140.399802,35.680449],[140.40988,35.674715],[140.431882,35.677496],[140.441516,35.658956],[140.450718,35.666037],[140.476009,35.657297],[140.466122,35.643775],[140.487791,35.63082],[140.500047,35.632805],[140.493578,35.612756],[140.509455,35.616538],[140.525443,35.60235],[140.47021559469817,35.547194822656394],[140.435008,35.567699],[140.425339,35.595863],[140.393746,35.58541],[140.382885,35.604428],[140.330565,35.606499],[140.340626,35.615777],[140.32919,35.631516],[140.307783,35.624742],[140.31563,35.617801],[140.308843,35.612914],[140.314873,35.604141],[140.329059,35.605476],[140.322145,35.595947],[140.338661,35.586324],[140.287083,35.57291],[140.294288,35.559209],[140.3268,35.556199],[140.33482,35.535244],[140.353982,35.536534],[140.360977,35.530502],[140.35911,35.517327],[140.382868,35.510542],[140.379508,35.501465],[140.404118,35.509188],[140.430534,35.498117],[140.416178,35.471574],[140.363411,35.474152],[140.342337,35.453209],[140.34049,35.436288],[140.39712317386125,35.41875468762294],[140.39258756334286,35.383133266857556],[140.384716,35.391426],[140.350974,35.380943],[140.340486,35.392106],[140.320758,35.392005],[140.307965,35.382219],[140.279765,35.380207],[140.277765,35.40324],[140.260748,35.396706],[140.247584,35.402981],[140.262569,35.421066],[140.245794,35.452131],[140.253505,35.469676],[140.248487,35.481754],[140.211528,35.486743],[140.197183,35.471007],[140.174061,35.469006],[140.170593,35.456542],[140.186878,35.443461],[140.172971,35.431587],[140.206166,35.381273],[140.197916,35.370109],[140.209354,35.365618],[140.212547,35.333555],[140.231035,35.304112],[140.217419,35.300629],[140.199085,35.308068],[140.202814,35.287712],[140.177929,35.274613],[140.174682,35.251523],[140.152219,35.250023],[140.139351,35.227873],[140.166044,35.170544],[140.187914,35.170178],[140.200718,35.183517],[140.212862,35.179748],[140.224984,35.187449],[140.238336,35.180096],[140.245621,35.214075],[140.260051,35.224396],[140.25173,35.233066],[140.270585,35.23438],[140.286218,35.255607],[140.254661,35.279661],[140.276608,35.296178],[140.271274,35.313386],[140.31807,35.345712],[140.353298,35.34573],[140.374446,35.342734],[140.373301,35.328792],[140.387827,35.334755],[140.4029786,35.3285497],[140.415173,35.309107],[140.39925,35.266753],[140.4070244,35.24950360000001],[140.393666,35.202043],[140.384912,35.19234],[140.373444,35.195132],[140.360462,35.202345],[140.362938,35.218158],[140.342474,35.214214],[140.329355,35.223174],[140.303456,35.196303],[140.318872,35.174139],[140.34686226178005,35.1761271413613],[140.334777,35.166407],[140.32519430000002,35.13966160000003],[140.31048110000003,35.134777100000015],[140.3124549,35.1471672],[140.2987,35.151065],[140.28639390000004,35.1344313],[140.257779,35.137663],[140.23439690000004,35.121827100000026],[140.23637,35.116544],[140.203055,35.109544],[140.19056879999997,35.12714689999998],[140.182371,35.118195],[140.13577,35.121662],[140.10849110000004,35.10649639999995],[140.098109,35.08384],[140.10271220000004,35.078447499999974],[140.08571459999996,35.07407760000001],[140.07923529999997,35.06849209999997],[140.08325,35.062518],[140.03835368483715,35.05167426687672],[140.0405021,35.0324377],[140.084662,34.9608433],[140.1991172,34.8820752],[140.1886571,34.8603102],[140.1227898,34.780895],[140.0814822,34.7491215],[139.9663397,34.7061352],[139.784835,34.616817],[139.6975207,34.7299619],[139.6518138,34.8031253],[139.7628787,34.9039867],[139.82431574626813,34.91121812437802],[139.827175,34.927848],[139.820745,34.936848],[139.758955,34.958742],[139.753284,34.977436],[139.8193352,34.97818849999998],[139.823878,34.991391],[139.84947470000003,34.9853329],[139.858078,35.009761],[139.851714,35.023844],[139.83313922565122,35.03235131514636],[139.82343,35.0099597],[139.7773174,35.0140018],[139.6935038,35.0508639],[139.7373074,35.0988014],[139.8278159,35.0881794],[139.8356734,35.101374],[139.855676,35.107984],[139.924332,35.117783],[139.931586,35.139297],[139.913077,35.139151],[139.900309,35.156237],[139.873696,35.155346],[139.854131,35.164294],[139.818152,35.154875],[139.81878,35.189973],[139.83002250000004,35.2033113],[139.86671,35.219383],[139.86951089999997,35.24024089999997],[139.846221,35.272051],[139.849659,35.288359],[139.785273,35.313557],[139.82200160000002,35.3168682],[139.81653020000002,35.3239703],[139.83998160000002,35.33406560000002],[139.8229909,35.3442303],[139.83775309999996,35.3589775],[139.847197,35.34675],[139.86104949999998,35.34556220000003],[139.839174,35.367223],[139.845976,35.375318],[139.8970418,35.3583862],[139.8877974,35.37091250000002],[139.90233290000003,35.3681738],[139.904494,35.374992],[139.8975992,35.37502449999999],[139.917664,35.38244109999999],[139.896979,35.410265],[139.9032746,35.4314903],[139.94862115454785,35.44214944181846],[139.95106090000002,35.4561117],[139.96219469999997,35.45872549999997],[139.9650213,35.450707],[139.9521296,35.4529586],[139.95487559999998,35.4451884],[139.97446960000002,35.448469],[139.96571389999997,35.4685949],[139.9820835,35.47477510000002],[139.99039029999997,35.452059700000014],[139.99807880000003,35.45730420000001],[139.98913040000002,35.4698598],[139.999249,35.465895],[139.9978336,35.474679399999985],[140.006524,35.479247],[140.02281463493213,35.46751217738032],[140.012353,35.4856062],[140.021884,35.49687090000001],[140.03611,35.495329],[140.0252456,35.5016042],[140.0338533,35.5119083],[140.042433,35.507289],[140.04602149999997,35.511585599999975],[140.03769519999997,35.5162816],[140.04999380000004,35.530946099999966],[140.060757,35.530036],[140.05392159999997,35.53515010000002],[140.06127609999996,35.54376340000001],[140.067324,35.540429],[140.073937,35.550025],[140.096093,35.535421],[140.101027,35.538421],[140.086965,35.548249],[140.097995,35.554963],[140.112328,35.549882],[140.10905659999997,35.5443466],[140.1157162,35.541501],[140.115074,35.552788],[140.091078,35.564515],[140.12682639999997,35.5675927],[140.11172969999998,35.5722452],[140.1170038,35.596852099999985],[140.1076535,35.59200020000003],[140.10594,35.602658],[140.101701,35.593942],[140.08897979999998,35.594542900000015],[140.100462,35.604539],[140.083131,35.613366],[140.077956,35.610406],[140.083973,35.596723],[140.01365659999996,35.657411],[139.98745719999997,35.654380899999964],[139.98647809999997,35.66012210000003],[140.002973,35.659787],[140.0019418519997,35.66561676700578],[139.98584710000003,35.66384380000002],[139.991522,35.6749343],[139.97540579999998,35.68331710000002],[139.9632081206107,35.68141501913401],[139.95307840000004,35.67178419999997],[139.94674539999997,35.68098109999998],[139.9332292,35.675602],[139.92983729999997,35.66945670000001],[139.94766359999997,35.66954769999998],[139.9181677421215,35.655536571719324],[139.93945820000002,35.640502099999985],[139.8975772,35.6166486],[139.89259219999997,35.62542219999999],[139.872606,35.62546],[139.87079829999996,35.63885710000001],[139.8412735,35.64675650000002],[139.8402351,35.63360179999997],[139.82167079999996,35.6319724],[139.8336765,35.6346362],[139.8344868,35.6440661],[139.80653819999998,35.640338],[139.798588,35.621805],[139.76100240000002,35.6518712],[139.76043960000004,35.63677119999997],[139.7526359,35.634422600000015],[139.75920379999997,35.63359880000002],[139.7603001,35.61578390000001],[139.77679139999998,35.5902764],[139.7690329,35.5830438],[139.78748820000004,35.58007379999999],[139.742831,35.572276],[139.76369580000002,35.56051020000001],[139.785839,35.570276],[139.809292,35.538669],[139.8068372,35.5311542],[139.82626970000004,35.541583],[139.802471,35.520916],[139.80422790000003,35.53004829999997],[139.79488789999996,35.532039199999986],[139.7907661,35.50778079999998],[139.7735249,35.51563159999997],[139.76498469999999,35.51163449999997],[139.7786613,35.4995352],[139.7455931,35.485002],[139.735664,35.494178],[139.7418514,35.4770215],[139.7127121,35.4642317],[139.69322,35.492472],[139.692782,35.481384],[139.66842079999998,35.4678268],[139.67396759999997,35.48449059999997],[139.6659706,35.48280959999999],[139.66917270000002,35.477480599999964],[139.64294460000005,35.4815215],[139.634144,35.465372],[139.64968780000004,35.4532497],[139.64548559999997,35.448139],[139.6658154,35.44947760000002],[139.6547791,35.44346359999996],[139.6658641,35.43374440000002],[139.677279,35.444889],[139.6783144,35.4303829],[139.68538180000002,35.442027300000014],[139.6906435,35.4392712],[139.66940019999998,35.40281439999998],[139.652399,35.412993],[139.631658,35.410743],[139.631299,35.40480989999995],[139.64549190000002,35.40297450000002],[139.622195,35.396099],[139.636538,35.3902889],[139.628584,35.384194],[139.65324189999998,35.3873938],[139.6458951,35.37807169999998],[139.65650009999996,35.372701299999974],[139.650951,35.359899],[139.65689,35.353511],[139.65680309999993,35.3416731],[139.639973,35.342839699999985],[139.6349439,35.3326652],[139.6231648,35.33033220000003],[139.63214130000006,35.322202599999976],[139.640706,35.330404],[139.660655,35.328157],[139.66120839999996,35.3222629],[139.6424981,35.30751119999996],[139.63653530000002,35.31078059999999],[139.6420989,35.3034642],[139.631087,35.2999534],[139.6607158,35.28298190000002],[139.661354,35.299908],[139.67401890000002,35.3005678],[139.6803705,35.2895526],[139.671991,35.286643],[139.690967,35.2664937],[139.732873,35.265714],[139.7452498,35.256925899999956],[139.73324750000003,35.24089939999998],[139.71667870000002,35.24611679999999],[139.728875,35.232446],[139.72657970000003,35.22457030000002],[139.7133324,35.223969],[139.724915,35.211957],[139.69068280000002,35.208877],[139.65606379999997,35.18410350000001],[139.662001,35.160768],[139.679325,35.156759],[139.677049,35.139181],[139.66611529999997,35.1465732],[139.662789,35.13892],[139.646173,35.137756],[139.6077886,35.14288059999997],[139.616285,35.148151],[139.607103,35.154131],[139.616188,35.156103],[139.610611,35.163249],[139.626321,35.163047],[139.617295,35.166301],[139.617204,35.188231],[139.598881,35.195853],[139.608838,35.209039],[139.62365440000002,35.2079758],[139.6266843,35.216749700000015],[139.6048,35.222979],[139.59646,35.242408],[139.576591,35.253079],[139.639231,35.262212],[139.639339,35.273637],[139.627969,35.278736],[139.597521,35.277565],[139.609629,35.290155],[139.589405,35.291341],[139.57471,35.282543],[139.571345,35.292924],[139.5520771,35.29451609999998],[139.54468,35.308283],[139.4824468,35.304532899999984],[139.471994,35.314046],[139.442609,35.318981],[139.330037,35.312131],[139.331089,35.326157],[139.307031,35.31926],[139.296152,35.330633],[139.262093,35.334209],[139.232929,35.31982],[139.23415717253127,35.28627506269934],[139.206312,35.276414],[139.14626479999998,35.2366523],[139.137255,35.178846],[139.239606,35.1935219],[139.2872037,35.1840267],[139.3589717,35.148745],[139.3833329,35.1237454],[139.3857901,35.1064133],[139.1474584,35.0900863],[139.1292855,35.1331811],[139.11184979287447,35.14127307689276]],[[139.03323,35.083985],[139.0294,35.083156],[139.027851,35.081625],[139.03323,35.083985]],[[139.03410087547823,35.08502969033583],[139.033671,35.084677],[139.03323,35.083985],[139.03410087547823,35.08502969033583]],[[139.02209979731896,35.331366698787924],[139.019763,35.330916],[139.018527,35.329846],[139.02209979731896,35.331366698787924]],[[139.012288,35.738669],[139.012108,35.738801],[139.011879,35.738864],[139.012288,35.738669]],[[139.01256508115893,35.73799121969169],[139.012413,35.738489],[139.012288,35.738669],[139.01256508115893,35.73799121969169]],[[138.943931,35.854819],[138.9437603,35.8558892],[138.94316975490855,35.856805668082885],[138.943931,35.854819]],[[138.9762492349126,36.1144795370128],[138.976691,36.116627],[138.976501,36.117202],[138.9762492349126,36.1144795370128]],[[139.169465,36.274753],[139.168783,36.269564],[139.168861,36.267835],[139.169465,36.274753]],[[139.168861,36.267835],[139.168152,36.267787],[139.16811591639686,36.26719705260124],[139.168861,36.267835]],[[139.58679427529867,36.26896479776811],[139.587933,36.26867],[139.589754,36.268627],[139.58679427529867,36.26896479776811]],[[139.500118,36.276094],[139.500789,36.276412],[139.501092,36.276793],[139.500118,36.276094]],[[139.690553,36.205365],[139.68904,36.202491],[139.688841,36.202074],[139.690553,36.205365]],[[139.693616,36.20649],[139.691534,36.206192],[139.690553,36.205365],[139.693616,36.20649]],[[140.550458,35.761009],[140.550951,35.759583],[140.551452,35.758367],[140.550458,35.761009]],[[140.551452,35.758367],[140.552166,35.757481],[140.55388915193834,35.7568334910344],[140.551452,35.758367]],[[139.930867,35.128651],[139.931481,35.128476],[139.932546,35.128361],[139.930867,35.128651]],[[139.232929,35.31982],[139.232082,35.320572],[139.23061197414393,35.31917975929535],[139.232929,35.31982]],[[139.135094,35.177922],[139.136077,35.178288],[139.137255,35.178846],[139.135094,35.177922]],[[139.129716,35.178579],[139.131382,35.177963],[139.135094,35.177922],[139.129716,35.178579]],[[139.1287609562142,35.17922451290365],[139.129191,35.178861],[139.129716,35.178579],[139.1287609562142,35.17922451290365]],[[139.11184979287447,35.14127307689276],[139.110924,35.141654],[139.108511,35.141872],[139.11184979287447,35.14127307689276]],[[139.108511,35.141872],[139.107557,35.141796],[139.10704320932783,35.141568465412725],[139.108511,35.141872]],[[139.594132,36.02477],[139.590803,36.008663],[139.605004,36.002594],[139.620725,35.977181],[139.642234,35.969698],[139.645683,35.990083],[139.635072,36.006216],[139.594132,36.02477]],[[139.534839,35.960715],[139.535346,35.960868],[139.5357234262106,35.96135241969823],[139.534839,35.960715]],[[139.5336768918731,35.962329966189415],[139.534268,35.960994],[139.534839,35.960715],[139.5336768918731,35.962329966189415]],[[139.540719,35.959867],[139.540399,35.957494],[139.541026,35.956097],[139.540719,35.959867]],[[139.541026,35.956097],[139.541516,35.955665],[139.54176527739534,35.955486019742814],[139.541026,35.956097]],[[139.54406160393077,35.95358820684335],[139.544678,35.953011],[139.545267,35.952592],[139.54406160393077,35.95358820684335]],[[139.54533,35.951108],[139.544039,35.950901],[139.54333215909287,35.95070249763766],[139.54533,35.951108]],[[139.54308174530954,35.95065167107768],[139.541995,35.950506],[139.54124243753478,35.9502783462323],[139.54308174530954,35.95065167107768]],[[139.53861622260874,35.9497453026087],[139.538223,35.949731],[139.537856,35.949591],[139.53861622260874,35.9497453026087]],[[139.53773663183256,35.949454592611794],[139.536888,35.948685],[139.53681089832165,35.9483967151801],[139.53773663183256,35.949454592611794]],[[139.5367988776863,35.948382978657975],[139.536621,35.948236],[139.536581,35.948134],[139.5367988776863,35.948382978657975]],[[139.543539,35.93777],[139.544409,35.932424],[139.547754,35.934203],[139.543539,35.93777]],[[139.55246,35.819971],[139.529722,35.849947],[139.521553,35.8433],[139.490793,35.849158],[139.477895,35.837584],[139.503159,35.814309],[139.532262,35.825013],[139.534541,35.81918],[139.55246,35.819971]],[[139.303464,36.10922],[139.30500698447554,36.10846092356302],[139.30341776272485,36.10925410098518],[139.303464,36.10922]],[[139.306209,36.107861],[139.30573989024637,36.10809513174715],[139.305789,36.108065],[139.306209,36.107861]],[[139.3066761671561,36.107453253906485],[139.308306,36.105573],[139.309228,36.105226],[139.3066761671561,36.107453253906485]],[[139.31080157709465,36.10234343355207],[139.311443,36.100881],[139.31181167557122,36.10049307872196],[139.31080157709465,36.10234343355207]],[[139.3146460668317,36.097290987623765],[139.31456141084513,36.09735836687836],[139.314601,36.097305],[139.3146460668317,36.097290987623765]],[[139.31663021882306,36.09571176461022],[139.316408475396,36.095888254276666],[139.316472,36.09573],[139.31663021882306,36.09571176461022]],[[139.31686904144058,36.0955216813024],[139.31680468171805,36.09557290638768],[139.316812,36.095549],[139.31686904144058,36.0955216813024]],[[139.31777004769992,36.09453018841472],[139.317302,36.093967],[139.318402,36.092222],[139.31777004769992,36.09453018841472]],[[139.320908,36.090557],[139.321837,36.091407],[139.322087,36.091973],[139.320908,36.090557]],[[139.322302,36.092744],[139.32232562002844,36.09288016251683],[139.322087,36.091973],[139.322302,36.092744]],[[139.322932,36.094475],[139.322909,36.095098],[139.32252682057137,36.093645067257285],[139.322932,36.094475]],[[139.323816,36.095993],[139.32447391045238,36.09690283643042],[139.32346359374517,36.09573762189904],[139.323816,36.095993]],[[139.324802,36.097137],[139.32535999391465,36.09792477075943],[139.3245190808074,36.096954932128405],[139.324802,36.097137]],[[139.328517,36.097135],[139.32784507441409,36.09776107654594],[139.328097,36.097373],[139.328517,36.097135]],[[139.330196,36.092074],[139.330683,36.090805],[139.331704,36.09059],[139.330196,36.092074]],[[139.335297,36.088672],[139.338778,36.08908],[139.33980377876736,36.08952677876737],[139.335297,36.088672]],[[139.342691,36.092624],[139.342759,36.093541],[139.34257998127094,36.0923492180116],[139.342691,36.092624]],[[139.34280247872195,36.09765040373866],[139.343396,36.097887],[139.3433937648915,36.098487468534316],[139.34280247872195,36.09765040373866]],[[139.34425513963177,36.101594116650986],[139.344961,36.101261],[139.34512,36.101805],[139.34425513963177,36.101594116650986]],[[139.344553,36.103606],[139.344957673563,36.10364553409857],[139.343884,36.103617],[139.344553,36.103606]],[[139.34678196208188,36.10369401664505],[139.347917,36.103505],[139.349039,36.103754],[139.34678196208188,36.10369401664505]],[[139.354391,36.102058],[139.358348,36.100484],[139.352112,36.10304],[139.354391,36.102058]],[[139.358348,36.100484],[139.359607,36.100359],[139.3602434969068,36.10032168096312],[139.358348,36.100484]],[[139.3654405356822,36.09987663759447],[139.370059,36.099439],[139.370808,36.099417],[139.3654405356822,36.09987663759447]],[[139.375197,36.100626],[139.375473,36.099624],[139.375858,36.099254],[139.375197,36.100626]],[[139.3779109449478,36.09798895180924],[139.379847,36.096497],[139.3805799513963,36.09634427946556],[139.3779109449478,36.09798895180924]],[[139.380977,36.096008],[139.381533,36.095757],[139.38061247191342,36.09632423995043],[139.380977,36.096008]],[[139.381533,36.095757],[139.381755,36.095809],[139.38184119074782,36.09613820697038],[139.381533,36.095757]],[[139.3828278188479,36.09735858594523],[139.385608,36.100499],[139.385986,36.101265],[139.3828278188479,36.09735858594523]],[[139.386188,36.101326],[139.3863662074042,36.10143033609293],[139.385986,36.101265],[139.386188,36.101326]],[[139.38475,36.095797],[139.384104,36.094031],[139.384334,36.093701],[139.38475,36.095797]],[[139.3819186884893,36.09084497518024],[139.382046,36.091146],[139.381929,36.090912],[139.3819186884893,36.09084497518024]],[[139.38137725642778,36.08956477288121],[139.380796,36.088375],[139.38061034002686,36.08775141861301],[139.38137725642778,36.08956477288121]],[[139.3775182627075,36.08491844660439],[139.376767,36.084558],[139.376549,36.084123],[139.3775182627075,36.08491844660439]],[[139.376549,36.084123],[139.376559,36.082676],[139.376778,36.081019],[139.376549,36.084123]],[[139.376919,36.080726],[139.3769551324891,36.08067180126635],[139.376778,36.081019],[139.376919,36.080726]],[[139.377148,36.072814],[139.377018,36.072532],[139.37716731649627,36.072840532428785],[139.377148,36.072814]],[[139.377039,36.072477],[139.37704556602736,36.0724735217801],[139.377018,36.072532],[139.377039,36.072477]],[[139.37803,36.066773],[139.37812575160382,36.066456616322995],[139.378041,36.06686],[139.37803,36.066773]],[[139.37834377248427,36.06541892428599],[139.378194,36.06465],[139.37864,36.064009],[139.37834377248427,36.06541892428599]],[[139.379412,36.063181],[139.38010429640286,36.06250992939241],[139.37864,36.064009],[139.379412,36.063181]],[[139.381992,36.055301],[139.383025,36.05466],[139.38362404413851,36.05460631605909],[139.381992,36.055301]],[[139.383754,36.054551],[139.383982,36.054008],[139.38409506579,36.053862747598224],[139.383754,36.054551]],[[139.38436184077648,36.05332441003828],[139.384618,36.052782],[139.384757,36.052527],[139.38436184077648,36.05332441003828]],[[139.3843306895375,36.05125206402453],[139.384007,36.050795],[139.38369,36.049336],[139.3843306895375,36.05125206402453]],[[139.38286115222826,36.049519052129725],[139.382264,36.049802],[139.382069,36.049694],[139.38286115222826,36.049519052129725]],[[139.382069,36.049694],[139.38221,36.048444],[139.38413421754936,36.04495164859039],[139.382069,36.049694]],[[139.38512,36.042688],[139.385541,36.041708],[139.385714,36.041324],[139.38512,36.042688]],[[139.3793103961696,36.041544839214644],[139.376453,36.042034],[139.375394,36.042168],[139.3793103961696,36.041544839214644]],[[139.375394,36.042168],[139.374505,36.042144],[139.374237,36.042034],[139.375394,36.042168]],[[139.374237,36.042034],[139.373481,36.041119],[139.372222,36.039146],[139.374237,36.042034]],[[139.372222,36.039146],[139.371627,36.039378],[139.370642,36.039756],[139.372222,36.039146]],[[139.370642,36.039756],[139.370071,36.039199],[139.36987789559646,36.03886081729382],[139.370642,36.039756]],[[139.367943,36.036594],[139.365017,36.037829],[139.36384104755095,36.03827120729076],[139.367943,36.036594]],[[139.36351704454563,36.03840368571646],[139.357908,36.04085],[139.357155,36.041005],[139.36351704454563,36.03840368571646]],[[139.357155,36.041005],[139.355445,36.038211],[139.355109,36.037521],[139.357155,36.041005]],[[139.355109,36.037521],[139.352519,36.038278],[139.346326,36.039771],[139.355109,36.037521]],[[139.346326,36.039771],[139.341801,36.040493],[139.339812,36.040774],[139.346326,36.039771]],[[139.339812,36.040774],[139.338583,36.040849],[139.335696,36.040712],[139.339812,36.040774]],[[139.33369161401376,36.04095632994122],[139.333309,36.04114],[139.331143,36.041267],[139.33369161401376,36.04095632994122]],[[139.331143,36.041267],[139.330717,36.040081],[139.33062210772758,36.038768635222766],[139.331143,36.041267]],[[139.330527,36.038382],[139.33034434140455,36.03743637971717],[139.33057697766753,36.038552177121105],[139.330527,36.038382]],[[139.3314232715175,36.032729313759056],[139.331472,36.032126],[139.331866,36.031046],[139.3314232715175,36.032729313759056]],[[139.3326853279732,36.030546552665605],[139.332951,36.028281],[139.334663,36.029341],[139.3326853279732,36.030546552665605]],[[139.3369278228944,36.02755617481489],[139.33833,36.026402],[139.338919,36.025987],[139.3369278228944,36.02755617481489]],[[139.3385440610403,36.025445714882096],[139.337539,36.024798],[139.33780191266376,36.02437430349347],[139.3385440610403,36.025445714882096]],[[139.33688426682605,36.02150323674225],[139.336155,36.019317],[139.33677355357395,36.01768014998454],[139.33688426682605,36.02150323674225]],[[139.337332283263,36.01544432726948],[139.336671,36.014403],[139.337738,36.014297],[139.337332283263,36.01544432726948]],[[139.337738,36.014297],[139.339004,36.012607],[139.34026043327154,36.011619098546504],[139.337738,36.014297]],[[139.34033156818563,36.011543579288166],[139.342416,36.009104],[139.342719,36.009009],[139.34033156818563,36.011543579288166]],[[139.343917,36.0089],[139.34421310828557,36.00860585703863],[139.343816,36.009057],[139.343917,36.0089]],[[139.34512535991982,36.00756947497672],[139.345399,36.007251],[139.34541194839505,36.00724389029841],[139.34512535991982,36.00756947497672]],[[139.34607225797458,36.00649373214268],[139.346154,36.006086],[139.3466048437261,36.00588867724488],[139.34607225797458,36.00649373214268]],[[139.347226,36.005183],[139.347704,36.003906],[139.34915640345065,36.0041827168155],[139.347226,36.005183]],[[139.351408,36.003016],[139.351658,36.003186],[139.35167477420563,36.00320643403232],[139.351408,36.003016]],[[139.35572985266614,36.003039481146224],[139.356943,36.002794],[139.357244,36.002741],[139.35572985266614,36.003039481146224]],[[139.357244,36.002741],[139.357999,36.001901],[139.36092189938861,36.000321029372195],[139.357244,36.002741]],[[139.36178679345457,35.99975194957567],[139.362096,35.999324],[139.362729,35.999132],[139.36178679345457,35.99975194957567]],[[139.362821,35.999135],[139.36282843777923,35.999135991703895],[139.362729,35.999132],[139.362821,35.999135]],[[139.36502856031524,35.99851102492777],[139.36595,35.997617],[139.3670513406429,35.99736800215887],[139.36502856031524,35.99851102492777]],[[139.369044,35.996242],[139.368933,35.995621],[139.369326,35.995424],[139.36939563333334,35.99545881666667],[139.369044,35.996242]],[[139.36951468634686,35.99519365313653],[139.368702,35.993631],[139.370672,35.992616],[139.36951468634686,35.99519365313653]],[[139.37659924251497,35.986303],[139.374656,35.985938],[139.374221,35.985441],[139.37659924251497,35.986303]],[[139.3753185974079,35.98417346361536],[139.375651,35.983266],[139.377276,35.981913],[139.3753185974079,35.98417346361536]],[[139.379358,35.981606],[139.378547,35.980911],[139.37826826636513,35.98057241593806],[139.379358,35.981606]],[[139.37542228934035,35.97925261808382],[139.374586,35.979366],[139.374018,35.979292],[139.37542228934035,35.97925261808382]],[[139.37369173091034,35.979180819273104],[139.372624,35.978826],[139.37235748838043,35.978726157587296],[139.37369173091034,35.979180819273104]],[[139.37176247334477,35.97852339794418],[139.37181974345432,35.978542913529964],[139.371795,35.978537],[139.37176247334477,35.97852339794418]],[[139.3714306471208,35.978410323546534],[139.370583,35.978208],[139.36994023327392,35.97790244431395],[139.3714306471208,35.978410323546534]],[[139.36606963297268,35.976963756258655],[139.36622550377973,35.9769166402021],[139.366148,35.976953],[139.36606963297268,35.976963756258655]],[[139.36468143248678,35.97738337641613],[139.36392,35.977774],[139.362883,35.977927],[139.36468143248678,35.97738337641613]],[[139.362883,35.977927],[139.362404,35.977551],[139.36242899025797,35.977267547215675],[139.362883,35.977927]],[[139.358713,35.976627],[139.358574,35.976598],[139.358899711106,35.976594909028655],[139.358713,35.976627]],[[139.35635993090412,35.97477572369339],[139.355755,35.974349],[139.355302,35.973905],[139.35635993090412,35.97477572369339]],[[139.355302,35.973905],[139.355253,35.973032],[139.355701,35.972484],[139.355302,35.973905]],[[139.35436919604476,35.97222700504618],[139.353625,35.972588],[139.35314387055536,35.97199055698163],[139.35436919604476,35.97222700504618]],[[139.35061037861425,35.97150167523454],[139.350137,35.971449],[139.349814,35.971348],[139.35061037861425,35.97150167523454]],[[139.349814,35.971348],[139.348919,35.970309],[139.34888,35.968838],[139.349814,35.971348]],[[139.34886,35.96868],[139.326577,35.962295],[139.280288,35.993654],[139.271941,35.984982],[139.252102,35.986034],[139.230587,35.974529],[139.212531,35.955203],[139.247753,35.922924],[139.266826,35.921502],[139.270453,35.90206],[139.284431,35.901266],[139.327522,35.923098],[139.327172,35.934964],[139.349064,35.930284],[139.353847,35.936895],[139.347484,35.941048],[139.361152,35.954573],[139.34886,35.96868]],[[139.381476,35.774271],[139.380338,35.773305],[139.38017184163547,35.77263734767216],[139.381476,35.774271]],[[139.379022,35.771197],[139.3779188,35.770994],[139.37736993897485,35.770432807586204],[139.379022,35.771197]],[[139.376817985898,35.77017749113742],[139.376026,35.770223],[139.3751088586213,35.76938690163789],[139.376817985898,35.77017749113742]],[[139.3739610368095,35.76944777529026],[139.374815,35.769697],[139.37471,35.770083],[139.3739610368095,35.76944777529026]],[[139.3734513971161,35.77005227177938],[139.373259,35.77133],[139.372547,35.771125],[139.3734513971161,35.77005227177938]],[[139.367816,35.772923],[139.369945,35.773357],[139.368332,35.77436],[139.367816,35.772923]],[[139.36802496249655,35.77236774830222],[139.368209,35.771644],[139.368519,35.771055],[139.36802496249655,35.77236774830222]],[[139.368021,35.770593],[139.36794542860497,35.770318603059174],[139.36811760575662,35.770539657890104],[139.368021,35.770593]],[[139.3669056,35.7692562],[139.36715011558982,35.769070968325344],[139.36711767670073,35.76925586880265],[139.3669056,35.7692562]],[[139.36728399397978,35.76832697238723],[139.36721459530327,35.76871263831474],[139.3670899,35.7687126],[139.36728399397978,35.76832697238723]],[[139.367379,35.767799],[139.3655976,35.7676984],[139.3642121,35.7645542],[139.367379,35.767799]],[[139.3639393366943,35.763870771930534],[139.3623221,35.7623871],[139.3624335,35.761632],[139.3639393366943,35.763870771930534]],[[139.3626332419109,35.76030576280201],[139.3617388,35.7614651],[139.3611271,35.7608094],[139.3626332419109,35.76030576280201]],[[139.36171728466698,35.76023518630006],[139.36173415011066,35.76023507084921],[139.3617261,35.7602457],[139.36171728466698,35.76023518630006]],[[139.3616221023985,35.76023583786151],[139.3610828,35.7607915],[139.3599321,35.7596347],[139.3616221023985,35.76023583786151]],[[139.3594747232955,35.75828775796325],[139.3590991,35.7588921],[139.35891750655261,35.757506592841985],[139.3594747232955,35.75828775796325]],[[139.35770468424496,35.75580633078582],[139.35779101809987,35.7559273626771],[139.3577837,35.7559303],[139.35770468424496,35.75580633078582]],[[139.35756141060867,35.75511996799899],[139.3561113,35.7558351],[139.3560605,35.7557786],[139.35756141060867,35.75511996799899]],[[139.35773535952288,35.75375244869317],[139.3580283,35.7508916],[139.358116,35.75076],[139.35773535952288,35.75375244869317]],[[139.356745,35.750727],[139.356551,35.750711],[139.35675640879907,35.75071743132981],[139.356745,35.750727]],[[139.356551,35.750711],[139.356117,35.749341],[139.35599982316722,35.74892836501831],[139.356551,35.750711]],[[139.35625761944894,35.7471546221515],[139.355288,35.74799],[139.355431,35.746981],[139.35625761944894,35.7471546221515]],[[138.9430172,35.8572038],[138.943103,35.8595819],[138.94286480000002,35.86016250000002],[138.9430172,35.8572038]],[[138.94286480000002,35.86016250000002],[138.943895,35.8608627],[138.9446371954903,35.86218996543721],[138.94286480000002,35.86016250000002]],[[138.946533,35.8643586],[138.94620067492153,35.86397844917352],[138.9463805,35.8641744],[138.946533,35.8643586]],[[138.946533,35.8643586],[138.9465489,35.8645903],[138.9462936590055,35.864972390513294],[138.946533,35.8643586]],[[138.9459472,35.8661095],[138.94563002150505,35.866674290360905],[138.94598791756061,35.86575646512952],[138.9459472,35.8661095]],[[138.94820042007242,35.86880754541729],[138.9492395,35.86898],[138.9497286,35.8692464],[138.94820042007242,35.86880754541729]],[[138.9499316,35.8694845],[138.94993990260173,35.86949961086912],[138.9497286,35.8692464],[138.9499316,35.8694845]],[[138.9504809,35.8700467],[138.950713255804,35.870426345489925],[138.95023445509057,35.86985258282067],[138.9504809,35.8700467]],[[138.95264304409469,35.872738874376445],[138.9543017,35.8740425],[138.9544555,35.8749108],[138.95264304409469,35.872738874376445]],[[138.9622884,35.8767747],[138.96304923630834,35.877075175439735],[138.9620725,35.8767525],[138.9622884,35.8767747]],[[138.9652012,35.8777861],[138.96416143476915,35.87744260227168],[138.9646805,35.8775417],[138.9652012,35.8777861]],[[138.9652012,35.8777861],[138.9666522,35.8793672],[138.96669337963456,35.880130946146124],[138.9652012,35.8777861]],[[138.9680189,35.8822139],[138.970435,35.8819947],[138.9724844,35.8819803],[138.9680189,35.8822139]],[[138.9724844,35.8819803],[138.9730305,35.88212],[138.9736818349376,35.88242150086555],[138.9724844,35.8819803]],[[138.98367,35.8825617],[138.9842634,35.8818125],[138.9852559,35.8811852],[138.98367,35.8825617]],[[138.9855605,35.8811661],[138.9856355644624,35.88118106895843],[138.9852559,35.8811852],[138.9855605,35.8811661]],[[138.98809410051905,35.88115431819387],[138.9884625,35.8811217],[138.9887483,35.8811472],[138.98809410051905,35.88115431819387]],[[138.9945792,35.8832572],[138.9947283,35.8833398],[138.99479607807365,35.88345599098343],[138.9945792,35.8832572]],[[138.9981082815405,35.88424345381798],[138.99684991652765,35.88435857002575],[138.9971211,35.884153],[138.9981082815405,35.88424345381798]],[[139.0007597,35.8840009],[139.0025948,35.8859003],[139.0028913,35.8862212],[139.0007597,35.8840009]],[[139.0049548,35.8873811],[139.0043356171743,35.88703305533824],[139.0047225,35.8872208],[139.0049548,35.8873811]],[[139.0049548,35.8873811],[139.0056761,35.8882383],[139.0066539,35.889625],[139.0049548,35.8873811]],[[139.0066862,35.8898334],[139.00666631416885,35.88996164206274],[139.0066539,35.889625],[139.0066862,35.8898334]],[[139.00845911992187,35.8951712443004],[139.0087014,35.8953772],[139.00876729311665,35.89545628886143],[139.00845911992187,35.8951712443004]],[[139.0115783,35.8974847],[139.01225254064153,35.89779760189822],[139.0105447,35.8971003],[139.0115783,35.8974847]],[[139.0133755,35.8982561],[139.0157155,35.8981761],[139.0183961,35.8984245],[139.0133755,35.8982561]],[[139.0208887,35.8971583],[139.0200977413031,35.89756009407125],[139.0203514,35.8973589],[139.0208887,35.8971583]],[[139.0208887,35.8971583],[139.0217541,35.8971183],[139.02231756819327,35.897176037796456],[139.0208887,35.8971583]],[[139.0244311,35.8967752],[139.0254428,35.8955286],[139.0241109,35.8971983],[139.0244311,35.8967752]],[[139.03115040775396,35.892068722540515],[139.0293264,35.8929089],[139.0307133,35.8922308],[139.03115040775396,35.892068722540515]],[[139.035275,35.8901272],[139.03623856342014,35.889725007887],[139.0351748413977,35.8902149812791],[139.035275,35.8901272]],[[139.03828007500036,35.88840998844558],[139.0393128,35.8870167],[139.0403456,35.8863078],[139.03828007500036,35.88840998844558]],[[139.0403456,35.8863078],[139.0407872,35.8861586],[139.04095007015496,35.88613855219117],[139.0403456,35.8863078]],[[139.04304939646426,35.88545539079654],[139.0444344,35.8838239],[139.04526038235417,35.883675254342876],[139.04304939646426,35.88545539079654]],[[139.04604835610095,35.88304083112128],[139.0472905,35.881497],[139.0483233,35.8812092],[139.04604835610095,35.88304083112128]],[[139.0487377758393,35.8805594552477],[139.049438,35.8794397],[139.0498389,35.8788333],[139.0487377758393,35.8805594552477]],[[139.0498389,35.8788333],[139.0511645,35.8782481],[139.0532336532463,35.87801817078215],[139.0498389,35.8788333]],[[139.0546523,35.8776519],[139.055572,35.8774567],[139.05421966158593,35.87778141595835],[139.0546523,35.8776519]],[[139.05958565199387,35.87480886217184],[139.0591833,35.8750475],[139.0593117,35.8748986],[139.05958565199387,35.87480886217184]],[[139.0619983,35.8735322],[139.0623897656453,35.8734799463305],[139.0614436,35.8737069],[139.0619983,35.8735322]],[[139.06425725508265,35.873031997725874],[139.0652141,35.8727178],[139.06538736012357,35.87276092311306],[139.06425725508265,35.873031997725874]],[[139.0704486,35.8715469],[139.06977017295472,35.87170963208415],[139.0700687,35.8715775],[139.0704486,35.8715469]],[[139.0704486,35.8715469],[139.0722364,35.8715956],[139.0725497,35.8717242],[139.0704486,35.8715469]],[[139.07313721438115,35.87231745760634],[139.0742652,35.8732809],[139.0748923,35.8740897],[139.07313721438115,35.87231745760634]],[[139.0828441,35.8745037],[139.0839898,35.87343],[139.0827216833879,35.87468913153877],[139.0828441,35.8745037]],[[139.09117637481805,35.869171220758915],[139.0912181,35.8691206],[139.0913209,35.8690333],[139.09117637481805,35.869171220758915]],[[139.0913209,35.8690333],[139.0923586,35.8690184],[139.09319147183376,35.869159914048375],[139.0913209,35.8690333]],[[139.0971259,35.8690395],[139.0988056027097,35.86873743027344],[139.0960367,35.8693525],[139.0971259,35.8690395]],[[139.09929072647455,35.86839403066253],[139.0994889,35.8679098],[139.1002228,35.8671036],[139.09929072647455,35.86839403066253]],[[139.1002228,35.8671036],[139.1013692,35.8656908],[139.10446893535246,35.86633164325137],[139.1002228,35.8671036]],[[139.099191,35.929777],[139.168054,35.949636],[139.177809,35.963334],[139.169306,35.985651],[139.174605,35.989046],[139.119354,35.997573],[139.106368,36.008907],[139.100793,36.004973],[139.086807,35.971195],[139.099191,35.929777]],[[139.17968802515608,35.96896144602049],[139.17913,35.969584],[139.178611,35.969735],[139.17968802515608,35.96896144602049]],[[139.185815,35.967237],[139.184733,35.968323],[139.183711,35.968732],[139.185815,35.967237]],[[139.190372,35.966855],[139.187467,35.967354],[139.18649014250352,35.967180404775874],[139.190372,35.966855]],[[139.191837,35.967536],[139.1915621313982,35.96738891859718],[139.191967906125,35.967570957885656],[139.191837,35.967536]],[[139.19479546993375,35.967306428111044],[139.193783,35.967929],[139.192766,35.967929],[139.19479546993375,35.967306428111044]],[[139.1978769159609,35.966717226058634],[139.1971,35.966815],[139.196668,35.966732],[139.1978769159609,35.966717226058634]],[[139.201527,35.965771],[139.201021,35.966317],[139.199041,35.966703],[139.201527,35.965771]],[[139.20172741066872,35.96383085416434],[139.201815,35.964334],[139.201527,35.965771],[139.20172741066872,35.96383085416434]],[[139.20525121058873,35.96116739467109],[139.203139,35.962186],[139.201856,35.962586],[139.20525121058873,35.96116739467109]],[[139.207825,35.960092],[139.20805109903995,35.959930209239374],[139.207907,35.960045],[139.207825,35.960092]],[[139.2119218127522,35.95716042429972],[139.211341,35.957599],[139.21089956948475,35.95789191575513],[139.2119218127522,35.95716042429972]],[[139.3739570359525,35.39549209779271],[139.3721949,35.4001596],[139.371805,35.400677],[139.3739570359525,35.39549209779271]],[[139.371805,35.400677],[139.372464,35.400695],[139.37264668625883,35.400706135814794],[139.371805,35.400677]],[[139.3744907060668,35.38771296488489],[139.374655,35.3883],[139.374652,35.388531],[139.3744907060668,35.38771296488489]],[[139.3716932393734,35.37352504136219],[139.371926,35.374459],[139.37206972513445,35.37543446577034],[139.3716932393734,35.37352504136219]],[[139.37128455322608,35.370803473642184],[139.37125303315895,35.37056417446173],[139.371266,35.370659],[139.37128455322608,35.370803473642184]],[[139.37068,35.367675],[139.370895,35.367846],[139.37051838233663,35.36756977411126],[139.37068,35.367675]],[[139.371946,35.360637],[139.371806,35.361425],[139.36988791291748,35.36225135678624],[139.371946,35.360637]],[[139.37211,35.355513],[139.3720642599758,35.35687405305968],[139.372112,35.355355],[139.37211,35.355513]],[[139.37175361904758,35.3552654047619],[139.372093,35.355291],[139.372112,35.355355],[139.37175361904758,35.3552654047619]],[[139.06628467107865,35.50856572621536],[139.066786,35.506635],[139.067584,35.504147],[139.06628467107865,35.50856572621536]],[[139.067584,35.504147],[139.069403,35.502702],[139.071309,35.502057],[139.067584,35.504147]],[[139.072945,35.500264],[139.07297122971843,35.500242707640325],[139.07291804155213,35.50030076151981],[139.072945,35.500264]],[[139.07341758532675,35.49964103891491],[139.073691,35.498051],[139.07395700899497,35.49760216248539],[139.07341758532675,35.49964103891491]],[[139.074142,35.496734],[139.074342,35.496147],[139.0741263016562,35.49696228174412],[139.074142,35.496734]],[[139.074342,35.496147],[139.07519,35.495464],[139.07667254038424,35.495241711685686],[139.074342,35.496147]],[[139.07718340844468,35.495043267201126],[139.077386,35.494947],[139.0775516229409,35.494900235875505],[139.07718340844468,35.495043267201126]],[[139.07882936099486,35.49468952118616],[139.077977,35.494735],[139.078477,35.494641],[139.07882936099486,35.49468952118616]],[[139.07946786792454,35.49465545283019],[139.079609,35.494621],[139.08013117738255,35.49462006110351],[139.07946786792454,35.49465545283019]],[[139.080882,35.49458],[139.084597,35.492644],[139.086639,35.493031],[139.080882,35.49458]],[[139.0891362469987,35.49145938129664],[139.0886314098204,35.49177709578463],[139.088725,35.491652],[139.0891362469987,35.49145938129664]],[[139.090354,35.490693],[139.090576,35.489167],[139.091048,35.488116],[139.090354,35.490693]],[[139.09279178751103,35.487334506866],[139.092941,35.487219],[139.0931954840422,35.4871535868483],[139.09279178751103,35.487334506866]],[[139.0939499958192,35.486815446008606],[139.094147,35.486699],[139.094279,35.486668],[139.0939499958192,35.486815446008606]],[[139.096662,35.486561],[139.097351,35.485216],[139.09914362042323,35.48395395817421],[139.096662,35.486561]],[[139.099254,35.483838],[139.099732,35.482262],[139.09991847375136,35.482063312128695],[139.099254,35.483838]],[[139.100454,35.480555],[139.100539,35.480406],[139.100417109575,35.48073154703388],[139.100454,35.480555]],[[139.100539,35.480406],[139.100935,35.480094],[139.10094111205436,35.480090179966034],[139.100539,35.480406]],[[139.102375,35.478964],[139.1019584159542,35.47929118638021],[139.102089,35.479167],[139.102375,35.478964]],[[139.102375,35.478964],[139.102831,35.478904],[139.10301797871733,35.478963678188826],[139.102375,35.478964]],[[139.107633,35.478942],[139.108369,35.478961],[139.10737498314984,35.47896149750593],[139.107633,35.478942]],[[139.110126751036,35.478368657788394],[139.111294,35.477811],[139.11178152384682,35.47781101807356],[139.110126751036,35.478368657788394]],[[139.1124372391716,35.47759004942798],[139.113619,35.477149],[139.114114,35.477025],[139.1124372391716,35.47759004942798]],[[139.114114,35.477025],[139.114786,35.477025],[139.11511110692618,35.47731527564011],[139.114114,35.477025]],[[139.117075,35.477887],[139.1166061395588,35.4777505063491],[139.116924,35.47782],[139.117075,35.477887]],[[139.11755956050956,35.47772991719746],[139.118496,35.477349],[139.119077,35.477238],[139.11755956050956,35.47772991719746]],[[139.11940415251985,35.477264281609195],[139.120526,35.477252],[139.12141044656434,35.47742545608533],[139.11940415251985,35.477264281609195]],[[139.121818,35.477458],[139.121828,35.477459],[139.12172899228648,35.477451046272385],[139.121818,35.477458]],[[139.121828,35.477459],[139.121936,35.477507],[139.12194094663468,35.477523422827105],[139.121828,35.477459]],[[139.126,35.478161],[139.126581,35.478126],[139.12567696252884,35.47823107120088],[139.126,35.478161]],[[139.1285441298871,35.48048937966988],[139.128596,35.480531],[139.128744,35.48073],[139.1285441298871,35.48048937966988]],[[139.128792,35.480854],[139.12880107214076,35.480890288562975],[139.128744,35.48073],[139.128792,35.480854]],[[139.1291840379258,35.48196585773843],[139.129686,35.482914],[139.12971242733082,35.483449852859934],[139.1291840379258,35.48196585773843]],[[139.131604,35.484682],[139.13202,35.484692],[139.130175,35.484749],[139.131604,35.484682]],[[139.13202,35.484692],[139.132361,35.484771],[139.13272631076882,35.48489587977427],[139.13202,35.484692]],[[139.134159,35.485305],[139.1346266352226,35.48544441695903],[139.13389996906855,35.48523466151143],[139.134159,35.485305]],[[139.134927,35.485514],[139.13535818156407,35.48565558109465],[139.13470285264555,35.48546641746032],[139.134927,35.485514]],[[139.136321,35.485794],[139.13691418929304,35.48590894584051],[139.135907,35.485814],[139.136321,35.485794]],[[139.137776,35.485942],[139.13892982225124,35.48609895576883],[139.13749544984714,35.485963740179805],[139.137776,35.485942]],[[139.143694,35.484041],[139.14312907463108,35.48438502608021],[139.143422,35.484145],[139.143694,35.484041]],[[139.146516,35.481862],[139.146504,35.481073],[139.14659423521803,35.482251009767005],[139.146516,35.481862]],[[139.146504,35.481073],[139.146858,35.479847],[139.14739131349808,35.479502196210575],[139.146504,35.481073]],[[139.14783466104848,35.47871734168765],[139.148282,35.477872],[139.148389,35.477736],[139.14783466104848,35.47871734168765]],[[139.148389,35.477736],[139.149941,35.476916],[139.151051,35.476764],[139.148389,35.477736]],[[139.151051,35.476764],[139.151286,35.476837],[139.15130285570498,35.47685289643723],[139.151051,35.476764]],[[139.1522522056788,35.47718798446056],[139.154612,35.477878],[139.1553501871993,35.47828146582432],[139.1522522056788,35.47718798446056]],[[139.156442,35.4784633],[139.157516,35.47848],[139.155839,35.478454],[139.156442,35.4784633]],[[139.159014,35.477342],[139.1595800611515,35.47695369744421],[139.15885209905252,35.4774920004937],[139.159014,35.477342]],[[139.1607107170844,35.476117616091265],[139.161503,35.47521],[139.16210512565956,35.47508649868929],[139.1607107170844,35.476117616091265]],[[139.17003699999998,35.453193750000004],[139.169911,35.453217],[139.16985546511629,35.45321644186047],[139.17003699999998,35.453193750000004]],[[139.173127,35.452856],[139.17012744444446,35.453182444444444],[139.173379,35.452776],[139.173127,35.452856]],[[139.176672,35.451487],[139.17674303985194,35.45136190942735],[139.176708,35.451456],[139.176672,35.451487]],[[139.182208,35.449251],[139.179986,35.448346],[139.17932934182835,35.44762908275663],[139.182208,35.449251]],[[139.18538670006794,35.44899238851456],[139.184674,35.449189],[139.183481,35.449157],[139.182979,35.449229],[139.182494,35.449254],[139.182208,35.449251],[139.18538670006794,35.44899238851456]],[[139.18646244157765,35.4490089760519],[139.1867828105954,35.44911770202075],[139.186545,35.449055],[139.18646244157765,35.4490089760519]],[[139.19147455962445,35.45070997508866],[139.191675,35.450778],[139.191584,35.450782],[139.19147455962445,35.45070997508866]],[[139.19504016654602,35.449897726440376],[139.194404,35.450815],[139.193852,35.451037],[139.19504016654602,35.449897726440376]],[[139.198994,35.45144],[139.19773,35.450945],[139.1973760539336,35.45042926409628],[139.198994,35.45144]],[[139.199439,35.45253],[139.19937944359128,35.45221926639107],[139.199684,35.452835],[139.199439,35.45253]],[[139.20047,35.453547],[139.20033974468896,35.4533625032494],[139.20081238047936,35.45374270749567],[139.20047,35.453547]],[[139.20337972684908,35.45893884418687],[139.20179,35.456758],[139.20221,35.454867],[139.20337972684908,35.45893884418687]],[[139.203604,35.45971954382341],[139.203659,35.459911],[139.203616,35.459845],[139.203604,35.45971954382341]],[[139.205439,35.460515],[139.20528564654387,35.46040939740412],[139.205676,35.460529],[139.205439,35.460515]],[[139.20606011179171,35.46025185604902],[139.205882,35.460439],[139.205676,35.460529],[139.20606011179171,35.46025185604902]],[[139.207493,35.459218],[139.207125,35.460052],[139.20632121742483,35.46006346337702],[139.207493,35.459218]],[[139.20856878167726,35.45963202730951],[139.208076,35.459559],[139.20782067909622,35.459344111178005],[139.20856878167726,35.45963202730951]],[[139.20999,35.460179],[139.209166,35.46002],[139.20889506376676,35.459757600832944],[139.20999,35.460179]],[[139.216101,35.461231],[139.213104,35.460927],[139.21233327582848,35.46058239161701],[139.216101,35.461231]],[[139.22105105103242,35.458954844955095],[139.218354,35.460452],[139.216101,35.461231],[139.22105105103242,35.458954844955095]],[[139.223308,35.459119],[139.222338,35.458825],[139.221801,35.45861],[139.223308,35.459119]],[[139.224632,35.458414],[139.2243968094604,35.45849275951053],[139.22473370786517,35.458298988764035],[139.224632,35.458414]],[[139.228734,35.457048],[139.226635,35.457711],[139.225796,35.457688],[139.228734,35.457048]],[[139.22894375098156,35.455336485601116],[139.229216,35.456471],[139.228734,35.457048],[139.22894375098156,35.455336485601116]],[[139.22900657678065,35.45482384313822],[139.229047,35.454494],[139.229037,35.454661],[139.22900657678065,35.45482384313822]],[[139.2288581393035,35.45392135820895],[139.228987,35.45419],[139.229047,35.454494],[139.2288581393035,35.45392135820895]],[[139.228329823185,35.452319458534234],[139.228558,35.45275],[139.22855820905338,35.45301194402814],[139.228329823185,35.452319458534234]],[[139.23348211611372,35.45474111610778],[139.232711,35.454569],[139.230595,35.452399],[139.23348211611372,35.45474111610778]],[[139.234616,35.455806],[139.23438784085235,35.45547586747073],[139.234976,35.455953],[139.234616,35.455806]],[[139.236939,35.459128],[139.237249,35.458149],[139.23759434822443,35.45766656181927],[139.236939,35.459128]],[[139.242506,35.460656],[139.240607,35.460407],[139.23967626617835,35.45987930999111],[139.242506,35.460656]],[[139.245674,35.462874],[139.245212,35.462676],[139.2449664145111,35.46237860081617],[139.245674,35.462874]],[[139.24713568332487,35.461686863396764],[139.246503,35.462788],[139.245674,35.462874],[139.24713568332487,35.461686863396764]],[[139.247492,35.461451],[139.24730741025212,35.46154739179056],[139.24770646367514,35.46122329222874],[139.247492,35.461451]],[[139.2512687440352,35.45997907068956],[139.250836,35.460296],[139.249092,35.460098],[139.2512687440352,35.45997907068956]],[[139.2538446727156,35.4598383313942],[139.2542718405234,35.45981499251191],[139.25409,35.459846],[139.2538446727156,35.4598383313942]],[[139.257449,35.460889],[139.255529,35.46026],[139.254894,35.459781],[139.257449,35.460889]],[[139.25872862479656,35.46080231850808],[139.258473,35.460836],[139.257449,35.460889],[139.25872862479656,35.46080231850808]],[[139.260431,35.460687],[139.259794,35.460733],[139.25974162080874,35.46073369838921],[139.260431,35.460687]],[[139.264993260631,35.461315],[139.262331,35.461025],[139.26190493459728,35.460889888655856],[139.264993260631,35.461315]],[[139.266672,35.462544],[139.26648779463127,35.46218279932448],[139.266994,35.462693],[139.266672,35.462544]],[[139.2685443755827,35.462304430125066],[139.267721,35.462574],[139.266994,35.462693],[139.2685443755827,35.462304430125066]],[[139.272951,35.4612],[139.27341772236645,35.461299724710116],[139.273374,35.461296],[139.272951,35.4612]],[[139.275815,35.461871],[139.27524078255783,35.46168925853619],[139.27621756273786,35.46189796745461],[139.275815,35.461871]],[[139.2770884752613,35.46208405559862],[139.278174,35.462316],[139.277651,35.462261],[139.2770884752613,35.46208405559862]],[[139.281055,35.462435],[139.2816072231885,35.46226355528089],[139.281419,35.462393],[139.281055,35.462435]],[[139.283843,35.461798],[139.28237584514198,35.46202492681026],[139.28450508925832,35.46136387586737],[139.283843,35.461798]],[[139.287829,35.461354],[139.285897,35.46129],[139.285442,35.461073],[139.287829,35.461354]],[[139.290436,35.463294],[139.289232,35.46302],[139.290918,35.463292],[139.290436,35.463294]],[[139.29184673553718,35.46293631404959],[139.291203,35.463212],[139.290918,35.463292],[139.29184673553718,35.46293631404959]],[[139.29267644383563,35.462618553424655],[139.29339637862108,35.462342833719596],[139.293102,35.46249],[139.29267644383563,35.462618553424655]],[[139.29624781818183,35.466383636363666],[139.296039,35.465628],[139.296218,35.464848],[139.29624781818183,35.466383636363666]],[[139.296235,35.468915],[139.29627581909548,35.46782568341694],[139.296312,35.469689],[139.296235,35.468915]],[[139.298256473813,35.47158123690651],[139.297209,35.470998],[139.296312,35.469689],[139.298256473813,35.47158123690651]],[[139.299264,35.474533],[139.298453,35.472332],[139.298471,35.47179],[139.299264,35.474533]],[[139.2990590113059,35.47582909456019],[139.29900802392822,35.4761514755733],[139.298996,35.47608],[139.2990590113059,35.47582909456019]],[[139.294165,35.481124],[139.2944382269899,35.481082040361144],[139.29368394893518,35.48122693342183],[139.294165,35.481124]],[[139.29174275471567,35.48159982717114],[139.292282,35.481299],[139.29274135003843,35.4814080019791],[139.29174275471567,35.48159982717114]],[[139.29063410262594,35.48181279372043],[139.291112,35.481625],[139.29135940058814,35.4816734675913],[139.29063410262594,35.48181279372043]],[[139.28756461940193,35.48855431685305],[139.287203,35.489355],[139.287489,35.488665],[139.28756461940193,35.48855431685305]],[[139.283289,35.492065],[139.286008,35.489847],[139.28683294142684,35.489611223488325],[139.283289,35.492065]],[[139.281797,35.494767],[139.281941,35.49447],[139.28202059955694,35.49436206300077],[139.281797,35.494767]],[[139.283278,35.497351],[139.281815,35.495565],[139.281797,35.494767],[139.283278,35.497351]],[[139.280742,35.498377],[139.2829734604203,35.49748511198824],[139.280301,35.498662],[139.280742,35.498377]],[[139.28021565674726,35.498764867534625],[139.280223,35.498752],[139.280301,35.498662],[139.28021565674726,35.498764867534625]],[[139.27907187289594,35.50014351459978],[139.27884,35.500423],[139.278905,35.500304],[139.27907187289594,35.50014351459978]],[[139.27847822689125,35.50155701586552],[139.27852,35.50122],[139.27884,35.500423],[139.27847822689125,35.50155701586552]],[[139.27734055236783,35.50512317633508],[139.277417,35.504412],[139.27766048351984,35.504120318484404],[139.27734055236783,35.50512317633508]],[[139.275979,35.507354],[139.276048,35.507282],[139.27604813005556,35.507281888976976],[139.275979,35.507354]],[[139.27646610687438,35.508082347532415],[139.276243,35.507903],[139.275979,35.507354],[139.27646610687438,35.508082347532415]],[[139.27703205718814,35.51083458030392],[139.276961,35.511157],[139.276961,35.51102],[139.27703205718814,35.51083458030392]],[[139.27706171182345,35.51130848184627],[139.277029,35.51128],[139.276961,35.511157],[139.27706171182345,35.51130848184627]],[[139.27796801495364,35.51267166311697],[139.278177,35.512986],[139.278064,35.512907],[139.27796801495364,35.51267166311697]],[[139.28011425863602,35.51245018645511],[139.279059,35.512874],[139.278177,35.512986],[139.28011425863602,35.51245018645511]],[[139.2826259946696,35.512170388427144],[139.282584,35.512171],[139.28252433811068,35.51215661995488],[139.2826259946696,35.512170388427144]],[[139.28837542171286,35.514490963382364],[139.287485,35.514332],[139.2865127084445,35.51355394344085],[139.28837542171286,35.514490963382364]],[[139.289608,35.515111],[139.289022,35.514881],[139.28874389263456,35.51467631912518],[139.289608,35.515111]],[[139.291336,35.517416],[139.290525,35.517414],[139.29071176701277,35.5165833281044],[139.291336,35.517416]],[[139.29267970164102,35.5179921944243],[139.291967,35.517933],[139.291336,35.517416],[139.29267970164102,35.5179921944243]],[[139.294314,35.518693],[139.293962,35.51861],[139.2937790470701,35.518463606147925],[139.294314,35.518693]],[[139.29749789283434,35.520836001571624],[139.296337,35.520997],[139.295411,35.52049],[139.29749789283434,35.520836001571624]],[[139.3009860214704,35.5210694352635],[139.300664,35.521306],[139.300013,35.521253],[139.3009860214704,35.5210694352635]],[[139.30219883047178,35.52084063356535],[139.301824,35.521208],[139.3014294205692,35.52098578609314],[139.30219883047178,35.52084063356535]],[[139.307412,35.5227],[139.306832,35.522617],[139.30660239120598,35.52240364368828],[139.307412,35.5227]],[[139.3078802251815,35.52243595520587],[139.307591,35.522626],[139.307412,35.5227],[139.3078802251815,35.52243595520587]],[[139.3099631122286,35.521261359085706],[139.309005,35.522031],[139.30811727645928,35.522302275604005],[139.3099631122286,35.521261359085706]],[[139.312097,35.519084],[139.311743,35.519844],[139.310916,35.520724],[139.312097,35.519084]],[[139.3120523467656,35.518940031813266],[139.312084,35.519015],[139.312097,35.519084],[139.3120523467656,35.518940031813266]],[[139.31182418002228,35.51695173422641],[139.31192781618861,35.51686325119573],[139.311885,35.516909],[139.31182418002228,35.51695173422641]],[[139.31261635688548,35.516275385301384],[139.312468,35.516535],[139.31203191716656,35.516774371315734],[139.31261635688548,35.516275385301384]],[[139.31367668161553,35.515370095681554],[139.313642,35.515821],[139.31319287408033,35.51578316342129],[139.31367668161553,35.515370095681554]],[[139.315374,35.513929],[139.314885843256,35.514337731302206],[139.315559,35.513763],[139.315374,35.513929]],[[139.316193,35.510509],[139.316291,35.512145],[139.315559,35.513763],[139.316193,35.510509]],[[139.317631,35.509163],[139.31758842160949,35.509169],[139.31766864874865,35.509091959221976],[139.317631,35.509163]],[[139.31857874097201,35.508218012902816],[139.31869514711886,35.50810623002965],[139.318628,35.508182],[139.31857874097201,35.508218012902816]],[[139.32184893468684,35.50632056905172],[139.320699,35.507515],[139.319441,35.50739],[139.32184893468684,35.50632056905172]],[[139.324682,35.507502],[139.3245416107229,35.5073279249055],[139.32484,35.507534],[139.324682,35.507502]],[[139.32888355186094,35.50604162744641],[139.328275,35.506298],[139.32773804796204,35.506124869418464],[139.32888355186094,35.50604162744641]],[[139.33714679086557,35.50246949102514],[139.336719,35.502939],[139.33640229449733,35.503047470363775],[139.33714679086557,35.50246949102514]],[[139.340632,35.499856],[139.340387,35.499954],[139.3407972562044,35.4997532788321],[139.340632,35.499856]],[[139.34511326942703,35.49846377871402],[139.3441308,35.4983984],[139.34347054234934,35.49844535195283],[139.343878,35.498246],[139.34511326942703,35.49846377871402]],[[139.347684,35.498917],[139.3464489,35.4989162],[139.3450638,35.4987679],[139.347684,35.498917]],[[139.354493,35.51915],[139.3523714,35.5188459],[139.3475599,35.5176685],[139.354493,35.51915]],[[139.353727,35.522552],[139.3535322,35.5224841],[139.35379674483124,35.52224224554054],[139.353727,35.522552]],[[139.35171410612335,35.52443820990096],[139.3516992,35.5244229],[139.35167658928236,35.52439746592088],[139.35171410612335,35.52443820990096]],[[139.00502246306192,35.28953094220471],[139.0049018449871,35.289638543126195],[139.004939,35.289559],[139.00502246306192,35.28953094220471]],[[139.00713010352732,35.287650759184444],[139.009053,35.285518],[139.009939,35.285145],[139.00713010352732,35.287650759184444]],[[139.009939,35.285145],[139.01009,35.283318],[139.010711,35.28247],[139.009939,35.285145]],[[139.010711,35.28247],[139.010959,35.282276],[139.0113182992752,35.28230066433392],[139.010711,35.28247]],[[139.0119475370091,35.282125211480356],[139.01416,35.281463],[139.014656,35.28137],[139.0119475370091,35.282125211480356]],[[139.014656,35.28137],[139.015286,35.281413],[139.01541346246935,35.28146858513701],[139.014656,35.28137]],[[139.01626421511878,35.28117905745144],[139.017077,35.279378],[139.017484,35.27917],[139.01626421511878,35.28117905745144]],[[139.017484,35.27917],[139.02018,35.278739],[139.021563,35.279048],[139.017484,35.27917]],[[139.02342438347847,35.27838684384755],[139.024497,35.277631],[139.02549565343736,35.277651136835786],[139.02342438347847,35.27838684384755]],[[139.029365,35.274791],[139.030642,35.27408],[139.02920962766345,35.27513561386607],[139.029365,35.274791]],[[139.030784,35.274137],[139.0308549190435,35.27417550980318],[139.030642,35.27408],[139.030784,35.274137]],[[139.033771,35.275266],[139.035163,35.276108],[139.03332259081103,35.27528244153168],[139.033771,35.275266]],[[139.035163,35.276108],[139.035837,35.276934],[139.0362124384249,35.27772030487981],[139.035163,35.276108]],[[139.0367940642129,35.278222992577945],[139.036511,35.278179],[139.036759,35.278215],[139.0367940642129,35.278222992577945]],[[139.039844,35.278697],[139.03893487290594,35.27855570752034],[139.03933,35.278546],[139.039844,35.278697]],[[139.041848,35.279243],[139.042894,35.279811],[139.04141650451874,35.27927135083078],[139.041848,35.279243]],[[139.042894,35.279811],[139.043319,35.280386],[139.0434373735967,35.280649988773625],[139.042894,35.279811]],[[139.044844,35.281436],[139.04545143763193,35.28154655360912],[139.04415921858111,35.28150027513472],[139.044844,35.281436]],[[139.04975647496096,35.28143299681955],[139.050722,35.28071],[139.052097,35.279754],[139.04975647496096,35.28143299681955]],[[139.05305892268638,35.27756097711928],[139.052886,35.277755],[139.052992,35.277618],[139.05305892268638,35.27756097711928]],[[139.05476356201754,35.275648336039424],[139.055084,35.275252],[139.05519220809362,35.27516738615237],[139.05476356201754,35.275648336039424]],[[139.0555987604305,35.27471122590399],[139.055714,35.274462],[139.056033,35.274224],[139.0555987604305,35.27471122590399]],[[139.056033,35.274224],[139.056671,35.274081],[139.05727679641993,35.27407002245146],[139.056033,35.274224]],[[139.058755,35.272686],[139.060049,35.271823],[139.05833589632994,35.273308091042644],[139.058755,35.272686]],[[139.0600782607945,35.271239104145195],[139.060049,35.270867],[139.06010468698298,35.2707117725349],[139.0600782607945,35.271239104145195]],[[139.060182,35.269169],[139.060324,35.268954],[139.0603606514899,35.26892291809926],[139.060182,35.269169]],[[139.061202,35.267573],[139.06167001556088,35.26711934624258],[139.0610967031853,35.26790905025888],[139.061202,35.267573]],[[139.063152,35.265078],[139.063853,35.262216],[139.0646975068632,35.26086750815193],[139.063152,35.265078]],[[139.064828,35.260512],[139.064713,35.257499],[139.064899,35.256464],[139.064828,35.260512]],[[139.064899,35.256464],[139.065307,35.256111],[139.06643443105847,35.25595586080726],[139.064899,35.256464]],[[139.0664721718165,35.25251855137537],[139.065564,35.251568],[139.064904,35.250863],[139.0664721718165,35.25251855137537]],[[139.06378097127163,35.25045079852254],[139.061868,35.249844],[139.061463,35.2496],[139.06378097127163,35.25045079852254]],[[139.05929911534588,35.248002746058916],[139.059095,35.247932],[139.058912,35.247717],[139.05929911534588,35.248002746058916]],[[139.058912,35.247717],[139.058964,35.247131],[139.0593190113079,35.24706505074931],[139.058912,35.247717]],[[139.060248,35.245577],[139.06024688851915,35.245578780366046],[139.060247,35.245578],[139.060248,35.245577]],[[139.060248,35.245577],[139.060685,35.245413],[139.061667,35.245809],[139.060248,35.245577]],[[139.06456499149337,35.24360105063331],[139.064004,35.243718],[139.064082,35.24348],[139.06456499149337,35.24360105063331]],[[139.066212,35.243096],[139.06663000231924,35.24222521274188],[139.066153,35.24327],[139.066212,35.243096]],[[139.067267,35.241176],[139.0676907587889,35.241151917044384],[139.067062,35.241279],[139.067267,35.241176]],[[139.0700144195793,35.24068226526966],[139.070547,35.240375],[139.071124,35.240458],[139.0700144195793,35.24068226526966]],[[139.071124,35.240458],[139.071266,35.240583],[139.0713476371914,35.24075198898614],[139.071124,35.240458]],[[139.072892,35.241637],[139.07370017956623,35.24100575277491],[139.0728434758509,35.24173016643256],[139.072892,35.241637]],[[139.0745569050542,35.24028132070668],[139.074665,35.240135],[139.074944,35.239954],[139.0745569050542,35.24028132070668]],[[139.078139,35.238109],[139.078504,35.237257],[139.078124,35.238331],[139.078139,35.238109]],[[139.08089965891477,35.23566987596896],[139.08082400000006,35.235719999999965],[139.080848,35.235702],[139.08089965891477,35.23566987596896]],[[139.083075,35.234122],[139.083544,35.233918],[139.08290110764176,35.23434391618734],[139.083075,35.234122]],[[139.083755,35.233974],[139.08393122786435,35.23405531825072],[139.083544,35.233918],[139.083755,35.233974]],[[139.08677,35.235062],[139.089537,35.237745],[139.091195,35.239976],[139.08677,35.235062]],[[139.091195,35.239976],[139.09112,35.240385],[139.09073959913783,35.24060889563026],[139.091195,35.239976]],[[139.090463,35.24225],[139.09113384751106,35.242857591209855],[139.089848,35.241848],[139.090463,35.24225]],[[139.09563024407376,35.2421188388645],[139.095712,35.24206],[139.095856,35.242038],[139.09563024407376,35.2421188388645]],[[139.100136,35.239643],[139.10131545013851,35.24001527640701],[139.099853,35.239772],[139.100136,35.239643]],[[139.10352,35.240382],[139.105154,35.239521],[139.105502,35.239397],[139.10352,35.240382]],[[139.108422,35.238643],[139.109151,35.238744],[139.10807838231761,35.23893594829997],[139.108422,35.238643]],[[139.111846282116,35.23951601025913],[139.113246,35.239471],[139.11411426355792,35.24016562869065],[139.111846282116,35.23951601025913]],[[139.11583289421708,35.24015677406516],[139.116624,35.240095],[139.11696004969002,35.2401015244951],[139.11583289421708,35.24015677406516]],[[139.117848,35.240058],[139.11699929104668,35.24009960100882],[139.117191,35.240078],[139.117848,35.240058]],[[139.119031,35.239319],[139.11941692010546,35.23914152626564],[139.11896689980742,35.23940440248327],[139.119031,35.239319]],[[139.120281,35.238261],[139.12035329701897,35.2369301284553],[139.120421,35.238555],[139.120281,35.238261]],[[139.120343,35.236683],[139.118422,35.235541],[139.116619,35.233639],[139.120343,35.236683]],[[139.11570316821368,35.23309769249374],[139.114124,35.232436],[139.114137,35.232172],[139.11570316821368,35.23309769249374]],[[139.114137,35.232172],[139.114635,35.230596],[139.11487488450823,35.230021071597484],[139.114137,35.232172]],[[139.11496998420455,35.229743856619294],[139.115057,35.229454],[139.11509238084182,35.229387071240886],[139.11496998420455,35.229743856619294]],[[139.11333812181482,35.22705698861005],[139.111244,35.22663],[139.110454,35.226101],[139.11333812181482,35.22705698861005]],[[139.1089550422636,35.225955684813755],[139.109693028715,35.22602722828427],[139.109406,35.226029],[139.1089550422636,35.225955684813755]],[[139.104549,35.226152],[139.103173,35.225897],[139.100707,35.22508],[139.104549,35.226152]],[[139.100707,35.22508],[139.099805,35.224567],[139.09693018905108,35.22241175532608],[139.100707,35.22508]],[[139.096186,35.221886],[139.0964506022651,35.222072936437684],[139.096337,35.221995],[139.096186,35.221886]],[[139.095701211219,35.22173474884439],[139.095556,35.221701],[139.09536379733044,35.22162947776023],[139.095701211219,35.22173474884439]],[[139.09370476428086,35.22111186952387],[139.092434,35.220831],[139.092234,35.220653],[139.09370476428086,35.22111186952387]],[[139.090061,35.218646],[139.088482,35.217988],[139.09028890240165,35.21872769451749],[139.090061,35.218646]],[[139.088482,35.217988],[139.088082,35.217576],[139.088007045388,35.21723722693996],[139.088482,35.217988]],[[139.08611921668162,35.21514836905248],[139.085992,35.2151],[139.08585820185883,35.215041329157344],[139.08611921668162,35.21514836905248]],[[139.085021,35.214698],[139.08535947085545,35.21483680393643],[139.085178,35.214763],[139.085021,35.214698]],[[139.085021,35.214698],[139.084619,35.214072],[139.0848953875239,35.2119107252666],[139.085021,35.214698]],[[139.084831,35.210482],[139.084053,35.208846],[139.08415075776864,35.208397762316324],[139.084831,35.210482]],[[139.081284,35.206207],[139.08199865304857,35.206463301503675],[139.081733,35.206442],[139.081284,35.206207]],[[139.081284,35.206207],[139.081069,35.205559],[139.0810280940542,35.205283129658916],[139.081284,35.206207]],[[139.080574,35.20421],[139.080617,35.203799],[139.08085420244012,35.20465534704024],[139.080574,35.20421]],[[139.076723,35.20018],[139.077492,35.198844],[139.078076,35.198525],[139.076723,35.20018]],[[139.07809095828566,35.198377325402205],[139.077839,35.196909],[139.078319,35.196126],[139.07809095828566,35.198377325402205]],[[139.078319,35.196126],[139.079081,35.19579],[139.07971929544553,35.19583978012433],[139.078319,35.196126]],[[139.082683,35.195234],[139.08528,35.194035],[139.08599799594202,35.193906],[139.082683,35.195234]],[[139.086989,35.193509],[139.08891,35.193415],[139.0895042960528,35.193396320552544],[139.086989,35.193509]],[[139.09156225041366,35.19299142471044],[139.0913476568289,35.193160335951106],[139.09147,35.193056],[139.09156225041366,35.19299142471044]],[[139.092828,35.191877],[139.0931614268435,35.19173267843841],[139.09263138171522,35.19214988839523],[139.092828,35.191877]],[[139.093222,35.191685],[139.09348,35.189818],[139.093671,35.189641],[139.093222,35.191685]],[[139.095995,35.189053],[139.0965559223916,35.18903562665773],[139.0955865086113,35.1892390488579],[139.095995,35.189053]],[[139.09811679005605,35.18870809352281],[139.099006,35.188013],[139.10104049829107,35.18809458134265],[139.09811679005605,35.18870809352281]],[[139.10258353436805,35.18732832594237],[139.102876,35.187161],[139.103022,35.187097],[139.10258353436805,35.18732832594237]],[[139.10369,35.186864],[139.10384046051118,35.18683490542602],[139.103022,35.187097],[139.10369,35.186864]],[[139.104421,35.186649],[139.104824,35.186619],[139.1048733968456,35.18663241090831],[139.104421,35.186649]],[[139.10743316809598,35.1865385457976],[139.10727314089743,35.18654441388863],[139.107295,35.186542],[139.10743316809598,35.1865385457976]],[[139.112587,35.185353],[139.114246,35.185074],[139.11582538509302,35.18512721946171],[139.112587,35.185353]],[[139.118797,35.184132],[139.119778018676,35.18389405517324],[139.11822167755994,35.18445957734204],[139.118797,35.184132]],[[139.123259175941,35.1826291193657],[139.12308466393625,35.182692531175874],[139.123161,35.182653],[139.123259175941,35.1826291193657]],[[139.124264,35.182264],[139.1239316019553,35.18238478230229],[139.124113,35.18229],[139.124264,35.182264]],[[139.12575363086412,35.181257160356886],[139.126998,35.180186],[139.12760170327127,35.1800080505219],[139.12575363086412,35.181257160356886]],[[139.0419050001793,35.150118894328635],[139.040346,35.150705],[139.039615,35.150668],[139.0419050001793,35.150118894328635]],[[139.039615,35.150668],[139.038732,35.150454],[139.03855694392507,35.15037429361695],[139.039615,35.150668]],[[139.042209,35.150046],[139.0432825542886,35.14997561676625],[139.042701,35.150073],[139.042209,35.150046]],[[139.048227,35.149703],[139.04680379572096,35.14974476085009],[139.0486,35.149627],[139.048227,35.149703]],[[139.051414,35.147164],[139.050239,35.148816],[139.0486,35.149627],[139.051414,35.147164]],[[139.056151,35.147192],[139.053913,35.147308],[139.05363115814694,35.147177105431304],[139.056151,35.147192]],[[139.05718022847677,35.14692946930661],[139.056824,35.147081],[139.056151,35.147192],[139.05718022847677,35.14692946930661]],[[139.060338,35.146124],[139.058773,35.147238],[139.05804917828564,35.14670782173177],[139.060338,35.146124]],[[139.061964,35.145726],[139.06085154623491,35.14594687840888],[139.06232470400718,35.14543878774274],[139.061964,35.145726]],[[139.066131,35.144126],[139.067602,35.144737],[139.067051,35.144568],[139.066131,35.144126]],[[139.07080143954994,35.14501081762949],[139.070582,35.145037],[139.0704307563636,35.14497909345099],[139.07080143954994,35.14501081762949]],[[139.076707,35.144676],[139.074591,35.145074],[139.0738530467275,35.1450494694133],[139.076707,35.144676]],[[139.08254179675492,35.14153198975234],[139.081241,35.142333],[139.08012587645928,35.142503698824726],[139.08254179675492,35.14153198975234]],[[139.08964767794205,35.140249104506715],[139.086803,35.140956],[139.083586,35.141112],[139.08964767794205,35.140249104506715]],[[139.091975,35.140511],[139.09174614285715,35.140463000000004],[139.09216278747203,35.14053327740492],[139.091975,35.140511]],[[139.092972,35.140674],[139.09270005000005,35.14062390000001],[139.093252,35.140717],[139.092972,35.140674]],[[139.0952897823659,35.1406282566308],[139.094089,35.140722],[139.093252,35.140717],[139.0952897823659,35.1406282566308]],[[139.10573888177973,35.14129873449573],[139.102402,35.140786],[139.101243,35.140369],[139.10573888177973,35.14129873449573]],[[139.031437,35.087306],[139.032746,35.085873],[139.034197,35.085145],[139.031437,35.087306]],[[139.031257,35.089504],[139.031154,35.088296],[139.031437,35.087306],[139.031257,35.089504]],[[139.032549,35.092645],[139.032239,35.093612],[139.032183,35.09305],[139.032549,35.092645]],[[139.03248536498518,35.09394729673592],[139.032322,35.093751],[139.032239,35.093612],[139.03248536498518,35.09394729673592]],[[139.03488356342388,35.09721118631835],[139.033388,35.095532],[139.03302697132298,35.09468440975175],[139.03488356342388,35.09721118631835]],[[139.034148,35.099876],[139.034192,35.099767],[139.03419406306182,35.09976297533839],[139.034148,35.099876]],[[139.036876,35.103106],[139.035387,35.102104],[139.034148,35.099876],[139.036876,35.103106]],[[139.03652037040715,35.104050863671304],[139.03619910449964,35.104904427297356],[139.03632,35.104478],[139.03652037040715,35.104050863671304]],[[139.0363466226796,35.10865654950232],[139.035825,35.105508],[139.036127,35.105096],[139.0363466226796,35.10865654950232]],[[139.035619,35.110002],[139.036391,35.109376],[139.035314,35.110352],[139.035619,35.110002]],[[139.03563457918162,35.11198463196934],[139.035223,35.110994],[139.035314,35.110352],[139.03563457918162,35.11198463196934]],[[139.034399,35.116893],[139.03490630530536,35.116201417592556],[139.03425,35.117213],[139.034399,35.116893]],[[139.036293,35.118747],[139.036025,35.11861],[139.03592257453946,35.11846886360428],[139.036293,35.118747]],[[139.039186957796,35.11866229425557],[139.038172,35.119194],[139.036293,35.118747],[139.039186957796,35.11866229425557]],[[139.041916,35.121859],[139.0414579645795,35.12147275513402],[139.0422152070744,35.12198508462785],[139.041916,35.121859]],[[139.04462194714617,35.12390559973198],[139.044653,35.123853],[139.044778,35.123719],[139.04462194714617,35.12390559973198]],[[139.04429350834232,35.12429832944675],[139.0438884031117,35.124782732811354],[139.044043,35.124535],[139.04429350834232,35.12429832944675]],[[139.04111,35.128105],[139.042315,35.126391],[139.04276948142927,35.126120680057596],[139.04111,35.128105]],[[139.038546,35.137045],[139.038655,35.135167],[139.0414267039981,35.13295679711697],[139.038546,35.137045]],[[139.035656,35.137729],[139.03616751314274,35.13766801518838],[139.034923,35.137994],[139.035656,35.137729]],[[139.03466777100328,35.138596971980434],[139.034698,35.138213],[139.034923,35.137994],[139.03466777100328,35.138596971980434]],[[139.03343699389345,35.14150465144088],[139.033989,35.140114],[139.0344207674162,35.13918051164095],[139.03343699389345,35.14150465144088]],[[139.03334245953172,35.14346179739126],[139.033016,35.142761],[139.032967,35.142615],[139.03334245953172,35.14346179739126]],[[139.033719,35.144392],[139.0335513561099,35.143932934924116],[139.03385251923126,35.144612166968976],[139.033719,35.144392]],[[139.030276,35.147813],[139.030656,35.146551],[139.03363317583313,35.1450778621959],[139.030276,35.147813]],[[139.03449380140552,35.14990578854708],[139.031467,35.14996],[139.030427,35.149753],[139.03449380140552,35.14990578854708]],[[139.197213,35.316817],[139.19737404978883,35.316668537946015],[139.197303,35.316761],[139.197213,35.316817]],[[139.197213,35.316817],[139.196848,35.316897],[139.19675981551285,35.316898410951794],[139.197213,35.316817]],[[139.1996734472769,35.31454886255574],[139.19903,35.315691],[139.19821921134434,35.315889434655126],[139.1996734472769,35.31454886255574]],[[139.200887,35.313528],[139.2002923578686,35.31397832633621],[139.20105265183392,35.313277457340725],[139.200887,35.313528]],[[139.202932,35.311545],[139.202056,35.312503],[139.20169782729835,35.31268270912453],[139.202932,35.311545]],[[139.205806,35.312066],[139.2051954739189,35.31186752241163],[139.206434,35.312044],[139.205806,35.312066]],[[139.20718363934526,35.3127062939801],[139.206725,35.312505],[139.206434,35.312044],[139.20718363934526,35.3127062939801]],[[139.20749382233979,35.312980335532615],[139.208099,35.313515],[139.207604,35.313182],[139.20749382233979,35.312980335532615]],[[139.209406101816,35.313840502716104],[139.208668,35.313743],[139.208099,35.313515],[139.209406101816,35.313840502716104]],[[139.213844,35.317295],[139.212281,35.315817],[139.212286292328,35.31467154242411],[139.213844,35.317295]],[[139.213844,35.317295],[139.215795,35.317284],[139.214757,35.317328],[139.213844,35.317295]],[[139.22167620907445,35.31599924066655],[139.220504,35.316209],[139.218663,35.316128],[139.22167620907445,35.31599924066655]],[[139.22535504840073,35.317115331543974],[139.223918,35.317189],[139.223671,35.315914],[139.22535504840073,35.317115331543974]],[[139.2296347178424,35.31890972378347],[139.228832,35.318924],[139.226755,35.318114],[139.2296347178424,35.31890972378347]],[[139.022756,35.331646],[139.02303912805183,35.33160911313583],[139.022989,35.331636],[139.022756,35.331646]],[[139.02458622041203,35.331407552798154],[139.024447,35.331481],[139.02414617915386,35.33146488283666],[139.02458622041203,35.331407552798154]],[[139.02597891427504,35.33122610801015],[139.025499,35.331316],[139.02542852925404,35.33129781400104],[139.02597891427504,35.33122610801015]],[[139.028585,35.332023],[139.02844,35.331947],[139.02806271198952,35.33170132819841],[139.028585,35.332023]],[[139.031554,35.332306],[139.029805,35.332282],[139.028585,35.332023],[139.031554,35.332306]],[[139.030596,35.3343],[139.03093177649484,35.33385222350514],[139.0305466483983,35.334809265645816],[139.030596,35.3343]],[[139.03027723230835,35.335478763804495],[139.029921,35.336364],[139.030014,35.336016],[139.03027723230835,35.335478763804495]],[[139.0324535875168,35.337462246731484],[139.030697,35.337142],[139.029921,35.336364],[139.0324535875168,35.337462246731484]],[[139.033453,35.338541],[139.0330628057826,35.337842302535186],[139.0340246650247,35.33896566502471],[139.033453,35.338541]],[[139.039018,35.342464],[139.036818,35.342055],[139.036532,35.341894],[139.039018,35.342464]],[[139.04628307591662,35.34370801848587],[139.04658207117268,35.34383369449047],[139.046422,35.34377],[139.04628307591662,35.34370801848587]],[[139.04953695157548,35.345975380896306],[139.04966544828446,35.346547909597646],[139.049381,35.346149],[139.04953695157548,35.345975380896306]],[[139.05013220123277,35.34862756954707],[139.049286,35.348721],[139.04998968639924,35.34799258182479],[139.05013220123277,35.34862756954707]],[[139.05230521305617,35.35007638865397],[139.050883,35.350039],[139.050271,35.349246],[139.05230521305617,35.35007638865397]],[[139.053719,35.351161],[139.05330448500663,35.35048430270573],[139.0542338772692,35.350863691082765],[139.053719,35.351161]],[[139.055602,35.351438],[139.05545400729628,35.351361761886],[139.0558,35.351503],[139.055602,35.351438]],[[139.0569277011225,35.351494660913204],[139.056269,35.351522],[139.0558,35.351503],[139.0569277011225,35.351494660913204]],[[139.06146549726756,35.3498882861351],[139.059689,35.351329],[139.059316,35.351477],[139.06146549726756,35.3498882861351]],[[139.06328730106807,35.34854177362693],[139.062863,35.34897],[139.0622008371791,35.34934478941587],[139.06328730106807,35.34854177362693]],[[139.06614796249946,35.34759977593435],[139.065489,35.348177],[139.063471,35.348406],[139.06614796249946,35.34759977593435]],[[139.06758029934613,35.34730963103404],[139.067276,35.347339],[139.067057,35.347326],[139.06758029934613,35.34730963103404]],[[139.072766,35.348171],[139.0721115527825,35.34767427589135],[139.073934,35.348609],[139.072766,35.348171]],[[139.07441003522084,35.348742955142406],[139.074216,35.348696],[139.073934,35.348609],[139.07441003522084,35.348742955142406]],[[139.080134,35.350231],[139.079229,35.350099],[139.081,35.350131],[139.080134,35.350231]],[[139.084214,35.348852],[139.082375,35.349706],[139.081,35.350131],[139.084214,35.348852]],[[139.087416,35.348955],[139.08824973717373,35.349318071707174],[139.08784,35.349161],[139.087416,35.348955]],[[139.091058,35.350541],[139.089517,35.349886],[139.08854861536537,35.34944822569179],[139.091058,35.350541]],[[139.092881,35.347504],[139.091805,35.349889],[139.091058,35.350541],[139.092881,35.347504]],[[139.09886246725316,35.34923087416683],[139.098931,35.349345],[139.098867,35.349242],[139.09886246725316,35.34923087416683]],[[139.10180612147937,35.35081883987506],[139.100536,35.350319],[139.098931,35.349345],[139.10180612147937,35.35081883987506]],[[139.108596,35.352249],[139.104552,35.351679],[139.102101,35.35097],[139.108596,35.352249]],[[139.11001002507922,35.352231529419875],[139.109656,35.352253],[139.10928531506846,35.35224048336595],[139.11001002507922,35.352231529419875]],[[139.11224654318977,35.352203896763676],[139.112481,35.352201],[139.112405,35.352211],[139.11224654318977,35.352203896763676]],[[139.11168669371907,35.35096178548254],[139.112496,35.352114],[139.112481,35.352201],[139.11168669371907,35.35096178548254]],[[139.110991,35.349391],[139.11136200854745,35.35045523707934],[139.11051,35.349126],[139.110991,35.349391]],[[139.106872,35.34481],[139.108004,35.345909],[139.11051,35.349126],[139.106872,35.34481]],[[139.1068978387097,35.344706645161274],[139.10699304484305,35.3443258206278],[139.106983,35.344446],[139.1068978387097,35.344706645161274]],[[139.108989,35.341326],[139.10840365869655,35.34197011312436],[139.10912499205799,35.341130974063184],[139.108989,35.341326]],[[139.113986,35.338989],[139.111166,35.340243],[139.109633,35.34054],[139.113986,35.338989]],[[139.1143667578413,35.33828476121792],[139.114284,35.338525],[139.113986,35.338989],[139.1143667578413,35.33828476121792]],[[139.1145901256078,35.33787162660381],[139.11463450388035,35.337789545823824],[139.11463,35.337806],[139.1145901256078,35.33787162660381]],[[139.11561561001443,35.33597492005907],[139.115477,35.336254],[139.11545807778464,35.336266287152824],[139.11561561001443,35.33597492005907]],[[139.116951,35.331011],[139.11679,35.333564],[139.116552,35.334243],[139.116951,35.331011]],[[139.11766004928091,35.329456237567236],[139.117711,35.329666],[139.11746397194648,35.32988618465511],[139.11766004928091,35.329456237567236]],[[139.11833846001392,35.32796865757801],[139.11834881785987,35.3279459454899],[139.118341,35.327966],[139.11833846001392,35.32796865757801]],[[139.118632,35.327325],[139.118479,35.327705],[139.11840927758809,35.327813372879405],[139.118632,35.327325]],[[139.120805,35.324448],[139.120222,35.325787],[139.118632,35.327325],[139.120805,35.324448]],[[139.12078931904838,35.32421098895041],[139.120836,35.324367],[139.120805,35.324448],[139.12078931904838,35.32421098895041]],[[139.1207826622429,35.32411037410899],[139.120771019511,35.32393439906754],[139.120798,35.323969],[139.1207826622429,35.32411037410899]],[[139.1206185615694,35.32163006080415],[139.12079,35.323134],[139.1207304209787,35.32332076916803],[139.1206185615694,35.32163006080415]],[[139.125412,35.318387],[139.1243293046127,35.318819292850876],[139.12591,35.318105],[139.125412,35.318387]],[[139.12909054470686,35.31829909923044],[139.127886,35.318531],[139.1277231740748,35.31821565264758],[139.12909054470686,35.31829909923044]],[[139.12982663028683,35.318344020354886],[139.129941,35.318351],[139.129834,35.318348],[139.12982663028683,35.318344020354886]],[[139.135543,35.318874],[139.133398,35.319425],[139.130654,35.317675],[139.135543,35.318874]],[[139.135758,35.321338],[139.13572574187293,35.319876632865224],[139.13600189181125,35.3213917590894],[139.135758,35.321338]],[[139.13976685793008,35.32262436800516],[139.139274,35.322653],[139.13908672151373,35.3226122338239],[139.13976685793008,35.32262436800516]],[[139.14549766016037,35.31945582294416],[139.144655,35.320909],[139.143063,35.323491],[139.14549766016037,35.31945582294416]],[[139.14830603803287,35.31426879702161],[139.147235,35.316443],[139.14644,35.317894],[139.14830603803287,35.31426879702161]],[[139.15057,35.313559],[139.14864,35.31362],[139.15135990353048,35.31350346738816],[139.15057,35.313559]],[[139.15197839307106,35.31347696858012],[139.151788,35.3135],[139.15140565293657,35.313501507282695],[139.15197839307106,35.31347696858012]],[[139.15452772131948,35.313367744162456],[139.154259,35.313384],[139.1540316041667,35.313389],[139.15452772131948,35.313367744162456]],[[139.15519861805564,35.313339],[139.155362,35.313332],[139.155241,35.313339],[139.15519861805564,35.313339]],[[139.155362,35.313332],[139.155378,35.313775],[139.155147,35.313674],[139.155362,35.313332]],[[139.1580319774536,35.31500327055694],[139.158091,35.314702],[139.1581055593665,35.31465120398804],[139.1580319774536,35.31500327055694]],[[139.157997,35.315489],[139.157943,35.315429],[139.15809455465504,35.31551871863663],[139.157997,35.315489]],[[139.16454625879288,35.31782503359262],[139.162748,35.318751],[139.160764,35.317099],[139.16454625879288,35.31782503359262]],[[139.165608,35.31837],[139.165489,35.318006],[139.16579297701557,35.31860285121809],[139.165608,35.31837]],[[139.168396,35.321336],[139.16820420904952,35.32112100567602],[139.1688347517333,35.32153810758317],[139.168396,35.321336]],[[139.169102,35.321863],[139.169081,35.321701],[139.16918192137138,35.32212052441889],[139.169102,35.321863]],[[139.16961054151923,35.32390227407211],[139.16894,35.323111],[139.16931051088653,35.322655063742765],[139.16961054151923,35.32390227407211]],[[139.16995888484698,35.325350317535644],[139.169207,35.324581],[139.16964374964215,35.32404031835628],[139.16995888484698,35.325350317535644]],[[139.1701105707711,35.325980867322066],[139.170027,35.325664],[139.17002653979156,35.32563155530442],[139.1701105707711,35.325980867322066]],[[139.1723144661111,35.32697551267713],[139.17128,35.326975],[139.170298,35.32676],[139.1723144661111,35.32697551267713]],[[139.1739055389404,35.32714556084361],[139.173645,35.327206],[139.17343321267455,35.327095080303685],[139.1739055389404,35.32714556084361]],[[139.17617207054232,35.32738779962494],[139.174732,35.327557],[139.1743321561649,35.32719115616488],[139.17617207054232,35.32738779962494]],[[139.1783671974393,35.328230559527256],[139.17706,35.327914],[139.176464,35.327419],[139.1783671974393,35.328230559527256]],[[139.181309,35.329485],[139.179436,35.329425],[139.17882816135932,35.32842712329584],[139.181309,35.329485]],[[139.182332,35.327587],[139.1817853144213,35.3285827133321],[139.18241599999953,35.32738800000107],[139.182332,35.327587]],[[139.1836265565047,35.32631617918084],[139.183428,35.326522],[139.18331681966083,35.32659041867025],[139.1836265565047,35.32631617918084]],[[139.18725,35.323108],[139.187106,35.323251],[139.186998450601,35.323330720609796],[139.18725,35.323108]],[[139.1922683348137,35.317770160010454],[139.191211,35.318787],[139.19009808546613,35.31916119150164],[139.1922683348137,35.317770160010454]],[[139.193686,35.317533],[139.19260471715472,35.317644840985736],[139.19390824859175,35.317410672036914],[139.193686,35.317533]],[[139.243375,35.33525],[139.244228,35.335372],[139.24278607466402,35.33524836224343],[139.243375,35.33525]],[[139.2404358636859,35.335399534763106],[139.240326,35.335058],[139.240496,35.335052],[139.2404358636859,35.335399534763106]],[[139.240072,35.336054],[139.24028301585545,35.33628286017676],[139.240092,35.336268],[139.240072,35.336054]],[[139.239741,35.337886],[139.2402521262815,35.336461374622274],[139.239749,35.339369],[139.239741,35.337886]],[[139.2398766992651,35.340101901062845],[139.239866,35.34006],[139.239749,35.339369],[139.2398766992651,35.340101901062845]],[[139.239253,35.343855],[139.239498,35.342832],[139.240355,35.342847],[139.239253,35.343855]],[[139.238739,35.346438],[139.23885252354472,35.34651211755882],[139.238843,35.346511],[139.238739,35.346438]],[[139.246057,35.351382],[139.2405397315803,35.34761366650292],[139.24619906843708,35.35130854965158],[139.246057,35.351382]],[[139.248383,35.352778],[139.24759316130624,35.3522187287733],[139.248799,35.353006],[139.248383,35.352778]],[[139.2510648886279,35.354030435636446],[139.250896,35.35397],[139.248799,35.353006],[139.2510648886279,35.354030435636446]],[[139.24618,35.331691],[139.246481,35.331495],[139.24655825895374,35.33146551359457],[139.24618,35.331691]],[[139.24625761754186,35.33200969949718],[139.246146,35.331922],[139.24618,35.331691],[139.24625761754186,35.33200969949718]],[[139.24627708349365,35.33208962716426],[139.24641739902955,35.33266576613579],[139.246315,35.332514],[139.24627708349365,35.33208962716426]],[[139.24618636701157,35.35512238714103],[139.246493,35.355046],[139.24761622266112,35.35495829507788],[139.24618636701157,35.35512238714103]],[[139.242019,35.353508],[139.244325,35.355336],[139.240751,35.352881],[139.242019,35.353508]],[[139.237247,35.352512],[139.238986,35.352264],[139.240751,35.352881],[139.237247,35.352512]],[[139.23512569290872,35.35179474877538],[139.236078,35.351697],[139.237247,35.352512],[139.23512569290872,35.35179474877538]],[[139.2333261465478,35.351341525201356],[139.233547,35.351263],[139.233624,35.351287],[139.2333261465478,35.351341525201356]],[[139.229605,35.352008],[139.22990729319585,35.351967382199305],[139.22956070546468,35.35203082872205],[139.229605,35.352008]],[[139.222357,35.353664],[139.222755,35.352964],[139.22455369976555,35.353099030776946],[139.222357,35.353664]],[[139.22115,35.353457],[139.2215153229755,35.35353514218456],[139.2209468843461,35.35344811621394],[139.22115,35.353457]],[[139.2181661522094,35.35225114830455],[139.218683,35.352663],[139.219176,35.353177],[139.2181661522094,35.35225114830455]],[[139.217577,35.351711],[139.217754,35.351768],[139.21795289500506,35.352055629191625],[139.217577,35.351711]],[[139.21384917321092,35.3547810138141],[139.214439,35.354101],[139.217577,35.351711],[139.21384917321092,35.3547810138141]],[[139.21291724615548,35.35554849285638],[139.211927,35.356364],[139.212584,35.355749],[139.21291724615548,35.35554849285638]],[[139.21214219533505,35.35683208730073],[139.211989,35.356647],[139.211927,35.356364],[139.21214219533505,35.35683208730073]],[[139.211994,35.358664],[139.212789,35.358239],[139.211965751902,35.359120397435284],[139.211994,35.358664]],[[139.20700925666256,35.360542081782974],[139.208929,35.359557],[139.209463,35.359389],[139.20700925666256,35.360542081782974]],[[139.20193501854362,35.36002219948195],[139.204491,35.359538],[139.204906,35.359843],[139.20193501854362,35.36002219948195]],[[139.2009128200796,35.359779763463564],[139.201175,35.359992],[139.201242,35.360064],[139.2009128200796,35.359779763463564]],[[139.200263,35.359214],[139.20051378815177,35.35943521190964],[139.200158,35.359128],[139.200263,35.359214]],[[139.200144,35.358381],[139.20010238768126,35.35892928713583],[139.1998529417943,35.358037971906064],[139.200144,35.358381]],[[139.19949615140635,35.35676309537674],[139.199578,35.356919],[139.199630621762,35.35724358225672],[139.19949615140635,35.35676309537674]],[[139.199169,35.354897],[139.1990999772203,35.35534749342],[139.198935,35.354758],[139.199169,35.354897]],[[139.19682261412237,35.355351682032364],[139.198365,35.354722],[139.198935,35.354758],[139.19682261412237,35.355351682032364]],[[139.19456244864355,35.35480533652188],[139.194988,35.354846],[139.196149,35.355541],[139.19456244864355,35.35480533652188]],[[139.191271,35.353814],[139.19151032859574,35.3538952834565],[139.19117696308683,35.3538269070273],[139.191271,35.353814]],[[139.188298,35.351771],[139.189266,35.352259],[139.189354,35.353453],[139.188298,35.351771]],[[139.184705,35.35032],[139.184801,35.350473],[139.18481035215945,35.350507415946815],[139.184705,35.35032]],[[139.1844237881913,35.350174015727724],[139.184611,35.350245],[139.184705,35.35032],[139.1844237881913,35.350174015727724]],[[139.18217301291594,35.34824414711033],[139.18221,35.348387],[139.1821582347849,35.34861139938738],[139.18217301291594,35.34824414711033]],[[139.182397,35.347159],[139.18219557921873,35.34768335047921],[139.182237,35.346654],[139.182397,35.347159]],[[139.18112820321375,35.34624621679114],[139.181686,35.346294],[139.182237,35.346654],[139.18112820321375,35.34624621679114]],[[139.179568,35.346172],[139.180456,35.345999],[139.1793191321247,35.34657291440368],[139.179568,35.346172]],[[139.177239,35.348278],[139.177863,35.347308],[139.1771673610993,35.3488315168497],[139.177239,35.348278]],[[139.172736,35.355095],[139.173707,35.351456],[139.173956,35.351207],[139.172736,35.355095]],[[139.17202583990502,35.356459826805455],[139.17209,35.35589],[139.172736,35.355095],[139.17202583990502,35.356459826805455]],[[139.171154,35.357932],[139.1716233391265,35.357233376115886],[139.170906,35.358612],[139.171154,35.357932]],[[139.16822949469037,35.35834728530667],[139.168447,35.358315],[139.16869355898447,35.35839318270761],[139.16822949469037,35.35834728530667]],[[139.164562,35.357337],[139.16525610701865,35.357948048950256],[139.16382885091986,35.35697256544724],[139.164562,35.357337]],[[139.16309413559318,35.356688],[139.163236,35.356688],[139.163452,35.356715],[139.16309413559318,35.356688]],[[139.15988152435415,35.358643940914206],[139.158627,35.357034],[139.159448,35.356317],[139.160324,35.356479],[139.15988152435415,35.358643940914206]],[[139.1578051192225,35.36429949916926],[139.158391,35.362533],[139.159783,35.359126],[139.1578051192225,35.36429949916926]],[[139.157423,35.365299],[139.15719,35.365106],[139.15762025429484,35.36478304628724],[139.157423,35.365299]],[[139.15432260745743,35.36794401005579],[139.154894,35.366944],[139.155221,35.366527],[139.15432260745743,35.36794401005579]],[[139.15169924170752,35.37063401053488],[139.152491,35.369593],[139.1535113740549,35.36909962706287],[139.15169924170752,35.37063401053488]],[[139.144799,35.388651],[139.144532,35.388051],[139.14561087219667,35.388777135082236],[139.144799,35.388651]],[[139.14811756590677,35.390464265632936],[139.14883412483417,35.390946545718826],[139.148386,35.390717],[139.14811756590677,35.390464265632936]],[[139.151025,35.39347],[139.15102631799593,35.39317028219127],[139.15134681043068,35.393705611828956],[139.151025,35.39347]],[[139.150882,35.395905],[139.152335,35.395566],[139.152457,35.39556],[139.150882,35.395905]],[[139.15050592452752,35.397024101535926],[139.150568,35.396735],[139.15073167737913,35.39635232051994],[139.15050592452752,35.397024101535926]],[[139.14946099486136,35.40209401830937],[139.14914,35.401464],[139.149151,35.401056],[139.14946099486136,35.40209401830937]],[[139.14728069087877,35.406379020905604],[139.148482,35.405101],[139.14915520570213,35.404819227255224],[139.14728069087877,35.406379020905604]],[[139.146167,35.407558],[139.146252,35.407235],[139.1461749739715,35.4075957147302],[139.146167,35.407558]],[[139.145296,35.409689],[139.145927893511,35.408752798425326],[139.145498,35.410766],[139.145296,35.409689]],[[139.1459288379857,35.411349874848526],[139.145689,35.411121],[139.145498,35.410766],[139.1459288379857,35.411349874848526]],[[139.146863,35.412785],[139.14666699816675,35.41235023502615],[139.14786,35.413967],[139.146863,35.412785]],[[139.14728677434312,35.41634809119011],[139.147335,35.414861],[139.1477765713382,35.414313549825984],[139.14728677434312,35.41634809119011]],[[139.146911,35.417909],[139.146947,35.417713],[139.14697804658888,35.41763049878455],[139.146911,35.417909]],[[139.14721671493976,35.418359309843716],[139.146964,35.418153],[139.146911,35.417909],[139.14721671493976,35.418359309843716]],[[139.146714,35.42615],[139.14679,35.424279],[139.14696282352566,35.42394136381063],[139.146714,35.42615]],[[139.14560124838397,35.42940815961605],[139.145787,35.427129],[139.146714,35.42615],[139.14560124838397,35.42940815961605]],[[139.143942,35.430654],[139.144995418612,35.42995928571291],[139.143833,35.430786],[139.143942,35.430654]],[[139.14315585610072,35.433130193229836],[139.143149,35.432375],[139.143833,35.430786],[139.14315585610072,35.433130193229836]],[[139.14236648530255,35.43436083775568],[139.141447,35.43514],[139.14172,35.434784],[139.14236648530255,35.43436083775568]],[[139.14196419639384,35.437821001771816],[139.141524,35.437555],[139.141447,35.43514],[139.14196419639384,35.437821001771816]],[[139.141966,35.439079],[139.1421007592065,35.43852890528211],[139.142307,35.439598],[139.141966,35.439079]],[[139.14171470709,35.441120403915036],[139.14184,35.440581],[139.14200165542272,35.440382844410664],[139.14171470709,35.441120403915036]],[[139.141241,35.442338],[139.141357,35.44189],[139.14147756095664,35.44172995401387],[139.141241,35.442338]],[[139.14265,35.444865],[139.141396,35.444152],[139.143729,35.444983],[139.14265,35.444865]],[[139.14804571435013,35.44434744749447],[139.147,35.444772],[139.143729,35.444983],[139.14804571435013,35.44434744749447]],[[139.15320318169293,35.445288729766965],[139.150395,35.444879],[139.14880769121976,35.44427813934851],[139.15320318169293,35.445288729766965]],[[139.1565351202687,35.447472800848885],[139.155671,35.446095],[139.15554,35.445826],[139.1565351202687,35.447472800848885]],[[139.157519,35.449101],[139.157342,35.44883],[139.15726768319965,35.44868510180842],[139.157519,35.449101]],[[139.160878,35.449775],[139.15966,35.449689],[139.157519,35.449101],[139.160878,35.449775]],[[139.16310541559344,35.453548023623775],[139.161383,35.45126],[139.161070535468,35.450101136205284],[139.16310541559344,35.453548023623775]],[[139.163624,35.475033],[139.16410323812724,35.47640447613761],[139.162832,35.474549],[139.163624,35.475033]],[[139.35353223724445,35.52814321616419],[139.354004,35.527741],[139.354503,35.527467],[139.35353223724445,35.52814321616419]],[[139.01357,35.735747],[139.01323272653428,35.736358063218354],[139.013792,35.73499],[139.01357,35.735747]],[[139.01429265593822,35.734532836384155],[139.0145612151637,35.734287607081534],[139.014442,35.734461],[139.01429265593822,35.734532836384155]],[[139.01794440241534,35.73115815811231],[139.017928,35.731218],[139.017844,35.73129],[139.01794440241534,35.73115815811231]],[[139.020897,35.727281],[139.020669,35.727587],[139.02064259382598,35.72761506955505],[139.020897,35.727281]],[[139.02155920821215,35.725916412856925],[139.021444,35.726223],[139.020897,35.727281],[139.02155920821215,35.725916412856925]],[[139.021985,35.725039],[139.022111224309,35.72432808416],[139.022111,35.724588],[139.021985,35.725039]],[[139.024659,35.719888],[139.022941,35.721601],[139.022526,35.721992],[139.024659,35.719888]],[[139.02629279134536,35.71870694601541],[139.02656159441707,35.71851263054188],[139.026367,35.718667],[139.02629279134536,35.71870694601541]],[[139.02817,35.717381],[139.02795471600174,35.717505554697546],[139.02843517322822,35.71715823622057],[139.02817,35.717381]],[[139.032347,35.716215],[139.03302113805393,35.71586626960636],[139.032726,35.716089],[139.032347,35.716215]],[[139.03512622660108,35.71463141450873],[139.034956,35.714827],[139.034775,35.714959],[139.03512622660108,35.71463141450873]],[[139.038712,35.711287],[139.037582,35.712748],[139.0366510566866,35.71320922094153],[139.038712,35.711287]],[[139.042836,35.709749],[139.04069,35.710872],[139.0392124860315,35.71110034929281],[139.042836,35.709749]],[[139.04309232009118,35.70973128356177],[139.043034,35.709779],[139.042836,35.709749],[139.04309232009118,35.70973128356177]],[[139.04787291457944,35.70846747184195],[139.047373,35.70925],[139.04667,35.709484],[139.04787291457944,35.70846747184195]],[[139.049663,35.707736],[139.04927577549756,35.70776451062303],[139.04979051532624,35.70761942687486],[139.049663,35.707736]],[[139.05202,35.704905],[139.051034,35.706792],[139.050679,35.707369],[139.05202,35.704905]],[[139.05539831906958,35.70343699980262],[139.053174,35.704592],[139.0522556140506,35.70480261728668],[139.05539831906958,35.70343699980262]],[[139.058535,35.702074],[139.057303,35.702723],[139.05666052375872,35.70288852682104],[139.058535,35.702074]],[[139.063115,35.700463],[139.061432,35.701311],[139.0587510023056,35.70199802189645],[139.063115,35.700463]],[[139.064858,35.698155],[139.064245,35.699273],[139.063115,35.700463],[139.064858,35.698155]],[[139.066583,35.69839],[139.06656362644895,35.698379568087894],[139.066734,35.698402],[139.066583,35.69839]],[[139.06858562915568,35.69803071725457],[139.067845,35.698306],[139.066734,35.698402],[139.06858562915568,35.69803071725457]],[[139.072107,35.695409],[139.071542,35.696515],[139.070604,35.697626],[139.072107,35.695409]],[[139.0750423134992,35.6954421916928],[139.074289,35.695577],[139.07386832464707,35.69542891655972],[139.0750423134992,35.6954421916928]],[[139.081658,35.695517],[139.0784,35.695733],[139.07766563937759,35.695471855518036],[139.081658,35.695517]],[[139.081658,35.695517],[139.082139,35.695481],[139.082012,35.695553],[139.081658,35.695517]],[[139.083575,35.694381],[139.08352592978687,35.69439398917406],[139.0835998130993,35.69434957007421],[139.083575,35.694381]],[[139.086111,35.692903],[139.08567658847736,35.693101],[139.08628348103204,35.69273613247989],[139.086111,35.692903]],[[139.08996770845482,35.691155454810485],[139.08851,35.691562],[139.088125,35.691629],[139.08996770845482,35.691155454810485]],[[139.091335,35.690829],[139.09065436400164,35.69097899584315],[139.09180190946998,35.6906840958904],[139.091335,35.690829]],[[139.095422,35.69107],[139.093108,35.691514],[139.092242,35.690571],[139.095422,35.69107]],[[139.0965569537655,35.69187653874246],[139.097105,35.692266],[139.096696,35.692002],[139.0965569537655,35.69187653874246]],[[139.10342892254812,35.691337867654674],[139.099281,35.69235],[139.097105,35.692266],[139.10342892254812,35.691337867654674]],[[139.105622,35.691016],[139.10606382147165,35.690802706875765],[139.105857,35.69098],[139.105622,35.691016]],[[139.108261,35.689742],[139.107155,35.690373],[139.10644351599677,35.69061940607053],[139.108261,35.689742]],[[139.10849344129937,35.68948674729293],[139.108399,35.689598],[139.108261,35.689742],[139.10849344129937,35.68948674729293]],[[139.11103933039274,35.68669100882176],[139.110491,35.687741],[139.1094155451159,35.68847414972105],[139.11103933039274,35.68669100882176]],[[139.112612,35.684964],[139.112276,35.685432],[139.1115819525364,35.68609513463137],[139.112612,35.684964]],[[139.119345,35.680513],[139.116616,35.683711],[139.116333,35.683885],[139.119345,35.680513]],[[139.12006517296433,35.68005544811071],[139.12071193352537,35.679644537772106],[139.120397,35.679912],[139.12006517296433,35.68005544811071]],[[139.122707,35.678377],[139.121431,35.679287],[139.12109940755172,35.67939836153168],[139.122707,35.678377]],[[139.12547,35.677376],[139.12435395112286,35.677775],[139.12565897959198,35.677297980902395],[139.12547,35.677376]],[[139.128717,35.675379],[139.12739,35.676514],[139.126849,35.676863],[139.128717,35.675379]],[[139.12952088471553,35.67434139114598],[139.129441,35.674459],[139.128717,35.675379],[139.12952088471553,35.67434139114598]],[[139.133098,35.672801],[139.1313895465024,35.67201581709873],[139.133513,35.672897],[139.133098,35.672801]],[[139.136515,35.672456],[139.13644939131154,35.67245416735507],[139.136729,35.672412],[139.136515,35.672456]],[[139.138928,35.670544],[139.138121,35.671365],[139.136729,35.672412],[139.138928,35.670544]],[[139.142898,35.669352],[139.140752,35.670584],[139.13917991012914,35.67046836350782],[139.142898,35.669352]],[[139.14397570038565,35.668710692376145],[139.14478005975482,35.66823204190646],[139.144356,35.668594],[139.14397570038565,35.668710692376145]],[[139.149007,35.666803],[139.147158,35.666817],[139.151394,35.666717],[139.149007,35.666803]],[[139.153595,35.666022],[139.15289,35.666393],[139.151394,35.666717],[139.153595,35.666022]],[[139.15474841892464,35.66629357065613],[139.15604611721318,35.66659911165961],[139.155487,35.666517],[139.15474841892464,35.66629357065613]],[[139.161601,35.667907],[139.159337,35.66752],[139.15877176728827,35.667240861646064],[139.161601,35.667907]],[[139.16487,35.671444],[139.164771,35.670447],[139.16511654627098,35.67174472455849],[139.16487,35.671444]],[[139.167414582626,35.67638381312773],[139.166081,35.675325],[139.165982,35.674995],[139.167414582626,35.67638381312773]],[[139.16937719215272,35.67916001059936],[139.168422,35.678133],[139.168044,35.676994],[139.16937719215272,35.67916001059936]],[[139.17074083206552,35.68324566413102],[139.16989,35.681152],[139.169997,35.680167],[139.17074083206552,35.68324566413102]],[[139.170779,35.683416],[139.17077655749546,35.68339352895801],[139.170796,35.683474],[139.170779,35.683416]],[[139.169678,35.690873],[139.170716,35.689019],[139.171412,35.688743],[139.169678,35.690873]],[[139.171345,35.692281],[139.17101121398005,35.691969515691895],[139.17166815471015,35.69250982342193],[139.171345,35.692281]],[[139.172500612204,35.69653816768534],[139.172107,35.695497],[139.17211970066657,35.69434249509702],[139.172500612204,35.69653816768534]],[[139.17241332923996,35.69896996315968],[139.172295,35.698189],[139.172613,35.697186],[139.17241332923996,35.69896996315968]],[[139.170317,35.703236],[139.171063,35.702301],[139.172109,35.701689],[139.170317,35.703236]],[[139.16907077969032,35.70367357587324],[139.167956,35.704065],[139.168551,35.703827],[139.16907077969032,35.70367357587324]],[[139.16749063404257,35.70444912560055],[139.167757,35.704205],[139.167956,35.704065],[139.16749063404257,35.70444912560055]],[[139.16531,35.706275],[139.165321,35.70624],[139.16531922232872,35.70632984858646],[139.16531,35.706275]],[[139.16523428860648,35.71062264157507],[139.165092,35.708379],[139.16529231499783,35.707689821966646],[139.16523428860648,35.71062264157507]],[[139.165119,35.711275],[139.165226222264,35.71103033756933],[139.165216,35.711547],[139.165119,35.711275]],[[139.16591082531397,35.71730853018615],[139.165982,35.716442],[139.16609075296594,35.71619876485182],[139.16591082531397,35.71730853018615]],[[139.165779,35.718677],[139.165729,35.71843],[139.16588149990346,35.71877074995173],[139.165779,35.718677]],[[139.166502,35.720427],[139.16647813198895,35.72010388098801],[139.1666505655547,35.72048917125952],[139.166502,35.720427]],[[139.166837,35.721158],[139.16684048321292,35.72091352846505],[139.167222,35.721766],[139.166837,35.721158]],[[139.166919,35.723067],[139.16713161594654,35.722257724436844],[139.1669019413862,35.72350724345612],[139.166919,35.723067]],[[139.165551,35.724555],[139.165582,35.724512],[139.16565212567897,35.72451061706312],[139.165551,35.724555]],[[139.165414,35.726189],[139.16549107569136,35.72529319800479],[139.16539397837835,35.72648932432488],[139.165414,35.726189]],[[139.16547858562032,35.727468762077535],[139.16541,35.727354],[139.165344,35.727105],[139.16547858562032,35.727468762077535]],[[139.164317,35.732492],[139.164908,35.730412],[139.166192,35.729397],[139.164317,35.732492]],[[139.1643759051042,35.73263433790755],[139.164328,35.732554],[139.164317,35.732492],[139.1643759051042,35.73263433790755]],[[139.164667,35.737456],[139.1651379832079,35.73701937232191],[139.164519,35.73776],[139.164667,35.737456]],[[139.16436295788034,35.73908524343057],[139.164364,35.738518],[139.164519,35.73776],[139.16436295788034,35.73908524343057]],[[139.16410713291748,35.74125792829374],[139.164169,35.740195],[139.1642668543563,35.739901436931056],[139.16410713291748,35.74125792829374]],[[139.16140868869925,35.74290233286639],[139.163367,35.741459],[139.164099,35.741327],[139.16140868869925,35.74290233286639]],[[139.15809904061786,35.74414686745168],[139.159052,35.743524],[139.161177,35.743038],[139.15809904061786,35.74414686745168]],[[139.155977,35.746618],[139.156191,35.745164],[139.156572,35.744697],[139.155977,35.746618]],[[139.15398,35.7501],[139.153909,35.748788],[139.154205,35.748282],[139.15398,35.7501]],[[139.14964902200717,35.753971645987555],[139.151947,35.751495],[139.15398,35.7501],[139.14964902200717,35.753971645987555]],[[139.147707,35.754034],[139.14780189988414,35.754074671378916],[139.147394,35.754029],[139.147707,35.754034]],[[139.144827,35.755203],[139.145727,35.754562],[139.147394,35.754029],[139.144827,35.755203]],[[139.139926,35.757637],[139.140262,35.756015],[139.14073,35.755448],[139.139926,35.757637]],[[139.142181,35.759979],[139.140486,35.759116],[139.139926,35.757637],[139.142181,35.759979]],[[139.14345210519278,35.76009666625414],[139.142724,35.760086],[139.142181,35.759979],[139.14345210519278,35.76009666625414]],[[139.145518,35.760988],[139.1451753202147,35.76060574908899],[139.14586919339504,35.76112649211909],[139.145518,35.760988]],[[139.146379,35.761688],[139.14624582723587,35.761409151044475],[139.14674638886322,35.761784816203395],[139.146379,35.761688]],[[139.14448677863777,35.76519990026539],[139.145069,35.764031],[139.14715625581408,35.76219144186033],[139.14448677863777,35.76519990026539]],[[139.13831001344224,35.768616345399515],[139.138775,35.768206],[139.139137,35.768005],[139.13831001344224,35.768616345399515]],[[139.136147,35.770132],[139.13780058512114,35.768992937567255],[139.136092,35.770256],[139.136147,35.770132]],[[139.13747812789867,35.77220950667588],[139.136233,35.770684],[139.1361622737622,35.770355038670054],[139.13747812789867,35.77220950667588]],[[139.172002,35.773468],[139.17194464722945,35.773495456113565],[139.1721568446802,35.773382261927075],[139.172002,35.773468]],[[139.179378,35.770012],[139.17815,35.77066],[139.177052,35.770771],[139.179378,35.770012]],[[139.1795193340519,35.769856467511936],[139.179429,35.769958],[139.179378,35.770012],[139.1795193340519,35.769856467511936]],[[139.180605,35.768666],[139.1805873109343,35.76868120154084],[139.180682,35.768577],[139.180605,35.768666]],[[139.18063670453503,35.766175807469494],[139.180969,35.767269],[139.180682,35.768577],[139.18063670453503,35.766175807469494]],[[139.186296,35.762192],[139.184231,35.762714],[139.18305633408426,35.76266557242622],[139.186296,35.762192]],[[139.188991,35.762254],[139.18897018666667,35.762245705964915],[139.189184,35.76225],[139.188991,35.762254]],[[139.19181208887784,35.76123391548088],[139.190665,35.761771],[139.19028607842284,35.761823909073726],[139.19181208887784,35.76123391548088]],[[139.195883,35.75966],[139.193671,35.760766],[139.19196215627144,35.761175895694436],[139.195883,35.75966]],[[139.201404,35.757531],[139.199731,35.758109],[139.198102,35.757704],[139.201404,35.757531]],[[139.204327,35.755793],[139.2045875607247,35.75513802441275],[139.204501,35.755525],[139.204327,35.755793]],[[139.20750639925046,35.752974010535766],[139.206387,35.753745],[139.205129,35.753777],[139.20750639925046,35.752974010535766]],[[139.212757,35.752048],[139.21161,35.75217],[139.21119088890453,35.75182031566172],[139.212757,35.752048]],[[139.212369,35.748539],[139.212816,35.750147],[139.212757,35.752048],[139.212369,35.748539]],[[139.21292789385848,35.748105700267025],[139.21335689999998,35.74777310000002],[139.213059,35.748062],[139.21292789385848,35.748105700267025]],[[139.214772,35.746676],[139.214261,35.747107],[139.21408331582433,35.747209923686775],[139.214772,35.746676]],[[139.21495103784488,35.74622431366452],[139.214927,35.746387],[139.214772,35.746676],[139.21495103784488,35.74622431366452]],[[139.218583,35.744438],[139.216992,35.744618],[139.21658516335847,35.74442086001509],[139.218583,35.744438]],[[139.2191581652803,35.74410305979361],[139.218989,35.744287],[139.218583,35.744438],[139.2191581652803,35.74410305979361]],[[139.2227427586232,35.74201561732234],[139.221682,35.743269],[139.22084251574304,35.74312219966358],[139.2227427586232,35.74201561732234]],[[139.22597,35.740179],[139.22463330984286,35.7409146787967],[139.226113,35.740053],[139.22597,35.740179]],[[139.22873,35.739992],[139.227959,35.740116],[139.22769450759307,35.740016136429816],[139.22873,35.739992]],[[139.23037876595168,35.73952703952468],[139.23072531835868,35.739429309964144],[139.230606,35.739481],[139.23037876595168,35.73952703952468]],[[139.23745822030884,35.73951104448116],[139.23795666268165,35.73957451051895],[139.23772,35.739579],[139.23745822030884,35.73951104448116]],[[139.2395890662132,35.739731076318726],[139.239521,35.739771],[139.239437,35.739763],[139.2395890662132,35.739731076318726]],[[139.2423212842304,35.7391574942236],[139.242134,35.739248],[139.24190319127612,35.73924526563538],[139.2423212842304,35.7391574942236]],[[139.243214,35.739026],[139.24296251082615,35.73902287974849],[139.24334393466424,35.73894280638582],[139.243214,35.739026]],[[139.24413639994776,35.73865324152521],[139.244098,35.738766],[139.244048,35.738795],[139.24413639994776,35.73865324152521]],[[139.248424,35.73663],[139.24618181048066,35.736626872444376],[139.24934768512938,35.73650001975745],[139.248424,35.73663]],[[139.2527313771012,35.73636443939941],[139.2579521,35.7355518],[139.2536131,35.7365981],[139.2527313771012,35.73636443939941]],[[139.2624012,35.7330621],[139.26150545296267,35.73362507647925],[139.26266546952158,35.73258389472386],[139.2624012,35.7330621]],[[139.2842064,35.7319782],[139.278413,35.7339342],[139.27212998066474,35.73326921558354],[139.278775,35.733303],[139.2842064,35.7319782]],[[139.2835632,35.7378507],[139.2838983,35.7353842],[139.28403908804626,35.73468992923422],[139.2835632,35.7378507]],[[139.282427,35.74054],[139.283608,35.740347],[139.284651,35.740589],[139.282427,35.74054]],[[139.281145,35.74116],[139.28160388352802,35.74094273442741],[139.2804364593389,35.74151393173467],[139.281145,35.74116]],[[139.27993570788354,35.74332175414509],[139.279562,35.74336],[139.279302,35.742069],[139.27993570788354,35.74332175414509]],[[139.280365,35.748007],[139.2805399904443,35.74755422203424],[139.28025458192087,35.74834219774019],[139.280365,35.748007]],[[139.279891,35.749346],[139.280002,35.749007],[139.28018042383752,35.74854693853557],[139.279891,35.749346]],[[139.279431,35.749313],[139.27977807012812,35.74938072269049],[139.27901437341586,35.74961553748421],[139.279431,35.749313]],[[139.2787742126038,35.74968938003275],[139.278499,35.749774],[139.278605,35.74968],[139.2787742126038,35.74968938003275]],[[139.277726,35.75166],[139.27799109446602,35.75121363764535],[139.27773166510175,35.75194897966094],[139.277726,35.75166]],[[139.27577130300773,35.753433323481254],[139.277343,35.752294],[139.277611,35.752291],[139.27577130300773,35.753433323481254]],[[139.27228015501944,35.75349184944752],[139.27165822623917,35.75346561991103],[139.271779,35.75343],[139.27228015501944,35.75349184944752]],[[139.268546,35.754455],[139.26932,35.753556],[139.270292,35.753408],[139.268546,35.754455]],[[139.26837713291238,35.754497931587096],[139.268453,35.754473],[139.268546,35.754455],[139.26837713291238,35.754497931587096]],[[139.26641454293838,35.75499688673338],[139.26674,35.754867],[139.26704206798718,35.754837349154634],[139.26641454293838,35.75499688673338]],[[139.265507,35.755046],[139.26597988721838,35.755107390563126],[139.26523874910646,35.75529581233229],[139.265507,35.755046]],[[139.261847,35.755588],[139.263944,35.755351],[139.264589,35.755461],[139.261847,35.755588]],[[139.25676726875105,35.75880914822479],[139.255856,35.759387],[139.256312,35.759069],[139.25676726875105,35.75880914822479]],[[139.256862,35.760708],[139.255861,35.760234],[139.255856,35.759387],[139.256862,35.760708]],[[139.34261576847385,35.74961409584631],[139.3432889,35.7536445],[139.3423328,35.7541066],[139.34261576847385,35.74961409584631]],[[139.34701287325007,35.74574285762973],[139.34820275111957,35.7446833922637],[139.347629,35.745196],[139.34701287325007,35.74574285762973]],[[139.350566,35.744957],[139.353332,35.742534],[139.350428,35.745141],[139.350566,35.744957]],[[139.350962,35.747013],[139.349898,35.747725],[139.350428,35.745141],[139.350962,35.747013]],[[139.35078273031942,35.53005847405353],[139.351061,35.529825],[139.35128102112847,35.529711373489945],[139.35078273031942,35.53005847405353]],[[139.35067,35.530137],[139.3495035187643,35.53062392039796],[139.350154,35.530312],[139.35067,35.530137]],[[139.343543,35.533112],[139.346862,35.531616],[139.349452109116,35.53064538015715],[139.343543,35.533112]],[[139.34242521042097,35.533803537733576],[139.342872,35.533501],[139.3431420126736,35.53336007698345],[139.34242521042097,35.533803537733576]],[[139.34195206445096,35.53409625677291],[139.34169934448576,35.5342526058705],[139.341867,35.534136],[139.34195206445096,35.53409625677291]],[[139.33706956421324,35.537116890720405],[139.339512,35.535548],[139.34094473693833,35.53471945544834],[139.33706956421324,35.537116890720405]],[[139.33675,35.537311],[139.3370079023443,35.53715503878502],[139.33669140271485,35.537350846153906],[139.33675,35.537311]],[[139.33327,35.539338],[139.33396309480634,35.53903875584903],[139.3325845675287,35.5398916029744],[139.33327,35.539338]],[[139.328842,35.542207],[139.332108,35.54016],[139.33228307022011,35.540078128926474],[139.328842,35.542207]],[[139.324624,35.54088],[139.325459,35.541286],[139.326328,35.542575],[139.324624,35.54088]],[[139.31977,35.539713],[139.32008231768435,35.54005855040324],[139.31941555607264,35.53961835122112],[139.31977,35.539713]],[[139.317309,35.538221],[139.3174254353909,35.5383044640971],[139.317246,35.538186],[139.317309,35.538221]],[[139.31672591353606,35.53838117103978],[139.316983,35.538165],[139.317246,35.538186],[139.31672591353606,35.53838117103978]],[[139.31612908259405,35.538605141713106],[139.315839,35.538714],[139.316007,35.538624],[139.31612908259405,35.538605141713106]],[[139.314789,35.539793],[139.31513347565775,35.539463312278535],[139.3147667576301,35.539852790436],[139.314789,35.539793]],[[139.312826,35.541914],[139.313659,35.54069],[139.31438878471835,35.54025422200508],[139.312826,35.541914]],[[139.3107974297734,35.54293515469946],[139.311568,35.542457],[139.312582640081,35.54203650407785],[139.3107974297734,35.54293515469946]],[[139.30919,35.543674],[139.30939818612657,35.543639514946356],[139.3090184671912,35.54383066030097],[139.30919,35.543674]],[[139.30853672806478,35.544073161234095],[139.308674,35.543976],[139.3087324107584,35.54397465722394],[139.30853672806478,35.544073161234095]],[[139.307532,35.544436],[139.3079971432529,35.544344780899614],[139.307363,35.544664],[139.307532,35.544436]],[[139.30584421643135,35.54716585364583],[139.306393,35.546027],[139.30677171496876,35.54563800883293],[139.30584421643135,35.54716585364583]],[[139.303552,35.548307],[139.304464,35.547798],[139.305455,35.547807],[139.303552,35.548307]],[[139.30320749809312,35.55111385777569],[139.302934,35.549916],[139.30342258561765,35.54936141438234],[139.30320749809312,35.55111385777569]],[[139.30098401497082,35.55285762012647],[139.301501,35.552266],[139.30310079187956,35.551545092497975],[139.30098401497082,35.55285762012647]],[[139.300806,35.552968],[139.30027575698512,35.5530705031184],[139.300483,35.552978],[139.300806,35.552968]],[[139.297785,35.553552],[139.298773,35.553112],[139.29934335369254,35.55325074923653],[139.297785,35.553552]],[[139.29526,35.554958],[139.29526310770194,35.55495821188877],[139.295233,35.554975],[139.29526,35.554958]],[[139.294625,35.55601],[139.2948715743479,35.55567025810672],[139.2945871110626,35.556217467204974],[139.294625,35.55601]],[[139.2925637539714,35.55598218836844],[139.29271,35.555971],[139.29312020396404,35.55613982200271],[139.2925637539714,35.55598218836844]],[[139.29152850683593,35.555688918945314],[139.291024,35.555546],[139.291518,35.555681],[139.29152850683593,35.555688918945314]],[[139.2898466739634,35.55603548110569],[139.290326,35.555578],[139.291024,35.555546],[139.2898466739634,35.55603548110569]],[[139.2891240755987,35.556335906166844],[139.2887948322877,35.55647279125636],[139.2889,35.556397],[139.2891240755987,35.556335906166844]],[[139.28846,35.556612],[139.286571,35.55623],[139.287714,35.556284],[139.28846,35.556612]],[[139.285759,35.555053],[139.28632021264008,35.55593510581566],[139.28528304435235,35.55471552721993],[139.285759,35.555053]],[[139.2834824379819,35.55259824209396],[139.283222,35.552292],[139.283366,35.552431],[139.2834824379819,35.55259824209396]],[[139.28146788433654,35.55214791524757],[139.28213,35.552018],[139.283222,35.552292],[139.28146788433654,35.55214791524757]],[[139.28011909967526,35.54777296651367],[139.28061,35.54871],[139.28066224819395,35.54890321973609],[139.28011909967526,35.54777296651367]],[[139.27985127977593,35.54721565245719],[139.279603,35.546699],[139.279804,35.547094],[139.27985127977593,35.54721565245719]],[[139.276737,35.545851],[139.278877,35.546009],[139.279603,35.546699],[139.276737,35.545851]],[[139.27637583234383,35.546061784382516],[139.276499,35.54596],[139.276737,35.545851],[139.27637583234383,35.546061784382516]],[[139.27263867674716,35.54760955193627],[139.273665,35.547272],[139.274405,35.547212],[139.27263867674716,35.54760955193627]],[[139.270016,35.548198],[139.27002851670107,35.548197028876636],[139.269962,35.548212],[139.270016,35.548198]],[[139.26992309691204,35.548237193435604],[139.269927,35.548234],[139.269962,35.548212],[139.26992309691204,35.548237193435604]],[[139.2661360020325,35.54971621137279],[139.266344,35.549752],[139.26670759044416,35.54986031776007],[139.2661360020325,35.54971621137279]],[[139.263897,35.549392],[139.264382,35.549274],[139.26378643856373,35.54952441626946],[139.263897,35.549392]],[[139.25970194396055,35.54964640698174],[139.260858,35.549485],[139.26204913187004,35.550100294946425],[139.25970194396055,35.54964640698174]],[[139.25628615598063,35.548985878249596],[139.257954,35.549212],[139.25809646554146,35.54933594724862],[139.25628615598063,35.548985878249596]],[[139.254127,35.548417],[139.25593199652778,35.54891739258955],[139.253546,35.548456],[139.254127,35.548417]],[[139.249834,35.54693],[139.252227,35.547887],[139.25335832324905,35.54837884624948],[139.249834,35.54693]],[[139.249974,35.545683],[139.2497930966564,35.54663605054775],[139.24959720864382,35.54522831296574],[139.249974,35.545683]],[[139.248834,35.543285],[139.249421,35.543962],[139.2486961322763,35.54315304089305],[139.248834,35.543285]],[[139.248312,35.542634],[139.2486889508035,35.54314502630276],[139.248128,35.542519],[139.248312,35.542634]],[[139.24792887838558,35.54253844131705],[139.248073,35.54251],[139.248128,35.542519],[139.24792887838558,35.54253844131705]],[[139.242838,35.539727],[139.24385543548675,35.540538197322185],[139.2420065878102,35.53922171243262],[139.242838,35.539727]],[[139.241353,35.538694],[139.2417960475671,35.539071795783336],[139.24092,35.538448],[139.241353,35.538694]],[[139.241034,35.536684],[139.24081387993184,35.53766285251906],[139.240619,35.536221],[139.241034,35.536684]],[[139.238642,35.535964],[139.240075,35.53603],[139.240619,35.536221],[139.238642,35.535964]],[[139.2384687283879,35.534978654788056],[139.23842500471847,35.534730011009735],[139.238458,35.534807],[139.2384687283879,35.534978654788056]],[[139.2383938713818,35.534552964788276],[139.238326,35.534167],[139.238359,35.534248],[139.2383938713818,35.534552964788276]],[[139.23585156261058,35.534050104809644],[139.236977,35.533528],[139.238326,35.534167],[139.23585156261058,35.534050104809644]],[[139.234247,35.532709],[139.23425516533345,35.53271759834356],[139.234162,35.532631],[139.234247,35.532709]],[[139.231789,35.531999],[139.232564,35.531897],[139.234162,35.532631],[139.231789,35.531999]],[[139.2313804025342,35.53237762393799],[139.231645,35.532073],[139.231789,35.531999],[139.2313804025342,35.53237762393799]],[[139.23019,35.533326],[139.23121544918257,35.53253047678904],[139.229826,35.533818],[139.23019,35.533326]],[[139.22980090182386,35.53446267864207],[139.229793,35.534086],[139.229826,35.533818],[139.22980090182386,35.53446267864207]],[[139.22552,35.536092],[139.228199,35.535909],[139.22945023250384,35.53641546823176],[139.22552,35.536092]],[[139.22311211072326,35.53542648059369],[139.223407,35.535427],[139.22363735062578,35.53557165228056],[139.22311211072326,35.53542648059369]],[[139.217939,35.532881],[139.2187046702192,35.53353188353999],[139.21769213983427,35.5327650201812],[139.217939,35.532881]],[[139.221555,35.530691],[139.219309,35.532124],[139.21802684696522,35.532443130175295],[139.221555,35.530691]],[[139.222767,35.52863],[139.221786,35.530353],[139.221555,35.530691],[139.222767,35.52863]],[[139.222767,35.52863],[139.222694,35.52788],[139.223028,35.527913],[139.222767,35.52863]],[[139.21911228801142,35.52614979952374],[139.220537,35.526311],[139.2207672017423,35.52727287511391],[139.21911228801142,35.52614979952374]],[[139.21776204276821,35.525233481382756],[139.218038,35.525381],[139.2182517726969,35.52556582724371],[139.21776204276821,35.525233481382756]],[[139.217432,35.524984],[139.2176031546381,35.52512565498846],[139.217362,35.524962],[139.217432,35.524984]],[[139.21725326370137,35.524975108975376],[139.21727,35.52497],[139.217362,35.524962],[139.21725326370137,35.524975108975376]],[[139.21473778101512,35.52422640681869],[139.21468,35.524632],[139.21452890269765,35.52514560460049],[139.21473778101512,35.52422640681869]],[[139.21489154558836,35.52354974465319],[139.21486,35.523754],[139.21482760156348,35.52383113913454],[139.21489154558836,35.52354974465319]],[[139.215569,35.521277],[139.21516068120164,35.52236537634859],[139.215433,35.521167],[139.215569,35.521277]],[[139.2109177663454,35.52063221073196],[139.212034,35.520642],[139.215433,35.521167],[139.2109177663454,35.52063221073196]],[[139.20937,35.515487],[139.210329,35.517651],[139.2105215239258,35.5195102835938],[139.20937,35.515487]],[[139.2083021177023,35.51515336860784],[139.208808,35.5152],[139.20937,35.515487],[139.2083021177023,35.51515336860784]],[[139.20458624503632,35.51399244312639],[139.206034,35.514175],[139.20693025299056,35.514724766003795],[139.20458624503632,35.51399244312639]],[[139.203804,35.513205],[139.20428779634202,35.51376904137032],[139.20342820003054,35.51290599682149],[139.203804,35.513205]],[[139.20277439261608,35.51155025078576],[139.202779,35.511739],[139.202731,35.512206],[139.20277439261608,35.51155025078576]],[[139.2028328351015,35.51066706794624],[139.202856,35.510317],[139.202863,35.510387],[139.2028328351015,35.51066706794624]],[[139.20276390120864,35.51022306922544],[139.202812,35.51024],[139.202856,35.510317],[139.20276390120864,35.51022306922544]],[[139.19979361840757,35.507193703041345],[139.201096,35.508296],[139.20127303225522,35.50870254465089],[139.19979361840757,35.507193703041345]],[[139.199611,35.506995],[139.19964856738426,35.50704576673548],[139.199538,35.506933],[139.199611,35.506995]],[[139.195776,35.506088],[139.195776829482,35.506088276494005],[139.195691,35.506069],[139.195776,35.506088]],[[139.19520726917798,35.50609845530734],[139.195448,35.506073],[139.195691,35.506069],[139.19520726917798,35.50609845530734]],[[139.18799707867038,35.50269481052632],[139.18974,35.50325],[139.190936,35.504162],[139.18799707867038,35.50269481052632]],[[139.186681,35.501439],[139.187701,35.502547],[139.18644927312883,35.50131134380192],[139.186681,35.501439]],[[139.18552683248723,35.50040074619281],[139.185838,35.500697],[139.1858992968429,35.50076842855247],[139.18552683248723,35.50040074619281]],[[139.181296,35.497209],[139.183112,35.498016],[139.183495,35.498395],[139.181296,35.497209]],[[139.181032,35.494694],[139.18103453612542,35.49474894938429],[139.181022,35.494631],[139.181032,35.494694]],[[139.177873,35.493774],[139.179184,35.494003],[139.181022,35.494631],[139.177873,35.493774]],[[139.175595,35.489969],[139.176006,35.490483],[139.1761457426549,35.49088891914048],[139.175595,35.489969]],[[139.17234,35.487507],[139.173283948112,35.48843710274853],[139.17161644891945,35.487331788998034],[139.17234,35.487507]],[[139.170633,35.485452],[139.17087,35.486837],[139.170114,35.485067],[139.170633,35.485452]],[[139.16546816297742,35.48018988396989],[139.166479,35.481816],[139.166701,35.483086],[139.16546816297742,35.48018988396989]],[[139.165702,35.478738],[139.165688,35.479027],[139.1655563657118,35.47922857950225],[139.165702,35.478738]],[[139.16553031978586,35.47848741867003],[139.165624,35.478587],[139.165702,35.478738],[139.16553031978586,35.47848741867003]],[[139.164247,35.779017],[139.16587119602497,35.78018215991032],[139.163968212693,35.77887964129035],[139.164247,35.779017]],[[139.167237,35.781117],[139.171042,35.781792],[139.172131,35.782209],[139.167237,35.781117]],[[139.172131,35.782209],[139.172614,35.782567],[139.17269508636744,35.78263857968986],[139.172131,35.782209]],[[139.175616,35.784863],[139.179212,35.786133],[139.18054183652757,35.787016400906985],[139.175616,35.784863]],[[139.18195,35.787632],[139.183322,35.787531],[139.18380262017408,35.787698555959935],[139.18195,35.787632]],[[139.1856799605262,35.787766],[139.185846,35.787762],[139.186181,35.787784],[139.1856799605262,35.787766]],[[139.186181,35.787784],[139.186571,35.787907],[139.18693948496457,35.788160185249225],[139.186181,35.787784]],[[139.188613,35.788981],[139.188786,35.789076],[139.1884503301081,35.78890951804211],[139.188613,35.788981]],[[139.190304,35.78876],[139.1905931730299,35.78877842733601],[139.1898937101522,35.788893602268594],[139.190304,35.78876]],[[139.191019,35.788704],[139.191197,35.788679],[139.19097080277314,35.78871624608008],[139.191019,35.788704]],[[139.195642,35.786812],[139.19576214414664,35.786798616122944],[139.195527,35.786833],[139.195642,35.786812]],[[139.197706,35.78647],[139.19790889566912,35.78648470807343],[139.19760300305748,35.786529437121985],[139.197706,35.78647]],[[139.198462,35.785277],[139.198892,35.784451],[139.1985380255803,35.78553198342017],[139.198462,35.785277]],[[139.198959,35.784395],[139.199146647425,35.78429604165646],[139.198892,35.784451],[139.198959,35.784395]],[[139.2006754527672,35.78336573127381],[139.200825,35.783227],[139.20095568392134,35.783195204690045],[139.2006754527672,35.78336573127381]],[[139.201601,35.782606],[139.202131,35.78248],[139.20139781665947,35.78292615756845],[139.201601,35.782606]],[[139.20253484812628,35.7818278891869],[139.20256,35.781538],[139.20275633698694,35.781470241666426],[139.20253484812628,35.7818278891869]],[[139.20340774983225,35.78041837753095],[139.203476,35.780244],[139.203569,35.780158],[139.20340774983225,35.78041837753095]],[[139.20496611584073,35.77931836602944],[139.205738,35.778278],[139.206436,35.778435],[139.20496611584073,35.77931836602944]],[[139.206436,35.778435],[139.206959,35.777693],[139.20752015367665,35.777041845299884],[139.206436,35.778435]],[[139.209311,35.774603],[139.2098215827055,35.774084472431504],[139.20930849018941,35.774743804466944],[139.209311,35.774603]],[[139.21041801501914,35.77331804743203],[139.210437,35.773282],[139.210527,35.773178],[139.21041801501914,35.77331804743203]],[[139.210527,35.773178],[139.210675,35.773188],[139.21099132802976,35.77328570868153],[139.210527,35.773178]],[[139.214381,35.774072],[139.216675,35.772818],[139.217901,35.772929],[139.214381,35.774072]],[[139.219017,35.773253],[139.220772,35.773997],[139.21876602453267,35.77325078551058],[139.219017,35.773253]],[[139.22103968259157,35.7737674943618],[139.222187,35.772662],[139.222581,35.772446],[139.22103968259157,35.7737674943618]],[[139.222581,35.772446],[139.223085,35.772446],[139.22389,35.772844],[139.222581,35.772446]],[[139.224702,35.772454],[139.2249409993074,35.772393129725614],[139.22460822678588,35.772535886468674],[139.224702,35.772454]],[[139.22518,35.772204],[139.22615315184362,35.771873126008416],[139.22503661372264,35.772352111908255],[139.22518,35.772204]],[[139.228286,35.770809],[139.22886994723447,35.77070764257305],[139.22811934320922,35.77102964568043],[139.228286,35.770809]],[[139.2305157370687,35.77000161193255],[139.22959492756158,35.77039663182669],[139.230041,35.770037],[139.2305157370687,35.77000161193255]],[[139.23090280101627,35.76983556460311],[139.2321,35.768757],[139.233741,35.768618],[139.23090280101627,35.76983556460311]],[[139.233909,35.768699],[139.23391291994284,35.76870272394567],[139.233741,35.768618],[139.233909,35.768699]],[[139.236465,35.768912],[139.23702017616102,35.768893577336314],[139.23626907063795,35.76909901456618],[139.236465,35.768912]],[[139.23724266157532,35.768832724652114],[139.237656,35.768587],[139.23795239459966,35.76863860334428],[139.23724266157532,35.768832724652114]],[[139.2383114284086,35.76739582164652],[139.238262,35.767091],[139.238361,35.767],[139.2383114284086,35.76739582164652]],[[139.242638,35.766808],[139.242762,35.766835],[139.2427841267837,35.766847889388565],[139.242638,35.766808]],[[139.243705,35.767],[139.2446693263059,35.76736250727284],[139.243351903154,35.767002879813184],[139.243705,35.767]],[[139.2469735822284,35.76689249681588],[139.247269,35.766718],[139.2477277119941,35.76671457744249],[139.2469735822284,35.76689249681588]],[[139.2513541677425,35.76521793161781],[139.251344,35.764926],[139.25191,35.764482],[139.2513541677425,35.76521793161781]],[[139.25582547790177,35.76191627929964],[139.254955,35.762931],[139.255254,35.761957],[139.25582547790177,35.76191627929964]],[[139.3206843412401,35.7842420966272],[139.3239888,35.7807074],[139.3241995,35.7813214],[139.3206843412401,35.7842420966272]],[[139.321028,35.786626],[139.32078341391028,35.7874275574869],[139.32074057156086,35.78605005724424],[139.321028,35.786626]],[[139.32085673242764,35.78978495097465],[139.32086615089685,35.7897862733368],[139.32085730000006,35.78980319999998],[139.32085673242764,35.78978495097465]],[[139.3227367999998,35.786208800000495],[139.3237212,35.7865375],[139.3234191914726,35.7871381292517],[139.3227367999998,35.786208800000495]],[[139.3270868,35.7876791],[139.3302744,35.7907192],[139.3305804,35.7934421],[139.3326374,35.7917308],[139.33817585651434,35.79451484850285],[139.3270868,35.7876791]],[[139.343632,35.7942642],[139.34353802434433,35.79453891449804],[139.3428674186785,35.794143646926],[139.343632,35.7942642]],[[139.34685358367045,35.79633033277629],[139.3476399,35.795183],[139.34972258194418,35.79485953507514],[139.34685358367045,35.79633033277629]],[[139.3501837,35.7933569],[139.350261,35.793406],[139.34984933527662,35.7945173466723],[139.3501837,35.7933569]],[[139.3537823,35.7928829],[139.3531435562511,35.793008820634185],[139.353193,35.7926177],[139.3537823,35.7928829]],[[139.3539853,35.7930098],[139.35422098931764,35.79315263817365],[139.35393414332256,35.793114349498005],[139.3539853,35.7930098]],[[139.3586075811962,35.7923385250568],[139.3599342,35.7913341],[139.3686008967658,35.79171328787065],[139.3586075811962,35.7923385250568]],[[139.3692244852145,35.789096647320086],[139.36873,35.7897469],[139.3690345,35.7890251],[139.3692244852145,35.789096647320086]],[[139.3696317476432,35.78815095222588],[139.3698032,35.7876337],[139.369866,35.787607],[139.3696317476432,35.78815095222588]],[[139.3673456,35.7854947],[139.3676052694995,35.78528654420842],[139.36764954780057,35.78564170419542],[139.3673456,35.7854947]],[[139.369418,35.783255],[139.36764430313244,35.78428919604478],[139.367861,35.784017],[139.369418,35.783255]],[[139.373604,35.779689],[139.37216,35.779079],[139.3687843,35.7782841],[139.371036,35.778206],[139.373604,35.779689]],[[139.380134,35.778747],[139.380001,35.776926],[139.381333,35.777295],[139.380134,35.778747]],[[139.38137844318717,35.77633401959451],[139.381377,35.775516],[139.38143123683767,35.77521760002021],[139.38137844318717,35.77633401959451]],[[139.33899923159095,35.75504442067603],[139.3391843,35.7555131],[139.33884253942824,35.75556619646788],[139.33899923159095,35.75504442067603]],[[139.338451,35.75687],[139.3385091883986,35.756676236015636],[139.3382453767526,35.757060969636655],[139.338451,35.75687]],[[139.3378316,35.7574611],[139.33781993845562,35.75745608934236],[139.33786567418557,35.75741361294028],[139.3378316,35.7574611]],[[139.33606580671315,35.759085213995135],[139.3363419,35.7589853],[139.3361315,35.759164],[139.33606580671315,35.759085213995135]],[[139.3358871245972,35.75999589604446],[139.33586201541215,35.75961379974999],[139.335995,35.76],[139.3358871245972,35.75999589604446]],[[139.33593869589072,35.760780676597726],[139.3362907,35.7622965],[139.3356418494309,35.7629897301677],[139.33593869589072,35.760780676597726]],[[139.3363509,35.7636875],[139.3353885327665,35.76418867532895],[139.335611691352,35.763132468044404],[139.3363509,35.7636875]],[[139.33520904503808,35.76503818889712],[139.3366222,35.7660208],[139.33320213065886,35.76770090967893],[139.33520904503808,35.76503818889712]],[[139.3335648696708,35.77101879360557],[139.333689,35.7701645],[139.3337209,35.771005],[139.3335648696708,35.77101879360557]],[[139.3313057,35.7728065],[139.33120433367944,35.77274061804499],[139.3313104647845,35.7728020971399],[139.3313057,35.7728065]],[[139.1081864,35.8656558],[139.1057591671406,35.86609707627377],[139.106455,35.8658405],[139.1081864,35.8656558]],[[139.11245779585252,35.86486517004904],[139.11173080000012,35.864680600000014],[139.1120236,35.864732],[139.11245779585252,35.86486517004904]],[[139.11600969999998,35.8644552],[139.1144431,35.8653692],[139.1152392,35.8647172],[139.11600969999998,35.8644552]],[[139.11866773828683,35.864374346862725],[139.1192664,35.8642914],[139.1198725,35.8643377],[139.11866773828683,35.864374346862725]],[[139.1198725,35.8643377],[139.120715,35.8645639],[139.12181939999934,35.86492949999979],[139.1198725,35.8643377]],[[139.1220406,35.8649406],[139.12229771936993,35.86497046915025],[139.12181939999934,35.86492949999979],[139.1220406,35.8649406]],[[139.12334922058432,35.865060532639134],[139.1260805,35.8650369],[139.12688408489342,35.86536330186854],[139.12334922058432,35.865060532639134]],[[139.1307014,35.8647336],[139.13123419999903,35.86446860000048],[139.1306548416524,35.8647787474886],[139.1307014,35.8647336]],[[139.13123419999903,35.86446860000048],[139.1331873,35.8645828],[139.13455106132838,35.86520759316427],[139.13123419999903,35.86446860000048]],[[139.1348708,35.8652747],[139.13520319345142,35.865352887505345],[139.1348313791809,35.865270047682664],[139.1348708,35.8652747]],[[139.13728752395346,35.86463935710321],[139.1361437670988,35.865082469482296],[139.1364823,35.8649009],[139.13728752395346,35.86463935710321]],[[139.13890840000005,35.8640114],[139.1394353,35.8638456],[139.14000286049435,35.86377963733013],[139.13890840000005,35.8640114]],[[139.14224750787218,35.863304311384695],[139.140762566362,35.863618762213015],[139.1417564,35.8632633],[139.14224750787218,35.863304311384695]],[[139.1497672,35.8612403],[139.1502725,35.8609361],[139.14969996900086,35.86130790575386],[139.1497672,35.8612403]],[[139.152463853869,35.859865556694935],[139.152825,35.8595503],[139.1538905436724,35.85916857514439],[139.152463853869,35.859865556694935]],[[139.15753214354646,35.85772077494874],[139.15609574410567,35.85822559819315],[139.1566428,35.8579853],[139.15753214354646,35.85772077494874]],[[139.15949597813983,35.85688746060333],[139.1597294,35.8561019],[139.16046873352792,35.85513611934895],[139.15949597813983,35.85688746060333]],[[139.163527,35.850868],[139.16215060000002,35.85210809999999],[139.1632436,35.8509706],[139.163527,35.850868]],[[139.140482,35.778995],[139.138335,35.778853],[139.137157,35.778039],[139.140482,35.778995]],[[139.140876,35.77947],[139.14054536159952,35.77905095534466],[139.1411137618424,35.77955291602328],[139.140876,35.77947]],[[139.142809,35.78105],[139.142493,35.780842],[139.14233438898893,35.78063086565202],[139.142809,35.78105]],[[139.146876,35.785063],[139.147087,35.783166],[139.147806,35.782025],[139.146876,35.785063]],[[139.14703427375846,35.785967748691675],[139.146476,35.785755],[139.146876,35.785063],[139.14703427375846,35.785967748691675]],[[139.147289,35.788554],[139.14722124130734,35.787036521221424],[139.147567,35.789013],[139.147289,35.788554]],[[139.146776,35.792632],[139.14706914900935,35.792105524159865],[139.14692,35.793032],[139.146776,35.792632]],[[139.1507537511203,35.796634654183805],[139.150084,35.796615],[139.149817,35.796379],[139.1507537511203,35.796634654183805]],[[139.151861,35.79699],[139.15095558637114,35.796689738213274],[139.15204529353142,35.79698713651749],[139.151861,35.79699]],[[139.154255,35.797598],[139.15405079141672,35.79753446858241],[139.15431001702643,35.79760521534773],[139.154255,35.797598]],[[139.156302,35.798626],[139.155269,35.798187],[139.154639,35.797695],[139.156302,35.798626]],[[139.156302,35.798626],[139.157099,35.798531],[139.156494,35.798626],[139.156397,35.798637],[139.156302,35.798626]],[[139.16251357815128,35.80017962029492],[139.161538,35.799876],[139.16093,35.799201],[139.16251357815128,35.80017962029492]],[[139.1647177639919,35.801541763991885],[139.164812,35.8016],[139.164737,35.801561],[139.1647177639919,35.801541763991885]],[[139.16521075765647,35.80161989014647],[139.164949,35.80162],[139.164812,35.8016],[139.16521075765647,35.80161989014647]],[[139.171451,35.803472],[139.168551,35.802511],[139.167318,35.801725],[139.171451,35.803472]],[[139.171623,35.804867],[139.17161628061777,35.804742545791555],[139.171662,35.805094],[139.171623,35.804867]],[[139.173642,35.806794],[139.175512,35.806842],[139.171662,35.805094],[139.173642,35.806794]],[[139.17462345654485,35.81091392387377],[139.17461275621855,35.810962960208236],[139.174614,35.81093],[139.17462345654485,35.81091392387377]],[[139.17551803481678,35.81601001377789],[139.174297,35.813332],[139.174206,35.812827],[139.17551803481678,35.81601001377789]],[[139.1768081186531,35.8222454437103],[139.176717,35.821282],[139.177389,35.820549],[139.1768081186531,35.8222454437103]],[[139.176769976371,35.82235683691472],[139.17672373526102,35.82249188246332],[139.176736,35.822451],[139.176769976371,35.82235683691472]],[[139.175969,35.824451],[139.17639101020217,35.82346359439103],[139.17590491078226,35.82488323078988],[139.175969,35.824451]],[[139.178427,35.830589],[139.175275,35.827223],[139.175239,35.826828],[139.178427,35.830589]],[[139.17760943868498,35.83190831953384],[139.177602,35.83115],[139.178427,35.830589],[139.17760943868498,35.83190831953384]],[[139.176889,35.833108],[139.176897,35.833058],[139.17691577383397,35.833145277468134],[139.176889,35.833108]],[[139.17698990499392,35.833489904993904],[139.176922,35.833369],[139.17695096497204,35.83330887715884],[139.17698990499392,35.833489904993904]],[[139.17728895637356,35.83488016162993],[139.177222,35.834733],[139.17720628504796,35.83449583182302],[139.17728895637356,35.83488016162993]],[[139.174702,35.836539],[139.175333,35.836066],[139.17431710012102,35.8371782642757],[139.174702,35.836539]],[[139.1730322392193,35.838585002193234],[139.173268,35.838279],[139.17342380303447,35.838156296124595],[139.1730322392193,35.838585002193234]],[[139.166115,35.842972],[139.169705,35.840414],[139.171717,35.840025],[139.166115,35.842972]],[[139.16633712041232,35.84415442099499],[139.165962,35.843281],[139.166115,35.842972],[139.16633712041232,35.84415442099499]],[[139.1657533390345,35.845426989310276],[139.165997,35.844988],[139.16628550888615,35.84473691377649],[139.1657533390345,35.845426989310276]],[[139.162676,35.849061],[139.16395665854543,35.84775678165711],[139.162573,35.849551],[139.162676,35.849061]],[[139.16286205161845,35.849950036668226],[139.162719,35.849824],[139.162573,35.849551],[139.16286205161845,35.849950036668226]],[[138.985603,36.10595],[138.983846,36.107504],[138.982878,36.108144],[138.985603,36.10595]],[[138.982878,36.108144],[138.980467,36.109092],[138.9780049001167,36.109484040236936],[138.982878,36.108144]],[[138.98744132179547,36.102218394273095],[138.98692,36.10392],[138.985603,36.10595],[138.98744132179547,36.102218394273095]],[[138.990356,36.098389],[138.989908,36.09924],[138.988446,36.100179],[138.990356,36.098389]],[[138.993336,36.095345],[138.993239,36.095296],[138.99335446883703,36.095351560706106],[138.993336,36.095345]],[[138.996825,36.097043],[138.9967693509485,36.09699471626415],[138.996984,36.097098],[138.996825,36.097043]],[[139.000285,36.097418],[138.99912284869765,36.09723325706976],[139.00113898166782,36.097360753810456],[139.000285,36.097418]],[[139.002629,36.097463],[139.00257177607446,36.09745136123548],[139.00270823910495,36.097459990920065],[139.002629,36.097463]],[[139.003935,36.097544],[139.003926,36.097537],[139.00393913929955,36.09754668287932],[139.003935,36.097544]],[[139.007757,36.097461],[139.005736,36.098438],[139.004998,36.098327],[139.007757,36.097461]],[[139.007757,36.097461],[139.00504,36.085171],[139.035199,36.070018],[139.05524,36.072733],[139.054839,36.060706],[139.086396,36.068307],[139.095662,36.057725],[139.115177,36.055861],[139.124469,36.035353],[139.153576,36.026333],[139.176376,35.99768],[139.190317,36.006361],[139.188302,36.028109],[139.238985,36.051257],[139.187215,36.070575],[139.174283,36.090104],[139.13928,36.090766],[139.137722,36.117846],[139.148171,36.13315],[139.160615,36.134973],[139.126528,36.148349],[139.093527,36.136615],[139.082544,36.121631],[139.053739,36.124999],[139.040976,36.104363],[139.009228,36.098447],[139.007827,36.097621],[139.007757,36.097461]],[[139.17537264351694,35.99563963082381],[139.176007,35.996476],[139.176197,35.997731],[139.17537264351694,35.99563963082381]],[[139.191925,36.175241],[139.193596,36.174044],[139.1915111701969,36.17567422884514],[139.191925,36.175241]],[[139.193596,36.174044],[139.193979,36.173831],[139.19520834864417,36.173448185823354],[139.193596,36.174044]],[[139.19880668732156,36.172118485076496],[139.199845,36.171467],[139.201414,36.171155],[139.19880668732156,36.172118485076496]],[[139.202532,36.170199],[139.20275556799996,36.17003053939398],[139.20224914994927,36.17045500326625],[139.202532,36.170199]],[[139.203405,36.169394],[139.204516,36.168555],[139.2030880230539,36.169751885899366],[139.203405,36.169394]],[[139.206572,36.167433],[139.20810070832997,36.16669140016575],[139.20566305205998,36.167958676441124],[139.206572,36.167433]],[[139.212803,36.164153],[139.21287384375637,36.164108113166506],[139.21203327389438,36.1646469580914],[139.212803,36.164153]],[[139.21629542410375,36.161820443057536],[139.217892,36.16001],[139.21945500561154,36.15970794548671],[139.21629542410375,36.161820443057536]],[[139.22732,36.150694],[139.228337,36.152618],[139.227936,36.152491],[139.22732,36.150694]],[[139.22616832336269,36.15094835591301],[139.226158,36.15136],[139.22502981386208,36.15119980377095],[139.22616832336269,36.15094835591301]],[[139.223983,36.151431],[139.223807,36.151399],[139.22378211283146,36.15139170225885],[139.223983,36.151431]],[[139.21999742025363,36.15037419886127],[139.221197,36.150886],[139.220623,36.150671],[139.21999742025363,36.15037419886127]],[[139.21294222394081,36.147291815063866],[139.213017,36.147396],[139.212961,36.147335],[139.21294222394081,36.147291815063866]],[[139.20903581901993,36.14373947134482],[139.208741,36.143694],[139.20827269082253,36.143392804745524],[139.20903581901993,36.14373947134482]],[[139.20780859032737,36.14318197759889],[139.206022,36.142372],[139.205429,36.142101],[139.20780859032737,36.14318197759889]],[[139.20475765537427,36.14196202995786],[139.201825,36.141363],[139.19930051850744,36.14083238877028],[139.20475765537427,36.14196202995786]],[[139.198736,36.140725],[139.19850195899255,36.14066708492309],[139.1990665191561,36.14078395031041],[139.198736,36.140725]],[[139.197946,36.140552],[139.197486,36.140392],[139.1972915194173,36.14028789199737],[139.197946,36.140552]],[[139.195572,36.139594],[139.193905,36.139411],[139.19262196716227,36.13896112098291],[139.195572,36.139594]],[[139.19116324294475,36.138648176687106],[139.19228014825907,36.13888778959191],[139.192111,36.138945],[139.19116324294475,36.138648176687106]],[[139.189775,36.138999],[139.188589,36.138965],[139.1903028332236,36.13861312602898],[139.189775,36.138999]],[[139.1873564805312,36.13830693890014],[139.187037,36.138229],[139.1868859307631,36.13805570514215],[139.1873564805312,36.13830693890014]],[[139.185611,36.137375],[139.183852,36.137639],[139.183386,36.137656],[139.185611,36.137375]],[[139.183386,36.137656],[139.182871,36.137462],[139.1823961237962,36.137227864507686],[139.183386,36.137656]],[[139.180675,36.135105],[139.181071,36.134513],[139.18086597902453,36.13575493009077],[139.180675,36.135105]],[[139.186683,36.133187],[139.186899,36.133187],[139.18720076385355,36.13333884256903],[139.186683,36.133187]],[[139.18906693655134,36.13388612769668],[139.190622,36.133554],[139.191242,36.134524],[139.18906693655134,36.13388612769668]],[[139.191242,36.134524],[139.192339,36.134623],[139.1928419623022,36.13535479875186],[139.191242,36.134524]],[[139.19461042710859,36.136273094359105],[139.1945236502874,36.13622803450074],[139.194567,36.136247],[139.19461042710859,36.136273094359105]],[[139.201294,36.136472],[139.2017804797501,36.136386314519605],[139.200913,36.136877],[139.201294,36.136472]],[[139.207516,36.134739],[139.207726,36.134083],[139.20867106172702,36.13412102512437],[139.207516,36.134739]],[[139.2100768089364,36.13336892985832],[139.20885206933403,36.13402418341382],[139.208842,36.133933],[139.2100768089364,36.13336892985832]],[[139.21480955032226,36.13226208350897],[139.215766,36.129204],[139.21637814314235,36.128094131619136],[139.21480955032226,36.13226208350897]],[[139.21645259976077,36.12710462296646],[139.216224,36.125664],[139.216169,36.1251],[139.21645259976077,36.12710462296646]],[[139.216169,36.1251],[139.216263,36.124076],[139.217081,36.121501],[139.216169,36.1251]],[[139.2231622695557,36.117072734883884],[139.223784,36.116844],[139.224097,36.116774],[139.2231622695557,36.117072734883884]],[[139.224097,36.116774],[139.226984,36.117214],[139.2299,36.11814],[139.224097,36.116774]],[[139.23086324561405,36.11818296491228],[139.233182,36.118104],[139.234765,36.118357],[139.23086324561405,36.11818296491228]],[[139.234765,36.118357],[139.237536,36.118117],[139.24419369950454,36.11819289288837],[139.234765,36.118357]],[[139.244877,36.118181],[139.246798,36.11735],[139.248476,36.11751],[139.244877,36.118181]],[[139.248476,36.11751],[139.251483,36.118452],[139.25246158186246,36.11884200440742],[139.248476,36.11751]],[[139.253612,36.118234],[139.2540431933971,36.117291515364116],[139.253443,36.11917],[139.253612,36.118234]],[[139.254301,36.11648463254114],[139.254333,36.11578],[139.254537,36.115746],[139.254301,36.11648463254114]],[[139.25690667085883,36.11592010806918],[139.257088,36.115746],[139.25759397529637,36.115970606748405],[139.25690667085883,36.11592010806918]],[[139.2576229662361,36.11597273681492],[139.258008,36.115875],[139.258484,36.116036],[139.2576229662361,36.11597273681492]],[[139.273039,36.119251],[139.2714730371678,36.119065185724374],[139.271691,36.119082],[139.273039,36.119251]],[[139.273039,36.119251],[139.273604,36.117929],[139.274357,36.117044],[139.273039,36.119251]],[[139.273687,36.115415],[139.274308,36.112821],[139.275009,36.111734],[139.273687,36.115415]],[[139.262926,36.107884],[139.263416,36.106324],[139.264998,36.107017],[139.262926,36.107884]],[[139.266839,36.106759],[139.27002491405884,36.10664153412402],[139.26581607692745,36.10695589691238],[139.266839,36.106759]],[[139.272897,36.105961],[139.27281521095657,36.10643312370429],[139.272802,36.106057],[139.272897,36.105961]],[[139.27629496138087,36.10638335622519],[139.275682,36.106219],[139.275888,36.106274],[139.27629496138087,36.10638335622519]],[[139.2772635060761,36.10664305668103],[139.27700542852307,36.10657385712989],[139.277241,36.106637],[139.2772635060761,36.10664305668103]],[[139.277998,36.10684],[139.27781005992418,36.10678960674133],[139.277849,36.1068],[139.277998,36.10684]],[[139.283512,36.107163],[139.28378857951813,36.108027762694405],[139.283657,36.107695],[139.283512,36.107163]],[[139.284621,36.105192],[139.283571,36.104474],[139.283999,36.104418],[139.284621,36.105192]],[[139.285153,36.105402],[139.28541144411807,36.10552595595632],[139.284621,36.105192],[139.285153,36.105402]],[[138.97661832963385,36.1116947240416],[138.976928,36.112971],[138.97619,36.113839],[138.97661832963385,36.1116947240416]],[[139.175061,35.994849],[139.175256,35.995279],[139.17527101665672,35.99538180634213],[139.175061,35.994849]],[[139.17528023599147,35.994322323109785],[139.17524,35.994427],[139.17523511295957,35.99443072345939],[139.17528023599147,35.994322323109785]],[[139.175834,35.992641],[139.175834,35.992992],[139.17568162768967,35.99250277206131],[139.175834,35.992641]],[[139.175482,35.991399],[139.17547544040985,35.99184075822396],[139.17525443725287,35.99113117445064],[139.175482,35.991399]],[[139.110994,36.264189],[139.113326,36.266784],[139.10946970021982,36.263058096546246],[139.110994,36.264189]],[[139.115898,36.267919],[139.1170712684233,36.26844454260657],[139.1150652149919,36.26755511711888],[139.115898,36.267919]],[[139.118259,36.269175],[139.12217644025526,36.27342676725515],[139.117776,36.268757],[139.118259,36.269175]],[[139.12646952288742,36.27798260611135],[139.126694,36.278161],[139.126991,36.278536],[139.12646952288742,36.27798260611135]],[[139.164493,36.266043],[139.164239,36.265899],[139.162019,36.264159],[139.164493,36.266043]],[[139.163375,36.263046],[139.163874,36.262641],[139.162019,36.264159],[139.163375,36.263046]],[[139.163874,36.262641],[139.162483,36.261596],[139.165834,36.259719],[139.163874,36.262641]],[[139.1632978301652,36.25803123129427],[139.163193,36.258104],[139.162465,36.257477],[139.1632978301652,36.25803123129427]],[[139.162465,36.257477],[139.160931,36.255215],[139.161596,36.254556],[139.162465,36.257477]],[[139.158382,36.252507],[139.156587,36.250916],[139.155581,36.250009],[139.158382,36.252507]],[[139.155581,36.250009],[139.155646,36.249809],[139.1558005255721,36.24971309646553],[139.155581,36.250009]],[[139.1562921703986,36.24905039717046],[139.156238,36.248912],[139.156929,36.248192],[139.1562921703986,36.24905039717046]],[[139.159378,36.244921],[139.160891,36.244232],[139.160396,36.246363],[139.159378,36.244921]],[[139.162727,36.239496],[139.163362,36.23892],[139.163109,36.240547],[139.162727,36.239496]],[[139.163362,36.23892],[139.166801,36.239071],[139.167992,36.239182],[139.163362,36.23892]],[[139.167992,36.239182],[139.170016,36.239642],[139.170881,36.239889],[139.167992,36.239182]],[[139.17039790792583,36.238496489992414],[139.16989,36.238299],[139.170234397636,36.238025172562274],[139.17039790792583,36.238496489992414]],[[139.17007525234516,36.23756643721549],[139.17015544606238,36.23779759512465],[139.170063,36.237794],[139.17007525234516,36.23756643721549]],[[139.168897,36.23713],[139.168924,36.23678030670653],[139.170047,36.237485],[139.168897,36.23713]],[[139.16867267413573,36.23662259731113],[139.166797,36.235772],[139.16652475312046,36.23527475622978],[139.16867267413573,36.23662259731113]],[[139.165738,36.235067],[139.165365,36.234547],[139.16646709489007,36.235238575136044],[139.165738,36.235067]],[[139.165365,36.234547],[139.163754,36.234291],[139.163088,36.233934],[139.165365,36.234547]],[[139.163088,36.233934],[139.161421,36.234794],[139.159714,36.234665],[139.163088,36.233934]],[[139.159616,36.234606],[139.15946127837222,36.234445912304196],[139.159714,36.234665],[139.159616,36.234606]],[[139.158718,36.233892],[139.157009,36.23232],[139.15942940769435,36.23441828319529],[139.158718,36.233892]],[[139.157009,36.23232],[139.153141,36.229724],[139.149366,36.226897],[139.157009,36.23232]],[[139.1491607882708,36.22685664675445],[139.148984,36.226932],[139.14878063770598,36.22678189318578],[139.1491607882708,36.22685664675445]],[[139.147241,36.226559],[139.14705102563593,36.2264417788032],[139.14780928951575,36.22659088533164],[139.147241,36.226559]],[[139.145852,36.226206],[139.1451,36.225357],[139.14529016381152,36.22523083954252],[139.145852,36.226206]],[[139.1432010726955,36.22344275372044],[139.144195,36.22333],[139.143486,36.223762],[139.1432010726955,36.22344275372044]],[[139.1418466713567,36.223596400560844],[139.141556,36.223719],[139.14147471458566,36.223638596312576],[139.1418466713567,36.223596400560844]],[[139.140327,36.222789],[139.137991,36.220102],[139.141145,36.223676],[139.140327,36.222789]],[[139.135647,36.220956],[139.131697,36.216466],[139.135939,36.221255],[139.135647,36.220956]],[[139.127806,36.215371],[139.12818676482198,36.21581676843286],[139.128012,36.215617],[139.127806,36.215371]],[[139.1301263316017,36.21166058678027],[139.127519,36.207811],[139.127867,36.20686],[139.1301263316017,36.21166058678027]],[[139.127042,36.206527],[139.126404,36.205708],[139.12779504593084,36.206803341703555],[139.127042,36.206527]],[[139.126404,36.205708],[139.127357,36.205051],[139.12786135220455,36.204751976953816],[139.126404,36.205708]],[[139.1278640042211,36.204750237230975],[139.128526,36.204301],[139.128654,36.204232],[139.1278640042211,36.204750237230975]],[[139.127483,36.201089],[139.125828,36.199772],[139.124810475425,36.198772065840416],[139.127483,36.201089]],[[139.122641,36.19987],[139.1217066134834,36.20036897984068],[139.12299203967072,36.19942093243581],[139.122641,36.19987]],[[139.120646,36.203192],[139.121032,36.203588],[139.119445,36.202037],[139.120646,36.203192]],[[139.121032,36.203588],[139.119931,36.204361],[139.119271,36.204797],[139.121032,36.203588]],[[139.114431,36.206906],[139.11091,36.207197],[139.1096363196927,36.20720217168469],[139.114431,36.206906]],[[139.10929717347278,36.20659492397925],[139.108373,36.207564],[139.107519,36.20737],[139.10929717347278,36.20659492397925]],[[139.10963766299236,36.204326474238016],[139.109685,36.203917],[139.10973558614847,36.2036740789499],[139.10963766299236,36.204326474238016]],[[139.109892,36.202632],[139.109559,36.201531],[139.1107150508652,36.201532906932854],[139.109892,36.202632]],[[139.11174413264035,36.20015868245608],[139.11166344811227,36.200266427686906],[139.111669,36.200185],[139.11174413264035,36.20015868245608]],[[139.111058,36.199478],[139.11037,36.199227],[139.112,36.199817],[139.111058,36.199478]],[[139.11037,36.199227],[139.109275,36.198487],[139.10787569565048,36.197339452637294],[139.11037,36.199227]],[[139.10469084747967,36.19492934106987],[139.10394,36.194425],[139.10251,36.193279],[139.10469084747967,36.19492934106987]],[[139.100522,36.192425],[139.10050411489783,36.192416002921156],[139.10054414689262,36.19243322598869],[139.100522,36.192425]],[[139.0990540536336,36.192528722655275],[139.100067,36.193663],[139.09796530253567,36.1929758372857],[139.0990540536336,36.192528722655275]],[[139.09704064597716,36.19335556363107],[139.09756706802608,36.19313937923382],[139.097099,36.193381],[139.09704064597716,36.19335556363107]],[[139.093332,36.190194],[139.093292,36.18999],[139.0934451451533,36.190447570363325],[139.093332,36.190194]],[[139.083969,36.189612],[139.083717,36.189535],[139.08411226826283,36.18943151920137],[139.083969,36.189612]],[[139.08275953920062,36.1870292530559],[139.081557,36.186441],[139.082534,36.186439],[139.08275953920062,36.1870292530559]],[[139.08261,36.185342],[139.082694,36.184441],[139.082534,36.186439],[139.08261,36.185342]],[[139.082694,36.184441],[139.081246,36.184314],[139.079177,36.183532],[139.082694,36.184441]],[[139.079244,36.183382],[139.07926547555056,36.183348508367565],[139.079177,36.183532],[139.079244,36.183382]],[[139.07942688160247,36.183013764364766],[139.079448,36.182833],[139.07978431353143,36.18227247744762],[139.07942688160247,36.183013764364766]],[[139.07966662711866,36.181765],[139.07875,36.181411],[139.07873492889584,36.180944549326185],[139.07966662711866,36.181765]],[[139.07848713157895,36.18072633974863],[139.077737,36.180331],[139.0775857502595,36.1799325860494],[139.07848713157895,36.18072633974863]],[[139.07753941114836,36.179891779966475],[139.077087,36.179685],[139.076906,36.179334],[139.07753941114836,36.179891779966475]],[[139.075424,36.176911],[139.075411,36.176861],[139.0754544482776,36.176932871298],[139.075424,36.176911]],[[139.075411,36.176861],[139.076864,36.176022],[139.0773156758149,36.17594917905322],[139.075411,36.176861]],[[139.075599,36.174648],[139.075535,36.174598],[139.07574878173097,36.174692686262276],[139.075599,36.174648]],[[139.075619,36.171714],[139.077157,36.169825],[139.078407,36.168422],[139.075619,36.171714]],[[139.077061,36.167516],[139.076654,36.167063],[139.07754475554458,36.167753551503196],[139.077061,36.167516]],[[139.076299,36.165448],[139.07648786815332,36.16438319964858],[139.07662909607453,36.16666128564153],[139.076299,36.165448]],[[139.072437,36.161784],[139.069736,36.162409],[139.0733919560614,36.161412831648526],[139.072437,36.161784]],[[139.069736,36.162409],[139.069162,36.162909],[139.067592,36.162072],[139.069736,36.162409]],[[139.067592,36.162072],[139.067487,36.161686],[139.067551956153,36.16146193106854],[139.067592,36.162072]],[[139.06747139279048,36.16023454638404],[139.066987,36.159644],[139.067375,36.158766],[139.06747139279048,36.16023454638404]],[[139.067375,36.158766],[139.068606,36.157693],[139.06882463294062,36.15765104829184],[139.067375,36.158766]],[[139.06929853688524,36.15581340368852],[139.068647,36.154016],[139.068637,36.153057],[139.06929853688524,36.15581340368852]],[[139.068814,36.152692],[139.06882352230096,36.15268473722809],[139.068637,36.153057],[139.068814,36.152692]],[[139.06975335755567,36.15082896423173],[139.069775,36.150474],[139.070307,36.149724],[139.06975335755567,36.15082896423173]],[[139.070307,36.149724],[139.070464,36.149651],[139.07062707825898,36.14962636227742],[139.070307,36.149724]],[[139.0727225746174,36.14898714519104],[139.07204132104508,36.149194957016554],[139.072075,36.149176],[139.0727225746174,36.14898714519104]],[[139.07342,36.14877],[139.073461586632,36.148761714540754],[139.07338852381085,36.1487840018635],[139.07342,36.14877]],[[139.07438884528736,36.14614207908271],[139.073681,36.145466],[139.073576,36.14484847097481],[139.07438884528736,36.14614207908271]],[[139.0730104253254,36.143948383349176],[139.072366,36.143406],[139.07232211948775,36.14285297438742],[139.0730104253254,36.143948383349176]],[[139.071969,36.142291],[139.068794,36.143728],[139.066885,36.143113],[139.071969,36.142291]],[[139.06652407279333,36.14276808030248],[139.065821,36.142144],[139.06569841853968,36.14197904470154],[139.06652407279333,36.14276808030248]],[[139.064796,36.141171],[139.064743,36.141066],[139.0649152817623,36.14123064088115],[139.064796,36.141171]],[[139.061966,36.136264],[139.06178964867428,36.13523877864623],[139.06238050322295,36.1368908050063],[139.061966,36.136264]],[[139.061431,36.134266],[139.06132856955648,36.133949603741144],[139.0614704176944,36.13434621042469],[139.061431,36.134266]],[[139.058177,36.133516],[139.05875117281397,36.13352001385789],[139.058396,36.133599],[139.058177,36.133516]],[[139.058177,36.133516],[139.057905,36.133047],[139.0582040667739,36.132643875010736],[139.058177,36.133516]],[[139.058239173195,36.13151270262823],[139.05822600981088,36.131936843173285],[139.058186,36.13173],[139.058239173195,36.13151270262823]],[[139.37372754254744,35.350441243695684],[139.372663,35.350818],[139.370437,35.351164],[139.37372754254744,35.350441243695684]],[[139.39419653472595,35.352337894157706],[139.392603,35.351911],[139.3922601275059,35.35176089075018],[139.39419653472595,35.352337894157706]],[[139.394905,35.352549],[139.39496123755563,35.352750889497116],[139.394852,35.352656],[139.394905,35.352549]],[[139.396595,35.358616],[139.395936,35.358032],[139.395995832606,35.35646502450921],[139.396595,35.358616]],[[139.3963247891688,35.359083755607756],[139.39605855746257,35.35954462304598],[139.396161,35.359277],[139.3963247891688,35.359083755607756]],[[139.393966,35.363167],[139.394107,35.361982],[139.39474121085587,35.36182505073981],[139.393966,35.363167]],[[139.398771709641,35.36682104549628],[139.395159,35.364228],[139.393966,35.363167],[139.398771709641,35.36682104549628]],[[139.3998024566437,35.367604779164],[139.399664,35.367518],[139.39893515583427,35.366945322631395],[139.3998024566437,35.367604779164]],[[139.400724,35.368306],[139.4007193175495,35.36830191896516],[139.400726,35.368307],[139.400724,35.368306]],[[139.37691,35.35069],[139.376508,35.350625],[139.37626056403704,35.35054175918237],[139.37691,35.35069]],[[139.381064,35.350768],[139.37932827031236,35.35072499594202],[139.38139053394553,35.35075483994174],[139.381064,35.350768]],[[139.392039,35.351695],[139.390524,35.351633],[139.381678,35.350759],[139.392039,35.351695]],[[139.373399,35.400732],[139.37340383286485,35.40073234520463],[139.37339024900987,35.40073187498585],[139.373399,35.400732]],[[139.3796274,35.4009326],[139.37995176760109,35.40095900853876],[139.37927359723926,35.40093553299089],[139.3796274,35.4009326]],[[139.38489141975444,35.400925601415004],[139.3867534,35.4001953],[139.38834483816066,35.39998275585972],[139.38489141975444,35.400925601415004]],[[139.395842,35.3945025],[139.3960395342091,35.39384683878967],[139.3959164151843,35.39508807957044],[139.395842,35.3945025]],[[139.3955433845392,35.39077142935705],[139.3959509,35.3902112],[139.3968558632203,35.390714614669044],[139.3955433845392,35.39077142935705]],[[139.3992547,35.3905262],[139.3999325402926,35.39058143121207],[139.3984539,35.3906433],[139.3992547,35.3905262]],[[139.40268767691649,35.38894117036177],[139.4025977,35.3887642],[139.40249427644474,35.388453384090695],[139.40268767691649,35.38894117036177]],[[139.4015635202711,35.386443897950215],[139.4003013,35.3852867],[139.39983917242736,35.384714726755824],[139.4015635202711,35.386443897950215]],[[139.401747,35.382698],[139.4015011,35.3827384],[139.40176992782028,35.38004314947671],[139.401747,35.382698]],[[139.4027155,35.3795691],[139.40333297257342,35.37954198913913],[139.40208274362837,35.37984507108042],[139.4027155,35.3795691]],[[139.4040085,35.3779214],[139.40493055377596,35.37739919410155],[139.40363557204518,35.37913612016336],[139.4040085,35.3779214]],[[139.421589,36.069644],[139.423431,36.070204],[139.423911,36.070739],[139.421589,36.069644]],[[139.423911,36.070739],[139.425952,36.072043],[139.425952,36.072232],[139.423911,36.070739]],[[139.42604268123142,36.07257922545781],[139.427187,36.072389],[139.427802,36.074098],[139.42604268123142,36.07257922545781]],[[139.43286918703706,36.075225666567015],[139.430146,36.073506],[139.432949,36.075114],[139.43286918703706,36.075225666567015]],[[139.4355058,36.0762587],[139.436498,36.076342],[139.434903,36.07651],[139.4355058,36.0762587]],[[139.436498,36.076342],[139.437883,36.076968],[139.4412972439166,36.079061825346706],[139.436498,36.076342]],[[139.442171,36.079557],[139.444271,36.079938],[139.445432,36.080542],[139.442171,36.079557]],[[139.44589178468925,36.08172478029794],[139.446537,36.08331],[139.4466167,36.083589599999975],[139.44589178468925,36.08172478029794]],[[139.47278104326165,35.96044183176036],[139.472405,35.960448],[139.47213,35.960373],[139.47278104326165,35.96044183176036]],[[139.476798,35.960191],[139.474977,35.960674],[139.478387,35.959259],[139.476798,35.960191]],[[139.47660649703317,35.95733888724091],[139.477603,35.958408],[139.478387,35.959259],[139.47660649703317,35.95733888724091]],[[139.47914,35.956497],[139.4780217788755,35.95680760401822],[139.47941329414482,35.95639539063847],[139.47914,35.956497]],[[139.48181,35.956878],[139.479472,35.956378],[139.48215075789028,35.95667412241771],[139.48181,35.956878]],[[139.4892,35.958323],[139.486601,35.958431],[139.486864,35.957339],[139.4892,35.958323]],[[139.4954543386748,35.9549526059556],[139.495093,35.95557],[139.491213,35.954802],[139.4954543386748,35.9549526059556]],[[139.499091,35.958047],[139.498106,35.956057],[139.498,35.955043],[139.499091,35.958047]],[[139.499091,35.958047],[139.501772,35.956774],[139.499537,35.958103],[139.499091,35.958047]],[[139.50478721238397,35.95493266897906],[139.504701,35.955417],[139.502814,35.955523],[139.50478721238397,35.95493266897906]],[[139.51637306799,35.95146649877667],[139.51328,35.952482],[139.5054893116334,35.95472262014191],[139.51637306799,35.95146649877667]],[[139.5199406478056,35.95039917675298],[139.52003562294738,35.95037076279569],[139.519985,35.950388],[139.5199406478056,35.95039917675298]],[[139.521305,35.949991],[139.520854,35.950142],[139.52064072344805,35.95018973332353],[139.521305,35.949991]],[[139.531417,35.949376],[139.526256,35.950673],[139.525849,35.950027],[139.531417,35.949376]],[[139.532304,35.949936],[139.53192185812537,35.949598828028215],[139.5330929728379,35.950115720139245],[139.532304,35.949936]],[[139.534956,35.950938],[139.533677,35.951176],[139.53325828500328,35.95018868357591],[139.534956,35.950938]],[[139.53591196163967,35.949288451423016],[139.535878,35.949393],[139.534956,35.950938],[139.53591196163967,35.949288451423016]],[[139.431837,35.998023],[139.43117,35.998096],[139.43019,35.998003],[139.431837,35.998023]],[[139.433792,35.995969],[139.432745,35.997488],[139.431837,35.998023],[139.433792,35.995969]],[[139.43453718667456,35.993368190791536],[139.434285,35.994753],[139.43403800452433,35.99511040865106],[139.43453718667456,35.993368190791536]],[[139.43665988380755,35.98853589694773],[139.436212,35.989631],[139.43558538191672,35.990229304081026],[139.43665988380755,35.98853589694773]],[[139.43941,35.987281],[139.43783718158096,35.98720419615092],[139.440892,35.987206],[139.43941,35.987281]],[[139.441706,35.985869],[139.441763,35.986815],[139.440892,35.987206],[139.441706,35.985869]],[[139.440154,35.98425],[139.441044,35.985044],[139.441706,35.985869],[139.440154,35.98425]],[[139.443678,35.982085],[139.442929,35.982757],[139.44408825854018,35.98162321284253],[139.443678,35.982085]],[[139.451797,35.980374],[139.4507621263108,35.97946506018544],[139.453065,35.980715],[139.451797,35.980374]],[[139.454217,35.980059],[139.453557,35.980545],[139.453065,35.980715],[139.454217,35.980059]],[[139.45452956856178,35.97822170674652],[139.454785,35.978981],[139.454217,35.980059],[139.45452956856178,35.97822170674652]],[[139.4559193950309,35.97477661109128],[139.456317,35.976241],[139.454873,35.976203],[139.4559193950309,35.97477661109128]],[[139.459214,35.974179],[139.4587342473506,35.97308577033987],[139.460248,35.973586],[139.459214,35.974179]],[[139.4603418144774,35.97339671965878],[139.460324,35.973511],[139.460248,35.973586],[139.4603418144774,35.97339671965878]],[[139.461441,35.97196],[139.46070662314256,35.97266068071741],[139.461441,35.971179],[139.461441,35.97196]],[[139.460261,35.969471],[139.460967,35.970146],[139.461441,35.971179],[139.460261,35.969471]],[[139.463011,35.966712],[139.460859,35.967727],[139.463339,35.966278],[139.463011,35.966712]],[[139.464219,35.963385],[139.4640222890444,35.963785025470266],[139.464201,35.963133],[139.464219,35.963385]],[[139.46799,35.960648],[139.467694,35.960074],[139.468287,35.960541],[139.46799,35.960648]],[[139.529354,35.962573],[139.530508,35.962435],[139.53106330239987,35.96269018212759],[139.529354,35.962573]],[[139.52536986716714,35.96550212777848],[139.526799,35.964833],[139.5271721468815,35.96472590089506],[139.52536986716714,35.96550212777848]],[[139.522943,35.967976],[139.523294,35.966746],[139.52446,35.965894],[139.522943,35.967976]],[[139.52712,35.969481],[139.52426,35.968909],[139.522943,35.967976],[139.52712,35.969481]],[[139.524057,35.972532],[139.525004,35.971987],[139.5260153946354,35.97205486196449],[139.524057,35.972532]],[[139.523926,35.972976966942184],[139.523994,35.972695],[139.524057,35.972532],[139.523926,35.972976966942184]],[[139.5236530029041,35.97390425459849],[139.52364690607163,35.973924963674015],[139.523648,35.973919],[139.5236530029041,35.97390425459849]],[[139.52094283061084,35.97482023359995],[139.520658,35.97489],[139.520896,35.974827],[139.52094283061084,35.97482023359995]],[[139.520429,35.97763],[139.52060920433885,35.97778474921003],[139.52023293707887,35.97747609060692],[139.520429,35.97763]],[[139.5202268870773,35.97747112768499],[139.518336,35.97592],[139.519465,35.976796],[139.5202268870773,35.97747112768499]],[[139.51605446776472,35.978524022455666],[139.51697,35.97726],[139.518336,35.97592],[139.51605446776472,35.978524022455666]],[[139.51436,35.980458],[139.514667,35.980082],[139.51487964642288,35.97986490254855],[139.51436,35.980458]],[[139.5124945048306,35.98378842970088],[139.51239,35.983975],[139.512491,35.983793],[139.5124945048306,35.98378842970088]],[[139.51436,35.985382],[139.512816,35.985008],[139.51239,35.983975],[139.51436,35.985382]],[[139.51442964456498,35.98706196279887],[139.513891,35.986734],[139.51436488362202,35.985499802491645],[139.51442964456498,35.98706196279887]],[[139.511516,35.989796],[139.512588,35.988306],[139.514442,35.98736],[139.511516,35.989796]],[[139.511596,35.991586],[139.511449,35.990354],[139.511516,35.989796],[139.511596,35.991586]],[[139.5097090682786,35.99377130958115],[139.510459,35.992699],[139.51088349374203,35.99241117387063],[139.5097090682786,35.99377130958115]],[[139.50735360135113,35.996080573695416],[139.507441,35.996065],[139.50777,35.996017],[139.50735360135113,35.996080573695416]],[[139.4237091044019,35.999641746869436],[139.423084,36.001246],[139.422907,36.001536],[139.4237091044019,35.999641746869436]],[[139.42350102801473,36.00356829068648],[139.424042,36.004166],[139.423954,36.005118],[139.42350102801473,36.00356829068648]],[[139.428747,36.005284],[139.4303530485728,36.005099511324566],[139.426407,36.006022],[139.428747,36.005284]],[[139.430706,36.005017],[139.432104,36.004344],[139.43382435283198,36.003889570449466],[139.430706,36.005017]],[[139.43461,36.003658],[139.4346148071017,36.00366280710171],[139.434534,36.003633],[139.43461,36.003658]],[[139.435296,36.003823],[139.43539282272678,36.00394979166602],[139.43519117741374,36.00387541129313],[139.435296,36.003823]],[[139.437572,36.003582],[139.438499,36.003506],[139.436185,36.004242],[139.437572,36.003582]],[[139.439705773399,36.00367969458128],[139.43935737825643,36.00362954900427],[139.439644,36.003646],[139.439705773399,36.00367969458128]],[[139.44023162199477,36.00375538157582],[139.4400969651163,36.003736],[139.440139,36.003736],[139.44023162199477,36.00375538157582]],[[139.440711,36.003786],[139.440889,36.00385],[139.44051009432286,36.00379546294856],[139.440711,36.003786]],[[139.447160164071,36.004449352160535],[139.445672,36.003926],[139.446435,36.00385],[139.447160164071,36.004449352160535]],[[139.454634,36.004993],[139.454661,36.005289],[139.454864,36.008338],[139.454634,36.004993]],[[139.45566232757022,36.01049168947277],[139.456874,36.010858],[139.4570768,36.011896899999954],[139.45566232757022,36.01049168947277]],[[139.451009,36.014657],[139.450769,36.015929],[139.45004254881468,36.014688059513695],[139.451009,36.014657]],[[139.45005466027828,36.01597934452701],[139.449178,36.016347],[139.448442,36.016093],[139.45005466027828,36.01597934452701]],[[139.448276,36.016017],[139.4482870073367,36.01598482470818],[139.448442,36.016093],[139.448276,36.016017]],[[139.44753355879132,36.015458964228586],[139.44548,36.014759],[139.44471447290533,36.01349141665661],[139.44753355879132,36.015458964228586]],[[139.439694,36.013564],[139.43934723743575,36.014402725342755],[139.439707,36.013374],[139.439694,36.013564]],[[139.437978,36.018318],[139.437545,36.019247],[139.43711415867062,36.01944384004934],[139.437978,36.018318]],[[139.436986,36.020076],[139.435459,36.021601],[139.4367733715555,36.01988798617838],[139.436986,36.020076]],[[139.435459,36.021601],[139.435967,36.022223],[139.435891,36.022743],[139.435459,36.021601]],[[139.435434,36.02301],[139.43534680189825,36.02304607461247],[139.435891,36.022743],[139.435434,36.02301]],[[139.429027,36.027854],[139.426674,36.030079],[139.43201406251669,36.02501670036585],[139.429027,36.027854]],[[139.426674,36.030079],[139.425643,36.030552],[139.424894,36.030869],[139.426674,36.030079]],[[139.422832,36.034214],[139.42425865865718,36.031899657997904],[139.424054,36.032814],[139.422832,36.034214]],[[139.422832,36.034214],[139.420034,36.035231],[139.41965144030928,36.03511106418557],[139.422832,36.034214]],[[139.420822,36.03921],[139.41954524758845,36.039603],[139.420746,36.038461],[139.420822,36.03921]],[[139.4198629649633,36.045473972417504],[139.420087,36.045722],[139.420163,36.045887],[139.4198629649633,36.045473972417504]],[[139.420163,36.045887],[139.420176,36.047438],[139.419858,36.048416],[139.420163,36.045887]],[[139.418319,36.050222],[139.418036,36.050861],[139.4178215283191,36.05128324112176],[139.418319,36.050222]],[[139.4171066168864,36.05280833981569],[139.416992,36.053317],[139.416233,36.054672],[139.4171066168864,36.05280833981569]],[[139.418697,36.056042],[139.417478,36.057502],[139.41676460415155,36.05588038534051],[139.418697,36.056042]],[[139.417453,36.059953],[139.41743868980814,36.06016650806271],[139.4174425850609,36.05990248155992],[139.417453,36.059953]],[[139.418498,36.065577],[139.419731,36.067122],[139.41986868876182,36.067380491166055],[139.418498,36.065577]],[[139.42035269150855,36.06801732040285],[139.420815,36.068532],[139.42153211042785,36.069569147237125],[139.42035269150855,36.06801732040285]],[[139.453376,36.08114],[139.45194690593055,36.082591405316194],[139.452481,36.081881],[139.453376,36.08114]],[[139.453376,36.08114],[139.454966,36.080313],[139.456052,36.079835],[139.453376,36.08114]],[[139.459249,36.07449],[139.4567455685485,36.078675436693224],[139.457879,36.076157],[139.459249,36.07449]],[[139.459792,36.074193],[139.4603182311477,36.07399620113403],[139.459249,36.07449],[139.459792,36.074193]],[[139.4668333785976,36.06877124435518],[139.466899,36.067793],[139.467209,36.067173],[139.4668333785976,36.06877124435518]],[[139.469745,36.064753],[139.470691,36.062785],[139.471208,36.061867],[139.469745,36.064753]],[[139.471208,36.061867],[139.471867,36.061118],[139.472814,36.060377],[139.471208,36.061867]],[[139.472814,36.060377],[139.47452,36.059809],[139.47644658496645,36.05990857744],[139.472814,36.060377]],[[139.483035,36.059059],[139.482351,36.055435],[139.48226,36.054724],[139.483035,36.059059]],[[139.48226,36.054724],[139.483192,36.052924],[139.48551,36.050672],[139.48226,36.054724]],[[139.48551,36.050672],[139.486609,36.050297],[139.48724407208638,36.05020865921519],[139.48551,36.050672]],[[139.48963089768583,36.04892693453098],[139.49018,36.048213],[139.49035018032788,36.04810359836065],[139.48963089768583,36.04892693453098]],[[139.489694,36.043494],[139.489265,36.042479],[139.49018415719382,36.04394878890169],[139.489694,36.043494]],[[139.489265,36.042479],[139.489422,36.041435],[139.489953,36.040472],[139.489265,36.042479]],[[139.49183418452628,36.03818231017154],[139.491787,36.03778],[139.491901,36.037122],[139.49183418452628,36.03818231017154]],[[139.491901,36.037122],[139.493119,36.035973],[139.4934031989529,36.03583090052354],[139.491901,36.037122]],[[139.49367106783708,36.03560067444366],[139.49340960714278,36.0358253928572],[139.493563,36.035673],[139.49367106783708,36.03560067444366]],[[139.505993,35.996275],[139.50619578394583,35.9962573435559],[139.505471,35.996368],[139.505993,35.996275]],[[139.5013689,35.9971099],[139.501517,35.996201],[139.502504,35.99587],[139.5013689,35.9971099]],[[139.50242045999602,35.998963920869315],[139.501816,35.998052],[139.5013689,35.9971099],[139.50242045999602,35.998963920869315]],[[139.502526,35.99915],[139.5024947475754,35.99918991097878],[139.50248425531186,35.999076399327386],[139.502526,35.99915]],[[139.500382,36.001888],[139.5013694,36.0003448],[139.50210027482746,35.999693673284696],[139.500382,36.001888]],[[139.5030102241422,36.00452230799438],[139.501622,36.00347],[139.500382,36.001888],[139.5030102241422,36.00452230799438]],[[139.503402,36.008482],[139.50355619433492,36.00877394127414],[139.503436,36.008611],[139.503402,36.008482]],[[139.499635,36.013555],[139.502153,36.012775],[139.5031122034191,36.01255726670855],[139.499635,36.013555]],[[139.498324,36.015777],[139.498583,36.014761],[139.499635,36.013555],[139.498324,36.015777]],[[139.498479,36.018152],[139.498407,36.017706],[139.498324,36.015777],[139.498479,36.018152]],[[139.50129224458004,36.020551860037386],[139.499276,36.019325],[139.498479,36.018152],[139.50129224458004,36.020551860037386]],[[139.504155,36.023734],[139.502249,36.021777],[139.5016333,36.0208428],[139.504155,36.023734]],[[139.504897,36.027229],[139.504845,36.02676887149529],[139.505011,36.027499],[139.504897,36.027229]],[[139.500199,36.029233],[139.502368,36.028175],[139.505011,36.027499],[139.500199,36.029233]],[[139.49477087925277,36.034348971702926],[139.495539,36.032953],[139.49594,36.032596],[139.49477087925277,36.034348971702926]],[[139.509663,36.278468],[139.513465,36.278629],[139.508997,36.278676],[139.509663,36.278468]],[[139.513465,36.278629],[139.514161,36.279473],[139.51427621174236,36.27990434038445],[139.513465,36.278629]],[[139.519198,36.280722],[139.520543,36.2809],[139.5178983174207,36.281018786181214],[139.519198,36.280722]],[[139.520543,36.2809],[139.521585,36.281737],[139.522741,36.283464],[139.520543,36.2809]],[[139.522741,36.283464],[139.523907,36.283705],[139.52444843521045,36.28420402784375],[139.522741,36.283464]],[[139.53164098954076,36.28050389303317],[139.531682,36.280388],[139.532666,36.279791],[139.53164098954076,36.28050389303317]],[[139.534324,36.279107],[139.534581,36.279023],[139.5342745323754,36.279145907120466],[139.534324,36.279107]],[[139.534581,36.279023],[139.535359,36.279107],[139.53516808177636,36.27986888594963],[139.534581,36.279023]],[[139.54002635973313,36.27838301020734],[139.540339,36.280027],[139.539893,36.278452],[139.54002635973313,36.27838301020734]],[[139.539753,36.277119],[139.539774,36.277056],[139.53979592933877,36.2771713133902],[139.539753,36.277119]],[[139.539774,36.277056],[139.542957,36.27604],[139.544024,36.275784],[139.539774,36.277056]],[[139.54450385210012,36.27621915175862],[139.546623,36.277997],[139.54769592986358,36.279113873386585],[139.54450385210012,36.27621915175862]],[[139.549836,36.278584],[139.550296,36.27826],[139.55130366606284,36.278957984959966],[139.549836,36.278584]],[[139.555909,36.276616],[139.554125,36.274632],[139.553519,36.273885],[139.555909,36.276616]],[[139.553519,36.273885],[139.559945,36.267894],[139.561264,36.267131],[139.553519,36.273885]],[[139.561264,36.267131],[139.563383,36.26688],[139.564057,36.266922],[139.561264,36.267131]],[[139.565063,36.267096],[139.5654574401423,36.267180413230875],[139.564057,36.266922],[139.565063,36.267096]],[[139.570376,36.268088],[139.5692208901459,36.2678748558174],[139.57047034278906,36.268037539717405],[139.570376,36.268088]],[[139.571951,36.267189],[139.572427,36.266991],[139.5718122676578,36.267319796381955],[139.571951,36.267189]],[[139.572427,36.266991],[139.575801,36.26674],[139.578129,36.266961],[139.572427,36.266991]],[[139.696389,36.225652],[139.696738,36.227201],[139.69674668232884,36.228082502987036],[139.696389,36.225652]],[[139.702173,36.229870500000125],[139.702169,36.229407],[139.702258,36.227448],[139.702173,36.229870500000125]],[[139.702258,36.227448],[139.702551,36.226643],[139.703244,36.22587],[139.702258,36.227448]],[[139.703244,36.22587],[139.704088,36.225636],[139.705961,36.225477],[139.703244,36.22587]],[[139.705961,36.225477],[139.706698,36.225715],[139.706679,36.226761],[139.705961,36.225477]],[[139.710006,36.233177],[139.709153,36.234651],[139.707479,36.235903],[139.710006,36.233177]],[[139.71107172680416,36.23841318749684],[139.712427,36.238928],[139.71299273009512,36.23951467536515],[139.71107172680416,36.23841318749684]],[[139.717109,36.239942],[139.7170273311273,36.239962174568724],[139.717058,36.239945],[139.717109,36.239942]],[[139.72065106997832,36.24246227058532],[139.724032,36.242462],[139.726601,36.24382],[139.72065106997832,36.24246227058532]],[[139.72064954956568,36.242970595204014],[139.72121,36.243882],[139.720644,36.244826],[139.72064954956568,36.242970595204014]],[[139.720644,36.244826],[139.721788,36.245304],[139.72311976841078,36.245894182670085],[139.720644,36.244826]],[[139.726208,36.249994],[139.727345,36.25058],[139.729141,36.251746],[139.726208,36.249994]],[[139.729692,36.26032],[139.730299,36.260438],[139.72959172953452,36.26032099277689],[139.729692,36.26032]],[[139.730299,36.260438],[139.730876,36.260999],[139.7312800003795,36.261771515916315],[139.730299,36.260438]],[[139.732378,36.26281],[139.73267786481415,36.26285586992141],[139.732247,36.263086],[139.732378,36.26281]],[[139.733263,36.25946],[139.732503,36.257917],[139.73435,36.257917],[139.733263,36.25946]],[[139.73736775862025,36.25830005236319],[139.738357,36.257213],[139.738731,36.256819],[139.73736775862025,36.25830005236319]],[[139.738731,36.256819],[139.738927,36.256886],[139.73900017976928,36.25749161954603],[139.738731,36.256819]],[[139.74454457200673,36.259945139256125],[139.743325,36.257879],[139.745319,36.258266],[139.74454457200673,36.259945139256125]],[[139.745319,36.258266],[139.744754,36.257714],[139.745331665734,36.257302700563784],[139.745319,36.258266]],[[139.74533525541398,36.257029685458704],[139.745106,36.256644],[139.74534595035615,36.25621627569021],[139.74533525541398,36.257029685458704]],[[139.74008562359012,36.25443061777081],[139.740616,36.254915],[139.740363,36.254707],[139.74008562359012,36.25443061777081]],[[139.73786,36.252398],[139.738426,36.251747],[139.738756,36.251471],[139.73786,36.252398]],[[139.7383587349468,36.25030536528598],[139.738039,36.249622],[139.737693,36.248352],[139.7383587349468,36.25030536528598]],[[139.737693,36.248352],[139.740153,36.246714],[139.74519380309508,36.245954726283536],[139.737693,36.248352]],[[139.74541087377938,36.24526438517173],[139.745437,36.245877],[139.745391,36.24543],[139.74541087377938,36.24526438517173]],[[139.745408,36.245197],[139.746747,36.245012],[139.754229,36.245201],[139.745408,36.245197]],[[139.756793,36.244969],[139.757147,36.244949],[139.75621926668586,36.24502911953227],[139.756793,36.244969]],[[139.757177,36.244983],[139.75719277705238,36.24500434421413],[139.757147,36.244949],[139.757177,36.244983]],[[139.7599839266055,36.24729007339448],[139.761246,36.246248],[139.762368,36.24561],[139.7599839266055,36.24729007339448]],[[139.76536125170318,36.24464317204014],[139.7649863003662,36.244764282281494],[139.765273,36.244667],[139.76536125170318,36.24464317204014]],[[139.765726,36.241787],[139.76582768146437,36.24179565602292],[139.765339,36.241883],[139.765726,36.241787]],[[139.76691212584018,36.241601828976854],[139.768847,36.240969],[139.77259,36.240587],[139.76691212584018,36.241601828976854]],[[139.774262,36.241552],[139.774546,36.242969],[139.774108,36.24096],[139.774262,36.241552]],[[139.774533,36.243337],[139.77450826728332,36.24356828432343],[139.774546,36.242969],[139.774533,36.243337]],[[139.775694,36.24964],[139.7753479357347,36.24913884499924],[139.775572,36.249421],[139.775694,36.24964]],[[139.775694,36.24964],[139.775804,36.249942],[139.77587897087184,36.250236584427604],[139.775694,36.24964]],[[139.778447,36.254685],[139.779109,36.253829],[139.77848301892834,36.25481463405023],[139.778447,36.254685]],[[139.786904,36.250796],[139.785345,36.249858],[139.784897,36.248747],[139.786904,36.250796]],[[139.784897,36.248747],[139.784897,36.248321],[139.78506027949157,36.24763087884583],[139.784897,36.248747]],[[139.783935,36.242033],[139.784323,36.240599],[139.785022,36.239463],[139.783935,36.242033]],[[139.785022,36.239463],[139.785502,36.239323],[139.78640518221496,36.23922007552497],[139.785022,36.239463]],[[139.78751535681357,36.23782017843894],[139.787384,36.236291],[139.78803046437238,36.235354937024105],[139.78751535681357,36.23782017843894]],[[139.786282,36.231669],[139.786144767113,36.2313153313979],[139.78640265912398,36.23177650670761],[139.786282,36.231669]],[[139.785681,36.230486],[139.785617,36.229867],[139.78568508349147,36.22957129791263],[139.785681,36.230486]],[[139.785668,36.228275],[139.785693,36.227798],[139.7856895600518,36.22856854839772],[139.785668,36.228275]],[[139.785693,36.227798],[139.785472,36.227652],[139.78541708593832,36.2273533384977],[139.785693,36.227798]],[[139.81935,36.227518],[139.8225,36.205081],[139.83076,36.200876],[139.828429,36.21748],[139.842883,36.222943],[139.864433,36.196699],[139.86293,36.178951],[139.850606,36.182534],[139.856293,36.147181],[139.827016,36.155082],[139.829349,36.141273],[139.813893,36.136786],[139.806276,36.13872],[139.802286,36.155827],[139.78214,36.154209],[139.77469,36.152102],[139.780231,36.1339],[139.762163,36.138466],[139.759055,36.126104],[139.710739,36.132946],[139.726373,36.11252],[139.730274,36.087254],[139.768241,36.080576],[139.786769,36.104101],[139.800018,36.093697],[139.813664,36.062426],[139.875764,36.011276],[139.884158,35.988829],[139.923656,35.970444],[139.91964,36.02174],[139.949418,36.026806],[139.947319,36.035046],[139.956722,36.041627],[139.946758,36.051376],[139.956835,36.045349],[139.959169,36.051279],[139.944033,36.053651],[139.93546,36.0692],[139.938741,36.088356],[139.898185,36.112267],[139.894094,36.131707],[139.916551,36.132938],[139.918447,36.145784],[139.923546,36.132371],[139.948794,36.136887],[139.959158,36.147211],[139.989281,36.133042],[139.998044,36.135727],[140.007397,36.171473],[140.024631,36.179244],[140.019507,36.191732],[140.036391,36.199559],[140.00265,36.207834],[139.998358,36.238734],[139.996677,36.230259],[139.981204,36.233427],[139.967593,36.222092],[139.955329,36.23783],[139.955824,36.2295],[139.942664,36.23107],[139.936039,36.245448],[139.905468,36.230435],[139.888265,36.252951],[139.908398,36.279727],[139.903181,36.298637],[139.894281,36.301935],[139.896635,36.309755],[139.878811,36.310704],[139.881431,36.322634],[139.848971,36.311485],[139.839529,36.300232],[139.841314,36.275299],[139.81935,36.227518]],[[139.806943,36.043168],[139.781009,36.056494],[139.774921,36.03865],[139.753083,36.054993],[139.746359,36.055231],[139.739836,36.040547],[139.70290930000002,36.06227260000003],[139.6959981,36.0501072],[139.7079821,36.0355069],[139.752325,36.01311],[139.752663,36.009463],[139.7462753,36.0052533],[139.74370600860414,36.00040818974232],[139.757525,35.9996],[139.771849,36.008385],[139.780978,36.004721],[139.778075,36.026053],[139.805539,36.036607],[139.806943,36.043168]],[[139.833326,35.968967],[139.804985,35.954394],[139.802429,35.941428],[139.818245,35.931759],[139.804526,35.920251],[139.837272,35.906137],[139.846985,35.912717],[139.836106,35.915347],[139.84137,35.933847],[139.830247,35.939608],[139.849285,35.938349],[139.833326,35.968967]],[[139.839776,35.859431],[139.847434,35.828325],[139.869247,35.819187],[139.855787,35.804379],[139.85881220000002,35.7943947],[139.87528269999999,35.79603],[139.873912,35.7815022],[139.89338469999998,35.78346079999997],[139.887987,35.824333],[139.899204,35.866857],[139.839776,35.859431]],[[140.134238,35.85892],[140.156741,35.84271],[140.205426,35.861321],[140.241478,35.854585],[140.278291,35.874045],[140.3194,35.864645],[140.375878,35.902369],[140.375485,35.895205],[140.399765,35.875529],[140.394349,35.852794],[140.403078,35.853462],[140.419295,35.866617],[140.422699,35.86065],[140.439394,35.864226],[140.439012,35.870645],[140.424878,35.872996],[140.429431,35.901991],[140.437359,35.907934],[140.378954,35.903131],[140.369596,35.915985],[140.331894,35.896554],[140.325819,35.904851],[140.312953,35.881483],[140.314363,35.886867],[140.29574,35.884408],[140.297719,35.891522],[140.258395,35.898569],[140.250116,35.907247],[140.196237,35.872355],[140.184801,35.888438],[140.164181,35.886936],[140.161233,35.879206],[140.127377,35.882106],[140.134238,35.85892]],[[139.69989439999998,35.72351190000001],[139.70640730000002,35.71353019999998],[139.7220992,35.71261939999998],[139.722746,35.725149],[139.75261730000003,35.7352521],[139.71056439999995,35.74598119999999],[139.7039643,35.7374669],[139.6927197,35.7434753],[139.68108610000002,35.7387524],[139.68225289999998,35.723900599999986],[139.69989439999998,35.72351190000001]],[[139.71609009999997,36.003895100000015],[139.7160901,36.003895099999966],[139.7160901,36.0038951],[139.71609009999997,36.003895100000015]],[[139.7174596934364,36.00179368976807],[139.717281,36.002102],[139.71716324624424,36.002248538007194],[139.7174596934364,36.00179368976807]],[[139.72145675365002,35.99910764342998],[139.721259,35.999627],[139.7207450532213,35.99950069927933],[139.72145675365002,35.99910764342998]],[[139.7217835754818,35.99892714721627],[139.722624,35.998463],[139.72228,35.998678],[139.7217835754818,35.99892714721627]],[[139.727501,35.999407],[139.725571,35.999311],[139.724613,35.998078],[139.727501,35.999407]],[[139.73056879491944,35.99866339267286],[139.730196,35.998857],[139.72998820323784,35.99880412314534],[139.73056879491944,35.99866339267286]],[[139.73542483164715,35.99789930706306],[139.734453,35.997868],[139.733974,35.997838],[139.73542483164715,35.99789930706306]],[[139.738082,35.998012],[139.7363200961568,35.99793713780506],[139.738707,35.998038],[139.738082,35.998012]],[[139.742572,35.998659],[139.739646,35.998207],[139.73943088084727,35.998154307892925],[139.742572,35.998659]],[[139.683068,36.041314],[139.6836740120958,36.04204504583307],[139.682506,36.040672],[139.683068,36.041314]],[[139.685757,36.038181],[139.684735,36.039124],[139.682506,36.040672],[139.685757,36.038181]],[[139.686082,36.036621],[139.68555261164414,36.03685893405507],[139.6854421932882,36.03614470379724],[139.686082,36.036621]],[[139.685504,36.035421],[139.68527393158857,36.03505631956919],[139.685821,36.035128],[139.685504,36.035421]],[[139.68675716194056,36.033739802235054],[139.686606,36.033835],[139.68655809342485,36.03386420019819],[139.68675716194056,36.033739802235054]],[[139.687725,36.033135],[139.68790169402837,36.0323089111807],[139.687947,36.032374],[139.687725,36.033135]],[[139.68821349574844,36.030851160077376],[139.688424,36.029867],[139.6884,36.030714],[139.68821349574844,36.030851160077376]],[[139.689446,36.02898],[139.689201,36.029456],[139.6887995362919,36.02949978095485],[139.689446,36.02898]],[[139.695172,36.027777],[139.690706,36.028671],[139.689914,36.02841],[139.695172,36.027777]],[[139.69538536966942,36.02777739533819],[139.695315,36.027784],[139.695172,36.027777],[139.69538536966942,36.02777739533819]],[[139.698458,36.027864],[139.69715568747208,36.02778067543999],[139.69895,36.027784],[139.698458,36.027864]],[[139.70045623102953,36.02728488106069],[139.704599,36.025791],[139.7043814,36.0259842],[139.7034232,36.0264692],[139.7025218,36.0271203],[139.70045623102953,36.02728488106069]],[[139.7062526,36.0231198],[139.70601434072276,36.02310086244628],[139.7063692275753,36.02289493290862],[139.7062526,36.0231198]],[[139.7079165,36.02199709999998],[139.7079165,36.0219971],[139.70791649999998,36.0219971],[139.7079165,36.02199709999998]],[[139.70969659999997,36.0194208],[139.7096966,36.0194208],[139.70969659999975,36.019420800000326],[139.70969659999997,36.0194208]],[[139.7085244,36.0158077],[139.708244,36.015789],[139.70814768881746,36.01576105545985],[139.7085244,36.0158077]],[[139.704916,36.013335],[139.703798,36.014499],[139.705384,36.011958],[139.704916,36.013335]],[[139.707551,36.011291],[139.708211,36.009827],[139.709064,36.01038],[139.707551,36.011291]],[[139.7098741227785,36.00804433809994],[139.708591,36.009471],[139.708211,36.009827],[139.7098741227785,36.00804433809994]],[[139.711003,36.006345],[139.710604,36.007262],[139.71101318751866,36.00612278474917],[139.711003,36.006345]],[[139.7133834391552,36.00498621092721],[139.7140369,36.0047955],[139.7137982,36.0048787],[139.7133834391552,36.00498621092721]],[[139.68383685062645,36.042136607623455],[139.684423,36.04232],[139.687533,36.043617],[139.68383685062645,36.042136607623455]],[[139.687533,36.043617],[139.688117,36.04333],[139.688977,36.045207],[139.687533,36.043617]],[[139.688977,36.045207],[139.688794,36.045451],[139.68783076831218,36.04617465888816],[139.688977,36.045207]],[[139.6872062687247,36.04670186694121],[139.686751,36.047094],[139.68671939371694,36.0471128911117],[139.6872062687247,36.04670186694121]],[[139.686865,36.048252],[139.6867305456107,36.047866432265906],[139.686839,36.048113],[139.686865,36.048252]],[[139.68462321632194,36.05767579129213],[139.684612,36.057677],[139.68461560883748,36.05766190310988],[139.68462321632194,36.05767579129213]],[[139.6853046,36.0575915],[139.68654716079715,36.057468460684994],[139.68488834984086,36.05764721962898],[139.6853046,36.0575915]],[[139.78370432179517,36.22662357561286],[139.785003,36.226686],[139.783796,36.226647],[139.78370432179517,36.22662357561286]],[[139.7830271102919,36.22659102365896],[139.782607,36.226829],[139.7816468728347,36.226524678911616],[139.7830271102919,36.22659102365896]],[[139.780863,36.226487],[139.78140270582648,36.22651294238151],[139.781104,36.226538],[139.780863,36.226487]],[[139.780863,36.226487],[139.778262,36.225208],[139.777591,36.224829],[139.780863,36.226487]],[[139.777591,36.224829],[139.775479,36.224273],[139.77516918147623,36.22405749968654],[139.777591,36.224829]],[[139.773269,36.22369],[139.77192068983385,36.22302265240307],[139.7739657219035,36.22367412272064],[139.773269,36.22369]],[[139.768008,36.221779],[139.76779433035898,36.22170814943885],[139.7680772933624,36.221798290811414],[139.768008,36.221779]],[[139.760829,36.219491],[139.760034,36.219236],[139.76085075563654,36.21949618763315],[139.760829,36.219491]],[[139.75679181898866,36.21700667758723],[139.758192,36.218292],[139.75747,36.217666],[139.75679181898866,36.21700667758723]],[[139.75400110338492,36.21455470783639],[139.753141,36.214067],[139.75240126441113,36.2135868065727],[139.75400110338492,36.21455470783639]],[[139.748271,36.211088],[139.74859705439087,36.211285262638384],[139.748571,36.211271],[139.748271,36.211088]],[[139.748271,36.211088],[139.746748,36.210861],[139.74528287392445,36.20983413704092],[139.748271,36.211088]],[[139.742134,36.208541],[139.741827,36.208384],[139.74235890539185,36.20860719555859],[139.742134,36.208541]],[[139.731225,36.203543],[139.72932000307955,36.20246718932848],[139.7340644568771,36.20475223133283],[139.731225,36.203543]],[[139.72834294720548,36.2019966159373],[139.7280312,36.2018656],[139.72748,36.201581],[139.72834294720548,36.2019966159373]],[[139.726941,36.203625],[139.72693560757617,36.20363805534191],[139.7269550409957,36.20356462371852],[139.726941,36.203625]],[[139.726974,36.204412],[139.72722638435124,36.205064823960186],[139.72695827010944,36.20439095595719],[139.726974,36.204412]],[[139.7253777173017,36.20637267029522],[139.727536,36.205843],[139.72625,36.2062],[139.7253777173017,36.20637267029522]],[[139.720124,36.207662],[139.7207757,36.20763],[139.7201250481823,36.20772932272712],[139.720124,36.207662]],[[139.7201283018217,36.20793829770515],[139.7203578,36.2083786],[139.72014306251833,36.20888634876492],[139.7201283018217,36.20793829770515]],[[139.720048,36.211348],[139.71877493927812,36.211431116724754],[139.720181,36.211323],[139.720048,36.211348]],[[139.716521,36.211014],[139.716023,36.20987],[139.717593,36.211522],[139.716521,36.211014]],[[139.7148233153484,36.20999425597917],[139.714417,36.210085],[139.71430877954288,36.210047548442525],[139.7148233153484,36.20999425597917]],[[139.710503,36.209828],[139.71163,36.210325],[139.710884,36.21035],[139.710503,36.209828]],[[139.707488,36.210836],[139.70790938695836,36.21069511839004],[139.707828,36.210737],[139.707488,36.210836]],[[139.707488,36.210836],[139.706526,36.209038],[139.70792711841733,36.20876157974085],[139.707488,36.210836]],[[139.70809825681602,36.207953112258345],[139.708079,36.207691],[139.70821525612746,36.20740040088849],[139.70809825681602,36.207953112258345]],[[139.708336,36.20683],[139.70719,36.204619],[139.706467,36.201857],[139.708336,36.20683]],[[139.70608042020035,36.202065500071804],[139.704189,36.203494],[139.702464,36.204016],[139.70608042020035,36.202065500071804]],[[139.702464,36.204016],[139.702107,36.203992],[139.70197978150688,36.20386478150686],[139.702464,36.204016]],[[139.698452,36.204287],[139.698625,36.205239],[139.698617,36.206473],[139.698452,36.204287]],[[139.698617,36.206473],[139.697613,36.20649],[139.69677973315495,36.205991995484496],[139.698617,36.206473]],[[139.933368,35.125886],[139.934854,35.123756],[139.936283,35.121848],[139.933368,35.125886]],[[139.936283,35.121848],[139.936386,35.121823],[139.93649909052203,35.12183572321934],[139.936283,35.121848]],[[139.93695202660192,35.121809990499315],[139.938266,35.121679],[139.938536,35.12172],[139.93695202660192,35.121809990499315]],[[139.94029094637736,35.12237529057845],[139.940851,35.122509],[139.9411343247444,35.1226902049856],[139.94029094637736,35.12237529057845]],[[139.941711,35.122671],[139.94205463158474,35.12266433678368],[139.941498,35.122826],[139.941711,35.122671]],[[139.942285,35.122577],[139.9423416633253,35.12258097379164],[139.94211188789706,35.12264770776036],[139.942285,35.122577]],[[139.942982,35.122395],[139.945936,35.12321],[139.947882,35.123991],[139.942982,35.122395]],[[139.949546,35.123385],[139.950777,35.120525],[139.951574,35.119439],[139.949546,35.123385]],[[139.951574,35.119439],[139.952787,35.118739],[139.95497,35.118481],[139.951574,35.119439]],[[139.958242,35.115662],[139.958294,35.113309],[139.958818,35.112435],[139.958242,35.115662]],[[139.963304,35.11166],[139.963837,35.111721],[139.96493889680005,35.112391696827146],[139.963304,35.11166]],[[139.96849,35.111695],[139.969866,35.112401],[139.96755688971356,35.1125254462269],[139.96849,35.111695]],[[139.971926,35.111667],[139.973486,35.109709],[139.974854,35.109029],[139.971926,35.111667]],[[139.974854,35.109029],[139.975305,35.108928],[139.97547035232998,35.10891841435768],[139.974854,35.109029]],[[139.979884,35.107282],[139.982411,35.105526],[139.978644,35.108349],[139.979884,35.107282]],[[139.982411,35.105526],[139.984638,35.105481],[139.984594,35.106277],[139.982411,35.105526]],[[139.983591,35.113208],[139.983558,35.114076],[139.9835004913411,35.11419372157616],[139.983591,35.113208]],[[139.985489,35.115985],[139.986358,35.116229],[139.983371,35.115604],[139.985489,35.115985]],[[139.98969117379568,35.115410382952355],[139.990159,35.115225],[139.99044600000002,35.115225000000024],[139.98969117379568,35.115410382952355]],[[139.99310818683102,35.115316508718884],[139.995796,35.115292],[139.996759,35.115442],[139.99310818683102,35.115316508718884]],[[139.998013,35.114107],[139.997641,35.113373],[139.99755080632275,35.11298250379211],[139.998013,35.114107]],[[139.99599248782556,35.11067723253135],[139.997133,35.111966],[139.996057,35.111098],[139.99599248782556,35.11067723253135]],[[139.994716,35.10977],[139.994102,35.108541],[139.99547791722998,35.11009577285142],[139.994716,35.10977]],[[139.994214,35.105822],[139.99464126717237,35.104691031846336],[139.99444541834595,35.10608924739393],[139.994214,35.105822]],[[139.994777,35.103722],[139.9947154581032,35.1041613635565],[139.994682,35.103786],[139.994777,35.103722]],[[139.994777,35.103722],[139.996378,35.103037],[139.99725753207406,35.10289702847877],[139.994777,35.103722]],[[139.99800699456637,35.10259233016892],[139.999376,35.101572],[139.999689,35.101362],[139.99800699456637,35.10259233016892]],[[139.99951880295853,35.10108073144018],[139.998537,35.099773],[139.99848,35.099364],[139.99951880295853,35.10108073144018]],[[139.99833272835858,35.09720456647101],[139.998859,35.097657],[139.998395,35.097466],[139.99833272835858,35.09720456647101]],[[139.996759,35.096352],[139.996229,35.095396],[139.99788090204518,35.09681613327914],[139.996759,35.096352]],[[139.997226,35.093575],[139.996252,35.093242],[139.996759,35.093157],[139.997226,35.093575]],[[139.997715,35.09348],[140.000163,35.093465],[139.99728492810928,35.09357279295471],[139.997715,35.09348]],[[140.000163,35.093465],[140.000461,35.093684],[140.000605755957,35.09394119430499],[140.000163,35.093465]],[[140.001262,35.094647],[140.006202,35.095589],[140.00657968502782,35.09595826349856],[140.001262,35.094647]],[[140.00871,35.095909],[140.0093242426388,35.095548518362946],[140.00848946404201,35.09606639495757],[140.00871,35.095909]],[[140.0099257864053,35.095175335056034],[140.012947,35.092662],[140.014667,35.092234],[140.0099257864053,35.095175335056034]],[[140.01485065715215,35.09203238728509],[140.015913,35.090779],[140.016682,35.090022],[140.01485065715215,35.09203238728509]],[[140.0194917806262,35.08891022779088],[140.01872132997758,35.08921507921296],[140.018852,35.089092],[140.0194917806262,35.08891022779088]],[[140.02007698832185,35.08782372106058],[140.019938,35.08724],[140.01996983782604,35.08712140409808],[140.02007698832185,35.08782372106058]],[[140.0198760494996,35.08650666935497],[140.019356,35.084966],[140.019365,35.083157],[140.0198760494996,35.08650666935497]],[[140.019365,35.083157],[140.020056,35.082142],[140.0211044587336,35.081889116356336],[140.019365,35.083157]],[[140.021643,35.081413],[140.022054,35.081197],[140.0212294586571,35.08179800447456],[140.021643,35.081413]],[[140.022054,35.081197],[140.022947,35.081269],[140.02298731009313,35.08127399077343],[140.022054,35.081197]],[[140.0237426245069,35.0813362982973],[140.024787,35.081391],[140.024927,35.081434],[140.0237426245069,35.0813362982973]],[[140.026189,35.077096],[140.02579790357274,35.07844035523088],[140.025734,35.077796],[140.026189,35.077096]],[[140.026189,35.077096],[140.026303,35.077032],[140.02643228875223,35.077029135124725],[140.026189,35.077096]],[[140.0280393821156,35.07572609168188],[140.02757356262745,35.0763729225472],[140.027713,35.07608],[140.0280393821156,35.07572609168188]],[[140.0289753483281,35.074426421207455],[140.02864775841894,35.07488130828237],[140.0288,35.074579],[140.0289753483281,35.074426421207455]],[[140.029561,35.072675],[140.02977991176837,35.07133746454641],[140.029474,35.073734],[140.029561,35.072675]],[[140.02996481638272,35.06988890810097],[140.029921,35.069576],[140.0300293625054,35.06938324899485],[140.02996481638272,35.06988890810097]],[[140.030149,35.068446],[140.029843,35.066167],[140.029956,35.065424],[140.030149,35.068446]],[[140.029956,35.065424],[140.030078,35.065233],[140.03021863468132,35.06506865045085],[140.029956,35.065424]],[[140.030999,35.063854],[140.0313151084677,35.06358510127269],[140.0308910339988,35.064158881820504],[140.030999,35.063854]],[[140.03148,35.063362],[140.032908,35.063593],[140.0334114507827,35.064266901565404],[140.03148,35.063362]],[[140.035159,35.061222],[140.03485965204334,35.06023307457261],[140.035895,35.061777],[140.035159,35.061222]],[[140.034643,35.05991],[140.032427,35.059304],[140.032191,35.058664],[140.034643,35.05991]],[[140.032374,35.055982],[140.03235522556056,35.05625715325984],[140.032322,35.056075],[140.032374,35.055982]],[[140.032374,35.055982],[140.032759,35.055874],[140.032796897078,35.05587214489828],[140.032374,35.055982]],[[140.0336016396422,35.05566309858217],[140.03579,35.054872],[140.03610107587912,35.05501382518603],[140.0336016396422,35.05566309858217]],[[140.03709520901845,35.053681263883426],[140.0372947,35.0529044],[140.03761822393787,35.05241759356693],[140.03709520901845,35.053681263883426]],[[139.83373808394424,35.0327013759652],[139.833483,35.032654],[139.8331428529743,35.03235482545902],[139.83373808394424,35.0327013759652]],[[139.8341701000973,35.032952900875856],[139.834847,35.033347],[139.834487,35.03334],[139.8341701000973,35.032952900875856]],[[139.841352,35.032224],[139.84013499529254,35.03224124052903],[139.84217106186662,35.032038879172276],[139.841352,35.032224]],[[139.843788,35.032057],[139.84225453298154,35.03203058311345],[139.844484,35.031809],[139.843788,35.032057]],[[139.846895,35.033297],[139.84679700788178,35.03321162701057],[139.847012,35.033342],[139.846895,35.033297]],[[139.8489172612583,35.032964447019864],[139.848128,35.033246],[139.847012,35.033342],[139.8489172612583,35.032964447019864]],[[139.850553,35.03275],[139.84964761094992,35.03281971846812],[139.85072879788422,35.03260546682816],[139.850553,35.03275]],[[139.85245975770505,35.03226245400721],[139.8525140748866,35.0322516903318],[139.8525161,35.032262],[139.85245975770505,35.03226245400721]],[[139.85278942768105,35.03219712549578],[139.852725,35.032233],[139.8526682602548,35.03222113644056],[139.85278942768105,35.03219712549578]],[[139.85573500816326,35.032944308948196],[139.853991,35.032451],[139.853219,35.032112],[139.85573500816326,35.032944308948196]],[[139.85747572266544,35.03401855606224],[139.856628,35.033511],[139.855988,35.033028],[139.85747572266544,35.03401855606224]],[[139.859139,35.035126],[139.857963,35.034573],[139.85766977278863,35.03414775858793],[139.859139,35.035126]],[[139.86082,35.034407],[139.860028,35.034897],[139.859139,35.035126],[139.86082,35.034407]],[[139.862182,35.038215],[139.862072,35.038074],[139.8620851082443,35.037944101464234],[139.862182,35.038215]],[[139.86398228469923,35.03819828232432],[139.863299,35.038611],[139.862182,35.038215],[139.86398228469923,35.03819828232432]],[[139.8681531685441,35.039661004578264],[139.8666933,35.039297],[139.8664137049607,35.03864288040354],[139.8681531685441,35.039661004578264]],[[139.87124417335056,35.04258445053448],[139.869533,35.041334],[139.869508,35.040454],[139.87124417335056,35.04258445053448]],[[139.871031,35.044519],[139.87149862362676,35.043904524896575],[139.871436,35.044856],[139.871031,35.044519]],[[139.87517155531341,35.04654405119572],[139.874793,35.046622],[139.874635,35.046594],[139.87517155531341,35.04654405119572]],[[139.878041,35.048188],[139.87717950992376,35.04698443681119],[139.8784357768366,35.04843263778295],[139.878041,35.048188]],[[139.88037399782314,35.050666982640315],[139.880073,35.050452],[139.87977040824526,35.049971175878014],[139.88037399782314,35.050666982640315]],[[139.87901543533485,35.05336762355658],[139.878718,35.053092],[139.878684,35.052985],[139.87901543533485,35.05336762355658]],[[139.87940931478073,35.05382233534672],[139.879273,35.053724],[139.87926188244748,35.053652132964054],[139.87940931478073,35.05382233534672]],[[139.88092783249257,35.055575379112746],[139.880533,35.055375],[139.88045613496408,35.05503083069865],[139.88092783249257,35.055575379112746]],[[139.881643,35.056401],[139.881287,35.05613],[139.88124296509443,35.0559391820759],[139.881643,35.056401]],[[139.883383,35.05635],[139.88304,35.056417],[139.881958,35.056429],[139.881855,35.056401],[139.881643,35.056401],[139.883383,35.05635]],[[139.88422809538633,35.05504594622139],[139.884006,35.055578],[139.883383,35.05635],[139.88422809538633,35.05504594622139]],[[139.8842270377698,35.05387234454176],[139.884627,35.054019],[139.884764,35.054219],[139.8842270377698,35.05387234454176]],[[139.88261599295163,35.051274135912365],[139.883438,35.05241],[139.883246,35.053239],[139.88261599295163,35.051274135912365]],[[139.883266,35.048511],[139.883592,35.050399],[139.88265469802494,35.050879460499004],[139.883266,35.048511]],[[139.88204998507464,35.047687],[139.882849,35.048048],[139.883266,35.048511],[139.88204998507464,35.047687]],[[139.88073655116614,35.044813213231826],[139.88165,35.045805],[139.8815034996793,35.046938756253994],[139.88073655116614,35.044813213231826]],[[139.881931,35.041685],[139.881862,35.04323],[139.88100475047972,35.043978354558],[139.881931,35.041685]],[[139.883465,35.040778],[139.882899,35.041151],[139.8826876540614,35.041237617187946],[139.883465,35.040778]],[[139.88344411604157,35.04069585065319],[139.883465,35.040716],[139.883465,35.040778],[139.88344411604157,35.04069585065319]],[[139.884363,35.03375],[139.883814,35.03548],[139.88226,35.036038],[139.884363,35.03375]],[[139.88425185218452,35.03347318150448],[139.884363,35.033632],[139.884363,35.03375],[139.88425185218452,35.03347318150448]],[[139.88377153007323,35.032276918279294],[139.883974,35.032439],[139.88400595147718,35.03286075503829],[139.88377153007323,35.032276918279294]],[[139.883753,35.03079862419562],[139.883648,35.031352],[139.883517,35.031643],[139.883753,35.03079862419562]],[[139.883993,35.030056],[139.8838724123638,35.03037138304857],[139.88403315822472,35.02979625628738],[139.883993,35.030056]],[[139.8842461394426,35.0290342385451],[139.884294,35.028863],[139.884274,35.028982],[139.8842461394426,35.0290342385451]],[[139.884294,35.028863],[139.884253,35.028801],[139.884301,35.028869],[139.884294,35.028863]],[[139.883315,35.027421],[139.88343298593367,35.02762020047568],[139.883216,35.027307],[139.883315,35.027421]],[[139.884103,35.026688],[139.8832771763619,35.027120351439805],[139.88358591023362,35.02617840702098],[139.884103,35.026688]],[[139.884007,35.025313],[139.8837953648806,35.02553936267307],[139.883922,35.025153],[139.884007,35.025313]],[[139.882006,35.023244],[139.88259249206348,35.02406212169312],[139.881465,35.023137],[139.882006,35.023244]],[[139.8820701822561,35.02228616001051],[139.88230461529537,35.02229987962873],[139.882089,35.022292],[139.8820701822561,35.02228616001051]],[[139.882733,35.022342],[139.882407615972,35.02230590749053],[139.8827968649476,35.02232868733144],[139.882733,35.022342]],[[139.8841125745627,35.022405686007346],[139.884048,35.022416],[139.88379905267107,35.02238733790816],[139.8841125745627,35.022405686007346]],[[139.890247,35.023836],[139.88793045995274,35.02266257143846],[139.89050260672875,35.02379693520127],[139.890247,35.023836]],[[139.89177696872284,35.02167693943435],[139.8907681,35.0237703],[139.8906709144522,35.023780007481605],[139.89177696872284,35.02167693943435]],[[139.8926089,35.0212409],[139.8922148,35.0194273],[139.8926377,35.0195644],[139.8929857,35.019791],[139.8931727,35.0199289],[139.8926089,35.0212409]],[[139.886453,35.013461],[139.8866278,35.0134427],[139.88595090668483,35.01888257586249],[139.886453,35.013461]],[[139.8860606,35.0091442],[139.88554237827404,35.009403057787814],[139.88493379792703,35.007660844895966],[139.8860606,35.0091442]],[[139.8843079,35.0056889],[139.88417745600316,35.00560106114415],[139.88447056829685,35.005672317906665],[139.8843079,35.0056889]],[[139.892124,35.008557],[139.88975834218985,35.0079319088202],[139.892419,35.008557],[139.892124,35.008557]],[[139.89431560755435,35.00865906426011],[139.893515,35.008721],[139.892419,35.008557],[139.89431560755435,35.00865906426011]],[[139.897289,35.008918],[139.89653479468308,35.00877848785505],[139.898784,35.008931],[139.897289,35.008918]],[[139.90225244238025,35.0093682409679],[139.90240347629475,35.00943641739537],[139.9022892,35.0094458],[139.90225244238025,35.0093682409679]],[[139.90322506861904,35.00980728263895],[139.90338637743085,35.00988009713589],[139.9033351,35.0098809],[139.90322506861904,35.00980728263895]],[[139.90427744486672,35.01139139217296],[139.904276,35.011353],[139.90432759400957,35.01120769368238],[139.90427744486672,35.01139139217296]],[[139.9038477684391,35.0129653156089],[139.903989,35.012254],[139.90411396538806,35.01199022461114],[139.9038477684391,35.0129653156089]],[[139.903811,35.0131],[139.90388685006712,35.013480156910184],[139.903852,35.013387],[139.903811,35.0131]],[[139.90463702740246,35.017240009849736],[139.904084,35.015935],[139.904221,35.01515490039844],[139.90463702740246,35.017240009849736]],[[139.907576,35.018141],[139.904815,35.018132],[139.907609,35.018119],[139.907576,35.018141]],[[139.90931202006053,35.018053331649575],[139.91078901204196,35.01802749397903],[139.910558,35.018082],[139.90931202006053,35.018053331649575]],[[139.913777,35.017766],[139.912818,35.017992],[139.91408122894006,35.0174148660198],[139.913777,35.017766]],[[139.91602776649827,35.01729439383143],[139.915675,35.017276],[139.91525774829577,35.01710787414788],[139.91602776649827,35.01729439383143]],[[139.917326,35.017834],[139.9169497647038,35.01751772727078],[139.91796840554315,35.01776447022619],[139.917326,35.017834]],[[139.92321351231953,35.01931366443298],[139.920737,35.018026],[139.92044850307073,35.0176161294334],[139.92321351231953,35.01931366443298]],[[139.92709094758138,35.021694156313224],[139.924893,35.020537],[139.92406457023276,35.01983615837943],[139.92709094758138,35.021694156313224]],[[139.92729248703034,35.02275796375896],[139.927344,35.023467],[139.927204,35.023036],[139.92729248703034,35.02275796375896]],[[139.930382,35.024321],[139.929153,35.025331],[139.927344,35.023467],[139.930382,35.024321]],[[139.93269564438035,35.02567462918034],[139.931079,35.024749],[139.93054883775324,35.02441861070157],[139.93269564438035,35.02567462918034]],[[139.933368,35.026068],[139.933211,35.025995],[139.9329901492263,35.025846933254634],[139.933368,35.026068]],[[139.933368,35.026068],[139.933944,35.025572],[139.933586,35.026037],[139.933485,35.026069],[139.933368,35.026068]],[[139.936656,35.023605],[139.93567,35.024045],[139.93466882352942,35.024011],[139.936656,35.023605]],[[139.93647756140973,35.02216994195277],[139.93678,35.022957],[139.936656,35.023605],[139.93647756140973,35.02216994195277]],[[139.93593475717935,35.02083586069415],[139.93628,35.021289],[139.936396,35.021514],[139.93593475717935,35.02083586069415]],[[139.93338432421493,35.0170861029469],[139.93517,35.019237],[139.9352513562648,35.01983109487223],[139.93338432421493,35.0170861029469]],[[139.934588,35.015433],[139.93378348988796,35.01584603342996],[139.93468392169464,35.01456074949423],[139.934588,35.015433]],[[139.935848,35.013506],[139.9350613328503,35.01402202963567],[139.93580906091344,35.0129547163081],[139.935848,35.013506]],[[139.93685159143664,35.011466599469],[139.936616,35.011871],[139.9364621723203,35.012022459591655],[139.93685159143664,35.011466599469]],[[139.938171,35.007441],[139.938616,35.008428],[139.93760015732823,35.00707241739213],[139.938171,35.007441]],[[139.938781,35.005773],[139.937112,35.006421],[139.93891635702974,35.00563684483852],[139.938781,35.005773]],[[139.940288,35.005125],[139.93937211761997,35.005438775934564],[139.94056083997384,35.004922169324004],[139.940288,35.005125]],[[139.9410791397812,35.00469692151415],[139.941171,35.004657],[139.941103,35.004691],[139.9410791397812,35.00469692151415]],[[139.9409090531995,35.002931650045134],[139.942446,35.003333],[139.941171,35.004657],[139.9409090531995,35.002931650045134]],[[139.940617,35.001008],[139.940889,35.002091],[139.9408105606633,35.00228291491046],[139.940617,35.001008]],[[139.9393481082461,34.99974071173189],[139.939781,34.999886],[139.94008813005775,35.0004797983854],[139.9393481082461,34.99974071173189]],[[139.9384068447133,34.99880063766438],[139.938243,34.998637],[139.938404,34.998794],[139.9384068447133,34.99880063766438]],[[139.935798,34.996198],[139.935899,34.997282],[139.934981,34.995028],[139.935798,34.996198]],[[139.932559,34.994011],[139.93393738994374,34.99459635366038],[139.932174,34.993867],[139.932559,34.994011]],[[139.931179,34.992453],[139.931782,34.992908],[139.931872,34.99343782613065],[139.931179,34.992453]],[[139.93101632812335,34.99124053471689],[139.931119,34.991774],[139.93110876832066,34.991929532301086],[139.93101632812335,34.99124053471689]],[[139.931057,34.989992],[139.93096207254607,34.99083614395663],[139.930685,34.988771],[139.931057,34.989992]],[[139.93008199752924,34.987981052707326],[139.930524,34.98849],[139.930685,34.988771],[139.93008199752924,34.987981052707326]],[[139.929719,34.98538],[139.92978083788918,34.98741388454174],[139.929106,34.984006],[139.929719,34.98538]],[[139.92645493999888,34.98358477602204],[139.927575,34.98335],[139.929106,34.984006],[139.92645493999888,34.98358477602204]],[[139.924606,34.983291],[139.924961,34.983225],[139.92591426612896,34.9834988689516],[139.924606,34.983291]],[[139.92156166014496,34.982147364102886],[139.92336,34.982562],[139.92431709954096,34.983182471730686],[139.92156166014496,34.982147364102886]],[[139.920038,34.981006],[139.921385,34.982081],[139.91924,34.980549],[139.920038,34.981006]],[[139.91814521522187,34.980422510922054],[139.918728,34.980442],[139.91924,34.980549],[139.91814521522187,34.980422510922054]],[[139.911682,34.979472],[139.91416275097407,34.979962385570715],[139.910204,34.979505],[139.911682,34.979472]],[[139.910111,34.97704],[139.910123,34.977135],[139.91011505218134,34.97714740459128],[139.910111,34.97704]],[[139.907928,34.974719],[139.909116,34.975692],[139.910111,34.97704],[139.907928,34.974719]],[[139.90709902156894,34.97053805552586],[139.907354,34.970826],[139.907535,34.971314],[139.90709902156894,34.97053805552586]],[[139.905945,34.968037],[139.90659009498285,34.96963227958813],[139.905201,34.96716],[139.905945,34.968037]],[[139.9047001428572,34.96688260219783],[139.90497,34.967003],[139.905201,34.96716],[139.9047001428572,34.96688260219783]],[[139.90394995043883,34.96548192565826],[139.904096,34.965844],[139.904096,34.966548],[139.90394995043883,34.96548192565826]],[[139.90328,34.958698],[139.9032575208109,34.96042760400286],[139.902927,34.958015],[139.90328,34.958698]],[[139.903841,34.955611],[139.90310744562564,34.95749174643562],[139.904324,34.953964],[139.903841,34.955611]],[[139.907948,34.955172],[139.90746,34.955164],[139.90723683783784,34.95493494594594],[139.907948,34.955172]],[[139.90815036057407,34.953913349780656],[139.908049,34.954908],[139.907948,34.955172],[139.90815036057407,34.953913349780656]],[[139.907486,34.950432],[139.90828,34.952497],[139.90831968107048,34.952848177473726],[139.907486,34.950432]],[[139.909495,34.946919],[139.908037,34.948275],[139.909865,34.9462],[139.909495,34.946919]],[[139.912568,34.944937],[139.911326,34.94603],[139.909865,34.9462],[139.912568,34.944937]],[[139.913804,34.945028],[139.91346781051317,34.94494905394243],[139.91422147169556,34.944959150055304],[139.913804,34.945028]],[[139.91568054090078,34.94497869587738],[139.918092,34.945011],[139.91636,34.945381],[139.91568054090078,34.94497869587738]],[[139.92279347070604,34.94263029059437],[139.925048,34.942855],[139.924184,34.942946],[139.92279347070604,34.94263029059437]],[[139.926869,34.940658],[139.92670499355359,34.94074626537829],[139.92686,34.940549],[139.926869,34.940658]],[[139.925401,34.938196],[139.926468,34.939666],[139.92686,34.940549],[139.925401,34.938196]],[[139.9246012401447,34.935408289847175],[139.924818,34.935518],[139.925401,34.936718],[139.9246012401447,34.935408289847175]],[[139.922549024629,34.932197667802285],[139.922787,34.932427],[139.922887,34.932601],[139.922549024629,34.932197667802285]],[[139.91991638921,34.92957339691714],[139.920281,34.929675],[139.920622,34.929898],[139.91991638921,34.92957339691714]],[[139.914878,34.927055],[139.91522,34.92679],[139.91540912227075,34.927055],[139.914878,34.927055]],[[139.91439280344562,34.927904370277986],[139.91429718322115,34.928071760124226],[139.914332,34.927947],[139.91439280344562,34.927904370277986]],[[139.913237,34.928253],[139.914,34.928592],[139.9129109849447,34.9285493463491],[139.913237,34.928253]],[[139.91084673709065,34.92846849557766],[139.911564,34.928104],[139.91243196892515,34.92853058464147],[139.91084673709065,34.92846849557766]],[[139.907961,34.92835546938776],[139.908966,34.92827],[139.90975735387758,34.92842582750706],[139.907961,34.92835546938776]],[[139.906408,34.928278],[139.9068836691751,34.92831327337524],[139.90637713247943,34.928293433760274],[139.906408,34.928278]],[[139.905785,34.928196],[139.90595434067097,34.928276874196555],[139.90545786291554,34.928257428561935],[139.905785,34.928196]],[[139.903936,34.928303],[139.904298,34.928212],[139.90384959788358,34.92835612925171],[139.903936,34.928303]],[[139.901045,34.926351],[139.901709,34.926525],[139.90077691370195,34.92671329124833],[139.901045,34.926351]],[[139.8956277177966,34.925429451079395],[139.896587,34.924087],[139.897833,34.925469],[139.8956277177966,34.925429451079395]],[[139.892703,34.925377],[139.893949,34.924873],[139.89527179690853,34.925423068092705],[139.892703,34.925377]],[[139.8935666039131,34.92649995605193],[139.892964,34.926329],[139.892703,34.925377],[139.8935666039131,34.92649995605193]],[[139.894934,34.928278],[139.892431,34.926896],[139.89371060214117,34.926687198929415],[139.894934,34.928278]],[[139.8957140152653,34.933047015265316],[139.895268,34.932898],[139.89560450686523,34.93237748063579],[139.8957140152653,34.933047015265316]],[[139.891053,34.930911],[139.892925,34.933729],[139.893468,34.935044],[139.891053,34.930911]],[[139.88975894997915,34.930482124640044],[139.889932,34.930497],[139.891053,34.930911],[139.88975894997915,34.930482124640044]],[[139.888377,34.928817],[139.888787,34.93016],[139.88775284018772,34.92863626721656],[139.888377,34.928817]],[[139.886738,34.927141],[139.8865157708962,34.92698496181604],[139.886558,34.926992],[139.886738,34.927141]],[[139.884514,34.925411],[139.88562502950575,34.926359527673625],[139.88429056101342,34.9254225305092],[139.884514,34.925411]],[[139.88028046961122,34.92432360190426],[139.880922,34.924018],[139.881994,34.92381],[139.88028046961122,34.92432360190426]],[[139.87418,34.922177],[139.877241,34.9236],[139.87792829512665,34.924408590253286],[139.87418,34.922177]],[[139.870376,34.92199],[139.871663,34.923283],[139.868968,34.922312],[139.870376,34.92199]],[[139.868579,34.921633],[139.86874202599813,34.92216439708182],[139.86773851685294,34.92150891956214],[139.868579,34.921633]],[[139.865244,34.920384],[139.866174,34.920487],[139.8648856210144,34.921055088086895],[139.865244,34.920384]],[[139.86283203105668,34.92245296810857],[139.863414,34.921791],[139.863643,34.921603],[139.86283203105668,34.92245296810857]],[[139.86104472673267,34.92325595115512],[139.861329,34.923221],[139.86162129264633,34.92322288644322],[139.86104472673267,34.92325595115512]],[[139.856972,34.921949],[139.8588703066051,34.92338064908358],[139.856504,34.921751],[139.856972,34.921949]],[[139.856122,34.918743],[139.856598,34.919642],[139.85540201239186,34.918539274276036],[139.856122,34.918743]],[[139.85428,34.917087],[139.85526651746648,34.918414345105624],[139.85340778353404,34.91670055333439],[139.85428,34.917087]],[[139.852725,34.914718],[139.85306,34.915706],[139.853174,34.916485],[139.852725,34.914718]],[[139.85008929247022,34.91478835872051],[139.850855,34.914354],[139.852725,34.914718],[139.85008929247022,34.91478835872051]],[[139.84673,34.914284],[139.84719177660736,34.91475714490776],[139.84609603379906,34.91431289095659],[139.84673,34.914284]],[[139.843948,34.913442],[139.844541,34.913605],[139.84483812141073,34.913802887564806],[139.843948,34.913442]],[[139.842814,34.912513],[139.84380720191336,34.91332942093916],[139.842052,34.911926],[139.842814,34.912513]],[[139.84018266831708,34.91185275670376],[139.841118,34.91166],[139.842052,34.911926],[139.84018266831708,34.91185275670376]],[[139.84005679562023,34.911847824817514],[139.839755,34.911836],[139.839893,34.911841],[139.84005679562023,34.911847824817514]],[[139.833491,34.910667],[139.835326,34.910895],[139.839755,34.911836],[139.833491,34.910667]],[[139.828847,34.912621],[139.8317463,34.9111927],[139.833491,34.910667],[139.828847,34.912621]],[[139.825681,34.91153],[139.82601137844028,34.911743091898906],[139.82431574626824,34.91121812437804],[139.825681,34.91153]],[[140.258997,35.739736],[140.25937226514472,35.739863444834604],[140.258918,35.739711],[140.258997,35.739736]],[[140.262873,35.741161],[140.264518,35.742821],[140.262026,35.740754],[140.262873,35.741161]],[[140.264518,35.742821],[140.265537,35.745656],[140.265521,35.747281],[140.264518,35.742821]],[[140.265521,35.747281],[140.263814,35.75324],[140.263293,35.754766],[140.265521,35.747281]],[[140.263379,35.754782],[140.2633840670921,35.754782996805005],[140.263293,35.754766],[140.263379,35.754782]],[[140.266225,35.755313],[140.266347,35.755336],[140.26617839070036,35.75530453068082],[140.266225,35.755313]],[[140.266347,35.755336],[140.266396,35.755222],[140.26782255415014,35.75535565533597],[140.266347,35.755336]],[[140.268751,35.75536],[140.26891090848886,35.75537015291993],[140.26814871428596,35.75536],[140.268751,35.75536]],[[140.270032,35.755327],[140.270551,35.755392],[140.26905749859284,35.75537210559496],[140.270032,35.755327]],[[140.270551,35.755392],[140.271994,35.754939],[140.27235876804858,35.754968364774435],[140.270551,35.755392]],[[140.273824,35.754625],[140.275842,35.755759],[140.277514,35.757466],[140.273824,35.754625]],[[140.277514,35.757466],[140.278945,35.757349],[140.279399,35.757431],[140.277514,35.757466]],[[140.279464,35.757341],[140.27955259605577,35.75728926507693],[140.279399,35.757431],[140.279464,35.757341]],[[140.28007721837525,35.75680515561377],[140.280396,35.756402],[140.28107393389203,35.7558854093586],[140.28007721837525,35.75680515561377]],[[140.283504,35.753643],[140.28303470999387,35.754076050071426],[140.283107,35.753926],[140.283504,35.753643]],[[140.28381891284212,35.75175094169448],[140.28362896134252,35.752892207671515],[140.283602,35.752741],[140.28381891284212,35.75175094169448]],[[140.286198,35.751687],[140.28663108606943,35.751776313560484],[140.2859500254202,35.751694343754565],[140.286198,35.751687]],[[140.289711,35.752147],[140.291218,35.751595],[140.28977643128158,35.7526487203066],[140.289711,35.752147]],[[140.2898764194798,35.75341541947981],[140.290914,35.754087],[140.289982,35.754225],[140.2898764194798,35.75341541947981]],[[140.289982,35.754225],[140.289762,35.755422],[140.28934303991028,35.75584948330504],[140.289982,35.754225]],[[140.290527,35.757406],[140.292035,35.757454],[140.29034980005636,35.757459065223756],[140.290527,35.757406]],[[140.294168,35.754752],[140.295941,35.754484],[140.296622,35.754679],[140.294168,35.754752]],[[140.296622,35.754679],[140.297246,35.753601],[140.297778614463,35.753447],[140.296622,35.754679]],[[140.298816,35.752342],[140.298787,35.751611],[140.2988461859346,35.75141424454042],[140.298816,35.752342]],[[140.298858,35.750976],[140.298865,35.750836],[140.29885456337502,35.751156766473635],[140.298858,35.750976]],[[140.299125,35.750259],[140.29925554193548,35.75005344516131],[140.298865,35.750836],[140.299125,35.750259]],[[140.300338,35.747869],[140.300458,35.747644],[140.30029746179773,35.74796568106817],[140.300338,35.747869]],[[140.300458,35.747644],[140.301746,35.747651],[140.30188785456204,35.74770780905446],[140.300458,35.747644]],[[140.323034,35.406926],[140.323308,35.402155],[140.326034,35.402867],[140.323034,35.406926]],[[140.29823480563084,35.713356029412104],[140.296652,35.712584],[140.29634,35.712157],[140.29823480563084,35.713356029412104]],[[140.301526,35.716023],[140.300787,35.715383],[140.300139,35.714561],[140.301526,35.716023]],[[140.30167581366462,35.71588818633538],[140.301648,35.715916],[140.301526,35.716023],[140.30167581366462,35.71588818633538]],[[140.301425,35.716611],[140.303134,35.714576],[140.30132034045587,35.7169368268827],[140.301425,35.716611]],[[140.26040907353413,35.735742306165754],[140.260399,35.735816],[140.25896635153168,35.73958230586032],[140.26040907353413,35.735742306165754]],[[140.261429,35.733186],[140.26119799049104,35.73364249700751],[140.262098,35.731247],[140.261429,35.733186]],[[140.26137061298184,35.73082413678241],[140.261252,35.730443],[140.261488,35.73054],[140.26137061298184,35.73082413678241]],[[140.25937679806083,35.72966504131915],[140.259573,35.729722],[140.25982101107658,35.729923282586114],[140.25937679806083,35.72966504131915]],[[140.25679233905416,35.72925112503602],[140.257864,35.728291],[140.259392,35.728966],[140.25679233905416,35.72925112503602]],[[140.255395,35.729186],[140.255788,35.729174],[140.256139035664,35.72922067687336],[140.255395,35.729186]],[[140.25475749141626,35.72811188619263],[140.254021,35.726871],[140.254762,35.728106],[140.25475749141626,35.72811188619263]],[[140.257125,35.725492],[140.256959,35.725627],[140.25674019974525,35.72566295346369],[140.257125,35.725492]],[[140.25702127039125,35.72483471807155],[140.257211,35.725008],[140.257125,35.725492],[140.25702127039125,35.72483471807155]],[[140.25580852959362,35.72314194652881],[140.256187,35.722513],[140.257621,35.722813],[140.25580852959362,35.72314194652881]],[[140.2539067281816,35.72383071382792],[140.255096,35.723009],[140.25556567335425,35.723229900736335],[140.2539067281816,35.72383071382792]],[[140.252489,35.718852],[140.251316,35.720538],[140.249616,35.72205],[140.252489,35.718852]],[[140.2522360893912,35.71810069891553],[140.252489,35.718589],[140.252489,35.718852],[140.2522360893912,35.71810069891553]],[[140.25247570706455,35.71482549704034],[140.253112,35.714016],[140.252643,35.714686],[140.25247570706455,35.71482549704034]],[[140.257256,35.715355],[140.255399,35.715187],[140.253112,35.714016],[140.257256,35.715355]],[[140.25852248229435,35.71490017723149],[140.259673,35.714487],[140.258747,35.714888],[140.25852248229435,35.71490017723149]],[[140.260627,35.710944],[140.25996622395277,35.71330663527692],[140.260733,35.71022],[140.260627,35.710944]],[[140.26348655803844,35.706793114788944],[140.261405,35.71013],[140.260733,35.71022],[140.26348655803844,35.706793114788944]],[[140.2640637864448,35.70525364564963],[140.26395930035352,35.70370848840538],[140.264222,35.704643],[140.2640637864448,35.70525364564963]],[[140.268915,35.700849],[140.26727,35.699777],[140.269948,35.70139],[140.268915,35.700849]],[[140.275188,35.704376],[140.275549,35.703507],[140.275396,35.704773],[140.275188,35.704376]],[[140.277817,35.707622],[140.27722984844272,35.70667621994248],[140.278251,35.707736],[140.277817,35.707622]],[[140.28127,35.705136],[140.280696,35.70625],[140.2799225877503,35.70629640803222],[140.28127,35.705136]],[[140.282198248368,35.704990009235004],[140.282081,35.705062],[140.28178129025906,35.705055586547495],[140.282198248368,35.704990009235004]],[[140.282562737111,35.704932684070464],[140.282885,35.704882],[140.282721,35.705062],[140.282562737111,35.704932684070464]],[[140.28397233142036,35.70263456384505],[140.283336,35.702928],[140.282927,35.702977],[140.28397233142036,35.70263456384505]],[[140.28643279134792,35.70354933921155],[140.286268,35.703511],[140.28570680380807,35.70317947909985],[140.28643279134792,35.70354933921155]],[[140.28967536698542,35.70520129509464],[140.288661,35.704846],[140.28850504867572,35.70460506714718],[140.28967536698542,35.70520129509464]],[[140.291461,35.706111],[140.290718,35.705747],[140.29055755254126,35.70565073152476],[140.291461,35.706111]],[[140.305364,35.73947],[140.30584597910158,35.73899760940832],[140.30585012833467,35.739770058300245],[140.305364,35.73947]],[[140.3049358532224,35.738531986169434],[140.303501,35.738694],[140.30313391357697,35.73870874665688],[140.3049358532224,35.738531986169434]],[[140.301177,35.739359],[140.30065497670768,35.739274431599945],[140.301592,35.73886],[140.301177,35.739359]],[[140.30029703598706,35.73943274350825],[140.300166,35.739682],[140.299019,35.739998],[140.30029703598706,35.73943274350825]],[[140.299019,35.739998],[140.298554,35.739956],[140.2983602118314,35.739837562929104],[140.299019,35.739998]],[[140.296668,35.739429],[140.296506,35.739386],[140.29667986118707,35.73942834104516],[140.296668,35.739429]],[[140.296506,35.739386],[140.296386,35.739309],[140.2961043940956,35.73904049380289],[140.296506,35.739386]],[[140.294694,35.737835],[140.29463755636363,35.73777855636363],[140.2947280784137,35.73785643352861],[140.294694,35.737835]],[[140.291946,35.735721],[140.2906,35.734305],[140.2931499874256,35.73649878362844],[140.291946,35.735721]],[[140.2906,35.734305],[140.288084,35.730539],[140.288303,35.730145],[140.288932,35.730436],[140.2906,35.734305]],[[140.288932,35.730436],[140.28958,35.72974],[140.289974,35.729367],[140.288932,35.730436]],[[140.292793,35.729746],[140.29285,35.7279],[140.293012,35.726866],[140.292793,35.729746]],[[140.293012,35.726866],[140.293596,35.725089],[140.2938571692614,35.72501831887551],[140.293012,35.726866]],[[140.295181,35.72209],[140.2953167641739,35.72182740068625],[140.29516323125628,35.72216304927976],[140.295181,35.72209]],[[140.296294,35.719691],[140.299494,35.718226],[140.300416,35.718114],[140.296294,35.719691]],[[140.27431,35.70637],[140.277776,35.708191],[140.276709,35.709034],[140.27431,35.70637]],[[140.554692,35.755949],[140.556231,35.754275],[140.55454809433343,35.756222420766505],[140.554692,35.755949]],[[140.556925,35.753926],[140.5589432493705,35.754318966838056],[140.55665450647228,35.75428186523912],[140.556925,35.753926]],[[140.624093,35.800449],[140.638399,35.785892],[140.654013,35.791368],[140.670666,35.765412],[140.687245,35.782772],[140.69958,35.774247],[140.704876,35.783769],[140.690484,35.794312],[140.692767,35.804361],[140.720694,35.813475],[140.697169,35.842381],[140.647825,35.855714],[140.650637,35.827354],[140.64234,35.826841],[140.643083,35.810804],[140.624093,35.800449]],[[140.56794895059903,35.75369559469189],[140.56788952850542,35.75373312348056],[140.567913,35.753709],[140.56794895059903,35.75369559469189]],[[140.568288,35.752913],[140.56889670603616,35.75225588710371],[140.568911,35.753088],[140.568288,35.752913]],[[140.56892,35.749399],[140.56978205951506,35.74895167964732],[140.568855,35.749828],[140.56892,35.749399]],[[140.566735,35.743393],[140.566125,35.743316],[140.56638397524338,35.74305276529539],[140.566735,35.743393]],[[140.5659803253918,35.742661523123935],[140.56609590068047,35.74277354577606],[140.565961,35.742679],[140.5659803253918,35.742661523123935]],[[140.56663479105285,35.73672370691346],[140.5660139072363,35.73825075300411],[140.566249,35.736702],[140.56663479105285,35.73672370691346]],[[140.566951,35.735946],[140.571009,35.736327],[140.570903,35.737078],[140.566951,35.735946]],[[140.575459,35.736811],[140.57547120118807,35.73734783777412],[140.57496105940032,35.73731770435424],[140.575459,35.736811]],[[140.5776627042258,35.737477287042516],[140.57760417047115,35.737473829528845],[140.577624,35.737454],[140.5776627042258,35.737477287042516]],[[140.5785215685896,35.73752801905686],[140.579209,35.737528],[140.5793,35.737574],[140.5785215685896,35.73752801905686]],[[140.5793,35.737574],[140.580421,35.736562],[140.582754,35.736174],[140.5793,35.737574]],[[140.58342558988252,35.73762818987231],[140.583649,35.737601],[140.58387398175944,35.73859909033286],[140.58342558988252,35.73762818987231]],[[140.585631,35.738086],[140.586577,35.737815],[140.584333,35.739593],[140.585631,35.738086]],[[140.586577,35.737815],[140.586744,35.738059],[140.587648,35.739627],[140.586577,35.737815]],[[140.587648,35.739627],[140.590328,35.736777],[140.592614,35.737649],[140.587648,35.739627]],[[140.6018392,35.7380341],[140.604302,35.737511],[140.599397,35.738864],[140.6018392,35.7380341]],[[140.599513,35.733675],[140.604657,35.734155],[140.601973,35.733905],[140.599513,35.733675]],[[140.598744,35.730837],[140.598398,35.724685],[140.59838975769182,35.724440519214255],[140.598744,35.730837]],[[140.59921941012493,35.71774059998926],[140.599349,35.718581],[140.599256,35.717979],[140.59921941012493,35.71774059998926]],[[140.59529697868555,35.717456371271055],[140.59544569996294,35.71743226428239],[140.595391,35.717449],[140.59529697868555,35.717456371271055]],[[140.591425,35.718084],[140.5917353103988,35.718033700208345],[140.591719,35.718037],[140.591425,35.718084]],[[140.591425,35.718084],[140.589732,35.717895],[140.58766722819522,35.717224106060634],[140.591425,35.718084]],[[140.585036,35.716622],[140.582389,35.714971],[140.582657,35.714385],[140.585036,35.716622]],[[140.578574,35.712802],[140.580024,35.710404],[140.58036370423972,35.71052389561402],[140.578574,35.712802]],[[140.59025942463265,35.71100543040106],[140.581839,35.708646],[140.589095,35.710613],[140.59025942463265,35.71100543040106]],[[140.59423586749875,35.708235274661845],[140.594789,35.707776],[140.596725,35.708292],[140.59423586749875,35.708235274661845]],[[140.59811235589353,35.709827714760785],[140.59810027441026,35.70981434132696],[140.598116,35.709817],[140.59811235589353,35.709827714760785]],[[140.60480161969767,35.69968687402281],[140.604349,35.699691],[140.60413416341748,35.69915909631064],[140.60480161969767,35.69968687402281]],[[140.602275,35.697689],[140.6040036561861,35.69905590032606],[140.603116,35.698751],[140.602275,35.697689]],[[140.602678,35.693542],[140.603081,35.692046],[140.6027937645129,35.694057004781115],[140.602678,35.693542]],[[140.60356372670037,35.69185762737266],[140.607529,35.690173],[140.608606,35.68989],[140.60356372670037,35.69185762737266]],[[140.608606,35.68989],[140.609268,35.689798],[140.60961622896912,35.68982333116275],[140.608606,35.68989]],[[140.61007674122894,35.68915073831065],[140.610289,35.688303],[140.61031240208285,35.68830701043758],[140.61007674122894,35.68915073831065]],[[140.609714,35.684088],[140.609339,35.682407],[140.610654,35.687084],[140.609714,35.684088]],[[140.609339,35.682407],[140.609731,35.680357],[140.61012202215414,35.68038400141409],[140.609339,35.682407]],[[140.616039,35.676757],[140.612067,35.675359],[140.614026,35.676048],[140.616039,35.676757]],[[140.616039,35.676757],[140.616227,35.676429],[140.6164049186637,35.67650981339867],[140.616039,35.676757]],[[140.620838,35.677448],[140.6206158260069,35.67774209299088],[140.617281,35.675918],[140.620838,35.677448]],[[140.623477,35.675021],[140.6245616791511,35.673361864376304],[140.6225152608761,35.6767957765314],[140.623477,35.675021]],[[140.175675,35.843382],[140.17662904282167,35.84310818986349],[140.176422,35.843176],[140.175675,35.843382]],[[140.181898,35.841596],[140.18012,35.842185],[140.17937539838925,35.84231998625692],[140.181898,35.841596]],[[140.18980589473986,35.83791398245474],[140.18691,35.839267],[140.181898,35.841596],[140.18980589473986,35.83791398245474]],[[140.20022239573186,35.83506827206395],[140.203131,35.834756],[140.201074,35.834988],[140.20022239573186,35.83506827206395]],[[140.210261,35.837713],[140.20863502000518,35.836346068892794],[140.212551,35.83898],[140.210261,35.837713]],[[140.21447,35.839368],[140.213009,35.839146],[140.212551,35.83898],[140.21447,35.839368]],[[140.23223974156818,35.84028559689958],[140.232819,35.838874],[140.232448,35.839779],[140.23223974156818,35.84028559689958]],[[140.2326329330111,35.837476920744315],[140.232845,35.83824],[140.232819,35.838874],[140.2326329330111,35.837476920744315]],[[140.24119651045552,35.82914127823922],[140.240906,35.829499],[140.240754,35.829677],[140.24119651045552,35.82914127823922]],[[140.242418,35.824457],[140.245014,35.827094],[140.24461,35.827778],[140.242418,35.824457]],[[140.240963,35.824348],[140.241883,35.824404],[140.242418,35.824457],[140.240963,35.824348]],[[140.237139,35.820813],[140.238431,35.821974],[140.240963,35.824348],[140.237139,35.820813]],[[140.2435883205771,35.819930109776024],[140.2437049274451,35.82001722345355],[140.243663,35.820038],[140.2435883205771,35.819930109776024]],[[140.24941025617534,35.82094666547688],[140.250396,35.820939],[140.249959,35.821005],[140.24941025617534,35.82094666547688]],[[140.251396,35.809905],[140.250673,35.814188],[140.250307,35.816262],[140.251396,35.809905]],[[140.25157997990476,35.801949940965194],[140.251593,35.805602],[140.251396,35.809905],[140.25157997990476,35.801949940965194]],[[140.25308907586648,35.80321514682567],[140.252298,35.801706],[140.251618,35.800306],[140.25308907586648,35.80321514682567]],[[140.25714485714246,35.8112357142849],[140.257234,35.811412],[140.257155,35.811256],[140.25714485714246,35.8112357142849]],[[140.255601,35.813511],[140.256315,35.812561],[140.257234,35.811412],[140.255601,35.813511]],[[140.259182,35.815004],[140.258941,35.815325],[140.255601,35.813511],[140.259182,35.815004]],[[140.26685063177692,35.82056097112192],[140.266456,35.819933],[140.266411,35.819518],[140.26685063177692,35.82056097112192]],[[140.26783896680342,35.8229056717227],[140.267982,35.823245],[140.267848,35.822995],[140.26783896680342,35.8229056717227]],[[140.270119,35.822226],[140.268686,35.822942],[140.267982,35.823245],[140.270119,35.822226]],[[140.273874,35.821459],[140.27333727083087,35.82155109538676],[140.275021,35.821198],[140.273874,35.821459]],[[140.27545386,35.820732710000016],[140.275262,35.821029],[140.275021,35.821198],[140.27545386,35.820732710000016]],[[140.27676816316952,35.81931993884594],[140.276903,35.819175],[140.276832,35.819273],[140.27676816316952,35.81931993884594]],[[140.278751,35.818617],[140.278367,35.818769],[140.2782827893543,35.81875837529237],[140.278751,35.818617]],[[140.28142,35.823682],[140.280288,35.821611],[140.279492,35.820299],[140.27961145819563,35.82024990399432],[140.28142,35.823682]],[[140.28519702661785,35.82761750888489],[140.286115,35.828574],[140.285009,35.827799],[140.28519702661785,35.82761750888489]],[[140.28434812338477,35.83037818014434],[140.285303,35.828931],[140.286115,35.828574],[140.28434812338477,35.83037818014434]],[[140.2829444537728,35.83181148500629],[140.28261,35.832153],[140.282788,35.831912],[140.2829444537728,35.83181148500629]],[[140.281367,35.836459],[140.28149558933848,35.83712613432223],[140.281336,35.836936],[140.281367,35.836459]],[[140.28166901506341,35.838025884292556],[140.281603,35.837828],[140.28162463429123,35.83779563241696],[140.28166901506341,35.838025884292556]],[[140.28022693077875,35.84089872187886],[140.280384,35.840658],[140.28047561357963,35.840638712930605],[140.28022693077875,35.84089872187886]],[[140.279509,35.842948],[140.27981991176608,35.84237571376889],[140.27967128361277,35.84578082287154],[140.279509,35.842948]],[[140.279624,35.846526],[140.279575,35.845975],[140.279634,35.846635],[140.279624,35.846526]],[[140.27641575608078,35.847578034043856],[140.276044,35.845127],[140.279634,35.846635],[140.27641575608078,35.847578034043856]],[[140.274184,35.848232],[140.274553,35.848113],[140.27457302263898,35.84811800565974],[140.274184,35.848232]],[[140.27461249288092,35.84977055890163],[140.273273,35.849842],[140.274184,35.848232],[140.27461249288092,35.84977055890163]],[[140.274995,35.851144],[140.274921,35.851098],[140.27489499254085,35.85078491033171],[140.274995,35.851144]],[[140.275686,35.851651],[140.2756352848975,35.851364028323886],[140.2765171196723,35.851667063157585],[140.275686,35.851651]],[[140.282244,35.859144],[140.280358,35.852929],[140.280229,35.851936],[140.282244,35.859144]],[[140.28088086144982,35.86110651992467],[140.280734,35.860082],[140.282244,35.859144],[140.28088086144982,35.86110651992467]],[[140.28614852098735,35.86657739736031],[140.285833,35.866129],[140.284753,35.863839],[140.28614852098735,35.86657739736031]]],[[[139.52964,34.12508],[139.565638,34.101448],[139.560017,34.065823],[139.531845,34.046564],[139.48216,34.051243],[139.481875,34.06751],[139.47316,34.076931],[139.494228,34.103441],[139.493717,34.119612],[139.52964,34.12508]]],[[[139.3610133,34.79908439999997],[139.42236639999996,34.78166069999997],[139.44810050000004,34.7443984],[139.4437239,34.7029278],[139.449998,34.6965023],[139.4447742,34.68456849999996],[139.43637960000004,34.68752829999998],[139.43870829999997,34.678671399999985],[139.4012097,34.68203269999997],[139.359744,34.702055],[139.352485,34.718785],[139.35657120000002,34.74283659999998],[139.34956920000002,34.782567],[139.3610133,34.79908439999997]]],[[[139.700866,33.117466],[139.684749,33.117725],[139.676081,33.135704],[139.696862,33.128141],[139.700866,33.117466]]],[[[139.67127230000003,35.4017482],[139.68019280000001,35.4101886],[139.6920996,35.410027800000044],[139.68497619999997,35.395738399999985],[139.682262,35.404477],[139.67127230000003,35.4017482]]],[[[139.655968,35.44245039999997],[139.6743276,35.44970209999997],[139.6661143,35.435170699999965],[139.655968,35.44245039999997]]],[[[139.673994,35.462208],[139.692424,35.472025],[139.694898,35.463745],[139.685089,35.459024],[139.69806980000004,35.461641299999954],[139.7022583,35.4551158],[139.6954894,35.44980720000003],[139.673994,35.462208]]],[[[139.7656125,35.5648861],[139.75766,35.574448],[139.77383939999999,35.57455639999996],[139.7656125,35.5648861]]],[[[139.77700989999997,35.63609939999998],[139.79263880000002,35.6095715],[139.78673909999998,35.6018351],[139.76767049999998,35.62206659999998],[139.77700989999997,35.63609939999998]]],[[[139.603596,36.471423],[139.614874,36.467007],[139.612331,36.457746],[139.600288,36.464571],[139.603596,36.471423]]],[[[139.774437,33.157631],[139.817061,33.120299],[139.845511,33.11631],[139.857396,33.09911],[139.858668,33.079141],[139.83902,33.075164],[139.832433,33.045459],[139.818842,33.058692],[139.784272,33.069556],[139.778762,33.095642],[139.755704,33.103623],[139.73983,33.131141],[139.748017,33.156595],[139.774437,33.157631]]],[[[140.10288010000002,35.58737540000001],[140.1117553,35.570438],[140.0861217,35.5694568],[140.081603,35.588302],[140.10288010000002,35.58737540000001]]],[[[139.820337,35.607352],[139.832152,35.588921],[139.819383,35.582221],[139.793355,35.5927694],[139.820337,35.607352]]],[[[139.79159980000003,35.593948599999976],[139.810581,35.613158],[139.8190281,35.608834700000024],[139.79159980000003,35.593948599999976]]],[[[139.838602,35.61415789999999],[139.8258515,35.6307042],[139.8401121,35.6320678],[139.838602,35.61415789999999]]],[[[139.97944249999998,35.669825],[139.95863804574373,35.672876633270135],[139.960387,35.6786547],[139.97764319999996,35.679500399999974],[139.97167619999996,35.6743883],[139.97944249999998,35.669825]]],[[[139.824693,36.510277],[139.841264,36.493454],[139.847673,36.459011],[139.833845,36.457237],[139.83701,36.4474],[139.824606,36.441324],[139.833874,36.422949],[139.827079,36.423232],[139.826258,36.399954],[139.804408,36.40546],[139.797214,36.399475],[139.756779,36.467287],[139.769278,36.474417],[139.774699,36.492916],[139.793794,36.490772],[139.790784,36.507799],[139.8033,36.501595],[139.824693,36.510277]]],[[[141.455442,24.242381],[141.472237,24.241893],[141.472006,24.233111],[141.455011,24.225426],[141.455442,24.242381]]],[[[153.98607730000006,24.28157789999997],[153.97117470000003,24.2846232],[153.98249320000002,24.29642959999998],[153.9851008,24.2967432],[153.98607730000006,24.28157789999997]]],[[[141.323205,24.770506],[141.288553,24.746193],[141.285539,24.746355],[141.293649,24.77168],[141.287035,24.78984],[141.329453,24.812553],[141.347228,24.782852],[141.336198,24.7707],[141.323205,24.770506]]],[[[141.275827,25.419491],[141.272493,25.439482],[141.284264,25.448697],[141.292963,25.425776],[141.275827,25.419491]]],[[[142.160914,26.548099],[142.154791,26.549456],[142.154995,26.564542],[142.160914,26.548099]]],[[[142.201565,26.553498],[142.212559,26.564464],[142.2179,26.561681],[142.201565,26.553498]]],[[[142.125259,26.595595],[142.125892,26.609786],[142.132754,26.610106],[142.132918,26.596394],[142.125259,26.595595]]],[[[142.143788,26.707565],[142.164977,26.702392],[142.145431,26.691389],[142.149297,26.683705],[142.16773,26.685976],[142.160906,26.674531],[142.164195,26.660201],[142.188161,26.658865],[142.17421,26.654163],[142.171422,26.643381],[142.182179,26.622463],[142.178418,26.607463],[142.172954,26.62832],[142.161949,26.630214],[142.161396,26.639408299999985],[142.15397,26.635822],[142.148846,26.666518],[142.141292,26.666864],[142.145008,26.674836],[142.130484,26.689154],[142.122727,26.71229],[142.134168,26.699423],[142.143788,26.707565]]],[[[142.224947,27.089796],[142.237834,27.051377],[142.224251,27.053248],[142.229315,27.035812],[142.184268,27.043671],[142.187349,27.061037],[142.194843,27.062795],[142.18177,27.074124],[142.202368,27.073052],[142.208347,27.083752],[142.201098,27.099401],[142.186693,27.087917],[142.183443,27.103343],[142.211561,27.10361],[142.224947,27.089796]]],[[[142.209821,27.130284],[142.219639,27.132663],[142.236084,27.111594],[142.20077,27.109798],[142.206341,27.118018],[142.187124,27.121534],[142.191574,27.144198],[142.209821,27.130284]]],[[[142.200661,27.169381],[142.187754,27.144385],[142.18064,27.14645],[142.186511,27.187896],[142.200084,27.182831],[142.194602,27.17639],[142.200661,27.169381]]],[[[140.87244510000002,27.242195499999983],[140.8733956,27.254416100000025],[140.8865097,27.251750199999982],[140.88702939999996,27.2403464],[140.87244510000002,27.242195499999983]]],[[[142.173447,27.624356],[142.175067,27.635887],[142.185584,27.619627],[142.173447,27.624356]]],[[[142.145616,27.670576],[142.127209,27.681738],[142.125614,27.686946],[142.142483,27.688851],[142.145616,27.670576]]],[[[140.32451,35.614463],[140.325243,35.611436],[140.322341,35.612657],[140.32451,35.614463]]],[[[140.517405,35.672136],[140.518596,35.673445],[140.518989,35.673035],[140.517405,35.672136]]],[[[140.656641,35.802258],[140.648693,35.796854],[140.655244,35.805642],[140.656641,35.802258]]]]}}]}