country,league,end_year,reep_competition,site_clubs_left,reep_teams_left
Argentina,Primera B Nacional,2024,Primera Nacional,Altos Hornos Zapla,rt79a32583b61491=San Miguel; rt6cb8ca3af5e822=Estudiantes Caseros
Argentina,Primera B Nacional Argentina,2016,Primera Nacional,Juventud Unida Universitario,rt12e074a7897bff=Juventud Unida G.; rt9d5e96a5d6e6e6=Juventud Unida Univ.; rtd5758920d00475=Estudiantes de San Luis
Armenia,Armenian Premier,2019,Premier League,Artsakh FC,rta086b9f88c8aa6=Noah; rt011fca45eaf4ea=Syunik
Australia,A-League,2011,A-League Men,Melbourne Heart,rtee4e6ea01fa156=Melbourne City
Austria,Austrian Bundesliga,1994,Bundesliga,FC Tirol-Innsbruck,rtf6b0cf06a27884=Admira Wacker Mödling; rt3f5a8cb741cef2=Sportclub; rt8b21c3c0968c5b=Wacker Innsbruck
Austria,Austrian Bundesliga,1995,Bundesliga,FC Linz; Linzer ASK; FC Tirol-Innsbruck,rte4db6d4d73e5d7=Blau-Weiß Linz; rt5bb1cc8466bfa4=LASK; rt8b21c3c0968c5b=Wacker Innsbruck
Austria,Austrian Bundesliga,1996,Bundesliga,FC Tirol-Innsbruck,rtf6b0cf06a27884=Admira Wacker Mödling; rt8b21c3c0968c5b=Wacker Innsbruck
Austria,Austrian Bundesliga,1997,Bundesliga,FC Tirol-Innsbruck,rt8b21c3c0968c5b=Wacker Innsbruck
Austria,Austrian Bundesliga,1999,Bundesliga,FC Tirol-Innsbruck,rt8b21c3c0968c5b=Wacker Innsbruck
Austria,Austrian Bundesliga,2000,Bundesliga,FC Tirol-Innsbruck,rt8b21c3c0968c5b=Wacker Innsbruck
Austria,Austrian Bundesliga,2001,Bundesliga,FC Tirol-Innsbruck,rtccef8d8c32ffe0=Admira Wacker
Austria,Austrian Bundesliga,2002,Bundesliga,SC Bregenz; FC Tirol-Innsbruck,rtccef8d8c32ffe0=Admira Wacker; rt8b21c3c0968c5b=Wacker Innsbruck
Austria,Austrian Bundesliga,2003,Bundesliga,SC Bregenz; FC Admira Wacker Mödling,rt99a354b8078972=Juniors OÖ
Austria,Austrian Bundesliga,2005,Bundesliga,ASKÖ Pasching,rt763a0300242153=Austria Kärnten; rtccef8d8c32ffe0=Admira Wacker
Austria,Austrian Bundesliga,2006,Bundesliga,FC Admira Wacker Mödling; ASKÖ Pasching,rt763a0300242153=Austria Kärnten
Austria,Austrian Bundesliga,2020,Bundesliga,WSG Wattens,rt4ce926615a1df0=WSG Tirol
Austria,Austrian First League,2008,2. Liga,FC Red Bull Salzburg Juniors,rt01aef283832a72=Anif
Austria,Austrian First League,2009,2. Liga,FC Red Bull Salzburg Juniors; FC Magna,rtdc98c214973bf9=Wiener Neustadt; rt01aef283832a72=Anif
Austria,Austrian First League,2010,2. Liga,FC Red Bull Salzburg Juniors,rt01aef283832a72=Anif
Azerbaijan,Azerbaijan Premier,2008,Premyer Liqa,FC Inter Baku; FK Ganclarbirliyi,rt2ca09c3575edbd=Genclerbirliyi Sumqayıt; rt143472d20d0d53=Şamaxı
Azerbaijan,Azerbaijan Premier,2009,Premyer Liqa,FK NBC Salyan; FC Inter Baku,rt143472d20d0d53=Şamaxı; rt9f2a3431adc2e7=Muğan
Azerbaijan,Azerbaijan Premier,2010,Premyer Liqa,FK Mughan; FC Inter Baku,rt143472d20d0d53=Şamaxı; rt4132cdb5baa6c5=Standard; rt9f2a3431adc2e7=Muğan
Azerbaijan,Azerbaijan Premier,2011,Premyer Liqa,FK Mughan; FC Inter Baku,rt143472d20d0d53=Şamaxı; rt9f2a3431adc2e7=Muğan
Azerbaijan,Azerbaijan Top League,2007,Premyer Liqa,FC Inter Baku; FK Ganclarbirliyi,rt2ca09c3575edbd=Genclerbirliyi Sumqayıt; rt143472d20d0d53=Şamaxı
Belarus,Belarusian Premier,1998,Premier League,Dnepr-Transmash Mogilev; Torpedo-Kadino Mogilev; Kommunalnik Slonim,rt0146aac0b6fa92=Dnepr Mogilev; rtd90c409ac96959=Torpedo-Kadino
Belarus,Belarusian Premier,1999,Premier League,Torpedo-MAZ; Dnepr-Transmash Mogilev; Torpedo-Kadino Mogilev,rt0146aac0b6fa92=Dnepr Mogilev
Belarus,Belarusian Premier,2002,Premier League,Zvezda-BGU Minsk,rt0ab7b1d2cb3430=SKA-1938
Belgium,Belgian Division I,1961,First Division A,RFC Bruges; La Gantoise,rt37b4f387771ffe=RFC Liégeois; rte04955a8b0b386=Club Brugge; rt014a26c8f2c3c5=Lierse; rt7182ae84b88774=Gent
Belgium,Belgian Division I,1962,First Division A,RFC Bruges; La Gantoise,rt37b4f387771ffe=RFC Liégeois; rte04955a8b0b386=Club Brugge; rt014a26c8f2c3c5=Lierse; rt7182ae84b88774=Gent
Belgium,Belgian Division I,1963,First Division A,RFC Bruges; La Gantoise,rt37b4f387771ffe=RFC Liégeois; rte04955a8b0b386=Club Brugge; rt014a26c8f2c3c5=Lierse; rt7182ae84b88774=Gent
Belgium,Belgian Division I,1964,First Division A,RFC Bruges; La Gantoise,rt37b4f387771ffe=RFC Liégeois; rte04955a8b0b386=Club Brugge; rt014a26c8f2c3c5=Lierse; rt7182ae84b88774=Gent
Belgium,Belgian Division I,1965,First Division A,RFC Bruges; La Gantoise,rt37b4f387771ffe=RFC Liégeois; rte04955a8b0b386=Club Brugge; rt014a26c8f2c3c5=Lierse; rt7182ae84b88774=Gent
Belgium,Belgian Division I,1966,First Division A,RFC Bruges; R. Racing White; La Gantoise,rt37b4f387771ffe=RFC Liégeois; rte04955a8b0b386=Club Brugge; rt014a26c8f2c3c5=Lierse; rt7182ae84b88774=Gent
Belgium,Belgian Division I,1967,First Division A,RFC Bruges; R. Racing White; La Gantoise,rt37b4f387771ffe=RFC Liégeois; rte04955a8b0b386=Club Brugge; rt014a26c8f2c3c5=Lierse; rt7182ae84b88774=Gent
Belgium,Belgian Division I,1968,First Division A,RFC Bruges; R. Racing White,rt37b4f387771ffe=RFC Liégeois; rte04955a8b0b386=Club Brugge; rt014a26c8f2c3c5=Lierse
Belgium,Belgian Division I,1969,First Division A,RFC Bruges; R. Racing White; La Gantoise,rt37b4f387771ffe=RFC Liégeois; rte04955a8b0b386=Club Brugge; rt014a26c8f2c3c5=Lierse; rt7182ae84b88774=Gent
Belgium,Belgian Division I,1970,First Division A,RFC Bruges; R. Racing White; La Gantoise,rt37b4f387771ffe=RFC Liégeois; rte04955a8b0b386=Club Brugge; rt014a26c8f2c3c5=Lierse; rt7182ae84b88774=Gent
Belgium,Belgian Division I,1971,First Division A,RFC Bruges; R. Racing White; La Gantoise,rt37b4f387771ffe=RFC Liégeois; rte04955a8b0b386=Club Brugge; rt014a26c8f2c3c5=Lierse; rt7182ae84b88774=Gent
Belgium,Belgian Division I,1972,First Division A,RFC Bruges; R. Racing White,rt37b4f387771ffe=RFC Liégeois; rte04955a8b0b386=Club Brugge; rt014a26c8f2c3c5=Lierse
Belgium,Belgian Division I,1973,First Division A,R. Racing White,rt37b4f387771ffe=RFC Liégeois; rt014a26c8f2c3c5=Lierse
Belgium,Belgian Division I,1975,First Division A,Winterslag,rt1175cc61797334=Genk; rt37b4f387771ffe=RFC Liégeois; rt014a26c8f2c3c5=Lierse
Belgium,Belgian Division I,1977,First Division A,Winterslag,rt1175cc61797334=Genk; rt37b4f387771ffe=RFC Liégeois; rt014a26c8f2c3c5=Lierse
Belgium,Belgian Division I,1978,First Division A,Winterslag,rt1175cc61797334=Genk; rt37b4f387771ffe=RFC Liégeois; rt014a26c8f2c3c5=Lierse
Belgium,Belgian Division I,1979,First Division A,Winterslag,rt1175cc61797334=Genk; rt37b4f387771ffe=RFC Liégeois; rt014a26c8f2c3c5=Lierse
Belgium,Belgian Division I,1980,First Division A,Winterslag; KSC Hasselt,rt1175cc61797334=Genk; rt37b4f387771ffe=RFC Liégeois; rt014a26c8f2c3c5=Lierse
Belgium,Belgian Division I,1981,First Division A,Winterslag,rt1175cc61797334=Genk; rt37b4f387771ffe=RFC Liégeois; rt014a26c8f2c3c5=Lierse
Belgium,Belgian Division I,1982,First Division A,Winterslag,rt1175cc61797334=Genk; rt37b4f387771ffe=RFC Liégeois; rt014a26c8f2c3c5=Lierse
Belgium,Belgian Division I,1983,First Division A,Winterslag; RFC Sérésien,rt1175cc61797334=Genk; rt37b4f387771ffe=RFC Liégeois; rt014a26c8f2c3c5=Lierse; rt3cce36f177449f=Seraing
Belgium,Belgian Division I,1984,First Division A,RFC Sérésien,rt37b4f387771ffe=RFC Liégeois; rt014a26c8f2c3c5=Lierse; rt3cce36f177449f=Seraing
Belgium,Belgian Division I,1985,First Division A,RFC Sérésien,rt37b4f387771ffe=RFC Liégeois; rt014a26c8f2c3c5=Lierse; rt3cce36f177449f=Seraing
Belgium,Belgian Division I,1986,First Division A,RFC Sérésien,rt37b4f387771ffe=RFC Liégeois; rt014a26c8f2c3c5=Lierse; rt3cce36f177449f=Seraing
Belgium,Belgian Division I,1987,First Division A,RFC Sérésien,rt37b4f387771ffe=RFC Liégeois; rt3cce36f177449f=Seraing
Belgium,Belgian Division I,1988,First Division A,Racing Jet de Bruxelles; Winterslag,rt1175cc61797334=Genk; rt37b4f387771ffe=RFC Liégeois; rtb96bc4814c295b=Wavre Sports
Belgium,Belgian Division I,1990,First Division A,KFC Germinal Ekeren,rt37b4f387771ffe=RFC Liégeois; rt014a26c8f2c3c5=Lierse
Belgium,Belgian Division I,1991,First Division A,KFC Germinal Ekeren,rt37b4f387771ffe=RFC Liégeois; rt014a26c8f2c3c5=Lierse
Belgium,Belgian Division I,1992,First Division A,KFC Germinal Ekeren,rt701a6ab4971517=RWDM Brussels; rt37b4f387771ffe=RFC Liégeois; rt014a26c8f2c3c5=Lierse
Belgium,Belgian Division I,1993,First Division A,KFC Germinal Ekeren,rt37b4f387771ffe=RFC Liégeois; rt014a26c8f2c3c5=Lierse
Belgium,Belgian First Division B,2023,Challenger Pro League,SL16 FC; RSCA Futures; Club NXT,rt251d76c6558a76=Beveren; rtd4f95f75a81357=Standard Liège II; rtf89c5f327bf0d3=Anderlecht II; rt67b105a57273c3=Club Brugge II; rt96c0a8ad7e5f31=Racing White Daring Molenbeek
Belgium,Belgian First Division B,2024,Challenger Pro League,SL16 FC; RSCA Futures; Club NXT,rt251d76c6558a76=Beveren; rtd4f95f75a81357=Standard Liège II; rtf89c5f327bf0d3=Anderlecht II; rt67b105a57273c3=Club Brugge II
Belgium,Belgian First Division B,2025,Challenger Pro League,RSCA Futures; Club NXT,rt251d76c6558a76=Beveren; rtf89c5f327bf0d3=Anderlecht II; rt67b105a57273c3=Club Brugge II
Belgium,Belgian First Division B,2026,Challenger Pro League,RSCA Futures; Club NXT,rt251d76c6558a76=Beveren; rtf89c5f327bf0d3=Anderlecht II; rt67b105a57273c3=Club Brugge II; rt6ea854bd8f9b1a=KRC Genk II
Belgium,Belgian First Division B Opening,2019,Cup,KSC Lokeren,rt2f4602c0f2b97f=Kosova Schaerbeek; rt0427bc901fab6c=Binche; rt195c0db193ae9a=Ninove; rtb903f449226011=Sporting Kampenhout; rt8fb6c244356bb2=Betekom; rtcf3a3a6518e1c3=Eendracht Aalst Lede; rta9072b8bb26ed4=Sporting Châtelet; rt228094d5483dd8=Champlon; rtd3e3b697f86421=Eupen; rtd902ba703aec2b=Léopold; rt1e29f28f520288=Heist; rtfc266a50f9ec01=Flavion Sport; rt5edeefa0028a38=Auderghem; rt245f4c531ee5d3=Eendracht Aalter; rt56608fafa39318=URSL Visé; rt6e8caf9dca6535=Avanti; rt341d99280b30e8=Lyra; rte0c3ffcb302350=Wingene; rtb00745527cecc1=La Roche; rt05fd87c6f67c13=Alliance Hautes Fagnes; rt1715caf707ac7e=Longlier II; rt2f2a1a913a2a0a=Oostkamp; rt77961c126501e1=RAAL La Louvière; rt21a778506fdf53=Bornem; rt989fd4e33fbcc4=Francs Borains; rt1187140acfc1b2=Elene-Grotenberge; rt1996e42c586782=Ligny; rt9150c36316f243=Houdinois; rt49089808b6c52f=Heusy Rouheid; rt3dc4a0eab75212=Tienen; rt5a6cecd1e7b20e=Aubel; rtc228aa7efcc877=Union Namur; rt224d7aea7d535c=Tournai; rt41b89d2a64548b=Thes Sport; rt38ab5a1de52756=PAC Buzet; rt7182ae84b88774=Gent; rt2de00bdfbdc182=La Calamine; rtf77f98ab8d10da=Toekomst Menen; rta86a02303479a2=Herkol; rt484d7899205e25=Soignies Sports; rtb448695a85c886=Wevelgem City; rt2a866f14202bef=Sprimont; rtfaa46966a13323=Patro Eisden; rtc0183cf996f572=Melreux; rt31eb44ad382705=Alliance Huppaytoise; rt8fc9ccff354dcf=RC Lauwe; rt9e3e802c5011d3=Zwarte Leeuw; rt50a6639a488062=Marloie Sport; rt6480b383ff1430=Munkzwalm; rtc56e1885a720ef=Hades; rt5b5df74c0a3841=Sterrebeek; rt376883ab1e7858=Putte; rt9db43717d496fc=Bosquetia Frameries; rt3b1ffa20b7ca7e=Anderlecht; rt741260a62bb8d0=Oudenhove; rt4ac0c5e475d8d2=Dikkelvenne; rt3ad6e51d60f0e1=Sint-Truiden; rt8ce20acbdf3c72=Gullegem; rt12345d4de580e5=Bambrugge; rt27c64d37d26d52=RAS Monceau; rt637da2153ac90b=Ardennen; rt5fed00125cd762=Excelsior Bouwel; rt939a24663dff82=Drongen; rt85f9c58994e14e=Esperanza Pelt; rtc7486a3ea075d4=Zulte Waregem; rt51cbc5f54bc419=Niel United; rtfb2a1efff0e75e=Meix-Devant-Virton; rt7830c33ffc7919=ES de la Molignée; rtbe90a50efc91e5=Stade Bierbeek; rtabb6133c611390=Dender; rt1aae6ac680db93=ASC Berchem; rt09791a3fc6bb01=Kobbegem; rtb2ea6b9e43dc26=Liège; rtb5bebde41cc9b3=Honsfeld; rt5fa55a26620aac=Deinze; rt477c244aeadeed=RES Durbuy; rt328440cc3ed8c6=Warnant; rt11ea70f53de35b=Bilzen Youth; rt4e58b535d4b181=Jeunesse Tamines; rte40d02d399cddc=Dendermonde; rtd0e83bb7b55e90=Heusden; rt7f9516e3257f10=Greunsjotters Vossem; rtaacd59c1b9bc90=Wielsbeke; rt25aa600295c2e2=KV Oostende; rt420f86a8421e92=Rhodienne-De Hoek; rt7ad3ed82db14cc=Eendracht Termien; rt555cd37433eb1c=Huldenberg; rt2b5e3cded2d6e3=Rossignol; rte1c9c32de969b1=Herstal; rtd2ba3f2718f2b7=Stockel; rt90405b4ca60ad8=Appelterre-Eichem; rtfd58a48e06169b=Voorwaarts Zwevezele; rt4432780ea36e23=Olympia Wijgmaal; rt791d9834cb1bc6=Ekeren; rtf4198ada370780=Berg en Dal; rtd177ee33326efd=Schoonbeek-Beverst; rt54f138c00192ce=Lokeren; rt6ced1a6cb67569=Eendracht Zele; rt46d9f2afc40dd2=Eendracht Aalst; rte04955a8b0b386=Club Brugge; rtfb338701d9e53d=Condruzien; rtb1fbef17e23c9b=Moreda; rtaa70aa5d78dd31=Zepperen-Brustem; rt67cd2226fa3a4f=Lentezon Beerse; rt9ad7313473480b=Flandria Paal; rtfd1b0a3a5fe3ae=Wellen; rt004f556091ec2f=Havinnes; rta4733fe5c1ebf7=Vlamertinge; rted92fa6eff1d8e=Sporting Charleroi; rt3cce36f177449f=Seraing; rtd075e4cf5d00d2=Woluwe-Zaventem; rtf392593614dee2=Gosselies Sports; rt1f65795ea18a5a=Longlier; rtf89c8f20f8ce4e=Lierse SK; rtb37680d7bfc1ce=Weywertz; rt3979b8d9e574a6=Belœil; rtf34337d37fdd7f=Entité Floreffe; rt81635db6f0eb52=Solières Sport; rt7117071786cbc9=Olsa Brakel; rtf32ed429f8683f=Wallonne Ciney; rt63512a819dfa44=Sparta Petegem; rt2030f9235d78c4=Rochefort; rt3f6f4de8c6f701=Kortemark; rt1175cc61797334=Genk; rt247e4bdef4de78=Leopoldsburg; rt209a67e4bb6104=Tremelo; rte9dc753b80dc64=Tempo Overijse; rt5cc2d705f323e6=Eppegem; rt3608e6126066d9=Blankenberge; rt36b27a5e47948c=Zwaluwen Olmen; rt20dfa54fa4a028=Racing Waregem; rt64808c4861ff1e=Excel Mouscron; rt30e3fdb8732964=Avenir Lembeek; rt9befc44aa8c2ad=Colfontaine; rtd0d2f3fca26228=Dadizele; rt967e5534dbcb2d=Hamoir; rt81aa12148ef6e8=Gestel; rt38caedbdfac690=Loyers; rt1e1823e55baaa4=Sporting Hasselt; rtb3c4239e82b518=Diegem Sport; rt44149559815273=Stade Brainois; rtbda2d3097c8dbd=Vosselaar; rte0c3e56477fa34=Harzé; rtc368c584466073=Svelta Melsele; rtdc0a4a0a8a7ff8=Merelbeke; rt9ffda668522d0b=Aarschot; rt791cd34609d5b9=Racing Mechelen; rt2146b0e2c1066e=Mormont; rtbc79a70544a051=Pâturages; rtb4a0f0676b91ca=Soiron; rt24183eaf4fc8ea=Groen Star Bree-Beek; rtf3c7cf4d16e739=Grand-Leez; rt376ad7a42f1257=Eendracht Mazenzele; rt9943505040e1bc=Sartoise; rt466780ae9e71da=Waterloo; rtfafa8b113979e8=Cercle Brugge; rt3ff7ac47e02270=Sottegem; rt6416f9117f9bd8=Habay-la-Neuve; rt38851438ce07b1=Sint-Eloois-Winkel; rt5ffc75f351a7de=Ganshoren; rt907a3697075828=K. Kontich; rt9fb19f24402460=Aywaille; rtc2f10acacc709d=Berlaar-Heikant; rt68e757f107ce72=Heur Tongeren; rt6606b1ef3f3ef7=Gilly; rt4519a49c8f79d4=Érezée-Amonines; rt3a2fc7ee5312c8=Kortrijk; rt1cad50821218e0=VK Berchem; rt69618549d572ad=Opitter; rt1f2bfc36d13eb3=Eendracht Wervik; rte2b22ff72ddc7c=Tildonk; rt12e40cfa3d0c8c=Boorsem Sport; rtefd2029a3b8373=Sint-Lenaarts; rt81883e7d440b8b=Rhisnes; rtedf4feb01f6d52=SK Sint-Niklaas; rt3a2e0d638db3c2=Huvo Jeuk; rt1843f4e9964ce8=Harelbeke; rt92d4a658e66bb4=UCE Liège; rtb57b213d2f1efb=VC Herentals; rtc099b578d16947=RAEC Mons; rt00e9a6425faf95=Aische; rt3d6b1c50a81649=Nothomb-Post; rtb6696d7c9f519f=Hoogstraten; rt54e1ce81c53e9b=Mandel United; rt3a09504664d050='s Gravenwezel-Schilde; rt1f672ec5908eeb=Witgoor Sport; rt7812c6a96f71d1=Chevetogne; rt40a29317185c4e=Ternesse; rte4911b6781d952=Lendelede Sport; rt0d8f77628b8027=Cappellen; rtd146d9630dc99e=Chastre; rt19cd264ae9adcc=Union Lasne-Ohain; rtbef3d4be4b2b7a=Hoeilaart; rt0c82dbfba3a99c=Oostnieuwkerke; rt4bc1f5c2b5f885=Adegem; rtc837c48fadea84=Berlare; rt004eae7e261474=Rauw Sport; rt48671923997ec9=Hechtel; rt2081f288f21b1e=Nismes; rt273efbc4b97151=Stockay-Warfusée; rt97521798df2fd8=Wolvertem Merchtem; rt54a4e1e04da50c=Rupel Boom; rtf7b94ca716f66f=Le Roeulx; rt29151cb285a86f=Olympic Charleroi; rt696ccd003d60fd=La Louvière Centre; rt87916ea09e05d4=Sint-Dymphna; rtbb6f7b85f4eea6=Londerzeel; rt1e4ea9f8e8b7fd=RFC Wetteren; rtde4e8c7112af37=Lokeren Oost-Vlaanderen; rt7c97237d4f8d55=KSV Roeselare; rt4cb1585ac0034f=Etoile Vervietoise; rt474e0fd6bd52bf=Bocholt; rtf2c6923bc6caa3=Rapid Leest; rt35d9a8ed3ab2aa=Bottelare; rt8babd0a95baeb5=Ronse; rte148555c23cf8c=Helson Helchteren; rtdb37c6298f5dc3=Rebecq; rtde343c5c3d1f2e=Knokke; rt82a7544f8124ff=Lauwe; rta2c8e6d5d9e483=Büllingen; rt2181f5fee3344a=Zelzate; rt78803430ff7c67=Richelle United; rt2555e4cfa9d5e7=Bodegem Kapelle United; rtedf04a15ccca5f=Westhoek; rt14eb70dcc45e20=Grimbergen; rtb96bc4814c295b=Wavre Sports; rt169385973a5bb4=Schriek; rt44a8522f017f26=Wezel Sport; rt7075023149e789=Oudenaarde; rtdbfed944f414d6=VW Hamme; rt7d75f0ca0a927e=Retie; rtb1a78692df8bee=Trooz; rtf40291bc300769=Pepingen-Halle; rt58b7c71919d4fd=Franchimont; rta7ab775304f7b6=Tubize-Braine; rt65d532f5a65ba5=Diest; rtb1f3cc48611e47=Templeuve; rtd21e4931882adc=Latem; rt55025a524258f4=De Kempen; rt3cfa2ce59e8235=Pontisse Cité; rt95860c8cdb6fd8=City Pirates Antwerpen; rt734052ee8dc73f=Entité Manageoise; rtcffa95356e5446=Braine; rt251d76c6558a76=Beveren; rt08e51d1000f5cb=KRC Gent; rtd7e0678f96d965=Antwerp; rtd1767bf724a220=BX Brussels; rta085a82e7ca7a4=Bregel Sport; rt6cf2074786cc43=Mariekerke Branst; rtb1a281a0854005=Pesche; rt701a6ab4971517=RWDM Brussels; rt4f6da5e0dee4f6=Tongeren; rt4667503c9b7f19=FSI Berchem; rt9da6bf592b765a=Belisia Bilzen; rt145ba74724a5e0='s Herenelderen; rtf77b1b5c5e34ed=Saint-Louis-Saint-Léger; rt821c3c4bd23165=Waremme; rtaa75e7cf809c0b=Verlaine; rt1acc57aace2901=MD Halen; rtd924281560b771=Sassport Boezinge; rta87d68f179c813=Oostduinkerke; rt147cbbde646d0f=Bressoux; rt281ae774452880=Villers-La-Ville; rt68894e9720a76c=Ploegsteert-Bizet; rt421fd4ba8fb84b=Veltem; rtad95406f49e205=Péruwelz; rt6753cac112a40f=Dessel Sport; rtadd7a0d5a54b97=HO Kalken; rt9cc44cc14857c2=Beringen; rt0b3f333a3455fc=Torhout; rt27f19f28853f7e=Houtvenne; rt19c54b1bf0737b=RW Walhain; rt924353457ac3f4=US Givry; rtb5422d13a4d4ca=Hamont; rt143d5c41749d15=Melsbroek; rtde884835c21c3b=Berchem Sport; rt2ce5c45d40d201=Ethe Belmont; rt98508b3af96477=KFC Turnhout; rt73b17848f32ed5=Sprimont II; rt0acf2a327a888a=Union Hutoise; rt247468574ae4ce=Herk; rt67d649366086bc=Meux; rtce2a6f3fe51b8d=Couvin-Mariembourg; rt0c7be156a066e2=Nijlen; rt98beda4888e07f=Anderlues; rta22f4342376bf2=Jette; rtb5195839330b9c=Wépion; rt633aa11f481df6=Deerlijk Sport; rt8b4e6de0cb0a14=Rapid Symphorinois; rte76f2e9edfcd90=FC Tilleur; rte918dcff021003=Standard Liège; rtb6ff9a478c182e=Oppagne-Wéris; rt789b530df61a18=Ostiches; rt0b81217c3077e3=Lille United; rt5b26f8c2b9b356=Geel; rt0a112e0bb724b7=Temse; rt7ffb899f4006ea=FC Lebbeke; rt501dc45abe3622=Stade Everois; rt6ac8bb0f08d6cb=Pittem; rt0ce286dadfd143=Onhaye; rt0ca3401589fee5=Huccorgne; rtba95878910b4c9=Meulebeke; rt58c69f92ee0f45=Lochristi; rt8136132bf150a9=Mechelen; rt4f12dd659f6547=Étincelle Maurage; rt1877168a7638e6=Jong Zulte; rt5a54c19c810636=Acren-Lessines
Belgium,Belgian Pro League,1994,First Division A,RFC Sérésien; KFC Germinal Ekeren,rt3cce36f177449f=Seraing; rt37b4f387771ffe=RFC Liégeois; rt014a26c8f2c3c5=Lierse
Belgium,Belgian Pro League,1995,First Division A,KFC Germinal Ekeren,rt37b4f387771ffe=RFC Liégeois; rt014a26c8f2c3c5=Lierse
Belgium,Belgian Pro League,1996,First Division A,KFC Germinal Ekeren,rt014a26c8f2c3c5=Lierse
Belgium,Belgian Pro League,1997,First Division A,KFC Germinal Ekeren,rt014a26c8f2c3c5=Lierse
Belgium,Belgian Pro League,1998,First Division A,KFC Germinal Ekeren,rt014a26c8f2c3c5=Lierse
Belgium,Belgian Pro League,1999,First Division A,KFC Germinal Ekeren,rt014a26c8f2c3c5=Lierse
Belgium,Belgian Second Division,2000,Challenger Pro League,KSV Ingelmunster; R. Capellen FC; K.Maasland Maasmechelen,rtfaa46966a13323=Patro Eisden; rt0d8f77628b8027=Cappellen; rt7c97237d4f8d55=KSV Roeselare
Belgium,Belgian Second Division,2001,Challenger Pro League,KSV Ingelmunster; K.Maasland Maasmechelen,rt365c29d5db1ce0=Hekelgem; rt08d9d53ef24b75=FC Brussels; rtfaa46966a13323=Patro Eisden; rt2ee6e091e0a7c1=Mons; rt7c97237d4f8d55=KSV Roeselare; rtd2974e706ba064=Beringen-Heusden-Zolder
Belgium,Belgian Second Division,2002,Challenger Pro League,KSV Ingelmunster,rt08d9d53ef24b75=FC Brussels; rt2ee6e091e0a7c1=Mons; rt7c97237d4f8d55=KSV Roeselare; rtd2974e706ba064=Beringen-Heusden-Zolder
Belgium,Belgian Second Division,2004,Challenger Pro League,Sporting West,rt7c97237d4f8d55=KSV Roeselare; rt1843f4e9964ce8=Harelbeke
Belgium,Belgian Second Division,2012,Challenger Pro League,Red Star Waasland; White Star Woluwe,rt251d76c6558a76=Beveren; rt08d9d53ef24b75=FC Brussels; rt7c97237d4f8d55=KSV Roeselare; rt16a25e39bb998d=White Star Bruxelles; rt1e29f28f520288=Heist
Brazil,Brasileiro Série B,2011,Serie B,Americana,rt0bb56f850fb876=Guaratinguetá; rt785c40a781a82a=RB Bragantino
Brazil,Brasileiro Série C,2013,Copa do Brasil,Treze; Betim,rt906ca94a7dae78=Tupi; rt4e2e39849b26d8=Remo; rtfce4ed0a67fd9e=ASA; rt34093cdff426e7=Naviraiense; rt258e22e4b3c79f=Vitória da Conquista; rt4755b887b873fc=Vasco da Gama; rt82235bfb6f61c5=CSA; rta4937174fe7834=Parnahyba; rt8278227b98018f=Arapongas; rt47ea83c8e136dd=Fluminense; rt91f13935ae22a7=Volta Redonda; rt02e66c103cfd26=Desportiva Ferroviária; rt52941565db3351=Bangu; rtd076c288773b0f=Cruzeiro; rtcb3f5b76598def=Grêmio; rteb90df0e8943fa=Sobradinho; rt785c40a781a82a=RB Bragantino; rt50734ff00e23f9=Atlético Goianiense; rt6ab10f79205b70=Gurupi; rtc7a26e9b8eb34b=Santo André; rt822886216dcc71=Atlético Acreano; rtde7df33f0f3bb6=Oratório; rt18edb139bd1edb=Itabaiana; rtccac7818bac957=Flamengo; rt2a6024a4d43d11=Ceilândia; rtfb9fbdf0f8fb67=Guarani de Juazeiro; rt007f02a8296bb9=Náutico; rt89b81e9f331c75=Sousa; rtae9f8a81515fbf=Atlético Mineiro; rt51d46f0ad82643=Avaí; rtb6cf4378f24b15=Ji-Paraná; rtec30874bd013ee=Corinthians; rt0335918740d147=Flamengo PI; rt1de5c1f0a332a3=Resende; rtce0e4e68d89aac=Vitória; rtb506fdbed10224=Criciúma; rta1b061380a4b09=Santos; rt818373b934635e=São Caetano; rt0266f087f1a79c=Mixto; rteab6418ace7f56=Internacional; rt59853f704690a2=Nacional AM; rtc844f037e15630=Ceará; rteda5bdd932fa64=Sport Recife; rtba608dbac31d11=Ponte Preta; rt7bec13bcdb8b4d=Figueirense; rt8f67ab2e6f62b3=São Bernardo; rt2c153237e457d7=Paysandu; rte963d27c08121a=Palmeiras; rt972ebaf2f10992=Joinville; rtbc9ee3de059c2c=Veranópolis; rt56602c3a84b420=Athletico Paranaense; rtcae4e3815ba262=Águia Negra; rt19310e40122155=Cianorte; rt65ddea615e2471=Campinense; rt1a0af90ca6b829=Luziânia; rt56940ec2784ec8=Goiás; rt608a22f93f647d=Bahia; rtdb406c549139db=Ipatinga; rt9530c30741db05=Aracruz; rtdc6e34a2bdbeca=São Raimundo RR; rte5fdc35a46cd32=Confiança; rtc63899a00facb7=Cametá; rtf1ae350040ce1b=América Mineiro; rt6ef1560fec6329=Coritiba; rtf4448c47da2692=América RN; rt7395ea005430ed=Salgueiro; rtcefa2b434c3fef=Fast Clube; rt949df1a5dd80b9=Paraná; rt154d21631cb8be=ABC; rt07a9eebd372a61=Santa Cruz RN; rted344ee352d84a=Boa; rtb76e97a618357d=Botafogo; rt9877a0f2c6f324=Noroeste; rtc6df5398701b00=Portuguesa; rt84f4b6ec489646=Maranhão
Brazil,Brasileiro Série C,2019,Copa do Brasil,Treze,rtb47f3637f2342a=Real Ariquemes; rt906ca94a7dae78=Tupi; rtbda879ee691a54=Chapecoense; rtfce4ed0a67fd9e=ASA; rt4755b887b873fc=Vasco da Gama; rt71a90b587c29c3=Altos; rt82235bfb6f61c5=CSA; rt47ea83c8e136dd=Fluminense; rtcee20857999034=Atlético Cearense; rtb064787797bbcc=Serra; rt434348404b6bc1=Fortaleza; rtd076c288773b0f=Cruzeiro; rtcb3f5b76598def=Grêmio; rteb90df0e8943fa=Sobradinho; rt504d2cbfcd2bc7=São Paulo; rtda1d3ab4e309e8=Galvez; rt50734ff00e23f9=Atlético Goianiense; rta6f5813725e986=Avenida; rt9040b2d312aa0e=Cuiabá; rt34e2de9a09c95b=Manaus; rted7391af56021b=Rio Branco; rt18edb139bd1edb=Itabaiana; rt184df1105fa779=Ríver; rtccac7818bac957=Flamengo; rtae9f8a81515fbf=Atlético Mineiro; rt51d46f0ad82643=Avaí; rt2d6a8ecb9b8653=Operário FC MS; rtd7e6f6b76149f0=Brasil de Pelotas; rt6ddb6887e7de3c=Brasiliense; rt0a4ecb45eeb0f6=Guarani SP; rt25c40bb801ee05=Atlético Tubarão; rtbb1ec5103f4f4d=Boavista RJ; rtf4ad232d9dbfdb=Americano; rtec30874bd013ee=Corinthians; rt7dc5f21beddc11=Ypiranga AP; rt42a22c4a5b3fac=URT; rtd52e20e0db2889=Londrina; rtce0e4e68d89aac=Vitória; rtb506fdbed10224=Criciúma; rta1b061380a4b09=Santos; rt0266f087f1a79c=Mixto; rteab6418ace7f56=Internacional; rt68537f14a3da9d=Votuporanguense; rtc844f037e15630=Ceará; rteda5bdd932fa64=Sport Recife; rtba608dbac31d11=Ponte Preta; rtc24d37aa17b8c8=Foz do Iguaçu; rt1a4d1689bdac08=São José RS; rt7bec13bcdb8b4d=Figueirense; rt91eb9f15ecd875=Sergipe; rte963d27c08121a=Palmeiras; rtfec615dccc4a3e=Osasco Sporting; rt10a028d60d2e38=Vila Nova; rt972ebaf2f10992=Joinville; rtcadc4b8f4c226a=Brusque; rt56602c3a84b420=Athletico Paranaense; rt058e7cc81a4b27=São Raimundo; rt65ddea615e2471=Campinense; rt9d6d52baf4fe3b=Central; rt56940ec2784ec8=Goiás; rt608a22f93f647d=Bahia; rtdc6e34a2bdbeca=São Raimundo RR; rtf1ae350040ce1b=América Mineiro; rt6420facbcfb32f=Aparecidense; rt6ef1560fec6329=Coritiba; rt9fcadf86a42370=Bragantino PA; rt3db4974571d96d=Santa Cruz de Natal; rtf4448c47da2692=América RN; rtabddd8b7dee058=CRB; rtcefa2b434c3fef=Fast Clube; rt949df1a5dd80b9=Paraná; rtbfdd76ed180e75=Palmas; rt02410f535548c6=Sinop; rtcea742c352d573=Juazeirense; rt8880e08b2ed0ba=Moto Club; rt813b5f0e73b855=Corumbaense; rtb76e97a618357d=Botafogo
Brazil,Brasileiro Série C,2020,Copa do Brasil,Treze,rtbda879ee691a54=Chapecoense; rt2a68299d189bd5=Aquidauanense; rta307c28a4d6ba3=Caucaia; rt4755b887b873fc=Vasco da Gama; rt71a90b587c29c3=Altos; rt82235bfb6f61c5=CSA; rt6a2e546ab500af=Ferroviária; rtc580241c4b4017=Operário PR; rt47ea83c8e136dd=Fluminense; rt434348404b6bc1=Fortaleza; rt52941565db3351=Bangu; rtd076c288773b0f=Cruzeiro; rtcb3f5b76598def=Grêmio; rt1311759c7ef0c9=Novorizontino; rt504d2cbfcd2bc7=São Paulo; rt785c40a781a82a=RB Bragantino; rt818abe2d31fd9a=Juventude; rtda1d3ab4e309e8=Galvez; rt9fa17550e3343e=São Luiz; rt50734ff00e23f9=Atlético Goianiense; rt7cfde0192cd54b=Vilhenense; rtc7a26e9b8eb34b=Santo André; rt81b81690d5ed1a=Afogados; rt9040b2d312aa0e=Cuiabá; rt1c43fc44a6eaa3=CEOV Operário; rt55bc36d4f6f515=Atlético Alagoinhas; rt822886216dcc71=Atlético Acreano; rt070a7d5d11d59e=Barbalha; rt184df1105fa779=Ríver; rtccac7818bac957=Flamengo; rt007f02a8296bb9=Náutico; rt2a6ac4ed901a74=Toledo; rtae9f8a81515fbf=Atlético Mineiro; rt51d46f0ad82643=Avaí; rte6faea79ae022b=Vitória ES; rt5abc12b3263cee=União Rondonópolis; rtd7e6f6b76149f0=Brasil de Pelotas; rt6ddb6887e7de3c=Brasiliense; rtbb1ec5103f4f4d=Boavista RJ; rtfa93c89c895b57=Coruripe; rt058c86c56c61c3=Novo Hamburgo; rtec30874bd013ee=Corinthians; rtce0e4e68d89aac=Vitória; rta1b061380a4b09=Santos; rteab6418ace7f56=Internacional; rtbb86372fb38fb1=Gama; rtc844f037e15630=Ceará; rteda5bdd932fa64=Sport Recife; rtba608dbac31d11=Ponte Preta; rt1a4d1689bdac08=São José RS; rt7bec13bcdb8b4d=Figueirense; rte963d27c08121a=Palmeiras; rtfec615dccc4a3e=Osasco Sporting; rtd1384a95249161=Bahia de Feira; rt56602c3a84b420=Athletico Paranaense; rtcae4e3815ba262=Águia Negra; rt89ba3ac638623a=Independente PA; rt65ddea615e2471=Campinense; rt35058666a8b82f=Santos AP; rt56940ec2784ec8=Goiás; rt608a22f93f647d=Bahia; rtdc6e34a2bdbeca=São Raimundo RR; rtf1ae350040ce1b=América Mineiro; rtf3a888e62c81cf=Sampaio Corrêa; rt34690d88c1a3da=Luverdense; rt6ef1560fec6329=Coritiba; rt9fcadf86a42370=Bragantino PA; rtf4448c47da2692=América RN; rtabddd8b7dee058=CRB; rtcefa2b434c3fef=Fast Clube; rt52800e3faee976=Frei Paulistano; rtbfdd76ed180e75=Palmas; rt949df1a5dd80b9=Paraná; rt154d21631cb8be=ABC; rtc21fb9e559a53e=Caxias do Sul; rt8880e08b2ed0ba=Moto Club; rtb76e97a618357d=Botafogo; rt561f37ad94abb7=XV de Piracicaba; rtb7dd678808e0b6=Lagarto
Brazil,Brasileiro Série C,2021,Copa do Brasil,AA Altos,rt13b788661b9fe9=Cascavel; rt4e2e39849b26d8=Remo; rtbda879ee691a54=Chapecoense; rt2b20b942ceceaf=Madureira; rt4755b887b873fc=Vasco da Gama; rt82235bfb6f61c5=CSA; rtc580241c4b4017=Operário PR; rt8129e6dc29e960=Goianésia; rt47ea83c8e136dd=Fluminense; rt434348404b6bc1=Fortaleza; rtfc212e81a5fc21=Caldense; rtd076c288773b0f=Cruzeiro; rtcb3f5b76598def=Grêmio; rt504d2cbfcd2bc7=São Paulo; rt785c40a781a82a=RB Bragantino; rt818abe2d31fd9a=Juventude; rtda1d3ab4e309e8=Galvez; rt9be6cb0d2dbd55=Picos; rt50734ff00e23f9=Atlético Goianiense; rtcaa785c64eb95c=Castanhal; rt9040b2d312aa0e=Cuiabá; rt55bc36d4f6f515=Atlético Alagoinhas; rt822886216dcc71=Atlético Acreano; rt3637a7190cfba9=Juventude MA; rtccac7818bac957=Flamengo; rtae9f8a81515fbf=Atlético Mineiro; rt51d46f0ad82643=Avaí; rt5abc12b3263cee=União Rondonópolis; rt6ddb6887e7de3c=Brasiliense; rt9c84881b9692a6=Retrô; rtbb1ec5103f4f4d=Boavista RJ; rtec30874bd013ee=Corinthians; rte32f70e4bf8304=Santa Cruz RS; rt7dc5f21beddc11=Ypiranga AP; rt799a6296b73f54=Rio Branco ES; rt9e9623f3f2afe3=Esportivo; rtce0e4e68d89aac=Vitória; rta1b061380a4b09=Santos; rt609447697d52dc=4 de Julho; rteab6418ace7f56=Internacional; rtbb86372fb38fb1=Gama; rtc844f037e15630=Ceará; rteda5bdd932fa64=Sport Recife; rtba608dbac31d11=Ponte Preta; rt91eb9f15ecd875=Sergipe; rte963d27c08121a=Palmeiras; rtf3419e193a9dbe=Real Brasília; rt9d5a9218e7681d=Peñarol; rt10a028d60d2e38=Vila Nova; rt972ebaf2f10992=Joinville; rtcadc4b8f4c226a=Brusque; rt56602c3a84b420=Athletico Paranaense; rtcae4e3815ba262=Águia Negra; rt19310e40122155=Cianorte; rt65ddea615e2471=Campinense; rt4241701fe601eb=Treze; rt56940ec2784ec8=Goiás; rt608a22f93f647d=Bahia; rtdc6e34a2bdbeca=São Raimundo RR; rte5fdc35a46cd32=Confiança; rtb715853d3de549=Porto Velho EC; rtf1ae350040ce1b=América Mineiro; rtf3a888e62c81cf=Sampaio Corrêa; rt34690d88c1a3da=Luverdense; rt776ae4feafde8b=Guarany de Sobral; rt6ef1560fec6329=Coritiba; rte2e6a9d010dae6=Murici FC; rta1e91d64659e46=Jaraguá EC; rtf4448c47da2692=América RN; rt7395ea005430ed=Salgueiro; rtabddd8b7dee058=CRB; rtbfdd76ed180e75=Palmas; rt154d21631cb8be=ABC; rtc21fb9e559a53e=Caxias do Sul; rtcea742c352d573=Juazeirense; rt8880e08b2ed0ba=Moto Club; rt602d8173b76ccc=Nova Mutum EC; rt0147d89e87012a=Marília; rt69c5091cb30838=Uberlândia
Brazil,Brasileiro Série D,2019,Copa do Brasil,América de Pernambuco; UR Trabalhadores; União de Rondonópolis; Serrano-PB,rteab6418ace7f56=Internacional; rt4e2e39849b26d8=Remo; rtbda879ee691a54=Chapecoense; rt68537f14a3da9d=Votuporanguense; rtc844f037e15630=Ceará; rtba608dbac31d11=Ponte Preta; rt4755b887b873fc=Vasco da Gama; rt82235bfb6f61c5=CSA; rteda5bdd932fa64=Sport Recife; rt1a4d1689bdac08=São José RS; rt7bec13bcdb8b4d=Figueirense; rt47ea83c8e136dd=Fluminense; rt2c153237e457d7=Paysandu; rte963d27c08121a=Palmeiras; rt5765fc6b7efb76=Imperatriz; rt434348404b6bc1=Fortaleza; rtfec615dccc4a3e=Osasco Sporting; rtd076c288773b0f=Cruzeiro; rtcb3f5b76598def=Grêmio; rt10a028d60d2e38=Vila Nova; rt504d2cbfcd2bc7=São Paulo; rt818abe2d31fd9a=Juventude; rt50734ff00e23f9=Atlético Goianiense; rt56602c3a84b420=Athletico Paranaense; rt2e0fc6a49ee964=Ypiranga RS; rt56940ec2784ec8=Goiás; rt608a22f93f647d=Bahia; rt9040b2d312aa0e=Cuiabá; rt96d013e51129f1=Botafogo PB; rt36f2c934ec70c0=Ferroviário; rtccac7818bac957=Flamengo; rt018a66b3ea5536=Tombense; rtf1ae350040ce1b=América Mineiro; rt007f02a8296bb9=Náutico; rtf3a888e62c81cf=Sampaio Corrêa; rtae9f8a81515fbf=Atlético Mineiro; rt34690d88c1a3da=Luverdense; rt51d46f0ad82643=Avaí; rt6ef1560fec6329=Coritiba; rtd7e6f6b76149f0=Brasil de Pelotas; rt3db4974571d96d=Santa Cruz de Natal; rt0a4ecb45eeb0f6=Guarani SP; rtabddd8b7dee058=CRB; rtf4ad232d9dbfdb=Americano; rt949df1a5dd80b9=Paraná; rtec30874bd013ee=Corinthians; rtbfdd76ed180e75=Palmas; rt154d21631cb8be=ABC; rt42a22c4a5b3fac=URT; rtd52e20e0db2889=Londrina; rted344ee352d84a=Boa; rtb76e97a618357d=Botafogo; rtb506fdbed10224=Criciúma; rt59e1722265a494=Santa Cruz; rt0266f087f1a79c=Mixto
Brazil,Brasileiro Série D,2021,Copa do Brasil,Grêmio Atlético Sampaio; Rio Branco AC; Rio Branco do Paraná; Tocantinópolis,rteab6418ace7f56=Internacional; rt4e2e39849b26d8=Remo; rtbda879ee691a54=Chapecoense; rtc844f037e15630=Ceará; rt4755b887b873fc=Vasco da Gama; rtba608dbac31d11=Ponte Preta; rt172678e7ed34e5=Mirassol; rteda5bdd932fa64=Sport Recife; rt82235bfb6f61c5=CSA; rtc580241c4b4017=Operário PR; rt7bec13bcdb8b4d=Figueirense; rt47ea83c8e136dd=Fluminense; rt2c153237e457d7=Paysandu; rt91f13935ae22a7=Volta Redonda; rte963d27c08121a=Palmeiras; rt434348404b6bc1=Fortaleza; rtf3419e193a9dbe=Real Brasília; rtd076c288773b0f=Cruzeiro; rtcb3f5b76598def=Grêmio; rt10a028d60d2e38=Vila Nova; rt504d2cbfcd2bc7=São Paulo; rt785c40a781a82a=RB Bragantino; rt818abe2d31fd9a=Juventude; rt9be6cb0d2dbd55=Picos; rtcadc4b8f4c226a=Brusque; rt50734ff00e23f9=Atlético Goianiense; rt56602c3a84b420=Athletico Paranaense; rt2e0fc6a49ee964=Ypiranga RS; rt56940ec2784ec8=Goiás; rt608a22f93f647d=Bahia; rt9040b2d312aa0e=Cuiabá; rt34e2de9a09c95b=Manaus; rt36f2c934ec70c0=Ferroviário; rte5fdc35a46cd32=Confiança; rtccac7818bac957=Flamengo; rt018a66b3ea5536=Tombense; rtf1ae350040ce1b=América Mineiro; rtf3a888e62c81cf=Sampaio Corrêa; rtae9f8a81515fbf=Atlético Mineiro; rt34690d88c1a3da=Luverdense; rt51d46f0ad82643=Avaí; rt6ef1560fec6329=Coritiba; rt7395ea005430ed=Salgueiro; rtabddd8b7dee058=CRB; rt949df1a5dd80b9=Paraná; rtec30874bd013ee=Corinthians; rtbfdd76ed180e75=Palmas; rte32f70e4bf8304=Santa Cruz RS; rt799a6296b73f54=Rio Branco ES; rtb76e97a618357d=Botafogo; rtce0e4e68d89aac=Vitória; rtb506fdbed10224=Criciúma; rt0147d89e87012a=Marília; rta1b061380a4b09=Santos; rt59e1722265a494=Santa Cruz
Brazil,Brasileiro Série D,2022,Copa do Brasil,Pacajus EC; EC Próspera; UR Trabalhadores; Ação; Crato; Clube Sociedade Esportiva,rteab6418ace7f56=Internacional; rt4e2e39849b26d8=Remo; rtbda879ee691a54=Chapecoense; rtc844f037e15630=Ceará; rt4755b887b873fc=Vasco da Gama; rtba608dbac31d11=Ponte Preta; rt172678e7ed34e5=Mirassol; rt71a90b587c29c3=Altos; rt82235bfb6f61c5=CSA; rteda5bdd932fa64=Sport Recife; rtc580241c4b4017=Operário PR; rt7bec13bcdb8b4d=Figueirense; rt1537e049da83a9=Tuntum; rt47ea83c8e136dd=Fluminense; rt2c153237e457d7=Paysandu; rt91f13935ae22a7=Volta Redonda; rte963d27c08121a=Palmeiras; rt434348404b6bc1=Fortaleza; rtd076c288773b0f=Cruzeiro; rtcb3f5b76598def=Grêmio; rt8db290066fa26b=São Raimundo AM; rt1311759c7ef0c9=Novorizontino; rt10a028d60d2e38=Vila Nova; rt785c40a781a82a=RB Bragantino; rt818abe2d31fd9a=Juventude; rt50734ff00e23f9=Atlético Goianiense; rt56602c3a84b420=Athletico Paranaense; rt65ddea615e2471=Campinense; rt56940ec2784ec8=Goiás; rt608a22f93f647d=Bahia; rt9040b2d312aa0e=Cuiabá; rt34e2de9a09c95b=Manaus; rtcbbb22c10cf786=Maricá; rt36f2c934ec70c0=Ferroviário; rtccac7818bac957=Flamengo; rt018a66b3ea5536=Tombense; rt007f02a8296bb9=Náutico; rtf1ae350040ce1b=América Mineiro; rtae9f8a81515fbf=Atlético Mineiro; rtf3a888e62c81cf=Sampaio Corrêa; rt51d46f0ad82643=Avaí; rt5abc12b3263cee=União Rondonópolis; rt6ef1560fec6329=Coritiba; rtd7e6f6b76149f0=Brasil de Pelotas; rt0a4ecb45eeb0f6=Guarani SP; rt7395ea005430ed=Salgueiro; rtabddd8b7dee058=CRB; rtec30874bd013ee=Corinthians; rtdd7cc497b7e4ad=Botafogo SP; rt154d21631cb8be=ABC; rt42a22c4a5b3fac=URT; rt4feb8fd75f65e5=Glória; rtd52e20e0db2889=Londrina; rtb76e97a618357d=Botafogo; rtce0e4e68d89aac=Vitória; rtb506fdbed10224=Criciúma; rta1b061380a4b09=Santos
Brazil,Brasileiro Série D,2023,Copa do Brasil,Pacajus EC; Nacional FC,rteab6418ace7f56=Internacional; rt4e2e39849b26d8=Remo; rtbda879ee691a54=Chapecoense; rtc844f037e15630=Ceará; rt4755b887b873fc=Vasco da Gama; rtba608dbac31d11=Ponte Preta; rteda5bdd932fa64=Sport Recife; rt82235bfb6f61c5=CSA; rtc580241c4b4017=Operário PR; rt1537e049da83a9=Tuntum; rt47ea83c8e136dd=Fluminense; rt8f67ab2e6f62b3=São Bernardo; rt91f13935ae22a7=Volta Redonda; rt2c153237e457d7=Paysandu; rte963d27c08121a=Palmeiras; rt434348404b6bc1=Fortaleza; rtfc212e81a5fc21=Caldense; rtcb3f5b76598def=Grêmio; rt10a028d60d2e38=Vila Nova; rt504d2cbfcd2bc7=São Paulo; rt785c40a781a82a=RB Bragantino; rt818abe2d31fd9a=Juventude; rt9fa17550e3343e=São Luiz; rtcadc4b8f4c226a=Brusque; rt50734ff00e23f9=Atlético Goianiense; rt2e0fc6a49ee964=Ypiranga RS; rt56940ec2784ec8=Goiás; rt608a22f93f647d=Bahia; rt9040b2d312aa0e=Cuiabá; rt34e2de9a09c95b=Manaus; rt96d013e51129f1=Botafogo PB; rtbbe1fa6c64ab85=Marcílio Dias; rtccac7818bac957=Flamengo; rt018a66b3ea5536=Tombense; rt007f02a8296bb9=Náutico; rtf1ae350040ce1b=América Mineiro; rtf3a888e62c81cf=Sampaio Corrêa; rtae9f8a81515fbf=Atlético Mineiro; rt51d46f0ad82643=Avaí; rt6ef1560fec6329=Coritiba; rtf4448c47da2692=América RN; rtabddd8b7dee058=CRB; rtec30874bd013ee=Corinthians; rtdd7cc497b7e4ad=Botafogo SP; rt154d21631cb8be=ABC; rtd52e20e0db2889=Londrina; rt32f20abd485e34=Ituano; rtb76e97a618357d=Botafogo; rtce0e4e68d89aac=Vitória; rtb506fdbed10224=Criciúma; rt0147d89e87012a=Marília; rt602d8173b76ccc=Nova Mutum EC; rta1b061380a4b09=Santos
Brazil,Brasileiro Série D,2024,Copa do Brasil,AA Altos; São José/SP; Manaus FC,rteab6418ace7f56=Internacional; rt4e2e39849b26d8=Remo; rtc844f037e15630=Ceará; rteda5bdd932fa64=Sport Recife; rt4755b887b873fc=Vasco da Gama; rtc580241c4b4017=Operário PR; rtf6773aa16204b4=Olaria; rt47ea83c8e136dd=Fluminense; rt8f67ab2e6f62b3=São Bernardo; rt91f13935ae22a7=Volta Redonda; rt2c153237e457d7=Paysandu; rte963d27c08121a=Palmeiras; rt434348404b6bc1=Fortaleza; rtd076c288773b0f=Cruzeiro; rtcb3f5b76598def=Grêmio; rt504d2cbfcd2bc7=São Paulo; rt785c40a781a82a=RB Bragantino; rt818abe2d31fd9a=Juventude; rta115c0f3cc227e=Nova Venécia; rt9fa17550e3343e=São Luiz; rtcadc4b8f4c226a=Brusque; rt50734ff00e23f9=Atlético Goianiense; rt81de1608b924e1=Independente AP; rt56602c3a84b420=Athletico Paranaense; rt2e0fc6a49ee964=Ypiranga RS; rt7bbf5d63e6c889=Portuguesa Santista; rt87f5785a95c511=Villa Nova; rt56940ec2784ec8=Goiás; rt608a22f93f647d=Bahia; rt9040b2d312aa0e=Cuiabá; rt1c43fc44a6eaa3=CEOV Operário; rt36f2c934ec70c0=Ferroviário; rte5fdc35a46cd32=Confiança; rtbbe1fa6c64ab85=Marcílio Dias; rtccac7818bac957=Flamengo; rt018a66b3ea5536=Tombense; rtf1ae350040ce1b=América Mineiro; rt6420facbcfb32f=Aparecidense; rtf3a888e62c81cf=Sampaio Corrêa; rtae9f8a81515fbf=Atlético Mineiro; rtf9f7d89eb5b558=Amazonas; rt2d6a8ecb9b8653=Operário FC MS; rte2e6a9d010dae6=Murici FC; rt6ef1560fec6329=Coritiba; rt78e97396606e7c=GAS; rtb6cf4378f24b15=Ji-Paraná; rtabddd8b7dee058=CRB; rtec30874bd013ee=Corinthians; rtdd7cc497b7e4ad=Botafogo SP; rt154d21631cb8be=ABC; rt0c7239c4bc26b0=Athletic Club MG; rt32f20abd485e34=Ituano; rtb76e97a618357d=Botafogo; rtce0e4e68d89aac=Vitória; rtb506fdbed10224=Criciúma
Bulgaria,Bulgarian A PFG,2004,First League,PFC Vidima-Rakovski,rt6d0ec2578b93b8=Botev 1912 Plovdiv; rt2a833c64ab06fa=Marek; rt38a95af3fd367a=Chernomorets Sofia; rt30d607d76153ba=Chernomorets Pomorie; rt517467dfe098bf=Vidima-Rakovski; rt6b0d198746bb82=Vidima-Rakovski; rt2d23974cf66ad2=Makedonska Slava
Bulgaria,Bulgarian A PFG,2005,First League,PFC Vidima-Rakovski,rt2a833c64ab06fa=Marek; rt30d607d76153ba=Chernomorets Pomorie; rt517467dfe098bf=Vidima-Rakovski; rt6b0d198746bb82=Vidima-Rakovski
Bulgaria,Bulgarian A PFG,2008,First League,PFC Vidima-Rakovski,rt6d0ec2578b93b8=Botev 1912 Plovdiv; rtbf693d57d9d3bd=PSFK Chernomorets Burgas; rt2a833c64ab06fa=Marek; rt6b0d198746bb82=Vidima-Rakovski; rt517467dfe098bf=Vidima-Rakovski
Bulgaria,Bulgarian A PFG,2011,First League,PFC Vidima-Rakovski,rt723b7a5f3d6087=Minyor Pernik; rtbf693d57d9d3bd=PSFK Chernomorets Burgas; rt517467dfe098bf=Vidima-Rakovski; rt6b0d198746bb82=Vidima-Rakovski
Bulgaria,Bulgarian A PFG,2012,First League,PFC Vidima-Rakovski,rt723b7a5f3d6087=Minyor Pernik; rtbf693d57d9d3bd=PSFK Chernomorets Burgas; rt517467dfe098bf=Vidima-Rakovski; rt6b0d198746bb82=Vidima-Rakovski; rt6f1dae4f0731fa=Svetkavitsa 1922
China,Chinese Super League,2006,Chinese Super League,Shenyang Ginde; Qingdao Zhongneng; Tianjin Teda; Inter Xian Chanba,rt0ad81991188156=Beijing Chengfeng; rt6e55537bf118b6=Tianjin Jinmen Tiger; rt61beb6dc881ee8=Qingdao Hainiu; rta052416841ac63=Guangzhou City
China,Chinese Super League,2007,Chinese Super League,Qingdao Zhongneng; Changsha Ginde; Shaanxi Baorong; Tianjin Teda,rt0ad81991188156=Beijing Chengfeng; rt6e55537bf118b6=Tianjin Jinmen Tiger; rt61beb6dc881ee8=Qingdao Hainiu; rta052416841ac63=Guangzhou City
China,Chinese Super League,2008,Chinese Super League,Qingdao Zhongneng; Changsha Ginde; Hangzhou Greentown; Tianjin Teda; Shaanxi Chanba,rt0ad81991188156=Beijing Chengfeng; rt6e55537bf118b6=Tianjin Jinmen Tiger; rt7d00d17ba329a0=Zhejiang; rt61beb6dc881ee8=Qingdao Hainiu; rta052416841ac63=Guangzhou City
China,Chinese Super League,2009,Chinese Super League,Qingdao Jonoon; Changsha Ginde; Hangzhou Greentown; Tianjin Teda; Shaanxi Chanba,rt0ad81991188156=Beijing Chengfeng; rt6e55537bf118b6=Tianjin Jinmen Tiger; rt7d00d17ba329a0=Zhejiang; rt61beb6dc881ee8=Qingdao Hainiu; rta052416841ac63=Guangzhou City
China,Chinese Super League,2010,Chinese Super League,Qingdao Jonoon; Changsha Ginde; Nanchang Hengyuan; Hangzhou Greentown; Tianjin Teda; Shaanxi Chanba,rt9bf720d56c2847=Shanghai Shenxin; rt0ad81991188156=Beijing Chengfeng; rt6e55537bf118b6=Tianjin Jinmen Tiger; rt7d00d17ba329a0=Zhejiang; rt61beb6dc881ee8=Qingdao Hainiu; rta052416841ac63=Guangzhou City
China,Chinese Super League,2011,Chinese Super League,Qingdao Jonoon; Nanchang Hengyuan; Hangzhou Greentown; Tianjin Teda; Shaanxi Chanba,rt9bf720d56c2847=Shanghai Shenxin; rt0ad81991188156=Beijing Chengfeng; rt6e55537bf118b6=Tianjin Jinmen Tiger; rt7d00d17ba329a0=Zhejiang; rt61beb6dc881ee8=Qingdao Hainiu
China,Chinese Super League,2012,Chinese Super League,Qingdao Jonoon; Hangzhou Greentown; Tianjin Teda,rt61beb6dc881ee8=Qingdao Hainiu; rt7d00d17ba329a0=Zhejiang; rt6e55537bf118b6=Tianjin Jinmen Tiger
China,Chinese Super League,2013,Chinese Super League,Qingdao Jonoon; Hangzhou Greentown; Tianjin Teda; Shanghai East Asia,rt0a3feff7a5441c=Shanghai Port; rt61beb6dc881ee8=Qingdao Hainiu; rt7d00d17ba329a0=Zhejiang; rt6e55537bf118b6=Tianjin Jinmen Tiger
China,Chinese Super League,2014,Chinese Super League,Hangzhou Greentown; Tianjin Teda; Shanghai East Asia,rt0a3feff7a5441c=Shanghai Port; rt7d00d17ba329a0=Zhejiang; rt6e55537bf118b6=Tianjin Jinmen Tiger
China,Chinese Super League,2015,Chinese Super League,Shijiazhuang Yongchang; Tianjin Teda; Shanghai SIPG; Hangzhou Greentown,rt6e55537bf118b6=Tianjin Jinmen Tiger; rt0a3feff7a5441c=Shanghai Port; rt7d00d17ba329a0=Zhejiang; rt44dfff72415726=Cangzhou Mighty Lions
China,Chinese Super League,2016,Chinese Super League,Tianjin Teda; Hangzhou Greentown; Shanghai SIPG,rt0a3feff7a5441c=Shanghai Port; rt7d00d17ba329a0=Zhejiang; rt6e55537bf118b6=Tianjin Jinmen Tiger
China,Chinese Super League,2017,Chinese Super League,Shanghai SIPG; Tianjin Teda; Tianjin Quanjian,rt0a3feff7a5441c=Shanghai Port; rtc7b3e47055771f=Tianjin Tianhai; rt6e55537bf118b6=Tianjin Jinmen Tiger
China,Chinese Super League,2018,Chinese Super League,Shanghai SIPG; Tianjin Teda; Tianjin Quanjian,rt0a3feff7a5441c=Shanghai Port; rtc7b3e47055771f=Tianjin Tianhai; rt6e55537bf118b6=Tianjin Jinmen Tiger
China,Chinese Super League,2019,Chinese Super League,Shanghai SIPG; Tianjin Teda,rt0a3feff7a5441c=Shanghai Port; rt6e55537bf118b6=Tianjin Jinmen Tiger
China,Chinese Super League,2020,Chinese Super League,Tianjin Teda; Shanghai SIPG,rt0a3feff7a5441c=Shanghai Port; rt6e55537bf118b6=Tianjin Jinmen Tiger
Czech Republic,Czech First League,1994,Czech Liga,Bohemians Praha; Dukla Prague,rt5ae5c11501b087=Bohemians 1905; rtda76cca8787f68=Dukla Praha
Czech Republic,Czech First League,1998,Czech Liga,FC Dukla,rt251105b853f5c5=Příbram
Czech Republic,Czech First League,1999,Czech Liga,FC Dukla,rt251105b853f5c5=Příbram
Denmark,Danish First Division,2011,1. Division,FC Hjørring,rta8756256120fd3=Vendsyssel
Denmark,Danish First Division,2012,1. Division,FC Hjørring; Blokhus FC,rtbd1d8caa03bda0=Jammerbugt; rtb2d6a69ac9363d=Vejle-Kolding; rta8756256120fd3=Vendsyssel; rt7bf7b7a5adec60=Esbjerg
Denmark,Danish First Division,2013,1. Division,FC Hjørring,rtb2d6a69ac9363d=Vejle-Kolding; rta8756256120fd3=Vendsyssel
Egypt,Egyptian Premier League,2015,Premier League,Alassiouty Sport; Ala'ab Damanhur,rt9468c90b0fd059=Pyramids; rt9d9f434816b6b3=Alaab Damanhour
Egypt,Egyptian Premier League,2018,Premier League,Alassiouty Sport,rt9468c90b0fd059=Pyramids
England,Conference National,2005,EFL Trophy,Gravesend & Northfleet; Farnborough Town; Leigh RMI,rt2187bca0fbeccb=Blackpool; rt3e7253907e106a=Huddersfield Town; rtdb4308cb351fa7=Brentford; rtdd0bfd1c1d5cd3=Swindon Town; rt1312d9fcf853d1=Tranmere Rovers; rt5d159d823d3955=Northampton Town; rtf38678780871c4=Hull City; rtb3e9f092ec5270=Swansea City; rt0fdebc0d8d9822=Leyton Orient; rt754cce2b06b9be=Southend United; rt17f85d548dc6fe=Yeovil Town; rt1015e42eba32a1=Boston United; rta4fc58756b05c1=Bristol Rovers; rtc04ce170fc153d=Wrexham; rte40db967668f5c=Darlington FC; rtd7ca58fe2d4ec4=Oldham Athletic; rt198e0ae2e35c83=Mansfield Town; rt7d54392335a594=Cheltenham Town; rt82c6b9d5ff8dcd=Walsall; rtdf0e3e771377ab=Notts County; rt26ed9d4c5444e5=Cambridge United; rta2ec360bd8ed7a=Sheffield Wednesday; rtcfca1c5bc1f889=Torquay United; rtfbd83761e8d550=Bury; rt552ae84d864dc8=Shrewsbury Town; rtc5beaf5177410e=Peterborough United; rte93c4746da96d4=Chester City; rt08b4e3c976eaed=Grimsby Town; rtaaa729d58df286=Colchester United; rte808f92ebe1cdf=Hartlepool United; rt3bdff329d36885=AFC Bournemouth; rt12377d64a47874=Port Vale; rted533365eb88c8=Bristol City; rt4029f262a14ccc=Chesterfield; rt463aeeed54f19a=Bradford City; rt44c927a61bff3f=Kidderminster Harriers; rt63f4537f7817a6=Oxford United; rt2c7c71d8b367bd=Wycombe Wanderers; rt0feb87271aa74b=Luton Town; rt3985a98fba67c7=Barnsley; rt246c637d2dd80b=Lincoln City; rtf83dba7b1ccf31=Rochdale; rt6798653c706b28=Doncaster Rovers; rtc3e59a354d31e3=Scunthorpe United; rtfae00d0226c2fb=MK Dons; rte9c61f6b27f847=Rushden & Diamonds; rt58bb00ba9fd056=Macclesfield Town; rt1e3ecbcd893079=Stockport County
England,Conference National,2006,EFL Trophy,Gravesend & Northfleet,rt2187bca0fbeccb=Blackpool; rt3e7253907e106a=Huddersfield Town; rtdb4308cb351fa7=Brentford; rtdd0bfd1c1d5cd3=Swindon Town; rt1312d9fcf853d1=Tranmere Rovers; rt5d159d823d3955=Northampton Town; rt5f843031650262=Carlisle United; rtb3e9f092ec5270=Swansea City; rt0fdebc0d8d9822=Leyton Orient; rtb42defac103316=Rotherham United; rt754cce2b06b9be=Southend United; rt17f85d548dc6fe=Yeovil Town; rt1015e42eba32a1=Boston United; rta4fc58756b05c1=Bristol Rovers; rtc04ce170fc153d=Wrexham; rte40db967668f5c=Darlington FC; rtd7ca58fe2d4ec4=Oldham Athletic; rt198e0ae2e35c83=Mansfield Town; rt7d54392335a594=Cheltenham Town; rt82c6b9d5ff8dcd=Walsall; rtdf0e3e771377ab=Notts County; rtcfca1c5bc1f889=Torquay United; rtfbd83761e8d550=Bury; rt552ae84d864dc8=Shrewsbury Town; rt42d55695ec02c2=Barnet; rtc5beaf5177410e=Peterborough United; rte93c4746da96d4=Chester City; rt08b4e3c976eaed=Grimsby Town; rtaaa729d58df286=Colchester United; rte808f92ebe1cdf=Hartlepool United; rt3bdff329d36885=AFC Bournemouth; rt12377d64a47874=Port Vale; rted533365eb88c8=Bristol City; rt4029f262a14ccc=Chesterfield; rt463aeeed54f19a=Bradford City; rt63f4537f7817a6=Oxford United; rt31c46b8d4bd54c=Gillingham; rt2c7c71d8b367bd=Wycombe Wanderers; rt3985a98fba67c7=Barnsley; rt246c637d2dd80b=Lincoln City; rtf83dba7b1ccf31=Rochdale; rt6798653c706b28=Doncaster Rovers; rtc3e59a354d31e3=Scunthorpe United; rtfae00d0226c2fb=MK Dons; rte9c61f6b27f847=Rushden & Diamonds; rt9420ae803b8a55=Nottingham Forest; rtae7bf96db5c7fe=Halifax Town AFC; rt58bb00ba9fd056=Macclesfield Town; rt1e3ecbcd893079=Stockport County
England,Conference National,2008,FA Cup,Stevenage Borough,rt2187bca0fbeccb=Blackpool; rt3e7253907e106a=Huddersfield Town; rtdb4308cb351fa7=Brentford; rtbaccc9912a7639=Crystal Palace; rtdd0bfd1c1d5cd3=Swindon Town; rtf9a63492117ffa=Bolton Wanderers; rt1894a8c0e2ac6f=Harrogate Railway; rtf38678780871c4=Hull City; rt46274edfcbcb20=Middlesbrough; rt63d613341bc69c=West Ham United; rtb3e9f092ec5270=Swansea City; rte6ffea0f1970a8=Portsmouth; rt1874a32186f729=Ipswich Town; rt0fdebc0d8d9822=Leyton Orient; rt17f85d548dc6fe=Yeovil Town; rt9a79cf4e54e278=Everton; rt0fcab1a2109ab8=Liverpool; rte40db967668f5c=Darlington FC; rtd22234f84172b5=Workington; rteb1bce40b839a3=Reading; rtebfbadc8ea5e46=Stoke City; rta2ec360bd8ed7a=Sheffield Wednesday; rtbc67cd7c5a1d66=Coventry City; rtb471f322d5ad96=Sunderland; rtcb5205b7f83a93=Fulham; rt42d55695ec02c2=Barnet; rtc5beaf5177410e=Peterborough United; rtaea68aff5f69f5=Birmingham City; rteee4b9752bbf6e=Crewe Alexandra; rt97148584aad5f2=Gainsborough Trinity; rte808f92ebe1cdf=Hartlepool United; rtb29d3033d0bcfa=Lewes; rta2496d86110a96=Plymouth Argyle; rt6dc1794a66104e=Cardiff City; rt0c655a02ded38c=Billericay Town; rt27e91454a0506b=Staines Town; rt4029f262a14ccc=Chesterfield; rt463aeeed54f19a=Bradford City; rt2691f838aa42b7=Hampton & Richmond Borough; rt78f360d6fde57e=Brighton & Hove Albion; rt31c46b8d4bd54c=Gillingham; rt66c8aab2739df4=Chasetown; rt0feb87271aa74b=Luton Town; rt77d4462df05f87=Millwall; rtf83dba7b1ccf31=Rochdale; rt6798653c706b28=Doncaster Rovers; rtc3e59a354d31e3=Scunthorpe United; rtfae00d0226c2fb=MK Dons; rt9420ae803b8a55=Nottingham Forest; rt1766c4f7cb0931=Sheffield United; rt3804c2fe7fac4a=Derby County; rt58bb00ba9fd056=Macclesfield Town; rt1e3ecbcd893079=Stockport County; rtcffb6a6bdb89fe=Tottenham Hotspur; rt1312d9fcf853d1=Tranmere Rovers; rt5d159d823d3955=Northampton Town; rt85aa78bccbd812=Manchester United; rt98756cd7e07239=Dagenham & Redbridge; rt9976410531e9e0=Accrington Stanley; rt5ab67076de8cc1=Aston Villa; rt5f843031650262=Carlisle United; rt0e8068b600de6f=Charlton Athletic; rt8207c50b498ed3=Burnley; rtb42defac103316=Rotherham United; rt754cce2b06b9be=Southend United; rt3763d29e7947d8=Chelsea; rt37c836a696a159=Manchester City; rt250a8e01ce9b5f=Team Bath; rta4fc58756b05c1=Bristol Rovers; rtdd8b468937ef95=Leicester City; rtc04ce170fc153d=Wrexham; rtb938e69fc6798c=Horsham; rt9587b13df1ee36=Norwich City; rtc7823084c7106d=Barrow; rtd7ca58fe2d4ec4=Oldham Athletic; rt8391e79361cddb=Havant & Waterlooville; rt7d54392335a594=Cheltenham Town; rt198e0ae2e35c83=Mansfield Town; rtfc419c6db9e06f=Watford; rt82c6b9d5ff8dcd=Walsall; rt411d7e1fcb4344=West Bromwich Albion; rtdf0e3e771377ab=Notts County; rt12293edf3687d3=Eastbourne Borough; rt35d1f783b10ae1=Wolverhampton Wanderers; rtfbd83761e8d550=Bury; rt4ba241d195a7ef=Southampton; rt552ae84d864dc8=Shrewsbury Town; rt71340d594d0070=Queens Park Rangers; rt84087618db2514=Stevenage; rte93c4746da96d4=Chester City; rt08b4e3c976eaed=Grimsby Town; rtaaa729d58df286=Colchester United; rtb01a66eeafc5d1=Maidenhead United; rt13f99514be4cfd=Arsenal; rt3bdff329d36885=AFC Bournemouth; rt12377d64a47874=Port Vale; rted533365eb88c8=Bristol City; rt365871515258f5=Morecambe; rt725d9c91e10276=Ware; rt9216c37cb92105=Newcastle United; rt2c7c71d8b367bd=Wycombe Wanderers; rtb40f1898d8eae5=Wigan Athletic; rt3985a98fba67c7=Barnsley; rt246c637d2dd80b=Lincoln City; rtdbcda165253dc1=Hereford United; rt408930303688f2=Blackburn Rovers; rt2c10fab805c3ea=Leeds United; rtae7bf96db5c7fe=Halifax Town AFC; rt49f0771087c715=Preston North End
England,Conference National,2009,FA Cup,Stevenage Borough,rt2187bca0fbeccb=Blackpool; rt3e7253907e106a=Huddersfield Town; rtdb4308cb351fa7=Brentford; rtdd0bfd1c1d5cd3=Swindon Town; rtcdb964b0aac3f6=Rainworth Miners Welfare; rtf9a63492117ffa=Bolton Wanderers; rtb800e2c1fc5634=Whitstable Town; rtfc15244132a418=Harlow Town; rt69be6ba4ff7fc2=Farnborough; rtd673ddbcef648d=Weston-super-Mare; rtf0be1c481e1f14=Barwell; rt369f2f9abddb12=Farsley Celtic AFC; rtdab4709d4d21a6=Bradford (Park Avenue); rt6c6fe4b89543d7=Carshalton Athletic; rt1874a32186f729=Ipswich Town; rt5a1bf89ad7b810=Ashington AFC; rt0fdebc0d8d9822=Leyton Orient; rt87fbfd90e96f45=Fisher Athletic; rtfbc086fa0e6c7f=Stourport Swifts; rt0db19b1f6f8280=Frome Town; rt34062ccf1aa6fc=Whyteleafe; rtc13f3cbca043bf=Droylsden; rt0fcab1a2109ab8=Liverpool; rt3473bbd4f85035=Merthyr Tydfil; rt94967f56d0de1d=Great Wakering Rovers; rtcb5205b7f83a93=Fulham; rteee4b9752bbf6e=Crewe Alexandra; rte359a792240c03=Pickering Town; rt808a786e8acdef=Hendon; rtd3995833dfe06a=Calne Town; rt4029f262a14ccc=Chesterfield; rtb04fb6ba96b094=Bedlington Terriers; rt40743aa5c1b6aa=Durham City; rtcb73a003a6beb0=Tamworth; rt9d53b58fd2d433=Concord Rangers; rt1e7aecfe398df4=Godalming Town; rt79b61c44187a2b=Retford United; rt1ccc9c4fa9d862=Hednesford Town; rt433f62d2c36d83=Colne; rtfae00d0226c2fb=MK Dons; rt1766c4f7cb0931=Sheffield United; rt3804c2fe7fac4a=Derby County; rt8def34e8b830d3=Solihull Moors; rt1e3ecbcd893079=Stockport County; rtb006037d3c9407=Merstham; rtff6ca8d3adbe00=Stanway Rovers; rte314ff2edbae72=Leyton; rte856915b1a4461=Atherton Laburnum Rovers; rta205dc260b9c75=Stocksbridge Park Steels; rt0e8068b600de6f=Charlton Athletic; rt6e8c7417e081b2=Dulwich Hamlet; rt640e9beef91da4=Bootle; rt2f111dbcf0abe2=Brackley Town; rteee0cb53aed994=Canvey Island; rt9378d6eb6cbedc=Brentwood Town; rt37c836a696a159=Manchester City; rtd98724fb99eae6=Hucknall Town; rtcad58abf40adfc=Gresley Rovers; rtd003a103ec98b9=Chelmsford City; rt56f432850ba23f=North Leigh; rtdf0e3e771377ab=Notts County; rt438df82d659ae3=Warrington Town; rt4ba241d195a7ef=Southampton; rtbe6c6d5c4f117b=Hastings United; rt3beee0a378c5b8=Cornard United; rtadd92224a6586e=Newport County; rt8e4acb4bc87442=Banbury United; rt02448b8ff04e4b=Buxton; rt12377d64a47874=Port Vale; rt725d9c91e10276=Ware; rtd469424bab9f4a=Witham Town; rtf252edf10be6b9=Frickley Athletic; rt9216c37cb92105=Newcastle United; rt6f4bb8745d66dc=Barton Rovers; rtcb92ca7aea6817=Kings Lynn; rta170970a629cd7=Stourbridge; rt4e958f0018e8a4=Beaconsfield Town; rtc8b890be34f14e=Chesham United; rt7ef3483ecd713e=Paulton Rovers; rt9928b1af6b2cf3=Shildon AFC; rt3600e7d9a526d4=Studley; rt7599cd6badf69e=Taunton Town; rtc2e3b8facc224e=Dartford; rt056ae900d1743c=Shortwood United; rt4c56082dba03e1=Flixton; rt18f2b0c027655f=Bitton; rt431cb75bea206e=Crook Town AFC; rt77b9bf43ca52a3=Cray Wanderers; rtd2b276d6f6cc2d=Erith & Belvedere; rt556bb40c23856e=Whitby Town; rtd066ced808bee4=Nantwich Town; rt63d613341bc69c=West Ham United; rt56f8031a762a28=Friar Lane & Epworth; rtb3e9f092ec5270=Swansea City; rt085d3e246cea6a=Croydon Athletic; rtb3729e2c2cb838=Basingstoke Town; rt17f85d548dc6fe=Yeovil Town; rt7a33265f2b2d0a=Kingstonian; rtc827ce68aa5b4c=Cammell Laird; rt88f22a11642b02=Wealdstone; rteb1bce40b839a3=Reading; rt621d4cb944c554=Bromley; rt79ec4ef3fd9e07=Oxford City; rt897585483eca40=Gateshead; rtce0bb3beb73933=Stratford Town; rt8269d931a9f7a6=Southport; rtb105f3b6fbfbf6=Tiverton Town; rt2bab2cc41e91cf=Thatcham Town; rta130b6a2602565=Kendal Town; rt5ed6fae4af2f62=Bashley; rtb10003d25c2515=Dunstable Town; rtf01c70c1ff2869=Biggleswade United; rta2496d86110a96=Plymouth Argyle; rt9770efc5e89271=Ashton United; rt0c655a02ded38c=Billericay Town; rtfad3c75479c65e=Tiptree United; rt463aeeed54f19a=Bradford City; rt47e114fae86337=Worksop Town; rt3900b261dec699=Chalfont St Peter; rt0feb87271aa74b=Luton Town; rt16db0ec54a0514=Matlock Town; rt77d4462df05f87=Millwall; rtf83dba7b1ccf31=Rochdale; rt052d58cd5f4533=Shepshed Dynamo; rtc8e5811c2d82cd=Stafford Rangers; rta39ac0ff5e5847=Thurrock; rtaa1a0f88ef2e5c=North Ferriby United; rt6b66f0f7ea5958=Cambridge City; rt7942bfe2c0703a=Hemel Hempstead Town; rtf577272fbf2e91=Swindon Supermarine; rt85aa78bccbd812=Manchester United; rt9976410531e9e0=Accrington Stanley; rt5f843031650262=Carlisle United; rt9f5d961f1b7abb=Southam United; rt832f862b193afc=East Thurrock United; rtb42defac103316=Rotherham United; rt3ab8ef319b0655=Gloucester City; rt9ee99d2095c2a3=Bath City; rta4fc58756b05c1=Bristol Rovers; rtdd8b468937ef95=Leicester City; rt1ff70775cd8631=Gornal Athletic; rtfc419c6db9e06f=Watford; rt689fe25c1c8f7b=Lincoln United; rt7fddb719c3b1f7=Metropolitan Police; rteeaf106a9493c5=Leigh Genesis; rt82c6b9d5ff8dcd=Walsall; rt823f2ea05e4520=Ryton & Crawcrook; rt880a8cb9b6f7f5=Woodley Sports; rtd19e64f1f938e6=Grantham Town; rt473c00f336551d=Dunston UTS; rt28d62159097b47=Stamford; rtf9994daaa7f7d7=Leek Town; rt84087618db2514=Stevenage; rte93c4746da96d4=Chester City; rtb01a66eeafc5d1=Maidenhead United; rt3bdff329d36885=AFC Bournemouth; rt6371e5e74782d0=Folkestone Invicta; rt55d1eb37a3c76e=Stewarts & Lloyds; rt2145fe635eb37c=AFC Telford United; rtf6a3d35676ead9=Mossley; rt2c7c71d8b367bd=Wycombe Wanderers; rtce533a22304db9=Skelmersdale United; rt6adbe0443f8676=Bury Town; rtb40f1898d8eae5=Wigan Athletic; rt964b8df44fffb1=Wroxham; rt2e863906965f2a=Corby Town; rt493a9b0a980b7d=Witton Albion; rtdbcda165253dc1=Hereford United; rt169f53213fa41e=Larkhall Athletic; rt4cf0dfe4bc34a3=Aylesbury United; rt408930303688f2=Blackburn Rovers; rt7e00ec6a027f18=Arundel; rt58d52ebf837eca=Chippenham Town; rta41d24e5ccbf77=Fleet Town; rteb803316b8150d=Bacup Borough; rt971a7973685a73=Brigg Town; rtad5801b492358f=Ashford Town (Kent); rt12f29c27e1b25d=Winterton Rangers; rt8cad4775187619=Tonbridge Angels; rtbaccc9912a7639=Crystal Palace; rt065440f6b46fd3=Hitchin Town; rtd4a852b140dcd4=Bracknell Town; rtcac463878b9c88=Chipstead; rtf38678780871c4=Hull City; rt46274edfcbcb20=Middlesbrough; rt68c25dc71c7e29=Horsham YMCA; rt306619aa4b0d44=Long Eaton United; rt9a79cf4e54e278=Everton; rt6242ba550d058d=Wingate & Finchley; rtde573c42201304=Willenhall Town; rt8c31fb7c84ca84=Yaxley; rt86203e9770c489=Blyth Spartans; rtd2c08879199c5d=Ramsgate; rtebfbadc8ea5e46=Stoke City; rte77d6dc3f8f40e=Welling United; rtcd925ff9efa969=Clevedon Town; rtdeb931e2c3a1b6=Bishop's Stortford; rtbc67cd7c5a1d66=Coventry City; rtb471f322d5ad96=Sunderland; rt97148584aad5f2=Gainsborough Trinity; rtfe32864bdd28c4=Sheffield; rte808f92ebe1cdf=Hartlepool United; rtc9d034e1b4a670=Mildenhall Town; rt66c8aab2739df4=Chasetown; rt1de21f73eb0ad5=Slough Town; rt12ee047133315a=Ellesmere Rangers; rt1a5118a1bd4fe5=Rugby Town; rt6798653c706b28=Doncaster Rovers; rtc3e59a354d31e3=Scunthorpe United; rt9420ae803b8a55=Nottingham Forest; rtb001076fa53dcd=Romulus; rt58bb00ba9fd056=Macclesfield Town; rt7a62793cc12191=Sleaford Town; rtcffb6a6bdb89fe=Tottenham Hotspur; rtd1892f6a8dc29d=Bridlington Town; rta28ff0b031e6c0=Bridport; rt1312d9fcf853d1=Tranmere Rovers; rt2a5456047d1299=Burscough; rtd55917e02987fa=Raunds Town; rt1bae3f53044b13=Cheshunt; rt98756cd7e07239=Dagenham & Redbridge; rt5ab67076de8cc1=Aston Villa; rt2492a254858b29=Tipton Town; rtb49a99d225dd2e=Almondsbury Town; rtb881f3a009460c=Eastbourne Town; rt754cce2b06b9be=Southend United; rtded56f7d37bbcf=Truro City; rt0c5902dbbf73a7=Alfreton Town; rt38590701c75687=Yate Town; rtc002491146de81=Selby Town; rt1015e42eba32a1=Boston United; rt250a8e01ce9b5f=Team Bath; rt09d318200a9758=Aldershot Town; rt7d54392335a594=Cheltenham Town; rt411d7e1fcb4344=West Bromwich Albion; rtfbd83761e8d550=Bury; rt7a20b58a4cab24=Hayes & Yeading United; rt71340d594d0070=Queens Park Rangers; rt552ae84d864dc8=Shrewsbury Town; rte19ff2c3276a8e=Prescot Cables; rte92f19e21fa6cd=Sutton United; rt08b4e3c976eaed=Grimsby Town; rt19ebdb45bbb06f=Cradley Town; rtd6244594fec7d5=Dorchester Town; rt13f99514be4cfd=Arsenal; rtcf1eaf97d94fe6=Boreham Wood; rt365871515258f5=Morecambe; rt00de778fb9da19=Salford City; rte57071688ae942=Nuneaton Town; rt5824386df5113d=Vauxhall Motors; rt671ea4ccd14c7e=Halesowen Town; rt251a820a44a222=Stalybridge Celtic; rt1c786597e98eac=Glapwell; rtf11cf46bc7dc2d=Leiston; rtd3062c6ed8e543=Gosport Borough; rt04863a558dd59d=Curzon Ashton; rt958eb53bbccd13=Meir KA; rt8baf49fa8bd024=Boston Town; rt33dc644f735b1d=Whitley Bay; rt7b1e3b8ec95765=Winchester City; rt3985a98fba67c7=Barnsley; rt246c637d2dd80b=Lincoln City; rt5fd1b6e60eb0ec=Shifnal Town; rtc05d6c3d94212f=Newcastle Benfield; rt1a84b9552379ea=Walton Casuals; rta7c46b6e97494c=Uxbridge; rt7ac9455500f5a7=Braintree Town; rt49f0771087c715=Preston North End; rtfe58ce26978314=Ashford Town (Middlesex); rte160eaeed67460=Belper Town; rt3c3a9af31a5a23=Evesham United; rte0c54527985ef1=Harrow Borough; rtd8796921b9b001=Sittingbourne; rt168a3c51504af5=Burgess Hill Town; rt574840b919db96=Aylesbury Vale Dynamos; rte6ffea0f1970a8=Portsmouth; rt0366ee006a2ba2=Mangotsfield United; rtba84b751d67bda=Hythe Town; rt9ed2da3fb27afc=Bognor Regis Town; rt0a288b7e200c2a=United of Manchester; rt60cb690406a652=Heybridge Swifts; rtba8a645b88d6a6=Fairford Town; rtb24ccf7eaa4402=Guiseley; rt8031e590a4206a=Epsom & Ewell; rt46239573c8df8d=Marine; rtcc19c76abcd966=VCD Athletic; rt1e92f7c27ed424=Coalville Town; rte40db967668f5c=Darlington FC; rtd22234f84172b5=Workington; rt0aeaf886f1bbc8=Aveley; rtfbe0b7cb49961d=Bridgwater United; rtbce1c68b0cddf3=Atherstone Town; rtf2fc267c87e2db=Exeter City; rtf9c02b248a3437=Dover Athletic; rt95d021cc3585b5=Kidsgrove Athletic; rtc2683454ce04cb=Poole Town; rta2ec360bd8ed7a=Sheffield Wednesday; rtdd562508526289=Newport Pagnell Town; rt400e91e61a6b82=Didcot Town; rt42d55695ec02c2=Barnet; rt35b60db210daa6=Downton; rtc5beaf5177410e=Peterborough United; rtaea68aff5f69f5=Birmingham City; rtff762213bc5353=Stotfold; rtb044e55bc0dbc7=Hyde United; rt5c79b01ddbcb5d=Wimborne Town; rt6dc1794a66104e=Cardiff City; rt27e91454a0506b=Staines Town; rt96782a4efa5783=Bedford Town; rt980a2925fddeb5=Maidstone United; rt395183a5b1ae27=St Albans City; rt863a4e1784205c=Needham Market; rt2691f838aa42b7=Hampton & Richmond Borough; rt78f360d6fde57e=Brighton & Hove Albion; rt31c46b8d4bd54c=Gillingham; rtddd49dd07756b3=Colliers Wood United; rt71b21549b473ac=Newcastle Blue Star; rt1948cedc2d3bb1=Waltham Abbey; rtf2ace271a00cd4=Hornchurch; rtbdac07c962da59=Cowes Sports; rte528927e3b0cf5=Leamington; rtb4e4d507837f4f=Ilkeston Town FC; rt35658eea220dab=Tooting & Mitcham United; rt549426a8a02ec8=Margate; rt5d159d823d3955=Northampton Town; rte7b94bfc4ae682=AFC Wimbledon; rta0efdec83809b3=AFC Totton; rt06a84f412e1a7e=Garforth Town; rt8207c50b498ed3=Burnley; rt4c107741c1d2b2=Crowborough Athletic; rtd95f77768a6104=Clacton; rt3763d29e7947d8=Chelsea; rt0f238ab18afbe2=Worthing; rtb938e69fc6798c=Horsham; rt9587b13df1ee36=Norwich City; rt97cd3ca8c2b57a=Hillingdon Borough; rtd7ca58fe2d4ec4=Oldham Athletic; rt8391e79361cddb=Havant & Waterlooville; rt0b5db3ae459754=Leighton Town; rt895ae960ab10b4=Congleton Town; rtca75b682329554=Wakefield; rt35d1f783b10ae1=Wolverhampton Wanderers; rt9738bf4dfbf88f=Thamesmead Town; rtcfd734ec2771f7=Eastleigh; rtea2886832cc4f1=Fleetwood Town; rt1a16fa10e1b0d8=Royston Town; rtaaa729d58df286=Colchester United; rt80ad0e6d060156=Redditch United; rtfefad66bd29af0=Hinckley United; rted533365eb88c8=Bristol City; rt092efbfc9313f0=Lowestoft Town; rtd524c86c6b74bb=Saffron Walden Town; rt3e2912e9516473=Bideford; rt25e80c8c2f0ea6=Harrogate Town; rte9883d3069878a=Worcester City; rt8e1af5f5dba478=Halifax Town; rtf46baa2255b769=Arlesey Town; rtd2f0bb6452483a=Rothwell Town; rt504b20dd0959be=Rossendale United; rt76911fe856fd92=Ossett Town; rtb1b932791fc58c=Clitheroe; rtc99e47fb14de88=Eastwood Town; rt2c10fab805c3ea=Leeds United; rtd8ead9066430dc=Marlow United; rtc8c74476728031=Chatham Town; rtb61a86424c25bc=Oxhey Jets; rtdb631c0765b100=Hamworthy United; rt250e31a3b14314=Bamber Bridge; rt2204f770d7e573=Consett
England,Conference National,2010,FA Cup,Stevenage Borough,rt2187bca0fbeccb=Blackpool; rt8cad4775187619=Tonbridge Angels; rt3e7253907e106a=Huddersfield Town; rtdb4308cb351fa7=Brentford; rtbaccc9912a7639=Crystal Palace; rtdd0bfd1c1d5cd3=Swindon Town; rtf9a63492117ffa=Bolton Wanderers; rt69be6ba4ff7fc2=Farnborough; rt46274edfcbcb20=Middlesbrough; rtf38678780871c4=Hull City; rt1450baaf88de17=Potters Bar Town; rtdab4709d4d21a6=Bradford (Park Avenue); rt1874a32186f729=Ipswich Town; rt0fdebc0d8d9822=Leyton Orient; rt9a79cf4e54e278=Everton; rt0fcab1a2109ab8=Liverpool; rt86203e9770c489=Blyth Spartans; rtebfbadc8ea5e46=Stoke City; rte77d6dc3f8f40e=Welling United; rtbc67cd7c5a1d66=Coventry City; rtb471f322d5ad96=Sunderland; rtcb5205b7f83a93=Fulham; rteee4b9752bbf6e=Crewe Alexandra; rt97148584aad5f2=Gainsborough Trinity; rte808f92ebe1cdf=Hartlepool United; rt808a786e8acdef=Hendon; rt4029f262a14ccc=Chesterfield; rt743f95f205a576=Radcliffe; rt1de21f73eb0ad5=Slough Town; rt6798653c706b28=Doncaster Rovers; rtc3e59a354d31e3=Scunthorpe United; rtfae00d0226c2fb=MK Dons; rt9420ae803b8a55=Nottingham Forest; rt1766c4f7cb0931=Sheffield United; rt3804c2fe7fac4a=Derby County; rt58bb00ba9fd056=Macclesfield Town; rt8def34e8b830d3=Solihull Moors; rt1e3ecbcd893079=Stockport County; rtcffb6a6bdb89fe=Tottenham Hotspur; rt1312d9fcf853d1=Tranmere Rovers; rt2a5456047d1299=Burscough; rt98756cd7e07239=Dagenham & Redbridge; rt5ab67076de8cc1=Aston Villa; rt0e8068b600de6f=Charlton Athletic; rt754cce2b06b9be=Southend United; rtded56f7d37bbcf=Truro City; rt0c5902dbbf73a7=Alfreton Town; rt37c836a696a159=Manchester City; rtd98724fb99eae6=Hucknall Town; rtd003a103ec98b9=Chelmsford City; rt09d318200a9758=Aldershot Town; rt7d54392335a594=Cheltenham Town; rt411d7e1fcb4344=West Bromwich Albion; rtdf0e3e771377ab=Notts County; rtfbd83761e8d550=Bury; rt4ba241d195a7ef=Southampton; rt552ae84d864dc8=Shrewsbury Town; rt71340d594d0070=Queens Park Rangers; rte92f19e21fa6cd=Sutton United; rt08b4e3c976eaed=Grimsby Town; rtadd92224a6586e=Newport County; rt988c4cc8288a36=Burton Albion; rtd6244594fec7d5=Dorchester Town; rt13f99514be4cfd=Arsenal; rt02448b8ff04e4b=Buxton; rt12377d64a47874=Port Vale; rt00de778fb9da19=Salford City; rt5824386df5113d=Vauxhall Motors; rt365871515258f5=Morecambe; rte57071688ae942=Nuneaton Town; rt251a820a44a222=Stalybridge Celtic; rt341de502cb4144=Woking; rt36a91236357df8=Northwich Victoria; rt9216c37cb92105=Newcastle United; rtf252edf10be6b9=Frickley Athletic; rta170970a629cd7=Stourbridge; rt3985a98fba67c7=Barnsley; rt246c637d2dd80b=Lincoln City; rtc8b890be34f14e=Chesham United; rt7ef3483ecd713e=Paulton Rovers; rt1a84b9552379ea=Walton Casuals; rt4713d15942010a=Walton & Hersham; rt49f0771087c715=Preston North End; rtfe58ce26978314=Ashford Town (Middlesex); rt52e498a1ed138e=Ilkeston; rtc2e3b8facc224e=Dartford; rt63d613341bc69c=West Ham United; rt574840b919db96=Aylesbury Vale Dynamos; rtb3e9f092ec5270=Swansea City; rt0366ee006a2ba2=Mangotsfield United; rte6ffea0f1970a8=Portsmouth; rt0a288b7e200c2a=United of Manchester; rt60cb690406a652=Heybridge Swifts; rtb2b0070019a86e=Coventry Sphinx; rtb24ccf7eaa4402=Guiseley; rt17f85d548dc6fe=Yeovil Town; rt88f22a11642b02=Wealdstone; rte40db967668f5c=Darlington FC; rt72e4e84d336b85=Bedworth United; rtd22234f84172b5=Workington; rteb1bce40b839a3=Reading; rt621d4cb944c554=Bromley; rt0aeaf886f1bbc8=Aveley; rtfbe0b7cb49961d=Bridgwater United; rt79ec4ef3fd9e07=Oxford City; rta2ec360bd8ed7a=Sheffield Wednesday; rtf2fc267c87e2db=Exeter City; rtf9c02b248a3437=Dover Athletic; rt64cd3da63bee27=Bishop's Cleeve; rt42d55695ec02c2=Barnet; rt8269d931a9f7a6=Southport; rtc5beaf5177410e=Peterborough United; rtaea68aff5f69f5=Birmingham City; rta130b6a2602565=Kendal Town; rtb29d3033d0bcfa=Lewes; rta2496d86110a96=Plymouth Argyle; rt6dc1794a66104e=Cardiff City; rt27e91454a0506b=Staines Town; rt96782a4efa5783=Bedford Town; rt980a2925fddeb5=Maidstone United; rt463aeeed54f19a=Bradford City; rt2691f838aa42b7=Hampton & Richmond Borough; rt78f360d6fde57e=Brighton & Hove Albion; rt31c46b8d4bd54c=Gillingham; rt77d4462df05f87=Millwall; rtf83dba7b1ccf31=Rochdale; rt35658eea220dab=Tooting & Mitcham United; rta39ac0ff5e5847=Thurrock; rt6b66f0f7ea5958=Cambridge City; rt5d159d823d3955=Northampton Town; rt85aa78bccbd812=Manchester United; rt9976410531e9e0=Accrington Stanley; rt5c97a5b54ee530=Sutton Coldfield Town; rta0efdec83809b3=AFC Totton; rt5f843031650262=Carlisle United; rt8207c50b498ed3=Burnley; rtb42defac103316=Rotherham United; rt3ab8ef319b0655=Gloucester City; rt9ee99d2095c2a3=Bath City; rt3763d29e7947d8=Chelsea; rta4fc58756b05c1=Bristol Rovers; rtdd8b468937ef95=Leicester City; rtfc419c6db9e06f=Watford; rt9587b13df1ee36=Norwich City; rt664527afc78e20=Cirencester Town; rt689fe25c1c8f7b=Lincoln United; rt8391e79361cddb=Havant & Waterlooville; rt82c6b9d5ff8dcd=Walsall; rtd7ca58fe2d4ec4=Oldham Athletic; rtcfca1c5bc1f889=Torquay United; rt35d1f783b10ae1=Wolverhampton Wanderers; rtcfd734ec2771f7=Eastleigh; rt84087618db2514=Stevenage; rtea2886832cc4f1=Fleetwood Town; rtaaa729d58df286=Colchester United; rt80ad0e6d060156=Redditch United; rt9d41aafaff9426=Chorley; rtfefad66bd29af0=Hinckley United; rt3bdff329d36885=AFC Bournemouth; rted533365eb88c8=Bristol City; rt092efbfc9313f0=Lowestoft Town; rt2145fe635eb37c=AFC Telford United; rte9883d3069878a=Worcester City; rt8e1af5f5dba478=Halifax Town; rt2c7c71d8b367bd=Wycombe Wanderers; rt6adbe0443f8676=Bury Town; rtb40f1898d8eae5=Wigan Athletic; rtc99e47fb14de88=Eastwood Town; rtdbcda165253dc1=Hereford United; rt4cf0dfe4bc34a3=Aylesbury United; rt408930303688f2=Blackburn Rovers; rt2c10fab805c3ea=Leeds United; rt58d52ebf837eca=Chippenham Town; rtb3729e2c2cb838=Basingstoke Town
England,Fourth Division,1988,Fourth Division (1958–1992),Swansea City; Newport County; Cardiff City,rt08b4e3c976eaed=Grimsby Town; rt246c637d2dd80b=Lincoln City; rt6798653c706b28=Doncaster Rovers; rtee9033b127b2f2=York City; rtb42defac103316=Rotherham United
France,Championnat National,2005,National 1,Croix-de-Savoie,rt8663746add9569=Racing Besançon; rt3b98c3b3980644=Evian TG
France,Championnat National,2006,National 1,Croix-de-Savoie,rt3b98c3b3980644=Evian TG
France,Championnat National,2009,National 1,Croix-de-Savoie,rt2541f106e69e02=Cassis-Carnoux; rt3b98c3b3980644=Evian TG
France,Championnat National,2011,National 1,Alfortville UJA,rtb3e05d38316e3f=Maccabi Paris UJA
France,Division 2,1995,Ligue 2,Perpignan FC,rtb9874df7deb483=Canet Roussillon
France,Division 2,1996,Ligue 2,Perpignan FC,rtb9874df7deb483=Canet Roussillon
France,Division 2,1997,Ligue 2,Perpignan FC,rtb9874df7deb483=Canet Roussillon
Georgia,Umaghlesi Liga,1990,Erovnuli Liga,Odishi Zugdidi,rte65550f52a796b=Tskhinvali
Georgia,Umaghlesi Liga,1992,Erovnuli Liga,FC Batumi; Iberia-Dinamo Tbilisi; Odishi Zugdidi; FC Mretebi Tbilisi,rt169b71d59784b4=Dinamo Batumi; rt7bf0aa2bd05477=Dinamo Tbilisi
Georgia,Umaghlesi Liga,1993,Erovnuli Liga,Odishi Zugdidi; FC Mretebi Tbilisi,rtd64962c4461f5e=Mziuri; rtff3b7666d614b0=Amirani; rt0501a29ee3bf63=Kolkheti Khobi
Georgia,Umaghlesi Liga,1994,Erovnuli Liga,Odishi Zugdidi; FC Mretebi Tbilisi,rtd64962c4461f5e=Mziuri; rtff3b7666d614b0=Amirani; rt59d5c3fc532317=Tskhumi
Georgia,Umaghlesi Liga,2000,Erovnuli Liga,TSU Tbilisi; Merani-91 Tbilisi; Arsenali Tbilisi,rt0611ce70c2cac9=Merani Tbilisi
Greece,Beta Ethniki,2007,Cup,Ilissiakos FC,rt6441d9ddbb4f99=AE Giannina; rt1cd7373e4f17ac=Olympiakos Piraeus; rt583872f2691b7d=Egaleo; rt481e7dea7730d3=OFI; rtb12af3519b2d03=Anagennisi Artas; rtdb8bd831883dd9=Atsalenios; rt07150f7f87f37d=OF Ierapetra; rt9c4afd196438e6=Ergotelis; rtf5b903d9bf2d90=Larissa; rt8116e96de3385e=Xanthi; rtc7feb5388a1bd7=Panathinaikos; rt7481292e170278=Diagoras; rt573ed5447bf360=Tiva; rt7720ceb8398577=Thermaikos Thermis; rt064457ebcc5b48=Iraklis Thessaloniki; rt35a3d06b069b80=Vyzas; rt7ff5f87ee5b955=Pierikos; rt98f2df50fa5093=Panaitolikos; rt407080feef61f6=PAOK; rt5924436fb276c4=Ionikos; rt6886366fe852b3=AEK Athens; rtc9040d0c3dfe29=Apollon Kalamarias; rt0f9f1b800bed85=Panionios; rt669d4fa00f59fb=Kerkyra; rt99553295b70ff6=Atromitos; rt03d982fca5fedc=Paniliakos; rtc58143135f7823=Olympiakos Volos; rtada741d00ebddf=Thyella Patras; rtb70c91ee1d81f8=Aharnaikos; rt05bcd93e9a3226=Apollon Smirnis; rt89b54f47c8395a=Eolikos M.; rt8e31f9bb3d43f4=Aris; rt21f02cef971a7b=Pao Neon Epivaton; rt3242c86779d830=Ilisiakos; rt9ebbfbd7441f6e=Aiolikos
Greece,Beta Ethniki,2008,Cup,Ilissiakos FC; Panthrakikos FC,rt1cd7373e4f17ac=Olympiakos Piraeus; rt42225ff77f984f=Veria; rt481e7dea7730d3=OFI; rtcc013d94cbe1ac=Asteras Tripolis; rt9c4afd196438e6=Ergotelis; rtb1014f2a803741=Messiniakos Kalamata; rtf5b903d9bf2d90=Larissa; rt8116e96de3385e=Xanthi; rtc7feb5388a1bd7=Panathinaikos; rt7481292e170278=Diagoras; rtcc57da837005e3=Fostiras; rt6e5624c55f5fea=ASK Olympiakos Volos; rt064457ebcc5b48=Iraklis Thessaloniki; rte3ba488adf3a3c=Ilioupoli; rt407080feef61f6=PAOK; rte0b26727037687=Ethnikos Katerini; rt6886366fe852b3=AEK Athens; rt3ef120298dbc4a=Levadiakos; rt0f9f1b800bed85=Panionios; rtc9040d0c3dfe29=Apollon Kalamarias; rt625ce273904eac=Preveza; rt99553295b70ff6=Atromitos; rt8e31f9bb3d43f4=Aris
Greece,Beta Ethniki,2009,Cup,Ilissiakos FC,rt1cd7373e4f17ac=Olympiakos Piraeus; rt40db1eedd7a243=Zakynthos; rt481e7dea7730d3=OFI; rtcc013d94cbe1ac=Asteras Tripolis; rt9c4afd196438e6=Ergotelis; rta86d44bd39f3d7=Panthrakikos; rtf5b903d9bf2d90=Larissa; rt8116e96de3385e=Xanthi; rtc7feb5388a1bd7=Panathinaikos; rt44329604c5f61d=Panserraikos; rt064457ebcc5b48=Iraklis Thessaloniki; rt98f2df50fa5093=Panaitolikos; rt407080feef61f6=PAOK; rt6886366fe852b3=AEK Athens; rt3ef120298dbc4a=Levadiakos; rt0f9f1b800bed85=Panionios; rt16eda065e29e17=Makedonikos Neapolis; rt9d9d8061fdb4ac=Thrasyvoulos; rtc15f4a936fb175=Lamia; rt8e31f9bb3d43f4=Aris; rt3242c86779d830=Ilisiakos
Greece,Greek Football League,2015,Cup,AEL 1964,rt1cd7373e4f17ac=Olympiakos Piraeus; rt93272a0aaff3be=Kalloni; rt42225ff77f984f=Veria; rt481e7dea7730d3=OFI; rtcc013d94cbe1ac=Asteras Tripolis; rt9c4afd196438e6=Ergotelis; rta86d44bd39f3d7=Panthrakikos; rtf5b903d9bf2d90=Larissa; rt8116e96de3385e=Xanthi; rtc7feb5388a1bd7=Panathinaikos; rt98f2df50fa5093=Panaitolikos; rt407080feef61f6=PAOK; rt3007c88b5586fc=Platanias; rt3ef120298dbc4a=Levadiakos; rt0f9f1b800bed85=Panionios; rt669d4fa00f59fb=Kerkyra; rtcab4bae58af81c=Niki Volos; rt2778ac1b987f3a=Doxa Dramas; rt99553295b70ff6=Atromitos; rt8e31f9bb3d43f4=Aris; rtb860414713bb75=PAS Giannina
Greece,Greek Football League,2016,Cup,AEL 1964,rt1cd7373e4f17ac=Olympiakos Piraeus; rt93272a0aaff3be=Kalloni; rt42225ff77f984f=Veria; rtcc013d94cbe1ac=Asteras Tripolis; rta86d44bd39f3d7=Panthrakikos; rtf5b903d9bf2d90=Larissa; rt8116e96de3385e=Xanthi; rtc7feb5388a1bd7=Panathinaikos; rt064457ebcc5b48=Iraklis Thessaloniki; rt98f2df50fa5093=Panaitolikos; rt407080feef61f6=PAOK; rt3007c88b5586fc=Platanias; rt6886366fe852b3=AEK Athens; rt3ef120298dbc4a=Levadiakos; rt0f9f1b800bed85=Panionios; rt99553295b70ff6=Atromitos; rtb860414713bb75=PAS Giannina; rte0aa2a3ed839d1=Chania
Greece,Greek Super League 2,2023,Super League 2,AEL 1964,rte0aa2a3ed839d1=Chania; rt16eda065e29e17=Makedonikos Neapolis; rtbf962cf714bb2b=Iraklis Larissa; rtf5b903d9bf2d90=Larissa
Hungary,NB I,1999,NB I,Zalahús ZTE FC,rt645072029be527=Zalaegerszeg
Hungary,NB I,2013,NB I,Egri FC,rt5efddfe2268822=Eger
Hungary,NB I,2019,NB I,MOL Vidi FC,rt9065886c9593fe=Fehérvár
Iran,Persian Gulf Pro League,2014,Persian Gulf Pro League,Gostaresh Foulad,rt07c3ba20ece8ce=Shahre Baran; rtd1e9c4d76b8399=Machine Sazi
Iran,Persian Gulf Pro League,2015,Persian Gulf Pro League,Gostaresh Foulad,rtd1e9c4d76b8399=Machine Sazi
Iran,Persian Gulf Pro League,2016,Persian Gulf Pro League,Gostaresh Foulad,rtd1e9c4d76b8399=Machine Sazi
Iran,Persian Gulf Pro League,2017,Persian Gulf Pro League,Gostaresh Foulad,rt5958ef3c83c964=Machine Sazi Tabriz
Iran,Persian Gulf Pro League,2018,Persian Gulf Pro League,Gostaresh Foulad,rtd1e9c4d76b8399=Machine Sazi
Ireland,League of Ireland,2016,Premier Division,Wexford Youths,rtdfbb0807f397e2=Wexford
Israel,Liga Leumit,2012,Liga Leumit,Hapoel Nazareth Illit,rt3a645f409f25b7=Hapoel Nof HaGalil; rt44fae0f5818ac2=Hapoel Jerusalem (1943)
Italy,Lega Pro Prima Divisione A,2009,Serie C,Portosummaga,rte00fdb39ff67d2=Portogruaro; rt2e5ef2a8d7d57c=Sorrento; rt53781d85c54a38=Virtus Lanciano; rt4ec0885a847dc3=Crotone; rt9c055becf0182d=Perugia; rte5823f3af83902=Taranto; rte7e155aed7c764=Pescara; rtef227bd051d76f=Ternana; rt977f795b849f5e=Foligno; rtc6e37c773055d9=Foggia; rt1baaaf4100b4a0=Benevento; rt6379412429b8ed=Gallipoli; rteefd1cb8eedc90=Pergolettese; rtaa1c8ee46161ec=Real Marcianise; rt1370fcc263d9a1=Arezzo; rt0a0f38a1ce748c=Pistoiese; rte483aae3582664=Paganese; rtcd397b22724b6d=Juve Stabia; rtcbbddf28751ae8=Cavese 1919; rt092da66f91bc32=Potenza
Italy,Lega Pro Prima Divisione A,2013,Serie C,Portosummaga,rte00fdb39ff67d2=Portogruaro; rtf3632c98e381de=Frosinone; rt2e5ef2a8d7d57c=Sorrento; rt713e735e5b2578=Carpi; rt06c08e3630130f=Latina; rt9c055becf0182d=Perugia; rt97e24e1af7b2ba=Avellino; rt9417ab1680dda2=Andria BAT; rt260baebe99d192=Carrarese; rt3b22831f4a4197=Barletta; rt1baaaf4100b4a0=Benevento; rt71f04efaea5b0e=Nocerina; rte483aae3582664=Paganese; rt42dbf80f0009f8=Prato; rt45a2f48de3fe3e=Gubbio; rt4e23a0392da15c=Catanzaro; rtc13402e089ae2d=Viareggio; rtfeb31aad057acc=Pisa
Italy,Lega Pro Prima Divisione B,2010,Serie C,Portosummaga,rte00fdb39ff67d2=Portogruaro; rt92846cee69557a=Monza; rt2e5ef2a8d7d57c=Sorrento; rt9c055becf0182d=Perugia; rtb3689331e03ba1=Figline; rt89c7d334fd449b=Lumezzane; rt6c7bda7c24393f=Varese; rt977f795b849f5e=Foligno; rt1baaaf4100b4a0=Benevento; rteefd1cb8eedc90=Pergolettese; rt2be91c9b483a69=Cremonese; rt9ffea5a71797f3=Como; rtaeb0dcac1b5336=Lecco; rt90a6cc5bdb0c0c=Pro Patria; rt1370fcc263d9a1=Arezzo; rte483aae3582664=Paganese; rt1097645dc40940=Novara; rt444a5e80f9a2fd=Alessandria; rtc13402e089ae2d=Viareggio
Italy,Lega Pro Prima Divisione B,2012,Serie C,Portosummaga,rte00fdb39ff67d2=Portogruaro; rt92846cee69557a=Monza; rt2e5ef2a8d7d57c=Sorrento; rt9e9b84de504943=Reggiana; rt713e735e5b2578=Carpi; rt5dc136f73637cd=Pavia; rte5823f3af83902=Taranto; rt97e24e1af7b2ba=Avellino; rt89c7d334fd449b=Lumezzane; rt09dddf9a64bf53=Pro Vercelli; rt977f795b849f5e=Foligno; rtef227bd051d76f=Ternana; rtc6e37c773055d9=Foggia; rt1baaaf4100b4a0=Benevento; rtaea3784b040a2e=Ars et Labor; rteefd1cb8eedc90=Pergolettese; rt9ffea5a71797f3=Como; rt38e291b7cc87b9=Tritium; rtc13402e089ae2d=Viareggio; rtfeb31aad057acc=Pisa
Italy,Serie B,2011,Serie B,Portosummaga,rte00fdb39ff67d2=Portogruaro; rta9842637bd1c92=Padova
Italy,Serie C Group A,2026,Serie C,Union Brescia,rt6a4ba9bfbab8dd=Pontedera; rt2e5ef2a8d7d57c=Sorrento; rt06c08e3630130f=Latina; rt4ec0885a847dc3=Crotone; rtcc71056e4ad49f=Juventus Next Gen; rt61f898c5ef3d7e=Siracusa; rt23e417b5142961=AC Carpi; rt9c055becf0182d=Perugia; rt8d28fcea66e2da=Audace Cerignola; rte7e846e475fa8e=Monopoli; rtef60f62c73e8d1=Pianese; rt7129ab8c628e43=Picerno; rt1ec458c0a5f6cd=Forlì; rta4c2a4ef7ecc4e=Guidonia Montecelio 1937; rtef227bd051d76f=Ternana; rt7eb200caa66b8e=Campobasso; rt8675aee190b9e3=Atalanta II; rtc6e37c773055d9=Foggia; rt72e1d84e64df83=Salernitana; rt1baaaf4100b4a0=Benevento; rt14827056f83492=Casarano; rt6daba2c6803518=Sambenedettese; rt3a70e0dc9851dd=Ascoli; rt685b2a04482977=Cosenza; rtce466b52c7b875=Rimini; rt8214c7bf5182d1=Pineto; rt1370fcc263d9a1=Arezzo; rt32751100384519=Bra; rt53f3af91e3dad6=Ravenna; rt1fec722b90d59e=Vis Pesaro; rtbcf35bb8f5aa30=Torres; rt799105583127a6=Livorno; rtcbbddf28751ae8=Cavese 1919; rtad9ef17e0224a2=Casertana; rt092da66f91bc32=Potenza; rt45a2f48de3fe3e=Gubbio; rt8bfa92751cd7b2=Catania; rte464dbce63934e=ASD Team Altamura; rt45e4b29ef1f9aa=Giugliano; rt18b9c8cac99e45=Trapani
Italy,Serie C Group B,2025,Serie C,Milan Futuro,rt2e5ef2a8d7d57c=Sorrento; rt925742e4f26828=Padova; rt06c08e3630130f=Latina; rtcc71056e4ad49f=Juventus Next Gen; rt4ec0885a847dc3=Crotone; rt8d28fcea66e2da=Audace Cerignola; rte7e846e475fa8e=Monopoli; rte5823f3af83902=Taranto; rt7129ab8c628e43=Picerno; rt97e24e1af7b2ba=Avellino; rte1015ce5c86b2c=Turris; rt89c7d334fd449b=Lumezzane; rtc2cca88444ad27=Union Clodiense; rtc9a3d344a483dd=Renate; rte76c202c5d5fbe=Virtus Verona; rt6ffa757a5120fa=Milan II; rt09dddf9a64bf53=Pro Vercelli; rt3e37c53705327a=Arzignano Valchiampo; rt981598be794984=Union Clodiense Chioggia; rt8675aee190b9e3=Atalanta II; rt491e40ae587acd=Giana Erminio; rtc6e37c773055d9=Foggia; rt1baaaf4100b4a0=Benevento; rtc25c80bb17f843=Triestina; rt729ac7c6a7587c=Alcione Milano; rteefd1cb8eedc90=Pergolettese; rt2ef42ab6e52da5=Messina; rtaeb0dcac1b5336=Lecco; rt7e1b172a191d45=AlbinoLeffe; rt031bb96f240530=FeralpiSalò; rt90a6cc5bdb0c0c=Pro Patria; rt44e5afb1965adc=Caldiero Terme; rt1097645dc40940=Novara; rtcbbddf28751ae8=Cavese 1919; rt41ec6e598a9854=Trento; rta0abb7dfab6dda=Vicenza; rtad9ef17e0224a2=Casertana; rt092da66f91bc32=Potenza; rt8bfa92751cd7b2=Catania; rte464dbce63934e=ASD Team Altamura; rt45e4b29ef1f9aa=Giugliano; rt18b9c8cac99e45=Trapani
Italy,Serie C Group C,2022,Serie C,Monterosi FC,rt6a4ba9bfbab8dd=Pontedera; rtc051b80066a007=Legnago Salus; rt4626000cbdc8b3=Città di Teramo; rt5175f60221119c=Olbia; rtc0c514151de8d2=Fiorenzuola; rt4e1f769526247a=Modena; rt9e9b84de504943=Reggiana; rt25c7f37c4b0373=Südtirol; rt925742e4f26828=Padova; rtcc71056e4ad49f=Juventus Next Gen; rt98ad2768223fbd=Seregno; rt6a7fe1c2e2563a=Imolese; rta4c2a4ef7ecc4e=Guidonia Montecelio 1937; rt9417ab1680dda2=Andria BAT; rte7e155aed7c764=Pescara; rtc9a3d344a483dd=Renate; rte76c202c5d5fbe=Virtus Verona; rt09dddf9a64bf53=Pro Vercelli; rt260baebe99d192=Carrarese; rt73506429b6bdb6=Virtus Entella; rt7f89d7b92f6ef9=Lucchese; rt491e40ae587acd=Giana Erminio; rtc25c80bb17f843=Triestina; rta7a6f53f0a959f=Siena; rtdf6d8d1300aa52=Grosseto; rteefd1cb8eedc90=Pergolettese; rtc5b5395886f2a9=Aquila Montevarchi; rtaeb0dcac1b5336=Lecco; rt1c924e3fb9997f=Ancona; rt7e1b172a191d45=AlbinoLeffe; rt031bb96f240530=FeralpiSalò; rt9c1e375c707af1=Mantova; rt90a6cc5bdb0c0c=Pro Patria; rt0a0f38a1ce748c=Pistoiese; rt36b334ff505676=Viterbese; rt5b2a55de7555d0=Cesena; rt1dc8cbe8fd83c1=Fermana; rt1fec722b90d59e=Vis Pesaro; rt2455a9792d0899=Piacenza; rt45a2f48de3fe3e=Gubbio; rt4ca4e1c85181a9=Pro Sesto; rt41ec6e598a9854=Trento
Italy,Serie C Group C,2023,Serie C,Monterosi FC,rt6a4ba9bfbab8dd=Pontedera; rt5175f60221119c=Olbia; rtc0c514151de8d2=Fiorenzuola; rt586062625f5520=Recanatese; rt9e9b84de504943=Reggiana; rte8d6a922cad13a=Sangiuliano City; rt925742e4f26828=Padova; rtcc71056e4ad49f=Juventus Next Gen; rt6a7fe1c2e2563a=Imolese; rta4c2a4ef7ecc4e=Guidonia Montecelio 1937; rt9417ab1680dda2=Andria BAT; rtc9a3d344a483dd=Renate; rte76c202c5d5fbe=Virtus Verona; rt09dddf9a64bf53=Pro Vercelli; rt3e37c53705327a=Arzignano Valchiampo; rt260baebe99d192=Carrarese; rt73506429b6bdb6=Virtus Entella; rt7f89d7b92f6ef9=Lucchese; rtc25c80bb17f843=Triestina; rtd2bfcbd332d761=San Donato Tavarnelle; rta7a6f53f0a959f=Siena; rteefd1cb8eedc90=Pergolettese; rt7b7d20ebe57bec=Pordenone; rtc5b5395886f2a9=Aquila Montevarchi; rtaeb0dcac1b5336=Lecco; rt1c924e3fb9997f=Ancona; rt7e1b172a191d45=AlbinoLeffe; rtce466b52c7b875=Rimini; rt031bb96f240530=FeralpiSalò; rt9c1e375c707af1=Mantova; rt90a6cc5bdb0c0c=Pro Patria; rt5b2a55de7555d0=Cesena; rt1dc8cbe8fd83c1=Fermana; rt1097645dc40940=Novara; rt1fec722b90d59e=Vis Pesaro; rtbcf35bb8f5aa30=Torres; rta0abb7dfab6dda=Vicenza; rt2455a9792d0899=Piacenza; rt444a5e80f9a2fd=Alessandria; rt45a2f48de3fe3e=Gubbio; rt4ca4e1c85181a9=Pro Sesto; rt41ec6e598a9854=Trento
Italy,Serie C Group C,2024,Serie C,Monterosi FC,rt6a4ba9bfbab8dd=Pontedera; rtc051b80066a007=Legnago Salus; rt5175f60221119c=Olbia; rtc0c514151de8d2=Fiorenzuola; rt586062625f5520=Recanatese; rt925742e4f26828=Padova; rtcc71056e4ad49f=Juventus Next Gen; rt9c055becf0182d=Perugia; rta4c2a4ef7ecc4e=Guidonia Montecelio 1937; rt89c7d334fd449b=Lumezzane; rte7e155aed7c764=Pescara; rtc9a3d344a483dd=Renate; rte76c202c5d5fbe=Virtus Verona; rt09dddf9a64bf53=Pro Vercelli; rt3e37c53705327a=Arzignano Valchiampo; rt260baebe99d192=Carrarese; rt73506429b6bdb6=Virtus Entella; rt7f89d7b92f6ef9=Lucchese; rt8675aee190b9e3=Atalanta II; rt491e40ae587acd=Giana Erminio; rtc25c80bb17f843=Triestina; rtaea3784b040a2e=Ars et Labor; rteefd1cb8eedc90=Pergolettese; rt1c924e3fb9997f=Ancona; rt7e1b172a191d45=AlbinoLeffe; rtce466b52c7b875=Rimini; rt8214c7bf5182d1=Pineto; rt9c1e375c707af1=Mantova; rt90a6cc5bdb0c0c=Pro Patria; rt1370fcc263d9a1=Arezzo; rt5b2a55de7555d0=Cesena; rt1dc8cbe8fd83c1=Fermana; rt1097645dc40940=Novara; rt1fec722b90d59e=Vis Pesaro; rtbcf35bb8f5aa30=Torres; rta0abb7dfab6dda=Vicenza; rt9700137944c345=Sestri Levante; rt444a5e80f9a2fd=Alessandria; rt45a2f48de3fe3e=Gubbio; rt4ca4e1c85181a9=Pro Sesto; rt41ec6e598a9854=Trento
Italy,Serie C1 Girone A,2000,Serie C,AC San Donà,rt928d0f6950c9a2=Sandonà; rt4ec0885a847dc3=Crotone; rt97e24e1af7b2ba=Avellino; rt9417ab1680dda2=Andria BAT; rt1baaaf4100b4a0=Benevento; rt64cd1ad55b0238=Palermo; rtd1f5cc8336797c=AC Ancona; rt71f04efaea5b0e=Nocerina; rt097ecc7a2b802b=Cisco Lodigiani; rt8a7ec7bef667c3=Marsala; rt3a70e0dc9851dd=Ascoli; rt57933fe790f6af=Gualdo; rt1370fcc263d9a1=Arezzo; rt36b334ff505676=Viterbese; rt1238174b84703d=Castel di Sangro; rtcd397b22724b6d=Juve Stabia; rt9feddc1fcc6c8e=Giulianova; rt8bfa92751cd7b2=Catania
Italy,Serie C1 Girone A,2006,Serie C,Pizzighettone,rt22d5ba15f8bd63=Sangiovannese; rt30d5a86497d047=Massese; rt0a745dabd3c7d6=Gela; rtf3632c98e381de=Frosinone; rt53781d85c54a38=Virtus Lanciano; rt9c055becf0182d=Perugia; rt35cf8dfa4bb4a6=Martina; rteb221fd0c9d409=Chieti; rt7f89d7b92f6ef9=Lucchese; rtc6e37c773055d9=Foggia; rt75b6fa01964044=Città di Acireale; rtdf6d8d1300aa52=Grosseto; rteefd1cb8eedc90=Pergolettese; rt33018a1acc6840=Manfredonia; rt0a0f38a1ce748c=Pistoiese; rtbcf35bb8f5aa30=Torres; rtcd397b22724b6d=Juve Stabia; rt4c540e697cd963=Napoli; rtfeb31aad057acc=Pisa
Italy,Serie C1 Girone A,2007,Serie C,Pizzighettone,rt4626000cbdc8b3=Città di Teramo; rtf712ca835fc0dd=San Marino Calcio; rt53781d85c54a38=Virtus Lanciano; rt9c055becf0182d=Perugia; rte5823f3af83902=Taranto; rt97e24e1af7b2ba=Avellino; rt35cf8dfa4bb4a6=Martina; rtef227bd051d76f=Ternana; rt72e1d84e64df83=Salernitana; rtc6e37c773055d9=Foggia; rtd1f5cc8336797c=AC Ancona; rt6379412429b8ed=Gallipoli; rteefd1cb8eedc90=Pergolettese; rt6daba2c6803518=Sambenedettese; rt33018a1acc6840=Manfredonia; rt53f3af91e3dad6=Ravenna; rtcd397b22724b6d=Juve Stabia; rtcbbddf28751ae8=Cavese 1919; rt9feddc1fcc6c8e=Giulianova
Kazakhstan,Kazakhstan Premier League,2008,Premier League,Yesil Bogatyr; FC Ekibastuzets,rtd9c0c942d189be=Kyzyl-Zhar; rt20a5ebec924458=Energetik Pavlodar
Kazakhstan,Kazakhstan Premier League,2024,Premier League,FC Elimai,rt7647e898cb8612=Aksu; rt14f6e1b8c7c91a=Yelimay
Kazakhstan,Kazakhstan Premier League,2025,Premier League,FC Elimai,rt14f6e1b8c7c91a=Yelimay
Kazakhstan,Kazakhstan Premier League,2026,Premier League,FC Altai; FC Elimai,rtf96df239fe33b6=Altay; rt14f6e1b8c7c91a=Yelimay
Kazakhstan,Kazakhstan Super League,2002,Premier League,Yesil Bogatyr; Yesil Kokshetau; FC Elimai,rt49b9a36833abe0=Spartak Semey; rtd9c0c942d189be=Kyzyl-Zhar; rt14f6e1b8c7c91a=Yelimay
Kazakhstan,Kazakhstan Super League,2003,Premier League,Yesil Bogatyr; Batys Oral; FC Ekibastuzets; Yesil Kokshetau; FC Elimai,rt49b9a36833abe0=Spartak Semey; rt8df5c3aa0e3ba1=Batyr; rtd9c0c942d189be=Kyzyl-Zhar; rt14f6e1b8c7c91a=Yelimay
Kazakhstan,Kazakhstan Super League,2004,Premier League,FC Ekibastuzets; FC Yassi; Yesil Bogatyr,rt8df5c3aa0e3ba1=Batyr; rtd9c0c942d189be=Kyzyl-Zhar; rt14f6e1b8c7c91a=Yelimay
Kazakhstan,Kazakhstan Super League,2005,Premier League,Yesil Bogatyr; FC Ekibastuzets; FC Bolat,rt8df5c3aa0e3ba1=Batyr; rt1b063fdf064f75=Shakhter II; rtd9c0c942d189be=Kyzyl-Zhar
Kazakhstan,Kazakhstan Super League,2006,Premier League,Yesil Bogatyr; FC Ekibastuzets,rt8df5c3aa0e3ba1=Batyr; rtd9c0c942d189be=Kyzyl-Zhar
Kazakhstan,Kazakhstan Super League,2007,Premier League,Yesil Bogatyr; FC Ekibastuzets,rt8df5c3aa0e3ba1=Batyr; rtd9c0c942d189be=Kyzyl-Zhar
Latvia,Virsliga,2005,Virsliga,FK Venta Ventspils,rt6f554664975c72=Daugava Rīga; rt8c42f7c6c0afec=Rīga
Lithuania,A Lyga,2014,Toplyga,FK Trakai,rt71594803f6814a=Šiauliai; rt809954b842265b=Riteriai
Lithuania,A Lyga,2015,Toplyga,FK Spyris Kaunas; FK Trakai,rt71594803f6814a=Šiauliai; rt809954b842265b=Riteriai; rt3fefc1bce7edd4=Kauno Žalgiris
Lithuania,A Lyga,2016,Toplyga,FK Trakai,rt809954b842265b=Riteriai
Malta,Maltese Premier,2012,Premier League,Balzan Youths,rt2247b96fa0afde=Balzan
Malta,Maltese Premier,2013,Premier League,Balzan Youths,rt2247b96fa0afde=Balzan
Malta,Maltese Premier,2014,Premier League,Balzan Youths,rt2247b96fa0afde=Balzan
Malta,Maltese Premier,2015,Premier League,Balzan Youths,rt2247b96fa0afde=Balzan
Mexico,Liga de Ascenso Apertura,2009,Liga de Expansión MX,Mérida FC,rt15bff98c5669a9=Atlético Mexiquense; rtbcb8881a0ba6c5=Atlante II; rt8fa043e108f45c=Santos Laguna Premier; rt104b836ed44247=Tigres Premier; rt5d2afa2afa3b21=Indios Chihuahua; rt2c12042eb7da79=Monterrey Premier; rt5ddb61ded20883=Socio Águila; rt6ea135d16be45b=Académicos; rt6adc0674258001=Venados; rtdf0c63cfeb92ea=Jaiba Brava; rt4d8e3b741cc316=Tecos UAG II; rtca2db9921a8d44=Jaguares II; rtc973c3c1b02796=Tampico Madero; rt4f027756e5c756=Querétaro
Mexico,Liga de Ascenso Apertura,2010,Liga de Expansión MX,Altamira FC; Atlante UTN; Mérida FC,rt1ec6fd0271229e=Necaxa; rtbcb8881a0ba6c5=Atlante II; rt6adc0674258001=Venados
Mexico,Liga de Ascenso Apertura,2011,Liga de Expansión MX,Altamira FC; Celaya FC; Mérida FC,rtbcb8881a0ba6c5=Atlante II; rt63a6f25fbbc62b=Guerreros; rt24d1b3a036ae5c=Durango; rtb80c5835610620=Cafetaleros de Chiapas; rt6adc0674258001=Venados; rt10776444c56777=Orizaba; rtc8fdd689394feb=Tijuana
Mexico,Liga de Ascenso Apertura,2012,Liga de Expansión MX,Estudiantes Tecos; Altamira FC; Mérida FC,rt5bded70999191b=Indios; rtb80c5835610620=Cafetaleros de Chiapas; rt6adc0674258001=Venados; rta7ac0c4dd54c00=León
Mexico,Liga de Ascenso Apertura,2013,Liga de Expansión MX,Ballenas Galeana; Altamira FC; Delfines FC; Mérida FC,rt3a25ea8d64c4bc=Neza; rtbf058dd94488ae=Veracruz; rtb80c5835610620=Cafetaleros de Chiapas; rt76bcba6b61fdac=Irapuato; rt6adc0674258001=Venados; rte0f7cada23906e=Reboceros La Piedad; rt18531e7ec46a60=Pumas Morelos
Mexico,Liga de Ascenso Apertura,2014,Liga de Expansión MX,Altamira FC; Deportivo Tepic; Mérida FC,rtec4cf25d9027e1=Cruz Azul Hidalgo; rt20db951a046ab4=Tecos; rtb80c5835610620=Cafetaleros de Chiapas; rt40b751ca820a22=Leones Negros UdeG; rt6adc0674258001=Venados; rt3a22b7744ce4de=Delfines; rt483935c85664d1=Alebrijes; rt0ec95075ff9198=Ballenas Galeana
Mexico,Liga de Ascenso Apertura,2015,Liga de Expansión MX,Deportivo Tepic; Murciélagos FC,rt29108588a0927a=Dorados; rt76bcba6b61fdac=Irapuato; rt483935c85664d1=Alebrijes
Mexico,Liga de Ascenso Apertura,2016,Liga de Expansión MX,Deportivo Tepic; Loros UdeC,rt1ec6fd0271229e=Necaxa; rt6c04fa8971cccf=Atlético San Luis; rt483935c85664d1=Alebrijes
Mexico,Liga de Ascenso Apertura,2019,Liga de Expansión MX,Loros UdeC,rt6c04fa8971cccf=Atlético San Luis; rtdf0c63cfeb92ea=Jaiba Brava; rtfccd1c6c2dfa0f=Juárez; rt483935c85664d1=Alebrijes
Mexico,Liga de Ascenso Clausura,2011,Liga de Expansión MX,Altamira FC; Atlante UTN; Mérida FC,rtbcb8881a0ba6c5=Atlante II; rt63a6f25fbbc62b=Guerreros; rtb80c5835610620=Cafetaleros de Chiapas; rt6adc0674258001=Venados
Mexico,Liga de Ascenso Clausura,2012,Liga de Expansión MX,Altamira FC; Mérida FC,rt5bded70999191b=Indios; rtb80c5835610620=Cafetaleros de Chiapas; rt6adc0674258001=Venados
Mexico,Liga de Ascenso Clausura,2013,Liga de Expansión MX,Altamira FC; Mérida FC,rtb80c5835610620=Cafetaleros de Chiapas; rt6adc0674258001=Venados
Mexico,Liga de Ascenso Clausura,2014,Liga de Expansión MX,Altamira FC; Mérida FC,rtb80c5835610620=Cafetaleros de Chiapas; rt6adc0674258001=Venados; rt483935c85664d1=Alebrijes
Mexico,Liga de Ascenso Clausura,2015,Liga de Expansión MX,Altamira FC; Deportivo Tepic; Mérida FC,rtb80c5835610620=Cafetaleros de Chiapas; rt483935c85664d1=Alebrijes; rt6adc0674258001=Venados
Mexico,Liga de Ascenso Clausura,2016,Liga de Expansión MX,Deportivo Tepic,rt483935c85664d1=Alebrijes
Mexico,Liga de Ascenso Clausura,2017,Liga de Expansión MX,Deportivo Tepic,rtdf0c63cfeb92ea=Jaiba Brava
Mexico,Liga de Expansión MX Apertuera,2024,Liga de Expansión MX,Club Jaiba Brava,rtdaca84a842d26b=Cimarrones de Sonora
Mexico,Liga de Expansión MX Apertuera,2026,Liga de Expansión MX,Alacranes de Durango; Cruz Azul Hidalgo; Piratas FC,rt76bcba6b61fdac=Irapuato; rtcae4412da5a71b=Atlante
Mexico,Liga de Expansión MX Apertura,2020,Liga de Expansión MX,Atlético Morelia,rte363a2115bfcae=Potros UAEM; rtb80c5835610620=Cafetaleros de Chiapas; rtdf0c63cfeb92ea=Jaiba Brava; rtffb4ef73bf0619=Atlético Zacatepec; rtb5dffdb1f4aff1=Loros Universidad
Mexico,Liga de Expansión MX Apertura,2022,Liga de Expansión MX,Alacranes de Durango,rtdf0c63cfeb92ea=Jaiba Brava; rtc973c3c1b02796=Tampico Madero
Mexico,Mexican Apertura,2014,Liga MX,Universidad de Guadalajara,rtdc06f2cda0007d=Atlético Morelia; rtcae4412da5a71b=Atlante
Mexico,Primera División A Apertura,2005,Liga de Expansión MX,Cruz Azul Oaxaca; Chivas Coras; Águilas Riviera Maya; Dorados de Tijuana; Delfines de Coatzacoalcos; Petroleros Salamanca; Rayados A,rt3a25ea8d64c4bc=Neza; rtb80c5835610620=Cafetaleros de Chiapas; rtef8128ca48053b=San Luis; rt6adc0674258001=Venados; rt10776444c56777=Orizaba; rt4a07bd8a2991dd=Celaya
Mexico,Primera División A Apertura,2006,Liga de Expansión MX,Cruz Azul Hidalgo; Pumas Morelos; Santos Laguna A; Académicos Tonalá; Tecos UAG 'A'; Monarcas Morelia A; Petroleros Salamanca; TR Coatzacoalcos,rtdf0c63cfeb92ea=Jaiba Brava; rt10776444c56777=Orizaba; rte0f7cada23906e=Reboceros La Piedad; rt4f027756e5c756=Querétaro
Mexico,Primera División A Apertura,2007,Liga de Expansión MX,Pegaso Real de Colima; Jaguares de Tapachula; Tecos UAG 'A'; Petroleros Salamanca; Tigres B; TR Coatzacoalcos,rt86596e5dbe232d=Puebla; rt06a3b0c8125eda=Tabasco; rt5682fe7c2e29bd=Alebrijes de Oaxaca; rt63a6f25fbbc62b=Guerreros; rtbf058dd94488ae=Veracruz; rt40b751ca820a22=Leones Negros UdeG; rtdf0c63cfeb92ea=Jaiba Brava; rt4d8e3b741cc316=Tecos UAG II; rt4a07bd8a2991dd=Celaya; rte0f7cada23906e=Reboceros La Piedad; rt104b836ed44247=Tigres Premier; rt10776444c56777=Orizaba
Mexico,Primera División A Apertura,2008,Liga de Expansión MX,Mérida FC; Tecos A; Jaguares de Tapachula; Potros Chetumal; Club Real de Colima; Petroleros Salamanca; Tigres B,rt5fcfea324498bb=Monarcas Morelia Premier; rt63a6f25fbbc62b=Guerreros; rt104b836ed44247=Tigres Premier; rt40b751ca820a22=Leones Negros UdeG; rtdf0c63cfeb92ea=Jaiba Brava; rt4d8e3b741cc316=Tecos UAG II; rtca2db9921a8d44=Jaguares II; rte0f7cada23906e=Reboceros La Piedad
Mexico,Primera División A Clausura,2004,Liga de Expansión MX,Guerreros Acapulco; Tigrillos Coapa; Estudiantes de Santander; Azucareros de Córdoba; Mérida FC; Jaguares de Tapachula; Delfines de Coatzacoalcos; Trotamundos Salamanca; Cobras de Ciudad Juárez,rtb80c5835610620=Cafetaleros de Chiapas; rt6adc0674258001=Venados; rt10776444c56777=Orizaba; rtca2db9921a8d44=Jaguares II
Mexico,Primera División A Clausura,2005,Liga de Expansión MX,Chivas La Piedad; Cruz Azul Oaxaca; Estudiantes de Santander; Pachuca Juniors; Ciudad Obregón; Tigrillos Broncos; Mérida FC; Cobras de Ciudad Juárez; Huracanes de Colima; Delfines de Coatzacoalcos,rt63a6f25fbbc62b=Guerreros; rt104b836ed44247=Tigres Premier; rtb80c5835610620=Cafetaleros de Chiapas; rt6adc0674258001=Venados; rt10776444c56777=Orizaba
Mexico,Primera División A Clausura,2006,Liga de Expansión MX,Chivas Coras; Cruz Azul Oaxaca; Coyotes de Sonora; Delfines de Coatzacoalcos; Petroleros Salamanca,rtdf0c63cfeb92ea=Jaiba Brava; rt10776444c56777=Orizaba; rte0f7cada23906e=Reboceros La Piedad
Mexico,Primera División A Clausura,2007,Liga de Expansión MX,Pegaso Real de Colima; Tecos UAG 'A'; TR Coatzacoalcos; Petroleros Salamanca,rt06a3b0c8125eda=Tabasco; rt5682fe7c2e29bd=Alebrijes de Oaxaca; rt63a6f25fbbc62b=Guerreros; rtbf058dd94488ae=Veracruz; rt40b751ca820a22=Leones Negros UdeG; rtdf0c63cfeb92ea=Jaiba Brava; rt4d8e3b741cc316=Tecos UAG II; rte0f7cada23906e=Reboceros La Piedad; rt10776444c56777=Orizaba
Mexico,Primera División A Clausura,2008,Liga de Expansión MX,Pegaso Real de Colima; Jaguares de Tapachula; Tecos UAG 'A'; Petroleros Salamanca; Tigres B; TR Coatzacoalcos,rt63a6f25fbbc62b=Guerreros; rt104b836ed44247=Tigres Premier; rt40b751ca820a22=Leones Negros UdeG; rtdf0c63cfeb92ea=Jaiba Brava; rt10776444c56777=Orizaba; rt4d8e3b741cc316=Tecos UAG II; rtca2db9921a8d44=Jaguares II; rte0f7cada23906e=Reboceros La Piedad
Mexico,Primera División A Clausura,2009,Liga de Expansión MX,Mérida FC; Tecos A; Jaguares de Tapachula; Potros Chetumal; Club Real de Colima; Petroleros Salamanca; Tigres B,rtbcb8881a0ba6c5=Atlante II; rt63a6f25fbbc62b=Guerreros; rt104b836ed44247=Tigres Premier; rt40b751ca820a22=Leones Negros UdeG; rt6adc0674258001=Venados; rtdf0c63cfeb92ea=Jaiba Brava; rt4d8e3b741cc316=Tecos UAG II; rtca2db9921a8d44=Jaguares II; rte0f7cada23906e=Reboceros La Piedad
Mexico,Torneo de Bicentenario,2010,Liga de Expansión MX,Mérida FC,rtbcb8881a0ba6c5=Atlante II; rt6adc0674258001=Venados
Moldova,Divizia Nationala,2007,Super Liga,FC Dinamo Bender; FC Olimpia Bălţi,rt0e33cec4f3be38=Tighina; rta8ed092cdc3073=Zaria
Moldova,Divizia Nationala,2008,Super Liga,FC Dinamo Bender; FC Olimpia Bălţi,rt1c8cdb0be674c6=Academia II; rt0e33cec4f3be38=Tighina; rta8ed092cdc3073=Zaria
Moldova,Divizia Nationala,2009,Super Liga,FC Dinamo Bender; FC Olimpia Bălţi,rt0e33cec4f3be38=Tighina; rta8ed092cdc3073=Zaria
Moldova,Divizia Nationala,2010,Super Liga,FC Dinamo Bender; FC Olimpia Bălţi; FC Viitorul,rt3a89ba0c031584=Milsami; rt0e33cec4f3be38=Tighina; rta8ed092cdc3073=Zaria
Moldova,Divizia Nationala,2011,Super Liga,FC Dinamo Bender; FC Olimpia Bălţi; CF Gagauziya,rt7538b7bfc31b56=Univer Comrat; rt0e33cec4f3be38=Tighina; rta8ed092cdc3073=Zaria
Moldova,Divizia Nationala,2013,Super Liga,FC Olimpia Bălţi,rta8ed092cdc3073=Zaria
Moldova,Divizia Nationala,2014,Super Liga,FC Olimpia Bălţi,rta8ed092cdc3073=Zaria
Netherlands,Eerste Divisie,1992,Eerste Divisie,VCV Zeeland,rt245f73c46d9e00=Den Bosch; rt72fb34b0454728=Vlissingen
Netherlands,Eerste Divisie,2006,Eerste Divisie,FC Omniworld,rt2d311e702a4053=Almere City
Netherlands,Eerste Divisie,2007,Eerste Divisie,FC Omniworld,rt2d311e702a4053=Almere City
Netherlands,Eerste Divisie,2008,Eerste Divisie,FC Omniworld,rt2d311e702a4053=Almere City
Netherlands,Eerste Divisie,2009,Eerste Divisie,FC Omniworld,rt2d311e702a4053=Almere City
Netherlands,Eerste Divisie,2010,Eerste Divisie,FC Omniworld,rt2d311e702a4053=Almere City
Poland,Ekstraklasa,1995,Ekstraklasa,Petrochemia Płock; Olimpia Poznań,rt5e8802b1d5eec5=Lechia Gdańsk; rt07e3c2fb7d7695=MOKS Stomil Olsztyn
Poland,Ekstraklasa,1998,Ekstraklasa,Petrochemia Płock,rtfb89027cfbd666=Wisła Płock; rtb4836a98e25122=Petrochemia; rt07e3c2fb7d7695=MOKS Stomil Olsztyn
Poland,Ekstraklasa,2000,Ekstraklasa,Petrochemia Płock,rtfb89027cfbd666=Wisła Płock; rtb4836a98e25122=Petrochemia; rt07e3c2fb7d7695=MOKS Stomil Olsztyn
Qatar,Qatar Stars League,2011,Stars League,Lekhwiya,rtb40f0e4d4bfdc4=Al Duhail; rt02e0fcec990ca9=Al Shamal
Romania,Romania Liga II,2017,Cupa României,UTA Batrana Doamna; ACS Soimii Pancota,rt1638375bd54c6c=Becicherecu Mic; rt77bd7843d1f28b=Unirea Bascov; rtf8ea23b28f26dd=Urban Titu; rt4a6fd80a7e8524=Șomuzul Preutești; rt9792b67bb324d3=Voluntari II; rtfe1ba8269bd933=Botoșani; rt9c34a7abf394bd=Academica Clinceni; rtef6cf11d8b4228=Voluntari; rt6ea480ce82ef31=Voinţa Lupac; rt8f7f4a9d51f3b5=Csikszereda; rt8ae0541b61cbfe=Petrolistul Boldești; rt05d8b692deb2e5=Universitatea Craiova II; rt65aab94557c733=Voinţa Lanurile; rtba488ade8e3c6b=Daco-Getica; rte0687cc923f6b3=Ghiroda; rt747719a3523342=Slatina; rt3409711197fbab=Înainte Modelu; rt8a56846e178cf9=Pucioasa; rt8a291b9359ebde=Viitorul Ulmeni; rt1c3063fd808e48=Ştiinţa Miroslava; rt23f3b551624d3a=Caransebeş; rt3515a86a18260e=Transdor Tudora; rtfffb8d8720247c=Tunari; rt20839b19f8d769=CSM Lugoj; rtea5a1cc0b6b87c=Argeș; rtd8f2a55f77f9b2=Șoimii Lipova; rt605cc8e58ba15a=Flacăra Moreni; rtbfb1c604fb21c8=Comuna Recea; rt1b9a147c5b1e5a=Unirea Slobozia; rtb0313f52e348fb=Unirea Cristuru Secuiesc; rt324529bdfe7dd3=ACS Poli Timişoara; rt5fbd6d8ba04cc6=Delta Dobrogea; rt2c7f9c04df5969=Știinta Danubius Bechet; rta1a3130820e1ec=TM Sângeorgiu de Pădure; rtcd03f64dde8e56=Pescăruşul Sarichioi; rt46351878f41f1c=Olteniţa; rt7b60d587601c15=FCV Farul Constanţa; rt537419fca967ac=Corvinul Hunedoara; rt5f3903ab871c39=Unirea Dej; rtcef35c4fd19b76=Unirea Mirşid; rt5527ece95a9c9d=CFR Cluj; rt70f70391156200=Millenium Giarmata; rt6e957f45ee5b60=Metalosport Galaţi; rt88dd9f252cf2b3=Pandurii Cerneți; rtc0efd05eff6bf6=Universitatea Craiova; rteaa4f477783f72=Siretul Lespezi; rtd944f4ef92d2aa=Sănătatea Cluj; rt8eb23046b1d349=Râmnicu Sărat; rt4ce0c229efa8b0=CSM Pascani; rt99dd8b5741523f=Sporting Lieşti; rt023f8dc8151653=Unirea Jucu; rtbb4b8a7bc26e06=Podari; rt31bea061bd26c8=Târgu Mureş; rte78cf1c72f6857=Universitatea Cluj; rtd03ca9a92bd4e5=Oşorhei; rta698f71f08c76c=Performanța Ighiu; rta4f05b6d91b888=Bucovina Pojorâta; rt887d6e1180da4e=FCSB; rt891a17c0036370=Gaz Metan Mediaş; rt1b9c0f1935c8d7=Păuleşti; rt93334952b413a7=CS FC Zalău; rt9f0e92525604de=Viitorul Domneşti; rt6893d1db5ec288=Voinţa Snagov; rt54d81cee287394=Dinamo Bucureşti II; rt6ef8c971744175=Vitis; rta39f911206d311=SC Bacău; rtc890729ec9400d=Abatorul Slobozia; rte291326b65e395=Viteazul Mihai Viteazu; rt3b325a067b8fbf=Filiaşi; rtf179d10ab1219c=Sportul Chiscani; rt3851075a69546e=Gauss Răcăciuni; rt289072d99df35f=Chimia Oraş Victoria; rtb1bd360cf58ffe=Ştefăneşti; rt97851f8a97be11=Internaţional Băleşti; rtbc56db38c28ab9=Metalurgistul Cugir; rtd20ef53ef43bf2=Minaur Baia Mare; rt1f1de9ae652c99=Euromania Dumbrăveni; rt6ebb34ce4a8f08=Minerul Motru; rtaefcd68d4b5850=Industria Sârmei; rtcda2e0bcb8e17d=Hărman; rt15bbd795bd5784=Metaloglobus; rt9f91b9ba1bc7fc=Şoimii Pâncota; rt7b06c5f673b669=Ineu; rta23b7850469492=FC Bistriţa; rtd593ce1b4bd7d6=Pandurii Târgu Jiu II; rtc137c7a02a1cbf=Inter Dorohoi; rtc704339f6c15b7=Concordia Chiajna; rtb6c9e861055801=Sporting Roşiori; rt776044fcefd873=Victoria Chirnogi; rt3b8ee1745a492a=Aerostar Bacău; rt09faa79f23050a=Panciu; rt23c6005cbb7527=Viitorul Constanţa II; rt6ad05875673291=Posada Perişani; rt1d92c309160a12=CSM Deva; rt936e66894b45c0=Avrig; rta1a766a99ee761=ARO Muscelul Câmpulung; rt89f76fe5be4590=Păpăuţi; rt966ee4174a36b6=Avântul Reghin; rt15a5a56a2c284e=Marmaţia Sighet; rt02a19212f842f8=Gloria Ivești; rt8899abbd8dfc36=Arsenal Malu; rt0ea5ea7b59d9fd=Roman; rt9b060bb97301d3=Voinţa Ion Creangă; rtc46dc528fa4b08=Șoimul Băița; rtb1dbc573fb41a1=Bragadiru; rtc4fb90194166a3=Someşul Oar; rt488bd921b3073a=Atletic Bradu; rt7aa6fdbe2d7713=Atletico Vaslui; rt3678630f4d1653=SSU Poli Timişoara; rtda940271e94fb4=Concordia Chiajna II; rt3367348d0cd9be=Odorheiu Secuiesc; rt751e00ffe0066e=Sportul Snagov; rt06bf283e5f22e9=Viitorul Sântimbru; rt8fd20f0a3e8fca=Hidişelul de Sus; rt9dab1361e9a754=Popești-Leordeni; rt8a4a3443acfa14=Unirea Brânceni; rt908254251b91ca=Astra; rt29cb29bdf406e1=Iernut; rt4c8ee1759a2e8c=Măgura Cisnădie; rt77973149856ddf=Electroaparataj; rt0f869e5d4995b3=UTA Arad; rte3b92600a41848=Naţional Sebiş; rt4a75e5be0f5613=Sporting Turnu; rt78a6b65eac6b1d=Pandurii Târgu Jiu
Romania,Romania Liga II,2019,Cupa României,ACS Energeticianul,rt1638375bd54c6c=Becicherecu Mic; rt5c001965deed71=U Craiova 1948; rt77bd7843d1f28b=Unirea Bascov; rte98e60dcc0f1b7=Rapid Bucureşti; rtfe1ba8269bd933=Botoșani; rtef6cf11d8b4228=Voluntari; rt85bb758a002a52=Universitatea Galaţi; rt55d88de76bdd46=Focşani; rt5748ba7c467925=Viitorul Axintele; rt1d5027839e3bc6=Nemere Ghelinţa; rt8f7f4a9d51f3b5=Csikszereda; rt65aab94557c733=Voinţa Lanurile; rt496154ff43414a=Progresul Spartac; rt4d44bda27d129d=Viitorul Liteni; rt949d19c4e07eee=Gloria Lunca Teuz Cermei; rt747719a3523342=Slatina; rte21716367fc024=1599 Şelimbăr; rt3409711197fbab=Înainte Modelu; rt8a56846e178cf9=Pucioasa; rt1c3063fd808e48=Ştiinţa Miroslava; rt47eb7c674d8a1c=CSM Reşiţa; rtfffb8d8720247c=Tunari; rt1db509ef95075d=Turris-Oltul T. Măgurele; rt20839b19f8d769=CSM Lugoj; rt6fe603f66263c5=Ghiroda şi Giarmata Vii; rt8b8b74f792634d=Unirea Alba Iulia; rtd8f2a55f77f9b2=Șoimii Lipova; rt7be7c1ae118acf=Viitorul Albeşti; rt605cc8e58ba15a=Flacăra Moreni; rtbfb1c604fb21c8=Comuna Recea; rt030334a486ef5e=Târgu Secuiesc; rt1b9a147c5b1e5a=Unirea Slobozia; rt411fcf1619ae42=Foresta Suceava; rtb0313f52e348fb=Unirea Cristuru Secuiesc; rtd801cd64414bb5=Axiopolis; rt5fbd6d8ba04cc6=Delta Dobrogea; rtcd03f64dde8e56=Pescăruşul Sarichioi; rt46351878f41f1c=Olteniţa; rte90aefa10a2b13=Victoria Traian; rt537419fca967ac=Corvinul Hunedoara; rt2ac50bd08c0836=Săcele; rt74337525960d3a=Mureşul Ruşii-Munţi; rtd819039dd868e3=Petrofac Ţicleni; rt5f3903ab871c39=Unirea Dej; rt5527ece95a9c9d=CFR Cluj; rt70f70391156200=Millenium Giarmata; rt5c8d8a9403f4dd=Metalul Buzău; rt458601073eef83=Viitorul P. Târgu Jiu; rtc0efd05eff6bf6=Universitatea Craiova; rtd944f4ef92d2aa=Sănătatea Cluj; rt2a23b5e50fc57a=Rapid Jibou; rt8eb23046b1d349=Râmnicu Sărat; rt4ce0c229efa8b0=CSM Pascani; rt99dd8b5741523f=Sporting Lieşti; rt76f568e74adf1e=Oţelul Galați; rt7e0880350c60da=Alexandria; rta698f71f08c76c=Performanța Ighiu; rt887d6e1180da4e=FCSB; rt891a17c0036370=Gaz Metan Mediaş; rta0dc65e3ae14b6=Fortuna Becicherecu Mic; rtbeb7ada839b4c1=Crasna Moftinu Mic; rt1b9c0f1935c8d7=Păuleşti; rt9f0e92525604de=Viitorul Domneşti; rtd89e51816c10bb=Viitorul Onești; rt21573fffbfafbe=Cozia Călimăneşti; rt3b325a067b8fbf=Filiaşi; rtf179d10ab1219c=Sportul Chiscani; rt97851f8a97be11=Internaţional Băleşti; rte278d5fd494815=Drăgăneşti-Vlaşca; rtbc56db38c28ab9=Metalurgistul Cugir; rtd20ef53ef43bf2=Minaur Baia Mare; rtbb2c50c8d117ad=AS FC Buzău; rt813cc1ee928931=Unirea Mirceşti; rt4ac1e7ebcb3efe=Agricola Borcea; rtcda2e0bcb8e17d=Hărman; rt9922ca7116f6ca=Sănătatea Darabani; rtf6996b01b9f4a9=Victoria Zăbrani; rt2955037266fea7=Sepsi; rtc704339f6c15b7=Concordia Chiajna; rtb6c9e861055801=Sporting Roşiori; rtc7933c3bb95319=Dunărea Călăraşi; rt104fcc9b193dae=Izbânda Hagilarea; rt787b395f05d7f8=Bucovina Rădăuţi; rt342675b771864e=Croaţia Clocotici; rt7fcd85c6101436=Ceahlăul Piatra Neamţ; rt1d92c309160a12=CSM Deva; rt3404ee82101fba=Afumaţi; rt936e66894b45c0=Avrig; rt966ee4174a36b6=Avântul Reghin; rt56d8827e60524c=Mostiştea Ulmu; rta0b1ffc79ebe72=Sportul Ciorăşti; rt0ea5ea7b59d9fd=Roman; rt7a967621e995ca=Vultureşti; rtb1dbc573fb41a1=Bragadiru; rt2cc03431586422=Viitorul Şimian; rt488bd921b3073a=Atletic Bradu; rt7b700c32099a1f=Gloria Bistriţa; rt3678630f4d1653=SSU Poli Timişoara; rta70f10945c6e46=Sportul Petreşti; rt18fd329f327821=Unirea Tășnad; rt3367348d0cd9be=Odorheiu Secuiesc; rt51b1eb418bb8b0=Viitorul Ianca; rtd1aa64653c6cb7=Dacia Gepiu; rt0bb8fb563c4d4e=Arieşul Turda; rt3e240aee6fd499=Gloria Corneşti; rt80bc8b8cc6e4ca=Dinamo Bucureşti; rt9dab1361e9a754=Popești-Leordeni; rt2116962c8fca3d=Hermannstadt; rt908254251b91ca=Astra; rt29cb29bdf406e1=Iernut; rtb2a8fccba48177=Argeşul Mihăileşti; rte3b92600a41848=Naţional Sebiş
Romania,Romania Liga II,2020,Cupa României,SCM Gloria Buzau,rta1aafe911ca1e5=CS Floreşti; rt5c001965deed71=U Craiova 1948; rt04abd5963ab4dc=Progresul Pecica; rt77bd7843d1f28b=Unirea Bascov; rtfe1ba8269bd933=Botoșani; rt9c34a7abf394bd=Academica Clinceni; rtef6cf11d8b4228=Voluntari; rt85bb758a002a52=Universitatea Galaţi; rt55d88de76bdd46=Focşani; rt6ea480ce82ef31=Voinţa Lupac; rt58c62c59275e5d=Strehaia; rtf1c51de1622ddf=Municipal Braşov; rt496154ff43414a=Progresul Spartac; rt4d44bda27d129d=Viitorul Liteni; rta40268f8b93f53=Minerul Costeşti; rtba488ade8e3c6b=Daco-Getica; rt375a46370c1c30=Făurei; rt76c8eb2e58ae31=Flacăra Horezu; rt949d19c4e07eee=Gloria Lunca Teuz Cermei; rt442b51277708fd=Vediţa Coloneşti; rt747719a3523342=Slatina; rt3409711197fbab=Înainte Modelu; rt8a56846e178cf9=Pucioasa; rt1c3063fd808e48=Ştiinţa Miroslava; rtfffb8d8720247c=Tunari; rt0587c962ca3ff2=Şomuz Fălticeni; rt20839b19f8d769=CSM Lugoj; rt9411af22542d28=Dumbrăviţa; rt6fe603f66263c5=Ghiroda şi Giarmata Vii; rt8b8b74f792634d=Unirea Alba Iulia; rtd8f2a55f77f9b2=Șoimii Lipova; rt7be7c1ae118acf=Viitorul Albeşti; rt605cc8e58ba15a=Flacăra Moreni; rtbfb1c604fb21c8=Comuna Recea; rt030334a486ef5e=Târgu Secuiesc; rt1b9a147c5b1e5a=Unirea Slobozia; rt411fcf1619ae42=Foresta Suceava; rtd801cd64414bb5=Axiopolis; rt324529bdfe7dd3=ACS Poli Timişoara; rtcd03f64dde8e56=Pescăruşul Sarichioi; rt46351878f41f1c=Olteniţa; rt6118a6a1b518be=Medgidia; rt2c7353df5bb1d0=Inter Petrila; rt537419fca967ac=Corvinul Hunedoara; rt2ac50bd08c0836=Săcele; rt234fba0dd9e083=Crişul Chişineu Criş; rt3daa22912448ae=Gheorgheni; rtbd3572dbba24e2=Baloteşti; rt5f3903ab871c39=Unirea Dej; rt5527ece95a9c9d=CFR Cluj; rt70f70391156200=Millenium Giarmata; rt5c8d8a9403f4dd=Metalul Buzău; rt0556cb5446c6f5=Mihai Bravu; rtc0efd05eff6bf6=Universitatea Craiova; rtd944f4ef92d2aa=Sănătatea Cluj; rt23b4afebf29556=Voinţa Stremţ; rta4888ca1863536=Progresul Șomcuta Mare; rt8eb23046b1d349=Râmnicu Sărat; rt4ce0c229efa8b0=CSM Pascani; rt99dd8b5741523f=Sporting Lieşti; rt79f0d755210d8f=Ajax Botoroaga; rt76f568e74adf1e=Oţelul Galați; rt7e0880350c60da=Alexandria; rt887d6e1180da4e=FCSB; rt891a17c0036370=Gaz Metan Mediaş; rt9f0e92525604de=Viitorul Domneşti; rtc689b0ea77e319=Unirea Cruşeţ; rtfcf5c69a3c0e79=Mausoleul Mărăşeşti; rte606d8abdb0b1b=Avântul Zărneşti; rtd89e51816c10bb=Viitorul Onești; rt145b0cc2d4aa7c=Ocna Mureș; rt3b325a067b8fbf=Filiaşi; rtf179d10ab1219c=Sportul Chiscani; rt25408e11f15b50=MSE Târgu Mureş; rt83b8cc2fe2b3db=Dacia Unirea Brăila; rtbc56db38c28ab9=Metalurgistul Cugir; rtb836651ac3ab80=CSM Vaslui; rtd20ef53ef43bf2=Minaur Baia Mare; rtbb2c50c8d117ad=AS FC Buzău; rt813cc1ee928931=Unirea Mirceşti; rte25b58d4080174=Vulturii Pasărea; rt4ac1e7ebcb3efe=Agricola Borcea; rtcda2e0bcb8e17d=Hărman; rte2b6ad76bc3999=Lotus Băile Felix; rtdf68e569b2da05=CSA Steaua Bucureşti; rt361e5beb27435c=CS Cârcea; rt9922ca7116f6ca=Sănătatea Darabani; rt37a86a143ced36=Luceafărul Oradea; rt2955037266fea7=Sepsi; rtb6c9e861055801=Sporting Roşiori; rt3b8ee1745a492a=Aerostar Bacău; rtcf30c36eaa11d3=Avântul Periam; rt5fb1815a0b48fc=Bărăganul Ciulniţa; rt787b395f05d7f8=Bucovina Rădăuţi; rt1d92c309160a12=CSM Deva; rt7fcd85c6101436=Ceahlăul Piatra Neamţ; rt3404ee82101fba=Afumaţi; rt936e66894b45c0=Avrig; rt89f76fe5be4590=Păpăuţi; rt966ee4174a36b6=Avântul Reghin; rtb702b144a52671=Dumitra; rt5eed061681c774=SCM Zalău; rte6b4dea43766f5=Olimpia Satu Mare; rt56d8827e60524c=Mostiştea Ulmu; rt4cee9b938738bb=Bradu Borca; rt7b700c32099a1f=Gloria Bistriţa; rt3678630f4d1653=SSU Poli Timişoara; rtba169fc08542dc=Victoria Cumpăna; rt18fd329f327821=Unirea Tășnad; rt3367348d0cd9be=Odorheiu Secuiesc; rt4dcf25ac8dd6c9=Recolta Gura Şuţii; rt51b1eb418bb8b0=Viitorul Ianca; rt6edab048a23c96=Unirea Ungheni; rt0bb8fb563c4d4e=Arieşul Turda; rt80bc8b8cc6e4ca=Dinamo Bucureşti; rt72100924229da9=Real Bradu; rt9dab1361e9a754=Popești-Leordeni; rt813793423abc81=Blejoi; rt2116962c8fca3d=Hermannstadt; rt908254251b91ca=Astra; rt29cb29bdf406e1=Iernut; rt4c8ee1759a2e8c=Măgura Cisnădie; rte3b92600a41848=Naţional Sebiş; rtd5e17259b2ad9a=Chindia Târgovişte
Romania,Romania Liga II,2021,Cupa României,SCM Gloria Buzau,rt68fa573973ec50=Ozana Târgu Neamţ; rt04abd5963ab4dc=Progresul Pecica; rt77bd7843d1f28b=Unirea Bascov; rtd89e51816c10bb=Viitorul Onești; rtfe1ba8269bd933=Botoșani; rt9c34a7abf394bd=Academica Clinceni; rtef6cf11d8b4228=Voluntari; rt3b325a067b8fbf=Filiaşi; rt55d88de76bdd46=Focşani; rt68e11fe8f6e476=Înfrăţirea Jilavele; rt83b8cc2fe2b3db=Dacia Unirea Brăila; rtfeb0b485b945cb=Olimpic Zărneşti; rtbc56db38c28ab9=Metalurgistul Cugir; rtb836651ac3ab80=CSM Vaslui; rtd20ef53ef43bf2=Minaur Baia Mare; rtf1c51de1622ddf=Municipal Braşov; rt3cec9601a19823=Jiul Petroşani; rt496154ff43414a=Progresul Spartac; rtbb2c50c8d117ad=AS FC Buzău; rt285f9bda00f27a=Sportul Şimleu; rta40268f8b93f53=Minerul Costeşti; rt1ce04560765f28=Pobeda Stár Bišnov; rt375a46370c1c30=Făurei; rt4ac1e7ebcb3efe=Agricola Borcea; rt76c8eb2e58ae31=Flacăra Horezu; rt949d19c4e07eee=Gloria Lunca Teuz Cermei; rt442b51277708fd=Vediţa Coloneşti; rtdeafcb6f0830db=Jiul Rovinari; rte2b6ad76bc3999=Lotus Băile Felix; rtdf68e569b2da05=CSA Steaua Bucureşti; rte21716367fc024=1599 Şelimbăr; rt3409711197fbab=Înainte Modelu; rt8a56846e178cf9=Pucioasa; rt37a86a143ced36=Luceafărul Oradea; rte2a351e57e028b=Dante Botoşani; rt1c3063fd808e48=Ştiinţa Miroslava; rtfffb8d8720247c=Tunari; rt0587c962ca3ff2=Şomuz Fălticeni; rt9411af22542d28=Dumbrăviţa; rt2955037266fea7=Sepsi; rt6fe603f66263c5=Ghiroda şi Giarmata Vii; rt8b8b74f792634d=Unirea Alba Iulia; rtea5a1cc0b6b87c=Argeș; rtb6c9e861055801=Sporting Roşiori; rtd8f2a55f77f9b2=Șoimii Lipova; rt605cc8e58ba15a=Flacăra Moreni; rtdebaa566bd22ed=Recolta Gheorghe Doja; rt030334a486ef5e=Târgu Secuiesc; rt787b395f05d7f8=Bucovina Rădăuţi; rt411fcf1619ae42=Foresta Suceava; rtd801cd64414bb5=Axiopolis; rt7fcd85c6101436=Ceahlăul Piatra Neamţ; rt1d92c309160a12=CSM Deva; rt3404ee82101fba=Afumaţi; rt324529bdfe7dd3=ACS Poli Timişoara; rta3bc688f47e217=CSM Bacău; rt966ee4174a36b6=Avântul Reghin; rt46351878f41f1c=Olteniţa; rte6b4dea43766f5=Olimpia Satu Mare; rt5eed061681c774=SCM Zalău; rt56d8827e60524c=Mostiştea Ulmu; rt6118a6a1b518be=Medgidia; rte90aefa10a2b13=Victoria Traian; rt537419fca967ac=Corvinul Hunedoara; rt50f827b4cff03c=Universitatea Alba Iulia; rt234fba0dd9e083=Crişul Chişineu Criş; rtbd3572dbba24e2=Baloteşti; rt5f3903ab871c39=Unirea Dej; rt5527ece95a9c9d=CFR Cluj; rt5ac0bacf834497=Poseidon 2 Mai; rt7b700c32099a1f=Gloria Bistriţa; rt3678630f4d1653=SSU Poli Timişoara; rtba169fc08542dc=Victoria Cumpăna; rtd7f1b1cb588c1e=Victoria Gugeşti; rt5c8d8a9403f4dd=Metalul Buzău; rt3367348d0cd9be=Odorheiu Secuiesc; rt4929d85da549c7=Flacăra M. Kogălniceanu; rt4dd92bed4f38c9=Viitorul Dăești; rtc0efd05eff6bf6=Universitatea Craiova; rtd944f4ef92d2aa=Sănătatea Cluj; rt23096ce9931db4=Dunărea 2020 Giurgiu; rtd8af8d2d4db319=CS Gilortul Targu Carbunesti; rt51b1eb418bb8b0=Viitorul Ianca; rt5b4dfaf61a5941=Hușana Huși; rt8eb23046b1d349=Râmnicu Sărat; rt4ce0c229efa8b0=CSM Pascani; rt6edab048a23c96=Unirea Ungheni; rt0bb8fb563c4d4e=Arieşul Turda; rt99dd8b5741523f=Sporting Lieşti; rt3e240aee6fd499=Gloria Corneşti; rt80bc8b8cc6e4ca=Dinamo Bucureşti; rt9dab1361e9a754=Popești-Leordeni; rt025e4f49ac6e2e=Sighetu Marmaţiei; rt76f568e74adf1e=Oţelul Galați; rt7e0880350c60da=Alexandria; rt813793423abc81=Blejoi; rt2116962c8fca3d=Hermannstadt; rt908254251b91ca=Astra; rt887d6e1180da4e=FCSB; rt891a17c0036370=Gaz Metan Mediaş; rta0dc65e3ae14b6=Fortuna Becicherecu Mic; rt0f869e5d4995b3=UTA Arad; rtf0a519e4c3b398=Arieşul Mihai Viteazu; rtd5e17259b2ad9a=Chindia Târgovişte
Romania,Romania Liga II Serie A,2011,Cupa României,Juventus Bucuresti; Steaua Bucureşti II,rt1638375bd54c6c=Becicherecu Mic; rte98e60dcc0f1b7=Rapid Bucureşti; rtf8ea23b28f26dd=Urban Titu; rt9c34a7abf394bd=Academica Clinceni; rtef6cf11d8b4228=Voluntari; rta19f497a3d40f1=Bihorul Beiuş; rte0e15071359947=Vaslui II; rt3745575276c14b=Oil Terminal Constanţa; rt55d88de76bdd46=Focşani; rt5748ba7c467925=Viitorul Axintele; rtd0d3d3f0c5eeb3=Gloria Arad; rtde3cb504ebd307=Viitorul Sânandrei; rt8ae0541b61cbfe=Petrolistul Boldești; rtce837eff108da7=Minerul Mehedinţi; rt724b8ee3acbea8=FC Politehnica Iaşi II; rt32717f4afa1725=Petrolul Videle; rt3cec9601a19823=Jiul Petroşani; rtf33274272aaea9=Viticultorul Breaza; rt0d91605a1b17ad=Ghecon Lăpuşata; rt3b682c6ada206d=Viitorul Homocea; rt909969ee713fff=Sparta Mediaş; rtba488ade8e3c6b=Daco-Getica; rt236e9a5b5d1101=Frontiera Curtici; rt0d89135586ab9e=Eforie; rt4cdc43f1b3f10c=Petrolul Teleajen; rt03d410272747b0=FC Argeş Piteşti II; rt562be039143a2e=Rapid II; rta80b1e554691fd=FC Politehnica Iaşi; rt2822e0ad55145c=CSM Târgoviste; rtdeafcb6f0830db=Jiul Rovinari; rt47eb7c674d8a1c=CSM Reşiţa; rtfffb8d8720247c=Tunari; rta33955c9835c91=Zagon; rt8b8b74f792634d=Unirea Alba Iulia; rtba16fc743a203f=Viitorul Însurăţei; rtd61e653b196740=Sebeş; rt542f12bcfee402=Cetatea 1932 Suceava; rt756f6275f12064=Mureşul Deva; rt7c4724e00ef5b1=Zlatna; rt091dceddf59a15=SCM Râmnicu Vâlcea; rtd2aca9479d4482=Callatis Mangalia; rt411fcf1619ae42=Foresta Suceava; rt1b9a147c5b1e5a=Unirea Slobozia; rt324529bdfe7dd3=ACS Poli Timişoara; rt658903cd71faae=Inter Clinceni; rt811f511896a580=Internaţional; rt41774249c684f1=Municipal Turda; rt4cc36d6e5542ce=Dunărea Zimnicea; rt6118a6a1b518be=Medgidia; rt0ff763a25266b5=Tricolorul Breaza; rt4f68633da5e723=Chimia Brazi; rt7b60d587601c15=FCV Farul Constanţa; rt0569bc5e752134=CFR Timişoara; rt537419fca967ac=Corvinul Hunedoara; rt57477b76f261cd=Minerul Lupeni; rtd819039dd868e3=Petrofac Ţicleni; rt96b2173047e2e9=Muncitorul Reşiţa; rtaf36adddc70bc3=Gloria Progresul; rt5f3903ab871c39=Unirea Dej; rt5527ece95a9c9d=CFR Cluj; rt70f70391156200=Millenium Giarmata; rtd205c4571b8f19=Voinţa Sibiu; rt3cff9591fea8e3=Rapid Dumeşti; rt266ff9d039fc31=Predeal; rt53c926554813e6=Lăpuşul Târgu Lăpuş; rtd944f4ef92d2aa=Sănătatea Cluj; rt8eb23046b1d349=Râmnicu Sărat; rt0e5f6991907da2=Rădăuţi; rt4ce0c229efa8b0=CSM Pascani; rt4cf955ffed097f=Avântul Mâneciu; rtbb1bc5a30d4ffe=Dragomireşti; rt111be73a74e115=Triumf Bârca; rtc1b86ead9dd105=Armata Craiova; rt4725f79a44df8a=Ceahlăul II; rtbb4b8a7bc26e06=Podari; rtc15fa7a7800c2b=Politehnica Timişoara; rtf68fd1b97ed247=FC Argeş Piteşti; rtcfddc19567e4d5=Prometeu Craiova; rt31bea061bd26c8=Târgu Mureş; rte78cf1c72f6857=Universitatea Cluj; rt76f568e74adf1e=Oţelul Galați; rt7e0880350c60da=Alexandria; rtbac5d88ea33669=FC Baia Mare; rtb15cbc03e0af77=Fortuna Covaci; rt0bb254a697fa7a=Arieşul 1907; rta5b786880fdf23=Viitorul Vereşti; rt887d6e1180da4e=FCSB; rt891a17c0036370=Gaz Metan Mediaş; rt93334952b413a7=CS FC Zalău; rt86cef6ed988fff=Berceni; rt9f0e92525604de=Viitorul Domneşti; rtc17fe293f74eb2=Progresul Gătaia; rt0484b771297eb0=Cisnădie; rt3f57dd6ed4f23b=CF Gloria Bistriţa; rt5470e5809169a8=Târnava Beteşti; rt68fa573973ec50=Ozana Târgu Neamţ; rt119dde41e75641=Albota; rtc5e408454a8d68=Farul Constanţa II; rtab693c61fe0b45=Vaslui; rt40f10aa36e4abe=Astra Giurgiu II; rtca22b26a77867c=FCM Târgovişte; rt32a5ad11a0c5d3=Phoenix Ulmu; rt883f50889080a9=Politehnica Galaţi; rt24e0db97a9c459=Pambac Bacău; rt201a7dd45500ec=Voinţa Livezile; rtc477fb151ffa7a=Comprest GIM; rt0741b861645479=Domneşti IF; rt303203e213eeff=Willy Bacău; rt545cb8b12febb4=Utchim Găeşti; rtcb4d3d82bcd3a0=FCM Târgovişte III; rt152a404e562ac0=Gaz Metan Târgu Mureş; rt6ebb34ce4a8f08=Minerul Motru; rtba7321243cf514=Oltchim Râmnicu Vâlcea; rtcda2e0bcb8e17d=Hărman; rtab99f0261a819e=Drobeta-Turnu Severin; rtb7e12af4e16ac2=Caracal; rt4958ed153d9f78=Juventus Bascov; rt2036f9ffbfba25=Luceafărul Cercheză; rtef86e2cb9d7b95=Luceafărul M. Eminescu; rt485ad6c5ae9c32=Bihor Oradea; rt37a86a143ced36=Luceafărul Oradea; rt6291421a98df55=Minerul Jilţ Mătăsari; rt7b06c5f673b669=Ineu; rt87be78bc842b08=Vişina Nouă; rt5666fabe029fa9=Partizanul Merei; rt6dea33a065ffe0=Turul Micula; rtd371fd8eaf42da=Barcău Nuşfalău; rt09da66f0f40e91=FCSB II; rt2a09b2ac147253=Ralbex Turcineşti; rt776044fcefd873=Victoria Chirnogi; rt3b8ee1745a492a=Aerostar Bacău; rt6144cad0db0b68=Filipeştii de Pădure; rtbf9fab1b56c04a=Moldoforest Moldova Noua; rtc38d3e03434182=Voinţa Mărişelu; rtc7933c3bb95319=Dunărea Călăraşi; rt09faa79f23050a=Panciu; rt0c7d7af46beb1a=ACU Arad; rt7e1a6d04c4bc94=Viitorul Toporu; rtaedad6a230efb9=Termo; rtfc5d0fb18aebc4=FC Universitatea Craiova; rtf21846d8bdc175=Romprim Bucureşti; rt559a3e185b86b3=Conpet Ploieşti; rtf3eff52eb29c43=Braşov; rt966ee4174a36b6=Avântul Reghin; rt15a5a56a2c284e=Marmaţia Sighet; rtb9e8f055db04f8=Luceafărul Oradea II; rt34f904346f5ba5=Petrolul 52; rt5496b67b93b2eb=Carvăn; rt742dbb13cdf956=Oţelul Galați II; rt0ea5ea7b59d9fd=Roman; rt6fab5169b5c0f6=Gaz Metan Mediaş II; rt2e1e7557241900=Mureşul Vințu de Jos; rtc4fb90194166a3=Someşul Oar; rt0bc9f8f668b2bf=Olt Slatina; rt488bd921b3073a=Atletic Bradu; rt806935f3132156=Mioveni; rt94d5f7bfd8d1c3=Unirea Urziceni; rt3367348d0cd9be=Odorheiu Secuiesc; rt751e00ffe0066e=Sportul Snagov; rtd89ae1fb1a588a=Simeria; rtb244c616aa8d52=Sportul Studențesc; rt12162215afdef4=Bolintin Vale Malu Spart; rt51b1eb418bb8b0=Viitorul Ianca; rt9f6b9a74fdc53a=Avântul Vânători; rt57e20bf104dc27=Poli 2002 Timişoara; rt6edab048a23c96=Unirea Ungheni; rt80bc8b8cc6e4ca=Dinamo Bucureşti; rt207c19d714d90a=Recolta Tufeşti; rt071d1edcc24560=FCM Bacău; rt6d3ad57e59f81e=Unirea Sânnicolau Mare; rt856c40ecd62848=Progresul Corabia; rt494603b89cb6f5=Dunărea Galaţi II; rtcea7e4eee3ffb9=Gura Humorului; rt56f62d7126f037=Huşi; rt3dfdf21c3e580c=Politehnica Timisoara II; rtecdb174ca7fa1a=Mondosport Bacău; rt908254251b91ca=Astra; rt829bcfa8d8e82b=Silvania; rtb2a8fccba48177=Argeşul Mihăileşti; rt3e2bf15d41a44b=Unirea Tărlungeni; rte3b92600a41848=Naţional Sebiş; rt758bfcf5770c10=Recolta Stoicăneşti; rta0eaa35c8804d0=Turnu Severin; rt7cb008f309a516=Flacăra Brusturi; rt78a6b65eac6b1d=Pandurii Târgu Jiu; rtc53b7d42e75ad2=Victoria Brăneşti
Romania,Romania Liga II Serie A,2012,Cupa României,ACSMU Politehnica Iaşi,rt1638375bd54c6c=Becicherecu Mic; rte98e60dcc0f1b7=Rapid Bucureşti; rtf8ea23b28f26dd=Urban Titu; rt9c34a7abf394bd=Academica Clinceni; rtef6cf11d8b4228=Voluntari; rta19f497a3d40f1=Bihorul Beiuş; rta45767888f0995=Venus Independenţa; rt55d88de76bdd46=Focşani; rt48ad8e00211686=Spicul Bucureşti; rt5748ba7c467925=Viitorul Axintele; rtd0d3d3f0c5eeb3=Gloria Arad; rt32717f4afa1725=Petrolul Videle; rtf33274272aaea9=Viticultorul Breaza; rt0d91605a1b17ad=Ghecon Lăpuşata; rtaa821f393063f6=Armata Aurul Brad; rtba488ade8e3c6b=Daco-Getica; rt0d89135586ab9e=Eforie; rt562be039143a2e=Rapid II; rtdeafcb6f0830db=Jiul Rovinari; rtd51f37457a2f28=Recolta Dănceu; rt4913220e252fde=Zmeii Ogrezeni; rt23f3b551624d3a=Caransebeş; rt47eb7c674d8a1c=CSM Reşiţa; rtfffb8d8720247c=Tunari; rta33955c9835c91=Zagon; rt8b8b74f792634d=Unirea Alba Iulia; rt51b3b93aeb4081=Olt; rt45d34299c5965d=Energia Craiova; rt542f12bcfee402=Cetatea 1932 Suceava; rt756f6275f12064=Mureşul Deva; rt7c4724e00ef5b1=Zlatna; rt091dceddf59a15=SCM Râmnicu Vâlcea; rt411fcf1619ae42=Foresta Suceava; rt1b9a147c5b1e5a=Unirea Slobozia; rt324529bdfe7dd3=ACS Poli Timişoara; rt658903cd71faae=Inter Clinceni; rt41774249c684f1=Municipal Turda; rt6118a6a1b518be=Medgidia; rt4f68633da5e723=Chimia Brazi; rt7b60d587601c15=FCV Farul Constanţa; rt0569bc5e752134=CFR Timişoara; rt537419fca967ac=Corvinul Hunedoara; rtf3dd5bdebd89a5=Voinţa Sibiu II; rtc422c6e28ae7e6=Leii Tritenii De Jos; rtb3614dcf6853bb=Curciu; rtaf36adddc70bc3=Gloria Progresul; rtbd3572dbba24e2=Baloteşti; rtf93e87ade448d5=Metalul Vlăhiţa; rt5f3903ab871c39=Unirea Dej; rt5527ece95a9c9d=CFR Cluj; rt70f70391156200=Millenium Giarmata; rtd205c4571b8f19=Voinţa Sibiu; rt3cff9591fea8e3=Rapid Dumeşti; rtd944f4ef92d2aa=Sănătatea Cluj; rt8eb23046b1d349=Râmnicu Sărat; rt4ce0c229efa8b0=CSM Pascani; rt111be73a74e115=Triumf Bârca; rt4725f79a44df8a=Ceahlăul II; rt98f1f5da1fbcba=Flacăra Tâlpa; rtc15fa7a7800c2b=Politehnica Timişoara; rtf68fd1b97ed247=FC Argeş Piteşti; rtcfddc19567e4d5=Prometeu Craiova; rt31bea061bd26c8=Târgu Mureş; rte78cf1c72f6857=Universitatea Cluj; rt76f568e74adf1e=Oţelul Galați; rt7e0880350c60da=Alexandria; rt0bb254a697fa7a=Arieşul 1907; rt2d78a7ce3064b5=Rucăr Argeş; rt887d6e1180da4e=FCSB; rt891a17c0036370=Gaz Metan Mediaş; rtd5d99cf1b0f60c=FC Maramureş; rt93334952b413a7=CS FC Zalău; rt86cef6ed988fff=Berceni; rt9f0e92525604de=Viitorul Domneşti; rt0484b771297eb0=Cisnădie; rt3f57dd6ed4f23b=CF Gloria Bistriţa; rt68fa573973ec50=Ozana Târgu Neamţ; rt119dde41e75641=Albota; rta39f911206d311=SC Bacău; rtab693c61fe0b45=Vaslui; rt40f10aa36e4abe=Astra Giurgiu II; rtca22b26a77867c=FCM Târgovişte; rt32a5ad11a0c5d3=Phoenix Ulmu; rte291326b65e395=Viteazul Mihai Viteazu; rt883f50889080a9=Politehnica Galaţi; rt201a7dd45500ec=Voinţa Livezile; rtcad78027411e20=Gîrceni; rtb1bd360cf58ffe=Ştefăneşti; rtc477fb151ffa7a=Comprest GIM; rte5ff4fbc7ccfbd=CSO Plopeni; rt303203e213eeff=Willy Bacău; rt152a404e562ac0=Gaz Metan Târgu Mureş; rt6ebb34ce4a8f08=Minerul Motru; rtb6ca5c5096ccb1=Piatra-Olt; rtba7321243cf514=Oltchim Râmnicu Vâlcea; rtab99f0261a819e=Drobeta-Turnu Severin; rtb7e12af4e16ac2=Caracal; rtef86e2cb9d7b95=Luceafărul M. Eminescu; rtf15db6f473dfd1=Granitul Babadag; rt485ad6c5ae9c32=Bihor Oradea; rt37a86a143ced36=Luceafărul Oradea; rt605b6dbd55933b=Fortuna; rt6291421a98df55=Minerul Jilţ Mătăsari; rt7470361ae9b648=Corona Braşov; rt87be78bc842b08=Vişina Nouă; rtd593ce1b4bd7d6=Pandurii Târgu Jiu II; rt5666fabe029fa9=Partizanul Merei; rt725ec8f3357f30=Venus Maierişte; rtc704339f6c15b7=Concordia Chiajna; rt09da66f0f40e91=FCSB II; rt2a09b2ac147253=Ralbex Turcineşti; rt776044fcefd873=Victoria Chirnogi; rt3b8ee1745a492a=Aerostar Bacău; rt1caa264de4a85d=Naţional Goleşti; rt6144cad0db0b68=Filipeştii de Pădure; rtbf9fab1b56c04a=Moldoforest Moldova Noua; rtc7933c3bb95319=Dunărea Călăraşi; rtfeb7de76f115a4=Minerul Iacobeni; rt09faa79f23050a=Panciu; rt0c7d7af46beb1a=ACU Arad; rt7fcd85c6101436=Ceahlăul Piatra Neamţ; rtaedad6a230efb9=Termo; rt2ee82a4b2be3cb=Vladimirescu; rt559a3e185b86b3=Conpet Ploieşti; rtf3eff52eb29c43=Braşov; rt966ee4174a36b6=Avântul Reghin; rt280f1703267c52=Cetatea Turnu Magurele; rt5f342c87f09cc1=Europa Alba Iulia; rtb9e8f055db04f8=Luceafărul Oradea II; rtaca9ce463fb479=Juventus Pişchia; rt02a19212f842f8=Gloria Ivești; rt34f904346f5ba5=Petrolul 52; rt742dbb13cdf956=Oţelul Galați II; rt9b060bb97301d3=Voinţa Ion Creangă; rt0ea5ea7b59d9fd=Roman; rt6fab5169b5c0f6=Gaz Metan Mediaş II; rtc4fb90194166a3=Someşul Oar; rt0bc9f8f668b2bf=Olt Slatina; rt488bd921b3073a=Atletic Bradu; rt43361ef41caf0e=Oneşti; rt806935f3132156=Mioveni; rtc0269903b66bc7=Spicul Ardusat; rt5c5645aae3c156=CSM Moineşti; rtda940271e94fb4=Concordia Chiajna II; rt138f44d4380b87=ABC St. Stoicescu; rt3367348d0cd9be=Odorheiu Secuiesc; rt751e00ffe0066e=Sportul Snagov; rtd89ae1fb1a588a=Simeria; rtb244c616aa8d52=Sportul Studențesc; rt6edab048a23c96=Unirea Ungheni; rt0bb8fb563c4d4e=Arieşul Turda; rt3e240aee6fd499=Gloria Corneşti; rt80bc8b8cc6e4ca=Dinamo Bucureşti; rt6d3ad57e59f81e=Unirea Sânnicolau Mare; rt856c40ecd62848=Progresul Corabia; rt3dfdf21c3e580c=Politehnica Timisoara II; rt528c749891c1f0=Politehnica Iași; rtf24e713e795a74=Olimpia Sânpetru; rt908254251b91ca=Astra; rtb2a8fccba48177=Argeşul Mihăileşti; rt3e2bf15d41a44b=Unirea Tărlungeni; rta4fa07639ffc20=Fortino Ianca; rte3b92600a41848=Naţional Sebiş; rt85df958a99cd62=Roma; rt758bfcf5770c10=Recolta Stoicăneşti; rta0eaa35c8804d0=Turnu Severin; rtd5e17259b2ad9a=Chindia Târgovişte; rt78a6b65eac6b1d=Pandurii Târgu Jiu
Romania,Romania Liga II Serie A,2013,Cupa României,Rapid CFR Suceava; CS Buftea,rt1638375bd54c6c=Becicherecu Mic; rte98e60dcc0f1b7=Rapid Bucureşti; rtf8ea23b28f26dd=Urban Titu; rt6e8f70605ade20=Snagov; rtff8f17aea92e40=FCM Târgu Mureş II; rt21c342ebfcdb75=Tecuci; rt9c34a7abf394bd=Academica Clinceni; rtef6cf11d8b4228=Voluntari; rta19f497a3d40f1=Bihorul Beiuş; rta45767888f0995=Venus Independenţa; rt55d88de76bdd46=Focşani; rt5748ba7c467925=Viitorul Axintele; rtd0d3d3f0c5eeb3=Gloria Arad; rt6ea480ce82ef31=Voinţa Lupac; rt8f7f4a9d51f3b5=Csikszereda; rt5953d2985dd302=Internaţional Brebeni; rt58c62c59275e5d=Strehaia; rt65aab94557c733=Voinţa Lanurile; rt3cec9601a19823=Jiul Petroşani; rt0d91605a1b17ad=Ghecon Lăpuşata; rtba488ade8e3c6b=Daco-Getica; rt0d89135586ab9e=Eforie; rt562be039143a2e=Rapid II; rt843883afd51a14=Universitatea Petroşani; rtdeafcb6f0830db=Jiul Rovinari; rt66e5a7dd4dfb2e=Foresta Mălini; rt2de87cec05ee9d=Avântul Floreşti; rt23f3b551624d3a=Caransebeş; rt47eb7c674d8a1c=CSM Reşiţa; rtfffb8d8720247c=Tunari; rta33955c9835c91=Zagon; rt8b8b74f792634d=Unirea Alba Iulia; rt51b3b93aeb4081=Olt; rt599a466e00a882=Rapid Feteşti; rt756f6275f12064=Mureşul Deva; rt7c4724e00ef5b1=Zlatna; rtd2aca9479d4482=Callatis Mangalia; rt411fcf1619ae42=Foresta Suceava; rt4fd064f0823ab9=Unirea Casimcea; rt324529bdfe7dd3=ACS Poli Timişoara; rt658903cd71faae=Inter Clinceni; rt2451b312ad6e7c=Flacăra Făget; rt41774249c684f1=Municipal Turda; rt4f68633da5e723=Chimia Brazi; rt7b60d587601c15=FCV Farul Constanţa; rte90aefa10a2b13=Victoria Traian; rt537419fca967ac=Corvinul Hunedoara; rt533cf2053e2bf6=CFR Cluj II; rtd819039dd868e3=Petrofac Ţicleni; rt7fdb53d8188d1f=Universitatea Cluj II; rtaf36adddc70bc3=Gloria Progresul; rtbd3572dbba24e2=Baloteşti; rt5f3903ab871c39=Unirea Dej; rt5527ece95a9c9d=CFR Cluj; rt70f70391156200=Millenium Giarmata; rtd205c4571b8f19=Voinţa Sibiu; rtd944f4ef92d2aa=Sănătatea Cluj; rt8eb23046b1d349=Râmnicu Sărat; rt4ce0c229efa8b0=CSM Pascani; rt4725f79a44df8a=Ceahlăul II; rtbb4b8a7bc26e06=Podari; rtc15fa7a7800c2b=Politehnica Timişoara; rtf68fd1b97ed247=FC Argeş Piteşti; rtcfddc19567e4d5=Prometeu Craiova; rt31bea061bd26c8=Târgu Mureş; rte78cf1c72f6857=Universitatea Cluj; rt76f568e74adf1e=Oţelul Galați; rt7e0880350c60da=Alexandria; rt0bb254a697fa7a=Arieşul 1907; rtd93e788f2ae2f8=MS 08 Târgu Mureş; rt887d6e1180da4e=FCSB; rt891a17c0036370=Gaz Metan Mediaş; rtbbd230c6b9482b=Sporting Suceava; rtd5d99cf1b0f60c=FC Maramureş; rt62fc13b5bcbf79=Metalul Frăsinet; rt93334952b413a7=CS FC Zalău; rt86cef6ed988fff=Berceni; rt9f0e92525604de=Viitorul Domneşti; rt0484b771297eb0=Cisnădie; rt3f57dd6ed4f23b=CF Gloria Bistriţa; rt68fa573973ec50=Ozana Târgu Neamţ; rt119dde41e75641=Albota; rta39f911206d311=SC Bacău; rtab693c61fe0b45=Vaslui; rt5622a91410e4f0=Corbeanca; rt40f10aa36e4abe=Astra Giurgiu II; rtca22b26a77867c=FCM Târgovişte; rt32a5ad11a0c5d3=Phoenix Ulmu; rt883f50889080a9=Politehnica Galaţi; rt201a7dd45500ec=Voinţa Livezile; rtfdbaf62f57903d=Astra Răducăneni; rtb1bd360cf58ffe=Ştefăneşti; rte1d140a6608cd1=Dorohoi; rtc477fb151ffa7a=Comprest GIM; rte5ff4fbc7ccfbd=CSO Plopeni; rt6ebb34ce4a8f08=Minerul Motru; rt76bd945d09e839=Conpet Cireşu; rtba7321243cf514=Oltchim Râmnicu Vâlcea; rt15bbd795bd5784=Metaloglobus; rt30b71fa2b912c9=Vulturii Vultureni; rt59d522b1bcbbe2=Rapid Clejani; rt9f91b9ba1bc7fc=Şoimii Pâncota; rtb7e12af4e16ac2=Caracal; rtd2a25e958a171a=Dănuţ Coman; rtef86e2cb9d7b95=Luceafărul M. Eminescu; rt485ad6c5ae9c32=Bihor Oradea; rt37a86a143ced36=Luceafărul Oradea; rt605b6dbd55933b=Fortuna; rt1c062dcdcb9452=Foresta Zorleni; rt6291421a98df55=Minerul Jilţ Mătăsari; rt7470361ae9b648=Corona Braşov; rt87be78bc842b08=Vişina Nouă; rtd593ce1b4bd7d6=Pandurii Târgu Jiu II; rt774fb63d311bac=Gloria Reşiţa; rtc704339f6c15b7=Concordia Chiajna; rt776044fcefd873=Victoria Chirnogi; rtc7933c3bb95319=Dunărea Călăraşi; rt3b8ee1745a492a=Aerostar Bacău; rt1caa264de4a85d=Naţional Goleşti; rt6144cad0db0b68=Filipeştii de Pădure; rta6d632fe07d816=Teiul Poiana Teiului; rt09faa79f23050a=Panciu; rt0f493c0146a41f=Sevişul Şelimbăr; rt6ad05875673291=Posada Perişani; rt7fcd85c6101436=Ceahlăul Piatra Neamţ; rt3404ee82101fba=Afumaţi; rt1aa6e9336b0a2e=Unirea Valea lui Mihai; rt2ee82a4b2be3cb=Vladimirescu; rt559a3e185b86b3=Conpet Ploieşti; rtf3eff52eb29c43=Braşov; rt966ee4174a36b6=Avântul Reghin; rt280f1703267c52=Cetatea Turnu Magurele; rte6b4dea43766f5=Olimpia Satu Mare; rtcf247361ae50b5=Sportul Studenţesc II; rt90e59123896d5d=Viorel Mateianu; rt34f904346f5ba5=Petrolul 52; rt742dbb13cdf956=Oţelul Galați II; rt0ea5ea7b59d9fd=Roman; rt6fab5169b5c0f6=Gaz Metan Mediaş II; rtcb09536461452f=Steaua Speranţei; rtc4fb90194166a3=Someşul Oar; rt0bc9f8f668b2bf=Olt Slatina; rt488bd921b3073a=Atletic Bradu; rt806935f3132156=Mioveni; rt5c5645aae3c156=CSM Moineşti; rtda940271e94fb4=Concordia Chiajna II; rt138f44d4380b87=ABC St. Stoicescu; rt3367348d0cd9be=Odorheiu Secuiesc; rtd8771391ba5e29=Termo Bucureşti; rt751e00ffe0066e=Sportul Snagov; rtd89ae1fb1a588a=Simeria; rt6edab048a23c96=Unirea Ungheni; rt0bb8fb563c4d4e=Arieşul Turda; rt3e240aee6fd499=Gloria Corneşti; rt80bc8b8cc6e4ca=Dinamo Bucureşti; rtb47ca8874c9496=Civitas Făgăraş; rtaa6783f141da3e=Crişul Sântandrei; rt071d1edcc24560=FCM Bacău; rt6d3ad57e59f81e=Unirea Sânnicolau Mare; rt3dfdf21c3e580c=Politehnica Timisoara II; rt528c749891c1f0=Politehnica Iași; rt813793423abc81=Blejoi; rt4fb0976a9f9056=Gloria Buzău; rt908254251b91ca=Astra; rt3ffa9c902fdd80=Flacăra Hălmaşd; rt5d91bb3e6f4459=Eolica Baia; rt3e2bf15d41a44b=Unirea Tărlungeni; rt9a44dd5e523552=Viitorul Lechinţa; rtb2a8fccba48177=Argeşul Mihăileşti; rtccc9596563ce93=Atletic Fieni; rte3b92600a41848=Naţional Sebiş; rta0eaa35c8804d0=Turnu Severin; rt499919abc85e2a=Arena Alba Iulia; rt78a6b65eac6b1d=Pandurii Târgu Jiu; rtc53b7d42e75ad2=Victoria Brăneşti
Romania,Romania Liga II Serie A,2014,Cupa României,Rapid CFR Suceava,rtf8ea23b28f26dd=Urban Titu; rta8becbf7206c8e=Progresul Cernica; rtfe1ba8269bd933=Botoșani; rt9c34a7abf394bd=Academica Clinceni; rtef6cf11d8b4228=Voluntari; rt55d88de76bdd46=Focşani; rt5748ba7c467925=Viitorul Axintele; rtd0d3d3f0c5eeb3=Gloria Arad; rt6ea480ce82ef31=Voinţa Lupac; rt8f7f4a9d51f3b5=Csikszereda; rt8ae0541b61cbfe=Petrolistul Boldești; rt65aab94557c733=Voinţa Lanurile; rt3cec9601a19823=Jiul Petroşani; rtaa821f393063f6=Armata Aurul Brad; rtba488ade8e3c6b=Daco-Getica; rt562be039143a2e=Rapid II; rt1920c797862360=Danubius Rasova; rtdeafcb6f0830db=Jiul Rovinari; rtf079c903bf8d35=Sporting Piteşti; rt1c3063fd808e48=Ştiinţa Miroslava; rt23f3b551624d3a=Caransebeş; rt47eb7c674d8a1c=CSM Reşiţa; rtfffb8d8720247c=Tunari; rt20839b19f8d769=CSM Lugoj; rta33955c9835c91=Zagon; rt8b8b74f792634d=Unirea Alba Iulia; rtea5a1cc0b6b87c=Argeș; rt599a466e00a882=Rapid Feteşti; rt91103d07c77487=Ripensia Timişoara; rt091dceddf59a15=SCM Râmnicu Vâlcea; rt411fcf1619ae42=Foresta Suceava; rt324529bdfe7dd3=ACS Poli Timişoara; rt8e5bcc8ad9d967=Baia de Aramă; rt658903cd71faae=Inter Clinceni; rt2451b312ad6e7c=Flacăra Făget; rt41774249c684f1=Municipal Turda; rt7b60d587601c15=FCV Farul Constanţa; rt537419fca967ac=Corvinul Hunedoara; rt96b2173047e2e9=Muncitorul Reşiţa; rtbd3572dbba24e2=Baloteşti; rt5f3903ab871c39=Unirea Dej; rt5527ece95a9c9d=CFR Cluj; rt70f70391156200=Millenium Giarmata; rtd205c4571b8f19=Voinţa Sibiu; rt3cff9591fea8e3=Rapid Dumeşti; rtc0efd05eff6bf6=Universitatea Craiova; rtd944f4ef92d2aa=Sănătatea Cluj; rt8eb23046b1d349=Râmnicu Sărat; rt4ce0c229efa8b0=CSM Pascani; rt99dd8b5741523f=Sporting Lieşti; rt4725f79a44df8a=Ceahlăul II; rtbb4b8a7bc26e06=Podari; rtf68fd1b97ed247=FC Argeş Piteşti; rt31bea061bd26c8=Târgu Mureş; rte78cf1c72f6857=Universitatea Cluj; rt76f568e74adf1e=Oţelul Galați; rt7e0880350c60da=Alexandria; rtd03ca9a92bd4e5=Oşorhei; rt0bb254a697fa7a=Arieşul 1907; rte59c36db16efcf=Performanţa Alba Iulia; rt3faddabf19769f=Ilie Oană; rt887d6e1180da4e=FCSB; rt891a17c0036370=Gaz Metan Mediaş; rtbbd230c6b9482b=Sporting Suceava; rtd5d99cf1b0f60c=FC Maramureş; rt93334952b413a7=CS FC Zalău; rt9f0e92525604de=Viitorul Domneşti; rt0352a97c5502cc=Ştiinţa Turceni; rt3f57dd6ed4f23b=CF Gloria Bistriţa; rt54d81cee287394=Dinamo Bucureşti II; rt68fa573973ec50=Ozana Târgu Neamţ; rt119dde41e75641=Albota; rtab693c61fe0b45=Vaslui; rtda7317c555acde=Braşov II; rtca22b26a77867c=FCM Târgovişte; rtc6b143c0cd4e97=Tâlna Oraşul Nou; rta5f607d6428d04=Metropolitan Işalniţa; rtcad78027411e20=Gîrceni; rtb1bd360cf58ffe=Ştefăneşti; rte1d140a6608cd1=Dorohoi; rt6ebb34ce4a8f08=Minerul Motru; rt76bd945d09e839=Conpet Cireşu; rt15bbd795bd5784=Metaloglobus; rt30b71fa2b912c9=Vulturii Vultureni; rt304cdc6b6d2e11=Spicul Şeica Mare; rt9f91b9ba1bc7fc=Şoimii Pâncota; rtb7e12af4e16ac2=Caracal; rtef86e2cb9d7b95=Luceafărul M. Eminescu; rt485ad6c5ae9c32=Bihor Oradea; rt6291421a98df55=Minerul Jilţ Mătăsari; rt37a86a143ced36=Luceafărul Oradea; rt605b6dbd55933b=Fortuna; rt7470361ae9b648=Corona Braşov; rt87be78bc842b08=Vişina Nouă; rta093e509cae07f=Sighetu Marmaţiei; rtd593ce1b4bd7d6=Pandurii Târgu Jiu II; rta8754e3855cee9=SC Bacău II; rtd371fd8eaf42da=Barcău Nuşfalău; rtc704339f6c15b7=Concordia Chiajna; rt3f211d77a702a5=Voinţa Cocora; rt92d4cb6f68715f=Săgeata Năvodari; rtb6c9e861055801=Sporting Roşiori; rt776044fcefd873=Victoria Chirnogi; rtc7933c3bb95319=Dunărea Călăraşi; rt3b8ee1745a492a=Aerostar Bacău; rt1caa264de4a85d=Naţional Goleşti; rt09faa79f23050a=Panciu; rt104fcc9b193dae=Izbânda Hagilarea; rt787b395f05d7f8=Bucovina Rădăuţi; rtd2bd90b9fee923=Unirea Câmpina; rt7fcd85c6101436=Ceahlăul Piatra Neamţ; rtfc5d0fb18aebc4=FC Universitatea Craiova; rt3404ee82101fba=Afumaţi; rt2ee82a4b2be3cb=Vladimirescu; rteef56a275ea201=Progresul FV; rt559a3e185b86b3=Conpet Ploieşti; rtf3eff52eb29c43=Braşov; rt89f76fe5be4590=Păpăuţi; rt966ee4174a36b6=Avântul Reghin; rt5f342c87f09cc1=Europa Alba Iulia; rte6b4dea43766f5=Olimpia Satu Mare; rtcf247361ae50b5=Sportul Studenţesc II; rt219d100cfe6b49=Inter Markus Slatina; rt34f904346f5ba5=Petrolul 52; rt742dbb13cdf956=Oţelul Galați II; rtafbc0222a49149=Voinţa Pietroşiţa; rt0ea5ea7b59d9fd=Roman; rt0bc9f8f668b2bf=Olt Slatina; rt806935f3132156=Mioveni; rtedda6048410191=Avântul Bârsana; rt5c5645aae3c156=CSM Moineşti; rtda940271e94fb4=Concordia Chiajna II; rt751e00ffe0066e=Sportul Snagov; rtb244c616aa8d52=Sportul Studențesc; rt12162215afdef4=Bolintin Vale Malu Spart; rt3c0ab9088c2a60=Hidro Râmnicu Vâlcea; rtabe4a57915926a=Dunărea Ciocăneşti; rtb47ca8874c9496=Civitas Făgăraş; rt80bc8b8cc6e4ca=Dinamo Bucureşti; rt071d1edcc24560=FCM Bacău; rt44f304d853c125=Miercurea Nirajului; rt8fd20f0a3e8fca=Hidişelul de Sus; rt9dab1361e9a754=Popești-Leordeni; rt908254251b91ca=Astra; rt5d91bb3e6f4459=Eolica Baia; rt9a44dd5e523552=Viitorul Lechinţa; rte3b92600a41848=Naţional Sebiş; rta0eaa35c8804d0=Turnu Severin; rtd5e17259b2ad9a=Chindia Târgovişte; rt78a6b65eac6b1d=Pandurii Târgu Jiu
Romania,Romania Liga II Serie A,2015,Cupa României,Rapid CFR Suceava; Academica Arges,rt1638375bd54c6c=Becicherecu Mic; rte98e60dcc0f1b7=Rapid Bucureşti; rtf8ea23b28f26dd=Urban Titu; rta8becbf7206c8e=Progresul Cernica; rtfe1ba8269bd933=Botoșani; rt9c34a7abf394bd=Academica Clinceni; rt3e65fa2b9842f9=Astra II; rt5748ba7c467925=Viitorul Axintele; rt8f7f4a9d51f3b5=Csikszereda; rtce837eff108da7=Minerul Mehedinţi; rt30ee52b88be7d0=Balş 2007; rt317bc9cbdd6ba5=Ciugud; rt285f9bda00f27a=Sportul Şimleu; rtba488ade8e3c6b=Daco-Getica; rt76c8eb2e58ae31=Flacăra Horezu; rtdeafcb6f0830db=Jiul Rovinari; rtd5a07d9b0b1bc2=Coltău; rt1def7ab4b60ae7=Apahida; rt3409711197fbab=Înainte Modelu; rt1c3063fd808e48=Ştiinţa Miroslava; rt23f3b551624d3a=Caransebeş; rt47eb7c674d8a1c=CSM Reşiţa; rt3515a86a18260e=Transdor Tudora; rtfffb8d8720247c=Tunari; rt20839b19f8d769=CSM Lugoj; rta33955c9835c91=Zagon; rta137f87bc8eb22=Viitorul Buzău; rtea5a1cc0b6b87c=Argeș; rt599a466e00a882=Rapid Feteşti; rt605cc8e58ba15a=Flacăra Moreni; rt8a2aa019f40deb=Valea Ursului; rt091dceddf59a15=SCM Râmnicu Vâlcea; rt411fcf1619ae42=Foresta Suceava; rt324529bdfe7dd3=ACS Poli Timişoara; rt3e96cf26ca3f0a=Victoria Ţăndărei; rt39444493a97356=Valea Izvoarelor; rt658903cd71faae=Inter Clinceni; rt7b60d587601c15=FCV Farul Constanţa; rt537419fca967ac=Corvinul Hunedoara; rt96b2173047e2e9=Muncitorul Reşiţa; rtaf36adddc70bc3=Gloria Progresul; rt5f3903ab871c39=Unirea Dej; rt5527ece95a9c9d=CFR Cluj; rt70f70391156200=Millenium Giarmata; rt3cff9591fea8e3=Rapid Dumeşti; rt89cbf30a6e436b=Callatis 2012; rtc0efd05eff6bf6=Universitatea Craiova; rtd944f4ef92d2aa=Sănătatea Cluj; rtd8af8d2d4db319=CS Gilortul Targu Carbunesti; rt4ce0c229efa8b0=CSM Pascani; rt99dd8b5741523f=Sporting Lieşti; rt023f8dc8151653=Unirea Jucu; rt1bf6ce9107a832=ACSM Câmpina; rt4f22c1853dfbf8=LSM; rt4725f79a44df8a=Ceahlăul II; rtbb4b8a7bc26e06=Podari; rt31bea061bd26c8=Târgu Mureş; rt7e4a5a0d57c428=Milcov; rt76f568e74adf1e=Oţelul Galați; rte78cf1c72f6857=Universitatea Cluj; rtd03ca9a92bd4e5=Oşorhei; rt0bb254a697fa7a=Arieşul 1907; rta4f05b6d91b888=Bucovina Pojorâta; rt887d6e1180da4e=FCSB; rt891a17c0036370=Gaz Metan Mediaş; rtbbd230c6b9482b=Sporting Suceava; rtd5d99cf1b0f60c=FC Maramureş; rt93334952b413a7=CS FC Zalău; rta9c451984ba3c7=Speranţa Biertan; rt9f0e92525604de=Viitorul Domneşti; rt0352a97c5502cc=Ştiinţa Turceni; rtdaae9074f632af=Ostrov; rt6893d1db5ec288=Voinţa Snagov; rt3f57dd6ed4f23b=CF Gloria Bistriţa; rt54d81cee287394=Dinamo Bucureşti II; rt68fa573973ec50=Ozana Târgu Neamţ; rt6ef8c971744175=Vitis; rtab693c61fe0b45=Vaslui; rtca22b26a77867c=FCM Târgovişte; rta5f607d6428d04=Metropolitan Işalniţa; rtf179d10ab1219c=Sportul Chiscani; rtb1bd360cf58ffe=Ştefăneşti; rtbc56db38c28ab9=Metalurgistul Cugir; rtd20ef53ef43bf2=Minaur Baia Mare; rt6ebb34ce4a8f08=Minerul Motru; rt76bd945d09e839=Conpet Cireşu; rtfea27b347c6d6b=Viitorul Cârcea; rt15bbd795bd5784=Metaloglobus; rt9f91b9ba1bc7fc=Şoimii Pâncota; rte2b6ad76bc3999=Lotus Băile Felix; rtf15db6f473dfd1=Granitul Babadag; rt7b06c5f673b669=Ineu; rt6291421a98df55=Minerul Jilţ Mătăsari; rt485ad6c5ae9c32=Bihor Oradea; rt605b6dbd55933b=Fortuna; rt7470361ae9b648=Corona Braşov; rt87be78bc842b08=Vişina Nouă; rtd593ce1b4bd7d6=Pandurii Târgu Jiu II; rt2955037266fea7=Sepsi; rtc704339f6c15b7=Concordia Chiajna; rt0b93f32a666d23=Inter Cristian; rt3b8ee1745a492a=Aerostar Bacău; rtc7933c3bb95319=Dunărea Călăraşi; rt09faa79f23050a=Panciu; rt787b395f05d7f8=Bucovina Rădăuţi; rt7fcd85c6101436=Ceahlăul Piatra Neamţ; rtfc5d0fb18aebc4=FC Universitatea Craiova; rt3404ee82101fba=Afumaţi; rt936e66894b45c0=Avrig; rteef56a275ea201=Progresul FV; rt559a3e185b86b3=Conpet Ploieşti; rtf3eff52eb29c43=Braşov; rtafd6ea2dbc1e87=Dinamo Oneşti; rt80a38233801f2d=Dunărea Galaţi; rt89f76fe5be4590=Păpăuţi; rt966ee4174a36b6=Avântul Reghin; rte6b4dea43766f5=Olimpia Satu Mare; rt8ef4ab5f02b589=Minerul Anina; rt02a19212f842f8=Gloria Ivești; rt34f904346f5ba5=Petrolul 52; rt742dbb13cdf956=Oţelul Galați II; rt8899abbd8dfc36=Arsenal Malu; rt0ea5ea7b59d9fd=Roman; rt9b060bb97301d3=Voinţa Ion Creangă; rtc4fb90194166a3=Someşul Oar; rt0bc9f8f668b2bf=Olt Slatina; rt488bd921b3073a=Atletic Bradu; rt806935f3132156=Mioveni; rt3678630f4d1653=SSU Poli Timişoara; rt5c5645aae3c156=CSM Moineşti; rtda940271e94fb4=Concordia Chiajna II; rt751e00ffe0066e=Sportul Snagov; rtb244c616aa8d52=Sportul Studențesc; rtb47ca8874c9496=Civitas Făgăraş; rt80bc8b8cc6e4ca=Dinamo Bucureşti; rt071d1edcc24560=FCM Bacău; rt9dab1361e9a754=Popești-Leordeni; rt528c749891c1f0=Politehnica Iași; rt8a4a3443acfa14=Unirea Brânceni; rt7bb89add40da79=Retezatul Haţeg; rt908254251b91ca=Astra; rt3e2bf15d41a44b=Unirea Tărlungeni; rt0f869e5d4995b3=UTA Arad; rte3b92600a41848=Naţional Sebiş; rtd5e17259b2ad9a=Chindia Târgovişte; rt78a6b65eac6b1d=Pandurii Târgu Jiu
Romania,Romania Liga II Serie B,2011,Cupa României,AS Alro Slatina; Gaz Metan CFR Craiova; ACSMU Politehnica Iaşi,rt1638375bd54c6c=Becicherecu Mic; rte98e60dcc0f1b7=Rapid Bucureşti; rtf8ea23b28f26dd=Urban Titu; rt6e8f70605ade20=Snagov; rtfe1ba8269bd933=Botoșani; rt9c34a7abf394bd=Academica Clinceni; rtef6cf11d8b4228=Voluntari; rta19f497a3d40f1=Bihorul Beiuş; rte0e15071359947=Vaslui II; rt3745575276c14b=Oil Terminal Constanţa; rt55d88de76bdd46=Focşani; rt5748ba7c467925=Viitorul Axintele; rtd0d3d3f0c5eeb3=Gloria Arad; rtde3cb504ebd307=Viitorul Sânandrei; rt8ae0541b61cbfe=Petrolistul Boldești; rtce837eff108da7=Minerul Mehedinţi; rt724b8ee3acbea8=FC Politehnica Iaşi II; rt32717f4afa1725=Petrolul Videle; rt3cec9601a19823=Jiul Petroşani; rtf33274272aaea9=Viticultorul Breaza; rt0d91605a1b17ad=Ghecon Lăpuşata; rt3b682c6ada206d=Viitorul Homocea; rt909969ee713fff=Sparta Mediaş; rtba488ade8e3c6b=Daco-Getica; rt236e9a5b5d1101=Frontiera Curtici; rt0d89135586ab9e=Eforie; rt4cdc43f1b3f10c=Petrolul Teleajen; rt03d410272747b0=FC Argeş Piteşti II; rt562be039143a2e=Rapid II; rta80b1e554691fd=FC Politehnica Iaşi; rt2822e0ad55145c=CSM Târgoviste; rtdeafcb6f0830db=Jiul Rovinari; rt47eb7c674d8a1c=CSM Reşiţa; rtfffb8d8720247c=Tunari; rta33955c9835c91=Zagon; rtba16fc743a203f=Viitorul Însurăţei; rtd61e653b196740=Sebeş; rt542f12bcfee402=Cetatea 1932 Suceava; rt7c4724e00ef5b1=Zlatna; rtd2aca9479d4482=Callatis Mangalia; rt411fcf1619ae42=Foresta Suceava; rt1b9a147c5b1e5a=Unirea Slobozia; rt0a64f7b6262c83=Farul Constanţa; rt9b29bf4811b14c=Delta Tulcea; rt324529bdfe7dd3=ACS Poli Timişoara; rt658903cd71faae=Inter Clinceni; rt811f511896a580=Internaţional; rt41774249c684f1=Municipal Turda; rt4cc36d6e5542ce=Dunărea Zimnicea; rt6118a6a1b518be=Medgidia; rt0ff763a25266b5=Tricolorul Breaza; rt4f68633da5e723=Chimia Brazi; rt657bdba5613983=Otopeni; rt7b60d587601c15=FCV Farul Constanţa; rt0569bc5e752134=CFR Timişoara; rt537419fca967ac=Corvinul Hunedoara; rtd819039dd868e3=Petrofac Ţicleni; rt96b2173047e2e9=Muncitorul Reşiţa; rtaf36adddc70bc3=Gloria Progresul; rt5f3903ab871c39=Unirea Dej; rt5527ece95a9c9d=CFR Cluj; rt70f70391156200=Millenium Giarmata; rt3cff9591fea8e3=Rapid Dumeşti; rt266ff9d039fc31=Predeal; rt53c926554813e6=Lăpuşul Târgu Lăpuş; rtd944f4ef92d2aa=Sănătatea Cluj; rt8eb23046b1d349=Râmnicu Sărat; rt0e5f6991907da2=Rădăuţi; rt4ce0c229efa8b0=CSM Pascani; rt4cf955ffed097f=Avântul Mâneciu; rtbb1bc5a30d4ffe=Dragomireşti; rt111be73a74e115=Triumf Bârca; rtc1b86ead9dd105=Armata Craiova; rt4725f79a44df8a=Ceahlăul II; rtbb4b8a7bc26e06=Podari; rtc15fa7a7800c2b=Politehnica Timişoara; rtf68fd1b97ed247=FC Argeş Piteşti; rtcfddc19567e4d5=Prometeu Craiova; rt31bea061bd26c8=Târgu Mureş; rte78cf1c72f6857=Universitatea Cluj; rt76f568e74adf1e=Oţelul Galați; rt7e0880350c60da=Alexandria; rtbac5d88ea33669=FC Baia Mare; rtb15cbc03e0af77=Fortuna Covaci; rt0bb254a697fa7a=Arieşul 1907; rta5b786880fdf23=Viitorul Vereşti; rt887d6e1180da4e=FCSB; rt891a17c0036370=Gaz Metan Mediaş; rt93334952b413a7=CS FC Zalău; rt86cef6ed988fff=Berceni; rt9f0e92525604de=Viitorul Domneşti; rtc17fe293f74eb2=Progresul Gătaia; rt0484b771297eb0=Cisnădie; rt3f57dd6ed4f23b=CF Gloria Bistriţa; rt5470e5809169a8=Târnava Beteşti; rt54d81cee287394=Dinamo Bucureşti II; rt68fa573973ec50=Ozana Târgu Neamţ; rt119dde41e75641=Albota; rtc5e408454a8d68=Farul Constanţa II; rtab693c61fe0b45=Vaslui; rt40f10aa36e4abe=Astra Giurgiu II; rtca22b26a77867c=FCM Târgovişte; rt32a5ad11a0c5d3=Phoenix Ulmu; rt883f50889080a9=Politehnica Galaţi; rt24e0db97a9c459=Pambac Bacău; rt201a7dd45500ec=Voinţa Livezile; rt83b8cc2fe2b3db=Dacia Unirea Brăila; rtc477fb151ffa7a=Comprest GIM; rt0741b861645479=Domneşti IF; rt303203e213eeff=Willy Bacău; rt545cb8b12febb4=Utchim Găeşti; rtcb4d3d82bcd3a0=FCM Târgovişte III; rt152a404e562ac0=Gaz Metan Târgu Mureş; rt6ebb34ce4a8f08=Minerul Motru; rtba7321243cf514=Oltchim Râmnicu Vâlcea; rtcda2e0bcb8e17d=Hărman; rtab99f0261a819e=Drobeta-Turnu Severin; rtb7e12af4e16ac2=Caracal; rt4958ed153d9f78=Juventus Bascov; rt2036f9ffbfba25=Luceafărul Cercheză; rtef86e2cb9d7b95=Luceafărul M. Eminescu; rt37a86a143ced36=Luceafărul Oradea; rt6291421a98df55=Minerul Jilţ Mătăsari; rt7b06c5f673b669=Ineu; rt87be78bc842b08=Vişina Nouă; rt5666fabe029fa9=Partizanul Merei; rt6dea33a065ffe0=Turul Micula; rtd371fd8eaf42da=Barcău Nuşfalău; rtc704339f6c15b7=Concordia Chiajna; rt09da66f0f40e91=FCSB II; rt2a09b2ac147253=Ralbex Turcineşti; rt776044fcefd873=Victoria Chirnogi; rt92d4cb6f68715f=Săgeata Năvodari; rt3b8ee1745a492a=Aerostar Bacău; rt6144cad0db0b68=Filipeştii de Pădure; rtbf9fab1b56c04a=Moldoforest Moldova Noua; rtc38d3e03434182=Voinţa Mărişelu; rtc7933c3bb95319=Dunărea Călăraşi; rt09faa79f23050a=Panciu; rt7e1a6d04c4bc94=Viitorul Toporu; rt7fcd85c6101436=Ceahlăul Piatra Neamţ; rtaedad6a230efb9=Termo; rtfc5d0fb18aebc4=FC Universitatea Craiova; rtf21846d8bdc175=Romprim Bucureşti; rt559a3e185b86b3=Conpet Ploieşti; rtf3eff52eb29c43=Braşov; rt80a38233801f2d=Dunărea Galaţi; rt966ee4174a36b6=Avântul Reghin; rt15a5a56a2c284e=Marmaţia Sighet; rtb9e8f055db04f8=Luceafărul Oradea II; rt5496b67b93b2eb=Carvăn; rt742dbb13cdf956=Oţelul Galați II; rt0ea5ea7b59d9fd=Roman; rt6fab5169b5c0f6=Gaz Metan Mediaş II; rt2e1e7557241900=Mureşul Vințu de Jos; rtc4fb90194166a3=Someşul Oar; rt0bc9f8f668b2bf=Olt Slatina; rt488bd921b3073a=Atletic Bradu; rt94d5f7bfd8d1c3=Unirea Urziceni; rt3367348d0cd9be=Odorheiu Secuiesc; rt751e00ffe0066e=Sportul Snagov; rtd89ae1fb1a588a=Simeria; rtb244c616aa8d52=Sportul Studențesc; rt12162215afdef4=Bolintin Vale Malu Spart; rt51b1eb418bb8b0=Viitorul Ianca; rt9f6b9a74fdc53a=Avântul Vânători; rt57e20bf104dc27=Poli 2002 Timişoara; rt6edab048a23c96=Unirea Ungheni; rt80bc8b8cc6e4ca=Dinamo Bucureşti; rt207c19d714d90a=Recolta Tufeşti; rt071d1edcc24560=FCM Bacău; rt6d3ad57e59f81e=Unirea Sânnicolau Mare; rt856c40ecd62848=Progresul Corabia; rt494603b89cb6f5=Dunărea Galaţi II; rtcea7e4eee3ffb9=Gura Humorului; rt56f62d7126f037=Huşi; rt3dfdf21c3e580c=Politehnica Timisoara II; rtecdb174ca7fa1a=Mondosport Bacău; rt4fb0976a9f9056=Gloria Buzău; rt908254251b91ca=Astra; rtb2a8fccba48177=Argeşul Mihăileşti; rt3e2bf15d41a44b=Unirea Tărlungeni; rte3b92600a41848=Naţional Sebiş; rt758bfcf5770c10=Recolta Stoicăneşti; rta0eaa35c8804d0=Turnu Severin; rt7cb008f309a516=Flacăra Brusturi; rt78a6b65eac6b1d=Pandurii Târgu Jiu; rtc53b7d42e75ad2=Victoria Brăneşti
Romania,Romania Liga II Serie B,2012,Cupa României,Gaz Metan Severin; FCU Politehnica Timişoara; AS Alro Slatina; Juventus Bucuresti,rt1638375bd54c6c=Becicherecu Mic; rte98e60dcc0f1b7=Rapid Bucureşti; rtf8ea23b28f26dd=Urban Titu; rt6e8f70605ade20=Snagov; rtfe1ba8269bd933=Botoșani; rt9c34a7abf394bd=Academica Clinceni; rtef6cf11d8b4228=Voluntari; rta19f497a3d40f1=Bihorul Beiuş; rta45767888f0995=Venus Independenţa; rt55d88de76bdd46=Focşani; rt48ad8e00211686=Spicul Bucureşti; rt5748ba7c467925=Viitorul Axintele; rtd0d3d3f0c5eeb3=Gloria Arad; rt32717f4afa1725=Petrolul Videle; rtf33274272aaea9=Viticultorul Breaza; rt0d91605a1b17ad=Ghecon Lăpuşata; rtaa821f393063f6=Armata Aurul Brad; rtba488ade8e3c6b=Daco-Getica; rt0d89135586ab9e=Eforie; rt562be039143a2e=Rapid II; rtdeafcb6f0830db=Jiul Rovinari; rtd51f37457a2f28=Recolta Dănceu; rt4913220e252fde=Zmeii Ogrezeni; rt23f3b551624d3a=Caransebeş; rt47eb7c674d8a1c=CSM Reşiţa; rtfffb8d8720247c=Tunari; rta33955c9835c91=Zagon; rt45d34299c5965d=Energia Craiova; rt542f12bcfee402=Cetatea 1932 Suceava; rt7c4724e00ef5b1=Zlatna; rtd2aca9479d4482=Callatis Mangalia; rt411fcf1619ae42=Foresta Suceava; rt1b9a147c5b1e5a=Unirea Slobozia; rt0a64f7b6262c83=Farul Constanţa; rt9b29bf4811b14c=Delta Tulcea; rt324529bdfe7dd3=ACS Poli Timişoara; rt658903cd71faae=Inter Clinceni; rt41774249c684f1=Municipal Turda; rt6118a6a1b518be=Medgidia; rt4f68633da5e723=Chimia Brazi; rt657bdba5613983=Otopeni; rt7b60d587601c15=FCV Farul Constanţa; rt0569bc5e752134=CFR Timişoara; rt537419fca967ac=Corvinul Hunedoara; rtf3dd5bdebd89a5=Voinţa Sibiu II; rtc422c6e28ae7e6=Leii Tritenii De Jos; rtb3614dcf6853bb=Curciu; rtaf36adddc70bc3=Gloria Progresul; rtbd3572dbba24e2=Baloteşti; rtf93e87ade448d5=Metalul Vlăhiţa; rt5f3903ab871c39=Unirea Dej; rt5527ece95a9c9d=CFR Cluj; rt70f70391156200=Millenium Giarmata; rtd205c4571b8f19=Voinţa Sibiu; rt3cff9591fea8e3=Rapid Dumeşti; rtd944f4ef92d2aa=Sănătatea Cluj; rt8eb23046b1d349=Râmnicu Sărat; rt4ce0c229efa8b0=CSM Pascani; rt111be73a74e115=Triumf Bârca; rt4725f79a44df8a=Ceahlăul II; rt98f1f5da1fbcba=Flacăra Tâlpa; rtc15fa7a7800c2b=Politehnica Timişoara; rtf68fd1b97ed247=FC Argeş Piteşti; rtcfddc19567e4d5=Prometeu Craiova; rt31bea061bd26c8=Târgu Mureş; rte78cf1c72f6857=Universitatea Cluj; rt76f568e74adf1e=Oţelul Galați; rt7e0880350c60da=Alexandria; rt0bb254a697fa7a=Arieşul 1907; rt2d78a7ce3064b5=Rucăr Argeş; rt887d6e1180da4e=FCSB; rt891a17c0036370=Gaz Metan Mediaş; rtd5d99cf1b0f60c=FC Maramureş; rt93334952b413a7=CS FC Zalău; rt86cef6ed988fff=Berceni; rt9f0e92525604de=Viitorul Domneşti; rt0484b771297eb0=Cisnădie; rt3f57dd6ed4f23b=CF Gloria Bistriţa; rt54d81cee287394=Dinamo Bucureşti II; rt68fa573973ec50=Ozana Târgu Neamţ; rt119dde41e75641=Albota; rta39f911206d311=SC Bacău; rtab693c61fe0b45=Vaslui; rt40f10aa36e4abe=Astra Giurgiu II; rtca22b26a77867c=FCM Târgovişte; rt32a5ad11a0c5d3=Phoenix Ulmu; rte291326b65e395=Viteazul Mihai Viteazu; rt883f50889080a9=Politehnica Galaţi; rt201a7dd45500ec=Voinţa Livezile; rtcad78027411e20=Gîrceni; rt83b8cc2fe2b3db=Dacia Unirea Brăila; rtb1bd360cf58ffe=Ştefăneşti; rtc477fb151ffa7a=Comprest GIM; rte5ff4fbc7ccfbd=CSO Plopeni; rt303203e213eeff=Willy Bacău; rt152a404e562ac0=Gaz Metan Târgu Mureş; rt6ebb34ce4a8f08=Minerul Motru; rtb6ca5c5096ccb1=Piatra-Olt; rtba7321243cf514=Oltchim Râmnicu Vâlcea; rtab99f0261a819e=Drobeta-Turnu Severin; rtb7e12af4e16ac2=Caracal; rtef86e2cb9d7b95=Luceafărul M. Eminescu; rtf15db6f473dfd1=Granitul Babadag; rt605b6dbd55933b=Fortuna; rt6291421a98df55=Minerul Jilţ Mătăsari; rt7470361ae9b648=Corona Braşov; rt87be78bc842b08=Vişina Nouă; rtd593ce1b4bd7d6=Pandurii Târgu Jiu II; rt5666fabe029fa9=Partizanul Merei; rt725ec8f3357f30=Venus Maierişte; rtc704339f6c15b7=Concordia Chiajna; rt09da66f0f40e91=FCSB II; rt2a09b2ac147253=Ralbex Turcineşti; rt776044fcefd873=Victoria Chirnogi; rt92d4cb6f68715f=Săgeata Năvodari; rt3b8ee1745a492a=Aerostar Bacău; rt1caa264de4a85d=Naţional Goleşti; rt6144cad0db0b68=Filipeştii de Pădure; rtbf9fab1b56c04a=Moldoforest Moldova Noua; rtc7933c3bb95319=Dunărea Călăraşi; rtfeb7de76f115a4=Minerul Iacobeni; rt09faa79f23050a=Panciu; rt0c7d7af46beb1a=ACU Arad; rt7fcd85c6101436=Ceahlăul Piatra Neamţ; rtaedad6a230efb9=Termo; rt2ee82a4b2be3cb=Vladimirescu; rt559a3e185b86b3=Conpet Ploieşti; rtf3eff52eb29c43=Braşov; rt80a38233801f2d=Dunărea Galaţi; rt966ee4174a36b6=Avântul Reghin; rt280f1703267c52=Cetatea Turnu Magurele; rt5f342c87f09cc1=Europa Alba Iulia; rtb9e8f055db04f8=Luceafărul Oradea II; rtaca9ce463fb479=Juventus Pişchia; rt02a19212f842f8=Gloria Ivești; rt34f904346f5ba5=Petrolul 52; rt742dbb13cdf956=Oţelul Galați II; rt9b060bb97301d3=Voinţa Ion Creangă; rt0ea5ea7b59d9fd=Roman; rt6fab5169b5c0f6=Gaz Metan Mediaş II; rtc4fb90194166a3=Someşul Oar; rt0bc9f8f668b2bf=Olt Slatina; rt488bd921b3073a=Atletic Bradu; rt43361ef41caf0e=Oneşti; rt806935f3132156=Mioveni; rtc0269903b66bc7=Spicul Ardusat; rt5c5645aae3c156=CSM Moineşti; rtda940271e94fb4=Concordia Chiajna II; rt138f44d4380b87=ABC St. Stoicescu; rt3367348d0cd9be=Odorheiu Secuiesc; rt751e00ffe0066e=Sportul Snagov; rtd89ae1fb1a588a=Simeria; rtb244c616aa8d52=Sportul Studențesc; rt6edab048a23c96=Unirea Ungheni; rt3e240aee6fd499=Gloria Corneşti; rt80bc8b8cc6e4ca=Dinamo Bucureşti; rt071d1edcc24560=FCM Bacău; rt6d3ad57e59f81e=Unirea Sânnicolau Mare; rt856c40ecd62848=Progresul Corabia; rt3dfdf21c3e580c=Politehnica Timisoara II; rt528c749891c1f0=Politehnica Iași; rt4fb0976a9f9056=Gloria Buzău; rtf24e713e795a74=Olimpia Sânpetru; rt908254251b91ca=Astra; rtb2a8fccba48177=Argeşul Mihăileşti; rt3e2bf15d41a44b=Unirea Tărlungeni; rta4fa07639ffc20=Fortino Ianca; rte3b92600a41848=Naţional Sebiş; rt85df958a99cd62=Roma; rt758bfcf5770c10=Recolta Stoicăneşti; rta0eaa35c8804d0=Turnu Severin; rt78a6b65eac6b1d=Pandurii Târgu Jiu; rtc53b7d42e75ad2=Victoria Brăneşti
Romania,Romania Liga II Serie B,2013,Cupa României,AS Alro Slatina; Damila Maciuca,rt1638375bd54c6c=Becicherecu Mic; rte98e60dcc0f1b7=Rapid Bucureşti; rtf8ea23b28f26dd=Urban Titu; rt6e8f70605ade20=Snagov; rtfe1ba8269bd933=Botoșani; rtff8f17aea92e40=FCM Târgu Mureş II; rt21c342ebfcdb75=Tecuci; rt9c34a7abf394bd=Academica Clinceni; rtef6cf11d8b4228=Voluntari; rta19f497a3d40f1=Bihorul Beiuş; rta45767888f0995=Venus Independenţa; rt55d88de76bdd46=Focşani; rt5748ba7c467925=Viitorul Axintele; rtd0d3d3f0c5eeb3=Gloria Arad; rt6ea480ce82ef31=Voinţa Lupac; rt8f7f4a9d51f3b5=Csikszereda; rt5953d2985dd302=Internaţional Brebeni; rt58c62c59275e5d=Strehaia; rt65aab94557c733=Voinţa Lanurile; rt3cec9601a19823=Jiul Petroşani; rt0d91605a1b17ad=Ghecon Lăpuşata; rtba488ade8e3c6b=Daco-Getica; rt0d89135586ab9e=Eforie; rt562be039143a2e=Rapid II; rt843883afd51a14=Universitatea Petroşani; rtdeafcb6f0830db=Jiul Rovinari; rt66e5a7dd4dfb2e=Foresta Mălini; rt2de87cec05ee9d=Avântul Floreşti; rt23f3b551624d3a=Caransebeş; rt47eb7c674d8a1c=CSM Reşiţa; rtfffb8d8720247c=Tunari; rta33955c9835c91=Zagon; rt51b3b93aeb4081=Olt; rt599a466e00a882=Rapid Feteşti; rt756f6275f12064=Mureşul Deva; rt7c4724e00ef5b1=Zlatna; rtd2aca9479d4482=Callatis Mangalia; rt411fcf1619ae42=Foresta Suceava; rt1b9a147c5b1e5a=Unirea Slobozia; rt0a64f7b6262c83=Farul Constanţa; rt4fd064f0823ab9=Unirea Casimcea; rt9b29bf4811b14c=Delta Tulcea; rt658903cd71faae=Inter Clinceni; rt2451b312ad6e7c=Flacăra Făget; rt41774249c684f1=Municipal Turda; rt4f68633da5e723=Chimia Brazi; rt657bdba5613983=Otopeni; rt7b60d587601c15=FCV Farul Constanţa; rte90aefa10a2b13=Victoria Traian; rt537419fca967ac=Corvinul Hunedoara; rt533cf2053e2bf6=CFR Cluj II; rtd819039dd868e3=Petrofac Ţicleni; rt7fdb53d8188d1f=Universitatea Cluj II; rtaf36adddc70bc3=Gloria Progresul; rtbd3572dbba24e2=Baloteşti; rt5f3903ab871c39=Unirea Dej; rt5527ece95a9c9d=CFR Cluj; rt70f70391156200=Millenium Giarmata; rtd205c4571b8f19=Voinţa Sibiu; rtd944f4ef92d2aa=Sănătatea Cluj; rt8eb23046b1d349=Râmnicu Sărat; rt4ce0c229efa8b0=CSM Pascani; rt4725f79a44df8a=Ceahlăul II; rtbb4b8a7bc26e06=Podari; rtc15fa7a7800c2b=Politehnica Timişoara; rtf68fd1b97ed247=FC Argeş Piteşti; rtcfddc19567e4d5=Prometeu Craiova; rte78cf1c72f6857=Universitatea Cluj; rt76f568e74adf1e=Oţelul Galați; rt7e0880350c60da=Alexandria; rt0bb254a697fa7a=Arieşul 1907; rtd93e788f2ae2f8=MS 08 Târgu Mureş; rt887d6e1180da4e=FCSB; rt891a17c0036370=Gaz Metan Mediaş; rtbbd230c6b9482b=Sporting Suceava; rtd5d99cf1b0f60c=FC Maramureş; rt62fc13b5bcbf79=Metalul Frăsinet; rt93334952b413a7=CS FC Zalău; rt86cef6ed988fff=Berceni; rt9f0e92525604de=Viitorul Domneşti; rt0484b771297eb0=Cisnădie; rt3f57dd6ed4f23b=CF Gloria Bistriţa; rt54d81cee287394=Dinamo Bucureşti II; rt68fa573973ec50=Ozana Târgu Neamţ; rt119dde41e75641=Albota; rta39f911206d311=SC Bacău; rtab693c61fe0b45=Vaslui; rt5622a91410e4f0=Corbeanca; rt40f10aa36e4abe=Astra Giurgiu II; rtca22b26a77867c=FCM Târgovişte; rt32a5ad11a0c5d3=Phoenix Ulmu; rt883f50889080a9=Politehnica Galaţi; rt201a7dd45500ec=Voinţa Livezile; rtfdbaf62f57903d=Astra Răducăneni; rt83b8cc2fe2b3db=Dacia Unirea Brăila; rtb1bd360cf58ffe=Ştefăneşti; rte1d140a6608cd1=Dorohoi; rtc477fb151ffa7a=Comprest GIM; rte5ff4fbc7ccfbd=CSO Plopeni; rt6ebb34ce4a8f08=Minerul Motru; rt76bd945d09e839=Conpet Cireşu; rtba7321243cf514=Oltchim Râmnicu Vâlcea; rt15bbd795bd5784=Metaloglobus; rt30b71fa2b912c9=Vulturii Vultureni; rt59d522b1bcbbe2=Rapid Clejani; rt9f91b9ba1bc7fc=Şoimii Pâncota; rtb7e12af4e16ac2=Caracal; rtd2a25e958a171a=Dănuţ Coman; rtef86e2cb9d7b95=Luceafărul M. Eminescu; rt605b6dbd55933b=Fortuna; rt1c062dcdcb9452=Foresta Zorleni; rt6291421a98df55=Minerul Jilţ Mătăsari; rt87be78bc842b08=Vişina Nouă; rtd593ce1b4bd7d6=Pandurii Târgu Jiu II; rt774fb63d311bac=Gloria Reşiţa; rtc704339f6c15b7=Concordia Chiajna; rt92d4cb6f68715f=Săgeata Năvodari; rt776044fcefd873=Victoria Chirnogi; rtc7933c3bb95319=Dunărea Călăraşi; rt3b8ee1745a492a=Aerostar Bacău; rt1caa264de4a85d=Naţional Goleşti; rt6144cad0db0b68=Filipeştii de Pădure; rtd5e17259b2ad9a=Chindia Târgovişte; rta6d632fe07d816=Teiul Poiana Teiului; rt09faa79f23050a=Panciu; rt0f493c0146a41f=Sevişul Şelimbăr; rt6ad05875673291=Posada Perişani; rt7fcd85c6101436=Ceahlăul Piatra Neamţ; rt3404ee82101fba=Afumaţi; rt1aa6e9336b0a2e=Unirea Valea lui Mihai; rt2ee82a4b2be3cb=Vladimirescu; rt559a3e185b86b3=Conpet Ploieşti; rtf3eff52eb29c43=Braşov; rt80a38233801f2d=Dunărea Galaţi; rt966ee4174a36b6=Avântul Reghin; rt280f1703267c52=Cetatea Turnu Magurele; rte6b4dea43766f5=Olimpia Satu Mare; rtcf247361ae50b5=Sportul Studenţesc II; rt90e59123896d5d=Viorel Mateianu; rt34f904346f5ba5=Petrolul 52; rt742dbb13cdf956=Oţelul Galați II; rt0ea5ea7b59d9fd=Roman; rt6fab5169b5c0f6=Gaz Metan Mediaş II; rtcb09536461452f=Steaua Speranţei; rtc4fb90194166a3=Someşul Oar; rt0bc9f8f668b2bf=Olt Slatina; rt488bd921b3073a=Atletic Bradu; rt5c5645aae3c156=CSM Moineşti; rtda940271e94fb4=Concordia Chiajna II; rt138f44d4380b87=ABC St. Stoicescu; rt3367348d0cd9be=Odorheiu Secuiesc; rtd8771391ba5e29=Termo Bucureşti; rt751e00ffe0066e=Sportul Snagov; rtd89ae1fb1a588a=Simeria; rtb244c616aa8d52=Sportul Studențesc; rt6edab048a23c96=Unirea Ungheni; rt0bb8fb563c4d4e=Arieşul Turda; rt3e240aee6fd499=Gloria Corneşti; rt80bc8b8cc6e4ca=Dinamo Bucureşti; rtb47ca8874c9496=Civitas Făgăraş; rtaa6783f141da3e=Crişul Sântandrei; rt071d1edcc24560=FCM Bacău; rt6d3ad57e59f81e=Unirea Sânnicolau Mare; rt3dfdf21c3e580c=Politehnica Timisoara II; rt528c749891c1f0=Politehnica Iași; rt813793423abc81=Blejoi; rt4fb0976a9f9056=Gloria Buzău; rt908254251b91ca=Astra; rt3ffa9c902fdd80=Flacăra Hălmaşd; rt5d91bb3e6f4459=Eolica Baia; rt3e2bf15d41a44b=Unirea Tărlungeni; rt9a44dd5e523552=Viitorul Lechinţa; rtb2a8fccba48177=Argeşul Mihăileşti; rtccc9596563ce93=Atletic Fieni; rte3b92600a41848=Naţional Sebiş; rta0eaa35c8804d0=Turnu Severin; rt499919abc85e2a=Arena Alba Iulia; rt78a6b65eac6b1d=Pandurii Târgu Jiu; rtc53b7d42e75ad2=Victoria Brăneşti
Romania,Romania Liga II Serie B,2016,Cupa României,UTA Batrana Doamna; ACS Soimii Pancota,rt1638375bd54c6c=Becicherecu Mic; rte98e60dcc0f1b7=Rapid Bucureşti; rtf8ea23b28f26dd=Urban Titu; rtfe1ba8269bd933=Botoșani; rt9c34a7abf394bd=Academica Clinceni; rtef6cf11d8b4228=Voluntari; rta19f497a3d40f1=Bihorul Beiuş; rt3e65fa2b9842f9=Astra II; rt5748ba7c467925=Viitorul Axintele; rt8f7f4a9d51f3b5=Csikszereda; rt05d8b692deb2e5=Universitatea Craiova II; rtce837eff108da7=Minerul Mehedinţi; rtba488ade8e3c6b=Daco-Getica; rt76c8eb2e58ae31=Flacăra Horezu; rt593956d6c618c9=Voința Budeasa; rt1def7ab4b60ae7=Apahida; rt3409711197fbab=Înainte Modelu; rt7ddb75417a08cc=Târgu Mureş II; rt8a291b9359ebde=Viitorul Ulmeni; rt1c3063fd808e48=Ştiinţa Miroslava; rtfffb8d8720247c=Tunari; rt20839b19f8d769=CSM Lugoj; rta33955c9835c91=Zagon; rtea5a1cc0b6b87c=Argeș; rtd8f2a55f77f9b2=Șoimii Lipova; rt91103d07c77487=Ripensia Timişoara; rt605cc8e58ba15a=Flacăra Moreni; rt411fcf1619ae42=Foresta Suceava; rt1b9a147c5b1e5a=Unirea Slobozia; rtb0313f52e348fb=Unirea Cristuru Secuiesc; rt0a64f7b6262c83=Farul Constanţa; rt324529bdfe7dd3=ACS Poli Timişoara; rt5fbd6d8ba04cc6=Delta Dobrogea; rt658903cd71faae=Inter Clinceni; rte90aefa10a2b13=Victoria Traian; rt7b60d587601c15=FCV Farul Constanţa; rt537419fca967ac=Corvinul Hunedoara; rtaf36adddc70bc3=Gloria Progresul; rtbd3572dbba24e2=Baloteşti; rt5f3903ab871c39=Unirea Dej; rt5527ece95a9c9d=CFR Cluj; rt70f70391156200=Millenium Giarmata; rt6e957f45ee5b60=Metalosport Galaţi; rt3cff9591fea8e3=Rapid Dumeşti; rt89cbf30a6e436b=Callatis 2012; rt88dd9f252cf2b3=Pandurii Cerneți; rtc0efd05eff6bf6=Universitatea Craiova; rtd944f4ef92d2aa=Sănătatea Cluj; rtd8af8d2d4db319=CS Gilortul Targu Carbunesti; rt4ce0c229efa8b0=CSM Pascani; rt99dd8b5741523f=Sporting Lieşti; rt023f8dc8151653=Unirea Jucu; rt4725f79a44df8a=Ceahlăul II; rtbb4b8a7bc26e06=Podari; rt025e4f49ac6e2e=Sighetu Marmaţiei; rt31bea061bd26c8=Târgu Mureş; rt7e4a5a0d57c428=Milcov; rt76f568e74adf1e=Oţelul Galați; rte78cf1c72f6857=Universitatea Cluj; rt7c73750699c10f=LSS Voința Sibiu; rtd03ca9a92bd4e5=Oşorhei; rt0bb254a697fa7a=Arieşul 1907; rta698f71f08c76c=Performanța Ighiu; rt2420bc6065ee4a=Unirea Izvoarele; rt887d6e1180da4e=FCSB; rta4f05b6d91b888=Bucovina Pojorâta; rt1b9c0f1935c8d7=Păuleşti; rt93334952b413a7=CS FC Zalău; rt86cef6ed988fff=Berceni; rt9f0e92525604de=Viitorul Domneşti; rt0352a97c5502cc=Ştiinţa Turceni; rt6893d1db5ec288=Voinţa Snagov; rt54d81cee287394=Dinamo Bucureşti II; rt68fa573973ec50=Ozana Târgu Neamţ; rta39f911206d311=SC Bacău; rt4b9f049d2c8bb6=Victoria Horia; rtbda886cddadfca=Voința Buftea; rtca22b26a77867c=FCM Târgovişte; rta5f607d6428d04=Metropolitan Işalniţa; rt3b325a067b8fbf=Filiaşi; rt83b8cc2fe2b3db=Dacia Unirea Brăila; rtb1bd360cf58ffe=Ştefăneşti; rtbc56db38c28ab9=Metalurgistul Cugir; rtd20ef53ef43bf2=Minaur Baia Mare; rte1d140a6608cd1=Dorohoi; rt1f1de9ae652c99=Euromania Dumbrăveni; rt6ebb34ce4a8f08=Minerul Motru; rt4fcad565b5dda9=FC Chitila; rt1f710fea3b8a07=Victoria Muntenii Buzău; rtcda2e0bcb8e17d=Hărman; rt2c5598015db5a9=Avântul Valea Mărului; rt15bbd795bd5784=Metaloglobus; rt9f91b9ba1bc7fc=Şoimii Pâncota; rte2b6ad76bc3999=Lotus Băile Felix; rtf15db6f473dfd1=Granitul Babadag; rt7b06c5f673b669=Ineu; rt605b6dbd55933b=Fortuna; rt7470361ae9b648=Corona Braşov; rt87be78bc842b08=Vişina Nouă; rtd593ce1b4bd7d6=Pandurii Târgu Jiu II; rtc137c7a02a1cbf=Inter Dorohoi; rta8754e3855cee9=SC Bacău II; rt2955037266fea7=Sepsi; rtc704339f6c15b7=Concordia Chiajna; rt92d4cb6f68715f=Săgeata Năvodari; rtb6c9e861055801=Sporting Roşiori; rt3dc3f7ba2ab130=Păpăuți II; rt776044fcefd873=Victoria Chirnogi; rt3b8ee1745a492a=Aerostar Bacău; rtc7933c3bb95319=Dunărea Călăraşi; rt23c6005cbb7527=Viitorul Constanţa II; rt787b395f05d7f8=Bucovina Rădăuţi; rt7fcd85c6101436=Ceahlăul Piatra Neamţ; rt3404ee82101fba=Afumaţi; rta1a766a99ee761=ARO Muscelul Câmpulung; rt89f76fe5be4590=Păpăuţi; rt966ee4174a36b6=Avântul Reghin; rtb702b144a52671=Dumitra; rt34f904346f5ba5=Petrolul 52; rt742dbb13cdf956=Oţelul Galați II; rt0ea5ea7b59d9fd=Roman; rtc46dc528fa4b08=Șoimul Băița; rt0bc9f8f668b2bf=Olt Slatina; rt488bd921b3073a=Atletic Bradu; rt7aa6fdbe2d7713=Atletico Vaslui; rtda940271e94fb4=Concordia Chiajna II; rt751e00ffe0066e=Sportul Snagov; rt80bc8b8cc6e4ca=Dinamo Bucureşti; rt03ee623a2df9ff=Luceafărul Bălan; rt9dab1361e9a754=Popești-Leordeni; rt528c749891c1f0=Politehnica Iași; rt4fb0976a9f9056=Gloria Buzău; rt8a4a3443acfa14=Unirea Brânceni; rt908254251b91ca=Astra; rt36169a7ed501bf=Olimpia Satu Mare II; rte6a318798194e5=Puieşti; rt29cb29bdf406e1=Iernut; rt0f869e5d4995b3=UTA Arad; rte3b92600a41848=Naţional Sebiş; rt78a6b65eac6b1d=Pandurii Târgu Jiu; rt605b0e562a4c23=Bucovina Pojorâta II
Russia,Russian First Division,2004,First League,FK Oryol; FC Terek Grozny,rt22a27fc934c728=Gazovik-Gz; rte2d3bb22ad0646=Akhmat Grozny; rt67d0d0dbe82166=Orel; rt26622e35638485=Lisma Mordoviya; rt59cbc2592410cd=Dinamo Makhachkala II
Russia,Russian First Division,2005,First League,Chkalovets 1936; Spartak Chelyabinsk; Amur Blagoveščensk; FK Oryol; FC Lokomotiv Chita,rt67d0d0dbe82166=Orel
Russia,Russian First Division,2006,First League,FC Metallurg Krasnoyarsk; FC Spartak Nizhny Novgorod; FK Oryol; FC Terek Grozny,rte2d3bb22ad0646=Akhmat Grozny; rt67d0d0dbe82166=Orel; rt443f78219ce38b=Sibir; rt0a10788618af25=Yenisey
Russia,Russian First Division,2007,First League,FC Spartak-MZhK Ryazan; FC Terek Grozny,rtcdf5190502027f=FK Spartak Vladikavkaz; rte2d3bb22ad0646=Akhmat Grozny; rtc091c4b502ddc4=Spartak MZK Ryazan; rt443f78219ce38b=Sibir
Russia,Russian First Division,2009,First League,FC MVD Rossiyi Moscow,rtd26ed60ed13352=MVD Rossii-Krylatskoye; rtaa0606d5fc76cb=Nizhny Nov.; rt443f78219ce38b=Sibir; rtcdf5190502027f=FK Spartak Vladikavkaz
Russia,Russian First Division,2010,First League,Dynamo St Petersburg,rtf3288bd5bee2aa=Dinamo St. Petersburg; rtaa0606d5fc76cb=Nizhny Nov.
Russia,Russian Football Championship,2012,Cup,Volgar-Gazprom Astrakhan,rt4c432e51458e14=Sever; rt6b9fb824312c60=Olimpia Gelendzhik; rte2015e928e1669=Chelyabinsk; rt62e468d223b2b6=Dinamo Vologda; rtbb483f31e84c3d=Dinamo Barnaul; rtfbb3bc0879ac15=CSKA Moskva; rta1b251e59db34b=Saturn Moskva; rtf70df5aa15fa3c=Znamya Truda; rtd7eb6610fa7df3=Yakutiya; rtbc89c3d5ff8993=Chita; rt7bce39ed5f579a=Angusht; rt590ec3aee607e0=Zenit; rtddff4037399922=Metallurg-Oskol; rtde41b88d498716=Rostov; rt02f00044b188aa=Sheksna; rte2d3bb22ad0646=Akhmat Grozny; rt67d0d0dbe82166=Orel; rt8aab6d39667d6a=SKA Rostov; rta1e88b8e17cd4e=Dinamo Kostroma; rt369096279a49ca=Mashuk-KMV; rtbb5804dc00d51c=Rubin Kazan; rt169432d17bf7d5=Sibir III; rt05380f9d47130a=Stolitsa; rt8250e788d4eac7=Armavir; rta1f564a3e0de32=Karelia; rta26bb091938d28=Dinamo Moskva; rt0f8965e39a979b=Smena Komsomolsk; rt8382dcc77c92e4=MITOS; rtb309529030c475=Podolye; rt4abd7541d3e494=Amkar Perm; rtd930cf9794226b=Gazprom Transgaz; rtfdc49c91bbfb39=Baykal; rtdbb7a80e25c89b=Kooperator; rtc18c48b580f906=Spartak Moskva; rt443f78219ce38b=Sibir; rtcabef231f20e7f=Sokol Saratov; rt4cbc9b3eb09014=Biolog; rt78a0e29e177c06=Dnepr Smolensk; rt537a896f03abc0=Nosta; rtc47a299a74716c=Slavyanskiy; rt74f46a25ff7e6c=Izhevsk; rt8069c1494116bc=Spartak Kostroma; rtdf13734a6f11fd=Sibiryak Bratsk; rte02999f056d798=Syzran-2003; rtdc6c474510b941=Rubin Kazan II; rtbb47a9490f4e99=Torpedo Volzhskiy; rtb70ae22541552d=Akademiya Tolyatti; rtdf6c513f48a8cb=Astrakhan; rtded0264489ed94=Tyumen; rt721660d1cc3e98=Gornyak; rt8ddb1fdfff34b7=Novokuznetsk; rt03b3e87c21ba0a=Beslan FAYUR; rt47cf7b8cc25023=Druzhba; rt791e4e8cebe302=Spartak Tambov; rt4f6bb23c0819c6=Rotor Volgograd; rta58d83b986681f=Lokomotiv Moskva II; rt4c3ce2a6ea20be=Sochi; rt1e2c056eabd3af=Volga Ulyanovsk; rt06951ee6c2fdde=Ryazan; rt4abbde2db1817a=Irtysh Omsk; rtaac9eb19553edb=Kaluga; rt7a6cb9d72685c1=Tekstilshchik; rt03cb31206caa6a=Istra; rt8e047ad59e8aa0=Zenit Penza; rt3ec576ca67e3be=Lokomotiv Liski; rtdca913bdacf2f9=Lokomotiv Moskva; rtba4e9345ed8858=Spartak Nal'chik; rt08880cc70eb171=Volgar Astrakhan; rt56d1479b52ea78=Pskov; rt82843fdb0ea894=Oktan; rt4263ecd2e24bca=Mostovik-Primorye; rtdbb6f0a3491cb4=Anzhi; rta84bdc23c8777a=Kuzbass; rt16d45522a455cc=Krasnodar; rt8ef97207741a18=Taganrog; rt6f151bc7b25f1c=Khimik-Arsenal; rtaa0606d5fc76cb=Nizhny Nov.; rt51d2d5674a0ec8=Amur-2010; rtd2b3c6cae3d678=Ufa; rt538531dff21a01=Tom Tomsk; rt2511679fb3031b=Dinamo Kirov; rt486267b7bf1b73=Avangard Kursk; rt77102f9e72f959=Neftekhimik; rt7d0661c8e99f0c=Vityaz Podolsk; rt7796ad97665733=Sakhalin; rt52eb3e78f54866=Metallurg Lipetsk; rt94121b0ee40e26=Kuban Krasnodar; rt7e47b17f5de27c=Volga; rt54f26a2ed1a7fb=Krylya Sovetov; rt571bdd25c71bdc=Don Novomoskovsk; rtb6d9c0d83e2f92=Gubkin; rt84336093db80f4=Volochanin; rt04726e79aeead0=Dagdizel; rt99fa5087ba36b0=Dinamo Stavropol; rt63d92db5b0f787=Khimik Dzerzhinsk; rtcdf5190502027f=FK Spartak Vladikavkaz
Russia,Russian Football Championship,2013,First League,FC Petrotrest St. Petersburg,rt4c3ce2a6ea20be=Sochi; rt443f78219ce38b=Sibir
Russia,Russian Football Championship,2014,Cup,FC Petrotrest St. Petersburg,rt4c432e51458e14=Sever; rte2015e928e1669=Chelyabinsk; rt8136ba9c174e2b=Belogorsk; rtfbb3bc0879ac15=CSKA Moskva; rtcde5911d8b49e4=Rus; rtf70df5aa15fa3c=Znamya Truda; rtd7eb6610fa7df3=Yakutiya; rtbc89c3d5ff8993=Chita; rt55e37ab783b445=Ural; rteb4c4a2911ca60=Olimpia Volgograd; rt590ec3aee607e0=Zenit; rtddff4037399922=Metallurg-Oskol; rtde41b88d498716=Rostov; rte2d3bb22ad0646=Akhmat Grozny; rt67d0d0dbe82166=Orel; rt8aab6d39667d6a=SKA Rostov; rte7cb29285ff094=Raspadskaya; rta1e88b8e17cd4e=Dinamo Kostroma; rt369096279a49ca=Mashuk-KMV; rt52c8ec53bc7a30=Kolomna; rt90630ecf765d59=KAMAZ; rtbb5804dc00d51c=Rubin Kazan; rt52d1ecc4295d7e=Chernomorets; rt169432d17bf7d5=Sibir III; rt8250e788d4eac7=Armavir; rta26bb091938d28=Dinamo Moskva; rt0f8965e39a979b=Smena Komsomolsk; rt8382dcc77c92e4=MITOS; rtb309529030c475=Podolye; rt4abd7541d3e494=Amkar Perm; rtd930cf9794226b=Gazprom Transgaz; rt906161c4545615=Fakel; rtfdc49c91bbfb39=Baykal; rtc18c48b580f906=Spartak Moskva; rta68ff1f645f8e7=Khimki; rt443f78219ce38b=Sibir; rtcabef231f20e7f=Sokol Saratov; rt6801ce668990e6=Dinamo Bryansk; rt4cbc9b3eb09014=Biolog; rt78a0e29e177c06=Dnepr Smolensk; rt537a896f03abc0=Nosta; rtdf13734a6f11fd=Sibiryak Bratsk; rt74f46a25ff7e6c=Izhevsk; rt8069c1494116bc=Spartak Kostroma; rte02999f056d798=Syzran-2003; rtdc6c474510b941=Rubin Kazan II; rt924b081576eff6=Strogino; rtbb47a9490f4e99=Torpedo Volzhskiy; rtded0264489ed94=Tyumen; rtdf6c513f48a8cb=Astrakhan; rt47cf7b8cc25023=Druzhba; rta58d83b986681f=Lokomotiv Moskva II; rt4c3ce2a6ea20be=Sochi; rt1c34afb43aad58=Metallurg Vyksa; rt1e2c056eabd3af=Volga Ulyanovsk; rt06951ee6c2fdde=Ryazan; rt4abbde2db1817a=Irtysh Omsk; rt6fa517370be4f3=Zvezda St. Petersburg; rt4bc5c7440a444d=Tambov; rtaac9eb19553edb=Kaluga; rt8e047ad59e8aa0=Zenit Penza; rt7a6cb9d72685c1=Tekstilshchik; rt3ec576ca67e3be=Lokomotiv Liski; rtc97e3517007f43=Zenit Moskva; rtfaa9fc9c6466db=Spartak Yoshkar-Ola; rtdca913bdacf2f9=Lokomotiv Moskva; rt08880cc70eb171=Volgar Astrakhan; rt7a2f4536ad8c70=Olimp-Dolgoprudny; rt56d1479b52ea78=Pskov; rt82843fdb0ea894=Oktan; rtdbb6f0a3491cb4=Anzhi; rt16d45522a455cc=Krasnodar; rtd3964131dbfa89=Lada Tolyatti; rt8ef97207741a18=Taganrog; rt6f151bc7b25f1c=Khimik-Arsenal; rt0e29fc193354f4=Tobol Tobolsk; rt63d889b2ba383f=Torpedo Vladimir; rt51d2d5674a0ec8=Amur-2010; rtb0bccf1d7ed8e6=Vologda; rt538531dff21a01=Tom Tomsk; rt2511679fb3031b=Dinamo Kirov; rt486267b7bf1b73=Avangard Kursk; rt7d0661c8e99f0c=Vityaz Podolsk; rt973c2387f59584=Tosno; rt7796ad97665733=Sakhalin; rt52eb3e78f54866=Metallurg Lipetsk; rt94121b0ee40e26=Kuban Krasnodar; rt7e47b17f5de27c=Volga; rt54f26a2ed1a7fb=Krylya Sovetov; rt571bdd25c71bdc=Don Novomoskovsk; rt04726e79aeead0=Dagdizel; rt28558b64d08544=Vityaz Krymsk; rtcdf5190502027f=FK Spartak Vladikavkaz
Russia,Russian Football Championship,2015,First League,Dynamo St Petersburg,rt4c3ce2a6ea20be=Sochi; rt443f78219ce38b=Sibir
Russia,Russian Football Championship,2016,First League,Zenit-2 Saint Petersburg; FC Spartak-2 Moscow,rt9bdb4e0d5e74e8=Spartak Moskva II; rt6d458f37815da2=Zenit II; rt443f78219ce38b=Sibir
Russia,Russian Football Championship,2017,First League,Zenit-2 Saint Petersburg; FC Spartak-2 Moscow,rt9bdb4e0d5e74e8=Spartak Moskva II; rt6d458f37815da2=Zenit II; rt443f78219ce38b=Sibir
Russia,Russian Football Championship,2018,First League,Zenit-2 Saint Petersburg; FC Spartak-2 Moscow; Dynamo St Petersburg,rt9bdb4e0d5e74e8=Spartak Moskva II; rt6d458f37815da2=Zenit II; rt4c3ce2a6ea20be=Sochi; rt443f78219ce38b=Sibir
Russia,Russian Football Championship,2019,First League,Zenit-2 Saint Petersburg; FC Spartak-2 Moscow; FK Krasnodar-2,rt9bdb4e0d5e74e8=Spartak Moskva II; rt6d458f37815da2=Zenit II; rt7eb898aa8cc6a3=Krasnodar II; rt443f78219ce38b=Sibir
Russia,Russian Football Championship,2020,First League,FC Spartak-2 Moscow; FK Krasnodar-2,rt9bdb4e0d5e74e8=Spartak Moskva II; rt7eb898aa8cc6a3=Krasnodar II
Russia,Russian Football Championship,2021,First League,FC Spartak-2 Moscow; FK Krasnodar-2,rt9bdb4e0d5e74e8=Spartak Moskva II; rt7eb898aa8cc6a3=Krasnodar II
Russia,Russian Football Championship,2022,First League,FC Spartak-2 Moscow; FK Krasnodar-2,rt9bdb4e0d5e74e8=Spartak Moskva II; rt7eb898aa8cc6a3=Krasnodar II
Russia,Russian Football Championship,2023,First League,FK Krasnodar-2,rt7eb898aa8cc6a3=Krasnodar II
Russia,Russian Premier,2010,Premier League,FC Terek Grozny,rte2d3bb22ad0646=Akhmat Grozny; rtcdf5190502027f=FK Spartak Vladikavkaz; rt443f78219ce38b=Sibir
Russia,Russian Premier,2013,Cup,FC Terek Grozny,rt4c432e51458e14=Sever; rte2015e928e1669=Chelyabinsk; rtbb483f31e84c3d=Dinamo Barnaul; rt8075793dc59aa7=Luch Vladivostok; rtcde5911d8b49e4=Rus; rtf70df5aa15fa3c=Znamya Truda; rta49568cacb2ff3=Arsenal Tula; rtd7eb6610fa7df3=Yakutiya; rtbc89c3d5ff8993=Chita; rt55e37ab783b445=Ural; rteb4c4a2911ca60=Olimpia Volgograd; rt7bce39ed5f579a=Angusht; rtddff4037399922=Metallurg-Oskol; rte2d3bb22ad0646=Akhmat Grozny; rt67d0d0dbe82166=Orel; rt8aab6d39667d6a=SKA Rostov; rt9104b7e45d2c48=Volgar Astrakhan II; rt369096279a49ca=Mashuk-KMV; rt8e5cfd0e074802=Orenburg; rt08f084ac6f8618=Shinnik; rt90630ecf765d59=KAMAZ; rt52d1ecc4295d7e=Chernomorets; rt169432d17bf7d5=Sibir III; rt8250e788d4eac7=Armavir; rta1f564a3e0de32=Karelia; rt0f8965e39a979b=Smena Komsomolsk; rt8382dcc77c92e4=MITOS; rtb309529030c475=Podolye; rtd930cf9794226b=Gazprom Transgaz; rt906161c4545615=Fakel; rtfdc49c91bbfb39=Baykal; rtb1acff0b08d9e4=Restavratsiya; rta68ff1f645f8e7=Khimki; rt443f78219ce38b=Sibir; rtcabef231f20e7f=Sokol Saratov; rt4cbc9b3eb09014=Biolog; rt78a0e29e177c06=Dnepr Smolensk; rt537a896f03abc0=Nosta; rtc47a299a74716c=Slavyanskiy; rt74f46a25ff7e6c=Izhevsk; rt8069c1494116bc=Spartak Kostroma; rtdf13734a6f11fd=Sibiryak Bratsk; rtf2d3e877e636bf=Baltika; rte02999f056d798=Syzran-2003; rtdc6c474510b941=Rubin Kazan II; rtbb47a9490f4e99=Torpedo Volzhskiy; rtb70ae22541552d=Akademiya Tolyatti; rtdf6c513f48a8cb=Astrakhan; rtded0264489ed94=Tyumen; rt721660d1cc3e98=Gornyak; rt8ddb1fdfff34b7=Novokuznetsk; rt47cf7b8cc25023=Druzhba; rt791e4e8cebe302=Spartak Tambov; rt4f6bb23c0819c6=Rotor Volgograd; rta58d83b986681f=Lokomotiv Moskva II; rt4c3ce2a6ea20be=Sochi; rt1c34afb43aad58=Metallurg Vyksa; rt1e2c056eabd3af=Volga Ulyanovsk; rt06951ee6c2fdde=Ryazan; rt4abbde2db1817a=Irtysh Omsk; rtaac9eb19553edb=Kaluga; rt7a6cb9d72685c1=Tekstilshchik; rt8e047ad59e8aa0=Zenit Penza; rt3ec576ca67e3be=Lokomotiv Liski; rtfaa9fc9c6466db=Spartak Yoshkar-Ola; rtd7c9edc40e9b62=Piter; rtba4e9345ed8858=Spartak Nal'chik; rt08880cc70eb171=Volgar Astrakhan; rt0a10788618af25=Yenisey; rt7a2f4536ad8c70=Olimp-Dolgoprudny; rt56d1479b52ea78=Pskov; rt82843fdb0ea894=Oktan; rtd3964131dbfa89=Lada Tolyatti; rt8ef97207741a18=Taganrog; rtb0bccf1d7ed8e6=Vologda; rt63d889b2ba383f=Torpedo Vladimir; rt51d2d5674a0ec8=Amur-2010; rtd2b3c6cae3d678=Ufa; rt89f3cfe3d2e767=Torpedo Moskva; rt538531dff21a01=Tom Tomsk; rt2511679fb3031b=Dinamo Kirov; rt486267b7bf1b73=Avangard Kursk; rt77102f9e72f959=Neftekhimik; rt7d0661c8e99f0c=Vityaz Podolsk; rt507b3870c115bb=SKA Khabarovsk; rt7796ad97665733=Sakhalin; rt52eb3e78f54866=Metallurg Lipetsk; rtb6d9c0d83e2f92=Gubkin; rt04726e79aeead0=Dagdizel; rt63d92db5b0f787=Khimik Dzerzhinsk; rtcdf5190502027f=FK Spartak Vladikavkaz
Russia,Russian Top League,1992,Premier League,FC Lokomotiv Nizhny Novgorod; Dynamo Stavropol; FC Uralmash; FC Spartak Vladikavkaz; Rostselmash; Asmaral Moscow,rt55e37ab783b445=Ural; rt99fa5087ba36b0=Dinamo Stavropol; rtde41b88d498716=Rostov
Russia,Russian Top League,1993,Premier League,FC Lokomotiv Nizhny Novgorod; Dynamo Stavropol; Asmaral Moscow,rt99fa5087ba36b0=Dinamo Stavropol
Russia,Russian Top League,1994,Premier League,FC Lokomotiv Nizhny Novgorod; Dynamo Stavropol,rt99fa5087ba36b0=Dinamo Stavropol
Serbia,Serbian Superliga,2007,Super Liga,FK Smederevo,rte7212a57f70e7a=Smederevo; rt42cf2d98fc351d=Smederevo 1924; rtc02a9ee675fe9c=Napredak
Serbia,Serbian Superliga,2008,Super Liga,FK Smederevo,rte7212a57f70e7a=Smederevo; rt42cf2d98fc351d=Smederevo 1924; rtb0c10e79061e55=BSK Borča; rtaecb34f8d028a9=Rad Beograd; rtc12c6905572777=Voždovac; rt288740b5d4f73c=Metalac GM
Serbia,Serbian Superliga,2010,Super Liga,FK Smederevo,rte7212a57f70e7a=Smederevo; rt42cf2d98fc351d=Smederevo 1924
Serbia,Serbian Superliga,2011,Super Liga,FK Smederevo,rte7212a57f70e7a=Smederevo; rta8fad1c8051781=Inđija; rt42cf2d98fc351d=Smederevo 1924
Serbia,Serbian Superliga,2012,Super Liga,FK Smederevo,rte7212a57f70e7a=Smederevo; rt8a8ebee2b5cb78=GFK Sloboda Užice; rt42cf2d98fc351d=Smederevo 1924
Serbia,Serbian Superliga,2013,Super Liga,FK Smederevo,rte7212a57f70e7a=Smederevo; rt8a8ebee2b5cb78=GFK Sloboda Užice; rt42cf2d98fc351d=Smederevo 1924
Slovakia,Slovak Superliga,2005,1. liga,FC Artmedia Bratislava,rt5d2838f8f21c6b=FC Petržalka; rtd745ce9b751692=Dukla; rtc86d608883eeef=Rimavská Sobota
Slovakia,Slovak Superliga,2007,1. liga,FC Artmedia Bratislava,rteb98a8217fa64c=FK Mocenok; rtcba345fa947aa3=Slovan Duslo Šaľa; rtd745ce9b751692=Dukla; rt5d2838f8f21c6b=FC Petržalka; rt3f069b0be52a40=Zlaté Moravce; rtc86d608883eeef=Rimavská Sobota
Slovenia,Slovenske Lige,2001,1. SNL,NK Publikum,rt71ac6b89f303d6=Primorje; rta882f80ec20713=Celje; rt1077e8da217a50=Rudar Velenje
Slovenia,Slovenske Lige,2002,1. SNL,NK Publikum,rt71ac6b89f303d6=Primorje; rta882f80ec20713=Celje; rt1077e8da217a50=Rudar Velenje
Slovenia,Slovenske Lige,2003,1. SNL,NK Publikum,rt71ac6b89f303d6=Primorje; rta882f80ec20713=Celje; rt1077e8da217a50=Rudar Velenje
Slovenia,Slovenske Lige,2004,1. SNL,NK Publikum,rt71ac6b89f303d6=Primorje; rta882f80ec20713=Celje
Slovenia,Slovenske Lige,2005,1. SNL,NK Factor; NK Publikum,rt71ac6b89f303d6=Primorje; rta0400006f9759d=NK Ljubljana; rta882f80ec20713=Celje
Slovenia,Slovenske Lige,2006,1. SNL,NK Publikum,rt71ac6b89f303d6=Primorje; rta882f80ec20713=Celje; rt1077e8da217a50=Rudar Velenje
Slovenia,Slovenske Lige,2007,1. SNL,NK Factor; NK Publikum,rta882f80ec20713=Celje; rt71ac6b89f303d6=Primorje; rt51622f9ac34b4c=IB 1975 Ljubljana
South Africa,Premier Soccer League,2010,PSL,Mpumalanga Black Aces,rtc37fef9dcbde03=Durban City; rt5ad8e104876f9a=Cape Town City
South Africa,Premier Soccer League,2011,PSL,CR Vasco da Gama; Mpumalanga Black Aces,rtc37fef9dcbde03=Durban City; rt9e8123483c8617=Stellenbosch; rt5ad8e104876f9a=Cape Town City
South Africa,Premier Soccer League,2014,PSL,Mpumalanga Black Aces,rtc37fef9dcbde03=Durban City; rt5ad8e104876f9a=Cape Town City
South Africa,Premier Soccer League,2015,PSL,Mpumalanga Black Aces,rtc37fef9dcbde03=Durban City; rt5ad8e104876f9a=Cape Town City
South Africa,Premier Soccer League,2016,PSL,Mpumalanga Black Aces,rtc37fef9dcbde03=Durban City; rt5ad8e104876f9a=Cape Town City; rte8705d9e80ef4f=Royal AM
Spain,Primera División RFEF Group 1,2022,Primera Federación,Celta de Vigo B,rt5f54c3dcd982e4=Costa Brava; rt2af1bd0729ff2b=Linares Deportivo; rt273ac3cd7d469b=Real Betis II; rta0829ccb04de75=Alcoyano; rt0e1e6c09dfa412=Betis Deportivo Balompié; rtda151c67da8877=Castellón; rtdda4d6c774c3bf=Linense; rt6d8469f77e55d7=Algeciras; rt17e6358f2b1502=Sanluqueño; rtd486595c91635f=Real Madrid II; rtb642539dd022b2=Sevilla Atlético; rt3c3752f33b71fe=Albacete; rtcb1c064a8f1b5a=Gimnàstic Tarragona; rta54e6e4e451ba4=UCAM Murcia; rt3b8e7b38d989d3=FC Andorra; rt8bbc919f862b58=FC Barcelona Atlètic; rtcbd44432fb0467=San Fernando CDI; rt4f64fa03d15050=Sabadell; rt8d97f2d88aceaa=Atlético Baleares; rtb2ba60ba285736=SS Reyes; rt6237217d412b42=Cornellà; rt297a4e53f563c4=Villarreal II
Spain,Primera División RFEF Group 1,2023,Primera Federación,Celta de Vigo B; Castilla CF,rta0829ccb04de75=Alcoyano; rtcecf86b5dafd01=Real Sociedad II; rt01747d8f6a90ae=Athletic Club II; rt9ff2a2ffed9109=SD Logroñés; rtda151c67da8877=Castellón; rtf87d88ea9c3e65=Osasuna II; rtdddebaad5656b2=Amorebieta; rt162a032e46ef3d=Intercity; rt6d3a768c30e701=La Nucía; rt6ab81add12d957=Calahorra; rt73cde0acd78ecd=Real Murcia; rtd486595c91635f=Real Madrid II; rtcb1c064a8f1b5a=Gimnàstic Tarragona; rtafafb305837ac0=Eldense; rt8bbc919f862b58=FC Barcelona Atlètic; rtcbd44432fb0467=San Fernando CDI; rt4f64fa03d15050=Sabadell; rtbc8001588a7ccb=Real Unión; rt8d97f2d88aceaa=Atlético Baleares; rtb2ba60ba285736=SS Reyes; rtffdd68ff035dbb=Numancia; rtea78d4064eaad4=UD Logroñés; rt6237217d412b42=Cornellà
Spain,Primera División RFEF Group 1,2024,Primera Federación,Celta de Vigo B,rt2af1bd0729ff2b=Linares Deportivo; rta11c8beec898ec=Atlético Madrileño; rta0829ccb04de75=Alcoyano; rt20a9e4a19f1fb3=Ibiza; rtda151c67da8877=Castellón; rt162a032e46ef3d=Intercity; rt6d8469f77e55d7=Algeciras; rt5f4867e3cc7cc1=UD Melilla; rt73cde0acd78ecd=Real Murcia; rte2f42840f8beeb=AD Ceuta; rt17e6358f2b1502=Sanluqueño; rtd486595c91635f=Real Madrid II; rtd94f73a3fd2cb2=Córdoba; rtbb5c4037edb834=Málaga; rta9ebfabcf1486e=Mérida; rtcbd44432fb0467=San Fernando CDI; rt0783ac53e68852=Antequera; rt8d97f2d88aceaa=Atlético Baleares; rtbbd52851734037=Recreativo Huelva; rt1fa0cf50f49813=Granada II
Spain,Primera División RFEF Group 1,2025,Primera Federación,Celta de Vigo B,rt273ac3cd7d469b=Real Betis II; rta11c8beec898ec=Atlético Madrileño; rta0829ccb04de75=Alcoyano; rt0e1e6c09dfa412=Betis Deportivo Balompié; rt20a9e4a19f1fb3=Ibiza; rt236bb80b576403=Marbella; rt162a032e46ef3d=Intercity; rt6d8469f77e55d7=Algeciras; rta0b330726a3636=Fuenlabrada; rt73cde0acd78ecd=Real Murcia; rte2f42840f8beeb=AD Ceuta; rt17e6358f2b1502=Sanluqueño; rtd486595c91635f=Real Madrid II; rtb642539dd022b2=Sevilla Atlético; rt37d264c2dead70=Yeclano; rta9ebfabcf1486e=Mérida; rt0783ac53e68852=Antequera; rtfa04581b0a2d9c=Alcorcón; rt297a4e53f563c4=Villarreal II; rtbbd52851734037=Recreativo Huelva; rt0b1c1f63f1659a=Hércules
Spain,Primera División RFEF Group 1,2026,Primera Federación,Celta de Vigo B; Castilla CF,rtf64883739d0d46=FC Cartagena; rt273ac3cd7d469b=Real Betis II; rta11c8beec898ec=Atlético Madrileño; rt0e1e6c09dfa412=Betis Deportivo Balompié; rt20a9e4a19f1fb3=Ibiza; rt236bb80b576403=Marbella; rtf232819fc5d935=Juventud Torremolinos; rt6d8469f77e55d7=Algeciras; rt73cde0acd78ecd=Real Murcia; rt17e6358f2b1502=Sanluqueño; rtd486595c91635f=Real Madrid II; rt5fc26c1df044f9=Tarazona; rtb642539dd022b2=Sevilla Atlético; rtcb1c064a8f1b5a=Gimnàstic Tarragona; rtafafb305837ac0=Eldense; rtfa04581b0a2d9c=Alcorcón; rt0783ac53e68852=Antequera; rt297a4e53f563c4=Villarreal II; rt7feec523fcd313=Teruel; rt4f64fa03d15050=Sabadell; rtc7d8d79a2b551a=Europa; rt0b1c1f63f1659a=Hércules
Spain,Primera División RFEF Group 2,2022,Primera Federación,Castilla CF,rt901d572a633963=Unionistas de Salamanca; rt2575260a16acf5=Tudelano; rt273ac3cd7d469b=Real Betis II; rt0e1e6c09dfa412=Betis Deportivo Balompié; rtc692ab756da964=Extremadura UD; rt388e3bc5a84036=Racing de Santander; rt01747d8f6a90ae=Athletic Club II; rt9ff2a2ffed9109=SD Logroñés; rt6ab81add12d957=Calahorra; rtcfe4d8be31bb90=Racing de Ferrol; rtd486595c91635f=Real Madrid II; rta4757ba04b6e65=Zamora; rt4c439bf2dfca26=Rayo Majadahonda; rtcbd44432fb0467=San Fernando CDI; rtbc8001588a7ccb=Real Unión; rt311a6ea412ac54=Badajoz; rtf3292c71878d5c=Deportivo de La Coruña; rt116863fc901bc1=Cultural Leonesa; rt2a6133ff073091=Real Valladolid II; rt93ef376d757cee=Inter de Madrid; rta9d8573ed08235=Talavera; rtb2ba60ba285736=SS Reyes; rtea78d4064eaad4=UD Logroñés
Spain,Primera División RFEF Group 2,2024,Primera Federación,Castilla CF,rt901d572a633963=Unionistas de Salamanca; rtcecf86b5dafd01=Real Sociedad II; rt0b50e8e1c91075=Arenteiro; rt9ff2a2ffed9109=SD Logroñés; rtf87d88ea9c3e65=Osasuna II; rtf6cecfe9c51fbd=Sestao River; rta0b330726a3636=Fuenlabrada; rtd486595c91635f=Real Madrid II; rt5fc26c1df044f9=Tarazona; rtcb1c064a8f1b5a=Gimnàstic Tarragona; rt88c2b3b8152940=Ponferradina; rt4c439bf2dfca26=Rayo Majadahonda; rt8bbc919f862b58=FC Barcelona Atlètic; rtcbd44432fb0467=San Fernando CDI; rt7feec523fcd313=Teruel; rt8e2427c3725e46=Lugo; rtbc8001588a7ccb=Real Unión; rtf3292c71878d5c=Deportivo de La Coruña; rt4f64fa03d15050=Sabadell; rt116863fc901bc1=Cultural Leonesa; rt6237217d412b42=Cornellà
Spain,Primera División RFEF Group 2,2025,Primera Federación,Castilla CF,rt901d572a633963=Unionistas de Salamanca; rt273ac3cd7d469b=Real Betis II; rtcecf86b5dafd01=Real Sociedad II; rt0e1e6c09dfa412=Betis Deportivo Balompié; rt0b50e8e1c91075=Arenteiro; rt01747d8f6a90ae=Athletic Club II; rtf87d88ea9c3e65=Osasuna II; rtdddebaad5656b2=Amorebieta; rtf6cecfe9c51fbd=Sestao River; rtd486595c91635f=Real Madrid II; rt5fc26c1df044f9=Tarazona; rtcb1c064a8f1b5a=Gimnàstic Tarragona; rtd318a997d2ece8=Gimnástica Segoviana; rta4757ba04b6e65=Zamora; rt88c2b3b8152940=Ponferradina; rt3b8e7b38d989d3=FC Andorra; rt8bbc919f862b58=FC Barcelona Atlètic; rt8e2427c3725e46=Lugo; rtbc8001588a7ccb=Real Unión; rt116863fc901bc1=Cultural Leonesa; rt049c3ccb2373d8=Barakaldo; rtf038ceab385590=Ourense CF
Spain,Segunda Division,2006,Segunda División,Castilla CF,rt9750f9369fdd70=Lorca Deportiva CF; rtd486595c91635f=Real Madrid II
Spain,Segunda Division,2007,Segunda División,Castilla CF,rt9750f9369fdd70=Lorca Deportiva CF; rtd486595c91635f=Real Madrid II
Spain,Segunda Division,2013,Segunda División,Castilla CF,rtd486595c91635f=Real Madrid II
Spain,Segunda Division,2014,Segunda División,Castilla CF,rtd486595c91635f=Real Madrid II
Spain,Segunda División B Group 1,2012,Copa del Rey,La Roda CF; Celta de Vigo B; Castilla CF,rt3b3ba148e6596d=Getafe; rt13cc6ef6673e39=Guadalajara; rtf8d9e3adebdfa0=Sporting de Gijón; rtcac7c533504c13=Espanyol; rt7b7d308ef2ee3f=Orihuela; rte363cfe08b8f24=Comarca de Níjar; rt388e3bc5a84036=Racing de Santander; rtc8971492122b9d=Palencia; rt81138faf473ccd=Girona; rte32af9ed82e3ef=Valencia; rtfc400462cbc492=Granada; rtb7ee4b315e86ec=Villarreal; rt0d2ee73d4c4047=Xerez; rt7fe21ad9533d06=Osasuna; rt55bc517cd4c57b=Real Madrid; rt7c692174c7094a=L'Hospitalet; rta0e47c9ac72439=Real Jaén; rt400a5cf7876449=UD Salamanca; rt5f4867e3cc7cc1=UD Melilla; rt40451204d00d85=Real Valladolid; rtfcc8faf583d5c5=Real Zaragoza; rtd29a7a123d25a1=Athletic Club; rtd94f73a3fd2cb2=Córdoba; rtf2d6a11b80a5cd=Celta de Vigo; rt1aeb4e4f512ce7=Elche; rtd989dfddad4dba=San Roque Lepe; rt4286976e124141=Almería; rtb3826b35a4f8ce=Sant Andreu; rt88c2b3b8152940=Ponferradina; rtbb5c4037edb834=Málaga; rte7c06f7e0d83f2=Cerceda; rt687c137e154afd=Barcelona; rtddd2e265b3306c=Atlético de Madrid; rt12881f3d93bd0c=Andorra CF; rt81d3665e479bc8=Las Palmas; rtd4432cc2c179c6=Burgos; rtffdd68ff035dbb=Numancia; rt2809294cc77e2e=Roquetas; rt0b1c1f63f1659a=Hércules; rt5f54c3dcd982e4=Costa Brava; rtc3a103f10ef7cc=México; rtf64883739d0d46=FC Cartagena; rtcd4698e91172ff=Rayo Vallecano; rt2575260a16acf5=Tudelano; rta0829ccb04de75=Alcoyano; rtd4768fe3431e81=Eibar; rtec6b5829356b14=Levante; rt7c8f97941c4c00=Olímpic Xàtiva; rt54e7121959ab4c=Sevilla; rt7fa25a0b134eaa=Mallorca; rtdddebaad5656b2=Amorebieta; rt3f4357107f43c5=Lanzarote; rtd8a2bb674109b9=Real Sociedad; rtdda4d6c774c3bf=Linense; rtf128bd13805d71=Badalona; rt51f22a81a326bc=Alavés; rtba9cdb2203f213=Villanovense; rtb2602eb76f3369=Real Betis; rt73cde0acd78ecd=Real Murcia; rte2f42840f8beeb=AD Ceuta; rtcb1c064a8f1b5a=Gimnàstic Tarragona; rta54e6e4e451ba4=UCAM Murcia; rtb6fab1fff50211=Huesca; rtfc62018426f74a=Náxara; rtfa04581b0a2d9c=Alcorcón; rtdcf0c6d3750c0d=Manacor; rtc706411f07b767=Lleida Esportiu; rt4f64fa03d15050=Sabadell; rtbc8001588a7ccb=Real Unión; rtf3292c71878d5c=Deportivo de La Coruña; rtadf8bce6b59d15=Mirandés; rtbbd52851734037=Recreativo Huelva; rte0b9e3112660b2=Cádiz; rtea78d4064eaad4=UD Logroñés; rt41750f4030ea83=Noja
Spain,Segunda División B Group 1,2015,Copa del Rey,Celta de Vigo B; SD Compostela,rt3b3ba148e6596d=Getafe; rt13cc6ef6673e39=Guadalajara; rtf8d9e3adebdfa0=Sporting de Gijón; rtcac7c533504c13=Espanyol; rt81138faf473ccd=Girona; rte32af9ed82e3ef=Valencia; rtfc400462cbc492=Granada; rtb7ee4b315e86ec=Villarreal; rt2e99090982306e=Atlético Granadilla; rta97ded1808b571=Puertollano; rt7fe21ad9533d06=Osasuna; rtf6cecfe9c51fbd=Sestao River; rt55bc517cd4c57b=Real Madrid; rt7c692174c7094a=L'Hospitalet; rta0b330726a3636=Fuenlabrada; rta0e47c9ac72439=Real Jaén; rt40451204d00d85=Real Valladolid; rtfcc8faf583d5c5=Real Zaragoza; rtd29a7a123d25a1=Athletic Club; rtd94f73a3fd2cb2=Córdoba; rtf2d6a11b80a5cd=Celta de Vigo; rt1aeb4e4f512ce7=Elche; rtb91fd78f735bc2=Leioa; rtd989dfddad4dba=San Roque Lepe; rt4286976e124141=Almería; rt88c2b3b8152940=Ponferradina; rtbb5c4037edb834=Málaga; rt687c137e154afd=Barcelona; rtddd2e265b3306c=Atlético de Madrid; rt81d3665e479bc8=Las Palmas; rt8e2427c3725e46=Lugo; rt783be3076764ec=Gimnástica Torrelavega; rt8d97f2d88aceaa=Atlético Baleares; rtffdd68ff035dbb=Numancia; rt049c3ccb2373d8=Barakaldo; rt6237217d412b42=Cornellà; rt0b1c1f63f1659a=Hércules; rt5f54c3dcd982e4=Costa Brava; rtf64883739d0d46=FC Cartagena; rtcd4698e91172ff=Rayo Vallecano; rta0829ccb04de75=Alcoyano; rtefc65b078a21aa=Lorca; rtd4768fe3431e81=Eibar; rtec6b5829356b14=Levante; rt54e7121959ab4c=Sevilla; rt7fa25a0b134eaa=Mallorca; rt038f78680c0da3=Leganés; rtdddebaad5656b2=Amorebieta; rt236bb80b576403=Marbella; rt433a18bef091c3=Trival Valderas; rtd8a2bb674109b9=Real Sociedad; rtdda4d6c774c3bf=Linense; rt51f22a81a326bc=Alavés; rtba9cdb2203f213=Villanovense; rtb2602eb76f3369=Real Betis; rt3c3752f33b71fe=Albacete; rtcb1c064a8f1b5a=Gimnàstic Tarragona; rta54e6e4e451ba4=UCAM Murcia; rtb6fab1fff50211=Huesca; rt53f9714f16eca0=Tenerife; rtafafb305837ac0=Eldense; rtfa04581b0a2d9c=Alcorcón; rtc706411f07b767=Lleida Esportiu; rt7feec523fcd313=Teruel; rt4f64fa03d15050=Sabadell; rtf3292c71878d5c=Deportivo de La Coruña; rt79dfd828f347ff=Izarra; rtadf8bce6b59d15=Mirandés; rtbbd52851734037=Recreativo Huelva; rt587a38616aa18e=Peña Deportiva; rte0b9e3112660b2=Cádiz; rtd35ff266019a1f=Toledo; rt1543f0aa3ee401=Varea
Spain,Segunda División B Group 1,2016,Copa del Rey,CP Cacereño; Celta de Vigo B,rt3b3ba148e6596d=Getafe; rt13cc6ef6673e39=Guadalajara; rtf8d9e3adebdfa0=Sporting de Gijón; rtcac7c533504c13=Espanyol; rt81138faf473ccd=Girona; rte32af9ed82e3ef=Valencia; rta2d1422a234b61=Ascó; rtfc400462cbc492=Granada; rtb7ee4b315e86ec=Villarreal; rtdeeed5f1399acc=Real Oviedo; rtda151c67da8877=Castellón; rt94cabbf9a18c26=Reus Deportiu; rt7fe21ad9533d06=Osasuna; rt55bc517cd4c57b=Real Madrid; rt6d8469f77e55d7=Algeciras; rt5f4867e3cc7cc1=UD Melilla; rt40451204d00d85=Real Valladolid; rt17762ae36c8631=Portugalete; rtd29a7a123d25a1=Athletic Club; rte2372c24afa334=Socuéllamos; rtfcc8faf583d5c5=Real Zaragoza; rtd94f73a3fd2cb2=Córdoba; rt054a57e1f77ea2=Huracán Valencia; rtf2d6a11b80a5cd=Celta de Vigo; rt1aeb4e4f512ce7=Elche; rt4286976e124141=Almería; rt88c2b3b8152940=Ponferradina; rtbb5c4037edb834=Málaga; rt4c439bf2dfca26=Rayo Majadahonda; rt687c137e154afd=Barcelona; rtddd2e265b3306c=Atlético de Madrid; rt81d3665e479bc8=Las Palmas; rtf307f7a400b070=Mensajero; rt8e2427c3725e46=Lugo; rt9b8f33b5368564=Condal; rtffdd68ff035dbb=Numancia; rt049c3ccb2373d8=Barakaldo; rt0b1c1f63f1659a=Hércules; rt5f54c3dcd982e4=Costa Brava; rt2af1bd0729ff2b=Linares Deportivo; rtcd4698e91172ff=Rayo Vallecano; rta0829ccb04de75=Alcoyano; rtd4768fe3431e81=Eibar; rtec6b5829356b14=Levante; rt54e7121959ab4c=Sevilla; rt7fa25a0b134eaa=Mallorca; rt038f78680c0da3=Leganés; rtd27b08a1f25ef3=Ebro; rtd8a2bb674109b9=Real Sociedad; rtdda4d6c774c3bf=Linense; rt51f22a81a326bc=Alavés; rtba9cdb2203f213=Villanovense; rtb2602eb76f3369=Real Betis; rt73cde0acd78ecd=Real Murcia; rt36097b267d12af=Laredo; rt3c3752f33b71fe=Albacete; rtcb1c064a8f1b5a=Gimnàstic Tarragona; rta54e6e4e451ba4=UCAM Murcia; rtb6fab1fff50211=Huesca; rt53f9714f16eca0=Tenerife; rtc3ad467836c714=FC Jumilla; rta9ebfabcf1486e=Mérida; rtfa04581b0a2d9c=Alcorcón; rt9bf425bcd3dd32=Formentera; rtc706411f07b767=Lleida Esportiu; rt4f64fa03d15050=Sabadell; rtbc8001588a7ccb=Real Unión; rtf3292c71878d5c=Deportivo de La Coruña; rta9d8573ed08235=Talavera; rtadf8bce6b59d15=Mirandés; rtbbd52851734037=Recreativo Huelva; rte0b9e3112660b2=Cádiz; rt1543f0aa3ee401=Varea
Spain,Segunda División B Group 1,2017,Copa del Rey,Celta de Vigo B; Palencia Balompié,rt3b3ba148e6596d=Getafe; rtf8d9e3adebdfa0=Sporting de Gijón; rtcac7c533504c13=Espanyol; rtc692ab756da964=Extremadura UD; rt81138faf473ccd=Girona; rte32af9ed82e3ef=Valencia; rtfc400462cbc492=Granada; rtb7ee4b315e86ec=Villarreal; rtdeeed5f1399acc=Real Oviedo; rtdda77ddd36f049=Villa Santa Brígida; rt94cabbf9a18c26=Reus Deportiu; rt7fe21ad9533d06=Osasuna; rtf6cecfe9c51fbd=Sestao River; rt55bc517cd4c57b=Real Madrid; rt40451204d00d85=Real Valladolid; rte2372c24afa334=Socuéllamos; rtd29a7a123d25a1=Athletic Club; rtfcc8faf583d5c5=Real Zaragoza; rtd94f73a3fd2cb2=Córdoba; rtf2d6a11b80a5cd=Celta de Vigo; rt1aeb4e4f512ce7=Elche; rt4286976e124141=Almería; rtbb5c4037edb834=Málaga; rt687c137e154afd=Barcelona; rtddd2e265b3306c=Atlético de Madrid; rt12881f3d93bd0c=Andorra CF; rt81d3665e479bc8=Las Palmas; rt8e2427c3725e46=Lugo; rtd558b5844205b5=Conquense; rt0e6221d615164d=Saguntino; rt9d3b834742823d=Prat; rtb2ba60ba285736=SS Reyes; rtffdd68ff035dbb=Numancia; rt049c3ccb2373d8=Barakaldo; rt6237217d412b42=Cornellà; rt0b1c1f63f1659a=Hércules; rt5f54c3dcd982e4=Costa Brava; rt683d32ed612154=Lorca Deportiva; rtf64883739d0d46=FC Cartagena; rtcd4698e91172ff=Rayo Vallecano; rta0829ccb04de75=Alcoyano; rtefc65b078a21aa=Lorca; rtd4768fe3431e81=Eibar; rtec6b5829356b14=Levante; rt54e7121959ab4c=Sevilla; rt7fa25a0b134eaa=Mallorca; rt038f78680c0da3=Leganés; rtdddebaad5656b2=Amorebieta; rtd8a2bb674109b9=Real Sociedad; rt51f22a81a326bc=Alavés; rtb2602eb76f3369=Real Betis; rt6ab81add12d957=Calahorra; rt73cde0acd78ecd=Real Murcia; rt36097b267d12af=Laredo; rt17e6358f2b1502=Sanluqueño; rtfe66233e3000b7=Arenas Getxo; rt3c3752f33b71fe=Albacete; rtcb1c064a8f1b5a=Gimnàstic Tarragona; rta54e6e4e451ba4=UCAM Murcia; rta4757ba04b6e65=Zamora; rtb6fab1fff50211=Huesca; rt53f9714f16eca0=Tenerife; rt006ad30c435100=Mancha Real; rt7ff085a88560d8=Cirbonero; rtfa04581b0a2d9c=Alcorcón; rt9bf425bcd3dd32=Formentera; rtc706411f07b767=Lleida Esportiu; rtbc8001588a7ccb=Real Unión; rtf3292c71878d5c=Deportivo de La Coruña; rtbeef8f3cdca8ed=Zamudio; rtadf8bce6b59d15=Mirandés; rte0b9e3112660b2=Cádiz; rtea78d4064eaad4=UD Logroñés; rtd35ff266019a1f=Toledo
Spain,Segunda División B Group 1,2018,Copa del Rey,Deportivo Fabril; Celta de Vigo B; Castilla CF,rt3b3ba148e6596d=Getafe; rtf8d9e3adebdfa0=Sporting de Gijón; rtcac7c533504c13=Espanyol; rt388e3bc5a84036=Racing de Santander; rt81138faf473ccd=Girona; rte32af9ed82e3ef=Valencia; rtfc400462cbc492=Granada; rtb7ee4b315e86ec=Villarreal; rtdeeed5f1399acc=Real Oviedo; rt94cabbf9a18c26=Reus Deportiu; rt7fe21ad9533d06=Osasuna; rt55bc517cd4c57b=Real Madrid; rt52e9e5e99c62b9=Durango; rt77244614ab53b3=Cacereño; rt5f4867e3cc7cc1=UD Melilla; rt40451204d00d85=Real Valladolid; rtfcc8faf583d5c5=Real Zaragoza; rtd29a7a123d25a1=Athletic Club; rtd94f73a3fd2cb2=Córdoba; rt49e8404bdc5987=Arcos; rtf2d6a11b80a5cd=Celta de Vigo; rt1aeb4e4f512ce7=Elche; rtb91fd78f735bc2=Leioa; rt4286976e124141=Almería; rtbb5c4037edb834=Málaga; rt687c137e154afd=Barcelona; rtddd2e265b3306c=Atlético de Madrid; rt0783ac53e68852=Antequera; rt81d3665e479bc8=Las Palmas; rt8e2427c3725e46=Lugo; rt783be3076764ec=Gimnástica Torrelavega; rt8d97f2d88aceaa=Atlético Baleares; rt116863fc901bc1=Cultural Leonesa; rt99a3cce315ca38=Peña Sport; rtffdd68ff035dbb=Numancia; rt0b1c1f63f1659a=Hércules; rt683d32ed612154=Lorca Deportiva; rtf64883739d0d46=FC Cartagena; rtcd4698e91172ff=Rayo Vallecano; rta0829ccb04de75=Alcoyano; rtefc65b078a21aa=Lorca; rtd4768fe3431e81=Eibar; rtec6b5829356b14=Levante; rt7c8f97941c4c00=Olímpic Xàtiva; rt54e7121959ab4c=Sevilla; rt7fa25a0b134eaa=Mallorca; rt038f78680c0da3=Leganés; rt236bb80b576403=Marbella; rtd8a2bb674109b9=Real Sociedad; rtf128bd13805d71=Badalona; rt8f316ca9f81147=UD San Fernando; rt51f22a81a326bc=Alavés; rtba9cdb2203f213=Villanovense; rtb2602eb76f3369=Real Betis; rt6ab81add12d957=Calahorra; rt0aac46eb45aa64=Real Avilés; rt73cde0acd78ecd=Real Murcia; rt5fc26c1df044f9=Tarazona; rt3c3752f33b71fe=Albacete; rtcb1c064a8f1b5a=Gimnàstic Tarragona; rta54e6e4e451ba4=UCAM Murcia; rt1fd1cb68b9004d=Olot; rt53f9714f16eca0=Tenerife; rtb6fab1fff50211=Huesca; rta9ebfabcf1486e=Mérida; rtfa04581b0a2d9c=Alcorcón; rt9bf425bcd3dd32=Formentera; rtc706411f07b767=Lleida Esportiu; rtbc8001588a7ccb=Real Unión; rtf3292c71878d5c=Deportivo de La Coruña; rtadf8bce6b59d15=Mirandés; rte0b9e3112660b2=Cádiz; rtea78d4064eaad4=UD Logroñés
Spain,Segunda División B Group 1,2020,Copa del Rey,Celta de Vigo B; Castilla CF,rt3b3ba148e6596d=Getafe; rtbfbc06127c2c2d=Escobedo; rtf8d9e3adebdfa0=Sporting de Gijón; rtcac7c533504c13=Espanyol; rt7b7d308ef2ee3f=Orihuela; rtc692ab756da964=Extremadura UD; rt388e3bc5a84036=Racing de Santander; rtc8abf43601edbd=Ramón y Cajal; rt81138faf473ccd=Girona; rte32af9ed82e3ef=Valencia; rtfc400462cbc492=Granada; rtb7ee4b315e86ec=Villarreal; rtdeeed5f1399acc=Real Oviedo; rta53e567c92d28e=Pedroñeras; rtda151c67da8877=Castellón; rt613d5415e38418=Barquereño; rtc7fb542cce68f3=Lobón; rt7fe21ad9533d06=Osasuna; rt162a032e46ef3d=Intercity; rt55bc517cd4c57b=Real Madrid; rtf6cecfe9c51fbd=Sestao River; rt7c692174c7094a=L'Hospitalet; rta0b330726a3636=Fuenlabrada; rt77244614ab53b3=Cacereño; rta0e47c9ac72439=Real Jaén; rt3eaef72fccaa2b=Ceuta; rt40451204d00d85=Real Valladolid; rt17762ae36c8631=Portugalete; rtd29a7a123d25a1=Athletic Club; rte2372c24afa334=Socuéllamos; rtfcc8faf583d5c5=Real Zaragoza; rtd94f73a3fd2cb2=Córdoba; rtf2d6a11b80a5cd=Celta de Vigo; rt37d264c2dead70=Yeclano; rt1aeb4e4f512ce7=Elche; rt723c6f46b62147=Haro Deportivo; rtb91fd78f735bc2=Leioa; rt4286976e124141=Almería; rt88c2b3b8152940=Ponferradina; rt3b8e7b38d989d3=FC Andorra; rtbb5c4037edb834=Málaga; rt687c137e154afd=Barcelona; rtddd2e265b3306c=Atlético de Madrid; rta37cc0b7a6b78a=El Álamo; rtf307f7a400b070=Mensajero; rt8e2427c3725e46=Lugo; rt116863fc901bc1=Cultural Leonesa; rt99a3cce315ca38=Peña Sport; rtdc89bb3864cfd8=Peña Azagresa; rtb2ba60ba285736=SS Reyes; rtbf9fb3ae21247e=Tolosa; rtffdd68ff035dbb=Numancia; rta3c647210089a9=Guijuelo; rtfa0a120b81ca99=Illueca; rt6237217d412b42=Cornellà; rt049c3ccb2373d8=Barakaldo; rta0241746e70a1d=Tamaraceite; rt0b1c1f63f1659a=Hércules; rt5f54c3dcd982e4=Costa Brava; rt901d572a633963=Unionistas de Salamanca; rt8bf67b5ee4f52b=Urraca; rt2af1bd0729ff2b=Linares Deportivo; rt683d32ed612154=Lorca Deportiva; rtf64883739d0d46=FC Cartagena; rtcd4698e91172ff=Rayo Vallecano; rt2575260a16acf5=Tudelano; rta199c6ef0710e3=Andratx; rtec6b5829356b14=Levante; rtd4768fe3431e81=Eibar; rt345c3591aab930=Atlético Porcuna; rt54e7121959ab4c=Sevilla; rt7fa25a0b134eaa=Mallorca; rt9ff2a2ffed9109=SD Logroñés; rt038f78680c0da3=Leganés; rtdddebaad5656b2=Amorebieta; rt29c419814ffe1f=Becerril Campos; rtd27b08a1f25ef3=Ebro; rt236bb80b576403=Marbella; rt85bfc8ec5fe424=Antoniano; rt372d1d5a8c7ca5=Melilla CD; rtd8a2bb674109b9=Real Sociedad; rtf128bd13805d71=Badalona; rt6d3a768c30e701=La Nucía; rtd23a74d6a8e090=Villarrubia; rt51f22a81a326bc=Alavés; rta29b2d99d74a3f=El Palmar; rtacc2bc8afade44=Bergantiños; rtb2602eb76f3369=Real Betis; rt73cde0acd78ecd=Real Murcia; rte2f42840f8beeb=AD Ceuta; rt36097b267d12af=Laredo; rt5fc26c1df044f9=Tarazona; rt3c3752f33b71fe=Albacete; rt25b9be2e913f3b=Fraga; rtcb1c064a8f1b5a=Gimnàstic Tarragona; rtd318a997d2ece8=Gimnástica Segoviana; rta54e6e4e451ba4=UCAM Murcia; rtb31c7fc6b9241a=Pontellas; rta4757ba04b6e65=Zamora; rt1fd1cb68b9004d=Olot; rt53f9714f16eca0=Tenerife; rtb6fab1fff50211=Huesca; rt46c79c3a8858bb=Lealtad; rta9ebfabcf1486e=Mérida; rtfa04581b0a2d9c=Alcorcón; rtc706411f07b767=Lleida Esportiu; rtf3292c71878d5c=Deportivo de La Coruña; rtadbd682901dce3=Gran Tarajal; rt311a6ea412ac54=Badajoz; rt04ca51ae068175=Comillas; rtadf8bce6b59d15=Mirandés; rtbbd52851734037=Recreativo Huelva; rte0b9e3112660b2=Cádiz; rtea78d4064eaad4=UD Logroñés
Spain,Segunda División B Group 1,2021,Copa del Rey,Celta de Vigo B,rtd40021256a3659=Ibiza Islas Pitiusas; rt5e2184da74ac12=Ribadumia; rt3b3ba148e6596d=Getafe; rt6b97d2c17bf4f3=Guía; rtf8d9e3adebdfa0=Sporting de Gijón; rtd4cac3eff751fb=Marino; rtcac7c533504c13=Espanyol; rtc692ab756da964=Extremadura UD; rt388e3bc5a84036=Racing de Santander; rt81138faf473ccd=Girona; rte32af9ed82e3ef=Valencia; rtdc5d898a5eee80=CF Rusadir; rt20a9e4a19f1fb3=Ibiza; rtfc400462cbc492=Granada; rtb7ee4b315e86ec=Villarreal; rt15ecf7459bf941=Atlético Pulpileño; rtda151c67da8877=Castellón; rtdeeed5f1399acc=Real Oviedo; rt7fe21ad9533d06=Osasuna; rtf6cecfe9c51fbd=Sestao River; rt55bc517cd4c57b=Real Madrid; rt7c692174c7094a=L'Hospitalet; rta0b330726a3636=Fuenlabrada; rt870520f51a827b=Mutilvera; rt40451204d00d85=Real Valladolid; rtd1408a489086dc=El Ejido; rt17762ae36c8631=Portugalete; rtd29a7a123d25a1=Athletic Club; rt34af9f580a8e62=Racing Rioja; rte2372c24afa334=Socuéllamos; rtfcc8faf583d5c5=Real Zaragoza; rta484e9b1791099=AUGC Deportiva; rt37d264c2dead70=Yeclano; rt1aeb4e4f512ce7=Elche; rtd94f73a3fd2cb2=Córdoba; rtf2d6a11b80a5cd=Celta de Vigo; rt723c6f46b62147=Haro Deportivo; rt4286976e124141=Almería; rtb91fd78f735bc2=Leioa; rt1de5757e6daf5b=Buñol; rt88c2b3b8152940=Ponferradina; rt3b8e7b38d989d3=FC Andorra; rtbb5c4037edb834=Málaga; rt4c439bf2dfca26=Rayo Majadahonda; rtf8f4b17458321d=Anaitasuna; rt687c137e154afd=Barcelona; rtddd2e265b3306c=Atlético de Madrid; rt06f8090d033d23=Poblense; rt81d3665e479bc8=Las Palmas; rt8e2427c3725e46=Lugo; rt783be3076764ec=Gimnástica Torrelavega; rt8d97f2d88aceaa=Atlético Baleares; rt5d372d8bb2a789=Ciudad de Lucena; rt93ef376d757cee=Inter de Madrid; rtbc6513afe2015c=Tomares; rtb2e1e6023bdeb6=Terrassa; rt6237217d412b42=Cornellà; rtf038ceab385590=Ourense CF; rt5f54c3dcd982e4=Costa Brava; rt2af1bd0729ff2b=Linares Deportivo; rt683d32ed612154=Lorca Deportiva; rtf64883739d0d46=FC Cartagena; rt46208e6f38557c=Colegios Diocesanos; rtcd4698e91172ff=Rayo Vallecano; rta0829ccb04de75=Alcoyano; rtd4768fe3431e81=Eibar; rtec6b5829356b14=Levante; rtf0a9c175ddaab8=Navalcarnero; rtab001a2be63443=Épila; rt68a8ba60676aeb=Quintanar del Rey; rt5889a85a6e7723=Móstoles CF; rt54e7121959ab4c=Sevilla; rt7fa25a0b134eaa=Mallorca; rt53c82649df8c2d=Chinato; rt9ff2a2ffed9109=SD Logroñés; rtd3a40217af2491=Las Rozas; rt038f78680c0da3=Leganés; rtdddebaad5656b2=Amorebieta; rt8042ea1e68ca33=Cantolagua; rt94494b97a48403=Cardassar; rtfb88641a007342=Rincón; rt236bb80b576403=Marbella; rtd8a2bb674109b9=Real Sociedad; rtdda4d6c774c3bf=Linense; rt6d3a768c30e701=La Nucía; rt51f22a81a326bc=Alavés; rtba9cdb2203f213=Villanovense; rtb2602eb76f3369=Real Betis; rt6ab81add12d957=Calahorra; rt62b8098dc8199c=San Juan; rted97bc19465b11=Montañesa; rt36097b267d12af=Laredo; rt11ab2a08b27cad=Llanera; rt5fc26c1df044f9=Tarazona; rt3c3752f33b71fe=Albacete; rt1543f0aa3ee401=Varea; rtd318a997d2ece8=Gimnástica Segoviana; rta54e6e4e451ba4=UCAM Murcia; rt1fd1cb68b9004d=Olot; rt53f9714f16eca0=Tenerife; rtb6fab1fff50211=Huesca; rtcbd44432fb0467=San Fernando CDI; rtce398e044145bb=Real Titánico; rtfa04581b0a2d9c=Alcorcón; rtc706411f07b767=Lleida Esportiu; rt4832397c6c40a1=CD Coria; rt4f64fa03d15050=Sabadell; rt7feec523fcd313=Teruel; rt311a6ea412ac54=Badajoz; rt106ebcf6d36149=Marchamalo; rt2cbf9acdcd6bde=Miengo; rtadf8bce6b59d15=Mirandés; rt587a38616aa18e=Peña Deportiva; rte0b9e3112660b2=Cádiz; rtea78d4064eaad4=UD Logroñés; rt91ada74bd4302a=Racing Murcia
Spain,Segunda División B Group 2,2010,Copa del Rey,CP Cacereño; Castilla CF,rt3b3ba148e6596d=Getafe; rtf8d9e3adebdfa0=Sporting de Gijón; rte23c2163c78abe=Mérida UD; rte0f642836c9210=Ontinyent; rt3150743418f150=Unión Estepona; rtc5128277bde981=Atlético Monzón; rtcac7c533504c13=Espanyol; rt388e3bc5a84036=Racing de Santander; rtc8971492122b9d=Palencia; rt81138faf473ccd=Girona; rte32af9ed82e3ef=Valencia; rtb7ee4b315e86ec=Villarreal; rtda151c67da8877=Castellón; rt72fe4397d7c533=CP Ejido; rt94cabbf9a18c26=Reus Deportiu; rt0d2ee73d4c4047=Xerez; rt7fe21ad9533d06=Osasuna; rt5ec150adcffc4f=Sporting Mahonés; rt55bc517cd4c57b=Real Madrid; rt1ddb9e4ba12b8c=Alicante; rta0e47c9ac72439=Real Jaén; rt400a5cf7876449=UD Salamanca; rt5f4867e3cc7cc1=UD Melilla; rt40451204d00d85=Real Valladolid; rtfcc8faf583d5c5=Real Zaragoza; rtd29a7a123d25a1=Athletic Club; rtd94f73a3fd2cb2=Córdoba; rtf2d6a11b80a5cd=Celta de Vigo; rt1aeb4e4f512ce7=Elche; rtd989dfddad4dba=San Roque Lepe; rt4286976e124141=Almería; rtfbf6e03e1d8398=Lemona; rtb3826b35a4f8ce=Sant Andreu; rt88c2b3b8152940=Ponferradina; rtbb5c4037edb834=Málaga; rt687c137e154afd=Barcelona; rtddd2e265b3306c=Atlético de Madrid; rt0be18ffa18006a=Gramenet; rt81d3665e479bc8=Las Palmas; rt9750f9369fdd70=Lorca Deportiva CF; rt116863fc901bc1=Cultural Leonesa; rt574c75a1d185a4=Compostela; rtffdd68ff035dbb=Numancia; rt2d827c506465ef=CD Logroñés; rt0b1c1f63f1659a=Hércules; rtf64883739d0d46=FC Cartagena; rtcd4698e91172ff=Rayo Vallecano; rta0829ccb04de75=Alcoyano; rtd4768fe3431e81=Eibar; rtec6b5829356b14=Levante; rt6642193fcec747=Villajoyosa; rt54e7121959ab4c=Sevilla; rt7fa25a0b134eaa=Mallorca; rtccf61df2839065=Atlético Ciudad; rt236bb80b576403=Marbella; rtd8a2bb674109b9=Real Sociedad; rt899c5dd8c265d8=Caravaca CF; rt51f22a81a326bc=Alavés; rtb2602eb76f3369=Real Betis; rt73cde0acd78ecd=Real Murcia; rte2f42840f8beeb=AD Ceuta; rt24bd401971e4a9=Tenisca; rt3c3752f33b71fe=Albacete; rtcb1c064a8f1b5a=Gimnàstic Tarragona; rta4757ba04b6e65=Zamora; rtb6fab1fff50211=Huesca; rt53f9714f16eca0=Tenerife; rt4f64fa03d15050=Sabadell; rtbc8001588a7ccb=Real Unión; rtf3292c71878d5c=Deportivo de La Coruña; rt5bdcfc7ff198ef=Lagun Onak; rt79dfd828f347ff=Izarra; rtbbd52851734037=Recreativo Huelva; rte0b9e3112660b2=Cádiz
Spain,Segunda División B Group 2,2014,Copa del Rey,Real Madrid C,rteabfc5c4366cd3=Écija; rt3b3ba148e6596d=Getafe; rt13cc6ef6673e39=Guadalajara; rtf8d9e3adebdfa0=Sporting de Gijón; rtcac7c533504c13=Espanyol; rtc692ab756da964=Extremadura UD; rt388e3bc5a84036=Racing de Santander; rt81138faf473ccd=Girona; rte32af9ed82e3ef=Valencia; rtfc400462cbc492=Granada; rtb7ee4b315e86ec=Villarreal; rt0decedbbe1a4e9=El Palo; rt2e99090982306e=Atlético Granadilla; rtdeeed5f1399acc=Real Oviedo; rt0d2ee73d4c4047=Xerez; rt7fe21ad9533d06=Osasuna; rt55bc517cd4c57b=Real Madrid; rt6d8469f77e55d7=Algeciras; rt7c692174c7094a=L'Hospitalet; rta0e47c9ac72439=Real Jaén; rt40451204d00d85=Real Valladolid; rtfcc8faf583d5c5=Real Zaragoza; rtd29a7a123d25a1=Athletic Club; rtd94f73a3fd2cb2=Córdoba; rtf2d6a11b80a5cd=Celta de Vigo; rt054a57e1f77ea2=Huracán Valencia; rt723c6f46b62147=Haro Deportivo; rt1aeb4e4f512ce7=Elche; rt4286976e124141=Almería; rtb3826b35a4f8ce=Sant Andreu; rt6dc99c0f678e53=Novelda CF; rtbb5c4037edb834=Málaga; rt88c2b3b8152940=Ponferradina; rt687c137e154afd=Barcelona; rtddd2e265b3306c=Atlético de Madrid; rt8e2427c3725e46=Lugo; rt5d372d8bb2a789=Ciudad de Lucena; rtd4432cc2c179c6=Burgos; rtffdd68ff035dbb=Numancia; rt0b1c1f63f1659a=Hércules; rtf64883739d0d46=FC Cartagena; rtcd4698e91172ff=Rayo Vallecano; rta0829ccb04de75=Alcoyano; rtefc65b078a21aa=Lorca; rtd4768fe3431e81=Eibar; rtec6b5829356b14=Levante; rt7c8f97941c4c00=Olímpic Xàtiva; rt54e7121959ab4c=Sevilla; rt7fa25a0b134eaa=Mallorca; rtd8a2bb674109b9=Real Sociedad; rtdda4d6c774c3bf=Linense; rt51f22a81a326bc=Alavés; rtb2602eb76f3369=Real Betis; rt73cde0acd78ecd=Real Murcia; rt62b8098dc8199c=San Juan; rtcfe4d8be31bb90=Racing de Ferrol; rta01f40978275a3=Tuilla; rt3c3752f33b71fe=Albacete; rtcb1c064a8f1b5a=Gimnàstic Tarragona; rt1d67b5128ef9c2=Caudal; rt1fd1cb68b9004d=Olot; rt53f9714f16eca0=Tenerife; rtcbd44432fb0467=San Fernando CDI; rtfa04581b0a2d9c=Alcorcón; rtc706411f07b767=Lleida Esportiu; rt4f64fa03d15050=Sabadell; rta492eba16205c6=Tropezón; rtf3292c71878d5c=Deportivo de La Coruña; rtadf8bce6b59d15=Mirandés; rtbbd52851734037=Recreativo Huelva
Spain,Segunda División B Group 2,2015,Copa del Rey,Castilla CF,rt3b3ba148e6596d=Getafe; rtf8d9e3adebdfa0=Sporting de Gijón; rtcac7c533504c13=Espanyol; rt81138faf473ccd=Girona; rt0f2b278c82d790=Marino de Luanco; rte32af9ed82e3ef=Valencia; rtfc400462cbc492=Granada; rtb7ee4b315e86ec=Villarreal; rt2e99090982306e=Atlético Granadilla; rtdeeed5f1399acc=Real Oviedo; rta97ded1808b571=Puertollano; rt7fe21ad9533d06=Osasuna; rt55bc517cd4c57b=Real Madrid; rt67b901298b0c9a=Atlético Astorga; rt7c692174c7094a=L'Hospitalet; rta0e47c9ac72439=Real Jaén; rt40451204d00d85=Real Valladolid; rtfcc8faf583d5c5=Real Zaragoza; rtd29a7a123d25a1=Athletic Club; rtd94f73a3fd2cb2=Córdoba; rtf2d6a11b80a5cd=Celta de Vigo; rt1aeb4e4f512ce7=Elche; rtd989dfddad4dba=San Roque Lepe; rt4286976e124141=Almería; rt88c2b3b8152940=Ponferradina; rtbb5c4037edb834=Málaga; rt687c137e154afd=Barcelona; rtddd2e265b3306c=Atlético de Madrid; rt8e2427c3725e46=Lugo; rt783be3076764ec=Gimnástica Torrelavega; rt8d97f2d88aceaa=Atlético Baleares; rtf84e314014f225=Somozas; rtffdd68ff035dbb=Numancia; rta3c647210089a9=Guijuelo; rt6237217d412b42=Cornellà; rt0b1c1f63f1659a=Hércules; rt5f54c3dcd982e4=Costa Brava; rtf64883739d0d46=FC Cartagena; rtcd4698e91172ff=Rayo Vallecano; rta0829ccb04de75=Alcoyano; rtefc65b078a21aa=Lorca; rtd4768fe3431e81=Eibar; rtec6b5829356b14=Levante; rt54e7121959ab4c=Sevilla; rt7fa25a0b134eaa=Mallorca; rt038f78680c0da3=Leganés; rt236bb80b576403=Marbella; rtd8a2bb674109b9=Real Sociedad; rtdda4d6c774c3bf=Linense; rt51f22a81a326bc=Alavés; rtba9cdb2203f213=Villanovense; rtb2602eb76f3369=Real Betis; rt0aac46eb45aa64=Real Avilés; rt73cde0acd78ecd=Real Murcia; rtcfe4d8be31bb90=Racing de Ferrol; rt3c3752f33b71fe=Albacete; rtcb1c064a8f1b5a=Gimnàstic Tarragona; rta54e6e4e451ba4=UCAM Murcia; rta4757ba04b6e65=Zamora; rt53f9714f16eca0=Tenerife; rt46c79c3a8858bb=Lealtad; rtafafb305837ac0=Eldense; rtfa04581b0a2d9c=Alcorcón; rtc706411f07b767=Lleida Esportiu; rt7feec523fcd313=Teruel; rt4f64fa03d15050=Sabadell; rtf3292c71878d5c=Deportivo de La Coruña; rt79dfd828f347ff=Izarra; rtadf8bce6b59d15=Mirandés; rtbbd52851734037=Recreativo Huelva; rt587a38616aa18e=Peña Deportiva; rte0b9e3112660b2=Cádiz; rt1543f0aa3ee401=Varea
Spain,Segunda División B Group 2,2016,Copa del Rey,La Roda CF; Castilla CF,rt3b3ba148e6596d=Getafe; rtf8d9e3adebdfa0=Sporting de Gijón; rtcac7c533504c13=Espanyol; rt388e3bc5a84036=Racing de Santander; rt81138faf473ccd=Girona; rte32af9ed82e3ef=Valencia; rta2d1422a234b61=Ascó; rtfc400462cbc492=Granada; rtb7ee4b315e86ec=Villarreal; rtdeeed5f1399acc=Real Oviedo; rtda151c67da8877=Castellón; rt94cabbf9a18c26=Reus Deportiu; rt7fe21ad9533d06=Osasuna; rt55bc517cd4c57b=Real Madrid; rt6d8469f77e55d7=Algeciras; rt5f4867e3cc7cc1=UD Melilla; rt40451204d00d85=Real Valladolid; rtd29a7a123d25a1=Athletic Club; rtfcc8faf583d5c5=Real Zaragoza; rtd94f73a3fd2cb2=Córdoba; rt054a57e1f77ea2=Huracán Valencia; rtf2d6a11b80a5cd=Celta de Vigo; rt1aeb4e4f512ce7=Elche; rt4286976e124141=Almería; rt88c2b3b8152940=Ponferradina; rtbb5c4037edb834=Málaga; rt687c137e154afd=Barcelona; rtddd2e265b3306c=Atlético de Madrid; rt81d3665e479bc8=Las Palmas; rt8e2427c3725e46=Lugo; rt116863fc901bc1=Cultural Leonesa; rt4296b6f1f07b84=Pontevedra; rt99a3cce315ca38=Peña Sport; rt574c75a1d185a4=Compostela; rt9b8f33b5368564=Condal; rtffdd68ff035dbb=Numancia; rta3c647210089a9=Guijuelo; rt0b1c1f63f1659a=Hércules; rt5f54c3dcd982e4=Costa Brava; rt2af1bd0729ff2b=Linares Deportivo; rtcd4698e91172ff=Rayo Vallecano; rt2575260a16acf5=Tudelano; rta0829ccb04de75=Alcoyano; rtd4768fe3431e81=Eibar; rtec6b5829356b14=Levante; rt54e7121959ab4c=Sevilla; rt7fa25a0b134eaa=Mallorca; rt038f78680c0da3=Leganés; rtd8a2bb674109b9=Real Sociedad; rtdda4d6c774c3bf=Linense; rt51f22a81a326bc=Alavés; rtba9cdb2203f213=Villanovense; rtb2602eb76f3369=Real Betis; rt73cde0acd78ecd=Real Murcia; rt0db262cf684c3f=Arandina; rtcfe4d8be31bb90=Racing de Ferrol; rt36097b267d12af=Laredo; rt3c3752f33b71fe=Albacete; rtcb1c064a8f1b5a=Gimnàstic Tarragona; rta54e6e4e451ba4=UCAM Murcia; rtb6fab1fff50211=Huesca; rt53f9714f16eca0=Tenerife; rtc3ad467836c714=FC Jumilla; rta9ebfabcf1486e=Mérida; rtfa04581b0a2d9c=Alcorcón; rt9bf425bcd3dd32=Formentera; rtc706411f07b767=Lleida Esportiu; rt4f64fa03d15050=Sabadell; rtf3292c71878d5c=Deportivo de La Coruña; rtadf8bce6b59d15=Mirandés; rtbbd52851734037=Recreativo Huelva; rte0b9e3112660b2=Cádiz; rtea78d4064eaad4=UD Logroñés; rt1543f0aa3ee401=Varea
Spain,Segunda División B Group 2,2017,Copa del Rey,Castilla CF,rt3b3ba148e6596d=Getafe; rtf8d9e3adebdfa0=Sporting de Gijón; rtcac7c533504c13=Espanyol; rtc692ab756da964=Extremadura UD; rt388e3bc5a84036=Racing de Santander; rt81138faf473ccd=Girona; rte32af9ed82e3ef=Valencia; rtfc400462cbc492=Granada; rtb7ee4b315e86ec=Villarreal; rtdeeed5f1399acc=Real Oviedo; rtdda77ddd36f049=Villa Santa Brígida; rt94cabbf9a18c26=Reus Deportiu; rt7fe21ad9533d06=Osasuna; rt55bc517cd4c57b=Real Madrid; rt40451204d00d85=Real Valladolid; rtd29a7a123d25a1=Athletic Club; rtfcc8faf583d5c5=Real Zaragoza; rtd94f73a3fd2cb2=Córdoba; rtf2d6a11b80a5cd=Celta de Vigo; rt1aeb4e4f512ce7=Elche; rt4286976e124141=Almería; rt88c2b3b8152940=Ponferradina; rtbb5c4037edb834=Málaga; rt687c137e154afd=Barcelona; rtddd2e265b3306c=Atlético de Madrid; rt12881f3d93bd0c=Andorra CF; rt81d3665e479bc8=Las Palmas; rt8e2427c3725e46=Lugo; rtd4432cc2c179c6=Burgos; rt116863fc901bc1=Cultural Leonesa; rtd558b5844205b5=Conquense; rt0e6221d615164d=Saguntino; rt9d3b834742823d=Prat; rtb2ba60ba285736=SS Reyes; rtffdd68ff035dbb=Numancia; rta3c647210089a9=Guijuelo; rt6237217d412b42=Cornellà; rt0b1c1f63f1659a=Hércules; rt5f54c3dcd982e4=Costa Brava; rt683d32ed612154=Lorca Deportiva; rtf64883739d0d46=FC Cartagena; rtcd4698e91172ff=Rayo Vallecano; rt2575260a16acf5=Tudelano; rta0829ccb04de75=Alcoyano; rtefc65b078a21aa=Lorca; rtd4768fe3431e81=Eibar; rtec6b5829356b14=Levante; rt54e7121959ab4c=Sevilla; rt7fa25a0b134eaa=Mallorca; rt038f78680c0da3=Leganés; rtd8a2bb674109b9=Real Sociedad; rt51f22a81a326bc=Alavés; rtb2602eb76f3369=Real Betis; rt6ab81add12d957=Calahorra; rt73cde0acd78ecd=Real Murcia; rtcfe4d8be31bb90=Racing de Ferrol; rt36097b267d12af=Laredo; rt17e6358f2b1502=Sanluqueño; rtcb1c064a8f1b5a=Gimnàstic Tarragona; rta54e6e4e451ba4=UCAM Murcia; rt1d67b5128ef9c2=Caudal; rta4757ba04b6e65=Zamora; rtb6fab1fff50211=Huesca; rt53f9714f16eca0=Tenerife; rt006ad30c435100=Mancha Real; rt7ff085a88560d8=Cirbonero; rtfa04581b0a2d9c=Alcorcón; rt9bf425bcd3dd32=Formentera; rtc706411f07b767=Lleida Esportiu; rtf3292c71878d5c=Deportivo de La Coruña; rtd30f3b66d3a7b2=Boiro; rtadf8bce6b59d15=Mirandés; rte0b9e3112660b2=Cádiz
Spain,Segunda División B Group 2,2019,Copa del Rey,Club Deportivo Victoria,rt3b3ba148e6596d=Getafe; rtf8d9e3adebdfa0=Sporting de Gijón; rte0f642836c9210=Ontinyent; rtcac7c533504c13=Espanyol; rtc692ab756da964=Extremadura UD; rt81138faf473ccd=Girona; rte32af9ed82e3ef=Valencia; rtfc400462cbc492=Granada; rtb7ee4b315e86ec=Villarreal; rtdeeed5f1399acc=Real Oviedo; rtda151c67da8877=Castellón; rt94cabbf9a18c26=Reus Deportiu; rt7fe21ad9533d06=Osasuna; rt55bc517cd4c57b=Real Madrid; rta0b330726a3636=Fuenlabrada; rta0e47c9ac72439=Real Jaén; rt5f4867e3cc7cc1=UD Melilla; rt3eaef72fccaa2b=Ceuta; rt870520f51a827b=Mutilvera; rt40451204d00d85=Real Valladolid; rtfcc8faf583d5c5=Real Zaragoza; rtd29a7a123d25a1=Athletic Club; rtd94f73a3fd2cb2=Córdoba; rtf2d6a11b80a5cd=Celta de Vigo; rt37d264c2dead70=Yeclano; rt1aeb4e4f512ce7=Elche; rt4286976e124141=Almería; rtb3826b35a4f8ce=Sant Andreu; rtbb5c4037edb834=Málaga; rt4c439bf2dfca26=Rayo Majadahonda; rt687c137e154afd=Barcelona; rtddd2e265b3306c=Atlético de Madrid; rt06f8090d033d23=Poblense; rt81d3665e479bc8=Las Palmas; rtf307f7a400b070=Mensajero; rt8e2427c3725e46=Lugo; rt116863fc901bc1=Cultural Leonesa; rtd558b5844205b5=Conquense; rt93ef376d757cee=Inter de Madrid; rt574c75a1d185a4=Compostela; rtffdd68ff035dbb=Numancia; rt6237217d412b42=Cornellà; rt901d572a633963=Unionistas de Salamanca; rtf64883739d0d46=FC Cartagena; rtcd4698e91172ff=Rayo Vallecano; rtfb54297e19327b=Rápido Bouzas; rtefc65b078a21aa=Lorca; rtd4768fe3431e81=Eibar; rtec6b5829356b14=Levante; rtf0a9c175ddaab8=Navalcarnero; rt54e7121959ab4c=Sevilla; rt7fa25a0b134eaa=Mallorca; rt038f78680c0da3=Leganés; rt08d5c4231f58dc=Don Benito; rtd27b08a1f25ef3=Ebro; rt236bb80b576403=Marbella; rtd8a2bb674109b9=Real Sociedad; rtf128bd13805d71=Badalona; rt51f22a81a326bc=Alavés; rtba9cdb2203f213=Villanovense; rtb2602eb76f3369=Real Betis; rt73cde0acd78ecd=Real Murcia; rte2f42840f8beeb=AD Ceuta; rt3c3752f33b71fe=Albacete; rtcb1c064a8f1b5a=Gimnàstic Tarragona; rta54e6e4e451ba4=UCAM Murcia; rtb6fab1fff50211=Huesca; rt53f9714f16eca0=Tenerife; rtfa04581b0a2d9c=Alcorcón; rtc706411f07b767=Lleida Esportiu; rt7feec523fcd313=Teruel; rtf3292c71878d5c=Deportivo de La Coruña; rta9d8573ed08235=Talavera; rte0b9e3112660b2=Cádiz
Spain,Segunda División B Group 3,2019,Copa del Rey,Hercules CF,rt3b3ba148e6596d=Getafe; rtf8d9e3adebdfa0=Sporting de Gijón; rtcac7c533504c13=Espanyol; rtc692ab756da964=Extremadura UD; rt388e3bc5a84036=Racing de Santander; rt81138faf473ccd=Girona; rtfc400462cbc492=Granada; rtb7ee4b315e86ec=Villarreal; rtdeeed5f1399acc=Real Oviedo; rt94cabbf9a18c26=Reus Deportiu; rt7fe21ad9533d06=Osasuna; rt55bc517cd4c57b=Real Madrid; rt52e9e5e99c62b9=Durango; rta0b330726a3636=Fuenlabrada; rta0e47c9ac72439=Real Jaén; rt5f4867e3cc7cc1=UD Melilla; rt3eaef72fccaa2b=Ceuta; rt870520f51a827b=Mutilvera; rt40451204d00d85=Real Valladolid; rtfcc8faf583d5c5=Real Zaragoza; rtd29a7a123d25a1=Athletic Club; rtd94f73a3fd2cb2=Córdoba; rtf2d6a11b80a5cd=Celta de Vigo; rt37d264c2dead70=Yeclano; rt1aeb4e4f512ce7=Elche; rt4286976e124141=Almería; rtb3826b35a4f8ce=Sant Andreu; rtbb5c4037edb834=Málaga; rt4c439bf2dfca26=Rayo Majadahonda; rt687c137e154afd=Barcelona; rtddd2e265b3306c=Atlético de Madrid; rt06f8090d033d23=Poblense; rt81d3665e479bc8=Las Palmas; rtf307f7a400b070=Mensajero; rt8e2427c3725e46=Lugo; rt783be3076764ec=Gimnástica Torrelavega; rt116863fc901bc1=Cultural Leonesa; rt93ef376d757cee=Inter de Madrid; rte3500069a77ce8=Langreo; rt574c75a1d185a4=Compostela; rtffdd68ff035dbb=Numancia; rt049c3ccb2373d8=Barakaldo; rt901d572a633963=Unionistas de Salamanca; rtf64883739d0d46=FC Cartagena; rtcd4698e91172ff=Rayo Vallecano; rtfb54297e19327b=Rápido Bouzas; rt2575260a16acf5=Tudelano; rtefc65b078a21aa=Lorca; rtd4768fe3431e81=Eibar; rtf0a9c175ddaab8=Navalcarnero; rt54e7121959ab4c=Sevilla; rt7fa25a0b134eaa=Mallorca; rt038f78680c0da3=Leganés; rt08d5c4231f58dc=Don Benito; rt236bb80b576403=Marbella; rtd8a2bb674109b9=Real Sociedad; rt51f22a81a326bc=Alavés; rtba9cdb2203f213=Villanovense; rtb2602eb76f3369=Real Betis; rt6ab81add12d957=Calahorra; rt73cde0acd78ecd=Real Murcia; rte2f42840f8beeb=AD Ceuta; rt3c3752f33b71fe=Albacete; rtcb1c064a8f1b5a=Gimnàstic Tarragona; rta54e6e4e451ba4=UCAM Murcia; rtb6fab1fff50211=Huesca; rt53f9714f16eca0=Tenerife; rt46f031af39d51a=Gernika; rtfa04581b0a2d9c=Alcorcón; rtf3292c71878d5c=Deportivo de La Coruña; rta9d8573ed08235=Talavera; rtadf8bce6b59d15=Mirandés; rte0b9e3112660b2=Cádiz; rtea78d4064eaad4=UD Logroñés
Spain,Segunda División B Group 3,2021,Copa del Rey,Hercules CF,rtd40021256a3659=Ibiza Islas Pitiusas; rt5e2184da74ac12=Ribadumia; rt3b3ba148e6596d=Getafe; rt6b97d2c17bf4f3=Guía; rtf8d9e3adebdfa0=Sporting de Gijón; rtd4cac3eff751fb=Marino; rtcac7c533504c13=Espanyol; rtc692ab756da964=Extremadura UD; rt388e3bc5a84036=Racing de Santander; rt81138faf473ccd=Girona; rtdc5d898a5eee80=CF Rusadir; rtfc400462cbc492=Granada; rtb7ee4b315e86ec=Villarreal; rt96d32e38d129f4=Coruxo; rt15ecf7459bf941=Atlético Pulpileño; rtda151c67da8877=Castellón; rtdeeed5f1399acc=Real Oviedo; rt7fe21ad9533d06=Osasuna; rtf6cecfe9c51fbd=Sestao River; rt55bc517cd4c57b=Real Madrid; rta0b330726a3636=Fuenlabrada; rt870520f51a827b=Mutilvera; rt40451204d00d85=Real Valladolid; rtd1408a489086dc=El Ejido; rt17762ae36c8631=Portugalete; rtd29a7a123d25a1=Athletic Club; rt34af9f580a8e62=Racing Rioja; rte2372c24afa334=Socuéllamos; rtfcc8faf583d5c5=Real Zaragoza; rta484e9b1791099=AUGC Deportiva; rt37d264c2dead70=Yeclano; rt1aeb4e4f512ce7=Elche; rtd94f73a3fd2cb2=Córdoba; rtf2d6a11b80a5cd=Celta de Vigo; rt723c6f46b62147=Haro Deportivo; rt4286976e124141=Almería; rtb91fd78f735bc2=Leioa; rt1de5757e6daf5b=Buñol; rt88c2b3b8152940=Ponferradina; rtbb5c4037edb834=Málaga; rt4c439bf2dfca26=Rayo Majadahonda; rtf8f4b17458321d=Anaitasuna; rt687c137e154afd=Barcelona; rtddd2e265b3306c=Atlético de Madrid; rt06f8090d033d23=Poblense; rt81d3665e479bc8=Las Palmas; rt8e2427c3725e46=Lugo; rt783be3076764ec=Gimnástica Torrelavega; rt8d97f2d88aceaa=Atlético Baleares; rt5d372d8bb2a789=Ciudad de Lucena; rtd4432cc2c179c6=Burgos; rt116863fc901bc1=Cultural Leonesa; rt93ef376d757cee=Inter de Madrid; rt4296b6f1f07b84=Pontevedra; rt574c75a1d185a4=Compostela; rtbc6513afe2015c=Tomares; rtffdd68ff035dbb=Numancia; rtb2e1e6023bdeb6=Terrassa; rta3c647210089a9=Guijuelo; rtf038ceab385590=Ourense CF; rt2af1bd0729ff2b=Linares Deportivo; rt683d32ed612154=Lorca Deportiva; rtf64883739d0d46=FC Cartagena; rt46208e6f38557c=Colegios Diocesanos; rtcd4698e91172ff=Rayo Vallecano; rtd4768fe3431e81=Eibar; rtf0a9c175ddaab8=Navalcarnero; rtab001a2be63443=Épila; rt68a8ba60676aeb=Quintanar del Rey; rt5889a85a6e7723=Móstoles CF; rt54e7121959ab4c=Sevilla; rt7fa25a0b134eaa=Mallorca; rt53c82649df8c2d=Chinato; rt9ff2a2ffed9109=SD Logroñés; rtd3a40217af2491=Las Rozas; rt038f78680c0da3=Leganés; rtdddebaad5656b2=Amorebieta; rt8042ea1e68ca33=Cantolagua; rt94494b97a48403=Cardassar; rtfb88641a007342=Rincón; rt236bb80b576403=Marbella; rtd8a2bb674109b9=Real Sociedad; rtdda4d6c774c3bf=Linense; rt51f22a81a326bc=Alavés; rtba9cdb2203f213=Villanovense; rtb2602eb76f3369=Real Betis; rt6ab81add12d957=Calahorra; rt62b8098dc8199c=San Juan; rted97bc19465b11=Montañesa; rt36097b267d12af=Laredo; rt11ab2a08b27cad=Llanera; rt5fc26c1df044f9=Tarazona; rt3c3752f33b71fe=Albacete; rt1543f0aa3ee401=Varea; rtd318a997d2ece8=Gimnástica Segoviana; rta54e6e4e451ba4=UCAM Murcia; rta4757ba04b6e65=Zamora; rt53f9714f16eca0=Tenerife; rtb6fab1fff50211=Huesca; rt46c79c3a8858bb=Lealtad; rtcbd44432fb0467=San Fernando CDI; rtce398e044145bb=Real Titánico; rtfa04581b0a2d9c=Alcorcón; rt4832397c6c40a1=CD Coria; rt4f64fa03d15050=Sabadell; rt7feec523fcd313=Teruel; rtf3292c71878d5c=Deportivo de La Coruña; rt311a6ea412ac54=Badajoz; rt106ebcf6d36149=Marchamalo; rt2cbf9acdcd6bde=Miengo; rtadf8bce6b59d15=Mirandés; rte0b9e3112660b2=Cádiz; rtea78d4064eaad4=UD Logroñés; rt91ada74bd4302a=Racing Murcia
Spain,Segunda División B Group 4,2009,Copa del Rey,Marbella FC; Lucena CF,rt3b3ba148e6596d=Getafe; rtdeca91345f301d=CD Ciempozuelos; rtf8d9e3adebdfa0=Sporting de Gijón; rte23c2163c78abe=Mérida UD; rtcac7c533504c13=Espanyol; rt7b7d308ef2ee3f=Orihuela; rt388e3bc5a84036=Racing de Santander; rt81138faf473ccd=Girona; rte32af9ed82e3ef=Valencia; rtb7ee4b315e86ec=Villarreal; rtdfd0aee3172042=Málaga II; rt2e99090982306e=Atlético Granadilla; rtda151c67da8877=Castellón; rtdeeed5f1399acc=Real Oviedo; rt0d2ee73d4c4047=Xerez; rt8548ae9cde6dca=Universidad Las Palmas; rt7fe21ad9533d06=Osasuna; rt55bc517cd4c57b=Real Madrid; rt00af74dea6a39b=Ciudad de Santiago; rt1ddb9e4ba12b8c=Alicante; rt400a5cf7876449=UD Salamanca; rt40451204d00d85=Real Valladolid; rt17762ae36c8631=Portugalete; rt564354efbdef08=Águilas CF; rtd29a7a123d25a1=Athletic Club; rtfcc8faf583d5c5=Real Zaragoza; rtd94f73a3fd2cb2=Córdoba; rtf2d6a11b80a5cd=Celta de Vigo; rt1aeb4e4f512ce7=Elche; rt4286976e124141=Almería; rtfbf6e03e1d8398=Lemona; rtb3826b35a4f8ce=Sant Andreu; rt88c2b3b8152940=Ponferradina; rtbb5c4037edb834=Málaga; rt687c137e154afd=Barcelona; rtddd2e265b3306c=Atlético de Madrid; rt6928ee9b186915=Fuerteventura; rt81d3665e479bc8=Las Palmas; rt8e2427c3725e46=Lugo; rt783be3076764ec=Gimnástica Torrelavega; rt8d97f2d88aceaa=Atlético Baleares; rtd424df7bd63093=Benidorm CF; rt4296b6f1f07b84=Pontevedra; rtffdd68ff035dbb=Numancia; rt049c3ccb2373d8=Barakaldo; rt0b1c1f63f1659a=Hércules; rtcd4698e91172ff=Rayo Vallecano; rtd4768fe3431e81=Eibar; rtec6b5829356b14=Levante; rte112ed7333fcdf=Gavà; rt54e7121959ab4c=Sevilla; rtb88c215cae1cd2=Alfaro; rt7fa25a0b134eaa=Mallorca; rt08d5c4231f58dc=Don Benito; rt894e5f4c759cb0=Ejea; rtccf61df2839065=Atlético Ciudad; rtd8a2bb674109b9=Real Sociedad; rt51f22a81a326bc=Alavés; rtb2602eb76f3369=Real Betis; rt73cde0acd78ecd=Real Murcia; rtcfe4d8be31bb90=Racing de Ferrol; rt3c3752f33b71fe=Albacete; rtcb1c064a8f1b5a=Gimnàstic Tarragona; rta4757ba04b6e65=Zamora; rtb6fab1fff50211=Huesca; rt53f9714f16eca0=Tenerife; rtbc8001588a7ccb=Real Unión; rtf3292c71878d5c=Deportivo de La Coruña; rt79dfd828f347ff=Izarra; rtadf8bce6b59d15=Mirandés; rtbbd52851734037=Recreativo Huelva; rtd35ff266019a1f=Toledo; rt94e08bbb540116=Alzira
Spain,Segunda División B Group 4,2015,Copa del Rey,CP Cacereño; Lucena CF; La Roda CF,rt3b3ba148e6596d=Getafe; rt13cc6ef6673e39=Guadalajara; rtf8d9e3adebdfa0=Sporting de Gijón; rtcac7c533504c13=Espanyol; rt81138faf473ccd=Girona; rt0f2b278c82d790=Marino de Luanco; rte32af9ed82e3ef=Valencia; rtfc400462cbc492=Granada; rtb7ee4b315e86ec=Villarreal; rt2e99090982306e=Atlético Granadilla; rtdeeed5f1399acc=Real Oviedo; rta97ded1808b571=Puertollano; rt7fe21ad9533d06=Osasuna; rtf6cecfe9c51fbd=Sestao River; rt55bc517cd4c57b=Real Madrid; rt67b901298b0c9a=Atlético Astorga; rt7c692174c7094a=L'Hospitalet; rta0b330726a3636=Fuenlabrada; rt40451204d00d85=Real Valladolid; rtfcc8faf583d5c5=Real Zaragoza; rtd29a7a123d25a1=Athletic Club; rtd94f73a3fd2cb2=Córdoba; rtf2d6a11b80a5cd=Celta de Vigo; rt1aeb4e4f512ce7=Elche; rtb91fd78f735bc2=Leioa; rt4286976e124141=Almería; rt88c2b3b8152940=Ponferradina; rtbb5c4037edb834=Málaga; rt687c137e154afd=Barcelona; rtddd2e265b3306c=Atlético de Madrid; rt81d3665e479bc8=Las Palmas; rt8e2427c3725e46=Lugo; rt783be3076764ec=Gimnástica Torrelavega; rt8d97f2d88aceaa=Atlético Baleares; rtf84e314014f225=Somozas; rtffdd68ff035dbb=Numancia; rta3c647210089a9=Guijuelo; rt049c3ccb2373d8=Barakaldo; rt6237217d412b42=Cornellà; rt0b1c1f63f1659a=Hércules; rt5f54c3dcd982e4=Costa Brava; rtcd4698e91172ff=Rayo Vallecano; rta0829ccb04de75=Alcoyano; rtd4768fe3431e81=Eibar; rtec6b5829356b14=Levante; rt54e7121959ab4c=Sevilla; rt7fa25a0b134eaa=Mallorca; rt038f78680c0da3=Leganés; rtdddebaad5656b2=Amorebieta; rt433a18bef091c3=Trival Valderas; rtd8a2bb674109b9=Real Sociedad; rt51f22a81a326bc=Alavés; rtb2602eb76f3369=Real Betis; rt0aac46eb45aa64=Real Avilés; rt73cde0acd78ecd=Real Murcia; rtcfe4d8be31bb90=Racing de Ferrol; rt3c3752f33b71fe=Albacete; rtcb1c064a8f1b5a=Gimnàstic Tarragona; rta4757ba04b6e65=Zamora; rtb6fab1fff50211=Huesca; rt53f9714f16eca0=Tenerife; rt46c79c3a8858bb=Lealtad; rtafafb305837ac0=Eldense; rtfa04581b0a2d9c=Alcorcón; rtc706411f07b767=Lleida Esportiu; rt7feec523fcd313=Teruel; rt4f64fa03d15050=Sabadell; rtf3292c71878d5c=Deportivo de La Coruña; rt79dfd828f347ff=Izarra; rtadf8bce6b59d15=Mirandés; rtbbd52851734037=Recreativo Huelva; rt587a38616aa18e=Peña Deportiva; rtd35ff266019a1f=Toledo; rt1543f0aa3ee401=Varea
Spain,Segunda División B Group 4,2016,Copa del Rey,Marbella FC,rt3b3ba148e6596d=Getafe; rt13cc6ef6673e39=Guadalajara; rtf8d9e3adebdfa0=Sporting de Gijón; rtcac7c533504c13=Espanyol; rt388e3bc5a84036=Racing de Santander; rt81138faf473ccd=Girona; rte32af9ed82e3ef=Valencia; rta2d1422a234b61=Ascó; rtfc400462cbc492=Granada; rtb7ee4b315e86ec=Villarreal; rtdeeed5f1399acc=Real Oviedo; rtda151c67da8877=Castellón; rt94cabbf9a18c26=Reus Deportiu; rt7fe21ad9533d06=Osasuna; rt55bc517cd4c57b=Real Madrid; rt40451204d00d85=Real Valladolid; rt17762ae36c8631=Portugalete; rtd29a7a123d25a1=Athletic Club; rte2372c24afa334=Socuéllamos; rtfcc8faf583d5c5=Real Zaragoza; rtd94f73a3fd2cb2=Córdoba; rt054a57e1f77ea2=Huracán Valencia; rtf2d6a11b80a5cd=Celta de Vigo; rt1aeb4e4f512ce7=Elche; rt4286976e124141=Almería; rt88c2b3b8152940=Ponferradina; rtbb5c4037edb834=Málaga; rt4c439bf2dfca26=Rayo Majadahonda; rt687c137e154afd=Barcelona; rtddd2e265b3306c=Atlético de Madrid; rt81d3665e479bc8=Las Palmas; rtf307f7a400b070=Mensajero; rt8e2427c3725e46=Lugo; rt116863fc901bc1=Cultural Leonesa; rt4296b6f1f07b84=Pontevedra; rt99a3cce315ca38=Peña Sport; rt574c75a1d185a4=Compostela; rt9b8f33b5368564=Condal; rtffdd68ff035dbb=Numancia; rta3c647210089a9=Guijuelo; rt049c3ccb2373d8=Barakaldo; rt0b1c1f63f1659a=Hércules; rt5f54c3dcd982e4=Costa Brava; rtcd4698e91172ff=Rayo Vallecano; rt2575260a16acf5=Tudelano; rta0829ccb04de75=Alcoyano; rtd4768fe3431e81=Eibar; rtec6b5829356b14=Levante; rt54e7121959ab4c=Sevilla; rt7fa25a0b134eaa=Mallorca; rt038f78680c0da3=Leganés; rtd27b08a1f25ef3=Ebro; rtd8a2bb674109b9=Real Sociedad; rt51f22a81a326bc=Alavés; rtb2602eb76f3369=Real Betis; rt0db262cf684c3f=Arandina; rtcfe4d8be31bb90=Racing de Ferrol; rt36097b267d12af=Laredo; rt3c3752f33b71fe=Albacete; rtcb1c064a8f1b5a=Gimnàstic Tarragona; rtb6fab1fff50211=Huesca; rt53f9714f16eca0=Tenerife; rtc3ad467836c714=FC Jumilla; rtfa04581b0a2d9c=Alcorcón; rt9bf425bcd3dd32=Formentera; rtc706411f07b767=Lleida Esportiu; rt4f64fa03d15050=Sabadell; rtbc8001588a7ccb=Real Unión; rtf3292c71878d5c=Deportivo de La Coruña; rta9d8573ed08235=Talavera; rtadf8bce6b59d15=Mirandés; rtea78d4064eaad4=UD Logroñés; rt1543f0aa3ee401=Varea
Spain,Segunda División B Group 4,2018,Copa del Rey,Extremadura,rt3b3ba148e6596d=Getafe; rtf8d9e3adebdfa0=Sporting de Gijón; rtcac7c533504c13=Espanyol; rt388e3bc5a84036=Racing de Santander; rt81138faf473ccd=Girona; rte32af9ed82e3ef=Valencia; rtfc400462cbc492=Granada; rtb7ee4b315e86ec=Villarreal; rtdeeed5f1399acc=Real Oviedo; rt94cabbf9a18c26=Reus Deportiu; rt7fe21ad9533d06=Osasuna; rt55bc517cd4c57b=Real Madrid; rt52e9e5e99c62b9=Durango; rta0b330726a3636=Fuenlabrada; rt77244614ab53b3=Cacereño; rt40451204d00d85=Real Valladolid; rtfcc8faf583d5c5=Real Zaragoza; rtd29a7a123d25a1=Athletic Club; rtd94f73a3fd2cb2=Córdoba; rt49e8404bdc5987=Arcos; rtf2d6a11b80a5cd=Celta de Vigo; rt1aeb4e4f512ce7=Elche; rtb91fd78f735bc2=Leioa; rt4286976e124141=Almería; rt88c2b3b8152940=Ponferradina; rtbb5c4037edb834=Málaga; rt4c439bf2dfca26=Rayo Majadahonda; rt687c137e154afd=Barcelona; rtddd2e265b3306c=Atlético de Madrid; rt0783ac53e68852=Antequera; rt8e2427c3725e46=Lugo; rt783be3076764ec=Gimnástica Torrelavega; rt8d97f2d88aceaa=Atlético Baleares; rt116863fc901bc1=Cultural Leonesa; rt4296b6f1f07b84=Pontevedra; rt2ffdf1302379c8=Unión Adarve; rt99a3cce315ca38=Peña Sport; rtffdd68ff035dbb=Numancia; rt0b1c1f63f1659a=Hércules; rtcd4698e91172ff=Rayo Vallecano; rtfb54297e19327b=Rápido Bouzas; rta0829ccb04de75=Alcoyano; rtefc65b078a21aa=Lorca; rtd4768fe3431e81=Eibar; rtec6b5829356b14=Levante; rt7c8f97941c4c00=Olímpic Xàtiva; rt54e7121959ab4c=Sevilla; rt7fa25a0b134eaa=Mallorca; rt038f78680c0da3=Leganés; rtd8a2bb674109b9=Real Sociedad; rtf128bd13805d71=Badalona; rt51f22a81a326bc=Alavés; rtb2602eb76f3369=Real Betis; rt6ab81add12d957=Calahorra; rt0aac46eb45aa64=Real Avilés; rtcfe4d8be31bb90=Racing de Ferrol; rt5fc26c1df044f9=Tarazona; rt3c3752f33b71fe=Albacete; rtcb1c064a8f1b5a=Gimnàstic Tarragona; rtd318a997d2ece8=Gimnástica Segoviana; rt1fd1cb68b9004d=Olot; rt53f9714f16eca0=Tenerife; rtb6fab1fff50211=Huesca; rtfa04581b0a2d9c=Alcorcón; rt9bf425bcd3dd32=Formentera; rtc706411f07b767=Lleida Esportiu; rtbc8001588a7ccb=Real Unión; rtf3292c71878d5c=Deportivo de La Coruña; rta9d8573ed08235=Talavera; rtadf8bce6b59d15=Mirandés; rte0b9e3112660b2=Cádiz; rtea78d4064eaad4=UD Logroñés; rtd35ff266019a1f=Toledo
Spain,Segunda División B Group 5,2021,Copa del Rey,Castilla CF,rtd40021256a3659=Ibiza Islas Pitiusas; rt5e2184da74ac12=Ribadumia; rt3b3ba148e6596d=Getafe; rt6b97d2c17bf4f3=Guía; rtf8d9e3adebdfa0=Sporting de Gijón; rtd4cac3eff751fb=Marino; rtcac7c533504c13=Espanyol; rt388e3bc5a84036=Racing de Santander; rt81138faf473ccd=Girona; rte32af9ed82e3ef=Valencia; rtdc5d898a5eee80=CF Rusadir; rt20a9e4a19f1fb3=Ibiza; rtfc400462cbc492=Granada; rtb7ee4b315e86ec=Villarreal; rt96d32e38d129f4=Coruxo; rt15ecf7459bf941=Atlético Pulpileño; rtda151c67da8877=Castellón; rtdeeed5f1399acc=Real Oviedo; rt7fe21ad9533d06=Osasuna; rtf6cecfe9c51fbd=Sestao River; rt55bc517cd4c57b=Real Madrid; rt7c692174c7094a=L'Hospitalet; rta0b330726a3636=Fuenlabrada; rt870520f51a827b=Mutilvera; rt40451204d00d85=Real Valladolid; rtd1408a489086dc=El Ejido; rt17762ae36c8631=Portugalete; rtd29a7a123d25a1=Athletic Club; rt34af9f580a8e62=Racing Rioja; rtfcc8faf583d5c5=Real Zaragoza; rta484e9b1791099=AUGC Deportiva; rt37d264c2dead70=Yeclano; rt1aeb4e4f512ce7=Elche; rtd94f73a3fd2cb2=Córdoba; rtf2d6a11b80a5cd=Celta de Vigo; rt723c6f46b62147=Haro Deportivo; rt4286976e124141=Almería; rtb91fd78f735bc2=Leioa; rt1de5757e6daf5b=Buñol; rt88c2b3b8152940=Ponferradina; rt3b8e7b38d989d3=FC Andorra; rtbb5c4037edb834=Málaga; rtf8f4b17458321d=Anaitasuna; rt687c137e154afd=Barcelona; rtddd2e265b3306c=Atlético de Madrid; rt81d3665e479bc8=Las Palmas; rt8e2427c3725e46=Lugo; rt783be3076764ec=Gimnástica Torrelavega; rt5d372d8bb2a789=Ciudad de Lucena; rtd4432cc2c179c6=Burgos; rt116863fc901bc1=Cultural Leonesa; rt4296b6f1f07b84=Pontevedra; rt574c75a1d185a4=Compostela; rtbc6513afe2015c=Tomares; rtffdd68ff035dbb=Numancia; rtb2e1e6023bdeb6=Terrassa; rta3c647210089a9=Guijuelo; rt6237217d412b42=Cornellà; rtf038ceab385590=Ourense CF; rt5f54c3dcd982e4=Costa Brava; rt2af1bd0729ff2b=Linares Deportivo; rt683d32ed612154=Lorca Deportiva; rtf64883739d0d46=FC Cartagena; rt46208e6f38557c=Colegios Diocesanos; rtcd4698e91172ff=Rayo Vallecano; rta0829ccb04de75=Alcoyano; rtd4768fe3431e81=Eibar; rtec6b5829356b14=Levante; rtab001a2be63443=Épila; rt68a8ba60676aeb=Quintanar del Rey; rt5889a85a6e7723=Móstoles CF; rt54e7121959ab4c=Sevilla; rt7fa25a0b134eaa=Mallorca; rt53c82649df8c2d=Chinato; rt9ff2a2ffed9109=SD Logroñés; rt038f78680c0da3=Leganés; rtdddebaad5656b2=Amorebieta; rt8042ea1e68ca33=Cantolagua; rt94494b97a48403=Cardassar; rtfb88641a007342=Rincón; rt236bb80b576403=Marbella; rtd8a2bb674109b9=Real Sociedad; rtdda4d6c774c3bf=Linense; rt6d3a768c30e701=La Nucía; rt51f22a81a326bc=Alavés; rtb2602eb76f3369=Real Betis; rt6ab81add12d957=Calahorra; rt62b8098dc8199c=San Juan; rted97bc19465b11=Montañesa; rt36097b267d12af=Laredo; rt11ab2a08b27cad=Llanera; rt5fc26c1df044f9=Tarazona; rt3c3752f33b71fe=Albacete; rt1543f0aa3ee401=Varea; rtd318a997d2ece8=Gimnástica Segoviana; rta54e6e4e451ba4=UCAM Murcia; rta4757ba04b6e65=Zamora; rt1fd1cb68b9004d=Olot; rt53f9714f16eca0=Tenerife; rtb6fab1fff50211=Huesca; rt46c79c3a8858bb=Lealtad; rtcbd44432fb0467=San Fernando CDI; rtce398e044145bb=Real Titánico; rtfa04581b0a2d9c=Alcorcón; rtc706411f07b767=Lleida Esportiu; rt4832397c6c40a1=CD Coria; rt4f64fa03d15050=Sabadell; rt7feec523fcd313=Teruel; rtf3292c71878d5c=Deportivo de La Coruña; rt106ebcf6d36149=Marchamalo; rt2cbf9acdcd6bde=Miengo; rtadf8bce6b59d15=Mirandés; rt587a38616aa18e=Peña Deportiva; rte0b9e3112660b2=Cádiz; rtea78d4064eaad4=UD Logroñés; rt91ada74bd4302a=Racing Murcia
Switzerland,Nationalliga B,2002,Challenge League,FC Thoune,rt79ae730d9dfc58=Thun
Turkey,TFF First League,2007,1. Lig,Istanbul BB; Gençlerbirliği OFTAŞ,rt82763155131ee5=İstanbul Başakşehir; rt96abf90fcd2f85=Hacettepe
Turkey,TFF First League,2014,1. Lig,Istanbul BB,rt82763155131ee5=İstanbul Başakşehir; rt49c8d1378a5f55=Sincan Bld Ankaraspor
Turkey,Turkey Super League,2008,Süper Lig,Istanbul BB; Gençlerbirliği OFTAŞ,rt82763155131ee5=İstanbul Başakşehir; rt96abf90fcd2f85=Hacettepe
Turkey,Turkey Super League,2009,Süper Lig,Istanbul BB,rt82763155131ee5=İstanbul Başakşehir
Turkey,Turkish First Football League,1959,Süper Lig,Hacettepe SK; Adaletspor,rtc372d80e8d3ab9=Ankara Keçiörengücü; rted7155f91bc9fe=Alibeyköyspor
Turkey,Turkish First Football League,1960,Süper Lig,Adaletspor; Şeker Hilal; Hacettepe SK,rtc372d80e8d3ab9=Ankara Keçiörengücü; rt919efc4d78ef96=Turanspor; rted7155f91bc9fe=Alibeyköyspor
Turkey,Turkish First Football League,1961,Süper Lig,Şeker Hilal; PTT Ankara,rt919efc4d78ef96=Turanspor; rtd8eeb182fff153=Türk Telekom
Turkey,Turkish First Football League,1963,Süper Lig,Şeker Hilal; Hacettepe SK; PTT Ankara,rtc372d80e8d3ab9=Ankara Keçiörengücü; rt919efc4d78ef96=Turanspor; rtd8eeb182fff153=Türk Telekom
Turkey,Turkish First Football League,1964,Süper Lig,Hacettepe SK; PTT Ankara,rtc372d80e8d3ab9=Ankara Keçiörengücü; rtd8eeb182fff153=Türk Telekom
Turkey,Turkish First Football League,1965,Süper Lig,Hacettepe SK; Şeker Hilal; PTT Ankara,rtc372d80e8d3ab9=Ankara Keçiörengücü; rt919efc4d78ef96=Turanspor; rtd8eeb182fff153=Türk Telekom
Turkey,Turkish First Football League,1966,Süper Lig,Hacettepe SK; Şekerspor; PTT Ankara,rtc372d80e8d3ab9=Ankara Keçiörengücü; rt919efc4d78ef96=Turanspor; rtd8eeb182fff153=Türk Telekom
Turkey,Turkish First Football League,1967,Süper Lig,Hacettepe SK; PTT Ankara,rtc372d80e8d3ab9=Ankara Keçiörengücü; rtd8eeb182fff153=Türk Telekom
Turkey,Turkish First Football League,1968,Süper Lig,Hacettepe SK; Şekerspor; PTT Ankara,rtc372d80e8d3ab9=Ankara Keçiörengücü; rt919efc4d78ef96=Turanspor; rtd8eeb182fff153=Türk Telekom
Turkey,Turkish First Football League,1969,Süper Lig,Şekerspor; PTT Ankara,rt919efc4d78ef96=Turanspor; rtd8eeb182fff153=Türk Telekom
Turkey,Turkish First Football League,1973,Süper Lig,Şekerspor; PTT Ankara,rt919efc4d78ef96=Turanspor; rtd8eeb182fff153=Türk Telekom
Turkey,Turkish First Football League,1975,Süper Lig,Zonguldakspor,rt14e582a954db61=Fenerspor; rt1519466a420782=Kayseri Erciyesspor
Turkey,Turkish First Football League,1980,Süper Lig,Zonguldakspor,rt14e582a954db61=Fenerspor; rt1519466a420782=Kayseri Erciyesspor
Turkey,Turkish First Football League,1986,Süper Lig,Zonguldakspor,rt14e582a954db61=Fenerspor; rt1519466a420782=Kayseri Erciyesspor
Turkey,Turkish First Football League,1998,Süper Lig,Beypazarı Şekerspor,rt1519466a420782=Kayseri Erciyesspor; rt3ce31937e54090=Vanspor SK; rt919efc4d78ef96=Turanspor
Ukraine,Ukrainian First League,2005,Persha Liga,FC Shakhtar-2 Donetsk; FC Dynamo-2 Kyiv; Dynamo-IgroService Simferopol,rt05db1e58fc54fd=Ihroservice Simferopol; rt67ce0bdc269e81=Dynamo Kyiv II; rta36671bdd285c7=Dynamo Khmelnytskyi; rt6f99d907af3f2e=Shakhtar Donetsk II
Ukraine,Ukrainian First League,2006,Persha Liga,Helios Kharkov; FC Shakhtar-2 Donetsk; FC Dynamo-2 Kyiv; Dynamo-IgroService Simferopol,rt05db1e58fc54fd=Ihroservice Simferopol; rt619873b6476d48=Kobra; rt67ce0bdc269e81=Dynamo Kyiv II; rta36671bdd285c7=Dynamo Khmelnytskyi; rt6f99d907af3f2e=Shakhtar Donetsk II; rtfe02b0de18d87f=Obolon
Ukraine,Ukrainian First League,2007,Persha Liga,Helios Kharkiv; IgroService; Zakarpattia Uzhhorod,rt05db1e58fc54fd=Ihroservice Simferopol; rt619873b6476d48=Kobra; rt67ce0bdc269e81=Dynamo Kyiv II; rtb604c059506a1d=Hoverla; rtfe02b0de18d87f=Obolon
Ukraine,Ukrainian First League,2008,Persha Liga,Helios Kharkiv; Dniester Ovidiopol; FC Dynamo-2 Kyiv; IgroService; FC Illychivets,rt05db1e58fc54fd=Ihroservice Simferopol; rt619873b6476d48=Kobra; rt67ce0bdc269e81=Dynamo Kyiv II; rtd3919d22822bfa=Mariupol; rtfe02b0de18d87f=Obolon; rt0bdbe2aa4824e1=Odesa; rtb1be1d17e8a2c6=Prykarpattya Ivano-Frank
Ukraine,Ukrainian First League,2009,Persha Liga,FC Dynamo-2 Kyiv; IgroService; Dniester Ovidiopol; Helios Kharkiv; Zakarpattia Uzhhorod,rt05db1e58fc54fd=Ihroservice Simferopol; rt619873b6476d48=Kobra; rt67ce0bdc269e81=Dynamo Kyiv II; rtb604c059506a1d=Hoverla; rtfe02b0de18d87f=Obolon; rt0bdbe2aa4824e1=Odesa; rtb1be1d17e8a2c6=Prykarpattya Ivano-Frank
Ukraine,Ukrainian First League,2010,Persha Liga,FC Dynamo-2 Kyiv; Dniester Ovidiopol; Helios Kharkiv,rt619873b6476d48=Kobra; rt67ce0bdc269e81=Dynamo Kyiv II; rt655cfe249fe4c2=Nyva Ternopil; rt0bdbe2aa4824e1=Odesa; rtb1be1d17e8a2c6=Prykarpattya Ivano-Frank
Ukraine,Ukrainian First League,2011,Persha Liga,FC Dynamo-2 Kyiv; Dniester Ovidiopol; Helios Kharkiv; Zakarpattia Uzhhorod,rt619873b6476d48=Kobra; rt67ce0bdc269e81=Dynamo Kyiv II; rtb604c059506a1d=Hoverla; rt74cc1b8b11ceb2=Nyva Vinnytsya; rt0bdbe2aa4824e1=Odesa; rtb1be1d17e8a2c6=Prykarpattya Ivano-Frank
Ukraine,Ukrainian First League,2012,Persha Liga,FC Dynamo-2 Kyiv; Helios Kharkiv; Zakarpattia Uzhhorod,rt619873b6476d48=Kobra; rt67ce0bdc269e81=Dynamo Kyiv II; rtb604c059506a1d=Hoverla; rt74cc1b8b11ceb2=Nyva Vinnytsya; rt878d852949803e=Metalurh Zaporizhya
Ukraine,Ukrainian First League,2013,Persha Liga,FC Dynamo-2 Kyiv; Helios Kharkiv,rtfe02b0de18d87f=Obolon; rt619873b6476d48=Kobra; rt67ce0bdc269e81=Dynamo Kyiv II
Ukraine,Ukrainian First League,2014,Persha Liga,FC Dynamo-2 Kyiv; Helios Kharkiv,rt655cfe249fe4c2=Nyva Ternopil; rt619873b6476d48=Kobra; rt67ce0bdc269e81=Dynamo Kyiv II
Ukraine,Ukrainian First League,2015,Persha Liga,Hirnyk Kryvyj Rih; FC Dynamo-2 Kyiv; Helios Kharkiv,rt655cfe249fe4c2=Nyva Ternopil; rt619873b6476d48=Kobra; rt67ce0bdc269e81=Dynamo Kyiv II; rtb8f529a81c6206=Kryvbas KR
Ukraine,Ukrainian First League,2016,Persha Liga,Hirnyk Kryvyj Rih; FC Dynamo-2 Kyiv; Helios Kharkiv; FC Illychivets,rt453906e7c91eca=Cherkaskyi Dnipro; rt619873b6476d48=Kobra; rt67ce0bdc269e81=Dynamo Kyiv II; rtd3919d22822bfa=Mariupol; rt655cfe249fe4c2=Nyva Ternopil; rtb8f529a81c6206=Kryvbas KR
Ukraine,Ukrainian First League,2017,Persha Liga,Helios Kharkiv; FC Illychivets,rtd3919d22822bfa=Mariupol; rt453906e7c91eca=Cherkaskyi Dnipro; rt619873b6476d48=Kobra; rt422032a2bb6996=Veres
Ukraine,Ukrainian First League,2018,Persha Liga,Helios Kharkiv,rt453906e7c91eca=Cherkaskyi Dnipro; rt619873b6476d48=Kobra
Ukraine,Ukrainian Premier,2009,Premier League,FC Illychivets,rtd3919d22822bfa=Mariupol; rt878d852949803e=Metalurh Zaporizhya
Ukraine,Ukrainian Premier,2010,Premier League,FC Illychivets; Zakarpattia Uzhhorod; Kryvbas,rtb604c059506a1d=Hoverla; rtd3919d22822bfa=Mariupol; rt878d852949803e=Metalurh Zaporizhya; rtfe02b0de18d87f=Obolon
Ukraine,Ukrainian Premier,2011,Premier League,FC Illychivets,rtd3919d22822bfa=Mariupol; rt878d852949803e=Metalurh Zaporizhya; rtfe02b0de18d87f=Obolon
Ukraine,Ukrainian Premier,2012,Premier League,FC Illychivets,rtd3919d22822bfa=Mariupol; rtfe02b0de18d87f=Obolon
Ukraine,Ukrainian Premier,2013,Premier League,FC Illychivets,rtd3919d22822bfa=Mariupol; rt878d852949803e=Metalurh Zaporizhya
Ukraine,Ukrainian Premier,2014,Premier League,FC Illychivets,rtd3919d22822bfa=Mariupol; rt878d852949803e=Metalurh Zaporizhya
Ukraine,Ukrainian Premier,2015,Premier League,FC Illychivets,rtd3919d22822bfa=Mariupol; rt878d852949803e=Metalurh Zaporizhya
Ukraine,Ukrainian Supreme League,2004,Premier League,FC Illychivets,rtd3919d22822bfa=Mariupol; rt878d852949803e=Metalurh Zaporizhya; rtfe02b0de18d87f=Obolon
Ukraine,Ukrainian Supreme League,2005,Premier League,Zakarpattia Uzhhorod; FC Illychivets,rtb604c059506a1d=Hoverla; rtd3919d22822bfa=Mariupol; rt878d852949803e=Metalurh Zaporizhya; rtfe02b0de18d87f=Obolon
Ukraine,Ukrainian Supreme League,2006,Premier League,Zakarpattia Uzhhorod; FC Illychivets; Kryvbas,rtb604c059506a1d=Hoverla; rtd3919d22822bfa=Mariupol; rt878d852949803e=Metalurh Zaporizhya
Ukraine,Ukrainian Supreme League,2007,Premier League,FC Illychivets; Kryvbas,rtd3919d22822bfa=Mariupol; rt878d852949803e=Metalurh Zaporizhya
Ukraine,Ukrainian Supreme League,2008,Premier League,Zakarpattia Uzhhorod; Kryvbas,rtb604c059506a1d=Hoverla; rt878d852949803e=Metalurh Zaporizhya
United States,Major League Soccer,1996,MLS,NY/NJ MetroStars; Kansas City Wizards,rt7c2e6ba7b0994f=New York RB; rtdd80c6c74ee147=Sporting KC
United States,Major League Soccer,1997,MLS,NY/NJ MetroStars; Kansas City Wizards,rt7c2e6ba7b0994f=New York RB; rtdd80c6c74ee147=Sporting KC
United States,Major League Soccer,1998,MLS,MetroStars; Kansas City Wizards,rtdd80c6c74ee147=Sporting KC; rt7c2e6ba7b0994f=New York RB
United States,Major League Soccer,1999,MLS,MetroStars; Kansas City Wizards,rtdd80c6c74ee147=Sporting KC; rt7c2e6ba7b0994f=New York RB
United States,Major League Soccer,2000,MLS,MetroStars; Kansas City Wizards,rtdd80c6c74ee147=Sporting KC; rt7c2e6ba7b0994f=New York RB
United States,Major League Soccer,2001,MLS,MetroStars; Kansas City Wizards,rtdd80c6c74ee147=Sporting KC; rt7c2e6ba7b0994f=New York RB
United States,Major League Soccer,2002,MLS,MetroStars; Kansas City Wizards,rtdd80c6c74ee147=Sporting KC; rt7c2e6ba7b0994f=New York RB
United States,Major League Soccer,2003,MLS,MetroStars; Kansas City Wizards,rtdd80c6c74ee147=Sporting KC; rt7c2e6ba7b0994f=New York RB
United States,Major League Soccer,2004,MLS,MetroStars; Kansas City Wizards,rtdd80c6c74ee147=Sporting KC; rt7c2e6ba7b0994f=New York RB
United States,Major League Soccer,2005,MLS,MetroStars; Kansas City Wizards,rtdd80c6c74ee147=Sporting KC; rt7c2e6ba7b0994f=New York RB
United States,Major League Soccer,2007,MLS,Kansas City Wizards,rtdd80c6c74ee147=Sporting KC
United States,Major League Soccer,2008,MLS,Kansas City Wizards,rtdd80c6c74ee147=Sporting KC
United States,Major League Soccer,2009,MLS,Kansas City Wizards,rtdd80c6c74ee147=Sporting KC
United States,Major League Soccer,2010,MLS,Kansas City Wizards,rtdd80c6c74ee147=Sporting KC
Wales,League of Wales,1999,Premier League,Inter Cardiff; Total Network Solutions FC,rtecf835de858489=Cardiff MU; rta99d142b528319=Llansantffraid
Wales,League of Wales,2000,Premier League,Inter Cardiff; Newi Cefn Druids; Total Network Solutions FC,rta99d142b528319=Llansantffraid; rtecf835de858489=Cardiff MU; rta48075df124beb=Llanelli Town
Wales,League of Wales,2001,Premier League,Inter Cardiff; Total Network Solutions FC; Flexsys Cefn Druids,rtecf835de858489=Cardiff MU; rta99d142b528319=Llansantffraid; rta48075df124beb=Llanelli Town
Wales,League of Wales,2002,Premier League,Total Network Solutions FC; Flexsys Cefn Druids,rtec8038d88a2896=The New Saints; rta48075df124beb=Llanelli Town
Wales,Welsh Premier League,2003,Premier League,Total Network Solutions FC; Flexsys Cefn Druids,rtec8038d88a2896=The New Saints; rta48075df124beb=Llanelli Town
Wales,Welsh Premier League,2004,Premier League,Total Network Solutions FC,rtec8038d88a2896=The New Saints
Wales,Welsh Premier League,2005,Premier League,Total Network Solutions FC,rtec8038d88a2896=The New Saints; rta48075df124beb=Llanelli Town
Wales,Welsh Premier League,2006,Premier League,Total Network Solutions FC,rtec8038d88a2896=The New Saints; rta48075df124beb=Llanelli Town
