GERS ID,Country (ISO),Region (ISO 3166-2),Subtype,Admin Level,Class,Primary Name,Common Names (JSON),Is Land,Is Territorial,BBox xmin,BBox ymin,BBox xmax,BBox ymax,Division ID
7e670b70-a1b9-48c1-8a6c-212c0db40a42,BE,BE-WAL,locality,,land,Bohan,"[[""nl"", ""Bohan""], [""ru"", ""Боан""], [""wa"", ""Bôhan""]]",True,True,4.847534656524658,49.838592529296875,4.904228687286377,49.892669677734375,d1c8d1a5-1846-4c16-be80-08ecff8a86fc
2b01c7f0-ea09-4b84-8e3c-fcbcab2e3c88,BE,BE-WAL,locality,,land,Petite-Chapelle,"[[""pcd"", ""Petite-Capelle""], [""fr"", ""Petite-Chapelle""], [""nl"", ""Petite-Chapelle""], [""wa"", ""Pitite-Tchapele""]]",True,True,4.47799015045166,49.9461555480957,4.529115200042725,50.00601577758789,19a88e4a-e358-4ada-96c8-1d20ced4e600
0547291c-e39b-4d44-9087-0e52e4ed138c,BE,BE-WAL,locality,,land,Membre,"[[""nl"", ""Membre""], [""ru"", ""Мамбр""], [""wa"", ""Mambe""]]",True,True,4.88922643661499,49.85116958618164,4.917197227478027,49.88787841796875,ddd5e8f7-7197-4fee-8862-3678a6d4907f
0864b9c0-ce2a-47b8-9727-0d3703296591,BE,BE-WAL,locality,,land,Rièzes,"[[""pcd"", ""Rieze""], [""fr"", ""Rièzes""], [""ru"", ""Рьез""]]",True,True,4.304340839385986,49.94677734375,4.4177937507629395,49.9783935546875,991db20f-3485-44a4-8b20-d1bbc815c86a
c272db16-c5e8-45d6-b9f4-7d159a739360,BE,BE-WAL,locality,,land,Sart-Custinne,"[[""nl"", ""Sart-Custinne""], [""wa"", ""Li Sårt-Custene""]]",True,True,4.851027488708496,49.92770767211914,4.939099311828613,50.030616760253906,037a02b3-7371-43dd-a2dc-3a70d63c3fd1
5fbc81c4-55e4-43cc-af7e-4b6f8958748d,BE,BE-WAL,locality,,land,Willerzie,"[[""wa"", ""Vierzeye""]]",True,True,4.790162563323975,49.94939422607422,4.8668107986450195,50.01231384277344,0b9c3915-7074-4a4e-9224-17ed7e9e192d
d7fdd47f-b81d-44a9-90d1-731b4f667580,BE,BE-WAL,locality,,land,Forge-Philippe,"[[""ru"", ""Форж-Филип""]]",True,True,4.217977523803711,49.9575080871582,4.314552307128906,49.99575424194336,3b2e959b-8787-4c52-b499-901e3caa60a6
e50ba483-3cd0-4d13-82cc-7aa49aebb70d,BE,BE-WAL,locality,,land,Louette-Saint-Pierre,"[[""wa"", ""Li Ptite Louwate""]]",True,True,4.854015350341797,49.9237174987793,4.941020965576172,49.97919464111328,eac0f850-4715-4e24-a940-f95af3519364
5b252a9c-f664-4ac8-9856-0e38ca5a15e8,BE,BE-WAL,locality,,land,Cul-des-Sarts,"[[""nl"", ""Cul-des-Sarts""], [""ru"", ""Кюль-де-Сар""], [""wa"", ""Cou-des-Sårts""]]",True,True,4.4174323081970215,49.93721389770508,4.511618614196777,50.00592041015625,adc59217-f12b-45cf-8b4d-262f5530af88
830b2475-80dc-453d-b96b-2060c57c2eab,BE,BE-WAL,locality,,land,L' Escaillère,,True,True,4.375222206115723,49.941741943359375,4.446085453033447,49.985450744628906,8ed3deda-e780-47c5-924e-f9a0aebf7ef4
a6b0a021-8a1a-401e-a0ba-b66b4e3a81cb,BE,BE-WAL,locality,,land,Bourlers,"[[""pcd"", ""Bourlé""], [""fr"", ""Bourlers""]]",True,True,4.331464767456055,49.95994567871094,4.386089324951172,50.044490814208984,dc9367ce-a911-4525-8a8d-58a5b72f3379
2f5182a2-87b3-4389-9b0d-99e973e18ada,BE,BE-WAL,locality,,land,Bourseigne-Vieille,"[[""wa"", ""Li Ptite Boursegne""]]",True,True,4.857221603393555,49.951873779296875,4.918651103973389,50.036827087402344,0eead40a-be71-4d3a-a14b-6de16ffeaf2a
10c3896d-a285-4ef7-9742-0da0fa10a0b0,BE,BE-WAL,locality,,land,Bagimont,"[[""nl"", ""Bagimont""], [""ru"", ""Бажимон""], [""wa"", ""Badjimont""]]",True,True,4.8663506507873535,49.81745147705078,4.889655113220215,49.84473419189453,ad06f6e5-0a34-417b-9a99-28bfb764b107
79cfc22b-6d09-45dc-9548-a66dce5678ec,BE,BE-WAL,locality,,land,Brûly,"[[""ru"", ""Брюли""], [""wa"", ""Li Broûli""]]",True,True,4.511745452880859,49.95026397705078,4.597348690032959,50.00514602661133,55079258-fb31-45aa-8976-d0f3fc684a6e
2822994c-1f76-4f1c-ae1e-7c032b50bf46,BE,BE-WAL,locality,,land,Gedinne,"[[""fr"", ""Gedinne""], [""wa"", ""Djedene""]]",True,True,4.790162563323975,49.91689682006836,5.009427070617676,50.05165100097656,62cf657a-02ea-4228-88c2-d9374786aa3e
e5ac9198-f33a-4cb2-8fd5-4a1f8d296f42,BE,BE-WAL,locality,,land,Macquenoise,"[[""ru"", ""Макнуаз""]]",True,True,4.14054536819458,49.95459747314453,4.240423202514648,50.00112533569336,8f937147-51f8-48cd-870b-6f46ef5e9205
b94863b1-cbf1-4456-a4fd-1b97d1a60d09,BE,BE-WAL,locality,,land,Bourseigne-Neuve,"[[""wa"", ""Li Grande Boursegne""]]",True,True,4.816769599914551,49.95059585571289,4.891150951385498,50.04436492919922,679d1793-15ad-4e10-be69-a69e1011df54
3197d033-1dc6-4edb-9eaa-a952d10403a1,BE,BE-WAL,locality,,land,Rienne,"[[""wa"", ""Riene""]]",True,True,4.85684871673584,49.9582405090332,4.921067237854004,50.03109359741211,f970a4c9-bf30-46d2-8afb-7441f3865802
f7d4f5cb-a798-45ec-a62e-b7f6f0eb5a6d,BE,BE-WAL,locality,,land,Forges,"[[""pcd"", ""Foidjes""], [""fr"", ""Forges""]]",True,True,4.297822952270508,49.96913146972656,4.354734420776367,50.034706115722656,517cc209-9143-4d26-9db2-b27bbe347a68
2c09cd37-95ad-4015-8f62-8854c12d0351,BE,BE-WAL,locality,,land,Pussemange,"[[""nl"", ""Pussemange""], [""ru"", ""Пюсманж""], [""wa"", ""Pûsmadje""]]",True,True,4.851640224456787,49.78874588012695,4.892141342163086,49.81789016723633,432994fc-9a78-4054-8f3e-6579ef1ffe49
8b5f0623-f8e7-4d46-afc4-4895c0649be3,BE,BE-WAL,locality,,land,Nafraiture,"[[""nl"", ""Nafraiture""], [""ru"", ""Нафретюр""], [""wa"", ""Nafraiteure""]]",True,True,4.875699043273926,49.89405822753906,4.928182125091553,49.93092346191406,7052b6ef-b9b3-4da5-bfb2-1868bb8db2a9
56c6b021-cc7f-4b6b-b5f7-3f1955539d3a,BE,BE-WAL,locality,,land,Maubray,"[[""ru"", ""Мобре""]]",True,True,3.4598019123077393,50.527645111083984,3.528683662414551,50.56243896484375,6e25982b-d54d-4b8d-973f-90866291fc40
02663d97-776e-4bae-bfd0-e2ba0772d055,BE,BE-WAL,locality,,land,Bruyelle,"[[""pcd"", ""Briyèle""], [""fr"", ""Bruyelle""]]",True,True,3.4079222679138184,50.54766845703125,3.4421045780181885,50.570560455322266,ac90eba6-3813-447d-b136-a896783e2be4
138fb73b-1c8b-4b9c-8f9f-fac6de364a14,BE,BE-WAL,locality,,land,Ramegnies-Chin,,True,True,3.3191096782684326,50.62872314453125,3.3638217449188232,50.65943908691406,73af6aa1-780c-4d3d-882c-e645412b457b
a266bc93-6e2a-4566-b4ef-34bebf13351c,BE,BE-WAL,locality,,land,Antoing,"[[""pcd"", ""Antweon""], [""fr"", ""Antoing""], [""la"", ""Antonium""], [""bg"", ""Антоан""], [""ru"", ""Антуан""], [""ja"", ""アントアン""], [""zh"", ""昂图万""]]",True,True,3.4079222679138184,50.527645111083984,3.528683662414551,50.58761215209961,eece8ab2-52b3-4375-a4a2-e60bdf1c1af7
36bc5c5b-c1b3-470b-a1d8-46b9bd45ca25,BE,BE-WAL,locality,,land,Bléharies,"[[""ru"", ""Блеари""]]",True,True,3.399839401245117,50.498741149902344,3.4384450912475586,50.52109909057617,fc4f1f0d-91b3-42ad-a72e-3b645b7fe60a
ff6a0f0f-802d-4356-b648-b8d2c2878bfe,BE,BE-WAL,locality,,land,Warchin,,True,True,3.407918691635132,50.603267669677734,3.4562315940856934,50.61869812011719,3edbc246-86c2-482d-9d62-8742a5c9098f
f625b961-2f3b-4a9d-9f87-ecbdd9a478a0,BE,BE-WAL,locality,,land,Brasmenil,"[[""ru"", ""Брамениль""]]",True,True,3.5344324111938477,50.51545333862305,3.5745432376861572,50.54811477661133,6726b18f-1ac9-43c6-98d8-4e2e137dc2af
f7d91c40-d9cc-452a-916a-1573f8c2b6b4,BE,BE-WAL,locality,,land,Vaulx,,True,True,3.419114351272583,50.58073043823242,3.4627797603607178,50.6004638671875,7150db8c-aa49-4d6b-a82a-04e4447f1745
83afe42b-3f6a-4213-877b-78d5d7b7bdcb,BE,BE-WAL,microhood,,land,Place de Templeuve,,True,True,3.2827720642089844,50.6447868347168,3.2835609912872314,50.64525604248047,f77f3f45-546f-454b-a413-958d8bbbe15a
a63fef22-5105-44fe-836b-d43180d594bc,BE,BE-WAL,microhood,,land,Place Gabrielle petit,,True,True,3.396383285522461,50.60519027709961,3.3968756198883057,50.605377197265625,365380af-e766-4acc-a3bc-22ed68d6f9b6
b01058c6-0236-4417-8b08-f6d141dd9f5c,BE,BE-WAL,microhood,,land,Place du Préau,,True,True,3.4449238777160645,50.56715393066406,3.4455974102020264,50.567527770996094,23dd0040-1745-4996-bf83-00d8340b0dcc
2c4f9f2e-cf82-42d6-9326-b06fde847b3a,BE,BE-WAL,locality,,land,Brunehaut,"[[""pcd"", ""Brunéo""], [""fr"", ""Brunehaut""], [""wa"", ""Bruniau""]]",True,True,3.3212640285491943,50.4910888671875,3.4706075191497803,50.56745529174805,a0709ee6-d174-440c-9164-df27af5ac4d0
df60b9f6-ebd5-4ad6-b0a3-c65138fc24ef,BE,BE-WAL,locality,,land,Béclers,"[[""ru"", ""Беклер""]]",True,True,3.485783100128174,50.60068130493164,3.5653367042541504,50.64842987060547,c30827af-9016-453a-ab84-1cd1cce85393
4e6b3c50-b75a-4132-a057-c47646309fa9,BE,BE-WAL,locality,,land,Vezon,,True,True,3.482304811477661,50.55876159667969,3.5365591049194336,50.58916091918945,2e522568-b8e1-4a6b-952b-37697c23d1a8
eae2635a-89e9-44c7-a12a-7469c4a14fcb,BE,BE-WAL,locality,,land,Willemeau,,True,True,3.3352231979370117,50.562286376953125,3.3660941123962402,50.58869552612305,e2ee16c4-21fa-4b65-b9dd-7f7ae9e10420
39e64161-6708-4d05-b751-939e36f69fe6,BE,BE-WAL,locality,,land,Kain,"[[""ru"", ""Кен""]]",True,True,3.34653639793396,50.61814498901367,3.4199202060699463,50.657737731933594,77122b89-3315-4b3d-94eb-68b9162393ee
50b0eb14-8679-4030-813b-f7df0a829a6e,BE,BE-WAL,locality,,land,Popuelles,,True,True,3.4935860633850098,50.65196990966797,3.5333056449890137,50.67678451538086,81964c0f-6965-4c73-b124-7756da00674d
becd688d-412b-40c7-ae5c-d3c445fbba93,BE,BE-WAL,locality,,land,Templeuve,"[[""nl"", ""Tempeler""], [""gan"", ""唐普勒弗""], [""ru"", ""Тамплёв""]]",True,True,3.24402117729187,50.62496566772461,3.330756902694702,50.66855239868164,f5f13b0b-1d27-456e-8832-01e721060fd9
2c3aeb11-07f2-4665-91c5-1118f3aebf45,BE,BE-WAL,microhood,,land,Place de Lille,,True,True,3.3805465698242188,50.60652542114258,3.3821003437042236,50.60694885253906,59f0cf97-ebe4-45f6-8c53-b026dce935fc
73925198-de4d-4777-b4fd-a85b42ef0f82,BE,BE-WAL,locality,,land,Wez-Velvain,"[[""ru"", ""Вез-Вельвен""]]",True,True,3.358504295349121,50.52120590209961,3.399768829345703,50.5587272644043,155219a2-32ee-4c2c-b185-270eac786325
7055eeae-38a3-46e0-ad62-42e0b43fccb2,BE,BE-WAL,locality,,land,Callenelle,,True,True,3.499223232269287,50.523616790771484,3.5379257202148438,50.54309844970703,04211d48-7d91-4e37-8c6a-2318a839f609
4def1f48-7d4f-4545-a661-ab2caf3706d3,BE,BE-WAL,locality,,land,Fontenoy,,True,True,3.4640235900878906,50.55549621582031,3.4936766624450684,50.58002853393555,b7445352-c334-43d7-aa9f-97f46c5bac25
72101199-084b-40da-8c13-6d84116f6471,BE,BE-WAL,locality,,land,Maulde,"[[""ru"", ""Мольд""]]",True,True,3.5267176628112793,50.59168243408203,3.57688570022583,50.63251495361328,db00a5be-7336-4c6c-8200-97d2add3f722
2fb1b8bd-c0bd-4d23-80b0-b57f1e241c83,BE,BE-WAL,locality,,land,Néchin,"[[""ru"", ""Нешен""]]",True,True,3.240069627761841,50.65264129638672,3.3006298542022705,50.68208312988281,01ea7b92-1c5c-4788-b7c0-6ba9b156055e
7d15b117-68be-4e76-808a-5362f4b7934d,BE,BE-WAL,locality,,land,Melles,,True,True,3.456839084625244,50.63816833496094,3.4908599853515625,50.65721130371094,e18bd46e-adec-422c-99a2-a1b8111dfe9e
a97bd2cc-50ff-4b02-8ccd-53a1d208d23b,BE,BE-WAL,locality,,land,Ere,"[[""ru"", ""Эр""]]",True,True,3.354703426361084,50.55247116088867,3.400327682495117,50.5917854309082,5f0a7a33-f274-460d-95bd-d3156432629e
8ed87f50-fb9f-4ab3-944a-1c43510c2356,BE,BE-WAL,microhood,,land,Place de Warchin,,True,True,3.420090675354004,50.60837936401367,3.4210338592529297,50.608978271484375,bd4deb2c-ae39-44a9-9ee7-d3adc744df17
e58b3b74-f03b-42b8-98fe-50fd11cde5b4,BE,BE-WAL,locality,,land,Calonne,,True,True,3.4205799102783203,50.56610870361328,3.4423999786376953,50.58639144897461,5bd8b8de-1ed4-4a43-a571-261fcc44071e
0004f1a1-d556-4dd6-b930-5da7a276b576,BE,BE-WAL,locality,,land,Mourcourt,"[[""pcd"", ""Morcou""], [""fr"", ""Mourcourt""], [""ru"", ""Муркур""]]",True,True,3.412013053894043,50.62982940673828,3.476247787475586,50.67778778076172,a165e879-6cbd-43e9-a90f-5282ccfcb263
b6e7ffd6-8726-4222-a920-edbd3a07e65c,BE,BE-WAL,locality,,land,Rumes,"[[""pcd"", ""Reme""], [""la"", ""Ruma""]]",True,True,3.2782084941864014,50.51251220703125,3.364865303039551,50.57258987426758,1e56fd83-1b38-4a5a-8732-5791b3755e62
7ba033e5-98bb-4ebd-9cbf-d9f76433d7f3,BE,BE-WAL,locality,,land,Estaimbourg,"[[""fr"", ""Estaimbourg""], [""vls"", ""Stêenburg""], [""ru"", ""Эстембур""]]",True,True,3.2820470333099365,50.668880462646484,3.3218560218811035,50.693687438964844,c90deff6-7413-4519-a417-4150a07e76bf
f220631f-8f9d-4c9a-83fa-c72d26d6d015,BE,BE-WAL,locality,,land,Blandain,"[[""ru"", ""Бланден""]]",True,True,3.2552146911621094,50.60787582397461,3.3380134105682373,50.645965576171875,e22dc75b-a341-4c4f-b167-28d3b4ef7d43
6880fd1b-deaf-4078-8fcb-f3b6c527ef7c,BE,BE-WAL,locality,,land,Havinnes,,True,True,3.4482364654541016,50.6046028137207,3.497377634048462,50.64292526245117,da708804-24ad-4b36-8e5a-de6a33722009
9bf8703c-b558-4572-a1c1-d169f1e6f215,BE,BE-WAL,microhood,,land,Ancienne Place de la gare,,True,True,3.3222408294677734,50.648921966552734,3.3227293491363525,50.64936447143555,ac8c6758-45a1-48a5-a373-07fbc5e1d89e
9860db8e-5f97-4582-b784-b0f9d2c1f07c,BE,BE-WAL,microhood,,land,Place Walter Ravez,,True,True,3.3863894939422607,50.605098724365234,3.3865370750427246,50.605228424072266,cb0c7bc3-c4a0-46ad-916b-7877a1740d09
91679a61-7a64-4e6f-bd5a-74ea8675641e,BE,BE-WAL,locality,,land,Wasmes-Audemez-Briffoeil,,True,True,3.512329339981079,50.534053802490234,3.566118001937866,50.56867599487305,4aaeadaa-c07c-4ad2-a37a-0fc7be273c99
d9b53668-bd54-4e34-9ed6-abd3875e5398,BE,BE-WAL,locality,,land,Rumillies,"[[""ru"", ""Рюмийи""]]",True,True,3.411435127258301,50.61296081542969,3.4660441875457764,50.6436653137207,497f3e2c-1e45-454b-ae1f-96e1468324fd
039e93b4-a58f-4c64-8542-97a8a2bfeb5c,BE,BE-WAL,microhood,,land,Place de Willemeau,,True,True,3.3490257263183594,50.5732536315918,3.350548505783081,50.57419204711914,e88c40ce-cdde-4dd4-8081-df31afc530b6
72dfd0ac-8841-404b-8284-3f55e9f8b9e6,BE,BE-WAL,locality,,land,Baugnies,"[[""ru"", ""Боньи""]]",True,True,3.53056001663208,50.55421447753906,3.584193229675293,50.579952239990234,57270373-d50c-4941-b0fb-520bea79d254
8fae771f-b0c6-4478-bbc6-faf1e7825348,BE,BE-WAL,locality,,land,Orcq,,True,True,3.3318018913269043,50.58927536010742,3.3621387481689453,50.61478042602539,04695e28-ac27-433d-97a8-c8f10f6da9c5
25d1dc03-89d7-4958-a79b-319e1ddf32f5,BE,BE-WAL,locality,,land,Quartes,,True,True,3.4861559867858887,50.635929107666016,3.5335967540740967,50.660587310791016,2f348f7d-3d37-4b13-b441-6116e44f01a4
f7265ca5-bb56-4912-aa16-7a19b07f14b9,BE,BE-WAL,locality,,land,Velaines,"[[""ru"", ""Велен""]]",True,True,3.4449024200439453,50.653709411621094,3.5203967094421387,50.704925537109375,055ec4c0-f907-4c3d-b808-a51d52316c18
7e7ebe8c-91c6-4ef0-b51d-42ef62166106,BE,BE-WAL,locality,,land,Esquelmes,,True,True,3.335865020751953,50.65110397338867,3.3586995601654053,50.6796760559082,f2ad6a97-6e0a-4f97-8ea6-0e142c86ee38
59e99926-4040-43c9-9916-6ba8a524cdef,BE,BE-WAL,locality,,land,Lamain,,True,True,3.27374267578125,50.590171813964844,3.3088948726654053,50.608558654785156,65048dd4-3130-489f-a8ac-af5f61aec679
1f240270-2958-43c1-8fef-7c58dfd270fd,BE,BE-WAL,microhood,,land,Place d'Hertain,,True,True,3.2889037132263184,50.613494873046875,3.289661407470703,50.61376953125,e5c6f0a5-4876-4a49-a088-884be41ba6bc
3b0f03ef-1b3d-4da0-a0df-59e5e75a8102,BE,BE-WAL,locality,,land,Howardries,"[[""pcd"", ""A Wardie""], [""fr"", ""Howardries""]]",True,True,3.3212640285491943,50.50452423095703,3.3824081420898438,50.52992248535156,392f172e-f46e-41af-872d-119250225cf1
97aeaf34-2a71-4752-b261-23ba2a1af5d3,BE,BE-WAL,locality,,land,Forest,,True,True,3.52018666267395,50.64617156982422,3.5661675930023193,50.68062973022461,a00fead0-b8ee-4966-b994-748f860a03ae
d7dbcd48-d205-4c8e-8ef9-23d921b2de64,BE,BE-WAL,microhood,,land,Place Saint-Pierre,,True,True,3.3909971714019775,50.60638427734375,3.3916006088256836,50.60681915283203,44dbf20a-9316-4762-83fe-a44240f4cb6a
07d30872-b3ec-4673-948e-0cb4f09dc882,BE,BE-WAL,locality,,land,Hollain,"[[""pcd"", ""Ôlin""], [""fr"", ""Hollain""], [""ru"", ""Оллен""]]",True,True,3.398223876953125,50.52033233642578,3.4403228759765625,50.56435775756836,7d22a0d9-3781-49be-918a-5f0827f5bd60
dbe94b53-e6c2-4dba-bdee-830390b67af8,BE,BE-WAL,locality,,land,Barry,,True,True,3.508185386657715,50.57565689086914,3.5566248893737793,50.59918975830078,d7d9ca56-3caf-4ec7-bd6b-dc38ebda5eeb
a306bafd-7ce8-411c-9bf6-18e42829a971,BE,BE-WAL,locality,,land,Lesdain,"[[""pcd"", ""Lédin""], [""fr"", ""Lesdain""], [""nl"", ""Leusden""], [""vls"", ""Leusd'n""]]",True,True,3.3742377758026123,50.51337432861328,3.4015791416168213,50.527462005615234,f851dc6c-e878-404f-ac35-ec68e76555e6
9bfdbfc6-09b7-4c90-98db-aae920753664,BE,BE-WAL,locality,,land,Mont-Saint-Aubert,,True,True,3.392258405685425,50.637779235839844,3.4355878829956055,50.688785552978516,cce3a313-ca6a-4b4b-b56e-71cdd3393e5a
6760d39f-dc6c-419e-9fd8-b757a9dde43c,BE,BE-WAL,locality,,land,Froyennes,"[[""pcd"", ""Froyène""], [""vls"", ""Froaiem""], [""fr"", ""Froyennes""], [""nl"", ""Fraaihem""], [""ru"", ""Фруайен""]]",True,True,3.321302652359009,50.613834381103516,3.375790596008301,50.63802719116211,c54a283c-85c8-4631-9e54-1c081350220d
65b2ff9f-6557-4550-8d3d-ea88a605de91,BE,BE-WAL,locality,,land,Wiers,"[[""ru"", ""Вьер""]]",True,True,3.4962518215179443,50.48671340942383,3.573169708251953,50.53006362915039,bc3a4a42-09c4-49d9-8086-e5a2fc9d3cfc
4215f305-3eeb-4b5c-9ae0-3a0bcf83e37f,BE,BE-WAL,locality,,land,Tournai,"[[""pcd"", ""Tornai""], [""vls"", ""Dôornik""], [""ar"", ""طرناي""], [""fr"", ""Tournai""], [""uk"", ""Турне""], [""la"", ""Turnacum""], [""nl"", ""Doornik""], [""zh-Hans"", ""图尔奈""], [""ko"", ""투르네""], [""ur"", ""تورنے""], [""ru"", ""Турне""], [""ml"", ""ടുർനേ""], [""zh-Hant"", ""圖爾奈""], [""wa"", ""Tornè""]]",True,True,3.24402117729187,50.55247116088867,3.57688570022583,50.688785552978516,ccd9d910-efa7-4307-849c-593157877ae3
082ea627-98c2-44b5-b53a-b50ea3e344d5,BE,BE-WAL,locality,,land,Gaurain-Ramecroix,"[[""ru"", ""Горен-Рамекруа""]]",True,True,3.4396464824676514,50.57496643066406,3.5275070667266846,50.60930252075195,b61c55ca-4db8-42ce-9b02-ecba578eee8e
31860fdc-a5bb-40cf-abf1-5985df709ec0,BE,BE-WAL,localadmin,,land,Tournai-Mouscron,"[[""fr"", ""Tournai-Mouscron""], [""nl"", ""Doornik-Moeskroen""], [""ko"", ""투르네무스크롱""], [""ru"", ""Турне-Мускрон""]]",True,True,2.842034339904785,50.48671340942383,3.713763475418091,50.8108024597168,5592e528-bdc1-492d-abb2-b25af673fc2f
d8bf082f-dce4-4f18-a524-73c9106a2ede,BE,BE-WAL,locality,,land,Obigies,"[[""ru"", ""Обижи""]]",True,True,3.344189405441284,50.64739990234375,3.3992440700531006,50.677734375,bd611e7f-084a-4040-92b3-d0f8c4d1d2bc
35aa531a-108f-4336-b1ab-3c38c8a2cb59,BE,BE-WAL,locality,,land,Froidmont,"[[""ru"", ""Фруамон""]]",True,True,3.312710762023926,50.56310272216797,3.3506641387939453,50.593955993652344,dd24b8bd-b44e-4965-8bb0-16a2fa28142c
4474a744-deb1-4bcd-ba50-726542f30e19,BE,BE-WAL,locality,,land,Saint-Maur,,True,True,3.3871123790740967,50.56304931640625,3.4236693382263184,50.59197998046875,452ef1ff-63d2-486d-bd2a-c68faea8e209
564c3469-9920-4e1d-bff5-a1eeb2dc2fa6,BE,BE-WAL,locality,,land,Chercq,"[[""ru"", ""Шерк""]]",True,True,3.396834135055542,50.57695770263672,3.431225299835205,50.59685516357422,e947f255-57e5-41ab-aa93-323d22b29ca3
e94d12f2-e59f-4aa2-8a5b-b8d0a5c37ddd,BE,BE-WAL,locality,,land,Guignies,,True,True,3.3452250957489014,50.518733978271484,3.375471591949463,50.55557632446289,63132f85-27cf-409b-a534-2bb819056e1d
169f2f9c-d3c6-4d9a-adf3-61c2163cd0a3,BE,BE-WAL,locality,,land,Thimougies,,True,True,3.502091646194458,50.62892150878906,3.5440356731414795,50.65603256225586,d631824f-d8b1-4979-a9ab-a5512d3e4532
e24ee3a4-af3a-4ed9-8454-25d140759126,BE,BE-WAL,locality,,land,Jollain-Merlin,,True,True,3.377929210662842,50.524314880371094,3.4141252040863037,50.56745529174805,9fef5edb-28ff-4471-9073-2e0602b42e81
cd84e05c-d61c-4148-98f5-2736ec59b779,BE,BE-WAL,locality,,land,Hertain,,True,True,3.2710306644439697,50.60393524169922,3.3090579509735107,50.620357513427734,e57cb925-193d-4017-9e79-af3393049f43
2d2cff97-b8fe-44c8-bf68-49098f2c83fc,BE,BE-WAL,locality,,land,Esplechin,,True,True,3.2756545543670654,50.554813385009766,3.320549726486206,50.59400177001953,23645731-49e4-4029-9777-fefa9bfbbbab
4b286dfa-76ee-41be-b785-99d570109dbd,BE,BE-WAL,locality,,land,Taintignies,"[[""ru"", ""Тентиньи""]]",True,True,3.3172953128814697,50.52119445800781,3.364865303039551,50.566741943359375,0cb67b01-90f9-47d8-9e29-406ab298ae39
dd14b748-0a1b-46e8-9ddb-2b587cc7f8a6,BE,BE-WAL,locality,,land,Laplaigne,"[[""pcd"", ""El Plainne""], [""fr"", ""Laplaigne""]]",True,True,3.4219980239868164,50.50597381591797,3.4706075191497803,50.54005813598633,4f68549e-7255-429a-8981-16dea115bf0d
ce73e48d-1409-4ebd-831a-14a86c8827a4,BE,BE-WAL,locality,,land,Péronnes-Lez-Antoing,,True,True,3.430906057357788,50.53089141845703,3.4766600131988525,50.56383514404297,806e4052-4087-43a7-a146-7740deabedab
221c9285-c572-45b5-b38f-16f6cce3bed1,BE,BE-WAL,microhood,,land,Place Hergé,,True,True,3.3818600177764893,50.60923385620117,3.3822057247161865,50.60951614379883,a6440a83-bc0a-4f67-b549-0cfbc9ebd490
3356cfbf-e6b4-4ad6-99dd-08c1d7edbe6a,BE,BE-WAL,locality,,land,Bailleul,,True,True,3.294895648956299,50.65605163574219,3.339890480041504,50.67763900756836,61f0ea88-7a92-4800-aff0-e42c931bafd7
f04ff148-fbd6-418a-b8cb-b8fe69bc343f,BE,BE-WAL,locality,,land,Rongy,,True,True,3.358363389968872,50.4910888671875,3.410949230194092,50.52205276489258,8ddc1d6b-04f0-4aaf-8d66-4c94187a31d8
689a788f-5bb8-4e66-a1f9-aa6abd8b9bce,BE,BE-WAL,locality,,land,Marquain,"[[""ru"", ""Маркен""]]",True,True,3.303546190261841,50.59098434448242,3.3417460918426514,50.617652893066406,5fc7ffef-ad10-4b06-8614-63d6573f9b09
0d5235ad-74d6-43b1-831c-e5b15361e11f,BE,BE-WAL,microhood,,land,Place Roger de la Pasture,,True,True,3.383220672607422,50.606201171875,3.3836236000061035,50.60649871826172,a02531b8-e7ce-4aa2-8592-d056ff26c293
b1509f38-56b2-4ae6-90a5-6da8f267f9f5,BE,BE-WAL,locality,,land,La Glanerie,"[[""ru"", ""Ла-Гланри""]]",True,True,3.281330108642578,50.51251220703125,3.3290951251983643,50.54206466674805,1777a37e-787e-4ef5-8b70-f2d3d724346a
b476619e-1cc3-4294-b6bb-3fff4bb405d4,BE,BE-WAL,locality,,land,Profondeville,"[[""fr"", ""Profondeville""], [""ru"", ""Профондвиль""], [""wa"", ""Parfondveye""]]",True,True,4.740967750549316,50.342796325683594,4.919190883636475,50.41090774536133,ea1226b6-9dea-4d39-8bb7-2136de9d7402
f2ff6949-aa13-4294-8b11-510aca9292df,BE,BE-WAL,locality,,land,Gages,"[[""fr"", ""Gages""], [""ru"", ""Гаж""], [""wa"", ""Gådje""]]",True,True,3.8722078800201416,50.592041015625,3.9117543697357178,50.623043060302734,ed214695-025c-4301-8dc7-a858aba7ea79
c7dd6445-8887-41cd-9fd2-6dbbef2c9e08,BE,BE-WAL,locality,,land,Hantes-Wihéries,,True,True,4.152940273284912,50.284446716308594,4.206624507904053,50.3118782043457,098beb42-b7e0-40f1-9e4f-56c8fd09dd0e
d2d0924f-8401-473c-979c-bdc827d59091,BE,BE-WAL,locality,,land,Daussois,"[[""nl"", ""Daussois""], [""ru"", ""Досуа""], [""wa"", ""Dåsseu""]]",True,True,4.426858425140381,50.19757843017578,4.488526344299316,50.229793548583984,83c93cb5-f4c2-40c2-888f-6c134e9669ff
6e98255a-5668-454a-a698-aac25d26d620,BE,BE-WAL,microhood,,land,Place du Mouquet,,True,True,4.398736953735352,50.438377380371094,4.399580001831055,50.438663482666016,2c274d72-125c-4deb-8427-d1f316c87976
573fd224-14bf-4c92-8e9f-0ae3ae74d440,BE,BE-WAL,locality,,land,Thy-le-Bauduin,"[[""nl"", ""Thy-le-Bauduin""], [""wa"", ""Tî-l'-Bôdwin""]]",True,True,4.5045857429504395,50.283050537109375,4.5468339920043945,50.30479431152344,58f0a479-e094-4657-afcc-29bfb1fa455e
176080f9-772c-47c9-88f9-dafcd9d4c626,BE,BE-WAL,locality,,land,Furnaux,"[[""nl"", ""Furnaux""], [""wa"", ""Furnå""]]",True,True,4.674317836761475,50.29912567138672,4.7285895347595215,50.31785583496094,da03702b-fb1d-4e82-a062-ddc52e89e3d9
5b6ff85d-c6c8-4874-abd3-0c52bc81c2ca,BE,BE-WAL,locality,,land,Dhuy,"[[""fr"", ""Dhuy""], [""nl"", ""Dhuy""], [""wa"", ""Du""]]",True,True,4.832741737365723,50.5308952331543,4.901966571807861,50.57422637939453,65740f01-9d7c-4f09-b518-b70f068f9b98
27019652-fd3c-42de-baf8-20198f6d01b7,BE,BE-WAL,locality,,land,Heer,"[[""ru"", ""Эр""], [""wa"", ""Ér""]]",True,True,4.823456287384033,50.152183532714844,4.871983051300049,50.18350601196289,9b0a0379-6246-4f35-beb9-55489d0b73ed
dcd512c0-4b12-4598-872f-d29d196f341b,BE,BE-WAL,locality,,land,Buissenal,,True,True,3.638733386993408,50.654170989990234,3.679811477661133,50.704315185546875,eae24c7a-63e4-445b-b810-bba0ba8cfb3c
4a0d42a8-2f03-49fb-b301-75b717bed5e1,BE,BE-WAL,locality,,land,Frasnes-lez-Anvaing,"[[""pcd"", ""Fraine-dilé-Anvegn""], [""fr"", ""Frasnes-lez-Anvaing""]]",True,True,3.487025499343872,50.62590408325195,3.7314019203186035,50.73473358154297,956535a0-a0eb-478e-a65e-98075b9d2f88
f4b0662e-7d13-4b7a-9500-6841dda43ee5,BE,BE-WAL,microhood,,land,Place du Chapitre,,True,True,4.315999984741211,50.04938888549805,4.316491603851318,50.04969787597656,54dbc415-5c87-49d9-9d22-9a5e77acc09c
fa7dfa62-4e7a-4f37-8d6b-8973c023d77c,BE,BE-WAL,locality,,land,Treignes,"[[""fr"", ""Treignes""], [""nl"", ""Treignes""], [""ru"", ""Трень""], [""wa"", ""Tregne""]]",True,True,4.638397693634033,50.0401725769043,4.700040340423584,50.11392593383789,0d3d9891-5c37-47ae-a527-909123b2e735
67c22c8b-5ef4-4d33-9ec1-7c9c2bf68769,BE,BE-WAL,locality,,land,Bray,"[[""ru"", ""Бре""]]",True,True,4.055850982666016,50.42134475708008,4.133407115936279,50.442413330078125,c2846809-13ba-459b-bebe-f5433085d5bc
1ccf496d-f145-4ce2-8b71-ac2d2e047c44,BE,BE-WAL,locality,,land,Trazegnies,"[[""ru"", ""Тразеньи""]]",True,True,4.293408393859863,50.44684982299805,4.358684062957764,50.479793548583984,e73e0751-5b5a-46ea-86c5-be79949c02fb
13eb3980-f6f7-4741-908e-56f89a568daf,BE,BE-WAL,locality,,land,Mont-Sainte-Aldegonde,,True,True,4.213579177856445,50.42192840576172,4.258235931396484,50.443058013916016,210cf955-7fae-4eea-9045-b0f7a21b50dd
a8276c94-d884-4f49-b69e-d65bcd1bc135,BE,BE-WAL,locality,,land,Leval-Chaudeville,"[[""pcd"", ""Elval-Tchôdveye""], [""fr"", ""Leval-Chaudeville""], [""wa"", ""Al Vå-Tchôdveye""]]",True,True,4.205626964569092,50.219242095947266,4.23758602142334,50.24787139892578,4b8149a8-2f5a-44ee-b5c1-61b49bfdfe34
bb47f5fd-5858-45c5-9d64-dd941751ddd0,BE,BE-WAL,locality,,land,Gourdinne,"[[""nl"", ""Gourdinne""], [""wa"", ""Gourdene""]]",True,True,4.435391902923584,50.28045654296875,4.47110652923584,50.3088264465332,af6e462c-73bf-4714-bf2f-43c3983fc8d1
1c52dffe-daf4-4d0e-bca8-506ace4df5b9,BE,BE-WAL,locality,,land,Malèves-Sainte-Marie-Wastines,,True,True,4.742489337921143,50.64390182495117,4.8165283203125,50.67982864379883,97a819c9-cc2b-40a6-9eb9-3c705f76b2f0
1d3e4635-ed14-4bf8-9815-1265aad0da4b,BE,BE-WAL,locality,,land,Favauge,,True,True,4.68528413772583,50.3458366394043,4.696107864379883,50.351768493652344,adddc3b0-045e-4993-af65-79fb52dc8ac2
336fc7da-1b2d-4115-995e-2884c0c8d1aa,BE,BE-WAL,neighborhood,,land,Résidence Notre-Dame,,True,True,4.370081901550293,50.680519104003906,4.371522903442383,50.68148422241211,f00cbcc5-3233-4980-a97f-1ab9bed702db
befd3ab5-5516-402a-a751-522378f622ca,BE,BE-WAL,locality,,land,Quenast,"[[""nl"", ""Kenast""], [""wa"", ""Kinåsse""], [""fr"", ""Quenast""]]",True,True,4.140459060668945,50.65110397338867,4.180991172790527,50.67918395996094,f69f08e3-8202-469e-8884-d4384052f074
c8eab71f-d9de-475a-bdf0-ba21263a3dda,BE,BE-WAL,locality,,land,Anderlues,"[[""pcd"", ""Anderluwe""], [""fr"", ""Anderlues""], [""ru"", ""Андерлю""]]",True,True,4.2278151512146,50.37983703613281,4.293981552124023,50.42805480957031,a085779d-7afe-4664-80b6-a0c64ae99df8
4ceea30a-bb7d-4adb-8a2f-d516f7a45c99,BE,BE-WAL,locality,,land,Gentinnes,"[[""ru"", ""Жантин""]]",True,True,4.573297023773193,50.56081008911133,4.613267421722412,50.59864044189453,6b64d998-ecaa-43d5-bd03-74b0eaf95dd7
a8039b8d-b89d-4ec8-9588-1b2b7bde8cf8,BE,BE-WAL,locality,,land,Sombreffe,"[[""nl"", ""Sombreffe""], [""ru"", ""Сомбреф""], [""wa"", ""Sombrefe""]]",True,True,4.557378768920898,50.484214782714844,4.644939422607422,50.56957244873047,b8879bb0-9235-41c7-b73b-5631dabbc363
476a860a-4c2e-4349-8dde-cdcd8c67a106,BE,BE-WAL,locality,,land,Grandglise,"[[""la"", ""Grandi-Ecclesia""]]",True,True,3.682755708694458,50.480918884277344,3.718898057937622,50.514617919921875,c929c059-639e-4940-87dd-4f2791d0c10c
0989cf7e-ab3d-40b7-9b2c-b2d557ad6034,BE,BE-WAL,locality,,land,Clos du Ri Aronelle,,True,True,4.449018955230713,50.6162223815918,4.4538469314575195,50.619197845458984,4c1b15a5-3047-4d04-88f2-2fa6e1c12b7a
0329651c-887c-467d-a6a0-bebf3827b7b4,BE,BE-WAL,microhood,,land,Place de Waressaix,,True,True,4.085335731506348,50.38569259643555,4.086181640625,50.386348724365234,7f051ee9-5b26-4506-88d1-fd73eae4066b
2a9a5749-f105-4525-a241-da6293986c19,BE,BE-WAL,locality,,land,Hastière-par-delà,"[[""wa"", ""Astire""]]",True,True,4.81926155090332,50.19280242919922,4.853194713592529,50.21662521362305,5174494c-37d4-4117-af61-7d812ab68ed0
cc13e975-6c39-4698-b0fb-80a8c6bd86e8,BE,BE-WAL,locality,,land,Roucourt,"[[""la"", ""Raulicuria""]]",True,True,3.5549256801605225,50.515865325927734,3.6153972148895264,50.540767669677734,28fe6b92-a144-40c9-8380-396bd43a544a
2bef18c0-4924-4d73-9764-ca530c17d3ca,BE,BE-WAL,locality,,land,Montigny-le-Tilleul,"[[""pcd"", ""Montgneye-Tiyoû""], [""fr"", ""Montigny-le-Tilleul""], [""ru"", ""Монтиньи-ле-Тийёль""]]",True,True,4.334965229034424,50.35508728027344,4.417381286621094,50.40447235107422,b3543240-0026-4bd8-8e20-04f8df248ee7
3018c118-278b-4f98-9275-ab1447579def,BE,BE-WAL,locality,,land,Courcelles,"[[""pcd"", ""Courcele""], [""fr"", ""Courcelles""], [""ru"", ""Курсель""], [""la"", ""Curticellae""]]",True,True,4.286956310272217,50.42742156982422,4.405195713043213,50.523826599121094,2c996077-5b51-4452-9cd2-f743839dd2f0
d39bf297-635f-4f6b-b9fc-8b2f7f3fc38f,BE,BE-WAL,locality,,land,Ham-sur-Sambre,"[[""fr"", ""Ham-sur-Sambre""], [""nl"", ""Ham-sur-Sambre""], [""wa"", ""Han-so-Sambe""]]",True,True,4.6584248542785645,50.42093276977539,4.693624019622803,50.46174240112305,211c4586-3377-49af-a57d-eb4ebe27a868
341f5055-dc53-4fba-a112-3d88e9b4cf38,BE,BE-WAL,locality,,land,Irchonwelz,"[[""pcd"", ""El Chonwé""], [""fr"", ""Irchonwelz""], [""wa"", ""El Chonwé""]]",True,True,3.738280773162842,50.60664367675781,3.7700867652893066,50.63671875,d225e49f-ae98-4f0d-b45d-3072cde8db8e
dcb252ea-f64a-4c4a-a318-64dc8117fb55,BE,BE-WAL,locality,,land,Lustin,"[[""ru"", ""Люстен""]]",True,True,4.867335319519043,50.360233306884766,4.919190883636475,50.39707565307617,f82b80ff-1fe7-4686-b73f-b1c7d140beb7
68bf39b5-679a-4860-b202-240d2c59f04a,BE,BE-WAL,locality,,land,Frameries,"[[""pcd"", ""Framrie""], [""fr"", ""Frameries""], [""ru"", ""Фрамери""], [""wa"", ""Framriye""]]",True,True,3.8380026817321777,50.34219741821289,3.949180841445923,50.42430877685547,220f3bba-70ad-4070-85ff-e3db33b85971
3d1d71c2-943b-4768-a008-c1895efe6a89,BE,BE-WAL,locality,,land,Meslin-l'Évêque,"[[""pcd"", ""M’lin-lèvèque""], [""fr"", ""Meslin-l'Évêque""], [""ru"", ""Мелен-л'Эвек""]]",True,True,3.8129372596740723,50.625980377197266,3.8691489696502686,50.67366409301758,f09740e6-03f8-42b5-990e-ae290ffa0316
6f628da2-904d-4400-a72e-f21bcfe2cffb,BE,BE-WAL,microhood,,land,Place du Treizième de Ligne,,True,True,4.856175899505615,50.4721565246582,4.856571197509766,50.47242736816406,7587e110-42a7-4d61-9b79-c9ebc648be1d
413409d1-cefd-4204-87f1-2877281af024,BE,BE-WAL,locality,,land,Jumet,"[[""pcd"", ""Djumet""], [""fr"", ""Jumet""]]",True,True,4.398478984832764,50.42716979980469,4.487635612487793,50.46147537231445,86ff3646-623a-4095-a0ea-36fcf5e6521f
6d9d351c-d6f3-4178-bbb7-972fa00a1fd7,BE,BE-WAL,microhood,,land,Place de l'Ecole du Génie,,True,True,4.871084690093994,50.441776275634766,4.871615886688232,50.44229507446289,b74e1080-845e-4f5a-a8ca-f2220a518008
7f09464a-0d67-425f-9ba3-4f02edf48a6d,BE,BE-WAL,locality,,land,Isières,"[[""pcd"", ""Isière""], [""fr"", ""Isières""], [""ru"", ""Изьер""], [""la"", ""Iserna""]]",True,True,3.7930707931518555,50.65018081665039,3.8432235717773438,50.683807373046875,675aa729-e151-4335-87af-1f16392f9da7
c3d9ed95-b554-4e71-82c5-8bb8de32b887,BE,BE-WAL,locality,,land,Australis Cape,"[[""en"", ""Southern Cape""], [""fr"", ""Cap austral""]]",True,True,3.8875930309295654,50.583683013916016,3.8905797004699707,50.58467102050781,154c7dc3-b329-4e1a-8cca-2a146bc306c1
22a34d0d-099a-4acb-b2f0-1ae85d9ec197,BE,BE-WAL,locality,,land,Belœil,"[[""pcd"", ""Beuleul""], [""fr"", ""Belœil""], [""ru"", ""Белёй""]]",True,True,3.608520984649658,50.480918884277344,3.7606048583984375,50.581729888916016,1b4ef0d7-ffd2-4897-80ba-0b6b5c475ece
6ab56d6b-36f2-4668-95c0-05313c39920f,BE,BE-WAL,locality,,land,Monceau-Imbrechies,,True,True,4.205420970916748,50.01395034790039,4.2407307624816895,50.04716873168945,4e6c0ec0-035b-4394-90ff-a1918af66cd2
104630c2-fba7-4d2f-be75-8aa6a3105d32,BE,BE-WAL,locality,,land,Fraire,"[[""nl"", ""Fraire""], [""ru"", ""Фрер""], [""wa"", ""Fraire""]]",True,True,4.470075607299805,50.24554443359375,4.533499717712402,50.27092361450195,9584735b-e865-4e2e-afd7-b0c972226d88
6dc1cbfc-50b1-406b-9333-851a7af216be,BE,BE-WAL,locality,,land,Montignies-sur-Roc,,True,True,3.718832492828369,50.35474395751953,3.7721474170684814,50.377925872802734,f09cc5bc-6d73-4d77-8aa1-08dfb81e6c81
1cbf5b27-a130-4526-acd5-35411fccb807,BE,BE-WAL,locality,,land,Vellereille-le-Sec,,True,True,4.0393781661987305,50.39170455932617,4.0697526931762695,50.42607498168945,5550a644-a47d-48c5-ac04-71a70f5a7592
fa6d7710-1037-4288-a7f9-7297014f0ec3,BE,BE-WAL,locality,,land,Maffle,"[[""pcd"", ""Mafe""], [""fr"", ""Maffle""]]",True,True,3.7869019508361816,50.60340118408203,3.820540428161621,50.63130187988281,38da43b7-3f2c-4373-afa7-95c69f59103c
3d9af16f-76f2-432f-84cb-b4c54dc77db4,BE,BE-WAL,locality,,land,Godinne,"[[""wa"", ""Gôdenne""]]",True,True,4.853744983673096,50.33771896362305,4.891266345977783,50.361541748046875,2a3f6c24-199d-4fdc-9cfa-a4dfb0f780bd
da7b92e9-6260-42d9-8622-0d743a1c8596,BE,BE-WAL,locality,,land,La Louvière,"[[""pcd"", ""El Lovire""], [""fr"", ""La Louvière""], [""la"", ""Luparia""], [""ko"", ""라루비에르""], [""ru"", ""Ла-Лувьер""], [""wa"", ""El Lovire""]]",True,True,4.069940567016602,50.43328857421875,4.229974269866943,50.524959564208984,e8434948-72ea-4ca8-bdf7-a5d9327c5ed5
30b52570-4af1-484d-80be-ca72272c8047,BE,BE-WAL,locality,,land,Bougnies,,True,True,3.9197096824645996,50.37905502319336,3.962482452392578,50.39981460571289,1f072534-5e62-47be-8e44-c1647ff88612
ed448dfa-4193-4b73-a222-71f87e910a74,BE,BE-WAL,locality,,land,Falmagne,,True,True,4.871926784515381,50.18023681640625,4.937260627746582,50.21690368652344,e1c1d197-532b-4042-b487-eff2f18336cc
ec5c9b58-a0f8-40e5-b4fd-ed9b9b8fcc67,BE,BE-WAL,locality,,land,Moulbaix,"[[""pcd"", ""Moulbé""], [""fr"", ""Moulbaix""]]",True,True,3.6899657249450684,50.58949279785156,3.7317116260528564,50.61560821533203,30c985c9-1325-44df-bc24-348bd7541381
71abc847-b0fe-4889-a3ee-821d656c40cd,BE,BE-WAL,locality,,land,Fayt-le-Franc,,True,True,3.7406256198883057,50.347896575927734,3.7834885120391846,50.362674713134766,1d49c6cb-f1ac-426e-95d4-dae72f860b72
efd4a370-676d-433f-853d-7ba11bea345a,BE,BE-WAL,locality,,land,Épinois,,True,True,4.18110466003418,50.393333435058594,4.234466552734375,50.41270065307617,9bba9005-cf2e-4e4b-a9cd-aae12afab684
f40c2335-acfc-4313-a1fa-e4e87bd53c5d,BE,BE-WAL,locality,,land,Aiseau-Presles,"[[""pcd"", ""Ajhô-Préle""], [""fr"", ""Aiseau-Presles""], [""ru"", ""Эзо-Прель""]]",True,True,4.530743598937988,50.36660385131836,4.6172685623168945,50.43870162963867,66af0f40-677f-40b3-a3c2-45a34a90e8e5
c4a54f29-2888-4187-accd-73d98033d7fa,BE,BE-WAL,locality,,land,Spy,"[[""fr"", ""Spy""], [""wa"", ""Spî""], [""nl"", ""Spy""], [""ru"", ""Спи""]]",True,True,4.667033672332764,50.4613151550293,4.732991695404053,50.5052375793457,3d277547-8a2c-492f-bcea-e80c6116747e
47d3c9a0-5824-46b1-ba48-ef33449726b1,BE,BE-WAL,locality,,land,Péruwelz,"[[""pcd"", ""Piérwé""], [""fr"", ""Péruwelz""], [""la"", ""Petrosa""], [""ru"", ""Перювельз""]]",True,True,3.4962518215179443,50.48671340942383,3.6292691230773926,50.579952239990234,9504330d-c044-4f4f-becb-f1f710bede50
c78e99db-ceb2-47ea-97a6-46dc750f60f6,BE,BE-WAL,locality,,land,Hourdenge,,True,True,4.254177570343018,50.634521484375,4.258303165435791,50.638858795166016,db282e8d-6475-4d2a-8c70-2583d56b987c
c5b432bc-cf3c-4a0b-887f-526367f2f20e,BE,BE-WAL,locality,,land,Court-Saint-Étienne,,True,True,4.5121917724609375,50.59599304199219,4.612548828125,50.65818786621094,bdfca9ed-f5d1-4658-83dc-ecbaa80bdd0f
94852dd0-2595-4800-902e-5fcafffe581c,BE,BE-WAL,locality,,land,Chapelle-lez-Herlaimont,"[[""pcd"", ""El Tchapele""], [""fr"", ""Chapelle-lez-Herlaimont""], [""ru"", ""Шапель-лез-Эрлемон""]]",True,True,4.261988162994385,50.424564361572266,4.32680082321167,50.50704574584961,29359f11-1f9d-4ae6-962c-6295ffb700e1
b8dcb321-49c6-4304-ad87-d8ac2107bab2,BE,BE-WAL,locality,,land,Ormeignies,"[[""pcd"", ""Ormeignie""], [""fr"", ""Ormeignies""], [""ru"", ""Орменьи""]]",True,True,3.694714069366455,50.562477111816406,3.760622501373291,50.61088562011719,0b96470a-535f-4efd-aaa7-d18857193be1
8b7f7053-20b9-43bb-8b21-c13f73456665,BE,BE-WAL,locality,,land,Gondregnies,"[[""fr"", ""Gondregnies""], [""wa"", ""Gondergnî""]]",True,True,3.8948731422424316,50.60841751098633,3.934262752532959,50.63673400878906,a7b9739e-1867-4edc-86ea-dc80b200b0f9
0bbee346-6206-42ce-8123-9060af1c449d,BE,BE-WAL,locality,,land,Erquelinnes,"[[""pcd"", ""Erkelene""], [""fr"", ""Erquelinnes""], [""ru"", ""Эркелин""]]",True,True,4.042766094207764,50.25642395019531,4.219992160797119,50.349693298339844,e69a06d7-5588-4ced-9e17-6385902b95ee
7122832e-1110-4a77-9371-468cea3b7332,BE,BE-WAL,locality,,land,Vergnies,,True,True,4.288505554199219,50.17056655883789,4.355693340301514,50.208152770996094,aa2099fa-2e04-4af3-b88b-1d853b65b383
b9a4b670-45b5-4c21-beee-d85f38b46ae5,BE,BE-WAL,locality,,land,Wauthier-Braine,"[[""fr"", ""Wauthier-Braine""], [""nl"", ""Woutersbrakel""], [""wa"", ""Wåtî-Brinne""]]",True,True,4.288815975189209,50.66084289550781,4.333606243133545,50.70024871826172,4218a234-889e-46c6-b247-830ecf61d322
8846a8ca-de35-4821-99c8-0589aa05be5e,BE,BE-WAL,locality,,land,Croix-lez-Rouveroy,,True,True,4.065670013427734,50.33184814453125,4.106826305389404,50.37060546875,e2ca0476-5a52-4056-adaa-2080b8dc0fcb
4890aeaa-d289-4b5c-a1eb-8f97943ec106,BE,BE-WAL,locality,,land,Le Sart,,True,True,4.235867500305176,50.655296325683594,4.241823673248291,50.65859603881836,f28d3461-ba12-4c4d-b820-0783f41baf6f
737d3af3-9f5e-4709-b6e3-15076ab448d3,BE,BE-WAL,locality,,land,Sart-Eustache,"[[""nl"", ""Sart-Eustache""], [""wa"", ""Sårt-a-Statche""]]",True,True,4.584429740905762,50.35834884643555,4.628385543823242,50.38288879394531,a5155d46-a9cc-46f5-a912-109b5a07e675
88adabf5-dc70-4666-8866-099b76a08016,BE,BE-WAL,locality,,land,Braine-le-Comte,"[[""pcd"", ""Brinne-in-Hénau""], [""lb"", ""Braine-le-Comte""], [""fr"", ""Braine-le-Comte""], [""li"", ""'s-Gravebrakel""], [""la"", ""Brenna Comitis""], [""nl"", ""'s-Gravenbrakel""], [""bg"", ""Брен льо Конт""], [""de"", ""Braine-le-Comte""], [""ru"", ""Брен-ле-Конт""], [""zea"", ""'s-Graevenbraokel""], [""en"", ""Braine-le-Comte""], [""wa"", ""Brinne-e-Hinnot""], [""lt"", ""Bren le Komtas""], [""fa"", ""برن‌لوکمت""], [""zh"", ""布赖讷勒孔特""]]",True,True,4.026551723480225,50.56454086303711,4.253652572631836,50.66904830932617,c3092c8d-f02a-4544-b20d-77f78d23b18b
63a21e62-d23e-48cf-b99b-e2ec90fdeb4a,BE,BE-WAL,locality,,land,Anhée,"[[""fr"", ""Anhée""], [""wa"", ""Anhêye""], [""ru"", ""Ане""]]",True,True,4.726418972015381,50.28009796142578,4.896865367889404,50.36175537109375,bb23defa-605e-4454-835c-c531e895d857
13ae42b5-9f48-43f2-bbe4-b75b1e0ad08b,BE,BE-WAL,locality,,land,Rouge Bouton,,True,True,4.199789524078369,50.64826965332031,4.206175804138184,50.65354919433594,55193da7-d856-4f31-8a80-9c4edd9af35b
22739db3-0922-4468-96ed-1e62617d3941,BE,BE-WAL,locality,,land,Lombise,,True,True,3.903700113296509,50.586910247802734,3.9621880054473877,50.61722183227539,2c579dc8-5e02-497a-adcb-10f93a36cea9
688fbac4-9681-4fcc-9eb1-5e1016e81a4a,BE,BE-WAL,locality,,land,Corenne,"[[""nl"", ""Corenne""], [""wa"", ""Côrinne""]]",True,True,4.646729469299316,50.238685607910156,4.700054168701172,50.27216339111328,ae22a882-b0c0-4341-a306-9c46fa7a5d98
aa929fcb-87d9-4ee7-8087-2b54cde32c9c,BE,BE-WAL,locality,,land,Hameau Saint-Pierre,,True,True,4.310109615325928,50.61692810058594,4.3143181800842285,50.61939239501953,ebc3d589-3b38-428c-8358-5bd71ee0310b
b6a8c8fe-d6d8-4b69-a49b-47164126ae03,BE,BE-WAL,locality,,land,Naast,"[[""ru"", ""Наст""], [""wa"", ""Nåsse""], [""la"", ""Nasta""]]",True,True,4.068245887756348,50.529842376708984,4.130692481994629,50.56916046142578,2a1a37a5-14ce-4678-aa2e-b1c2bf142f6f
a009f1c8-36a8-4e4e-aa87-976238c19474,BE,BE-WAL,microhood,,land,Place du Bourdon,,True,True,4.443110942840576,50.41092300415039,4.443526744842529,50.41126251220703,4b6b5a48-79a9-4422-8d42-ce4995e4dd43
cacce2ba-fd8b-4105-9fe5-bdacc0aa53d4,BE,BE-WAL,locality,,land,Villers-Notre-Dame,"[[""pcd"", ""Vilèr-Note-Danme""], [""fr"", ""Villers-Notre-Dame""]]",True,True,3.7130322456359863,50.606224060058594,3.7430238723754883,50.62186050415039,304267a7-d492-43d6-821c-5b806d4f719e
f4a7f1df-4651-4cf9-813c-0f631eb75ab0,BE,BE-WAL,locality,,land,Dave,"[[""ru"", ""Дав""], [""wa"", ""Dåve""]]",True,True,4.864808559417725,50.38727569580078,4.925044536590576,50.43354415893555,abb3ec6d-8021-4a27-bd9d-9638a66525fa
252b318a-9349-4999-987c-be2bb1f5901b,BE,BE-WAL,locality,,land,Bailièvre,"[[""pcd"", ""Bailieve""], [""fr"", ""Bailièvre""]]",True,True,4.200993537902832,50.059844970703125,4.2591776847839355,50.10200500488281,1fe7d10a-cb88-4a10-883b-ba35bbe1eab1
d6d7f23d-c264-4c9c-8fb8-44696e6e5aed,BE,BE-WAL,locality,,land,Fayt-lez-Manage,,True,True,4.213992595672607,50.47698211669922,4.244476795196533,50.496437072753906,c8427fdb-2aaa-47e6-9a6e-23bb690ac8c0
c47154da-024a-4154-abce-69a94c563f05,BE,BE-WAL,locality,,land,Audregnies,,True,True,3.7046775817871094,50.369869232177734,3.744058132171631,50.39762496948242,1e197569-8ba0-4858-8613-454166acf0f1
cff6a189-dc7e-417a-958f-fe6e63bf9c40,BE,BE-WAL,locality,,land,Oisquercq,"[[""pcd"", ""Oskeurk""], [""fr"", ""Oisquercq""], [""nl"", ""Oostkerk""], [""de"", ""Ostkirche""], [""ru"", ""Уакерк""], [""nds-nl"", ""Oostkarke""], [""en"", ""Oisquercq""], [""wa"", ""Oskerk""]]",True,True,4.198477268218994,50.65212631225586,4.236825466156006,50.67534637451172,9180c530-b95d-4868-8aa9-d8e8e707ef5a
4e4ee440-bf8f-456c-9d37-f69ed4c7c7e2,BE,BE-WAL,locality,,land,Auvelais,"[[""nl"", ""Auvelais""], [""ru"", ""Овле""], [""wa"", ""Åvlè""]]",True,True,4.610394477844238,50.429725646972656,4.662196159362793,50.46314239501953,c7ad59a8-8b4e-44c4-9634-c2e185ef17b1
f612fc33-0683-4c67-99eb-37f35bf5f2fe,BE,BE-WAL,locality,,land,Arbre,"[[""wa"", ""Åbe-dilé-Fosse""]]",True,True,4.756126403808594,50.342796325683594,4.847531795501709,50.380191802978516,d67fe020-c716-471e-ae8a-ca37011371d7
6849577e-6fd6-48fb-a484-d5ec9bd1e3af,BE,BE-WAL,macrohood,,land,Les Colir,,True,True,4.259350299835205,50.674461364746094,4.271481513977051,50.680931091308594,ae1e5f34-45ce-40ff-a5f6-4a25f664591e
3396f584-9c18-46df-8a43-939cc356c6fd,BE,BE-WAL,locality,,land,Flavion,"[[""nl"", ""Flavion""], [""wa"", ""Flavion""]]",True,True,4.692298412322998,50.2360725402832,4.765692710876465,50.278194427490234,e432677b-c679-459c-87e9-2b8a86c529fd
7a50e677-4c68-490a-94bd-82facb49c063,BE,BE-WAL,locality,,land,Presles,"[[""pcd"", ""Préle""]]",True,True,4.556930065155029,50.36660385131836,4.606226444244385,50.40562057495117,65d01c05-3b3d-4cea-bd71-e6e4c02f8f2f
a91edabc-c8a1-409b-aef8-aeb115d53105,BE,BE-WAL,locality,,land,Dailly,"[[""nl"", ""Dailly""], [""wa"", ""Dayi""]]",True,True,4.3905029296875,50.04526138305664,4.464257717132568,50.089073181152344,f0eff198-c5d9-4cf1-839c-f06841385e28
0a9035a6-3f06-4d42-bce4-fdc2aba9ded8,BE,BE-WAL,locality,,land,Floreffe,"[[""nl"", ""Floreffe""], [""ru"", ""Флореф""], [""wa"", ""Florefe""]]",True,True,4.6951823234558105,50.39287567138672,4.829611778259277,50.471920013427734,fb2cf557-b0b2-41fc-81d4-384600b728b6
8e24d863-d002-435b-acea-1439a295a001,BE,BE-WAL,locality,,land,Saint-Denis,,True,True,3.9959568977355957,50.477115631103516,4.046032428741455,50.50859069824219,f0b5466a-d5b3-4110-a871-2d35ec1bc6e2
ef60cce3-9f71-41b7-a0a2-601e8d577ffd,BE,BE-WAL,locality,,land,Les Bruyères,,True,True,4.2262725830078125,50.66046905517578,4.237868785858154,50.671268463134766,ecb31734-5d71-43b1-afff-7c206c78b4cb
49d3da24-ac17-4dfb-9ac1-c237ce9d9c8f,BE,BE-WAL,locality,,land,Monceau-sur-Sambre,"[[""pcd"", ""Moncé-su-Sambe""], [""fr"", ""Monceau-sur-Sambre""]]",True,True,4.353240013122559,50.39021301269531,4.396130561828613,50.43632125854492,3fcfa73c-c127-402a-95a2-9249a0d110c1
ef09a953-79f5-4e3b-88c4-cbf370a56967,BE,BE-WAL,microhood,,land,Esplanade de la Confluence,,True,True,4.868361473083496,50.460906982421875,4.8700127601623535,50.46159744262695,5cdf73ba-2d0e-4a31-8b88-bdb67df127b2
2ddf5cdc-0549-48f1-8f2a-fde5144040bd,BE,BE-WAL,locality,,land,Ragnies,,True,True,4.226750373840332,50.2918586730957,4.314834117889404,50.34263610839844,ce7a2c51-bd5c-44c4-be6f-ddbfc5f95428
4aed48e8-d902-42e7-9ee2-5612cdd6c846,BE,BE-WAL,microhood,,land,Rue de la Place,,True,True,4.606861591339111,50.50204849243164,4.6076884269714355,50.50265121459961,a0837dec-a442-495d-8984-a4ff3055634a
1e89e7bb-45e9-4b15-8beb-4e825bc61667,BE,BE-WAL,locality,,land,Saint-Amand,,True,True,4.486523151397705,50.49266052246094,4.56615686416626,50.52970504760742,47863fa7-7df4-4af1-b06c-a93d66aa5e9a
4f02fdb8-229a-4962-9d5c-2ba8531d0c36,BE,BE-WAL,locality,,land,Baisy-Thy,,True,True,4.4308671951293945,50.554046630859375,4.531375408172607,50.65422439575195,453b8f0c-f733-4dc5-b925-9afc485655e6
edfcbee6-7773-4eaf-b8a2-c9f999804659,BE,BE-WAL,locality,,land,Soignies,"[[""pcd"", ""Sougniye""], [""lb"", ""Soignies""], [""fr"", ""Soignies""], [""li"", ""Zinnik""], [""la"", ""Sunniacum""], [""nl"", ""Zinnik""], [""ko"", ""수아니""], [""ru"", ""Суаньи""], [""en"", ""Soignies""], [""wa"", ""Sougniye""]]",True,True,3.952251672744751,50.50045394897461,4.130692481994629,50.63374710083008,960fcc71-09bc-467d-a812-870f79854796
a59a59af-ec36-44db-a209-d6f8572cfd35,BE,BE-WAL,localadmin,,land,Philippeville,"[[""pcd"", ""Flipeville""], [""fr"", ""Philippeville""], [""ru"", ""Филиппвиль""], [""wa"", ""Flipveye""]]",True,True,4.285750865936279,49.93721389770508,4.799454689025879,50.32896423339844,01cd8d52-46cd-4b4a-b5ed-fd6179d20a21
3cf4f66c-4418-45ec-b069-ee74a520cd62,BE,BE-WAL,locality,,land,Colfontaine,"[[""pcd"", ""Colfontinne""], [""fr"", ""Colfontaine""], [""ru"", ""Кольфонтен""]]",True,True,3.8140556812286377,50.37920379638672,3.871873378753662,50.434654235839844,7e8182cc-6ee7-4b40-917e-c2a182d6ebf0
12398756-eccd-413e-b909-dac0cdbf4a4b,BE,BE-WAL,locality,,land,Rhisnes,,True,True,4.789366245269775,50.48090362548828,4.824865818023682,50.49734115600586,d97c09b9-5fa0-4f5f-b145-0fec57ce1077
f064e700-160b-46b8-9734-0adeee060411,BE,BE-WAL,microhood,,land,Place Chantraine,,True,True,4.47893762588501,50.41899108886719,4.479442596435547,50.419639587402344,a0469e9d-028c-4583-9985-a6e0f5499998
128f3193-2352-483b-9b03-628279e4983e,BE,BE-WAL,locality,,land,Thirimont,"[[""pcd"", ""Tirimont""], [""fr"", ""Thirimont""]]",True,True,4.204184055328369,50.24048614501953,4.27281379699707,50.282867431640625,48023660-8ea6-4093-8aea-28ef2b528161
5ddc13c9-9cbd-45fa-981c-24e243a20d24,BE,BE-WAL,locality,,land,Nimy,,True,True,3.934995174407959,50.46836853027344,3.973761558532715,50.49271774291992,ce5e545b-517e-4414-b520-a685d7cd0ed2
aaf14094-f997-4d24-92c5-d42d055c47ad,BE,BE-WAL,locality,,land,Autreppe,,True,True,3.721919298171997,50.34144592285156,3.746907949447632,50.3548698425293,6970bd02-43c8-4cd3-8ccb-0aadf7ad586f
3a301525-0935-424c-9902-57d4786ce429,BE,BE-WAL,locality,,land,Sart-en-Fagne,"[[""nl"", ""Sart-en-Fagne""], [""wa"", ""Li Sårt-e-Fagne""]]",True,True,4.603764533996582,50.15083312988281,4.648426055908203,50.17165756225586,b5068b53-2a19-4915-9dfa-555b2bf40f25
b83fe543-06c2-4e04-af69-d9f819e31f75,BE,BE-WAL,microhood,,land,Place Kegeljan,,True,True,4.867505073547363,50.46070861816406,4.868191242218018,50.461124420166016,5aaf5295-0094-422f-8df8-55f2b1ae2a67
a0be3466-eaaf-42e5-9170-b04cbf2078a4,BE,BE-WAL,locality,,land,Rèves,,True,True,4.372966766357422,50.523193359375,4.427307605743408,50.564666748046875,2b7659a5-5e91-49a6-99cf-7205c9b49cab
63305cbf-450f-4dfc-a438-56b080b0d3c0,BE,BE-WAL,locality,,land,Robechies,"[[""pcd"", ""Robchiye""], [""fr"", ""Robechies""]]",True,True,4.257445812225342,50.062339782714844,4.290995121002197,50.101158142089844,e78aeb3e-689a-4647-8afe-e121119cac10
fc71aec5-9624-4dc5-9a4f-b6bac3715a6c,BE,BE-WAL,locality,,land,Les Culots,,True,True,4.33140754699707,50.65208053588867,4.341018199920654,50.65871810913086,85a01a16-8056-46a8-9b99-262d7d8195b9
91c896f9-5505-4c02-bb8d-dd45c9fa573a,BE,BE-WAL,locality,,land,Villers-Saint-Ghislain,"[[""pcd"", ""Vilèr-Saint-Guilagne""], [""fr"", ""Villers-Saint-Ghislain""]]",True,True,4.0285820960998535,50.41777801513672,4.061043739318848,50.4393196105957,3ef26927-49eb-4867-886a-3adac99cefef
cd799410-b86e-42ef-94fb-28e3925261fb,BE,BE-WAL,locality,,land,Trivières,"[[""ru"", ""Тривьер""]]",True,True,4.112740993499756,50.43328857421875,4.16018009185791,50.47328186035156,72acefe1-c270-4522-a498-854863f46848
1140ae2b-5de8-4da4-96fe-83a7a7a7e9f4,BE,BE-WAL,neighborhood,,land,Mont Cheval,,True,True,4.309132099151611,50.58222579956055,4.321656703948975,50.59339904785156,3ad68fd6-67c7-4cae-9c1d-cb531670eceb
1ea20537-b183-4542-b300-a78072ba7133,BE,BE-WAL,locality,,land,Genly,,True,True,3.892409086227417,50.37187576293945,3.9372098445892334,50.401798248291016,76473c5c-90b7-4ee8-b719-37511aca2408
4b9ad9d2-d7a2-4068-b0e1-8732a6c548bc,BE,BE-WAL,locality,,land,Saint-Vaast,,True,True,4.15376091003418,50.44059371948242,4.184612274169922,50.470069885253906,3fd04b6f-feab-4d44-9966-c5960cb3bab6
1c9d1c42-44b1-466b-b123-1b15c4be4680,BE,BE-WAL,locality,,land,Saint-Servais,"[[""fr"", ""Saint-Servais""], [""wa"", ""Sint-Serwai""]]",True,True,4.817621231079102,50.47054672241211,4.8642802238464355,50.49267578125,8c23cc20-dedc-4460-bb80-0362a88305ee
22003a5a-cd78-4b8a-83f4-1b2ec2cfc2fe,BE,BE-WAL,microhood,,land,Place des Fours-Bouteilles,,True,True,4.182994842529297,50.477577209472656,4.1842041015625,50.47827911376953,4678b105-d763-4137-8843-6d7910500569
3dfbb12f-fe6d-48df-923c-b507d3c4475a,BE,BE-WAL,locality,,land,Brûly-de-Pesche,,True,True,4.432247638702393,49.992000579833984,4.49222469329834,50.026824951171875,775c2afd-7b9c-4b18-99b7-8da380f66503
4e123007-16f8-4dee-9977-bbac961d21f8,BE,BE-WAL,locality,,land,Thoricourt,"[[""wa"", ""Toricoû""], [""ru"", ""Торикур""]]",True,True,3.9349586963653564,50.59016799926758,3.9832091331481934,50.631988525390625,43eb7c07-52cc-4ed8-b99d-4ef0921878b4
4e4877dc-c656-47fd-a413-dee883bbb517,BE,BE-WAL,locality,,land,Samart,"[[""nl"", ""Samart""], [""wa"", ""Samår""]]",True,True,4.527689456939697,50.15046691894531,4.55954122543335,50.18077087402344,0d8586dd-a9a4-47d7-abe4-936cec4d6dfe
cd482979-3791-45b2-8918-bfa265b9bdc9,BE,BE-WAL,microhood,,land,Place des Bas-Courtils,,True,True,3.8313562870025635,50.440773010253906,3.8324620723724365,50.44144058227539,393af287-aaa0-4325-a76e-ccf354828119
1e395227-af86-4494-a6e1-48f1e2b535c4,BE,BE-WAL,locality,,land,Marbaix,,True,True,4.346374988555908,50.307411193847656,4.409531116485596,50.35986328125,3489e262-e2f4-4b2e-9094-6937d6f656a7
be78f66a-723b-4c59-86f5-bb0a1fe7bba8,BE,BE-WAL,microhood,,land,"Place de la gare, Place de Bousval",,True,True,4.510051727294922,50.61601257324219,4.511428356170654,50.61681365966797,53324370-ed1e-4d18-9ddc-97c4b233f5eb
0658cc11-782e-4fc3-aa63-b743bd4da6d8,BE,BE-WAL,locality,,land,Warquignies,,True,True,3.819169521331787,50.39622497558594,3.8322243690490723,50.40422821044922,6e9b241e-ea11-46b1-aa4f-f2812d2af3fd
c95b2e36-89ed-4bd0-8478-7bd9f4f0eb98,BE,BE-WAL,locality,,land,Nil-Saint-Vincent-Saint-Martin,"[[""wa"", ""Nil-Saint-Vincent-Saint-Martin""]]",True,True,4.627003192901611,50.61844253540039,4.708249568939209,50.662376403808594,8a4c9198-9253-4816-9528-f8da9587143f
94f3aa88-23d4-42e3-a9f7-86e08365acc0,BE,BE-WAL,locality,,land,Felenne,"[[""ru"", ""Фелен""], [""wa"", ""Felene""]]",True,True,4.819087982177734,50.03528594970703,4.888339519500732,50.10126876831055,b6e9e0ef-76ec-4cb1-9acb-2647447517af
b70f384d-977c-4126-8631-2672d70b12bd,BE,BE-WAL,locality,,land,Wasmuel,,True,True,3.8292558193206787,50.43339538574219,3.8542673587799072,50.45252227783203,01985ccb-c7eb-4f16-8de7-519118346801
eff431ed-b964-4d50-9b48-8b79621fb06d,BE,BE-WAL,locality,,land,Baileux,"[[""pcd"", ""Baileu""], [""fr"", ""Baileux""]]",True,True,4.35384464263916,49.97247314453125,4.4216790199279785,50.05192947387695,9b6aae74-0ff6-460a-924f-03df96dcec96
f7055355-c483-4d34-83d9-35ccb90f169b,BE,BE-WAL,locality,,land,Thieusies,"[[""ru"", ""Тьёзи""]]",True,True,4.000528335571289,50.50045394897461,4.079780578613281,50.53968811035156,a980a85c-5776-4d69-9eb9-de637ca94a63
ccdf1c73-73f1-4fc4-98eb-40eb6f4d952a,BE,BE-WAL,locality,,land,Enghien - Edingen,"[[""hy"", ""Անգեն""], [""pcd"", ""Ingî""], [""vls"", ""Enge""], [""lb"", ""Enghien""], [""fr"", ""Enghien""], [""li"", ""Edinge""], [""la"", ""Angia""], [""nl"", ""Edingen""], [""bg"", ""Ангиан""], [""ko"", ""앙갱""], [""ur"", ""آنگیاں""], [""ru"", ""Ангьен""], [""en"", ""Enghien""], [""wa"", ""Inguî""], [""ja"", ""アンギャン""], [""fa"", ""آنگیین""], [""zh"", ""昂吉安""]]",True,True,3.961271047592163,50.63072204589844,4.1140971183776855,50.71350860595703,a9e26b8c-f805-49d4-a5d4-b4bde51bd7a7
634f4020-6f5a-4c97-b5a3-81e96356322a,BE,BE-WAL,microhood,,land,Place Albert 1er,,True,True,4.368590354919434,50.539093017578125,4.369322776794434,50.54001235961914,42006ed8-81e0-4fd2-85dd-0d1b3ef76384
c9b239a2-ddc7-41f5-a62b-415b116c7320,BE,BE-WAL,locality,,land,Chastre,"[[""fr"", ""Chastre""], [""wa"", ""Tchåsse""], [""la"", ""Castra""]]",True,True,4.573297023773193,50.56022262573242,4.673043251037598,50.63125991821289,c9db5920-ebc3-4c5f-bdda-aab105f03bcd
a1a3204d-24aa-4c95-a567-cdbe8a1d3803,BE,BE-WAL,locality,,land,Merbes-Sainte-Marie,"[[""ru"", ""Мерб-Сент-Мари""]]",True,True,4.14832878112793,50.341922760009766,4.186770439147949,50.366756439208984,3edd5c8d-73b8-4665-b65b-c099f9081c7b
470b25d5-2980-4703-b668-9d94e4f353e2,BE,BE-WAL,locality,,land,Hyon,"[[""fr"", ""Hyon""], [""ru"", ""Йон""]]",True,True,3.9283809661865234,50.41311264038086,3.981501817703247,50.446529388427734,dd42185e-ff77-43a6-a472-6674753a6c0c
424db235-7e3c-43b8-89b0-92fc558d2d0c,BE,BE-WAL,locality,,land,Floriffoux,"[[""nl"", ""Floriffoux""], [""wa"", ""Florifoû""]]",True,True,4.746364116668701,50.441078186035156,4.793428897857666,50.46966552734375,ce31e436-605f-4b12-a2f8-31f53ebf7971
7af9e661-e323-441a-9a8d-b3cf2f5630dc,BE,BE-WAL,locality,,land,Ottignies,"[[""wa"", ""Ocgniye""], [""la"", ""Ottiniacum""]]",True,True,4.511667251586914,50.655494689941406,4.61641788482666,50.68633270263672,65f6902b-3e01-4510-a70d-42ece012c864
2316c8c9-8153-45c0-a931-27dc2382dfbb,BE,BE-WAL,locality,,land,Obaix,,True,True,4.307373046875,50.518211364746094,4.382112979888916,50.550357818603516,002b2a5a-5eb5-463f-b3a8-c23b90e87ae8
a9283470-bbf4-463c-8700-1bbf02e113d4,BE,BE-WAL,locality,,land,Frasnes-lez-Couvin,"[[""pcd"", ""Frasnes-lez-Couvéne""], [""fr"", ""Frasnes-lez-Couvin""], [""nl"", ""Frasnes-lez-Couvin""], [""wa"", ""Fråne-dilé-Couvén""]]",True,True,4.452670097351074,50.06666946411133,4.540951251983643,50.13961410522461,7b4281c7-b368-4e69-aeb2-38c7173b06ad
796d7a4a-1d50-406b-8661-929b06845228,BE,BE-WAL,locality,,land,Buvrinnes,,True,True,4.170973777770996,50.34931945800781,4.24275016784668,50.40743637084961,bd2d9531-a642-4f33-ae01-6a20b16b60f7
cd454694-e2b8-4001-9063-9a7c7f06989c,BE,BE-WAL,locality,,land,Villers-Saint-Amand,"[[""pcd"", ""Vilèr-Saint-Amand""], [""fr"", ""Villers-Saint-Amand""]]",True,True,3.684628963470459,50.61204147338867,3.7509028911590576,50.65250778198242,77538d86-ba0a-4fc1-9c3e-9021c4a43edb
5f369afe-da7b-4e00-b752-c38f6165deea,BE,BE-WAL,locality,,land,Samme,,True,True,4.211550235748291,50.64581298828125,4.216646194458008,50.64813232421875,e642e756-111c-447b-940a-1a4629e341d1
bf9a88b0-1ca9-4fc5-a4d0-951cac5400af,BE,BE-WAL,microhood,,land,Place Obert de Thieusies,,True,True,3.949707269668579,50.61051559448242,3.9501230716705322,50.6112174987793,fcac52ed-4905-4899-99df-6fea1551f632
0e30a8ef-607c-432f-8113-5ca4d046920e,BE,BE-WAL,locality,,land,La Croisette,,True,True,4.030913829803467,50.60906982421875,4.042827606201172,50.61530303955078,ab7ed353-0a4c-4568-bc43-6f5f0c566b39
3cddfa12-a6bd-4432-85e6-b1833927604b,BE,BE-WAL,locality,,land,Bouffioulx,,True,True,4.482725143432617,50.3680419921875,4.539089202880859,50.39970397949219,1892692a-5a15-4b30-a988-eed186b5532f
1d9c4b7c-ca21-4f3e-a802-4eee9c45c631,BE,BE-WAL,locality,,land,Brye,,True,True,4.542313575744629,50.517452239990234,4.58049201965332,50.54231262207031,53894562-518f-44f6-8f6a-65ed41ea65fd
acd6c01a-8ab0-42e3-a647-df21a030f24f,BE,BE-WAL,locality,,land,Temploux,"[[""fr"", ""Temploux""], [""wa"", ""Timplou""]]",True,True,4.723052978515625,50.464576721191406,4.771245956420898,50.50678253173828,0e8234a3-da8c-4001-9444-0f33414904ed
79433636-05d8-46ed-9150-4b1246834921,BE,BE-WAL,locality,,land,Longchamps,"[[""nl"", ""Longchamps""], [""wa"", ""Lontchamp-dlé-Du""]]",True,True,4.88163423538208,50.55747604370117,4.911682605743408,50.58494186401367,4c501426-4d55-42f1-9b6b-7377da07b584
a71c3208-07e1-4773-b49a-4356b62f4870,BE,BE-WAL,locality,,land,Boignée,"[[""nl"", ""Boignée""], [""wa"", ""Bougnî""]]",True,True,4.5863518714904785,50.484214782714844,4.625558853149414,50.507328033447266,6cf503bd-597c-4a1a-9637-33e73b776591
b3810afc-b65b-46e7-8857-258e6c71c31e,BE,BE-WAL,locality,,land,Écaussinnes,"[[""pcd"", ""Les Scassenes""], [""fr"", ""Écaussinnes""], [""wa"", ""Les Scåssenes""], [""ru"", ""Экоссинн""]]",True,True,4.123352527618408,50.52495193481445,4.229454517364502,50.59665298461914,2f16c31c-2d18-4df4-878b-4d6e57061528
6cf54f92-7226-4d01-acf0-c5f9be869dcf,BE,BE-WAL,microhood,,land,Place de Sars-la-Bruyère,,True,True,3.877993583679199,50.3711051940918,3.878490686416626,50.371829986572266,e2c363ed-1b8c-4bf2-abbd-2baf23ec1efa
003be5fc-369a-4be2-a542-a58f7fd21541,BE,BE-WAL,locality,,land,Biesme,"[[""nl"", ""Biesme""], [""wa"", ""Bieme""]]",True,True,4.58235502243042,50.287750244140625,4.6405439376831055,50.368499755859375,6de87fe3-84f3-43aa-ad65-d6f5513ee1e9
9cd9da42-fa39-44a1-bca2-fdc21af59a42,BE,BE-WAL,locality,,land,Landelies,,True,True,4.334965229034424,50.373897552490234,4.379425048828125,50.40447235107422,9a94f9c6-5c26-4e93-97b5-d6670bb3c8f2
0c31bcd0-c35f-4cc4-bde3-ae8ea22e7317,BE,BE-WAL,locality,,land,Virelles,"[[""pcd"", ""Virele""], [""fr"", ""Virelles""]]",True,True,4.300156116485596,50.044132232666016,4.369077205657959,50.12063217163086,bc32af58-b904-46db-a5d4-873105ef1fff
e6eb293a-0fda-4106-a09a-38e745a76f05,BE,BE-WAL,locality,,land,Vitrival,"[[""nl"", ""Vitrival""], [""wa"", ""Vietrivå""]]",True,True,4.6255059242248535,50.36591720581055,4.670017242431641,50.40378952026367,5af95671-58d9-4f05-9444-c637559e46cf
da7ee2da-87e4-4db6-972b-fc8e443a781f,BE,BE-WAL,locality,,land,Limelette,"[[""fr"", ""Limelette""], [""wa"", ""Limlete""], [""gcf"", ""Limèt""]]",True,True,4.521569728851318,50.67157745361328,4.609550476074219,50.696441650390625,2129572d-7f32-4853-975b-16292559e079
36d5dafe-5131-40c4-a70e-de541e937cef,BE,BE-WAL,locality,,land,Grand-Manil,"[[""nl"", ""Grand-Manil""], [""wa"", ""Grand-Mayni-dlé-Djiblou""]]",True,True,4.627482891082764,50.544036865234375,4.689689636230469,50.56873321533203,77357dd0-5ad5-47b4-a2c6-13ae7001995c
6d6e95e0-7251-45d6-bcb3-01fc75c406dc,BE,BE-WAL,microhood,,land,Place de la Wallonie,,True,True,4.872043132781982,50.456031799316406,4.872959613800049,50.456600189208984,7790cda8-3f2c-43e1-ae1c-1c1103d9d8a5
f4d5d3af-896d-438f-b5e3-6e7e1be2c589,BE,BE-WAL,locality,,land,Athis,,True,True,3.761915922164917,50.357540130615234,3.795135736465454,50.374271392822266,42e8ef9b-d810-445a-967c-d998d0fa3265
ef99371b-9b2b-44f9-8052-65d3f8aa1351,BE,BE-WAL,locality,,land,Binche,"[[""ar"", ""بينشي""], [""fr"", ""Binche""], [""lv"", ""Benša""], [""uk"", ""Бенш""], [""la"", ""Binchium""], [""nl"", ""Bing""], [""bg"", ""Бенш""], [""ko"", ""뱅슈""], [""mk"", ""Бенш""], [""ru"", ""Бенш""], [""arz"", ""بينشى""], [""sr-Cyrl"", ""Бенш""], [""he"", ""בנש""], [""wa"", ""Bince""], [""ja"", ""バンシュ""], [""fa"", ""بنش""], [""zh"", ""班什""]]",True,True,4.055850982666016,50.34931945800781,4.252469062805176,50.446876525878906,461f0382-3e6d-4602-9659-dacc619bb259
577b0524-209a-45b7-a809-57ecadb7c9f7,BE,BE-WAL,microhood,,land,The Land of the Cold,"[[""en"", ""The Land of the Cold""], [""fr"", ""Le Terre du Froid""]]",True,True,3.8814539909362793,50.58189392089844,3.885244369506836,50.58440399169922,e4a020e7-6e06-4bb0-b810-345a3034f014
73772ad1-bae1-44a3-b234-bf2a869aca49,BE,BE-WAL,locality,,land,Henripont,,True,True,4.171286582946777,50.589927673339844,4.193117618560791,50.60197448730469,4995b9c1-2178-4b99-b6fd-51a0441a3446
96d44a4d-49f2-47e1-862f-a41cd40f5d07,BE,BE-WAL,locality,,land,Baulers,,True,True,4.321349143981934,50.5988883972168,4.39270544052124,50.63523864746094,ec7d738c-70f4-4322-a967-97ecef786ba6
b9aa57a0-ca35-4ca0-8027-c2fafbd391fc,BE,BE-WAL,locality,,land,Fontenelle,"[[""fr"", ""Fontenelle""], [""ru"", ""Фонтенель""], [""wa"", ""Fontnale""]]",True,True,4.366701602935791,50.23316192626953,4.401658058166504,50.258670806884766,0646001f-d9f0-41da-ae85-a31e30617811
7fe418dd-7b6d-4d21-84d0-2b7a377eb82e,BE,BE-WAL,locality,,land,Montbliart,"[[""ru"", ""Монблиар""]]",True,True,4.197378635406494,50.122737884521484,4.237431526184082,50.145721435546875,1c65b4f9-4a30-47c4-9126-526fec1c45d5
a1d553ff-35b2-40ac-bf32-6fcf964afc3a,BE,BE-WAL,locality,,land,Warichaix,,True,True,4.17880916595459,50.65205764770508,4.1810688972473145,50.653865814208984,cacc97b3-1f5b-4a05-8832-883685cb7c7b
59b00547-3fe8-4646-ac08-9ad6389ca5b9,BE,BE-WAL,locality,,land,Moustier-sur-Sambre,"[[""fr"", ""Moustier-sur-Sambre""], [""wa"", ""Moutiè""], [""nl"", ""Moustier-sur-Sambre""]]",True,True,4.672633171081543,50.442440032958984,4.7074761390686035,50.47438430786133,c24394e3-85a4-47c6-ab63-0c06d6bf9e5d
fb060c7e-9905-439f-a4af-4dad26f6b4ab,BE,BE-WAL,locality,,land,Fourbechies,,True,True,4.283728122711182,50.148746490478516,4.328330039978027,50.17326736450195,a1095895-d767-4571-bb33-e2b117e599ad
c093216d-61a1-4280-9281-65911c761b56,BE,BE-WAL,locality,,land,Baudour,"[[""pcd"", ""Bôdoûr""], [""fr"", ""Baudour""], [""ru"", ""Бодур""], [""wa"", ""Bådoû""]]",True,True,3.800947427749634,50.454437255859375,3.879448890686035,50.51688003540039,f14972a1-084b-4a5b-9482-83508fc2b6b3
392838df-44b5-4290-b11f-4982e896fdef,BE,BE-WAL,locality,,land,Lasne-Chapelle-Saint-Lambert,,True,True,4.446649074554443,50.662574768066406,4.526368618011475,50.704586029052734,774e3a15-b74d-451c-9187-34ee5654f504
0a8c0ec7-290d-4cdd-a490-d25b7615b4c6,BE,BE-WAL,locality,,land,Velaine-sur-Sambre,"[[""nl"", ""Velaine-sur-Sambre""], [""wa"", ""Velinne""]]",True,True,4.593537330627441,50.455074310302734,4.643808364868164,50.49264907836914,64448a70-9dac-4e15-b829-f639caa09598
9dfe7078-f25b-483c-91bd-fb2fd75ec2e6,BE,BE-WAL,locality,,land,Winenne,"[[""ru"", ""Винен""], [""wa"", ""Yinene""]]",True,True,4.860220909118652,50.05488204956055,4.914337158203125,50.11635208129883,40fc86af-a16a-4828-aa7b-32be1eb6238d
7300774b-d8ac-4a5f-b925-b5ba955eb864,BE,BE-WAL,locality,,land,Harveng,,True,True,3.9652955532073975,50.37770080566406,4.008544445037842,50.41017532348633,302be437-60c0-47f9-a486-da3d4afc8223
3b7be044-b473-48c9-ba80-2f376e03a882,BE,BE-WAL,locality,,land,Écaussinnes-Lalaing,,True,True,4.170738697052002,50.556095123291016,4.229454517364502,50.58948516845703,4ca09620-58d7-476c-8a94-6f7e6874d029
a913f140-23ff-4538-ab9e-44cbc8f318eb,BE,BE-WAL,localadmin,,land,Mons,"[[""pcd"", ""Mon""], [""vls"", ""Bergn""], [""ar"", ""مونس""], [""fr"", ""Mons""], [""nl"", ""Bergen""], [""ko"", ""몽스""], [""de"", ""Bergen""], [""ru"", ""Монс""], [""wa"", ""Mont""]]",True,True,3.655179977416992,50.303157806396484,4.085172653198242,50.61722183227539,d1469e98-28aa-47bd-9d4c-500f27b3fc5b
abda91c9-1200-47dd-b209-0f4bdff281a5,BE,BE-WAL,locality,,land,Balâtre,"[[""fr"", ""Balâtre""], [""nl"", ""Balâtre""], [""wa"", ""Balåsse""]]",True,True,4.620609283447266,50.47531509399414,4.655061721801758,50.510066986083984,c82a0ae5-aff4-42b5-bbfd-64ab64bfb215
03ff3c6a-203c-49a3-9931-8d6f2d0a4bfa,BE,BE-WAL,locality,,land,Mazée,"[[""fr"", ""Mazée""], [""nl"", ""Mazée""], [""wa"", ""Måzeye""]]",True,True,4.674217224121094,50.05535888671875,4.721940040588379,50.112464904785156,d4992919-70e2-42fd-bcfd-1dc76573bcf6
57fd3335-1848-494c-b677-7518338df86c,BE,BE-WAL,locality,,land,Soumoy,"[[""nl"", ""Soumoy""], [""wa"", ""Soûmwè""]]",True,True,4.400437355041504,50.17137908935547,4.456588268280029,50.207298278808594,0c135db9-1d96-4be7-a269-8ca3680229f3
fcaf483a-d52d-4ff7-9336-f7bc5832fef0,BE,BE-WAL,locality,,land,Bioul,"[[""wa"", ""Biou""]]",True,True,4.748597621917725,50.30958938598633,4.839540004730225,50.35679244995117,fa7738fa-fdc5-44e0-accd-79f36e795357
2216a9ab-0adc-486b-897b-3f76ae8a063c,BE,BE-WAL,locality,,land,Leers-et-Fosteau,"[[""ru"", ""Лер-э-Фосто""]]",True,True,4.236850261688232,50.288997650146484,4.255378723144531,50.31382751464844,48101431-050c-4b5f-867e-ca4be95a44de
c8fef6d6-9c19-48d3-870c-3dea8e973417,BE,BE-WAL,locality,,land,Seneffe,"[[""pcd"", ""Sinefe""], [""fr"", ""Seneffe""], [""ru"", ""Сенеф""], [""la"", ""Senefia""]]",True,True,4.186179161071777,50.496299743652344,4.336463451385498,50.601585388183594,b6508f1e-9a4c-45d8-a134-d52540782c0f
439b250d-baa4-4e35-9e86-e8a8c9570cb0,BE,BE-WAL,locality,,land,Suarlée,"[[""fr"", ""Suarlée""], [""wa"", ""Swarlêye""]]",True,True,4.750397682189941,50.46825408935547,4.812712669372559,50.508201599121094,91b13fbb-4bcb-4525-ad95-a7f6fdb0eb68
a6e224cf-d3ed-4899-a5e1-57c68d7b7064,BE,BE-WAL,locality,,land,Lobbes,"[[""pcd"", ""Lôbe""], [""fr"", ""Lobbes""], [""la"", ""Lobiae""]]",True,True,4.183193206787109,50.3189582824707,4.304127216339111,50.38888168334961,016b0e95-41ea-46a6-acaf-cd6872afe346
1e5bd14b-72c3-4578-a501-169ccd665f19,BE,BE-WAL,microhood,,land,Esplanade AC/DC,,True,True,4.847896099090576,50.4664192199707,4.848998546600342,50.4667854309082,4cc85104-cc04-4b06-a3f8-9f89b7a4136f
9b149ba1-432a-440f-bc0a-a789d314df3a,BE,BE-WAL,locality,,land,Le Saint Zèle,,True,True,4.355125427246094,50.6801643371582,4.361875057220459,50.683475494384766,141015c2-b807-4585-ac81-5e7ca62ebebe
633f537a-2049-4fff-b05a-1e413b2ad74d,BE,BE-WAL,locality,,land,Montignies-Saint-Christophe,,True,True,4.174630641937256,50.27327346801758,4.219992160797119,50.292964935302734,cc54e839-97a1-46cf-96ba-28ed44b2c6d5
a208889a-67c9-4233-b9c0-5c3bc9445f6f,BE,BE-WAL,microhood,,land,Place de l'Europe,,True,True,4.729271411895752,50.44917297363281,4.730182647705078,50.44954299926758,7164f5d8-3414-4551-bcd7-8189875e2fa4
144e93fe-ad5a-4c62-8760-4d4d17976594,BE,BE-WAL,microhood,,land,Square des Scriveux Binchois,,True,True,4.167785167694092,50.412784576416016,4.16821813583374,50.41322326660156,ae806277-bfc1-490a-94ab-cbc838159ff3
4c28a5ef-b4bf-4a3c-9996-aef788830721,BE,BE-WAL,locality,,land,Harchies,,True,True,3.6589155197143555,50.45573806762695,3.712179183959961,50.49147033691406,0025e603-0ca4-410f-88c1-1a49f0fbd004
3ecc80d6-c29d-4e2c-924c-923a832fe985,BE,,country,0,land,België / Belgique / Belgien,"[[""hy"", ""Բելգիա""], [""pcd"", ""Bergike""], [""se"", ""Belgia""], [""ku"", ""Belçîka""], [""xmf"", ""ბელგია""], [""rue"", ""Белґія""], [""crh"", ""Belçika""], [""ss"", ""iBhelijiyamu""], [""bs"", ""Belgija""], [""vls"", ""België""], [""stq"", ""Belgien""], [""kaa"", ""Belgiya""], [""ba"", ""Бе́льгия""], [""als"", ""Belgie""], [""pfl"", ""Belgje""], [""lb"", ""Belsch""], [""hr"", ""Belgija""], [""ta"", ""பெல்ஜியம்""], [""ka"", ""ბელგია""], [""ar"", ""بلجيكا""], [""pi"", ""बेल्जियम""], [""nov"", ""Belgia""], [""yue"", ""比利時""], [""fr"", ""Belgique""], [""lfn"", ""Beljia""], [""is"", ""Belgía""], [""nah"", ""Belgica""], [""ug"", ""بېلگىيە""], [""lv"", ""Beļģija""], [""eu"", ""Belgika""], [""mdf"", ""Бельгие""], [""kl"", ""Belgia""], [""rn"", ""Ububirigi""], [""vep"", ""Bel'gii""], [""am"", ""ቤልጅግ""], [""hif"", ""Belgium""], [""mt"", ""Belġju""], [""nso"", ""Belgium""], [""krc"", ""Бельгия""], [""bn"", ""বেলজিয়াম""], [""rw"", ""Ububiligi""], [""av"", ""Бе́льгия""], [""uz"", ""Belgiya""], [""csb"", ""Belgijskô""], [""mzn"", ""بلژیک""], [""uk"", ""Бельґія""], [""co"", ""Belgica""], [""rmy"", ""Beljiya""], [""szl"", ""Belgijŏ""], [""si"", ""බෙල්ජියම්""], [""li"", ""Belsj""], [""dsb"", ""Belgiska""], [""ky"", ""Бельгия""], [""ksh"", ""Beljie""], [""pa"", ""ਬੈਲਜੀਅਮ""], [""ga"", ""an Bheilg""], [""ceb"", ""Belhika""], [""br"", ""Belgia""], [""lmo"", ""Belgi""], [""ady"", ""Белгие""], [""sms"", ""Belgia""], [""tt"", ""Бе́льгия""], [""war"", ""Belhika""], [""so"", ""Beljim""], [""pt-PT"", ""Bélgica""], [""mwl"", ""Bélgica""], [""pt"", ""Bélgica""], [""zh-Latn-pinyin"", ""Bǐlìshí""], [""tpi"", ""Beljiam""], [""cs"", ""Belgie""], [""roa-tara"", ""Bèlge""], [""kv"", ""Бельгия""], [""zu"", ""i-Belgium""], [""smn"", ""Belgia""], [""lo"", ""ປະເທດແບນຊິກ""], [""gl"", ""Bélxica""], [""gn"", ""Véyhika""], [""cu"", ""Бє́лгїѥ""], [""roa-rup"", ""Belghia""], [""nds"", ""Belgien""], [""om"", ""Beeljiyeem""], [""ts"", ""Belgium""], [""el"", ""Βέλγιο""], [""it"", ""Belgio""], [""sc"", ""Bèlgiu""], [""su"", ""Bélgia""], [""ca"", ""Bèlgica""], [""pt-BR"", ""Bélgica""], [""os"", ""Бельги""], [""vi"", ""Bỉ""], [""srn"", ""Belgikondre""], [""la"", ""Belgica""], [""ltg"", ""Beļgeja""], [""tg"", ""Белгия""], [""mg"", ""Belzika""], [""yo"", ""Bẹ́ljíọ̀m""], [""tzl"", ""Belxhíc""], [""dv"", ""ބެލްޖިއަމް""], [""pdc"", ""Belgien""], [""tl"", ""Belhika""], [""nl"", ""België""], [""tum"", ""Belgium""], [""zh-Hans"", ""比利时""], [""bg"", ""Белгия""], [""gv"", ""Velg""], [""bi"", ""Beljiom""], [""bxr"", ""Бельги""], [""nap"", ""Belge""], [""ckb"", ""بەلجیکا""], [""ko"", ""벨기에""], [""rm"", ""Belgia""], [""or"", ""ବେଲଜିଅମ""], [""eo"", ""Belgio""], [""tk"", ""Belgiýa""], [""mk"", ""Белгија""], [""cdo"", ""Bī-lé-sì""], [""dz"", ""བེལ་ཇིཡམ""], [""oc"", ""Belgica""], [""haw"", ""Pelekiuma""], [""et"", ""Belgia""], [""nrm"", ""Belgique""], [""af"", ""België""], [""gag"", ""Belgiya""], [""de"", ""Belgien""], [""bm"", ""Bɛliziki""], [""cbk-zam"", ""Bélgica""], [""ps"", ""بلجیم""], [""scn"", ""Belgiu""], [""yi"", ""בעלגיע""], [""ha"", ""Beljik""], [""cy"", ""Gwlad Belg""], [""myv"", ""Бельгия""], [""nb"", ""Belgia""], [""ki"", ""Ubelgiji""], [""sn"", ""Belgium""], [""ace"", ""Bèlgia""], [""to"", ""Pelesiume""], [""pap"", ""Bélgika""], [""azb"", ""بلژیک""], [""ig"", ""Belgium""], [""frr"", ""Bälgien""], [""dty"", ""बेल्जियम""], [""be-Latn-tarask"", ""Бэльгія""], [""diq"", ""Belçıka""], [""cv"", ""Бельги""], [""ur"", ""بلجیئم""], [""pam"", ""Belgika""], [""arc"", ""ܒܠܓܝܩܐ""], [""nan"", ""Pe̍k-ní-gī""], [""fy"", ""Belgje""], [""ln"", ""Bɛ́ljika""], [""jv"", ""Bèlgia""], [""bat-smg"", ""Belgėjė""], [""jbo"", ""beldjym""], [""ru"", ""Бельгия""], [""ht"", ""Bèljik""], [""lrc"", ""بلجیک""], [""vro"", ""Belgiä""], [""kw"", ""Pow Belg""], [""ml"", ""ബെൽജിയം""], [""th"", ""เบลเยียม""], [""id"", ""Belgia""], [""zea"", ""Belhië""], [""ce"", ""Бельги""], [""pnb"", ""بیلجیم""], [""sq"", ""Belgjika""], [""ia"", ""Belgica""], [""arz"", ""بلجيكا""], [""lzh"", ""比利時""], [""pag"", ""Belhika""], [""sr-Latn"", ""Belgija""], [""sv"", ""Belgien""], [""udm"", ""Бельгия""], [""tr"", ""Belçika""], [""da"", ""Belgien""], [""my"", ""ဘယ်လ်ဂျီယမ်နိုင်ငံ""], [""sg"", ""Bêleze""], [""chr"", ""ᏇᎵᏥᎥᎻ""], [""sr-Cyrl"", ""Белгија""], [""wo"", ""Belsik""], [""nds-nl"", ""België""], [""lg"", ""Bubirigi""], [""bug"", ""Belgia""], [""xal"", ""Бельҗмудин Нутг""], [""zh-Hant"", ""比利時""], [""pih"", ""Beljum""], [""sm"", ""Peleseuma""], [""en"", ""Belgium""], [""olo"", ""Bel’gii""], [""gu"", ""બેલ્જિયમ""], [""he"", ""בֶּלְגְיָה""], [""bh"", ""बेल्जियम""], [""sah"", ""Бельгия""], [""tet"", ""Béljika""], [""new"", ""बेल्जियम""], [""ilo"", ""Belhika""], [""kn"", ""ಬೆಲ್ಜಿಯಂ""], [""tok"", ""ma Pesije""], [""gd"", ""a' Bheilg""], [""sk"", ""Belgicko""], [""lez"", ""Бельгия""], [""fur"", ""Belgjo""], [""bar"", ""Bäigien""], [""na"", ""Berdjiyum""], [""lad"", ""Beljika""], [""frp"", ""Bèlg·ique""], [""az"", ""Belçika""], [""wa"", ""Beldjike""], [""lij"", ""Belgiò""], [""es"", ""Bélgica""], [""ak"", ""Belgium""], [""fo"", ""Belgia""], [""kbp"", ""Pɛliziki""], [""mai"", ""बेल्जियम""], [""hi"", ""बेल्जियम""], [""vo"", ""Belgän""], [""gom"", ""बेल्जियम""], [""tw"", ""Belgium""], [""bcl"", ""Belhika""], [""te"", ""బెల్జియం""], [""mr"", ""बेल्जियम""], [""bpy"", ""বেলজিয়াম""], [""ie"", ""Belgia""], [""ext"", ""Bélgica""], [""an"", ""Belchica""], [""sco"", ""Belgium""], [""nn"", ""Belgia""], [""io"", ""Belgia""], [""sw"", ""Ubelgiji""], [""be"", ""Бeльгія""], [""qu"", ""Bilhika""], [""sd"", ""بيلجيم""], [""ang"", ""Belgice""], [""mi"", ""Pehiamu""], [""kab"", ""Biljik""], [""hsb"", ""Belgiska""], [""ja"", ""ベルギー""], [""sa"", ""बेल्जियम""], [""ast"", ""Bélxica""], [""jam"", ""Beljiom""], [""fi"", ""Belgia""], [""bo"", ""པེར་ཅིན།""], [""kbd"", ""Белгиэ""], [""ro"", ""Belgia""], [""eml"", ""Bélgi""], [""kg"", ""Belezi""], [""ne"", ""बेल्जियम""], [""ee"", ""Belgium""], [""mhr"", ""Бельгий""], [""ff"", ""Beljik""], [""lt"", ""Belgija""], [""no"", ""Belgia""], [""din"", ""Beljiem""], [""wuu"", ""比利时""], [""vec"", ""Belgio""], [""koi"", ""Белгия""], [""km"", ""បែលហ្ស៉ិក""], [""kk"", ""Бельгия""], [""sl"", ""Bélgija""], [""pms"", ""Belgi""], [""ay"", ""Bilkiya""], [""ti"", ""ቤልጄም""], [""hak"", ""Pí-li-sṳ̀""], [""fa"", ""بلژیک""], [""mn"", ""Бельги""], [""pnt"", ""Βέλγιον""], [""zh"", ""比利时;比利時""], [""ms"", ""Belgium""], [""hu"", ""Belgium""], [""pl"", ""Belgia""], [""ks"", ""बेल्जियम""], [""sh"", ""Belgija""]]",True,False,2.5455193519592285,49.49697494506836,6.408097743988037,51.5051155090332,3b17bdf3-f498-4c72-a5ff-8b281a9ee37d
1ef2a7fd-d71b-4521-ae73-d0deefa6afe7,BE,BE-WAL,locality,,land,Neufvilles,"[[""ru"", ""Нёвиль""]]",True,True,3.9707159996032715,50.531044006347656,4.040377616882324,50.581783294677734,c2859032-2a6f-4aad-a594-9889ec1c8935
94e804ed-ed54-4c69-a628-b83c4c666a8e,BE,BE-WAL,locality,,land,Dion,"[[""ru"", ""Дьон""]]",True,True,4.866952896118164,50.03664779663086,4.923101902008057,50.13802719116211,21bfe9a3-9d8e-4860-b917-6ee86a3bde91
abe6eb8a-96a0-40d6-8346-3f13a9b13ba5,BE,BE-WAL,locality,,land,Villers-le-Gambon,"[[""nl"", ""Villers-le-Gambon""], [""ru"", ""Виллер-ле-Гамбон""], [""wa"", ""Vilé-l'-Gambon""]]",True,True,4.586605072021484,50.149147033691406,4.641989231109619,50.21815872192383,02aad251-702f-45c8-ada1-46a4c4eb7eb6
66812b74-23c2-4816-8f58-0ab291ded6b8,BE,BE-WAL,locality,,land,Mainvault,"[[""pcd"", ""Mèyo""], [""fr"", ""Mainvault""], [""ru"", ""Менво""], [""wa"", ""Meyå""]]",True,True,3.6694655418395996,50.63801956176758,3.7557103633880615,50.673927307128906,fa552477-4883-4210-b9e8-7bd4e13ed34b
b0ac69d4-c0a4-4523-9199-62b71c0d0b53,BE,BE-WAL,locality,,land,Ronquières,,True,True,4.183565139770508,50.58220672607422,4.253652572631836,50.625953674316406,8dd0d506-1316-4612-88ce-d0e09e552011
25094efb-68c6-461e-91f1-eeffd9b1da90,BE,BE-WAL,locality,,land,Sars-la-Buissière,,True,True,4.183193206787109,50.3189582824707,4.249695777893066,50.35386276245117,48487a82-6dd6-4c11-ade7-cf462d258309
d98d72aa-a1c4-4845-8853-c85704909675,BE,BE-WAL,locality,,land,Attre,"[[""pcd"", ""Ate""], [""fr"", ""Attre""], [""wa"", ""Ate-dilé-Brujlete""]]",True,True,3.8191170692443848,50.591697692871094,3.848546028137207,50.62649154663086,9348a352-6a6b-467d-b9a7-757332ad4fa7
1228d576-f5b5-44ad-8eb2-086a869e3229,BE,BE-WAL,locality,,land,Houtain-le-Val,"[[""ru"", ""Утен-ле-Валь""]]",True,True,4.378102779388428,50.55845260620117,4.440320014953613,50.59360885620117,1187bf78-3a7b-462e-8b6a-a8afe355940b
0657efa3-414e-47c5-89b3-54cabb71b7d4,BE,BE-WAL,locality,,land,Dampremy,"[[""pcd"", ""Darmet""], [""fr"", ""Dampremy""], [""wa"", ""Dårmè""]]",True,True,4.408204078674316,50.40748977661133,4.443106174468994,50.42836380004883,0736873d-678b-4a06-98b1-20e3c1704a65
65508718-5a50-4e1a-902c-297c5fc64f7f,BE,BE-WAL,locality,,land,Thuillies,"[[""ru"", ""Тюйи""]]",True,True,4.308583736419678,50.274837493896484,4.369369029998779,50.336280822753906,d4951f80-6714-4801-843c-d223301421ba
56a7415e-7c80-4086-9dc0-497580693302,BE,BE-WAL,locality,,land,Thieulain,"[[""pcd"", ""Thieulain""], [""fr"", ""Thieulain""]]",True,True,3.555666923522949,50.60084533691406,3.620438575744629,50.63616180419922,3f77b5fe-a0f5-4e05-809a-cbd830ce7443
a444be84-f45e-44c0-9434-853bc3ce51e9,BE,BE-WAL,microhood,,land,Place de la Constitution,,True,True,4.427722454071045,50.39476013183594,4.428980827331543,50.39527893066406,0baecbe2-b6f1-4bca-ac97-4ccfde9231ed
d262abc8-2d30-427e-b0da-078fff09ce65,BE,BE-WAL,locality,,land,Élouges,"[[""pcd"", ""Élouche""], [""fr"", ""Élouges""], [""ru"", ""Элуж""], [""wa"", ""Eloûche""]]",True,True,3.7249608039855957,50.37351608276367,3.7846829891204834,50.42046356201172,0b56f663-8070-4805-beaa-9979f6e8acca
004cfd1f-3669-4442-aabf-fde1ee0c9bb9,BE,BE-WAL,locality,,land,Clermont,"[[""nl"", ""Clermont""], [""ru"", ""Клермон""], [""wa"", ""Clairmont""]]",True,True,4.285750865936279,50.23335647583008,4.354051113128662,50.278743743896484,88d1ed27-4ddc-48dd-b901-1927fd602e2f
a71e24eb-7a93-47bc-8151-13876f06c8ea,BE,BE-WAL,locality,,land,Falaën,"[[""ru"", ""Фалаэн""], [""wa"", ""Falayin""]]",True,True,4.753270626068115,50.26749801635742,4.839427471160889,50.31106948852539,88ed7ca2-8309-4edb-87f5-75f72f129e4b
bbc024ab-b6d8-472e-8475-6a38c3c85247,BE,BE-WAL,locality,,land,Ciply,,True,True,3.9291887283325195,50.4032096862793,3.9588847160339355,50.42335510253906,b8e9fd38-ba52-42fd-abf3-d0fe40774421
595cfbbf-b470-489f-a316-16046977ca83,BE,BE-WAL,locality,,land,Franière,"[[""nl"", ""Franière""], [""wa"", ""Furnêre""]]",True,True,4.6951823234558105,50.412757873535156,4.748831748962402,50.444576263427734,e149b875-edb0-4dca-9c9e-aafc6d623793
25a4011f-6d41-4738-91b3-4c212aaa1247,BE,BE-WAL,locality,,land,Denée,"[[""ru"", ""Дене""], [""wa"", ""Dinêye""]]",True,True,4.726418972015381,50.29448699951172,4.797459125518799,50.33620834350586,49163fd1-83ef-439d-8e02-46a80cd09b7f
51ede14f-87cd-4dd5-baf8-5fcf18f17e0b,BE,BE-WAL,locality,,land,Maurage,"[[""pcd"", ""Mauradje""], [""fr"", ""Maurage""], [""ru"", ""Мораж""], [""wa"", ""Maurâdje""]]",True,True,4.075540542602539,50.43496322631836,4.1204304695129395,50.473594665527344,a78d6798-73a6-41b8-9733-98272ecf901f
d9f067c8-0afc-4c1c-9160-4fc98f88de6d,BE,BE-WAL,locality,,land,Strépy-Bracquegnies,"[[""ru"", ""Стрепи-Бракеньи""]]",True,True,4.103214263916016,50.45262145996094,4.1396074295043945,50.49711227416992,e61e3d8d-2319-4ad8-a103-64727b3dc024
8424a616-4110-4fc9-b0b4-7e5576c4151c,BE,BE-WAL,locality,,land,Arsimont,"[[""nl"", ""Arsimont""], [""wa"", ""Årsumont""]]",True,True,4.630298137664795,50.410301208496094,4.6702704429626465,50.4368896484375,a8deecae-7d3b-430d-8271-d337d81dc883
4a4e79bd-7d78-4b86-92cc-43ec340d3f09,BE,BE-WAL,microhood,,land,Place d'Armes,,True,True,4.542985439300537,50.19596862792969,4.544008731842041,50.19650650024414,c22a521c-ef15-4050-99ae-b99211a11d01
e2ccebd5-2b53-4b02-be8a-f8f2c90e44f2,BE,BE-WAL,locality,,land,Hemptinne,"[[""nl"", ""Hemptinne""], [""wa"", ""Emtene-dilé-Florene""]]",True,True,4.540900707244873,50.21080017089844,4.5815582275390625,50.24272537231445,a6434b8e-e47b-4619-9f7a-aa99bbf5dfa9
84faee85-5dd0-4088-9af7-47bac51594c9,BE,BE-WAL,locality,,land,Belgrade,"[[""fr"", ""Belgrade""], [""wa"", ""Belgråde""]]",True,True,4.807841777801514,50.457218170166016,4.83774995803833,50.4819450378418,14c4a40c-04af-4fe5-89a0-8d10437a1388
5641536f-3169-4632-8ea7-53936fd3e78f,BE,BE-WAL,microhood,,land,Zoning Elouges - Dour,,True,True,3.7470226287841797,50.40133285522461,3.7752318382263184,50.42005157470703,f0442bca-9ab5-4491-90e1-3b338ead3046
f66ea860-fd30-45dd-a07f-adf0e927d6da,BE,BE-WAL,locality,,land,Vogenée,"[[""nl"", ""Vogenée""], [""wa"", ""Vôjneye""]]",True,True,4.438294887542725,50.22528839111328,4.471884727478027,50.25015640258789,da5acc26-834b-427a-aa1f-40c25bfcab85
5f7f115e-c53a-47ec-b860-9202134e1a4a,BE,BE-WAL,locality,,land,Bovesse,"[[""fr"", ""Bovesse""], [""nl"", ""Bovesse""], [""wa"", ""Bovesse""]]",True,True,4.755131244659424,50.50138473510742,4.797663688659668,50.52747344970703,bbd1fd02-b0a9-4365-a837-d3c5e92e8518
655eed29-84eb-4275-bec4-097ae9699f3c,BE,BE-WAL,locality,,land,Cour-sur-Heure,,True,True,4.363892078399658,50.28957748413086,4.416332244873047,50.31546401977539,d7ce7a3d-53d0-4b4d-9b46-26d6dd58eba4
69555b6b-be02-4c70-9a8e-7aaf1f81c2ce,BE,BE-WAL,locality,,land,Vaulx,"[[""pcd"", ""Li Vå-dlé-Chimai""], [""fr"", ""Vaulx""]]",True,True,4.348156452178955,50.04243850708008,4.379168510437012,50.089500427246094,b91155e8-a798-4133-929b-be4666c44c00
5843b690-fa18-4cfa-9414-8e2aae824a2b,BE,BE-WAL,locality,,land,Estinnes-au-Mont,"[[""ru"", ""Эстин-о-Мон""]]",True,True,4.058817386627197,50.37632369995117,4.131580352783203,50.419918060302734,81ed884b-e6d5-40e0-be98-652b198d6606
44049fcb-c0be-47d1-8338-7cb0f7e27c35,BE,BE-WAL,locality,,land,Montignies-sur-Sambre,"[[""pcd"", ""Montignè-su-Sambe""], [""fr"", ""Montignies-sur-Sambre""]]",True,True,4.450089931488037,50.395240783691406,4.502301216125488,50.42667770385742,46775640-a562-4a0c-9993-5bcd427054e4
05bbe34d-6e90-4311-a778-2cdb7d7aad15,BE,BE-WAL,locality,,land,Franchimont,"[[""nl"", ""Franchimont""], [""wa"", ""Frantchîmont""]]",True,True,4.620560646057129,50.1777458190918,4.662362098693848,50.21240234375,f7d49f98-926a-4a92-b783-27254fb2667f
218baf92-f572-4793-9a90-99430ef7b5ce,BE,BE-WAL,locality,,land,Fosses-la-Ville,"[[""pcd"", ""Fosse-la-Ville""], [""fr"", ""Fosses-la-Ville""], [""la"", ""Fossa""], [""nl"", ""Fosses-la-Ville""], [""ru"", ""Фос-ла-Виль""], [""wa"", ""Fosse-li-Veye""]]",True,True,4.583799362182617,50.35834884643555,4.7989821434021,50.42817306518555,0ca60c85-247f-405f-a947-7c0e7a9dfc12
7ecf666d-91c6-401a-8622-9bd7647c3a68,BE,BE-WAL,locality,,land,Gottignies,,True,True,4.039026737213135,50.479801177978516,4.100250244140625,50.531837463378906,713a6baa-8803-4b09-9fa4-32c7c702bdda
fb002d86-0f5b-4c2a-bfea-eb479cb736b0,BE,BE-WAL,locality,,land,Grandmetz,"[[""ru"", ""Гранмес""]]",True,True,3.6065399646759033,50.610687255859375,3.6706206798553467,50.645782470703125,3cc7602d-31db-453a-b09d-379df60a2b35
de364f09-0738-4c7c-a1b9-8ec811478b53,BE,BE-WAL,locality,,land,Fouleng,"[[""fr"", ""Fouleng""], [""wa"", ""Foulé""]]",True,True,3.9140143394470215,50.61482238769531,3.948254108428955,50.63108444213867,84044fda-cc11-4d49-9798-f7029d6294ac
174aef82-557c-45c3-93c8-44a604d057d5,BE,BE-WAL,locality,,land,Joncret,,True,True,4.480775356292725,50.34117126464844,4.522278785705566,50.370304107666016,5b8d142b-784b-4e5f-a56c-8217ba94e01e
7b00896a-32d7-434f-a2d3-8ee31f3d4961,BE,BE-WAL,locality,,land,Gerin,"[[""wa"", ""Djerin""]]",True,True,4.788049221038818,50.223209381103516,4.828519821166992,50.25345230102539,b8d94d64-5205-4012-a7b8-5d2170f46f60
dbc253ee-6cc2-44c0-9692-394bf903f82c,BE,BE-WAL,locality,,land,Hensies,"[[""pcd"", ""Hinzi""], [""fr"", ""Hensies""], [""la"", ""Haisenciae""], [""ru"", ""Анси""], [""wa"", ""Inzî""]]",True,True,3.655179977416992,50.41203689575195,3.7811648845672607,50.464176177978516,33f10228-71aa-4432-87de-2f0d0e54359a
b79a174f-1f9b-4897-9190-cb108a83f44d,BE,BE-WAL,locality,,land,Corbais,"[[""wa"", ""Côrbåy""], [""ru"", ""Корбе""]]",True,True,4.613698959350586,50.636566162109375,4.666286468505859,50.66301727294922,537c7807-0f50-4c8e-99c2-061aefc0703a
7e169fb7-2eb9-4754-adc5-b5f1cb209a81,BE,BE-WAL,neighborhood,,land,Sainte-Barbe,,True,True,4.304713249206543,50.5897331237793,4.319670677185059,50.599525451660156,eaa47afc-6d96-40e3-bc96-70d6d8305614
020c2b25-2719-4d5a-8c1d-63c35c3c1748,BE,BE-WAL,locality,,land,Thines,"[[""ru"", ""Тин""]]",True,True,4.3494110107421875,50.56816101074219,4.406652927398682,50.605133056640625,80adf6c9-e45e-4099-b789-062f3edc5784
2a384d73-e0ea-48c3-99f1-93410fc00a4a,BE,BE-WAL,county,2,land,Namur,"[[""pcd"", ""Nameur""], [""vls"", ""Noamn""], [""lb"", ""Namouer""], [""ar"", ""نامور""], [""fr"", ""Namur""], [""uk"", ""Намюр""], [""it"", ""Namur""], [""ca"", ""Namur""], [""la"", ""Namurcum""], [""nl"", ""Namen""], [""zh-Hans"", ""那慕尔""], [""ko"", ""나뮈르""], [""eo"", ""Namuro""], [""mk"", ""Намир""], [""de"", ""Namur""], [""ru"", ""Намюр""], [""sr-Cyrl"", ""Намир""], [""zh-Hant"", ""那慕爾""], [""en"", ""Namur""], [""sk"", ""Namursko""], [""wa"", ""Nameur""], [""es"", ""Namur""], [""lt"", ""Namiūras""], [""zh"", ""那慕爾""], [""hu"", ""Namur""]]",True,True,4.285750865936279,49.78553771972656,5.402670860290527,50.64844512939453,7dc5324e-a3ea-4668-b083-85601c94a048
0ba2f8d1-14a1-410c-9552-3515d0227408,BE,BE-WAL,locality,,land,Chapelle-à-Wattines,"[[""ru"", ""Шапель-а-Ваттин""]]",True,True,3.6239495277404785,50.60298156738281,3.6978750228881836,50.635440826416016,715eacf6-9e15-460b-9ba1-35ec74e24741
443f2eba-8041-4092-9db1-da5e843e8fde,BE,BE-WAL,locality,,land,Cortil-Noirmont,,True,True,4.621980667114258,50.56022262573242,4.673043251037598,50.605560302734375,3fc10054-a027-4c94-a590-81c684978b81
27b2b60b-f062-4b37-8231-aab42e2c6fd1,BE,BE-WAL,locality,,land,Hanzinne,"[[""nl"", ""Hanzinne""], [""ru"", ""Анзин""], [""wa"", ""Anzene""]]",True,True,4.517003536224365,50.295326232910156,4.592438220977783,50.323089599609375,e05b3f63-1e4e-4333-be4f-3b27d4dbdc85
69fbe0d8-2ae0-4cb4-926e-765d8250532d,BE,BE-WAL,microhood,,land,place d'hellebecq,,True,True,3.8879201412200928,50.663333892822266,3.8884027004241943,50.66360092163086,2f58945c-7179-41e0-a2f1-d801f5061c1d
000efd5e-65db-4046-b0f7-f58c18c1817d,BE,BE-WAL,microhood,,land,Place des Sauverdias,,True,True,4.802093982696533,50.623802185058594,4.80275821685791,50.62403869628906,035181d6-b022-4840-a320-ee63be911171
0af81e22-56c7-4d7b-ae46-912a3346960d,BE,BE-WAL,locality,,land,Ophain-Bois-Seigneur-Isaac,,True,True,4.300420761108398,50.6305046081543,4.392836093902588,50.6822395324707,21543b72-4ce1-4d90-972e-b121c5e7fc7f
e211d7c7-5cab-45ad-9bf2-b8de7ebdb243,BE,BE-WAL,locality,,land,Nalinnes,"[[""pcd"", ""Nålene""], [""fr"", ""Nalinnes""], [""ru"", ""Налин""]]",True,True,4.409659385681152,50.30485916137695,4.4768242835998535,50.36198425292969,cc674354-fa55-47b2-a44d-eb5164f001b7
40348031-3431-40c9-b6b2-d0693f33f708,BE,BE-WAL,locality,,land,Lens,"[[""fr"", ""Lens""], [""wa"", ""Linse""], [""la"", ""Lendium""], [""ru"", ""Ланс""]]",True,True,3.8269107341766357,50.53863525390625,3.9793853759765625,50.61722183227539,fbdb1383-1be7-4431-a0fd-1df6bd2faaac
3af14f7d-7e92-4683-9259-9e90d98e62b1,BE,BE-WAL,locality,,land,Tongre-Saint-Martin,"[[""wa"", ""Tongue-Sint-Mårtén""], [""la"", ""Tungrum Sancti Martini""]]",True,True,3.7642030715942383,50.575313568115234,3.8019540309906006,50.597896575927734,334d2c11-90f9-41f2-b7a9-d70393d2be4d
6fae4a4b-34ef-4ec5-96ad-86acf33414f6,BE,BE-WAL,locality,,land,Saint-Denis,"[[""fr"", ""Saint-Denis""], [""nl"", ""Saint-Denis""], [""ru"", ""Сен-Дени""], [""wa"", ""Sint-Dni-dlé-Bovesse""]]",True,True,4.74455451965332,50.51897430419922,4.822189807891846,50.56114959716797,b7881df0-4938-4d96-84d0-03ad174aed0c
b0af9053-9795-4a8d-b2e1-5d3b3bbd5024,BE,BE-WAL,locality,,land,Thulin,"[[""ru"", ""Тюлен""]]",True,True,3.714359998703003,50.41203689575195,3.764174222946167,50.445945739746094,edb0dfca-8bb0-42a7-9123-848b0c269302
61402c57-347c-48ca-9510-92ba8bba51be,BE,BE-WAL,locality,,land,Doische,"[[""nl"", ""Doische""], [""ru"", ""Дуаш""], [""wa"", ""Dweche""]]",True,True,4.58197021484375,50.0921516418457,4.799454689025879,50.209991455078125,bcceaab1-0fef-4480-8b9e-16aeecf33103
0ea8f4ab-c8c3-4f2f-a0e6-d54ef219532f,BE,BE-WAL,locality,,land,Boussoit,,True,True,4.069940567016602,50.44895935058594,4.092796802520752,50.467018127441406,1b46da54-1894-4a11-a443-16aecb399ecd
1c9c90b0-9f36-4e0d-8298-e672ef1a47af,BE,BE-WAL,microhood,,land,Place de la Marjolaine,,True,True,4.6192779541015625,50.66419219970703,4.6196722984313965,50.66447448730469,49bff672-d4d7-4e3e-aaf5-9167fbc28dda
56cf902c-73a3-4c98-a12e-86ee67805f12,BE,BE-WAL,locality,,land,Meux,"[[""fr"", ""Meux""], [""nl"", ""Meux""], [""wa"", ""Meu""]]",True,True,4.762434482574463,50.53220748901367,4.836919784545898,50.57335662841797,13956e62-f173-4864-9ede-3a0a7574adcd
4e340051-a9b1-45e1-a3e7-07c2d891caed,BE,BE-WAL,locality,,land,Villers-Poterie,,True,True,4.538658142089844,50.341243743896484,4.564689636230469,50.371238708496094,f1f4594b-b0bd-4ae0-88c6-afa6b9c2d0f5
bf930dd6-a5f4-4ab7-b03f-c312ee5e756b,BE,BE-WAL,locality,,land,Herquegies,,True,True,3.5496788024902344,50.62590408325195,3.593083381652832,50.64221954345703,7f9ce9a5-ca86-4c05-a66e-9dd398f27be8
5fab1975-be93-4580-8555-079265fdb17c,BE,BE-WAL,locality,,land,Boussu-en-Fagne,"[[""pcd"", ""Boussu-in-Fagnes""], [""fr"", ""Boussu-en-Fagne""], [""nl"", ""Boussu-en-Fagne""], [""wa"", ""Boussu-el-Fagne""]]",True,True,4.385620594024658,50.0682258605957,4.4908881187438965,50.135921478271484,52f3e338-768f-4a6e-ab91-d37861cbb985
cafb193d-07b6-464d-bf63-8cfeae389698,BE,BE-WAL,locality,,land,Couture-Saint-Germain,,True,True,4.463057994842529,50.64650344848633,4.494229316711426,50.67900085449219,e33032c9-de5e-40f0-8459-e3e594dfcebc
ad04c1d0-821e-400f-a299-8556436a3506,BE,BE-WAL,locality,,land,Marchipont,,True,True,3.657158374786377,50.36553955078125,3.6733102798461914,50.38459014892578,50e855c3-4da2-4a30-8e60-27f12cbfbcdc
8d031159-2ac3-43a2-97df-e28a7ff3674b,BE,BE-WAL,locality,,land,Feluy,"[[""ru"", ""Фелюи""]]",True,True,4.208307266235352,50.523475646972656,4.271634101867676,50.601585388183594,21ac0fb9-3170-4693-a4a3-77521bd72b15
c450d63d-eb27-48ed-bc54-d81e8c602e0a,BE,BE-WAL,locality,,land,Couillet,"[[""pcd"", ""Couyet""], [""fr"", ""Couillet""], [""ru"", ""Куйе""]]",True,True,4.453483581542969,50.37601852416992,4.494685173034668,50.401702880859375,a74d56b8-7a54-4216-a86a-2d816362c3bb
71efe1bf-4c87-456d-ba68-05e3c9efe6e3,BE,BE-WAL,locality,,land,Hevillers,,True,True,4.588972091674805,50.60675048828125,4.637267112731934,50.64575958251953,43d5f45e-a919-45b1-a878-8d66bc3221f5
07d74a6e-b1a5-403f-9184-2d20640aa33a,BE,BE-WAL,microhood,,land,Place de la Gare,,True,True,4.280278205871582,50.40195083618164,4.281364917755127,50.402488708496094,91401672-7fee-48d0-acc2-c7834c3d9295
2cec14ef-5a7a-4373-b4f1-7d817534e495,BE,BE-WAL,locality,,land,Berzée,"[[""nl"", ""Berzée""], [""ru"", ""Берзе""], [""wa"", ""Berzeye""]]",True,True,4.3656463623046875,50.27643585205078,4.419575214385986,50.311153411865234,706f7fa9-64a9-43b4-85cd-0c46af19f53f
dd978223-38e2-4348-ae06-685f6d8d1b77,BE,BE-WAL,locality,,land,Chastrès,"[[""nl"", ""Chastrès""], [""wa"", ""Tchestret""]]",True,True,4.437091827392578,50.25313949584961,4.491195201873779,50.2825813293457,3b427413-23a1-4253-a5e0-0885bbda33e0
41d2e594-7304-4a59-a4aa-b5d75c3f1c4c,BE,BE-WAL,locality,,land,Hameau de la Rue Haute,,True,True,4.127845764160156,50.64576721191406,4.133646011352539,50.6508903503418,bdd6c0fb-64c0-40fb-b476-1ef4d94b1408
77c82ac1-333c-4980-8fe4-c7e7bd0c2ad9,BE,BE-WAL,locality,,land,Nouvelles,,True,True,3.9571311473846436,50.3978157043457,3.985800266265869,50.421661376953125,0c023694-b3cd-46d6-9d8e-5ba6714dd3ca
ef4af670-58d2-4928-92b3-f93ae3bd9974,BE,BE-WAL,locality,,land,Annevoie-Rouillon,"[[""ru"", ""Анвуа-Руйон""], [""wa"", ""Annvoye""]]",True,True,4.8195271492004395,50.3226203918457,4.874554634094238,50.36175537109375,ffc24cea-5768-46df-9023-42258cd63645
c8a64af3-8a3e-4568-9bc1-a50a6229fb5d,BE,BE-WAL,locality,,land,Hanzinelle,"[[""nl"", ""Hanzinelle""], [""wa"", ""Anzinèl""]]",True,True,4.538029670715332,50.279930114746094,4.591272830963135,50.30758285522461,bec22ab2-3fd7-424c-84ae-d22ce3f63212
b7049f04-f7f3-4e5c-87cb-b702ee954b05,BE,BE-WAL,locality,,land,Yves-Gomezée,"[[""nl"", ""Yves-Gomezée""], [""ru"", ""Ив-Гомезе""], [""wa"", ""Ive""]]",True,True,4.467784881591797,50.216007232666016,4.545161724090576,50.25379180908203,d0119d07-ba9e-48c6-bc2c-96c8f4daa873
0e75e994-db78-47f9-8e4c-62c086ca6654,BE,BE-WAL,locality,,land,Lasne,"[[""fr"", ""Lasne""], [""ru"", ""Лан""]]",True,True,4.3948540687561035,50.64393615722656,4.526368618011475,50.72418212890625,26bfc749-37ec-4dbe-9d54-d9441d828505
c12f3c57-3b59-4e07-9d26-842478186d8a,BE,BE-WAL,locality,,land,Lillois-Witterzée,"[[""ru"", ""Лиллуа-Виттерзе""]]",True,True,4.3301897048950195,50.625938415527344,4.404725551605225,50.65819549560547,6e372e32-27a8-4fe7-99e1-b040b0b5abdf
3ca070eb-90ad-4967-953b-7284672321dc,BE,BE-WAL,locality,,land,Presgaux,"[[""nl"", ""Presgaux""], [""wa"", ""El Presgå""]]",True,True,4.40650749206543,49.99203872680664,4.4446516036987305,50.03907012939453,65ebe295-2413-4da1-989d-1fee7437b523
42c79f81-eac5-4bb7-bde7-a325bff06683,BE,BE-WAL,locality,,land,Village Tamberma,,True,True,3.889470338821411,50.58240509033203,3.891385793685913,50.58313751220703,8a1de9f0-00aa-467f-96b5-42e57316611b
9bead5ee-089f-431b-af92-419e26a86803,BE,BE-WAL,locality,,land,Pommerœul,"[[""ru"", ""Помрёль""]]",True,True,3.693136692047119,50.442264556884766,3.7519280910491943,50.47661209106445,9cb78b79-7218-41f8-a652-701e4ddc2a3b
9edb3668-e32e-4b6a-924f-d663c27e226d,BE,BE-WAL,locality,,land,Florennes,"[[""fr"", ""Florennes""], [""ru"", ""Флорен""], [""nl"", ""Florennes""], [""wa"", ""Florene""]]",True,True,4.5045857429504395,50.19755172729492,4.788215160369873,50.323089599609375,538403fd-eccb-4a44-825e-71953b2e1e47
5bfb72e1-869c-4a51-b191-14c477ca2df3,BE,BE-WAL,locality,,land,Sautin,,True,True,4.198463439941406,50.14240264892578,4.272306442260742,50.188682556152344,ad6bb2db-a9a4-414b-a260-487444762430
eb9a1590-ac75-42b7-b1b5-a342e2521394,BE,BE-WAL,locality,,land,Buzet,"[[""ru"", ""Бюзе""]]",True,True,4.339737415313721,50.51530838012695,4.409167289733887,50.56288528442383,c7eaa6aa-6f44-4915-995e-169f3ec27967
82509ada-cd8d-473b-9afd-12e4509ae3f9,BE,BE-WAL,microhood,,land,Place de Hoves,,True,True,4.035861015319824,50.6706657409668,4.036926746368408,50.6713981628418,74f450f7-974e-40ba-8737-74f0f0023c28
e31e38db-5c3c-4ea6-88db-25049c2a1da7,BE,BE-WAL,locality,,land,Mornimont,"[[""fr"", ""Mornimont""], [""nl"", ""Mornimont""], [""wa"", ""Mornîmont""]]",True,True,4.6895036697387695,50.42732238769531,4.7167582511901855,50.46353530883789,92f20b54-0fa8-46cb-a676-8532f8e33b7b
b7820f72-1174-404d-bc68-a3119e2538ce,BE,BE-WAL,locality,,land,Hermeton-sur-Meuse,"[[""wa"", ""Ermeton-so-Mouze""]]",True,True,4.780268669128418,50.17620849609375,4.825445652008057,50.20743942260742,83aa5da7-42cf-4660-81cc-4ec02cb04d15
37da4153-af6f-4c05-8d5e-0c2a9592f15e,BE,BE-WAL,locality,,land,Onnezies,,True,True,3.6958389282226562,50.34954833984375,3.7342610359191895,50.377952575683594,7666d061-5244-4efd-ac82-fe9854fe83ba
5fca0f72-151e-40ea-85ec-1e2eaaff8baa,BE,BE-WAL,locality,,land,Mellet,"[[""ru"", ""Мелле""]]",True,True,4.444678783416748,50.49043655395508,4.513197422027588,50.51852035522461,85dfd32a-d0db-4a58-9ac0-c6051106b63d
e9d93e1d-8bc4-48f5-833d-b9af011e8a26,BE,BE-WAL,locality,,land,Fontaine-Valmont,,True,True,4.1974711418151855,50.28119659423828,4.2674641609191895,50.326351165771484,23f4988b-5873-4ad4-90fb-1917072d4f00
47004a90-34c9-4cc1-b535-06015a8267bf,BE,BE-WAL,locality,,land,Ghlin,"[[""fr"", ""Ghlin""], [""ru"", ""Глен""]]",True,True,3.8544929027557373,50.458194732666016,3.9412131309509277,50.50375747680664,92eed9f7-65b1-4882-a33c-10bf40ebe561
d79baef5-0d98-427c-8aa0-dda5555a86d0,BE,BE-WAL,locality,,land,Goegnies-Chaussée,,True,True,3.924819231033325,50.335731506347656,3.9681897163391113,50.35494613647461,b0f3e09b-995c-4eeb-b933-474385bf64fc
90fbedda-7597-4012-9072-f5942b5151ce,BE,BE-WAL,locality,,land,Romerée,"[[""nl"", ""Romerée""], [""ru"", ""Ромре""], [""wa"", ""Romrêye""]]",True,True,4.6312947273254395,50.11629104614258,4.708396911621094,50.1579704284668,785f2bdd-5c91-4ecd-afe6-d6fa38fdacd5
60343ab1-0e62-472c-8455-c058f5cc4845,BE,BE-WAL,locality,,land,Maransart,,True,True,4.43843936920166,50.644317626953125,4.473813056945801,50.66905212402344,584449ec-48fb-4df6-835c-3c6a8b6f9936
51796bf9-b78e-41f4-b635-f34b6e13f48a,BE,BE-WAL,locality,,land,Walhain-Saint-Paul,"[[""ru"", ""Вален-Сен-Поль""]]",True,True,4.649110794067383,50.59421920776367,4.727118015289307,50.642887115478516,c341b2b0-4d78-4b9a-aab1-cd83481c6f73
cf0e5cf4-82a8-4e9e-bdf7-76c946d5331a,BE,BE-WAL,microhood,,land,Square Franz Moreau,,True,True,4.21937370300293,50.41892623901367,4.219736099243164,50.41920471191406,ca2812e6-d18a-4d2e-8db9-4680222e91ef
9c4b469b-220f-4bd1-befd-8754ca245c9b,BE,BE-WAL,locality,,land,Onhaye,"[[""fr"", ""Onhaye""], [""wa"", ""Onhaye""], [""ru"", ""Оне""]]",True,True,4.736491680145264,50.21469497680664,4.893754482269287,50.31106948852539,804881b8-4eb0-4867-a6ac-d6b8f8041268
5bef071f-a596-4f46-a47b-2eafb70e607a,BE,BE-WAL,locality,,land,Souvret,,True,True,4.322333335876465,50.429527282714844,4.358725547790527,50.45662307739258,3220969a-9eda-4f8b-a575-72d229213ce3
c9849269-b43b-45b8-be94-7b7dd02bdd3c,BE,BE-WAL,microhood,,land,Place Maurice Servais,,True,True,4.864847183227539,50.46198654174805,4.865409851074219,50.46257400512695,0f14cbab-8791-4c1d-9e7e-7a970f47033f
831e8b48-7689-49a1-ab5e-f6dc35f3eae0,BE,BE-WAL,locality,,land,Hornu,"[[""ru"", ""Орню""]]",True,True,3.7988765239715576,50.394981384277344,3.8435475826263428,50.444114685058594,d8efd678-c34e-4cdd-a2cd-968b5c5cc152
4b749f15-3773-4f3e-8f73-112a0337a119,BE,BE-WAL,locality,,land,Brugelette (section),,True,True,3.8307301998138428,50.581581115722656,3.8874237537384033,50.62409591674805,783d847a-f588-41f0-9f36-0fadf9e13503
390d36fe-bec8-412f-8fc1-0717c494b601,BE,BE-WAL,locality,,land,Somzée,"[[""nl"", ""Somzée""], [""ru"", ""Сомзе""], [""wa"", ""Somzêye""]]",True,True,4.4671549797058105,50.278587341308594,4.529119968414307,50.30955123901367,f7986746-91dc-42e4-a372-7edb435391e2
39091d7d-8ea1-42c3-8ee6-42879f5dc4da,BE,BE-WAL,locality,,land,Émines,"[[""fr"", ""Émines""], [""nl"", ""Émines""], [""wa"", ""Émene""]]",True,True,4.789009094238281,50.499229431152344,4.860290050506592,50.531829833984375,a6787228-5c76-4a3e-b839-8d5d59bda5a0
2b0c96ff-2650-4fb7-8941-4a5e6a8ef676,BE,BE-WAL,locality,,land,Matagne-la-Petite,"[[""nl"", ""Matagne-la-Petite""], [""ru"", ""Матань-ла-Птит""], [""wa"", ""Matagne-li-Ptite""]]",True,True,4.6211113929748535,50.095619201660156,4.684805870056152,50.152313232421875,1488baa1-3ebd-46ab-88f4-8aadfdf30356
5a627542-40a1-49eb-9177-57a0f352ede4,BE,BE-WAL,locality,,land,Honnelles,"[[""pcd"", ""Onele""], [""fr"", ""Honnelles""]]",True,True,3.657158374786377,50.303157806396484,3.8395464420318604,50.38459014892578,441965d3-808d-47ce-bd34-f9f02ac2893c
780f1a1e-f638-476f-856d-31873737608d,BE,BE-WAL,locality,,land,Thorembais-les-Béguines,"[[""ru"", ""Торамбе-ле-Бегин""]]",True,True,4.7861738204956055,50.634090423583984,4.84116268157959,50.67141342163086,5aa52e9a-ac06-495f-8562-4d78899519d1
4d2d886f-2bf2-4479-ad3a-d0c904ffb02c,BE,BE-WAL,locality,,land,Mettet,"[[""fr"", ""Mettet""], [""ru"", ""Мете""], [""nl"", ""Mettet""], [""wa"", ""Metet""]]",True,True,4.58235502243042,50.26141357421875,4.767909526824951,50.37986373901367,34f43138-cc3c-4978-b08a-9d96399a3618
43ee7f63-769e-4d77-9a3c-565af582bfc3,BE,BE-WAL,locality,,land,Lonzée,,True,True,4.708300590515137,50.53969955444336,4.756800651550293,50.564048767089844,74a1e801-5359-4393-9a45-c50ab1cd9149
4804ca9d-d6fd-456e-ba4a-be99736f27eb,BE,BE-WAL,locality,,land,Bothey,"[[""nl"", ""Bothey""], [""wa"", ""Bôtè""]]",True,True,4.634014129638672,50.51229476928711,4.678924083709717,50.53537368774414,32b78869-5e71-4b63-8667-98e48288beb0
5d3bb50d-7c76-41a0-b0e1-30c8656ed692,BE,BE-WAL,locality,,land,Frasnes-lez-Gosselies,"[[""ru"", ""Фран-ле-Госли""]]",True,True,4.418702602386475,50.5113639831543,4.4783477783203125,50.56016159057617,1289d49c-6f2a-4c13-9d5d-041890a696bd
2e9c58ad-e8dd-4c5b-b983-25680d7fc832,BE,BE-WAL,locality,,land,Geest-Gérompont-Petit-Rosière,,True,True,4.8310441970825195,50.62805938720703,4.900596618652344,50.662357330322266,e066533e-e050-4e92-9b34-286de4086d2f
6c89e2b5-1249-4985-9cdf-2f29532d5108,BE,BE-WAL,locality,,land,Blaugies,"[[""fr"", ""Blaugies""], [""wa"", ""Blåjî""]]",True,True,3.7876014709472656,50.35319137573242,3.8525357246398926,50.379302978515625,c7b6e490-ee51-4240-b7a4-63890c1dc182
1efc0137-f938-4b2e-bf25-510b2ac406c5,BE,BE-WAL,locality,,land,Beuzet,"[[""fr"", ""Beuzet""], [""nl"", ""Beuzet""], [""ru"", ""Бовес""], [""wa"", ""Beuzet""]]",True,True,4.697733402252197,50.522483825683594,4.761757850646973,50.5450439453125,76739ba2-2361-4b58-8cdd-96282115a659
168ec3f9-80df-4f71-b731-bb8ad9436bcf,BE,BE-WAL,locality,,land,Cité Parc du Canal,,True,True,4.263645172119141,50.56768035888672,4.272223472595215,50.570472717285156,8db39c5a-e360-40b0-bcca-636ae6d98f86
558693d8-1e93-4eb5-b069-e0db35743570,BE,BE-WAL,locality,,land,Éghezée,,True,True,4.882022380828857,50.575828552246094,4.924417495727539,50.60208511352539,bb8eef6a-1a13-48f3-a11a-1b0bf6daeb9e
71c8795d-dbf6-47cf-9c31-e45f981cf541,BE,BE-WAL,locality,,land,Piéton,,True,True,4.261988162994385,50.424564361572266,4.32680082321167,50.45414733886719,3fcd1113-5d96-4311-b186-821c01f39793
987ec3d9-b17c-41d4-9516-9e48aa293b89,BE,BE-WAL,locality,,land,Vodelée,"[[""nl"", ""Vodelée""], [""wa"", ""Vôdlêye""]]",True,True,4.7152509689331055,50.154788970947266,4.756856918334961,50.18242263793945,88b3dc84-23a6-483c-98e4-e41fd1848582
1bcc0d4e-ed30-4ce2-be72-5685401edea7,BE,BE-WAL,locality,,land,Plat Quertin,,True,True,4.227507591247559,50.671424865722656,4.230229377746582,50.672454833984375,1c8f0637-449b-46b1-b991-f9e483da5119
0b00d853-7cfc-4dd9-bae6-a67bfe3886dc,BE,BE-WAL,locality,,land,Chastre-Villeroux-Blanmont,,True,True,4.573988437652588,50.58899688720703,4.663174152374268,50.63125991821289,baf5bd0b-b39c-412c-8bb4-cca8cc21f9f3
ccb6a994-ce93-4de0-ba5a-bd64af3ec519,BE,BE-WAL,microhood,,land,Place Louise,,True,True,3.943574905395508,50.4522819519043,3.944072961807251,50.452552795410156,27444ba4-4405-4967-b84b-a76009abbe11
ad75c4df-40ad-4f4b-a038-0d92fc6da207,BE,BE-WAL,locality,,land,Erbisœul,,True,True,3.8716416358947754,50.49907302856445,3.9333417415618896,50.524471282958984,a947e487-9d93-4ec6-a6cc-5309d63d4595
f9dae99c-c7ce-45e0-8d77-c7edb338fa25,BE,BE-WAL,locality,,land,Ostiches,"[[""la"", ""Hospiticum""], [""ru"", ""Остиш""]]",True,True,3.7244045734405518,50.66263961791992,3.7824668884277344,50.697452545166016,cc4a7ea5-a730-49ae-b882-aa21784c7966
ec67d2a8-cd33-40cb-bfc0-91e4ad99c65d,BE,BE-WAL,locality,,land,Isnes,"[[""fr"", ""Isnes""], [""nl"", ""Isnes""], [""wa"", ""Les Înes""]]",True,True,4.7101640701293945,50.49602127075195,4.7676873207092285,50.526424407958984,2f1f9792-8c0a-4bed-a9b4-194c94d7565a
3d7b7cb1-b892-422b-87a8-cf5b539e2325,BE,BE-WAL,locality,,land,Jurbise,"[[""pcd"", ""Djurbize""], [""fr"", ""Jurbise""], [""la"", ""Iorbisa""], [""nl"", ""Jurbeke""], [""ru"", ""Жюрбиз""]]",True,True,3.799640417098999,50.488739013671875,3.996610403060913,50.55519485473633,273eed59-269d-43d9-ad29-8728182ddaad
857a88c0-2bcc-4065-b2d2-6a3ec72fb903,BE,BE-WAL,microhood,,land,Square Eugène Derbaix,,True,True,4.171810626983643,50.40883255004883,4.172880172729492,50.40953826904297,044f42d8-1fb3-484b-ae4c-225a3e728d96
35f05312-0dbb-48e1-96c1-5dc6b32aeaa4,BE,BE-WAL,locality,,land,Houtaing,"[[""fr"", ""Houtaing""], [""nl"", ""Houthem""], [""ru"", ""Утен""]]",True,True,3.655106544494629,50.63313293457031,3.701937198638916,50.654808044433594,f863941e-3101-46cd-a367-8c54bc4e3ff9
0966a94f-ccab-47cc-966b-08a316cc1380,BE,BE-WAL,locality,,land,Daussoulx,"[[""fr"", ""Daussoulx""], [""wa"", ""Dåssoû""]]",True,True,4.852017879486084,50.5086555480957,4.896050453186035,50.52703094482422,79ebb1c3-ab7f-468e-92d4-96a0ca751a3c
f1181a12-12ad-488c-8dd6-ce88e57942e8,BE,BE-WAL,locality,,land,Quaregnon,"[[""pcd"", ""Cwargnon""], [""fr"", ""Quaregnon""], [""ru"", ""Кареньон""], [""la"", ""Quaregio""]]",True,True,3.828810453414917,50.41136932373047,3.8845157623291016,50.45932388305664,325ab857-4cb0-42a2-9586-46347b01bc17
8f8f08ec-0764-4d92-b965-ff46d75cfe92,BE,BE-WAL,locality,,land,Asquillies,,True,True,3.9437708854675293,50.384361267089844,3.9716057777404785,50.40873718261719,11d3bcfe-8c3e-4140-87ed-921021f34566
2138f7f3-85d5-42f3-a9e2-6f82a1662712,BE,BE-WAL,microhood,,land,Place de Baulers,,True,True,4.352467060089111,50.61326217651367,4.353001117706299,50.61366653442383,9609d7be-8948-4bbb-bee1-b7502497605a
89afa299-81c0-49c1-9662-bab373a4dc7d,BE,BE-WAL,locality,,land,Bienne-lez-Happart,,True,True,4.19173526763916,50.34640884399414,4.239902973175049,50.36476135253906,0bd3f39f-7243-4d11-9e4e-b75a99d880ce
6634f87c-89d8-4f27-a886-da8f92965673,BE,BE-WAL,locality,,land,Angreau,,True,True,3.664754867553711,50.339927673339844,3.703035593032837,50.360023498535156,a667927e-0619-4337-b7f9-325b5f5632bb
fc79bdc2-162b-4dd6-a648-422b7a82d1e0,BE,BE-WAL,locality,,land,Familleureux,,True,True,4.186179161071777,50.510948181152344,4.235556602478027,50.542118072509766,31a0ab28-7b85-40ac-a768-ebf79bd98817
17da0114-46c3-4f11-a758-fc7de172291c,BE,BE-WAL,locality,,land,Sambreville,"[[""fr"", ""Sambreville""], [""ru"", ""Самбрвиль""]]",True,True,4.572685241699219,50.40010452270508,4.6702704429626465,50.49264907836914,df326e84-0a15-48d6-8fef-71e4886167e2
92e0ab95-bd3b-40e0-af4e-3577f2ea93f0,BE,BE-WAL,locality,,land,Flénu,"[[""pcd"", ""Flinnu""], [""fr"", ""Flénu""]]",True,True,3.875105619430542,50.41535568237305,3.9076452255249023,50.44365310668945,a8b7e81a-5a6b-409f-b59c-a8e010039fdf
57880ee3-cf58-49b2-acce-bff5fe0bb4a6,BE,BE-WAL,locality,,land,Hoves,"[[""pcd"", ""Ôve""], [""fr"", ""Hoves""], [""nl"", ""Hove""], [""ru"", ""Ов""], [""wa"", ""Ôve""]]",True,True,4.0072503089904785,50.63273620605469,4.066641807556152,50.68507766723633,0bbd8e3d-39da-4cfa-8739-b57386597373
5e724678-f761-4ae1-a0ec-394d27212fe0,BE,BE-WAL,locality,,land,La Bouverie,"[[""fr"", ""La Bouverie""], [""ru"", ""Ла-Бувери""], [""wa"", ""El Bouvriye""]]",True,True,3.868581771850586,50.394290924072266,3.889914035797119,50.42134094238281,90e29670-b164-4a05-8237-a906d29ea8bb
67bc2751-9d3b-4e0e-a293-38ad335a1f5b,BE,BE-WAL,locality,,land,Keumiée,"[[""nl"", ""Keumiée""], [""wa"", ""Keumiêye""]]",True,True,4.585128307342529,50.45313262939453,4.602353096008301,50.486671447753906,30352153-d5cb-4252-b129-32f9c9fcfd59
9ea1d478-9a2d-4e0b-ba57-398b852207d1,BE,BE-WAL,microhood,,land,Grand'Place,,True,True,4.448494911193848,50.39977264404297,4.449455261230469,50.40095520019531,07ded83a-0220-44ed-bc18-e69f48484c77
35d595ff-63a3-4558-9e3e-741eb402b59b,BE,BE-WAL,locality,,land,Labuissière,"[[""ru"", ""Лабюисьер""]]",True,True,4.169029712677002,50.30977249145508,4.219089984893799,50.33924102783203,5fb6923d-29e8-400e-beb6-3e2e8b3d99c1
c02143e7-01f7-4bc5-8fde-ee08e723cb70,BE,BE-WAL,locality,,land,Erbaut,,True,True,3.8702054023742676,50.51675796508789,3.905369758605957,50.543949127197266,af959835-6780-4a6e-aa4e-7bf33f5a99d3
e2038b3f-0c5b-415f-bc6a-1fcc390d5058,BE,BE-WAL,locality,,land,Estinnes,"[[""pcd"", ""L' Estene""], [""fr"", ""Estinnes""], [""wa"", ""L' Estene""], [""la"", ""Listinae""]]",True,True,4.027380466461182,50.32978439331055,4.1856889724731445,50.43049621582031,13012ea1-be2c-45bd-b8d8-9851ba4a89eb
33c875dd-61a9-4ed9-ab76-1e3f6866fdeb,BE,BE-WAL,microhood,,land,Place Jean Rey,,True,True,4.32840633392334,50.619140625,4.328973770141602,50.619529724121094,30720e6e-e25d-4a36-b31a-259b9301e4a5
ab993e72-0793-4609-8dc2-aeddcf747146,BE,BE-WAL,locality,,land,Rouveroy,"[[""ru"", ""Рувруа""]]",True,True,4.027380466461182,50.332088470458984,4.097615718841553,50.369991302490234,a591a40b-1e02-480b-bf1c-459ae32f639c
0468e864-51aa-4a0d-818f-d00fb12e8994,BE,BE-WAL,microhood,,land,Place Communale,,True,True,4.726869106292725,50.438079833984375,4.727273941040039,50.43842697143555,9e5e7351-0486-4ef9-a5a2-3a0db8256bb2
2515ba12-d980-480f-bff8-09cabc0aaccd,BE,BE-WAL,locality,,land,Les Bons Villers,"[[""pcd"", ""Les Bons Vilés""], [""fr"", ""Les Bons Villers""], [""ru"", ""Ле-Бон-Виллер""]]",True,True,4.372966766357422,50.47602844238281,4.513197422027588,50.564666748046875,ede4f92f-2194-491c-93fd-17f5de3a75ea
bd39335d-c6f3-44cd-8691-bd4c028bac5c,BE,BE-WAL,locality,,land,Houdeng-Gœgnies,,True,True,4.1376566886901855,50.473876953125,4.1981072425842285,50.51335525512695,166f9be3-bd34-4ea5-93f9-f818e19b4219
fc752ad0-7c85-4b4a-9c60-1e1b59b17308,BE,BE-WAL,locality,,land,Jamagne,"[[""nl"", ""Jamagne""], [""wa"", ""Djamagne""]]",True,True,4.508399486541748,50.198978424072266,4.555168151855469,50.23143005371094,af247161-8398-40d2-9ea0-7849184ed047
6cd96df6-f1d6-4f64-a8be-1ec1a2ebed05,BE,BE-WAL,locality,,land,Mesvin,,True,True,3.9479119777679443,50.411685943603516,3.972529649734497,50.43326187133789,2c650431-2c51-436b-9934-745cd0c88a0f
d0abb4e6-f7bc-4d44-88bf-5d731c4bd9e9,BE,BE-WAL,locality,,land,Seloignes,"[[""ru"", ""Селуань""]]",True,True,4.200695037841797,49.985755920410156,4.289717674255371,50.02465057373047,0b937e7a-3768-4459-a8a5-be626a29af2e
97fe0a43-8764-45b3-bb6f-fedc5ffc145c,BE,BE-WAL,locality,,land,Aulnois,"[[""ru"", ""Онуа""]]",True,True,3.8852248191833496,50.32695007324219,3.9140701293945312,50.348411560058594,78143926-16e5-49e1-adc3-a14b94feeab5
8ee811ee-df20-4247-83a0-29a14bd959cf,BE,BE-WAL,locality,,land,Saint-Martin,"[[""fr"", ""Saint-Martin""], [""nl"", ""Saint-Martin""], [""wa"", ""Sint-Mårtén""]]",True,True,4.639225959777832,50.48111343383789,4.6665496826171875,50.51300048828125,65f363ee-3131-4ccf-a3f9-3fc5fc571f29
f9026d65-d259-446f-809c-5016ef562819,BE,BE-WAL,locality,,land,Ernage,"[[""nl"", ""Ernage""], [""wa"", ""Ernadje""]]",True,True,4.655837059020996,50.570884704589844,4.700170516967773,50.60812759399414,f6962dc2-db4a-41e9-ba8d-95efaaa54615
7533a217-9c6e-4e6c-92ba-ad8e5f833632,BE,BE-WAL,locality,,land,Quévy-le-Grand,,True,True,3.907186985015869,50.328372955322266,3.982006072998047,50.385589599609375,fc364b60-23af-49e0-8508-b7a091d12deb
7dce9b64-b3f8-4f15-9c67-f2f0fb8a13c9,BE,BE-WAL,locality,,land,Vieux-Genappe,,True,True,4.375603199005127,50.59944534301758,4.449010372161865,50.65864944458008,5921fe39-7718-4ba8-b0d6-9d21d321e64b
d20ef84b-39b7-4b69-af84-39457448e991,BE,BE-WAL,locality,,land,Acoz,"[[""pcd"", ""Auco""], [""fr"", ""Acoz""], [""wa"", ""Åcoz""]]",True,True,4.489217758178711,50.342140197753906,4.548615455627441,50.37119674682617,deab279c-2b38-41bf-8182-aea355c1ecfd
8cd326fe-e27b-49d9-95b9-bbe8ea83064c,BE,BE-WAL,locality,,land,Bersillies-l'Abbaye,,True,True,4.1336236000061035,50.25642395019531,4.1687211990356445,50.27458190917969,7d4741e1-8fc8-41ba-a197-b2a367608042
ac5e3a4a-8095-44e0-8701-610be222d27e,BE,BE-WAL,locality,,land,Villers-Perwin,,True,True,4.451146602630615,50.50520706176758,4.504042148590088,50.539642333984375,ce56ab06-7aa8-464c-aa60-375513ca464b
8842882b-b9d3-4f55-97eb-1034b92df8ee,BE,BE-WAL,locality,,land,Quévy-le-Petit,"[[""ru"", ""Кеви-ле-Пти""]]",True,True,3.8930206298828125,50.34047317504883,3.9651193618774414,50.387699127197266,1861027e-e543-4f73-9df8-4b0a290fc52d
757b9069-b44c-4f06-b343-6b99b348d620,BE,BE-WAL,locality,,land,Sommière,"[[""wa"", ""Somère""]]",True,True,4.829225063323975,50.26419448852539,4.893754482269287,50.299896240234375,29c669d4-d11a-4333-9cd5-e37723bb6cf0
ac0b60c8-2fa7-4ccf-ab41-0098d050429a,BE,BE-WAL,locality,,land,Fleurus,"[[""pcd"", ""Fleuru""], [""fr"", ""Fleurus""], [""ru"", ""Флёрюс""], [""la"", ""Flerius""]]",True,True,4.478209972381592,50.43804931640625,4.600717067718506,50.54231262207031,642fc51f-548a-4ed5-9b48-b8b30b2e7f37
ecea37ca-8931-45b7-bdd5-628b93fdfcbc,BE,BE-WAL,locality,,land,Villers-en-Fagne,"[[""nl"", ""Villers-en-Fagne""], [""ru"", ""Виллер-ан-Фань""], [""wa"", ""Vilefagne""]]",True,True,4.559274673461914,50.12479019165039,4.616288185119629,50.15593719482422,324b8a64-dfc2-4632-b4f0-f903e29fedb0
0e3f259c-05e5-4fd0-8719-fef7d98d07b1,BE,BE-WAL,microhood,,land,Place de Buvrinnes,,True,True,4.207880973815918,50.38991165161133,4.208311557769775,50.39028549194336,06c2ac20-6754-4641-8263-74e98833216d
d115b6b9-276f-4f77-a306-b6cbf8d7d364,BE,BE-WAL,locality,,land,Leuze,"[[""la"", ""Lutosa""]]",True,True,3.58707332611084,50.567440032958984,3.6545636653900146,50.61310577392578,eaaedc23-a7ef-4c7c-9fa6-bd8d89791714
a9756f19-396f-4d4f-adfc-10e4f9045303,BE,BE-WAL,locality,,land,Jambes,"[[""fr"", ""Jambes""], [""ru"", ""Жамб""], [""wa"", ""Djambe""]]",True,True,4.861430644989014,50.430625915527344,4.907933712005615,50.46645736694336,b05f8e0c-3c65-43a1-96bb-1159624c0c77
67d1db89-1416-4935-9f5d-f39e875de5b3,BE,BE-WAL,locality,,land,Bon-Secours,"[[""la"", ""Bonus Succursus""]]",True,True,3.5982155799865723,50.49009704589844,3.6292691230773926,50.504581451416016,726c505d-0052-432a-b3f2-2180ddec3d0e
297282bc-249d-4cc3-8f44-693e6a7574d5,BE,BE-WAL,locality,,land,Couvin,"[[""pcd"", ""Couvéne""], [""fr"", ""Couvin""], [""zh-Hans"", ""库万""], [""bg"", ""Кувен""], [""ckb"", ""کوڤە""], [""ko"", ""쿠뱅""], [""ru"", ""Кувен""], [""zh-Hant"", ""庫萬""], [""he"", ""קובן""], [""wa"", ""Couvén""], [""ja"", ""クーヴァン""], [""fa"", ""کوون""]]",True,True,4.385620594024658,49.93721389770508,4.60524845123291,50.13961410522461,a8f64af9-5bae-48ec-9443-6e1996e4b600
e56302c1-426d-483c-9f80-c58eaecdf23f,BE,BE-WAL,locality,,land,Lambusart,"[[""ru"", ""Ламбюзар""]]",True,True,4.538382530212402,50.441226959228516,4.5840163230896,50.46562576293945,7f1be8c1-2b22-49fc-a9f0-802cacc66040
95bb5dc0-0103-4f3e-a286-09fbfb349c2b,BE,BE-WAL,locality,,land,Bouge,"[[""fr"", ""Bouge""], [""wa"", ""Boudje""]]",True,True,4.87023401260376,50.46900177001953,4.913531303405762,50.489566802978516,b128b7d0-06c6-4580-8e65-5389c6a40337
5bdf5064-7376-482b-bfb8-2e10b46a5022,BE,BE-WAL,locality,,land,Sosoye,"[[""wa"", ""Sôzoye""]]",True,True,4.728961944580078,50.28009796142578,4.79573917388916,50.30925750732422,0accb1ce-534c-43f7-9a94-12af40d98e8e
b21d73f2-d10f-4627-99cb-303f355379ac,BE,BE-WAL,locality,,land,Corroy-le-Château,"[[""fr"", ""Corroy-le-Château""], [""nl"", ""Corroy-le-Château""], [""wa"", ""Côroe-l'-Tchestea""]]",True,True,4.625278949737549,50.52206802368164,4.698716163635254,50.556739807128906,d7ec475e-d5e4-4527-b545-a937c2b9bf91
9190fc3d-3373-4b2d-a8e6-30d945574290,BE,BE-WAL,locality,,land,Fontaine Maqué,,True,True,4.284936428070068,50.67340087890625,4.289108753204346,50.67680740356445,6bbaa52e-f311-4c23-ae2a-e459e040e271
fec63a01-4ad9-4442-a8b1-916be2c57f4c,BE,BE-WAL,locality,,land,Pesche,"[[""nl"", ""Pesche""], [""ru"", ""Пеш""], [""wa"", ""Peche""]]",True,True,4.431179523468018,50.01073455810547,4.479892253875732,50.05839157104492,aa2fbf94-8c59-4f1d-809c-978dce7cd2dd
26a70eac-bc26-4db1-9ba7-9c0f1b3632fd,BE,BE-WAL,locality,,land,Faurœulx,,True,True,4.086134910583496,50.35603713989258,4.125308036804199,50.37813949584961,81b4464f-ed0d-4721-a46d-434de31ecff9
e4e7b2f7-f47c-41e3-9715-cadbc8d0aedd,BE,BE-WAL,locality,,land,Coin Perdu,,True,True,4.168200969696045,50.66752624511719,4.174676418304443,50.67009353637695,dca1df24-f1f0-4065-8fc0-cbd92a6f854b
0c269dc0-0275-4344-afdd-523c61876a03,BE,BE-WAL,locality,,land,Stave,"[[""nl"", ""Stave""], [""ru"", ""Став""], [""wa"", ""Ståve""]]",True,True,4.618210792541504,50.26141357421875,4.696402549743652,50.29531478881836,3cf3904c-f371-4279-9f52-9f7cc329a0be
c575fbb8-fa74-4d5e-a56f-ba548d381a34,BE,BE-WAL,locality,,land,Sart-Saint-Laurent,"[[""nl"", ""Sart-Saint-Laurent""], [""ru"", ""Сар-Сен-Лоран""], [""wa"", ""Li Sårt-Sint-Lorint""]]",True,True,4.713523864746094,50.37788391113281,4.7989821434021,50.41987991333008,193f90fd-8abf-4a72-b450-20fc1e06867a
fd955940-4159-450f-9a02-c2373831ffc3,BE,BE-WAL,localadmin,,land,Thuin,"[[""pcd"", ""Twin""], [""fr"", ""Thuin""], [""la"", ""Tudinum""], [""ko"", ""튀앵""], [""ru"", ""Тюэн""]]",True,True,4.042766094207764,49.941741943359375,4.4768242835998535,50.42805480957031,8bf36144-f147-43cc-a77d-68f64f491db0
2c39feeb-5091-4ffb-ad24-e62114a1995a,BE,BE-WAL,locality,,land,Haulchin,,True,True,4.044971466064453,50.3669548034668,4.099573612213135,50.404945373535156,f4c42f27-6baa-4986-9e7c-549a00d81a4b
3f79da50-9ab2-477f-a15c-4e8ffbca635d,BE,BE-WAL,locality,,land,Biesmerée,"[[""nl"", ""Biesmerée""], [""wa"", ""Biemrêye""]]",True,True,4.639800071716309,50.271846771240234,4.707723617553711,50.30976867675781,24dc2f20-a09a-46b5-8774-9feb7492e7c1
6f75b7ac-8bed-4435-aa8b-c479fbbcc74b,BE,BE-WAL,locality,,land,Ransart,"[[""pcd"", ""Ransaut""], [""fr"", ""Ransart""]]",True,True,4.461266994476318,50.44291687011719,4.500997543334961,50.47222900390625,45f20352-6ff1-49a4-88d6-fd2843598aaf
97c9024c-d001-4ed2-afec-d800e8787790,BE,BE-WAL,locality,,land,Bernissart,"[[""pcd"", ""Bérnissat""], [""fr"", ""Bernissart""], [""ru"", ""Берниссар""], [""la"", ""Reinersartus""]]",True,True,3.615220069885254,50.442264556884766,3.7538156509399414,50.51461410522461,7ffc2ae5-ac82-4081-b16e-7384f5190576
5b1f475b-8954-47f2-ad0e-42b24ca4f384,BE,BE-WAL,locality,,land,Walcourt,"[[""fr"", ""Walcourt""], [""la"", ""Vallocuria""], [""nl"", ""Walcourt""], [""ru"", ""Валькур""], [""wa"", ""Walcoû""]]",True,True,4.285750865936279,50.216007232666016,4.545161724090576,50.32896423339844,3b635597-eebc-44a0-b7ca-dafe5b34583c
9ae6aeff-a6b3-4f3b-90ea-1ff7225f37a4,BE,BE-WAL,locality,,land,Maisières,"[[""pcd"", ""Maisières""], [""fr"", ""Maisières""], [""ru"", ""Мезьер""]]",True,True,3.951171398162842,50.47734451293945,3.9982149600982666,50.513824462890625,4889734d-36da-4279-a567-9badf9d83cb6
c1421afd-1d55-4172-9c5e-fb3926d02236,BE,BE-WAL,locality,,land,Villers-lez-Heest,"[[""fr"", ""Villers-lez-Heest""], [""nl"", ""Villers-lez-Heest""], [""wa"", ""Viyé-dlé-Hesse""]]",True,True,4.817402362823486,50.52054977416992,4.860355377197266,50.55392074584961,bf6c26ed-ed04-430c-81fb-cc70ecc9c0a3
6b532d0c-e990-4047-9633-9edba324e2fc,BE,BE-WAL,locality,,land,Saint-Ghislain,"[[""pcd"", ""Saint-Guilagne""], [""fr"", ""Saint-Ghislain""], [""la"", ""Ghislenopolis""], [""bg"", ""Сен Гислен""], [""ru"", ""Сен-Гислен""], [""wa"", ""Sint-Guilin""], [""fa"", ""سن-گیزلن""]]",True,True,3.73626971244812,50.43815612792969,3.879448890686035,50.54153060913086,492d8899-5e25-404b-973b-86977600dcb0
c3814f21-9b75-4d99-9889-3c3c13160c20,BE,BE-WAL,locality,,land,Vaucelles,"[[""nl"", ""Vaucelles""], [""wa"", ""Våcele""]]",True,True,4.719030857086182,50.10179138183594,4.7532958984375,50.12623596191406,54241a8a-6359-4b26-9dd3-e62e1c0de391
f3fbea3c-3fcc-4d3e-8773-f08029176138,BE,BE-WAL,locality,,land,Rebecq-Rognon,"[[""en"", ""Rebecq-Rognon""], [""fr"", ""Rebecq-Rognon""], [""nl"", ""Roosbeek""], [""wa"", ""Erbek-Rognon""]]",True,True,4.091443061828613,50.62931442260742,4.163940906524658,50.67668151855469,c8b2ded4-404a-48ac-9773-7511a24e6311
dd716c29-1acb-433c-938b-e0dc4ac168c5,BE,BE-WAL,locality,,land,Ollignies,"[[""fr"", ""Ollignies""], [""nl"", ""Woelingen""], [""ru"", ""Оллиньи""]]",True,True,3.8306307792663574,50.66939163208008,3.9061877727508545,50.69650650024414,7c82c208-7dd3-4990-ba19-3ef2edbfcc2f
bfdded6f-d81e-4e71-b074-cd13b70eac3e,BE,BE-WAL,locality,,land,Mellery,,True,True,4.553729057312012,50.56856918334961,4.588778495788574,50.600833892822266,64831411-c7ac-4c5b-bd52-5824efbc45e1
b85b497b-876c-4f01-8342-3bf791108b94,BE,BE-WAL,locality,,land,Castillon,"[[""nl"", ""Castillon""], [""wa"", ""Castiyon""]]",True,True,4.329523086547852,50.22737121582031,4.378068447113037,50.277496337890625,cc1309b2-70cf-40cf-b9c9-0a93ebcac93f
32c901dc-db4f-4f17-91eb-3f85bd33c770,BE,BE-WAL,locality,,land,Ermeton-sur-Biert,"[[""nl"", ""Ermeton-sur-Biert""], [""ru"", ""Эрметон-сюр-Бьер""], [""wa"", ""Ermeton-so-Bier""]]",True,True,4.69796895980835,50.274600982666016,4.757420539855957,50.30814743041992,3d0f8267-5abd-4aff-be97-6e867b41097b
0217e137-0d13-4732-a375-b6d8e0f698e4,BE,BE-WAL,locality,,land,Noirchain,"[[""fr"", ""Noirchain""], [""wa"", ""Nwarcin""]]",True,True,3.9174163341522217,50.39274978637695,3.949180841445923,50.41371154785156,50bb02e7-738c-45d1-aa25-7172cb39bfcd
15db9728-e00b-4a80-a04f-f2abc3300b05,BE,BE-WAL,locality,,land,Oignies-en-Thiérache,"[[""fr"", ""Oignies-en-Thiérache""], [""nl"", ""Oignies-en-Thiérache""], [""ru"", ""Уаньи-ан-Тьераш""], [""wa"", ""Wegniye""]]",True,True,4.597378253936768,49.9853630065918,4.69441032409668,50.04488754272461,8c292cc1-5779-4a6c-acec-c2bf1d42e76a
a4d3c0da-2d83-4c2b-bea1-2db40be57c25,BE,BE-WAL,locality,,land,Estinnes-au-Val,,True,True,4.058297157287598,50.39043045043945,4.1336350440979,50.43049621582031,a7a96c1c-83fd-45a0-af90-cb71ff0998c2
99b11020-403e-40dd-9cd2-e79457972112,BE,BE-WAL,locality,,land,Châtelineau,,True,True,4.488820552825928,50.401206970214844,4.534142017364502,50.44377899169922,d9675fa2-bed2-46b2-a3b9-a2759455d7c9
0f9f688e-ccb5-40d5-a25c-aa9a8554a674,BE,BE-WAL,locality,,land,Village de Timor,,True,True,3.8853659629821777,50.58230209350586,3.8860583305358887,50.58271408081055,63b764f8-ba0a-48d8-91ff-e0c6fed16cad
a12b6606-d1f2-400c-9caa-3ed5c8da94d9,BE,BE-WAL,locality,,land,Willaupuis,"[[""ru"", ""Виллопюи""]]",True,True,3.582169771194458,50.5565185546875,3.614544630050659,50.57342529296875,8abc1fbc-756b-4fe4-9e01-d3b58829a1c8
34c74914-cad0-45d3-b108-b327054428a7,BE,BE-WAL,locality,,land,Wadelincourt,,True,True,3.6380727291107178,50.530540466308594,3.6729204654693604,50.55210494995117,c7941eff-cc4f-467b-9221-c81ebddfdc75
81681f51-4646-4ad7-9bed-75c8d871cc5e,BE,BE-WAL,locality,,land,Falmignoul,,True,True,4.854426383972168,50.180850982666016,4.9060893058776855,50.21928405761719,59dfda65-0920-4e04-b0a5-c2270c84e235
2d96eadb-238c-4bf9-adaa-6bc2be5f7a37,BE,BE-WAL,locality,,land,Biercée,"[[""ru"", ""Бьерсе""]]",True,True,4.241282939910889,50.3122444152832,4.278244495391846,50.33292007446289,e459ea3f-0609-4661-99df-10c27252d8d1
3fc188dd-d03e-4ba1-8203-a499889e3586,BE,BE-WAL,localadmin,,land,Nivelles,"[[""pcd"", ""Nivèle""], [""vls"", ""Neyvel""], [""fr"", ""Nivelles""], [""la"", ""Nivellae""], [""nl"", ""Nijvel""], [""ru"", ""Нивель""], [""wa"", ""Nivele""]]",True,True,4.091443061828613,50.5254020690918,5.0204877853393555,50.807220458984375,6fc347a6-4073-444a-87ad-2afa230c2f9d
9991599f-7fed-4895-9fb5-ed182b352a9e,BE,BE-WAL,locality,,land,Chaussée-Notre-Dame-Louvignies,"[[""fr"", ""Chaussée-Notre-Dame-Louvignies""], [""la"", ""Calceia Sanctae Mariae""]]",True,True,3.952251672744751,50.573936462402344,4.0301432609558105,50.60900115966797,b7a4d235-9f2f-4ad1-a947-9fdae54a501c
4b5a7a38-062c-4333-892e-cc933bc425b7,BE,BE-WAL,locality,,land,Tongrinne,"[[""nl"", ""Tongrinne""], [""wa"", ""Tongrene""]]",True,True,4.5850419998168945,50.500343322753906,4.6442999839782715,50.53711700439453,2eedc940-3268-4bc1-9f01-9a53ea48196d
6f013b61-611b-42b2-83d5-588f989f5568,BE,BE-WAL,county,2,land,Hainaut,"[[""pcd"", ""Hénau""], [""vls"", ""Enegouwn""], [""ar"", ""هينو""], [""fr"", ""Hainaut""], [""ca"", ""Hainaut""], [""nl"", ""Henegouwen""], [""ko"", ""에노주""], [""de"", ""Hennegau""], [""ru"", ""Эно""], [""en"", ""Hainaut""], [""sk"", ""Hennegavsko""], [""wa"", ""Hinnot""], [""es"", ""Henao""], [""ja"", ""エノー州""], [""hu"", ""Hainaut""]]",True,True,2.842034339904785,49.941741943359375,4.6172685623168945,50.8108024597168,f1f0a2ab-4bf5-440c-8b9a-5ccdc489d4f6
d0194e91-6a12-45cd-a71a-d77bca4cb951,BE,BE-WAL,microhood,,land,Place de Pâturages,,True,True,3.8630475997924805,50.412845611572266,3.8641510009765625,50.41325759887695,c85a5ad5-7df9-4098-aa5f-6aea49133bf1
0c85ba54-2069-4e41-95c0-b161a660b44d,BE,BE-WAL,locality,,land,Villers-la-Tour,"[[""pcd"", ""Vilé-al-Tour""], [""fr"", ""Villers-la-Tour""], [""ru"", ""Виллер-ла-Тур""]]",True,True,4.229700565338135,50.011268615722656,4.283905029296875,50.04523468017578,1953dd8e-ad72-43b7-bb8f-94cecd383ab4
3178b0b4-fe47-480b-a4eb-bfea737b572f,BE,BE-WAL,locality,,land,Ellignies-Sainte-Anne,,True,True,3.657543897628784,50.53856658935547,3.7330667972564697,50.56962203979492,219ac2a8-9a19-4d74-a698-a75a3e08d633
e0fd079f-76f5-45df-8149-d5b4be515624,BE,BE-WAL,locality,,land,Virginal-Samme,"[[""ru"", ""Виржиналь-Сам""]]",True,True,4.196978569030762,50.62410354614258,4.238500118255615,50.65885543823242,6f00ccd4-4852-4e07-8570-1b4b917c0dee
c138377b-aa8b-4a29-aece-36bf0d5e16a8,BE,BE-WAL,locality,,land,Roux,"[[""pcd"", ""Rou""], [""fr"", ""Roux""]]",True,True,4.362517356872559,50.42658615112305,4.408406734466553,50.45705795288086,a1572396-74d8-447e-a19b-873d8b7ff642
5523cb10-82af-433c-aaaa-b5c00d3ad36c,BE,BE-WAL,locality,,land,Cuesmes,,True,True,3.899080514907837,50.41359329223633,3.9473910331726074,50.45252990722656,61ad3d8e-0162-4fdf-b92c-2254ac7deafc
34949597-1bfc-455a-83e9-1a4e43781444,BE,BE-WAL,microhood,,land,Place d'Armes,,True,True,4.86701774597168,50.462772369384766,4.867887496948242,50.46350860595703,821f76cb-9c08-4363-9294-c270dfbe604d
3db87e7b-a8a2-4d32-8eb1-c896a5462b52,BE,BE-WAL,locality,,land,Stambruges,"[[""ru"", ""Стамбрюж""], [""la"", ""Stambrusia""]]",True,True,3.7092158794403076,50.492408752441406,3.7457022666931152,50.51951599121094,10ade885-f52c-48cd-895e-980356bb08a9
5e1583c4-2990-4f47-9e55-81a60dea8ac2,BE,BE-WAL,locality,,land,Warnant,"[[""wa"", ""Warnin""]]",True,True,4.8019609451293945,50.3001594543457,4.877689838409424,50.330387115478516,4a248576-5787-43a8-a553-41093510c8d8
cfc2fc6e-4e4f-4902-b205-1ac4ea3e9601,BE,BE-WAL,locality,,land,Merbes-le-Château,"[[""pcd"", ""Miebe""], [""fr"", ""Merbes-le-Château""], [""wa"", ""Miebe""]]",True,True,4.132563591003418,50.28119659423828,4.2674641609191895,50.366756439208984,3b12f56d-65c9-4f6b-a7d2-2017a4b43fe6
fba1cab0-4410-4c19-bb8e-32d499bf0e55,BE,BE-WAL,locality,,land,Grosage,,True,True,3.7523250579833984,50.526546478271484,3.7889325618743896,50.56193161010742,16dd7c32-8c92-44e7-9793-65e35fb5fa68
c7cfecfe-1593-4006-8168-be5969abb2fb,BE,BE-WAL,locality,,land,Havay,,True,True,3.958486795425415,50.34067153930664,4.0063982009887695,50.38269805908203,15c8bb8c-7d3d-4a42-b39c-896413f31dfc
0b86c23f-9e88-4f42-b3b2-291b64d6487a,BE,BE-WAL,locality,,land,Braine-l'Alleud,"[[""lb"", ""Braine-l’Alleud""], [""fr"", ""Braine-l'Alleud""], [""la"", ""Brania Allodii""], [""nl"", ""Eigenbrakel""], [""de"", ""Braine-l’Alleud""], [""ru"", ""Брен-л’Аллё""], [""en"", ""Braine-l'Alleud""], [""wa"", ""Brinne-l'-Alou""]]",True,True,4.300420761108398,50.625938415527344,4.411996364593506,50.734291076660156,b7153489-af17-47d5-a3d4-96be5cd3fa85
1d935974-756b-4dc6-9e49-37f4a8d102d2,BE,BE-WAL,locality,,land,Eugies,"[[""pcd"", ""Widgies""], [""fr"", ""Eugies""], [""ru"", ""Эжи""], [""wa"", ""Widjî""]]",True,True,3.8613224029541016,50.378944396972656,3.9035375118255615,50.39874267578125,4f597583-5801-408d-b984-de0786c8f70d
34926d36-b09d-49ce-8b95-a41229784391,BE,BE-WAL,locality,,land,Montignies-lez-Lens,"[[""ru"", ""Монтиньи-ле-Ланс""]]",True,True,3.9076461791992188,50.54721450805664,3.9793853759765625,50.57741165161133,c1ff1a7e-9ccd-4ecb-aca5-1d7404d7f792
1b3549d5-bfd7-41c0-beaa-33c53ced8376,BE,BE-WAL,locality,,land,Masnuy-Saint-Jean,,True,True,3.9227120876312256,50.488739013671875,3.996610403060913,50.55183029174805,f0473709-d39f-4cff-acd1-4c767147e636
d754ccd4-6599-4294-be8a-453948532fb0,BE,BE-WAL,microhood,,land,Place de Besonrieux,,True,True,4.195699214935303,50.51141357421875,4.196538925170898,50.51185989379883,415db356-ef3a-4e35-b25c-ce1d8df62678
51de8eff-fdbf-4050-bf1e-36a0cb10593b,BE,BE-WAL,microhood,,land,Cambron-sur-Mer,,True,True,3.8861358165740967,50.58432388305664,3.889630079269409,50.58536911010742,04723517-b34e-4e5d-b055-dc53bfb294db
70d2e705-7018-487d-83cb-e59cf8af0e00,BE,BE-WAL,locality,,land,Wasmes,"[[""pcd"", ""Wames""], [""fr"", ""Wasmes""], [""ru"", ""Вам""], [""wa"", ""Wame-e-Borinaedje""]]",True,True,3.8140556812286377,50.39633560180664,3.8602957725524902,50.434654235839844,b4ce213d-bc57-47c8-929e-e050be5356b0
72877925-b67d-49aa-b67b-96b812875186,BE,BE-WAL,locality,,land,Thiméon,,True,True,4.3982977867126465,50.46792984008789,4.45635986328125,50.50153732299805,ed8630ca-6523-47fc-a10c-c72921f80cf8
fd456005-fdbe-4851-b187-3ffa7547747c,BE,BE-WAL,locality,,land,Ham-sur-Heure-Nalinnes,"[[""pcd"", ""Han-Nålene""], [""fr"", ""Ham-sur-Heure-Nalinnes""], [""ru"", ""Ам-сюр-Эр-Налин""]]",True,True,4.346374988555908,50.28957748413086,4.4768242835998535,50.36198425292969,d1f90beb-7c3f-4908-8641-cc15acc700b6
316cfec6-d1a6-43b5-9286-5194a50d1d14,BE,BE-WAL,locality,,land,Solre-Saint-Géry,"[[""pcd"", ""Soure-Saint-Djri""], [""fr"", ""Solre-Saint-Géry""]]",True,True,4.20263147354126,50.184574127197266,4.289633750915527,50.24997329711914,54bd93df-816f-4c32-84ee-b35f524806e4
da77a8ba-4a85-42e1-a982-09769fa5f664,BE,BE-WAL,locality,,land,Serville,"[[""wa"", ""Serveye""]]",True,True,4.7586541175842285,50.24179458618164,4.800513744354248,50.27518081665039,1d9872d5-d910-49ea-a617-1d84f8e9d341
f14e32bc-a165-4b79-a2cd-43ca8afb93a8,BE,BE-WAL,locality,,land,Les Mélèzes,,True,True,4.236881256103516,50.658573150634766,4.246826648712158,50.661739349365234,b34e0ff7-3144-4094-a24e-742c3c5fa0aa
aaf2e1c1-03e2-4ee9-ab51-d40683eebd10,BE,BE-WAL,locality,,land,Ligne,"[[""pcd"", ""Lin""], [""fr"", ""Ligne""], [""la"", ""Ligniacum""], [""ru"", ""Линь""], [""wa"", ""Ligne""]]",True,True,3.677608013153076,50.609779357910156,3.7279610633850098,50.6363525390625,20d81f88-1d7d-4d8e-adf5-b1c3a00832bb
8baa516d-aa39-483e-acb1-0a60d730e4d4,BE,BE-WAL,locality,,land,Liberchies,"[[""ru"", ""Либерши""]]",True,True,4.402040481567383,50.497493743896484,4.453394412994385,50.53312301635742,2729c170-1ce4-47f2-aa02-87ced2a5dd3f
339c97ae-a8c6-4641-b812-8847fc200593,BE,BE-WAL,locality,,land,Fontaine-l'Évêque,"[[""pcd"", ""Fontinne-l'-Eveke""], [""fr"", ""Fontaine-l'Évêque""], [""la"", ""Fons Episcopi""], [""ru"", ""Фонтен-л’Эвек""]]",True,True,4.290222644805908,50.36626052856445,4.356473445892334,50.447269439697266,9382b77a-b22e-4d0b-8c89-e542c1146f8f
e15f8995-6a10-427a-8e48-fb131e768953,BE,BE-WAL,locality,,land,Falisolle,"[[""nl"", ""Falisolle""], [""ru"", ""Фализоль""], [""wa"", ""Farjole""]]",True,True,4.607482433319092,50.40010452270508,4.638577461242676,50.43296813964844,30852464-a851-4a3b-8186-08525bca4ee9
7057a2d1-9a6c-4a05-a8d7-2ba85e8ce538,BE,BE-WAL,locality,,land,Biesme-sous-Thuin,,True,True,4.287318706512451,50.30523681640625,4.329808712005615,50.32982635498047,7f4aff5e-d5fc-4a31-9d3a-be6a2a19dc9d
2b14a817-b3a8-4907-a70e-0299b2568432,BE,BE-WAL,locality,,land,Gerpinnes,"[[""pcd"", ""Djerpene""], [""fr"", ""Gerpinnes""], [""ru"", ""Жерпинн""]]",True,True,4.4576029777526855,50.31497573852539,4.5943450927734375,50.379234313964844,3eed9876-90c1-429d-a2a4-69c1353579a8
3dd81eb7-6bf4-445b-9963-c5534b00d4fa,BE,BE-WAL,locality,,land,Hennuyères,"[[""ru"", ""Эннюйер""]]",True,True,4.139553070068359,50.6241455078125,4.204435348510742,50.66339111328125,37066ec3-9dbe-4191-bf70-e7a8bfe4d988
a99b42e2-9099-4d5c-9009-a626277626b8,BE,BE-WAL,locality,,land,Opprebais,"[[""ru"", ""Опребе""]]",True,True,4.731573581695557,50.653717041015625,4.812612056732178,50.69447326660156,2f70de74-2899-4ba0-9002-82280c15c7b4
c6c6e9c0-1d7e-4ad5-bccc-af167849f261,BE,BE-WAL,locality,,land,Thuin,"[[""pcd"", ""Twin""], [""fr"", ""Thuin""], [""la"", ""Tudinum""], [""ko"", ""튀앵""], [""ru"", ""Тюэн""]]",True,True,4.226750373840332,50.267295837402344,4.394427299499512,50.376625061035156,cf1830de-5000-4e6f-9642-11257589db4e
e155cefd-20e2-4057-ac3a-dbe8d9b56d6d,BE,BE-WAL,locality,,land,Rhisnes,"[[""fr"", ""Rhisnes""], [""nl"", ""Rhisnes""], [""ru"", ""Рин""], [""wa"", ""Rénne""]]",True,True,4.773074150085449,50.486873626708984,4.838181495666504,50.514469146728516,2afd45bb-e78d-46c7-b7ac-3e0f0a2d5f5d
2530450c-6ee0-43fa-8a9b-3bc4a0845922,BE,BE-WAL,locality,,land,Cambron-Casteau,"[[""pcd"", ""Cambron Castieau""], [""fr"", ""Cambron-Casteau""], [""wa"", ""Cambron-Castiô""]]",True,True,3.8629770278930664,50.56944274902344,3.910271167755127,50.59867858886719,63f211f9-c658-4174-b1b9-0e26ab204521
b6f6ac66-9a3a-4315-9513-e31577b4bbca,BE,BE-WAL,locality,,land,Gozée,"[[""ru"", ""Гозе""]]",True,True,4.30405855178833,50.31294250488281,4.394427299499512,50.37556076049805,94b89b87-be39-4eef-aaa8-3773b107d3e2
ad8c08ec-3c49-4116-97d8-0ec57b8abebb,BE,BE-WAL,locality,,land,Ligny,"[[""nl"", ""Ligny""], [""ru"", ""Линьи""], [""wa"", ""Lignè""]]",True,True,4.557378768920898,50.48937225341797,4.59324836730957,50.52833557128906,75c0bb4c-d10f-4c46-a73a-39cbfc83d05b
d66c1f19-3d6c-4e3b-9ff9-be47b4418aa2,BE,BE-WAL,locality,,land,Mons,"[[""pcd"", ""Mon""], [""vls"", ""Bergn""], [""ar"", ""مونس""], [""fr"", ""Mons""], [""uk"", ""Монс""], [""la"", ""Montes""], [""nl"", ""Bergen""], [""zh-Hans"", ""蒙斯""], [""ko"", ""몽스""], [""mk"", ""Монсерат""], [""de"", ""Bergen""], [""ur"", ""مونس""], [""ru"", ""Монс""], [""ml"", ""മോൻസ്""], [""sr-Cyrl"", ""Монс""], [""zh-Hant"", ""蒙斯""], [""wa"", ""Mont""], [""hi"", ""माँस""], [""zh"", ""蒙斯""]]",True,True,3.8544929027557373,50.37770080566406,4.085172653198242,50.513824462890625,4cad725a-1e5b-481a-97fb-797988710e64
c66c10bb-90ac-4cb0-beb2-407fc514b633,BE,BE-WAL,locality,,land,Renlies,"[[""pcd"", ""Rinliye""], [""fr"", ""Renlies""], [""ru"", ""Ранли""], [""wa"", ""Rinliye""]]",True,True,4.232707977294922,50.15889358520508,4.303524971008301,50.20395278930664,7abec233-a2f7-4239-bfa3-d13082a9b1c9
27fd0bd4-1a8f-42b5-96c9-055c4fd55105,BE,BE-WAL,locality,,land,Ways,,True,True,4.4484944343566895,50.60096740722656,4.489393711090088,50.653228759765625,fb2052bc-2153-406e-bfe0-866f793238f5
e3d299f8-b375-4009-bee3-d683c8de5e68,BE,BE-WAL,locality,,land,Le Cala,,True,True,4.4557952880859375,50.625640869140625,4.469966888427734,50.63526153564453,5450df6d-83ed-4d5e-9914-c72b15499654
4ade01b6-95a6-4548-96ce-636955d588e9,BE,BE-WAL,microhood,,land,Place du Jeu de balle,,True,True,3.850292921066284,50.60468292236328,3.8509416580200195,50.60540008544922,23eb7269-a301-4af1-a2ad-8f021c4bf024
e8afabc2-9919-4277-b174-67fb30f8b318,BE,BE-WAL,locality,,land,Manage,"[[""pcd"", ""Manadje""], [""fr"", ""Manage""], [""wa"", ""Manadje""], [""ru"", ""Манаж""]]",True,True,4.204164505004883,50.46495819091797,4.2817182540893555,50.52177810668945,f1897c78-f811-49a4-85e9-6a0d69db1a0c
b5347a77-facf-43ae-aa16-eaca5350be87,BE,BE-WAL,locality,,land,Senzeilles,"[[""fr"", ""Senzeilles""], [""nl"", ""Senzeille""], [""ru"", ""Санзей""], [""wa"", ""Sinzêye""]]",True,True,4.42117166519165,50.12738037109375,4.497716426849365,50.197288513183594,0f937300-b859-45f4-ba33-70b75d15c9fa
6a207f50-0bc5-4b30-9c25-284f309a56a7,BE,BE-WAL,locality,,land,Herchies,"[[""ru"", ""Эрши""]]",True,True,3.799640417098999,50.50186538696289,3.8810863494873047,50.55519485473633,b7af37ac-4755-4a26-a5d1-c2f9edbccf1a
8e746263-20a3-44a7-936e-ee086d1225fb,BE,BE-WAL,locality,,land,Gimnée,"[[""nl"", ""Gimnée""], [""wa"", ""Djimnêye""]]",True,True,4.694364547729492,50.11466979980469,4.752065181732178,50.16143798828125,1998bcc2-34bc-4c47-ae64-8fbe1ca35cbb
b3766669-576d-420c-9b2b-3bc5a15601f3,BE,BE-WAL,locality,,land,Marcinelle,"[[""pcd"", ""Marchinèle""], [""fr"", ""Marcinelle""]]",True,True,4.416609764099121,50.352745056152344,4.4624810218811035,50.4116325378418,950b91e9-c1b1-42fe-b7be-0829a849c928
b7aa0bf9-b0a2-4a71-a26d-3ded0edc1bb3,BE,BE-WAL,locality,,land,Viesville,,True,True,4.381086349487305,50.475162506103516,4.426362991333008,50.5096435546875,06e49788-b5be-4f39-a7b8-c9fc6a09154a
a5eec90b-8f95-4750-a562-eab9a85978a4,BE,BE-WAL,locality,,land,Villers-Deux-Églises,"[[""nl"", ""Villers-Deux-Églises""], [""wa"", ""Vilé-l'-Djobin""]]",True,True,4.454308032989502,50.17690658569336,4.518869400024414,50.20835876464844,9c418bc2-a918-473d-a467-2a4ee488c889
9ce217ee-7da1-449b-bcf1-a14e004fe174,BE,BE-WAL,microhood,,land,Place Lucien Séverin,,True,True,4.777767658233643,50.5166130065918,4.778975963592529,50.517433166503906,85e44d2d-9d23-4e4e-8be4-cdd67533356d
85339ed3-4df4-46c0-9543-2ca59ff53709,BE,BE-WAL,locality,,land,Luttre,,True,True,4.369060039520264,50.49760055541992,4.40782356262207,50.53195571899414,f6ef4f8b-1650-4534-aa64-c9239f328fdd
fcb0b2d4-442e-4fb9-8089-969300409681,BE,BE-WAL,locality,,land,Ath,"[[""pcd"", ""Ât""], [""fr"", ""Ath""], [""uk"", ""Ат""], [""li"", ""Aat""], [""el"", ""Ατ""], [""la"", ""Athum""], [""nl"", ""Aat""], [""bg"", ""Ат""], [""ko"", ""아트""], [""mk"", ""Ат""], [""ru"", ""Ат""], [""zea"", ""Aet""], [""wa"", ""Ate""], [""be"", ""Ат""], [""ja"", ""アト""], [""lt"", ""Atas""], [""fa"", ""ات""], [""zh"", ""阿特""]]",True,True,3.655106544494629,50.562477111816406,3.9133999347686768,50.697452545166016,01cccfcc-1d52-4385-8942-0ed805534db9
d035d273-a2a1-4468-ac5f-1d9b598dc7a4,BE,BE-WAL,locality,,land,Gallaix,"[[""ru"", ""Галле""]]",True,True,3.5599186420440674,50.59649658203125,3.58961820602417,50.61155319213867,ecf7299b-3df9-42e7-944a-c2bda0413351
192711e7-8d3b-4588-8445-c8f07526811f,BE,BE-WAL,locality,,land,Genappe,"[[""fr"", ""Genappe""], [""nl"", ""Genepiën""], [""ru"", ""Женап""], [""la"", ""Genappia""]]",True,True,4.375603199005127,50.554046630859375,4.541568756103516,50.65864944458008,043173b2-c5c4-41d9-b489-f64b10752a9b
9cb14fb5-d05e-4d27-b6a2-2d381de341c9,BE,BE-WAL,locality,,land,Sivry-Rance,"[[""pcd"", ""Chevri-Rance""], [""fr"", ""Sivry-Rance""]]",True,True,4.127121925354004,50.120445251464844,4.3042893409729,50.21560287475586,04df7fea-fcab-4c70-9d80-50f7d3a1c317
34b70344-e10d-4445-be85-66d99adfdfe6,BE,BE-WAL,locality,,land,Pont-à-Celles,"[[""pcd"", ""Pont-a-Cele""], [""fr"", ""Pont-à-Celles""], [""ru"", ""Понт-а-Сель""]]",True,True,4.307373046875,50.46792984008789,4.45635986328125,50.56288528442383,fbed52ff-2ae6-4e9a-baad-17bac77a733d
eee99d01-cc1d-4e32-9d0a-bc1ec6114921,BE,BE-WAL,locality,,land,Montrœul-sur-Haine,"[[""pcd"", ""Moutrouè-su-Haine""], [""fr"", ""Montrœul-sur-Haine""], [""la"", ""Monasteriolum ad Haniam""]]",True,True,3.69266676902771,50.41980743408203,3.724039316177368,50.450740814208984,f27d233a-2989-4855-ae95-3918449290eb
92e7ad56-35ab-4785-9bae-31ee530638d1,BE,BE-WAL,locality,,land,Pont-de-Loup,,True,True,4.530743598937988,50.398590087890625,4.569070816040039,50.42351150512695,a5597cea-2107-4de2-be7e-6520b15f21e4
b8a27c0d-fe89-4997-af7a-a85b058f1aa7,BE,BE-WAL,locality,,land,Mont-Saint-André,,True,True,4.834001064300537,50.64629364013672,4.8914899826049805,50.673362731933594,5249db1b-4b32-48c6-99a6-673d0b1f8db8
6b48d9b5-7f1a-4f78-ad22-f86f76dae55e,BE,BE-WAL,locality,,land,Mont-Sainte-Geneviève,"[[""ru"", ""Мон-Сент-Женевьев""]]",True,True,4.2198333740234375,50.351566314697266,4.304127216339111,50.38888168334961,339ee842-db64-4437-9d61-df6074b6c1b4
f3114428-dfab-4818-acbc-54abc0813c98,BE,BE-WAL,locality,,land,Mehaigne,"[[""nl"", ""Mehaigne""], [""wa"", ""Mouhagne""]]",True,True,4.846926689147949,50.57534408569336,4.900978088378906,50.60758972167969,dc2a2c5c-76d6-4c43-afcd-203aee2bc84e
7a55f2ca-2907-4d57-b9d9-71122d032bf1,BE,BE-WAL,locality,,land,Ville-sur-Haine,,True,True,4.056595325469971,50.4671630859375,4.0852274894714355,50.48654556274414,a7b7ebd6-a4ba-449d-9677-3660f608d8d7
1e18d508-25d6-44d9-84d7-c6d3ff042e00,BE,BE-WAL,locality,,land,Hastière,"[[""fr"", ""Hastière""], [""wa"", ""Astire""]]",True,True,4.7523651123046875,50.148292541503906,4.9003472328186035,50.2474250793457,880c25e7-1837-4909-8519-76a45e48e042
49aab986-9a1d-4096-ba0a-665ee75f1688,BE,BE-WAL,locality,,land,Arquennes,"[[""pcd"", ""Arkène""], [""fr"", ""Arquennes""]]",True,True,4.251119613647461,50.528682708740234,4.320672988891602,50.5960578918457,82dc08ed-4657-46ba-bc8d-f1f1f37df575
3c5729b8-260f-41b1-b006-ce63d65b934f,BE,BE-WAL,locality,,land,Mévergnies-lez-Lens,"[[""pcd"", ""Minvergnie""], [""fr"", ""Mévergnies-lez-Lens""], [""wa"", ""Minvergniye""]]",True,True,3.8311846256256104,50.59467315673828,3.875311851501465,50.634037017822266,880c1863-0206-4db4-805c-3d53b59e6025
bd060d38-aac3-47d9-b3b7-aed1fdbb031b,BE,BE-WAL,locality,,land,Péronnes-lez-Binche,,True,True,4.121067523956299,50.41938018798828,4.202758312225342,50.446876525878906,e5bba0de-6f08-43ef-9413-1d9f29b7c7c1
d85bb6bd-1347-43d6-bcaa-00ca89688236,BE,BE-WAL,locality,,land,Asquempont,,True,True,4.241093158721924,50.641029357910156,4.246772289276123,50.64285659790039,b9534354-4f5e-4db2-b495-4a94dd3e896b
e007c7a8-66fb-4839-82d1-3206969f9b6a,BE,BE-WAL,locality,,land,Peissant,"[[""ru"", ""Песан""]]",True,True,4.090414524078369,50.32978439331055,4.1472344398498535,50.36286926269531,8264a56d-47f7-4c25-86fe-bd7f4739845c
4fd6c85b-5c9b-4d40-88aa-7f418ce92cc2,BE,BE-WAL,microhood,,land,Place Deflinnes,,True,True,3.591308355331421,50.51227569580078,3.591848850250244,50.51275634765625,5f8218c7-7b8d-4cf4-9fa0-c3eff3c93bd2
9714e087-251a-431d-95ca-9e1ac745c725,BE,BE-WAL,locality,,land,Houdeng-Aimeries,,True,True,4.126472473144531,50.46432113647461,4.179162979125977,50.51744842529297,59b0553e-9137-4615-9aa5-15050131be9a
575ec682-ee8b-4010-be51-0475634c8766,BE,BE-WAL,locality,,land,Bury,"[[""la"", ""Buria""]]",True,True,3.5699191093444824,50.533477783203125,3.6172895431518555,50.56135940551758,af6e40dc-6670-4ca8-b367-2cdfcf8cb19d
a092d6e5-e1e0-49e9-b768-f3c94c1ea842,BE,BE-WAL,locality,,land,Glabais,"[[""ru"", ""Глабе""]]",True,True,4.4210076332092285,50.62148666381836,4.4720988273620605,50.650917053222656,dd4eae17-9c5e-46bb-a7a1-af0b4f3974c1
c614630e-3bd2-4090-a62a-a74c09d1ae3a,BE,BE-WAL,locality,,land,Quiévrain,"[[""pcd"", ""Kievrin""], [""fr"", ""Quiévrain""], [""ru"", ""Кьеврен""]]",True,True,3.668651580810547,50.369869232177734,3.744058132171631,50.422447204589844,04f1089e-1fd6-4e2f-90a9-38b8c045b4f3
09c687e3-0e17-4361-8032-ecd6ac147474,BE,BE-WAL,locality,,land,Mont,"[[""wa"", ""Mont""]]",True,True,4.880960464477539,50.34653854370117,4.914876937866211,50.36409378051758,bf77311f-5c23-475b-8b57-e23b207ffb74
01f6f9a2-5a89-4f42-a391-81a819fcda07,BE,BE-WAL,localadmin,,land,Charleroi,"[[""hy"", ""Շառլեռուա""], [""pcd"", ""Carleroé""], [""gcf"", ""Chalwa""], [""ta"", ""சார்லரோய்""], [""ka"", ""შარლერუა""], [""ar"", ""شارلوروا""], [""yue"", ""夏勒華""], [""fr"", ""Charleroi""], [""lv"", ""Šarlruā""], [""vep"", ""Šarlerua""], [""bn"", ""চার্লেরোই""], [""uk"", ""Шарлеруа""], [""si"", ""චාලෙරෝයි""], [""oss"", ""Шарлеруа""], [""tt"", ""Шарлеруа""], [""osd"", ""Шарлеруа""], [""el"", ""Σαρλερουά""], [""la"", ""Caroloregium""], [""nl"", ""Charleroi""], [""bg"", ""Шарлероа""], [""ko"", ""샤를루아""], [""mk"", ""Шарлероа""], [""de"", ""Charleroi""], [""ur"", ""شالروا""], [""ru"", ""Шарлеруа""], [""ml"", ""ഷാർലർവ""], [""th"", ""ชาร์เลอรัว""], [""arz"", ""شارلوروا""], [""lah"", ""چارلیروئی""], [""sr-Cyrl"", ""Шарлроа""], [""gu"", ""ચાર્લોરોઈ""], [""he"", ""שרלרואה""], [""kn"", ""ಚಾರ್ಲೆರೊಯ್""], [""az"", ""Şarlerua""], [""wa"", ""Tchålerwè""], [""hi"", ""चार्लेरोई""], [""te"", ""షార్లేర్వా""], [""mr"", ""चार्लेरोई""], [""be"", ""Шарлеруа""], [""ja"", ""シャルルロワ""], [""lt"", ""Šarlerua""], [""wuu"", ""沙勒罗瓦""], [""fa"", ""شارلروآ""], [""zh"", ""沙勒罗瓦""], [""hu"", ""Charleroi""]]",True,True,4.261988162994385,50.31497573852539,4.6172685623168945,50.564666748046875,185165aa-86f3-47dc-be13-8b8959c7ba62
39c1b81b-b23a-4fec-b285-0e51f9e426df,BE,BE-WAL,locality,,land,Cambron-Saint-Vincent,"[[""ru"", ""Камброн-Сен-Венсан""]]",True,True,3.89635968208313,50.5751953125,3.971501588821411,50.597511291503906,7d573391-3b4b-485f-9819-99184d3d6cc8
765ccbcc-2149-427b-aa35-15a9b70347f6,BE,BE-WAL,locality,,land,Wangenies,,True,True,4.501827239990234,50.46149826049805,4.529693603515625,50.493309020996094,888f7e73-8109-4817-b817-c9cd460c2f4e
44b66b62-2cf5-40de-a9ab-49dffba742ca,BE,BE-WAL,locality,,land,Agimont,"[[""ru"", ""Ажимон""], [""wa"", ""Nådjumont""]]",True,True,4.7523651123046875,50.148292541503906,4.826104640960693,50.17948913574219,1d0efd68-92ef-44a1-a72d-7eef0556c206
c0430427-f40c-49a3-86ba-1c582bf83bb0,BE,BE-WAL,microhood,,land,Place de Péronnes-Charbonnage,,True,True,4.1811723709106445,50.43216323852539,4.182208061218262,50.43302917480469,4b0d98d1-cdf6-42d8-a9fa-8bbdf34f7d11
ef3493a1-1501-48f7-b41a-325fe94ace99,BE,BE-WAL,locality,,land,Vodecée,"[[""nl"", ""Vodecée""], [""wa"", ""Vådcêye""]]",True,True,4.554865837097168,50.17359161376953,4.595038414001465,50.216888427734375,dc6a7f39-36b7-48d9-b149-558a71b697ce
fab8d0e2-f0b0-40a9-9c11-8d3ceee32f77,BE,BE-WAL,locality,,land,Monstreux,,True,True,4.274033069610596,50.578861236572266,4.303304672241211,50.60783767700195,380771a3-e613-4d12-84f3-acd69ca55db4
50c169ed-d759-4fb5-9e2c-64234bfe1df1,BE,BE-WAL,locality,,land,Blaregnies,,True,True,3.860842227935791,50.337589263916016,3.9117159843444824,50.36991882324219,206c53ef-458b-4cd1-a5c8-b56c5d5ea6fe
23763169-f966-470b-a640-e1fe59b4654b,BE,BE-WAL,locality,,land,Azebois,,True,True,4.420134544372559,50.47813415527344,4.425925254821777,50.4818229675293,c7ec2f57-509a-4998-9e98-80db7fe664e5
19014b87-54eb-45c1-a4e1-826842183252,BE,BE-WAL,locality,,land,Rosée,"[[""nl"", ""Rosée""], [""ru"", ""Розе""], [""wa"", ""Rôzêye""]]",True,True,4.6417341232299805,50.20852279663086,4.725520610809326,50.24488830566406,c271a06e-f4cc-4c11-ad1f-e2209910b7ff
18aecc32-d642-4156-bedf-91897f52035d,BE,BE-WAL,locality,,land,Leuze-en-Hainaut,"[[""pcd"", ""Leuze-in-Hénau""], [""fr"", ""Leuze-en-Hainaut""], [""la"", ""Lutosa Hannoniae""], [""ru"", ""Лёз-ан-Эно""]]",True,True,3.5482370853424072,50.547733306884766,3.713763475418091,50.645782470703125,6c68b3c3-4676-4cd3-9a53-c68f2de693b9
ab3feb4e-f785-4c94-a4a0-852d2bdc6922,BE,BE-WAL,locality,,land,Vedrin,"[[""fr"", ""Vedrin""], [""ru"", ""Ведрен""], [""wa"", ""Vedrén""]]",True,True,4.849947929382324,50.475425720214844,4.893453598022461,50.513736724853516,b003c220-aaca-45fa-b424-35539242d387
bc597e88-ee6c-431e-93a7-74e87dfb734f,BE,BE-WAL,locality,,land,Gochenée,"[[""nl"", ""Gochenée""], [""wa"", ""Gochnêye""]]",True,True,4.741070747375488,50.16592788696289,4.799454689025879,50.204368591308594,e782125d-71d7-405f-86d5-33c93b6eb5d3
d968b01a-6d84-41e7-8c2f-239ba8bc6519,BE,BE-WAL,locality,,land,Sivry,"[[""pcd"", ""Chevri""], [""fr"", ""Sivry""], [""ru"", ""Сиври""], [""wa"", ""Chévri""]]",True,True,4.127121925354004,50.127845764160156,4.229104995727539,50.18265151977539,be2ae55e-bf11-45ea-84d4-b5de1e033ccb
d523fd73-4fc1-4c37-bdcd-e442cd50a49b,BE,BE-WAL,locality,,land,Froidchapelle,"[[""pcd"", ""Fritchapele""], [""fr"", ""Froidchapelle""], [""wa"", ""Fritchapelle""]]",True,True,4.281993865966797,50.08262634277344,4.4011406898498535,50.24342346191406,1a436aa5-4ab8-402d-8871-45fe05dd7a31
7aa0d89b-fb33-4aa6-8732-abac577eb227,BE,BE-WAL,locality,,land,Erquennes,,True,True,3.781813383102417,50.34487533569336,3.8395464420318604,50.36772155761719,8f45f0ba-4d33-42d7-8634-c56e7fbab72f
b66b92e2-6a7e-4524-9cca-c85ce90dd187,BE,BE-WAL,locality,,land,Ghislenghien,"[[""pcd"", ""Guilinguin""], [""fr"", ""Ghislenghien""], [""la"", ""Gilligenium""], [""nl"", ""Gellingen""], [""ru"", ""Гилангьен""], [""wa"", ""Guilinguî""]]",True,True,3.8559138774871826,50.639949798583984,3.900505781173706,50.67601776123047,cf62d372-10fe-4d1e-8a52-122860d2bd1e
1e423599-1fb1-4a7f-bae7-f11195667c1e,BE,BE-WAL,locality,,land,Boussu,"[[""pcd"", ""Boussu-dlé-Mont""], [""fr"", ""Boussu""], [""ru"", ""Буссю""], [""wa"", ""Boussu-dlé-Mont""]]",True,True,3.758662223815918,50.394981384277344,3.8435475826263428,50.452247619628906,21930921-d03a-42e4-bb21-21d40ab39913
6c095f8c-a51e-48db-97df-9b612151ec56,BE,BE-WAL,locality,,land,Lodelinsart,,True,True,4.419084072113037,50.4224853515625,4.469686508178711,50.44071578979492,f18d7d33-c5cc-443a-99b5-0c835b3e7508
dc767d2e-80cf-4963-a65f-76ff529dd40b,BE,BE-WAL,locality,,land,Marchienne-au-Pont,,True,True,4.377905368804932,50.388671875,4.423768043518066,50.42914962768555,c9b8781c-f623-4323-a503-b6218d48f1aa
be7865c0-7a6b-4c68-b965-a5a209da33c6,BE,BE-WAL,locality,,land,Erpion,,True,True,4.3285908699035645,50.17171859741211,4.371630668640137,50.217674255371094,847de74a-8d3d-40e6-ba97-b88b2b8b9006
71736592-4ec4-4d8c-b668-f8d106111a58,BE,BE-WAL,locality,,land,Moustier,,True,True,3.608372688293457,50.63096237182617,3.667266368865967,50.66807556152344,85771b29-ebd7-42f8-b7b9-301b8a292a33
dd910872-e965-4221-955c-eb161d39ad36,BE,BE-WAL,microhood,,land,Place de Vierves,,True,True,4.633918762207031,50.07978057861328,4.634674549102783,50.0806884765625,74364857-7245-4657-8013-b0ad6690f6c6
a63f0bda-e153-41a0-92e2-f760f3c7e845,BE,BE-WAL,locality,,land,Leernes,,True,True,4.292628288269043,50.36626052856445,4.356473445892334,50.403953552246094,80ba2765-b84d-4249-aa0d-03b3beaa397f
0bfd50d0-19cd-43bd-b9e4-653de1d5ee6a,BE,BE-WAL,locality,,land,Viroinval,,True,True,4.5264434814453125,49.9853630065918,4.721940040588379,50.11392593383789,a9fd06b7-c882-4bc1-9a18-7fc206bd957a
ed086d3f-b7a6-42b2-8673-403cfde21609,BE,BE-WAL,locality,,land,Jemeppe-sur-Sambre,"[[""fr"", ""Jemeppe-sur-Sambre""], [""ru"", ""Жемеп-сюр-Самбр""], [""wa"", ""Djimepe-so-Sambe""], [""nl"", ""Jemeppe-sur-Sambre""]]",True,True,4.620609283447266,50.42093276977539,4.732991695404053,50.51300048828125,7515df90-a2c2-4d59-993a-eddc6d735779
83eb3598-3814-4490-a60c-3706de7a223c,BE,BE-WAL,microhood,,land,Place de Fraire,,True,True,4.507879257202148,50.260498046875,4.508421897888184,50.26083755493164,bb392462-d38a-480c-b248-24eaf7212f04
42dd328b-786d-4f11-afff-5339fde21373,BE,BE-WAL,locality,,land,Châtelet,"[[""pcd"", ""Tcheslet""], [""ar"", ""شاتليه""], [""fr"", ""Châtelet""], [""la"", ""Castellarium""], [""bg"", ""Шатле""], [""ru"", ""Шатле""], [""sr-Cyrl"", ""Шатле""], [""wa"", ""Tcheslet""], [""ja"", ""シャトレ""], [""lt"", ""Šatlė""], [""fa"", ""شتله""], [""zh"", ""沙特莱""]]",True,True,4.482725143432617,50.3680419921875,4.563200950622559,50.44377899169922,ba143e3e-076d-4b78-b0c5-c209f046e688
dfe7d78b-5776-4954-bfaf-6a0e9db9dbdc,BE,BE-WAL,locality,,land,Spiennes,,True,True,3.969963788986206,50.41202163696289,4.011800289154053,50.437225341796875,02fc4f29-eeb0-4ed3-838b-14d66ab4bff1
fcfc993e-525c-4dff-b129-d8f625292de8,BE,BE-WAL,locality,,land,Flawinne,"[[""fr"", ""Flawinne""], [""wa"", ""Flawene""], [""ru"", ""Флавин""]]",True,True,4.771430969238281,50.44874954223633,4.834502220153809,50.474605560302734,caa715be-0958-4dac-9dba-97fcee33eafa
5020cfac-c9cc-4ba8-b0dc-9298e386f2ee,BE,BE-WAL,locality,,land,Sirault,"[[""fr"", ""Sirault""], [""ru"", ""Сиро""], [""wa"", ""Sirô""]]",True,True,3.7377424240112305,50.49047088623047,3.8246867656707764,50.53117370605469,87782376-2660-4617-82c3-34ba865b2581
0185d022-abd1-48f9-a6ba-9f0f43e75df8,BE,BE-WAL,microhood,,land,Le Pays des Origines,"[[""en"", ""The Land of Origins""]]",True,True,3.8881289958953857,50.580936431884766,3.8929741382598877,50.58387756347656,e403f21d-ea50-4549-a03b-69efcd2b6428
4ec79ed2-6fad-4ddb-940d-099d51f771c6,BE,BE-WAL,microhood,,land,Place Comte Cornet,,True,True,4.461975574493408,50.60993576049805,4.462304592132568,50.61050033569336,8aae1479-6ef5-4867-a801-d7f3f51407c5
f6d32d20-49d4-4819-bc6d-85db306b1dad,BE,BE-WAL,locality,,land,Bellecourt,,True,True,4.241227149963379,50.468719482421875,4.268581390380859,50.49295425415039,23360b20-6352-472c-8e10-64d353f26b42
69cc11e4-05df-496a-8def-4a3e31a853bc,BE,BE-WAL,locality,,land,Goutroux,"[[""pcd"", ""Goutrou""], [""fr"", ""Goutroux""]]",True,True,4.348063945770264,50.4031867980957,4.374593734741211,50.42985153198242,30c855f8-6f64-46a8-8b48-eb3ed8d1c4f6
82d62f02-65d8-4d50-9fd7-4ad23f11271c,BE,BE-WAL,locality,,land,Romedenne,"[[""nl"", ""Romedenne""], [""wa"", ""Rômedene""]]",True,True,4.633993148803711,50.14501190185547,4.729363918304443,50.179203033447266,d3e555fc-26b9-4bc2-bda0-1e3a055bb992
25a1341d-2cf3-4db4-820e-22d2dc5f805f,BE,BE-WAL,locality,,land,Haine-Saint-Pierre,,True,True,4.178956985473633,50.4389762878418,4.229974269866943,50.47769546508789,69c3576b-3b03-44dd-b41e-391e6c45840c
b1eef4df-d5c4-43a9-83cf-b9dec22631fe,BE,BE-WAL,microhood,,land,Rue de la Frontière,,True,True,3.804222822189331,50.37276840209961,3.8051810264587402,50.37351989746094,aabe3be3-33d4-4965-9dbf-1fc5c6005aa8
d878b2f4-e31c-4bf6-99c4-36b7891732eb,BE,BE-WAL,locality,,land,Saint-Gérard,"[[""nl"", ""Saint-Gérard""], [""ru"", ""Сен-Жерар""], [""wa"", ""Sint-Djuråd""]]",True,True,4.67274284362793,50.326839447021484,4.767909526824951,50.37986373901367,1d03afea-ddfa-47d6-8c29-0557fc6d3169
edc5cd19-8c87-47d9-81b6-0a36afce362d,BE,BE-WAL,locality,,land,Céroux-Mousty,"[[""fr"", ""Céroux-Mousty""], [""wa"", ""Cirou-Moustî""]]",True,True,4.491852283477783,50.64926528930664,4.594753265380859,50.67548751831055,ff614e9b-d2c5-4c9f-80be-8d697ab55e48
3658d73e-f288-401a-a0ab-3b87d4d70239,BE,BE-WAL,locality,,land,Momignies,"[[""pcd"", ""Momgniye""], [""fr"", ""Momignies""]]",True,True,4.135265350341797,49.95459747314453,4.314552307128906,50.06270980834961,3493698a-98a6-4e9b-af17-fe0f147de8dd
a8e5029f-433d-4ae6-b26e-ba98fff010f1,BE,BE-WAL,locality,,land,Casteau,"[[""ru"", ""Касто""], [""la"", ""Castellum""]]",True,True,3.9752719402313232,50.50422286987305,4.0506911277771,50.5462646484375,2e5ab5e2-e269-4e1e-8035-216c25dfcad2
f0391b3b-a3e9-45ab-a531-b7a3302019f9,BE,BE-WAL,locality,,land,Lanquesaint,"[[""pcd"", ""Lèk'sin""], [""fr"", ""Lanquesaint""]]",True,True,3.7952539920806885,50.63904571533203,3.827125310897827,50.662620544433594,06b4ea63-57c7-4089-9df1-2cf6feafa198
9d763295-bbe7-4e38-9b30-602989f80e77,BE,BE-WAL,locality,,land,Écaussinnes-d'Enghien,"[[""ru"", ""Экосин-д'Анген""]]",True,True,4.123352527618408,50.54465103149414,4.213454723358154,50.59665298461914,d261d213-16e7-4ee0-8243-e245942788a9
cbb9a037-6661-42bf-a671-5e93e6fc0a65,BE,BE-WAL,locality,,land,Givry,"[[""ru"", ""Живри""]]",True,True,3.9923553466796875,50.34977340698242,4.0550408363342285,50.401668548583984,7299832d-ffd6-415a-935f-4d1a87e45fbb
25a8c10c-700a-4ae1-b665-00f96dc0b2c3,BE,BE-WAL,locality,,land,Sars-la-Bruyère,"[[""fr"", ""Sars-la-Bruyère""], [""wa"", ""Li Sårt-dilé-Framriye""]]",True,True,3.8380026817321777,50.34219741821289,3.8989689350128174,50.38676071166992,9c767ac4-be30-4ed0-931f-ce2c98132dfe
97512d0d-0481-4674-9d06-21b26f6698c4,BE,BE-WAL,locality,,land,Court-Saint-Etienne,"[[""fr"", ""Court-Saint-Etienne""], [""ru"", ""Кур-Сен-Этьен""], [""wa"", ""Coû-Sint-Stiene""]]",True,True,4.5121917724609375,50.59599304199219,4.612548828125,50.65818786621094,443bee6e-16ad-4208-ac57-bd83ecca5f54
739dae0c-573e-4001-b807-0360bd3c0293,BE,BE-WAL,locality,,land,Hautrage,"[[""fr"", ""Hautrage""], [""ru"", ""Отраж""], [""wa"", ""Autrâche""]]",True,True,3.73626971244812,50.44432830810547,3.7866973876953125,50.50234603881836,404787c1-6d34-44d3-aedc-d7b5fdd6c106
a28eff62-d5da-41a9-97c8-f97618c27240,BE,BE-WAL,locality,,land,Petigny,"[[""pcd"", ""P’tigny""], [""fr"", ""Petigny""], [""nl"", ""Petigny""], [""wa"", ""P'tègniye""]]",True,True,4.505622863769531,49.98955535888672,4.571627616882324,50.070133209228516,f187c14a-dc23-4579-ab35-29e577ec1055
df646a1c-bb97-489c-878c-757cd49713af,BE,BE-WAL,locality,,land,Merlemont,"[[""nl"", ""Merlemont""], [""wa"", ""Mielmont""]]",True,True,4.5928053855896,50.15263366699219,4.672703266143799,50.195884704589844,c97f48f5-08e5-4cb0-9a7a-1a26496c7710
8e213a1d-7812-44da-9b34-f79823b3de37,BE,BE-WAL,locality,,land,Dernier Patard,,True,True,4.447762489318848,50.58130645751953,4.458929538726807,50.58998489379883,b341ef8a-fc8a-4f35-9a8b-b06712811a96
7c0efed2-f8f0-45af-b34e-280ba30352f9,BE,BE-WAL,microhood,,land,Place Brunehaut,,True,True,4.863643169403076,50.44241714477539,4.864134311676025,50.44264221191406,0574a05b-57de-4ab9-bdbb-a3c897ab86f5
f65d7d34-9315-4020-ad4f-99af498060dd,BE,BE-WAL,locality,,land,Arbre,,True,True,3.804037094116211,50.60403823852539,3.839528799057007,50.63138198852539,1a891d3d-1631-48c1-8217-413dd516cb4a
13318e90-9b8e-4ef8-94d9-64195e4dc4ad,BE,BE-WAL,locality,,land,Grand-Leez,"[[""nl"", ""Grand-Leez""], [""ru"", ""Гран-Ле""], [""wa"", ""Grand-Lé""]]",True,True,4.729520797729492,50.554141998291016,4.806649208068848,50.60211181640625,4dd0ff95-221f-4506-b804-4bd29478d43e
e7ac9db5-36eb-4788-a85e-32e4dd40e6eb,BE,BE-WAL,locality,,land,Beauwelz,,True,True,4.136054992675781,49.98681640625,4.181777477264404,50.01909637451172,8d0f2d6e-4bc3-4903-b9a5-7478bb6fe45e
3b725e3b-a5d8-489e-bb3c-2397d49e6aa5,BE,BE-WAL,locality,,land,Erpent,"[[""fr"", ""Erpent""], [""wa"", ""Erpint""], [""ru"", ""Эрпан""]]",True,True,4.879741668701172,50.42769241333008,4.925678730010986,50.46453857421875,66b167a5-e70e-4eb2-b128-2ea862ea5ecb
c8bed4ef-cdfc-42df-8719-adfb8b8df560,BE,BE-WAL,microhood,,land,Grand'Place,,True,True,4.314707279205322,50.048885345458984,4.315417766571045,50.04922103881836,37687080-2580-41aa-9333-6577dfc1ef9a
9071c197-d668-44aa-960a-761d4ec78a90,BE,BE-WAL,locality,,land,Saint-Remy,"[[""pcd"", ""Sint-Rmey""], [""fr"", ""Saint-Remy""]]",True,True,4.267234802246094,50.01695251464844,4.306819915771484,50.06929397583008,0edd0910-1746-4330-a9e2-e0be78791a65
f2f7b4ae-2832-4a18-a180-2c23caf2719b,BE,BE-WAL,locality,,land,Ham-sur-Heure,"[[""pcd"", ""Han""], [""fr"", ""Ham-sur-Heure""], [""ru"", ""Ам-сюр-Эр""]]",True,True,4.348360538482666,50.297271728515625,4.424467086791992,50.35171890258789,9a281288-66fa-4940-a043-534880bbde4c
495af8c3-ec73-4fa3-88a1-502d577aedd2,BE,BE-WAL,locality,,land,Hellebecq,"[[""fr"", ""Hellebecq""], [""wa"", ""El Biek""]]",True,True,3.8765387535095215,50.64830017089844,3.9165568351745605,50.6879997253418,faf2f081-2ab1-4ebd-ab7c-d9be47f6be71
47fd1e21-a71a-4e3b-807b-189316913ac8,BE,BE-WAL,locality,,land,Aubechies,"[[""pcd"", ""Obechî""], [""la"", ""Abbeciae""]]",True,True,3.6705775260925293,50.564476013183594,3.7022721767425537,50.581729888916016,d48504df-ce2b-4174-bc72-1f634388a9fe
384b1382-20db-4075-85af-964d3c4ecc20,BE,BE-WAL,locality,,land,Loverval,,True,True,4.4576029777526855,50.3551025390625,4.504451274871826,50.379234313964844,b88663b7-75d8-4ed0-9d8a-b8c441f46df0
066086f0-d456-41d5-96ad-810ac58d1f30,BE,BE-WAL,locality,,land,Barbençon,"[[""pcd"", ""Barbinçon""], [""wa"", ""Barbinçon""]]",True,True,4.258483409881592,50.20026779174805,4.345858097076416,50.25013732910156,e435e8c8-752c-421a-9087-b19de4de2cf0
cdd4013c-ad46-4d86-9822-55808444282b,BE,BE-WAL,microhood,,land,Place du Souvenir,,True,True,4.327322483062744,50.5954475402832,4.328221321105957,50.595680236816406,450a7204-a713-4ed6-bfe0-ecffa02fcb12
11bf8014-0eb4-437e-aea3-8b5376a2133c,BE,BE-WAL,locality,,land,Blicquy,"[[""ru"", ""Блики""]]",True,True,3.648871660232544,50.570926666259766,3.713763475418091,50.61761474609375,18bf780e-a52c-4906-803d-5a227eefe38e
9e7970c4-62dd-4d3e-b62d-4cec4fef0119,BE,BE-WAL,locality,,land,Pry,"[[""nl"", ""Pry""], [""wa"", ""Prî""]]",True,True,4.396113395690918,50.23678207397461,4.445959568023682,50.27819061279297,a8318d98-43bc-409f-a107-57cb87949ba3
e5f5a540-4f46-4979-8fc1-6ce92d0d6e66,BE,BE-WAL,locality,,land,Saint-Aubin,"[[""nl"", ""Saint-Aubin""], [""wa"", ""Sint-Åbin""]]",True,True,4.532331466674805,50.220130920410156,4.602177619934082,50.274147033691406,f72147f4-fd35-4832-a479-a28319013971
00780242-1dad-4a67-8779-642eac0ded29,BE,BE-WAL,locality,,land,Mont-Saint-Guibert,"[[""fr"", ""Mont-Saint-Guibert""], [""wa"", ""Mont-Sint-Gubiet""]]",True,True,4.588972091674805,50.60675048828125,4.666286468505859,50.66301727294922,eb9c352d-51df-4496-aa16-dbe5b6b9c007
a70da649-307e-4de9-aa6c-c535e7711d4a,BE,BE-WAL,microhood,,land,Place Saint-Cornélis,,True,True,4.7206597328186035,50.51734924316406,4.7212066650390625,50.517578125,0b0b1d3e-9b06-4686-a071-8422ee886c24
28867b86-25ef-4b1c-843e-37a85093bcc5,BE,BE-WAL,locality,,land,Huissignies,"[[""ru"", ""Юисиньи""]]",True,True,3.713879346847534,50.55376434326172,3.7658162117004395,50.58087921142578,2f3cf951-0d70-4ddf-9879-3e032489bea5
be85e255-cc87-4093-9d0d-8ee570b936a4,BE,BE-WAL,locality,,land,Sauvenière,"[[""nl"", ""Sauvenière""], [""wa"", ""Såvnire""]]",True,True,4.693515777587891,50.55653762817383,4.750624179840088,50.611419677734375,3ee574f9-0ff8-461f-b6d0-2b929e1cddb8
515dce64-79d2-4818-be43-cfdc52570eb2,BE,BE-WAL,locality,,land,Le Huleu,,True,True,4.244563579559326,50.6325798034668,4.256089210510254,50.6392822265625,790bed12-d91e-43ff-8c3c-b649cee2b7b7
65a0c15d-253a-4cbb-8f1c-b09886504dce,BE,BE-WAL,microhood,,land,Place Abbé Joseph André,,True,True,4.858795642852783,50.469879150390625,4.861114978790283,50.47031784057617,433e4446-b3bf-4218-9ce6-784b06096576
b90c2a69-660d-4a86-a60d-f3dc73ecc0a9,BE,BE-WAL,locality,,land,Obourg,,True,True,3.9797027111053467,50.46651840209961,4.029545783996582,50.503299713134766,1b430a7d-63b9-4360-8bc7-21b794049520
742c1545-b4b9-443d-932f-84ceb0a90bfa,BE,BE-WAL,locality,,land,Waudrez,"[[""fr"", ""Waudrez""], [""la"", ""Vodgoriacum""]]",True,True,4.125551223754883,50.38175964355469,4.174633979797363,50.4232063293457,26d9f364-a31f-4711-b3e0-848eeb633dbf
03ad3d9d-6c64-4944-827a-f9748bb48153,BE,BE-WAL,locality,,land,Mont-sur-Marchienne,"[[""pcd"", ""Mont-su-Marchienne""], [""fr"", ""Mont-sur-Marchienne""]]",True,True,4.3866448402404785,50.358848571777344,4.430242538452148,50.405818939208984,d67063f6-2bb8-46f7-84a0-bd1795406ba4
e79a04dd-75dc-4302-9cdf-bc013ef0ff4b,BE,BE-WAL,locality,,land,Lompret,"[[""pcd"", ""Lompré""], [""fr"", ""Lompret""]]",True,True,4.366870880126953,50.04557800292969,4.395595073699951,50.10756301879883,a65c6573-7983-4967-80b0-693e596fa41d
8daa0de5-9d1f-45fc-840c-772569cd33f6,BE,BE-WAL,locality,,land,Tongre-Notre-Dame,"[[""la"", ""Tungrum Nostrae Dominae""]]",True,True,3.7449705600738525,50.5768928527832,3.787611484527588,50.606258392333984,df1bdac7-3ac8-40e9-87c8-a73ccbf9f342
34daea66-daa7-42f5-b22d-9d72dc7244e2,BE,BE-WAL,locality,,land,Mesnil-Saint-Blaise,"[[""wa"", ""Li Mwinni-Sint-Blaize""]]",True,True,4.8525614738464355,50.153114318847656,4.935961723327637,50.18267059326172,06a54875-a219-4320-8fc1-3ed17e2e2c12
ba4648c3-294e-4259-a4c4-84c0e77f021f,BE,BE-WAL,microhood,,land,Esplanade,,True,True,3.8931591510772705,50.4095573425293,3.893416166305542,50.409759521484375,11480420-f9bc-4cfa-8808-41e549a46ef3
74ae5f39-0047-4d5f-a37c-59e4ae8f3e13,BE,BE-WAL,locality,,land,Marcq,"[[""fr"", ""Marcq""], [""la"", ""Marcqua""], [""nl"", ""Mark""], [""en"", ""Marcq""], [""wa"", ""Mark""]]",True,True,3.961271047592163,50.63072204589844,4.0382819175720215,50.69941711425781,4de3a65b-fe27-4ecf-a113-e2eb5aba6fd4
344491ea-b68b-4c8f-be4b-a4d01f8836d3,BE,BE-WAL,locality,,land,Braffe,"[[""la"", ""Brafia""]]",True,True,3.5567426681518555,50.53342819213867,3.6067168712615967,50.568809509277344,849e0780-a2d0-4a0d-a2e1-6bb2b76d993a
17eaa97d-8b41-45d4-ba8a-89443a1f743c,BE,BE-WAL,locality,,land,Tourpes,"[[""ru"", ""Турп""]]",True,True,3.6111600399017334,50.547733306884766,3.6711668968200684,50.58200454711914,48b70381-53af-46cf-8174-fc55c041759a
4540027f-672f-40a0-8bb1-ceb26a7f7351,BE,BE-WAL,locality,,land,Mignault,,True,True,4.1168646812438965,50.513816833496094,4.186405658721924,50.54680633544922,bae5ab1a-afd9-4943-b667-caa1268ba110
ebb2a5a5-e3d3-4e4f-8fbc-b37096930d05,BE,BE-WAL,locality,,land,Strée,"[[""pcd"", ""Strêye""], [""fr"", ""Strée""], [""ru"", ""Стре""]]",True,True,4.240349769592285,50.25646209716797,4.313089847564697,50.294921875,10308445-7075-41f4-81d2-0e5fcba5799c
10ce18c2-51ca-463c-be0f-5305c04205ff,BE,BE-WAL,locality,,land,Niverlée,"[[""nl"", ""Niverlée""], [""wa"", ""Niverlêye""]]",True,True,4.68194055557251,50.109249114990234,4.729366302490234,50.13187026977539,cb7a1da2-a864-43ec-a8b1-68a616ecb97a
da665bbe-c647-4996-8cdf-f19bbbaac5a5,BE,BE-WAL,locality,,land,Aische-en-Refail,"[[""fr"", ""Aische-en-Refail""], [""nl"", ""Aische-en-Refail""], [""wa"", ""Yache""]]",True,True,4.788296699523926,50.58514404296875,4.863118648529053,50.61333084106445,a939653c-f30c-4d87-830b-0a3d8f7de007
5f0d0345-b798-4d10-a681-cf12c1955aed,BE,BE-WAL,locality,,land,Gembloux,"[[""fr"", ""Gembloux""], [""la"", ""Gemblacum""], [""nl"", ""Gembloers""], [""ru"", ""Жамблу""], [""ml"", ""ജാംബ്ലൂ""], [""wa"", ""Djiblou""]]",True,True,4.625278949737549,50.49602127075195,4.806649208068848,50.611419677734375,431e327c-6014-4328-b2c9-98bedac61a02
2e3a75db-a60f-4cdb-beb2-4262d565af31,BE,BE-WAL,locality,,land,Walhain,"[[""fr"", ""Walhain""], [""wa"", ""Walin""]]",True,True,4.627003192901611,50.59421920776367,4.746400356292725,50.66503143310547,3e3554fc-6103-443e-95a6-8b64529ca4e8
221f2c79-9e2a-42da-8d7e-86d152cf84b4,BE,BE-WAL,locality,,land,Aiseau,"[[""pcd"", ""Ajhô""], [""fr"", ""Aiseau""], [""ru"", ""Эзо""]]",True,True,4.571002006530762,50.39847946166992,4.6172685623168945,50.43870162963867,d8464c21-0e76-4ec6-95c0-9d90fa677c38
827eb804-989f-4515-be0d-68608c72b705,BE,BE-WAL,locality,,land,Gougnies,"[[""ru"", ""Гуньи""]]",True,True,4.561592102050781,50.3419075012207,4.594276428222656,50.37434005737305,177128a2-52b6-4f92-9244-1a184cd6da90
a353cbae-9e99-4728-9389-a880cc42ded0,BE,BE-WAL,locality,,land,Steenkerque,"[[""fr"", ""Steenkerque""], [""la"", ""Stankerqua""], [""nl"", ""Steenkerke""], [""nds-nl"", ""Steenkarke""], [""wa"", ""Stinkerke""]]",True,True,4.026551723480225,50.62038803100586,4.100330352783203,50.66904830932617,328c72a6-a063-43cd-b27d-2a5c0b91d8b8
d4b50d37-901e-454f-99f0-c9085e6f2a11,BE,BE-WAL,locality,,land,Wihéries,"[[""fr"", ""Wihéries""], [""ru"", ""Виери""], [""wa"", ""Wiériye""]]",True,True,3.7318358421325684,50.37278366088867,3.770913600921631,50.392967224121094,10b5b242-9b7a-4405-b8ca-a5895384248d
4e1dd39b-a08c-4583-8e1f-c4e90c753620,BE,BE-WAL,microhood,,land,Place Saint Victor,,True,True,4.532431125640869,50.05793380737305,4.533059597015381,50.058319091796875,4d93fdce-88aa-4f88-9ccc-643ca78d60b4
856b8be4-48f6-40b1-b7f1-cf1ef900c7ca,BE,BE-WAL,locality,,land,Morlanwelz,"[[""pcd"", ""Marlanwé""], [""fr"", ""Morlanwelz""], [""ru"", ""Морланвельз""], [""wa"", ""Marlanwé""]]",True,True,4.196969985961914,50.42192840576172,4.2831244468688965,50.47477340698242,f6f87d87-0a67-457e-acb7-c023fa3ad6bf
da724ef5-60ed-447f-88d7-5b005d2d4aad,BE,BE-WAL,locality,,land,Aisemont,"[[""nl"", ""Aisemont""], [""wa"", ""Ezemonts""]]",True,True,4.624936580657959,50.397098541259766,4.6751179695129395,50.4255485534668,426cda0c-81bf-44cc-813a-7f68ecb8ab3f
c84601e4-77c4-47c5-bb48-fafc4548ce74,BE,BE-WAL,locality,,land,Le Croly,,True,True,4.135024547576904,50.6751708984375,4.14148473739624,50.68085861206055,43b8d0ce-19d7-4bd5-91ff-bc73181e5ec2
92ec64b4-b268-4e07-a3b1-c718f3dd8de7,BE,BE-WAL,locality,,land,Eghezée,"[[""fr"", ""Eghezée""], [""nl"", ""Eghezée""], [""wa"", ""Inguezêye""], [""ru"", ""Эгзе""]]",True,True,4.787032127380371,50.525936126708984,4.989780426025391,50.64844512939453,cf0baccb-8773-42ff-ac6c-40c0e776f2b4
ad3b7911-5040-4f15-8a4a-b10ba7f1057c,BE,BE-WAL,locality,,land,Thumaide,,True,True,3.6128408908843994,50.530818939208984,3.643612861633301,50.56326675415039,8d89da1e-7cec-4234-b889-a59d3f40e17a
0c9fafde-dedd-489f-9fbf-b6035baa3a39,BE,BE-WAL,microhood,,land,Place d'Aische-en-Refail,,True,True,4.834793567657471,50.5991096496582,4.83614444732666,50.59949493408203,9ab0ca5d-188f-4f42-90da-24ca5fdba551
540a598f-85a6-4178-b983-e385745c76c9,BE,BE-WAL,locality,,land,Rognée,"[[""nl"", ""Rognée""], [""wa"", ""Rojneye""]]",True,True,4.358240604400635,50.25304412841797,4.406046390533447,50.28401184082031,5df3b747-af76-4ca5-8ab3-3d99486e6c07
9959c694-02b9-45f5-8e8c-233994d47ba9,BE,BE-WAL,locality,,land,Vierves-sur-Viroin,"[[""fr"", ""Vierves-sur-Viroin""], [""nl"", ""Vierves-sur-Viroin""], [""wa"", ""Viêpe""]]",True,True,4.6250810623168945,50.03914260864258,4.663853645324707,50.097530364990234,c82a9131-9c60-4cb7-83f5-675216e697c4
099bed9a-78ba-4bab-b7cc-9fb61eccf48c,BE,BE-WAL,locality,,land,Thorembais-Saint-Trond,,True,True,4.7345099449157715,50.588844299316406,4.797714710235596,50.648590087890625,57c86e84-9a7a-40b2-b004-247b2fa12ee4
8bcb0d80-aea9-4a77-8a17-2e99f3681997,BE,BE-WAL,locality,,land,Beaumont,"[[""pcd"", ""Biômont""], [""fr"", ""Beaumont""], [""la"", ""Bellomontium""], [""bg"", ""Бомон""], [""ru"", ""Бомон""], [""wa"", ""Biômont""], [""be"", ""Бамон""], [""ja"", ""ボーモン""], [""fa"", ""بمانت""], [""zh"", ""博蒙""]]",True,True,4.165149688720703,50.15889358520508,4.345858097076416,50.294921875,c7487bd3-121c-4e18-ae6c-510407d15b43
11c94a7e-7895-4dda-aca8-19dc8fc59e75,BE,BE-WAL,localadmin,,land,Soignies,"[[""pcd"", ""Sougniye""], [""lb"", ""Soignies""], [""fr"", ""Soignies""], [""li"", ""Zinnik""], [""la"", ""Suniacum""], [""nl"", ""Zinnik""], [""ko"", ""수아니""], [""de"", ""Soignies""], [""ru"", ""Суаньи""], [""en"", ""Soignies""], [""wa"", ""Sougniye""]]",True,True,3.952251672744751,50.46286392211914,4.336463451385498,50.66904830932617,6de249d5-6918-48cb-802a-a65defaf0497
010977ed-e73d-41b7-a05d-d2c3c6c587c0,BE,BE-WAL,locality,,land,Ramillies,"[[""ru"", ""Рамийи""]]",True,True,4.8310441970825195,50.615386962890625,4.94111442565918,50.70382308959961,66a31214-a764-420a-b1ba-f19ebabf940c
6bac19ec-087b-4be8-bd3a-fec9223e57e5,BE,BE-WAL,locality,,land,Bomal,,True,True,4.845634460449219,50.66301345825195,4.9022955894470215,50.68562316894531,f52a6c9f-0d7f-4376-9a32-c978ce41f6bf
addcda7d-ded1-46f1-aaf4-8e7fb7b92e91,BE,BE-WAL,locality,,land,Saint-Marc,"[[""fr"", ""Saint-Marc""], [""ru"", ""Сен-Марк""], [""wa"", ""Sint-Må-dlé-Nameur""]]",True,True,4.8293609619140625,50.481689453125,4.864518165588379,50.50847625732422,159be342-3ac1-4e0e-8574-01e61bbbdc3b
cc235edf-38c6-49aa-b66d-0a4708b5470c,BE,BE-WAL,locality,,land,Leval-Trahegnies,,True,True,4.1991868019104,50.38869094848633,4.252469062805176,50.43903350830078,e57f5193-7396-40ef-9dba-91db68ea62ab
a558346f-91cb-44f4-b948-87c01b2379d1,BE,BE-WAL,localadmin,,land,La Louvière,"[[""pcd"", ""El Lovire""], [""ko"", ""라루비에르""], [""wa"", ""El Lovire""], [""la"", ""Luparia""]]",True,True,4.027380466461182,50.32978439331055,4.2831244468688965,50.524959564208984,2ea9d23e-2be9-41d9-8e78-a5c4b6aba39e
147fbe95-4706-4a44-b07a-5504385d2dcb,BE,BE-WAL,microhood,,land,Place Clochemerle,,True,True,4.6503376960754395,50.63261413574219,4.65069580078125,50.63286209106445,48e5a0bc-0d9c-42c9-8870-56be04c697a4
bcb33c04-fc00-41d1-8ba1-ddcf420dd24b,BE,BE-WAL,locality,,land,Roselies,,True,True,4.5577616691589355,50.40412521362305,4.582544326782227,50.433631896972656,27450b4c-fa7f-4b65-a7f4-142368f41105
43e70b97-37cb-4a2d-ae44-05f66d43505c,BE,BE-WAL,locality,,land,Lesve,"[[""ru"", ""Лев""], [""wa"", ""Léve""]]",True,True,4.740967750549316,50.35759735107422,4.807374000549316,50.391231536865234,18ad178c-b397-4686-ac8e-d90537776260
e2457b02-b051-40bd-9112-94caef496fda,BE,BE-WAL,region,1,land,Wallonie,"[[""pcd"", ""Walonnie""], [""bs"", ""Valonija""], [""vls"", ""Wallonië""], [""lb"", ""Wallounien""], [""hr"", ""Valonija""], [""ar"", ""والونيا""], [""fr"", ""Wallonie""], [""lv"", ""Valonija""], [""uk"", ""Валлонія""], [""ga"", ""An Vallúin""], [""pt-PT"", ""Valónia""], [""pt"", ""Valônia""], [""cs"", ""Valonsko""], [""el"", ""Βαλονία""], [""it"", ""Vallonia""], [""ca"", ""Valònia""], [""pt-BR"", ""Wallonia""], [""vi"", ""Wallonia""], [""tzl"", ""Valonia""], [""nl"", ""Wallonië""], [""zh-Hans"", ""瓦隆大区""], [""bg"", ""Валония""], [""ko"", ""왈롱""], [""et"", ""Wallonia""], [""de"", ""Wallonien""], [""ur"", ""والونیا""], [""fy"", ""Walloanje""], [""ru"", ""Валлония""], [""th"", ""วัลลูน""], [""id"", ""Wallonia""], [""pnb"", ""ویلونیا""], [""sr-Latn"", ""Valonija""], [""sv"", ""Vallonien""], [""tr"", ""Valonya""], [""da"", ""Vallonien""], [""zh-Hant"", ""瓦隆大区""], [""en"", ""Wallonia""], [""he"", ""ולוניה""], [""sk"", ""Valónsko""], [""wa"", ""Walonreye""], [""es"", ""Valonia""], [""be"", ""Валонія""], [""ja"", ""ワロン地域""], [""fi"", ""Vallonia""], [""ro"", ""Valonia""], [""lt"", ""Valonija""], [""no"", ""Vallonia""], [""sl"", ""Valonija""], [""fa"", ""والونی""], [""zh"", ""瓦隆大区""], [""hu"", ""Vallónia""], [""pl"", ""Walonia""]]",True,True,2.842034339904785,49.49697494506836,6.408097743988037,50.8121223449707,35a36044-ac48-4742-8ee0-e97e63af28eb
28c0fa7f-7874-4094-af01-851d11593a3d,BE,BE-WAL,locality,,land,Grand-Rosière-Hottomont,,True,True,4.841702938079834,50.615386962890625,4.9006524085998535,50.64207077026367,887c2e7f-556e-4f5b-b069-699e3760c243
a5c885a3-4089-47d5-ae9c-10c2e7a99b8d,BE,BE-WAL,locality,,land,Le Mesnil,"[[""fr"", ""Le Mesnil""], [""nl"", ""Le Mesnil""], [""ru"", ""Ле-Мениль""], [""wa"", ""Li Mwinni""]]",True,True,4.646596431732178,50.0078125,4.693915843963623,50.04603576660156,3d8c4148-c8f4-492d-af76-ef76353d3a05
b9da9adf-157e-49d7-bfa0-966fe2cbe57d,BE,BE-WAL,locality,,land,Silenrieux,"[[""nl"", ""Silenrieux""], [""ru"", ""Силанрьё""], [""wa"", ""Slinri""]]",True,True,4.38925313949585,50.18405532836914,4.444088459014893,50.24074172973633,85f7d98e-989b-4a6d-85c6-2102d74468c3
03050a07-f2c2-4613-9271-00ab59ffcada,BE,BE-WAL,locality,,land,Gouy-lez-Piéton,,True,True,4.286956310272217,50.468868255615234,4.363239765167236,50.523826599121094,3f701114-84db-4697-bfdc-a87265773084
ad722b3d-4d88-4d07-b7bf-37d1a5ee271f,BE,BE-WAL,neighborhood,,land,Besonrieux,,True,True,4.178185939788818,50.502532958984375,4.211709022521973,50.524959564208984,e94c9fb5-a552-49d7-8289-f2fe5683deac
0b2b73ed-20ff-43f8-92ff-4f094e321a71,BE,BE-WAL,locality,,land,Horrues,"[[""ru"", ""Оррю""]]",True,True,3.9782626628875732,50.58259582519531,4.072893142700195,50.63374710083008,b14617a0-ff50-44c9-b935-513f8ede3428
db77a96c-2a72-49a0-b105-9d153c5fb97d,BE,BE-WAL,locality,,land,Orbais,"[[""ru"", ""Орбе""]]",True,True,4.733510971069336,50.62834167480469,4.77908992767334,50.65727233886719,65a9ffee-edb3-4ca6-ab1f-f719697e0b84
ee79fec0-7f24-4ec6-8ba6-e73607a0be8c,BE,BE-WAL,locality,,land,Donstiennes,,True,True,4.273209571838379,50.267295837402344,4.328811168670654,50.299888610839844,17b23b05-444d-41c7-9188-d8b5725b6651
cd5bbf8f-87c3-4a82-95bb-b4d709f50da6,BE,BE-WAL,locality,,land,Blaton,,True,True,3.619861125946045,50.487449645996094,3.6919991970062256,50.51461410522461,fba43075-ab35-45a2-bc0e-de21325ba652
ffefa8e1-4bcc-44a8-8677-2f3b2f95dd4b,BE,BE-WAL,locality,,land,Leugnies,"[[""pcd"", ""Leugniye""], [""fr"", ""Leugnies""], [""wa"", ""Leugniye""]]",True,True,4.165149688720703,50.20853042602539,4.22769021987915,50.24671936035156,81e3ab41-df9d-444f-93f2-9292a35d850d
eb23d096-7c69-44cc-9cd9-79b0ba5873ff,BE,BE-WAL,locality,,land,Solre-sur-Sambre,"[[""ru"", ""Сольр-сюр-Самбр""]]",True,True,4.117039680480957,50.27283477783203,4.180966377258301,50.33057403564453,8e2f8c5f-eb8f-4640-aa06-1c367e8cc077
88397584-7429-4751-8fdf-be4cb6314909,BE,BE-WAL,locality,,land,Basse-Clabbecq,,True,True,4.114272594451904,50.664161682128906,4.126957893371582,50.671871185302734,ad0a6097-720c-46b6-ba13-25ee1b32567c
dc953b68-94e4-43f1-9035-812043770042,BE,BE-WAL,locality,,land,Bauffe,"[[""ru"", ""Боф""]]",True,True,3.8269107341766357,50.547393798828125,3.8795664310455322,50.582210540771484,ce677569-e935-472a-b07f-14279d3010bd
2551b9fb-dbab-4050-bed9-38f60b48c19b,BE,BE-WAL,locality,,land,Jamiolle,"[[""nl"", ""Jamiolle""], [""wa"", ""Djamiole""]]",True,True,4.482542037963867,50.200401306152344,4.5189714431762695,50.2275505065918,972a34f5-e794-43bf-897c-58b191e803cf
0b3a0237-737e-4d49-a218-111e0d6cfb47,BE,BE-WAL,locality,,land,Forchies-la-Marche,"[[""ru"", ""Форши-ла-Марш""]]",True,True,4.293792724609375,50.419498443603516,4.3450822830200195,50.447269439697266,775900a1-6561-44f9-82b9-b90bbea6dab3
d742602e-734d-49c5-bb0d-05660a024045,BE,BE-WAL,locality,,land,Morville,"[[""nl"", ""Morville""], [""wa"", ""Marveye""]]",True,True,4.701434135437012,50.19755172729492,4.788215160369873,50.249725341796875,1e6250f2-c368-42c2-bc61-6b6851c6145f
27409d38-d2d1-4bfe-b1db-3e450e30921f,BE,BE-WAL,locality,,land,Macon,,True,True,4.17244815826416,50.000186920166016,4.2294182777404785,50.06270980834961,46c08bb3-3d29-417f-b48d-c5bef50d071a
0709faed-a78f-43e1-bc24-53a8fccafaa7,BE,BE-WAL,locality,,land,Roly,"[[""en"", ""Roly""], [""nl"", ""Roly""], [""wa"", ""Roli""]]",True,True,4.489582538604736,50.11080551147461,4.584902763366699,50.15309524536133,ca983b3e-ef64-443d-8d81-cce02fd814a1
e9d79a4a-dd49-418e-b44c-1efa19834bb5,BE,BE-WAL,locality,,land,Neuville,"[[""nl"", ""Neuville""], [""ru"", ""Нёвиль""], [""wa"", ""Nevile""]]",True,True,4.476213455200195,50.13249588012695,4.535038471221924,50.1878547668457,1de0e879-a5d5-49ec-93ee-5ba3289665f9
9b8db7e2-468a-4d76-a7e4-2f59a0473c55,BE,BE-WAL,locality,,land,Tamines,"[[""nl"", ""Tamines""], [""ru"", ""Тамин""], [""wa"", ""Tamène""]]",True,True,4.582193374633789,50.425010681152344,4.624263763427734,50.4577751159668,a4630bb8-c8d0-4999-be99-0e733ab17f29
03b9bc51-f86e-4de1-a2f2-674447e65c04,BE,BE-WAL,locality,,land,La Bruyère,"[[""fr"", ""La Bruyère""], [""nl"", ""La Bruyère""], [""wa"", ""Les Brouhires""]]",True,True,4.74455451965332,50.486873626708984,4.898528575897217,50.57335662841797,d26aef78-c9f3-49b6-8aed-e75dadccda93
f633f449-787d-4464-a13c-a47da6a73945,BE,BE-WAL,locality,,land,Haut-Ittre,,True,True,4.279146194458008,50.630123138427734,4.324456691741943,50.667503356933594,cd0e62af-8b8c-4fd4-8854-05895b9f5bfc
4c97760d-8d92-45de-869d-032c38cfdaa4,BE,BE-WAL,localadmin,,land,Namur,"[[""pcd"", ""Nameur""], [""vls"", ""Noamn""], [""lb"", ""Namouer""], [""ar"", ""نامور""], [""fr"", ""Namur""], [""uk"", ""Намюр""], [""it"", ""Namur""], [""la"", ""Namurcum""], [""nl"", ""Namen""], [""zh-Hans"", ""那慕尔""], [""ko"", ""나뮈르""], [""eo"", ""Namuro""], [""mk"", ""Намир""], [""de"", ""Namur""], [""ru"", ""Намюр""], [""sr-Cyrl"", ""Намир""], [""zh-Hant"", ""那慕爾""], [""en"", ""Namur""], [""wa"", ""Nameur""], [""es"", ""Namur""], [""lt"", ""Namiūras""], [""zh"", ""那慕爾""]]",True,True,4.557378768920898,50.26141357421875,5.2371978759765625,50.64844512939453,64dcf724-5850-487d-996c-0a6bd51a3859
3f09eef4-5dde-48ec-accc-ea2c2ca1a224,BE,BE-WAL,locality,,land,Thy-le-Château,"[[""nl"", ""Thy-le-Château""], [""ru"", ""Ти-ле-Шато""], [""wa"", ""Tî-l'-Tchestea""]]",True,True,4.404882907867432,50.27252197265625,4.459228992462158,50.3104362487793,cb676c86-1139-4c03-b4c8-f6f7a76b0d21
ee03c165-9428-49dc-80d8-23d8dfca6711,BE,BE-WAL,county,2,land,Brabant wallon,"[[""fr"", ""Brabant wallon""], [""ca"", ""Brabant Való""], [""nl"", ""Waals-Brabant""], [""de"", ""Wallonisch-Brabant""], [""fy"", ""Waalsk-Brabân""], [""ru"", ""Валлонский Брабант""], [""nds-nl"", ""Waols-Braobaant""], [""en"", ""Walloon Brabant""], [""sk"", ""Valónske Brabantsko""], [""es"", ""Brabante Valón""], [""hu"", ""Vallon-Brabant""], [""pl"", ""Brabancja Walońska""]]",True,True,4.091443061828613,50.5254020690918,5.0204877853393555,50.807220458984375,12e766fe-55df-45e1-9918-69188f9cca28
bdf2434e-9d4e-4e69-98bb-e1f53ac41b4e,BE,BE-WAL,locality,,land,Chièvres,"[[""pcd"", ""Chieuve""], [""fr"", ""Chièvres""], [""la"", ""Cervia""], [""bg"", ""Шиевър""], [""ru"", ""Шьевр""], [""wa"", ""Chieve""], [""ja"", ""シエーヴル""], [""fa"", ""شیور""], [""zh"", ""谢夫尔""]]",True,True,3.713879346847534,50.526546478271484,3.8373403549194336,50.61378860473633,1e2ac0d0-9db0-4427-884a-f0106a243c02
f8d6fa48-dd8b-476e-bdf7-02c5c8100783,BE,BE-WAL,locality,,land,Olloy-sur-Viroin,"[[""fr"", ""Olloy-sur-Viroin""], [""nl"", ""Olloy-sur-Viroin""], [""ru"", ""Оллуа-сюр-Вируэн""], [""wa"", ""Ôlwè""]]",True,True,4.575474262237549,50.031097412109375,4.6338372230529785,50.093482971191406,31e4da03-e986-4a9d-b4b5-27f04ac408ec
5226fffe-dc6a-4b69-90ff-2bb9efccd20a,BE,BE-WAL,locality,,land,Bassilly,"[[""fr"", ""Bassilly""], [""nl"", ""Zullik""], [""wa"", ""Bas-Chli""], [""ru"", ""Басийи""]]",True,True,3.8984296321868896,50.6576042175293,3.969409465789795,50.695499420166016,1eb55a86-ccaf-4615-8e51-2a3e2edf8d1a
4168006e-1420-42a1-9cdf-dcd4241705a8,BE,BE-WAL,locality,,land,Anthée,"[[""wa"", ""Antêye""]]",True,True,4.736491680145264,50.21469497680664,4.794483184814453,50.26604080200195,14de8ef2-700a-4883-b0a0-7363ec85f822
5b601044-bfd4-4f9b-97f1-0ae1e88d2063,BE,BE-WAL,microhood,,land,Place de Beignée,,True,True,4.397546768188477,50.332054138183594,4.39788293838501,50.332462310791016,4e47d07d-d309-499a-9b3f-d19ae916a356
df7a272d-b560-4bc3-9b5c-2ff265ccc950,BE,BE-WAL,locality,,land,Bousval,"[[""ru"", ""Бусваль""]]",True,True,4.489367961883545,50.608055114746094,4.541568756103516,50.6558723449707,3207a568-08d7-46d6-b87a-3ecda82df505
7034588b-df39-42ec-ad9c-e6e1d99f23a4,BE,BE-WAL,locality,,land,Bossière,"[[""fr"", ""Bossière""], [""nl"", ""Bossière""], [""ru"", ""Бёзе""], [""wa"", ""Bossire""]]",True,True,4.66237735748291,50.507755279541016,4.746818542480469,50.539337158203125,e091b76e-a10d-4729-bd82-f2d69a9c559a
30e2a57c-2b93-4415-8a2e-4735c4504374,BE,BE-WAL,locality,,land,Corroy-le-Grand,,True,True,4.625107288360596,50.65229034423828,4.706327438354492,50.6905632019043,361e315f-bade-4695-b72b-2647558e7d9e
006873b9-51a5-4c70-a10e-2cb2a430025b,BE,BE-WAL,locality,,land,Blaton,,True,True,3.660491943359375,50.50089645385742,3.6607019901275635,50.50111389160156,959db644-51c2-461e-879c-e97e3ee6366f
882b88a0-4345-431c-a1b1-20d3f7362f30,BE,BE-WAL,microhood,,land,Place de la Baille,,True,True,4.350040912628174,50.44184494018555,4.350522518157959,50.442237854003906,160bfad0-f794-4dd0-b85c-4591a9896a0f
d4b1221a-a8d1-4b5c-9c0f-fbc445f53876,BE,BE-WAL,locality,,land,Basècles,"[[""ru"", ""Базекль""], [""la"", ""Basilicae""]]",True,True,3.608520984649658,50.51172637939453,3.69118595123291,50.54469299316406,8bc40634-e0d2-4188-967e-b079fbdca9ee
af5c37b0-bde8-48e4-a2ea-708c7b57b60d,BE,BE-WAL,locality,,land,Piroi,,True,True,4.348939895629883,50.659934997558594,4.359497547149658,50.66785430908203,c1022a26-b13c-4d49-af60-08dd0810c0cc
ac654538-1f23-4fd1-ae7c-17feb2b6e295,BE,BE-WAL,locality,,land,Bruyère Madame,,True,True,4.407045364379883,50.62907028198242,4.414332866668701,50.63378143310547,fb93796e-beac-49d6-a9f0-4aa5a220dfbd
0439f70c-e566-4b42-af90-aee1bc0488aa,BE,BE-WAL,locality,,land,Godarville,,True,True,4.279108047485352,50.48294448852539,4.309285640716553,50.50704574584961,3bbf11e0-0e50-407e-84a7-37facf3ffdf9
1ab5b9fa-a51a-427a-a4b9-d6116ce50c7e,BE,BE-WAL,locality,,land,Soye,"[[""fr"", ""Soye""], [""nl"", ""Soye""], [""wa"", ""Sôye""]]",True,True,4.707070827484131,50.43812561035156,4.751044750213623,50.471920013427734,048c6a73-cfda-468f-a34f-9673b7df2666
1475a9df-0d35-44de-a42a-1eafaa86b448,BE,BE-WAL,locality,,land,Graty,"[[""fr"", ""Graty""], [""wa"", ""El Grati""], [""ru"", ""Грати""]]",True,True,3.961674690246582,50.623046875,4.029587268829346,50.6536865234375,53cd6dc1-6d4a-4067-b9d4-fa510dfdc3a8
e30bc31e-cc57-4d37-9df9-ab4b910f2728,BE,BE-WAL,locality,,land,Loupoigne,,True,True,4.400046348571777,50.575496673583984,4.456842422485352,50.609256744384766,25654f5c-8f2f-4e72-8ff6-061f293a3163
4ea2d7f5-4e5d-495b-9ebd-1dd454767215,BE,BE-WAL,locality,,land,Mazy,"[[""fr"", ""Mazy""], [""nl"", ""Mazy""], [""ru"", ""Мази""], [""wa"", ""Mazi""]]",True,True,4.659968376159668,50.49951934814453,4.715924263000488,50.52246856689453,2ff78fae-39b0-4bc4-b0f4-46c1eb14fccc
b4c776fb-2397-4a5a-9052-e86adb5292f2,BE,BE-WAL,locality,,land,Angre,"[[""ru"", ""Ангр""]]",True,True,3.6641058921813965,50.340171813964844,3.7273428440093994,50.37681198120117,547f5d52-2c92-4859-a167-508963a8f9a6
ff6ab719-e0ee-4b7f-84eb-5431f7ba7079,BE,BE-WAL,locality,,land,Surice,"[[""nl"", ""Surice""], [""ru"", ""Сюрис""]]",True,True,4.641210079193115,50.17184066772461,4.718622207641602,50.21810531616211,04726e5c-f268-4dd9-bbce-383ea02223cd
54afa036-2129-48ad-b293-ffe84262ef8d,BE,BE-WAL,localadmin,,land,Ath,"[[""pcd"", ""Ât""], [""lb"", ""Ath""], [""fr"", ""Ath""], [""uk"", ""Ат""], [""li"", ""Aat""], [""el"", ""Ατ""], [""la"", ""Athum""], [""nl"", ""Aat""], [""bg"", ""Ат""], [""ko"", ""아트""], [""mk"", ""Ат""], [""de"", ""Ath""], [""ru"", ""Ат""], [""zea"", ""Aet""], [""wa"", ""Ate""], [""be"", ""Ат""], [""ja"", ""アト""], [""lt"", ""Atas""], [""fa"", ""ات""], [""zh"", ""阿特""]]",True,True,3.487025499343872,50.442264556884766,4.1140971183776855,50.7818717956543,b2559a07-d957-4e15-ae51-1dea01449f49
f7cea087-cb7e-419c-803d-9e0ec60286f7,BE,BE-WAL,locality,,land,Bouvignies,"[[""pcd"", ""Bouv'gnie""], [""la"", ""Bovinia""]]",True,True,3.7309982776641846,50.6430549621582,3.777939558029175,50.66575241088867,63caae27-8612-400f-bc70-d437d048c2c5
bf1d7f8d-8ee0-48ed-8055-64e37003fe16,BE,BE-WAL,microhood,,land,Grand Place,,True,True,3.8640360832214355,50.442352294921875,3.865229845046997,50.44377517700195,9a8c0fc4-bcac-48b5-81e0-3b9a0544ca0e
04206da6-5694-479a-8e2e-3a8bd815bfa0,BE,BE-WAL,locality,,land,Loncée,,True,True,4.435769557952881,50.587074279785156,4.445383071899414,50.59600067138672,e4d92c84-a1f1-4742-891f-3a94cdb70913
a91d6f89-e8f0-4b24-9b85-533fd7854e9a,BE,BE-WAL,locality,,land,Saint-Symphorien,"[[""fr"", ""Saint-Symphorien""], [""ru"", ""Сен-Сенфорьен""]]",True,True,3.9873013496398926,50.42018127441406,4.0387163162231445,50.453922271728516,fc28cbe6-85ad-427d-b30d-d96b122cc845
33842fcc-47a3-4094-a7b6-31857ecaa7df,BE,BE-WAL,locality,,land,Roisin,"[[""ru"", ""Руазен""]]",True,True,3.673124074935913,50.303157806396484,3.7383766174316406,50.35142135620117,d6d82886-7a47-4103-9dda-fb9b643a8f16
983d7a9e-990e-46a3-a181-bb5f230cea1e,BE,BE-WAL,locality,,land,Ittre,"[[""lb"", ""Ittre""], [""fr"", ""Ittre""], [""la"", ""Ittrae""], [""nl"", ""Itter""], [""de"", ""Ittre""], [""ru"", ""Итр""], [""en"", ""Ittre""], [""wa"", ""Ite""]]",True,True,4.196978569030762,50.61320114135742,4.324456691741943,50.67939376831055,6f00c41c-d835-42f8-8a1b-d44ca716c929
4d5a760f-0db4-4805-bf7c-96c6616d3d5b,BE,BE-WAL,locality,,land,Tilly,"[[""fr"", ""Tilly""], [""ru"", ""Тийи""], [""wa"", ""Tiyî""], [""la"", ""Tiliacum""]]",True,True,4.520512580871582,50.55126190185547,4.565831661224365,50.60149383544922,6398f159-88f1-42fd-bf53-68ac86470884
d11dd7cb-d12e-4ed5-a74e-90dbbd54a510,BE,BE-WAL,microhood,,land,Place Cousin,,True,True,4.152101993560791,50.5615348815918,4.152838706970215,50.56244659423828,a81b1065-971a-4dde-bea6-d6cb48f29898
3609b68b-321a-4985-b339-f47eca21bcd6,BE,BE-WAL,locality,,land,Perwez,"[[""fr"", ""Perwez""], [""la"", ""Pervesia""], [""nl"", ""Perwijs""], [""ru"", ""Первез""], [""wa"", ""Perwé""]]",True,True,4.733510971069336,50.588844299316406,4.852426528930664,50.67982864379883,54e187f9-5d4c-4af6-92cc-0a396b10bf24
b6b73264-ffe0-4974-a321-1a9c033719de,BE,BE-WAL,locality,,land,Graux,"[[""nl"", ""Graux""], [""wa"", ""Grå""]]",True,True,4.684429168701172,50.315006256103516,4.737823963165283,50.33765411376953,76cf1078-bc56-4e97-9b31-07294c36b7b7
1927bde7-3bf8-4ec0-a340-e6e708466e88,BE,BE-WAL,locality,,land,Morlanwelz-Mariemont,,True,True,4.196969985961914,50.435089111328125,4.2697062492370605,50.47477340698242,c97adc69-b0df-4a71-9869-02170eb7cc86
06a00db4-8877-4a8b-b476-d44d0d60d5ff,BE,BE-WAL,locality,,land,Silly,"[[""pcd"", ""Chli""], [""fr"", ""Silly""], [""li"", ""Opzullik""], [""nl"", ""Opzullik""], [""ru"", ""Сийи""], [""wa"", ""Chili""]]",True,True,3.8765387535095215,50.59016799926758,4.066641807556152,50.695499420166016,d83a11b2-c8da-47fb-abc8-e19f02a4d862
0ac7fa41-009f-4e16-906e-ed198a566986,BE,BE-WAL,locality,,land,Louvain-la-Neuve,"[[""pcd"", ""El' Noû Lovén""], [""gcf"", ""Louven lanèv""], [""la"", ""Novum Lovanium""], [""de"", ""Neu-Löwen""], [""ru"", ""Лувен-ла-Нёв""], [""wa"", ""Li Noû Lovén""]]",True,True,4.595350742340088,50.659141540527344,4.6480913162231445,50.689430236816406,5c086b2c-a2a8-40d2-aa13-5252b802fd09
a6223c2b-6dd7-40ff-9fa6-56e7630b882d,BE,BE-WAL,locality,,land,Gilly,"[[""pcd"", ""Djili""], [""fr"", ""Gilly""]]",True,True,4.460375785827637,50.40936279296875,4.507551670074463,50.443180084228516,d842214d-d84e-4908-af08-5f0a44246d65
d7d14636-1979-4c4a-98d0-e06d04570396,BE,BE-WAL,neighborhood,,land,La Maillebotte,,True,True,4.335442066192627,50.598880767822266,4.355906009674072,50.60886764526367,8f2f982a-2f88-4f8e-b2b7-7754adb2bb34
e717e127-04ed-46a4-adc5-3057fd212026,BE,BE-WAL,locality,,land,Soulme,"[[""nl"", ""Soulme""], [""wa"", ""Soûme""]]",True,True,4.710067272186279,50.17926025390625,4.757041931152344,50.209991455078125,b60a166f-4540-4088-8cd3-372ef12ae4bb
859eea36-e295-438f-834a-dc2b1a44b340,BE,BE-WAL,macrohood,,land,L'Espérance,,True,True,4.266098976135254,50.67329025268555,4.269583702087402,50.679317474365234,8a45e373-c674-41e2-ba3d-717af8ebfdc7
0ecb5240-5d77-490b-bfd0-638646d9ecba,BE,BE-WAL,locality,,land,Villerot,"[[""fr"", ""Villerot""], [""wa"", ""Vilrô""]]",True,True,3.7770655155181885,50.473304748535156,3.8035647869110107,50.49715805053711,97b6d1a5-ee46-40bd-a242-75447baec653
c79d9717-7233-417c-869c-e0bed4069a62,BE,BE-WAL,locality,,land,Hastière-Lavaux,"[[""ru"", ""Астьер-Лаво""], [""wa"", ""Li Vå-dlé-Astire""]]",True,True,4.770590305328369,50.19904708862305,4.84584903717041,50.23965835571289,e63ae3ec-bf61-499a-82e2-a99e4f5e752c
6f1a761d-96f8-4936-9603-ee73a641f929,BE,BE-WAL,locality,,land,Ladeuze,"[[""ru"", ""Ладёз""]]",True,True,3.7363574504852295,50.550411224365234,3.789919137954712,50.58127212524414,6c339869-483a-46d8-81d5-27756193217b
29758910-281d-4124-b60c-5eaf9d27bb99,BE,BE-WAL,locality,,land,Salles,"[[""pcd"", ""Sale""], [""fr"", ""Salles""], [""ru"", ""Саль""]]",True,True,4.201721668243408,50.041385650634766,4.278416633605957,50.103389739990234,f8df9dc5-e6d9-4ac4-8e77-2e443266d8d7
8a9c5faa-389f-42c1-8254-29dc22a34020,BE,BE-WAL,locality,,land,Pâturages,"[[""pcd"", ""Pasturâje""], [""ru"", ""Патюраж""]]",True,True,3.8268752098083496,50.37920379638672,3.871873378753662,50.42143249511719,8cdfa8c0-7a42-4a24-b5c5-da276be880e1
04e0d991-9742-4fd2-ac45-9f7fbcc1342b,BE,BE-WAL,locality,,land,Mariembourg,"[[""pcd"", ""Mariembourq""], [""fr"", ""Mariembourg""], [""nl"", ""Mariembourg""], [""de"", ""Marienburg""], [""ru"", ""Марьенбур""], [""wa"", ""Mariyambour""]]",True,True,4.490244388580322,50.08807373046875,4.540441513061523,50.12075424194336,46994b37-63ca-4a6b-b0bd-dc201073c5a1
f58ff72b-b575-4f97-8899-71ac98be16a0,BE,BE-WAL,locality,,land,Gonrieux,"[[""nl"", ""Gonrieux""], [""wa"", ""Gonri""]]",True,True,4.406742572784424,49.9954719543457,4.445725440979004,50.04673767089844,c5dee677-8163-4b9a-88ef-7c63605d66fe
d64a67c6-55f9-40d2-9d02-b0c823fcb320,BE,BE-WAL,locality,,land,Thieu,"[[""gcf"", ""Tyè""]]",True,True,4.0752668380737305,50.46286392211914,4.11165189743042,50.506385803222656,437d83b9-3d61-4431-989a-311dc85edab2
13ad9ea6-6935-4944-aac1-eef10bd320ec,BE,BE-WAL,microhood,,land,Place de la Libération,,True,True,3.772049903869629,50.63434600830078,3.773008108139038,50.63507843017578,31e1fd90-8e84-48ba-a62e-27c970eed121
63ef9042-95d2-4d75-9bca-3ecf488f36fc,BE,BE-WAL,microhood,,land,Place Albert-Elisabeth,,True,True,3.818173408508301,50.44264221191406,3.821276903152466,50.4437141418457,e503f76b-907f-46be-9910-37207ba35bf7
1eb1fafe-711f-4333-82b0-101806acdd38,BE,BE-WAL,microhood,,land,Kerajaan Ganesha,"[[""en"", ""The Kingdom of Ganesha""], [""fr"", ""Le Royaume du Ganesha""], [""nl"", ""Het Koninkrijk van Ganesha""]]",True,True,3.884754180908203,50.581119537353516,3.8889427185058594,50.58332824707031,160a68ba-8bb1-4322-9e85-16cc19b8472b
f695d024-e7a8-4913-bdc9-d0c3ec2a1362,BE,BE-WAL,locality,,land,Marche-lez-Écaussinnes,"[[""ru"", ""Марш-лез-Экосин""]]",True,True,4.148866176605225,50.52495193481445,4.225545406341553,50.559688568115234,f31c531a-ac13-41b6-8393-4262a88dc1af
6a5f37d2-5857-4c71-8c48-d6c48284b975,BE,BE-WAL,neighborhood,,land,Bel-Air 2,,True,True,4.151925086975098,50.564796447753906,4.1597137451171875,50.56976318359375,f5c5d954-3226-4643-9caa-1a87a8048e74
497eaf04-0d89-4721-94a0-8ed46602ae77,BE,BE-WAL,locality,,land,Ottignies-Louvain-la-Neuve,"[[""gcf"", ""Dotini-louven-lanèv""], [""fr"", ""Ottignies-Louvain-la-Neuve""], [""la"", ""Ottiniacum et Novum Lovanium""], [""ru"", ""Оттиньи-Лувен-ла-Нёв""], [""wa"", ""Ocgniye-Li Noû Lovén""]]",True,True,4.491852283477783,50.64926528930664,4.6480913162231445,50.696441650390625,092f4136-52e3-470a-bebf-511d0b87977d
c052271a-8812-4c0a-8ddc-12ba015fbad5,BE,,country,0,maritime,België / Belgique / Belgien,"[[""hy"", ""Բելգիա""], [""pcd"", ""Bergike""], [""se"", ""Belgia""], [""ku"", ""Belçîka""], [""xmf"", ""ბელგია""], [""rue"", ""Белґія""], [""crh"", ""Belçika""], [""ss"", ""iBhelijiyamu""], [""bs"", ""Belgija""], [""vls"", ""België""], [""stq"", ""Belgien""], [""kaa"", ""Belgiya""], [""ba"", ""Бе́льгия""], [""als"", ""Belgie""], [""pfl"", ""Belgje""], [""lb"", ""Belsch""], [""hr"", ""Belgija""], [""ta"", ""பெல்ஜியம்""], [""ka"", ""ბელგია""], [""ar"", ""بلجيكا""], [""pi"", ""बेल्जियम""], [""nov"", ""Belgia""], [""yue"", ""比利時""], [""fr"", ""Belgique""], [""lfn"", ""Beljia""], [""is"", ""Belgía""], [""nah"", ""Belgica""], [""ug"", ""بېلگىيە""], [""lv"", ""Beļģija""], [""eu"", ""Belgika""], [""mdf"", ""Бельгие""], [""kl"", ""Belgia""], [""rn"", ""Ububirigi""], [""vep"", ""Bel'gii""], [""am"", ""ቤልጅግ""], [""hif"", ""Belgium""], [""mt"", ""Belġju""], [""nso"", ""Belgium""], [""krc"", ""Бельгия""], [""bn"", ""বেলজিয়াম""], [""rw"", ""Ububiligi""], [""av"", ""Бе́льгия""], [""uz"", ""Belgiya""], [""csb"", ""Belgijskô""], [""mzn"", ""بلژیک""], [""uk"", ""Бельґія""], [""co"", ""Belgica""], [""rmy"", ""Beljiya""], [""szl"", ""Belgijŏ""], [""si"", ""බෙල්ජියම්""], [""li"", ""Belsj""], [""dsb"", ""Belgiska""], [""ky"", ""Бельгия""], [""ksh"", ""Beljie""], [""pa"", ""ਬੈਲਜੀਅਮ""], [""ga"", ""an Bheilg""], [""ceb"", ""Belhika""], [""br"", ""Belgia""], [""lmo"", ""Belgi""], [""ady"", ""Белгие""], [""sms"", ""Belgia""], [""tt"", ""Бе́льгия""], [""war"", ""Belhika""], [""so"", ""Beljim""], [""pt-PT"", ""Bélgica""], [""mwl"", ""Bélgica""], [""pt"", ""Bélgica""], [""zh-Latn-pinyin"", ""Bǐlìshí""], [""tpi"", ""Beljiam""], [""cs"", ""Belgie""], [""roa-tara"", ""Bèlge""], [""kv"", ""Бельгия""], [""zu"", ""i-Belgium""], [""smn"", ""Belgia""], [""lo"", ""ປະເທດແບນຊິກ""], [""gl"", ""Bélxica""], [""gn"", ""Véyhika""], [""cu"", ""Бє́лгїѥ""], [""roa-rup"", ""Belghia""], [""nds"", ""Belgien""], [""om"", ""Beeljiyeem""], [""ts"", ""Belgium""], [""el"", ""Βέλγιο""], [""it"", ""Belgio""], [""sc"", ""Bèlgiu""], [""su"", ""Bélgia""], [""ca"", ""Bèlgica""], [""pt-BR"", ""Bélgica""], [""os"", ""Бельги""], [""vi"", ""Bỉ""], [""srn"", ""Belgikondre""], [""la"", ""Belgica""], [""ltg"", ""Beļgeja""], [""tg"", ""Белгия""], [""mg"", ""Belzika""], [""yo"", ""Bẹ́ljíọ̀m""], [""tzl"", ""Belxhíc""], [""dv"", ""ބެލްޖިއަމް""], [""pdc"", ""Belgien""], [""tl"", ""Belhika""], [""nl"", ""België""], [""tum"", ""Belgium""], [""zh-Hans"", ""比利时""], [""bg"", ""Белгия""], [""gv"", ""Velg""], [""bi"", ""Beljiom""], [""bxr"", ""Бельги""], [""nap"", ""Belge""], [""ckb"", ""بەلجیکا""], [""ko"", ""벨기에""], [""rm"", ""Belgia""], [""or"", ""ବେଲଜିଅମ""], [""eo"", ""Belgio""], [""tk"", ""Belgiýa""], [""mk"", ""Белгија""], [""cdo"", ""Bī-lé-sì""], [""dz"", ""བེལ་ཇིཡམ""], [""oc"", ""Belgica""], [""haw"", ""Pelekiuma""], [""et"", ""Belgia""], [""nrm"", ""Belgique""], [""af"", ""België""], [""gag"", ""Belgiya""], [""de"", ""Belgien""], [""bm"", ""Bɛliziki""], [""cbk-zam"", ""Bélgica""], [""ps"", ""بلجیم""], [""scn"", ""Belgiu""], [""yi"", ""בעלגיע""], [""ha"", ""Beljik""], [""cy"", ""Gwlad Belg""], [""myv"", ""Бельгия""], [""nb"", ""Belgia""], [""ki"", ""Ubelgiji""], [""sn"", ""Belgium""], [""ace"", ""Bèlgia""], [""to"", ""Pelesiume""], [""pap"", ""Bélgika""], [""azb"", ""بلژیک""], [""ig"", ""Belgium""], [""frr"", ""Bälgien""], [""dty"", ""बेल्जियम""], [""be-Latn-tarask"", ""Бэльгія""], [""diq"", ""Belçıka""], [""cv"", ""Бельги""], [""ur"", ""بلجیئم""], [""pam"", ""Belgika""], [""arc"", ""ܒܠܓܝܩܐ""], [""nan"", ""Pe̍k-ní-gī""], [""fy"", ""Belgje""], [""ln"", ""Bɛ́ljika""], [""jv"", ""Bèlgia""], [""bat-smg"", ""Belgėjė""], [""jbo"", ""beldjym""], [""ru"", ""Бельгия""], [""ht"", ""Bèljik""], [""lrc"", ""بلجیک""], [""vro"", ""Belgiä""], [""kw"", ""Pow Belg""], [""ml"", ""ബെൽജിയം""], [""th"", ""เบลเยียม""], [""id"", ""Belgia""], [""zea"", ""Belhië""], [""ce"", ""Бельги""], [""pnb"", ""بیلجیم""], [""sq"", ""Belgjika""], [""ia"", ""Belgica""], [""arz"", ""بلجيكا""], [""lzh"", ""比利時""], [""pag"", ""Belhika""], [""sr-Latn"", ""Belgija""], [""sv"", ""Belgien""], [""udm"", ""Бельгия""], [""tr"", ""Belçika""], [""da"", ""Belgien""], [""my"", ""ဘယ်လ်ဂျီယမ်နိုင်ငံ""], [""sg"", ""Bêleze""], [""chr"", ""ᏇᎵᏥᎥᎻ""], [""sr-Cyrl"", ""Белгија""], [""wo"", ""Belsik""], [""nds-nl"", ""België""], [""lg"", ""Bubirigi""], [""bug"", ""Belgia""], [""xal"", ""Бельҗмудин Нутг""], [""zh-Hant"", ""比利時""], [""pih"", ""Beljum""], [""sm"", ""Peleseuma""], [""en"", ""Belgium""], [""olo"", ""Bel’gii""], [""gu"", ""બેલ્જિયમ""], [""he"", ""בֶּלְגְיָה""], [""bh"", ""बेल्जियम""], [""sah"", ""Бельгия""], [""tet"", ""Béljika""], [""new"", ""बेल्जियम""], [""ilo"", ""Belhika""], [""kn"", ""ಬೆಲ್ಜಿಯಂ""], [""tok"", ""ma Pesije""], [""gd"", ""a' Bheilg""], [""sk"", ""Belgicko""], [""lez"", ""Бельгия""], [""fur"", ""Belgjo""], [""bar"", ""Bäigien""], [""na"", ""Berdjiyum""], [""lad"", ""Beljika""], [""frp"", ""Bèlg·ique""], [""az"", ""Belçika""], [""wa"", ""Beldjike""], [""lij"", ""Belgiò""], [""es"", ""Bélgica""], [""ak"", ""Belgium""], [""fo"", ""Belgia""], [""kbp"", ""Pɛliziki""], [""mai"", ""बेल्जियम""], [""hi"", ""बेल्जियम""], [""vo"", ""Belgän""], [""gom"", ""बेल्जियम""], [""tw"", ""Belgium""], [""bcl"", ""Belhika""], [""te"", ""బెల్జియం""], [""mr"", ""बेल्जियम""], [""bpy"", ""বেলজিয়াম""], [""ie"", ""Belgia""], [""ext"", ""Bélgica""], [""an"", ""Belchica""], [""sco"", ""Belgium""], [""nn"", ""Belgia""], [""io"", ""Belgia""], [""sw"", ""Ubelgiji""], [""be"", ""Бeльгія""], [""qu"", ""Bilhika""], [""sd"", ""بيلجيم""], [""ang"", ""Belgice""], [""mi"", ""Pehiamu""], [""kab"", ""Biljik""], [""hsb"", ""Belgiska""], [""ja"", ""ベルギー""], [""sa"", ""बेल्जियम""], [""ast"", ""Bélxica""], [""jam"", ""Beljiom""], [""fi"", ""Belgia""], [""bo"", ""པེར་ཅིན།""], [""kbd"", ""Белгиэ""], [""ro"", ""Belgia""], [""eml"", ""Bélgi""], [""kg"", ""Belezi""], [""ne"", ""बेल्जियम""], [""ee"", ""Belgium""], [""mhr"", ""Бельгий""], [""ff"", ""Beljik""], [""lt"", ""Belgija""], [""no"", ""Belgia""], [""din"", ""Beljiem""], [""wuu"", ""比利时""], [""vec"", ""Belgio""], [""koi"", ""Белгия""], [""km"", ""បែលហ្ស៉ិក""], [""kk"", ""Бельгия""], [""sl"", ""Bélgija""], [""pms"", ""Belgi""], [""ay"", ""Bilkiya""], [""ti"", ""ቤልጄም""], [""hak"", ""Pí-li-sṳ̀""], [""fa"", ""بلژیک""], [""mn"", ""Бельги""], [""pnt"", ""Βέλγιον""], [""zh"", ""比利时;比利時""], [""ms"", ""Belgium""], [""hu"", ""Belgium""], [""pl"", ""Belgia""], [""ks"", ""बेल्जियम""], [""sh"", ""Belgija""]]",False,True,2.388913631439209,49.49697494506836,6.408097743988037,51.55078125,3b17bdf3-f498-4c72-a5ff-8b281a9ee37d
a5fddb21-13be-42a1-af61-eeaf5f913128,BE,BE-WAL,locality,,land,Rebecq,"[[""lb"", ""Rebecq""], [""fr"", ""Rebecq""], [""nl"", ""Rebecq""], [""ru"", ""Ребек""], [""en"", ""Rebecq""], [""wa"", ""Ribek""]]",True,True,4.091443061828613,50.62931442260742,4.180991172790527,50.71697998046875,6aec929b-6e06-46e1-bacd-e330d49ca468
e341bdbf-a249-49a7-ab17-d44ba3fdba87,BE,BE-WAL,locality,,land,Chapelle-à-Oie,,True,True,3.6340107917785645,50.57929229736328,3.689596652984619,50.61283874511719,d219dd1c-4100-4c69-a71d-e04675b006aa
adc7b15b-361e-4c2a-b528-6c7ee7d73ca1,BE,BE-WAL,locality,,land,Nismes,"[[""fr"", ""Nismes""], [""nl"", ""Nismes""], [""wa"", ""Nîme""]]",True,True,4.5264434814453125,50.00887680053711,4.606125354766846,50.09360885620117,1d639ba9-957f-4b64-be9e-988ea6a37faf
2f19cfcd-f8bf-4b55-9e76-8ebf69811be5,BE,BE-WAL,locality,,land,Hainin,"[[""pcd"", ""Hénin""], [""fr"", ""Hainin""], [""wa"", ""Hinnin""]]",True,True,3.7547786235809326,50.419769287109375,3.7811648845672607,50.44552230834961,3a573bc2-ff91-4911-845a-5a91520ef16a
d1a585ab-9963-4983-b2e7-4cc55edca96b,BE,BE-WAL,locality,,land,La Hestre,"[[""ru"", ""Ла-Эстр""]]",True,True,4.21598482131958,50.46495819091797,4.249795436859131,50.4810791015625,73b8f72b-cbcf-44fb-ad1f-57d0d8ffa580
527a9961-a1ee-4b2d-873d-4c3610ce4804,BE,BE-WAL,locality,,land,Aublain,"[[""nl"", ""Aublain""], [""ru"", ""Облен""], [""wa"", ""Åblén""]]",True,True,4.386586666107178,50.049747467041016,4.4319634437561035,50.10689163208008,a5857282-e677-4a38-8286-6173d52e9c50
913b53b4-37e4-4156-a8db-5907fd73cc0d,BE,BE-WAL,locality,,land,Le Roux,"[[""nl"", ""Le Roux""], [""wa"", ""Li Rou-dlé-Fosse""]]",True,True,4.583799362182617,50.36286926269531,4.6393351554870605,50.40864944458008,3a785dbf-47bf-4e32-b84e-3b99303cc84a
65d45907-2866-461d-b2eb-8931f015f3a5,BE,BE-WAL,locality,,land,Glimes,,True,True,4.804540634155273,50.66082000732422,4.851673603057861,50.69340133666992,d4e3345d-09dc-432c-8368-4048760ffde8
419f863b-38aa-46a2-a596-b058ee46ab33,BE,BE-WAL,locality,,land,Sart-Dames-Avelines,"[[""ru"", ""Сар-Дам-Авлин""]]",True,True,4.453526496887207,50.52793884277344,4.507874488830566,50.580448150634766,a3d0647a-a83b-4404-a8bd-9157c0d6d14e
c50124ea-1de4-4f32-b931-064e40c4a391,BE,BE-WAL,locality,,land,Tourinnes-Saint-Lambert,"[[""fr"", ""Tourinnes-Saint-Lambert""], [""wa"", ""Tourene-les-Ourdons""]]",True,True,4.700441837310791,50.60858917236328,4.746400356292725,50.66503143310547,c155baa8-e68e-4fbe-830d-ac437d4582f8
bcc1ce1f-f46b-4483-984a-0a4086fba561,BE,BE-WAL,locality,,land,Les Wailles,,True,True,4.292196273803711,50.592491149902344,4.2969889640808105,50.594512939453125,50f46839-6fc7-4a82-8087-f769f3bf9281
f35b2f24-79fd-4455-bf8c-663f7763505f,BE,BE-WAL,locality,,land,Bornival,"[[""ru"", ""Борниваль""]]",True,True,4.245571136474609,50.592864990234375,4.28406286239624,50.615928649902344,b2872c7d-d31c-4342-a6b0-5eb55648b3ac
f0b71409-2cd1-400e-9088-db8a5da1de21,BE,BE-WAL,locality,,land,Petit-Rœulx-lez-Nivelles,"[[""ru"", ""Пти-Рёле-Нивель""]]",True,True,4.303316593170166,50.54773712158203,4.336463451385498,50.5697021484375,08e5e3e0-abc0-46ce-9dd6-faef4fa14c8e
979cebf7-ed1e-422a-ac82-499d0911662c,BE,BE-WAL,locality,,land,Jemappes,"[[""pcd"", ""Djumappes""], [""fr"", ""Jemappes""], [""ru"", ""Жемап""]]",True,True,3.8697094917297363,50.44041442871094,3.929645299911499,50.462791442871094,d5145a1e-1cee-4078-8a55-e330b67c9f8f
3119428f-ce82-4250-a389-896494e697fd,BE,BE-WAL,locality,,land,Plume-Coq,,True,True,4.158738613128662,50.554561614990234,4.16111421585083,50.55849075317383,95ca5cf6-3e82-4757-ab93-72bc70989ced
1490fc93-9521-415b-8d8f-c7ee2a7d12b9,BE,BE-WAL,locality,,land,Omezée,"[[""nl"", ""Omezée""], [""wa"", ""Ômezêye""]]",True,True,4.686568260192871,50.187469482421875,4.716728210449219,50.21720886230469,5a659aac-db95-4aa3-a06e-9f606b7f498b
39a123da-5636-4038-8331-4d49a59337ec,BE,BE-WAL,locality,,land,Laneffe,"[[""nl"", ""Laneffe""], [""ru"", ""Ланеф""], [""wa"", ""Li Nefe""]]",True,True,4.468209743499756,50.264591217041016,4.524847507476807,50.287269592285156,4a40f04a-d081-4831-94b7-cdc3b2954732
ed893f8c-9533-4a5b-b5ea-14538093cb1b,BE,BE-WAL,locality,,land,Grandrieu,"[[""ru"", ""Гранрьё""]]",True,True,4.150306224822998,50.17275619506836,4.229128837585449,50.21560287475586,0f767d1f-fb5c-4021-9f29-6f7eca4baa63
df8f9df1-d46b-4399-805c-7238f91db802,BE,BE-WAL,locality,,land,Tertre,"[[""fr"", ""Tertre""], [""ru"", ""Тертр""], [""wa"", ""El Tiete""]]",True,True,3.7710483074188232,50.45181655883789,3.831611156463623,50.48721694946289,c200bbad-c005-4eae-bdeb-7fd2d7726d57
8281e8f5-2f26-4142-bca7-85d9694936f2,BE,BE-WAL,locality,,land,Dour,"[[""pcd"", ""Doû""], [""fr"", ""Dour""], [""uk"", ""Дур""], [""la"", ""Durnum""], [""ru"", ""Дур""], [""wa"", ""Doû""]]",True,True,3.7249608039855957,50.35319137573242,3.8525357246398926,50.42046356201172,300f9efe-8851-431c-825a-cc74e55d4a36
5a5ef70b-ab9e-4a1d-86ae-4ef8cda5edc9,BE,BE-WAL,locality,,land,Pipaix,"[[""ru"", ""Пипе""]]",True,True,3.5482370853424072,50.568397521972656,3.59792160987854,50.60554122924805,eeee8d9d-5c53-48b0-b197-4238ea16b96c
9352fade-4ec6-4007-b0a9-03652916c3dc,BE,BE-WAL,locality,,land,Hameau du 45,,True,True,4.223978042602539,50.67918014526367,4.228806495666504,50.683433532714844,88540cfb-0748-49a0-ba5f-1710265ac432
fc0af4d2-f4b6-4a82-9c5d-d49011faa5f8,BE,BE-WAL,locality,,land,Baisieux,,True,True,3.668651580810547,50.3745231628418,3.7264974117279053,50.40449905395508,940a7173-0397-4eb5-9285-ba5ba9edafa3
b22c1e99-f834-4115-a072-ea1a9b632037,BE,BE-WAL,microhood,,land,Grand'Place de Frameries,,True,True,3.892791748046875,50.40915298461914,3.8944568634033203,50.41019058227539,43e2b9c1-5ff7-4ed8-b045-e0a9d45a90a5
2ac01b54-0d4e-43c1-8a38-e2e4230a5f34,BE,BE-WAL,locality,,land,Moignelée,"[[""nl"", ""Moignelée""], [""wa"", ""Mougnlêye""]]",True,True,4.572685241699219,50.432003021240234,4.593415260314941,50.45478820800781,c60e3a0d-7ad6-41e2-9e9c-df8ef65f6625
1cd89386-f5a3-4f8a-a05d-4819f3956086,BE,BE-WAL,microhood,,land,Place du Fort de Dave,,True,True,4.887326717376709,50.4171142578125,4.887603282928467,50.41733169555664,478c8b9c-0963-4649-b276-79bc737fee69
2e3d25c2-4488-4e1c-9075-fea4b7c8d165,BE,BE-WAL,locality,,land,Le Ri,,True,True,4.132305145263672,50.64263153076172,4.134327411651611,50.643638610839844,37411903-e027-426d-8fb7-d4d34ba72349
80182770-3cb0-403f-a82f-042380c8faf8,BE,BE-WAL,locality,,land,Œudeghien,"[[""ru"", ""Эдегьен""]]",True,True,3.6636435985565186,50.66862487792969,3.7314019203186035,50.69606399536133,47715905-f6d1-42c7-aff1-c1d57e55218a
a7e55124-0c66-47a9-b067-35105fcb2c50,BE,BE-WAL,locality,,land,Vellereille-les-Brayeux,,True,True,4.108968734741211,50.344261169433594,4.1856889724731445,50.397064208984375,a211580d-dd63-4ac4-8a97-1ae27db6cbac
7d39d482-4b57-4018-9057-c327d81ad9cb,BE,BE-WAL,locality,,land,Masnuy-Saint-Pierre,,True,True,3.953101396560669,50.525901794433594,3.992116689682007,50.54975891113281,a1254fa6-5b58-438d-a1f7-7f9207b84142
fa5d3468-2d22-44e3-b815-f1b75024bb93,BE,BE-WAL,locality,,land,Grand-Reng,"[[""ru"", ""Гран-Ран""]]",True,True,4.042766094207764,50.309078216552734,4.101281642913818,50.349693298339844,763c7a91-2608-4e17-ab0b-c472ae3a66e4
58b40f8d-f92a-4b27-a146-c956611dc8f4,BE,BE-WAL,locality,,land,Place du village,,True,True,4.252407073974609,50.3248176574707,4.2536091804504395,50.325191497802734,d2bddfca-4062-4177-be71-f3ae4225be94
68c603a3-9d06-4b59-ae08-8843887e6124,BE,BE-WAL,locality,,land,Dourbes,"[[""fr"", ""Dourbes""], [""nl"", ""Dourbes""], [""wa"", ""Doûpe""]]",True,True,4.556588172912598,50.07653045654297,4.62287712097168,50.10894775390625,adca9091-6260-4fa2-af62-2970df39af03
84a44210-486a-4687-9c97-246a185d9b97,BE,BE-WAL,locality,,land,Oret,"[[""nl"", ""Oret""], [""wa"", ""Ôret""]]",True,True,4.594059944152832,50.290740966796875,4.626267910003662,50.309391021728516,90203f88-c0e2-447a-bae1-9a337e598b51
d0fc8d65-ec44-4549-a1d9-883b74742f0c,BE,BE-WAL,locality,,land,Blaimont,"[[""wa"", ""Blémont""]]",True,True,4.824182033538818,50.17741775512695,4.86135196685791,50.2108268737793,574788ca-96e6-4b3d-ad18-2f400b59a446
c7717182-cdb9-4a3e-b469-fadda854102a,BE,BE-WAL,locality,,land,Saint-Géry,,True,True,4.604026794433594,50.561553955078125,4.630672931671143,50.59076690673828,83611024-cde8-45da-9cf4-08e642ae07ab
93f9758e-46a0-4793-b784-994cb480467a,BE,BE-WAL,locality,,land,Chimay,"[[""hy"", ""Շիմե""], [""pcd"", ""Chimai""], [""fr"", ""Chimay""], [""lv"", ""Šimē""], [""mdf"", ""Шимэ""], [""uk"", ""Шиме""], [""el"", ""Σιμαί""], [""la"", ""Cimaium""], [""bg"", ""Шиме""], [""ko"", ""쉬메""], [""ru"", ""Шиме""], [""he"", ""שימה""], [""wa"", ""Chimai""], [""ja"", ""シメイ""], [""fa"", ""شیمه""], [""zh"", ""希迈""]]",True,True,4.196669101715088,49.941741943359375,4.446085453033447,50.12993621826172,e1aabd56-9880-4ab0-a2df-62564487563a
24d578ec-b4fa-4403-90f3-042b420b8462,BE,BE-WAL,locality,,land,Sautour,"[[""nl"", ""Sautour""], [""wa"", ""Såtou""]]",True,True,4.5419158935546875,50.14570236206055,4.600362300872803,50.18065643310547,0c1e7235-1973-46b2-8f24-a99e01486ffe
a1bfa8a7-bb02-48fd-bdb7-56f58235c504,BE,BE-WAL,locality,,land,Havré,"[[""fr"", ""Havré""], [""ru"", ""Авре""], [""wa"", ""Avrè""]]",True,True,4.002782344818115,50.43181228637695,4.085172653198242,50.48936462402344,1c596bf2-f12a-49c7-9801-a4466ce0e30b
65b01634-0b58-411c-ba1e-7822d4cb2d33,BE,BE-WAL,locality,,land,Wagnelée,,True,True,4.51008415222168,50.511802673339844,4.543150901794434,50.533287048339844,5c5354cb-0241-48f2-8368-e65a70f2eec3
ce16ba99-ebfe-4fde-92ab-6c42c8c881e9,BE,BE-WAL,locality,,land,Ramegnies,,True,True,3.629009962081909,50.53964614868164,3.652414560317993,50.55187225341797,b6402704-dbac-4670-9c1c-77aae9050d7f
020eddd1-5b5d-4ede-bb81-13d0e09019c4,BE,BE-WAL,locality,,land,Quévy,,True,True,3.860842227935791,50.32695007324219,4.0550408363342285,50.40873718261719,3d6237ec-2262-43d4-bb2d-0be7afbbabb3
2403ca4a-f1bc-4f8b-a9e6-6b0ec5768f06,BE,BE-WAL,locality,,land,Ressaix,"[[""nl"", ""Ressaix""], [""ru"", ""Ресе""]]",True,True,4.174495697021484,50.409706115722656,4.210519313812256,50.436405181884766,370da9e8-0659-49d5-8534-c72918decc1c
7fca2b0e-3f25-4c42-9b84-c520c78b89f5,BE,BE-WAL,locality,,land,Carnières,"[[""ru"", ""Карньер""]]",True,True,4.230039119720459,50.4243049621582,4.2831244468688965,50.4593505859375,4795b1d0-5102-4fc0-8035-2db233ac14ed
7de1415c-95f2-4333-a89b-fa12d873c3a6,BE,BE-WAL,locality,,land,Upigny,"[[""nl"", ""Upigny""], [""wa"", ""Upgnè""]]",True,True,4.851275444030762,50.56148910522461,4.88353967666626,50.592376708984375,06d6e838-8807-4f36-ba9e-008e0bc0ec29
cd63cdc8-9cac-4588-a4f8-095324a3bbaf,BE,BE-WAL,locality,,land,Saint-Germain,"[[""fr"", ""Saint-Germain""], [""nl"", ""Saint-Germain (Éghezée)""], [""ru"", ""Сен-Жермен""], [""wa"", ""Sint-Djermwin""]]",True,True,4.802331447601318,50.54525375366211,4.856663227081299,50.58694076538086,ddfb2bd9-867c-4497-8227-07144d35e185
7db543a0-657a-48c3-9edb-70308147e665,BE,BE-WAL,locality,,land,Liernu,"[[""fr"", ""Liernu""], [""nl"", ""Liernu""], [""wa"", ""Liernu""]]",True,True,4.787032127380371,50.569122314453125,4.859306335449219,50.59513473510742,55e0266b-718a-4767-8a20-b7d4cd000bb9
3bff1f51-dd00-492c-9125-4a6ed6f5dde7,BE,BE-WAL,locality,,land,Harmignies,"[[""fr"", ""Harmignies""], [""ru"", ""Арминьи""]]",True,True,3.984966993331909,50.39060592651367,4.050820350646973,50.426937103271484,2d3977b3-8981-4a0c-964d-943343608210
260f2b1a-8300-43b5-84d0-b04811eece2c,BE,BE-WAL,microhood,,land,Place Verte,,True,True,4.4417338371276855,50.407466888427734,4.4431352615356445,50.40831756591797,d1a4fd6a-07e4-4aab-853f-a7007ed21d05
60631918-527b-46ff-a3d2-7d51e65f972b,BE,BE-WAL,microhood,,land,Square de la Résistance,,True,True,3.892117738723755,50.410301208496094,3.892944574356079,50.41075897216797,9009bd64-bc41-496f-a18f-36009a2fad40
5c9b0fc9-835a-4055-9fe2-e6aecd504ed7,BE,BE-WAL,locality,,land,Le Rœulx,"[[""pcd"", ""El Rû""], [""fr"", ""Le Rœulx""], [""wa"", ""El Rû""], [""la"", ""Rodium""]]",True,True,4.039026737213135,50.46286392211914,4.186405658721924,50.54680633544922,dcad7a61-c556-46ff-b63e-4d1c2e33924d
ec0d0387-6d29-4233-b60b-2ac474defa49,BE,BE-WAL,locality,,land,Warisoulx,"[[""fr"", ""Warisoulx""], [""nl"", ""Warisoulx""], [""wa"", ""Waerijhoû""]]",True,True,4.8415327072143555,50.52057647705078,4.898528575897217,50.5486946105957,17db0ba2-dbf1-4381-a8c6-6bd3121606f9
cf79ddb4-7848-4e2d-ac39-779c92f306e1,BE,BE-WAL,locality,,land,Ville-Pommerœul,,True,True,3.7109122276306152,50.456783294677734,3.7538156509399414,50.49609375,6a3dcee9-d105-4938-8148-d9f9ce9aaf8f
ebf3ef92-2d6d-4e81-bad3-a077d46935de,BE,BE-WAL,locality,,land,Villers-la-Ville,"[[""pcd"", ""Villers-el-Ville""], [""fr"", ""Villers-la-Ville""], [""ru"", ""Виллер-ла-Виль""]]",True,True,4.453526496887207,50.5254020690918,4.588778495788574,50.60149383544922,96aeb875-c304-4855-b01b-556f6027fa74
83a941f1-7a1c-4cd3-9aa7-07d338b6cdb3,BE,BE-WAL,locality,,land,Bouvignes-sur-Meuse,"[[""ru"", ""Бувинь-сюр-Мёз""]]",True,True,4.868120193481445,50.25074005126953,4.906681060791016,50.29403305053711,d6d59e99-25c7-4179-ae9e-bd8ac3459142
d490c65e-cbbe-4319-9973-54095d5e0f70,BE,BE-WAL,locality,,land,Boussu-lez-Walcourt,,True,True,4.33856725692749,50.17066192626953,4.4011406898498535,50.24342346191406,201d4eaa-5d8b-422c-ab1f-995bc35aca0e
d14059b3-6a8a-4afe-9a2f-724e958a9ca3,BE,BE-WAL,locality,,land,Petit-Enghien,"[[""pcd"", ""P'tit Ingî""], [""fr"", ""Petit-Enghien""], [""la"", ""Parva Angia""], [""nl"", ""Lettelingen""], [""ru"", ""Птит-Анген""], [""en"", ""Petit-Enghien""], [""wa"", ""Pitit-Inguî""]]",True,True,4.037235260009766,50.65349578857422,4.1140971183776855,50.71350860595703,0f503640-504f-4dbb-a329-ef333c373e62
21c9ab07-56ad-4def-ba44-2237747238f1,BE,BE-WAL,locality,,land,Village n°1 Reine Fabiola,,True,True,4.345510005950928,50.674625396728516,4.349781036376953,50.67793655395508,a787d386-304d-46c7-aebc-197b5323d85b
ae04dea9-091c-4f7d-9f96-7e83d8437393,BE,BE-WAL,locality,,land,Cerfontaine,"[[""nl"", ""Cerfontaine""], [""ru"", ""Серфонтен""], [""wa"", ""Cerfontinne""]]",True,True,4.361712455749512,50.12171936035156,4.518869400024414,50.24074172973633,567e5684-9717-4e5f-99d4-3ee343a7d110
ed315a33-5bf0-42f9-9a5e-9a374df2d7c5,BE,BE-WAL,locality,,land,Bois-de-Villers,"[[""wa"", ""Li Bwès-d'-Vilé""]]",True,True,4.794214248657227,50.36341094970703,4.848819732666016,50.41090774536133,bd303ab5-27d7-4fbd-8898-3ff3d1a3367b
6e096499-4a9a-497a-b5f6-99ecfb1b5544,BE,BE-WAL,locality,,land,Charleroi,"[[""hy"", ""Շառլեռուա""], [""pcd"", ""Carleroé""], [""gcf"", ""Chalwa""], [""vls"", ""Charleroi""], [""ta"", ""சார்லரோய்""], [""ka"", ""შარლერუა""], [""ar"", ""شارلوروا""], [""yue"", ""夏勒華""], [""fr"", ""Charleroi""], [""lv"", ""Šarlruā""], [""vep"", ""Šarlerua""], [""bn"", ""চার্লেরোই""], [""uk"", ""Шарлеруа""], [""si"", ""චාලෙරෝයි""], [""oss"", ""Шарлеруа""], [""tt"", ""Шарлеруа""], [""osd"", ""Шарлеруа""], [""el"", ""Σαρλερουά""], [""la"", ""Caroloregium""], [""nl"", ""Charleroi""], [""bg"", ""Шарлероа""], [""ko"", ""샤를루아""], [""mk"", ""Шарлероа""], [""ur"", ""شالروا""], [""ru"", ""Шарлеруа""], [""ml"", ""ഷാർലർവ""], [""th"", ""ชาร์เลอรัว""], [""arz"", ""شارلوروا""], [""lah"", ""چارلیروئی""], [""sr-Cyrl"", ""Шарлроа""], [""gu"", ""ચાર્લોરોઈ""], [""he"", ""שרלרואה""], [""kn"", ""ಚಾರ್ಲೆರೊಯ್""], [""az"", ""Şarlerua""], [""wa"", ""Tchålerwè""], [""hi"", ""चार्लेरोई""], [""te"", ""షార్లేర్వా""], [""mr"", ""चार्लेरोई""], [""be"", ""Шарлеруа""], [""ja"", ""シャルルロワ""], [""lt"", ""Šarlerua""], [""wuu"", ""沙勒罗瓦""], [""fa"", ""شارلروآ""], [""zh"", ""沙勒罗瓦""], [""hu"", ""Charleroi""]]",True,True,4.348063945770264,50.352745056152344,4.507551670074463,50.492427825927734,d5a93b70-f496-423b-acdc-52c137d162c8
b960dcfd-cdae-4319-929f-0e243a5c80db,BE,BE-WAL,locality,,land,Bois-d'Haine,,True,True,4.204164505004883,50.47754669189453,4.225935459136963,50.51408767700195,a1f79041-0abb-44e6-8b35-b9e8176a17c4
8d0d941b-200c-43a1-90c4-4f07327e1ba0,BE,BE-WAL,locality,,land,Rebaix,"[[""pcd"", ""R'bé""], [""fr"", ""Rebaix""], [""ru"", ""Ребе""]]",True,True,3.765148401260376,50.652767181396484,3.8019216060638428,50.69466018676758,31e76d46-49d7-4092-a923-f2d43b63a8ce
14b2e863-1436-40b9-8dd0-2b0e53bdf711,BE,BE-WAL,locality,,land,Marie-Boulette,,True,True,3.8367369174957275,50.38441467285156,3.8384573459625244,50.385276794433594,0113f65a-5d4f-45b9-a84d-4eac62df7649
e8530278-4623-4c2f-8c10-9a27c5334ba5,BE,BE-WAL,locality,,land,Rance,"[[""ru"", ""Ранс""]]",True,True,4.225285053253174,50.120445251464844,4.3042893409729,50.16695785522461,913dd4b4-9f35-4861-b95e-e485ba80a230
fb4c179f-0ed2-41a7-9fcb-5fa7517a0c1d,BE,BE-WAL,locality,,land,Namur,"[[""pcd"", ""Nameur""], [""gcf"", ""Namir""], [""vls"", ""Noamn""], [""lb"", ""Namouer""], [""ar"", ""نامور""], [""fr"", ""Namur""], [""uk"", ""Намюр""], [""it"", ""Namur""], [""la"", ""Namurcum""], [""nl"", ""Namen""], [""zh-Hans"", ""那慕尔""], [""ko"", ""나뮈르""], [""eo"", ""Namuro""], [""mk"", ""Намир""], [""de"", ""Namur""], [""ur"", ""نامر""], [""ru"", ""Намюр""], [""ml"", ""നമൂർ""], [""sr-Cyrl"", ""Намир""], [""zh-Hant"", ""那慕爾""], [""en"", ""Namur""], [""wa"", ""Nameur""], [""es"", ""Namur""], [""hi"", ""नमूर""], [""lt"", ""Namiūras""], [""zh"", ""那慕爾""]]",True,True,4.723052978515625,50.38727569580078,4.984357833862305,50.53110885620117,40cad39e-9048-4677-81f7-0f117092e8c0
e7a4d28b-cac1-44e6-86a6-8b328f5a37f3,BE,BE-WAL,locality,,land,Nivelles,"[[""pcd"", ""Nivèle""], [""gcf"", ""Nivèl""], [""vls"", ""Neyvel""], [""fr"", ""Nivelles""], [""la"", ""Nivellae""], [""nl"", ""Nijvel""], [""ru"", ""Нивель""], [""wa"", ""Nivele""]]",True,True,4.245571136474609,50.5432243347168,4.406652927398682,50.63523864746094,660f8ea2-5ec0-4812-8296-5ce98518f27c
5be6e005-b865-4b71-a47d-56fbbba4eae6,BE,BE-WAL,locality,,land,Noville-sur-Mehaigne,"[[""nl"", ""Noville-sur-Mehaigne""], [""wa"", ""Noveye-so-Mouhagne""]]",True,True,4.847055912017822,50.60128402709961,4.907193183898926,50.62253952026367,986b517a-2a7f-4a6a-b3a3-2e3d5a44ae7c
11284560-2fa9-43cf-8ef9-c489a05bb06d,BE,BE-WAL,locality,,land,Farciennes,"[[""pcd"", ""Farcène""], [""fr"", ""Farciennes""], [""ru"", ""Фарсьен""], [""la"", ""Farcinae""]]",True,True,4.517510414123535,50.41368865966797,4.580440044403076,50.45097351074219,3250e717-fd01-4746-b22d-9e68af843a4a
d2f7aad8-7c2c-4cda-a797-bac3854758fc,BE,BE-WAL,microhood,,land,Place du Pont Martine,,True,True,4.162886142730713,50.40852355957031,4.163498878479004,50.40907287597656,791ff960-d47a-4a89-a361-4eafde506660
059511c0-a6e3-4c35-8187-47eead71fd6a,BE,BE-WAL,locality,,land,Matagne-la-Grande,"[[""nl"", ""Matagne-la-Grande""], [""wa"", ""Matagne-li-Grande""]]",True,True,4.58197021484375,50.0921516418457,4.640774726867676,50.15095520019531,9602f050-ca70-4261-958f-1c416de4b1ca
a7da63fd-95e7-48a3-80bf-42c32e75d91a,BE,BE-WAL,microhood,,land,Place Sainte-Marguerite,,True,True,4.162883281707764,50.43537902832031,4.163651466369629,50.43598175048828,6997a813-5811-4d46-ac27-5987a393fdd1
03679531-0d19-40fe-8731-8f8af98ca924,BE,BE-WAL,locality,,land,Fagnolle,"[[""nl"", ""Fagnolle""]]",True,True,4.527376651763916,50.0911865234375,4.591861724853516,50.12811279296875,66f9170b-8bea-401c-acf9-9b37142cbd4a
9917e533-e1d0-4225-89e1-7678e6dab4c0,BE,BE-WAL,locality,,land,Pont Tordoir,,True,True,4.0831098556518555,50.644588470458984,4.085317134857178,50.645931243896484,f6889b99-8023-43ea-95a0-0e17a2c5a439
7d8a94f9-c8e1-44e7-9ad3-b2f843273387,BE,BE-WAL,locality,,land,Braine-le-Château,"[[""pcd"", ""Brinne-el-Catieau""], [""fr"", ""Braine-le-Château""], [""nl"", ""Kasteelbrakel""], [""ru"", ""Брен-ле-Шато""], [""wa"", ""Brinne-Tchestea""]]",True,True,4.237601280212402,50.65879821777344,4.333606243133545,50.700439453125,d1d6dfcd-8e38-434c-a6c8-4b5dd7d3cdf9
00b1eb76-9b82-4d86-951f-b08ade80c0ab,BE,BE-WAL,locality,,land,La Ramée,,True,True,4.259677410125732,50.66659927368164,4.269601345062256,50.67417907714844,32e6992c-d5dc-42a8-b2c7-1783f81b022c
0464b77d-470f-46f8-85fc-32fd92ee857d,BE,BE-WAL,locality,,land,Gibecq,"[[""pcd"", ""Gibiecq""], [""nl"", ""Gibeek""], [""la"", ""Gisbecca""]]",True,True,3.86159348487854,50.61988067626953,3.9133999347686768,50.64830780029297,39b10f46-6924-43cd-a0a6-36f986fa34c6
cae1ebd2-0a79-455c-bc47-0425695cdeb4,BE,BE-WAL,locality,,land,Heppignies,,True,True,4.478209972381592,50.4518928527832,4.524311065673828,50.49949264526367,a8cfa6d0-e4c5-4f9e-b644-85ca9bd9fd11
40ccf95f-59db-453d-82ff-6908dadde6c0,BE,BE-WAL,microhood,,land,place du Gros Fayt,,True,True,4.457472324371338,50.434207916259766,4.457983016967773,50.43461227416992,c7c5dd0f-c8ad-4d5e-ac7d-13ef4c635e35
e6485524-b84c-4079-9335-fe6a3c86896a,BE,BE-WAL,locality,,land,Quevaucamps,"[[""ru"", ""Кевокан""], [""la"", ""Equicampus""]]",True,True,3.6359238624572754,50.5069694519043,3.714540958404541,50.541038513183594,bc7b0697-39e2-4f54-9031-695db72bd100
5a46c0bc-3495-4cd9-8802-55f3c7c1ecdd,BE,BE-WAL,locality,,land,Malonne,"[[""nl"", ""Maeslangen""], [""ru"", ""Малон""], [""wa"", ""Malonne""]]",True,True,4.783467769622803,50.41373062133789,4.832455158233643,50.455745697021484,36f3132f-6417-4a0a-9802-22a5e6a41fff
ccb76df2-a3d0-4bdc-90dd-71f7f90f4d9c,BE,BE-WAL,locality,,land,Petit-Rœulx-lez-Braine,,True,True,4.068594455718994,50.61008834838867,4.107317924499512,50.64197540283203,a84be360-df1d-4971-8e3a-d066ab96500a
a4b74db3-dc23-4c0c-be02-398629a6c8af,BE,BE-WAL,locality,,land,Haine-Saint-Paul,,True,True,4.174208641052246,50.445404052734375,4.2230305671691895,50.482120513916016,49b19b4c-2dbc-43c1-a32a-a3a0bffac814
6f85b1e7-d40c-4a4e-b48d-c6fde73df179,BE,BE-WAL,locality,,land,Neufmaison,"[[""pcd"", ""Neumaison""], [""fr"", ""Neufmaison""], [""ru"", ""Нёмезон""], [""wa"", ""Neufmaizon""]]",True,True,3.7706212997436523,50.5182991027832,3.8148586750030518,50.54153060913086,8f8e87c0-7965-4e2c-a004-bbfbf36f2610
037de16e-db11-47b8-964a-7064d9646000,BE,BE-WAL,locality,,land,Bois de Neuve-Cour,,True,True,4.3690948486328125,50.64567184448242,4.391059398651123,50.65581130981445,5ac56fb2-4eb8-4f15-999d-6ad34cc4c150
ffd317d4-b71d-4d29-b47a-d2669eafc305,BE,BE-WAL,locality,,land,Wanfercée-Baulet,"[[""ru"", ""Ванферсе-Боле""]]",True,True,4.555459976196289,50.45344924926758,4.600717067718506,50.49955368041992,8091ac1d-8e63-4126-817a-c63dda57b264
65c3216c-6282-486e-9ea5-df4e6a895c89,BE,BE-WAL,locality,,land,Onoz,"[[""fr"", ""Onoz""], [""wa"", ""Ôno""], [""nl"", ""Onoz""]]",True,True,4.652967929840088,50.48116683959961,4.674765110015869,50.501216888427734,43b5aeb6-3e01-4001-89ea-8d782bedb43f
7b47c0d1-455c-4e48-800f-371e054ef513,BE,BE-WAL,locality,,land,Philippeville,"[[""pcd"", ""Flipeville""], [""fr"", ""Philippeville""], [""la"", ""Philipopolis""], [""nl"", ""Philippeville""], [""ru"", ""Филиппвиль""], [""wa"", ""Flipveye""]]",True,True,4.476213455200195,50.0911865234375,4.729363918304443,50.23143005371094,cf60da87-4c3b-4cbc-8a8e-3e87e8a8fac2
cf9acb8b-df6f-43df-a009-5bdd3944693c,BE,BE-WAL,locality,,land,Gosselies,"[[""pcd"", ""Gochelie""], [""fr"", ""Gosselies""], [""ro"", ""cazare""], [""ru"", ""Госли""]]",True,True,4.397299766540527,50.45469284057617,4.484893798828125,50.492427825927734,87610ec5-5f6b-4be9-868c-c5f05683dc44
051fe1b0-65dc-4043-8334-712ebde2d9a4,BE,BE-WAL,locality,,land,Hacquegnies,"[[""ru"", ""Акеньи""]]",True,True,3.5754306316375732,50.63301086425781,3.6143977642059326,50.672706604003906,1412538b-47d4-4ef8-a35a-bc0dae9166a8
99e40804-d51a-467a-a3e4-3e26e16044f0,BE,BE-WAL,locality,,land,Plancenoit,"[[""ru"", ""Плансенуа""]]",True,True,4.3948540687561035,50.64393615722656,4.450473308563232,50.681243896484375,be7ed2b0-a5fa-42d2-9b29-e894ee4f0ebb
11e6319d-d6ab-4897-96b0-fbb91a891f1f,BE,BE-WAL,locality,,land,Bruyère des Berlus,,True,True,4.399050235748291,50.63546371459961,4.404234886169434,50.63956069946289,822d78ea-a120-4038-8902-83e298210fd8
c973c5b5-87a4-471f-a8fd-9d2810ec2482,BE,BE-WAL,locality,,land,Rivière,"[[""wa"", ""Rivire""]]",True,True,4.843338966369629,50.350887298583984,4.878717422485352,50.36362075805664,4a32711f-0fd8-4d3f-b24b-101196f940dc
a25ee1f6-7112-4b1c-b9d9-b5c9b5be0755,BE,BE-WAL,locality,,land,Wayaux,,True,True,4.455522537231445,50.47602844238281,4.4859819412231445,50.499263763427734,79759eb4-30b2-41c9-ab29-a51269e58142
c9de2e4b-7879-4ebf-801a-2fb952d51153,BE,BE-WAL,microhood,,land,Place Maugrétout,,True,True,4.187764644622803,50.47772979736328,4.188878536224365,50.478538513183594,cfb734e1-afc5-4171-86d0-d06d2bf17e2e
c91f7b36-4575-4c68-a74a-ed5292ba2fb4,BE,BE-WAL,microhood,,land,Place du Baiser de Flawinne,,True,True,4.823473930358887,50.45745849609375,4.824363708496094,50.45795440673828,f440a412-fcf3-41a7-b462-694f64af58c5
c8857414-1651-428b-aacf-87378dee2bd0,BE,BE-WAL,locality,,land,Brugelette,"[[""pcd"", ""Brujlete""], [""fr"", ""Brugelette""], [""wa"", ""Brudjlete""]]",True,True,3.8191170692443848,50.56944274902344,3.9117543697357178,50.634037017822266,485f0f5f-23e4-44a5-987f-9d85f6e0bf08
1c2aba4c-f2ba-4535-ae60-48128392ea34,BE,BE-WAL,locality,,land,Weillen,"[[""wa"", ""Weyin""]]",True,True,4.784604549407959,50.249080657958984,4.843873023986816,50.274635314941406,502885d5-5b34-4051-8ad1-f12d9977f972
5b869aed-3258-47da-a045-05338e5e755a,BE,BE-WAL,locality,,land,Jamioulx,,True,True,4.391632080078125,50.33920669555664,4.434980392456055,50.360755920410156,c3eaa79b-9e5f-42c9-914f-0dfa389e9ff3
1d19a058-fc1f-4244-b44f-05eed1d047b5,BE,BE-WAL,locality,,land,Pierreux,,True,True,4.116338729858398,50.65922927856445,4.121140480041504,50.6609992980957,0f30a7bd-29c6-4c34-b461-4c8f7b60f2fa
20381f68-b611-4a51-b094-465fb086bcfe,BE,BE-WAL,locality,,land,Montrœul-au-Bois,,True,True,3.548841953277588,50.63809585571289,3.5855350494384766,50.67161178588867,05cae37f-855a-445e-9ca0-429a8728156b
2a05503b-600f-4888-b1f0-2ee50c0529fa,BE,BE-WAL,locality,,land,Haut-le-Wastia,"[[""wa"", ""Hôt-l'-Wastea""]]",True,True,4.8147382736206055,50.28474426269531,4.859954357147217,50.30978012084961,817cb5fb-ed6e-4205-9d67-5a9a836b0967
23120552-07df-4a50-9f60-932add1b9629,BE,BE-WAL,locality,,land,Tarcienne,"[[""nl"", ""Tarcienne""], [""wa"", ""Tårcene""]]",True,True,4.463284969329834,50.2928466796875,4.51886510848999,50.32896423339844,0d504669-ab29-43a3-a093-7cdea8acf3ef
9355d117-c0a1-4349-8bd2-4254547f46e8,BE,BE-WAL,locality,,land,Wépion,"[[""fr"", ""Wépion""], [""wa"", ""Wépion""]]",True,True,4.8224639892578125,50.389522552490234,4.884134292602539,50.43991470336914,c7667960-fd08-46e4-b5d2-fb7e4d017952
7d96675a-159f-4dc7-85ab-99b96d0fd743,BE,BE-WAL,locality,,land,Marbais,"[[""ru"", ""Марбе""]]",True,True,4.498904228210449,50.5254020690918,4.5774431228637695,50.57607650756836,4e8f6c5d-71fa-4f82-8dd6-62155d634ac2
934a12d2-2ea7-4dad-9c18-3fd33ac45887,BE,BE-WAL,locality,,land,Waulsort,"[[""wa"", ""Åssôrt""]]",True,True,4.833327293395996,50.19293212890625,4.9003472328186035,50.2474250793457,30e35274-64ea-4a04-80f9-782676805c48
f9f49e47-e78c-4760-ae76-5d9267be0edf,BE,BE-WAL,locality,,land,Morialmé,"[[""nl"", ""Morialmé""], [""ru"", ""Морьяльме""], [""wa"", ""Môriamé""]]",True,True,4.522360324859619,50.2592887878418,4.62075138092041,50.296119689941406,d25833f4-c172-4d1e-9a29-9b9c6d619f73
1c44d077-c5ab-4a51-95fe-ff7414489a5f,BE,BE-WAL,locality,,land,Noirefontaine,"[[""ru"", ""Нуарфонтен""]]",True,True,5.085660934448242,49.7774543762207,5.1335768699646,49.84225845336914,e9db3f0d-999a-4180-85c6-2dcdb01b7657
f42aeca0-c0d8-49ae-91ca-748e31e506b1,BE,BE-WAL,locality,,land,Juseret,,True,True,5.495153903961182,49.86695098876953,5.606037616729736,49.91863250732422,e94c3f42-c930-44c1-8c46-c555e7cf5654
bb56c776-3b1d-40f9-9455-c9192ccc3ff5,BE,BE-WAL,locality,,land,Sélange,"[[""lb"", ""Séilen""], [""nl"", ""Sélange""], [""de"", ""Selingen""], [""ru"", ""Селанж""], [""wa"", ""Sélindje""], [""lt"", ""Selanžas""]]",True,True,5.8267340660095215,49.596622467041016,5.8800859451293945,49.626766204833984,a897d190-bde7-4450-b5bc-697a2c0d7ef2
4bc8ee08-9b30-43cd-98ec-ba1020d1ac8b,BE,BE-WAL,locality,,land,Termes,"[[""ru"", ""Терм""]]",True,True,5.4352922439575195,49.68863296508789,5.482043743133545,49.72821807861328,6135f244-b629-4eca-aa55-73373ab85373
56414ad7-5937-4077-a2e7-0193a9914114,BE,BE-WAL,locality,,land,Arlon,"[[""hy"", ""Արլոն""], [""vls"", ""Oarlen""], [""lb"", ""Arel""], [""ar"", ""أرلُون""], [""yue"", ""阿爾隆""], [""fr"", ""Arlon""], [""lv"", ""Arlona""], [""uk"", ""Арлон""], [""si"", ""ආර්ලන්""], [""li"", ""Aarle""], [""el"", ""Αρλόν""], [""la"", ""Orolaunum""], [""nl"", ""Aarlen""], [""bg"", ""Арлон""], [""ko"", ""아를롱""], [""af"", ""Aarlen""], [""de"", ""Arel""], [""cv"", ""Арлон""], [""fy"", ""Aarlen""], [""ru"", ""Арлон""], [""ml"", ""ആർലോൺ""], [""zea"", ""Aerlen""], [""arz"", ""آرلون""], [""sr-Cyrl"", ""Арлон""], [""he"", ""ארלון""], [""az-Arab"", ""آرلن""], [""wa"", ""Årlon""], [""be"", ""Арлон""], [""ja"", ""アルロン""], [""lt"", ""Arlonas""], [""wuu"", ""阿尔隆""], [""zh"", ""阿尔隆""]]",True,True,5.67846155166626,49.62186813354492,5.910676002502441,49.72722244262695,431e5658-11fd-4453-a537-e8466ab168f3
8ca61f1e-f3c7-452c-97bd-20436f1a2fde,BE,BE-WAL,locality,,land,Louette-Saint-Denis,"[[""wa"", ""Li Grande Louwate""]]",True,True,4.936513423919678,49.94377136230469,5.009427070617676,49.98622512817383,58487c04-fa44-4174-9d8e-eaa4ca3afc7b
20521614-ce98-4044-b682-c410004b29f1,BE,BE-WAL,locality,,land,Porcheresse,"[[""fr"", ""Porcheresse""], [""wa"", ""Poitchrece-e-l'-Årdene""]]",True,True,5.0605058670043945,49.961280822753906,5.138484477996826,50.01609420776367,d7da1e21-9c92-43ad-ae93-fb36b445b47f
03e77799-b4bc-4d0b-b973-9e54fbe9034d,BE,BE-WAL,locality,,land,Lamorteau,,True,True,5.455430507659912,49.51181411743164,5.51922607421875,49.53773880004883,4d476364-9768-4416-9b52-8b4fd0460088
55c29a57-5338-4c80-a897-bbbd3b19b91f,BE,BE-WAL,locality,,land,Poupehan,"[[""ru"", ""Пупеан""]]",True,True,4.991696357727051,49.8017463684082,5.027420997619629,49.83479690551758,883b6cfd-6d34-4b76-ac48-921098906371
dcde79b9-642b-4c1d-b1c2-7cbae65e4624,BE,BE-WAL,locality,,land,Libin,"[[""fr"", ""Libin""], [""wa"", ""Libin""], [""ru"", ""Либен""]]",True,True,5.123877048492432,49.90781021118164,5.330341339111328,50.04576110839844,74508520-84b3-407c-9ebb-12163037ff33
e2d7663f-88b3-4f57-9729-123c407ba404,BE,BE-WAL,locality,,land,Recogne,"[[""ru"", ""Реконь""]]",True,True,5.291464805603027,49.876312255859375,5.38066291809082,49.95887756347656,9371c225-8890-4303-b4cb-a8f00736c341
3377a98f-45ef-4513-9bc4-138d5eb83295,BE,BE-WAL,locality,,land,Grandvoir,"[[""ru"", ""Гранвуар""]]",True,True,5.314958095550537,49.8479118347168,5.3969011306762695,49.88775634765625,744e9826-632b-4c22-a67d-37834b5a42a9
2bb44bf7-236e-4231-a820-ff3926abbf2f,BE,BE-WAL,locality,,land,Sensenruth,,True,True,5.0414042472839355,49.8004150390625,5.095215797424316,49.848388671875,c144676c-1797-4897-b8ab-b84dd428ce43
c0abe7c4-d4ae-40a4-98a9-69017e6bbd4d,BE,BE-WAL,locality,,land,Dampicourt,"[[""ru"", ""Дампикур""]]",True,True,5.441404819488525,49.535221099853516,5.509740352630615,49.57493209838867,ddce4ecc-13b2-487c-a2ba-e77c7d1c75e7
6719b17a-ff62-4a70-bc36-b534e5f28a18,BE,BE-WAL,locality,,land,Oizy,"[[""nl"", ""Oizy""], [""ru"", ""Уази""], [""wa"", ""Wajî""]]",True,True,4.976694583892822,49.87298583984375,5.0474138259887695,49.90914535522461,08f4a407-ac16-44f9-aaef-2c1e35e02e40
0bee5943-f690-4dba-9957-dd9b30b4d1bb,BE,BE-WAL,locality,,land,Orchimont,"[[""nl"", ""Orchimont""], [""ru"", ""Оршимон""], [""wa"", ""Orcîmont""]]",True,True,4.876371383666992,49.884071350097656,4.952510833740234,49.925559997558594,7ad33ba3-cf78-4103-9ad9-5ca71b66b46b
5b086fa9-6062-4a10-9683-c0c24b4fce04,BE,BE-WAL,locality,,land,Nobressart,"[[""lb"", ""Gehaanselchert""], [""nl"", ""Nobressart""], [""de"", ""Elchenroth""], [""ru"", ""Нобресар""], [""wa"", ""Nåbrissåt""]]",True,True,5.676424503326416,49.7253303527832,5.756863594055176,49.77743148803711,7f070575-5cc8-47a8-9634-758a0780e232
6d66d2c2-89b7-4ff6-ba70-93708ac64e45,BE,BE-WAL,locality,,land,Alle,"[[""nl"", ""Alle""], [""ru"", ""Аль""], [""wa"", ""Yåle""]]",True,True,4.942448616027832,49.79781723022461,4.990565776824951,49.84891891479492,40a6a36a-e3ed-4aed-a32f-fb219d3e92dc
353dc424-34c9-4b58-8421-48eb95c885ae,BE,BE-WAL,locality,,land,Villers-la-Loue,,True,True,5.457083225250244,49.56369400024414,5.515490531921387,49.60240936279297,4ec76c73-cc2a-4e62-a3c2-8c6e3e59c8f3
0245f60f-fb70-4ce5-a476-93e2d2027488,BE,BE-WAL,locality,,land,Nollevaux,,True,True,5.078886032104492,49.842742919921875,5.1422882080078125,49.888214111328125,80d23b97-b7b1-4a61-8273-766640f8787f
f122f9a0-a3d4-45cf-9d6b-84e5f7c0c3ce,BE,BE-WAL,locality,,land,Hatrival,,True,True,5.289900302886963,49.979740142822266,5.369521617889404,50.022796630859375,e899927b-8666-48d8-bfa0-a70b364305e2
1e1b3f37-ce7e-4bfd-9f65-7745e92ad2f4,BE,BE-WAL,locality,,land,Habay-la-Vieille,"[[""lb"", ""Alhabech""], [""fr"", ""Habay-la-Vieille""], [""de"", ""Alt-Habich""], [""ru"", ""Абе-ла-Вьей""], [""wa"", ""Habâ""], [""fr-lor"", ""Habâ""]]",True,True,5.594178676605225,49.69221115112305,5.639183521270752,49.75002670288086,c73f97fe-2bb6-4f9a-94f3-2a90adcb7ddd
03b16626-33b2-4e14-8e8d-8a470236afb9,BE,BE-WAL,locality,,land,Villers-devant-Orval,,True,True,5.304685592651367,49.61077117919922,5.42495059967041,49.66896438598633,83bbe017-840d-4df3-b364-6d20ed339fc3
804385d0-0603-4786-865c-b8b127c5174a,BE,BE-WAL,locality,,land,Florenville,"[[""fr"", ""Florenville""], [""fr-lor"", ""Floravile""]]",True,True,5.147087574005127,49.61077117919922,5.42495059967041,49.781272888183594,eb76fcdf-438b-4160-89c8-21a3e96ccb1f
ea602ad2-5dd1-4e21-a0f9-cdcd3feff2b4,BE,BE-WAL,locality,,land,Mouzaive,"[[""nl"", ""Mouzaive""], [""wa"", ""Mouzaive""]]",True,True,4.9303998947143555,49.82017517089844,4.968963146209717,49.856964111328125,e7ee6069-e2d5-4888-a923-9a64c7483314
aed8f33c-dcc6-42f2-9fec-26b613995755,BE,BE-WAL,microhood,,land,Place Charles Bergh,,True,True,5.435513496398926,49.841758728027344,5.436018943786621,49.842071533203125,c0b55d87-9a3c-4c3a-bbe6-6d59f720488e
ff6d0b60-ff00-4def-b8bf-104d0d5e07fc,BE,BE-WAL,locality,,land,Bièvre,"[[""fr"", ""Bièvre""], [""wa"", ""Bive""], [""nl"", ""Bièvre""], [""ru"", ""Бьевр""]]",True,True,4.930647850036621,49.84286880493164,5.11959981918335,50.01601791381836,1dfac845-f6cd-4c26-b58e-20849403780e
a9a91765-0aa7-4999-aeb5-93b17000f54d,BE,BE-WAL,locality,,land,"Heinsch, partie de Hachy (Fouches et Sampont)",,True,True,5.67846155166626,49.653194427490234,5.731586456298828,49.713104248046875,c58a4bba-0e8e-46a8-9b25-4a3e5c4c2a68
969f0e70-344e-4e92-b9e1-9a37db027340,BE,BE-WAL,locality,,land,Wolkrange,"[[""lb"", ""Woulker""], [""nl"", ""Wolkrange""], [""de"", ""Wolkringen""], [""ru"", ""Волькранж""], [""wa"", ""Wåclindje""], [""lt"", ""Volkranžas""]]",True,True,5.775064468383789,49.617271423339844,5.8191704750061035,49.66006088256836,7f8c5acf-21c2-496a-a398-3615dea5ca4d
bfe64188-4b56-49a1-84dd-9bca54835ca0,BE,BE-WAL,microhood,,land,Place du 12ème bataillon de fusiliers - Remagen,,True,True,5.809893608093262,49.68571853637695,5.810386657714844,49.68608093261719,0c7849c4-cbc0-46c4-8268-ca8d7f58aae4
468340a4-2733-4f7f-841e-985d135f6216,BE,BE-WAL,locality,,land,Moircy,"[[""ru"", ""Муарси""]]",True,True,5.434294700622559,49.976139068603516,5.507076740264893,50.02519226074219,c91b6dbd-9e92-444e-9647-994ce33d78bc
ecb4c3cd-c786-4dd8-9483-799714adad52,BE,BE-WAL,localadmin,,land,Virton,"[[""de"", ""Wirten""], [""lt"", ""Virtonas""], [""ru"", ""Виртон""]]",True,True,5.147087574005127,49.49697494506836,5.743138313293457,49.79047393798828,24a301a1-0906-4183-a445-90264f163e1a
afce688f-b3f7-4009-abdb-f0b49ddb3b87,BE,BE-WAL,locality,,land,Harnoncourt,"[[""ru"", ""Арнонкур""]]",True,True,5.478561878204346,49.5207633972168,5.517464637756348,49.55266189575195,ebaedd66-7c0d-4b0e-9b9e-a2ee86510fa3
a4e79e77-40d1-498f-8a23-3436236c4a3a,BE,BE-WAL,locality,,land,Libramont-Chevigny,"[[""fr"", ""Libramont-Chevigny""], [""wa"", ""Libråmont""], [""ru"", ""Либрамон-Шевиньи""]]",True,True,5.291464805603027,49.875152587890625,5.553211688995361,50.02519226074219,f2c79784-0134-4687-8a5c-ca49408ecddb
8f1dbb07-a35b-4910-9820-7b79669cd2a3,BE,BE-WAL,microhood,,land,Place Pierre Nothomb,,True,True,5.645421981811523,49.727561950683594,5.64658784866333,49.72829818725586,b0fe6af7-a059-42e1-a9ca-00a265d8ddf8
9e0f24bf-396e-455a-810d-e5a0889f2012,BE,BE-WAL,locality,,land,Latour,"[[""ru"", ""Латур""]]",True,True,5.539628028869629,49.538482666015625,5.593116760253906,49.577301025390625,fa8f4f4a-2cf8-40a4-9f41-9a8b310cb8f5
6e6fdfa3-fc8d-45b3-a68d-d31a15b53a86,BE,BE-WAL,locality,,land,Houdemont,,True,True,5.559009552001953,49.708892822265625,5.610398769378662,49.747039794921875,fdd64173-020b-4159-bf5f-dabd729b7636
23743f6f-afa1-430c-93f2-f2a69e9f8133,BE,BE-WAL,locality,,land,Chatillon,,True,True,5.672900199890137,49.60261917114258,5.714393138885498,49.646217346191406,1bbe120e-474c-4af7-b7ef-6a7f949604cd
ae10d18b-72dd-4226-96ee-7e0ca767e07f,BE,BE-WAL,locality,,land,Tontelange,"[[""lb"", ""Tontel""], [""nl"", ""Tontelange""], [""de"", ""Tontelingen""], [""ru"", ""Тонтеланж""], [""wa"", ""Tontlindje""], [""lt"", ""Tontelanžas""]]",True,True,5.765222072601318,49.7091064453125,5.832646369934082,49.743370056152344,3c908e26-4f05-43bf-baed-c07bdf36606d
d97df0dd-9350-4b8a-ae9a-1c302581b96d,BE,BE-WAL,locality,,land,Habay,"[[""lb"", ""Habech""], [""fr"", ""Habay""], [""de"", ""Habich""], [""wa"", ""Habâ""], [""fr-lor"", ""Habâ""]]",True,True,5.50064754486084,49.6872444152832,5.71318244934082,49.78399658203125,936e11e0-a118-4eda-b1c0-1a2f7e38acad
bcf527d2-f671-47c1-8b23-67ddff859904,BE,BE-WAL,locality,,land,Rouvroy,"[[""fr"", ""Rouvroy""], [""wa"", ""Rovroe""]]",True,True,5.441404819488525,49.49697494506836,5.533547401428223,49.57493209838867,f0d6883c-6e5d-406a-9118-8eaa7ce02432
6ff0cfd3-3e1c-47da-b946-62e155970760,BE,BE-WAL,locality,,land,Martelange,"[[""de"", ""Martelingen""], [""lb"", ""Maartel""], [""lt"", ""Martelanžas""], [""ru"", ""Мартеланж""]]",True,True,5.684562683105469,49.772056579589844,5.758543014526367,49.85778045654297,b94fc978-40c5-48b1-985d-21b3e917eddb
31f6f97b-4fbd-4603-81b7-a5d156a1d722,BE,BE-WAL,locality,,land,Bonnert,"[[""de"", ""Bunnert""], [""nl"", ""Bonnert""], [""lb"", ""Bunnert""], [""ru"", ""Боннер""]]",True,True,5.777927875518799,49.67055130004883,5.867498874664307,49.72096633911133,e07907b1-76b9-4b35-aed8-262a73017d8e
679931ed-2197-43bc-b16d-691c3e6c4c2a,BE,BE-WAL,locality,,land,Witry,"[[""ru"", ""Витри""]]",True,True,5.569983005523682,49.83292770385742,5.656898021697998,49.90092086791992,3d0a0135-3b1a-49d4-9d29-f92e2ab56b6d
bd6958e6-a241-4490-bdbc-6cfbcc6b4b5f,BE,BE-WAL,locality,,land,Herbeumont,"[[""fr"", ""Herbeumont""], [""wa"", ""Arbûmont""], [""ru"", ""Эрбёмон""]]",True,True,5.215366840362549,49.75937271118164,5.396508693695068,49.83223342895508,2a8088b6-4d6e-489a-b568-28395d3de203
e6b6f23e-e725-4953-b6de-790115c529b9,BE,BE-WAL,locality,,land,Saint-Marie-Chevigny,,True,True,5.402306079864502,49.8970947265625,5.527978897094727,49.94377899169922,9686d703-cf8e-4f7c-864e-699908069a2b
61945d4f-9814-4f6c-a25c-47d4aa7d63e4,BE,BE-WAL,locality,,land,Mussy-la-Ville,"[[""de"", ""Mutzich""], [""nl"", ""Mussy-la-Ville""], [""lb"", ""Missech""]]",True,True,5.6165547370910645,49.54481506347656,5.689958572387695,49.6027946472168,94b2edc4-9b4a-45f6-b662-feb7d6316c0a
6c5a4bdd-e9af-4f83-94a0-2302e76c7647,BE,BE-WAL,microhood,,land,Place Abbé Alexandre,,True,True,5.662261009216309,49.570499420166016,5.662989616394043,49.5709342956543,2f253b4f-00c2-4294-ab5a-68e3530dc3d6
17fbffef-d6a7-4395-a7ff-6e9400d554a9,BE,BE-WAL,locality,,land,Hamipre,,True,True,5.42372465133667,49.794029235839844,5.525142669677734,49.8593864440918,38952884-bd1a-4a8b-9e98-b9b64ebbf819
319416b2-ff4c-4430-a6a2-9ee726e59dd2,BE,BE-WAL,locality,,land,Anloy,"[[""ru"", ""Анлуа""]]",True,True,5.1758928298950195,49.91676330566406,5.272375583648682,49.96127700805664,0ec775bc-62f3-4080-9c87-df2114c5e289
98ac77ac-49b9-4f49-b047-fa0b8c4890e1,BE,BE-WAL,locality,,land,Rulles,"[[""fr"", ""Rulles""], [""de"", ""Rure""], [""ru"", ""Рюль""]]",True,True,5.50064754486084,49.70084762573242,5.615912914276123,49.775630950927734,4abb21b7-d22c-4afd-b946-e7d5fb5d524c
033efe82-ea4d-4726-81a5-363287ebc9fa,BE,BE-WAL,locality,,land,Carlsbourg,"[[""ru"", ""Карльсбур""]]",True,True,5.042323589324951,49.86994934082031,5.119232177734375,49.92184829711914,2b87bd52-a86f-4c1b-8022-d07225502d01
a574bec8-8533-446b-bc76-8c451056e130,BE,BE-WAL,locality,,land,Saint-Médard,"[[""ru"", ""Сен-Медар""]]",True,True,5.277417182922363,49.788475036621094,5.35259485244751,49.83223342895508,e330bf44-95e7-46fd-9392-f529433ecc9c
b46b508f-e5b4-4643-89c9-f6468e5fc485,BE,BE-WAL,locality,,land,La Cuisine,,True,True,5.248942852020264,49.70010757446289,5.34406852722168,49.781272888183594,67a1ef3b-447c-4e51-b2cd-8c14d2b51c71
775ac401-80f9-4890-bc48-098a764dfde7,BE,BE-WAL,locality,,land,Dohan,"[[""ru"", ""Доан""]]",True,True,5.115283489227295,49.77869415283203,5.160913944244385,49.806758880615234,0c9ac244-b935-461e-a4cb-deb2dd6c7e29
91662429-329b-4aa3-a593-a5808079b3bc,BE,BE-WAL,locality,,land,Nothomb,"[[""lb"", ""Noutem""], [""nl"", ""Nothomb""], [""de"", ""Nothum""], [""ru"", ""Нотон""], [""wa"", ""Notombe""]]",True,True,5.74936580657959,49.75962448120117,5.8086042404174805,49.79665756225586,4c94332e-915d-49fc-bd3e-b6b86fa398d2
6b28cee7-d71d-46db-8fff-4d0ab0ad1f92,BE,BE-WAL,locality,,land,Villers-sur-Semois,"[[""ru"", ""Виллер-сюр-Семуа""]]",True,True,5.527506351470947,49.68449783325195,5.599422454833984,49.7114372253418,c6a891aa-9740-4de3-900e-f605521051d1
2fe889e7-4724-4391-8f60-36e93a39e572,BE,BE-WAL,locality,,land,Villers-la-Bonne-Eau,"[[""fr"", ""Villers-la-Bonne-Eau""], [""de"", ""Weilerbach""], [""ru"", ""Виллер-ла-Бон-О""]]",True,True,5.702541828155518,49.90935134887695,5.777229309082031,49.979557037353516,fabd939d-58a5-4fea-acd0-5c0634028e11
827f7758-69db-4833-84cc-657d25b9fd41,BE,BE-WAL,locality,,land,Les Bulles,"[[""ru"", ""Ле-Бюль""]]",True,True,5.389281272888184,49.69455337524414,5.449559688568115,49.72346496582031,421e0282-af3c-4850-a36d-240ee5f65f4f
5e6ded3a-b955-444d-b288-e34037ed0c29,BE,BE-WAL,locality,,land,Meix-le-Tige,"[[""de"", ""Deutsch-Meer""], [""lb"", ""Däisch-Mier""]]",True,True,5.694645404815674,49.60210418701172,5.743138313293457,49.642822265625,d83450e1-23c7-4781-ae92-843b8deeba3c
7bb8a536-33ce-4410-89f9-564b7f54f324,BE,BE-WAL,locality,,land,Baillamont,"[[""nl"", ""Baillamont""], [""wa"", ""Bayamont""]]",True,True,5.0114641189575195,49.87858581542969,5.062627792358398,49.92793655395508,ee244c82-7aee-433f-8296-5207c6e6324f
f6e38342-f14a-4c35-b8fe-4137b3fadcff,BE,BE-WAL,locality,,land,Hompré,,True,True,5.606688499450684,49.900142669677734,5.713468074798584,49.97918701171875,c95548f6-2568-4aa1-babd-8febbac0c066
8910211d-f498-43bf-9f82-06f3cc1161d2,BE,BE-WAL,locality,,land,Tournay,"[[""ru"", ""Турне""]]",True,True,5.344964981079102,49.83279037475586,5.428574562072754,49.89238357543945,6638f97c-6005-4863-9835-810b261a5cbe
c164e2b9-ba11-445f-a42d-d9181af223c3,BE,BE-WAL,locality,,land,Neufchâteau,"[[""fr"", ""Neufchâteau""], [""ru"", ""Нёшато""], [""wa"", ""Li Tchestea""], [""la"", ""Novum Castrum""]]",True,True,5.314958095550537,49.77885818481445,5.529419422149658,49.903038024902344,bbaa839e-e796-4920-8dc8-3ff2b36b2b56
05f0cb2d-085c-4c9c-b498-f0e4921845c4,BE,BE-WAL,locality,,land,Buzenol,"[[""ru"", ""Бюзноль""]]",True,True,5.576835632324219,49.62336730957031,5.62528133392334,49.65834426879883,6d69e2b7-240a-4a78-ba34-cb0a7b7d61a0
77abaff2-b95c-403d-9669-053d65b6f48a,BE,BE-WAL,locality,,land,Ochamps,"[[""ru"", ""Ошан""]]",True,True,5.23702335357666,49.90781021118164,5.329817771911621,49.95408630371094,b8f8ee21-eddb-457d-a14d-79e5e81cac1c
eee917e2-afe0-441a-b05d-5b1d1e5d8c4a,BE,BE-WAL,localadmin,,land,Arlon,"[[""hy"", ""Արլոն""], [""vls"", ""Oarlen""], [""lb"", ""Arel""], [""ar"", ""أرلُون""], [""yue"", ""阿爾隆""], [""fr"", ""Arlon""], [""lv"", ""Arlona""], [""uk"", ""Арлон""], [""si"", ""ආර්ලන්""], [""li"", ""Aarle""], [""el"", ""Αρλόν""], [""la"", ""Orolaunum""], [""nl"", ""Aarlen""], [""bg"", ""Арлон""], [""ko"", ""아를롱""], [""af"", ""Aarlen""], [""de"", ""Arel""], [""cv"", ""Арлон""], [""fy"", ""Aarlen""], [""ru"", ""Арлон""], [""ml"", ""ആർലോൺ""], [""zea"", ""Aerlen""], [""arz"", ""آرلون""], [""sr-Cyrl"", ""Арлон""], [""he"", ""ארלון""], [""az-Arab"", ""آرلن""], [""wa"", ""Årlon""], [""be"", ""Арлон""], [""ja"", ""アルロン""], [""lt"", ""Arlonas""], [""wuu"", ""阿尔隆""], [""zh"", ""阿尔隆""]]",True,True,5.676424503326416,49.53879928588867,5.910676002502441,49.85778045654297,192d5c1b-e070-421d-8123-69582bbd51da
df9cfed4-fab2-442e-8e01-32a30f1c1f0d,BE,BE-WAL,locality,,land,Grapfontaine,"[[""ru"", ""Графонтен""]]",True,True,5.3604583740234375,49.77885818481445,5.446467876434326,49.8417854309082,c399ddd5-7053-4a2b-9585-8517a876ef50
f2eb3858-4aff-4c7f-9168-3ac4da59ea20,BE,BE-WAL,locality,,land,Saint-Pierre,"[[""ru"", ""Сен-Пьер""]]",True,True,5.358956813812256,49.875152587890625,5.440485954284668,49.936622619628906,6c3392d4-0b7a-41bb-a900-9e7668e758ce
21325b2d-9ef7-458d-9260-1a0270ef775a,BE,BE-WAL,locality,,land,Straimont,"[[""ru"", ""Стремон""]]",True,True,5.297266006469727,49.77518081665039,5.396508693695068,49.8254508972168,147cd1f2-6b3d-4d21-8af1-53f54ee1d5f7
82fec670-b9d9-4de6-b495-f72c0e23c326,BE,BE-WAL,locality,,land,Naomé,"[[""nl"", ""Naomé""], [""wa"", ""Nayômé""]]",True,True,5.040918827056885,49.897377014160156,5.11959981918335,49.95092010498047,b25e42b9-caa1-4b72-9005-780a43bd179d
5d43f549-12ef-49d6-8261-9c4456260bc5,BE,BE-WAL,locality,,land,Nives,,True,True,5.572653770446777,49.88417434692383,5.655663013458252,49.94961166381836,8879eab3-e478-4980-90a5-6b3f7c9c1422
b53c4bba-b95f-4e81-8997-9cce50fe76d4,BE,BE-WAL,locality,,land,Halanzy,"[[""lb"", ""Hueldang""], [""nl"", ""Halanzy""], [""de"", ""Holdingen""], [""ru"", ""Аланзи""], [""wa"", ""Halazi""]]",True,True,5.7272539138793945,49.53879928588867,5.798287391662598,49.5990104675293,bb071f82-400b-403a-84ea-38d01abb8a3f
45b292e2-5398-4a44-8f51-241d72da581a,BE,BE-WAL,locality,,land,Petit-Fays,"[[""nl"", ""Petit-Fays""], [""wa"", ""Pitit-Fayi""]]",True,True,4.930647850036621,49.88056945800781,4.979447841644287,49.91508102416992,60f9d9b7-3d91-4def-b2dd-fe1714d165f4
a6625418-fc12-4aa8-b0aa-777b73ec2e56,BE,BE-WAL,locality,,land,Fays-les-Veneurs,"[[""ru"", ""Фе-ле-Венёр""]]",True,True,5.1283135414123535,49.825347900390625,5.189248561859131,49.87995910644531,9ccfa32e-16b6-4b86-8ee2-87a4f4f49d18
1b35b52d-eb7f-4f41-b486-1a2e2cefa476,BE,BE-WAL,locality,,land,Jamoigne,,True,True,5.384614944458008,49.65222930908203,5.449501037597656,49.71102523803711,28398b6a-a565-4cb5-b1fb-f3ef50af557e
84f3e0f0-e643-4cbf-9a8d-24de68fa22fa,BE,BE-WAL,locality,,land,Vivy,,True,True,4.9990339279174805,49.84260559082031,5.092609405517578,49.883689880371094,43be447b-0164-4918-8fd4-ba3092d93c01
833607c3-4e95-4412-9cf0-ebce7a08e309,BE,BE-WAL,locality,,land,Vance,"[[""ru"", ""Ванс""]]",True,True,5.638504981994629,49.630428314208984,5.699307441711426,49.691341400146484,36abb325-f2b0-46c4-9273-c661b79985e3
68290c76-7e43-4d6e-bf00-66d733e661b3,BE,BE-WAL,locality,,land,Cornimont,"[[""nl"", ""Cornimont""], [""wa"", ""Coirnîmont""]]",True,True,4.97376012802124,49.84286880493164,5.037369251251221,49.877159118652344,6ac90582-85ad-4ac0-adf7-b5b6d65343e1
454c25bb-71fb-4e77-af98-2d87a2bf1060,BE,BE-WAL,locality,,land,Jehonville,"[[""ru"", ""Жеонвиль""]]",True,True,5.162353515625,49.837589263916016,5.302911758422852,49.93189239501953,4e54ab50-88f9-4b8e-8371-9c451e306404
3a72dcb3-ca31-4c89-8626-e4b152b1dafc,BE,BE-WAL,locality,,land,Anlier,"[[""fr"", ""Anlier""], [""de"", ""Ansler""], [""ru"", ""Анлье""]]",True,True,5.591247081756592,49.75748825073242,5.650406360626221,49.78046417236328,a2f08a3b-4f79-4571-a715-c3a8d047efe2
2225599c-b12b-4ede-9d13-a818993ee96c,BE,BE-WAL,county,2,land,Luxembourg,"[[""pcd"", ""Lussimbourk""], [""vls"", ""Luxemburg""], [""lb"", ""Lëtzebuerg""], [""fr"", ""Luxembourg""], [""li"", ""Luxemburg""], [""br"", ""Luksembourg""], [""ca"", ""Luxemburg""], [""nl"", ""Luxemburg""], [""zh-Hans"", ""卢森堡""], [""bg"", ""Люксембург""], [""de"", ""Luxemburg""], [""ru"", ""Люксембург""], [""zh-Hant"", ""盧森堡""], [""en"", ""Luxembourg""], [""wa"", ""Lussimbork""], [""es"", ""Luxemburgo""], [""lt"", ""Liuksemburgas""], [""zh"", ""盧森堡""], [""hu"", ""Luxembourg""], [""pl"", ""Luksemburg""]]",True,True,4.968552112579346,49.49697494506836,6.034388542175293,50.43061447143555,7ded4357-b318-4df7-ab64-3ad2355beb92
dff39013-100d-4b8f-8e70-f7e02156b800,BE,BE-WAL,locality,,land,Cugnon,"[[""ru"", ""Кюньон""]]",True,True,5.180756568908691,49.77152633666992,5.233068466186523,49.827964782714844,30351680-784b-4029-a956-5bd2f6a0467b
16dbf673-3937-4e79-8678-f34229655d65,BE,BE-WAL,locality,,land,Hachy,"[[""fr"", ""Hachy""], [""de"", ""Herzig""], [""lb"", ""Häerzeg""], [""ru"", ""Аши""]]",True,True,5.638582229614258,49.6872444152832,5.7092814445495605,49.739959716796875,f0ce89eb-ca3a-4fc2-8926-3f990ead78c1
c978fe40-1d86-4b23-82c1-4b2c91efe872,BE,BE-WAL,locality,,land,Gembes,,True,True,5.048608303070068,49.983367919921875,5.088602066040039,50.021305084228516,3d483936-6a81-41d6-a0c6-95a016519020
3765a4e3-4c36-463b-8a3b-65ded4b05b06,BE,BE-WAL,locality,,land,Saint-Vincent,"[[""ru"", ""Сен-Венсан""]]",True,True,5.416537761688232,49.629581451416016,5.495981216430664,49.69129180908203,3e9bc161-730f-43bf-888d-7a7c886eb65e
f955fa60-2e7f-4f22-81a9-0611f89f09a9,BE,BE-WAL,locality,,land,Hondelange,"[[""lb"", ""Hondeleng""], [""nl"", ""Hondelange""], [""de"", ""Hundelingen""], [""ru"", ""Онделанж""], [""wa"", ""Hondlindje""], [""lt"", ""Hondelanžas""]]",True,True,5.811842441558838,49.61589431762695,5.876431941986084,49.646846771240234,4e9633e3-190d-411e-a7af-827efa4fa4bb
d4ae6bf9-9602-4986-b35e-25bd576d0f0c,BE,BE-WAL,locality,,land,Attert,"[[""lb"", ""Atert""], [""nl"", ""Attert""], [""ru"", ""Аттер""], [""wa"", ""Ater""], [""lt"", ""Atertas""]]",True,True,5.676424503326416,49.69662857055664,5.832646369934082,49.79665756225586,ed6f34e0-ffe5-428c-befc-a4cfc4b914a2
8c724cf1-9399-47b0-b004-61898eead40c,BE,BE-WAL,locality,,land,Bouillon,"[[""fr"", ""Bouillon""], [""uk"", ""Буйон""], [""it"", ""Buglione""], [""la"", ""Bullionium""], [""bg"", ""Буйон""], [""ko"", ""부용""], [""mk"", ""Бујон""], [""ru"", ""Буйон""], [""arz"", ""بوالون""], [""he"", ""וילון""], [""wa"", ""Bouyon""], [""be"", ""Буён""], [""ja"", ""ブイヨン""], [""fa"", ""بوین""], [""zh"", ""布永""]]",True,True,4.968552112579346,49.709190368652344,5.189610481262207,49.883689880371094,c259ead5-6088-44ef-85d5-fe6d9c8e17dd
8d0ba331-6fa2-4886-8692-09792b25cec3,BE,BE-WAL,locality,,land,Bellevaux,"[[""ru"", ""Бельво""]]",True,True,5.07122278213501,49.82418441772461,5.164353847503662,49.85762023925781,cf4b606e-3395-429f-b52e-dce9872ac783
d454bda2-bde0-45ae-8811-ea9aaf0054a1,BE,BE-WAL,locality,,land,Bellefontaine,"[[""pcd"", ""Belfontinne""], [""fr"", ""Bellefontaine""], [""nl"", ""Bellefontaine""], [""wa"", ""Belfontinne-dilé-Bive""]]",True,True,4.943019866943359,49.909820556640625,4.992330551147461,49.934566497802734,2055256b-1012-4bb7-bbc2-1992bcb3c0af
29bd2dc6-71de-4c6b-b2b6-a8c64e9d09ee,BE,BE-WAL,microhood,,land,Place Sergent Achille Dury,,True,True,4.926626205444336,49.9599723815918,4.9269609451293945,49.96031188964844,259ec86e-11bd-499c-a594-5fd383618fd1
86750bc9-3bee-4cf4-abcc-a27ec9d8e657,BE,BE-WAL,locality,,land,Izel,,True,True,5.333800315856934,49.65732955932617,5.402667045593262,49.719783782958984,10bd75c8-1f3c-4caf-ae67-10aa5a11e03a
bfb4dac7-c68b-4672-8965-a9fcbd0a4cb7,BE,BE-WAL,locality,,land,Chairière,"[[""nl"", ""Chairière""], [""ru"", ""Шерьер""], [""wa"", ""Les Tchérios""]]",True,True,4.932298183441162,49.84543991088867,4.978597164154053,49.878177642822266,8f6a9124-f9e9-4d3c-b2d5-36220c2c05e5
912b3c19-8402-4cc0-a798-3a81584a8dcb,BE,BE-WAL,locality,,land,Ebly,"[[""ru"", ""Эбли""]]",True,True,5.503969669342041,49.82441329956055,5.584473133087158,49.87240219116211,2b682aa5-0df7-4efb-9d7f-01ab8767b691
94e032bc-a994-40a0-a604-f42a9bfc4fbf,BE,BE-WAL,locality,,land,Fontenoille,,True,True,5.205740451812744,49.687644958496094,5.251379013061523,49.724609375,c1042aef-75fe-4ffc-a7cf-a6acef39c84c
3e0abe3e-c4d4-4064-b784-ae5c5d0b7a4a,BE,BE-WAL,locality,,land,Bleid,"[[""ru"", ""Блайд""]]",True,True,5.585257530212402,49.54547119140625,5.644178867340088,49.59625244140625,f388b91e-af68-4521-950e-4cc3a7b5fe6f
89e049d6-1d4f-45f6-977d-3f585e24f84b,BE,BE-WAL,locality,,land,Léglise,"[[""fr"", ""Léglise""], [""wa"", ""Leglijhe""], [""ru"", ""Леглиз""]]",True,True,5.411652088165283,49.734317779541016,5.705341815948486,49.90092086791992,4164de50-6271-484f-bce9-ecba9d375955
ca844d48-a43b-46e5-bd95-cae0248c5439,BE,BE-WAL,locality,,land,Habergy,"[[""lb"", ""Hiewerdang""], [""nl"", ""Habergy""], [""de"", ""Hewerdingen""], [""ru"", ""Абержи""], [""wa"", ""Haberdji""]]",True,True,5.728614807128906,49.591392517089844,5.801289081573486,49.62582015991211,38cf3f5e-ddc7-4b35-b2dc-4972de66a86a
3a83b81f-828d-4fd1-9162-f175f19e7819,BE,BE-WAL,locality,,land,Muno,"[[""ru"", ""Мюно""]]",True,True,5.147087574005127,49.69194412231445,5.22068452835083,49.775516510009766,1bd49744-7146-493a-ac10-6c68d305d209
252c1cde-c6a9-43a7-a38a-1e5b3d5b2ff3,BE,BE-WAL,locality,,land,Torgny,"[[""ru"", ""Торньи""]]",True,True,5.447501182556152,49.49697494506836,5.533547401428223,49.520896911621094,9109a423-1fe7-4120-8ff0-68cd3d171f2d
74bd1da2-a242-41ee-96cf-fb6079959f4d,BE,BE-WAL,locality,,land,Sainte-Cécile,"[[""ru"", ""Сен-Сесиль""]]",True,True,5.198243618011475,49.71660614013672,5.268651485443115,49.77592849731445,a58e1328-0add-491d-afbc-3825ce704bd3
5a000595-b70c-4257-a80c-50bb624244e7,BE,BE-WAL,locality,,land,Chassepierre,"[[""ru"", ""Шасепьер""]]",True,True,5.229384899139404,49.685359954833984,5.308269500732422,49.73796844482422,a1a200f3-8b47-4d73-bb6c-79ab3743aaf8
c63df171-b474-4640-b47c-ea51aab30719,BE,BE-WAL,locality,,land,Rossignol,"[[""ru"", ""Росиньоль""]]",True,True,5.417316436767578,49.704627990722656,5.512248992919922,49.78337097167969,aa089003-c535-48f8-afea-54ad76abcca8
249730db-a3cc-452f-94cd-bd7a9cffe56d,BE,BE-WAL,locality,,land,Auby-sur-Semois,"[[""ru"", ""Оби-сюр-Семуа""]]",True,True,5.158178806304932,49.78899002075195,5.211167335510254,49.86026382446289,086c30f4-dfed-488a-8775-ddaaf348c69a
b044525a-3433-40fc-937b-ed3123591e83,BE,BE-WAL,locality,,land,Bras,,True,True,5.3234028816223145,49.93543243408203,5.436885356903076,49.99954605102539,8a6b31d7-bb62-4237-b61e-2a0c92d0d536
4d811040-8fb0-4b04-83e6-c957202c3d1f,BE,BE-WAL,locality,,land,Gérouville,"[[""ru"", ""Жерувиль""]]",True,True,5.375221252441406,49.5983772277832,5.473578453063965,49.639923095703125,1ef0668f-2c6a-4118-9017-1663706c2ece
f7c5d3d5-9ca5-4f59-a530-c11d6205b36e,BE,BE-WAL,locality,,land,Tintigny,"[[""fr"", ""Tintigny""], [""fr-lor"", ""Tintnî""], [""ru"", ""Тентиньи""]]",True,True,5.416537761688232,49.61935043334961,5.556657314300537,49.78337097167969,b87d434d-3884-4a68-a14b-57a2fb0ef5de
f7acc584-30b6-4807-add0-05dfaf29aacb,BE,BE-WAL,locality,,land,Framont,"[[""ru"", ""Фрамон""]]",True,True,5.138237476348877,49.903533935546875,5.189179420471191,49.94805908203125,e5197ddd-0b55-474f-ade4-0f34f539a51d
b6eb642e-0452-47b0-84ac-68733d5f717b,BE,BE-WAL,locality,,land,Villance,"[[""ru"", ""Вилланс""]]",True,True,5.179572582244873,49.93515396118164,5.323428630828857,50.0250129699707,ecc06aa0-8afa-46ec-b608-99f7aa4b6579
5a473b0e-f4f1-4170-afb6-89a3f5626a73,BE,BE-WAL,neighborhood,,land,Bastogne 2,,True,True,5.688584327697754,49.966182708740234,5.7523956298828125,50.01279067993164,11c13b0b-386f-44b5-bdd7-976ac899c24a
24dc9060-fdba-46b3-bbd7-974948cd2761,BE,BE-WAL,locality,,land,Virton,"[[""fr"", ""Virton""], [""la"", ""Vertonum""], [""de"", ""Wirten""], [""ru"", ""Виртон""], [""wa"", ""Vierton""], [""fr-lor"", ""Vèrtan""], [""lt"", ""Virtonas""]]",True,True,5.500802993774414,49.50596618652344,5.644178867340088,49.63943099975586,9fd2f9e6-1c7a-43d9-8493-6259d8d08c5c
ce2737c7-6faa-4428-8e8a-e22ab7d9a543,BE,BE-WAL,locality,,land,Vresse-sur-Semois,"[[""ru"", ""Врес-сюр-Семуа""], [""wa"", ""Vresse""]]",True,True,4.847534656524658,49.78553771972656,4.990565776824951,49.93092346191406,a9f6c255-3d11-4c13-9e03-7f09f0be2320
12a8355e-fed3-4497-b4f7-e3a4edd58bc7,BE,BE-WAL,locality,,land,Bertrix,"[[""fr"", ""Bertrix""], [""wa"", ""Bietris""], [""ru"", ""Бертри""]]",True,True,5.158178806304932,49.77152633666992,5.366417407989502,49.93189239501953,820f786e-9720-4827-9ae9-e1c60d0548f0
d13f8580-da04-4f43-a86f-da5e83eedbe6,BE,BE-WAL,locality,,land,Aubange,"[[""lb"", ""Éibeng""], [""fr"", ""Aubange""], [""uk"", ""Обанж""], [""el"", ""Ωμπάνζ""], [""bg"", ""Обанж""], [""de"", ""Ibingen""], [""ru"", ""Обанж""], [""zea"", ""欧邦日""], [""wa"", ""Åbindje""], [""lt"", ""Obanžas""], [""fa"", ""اوبانژ""]]",True,True,5.703644275665283,49.53879928588867,5.8732757568359375,49.61176300048828,06814df3-260b-48d9-ac58-8a516d87f449
16aa843f-c3d3-4968-8fdf-21a89d727873,BE,BE-WAL,locality,,land,Wardin,"[[""fr"", ""Wardin""], [""de"", ""Wardig""], [""ru"", ""Варден""]]",True,True,5.721064567565918,49.95826721191406,5.840134620666504,50.04021072387695,01ab5579-1b81-4016-8f02-16b642426eb4
f6403b17-26d4-401c-a2da-ad0e356b5575,BE,BE-WAL,locality,,land,Libramont,,True,True,5.345790386199951,49.90790557861328,5.399410724639893,49.94568634033203,bd4447fa-6897-442d-be8b-dd7410f551d8
fff6523a-1e41-4db5-9c36-7ce210b826f9,BE,BE-WAL,locality,,land,Tillet,"[[""ru"", ""Тийе""]]",True,True,5.487059116363525,49.955406188964844,5.629710674285889,50.03765106201172,8d89bb40-b7ad-47f4-abcd-a1419852067a
5da628b7-0bfb-4f7d-b5fa-926fb1705136,BE,BE-WAL,localadmin,,land,Neufchâteau,"[[""fr"", ""Neufchâteau""], [""ru"", ""Нёшато""], [""wa"", ""Li Tchestea""]]",True,True,4.968552112579346,49.709190368652344,5.705341815948486,50.1227912902832,a1a77c05-466b-469a-bbf4-d07ea68578e1
ebdd2935-421b-4a23-bae6-7f88a066a8e5,BE,BE-WAL,locality,,land,Saint-Léger,"[[""fr"", ""Saint-Léger""], [""de"", ""Zillig""], [""fr-lor"", ""Sint-Ldjir""], [""ru"", ""Сен-Леже""]]",True,True,5.615436553955078,49.586483001708984,5.743138313293457,49.646217346191406,40e55658-9b7f-4399-8de3-cdf8833db8ca
06bf1e71-d0a9-4b9f-8252-6e449fff7e9d,BE,BE-WAL,locality,,land,Messancy,"[[""de"", ""Metzig""], [""nl"", ""Messancy""], [""lb"", ""Miezeg""], [""wa"", ""Messanceye""]]",True,True,5.728614807128906,49.57194519042969,5.8800859451293945,49.66006088256836,0c536569-ffb7-4eee-9024-35463ce906e3
2f5b79af-fc46-41ac-b70c-1aede27fb72f,BE,BE-WAL,locality,,land,Morhet,,True,True,5.523129463195801,49.90878677368164,5.600224494934082,49.972808837890625,3d94a020-0a36-4042-ba06-3ed8a0b6a471
e0ff7c24-46e2-4bc7-96eb-174c9490a4ff,BE,BE-WAL,locality,,land,Longlier,"[[""ru"", ""Лонлье""]]",True,True,5.408366680145264,49.84452438354492,5.529419422149658,49.903038024902344,474d6330-e7a8-4800-8794-3d185b112ea2
b98b8636-d0c1-47d3-9540-a07e08102baf,BE,BE-WAL,locality,,land,Anlier,,True,True,5.572356224060059,49.76751708984375,5.705341815948486,49.83732223510742,e3d8d7f3-6a26-41a2-91f1-9b65970aa542
04ac58a4-2b1d-4f32-a525-b4bc219ca161,BE,BE-WAL,microhood,,land,Grand-Place,"[[""de"", ""Markt""]]",True,True,5.814144134521484,49.68346405029297,5.8148722648620605,49.68408203125,c8519d88-80fb-4d5d-8b66-e7ae07d598a0
d523b479-5cf0-4f5c-85c7-a09f6d40d394,BE,BE-WAL,locality,,land,Rochehaut,"[[""ru"", ""Рошо""]]",True,True,4.9708571434021,49.80636978149414,5.027317523956299,49.8569221496582,477badb0-460b-4696-9a56-9d749f8657dc
89c12bd1-974e-4f17-a3a6-01ae47458684,BE,BE-WAL,locality,,land,Ruette,"[[""ru"", ""Рюэт""]]",True,True,5.556545734405518,49.50596618652344,5.635562896728516,49.554481506347656,7bdeac85-d8cf-4c8d-9453-a00e1f064e58
a24033c7-1cc3-4f12-9b99-3581b8a2145f,BE,BE-WAL,locality,,land,Sommethonne,"[[""ru"", ""Сомтон""]]",True,True,5.424985408782959,49.56698226928711,5.466193199157715,49.6099967956543,0482c2a0-29b1-4882-829b-9a9dbde53864
b8814be7-57fd-41d8-9ae5-79c79013553d,BE,BE-WAL,microhood,,land,Place Abbé Michel Gigi,,True,True,5.806110382080078,49.56891632080078,5.807061195373535,49.5694694519043,8cc0ee09-8e3e-4636-8299-ff79a28f76bd
f4d34b79-ed2d-4b50-b12d-111e9e4c88b9,BE,BE-WAL,locality,,land,Paliseul,"[[""fr"", ""Paliseul""], [""wa"", ""Palijhoû""]]",True,True,5.042323589324951,49.825347900390625,5.2015204429626465,49.99319839477539,143836e8-5920-400b-b3cd-8da2a955f08c
36cb1513-fce7-47e8-b293-c6968d6b9ccd,BE,BE-WAL,locality,,land,Guirsch,"[[""lb"", ""Giisch""], [""nl"", ""Guirsch""], [""de"", ""Girsch""], [""ru"", ""Гирш""], [""wa"", ""Guiyisch""]]",True,True,5.826286792755127,49.69430923461914,5.88698673248291,49.72722244262695,c4fe57d3-dfb7-4b5d-a09c-836181cb9620
98691a68-5d62-4d60-8195-2a559885e581,BE,BE-WAL,locality,,land,Offagne,"[[""ru"", ""Оффань""]]",True,True,5.148800373077393,49.85404968261719,5.2015204429626465,49.90442657470703,3903f8bb-6b55-4e07-80dd-21511f2c1027
c6cf4c01-4482-49cc-acff-88c6a94a00ca,BE,BE-WAL,locality,,land,Tintange,"[[""lb"", ""Tënnen""], [""fr"", ""Tintange""], [""de"", ""Tintingen""], [""ru"", ""Тентанж""], [""lt"", ""Tintanžas""]]",True,True,5.694366455078125,49.85236358642578,5.784030914306641,49.89822769165039,ae936a0c-1ae9-4564-941a-e274a1c38af5
d4169a7d-4a5e-45b0-b086-09a3e55971a4,BE,BE-WAL,locality,,land,Remagne,"[[""wa"", ""Rimagne""], [""ru"", ""Ремань""]]",True,True,5.461295127868652,49.93903350830078,5.553211688995361,49.993778228759766,e7ee3df3-ff1b-4d69-b0ec-476210569d42
a43bc2c3-765f-4b98-a22c-d65f44b5b3e1,BE,BE-WAL,locality,,land,Assenois,"[[""ru"", ""Асенуа""]]",True,True,5.411652088165283,49.740116119384766,5.527153015136719,49.81951141357422,f952dc43-3de2-4146-86a5-bcb5c1282ed0
6a8223c3-62e9-4488-9bea-01afe632f4a2,BE,BE-WAL,locality,,land,Monceau-en-Ardenne,"[[""nl"", ""Monceau-en-Ardenne""], [""wa"", ""Moncea-e-l'-Årdene""]]",True,True,4.972468376159668,49.89206314086914,5.033397674560547,49.93281555175781,56c07b11-b8ef-4e98-8a36-8174d72fa5f8
263c33c1-23c5-4a7f-9a68-028d5032660f,BE,BE-WAL,locality,,land,Habay-la-Neuve,"[[""fr"", ""Habay-la-Neuve""], [""de"", ""Neu-Habich""], [""lb"", ""Neihabech""], [""wa"", ""Hâbâ-la-Niëf""]]",True,True,5.611475467681885,49.69004821777344,5.71318244934082,49.78399658203125,f7b89a1b-c744-48a7-bcce-11d5bce9001a
9e5717d0-6a34-4d40-95cb-58b77c8d465c,BE,BE-WAL,locality,,land,Bellefontaine,"[[""ru"", ""Бельфонтен""]]",True,True,5.4231791496276855,49.61935043334961,5.53936243057251,49.674095153808594,9d8738ed-1d92-4e84-82ee-46926d5fe9d1
fb074d83-9b54-435f-90c3-78800f1e4a05,BE,BE-WAL,locality,,land,Opont,"[[""ru"", ""Опон""]]",True,True,5.098202228546143,49.921295166015625,5.1620869636535645,49.982608795166016,5931a8ec-bd4a-4b26-b9fc-235199e50c8f
c6f45557-b06d-462e-b9ad-4ef734652c2e,BE,BE-WAL,locality,,land,Orgeo,"[[""ru"", ""Оржео""]]",True,True,5.26324462890625,49.80786895751953,5.366417407989502,49.88825607299805,a092ea39-621f-4060-80a4-e94dc40f3fa6
03b5b5e4-4a42-44ed-9a7c-590c38288c39,BE,BE-WAL,locality,,land,Toernich,"[[""nl"", ""Toernich""], [""lb"", ""Ternech""], [""ru"", ""Тёрних""], [""wa"", ""Tournich""]]",True,True,5.693630695343018,49.62186813354492,5.789226531982422,49.671119689941406,dbf97296-93b1-49bc-bf47-1523e21db1b6
1ce6f04f-c7ea-4c62-be3f-87e54c264582,BE,BE-WAL,locality,,land,Autelbas,"[[""de"", ""Nieder-Elter""], [""nl"", ""Autelbas""], [""lb"", ""Nidderelter""], [""wa"", ""Åtébas""]]",True,True,5.80755090713501,49.6233024597168,5.910676002502441,49.67535400390625,dd746402-ee20-4759-9c34-7c3c686230c8
99a797bd-13a6-43db-a06c-6561dcf06102,BE,BE-WAL,locality,,land,Maissin,"[[""ru"", ""Месен""]]",True,True,5.121170520782471,49.93502426147461,5.195828914642334,49.99319839477539,3d91de85-233d-4108-b390-4f3015f1c668
212cd398-1985-4a13-a855-520b9c49907c,BE,BE-WAL,locality,,land,Ucimont,"[[""ru"", ""Юсимон""]]",True,True,5.023184299468994,49.80382537841797,5.075500011444092,49.85453414916992,3838ff01-171d-4395-829c-c1968998abb3
409c6309-fb37-427f-ad8f-f13bc5814f63,BE,BE-WAL,locality,,land,Houdremont,"[[""wa"", ""Hodrémont, Odrémont""]]",True,True,4.881646633148193,49.91689682006836,4.977311134338379,49.955230712890625,47fd894d-2e16-4237-bdd2-984277af014c
fe2b7003-486e-46e7-9f70-648f9798d3b9,BE,BE-WAL,locality,,land,Meix-devant-Virton,"[[""fr"", ""Meix-devant-Virton""], [""ru"", ""Мекс-деван-Виртон""], [""wa"", ""Méch-divant-Vierton""], [""fr-lor"", ""Minch-duvant-Vèrtan""], [""zh"", ""梅德旺维通""]]",True,True,5.375221252441406,49.56369400024414,5.5331268310546875,49.639923095703125,7b97201c-ce62-4898-a4f9-ce2225572d95
a987e8cd-773f-47bc-99a7-49db466e31e9,BE,BE-WAL,locality,,land,Gros-Fays,"[[""nl"", ""Gros-Fays""], [""wa"", ""Grå-Fayi""]]",True,True,4.94423770904541,49.85865020751953,5.016056537628174,49.88951873779297,3ea29ddf-df8a-431c-bdf5-00f2a9b98d90
8c7e71e8-e2d9-47ee-8f08-50db91be98d7,BE,BE-WAL,locality,,land,Athus,"[[""de"", ""Athem""], [""nl"", ""Athus""], [""lb"", ""Attem""], [""wa"", ""Atu""]]",True,True,5.815853595733643,49.54637908935547,5.8732757568359375,49.597251892089844,00d75694-3403-452b-8c33-3c3996505ab9
df249b51-dea5-474c-85d0-2773cbda577d,BE,BE-WAL,locality,,land,Sibret,,True,True,5.58436393737793,49.94354248046875,5.684907913208008,50.0118293762207,14a308c8-9a95-4a4c-96ec-f2f8cb719a1b
f2e9b84a-e115-4dc2-850f-35d966fc1baf,BE,BE-WAL,locality,,land,Laforêt,"[[""wa"", ""La Foret""]]",True,True,4.9047746658325195,49.82376480102539,4.9388604164123535,49.878929138183594,6a6b58ff-ab79-4e48-98c9-c39d6f2837dd
c54a10ad-029d-4635-ac3a-82d8246ab493,BE,BE-WAL,locality,,land,Suxy,"[[""ru"", ""Сюкси""]]",True,True,5.37656831741333,49.70829772949219,5.4575886726379395,49.79047393798828,cfc4bacb-4901-4059-9863-c0b0df22423e
5665f258-a3a1-4078-bc2f-2f939331e3f8,BE,BE-WAL,locality,,land,Sainte-Marie,"[[""ru"", ""Сент-Мари""]]",True,True,5.531192302703857,49.62134552001953,5.595117568969727,49.68899917602539,505eb785-3b79-482a-85c3-b0e21ca7fd1c
9f5859c4-0575-4735-8432-2059cc1ffe40,BE,BE-WAL,locality,,land,Saint-Mard,"[[""ru"", ""Сен-Мар""]]",True,True,5.500802993774414,49.512996673583984,5.565176010131836,49.57022476196289,3df3718c-4ceb-4df4-8de6-7dc079a2be45
2db2d12b-a54a-4914-a083-22ee0af9f89a,BE,BE-WAL,locality,,land,Hollange,"[[""fr"", ""Hollange""], [""de"", ""Hollingen""], [""ru"", ""Олланж""]]",True,True,5.649219512939453,49.865081787109375,5.748355388641357,49.9420280456543,c93eeb4e-5337-4133-b85a-e22202c8599d
b441d8c7-c0dd-447b-8778-8dc634e49cad,BE,BE-WAL,locality,,land,Rachecourt,"[[""de"", ""Ressig""], [""nl"", ""Rachecourt""], [""lb"", ""Réissech""], [""ru"", ""Рашкур""]]",True,True,5.703644275665283,49.57682418823242,5.745388031005859,49.61176300048828,ec91495c-df06-4484-b875-2bcc2b5b64f1
8fe15e21-5da8-430c-b522-9c740a63cc66,BE,BE-WAL,microhood,,land,Place du Tilleul,,True,True,5.42708683013916,49.6206169128418,5.427734375,49.62122344970703,6a4e8a1b-632b-4c45-8ef4-25215ca1f99d
c71cbab3-53b5-4c99-81f6-9f61a27183cf,BE,BE-WAL,locality,,land,Vaux-sur-Sûre,,True,True,5.495153903961182,49.86695098876953,5.713468074798584,50.0118293762207,9a071e66-ebe1-415a-bfdc-1dcb49f44dd5
5fd7bbe5-9ecb-454a-a887-edaf6c71b4c9,BE,BE-WAL,locality,,land,Étalle,"[[""fr"", ""Étalle""], [""fr-lor"", ""Etåle""]]",True,True,5.527506351470947,49.62134552001953,5.699307441711426,49.7114372253418,9a01f2f3-0546-4f22-af12-207fab1a44a8
dd983815-442c-4391-939a-b54c9eb57a0d,BE,BE-WAL,locality,,land,Thiaumont,"[[""lb"", ""Diddebuerg""], [""nl"", ""Thiaumont""], [""de"", ""Diedenberg""], [""ru"", ""Тьомон""], [""wa"", ""Tiômont""]]",True,True,5.690638542175293,49.69662857055664,5.775547504425049,49.73438262939453,e1f7e167-b7f8-4778-857e-1d10d718ba30
26e91f7b-231b-4a33-b318-dcc9d882ed91,BE,BE-WAL,locality,,land,Robelmont,"[[""ru"", ""Робельмон""]]",True,True,5.489973068237305,49.57942581176758,5.5331268310546875,49.63179397583008,cb6db0b0-c914-48c6-9f34-022119539057
0ff2ad25-64cd-4a7f-bd47-888539a92492,BE,BE-WAL,locality,,land,Ethe,"[[""ru"", ""Эт""]]",True,True,5.549740791320801,49.571533203125,5.630851745605469,49.63943099975586,70ff71e4-d499-405d-b722-33551be60a77
5493bd7b-dc98-47f2-92f6-a5df1fd92bca,BE,BE-WAL,locality,,land,Chiny,"[[""fr"", ""Chiny""], [""la"", ""Chiniacum""], [""bg"", ""Шини""], [""ru"", ""Шини""], [""he"", ""שיני""], [""wa"", ""Tchini""], [""ja"", ""シニー""], [""fa"", ""شینی""], [""zh"", ""希尼""]]",True,True,5.308886528015137,49.65222930908203,5.482043743133545,49.79047393798828,f6f374ec-4e25-44be-b69f-036d925fe08f
39dded5c-9880-4233-a89a-97fe7ef09422,BE,BE-WAL,locality,,land,Etalle,,True,True,5.574987411499023,49.62599182128906,5.650275707244873,49.697052001953125,d21ba3bd-3fb4-4822-9b80-d851f66b72f4
9e98228e-818c-4901-8a17-21a75858a494,BE,BE-WAL,locality,,land,Les Hayons,,True,True,5.121902942657471,49.800926208496094,5.167454242706299,49.829166412353516,746e7a60-6d31-42a6-907a-76570d40d3f6
4f102243-f0b7-4814-9a75-15ad51d7ccba,BE,BE-WAL,locality,,land,Fauvillers,"[[""fr"", ""Fauvillers""], [""de"", ""Feitweiler""], [""lb"", ""Fauschteler""], [""ru"", ""Фовиллер""]]",True,True,5.614328384399414,49.81960678100586,5.784030914306641,49.9420280456543,02c7b48d-4991-49ab-b30d-5a5d644ada0d
5a7276c7-dd2d-4595-9243-54e1852a70c8,BE,BE-WAL,locality,,land,Sugny,"[[""nl"", ""Sugny""], [""ru"", ""Сюньи""], [""wa"", ""Suni""]]",True,True,4.86810302734375,49.78553771972656,4.96122932434082,49.85616683959961,85c361e3-427a-4456-bccf-2163fa767840
5a2a3584-f655-429a-9fdf-c3618873860e,BE,BE-WAL,locality,,land,Corbion,"[[""ru"", ""Корбьон""]]",True,True,4.968552112579346,49.771728515625,5.050293922424316,49.81684112548828,ee92b0cf-1f16-4efd-ab38-1e0c1bb7ed2f
63f32f69-67e5-4d84-9a35-69533520a7b2,BE,BE-WAL,locality,,land,Graide,"[[""nl"", ""Graide""], [""ru"", ""Гред""], [""wa"", ""Graide""]]",True,True,5.020928859710693,49.930702209472656,5.102482318878174,49.98675537109375,d1ac42ac-931b-4f90-925b-07e34b2afd34
4b95c356-dafa-434d-9299-18969829830b,BE,BE-WAL,locality,,land,Mellier,"[[""ru"", ""Мелье""]]",True,True,5.480740070343018,49.734317779541016,5.59805965423584,49.81760025024414,96584ed6-6bea-4adc-9ad5-31c15dab1b42
fd794029-a824-467f-a768-0a8778354241,BE,BE-WAL,locality,,land,Musson,"[[""lb"", ""Ëmsong""], [""fr"", ""Musson""], [""bg"", ""Мюсон""], [""de"", ""Emsong""], [""ru"", ""Мюсон""], [""zh"", ""米松""]]",True,True,5.6165547370910645,49.53882598876953,5.734723091125488,49.60779571533203,8648e920-0209-4766-8690-030a87e1a292
954200ad-fd21-4040-a79e-3b50e9f0faf3,BE,BE-WAL,locality,,land,Freux,"[[""ru"", ""Фрё""]]",True,True,5.409229755401611,49.932395935058594,5.484793663024902,50.0029411315918,4350f412-b508-4fa8-bb81-187f55e600ab
6bd5bb8f-571d-46a6-8bb0-4732ece5070e,BE,BE-WAL,locality,,land,Chantemelle,"[[""ru"", ""Шантемель""]]",True,True,5.645399570465088,49.63662338256836,5.674072742462158,49.659664154052734,25c346c3-1698-42d3-9a28-f5fd3af5ddb4
b0119dd4-4354-46a3-9edf-f144253a7217,BE,BE-WAL,locality,,land,Heinsch,"[[""lb"", ""Häischel""], [""nl"", ""Heinsch""], [""de"", ""Heischlingen""], [""ru"", ""Энш""], [""wa"", ""Hinch""]]",True,True,5.724912166595459,49.65631866455078,5.806088924407959,49.722381591796875,7a8ee594-d469-4c3d-937c-ec93bc1a643b
aba3310c-f6dd-4489-aa85-c8401d0a8d12,BE,BE-WAL,locality,,land,Pessoux,"[[""nl"", ""Pessoux""], [""ru"", ""Песу""], [""wa"", ""Pessou""]]",True,True,5.137289524078369,50.25832748413086,5.230339050292969,50.30004119873047,7c68516e-dfed-4e97-8c00-f6545160b602
43c7ea1c-4de2-4a76-abc1-45aab83d941e,BE,BE-WAL,locality,,land,Grâce-Berleur,,True,True,5.477916240692139,50.62174987792969,5.512668609619141,50.65947723388672,f2c963b8-b205-4686-a9ba-eef5f031b3fa
84d41bd7-8319-48ed-8a00-66ac254859a9,BE,BE-WAL,locality,,land,Dréhance,,True,True,4.911361217498779,50.211605072021484,4.973641395568848,50.24904251098633,df8030e4-e380-48e0-9ec3-4164503cf71b
2ea9e3b3-7db6-4cc5-9ce4-ced113c3576a,BE,BE-WAL,locality,,land,Hemptinne,"[[""nl"", ""Hemptinne""], [""ru"", ""Амптин""], [""wa"", ""Emtene-dilé-Inguezêye""]]",True,True,4.9635419845581055,50.59575653076172,5.002985954284668,50.61861038208008,a665eb8a-6172-4c5a-8489-d314f29e7847
2d5d4507-676d-4504-ac75-24d36324d80e,BE,BE-WAL,microhood,,land,Place de Floreffe,,True,True,5.007445335388184,50.52393341064453,5.008090972900391,50.52425003051758,392a83ca-24a0-4bfd-825d-e0184fa889aa
e67e33ee-b6d0-4830-9caa-5a23b17be3bc,BE,BE-WAL,locality,,land,Villers-Saint-Gertrude,,True,True,5.55656623840332,50.35002136230469,5.625105381011963,50.37004089355469,8fa60d80-67ea-49e3-90d7-982cc5795eb3
52071f3d-4d62-4d89-a7fa-137c9dd310b1,BE,BE-WAL,locality,,land,Meeffe,,True,True,4.99906587600708,50.58869552612305,5.053637504577637,50.62479019165039,18965a84-9c98-4841-8bb5-577076898c66
0fac20a7-ac97-4af0-b5cb-3ea9623d3b41,BE,BE-WAL,locality,,land,Hogne,"[[""nl"", ""Hogne""], [""ru"", ""Онь""], [""wa"", ""Hôgne""]]",True,True,5.254944324493408,50.23899841308594,5.304079532623291,50.26274871826172,d3fc6627-3e7c-4cf2-b851-7e52fbb10111
b21cb3de-23d4-4155-945b-772dcd2983d8,BE,BE-WAL,locality,,land,Borlon,"[[""ru"", ""Борлон""]]",True,True,5.392941951751709,50.358367919921875,5.451508522033691,50.406333923339844,b495295c-eb7c-4f85-8911-1a830dc29c53
119490a3-f676-455f-b35b-5b07edf11d88,BE,BE-WAL,microhood,,land,Square Louis Pirard,,True,True,5.8743577003479,50.59855270385742,5.874727249145508,50.59882736206055,62a8b8c6-9911-4802-bc97-c6182914c656
68d66766-263f-4c27-88b6-a3dc0458dfc3,BE,BE-WAL,locality,,land,Finnevaux,"[[""wa"", ""Finvå""]]",True,True,4.924193382263184,50.13508224487305,4.958992004394531,50.1778564453125,8d2d7573-1188-4e0f-b626-5bdb86164031
0cb39378-61ca-411d-8565-c594e2e63617,BE,BE-WAL,locality,,land,Moha,"[[""ru"", ""Моа""]]",True,True,5.161821365356445,50.5367431640625,5.200383186340332,50.56238555908203,dba64180-ebdb-433f-b62e-8c5de435072f
ab6423c8-5c8a-4b67-8f30-4c1d5ac79370,BE,BE-WAL,locality,,land,Hannêche,,True,True,5.027456760406494,50.56242370605469,5.057895660400391,50.592445373535156,f9bcbf5c-8235-433e-963d-d3922c83dd17
bb41a9e6-b5ad-4b7f-aa84-adcba7610bb2,BE,BE-WAL,locality,,land,Wanlin,"[[""ru"", ""Ванлен""], [""wa"", ""Wanlin""]]",True,True,5.0514655113220215,50.13459396362305,5.084842205047607,50.1668701171875,e5347186-39aa-4a18-989a-fd6d57519ff1
89fa592a-20e5-46c0-b7b8-804caf9fd824,BE,BE-WAL,locality,,land,Clermont,"[[""fr"", ""Clermont""], [""ru"", ""Клермон""]]",True,True,5.836235046386719,50.638973236083984,5.918808937072754,50.698265075683594,63b573cd-dd3a-4edf-9e75-5b0d27875e97
0d9d7afe-a722-43a5-9977-8fb354b541e6,BE,BE-WAL,locality,,land,Chokier,"[[""fr"", ""Chokier""], [""wa"", ""Tchôkire""]]",True,True,5.40791654586792,50.5835075378418,5.460111141204834,50.60505676269531,07b43523-49eb-46ca-9c78-237cc11159ee
deee9cf2-150c-468e-9730-ff996cb1c244,BE,BE-WAL,locality,,land,Rocherath,,True,True,6.2383713722229,50.414222717285156,6.376368045806885,50.50146484375,6ed9969f-752f-419d-88f7-e2654a24abd3
8b2df4d3-b616-48d4-97ae-48e8b6e842b9,BE,BE-WAL,locality,,land,Ville-en-Hesbaye,,True,True,5.0952324867248535,50.59339141845703,5.136037826538086,50.62763595581055,6a933329-4dc9-4a2a-ba3f-433362a9a0e2
798b0b6e-9a53-4932-968a-5c48671c10b7,BE,BE-WAL,microhood,,land,Clownplatz,,True,True,6.0334343910217285,50.62907028198242,6.033851623535156,50.62961196899414,f9beef82-7b29-455f-86b1-0fda9c996da9
03635d82-afec-4eec-aa1d-2f190d2ed311,BE,BE-WAL,locality,,land,Glain,,True,True,5.523387432098389,50.64002990722656,5.550742149353027,50.65303039550781,b1b6fe24-9967-4859-af0c-66ca0eb857dd
66ab8a56-0f73-4a0b-aff5-4d458252dee7,BE,BE-WAL,microhood,,land,Esplanade,,True,True,5.643359661102295,50.58625030517578,5.643894195556641,50.58662033081055,4aed6b0a-0b44-47ea-b95a-dd5965db1d6a
267249d3-ff96-467b-81ad-8ddf24aef5d8,BE,BE-WAL,locality,,land,Burdinne,"[[""fr"", ""Burdinne""], [""wa"", ""Beurdene""], [""ru"", ""Бюрдин""]]",True,True,5.027456760406494,50.55534362792969,5.166915416717529,50.60820007324219,290ac24d-bfd8-4e1a-aa92-2b10c422343c
46432d7e-3939-48c4-a31b-e362bac8b548,BE,BE-WAL,locality,,land,Lamontzée,,True,True,5.079516887664795,50.564945220947266,5.108614921569824,50.59907150268555,b2e935bb-d452-47a9-8aff-6ca3aacd0133
b8e7f772-8896-4927-a9e0-8e856d988286,BE,BE-WAL,locality,,land,Achet,"[[""nl"", ""Achet""], [""wa"", ""Achet""]]",True,True,5.138850688934326,50.3093376159668,5.2121992111206055,50.354679107666016,c241d7b3-60d4-43dd-b93b-aa3b4acefeee
8140ef6f-9f26-4135-befd-a5d3f1babd68,BE,BE-WAL,locality,,land,Beauraing,"[[""fr"", ""Beauraing""], [""uk"", ""Борен""], [""bg"", ""Борен""], [""ckb"", ""بۆرێن""], [""mk"", ""Борен""], [""ru"", ""Борен""], [""wa"", ""Biarin""], [""ja"", ""ボーラン""], [""fa"", ""برن""], [""zh"", ""博兰""]]",True,True,4.819087982177734,50.017696380615234,5.080810070037842,50.165279388427734,07dcf6e8-1a6d-4bd9-a9cb-581c4de330f1
7351c358-2e05-41a2-80ca-c58d2b948047,BE,BE-WAL,locality,,land,Landenne,"[[""nl"", ""Landenne""], [""ru"", ""Ланден""], [""wa"", ""Landene""]]",True,True,5.020078182220459,50.4986686706543,5.098050594329834,50.53178405761719,4958df84-9155-443a-9eb6-dbf71101b39b
7fe80856-1899-4f15-87d0-cc064c027404,BE,BE-WAL,locality,,land,Dolembreux,"[[""fr"", ""Dolembreux""], [""wa"", ""Dolinbreû""], [""ru"", ""Долэмбрё""]]",True,True,5.597240924835205,50.52269744873047,5.660656929016113,50.55244445800781,a852c267-2af8-4499-a720-6da3154ddc01
2e682ee8-8389-45fa-bf40-c58850bdb156,BE,BE-WAL,locality,,land,Hulsonniaux,"[[""ru"", ""Юльсоньо""], [""wa"", ""Hulzônea""]]",True,True,4.910440444946289,50.17624282836914,4.9694013595581055,50.22182083129883,a05e720d-9729-43fb-b249-8ce80b336c9a
e8ff329f-89b2-4bd5-ab50-4fed3b4873b4,BE,BE-WAL,locality,,land,Vieux-Waleffe,"[[""ru"", ""Вьё-Валеф""]]",True,True,5.189611434936523,50.60464096069336,5.221367359161377,50.62975311279297,bdf1d28c-6f4a-474c-bf9e-24dacee0ed6f
a6e4a652-d037-4e52-8a42-c7286a11433f,BE,BE-WAL,locality,,land,Comblain-Fairon,,True,True,5.50472354888916,50.44097137451172,5.611337661743164,50.46497344970703,dac8f9ec-b08c-48c4-bf54-5296682c12f2
f89d262c-4204-484d-ab5d-76000f57b18a,BE,BE-WAL,microhood,,land,Place Jean Roggeman,,True,True,5.855073928833008,50.60296630859375,5.855816841125488,50.60344314575195,c603507d-48c7-443e-9fe7-c4b35d2a0238
69dc5482-37db-4600-a44f-72a9e8b0c552,BE,BE-WAL,localadmin,,land,Marche-en-Famenne,"[[""fr"", ""Marche-en-Famenne""], [""ru"", ""Марш-ан-Фамен""], [""wa"", ""Måtche-el-Fåmene""]]",True,True,5.206551551818848,50.047794342041016,5.748818874359131,50.43061447143555,4f003d34-24e6-4cc3-acc8-dd75b8d4bbe1
c3c712a9-fc44-4264-b84c-1dd032ca0e5b,BE,BE-WAL,neighborhood,,land,Le Carré,,True,True,5.566258907318115,50.64022445678711,5.571203708648682,50.64338302612305,b6dd5365-3461-4ace-8b1c-027f2a6e28b1
340dc719-9b3e-4f4d-ae1b-8d58833dd2db,BE,BE-WAL,locality,,land,Évelette,"[[""nl"", ""Évelette""], [""ru"", ""Эвлет""], [""wa"", ""Evlete""]]",True,True,5.142854690551758,50.39765167236328,5.2371978759765625,50.43628692626953,1e67fcb1-cfdd-4f6b-a8a9-f0957067f2d4
c2cbe542-f0a2-4b35-b4cc-b8b9d2117b96,BE,BE-WAL,microhood,,land,Place du Vingt Août,,True,True,5.575026035308838,50.64043426513672,5.575617790222168,50.641273498535156,fe4ce086-4ecc-4d0b-a156-767bcbedcdfc
587e2388-4841-4e1f-bcc9-27ea4a9de91d,BE,BE-WAL,microhood,,land,Place des Héros,,True,True,5.225743770599365,50.56255340576172,5.226372718811035,50.562931060791016,10ee262b-5bb7-4179-8833-bbc6387a83d4
4b5762af-394f-425d-8437-7451910c37d9,BE,BE-WAL,locality,,land,Chevron,"[[""ru"", ""Шеврон""]]",True,True,5.670160293579102,50.356239318847656,5.759068012237549,50.40544509887695,25163e71-ddc4-41b9-8ae6-f383d55111a8
93c62a8a-b988-48df-914c-bf2e85a0f2e6,BE,BE-WAL,locality,,land,Celles,,True,True,5.20899772644043,50.64219284057617,5.280458927154541,50.67797088623047,b37e93d3-4efd-4658-8c6e-2b8f2ca5d7d2
02cf3f8d-7392-4817-aea7-413f65639537,BE,BE-WAL,locality,,land,Héron,"[[""fr"", ""Héron""], [""wa"", ""Héron""], [""ru"", ""Эрон""]]",True,True,5.03424596786499,50.50350570678711,5.172475814819336,50.57920837402344,3f0377ca-6587-4a11-84a5-d3c4c8ccefb4
eb5d7058-b01f-49ed-84eb-ec00cdd0fd12,BE,BE-WAL,locality,,land,Viemme,"[[""ru"", ""Вьем""]]",True,True,5.254501819610596,50.631465911865234,5.286764144897461,50.65655517578125,0e1a66de-fee4-42da-b769-f607f9643e1c
21a4991e-9323-449c-afeb-d53915f5b5c0,BE,BE-WAL,locality,,land,Ernonheid,"[[""ru"", ""Эрноне""]]",True,True,5.63745641708374,50.39549255371094,5.678395748138428,50.42645263671875,7dda444d-df17-4d02-9efe-a461390be64c
1f62d7c1-1e5b-4dc5-99fc-7dd4d682b39c,BE,BE-WAL,locality,,land,Soheit-Tinlot,,True,True,5.35940408706665,50.455787658691406,5.4079108238220215,50.49860763549805,b7d54029-9a7c-408e-afe3-06ec446191a3
8873c797-217f-4aa8-84ae-e584416f70ac,BE,BE-WAL,locality,,land,Spontin,"[[""ru"", ""Спонтен""], [""wa"", ""Spontin""]]",True,True,4.978094100952148,50.299991607666016,5.024738311767578,50.33761215209961,9fa0610b-b23c-4e1e-9e54-dfda9df52acc
7c9fbbe6-cdd4-4cb7-9448-106376e82e09,BE,BE-WAL,locality,,land,Grune,"[[""ru"", ""Грюн""]]",True,True,5.360011577606201,50.11634826660156,5.424152374267578,50.16779327392578,d954aade-c6d9-4811-90ea-f075eec9f38e
d80d9ed6-ec39-4f50-9299-744675989afa,BE,BE-WAL,locality,,land,Éhein,,True,True,5.422682285308838,50.541664123535156,5.448312759399414,50.56464385986328,8d6e166c-61ea-47b0-821f-7c23a6249ba5
d82fc75f-9b77-4413-8b7d-abdf85f936d4,BE,BE-WAL,locality,,land,Fooz,,True,True,5.420712471008301,50.65843200683594,5.458965301513672,50.691078186035156,2c1815df-e78b-4e02-85a5-c2a3fbd5281d
4ebf9e01-2e73-45e9-b5e1-fb4df317568a,BE,BE-WAL,locality,,land,Seraing,"[[""fr"", ""Seraing""], [""wa"", ""Serè""], [""lt"", ""Serenas""], [""ru"", ""Серен""]]",True,True,5.469892978668213,50.54722213745117,5.565546989440918,50.62862014770508,e16ce97d-101b-4b9f-9dc7-ec18861275a7
d8fdaeed-28ec-43d2-a2ec-a0129651cbee,BE,BE-WAL,locality,,land,Basse-Bodeux,,True,True,5.760230541229248,50.33987808227539,5.841793537139893,50.380821228027344,e410fa99-b398-4c94-874b-d2709d8af4bf
0a823dff-b1ee-4877-8beb-f990401ff856,BE,BE-WAL,locality,,land,Bomal,"[[""ru"", ""Бомаль""]]",True,True,5.4988813400268555,50.35309600830078,5.558755874633789,50.403175354003906,b63fbc9f-df5e-4108-be31-0edff0ce4711
0017f34f-3d33-4e4a-b8c5-0409c47205b4,BE,BE-WAL,locality,,land,Spa,"[[""ar"", ""سپه""], [""fr"", ""Spa""], [""el"", ""Σπα""], [""la"", ""Aquae Spadanae""], [""bg"", ""Спа""], [""ru"", ""Спа""], [""he"", ""ספא""], [""wa"", ""Spå""], [""be"", ""Спа""], [""ja"", ""スパ""], [""zh"", ""斯帕""]]",True,True,5.815358638763428,50.433563232421875,5.931750774383545,50.51213073730469,9660f977-f2c1-4f35-b270-159419a84c23
92cd18e6-0993-4ab0-a3b9-76a0a56f86fc,BE,BE-WAL,locality,,land,Transinne,"[[""ru"", ""Трансин""]]",True,True,5.166652202606201,49.98085403442383,5.236696243286133,50.038211822509766,c5c664c1-4d5c-4e62-8133-a90d48c27f67
86b6fbae-2853-4750-b70c-2005d86ad428,BE,BE-WAL,locality,,land,Anthisnes,"[[""fr"", ""Anthisnes""], [""zh"", ""昂蒂恩""], [""ru"", ""Антин""], [""wa"", ""Antene""]]",True,True,5.437898635864258,50.45757293701172,5.553786277770996,50.522972106933594,1aee0611-c28c-40bd-b470-35031bec24f2
d666b998-6181-4eaf-a84f-61ae74f18603,BE,BE-WAL,locality,,land,Angleur,,True,True,5.54476261138916,50.561012268066406,5.6130266189575195,50.6198844909668,2f9972f8-006c-4f4d-8bfe-6c04bdb0ccc5
aa8f2b32-319e-42b5-847c-6169a88a6c68,BE,BE-WAL,locality,,land,Soy,"[[""ru"", ""Суа""]]",True,True,5.441019535064697,50.25685501098633,5.54969596862793,50.328712463378906,3673f8fd-64f8-49a9-a32d-648366688b34
ffb5b80f-c074-4ef4-bb9b-0acd2ccc24d1,BE,BE-WAL,locality,,land,Beyne-Heusay,"[[""fr"", ""Beyne-Heusay""], [""ru"", ""Бен-Эзе""], [""wa"", ""Binne-Heuzea""]]",True,True,5.635920524597168,50.611114501953125,5.693609714508057,50.65086364746094,463e8a6f-4b20-4107-b4bc-dd6a7a5f5261
1c39d5db-6e9f-47c2-b268-c3251a89a5e3,BE,BE-WAL,locality,,land,Villers-le-Peuplier,,True,True,5.07540225982666,50.63778305053711,5.1147966384887695,50.667869567871094,617d25ff-4c50-45c5-98a1-f6350fcb4f81
d9ef7828-71a1-462e-990e-13242c6ee6d9,BE,BE-WAL,locality,,land,Beez,"[[""fr"", ""Beez""], [""ru"", ""Бе""], [""wa"", ""Bê""]]",True,True,4.90150785446167,50.46409606933594,4.9438581466674805,50.4832878112793,14d34977-64a1-431a-9797-9ebd9d5f8b8d
0e3f113a-42a8-4266-b025-59d8bf15854a,BE,BE-WAL,locality,,land,Vielsalm,"[[""ru"", ""Вьельсальм""]]",True,True,5.709666728973389,50.21890640258789,6.017283916473389,50.34830093383789,5b8a5af0-5467-4532-96ca-2713366c49f4
6fd4c60a-cc35-4169-8552-ae127d0a2707,BE,BE-WAL,locality,,land,Engis,"[[""fr"", ""Engis""], [""wa"", ""Indji""], [""ru"", ""Анжи""]]",True,True,5.333511829376221,50.53191375732422,5.440694808959961,50.59305191040039,85884034-3b9d-4bce-b464-27717ed2e84d
8b5fa2a1-9d88-4ebc-a18f-bec03bb6e29b,BE,BE-WAL,locality,,land,Hody,,True,True,5.48195219039917,50.47734832763672,5.514949798583984,50.49650573730469,b9b690f8-9077-4f73-abbc-5d49bac2c050
6faf0369-15fc-42e7-ab9b-a7c04f58ffb8,BE,BE-WAL,locality,,land,Lavaux-Sainte-Anne,"[[""nl"", ""Lavaux-Sainte-Anne""], [""ru"", ""Лаво-Сент-Ан""], [""wa"", ""Li Vå-Sinte-Ane""]]",True,True,5.060322284698486,50.093448638916016,5.11541748046875,50.13234329223633,9d69df19-a46c-4201-9f9a-de6846da0ddc
fb3c5d30-a0f7-4b1a-b3a8-b21872990960,BE,BE-WAL,microhood,,land,Place du Marché,,True,True,5.574949741363525,50.64536666870117,5.576936721801758,50.646018981933594,60f3531e-c346-48d8-adb8-896e8490f19e
a51ecefa-c532-40a5-b059-0aee6ab32ffa,BE,BE-WAL,locality,,land,Ambresin,,True,True,5.015361785888672,50.620338439941406,5.057320594787598,50.646484375,3a71390d-29a2-45a7-b3a6-766421f13813
88c56776-dc49-418d-8438-42f81d332c6f,BE,BE-WAL,locality,,land,Freloux,,True,True,5.390209674835205,50.672760009765625,5.427319049835205,50.691802978515625,100b62d1-4651-4bc9-a6ad-21545d171476
10ca8e4c-8353-47e5-9b90-e27b16079954,BE,BE-WAL,locality,,land,Reuland,,True,True,6.024780750274658,50.129478454589844,6.192496299743652,50.222412109375,9d9eb78e-ea58-406f-b70f-e8cbcc716b84
b0a2897f-67bf-48ac-b94e-3305660b7048,BE,BE-WAL,locality,,land,Wasseiges,"[[""fr"", ""Wasseiges""], [""wa"", ""Wazedje""], [""ru"", ""Васаж""]]",True,True,4.979306697845459,50.58802032470703,5.061802864074707,50.646484375,3c30a6f0-2701-4dca-842d-9cb26b07514e
3ccd70d3-53aa-4c81-bffc-ad37c0c714ff,BE,BE-WAL,locality,,land,Fraipont,,True,True,5.704715728759766,50.54665756225586,5.773587703704834,50.57570266723633,39c66ec7-8265-447e-bdcd-63e4937116fc
35358a67-9b63-4608-9178-bafed83c57de,BE,BE-WAL,locality,,land,Humain,"[[""ru"", ""Юмен""]]",True,True,5.206551551818848,50.18198776245117,5.281949520111084,50.22779846191406,fe03f61e-f305-4ae4-a5bd-8e28d01f8ea7
6ef0275c-24a6-4c40-940f-0715a0ef4018,BE,BE-WAL,locality,,land,Masbourg,,True,True,5.299444198608398,50.08505630493164,5.353684425354004,50.12890625,f8a7d6d5-2302-45aa-a0c3-fdace2191f4c
d9c6465c-93b7-4e50-9d7e-07c81ed0db65,BE,BE-WAL,locality,,land,Gomzé-Andoumont,"[[""fr"", ""Gomzé-Andoumont""]]",True,True,5.6469902992248535,50.53430938720703,5.719301223754883,50.555809020996094,e5196e36-c326-40f8-863a-edb0ab57f2a6
d7bf9281-e055-4d6d-8243-72e9318673fe,BE,BE-WAL,locality,,land,Pondrôme,"[[""ru"", ""Пондром""], [""wa"", ""Pondrome""]]",True,True,4.975044250488281,50.050498962402344,5.036244869232178,50.113670349121094,7c96682b-9575-42cc-a345-b55b8b32db24
d9f6dced-e33a-4be8-a078-21a63f7ad99c,BE,BE-WAL,locality,,land,Lesterny,,True,True,5.262567043304443,50.090248107910156,5.31362247467041,50.1212158203125,71344d6f-f7f3-4060-8924-7bfdb828b0cd
bd135784-115c-4522-aecb-6cc3c6d377d3,BE,BE-WAL,localadmin,,land,Liège,"[[""pcd"", ""Lidje""], [""vls"", ""Luuk""], [""lb"", ""Léck""], [""ar"", ""لييج""], [""fr"", ""Liège""], [""lv"", ""Lježa""], [""eu"", ""Lieja""], [""uk"", ""Льєж""], [""li"", ""Luuk""], [""cs"", ""Lutych""], [""gl"", ""Liexa""], [""nds"", ""Lüttich""], [""el"", ""Λιέγη""], [""it"", ""Liegi""], [""ca"", ""Lieja""], [""la"", ""Leodium""], [""nl"", ""Luik""], [""bg"", ""Льеж""], [""ko"", ""리에주""], [""eo"", ""Lieĝo""], [""oc"", ""Lièja""], [""de"", ""Lüttich""], [""fy"", ""Luik""], [""ru"", ""Льеж""], [""th"", ""ลีแยฌ""], [""pnb"", ""لیج""], [""sr-Cyrl"", ""Лијеж""], [""nds-nl"", ""Luuk""], [""he"", ""לייז'""], [""wa"", ""Lîdje""], [""es"", ""Lieja""], [""mr"", ""लीज""], [""ja"", ""リエージュ""], [""ast"", ""Liex""], [""lt"", ""Lježas""], [""kk"", ""Льеж""], [""fa"", ""لیژ""], [""zh"", ""列日""]]",True,True,5.349458694458008,50.39549255371094,5.8187575340271,50.8121223449707,bfca962a-03de-4bac-bc35-1c2a975674b2
428b9260-05ea-4bf1-b510-96993f521f67,BE,BE-WAL,neighborhood,,land,Grand Léopold,,True,True,5.5714945793151855,50.63884353637695,5.578109264373779,50.644935607910156,d8e26389-db69-4711-9b74-6c8dfa7354b1
bedd8ddc-02ad-4174-bf20-2e241d374b3c,BE,BE-WAL,locality,,land,Grivegnée,"[[""ru"", ""Гривенье""]]",True,True,5.583732604980469,50.61418914794922,5.645406246185303,50.6360969543457,54b44aa8-4906-4740-843b-101a0ce46cd4
d018bde1-14cc-4ec5-90c2-58eed6a83b7b,BE,BE-WAL,locality,,land,Heure,"[[""fr"", ""Heure""], [""nl"", ""Heure""], [""wa"", ""Eure""]]",True,True,5.270521640777588,50.270530700683594,5.332663536071777,50.32118606567383,1ffb3bb1-8482-4731-9a04-f89a5df7b5c6
ddb74820-9261-4fc0-9efc-08ecb49cc78c,BE,BE-WAL,locality,,land,Autre-Église,"[[""ru"", ""Отр-Эглиз""]]",True,True,4.884993076324463,50.651527404785156,4.935301303863525,50.68571090698242,f407389b-aa0a-453d-90f2-70b57dd85b80
6c77b021-b56f-4642-bb56-6304af860cb8,BE,BE-WAL,locality,,land,Gouvy,"[[""fr"", ""Gouvy""], [""de"", ""Geilich""], [""nl"", ""Gouvy""], [""lb"", ""Gäilech""]]",True,True,5.788093566894531,50.110225677490234,6.034388542175293,50.27033996582031,3b30f1ab-b4f6-43e1-9fe0-f1f6aec3135b
530e2bb6-f4dd-4080-a6a9-255f2b923eb1,BE,BE-WAL,locality,,land,Modave,"[[""fr"", ""Modave""], [""wa"", ""Modåve""], [""ru"", ""Модав""]]",True,True,5.235467910766602,50.41796875,5.354778289794922,50.5255241394043,935c64d2-f127-4f50-a8ed-d2fcede142e5
705c636d-6567-4387-a1d8-b7c9d7021156,BE,BE-WAL,locality,,land,Boninne,"[[""fr"", ""Boninne""], [""wa"", ""Bonene""]]",True,True,4.909078598022461,50.477378845214844,4.955406665802002,50.50673294067383,e38b9c92-7a2a-48a7-adbf-d91940b1d6a3
384fa37b-75de-4b88-a919-62d8b06b52ad,BE,BE-WAL,microhood,,land,Place du Gravier,,True,True,5.61600923538208,50.60980987548828,5.618635177612305,50.61018753051758,9be5576d-8f0d-4b5e-bd38-d77d3fbba81d
6dd3bb19-a327-4c7c-843c-8632e2ab132a,BE,BE-WAL,locality,,land,Chanly,,True,True,5.13502311706543,50.04269790649414,5.178205966949463,50.09489059448242,258067ae-7818-4077-8420-188693c7edad
2874ae09-8599-4975-9e91-678aeefbb4f2,BE,BE-WAL,locality,,land,Baillonville,"[[""nl"", ""Baillonville""], [""ru"", ""Байонвиль""], [""wa"", ""Bayonveye""]]",True,True,5.317114353179932,50.25894546508789,5.369768142700195,50.30556869506836,acc8e1d9-d79b-484f-afed-fdba09b695d8
806623a8-0d0a-4dff-b535-b8e638d09b23,BE,BE-WAL,locality,,land,Waret-la-Chaussée,"[[""nl"", ""Waret-la-Chaussée""], [""wa"", ""Waeret-al-Tchåssêye""]]",True,True,4.88946533203125,50.525936126708984,4.939880847930908,50.554962158203125,2afa0243-a986-4d0e-89c9-5c85b0514716
e9d0ed4a-0656-43d4-9d22-2b3a5fc09f8b,BE,BE-WAL,locality,,land,Chaudfontaine,"[[""fr"", ""Chaudfontaine""], [""nl"", ""Chaudfontaine""], [""ru"", ""Шофонтен""], [""wa"", ""Tchôfontinne""]]",True,True,5.588887691497803,50.549583435058594,5.680293560028076,50.614906311035156,a4284ee7-ab55-4601-a7d5-85fc81680c15
c8e303e5-8f3e-4561-a63d-71c8b9b30b63,BE,BE-WAL,locality,,land,Schönberg,"[[""fr"", ""Schoenberg""], [""de"", ""Schönberg""], [""ru"", ""Шёнберг""]]",True,True,6.203973293304443,50.25297164916992,6.309027671813965,50.31178665161133,19ab92f7-3dbd-4716-ad81-0f1e0b0307b2
2c7af987-7d8a-4794-9767-43abebb849d4,BE,BE-WAL,locality,,land,Conneux,"[[""nl"", ""Conneux""], [""wa"", ""Coneu""]]",True,True,5.037201404571533,50.2233772277832,5.105389595031738,50.267459869384766,08db4905-e13e-4c4b-9ee7-7999ad7242ab
9cc11bbd-4811-45f1-8570-d0d11c5f5c3c,BE,BE-WAL,locality,,land,Stavelot,"[[""fr"", ""Stavelot""], [""de"", ""Stablo""], [""wa"", ""Ståvleu""], [""ru"", ""Ставло""]]",True,True,5.851039409637451,50.33549880981445,6.030483245849609,50.49633026123047,9283bd49-8d55-4612-8982-5077a93f74d0
8c7144ea-739f-4f73-94ba-3c57155d41da,BE,BE-WAL,microhood,,land,Longdoz,,True,True,5.573753356933594,50.62203598022461,5.588711738586426,50.63786697387695,e830d2c2-1b30-4621-bffc-cba91986228c
20d3b2b8-d512-4c61-8d71-7f87421785ad,BE,BE-WAL,locality,,land,Poulseur,"[[""ru"", ""Пульсёр""]]",True,True,5.545639991760254,50.49138259887695,5.596059322357178,50.51188278198242,77bd5c19-d279-4e4b-a991-c60750f480b8
c91f31a6-1328-4afb-bcc4-5024c2e81881,BE,BE-WAL,locality,,land,Fize-Fontaine,"[[""fr"", ""Fize-Fontaine""], [""wa"", ""Fize-Fontinne""]]",True,True,5.253925323486328,50.57427978515625,5.297298431396484,50.604034423828125,492c9bc0-14e7-4509-8924-b258c97ebbc6
9777c711-9def-4255-a503-586effa9bd09,BE,BE-WAL,locality,,land,Cheratte,,True,True,5.6579694747924805,50.67116928100586,5.696383953094482,50.693809509277344,0be2d5ed-e4ae-4948-a279-88ff91bdb111
cffd6752-080d-40e2-890c-341483c30ca7,BE,BE-WAL,locality,,land,Lontzen,"[[""li"", ""Loonze""], [""de"", ""Lontzen""], [""bg"", ""Лонцен""], [""ru"", ""Лонтцен""]]",True,True,5.954641819000244,50.649845123291016,6.0727715492248535,50.7036247253418,89a17b1d-6f65-4022-97f4-585d836ad90c
f19a0513-221d-4571-ad1d-615cdc2599e7,BE,BE-WAL,locality,,land,Franc-Waret,"[[""fr"", ""Franc-Waret""], [""nl"", ""Franc-Waret""], [""wa"", ""Franc-Waeret""]]",True,True,4.948256015777588,50.50792694091797,4.995976448059082,50.53842544555664,5a179162-cb14-43c0-a8b1-c9a121bb438b
0b8c08f5-a0cc-42ff-8ad6-eaaa4cc067e0,BE,BE-WAL,locality,,land,Plainevaux,"[[""ru"", ""Пленво""]]",True,True,5.4846272468566895,50.527259826660156,5.554716110229492,50.56134033203125,652afd96-5f4e-4b60-b310-e3cc9702d9ae
2255f185-a34b-4678-bc4a-841e994d837e,BE,BE-WAL,locality,,land,Lens-Saint-Servais,,True,True,5.139952182769775,50.64567947387695,5.174617290496826,50.66748046875,5c9ac6b6-c8c6-482e-aa70-7ae5cdb9ea83
8756d7dd-1f22-4829-90a7-487c0e188e4c,BE,BE-WAL,locality,,land,Halma,,True,True,5.115091323852539,50.02753829956055,5.14769172668457,50.08640670776367,9819c99a-b37f-4f11-b53f-0c2df4364c67
9331dd0b-2fcb-4fd4-a3cb-e00c0fc2d01a,BE,BE-WAL,locality,,land,Heusy,,True,True,5.8466925621032715,50.54925537109375,5.910536766052246,50.58663558959961,400e34d8-7dc6-498b-bcd2-3cb4fc1254be
e13bbdaf-f585-4aaa-8e6e-c8419a1ef2af,BE,BE-WAL,locality,,land,Jeneffe,"[[""ru"", ""Женеф""]]",True,True,5.336092948913574,50.633338928222656,5.376564979553223,50.671627044677734,8a5c5649-aec4-406c-a1f0-bab99927fca4
6489d4bb-e622-4416-920f-08e6f7879f86,BE,BE-WAL,locality,,land,Haillot,"[[""nl"", ""Haillot""], [""ru"", ""Айо""], [""wa"", ""Hayo""]]",True,True,5.118704319000244,50.41918182373047,5.169744968414307,50.46355056762695,c2f258a0-dc60-411d-a6a8-b21735ff79d4
f5694014-a638-4b69-be54-299f004227e8,BE,BE-WAL,locality,,land,Cornesse,,True,True,5.76120138168335,50.56203079223633,5.80982780456543,50.59183120727539,cfbcd1d1-0ed9-4acb-aaf8-fb1d0f174ecf
2226006f-18ab-41ec-a41a-77777c879439,BE,BE-WAL,locality,,land,Tourinne,,True,True,5.162813186645508,50.62970733642578,5.196703910827637,50.64927291870117,b05a671c-6c18-454c-8e44-4837439ffbb6
279ec0f5-604b-46d4-aa67-16973c57a188,BE,BE-WAL,locality,,land,Scy,"[[""nl"", ""Scy""], [""wa"", ""Sî""]]",True,True,5.1886887550354,50.29050064086914,5.238149642944336,50.331809997558594,4532a29d-cbbb-4695-9b62-349d8aa1012c
3146131f-1b5e-47c1-ade4-4c6eebcbdd27,BE,BE-WAL,locality,,land,Évegnée-Tignée,,True,True,5.689271926879883,50.6351318359375,5.721246719360352,50.66063690185547,6297ba27-6dd8-46bb-8357-c55f1a051c26
7152cec6-7cf7-4317-ad87-73ea0bbdc189,BE,BE-WAL,locality,,land,Purnode,"[[""wa"", ""Purnôde""]]",True,True,4.924709796905518,50.297672271728516,4.963510513305664,50.32551574707031,0109503c-7fc7-4ef9-9419-0e6b2517baaa
d874a14d-a408-4e5f-9901-0441f13e17f8,BE,BE-WAL,locality,,land,Waha,,True,True,5.293568134307861,50.187522888183594,5.424912929534912,50.244136810302734,bf8c2fe8-2868-4c72-98b2-92015d1d636d
bdb76542-c763-4c56-9e38-fdb3b38a154a,BE,BE-WAL,locality,,land,Ramelot,"[[""ru"", ""Рамло""]]",True,True,5.308103561401367,50.451393127441406,5.353454113006592,50.47715759277344,956d6fa2-94ca-4d09-9a15-93c9b3b4fd48
faab14a8-79e1-4304-85b0-7a3ccbd32758,BE,BE-WAL,locality,,land,Bovigny,"[[""fr"", ""Bovigny""], [""de"", ""Bowies""], [""ru"", ""Бовиньи""]]",True,True,5.868320941925049,50.18894577026367,5.985273838043213,50.27033996582031,eafc53be-75a2-4619-a494-9882d9d4eca1
f2987f4f-d257-4c24-869e-c6dcd4766788,BE,BE-WAL,locality,,land,Clavier,"[[""ru"", ""Клавье""]]",True,True,5.221103191375732,50.36494827270508,5.429414749145508,50.461463928222656,8475294e-6376-46d4-a822-2825ddf71470
ba2175a1-f835-4905-bd45-bf22c625204c,BE,BE-WAL,microhood,,land,Guillemins,,True,True,5.560473918914795,50.616703033447266,5.578834056854248,50.63268280029297,039d0517-7d40-4d6b-ad14-39cc0982ce96
a70c015f-9a19-4f1c-81b5-fe851a7f97fb,BE,BE-WAL,locality,,land,Forêt,"[[""fr"", ""Forêt""], [""ru"", ""Форе""], [""wa"", ""Foret-dlé-Tchôfontinne""]]",True,True,5.6408514976501465,50.55025100708008,5.711819171905518,50.59556579589844,5202ef00-2091-4a79-b31b-c92a1ab86abb
fedc2f4f-d4b6-4b03-9fe9-39b443eaa8c7,BE,BE-WAL,locality,,land,Membach,,True,True,5.970829486846924,50.519649505615234,6.1396918296813965,50.6294059753418,889d0484-bacd-4d84-ae3a-2a23db0bebb4
94f96059-df3b-4c37-8290-154d9eedb2c0,BE,BE-WAL,locality,,land,Outrelouxhe,,True,True,5.310866832733154,50.494564056396484,5.354778289794922,50.5255241394043,aefe30ea-0052-480d-8bec-e71ff56ecb92
2991cb0f-52a9-4059-ab73-7a972137596a,BE,BE-WAL,locality,,land,Raeren,"[[""li"", ""Raore""], [""de"", ""Raeren""], [""bg"", ""Рарен""], [""ru"", ""Рарен""]]",True,True,6.037474155426025,50.600624084472656,6.2627973556518555,50.723716735839844,94473156-03f2-44b5-b8b6-9f4c0f8c887a
05e68b47-b27a-430f-8bf5-2b4db1011626,BE,BE-WAL,locality,,land,Thimister,"[[""fr"", ""Thimister""], [""wa"", ""Timister""]]",True,True,5.825039386749268,50.626468658447266,5.89208459854126,50.67536544799805,1dc4aacf-7672-40f7-a5c0-eb00ef9a122c
a7b923d9-4b0e-4a8c-8777-822b21326d1e,BE,BE-WAL,locality,,land,Mormont,,True,True,5.545125961303711,50.300331115722656,5.654901504516602,50.342201232910156,9642cf99-6fd6-493b-b744-f4b3228eda62
dde2709a-e3ca-4db1-8332-a7b3004a1792,BE,BE-WAL,locality,,land,Hermalle-sous-Huy,"[[""fr"", ""Hermalle-sous-Huy""], [""ru"", ""Эрмаль-су-Юи""], [""wa"", ""Hermåle-dizo-Hu""]]",True,True,5.333511829376221,50.54521942138672,5.385811805725098,50.570701599121094,aa80d3c4-2e04-4621-97ff-f0117ef441e8
3ac8caed-4535-4a73-bf3d-41091214d666,BE,BE-WAL,locality,,land,Honnay,"[[""wa"", ""Onai""]]",True,True,5.017163276672363,50.04996871948242,5.06496000289917,50.12576675415039,beab4c58-eb58-4e56-9c01-0941502e8a99
3a3c5e47-b9b8-457d-b60c-32826a7bc293,BE,BE-WAL,locality,,land,Ave-et-Auffe,"[[""nl"", ""Ave-et-Auffe""], [""ru"", ""Ав-э-Оф""], [""wa"", ""Åve""]]",True,True,5.114589691162109,50.09437561035156,5.185763835906982,50.12976837158203,047d411a-fcd8-4195-83ea-545c810cdb91
c8aa6ca8-5e6c-45d9-b348-cd2403afbc01,BE,BE-WAL,microhood,,land,Square de la Résistance,,True,True,5.871518135070801,50.48834228515625,5.8720173835754395,50.48851776123047,d00804ef-5937-4352-8f6f-56dbaf834b6e
3633df4c-aa01-4a75-8273-0b034f043577,BE,BE-WAL,locality,,land,Dochamps,"[[""ru"", ""Дошан""]]",True,True,5.573914527893066,50.220008850097656,5.709667205810547,50.265743255615234,a7ecb81c-2fec-4ca2-8e01-d05b79e61262
c648ee3c-d4c6-41ed-a893-b27a81fe83cf,BE,BE-WAL,locality,,land,Baronville,"[[""wa"", ""Baronveye""]]",True,True,4.914899826049805,50.10684585571289,4.956075191497803,50.14384078979492,d6fa068e-d5c5-4559-ba01-1536a35de1dd
a9af9f0f-c8dd-4f01-842d-d887aada56d6,BE,BE-WAL,locality,,land,Andenne,"[[""fr"", ""Andenne""], [""la"", ""Andenna""], [""nl"", ""Andenne""], [""bg"", ""Анден""], [""ru"", ""Анденн""], [""az"", ""Anden""], [""wa"", ""Andene""], [""ja"", ""アンデンヌ""], [""lt"", ""Andenas""], [""zh"", ""昂代讷""]]",True,True,4.961848735809326,50.44736862182617,5.164090156555176,50.53178405761719,e244a190-f6be-4f28-98bb-7258c7e316e8
1361c404-a52a-47be-9028-24e789f3643e,BE,BE-WAL,locality,,land,Wellin,"[[""fr"", ""Wellin""], [""wa"", ""Welin""]]",True,True,5.01097297668457,50.01598358154297,5.178205966949463,50.1227912902832,faacb34b-b940-491a-9808-d772c0de60ce
46bff8d1-2fb9-4d0e-ab2a-40145a54db16,BE,BE-WAL,locality,,land,Wanze,"[[""fr"", ""Wanze""], [""ru"", ""Ванз""], [""wa"", ""Wônse""]]",True,True,5.132167816162109,50.508567810058594,5.265871047973633,50.582618713378906,e1f8a4ec-f326-4589-ae7f-6e7e1e79d07f
b060fe3c-2ef8-43aa-bc75-87322ceb9454,BE,BE-WAL,locality,,land,Mortier,,True,True,5.717879295349121,50.662269592285156,5.775044918060303,50.69707489013672,1255abf7-694a-4b05-be6e-3467f6120ed3
79f3b062-cc05-4f05-8757-46d1041dc0eb,BE,BE-WAL,microhood,,land,Dorfplatz Meyerode,,True,True,6.18772029876709,50.32578659057617,6.188547134399414,50.32619094848633,2ec835d6-27bf-49e5-a5cd-38c74a88930f
41e9033f-557d-4919-906d-944eb03766f7,BE,BE-WAL,microhood,,land,Place du village,,True,True,5.008236885070801,50.09965515136719,5.009161949157715,50.1001091003418,a1aa998a-4a13-47d5-82fd-6b139582dc7f
4e5d2c3c-4fdc-4114-b6bf-cfa01a860cf8,BE,BE-WAL,locality,,land,Magnée,"[[""fr"", ""Magnée""], [""wa"", ""Mågnêye""]]",True,True,5.672002792358398,50.5899772644043,5.700501918792725,50.61224365234375,2b2d7060-c1fe-42ee-90c9-d6d546c2a532
af37d9cb-eedd-4807-9e8c-7a94fc25521a,BE,BE-WAL,county,2,land,Liège,"[[""pcd"", ""Lidje""], [""vls"", ""Luuk""], [""lb"", ""Léck""], [""ar"", ""لييج""], [""fr"", ""Liège""], [""lv"", ""Lježa""], [""eu"", ""Lieja""], [""uk"", ""Льєж""], [""li"", ""Luuk""], [""cs"", ""Lutych""], [""gl"", ""Liexa""], [""nds"", ""Lüttich""], [""el"", ""Λιέγη""], [""it"", ""Liegi""], [""ca"", ""Província de Lieja""], [""la"", ""Leodium""], [""nl"", ""Luik""], [""zh-Hans"", ""列日省""], [""bg"", ""Льеж""], [""ko"", ""리에주""], [""eo"", ""Lieĝo""], [""oc"", ""Lièja""], [""de"", ""Lüttich""], [""fy"", ""Luik""], [""ru"", ""Льеж""], [""th"", ""ลีแยฌ""], [""pnb"", ""لیج""], [""sr-Cyrl"", ""Лијеж""], [""nds-nl"", ""Luuk""], [""zh-Hant"", ""列日省""], [""en"", ""Liège""], [""he"", ""לייז'""], [""sk"", ""Lutyšsko""], [""wa"", ""Lîdje""], [""es"", ""Lieja""], [""mr"", ""लीज""], [""ja"", ""リエージュ""], [""ast"", ""Liex""], [""lt"", ""Lježas""], [""kk"", ""Льеж""], [""fa"", ""لیژ""], [""zh"", ""列日省""], [""hu"", ""Liège""]]",True,True,4.979306697845459,50.129478454589844,6.408097743988037,50.8121223449707,2a5be2d7-e399-4e94-9c05-3d5ee4eae479
390a724f-e630-4a74-ae11-115f25627de7,BE,BE-WAL,locality,,land,Voroux-Goreux,,True,True,5.405812740325928,50.6446418762207,5.440767288208008,50.67049789428711,e6bc6c7a-2494-43d1-b9b1-3261542f06ca
59e45c54-8126-4096-94d5-bc7bd4e8ecae,BE,BE-WAL,locality,,land,Nadrin,"[[""ru"", ""Надрен""]]",True,True,5.651890277862549,50.12476348876953,5.708249092102051,50.18113327026367,bb4cc59f-509e-460e-87ca-5a9c5755aa18
aa2c263f-d2ee-4f2e-8551-cd0ca04a5060,BE,BE-WAL,locality,,land,Seny,"[[""ru"", ""Сени""]]",True,True,5.369901657104492,50.44662857055664,5.429683685302734,50.47539520263672,e4ba03a0-adbc-4976-b268-26198ae4e321
e2efe0ca-70e8-499a-98b8-f5b9ce498523,BE,BE-WAL,locality,,land,Houyet,"[[""ru"", ""Уйе""], [""wa"", ""Houyet""]]",True,True,4.8525614738464355,50.132137298583984,5.119893550872803,50.25138854980469,c19146e7-4faa-4d4c-b91f-8d94bd7eeb9c
16ec46c2-c748-4388-9e2e-438779e3d63d,BE,BE-WAL,microhood,,land,Place Verte,,True,True,5.860262870788574,50.592227935791016,5.862217903137207,50.592769622802734,c3ffc824-0179-4fc9-a34f-233a01151c5b
69545214-803e-45c9-9824-cb0a4173327f,BE,BE-WAL,microhood,,land,Place de la Vieille-Montagne,,True,True,5.591200828552246,50.650367736816406,5.592269420623779,50.65099334716797,9232d2da-46bb-45ad-b7e8-0d1c97b41f32
56975d64-6522-4bd7-8ad1-d6a9bd302b62,BE,BE-WAL,locality,,land,Neuville-en-Condroz,,True,True,5.428603172302246,50.53632354736328,5.498779296875,50.571746826171875,98703dd9-0237-4647-930c-daf0f37a112e
4e0046cc-3957-42f8-b743-c8c95a009f83,BE,BE-WAL,microhood,,land,Place du Roi Albert,,True,True,5.3430914878845215,50.227569580078125,5.344265460968018,50.22799301147461,47c70d01-b2d2-40a6-b7c5-fd1b9554a291
a79602a9-7ebf-4cc3-bdff-df4278a28984,BE,BE-WAL,locality,,land,Eupen,"[[""hy"", ""Էյպեն""], [""vls"", ""Eupn""], [""ar"", ""أوبن""], [""uk"", ""Ойпен""], [""li"", ""Eupe""], [""el"", ""Όιπεν""], [""os"", ""Эйпен""], [""la"", ""Oepi""], [""zh-Hans"", ""奥伊彭""], [""bg"", ""Ойпен""], [""ko"", ""오이펜""], [""mk"", ""Епен""], [""de"", ""Eupen""], [""ru"", ""Эйпен""], [""ml"", ""ഒയ്പൻ""], [""sr-Latn"", ""Epen""], [""sr-Cyrl"", ""Епен""], [""zh-Hant"", ""奧伊彭""], [""he"", ""אויפן""], [""wa"", ""Nèyåw""], [""be"", ""Эйпен""], [""ja"", ""オイペン""], [""lt"", ""Epenas""], [""fa"", ""اوپان""]]",True,True,6.000338554382324,50.54801559448242,6.274109363555908,50.67287826538086,4de25a0a-9e38-4990-8f63-58b23ff09142
d8d65183-154e-4b4f-9617-f9723edab681,BE,BE-WAL,locality,,land,Sankt Vith,"[[""lb"", ""Sankt Väit""], [""fr"", ""Saint-Vith""], [""li"", ""St. Vith""], [""br"", ""Sankt-Vith""], [""ca"", ""Sankt-Vith""], [""vi"", ""St. Vith""], [""la"", ""Fanum Sancti Viti""], [""bg"", ""Санкт Вит""], [""eo"", ""Sankt-Vith""], [""oc"", ""Saint-Vith""], [""de"", ""Sankt Vith""], [""ru"", ""Сен-Вит""], [""en"", ""Saint Vith""], [""wa"", ""Sint-Vi""], [""ja"", ""ザンクト・フィート""], [""fa"", ""سن ویت""], [""zh"", ""圣维特""], [""pl"", ""St. Vith""]]",True,True,5.978662967681885,50.230106353759766,6.309027671813965,50.35284423828125,a2ba6859-ac36-4cbb-ac1b-f8dd5786ec3f
a4300bdc-827c-4418-8c5b-b54d979efd12,BE,BE-WAL,locality,,land,Tailles,,True,True,5.709666728973389,50.18334197998047,5.808834075927734,50.23613357543945,4e5a16f2-c4de-4666-bebe-41458a26032a
03a77648-7f73-4825-a53c-43df750caefd,BE,BE-WAL,locality,,land,Wegnez,"[[""ru"", ""Венье""]]",True,True,5.801371097564697,50.56904602050781,5.836184501647949,50.600433349609375,cbb09bb7-2bd8-445e-bff9-87cc16019160
910ca4b2-3620-49f5-80b6-893284913452,BE,BE-WAL,locality,,land,Blegny,"[[""fr"", ""Blegny""], [""ru"", ""Бленьи""], [""wa"", ""Blegneye""]]",True,True,5.642362594604492,50.63792419433594,5.775044918060303,50.707340240478516,080ba7b3-8bae-456d-9828-091c9680b23b
be780fc4-10a4-47e9-8dc2-6e5faf4a4fa2,BE,BE-WAL,locality,,land,Rahier,"[[""ru"", ""Райе""]]",True,True,5.746973514556885,50.363731384277344,5.814943313598633,50.41348648071289,e09fd030-4be7-437b-a9a2-242a01c0a241
dd58cdf5-d78b-47bc-be4a-7a572ecf32a5,BE,BE-WAL,locality,,land,Braibant,"[[""nl"", ""Braibant""], [""wa"", ""Braibant""]]",True,True,5.038474082946777,50.29660415649414,5.097859859466553,50.3353157043457,9899126e-e85a-4916-9807-fd00dd10c921
705440dd-9291-4bf0-9714-6333082cf32a,BE,BE-WAL,locality,,land,Jalhay,"[[""fr"", ""Jalhay""], [""wa"", ""Djalhé""], [""de"", ""Galbach""]]",True,True,5.878021240234375,50.46654510498047,6.073175430297852,50.593875885009766,d2dfb7d5-bb70-483d-a495-c5835da3ca50
74bf3dad-4e57-4603-a297-b641a185f665,BE,BE-WAL,neighborhood,,land,Manderfeld,,True,True,6.2724199295043945,50.305179595947266,6.408097743988037,50.40689468383789,1a7aca48-f92e-4937-8d0b-7fcbd08c2404
f39efae7-d788-415d-9e3d-20d22dca26d6,BE,BE-WAL,locality,,land,Abolens,,True,True,5.130656719207764,50.66316604614258,5.162323951721191,50.682830810546875,15c1a16c-54c6-4f45-9373-3d9fa48a7c2e
a633d609-ccb1-483b-b42d-8be09411ec7a,BE,BE-WAL,locality,,land,Waillet,"[[""nl"", ""Waillet""], [""wa"", ""Wayet""]]",True,True,5.276015758514404,50.24209976196289,5.336509704589844,50.28118896484375,922ee197-f435-43dc-aabc-05506ec6ebbe
bb0a0de1-35d7-40d5-9d45-a4b51bf26975,BE,BE-WAL,locality,,land,Vieuxville,,True,True,5.518648147583008,50.388526916503906,5.566291332244873,50.41514205932617,d3df8d98-d29e-4682-a38b-62ebdb45ebf2
a4f6b7ce-9c9f-4310-b796-bc4dcc7b65d0,BE,BE-WAL,locality,,land,Smuid,,True,True,5.228285789489746,50.004005432128906,5.282114505767822,50.03786849975586,954d53ea-5121-4138-a7f4-f475af9c2d4d
4e44cfcf-9262-4439-bf9e-03afc2e3b67d,BE,BE-WAL,locality,,land,Verlaine,"[[""fr"", ""Verlaine""], [""wa"", ""Verlinne""], [""ru"", ""Верлен""]]",True,True,5.250693321228027,50.57413864135742,5.349457740783691,50.63716506958008,836a1515-ab1c-49ad-a837-d499965ca6f4
5e1dea81-09a6-41a7-8cd7-d1724e05ecf7,BE,BE-WAL,locality,,land,Alleur,"[[""ru"", ""Аллёр""]]",True,True,5.476613521575928,50.6638069152832,5.538361549377441,50.69882583618164,84a66ead-b4d8-4212-9413-78b039022efa
044dc897-9736-4697-b395-8e348ea9d9e5,BE,BE-WAL,locality,,land,Xhoris,"[[""ru"", ""Ксорис""]]",True,True,5.562708377838135,50.42359924316406,5.6532111167907715,50.46017074584961,150dbb34-445b-4e1c-9ede-f9201abf4fba
d74e0028-655f-44aa-b7c9-e927fff643a4,BE,BE-WAL,locality,,land,Hognoul,"[[""ru"", ""Оньюль""]]",True,True,5.439031600952148,50.6735954284668,5.472221851348877,50.693626403808594,8b922e5b-d22b-49d0-b2c5-e258c07b0f91
51438f89-79b2-456f-b21e-d1cd71d2fbe5,BE,BE-WAL,locality,,land,Forrières,,True,True,5.242234230041504,50.114219665527344,5.318794250488281,50.14620590209961,907b2526-320f-4fd4-b387-7c3109c2b32d
49ae7fda-795b-4361-8d30-b16a26c8d8a5,BE,BE-WAL,locality,,land,Faimes,"[[""fr"", ""Faimes""], [""wa"", ""Faime""]]",True,True,5.192228317260742,50.61574172973633,5.286764144897461,50.67797088623047,2168a252-c443-4fef-b95b-823b6690a75b
c7acc128-fd74-4ad7-966a-ebbe026daa14,BE,BE-WAL,locality,,land,Fernelmont,"[[""fr"", ""Fernelmont""], [""de"", ""Fernelmont""], [""nl"", ""Fernelmont""], [""wa"", ""Ferneamont""]]",True,True,4.917022705078125,50.504730224609375,5.05433988571167,50.61861038208008,d9928ff9-d90e-4305-a9c7-e618388b3bbd
a2d3d318-0535-429a-8cbb-122e3b7c0647,BE,BE-WAL,locality,,land,Maffe,,True,True,5.295825481414795,50.33200454711914,5.338857173919678,50.372859954833984,a38fb559-23b0-4d3b-9681-beaa79364307
02527a20-ee2e-4d07-9315-a30e14c42386,BE,BE-WAL,locality,,land,Ben-Ahin,"[[""ru"", ""Бен-Аэн""]]",True,True,5.128977298736572,50.46766662597656,5.229617118835449,50.5280647277832,8a340d39-544b-4bde-87c2-140a8dfa5a00
51d6df2e-4e63-4224-98ba-a134d1a97169,BE,BE-WAL,locality,,land,Feschaux,"[[""ru"", ""Фешо""], [""wa"", ""Fechå""]]",True,True,4.877457141876221,50.130592346191406,4.936307430267334,50.165279388427734,e28e43ba-51a2-4a04-957a-dbc82a759013
40728a8b-b43b-419e-ab41-dad132c3d7c6,BE,BE-WAL,locality,,land,Braives,"[[""fr"", ""Braives""], [""wa"", ""Braive""]]",True,True,5.080558776855469,50.570770263671875,5.209850311279297,50.64927291870117,5bc4d443-9105-492c-8f99-aa861f7dcad4
5131e41b-3296-4af3-8cd4-997ebc61a5ec,BE,BE-WAL,locality,,land,Beho,"[[""de"", ""Bochholz""], [""lb"", ""Boukëlz""], [""fr"", ""Beho""], [""ru"", ""Бео""]]",True,True,5.963594436645508,50.172664642333984,6.034388542175293,50.24518966674805,6b505dc9-3eff-401a-a643-994aa392ac03
c8d6cf85-9cfc-42a4-a193-f22e3f0274a4,BE,BE-WAL,locality,,land,Hingeon,"[[""fr"", ""Hingeon""], [""nl"", ""Hingeon""], [""ru"", ""Энжон""], [""wa"", ""Éndjon""]]",True,True,4.989161968231201,50.511070251464844,5.028285503387451,50.53664016723633,3a96060f-1a9d-41d1-95a8-afc75c73ed8c
a6390fb0-c531-42c2-a7a4-0338841841da,BE,BE-WAL,microhood,,land,Place Jehan le Bel,,True,True,5.582266330718994,50.64302062988281,5.583042144775391,50.6436882019043,9e1bf190-bc27-4264-842b-e0a27cad220b
bff5559f-56f0-473a-a740-6afe2af4b9a7,BE,BE-WAL,microhood,,land,Place Paul Delvaux,,True,True,5.224120616912842,50.543373107910156,5.22440242767334,50.543701171875,cd073a3d-7d2a-40b5-a2c8-d39b5dfc4c8c
0e8d4fe4-d42f-4501-b12f-ff3920d64a45,BE,BE-WAL,locality,,land,Hives,"[[""ru"", ""Ив""]]",True,True,5.548655033111572,50.125362396240234,5.601128101348877,50.17625045776367,78699100-edf3-4c3f-95a1-6dc09494d3cc
3886190a-3304-425f-8c19-8e24016a7c24,BE,BE-WAL,locality,,land,Noville-les-Bois,"[[""fr"", ""Noville-les-Bois""], [""nl"", ""Noville-les-Bois""], [""wa"", ""Noveye-dilé-Bwès""]]",True,True,4.9554972648620605,50.5294189453125,5.007114410400391,50.5668830871582,7ab20c0c-c99f-46a0-8725-029f502d375b
3f2c2555-4c56-40d7-9da4-a012df8d5794,BE,BE-WAL,locality,,land,Vesqueville,,True,True,5.366211891174316,49.99034118652344,5.460339069366455,50.03064727783203,57a85c85-687b-450c-ac82-82d8a9e10780
4558e498-5161-40fe-8462-6f45f8db58b4,BE,BE-WAL,locality,,land,Taviers,"[[""nl"", ""Taviers""], [""wa"", ""Taviè""]]",True,True,4.897646427154541,50.61007308959961,4.949036598205566,50.6353645324707,1bba937b-9c13-420d-9b39-7c873d548223
26434b5b-29b2-4e44-8d2f-3ae488581d4e,BE,BE-WAL,locality,,land,Villers-aux-Tours,,True,True,5.492589950561523,50.4898681640625,5.528752326965332,50.517520904541016,906e0578-91bd-4be4-862b-c8f55ec1bc21
7730b26b-01a2-4eaf-81fc-91ff1a66133b,BE,BE-WAL,locality,,land,Neupré,"[[""fr"", ""Neupré""], [""wa"", ""Li Noûpré""], [""ru"", ""Нёпре""]]",True,True,5.422682285308838,50.52012634277344,5.554716110229492,50.571746826171875,925b35f7-68a5-4be7-ade2-60edaeaa20b1
83036f44-7ffc-4db0-af96-70134c9694e0,BE,BE-WAL,locality,,land,Crehen,,True,True,5.045816898345947,50.64200973510742,5.07930850982666,50.6685791015625,300f16fb-ef1d-4520-91b0-bfb575b82e39
9c7354bd-0d84-4be1-99ac-ff18f70a7466,BE,BE-WAL,locality,,land,Faymonville,"[[""fr"", ""Faymonville""], [""de"", ""Außenborn""], [""ru"", ""Фемонвиль""], [""wa"", ""Faimonveye""]]",True,True,6.1315083503723145,50.388458251953125,6.182406902313232,50.42509841918945,18f31bd3-77d4-495a-9d21-b19fa4ac4c50
3cd50ce7-fda1-4d76-8df3-3a37881eb3ca,BE,BE-WAL,locality,,land,On,"[[""ru"", ""Он""]]",True,True,5.249995708465576,50.15740203857422,5.320353031158447,50.190223693847656,2ec5342b-46bc-41c0-9fbc-e155610a8e51
7493f0c2-3f66-4404-bd0a-d5e366e7f541,BE,BE-WAL,microhood,,land,Place E. Vandervelde,,True,True,5.736230373382568,50.57352828979492,5.736514568328857,50.573787689208984,83a26165-164f-4e23-8091-8791bc0696ac
e4428850-482d-44b2-9c09-4002169169db,BE,BE-WAL,locality,,land,Achêne,"[[""nl"", ""Achêne""], [""wa"", ""Achinne""]]",True,True,5.0153350830078125,50.25471115112305,5.083929061889648,50.29138946533203,4066e36b-1155-4175-9538-c89af24f1337
c1028831-e2d4-4510-847d-116375dd99dd,BE,BE-WAL,locality,,land,Mirwart,"[[""ru"", ""Мирвар""]]",True,True,5.2291579246521,50.031002044677734,5.338915824890137,50.07477951049805,0eae7a9f-123b-46e8-b903-b3f923d0502d
a5974229-e97e-42ab-9ed4-80b59950c2e3,BE,BE-WAL,microhood,,land,Werthplatz,,True,True,6.037759780883789,50.63169479370117,6.039682388305664,50.632896423339844,cc90c427-f724-4a2e-8010-7294115e08cd
f060e49f-00d7-4596-8882-2873f48cb3ed,BE,BE-WAL,locality,,land,Flémalle,"[[""fr"", ""Flémalle""], [""ru"", ""Флемаль""], [""wa"", ""Flémåle""]]",True,True,5.38045072555542,50.55707550048828,5.489041328430176,50.62937545776367,1b3e6aa9-73c3-41dc-9781-867d859e0906
9b01c580-ab56-43bb-b132-50824f4e9dd5,BE,BE-WAL,microhood,,land,Place du Chanoine Dethy,,True,True,5.022247791290283,50.371543884277344,5.022799968719482,50.371803283691406,2bdc45cd-fb3d-4019-9b1c-11711a13ed54
348af8df-3414-4729-8109-64aca83d5e6e,BE,BE-WAL,locality,,land,Ortho,"[[""ru"", ""Орто""]]",True,True,5.579570770263672,50.0898551940918,5.679133415222168,50.17353820800781,5258e150-2c64-4523-b662-84047858e1b3
427263cc-2b96-4a4f-808f-3916ac49d4c2,BE,BE-WAL,locality,,land,Rochefort,"[[""fr"", ""Rochefort""], [""wa"", ""Rotchfoirt""], [""nl"", ""Rochefort""], [""ru"", ""Рошфор""]]",True,True,5.055309772491455,50.093448638916016,5.284003734588623,50.238277435302734,40e43bd3-5eb0-4666-9961-bb87223fd9e4
5f315058-7e4b-48e7-944e-95ad437409c4,BE,BE-WAL,locality,,land,Seraing-le-Château,"[[""fr"", ""Seraing-le-Château""], [""wa"", ""Serè-l'-Tchestea""]]",True,True,5.269400596618652,50.6070442199707,5.30848503112793,50.63716506958008,38a6d9e5-1f39-4cd9-9153-43f59ffa55ee
c0da6bd8-778d-4bc6-89b2-62d25ab89db6,BE,BE-WAL,locality,,land,La Roche-en-Ardenne,"[[""fr"", ""La Roche-en-Ardenne""], [""la"", ""Rupes Ardennae""], [""de"", ""Fels in den Ardennen""], [""ru"", ""Ла-Рош-ан-Арден""]]",True,True,5.459629058837891,50.0898551940918,5.744326114654541,50.230621337890625,c85925af-6bdc-44fa-9fed-55f8977d3ec2
9e9df72b-5786-4687-a286-0919a8137ea8,BE,BE-WAL,locality,,land,Thimister-Clermont,"[[""fr"", ""Thimister-Clermont""], [""wa"", ""Timister-Clairmont""]]",True,True,5.825039386749268,50.626468658447266,5.918808937072754,50.698265075683594,51798981-95c7-45ec-94a8-b74dbc597c19
1928bcbb-ace4-4a94-a551-0a608d996d47,BE,BE-WAL,locality,,land,Terwagne,"[[""ru"", ""Тервань""]]",True,True,5.327879428863525,50.433815002441406,5.378304958343506,50.461463928222656,e50d44f3-6150-481e-8dc5-48a3e8fa713d
f4358e9f-3c12-4d2a-9207-d58aa599fe01,BE,BE-WAL,locality,,land,Ciergnon,"[[""wa"", ""Ciergnon""]]",True,True,5.042507648468018,50.16259002685547,5.119893550872803,50.20168685913086,eb06a6b3-b739-4c43-ae83-afaa6b63233b
1d3fea28-4dcc-4371-91ea-57e8e2f1e6e1,BE,BE-WAL,microhood,,land,Place du Centenaire,,True,True,5.002424240112305,50.57448959350586,5.002687931060791,50.57470703125,8ae7f2fd-376f-4d07-a44b-2e9f543e4bac
af39f369-e827-416b-83c3-0fdd2e2932c7,BE,BE-WAL,locality,,land,Aywaille,"[[""fr"", ""Aywaille""], [""wa"", ""Aiwêye""], [""la"", ""Aqualia loca""], [""ru"", ""Эвай""]]",True,True,5.623782157897949,50.39549255371094,5.793222427368164,50.52128982543945,abe38aed-b1be-494f-b98d-2c5a97ce9159
65e72aa7-5289-4a6f-9662-6ea6ba1a1535,BE,BE-WAL,locality,,land,Havelange,"[[""fr"", ""Havelange""], [""wa"", ""Havlondje""], [""nl"", ""Havelange""], [""ru"", ""Авланж""]]",True,True,5.1299729347229,50.294071197509766,5.363184452056885,50.41728591918945,694de5fd-4788-4aa7-a353-5101f2f6c11e
2087cdf9-0199-4f91-8b46-7585aee2cf45,BE,BE-WAL,locality,,land,Bra,"[[""ru"", ""Бра""]]",True,True,5.702822208404541,50.301185607910156,5.795920372009277,50.36470413208008,bdb6d1d8-3873-483e-a7f9-933307b35b8b
32c2aa1c-8244-47e3-9e3d-1225a2b48aa0,BE,BE-WAL,locality,,land,Houffalize,"[[""fr"", ""Houffalize""], [""de"", ""Hohenfels""]]",True,True,5.651890277862549,50.061607360839844,5.895514488220215,50.23613357543945,0aa4a211-407c-4754-a3e4-0e6b8284e226
c0e1a477-701d-49fd-ab34-6869ab823b88,BE,BE-WAL,locality,,land,Bierwart,"[[""fr"", ""Bierwart""], [""nl"", ""Bierwart""], [""ru"", ""Бьервар""], [""wa"", ""Bierwåd""]]",True,True,5.0209736824035645,50.53183364868164,5.05433988571167,50.57463455200195,d503550e-74ec-4fd5-846f-ffaa97377e20
db308cd3-7515-4623-8f4b-990083f979e5,BE,BE-WAL,locality,,land,Villers-le-Bouillet,"[[""fr"", ""Villers-le-Bouillet""], [""wa"", ""Viyé-l'Boulet""]]",True,True,5.189611434936523,50.55133056640625,5.297298431396484,50.62975311279297,89d02653-1a45-45db-b51f-246c171165e0
a4f60c78-ffc3-48c1-ba5f-0abf3292f628,BE,BE-WAL,locality,,land,Fléron,"[[""fr"", ""Fléron""], [""ru"", ""Флерон""], [""wa"", ""Fléron""]]",True,True,5.644137382507324,50.5899772644043,5.714923858642578,50.644920349121094,4b42c5da-08a0-45e0-a807-c15f53d30e59
bbd6fae8-deaa-45dd-9b38-df418e37834d,BE,BE-WAL,locality,,land,Montleban,"[[""fr"", ""Montleban""], [""de"", ""Mauer""], [""ru"", ""Монлебан""]]",True,True,5.788093566894531,50.17372512817383,5.880331516265869,50.239994049072266,0b7f3ece-091d-4fad-b885-6e3aeac6fa81
21847612-5dbd-499d-86f5-636a5dd680bd,BE,BE-WAL,locality,,land,Ellemelle,,True,True,5.423752784729004,50.45903396606445,5.464110851287842,50.482757568359375,1de6d200-76be-44e8-b1f4-172c89272ecc
473a5d20-2645-4384-a74a-c5f0b49249b9,BE,BE-WAL,locality,,land,Folx-les-Caves,,True,True,4.9194183349609375,50.642295837402344,4.956156253814697,50.6682243347168,a6d153e7-26c1-41ef-b0ed-bb091599968b
a6ee6486-67ff-43e4-b201-bda38f524d57,BE,BE-WAL,locality,,land,Roloux,,True,True,5.372828483581543,50.639183044433594,5.411156177520752,50.6573486328125,035ce87b-9a92-452f-b57e-1b8cf0bd0eb1
eca59c62-b559-4871-a23e-d6111c35ba6c,BE,BE-WAL,microhood,,land,Place Saint-Étienne,,True,True,5.573512554168701,50.643306732177734,5.574447154998779,50.643943786621094,b945e1d2-0e82-4a8d-8d40-d30dfc681493
2d1d6a97-796e-4c41-aaad-11f83688e177,BE,BE-WAL,locality,,land,Jeneffe,"[[""nl"", ""Jeneffe""], [""ru"", ""Женеф""], [""wa"", ""Gngnefe""]]",True,True,5.206493377685547,50.34266662597656,5.260265350341797,50.362369537353516,37e473bd-24fb-461a-9c13-557fda44d313
de7e3753-e10c-4e48-b438-0987c0a472ee,BE,BE-WAL,locality,,land,Lavacherie,"[[""ru"", ""Лавашри""]]",True,True,5.414796352386475,50.02296829223633,5.542261600494385,50.07772445678711,8ad44ff1-2b1b-4ad7-b8d5-86bda9f7bcda
1f4d1ccb-b6ea-4eee-88e3-2dae0c19a24a,BE,BE-WAL,locality,,land,Sorinne-la-Longue,"[[""ru"", ""Сорин-ла-Лонг""], [""wa"", ""Sorene""]]",True,True,5.003640174865723,50.378570556640625,5.0460124015808105,50.401947021484375,fad13db5-b0c3-47d7-90d4-02b9b84ecbc4
f9be3bb5-db67-4202-a6ce-fc22a145ea8b,BE,BE-WAL,locality,,land,Harre,"[[""ru"", ""Ар""]]",True,True,5.587625503540039,50.33433532714844,5.695955276489258,50.372047424316406,4264d0b5-8f38-47c3-b004-8c58dc087af6
77026d05-c949-4daf-bed6-0308f51a8a33,BE,BE-WAL,locality,,land,Bonsin,"[[""nl"", ""Bonsin""]]",True,True,5.34645414352417,50.3500862121582,5.402670860290527,50.38837432861328,a7ac7101-75a6-47c3-8374-bd608f36c606
6525c2c8-c1ba-4550-903c-b96d1c7eee0f,BE,BE-WAL,microhood,,land,Denkmalplatz,,True,True,6.1115570068359375,50.676063537597656,6.112333297729492,50.67667770385742,5e8d6443-ce18-40cc-a210-5a2eaf36b8f7
4347da54-8f13-47dd-b8f6-969954074e13,BE,BE-WAL,locality,,land,Nassogne,"[[""fr"", ""Nassogne""], [""la"", ""Nassonia""], [""zh"", ""纳索涅""], [""ru"", ""Насонь""]]",True,True,5.242234230041504,50.078514099121094,5.466563701629639,50.19984436035156,2576d91c-3f9b-4652-9086-49a42dd1baea
6a89adb9-e1c0-49ea-adc2-de07661a6b8b,BE,BE-WAL,microhood,,land,Platz des Parlaments,,True,True,6.044112205505371,50.62421798706055,6.0446367263793945,50.62459182739258,7b374734-7ae8-4382-8828-a8fc83c73cfa
20042e5e-d049-4f4b-8b75-489659783f14,BE,BE-WAL,locality,,land,Vencimont,"[[""wa"", ""Vencîmont""]]",True,True,4.891018390655518,50.023441314697266,4.965551853179932,50.05165100097656,e9c8a1a3-2690-4750-bd4f-de0b9c4bdb64
ab3b1796-5272-46f1-bb42-e9d2d7b090df,BE,BE-WAL,locality,,land,Wiesme,"[[""wa"", ""Vieme-dilé-Biarin""]]",True,True,4.9538655281066895,50.1317024230957,5.007382869720459,50.15745162963867,dd52c8fd-627e-4773-a35b-1857da91ad3a
89092f87-bee0-4e7a-82e1-bf39775ef363,BE,BE-WAL,locality,,land,Focant,"[[""ru"", ""Фокан""], [""wa"", ""Focan""]]",True,True,5.007443904876709,50.10809326171875,5.080810070037842,50.14560317993164,a4189a12-d155-44df-9cb2-0027661bc783
b962e1ee-979f-4ef0-a0b6-dd532ebbf396,BE,BE-WAL,locality,,land,Namêche,"[[""nl"", ""Namêche""], [""ru"", ""Намеш""], [""wa"", ""Nametche""]]",True,True,4.975007057189941,50.46823501586914,5.015906810760498,50.499759674072266,9007368a-3b42-4083-b202-b6be4a8457b1
09febcc5-5d39-4aa0-8b56-d226be0ef77f,BE,BE-WAL,locality,,land,Bressoux,,True,True,5.591507911682129,50.63042449951172,5.616793155670166,50.64720916748047,986c2462-9cb6-417e-b29c-3b7f8939e7ea
237bd77b-209d-48ae-a0a0-0ed0242fd4a6,BE,BE-WAL,locality,,land,Lambermont,,True,True,5.820298671722412,50.577938079833984,5.849194526672363,50.60553741455078,c916b6e7-4b38-4b83-ab58-849fc5924553
de70cf1c-5927-4036-ad15-4ae3f4520854,BE,BE-WAL,locality,,land,Wierde,"[[""fr"", ""Wierde""], [""wa"", ""Wiete""]]",True,True,4.901485919952393,50.409671783447266,4.976600646972656,50.44795608520508,5f9ce086-db34-4020-94a3-4d3e0858a93a
5dde93b3-201b-4d03-b8b4-077e711799e5,BE,BE-WAL,locality,,land,Courrière,"[[""wa"", ""Côrire""]]",True,True,4.966474533081055,50.366939544677734,5.033409595489502,50.41729736328125,9865bc76-2228-4b33-ac5f-52305952fa6e
fa26ea66-3424-4c9c-96bd-ad6ed4950b3e,BE,BE-WAL,locality,,land,Tavigny,"[[""ru"", ""Тавиньи""]]",True,True,5.788721561431885,50.061607360839844,5.895514488220215,50.144535064697266,4018a303-405b-4e89-b3c1-b4faedc2dac7
411ef04b-4175-4b26-a0d2-79d96f3253bd,BE,BE-WAL,locality,,land,Tenneville,"[[""ru"", ""Тенвиль""]]",True,True,5.39024019241333,50.047794342041016,5.59734582901001,50.15146255493164,bd08b6c4-23f5-4dbb-9cd1-e0b2c008c9bb
bc57ccfe-da75-4afd-8ef6-164e43ef2f0c,BE,BE-WAL,locality,,land,Champion,"[[""fr"", ""Champion""], [""nl"", ""Champion""], [""ru"", ""Шампьон""], [""wa"", ""Tchampion""]]",True,True,4.886717796325684,50.48561096191406,4.92808723449707,50.510948181152344,2f9b52dc-ceb8-4fa0-8566-25d80d23c6c8
4c94a3d9-f64d-4c0d-88a6-f1aec7188b1b,BE,BE-WAL,microhood,,land,Place du Souvenir,,True,True,5.240847587585449,50.38768768310547,5.241315841674805,50.38800048828125,d54d46e3-6350-47bb-8426-d62f931eb075
60778c6e-27f8-43dc-8ab5-ee725bf02720,BE,BE-WAL,locality,,land,Odeigne,"[[""ru"", ""Одень""]]",True,True,5.63961935043335,50.230613708496094,5.726173400878906,50.280601501464844,a1bfad68-e75a-4765-99f9-40ac5d44227a
8e23ca1d-5f20-4a33-9ccf-2ae04dfc450a,BE,BE-WAL,locality,,land,Évrehailles,"[[""wa"", ""Baye""]]",True,True,4.895599365234375,50.299354553222656,4.949686527252197,50.3427619934082,1256e863-09c4-4f3f-9287-0763c2e76ef5
c804f155-ad7d-4074-972e-284e161f56aa,BE,BE-WAL,locality,,land,Han-sur-Lesse,"[[""lb"", ""Han-sur-Lesse""], [""nl"", ""Han-sur-Lesse""], [""de"", ""Han-sur-Lesse""], [""ru"", ""Ан-сюр-Лес""], [""en"", ""Han-sur-Lesse""], [""wa"", ""Han-so-Lesse""]]",True,True,5.167809009552002,50.11101150512695,5.225498676300049,50.14223861694336,8bcbc795-8f10-44c0-b7d1-d01857cac7ce
7efeaebd-3a4e-4ecd-8cec-95271e7f0196,BE,BE-WAL,microhood,,land,Val-Benoît,,True,True,5.572572708129883,50.61227035522461,5.577314376831055,50.61674880981445,c452b641-72ab-4a9c-ab72-0465cc6ec8ba
f186fa5b-584c-49b9-9a92-e0e162fde375,BE,BE-WAL,microhood,,land,Outremeuse,,True,True,5.577749729156494,50.63699722290039,5.60158109664917,50.648414611816406,bdc4f905-3d0f-4ffd-b33d-7ded6d30c212
9581852d-1e84-48e2-9956-1081f426fada,BE,BE-WAL,locality,,land,Malvoisin,"[[""wa"", ""Måvjhén""]]",True,True,4.946537017822266,50.00870132446289,4.990891456604004,50.029754638671875,238f952b-8f93-4d2c-becb-fbb9e0c9ac17
f9299f7a-6c31-4d68-b706-3b4c8e7a58dc,BE,BE-WAL,locality,,land,Bévercé,"[[""fr"", ""Bévercé""], [""de"", ""Wywertz""], [""ru"", ""Беверсе""]]",True,True,5.969648838043213,50.39239501953125,6.09835958480835,50.51904296875,b1027722-55ef-4b66-b892-91a192de604c
ea42ca54-9402-4c67-9bb0-9fbfc753f74a,BE,BE-WAL,locality,,land,Wansin,"[[""ru"", ""Вансен""]]",True,True,4.996514797210693,50.65582275390625,5.025813579559326,50.68796920776367,c399d27d-1899-4d80-8ef2-8cfcb7f7ec2e
87a60b60-57e7-44bb-b3f0-e3b8753fca11,BE,BE-WAL,locality,,land,Celles,"[[""ru"", ""Сель""], [""wa"", ""Cele-dilé-Dinant""]]",True,True,4.954524993896484,50.194862365722656,5.055481433868408,50.25138854980469,8117769d-fb7f-4dcf-b002-5ec9e87bcd15
a94897c3-d79d-414e-8738-e27550482f26,BE,BE-WAL,locality,,land,Tilff,"[[""fr"", ""Tilff""], [""wa"", ""Tif""], [""ru"", ""Тильф""]]",True,True,5.566990852355957,50.541996002197266,5.6166815757751465,50.58106231689453,08ce80c2-d3a5-4052-96fb-de143e43650c
911f66b2-a660-4bb2-aa67-a4b02beadc4f,BE,BE-WAL,locality,,land,Tihange,"[[""ru"", ""Тианж""]]",True,True,5.246460914611816,50.498661041259766,5.3237528800964355,50.53833770751953,47a7da16-bb66-42a4-8631-95e0a4683458
5852857d-908d-4145-8bac-d236e48f3ccc,BE,BE-WAL,locality,,land,Aineffe,,True,True,5.245782375335693,50.61574172973633,5.277469635009766,50.635047912597656,aca5c007-1975-49c7-a5f2-18dfbca46deb
4fd3a9c6-dfe5-43e5-9a68-1968b1bcd9e6,BE,BE-WAL,neighborhood,,land,Habitat groupé Pa-d'zo l'Haye,,True,True,4.982968330383301,50.33452224731445,4.984493732452393,50.33549118041992,fe9a0d06-4ec4-40af-add6-7bcd1b6562e1
f8742c72-0dbc-43d8-9132-89acda03d4f7,BE,BE-WAL,locality,,land,Olne,"[[""fr"", ""Olne""], [""wa"", ""Ôn""], [""ru"", ""Ольн""]]",True,True,5.693047046661377,50.56359100341797,5.771953105926514,50.61040115356445,df04eece-a73d-46ff-b2d3-73064b3c6223
54d2a7dd-64fe-406a-9552-1763a3fedb26,BE,BE-WAL,microhood,,land,Place Gilles Gérard,,True,True,5.5840535163879395,50.67251205444336,5.585417747497559,50.67304992675781,536282ed-1315-4ded-be45-45eec7bd7b98
2ba6f9cb-e932-47a6-9beb-148c6952a060,BE,BE-WAL,locality,,land,Grandhan,"[[""ru"", ""Грандан""]]",True,True,5.341701507568359,50.30354309082031,5.466116428375244,50.34993362426758,e392577a-5f75-4ff2-899e-932343558774
156b61d8-93d1-48d6-9204-eb4506dbeb95,BE,BE-WAL,locality,,land,Fexhe-le-Haut-Clocher,"[[""fr"", ""Fexhe-le-Haut-Clocher""], [""wa"", ""Fexhe-å-Hôt-Clokî""]]",True,True,5.34839391708374,50.639183044433594,5.440767288208008,50.691802978515625,50108e48-578b-4aa9-9174-84d3b5c93bb9
a7bf44a3-337a-4407-9047-d2cc3fa5d7e2,BE,BE-WAL,locality,,land,Goesnes,"[[""nl"", ""Goesnes""], [""ru"", ""Гён""], [""wa"", ""Gône""]]",True,True,5.189948081970215,50.433204650878906,5.236795425415039,50.47892761230469,b2e85e2f-f6a3-4143-b6bd-543af95d9035
f4c0d6c9-7f00-40a8-b9af-d7c0a604f2ee,BE,BE-WAL,locality,,land,Amonines,,True,True,5.531157493591309,50.24692916870117,5.611310005187988,50.288238525390625,50165b2e-b9c8-4e20-b040-346d61c4d315
6ad2e295-310f-4924-b6a4-9608c4e04c78,BE,BE-WAL,locality,,land,Yvoir,"[[""fr"", ""Yvoir""], [""wa"", ""Uwar""], [""ru"", ""Ивуар""]]",True,True,4.853744983673096,50.28089904785156,5.024738311767578,50.36409378051758,10b9c563-9710-4f43-a54c-24418aa89b29
a2ceb287-8c70-4f9c-9079-196e0dcaec1b,BE,BE-WAL,locality,,land,Barvaux,"[[""ru"", ""Барво""]]",True,True,5.462263107299805,50.32172393798828,5.522267818450928,50.3754768371582,fb436882-4f9c-4a7a-99c5-045dfb922295
6e3ee541-949b-41c7-9a64-95c7b8f42263,BE,BE-WAL,locality,,land,Ancienne Ferme Baquelaine,,True,True,4.959726333618164,50.5928955078125,4.960771560668945,50.5934944152832,f166d030-5cbd-4d92-b543-8988d4e6f196
c27a414a-a8a0-4b9b-abaf-b659bda524de,BE,BE-WAL,locality,,land,Manderfeld,"[[""ru"", ""Мандерфельд""]]",True,True,6.26703405380249,50.305179595947266,6.408097743988037,50.40689468383789,f81dd18d-9e56-4d29-8645-1d18a7060ae6
d37ac399-937e-4a74-982c-ba8edbd4bb1d,BE,BE-WAL,locality,,land,Ayeneux,"[[""fr"", ""Ayeneux""], [""wa"", ""Åyneu""]]",True,True,5.692424297332764,50.60060119628906,5.741396427154541,50.61812973022461,02d5849e-ac75-43f8-b7d7-abf2c6d42813
da645c1b-e46c-47be-8839-6aa2e3c9c9ee,BE,BE-WAL,locality,,land,Robertville,"[[""de"", ""In der Bivelt""], [""fr"", ""Robertville""], [""ru"", ""Робервиль""], [""wa"", ""Li Rbiveye""]]",True,True,6.063018321990967,50.441532135009766,6.198829650878906,50.57042694091797,8ce26304-5424-4091-96b4-0cab13d6b4c8
648e9cbf-8a10-4cb0-8897-cb59ddcb8962,BE,BE-WAL,locality,,land,Flône,"[[""ru"", ""Флон""]]",True,True,5.3290181159973145,50.55431365966797,5.350225925445557,50.576541900634766,c0c197ec-d4f2-4c1d-a93c-f1fbae196428
8a08cb9b-af83-43d2-8511-723fe12a9847,BE,BE-WAL,locality,,land,Wibrin,"[[""ru"", ""Вибрен""]]",True,True,5.682645797729492,50.13290786743164,5.755624294281006,50.202186584472656,ad2af899-2052-4c69-97c1-752e0f1eae3f
8637f5a0-4877-431d-ae00-84d7d9be058c,BE,BE-WAL,microhood,,land,Espace Tivoli,,True,True,5.574016571044922,50.64518356323242,5.575230121612549,50.645870208740234,10edb2f5-ae66-4723-aba4-fdd5f6630838
fa26c21d-88ce-4486-af1c-6369637898b4,BE,BE-WAL,microhood,,land,Amercœur,,True,True,5.587560653686523,50.62998580932617,5.605447292327881,50.642539978027344,f52dd91d-0261-4faf-8944-57dfe841aafc
9191cb65-0899-4ef2-a976-5deee596ed80,BE,BE-WAL,microhood,,land,Place de la Libération,,True,True,5.604677677154541,50.64698791503906,5.60653829574585,50.64789962768555,d1cf7c85-cd16-4d83-8548-dcb369c525c0
0df57dc7-0ab2-46a3-9242-20acf5dc11dd,BE,BE-WAL,locality,,land,Awenne,"[[""ru"", ""Авен""]]",True,True,5.2872395515441895,50.05589294433594,5.346377372741699,50.094669342041016,752c56a3-99d6-40fc-aa8d-a063ebcebc64
870a1af8-9b6c-4d8b-91ea-1aa44aa367b4,BE,BE-WAL,locality,,land,Rouvreux,"[[""fr"", ""Rouvreux""], [""wa"", ""Rovreu""], [""ru"", ""Руврё""]]",True,True,5.6314802169799805,50.47639083862305,5.705014705657959,50.50239944458008,aa7a453f-20db-431c-9feb-3042227da04d
0c34fd80-8326-46c2-b9af-2eeef408f35a,BE,BE-WAL,microhood,,land,Marktplatz,,True,True,6.030889987945557,50.630306243896484,6.032027244567871,50.63087463378906,867e8eae-2a49-44a0-9ac1-65d2380691f0
c6ef75a1-cfe6-461c-8d58-ecd13f79a03f,BE,BE-WAL,locality,,land,Retinne,"[[""fr"", ""Retinne""], [""wa"", ""Ritene""]]",True,True,5.681797027587891,50.608463287353516,5.714923858642578,50.644920349121094,2cad25f7-68ba-4ad6-b167-c8127b19177c
fb69978c-1ada-46f1-b41a-f0815ec0278c,BE,BE-WAL,locality,,land,Marche-les-Dames,"[[""fr"", ""Marche-les-Dames""], [""ru"", ""Марш-ле-Дам""], [""wa"", ""Måtche-les-Dames""]]",True,True,4.93526029586792,50.47719192504883,4.984357833862305,50.50557327270508,a8ea2642-c085-4c84-9a02-b3c544ccd5fc
6f2d4270-474e-4deb-9560-7121113f5317,BE,BE-WAL,locality,,land,Vinalmont,"[[""ru"", ""Винальмон""]]",True,True,5.186162948608398,50.54988479614258,5.258467674255371,50.582618713378906,6552704d-61a5-4634-bda3-3c38271abd9f
001e25fa-b9ac-4d1b-9c12-7e7554c2938c,BE,BE-WAL,locality,,land,Amay,"[[""fr"", ""Amay""], [""wa"", ""Ama""], [""ru"", ""Аме""]]",True,True,5.2618913650512695,50.516300201416016,5.350225925445557,50.59187316894531,d28f4f9e-4130-4ed0-857a-a05a3de9fa65
59f0a45f-6cd4-4735-85aa-17371e9ba701,BE,BE-WAL,locality,,land,Durbuy,"[[""ba"", ""Дюрбюи""], [""fr"", ""Durbuy""], [""mdf"", ""Дюрбюи""], [""uk"", ""Дюрбюї""], [""la"", ""Durbetum""], [""zh-Hans"", ""迪尔比""], [""bg"", ""Дюрбюи""], [""ko"", ""뒤르비""], [""ru"", ""Дюрбюи""], [""zh-Hant"", ""迪爾比""], [""wa"", ""Derbu""], [""ja"", ""デュルビュイ""], [""lt"", ""Diurbiuji""], [""fa"", ""دوربی""]]",True,True,5.341701507568359,50.29898452758789,5.63730001449585,50.43061447143555,24166086-387c-4e71-8aad-057909f10144
7ae203eb-19b1-48ba-ba6b-7699b67e85b2,BE,BE-WAL,locality,,land,Miécret,"[[""nl"", ""Miécret""], [""wa"", ""Miyecret""]]",True,True,5.202091217041016,50.354923248291016,5.2709550857543945,50.383304595947266,715ce11c-fd3f-4e60-8433-65d214a49c22
f553a919-e594-44d9-83c0-c5985d6d9623,BE,BE-WAL,locality,,land,Romsée,"[[""fr"", ""Romsée""], [""ru"", ""Ронсе""], [""wa"", ""Roumzêye""]]",True,True,5.644137382507324,50.592185974121094,5.685079574584961,50.61589431762695,c40479b3-6854-4e73-b008-9bbb75da21fa
462f224e-d401-4b7c-86e3-a0592cb627bc,BE,BE-WAL,locality,,land,Assesse,"[[""ru"", ""Асес""], [""wa"", ""Assesse""]]",True,True,4.895834445953369,50.33295440673828,5.100902080535889,50.41850662231445,f3755c50-72ba-445d-92b2-b13a57a4fc5c
e93656ae-a10b-4fa1-8cdd-2377a445fb74,BE,BE-WAL,locality,,land,Gelbressée,"[[""fr"", ""Gelbressée""], [""ru"", ""Жельбресе""], [""wa"", ""Djerbussêye""]]",True,True,4.937740802764893,50.500553131103516,4.973597526550293,50.52259063720703,ac2b1f15-b2ac-492b-a422-53042ac33331
05c48073-87ce-4d03-8fba-5240bc468cbb,BE,BE-WAL,locality,,land,Erneuville,"[[""ru"", ""Эрнёвиль""]]",True,True,5.490630626678467,50.07994842529297,5.59734582901001,50.140342712402344,c6a96648-0880-4159-aba9-64670116be71
1a0487b9-d62a-49ac-b2b1-887dac2be259,BE,BE-WAL,microhood,,land,Place de la Roulette,,True,True,4.9589009284973145,50.68063735961914,4.959404945373535,50.68102264404297,78729669-a1ef-4f09-91f8-92db27093631
bda3489e-a7f0-4d79-ab02-2b3840a2b326,BE,BE-WAL,locality,,land,Bure,,True,True,5.226655960083008,50.05012893676758,5.291524410247803,50.11019515991211,e2f0f959-9164-40e3-8215-d02ad5ea19fd
aa35b140-f6b1-4c2b-9b7b-7cc16a661c58,BE,BE-WAL,locality,,land,Vaux-et-Borset,,True,True,5.21043586730957,50.600929260253906,5.260639190673828,50.62483596801758,dccc93c7-0685-4527-826c-b34190217626
3670b015-0696-4d05-9ced-dd5788858357,BE,BE-WAL,locality,,land,Verviers,"[[""fr"", ""Verviers""], [""la"", ""Vervia""], [""ml"", ""വെർവിയെ""], [""wa"", ""Vervî""], [""lt"", ""Vervjė""]]",True,True,5.813016414642334,50.54925537109375,5.925531387329102,50.62596130371094,996cea7c-e81d-43ab-8112-05ec48f1a51a
0c4e799d-7a50-48f3-b156-25f5df6c2f7f,BE,BE-WAL,localadmin,,land,Verviers,"[[""fr"", ""Verviers""], [""ru"", ""Вервье""], [""wa"", ""Vervî""]]",True,True,5.670160293579102,50.129478454589844,6.408097743988037,50.762481689453125,e715de13-ece3-49a0-aea2-2ad90e503b69
358a6843-b993-4712-8f78-1c07aa8e0fe6,BE,BE-WAL,locality,,land,Bas-Oha,"[[""ru"", ""Баз-Оа""]]",True,True,5.138706684112549,50.508567810058594,5.204352378845215,50.53953170776367,ce6d1d5e-ce50-4d90-81b8-635b47c61967
19f3409a-2f68-4d8f-b910-0fee59daa35b,BE,BE-WAL,locality,,land,Pailhe,"[[""ru"", ""Пай""]]",True,True,5.221103191375732,50.400291442871094,5.2905964851379395,50.43755340576172,40ddf95b-73b8-4383-88f9-9abfdf6dad66
8ac94d46-1909-411b-9327-5b8604185487,BE,BE-WAL,locality,,land,Ampsin,,True,True,5.2618913650512695,50.53232192993164,5.303797721862793,50.56312561035156,f5703ef5-6bbf-4743-b0b0-5d466bd739d5
445a1e2f-ee25-4d3e-b099-54f17227e3d2,BE,BE-WAL,locality,,land,Jemelle,"[[""pcd"", ""Djimèle""], [""lb"", ""Jemelle""], [""nl"", ""Jemelle""], [""de"", ""Jemelle""], [""ru"", ""Жемель""], [""wa"", ""Djimele""]]",True,True,5.230653762817383,50.134193420410156,5.284003734588623,50.17487716674805,5eb63663-7c7d-459f-ad77-4f45c0fd70cf
ad3f045b-a544-4410-b8b0-611ecfb7842a,BE,BE-WAL,locality,,land,Grand-Rechain,,True,True,5.788613796234131,50.596981048583984,5.826934337615967,50.61674118041992,52c4c9ca-283a-4345-b1ef-1f2e6df9a2af
1d6a890b-e83b-41f2-965b-8c151bc67657,BE,BE-WAL,locality,,land,Crupet,"[[""ru"", ""Крюпе""], [""wa"", ""Crupet""]]",True,True,4.905954360961914,50.33723068237305,4.999116897583008,50.36914825439453,b2a4f162-38dc-4caa-b0b4-059247ae5fe9
27cee493-5229-4519-b9ad-1c01b837e980,BE,BE-WAL,locality,,land,Grand-Halleux,"[[""ru"", ""Гранд-Аллё""]]",True,True,5.850287914276123,50.30194854736328,5.980618476867676,50.34830093383789,d2cb2607-edd9-445f-ac42-03c05b82170f
ea8b37e3-69fc-48bb-8f82-4e5d70148520,BE,BE-WAL,locality,,land,Marenne,"[[""ru"", ""Марен""]]",True,True,5.371801376342773,50.22330856323242,5.439781665802002,50.263587951660156,235da4b8-8f7c-4ced-9872-699b70e368a0
0340cdcc-270d-4ba2-90a0-0ae719a17127,BE,BE-WAL,locality,,land,Chênée,"[[""ru"", ""Шене""]]",True,True,5.606432914733887,50.599544525146484,5.641652584075928,50.62539291381836,6ea3cde3-71e6-4095-99c4-5264c6252380
5149b36c-b71e-433b-a07e-323dbbcfac04,BE,BE-WAL,locality,,land,Flémalle-Haute,"[[""fr"", ""Flémalle-Haute""], [""ru"", ""Флемаль-От""], [""wa"", ""Li Hôte Flémåle""]]",True,True,5.435417652130127,50.59160614013672,5.483553409576416,50.61452102661133,7e97270a-1a4a-4563-bf84-c0f23e629369
c01c3db9-6bd6-4951-8569-c6a92d43febd,BE,BE-WAL,locality,,land,Omal,,True,True,5.17956018447876,50.643348693847656,5.21452522277832,50.66604232788086,fa7cd4bf-02cd-4933-ade3-07460c20d5aa
d87ee3e3-286c-4879-a05e-0a616d6aec17,BE,BE-WAL,locality,,land,Bolinne,"[[""nl"", ""Bolinne""], [""wa"", ""Bolene""]]",True,True,4.900704383850098,50.58743667602539,4.949137210845947,50.61445999145508,22c5024a-4385-46cf-8249-4237bc6dc60b
56937d58-34ad-4257-a44a-86c826181979,BE,BE-WAL,locality,,land,Nessonvaux,"[[""fr"", ""Nessonvaux""], [""ru"", ""Несонво""], [""wa"", ""Nessonvå""]]",True,True,5.729025840759277,50.57041931152344,5.7515764236450195,50.587520599365234,dd68453a-c961-40b9-857f-a00170edfa68
d06ec7e2-4618-46ac-96a6-f7767c3f1378,BE,BE-WAL,locality,,land,Cerexhe-Heuseux,"[[""fr"", ""Cerexhe-Heuseux""], [""wa"", ""Cerexhe-Heuzeu""]]",True,True,5.703813076019287,50.638450622558594,5.742758750915527,50.66653060913086,3e9e1b8a-11f0-4485-a166-a593e6a9e05d
3d2c327f-3d12-4f62-ab64-909396801b79,BE,BE-WAL,locality,,land,Schaltin,"[[""nl"", ""Schaltin""], [""ru"", ""Шальтен""], [""wa"", ""Chaltin""]]",True,True,5.092100143432617,50.34567642211914,5.149177551269531,50.383514404296875,3081c16d-e743-4bff-826d-80d54e8541dd
2a3212e6-b120-4d1e-8290-cecf968429b6,BE,BE-WAL,locality,,land,Faulx-Les Tombes,"[[""fr"", ""Faulx-Les Tombes""], [""ru"", ""Фо-ле-Томб""], [""wa"", ""Få""]]",True,True,4.9716081619262695,50.40682601928711,5.046576976776123,50.45078659057617,da2b5355-f6a2-475a-aec8-bdff5c8b33c4
166eec70-a421-454c-a8c7-11a429d7f75d,BE,BE-WAL,locality,,land,Barchon,,True,True,5.681779861450195,50.654930114746094,5.713802814483643,50.67560577392578,a230333f-e56a-43db-8547-7272ea33406e
493199ef-8153-482a-9ff8-7478a445d015,BE,BE-WAL,locality,,land,Sprimont,"[[""fr"", ""Sprimont""], [""ru"", ""Спримон""]]",True,True,5.583331108093262,50.47639083862305,5.7632222175598145,50.555809020996094,e2129240-1e6b-451f-a22a-8f674b69886f
bbdab80a-2689-481b-9673-4d3998104c59,BE,BE-WAL,locality,,land,Micheroux,"[[""fr"", ""Micheroux""], [""ru"", ""Мишру""], [""wa"", ""Mitchroû""]]",True,True,5.707045078277588,50.61642837524414,5.7259297370910645,50.63578414916992,a86d7529-272f-4262-a28e-f9493e4b4d32
34247d18-cc8b-4350-9bab-d79386dac1c6,BE,BE-WAL,locality,,land,Hodister,"[[""ru"", ""Одистер""]]",True,True,5.452826976776123,50.163639068603516,5.550734519958496,50.21874237060547,ecf77e16-84c1-4faa-a3b8-5dd2776fd4db
10eb529d-9a11-4981-a4d6-9694ed40cf97,BE,BE-WAL,neighborhood,,land,Wallerode,,True,True,6.143688678741455,50.281673431396484,6.188935279846191,50.31100082397461,abc7dcb4-f609-4c69-aa54-d0c132e9969c
94df8d1d-76c5-40d1-a70c-4a26e1b2e2e8,BE,BE-WAL,locality,,land,Hamoir,"[[""fr"", ""Hamoir""], [""zh"", ""阿穆瓦尔""], [""ru"", ""Амуар""], [""wa"", ""Hamwer""]]",True,True,5.50472354888916,50.40729904174805,5.623082637786865,50.46497344970703,b1280c9a-d190-4bed-aa4e-0c0862253334
1ccf51ee-9b63-452c-89e6-bca3ceab7ab5,BE,BE-WAL,locality,,land,Sinsin,"[[""nl"", ""Sinsin""], [""ru"", ""Сенсен""]]",True,True,5.214269161224365,50.25340270996094,5.294091701507568,50.29484558105469,7b933e4a-c1fe-421f-9058-9b1ceac0b795
c64d6650-9fa7-4428-8c53-3f6903d3c852,BE,BE-WAL,locality,,land,Lomprez,,True,True,5.05938196182251,50.01598358154297,5.107455253601074,50.09493637084961,fb0ad834-ac4f-47f2-bee2-2ba165140aab
74934c61-257e-4ecd-b8f0-b01611c8e2ae,BE,BE-WAL,locality,,land,Naninne,"[[""ru"", ""Нанин""]]",True,True,4.905128479003906,50.394325256347656,4.9456706047058105,50.43456268310547,f541ea24-699a-4e13-8b74-b41728f61293
2f5449b4-d73c-4647-8896-bebcd9afeb0d,BE,BE-WAL,locality,,land,Montegnée,"[[""ru"", ""Монтенье""]]",True,True,5.506609916687012,50.62636184692383,5.535552501678467,50.65135955810547,fd1147ee-92d2-4538-bba7-f80ece34e11e
420453a3-8619-4e4b-ba41-43aa20aeb642,BE,BE-WAL,locality,,land,Longvilly,"[[""fr"", ""Longvilly""], [""de"", ""Lingsweiler""]]",True,True,5.768943786621094,50.006229400634766,5.8699259757995605,50.07524871826172,0817ad65-994c-4b12-a306-5aa83b22d6d8
88825026-2121-4a7c-b9ed-3a26d2acb0f4,BE,BE-WAL,locality,,land,Sovet,"[[""nl"", ""Sovet""], [""ru"", ""Сове""], [""wa"", ""Sovet""]]",True,True,5.002475261688232,50.28303909301758,5.071674823760986,50.34043884277344,3fca4324-433c-427f-bae0-a0b4863ed3f4
522ca37e-9efc-439e-8726-568da6e3a0a0,BE,BE-WAL,locality,,land,Bütgenbach,"[[""fr"", ""Butgenbach""], [""bg"", ""Бютгенбах""], [""de"", ""Bütgenbach""], [""ru"", ""Бютгенбах""], [""wa"", ""Bûtba""], [""fa"", ""بوتژانبک""], [""zh"", ""比辰巴赫""]]",True,True,6.1307244300842285,50.39381790161133,6.301888465881348,50.53112030029297,bfa2d70d-afc8-4bc7-9093-54a89551eb09
fb7e9b04-7764-4bff-9590-92ed65187f05,BE,BE-WAL,locality,,land,Herve,"[[""fr"", ""Herve""], [""li"", ""Herf""], [""la"", ""Harvia""], [""ru"", ""Эрв""], [""wa"", ""Heve""]]",True,True,5.730018138885498,50.59502410888672,5.860739707946777,50.703399658203125,2184f839-8650-409e-bc5d-1b1e776c1bf5
0533bdaa-1391-4797-95f5-c4fb0e942392,BE,BE-WAL,locality,,land,Martouzin-Neuville,"[[""wa"", ""Martoujin""]]",True,True,4.987056732177734,50.10898208618164,5.025824546813965,50.14524841308594,566afe49-78b2-4b74-97f0-96c5d20aad8f
eec7d752-5477-49a3-b985-f610e61db699,BE,BE-WAL,locality,,land,Couthuin,"[[""ru"", ""Кутюэн""]]",True,True,5.090035438537598,50.50350570678711,5.172475814819336,50.5452766418457,1b318767-2f26-4f3b-becd-65947a0ec3ab
f4b6f47a-42a8-4b93-a8a8-d7add0c5179b,BE,BE-WAL,microhood,,land,Place Simon Gathoye,,True,True,5.859712600708008,50.598915100097656,5.8603081703186035,50.59925079345703,0b11c8a6-c02e-40fa-a6d5-7a21bd729116
87cc07c7-a69d-4cdb-b649-004453ffa7b8,BE,BE-WAL,locality,,land,Érezée,"[[""fr"", ""Érezée""], [""wa"", ""Erezêye""], [""ru"", ""Эрзе""]]",True,True,5.441019535064697,50.24692916870117,5.654901504516602,50.342201232910156,3df75bea-bedf-4183-8e50-d4949bf8ccaa
23a5492f-6b08-489a-95c4-299d568532be,BE,BE-WAL,locality,,land,Mons-lez-Liège,"[[""fr"", ""Mons-lez-Liège""], [""wa"", ""Mont-dlé-Lidje""]]",True,True,5.415841579437256,50.601768493652344,5.476287841796875,50.62937545776367,6a3a4c11-3d66-4e71-9d7f-ca8fcacc9065
696938fd-485a-48c8-88c5-fd0ccd80a449,BE,BE-WAL,locality,,land,Büllingen,"[[""fr"", ""Bullange""], [""bg"", ""Бюлинген""], [""oc"", ""Bullange""], [""de"", ""Büllingen""], [""ru"", ""Бюллинген""], [""wa"", ""Bolindje""], [""fa"", ""بولنژان""], [""zh"", ""比林根""]]",True,True,6.215353488922119,50.305179595947266,6.408097743988037,50.50146484375,f7e133b5-7a09-411f-8f04-d711831cdc0f
5006bd0a-72f6-40da-8109-8bff6564b310,BE,BE-WAL,locality,,land,Latinne,,True,True,5.141195774078369,50.603023529052734,5.196771621704102,50.637939453125,158621f2-eeff-43a3-b106-66858e2235a5
a2694a88-a83f-4538-8eaf-67e6ad3033a6,BE,BE-WAL,locality,,land,Emptinne,"[[""nl"", ""Emptinne""], [""ru"", ""Амптин""], [""wa"", ""Emtene-dilé-Hamwè""]]",True,True,5.0816330909729,50.311981201171875,5.146480560302734,50.36634063720703,f4a4f03c-255f-498c-82dd-31c313e6b758
8e2f690a-be85-443e-af19-a666d5eacf36,BE,BE-WAL,locality,,land,Patignies,"[[""wa"", ""Patiniye""]]",True,True,4.9270243644714355,49.98896408081055,4.997352123260498,50.024803161621094,b73a4e76-a344-4e45-9767-001b8c7e9413
daa17b39-fc26-478e-9015-17cc8e48d9cd,BE,BE-WAL,locality,,land,Flémalle-Grande,"[[""fr"", ""Flémalle-Grande""], [""wa"", ""Li Grande Flémåle""]]",True,True,5.4615020751953125,50.600337982177734,5.489041328430176,50.62024688720703,9f51458d-96a0-4632-938e-9910fb64e214
70f9e88c-73c7-4ab8-b4f6-d0b63ceeb998,BE,BE-WAL,locality,,land,Comblain-au-Pont,"[[""fr"", ""Comblain-au-Pont""], [""wa"", ""Comblin-å-Pont""]]",True,True,5.535315990447998,50.45916748046875,5.635665416717529,50.51188278198242,f5208939-960f-4160-a3b4-f6e8bb0ef193
37cfbb16-3f74-4996-b80d-ef0b0ac42418,BE,BE-WAL,locality,,land,Wéris,"[[""ru"", ""Верис""]]",True,True,5.488023281097412,50.29898452758789,5.555789947509766,50.347877502441406,7334d03e-1a33-464d-84e6-96f2a253e104
7d2743c2-2baa-47fc-a7e0-865cd433d587,BE,BE-WAL,locality,,land,Perwez,"[[""nl"", ""Perwez""], [""ru"", ""Перве""], [""wa"", ""Perwé-dlé-Hayo""], [""la"", ""Pervesia""]]",True,True,5.150782585144043,50.44325637817383,5.1941962242126465,50.47602081298828,8232c920-cd3f-4fee-a155-bd69701db612
56fb5d18-9b27-4fac-9ef4-bfde932254c4,BE,BE-WAL,locality,,land,Vaux-sous-Chèvremont,"[[""fr"", ""Vaux-sous-Chèvremont""], [""wa"", ""Li Vå-dzo-Tchivrimont""]]",True,True,5.6148529052734375,50.58811569213867,5.655471324920654,50.614906311035156,0b3e7c56-62cf-4232-8e88-2ebcc5505807
5216463e-39fc-4ecc-8f8e-dfa88f98b054,BE,BE-WAL,locality,,land,Hotton,"[[""fr"", ""Hotton""], [""wa"", ""Houton""], [""ru"", ""Оттон""]]",True,True,5.369510173797607,50.216304779052734,5.503405570983887,50.319034576416016,908ff7bd-fae1-4c46-81fc-5dabef5682b5
c54beea9-6342-4b4a-9988-4629dd3c079b,BE,BE-WAL,locality,,land,Limont,"[[""ru"", ""Лимон""]]",True,True,5.2938079833984375,50.65446472167969,5.33928918838501,50.6754150390625,31a95bdf-2ba5-464b-8b16-7d373847e04b
318f752c-f545-4d31-bda0-f0cd5b35d223,BE,BE-WAL,locality,,land,Acosse,,True,True,5.0297346115112305,50.58802032470703,5.061802864074707,50.60921096801758,ce20991a-faf5-4858-a5f2-1c8f8df1ed99
b14fdd0c-edd8-4d41-9278-50c3a46ed0ab,BE,BE-WAL,locality,,land,Dorinne,"[[""ru"", ""Дорин""], [""wa"", ""Dorene""]]",True,True,4.9506754875183105,50.29788589477539,4.994140148162842,50.32678985595703,7f7a48cd-495b-4a57-abbc-b78bbd5cdfdb
22d34a9c-af48-4c44-a4a0-1f5e49f3b2a7,BE,BE-WAL,locality,,land,Theux,"[[""fr"", ""Theux""], [""wa"", ""Teu""]]",True,True,5.7387189865112305,50.433563232421875,5.921139717102051,50.5676383972168,a67f863e-8a3e-4c95-a1f2-118626a3e8d0
4fe631ae-d15c-484b-8a49-2f12173082a3,BE,BE-WAL,locality,,land,La Gleize,"[[""ru"", ""Ла-Глез""]]",True,True,5.7908501625061035,50.3760986328125,5.930910110473633,50.464107513427734,dade06d5-a748-43f7-8168-a1e8305800cf
3434f1d7-efca-40c5-aa3d-e57fc5696152,BE,BE-WAL,locality,,land,Ligney,,True,True,5.163000106811523,50.64506912231445,5.192188739776611,50.66849899291992,7b4fe0ba-76c4-4e4d-bab4-cc35584148fb
b56ae7ef-1da8-4f81-a453-aff2f7913ab2,BE,BE-WAL,locality,,land,Champlon,"[[""ru"", ""Шамплон""]]",True,True,5.437889099121094,50.09383773803711,5.533965587615967,50.15146255493164,45abe5cd-7f95-402d-a3bb-40786ee842c4
a7cbc55a-dea1-40b0-8f41-ae055e762078,BE,BE-WAL,locality,,land,Septon,"[[""ru"", ""Септон""]]",True,True,5.380935192108154,50.339324951171875,5.456701755523682,50.380916595458984,d253030e-928d-43bb-a32e-b21ec8753618
48138848-c178-4e6f-94fb-9af31f1dd397,BE,BE-WAL,locality,,land,Grâce-Hollogne,"[[""fr"", ""Grâce-Hollogne""], [""ru"", ""Грас-Олонь""], [""wa"", ""Gråce-Hologne""]]",True,True,5.349458694458008,50.61390686035156,5.512668609619141,50.6607780456543,8c275e85-2b98-470a-882d-a461c11d1ef5
fa4ad26c-d64d-4be5-aa0a-84bf4b10ebd4,BE,BE-WAL,locality,,land,Daverdisse,"[[""fr"", ""Daverdisse""], [""wa"", ""Dåvdisse""]]",True,True,4.973023891448975,49.961280822753906,5.152060031890869,50.04542541503906,1c8f9761-5f41-47b3-937c-047b7b39e5a8
2dc28050-17a6-4619-b79b-f884b895eba4,BE,BE-WAL,locality,,land,Branchon,"[[""nl"", ""Branchon""], [""wa"", ""Brançon""]]",True,True,4.948652267456055,50.618160247802734,4.989780426025391,50.64844512939453,27a21c4f-a2fb-4893-aa90-4a78851e36f8
486c3ea4-9c20-42a8-bc67-b6905c6911c0,BE,BE-WAL,locality,,land,Crombach,"[[""ru"", ""Кромбах""]]",True,True,6.0114569664001465,50.24020767211914,6.130715370178223,50.32887649536133,80f672aa-654e-4e5b-b564-175602ffb935
42d7884c-e26e-4a34-9441-0d31d45becc8,BE,BE-WAL,locality,,land,Thommen,"[[""ru"", ""Томмен""]]",True,True,6.008692264556885,50.183250427246094,6.177521228790283,50.26460647583008,f1e9421e-8ab4-4033-88c5-c8d230891eb4
a2e948dd-c7e5-4df5-a5e8-dc53d3e03c88,BE,BE-WAL,locality,,land,Haltinne,"[[""nl"", ""Haltinne""], [""ru"", ""Альтин""], [""wa"", ""Altene""]]",True,True,5.032304763793945,50.423667907714844,5.1062774658203125,50.46242141723633,e8818d69-019a-4ebc-b562-549491ec85fa
e7b943fe-dc81-44d5-8c2c-9a99ed43620a,BE,BE-WAL,locality,,land,Tinlot,,True,True,5.308103561401367,50.44662857055664,5.44550895690918,50.50620651245117,ca76a845-4505-49a5-b386-28afc0de9118
cdab1cb5-eff5-4aa8-b5be-3586a01a928a,BE,BE-WAL,locality,,land,Bonneville,"[[""fr"", ""Bonneville""], [""nl"", ""Bonneville""], [""wa"", ""Bounveye""]]",True,True,5.01552152633667,50.457237243652344,5.0719170570373535,50.49091720581055,649ffa83-95b0-4de7-b1b1-85427f192b7f
30b6d54c-fd3f-4e07-b801-cc023c8ce321,BE,BE-WAL,locality,,land,Thon-Samson,"[[""nl"", ""Thon""], [""wa"", ""Ton""]]",True,True,4.992459774017334,50.45079040527344,5.032305717468262,50.47549057006836,1d21ba6b-5dcc-4330-adf4-7d944faaa684
80d38a82-3024-4367-a045-15d952b00877,BE,BE-WAL,locality,,land,Jallet,"[[""nl"", ""Jallet""], [""wa"", ""Djalet""]]",True,True,5.1665167808532715,50.42204284667969,5.2117695808410645,50.45639419555664,aabd6454-2ac5-4c2f-a826-995fe982c88b
56554947-7ed1-4a42-a024-77c0338ac968,BE,BE-WAL,locality,,land,Flamierge,,True,True,5.538362503051758,50.02275848388672,5.659867763519287,50.09797286987305,c8ca7c25-959a-4326-ac85-ae175288a8af
217ff2b8-00b4-4e14-bef3-71da12be9954,BE,BE-WAL,locality,,land,Custinne,"[[""ru"", ""Кюстин""], [""wa"", ""Custene""]]",True,True,5.0250091552734375,50.19306945800781,5.088958263397217,50.22906494140625,2bade6e4-b281-46c4-ba45-4f74d7aff0b9
edc60219-4a2a-4bb5-af88-3b392b6b1c3e,BE,BE-WAL,locality,,land,Nandrin,"[[""fr"", ""Nandrin""], [""wa"", ""Nandrin""], [""ru"", ""Нандрен""]]",True,True,5.334264755249023,50.48845291137695,5.476938247680664,50.54389572143555,20bf285f-313b-494c-9eb5-b8b8c381ff61
c718f1e8-f72c-4dd6-b631-ced152fa8b7a,BE,BE-WAL,locality,,land,Hampteau,,True,True,5.451454162597656,50.238094329833984,5.489363670349121,50.261497497558594,986cb4fd-bbe3-4987-8eae-783ef4648845
2ff52246-16ac-4a9c-8815-f67a52d65b7c,BE,BE-WAL,microhood,,land,Place de Baty,,True,True,5.290060997009277,50.22111892700195,5.290833950042725,50.22134017944336,73bfafb3-7f80-497f-be91-a50e1012f7cc
6ab00472-c390-42cc-b326-8aa628a6380c,BE,BE-WAL,locality,,land,Mozet,"[[""nl"", ""Mozet""], [""wa"", ""Mozet""]]",True,True,4.9595184326171875,50.423038482666016,5.03998327255249,50.457244873046875,bd12039d-6626-460b-9cb2-bd3777bd00b2
94e57bc7-bb02-4b26-8384-c48df839ae3c,BE,BE-WAL,locality,,land,Trois-Ponts,"[[""fr"", ""Trois-Ponts""], [""de"", ""Dreibrücken""], [""wa"", ""Troes-Ponts""], [""ru"", ""Труа-Пон""]]",True,True,5.760230541229248,50.319740295410156,6.002039909362793,50.39107131958008,f601c44b-81ab-43cc-b62d-a601f0aec653
9319e2d9-3615-4619-b1c0-d50b670ae8d5,BE,BE-WAL,locality,,land,Velroux,,True,True,5.409178256988525,50.629573822021484,5.447695732116699,50.65221405029297,96e30884-b4dd-4d8e-b86e-4b9c325b06d9
ac5a82fe-5555-45e3-867e-2f205604dd1b,BE,BE-WAL,locality,,land,Horion-Hozémont,,True,True,5.349458694458008,50.61390686035156,5.4341607093811035,50.64642333984375,27cf426b-a9b1-4959-9033-a8b7305b4b7c
a9534986-9986-4bb4-b32f-13b0bb0b3bc2,BE,BE-WAL,neighborhood,,land,Domaine du Long Sart,,True,True,4.912067413330078,50.47808074951172,4.918707370758057,50.48265838623047,8be539b2-b5c8-49e4-9bd2-79f02e5bd7e0
f8ccec34-442a-4cc8-9d04-144624670456,BE,BE-WAL,locality,,land,Gleixhe,,True,True,5.38045072555542,50.59922409057617,5.418901443481445,50.619659423828125,f5b0d9fe-6dc6-47b0-8685-15394ac4406d
83d5efc3-64d7-4d20-8512-72eb9070be1c,BE,BE-WAL,locality,,land,Serinchamps,"[[""nl"", ""Serinchamps""], [""ru"", ""Сереншан""], [""wa"", ""Strintchamp""]]",True,True,5.152865409851074,50.22159957885742,5.261531352996826,50.273860931396484,a9c5ec99-ec3c-4def-8956-1628cd79f7c7
9ae4721b-265b-4771-8ee0-5192018c0991,BE,BE-WAL,locality,,land,Louveigné,"[[""fr"", ""Louveigné""], [""ru"", ""Лувенье""]]",True,True,5.671379566192627,50.49554443359375,5.7632222175598145,50.55434036254883,0a1b0425-0bf9-4871-990f-4f83586db360
0cdcf665-ff12-4109-9335-b6049a77ea27,BE,BE-WAL,microhood,,land,Place de la Fontaine,,True,True,5.093225479125977,50.484867095947266,5.093430042266846,50.48497772216797,5fa4d46b-1323-4390-9fef-d9f43bac7c3b
4f0af81d-e0f9-4ef5-b3fb-c3c865877d27,BE,BE-WAL,locality,,land,Loncin,,True,True,5.485383987426758,50.65555953979492,5.507847785949707,50.6777458190918,90bb7bfa-76b5-42d5-8d3f-c3331bdcd0d5
be7f2e17-57b0-4e91-8348-9b175ba58b07,BE,BE-WAL,locality,,land,Mabompré,,True,True,5.671184539794922,50.082759857177734,5.778952598571777,50.13877487182617,8c413278-e031-4f48-9a62-7a8314d6c0e5
b0014a46-5f2d-4952-ad9f-425963844957,BE,BE-WAL,locality,,land,Stembert,"[[""de"", ""Steinberg""], [""nl"", ""Stembert""], [""wa"", ""Stimbièt""]]",True,True,5.878712177276611,50.577362060546875,5.925531387329102,50.60845184326172,3870b5a9-4cf7-4cf9-9b4b-120f23ae1a04
9c67db3a-1ff8-4cf3-a2fa-642a61661d25,BE,BE-WAL,locality,,land,Lives-sur-Meuse,"[[""wa"", ""Live""]]",True,True,4.916457653045654,50.46132278442383,4.972229957580566,50.48137664794922,7b399a64-4bc7-487d-8b2a-f5ab8ef577c1
cdccee1e-4261-4fa4-a64a-446e938b5796,BE,BE-WAL,microhood,,land,Place des Grands Champs,,True,True,5.544149398803711,50.628597259521484,5.544510841369629,50.628963470458984,5fcc7df9-1bfa-42dd-bbfd-9f78a3976ee8
c70e8fe2-bf73-4e43-9e2f-566c226e6573,BE,BE-WAL,locality,,land,Elsenborn,"[[""ru"", ""Эльзенборн""]]",True,True,6.156004905700684,50.4349479675293,6.301888465881348,50.53112030029297,8764f0b6-fa45-4a37-979a-5eb8ce1ad9fa
d7053596-34e5-4d2b-91b3-7e6809f7b617,BE,BE-WAL,locality,,land,Darion,,True,True,5.181555271148682,50.65931701660156,5.207241058349609,50.67367172241211,990e553a-0935-4533-a5d0-ce4c5ac6502e
3f414909-ef42-46c4-9284-e1b760e9bfd4,BE,BE-WAL,locality,,land,Barvaux-Condroz,"[[""nl"", ""Barvaux-Condroz""], [""ru"", ""Барво-Кондро""], [""wa"", ""Barvia""]]",True,True,5.240382671356201,50.30405044555664,5.315665245056152,50.35667419433594,45c0e543-86a3-4410-a89f-a9d10b6433d2
69c04848-ceab-41fe-b1d8-7c155bd53017,BE,BE-WAL,locality,,land,Esneux,"[[""fr"", ""Esneux""], [""wa"", ""Esneu""], [""ru"", ""Энё""]]",True,True,5.497363090515137,50.50345230102539,5.6166815757751465,50.58106231689453,eb42540f-d36b-4485-a254-49f6164240d7
0e220434-c1e6-4338-940c-0b1f198de8ff,BE,BE-WAL,locality,,land,Lens-Saint-Remy,,True,True,5.110992908477783,50.63725662231445,5.151915550231934,50.666709899902344,afcdfcab-7a4f-4b08-b3c4-b992996a85a9
06e03da4-0351-4d11-a1c8-95d7c61837ba,BE,BE-WAL,locality,,land,Izier,"[[""ru"", ""Изье""]]",True,True,5.544066429138184,50.36453628540039,5.63730001449585,50.39947509765625,05e5e550-d6ac-4412-a295-c6e764cfa25b
645d8a18-b159-411c-9518-d61e3ca842a9,BE,BE-WAL,locality,,land,Fumal,,True,True,5.16292667388916,50.570770263671875,5.209850311279297,50.59504318237305,895ef4e2-6396-45a6-900f-318a196e2532
906ec892-03f5-4c04-97d2-e01d2854cacb,BE,BE-WAL,locality,,land,Yernée-Fraineux,,True,True,5.356523036956787,50.4994010925293,5.406196117401123,50.539764404296875,4cc881a4-9754-4ff1-8047-0d1f11aa5cc2
aabab9e7-7d44-4574-a91d-63ec634e446c,BE,BE-WAL,locality,,land,Jandrain-Jandrenouille,,True,True,4.951533794403076,50.63956069946289,5.002651214599609,50.692657470703125,c331bc7f-3a0c-4e41-8401-913f6325f933
88c72592-40bc-4a28-9356-4a61b42a1488,BE,BE-WAL,locality,,land,Chevetogne,,True,True,5.079761028289795,50.208457946777344,5.155943870544434,50.245967864990234,404a955c-8d1b-453e-8835-daa6188e99c8
86c605ee-a10c-4737-b586-78b9f9d2cd7f,BE,BE-WAL,locality,,land,Rendeux,"[[""ru"", ""Рандё""]]",True,True,5.441982269287109,50.163639068603516,5.612153053283691,50.26507568359375,2a69900b-d2cd-4385-85b2-e88ed3418ffb
d59a1c8f-0cfe-48fa-8358-2fccd2238939,BE,BE-WAL,locality,,land,Ombret-Rawsa,,True,True,5.300961494445801,50.516300201416016,5.343283653259277,50.546390533447266,b1708aac-212c-4c63-8be5-f1feb61a55f8
b37bb16b-47f9-486e-864f-ded0f57fc6b4,BE,BE-WAL,locality,,land,Ferrières,"[[""fr"", ""Ferrières""], [""wa"", ""Ferire""], [""ru"", ""Ферьер""]]",True,True,5.518648147583008,50.36534118652344,5.709338665008545,50.46017074584961,1c811939-a1ea-4c45-8d2b-c3c04f5ee4b6
06aca266-379b-4868-8c21-2e00f2f6dc72,BE,BE-WAL,locality,,land,Awirs,"[[""fr"", ""Awirs""], [""ru"", ""Авир""], [""wa"", ""Awires""]]",True,True,5.387735843658447,50.58978271484375,5.423834323883057,50.6166877746582,23f2355f-5331-428b-8391-c72df68514bc
319912fe-df03-4b4a-b2f7-3e7b12c346e4,BE,BE-WAL,locality,,land,Herstal,"[[""fr"", ""Herstal""], [""wa"", ""Hèsta""], [""la"", ""Heristalium""], [""ru"", ""Эрсталь""]]",True,True,5.555547714233398,50.65476989746094,5.657436847686768,50.70266342163086,27f7ca89-3a69-4836-b5b1-327346c92671
9f8d917a-1525-4567-99ac-daef90fb3bd8,BE,BE-WAL,locality,,land,Bellevaux-Ligneuville,"[[""fr"", ""Bellevaux-Ligneuville""], [""de"", ""Schönenthal-Engelsdorf""]]",True,True,5.9751996994018555,50.35030746459961,6.1136369705200195,50.40448760986328,eed5a199-fbed-4b35-83ab-d1063d5f90a1
01ebe107-44bb-4939-8699-f2620f56be41,BE,BE-WAL,locality,,land,Durnal,"[[""ru"", ""Дюрналь""]]",True,True,4.939324378967285,50.32025909423828,5.021864891052246,50.351078033447266,581d9c69-018c-4d77-9513-1aae8c442449
e8bcfe81-1480-4b49-a897-68ed068491f3,BE,BE-WAL,locality,,land,Ensival,,True,True,5.82734489440918,50.55931854248047,5.8628411293029785,50.58827209472656,c0623161-a363-4fe0-82db-90dd49b39bde
59149c22-8236-408a-aeed-9907ba96f8b0,BE,BE-WAL,locality,,land,Bertogne,"[[""zh"", ""贝尔托涅""], [""ru"", ""Бертонь""]]",True,True,5.629697799682617,50.066036224365234,5.73265266418457,50.116546630859375,145c33ed-42ad-4224-a49f-08494d1bcf80
09367b16-3c15-49ce-bb93-e88cb96d0c38,BE,BE-WAL,locality,,land,Housse,,True,True,5.682678699493408,50.6732292175293,5.709645748138428,50.68956756591797,687a9f12-a02f-4111-b40d-0d53b8f18708
53f9f1fc-c81d-44da-a9d2-b56095848c0f,BE,BE-WAL,locality,,land,Tillier,"[[""nl"", ""Tillier""], [""ru"", ""Тийе""], [""wa"", ""Tier""]]",True,True,4.930197238922119,50.53410339355469,4.9598164558410645,50.55825424194336,ac483b56-0e24-494f-8b87-c755b2bdcb81
8ea31eb0-34cd-4fa4-ab65-6de5efe5e062,BE,BE-WAL,locality,,land,Tellin,"[[""fr"", ""Tellin""], [""wa"", ""Telin""], [""ru"", ""Теллен""]]",True,True,5.152410984039307,50.02580261230469,5.316620349884033,50.11019515991211,b56feaad-124d-487d-b02f-847a56f42224
a6dbcd43-78a7-44c1-8b97-4b829e2ec999,BE,BE-WAL,locality,,land,Maillen,"[[""ru"", ""Майен""], [""wa"", ""Môyin""]]",True,True,4.895834445953369,50.3448600769043,4.978501796722412,50.40092086791992,cf117a12-520f-43a3-9365-cf17d53527d1
24f002de-8866-4801-90b6-bbfa10d85aa3,BE,BE-WAL,locality,,land,Ohey,"[[""nl"", ""Ohey""], [""ru"", ""Оэ""], [""wa"", ""Ohè""]]",True,True,5.076214790344238,50.39765167236328,5.2371978759765625,50.47892761230469,430e5028-2d88-4e45-8c76-e3c4658c1049
3791ef47-3326-4636-aacb-49d964c0969a,BE,BE-WAL,locality,,land,Trooz,"[[""fr"", ""Trooz""], [""wa"", ""Li Trô""], [""ru"", ""Троз""]]",True,True,5.6408514976501465,50.54665756225586,5.773587703704834,50.59556579589844,b9da12ad-44e2-403f-9c58-0a32d345acef
d8c954df-3640-410d-9bc3-7be1c23a7b42,BE,BE-WAL,neighborhood,,land,Heusy,,True,True,5.853261470794678,50.566612243652344,5.890859127044678,50.58663558959961,54a85287-d7e6-4d06-bcc3-ed7aff85eba5
3af640c5-58fb-47d4-ac20-5c2d0b037ba2,BE,BE-WAL,locality,,land,Lessive,"[[""nl"", ""Lessive""], [""wa"", ""Lessive""]]",True,True,5.115832805633545,50.11705780029297,5.171769142150879,50.1583366394043,84d6929c-958b-4b12-b6a0-ba9193ff77ca
014d0cc3-19d6-41fe-bdb2-50250de55807,BE,BE-WAL,locality,,land,Sart-Bernard,"[[""ru"", ""Сар-Бернар""], [""wa"", ""Li Sårt-Sint-Bernåd""]]",True,True,4.9213032722473145,50.38393783569336,4.98435640335083,50.41850662231445,aa66855e-47fb-4acb-8ba1-0c3029af1c2d
5a9b1bfd-6bab-4d4f-a615-b0873e1197e5,BE,BE-WAL,locality,,land,Vonêche,"[[""wa"", ""Vonneche""]]",True,True,4.934195518493652,50.017696380615234,4.988680839538574,50.07148742675781,f661ce7f-ad1a-4246-add7-399b73b31347
d3ba57a9-305b-49a0-91a1-ff391de15e73,BE,BE-WAL,locality,,land,Werbomont,,True,True,5.645829200744629,50.36840057373047,5.709338665008545,50.40391540527344,200d7852-1344-4f0d-ad57-9f5b96c2967b
0e700e93-4b7b-45bd-a3a8-48e186aed6e5,BE,BE-WAL,locality,,land,Longchamps,"[[""ru"", ""Лоншан""]]",True,True,5.612687587738037,50.00660705566406,5.721804141998291,50.08064270019531,f8b22070-3dad-4934-8de9-f0222a896b22
4908350f-22b0-4120-837b-9a87443542c4,BE,BE-WAL,locality,,land,Beffe,,True,True,5.492861270904541,50.23207092285156,5.5809855461120605,50.26507568359375,6e6ae267-7025-4f3b-9fd1-ff3ebf5f9a21
c71d95fe-b1d9-4dd6-a3b7-14011b8a274e,BE,BE-WAL,locality,,land,Hannut,"[[""fr"", ""Hannut""], [""la"", ""Hanutum""], [""nl"", ""Hannuit""], [""ru"", ""Анню""], [""wa"", ""Haneù""]]",True,True,4.98714017868042,50.59847640991211,5.162323951721191,50.716148376464844,37e57159-705d-482e-9751-ed5fb206dd88
57525d60-7967-400e-9c02-aaa2bcb4ee6f,BE,BE-WAL,locality,,land,Andrimont,"[[""ab"", ""Андримон""]]",True,True,5.8534698486328125,50.596702575683594,5.914244174957275,50.63386917114258,8bd93ade-f054-418f-9341-25606e560526
7e8b681d-b8cd-41a8-82ae-82b1e43b5e98,BE,BE-WAL,locality,,land,Waret-l'Évêque,,True,True,5.03424596786499,50.53019714355469,5.085440635681152,50.56779479980469,972b3e6d-a22c-4998-bf54-bd454cd12108
ea2c00a4-fc9f-4e70-af0a-c7f27978d437,BE,BE-WAL,locality,,land,Harsin,,True,True,5.312435626983643,50.14982223510742,5.393104553222656,50.19984436035156,aae60357-33e6-4186-8372-7a075b9b7f92
d287326f-1bac-4701-b40e-7f1ceb23c3d3,BE,BE-WAL,locality,,land,Fallais,,True,True,5.147526741027832,50.59257507324219,5.200830459594727,50.6202507019043,5482593d-27cf-462f-bb18-bb75dfea59f5
4a9915fb-7dd6-4aa3-887b-3f89e13db4e3,BE,BE-WAL,locality,,land,Grand-Axhe,,True,True,5.221022605895996,50.67255783081055,5.238289833068848,50.68276596069336,2fe506ea-f03c-4ab7-8a1f-924e6c1a9996
c5e18c02-b62d-4491-b9a9-0521045a5a87,BE,BE-WAL,microhood,,land,Place Saint-Paul,,True,True,5.57020378112793,50.63938903808594,5.571375370025635,50.639991760253906,17906166-a16b-42d7-98ee-f638c7d94eb5
c9eb6c88-7dba-42f3-a7bd-9a0c93729daf,BE,BE-WAL,locality,,land,Limerlé,"[[""fr"", ""Limerlé""], [""de"", ""Lomerslaer""], [""lb"", ""Lammescher""], [""ru"", ""Лимерле""]]",True,True,5.8578996658325195,50.110225677490234,5.972850799560547,50.20880126953125,5ba18f5a-d057-4bbb-9ca6-f3b2d6caee23
51760d6a-8129-4e08-8b43-ba6479811e46,BE,BE-WAL,locality,,land,Saive,"[[""fr"", ""Saive""], [""wa"", ""Sêve""]]",True,True,5.642362594604492,50.63792419433594,5.693485736846924,50.67951202392578,83b21d66-3e5d-4293-b409-f2f2207dfc8b
dad86b75-2141-464a-a01b-12c386f8cc7d,BE,BE-WAL,microhood,,land,Esplanade,,True,True,5.138455867767334,50.22475814819336,5.139289379119873,50.225284576416016,ae4740cb-232b-4f85-9c45-ab95bcf47b63
e58b089d-a581-407c-b0e8-eaf8c59ca147,BE,BE-WAL,locality,,land,Ambly,"[[""ru"", ""Амбли""]]",True,True,5.273494243621826,50.11947250366211,5.351820945739746,50.16441345214844,3669bc28-dec7-4101-8f79-412232a36d89
c54c702c-f225-40bc-ae07-06b73564211c,BE,BE-WAL,locality,,land,Donceel,"[[""fr"", ""Donceel""], [""wa"", ""Doncél""]]",True,True,5.281389236450195,50.625205993652344,5.376564979553223,50.6754150390625,a2edf973-402d-40ce-9774-22fc0ecab5be
c451e749-76a6-40b1-a7b0-328d0ea375b5,BE,BE-WAL,locality,,land,Vaux-Chavanne,"[[""ru"", ""Во-Шаван""]]",True,True,5.666731357574463,50.281585693359375,5.7214579582214355,50.33210372924805,e9696852-8e2a-4928-95d9-5855dbc1274c
5b24811d-f555-4be9-b316-32bc02f549a1,BE,BE-WAL,locality,,land,Villers-sur-Lesse,"[[""nl"", ""Villers-sur-Lesse""], [""wa"", ""Viyé-so-Lesse""]]",True,True,5.055309772491455,50.108707427978516,5.150837421417236,50.18068313598633,5113b1d6-fbe6-41de-bfd4-ab26adf9739b
98f8fe34-0abb-4c72-b31d-5a689d4bbb2f,BE,BE-WAL,neighborhood,,land,Bastogne 1,,True,True,5.6383466720581055,49.97438049316406,5.735041618347168,50.038082122802734,a06586e3-c6a4-47a8-9e97-d22ddf2e642e
242061a8-f0e5-4538-983d-f67a075e0e49,BE,BE-WAL,locality,,land,Tilleur,,True,True,5.519487380981445,50.6129150390625,5.544532299041748,50.62640380859375,7e7c31de-0663-4ff1-86bd-d480eed39de8
0f18c174-fc14-49a2-8322-624bd89866d3,BE,BE-WAL,neighborhood,,land,Born,,True,True,6.0697245597839355,50.312740325927734,6.1380133628845215,50.372314453125,7a168203-d7a0-4bed-983e-d144cb67d6d3
dd03c49f-ae0b-4a90-b779-4b12fd8a53ec,BE,BE-WAL,locality,,land,Amberloup,"[[""ru"", ""Амберлу""]]",True,True,5.481517791748047,50.01478576660156,5.58550500869751,50.063377380371094,253b1c81-dd67-4772-a10a-157c52eeac04
8f61837e-2843-4b4c-9eb3-60acac7e1d37,BE,BE-WAL,locality,,land,Saint-Hubert,"[[""fr"", ""Saint-Hubert""], [""wa"", ""Sint-Houbert""], [""la"", ""Andagium""]]",True,True,5.2291579246521,49.979740142822266,5.460339069366455,50.09592056274414,13960a7f-e01a-4753-a337-a9b2b889459e
71c85a15-a9eb-45f4-bfe9-bbe671fd8889,BE,BE-WAL,locality,,land,Embourg,"[[""fr"", ""Embourg""], [""wa"", ""Imbourg""]]",True,True,5.588887691497803,50.57807922363281,5.626370906829834,50.60356521606445,feb71064-6f6e-4d4f-83f3-06994f2a0a71
e07d9fff-1c4c-4951-abdf-e36185459c3b,BE,BE-WAL,locality,,land,Fraiture,"[[""ru"", ""Фретюр""]]",True,True,5.4037675857543945,50.46500778198242,5.44550895690918,50.49790954589844,7720b43f-9754-40b0-9746-44a65f41f6a3
a44680bb-c198-485b-a460-01a00e11e4f3,BE,BE-WAL,locality,,land,Manhay,"[[""fr"", ""Manhay""], [""wa"", ""Manhé""]]",True,True,5.573914527893066,50.220008850097656,5.748818874359131,50.372047424316406,db7b0502-f70f-428a-9c06-a52613161c24
95e4d8ea-db9d-436f-81c0-cf4cb69f48da,BE,BE-WAL,locality,,land,Poucet,,True,True,5.095645904541016,50.668190002441406,5.131014347076416,50.68859100341797,7899b983-7c0c-47f3-8c8e-6c1c2af26ce7
e18df304-1840-43e1-be94-5a26397fa531,BE,BE-WAL,locality,,land,Mont,"[[""ru"", ""Мон""]]",True,True,5.722419261932373,50.13035583496094,5.8389081954956055,50.19528579711914,85985a8e-e100-41ab-a267-1116522e9418
30c784fd-61b2-4dbc-a799-92f432662165,BE,BE-WAL,locality,,land,Antheit,"[[""ru"", ""Анте""]]",True,True,5.210493087768555,50.53456497192383,5.265871047973633,50.559181213378906,f5e2efa1-bdb8-4923-852e-6b19a6145ab4
b2b4cf76-b24a-4c62-9724-d2e55061526f,BE,BE-WAL,locality,,land,Hanret,"[[""nl"", ""Hanret""], [""ru"", ""Анре""], [""wa"", ""Anret""]]",True,True,4.92038631439209,50.56634521484375,4.986168384552002,50.60829544067383,40a2b300-9933-41b4-88a3-77a920121084
7163a548-1da8-4905-b421-8d5e4eed8bc8,BE,BE-WAL,locality,,land,Petit-Rechain,,True,True,5.813016414642334,50.59518814086914,5.848139762878418,50.62596130371094,78b0ad82-f0f1-46ef-9d12-0e349193c80f
a2cc85d8-105d-4626-98a0-8d9c85e8c647,BE,BE-WAL,locality,,land,Heyd,"[[""ru"", ""Эй""]]",True,True,5.512783050537109,50.326515197753906,5.592242240905762,50.36754608154297,894a03d1-87fe-451f-a599-758c4ff2b5a4
5baf4a42-cebf-48f8-80a1-ec57cb04f55e,BE,BE-WAL,locality,,land,Bois-et-Borsu,,True,True,5.2791290283203125,50.36494827270508,5.359325408935547,50.41706848144531,77ca0b8d-703e-4689-a3e4-7f497b406f85
d462e7ae-c7e1-4f71-baca-ffcae24e6077,BE,BE-WAL,locality,,land,Marche-en-Famenne,"[[""fr"", ""Marche-en-Famenne""], [""ru"", ""Марш-ан-Фамен""], [""wa"", ""Måtche-el-Famene""], [""la"", ""Marca in Falmana""]]",True,True,5.206551551818848,50.157325744628906,5.473150253295898,50.278953552246094,2e8daae4-109b-46e8-942f-703322b43f12
fe02f45b-60ec-4147-a77c-44dce4bab008,BE,BE-WAL,locality,,land,Gesves,"[[""nl"", ""Gesves""], [""ru"", ""Жев""], [""wa"", ""Djeve""]]",True,True,4.9595184326171875,50.37312316894531,5.145114898681641,50.46242141723633,06f1e412-0d75-460f-aaa9-24e2ffb5d1ac
7b561eec-40d2-4dca-8722-9c1bc184bb78,BE,BE-WAL,locality,,land,Éprave,"[[""nl"", ""Éprave""], [""wa"", ""Epråve""]]",True,True,5.143160820007324,50.124576568603516,5.200615882873535,50.175621032714844,a80ca633-8e58-41d1-b81d-d5e511af99e8
c341e5b8-80a9-4002-b0c0-08bfadc67fdc,BE,BE-WAL,locality,,land,Kettenis,"[[""ru"", ""Кеттенис""]]",True,True,6.000338554382324,50.63151550292969,6.080198287963867,50.67287826538086,84f16260-cf29-49f2-8e6c-9a0e582b7db8
13a823a7-bba2-42ad-8a75-c0dff1c3f94a,BE,BE-WAL,locality,,land,Florée,"[[""ru"", ""Флоре""], [""wa"", ""Florêye""]]",True,True,5.046021461486816,50.35068130493164,5.100902080535889,50.393218994140625,8197f1bd-8e2a-4fce-a696-b0133cebb8d8
47b250ca-b5d0-47c1-b900-0f47368a195a,BE,BE-WAL,locality,,land,Jauche,"[[""fr"", ""Jauche""], [""nl"", ""Geten""], [""ru"", ""Жош""]]",True,True,4.911258697509766,50.66102600097656,4.97128963470459,50.70305252075195,5af50a6f-fde6-47ae-ab44-9fef1b9a77bd
3f7832aa-d88e-410b-a829-335b102cec46,BE,BE-WAL,locality,,land,Anseremme,"[[""ru"", ""Ансерем""]]",True,True,4.887974739074707,50.21189498901367,4.92885160446167,50.24970626831055,f90ed4df-abd3-4d49-bd00-5bc6ecfa4a2e
71dbec35-0590-448a-bb77-0670d96c4722,BE,BE-WAL,locality,,land,Hamois,"[[""fr"", ""Hamois""], [""wa"", ""Hamwè""], [""nl"", ""Hamois""], [""ru"", ""Амуа""]]",True,True,5.02418327331543,50.29050064086914,5.238149642944336,50.383514404296875,92374be6-0912-4b41-8edd-e52bc0b92683
99b3e13c-c03f-4f5f-8ad0-a126b5f2491e,BE,BE-WAL,locality,,land,Maizeret,"[[""nl"", ""Maizeret""], [""wa"", ""Måjhret""]]",True,True,4.961848735809326,50.45091247558594,5.002902030944824,50.47830581665039,3e350fe9-35fa-47d1-a691-64ab2be488e9
3d3172e0-179b-4270-ae35-d6350e325498,BE,BE-WAL,locality,,land,Momalle,"[[""ru"", ""Момаль""]]",True,True,5.348537445068359,50.66645431518555,5.396542549133301,50.69941329956055,10509180-90d5-4228-9ed9-cb35aeabe61f
7bba836b-039c-4025-8d92-b02e95a9cfab,BE,BE-WAL,microhood,,land,Place Marie Mineur,,True,True,5.856315612792969,50.58919143676758,5.8567023277282715,50.58937072753906,72373cae-011e-477a-83ed-e4c270bb8574
fb97aaef-c634-494b-834c-a75b3a33a189,BE,BE-WAL,locality,,land,Clermont-sous-Huy,"[[""ru"", ""Клермон-су-Юи""]]",True,True,5.33502721786499,50.53191375732422,5.440694808959961,50.57249069213867,9ed5ffdb-8855-46cb-9737-072e00d9d2f0
ba416bc9-a722-4301-b256-e1698c46b92d,BE,BE-WAL,locality,,land,Chaineux,,True,True,5.820235252380371,50.622127532958984,5.860739707946777,50.64350128173828,3e74a9ef-f38f-48f6-8347-cd820b28a154
7a4c87ac-e164-4c9f-b0e1-b9dbfa842311,BE,BE-WAL,locality,,land,Cognelée,"[[""fr"", ""Cognelée""], [""wa"", ""Cognêye""]]",True,True,4.886960506439209,50.502288818359375,4.932275772094727,50.53110885620117,4c7e8c7f-68d3-474c-ad23-4311b418bb0a
a014bf41-4f58-4e67-826a-33f3e47be395,BE,BE-WAL,locality,,land,Merdorp,"[[""ru"", ""Мердоп""]]",True,True,4.98714017868042,50.63356399536133,5.026240348815918,50.665252685546875,e8edc5aa-b4c8-4ad6-834c-90b4245d9ce2
acd85c89-b4cd-4c39-8756-eeb33ec6170d,BE,BE-WAL,locality,,land,Chapon-Seraing,"[[""fr"", ""Chapon-Seraing""], [""wa"", ""Tchapon-Serè""]]",True,True,5.250693321228027,50.5947265625,5.289244651794434,50.6202507019043,c5d479b3-0f80-4882-ba2d-5b60e0a0dd71
a64a1ca5-8438-4a0f-aa51-c14bddead17c,BE,BE-WAL,locality,,land,Pontillas,"[[""nl"", ""Pontillas""], [""wa"", ""Pontéliasse""]]",True,True,5.002526760101318,50.523258209228516,5.0343756675720215,50.556663513183594,d530cbd9-0759-45b3-bb13-eb36548abf9b
1f3dfa33-90aa-4ff9-bdb2-e986f3987a50,BE,BE-WAL,locality,,land,Leuze,"[[""fr"", ""Leuze""], [""nl"", ""Leuze""], [""ru"", ""Лёз""], [""wa"", ""Leuze-dilé-Du""]]",True,True,4.884923934936523,50.540252685546875,4.939881324768066,50.57822799682617,5bc20203-f91f-445b-9a94-f36e97b2637a
bc9954fb-f369-4fdc-98d9-6dcb744cba64,BE,BE-WAL,locality,,land,Noiseux,"[[""nl"", ""Noiseux""], [""ru"", ""Нуазе""], [""wa"", ""Nwezeu""]]",True,True,5.346834182739258,50.27750015258789,5.396003723144531,50.31831741333008,36686f09-12dc-4485-a9be-4b8df01dbe58
26fed2ba-6a34-4cd6-865e-a4341fe6bc9f,BE,BE-WAL,locality,,land,Rocourt,,True,True,5.534486770629883,50.66291046142578,5.5679168701171875,50.68820571899414,b8fff5c9-f8ff-40e6-9056-aa2a7c396252
c7d03c54-5a23-4829-9713-bd5491327394,BE,BE-WAL,locality,,land,Vezin,"[[""fr"", ""Vezin""], [""nl"", ""Vezin""], [""wa"", ""Bjin""]]",True,True,4.965134620666504,50.48124313354492,5.03734827041626,50.51565933227539,51793123-c707-48c2-81f7-9f23ed0eeba7
c6891d03-0ecd-4f71-b283-9c0e9da73fb7,BE,BE-WAL,locality,,land,Ivoz-Ramet,"[[""ru"", ""Иво-Раме""]]",True,True,5.411462783813477,50.55707550048828,5.48360013961792,50.595428466796875,1616d101-e489-4bf2-8f5a-b97dc1534add
7b8e0ae2-d890-440a-9b79-3dc1e6f02914,BE,BE-WAL,locality,,land,Goé,"[[""fr"", ""Goé""], [""de"", ""Gulken""], [""nl"", ""Gulke""], [""ru"", ""Гоэ""]]",True,True,5.931778430938721,50.57938003540039,5.983917236328125,50.61771774291992,c2d021bd-3e42-457c-a831-c08acdd88ade
dabadb26-5678-4b5c-a8f8-5f1764e16142,BE,BE-WAL,locality,,land,Recht,"[[""ru"", ""Рехт""]]",True,True,5.978662967681885,50.30991744995117,6.092998504638672,50.35284423828125,0ca3c964-292a-4b2b-9824-b5b0c6bba7e0
b9d8eebd-b213-46b3-9c24-7bc5f9c8c62e,BE,BE-WAL,locality,,land,Wandre,"[[""ru"", ""Вандр""]]",True,True,5.641682147979736,50.6523323059082,5.675257205963135,50.68403244018555,44921f1b-7467-4c18-a986-a237f9acce49
14253238-90b0-4e58-a50b-b00deb6378b2,BE,BE-WAL,locality,,land,Huccorgne,"[[""ru"", ""Юккорнь""]]",True,True,5.132167816162109,50.54021072387695,5.197601795196533,50.579689025878906,3bc8b238-12b4-48a2-a90f-041e3d252ad2
2e433cca-39a8-4157-8a52-00c061bfb560,BE,BE-WAL,microhood,,land,Place de l'Yser,,True,True,5.581851482391357,50.6414909362793,5.583842754364014,50.642459869384766,042b7273-ec4b-41f4-aceb-b58a90711c95
7fc30e6c-a9b3-411d-87d9-8da54072c106,BE,BE-WAL,locality,,land,Sainte-Ode,,True,True,5.414796352386475,49.955406188964844,5.629710674285889,50.07772445678711,b6b51745-eeb3-4b71-9d9a-e7379850ebb8
8fb60424-08c8-4099-9548-ff2355284b17,BE,BE-WAL,microhood,,land,Square de l'Amicale,,True,True,5.223549842834473,50.15940475463867,5.223998546600342,50.15990447998047,698debbe-86cf-4240-b192-45790eac0eab
b1bed933-a3b5-4304-9a77-a85be6bdd051,BE,BE-WAL,locality,,land,Javingue,"[[""wa"", ""Djavingue""]]",True,True,4.894279479980469,50.046531677246094,4.933952331542969,50.11806869506836,d6e43484-a0c2-4341-8195-8d85a340d3bf
af2c57b8-6d04-4abf-bcd5-f551970c4911,BE,BE-WAL,locality,,land,Hargimont,"[[""ru"", ""Аржимон""]]",True,True,5.277667999267578,50.1660270690918,5.339637279510498,50.19923782348633,46421537-1233-44ee-9795-64696022cfa8
a12dd6b1-7093-43ba-b12f-e6edf1565004,BE,BE-WAL,locality,,land,Sart,,True,True,5.878021240234375,50.46654510498047,6.049610137939453,50.54314422607422,e9d73967-3886-4291-b8d8-f9aa96def6ab
e6d9b27f-cefe-4c3c-960b-96f6992a61c2,BE,BE-WAL,microhood,,land,Rathausplatz,,True,True,6.029620170593262,50.63173294067383,6.030517101287842,50.63222122192383,317b62c1-f06e-4dec-b4fe-543adc287045
30383f51-aa42-4451-92b7-5c4bdd08840b,BE,BE-WAL,localadmin,,land,Bastogne,"[[""hy"", ""Բաստոն""], [""lb"", ""Baaschtnech""], [""ta"", ""பாஸ்டோன்""], [""fr"", ""Bastogne""], [""lv"", ""Bastoņa""], [""uk"", ""Бастонь""], [""li"", ""Bastenake""], [""el"", ""Μπαστόν""], [""la"", ""Bastonacum""], [""nl"", ""Bastenaken""], [""bg"", ""Бастон""], [""ko"", ""바스토뉴""], [""mk"", ""Бастоња""], [""de"", ""Bastnach""], [""ru"", ""Бастонь""], [""zea"", ""Bastenaeken""], [""sr-Cyrl"", ""Бастоњ""], [""es"", ""Bastoña""], [""be"", ""Бастонь""], [""ja"", ""バストーニュ""], [""lt"", ""Bastonė""], [""fa"", ""بستون""], [""zh"", ""巴斯托涅""]]",True,True,5.414796352386475,49.81960678100586,6.034388542175293,50.34830093383789,3c74e399-8afe-4faf-a51c-15357efee0e1
d80342a8-5331-4ab6-8e9f-0bb0a9ad8ed9,BE,BE-WAL,locality,,land,Warzée,"[[""ru"", ""Варзе""]]",True,True,5.384278774261475,50.430294036865234,5.452035903930664,50.46139144897461,bdb07c76-1c24-420a-b5b8-2dd1f47140fd
7fc8a766-4061-4e7d-a962-7adc68f57b90,BE,BE-WAL,locality,,land,Lommersweiler,"[[""ru"", ""Ломмерсвайлер""]]",True,True,6.111748695373535,50.230106353759766,6.2519612312316895,50.31693649291992,2cafba44-f707-4d55-9e37-d62a0957d207
cb5ddb34-0443-4b54-9dd6-b9199b9a09bf,BE,BE-WAL,microhood,,land,Place Communale,,True,True,4.983936309814453,50.55684280395508,4.984838008880615,50.55720901489258,7bde47db-dc63-4ae4-97f9-ed18afb08e2f
3e694765-0273-49ef-b391-16d2d4717161,BE,BE-WAL,locality,,land,La Reid,"[[""fr"", ""La Reid""], [""wa"", ""El Ré""]]",True,True,5.7387189865112305,50.433563232421875,5.831080913543701,50.51652145385742,2bea000b-2a92-4420-9d17-f2bd35928c2f
09bac3df-7262-4d42-bb42-6d83f71922a3,BE,BE-WAL,locality,,land,Noville,,True,True,5.706305027008057,50.01021194458008,5.824594497680664,50.117225646972656,fb4b5811-4194-413b-a86e-93f08945f7d6
5cdf89f5-5a45-423c-a446-15decc60d0e4,BE,BE-WAL,locality,,land,Flostoy,"[[""nl"", ""Flostoy""], [""ru"", ""Флотуа""], [""wa"", ""Flostwè""]]",True,True,5.1299729347229,50.352745056152344,5.214771747589111,50.407894134521484,ff3af2c7-20ec-419a-908c-8b431006e97f
9439b2c7-ae82-4379-b5c3-a96caee8704b,BE,BE-WAL,locality,,land,Malempré,"[[""ru"", ""Малампре""]]",True,True,5.6849470138549805,50.26520919799805,5.748818874359131,50.303749084472656,c4c307f3-e625-4652-ae9e-d49eb535303d
bc284470-fac2-4bcf-9d84-33aec3d650b2,BE,BE-WAL,locality,,land,Mont-Gauthier,"[[""de"", ""Mont-Gauthier""], [""nl"", ""Mont-Gauthier""], [""ru"", ""Мон-Готье""], [""wa"", ""Malåtchî""]]",True,True,5.07478141784668,50.16341018676758,5.188315391540527,50.21809005737305,b4b11aa5-fd8f-4195-a05d-15c2ac7726d9
0cdc1e86-fcde-4d48-a676-eec28840a30f,BE,BE-WAL,microhood,,land,Place Louis Baijot,,True,True,5.715921878814697,50.0109977722168,5.716300964355469,50.0113410949707,4d945d74-3a57-4e92-bb86-848bcc8424ba
198a59de-8325-477b-a4cc-f1be0f5268f1,BE,BE-WAL,locality,,land,Bilstain,"[[""fr"", ""Bilstain""], [""de"", ""Bilstein""], [""nl"", ""Bilsteen""]]",True,True,5.898332118988037,50.61109924316406,5.942185878753662,50.65314865112305,9fa9a0c8-48b6-47b3-905f-dffe4e83f135
7f2d50b8-3430-4b37-a365-2ae2e30a42b8,BE,BE-WAL,locality,,land,Bovenistier,,True,True,5.26853609085083,50.65549087524414,5.305448532104492,50.676971435546875,7dc06fb7-8625-4b64-b533-5d2e37754dab
421babcd-f874-49b1-a15c-6d009f6a4fa7,BE,BE-WAL,locality,,land,Villers-le-Temple,"[[""ru"", ""Виллер-ле-Тампль""]]",True,True,5.334264755249023,50.48845291137695,5.389897346496582,50.53708267211914,c518520e-40d2-400a-906a-7292edbacd54
ee215913-d1e4-4fcc-a8ce-bcd5b4606618,BE,BE-WAL,locality,,land,Ougrée,,True,True,5.530686378479004,50.57682418823242,5.565546989440918,50.6094856262207,7fe1edbc-8422-440d-ac30-900e7a139c14
6811e509-03de-4991-a560-56189335da63,BE,BE-WAL,locality,,land,Noville,,True,True,5.34839391708374,50.64918518066406,5.3931121826171875,50.67333221435547,40b8f2cb-724e-4b7e-b624-d1379c719ca4
fd9c3684-a4d6-46d7-8918-d26883e0b14e,BE,BE-WAL,locality,,land,Ramillies-Offus,,True,True,4.889259338378906,50.62569808959961,4.94111442565918,50.65614318847656,26c40aab-4817-42b2-b28b-1c6b57539f54
3afb8530-25f9-4dd8-ad13-dc9d1b76dda0,BE,BE-WAL,locality,,land,Cherain,"[[""fr"", ""Cherain""], [""de"", ""Keren""], [""ru"", ""Шерен""]]",True,True,5.811724662780762,50.13603591918945,5.91994047164917,50.217185974121094,9713c20f-1ccd-44c7-8977-96dd5fcb55c7
74badca0-9cf4-42bd-ab45-3a08691f7d9f,BE,BE-WAL,locality,,land,Strée,,True,True,5.283862590789795,50.47613525390625,5.343720436096191,50.5107536315918,07bb3f12-2657-4ef6-ab61-646b69c107ba
95c3930d-03f9-45cc-9d3c-18f94f8d50aa,BE,BE-WAL,locality,,land,Liège,"[[""pcd"", ""Lidje""], [""gcf"", ""Lyèj""], [""vls"", ""Luuk""], [""lb"", ""Léck""], [""ar"", ""لييج""], [""fr"", ""Liège""], [""lv"", ""Lježa""], [""eu"", ""Lieja""], [""uk"", ""Льєж""], [""li"", ""Luuk""], [""cs"", ""Lutych""], [""gl"", ""Liexa""], [""nds"", ""Lüttich""], [""el"", ""Λιέγη""], [""it"", ""Liegi""], [""ca"", ""Lieja""], [""la"", ""Leodium""], [""nl"", ""Luik""], [""zh-Hans"", ""列日""], [""bg"", ""Льеж""], [""ko"", ""리에주""], [""eo"", ""Lieĝo""], [""mk"", ""Лиеж""], [""oc"", ""Lièja""], [""de"", ""Lüttich""], [""ur"", ""لیئج""], [""fy"", ""Luik""], [""ru"", ""Льеж""], [""ml"", ""ലീജ്""], [""th"", ""ลีแยฌ""], [""pnb"", ""لیج""], [""sr-Cyrl"", ""Лијеж""], [""nds-nl"", ""Luuk""], [""zh-Hant"", ""列日""], [""he"", ""לייז'""], [""kn"", ""ಲೀಝ್""], [""wa"", ""Lîdje""], [""es"", ""Lieja""], [""hi"", ""लीज""], [""mr"", ""लीज""], [""ja"", ""リエージュ""], [""ast"", ""Liex""], [""lt"", ""Lježas""], [""kk"", ""Льеж""], [""fa"", ""لیژ""], [""zh"", ""列日""]]",True,True,5.523387432098389,50.561012268066406,5.675257205963135,50.68820571899414,84f11d5d-3226-408b-ae6e-4783a6406383
d22c87f9-38b7-4a93-9053-a3e50bf4fde4,BE,BE-WAL,locality,,land,Wancennes,"[[""wa"", ""Wancene""]]",True,True,4.934412479400635,50.045494079589844,4.981341361999512,50.104549407958984,4bb605cb-e77c-4bc7-be56-70a0642c4585
18ed451e-1968-40ff-b80e-c5689b2c50ea,BE,BE-WAL,locality,,land,Sorinnes,"[[""ru"", ""Сорин""]]",True,True,4.9427361488342285,50.246559143066406,5.047919750213623,50.28512191772461,1744ea19-0f41-4dab-bff6-33e804933ada
37d23138-4488-4951-9c5a-a70123bbda7b,BE,BE-WAL,locality,,land,Lierneux,"[[""fr"", ""Lierneux""], [""wa"", ""Lierneu""], [""ru"", ""Льернё""]]",True,True,5.702822208404541,50.254188537597656,5.881379127502441,50.36470413208008,9411a0df-9c72-44c4-9b62-77f3397a8c93
2d5b8680-90f2-4f6e-a1d8-ac1f5b34215b,BE,BE-WAL,locality,,land,Saint-Séverin,,True,True,5.387762546539307,50.51453399658203,5.431432723999023,50.54389572143555,bf8cbd13-9a39-4f0e-996d-fa0375d2cf47
405712f9-be98-4ded-9c82-7f1e615ebaee,BE,BE-WAL,locality,,land,Moxhe,"[[""ru"", ""Моксе""]]",True,True,5.0550642013549805,50.62708282470703,5.098978042602539,50.64801788330078,c6b24963-678b-4680-b529-d8318022208a
934a7af0-ec20-4193-a667-7717accd0230,BE,BE-WAL,locality,,land,Geer,"[[""ru"", ""Жер""]]",True,True,5.139952182769775,50.643348693847656,5.226912021636963,50.69832992553711,df69359e-b1a7-421a-97fd-651997b60120
77f87f1f-b803-4a33-b03b-7af47d836c43,BE,BE-WAL,locality,,land,Verlée,"[[""nl"", ""Verlée""], [""wa"", ""Verlêye""]]",True,True,5.254894733428955,50.34318161010742,5.301121234893799,50.379478454589844,16f86ce6-70c7-47aa-8e67-76c274a2b519
19318f2f-77c0-418c-be3b-8e20ba4f689f,BE,BE-WAL,locality,,land,Bastogne,"[[""hy"", ""Բաստոն""], [""lb"", ""Baaschtnech""], [""ta"", ""பாஸ்டோன்""], [""fr"", ""Bastogne""], [""lv"", ""Bastoņa""], [""uk"", ""Бастонь""], [""li"", ""Bastenake""], [""el"", ""Μπαστόν""], [""la"", ""Bastonacum""], [""nl"", ""Bastenaken""], [""bg"", ""Бастон""], [""ko"", ""바스토뉴""], [""mk"", ""Бастоња""], [""de"", ""Bastnach""], [""ru"", ""Бастонь""], [""zea"", ""Bastenaeken""], [""sr-Cyrl"", ""Бастоњ""], [""es"", ""Bastoña""], [""be"", ""Бастонь""], [""ja"", ""バストーニュ""], [""lt"", ""Bastonė""], [""fa"", ""بستون""], [""zh"", ""巴斯托涅""]]",True,True,5.538362503051758,49.90935134887695,5.8699259757995605,50.117225646972656,ea33965c-0667-434d-a317-06fe8191001d
cd4722be-b84a-4cfe-b4eb-d8971aa5fdbf,BE,BE-WAL,locality,,land,Haneffe,,True,True,5.281389236450195,50.625205993652344,5.351961135864258,50.64775848388672,02fcee96-49d7-453e-87ef-07b894b1dc30
7e55fe6c-ac1c-4a6c-9cb0-ce8eefead3bb,BE,BE-WAL,locality,,land,Francorchamps,,True,True,5.9161176681518555,50.43288803100586,6.023399353027344,50.49633026123047,79e1e61b-bc3f-4e93-8d66-281c4349cbfb
0f63885d-7439-4827-bc50-3b6a9b0acedd,BE,BE-WAL,locality,,land,Furfooz,"[[""ru"", ""Фюрфо""]]",True,True,4.924962997436523,50.19953155517578,4.9832444190979,50.23972702026367,9c3e22cc-a453-4243-8ff4-44b9c47cd90c
aac3d323-5ff7-45e5-ac39-d7442b1f0ed8,BE,BE-WAL,locality,,land,Coutisse,"[[""nl"", ""Coutisse""], [""ru"", ""Кутис""], [""wa"", ""Coutisse""]]",True,True,5.086788177490234,50.44736862182617,5.164090156555176,50.48323440551758,84b7349e-9808-4e3b-a233-51f2657e71da
98cf56ca-06e8-472a-934d-32a9e1446bc9,BE,BE-WAL,locality,,land,Vottem,,True,True,5.564730167388916,50.66462326049805,5.606820106506348,50.68706512451172,c4ba22f6-5e7b-46a6-a92a-c0e72806ad36
3181e13a-cf65-4cf9-bca9-32d6b2edbd52,BE,BE-WAL,locality,,land,Stoumont,"[[""ru"", ""Стумон""]]",True,True,5.670160293579102,50.356239318847656,5.930910110473633,50.464107513427734,6d274496-1984-460c-b80e-85c5ec6d4fbb
93fc930d-0155-49ee-b6a3-f3dd48b10dd4,BE,BE-WAL,locality,,land,Pepinster,"[[""li"", ""Pepèènster""], [""fr"", ""Pepinster""], [""wa"", ""Pèpéstêr""]]",True,True,5.751309871673584,50.53892135620117,5.855033874511719,50.60334014892578,55986c5e-ea2b-4b8a-9b06-04f2e0a43c61
1b5866c6-f74b-4226-b28d-82cb8b8a6526,BE,BE-WAL,locality,,land,Sohier,,True,True,5.01097297668457,50.02054214477539,5.0921759605407715,50.1227912902832,bdb24fd9-2f09-4799-ab43-54b0e5267a84
30ff85f8-f533-4771-8ad1-4bfcc4adfb48,BE,BE-WAL,locality,,land,Ciney,"[[""fr"", ""Ciney""], [""wa"", ""Cînè""], [""nl"", ""Ciney""], [""ru"", ""Сине""]]",True,True,5.002475261688232,50.208457946777344,5.261531352996826,50.34043884277344,734cbdb2-92d9-42e1-b69c-8d2d3d532a08
2a0a7e8b-c122-45e3-904b-166b7d0fd7ed,BE,BE-WAL,locality,,land,Vierset-Barse,"[[""ru"", ""Вьерсе-Барс""]]",True,True,5.235467910766602,50.44377136230469,5.32532262802124,50.50253677368164,8616102a-9ea7-4470-aaba-09e4e257a4c8
e4ab1c40-d44b-43d9-a743-256d9582c26c,BE,BE-WAL,locality,,land,Bolland,"[[""fr"", ""Bolland""], [""ru"", ""Боллан""]]",True,True,5.730018138885498,50.64076232910156,5.779881954193115,50.67937469482422,0d22c5a5-6b73-4521-905e-d57573a133b1
6a0c92bd-8163-40d4-9881-34e2c069ad84,BE,BE-WAL,locality,,land,Lorcé,"[[""ru"", ""Лорсе""]]",True,True,5.702578544616699,50.39973449707031,5.7903852462768555,50.43788528442383,6cd14288-ea46-434f-b191-4164502d1049
1e2a5aa2-dde7-424c-970e-1f43c41d5209,BE,BE-WAL,locality,,land,Sclayn,"[[""fr"", ""Sclayn""], [""nl"", ""Sclayn""], [""ru"", ""Склен""], [""wa"", ""Scleyin""]]",True,True,5.010669231414795,50.47174072265625,5.066484451293945,50.496124267578125,805049bb-b47d-44bc-90be-8625c0c680ce
0df16a83-bb6c-4cc0-a62b-23f77b21aca3,BE,BE-WAL,locality,,land,Saint-Nicolas,"[[""uk"", ""Сент-Ніколас""], [""fr"", ""Saint-Nicolas""], [""wa"", ""Sint-Nicolêye""], [""ru"", ""Сен-Никола""]]",True,True,5.506609916687012,50.6129150390625,5.549343585968018,50.65135955810547,0a3ddf6c-d91e-40ec-9f01-414bfcdad924
53770803-f629-4812-9aa1-dfce5159708a,BE,BE-WAL,locality,,land,Sclessin,,True,True,5.529797077178955,50.60696792602539,5.573917865753174,50.621456146240234,b4c2fc8d-9fc0-4429-8a78-17bb0a93d224
d9db28e7-1f0e-49e8-801f-0493bb0685e9,BE,BE-WAL,locality,,land,Saint-Georges-sur-Meuse,"[[""fr"", ""Saint-Georges-sur-Meuse""], [""wa"", ""Sint-Djôr-so-Mouze""]]",True,True,5.326126575469971,50.560760498046875,5.3944268226623535,50.63336944580078,2e89a7cb-435a-4b35-8a1b-bdaa023092c0
14641469-8911-49b7-bc0d-265bb056c6e4,BE,BE-WAL,locality,,land,Hollogne-sur-Geer,"[[""ru"", ""Оллонь-сюр-Жер""]]",True,True,5.177288055419922,50.65804672241211,5.226912021636963,50.69428253173828,0276b37a-c4a1-4577-aca9-5778712d4c13
c9310595-b2f4-4af4-859f-1e38748dd139,BE,BE-WAL,locality,,land,Beaufays,"[[""ru"", ""Бофе""]]",True,True,5.606079578399658,50.549583435058594,5.675950050354004,50.5786247253418,9501df4a-80cc-4423-b453-75cbf2389748
5c72c19d-4c89-43fd-bea6-e210241febe6,BE,BE-WAL,locality,,land,Xhendelesse,"[[""fr"", ""Xhendelesse""], [""ru"", ""Ксанделис""]]",True,True,5.757564067840576,50.59502410888672,5.793642044067383,50.632164001464844,a7c6141e-bab0-4420-b7f5-14cde1f3b346
9707a7be-e48a-4b16-a8b7-171b1f2dd454,BE,BE-WAL,locality,,land,Limbourg,"[[""fr"", ""Limbourg""], [""it"", ""Limburgo""], [""la"", ""Limburgum""], [""nl"", ""Limburg""], [""de"", ""Limburg""], [""wa"", ""Limbôr""]]",True,True,5.898332118988037,50.57628631591797,5.983917236328125,50.65314865112305,72901959-42aa-49fe-95a4-8849485cf955
60a79315-5524-428a-9be8-9b9a15c44354,BE,BE-WAL,locality,,land,Forville,"[[""fr"", ""Forville""], [""nl"", ""Forville""], [""ru"", ""Форвиль""], [""wa"", ""Forveye""]]",True,True,4.9803619384765625,50.55418395996094,5.034399032592773,50.60053253173828,c906f059-fa30-438a-a302-59722d5c9193
61ac939d-cd1c-48f9-af54-dbfe3e960cdb,BE,BE-WAL,locality,,land,Sougné-Remouchamps,,True,True,5.6725544929504395,50.43452072143555,5.793222427368164,50.52128982543945,3ce6384a-9832-41fc-82c7-502227e0735b
523afd1f-1837-415e-9f6d-9506fcf09e41,BE,BE-WAL,locality,,land,Tavier,"[[""ru"", ""Тавье""]]",True,True,5.437898635864258,50.46544647216797,5.504767417907715,50.522972106933594,eb0b7d1f-182c-4b4d-8651-7c939a5ad43e
4499fade-7d79-49ec-a3aa-ba520355a4c7,BE,BE-WAL,locality,,land,Bende,"[[""ru"", ""Банд""]]",True,True,5.405903339385986,50.39100646972656,5.465299606323242,50.43061447143555,48da53f2-a1e3-488d-acc5-37f8b9fd380b
4679b2cc-7be1-458c-befe-d98dec13e64d,BE,BE-WAL,neighborhood,,land,Cité du Bernalmont,,True,True,5.595606327056885,50.6628532409668,5.5973286628723145,50.66378402709961,37521c96-b741-45fc-9f5f-d3ac8844fe56
574d8269-85f5-4c69-94c4-648b7789237d,BE,BE-WAL,locality,,land,Lisogne,,True,True,4.917726993560791,50.27027893066406,4.975211143493652,50.30467987060547,1269b7c8-4f07-44da-9149-aa80be2b354b
34b46693-4936-4fa3-8b21-b93ba58d13b7,BE,BE-WAL,locality,,land,Somme-Leuze,"[[""fr"", ""Somme-Leuze""], [""wa"", ""Some-Leuze""], [""nl"", ""Somme-Leuze""], [""ru"", ""Сом-Лёз""]]",True,True,5.214269161224365,50.23899841308594,5.402670860290527,50.38837432861328,2c5f8091-9591-4273-9e27-12ffd256fdac
0068a318-7de0-49a5-959d-b68816f1949a,BE,BE-WAL,locality,,land,Redu,"[[""ru"", ""Редю""]]",True,True,5.123877048492432,49.97750473022461,5.184683799743652,50.04576110839844,113cf52c-8861-47d3-9277-d624f255fb2a
103f3ad5-0658-45ca-9c1b-0fff430eaff5,BE,BE-WAL,locality,,land,Soiron,"[[""fr"", ""Soiron""], [""wa"", ""Sweron""]]",True,True,5.766666889190674,50.57761764526367,5.806586265563965,50.60334014892578,95bc2a31-eb07-4a65-a820-0c6fd27df0ef
21a47a68-bf61-4c15-abbc-650dd5553a8d,BE,BE-WAL,locality,,land,Bande,"[[""ru"", ""Банд""]]",True,True,5.395334720611572,50.11159133911133,5.466563701629639,50.17914962768555,0d86f75f-f374-4406-b16a-12c9b003051f
56f7b588-c4fb-40c9-9461-2712dda74c69,BE,BE-WAL,locality,,land,Dison,"[[""fr"", ""Dison""], [""ru"", ""Дизон""], [""wa"", ""Dizon""]]",True,True,5.838186740875244,50.596702575683594,5.914244174957275,50.63386917114258,7f0ace93-2683-41d2-b216-3efeaa560c87
bf5fc987-dea1-4f98-892e-8920928ff3e9,BE,BE-WAL,locality,,land,Welkenraedt,"[[""fr"", ""Welkenraedt""], [""li"", ""Wellekete""], [""ksh"", ""Wälekete""], [""nl"", ""Welkenraat""], [""de"", ""Welkenrath""], [""ru"", ""Велкенрадт""], [""wa"", ""Welkenrote""]]",True,True,5.884417533874512,50.62641143798828,6.000339508056641,50.69948196411133,555229fe-c753-42d1-b957-b7d642a261a3
95200f47-ec0a-424a-83ea-c8b3b297e152,BE,BE-WAL,locality,,land,Warnant-Dreye,"[[""ru"", ""Варнан-Дре""]]",True,True,5.18991756439209,50.57511520385742,5.254725456237793,50.611019134521484,b19e847e-0990-46d8-b2fc-a6c67583a796
d493ec55-2995-4445-a199-8f54155c5d50,BE,BE-WAL,microhood,,land,Esplanade Saint Léonard,,True,True,5.583519458770752,50.64789962768555,5.585718154907227,50.649879455566406,3014a6a2-139d-4f4f-a899-aada89e1f6ed
8f08ea87-ca1f-4372-8045-69861dfa9a08,BE,BE-WAL,locality,,land,Fronville,"[[""ru"", ""Фронвиль""]]",True,True,5.369510173797607,50.25762939453125,5.437384605407715,50.319034576416016,fb1d467e-2513-49ff-97d7-69c99fd46cef
30617753-2cd9-46c6-b2eb-7fa4e64efd01,BE,BE-WAL,locality,,land,Arville,"[[""ru"", ""Арвиль""]]",True,True,5.265514373779297,50.00318908691406,5.359225749969482,50.059425354003906,87ed2d43-0a20-4af0-8b7f-b33ec918943b
868c59fb-61a5-49e2-aa7a-30afb477e759,BE,BE-WAL,locality,,land,Méan,"[[""nl"", ""Méan""], [""wa"", ""Meyon""]]",True,True,5.318061828613281,50.335453033447266,5.363184452056885,50.38651657104492,4c138a24-4c92-4b14-9f73-b0d3d5b30673
6b45b40b-1089-4023-9ef4-da6b068a1fe9,BE,BE-WAL,locality,,land,Melen,"[[""fr"", ""Melen""], [""ru"", ""Мелан""], [""wa"", ""Mélin-e-Payis-d'-Heve""]]",True,True,5.720465183258057,50.6309928894043,5.766678810119629,50.663246154785156,1edddc8b-e8ae-4b68-9f84-61bd264c49fd
de2ea5ee-3823-42e3-ac3b-b4e49a1fc11c,BE,BE-WAL,locality,,land,Marcourt,"[[""ru"", ""Маркур""]]",True,True,5.507885932922363,50.20079040527344,5.612153053283691,50.24332046508789,d959ed95-d054-49f5-9fb1-6825b5739a46
cb3d1c41-a677-4069-a28a-ca9150af214e,BE,BE-WAL,locality,,land,Arbrefontaine,"[[""ru"", ""Арбрефонтен""]]",True,True,5.812242031097412,50.27977752685547,5.869289398193359,50.327823638916016,ac7ce120-c591-4baf-bd82-af0c3dbc5ee7
61943737-e7b7-42f2-812b-1854ae1d575f,BE,BE-WAL,locality,,land,Walhorn,"[[""ru"", ""Вальхорн""]]",True,True,6.001795768737793,50.6512565612793,6.0727715492248535,50.7036247253418,eb0a482b-c4cb-4524-bc03-bc9a05804c1c
a45d378a-1b00-47d1-a2d3-486ab423e057,BE,BE-WAL,locality,,land,Buissonville,"[[""nl"", ""Buissonville""], [""ru"", ""Бьюисонвиль""], [""wa"", ""Bouxhonveye""]]",True,True,5.149454593658447,50.19322967529297,5.246119976043701,50.238277435302734,aa124d3c-a61d-4175-8174-02c2ac7427db
1614f3fc-1e28-48c0-8117-1715ff0eb7a4,BE,BE-WAL,locality,,land,Malmedy,"[[""fr"", ""Malmedy""], [""ksh"", ""Malemder""], [""la"", ""Malmunderium""], [""bg"", ""Малмеди""], [""ru"", ""Мальмеди""], [""wa"", ""Måmdey""], [""ja"", ""マルメディ""], [""zh"", ""马尔梅迪""]]",True,True,5.969648838043213,50.35030746459961,6.1136369705200195,50.51904296875,9f33f3b4-5532-4c59-ab69-d5680c4ec60e
77a6afbb-b810-4623-b6a2-5e3f91194ebd,BE,BE-WAL,locality,,land,Roy,,True,True,5.377900123596191,50.157325744628906,5.473150253295898,50.22749710083008,e2d45fb0-5f7b-45f8-8372-c98843ca3c0b
21dd4835-e8ea-410f-8c26-492a7888697a,BE,BE-WAL,neighborhood,,land,Schönberg (Büllingen),,True,True,6.26703405380249,50.30900955200195,6.311072826385498,50.347476959228516,a88ff8c8-8d98-4d26-b1d0-ccc77b4a3603
8c8b238e-a641-49f0-b40e-58c515f68657,BE,BE-WAL,locality,,land,Soumagne,"[[""fr"", ""Soumagne""], [""ru"", ""Сумань""], [""wa"", ""Soûmagne""]]",True,True,5.689271926879883,50.59927749633789,5.7689032554626465,50.66653060913086,52c336c8-5c47-4df1-8e89-f46c96393d0a
b117b174-08cf-4d96-af59-59806bcd3075,BE,BE-WAL,locality,,land,Baelen,"[[""fr"", ""Baelen""], [""wa"", ""Bailou""], [""de"", ""Balen""]]",True,True,5.934078216552734,50.519649505615234,6.1396918296813965,50.64995193481445,91d8b07f-6d99-4755-9f2d-b3189f48f01b
6f94394b-8adc-4b17-ba11-2d851bfdf24d,BE,BE-WAL,locality,,land,Thisnes,,True,True,5.014147758483887,50.643348693847656,5.065545082092285,50.68443298339844,4d8115cb-fb26-427a-9682-3c58daa075a0
e268f01a-7ae2-43c7-8b81-01a83c6563a2,BE,BE-WAL,microhood,,land,Place du Bronze,,True,True,5.576117992401123,50.18004608154297,5.576633453369141,50.180397033691406,53fb853c-8359-4798-9074-82b6dc30fc02
a8bba696-cae3-4777-9d54-d0924d7e9bcb,BE,BE-WAL,locality,,land,Meyerode,"[[""ru"", ""Майероде""]]",True,True,6.114697456359863,50.284515380859375,6.286047458648682,50.34431457519531,75b9648a-cb2b-4c37-b79d-3516384021bb
a9007d9b-552e-406d-b7d2-b1cd114dbd4c,BE,BE-WAL,locality,,land,Blehen,,True,True,5.108270168304443,50.658023834228516,5.137347221374512,50.675209045410156,41d0dd91-c278-42cc-9986-32d2bd9a26cc
627c117d-1916-47fc-96af-456b0277ee06,BE,BE-WAL,localadmin,,land,Waremme,"[[""fr"", ""Waremme""], [""nl"", ""Borgworm""], [""ru"", ""Варем""]]",True,True,4.979306697845459,50.560760498046875,5.440767288208008,50.75077438354492,7236a17b-68e4-466e-b424-a6ad503aaf00
da4c52e7-8d1a-4f7d-9fdf-51f7d6d005ec,BE,BE-WAL,locality,,land,Grupont,"[[""ru"", ""Грюпон""]]",True,True,5.270467281341553,50.070281982421875,5.316620349884033,50.098533630371094,3cbb838e-6b70-4e80-8356-8fa2beecd7e7
ad3c3c03-81c8-4309-816c-a458a128e221,BE,BE-WAL,locality,,land,Harzé,"[[""ru"", ""Арзе""]]",True,True,5.6357550621032715,50.399139404296875,5.711212635040283,50.45372009277344,4487d0e3-84f2-4dc1-8b83-b0627ea8e500
edf4d6fe-df29-4754-819a-c8902bac425b,BE,BE-WAL,locality,,land,Polleur,"[[""fr"", ""Polleur""], [""wa"", ""Poleur""]]",True,True,5.83198356628418,50.51830291748047,5.921139717102051,50.5676383972168,a6f62d9e-6dd1-400a-924c-3a071c3eb2cd
7a13ea10-9981-42e7-8874-722a11d420dc,BE,BE-WAL,locality,,land,Loyers,"[[""fr"", ""Loyers""], [""wa"", ""Loyi""]]",True,True,4.913777828216553,50.441856384277344,4.970111846923828,50.473968505859375,1e1a5762-fe92-4b6a-9b75-014c40190cc8
69a3d642-cdd2-49e6-bf50-552f948fe5c5,BE,BE-WAL,locality,,land,Lavoir,,True,True,5.108082294464111,50.54098892211914,5.1424784660339355,50.570159912109375,1a098a84-6e43-4caa-864a-6fb3fe9bcf83
d87da631-63cc-4afa-a890-c67e68b6fdb1,BE,BE-WAL,locality,,land,Samrée,"[[""ru"", ""Самре""]]",True,True,5.6040568351745605,50.15619659423828,5.744326114654541,50.230621337890625,115d3890-27a5-4d8b-bb95-c6fb5630c61c
181db094-bce4-47ae-8915-5d2d665ed0fd,BE,BE-WAL,microhood,,land,Place Sainte-Barbe,,True,True,5.584041118621826,50.64497375488281,5.584808826446533,50.645328521728516,1e36bb6b-0af6-46c6-a52e-e8fec185cc94
c756917d-cd93-4f7f-bc97-89c4f3807a89,BE,BE-WAL,locality,,land,Bihain,"[[""ru"", ""Биен""]]",True,True,5.709666728973389,50.21890640258789,5.915151596069336,50.26947784423828,6a0c8058-9e15-4099-8bef-cd899c8e2f25
76c15ae6-f8c0-4ad4-a907-fe0091e3223f,BE,BE-WAL,locality,,land,Hour,"[[""wa"", ""Hour-dilé-Houyet""]]",True,True,4.9993743896484375,50.132137298583984,5.057906627655029,50.19701385498047,7057d306-0769-46f3-8e89-923b1bc3bb93
2453280e-785c-49e1-bc96-615fc8cb94ce,BE,BE-WAL,locality,,land,Halleux,,True,True,5.484561443328857,50.15707778930664,5.536035537719727,50.187835693359375,700f5f0a-5215-4af9-af5d-a6a91f3a5a0a
0eb8a68e-312c-4ea2-a755-0b2751a8564a,BE,BE-WAL,locality,,land,Ouffet,"[[""fr"", ""Ouffet""], [""wa"", ""Oufet""], [""ru"", ""Уффе""]]",True,True,5.384278774261475,50.40761947631836,5.536881923675537,50.482757568359375,5518fffd-8888-4f66-8c33-2da1663a1a59
bfa166ea-c0ea-45a9-922b-16ab2985ace8,BE,BE-WAL,locality,,land,Marchovelette,"[[""nl"", ""Marchovelette""], [""wa"", ""Måtchovlete""]]",True,True,4.917022705078125,50.504730224609375,4.954139232635498,50.53870391845703,96c7b406-dd2a-4426-9f2a-cac4fda2f0da
f69008df-cae4-4490-8dc7-3aa233b58b58,BE,BE-WAL,locality,,land,Filot,"[[""ru"", ""Фило""]]",True,True,5.545097827911377,50.412845611572266,5.623082637786865,50.436790466308594,f97ea173-7f4e-48f6-a418-07e28f35dd72
6a7094cc-69fe-44e8-8057-a24e0736e490,BE,BE-WAL,locality,,land,Huy,"[[""ar"", ""هوي""], [""fr"", ""Huy""], [""uk"", ""Юї""], [""li"", ""Hoei""], [""la"", ""Hoium""], [""nl"", ""Hoei""], [""bg"", ""Юи""], [""ru"", ""Юи""], [""wa"", ""Hu""], [""ja"", ""ユイ""], [""fa"", ""اویی""], [""zh"", ""于伊""]]",True,True,5.128977298736572,50.46766662597656,5.3237528800964355,50.53887176513672,925a10e7-80fe-4ff4-9689-bbc806579fa9
56553962-c90d-472a-88a6-7b9e2e4d73b6,BE,BE-WAL,locality,,land,Ciplet,,True,True,5.080558776855469,50.598140716552734,5.108086109161377,50.63161087036133,efcf3f42-912c-4b96-a9ec-57a1404e5101
ff14299c-1240-43d3-b6be-4f163b56f831,BE,BE-WAL,locality,,land,Marnette,,True,True,5.124422550201416,50.565086364746094,5.166915416717529,50.60820007324219,57919e9c-d714-4018-8a8b-249685d70b10
d601c167-64aa-4a2d-affb-f3c6d5b835da,BE,BE-WAL,locality,,land,Resteigne,,True,True,5.152410984039307,50.03627395629883,5.201985836029053,50.10080337524414,a7c5d825-1685-41cd-b4e9-01c7bcc16cd7
1c15ad79-e3f3-4ad6-b272-3bab6befddcc,BE,BE-WAL,locality,,land,Houx,"[[""wa"", ""Hou""]]",True,True,4.891502857208252,50.28089904785156,4.927293300628662,50.30935287475586,052da95e-42fe-4b38-86cc-d742585bcf69
6701ccf3-d6b1-498b-b8bc-1c930cb66367,BE,BE-WAL,locality,,land,Ocquier,"[[""ru"", ""Окье""]]",True,True,5.378894329071045,50.379302978515625,5.429414749145508,50.41401672363281,4ba26823-252a-4aaf-875c-f6cded5db29a
4441b4c6-27bf-4136-a560-8604e9da9497,BE,BE-WAL,locality,,land,Boneffe,"[[""nl"", ""Boneffe""], [""wa"", ""fr:Bounéfe""]]",True,True,4.9397430419921875,50.60295104980469,4.978796005249023,50.64580535888672,42181924-81fe-4482-b14a-43f280173bd8
1b3c2b9f-9e5d-4af5-9950-231728922355,BE,BE-WAL,neighborhood,,land,Ovifat,,True,True,6.063018321990967,50.45168685913086,6.121581077575684,50.52241897583008,d1c6b90c-069d-4422-a6d1-45da6f6073a2
c7252425-e278-4da9-8902-8076c373937b,BE,BE-WAL,locality,,land,Mohiville,"[[""nl"", ""Mohiville""], [""ru"", ""Моивиль""], [""wa"", ""Mohivîye""]]",True,True,5.163578510284424,50.29815673828125,5.214114665985107,50.34548568725586,6e48b372-5e8e-4ce5-80be-a3c4607df5b6
6cf56fa7-2fb9-489d-bac1-a43e6e4989e4,BE,BE-WAL,locality,,land,Amel,"[[""lb"", ""Amel""], [""fr"", ""Amblève""], [""li"", ""Amel""], [""br"", ""Amel""], [""ca"", ""Amel""], [""nl"", ""Amel""], [""bg"", ""Амел""], [""eo"", ""Amel""], [""oc"", ""Amblève""], [""de"", ""Amel""], [""ru"", ""Амель""], [""wa"", ""Ambleve""], [""fa"", ""امل""], [""zh"", ""阿梅尔""]]",True,True,6.0697245597839355,50.284515380859375,6.286047458648682,50.405059814453125,673f1d98-c880-4a0e-b54c-e81c7c466c84
ebc19dcf-18a1-471b-8181-5cdafdb61347,BE,BE-WAL,locality,,land,Heppenbach,"[[""ru"", ""Хеппенбах""]]",True,True,6.170993804931641,50.335845947265625,6.276952743530273,50.398231506347656,13cb4aa6-d64b-49fd-8a24-8973b2713fe9
f4cc226a-3fc8-4e19-a30a-c95caca1ef10,BE,BE-WAL,locality,,land,Grandmenil,"[[""ru"", ""Гранмениль""]]",True,True,5.595296382904053,50.24897384643555,5.721482276916504,50.36110305786133,34b4bb8e-11dc-4311-b925-fc87d679e70d
385a3233-6ffa-472a-9171-1a2b7db1fd43,BE,BE-WAL,locality,,land,Wavreille,"[[""nl"", ""Wavreille""], [""wa"", ""Wavreye""]]",True,True,5.174673080444336,50.0967903137207,5.270158767700195,50.136539459228516,184d3bdd-ae5a-4002-b25e-6e4d3d88822e
6bbceff9-4436-4bb4-81a7-bdebd0b4b895,BE,BE-WAL,locality,,land,Bierset,"[[""ru"", ""Бьерсе""]]",True,True,5.435919761657715,50.64397430419922,5.476675987243652,50.6607780456543,c33354d2-4307-4169-bc7b-d3aa81eb6241
13835e82-26b5-4b2f-aa92-46f78a802dce,BE,BE-WAL,locality,,land,Battice,"[[""fr"", ""Battice""], [""ru"", ""Баттис""]]",True,True,5.752028465270996,50.60704803466797,5.842938423156738,50.67913818359375,a014a984-7f8f-4231-bd02-cbcfe4627581
5147e799-f99e-453a-b6fd-9b63ff4eef7e,BE,BE-WAL,locality,,land,Foy-Notre-Dame,,True,True,4.967921733856201,50.22459411621094,5.003325462341309,50.25040054321289,fe5d4edd-cd46-492c-a7ce-e21a2ab55577
4a87da06-5da6-4c24-9cc3-17c70b730a15,BE,BE-WAL,locality,,land,Queue-du-Bois,,True,True,5.654201507568359,50.623600006103516,5.693609714508057,50.64140319824219,00f0e431-ef7e-44e7-bc39-c089d3d29a39
948fca70-2605-448c-9649-3bf39687218b,BE,BE-WAL,locality,,land,Waimes,"[[""fr"", ""Waimes""], [""de"", ""Weismes""], [""ru"", ""Вэм""], [""wa"", ""Waime""]]",True,True,6.063018321990967,50.374183654785156,6.234464168548584,50.57042694091797,371d57a5-12b7-495e-bb20-7a3faa530b8c
671e8e99-d89f-46b0-a141-8ccabceb9383,BE,BE-WAL,locality,,land,Dinant,"[[""hy"", ""Դինանտ""], [""ar"", ""دِنان""], [""fr"", ""Dinant""], [""uk"", ""Дінан""], [""el"", ""Ντινάν""], [""la"", ""Dionantum""], [""zh-Hans"", ""迪南""], [""bg"", ""Динан""], [""ckb"", ""دیانانت""], [""ko"", ""디낭""], [""mk"", ""Динан""], [""ru"", ""Динан""], [""zh-Hant"", ""迪南""], [""he"", ""דינאן""], [""be"", ""Дынан""], [""ja"", ""ディナン""], [""fa"", ""دینان""]]",True,True,4.854426383972168,50.18023681640625,5.047919750213623,50.30467987060547,ca9ce6b1-8195-4549-bd3a-8eb2428f588c
8eaefb76-a09a-4888-8610-2b561cd6cd34,BE,BE-WAL,locality,,land,Nettinne,"[[""nl"", ""Nettinne""], [""ru"", ""Неттин""], [""wa"", ""Netene""]]",True,True,5.234318733215332,50.27955627441406,5.284945011138916,50.31360626220703,e909c6e0-8a36-4bec-870a-76576c634398
b7f66198-8712-4199-aeb9-b8a1f559c42f,BE,BE-WAL,microhood,,land,Place du Docteur Charles Govaerts,,True,True,5.719278812408447,50.003963470458984,5.7196431159973145,50.00422668457031,2a93a4b2-6467-4136-b177-6df36867a872
f6cfc791-402b-439b-b5bb-62a228aee9ad,BE,BE-WAL,locality,,land,Beausaint,"[[""ru"", ""Босен""]]",True,True,5.459629058837891,50.12378692626953,5.577687740325928,50.191768646240234,56a34c78-a06a-4088-925e-c9df881a920b
3d19f44c-30db-4c92-b459-1af9819ccb73,BE,BE-WAL,locality,,land,Wanne,,True,True,5.8711018562316895,50.32741165161133,6.002039909362793,50.38320541381836,c8ae5e76-11e0-4a36-8e49-5c0b20aa1a11
7c899c6b-86bc-444f-8a81-a6fdcf618f92,BE,BE-WAL,locality,,land,Mesnil-Église,"[[""ru"", ""Мениль-Эглиз""], [""wa"", ""Mwinne-Eglijhe""]]",True,True,4.942843914031982,50.15104293823242,4.997672080993652,50.201759338378906,b3d2da3f-e140-4d8a-9598-5f2ae9a59c61
358cd64b-9987-4ff3-b858-87083f8187b2,BE,BE-WAL,locality,,land,Aye,"[[""fr"", ""Aye""], [""ru"", ""Э""]]",True,True,5.252018451690674,50.19446563720703,5.3285369873046875,50.24900436401367,1fcc7d14-0ca2-416c-9291-45e0f40cfd4e
46bc337e-d75c-4722-aab8-29504a566bfc,BE,BE-WAL,microhood,,land,Place François Faniel,,True,True,5.214395999908447,50.53568649291992,5.215888500213623,50.536376953125,b7bf8362-3d0f-42cd-9b0c-945b5ac283c6
dc15bb96-46b7-424d-934f-c6f57db58887,BE,BE-WAL,locality,,land,Les Waleffes,"[[""ru"", ""Ле-Валеф""]]",True,True,5.192228317260742,50.6213493347168,5.248093605041504,50.65114974975586,f8a7c0e8-953a-4cdb-a0eb-5d90e9c9c622
1a4bfb89-0333-47fc-964a-611cc2052f5e,BE,BE-WAL,locality,,land,Hollogne-aux-Pierres,,True,True,5.431563854217529,50.621150970458984,5.494693279266357,50.660308837890625,c90cd4e9-dddc-44a3-97f3-e524c28b00b2
9ae96de6-2dcd-407a-bc5b-8049622e1b4e,BE,BE-WAL,locality,,land,Jehay-Bodegnée,,True,True,5.28519868850708,50.56352233886719,5.344241142272949,50.59187316894531,eb61017f-6e9d-4dbe-89f3-184e90dd88b0
40892287-76f9-4b3a-84ad-92f908999fe9,BE,BE-WAL,locality,,land,Marchin,"[[""fr"", ""Marchin""], [""wa"", ""Mårcin""], [""ru"", ""Маршен""]]",True,True,5.196835041046143,50.427024841308594,5.28456449508667,50.507789611816406,0c0c47a3-5182-41f2-a01e-026cedc260a0
29da0fee-ffbe-4db6-b6b2-44931f3b6491,BE,BE-WAL,locality,,land,Burg-Reuland,"[[""lb"", ""Reiland""], [""fr"", ""Burg-Reuland""], [""bg"", ""Бург Ройланд""], [""de"", ""Burg-Reuland""], [""ru"", ""Бург-Ройланд""], [""fa"", ""بورگ-رولان""], [""zh"", ""布尔格—罗伊兰德""]]",True,True,6.008692264556885,50.129478454589844,6.192496299743652,50.26460647583008,0943b53a-9472-4c6e-a248-783135d4af53
a26de839-b650-4f8a-9c53-e677a2a196ff,BE,BE-WAL,locality,,land,Thynes,"[[""ru"", ""Тин""]]",True,True,4.9723334312438965,50.269996643066406,5.0190606117248535,50.30181884765625,4e7857d6-ecc1-4656-80c6-03c2d18e5416
cbc897ff-d42e-487e-866a-6901df0d77fb,BE,BE-WAL,microhood,,land,Place de la Grimpette,,True,True,5.866016387939453,50.60658264160156,5.866862773895264,50.60712814331055,578cc549-b9ff-4a40-8b18-ec8783a95760
3f8748e4-fd59-4c2c-878d-412716789091,BE,BE-WAL,locality,,land,Borlez,,True,True,5.227529048919678,50.62236022949219,5.264077663421631,50.64406967163086,75fbf767-5bc3-4a7b-b60c-91aff2d3cc66
32841c36-3dfa-4536-bb13-4f14d477aa30,BE,BE-WAL,locality,,land,Leignon,"[[""nl"", ""Leignon""], [""ru"", ""Леньон""], [""wa"", ""Legnon""]]",True,True,5.071066856384277,50.227447509765625,5.163303852081299,50.27888107299805,63aba8c6-0c2a-416a-95ae-a01efd2ad71e
62370e8b-57dd-4894-8067-9a1282f00f5b,BE,BE-WAL,locality,,land,My,,True,True,5.548028469085693,50.393951416015625,5.621918678283691,50.42754364013672,5d5575cc-6fec-4268-978f-623874158727
a666e482-dc22-457d-97e4-c384eee65bf8,BE,BE-WAL,locality,,land,Froidfontaine,"[[""wa"", ""Froedfontinne""]]",True,True,4.973249912261963,50.02721405029297,5.0290350914001465,50.07027816772461,5145bcfd-fa9c-4672-9ee8-b7d4017a5c5a
fe2cb346-f7a8-4de1-b38a-8496f941178e,BE,BE-WAL,locality,,land,Cortil-Wodon,"[[""nl"", ""Cortil-Wodon""], [""wa"", ""Corti-Wodon""]]",True,True,4.930578708648682,50.54878234863281,4.991959571838379,50.58908462524414,f0c5e329-c41c-4f62-b463-e375f10c72a4
0215dac6-f995-4a02-872b-0276b258efd8,BE,BE-WAL,locality,,land,Oteppe,"[[""ru"", ""Отеп""]]",True,True,5.100613594055176,50.56278991699219,5.138482570648193,50.601898193359375,1989edd5-75fa-42ad-bca8-b0215881a30e
47c4bd0c-0ff3-484b-ad85-80e3d722c52b,BE,BE-WAL,locality,,land,Petit-Thier,"[[""ru"", ""Пти-Тьер""]]",True,True,5.947567462921143,50.234432220458984,6.017283916473389,50.32402420043945,c1c6a5a6-774f-4ffa-b96c-20dce074cef7
538d164d-3a60-48d9-b1f0-d07dcf2106fc,BE,BE-WAL,locality,,land,Porcheresse,"[[""fr"", ""Porcheresse""], [""nl"", ""Porcheresse""], [""wa"", ""Poitchrece-e-Condroz""]]",True,True,5.208922386169434,50.294071197509766,5.26117467880249,50.35039520263672,5833e9dd-9659-49e7-85c9-c251929d49ea
2534c074-9b3e-4a1f-8278-8b6f1f906eb9,BE,BE-WAL,locality,,land,Avennes,"[[""ru"", ""Авен""]]",True,True,5.096089839935303,50.624446868896484,5.127172946929932,50.6407356262207,f2a8867b-a4c6-4cda-85ee-3413b764e076
7cb9cd9b-c9ef-4af7-8eba-2edc14d03a67,BE,BE-WAL,locality,,land,Boncelles,"[[""ru"", ""Бонсель""]]",True,True,5.522872447967529,50.56005096435547,5.553571701049805,50.58289337158203,8cf73648-ad0a-4c45-839c-b1a9bae38397
2a619208-0e83-4fcc-9ab4-252c52c15d76,BE,BE-WAL,localadmin,,land,Dinant,"[[""hy"", ""Դինանտ""], [""ar"", ""دِنان""], [""fr"", ""Dinant""], [""uk"", ""Дінан""], [""el"", ""Ντινάν""], [""la"", ""Dionantum""], [""zh-Hans"", ""迪南""], [""bg"", ""Динан""], [""ckb"", ""دیانانت""], [""ko"", ""디낭""], [""mk"", ""Динан""], [""ru"", ""Динан""], [""zh-Hant"", ""迪南""], [""he"", ""דינאן""], [""be"", ""Дынан""], [""ja"", ""ディナン""], [""fa"", ""دینان""]]",True,True,4.726418972015381,49.78553771972656,5.402670860290527,50.41728591918945,d51622d4-90ae-4c32-8d0c-721c9328cbea
47996d90-433a-499a-a1dd-62925fccbb7c,BE,BE-WAL,locality,,land,Les Avins,"[[""ru"", ""Лез-Авен""]]",True,True,5.260046005249023,50.39437484741211,5.325994491577148,50.42506408691406,eebbc29d-76fc-42cc-8f37-c578238bf74a
7a6f2c70-df85-4f01-9044-6e9ce0b6bb17,BE,BE-WAL,locality,,land,Tohogne,"[[""ru"", ""Тоонь""]]",True,True,5.435009002685547,50.35573959350586,5.534729957580566,50.4251823425293,78c95272-1c28-4b36-b1ff-a77cb26961d8
b7e98c40-4b69-4517-9e46-9fb9becf0954,BE,BE-WAL,locality,,land,Henri-Chapelle,"[[""fr"", ""Henri-Chapelle""], [""de"", ""Heinrichskapelle""], [""nl"", ""Hendrik-Kapelle""], [""ru"", ""Анри-Шапель""]]",True,True,5.884417533874512,50.62641143798828,5.967171669006348,50.69948196411133,fd4920a5-2b55-44a3-8177-9fdb7fa1e544
20a2e21c-b18e-4b21-82a6-0aa6e8327288,BE,BE-WAL,microhood,,land,Place des Carmes,,True,True,5.572854995727539,50.63869094848633,5.5739946365356445,50.63945770263672,53e067b2-9859-4bea-9284-ed78a86398ef
ccf0472c-d6f4-4ae7-8328-ffff99be6774,BE,BE-WAL,neighborhood,,land,Parc du Bay Bonnet,,True,True,5.68639612197876,50.61100769042969,5.690169334411621,50.613555908203125,fc64e5e5-0db5-4147-8664-5ca8671a4e0b
acf84d61-1060-4aa0-b4e7-ec0f08af5a98,BE,BE-WAL,locality,,land,Avin,,True,True,5.047173023223877,50.59847640991211,5.084178924560547,50.630733489990234,1ac11ef2-4d65-4ba7-8869-c924e2aaa83d
80383115-bfe6-40a2-85a0-227c8ad8b928,BE,BE-WAL,locality,,land,Jupille-sur-Meuse,"[[""pcd"", ""Jupille-su-Meuse""], [""fr"", ""Jupille-sur-Meuse""], [""wa"", ""Djoupèye""]]",True,True,5.614155292510986,50.626869201660156,5.663372993469238,50.653472900390625,c197b89f-60f7-4272-86ba-6b09f44a8899
b19cb2c0-dc96-4a29-bb54-a4556b91c92e,BE,BE-WAL,locality,,land,Sorée,"[[""nl"", ""Sorée""], [""ru"", ""Соре""], [""wa"", ""Sorêye""]]",True,True,5.090791702270508,50.37312316894531,5.145114898681641,50.413021087646484,a6113d90-70b7-4032-8158-9931e5e9428a
ac788b26-a491-417a-9703-3884ce03252a,BE,BE-WAL,localadmin,,land,Huy,"[[""ar"", ""هوي""], [""fr"", ""Huy""], [""uk"", ""Юї""], [""li"", ""Hoei""], [""nl"", ""Hoei""], [""bg"", ""Юи""], [""ru"", ""Юи""], [""wa"", ""Hu""], [""ja"", ""ユイ""], [""fa"", ""اویی""], [""zh"", ""于伊""]]",True,True,5.027456760406494,50.36494827270508,5.709338665008545,50.63716506958008,53a0a03f-edce-4722-be21-76d983822066
ce6c283a-5497-469d-98ae-6a368c67d3f6,BE,BE-WAL,locality,,land,Haut-Fays,,True,True,4.973023891448975,49.977516174316406,5.062283992767334,50.04542541503906,1e07d4d5-225b-46c7-ad3f-01d60d847a11
810c0145-392b-4c26-b276-daee5134c266,BE,BE-WAL,locality,,land,Jemeppe-sur-Meuse,,True,True,5.4756317138671875,50.60396194458008,5.5234832763671875,50.62862014770508,2b15e0e6-ddc4-4d07-a78c-0a7b8862b0d9
d8ca1abd-cd7e-48fd-a09f-e1dd14900703,BE,BE-WAL,locality,,land,Natoye,"[[""nl"", ""Natoye""], [""ru"", ""Натуа""], [""wa"", ""Natôye""]]",True,True,5.02418327331543,50.31686782836914,5.105607986450195,50.3636360168457,21f8964d-fe19-4b7b-bbe9-946f2ce7d10a
eed1a53a-f824-47c9-9a36-293f03a0d848,BE,BE-WAL,locality,,land,Fosse,,True,True,5.825689792633057,50.319740295410156,5.889854431152344,50.39107131958008,11527f5a-83da-4275-8d69-749a107b5a2c
113dd880-0a6d-4e45-8013-e14424632350,BE,BE-WAL,locality,,land,Seilles,"[[""nl"", ""Seilles""], [""ru"", ""Сей""], [""wa"", ""Seye""]]",True,True,5.034573554992676,50.49222183227539,5.14493989944458,50.51853561401367,47784ec4-3d70-46ad-9f03-9baa862b3589
9f02c2c0-b007-4255-8c8b-336880e87c71,BE,BE-WAL,locality,,land,Bellaire,,True,True,5.650746822357178,50.63886642456055,5.673237323760986,50.65086364746094,5177463f-dfec-4cf9-89d6-c914370b7473
2a403d30-793f-4620-8606-eea9a574edd3,BE,BE-WAL,locality,,land,Abée,,True,True,5.329544544219971,50.458255767822266,5.3978681564331055,50.50620651245117,ef5ad2f3-7656-4ea8-8e99-5d6d5f44960a
93f344d1-ac67-43b4-b67c-c5d79286b8de,BE,BE-WAL,locality,,land,Rotheux-Rimière,"[[""ru"", ""Ротё-Римьер""]]",True,True,5.439179420471191,50.52012634277344,5.52940559387207,50.5444450378418,f48bac1e-8af3-4e24-81ad-e5e2b32504f0
273c425e-2292-4938-a66a-a460a28bc513,BE,BE-WAL,locality,,land,Charneux,"[[""fr"", ""Charneux""], [""ru"", ""Шарнё""]]",True,True,5.781710624694824,50.650917053222656,5.847050666809082,50.702735900878906,088f00d4-935e-4887-9b21-809047f24f56
8337dc3e-fefb-408a-b407-ff618ffa5de5,BE,BE-WAL,neighborhood,,land,Polleur (Verviers),,True,True,5.8466925621032715,50.54925537109375,5.910536766052246,50.58106231689453,afa38a32-36bc-4e57-8533-3b309b6c4042
058a3b1a-9d07-4687-a1eb-6cef60ad54cd,BE,BE-VLG,locality,,land,Vichte,"[[""vls"", ""Ter Vichtn""], [""ru"", ""Вихте""]]",True,True,3.3838276863098145,50.82407760620117,3.4191837310791016,50.850589752197266,dab8a400-1a2a-42a8-bba6-cedfa4b0eaa5
533921d4-7d01-45a9-9038-80e241243331,BE,BE-VLG,locality,,land,Eggewaartskapelle,"[[""vls"", ""Eggewoartskapelle / Askappel""], [""fr"", ""Eggewaerts-Capelle""], [""nl"", ""Eggewaartskapelle""]]",True,True,2.6995835304260254,51.03598403930664,2.7727060317993164,51.06243133544922,a9956b21-8625-41ad-8507-2307956295bb
000f5473-79fc-4d41-b74d-61a430f3472e,BE,BE-VLG,microhood,,land,Onder de Toren,,True,True,3.1979849338531494,51.293704986572266,3.1986539363861084,51.29457473754883,f0a15636-9ca2-4254-b996-74a329b8fb96
efece258-ced8-40c4-8b7a-451d7df84bbe,BE,BE-VLG,locality,,land,Loker,"[[""fr"", ""Locre""], [""vls"", ""Loker""], [""ru"", ""Локер""]]",True,True,2.757946491241455,50.76791763305664,2.8176193237304688,50.81856155395508,75aca781-5a75-457f-8618-c08ad6db25c1
762c8ef8-811f-4ddb-862a-66870044a3b0,BE,BE-VLG,locality,,land,Westkerke,,True,True,2.9715778827667236,51.14445495605469,3.023911476135254,51.18216323852539,ba3edac6-96f3-4b74-9016-8bacc2a0b3aa
9ecac8a8-29de-4c47-af5e-f8db12df9301,BE,BE-VLG,microhood,,land,Hermitage,,True,True,3.1711885929107666,51.17972946166992,3.188674211502075,51.191463470458984,00e95c22-46e1-4474-bc35-03589ed0aa80
a6ee62ab-538a-41bd-91f9-fa21c417f0ee,BE,BE-VLG,locality,,land,Gottem,"[[""ru"", ""Готтем""]]",True,True,3.413383722305298,50.9471321105957,3.4838054180145264,50.97120666503906,93b6a652-f593-44d9-81b5-0be4afb1ccca
23af6bf1-7587-45ae-9550-45cdca312a77,BE,BE-VLG,locality,,land,Roksem,,True,True,3.0034878253936768,51.15070724487305,3.052976131439209,51.1818962097168,603e9a6f-12ae-495f-b921-d33c1b44fa5a
b4236cc8-b4f1-4d36-b072-25ac94d39026,BE,BE-VLG,microhood,,land,Le Marais Vernierplein,,True,True,3.0023770332336426,51.184452056884766,3.0032551288604736,51.18501281738281,584d4337-bde1-43ff-b93f-7259b43a2b56
3a63d258-b5af-49ea-a30a-98143dee2697,BE,BE-VLG,locality,,land,Tiegem,"[[""vls"", ""Tiegem""], [""ru"", ""Тигем""]]",True,True,3.4428741931915283,50.79252243041992,3.487787961959839,50.8333740234375,fa1f93a4-53be-48e3-a027-ff59d6fc23cf
3b00f598-a06e-4e52-8506-45c53edafb8f,BE,BE-VLG,locality,,land,Heule,"[[""vls"", ""Eule""], [""ru"", ""Хёле""]]",True,True,3.205948829650879,50.82768249511719,3.2595207691192627,50.8746452331543,0f8d5ecd-f541-4940-9128-8f469e291b67
ec832cb4-9910-4d13-84f6-bd28d06d2f14,BE,BE-VLG,locality,,land,Aartrijke,"[[""vls"", ""Erdryke""], [""fr"", ""Aertrycke""], [""la"", ""Artiriacum""], [""nl"", ""Aartrijke""], [""ru"", ""Артрейке""]]",True,True,3.0577616691589355,51.089046478271484,3.1305992603302,51.14668273925781,38e74513-75ec-4125-9bce-032c164f1506
4a4ad0b1-07d9-4c66-a05e-3d9448a9ed0a,BE,BE-VLG,locality,,land,Waardamme,"[[""vls"", ""Wardamme""]]",True,True,3.1790504455566406,51.10296630859375,3.239985704421997,51.128501892089844,07aeb012-544b-4311-8a45-4ce55e4c51f7
4a5b6f16-6fe9-47e8-909d-fce15552d233,BE,BE-VLG,locality,,land,Deinze,"[[""hy"", ""Դեյնզե""], [""vls"", ""Deinze""], [""ar"", ""دينز""], [""fr"", ""Deynze""], [""uk"", ""Дейнзе""], [""la"", ""Deinsa""], [""nl"", ""Deinze""], [""zh-Hans"", ""代因泽""], [""bg"", ""Дайнзе""], [""mk"", ""Дејнзе""], [""be-Latn-tarask"", ""Дэйнзэ""], [""ru"", ""Дейнзе""], [""zh-Hant"", ""代因澤""], [""ja"", ""デインズ""], [""lt"", ""Deinzė""], [""fa"", ""دنز""]]",True,True,3.413383722305298,50.9471321105957,3.613147497177124,51.101139068603516,3452730e-dc10-4fef-a8d1-5c717f2d3e8a
04e221a8-5bac-4d94-9592-015f49af709e,BE,BE-VLG,microhood,,land,Van Hoorebekeplein,,True,True,3.5639381408691406,51.18600845336914,3.5649495124816895,51.186424255371094,8db9d774-bc82-4f5d-adee-86f536fdd404
669a7724-d324-4af2-aef5-10171dca9908,BE,BE-VLG,locality,,land,Waregem,"[[""vls"", ""Woaregem""], [""uk"", ""Варегем""], [""nl"", ""Waregem""], [""ru"", ""Варегем""], [""lt"", ""Varegemas""]]",True,True,3.320159435272217,50.8449821472168,3.476254463195801,50.91139602661133,0298d1b2-4edc-49ac-96e1-5ef8d462572b
3a843b9f-fa95-4b64-a44e-75fe2caf60a9,BE,BE-VLG,locality,,land,Ramskapelle,"[[""vls"", ""Ramskapelle""], [""nl"", ""Ramskapelle""]]",True,True,3.2358109951019287,51.29607391357422,3.2823283672332764,51.32640838623047,a830d88a-2d57-47c4-a8c0-5de5445d7759
faca7bff-2d19-407f-9137-160a989c6544,BE,BE-VLG,locality,,land,Leffinge,"[[""vls"", ""Leffienge""]]",True,True,2.8383748531341553,51.136783599853516,2.9237492084503174,51.195533752441406,e8724fb8-85a2-40ae-b738-fd4bd8cd5a47
75bbda88-906a-492a-a3fa-83592b0d5df4,BE,BE-VLG,locality,,land,Zwevegem,"[[""nl"", ""Zwevegem""], [""vls"", ""Zwevegem""], [""ru"", ""Звевегем""]]",True,True,3.304906129837036,50.737422943115234,3.4578042030334473,50.82817459106445,31de1a91-4eb7-45cb-be1a-44b1b2a5103f
de476e2a-b910-487f-b81a-6db497910cd0,BE,BE-VLG,locality,,land,Sint-Eloois-Vijve,"[[""fr"", ""Vive-Saint-Éloi""], [""vls"", ""Sent-Eloeis-Vaaive""]]",True,True,3.375757932662964,50.88848876953125,3.419631004333496,50.91139602661133,c34c7b89-e3eb-4449-8787-a4e7bad75794
40e588ab-ad18-414f-ba93-c2bd5702dee6,BE,BE-VLG,locality,,land,Elverdinge,"[[""vls"", ""Elverdienge""], [""ru"", ""Элвердинге""]]",True,True,2.7690579891204834,50.85734939575195,2.839306116104126,50.905033111572266,27bd119a-f15a-4bba-8c11-58aeacf75838
cc533100-f7e2-4b7b-93d2-1f9dbd97535c,BE,BE-VLG,locality,,land,Sint-Jacobskapelle,"[[""nl"", ""Sint-Jacobs-Kapelle""], [""vls"", ""Sint-Jacobskapelle""], [""fr"", ""Saint-Jacques Capelle""]]",True,True,2.81748104095459,50.997108459472656,2.8517227172851562,51.02402877807617,77464498-dffb-47f1-9767-4bbc08ef0da1
e29472d4-76c3-4056-875f-1c80ec21aa71,BE,BE-VLG,locality,,land,Kluisbergen,"[[""nl"", ""Kluisbergen""], [""vls"", ""Kluusbergn""], [""ru"", ""Клёйсберген""]]",True,True,3.459078550338745,50.757568359375,3.587796688079834,50.8112678527832,7de51f73-d686-41a6-a45b-d5dc3775f2b3
82c3ee67-bc9a-462e-a5d5-82b551ceb831,BE,BE-WAL,locality,,land,Pottes,,True,True,3.3654541969299316,50.70075988769531,3.4387001991271973,50.747005462646484,28c8b0b5-acc7-4ddd-8052-30d9fb6a7baf
62d31ab6-3466-4a51-a409-6b235fa741bc,BE,BE-VLG,macrohood,,land,Brugge-Centrum,"[[""fr"", ""Bruges-Centre""], [""de"", ""Brügge-Zentrum""], [""nl"", ""Brugge-Centrum""]]",True,True,3.2114570140838623,51.193790435791016,3.241023302078247,51.2226448059082,455fe187-c184-4d41-ac8d-ed144e6d247f
928dfa12-e979-4d62-a4a6-da9060212aa7,BE,BE-VLG,microhood,,land,Ieper Grote Markt,"[[""en"", ""Ypres Town Square""], [""fr"", ""Ypres Grand Place""], [""nl"", ""Ieper Grote Markt""]]",True,True,2.886338949203491,50.85105895996094,2.8881993293762207,50.85177230834961,73a76955-e257-4dc8-89da-64faa862c60c
0614598c-a3ab-402c-8226-95b9e91e8eae,BE,BE-VLG,microhood,,land,Grote Markt,,True,True,2.7254509925842285,50.85524368286133,2.727281093597412,50.85600280761719,3af10964-57ef-469b-93b9-a06a60b926bd
04d887bb-a22e-49df-8ea4-214294ff9917,BE,BE-VLG,microhood,,land,Markt,,True,True,2.9196925163269043,50.91326904296875,2.920452833175659,50.91387939453125,228ed077-bfe5-445c-bdce-e18deff20068
b2f67642-06d1-46c0-80dd-94089a7e23b5,BE,BE-VLG,neighborhood,,land,Lissewege,,True,True,3.165815591812134,51.2708625793457,3.209707021713257,51.31886291503906,bdb127a5-c4f5-48a8-8748-eae6fa5a750f
4092de0f-3a18-43ce-aef7-a9289dd052c9,BE,BE-VLG,locality,,land,Zande,"[[""nl"", ""Zande""], [""vls"", ""Zande""]]",True,True,2.899341106414795,51.101078033447266,2.942117214202881,51.13374710083008,994de40c-fcc5-4cbc-baf5-3171880f7379
b97dd2b7-c079-4973-8501-719bd179184a,BE,BE-VLG,locality,,land,Olsene,"[[""nl"", ""Olsene""], [""vls"", ""Olsne""], [""ru"", ""Олсене""]]",True,True,3.4376580715179443,50.909645080566406,3.498445510864258,50.95986557006836,fb4b63a4-b42e-4d1c-97d2-0cbb43061298
1b990ec9-e6da-4e3d-94ac-4dd8e3a95343,BE,BE-VLG,locality,,land,Meulebeke,"[[""vls"", ""Mullebeke""], [""ru"", ""Мёлебеке""]]",True,True,3.2290902137756348,50.91911697387695,3.3526899814605713,50.9780387878418,3b79558e-f80f-4388-8e71-3fab100c21c8
02f2aa46-a00e-4e6d-9da6-5c2ab898994a,BE,BE-VLG,locality,,land,Ieper,"[[""vls"", ""Yper""], [""fr"", ""Ypres""], [""lv"", ""Ipra""], [""uk"", ""Іпр""], [""cs"", ""Ypry""], [""la"", ""Ypra""], [""nl"", ""Ieper""], [""de"", ""Ypern""], [""fy"", ""Iper""], [""ru"", ""Ипр""], [""sv"", ""Ypern""], [""en"", ""Ypres""], [""he"", ""איפר""], [""lt"", ""Ypras""], [""pl"", ""Ypres""]]",True,True,2.7690579891204834,50.793601989746094,2.976499080657959,50.9387092590332,e5f9ddee-87ef-465a-a4f1-1690bb2ea1cf
8f349f5c-0459-410f-94d7-93f59ef5e5b9,BE,BE-VLG,locality,,land,Kaster,"[[""vls"", ""Kaster""], [""la"", ""Castra""]]",True,True,3.474482536315918,50.80015563964844,3.5109951496124268,50.82477569580078,7eafb2a4-d429-4012-9747-f56dbad406a7
ed23939d-d52f-4ee6-b8bb-54a2b339d911,BE,BE-VLG,locality,,land,Stavele,"[[""nl"", ""Stavele""], [""vls"", ""Stoavel""], [""ru"", ""Ставеле""]]",True,True,2.6499171257019043,50.906681060791016,2.719724416732788,50.9514045715332,8bc57a6d-6330-4a7d-9ab6-a6e42a9236c5
d7550a4a-d2ae-4068-be3f-4588a8417ec0,BE,BE-VLG,locality,,land,Kuurne,"[[""vls"", ""Kuurne""], [""fr"", ""Cuerne""], [""it"", ""Kuurne""], [""nl"", ""Kuurne""], [""ru"", ""Кюрне""]]",True,True,3.2404377460479736,50.83955383300781,3.3015146255493164,50.879913330078125,72444861-ecbe-494a-b810-083973b01d5c
31fc7dd5-b611-4989-ac2c-7174ac228a43,BE,BE-VLG,locality,,land,Adegem,"[[""ru"", ""Адегем""]]",True,True,3.4671108722686768,51.146846771240234,3.5450031757354736,51.22323226928711,efa770b4-d092-4e14-9dae-07fe5e66236f
eff12e56-cfb6-4846-b7b4-2a386ac7e0ca,BE,BE-VLG,locality,,land,Poeke,"[[""fr"", ""Poucques""], [""nl"", ""Poeke""]]",True,True,3.4227406978607178,51.016456604003906,3.4707672595977783,51.047882080078125,9ec2d2c9-ae4a-4857-a943-5d6dbacf521f
8372e2c6-4c99-4fac-9e87-da51735c9ae3,BE,BE-VLG,locality,,land,Stene,,True,True,2.898529529571533,51.18467712402344,2.9474313259124756,51.21990966796875,fed073b5-9ed7-4f31-800e-5e6ab8d70644
d3ed7dd6-6e46-40e8-9d0d-7131419e13d6,BE,BE-VLG,locality,,land,Houtave,"[[""vls"", ""Oetave""]]",True,True,3.079124927520752,51.21258544921875,3.1359400749206543,51.26490020751953,8a5be52d-9f9e-46bf-9964-8201400e5425
8830fc99-bbeb-4833-ad2b-7243884cccdb,BE,BE-WAL,locality,,land,Celles,"[[""pcd"", ""Chèl""], [""fr"", ""Celles""], [""la"", ""Cellae""], [""ru"", ""Сель""], [""wa"", ""Cele-e-Hinnot""]]",True,True,3.3654541969299316,50.65196990966797,3.5333056449890137,50.758785247802734,6e7479e5-a564-4d25-9b16-8b6100b483a6
73d293e3-66a7-4051-907a-4569f63f2d4f,BE,BE-VLG,neighborhood,,land,'t Baanhof,,True,True,2.9297149181365967,51.19994354248047,2.935901641845703,51.20320510864258,d33d889e-3d17-44dd-85d0-036cef7a4554
3c9596ac-2599-4e4f-820d-2a54d645e157,BE,BE-VLG,locality,,land,Ruiselede,"[[""nl"", ""Ruiselede""], [""vls"", ""Ruuslee""], [""ru"", ""Рёйселеде""]]",True,True,3.3267874717712402,51.024139404296875,3.446005344390869,51.101078033447266,950f7a13-d324-4b9a-b6f1-a936685950ff
dd8e21b8-6dda-4573-be06-9704aca34812,BE,BE-VLG,locality,,land,Woumen,"[[""nl"", ""Woumen""], [""vls"", ""Woomn""], [""ru"", ""Ваумен""]]",True,True,2.8173675537109375,50.97467803955078,2.896988868713379,51.01481246948242,bde73ad6-c26b-468c-b307-836158690495
44ddfd6a-01d2-40a4-ad74-bcf9f8956ebe,BE,BE-VLG,locality,,land,Zandvoorde,,True,True,2.9284114837646484,51.18584442138672,3.004307985305786,51.22341537475586,c201dc76-c70d-46b1-afe4-b628ee81205b
19d1746a-1e38-4892-ad85-93fac3ba34d2,BE,BE-VLG,locality,,land,Schuiferskapelle,"[[""vls"", ""Schufferskapelle""], [""ru"", ""Схёйферскапелле""]]",True,True,3.3040764331817627,51.01999282836914,3.3594777584075928,51.05387496948242,7ad7d520-322d-4932-94a3-00e295ca3b15
ded614e7-bf17-45ce-8cfd-d20d9d3d5d86,BE,BE-VLG,microhood,,land,Luitenant Verstraeteplein,,True,True,3.017895460128784,51.18485641479492,3.0183730125427246,51.18519973754883,492a84c7-a76c-4813-aeb2-b60bdcec5a34
b621ea87-4115-48da-b77b-85b3bb774f3c,BE,BE-VLG,locality,,land,Kooigem,"[[""vls"", ""Koeigem""]]",True,True,3.3055801391601562,50.73102951049805,3.3590762615203857,50.761627197265625,b4f695c0-b46f-477a-a70f-cd5b7798a1ce
e4c9b956-0759-4996-a086-97e12c287447,BE,BE-VLG,locality,,land,Oostkamp,"[[""nl"", ""Oostkamp""], [""vls"", ""Ôostkamp""], [""ru"", ""Осткамп""]]",True,True,3.1504592895507812,51.05629348754883,3.302227735519409,51.186458587646484,928d0720-f759-4f5b-8a61-7999258522a8
04822f5a-2d78-4afb-9842-e89cc9d6dfdb,BE,BE-VLG,microhood,,land,Seminariekwartier,,True,True,3.2287895679473877,51.21343231201172,3.2371270656585693,51.22072219848633,8de72a59-78ef-47c6-a5e9-f22eecd50201
1302ab4e-da61-4e16-b297-2012fbc0c7f5,BE,BE-VLG,locality,,land,Oostnieuwkerke,"[[""vls"", ""Nieuwkerke""], [""ru"", ""Остньивкерке""]]",True,True,3.0357117652893066,50.92204666137695,3.088311195373535,50.961280822753906,6b7470a6-b031-4d57-a405-157f75664373
25724b1a-521d-4554-8678-6b39881eedb6,BE,BE-WAL,locality,,land,Cordes,,True,True,3.5083441734313965,50.67464065551758,3.5515201091766357,50.69940185546875,849c3a18-b276-4453-8157-3171e791cac1
6d9ce735-102e-43fe-88fa-559e8dccb5c9,BE,BE-VLG,locality,,land,Spiere-Helkijn,"[[""fr"", ""Espierres-Helchin""], [""nl"", ""Spiere-Helkijn""], [""vls"", ""Spiere-Elkyng""]]",True,True,3.3237600326538086,50.709571838378906,3.404297113418579,50.748172760009766,48e81dfc-d0b0-4dc1-9748-c0970672e9e2
15b9e1cb-f9ca-4f8b-80e9-8afb6072f787,BE,BE-VLG,locality,,land,Woesten,"[[""vls"", ""Woestn""], [""ru"", ""Вустен""]]",True,True,2.764997720718384,50.887939453125,2.810396909713745,50.918914794921875,59245da0-766c-4ccb-8590-03578b461840
fb729a56-5daa-4a2b-8cf8-43be32e852bf,BE,BE-VLG,locality,,land,Beselare,"[[""vls"", ""Beseloare""]]",True,True,2.9966256618499756,50.82822036743164,3.069556713104248,50.87282180786133,f5c249df-4b31-4adc-81a3-456c3e06db77
d92bf3d3-963a-4173-8b5d-d823e63393d3,BE,BE-VLG,locality,,land,Oudekapelle,"[[""fr"", ""Oudecapelle""], [""nl"", ""Oudekapelle""], [""vls"", ""Oedekapelle""]]",True,True,2.7858686447143555,51.00716018676758,2.8510334491729736,51.0341796875,96e0161e-6ebf-442b-a669-b6790a5642be
94e83ecf-1912-425d-b6f8-927345922672,BE,BE-VLG,locality,,land,Veurne,"[[""fr"", ""Furnes""], [""la"", ""Furna""], [""nl"", ""Veurne""], [""ur"", ""فیرن""], [""ru"", ""Вёрне""]]",True,True,2.565877676010132,50.985328674316406,2.776873826980591,51.0977783203125,6dc17b2a-1774-4e4a-b8c5-d62f5c4d2a6a
8eee9e39-0d7b-4b7c-b69d-763f239b66fb,BE,BE-VLG,locality,,land,Outrijve,"[[""vls"", ""Outryve""], [""ru"", ""Аутрейве""]]",True,True,3.4098737239837646,50.746665954589844,3.4433884620666504,50.77044677734375,44b59593-e043-4de7-8aa9-d6213730ddd1
6721ebca-79fe-43f9-b6dd-ccfd1c741bcf,BE,BE-VLG,locality,,land,Poperinge,"[[""nl"", ""Poperinge""], [""vls"", ""Poperienge""], [""ru"", ""Поперинге""]]",True,True,2.5986380577087402,50.7948112487793,2.803407669067383,50.937259674072266,e0d5f0be-8bc2-432c-b049-7da635c2e980
a44e7210-d4e6-4158-b52a-a8194568412c,BE,BE-WAL,locality,,land,Mont-de-l'Enclus,"[[""pcd"", ""Mont-éd-l'-Enclus""], [""fr"", ""Mont-de-l'Enclus""]]",True,True,3.4530932903289795,50.70346450805664,3.5477888584136963,50.77132034301758,ae3a00cc-9eaa-4262-8e6c-6189e60aee27
90598ef7-6ae3-4948-a583-260f27394546,BE,BE-VLG,locality,,land,Passendale,"[[""vls"", ""Passchendoale""]]",True,True,2.968148708343506,50.86916732788086,3.06618070602417,50.92885971069336,b221918e-0941-4556-9e72-6a90a189e7b9
943f7fb3-2dc5-4ced-a53f-ca7fac7607aa,BE,BE-VLG,microhood,,land,Stubbekwartier,,True,True,3.212050676345825,51.21580505371094,3.2215559482574463,51.220672607421875,6917c4ec-582d-4c6c-8b85-cc3094a0d3e2
e195c116-3a81-435e-9c23-ab75a6619b89,BE,BE-VLG,locality,,land,Dadizele,"[[""nl"", ""Dadizele""], [""vls"", ""Deisel""]]",True,True,3.0668036937713623,50.837039947509766,3.135169744491577,50.85677719116211,24905c36-c765-4a7c-86c6-438243b01abb
32456860-c5c5-4dd9-9b4e-b29e7d6d61aa,BE,BE-VLG,microhood,,land,Ezelstraatkwartier,,True,True,3.214229106903076,51.20595169067383,3.2226147651672363,51.2178955078125,aa89df81-917c-43ef-b3b1-1fa25693ca3a
a514587e-7f56-452b-aeaa-a0da9036ee78,BE,BE-VLG,locality,,land,Anzegem,"[[""nl"", ""Anzegem""], [""vls"", ""Anzegem""], [""ru"", ""Анзегем""], [""fr"", ""Anseghem""]]",True,True,3.3838276863098145,50.79252243041992,3.5146467685699463,50.86613845825195,45295f73-7059-44b5-9bba-95b33805211a
d850d59c-aab5-46cf-b16e-20b645dc9236,BE,BE-WAL,neighborhood,,land,Risquons-Tout,,True,True,3.1785824298858643,50.75004196166992,3.1910240650177,50.758697509765625,20b1c62c-4767-48a0-b7e9-a97d641e0c46
1da2210a-92d9-46eb-91ef-3fb842bde501,BE,BE-VLG,locality,,land,Roesbrugge-Haringe,"[[""vls"", ""Roesbrugge-Oarienge""]]",True,True,2.6039063930511475,50.875423431396484,2.6546308994293213,50.937259674072266,c6864eda-4da4-4131-bbbb-cee729b5ec75
8d8d629d-44d7-47b1-ae91-b7d1d3ba0f87,BE,BE-VLG,locality,,land,Otegem,"[[""vls"", ""Ôtegem""]]",True,True,3.3869900703430176,50.791141510009766,3.4578042030334473,50.82795333862305,8926a167-5758-420b-859e-e76a32910494
ba367569-0707-49b6-9687-793bed6efe1f,BE,BE-VLG,locality,,land,Staden,"[[""nl"", ""Staden""], [""ru"", ""Стаден""], [""vls"", ""Staen""]]",True,True,2.959021806716919,50.91609191894531,3.088311195373535,50.99932861328125,88b9eedb-4d48-47b1-92f5-7f069929a5eb
e5454271-2425-4afb-9551-70725468b146,BE,BE-VLG,locality,,land,Eernegem,"[[""vls"", ""Êernegem""], [""ru"", ""Эрнегем""]]",True,True,2.9819934368133545,51.10435485839844,3.064490795135498,51.152000427246094,3133e0ee-7b1e-44e5-a3d6-b78e8f7f84b8
4d80c9c2-d7cb-492d-8535-c30a58461839,BE,BE-VLG,locality,,land,Egem,,True,True,3.222829580307007,51.00469970703125,3.283668279647827,51.03681945800781,e71a82b5-4225-467b-969b-51c1e3ce5723
eacd9458-610f-4599-9d86-b7f4fc9fb11a,BE,BE-VLG,microhood,,land,Raoul Bonnelplein,,True,True,2.9097933769226074,51.21858596801758,2.9103875160217285,51.219146728515625,b9554f43-2a7f-45db-a1c5-24a281cabb7e
b88930a7-295d-47bc-920e-2e5e9624ef3e,BE,BE-VLG,locality,,land,Gijverinkhove,"[[""nl"", ""Gijverinkhove""], [""vls"", ""Gyverienkove""]]",True,True,2.662940263748169,50.956214904785156,2.695106029510498,50.98582077026367,2e1c4a5f-0395-4a9b-b1f1-462e0a90c582
31f0df19-c210-48c5-be96-73e4e4ec34aa,BE,BE-VLG,locality,,land,Zoutenaaie,"[[""nl"", ""Zoutenaaie""], [""vls"", ""Zoetenoaie""], [""fr"", ""Zoutenaye""]]",True,True,2.7375168800354004,51.043067932128906,2.77254581451416,51.0585823059082,bcf9a5bf-2d13-45e5-8927-1e5ea607d249
b0d593f3-5291-4d61-bc2f-5ddc451c4961,BE,BE-VLG,locality,,land,Steenkerke,"[[""nl"", ""Steenkerke""], [""vls"", ""Stêenkerke""], [""ru"", ""Стенкерке""]]",True,True,2.655874490737915,51.03253936767578,2.7210536003112793,51.07294845581055,79068f48-d3c4-4364-9986-fe10956c5a33
29533b5d-4818-4f27-ab34-facfe2968e32,BE,BE-VLG,microhood,,land,Vlasmarkt,,True,True,3.2675766944885254,50.82548141479492,3.2685840129852295,50.825843811035156,8112de3e-ccc8-472a-afd8-1e575bb902d1
93a6411e-5ecb-488a-9179-e69ab815fc19,BE,BE-VLG,locality,,land,Vinkt,"[[""nl"", ""Vinkt""], [""vls"", ""Vienkt""], [""ru"", ""Винкт""]]",True,True,3.444767713546753,50.98868179321289,3.5066986083984375,51.02739334106445,8c9911bc-66df-4b74-bcc0-9ca92980af92
9985bc3c-c166-48b8-bf8b-9042fe6554b7,BE,BE-VLG,locality,,land,Hoogstade,"[[""nl"", ""Hoogstade""], [""vls"", ""Oogstoade""]]",True,True,2.6816205978393555,50.94918441772461,2.721116781234741,50.99217224121094,4a8f764c-8642-4411-b703-15fe081db445
ad3ad5f6-e475-44dd-a1f1-2cfa4e2dc519,BE,BE-VLG,locality,,land,Zillebeke,"[[""vls"", ""Zillebeke""], [""ru"", ""Зиллебеке""]]",True,True,2.8874621391296387,50.812774658203125,2.976499080657959,50.854270935058594,557c2b41-66ba-47fb-a108-48cad6ac2b18
8c936463-162f-42f6-b0bf-7347604f7900,BE,BE-VLG,locality,,land,Beveren aan de IJzer,"[[""nl"", ""Beveren aan de IJzer""], [""vls"", ""Bevern / Bevern-a'n-Yzer""]]",True,True,2.5901691913604736,50.91276168823242,2.7000839710235596,50.96481704711914,15d3c4f5-914e-41ae-9428-bdccbb418a5e
ef85a9be-8a0b-4255-8930-c21966b8c273,BE,BE-VLG,locality,,land,Lissewege,"[[""vls"", ""Lissewege""], [""ru"", ""Лиссевеге""]]",True,True,3.1542513370513916,51.2708625793457,3.230160713195801,51.36335372924805,898e5393-5757-42eb-a667-314f2e1c9f0d
7e03dcad-aaec-46b1-a181-d18235bd92ec,BE,BE-VLG,locality,,land,Sint-Rijkers,"[[""vls"", ""Sint-Rykers""], [""fr"", ""Saint-Riquiers""], [""nl"", ""Sint-Rijkers""]]",True,True,2.6729001998901367,50.981834411621094,2.702437400817871,51.011505126953125,d8d97e76-e874-4172-bd17-6e7ee7fd1dc8
ae869dc5-0bd4-4e51-944c-581d19839692,BE,BE-VLG,microhood,,land,Conincklijke Passage,,True,True,3.126542806625366,50.9478645324707,3.1270461082458496,50.948204040527344,fa20c41a-4976-4dc7-9778-17e865c56053
2f161143-7e08-4d0f-a86e-9599dedbaff8,BE,BE-VLG,locality,,land,Zuidschote,"[[""vls"", ""Zuudschôte""]]",True,True,2.812628746032715,50.904510498046875,2.855421304702759,50.9387092590332,ba071748-f13d-4c10-9b67-0e7012d354e2
df8ce272-8358-46b1-beb3-f99008689d50,BE,BE-WAL,locality,,land,Anvaing,"[[""pcd"", ""Anvaing""], [""fr"", ""Anvaing""], [""ru"", ""Анвен""]]",True,True,3.5423049926757812,50.66652297973633,3.5963048934936523,50.70592498779297,c40f534b-86b0-4eb5-bb44-cfffcf6c8c02
6f7907fa-44bf-47ae-a16c-3fd1a017e44f,BE,BE-VLG,microhood,,land,Papenplein,,True,True,3.1977455615997314,51.22787857055664,3.1981558799743652,51.228145599365234,94200491-57f7-4350-b4d8-87bb36dfe116
95e96e77-4fc1-4ee7-a8e0-e977fdbd5240,BE,BE-VLG,microhood,,land,Steenstraatkwartier,,True,True,3.2173256874084473,51.20396041870117,3.227267265319824,51.212371826171875,f19306d0-5035-4126-838a-3abc5d4ed87a
4df47f56-284a-4340-ba99-c0652e0419a4,BE,BE-VLG,locality,,land,Westvleteren,"[[""vls"", ""Westvletern""]]",True,True,2.690035581588745,50.88211441040039,2.7608747482299805,50.93861770629883,71e508c6-906f-4dec-8061-8c11e1d1c637
29108e6f-4db8-4dbc-8bb6-19a8855ae4e7,BE,BE-VLG,neighborhood,,land,Blijmaere,,True,True,3.1732945442199707,51.20535659790039,3.1851067543029785,51.209678649902344,9cdeb643-c1a9-4b1e-b99a-fc36c739ef58
cd915005-5b8f-49f2-af52-233fe21c5bf4,BE,BE-VLG,locality,,land,Middelburg,"[[""ru"", ""Мидделбург""]]",True,True,3.379969835281372,51.23725891113281,3.4418766498565674,51.27445602416992,52f8875f-78b4-44f1-9c76-8a5efe293a40
1bb22977-8707-4725-ad10-5a6f442c8d82,BE,BE-VLG,locality,,land,Hansbeke,"[[""ru"", ""Хансбеке""]]",True,True,3.5021626949310303,51.05879211425781,3.5563910007476807,51.09368133544922,61c72a55-87ca-4d12-a986-4b4f443c0152
9313acc2-2225-4433-8402-16dd8c1ebdd5,BE,BE-VLG,microhood,,land,Overbekeplein,,True,True,3.2689993381500244,50.827396392822266,3.2698705196380615,50.827884674072266,1c496a62-4ebc-4a57-92d8-3c4ad797cf8e
47ab3cb7-c939-4555-a955-570338f5176d,BE,BE-VLG,microhood,,land,Vismarkt,,True,True,3.2278597354888916,51.20758819580078,3.228813886642456,51.20824432373047,d903ef69-64b3-4138-ab12-426f214f32eb
e188d01b-dd97-4a5f-9ae3-34a5538b3d70,BE,BE-VLG,locality,,land,Wenduine,"[[""vls"", ""Wendune""]]",True,True,3.061077833175659,51.28903579711914,3.115302324295044,51.314605712890625,ca52a86c-4be4-44c4-95a1-ea6a3e095853
7595b80f-9b28-4bb9-93af-f3da9a600e1a,BE,BE-VLG,locality,,land,Bossuit,"[[""vls"", ""Bossuut""]]",True,True,3.3902904987335205,50.7403450012207,3.426165819168091,50.75589370727539,d9b10ba1-d291-4fbb-90e3-0fdda7af2ac6
04a79bc8-e3ac-401a-aee1-ae77d1636288,BE,BE-VLG,locality,,land,Ooike,,True,True,3.5283708572387695,50.85854721069336,3.5717620849609375,50.886722564697266,a843e810-a62c-48a8-a523-47b7da678cf9
72dded6c-78cc-4883-bb3a-94bb73c94954,BE,BE-VLG,locality,,land,Zomergem,,True,True,3.509650707244873,51.0908317565918,3.612300395965576,51.14833068847656,541418d1-0793-47c4-ac5b-5e7618412410
4319a345-2068-4fa2-a1f3-5328b5a2bbcc,BE,BE-VLG,locality,,land,Sint-Margriete,"[[""fr"", ""Sainte-Marguerite""], [""nl"", ""Sint-Margriete""], [""ru"", ""Синт-Маргрите""]]",True,True,3.515413522720337,51.244815826416016,3.5691778659820557,51.29119873046875,a1219fdc-b88d-483e-9ac6-9df6758267e0
f6d10876-e90a-46ea-88e7-458774d9e950,BE,BE-VLG,locality,,land,Reninge,"[[""nl"", ""Reninge""], [""vls"", ""Rênienge""], [""la"", ""Rinenga""], [""ru"", ""Ренинге""]]",True,True,2.750591516494751,50.903541564941406,2.826303720474243,50.98200988769531,147c5f49-a4a8-4b63-9895-18250d7bf718
93eb96d3-14e0-443f-b24c-94741d794184,BE,BE-VLG,locality,,land,Snellegem,"[[""vls"", ""Snellegem""], [""ru"", ""Снеллегем""]]",True,True,3.0833003520965576,51.144248962402344,3.1425013542175293,51.206871032714844,42f4ceb8-fde6-4df0-814d-d04da01db90e
bc29fbe9-88bd-4a1d-b8ec-fd69b140f12b,BE,BE-VLG,locality,,land,Zerkegem,"[[""vls"", ""Zerkegem""]]",True,True,3.0400679111480713,51.144683837890625,3.0872621536254883,51.19795608520508,48fc426a-023f-482d-aa05-b26de513302f
3380820b-5dcc-48d5-89ad-124a1adc5eff,BE,BE-VLG,microhood,,land,Hofplein,,True,True,3.2050881385803223,51.09536361694336,3.205749750137329,51.09569549560547,c6608359-70b9-4c16-a07d-773eb0fde48d
279908b1-041c-4365-8a49-c622c3269145,BE,BE-VLG,locality,,land,Ingelmunster,"[[""nl"", ""Ingelmunster""], [""ru"", ""Ингелмюнстер""], [""vls"", ""Iengelmunstr""]]",True,True,3.229870080947876,50.896331787109375,3.2974889278411865,50.94724655151367,fc309ec2-98d7-4fd8-9f05-c5d5925ea40b
85d56be7-116c-4795-ac6f-d269b3f7896b,BE,BE-VLG,locality,,land,Bredene,"[[""vls"", ""Brenienge""], [""ru"", ""Бредене""]]",True,True,2.941544771194458,51.21437072753906,3.0125715732574463,51.26335906982422,0b5f3c14-d356-40f8-8d14-bde615f16358
430832e1-b541-4e1e-86d6-aa89793bd7b9,BE,BE-VLG,locality,,land,Kaaskerke,"[[""fr"", ""Caeskerke""], [""nl"", ""Kaaskerke""], [""vls"", ""Kaeskerke""]]",True,True,2.8143675327301025,51.022762298583984,2.8565571308135986,51.07115173339844,c7e26be1-9eff-4220-9056-2dcff5b7a97a
f3a81514-b527-4e9d-9fab-7e4e6e5c1078,BE,BE-VLG,locality,,land,Moen,"[[""vls"", ""Moen""], [""ru"", ""Мун""]]",True,True,3.351093053817749,50.7520866394043,3.4210727214813232,50.79892349243164,6b10bb7d-3b50-47c6-b0c0-6625ffea9690
5fd03bab-a17a-43fa-a068-b89079b58cee,BE,BE-VLG,neighborhood,,land,De Vloei,,True,True,2.901535987854004,50.85247802734375,2.908369302749634,50.856990814208984,7e9603cf-d478-49b3-9a52-ae0ebb0f197a
d303cbb2-7f32-47c1-a432-073f76682709,BE,BE-VLG,locality,,land,Poelkapelle,"[[""vls"", ""Poekapelle""], [""fr"", ""Poelcappelle""], [""nl"", ""Poelkapelle""]]",True,True,2.9391727447509766,50.900306701660156,2.9898622035980225,50.95732116699219,90fbe7ee-12fc-4559-93aa-244e433d5252
6a203fe3-cdd0-4216-bdb3-959d95fe9b9d,BE,BE-VLG,locality,,land,Sint-Baafs-Vijve,"[[""fr"", ""Vive-Saint-Bavon""]]",True,True,3.359797239303589,50.90335464477539,3.4339592456817627,50.945701599121094,13dd9616-d573-4041-ade7-fa658a8830f4
ec9a0878-3a34-4f05-b560-88ce608edebf,BE,BE-VLG,locality,,land,Mesen,"[[""fr"", ""Messines""], [""nl"", ""Mesen""], [""vls"", ""Mêesn""], [""la"", ""Messina""]]",True,True,2.8696300983428955,50.752723693847656,2.922544002532959,50.76704025268555,cfdec5bf-8bff-44b2-bf2b-8b8a71120904
ae69ac6b-c2b8-4222-a1ab-ea6627000809,BE,BE-VLG,microhood,,land,Jan van Eyckplein,,True,True,3.2253847122192383,51.2113151550293,3.2262771129608154,51.211856842041016,ec16e010-ae77-481b-8eab-2126efb7b17b
f885daec-37fe-4633-88cb-9e73c2233dd7,BE,BE-VLG,locality,,land,Wielsbeke,"[[""nl"", ""Wielsbeke""], [""ru"", ""Вилсбеке""]]",True,True,3.310168981552124,50.8803825378418,3.4339592456817627,50.945701599121094,f72e3d80-6224-4bb0-9b94-e6fc2b06b079
e3d9159a-2b1a-4edc-b364-6b7a95b4759b,BE,BE-VLG,microhood,,land,Markt Ruiselede,,True,True,3.3973801136016846,51.04144287109375,3.3981053829193115,51.041751861572266,da79dd89-45cd-444f-b497-34e7f77b6bfe
7e9da61a-6099-4ed9-a933-9d3e77deeaa8,BE,BE-VLG,locality,,land,Tielt,"[[""ar"", ""تيلت""], [""nl"", ""Tielt""], [""ru"", ""Тилт""], [""vls"", ""Tiejt""]]",True,True,3.2290902137756348,50.91911697387695,3.452556610107422,51.05387496948242,8eaa6482-fadc-4358-9c2e-9a200f4703d0
34e7be98-ce54-45ce-88aa-b9737f5d4d7d,BE,BE-VLG,locality,,land,Slijpe,"[[""vls"", ""Slype""]]",True,True,2.79302978515625,51.11846923828125,2.8773012161254883,51.179931640625,b1d5df28-c967-4cd3-a23d-1d143ba8f1a3
7a1bf29f-5d17-439f-adf0-99adfc3d8b5e,BE,BE-VLG,locality,,land,Ooigem,,True,True,3.310168981552124,50.8803825378418,3.3467726707458496,50.909629821777344,c8cdd67b-ccf1-44ff-8ad9-e7d65b7681a1
7d4813ea-ddea-4198-9d16-1d079a4c1073,BE,BE-WAL,locality,,land,Celles,,True,True,3.4252865314483643,50.68791198730469,3.4858131408691406,50.72292709350586,e67fae1b-aae6-411f-ad7e-e23c1e3915d2
6af2d54a-6947-4c40-b299-440454d73682,BE,BE-VLG,microhood,,land,Oudstrijdersplein,,True,True,2.722689628601074,50.853084564208984,2.724296808242798,50.853668212890625,0dc3294c-f42f-43b4-9b40-082dda98df1e
a2ea49b2-c9ac-489b-ba69-219d22513440,BE,BE-VLG,microhood,,land,Leopoldplein,,True,True,2.709599018096924,51.14594268798828,2.710887908935547,51.14677810668945,6e386941-d1e0-473a-8c10-d6b5046367be
464cba74-405a-4274-b5c5-a11904e56376,BE,BE-VLG,locality,,land,Kwaremont,"[[""fr"", ""Quaremont""], [""nl"", ""Kwaremont""], [""vls"", ""Kwoaremount""], [""la"", ""Quadrus montem""]]",True,True,3.51291561126709,50.76289749145508,3.5653371810913086,50.79885482788086,a4c45ccb-5c56-4e2e-a533-df4b3d413225
05bf90ac-91bd-42d4-9a67-735befab6341,BE,BE-VLG,locality,,land,Aalter,"[[""fr"", ""Aeltre""], [""nl"", ""Aalter""], [""ru"", ""Алтер""]]",True,True,3.3313114643096924,51.016456604003906,3.52536940574646,51.15989685058594,0130d851-8138-41fa-a18c-b96f911d7684
4e6fe63b-bc45-4c80-80ce-0e238fa42cd9,BE,BE-VLG,locality,,land,Meetkerke,"[[""vls"", ""Meetkerke""]]",True,True,3.130445718765259,51.215885162353516,3.17923641204834,51.255088806152344,11a06c06-5cff-4b00-a204-5a3ab3d0af7d
05696036-367c-41b2-bf0d-c1106c1e284a,BE,BE-VLG,locality,,land,Izenberge,"[[""nl"", ""Izenberge""], [""vls"", ""Yzenberge""], [""ru"", ""Изенберге""]]",True,True,2.646106243133545,50.97467803955078,2.675748825073242,51.00497817993164,7d6acd90-a27f-46b6-abd5-ee9c47c46bb0
176e7f6e-ff1a-4dfe-8a18-1e85fa34b856,BE,BE-VLG,locality,,land,Meigem,"[[""ru"", ""Мейгем""]]",True,True,3.4909415245056152,50.993865966796875,3.5470681190490723,51.02858352661133,12a52eda-66e6-4009-bd3f-9a4eba8dcea5
af9b196b-f803-43f5-9454-2bc84c9d7a78,BE,BE-WAL,locality,,land,Molenbaix,"[[""ru"", ""Моленбе""]]",True,True,3.383910655975342,50.6735725402832,3.4583191871643066,50.71094512939453,4b2f03a4-d3c9-4936-aa17-4e839973b13e
731c6e99-195d-4fac-beaf-601d12854035,BE,BE-VLG,locality,,land,Lauwe,"[[""vls"", ""Lauwe""], [""ru"", ""Лауве""]]",True,True,3.163078784942627,50.77045822143555,3.2196526527404785,50.807071685791016,3f46339e-e6ee-4612-873f-62e4dfd8436a
beb17555-2599-4481-bbe5-8a1d8f47e064,BE,BE-VLG,neighborhood,,land,Kanaalzone en Binnenhaven,,True,True,3.184903383255005,51.22324752807617,3.2272753715515137,51.2698860168457,9ab64051-743e-4760-b38f-84fdf5be5df5
0713fbc5-12e8-42e9-b947-bd54855df1eb,BE,BE-VLG,locality,,land,Beveren,,True,True,3.117215633392334,50.959476470947266,3.1727654933929443,50.993961334228516,3d77aff1-a884-4df5-9834-79650ad5dfcb
99c95b34-8743-4af6-9f29-7b7daed8e415,BE,BE-VLG,microhood,,land,Eleonora Verbekehof,,True,True,3.223249673843384,51.20403289794922,3.22379994392395,51.2044563293457,df8f95ab-13c2-4ab4-9eec-46bc171cb91d
4604ae5f-513a-4fc0-8587-c7eee1770b1c,BE,BE-VLG,locality,,land,Rollegem,"[[""vls"", ""Rollegem""], [""ru"", ""Роллегем""]]",True,True,3.242398262023926,50.75057601928711,3.289506673812866,50.793609619140625,2ae757f4-a33d-4e96-99ad-1314529b32de
272a380d-9c69-4b89-b77b-e01f57d7f6ff,BE,BE-VLG,locality,,land,Desselgem,"[[""vls"", ""Desselgem""], [""ru"", ""Десселгем""]]",True,True,3.3407156467437744,50.86498260498047,3.392798900604248,50.9013671875,9e0f9ff1-8b50-4d7d-bde7-5f51f4f70cbb
defcde58-8beb-4e25-8ed3-6bafe8b02ac1,BE,BE-VLG,microhood,,land,Ankerplein,,True,True,3.2254106998443604,51.20262908935547,3.2259206771850586,51.20296096801758,0b83d36f-e85e-49f6-91cf-44db674e9cbf
593325a4-84e2-446f-85ec-08f95bb6dde9,BE,BE-VLG,locality,,land,Bellem,,True,True,3.4736547470092773,51.06509017944336,3.52536940574646,51.11539840698242,30e53bd4-0f3f-433f-8045-307ee77e80a7
290b698a-1abc-401d-97fc-8c57cc29d4b8,BE,BE-VLG,microhood,,land,Kruisabele,,True,True,3.2260069847106934,51.244354248046875,3.2314016819000244,51.25102615356445,94736f0a-37a3-47c0-8d4b-d80037c41a9d
85dce3c3-53f0-4fd4-bf43-6fbad305ba43,BE,BE-VLG,locality,,land,Zedelgem,"[[""fr"", ""Zedelghem""], [""nl"", ""Zedelgem""], [""vls"", ""Zilleghem""], [""ru"", ""Зеделгем""]]",True,True,3.0577616691589355,51.083892822265625,3.215233325958252,51.16737365722656,7ca5c136-fb8f-465a-8a60-043211fb8045
a849bb4c-5509-407f-9569-698894a2f442,BE,BE-VLG,microhood,,land,Italiëplein,,True,True,2.858595132827759,51.032752990722656,2.8593575954437256,51.0332145690918,cbd4b35d-c4ea-4803-bb46-5f14f848bda8
98b24ed4-d307-4862-9c2e-323e48ae56d6,BE,BE-VLG,microhood,,land,Eugenie Terlinckplein,,True,True,2.6331701278686523,51.12010192871094,2.63391375541687,51.12066650390625,c7a89398-4634-445f-bcbb-c8879758507e
bbc6b059-e16a-49d4-a603-05251b74da0d,BE,BE-VLG,locality,,land,Gijzelbrechtegem,"[[""vls"", ""Grysloke""]]",True,True,3.4995205402374268,50.826690673828125,3.5146467685699463,50.83698654174805,e346a363-4edb-4b76-bed1-fce55507847e
489db811-14c7-4bcc-a1b7-c01d88e52e0a,BE,BE-WAL,locality,,land,Orroir,,True,True,3.4530932903289795,50.73945617675781,3.491666316986084,50.77132034301758,33a01800-b0c4-4914-8917-b2b1b539cd85
4baea811-ce3f-4f64-997d-bc2304d8d4f7,BE,BE-VLG,locality,,land,Schore,"[[""vls"", ""Schore""]]",True,True,2.819556713104248,51.09478759765625,2.870286703109741,51.13008499145508,aee3e759-bcfe-4fbb-8335-2bb1fda49ae4
3636444e-15ea-4771-872f-93ac2a9a26ba,BE,BE-VLG,microhood,,land,George Grardplein,,True,True,2.6115338802337646,51.11128616333008,2.6124463081359863,51.11203384399414,afbd6c76-8f1f-496a-aab6-42a03fd78d48
a5e33fe2-58fd-4775-91d9-79f4f6a30d67,BE,BE-VLG,microhood,,land,Alfons Blommeplein,,True,True,3.1280949115753174,50.9456787109375,3.128753900527954,50.94609451293945,9659822a-487e-44e3-a243-aaaa688ca30a
048c8626-f506-4532-9572-e2ea44c59825,BE,BE-VLG,microhood,,land,Gemeenteplein,,True,True,3.333320379257202,50.92089080810547,3.334548234939575,50.921714782714844,eec42df3-08fd-4b43-98ed-7ecf28b8c3bb
28587cf8-85bb-4192-bdc7-620396cd6a3d,BE,BE-VLG,locality,,land,Kortemark,"[[""nl"", ""Kortemark""], [""vls"", ""Kortemark""], [""ru"", ""Кортемарк""]]",True,True,2.9285471439361572,50.9840202331543,3.0703988075256348,51.07035446166992,dd96a556-641e-494a-80d4-a869768d4b99
21bf7d5c-3997-4938-a1cd-635e39739896,BE,BE-VLG,microhood,,land,Gerechtsplein,,True,True,2.902097225189209,51.218318939208984,2.9030518531799316,51.21876907348633,e5f21ea2-4819-4028-941a-3e235a6292f9
67f91fc7-4d0e-4743-b679-0fa580d4133e,BE,BE-VLG,locality,,land,Hertsberge,"[[""vls"", ""Ertsberge""]]",True,True,3.238985538482666,51.08717346191406,3.302227735519409,51.132266998291016,145f71ef-cd17-4e0f-bd80-8403bf02e77a
fa89ab45-ffdc-4289-8fd2-4687ebcfeef2,BE,BE-VLG,locality,,land,Emelgem,"[[""nl"", ""Emelgem""], [""vls"", ""Eemelgem""], [""ru"", ""Эмелгем""]]",True,True,3.203859567642212,50.92001724243164,3.23864483833313,50.94762420654297,ec95ab6b-e7e6-4066-8eb3-b0daffc40c8a
0582a422-56ab-4fb0-ae21-cebd7e330528,BE,BE-VLG,localadmin,,land,Oostende,"[[""vls"", ""Ostende""], [""ar"", ""أوستند""], [""fr"", ""Ostende""], [""nl"", ""Oostende""], [""de"", ""Ostende""], [""ru"", ""Остенде""], [""da"", ""Ostende""], [""en"", ""Ostend""], [""wa"", ""Ostinde""]]",True,True,2.7461154460906982,51.05487060546875,3.115302324295044,51.314605712890625,defc7b64-1247-48e1-b4bc-2db4a0415cd3
2dd1d546-b661-46ac-82ad-2748ec6cae3e,BE,BE-VLG,locality,,land,Bissegem,"[[""vls"", ""Bissegem""]]",True,True,3.2032713890075684,50.80949401855469,3.243654489517212,50.83440399169922,709460e9-4475-414f-8cfe-56f558cc3350
0c444eec-eff1-4f4a-bfcd-472e31f928df,BE,BE-VLG,locality,,land,Veldegem,"[[""vls"", ""Veldegem""], [""ru"", ""Велдегем""]]",True,True,3.1257572174072266,51.083892822265625,3.181389093399048,51.12747573852539,07dae583-de59-42fb-b279-a1919cb3eb15
11498d36-1f15-421f-bdd2-5c71a2f17331,BE,BE-VLG,locality,,land,Houthulst,"[[""nl"", ""Houthulst""], [""vls"", ""Outulst""], [""ru"", ""Хаутхюлст""]]",True,True,2.8057374954223633,50.931182861328125,2.973731756210327,51.0084114074707,fd0162b4-a060-46ca-bc20-14dd24a7c2c9
9c9fd1b9-a119-4155-bb88-ac27882ac5ae,BE,BE-VLG,microhood,,land,Sint-Paulus,,True,True,3.202197790145874,51.22071075439453,3.207887887954712,51.22688674926758,65b8c812-8957-45ec-8b8e-0a1be13a6729
7b3d5869-7b63-4ad5-910f-960b2bca31fa,BE,BE-VLG,microhood,,land,Oostende-Doverplein,,True,True,2.924729585647583,51.22889709472656,2.925678014755249,51.22941207885742,72f339b7-eb76-4a35-86bb-07858d832792
bf4b471c-ea7a-472b-96ef-66b9b03de7a8,BE,BE-VLG,locality,,land,Geluveld,"[[""vls"", ""Gilleveld""]]",True,True,2.9592065811157227,50.81870651245117,3.021843910217285,50.84903335571289,bbecc69a-8cb8-4880-ae6a-bc62cf3d49f7
df8c9c02-fe74-4b1a-806c-d66d0423b54d,BE,BE-VLG,microhood,,land,Rustenburg,,True,True,3.2016305923461914,51.217891693115234,3.208988904953003,51.223148345947266,b37c7480-cb24-44f0-aa52-4fa8ef47d360
655c25c8-93f5-4d2e-b1db-4d8b379baa72,BE,BE-VLG,county,2,land,West-Vlaanderen,"[[""pcd"", ""Flande-Occhidintale""], [""vls"", ""West-Vloandern""], [""ar"", ""فلاندر الغربية""], [""fr"", ""Flandre-Occidentale""], [""br"", ""Kornôg-Flandrez""], [""ca"", ""Flandes Occidental""], [""nl"", ""West-Vlaanderen""], [""de"", ""Westflandern""], [""ru"", ""Западная Фландрия""], [""en"", ""West Flanders""], [""sk"", ""Západné Flámsko""], [""es"", ""Flandes Occidental""], [""hu"", ""Nyugat-Flandria""], [""pl"", ""Flandria Zachodnia""]]",True,True,2.541360378265381,50.708282470703125,3.523348569869995,51.372703552246094,8d4fe3cd-4f5b-4278-89ec-9c3362bd499d
1028a68c-621d-41d3-9459-f9fce8862fec,BE,BE-VLG,locality,,land,Bekegem,"[[""vls"", ""Bekegem""], [""ru"", ""Бекегем""]]",True,True,3.0328209400177,51.13321304321289,3.078569173812866,51.16475296020508,5232b136-2791-4fb3-bf4f-17129e1cc43c
30e57d97-101a-4640-9fb0-b721fab49dda,BE,BE-WAL,locality,,land,Dottignies - Dottenijs,"[[""fr"", ""Dottignies""], [""nl"", ""Dottenijs""], [""vls"", ""Dottenys""], [""ru"", ""Доттиньи""]]",True,True,3.2569713592529297,50.71440887451172,3.3290560245513916,50.754695892333984,8e612fdb-208c-4a26-83ce-f518909ef8e4
42cfe2c2-943e-4548-b833-b8c99035945e,BE,BE-VLG,localadmin,,land,Roeselare,"[[""vls"", ""Rousseloare""], [""fr"", ""Roulers""], [""uk"", ""Руселаре""], [""la"", ""Roslara""], [""nl"", ""Roeselare""], [""ru"", ""Руселаре""], [""lt"", ""Ruselarė""]]",True,True,2.959021806716919,50.837039947509766,3.2974889278411865,51.0692024230957,7b3f113d-ce72-4fd1-a9ed-033e7da46486
5676f73f-b181-44e9-8eb2-595a790d9d09,BE,BE-VLG,locality,,land,Koolkerke,"[[""vls"", ""Kôolkerke""], [""ru"", ""Колкерке""]]",True,True,3.230557441711426,51.22734069824219,3.2658727169036865,51.25099563598633,fa4fe466-49b3-495d-bd8b-f282d20c63d7
3649ddf1-bdd0-4cc5-96e6-863b080c62bb,BE,BE-VLG,localadmin,,land,Ieper,"[[""vls"", ""Yper""], [""fr"", ""Ypres""], [""nl"", ""Ieper""], [""de"", ""Ypern""], [""fy"", ""Iper""], [""ru"", ""Ипр""]]",True,True,2.5986380577087402,50.708282470703125,3.1068549156188965,50.95732116699219,089a0e83-e01d-45ca-8493-69d3e890f5bb
8eeb47dd-c4ba-4b76-8ab7-271300be6b0b,BE,BE-VLG,locality,,land,Zwevezele,"[[""ru"", ""Звевезеле""]]",True,True,3.1576149463653564,51.016075134277344,3.249575138092041,51.06858825683594,66890a2b-a212-437b-984f-4bf303dd8a2e
d0d14e1e-e621-44b9-badd-2904902adc02,BE,BE-VLG,microhood,,land,Markt,,True,True,3.3266541957855225,51.00016403198242,3.3278250694274902,51.000701904296875,0061949f-643d-458f-91dd-01da0a58289a
523cb07d-2ce4-4d95-89d2-0283267be312,BE,BE-VLG,locality,,land,Dentergem,"[[""nl"", ""Dentergem""], [""vls"", ""Dentergem""], [""ru"", ""Дентергем""]]",True,True,3.3608076572418213,50.91910934448242,3.461458683013916,50.9816780090332,c32c9236-e5fd-4891-b4df-10d8865b3ca4
048a8452-99c5-45e4-b80e-5a8a53c2cc0e,BE,BE-VLG,locality,,land,Diksmuide,"[[""vls"", ""Diksmude""], [""fr"", ""Dixmude""], [""uk"", ""Діксмейде""], [""la"", ""Dixmuda""], [""nl"", ""Diksmuide""], [""zh-Hans"", ""迪克斯迈德""], [""bg"", ""Диксмойде""], [""mk"", ""Диксмауде""], [""oc"", ""Dixmude""], [""ru"", ""Диксмёйде""], [""zea"", ""Diksmuje""], [""zh-Hant"", ""迪克斯邁德""], [""be"", ""Дыксмёйдэ""], [""ja"", ""ディクスムイデ""], [""lt"", ""Diksmuidas""], [""fa"", ""دیکسمویید""]]",True,True,2.7431070804595947,50.97467803955078,2.9513418674468994,51.11618423461914,cd6605be-a256-4bb5-9da1-601ea3db3aca
f3ff1eaf-535f-470b-a7a4-866aee2b108a,BE,BE-VLG,locality,,land,Aalbeke,"[[""vls"", ""Oalbeke""], [""fr"", ""Aelbeke""], [""ru"", ""Албеке""]]",True,True,3.2007694244384766,50.756431579589844,3.2480738162994385,50.79695129394531,651b77f3-b077-4bf2-b5e0-aa71026585cb
de1ad893-656d-4ff3-8aba-2f8a973eff19,BE,BE-VLG,microhood,,land,Veemarkt,,True,True,3.272615671157837,50.82636260986328,3.2750186920166016,50.82680130004883,b3ddc7df-47c1-43b1-83b9-4450c2370732
c702b247-289f-47ab-b49b-9e67a501c3e1,BE,BE-VLG,locality,,land,Middelkerke,"[[""ar"", ""مدلكركه""], [""vls"", ""Middelkerke""], [""ru"", ""Мидделкерке""]]",True,True,2.7461154460906982,51.09478759765625,2.9237492084503174,51.20219802856445,fef312ab-27d0-44dd-b9b6-5842ddf545dc
a94bcdcf-32c6-4818-a5a2-0ca36269345a,BE,BE-VLG,locality,,land,Oostkerke,"[[""vls"", ""Oostkerke""], [""ru"", ""Осткерке""]]",True,True,3.2461330890655518,51.243629455566406,3.3190248012542725,51.30561828613281,a2b48d18-c3d5-4f53-a30c-cf6872cea5ef
8c1d3e07-d765-463a-8b43-cde3dedc1a80,BE,BE-VLG,microhood,,land,Marktplein,,True,True,3.2532951831817627,50.91962814331055,3.2557740211486816,50.920536041259766,1266a196-1d7a-44be-805d-31bb5340b367
e4fdc4fa-2072-4dfe-82de-66ec32271a43,BE,BE-VLG,locality,,land,Ichtegem,"[[""vls"", ""Ichtegem""], [""ru"", ""Ихтергем""]]",True,True,2.9819934368133545,51.05487060546875,3.078569173812866,51.16475296020508,ccb107ae-c7af-48d2-9df0-ac7f2916bb4e
07882edd-7830-4397-bced-38f8d9434ba2,BE,BE-WAL,locality,,land,Amougies,"[[""fr"", ""Amougies""]]",True,True,3.4799282550811768,50.73843002319336,3.5213546752929688,50.76024627685547,e0fff78d-84ac-47e4-b5b5-0f8f8908c6da
834c4871-b98a-4c15-af08-393df75e30bb,BE,BE-WAL,locality,,land,Warneton,"[[""pcd"", ""Warneuton""], [""vls"", ""Woastn""], [""fr"", ""Warneton""], [""la"", ""Varnetonium""], [""nl"", ""Waasten""], [""ru"", ""Варнетон""]]",True,True,2.879512071609497,50.70269012451172,2.9590957164764404,50.76849365234375,a356ba7b-5399-4f8d-a3b7-cb582f229a9b
9feb9688-a9b8-48b7-a5ef-b14ea1b1f821,BE,BE-VLG,neighborhood,,land,Bloemenwijk,,True,True,3.131755828857422,51.30205154418945,3.1403255462646484,51.303890228271484,8b0c080a-9351-4062-9a1c-97294744ebb1
7c4ef61c-62d4-46bd-9044-d5190ef1f46c,BE,BE-VLG,locality,,land,Wingene,"[[""nl"", ""Wingene""], [""ru"", ""Вингене""], [""vls"", ""Wingne""]]",True,True,3.1576149463653564,51.016075134277344,3.446005344390869,51.10427474975586,ba0782d3-1c31-4159-9bce-da797127bceb
b218960a-a4cb-4502-adc5-aed3ffbc8353,BE,BE-VLG,microhood,,land,Stationsplein,,True,True,3.263965606689453,50.824825286865234,3.2647485733032227,50.82512664794922,0ce58ecc-c0c8-43e2-861c-2322b15f9dab
c407a227-6c1b-4bf4-8926-2497fc2a8c2f,BE,BE-VLG,locality,,land,Nevele,"[[""ru"", ""Невеле""]]",True,True,3.503800630569458,51.01913833618164,3.570103406906128,51.062477111816406,20d3f6b3-7daf-4a71-83f6-d7e4ea3e31e3
2b48649c-a3f6-4eb3-8067-db0d7c4b3ac1,BE,BE-VLG,locality,,land,Helkijn,"[[""fr"", ""Helchin""], [""nl"", ""Helkijn""], [""vls"", ""Elkyng""], [""ru"", ""Хелкейн""]]",True,True,3.358812093734741,50.72479248046875,3.404297113418579,50.748172760009766,5f521dfb-aaeb-4e33-bc9b-6dd36f1de3b0
edbc081a-1882-442f-b20a-05b686e71540,BE,BE-VLG,locality,,land,Zeveren,,True,True,3.472411870956421,50.99214553833008,3.5233819484710693,51.010231018066406,7b6002ae-2f9d-4210-babd-a7beff5b424e
4f933e83-727f-4576-978c-94d1752154c3,BE,BE-VLG,localadmin,,land,Kortrijk,"[[""vls"", ""Kortryk""], [""ar"", ""كورتريك""], [""fr"", ""Courtrai""], [""it"", ""Courtrai""], [""la"", ""Cortoriacum""], [""nl"", ""Kortrijk""], [""ru"", ""Кортрейк""], [""en"", ""Kortrijk""], [""he"", ""קורטרייק""], [""es"", ""Courtrai""], [""zh"", ""科尔特赖克""]]",True,True,3.0805888175964355,50.709571838378906,3.523348569869995,50.91139602661133,de0aea5a-af68-40ef-a331-152f5a7b0d4a
55509fb0-dc04-40ec-8f5f-08805a51fa55,BE,BE-VLG,microhood,,land,Monacoplein,,True,True,2.912006139755249,51.230934143066406,2.913259506225586,51.231937408447266,e4664a6a-6535-4efe-9541-7ede3cfd0938
466a6db5-953c-4956-af01-c452904122aa,BE,BE-VLG,locality,,land,Brugge,"[[""pcd"", ""Brudje""], [""gcf"", ""Brij""], [""vls"", ""Brugge""], [""lb"", ""Bruges""], [""ar"", ""بروج""], [""fr"", ""Bruges""], [""lv"", ""Brige""], [""eu"", ""Brujas""], [""uk"", ""Брюгге""], [""pt"", ""Bruges""], [""cs"", ""Bruggy""], [""el"", ""Βρύγη""], [""it"", ""Bruges""], [""ca"", ""Bruges""], [""la"", ""Brugae""], [""nl"", ""Brugge""], [""zh-Hans"", ""布鲁日""], [""bg"", ""Брюж""], [""ko"", ""브뤼허""], [""eo"", ""Bruĝo""], [""mk"", ""Бриж""], [""de"", ""Brügge""], [""ur"", ""بروخے""], [""ru"", ""Брюгге""], [""ml"", ""ബ്രൂഷ്""], [""sr-Latn"", ""Briž""], [""sv"", ""Brygge""], [""tr"", ""Brüj""], [""da"", ""Brygge""], [""sr-Cyrl"", ""Бриж""], [""zh-Hant"", ""布魯日""], [""en"", ""Bruges""], [""he"", ""ברוז'""], [""kn"", ""ಬ್ರೂಝ್""], [""sk"", ""Bruggy""], [""wa"", ""Brudje""], [""es"", ""Brujas""], [""hi"", ""ब्रूज""], [""be"", ""Бругэ""], [""ja"", ""ブルッヘ""], [""fi"", ""Brygge""], [""lt"", ""Briugė""], [""zh"", ""布鲁日""], [""hu"", ""Bruges""], [""pl"", ""Brugia""]]",True,True,3.134174346923828,51.15821838378906,3.309898614883423,51.36335372924805,948ea85e-405e-4764-a574-bc35e694b878
1e7c749a-d14c-4c84-bfd1-0628fb2b14dc,BE,BE-VLG,neighborhood,,land,Woonerf Hermitage,,True,True,3.178605794906616,51.1872444152832,3.1802444458007812,51.18846130371094,c9385a3d-be48-4a15-9b46-0a65dd062870
c0fbc9d4-ba3e-482b-8b63-4db60899569f,BE,BE-VLG,locality,,land,Houtem,"[[""nl"", ""Houtem""], [""vls"", ""Outem""], [""ru"", ""Хаутем""]]",True,True,2.5709891319274902,50.985328674316406,2.635972499847412,51.0293083190918,cf6bd50f-1a7b-43db-ae0a-1d2e06142728
3e4ca654-258b-4911-ace1-f175ed67653d,BE,BE-VLG,locality,,land,Ronsele,,True,True,3.5311543941497803,51.12605667114258,3.561281204223633,51.1409797668457,9aa412bc-a259-4711-9de6-2fee8d59cd66
0a659340-6022-42d0-a66d-b8e975dc21bb,BE,BE-VLG,locality,,land,Handzame,"[[""nl"", ""Handzame""], [""vls"", ""Ansoame""], [""ru"", ""Хандзаме""]]",True,True,2.9714365005493164,50.993919372558594,3.0216827392578125,51.07035446166992,ac634d50-3b7c-469f-b073-ed72aa047b07
d068b3cb-7ef6-41fb-8c5d-c2207913cdab,BE,BE-VLG,locality,,land,Vosselare,"[[""ru"", ""Восселаре""]]",True,True,3.5461719036102295,51.011173248291016,3.5860207080841064,51.047080993652344,c66f457f-c96e-42ad-85ba-3b03cb2bd7f2
38160e55-13d8-46a4-9cbc-e94d7c0b0894,BE,BE-VLG,neighborhood,,land,De cottages,,True,True,3.1403915882110596,51.305782318115234,3.142516613006592,51.30693435668945,49819796-26fe-4b5d-bcb6-dfc89480a550
d728b642-1c23-4d31-ac8c-c153925463a1,BE,BE-VLG,microhood,,land,Onze-Lieve-Vrouwekwartier,,True,True,3.219411611557007,51.19878387451172,3.229674816131592,51.20658874511719,5d0473c8-8233-4a73-8481-f774de60ac19
daf64b61-0e73-4ad1-a7ca-fa2d8e2a1c27,BE,BE-VLG,locality,,land,Wilskerke,,True,True,2.8021280765533447,51.166595458984375,2.8636767864227295,51.18741989135742,85b7a4c7-10f0-4c03-b8e5-fa41b2b28390
2aa891b8-db5d-4fe3-bc50-fe471d82898c,BE,BE-VLG,locality,,land,Oedelem,"[[""vls"", ""Oelem""], [""ru"", ""Уделем""]]",True,True,3.2728612422943115,51.13139343261719,3.410964250564575,51.2006721496582,ce75ccc3-3b6b-45bb-af9c-dbaafd1359c4
5d4b47b5-74d5-404e-b07d-cbec85db5920,BE,BE-VLG,neighborhood,,land,Wijnendale,,True,True,3.0549333095550537,51.08500289916992,3.0894696712493896,51.10384750366211,76e787b4-3b41-42e6-80b1-eb46235068ed
15b23bb9-a2f3-43f4-a88b-414b712e2a86,BE,BE-VLG,localadmin,,land,Brugge,"[[""pcd"", ""Brudje""], [""vls"", ""Brugge""], [""lb"", ""Bruges""], [""ar"", ""بروج""], [""fr"", ""Bruges""], [""lv"", ""Brige""], [""pt"", ""Bruges""], [""cs"", ""Bruggy""], [""it"", ""Bruges""], [""ca"", ""Bruges""], [""la"", ""Brugae""], [""nl"", ""Brugge""], [""de"", ""Brügge""], [""ru"", ""Брюгге""], [""sv"", ""Brygge""], [""tr"", ""Brüj""], [""sr-Cyrl"", ""Бриж""], [""sk"", ""Bruggy""], [""wa"", ""Brudje""], [""es"", ""Brujas""], [""lt"", ""Briugė""], [""pl"", ""Brugia""]]",True,True,3.0400679111480713,51.01353073120117,3.410964250564575,51.372703552246094,d4beb911-6e78-4da9-982f-9bcae597a272
77682881-7203-4de5-83e6-fab64cb332b9,BE,BE-VLG,microhood,,land,Sint-Walburgakwartier,,True,True,3.2226402759552,51.20780563354492,3.231259822845459,51.21337890625,d39b8f64-1b0d-4ff2-b79b-9841bbf2e7c0
32b7cc36-9b55-41af-8669-1306f068666a,BE,BE-VLG,locality,,land,Hoeke,"[[""vls"", ""Oeke""]]",True,True,3.306079626083374,51.279441833496094,3.3498339653015137,51.3080940246582,a70f531f-712c-4704-8c21-72372d97d659
3cb5f220-a75e-4fb6-aec8-92c38592a99e,BE,BE-VLG,locality,,land,Elsegem,,True,True,3.4986469745635986,50.80533981323242,3.5494654178619385,50.83579635620117,6b575a64-a31c-46c2-a0b8-b1cdbd89da5e
e24038f6-e90e-4337-b110-0f64f57f9246,BE,BE-VLG,locality,,land,Westende,"[[""nl"", ""Westende""], [""vls"", ""Westende""], [""ru"", ""Вестенде""], [""la"", ""Vestenda""]]",True,True,2.7593445777893066,51.141475677490234,2.8014583587646484,51.17555618286133,738e84b8-dfd3-4c05-b3a4-ffc9f2445b3d
fb727457-b176-4738-84eb-ad981d393dad,BE,BE-VLG,locality,,land,Pittem,"[[""vls"", ""Pittem""], [""ru"", ""Питтем""]]",True,True,3.2219254970550537,50.96443176269531,3.312102794647217,51.03681945800781,cd10a853-76fb-475b-81b5-3b581ed7b66e
895b0423-9739-48ef-ac70-e74602f6a2a4,BE,BE-VLG,microhood,,land,Johny Turboplein,,True,True,3.2558319568634033,50.83000564575195,3.2566049098968506,50.830528259277344,63fd933e-393f-4065-bab5-ac1f2e73dd7c
9a6059ac-0496-4de9-bb7e-0045495e9e56,BE,BE-VLG,microhood,,land,J. Talloenplein,,True,True,3.1483020782470703,51.30683898925781,3.148996591567993,51.30731964111328,04becf37-26c1-4eec-8c5b-6b48f32938a7
540df773-a11a-4dc3-8638-264f1adb9b62,BE,BE-VLG,locality,,land,Oostkerke,"[[""nl"", ""Oostkerke""], [""vls"", ""Oostkerke""], [""ru"", ""Осткерке""]]",True,True,2.782094955444336,51.030784606933594,2.81657338142395,51.055973052978516,9eeb7d6f-dc38-4192-a496-cffb6594d3e4
e01f8851-0c3e-492b-b5b1-ea947c8062b4,BE,BE-VLG,microhood,,land,Sint-Pietersplein,,True,True,2.58943247795105,51.0930290222168,2.589901924133301,51.0933723449707,e54ad7a1-f485-4859-aa53-fd4c372f48dd
034300d1-5f0d-4a6b-96d5-6c063a0e46d1,BE,BE-VLG,locality,,land,Rumbeke,,True,True,3.0975656509399414,50.88701248168945,3.178485870361328,50.9432258605957,f83cccf8-0f10-4184-aa46-b5668776e1f8
179599f4-b869-4542-91ed-d879c9e39a5b,BE,BE-VLG,microhood,,land,Grote Markt,,True,True,3.2650346755981445,50.827083587646484,3.267214059829712,50.82810974121094,01ea0906-73f4-4f61-bd1f-7f9db615daeb
94951846-db7b-471a-a7a0-b3637790ec0f,BE,BE-VLG,locality,,land,Hollebeke,"[[""vls"", ""Ollebeke""]]",True,True,2.917656898498535,50.793601989746094,2.9634335041046143,50.82155227661133,15c8061b-001a-4884-9def-456dc056aea2
a848170f-b0aa-4051-aa58-402e679d9b7c,BE,BE-VLG,microhood,,land,Zouavenplein,,True,True,2.638345718383789,51.12166976928711,2.639164924621582,51.12263488769531,4e4ea89f-516d-4fdd-a6d8-04f188d6dfd0
847a7669-3dd3-4756-982f-80332f0820ea,BE,BE-VLG,neighborhood,,land,Mariakerke,,True,True,2.8595681190490723,51.1845817565918,2.9047975540161133,51.22270202636719,e03a0df3-f31e-467e-bec0-b5a66c66edad
0405be5d-aff9-4061-91a6-951a66353454,BE,BE-VLG,locality,,land,Oostvleteren,"[[""vls"", ""Ôostvletern""], [""ru"", ""Оствлетерен""]]",True,True,2.7158353328704834,50.88936996459961,2.775796890258789,50.95673751831055,a9958530-a86d-474a-b9d6-cba246189d55
195fca34-31b3-4548-8a30-99cf4d1e86e5,BE,BE-VLG,locality,,land,Sint-Andries,"[[""vls"", ""Sint-Andries""], [""fr"", ""Saint-André""], [""nl"", ""Sint-Andries""]]",True,True,3.134174346923828,51.15821838378906,3.214367389678955,51.22586441040039,679ad496-e8c2-4a84-9dce-d1495b800857
c2e950a4-1846-4431-ba2d-8f6900ac890e,BE,BE-VLG,microhood,,land,Heldenplein,,True,True,3.0818657875061035,51.29841613769531,3.0822529792785645,51.298736572265625,511d150c-8e6e-4dc5-a54b-0c556e659973
5f1bacd3-7d16-41fa-9aae-39f502981eaf,BE,BE-VLG,locality,,land,Ruien,"[[""nl"", ""Ruien""], [""vls"", ""Rui'n""]]",True,True,3.459078550338745,50.757568359375,3.527000665664673,50.79250717163086,07bebb63-a455-4ed3-9d2d-3749fc526b01
454d1b87-6ef8-43ce-bee8-b4b9df91da03,BE,BE-VLG,locality,,land,Maldegem,"[[""fr"", ""Maldeghem""], [""nl"", ""Maldegem""], [""vls"", ""Moaldegem""], [""ru"", ""Малдегем""]]",True,True,3.3602254390716553,51.146846771240234,3.5450031757354736,51.27445602416992,0409de44-787c-4f5a-839a-066021bf4cf5
6e55c83d-c4be-4d9b-aef8-21e12b3cf9f0,BE,BE-WAL,locality,,land,Comines-Warneton - Komen-Waasten,"[[""pcd"", ""Comène-Warneuton""], [""vls"", ""Koomn-Woastn""], [""fr"", ""Comines-Warneton""], [""li"", ""Komen-Waasten""], [""la"", ""Comineum et Varnetonium""], [""nl"", ""Komen-Waasten""], [""zh-Hans"", ""科米讷-瓦尔讷通""], [""bg"", ""Комин-Варнетон""], [""ru"", ""Комин-Варнетон""], [""zea"", ""Koom'n-Waost'n""], [""zh-Hant"", ""科米訥-瓦爾訥通""], [""wa"", ""Cômene-Varneton""], [""lt"", ""Kominas-Varnetonas""], [""fa"", ""کمین‌وارنتون""]]",True,True,2.842034339904785,50.692352294921875,3.029839038848877,50.8108024597168,76ea0738-6cc0-4133-8a56-6827a006d3b0
ae6307f9-8032-4229-9fc3-92977d949acd,BE,BE-VLG,neighborhood,,land,Kristus-Koning,"[[""vls"", ""Kristus-Keunink""]]",True,True,3.201664924621582,51.21163558959961,3.2215559482574463,51.220672607421875,d3bea67f-4ff0-433f-a994-51eef32d4059
01ad0435-c0c2-4875-9c91-266d2fb1a74d,BE,BE-VLG,locality,,land,Zevekote,"[[""fr"", ""Zevecote""], [""nl"", ""Zevekote""], [""vls"", ""Zevekote""], [""ru"", ""Зевекоте""]]",True,True,2.873720645904541,51.120933532714844,2.931532144546509,51.15544128417969,ea195d50-3c84-4d50-b7d7-33fc83361565
3eb504fb-1333-4b1e-97cb-d5879f8d1046,BE,BE-VLG,locality,,land,Moorslede,"[[""nl"", ""Moorslede""], [""ru"", ""Морследе""], [""vls"", ""Môoslee""]]",True,True,3.027477502822876,50.837039947509766,3.135169744491577,50.92796325683594,790b1fb7-342d-4b7e-b8e5-6e9a8cf2780d
8403c2d5-e90c-43fb-8e11-869d8cfc28b9,BE,BE-VLG,microhood,,land,Arentsplein,,True,True,3.233032464981079,51.15441131591797,3.233396291732788,51.154640197753906,c19b2876-fa5f-405d-9a72-9311f5111146
ca0d85ad-7639-4789-aeda-160b5252f2be,BE,BE-VLG,locality,,land,Vinkem,"[[""vls"", ""Vienkem""]]",True,True,2.630574941635132,51.000343322753906,2.690603017807007,51.026493072509766,4b75c7d4-0e5b-4abe-bb69-8bff4d50ba89
49dde2ee-cac5-462b-803c-914309fda31c,BE,BE-VLG,microhood,,land,Grote Markt,,True,True,3.123922348022461,50.94462585449219,3.124983310699463,50.94544982910156,b2e1caf7-f100-4e7f-80b3-b69e041b3756
324c5682-24c3-46f6-86e3-fd0e6aae586c,BE,BE-VLG,locality,,land,Langemark,"[[""vls"", ""Langemark""], [""fr"", ""Langemarck""], [""nl"", ""Langemark""], [""ru"", ""Лангемарк""]]",True,True,2.8707876205444336,50.8682975769043,2.975926160812378,50.95229721069336,f2af8409-3344-498f-9326-674a852be508
ccf8cc81-a60f-413a-936a-e9472f0688ed,BE,BE-VLG,locality,,land,Zulte,"[[""nl"", ""Zulte""], [""ru"", ""Зюлте""]]",True,True,3.4153542518615723,50.896766662597656,3.5279273986816406,50.98361587524414,75370c4e-6e35-4202-8880-4f1b23e5a236
676aeb20-1701-4ab4-accc-604382817ce3,BE,BE-WAL,locality,,land,Évregnies,"[[""fr"", ""Évregnies""], [""nl"", ""Evernijs""], [""vls"", ""Evernys""]]",True,True,3.2615272998809814,50.698341369628906,3.3019440174102783,50.721012115478516,11ca4df1-2147-4008-8744-14495c96e03b
6e524afa-df76-4ffd-8560-bc84ca0c7073,BE,BE-VLG,locality,,land,Proven,"[[""vls"", ""Proovn""]]",True,True,2.6215643882751465,50.86454391479492,2.7030065059661865,50.914772033691406,e45a1ae2-f026-4fe0-bafd-4ea9de7e31b8
77b08ee6-7389-41e0-9782-285112ee6680,BE,BE-VLG,locality,,land,Koekelare,"[[""nl"", ""Koekelare""], [""vls"", ""Kookloare""], [""ru"", ""Кукеларе""]]",True,True,2.899341106414795,51.04185104370117,3.014533281326294,51.13374710083008,b5f13221-d6ae-4352-929f-d499aa65d11a
a274b50c-ecab-4d9b-81e0-06c76f9bed82,BE,BE-VLG,locality,,land,Zandvoorde,"[[""vls"", ""Zanvôorde""], [""ru"", ""Зандворде""]]",True,True,2.9528799057006836,50.80010223388672,3.000166893005371,50.8301887512207,1b17035d-87b6-4174-916b-9d68a173c877
b2e18777-00de-486e-8eb8-16d8ab6f6768,BE,BE-VLG,microhood,,land,Zesde Linieplein,,True,True,2.7619268894195557,51.10911178588867,2.762317419052124,51.1095085144043,68ccec0d-ab6f-48ec-9cef-7bd3c18b4779
bd5f42b6-01a3-493b-936d-2353f772b779,BE,BE-VLG,locality,,land,Nieuwpoort,"[[""vls"", ""Nieuwpôort""], [""fr"", ""Nieuport""], [""la"", ""Novus Portus""], [""nl"", ""Nieuwpoort""], [""ru"", ""Ньивпорт""], [""wa"", ""Noû-Pôrt""]]",True,True,2.6998589038848877,51.08671951293945,2.8248934745788574,51.164974212646484,469d63b4-84f8-43cf-bbb7-8a331a3a3e1d
f356e732-42aa-4595-ab7b-8db3e9cf7843,BE,BE-VLG,locality,,land,Oeselgem,,True,True,3.4159793853759766,50.928218841552734,3.461458683013916,50.95199203491211,49711d8b-e9cb-4d74-84ee-43e1d9b4724a
855256e5-aa42-4bd2-9e50-8dc494c9de42,BE,BE-VLG,localadmin,,land,Tielt,"[[""ar"", ""تيلت""], [""ru"", ""Тилт""]]",True,True,3.1576149463653564,50.8803825378418,3.461458683013916,51.10427474975586,af3b9b1c-60d7-495a-b61f-51c697fee40b
6e8f8809-2784-4640-8640-45a48d1904ba,BE,BE-VLG,locality,,land,Vlamertinge,"[[""vls"", ""Vloamertinge""], [""ru"", ""Вламертинге""]]",True,True,2.769634485244751,50.81174087524414,2.8658056259155273,50.8728141784668,02aa8ea7-6896-480b-b1ff-218bce611089
35be4cf5-d5de-419f-9228-94ca1f0cfee9,BE,BE-VLG,locality,,land,Avelgem,"[[""nl"", ""Avelgem""], [""vls"", ""Oavelgem""], [""ru"", ""Авелгем""]]",True,True,3.3902904987335205,50.7403450012207,3.523348569869995,50.81465148925781,8c606f1d-c1e6-4930-bf70-26ef558cd35c
87d358ae-498f-43d2-8cd5-23583606ed7d,BE,BE-VLG,locality,,land,Langemark-Poelkapelle,"[[""nl"", ""Langemark-Poelkapelle""], [""vls"", ""Langemark-Poekapelle""], [""ru"", ""Лангемарк-Пулкаппелле""], [""fr"", ""Langemarck-Poelcappelle""]]",True,True,2.843564748764038,50.8682975769043,2.9898622035980225,50.95732116699219,558defed-7077-48f7-b33b-af3efb202a67
3bbd5868-ea03-40f1-b86d-f61840f5329c,BE,BE-VLG,locality,,land,Zonnebeke,"[[""nl"", ""Zonnebeke""], [""vls"", ""Zunnebeke""], [""ru"", ""Зоннебеке""], [""la"", ""Sonnebeca""]]",True,True,2.938249111175537,50.80010223388672,3.069556713104248,50.92885971069336,ff629e40-aa45-402a-9226-a302d4eeb0b7
1d0dfb9a-2a68-4ce3-8c7f-7f77c81b7e38,BE,BE-VLG,microhood,,land,Schouwburgplein,,True,True,3.2649505138397217,50.82551956176758,3.2669677734375,50.82638168334961,b1342ff5-50a1-4ff0-ae9b-fb044109f895
fb98ffc6-486b-4c06-ac22-3ae728210d19,BE,BE-VLG,locality,,land,Esen,"[[""vls"", ""Êesn""], [""ru"", ""Эсен""]]",True,True,2.8469772338867188,51.0023078918457,2.9504597187042236,51.039093017578125,a8631246-725f-4845-ae54-ca9dd6230eee
39ab5d01-ea9a-4414-8c51-29d6412b17b7,BE,BE-VLG,locality,,land,De Moeren,"[[""vls"", ""De Moern""], [""fr"", ""Les Moëres""], [""nl"", ""De Moeren""]]",True,True,2.565877676010132,51.01387405395508,2.6220316886901855,51.05864334106445,9da4c6ef-9cce-4ed6-ac87-ce0606a5a6ea
c0762fb4-0c7c-463f-90fe-cdfbb3fce5b1,BE,BE-WAL,locality,,land,Pecq,"[[""pcd"", ""Pècq""], [""fr"", ""Pecq""], [""ru"", ""Пек""]]",True,True,3.3030714988708496,50.64739990234375,3.3992440700531006,50.72275161743164,09580ef3-131e-4cbe-948b-80ea8337c717
37f7cdce-70b3-4e7f-9ed5-3b4f32b9a007,BE,BE-VLG,locality,,land,Wulpen,"[[""vls"", ""Wulpn""], [""nl"", ""Wulpen""], [""ru"", ""Вюлпен""]]",True,True,2.661996603012085,51.08128356933594,2.7515485286712646,51.11399459838867,0eeadfe1-afce-4ccf-a4d5-b946d6b8761e
fd734881-875e-414f-aa6a-7f1e0d3ac67b,BE,BE-VLG,locality,,land,Bavikhove,"[[""bg"", ""Бавикхове""], [""vls"", ""Boaviekove""]]",True,True,3.27253794670105,50.85892868041992,3.3299245834350586,50.8994140625,f644b484-e552-4e50-bb4e-34747b316c17
ad999796-70f2-4908-bb14-544f6544bf4f,BE,BE-VLG,locality,,land,Nokere,,True,True,3.4705333709716797,50.869808197021484,3.532384157180786,50.896175384521484,1f7db916-5f34-4ef6-80ab-d28df61b7712
4b9fda2f-7360-4747-b356-36df4fb58c46,BE,BE-VLG,locality,,land,Nieuwkerke,"[[""fr"", ""Neuve-Église""], [""vls"", ""Nieuwkerke""], [""nl"", ""Nieuwkerke""], [""ru"", ""Ньивкерке""]]",True,True,2.788944721221924,50.708282470703125,2.8696210384368896,50.76219177246094,56fa198e-8cc9-4950-9c14-8dcfb8377e2e
639aa22d-7f3c-4d36-8401-5098956d3f97,BE,BE-VLG,locality,,land,Lo,"[[""nl"", ""Lo""], [""vls"", ""Lo""], [""la"", ""Loa""], [""ru"", ""Ло""]]",True,True,2.728463649749756,50.9693603515625,2.7968637943267822,51.017127990722656,b64e444b-9df5-4aac-a4fd-23c8e97a5322
25cce29f-f27f-4163-b9f3-d9b747330893,BE,BE-VLG,locality,,land,Bachte-Maria-Leerne,,True,True,3.529926061630249,50.98850631713867,3.6016645431518555,51.01768112182617,9813b9eb-f25e-43f0-b85b-406bbbf0787f
b39c6959-de48-4adb-b2aa-fce99d0b03a3,BE,BE-VLG,locality,,land,Booitshoeke,"[[""vls"", ""Bôoitsouke""], [""fr"", ""Boitshoucke""], [""nl"", ""Booitshoeke""]]",True,True,2.7219576835632324,51.07914733886719,2.7613790035247803,51.0977783203125,61d90c6b-b2cd-41e9-8b1c-f60a946944eb
a1dc0689-929e-4fd6-a945-1e1de21a5d3d,BE,BE-VLG,microhood,,land,Dorpsplein,,True,True,3.4224400520324707,50.99690628051758,3.4232208728790283,50.99721145629883,2e7c2b44-ca3d-46eb-a39e-f3fe335dcf9d
9b2cfa5f-3fce-4c25-ac10-cb2ed49454da,BE,BE-VLG,locality,,land,Varsenare,"[[""vls"", ""Vassenoare""]]",True,True,3.105501174926758,51.17709732055664,3.1625685691833496,51.2221565246582,040a7fbb-cd8b-4f74-b72c-b23b9543e471
028b111f-3d83-4f9b-a006-33bb8db04294,BE,BE-VLG,locality,,land,Dranouter,"[[""vls"", ""Nouter""], [""fr"", ""Dranoutre""]]",True,True,2.756500005722046,50.73179244995117,2.830902576446533,50.778438568115234,2f0280ff-1482-41ff-bba6-61098f57a14e
aa0e19d9-0b4f-4854-9c8e-fd1a191955ad,BE,BE-VLG,locality,,land,Torhout,"[[""vls"", ""Toeroet""], [""fr"", ""Thourout""], [""la"", ""Turholt""], [""nl"", ""Torhout""], [""ru"", ""Торхаут""]]",True,True,3.0435502529144287,51.01353073120117,3.1579041481018066,51.10384750366211,654f10c2-1fae-456c-b770-4ea70db057dd
040eeb00-0934-43e9-b0d2-5675f36c75f3,BE,BE-VLG,microhood,,land,Nelson Mandelaplein,,True,True,3.252920627593994,50.82472229003906,3.2574918270111084,50.826759338378906,f98a0d33-7e8f-417a-a17e-19bf4a76a404
600a5dc7-9e09-4f0c-b7b9-b2818c2d6f51,BE,BE-WAL,locality,,land,Russeignies,"[[""fr"", ""Russeignies""], [""nl"", ""Rozenaken""], [""vls"", ""Rozenoakn""]]",True,True,3.514416456222534,50.73339080810547,3.5477888584136963,50.76481628417969,b60a4ade-0f3c-4ee0-a49b-a8ece8d7e08e
1ccb99db-135b-4d41-8d7b-1a33ab510f46,BE,BE-VLG,locality,,land,Krombeke,"[[""vls"", ""Krombeke""]]",True,True,2.652303695678711,50.88201141357422,2.7015202045440674,50.92747497558594,f2d3de1a-520a-4b9d-b5a2-2155c6b959e9
c09f88a7-53bd-4e11-abe5-296cdd2589c8,BE,BE-VLG,neighborhood,,land,De Klijte,"[[""fr"", ""La Clytte""], [""vls"", ""De Klyte""]]",True,True,2.772178888320923,50.79004669189453,2.8176193237304688,50.81856155395508,b1285d19-5379-412c-9b16-a39b5823c0fa
136c8e6b-d860-43ec-a85c-0a9649d84e22,BE,BE-VLG,locality,,land,Lotenhulle,"[[""nl"", ""Lotenhulle""], [""ru"", ""Лотенхюлле""]]",True,True,3.4260804653167725,51.02342987060547,3.5134074687957764,51.07171630859375,329510fa-5323-4989-bc7d-96299977c754
13c98d97-19b8-4f55-bca1-83dd255df296,BE,BE-VLG,locality,,land,Kruishoutem,"[[""ru"", ""Крёйсхаутем""]]",True,True,3.4665417671203613,50.88714599609375,3.5882489681243896,50.95307540893555,cde86926-9762-440d-8e71-cb3f6062f485
80189d80-22a8-418b-97d2-a32e7894f73b,BE,BE-VLG,locality,,land,Menen,"[[""pcd"", ""Menin""], [""vls"", ""Mêenn""], [""fr"", ""Menin""], [""la"", ""Monena""], [""nl"", ""Menen""], [""ru"", ""Менен""], [""en"", ""Menin""]]",True,True,3.0805888175964355,50.75531768798828,3.2196526527404785,50.83219909667969,4b774151-36a0-491d-9184-a484cd46d426
a58e590f-c89f-4d6a-9266-31a3b1d31869,BE,BE-WAL,locality,,land,Herseaux - Herzeeuw,"[[""fr"", ""Herseaux""], [""nl"", ""Herzeeuw""], [""vls"", ""Herzêeuw""], [""ru"", ""Эрсо""]]",True,True,3.204936981201172,50.70990753173828,3.2768073081970215,50.737789154052734,45fe0942-1324-4b6d-b0c1-928645bae4d2
c91aae7a-b1ef-453b-8578-bb3dc42a431e,BE,BE-WAL,microhood,,land,Place Verte,,True,True,3.4549882411956787,50.71236801147461,3.455904006958008,50.71281433105469,2a770507-2133-49cb-87c2-50229ce888ee
d6bd2525-cd54-4ecc-9d11-dbd97b3a6352,BE,BE-VLG,locality,,land,Kortrijk,"[[""vls"", ""Kortryk""], [""ar"", ""كورتريك""], [""fr"", ""Courtrai""], [""lv"", ""Kortreika""], [""uk"", ""Кортрейк""], [""ky"", ""Кортрейк""], [""pt"", ""Courtrai""], [""gl"", ""Courtrai""], [""it"", ""Courtrai""], [""ca"", ""Cortrai""], [""vi"", ""Courtrai""], [""la"", ""Cortoriacum""], [""nl"", ""Kortrijk""], [""bg"", ""Кортрейк""], [""ko"", ""코르트레이크""], [""eo"", ""Kortrejko""], [""oc"", ""Cortrai""], [""ur"", ""کورتریک""], [""fy"", ""Kortrik""], [""ru"", ""Кортрейк""], [""ml"", ""കൊർട്രെയ്ക്""], [""th"", ""คอร์ทไรค์""], [""sr-Cyrl"", ""Кортрајк""], [""en"", ""Kortrijk""], [""he"", ""קורטרייק""], [""es"", ""Cortrique""], [""hi"", ""कॉर्ट्रीक""], [""an"", ""Contrai""], [""be"", ""Горад Кортрэйк""], [""ja"", ""コルトレイク""], [""lt"", ""Kortreikas""], [""fa"", ""کورتریک""], [""zh"", ""科特赖克""]]",True,True,3.2007694244384766,50.73102951049805,3.3590762615203857,50.8746452331543,04905c0a-e772-462f-8c35-fbb8e757fef1
45709bf7-4201-4400-9f79-f2b91d397b2c,BE,BE-VLG,microhood,,land,August Marinplein,,True,True,3.3351738452911377,50.89229202270508,3.335583209991455,50.892581939697266,649579e5-353f-406c-967c-30f74d9bc533
f22ec801-5eb7-45b0-9145-91d8de87f724,BE,BE-VLG,locality,,land,Kemmel,"[[""vls"", ""Kemmel""], [""la"", ""Culmen""]]",True,True,2.792527198791504,50.775333404541016,2.8718678951263428,50.81499099731445,da581fc2-7120-46bc-bd8a-ec7087077f32
05882d1b-e2b6-4680-a10e-1bed6a57c6f3,BE,BE-VLG,microhood,,land,Sint-Annakwartier,,True,True,3.229260206222534,51.20966720581055,3.239722728729248,51.215904235839844,546bdbb8-328f-489f-9c34-9a59e2f2eba4
440394bd-ede5-497d-bd07-03e2311e53b5,BE,BE-VLG,locality,,land,De Panne,"[[""fr"", ""La Panne""], [""nl"", ""De Panne""], [""wa"", ""Li Panne""], [""ru"", ""Де-Панне""]]",True,True,2.541360378265381,51.046165466308594,2.634553909301758,51.11378860473633,5b070686-ff48-47ed-8299-64324d9858cc
bc63684a-855c-4041-b5d4-f6b4d5512234,BE,BE-VLG,microhood,,land,Herbakkersplein,,True,True,3.5634515285491943,51.18637466430664,3.564281463623047,51.186981201171875,aa128fb8-0a40-445e-abfd-77effc3d06b1
9dffd7c2-866a-43bf-ae71-c2319f491d67,BE,BE-VLG,locality,,land,Marke,"[[""vls"", ""Marke""], [""ru"", ""Марке""]]",True,True,3.208660364151001,50.76917266845703,3.266784191131592,50.82402038574219,758b4a09-0c9d-4c52-81cb-609c7dfd7194
f14b5427-6a9c-4624-8e94-e17be7c967c3,BE,BE-VLG,locality,,land,Snaaskerke,"[[""vls"", ""Snoaskerke""]]",True,True,2.9017961025238037,51.155433654785156,2.9564948081970215,51.197147369384766,9a257561-a9b6-43c8-809c-75750d767764
6cc97f72-53df-4ea6-95b1-876a931bffee,BE,BE-VLG,microhood,,land,Sint Jansplein,,True,True,3.225621461868286,51.210227966308594,3.2263681888580322,51.21078109741211,64dff15e-3ed8-4de6-ad54-3e0521f272b2
0b39b178-f06f-4162-888d-d11cf8080c5e,BE,BE-VLG,locality,,land,Sint-Jan,"[[""vls"", ""Sient-Jan""], [""fr"", ""Saint-Jean""], [""nl"", ""Sint-Jan""], [""ru"", ""Синт-Ян""]]",True,True,2.8794350624084473,50.86038589477539,2.928220272064209,50.90149688720703,115d054a-f22d-48e1-b695-fd0e8ff8da45
60199807-9bc3-49d9-af79-c549fcde74f4,BE,BE-VLG,locality,,land,Petegem-aan-de-Schelde,"[[""nl"", ""Petegem-aan-de-Schelde""], [""vls"", ""Petegem-an-de-Schelde""]]",True,True,3.499047040939331,50.815460205078125,3.5893702507019043,50.85065460205078,38da0333-553d-478a-9f05-509a69e52883
8a7d5db8-714b-40a2-b243-0064361e1564,BE,BE-VLG,neighborhood,,land,Lozer,,True,True,3.5495975017547607,50.900115966796875,3.5882489681243896,50.938446044921875,e471ee6e-d1bc-4100-b636-4f2ff163770c
1dcab09b-ac00-42db-a6bc-7d01c0d9bb2f,BE,BE-VLG,locality,,land,Dikkebus,"[[""vls"", ""Dikkebus""], [""ru"", ""Диккебюс""]]",True,True,2.7897591590881348,50.79700469970703,2.8490490913391113,50.83654022216797,a62c2ba2-ae2b-4d19-b6d3-ad24f8c765e4
a58dba72-40d2-450f-bb1c-5a9c64c1f620,BE,BE-VLG,locality,,land,Koolskamp,"[[""fr"", ""Coolscamp""], [""nl"", ""Koolskamp""], [""vls"", ""Kôolskamp""], [""ru"", ""Колскамп""]]",True,True,3.1657326221466064,50.98896408081055,3.227357864379883,51.026268005371094,8fdf5ab1-19d9-4a2f-994f-f85f772b49e2
dbfa6ee0-0bd7-408c-8316-a0b335b99741,BE,BE-VLG,locality,,land,Moregem,,True,True,3.532111167907715,50.84115982055664,3.5778110027313232,50.86680603027344,f9767b1e-b6d6-45a9-bfe3-833be053d3c9
b23e3e30-a467-42d3-9f1a-387ee65fab1b,BE,BE-VLG,locality,,land,Ramskapelle,"[[""fr"", ""Ramscapelle""], [""vls"", ""Ramskapelle""]]",True,True,2.735924482345581,51.08671951293945,2.8248934745788574,51.1265754699707,7d495e20-0128-4832-8bfa-66e43384bc5f
37e938f4-1e5f-4f00-860a-88ac46b360fe,BE,BE-VLG,locality,,land,Kachtem,"[[""vls"", ""Kaktem""]]",True,True,3.172589063644409,50.92660903930664,3.2064096927642822,50.95439529418945,2d526833-0bd0-4036-9a06-b34667b183f5
58baa5a3-cd89-4e96-a796-ff5018aff657,BE,BE-VLG,locality,,land,Wakken,"[[""vls"", ""Wakkn""], [""ru"", ""Ваккен""]]",True,True,3.3829026222229004,50.91910934448242,3.4292333126068115,50.95051956176758,f4254ff0-9e23-4875-8d30-f6a497944e14
c78e90ac-cdd9-4a05-ab74-d43737540ec0,BE,BE-VLG,locality,,land,Mannekensvere,,True,True,2.79394268989563,51.11550521850586,2.8368117809295654,51.14887237548828,bf4e2327-ffb7-410a-bdd4-b2cc51409673
73df1e8e-a453-4205-81b8-40e2ed64afdf,BE,BE-WAL,locality,,land,Estaimpuis,"[[""pcd"", ""Timpu""], [""vls"", ""Stêenpit""], [""fr"", ""Estaimpuis""], [""nl"", ""Steenput""], [""ru"", ""Эстемпюи""]]",True,True,3.240069627761841,50.65264129638672,3.339890480041504,50.7224006652832,b0076131-0095-4ee6-9e03-bd316a2c5e89
cea22cea-f63f-4f65-b91c-318b703cd94a,BE,BE-VLG,locality,,land,Vladslo,"[[""nl"", ""Vladslo""], [""vls"", ""Vlazêle""]]",True,True,2.8840668201446533,51.03391647338867,2.9513418674468994,51.0912971496582,bdf71b93-21b0-4ee3-86cb-ace6a0737f0c
2f2f1496-bc0b-4d13-bc07-d2780f7b258f,BE,BE-VLG,neighborhood,,land,Vivenkapelle,,True,True,3.273477554321289,51.22328567504883,3.3132448196411133,51.243587493896484,be19c197-e5d1-45f1-8105-44caf391487e
3ffc3854-7700-4cb4-b37e-b12a3cd8f255,BE,BE-VLG,neighborhood,,land,Sint-Jozef,"[[""fr"", ""Saint-Joseph""], [""nl"", ""Sint-Jozef""], [""vls"", ""Sint-Jozef""]]",True,True,3.227113962173462,51.222320556640625,3.2426657676696777,51.233642578125,964c1a75-06a3-47be-a3cb-3085a36df9f6
17967dc2-1f51-4e4a-b4ca-cc7d710d1f82,BE,BE-VLG,microhood,,land,Romboudswijk,,True,True,3.248361349105835,51.230037689208984,3.254608392715454,51.234493255615234,a29469a7-f0b0-4837-bf02-e8ce256a5b15
949d1474-d0fd-4782-ba88-a9524ba7b742,BE,BE-VLG,neighborhood,,land,'t Baanhof,,True,True,2.9258947372436523,51.20137023925781,2.9335598945617676,51.20585632324219,811fa87c-2758-4df4-80c6-024adca96f1a
85715226-4afa-4367-98d2-97b7fbf5ce6c,BE,BE-VLG,neighborhood,,land,Boeveriewijk,,True,True,3.2139034271240234,51.2006950378418,3.2174882888793945,51.20444869995117,9743cea4-e972-49c5-809b-33ff1839d82a
83410449-1cb5-4e3f-a0e2-0a74fed9f73c,BE,BE-VLG,locality,,land,Werken,"[[""nl"", ""Werken""], [""vls"", ""Werkn""]]",True,True,2.9339253902435303,51.02239227294922,3.0095229148864746,51.057350158691406,7b3739b7-1a01-400a-acba-fefcfe074dbe
99c5cb8f-1c1a-4178-9cc1-b81a059e003b,BE,BE-WAL,locality,,land,Saint-Léger,"[[""fr"", ""Saint-Léger""], [""vls"", ""Sint-Legiers""]]",True,True,3.2907276153564453,50.689823150634766,3.3293051719665527,50.7224006652832,f6188282-18f5-4c83-8181-71e4444890cd
00c507e4-3876-4ae7-9274-3dced40e42bd,BE,BE-VLG,locality,,land,Mesen,"[[""pcd"", ""Mèssène""], [""vls"", ""Mêesn""], [""fr"", ""Messines""], [""la"", ""Messina""], [""nl"", ""Mesen""], [""ru"", ""Месен""], [""wa"", ""Mèssène""]]",True,True,2.8696300983428955,50.752723693847656,2.922544002532959,50.76704025268555,17fbc7d5-5078-4624-885d-c8d2c94b9eba
0a860b27-3b7e-46f0-89bc-2b6f9028f37d,BE,BE-VLG,microhood,,land,Sint-Audomarusplein,,True,True,3.0147390365600586,51.16481399536133,3.015624523162842,51.16512680053711,b5ff7fd9-42df-42f1-9850-89bfd10f3c5f
187d4153-4f5e-4690-a550-9b9a10d0e829,BE,BE-VLG,locality,,land,Koksijde,"[[""vls"", ""Koksyde""], [""fr"", ""Coxyde""], [""la"", ""Coxida""], [""nl"", ""Koksijde""], [""ru"", ""Коксейде""]]",True,True,2.60178279876709,51.08128356933594,2.7572059631347656,51.1491584777832,af4f0f5c-c92f-413a-a0e6-295db8e1ff19
77ef7f92-e5f6-4258-b514-989cc969f60e,BE,BE-VLG,neighborhood,,land,Jonkershove,"[[""nl"", ""Jonkershove""], [""vls"", ""Tjoenkesove""]]",True,True,2.858156681060791,50.965003967285156,2.9262149333953857,51.00190353393555,e4dafa0f-fce9-45b4-b581-1ab5421258c7
3a72d4e2-a197-474d-9fc8-143a7bf49dbf,BE,BE-VLG,locality,,land,Moorsele,"[[""vls"", ""Môosele""], [""ru"", ""Морселе""]]",True,True,3.1024415493011475,50.8197021484375,3.1840271949768066,50.865665435791016,3567e817-e911-4e89-b4d5-2104ac9557a0
a4ad21b6-4ec7-4d1f-8fd1-f8b3ece1c369,BE,BE-VLG,locality,,land,Wijtschate,"[[""vls"", ""Wytschoate""], [""fr"", ""Wytschaete""], [""ru"", ""Вейтсхате""]]",True,True,2.849209785461426,50.75764465332031,2.9604709148406982,50.8089599609375,4b57edc9-a8fe-4930-a1f4-6414eafa201e
c6829165-115a-4b2e-96ad-a3d5ee6f455e,BE,BE-VLG,locality,,land,Avekapelle,"[[""vls"", ""Oavekapelle""]]",True,True,2.7111427783966064,51.053565979003906,2.775331497192383,51.07268524169922,e7c0b9f0-c634-4313-ba18-5a084a710154
4fe08e15-047e-464b-9660-b11c81017c3a,BE,BE-VLG,locality,,land,Wortegem-Petegem,"[[""nl"", ""Wortegem-Petegem""], [""ru"", ""Вортегем-Петегем""]]",True,True,3.451288938522339,50.80533981323242,3.5893702507019043,50.886722564697266,3573596e-7342-415a-bc9e-0c79f1d07c30
c5f1bf73-35af-444a-a10c-465b09b3de46,BE,BE-VLG,microhood,,land,Blauwe Poort,,True,True,3.2019693851470947,51.232608795166016,3.205608367919922,51.237586975097656,d7ee81e3-7ee5-4669-97f3-51e97e0b31c7
d39923c0-3a21-4dee-83c7-54e275672071,BE,BE-VLG,microhood,,land,Magdalenaplein,,True,True,3.231675624847412,51.204505920410156,3.232205867767334,51.20490646362305,979a4367-f821-49c1-92a6-b282c2ff140e
1f1424b3-b6f0-4184-9ad2-ee109e6120f7,BE,BE-VLG,microhood,,land,Langestraatkwartier,,True,True,3.231529951095581,51.205501556396484,3.2404308319091797,51.212459564208984,036935af-692b-4553-be4b-e81b7658a866
f5098b43-cfe1-44d6-a7c8-690cddbce134,BE,BE-VLG,localadmin,,land,Veurne,"[[""fr"", ""Furnes""], [""nl"", ""Veurne""], [""ru"", ""Вёрне""], [""la"", ""Furna""]]",True,True,2.541360378265381,50.906681060791016,2.8248934745788574,51.164974212646484,43ea2dcd-dd6e-4455-965a-48bf26bfd8a6
8429d66c-0bfa-483c-b697-df6e6a9102e9,BE,BE-VLG,locality,,land,Wevelgem,"[[""ar"", ""ويفلغم""], [""nl"", ""Wevelgem""], [""vls"", ""Wevelgem""], [""ru"", ""Вевелгем""]]",True,True,3.1024415493011475,50.79391860961914,3.222919464111328,50.865718841552734,bce38f62-d837-40b9-a787-592b99382d7e
5b730b57-bda6-4377-b603-3c0b4cd08927,BE,BE-VLG,locality,,land,Oostrozebeke,"[[""vls"", ""Ôostrôzebeke""], [""ru"", ""Острозебеке""]]",True,True,3.2861218452453613,50.90428161621094,3.376246929168701,50.96440124511719,d3e82ec4-03ef-43e6-a0b4-67d9e16d77d7
f0624583-b38a-41c6-8f9e-05589512e49d,BE,BE-VLG,microhood,,land,Markt,,True,True,2.591966152191162,51.0985107421875,2.592984437942505,51.0990104675293,6ab6ce5c-a876-4f7e-90de-788d3999891a
0c2757ac-ec28-4adc-84ed-4bce085cde57,BE,BE-VLG,locality,,land,De Haan,"[[""vls"", ""D'n Oane""], [""fr"", ""Le Coq""], [""nl"", ""De Haan""], [""ru"", ""Де-Хан""], [""wa"", ""Li Cok""]]",True,True,2.984325408935547,51.21965789794922,3.115302324295044,51.314605712890625,ce281d84-7b25-4502-895c-e634bfd638f2
55be8d0f-81d5-4563-959a-7ed6eaf6348e,BE,BE-VLG,locality,,land,Vleteren,"[[""nl"", ""Vleteren""], [""vls"", ""Vletern""]]",True,True,2.690035581588745,50.88211441040039,2.810396909713745,50.95673751831055,cb4517d0-9a72-4e93-82ef-5bffb150e5df
3382651d-5737-4f6e-8137-7a135ceb766d,BE,BE-VLG,locality,,land,Deerlijk,"[[""vls"", ""Deirlyk""], [""ru"", ""Дерлейк""]]",True,True,3.324862480163574,50.81135559082031,3.393817663192749,50.867340087890625,bed96042-0b92-474e-ad90-5a04f449e8d3
156363f1-50a0-44d7-875f-c08fc2c0f196,BE,BE-VLG,microhood,,land,Sint-Pieters Molenwijk,,True,True,3.1925055980682373,51.224830627441406,3.1990737915039062,51.22917175292969,77dea473-e6d8-4610-800d-c92a1b0c2f0f
5a514a36-1e00-44d0-a8b6-858bfa61a7cd,BE,BE-VLG,locality,,land,Heestert,"[[""vls"", ""Êestert""], [""ru"", ""Хестерт""]]",True,True,3.3662028312683105,50.76984786987305,3.4325637817382812,50.81663513183594,83464622-cbff-473b-8753-b31aab11f5ab
bdd2b9f7-eaf9-48ee-bfa6-c4a0313a1b6f,BE,BE-VLG,locality,,land,Beerst,"[[""nl"", ""Beerst""], [""vls"", ""Bèèst""], [""ru"", ""Берст""]]",True,True,2.843945264816284,51.034175872802734,2.9030816555023193,51.073081970214844,adb9084d-28bc-4902-9e85-ee89c85cd7b7
a08a0ef8-a256-4890-9364-481e1b3b4014,BE,BE-VLG,locality,,land,Ardooie,"[[""fr"", ""Ardoye""], [""nl"", ""Ardooie""], [""vls"", ""Ardôoie""]]",True,True,3.164275646209717,50.944339752197266,3.2442386150360107,51.026268005371094,d78fc1e8-4bf0-4899-950f-43b6847c1e06
95df7540-08c5-415f-8200-6084a31bcf8f,BE,BE-VLG,locality,,land,Voormezele,"[[""vls"", ""Vormezêle""]]",True,True,2.8469886779785156,50.798255920410156,2.9249961376190186,50.83674240112305,cb0ecbc4-f386-48b4-9606-dec662935d67
3298dd89-8ba0-4f1e-9bda-c8a7246a35c9,BE,BE-VLG,microhood,,land,Heidizone,,True,True,2.596848487854004,51.078712463378906,2.5980823040008545,51.07918930053711,6cf67bc1-e711-4b39-b4fa-142bc3a90768
b23238bb-72ce-46d9-90e8-1ec90ad6277f,BE,BE-VLG,locality,,land,Markegem,,True,True,3.366180896759033,50.93966293334961,3.4206817150115967,50.96056365966797,5387c013-d2f3-4e20-aa15-cc61f236b2d3
de5680ce-f77c-441c-bdb4-70527a83357f,BE,BE-VLG,microhood,,land,Markt,,True,True,3.445446729660034,51.20877456665039,3.4459455013275146,51.20913314819336,701eb5ce-36ae-4039-9e9a-5986d7e0985d
8bcc884d-8284-4ea3-867b-7073fbf17f13,BE,BE-VLG,microhood,,land,Alexianenplein,,True,True,3.326601266860962,51.0007438659668,3.3271682262420654,51.0014533996582,8e07e5cd-8aa2-49bb-b8b5-3628b0c9b05c
1b24d7a6-a147-402a-a085-598313212576,BE,BE-VLG,microhood,,land,Grote Markt,,True,True,2.863744020462036,51.0329704284668,2.865814685821533,51.03365707397461,52e6f662-2baf-4ba9-91bb-50844516af64
1ad4d551-b97f-4d92-baf5-8f72478ac59e,BE,BE-VLG,locality,,land,Gullegem,"[[""vls"", ""Gullegem""], [""ru"", ""Гюллегем""]]",True,True,3.1747307777404785,50.824275970458984,3.222919464111328,50.865718841552734,ef51b7e8-72b9-4b41-9a09-878a1459ef61
b5e2627b-5728-4e73-b65f-c294ad37ea6a,BE,BE-WAL,locality,,land,Warcoing,"[[""vls"", ""Warkonje""]]",True,True,3.3239400386810303,50.69646453857422,3.362339735031128,50.72275161743164,d86a48f6-eb55-49a1-b2af-619d67644fd8
ce27a6b9-5422-4641-b014-a60c05a8207a,BE,BE-VLG,microhood,,land,Sint-Maartenskerkhof,,True,True,3.2674756050109863,50.82747268676758,3.2682628631591797,50.82798767089844,5f7b8c5b-41c1-456d-889d-8432180b2257
de5cf08f-249d-4d83-b466-5a2d7e183f23,BE,BE-VLG,neighborhood,,land,Zwankendamme,"[[""vls"", ""Zwankendamme""]]",True,True,3.1873390674591064,51.30475997924805,3.2038145065307617,51.31344985961914,90e20e01-cc54-4fd3-9ba3-e17027678abc
d62ad5d8-8688-422c-9c1b-3a5d82dbaa6e,BE,BE-VLG,neighborhood,,land,Bommelzwinwijk,,True,True,3.130559206008911,51.30365753173828,3.1342008113861084,51.30630874633789,10b52471-4f88-4616-ab46-c3aeb7d47a84
24b8efe6-0b4a-4eb3-8f23-f96131729e17,BE,BE-VLG,neighborhood,,land,Village Sénégalais,,True,True,2.6375555992126465,51.117252349853516,2.641979932785034,51.12126541137695,90d12002-8396-4aff-a955-16ffa771360e
ddd5a97a-7a9f-47ea-b90a-094cbac4d90a,BE,BE-VLG,locality,,land,Westouter,"[[""vls"", ""Westouter""]]",True,True,2.713020086288452,50.77345657348633,2.772463083267212,50.82732009887695,9f4086d2-3b1c-4684-a5d0-3594cb470dbe
b0b1893a-8cfb-4c99-9f68-6179658f982e,BE,BE-VLG,locality,,land,Dudzele,"[[""vls"", ""Dizzêle""]]",True,True,3.188331365585327,51.243934631347656,3.273371458053589,51.32643127441406,4213ca5a-f92d-4be7-af77-2b1672c1f8d5
f17239af-959c-4696-889f-b118f0405ccb,BE,BE-VLG,locality,,land,Boezinge,"[[""vls"", ""Boezienge""], [""ru"", ""Бузенге""]]",True,True,2.8146135807037354,50.867164611816406,2.9052133560180664,50.91965866088867,2f78200d-af9d-4599-83b3-9ed13ba2a40d
0db336ce-e264-4a50-96e9-61f54c4af9f8,BE,BE-VLG,locality,,land,Harelbeke,"[[""hy"", ""Հարելբեկե""], [""vls"", ""Oarelbeke""], [""ar"", ""هاريل بيك""], [""el"", ""Χαρελμπέκε""], [""nl"", ""Harelbeke""], [""bg"", ""Харелбеке""], [""mk"", ""Харелбеке""], [""ru"", ""Харелбеке""], [""ja"", ""ハレルベーク""], [""lt"", ""Harelbekė""], [""fa"", ""ارل‌بک""], [""zh"", ""哈勒尔贝克""]]",True,True,3.2672910690307617,50.8179817199707,3.3492612838745117,50.9073486328125,4329f4d8-ab65-4804-af94-1cf9add098bd
532d80e2-6b6d-4b1f-b2d5-e424fd58d78f,BE,BE-VLG,locality,,land,Sint-Kruis,"[[""fr"", ""Sainte-Croix""], [""nl"", ""Sint-Kruis""], [""vls"", ""Sinte-Kruus""]]",True,True,3.2338998317718506,51.19709014892578,3.309898614883423,51.24032211303711,cc023df6-9f59-4bf5-a2b8-2daca8e19593
b7fe6dfe-dbcd-45ee-999c-416d5e1e382b,BE,BE-VLG,microhood,,land,Arthur De Greefplein,,True,True,2.8190219402313232,51.189212799072266,2.8203582763671875,51.1903190612793,1f773b4f-9b18-44b8-8a2e-9894a795a522
2df44dd1-5c9a-4450-b404-511e2d5bdb78,BE,BE-VLG,locality,,land,Kerkhove,"[[""vls"", ""Kerkove""], [""ru"", ""Керкхове""]]",True,True,3.482102394104004,50.78672409057617,3.523348569869995,50.81465148925781,031d0cf7-d5e6-4b18-bd5e-6cbfe485becf
cf9a4556-a7aa-4d48-b2b1-595662daa44d,BE,BE-VLG,neighborhood,,land,De Geite,,True,True,3.0184335708618164,50.989723205566406,3.070267915725708,51.007080078125,8aca4d65-54ac-4bdd-a63d-830c8bae89bf
7d2756e3-423e-4981-abb4-149b735cc725,BE,BE-VLG,locality,,land,Spiere,"[[""fr"", ""Espierres""], [""nl"", ""Spiere""], [""vls"", ""Spiere""]]",True,True,3.3237600326538086,50.709571838378906,3.3688833713531494,50.74142074584961,cc388924-f1b8-4280-9d9f-f6c493ad09b1
dc001f10-da09-4166-8b04-2100935fa879,BE,BE-VLG,locality,,land,Wervik,"[[""vls"", ""Wervik""], [""fr"", ""Wervicq""], [""uk"", ""Вервік""], [""la"", ""Viroviacum""], [""nl"", ""Wervik""], [""ru"", ""Вервик""]]",True,True,2.9985275268554688,50.76972198486328,3.1068549156188965,50.854034423828125,7fc69027-7c52-4954-95fa-11e31413261b
ce99d780-1cca-4aa4-bcec-339db93789c2,BE,BE-VLG,locality,,land,Kanegem,"[[""vls"", ""Koanegem""], [""ru"", ""Канегем""]]",True,True,3.3644957542419434,51.00562286376953,3.444793939590454,51.036964416503906,6710e403-06fa-4d97-a2a0-2484102944fb
34c06904-ac0e-49dd-9065-1603f9485038,BE,BE-VLG,locality,,land,Gits,"[[""vls"", ""Gits""], [""ru"", ""Гитс""]]",True,True,3.0646605491638184,50.975929260253906,3.1505837440490723,51.019039154052734,60895df0-bf6b-4876-8d59-d2a9ed0a6329
743f5938-4233-42ef-8e3c-7f956eceb810,BE,BE-VLG,locality,,land,Brielen,"[[""vls"", ""Brieln""]]",True,True,2.8314497470855713,50.85234832763672,2.8806424140930176,50.890602111816406,1f52f26c-7163-444b-99de-08debee5937e
b98d09a9-4001-4f0a-b461-48d14585f2ad,BE,BE-VLG,locality,,land,Sint-Eloois-Winkel,"[[""nl"", ""Sint-Eloois-Winkel""], [""vls"", ""Wienkel""], [""fr"", ""Winkel-Saint-Éloi""], [""ru"", ""Синт-Элойс-Винкел""]]",True,True,3.1606855392456055,50.85698699951172,3.2088167667388916,50.89267349243164,f2148369-fa54-4230-8484-fc6765bc6357
3c35676c-a1c8-4183-bdb1-73ba5b334279,BE,BE-WAL,locality,,land,Bas-Warneton,"[[""pcd"", ""Bos-Warneuton""], [""vls"", ""Neerwoastn""], [""fr"", ""Bas-Warneton""], [""nl"", ""Neerwaasten""], [""nds-nl"", ""Neerwaosten""]]",True,True,2.9350228309631348,50.74972152709961,2.9972164630889893,50.77354431152344,5ddb34d0-8076-4ffc-9133-c1bc1d49a863
89474c1d-fe40-4ba6-8332-1abc1ee81661,BE,BE-VLG,locality,,land,Bellegem,"[[""vls"", ""Bellegem""], [""ru"", ""Беллегем""]]",True,True,3.265432834625244,50.749359130859375,3.3301422595977783,50.797950744628906,fe79e063-fa9e-4e0c-a802-74c05bf28dd2
cef376b7-f5ba-48de-9de4-e932f220dced,BE,BE-VLG,microhood,,land,August Michielsplein,,True,True,2.883044958114624,51.215057373046875,2.8835792541503906,51.21544647216797,72a0cc8c-f0ec-4be8-968f-d5fa6cde46f9
ff9e3830-8b0d-48aa-a0cb-69911d571487,BE,BE-WAL,locality,,land,Anserœul,,True,True,3.4642252922058105,50.70346450805664,3.5448474884033203,50.74264907836914,b391c673-43cc-40de-ad4e-42ce06018de2
11526acd-98b9-41f9-8af4-ea2974ed6a70,BE,BE-VLG,locality,,land,Lapscheure,"[[""vls"", ""Lapscheure""]]",True,True,3.3174893856048584,51.25874328613281,3.384477376937866,51.30562973022461,fcddc9cc-dff9-4056-938b-ca0119b1aaa0
8755a3e2-6bc9-411b-939a-cedc962b7e04,BE,BE-WAL,locality,,land,Ploegsteert,"[[""fr"", ""Ploegsteert""], [""nl"", ""Ploegsteert""], [""vls"", ""Ploegsteirt""], [""ru"", ""Плугстерт""]]",True,True,2.842034339904785,50.692352294921875,2.9120638370513916,50.76154327392578,0a14b9bc-a1c8-43e4-be37-309b230756e6
dba3456f-5f2c-4459-bc7e-964be6b601e4,BE,BE-VLG,microhood,,land,Ruddershove,,True,True,3.1920979022979736,51.22248077392578,3.1994357109069824,51.22525405883789,8e131d6b-4a80-4c5a-948c-27f8dcddb6aa
45c11bcc-7972-43ed-9344-6de0af8a83a4,BE,BE-VLG,neighborhood,,land,Batavia,,True,True,3.1390023231506348,50.9482307434082,3.144213914871216,50.95260238647461,2c3efab2-69ae-4091-a3a1-cde612e13125
7cf6bbd5-00ee-4b7b-9aa9-e68b77433aaf,BE,BE-WAL,locality,,land,Hérinnes,,True,True,3.3417954444885254,50.66910934448242,3.3991212844848633,50.721439361572266,623b82b5-0e4e-4990-87dc-5c46da5a60ab
9f7b80a4-c657-4d13-b143-60fe9eb66aaa,BE,BE-VLG,neighborhood,,land,Ooike (Oudenaarde),,True,True,3.5486409664154053,50.862674713134766,3.57680082321167,50.88399887084961,e483cf63-5914-4d2a-a36b-7e5efafbff14
766e65ff-8832-4981-8f5d-8d77a2878da9,BE,BE-VLG,locality,,land,Waarmaarde,"[[""vls"", ""Woarmoarde""]]",True,True,3.453474283218384,50.78269577026367,3.4898087978363037,50.801429748535156,92a11085-6b73-48b4-ba57-a8e7b13c7c76
16aea03d-6f80-494f-a653-ab4e93bc2c87,BE,BE-VLG,microhood,,land,Vredesplein,,True,True,3.4476349353790283,51.208335876464844,3.4478633403778076,51.2084846496582,edf191e1-11e5-43b2-a279-6dc4f6a4192d
f983640c-700f-4fe8-949c-41d0e401b518,BE,BE-VLG,microhood,,land,Prinsenhof,,True,True,3.2198071479797363,51.2080192565918,3.2204153537750244,51.208431243896484,b0ac82b4-ef42-48fa-bd31-8704668b9844
844b7bc7-5639-43d8-a660-2d26584255bc,BE,BE-VLG,locality,,land,Jabbeke,"[[""nl"", ""Jabbeke""], [""la"", ""Iadbeca""], [""vls"", ""Jabbeke""], [""ru"", ""Яббеке""]]",True,True,3.0400679111480713,51.144248962402344,3.1625685691833496,51.23819351196289,63b0933a-4b6a-42f1-845c-49b602800abc
f635cfdc-6133-41a1-bcdb-381c9b9c9bfc,BE,BE-VLG,locality,,land,Poesele,"[[""ru"", ""Пуселе""]]",True,True,3.499359369277954,51.0223388671875,3.53324294090271,51.0425910949707,c586d551-625d-4445-9116-afa3ac36944f
f6ebece6-aeed-4713-91fc-81b7a5774d37,BE,BE-VLG,locality,,land,Lendelede,"[[""nl"", ""Lendelede""], [""vls"", ""Lendlee""], [""ru"", ""Ленделеде""]]",True,True,3.1882059574127197,50.87135314941406,3.2727420330047607,50.899383544921875,ba55ceb8-afbf-427c-a6ce-f9541431700d
5eb7e575-de9c-468e-b5fe-5124dc0078be,BE,BE-VLG,locality,,land,Klemskerke,"[[""vls"", ""Klemskerke""], [""ru"", ""Клемскерке""]]",True,True,2.984325408935547,51.21965789794922,3.063570737838745,51.28386688232422,89c6636a-3481-4185-b6b4-ebd63e4c5316
325ab14b-9443-4417-b0ce-f302a74d564a,BE,BE-VLG,locality,,land,Oostende,"[[""gcf"", ""Ostand""], [""vls"", ""Ostende""], [""ar"", ""أوستند""], [""fr"", ""Ostende""], [""uk"", ""Остенде""], [""ga"", ""Ostainn""], [""it"", ""Ostenda""], [""la"", ""Ostenda""], [""nl"", ""Oostende""], [""zh-Hans"", ""奥斯坦德""], [""de"", ""Ostende""], [""ur"", ""اوسٹینڈے""], [""ru"", ""Остенде""], [""da"", ""Ostende""], [""zh-Hant"", ""奧斯坦德""], [""en"", ""Ostend""], [""he"", ""אוסטנדה""], [""wa"", ""Ostinde""], [""es"", ""Ostende""], [""lt"", ""Ostendė""], [""pl"", ""Ostenda""]]",True,True,2.8384556770324707,51.1845817565918,3.004307985305786,51.24607467651367,bdcb3f6f-0e34-450a-b02d-b78419bb0eca
49045b13-5b1b-402a-acaa-0a5916481019,BE,BE-WAL,locality,,land,Luingne - Lowingen,"[[""fr"", ""Luingne""], [""nl"", ""Lowingen""], [""vls"", ""Lowiengn""]]",True,True,3.2059459686279297,50.71665573120117,3.2705700397491455,50.751651763916016,0e3421fd-dde7-42df-a7f2-072237ebd2ff
c3874c12-70ca-4b05-98af-6acae3b1749d,BE,BE-VLG,locality,,land,voormalige gemeente Ooike,,True,True,3.5283708572387695,50.85854721069336,3.57680082321167,50.886722564697266,d341e268-6d40-4447-8a91-4df10b329424
1e84362e-ceb2-452d-b3c4-3111c03c7289,BE,BE-VLG,microhood,,land,Zavelplein,,True,True,2.626901388168335,51.11802291870117,2.6278998851776123,51.118587493896484,35b98078-adff-478b-a96e-d6ce5baee5d4
a21ca1f2-ea60-4cac-bdee-265e75b01253,BE,BE-VLG,locality,,land,Zuienkerke,"[[""fr"", ""Zuyenkerque""], [""nl"", ""Zuienkerke""], [""vls"", ""Zuunkerke""], [""ru"", ""Зёйенкерке""]]",True,True,3.0616655349731445,51.21258544921875,3.1935410499572754,51.29084777832031,1688cb46-edef-4814-b6b1-fc82b1c7759c
5bb2b807-05b6-4315-a683-e60ed77362ef,BE,BE-VLG,locality,,land,Rekkem,"[[""pcd"", ""Retchème""], [""fr"", ""Reckem""], [""nl"", ""Rekkem""], [""vls"", ""Rekkem""]]",True,True,3.151052236557007,50.75531768798828,3.2126572132110596,50.793521881103516,8bc49a56-b61e-40af-afe9-2276925c0e05
48b333f7-64c6-4119-a08e-7ff1bf7ed2d4,BE,BE-WAL,locality,,land,Escanaffles,"[[""vls"", ""Schalafie / Slafie""]]",True,True,3.4152488708496094,50.718143463134766,3.4888112545013428,50.758785247802734,67dcd280-f5d5-4e7e-88d2-ce149f7bb365
693b45d7-5415-4c37-b782-409b3d634f4a,BE,BE-VLG,neighborhood,,land,Sint-Pieters,"[[""fr"", ""Saint-Pierre""], [""nl"", ""Sint-Pieters""]]",True,True,3.1883320808410645,51.21725082397461,3.2272469997406006,51.252586364746094,c9c7a011-9185-427a-956b-4533db91d6ee
fd6cc1bb-b518-4760-966a-5c0559479b1a,BE,BE-VLG,locality,,land,Sijsele,"[[""vls"", ""Sysêle""], [""ru"", ""Сейселе""]]",True,True,3.2893691062927246,51.19186019897461,3.385526657104492,51.227230072021484,e2239ced-77d7-4722-9c37-b0404b77995c
693a20e9-5e52-4146-977b-29760d63d484,BE,BE-VLG,locality,,land,Izegem,"[[""fr"", ""Iseghem""], [""nl"", ""Izegem""], [""vls"", ""Yzegem""], [""ru"", ""Изегем""]]",True,True,3.1724720001220703,50.890804290771484,3.2440457344055176,50.95439529418945,4d67c405-0402-4350-9d82-96fc54c3bf17
b00c55bf-1e70-4264-b153-29aca81c0d82,BE,BE-VLG,locality,,land,Sint-Michiels,"[[""vls"", ""Sinte-Machiels""], [""fr"", ""Saint-Michel""], [""nl"", ""Sint-Michiels""]]",True,True,3.1701250076293945,51.161441802978516,3.2343742847442627,51.200279235839844,d67f68b9-00d3-4cb6-81e3-99e90a9a3e4c
b8719b35-d880-4768-939d-ff827c5ce4c8,BE,BE-VLG,locality,,land,Gistel,"[[""nl"", ""Gistel""], [""ru"", ""Гистел""], [""vls"", ""Gistel""]]",True,True,2.873720645904541,51.11039352416992,3.000547170639038,51.197147369384766,8b14ca72-d98f-4edd-862a-64c0d4748004
126a975d-f054-4e5f-ae57-162628abaeb9,BE,BE-VLG,locality,,land,Aarsele,"[[""vls"", ""Oarsele""], [""ru"", ""Арселе""]]",True,True,3.373018741607666,50.97783279418945,3.452556610107422,51.01646423339844,367ca3ef-4451-4fd7-bc21-2afbf050a99a
607bd846-dd63-4fe0-9187-c52ad98ac91e,BE,BE-VLG,microhood,,land,Vissersplein,,True,True,2.9216806888580322,51.23191452026367,2.9224255084991455,51.23255920410156,b372f64a-d624-494f-b804-da85f5cc2785
983075ce-4f9d-4fc3-95af-ffffd6e63188,BE,BE-VLG,locality,,land,Roeselare,"[[""vls"", ""Rousseloare""], [""fr"", ""Roulers""], [""uk"", ""Руселаре""], [""la"", ""Roslara""], [""nl"", ""Roeselare""], [""ru"", ""Руселаре""], [""lt"", ""Ruselarė""]]",True,True,3.0619211196899414,50.88701248168945,3.178485870361328,50.993961334228516,7827329c-5716-4c85-815a-322c5fe796fd
f40f6713-c727-4cd3-84b5-57daa7c8ea40,BE,BE-VLG,microhood,,land,Leandre Vilainplein,,True,True,2.9201948642730713,51.22988510131836,2.9204187393188477,51.230010986328125,54801032-5494-48e7-9128-82224556df68
255eef2b-98e2-485d-9413-2c7097a243f5,BE,BE-VLG,locality,,land,Wannegem-Lede,,True,True,3.528073787689209,50.878299713134766,3.585196018218994,50.90163803100586,2f310458-c247-4116-8755-784d7a34955b
0b04e6e2-fa55-4fd2-b981-d7671892b6f8,BE,BE-VLG,locality,,land,Petegem-aan-de-Leie,"[[""nl"", ""Petegem-aan-de-Leie""], [""vls"", ""Petegem-an-de-Leie""]]",True,True,3.502934694290161,50.94771957397461,3.5630950927734375,50.98361587524414,314d742b-6548-4f8b-8bd8-2e2ac26275a1
737d3569-54ec-493e-a178-2f3986ff5097,BE,BE-VLG,locality,,land,Damme,"[[""hy"", ""Դամմե""], [""vls"", ""Damme""], [""ka"", ""დამე""], [""ar"", ""دامه""], [""uk"", ""Дамме""], [""la"", ""Dammum""], [""nl"", ""Damme""], [""zh-Hans"", ""达默""], [""bg"", ""Даме""], [""ko"", ""다머""], [""ru"", ""Дамме""], [""arz"", ""دامه""], [""zh-Hant"", ""達默""], [""ja"", ""ダンメ""], [""lt"", ""Damė""], [""fa"", ""دم""]]",True,True,3.2461330890655518,51.19186019897461,3.3992903232574463,51.3080940246582,dfedecdb-f969-4748-ac53-b69f0e5247c7
5b0cc43a-264e-4585-af37-2c5e82a16971,BE,BE-VLG,locality,,land,Ruddervoorde,"[[""vls"", ""Ruddervôorde""]]",True,True,3.1504592895507812,51.05629348754883,3.2520432472229004,51.113136291503906,386142be-cd5e-4f81-aca8-fd05064a6f50
37ee8ecf-dff1-4a6a-ae53-8d2d55881a6b,BE,BE-VLG,locality,,land,Assebroek,"[[""fr"", ""Assebrouck""], [""nl"", ""Assebroek""], [""vls"", ""Assebroeke""]]",True,True,3.2277488708496094,51.17852783203125,3.2897281646728516,51.20786666870117,08cb48e5-ac94-4af9-9037-916cb7d28359
61a23184-2fa4-4f73-a9e1-fdeae5451a6f,BE,BE-VLG,locality,,land,Loppem,"[[""fr"", ""Lophem""], [""nl"", ""Loppem""], [""vls"", ""Loppem""], [""ru"", ""Лоппем""]]",True,True,3.147404670715332,51.113128662109375,3.215233325958252,51.16737365722656,baae775e-4219-425b-89fd-d9117f5a13c1
a953a61e-79d2-4f79-a43b-4b2c6d56443f,BE,BE-VLG,locality,,land,Westkapelle,"[[""vls"", ""Westkapelle""], [""ru"", ""Весткапелле""]]",True,True,3.2646267414093018,51.299442291259766,3.3853402137756348,51.34183883666992,140fdd31-b85b-4190-88f4-05f81e064132
1365079a-9c9e-4e29-a0a4-9b335e24ead7,BE,BE-VLG,locality,,land,Leke,"[[""vls"", ""Leke""], [""ru"", ""Леке""]]",True,True,2.866266965866089,51.08511734008789,2.9397518634796143,51.11618423461914,2326a023-bf91-4941-af15-db710a946e8d
59f542a2-0280-404b-a533-80ab3e993365,BE,BE-VLG,locality,,land,Pollinkhove,"[[""nl"", ""Pollinkhove""], [""vls"", ""Pollienkove""], [""ru"", ""Поллинкхове""]]",True,True,2.6964404582977295,50.950401306152344,2.78951358795166,50.99533462524414,facb7cf8-8a5e-459c-b5d0-18383d559c6c
c5fb58b4-b3e3-45a6-b565-1fd59447f6e9,BE,BE-WAL,locality,,land,Leers-Nord,"[[""fr"", ""Leers-Nord""], [""nl"", ""Leers-Noord""], [""vls"", ""Leers-Nôord""]]",True,True,3.2527921199798584,50.6763916015625,3.299121618270874,50.699745178222656,862aaea9-17ec-4389-a1e7-1565e883fa3e
d98df4f6-4119-4a50-af1e-09653bfcc686,BE,BE-VLG,locality,,land,Oostwinkel,"[[""ru"", ""Оствинкел""]]",True,True,3.512148141860962,51.1363410949707,3.5755906105041504,51.17013168334961,e24c96e7-c55e-44df-a713-756b305739f0
95cb8247-6a22-4ec8-a22d-545191512066,BE,BE-VLG,microhood,,land,Beursplein,,True,True,3.2152743339538574,51.204071044921875,3.2161552906036377,51.20484924316406,b54a7d3d-be09-492e-a4be-86bbf2aa45a9
f08334c6-dde3-4915-ac55-afeb1ff79ba0,BE,BE-VLG,locality,,land,Moere,"[[""vls"", ""Moere""]]",True,True,2.9278416633605957,51.11039352416992,3.0004050731658936,51.151756286621094,e1278ff7-0c36-4c11-934f-176388088be6
4893982e-2cbb-49bf-9f48-a77f659ac4b1,BE,BE-VLG,locality,,land,Westrozebeke,"[[""vls"", ""Rôzebeke""]]",True,True,2.9728949069976807,50.91609191894531,3.040778875350952,50.950252532958984,8e13985b-84d1-42e3-94af-72c7b09e4a30
fac05306-21e1-4c12-b716-c5f4e1543f0c,BE,BE-VLG,locality,,land,Eeklo,"[[""hy"", ""Էկլո""], [""vls"", ""Êeklo""], [""uk"", ""Екло""], [""nl"", ""Eeklo""], [""zh-Hans"", ""埃克洛""], [""bg"", ""Екло""], [""be-Latn-tarask"", ""Эклё""], [""ru"", ""Экло""], [""zh-Hant"", ""埃克洛""], [""he"", ""אקלו""], [""be"", ""Экла""], [""ja"", ""エークロー""], [""lt"", ""Ėklas""], [""fa"", ""اکلو""]]",True,True,3.508272886276245,51.16231155395508,3.6091270446777344,51.218833923339844,3da8ef4f-dfad-4040-8594-499a3d58fa91
459e9ae3-584c-4045-8df0-84f304f1c667,BE,BE-VLG,microhood,,land,Burg,"[[""fr"", ""Burg""], [""zh"", ""城堡廣場""]]",True,True,3.2261221408843994,51.208168029785156,3.22744083404541,51.20941162109375,d1281fe7-7071-4d7f-9127-91b1262c91f9
14b43fe0-ca8f-4877-ad66-71407ea649fe,BE,BE-VLG,locality,,land,Leisele,"[[""nl"", ""Leisele""], [""vls"", ""Leisel""], [""ru"", ""Лейселе""]]",True,True,2.6067113876342773,50.94573974609375,2.6657328605651855,51.00617980957031,e366ac78-143e-4391-95ae-3cab04a3e0d6
b2215189-4393-43ff-8fe9-e0605b04c36b,BE,BE-VLG,localadmin,,land,Diksmuide,"[[""vls"", ""Diksmude""], [""fr"", ""Dixmude""], [""uk"", ""Діксмейде""], [""la"", ""Dixmuda""], [""nl"", ""Diksmuide""], [""zh-Hans"", ""迪克斯迈德""], [""bg"", ""Диксмойде""], [""mk"", ""Диксмауде""], [""oc"", ""Dixmude""], [""ru"", ""Диксмёйде""], [""zea"", ""Diksmuje""], [""zh-Hant"", ""迪克斯邁德""], [""be"", ""Дыксмёйдэ""], [""ja"", ""ディクスムイデ""], [""lt"", ""Diksmuidas""], [""fa"", ""دیکسمویید""]]",True,True,2.6964404582977295,50.903541564941406,3.0703988075256348,51.13374710083008,532971da-9bee-45d1-812e-788cc3f6d228
f0651493-d9e9-40a9-aeae-a028c7a29297,BE,BE-VLG,locality,,land,Ursel,"[[""ru"", ""Урсел""]]",True,True,3.442718505859375,51.10935974121094,3.5245909690856934,51.153953552246094,6c821509-8840-41a8-9aab-9941d9e29611
cfd26426-e09f-47bd-8d7f-76e3e4c03acd,BE,BE-VLG,locality,,land,Wontergem,,True,True,3.4258058071136475,50.9665412902832,3.462667942047119,50.9985466003418,4e829f69-311a-4922-8cd8-dce8503adf24
873d7340-5fc0-46d6-8b44-be0917f54f9b,BE,BE-VLG,locality,,land,Sint-Joris,"[[""vls"", ""Sint-Joris""], [""fr"", ""Saint-Georges""], [""nl"", ""Sint-Joris""], [""ru"", ""Синт-Йорис""]]",True,True,3.3417882919311523,51.10601806640625,3.3901524543762207,51.14408493041992,8c636028-1205-4e48-bc38-5ba5939d6675
4b5439cd-7ed5-4234-9612-f8fc6d709882,BE,BE-VLG,locality,,land,Grammene,,True,True,3.453810691833496,50.96757125854492,3.4819798469543457,50.990699768066406,e2e7491e-368a-4ef4-844e-3e39ffab1412
5ef38262-480b-4f9a-b0e6-9110af5d9ae8,BE,BE-VLG,locality,,land,Geluwe,"[[""vls"", ""Gilwe""], [""fr"", ""Gheluwe""], [""nl"", ""Geluwe""], [""ru"", ""Гелюве""]]",True,True,3.0254499912261963,50.799774169921875,3.1068549156188965,50.854034423828125,a38ddc30-7f4e-483a-a414-f28cbb85731a
1c50c843-a6be-4ba1-8e49-417f434a689e,BE,BE-WAL,locality,,land,Wattripont,,True,True,3.538790225982666,50.72442626953125,3.5641958713531494,50.73473358154297,9bfa9b03-7bc0-4624-89e9-a56aecc9f2eb
789432fb-25f7-4d37-8ec0-1d1381f6e62c,BE,BE-VLG,locality,,land,Ettelgem,,True,True,3.019807815551758,51.17415237426758,3.058077335357666,51.221195220947266,32fc7d1c-b935-4f2a-b6ba-419fa4e55f99
4e8a9547-6ba9-45ab-abb4-64eb349ab0cc,BE,BE-VLG,microhood,,land,Elisabethplein,,True,True,2.642162799835205,51.12346267700195,2.6430587768554688,51.12408447265625,de76a553-6a05-49ed-8a3c-d8290ad47e9b
0251ae23-689b-4daa-8b13-cef60658ccc2,BE,BE-VLG,locality,,land,Sint-Joris,"[[""fr"", ""Saint-Georges""], [""vls"", ""Sint-Joris""]]",True,True,2.759241819381714,51.11602783203125,2.808041572570801,51.144832611083984,2007e8a3-15e7-41da-b765-54f4f83986be
8cc5999b-cb36-4670-9b04-2baed56572ce,BE,BE-VLG,locality,,land,Pervijze,"[[""fr"", ""Pervyse""], [""nl"", ""Pervijze""], [""vls"", ""Pervyzje""], [""ru"", ""Первейзе""]]",True,True,2.765998125076294,51.05763626098633,2.826448440551758,51.10340881347656,d3f2d809-b0f9-46b9-82e0-a2fe35e9bbe8
cd74ebed-534b-46fa-a23b-c8126f1906fb,BE,BE-VLG,locality,,land,Berchem,,True,True,3.4990246295928955,50.78095626831055,3.5563883781433105,50.8112678527832,195b2bd3-5b50-44bf-a519-41cbd57447c7
9ab1699b-4168-422f-92d0-1bbb873a6fb5,BE,BE-VLG,locality,,land,Wortegem,"[[""ru"", ""Вортегем""]]",True,True,3.451288938522339,50.84117126464844,3.54579496383667,50.88009262084961,9a585bda-ec66-40d4-bd59-920aeabf619e
d7ccce43-3c53-423c-a43e-aac01e3ef040,BE,BE-WAL,locality,,land,Arc-Ainières,,True,True,3.487025499343872,50.69084167480469,3.5741121768951416,50.730186462402344,2ad20cc0-c1c5-4d34-9cdb-8b56f90327b3
183c5e97-ee55-43b3-ac0f-ab4286f40863,BE,BE-VLG,locality,,land,Merkem,"[[""nl"", ""Merkem""], [""vls"", ""Merkem""], [""ru"", ""Меркем""]]",True,True,2.8057374954223633,50.931182861328125,2.9265224933624268,50.99117660522461,e39891e2-162c-4151-9b95-4c8faaf69743
8e023bb5-cbc9-438b-895e-32bcdabd3330,BE,BE-VLG,microhood,,land,De Vispaander,,True,True,3.2295408248901367,51.20096969604492,3.2300400733947754,51.201290130615234,6b139764-6e3d-4001-a511-0b5b2533a1e8
c91a7a67-8f18-44a4-abb7-09a1e6da1bc9,BE,BE-WAL,locality,,land,Comines,"[[""pcd"", ""Comène""], [""vls"", ""Koomn""], [""fr"", ""Comines""], [""la"", ""Comineum""], [""nl"", ""Komen""]]",True,True,2.9674453735351562,50.762184143066406,3.029839038848877,50.8108024597168,a59d7495-5b3a-4090-8dfd-444ab004bdad
081ce96a-7396-4884-baad-3ce5ed8c3a84,BE,BE-VLG,locality,,land,Machelen,"[[""nl"", ""Machelen""], [""vls"", ""Maaln""], [""ru"", ""Махелен""]]",True,True,3.4650328159332275,50.927513122558594,3.5279273986816406,50.98361587524414,031286ec-9e70-4241-853c-e1c83b0d6294
f31cd098-afc5-4e86-ad48-a72fb7a18646,BE,BE-VLG,locality,,land,Watou,"[[""vls"", ""Woatou""]]",True,True,2.5986380577087402,50.812904357910156,2.6778342723846436,50.87766647338867,191980e4-5f90-4f8c-bff0-e29c582881b9
eb24bc3e-f53a-430b-b6df-ac5ab7587ba6,BE,BE-VLG,locality,,land,Rollegem-Kapelle,"[[""vls"", ""Rollegem-Kapelle""]]",True,True,3.1369221210479736,50.85838317871094,3.165377378463745,50.887916564941406,12451cea-d20c-4e07-afb5-26ae014a43dc
7bed9309-31b3-40c9-9644-44a81312f130,BE,BE-VLG,locality,,land,Knesselare,"[[""nl"", ""Knesselare""], [""vls"", ""Knesseloare""], [""ru"", ""Кнесселаре""]]",True,True,3.368034601211548,51.11284637451172,3.4513838291168213,51.15989685058594,c8b57851-565e-40ee-9670-70a2d4fb5f67
c9c7272e-5a90-44cd-9c49-d2fd7e9d1129,BE,BE-VLG,locality,,land,Oudenburg,"[[""nl"", ""Oudenburg""], [""ru"", ""Ауденбург""], [""fr"", ""Audembourg""], [""vls"", ""Oudeburg""]]",True,True,2.936314582824707,51.14445495605469,3.058077335357666,51.22446823120117,dd7b6c81-23bb-4163-b272-26d74a57c065
031b45c2-4b66-47a2-8b36-1d4c83714681,BE,BE-VLG,locality,,land,Stalhille,"[[""vls"", ""Stalhille""], [""ru"", ""Сталхилле""]]",True,True,3.045785427093506,51.20146560668945,3.111815929412842,51.23819351196289,10972056-3fa0-42b8-ad88-1d934864673e
7b249042-8060-4da4-8a08-12e59f57982a,BE,BE-VLG,locality,,land,Ledegem,"[[""vls"", ""Legem""], [""ru"", ""Ледегем""]]",True,True,3.0945231914520264,50.847618103027344,3.2088167667388916,50.89267349243164,ee490659-4b1b-4f7c-bf27-556e456f0dc7
dbb364dc-8213-4347-a01a-02c463e5ea97,BE,BE-VLG,microhood,,land,Camiel De Waegenaereplein,,True,True,3.461063861846924,50.964080810546875,3.4619569778442383,50.96463394165039,37918777-4e80-4dec-bf71-898fe5b2409a
adb860f8-2f5f-450e-9459-12106bddcfb7,BE,BE-VLG,microhood,,land,Duivekete,,True,True,3.207162857055664,51.231876373291016,3.213137149810791,51.237308502197266,0e3ef9b3-422e-4efe-a943-c225a5251703
a41c1654-0a86-46f5-a06a-90779a0b5fcc,BE,BE-VLG,microhood,,land,Lange Vesting,,True,True,3.2033867835998535,51.20206069946289,3.212599515914917,51.21178436279297,c5b2ef59-f7ae-4129-a8b2-3e8d5303267b
d13253bd-ded5-41f2-a6fc-0a4328f71f6f,BE,BE-VLG,microhood,,land,West-Bruggekwartier,,True,True,3.2131247520446777,51.200660705566406,3.2174882888793945,51.2091178894043,f4c45ff1-7c45-4572-8035-f0887a799e96
b8434790-0088-4413-b834-5683c67ccdb6,BE,BE-VLG,locality,,land,Lo-Reninge,"[[""nl"", ""Lo-Reninge""], [""vls"", ""Lo-Rênienge""], [""la"", ""Loa et Rinenga""]]",True,True,2.6964404582977295,50.903541564941406,2.856438398361206,51.017127990722656,1bb184b8-01c3-40c6-b5a3-54c881262513
94c756e2-77f3-433d-aff3-4fdf25093d8e,BE,BE-VLG,microhood,,land,Sint-Gilliskwartier,,True,True,3.220271587371826,51.212406158447266,3.230630874633789,51.220970153808594,00011bcd-4b45-4edb-b164-7e5cdd5361f1
d06fbb2e-aa97-4f82-9592-787e730114c5,BE,BE-VLG,locality,,land,Hooglede,"[[""nl"", ""Hooglede""], [""ru"", ""Хогледе""], [""vls"", ""Ôoglee""]]",True,True,3.0184335708618164,50.95726776123047,3.1505837440490723,51.019039154052734,16e93b89-8072-4cc6-886e-0df9249cb875
d21a2d1c-9cdb-4deb-8fdf-85daa02c7dbe,BE,BE-VLG,locality,,land,Lampernisse,"[[""nl"", ""Lampernisse""], [""vls"", ""Lampernisse""], [""ru"", ""Ламперниссе""]]",True,True,2.7431070804595947,51.01466751098633,2.8309476375579834,51.06475067138672,5ca0bfe8-65c4-4d91-93a7-7f3e4e6fc392
56883d8a-a42b-42c5-9962-15525d999be1,BE,BE-VLG,locality,,land,Hulste,"[[""vls"", ""Ulste""], [""ru"", ""Хюлсте""]]",True,True,3.2672910690307617,50.87470626831055,3.3140363693237305,50.9073486328125,bc6af30d-1d0e-405a-9203-4efd58619adc
819ce708-fabc-46fc-9458-01548b6e5e3b,BE,BE-VLG,microhood,,land,Essenthoplein,,True,True,3.031985282897949,51.178531646728516,3.0326430797576904,51.17884826660156,5f9c01e7-f9fa-41a0-8a1b-c34363c67d0e
e9c0fe5b-2131-4cc1-90f8-2c855bb98f5f,BE,BE-VLG,locality,,land,Alveringem,"[[""vls"", ""Oalveringem / Alvergem / Oaverienkem / Oavergem""]]",True,True,2.5901691913604736,50.906681060791016,2.7705652713775635,51.0443000793457,c7dc05d7-4c08-464d-a29e-6210c8835fcd
47d97f5d-6ff5-471e-abb8-08ad85db42f7,BE,BE-VLG,locality,,land,Adinkerke,"[[""fr"", ""Adinkerque""], [""nl"", ""Adinkerke""], [""vls"", ""Adiengkerke / Oyenkerke / Oadinkerke""], [""ru"", ""Адинкерке""]]",True,True,2.5553698539733887,51.046165466308594,2.634553909301758,51.092227935791016,2f779d94-5db2-47e1-87f0-64323e4565f2
760603f3-2a6b-44b7-8ce6-1fa3e21631ca,BE,BE-VLG,locality,,land,Klerken,"[[""nl"", ""Klerken""], [""vls"", ""Klerkn""], [""ru"", ""Клеркен""]]",True,True,2.858156681060791,50.965003967285156,2.9404380321502686,51.0084114074707,f7e4ed4d-fc76-42ad-a8b1-a49f7735102b
955a9cce-1f0a-4858-8508-d50e36d801a0,BE,BE-VLG,locality,,land,Sint-Denijs,"[[""fr"", ""Saint-Genois""], [""vls"", ""Sint-Denys""], [""nl"", ""Sint-Denijs""], [""ru"", ""Синт-Денейс""]]",True,True,3.3163037300109863,50.737422943115234,3.3920130729675293,50.79106140136719,7fdae168-fade-45c3-97eb-a6d1f88a59a0
cb8d33a5-b893-46c6-b909-795878e41f44,BE,BE-VLG,locality,,land,Uitkerke,"[[""vls"", ""Uutkerke""], [""ru"", ""Эйткерке""]]",True,True,3.104341506958008,51.276432037353516,3.177032470703125,51.32292556762695,4216f552-dfa1-4861-8d42-f361230de86c
f3c46588-be8d-4ff2-9ccc-2833799b1286,BE,BE-VLG,microhood,,land,Wapenplein,,True,True,2.916996479034424,51.23167419433594,2.9184558391571045,51.23250198364258,cdccffde-6cee-4d08-bc94-331bbf98d3e6
54255a9a-7402-4633-907a-ae14fe24f00c,BE,BE-VLG,locality,,land,Heuvelland,"[[""nl"", ""Heuvelland""], [""vls"", ""Euvelland""], [""ru"", ""Хёвелланд""]]",True,True,2.713020086288452,50.708282470703125,2.9604709148406982,50.82732009887695,9394fee7-17fa-45a4-855b-99491c796802
37d480fc-2aa8-491d-a500-f6e1667eab81,BE,BE-VLG,locality,,land,Ingooigem,"[[""fr"", ""Ingoyghem""], [""nl"", ""Ingooigem""], [""vls"", ""Yvegem""], [""ru"", ""Ингойгем""]]",True,True,3.4075469970703125,50.80503463745117,3.4576408863067627,50.85471725463867,e6d4614b-25b9-4669-9e1d-e0ea2befde7d
e65687b2-b44b-40af-99bf-91001ef1feca,BE,BE-VLG,locality,,land,Nieuwmunster,"[[""vls"", ""Nieuwmunster""], [""ru"", ""Ньивмюнстер""]]",True,True,3.0616655349731445,51.2608642578125,3.1255128383636475,51.29084777832031,461b224a-c82e-43c9-8892-29c9ccea58a8
f14970bf-7362-43c9-985c-a200e1d36064,BE,BE-VLG,locality,,land,Vlissegem,"[[""vls"", ""Vlissegem""]]",True,True,3.032430410385132,51.232418060302734,3.08879017829895,51.29673385620117,a8da92da-1d90-44cc-856f-9131b67ccba0
35070764-1c9d-4537-88aa-474b8d7254ab,BE,BE-WAL,locality,,land,Houthem,"[[""fr"", ""Houthem""], [""nl"", ""Houthem""], [""vls"", ""Outem""], [""ru"", ""Утен""]]",True,True,2.9371824264526367,50.77128982543945,2.9847729206085205,50.804813385009766,0e224179-beee-4782-bd9f-e661d87e1473
d7a81065-afa3-457f-8190-c7779d3efec8,BE,BE-VLG,neighborhood,,land,Scharebrugwijk,,True,True,3.1337859630584717,51.30369186401367,3.1378109455108643,51.305824279785156,8e469f3e-cb4b-4f44-b878-2df1bec6aaaa
f3c83a78-cacb-4ec7-9273-78d903d212b6,BE,BE-VLG,microhood,,land,Peerdenbilk,,True,True,3.145179033279419,51.13947296142578,3.1466403007507324,51.140193939208984,084c2038-d3a7-439b-b707-3f340304e36c
c476e8ec-e275-44d9-9d89-6e03831bb9f5,BE,BE-VLG,microhood,,land,Manitobawijk,,True,True,3.195467233657837,51.193756103515625,3.205063819885254,51.201988220214844,959afa18-8be2-4514-9b96-f304f712e365
888c3d81-8933-4a0d-85d1-23b0914c2326,BE,BE-VLG,locality,,land,Noordschote,"[[""vls"", ""Nôordschote""]]",True,True,2.7951247692108154,50.92677688598633,2.856438398361206,50.970550537109375,dd0e941d-0bd7-4419-bbf9-74f8a690412d
16ed7bc4-03fc-48c0-99c6-093db4856616,BE,BE-VLG,locality,,land,Beernem,"[[""nl"", ""Beernem""], [""vls"", ""Beirnem""], [""ru"", ""Бернем""]]",True,True,3.2728612422943115,51.09882354736328,3.410964250564575,51.2006721496582,b252a2d4-6f84-4b48-a47f-edbe08eb63dc
ca33b4b2-b6eb-48ff-9d21-df36f036518e,BE,BE-VLG,microhood,,land,de Coninckplein,,True,True,3.1256816387176514,50.94829559326172,3.127002000808716,50.94912338256836,e7205227-d15a-4fb9-a82d-575934921139
de1e55a2-cb05-4a64-a271-97ab52010151,BE,BE-VLG,locality,,land,Oekene,,True,True,3.1466472148895264,50.887413024902344,3.175222635269165,50.921627044677734,4706729f-0780-4516-b22c-0c586c135b0f
ae1443a1-e077-4ecf-bb67-d392fceda2be,BE,BE-VLG,locality,,land,Oostduinkerke,"[[""vls"", ""Ôostduunkerke""], [""fr"", ""Ostdunkerque""], [""nl"", ""Oostduinkerke""], [""de"", ""Ostdünkirchen""], [""ru"", ""Остдёйнкерке""], [""wa"", ""Ostdinkerke""]]",True,True,2.651078224182129,51.10211944580078,2.7572059631347656,51.1491584777832,f72221b6-b498-4819-a761-ae817c8e9149
1d0ff3a2-a062-484b-a5c8-ca513618d828,BE,BE-VLG,locality,,land,Zarren,"[[""nl"", ""Zarren""], [""vls"", ""Zarrn""]]",True,True,2.9285471439361572,50.9840202331543,3.006516456604004,51.025943756103516,88ad62ce-bc47-432b-8058-ad9fbf4100e8
05244a11-c6c3-4d86-9b25-afb242bf775f,BE,BE-VLG,microhood,,land,Theofiel Toyeplein,,True,True,3.3327579498291016,50.81279754638672,3.334160804748535,50.813804626464844,1de17dcd-7916-4e1b-a7e5-2727c6112a2c
de6c5850-bef3-474b-95c1-753a4d46fd34,BE,BE-VLG,locality,,land,Lombardsijde,"[[""vls"", ""Lombardsyde""]]",True,True,2.7461154460906982,51.13840103149414,2.7788970470428467,51.17073059082031,67ac10e0-4ad0-4ac6-bcbb-82db5d1d83a4
35cfb5d8-fa17-4339-b079-0dbd588089af,BE,BE-VLG,microhood,,land,Leopold I-plein,,True,True,2.9099979400634766,51.227718353271484,2.910893678665161,51.228370666503906,9f7c8c99-0e4d-4b38-bc19-ac6eb7d209b8
82a3db72-6751-44ab-a36c-ab7de805d72a,BE,BE-VLG,neighborhood,,land,Raversijde,,True,True,2.8384556770324707,51.189056396484375,2.882218599319458,51.2111930847168,ba58b1c4-ded1-469c-a6e1-3b67aec44fc5
bfb61a11-718b-47fe-8ac2-6adeccd3d7a7,BE,BE-VLG,locality,,land,Stuivekenskerke,"[[""nl"", ""Stuivekenskerke""], [""vls"", ""Stuvetjeskerke""]]",True,True,2.8047573566436768,51.057838439941406,2.853982925415039,51.09628677368164,7d18a6c0-fc3f-407d-bd8f-8987d1968d9c
0b04bf88-8e05-48ba-95bb-a3675bf73721,BE,BE-VLG,locality,,land,Bikschote,"[[""vls"", ""Bikschôte""], [""fr"", ""Bixschoote""], [""ru"", ""Биксхоте""]]",True,True,2.843564748764038,50.90679931640625,2.8873631954193115,50.94324493408203,dbf4ab25-38e6-461a-adf2-84d2ce175a17
5c72bae9-ee96-4c44-802d-0dd027426a9c,BE,BE-VLG,locality,,land,Lichtervelde,"[[""vls"", ""Lichtervelde""], [""ru"", ""Лихтервелде""]]",True,True,3.097740650177002,50.99158477783203,3.183622121810913,51.0692024230957,44ea1ce9-c2ff-4b68-97b8-eb922891d5c5
231952cc-ec91-404c-8bce-c8b1ed509340,BE,BE-VLG,locality,,land,Bovekerke,"[[""nl"", ""Bovekerke""], [""vls"", ""Bovekerke""], [""ru"", ""Бовекерке""]]",True,True,2.9405906200408936,51.04185104370117,2.9859392642974854,51.07048797607422,16ecd6bc-a797-4a16-abee-bb831c66eea3
db17c188-b01f-401a-a82a-ea3f7f124dfd,BE,BE-VLG,locality,,land,Sint-Pieters-Kapelle,,True,True,2.8469061851501465,51.11018753051758,2.9067814350128174,51.135196685791016,ba748dfb-db7c-4869-9f40-bcb407c18bb6
8cca680a-9ae9-46cd-8f94-28d972cd6129,BE,BE-VLG,locality,,land,Keiem,"[[""fr"", ""Keyem""], [""nl"", ""Keiem""], [""vls"", ""Keiem""]]",True,True,2.8368048667907715,51.0659065246582,2.9101758003234863,51.10696792602539,e1569056-2c9e-4ffa-8b67-a7ceeac56bfb
79a700ed-f894-4878-87a2-8413982c3a5a,BE,BE-VLG,locality,,land,Beveren-Leie,"[[""nl"", ""Beveren-Leie""], [""vls"", ""Bevern-Leie""]]",True,True,3.320159435272217,50.856754302978516,3.369112253189087,50.88766098022461,3dceeab9-fa12-449a-8e11-07c68683fcf8
bc7a5ab3-f07b-429a-9c4b-21da1dcbf629,BE,BE-VLG,locality,,land,Blankenberge,"[[""hy"", ""Բլանկենբերգե""], [""vls"", ""Blanknberge""], [""fr"", ""Blankenberghe""], [""mdf"", ""Бланкэнбэргэ""], [""uk"", ""Бланкенберґе""], [""nds"", ""Blaankenbarg""], [""la"", ""Blancoberga""], [""nl"", ""Blankenberge""], [""bg"", ""Бланкенберге""], [""ko"", ""블랑켄베르허""], [""mk"", ""Бланкенберге""], [""ru"", ""Бланкенберге""], [""be"", ""Бланкенбергэ""], [""ja"", ""ブランケンベルヘ""], [""lt"", ""Blankenbergas""], [""fa"", ""بلانکنبرژ""], [""zh"", ""布兰肯贝赫""]]",True,True,3.104341506958008,51.276432037353516,3.177032470703125,51.327735900878906,62b05aa2-d9cb-4cb0-b1db-7295f0e4a03d
0155c2ab-36e5-414d-b4b0-a435e0907bb7,BE,BE-VLG,locality,,land,Wulvergem,"[[""vls"", ""Wulvergem""], [""fr"", ""Wulverghem""]]",True,True,2.824094295501709,50.757511138916016,2.8607354164123535,50.77778625488281,8126224a-5201-49ed-b091-8d8d68683434
5311a89f-2cb5-4e3a-bfee-ae34342a2d4f,BE,BE-VLG,locality,,land,Bulskamp,"[[""vls"", ""Bulskamp""], [""ru"", ""Бюлскамп""]]",True,True,2.6100966930389404,51.0312385559082,2.6687939167022705,51.05794143676758,02941580-e485-4306-96d0-358ea8350fff
62e65db0-5b68-463c-8322-ad164d0a816f,BE,BE-VLG,locality,,land,Wulveringem,"[[""vls"", ""Wulveriengem / Wûverienkem""]]",True,True,2.6150591373443604,51.01380157470703,2.715935468673706,51.04664993286133,447ddb11-fb7a-4db5-a8f3-8ea06c982d6e
028dc910-ea58-44a2-9a12-19b1ee68c268,BE,BE-VLG,locality,,land,Oeren,"[[""vls"", ""Oern""]]",True,True,2.6892735958099365,51.019142150878906,2.7297046184539795,51.0369873046875,fefc31fa-be16-47fd-be2c-2ad2af879e0f
7669aa47-d6de-4095-ab8f-5f927acbea93,BE,BE-WAL,locality,,land,Mouscron,"[[""pcd"", ""Moucron""], [""vls"", ""Meschroên""], [""fr"", ""Mouscron""], [""la"", ""Musera""], [""nl"", ""Moeskroen""], [""ru"", ""Мускрон""], [""lt"", ""Mukronas""]]",True,True,3.1785824298858643,50.70990753173828,3.3290560245513916,50.76591110229492,f796aa8a-7c89-4270-8762-e11d6b6a4484
806d2f0a-f403-458a-a5db-851a25940036,BE,BE-VLG,microhood,,land,De Munt,,True,True,3.1226966381073,50.945762634277344,3.125173807144165,50.947662353515625,acfb0864-808b-43f3-9314-28d49a0c7263
e57cc7cb-6c2b-44f8-9ee4-cb03f89b2c5b,BE,BE-VLG,locality,,land,Moerkerke,"[[""vls"", ""Moerkerke""], [""ru"", ""Муркерке""]]",True,True,3.305006980895996,51.217681884765625,3.3992903232574463,51.26685333251953,15e0a108-cda5-4013-bb9a-fb50b7f07238
64f115dc-65df-4d1b-a099-81f2a50780c0,BE,BE-VLG,microhood,,land,Jozef Vandaleplein,,True,True,3.267620086669922,50.827003479003906,3.2687644958496094,50.82741165161133,5e02bd9e-2a25-4834-a272-7ddea1d941b8
fe9cda85-5e24-43ba-a8c4-dc658453a57f,BE,BE-VLG,locality,,land,Reningelst,"[[""vls"", ""Rinnegelst""]]",True,True,2.7359282970428467,50.7948112487793,2.803407669067383,50.85495376586914,e9a127f6-6482-462b-aa73-7ca485243ea5
0f11d9ea-896b-4aed-9501-7883db8d1fae,BE,BE-VLG,microhood,,land,Magdalenakwartier,,True,True,3.225616931915283,51.19989013671875,3.236234664916992,51.20938491821289,58f4678d-dcfe-4a29-a5c1-374f652040c2
11a0962d-281b-4ad5-b300-969a029e1613,BE,BE-VLG,microhood,,land,Prins Albertplein,,True,True,2.6289989948272705,51.11833953857422,2.6298046112060547,51.1191520690918,f8c1a5fe-f0af-4c46-a9f1-e2624413e64f
8bd20d1d-ce63-422b-aabb-9f1954955c0c,BE,BE-VLG,locality,,land,Nieuwkapelle,"[[""nl"", ""Nieuwkapelle""], [""vls"", ""Nieuwkapelle""]]",True,True,2.7710254192352295,50.978912353515625,2.829497814178467,51.01629638671875,efb5816f-d256-4d2c-9075-90f6a42b3e81
99e6a419-c841-4fb1-a4d0-ba5e834d7bea,BE,BE-VLG,locality,,land,Gooik,"[[""nl"", ""Gooik""], [""ru"", ""Гойк""], [""la"", ""Gaudiacum""]]",True,True,4.053102493286133,50.77952575683594,4.145299434661865,50.81642532348633,60af387e-8411-4c96-a726-0d3c5a384847
f5fa36b4-94e6-488c-b58e-ae1f68f5e839,BE,BE-VLG,microhood,,land,Zillebekelaan,,True,True,4.443413257598877,51.19457244873047,4.444497108459473,51.195068359375,a3b895bb-474a-4b35-bf4a-1665303b8c6a
b8e79c3c-ad1d-48e8-ad5f-eb1626809d48,BE,BE-WAL,locality,,land,Genval,"[[""fr"", ""Genval""], [""wa"", ""Djenvå""], [""ru"", ""Жанваль""]]",True,True,4.477271556854248,50.7099609375,4.525571823120117,50.7326545715332,bfcafc5d-8418-42c5-8d7d-965a427ee9d2
c8b7903e-bd1b-4c4f-bfee-16c7176a6cc0,BE,BE-VLG,microhood,,land,Vesten,,True,True,3.883974313735962,50.770591735839844,3.8869757652282715,50.77404022216797,04366e69-617f-43b7-83d5-d02829437a9d
0b7f2a34-456f-42d6-a5d2-1530be64649f,BE,BE-VLG,microhood,,land,Den Amer,,True,True,4.640652656555176,50.9423713684082,4.641029357910156,50.942657470703125,c569d25e-cd86-4934-913d-7e488f7f1f9d
f1589e8a-461d-422c-879c-629e122fe742,BE,BE-VLG,locality,,land,Nederhasselt,,True,True,3.9468915462493896,50.83930587768555,3.983074903488159,50.8679313659668,85d13c26-3e15-4927-81c9-606b0db1a24e
4c5ca78a-a672-4aee-a653-8731ecd20994,BE,BE-BRU,microhood,,land,Square Jean Absil - Jean Absilsquare,"[[""fr"", ""Square Jean Absil""], [""nl"", ""Jean Absilsquare""]]",True,True,4.398788928985596,50.83034896850586,4.3993964195251465,50.83074951171875,81519279-be0c-4c47-9c1c-d44860a39fa4
7e75215a-9d83-4d5f-a87c-a6275ef2b0f2,BE,BE-VLG,locality,,land,Nieuwerkerken,"[[""ru"", ""Ньиверкеркен""]]",True,True,3.9824464321136475,50.906822204589844,4.027926921844482,50.938236236572266,1cfc077b-848d-4c33-8e3b-4b07745bd4ce
334b11f5-914e-4f15-a03c-98745e8fed51,BE,BE-VLG,locality,,land,Boekhoute,"[[""ru"", ""Букхауте""]]",True,True,3.6460301876068115,51.2209587097168,3.753504514694214,51.28083801269531,62cfaf03-7cd8-40e8-9175-4bbed95fa5c8
ff1f7e5f-405c-48d6-9e60-b81b2e0ed62a,BE,BE-VLG,locality,,land,Hamme,"[[""nl"", ""Hamme""], [""ru"", ""Хамме""], [""lt"", ""Hamė""]]",True,True,4.059618949890137,51.03223419189453,4.199180603027344,51.11148452758789,5f85f5e6-87b7-49e6-98b9-9772efa2fcf5
17800cfd-7f15-40db-b52f-39deda5be8a3,BE,BE-VLG,localadmin,,land,Halle-Vilvoorde,"[[""fr"", ""Hal-Vilvorde""], [""la"", ""Hallense Vilvordienseque""], [""nl"", ""Halle-Vilvoorde""], [""ru"", ""Вилворде""], [""wa"", ""Håle-Vilvôr""]]",True,True,3.889319896697998,50.687374114990234,4.61885404586792,51.04319381713867,039c3fa0-1e56-47bc-8a7a-02cab14f31db
44684230-6843-4fb8-b9a0-8c56476f3256,BE,BE-VLG,microhood,,land,Zurenborg (Antwerpen),,True,True,4.422434329986572,51.20505905151367,4.439026355743408,51.210697174072266,6a6a9239-a074-4958-99bd-5ed8eb034171
9fe9bb74-e7e6-4c85-8628-6a6dae93d977,BE,BE-VLG,locality,,land,Sint-Maria-Lierde,,True,True,3.802307367324829,50.804481506347656,3.8656537532806396,50.838233947753906,f06f895e-8826-49a5-9237-50eefd36a45a
7df1ca8c-bf41-4e1b-bd78-6c883659c5f9,BE,BE-BRU,microhood,,land,Placette du Peuplier - Populierpleintje,"[[""fr"", ""Placette du Peuplier""], [""nl"", ""Populierpleintje""]]",True,True,4.389269828796387,50.86615753173828,4.389645576477051,50.86638641357422,b3afbe4f-51a4-45a2-8173-7bab8f198ce0
fdb826af-8eb3-4f57-892a-7be3fc6d3574,BE,BE-VLG,locality,,land,Leeuwergem,,True,True,3.814761161804199,50.874481201171875,3.8600146770477295,50.89749526977539,531ea695-22ba-4d9e-ab0b-ef6f8e81d469
3cf3b7fc-aa82-4742-887d-717012911250,BE,BE-WAL,locality,,land,Jauchelette,,True,True,4.82394552230835,50.677703857421875,4.866524696350098,50.69670867919922,3435cd93-02d5-4f5b-b9b5-b854e80759e4
2e3769a8-aa30-47b9-945d-1085c656098b,BE,BE-VLG,microhood,,land,Totemplein,"[[""en"", ""Totemsquare""], [""fr"", ""Place d'Totem""], [""de"", ""Totemplatz""]]",True,True,4.265052795410156,51.31037521362305,4.265280723571777,51.31052780151367,8daebc2b-fa6f-401b-b237-930cfc2be306
62c46ea8-d98f-4bde-bc3b-5408352b51b1,BE,BE-VLG,locality,,land,Muizen,"[[""ru"", ""Мёйзен""]]",True,True,4.491708755493164,50.992271423339844,4.549041748046875,51.02425765991211,44504ca9-dee5-4cdb-8726-11fd86eacd13
61781f4d-9132-4650-b606-affc9daaed7f,BE,BE-VLG,locality,,land,Hever,"[[""ru"", ""Хевер""]]",True,True,4.512359142303467,50.9666633605957,4.566368579864502,51.00346374511719,17c5c5e3-66b8-4a57-ac4a-e660bee4830e
713eaaa1-02e1-4ba1-81ac-7c1cab925796,BE,BE-VLG,locality,,land,Niel,"[[""nl"", ""Niel""], [""ru"", ""Нил""]]",True,True,4.3078508377075195,51.09510040283203,4.363189697265625,51.116085052490234,9bfacb7b-79f5-4c91-a77f-5fbd7c18acba
f1a0f24f-09db-4387-9a92-970909027abc,BE,BE-VLG,locality,,land,Vurste,"[[""ru"", ""Вюрсте""]]",True,True,3.673903465270996,50.93487548828125,3.7119951248168945,50.95610427856445,2d8735d8-07e5-4a89-9b5d-88eb9809ef04
04e6b76c-ebc0-48ab-90d4-6f8ef50e4f10,BE,BE-BRU,locality,,land,Ganshoren,"[[""ar"", ""غانشورين""], [""fr"", ""Ganshoren""], [""la"", ""Ganshorna""], [""nl"", ""Ganshoren""], [""ru"", ""Гансхорен""], [""wa"", ""Gansoren""]]",True,True,4.291530609130859,50.865089416503906,4.326144695281982,50.882102966308594,0cf8478b-b4cd-41d9-b330-c05b10517625
0ac260b9-b182-40e5-9250-8d875a341a76,BE,BE-VLG,locality,,land,Pollare,,True,True,3.9836723804473877,50.807411193847656,4.022796154022217,50.8299674987793,3f7fce46-4621-4ede-b2cd-a536ce104249
4c1214df-91da-4592-b9cb-9ff5df2e6cc7,BE,BE-VLG,neighborhood,,land,Wakkerzeel,,True,True,4.654875755310059,50.95137405395508,4.687166213989258,50.964778900146484,9b53c670-b1fe-4610-afa4-1569e3adccdd
6c650df0-9cdb-441c-920a-f4e59a0eb333,BE,BE-VLG,locality,,land,Humbeek,,True,True,4.353504657745361,50.955379486083984,4.402383327484131,50.99066162109375,aaabab52-182f-40c9-982e-9c60cd598833
31544646-0933-4093-8a83-51c81c5bde2a,BE,BE-VLG,region,1,land,Vlaanderen,"[[""pcd"", ""Flande""], [""bs"", ""Flandrija""], [""vls"", ""Vloandern""], [""lb"", ""Flandern""], [""hr"", ""Flandrija""], [""ka"", ""ფლანდრია""], [""ar"", ""فلاندر""], [""fr"", ""Flandre""], [""lv"", ""Flandrija""], [""uk"", ""Фландрія""], [""li"", ""Vlaondere""], [""ga"", ""Flóndras""], [""br"", ""Flandrez""], [""pt-PT"", ""Flandres""], [""pt"", ""Flandres""], [""cs"", ""Vlámsko""], [""el"", ""Φλάνδρα""], [""it"", ""Fiandre""], [""ca"", ""Flandes""], [""pt-BR"", ""Flanders""], [""vi"", ""Flanders""], [""tzl"", ""Flemphäts""], [""nl"", ""Vlaanderen""], [""zh-Hans"", ""弗拉芒大区""], [""bg"", ""Фландрия""], [""gv"", ""Yn Flandyryn""], [""ko"", ""플라망 지역""], [""eo"", ""Flandrio""], [""et"", ""Flandria""], [""de"", ""Flandern""], [""cy"", ""Fflandrys""], [""ur"", ""فلاندرن""], [""fy"", ""Flaanderen""], [""ru"", ""Фландрия""], [""kw"", ""Pow Flamanek""], [""th"", ""เขตฟลามส์""], [""id"", ""Flanders""], [""sr-Latn"", ""Flandrija""], [""sv"", ""Flandern""], [""tr"", ""Flandre""], [""da"", ""Flandern""], [""zh-Hant"", ""弗拉芒大區""], [""en"", ""Flanders""], [""he"", ""פלנדריה""], [""gd"", ""Flànras""], [""sk"", ""Flámsko""], [""wa"", ""Flande""], [""es"", ""Flandes""], [""ja"", ""フランデレン地域""], [""fi"", ""Flanderi""], [""ro"", ""Flandra""], [""lt"", ""Flandrija""], [""no"", ""Flandern""], [""sl"", ""Flanders""], [""fa"", ""فلاندر""], [""zh"", ""弗拉芒大區""], [""hu"", ""Flandria""], [""pl"", ""Flandria""]]",True,True,2.541360378265381,50.687374114990234,5.9111104011535645,51.5051155090332,5f5c9898-672a-4afc-aa46-a27d3ebce45c
6db047e4-18b0-4469-b7a0-83a4cb3ac452,BE,BE-BRU,region,1,land,Région de Bruxelles-Capitale - Brussels Hoofdstedelijk Gewest,"[[""pcd"", ""Brusselle-Capitale""], [""bs"", ""Brussels-Capital""], [""vls"", ""Brussel Oofdstad""], [""lb"", ""Haaptstad Bréissel""], [""hr"", ""Brussels-Capital""], [""ar"", ""بروكسل العاصمة""], [""fr"", ""Bruxelles-Capitale""], [""lv"", ""Brisele""], [""uk"", ""Брюссельський столичний регіон""], [""br"", ""Brusel Kêr-benn""], [""pt-PT"", ""Bruxelas – Capital""], [""pt"", ""Bruxelas-Capital""], [""cs"", ""Bruselský region""], [""el"", ""Βρυξέλλες-Πρωτεύουσα""], [""it"", ""Bruxelles-Capitale""], [""ca"", ""Brussel·les-Capital""], [""pt-BR"", ""Bruxelas-Capital""], [""vi"", ""Thủ đô Brussels""], [""la"", ""Bruxellae Capitalis""], [""nl"", ""Brussel Hoofdstad""], [""zh-Hans"", ""布鲁塞尔-首都""], [""bg"", ""Брюксел-столица""], [""ko"", ""브뤼셀 수도""], [""eo"", ""Brusela Ĉefurba""], [""et"", ""Brussels-Capital""], [""de"", ""Brüssel-Hauptstadt""], [""ur"", ""برسلز دارالحکومت""], [""fy"", ""Brusselsk Haadsteedlik Gewest""], [""ru"", ""Брюссельский столичный регион""], [""th"", ""บรัสเซลส์-เมืองเหลือง""], [""id"", ""Brussels-Capital""], [""sr-Latn"", ""Brisel Glavni grad""], [""sv"", ""Bryssel""], [""tr"", ""Brüksel-Başkent""], [""da"", ""Brussels-Capital""], [""nds-nl"", ""Bruzzels Heufdstedelk Gewest""], [""zh-Hant"", ""布魯塞爾首都""], [""en"", ""Brussels-Capital""], [""he"", ""בריסל - בירה""], [""sk"", ""Bruselský región""], [""wa"", ""Brussele-Capitåle""], [""es"", ""Bruselas-Capital""], [""ja"", ""ブリュッセル首都圏""], [""fi"", ""Brussels-Capital""], [""ro"", ""Regiunea Capitalei Bruxelles""], [""lt"", ""Briuselio sostinės""], [""no"", ""Brussel""], [""sl"", ""Bruselj-glavno mesto""], [""hu"", ""Brüsszel főváros""], [""pl"", ""Region Stołeczny Brukseli""]]",True,True,4.243765354156494,50.76367950439453,4.482271194458008,50.91390609741211,5cbce05b-ffe3-41cf-afdd-b41d3b9352c7
6b4437f2-248c-45cf-adcf-e79883836abe,BE,BE-VLG,locality,,land,Brecht,"[[""nl"", ""Brecht""], [""ru"", ""Брехт""]]",True,True,4.54077672958374,51.27562713623047,4.723585605621338,51.382354736328125,6a80d8a8-b9aa-4f0d-be5a-7dc6cf5105f0
00f51232-d418-4447-bf52-da2cc02970bf,BE,BE-VLG,microhood,,land,Duivelshoek - Oversnes,,True,True,4.384970664978027,51.16265106201172,4.398631572723389,51.168479919433594,930240b9-0e7e-421b-9db7-a290e1bfbf7c
3a559be2-204a-44a3-9551-d4dcbfdaecf2,BE,BE-VLG,microhood,,land,Terloplein,,True,True,4.443509101867676,51.21889877319336,4.444549083709717,51.21978759765625,65005964-3268-430a-9648-542b1a2b9b32
241ac31e-3acc-498a-bace-d19b33221d61,BE,BE-VLG,locality,,land,Sint-Maria-Oudenhove,"[[""fr"", ""Audenhove-Sainte-Marie""], [""nl"", ""Sint-Maria-Oudenhove""]]",True,True,3.7647647857666016,50.80379104614258,3.8288774490356445,50.84231948852539,927bdec7-f94f-48f5-a07a-016d04f526d8
7bfb9603-051d-467b-af35-9d55a9d666b9,BE,BE-VLG,locality,,land,Opwijk,"[[""nl"", ""Opwijk""], [""ru"", ""Опвейк""]]",True,True,4.142951488494873,50.93201446533203,4.22530460357666,50.9891242980957,51b1141c-40c5-44fb-8f49-a4d6081e84ce
f4012d35-2463-419d-b495-b894cf626783,BE,BE-BRU,microhood,,land,Place de la Justice - Gerechtsplein,"[[""fr"", ""Place de la Justice""], [""nl"", ""Gerechtsplein""]]",True,True,4.354165077209473,50.84305191040039,4.355180740356445,50.843868255615234,abe59c14-a192-4a43-b8b8-5d48290593f7
ef50914e-166f-4b05-bddf-63172faa3bc3,BE,BE-WAL,locality,,land,Nethen,,True,True,4.64160680770874,50.768333435058594,4.707931041717529,50.79936981201172,2d50d2fe-2170-46b8-9497-3345a7f5c55a
4c472bb1-31c8-4fdb-916b-8f88cac5c8c5,BE,BE-BRU,microhood,,land,Place Princesse Elisabeth - Prinses Elisabethplein,"[[""fr"", ""Place Princesse Elisabeth""], [""nl"", ""Prinses Elisabethplein""]]",True,True,4.378676891326904,50.8770637512207,4.381385803222656,50.878658294677734,f08212c1-1508-4de3-9ce1-086773bb0a87
d5d2671a-ca2f-476a-bda5-386752d02901,BE,BE-VLG,locality,,land,Mere,"[[""ru"", ""Мере""]]",True,True,3.9425909519195557,50.90226364135742,3.986044406890869,50.93095397949219,ef8affd4-a8a8-4cba-96a9-b8755784a579
c56d8c98-f794-4bfe-93d5-32caf1c49489,BE,BE-WAL,locality,,land,Ghoy,,True,True,3.773329019546509,50.71841049194336,3.8383641242980957,50.750709533691406,962e059b-a65b-4721-aea7-89f56c592497
ac37ace7-d78e-4b8f-9632-285738be1f0a,BE,BE-VLG,microhood,,land,Joris Helleputteplein,,True,True,4.69727087020874,50.87812423706055,4.697958946228027,50.87849426269531,73ea59f4-98e5-4f14-9632-0d544dc482a0
18571832-8917-4958-b5a3-214a77139e59,BE,BE-VLG,microhood,,land,Merksemheide,,True,True,4.448527812957764,51.2457275390625,4.466238975524902,51.2611083984375,8f43936a-70ef-49b7-b502-cdf28aedd140
9ae72a74-3afa-4d75-8849-99480de726b7,BE,BE-BRU,microhood,,land,Place Antoine Delporte - Antoine Delporteplein,"[[""fr"", ""Place Antoine Delporte""], [""nl"", ""Antoine Delporteplein""]]",True,True,4.345849514007568,50.8223876953125,4.347449779510498,50.82295608520508,ce997824-31ec-4193-b6f4-d19339cd18ad
6a083c73-500a-4548-a1df-9a697e3bbd3d,BE,BE-VLG,locality,,land,Oombergen,"[[""ru"", ""Омберген""]]",True,True,3.8228564262390137,50.89426803588867,3.847932815551758,50.91286087036133,7beb74e7-b07b-4fbb-8516-d8e26e9f1373
10d2e60e-c16f-4c53-b3a8-25a0f073b54d,BE,BE-VLG,locality,,land,Huizingen,,True,True,4.258762359619141,50.73639678955078,4.29005765914917,50.76192855834961,d21d95f5-6bec-4e4a-ad09-289a8504c7e6
d1b03d4e-b048-4d9e-9cec-592d9bb84d20,BE,BE-VLG,microhood,,land,Fransenplaats,,True,True,4.3978681564331055,51.20050811767578,4.39831018447876,51.20079803466797,4feb17d6-7a79-4fbc-9fea-e03c41569664
8e6d8d8e-85ac-4a52-8b6d-5b3b33d24fcf,BE,BE-VLG,microhood,,land,Blauwe Hoek,,True,True,4.689759254455566,50.88107681274414,4.690524578094482,50.88148498535156,d3d2b25d-cd71-4d88-b0a7-1fbd05dab576
89b2e7b8-81a6-4b9c-bbff-9974398d6eaf,BE,BE-VLG,microhood,,land,Wolfabriekplein,,True,True,4.276393413543701,50.764671325683594,4.277190685272217,50.76520538330078,8ac386f4-3e15-4e26-ae5b-34070c652a77
61a9c887-86dd-4a12-a7a5-70e149a74bc6,BE,BE-VLG,locality,,land,Gavere,"[[""nl"", ""Gavere""], [""ru"", ""Гавере""]]",True,True,3.6239805221557617,50.90237045288086,3.75567626953125,50.95628356933594,103c3574-e3c8-4cb4-9101-1b18adfb8d90
f70369dc-8b5e-4de6-ac24-a7be70579cfa,BE,BE-WAL,locality,,land,Beauvechain,"[[""fr"", ""Beauvechain""], [""nl"", ""Bevekom""], [""ru"", ""Бовшен""], [""nds-nl"", ""Bevekum""], [""wa"", ""Bôvetchén""]]",True,True,4.697989463806152,50.73986053466797,4.838547229766846,50.807220458984375,5a34cc7b-e4a0-4731-83c9-02c29f683a76
a95ac59a-c61a-4698-8088-ac28d14691d7,BE,BE-BRU,neighborhood,,land,Sablon - Zavel,"[[""fr"", ""Sablon""], [""nl"", ""Zavel""], [""bru"", ""Zoûvel""]]",True,True,4.3514509201049805,50.835899353027344,4.36172342300415,50.84370803833008,e73b8993-6136-4c55-985a-f54ffc26e1b5
07a10bb3-8dd2-4fed-8d1e-c245aa4969aa,BE,BE-BRU,locality,,land,Berchem-Sainte-Agathe - Sint-Agatha-Berchem,"[[""ar"", ""بيرشيم سانت أغاث""], [""fr"", ""Berchem-Sainte-Agathe""], [""li"", ""Sint-Agatha-Berchem""], [""la"", ""Berchemium Agathae""], [""nl"", ""Sint-Agatha-Berchem""], [""ru"", ""Беркем-Сент-Агат""]]",True,True,4.279193878173828,50.85532760620117,4.314058780670166,50.87528991699219,1f646e3c-bc12-4d75-a3b7-783ecae88320
aa38531a-68a4-40d8-8fb4-b4f41d0849dc,BE,BE-VLG,locality,,land,Overijse,"[[""vls"", ""Overyse""], [""fr"", ""Overijse""], [""nl"", ""Overijse""], [""ru"", ""Оверейсе""], [""wa"", ""Overiche""]]",True,True,4.45166540145874,50.727272033691406,4.613546848297119,50.80807876586914,eb1af278-1fd6-45e2-8efa-4b5ded623486
427227de-b471-4663-821b-0c3bd9f5829b,BE,BE-VLG,locality,,land,Leupegem,,True,True,3.5952646732330322,50.81904983520508,3.6334524154663086,50.83731460571289,39156e78-9c60-4bd3-8026-0ff64e3f58ab
a96d00f1-811c-41c5-8544-10f9eb5b165a,BE,BE-VLG,locality,,land,Bierbeek,"[[""nl"", ""Bierbeek""], [""ru"", ""Бирбек""], [""la"", ""Bierbeca""]]",True,True,4.691232681274414,50.78813552856445,4.819450378417969,50.87565612792969,0e236d2b-2d3f-4408-b086-02bc86ad77c7
9549afc7-0136-4475-84d5-c7e8dd647ff9,BE,BE-BRU,microhood,,land,Place Marcel Broodthaers - Marcel Broodthaersplein,"[[""fr"", ""Place Marcel Broodthaers""], [""nl"", ""Marcel Broodthaersplein""]]",True,True,4.337286472320557,50.83485794067383,4.33833122253418,50.835594177246094,8abf4633-11fa-41a7-a52a-828058a92204
c2e9236d-4e17-41a0-b577-2f4732d767f9,BE,BE-VLG,neighborhood,,land,Eksterlaar,,True,True,4.466836929321289,51.19892501831055,4.482194900512695,51.20576858520508,b0eddba6-a9dc-4d3a-a2e5-4d8a5d80b0f9
a9fee108-4e15-48be-b9c7-618f40c76c94,BE,BE-BRU,microhood,,land,Square Blabla - Blablaplein,"[[""fr"", ""Square Blabla""], [""nl"", ""Blablaplein""]]",True,True,4.337269306182861,50.87905502319336,4.337769985198975,50.87935256958008,f2a35d69-2459-4b4f-bb11-3a8d0985d005
6db0a183-1228-40e7-b2b0-076224a3230a,BE,BE-BRU,microhood,,land,Square du 8 Mai 1945 - 8 Mei 1945-square,"[[""fr"", ""Square du 8 Mai""], [""nl"", ""8 Mei 1945-square""]]",True,True,4.413732051849365,50.848270416259766,4.414270877838135,50.84861755371094,4d53ebb2-a4ed-4324-8ab9-443ffb946b5f
2da8d459-00a1-4503-80c1-34b17e079342,BE,BE-VLG,locality,,land,Korbeek-Dijle,,True,True,4.616454601287842,50.82819366455078,4.660000324249268,50.85226821899414,c7567c53-5147-4158-bb6d-eb780e989ba8
a2f6c2e8-175d-4c2e-a81b-98fb30ebd3ea,BE,BE-VLG,microhood,,land,terras,,True,True,4.869030475616455,51.310935974121094,4.869081497192383,51.310970306396484,f118120f-20f6-4407-961f-a954e37693e1
6a854eea-c057-4029-8542-21690c05bd18,BE,BE-WAL,locality,,land,Saintes,"[[""pcd"", ""Sainte-Érnèle""], [""fr"", ""Saintes""], [""nl"", ""Sint-Renelde""], [""ru"", ""Сент""], [""wa"", ""Sinte-Ernele""]]",True,True,4.130962371826172,50.686668395996094,4.182284832000732,50.72908020019531,4c40fed1-c491-4ed3-bad5-295432c19364
0b5b36ce-4ca6-4689-95c6-5a4b6b2e7ec7,BE,BE-BRU,microhood,,land,Square Amnesty International - Amnesty Internationalplein,"[[""fr"", ""Square Amnesty International""], [""nl"", ""Amnesty Internationalplein""]]",True,True,4.327606678009033,50.868953704833984,4.328444480895996,50.86951446533203,66453863-bf08-40fb-be46-c55ac6334a6b
39d2341a-c9a3-402c-a3b3-70ada925c524,BE,BE-VLG,locality,,land,Oudegem,"[[""ru"", ""Аудегем""]]",True,True,4.026412487030029,50.99141311645508,4.077880859375,51.024356842041016,debf455c-e296-4e99-9cae-720007f21d80
bbf171dd-8455-4201-aaa8-2f378ea0c038,BE,BE-VLG,microhood,,land,Centraal Station,,True,True,4.408846378326416,51.210201263427734,4.427500247955322,51.219791412353516,809cf139-bead-4b3f-9afa-e3c49fcf65e4
ef9c9ad6-41e5-4b49-88f7-a4de480f7c75,BE,BE-VLG,locality,,land,Herselt,"[[""ru"", ""Херселт""]]",True,True,4.799009799957275,51.01047897338867,4.968925476074219,51.091243743896484,ec8d1b8e-0b83-470f-ac6b-4d983f0e171a
d8a9af9a-60d9-4cdc-a097-93cad91ee25a,BE,BE-VLG,locality,,land,Pulle,"[[""ru"", ""Пюлле""]]",True,True,4.657358646392822,51.17644119262695,4.732419967651367,51.22590255737305,652806bb-543f-426f-a7aa-5f655610b643
e4b4f7ec-1eb2-486d-931e-9adb1197bf59,BE,BE-VLG,locality,,land,Bazel,"[[""ru"", ""Базел""]]",True,True,4.231985569000244,51.12482452392578,4.330330848693848,51.16872787475586,3a410d90-4f1e-4fd3-8a6f-24d285e7f8c1
90e460db-2af7-4966-8cfd-a8cf03e19c80,BE,BE-BRU,microhood,,land,La Petite place des Menteurs,,True,True,4.327823638916016,50.85424041748047,4.3282623291015625,50.854522705078125,2dcc84d3-e7cc-4c71-bfbd-7747d8791973
677c0a8c-6a72-464b-9a79-89b2444ecd19,BE,BE-VLG,locality,,land,Maarkedal,"[[""fr"", ""Markedal""], [""nl"", ""Maarkedal""], [""vls"", ""Moarkedal""], [""ru"", ""Маркедал""]]",True,True,3.5779879093170166,50.76481246948242,3.712061643600464,50.83006286621094,28be36c9-65e4-450c-838e-0f26f5d1d1fe
ad0e9ddc-e75e-4b38-9b32-08aa871a1d03,BE,BE-VLG,microhood,,land,Oosterveld (Antwerpen),,True,True,4.405148029327393,51.17326354980469,4.4351372718811035,51.17819595336914,b458fc57-7706-4589-8f34-990f8b51918c
f3afb15a-2b61-4724-a2ce-f94ea89b9246,BE,BE-VLG,microhood,,land,Fonteinhof,,True,True,4.037124156951904,51.06852722167969,4.037603378295898,51.06890869140625,8ad7b824-53b1-47dd-9013-8637592cd01c
0ce34e74-d79b-4f2b-a753-7bd5a27a36b6,BE,BE-VLG,locality,,land,Waarloos,,True,True,4.4359025955200195,51.093021392822266,4.47815465927124,51.11601257324219,1df7b7a5-84ef-46a2-b309-65acc605b674
ca169b93-54aa-41e4-8808-c732fe44aa5f,BE,BE-WAL,locality,,land,L'Écluse,"[[""fr"", ""L'Écluse""], [""nl"", ""Sluizen""], [""nds-nl"", ""Sluzen""], [""wa"", ""Sclûze""]]",True,True,4.789114475250244,50.751197814941406,4.838547229766846,50.7772216796875,8b71bf96-14e7-47eb-be1d-5a1212e1bd65
aee6b1b3-3694-4339-bb99-97186e3b582b,BE,BE-WAL,locality,,land,Grez-Doiceau,"[[""fr"", ""Grez-Doiceau""], [""nl"", ""Graven""], [""ru"", ""Грес-Дуасо""], [""wa"", ""Gré""]]",True,True,4.620282173156738,50.7005729675293,4.750324249267578,50.79936981201172,0fcab35f-a90c-4f62-9f44-474ef5501f88
d196e4c3-6886-48a6-90c1-8b27117fe314,BE,BE-VLG,locality,,land,Zwijnaarde,"[[""fr"", ""Swynaerde""], [""nl"", ""Zwijnaarde""], [""vls"", ""Zwynoarde""]]",True,True,3.6746952533721924,50.97954177856445,3.749432325363159,51.02170944213867,f9af3a62-a366-484e-9862-55c952696c36
845128bc-978b-4af6-a045-2e280b5d50ec,BE,BE-VLG,microhood,,land,Schipperskwartier,,True,True,4.400417327880859,51.2236328125,4.415285110473633,51.22714614868164,2fb5474d-693d-45ff-be57-8734f146a60e
3e194e5c-1d47-46c1-a055-09e2f850f8c6,BE,BE-VLG,locality,,land,Appelterre-Eichem,,True,True,3.9535512924194336,50.80663299560547,3.999450922012329,50.840126037597656,248ae246-db65-4521-92c5-3f0aeda08cf2
835b1fbe-691f-4146-beef-bdeeaf2fbee9,BE,BE-BRU,microhood,,land,Square Willy Authom - Willy Authomsquare,"[[""fr"", ""Square Willy Authom""], [""nl"", ""Willy Authomsquare""]]",True,True,4.389471530914307,50.87010955810547,4.389957904815674,50.870296478271484,e3a6d4e3-91ae-4eab-9313-884e172f7b67
b6ab4be8-16ec-41d7-a606-42c5e59aa1aa,BE,BE-VLG,locality,,land,Winksele,,True,True,4.623476505279541,50.878448486328125,4.672521114349365,50.94651412963867,56c27ed4-bbf3-4781-863f-c8daf7763e75
80326abf-e2ef-4542-a288-d9a27df8c7c4,BE,BE-VLG,microhood,,land,Elsdonk,,True,True,4.413869857788086,51.16279220581055,4.434671401977539,51.17344665527344,7d4cba21-504a-4477-ac59-3d08d568445a
a8b70584-b382-4a4e-88f0-72ed548fb490,BE,BE-VLG,microhood,,land,Kettingplein,,True,True,3.703871726989746,51.05778884887695,3.704240322113037,51.057987213134766,6d7814ec-b7f4-4f8e-a0e3-e9b20e72cba0
777989fa-0551-4c71-ace1-af08f5ef6c86,BE,BE-BRU,microhood,,land,Square de la Putterie - Putterijsquare,"[[""fr"", ""Square de la Putterie""], [""nl"", ""Putterijsquare""]]",True,True,4.356072425842285,50.84464645385742,4.356506824493408,50.84510040283203,d3fc9970-a8fc-4fcc-b5ba-4b863f9b11ce
ef686fbd-088d-45e5-8fa0-86a98f21fafb,BE,BE-BRU,neighborhood,,land,Usquare,,True,True,4.3844733238220215,50.82124710083008,4.388311862945557,50.82386779785156,bf212531-beb5-474d-9fc9-a24b0a89f5eb
955832a9-7862-4fbf-8cef-1ba675d78748,BE,BE-BRU,neighborhood,,land,Cité Jouët-Rey,,True,True,4.3932366371154785,50.83157730102539,4.394278049468994,50.8324089050293,7574404b-8d07-4407-b55b-84c5129c36e2
99aa2628-5c20-452c-9d92-9a8f780c7c3f,BE,BE-VLG,locality,,land,Bottelare,"[[""ru"", ""Боттеларе""]]",True,True,3.736215114593506,50.95512390136719,3.772437572479248,50.9737548828125,530eefed-53b4-4ee9-9c67-f0a83948ef89
19fbaffc-9194-49e2-88a8-b5eb1ee0f08d,BE,BE-VLG,locality,,land,Gontrode,"[[""ru"", ""Гонтроде""]]",True,True,3.7776389122009277,50.971343994140625,3.8116250038146973,50.99284744262695,9ccabd37-ad6a-4bfa-8044-ff00c37538cf
1450b6ac-d1b7-4c20-962f-41bd69ca3dd8,BE,BE-VLG,locality,,land,Houtvenne,,True,True,4.788601398468018,51.02831268310547,4.817753314971924,51.06378936767578,cb120f0a-d58a-43fe-8eb5-388af0d57300
103fea5e-48fa-4e94-ae4b-117cd0f2fe6e,BE,BE-VLG,microhood,,land,Haringrode,,True,True,4.4124884605407715,51.19915771484375,4.431356906890869,51.20936965942383,ea905268-469d-4d54-8272-947b8dbc8a59
80231c71-1684-4cd0-8321-f0f60fcfc618,BE,BE-VLG,locality,,land,Zaffelare,"[[""ru"", ""Заффеларе""]]",True,True,3.816615581512451,51.11520767211914,3.8990776538848877,51.149471282958984,2bc70c10-58a1-4455-ba6e-515cdc7618cf
739198ed-1270-4d7d-b359-5b1962c995c8,BE,BE-BRU,neighborhood,,land,Cité Forest Vert,,True,True,4.314672470092773,50.80324172973633,4.319500923156738,50.806758880615234,aba097ae-411c-41fc-be28-654ed274031f
38742724-b930-45a5-81ff-c8e8b1d92f39,BE,BE-VLG,locality,,land,Tildonk,,True,True,4.6351447105407715,50.92451477050781,4.6894707679748535,50.964778900146484,d9367e35-739d-4799-891f-10d2ff5b33a1
7441c687-cc04-4167-a135-373453f733ec,BE,BE-VLG,locality,,land,Beert,"[[""fr"", ""Brages""], [""nl"", ""Beert""]]",True,True,4.161447525024414,50.72263717651367,4.197815895080566,50.74797821044922,82119685-4905-4e58-8ce5-49c06ac77c4e
2218067e-1113-40dd-9c22-ba9f0a103d2e,BE,BE-BRU,neighborhood,,land,Les Promenades d’Uccle,,True,True,4.34273099899292,50.7818489074707,4.347550392150879,50.78481674194336,1a4d022e-2d97-406d-97ae-6298a18e050e
e9c96c32-2f67-4dcf-b629-649d5778a45e,BE,BE-VLG,locality,,land,Sint-Laureins-Berchem,"[[""fr"", ""Berchem-Saint-Laurent""], [""nl"", ""Sint-Laureins-Berchem""]]",True,True,4.1900529861450195,50.7817497253418,4.211308002471924,50.795448303222656,c690a53d-5e8f-4a6c-aa3e-57531a5c3f7e
b97f8fb5-8e07-4c89-9c1f-80c8565635e0,BE,BE-BRU,microhood,,land,Place de l'Yser - IJzerplein,"[[""fr"", ""Place de l'Yser""], [""nl"", ""IJzerplein""]]",True,True,4.348217487335205,50.857208251953125,4.349278450012207,50.85789489746094,9fe42da9-8df6-4537-9f5e-1892ee29570e
a066f7e0-a309-408c-8cc8-9b09dd6b94af,BE,BE-VLG,locality,,land,Bavegem,,True,True,3.844712972640991,50.93506622314453,3.8884127140045166,50.954830169677734,0a4058ae-7351-45ef-a67e-637d60f78a25
3e90d62e-c411-4602-9c0b-c0bf47259604,BE,BE-VLG,locality,,land,Lint,"[[""nl"", ""Lint""], [""ru"", ""Линт""]]",True,True,4.472403526306152,51.1155891418457,4.52726936340332,51.14240646362305,f1753891-9344-46dd-82ec-1f0f5f83a2b5
b8eaf821-1cbe-4c9b-a209-a1f15825d6c4,BE,BE-VLG,locality,,land,Balegem,,True,True,3.7661375999450684,50.89474105834961,3.832066774368286,50.93570327758789,e5d8f82a-376e-4b5e-a2ae-623a066ee92d
a11422ea-a610-4802-acf8-72bc8a8fdc55,BE,BE-VLG,locality,,land,Outgaarden,,True,True,4.902584552764893,50.7426872253418,4.95382022857666,50.779151916503906,fcdaa337-ec60-43ad-86ed-dc4fadaed24c
3f175777-7269-455e-9d98-f6c08d52c81d,BE,BE-VLG,locality,,land,Wezemaal,"[[""ru"", ""Веземал""]]",True,True,4.732755661010742,50.93474578857422,4.803334712982178,50.96181106567383,1cb071c4-55a7-496d-94f1-8173b6f223d9
b411ea6a-4f0a-43ee-af43-64c2f160b0e2,BE,BE-BRU,locality,,land,Schaerbeek - Schaarbeek,"[[""gcf"", ""Skabèk""], [""bru"", ""Schoûrebeik;Schoerebeik""], [""vls"", ""Schoarbeek""], [""ar"", ""سكاربيك""], [""fr"", ""Schaerbeek""], [""la"", ""Scarbeca""], [""nl"", ""Schaarbeek""], [""ur"", ""سخاربیک""], [""ru"", ""Схарбек""], [""wa"", ""Skerbek""]]",True,True,4.357186317443848,50.84340286254883,4.413027286529541,50.88106918334961,275c9b39-a594-4205-9f96-914634ef8fd6
c5f8300e-6af1-45a9-a7da-19ae1ad56927,BE,BE-VLG,locality,,land,Heikruis,"[[""fr"", ""Haute-Croix""], [""nl"", ""Heikruis""], [""la"", ""Hadonis crucem""]]",True,True,4.071962833404541,50.70550537109375,4.1325297355651855,50.75140380859375,9243e30f-ea91-4fc8-ace2-cd572f4e9c51
b5e9cb96-d64e-44ef-8c9d-a4de014089f4,BE,BE-WAL,locality,,land,Dongelberg,,True,True,4.788885593414307,50.690711975097656,4.8382415771484375,50.72040939331055,9fb9c042-c394-4ff2-a71c-c75af9abb167
cb8847e2-f937-408d-8e8f-194bc79fe00f,BE,BE-VLG,locality,,land,Verrebroek,"[[""ru"", ""Верребрук""]]",True,True,4.1568379402160645,51.23335266113281,4.226556777954102,51.27586364746094,4f73221f-349c-4ab9-aaa9-dc1cd03fb56c
619ea5c4-b0a7-4580-bb82-b4dd7e4e12b8,BE,BE-VLG,locality,,land,Blaasveld,"[[""ru"", ""Бласвелд""]]",True,True,4.367847919464111,51.042179107666016,4.404803276062012,51.06821060180664,93a331cf-3cae-4a9d-aeb0-24762e442fde
9aa04a31-02e9-4acd-b210-79405cdc4d94,BE,BE-VLG,neighborhood,,land,Leuvens Korbeek-Lo,,True,True,4.716671466827393,50.854095458984375,4.754096031188965,50.87257385253906,642f5154-15de-4d56-a7c1-78512e57d9af
33b37596-8070-486e-9359-d4b7690dded1,BE,BE-VLG,locality,,land,Buken,"[[""ru"", ""Бюкен""]]",True,True,4.600611209869385,50.93482971191406,4.61885404586792,50.95757293701172,33d3dfce-09c7-4b70-b39d-f4a40092e3be
18970aa5-217a-43a2-92c2-b5542c3c69c3,BE,BE-VLG,locality,,land,Meerdonk,"[[""ru"", ""Мердонк""]]",True,True,4.123895645141602,51.23780822753906,4.166197299957275,51.29282760620117,c3c9ccd4-1190-4480-9b8e-c9ab7248aa73
cea17933-6406-4313-8e45-64d2a26ca430,BE,BE-VLG,microhood,,land,Jozef Eerdekensstraat,,True,True,4.6999192237854,50.86525344848633,4.70027494430542,50.86557388305664,264a0250-840b-42c3-be4a-d5d979409303
6be0dddd-dab0-4bf4-834e-ed38df1431fd,BE,BE-VLG,locality,,land,Wondelgem,,True,True,3.684741973876953,51.07566452026367,3.7337799072265625,51.111141204833984,6a28e131-5fa8-4c69-b426-badb0f65d3a8
1e7ab0d7-2347-4375-a20e-ce673fe27925,BE,BE-VLG,locality,,land,Zevergem,"[[""ru"", ""Зевергем""]]",True,True,3.6616926193237305,50.954002380371094,3.71109676361084,50.997310638427734,eab9fe89-6ac4-408f-8348-96b78691d056
915555ba-bcda-4222-b2fa-3546155e47be,BE,BE-VLG,locality,,land,Huldenberg,"[[""nl"", ""Huldenberg""], [""ru"", ""Хюлденберг""]]",True,True,4.555139064788818,50.741024017333984,4.655401229858398,50.83511734008789,06cff7a1-3bf0-4b46-9b28-17ff0e6ca73f
f4695796-a853-401a-9af6-1605e5cd32d5,BE,BE-VLG,locality,,land,Nieuwrode,,True,True,4.783245086669922,50.93085861206055,4.872103214263916,50.96319580078125,11065021-5ae8-494f-a24e-694792fb8646
3a9c08b3-62ed-4dc6-8e80-7d72f5db49ae,BE,BE-VLG,neighborhood,,land,Klein Begijnhof,,True,True,3.7343149185180664,51.04522705078125,3.7377736568450928,51.047664642333984,5b7faf02-1c49-4c48-aa44-f4e88fb31ec1
64dec93b-2944-4da4-8c38-956b12259f7a,BE,BE-VLG,microhood,,land,Papegaai,,True,True,3.7086691856384277,51.04679489135742,3.720627784729004,51.056671142578125,e772f026-7cb1-4da7-904c-5a6c82e08806
8bfff440-70a9-48b1-88d6-65d12427a34b,BE,BE-VLG,microhood,,land,Sint-Andriesplaats,,True,True,4.39597749710083,51.214656829833984,4.396998405456543,51.21535873413086,2baab2cc-4fe0-45e4-8be6-8886754c0c41
90e0edc6-e2b6-4d01-a4c3-45a58cd5448c,BE,BE-VLG,locality,,land,Beveren-Kruibeke-Zwijndrecht,"[[""nl"", ""Beveren-Kruibeke-Zwijndrecht""]]",True,True,4.152492523193359,51.12351608276367,4.3569159507751465,51.353973388671875,1facda9a-7f00-4a45-8681-b7c6ba5ec9f0
5e5d3055-cf29-4dc5-90ab-f0d0331673eb,BE,BE-VLG,locality,,land,Edelare,,True,True,3.608442783355713,50.82793426513672,3.637767791748047,50.84794616699219,e7e67790-3d17-44db-b352-bd96a6877969
b8e0d5b4-a6db-4d63-abe9-c1007d38f969,BE,BE-VLG,locality,,land,Leest,,True,True,4.370081901550293,51.01060104370117,4.436074733734131,51.040550231933594,06e1e936-952b-4250-989f-387b515f0afc
ce8808f8-74bc-4ee7-a055-3ba61524fe93,BE,BE-BRU,microhood,,land,Place du Benelux - Beneluxplein,"[[""fr"", ""Place du Benelux""], [""nl"", ""Beneluxplein""]]",True,True,4.34437370300293,50.891292572021484,4.344863414764404,50.89168930053711,65d5d603-f983-4443-9fe2-9c94c878bd22
5b766b44-df2c-4ffd-9c0f-6c94be93e674,BE,BE-VLG,locality,,land,Lembeke,"[[""ru"", ""Лембеке""]]",True,True,3.595569610595703,51.16809844970703,3.6650803089141846,51.22038269042969,9f5d78ba-fc8e-4537-9e33-515b73f690db
e59d211b-a197-4675-9c04-fe40b717c4e7,BE,BE-VLG,locality,,land,Neerijse,,True,True,4.584712028503418,50.78720474243164,4.646242618560791,50.83511734008789,48cea178-6534-4ff9-adc6-71173cc49a11
164c33de-95b1-423d-9d98-46b4af68940b,BE,BE-VLG,locality,,land,Nederokkerzeel,,True,True,4.522979736328125,50.909297943115234,4.594316005706787,50.93519973754883,c5e85701-8cdd-4bdd-8d69-667ea70d7715
25dd9f8c-62d5-4309-874a-8b3302b3276a,BE,BE-VLG,locality,,land,Sint-Martens-Lennik,"[[""fr"", ""Lennik-Saint-Martin""], [""nl"", ""Sint-Martens-Lennik""]]",True,True,4.151762962341309,50.801578521728516,4.211951732635498,50.842227935791016,3e48e79a-0928-4812-b253-aec43942ba6b
f4b90737-fddc-4525-8392-733dda709b37,BE,BE-VLG,locality,,land,Schriek,"[[""ru"", ""Схрик""]]",True,True,4.6590256690979,50.99858856201172,4.738020896911621,51.04464340209961,ccdefc76-5b46-4191-9f8c-18ae38acbda1
17aa6c4c-8bb9-4644-8c68-f5a217e568bf,BE,BE-BRU,locality,,land,Woluwe-Saint-Lambert - Sint-Lambrechts-Woluwe,"[[""ar"", ""وولوي-سانت-لامبير""], [""fr"", ""Woluwe-Saint-Lambert""], [""la"", ""Wolua Sancti Lamberti""], [""nl"", ""Sint-Lambrechts-Woluwe""], [""ru"", ""Синт-Ламрехтс-Волюве""], [""wa"", ""Woluwé-Sint-Lambiet""]]",True,True,4.400051593780518,50.83378219604492,4.461776256561279,50.863037109375,2aed25cb-f09a-460e-90f4-8f81cc2afa6c
bb1744ad-7ed5-4e4a-9542-dcedf4ad1d60,BE,BE-VLG,locality,,land,Lede,"[[""ru"", ""Леде""]]",True,True,3.8675379753112793,50.947547912597656,4.0240397453308105,50.9871711730957,6fe1ddd8-4f7d-4c83-a46d-ff5e179c1433
d88d312b-81c6-45ea-a6bd-89f4e4e6bde3,BE,BE-VLG,locality,,land,Essene,,True,True,4.107927322387695,50.88323211669922,4.150485992431641,50.921199798583984,55635037-dbc1-463e-9f2c-6e7c9011ba5b
5e19d559-4fba-4541-92c6-daa86cba32a0,BE,BE-WAL,locality,,land,Le Stierbecq,,True,True,4.184659957885742,50.69208526611328,4.2043986320495605,50.70216369628906,a2bc390e-f728-49b6-8e86-b09d8c076ca3
3523b419-f113-4784-9f8a-71b1e05d3780,BE,BE-VLG,locality,,land,Oetingen,"[[""ru"", ""Утенген""]]",True,True,4.034567832946777,50.75461196899414,4.095186710357666,50.78614807128906,f003f062-97fc-40be-b9b6-1e6079390d9b
c9fa8edd-3bc3-41ab-a42e-7de9ea6601f0,BE,BE-VLG,locality,,land,Roborst,,True,True,3.7341694831848145,50.85090637207031,3.767364978790283,50.87820816040039,464fd8c0-73fb-49af-8f7b-5ad90c4cc397
8978ad64-e898-44e2-8de6-c45229978c6a,BE,BE-VLG,microhood,,land,Oude Groenenhoek,,True,True,4.436371326446533,51.187339782714844,4.44703483581543,51.194740295410156,4cf81431-1bae-4ac4-86d0-18f71f5f62f3
c32bfa63-a728-4fb5-a002-204c7c3b36ce,BE,BE-VLG,locality,,land,Sint-Ulriks-Kapelle,"[[""fr"", ""Chapelle-Saint-Ulric""], [""nl"", ""Sint-Ulriks-Kapelle""]]",True,True,4.187826633453369,50.86875534057617,4.243451118469238,50.8907585144043,6ca5d211-5e86-44b1-90b5-6f3acfab3b9e
f31d6ab7-a63e-486b-b2a6-649ff0fb9e86,BE,BE-VLG,locality,,land,Diegem,"[[""ru"", ""Дигем""]]",True,True,4.424365043640137,50.878780364990234,4.469729900360107,50.90619659423828,5f6f4197-79c6-4635-81eb-3206113f1c81
1be4ea1c-59c2-4dc4-93d6-b7b99fd086e7,BE,BE-BRU,microhood,,land,Place des Muscaris - Druifhyacintenplein,"[[""fr"", ""Place des Muscaris""], [""nl"", ""Druifhyacintenplein""]]",True,True,4.422138690948486,50.80788803100586,4.422662258148193,50.808189392089844,b12def85-ac66-4827-a14f-38b5d6f5265c
3a9ff1ad-e144-4e78-81b9-20634f6378a9,BE,BE-VLG,microhood,,land,Kardinaal Mercierplein,,True,True,4.481897830963135,51.02077102661133,4.482577800750732,51.02129364013672,22e569fa-1f7e-4bc5-99c5-0b8fda6ea005
b43f81b6-2fbd-4369-babf-93fa6c61185b,BE,BE-WAL,locality,,land,Bruyère Mathias,,True,True,4.260667324066162,50.68927764892578,4.262491226196289,50.69050979614258,d43b568e-1053-4038-8f1d-3cc68d65909f
87cc6300-1ce6-4066-a07d-d8eeb0974664,BE,BE-VLG,microhood,,land,Oosterveld,,True,True,4.405148029327393,51.17326354980469,4.436859130859375,51.17819595336914,b9dc0058-a867-4676-9612-ca4cf3705012
a76c2fae-0804-4b72-b5f1-4f1d2d7adbc2,BE,BE-VLG,microhood,,land,Zilverbeek - Amedeus (Berchem),,True,True,4.44279146194458,51.18577575683594,4.447150230407715,51.18960189819336,925bdd5e-7243-40d4-bccf-ba6849a84bfa
ade9cc99-9f3d-4b9d-b414-28fd9d743e1f,BE,BE-BRU,microhood,,land,Place Akarova - Akarovaplein,"[[""fr"", ""Place Akarova""], [""nl"", ""Akarovaplein""]]",True,True,4.347992897033691,50.83984375,4.3490753173828125,50.84056091308594,3283d9ad-a2f6-44ec-9834-b2ddf7d5effb
be52efb5-6d9f-498d-bacb-d4a60184c7b7,BE,BE-BRU,microhood,,land,Place De Moor - De Moorplein,"[[""fr"", ""Place De Moor""], [""nl"", ""De Moorplein""]]",True,True,4.3399271965026855,50.871315002441406,4.340538501739502,50.87166976928711,05b16c5d-cf2d-4347-bd69-3b8ec711f096
deb30590-2543-4d2d-a6f5-14ebec99acb5,BE,BE-BRU,microhood,,land,Square du Solbosch - Solbossquare,"[[""fr"", ""Square du Solbosch""], [""nl"", ""Solbossquare""]]",True,True,4.38557243347168,50.810272216796875,4.386647701263428,50.81148910522461,8925241d-abe2-4159-bee2-9b1d2f1f37fc
c0db9b60-dae2-430f-8a06-25a405d3645d,BE,BE-VLG,microhood,,land,Pater Damiaanplein,,True,True,4.696613788604736,50.875892639160156,4.69809103012085,50.87638473510742,bb22d5ea-753b-40c8-b313-dc7bd8502e86
395c41cb-0464-460d-8fe3-321f353527a1,BE,BE-VLG,locality,,land,Gaasbeek,"[[""fr"", ""Gaesbeek""], [""la"", ""Gasbeca""], [""nl"", ""Gaasbeek""]]",True,True,4.171823978424072,50.78641128540039,4.20833158493042,50.81046676635742,a7a5760c-cb95-4339-b48a-d3056fddb7be
510b04f0-d51f-4f58-b9b1-bba80426d5c3,BE,BE-VLG,locality,,land,Dikkelvenne,,True,True,3.668046474456787,50.90237045288086,3.75567626953125,50.9304084777832,0614c6a9-26bd-41d5-b8ac-098c27cb3ec5
922ced24-d40e-4805-86a9-8d495fda470a,BE,BE-VLG,microhood,,land,Baron August de Becker Remyplein,,True,True,4.718433856964111,50.88502502441406,4.719746112823486,50.8856086730957,dbae916f-679c-4d08-ab11-9831e9cd5712
7ee61654-c87d-4e7e-b692-3593957e69da,BE,BE-VLG,locality,,land,Burst,"[[""ru"", ""Бюрст""]]",True,True,3.892732858657837,50.89904022216797,3.935537338256836,50.92301940917969,f43275bd-dba7-47dd-bf80-1f8ef6a78b35
3bde4bf2-4a7b-45b6-83d8-1139f3f4cb14,BE,BE-WAL,locality,,land,La Rue,,True,True,4.362216472625732,50.696075439453125,4.370323181152344,50.701263427734375,c419112c-26eb-45d1-ab4b-aeaca345934c
2a2c4f5b-7fd5-47a5-be3e-a20b7a136d7d,BE,BE-BRU,microhood,,land,Place des 3 septembre - 3 septemberplein,"[[""fr"", ""Place des 3 septembre""], [""nl"", ""3 septemberplein""]]",True,True,4.3464035987854,50.840484619140625,4.346743106842041,50.84064865112305,9a5b164f-3335-4725-956a-3eb147f762f3
3bf76eb2-c950-4448-bf64-9569378058eb,BE,BE-WAL,locality,,land,Wavre,"[[""pcd"", ""Wavre""], [""gcf"", ""Wav""], [""vls"", ""Wavre""], [""lb"", ""Wavre""], [""fr"", ""Wavre""], [""li"", ""Waver""], [""la"", ""Wavria""], [""nl"", ""Waver""], [""ru"", ""Вавр""], [""en"", ""Wavre""], [""wa"", ""Wåve""]]",True,True,4.529689788818359,50.682613372802734,4.6468963623046875,50.76375961303711,948e549d-6a3c-4e1e-9c49-f84dcd7ba713
08208057-2d6e-488c-bbce-d12fba8b0577,BE,BE-VLG,locality,,land,Everberg,,True,True,4.525043487548828,50.85572814941406,4.591599464416504,50.888694763183594,61e2dda6-fb23-40a0-acac-be7fd564e546
b60cf810-96a4-419e-aa33-7d7ca446be18,BE,BE-VLG,locality,,land,Drongen,"[[""fr"", ""Tronchiennes""], [""la"", ""Trunchinium""], [""nl"", ""Drongen""], [""ru"", ""Дронген""]]",True,True,3.579761505126953,51.02186584472656,3.6850790977478027,51.084251403808594,bf0d276e-76d3-48b3-bc37-a29d56150603
fc082153-6e9b-4e9a-88e8-0fe93fa6fd57,BE,BE-VLG,locality,,land,Houwaart,,True,True,4.842953681945801,50.91110610961914,4.898350715637207,50.95722198486328,949af755-169b-4ac3-8083-436056005070
1c2df130-fdd7-44e9-b892-37145e0b1739,BE,BE-VLG,locality,,land,Smetlede,,True,True,3.9084768295288086,50.954673767089844,3.9484639167785645,50.983551025390625,744042d6-b265-468f-9933-2dd0f75fdd0e
cc14f05d-5609-4655-ae88-c5b517d22698,BE,BE-VLG,locality,,land,Maarke-Kerkem,,True,True,3.629397392272949,50.78752899169922,3.677260398864746,50.83006286621094,5bef043c-0b7d-4203-a682-ed34cf2be51d
42be5e0a-50df-42b2-8b98-9d34be42add5,BE,BE-VLG,locality,,land,Zeveneken,"[[""ru"", ""Зевенекен""]]",True,True,3.862516164779663,51.09016799926758,3.905338764190674,51.12885284423828,88e0ea36-2239-49ea-b461-ef96bd7408a4
1ccce27a-9f63-46d9-a02d-62adee53c264,BE,BE-VLG,locality,,land,Lovendegem,,True,True,3.5864195823669434,51.07646179199219,3.6526927947998047,51.139068603515625,44a7ea00-269c-4223-9752-6dca54ba69e0
d5181ee7-49ae-4388-a4c7-dd630b196866,BE,BE-VLG,locality,,land,Schoten,"[[""nl"", ""Schoten""], [""ru"", ""Схотен""]]",True,True,4.454899311065674,51.23554992675781,4.552975654602051,51.30416488647461,11deb129-948f-4ccb-b1ec-b1d0933b1449
418b86a2-360c-46da-8fdb-31d0064fd7ec,BE,BE-BRU,microhood,,land,Square Pessoa - Pessoasquare,,True,True,4.372745513916016,50.82802200317383,4.373312473297119,50.82838439941406,eb5ac4bb-4462-41c2-8bdc-3f5fb2be3350
46e4ff86-5709-4c54-b7a2-3288e0512faa,BE,BE-VLG,microhood,,land,Josué Duponplaats,,True,True,4.430165767669678,51.201881408691406,4.430489540100098,51.202171325683594,89511cc4-ed99-4e31-aaa6-4d5d75cc6475
8d52cb58-c425-4865-847d-fe84ff95a9da,BE,BE-VLG,microhood,,land,Flamingoplein,,True,True,4.421710968017578,51.217159271240234,4.4233503341674805,51.217803955078125,253850be-e7dc-421d-8549-968cacd837b3
ec4b6af3-2ff0-4484-934b-6c7a00204c67,BE,BE-VLG,locality,,land,Zwalm,"[[""fr"", ""Zwalin""], [""nl"", ""Zwalm""], [""ru"", ""Звалм""]]",True,True,3.667750358581543,50.8331184387207,3.767364978790283,50.91201400756836,3c709ab1-ab79-4e4b-ad7b-20afd71ac24c
a9fe5e99-448d-4fa5-8e3d-abb9a077212e,BE,BE-BRU,microhood,,land,Square Maurane - Mauranesquare,"[[""fr"", ""Square Maurane""], [""nl"", ""Mauranesquare""]]",True,True,4.3814568519592285,50.86894607543945,4.382108211517334,50.869346618652344,6661f8d7-b31b-4aa3-9607-e3c185f987c7
c28045d8-9065-4212-a41c-cd33ee45d51f,BE,BE-VLG,locality,,land,Hoevenen,,True,True,4.355964660644531,51.29708480834961,4.417151927947998,51.330509185791016,d4afc38e-5226-4b16-b996-fa84bc06ac26
80aebf87-0108-4927-86d8-64b46ccd9dd7,BE,BE-VLG,locality,,land,Westerlo,"[[""nl"", ""Westerlo""], [""ru"", ""Вестерло""]]",True,True,4.811650276184082,51.06382369995117,4.9502716064453125,51.148101806640625,a766e12f-b730-4a29-b4e9-60f391098f37
651ff62c-8f1e-4015-bd39-6d3f7f42da8e,BE,BE-VLG,locality,,land,Zottegem,"[[""nl"", ""Zottegem""], [""ru"", ""Зоттегем""]]",True,True,3.746828317642212,50.809932708740234,3.867302417755127,50.918479919433594,a4746adf-dfc8-4415-8a4c-e4169015b56e
fc28f61a-4040-4d5a-9242-1ef544c3da56,BE,BE-VLG,locality,,land,Moortsele,,True,True,3.7562472820281982,50.94544219970703,3.799302101135254,50.97267150878906,57aa05f4-cd71-43c8-8754-db864f2a4efc
4531d5fe-1860-401a-ad45-3c182d8b792a,BE,BE-VLG,locality,,land,Oostakker,"[[""nl"", ""Oostakker""], [""vls"", ""Ôostakker""], [""ru"", ""Остаккер""]]",True,True,3.7522311210632324,51.06971740722656,3.8108770847320557,51.10874557495117,59ac858c-9cb5-4e9c-b623-b509ab2a2cdc
9bef99ee-9694-4685-b827-688c89fb419a,BE,BE-VLG,microhood,,land,Stationsplein,,True,True,3.982574224472046,51.10527420043945,3.9888365268707275,51.10832595825195,ec96aceb-7c59-4a50-99a9-0e6b263a52c2
6de31c32-a92b-4acb-88a4-ac93a6ff9772,BE,BE-VLG,neighborhood,,land,Overlaar,,True,True,4.89948034286499,50.779144287109375,4.929392337799072,50.80058288574219,568bad97-9c15-4b71-86d7-5994acdf4b03
820c1f56-5ae2-4bec-ad44-bb583463097d,BE,BE-BRU,neighborhood,,land,Erasmus Gardens,,True,True,4.259123802185059,50.815826416015625,4.268341541290283,50.819828033447266,29607b27-e6eb-4436-987c-d73255c3df87
4de75418-5f45-400c-ab99-b545839c05a5,BE,BE-VLG,microhood,,land,Stationsplein,,True,True,4.100377082824707,51.023372650146484,4.1015496253967285,51.023704528808594,15a91b21-1a1a-40ba-b45e-88c1fe146bf1
639ac651-5b88-4c67-aa48-a276c7ebf5e3,BE,BE-VLG,locality,,land,Elewijt,,True,True,4.474176406860352,50.95536804199219,4.527472496032715,50.98366928100586,78734651-6384-488d-b94d-a786179bf02f
cfab0d84-b38b-4417-a8f1-6684b2c06705,BE,BE-BRU,microhood,,land,Square Omer Denis - Omer Denissquare,"[[""fr"", ""Square Omer Denis""], [""nl"", ""Omer Denissquare""]]",True,True,4.318329811096191,50.81163787841797,4.3187079429626465,50.811798095703125,e4c5ec80-aec8-4263-9396-05bea0dd7fe7
61aecae4-8942-4397-8bfb-3df8ef1b2ee2,BE,BE-VLG,locality,,land,Sint-Gillis-bij-Dendermonde,"[[""fr"", ""Saint-Gilles-lez-Termonde""], [""nl"", ""Sint-Gillis-bij-Dendermonde""], [""ru"", ""Синт-Гиллис-бэй-Дендермонде""], [""la"", ""Swiviacum""]]",True,True,4.071408748626709,51.006019592285156,4.150717735290527,51.03925704956055,72277ad1-9a56-479f-a1af-0ae69922f97f
23dd4f74-906b-41d5-985b-97bdd3ffa3cc,BE,BE-WAL,locality,,land,Saint-Rémy-Geest,,True,True,4.817661762237549,50.7388916015625,4.873173713684082,50.77052307128906,7bb2d603-b57d-4c08-9893-3934614453cb
324ddf1b-7954-4f38-a346-06b4d14540f9,BE,BE-BRU,neighborhood,,land,Quartier des Quais - Kaaienwijk,"[[""en"", ""Quays Quarter""], [""fr"", ""Quartier des Quais""], [""nl"", ""Kaaienwijk""]]",True,True,4.34148645401001,50.84894561767578,4.353177547454834,50.85836410522461,d2470964-5db6-41e8-8d8c-5c5b438fd507
084c5885-41be-4778-bd61-fb11435d3acb,BE,BE-VLG,locality,,land,Wambeek,,True,True,4.1115593910217285,50.840702056884766,4.195272922515869,50.87272262573242,51246b5e-d77c-430a-a656-56ab3f0c34ef
c30ca7a7-f768-4d11-b640-3501b7263b3c,BE,BE-BRU,microhood,,land,Place Surlet de Chokier - Surlet de Chokierplein,"[[""pcd"", ""Plache Surlet d' Chokier""], [""fr"", ""Place Surlet de Chokier""], [""nl"", ""Surlet de Chokierplein""]]",True,True,4.368538856506348,50.84889602661133,4.368762493133545,50.849021911621094,cc4f23f8-a50d-4432-81a2-35924757dd95
af34c4fe-d486-4b09-b10b-a2dbca8431e3,BE,BE-VLG,locality,,land,Attenrode,,True,True,4.905601978302002,50.85456848144531,4.94069766998291,50.88431930541992,fbb3f15a-653e-4322-a9f2-b139a0379342
d8e87002-e59f-46b0-b54e-330e70085141,BE,BE-VLG,locality,,land,Halle,"[[""fr"", ""Hal""], [""la"", ""Halla""], [""nl"", ""Halle""], [""ru"", ""Халле""], [""wa"", ""Håle""], [""ja"", ""ハレ""]]",True,True,4.1720075607299805,50.68941116333008,4.311943054199219,50.7785530090332,54113dcf-8769-4a59-877f-162c34b97576
5e3e7889-4ef9-429f-8c02-e6130358f009,BE,BE-VLG,locality,,land,Sint-Lievens-Esse,,True,True,3.851425886154175,50.8404541015625,3.9247069358825684,50.87321472167969,8de3eba5-565b-46c9-ae9a-6830143aede3
fbc64bd5-56b0-4f31-af8e-6fe74aefd68c,BE,BE-WAL,locality,,land,Les Quarante Bonniers,,True,True,4.273613929748535,50.68792724609375,4.28030252456665,50.692039489746094,15010c37-3cf8-4a74-8b07-9bef2a3b171d
d787d64e-894f-41ee-a1bf-31b7664f88c6,BE,BE-VLG,locality,,land,Mendonk,,True,True,3.7919325828552246,51.13545608520508,3.84934139251709,51.15559387207031,b67b9f65-f8cd-4589-b374-fbc813b0b801
35702704-1cb3-42af-bba6-b0cf3805750d,BE,BE-VLG,microhood,,land,Groenenhoek (Mortsel),,True,True,4.447149753570557,51.18830490112305,4.449199676513672,51.189552307128906,da5412fb-424c-46de-b2f4-2ecadd629c24
47eda625-c655-483e-abf9-9b1b67c8bde8,BE,BE-BRU,microhood,,land,Clos Lieutenant-Colonel Louis Bégault - Luitenant-Kolonel Louis Bégaultgaarde,"[[""fr"", ""Clos Lieutenant-Colonel Louis Bégault""], [""nl"", ""Luitenant-Kolonel Louis Bégaultgaarde""]]",True,True,4.389092445373535,50.804229736328125,4.389240741729736,50.80434036254883,224baa47-5a4f-44e0-9d16-7ad2e89135ac
0bb589d5-e1e8-432a-a88b-85d4aac8a879,BE,BE-VLG,locality,,land,Linkebeek,"[[""nl"", ""Linkebeek""], [""ru"", ""Линкебек""], [""la"", ""Rivus Sinistrus""]]",True,True,4.321674823760986,50.756256103515625,4.367492198944092,50.779903411865234,8bd47380-54c2-46f6-b813-268985bcb44b
846afa2a-372d-40d7-8f15-762d0c6f36a4,BE,BE-BRU,microhood,,land,Square de la Délivrance - Verlossingssquare,"[[""fr"", ""Square de la Délivrance""], [""nl"", ""Verlossingssquare""]]",True,True,4.339999198913574,50.82133483886719,4.340831756591797,50.821990966796875,0da53193-2f26-4c8c-8f99-eb3fa782c518
fd4865a0-7744-48b1-9822-e24f91a63224,BE,BE-VLG,locality,,land,Lochristi,"[[""nl"", ""Lochristi""], [""ru"", ""Локристи""]]",True,True,3.786604166030884,51.05020523071289,3.9232771396636963,51.223018646240234,bfe9ce67-a4cf-45ea-b39c-40867a411905
723d9036-a925-4613-9d89-aa757a02d30b,BE,BE-VLG,microhood,,land,Deurne-Noord,,True,True,4.442580699920654,51.217872619628906,4.491876125335693,51.2386360168457,fac9e0dc-f99c-45c1-8d90-23273fef27bb
f0b8b9bd-6648-4606-bd23-7173d9581205,BE,BE-BRU,neighborhood,,land,Clos des Bouleaux,,True,True,4.353149890899658,50.77529525756836,4.35437536239624,50.77581787109375,fc9e4bf7-29f1-4563-b517-8a4ac5f3f143
8640836c-31fb-447d-9ba5-626c632e3bea,BE,BE-VLG,locality,,land,Kessel,"[[""la"", ""Castellum""]]",True,True,4.597188949584961,51.12434387207031,4.675862789154053,51.16472244262695,846445da-fe3a-4c93-bba9-a0cd47f12ab8
2605facc-3189-4d03-9fb4-220697a4a885,BE,BE-VLG,locality,,land,Hofstade,"[[""ru"", ""Хофстаде""]]",True,True,4.009387493133545,50.95090866088867,4.054409027099609,50.982666015625,5bdb565d-f9db-4546-a169-9befc79637c1
9a38eb34-3fed-4679-9e3a-bf7e37f41b74,BE,BE-VLG,microhood,,land,Oud-Berchem,,True,True,4.410462379455566,51.19191360473633,4.4325103759765625,51.20130157470703,c981fd38-ec4e-4bee-b7fc-d2a5f703a0ad
1cdca091-f98b-4141-873f-0a3ca2a74548,BE,BE-VLG,locality,,land,Wanzele,,True,True,3.950169801712036,50.9680061340332,3.967764377593994,50.98410415649414,30a6955b-bb11-44ef-90a1-878d99e167a8
7e5aca7f-fb08-43f0-b09b-df41ace200bf,BE,BE-VLG,locality,,land,Nederbrakel,,True,True,3.734919548034668,50.78364562988281,3.78853440284729,50.827030181884766,4fbfb9ef-dae6-467b-91ed-67ed85cd94ec
cd3980aa-a91e-40ae-9aa1-2d1d7969e13e,BE,BE-BRU,microhood,,land,Place Ernest S'Jonghers - Ernest S'Jonghersplein,"[[""fr"", ""Place Ernest S'Jonghers""], [""nl"", ""Ernest S'Jonghersplein""]]",True,True,4.293498516082764,50.8189697265625,4.294125556945801,50.8194694519043,17322bde-0531-41e1-a094-e4c98e9a745a
9fe2ff7b-264d-4b0b-8ad1-aa0c932b3bca,BE,BE-VLG,locality,,land,Breendonk,"[[""fr"", ""Breendonck""], [""nl"", ""Breendonk""], [""ru"", ""Бредонк""]]",True,True,4.2900004386901855,51.026710510253906,4.338778972625732,51.064483642578125,a9f0b3fc-dc04-426b-98a5-800b2e2d1781
788df9dd-1ce5-40d5-a25d-c872833fa7f9,BE,BE-WAL,microhood,,land,Théatre de verdure,,True,True,3.8415634632110596,50.70824432373047,3.8419363498687744,50.708431243896484,fb4ef7e5-bbc5-48f4-95ec-d9b04381479d
e647ef8a-d150-46be-9974-8d10c0c4ba1d,BE,BE-VLG,microhood,,land,Kerkplein,,True,True,4.728351593017578,51.075889587402344,4.72899866104126,51.076148986816406,3a7863e8-10e9-457d-ac63-ee084eedfd6e
93b1f903-6dcf-4280-972b-31e8ff4fa0f6,BE,BE-VLG,microhood,,land,Grote Markt,,True,True,4.236903190612793,50.735870361328125,4.237759113311768,50.73679733276367,ebbcf53c-b73a-4794-a6d0-c275345f7174
527e1df8-c3cc-46c9-bcec-9e06a242218e,BE,BE-VLG,locality,,land,Gent,"[[""pcd"", ""Gand""], [""gcf"", ""Gènt""], [""vls"", ""Gent""], [""ka"", ""გენტი""], [""ar"", ""غنت""], [""fr"", ""Gand""], [""ug"", ""Gant""], [""lv"", ""Ģente""], [""eu"", ""Gante""], [""uk"", ""Ґент""], [""pt"", ""Gante""], [""gl"", ""Gante - Gent""], [""el"", ""Γάνδη""], [""it"", ""Gand""], [""ca"", ""Gant""], [""os"", ""Гент""], [""la"", ""Gandavum""], [""as"", ""Gand""], [""tl"", ""Gante""], [""nl"", ""Gent""], [""zh-Hans"", ""根特""], [""bg"", ""Гент""], [""ko"", ""헨트""], [""eo"", ""Gento""], [""mk"", ""Гент""], [""oc"", ""Gant""], [""de"", ""Gent""], [""ur"", ""گینٹ""], [""fy"", ""Gint""], [""ru"", ""Гент""], [""ml"", ""ഗെന്റ്""], [""th"", ""เกนต์""], [""my"", ""ဂင့်မြို့""], [""sr-Cyrl"", ""Гент""], [""zh-Hant"", ""根特""], [""en"", ""Ghent""], [""he"", ""גנט""], [""kn"", ""ಗೆಂಟ್""], [""na"", ""Ghent""], [""wa"", ""Gant""], [""es"", ""Gante""], [""hi"", ""खेंट""], [""vo"", ""Ghent""], [""mr"", ""गेंट""], [""be"", ""Гент""], [""ja"", ""ヘント""], [""ast"", ""Gante""], [""lt"", ""Gentas""], [""fa"", ""گنت""], [""mn"", ""Гент""], [""zh"", ""根特""], [""pl"", ""Gandawa""]]",True,True,3.579761505126953,50.97954177856445,3.84934139251709,51.18889236450195,0230bed8-4b77-4196-bc94-a0aeebcbd41b
4fbff36f-23d8-40f0-b334-87186d16cd85,BE,BE-VLG,locality,,land,Peutie,,True,True,4.448755264282227,50.92116928100586,4.481838226318359,50.94136428833008,d61b5fc0-0e4d-48fc-a708-e9637bcc941c
6297e3fa-a3ad-49ce-a9f0-24e233d1eb9b,BE,BE-VLG,neighborhood,,land,Ertbrugge (Wijnegem),,True,True,4.483829975128174,51.225563049316406,4.496351718902588,51.235328674316406,76c71061-c3e8-4c47-a33a-4337ddb9cb4a
eb0ecfad-0473-4de2-9223-271372c629aa,BE,BE-BRU,microhood,,land,Parvis Saint-Gilles - Sint-Gillisvoorplein,"[[""fr"", ""Parvis Saint-Gilles""], [""nl"", ""Sint-Gillisvoorplein""]]",True,True,4.343784332275391,50.829978942871094,4.34615421295166,50.83086013793945,15597c1f-8751-44dc-b595-000d90110709
e052a187-04db-42ab-833a-1e56cbde76b1,BE,BE-VLG,locality,,land,Ename,,True,True,3.6163365840911865,50.84470748901367,3.6450095176696777,50.863243103027344,310f6e32-d032-47ae-86d1-5da954af4bcb
5d09ebf1-f171-41e3-bb0e-f729ad8a6dce,BE,BE-BRU,microhood,,land,Place Basse - Laagplein,"[[""fr"", ""Place Basse""], [""nl"", ""Laagplein""]]",True,True,4.324206352233887,50.894866943359375,4.3249921798706055,50.8952751159668,5875a77c-5a49-46e3-9301-de353b870d03
05b28b9a-7856-43c0-a418-951a7ed6f915,BE,BE-BRU,microhood,,land,Place Jean-Baptiste Degrooff - Jean-Baptiste Degrooffplein,"[[""fr"", ""Place Jean-Baptiste Degrooff""], [""nl"", ""Jean-Baptiste Degrooffplein""]]",True,True,4.411355972290039,50.84333801269531,4.4121551513671875,50.843780517578125,4ce384b7-14d2-4857-a1c6-1088cb218843
76533697-8c13-46fb-8aea-eff2188fc663,BE,BE-VLG,locality,,land,Asper,,True,True,3.6239805221557617,50.90800857543945,3.673398017883301,50.93907165527344,26ceb309-f92a-41be-b96f-d1bf2e49ddfb
1a9577c2-6d0c-41ea-8fd1-9bcf47b0bdaa,BE,BE-VLG,locality,,land,Schorisse,"[[""fr"", ""Escornaix""], [""nl"", ""Schorisse""], [""ru"", ""Схориссе""]]",True,True,3.651707172393799,50.77019119262695,3.712061643600464,50.81480026245117,c925c591-357e-442d-a657-d89e294933d5
dab3913e-053c-4edf-a020-c875b3c73185,BE,BE-VLG,locality,,land,Erps-Kwerps,"[[""ru"", ""Эрпс-Кверпс""]]",True,True,4.5150532722473145,50.88609313964844,4.612375259399414,50.934837341308594,c7c57f10-57f3-455a-8a5b-0d838854fb8a
84d0f1cb-bcc1-44d2-9c11-9e68dcf1761f,BE,BE-VLG,locality,,land,Overboelare,,True,True,3.83282208442688,50.7430305480957,3.9005134105682373,50.77028274536133,4400611a-cee0-4842-8d5d-a7bdf065d6f7
953e0685-a3d4-45c4-834c-a32f576d7277,BE,BE-VLG,neighborhood,,land,Klein-Sinaai,,True,True,3.971122980117798,51.16887664794922,4.008540630340576,51.213584899902344,b9e27768-ccc0-4193-a850-d42a8fe24e60
5c212f3d-1288-4e8a-b0d8-ac4b6a93281f,BE,BE-VLG,locality,,land,Merchtem,"[[""nl"", ""Merchtem""], [""ru"", ""Мерхтем""]]",True,True,4.181607246398926,50.90891647338867,4.301799774169922,50.99853515625,5d9b770c-bde0-4a4c-a34b-f17c44b6510f
45444810-8efd-45c3-9e73-435a091cbebc,BE,BE-VLG,neighborhood,,land,De Wilde Zee,,True,True,4.402390480041504,51.216182708740234,4.405473709106445,51.218536376953125,34617bd3-034f-4b03-ba96-53e7e38bf24f
2bd273b5-01bb-4bcf-9399-fb19a47b990d,BE,BE-VLG,locality,,land,Ruisbroek,"[[""fr"", ""Ruysbroeck""], [""nl"", ""Ruisbroek""], [""ru"", ""Рёйсбрук""]]",True,True,4.278396129608154,50.77329635620117,4.313441276550293,50.79665756225586,59bb32de-d207-490e-b392-b772e35ec9de
ba9bd50d-07ea-44e7-917d-e81ea2f8e0ba,BE,BE-VLG,locality,,land,Terhagen,,True,True,4.385186672210693,51.07492446899414,4.410212993621826,51.09004592895508,b00f6c97-aa98-4ab8-bbd2-09aa5a811e17
7edab110-82c0-490e-bc22-a60d5ec2b011,BE,BE-WAL,locality,,land,Frasnes-lez-Buissenal,,True,True,3.5843677520751953,50.65718078613281,3.674433946609497,50.71220779418945,bead6aa1-a03e-420e-90ef-7dc90e949220
4d184e5c-9331-44bb-99ce-55018a2b2383,BE,BE-VLG,locality,,land,Tollembeek,"[[""ru"", ""Толлембек""]]",True,True,3.943378448486328,50.719032287597656,4.0363969802856445,50.76675033569336,2948442b-2968-457a-9d30-cb4e852f1144
1c48b9b9-243f-4231-9ba1-e9331a83841a,BE,BE-VLG,locality,,land,Malderen,"[[""ru"", ""Малдерен""]]",True,True,4.221181869506836,51.00587844848633,4.283450603485107,51.04319381713867,0691133b-ce68-477e-8408-a05d6b7791a9
e5706a2e-1e99-48aa-9682-f2ced281bdab,BE,BE-VLG,locality,,land,Betekom,"[[""ru"", ""Бетеком""]]",True,True,4.756536960601807,50.97800827026367,4.811875820159912,51.01416015625,99ce02d3-373f-4225-baec-0b5b14df7115
077dcbec-b9ce-4db9-a889-b37b7214cf2a,BE,BE-BRU,microhood,,land,Place Poelaert - Poelaertplein,"[[""fr"", ""Place Poelaert""], [""nl"", ""Poelaertplein""]]",True,True,4.351503849029541,50.83681869506836,4.353570461273193,50.83845138549805,e7310975-6ac7-4176-b96e-2c2dbda287e6
539e7eb6-0f32-4d5d-afab-3ecd5fd31df6,BE,BE-VLG,microhood,,land,Markgrave,,True,True,4.394851207733154,51.192710876464844,4.4120965003967285,51.204490661621094,852908e9-197d-417f-8f17-aaf033358da2
ef3c3f5f-cf3a-4e03-9bcf-75882b65f9a0,BE,BE-VLG,locality,,land,Ressegem,,True,True,3.894848585128784,50.87885665893555,3.9261021614074707,50.906890869140625,cb1e72e8-9d59-4faa-9613-c2708516a813
97fcd77e-af66-4db7-abe2-02041b0ac997,BE,BE-VLG,locality,,land,Boortmeerbeek,"[[""nl"", ""Boortmeerbeek""], [""ru"", ""Бортмербек""]]",True,True,4.512359142303467,50.95821762084961,4.6128740310668945,51.00346374511719,7e19c833-87a7-4b3c-aa71-426897c24afe
3f57a85f-4735-495c-ab12-91476ae82adb,BE,BE-VLG,locality,,land,Landegem,,True,True,3.5486042499542236,51.03786087036133,3.6126675605773926,51.07121276855469,3a241199-3e12-4d6c-8118-366118f1dcf1
0d5c7f27-abba-46b1-9acb-6c7811a6bc16,BE,BE-VLG,neighborhood,,land,Pulhof,,True,True,4.416331768035889,51.17780685424805,4.433084011077881,51.190853118896484,e8e8a57a-c4b2-4efd-b65e-9d5340dbdb60
d4a64a58-70f6-4945-a6b7-1599c19d8957,BE,BE-VLG,locality,,land,Sint-Antelinks,"[[""ru"", ""Синт-Антелинкс""]]",True,True,3.912421226501465,50.83871841430664,3.9490814208984375,50.86422348022461,00997a22-4902-46f8-bed8-116282a59512
d2e17f82-70be-4399-9682-83fd5ce2f425,BE,BE-VLG,localadmin,,land,Dendermonde,"[[""ar"", ""دَندَرمُند""], [""fr"", ""Termonde""], [""uk"", ""Дендермонде""], [""tt"", ""Дендермонде""], [""el"", ""Ντεντερμόντε""], [""la"", ""Teneramonda""], [""nl"", ""Dendermonde""], [""bg"", ""Дендермонде""], [""ko"", ""덴데르몬더""], [""ru"", ""Дендермонде""], [""arz"", ""داندرموند""], [""sr-Cyrl"", ""Дендермонде""], [""zh-Hant"", ""登德爾蒙德""], [""he"", ""דנדרמונדה""], [""tok"", ""ma tomo Tentemonte""], [""be"", ""Дэндэрмондэ""], [""ja"", ""デンデルモンデ""], [""lt"", ""Dendermondė""], [""fa"", ""داندرموند""]]",True,True,3.82068133354187,50.95121383666992,4.241122722625732,51.14628601074219,710fd2c6-6c3a-425e-a1e8-6ce6b6157ab8
cecf0cb5-4ea2-4ef1-b9ed-e1f7a6e26fc3,BE,BE-VLG,locality,,land,Oelegem,"[[""ru"", ""Улегем""]]",True,True,4.553860664367676,51.199859619140625,4.643867015838623,51.23611068725586,7f0b6866-9f18-42a1-9cb9-5c4da9c11e23
d0b5bdf6-fbd0-4cfb-9493-be3b394f1647,BE,BE-VLG,locality,,land,Sint-Martens-Leerne,,True,True,3.5699119567871094,51.00934982299805,3.611025094985962,51.03028106689453,26aa3bc0-ce03-4855-88d7-d3e0b8bb9cec
d27db249-d953-4518-a7aa-87d13c6f160f,BE,BE-VLG,microhood,,land,Kiel,,True,True,4.36928129196167,51.179481506347656,4.390707492828369,51.19499588012695,6d23952d-b06d-4389-856b-08061d899635
6fbf16ce-bbe0-49f1-bc25-ad8ae11adfa9,BE,BE-VLG,locality,,land,Vremde,,True,True,4.507723331451416,51.162574768066406,4.565167427062988,51.19050598144531,f1d5e665-71bf-419d-91c0-84313dcd0edf
02600be4-4bf7-4d0f-8139-8cad5a3ccc9c,BE,BE-VLG,locality,,land,Asse,"[[""nl"", ""Asse""], [""ru"", ""Ассе""], [""la"", ""Asca""]]",True,True,4.138975620269775,50.873435974121094,4.300937652587891,50.94446563720703,0a8f7e40-1edf-4e7a-bb79-6be253fdcacd
12dbd167-7863-4dc5-bde5-9c7914b908be,BE,BE-VLG,locality,,land,Strijtem,,True,True,4.09727668762207,50.82976150512695,4.137289524078369,50.8484992980957,bd2c725b-6fc5-48a2-a3db-f0a0c97f1655
68fdc045-f2e4-445a-bad2-609b1db376e9,BE,BE-VLG,locality,,land,Vossem,"[[""ru"", ""Воссем""]]",True,True,4.541135787963867,50.816532135009766,4.584393501281738,50.853370666503906,49ef1690-ca27-49f8-a444-2b0d4a7746df
eb6ef379-9bc1-4db6-9d92-0d89182180b0,BE,BE-BRU,microhood,,land,Place Saint-Lambert - Sint-Lambertusplein,"[[""fr"", ""Place Saint-Lambert""], [""nl"", ""Sint-Lambertusplein""]]",True,True,4.4350385665893555,50.840816497802734,4.436005115509033,50.841835021972656,fa42c1d8-e1e7-45be-9260-bf93b8b84775
8068a822-408b-4bfd-8463-427fb1858e18,BE,BE-VLG,microhood,,land,Sint-Rafaelplein,,True,True,4.693325042724609,50.87828826904297,4.6935858726501465,50.87864685058594,77a2eee9-25cb-4cf1-9568-ef8e4f492a42
89cade50-8e0d-4acb-8077-d6a6ca173479,BE,BE-BRU,microhood,,land,Square du Bastion - Bolwerksquare,"[[""fr"", ""Square du Bastion""], [""nl"", ""Bolwerksquare""]]",True,True,4.361963748931885,50.83802032470703,4.362824440002441,50.838645935058594,05f97c34-5dd8-4108-b20a-2625eb43b6e2
6d7a8a44-32f7-47f2-b6c2-ee937d8552ac,BE,BE-WAL,locality,,land,Huppaye,,True,True,4.861871242523193,50.676536560058594,4.918452262878418,50.70382308959961,2e0d24a5-918b-4bed-9320-add83f681fcf
abdc12d4-6a16-4d7b-bd62-06c877e47447,BE,BE-VLG,microhood,,land,Phil Bosmansplein,,True,True,4.472379207611084,51.127479553222656,4.472788333892822,51.128047943115234,437a914c-56d6-44f4-a1a7-7e17c4ba188f
f15c607d-7787-4b00-8e3e-a9f686c3a38c,BE,BE-BRU,neighborhood,,land,Marolles - Marollen,"[[""fr"", ""Marolles""], [""nl"", ""Marollen""], [""eo"", ""Maroloj""]]",True,True,4.341420650482178,50.833168029785156,4.354740619659424,50.842464447021484,5776245c-905c-4533-9bd5-c1c81cff7ebf
4c2ecf01-88ca-4bb2-b9b8-b70b3193dc3a,BE,BE-WAL,locality,,land,Limal,"[[""fr"", ""Limal""], [""wa"", ""Nîmal""]]",True,True,4.529689788818359,50.6827278137207,4.614749431610107,50.72393035888672,6eaccebe-81b3-4b01-a8f1-345a30161a56
0b2b4b9a-d4f1-4818-8e7f-4492bb2df9dd,BE,BE-BRU,microhood,,land,Place Émile Vandervelde - Émile Vanderveldeplein,"[[""en"", ""Emile Vandervelde Square""], [""fr"", ""Place Émile Vandervelde""], [""nl"", ""Émile Vanderveldeplein""]]",True,True,4.352609157562256,50.84128189086914,4.353050231933594,50.84159851074219,7e144779-d832-42cc-8e2a-73a12b075287
0f50a622-cab8-4fea-ac4b-1674ed38358e,BE,BE-VLG,locality,,land,Galmaarden,"[[""fr"", ""Gammerages""], [""nl"", ""Galmaarden""], [""ru"", ""Галмарден""]]",True,True,3.9310355186462402,50.73481750488281,3.986239433288574,50.77973175048828,3ff21983-efb4-4040-89f3-15e7ac2499b3
f27e26cc-a096-4d6d-87b7-0d2215bc54c6,BE,BE-VLG,locality,,land,Woubrechtegem,,True,True,3.8949131965637207,50.859703063964844,3.944873094558716,50.88150405883789,6105394e-9006-4f58-9c10-0cc825c83cb6
12382b65-60f0-4e0e-968d-de2c78215117,BE,BE-VLG,neighborhood,,land,Breendonk (Willebroek),,True,True,4.330005168914795,51.040931701660156,4.352887153625488,51.05852508544922,d58011ab-d14d-4c47-a394-f3c806bcff91
7319a114-b69b-4ef7-85c3-54a7b7603874,BE,BE-VLG,locality,,land,Schelle,"[[""nl"", ""Schelle""], [""ru"", ""Схелле""]]",True,True,4.30656623840332,51.11269760131836,4.376626491546631,51.13472366333008,6a561a78-2cd6-4526-ae42-5c8124f9e400
c3ba860e-7f74-4f4f-af5c-375ea7b43526,BE,BE-VLG,locality,,land,Viane,,True,True,3.8925437927246094,50.727561950683594,3.954225540161133,50.749755859375,ddcb3e08-9815-4a82-9f6e-273f18aaa864
8011484f-d613-4b54-91aa-7506d87dbdb1,BE,BE-BRU,microhood,,land,Place Toone VII - Toone VII-plein,"[[""fr"", ""Place Toone VII""], [""nl"", ""Toone VII-plein""]]",True,True,4.35341215133667,50.847412109375,4.353697776794434,50.84758377075195,7f87d9ae-8456-4325-942d-7bdbaaaa91d6
0ea0d22a-4308-45e7-ac69-9f4fcb715db4,BE,BE-VLG,county,2,land,Oost-Vlaanderen,"[[""pcd"", ""Flande-Oryintale""], [""lb"", ""Provënz Ostflandern""], [""hr"", ""Istočna Flandrija""], [""ar"", ""فلاندر الشرقية""], [""fr"", ""Flandre-Orientale""], [""is"", ""Austur-Flæmingjaland""], [""lv"", ""Austrumflandrija""], [""eu"", ""Ekialdeko Flandria""], [""uk"", ""Східна Фландрія""], [""li"", ""Oos-Vlaondere""], [""br"", ""Reter-Flandrez""], [""pt"", ""Flandres Oriental""], [""cs"", ""Východní Flandry""], [""gl"", ""Provincia de Flandres oriental""], [""el"", ""Ανατολική Φλάνδρα""], [""it"", ""Provincia delle Fiandre Orientali""], [""ca"", ""Flandes Oriental""], [""os"", ""Скæсæн Фландри""], [""la"", ""Flandria Orientalis""], [""nl"", ""Oost-Vlaanderen""], [""bg"", ""Източна Фландрия""], [""ko"", ""오스트플란데런 주""], [""eo"", ""Orienta Flandrio""], [""oc"", ""Flandra Orientala""], [""et"", ""Ida-Flandria""], [""af"", ""Oos-Vlaandere""], [""de"", ""Ostflandern""], [""cy"", ""Dwyrain Fflandrys""], [""fy"", ""East-Flaanderen""], [""ru"", ""Восточная Фландрия""], [""th"", ""จังหวัดฟลานเดอร์ตะวันออก""], [""id"", ""Flandria Timur""], [""sv"", ""Östflandern""], [""tr"", ""Doğu Flandre""], [""da"", ""Østflandern""], [""en"", ""East Flanders""], [""sk"", ""Východné Flámsko""], [""es"", ""Provincia de Flandes Oriental""], [""mr"", ""पूर्व फ्लांडर्स""], [""an"", ""Flandres Oriental""], [""nn"", ""Aust-Flandern""], [""be"", ""Усходняя Фландрыя""], [""ja"", ""オースト＝フランデレン州""], [""fi"", ""Itä-Flanderi""], [""ro"", ""Flandra de Est""], [""lt"", ""Rytų Flandrijos provincija""], [""no"", ""Øst-Flandern""], [""fa"", ""استان فلاندری شرقی""], [""zh"", ""东弗兰德省""], [""ms"", ""Flanders Timur""], [""hu"", ""Kelet-Flandria""], [""pl"", ""Flandria Wschodnia""]]",True,True,3.3313114643096924,50.721012115478516,4.3569159507751465,51.353973388671875,cf25a533-78a9-4fbd-a7ac-6ac22226e797
e3f236aa-ce86-4ea2-88c5-14d6c2b9f625,BE,BE-VLG,locality,,land,Wespelaar,"[[""ru"", ""Веспелар""]]",True,True,4.603815078735352,50.94462585449219,4.6584296226501465,50.96833801269531,1db7091a-12dd-4f02-8113-4bbef98a2780
2b82b969-d2af-49f6-993b-2c444f2338e0,BE,BE-VLG,locality,,land,Edegem,"[[""nl"", ""Edegem""], [""ru"", ""Эдегем""], [""uk"", ""Едегем""]]",True,True,4.3969950675964355,51.14443588256836,4.463714122772217,51.1732177734375,bc100f06-d5cc-4965-a106-b0d84605fb64
847b4d2f-ff65-4c8b-b19b-3343b7101033,BE,BE-VLG,neighborhood,,land,Kronenburg,,True,True,4.442580699920654,51.2293701171875,4.4576826095581055,51.23728942871094,df45ad70-435e-455c-9cc6-b08d6f4ed4c8
447da8e4-85c9-4be3-8a8c-64518db2ed5c,BE,BE-VLG,locality,,land,Puurs-Sint-Amands,"[[""fr"", ""Puers-Saint-Amand""], [""nl"", ""Puurs-Sint-Amands""]]",True,True,4.186986923217773,51.026710510253906,4.360888957977295,51.10157012939453,88f84549-69ed-4dda-a3f5-ef5c4ca77281
c40e6627-18b7-44a7-9831-ab12c9537df0,BE,BE-VLG,locality,,land,Ninove,"[[""nl"", ""Ninove""], [""ru"", ""Нинове""], [""la"", ""Niniva""]]",True,True,3.918059825897217,50.77116775512695,4.075477123260498,50.87181854248047,ced718fd-9e11-4a92-baf8-046942ee7c27
8409ba29-145b-485a-8e24-85aa65eb07da,BE,BE-VLG,microhood,,land,Patershof,,True,True,3.99336314201355,51.10055160522461,3.9945719242095947,51.10230255126953,216d7ab0-0437-4bef-89f7-cfb5914e0ed9
ee9e32d2-c01e-4ca0-82a7-87da253ee4e8,BE,BE-VLG,locality,,land,Wechelderzande,"[[""ru"", ""Вехелдерзанде""]]",True,True,4.761310577392578,51.242530822753906,4.820417404174805,51.28824996948242,cbc00f85-5a3c-470d-b887-33b366ae4536
dc806934-d6f2-490e-b11e-9fdf3d7441d9,BE,BE-VLG,neighborhood,,land,Kriekenhof,,True,True,4.452630996704102,51.2002067565918,4.46105432510376,51.206912994384766,25dd9ac3-ce6c-42fc-9e9f-cc0543cd78cb
e4e5dfba-d595-4053-8508-ddeda7bf8985,BE,BE-VLG,microhood,,land,Casinoplein,,True,True,3.7119786739349365,51.05137634277344,3.713123321533203,51.05176544189453,f0174bb6-4356-4279-bd96-2f8650176448
9a0d5cb5-ab5f-4add-a6c2-a197d899dc41,BE,BE-VLG,microhood,,land,terras,,True,True,4.8683671951293945,51.31093978881836,4.868414878845215,51.31097412109375,fa249c77-6801-4840-bd00-7e3989d61388
e7f383b3-ee0e-4f36-ac8b-f418bde295c1,BE,BE-VLG,microhood,,land,Predikherenvelden,,True,True,4.384551048278809,51.10393142700195,4.3953351974487305,51.11184310913086,776c14a4-bd1d-4123-8d3f-4cb213ad8bfe
106db309-7a2e-4b8e-b68c-ba6b75c11e2a,BE,BE-VLG,locality,,land,Smeerebbe-Vloerzegem,,True,True,3.901520252227783,50.80380630493164,3.942535161972046,50.82856750488281,a3377170-43dc-47d5-8d7a-41ff01fb95fe
888b0273-506a-4e77-9249-06e71229aa99,BE,BE-BRU,microhood,,land,Place Dailly - Daillyplein,"[[""fr"", ""Place Dailly""], [""nl"", ""Daillyplein""]]",True,True,4.386905193328857,50.85166931152344,4.388914108276367,50.85298538208008,d6c97046-3512-4633-8e1d-17d01340f71a
77bdc67d-f64d-49b3-974d-4d4fd9f5089f,BE,BE-BRU,microhood,,land,Place Royale - Koningsplein,"[[""fr"", ""Place Royale""], [""nl"", ""Koningsplein""]]",True,True,4.3585309982299805,50.84166717529297,4.360428810119629,50.8429069519043,7f73e52d-b8b9-4558-855a-f7eb841187e9
5b0ae747-e2e2-46ff-bf88-e5fcab005a75,BE,BE-VLG,neighborhood,,land,Statiekwartier,,True,True,4.415223598480225,51.214111328125,4.425765037536621,51.219791412353516,92468e7e-7e60-4a3a-9506-812c063fbd62
4ade24eb-c4d7-4d5e-9fc3-886375fbe363,BE,BE-VLG,locality,,land,Lieferinge,,True,True,4.041687488555908,50.78410720825195,4.061625003814697,50.801185607910156,9b845328-d9dd-4214-9424-f393d2a31fd9
a01ee783-378d-4d30-ac64-87befa1c692b,BE,BE-BRU,microhood,,land,Place Salvador Allende - Salvador Allendeplein,"[[""fr"", ""Place Salvador Allende""], [""nl"", ""Salvador Allendeplein""]]",True,True,4.4094438552856445,50.87335968017578,4.409976005554199,50.87370681762695,6adfce30-4883-4e50-88c1-2ff125927f43
9984f4ce-b8ed-4888-b9fa-0931563c9e72,BE,BE-VLG,locality,,land,Berg,,True,True,4.51308536529541,50.91847610473633,4.559248924255371,50.970603942871094,3ee61404-6e2a-4453-8347-8992371f2050
942121a0-183f-4c33-b3ae-ea799fc52fdb,BE,BE-VLG,microhood,,land,Duinplak,,True,True,4.42685604095459,51.22195053100586,4.427680015563965,51.22220993041992,15b98754-ad1a-466a-a86a-f9deea620a33
ebee6d9f-58fa-466a-b2fb-cb5860569e26,BE,BE-VLG,locality,,land,Sint-Jan-in-Eremo,"[[""fr"", ""Saint-Jean-in-Eremo""], [""nl"", ""Sint-Jan-in-Eremo""]]",True,True,3.5341875553131104,51.23936080932617,3.6143898963928223,51.280399322509766,62e82e40-ecae-4113-82a7-5d2e38cd7fdd
6930a3d7-2c03-4540-b8e2-1f41a6cb8d14,BE,BE-BRU,microhood,,land,Place de l'Altitude Cent - Hoogte Honderdplein,"[[""fr"", ""Place de l'Altitude Cent""], [""nl"", ""Hoogte Honderdplein""]]",True,True,4.335965156555176,50.81610870361328,4.337584495544434,50.81715393066406,0df0ee9c-9241-4cc8-a2a9-a5eaeef2e12c
f919bb9d-2338-403c-b1e6-6af837f6b3f5,BE,BE-VLG,locality,,land,Beervelde,"[[""ru"", ""Бервелде""]]",True,True,3.8345398902893066,51.05020523071289,3.9232771396636963,51.09237289428711,a2feae9a-63aa-4fda-90e8-02243d88d56f
876e2535-96a9-4d19-ab61-5ab739aad6f1,BE,BE-BRU,neighborhood,,land,Quartier de la Digue - Dijkwijk,"[[""en"", ""Dyke Quarter""], [""fr"", ""Quartier de la Digue""], [""de"", ""Deichviertel""], [""nl"", ""Dijkwijk""]]",True,True,4.3136725425720215,50.82857894897461,4.319021701812744,50.831085205078125,f2a755e6-9121-437a-9d1f-6b27b73c3f2a
8f795e4a-1a51-47a8-a7f0-b01e8693f698,BE,BE-VLG,locality,,land,Steenhuize-Wijnhuize,,True,True,3.8494644165039062,50.821632385253906,3.92612886428833,50.85032653808594,b1239b2f-46e4-4722-bb98-eb85b5576056
e5d5a0ec-9e57-484a-9918-c5d8ae0b82b6,BE,BE-VLG,locality,,land,Zellik,"[[""la"", ""Setiliacum""]]",True,True,4.2405242919921875,50.873435974121094,4.300937652587891,50.90232467651367,aadb9c0a-f7df-4be8-9495-f3fabb4bd1db
ca381263-2f3f-43f9-aa94-a62db4e81beb,BE,BE-BRU,microhood,,land,Place du Jardin aux Fleurs - Bloemenhofplein,"[[""fr"", ""Place du Jardin aux Fleurs""], [""nl"", ""Bloemenhofplein""]]",True,True,4.343236446380615,50.84785842895508,4.343677520751953,50.84823226928711,ec46fd5e-8380-4086-991d-ea9e7eb70686
46ff32ee-add4-4236-b4cc-60c3c3bd357f,BE,BE-VLG,locality,,land,Massenhoven,,True,True,4.622377872467041,51.18505096435547,4.651854991912842,51.21360397338867,2eecd618-144c-4d6d-a481-ef6dd79413c4
15126c15-f1c5-483e-8432-f99c62d6d5b6,BE,BE-VLG,locality,,land,Hombeek,"[[""ru"", ""Хомбек""]]",True,True,4.389586925506592,50.995208740234375,4.456077575683594,51.02827835083008,f1446aef-c83c-41a2-9464-a22be5ae57d5
4e69e9a5-8c9a-4e35-a89c-5ea9a699410f,BE,BE-VLG,neighborhood,,land,Waterwijk,,True,True,3.7257254123687744,51.05810546875,3.7303946018218994,51.06076431274414,1d707937-3aaf-4594-b85c-0dc8e53502f7
2e758f16-e683-4bb0-a3b6-7dbda49fbbe2,BE,BE-VLG,locality,,land,Sint-Kornelis-Horebeke,"[[""fr"", ""Hoorebeke-Saint-Corneille""], [""nl"", ""Sint-Kornelis-Horebeke""]]",True,True,3.685124397277832,50.80992889404297,3.716052770614624,50.840415954589844,86ee20a1-f89f-4d56-b594-df6a3a3da9c1
46fae30a-70e8-42c2-9aaf-8025ea9900c4,BE,BE-BRU,macrohood,,land,Pentagone - Vijfhoek,"[[""en"", ""Pentagon""], [""fr"", ""Pentagone""], [""nl"", ""Vijfhoek""]]",True,True,4.338128089904785,50.833168029785156,4.369140148162842,50.85836410522461,0a63db06-c522-42de-bc27-5b089a4d8bd5
05c9b199-cfb1-4b44-9912-020411edc308,BE,BE-VLG,locality,,land,Sint-Pieters-Leeuw,"[[""fr"", ""Leeuw-Saint-Pierre""], [""la"", ""Ieus Sancti Petri""], [""nl"", ""Sint-Pieters-Leeuw""], [""ru"", ""Синт-Питерс-Леув""], [""wa"", ""Liyon-Sint-Pire""]]",True,True,4.173616409301758,50.74949264526367,4.313441276550293,50.827545166015625,5ff30595-9fc2-4f23-8de1-1dd9c0cd0678
f836a4c7-20ed-4184-8b30-2e06470a945c,BE,BE-BRU,microhood,,land,Place des Étangs Noirs - Zwarte Vijversplein,"[[""fr"", ""Place des Étangs Noirs""], [""nl"", ""Zwarte Vijversplein""]]",True,True,4.331448554992676,50.85665512084961,4.3331828117370605,50.8573112487793,0dc28080-d891-4db1-aefc-9f86495c4f80
889e217f-e862-46b0-a91c-b90c2d87e7bc,BE,BE-VLG,microhood,,land,Michel Willemsplein,,True,True,4.374575614929199,51.180362701416016,4.375853061676025,51.181190490722656,bc96a888-f7ee-4fa6-ac9e-4866d1a76518
5f142a72-bc65-46c6-b802-bf0c6f066c65,BE,BE-VLG,locality,,land,Kerksken,,True,True,3.961887836456299,50.8741569519043,4.004978656768799,50.89482498168945,c62256a7-8be9-4183-ac09-3f2b297594b2
d1b6169f-1485-44c3-92fd-cf06b84b6329,BE,BE-VLG,locality,,land,Duffel,"[[""nl"", ""Duffel""], [""ru"", ""Дуффел""], [""la"", ""Dufflia""]]",True,True,4.464751243591309,51.072566986083984,4.575201988220215,51.11692810058594,5fb5b1a3-35a1-41bd-a6f0-60beaa9d660f
0405f93f-1023-44bf-9adf-f8fccd84ab5f,BE,BE-VLG,neighborhood,,land,Pupillensite,,True,True,4.037883758544922,50.93851089477539,4.0397629737854,50.940643310546875,29a18af3-7177-417b-84ee-2d968640e39e
5face1fa-284e-4bd4-8159-41c5d020f021,BE,BE-VLG,microhood,,land,Arconateplein,,True,True,4.188500881195068,50.799713134765625,4.1889967918396,50.800010681152344,3f7f3ef1-0326-46e3-bd65-34eb53c4a2ea
c3a84bb5-5d64-4b05-9896-c863b67eb956,BE,BE-VLG,locality,,land,Rupelmonde,"[[""ru"", ""Рюпелмонде""]]",True,True,4.279536724090576,51.12351608276367,4.3080058097839355,51.13486862182617,bf270068-49d6-4c94-8cbb-065ded0f5a44
dcaadd11-240d-4b75-bfcc-12988b048cf4,BE,BE-VLG,locality,,land,Morkhoven,,True,True,4.7856550216674805,51.10298156738281,4.833232879638672,51.12787628173828,051c0dee-f97f-4ad7-acbf-2a48e75bd2b1
ae584a34-eb5f-45ac-b016-2878ba1b805d,BE,BE-VLG,locality,,land,Strijpen,,True,True,3.7606732845306396,50.8585090637207,3.8174405097961426,50.88070297241211,f3f975e5-6661-4df0-b0ec-1b7655c75820
d7f72e45-5ee3-4deb-abc1-718a72738ec6,BE,BE-VLG,microhood,,land,Aardappelmarkt,,True,True,4.700923919677734,50.88279724121094,4.702020645141602,50.883338928222656,fe49e0c4-39d1-4729-aec9-73a8d96b27e1
39f13764-a09a-4a72-836d-8612fc80ca16,BE,BE-VLG,locality,,land,Oud-Heverlee,"[[""fr"", ""Vieux-Héverlé""], [""la"", ""Vetus Heverlea""], [""nl"", ""Oud-Heverlee""], [""ru"", ""Ауд-Хеверле""], [""wa"", ""Vî-Heverlee""]]",True,True,4.632111072540283,50.79085922241211,4.74659538269043,50.852237701416016,394cc1e5-1a6d-40a8-acb4-c66673a00d9e
eae7e858-8f45-4073-ad99-770e807f09d6,BE,BE-VLG,microhood,,land,Hoboken-West,,True,True,4.33502197265625,51.16996765136719,4.347620487213135,51.188838958740234,20f685ba-15f9-4c27-a0e5-8e8fc1b6c32a
2635f54b-ce4a-4dc4-b9f6-8aad74db3c7f,BE,BE-VLG,locality,,land,Leuven,"[[""vls"", ""Leuvn""], [""lb"", ""Léiwen""], [""ar"", ""لوفان""], [""fr"", ""Louvain""], [""eu"", ""Lovaina""], [""uk"", ""Левен""], [""li"", ""Leuve""], [""ga"", ""Lováin""], [""pt"", ""Lovaina""], [""cs"", ""Lovaň""], [""el"", ""Λέουβεν""], [""it"", ""Lovanio""], [""ca"", ""Lovaina""], [""la"", ""Lovanium""], [""nl"", ""Leuven""], [""bg"", ""Льовен""], [""eo"", ""Loveno""], [""mk"", ""Левен""], [""de"", ""Löwen""], [""ur"", ""لوون""], [""ru"", ""Лёвен""], [""ml"", ""ലുവൻ""], [""sr-Latn"", ""Luven""], [""sr-Cyrl"", ""Левен""], [""en"", ""Leuven""], [""he"", ""לוון""], [""sk"", ""Leuven""], [""wa"", ""Vî-Lovén""], [""es"", ""Lovaina""], [""hi"", ""लोवेन""], [""ja"", ""ルーヴェン""], [""ro"", ""Louvain""], [""lt"", ""Leuvenas""], [""zh"", ""鲁汶""]]",True,True,4.640294551849365,50.82420349121094,4.770424842834473,50.94407653808594,6a1f1852-d606-45d2-81bd-650450aa5165
b29e84e7-f504-4351-bfcd-a72426f8e035,BE,BE-BRU,microhood,,land,Square Princesse Jean de Mérode - Prinses Jean de Mérodeplein,"[[""fr"", ""Square Princesse Jean de Mérode""], [""nl"", ""Prinses Jean de Mérodeplein""]]",True,True,4.399607181549072,50.838253021240234,4.400550365447998,50.83885192871094,100cdd12-f41a-43a0-9663-6cbed70c7cf4
47f5702d-d66b-4da5-b14d-c749d0990302,BE,BE-VLG,neighborhood,,land,Wijgmaal,,True,True,4.671172618865967,50.9200553894043,4.71353816986084,50.94407653808594,1f763727-04ae-4f8f-a70f-0a9c9aeb6e41
837e815c-cf1f-4bf4-98a0-84729e33e645,BE,BE-VLG,neighborhood,,land,De Zepten-Zilverbeek,,True,True,4.4299635887146,51.17669677734375,4.444399833679199,51.186031341552734,f7e5518a-6cd3-4c15-8eed-9aa6a6231042
398d8fe3-b388-422b-bf5f-1bd46ab1987d,BE,BE-BRU,microhood,,land,Place Elisa Michiels & Lambertine Bonjean - Elisa Michiels- & Lambertine Bonjeanplein,"[[""fr"", ""Place Elisa Michiels & Lambertine Bonjean""], [""nl"", ""Elisa Michiels- & Lambertine Bonjeanplein""]]",True,True,4.341059684753418,50.83659744262695,4.341335296630859,50.83700942993164,55252058-3777-4783-9dd0-631349831fea
cea6d428-4bf7-4c92-a71c-f137d196c3ce,BE,BE-VLG,locality,,land,Puurs,"[[""fr"", ""Puers""], [""nl"", ""Puurs""], [""ru"", ""Пюрс""]]",True,True,4.249250411987305,51.05294418334961,4.325068473815918,51.09218978881836,27c302ae-5be5-4364-9bc1-cd3df0656d94
5ae208be-6832-4e70-a5b4-b570be036174,BE,BE-VLG,locality,,land,Heldergem,"[[""ru"", ""Хелдергем""]]",True,True,3.9371016025543213,50.860042572021484,3.9735395908355713,50.88969039916992,2bdf67c1-1e16-4b58-ae54-f906ce8f7d4f
b3079250-787a-4421-aae4-bc1a750e6090,BE,BE-BRU,microhood,,land,Place de la Musique - Muziekplein,"[[""fr"", ""Place de la Musique""], [""nl"", ""Muziekplein""]]",True,True,4.348728179931641,50.864864349365234,4.349842071533203,50.86552047729492,89b32bc1-f440-4b1b-b8f4-ffb756a0f78b
d39e184a-9ff1-48f9-b6fd-d7d217849354,BE,BE-BRU,microhood,,land,Place Fontainas - Fontainasplein,"[[""fr"", ""Place Fontainas""], [""nl"", ""Fontainasplein""]]",True,True,4.345804691314697,50.84486389160156,4.346973896026611,50.84562683105469,339b97ab-0dff-4a27-8e1e-2bf3083e4cb9
b0fc34c2-4b4b-417a-a9fe-a9eced064017,BE,BE-VLG,microhood,,land,Kerkplein,,True,True,4.370296478271484,50.93305206298828,4.371013164520264,50.93354034423828,7b0dae3d-d51f-43d0-a1de-79916b2a8693
4fd19a94-73f4-496d-920b-fd75c7c400d6,BE,BE-VLG,locality,,land,Herdersem,,True,True,4.048662185668945,50.95671463012695,4.09337043762207,50.99007797241211,cfe027d3-cffc-4659-8f0d-95be18045575
e503dcd2-8fce-4d0a-a125-b6f4036e2e75,BE,BE-WAL,microhood,,land,Place du Vieux Marché,"[[""fr"", ""Place du Vieux Marché""], [""nl"", ""Oude Markt""]]",True,True,4.042953968048096,50.69493103027344,4.044159889221191,50.69536209106445,e0b79783-153c-4b54-8c4e-edcdd910e0b8
450fae74-2ae2-43dd-a3a5-a5f3409df903,BE,BE-WAL,microhood,,land,Place du Moulin de Loucsart,,True,True,4.650918960571289,50.73408508300781,4.6517157554626465,50.73454284667969,6e538c37-00ec-489e-a80c-ba388d4bb7bc
804e8742-73d2-490e-ba6d-4cdee44c2b63,BE,BE-VLG,microhood,,land,Lange Hagen,,True,True,4.657004356384277,50.860618591308594,4.657204627990723,50.86079025268555,6792b96d-7bc6-4762-9453-cf8d4d43bd6f
9d0072c8-cdb7-4a56-9b6b-b1f6bb193ea4,BE,BE-BRU,microhood,,land,Place de la Forêt Noire - Zwarte Woudplein,"[[""fr"", ""Place de la Forêt Noire""], [""nl"", ""Zwarte Woudplein""]]",True,True,4.4073872566223145,50.8640022277832,4.407942771911621,50.86460876464844,22693a47-ef9f-46cb-a8f5-451ef9034fc2
65705d02-4b62-40fd-a9e2-fba23f2c25d2,BE,BE-VLG,microhood,,land,Burgemeester Willem Servranckx-Plein,,True,True,4.448208808898926,50.869815826416016,4.448486804962158,50.8699951171875,d0114a58-4de8-489a-8ce1-58e286c1b60f
4261eaa4-741d-4591-9ed1-f60d6d428e48,BE,BE-VLG,locality,,land,Schoonaarde,,True,True,3.99665904045105,50.985111236572266,4.03912353515625,51.01213836669922,cc4ea370-e88f-499d-a688-9decb0969342
612b4f12-7ee4-4cbb-881f-e505e71d23a8,BE,BE-VLG,microhood,,land,Ekeren-Centrum,,True,True,4.412193775177002,51.27373504638672,4.435166835784912,51.28775405883789,9ec73b1f-9296-4b4e-92b3-0a71db5c32db
b62391f8-55b2-4109-8436-441878ab8ebb,BE,BE-VLG,locality,,land,Vertrijk,,True,True,4.796029567718506,50.81523513793945,4.851749420166016,50.85234069824219,b3819b5c-9b58-420c-980c-33b4d3e2613d
9aacfdec-1cc4-46ab-977e-017c6daf52a4,BE,BE-VLG,locality,,land,Bouwel,"[[""ru"", ""Баувел""]]",True,True,4.7094502449035645,51.14951705932617,4.764352798461914,51.17418670654297,929e7e79-9757-40f9-a79d-289cc566b23f
928389d0-683b-406e-9e05-99abbcf43ab9,BE,BE-VLG,locality,,land,Schepdaal,"[[""fr"", ""Schepdael""], [""nl"", ""Schepdaal""], [""ru"", ""Схепдал""]]",True,True,4.166008472442627,50.81467056274414,4.224464416503906,50.8583869934082,9f337e5b-8ac8-4383-939f-72759d9f220e
34c8968f-7618-461d-8a30-05172abbf664,BE,BE-VLG,microhood,,land,Quinten Metsysplein,,True,True,4.711970329284668,50.876380920410156,4.712745666503906,50.87681579589844,5b494c02-d8d8-4c98-8bd1-a1bc40319bf7
ccb5c34f-de32-4124-b92b-0d73eb247c73,BE,BE-VLG,locality,,land,Brakel,"[[""fr"", ""Bracle""], [""nl"", ""Brakel""], [""ru"", ""Бракел""]]",True,True,3.699171304702759,50.74742889404297,3.8199150562286377,50.8472785949707,ab35ff5d-729d-4237-b56e-b141a0db4e89
23a5915d-ab83-44a5-8644-a94c2533779e,BE,BE-VLG,locality,,land,Deurne,"[[""la"", ""Turninum""]]",True,True,4.441697597503662,51.18442916870117,4.497969150543213,51.2386360168457,b23ac439-89ba-4fbe-a3a7-8b79c8607d9c
d2632743-33d7-479f-95db-3157cf6457b7,BE,BE-BRU,microhood,,land,Porte du Rivage - Oeverpoort,"[[""fr"", ""Porte du Rivage""], [""nl"", ""Oeverpoort""]]",True,True,4.346873760223389,50.85538101196289,4.34761905670166,50.85584259033203,05e4be62-3243-4d56-802f-0f66ba805f78
ffae9aec-88a8-464b-b8fd-baef0fd59806,BE,BE-VLG,locality,,land,Afsnee,"[[""nl"", ""Afsnee""], [""vls"", ""Ofsnee""], [""ru"", ""Афсне""]]",True,True,3.6449286937713623,51.01854705810547,3.670860767364502,51.04158020019531,9de54010-5929-461e-b26d-85a1df8135e9
f88851ba-14fb-438b-b3db-c7c3b4dddc5b,BE,BE-BRU,neighborhood,,land,Floréal,,True,True,4.417366981506348,50.8073844909668,4.425058841705322,50.81098937988281,88246412-3913-47ee-a3d2-b674d835f9d0
e0ff1709-45d4-4606-8a12-2417692e0fe7,BE,BE-WAL,locality,,land,Dion-le-Val,,True,True,4.6401190757751465,50.70452117919922,4.673960208892822,50.72349166870117,49b69bbf-c8c2-473d-a0d7-feda259b0596
89ebf28d-a700-429e-811b-3546256ec144,BE,BE-VLG,locality,,land,Sint-Amands,"[[""fr"", ""Saint-Amand""], [""ru"", ""Синт-Амандс""], [""nl"", ""Sint-Amands""]]",True,True,4.186986923217773,51.03171157836914,4.235337734222412,51.06095504760742,79a04732-783b-4f76-aa08-13a66802693a
fd7ef0a5-66a9-489c-b83f-88762713c75d,BE,BE-VLG,locality,,land,Oudenaarde,"[[""vls"", ""Oudenoarde""], [""fr"", ""Audenarde""], [""el"", ""Οντενάρντ""], [""la"", ""Aldenarda""], [""nl"", ""Oudenaarde""], [""ru"", ""Ауденарде""]]",True,True,3.540881872177124,50.790000915527344,3.6976866722106934,50.903892517089844,0ea567f3-e2e5-4e9a-9aca-18ddcbfd0852
70b417e8-97ba-4015-82e4-0ea5503f85ba,BE,BE-BRU,neighborhood,,land,Quartier Midi-Lemonnier - Zuid-Lemonnierwijk,"[[""fr"", ""Quartier Midi-Lemonnier""], [""nl"", ""Zuid-Lemonnierwijk""]]",True,True,4.339250087738037,50.83871841430664,4.351681232452393,50.8470458984375,cb177b02-4f98-4ca4-917d-0791e0176ae4
5e27cacb-f120-4008-8a5b-6a3ead21e601,BE,BE-VLG,locality,,land,Dworp,"[[""fr"", ""Tourneppe""], [""nl"", ""Dworp""], [""la"", ""Thornapa""], [""ru"", ""Дворп""]]",True,True,4.271737098693848,50.713409423828125,4.321664810180664,50.75499725341797,4090dc7e-f2d7-4627-b9e1-ab15234f0640
51a66b93-eb15-4c62-9320-c181edb842c0,BE,BE-VLG,locality,,land,Kobbegem,"[[""fr"", ""Kobbeghem""], [""nl"", ""Kobbegem""]]",True,True,4.236688137054443,50.89357376098633,4.270738124847412,50.91873550415039,6f1651fa-6eb4-48a9-9317-783a53cb9429
8dc27a1f-20af-4bd6-ac19-3733a13b1679,BE,BE-VLG,localadmin,,land,Aalst,"[[""hy"", ""Աալստ""], [""vls"", ""Oalst""], [""fr"", ""Alost""], [""lv"", ""Ālsta""], [""uk"", ""Алст""], [""li"", ""Aals""], [""tt"", ""Алст""], [""el"", ""Άαλστ""], [""la"", ""Alostum""], [""nl"", ""Aalst""], [""bg"", ""Алст""], [""ko"", ""알스트""], [""ru"", ""Алст""], [""zea"", ""Aelst""], [""sr-Cyrl"", ""Алст""], [""az"", ""Alst""], [""wa"", ""Åch""], [""es"", ""Alost""], [""be"", ""Алст""], [""ja"", ""アールスト""], [""lt"", ""Alstas""], [""wuu"", ""阿尔斯特""], [""zh"", ""奥斯特""]]",True,True,3.746828317642212,50.727561950683594,4.163432598114014,50.99483108520508,de689f48-9dc4-43f9-9821-f17bf0cbd057
a561d776-e154-4c12-a83d-816b431cd883,BE,BE-VLG,locality,,land,Zele,"[[""uk"", ""Зеле""], [""fr"", ""Selles""], [""ru"", ""Зеле""]]",True,True,3.971820116043091,51.032108306884766,4.092523574829102,51.10236358642578,3165c3a9-ec6c-4ed8-877e-39ce4b140c07
ce763bd9-79c9-43ec-9b2e-50512390689b,BE,BE-VLG,locality,,land,Machelen,"[[""nl"", ""Machelen""], [""ru"", ""Махелен""]]",True,True,4.415719032287598,50.878780364990234,4.469729900360107,50.9243049621582,c4deaa19-26cb-4215-a2b3-f42ceabebcca
706cdcb5-c92f-499b-95cc-04799836ab64,BE,BE-VLG,locality,,land,Wetteren,"[[""nl"", ""Wetteren""], [""ru"", ""Веттерен""]]",True,True,3.82068133354187,50.95121383666992,3.923201084136963,51.028343200683594,04ff0376-0b9d-4e92-8816-d710a177f465
a295ba54-5fe5-4ad4-9522-b2f1080a1d57,BE,BE-BRU,microhood,,land,Place Saint-Jean - Sint-Jansplein,"[[""fr"", ""Place Saint-Jean""], [""nl"", ""Sint-Jansplein""]]",True,True,4.352564334869385,50.84421920776367,4.353638172149658,50.8449592590332,56c7360a-171f-4351-a20b-7c927c312f1e
4f16b5da-47c0-494b-8b82-a0565f5ce672,BE,BE-VLG,microhood,,land,Harmonie,,True,True,4.402639389038086,51.19757843017578,4.415045738220215,51.2110595703125,eca997ff-f544-40e5-877b-5106f24d39a7
24f5b77c-387d-469f-a49a-f09023cf8703,BE,BE-BRU,microhood,,land,Place du Cheval Noir - Zwart Paardplein,"[[""fr"", ""Place du Cheval Noir""], [""nl"", ""Zwart Paardplein""]]",True,True,4.338540077209473,50.852394104003906,4.339072227478027,50.85297393798828,a09860cb-320f-4fea-87fc-7bb8ac1f2d0a
6a4fb503-2065-415f-8adf-43739aec02df,BE,BE-VLG,microhood,,land,Dorpsplein,,True,True,4.471825122833252,50.76813888549805,4.472826957702637,50.76847457885742,154e33e6-0e1a-40c5-b4d9-bea8f49154df
f19e598d-5dbe-4e9d-a3f1-015ec7c48da4,BE,BE-VLG,locality,,land,Melsele,"[[""ru"", ""Мелселе""]]",True,True,4.256994247436523,51.177001953125,4.3196539878845215,51.25165557861328,8677b792-6964-4be8-8e71-69dce4215ee3
97f0f768-8486-4135-b656-16323e07301c,BE,BE-VLG,locality,,land,Mullem,,True,True,3.5817160606384277,50.87818908691406,3.6316819190979004,50.903892517089844,0fc96cd6-70ec-4ab7-8b6b-d1bfc08c17b0
2ca3ffc3-a18d-4db9-bb44-ec3f36cd23d2,BE,BE-VLG,locality,,land,Sterrebeek,"[[""ru"", ""Стерребек""]]",True,True,4.462989330291748,50.83429718017578,4.536389350891113,50.87311553955078,ba9001e8-fbe1-42cd-9630-f6617652baf3
c741cea3-e0e8-49c8-9575-a507e44aceb9,BE,BE-BRU,microhood,,land,Place de l'Ouest - Westplaats,"[[""fr"", ""Place de l'Ouest""], [""nl"", ""Westplaats""]]",True,True,4.325318336486816,50.85414123535156,4.325951099395752,50.85502624511719,ae4aa03f-acc1-4ecb-8ac5-9275789d1aa9
17edb356-86b0-4459-82f4-1f6fb1b7428a,BE,BE-VLG,locality,,land,Kruibeke,"[[""ru"", ""Кройбеке""]]",True,True,4.250247001647949,51.153602600097656,4.329909801483154,51.198055267333984,fb136bab-8a64-42ef-a111-38b159ce931d
776370e6-e515-46a1-8ab9-ec8c29f0965b,BE,BE-VLG,locality,,land,Watervliet,,True,True,3.602846384048462,51.24901580810547,3.6869966983795166,51.297950744628906,a6a4fb94-d155-476f-9463-b540826ee930
77f6c596-329f-4ec4-ba17-89e83b29b243,BE,BE-VLG,locality,,land,Godveerdegem,,True,True,3.8138535022735596,50.847232818603516,3.8579115867614746,50.86775588989258,eabfcb8a-50fd-4596-9010-35397e8b0c77
095def5c-2199-483e-bd99-aa4fcdb0cfc7,BE,BE-VLG,microhood,,land,Sint Macharius / Sint Baafsdorp,,True,True,3.7344248294830322,51.04904556274414,3.740705966949463,51.05642318725586,37da6af8-13a9-477b-a2a6-215f818579bf
0babae2d-742d-4b9f-8b3a-dc4ff1df281a,BE,BE-VLG,locality,,land,Aaigem,,True,True,3.915679931640625,50.874122619628906,3.9642093181610107,50.91352081298828,1154fb9e-150c-4178-a219-4eb20070e4b6
c8ff2e84-7cf8-40fa-a24f-a4b73564d05f,BE,BE-BRU,microhood,,land,Place du Congrès - Congresplein,"[[""fr"", ""Place du Congrès""], [""nl"", ""Congresplein""]]",True,True,4.362977504730225,50.849571228027344,4.364373683929443,50.850521087646484,b91c0619-d53e-4864-aeaf-a1c75da57fb6
be4717db-f259-44aa-bb63-a7bb67fc677d,BE,BE-VLG,locality,,land,Vissenaken,"[[""ru"", ""Виссенакен""]]",True,True,4.8922014236450195,50.823577880859375,4.937068939208984,50.86432647705078,dcd1726c-5479-4f18-a773-b4f2373add66
3c842238-6dbf-449f-ab0c-2f5405a09b72,BE,BE-BRU,microhood,,land,Place de la Duchesse de Brabant - Hertogin van Brabantplaats,"[[""fr"", ""Place de la Duchesse de Brabant""], [""nl"", ""Hertogin van Brabantplaats""], [""bru"", ""Pièremet""]]",True,True,4.328557968139648,50.84897232055664,4.330245494842529,50.850074768066406,32cdeac2-8410-45e4-b3d2-1a45c57301a2
86177aee-b9df-4f78-a06f-9abf2f379f67,BE,BE-VLG,locality,,land,Sint-Katherina-Lombeek,"[[""fr"", ""Lombeek-Sainte-Catherine""], [""nl"", ""Sint-Katherina-Lombeek""]]",True,True,4.106110095977783,50.86314010620117,4.164610385894775,50.885772705078125,173d1a0d-a808-4f6a-9eb0-127f76b0ab2a
5c1c3060-fd18-4c89-b4e2-83c3703e57b5,BE,BE-VLG,locality,,land,Deftinge,,True,True,3.813215494155884,50.77472686767578,3.8729586601257324,50.804325103759766,87ff08e3-0420-4d5c-a5b0-0a27400f4727
5e856394-e67d-45c5-8323-8a127e55475e,BE,BE-WAL,microhood,,land,Place Jean Vanderbecken,,True,True,4.512637615203857,50.72040557861328,4.513671875,50.721046447753906,ea1717ae-fac8-4105-9f43-216ee69b78ca
f7c058a0-5f15-464e-af76-7c7de7ac9fea,BE,BE-VLG,microhood,,land,Werchterplein,,True,True,4.693282127380371,50.97002410888672,4.694466590881348,50.97127151489258,fe696047-855f-4e32-be8e-f867ac9b67f5
b2179662-467d-415c-b4bd-2488bc245cc9,BE,BE-BRU,microhood,,land,Place de la Reine Paola - Koningin Paolaplein,"[[""fr"", ""Place de la Reine Paola""], [""nl"", ""Koningin Paolaplein""]]",True,True,4.300013542175293,50.874813079833984,4.301116466522217,50.87533187866211,e26ac403-1711-46bf-9bac-bddf27aead52
3f936b0e-65a1-4a74-90f0-04f764599622,BE,BE-VLG,microhood,,land,Bolwerkplein,,True,True,4.4323577880859375,50.928428649902344,4.4333415031433105,50.9289665222168,cd6c3779-d9b1-4c0b-ab9b-bcbc82d73ab1
140110b2-1ac6-4f34-9742-48f713abdf8e,BE,BE-VLG,localadmin,,land,Gent,"[[""pcd"", ""Gand""], [""fr"", ""Gand""], [""la"", ""Gandavum""], [""nl"", ""Gent""], [""de"", ""Gent""], [""ur"", ""گینٹ""], [""ru"", ""Гент""], [""wa"", ""Gant""], [""pl"", ""Gandawa""]]",True,True,3.3313114643096924,50.89474105834961,3.9232771396636963,51.223018646240234,ea516ff1-5469-4e8d-b8ab-1c3cfcef3852
9d47d1f3-c67a-4325-b611-fe5a4371a199,BE,BE-VLG,microhood,,land,terras,,True,True,4.867696762084961,51.31028747558594,4.867795944213867,51.310325622558594,b76e19df-9a37-40dd-86ba-282cd38ebc27
011f6dc1-3b13-48f0-bf76-cb4cbd62c856,BE,BE-VLG,microhood,,land,'t Zand,,True,True,4.065450191497803,51.029396057128906,4.066625118255615,51.0298957824707,410633aa-879b-49c2-842b-e7da70b42b30
4d0ffc24-744b-4120-b04e-74c67be84253,BE,BE-VLG,locality,,land,Idegem,,True,True,3.912569761276245,50.79477310180664,3.949512243270874,50.81294631958008,72c5f1bf-72b9-4d4f-aac5-35f62f15000c
0e08f409-240d-4cbf-be2e-2a9727b6c8a6,BE,BE-BRU,microhood,,land,Square des Bruxellois - Brusselaarsplein,"[[""fr"", ""Square des Bruxellois""], [""nl"", ""Brusselaarsplein""]]",True,True,4.3221025466918945,50.873558044433594,4.323167324066162,50.87432861328125,8df37d6d-7e45-425b-9f76-22ef8828a34f
92dbe9b7-5ec6-4bfc-a374-2d5f2e9b08f6,BE,BE-BRU,microhood,,land,Place Caroline Pauwels - Caroline Pauwelsplein,"[[""en"", ""Caroline Pauwels Square""], [""fr"", ""Place Caroline Pauwels""], [""nl"", ""Caroline Pauwelsplein""]]",True,True,4.386293888092041,50.82176208496094,4.387386798858643,50.82251739501953,11a1905c-b095-4186-8f32-1ea36f835c7e
40bd2ab6-3342-418a-ae69-13c2d635e422,BE,BE-VLG,locality,,land,Zegelsem,"[[""ru"", ""Зегелсем""]]",True,True,3.699171304702759,50.7905387878418,3.7500154972076416,50.83676528930664,cf467fbf-d4ec-4e2f-868d-da86effe7647
6e797ee9-08f2-4bcf-a254-40a0b9330e28,BE,BE-BRU,microhood,,land,Square du Souverain - Vorstsquare,"[[""fr"", ""Square du Souverain""], [""nl"", ""Vorstsquare""]]",True,True,4.428946018218994,50.81966781616211,4.429474830627441,50.82001495361328,1dce9e17-2fb5-4d56-a494-d0e353e11a3a
62205493-803f-4c63-af1f-56eaee150cd8,BE,BE-VLG,locality,,land,Ternat,"[[""pcd"", ""Le Natte""], [""fr"", ""Ternat""], [""nl"", ""Ternat""], [""ru"", ""Тернат""], [""wa"", ""Li Nate""]]",True,True,4.106110095977783,50.840702056884766,4.206795692443848,50.88974380493164,6b61a0c1-2443-45c2-aa39-f4444c9d541e
d679787c-446f-45df-a52c-83e726c4a5c6,BE,BE-VLG,locality,,land,Onze-Lieve-Vrouw-Waver,"[[""fr"", ""Wavre-Notre-Dame""], [""nl"", ""Onze-Lieve-Vrouw-Waver""]]",True,True,4.5298075675964355,51.04043960571289,4.6088666915893555,51.081626892089844,be8d874e-8894-40aa-a529-1d47154b32e1
422633a9-57bd-4079-aaaa-06c66de6bd09,BE,BE-VLG,neighborhood,,land,Zwarte Arend,,True,True,4.479791164398193,51.219486236572266,4.491876125335693,51.226890563964844,5471808e-d206-4b0b-8481-d3fad68f7f5f
fa52cc51-daf6-40e4-a948-31fca75a5958,BE,BE-VLG,locality,,land,Denderhoutem,,True,True,3.9679038524627686,50.85852813720703,4.039929389953613,50.89754867553711,97012b6a-ac92-4d19-ae52-67619610444c
6a89510a-3ed0-4b2c-8ce6-f928a0a02333,BE,BE-VLG,locality,,land,Bonheiden,"[[""fr"", ""Bonheyden""], [""nl"", ""Bonheiden""], [""ru"", ""Бонхейден""]]",True,True,4.502818584442139,50.990142822265625,4.63470983505249,51.04690933227539,5531d6da-b279-4a92-999c-275415f5533c
13511b4c-d4ba-4232-98ce-7dd12360f653,BE,BE-VLG,locality,,land,Beerzel,"[[""ru"", ""Берзел""]]",True,True,4.642171382904053,51.04356384277344,4.689247131347656,51.08244705200195,ba036ae9-578d-40e2-9e14-44df11cfc637
96d9be33-e60c-461e-b5f7-38c9aa27b142,BE,BE-VLG,locality,,land,Hoboken,"[[""la"", ""Alto fageti""]]",True,True,4.327987194061279,51.15556335449219,4.378288745880127,51.19617462158203,ee4af63a-5d69-4bad-9df4-f128adc9fc70
aef8c129-f926-4c02-a857-5b3137b68345,BE,BE-VLG,locality,,land,Hillegem,,True,True,3.8377127647399902,50.882057189941406,3.8778693675994873,50.90556716918945,3d27cdb5-34a4-4cd9-98db-8df1640fec19
1e5db008-0b94-463f-a869-e48778e2518b,BE,BE-VLG,locality,,land,Buggenhout,"[[""nl"", ""Buggenhout""], [""ru"", ""Бюггенхаут""]]",True,True,4.15407657623291,50.982215881347656,4.241122722625732,51.0433235168457,84972395-2ff6-494c-a06c-7d47892967d5
124c1f50-5d1c-47a7-8dc7-d8e235dbbcf0,BE,BE-VLG,locality,,land,Welle,"[[""ru"", ""Велле""]]",True,True,4.031733989715576,50.882198333740234,4.071028232574463,50.91117477416992,b98245a6-3c0d-430f-9ea8-c0cd379e4ca9
b9efc7ac-c67d-416a-a89d-5fff1e8c2d70,BE,BE-VLG,locality,,land,Overmere,"[[""ru"", ""Овермере""]]",True,True,3.928217649459839,51.0267219543457,3.981091260910034,51.073944091796875,2f6bdcdb-6862-4da3-be49-4492cdca6b12
aea7892b-e8aa-434a-9dcf-8a2cefe0f75a,BE,BE-VLG,microhood,,land,Kodakplein,,True,True,4.3767991065979,50.906166076660156,4.37766170501709,50.9067497253418,27a67bd5-96f5-412a-8cd1-27c5df102653
20426e96-87d0-400b-8b3a-06c7066f0a14,BE,BE-VLG,locality,,land,Eppegem,"[[""ru"", ""Эппегем""]]",True,True,4.412530899047852,50.94652557373047,4.477531433105469,50.974857330322266,dd53a331-cc47-4c1e-888f-73a9665141dc
33e84aad-c2b1-4c42-b127-31dc31b110a2,BE,BE-VLG,microhood,,land,Historisch Centrum,,True,True,4.395351409912109,51.217533111572266,4.405280113220215,51.226295471191406,bf075f0c-a54c-4261-9c9d-b0472d212088
37bedbc5-f702-48b0-ba12-94ddf8431d4b,BE,BE-VLG,locality,,land,Berlaar,"[[""nl"", ""Berlaar""], [""ru"", ""Берлар""]]",True,True,4.605138778686523,51.075199127197266,4.70055627822876,51.135215759277344,8451d7f9-9f31-4172-8e5a-073138fc1420
2ac2d7e6-769c-4607-bf0f-46fcb5d0fbca,BE,BE-WAL,locality,,land,Tourinnes-la-Grosse,"[[""fr"", ""Tourinnes-la-Grosse""], [""nl"", ""Deurne""], [""wa"", ""El Grosse Tourene""]]",True,True,4.7314863204956055,50.73986053466797,4.784483909606934,50.807220458984375,d276fd17-de37-474e-998d-2d98173cb83b
14a51766-cd1f-4bcf-9448-7c8e75081f9e,BE,BE-WAL,microhood,,land,Place Gaston Baccus,,True,True,4.891500949859619,50.69274139404297,4.891917705535889,50.69296646118164,6c3ea6ba-6a6e-4d74-874e-7d05e0d7b716
034594b5-549c-4482-a3e3-7732f6f12d47,BE,BE-VLG,locality,,land,Onkerzele,,True,True,3.8799521923065186,50.76005935668945,3.9315454959869385,50.79753494262695,a9b6e63c-8087-4c11-b734-d09e1a0202b4
c4c7fa55-096f-4f43-b63b-0af37d5021b5,BE,BE-BRU,locality,,land,Watermael-Boitsfort - Watermaal-Bosvoorde,"[[""vls"", ""Woatermoal-Bosvôorde""], [""ar"", ""واترمال-بوافور""], [""fr"", ""Watermael-Boitsfort""], [""la"", ""Watermala et Bostfort""], [""nl"", ""Watermaal-Bosvoorde""], [""ru"", ""Ватермаль-Буафор""], [""wa"", ""Watermål-et-Bosfoirt""]]",True,True,4.392275333404541,50.77232360839844,4.470273494720459,50.815040588378906,a0e67bd7-e8d8-466d-9229-79989b5e6ce0
136cd43d-3f66-4453-83f3-36b06a92bc72,BE,BE-VLG,locality,,land,Merksem,"[[""ur"", ""میرکسم""]]",True,True,4.424670219421387,51.230167388916016,4.466238975524902,51.26826095581055,9d92ccd6-284c-4d31-a180-6097020a8784
6371143c-d194-4577-aed7-59d86addb8c1,BE,BE-BRU,microhood,,land,Square Atlas - Atlasplein,"[[""fr"", ""Square Atlas""], [""nl"", ""Atlasplein""]]",True,True,4.314418315887451,50.83893966674805,4.31524133682251,50.83948516845703,07c188c1-2607-4522-a02f-7f2249ceac46
059127a9-8d8f-4ec0-9b8a-a723fdec986b,BE,BE-BRU,microhood,,land,Place Clemenceau - Clemenceauplein,"[[""fr"", ""Place Clemenceau""], [""nl"", ""Clemenceauplein""]]",True,True,4.330265998840332,50.84037780761719,4.332060813903809,50.84154510498047,fc12e11d-0eb9-4f31-95f8-a26468f6ee48
fdad35e4-eda7-4466-b4cb-7d3f36f7cae5,BE,BE-BRU,microhood,,land,Place Marsupilami - Marsupilamiplein,"[[""fr"", ""Place Marsupilami""], [""nl"", ""Marsupilamiplein""]]",True,True,4.340802192687988,50.89017868041992,4.341787338256836,50.89069366455078,c1f5b291-2804-4b44-b5df-cf00f6b57622
70f14e9b-6eea-4858-a7fc-5d70c8293183,BE,BE-VLG,locality,,land,Beveren,"[[""nl"", ""Beveren""], [""lt"", ""Beverenas""], [""vls"", ""Bevern""], [""ru"", ""Беверен""]]",True,True,4.198033809661865,51.18830108642578,4.284424304962158,51.23731994628906,1d7f81ff-fedf-4b0b-a1c4-a247526ee6a4
2bdb06b8-8d4e-4c1c-a47e-19205863d2ba,BE,BE-VLG,locality,,land,Viersel,"[[""ru"", ""Вирсел""]]",True,True,4.626772880554199,51.175106048583984,4.670998573303223,51.205177307128906,707d9e74-6cc2-4618-a850-af918f6a5e5d
c6dc7ccd-796d-4aff-8058-6c1bf2cce049,BE,BE-VLG,microhood,,land,Petroleum-Zuid,,True,True,4.3460469245910645,51.18913650512695,4.3825578689575195,51.20355987548828,ec3dc1f3-0aa8-4aad-8a32-baf315d9ede7
53a4592a-f5de-4bf7-864c-2c16dba3358d,BE,BE-VLG,locality,,land,Sint-Lievens-Houtem,"[[""fr"", ""Hautem-Saint-Liévin""], [""nl"", ""Sint-Lievens-Houtem""], [""ru"", ""Синт-Ливенс-Хаутем""]]",True,True,3.823478937149048,50.902530670166016,3.937774658203125,50.954830169677734,180452b6-360f-4d2a-af87-c4566426f289
de369d4e-9ef5-411f-8670-b1340579682e,BE,BE-VLG,locality,,land,Vlierzele,,True,True,3.8821842670440674,50.917728424072266,3.937774658203125,50.953365325927734,3b9782bf-c2fd-4b2f-9ab3-06f7ee7d771d
586dede1-cb76-4919-ad37-b75fc6b1f7d0,BE,BE-VLG,locality,,land,Kallo,"[[""fr"", ""Calloo""], [""nl"", ""Kallo""]]",True,True,4.2122907638549805,51.23252868652344,4.3195013999938965,51.30022048950195,f59b98f5-f226-4259-a692-b2455573abf0
4e8777c5-19bf-414d-8977-6bb2d0e7a121,BE,BE-VLG,macrohood,,land,Wilrijk-Centrum,,True,True,4.384970664978027,51.16265106201172,4.412655353546143,51.173057556152344,ecf3f50e-5faa-467d-a6d6-72347877fe5a
c23de44b-6437-4f33-9236-ec7f29d53423,BE,BE-VLG,locality,,land,Appels,,True,True,4.039273738861084,51.01744842529297,4.074685573577881,51.042564392089844,228c8f6f-9232-4e63-8b6e-40368814475d
48c3478b-c2b9-4175-8ad9-3485d00b5a3c,BE,BE-BRU,locality,,land,Uccle - Ukkel,"[[""gcf"", ""Ik""], [""ar"", ""أوكل""], [""fr"", ""Uccle""], [""la"", ""Uccla""], [""nl"", ""Ukkel""], [""ru"", ""Юккел-Юкль""], [""wa"", ""Uke""]]",True,True,4.311798095703125,50.76367950439453,4.412613868713379,50.81694412231445,95c7c008-8b89-46e8-8a7b-0206939183c2
3f654061-68d6-4b78-957f-dd707d84d110,BE,BE-VLG,neighborhood,,land,Drie Leien,,True,True,3.660069465637207,51.035736083984375,3.6703193187713623,51.04428482055664,2c2554d5-dc48-4c8e-a0c4-13267f20702a
3a39b36b-2522-44ec-be0e-8d9748a27484,BE,BE-VLG,microhood,,land,Frans Van Hombeeckplein,,True,True,4.416590213775635,51.19459915161133,4.417749404907227,51.195274353027344,75705258-e2ff-4c4f-8b9e-7a7ed2bf07c3
92133870-6014-4763-8c48-4c49021093c9,BE,BE-VLG,locality,,land,Moorsel,"[[""ru"", ""Морсел""]]",True,True,4.0765461921691895,50.930572509765625,4.126021862030029,50.97408676147461,4445e2ba-37bf-44ed-a2f9-bda90a5cd6cb
fdedbc74-ea6c-4b22-9b64-991264235d77,BE,BE-WAL,locality,,land,Archennes,"[[""fr"", ""Archennes""], [""nl"", ""Eerken""]]",True,True,4.647176265716553,50.736534118652344,4.697794437408447,50.76173400878906,98737532-5ba6-480e-a27d-8ef1aaad95e3
dd9177bc-edda-4dd0-a668-d0dfcf81b491,BE,BE-VLG,neighborhood,,land,Diamant,,True,True,4.408846378326416,51.210201263427734,4.4224348068237305,51.21797561645508,62119025-1bdc-4a36-b227-fb345089f795
909e6531-8349-4852-8b30-b0a2f1bc7e0b,BE,BE-VLG,locality,,land,Moerbeke,"[[""fr"", ""Morbecque-Waes""], [""ru"", ""Мурбеке""]]",True,True,3.901733636856079,51.13671875,3.9986629486083984,51.22536849975586,19a5812d-f734-40c8-b9a4-a2b9c31aa6e3
e3a99730-8a48-4819-b1f5-bd1e772065a7,BE,BE-BRU,microhood,,land,Place du Nouveau Marché aux Grains - Nieuwe Graanmarkt,"[[""fr"", ""Place du Nouveau Marché aux Grains""], [""nl"", ""Nieuwe Graanmarkt""]]",True,True,4.344080924987793,50.85060501098633,4.345395565032959,50.85138702392578,aaeb16d7-2d8d-4915-8fbb-d9c0d5891b5d
20f9881a-ead8-497c-89d8-15d58cf4addb,BE,BE-BRU,neighborhood,,land,Square du Bois - Bossquare,"[[""fr"", ""Square du Bois""], [""nl"", ""Bossquare""]]",True,True,4.369246006011963,50.81415557861328,4.371761322021484,50.815372467041016,924dd40c-4242-43ee-989e-19b49afb0f72
6b147159-3a0e-43bb-9b60-9031edf1ed47,BE,BE-BRU,locality,,land,Etterbeek,"[[""ar"", ""إيتربيك""], [""fr"", ""Etterbeek""], [""la"", ""Iatrebecca""], [""nl"", ""Etterbeek""], [""ru"", ""Эттербек""], [""wa"", ""Eterbek""]]",True,True,4.378988265991211,50.82246398925781,4.412191867828369,50.84467697143555,2b2022bf-bf81-4732-8ee8-860a2bd975c3
24c0b661-e320-4b26-a249-2399aae560cb,BE,BE-BRU,microhood,,land,Square Jef Dillen - Jef Dillensquare,"[[""fr"", ""Square Jef Dillen""], [""nl"", ""Jef Dillensquare""]]",True,True,4.30739164352417,50.836185455322266,4.308090686798096,50.8365592956543,c8720924-80db-468c-9f26-16cfd2fead76
d9fb3219-c437-4bb6-9a43-f76ef8f2a27a,BE,BE-VLG,locality,,land,Borsbeek,"[[""nl"", ""Borsbeek""], [""ru"", ""Борсбек""]]",True,True,4.470019340515137,51.18056869506836,4.509054660797119,51.20384216308594,60e58e10-7a72-4393-8917-b21adbdf10ea
417b16e1-68b8-4924-ac42-dab9816bf923,BE,BE-VLG,microhood,,land,Lode Meeusplein,,True,True,4.302865982055664,51.003028869628906,4.303121089935303,51.00324249267578,fdd21d7b-6901-45e9-813c-11a96ac9ce96
0a0bab94-73cb-4969-bdc6-41fa3be70b67,BE,BE-BRU,microhood,,land,Place de la Petite Suisse - Klein-Zwitserlandplein,"[[""fr"", ""Place de la Petite Suisse""], [""nl"", ""Klein-Zwitserlandplein""]]",True,True,4.384423732757568,50.81749725341797,4.3860368728637695,50.81837463378906,f516ae9d-7fae-44e0-850a-0e820276c9e7
927b76ea-ad04-4e9e-83d3-2ab1833622ac,BE,BE-VLG,locality,,land,Ottergem,,True,True,3.9285311698913574,50.92350387573242,3.9579367637634277,50.94266891479492,17894cd1-7e5c-40bc-99dd-8151c428c236
e966e1c8-d272-407d-bed5-afe3737c80f5,BE,BE-VLG,locality,,land,Vrasene,"[[""ru"", ""Врасене""]]",True,True,4.152492523193359,51.19717788696289,4.224095821380615,51.243099212646484,3854fc1c-02e4-4fc8-a96c-66f19b07e171
b31912d3-2cea-41df-84e2-e3b270d6ce36,BE,BE-VLG,microhood,,land,Lambrechtshoeken,,True,True,4.426644325256348,51.24372100830078,4.438373565673828,51.26122283935547,257475ed-b9af-4195-bb85-ecebfc40e5e0
68673352-6c4f-4e07-a3f6-37635f51559f,BE,BE-BRU,locality,,land,Saint-Gilles - Sint-Gillis,"[[""gcf"", ""Senjil""], [""ar"", ""سان جيل""], [""fr"", ""Saint-Gilles""], [""la"", ""Sanctus Aegidius""], [""nl"", ""Sint-Gillis""], [""ru"", ""Сен-Жиль""], [""wa"", ""Sint-Djîle""]]",True,True,4.325901031494141,50.82056427001953,4.358548164367676,50.84022903442383,52f990e7-6c90-44ac-ab60-8964cf8dda4a
3a3ae839-8369-48af-8331-b8288cb1becc,BE,BE-VLG,locality,,land,Sint-Denijs-Westrem,"[[""nl"", ""Sint-Denijs-Westrem""], [""vls"", ""Sint-Denys-Westrem""], [""ru"", ""Синт-Денейс-Вестрем""]]",True,True,3.6497154235839844,51.00645446777344,3.70024037361145,51.03499984741211,4e115230-a8d0-4c8b-84d0-f5b97bdaaa22
fc1fa0c4-2db8-4c99-9743-a296103c8f38,BE,BE-VLG,locality,,land,Groot-Bijgaarden,"[[""fr"", ""Grand-Bigard""], [""nl"", ""Groot-Bijgaarden""]]",True,True,4.238463878631592,50.860652923583984,4.2886271476745605,50.88271713256836,107291cc-b323-4d9e-9ef6-88fc61884488
4ae35f72-4d83-479d-b128-2ec099a4e99e,BE,BE-BRU,microhood,,land,Rond-Point de l'Étoile - Sterreplein,"[[""fr"", ""Rond-Point de l'Étoile""], [""nl"", ""Sterreplein""]]",True,True,4.377342224121094,50.81620407104492,4.378559589385986,50.81702423095703,106862cb-1991-4710-9e8c-46c5ac2085aa
4a1ca415-4926-49f1-b98c-040801d06ac1,BE,BE-VLG,neighborhood,,land,Portus aan de Reep,,True,True,3.7250444889068604,51.05095291137695,3.7296457290649414,51.0539436340332,04593e89-48d7-418f-aaf1-cfd10e03a8dc
c8af6b72-b905-48cd-afc4-ff1d0410de65,BE,BE-VLG,locality,,land,Onze-Lieve-Vrouw-Lombeek,"[[""fr"", ""Lombeek-Notre-Dame""], [""nl"", ""Onze-Lieve-Vrouw-Lombeek""]]",True,True,4.087650299072266,50.81150817871094,4.12566614151001,50.83409118652344,1eeab199-e371-4fed-84e3-6e011e8eb6ad
5b4e773b-68d0-4013-a234-7eb8ac0f171d,BE,BE-VLG,microhood,,land,Schoonbroek,,True,True,4.404545783996582,51.27362823486328,4.417933464050293,51.28791427612305,500efedf-d076-4830-b9f6-902f7fa813a0
542aa827-8b43-46b7-bc75-c671a9faf114,BE,BE-VLG,microhood,,land,Malem,,True,True,3.6926708221435547,51.050235748291016,3.696309804916382,51.05533218383789,1258c5d6-3a2b-4304-bb59-5c2513749b79
798a24e3-fcad-4456-aae5-72f7233781d8,BE,BE-VLG,locality,,land,Rumst,"[[""nl"", ""Rumst""], [""ru"", ""Рюмст""], [""la"", ""Rumesta""]]",True,True,4.359368801116943,51.07158660888672,4.470722198486328,51.119083404541016,5568e90f-01be-47e5-a253-84f7abf8017a
14dcfa88-5112-4130-9f3e-aca31bfdc813,BE,BE-VLG,locality,,land,Herent,"[[""nl"", ""Herent""], [""ru"", ""Херент""]]",True,True,4.598504066467285,50.878448486328125,4.702491283416748,50.94651412963867,c4acbb27-4dc1-4006-b7a3-b1879f12ec50
a46318f7-322d-4652-9bd1-b560a1143a41,BE,BE-VLG,microhood,,land,Hortensia Sillisplein,,True,True,4.421952724456787,51.22700500488281,4.42263650894165,51.227508544921875,1e35cec3-dcd1-47ce-b34c-1405a00ec68d
ad0b60c5-5956-4ca3-8f16-367d53626a43,BE,BE-WAL,locality,,land,Bonlez,"[[""ru"", ""Бонле""]]",True,True,4.671254634857178,50.69207000732422,4.735729694366455,50.718772888183594,f9f170bf-6819-4fa1-9227-a2a77d78e413
4cefb8f5-f1df-4945-8d37-516c7fa4b5e4,BE,BE-VLG,locality,,land,Sint-Gillis-Waas,"[[""fr"", ""Saint-Gilles-Waes""], [""nl"", ""Sint-Gillis-Waas""], [""vls"", ""Sint-Gillis-Woas""], [""ru"", ""Синт-Гиллис-Вас""]]",True,True,4.059116363525391,51.17542266845703,4.166633605957031,51.29282760620117,27a44a18-01b3-44e6-b1f0-392c5a268e57
7ae0481d-2340-4c56-9907-0ab3108350cc,BE,BE-VLG,locality,,land,Loonbeek,"[[""ru"", ""Лонбек""]]",True,True,4.585048675537109,50.785499572753906,4.620182037353516,50.818302154541016,f1241b87-1486-4935-a29c-84c91e466a44
2f5dcce4-e744-4381-bebf-9c0861467693,BE,BE-VLG,locality,,land,Eksaarde,"[[""fr"", ""Exaerde""], [""ru"", ""Эксарде""]]",True,True,3.8966219425201416,51.11079025268555,4.001030445098877,51.1646728515625,e0814d29-b1a2-46fa-8e16-2fb6387b14d1
6ef61258-2302-4587-a8b6-37a94d5502ec,BE,BE-VLG,neighborhood,,land,Polderstad,,True,True,4.33522891998291,51.18114471435547,4.347620487213135,51.188838958740234,6c91ae36-cb06-40f7-a222-4203a965209e
153e7081-6071-4b60-82f0-1ce1179be7b3,BE,BE-VLG,microhood,,land,Zurenborg,,True,True,4.422434329986572,51.199317932128906,4.439522743225098,51.210697174072266,6467be57-30c5-469b-8e8b-81eb60a89222
4c207821-3e5c-4727-a8a8-39a27586934b,BE,BE-WAL,locality,,land,Piétrebais,,True,True,4.739325046539307,50.717742919921875,4.8119940757751465,50.74970626831055,853d6add-9afb-4058-9094-7bf77c3f8c81
8a54b4a0-285f-467b-bca0-4024dcb294ea,BE,BE-VLG,locality,,land,Steendorp,"[[""ru"", ""Стендорп""]]",True,True,4.248315334320068,51.11516571044922,4.285919189453125,51.14418029785156,49bf68cb-c7a8-4c5c-bf7a-39fc1f3847f8
c52b7eba-2ff1-437a-b30b-bcc713580d27,BE,BE-BRU,neighborhood,,land,Quartier du Centre - Centrumwijk,"[[""fr"", ""Quartier du Centre""], [""nl"", ""Centrumwijk""]]",True,True,4.345921993255615,50.84245681762695,4.358908653259277,50.85094451904297,e1bc23f3-a78f-4df7-aeb3-602ffc70fff8
3cb19270-fc69-4ed6-911a-4037bd75733c,BE,BE-VLG,microhood,,land,Oude Groenenhoek (Berchem),,True,True,4.436371326446533,51.187339782714844,4.44703483581543,51.194740295410156,0560ee3f-051d-4877-bb90-65202399085d
1df79db6-e4d7-400a-bcd0-61b42fb78dae,BE,BE-VLG,locality,,land,Lembeek,"[[""fr"", ""Lembecq""], [""nl"", ""Lembeek""], [""ru"", ""Лембек""]]",True,True,4.1720075607299805,50.68941116333008,4.261571407318115,50.72926330566406,954b7029-2276-40cc-8552-34eefb835edf
ec8bf83e-162a-4796-8007-657bb87b58ca,BE,BE-VLG,locality,,land,Heffen,,True,True,4.375885963439941,51.036224365234375,4.430469512939453,51.067562103271484,6f618442-4371-431c-8e12-15ac2f132887
676397a6-61eb-4e07-bbf8-0864bbe4d187,BE,BE-VLG,microhood,,land,Toverberg,,True,True,4.6508941650390625,50.8595085144043,4.651220321655273,50.85972595214844,ddd59a3a-cb34-4b86-a5f3-49b1c2d7ddef
ed062468-eabd-48d8-940e-e3aaaa58648b,BE,BE-VLG,locality,,land,Kampenhout,"[[""fr"", ""Campenhout""], [""nl"", ""Kampenhout""], [""ru"", ""Кампенхаут""]]",True,True,4.51308536529541,50.909297943115234,4.61885404586792,50.970603942871094,e815d612-49fe-4caa-8622-72525b9f8c23
c2a47a94-81e9-4734-a689-bdaa92fe42f2,BE,BE-VLG,locality,,land,Oudenaken,,True,True,4.173616409301758,50.766048431396484,4.211679935455322,50.785980224609375,b6c1775c-0419-4813-8149-b5a50da64888
2ed3af18-25fd-4d64-b11d-ebd753358f19,BE,BE-VLG,microhood,,land,Hospitaalplein,,True,True,4.425424098968506,51.203514099121094,4.425901889801025,51.20384216308594,42e74585-d479-49e4-8bb1-a4680944abb7
c9ec8329-4659-400d-8670-46d1919b8d1f,BE,BE-VLG,locality,,land,Berchem,"[[""ur"", ""بیرخم""]]",True,True,4.410462379455566,51.17669677734375,4.451624870300293,51.20724105834961,8a6d9703-aecc-4f30-891d-5bb7cb64e854
62f41e29-96c4-46a1-a9f7-efda6738dda4,BE,BE-VLG,localadmin,,land,Sint-Niklaas,"[[""vls"", ""Sint-Nikloas""], [""fr"", ""Saint-Nicolas-Waes""], [""la"", ""Sancti Nicolae in Bosco""], [""nl"", ""Sint-Niklaas""], [""ru"", ""Синт-Никлас""], [""wa"", ""Sint-Nicolai""]]",True,True,3.8966219425201416,51.07128143310547,4.3569159507751465,51.353973388671875,de739006-81f5-4533-a8f4-7894c52fd723
a3abbd11-9575-4755-8fe1-23ae9a50d1e2,BE,BE-VLG,locality,,land,Sint-Agatha-Rode,"[[""nl"", ""Sint-Agatha-Rode""], [""fr"", ""Rhode-Sainte-Agathe""]]",True,True,4.60485315322876,50.75825500488281,4.6472015380859375,50.80069351196289,e3e12dcb-c2dd-4f5c-a869-6be943d81b6a
80e22bb9-ca84-4620-ab30-eaba3f652239,BE,BE-BRU,microhood,,land,Parvis Maximilien II Emmanuel de Bavière - Maximiliaan II Emanuel van Beierenvoorplein,"[[""fr"", ""Parvis Maximilien II Emmanuel de Bavière""], [""de"", ""Maximilian-von-Bayern-Platz""], [""nl"", ""Maximiliaan II Emanuel van Beierenvoorplein""]]",True,True,4.352384090423584,50.83905029296875,4.352841854095459,50.83940887451172,04ecb1a7-22da-4be7-94f3-098f6de759ab
5784461d-899b-4875-960c-da7442b8ab53,BE,BE-BRU,neighborhood,,land,Jardins de la Chasse - Jachthof,"[[""fr"", ""Jardins de la Chasse""], [""nl"", ""Jachthof""]]",True,True,4.387118339538574,50.826995849609375,4.390163898468018,50.82902145385742,ed9f61b2-8f43-4356-9c8f-25635e87587b
a5f44b70-b494-4f17-9e54-404ba4c498fb,BE,BE-BRU,microhood,,land,Grand-Place - Grote Markt,"[[""pcd"", ""Grand-Plache""], [""vls"", ""Grôte Markt""], [""ar"", ""الميدان الكبير""], [""fr"", ""Grand-Place""], [""li"", ""Groate Mert""], [""cs"", ""Velký Trh""], [""it"", ""Grand Place""], [""la"", ""Forum Maximum""], [""nl"", ""Grote Markt""], [""de"", ""Großer Markt""], [""ml"", ""ഗ്രാൻഡ് പ്ലേസ്""], [""en"", ""Grand Place""], [""es"", ""Gran Plaza""], [""ja"", ""グランプラス""], [""zh"", ""布鲁塞尔大广场""]]",True,True,4.3517327308654785,50.84620666503906,4.353368282318115,50.84724807739258,e311c2d8-98e6-4c63-8248-1aeff3e2c480
3a27531b-8edb-4149-a7eb-12d481fefb3e,BE,BE-BRU,microhood,,land,Espace Loubna Lafquiri - Loubna Lafquiriruimte,"[[""fr"", ""Espace Loubna Lafquiri""], [""nl"", ""Loubna Lafquiriruimte""]]",True,True,4.320530891418457,50.85246276855469,4.321058750152588,50.85295486450195,3fac66da-e523-4295-899a-95059f49be52
7c2bdb07-edae-4294-a828-491097047523,BE,BE-VLG,locality,,land,Goeferdinge,,True,True,3.8299591541290283,50.757755279541016,3.8705267906188965,50.78199768066406,12b3db07-7cb0-4356-9f31-dfcb2aa45ff3
cdf04bc3-19c2-459c-8cd8-ac430483a830,BE,BE-VLG,microhood,,land,Hammeveld,,True,True,4.28130578994751,50.91722869873047,4.28164529800415,50.91749572753906,1bbe478a-8ae4-4d16-8b1b-738412e080d2
f369788f-e5e4-40ae-8bb1-a61a5b652251,BE,BE-VLG,microhood,,land,Nieuw Zuid,,True,True,4.374312400817871,51.201942443847656,4.388445854187012,51.207862854003906,d925a98c-0a38-4fc9-a9f8-338684bc9052
020f51fe-9a3a-4212-b45b-a1ae4a360eb0,BE,BE-VLG,microhood,,land,Heldenplein,,True,True,4.100152015686035,51.02683639526367,4.10128927230835,51.027381896972656,abf1ebe5-40be-47d3-8364-e6f37e8c5fbf
bbe423df-488c-4c32-877f-390a30cd51aa,BE,BE-VLG,microhood,,land,Damplein,,True,True,4.424210548400879,51.23112106323242,4.426204681396484,51.23261642456055,e3f70a20-fc88-40ba-bcb6-0a31d0bb5095
19201ee3-6888-4926-8bb2-441c70253050,BE,BE-VLG,locality,,land,Rijmenam,,True,True,4.548195838928223,50.990142822265625,4.63470983505249,51.03575897216797,68242d31-f58a-42d2-8893-6c99d0f19845
838493b6-d7bc-4b33-aaae-9c00651cc40c,BE,BE-BRU,neighborhood,,land,Quartier Marais-Jacqmain - Wijk Marais-Jacqmain,"[[""fr"", ""Quartier Marais-Jacqmain""], [""nl"", ""Wijk Marais-Jacqmain""]]",True,True,4.350774765014648,50.84767150878906,4.365602016448975,50.856597900390625,63dc3e31-e886-4729-8a6b-1c1501acc83b
69232f98-300d-4bd7-a1dd-4edcb0b3532b,BE,BE-BRU,microhood,,land,Place du Jeu de Balle - Vossenplein,"[[""pcd"", ""Plache du Ju d' Balle""], [""fr"", ""Place du Jeu de Balle""], [""nl"", ""Vossenplein""], [""bxl"", ""Vosseplaain""]]",True,True,4.344715118408203,50.8363151550293,4.346859455108643,50.83773422241211,4434090c-e05b-462e-afa7-a47fdc74a71b
dba800a2-11cd-4b1e-b192-cfde3fdb372d,BE,BE-VLG,locality,,land,Scheldewindeke,,True,True,3.728156566619873,50.91381072998047,3.8132593631744385,50.955936431884766,691027ae-e505-4a9e-b73a-9930e4d1f0f9
7f234115-c382-4ab5-87fd-878872034ad1,BE,BE-VLG,neighborhood,,land,Planetenwijk,,True,True,3.663731098175049,51.077545166015625,3.6716504096984863,51.08262252807617,3467e749-e958-4082-a78b-b0646346e386
a6b5abe2-b471-4e1a-8ae0-518fb06a7d69,BE,BE-WAL,locality,,land,Lahamaide,"[[""ru"", ""Лаамед""]]",True,True,3.668437957763672,50.683929443359375,3.7630162239074707,50.709651947021484,5907eb82-6423-4bb7-97dd-a93be59ceb78
990f87b4-bd8d-45ae-9ac4-d0459e669b39,BE,BE-VLG,neighborhood,,land,Atheneum,,True,True,4.415284633636475,51.21867752075195,4.423523902893066,51.224796295166016,8dd365ed-3ea5-46b7-aa6b-63fbfd48f0ab
d6a6eade-4c47-4065-a89d-c47569571e73,BE,BE-VLG,neighborhood,,land,Ten Eekhove-Lakbors,,True,True,4.443672180175781,51.223812103271484,4.457354545593262,51.23257064819336,366ca697-26c2-4be6-a6ea-63de28dc3d04
ae6ce0fa-265a-4d0a-9522-2683cbce9f78,BE,BE-VLG,locality,,land,Erembodegem,,True,True,4.021910190582275,50.899391174316406,4.101127624511719,50.932472229003906,fa588b41-d957-4f5d-ab24-f9d455a5d914
69664274-5b0b-4031-8a18-e57bef7baebd,BE,BE-VLG,locality,,land,Berlare,"[[""nl"", ""Berlare""], [""ru"", ""Берларе""]]",True,True,3.928217649459839,51.0040283203125,4.042050361633301,51.073944091796875,17b58604-51c4-4af9-9b75-e64f3a520111
155d5d81-0d82-421a-8069-5223f8109497,BE,BE-VLG,locality,,land,Merelbeke,"[[""ru"", ""Мерелбеке""]]",True,True,3.7110962867736816,50.96483612060547,3.7790451049804688,51.02724838256836,2b1c0399-0d32-469c-b166-6aecd14a53c2
b6b9e3e7-55ca-4c37-8a00-c1cc459bd677,BE,BE-VLG,locality,,land,Sleidinge,,True,True,3.632368326187134,51.11387252807617,3.7215921878814697,51.169898986816406,5605fe74-4614-433c-ac56-95b69a3c08c3
a10676bf-2e94-42bb-bd2e-7f1c93015a40,BE,BE-BRU,microhood,,land,Place Alphonse Lemmens - Alphonse Lemmensplein,"[[""fr"", ""Place Alphonse Lemmens""], [""nl"", ""Alphonse Lemmensplein""]]",True,True,4.3348469734191895,50.845375061035156,4.3358588218688965,50.84596633911133,d12ec33d-06d1-4c36-8646-6613a5d7dbf9
ef5d6741-7338-4fda-8bf9-c6217fa45db3,BE,BE-VLG,locality,,land,Okegem,,True,True,4.035862922668457,50.84681701660156,4.066278457641602,50.87181854248047,1f3f9b79-a228-4e6e-b875-9009158e6424
79829c48-0d35-4d13-bb5b-4d6c24c1891f,BE,BE-VLG,locality,,land,Mechelen,"[[""vls"", ""Mecheln""], [""lb"", ""Mechelen""], [""fr"", ""Malines""], [""uk"", ""Мехелен""], [""it"", ""Malines""], [""la"", ""Maclinia""], [""nl"", ""Mechelen""], [""bg"", ""Мехелен""], [""eo"", ""Meĥleno""], [""de"", ""Mecheln""], [""be-Latn-tarask"", ""Мэхэлен""], [""ur"", ""میخلن""], [""ru"", ""Мехелен""], [""th"", ""เมเคอเลิน""], [""sr-Cyrl"", ""Мехелен""], [""en"", ""Mechelen""], [""es"", ""Malinas""], [""be"", ""Мехелен""], [""ja"", ""メヘレン""], [""lt"", ""Mechelenas""], [""zh"", ""梅赫伦""]]",True,True,4.370081901550293,50.990962982177734,4.549041748046875,51.07857131958008,e8820806-d17c-4006-8ac4-4c41008b171c
a00794ad-225e-48a0-b7c3-20f034a0ceeb,BE,BE-BRU,microhood,,land,Place des Palais - Paleizenplein,"[[""fr"", ""Place des Palais""], [""nl"", ""Paleizenplein""]]",True,True,4.360426425933838,50.84195327758789,4.365118980407715,50.84333419799805,4b11d9d8-3829-405f-902c-5fcf2a4bde28
bbf325c1-d484-4275-a54c-df3275fe09d7,BE,BE-VLG,locality,,land,Wichelen,"[[""ru"", ""Вихелен""]]",True,True,3.9113857746124268,50.97130584716797,4.00634241104126,51.03425979614258,56322815-badd-4566-9af8-266f6465ee0a
cbbc63cf-6c2b-4bff-8a21-790da6eed8a1,BE,BE-VLG,locality,,land,Welden,,True,True,3.632976531982422,50.86262893676758,3.6905641555786133,50.889434814453125,2ace507c-b9f0-47a3-950a-1aa3b064a044
f862a0e9-1b2e-4ac6-bcca-33cf714ff73e,BE,BE-VLG,locality,,land,Melsbroek,,True,True,4.457831859588623,50.89872360229492,4.502338886260986,50.92915725708008,26e44301-5fa2-4e7c-b76f-335cf1eae6a1
97b844b3-8320-450b-be88-41dcc4972875,BE,BE-VLG,neighborhood,,land,De Veldekens,,True,True,4.42389440536499,51.18478012084961,4.44104528427124,51.19637680053711,65389cc1-55f0-4e53-9351-7012bb4c7d37
510c1c8c-6841-42c5-9e91-2e39c8d79062,BE,BE-VLG,locality,,land,Emblem,,True,True,4.564837455749512,51.14828872680664,4.633081912994385,51.177154541015625,b69311b2-6d33-4d89-96c9-59d8be01edfc
0fc68ab1-bb41-4fc4-b764-fc8c6f83d572,BE,BE-VLG,locality,,land,Beerlegem,,True,True,3.7062830924987793,50.893226623535156,3.7365493774414062,50.91201400756836,c2b12322-f711-49a0-ac48-720636786a34
2e313b85-76a2-4b52-905a-ca8aa78576c8,BE,BE-BRU,microhood,,land,Place des Bienfaiteurs - Weldoenersplein,"[[""fr"", ""Place des Bienfaiteurs""], [""nl"", ""Weldoenersplein""]]",True,True,4.383564472198486,50.85752868652344,4.384983062744141,50.85843276977539,acaced28-97b5-4875-862b-a52f04c4d900
b681a555-7397-4d6d-9a88-8da32e05d482,BE,BE-VLG,locality,,land,Ophasselt,"[[""ru"", ""Опхасселт""]]",True,True,3.8594727516174316,50.80492401123047,3.9135782718658447,50.83693313598633,286dbf76-3983-454f-bef0-e4009c0ead88
2c8981e5-b608-46c5-9da5-97d7eee59307,BE,BE-VLG,locality,,land,Oordegem,"[[""ru"", ""Ордегем""]]",True,True,3.8675379753112793,50.947547912597656,3.923454999923706,50.98072052001953,fd475413-9fba-41e7-91d1-5755cc65ec63
3a21a703-3409-4419-9572-8535fb630115,BE,BE-VLG,locality,,land,Meilegem,,True,True,3.685565948486328,50.89468765258789,3.712301254272461,50.91171646118164,a73452cd-5365-43ea-99ed-f708cc18f08a
8351f9fc-7978-4b6e-974a-800d860ca65f,BE,BE-VLG,microhood,,land,Koningin Astridlaan,,True,True,4.4735493659973145,51.02180099487305,4.473984718322754,51.022037506103516,5e1fd1c0-7bae-47b5-a09a-bfdef96614fd
0417545e-28f9-4a01-a15a-4d710b49dd23,BE,BE-VLG,locality,,land,Westmalle,"[[""nl"", ""Westmalle""], [""ru"", ""Вестмалле""]]",True,True,4.6336846351623535,51.27250289916992,4.718125343322754,51.326847076416016,4aed2e79-3e2c-4354-a4e7-ff18fcb97bbf
cfb95220-6440-44bf-8a93-49373d10f86a,BE,BE-BRU,microhood,,land,Place Fernand Cocq - Fernand Cocqplein,"[[""fr"", ""Place Fernand Cocq""], [""nl"", ""Fernand Cocqplein""]]",True,True,4.366129398345947,50.83265686035156,4.367505073547363,50.83367919921875,466c8bc9-04e6-4f70-9af6-7de15c8351b4
f7c8a13f-e504-409c-ab6c-a1d513fe243a,BE,BE-VLG,locality,,land,Pellenberg,,True,True,4.760040283203125,50.85306167602539,4.813655376434326,50.890689849853516,83addbbb-b72d-4fb9-8d4e-17fc4db2b4bd
60af2fd5-216e-4c9f-a1cb-54fa2bfb55f6,BE,BE-VLG,locality,,land,Ramsel,"[[""ru"", ""Рамсел""]]",True,True,4.799009799957275,51.01047897338867,4.8655476570129395,51.05915069580078,d79bd6d4-06e5-48c6-be09-b1283d9351bb
950a05cb-1654-4e85-a58c-60c50c57527c,BE,BE-VLG,microhood,,land,Stationsplein,,True,True,4.142416000366211,51.17037582397461,4.146119594573975,51.171749114990234,755bd7aa-0fdf-4470-bbba-e156d5432812
ae6cf9ae-9868-4b07-896a-e1c368d213b3,BE,BE-VLG,neighborhood,,land,Sint-Maria-Oudenhove (Brakel),,True,True,3.7647647857666016,50.80379104614258,3.795041799545288,50.84231948852539,b6f26324-2209-4126-b686-f48f01f2d742
69769e70-c591-4be2-b00b-802578d4dbb2,BE,BE-VLG,microhood,,land,Marktplein,,True,True,4.523222923278809,51.22703170776367,4.524167537689209,51.22768020629883,2cf5d8d3-f558-4412-a965-0ca3b4058df8
ea98723d-3d6b-4ed7-b67b-2fb752114741,BE,BE-VLG,locality,,land,Sint-Job-in-'t-Goor,,True,True,4.5410661697387695,51.27562713623047,4.601404666900635,51.30891418457031,c2ad6bb6-af8b-45fa-9069-f34779ae6c9d
e42418a8-158d-4719-8f38-cc214672f4a1,BE,BE-VLG,locality,,land,Walem,,True,True,4.419580936431885,51.057373046875,4.467311859130859,51.07857131958008,5773a4b2-1610-4fc4-8785-b842005a8c6f
e2745d7b-f35a-47d7-8525-8957ae581bca,BE,BE-VLG,locality,,land,Lokeren,"[[""fr"", ""Locres""], [""lt"", ""Lokerenas""], [""ru"", ""Локерен""]]",True,True,3.8966219425201416,51.07128143310547,4.03405237197876,51.22536849975586,465b3795-12f8-45c9-b2ed-d1e586f99b81
241c8258-de6d-4eae-bbf3-cfd0587f4b7e,BE,BE-VLG,locality,,land,Baardegem,"[[""nl"", ""Baardegem""], [""vls"", ""Boardegem""], [""ru"", ""Бардегем""]]",True,True,4.1202521324157715,50.93892288208008,4.163432598114014,50.972721099853516,39ab063b-6790-4a76-bdd7-1c92d59782a5
ee47ce1d-105e-4c39-8872-7751af38938d,BE,BE-BRU,locality,,land,Koekelberg,"[[""bru"", ""Den Platoo""], [""ar"", ""كوكلبرغ""], [""fr"", ""Koekelberg""], [""la"", ""Cuckelberga""], [""nl"", ""Koekelberg""], [""ru"", ""Кукельберг""], [""wa"", ""Coukelber""]]",True,True,4.30692195892334,50.85676956176758,4.337728023529053,50.867591857910156,c511d40c-7e06-4457-b29b-0bfe9a6528e0
7418aa20-436f-495b-b233-166c190ab7d0,BE,BE-VLG,microhood,,land,Koning Albertplein,,True,True,4.129776954650879,51.09468078613281,4.130465507507324,51.095191955566406,e51e98cc-074d-462b-bb8c-0bea5f60a05e
8b16e6a4-f29e-49ee-b7fd-513c2531de87,BE,BE-BRU,neighborhood,,land,Haren,"[[""fr"", ""Haren""], [""nl"", ""Haren""], [""de"", ""Haren""], [""he"", ""הרן""], [""wa"", ""Håren""], [""ja"", ""ハーレ""], [""zh"", ""哈倫""]]",True,True,4.394616603851318,50.87213134765625,4.437066555023193,50.91166687011719,f6491de9-a0a3-4c83-8635-f6a56182f479
8d7f41d9-b772-4dc4-8e7b-86dd9fe88094,BE,BE-VLG,locality,,land,Baasrode,"[[""fr"", ""Baesrode""], [""nl"", ""Baasrode""], [""ru"", ""Басроде""]]",True,True,4.122354030609131,51.02089309692383,4.194021224975586,51.058494567871094,98176399-9b67-4850-bb57-c9503810fedf
02832f98-f8bf-48ce-a457-57e43342b9c9,BE,BE-VLG,locality,,land,Moerzeke,"[[""ru"", ""Мурзеке""]]",True,True,4.121140480041504,51.03223419189453,4.199180603027344,51.09158706665039,4a2f1e45-2ce2-4d94-baf9-15f04105dda9
c6d018fc-7cc0-43f0-a6d6-9c0f81f05292,BE,BE-VLG,microhood,,land,Bareelplein,,True,True,4.543266773223877,50.88828659057617,4.543890476226807,50.88862609863281,102e5502-fcaa-4bad-b759-cae2d28086e9
983bfae1-574e-42a8-8a29-41c6f20c31d6,BE,BE-VLG,locality,,land,Langdorp,"[[""ru"", ""Лангдорп""]]",True,True,4.843114376068115,50.98616027832031,4.936485290527344,51.03752517700195,676beb58-9cdd-46e8-a684-180605b963d0
bdc88af1-f06c-46fe-ad50-4f6d2d3b5d57,BE,BE-BRU,microhood,,land,Square du 8 Mai - 8 Meisquare,"[[""fr"", ""Square du 8 Mai""], [""nl"", ""8 Meisquare""]]",True,True,4.320883274078369,50.8092041015625,4.321171760559082,50.80949401855469,f04c53ec-dd3d-4ef3-88fc-53fd341260c8
7fe1ac9f-d17d-4dc6-9d72-54baee8d9610,BE,BE-VLG,neighborhood,,land,Zilverbeek - Amedeus (Deurne),,True,True,4.449147701263428,51.18442916870117,4.456438064575195,51.18831253051758,6644542b-997b-47d7-b045-df2c9a8ff718
eedeb48e-4d9a-42ea-8313-ddb27fdee250,BE,BE-VLG,locality,,land,Pajottegem,"[[""en"", ""Pajottegem""], [""fr"", ""Pajottegem""], [""de"", ""Pajottegem""], [""nl"", ""Pajottegem""]]",True,True,3.9310355186462402,50.687374114990234,4.1523566246032715,50.81642532348633,7576d0ed-8bc8-4538-9a18-d199878e7099
b0d7992d-a301-4665-a89e-7c1c4be6b2fa,BE,BE-VLG,locality,,land,Sint-Joris-Weert,"[[""nl"", ""Sint-Joris-Weert""], [""fr"", ""Weert-Saint-Georges""], [""ru"", ""Синт-Йорис-Верт""]]",True,True,4.632111072540283,50.793155670166016,4.669177532196045,50.8170166015625,bc1d60e4-6bdc-4172-b83a-3fe6df6e7f6c
55433708-f2f0-4fe9-a1cd-9891e41c2d4e,BE,BE-VLG,locality,,land,Hundelgem,"[[""ru"", ""Хюнделгем""]]",True,True,3.735880136489868,50.88215255737305,3.7599740028381348,50.899173736572266,d7a063ad-3b3d-4156-a250-8cb2ebbb00d3
ca2696f4-f079-4b56-92c5-6813033f0b7f,BE,BE-BRU,microhood,,land,Place Jo Cox - Jo Coxplein,"[[""fr"", ""Place Jo Cox""], [""nl"", ""Jo Coxplein""]]",True,True,4.349348068237305,50.84662628173828,4.349700450897217,50.84693145751953,25ac5444-ed47-4f08-afa8-f9c69a440d60
97d18f2d-5f89-41f5-8c00-55241c2997c9,BE,BE-VLG,locality,,land,Lippelo,,True,True,4.233017921447754,51.034358978271484,4.2751288414001465,51.05654525756836,bad88771-20e6-42d9-8b34-62f0bb4f6efe
65714d2e-a5fd-4b9d-a2c6-1ffe4f81553f,BE,BE-VLG,neighborhood,,land,Driekoningen,,True,True,4.463552951812744,51.202518463134766,4.477969646453857,51.21132278442383,fc228bf4-4fb7-47b5-90ba-94a93ace1a96
502855d9-1954-4654-93c7-d4f16d083264,BE,BE-VLG,locality,,land,Mariekerke,,True,True,4.186313629150391,51.05817413330078,4.21621561050415,51.07455062866211,78aaf4b2-58b8-4022-8d45-6f60e703b670
d8f59619-d13d-4702-a58d-7d2a2de81d4d,BE,BE-BRU,microhood,,land,Place Léon Wielemans - Léon Wielemansplein,"[[""fr"", ""Place Léon Wielemans""], [""nl"", ""Léon Wielemansplein""]]",True,True,4.325944900512695,50.82404327392578,4.3265204429626465,50.82460021972656,fc652c46-9ee0-40d7-864b-d62d611332d4
616c5d2a-d35a-4b6a-b661-569f7bed0538,BE,BE-VLG,locality,,land,Waarbeke,,True,True,3.960113763809204,50.76599884033203,3.9955294132232666,50.78364562988281,d4618350-6a4a-47f3-b129-a4206acf9110
1ec4382e-9fa4-4c4e-a793-a88c29304022,BE,BE-VLG,localadmin,,land,Leuven,"[[""vls"", ""Leuvn""], [""lb"", ""Léiwen""], [""ar"", ""لوفان""], [""fr"", ""Louvain""], [""eu"", ""Lovaina""], [""li"", ""Leuve""], [""pt"", ""Lovaina""], [""cs"", ""Lovaň""], [""el"", ""Λέουβεν""], [""it"", ""Lovanio""], [""ca"", ""Lovaina""], [""la"", ""Lovanium""], [""nl"", ""Leuven""], [""bg"", ""Льовен""], [""eo"", ""Loveno""], [""mk"", ""Левен""], [""de"", ""Löwen""], [""ru"", ""Лёвен""], [""sr-Latn"", ""Luven""], [""sr-Cyrl"", ""Левен""], [""en"", ""Leuven""], [""he"", ""לוון""], [""sk"", ""Leuven""], [""wa"", ""Vî-Lovén""], [""es"", ""Lovaina""], [""ja"", ""ルーヴェン""], [""ro"", ""Louvain""], [""lt"", ""Leuvenas""], [""zh"", ""鲁汶""]]",True,True,4.447175979614258,50.703338623046875,5.188033103942871,51.04983139038086,7f42bed3-2dee-4fa9-a4d6-52678d8e20b6
432c514a-ee12-471a-95e6-4e5664d9af04,BE,BE-VLG,locality,,land,Ruisbroek,"[[""fr"", ""Ruysbroeck""], [""nl"", ""Ruisbroek""], [""ru"", ""Рёйсбрук""]]",True,True,4.311910152435303,51.058162689208984,4.360888957977295,51.10157012939453,951243a8-2f8a-40f2-94fc-138b2bfd755b
79d9b865-c2fb-460b-8ce9-c9a4b741c4ab,BE,BE-VLG,locality,,land,Begijnendijk,"[[""nl"", ""Begijnendijk""], [""ru"", ""Бегейнендейк""]]",True,True,4.753055095672607,50.97800827026367,4.811875820159912,51.0389518737793,a2794a13-e4df-4766-b5a7-9ed35731ac48
8a5c5ff2-f46e-4025-b71e-ffe666e9a456,BE,BE-WAL,locality,,land,Papignies,"[[""nl"", ""Papegem""], [""fr"", ""Papignies""]]",True,True,3.7967867851257324,50.674835205078125,3.832639694213867,50.70170593261719,57579609-ac81-4b84-aa1c-8d52a2393de5
c90ee720-5155-4b4a-a66a-a88adba5df64,BE,BE-VLG,locality,,land,Astene,,True,True,3.5464274883270264,50.964805603027344,3.608452558517456,51.00070571899414,3cd16b37-8820-4768-a842-afbdfd1fd767
1ffac0cf-7b4e-4a74-9a12-203c5faa4192,BE,BE-VLG,locality,,land,Hingene,,True,True,4.249105930328369,51.080482482910156,4.327864646911621,51.12480163574219,5dbd8113-70d7-4167-9c21-e5a2f20fc5a9
d4abea56-32a9-4764-9436-1b4055ffd34d,BE,BE-VLG,locality,,land,Sint-Goriks-Oudenhove,"[[""fr"", ""Audenhove-Saint-Géry""], [""nl"", ""Sint-Goriks-Oudenhove""], [""la"", ""Oudenhoua Sancti Gaugerici.""]]",True,True,3.761827230453491,50.83646774291992,3.801546096801758,50.863651275634766,f0325a08-c8d4-42e1-8301-c3a82cc9ed2b
0a5ed481-c2e3-45b2-a2c5-2bc30a3c7b87,BE,BE-VLG,microhood,,land,terras,,True,True,4.868790626525879,51.310943603515625,4.868893146514893,51.310970306396484,c56a6a53-df27-4954-93ac-b81e19636cd5
afdeb5a7-44a9-4b1a-bb0d-a0fac7af39ad,BE,BE-BRU,microhood,,land,Carrefour de Sélys Longchamps - de Sélis Longchampskruispunt,"[[""fr"", ""Carrefour de Sélys Longchamps""], [""nl"", ""de Sélis Longchampskruispunt""]]",True,True,4.370750427246094,50.817161560058594,4.372471332550049,50.8185920715332,21213cb8-4e01-46e8-9a0b-e291e42ae706
cc4482f0-4924-4523-9594-561b44dfd366,BE,BE-VLG,locality,,land,Schendelbeke,,True,True,3.8649299144744873,50.784400939941406,3.913961410522461,50.81128692626953,c54ffab7-e211-48f7-aa14-02fde661f596
6f415e00-2572-4bb4-a142-23b87b85146a,BE,BE-VLG,locality,,land,Denderbelle,,True,True,4.071118354797363,50.98575210571289,4.111815452575684,51.01659393310547,353d4e8b-6334-457c-acc6-f020c80f08e4
4bd7fafd-8760-4b87-ad73-ab354ed982e0,BE,BE-VLG,microhood,,land,De Bist,,True,True,4.386200428009033,51.1676139831543,4.395188808441162,51.17293930053711,73a57910-1397-4dfe-9f20-73feae17fe1a
30f5b10f-7a5e-47b5-98f3-9f9de0641f57,BE,BE-VLG,neighborhood,,land,Elsdonk (Antwerpen),,True,True,4.413869857788086,51.16279220581055,4.434389114379883,51.17344665527344,0e420b61-5c9b-4a26-a77f-a27926a24acf
7a4c0528-d24a-4078-89ff-b16dadd96995,BE,BE-VLG,locality,,land,De Pinte,"[[""fr"", ""La Pinte""], [""nl"", ""De Pinte""], [""ru"", ""Де-Пинте""]]",True,True,3.6236305236816406,50.971221923828125,3.684626817703247,51.01435852050781,e7c49ce4-0389-4351-add2-47c0814529e6
706559e9-3016-4ebf-a548-eeb8486c10ad,BE,BE-VLG,locality,,land,Denderleeuw,"[[""nl"", ""Denderleeuw""], [""ru"", ""Дендерлеув""]]",True,True,4.028658866882324,50.864532470703125,4.089654445648193,50.91117477416992,d56f6075-407d-41ed-924c-978cd9b9fdcd
97046e9a-7200-417b-8340-297d95ff488e,BE,BE-VLG,locality,,land,Nederename,,True,True,3.6253809928894043,50.8583869934082,3.6545581817626953,50.88181686401367,a149fb06-0391-4f1d-baf9-b894da0cd5b4
7f44f802-d978-4fcf-9e68-4b03fa381e59,BE,BE-BRU,microhood,,land,Place des Gueux - Geuzenplein,"[[""fr"", ""Place des Gueux""], [""nl"", ""Geuzenplein""]]",True,True,4.3906097412109375,50.84684371948242,4.391554355621338,50.847450256347656,dc2582a9-4127-4cbe-9cce-7330eeb71e0a
a108fab2-a8fe-4579-91df-51ee782f191e,BE,BE-VLG,locality,,land,Itegem,"[[""ru"", ""Итегем""]]",True,True,4.670567512512207,51.08063507080078,4.776200294494629,51.127376556396484,5cb3150b-0cef-40f1-948e-d1df5b613926
ef44f4e9-ea2b-4644-89c5-aee1b3f6eaff,BE,BE-BRU,neighborhood,,land,Arsenal - Arsenaal,"[[""fr"", ""Arsenal""], [""nl"", ""Arsenaal""]]",True,True,4.3973822593688965,50.82495880126953,4.40136194229126,50.82731246948242,5301523b-1f9f-47e5-8f17-50241d87f15b
f5c1b180-7ba7-427e-8292-e6c71cbf1f26,BE,BE-VLG,neighborhood,,land,Blankaart,,True,True,4.5755934715271,50.843467712402344,4.584955215454102,50.84759521484375,1f7ca111-ff94-4560-8f99-0c5ed625b33a
89362c70-4a52-4a23-9896-45877c4f6d77,BE,BE-VLG,microhood,,land,Toverberg,,True,True,4.65255069732666,50.8582878112793,4.652946472167969,50.85853958129883,0c28de7d-a0c7-4423-baa5-2008eb6fb6ba
7fb954fb-2b8c-4b1b-ac60-53311b2863e2,BE,BE-VLG,microhood,,land,Hertogin van Brabantplein,,True,True,4.559460639953613,50.978763580322266,4.560189723968506,50.979183197021484,d24f7b7b-2c81-4ca3-989a-c9da302e2440
ec902a94-4c9f-432c-a8d0-2167c47e7a8c,BE,BE-BRU,microhood,,land,Square Herschel Grynszpan - Herschel Grynszpansquare,"[[""fr"", ""Square Herschel Grynszpan""], [""nl"", ""Herschel Grynszpansquare""]]",True,True,4.34683084487915,50.840457916259766,4.3470659255981445,50.840702056884766,a945f686-22a0-4fe7-86c6-201058fe3800
dff0f05b-44d3-4d1f-8047-7ba6910bebc7,BE,BE-VLG,locality,,land,Sint-Niklaas,"[[""vls"", ""Sint-Nikloas""], [""fr"", ""Saint-Nicolas-Waes""], [""la"", ""Sancti Nicolae in Bosco""], [""nl"", ""Sint-Niklaas""], [""ru"", ""Синт-Никлас""], [""wa"", ""Sint-Nicolai-Wåss""], [""lt"", ""Sint Niklasas""]]",True,True,3.9853250980377197,51.12958526611328,4.221696376800537,51.20781326293945,a8069a12-0e5d-48d9-b740-f8dd986d87eb
205996c4-5c85-4417-8d80-fd757df43f41,BE,BE-BRU,microhood,,land,Square Albert Devèze - Albert Devèzesquare,"[[""fr"", ""Square Albert Devèze""], [""nl"", ""Albert Devèzesquare""]]",True,True,4.383694648742676,50.81510925292969,4.384135723114014,50.815452575683594,254ba471-9e57-4d42-9f37-e9a3ff507fc6
fc1a9996-05d1-4ed3-bbdb-a52c1e07599e,BE,BE-VLG,neighborhood,,land,Far West,,True,True,4.427891254425049,50.92770004272461,4.44186544418335,50.94297790527344,254d2e9e-f12d-493f-99d8-302fc9806451
f8a965f4-e150-40d8-8aef-1c6e1e80e151,BE,BE-VLG,locality,,land,Moerbeke,"[[""ru"", ""Мурбеке""]]",True,True,3.8915717601776123,50.74102783203125,3.9393463134765625,50.775535583496094,0f616aca-ac84-474f-ba12-507d1d1e12b8
8ef94f58-b51d-4afd-a018-1854d7e0ed59,BE,BE-VLG,locality,,land,Gierle,"[[""ru"", ""Гирле""]]",True,True,4.832448482513428,51.239410400390625,4.907291889190674,51.29899597167969,19277887-e295-41cb-bf1f-3b72f2c9c43e
31101e51-4a8a-4ec8-a26d-e3fbd7ddf6a0,BE,BE-VLG,locality,,land,Paulatem,,True,True,3.7073628902435303,50.88429641723633,3.7294552326202393,50.900291442871094,9ed0b258-c5fc-42bf-b0ce-039dce5d6e3e
7aa8cddb-0906-4aaf-b013-6db3aa01de93,BE,BE-VLG,neighborhood,,land,Nieuwstad-Cadix,,True,True,4.399603366851807,51.22621536254883,4.420422554016113,51.239994049072266,6e78b590-98e5-446a-9ac3-568d367352dd
56b134bf-636f-4dab-a0c9-5be2d246d479,BE,BE-BRU,locality,,land,Molenbeek-Saint-Jean - Sint-Jans-Molenbeek,"[[""bru"", ""Molem;Meulebeik;Meuilebeik;Meulebeik-Saint-Jean;Meuilebeik-Saint-Jean""], [""ar"", ""سينت-يانس-مولينبيك""], [""fr"", ""Molenbeek-Saint-Jean""], [""gl"", ""San Xoán de Molenbeek""], [""la"", ""Molenbecca""], [""nl"", ""Sint-Jans-Molenbeek""], [""ur"", ""مولن بیک""], [""ru"", ""Моленбек-Сен-Жан""], [""wa"", ""Molenbek-Sint-Dhjan""], [""es"", ""San Juan de Molenbeek""]]",True,True,4.2831130027771,50.843971252441406,4.348394870758057,50.87136459350586,c8cbd865-01a2-4877-a967-6c298f91dde5
c0bc8d58-d601-4fd3-a27e-f5c6c318c426,BE,BE-VLG,localadmin,,land,Mechelen,"[[""vls"", ""Mecheln""], [""fr"", ""Malines""], [""la"", ""Maclinia""], [""nl"", ""Mechelen""], [""de"", ""Mecheln""], [""ur"", ""میخلن""], [""ru"", ""Мехелен""]]",True,True,4.17241907119751,50.990142822265625,4.818233966827393,51.181087493896484,849c9b48-44be-402b-9ac3-d810f9ea1623
5ca10eb3-7614-4e0b-828d-faf2ba5aa48d,BE,BE-VLG,locality,,land,Melden,"[[""vls"", ""Meldn""]]",True,True,3.540881872177124,50.790000915527344,3.6116390228271484,50.834693908691406,a169ce0a-cfa7-480f-8a21-defa22098171
0b0d6745-7b1f-4fb6-b3c4-2ed42a62486a,BE,BE-VLG,neighborhood,,land,Morckhoven,,True,True,4.452656269073486,51.20924377441406,4.463902473449707,51.214107513427734,1b657e8e-ca60-4511-be50-e8eee7129267
06e90ad8-50b5-4883-8828-d9d2c9ffc640,BE,BE-BRU,locality,,land,Auderghem - Oudergem,"[[""ar"", ""أوديرغيم""], [""fr"", ""Auderghem""], [""la"", ""Audergemium""], [""nl"", ""Oudergem""], [""ru"", ""Одергем""], [""wa"", ""Oderguem""]]",True,True,4.394190311431885,50.789756774902344,4.482271194458008,50.8270378112793,08b207b2-af8e-48f0-b6e2-3db97ea6bf15
2e77c015-b7fe-4c60-a7c3-79bc9e15d18a,BE,BE-VLG,microhood,,land,Herbert Hooverplein,,True,True,4.705447196960449,50.876773834228516,4.706912517547607,50.87797164916992,19e6a926-260b-4d74-9a6e-e55c404a1ff5
5fb0d6b7-0025-4d54-8d30-2b5a02fe3951,BE,BE-VLG,neighborhood,,land,Vliegveld,,True,True,4.451104640960693,51.191463470458984,4.468766212463379,51.201656341552734,8247c80c-6805-456d-84b8-b9e0058b84b2
c2423aeb-1016-4f66-a6b0-975924580dc1,BE,BE-VLG,locality,,land,Roosbeek,,True,True,4.839465618133545,50.82175827026367,4.879157066345215,50.85877990722656,f7bf747c-e837-44de-bfac-08807108d431
a304b7b6-ae46-4e56-ab9e-2ead8750e8e4,BE,BE-WAL,locality,,land,Rixensart,"[[""fr"", ""Rixensart""], [""ru"", ""Риксансар""], [""wa"", ""Ricsinsåt""]]",True,True,4.477271556854248,50.69498062133789,4.56669807434082,50.74879455566406,5271ab8d-3587-4f28-ae5b-24c2cd094480
d79424cf-c17a-41e3-a914-326848bed38d,BE,BE-VLG,neighborhood,,land,Kruininge-Bremweide (Schoten),,True,True,4.459209442138672,51.23695755004883,4.48672342300415,51.240234375,5ca86406-105e-43ec-95df-f96e43f84766
b56713c8-e23d-400e-baff-4a1c176a6755,BE,BE-VLG,locality,,land,Sint-Pieters-Rode,"[[""fr"", ""Rhode-Saint-Pierre""], [""nl"", ""Sint-Pieters-Rode""]]",True,True,4.809220314025879,50.904327392578125,4.848902225494385,50.93732452392578,a7312558-9e41-4a72-ba74-308a1ba29a77
2e6efb7a-64de-4eaf-94d1-db7ef279c29b,BE,BE-VLG,locality,,land,Herenthout,"[[""nl"", ""Herenthout""], [""ru"", ""Херентхаут""]]",True,True,4.714112758636475,51.11173629760742,4.810493469238281,51.16461181640625,3e9b4295-1544-45e7-9e9b-d28ce305faea
7c75a0aa-43f4-47f5-a77d-16f95a4a7e97,BE,BE-VLG,locality,,land,Schilde,"[[""ru"", ""Схилде""]]",True,True,4.5294084548950195,51.21977233886719,4.633141994476318,51.295658111572266,57cd4585-e26e-4750-84fb-b03e164ac288
9054cb7d-09c0-453f-8f8f-e0924317a22c,BE,BE-VLG,neighborhood,,land,Boterlaar-Silsburg,,True,True,4.471094131469727,51.203712463378906,4.485508441925049,51.214176177978516,4b71cabb-8212-4634-bb8f-5db632c2ad9e
d2b1a177-2483-4e4b-bddb-9d2146054ae1,BE,BE-VLG,locality,,land,Messelbroek,,True,True,4.9024248123168945,50.97367477416992,4.954451084136963,51.00518798828125,8c39e948-1d91-424d-bb36-3ee46ea72238
fdb1cfa5-1375-4c52-ba19-4897b3e853b7,BE,BE-VLG,locality,,land,Elingen,,True,True,4.155689239501953,50.7685546875,4.192022323608398,50.78981399536133,84425ba9-adcd-4af9-bfed-496853db8ea4
0c60919e-990b-483a-b97c-152695bd43fa,BE,BE-VLG,locality,,land,Mariakerke,"[[""ru"", ""Мариакерке""]]",True,True,3.6575775146484375,51.05317687988281,3.706709146499634,51.093204498291016,40295470-1e97-45ad-88da-8cba3bbe7bd8
6b6da211-a17b-4b68-bfce-e051785a71dc,BE,BE-VLG,locality,,land,Kortrijk-Dutsel,"[[""fr"", ""Courtrai-Dutsel""], [""nl"", ""Kortrijk-Dutsel""], [""ru"", ""Кортрейк""]]",True,True,4.77347993850708,50.89691925048828,4.8133625984191895,50.9400634765625,e08b439c-b26f-4e8b-bce5-0e1f33ff5fd9
b392c3b1-2998-41a9-b7a4-1c9e455e89f6,BE,BE-WAL,microhood,,land,Domaine du Bercuit,,True,True,4.667119979858398,50.71217727661133,4.693605422973633,50.73487091064453,dc1c163c-8e77-4fee-9f1b-2b47d3fa4132
598c4f34-ef57-44dd-a8fd-292096aeb8d7,BE,BE-VLG,neighborhood,,land,Kerkeveld-Bosuil,,True,True,4.457533836364746,51.22670364379883,4.470071792602539,51.233642578125,0167aeeb-ed8c-426b-9fc5-d7b951160333
0a049e98-5c36-4280-87b1-1284598ea53c,BE,BE-BRU,microhood,,land,Place Ronde - Rondplein,"[[""fr"", ""Place Ronde""], [""nl"", ""Rondplein""]]",True,True,4.323287010192871,50.896427154541016,4.323463439941406,50.89654541015625,050f692c-80a2-4a52-842d-87f882919821
17911d53-3280-4280-8d96-dac6cab73c17,BE,BE-VLG,microhood,,land,Valaar-De Brem,,True,True,4.371190071105957,51.17052459716797,4.389962673187256,51.18442916870117,0e7e63f8-503d-4abe-a9f5-198fed19d17f
cab7a630-1f7c-4396-83d7-286b6df6e687,BE,BE-VLG,locality,,land,Vlimmeren,,True,True,4.765498161315918,51.27315139770508,4.817388534545898,51.31439971923828,056b1e1c-dfad-4ce9-a13e-0ec600dca48c
094cb494-3e4a-4c33-a2cd-3e570934d5ba,BE,BE-BRU,microhood,,land,Square Apollo - Apollosquare,"[[""fr"", ""Square Apollo""], [""nl"", ""Apollosquare""]]",True,True,4.390691757202148,50.87199401855469,4.392528057098389,50.87342834472656,24157956-ace4-46ae-8474-cd218ffb9221
f2ec294c-7df9-453a-8619-656235971972,BE,BE-BRU,microhood,,land,Square Gutenberg - Gutenbergsquare,"[[""fr"", ""Square Gutenberg""], [""nl"", ""Gutenbergsquare""]]",True,True,4.376983642578125,50.84751510620117,4.377901554107666,50.84876251220703,d3ae4aed-8b7f-44ca-8a7d-2b565055678c
802322ed-19c2-4015-93b6-6d57caa2f7e0,BE,BE-VLG,locality,,land,Zandhoven,"[[""nl"", ""Zandhoven""], [""ru"", ""Зандховен""]]",True,True,4.622377872467041,51.175106048583984,4.742630958557129,51.24856185913086,a2ee03e4-65ef-4f60-93c7-1920f5923387
482514ea-12cb-47ec-8c47-607bf3b1fef5,BE,BE-BRU,microhood,,land,Place des Grands Hommes - Geweldige Mensenplein,"[[""fr"", ""Place des Grands Hommes""], [""nl"", ""Geweldige Mensenplein""]]",True,True,4.343047618865967,50.864418029785156,4.343672275543213,50.86473846435547,99e17f73-8671-4cf9-80a7-349db7c73149
2e957a83-cae0-4db1-a81c-5e5e4a2857dc,BE,BE-BRU,microhood,,land,Place Beekkant - Beekkantplein,"[[""fr"", ""Place Beekkant""], [""nl"", ""Beekkantplein""]]",True,True,4.322672367095947,50.853519439697266,4.3234782218933105,50.8543701171875,061ed0d9-0ecd-403b-af9e-c220cbfa5c68
dce9ec01-ccfd-42a3-84dc-521d729d23b0,BE,BE-WAL,locality,,land,Colipain,,True,True,4.306056499481201,50.69539260864258,4.311383247375488,50.69975280761719,809acf08-688d-4ef1-981b-f788dcb73db8
6c41c572-df25-47a7-85f8-dd799390be8f,BE,BE-BRU,microhood,,land,Place de la Cité Modèle - Modelwijkplein,"[[""fr"", ""Place de la Cité Modèle""], [""nl"", ""Modelwijkplein""]]",True,True,4.323666095733643,50.895164489746094,4.324863433837891,50.89582061767578,736fed6f-c5e3-4cb4-9bb3-2561d40ef68d
c748d499-d655-4406-aad7-10b08aad380a,BE,BE-VLG,microhood,,land,Universiteitsbuurt,,True,True,4.403145790100098,51.21943664550781,4.416536331176758,51.22511291503906,7c283a0a-b9b0-44be-82f5-495d048e6b6c
07084ca6-58a7-4b87-8e10-62440e72d619,BE,BE-BRU,microhood,,land,Place des Zinnias - Zinniaplein,"[[""fr"", ""Place des Zinnias""], [""nl"", ""Zinniaplein""]]",True,True,4.424373626708984,50.8095588684082,4.424716949462891,50.809757232666016,3bbb3d26-0ca1-4c61-aa37-02d7556fa10a
ff7e2cc0-e990-44c3-82ae-ff1151612b57,BE,BE-VLG,microhood,,land,Hertwinkel,,True,True,4.587982654571533,50.841243743896484,4.594234466552734,50.847042083740234,e75d7a01-1806-4b25-8e7d-da87f932bbf7
bd57e376-7f7d-456d-8701-2a5e0241ca4b,BE,BE-VLG,locality,,land,Nederzwalm-Hermelgem,,True,True,3.667750358581543,50.87149429321289,3.7018485069274902,50.90175247192383,c5d41ab8-ac18-46f6-943e-2e467613a480
fcc4e276-07da-455a-b672-2d743251f236,BE,BE-VLG,microhood,,land,Klein-Antwerpen,,True,True,4.4077277183532715,51.201969146728516,4.423258304595947,51.211917877197266,3f05c08e-1a8f-4474-bf97-d5edea441b1a
5103b33e-737e-4949-87cd-2a3ca06d5a9d,BE,BE-VLG,locality,,land,Mortsel,"[[""nl"", ""Mortsel""], [""ru"", ""Мортсел""]]",True,True,4.432952404022217,51.1610221862793,4.484038829803467,51.189552307128906,ece28e5e-e88d-4a52-94b3-7745011d008d
133635e6-ba09-4dcb-8f80-be42d685f61c,BE,BE-VLG,locality,,land,Heindonk,"[[""ru"", ""Хейндонк""]]",True,True,4.383243560791016,51.05946731567383,4.425561428070068,51.07915496826172,9542beed-0497-423c-a000-5d652aaf3dc3
4d32bc73-5ab6-474d-b8ad-0485404a2661,BE,BE-WAL,microhood,,land,Grand'Place,,True,True,3.8285884857177734,50.71185302734375,3.8294010162353516,50.71342468261719,d58bc454-6b41-4916-b912-dbfac0141b4e
6fe505a1-904a-462f-a683-7d9365c33e69,BE,BE-VLG,locality,,land,Oevel,"[[""ru"", ""Увел""]]",True,True,4.892004489898682,51.121742248535156,4.947442531585693,51.148101806640625,40a01d57-7fb0-40d2-9788-0c578a4c0db8
9338914d-3f0f-4dc9-a088-6eadbf2e3992,BE,BE-VLG,microhood,,land,Oude Vismijn,,True,True,4.09926176071167,51.02878952026367,4.0997395515441895,51.029083251953125,247e3c91-82d7-4db2-a6c2-77b2a31fd2e1
b97b2360-9306-4145-b7fd-ce18f214ae98,BE,BE-VLG,locality,,land,Opbrakel,,True,True,3.70267653465271,50.767906188964844,3.7655105590820312,50.79824447631836,7cd0c9f2-6b0c-40d5-bfe9-ba35df48c47a
d9dfff71-25e7-4a40-aa2e-4b4d33b253a6,BE,BE-VLG,microhood,,land,Kardinaal Cardijnplein,,True,True,4.668744087219238,51.08231735229492,4.669992923736572,51.082977294921875,0f168172-5e53-42cd-9070-690a73331471
12c14a07-9b8d-4cde-9683-b1f544740387,BE,BE-WAL,locality,,land,Jodoigne-Souveraine,"[[""fr"", ""Jodoigne-Souveraine""], [""la"", ""Jeldonia superiore""], [""nl"", ""Opgeldenaken""], [""nds-nl"", ""Opgeldenaken""], [""wa"", ""Djodogne Sovrinne""]]",True,True,4.82124137878418,50.68671798706055,4.867008209228516,50.71927261352539,fb140f4a-cc7b-4e25-a329-eb5e2c5a93f6
de4e6e76-9436-48e9-b345-f8f359a188df,BE,BE-WAL,locality,,land,Bois-de-Lessines,"[[""fr"", ""Bois-de-Lessines""], [""nl"", ""Lessenbos""], [""ru"", ""Буа-де-Лесин""]]",True,True,3.8492727279663086,50.68794631958008,3.9134557247161865,50.7177734375,2ea0db7c-c6de-4b1a-a017-b098900cb4bb
5d7d0e12-fea7-4176-abd5-cd18622fdb41,BE,BE-BRU,microhood,,land,Square de Corée - Koreasquare,"[[""fr"", ""Square de Corée""], [""nl"", ""Koreasquare""]]",True,True,4.418032169342041,50.83211898803711,4.419389247894287,50.83293151855469,ec50d7a4-9604-4ff0-acec-0765d6a79a0b
4dd00ae3-0d04-4183-9ee5-cf0f2cbde839,BE,BE-VLG,locality,,land,Lierde,"[[""nl"", ""Lierde""], [""ru"", ""Лирде""]]",True,True,3.7834858894348145,50.77472686767578,3.8818137645721436,50.838233947753906,c7ca6bb7-75be-45bd-8195-5c5a612105b4
be8768fc-5c1f-4186-b065-ba5afe8878c5,BE,BE-VLG,locality,,land,Hamme,,True,True,4.264745712280273,50.90891647338867,4.300466060638428,50.922279357910156,3281f456-75b1-4650-8dc3-e6d53124c4f0
656d9c14-f389-45ca-8124-c3d7e25bd577,BE,BE-VLG,microhood,,land,Neerland,,True,True,4.3845906257629395,51.150970458984375,4.400015354156494,51.163368225097656,f7e65670-7ea3-43f6-a113-ccc298ec24bf
344d0da1-db84-4384-952d-4292bd0d2736,BE,BE-VLG,locality,,land,Grobbendonk,"[[""ru"", ""Гроббендонк""]]",True,True,4.692333221435547,51.14951705932617,4.793087005615234,51.216251373291016,79a06cd6-cc86-43c1-8209-e0f1bb263ff7
c1ecf97c-475d-4eae-9432-452fdefc2541,BE,BE-VLG,locality,,land,oorspronkelijke gemeente Tisselt,,True,True,4.326151371002197,51.01637268066406,4.381266117095947,51.04914093017578,7957b79b-488f-451d-a62a-1c6b16ec8432
a9aa629b-1364-4df9-80cc-cff9e704c886,BE,BE-VLG,neighborhood,,land,Sint-Antonius,,True,True,4.607685565948486,51.25312805175781,4.646443843841553,51.29387664794922,492fa348-12ea-435f-a52d-a82cba10a056
06e1de1e-f38b-4b20-a563-4deb9df8061d,BE,BE-VLG,microhood,,land,Twaalfbunder,,True,True,4.656158447265625,50.86008834838867,4.656435489654541,50.860225677490234,de144946-fc0a-460e-8fc8-b12fcd4f5de8
b3b203dd-525f-409a-90c5-2c7eaa8fe7b4,BE,BE-WAL,locality,,land,Chaumont-Gistoux,"[[""fr"", ""Chaumont-Gistoux""], [""ru"", ""Шомон-Жисто""], [""wa"", ""Tchåmont-Djistou""]]",True,True,4.625107288360596,50.65229034423828,4.770108699798584,50.72349166870117,1aea6441-b3dc-4de9-a0c5-d3f2f3f71b3e
347dd930-cab2-4329-8a87-f99842ce86fa,BE,BE-BRU,microhood,,land,Place Stephenson - Stephensonplein,"[[""fr"", ""Place Stephenson""], [""nl"", ""Stephensonplein""]]",True,True,4.369571208953857,50.87080383300781,4.370138168334961,50.87117385864258,1ed6c51e-0bca-425b-9e25-7ac2ff431f17
83b6c40f-231a-46ec-a8c4-ba6050e6aa64,BE,BE-VLG,locality,,land,Wilsele,"[[""ru"", ""Вилселе""]]",True,True,4.671172618865967,50.88667297363281,4.747443199157715,50.94407653808594,32c8e906-ce45-447e-a77e-cf151e9d228a
ad2a1aa4-9816-449d-9338-67ba40dd12b5,BE,BE-VLG,locality,,land,Olen,"[[""nl"", ""Olen""], [""ru"", ""Олен""]]",True,True,4.840144634246826,51.13582992553711,4.926734447479248,51.196868896484375,07352b6b-f83b-4a82-b5fe-85ba1e0e0385
7c69acb4-1840-4054-a0c7-9d797f5ab13d,BE,BE-VLG,locality,,land,Tielrode,,True,True,4.153969764709473,51.101402282714844,4.194591999053955,51.14156723022461,11f988c3-db43-41fa-95eb-c3f7a33d162d
ed50af34-ca00-4c3c-a4dd-6be9062b5e89,BE,BE-VLG,locality,,land,Gijzenzele,,True,True,3.807199478149414,50.95842742919922,3.830209732055664,50.97568130493164,7c5c6780-f3f0-4e53-b383-856bfd02e7e5
b1adbd4d-499a-4ba7-ab72-8635eb49fae4,BE,BE-VLG,microhood,,land,Monnikenplein,,True,True,4.43004846572876,51.17506790161133,4.431018352508545,51.17543029785156,5608f38d-6aee-420f-8697-28fa445ed1d8
bbebe5d7-971d-41c9-8297-f86ab7e705ec,BE,BE-VLG,locality,,land,Herzele,"[[""nl"", ""Herzele""], [""ru"", ""Херзеле""]]",True,True,3.8377127647399902,50.821632385253906,3.9490814208984375,50.918148040771484,01c94dd2-2e80-4329-a3af-5a24f6dd01d2
72a0f8ec-6d6e-4300-8437-c0c0f0b96069,BE,BE-VLG,microhood,,land,Provincieplein,,True,True,4.716308116912842,50.87717056274414,4.71708869934082,50.87766647338867,0bc26972-3225-494e-8487-7bf690e1fc5d
9c589419-9145-4d2b-a791-da234f38bf91,BE,BE-VLG,locality,,land,Korbeek-Lo,"[[""ru"", ""Корбек-Ло""]]",True,True,4.739444732666016,50.84782791137695,4.7750349044799805,50.87565612792969,43cf25b8-fdb7-4ba5-a47b-bbc62ea4601d
df4111ab-b7c8-4002-aff1-ee0fe5ab1cc5,BE,BE-BRU,neighborhood,,land,Laeken - Laken,"[[""pcd"", ""Laeken""], [""vls"", ""Loakn""], [""fr"", ""Laeken""], [""la"", ""Laca""], [""nl"", ""Laken""], [""de"", ""Laken""], [""wa"", ""Låken""]]",True,True,4.313767910003662,50.86827087402344,4.377580642700195,50.90242004394531,7b28cbc8-8f53-42dd-983a-70550179d296
16d14390-58dc-42be-9f06-173c146f08f0,BE,BE-VLG,locality,,land,Drogenbos,"[[""nl"", ""Drogenbos""], [""ru"", ""Дрогенбос""], [""gcf"", ""Drodjènbos""]]",True,True,4.288580417633057,50.779701232910156,4.325764179229736,50.813053131103516,da559901-43cc-4b36-a925-579fdf455cd0
6dba6b65-4d70-43ff-8f21-0c5211b9fd24,BE,BE-VLG,locality,,land,Broechem,"[[""ru"", ""Брухем""]]",True,True,4.557753562927246,51.16572952270508,4.636106967926025,51.20307922363281,f7adbfc9-3586-40de-bcee-495e20ab641b
12f5a06d-0f8c-43f3-b531-fb92127dd3d0,BE,BE-VLG,neighborhood,,land,Elisabethbegijnhof,,True,True,3.7098464965820312,51.05610656738281,3.714353084564209,51.060115814208984,36f83862-603a-4972-bd1e-fecc5a510404
c7ea673d-c575-4efc-8b17-356c76afc33f,BE,BE-WAL,locality,,land,Ellezelles,"[[""pcd"", ""Elzîle""], [""fr"", ""Ellezelles""], [""nl"", ""Elzele""], [""ru"", ""Эльзель""]]",True,True,3.6377451419830322,50.683929443359375,3.766733407974243,50.77348709106445,ff8b64dc-fd55-4452-9162-05aeb879f3d8
3862d325-0ae7-4d79-8813-2077bd8282fc,BE,BE-BRU,microhood,,land,Place de la Reine - Koninginneplein,"[[""fr"", ""Place de la Reine""], [""nl"", ""Koninginneplein""]]",True,True,4.368288516998291,50.85883331298828,4.369982719421387,50.85947036743164,18f82e30-c080-4c8b-9142-40271adf6cd8
39221c46-3f99-443f-ac5b-6f672f4f8b5f,BE,BE-VLG,macrohood,,land,Dampoortwijk,,True,True,3.740743398666382,51.04681396484375,3.751417398452759,51.06221389770508,e4fbcffc-fbca-4018-9514-13ca05783e87
c826e2d0-f66b-4b38-8f59-d240df609069,BE,BE-VLG,locality,,land,Nukerke,"[[""ru"", ""Нюкерке""]]",True,True,3.5779879093170166,50.76481246948242,3.641462802886963,50.806610107421875,8b64c676-8596-4db3-beb8-ca97b65142ec
d7822310-4a6a-48c2-9e4e-4aff395e68ad,BE,BE-VLG,locality,,land,Tremelo,"[[""nl"", ""Tremelo""], [""ru"", ""Тремело""]]",True,True,4.652863025665283,50.97916793823242,4.774308204650879,51.0268440246582,7b08eb0d-b8f3-4505-9683-c8fcb488362e
8bc90d2e-5ef8-4e49-a9b5-c3531ea0ec77,BE,BE-VLG,microhood,,land,Donk,,True,True,4.4288201332092285,51.26443099975586,4.460697174072266,51.284339904785156,87244736-41cc-4313-aa4b-03deb5d42de0
0ed98924-d50f-4aef-9d85-2bce473e9a22,BE,BE-VLG,locality,,land,Gestel,,True,True,4.646814346313477,51.1198844909668,4.688016414642334,51.135215759277344,09c66b4d-b8c9-4deb-b92e-81f8f8f0da14
0f600395-9195-4ed9-bdd2-db9b1c826d47,BE,BE-VLG,locality,,land,Bellingen,,True,True,4.142697334289551,50.72163009643555,4.176717281341553,50.753822326660156,bcecd1a6-c779-4764-9b6e-92f7f4de9c4a
7e871817-f332-45a9-ad5c-760101bc25bf,BE,BE-VLG,microhood,,land,Grote Markt,,True,True,4.138825416564941,51.163272857666016,4.141460418701172,51.165184020996094,e2c7d62d-1887-411a-9b9e-f0be1567869e
68bfba94-dd2e-4920-8d4b-eda22bdc20d6,BE,BE-VLG,locality,,land,Vlekkem,,True,True,3.9195921421051025,50.927001953125,3.940833806991577,50.94001388549805,89ffd4ea-ae99-4066-8a1e-e23129c21fc2
a98e10dc-a4b6-4231-bb28-d1cd48ca82df,BE,BE-VLG,locality,,land,Geraardsbergen,"[[""fr"", ""Grammont""], [""nl"", ""Geraardsbergen""], [""ru"", ""Герардсберген""], [""la"", ""Gerardimontium""]]",True,True,3.803675889968872,50.727561950683594,4.003831386566162,50.83693313598633,9197731b-7149-43ae-aba5-f22823df3476
ac9581b5-a7e0-42d7-9a4d-74db16a7e260,BE,BE-VLG,microhood,,land,Slijkhoek - Fort 6 - Drie Eiken,,True,True,4.393670082092285,51.14946365356445,4.414337635040283,51.169612884521484,17dc1e8d-3a4e-4031-9b49-4e811706f792
435ba907-2a7a-4a1b-8a76-0916db59287c,BE,BE-BRU,locality,,land,Saint-Josse-ten-Noode - Sint-Joost-ten-Node,"[[""ar"", ""سان جوس تين نود""], [""fr"", ""Saint-Josse-ten-Noode""], [""la"", ""Sanctus Iudocus ten Hoye""], [""nl"", ""Sint-Joost-ten-Node""], [""ru"", ""Сен-Жосс-тен-Ноде""], [""wa"", ""Sint-Djusse-al-Bijhe""]]",True,True,4.355247974395752,50.84711837768555,4.384052753448486,50.860321044921875,1ab11ad7-d904-4a2e-8724-cabfd1437a8b
cdd38643-1b0d-4ce9-a590-2593abc59f52,BE,BE-VLG,microhood,,land,Coxplein,,True,True,4.4332122802734375,51.21113586425781,4.434458255767822,51.211753845214844,833aaff5-0422-4eb5-a62f-4be858a6c862
8486c588-d492-4d07-89fc-7d3cc9552763,BE,BE-VLG,locality,,land,Mazenzele,,True,True,4.153449535369873,50.93201446533203,4.18496036529541,50.949195861816406,7f54bd63-2710-47b9-8d7c-2102ffa36039
d7bf1d96-8d78-4109-8ab7-e3cf79dd5750,BE,BE-VLG,locality,,land,Gijzegem,"[[""nl"", ""Gijzegem""], [""vls"", ""Gyzegem""], [""ru"", ""Гейзегем""]]",True,True,4.013748645782471,50.9715576171875,4.068481922149658,50.99483108520508,5d92685b-8fed-4f44-8eee-f2f41249884a
ff21630d-e1c8-4c44-a591-d3bcc1283bab,BE,BE-VLG,locality,,land,Baaigem,,True,True,3.703561544418335,50.922664642333984,3.7494518756866455,50.94145202636719,8bb4198b-ad86-4ebc-bc15-5289319c7034
28c3cbca-52a3-4952-bd70-6c47ce93bb90,BE,BE-VLG,locality,,land,Hallaar,"[[""ru"", ""Халлар""]]",True,True,4.6829729080200195,51.077369689941406,4.757782936096191,51.09785461425781,2ad63be1-c7ed-40f7-a8e0-732dfceb6ce4
8d8eb6a9-fd69-4385-8579-5ce9e8e56fc9,BE,BE-VLG,locality,,land,Grembergen,"[[""ru"", ""Гремберген""]]",True,True,4.072418689727783,51.03412628173828,4.134192943572998,51.07243728637695,e75ae839-ada4-4d45-8e84-db56d9a7ee73
7c8e3cff-52be-42bc-afaf-ce1f42803052,BE,BE-VLG,locality,,land,Grimbergen,"[[""li"", ""Grimberge""], [""nl"", ""Grimbergen""], [""ru"", ""Гримберген""], [""la"", ""Grimberga""]]",True,True,4.318343162536621,50.900909423828125,4.426395416259766,50.99066162109375,d63b2361-099d-49c7-8e7b-52d27b9db818
5e20aaae-0633-440e-a5e0-0a5df059b4f3,BE,BE-VLG,county,2,land,Vlaams-Brabant,"[[""pcd"", ""Brabant flaminke""], [""vls"", ""Vlams-Broabant""], [""ar"", ""برابانت الفلامندي""], [""fr"", ""Brabant flamand""], [""li"", ""Vlaams-Brabant""], [""ca"", ""Brabant Flamenc""], [""la"", ""Brabantia Flandrica""], [""nl"", ""Vlaams-Brabant""], [""eo"", ""Flandra Brabanto""], [""de"", ""Flämisch-Brabant""], [""fy"", ""Flaamsk-Brabân""], [""ru"", ""Фламандский Брабант""], [""zea"", ""Vlaoms-Braebant""], [""nds-nl"", ""Floams Broabant""], [""en"", ""Flemish Brabant""], [""sk"", ""Flámske Brabantsko""], [""wa"", ""Braibant flamind""], [""es"", ""Brabante Flamenco""], [""hu"", ""Flamand-Brabant""], [""pl"", ""Brabancja Flamandzka""]]",True,True,3.889319896697998,50.687374114990234,5.188033103942871,51.04983139038086,94c06bf1-6acf-49d4-8d15-ef288a65b401
b08c50ad-b6be-44da-b89c-6a412f8f29c0,BE,BE-VLG,microhood,,land,Grote Markt,,True,True,4.835603713989258,51.17572021484375,4.836759567260742,51.177886962890625,6b52a739-aa03-463e-9720-5aada347a648
4b9d8061-f76c-48a4-a4cb-2b019a3c30ed,BE,BE-VLG,locality,,land,Grotenberge,,True,True,3.8194446563720703,50.860599517822266,3.867302417755127,50.884944915771484,c69d2064-9a29-4b8f-9997-60be0235acab
5f7eef00-94bf-4060-8621-ee40136d7d80,BE,BE-VLG,locality,,land,Sint-Kruis-Winkel,"[[""fr"", ""Winkel-Sainte-Croix""], [""nl"", ""Sint-Kruis-Winkel""], [""vls"", ""Sint-Kruus-Winkel""], [""ru"", ""Синт-Крёйс-Винкел""]]",True,True,3.776230573654175,51.13648223876953,3.8445777893066406,51.18657684326172,f2125bb5-a1e2-4ef8-9a3c-b4371bad66c4
fa069510-f231-4ba9-a078-6aaec09eceb7,BE,BE-WAL,locality,,land,Piétrain,"[[""nl"", ""Petrem""], [""ru"", ""Пьетрен""]]",True,True,4.899963855743408,50.708255767822266,4.94886589050293,50.7426872253418,3668c76c-3583-4ae2-810a-d36c13e460cc
e28d6d11-2ed0-4abd-9b7b-77d36a4dbd0c,BE,BE-BRU,microhood,,land,Place de Saint-Job - Sint-Jobsplein,"[[""fr"", ""Place de Saint-Job""], [""nl"", ""Sint-Jobsplein""]]",True,True,4.365118980407715,50.79407501220703,4.366698265075684,50.79460906982422,a3e54f55-d888-46fd-bc02-17487ee45098
6fc800cc-657e-440e-8a80-4a551075c619,BE,BE-BRU,microhood,,land,Place Hergé - Hergéplein,"[[""fr"", ""Place Hergé""], [""nl"", ""Hergéplein""]]",True,True,4.382411003112793,50.83266830444336,4.382898330688477,50.833133697509766,68486d75-8e00-4b95-9158-6274492b5f60
9a36e532-661e-447b-9723-f8dc0f4f1aae,BE,BE-BRU,locality,,land,Ixelles - Elsene,"[[""bru"", ""Olche""], [""ar"", ""إيكسل""], [""fr"", ""Ixelles""], [""la"", ""Elsela""], [""nl"", ""Elsene""], [""ur"", ""اکسیل""], [""ru"", ""Иксель""], [""wa"", ""Icsele""]]",True,True,4.347291946411133,50.80074691772461,4.403468132019043,50.84063720703125,b5a3d9ce-9724-4442-b8d8-466577191127
1b5a8426-3848-41bf-829c-23b114e80ccf,BE,BE-WAL,microhood,,land,Place du Marché aux Chevaux,,True,True,4.867956638336182,50.7254638671875,4.868699550628662,50.726009368896484,eed76665-c928-456d-b9d0-1897304c143b
52a79148-52ce-4006-83ab-a11bec19802a,BE,BE-BRU,neighborhood,,land,Quartier de la Cathédrale,"[[""fr"", ""Quartier de la Cathédrale""]]",True,True,4.35729455947876,50.84629440307617,4.362534523010254,50.85036849975586,8560cb8f-28f5-4d1e-b867-37649cf6b3d4
37a302f2-2f01-4e65-b319-41904de69cf1,BE,BE-VLG,locality,,land,Willebringen,,True,True,4.796456813812256,50.79037857055664,4.8582258224487305,50.82249069213867,763a3f26-29eb-43f5-8024-bc8a3215d086
e9f77fc8-9e7d-4519-9d57-437cef837fdc,BE,BE-BRU,microhood,,land,Place des Acacias - Acaciasplein,"[[""fr"", ""Place des Acacias""], [""nl"", ""Acaciasplein""]]",True,True,4.39125919342041,50.832618713378906,4.392148017883301,50.83317184448242,c31c67a0-748d-4f5b-81a1-d336d1d29bd3
179e29d9-75b6-4e29-ae49-c16fd20feffb,BE,BE-VLG,locality,,land,Sint-Genesius-Rode - Rhode-Saint-Genèse,"[[""fr"", ""Rhode-Saint-Genèse""], [""la"", ""Rhoda Sancti Genesii""], [""nl"", ""Sint-Genesius-Rode""], [""ru"", ""Синт-Генезиус-Роде""], [""wa"", ""Rode-Sint-Djineze""]]",True,True,4.321198463439941,50.71510314941406,4.423898220062256,50.77337646484375,6c1cbf57-7f10-46d8-8eea-f94cae854baa
edc984d3-e080-4018-9f98-80e599b92a07,BE,BE-BRU,microhood,,land,Place de Mexico - Mexicoplein,"[[""fr"", ""Place de Mexico""], [""de"", ""Mexikoplatz""], [""nl"", ""Mexicoplein""]]",True,True,4.341856479644775,50.86083221435547,4.342630386352539,50.86123275756836,546d1665-3d88-423a-a434-529bf7c72d35
f990fbb4-104b-4e58-8c8c-082035143358,BE,BE-VLG,locality,,land,Kieldrecht,"[[""nl"", ""Kieldrecht""], [""ru"", ""Килдрехт""]]",True,True,4.162642478942871,51.27234649658203,4.261722564697266,51.33454895019531,043ff0df-1255-4693-8daa-2e41a09db8c4
6186a2ec-8c60-44e2-8267-f4c450a29203,BE,BE-VLG,locality,,land,Hofstade,"[[""ru"", ""Хофстаде""]]",True,True,4.480363368988037,50.978458404541016,4.528702735900879,51.009315490722656,5f242df0-c45a-4d82-8f5f-2c1f9d401645
59feb796-d015-485f-ba08-14e126287347,BE,BE-VLG,locality,,land,Velzeke-Ruddershove,"[[""fr"", ""Velsique-Ruddershove""], [""nl"", ""Velzeke-Ruddershove""]]",True,True,3.746828317642212,50.869869232177734,3.8090102672576904,50.918479919433594,a70645fc-f8d7-40a1-9faf-387c836d3d13
5d54a285-01a9-49d8-917a-e89ba3ef9e9e,BE,BE-VLG,neighborhood,,land,Leuvens Haasrode,,True,True,4.713141918182373,50.84263610839844,4.7423248291015625,50.8600959777832,05e4bb8a-7128-4b96-a99b-9091cc5d354e
ff10e3a3-7b71-4dd9-b56a-3cc0d97d9a52,BE,BE-VLG,neighborhood,,land,Ringenhofwijk,,True,True,4.54656457901001,51.118770599365234,4.55582857131958,51.12516784667969,705a78a1-ab11-4a60-a228-5528e388ab17
10385f5c-4cf7-43d1-bdc9-b1a827299432,BE,BE-VLG,microhood,,land,Meir,,True,True,4.400277614593506,51.21568298339844,4.416097640991211,51.22005844116211,63f07b41-3985-4803-a02c-41e570f52107
9b08597d-c483-4522-bf96-b5e3a8b28b23,BE,BE-VLG,neighborhood,,land,Conforta,,True,True,4.454530239105225,51.2244873046875,4.461754322052002,51.232608795166016,0749405a-6ee8-4135-9a9b-c32b5377a39d
7f681dc4-8551-4bea-a4bf-178d49fb3788,BE,BE-BRU,microhood,,land,Place de la Petite Suisse - Klein-Zwitserlandplein,"[[""fr"", ""Place de la Petite Suisse""], [""nl"", ""Klein-Zwitserlandplein""]]",True,True,4.38496208190918,50.81768035888672,4.38570499420166,50.81812286376953,40d923e1-d2b4-4439-b8c4-f24d1601b401
b46977c1-31d5-4b70-b79a-1bdba30415be,BE,BE-VLG,microhood,,land,Dr. Roosensplein,,True,True,4.48604679107666,51.28756332397461,4.48683500289917,51.28791809082031,74f90f68-78be-48b1-b3b9-3409d49b475e
d0b2c8f6-0dd0-4243-b98f-6eca65438b09,BE,BE-VLG,locality,,land,Blanden,"[[""nl"", ""Blanden""], [""wa"", ""Blame""]]",True,True,4.693599224090576,50.81113815307617,4.727865219116211,50.84520721435547,994e2667-9a4a-4f18-b83c-4e607b3fe86a
ee821d77-02fa-488e-b946-0d1b89890101,BE,BE-BRU,locality,,land,Forest - Vorst,"[[""ar"", ""فورست""], [""fr"", ""Forest""], [""la"", ""Forestum""], [""nl"", ""Vorst""], [""ru"", ""Форе-Ворст""], [""wa"", ""Foresse""]]",True,True,4.302022457122803,50.79751205444336,4.353603839874268,50.8305549621582,9293c46c-d3eb-4cbe-80b6-1a7ef2c4434c
91b65d38-5346-4e6e-8f9e-c78e0ea34bf7,BE,BE-VLG,locality,,land,Sint-Martens-Bodegem,"[[""fr"", ""Bodeghem-Saint-Martin""], [""nl"", ""Sint-Martens-Bodegem""]]",True,True,4.198655128479004,50.84653854370117,4.240972518920898,50.876075744628906,9d70c594-277e-461b-9d4c-c6a873178211
08c45e6f-d8cc-4915-8edd-c986e54292c1,BE,BE-VLG,neighborhood,,land,Nieuw Kwartier,,True,True,4.698660850524902,50.868316650390625,4.70772123336792,50.87213134765625,56307b83-9091-41c1-bd0c-ad3cb33018a9
1c2bd536-ec06-46e0-a48c-db15b38ee230,BE,BE-VLG,neighborhood,,land,Kievitwijk,,True,True,4.420851707458496,51.210548400878906,4.427500247955322,51.21853256225586,319cfcf3-0aee-48b7-9652-45db716ef0c8
81fa9287-1f0f-4198-8fb5-22e5ae46920e,BE,BE-VLG,locality,,land,Boutersem,"[[""nl"", ""Boutersem""], [""ru"", ""Баутерсем""]]",True,True,4.796029567718506,50.79037857055664,4.899437427520752,50.87229919433594,e127d89a-5822-4141-b140-4a2f1f379a7f
15a88444-4224-4e9c-80ea-095009e9648d,BE,BE-BRU,microhood,,land,Square Léon Jacquet - Léon Jacquetsquare,"[[""fr"", ""Square Léon Jacquet""], [""nl"", ""Léon Jacquetsquare""]]",True,True,4.353672504425049,50.8193473815918,4.353861331939697,50.819679260253906,9389aefd-8237-408a-9987-9f2b74b44223
40591c1a-f8a9-485a-8619-256e31c596b2,BE,BE-BRU,microhood,,land,Square de la République Argentine - Republiek Argentinië Square,"[[""fr"", ""Square de la République Argentine""], [""nl"", ""Republiek Argentinië Square""]]",True,True,4.365796089172363,50.799922943115234,4.366450786590576,50.80036544799805,75abafe8-357f-4666-a984-45973a20c594
a47045e7-e3a7-4a22-b14f-03ef8401a178,BE,BE-VLG,locality,,land,Weert,,True,True,4.17241907119751,51.08604049682617,4.224225997924805,51.11751174926758,cffcd02e-6f10-481f-840c-5e1ac76211e3
6df5effc-bd41-4f96-82a2-349834a908d3,BE,BE-VLG,microhood,,land,Verdraagzaamheidsplein,,True,True,4.414416790008545,51.20659255981445,4.415405750274658,51.207130432128906,41543fac-4cbf-4d3e-8553-ab1390eac973
5e04906c-f12f-4f54-b7f3-d74abf181ea1,BE,BE-VLG,locality,,land,Schellebelle,,True,True,3.9159140586853027,50.98676300048828,3.9597363471984863,51.03425979614258,e920439d-c462-49d7-8c70-2ddccebd862e
dc9480d6-34bc-4dc1-a3a2-c81e7557df7e,BE,BE-WAL,locality,,land,Hameau du Rossignol,,True,True,4.360789775848389,50.6863899230957,4.364799499511719,50.68825912475586,8dfe15fc-93ec-4001-ad9f-d1e2d9cba0d4
8bfbf7a6-618a-4831-8700-82d9f47c6161,BE,BE-VLG,locality,,land,Booischot,"[[""ru"", ""Бойсхот""]]",True,True,4.733155727386475,51.023284912109375,4.79633092880249,51.07084655761719,293aaa13-6df4-4000-8287-7a0416c4e5ba
388c7ea6-09eb-4f9d-ac05-25612f50f8ac,BE,BE-VLG,locality,,land,Zelzate,"[[""ru"", ""Зелзате""]]",True,True,3.7646470069885254,51.181983947753906,3.8562793731689453,51.21426773071289,79860379-c700-4fbd-a8a6-659b502fc0c7
7e4bfa7d-758d-4146-b6be-2d01a39945d5,BE,BE-VLG,neighborhood,,land,Oude Groenenhoek (Mortsel),,True,True,4.446114540100098,51.189064025878906,4.446905612945557,51.18952560424805,04b89fef-1881-46a7-9e18-06d0c777b29a
ce7477e2-9baa-4ab9-b9f9-f15e1ca2e561,BE,BE-VLG,microhood,,land,Oosterveld (Mortsel),,True,True,4.432952404022217,51.17404556274414,4.436859130859375,51.17792892456055,5184e9ba-cc62-4cbf-8d3c-f8d96f1af84d
29c15332-18e6-48c4-af1f-2b1db959cdfd,BE,BE-VLG,locality,,land,Bertem,"[[""nl"", ""Bertem""], [""ru"", ""Бертем""], [""la"", ""Berthemium""]]",True,True,4.546178340911865,50.81838607788086,4.660000324249268,50.8909797668457,35f79499-1755-46fc-8732-6243e1f0c5bc
f2bc1bfd-59a6-4f90-8547-5a59e1e1407e,BE,BE-VLG,locality,,land,Alsemberg,"[[""la"", ""Ausemberga""]]",True,True,4.299705982208252,50.72791290283203,4.355992317199707,50.76205062866211,a172bcfb-3141-4c14-9a98-637d2bfdb5c0
d2f4ddba-1ea4-403e-a3ba-00de41039ac7,BE,BE-VLG,locality,,land,Nossegem,,True,True,4.492882251739502,50.86937713623047,4.525043964385986,50.893306732177734,e68e95ce-5b7e-4605-9827-61b2afbddad6
3b51cb49-9348-4548-a3f3-74d2cfc323a8,BE,BE-VLG,locality,,land,Liezele,,True,True,4.254070281982422,51.039649963378906,4.306660175323486,51.07013702392578,ee833f07-49ea-4718-9894-95eddd8eca90
c3ce6c5c-9dca-42f0-9a75-957439cff7e6,BE,BE-VLG,locality,,land,Aarschot,"[[""fr"", ""Aerschot""], [""uk"", ""Аарсхот""], [""el"", ""Άαρσχοτ""], [""la"", ""Arschotum""], [""nl"", ""Aarschot""], [""bg"", ""Арсхот""], [""ko"", ""아르스홋""], [""ru"", ""Арсхот""], [""zea"", ""Aerschot""], [""az"", ""Arsxot""], [""wa"", ""Oarschot""], [""be"", ""Арсхот""], [""ja"", ""アールスコート""], [""lt"", ""Arschotas""], [""zh"", ""阿尔斯霍特""]]",True,True,4.773982048034668,50.95335388183594,4.936485290527344,51.03752517700195,1edc4d47-a035-4dd7-98fc-4987d28409a5
ced938d6-a718-448a-ac43-d75aa9b3d68c,BE,BE-VLG,neighborhood,,land,Heirnis,,True,True,3.7382984161376953,51.043113708496094,3.745870590209961,51.051700592041016,cea2c3bf-a9ac-49d2-ab18-421677113229
8a4c7729-0bbc-4e08-9fe4-d01ef1d12846,BE,BE-VLG,locality,,land,Doel,,True,True,4.216189384460449,51.279693603515625,4.286158561706543,51.353973388671875,81d051bb-7ea8-47e1-baed-21d7f4eb6890
a00163e7-8e31-4a48-8418-365218424574,BE,BE-VLG,macrohood,,land,Lokeren-Zuid,,True,True,3.9847800731658936,51.08623504638672,4.0201849937438965,51.097599029541016,56854662-4533-4f52-b203-d1471c1be9bb
59caa5a7-1970-49ae-bc88-ba5cf197b70f,BE,BE-VLG,microhood,,land,Hoogte,,True,True,4.387722015380859,51.17314147949219,4.405183792114258,51.18435287475586,85a0e591-7c34-41b1-a9e8-b1436d1a03f0
1165bb6f-173b-4456-bc18-dfd4e67e2a00,BE,BE-VLG,locality,,land,Kapellen,"[[""nl"", ""Kapellen""], [""ru"", ""Капеллен""], [""ur"", ""کاپیلن""]]",True,True,4.391716957092285,51.29264450073242,4.519002437591553,51.36442184448242,d7350c8f-caa5-4007-997e-5764093dc4ab
f4e90fce-813b-430d-ba60-fd4cb97b8690,BE,BE-VLG,locality,,land,Destelbergen,"[[""nl"", ""Destelbergen""], [""ru"", ""Дестелберген""]]",True,True,3.7560908794403076,50.99307632446289,3.844486713409424,51.08246994018555,07fc23e7-bec7-4cb6-8579-cdbbec7dcf50
62989014-0f7a-4dfa-be46-6f861d369fc1,BE,BE-WAL,locality,,land,Zétrud-Lumay,"[[""nl"", ""Zittert-Lummen""]]",True,True,4.851617336273193,50.74702072143555,4.91121244430542,50.773475646972656,1b3552c4-e938-488a-912b-bde848aceb2c
39d547a1-c25b-4ab6-a649-b2591a45a71d,BE,BE-VLG,microhood,,land,Brecht Provoostplein,,True,True,4.704218864440918,50.88256072998047,4.705179214477539,50.88340377807617,2d3b7216-ad17-49c0-a546-49eb64c34add
e3f6af66-4261-40d9-b8c5-ce1c339420e4,BE,BE-VLG,localadmin,,land,Oudenaarde,"[[""vls"", ""Oudenoarde""], [""fr"", ""Audenarde""], [""la"", ""Aldenarda""], [""nl"", ""Oudenaarde""], [""ru"", ""Ауденарде""]]",True,True,3.451288938522339,50.721012115478516,3.8818137645721436,50.95307540893555,5856ab66-aa4d-4c3d-add5-b24fb3a67117
c221c85f-5ec3-474a-b98b-181af4b4eb9d,BE,BE-VLG,microhood,,land,Grote Markt - Grand-Place,"[[""fr"", ""Grand-Place""], [""nl"", ""Grote Markt""]]",True,True,3.601102113723755,50.747039794921875,3.603095293045044,50.748226165771484,71b41638-d8a1-42c1-bab2-0ec78be4b7a9
600e866d-463e-429d-aeb1-3d4ca74ac8bd,BE,BE-VLG,locality,,land,Londerzeel,"[[""nl"", ""Londerzeel""], [""ru"", ""Лондерзел""]]",True,True,4.221181869506836,50.973907470703125,4.333449363708496,51.04319381713867,9c8faeff-98c1-4934-93de-ff22133215e0
3e49e89f-11bc-405f-97b5-dee1f5be1031,BE,BE-BRU,microhood,,land,Parvis Jeanne de Brabant - Jeanne de Brabant-plein,"[[""fr"", ""Parvis Jeanne de Brabant""], [""nl"", ""Jeanne de Brabant-plein""]]",True,True,4.433468818664551,50.816036224365234,4.433826446533203,50.81626510620117,f77889b9-5192-4ae9-9ed9-865a1e6d2af6
95609afa-4ce7-4d40-bb83-23240819bae4,BE,BE-BRU,microhood,,land,Place Julien Dillens - Julien Dillensplein,"[[""fr"", ""Place Julien Dillens""], [""nl"", ""Julien Dillensplein""]]",True,True,4.348910808563232,50.83171081542969,4.349699974060059,50.8321647644043,3960b94a-76fd-4dec-bce6-d4311da78280
3a4b4119-2cbb-4c3d-8e15-714ad75df4c7,BE,BE-VLG,locality,,land,Lot,"[[""ru"", ""Лот""]]",True,True,4.256793022155762,50.749149322509766,4.3020501136779785,50.78105926513672,1ab5cdbc-b783-4b76-b3c6-f52a4581fdde
72d4896a-0acc-4801-b12c-5242ae3a05dc,BE,BE-VLG,locality,,land,Volkegem,,True,True,3.612865686416626,50.82686996459961,3.657181739807129,50.85095977783203,f34fe270-b38f-49ec-9f14-8d54db6e9827
26c4907b-0f30-47fa-80b2-67e35db7a6c9,BE,BE-BRU,microhood,,land,Place Paul Janson - Paul Jansonplein,"[[""fr"", ""Place Paul Janson""], [""nl"", ""Paul Jansonplein""]]",True,True,4.354397773742676,50.82543182373047,4.355067729949951,50.8258056640625,ccc45c06-08c5-46a1-bdc5-7ba1f66182c6
1b919efb-9fce-44ea-a2fb-3ab9b03ddd06,BE,BE-VLG,locality,,land,Bevere,,True,True,3.56585431098938,50.83336639404297,3.612071990966797,50.86724090576172,b8447503-d8d1-40ad-94eb-437043fac2e9
364beca0-5b2b-4c28-9ca0-0d5fa6497e1b,BE,BE-VLG,locality,,land,Wilrijk,"[[""la"", ""Villariacum""]]",True,True,4.348912239074707,51.143280029296875,4.435149669647217,51.18442916870117,5a5e68e9-faed-495a-ad5a-2be3c6281b81
84d1fd10-9a73-4697-af1a-59719fe9e6ae,BE,BE-VLG,locality,,land,Merendree,,True,True,3.5476465225219727,51.065467834472656,3.613147497177124,51.101139068603516,fffe3677-9e44-4442-8eed-382208c18eb1
43978b2a-987c-40b7-a3c0-a8e279deea0a,BE,BE-VLG,locality,,land,Bekkerzeel,,True,True,4.224847793579102,50.878440856933594,4.249431610107422,50.895545959472656,8496ef1a-9a93-42e2-ba5a-2c6e63b7089a
68e8c307-0908-4af2-9873-edd3ed292514,BE,BE-VLG,locality,,land,Zarlardinge,,True,True,3.803675889968872,50.74137878417969,3.843808650970459,50.78746795654297,55f8d8d9-502b-469f-a946-0748e5f9e265
7f7ae256-25a9-49f0-80b1-88d50862e00d,BE,BE-VLG,locality,,land,Weerde,,True,True,4.458685398101807,50.961368560791016,4.493701934814453,50.98857879638672,ac006931-df56-4fb0-a27d-e647295ca335
74dd6fb4-c750-48da-8b90-bb89594c9bf1,BE,BE-BRU,microhood,,land,Square Velghe - Velghesquare,"[[""fr"", ""Square Velghe""], [""nl"", ""Velghesquare""]]",True,True,4.4497551918029785,50.84774398803711,4.450841426849365,50.8481330871582,ef402b72-e15b-45b0-a3b0-84a3492fddfc
5483c3e0-db7b-4eb8-8d1e-045e176c4d11,BE,BE-VLG,locality,,land,Vilvoorde,"[[""gcf"", ""Vilvod""], [""fr"", ""Vilvorde""], [""la"", ""Vilvordia""], [""nl"", ""Vilvoorde""], [""ru"", ""Вилворде""], [""wa"", ""Vilvôr""]]",True,True,4.3604631423950195,50.89698028564453,4.4870829582214355,50.959285736083984,df44dd57-9ef0-474e-8821-f980e401b5fa
acd25469-90dd-4474-9016-6126dfce70da,BE,BE-VLG,locality,,land,Malle,,True,True,4.6336846351623535,51.242469787597656,4.776651859283447,51.326847076416016,b959d5bd-5fe5-4d59-9f8c-7d3d68656f88
e8a38ae9-feec-447a-8e4f-b795f78a5404,BE,BE-VLG,locality,,land,Landskouter,,True,True,3.7842535972595215,50.959991455078125,3.811148166656494,50.977664947509766,7f45cdfb-3a7e-47a3-bbf1-220296354e4d
b4269904-bf3c-46d3-b083-0f0fa70da16e,BE,BE-VLG,locality,,land,Meerbeke,,True,True,4.014912128448486,50.80237579345703,4.075477123260498,50.83774185180664,7e0fdada-64c4-4b53-a2ba-60efbfc087ce
2fa7da05-43cc-46ef-9bdd-28983c8b15e7,BE,BE-BRU,microhood,,land,Place Rolin - Rolinplein,"[[""fr"", ""Place Rolin""], [""nl"", ""Rolinplein""]]",True,True,4.397836685180664,50.82732391357422,4.398621559143066,50.82784652709961,65cd0764-170a-4fb8-95ba-edc3f7563363
c77b3b46-8d38-48a4-afc2-04c2fa434141,BE,BE-BRU,microhood,,land,Place de Ninove - Ninoofseplein,"[[""fr"", ""Place de Ninove""], [""nl"", ""Ninoofseplein""]]",True,True,4.338346004486084,50.84891891479492,4.339145660400391,50.849525451660156,176d6b48-1227-4dd4-b579-1e935119430c
bb424fd8-b376-40b5-8c97-ef670ead54bd,BE,BE-BRU,neighborhood,,land,Quartier Royal - Koninklijke Wijk,"[[""fr"", ""Quartier Royal""], [""nl"", ""Koninklijke Wijk""], [""en"", ""Royal Quarter""]]",True,True,4.354725360870361,50.838871002197266,4.369140148162842,50.8482551574707,12d0d07d-71d3-4216-82a6-a05666284c46
b6866028-05a1-49f6-90ff-5bbd3d097f6f,BE,BE-VLG,locality,,land,Kessel-Lo,,True,True,4.709024906158447,50.87027359008789,4.770424842834473,50.90917205810547,5854bda1-5e96-4ff1-93a2-9029c89de8a8
2901ad47-8aff-43be-b25b-b1c496178e2e,BE,BE-VLG,microhood,,land,Yperman - Steytelinck,,True,True,4.3939948081970215,51.165260314941406,4.412655353546143,51.173057556152344,3d425d75-ed3c-4585-9889-70d6c5f6129c
57979de9-067b-49f7-80fd-141be369a075,BE,BE-VLG,locality,,land,Keerbergen,"[[""nl"", ""Keerbergen""], [""ru"", ""Керберген""]]",True,True,4.598542213439941,50.98537826538086,4.709489822387695,51.02403259277344,191b5c38-2122-44c6-a99a-564b889e4320
4ecb70e1-c4de-485a-ae96-c04d0feb92e2,BE,BE-VLG,neighborhood,,land,Woonproject Notelaarstraat,,True,True,3.7281651496887207,50.98271179199219,3.7305567264556885,50.98408126831055,e7180466-20c6-4d5c-a961-f4349d59109f
5a3cb896-cd3f-4dc1-b081-d3ea7328f37c,BE,BE-VLG,microhood,,land,Justitieplein,,True,True,4.098685264587402,51.03124237060547,4.099813461303711,51.03188705444336,21f1d172-bf16-4a5e-a044-b3fc056f9fdc
bff7a307-81ca-4cc1-989e-032bf5f426be,BE,BE-VLG,locality,,land,Zingem,"[[""ru"", ""Зингем""]]",True,True,3.630258560180664,50.88626480102539,3.686661958694458,50.91450500488281,92bb6d2d-7d06-4ac0-bc96-84b4cd003e8b
5f713f34-c67e-4233-844f-dc4ed3f0914b,BE,BE-WAL,locality,,land,Dergneau,,True,True,3.5549216270446777,50.70552444458008,3.5940804481506348,50.73001480102539,6359fd92-0427-4af6-8ad1-d918bed699ca
2870200e-1e43-4c83-9d23-152b0f4bd479,BE,BE-VLG,locality,,land,Bogaarden,,True,True,4.108834743499756,50.7127685546875,4.15054988861084,50.75404357910156,66de898b-1ea5-439d-afdc-367d1d79176d
b7913dea-8f5c-48c2-9a5d-00bd4d052ffe,BE,BE-VLG,microhood,,land,Grote Markt,,True,True,4.700211048126221,50.87880325317383,4.701973915100098,50.87943649291992,d329c114-401b-49ad-9e3e-c30f3b1d09e1
65fd2f2a-0f22-4918-9937-4e89fa1be3ac,BE,BE-VLG,microhood,,land,Kardinaal Mercierplein,,True,True,4.573596477508545,51.12946701049805,4.574652194976807,51.130088806152344,5d88394e-5a9a-45ff-b798-b16cd48636d7
66e5d05c-8e09-425a-84d4-ff7a70189416,BE,BE-VLG,microhood,,land,Terbekehof,,True,True,4.348912239074707,51.143280029296875,4.3849711418151855,51.16374969482422,6bfdfe02-cade-47f2-9f37-759c8a2817fa
44170c7f-0cfa-414b-8127-3cafb6a15840,BE,BE-VLG,locality,,land,Nazareth,"[[""ru"", ""Назарет""]]",True,True,3.5385489463806152,50.92839431762695,3.6454687118530273,50.988277435302734,e555aec2-89a5-48fe-a9d5-11165f468fa3
51a9e207-a5fb-4e59-bc07-14b7603e2e5c,BE,BE-BRU,microhood,,land,Place Nelson Mandela - Nelson Mandelaplein,"[[""fr"", ""Place Nelson Mandela""], [""nl"", ""Nelson Mandelaplein""]]",True,True,4.439079284667969,50.84791564941406,4.439661502838135,50.84822082519531,7206c882-29dc-4bf9-9231-3503aa9fd6e4
3afd1a5b-3f1f-4ae9-9871-3e216ebf54d2,BE,BE-BRU,microhood,,land,Place Masui - Masuiplein,"[[""fr"", ""Place Masui""], [""nl"", ""Masuiplein""]]",True,True,4.363877296447754,50.870574951171875,4.365312576293945,50.87117004394531,de637e57-adf7-411b-bb5b-dd8b7ec45ef2
bbc74f07-41a6-4357-b10a-5c831c3739a4,BE,BE-VLG,locality,,land,Stekene,"[[""nl"", ""Stekene""], [""ru"", ""Стекене""]]",True,True,3.971122980117798,51.16887664794922,4.093509197235107,51.24993896484375,e3f4046d-f715-40c8-9c01-83fee2e44d81
59b14a90-d77e-4cab-aecb-69f052c7f92f,BE,BE-VLG,locality,,land,Ranst,"[[""nl"", ""Ranst""], [""ru"", ""Ранст""]]",True,True,4.530081272125244,51.14828872680664,4.643867015838623,51.23611068725586,bb9a3c73-75ce-4cf1-a8da-5629e12e5d6d
071ffd94-55c1-418b-99ea-f8990ca6ca22,BE,BE-VLG,microhood,,land,Middelheim,,True,True,4.392780780792236,51.1738166809082,4.424513339996338,51.19007110595703,8a22dd1d-c254-45ac-8302-e64991fb7602
59b2a870-66c6-43b9-adf1-a91e04b47d0a,BE,BE-VLG,neighborhood,,land,Kruininge-Bremweide,,True,True,4.454375743865967,51.22853469848633,4.487958908081055,51.240234375,d86f748c-bc70-413f-8602-5eab938d6434
c57624d3-2ee3-495c-9888-f8219e59bded,BE,BE-VLG,locality,,land,Elversele,"[[""ru"", ""Элверселе""]]",True,True,4.1282196044921875,51.10524368286133,4.159696102142334,51.13524627685547,af3e55d1-e93a-4a37-ba84-7126169248fd
0cbe9e9f-54ef-4834-92c9-9cb5fcf1f509,BE,BE-VLG,locality,,land,Baal,,True,True,4.730830192565918,50.98799133300781,4.774308204650879,51.0268440246582,92b4e3f2-22d9-4246-b5bf-97920d5f9727
e852b03f-82b2-4aa0-9741-e5c4f19d9118,BE,BE-VLG,microhood,,land,Luchtbal,,True,True,4.417678356170654,51.239341735839844,4.428636074066162,51.26448440551758,51a6d14b-f869-4ed1-83ea-e0a7e3b43dc7
e2555c1d-24f7-4319-aa13-971371a89248,BE,BE-VLG,microhood,,land,Tentoonstellingswijk,,True,True,4.386302471160889,51.183895111083984,4.4058003425598145,51.19612121582031,30e452dd-cdc5-4cb7-90c3-c08b45e6cfe0
9599445b-c330-4b6c-80df-211ae18a4068,BE,BE-BRU,localadmin,,land,Brussel-Hoofdstad - Bruxelles-Capitale,"[[""vls"", ""Brussels-Oofdstedelik""], [""lb"", ""Bréissel-Haaptstad""], [""ar"", ""بروكسل العاصمة""], [""fr"", ""Bruxelles-Capitale""], [""li"", ""Brussels-Hoofsjtaejelik""], [""br"", ""Brusel Kêr-benn""], [""ca"", ""Brussel·les-Capital""], [""nl"", ""Brussel-Hoofdstad""], [""de"", ""Brüssel-Hauptstadt""], [""ur"", ""برسلز دارالحکومت""], [""nds-nl"", ""Bruzzels Heufdstedelk Gewest""], [""en"", ""Brussels-Capital""], [""sk"", ""Brusel - Hlavné mesto""], [""wa"", ""Brussele-Capitåle""], [""es"", ""Bruselas-Capital""]]",True,True,4.243765354156494,50.76367950439453,4.482271194458008,50.91390609741211,46cb8691-b7be-4bfc-a40e-1b6d5ae01703
4f872e3d-437a-4634-a8f4-4f85e206c0f3,BE,BE-VLG,locality,,land,Waasmunster,"[[""ru"", ""Васмюнстер""], [""fr"", ""Waesmunster""], [""nl"", ""Waasmunster""]]",True,True,4.012269973754883,51.09093475341797,4.141676902770996,51.14628601074219,f0b5c069-968c-4d18-8548-2abff8823c1f
c9eb23e8-932d-49a7-bff6-36b802e64bfb,BE,BE-VLG,locality,,land,Antwerpen,"[[""hy"", ""Անտվերպեն""], [""pcd"", ""Anvérse""], [""gcf"", ""Anvè""], [""bs"", ""Antwerp""], [""vls"", ""Antwerpn""], [""ba"", ""Антверпен""], [""hr"", ""Antwerpen""], [""ta"", ""ஆண்ட்வெர்ப்""], [""ka"", ""ანტვერპენი""], [""ar"", ""أنتويرب""], [""fr"", ""Anvers""], [""ug"", ""Antwérp""], [""lv"", ""Antverpene""], [""eu"", ""Anberes""], [""am"", ""አንትወርፕ""], [""bn"", ""আন্টভের্প""], [""uz"", ""Antverpen""], [""uk"", ""Антверпен""], [""li"", ""Antwerpe""], [""ky"", ""Антверпен""], [""ga"", ""Antuairp""], [""pt-PT"", ""Antuérpia""], [""pt"", ""Antuérpia""], [""cs"", ""Antverpy""], [""gl"", ""Anveres""], [""gn"", ""Amberes""], [""nds"", ""Antwarp""], [""el"", ""Αμβέρσα""], [""it"", ""Anversa""], [""ca"", ""Anvers""], [""pt-BR"", ""Antwerp""], [""os"", ""Антверпен""], [""vi"", ""Antwerp""], [""la"", ""Antverpia""], [""tzl"", ""Anviarça""], [""tl"", ""Amberes""], [""nl"", ""Antwerpen""], [""zh-Hans"", ""安特卫普""], [""bg"", ""Атверпен""], [""ko"", ""안트베르펜""], [""eo"", ""Antverpeno""], [""mk"", ""Антверпен""], [""oc"", ""Anvèrs""], [""et"", ""Antwerpen""], [""de"", ""Antwerpen""], [""yi"", ""אנטווערפן""], [""ha"", ""Birnin Antwerp""], [""cy"", ""Antwerp""], [""cv"", ""Антверпен""], [""ur"", ""اینٹ ورپن""], [""ru"", ""Антверпен""], [""ht"", ""Anvè""], [""ml"", ""ആന്റ്‌വെർപ്""], [""th"", ""แอนต์เวิร์ป""], [""id"", ""Antwerp""], [""ce"", ""Антверпен""], [""sq"", ""Antwerp""], [""sr-Latn"", ""Antverpen""], [""sv"", ""Antwerpen""], [""tr"", ""Anvers""], [""da"", ""Antwerpen""], [""my"", ""အန့်တွပ်မြို့""], [""sr-Cyrl"", ""Антверпен""], [""nds-nl"", ""Antwaarp""], [""zh-Hant"", ""安特衛普""], [""en"", ""Antwerp""], [""he"", ""אנטוורפן""], [""kn"", ""ಆಂಟ್ವೆರ್ಪ್""], [""sk"", ""Antverpy""], [""az"", ""Antverpen""], [""wa"", ""Anverse""], [""es"", ""Amberes""], [""hi"", ""एंटवर्प""], [""vo"", ""Antwerpen""], [""mr"", ""अँटवर्प""], [""an"", ""Anvers""], [""be"", ""Антверпен""], [""sd"", ""انٽورپ""], [""mi"", ""Anatawepa""], [""ja"", ""アントワープ""], [""fi"", ""Antwerpen""], [""ro"", ""Anvers""], [""lt"", ""Antverpenas""], [""no"", ""Antwerp""], [""kk"", ""Антверпен""], [""sl"", ""Antwerp""], [""fa"", ""آنتورپ""], [""zh"", ""安特卫普""], [""ms"", ""Antwerp""], [""hu"", ""Antwerpen""], [""pl"", ""Antwerpia""]]",True,True,4.217576503753662,51.143280029296875,4.509054660797119,51.37763595581055,d68cde32-90c0-41b7-8be0-b95a69bc05cc
18b68c2e-2fb6-43fb-9a45-f6353958e1c6,BE,BE-VLG,locality,,land,Leerbeek,"[[""ru"", ""Лербек""]]",True,True,4.094606399536133,50.76823043823242,4.1523566246032715,50.7874755859375,7d403bfd-2a6e-4629-a25e-ea04e9cd700d
738442a2-75ee-4c5c-9d37-dad6044f8ac6,BE,BE-VLG,locality,,land,Binkom,"[[""ru"", ""Бинком""]]",True,True,4.871232032775879,50.851715087890625,4.911133289337158,50.89268493652344,44f88680-2868-4ae2-a6a4-beef3dd76670
58194ee0-7f00-47d3-98dc-f66a2af14993,BE,BE-VLG,locality,,land,Borgerhout,,True,True,4.426591396331787,51.19416046142578,4.458959102630615,51.22639465332031,9a9cfb7c-7427-44ac-bd6a-7465f19e5029
1d7608fa-f2e3-4d01-9108-86593d7740f3,BE,BE-VLG,locality,,land,Herne,"[[""fr"", ""Hérinnes""], [""nl"", ""Herne""], [""ru"", ""Херне""], [""la"", ""Herna""]]",True,True,3.9757463932037354,50.694393157958984,4.079599857330322,50.75200271606445,09b73d76-c1fb-4a1d-b5fe-dd277e356cb0
7da5de3b-2c0e-4a64-a0a5-32022c87f8b7,BE,BE-VLG,locality,,land,Noorderwijk,"[[""nl"", ""Noorderwijk""], [""vls"", ""Noorderwyk""]]",True,True,4.790191173553467,51.11112594604492,4.852996826171875,51.163307189941406,04badaa5-3088-4fa4-988d-67260390e821
b869509a-812c-42ac-bafb-f24644f1d461,BE,BE-WAL,microhood,,land,Place du Brabant wallon,,True,True,4.5894060134887695,50.7310676574707,4.590161323547363,50.731510162353516,2156409e-38f5-42ee-9396-3c76740a2fd5
1ca6958b-5420-437a-b0c4-e4170cf48f00,BE,BE-BRU,microhood,,land,Square Henri Frick - Henri Fricksquare,"[[""fr"", ""Square Henri Frick""], [""nl"", ""Henri Fricksquare""]]",True,True,4.368213176727295,50.851200103759766,4.369643211364746,50.85261154174805,68db9ebe-ba4d-4574-a5d9-463b575cf4e4
eaa38540-8e5f-4fdf-8829-c3b0483cd8ad,BE,BE-VLG,neighborhood,,land,Hoogboom-Zilverenhoek,,True,True,4.4206953048706055,51.29264450073242,4.474523067474365,51.333866119384766,73ef8df0-3a04-46c1-98c4-7b56ed3f1a3d
d68cd52d-0267-47a2-8e56-a22f25000813,BE,BE-WAL,locality,,land,Dion-le-Mont,,True,True,4.635065078735352,50.68465042114258,4.68989372253418,50.70888137817383,fd87d684-6dc2-47af-b835-2ac746de9547
2d6c26bf-6ebc-4b20-bee1-94db1622e9db,BE,BE-VLG,microhood,,land,Julie Billiartplein,,True,True,4.026492118835449,51.06458282470703,4.027563571929932,51.0651741027832,4edeacca-f086-4b39-a744-7bad12c777e9
702ff349-3fde-4e4e-b080-21a19efe97cc,BE,BE-VLG,locality,,land,Poederlee,"[[""ru"", ""Пудерле""]]",True,True,4.7984089851379395,51.20694351196289,4.878708362579346,51.239898681640625,a167edaf-ea98-4f1e-893d-d2948b33b869
a2308d6c-941a-443f-93b1-a0514a37f27c,BE,BE-WAL,locality,,land,Paudure,,True,True,4.315403461456299,50.69082260131836,4.3254828453063965,50.699153900146484,650a9a66-ba21-46a1-a968-7de448ca5234
a51054d8-d986-41e8-85ae-66b89a86ca41,BE,BE-VLG,microhood,,land,Amandus-Atheneum,,True,True,4.413303852081299,51.21867752075195,4.423523902893066,51.22984313964844,9d1a4483-1980-4323-adda-1e09e8f58543
7ca5e8da-846b-4e9a-88a0-5064fd7cc95d,BE,BE-VLG,locality,,land,Herentals,"[[""ru"", ""Херенталс""]]",True,True,4.775637149810791,51.10298156738281,4.882621765136719,51.21591567993164,b9770735-9ba3-4c53-a002-b0e6d7971a3b
aab8e1c9-2f15-4747-9d35-6424a37c6dce,BE,BE-VLG,neighborhood,,land,Ertbrugge,,True,True,4.479030132293701,51.22455596923828,4.496351718902588,51.235328674316406,14bf8835-7f0c-4937-8378-f8329589f400
1f519557-550f-41ad-b541-b03f742c6007,BE,BE-VLG,microhood,,land,Korenmarkt,,True,True,3.721534490585327,51.053707122802734,3.722447633743286,51.055580139160156,a474c356-252b-45ab-8e30-1a76571b0d95
d5b71bd1-3f5b-40d9-9359-e14f9e0b9437,BE,BE-VLG,locality,,land,Reet,"[[""ru"", ""Рет""]]",True,True,4.359368801116943,51.08985900878906,4.439198970794678,51.119083404541016,12043b35-ef58-49cd-824c-87fab079889c
e3b417d9-1143-41b8-a239-442a158423e6,BE,BE-VLG,microhood,,land,Sint-Laurentiusplein,,True,True,3.9900460243225098,51.105438232421875,3.991347312927246,51.10584259033203,8ac17429-8e7e-4ece-a285-75abe95bcf08
4ddda3c6-cceb-4d89-8017-ec3c4da3c6f1,BE,BE-VLG,locality,,land,Bever,"[[""fr"", ""Biévène""], [""nl"", ""Bever""], [""ru"", ""Бевер""]]",True,True,3.889319896697998,50.688968658447266,3.974172830581665,50.73304748535156,796122bb-f44a-4b9b-89b0-4aee26104f24
f99e9e40-2348-402f-8149-9a0c8c7293da,BE,BE-VLG,locality,,land,Ramsdonk,,True,True,4.3195061683654785,50.99546813964844,4.381692886352539,51.030906677246094,63db9f28-96cb-4b8b-adac-8d7124ab7926
2aec725e-a4fd-41eb-b80d-b77d4a10c32d,BE,BE-VLG,locality,,land,Vinderhoute,"[[""ru"", ""Виндерхауте""]]",True,True,3.6181511878967285,51.074134826660156,3.6670119762420654,51.09222412109375,980ab27d-4a86-4eda-879f-094fb2312e17
72bb0483-2b23-4e89-a122-8aee908fec5b,BE,BE-VLG,locality,,land,Lebbeke,"[[""nl"", ""Lebbeke""], [""ru"", ""Леббеке""]]",True,True,4.071118354797363,50.96702575683594,4.168959140777588,51.02165985107422,31b167d3-9574-4173-a1d0-aadc43a24e0c
504c5fd5-d4ea-4948-9bfb-a082282e01c6,BE,BE-VLG,locality,,land,'s-Gravenwezel,"[[""ru"", ""Гравенвезел""]]",True,True,4.5294084548950195,51.2289924621582,4.597287654876709,51.29243087768555,7893cb7a-f06c-4abc-84d8-7dfe55a4c184
675e177b-64fb-46cc-83c3-174d82b7ea51,BE,BE-VLG,microhood,,land,Dorpsplein,,True,True,3.7637600898742676,51.099830627441406,3.764763355255127,51.10059356689453,e3386131-813f-4e75-91ac-20c16c70e63c
54af4c7c-177d-4746-ae1f-ef55cfa3701a,BE,BE-VLG,locality,,land,Meise,"[[""vls"", ""Meyse""], [""fr"", ""Meise""], [""la"", ""Mansio""], [""nl"", ""Meise""], [""ru"", ""Мейсе""]]",True,True,4.270456790924072,50.92072677612305,4.353546619415283,51.00437927246094,bed540a5-c39d-4d9a-bb28-619642c92912
cad1f100-75cb-421a-8d80-ad01f4e1ee6d,BE,BE-VLG,locality,,land,Erondegem,,True,True,3.9294729232788086,50.93341827392578,3.9642574787139893,50.95463562011719,b933fd75-9be5-4fbd-84b9-fd4e811c46cf
8a670a2a-d5bd-45cc-86fd-bfaef9250ba0,BE,BE-VLG,locality,,land,Wieze,"[[""ru"", ""Визе""]]",True,True,4.072758197784424,50.96702575683594,4.1253228187561035,50.99029541015625,8aa65eaa-a69d-4ff9-82bf-89a90b7adfbc
8e9d45fa-4450-4307-b62d-cab06e8bbe37,BE,BE-WAL,locality,,land,L'Infante,,True,True,4.383510112762451,50.698524475097656,4.388325214385986,50.70160675048828,06820b14-8a0b-4f3c-af69-971dcc269340
27f57595-d7f7-46ab-87ea-2e2ed86babf9,BE,BE-VLG,locality,,land,Hulshout,"[[""ru"", ""Хюлсхаут""]]",True,True,4.766866207122803,51.02831268310547,4.868825435638428,51.08858871459961,c0fa9a6d-1344-46f8-8b37-0bcb32efe84b
f86fc847-0062-475e-9d69-f8670a83c494,BE,BE-VLG,locality,,land,Sinaai,"[[""fr"", ""Sinay""], [""nl"", ""Sinaai""], [""ru"", ""Синай""]]",True,True,3.9853250980377197,51.1341552734375,4.067492485046387,51.19160079956055,07bbfdb3-706c-498c-8ba4-ba6fc1b4e501
2fa50ded-46cd-477a-972a-d288f1da5618,BE,BE-VLG,macrohood,,land,Antwerpen-Noord,,True,True,4.412955284118652,51.217472076416016,4.442542552947998,51.2398796081543,8fd8eb24-79ad-41e6-b653-081d20355652
97195827-9125-4048-b020-7a15f290883e,BE,BE-VLG,neighborhood,,land,Den Beenaert,,True,True,4.126253128051758,51.17082595825195,4.130188465118408,51.17302322387695,83fd5862-b206-441e-829c-c0865e1dfbe5
e815b109-5165-4f5a-b68b-0c2328ba2f79,BE,BE-VLG,county,2,land,Antwerpen,"[[""hy"", ""Անտվերպեն""], [""pcd"", ""Anvérse""], [""vls"", ""Antwerpn""], [""hr"", ""Antwerpen""], [""ka"", ""ანტვერპენი""], [""ar"", ""أنتويرب""], [""fr"", ""Anvers""], [""lv"", ""Antverpene""], [""uk"", ""Антверпен""], [""pt"", ""Antuérpia""], [""cs"", ""Antverpy""], [""nds"", ""Antwarp""], [""el"", ""Αμβέρσα""], [""it"", ""Anversa""], [""ca"", ""Anvers""], [""la"", ""Antverpia""], [""tzl"", ""Anviarça""], [""nl"", ""Antwerpen""], [""eo"", ""Antverpeno""], [""mk"", ""Антверпен""], [""de"", ""Antwerpen""], [""ur"", ""اینٹورپ""], [""ru"", ""Антверпен""], [""sr-Cyrl"", ""Антверпен""], [""nds-nl"", ""Antwaarp""], [""en"", ""Antwerp""], [""he"", ""אנטוורפן""], [""kn"", ""ಆಂಟ್ವೆರ್ಪ್""], [""sk"", ""Antverpy""], [""wa"", ""Anverse""], [""es"", ""Amberes""], [""ja"", ""アントワープ""], [""fi"", ""Antwerpen""], [""lt"", ""Antverpenas""], [""zh"", ""安特卫普""], [""hu"", ""Antwerpen""], [""pl"", ""Antwerpia""]]",True,True,4.17241907119751,50.990142822265625,5.262248992919922,51.5051155090332,ceebe04e-2cbd-4a7e-9c86-ee2959122e50
c2288b3f-1592-4d9d-b2c5-e7e47249beac,BE,BE-VLG,microhood,,land,terras,,True,True,4.866668224334717,51.311004638671875,4.866752624511719,51.31111526489258,3796234d-3db5-4e41-9896-8f2b67a27ded
cda051dd-e93c-4311-92e2-20455c74d911,BE,BE-VLG,locality,,land,Massemen,,True,True,3.845391035079956,50.96934509277344,3.9038844108581543,50.99269104003906,a8053803-4c02-4480-9de8-20e9593ed67c
bbf1b7bc-2910-4ad8-8817-95ccf6a3fc7a,BE,BE-WAL,locality,,land,Clabecq,"[[""pcd"", ""Clabek""], [""fr"", ""Clabecq""], [""nl"", ""Klabbeek""], [""ru"", ""Клабек""], [""en"", ""Clabecq""], [""wa"", ""Clabek""]]",True,True,4.208406448364258,50.67753982543945,4.246544361114502,50.70565414428711,18be4231-2dd6-49a9-946e-a36b6045edba
d8b9ad71-0f33-4222-a5dd-c76847565ec0,BE,BE-VLG,microhood,,land,Dam,,True,True,4.412955284118652,51.22673416137695,4.442542552947998,51.2398796081543,a6e5ac68-91ec-42c7-ab50-5cdb44fdff4a
68b03a9f-d381-45e6-ba3f-f383a2f1d52a,BE,BE-VLG,locality,,land,Pamel,"[[""ru"", ""Памел""]]",True,True,4.040668964385986,50.81351089477539,4.101686954498291,50.85591125488281,04bb7c38-96ef-462d-9d0d-e2eb1fdc56ab
4c696f5b-b297-4dbc-963c-c78ab5d278ef,BE,BE-VLG,locality,,land,Zemst,"[[""nl"", ""Zemst""], [""ru"", ""Земст""]]",True,True,4.36940336227417,50.94652557373047,4.528702735900879,51.009315490722656,55605bb2-8aa8-425b-bd0c-e0959abaa0b3
47840acc-c07f-4d2e-8b36-cdf3268fb292,BE,BE-VLG,microhood,,land,Hippoliet Lippensplein,,True,True,3.7299890518188477,51.049835205078125,3.730592727661133,51.05023956298828,4cd6bdc1-b86d-43b6-8559-6abebd93ea58
c018b9cc-fc98-4cc2-ac6a-5806d550725c,BE,BE-BRU,microhood,,land,Marché aux Poissons - Vismarkt,"[[""fr"", ""Marché aux Poissons""], [""nl"", ""Vismarkt""], [""bru"", ""Vismet""]]",True,True,4.346595764160156,50.851016998291016,4.348813533782959,50.8537712097168,972ee4bd-a76a-4a08-b7c4-3a44deb81411
f12d5820-7e80-4a5d-bbb7-fb7ece4ec597,BE,BE-VLG,microhood,,land,terras,,True,True,4.866527080535889,51.310768127441406,4.8668131828308105,51.310829162597656,c0131074-598c-49de-97d0-36e33418af87
3b9fbfd5-efd0-4548-aed8-ef4fd77d22e8,BE,BE-BRU,microhood,,land,Place Lucienne Herman-Michielsens - Lucienne Herman-Michielsensplein,"[[""fr"", ""Place Lucienne Herman-Michielsens""], [""nl"", ""Lucienne Herman-Michielsensplein""]]",True,True,4.401761054992676,50.81833267211914,4.4023308753967285,50.81864547729492,66cc830b-1cfc-48fb-9423-d27fe7741dc2
3b303e3b-985a-4544-96fd-f33ec47656a5,BE,BE-BRU,neighborhood,,land,Quartier de la Senne - Zennewijk,"[[""fr"", ""Quartier de la Senne""], [""nl"", ""Zennewijk""]]",True,True,4.338128089904785,50.84494400024414,4.347988605499268,50.85306167602539,eb997220-4280-4635-bacc-debb8e4ba3ea
eac95098-409c-492f-bc57-2258f9d18ef5,BE,BE-VLG,locality,,land,Bornem,"[[""nl"", ""Bornem""], [""ru"", ""Борнем""]]",True,True,4.17241907119751,51.05817413330078,4.327864646911621,51.12480163574219,f1a68cdb-6bec-4503-9b29-52387665bd50
2ef7ddeb-7aac-454c-b08f-d906c4956e87,BE,BE-VLG,locality,,land,Halle,"[[""ru"", ""Халле""]]",True,True,4.614125728607178,51.21892166137695,4.676158905029297,51.26688003540039,176ca816-9f0c-4bed-97ee-5169f588834d
7b59640e-eec9-4782-918a-8d3025413724,BE,BE-VLG,locality,,land,Vosselaar,"[[""nl"", ""Vosselaar""], [""ru"", ""Восселар""], [""mk"", ""Воселар""]]",True,True,4.837204933166504,51.28501510620117,4.91436243057251,51.32718276977539,eb7a31a6-7831-4da2-9a84-7a76c8bfbdf2
9532e553-f671-4d43-a16e-a16c2084dd16,BE,BE-BRU,microhood,,land,Porte d'Anvers - Antwerpsepoort,"[[""fr"", ""Porte d'Anvers""], [""nl"", ""Antwerpsepoort""]]",True,True,4.3523736000061035,50.85620880126953,4.353039741516113,50.856685638427734,046512ad-b56b-4b23-a3fb-43bc10cc15bf
107f0706-bef3-4414-9e39-83b0724a815f,BE,BE-VLG,locality,,land,Zaventem,"[[""nl"", ""Zaventem""], [""ru"", ""Завентем""], [""ur"", ""زاوینتم""], [""gcf"", ""Zavèntèm""]]",True,True,4.420870780944824,50.83429718017578,4.536389350891113,50.9024658203125,b21583f5-cecf-45d8-88e8-b3516f7edebf
8e24de29-1046-4acc-956f-fcd882abe0c6,BE,BE-BRU,locality,,land,Woluwe-Saint-Pierre - Sint-Pieters-Woluwe,"[[""ar"", ""وولوي-سان-بيير""], [""fr"", ""Woluwe-Saint-Pierre""], [""la"", ""Wolua Sancti Petri""], [""nl"", ""Sint-Pieters-Woluwe""], [""ru"", ""Волюве-Сен-Пьер""], [""wa"", ""Woluwé-Sint-Pire""]]",True,True,4.404361724853516,50.818416595458984,4.476725101470947,50.84894561767578,7124db79-a689-468b-8f35-09a6b38cd2a0
d14c27b2-1daf-4dfc-bc3f-542efe47af65,BE,BE-VLG,locality,,land,Dilbeek,"[[""nl"", ""Dilbeek""], [""ru"", ""Дилбек""], [""ur"", ""دلبیک""]]",True,True,4.166008472442627,50.812618255615234,4.289841175079346,50.8907585144043,1b7580a2-6b22-4920-a325-2a73596fde3d
0a9b954d-9ae5-4ce8-9671-7ad98ae8f737,BE,BE-VLG,locality,,land,Meldert,"[[""fr"", ""Maillard""], [""nl"", ""Meldert""]]",True,True,4.8005266189575195,50.77432632446289,4.863071918487549,50.80449676513672,b2240c0e-c011-4873-800e-7ec91bb728c8
6858ad95-ca9d-4437-a349-10dec421cca8,BE,BE-VLG,neighborhood,,land,Begijnhof,,True,True,4.472628593444824,51.030181884765625,4.47526216506958,51.03391647338867,ef2949b0-c7c2-4d03-a87d-e090c468e370
912565c9-92d1-4a15-a69d-96eea9b1dd2a,BE,BE-VLG,microhood,,land,Korbeekhof,,True,True,4.655554294586182,50.859535217285156,4.65585470199585,50.85971450805664,7c8c5915-1685-41a2-b37f-411b9ca3c56b
b3bbfeb1-480b-481b-b4b5-7f8b2913686f,BE,BE-VLG,neighborhood,,land,Waalse Krook,,True,True,3.7268316745758057,51.04802703857422,3.729344129562378,51.0496826171875,1db9c7cb-44ee-454f-a767-aaba5e5cf7b5
56672b2b-5ade-4c11-9bdc-4b964257635c,BE,BE-VLG,microhood,,land,Groentemarkt,,True,True,3.987905979156494,51.103546142578125,3.9893646240234375,51.103919982910156,0491dac0-3d1d-4758-80f1-2c2befda6303
33f3b358-a3c6-4808-a1b7-8c4b2d4d1b3b,BE,BE-VLG,locality,,land,Ekeren,"[[""ur"", ""ایکرن""], [""carnaval"", ""Bierpruversdorp""]]",True,True,4.385919570922852,51.263954162597656,4.461175441741943,51.306766510009766,5c0923f4-b80b-41f1-b8c3-1e59c0dab0f0
0d0b08e6-058a-4060-846e-3fbf761d41f0,BE,BE-VLG,locality,,land,Sint-Kwintens-Lennik,"[[""fr"", ""Lennik-Saint-Quentin""], [""nl"", ""Sint-Kwintens-Lennik""]]",True,True,4.108898162841797,50.7796630859375,4.180661201477051,50.84321594238281,a95ced9e-3f8d-42f6-b40d-3b0318bc9d87
b8072464-cf6a-4c1a-8972-e108caf5d58c,BE,BE-VLG,locality,,land,Sint-Pieters-Kapelle,"[[""fr"", ""Saint-Pierre-Capelle""], [""nl"", ""Sint-Pieters-Kapelle""], [""ru"", ""Синт-Питерс-Капелле""]]",True,True,3.9587790966033936,50.687374114990234,4.036323070526123,50.726593017578125,c95ece0f-7f31-4b58-bdfd-8c8c556cf0aa
cf1432b5-d43e-4a27-97bd-9d8f1553717c,BE,BE-VLG,locality,,land,Oosteeklo,"[[""ru"", ""Остекло""]]",True,True,3.6602015495300293,51.167762756347656,3.7307519912719727,51.2114372253418,1c4104b1-8215-443b-97f1-73b62cfba8d3
c426b035-f84b-4cc0-af8e-b54ac3dc0754,BE,BE-VLG,microhood,,land,Leugenberg,,True,True,4.396965980529785,51.2864990234375,4.435118198394775,51.306766510009766,bcb5475a-9d87-4762-bf9f-b67b5ac0f5d9
6c61578d-4ee7-44f5-8908-f7009834bf9a,BE,BE-VLG,locality,,land,Kester,"[[""fr"", ""Castre""], [""la"", ""Castra""], [""nl"", ""Kester""]]",True,True,4.060705184936523,50.74539566040039,4.144052028656006,50.78057098388672,23d01cd7-5963-404f-aa0c-0b9d862ac3c9
2670664f-e527-4f29-b8b8-85abc4a79108,BE,BE-VLG,macrohood,,land,Linkeroever,,True,True,4.338120937347412,51.201908111572266,4.398021221160889,51.24009323120117,8961f185-8403-4ba7-aa4e-3a80c2ef9373
4838b675-f931-4498-8bbe-1a5f93e53792,BE,BE-VLG,neighborhood,,land,Drakenhof-Langbaanvelden,,True,True,4.4674506187438965,51.19035339355469,4.475826263427734,51.199283599853516,74ad7d16-dbed-4692-b7ea-2d055bd4e350
4826f60c-42be-4585-989e-cbaf3e356a32,BE,BE-VLG,locality,,land,Hove,"[[""fr"", ""Hove""], [""nl"", ""Hove""], [""de"", ""Hove""], [""ru"", ""Хове""], [""en"", ""Hove""]]",True,True,4.458144187927246,51.13042068481445,4.5104146003723145,51.16326141357422,ba43ebc9-ec02-4fe3-a367-f7499239100d
0368be4d-2611-4e72-847b-b7566986b126,BE,BE-VLG,locality,,land,Kluizen,"[[""nl"", ""Kluizen""], [""ru"", ""Клёйзен""]]",True,True,3.7059450149536133,51.1437873840332,3.765071392059326,51.165958404541016,9a342eb5-505d-45a0-90ca-8293230349a2
4975fd8a-16a0-43d9-8ca3-d7044f8162cf,BE,BE-VLG,locality,,land,Eine,,True,True,3.5486409664154053,50.85433578491211,3.6337766647338867,50.88742446899414,f26374fc-e2ac-4e6f-bf88-ebcdd7af47d1
cab91268-b4e9-411f-8874-d15afa2e4bf1,BE,BE-VLG,locality,,land,Tielt-Winge,"[[""nl"", ""Tielt-Winge""], [""ru"", ""Тилт-Винге""]]",True,True,4.842953681945801,50.88026428222656,4.951830863952637,50.963226318359375,82469331-adbe-4783-8cdf-2b50eda05ac9
411910e6-e9da-4a19-b1e3-ac6e3b26c706,BE,BE-VLG,locality,,land,Heusden,"[[""ru"", ""Хёсден""]]",True,True,3.787148952484131,50.99307632446289,3.8429641723632812,51.05961990356445,c9623ab0-4f9e-4343-b0cb-a4f4a5408e5b
da680a84-726c-491c-b2b0-605cd988afd2,BE,BE-WAL,locality,,land,Ohain,"[[""ru"", ""Оэн""]]",True,True,4.416242599487305,50.66636276245117,4.50248908996582,50.72418212890625,1fbfac4d-8566-41d3-a2f9-6ead03bab35b
3c8b7518-bac7-4212-a002-5c887fce46f4,BE,BE-VLG,locality,,land,Buizingen,,True,True,4.24262809753418,50.721435546875,4.284303665161133,50.7542839050293,187bd491-1d97-478c-9bd5-10356f3db859
706b3702-c3a1-4ae1-8585-65ede7fb5854,BE,BE-VLG,locality,,land,Wezembeek-Oppem,"[[""nl"", ""Wezembeek-Oppem""], [""ru"", ""Везембек-Оппем""]]",True,True,4.470353603363037,50.82597351074219,4.517372131347656,50.86199951171875,bab243b6-09cf-47cd-b148-b4480cdefa86
4975182a-a6fd-454c-902e-ed60972bff5d,BE,BE-VLG,neighborhood,,land,Tisselt,,True,True,4.327735900878906,51.01637268066406,4.381266117095947,51.04914093017578,d1ab59db-b4ff-49d9-afc8-ef68dd4fdbb2
ff635bb3-ffd5-4575-ab07-124f694e732b,BE,BE-BRU,microhood,,land,Place Stéphanie - Stefaniaplein,"[[""fr"", ""Place Stéphanie""], [""nl"", ""Stefaniaplein""]]",True,True,4.357366561889648,50.833316802978516,4.35770320892334,50.83353805541992,659196af-d0f6-465a-a83d-a6b1015116f6
ff2139fd-e7a5-48ec-ba1f-0f2818e421fe,BE,BE-BRU,microhood,,land,Place André Duchêne - André Duchêneplein,"[[""fr"", ""Place André Duchêne""], [""nl"", ""André Duchêneplein""]]",True,True,4.4351806640625,50.806968688964844,4.43560791015625,50.80723190307617,aa11e0a1-a1da-4177-89ab-1c2fa84aacca
1cf00f72-9449-4b86-b67b-880ece5b5b4b,BE,BE-BRU,microhood,,land,Rond Point du Pannenhuis - Pannenhuisplein,"[[""fr"", ""Rond Point du Pannenhuis""], [""nl"", ""Pannenhuisplein""]]",True,True,4.337595462799072,50.87792205810547,4.338004112243652,50.87809371948242,e0ed393f-bd02-4b3b-bc6e-690ecabda9e3
a3fdfaf4-0c0a-47ec-8c97-7e55dc5a0899,BE,BE-VLG,locality,,land,Rillaar,"[[""ru"", ""Риллар""]]",True,True,4.861630439758301,50.95524215698242,4.933523654937744,50.996604919433594,b906a956-eba5-45ea-b963-307333ef50bb
3cb7830a-bfb4-4d8d-9dbd-fddf62091ecb,BE,BE-VLG,neighborhood,,land,Venneborg,,True,True,4.470403671264648,51.21846389770508,4.481333255767822,51.2259407043457,9129547c-9276-4c6a-adba-778700896689
190dd0df-a7ab-483f-9f36-28d1d88657fb,BE,BE-VLG,locality,,land,Bevel,"[[""ru"", ""Бевел""]]",True,True,4.667171955108643,51.12239074707031,4.718182563781738,51.15009689331055,6575bded-9c47-47d9-9862-08ec6699f3af
1432ae6b-179a-43da-a954-b3b06355642b,BE,BE-VLG,locality,,land,Serskamp,"[[""ru"", ""Серскамп""]]",True,True,3.9113857746124268,50.97130584716797,3.9695756435394287,51.00863265991211,1c3a3666-1dad-41b5-b08a-8d8c5c0735c1
557a0445-697f-40c4-be9c-7f7f53686581,BE,BE-VLG,neighborhood,,land,Tisselt (Breendonk),,True,True,4.326151371002197,51.036415100097656,4.330005645751953,51.04093933105469,b510474b-469a-4218-9b79-1922a1c1544c
084f2d4d-c13e-433d-ac62-c50f67b27b30,BE,BE-WAL,locality,,land,Bierges,"[[""fr"", ""Bierges""], [""wa"", ""Biedje""]]",True,True,4.553736209869385,50.69599533081055,4.621927738189697,50.738868713378906,65c1c17c-19c9-4abb-82cb-f48785a17614
f7a80b3d-b630-4af4-b0c1-252fe71ca13a,BE,BE-VLG,locality,,land,Zandbergen,,True,True,3.9384286403656006,50.774044036865234,3.9875638484954834,50.81816101074219,63487955-df5f-413e-8ad5-ee6f79c8ed89
37cbd617-55a8-4084-b1a1-ed1eb4daca19,BE,BE-VLG,microhood,,land,Sint-Hadrianusplein,,True,True,4.7020416259765625,50.926204681396484,4.70306396484375,50.926612854003906,2ff003b2-f9b3-4e84-997b-362cabe7e0c2
43c8ecbb-ad89-4b1c-8d1f-700de834bcb6,BE,BE-WAL,locality,,land,Wannebecq,"[[""fr"", ""Wannebecq""], [""ru"", ""Ванбек""]]",True,True,3.757948398590088,50.679141998291016,3.8123886585235596,50.708641052246094,ebbb0ce6-1875-4cce-a724-2d7f0627a271
48e32039-58c3-4209-8753-833317da67f9,BE,BE-VLG,locality,,land,Elene,,True,True,3.80043888092041,50.8786506652832,3.8298521041870117,50.912147521972656,603590ba-4231-472b-a870-6aa38ee35d14
edf83ba7-0216-4e7e-9e15-074695fb0490,BE,BE-VLG,locality,,land,Bambrugge,,True,True,3.9182372093200684,50.907142639160156,3.949162244796753,50.92978286743164,38e0c245-2615-4a9d-829e-a9bc478c1dc9
30d016a2-1ffb-43ec-b883-60f16e1394aa,BE,BE-VLG,locality,,land,Hoeilaart,"[[""vls"", ""Hoeiloart""], [""fr"", ""Hoeilaert""], [""nl"", ""Hoeilaart""], [""ru"", ""Хуйларт""], [""wa"", ""Houlåte""]]",True,True,4.405201435089111,50.73514175415039,4.511533737182617,50.78269577026367,793fcc4d-1674-4ed2-ac8d-d1f9d7d057be
cdc23b18-584f-42a6-9944-f1105dcb4a45,BE,BE-WAL,locality,,land,Odeghien,,True,True,4.3287177085876465,50.69495391845703,4.336552143096924,50.70272445678711,095a6e35-8603-4c55-b94c-24793769e060
0640188b-88c7-48b9-8525-7ee04829038b,BE,BE-VLG,locality,,land,Lennik,"[[""nl"", ""Lennik""], [""ru"", ""Ленник""], [""la"", ""Liniacum""]]",True,True,4.108898162841797,50.7796630859375,4.211951732635498,50.84321594238281,88b972d3-ad46-409a-955f-1b5a6c51b081
ce3ab550-e278-4f52-9e9b-dae7e3c7f602,BE,BE-VLG,microhood,,land,Industriepark-Oost,,True,True,4.380650997161865,51.14728546142578,4.394275665283203,51.162109375,759979ea-e761-4ced-83e8-51a4dbad4c73
46c53c41-dd10-4700-8b92-645cef4cd6a7,BE,BE-VLG,locality,,land,Lichtaart,"[[""fr"", ""Lichtaert""], [""nl"", ""Lichtaart""], [""ru"", ""Лихтарт""]]",True,True,4.863160133361816,51.19461441040039,4.952916622161865,51.26744079589844,94e0e3d5-ca7a-423d-b7b6-333a7c90541c
0999689b-b26a-4a46-9279-e33e1e64e052,BE,BE-VLG,locality,,land,Waarschoot,"[[""ru"", ""Варсхот""]]",True,True,3.562220335006714,51.11902618408203,3.6478271484375,51.17538070678711,31c1216a-e7f9-48d5-8065-ee405b865bf5
cbb75e02-dfdb-4cd5-a2f4-e24bb243c2b0,BE,BE-VLG,locality,,land,Lier,"[[""fr"", ""Lierre""], [""uk"", ""Лір""], [""br"", ""Lier""], [""it"", ""Lier""], [""nl"", ""Lier""], [""bg"", ""Лийр""], [""de"", ""Lier""], [""ru"", ""Лир""], [""da"", ""Lier""], [""sr-Cyrl"", ""Лир""], [""wa"", ""Lierre""], [""es"", ""Lier""], [""lt"", ""Lyras""], [""zh"", ""利尔""]]",True,True,4.505845546722412,51.07266616821289,4.643025875091553,51.16578674316406,c0c5471c-fc5e-4d5e-899d-23af7a48bf83
140f97d1-d17c-4202-b3bd-841c7ca8bdb6,BE,BE-VLG,locality,,land,Zoerle-Parwijs,"[[""ru"", ""Зурле-Парвейс""]]",True,True,4.862753391265869,51.08177947998047,4.884373664855957,51.09870529174805,42aa2326-3b12-44ca-bc84-9649cc7f5058
5f81a7e0-b8ec-434f-8f6f-f2778a560d57,BE,BE-WAL,locality,,land,Hamme-Mille,"[[""ru"", ""Хамме-Милле""], [""wa"", ""Ame""]]",True,True,4.697989463806152,50.76847839355469,4.754231929779053,50.805484771728516,4362a364-a740-47ce-be43-fd45eb7f7bae
a30248b4-7161-4273-83c6-7c720d4a9964,BE,BE-VLG,locality,,land,Mollem,"[[""ru"", ""Моллем""]]",True,True,4.200039863586426,50.909515380859375,4.252542972564697,50.94446563720703,cb1e4b27-4f7d-40ce-ab02-7a460de12387
a3523afc-95e4-4991-a827-31ac069c5cb3,BE,BE-VLG,locality,,land,Ouwegem,"[[""ru"", ""Аувегем""]]",True,True,3.5861570835113525,50.906959533691406,3.6323118209838867,50.94017791748047,d6bc570f-9400-412a-8c01-045b186fd2b9
e30841e2-4841-437b-8206-df3f8648f648,BE,BE-WAL,locality,,land,Hameau du Pont,,True,True,4.26800012588501,50.683135986328125,4.276402473449707,50.69276809692383,d62be83d-3855-4100-aec8-db4567b60159
cd1c1628-d3b6-4771-b17b-60a54053d3c6,BE,BE-VLG,locality,,land,Pepingen,"[[""nl"", ""Pepingen""], [""ru"", ""Пепинген""]]",True,True,4.071962833404541,50.70550537109375,4.202512741088867,50.78981399536133,b6c201c4-4064-4071-8c96-c420e30098d0
b36afb83-7e9e-45b8-b5d3-04e0194c7853,BE,BE-VLG,locality,,land,Vaalbeek,,True,True,4.673205375671387,50.813175201416016,4.703023433685303,50.8348388671875,b74ebe2a-7bb0-419a-a5c0-5fd1f3e6a1d8
498bef00-efec-4c10-bbc4-f9e09cf53280,BE,BE-VLG,locality,,land,Affligem,"[[""nl"", ""Affligem""], [""ru"", ""Аффлигем""]]",True,True,4.074244976043701,50.88323211669922,4.150485992431641,50.932472229003906,d4515945-7a71-4f55-8e72-09007f89d4e8
7f158868-1008-4a02-80e8-e4114fe111e4,BE,BE-VLG,locality,,land,Kumtich,"[[""ru"", ""Кюмтих""]]",True,True,4.851720809936523,50.80034255981445,4.914046287536621,50.848907470703125,8cf092a7-326a-40cb-b121-592417f43e19
7a9e3490-634d-4e80-99a4-17b7a48583a3,BE,BE-VLG,microhood,,land,Nieuw Kwartier,,True,True,4.416331768035889,51.17669677734375,4.444399833679199,51.19637680053711,06f92118-046b-4cd1-b1f6-ab29afa11521
558a2c90-8aee-403d-b4fe-3b70bf779161,BE,BE-WAL,locality,,land,Roux-Miroir,,True,True,4.741492748260498,50.69620895385742,4.805848598480225,50.729835510253906,caff6407-9aea-4c52-8e7a-443270a92257
9b4f783d-ad26-4e7b-ad27-8ee2d1fb7c5d,BE,BE-VLG,locality,,land,Werchter,,True,True,4.66995096206665,50.95512771606445,4.768278121948242,50.986289978027344,6d2a69b0-c6df-47f0-b073-75f4a2d1eaea
e7641e60-8def-421d-8ec5-b3c0bad7e0e7,BE,BE-VLG,locality,,land,Tielt,"[[""ru"", ""Тилт""]]",True,True,4.878027439117432,50.906070709228516,4.951830863952637,50.963226318359375,f9f811b4-0f42-4c23-9dae-16e93a0b63ea
e6a43431-d4de-4939-8c7c-39078effc298,BE,BE-VLG,locality,,land,Haasrode,"[[""ru"", ""Хасроде""]]",True,True,4.656804084777832,50.79085922241211,4.74659538269043,50.84501266479492,4811e689-628a-4066-892c-a7a5090fda30
d127bf51-35cd-4c48-a9e8-26521c0db3d8,BE,BE-VLG,locality,,land,Kaprijke,,True,True,3.574742555618286,51.16809844970703,3.6650803089141846,51.2494010925293,f6d3763e-4bb4-4961-aaaa-887e21db271a
420796a4-a708-451a-995c-b8001b6966d3,BE,BE-VLG,microhood,,land,Stationsplein,,True,True,3.872194290161133,50.76976776123047,3.873494863510132,50.77070617675781,77c9853e-960b-417a-923f-5d9984f85cc7
f3a6f076-f45a-4b23-8331-a0ffa5383f01,BE,BE-VLG,locality,,land,Letterhoutem,,True,True,3.8438239097595215,50.914100646972656,3.891540765762329,50.94293212890625,00c69414-9da7-4fad-ae85-9bb5664eabe7
f9c4947d-9d79-4ae2-b1d2-299d765a05ef,BE,BE-VLG,microhood,,land,Victor Broosplein,,True,True,4.700257301330566,50.88739013671875,4.701265335083008,50.88793182373047,85831024-615d-4a52-bd99-5f480294de24
8ebbf5e2-caed-456d-ab94-44b27afd7f6e,BE,BE-VLG,locality,,land,Wachtebeke,"[[""ru"", ""Вахтебеке""]]",True,True,3.8290162086486816,51.144046783447266,3.92216420173645,51.223018646240234,06fab584-d1e1-47a9-8cdf-1d39180b9b8e
44672109-1115-4094-96df-d44b9b651687,BE,BE-VLG,microhood,,land,Kluizeplein,,True,True,4.577931880950928,51.12917709350586,4.578405857086182,51.12958526611328,3c9f9321-6d57-407a-b4f9-ecae1790a384
37ec3145-2ed8-498f-aeb5-ad056e807abe,BE,BE-VLG,locality,,land,Koningshooikt,"[[""ru"", ""Конингсхойт""]]",True,True,4.548451900482178,51.07266616821289,4.643025875091553,51.113059997558594,4acdd39a-343b-4676-9e46-283dff5ae419
b9152444-80ef-42d1-9b6f-a6ed87b9687a,BE,BE-VLG,microhood,,land,Marie Popelinlaan,,True,True,4.6518354415893555,50.859596252441406,4.652161121368408,50.85980987548828,f64900eb-9b8a-4fd5-9a08-2760aa223f29
87cff5dd-a832-4e35-ada2-b9c340664e35,BE,BE-VLG,locality,,land,Huise,"[[""fr"", ""Huysse""]]",True,True,3.5636794567108154,50.88235092163086,3.6418237686157227,50.92146301269531,ca5ecf78-f040-4425-a932-7cd91a25940b
6f1fb0fd-947b-417f-9672-0e7373fff99e,BE,BE-VLG,locality,,land,Steenokkerzeel,"[[""nl"", ""Steenokkerzeel""], [""ru"", ""Стенокерзел""]]",True,True,4.457831859588623,50.889068603515625,4.534135818481445,50.95942687988281,a0bd3b95-8dee-4c69-b1b9-717c42157cda
49bb8aff-ad80-4f0c-8631-2e4ec24dcdf3,BE,BE-VLG,locality,,land,Roosdaal,"[[""nl"", ""Roosdaal""], [""vls"", ""Rôosdoal‎""], [""ru"", ""Росдал""], [""wa"", ""Roosdal""]]",True,True,4.040668964385986,50.81150817871094,4.150580883026123,50.858619689941406,6968a5c4-c06c-4018-be5f-a23cf50918d0
7a5310e1-7d14-45b4-934a-a4d1d7a390d0,BE,BE-WAL,locality,,land,Melin,,True,True,4.772916316986084,50.73044967651367,4.857725143432617,50.76156997680664,683bd214-66c5-4432-ad58-14c6827fd56f
38bcedae-9220-4eaf-83b1-521ca5d96bb8,BE,BE-VLG,locality,,land,Desteldonk,"[[""ru"", ""Дестелдонк""]]",True,True,3.7754173278808594,51.11076354980469,3.8236684799194336,51.141571044921875,201d9740-4d2e-4f5e-ae18-94c38f4400ab
b0eaa3a8-188d-4677-8761-70349c20f27c,BE,BE-VLG,microhood,,land,Stationswijk,,True,True,3.981588125228882,51.10492706298828,3.9920732975006104,51.1094970703125,2cae853d-3460-4d19-9112-cac428e2791a
b66fecb3-9741-4116-8ebd-88091fc16011,BE,BE-BRU,neighborhood,,land,Matongé,,True,True,4.361219882965088,50.83469009399414,4.367252826690674,50.83868408203125,04641a01-78eb-4bc4-95d1-76f5bb6d2136
1740596f-d4eb-4e26-9b1d-06aef21e3ff0,BE,BE-VLG,localadmin,,land,Antwerpen,"[[""hy"", ""Անտվերպեն""], [""pcd"", ""Anvérse""], [""vls"", ""Antwerpn""], [""hr"", ""Antwerpen""], [""ka"", ""ანტვერპენი""], [""ar"", ""أنتويرب""], [""fr"", ""Anvers""], [""lv"", ""Antverpene""], [""uk"", ""Антверпен""], [""pt"", ""Antuérpia""], [""cs"", ""Antverpy""], [""nds"", ""Antwarp""], [""el"", ""Αμβέρσα""], [""it"", ""Anversa""], [""ca"", ""Anvers""], [""la"", ""Antverpia""], [""tzl"", ""Anviarça""], [""nl"", ""Antwerpen""], [""eo"", ""Antverpeno""], [""mk"", ""Антверпен""], [""de"", ""Antwerpen""], [""ur"", ""اینٹورپن""], [""ru"", ""Антверпен""], [""sr-Cyrl"", ""Антверпен""], [""nds-nl"", ""Antwaarp""], [""en"", ""Antwerp""], [""he"", ""אנטוורפן""], [""kn"", ""ಆಂಟ್ವೆರ್ಪ್""], [""sk"", ""Antverpy""], [""wa"", ""Anverse""], [""es"", ""Amberes""], [""ja"", ""アントワープ""], [""fi"", ""Antwerpen""], [""lt"", ""Antverpenas""], [""zh"", ""安特卫普""], [""pl"", ""Antwerpia""]]",True,True,4.217576503753662,51.07158660888672,4.776651859283447,51.482398986816406,6398bed7-4e0d-475b-aa30-f9ce778c93cd
e1a59a72-33ef-438d-a32c-f6101f23635a,BE,BE-BRU,microhood,,land,Place du Rinsdelle - Rinsdelleplein,"[[""fr"", ""Place du Rinsdelle""], [""nl"", ""Rinsdelleplein""]]",True,True,4.395237445831299,50.833518981933594,4.396326541900635,50.834442138671875,1762a653-7f2b-44f5-ad7e-4bf099eebfc2
453ace76-454e-4bba-8710-78f24b59b0dc,BE,BE-BRU,microhood,,land,Place Marie Janson - Marie Jansonplein,"[[""fr"", ""Place Marie Janson""], [""nl"", ""Marie Jansonplein""]]",True,True,4.346399784088135,50.8297004699707,4.347888469696045,50.83099365234375,15fe0546-488a-48e1-9e17-4f650fb480f3
336e98fb-60e2-46b8-88b2-480474a238a8,BE,BE-VLG,locality,,land,Nazareth-De Pinte,"[[""fr"", ""Nazareth-La Pinte""]]",True,True,3.5385489463806152,50.92839431762695,3.71109676361084,51.01435852050781,8d6dbc52-e526-4390-bdf5-b15722aa6b22
c0fc068b-7c7d-467b-a7d6-af10dc03d022,BE,BE-BRU,microhood,,land,Place Colonel Bremer - Kolonel Bremerplein,"[[""fr"", ""Place Colonel Bremer""], [""nl"", ""Kolonel Bremerplein""]]",True,True,4.383378028869629,50.85554504394531,4.384231090545654,50.85608673095703,b534d704-61a6-49cc-9ba3-c277f4268e23
11261917-9590-46f2-938f-e859363da09d,BE,BE-VLG,neighborhood,,land,Lillo,"[[""la"", ""Lilloa""]]",True,True,4.271210193634033,51.29304885864258,4.3559651374816895,51.33620071411133,8db05655-b4f4-4396-a05f-0d05fa8edd05
6095257f-a73d-46a0-9695-d984cb22c55e,BE,BE-VLG,microhood,,land,Jozef Eerdekensstraat,,True,True,4.700472354888916,50.86503601074219,4.700947284698486,50.86525344848633,094fdb5c-52d7-4523-a149-68b338e48456
2d851d12-b18f-4e5d-acdd-e4d7ccee2983,BE,BE-VLG,locality,,land,Ronse,"[[""fr"", ""Renaix""], [""la"", ""Rothnacum""], [""nl"", ""Ronse""], [""ru"", ""Ронсе""], [""wa"", ""Rinais""]]",True,True,3.5378880500793457,50.721012115478516,3.677598476409912,50.78419494628906,8dc5dd6b-2c37-46ef-8f84-c2ed1a8e8a4e
5bce9042-0144-4d7c-ae04-a468ad5b4be4,BE,BE-BRU,microhood,,land,Place du Luxembourg - Luxemburgplein,"[[""fr"", ""Place du Luxembourg""], [""nl"", ""Luxemburgplein""]]",True,True,4.371860980987549,50.838661193847656,4.373690605163574,50.839656829833984,368b53c6-3f1c-4a76-a1ce-3068dd650333
140292ee-0b48-496d-a9c9-976d7b19c07c,BE,BE-VLG,locality,,land,Beigem,"[[""ru"", ""Бейгем""]]",True,True,4.344343185424805,50.945438385009766,4.384877681732178,50.96863555908203,88f4c006-8561-42ee-87e1-8e1323983c0d
596c1603-2315-4cea-b3dc-b5837040c2e2,BE,BE-VLG,locality,,land,Belsele,"[[""fr"", ""Belcele""], [""ru"", ""Белселе""]]",True,True,4.05861234664917,51.12995147705078,4.123968601226807,51.183956146240234,85410b6d-5f79-4bd9-a98c-416712604aee
1ec92219-cd5f-45e1-b5bd-8917d6381696,BE,BE-VLG,neighborhood,,land,Deurne-Dorp - Expo,,True,True,4.45105504989624,51.217872619628906,4.466587543487549,51.227481842041016,e89d5657-44d3-40f0-9b11-30a063e6bc39
c5e39861-f4ff-41a8-a322-d79fc35d08fc,BE,BE-VLG,locality,,land,Nijlen,"[[""nl"", ""Nijlen""], [""ru"", ""Нейлен""]]",True,True,4.597188949584961,51.12239074707031,4.7202606201171875,51.181087493896484,6e6de677-553d-46d0-b4b2-701868499326
c112b77f-d130-4dc1-ae89-a309f31bc585,BE,BE-WAL,locality,,land,Lessines,"[[""pcd"", ""Lissene""], [""fr"", ""Lessines""], [""la"", ""Lessinia""], [""nl"", ""Lessen""], [""ru"", ""Лесин""], [""wa"", ""Lessines""]]",True,True,3.7451202869415283,50.66939163208008,3.9134557247161865,50.751609802246094,b1cc0a64-4412-44c8-a3a6-e86be5ef1465
31a0f938-24fe-43f0-b37e-3826dfbbc5ac,BE,BE-VLG,microhood,,land,Rector De Somerplein,,True,True,4.7018208503723145,50.87879943847656,4.70343017578125,50.87947463989258,3b271a37-69ac-435d-a33d-74fa9ddcd026
aae3215d-33d4-489f-b5e3-5f284648c93c,BE,BE-BRU,microhood,,land,Porte de Ninove - Ninoofsepoort,"[[""fr"", ""Porte de Ninove""], [""nl"", ""Ninoofsepoort""]]",True,True,4.337823867797852,50.84907150268555,4.338499546051025,50.84964370727539,2968347a-b55c-410f-863d-101784275de6
e0fcaf70-94af-468c-a8aa-038ebbda05db,BE,BE-VLG,locality,,land,Sint-Laureins,"[[""fr"", ""Saint-Laurent""], [""nl"", ""Sint-Laureins""]]",True,True,3.4757349491119385,51.215511322021484,3.6869966983795166,51.30595397949219,75896596-9dbd-4a8e-bfbc-98f3ccbbfb97
68f6fb19-c1bb-457a-86c1-4c6026d70885,BE,BE-VLG,locality,,land,Sint-Maria-Latem,"[[""fr"", ""Laethem-Sainte-Marie""], [""nl"", ""Sint-Maria-Latem""]]",True,True,3.6929306983947754,50.8798828125,3.7200686931610107,50.89717483520508,96add697-f4c7-4ade-833d-c54921f6324f
603de2aa-f9d7-44c4-a9fd-0a3efc0568bd,BE,BE-VLG,locality,,land,Uitbergen,,True,True,3.9309475421905518,51.006195068359375,3.9850680828094482,51.04949188232422,081ce783-56e2-4adc-9f86-cc3d32f77a1c
a3ebd03d-87b7-4b37-8f95-4704b64f1dde,BE,BE-WAL,locality,,land,Deux-Acren,"[[""nl"", ""Twee-Akren""], [""la"", ""Bina Acrinia""], [""fr"", ""Deux-Acren""], [""ru"", ""Дёз-Акрен""]]",True,True,3.822577476501465,50.7121696472168,3.899076461791992,50.751609802246094,46402625-8395-439d-a860-cdbf98f21faf
f6a50bfe-bd0d-4aa0-8ca4-888fc42a3412,BE,BE-VLG,neighborhood,,land,Gallifort-Ter Rivieren,,True,True,4.46084451675415,51.219722747802734,4.475219249725342,51.22854232788086,25684421-16b8-4910-b9df-4456ce696e46
5f840b69-4924-45cd-93e4-67986e36477b,BE,BE-BRU,locality,,land,Bruxelles - Brussel,"[[""hy"", ""Բրյուսել""], [""pcd"", ""Brusselle""], [""se"", ""Bryssel""], [""ku"", ""Bruksel""], [""gcf"", ""Brisèl""], [""xmf"", ""ბრიუსელი""], [""rue"", ""Брусел""], [""crh"", ""Brüksel""], [""bs"", ""Brisel""], [""kaa"", ""Bryussel""], [""ba"", ""Брюссель""], [""lb"", ""Bréissel""], [""hr"", ""Brisel""], [""ta"", ""பிரசெல்சு""], [""ka"", ""ბრიუსელი""], [""ar"", ""بروكسل""], [""yue"", ""布魯塞爾""], [""fr"", ""Bruxelles""], [""nah"", ""Brusel""], [""ug"", ""Bryussél""], [""lv"", ""Brisele""], [""eu"", ""Brusela""], [""mdf"", ""Брюсэль""], [""vep"", ""Brüssel'""], [""am"", ""ብሩክሴል""], [""mt"", ""Brussell""], [""bn"", ""ব্রাসেলস""], [""gsw"", ""Brüssel""], [""av"", ""Брюссель""], [""csb"", ""Bruksela""], [""mzn"", ""بروکسل""], [""bho"", ""ब्रसेल्स""], [""uk"", ""Брюссель""], [""hyw"", ""Պրիւքսէլ""], [""rmy"", ""Brusel""], [""szl"", ""Bruksela""], [""si"", ""බෲසෙල්ස්""], [""lld"", ""Bruselas""], [""ky"", ""Брюссель""], [""pa"", ""ਬਰੱਸਲਸ""], [""ga"", ""An Bhruiséil""], [""ceb"", ""Bruselas""], [""br"", ""Brusel""], [""ady"", ""Брюссел""], [""tt"", ""Брюссель""], [""war"", ""Bruselas""], [""so"", ""Boroksel""], [""pt-PT"", ""Bruxelas""], [""pt"", ""Bruxelas""], [""cs"", ""Brusel""], [""kv"", ""Брюссель""], [""smn"", ""Bryssel""], [""gl"", ""Bruxelas""], [""cu"", ""Брюѯєль""], [""gug"", ""Vuruséla""], [""nds"", ""Brüssel""], [""el"", ""Βρυξέλλες""], [""it"", ""Bruxelles""], [""ca"", ""Brussel·les""], [""pt-BR"", ""Bruxelas""], [""os"", ""Брюссель""], [""vi"", ""Brussels""], [""la"", ""Bruxellae""], [""tg"", ""Брюссел""], [""tzl"", ""Brüxell""], [""tl"", ""Bruselas""], [""nl"", ""Brussel""], [""zh-Hans"", ""布鲁塞尔""], [""bg"", ""Брюксел""], [""gv"", ""Yn Vrussyl""], [""ckb"", ""بروکسێل""], [""ko"", ""브뤼셀""], [""rm"", ""Brüssel""], [""eo"", ""Bruselo""], [""mk"", ""Брисел""], [""oc"", ""Brussèlas""], [""et"", ""Brüssel""], [""de"", ""Brüssel""], [""ps"", ""بروکسل""], [""yi"", ""בריסל""], [""cy"", ""Brwsel""], [""myv"", ""Брюссель""], [""ko-KP"", ""브류쎌""], [""pap"", ""Brusela""], [""azb"", ""بروکسل""], [""be-Latn-tarask"", ""Брусэль""], [""zza"", ""Bruksel""], [""diq"", ""Bruksel""], [""cv"", ""Брюссель""], [""szy"", ""pulisayl""], [""ur"", ""برسلز""], [""pam"", ""Bruselas""], [""arc"", ""ܒܪܘܟܣܠ""], [""kmr"", ""بروکسەل""], [""bat-smg"", ""Briuselis""], [""ru"", ""Брюссель""], [""ht"", ""Briksèl""], [""lrc"", ""بورۊکسل""], [""vro"", ""Brüssel""], [""kw"", ""Brusselas""], [""ml"", ""ബ്രസൽസ്""], [""th"", ""บรัสเซลส์""], [""id"", ""Brussels""], [""ce"", ""Бруссель""], [""pnb"", ""برسلز""], [""sq"", ""Brukseli""], [""arz"", ""بروكسل""], [""lzh"", ""布魯塞爾""], [""sr-Latn"", ""Brisel""], [""sv"", ""Bryssel""], [""udm"", ""Брюссель""], [""tr"", ""Brüksel""], [""da"", ""Bryssel""], [""my"", ""ဘရပ်ဆဲလ်မြို့""], [""lah"", ""برسلز""], [""sr-Cyrl"", ""Брисел""], [""wo"", ""Burusel""], [""nds-nl"", ""Bruzzel""], [""ku-Arab"", ""Bruksel""], [""zh-Hant"", ""布魯塞爾""], [""en"", ""Brussels""], [""olo"", ""Br’ussel’u""], [""gu"", ""બ્રસેલ્સ""], [""he"", ""בריסל""], [""sah"", ""Брүссель""], [""kn"", ""ಬ್ರಸೆಲ್ಸ್""], [""tok"", ""ma tomo Puse""], [""gd"", ""A' Bhruiseal""], [""syc"", ""ܒܪܘܟܣܠ""], [""sk"", ""Brusel""], [""ary"", ""بروكسيل""], [""bar"", ""Brissl""], [""lad"", ""Bruselas""], [""frp"", ""Brussèles""], [""az"", ""Brüssel""], [""wa"", ""Brussele""], [""es"", ""Bruselas""], [""ak"", ""Brasɛls""], [""kbp"", ""Prukisɛɛlɩ""], [""nrf"", ""Brusselle""], [""hi"", ""ब्रसेल्स""], [""te"", ""బ్రసెల్స్""], [""mr"", ""ब्रसेल्स""], [""ext"", ""Brusselas""], [""an"", ""Bruselas""], [""io"", ""Bruxel""], [""be"", ""Брусель""], [""sgs"", ""Briuselis""], [""cbk"", ""Bruselas""], [""sd"", ""بروسیلز""], [""ang"", ""Brysel""], [""mi"", ""Paruhi""], [""hsb"", ""Brüssel""], [""ja"", ""ブリュッセル""], [""ast"", ""Bruxeles""], [""jam"", ""Brosls""], [""grc"", ""Βρυξέλλαι""], [""fi"", ""Bryssel""], [""bo"", ""པུའུ་ལུའུ་སེལ​།""], [""kbd"", ""Брюсел""], [""ro"", ""Bruxelles""], [""ne"", ""ब्रसेल्स""], [""mhr"", ""Брюссель""], [""lt"", ""Briuselis""], [""no"", ""Brussel""], [""wuu"", ""布鲁塞尔""], [""vec"", ""Borseła""], [""kk"", ""Брюссель""], [""sl"", ""Bruselj""], [""hak"", ""Pu-lû-set-ngì""], [""fa"", ""بروکسل""], [""mn"", ""Брюссель""], [""hu"", ""Brüsszel""], [""pl"", ""Bruksela""]]",True,True,4.313767910003662,50.79634475708008,4.437066555023193,50.91390609741211,e4e43901-624b-4182-b9bb-7aa1de0176d4
18d708e3-eb1a-4fcb-aa70-dbc712bd1a12,BE,BE-VLG,locality,,land,Tongerlo,"[[""ru"", ""Тонгерло""]]",True,True,4.832071781158447,51.098724365234375,4.9502716064453125,51.14544677734375,395f3783-ba09-49b8-b0a0-b5626c928075
f6a7fa95-c001-4dcd-81e2-1a962cfdb355,BE,BE-VLG,locality,,land,Sint-Stevens-Woluwe,"[[""fr"", ""Woluwe-Saint-Étienne""], [""nl"", ""Sint-Stevens-Woluwe""]]",True,True,4.420870780944824,50.8527717590332,4.469182014465332,50.879737854003906,4b6d172b-58ef-46eb-a7fb-dc02825412f8
80190231-d9cc-4073-af7a-93f6f933781f,BE,BE-BRU,neighborhood,,land,Cité Haren-Paroisse,,True,True,4.423799991607666,50.892982482910156,4.424975395202637,50.89360046386719,f202b5cb-d2e7-4538-8c0d-d99812f72bc3
02226ef0-4d7f-4fd7-a745-a39b76d239a5,BE,BE-VLG,microhood,,land,Theaterbuurt,,True,True,4.400837421417236,51.20891571044922,4.414341449737549,51.21672821044922,23d6c242-8c4b-4344-a0d3-e79751e69f5f
fbe1eb34-d1b8-49b0-9adb-cc62ce446038,BE,BE-VLG,locality,,land,Impe,"[[""ru"", ""Импе""]]",True,True,3.9192938804626465,50.94919204711914,3.961897134780884,50.96929931640625,e0976d38-e44d-409a-9f97-ac8e2b87e354
30a3ee42-a710-46e6-bee6-b6e7e83fb030,BE,BE-VLG,locality,,land,Wolvertem,"[[""ru"", ""Волвертем""]]",True,True,4.270456790924072,50.92229461669922,4.350351810455322,51.00437927246094,e856e18c-b13e-4ef6-b203-ee65569dd61b
6d004834-5705-490c-9850-44447d594122,BE,BE-VLG,locality,,land,Laarne,"[[""fr"", ""Laerne""], [""nl"", ""Laarne""], [""ru"", ""Ларне""]]",True,True,3.823078155517578,51.01728057861328,3.938260316848755,51.076011657714844,f414a5fe-e5e2-4b9e-af03-4fe6b5b25fa5
8cbb8bec-b4f6-41dd-b239-f70b5ec39b89,BE,BE-VLG,locality,,land,oorspronkelijke gemeente Breendonk,,True,True,4.2900004386901855,51.02619552612305,4.352887153625488,51.064483642578125,b4483b34-40e4-4931-b5a7-d6f53ec73521
3a631b8b-7de2-4854-8437-bda0c9d5fb7b,BE,BE-VLG,locality,,land,Mespelare,,True,True,4.0538506507873535,50.98679733276367,4.079864978790283,51.00419235229492,16f0efa9-efb0-458a-b27e-4b9244a28ed4
9aca2a7c-c7b8-46e8-8cbf-90c46ea09d1e,BE,BE-VLG,microhood,,land,Markt,"[[""fr"", ""Grand Place""], [""nl"", ""Markt""]]",True,True,3.881981134414673,50.77091979980469,3.8845343589782715,50.77191162109375,0c45eb12-06ea-4cde-912c-b72cdca30ba5
896d91fa-d68c-4d1a-a167-09c658f6fa05,BE,BE-VLG,locality,,land,Lievegem,,True,True,3.509650707244873,51.074134826660156,3.6670119762420654,51.17538070678711,251fd9c6-a698-4f24-b5a5-e7e98c017368
8b0323f9-1fab-4081-b42d-770b576a1a92,BE,BE-VLG,neighborhood,,land,Banhage,,True,True,4.6991071701049805,50.826263427734375,4.7108917236328125,50.8400993347168,d9de6c12-ff69-46b5-994a-68d978a2be94
b2278648-75a6-4b67-98b5-77dc2e055199,BE,BE-VLG,locality,,land,Steenhuffel,"[[""ru"", ""Стенхюффел""]]",True,True,4.229006290435791,50.973907470703125,4.288679599761963,51.01041030883789,bb51795c-54a7-4789-9ecf-8f6b267ee3f1
189d4e05-9855-4bf9-9276-a67306332169,BE,BE-VLG,locality,,land,Oosterzele,"[[""nl"", ""Oosterzele""], [""ru"", ""Остерзеле""]]",True,True,3.728156566619873,50.89474105834961,3.851135492324829,50.977664947509766,6b89eb46-490b-496b-8e8f-d0f248ce0e20
2c2234f5-be94-44e3-aaf7-dd275da116be,BE,BE-VLG,neighborhood,,land,Schildestrand,,True,True,4.587263584136963,51.25975036621094,4.594780921936035,51.26510238647461,0f05ab4f-ec7f-4681-8a48-71c993ea1bc1
b27875fd-bf94-4b51-bd64-f76a7d084367,BE,BE-VLG,locality,,land,Heist-op-den-Berg,"[[""fr"", ""Heist-sur-la-Montagne""], [""nl"", ""Heist-op-den-Berg""], [""ru"", ""Хейст-оп-ден-Берг""]]",True,True,4.6590256690979,50.99858856201172,4.818233966827393,51.127376556396484,a73bdd22-2310-46f3-9fbe-1770c9cf880f
b385b08d-b225-4c89-9d30-848e93d8e002,BE,BE-VLG,locality,,land,Boom,"[[""nl"", ""Boom""], [""ru"", ""Бом""], [""lt"", ""Bomas""]]",True,True,4.340231418609619,51.08064651489258,4.406234264373779,51.10621643066406,8e971ac4-e637-4a70-becc-13180cdbffd9
99f75885-2d5a-4300-82c9-fab7f1b121cf,BE,BE-VLG,locality,,land,Kerkom,,True,True,4.841229438781738,50.841732025146484,4.899437427520752,50.87229919433594,5e510b40-5bd6-4de8-a82c-53fc2ee09556
9f798682-177c-4b68-b664-0fc4decad3d7,BE,BE-VLG,microhood,,land,Dorpsplein,,True,True,4.708559036254883,50.95106506347656,4.709877967834473,50.95181655883789,de4d9d13-92b1-44ae-83d7-1344bcfc25d6
b8bad1f7-afd6-42fd-ab9f-8cef82a8b483,BE,BE-VLG,neighborhood,,land,Kruininge-Bremweide (Deurne),,True,True,4.454375743865967,51.22853469848633,4.487369060516357,51.2386360168457,97c09fa5-546a-4a59-a7bd-a1ecd9ccf21f
680700f4-32b0-4a47-b685-81e89e35e8e0,BE,BE-VLG,locality,,land,Erwetegem,,True,True,3.796475648880005,50.826290130615234,3.8652939796447754,50.8607177734375,e13d8162-776b-4d48-a2b0-6e6bc2109a7e
4c5101f1-a86d-4ded-bc41-75ff1b9bf04c,BE,BE-VLG,locality,,land,Itterbeek,,True,True,4.214970588684082,50.812618255615234,4.255317687988281,50.84775161743164,05d3e290-490a-4283-9b72-f3141cb3e19d
c927d850-e960-4661-826a-c99feb2374a2,BE,BE-VLG,locality,,land,Evergem,"[[""nl"", ""Evergem""], [""ru"", ""Эвергем""], [""fr"", ""Everghem""]]",True,True,3.632368326187134,51.08713912963867,3.7993199825286865,51.19871139526367,7acdc658-ad01-47d9-8488-f172ccca6aa9
48c083c3-7b70-4f42-b879-5521a6c161b4,BE,BE-BRU,microhood,,land,Square de La Fraternelle - La Fraternellesquare,"[[""fr"", ""Square de La Fraternelle""], [""nl"", ""La Fraternellesquare""]]",True,True,4.273757457733154,50.835968017578125,4.274465560913086,50.83629608154297,e249a766-2298-426a-b398-d0e06bfd7c3a
37846d1e-8485-407c-b8f8-31aa695c98fc,BE,BE-VLG,microhood,,land,Koornbloem,,True,True,4.375133514404297,51.163143157958984,4.387637138366699,51.17287063598633,580f3e65-313e-42b8-b2b4-7768a5202468
5f7f15c1-e879-4db6-a899-63314a9974f2,BE,BE-VLG,microhood,,land,Tuinwijk,,True,True,4.436997413635254,51.250797271728516,4.464046955108643,51.26762390136719,a205dc25-07bf-4e25-b710-f514ad2960dc
97a9218e-1ee9-45d2-b3f5-bf6e1d475ec2,BE,BE-VLG,locality,,land,Holsbeek,"[[""nl"", ""Holsbeek""], [""ru"", ""Холсбек""]]",True,True,4.71563196182251,50.89691925048828,4.872103214263916,50.96319580078125,395949c8-a631-4205-95a0-8d8b8aa57e10
f6892368-e967-407b-9420-f3849410f318,BE,BE-VLG,locality,,land,Zonnegem,,True,True,3.8972580432891846,50.918643951416016,3.930572032928467,50.94099426269531,dc3867b4-cd01-4756-a43f-2901faf9c934
7b0b1a94-035c-4150-9450-7c36a2c1b3a6,BE,BE-VLG,locality,,land,Lille,"[[""ru"", ""Лилле""]]",True,True,4.761310577392578,51.20694351196289,4.907291889190674,51.29899597167969,8263e035-106a-43dc-91fa-5b54d056ddfd
b306021f-71f1-45ae-8acd-395c568bd6bf,BE,BE-VLG,microhood,,land,Vrijheidsplein,,True,True,3.9863996505737305,51.10115051269531,3.9878690242767334,51.10189437866211,9e0c50cd-ae0f-4f6e-9b40-f22157937e41
63a27b16-572c-4457-be95-e7e1898f16ea,BE,BE-VLG,neighborhood,,land,'t Groen Kwartier,,True,True,4.421542644500732,51.20112991333008,4.426581859588623,51.20403289794922,5d0f7153-3c2e-4b31-91b2-2031a7f6a22e
5aaadcb4-a055-4f20-b851-1f8fc5a4f91e,BE,BE-VLG,locality,,land,Everbeek,"[[""fr"", ""Everbecq""], [""nl"", ""Everbeek""], [""ru"", ""Эвербек""]]",True,True,3.753087043762207,50.74742889404297,3.8199150562286377,50.78960037231445,dbb03f89-10c3-4ded-8952-d4b461de90a5
48dc0dcc-d6f7-4fe5-bea6-571a02d40601,BE,BE-VLG,locality,,land,Wijnegem,"[[""nl"", ""Wijnegem""], [""ru"", ""Вейнегем""]]",True,True,4.47994327545166,51.215850830078125,4.553086280822754,51.242305755615234,345a08de-65af-4288-8837-92a3d36eb84b
0f2b2c27-3926-4a5e-be56-a4242771b5fd,BE,BE-VLG,neighborhood,,land,Hertogvelden,,True,True,4.3369460105896,51.173370361328125,4.344395637512207,51.179691314697266,1c983670-7956-45c8-bbef-7c60663f132f
14e12359-8eca-4276-83a1-4c0d970b249d,BE,BE-VLG,locality,,land,Beerse,"[[""nl"", ""Beerse""], [""ru"", ""Берсе""]]",True,True,4.765498161315918,51.27315139770508,4.895959854125977,51.34454345703125,3c9a8eaa-83a2-491e-bd3b-3b19864d2980
77a5feda-8452-4fcd-99c3-139e529d8d38,BE,BE-VLG,locality,,land,Oorbeek,,True,True,4.88332986831665,50.779144287109375,4.929392337799072,50.8052978515625,5560d2df-6013-4c62-9e89-f6abe68a8546
47486838-e1c2-493f-9843-fa186addf9e0,BE,BE-VLG,locality,,land,Assenede,"[[""nl"", ""Assenede""], [""vls"", ""Assenee""], [""ru"", ""Ассенеде""]]",True,True,3.6125271320343018,51.167762756347656,3.79547381401062,51.28083801269531,f807af87-6221-4228-ba8b-f438226de402
b3e6cfd3-c4fb-476d-a752-5af33dca4ca8,BE,BE-VLG,locality,,land,Sint-Maria-Horebeke,"[[""fr"", ""Hoorebeke-Sainte-Marie""], [""nl"", ""Sint-Maria-Horebeke""]]",True,True,3.6722445487976074,50.79839324951172,3.715991258621216,50.86227035522461,4356cc65-525a-4de1-985a-15aaa5c0b828
cb2bf6cc-9c3e-4ccf-9d9f-a53774fd2bc5,BE,BE-VLG,locality,,land,Vollezele,"[[""fr"", ""Vollezeele""], [""nl"", ""Vollezele""], [""ru"", ""Воллезеле""]]",True,True,3.986330032348633,50.74468231201172,4.052038192749023,50.78201675415039,0916cea0-2781-4c4c-9b00-c0905fe43186
26360596-61be-4da4-995a-c40abae94d26,BE,BE-VLG,microhood,,land,Blauwputplein,,True,True,4.7203874588012695,50.882713317871094,4.721542835235596,50.88382339477539,613d7f7e-82bd-4cb0-b3a8-296798dfd4ea
f3be73de-1cd3-415a-9d90-0e83a01fe38e,BE,BE-VLG,locality,,land,Wezembeek-Oppem,"[[""nl"", ""Wezembeek-Oppem""], [""ru"", ""Везембек-Оппем""]]",True,True,4.470353603363037,50.82597351074219,4.517372131347656,50.86199951171875,b59f581c-517e-4e5b-9e90-31039a472dea
4dc96a0a-3232-4fbf-90b3-ea5d4ca5f3ee,BE,BE-BRU,neighborhood,,land,Stockel - Stokkel,"[[""fr"", ""Stockel""], [""nl"", ""Stokkel""]]",True,True,4.442721366882324,50.83073043823242,4.468163967132568,50.84418487548828,91fd07bf-5b38-471e-968b-2d1e2c9ddb0c
01777e0b-f29d-48f2-a0f0-0629b13026b6,BE,BE-VLG,locality,,land,Tervuren,"[[""vls"", ""Tervuurn""], [""fr"", ""Tervuren""], [""la"", ""Fura Ducis""], [""nl"", ""Tervuren""], [""ru"", ""Тервюрен""]]",True,True,4.447175979614258,50.79380798339844,4.586567401885986,50.867835998535156,eab239d6-d98f-44c9-89f7-6d5235b736d2
b548f313-8bf9-45f5-9c10-f305f1323707,BE,BE-BRU,microhood,,land,Place de la Vaillance - Dapperheidsplein,"[[""fr"", ""Place de la Vaillance""], [""nl"", ""Dapperheidsplein""], [""vls"", ""Dapperheidspling""]]",True,True,4.305306434631348,50.83479309082031,4.3080949783325195,50.83679962158203,d07d86a3-93a1-461a-8394-4a734e07e5be
1309cbf1-4dac-4b7f-8afa-435c71bcf45c,BE,BE-VLG,neighborhood,,land,Het Rooi,,True,True,4.4304938316345215,51.179935455322266,4.443954944610596,51.18925094604492,33c682c0-c45a-441d-af70-7b5db99d1f03
817bc5c5-7131-4b2c-8b2f-335ceaf7d0ec,BE,BE-VLG,locality,,land,Semmerzake,,True,True,3.647716999053955,50.931396484375,3.6829683780670166,50.95628356933594,6082b6fc-1a15-433c-a236-556abece4fc4
e2763715-8844-4009-b5d1-0e8bdf83ba28,BE,BE-VLG,locality,,land,Vlezenbeek,,True,True,4.203567028045654,50.78355026245117,4.277073383331299,50.827545166015625,dfe3bbde-2e20-431c-bf45-f13e3d29e420
98155717-08fd-4df4-b628-e68e89e9bdc0,BE,BE-VLG,locality,,land,Leefdaal,"[[""fr"", ""Leefdael""], [""nl"", ""Leefdaal""]]",True,True,4.546178340911865,50.81838607788086,4.632834434509277,50.865562438964844,28993ebf-9e9d-4ed4-aada-d54a5bb09beb
e1c14603-e85c-4fbe-aa33-55ccd9c72904,BE,BE-VLG,locality,,land,Sint-Katelijne-Waver,"[[""fr"", ""Wavre-Sainte-Catherine""], [""nl"", ""Sint-Katelijne-Waver""], [""ru"", ""Синт-Кателейне-Вавер""]]",True,True,4.462808609008789,51.03463363647461,4.6088666915893555,51.08979415893555,c9d70855-4539-4dbd-ad62-51e528aba976
e8979423-1b2b-46a5-99dd-4d23fe062a29,BE,BE-VLG,locality,,land,Zoersel,"[[""ru"", ""Зурсел""]]",True,True,4.607685565948486,51.21892166137695,4.743347644805908,51.29387664794922,ecc9fd89-327b-4e70-abfc-c863d85b9c61
01cd3c4d-0750-4685-9134-f5cb06b6e4a9,BE,BE-VLG,locality,,land,Temse,"[[""fr"", ""Tamise""], [""nl"", ""Temse""], [""ru"", ""Темсе""], [""la"", ""Tamisiacum""]]",True,True,4.1282196044921875,51.101402282714844,4.285919189453125,51.17561721801758,baf0963e-2882-4b85-9bf1-e5afd84c97ee
4b544daa-4f53-4c89-bf9d-3d694b5e10d0,BE,BE-WAL,locality,,land,Waterloo,"[[""gcf"", ""Watèlo""], [""vls"", ""Woaterloo""], [""lb"", ""Waterloo""], [""ar"", ""واترلو""], [""la"", ""Waterloum""], [""ru"", ""Ватерлоо""], [""ml"", ""വാട്ടർലൂ""], [""zea"", ""Waeterloo""], [""he"", ""ווטרלו""], [""gd"", ""Bhatarlù""], [""wa"", ""Waterlô""], [""hi"", ""वाटरलू""]]",True,True,4.354982376098633,50.67062759399414,4.4413228034973145,50.735923767089844,25ec3050-e536-42f2-a004-21719d244b07
f095ef3a-26bf-4e86-a46e-f469b6570307,BE,BE-VLG,locality,,land,Brasschaat,"[[""nl"", ""Brasschaat""], [""ru"", ""Брасхат""]]",True,True,4.4402384757995605,51.26863098144531,4.558725357055664,51.350887298583984,b4177059-6720-4f3d-8845-e3bd41eb841e
b0c44fd6-709d-4221-b9e9-80079a197298,BE,BE-BRU,microhood,,land,Place Rouppe - Rouppeplein,"[[""fr"", ""Place Rouppe""], [""nl"", ""Rouppeplein""]]",True,True,4.345017433166504,50.8422966003418,4.346638202667236,50.84330749511719,0b2ac8e8-cebf-491d-b3b3-8b2f59f0a3d8
5a187d9f-6fe0-48c7-9ece-c5a634ac1243,BE,BE-VLG,microhood,,land,terras,,True,True,4.86578893661499,51.3107795715332,4.866214752197266,51.31083679199219,590c0afe-e79a-4942-b561-b9b1acb33340
8efa83c2-10cb-452e-bd4f-d5cf1ee17794,BE,BE-BRU,locality,,land,Evere,"[[""ar"", ""إيفر""], [""fr"", ""Evere""], [""la"", ""Everna""], [""nl"", ""Evere""], [""ru"", ""Эвере""], [""wa"", ""Ever""]]",True,True,4.387310981750488,50.85203552246094,4.426634311676025,50.88593673706055,3929e9d7-071e-492a-8263-cb0ac75565e8
e1b4080b-8884-47f7-ad92-295bf82c64f9,BE,BE-VLG,locality,,land,Herfelingen,,True,True,4.0506272315979,50.72154998779297,4.116346836090088,50.758113861083984,24424816-4038-4dab-aa78-0a88a0d710ab
90840b6c-ddb0-42d4-969b-04ea58fcd8b0,BE,BE-VLG,neighborhood,,land,Breendonk (Tisselt),,True,True,4.32284688949585,51.02619552612305,4.331719398498535,51.03642272949219,8ecdc746-206d-4fb1-84fe-1ef9a4fa0dc4
2d70efde-ee08-458f-9c57-6005dbd0724a,BE,BE-VLG,locality,,land,Borsbeke,,True,True,3.8648409843444824,50.89746856689453,3.910396099090576,50.918148040771484,8389b271-3713-4bee-af57-5c6aadd6c3a8
7888ecd1-9f8d-4efd-833e-1706c60507b9,BE,BE-VLG,locality,,land,Deurle,"[[""ru"", ""Дёрле""]]",True,True,3.591128349304199,50.98173904418945,3.629218339920044,51.018287658691406,32f9494b-5a52-442a-8b8b-0ce19b9301da
a65ef70d-94f2-47b1-913a-19b34fb9fdae,BE,BE-VLG,microhood,,land,Molenbergplein,,True,True,3.996033191680908,51.10065841674805,3.9974777698516846,51.101463317871094,4c130d6f-1ade-4b24-8d95-f7b50ac4b4d1
f4e9b13d-aa27-4df0-a7bc-20bba8a4471e,BE,BE-BRU,microhood,,land,Place de la Nation - Natieplein,"[[""fr"", ""Place de la Nation""], [""nl"", ""Natieplein""]]",True,True,4.364322662353516,50.846412658691406,4.365129470825195,50.84688949584961,6b80d293-528d-4dcb-b7d3-ec6bb2720808
c8971514-5c1c-46b5-b8ad-d8edef970f0e,BE,BE-VLG,locality,,land,Nieuwkerken-Waas,"[[""fr"", ""Nieukerken-Waes""], [""nl"", ""Nieuwkerken-Waas""], [""vls"", ""Nieuwkerkn-Woas""], [""ru"", ""Ньивкеркен-Вас""]]",True,True,4.137802600860596,51.1775016784668,4.208357810974121,51.20781326293945,9019b237-310c-43da-aa77-43bb6c0b616f
9eb253e5-8ef0-473f-8bbc-2f92ff9e9f89,BE,BE-VLG,locality,,land,Sint-Pauwels,"[[""fr"", ""Saint-Paul""], [""nl"", ""Sint-Pauwels""], [""ru"", ""Синт-Паувелс""]]",True,True,4.059116363525391,51.17542266845703,4.137803077697754,51.21193313598633,a8c43982-cd8b-4f94-8371-02bfb513842e
48565c01-c35e-47d0-a14f-8d5c26762c44,BE,BE-WAL,locality,,land,Nodebais,"[[""fr"", ""Nodebais""], [""nl"", ""Nodebeek""], [""wa"", ""Nodebåy""]]",True,True,4.720834732055664,50.7459716796875,4.7645721435546875,50.77910232543945,57bb73e5-7141-4480-bcc8-acded44b3f04
f151bade-f081-4233-9b27-bddc07e5a512,BE,BE-VLG,locality,,land,Outer,,True,True,3.966358184814453,50.82464599609375,4.015621662139893,50.86823654174805,4740f422-b5ce-4e6f-9297-db3ea81bf222
db4a286f-a3a8-48a5-8ef0-0115bccd53ab,BE,BE-VLG,locality,,land,Oppuurs,"[[""fr"", ""Oppuers""], [""nl"", ""Oppuurs""], [""ru"", ""Оппюрс""]]",True,True,4.219409465789795,51.046077728271484,4.259475231170654,51.07835388183594,dbb2da36-7b56-4f2e-b4cf-9635f03f0353
3b071862-e738-4340-8fc0-0d2305a28023,BE,BE-BRU,microhood,,land,Square Jean Delville - Jean Delvillesquare,"[[""fr"", ""Square Jean Delville""], [""nl"", ""Jean Delvillesquare""]]",True,True,4.330924987792969,50.808387756347656,4.331222057342529,50.808563232421875,a0d994f5-b425-479f-a273-537a4f2b8276
0cdc0c75-2ae5-4f5a-a6a4-17375c0183a0,BE,BE-VLG,microhood,,land,Oud-Merksem,,True,True,4.430909156799316,51.23514175415039,4.457303524017334,51.2514533996582,eeb39885-21ad-4961-b544-1733fe7c1ae3
d0cc2efd-bbfe-4809-8d15-a0520a2eaf24,BE,BE-VLG,locality,,land,Erpe-Mere,"[[""nl"", ""Erpe-Mere""], [""ru"", ""Эрпе-Мере""]]",True,True,3.892732858657837,50.874122619628906,4.011236667633057,50.95598602294922,a90a0b71-ba9c-4b38-a6b8-b8e9306866cd
ee6256a1-73b5-445f-92a1-19f07d6bd48a,BE,BE-BRU,microhood,,land,Place des Barricades - Barricadenplein,"[[""pcd"", ""Plache des Barricades""], [""fr"", ""Place des Barricades""], [""nl"", ""Barricadenplein""]]",True,True,4.366942405700684,50.8509635925293,4.368150234222412,50.851661682128906,97cd3896-349f-4044-a60f-d79e727e7e56
e94ebc9c-aae6-4a2c-bbfe-95ad17ecf7dc,BE,BE-WAL,macrohood,,land,Le Doignon,,True,True,4.368602275848389,50.69358444213867,4.372073650360107,50.69643783569336,b3504b62-e4a1-479a-824f-afba595c72ec
6083bdbb-4691-4a1b-b41c-8a7feaf1d8e1,BE,BE-VLG,neighborhood,,land,Kruininge-Bremweide (Wijnegem),,True,True,4.47994327545166,51.23456954956055,4.487958908081055,51.23897171020508,ee554bbb-f5e8-4ba1-8ef8-6bbebd1d5a98
c95cc62c-20c9-47b2-8958-996abfc17f2e,BE,BE-WAL,locality,,land,Ogy,"[[""la"", ""Hogium""], [""fr"", ""Ogy""], [""nl"", ""Oseke""]]",True,True,3.7451202869415283,50.70359802246094,3.798917055130005,50.737857818603516,bc07c373-36b7-48a5-847f-55ad00603d5d
41530a44-65b4-48f2-9a63-b3f5ec9651e1,BE,BE-VLG,macrohood,,land,Ledeberg,,True,True,3.7330100536346436,51.02811050415039,3.750741720199585,51.04218673706055,e7ddb224-110d-4aa3-8977-682febf8ef1b
c8937fcb-c833-40d0-8539-baf3d8d0d2ae,BE,BE-VLG,locality,,land,Waterland-Oudeman,"[[""ru"", ""Ватерланд-Аудеман""]]",True,True,3.5562660694122314,51.26301574707031,3.6129021644592285,51.30595397949219,6b5eb26e-877c-4b1c-8001-3547f0c25473
01f8a43b-1b08-47d7-bf0a-ca9350ebbc35,BE,BE-VLG,locality,,land,Kontich,"[[""nl"", ""Kontich""], [""ru"", ""Контих""], [""la"", ""Condacum""]]",True,True,4.396453380584717,51.093021392822266,4.486530780792236,51.14983367919922,6d2b5c44-ad07-4531-a980-200ff2c16165
1bae736c-9882-4b8e-93f4-f328a80e9390,BE,BE-VLG,locality,,land,Willebroek,"[[""nl"", ""Willebroek""], [""ru"", ""Виллебрук""], [""fr"", ""Willebroeck""]]",True,True,4.32284688949585,51.01637268066406,4.425561428070068,51.085140228271484,7a251219-4f35-4164-9957-111bf55c1ad8
0b55ea18-62d0-4652-ad8c-5841d72765c0,BE,BE-VLG,locality,,land,Rotselaar,"[[""nl"", ""Rotselaar""], [""ru"", ""Ротселар""], [""fr"", ""Rotselaer""]]",True,True,4.66995096206665,50.92842483520508,4.803334712982178,50.986289978027344,ebf0f915-a39d-4075-8cf6-ee49fc424a26
b68abfc2-8d1a-4714-8d37-8f34eb246122,BE,BE-VLG,locality,,land,Borchtlombeek,,True,True,4.098151683807373,50.83735275268555,4.150580883026123,50.858619689941406,1ee9cb5b-983d-46d9-978e-2f65733b36cc
482b9809-c544-43f1-9f5c-588cfb9685b0,BE,BE-VLG,locality,,land,Lubbeek,"[[""nl"", ""Lubbeek""], [""ru"", ""Люббек""]]",True,True,4.747935771942139,50.851715087890625,4.911133289337158,50.9117546081543,f415a9f7-2a65-47a0-a112-8109f4af8d15
9cee24df-41b0-4742-8b2a-60dd114abf58,BE,BE-VLG,macrohood,,land,Sint-Amandsberg,,True,True,3.743271589279175,51.0463981628418,3.799774169921875,51.0774040222168,3150f794-3c1a-437c-bb14-2aba17148f93
1054e0c1-b4ee-4865-8e94-01a7e7aac4c6,BE,BE-BRU,neighborhood,,land,Bruxelles - Brussel,"[[""hy"", ""Բրյուսել""], [""pcd"", ""Brusselle""], [""se"", ""Bryssel""], [""ku"", ""Bruksel""], [""gcf"", ""Brisèl""], [""xmf"", ""ბრიუსელი""], [""rue"", ""Брусел""], [""crh"", ""Brüksel""], [""bs"", ""Brisel""], [""kaa"", ""Bryussel""], [""ba"", ""Брюссель""], [""lb"", ""Bréissel""], [""hr"", ""Brisel""], [""ta"", ""பிரசெல்சு""], [""ka"", ""ბრიუსელი""], [""ar"", ""بروكسل""], [""yue"", ""布魯塞爾""], [""fr"", ""Bruxelles""], [""is"", ""Brussel""], [""nah"", ""Brusel""], [""ug"", ""Bryussél""], [""lv"", ""Brisele""], [""eu"", ""Brusela""], [""mdf"", ""Брюсэль""], [""vep"", ""Brüssel'""], [""am"", ""ብሩክሴል""], [""mt"", ""Brussell""], [""bn"", ""ব্রাসেলস""], [""gsw"", ""Brüssel""], [""av"", ""Брюссель""], [""csb"", ""Bruksela""], [""mzn"", ""بروکسل""], [""bho"", ""ब्रसेल्स""], [""uk"", ""Брюссель""], [""hyw"", ""Պրիւքսէլ""], [""rmy"", ""Brusel""], [""szl"", ""Bruksela""], [""si"", ""බෲසෙල්ස්""], [""lld"", ""Bruselas""], [""ky"", ""Брюссель""], [""pa"", ""ਬਰੱਸਲਸ""], [""ga"", ""An Bhruiséil""], [""ceb"", ""Bruselas""], [""br"", ""Brusel""], [""ady"", ""Брюссел""], [""tt"", ""Брюссель""], [""war"", ""Bruselas""], [""so"", ""Boroksel""], [""pt"", ""Bruxelas""], [""cs"", ""Brusel""], [""kv"", ""Брюссель""], [""smn"", ""Bryssel""], [""gl"", ""Bruxelas""], [""cu"", ""Брюѯєль""], [""gug"", ""Vuruséla""], [""nds"", ""Brüssel""], [""el"", ""Βρυξέλλες""], [""it"", ""Bruxelles""], [""ca"", ""Brussel·les""], [""os"", ""Брюссель""], [""la"", ""Bruxellae""], [""tg"", ""Брюссел""], [""tzl"", ""Brüxell""], [""tl"", ""Bruselas""], [""nl"", ""Brussel""], [""zh-Hans"", ""布鲁塞尔""], [""bg"", ""Брюксел""], [""gv"", ""Yn Vrussyl""], [""ckb"", ""بروکسێل""], [""ko"", ""브뤼셀""], [""rm"", ""Brüssel""], [""eo"", ""Bruselo""], [""mk"", ""Брисел""], [""oc"", ""Brussèlas""], [""et"", ""Brüssel""], [""de"", ""Brüssel""], [""ps"", ""بروکسل""], [""yi"", ""בריסל""], [""cy"", ""Brwsel""], [""myv"", ""Брюссель""], [""ko-KP"", ""브류쎌""], [""pap"", ""Brusela""], [""azb"", ""بروکسل""], [""pa-Arab"", ""برسل""], [""be-Latn-tarask"", ""Брусэль""], [""zza"", ""Bruksel""], [""diq"", ""Bruksel""], [""cv"", ""Брюссель""], [""szy"", ""pulisayl""], [""ur"", ""برسلز""], [""pam"", ""Bruselas""], [""arc"", ""ܒܪܘܟܣܠ""], [""kmr"", ""بروکسەل""], [""bat-smg"", ""Briuselis""], [""ru"", ""Брюссель""], [""ht"", ""Briksèl""], [""lrc"", ""بورۊکسل""], [""vro"", ""Brüssel""], [""kw"", ""Brusselas""], [""ml"", ""ബ്രസൽസ്""], [""th"", ""บรัสเซลส์""], [""ce"", ""Бруссель""], [""pnb"", ""برسلز""], [""sq"", ""Brukseli""], [""arz"", ""بروكسل""], [""lzh"", ""布魯塞爾""], [""sr-Latn"", ""Brisel""], [""sv"", ""Bryssel""], [""udm"", ""Брюссель""], [""tr"", ""Brüksel""], [""da"", ""Bryssel""], [""my"", ""ဘရပ်ဆဲလ်မြို့""], [""lah"", ""برسلز""], [""sr-Cyrl"", ""Брисел""], [""wo"", ""Burusel""], [""nds-nl"", ""Bruzzel""], [""ku-Arab"", ""Bruksel""], [""zh-Hant"", ""布魯塞爾""], [""en"", ""Brussels""], [""olo"", ""Br’ussel’u""], [""gu"", ""બ્રસેલ્સ""], [""he"", ""בריסל""], [""sah"", ""Брүссель""], [""kn"", ""ಬ್ರಸೆಲ್ಸ್""], [""tok"", ""ma tomo Puse""], [""gd"", ""A' Bhruiseal""], [""syc"", ""ܒܪܘܟܣܠ""], [""sk"", ""Brusel""], [""ary"", ""بروكسيل""], [""bar"", ""Brissl""], [""lad"", ""Bruselas""], [""frp"", ""Brussèles""], [""az"", ""Brüssel""], [""wa"", ""Brussele""], [""es"", ""Bruselas""], [""ak"", ""Brasɛls""], [""kbp"", ""Prukisɛɛlɩ""], [""nrf"", ""Brusselle""], [""hi"", ""ब्रसेल्स""], [""te"", ""బ్రసెల్స్""], [""mr"", ""ब्रसेल्स""], [""ext"", ""Brusselas""], [""an"", ""Bruselas""], [""io"", ""Bruxel""], [""be"", ""Брусель""], [""sgs"", ""Briuselis""], [""cbk"", ""Bruselas""], [""sd"", ""بروسیلز""], [""ang"", ""Brysel""], [""mi"", ""Paruhi""], [""hsb"", ""Brüssel""], [""ja"", ""ブリュッセル""], [""ast"", ""Bruxeles""], [""jam"", ""Brosls""], [""grc"", ""Βρυξέλλαι""], [""fi"", ""Bryssel""], [""bo"", ""པུའུ་ལུའུ་སེལ​།""], [""kbd"", ""Брюсел""], [""ne"", ""ब्रसेल्स""], [""mhr"", ""Брюссель""], [""lt"", ""Briuselis""], [""wuu"", ""布鲁塞尔""], [""vec"", ""Borseła""], [""kk"", ""Брюссель""], [""sl"", ""Bruselj""], [""hak"", ""Pu-lû-set-ngì""], [""fa"", ""بروکسل""], [""mn"", ""Брюссель""], [""zh"", ""布鲁塞尔""], [""hu"", ""Brüsszel""], [""pl"", ""Bruksela""]]",True,True,4.335474967956543,50.79634475708008,4.402003288269043,50.8905029296875,82d7ba3f-d16e-4dbb-a37d-454a6e8c25f2
bf2351a9-fd32-4b9e-bace-0678e652a5ef,BE,BE-VLG,locality,,land,Ertvelde,"[[""nl"", ""Ertvelde""], [""ru"", ""Эртвелде""]]",True,True,3.68941068649292,51.15798568725586,3.7993199825286865,51.19871139526367,ac1dc254-acdb-49d9-9b83-1aa16a728753
84a0464a-281a-417b-b804-123e7973f906,BE,BE-WAL,locality,,land,La Hulpe,"[[""pcd"", ""L' Elpe""], [""fr"", ""La Hulpe""], [""la"", ""Hulpenum""], [""nl"", ""Terhulpen""], [""ru"", ""Ла-Юльп""], [""wa"", ""L' Elpe""]]",True,True,4.423884868621826,50.71567153930664,4.512551307678223,50.757080078125,1668c6e0-82e9-4967-b4b0-9426551ca71a
491fc8db-dceb-4213-8e5b-5c387200480c,BE,BE-BRU,microhood,,land,Place de la Patrie - Vaderlandsplein,"[[""fr"", ""Place de la Patrie""], [""nl"", ""Vaderlandsplein""]]",True,True,4.390108108520508,50.856082916259766,4.392273426055908,50.85688018798828,23528ed5-4423-44d4-8981-12172cf1a37a
0d973481-b283-4602-9b6b-a579311f5dbb,BE,BE-VLG,microhood,,land,Zuid,,True,True,4.38411283493042,51.20196533203125,4.402639865875244,51.21342086791992,4f1149a1-2ae0-4035-94b9-9c1cfdbf10db
55f3994a-9d85-4087-bc2d-ede526442d7a,BE,BE-VLG,microhood,,land,Sint-Mariaburg (Antwerpen),,True,True,4.425070762634277,51.281070709228516,4.4497880935668945,51.29787826538086,c8b65b89-45a8-40c0-8cd1-8e7da7e0a577
3bc619c4-bafb-4c1b-8138-ff0b8a6e38a9,BE,BE-VLG,locality,,land,Brussegem,"[[""ru"", ""Брюссегем""]]",True,True,4.225951194763184,50.91276931762695,4.301799774169922,50.96472930908203,88a8476b-27d8-411c-a183-cbb1c16da04a
2ff63d14-dc48-43a5-a52c-c01812f03a20,BE,BE-VLG,microhood,,land,Schoonselhof - Fort 7,,True,True,4.35164737701416,51.156166076660156,4.382665157318115,51.17088317871094,33acb67c-4c54-4922-b468-a11f7a022b6b
ea628146-eb75-4d41-b5f1-96f6db25e59f,BE,BE-WAL,locality,,land,Bossut-Gottechain,"[[""fr"", ""Bossut-Gottechain""], [""nl"", ""Bossuit-Gruttekom""]]",True,True,4.6362690925598145,50.73023986816406,4.744664192199707,50.77889633178711,2f36446b-4bee-4fb6-b345-6b3f8264768b
cf80a283-6efe-44d6-ac62-fbbefa4849fb,BE,BE-VLG,locality,,land,Hekelgem,"[[""ru"", ""Хекелгем""]]",True,True,4.074244976043701,50.89495849609375,4.1306023597717285,50.932472229003906,f57563dc-ff88-4f01-ae9b-01b0fd50e840
0ed19645-4c90-4775-b870-dfb5fd32f721,BE,BE-VLG,locality,,land,Pulderbos,"[[""ru"", ""Пюлдербос""]]",True,True,4.676619529724121,51.202884674072266,4.742630958557129,51.24856185913086,0a1c02f8-fa88-4d36-9b59-a86b3aa230e6
2fe10cb6-f76c-43ed-9c0c-80b4bd76101c,BE,BE-VLG,locality,,land,Meensel-Kiezegem,,True,True,4.893156051635742,50.88026428222656,4.939638614654541,50.909950256347656,7e33d41d-559b-4184-adad-9b67cdecbad5
c4b64829-72d5-4704-ad6e-071280d2e89f,BE,BE-VLG,microhood,,land,Brederode,,True,True,4.3884453773498535,51.19743728637695,4.404513359069824,51.20892333984375,47db6d05-3f96-477c-87bb-9c032e413d0a
145d583f-2553-42b9-820d-d98b8575f800,BE,BE-BRU,microhood,,land,Square Maréchal Montgomery - Maarschalk Montgomeryplein,"[[""fr"", ""Square Maréchal Montgomery""], [""nl"", ""Maarschalk Montgomeryplein""]]",True,True,4.406143665313721,50.83658981323242,4.408950328826904,50.83829879760742,f23c287e-7ce0-47cb-bdf3-15365320ec4d
8a4ca35f-e1fe-4ba5-95cb-a91c4c7db472,BE,BE-BRU,neighborhood,,land,Place Eugène Verboekhoven - Eugène Verboekhovenplein,"[[""fr"", ""Place Eugène Verboekhoven""], [""nl"", ""Eugène Verboekhovenplein""], [""en"", ""Bear Pit""], [""de"", ""Bärengraben""]]",True,True,4.375105857849121,50.87087631225586,4.376664638519287,50.8718147277832,c527a4d1-80e9-46df-8cd9-60828c8152ab
ff2ea0df-3a48-49aa-9029-0e081ad43caa,BE,BE-VLG,locality,,land,Eke,"[[""ru"", ""Эке""]]",True,True,3.6171422004699707,50.935829162597656,3.6785290241241455,50.98213577270508,4874fccc-bb80-48c6-9dea-6c658869c370
67f08e51-c0ba-4173-b0ae-c7d67eed2229,BE,BE-VLG,locality,,land,Melsen,,True,True,3.682864189147949,50.94662094116211,3.723388910293579,50.97449493408203,24ea22b3-2218-4dea-824d-da514636763d
666431a1-ad1d-4bde-bb01-0b2261471c34,BE,BE-VLG,microhood,,land,Antonia van Roesmaelelaan,,True,True,4.6537766456604,50.85879898071289,4.654087066650391,50.8589973449707,78df0697-2985-400a-8091-d87cff9e4803
3026ca52-8a99-4bbc-8a03-97fd767670c7,BE,BE-VLG,locality,,land,Horebeke,"[[""nl"", ""Horebeke""], [""ru"", ""Хоребеке""], [""fr"", ""Hoorebeke""]]",True,True,3.6722445487976074,50.79839324951172,3.716052770614624,50.86227035522461,98915d7c-1310-4e37-b3dd-dd0ae49b48e2
1b534609-e0ae-4857-9058-b74f9d555a94,BE,BE-VLG,locality,,land,Daknam,,True,True,3.960468292236328,51.1154670715332,4.005687713623047,51.1406364440918,ce2249f8-9b39-4235-8f8f-44c670efd930
299492cc-c156-48d8-82b7-b0e331c9dba6,BE,BE-VLG,locality,,land,Sint-Martens-Latem,"[[""nl"", ""Sint-Martens-Latem""], [""ru"", ""Синт-Мартенс-Латем""], [""fr"", ""Laethem-Saint-Martin""]]",True,True,3.591128349304199,50.98173904418945,3.6550960540771484,51.03539276123047,662eb03b-3046-4dba-8965-6dad60ecbebd
f1a7ac92-0edf-41ef-9002-7b59eb928026,BE,BE-VLG,locality,,land,Kapelle-op-den-Bos,"[[""fr"", ""Capelle-au-Bois""], [""nl"", ""Kapelle-op-den-Bos""], [""ru"", ""Капелле-оп-ден-Бос""]]",True,True,4.3195061683654785,50.9686279296875,4.390358924865723,51.030906677246094,e57bc709-2c71-4d55-b6e1-6a03f029628d
3a0b2194-9622-44a2-a841-a0d7ca6e6152,BE,BE-VLG,microhood,,land,Vredesplein,,True,True,4.727217674255371,51.074832916259766,4.727895736694336,51.075103759765625,15ad5783-d1f6-4357-80fa-bf117ad1c2e7
5a802f01-ed7e-4115-9f6f-066c9f7b57dd,BE,BE-WAL,locality,,land,Rosières,"[[""fr"", ""Rosières""], [""nl"", ""Rozieren""], [""wa"", ""Rozire""]]",True,True,4.5241780281066895,50.72528839111328,4.56669807434082,50.74879455566406,39fb0e84-faf7-49ef-8aec-8e81706c071e
41adb034-14d8-4a1d-9cd7-80e9d85ed7af,BE,BE-WAL,locality,,land,Bruyère Mathias,,True,True,4.256687164306641,50.68775177001953,4.26075553894043,50.69374465942383,cfa5100d-e92a-46bc-a1ef-ae3d06d5417f
946e4e55-54bd-4a18-9e47-75e277d199bf,BE,BE-VLG,locality,,land,Rozebeke,,True,True,3.7372734546661377,50.84352493286133,3.766336679458618,50.85979080200195,412d6078-77eb-4f9f-8529-0df661335c9a
6eb2a0ea-e3e4-4ad2-969c-82d9fd704cd8,BE,BE-VLG,locality,,land,Meldert,,True,True,4.101017951965332,50.91696548461914,4.162446975708008,50.95298767089844,a90a716a-0f75-410e-a3ff-e2d7c33c359b
15790e98-173b-428e-aa08-e7732bf457d2,BE,BE-VLG,neighborhood,,land,Elsdonk (Edegem),,True,True,4.416085243225098,51.16309356689453,4.434370517730713,51.1732177734375,5d1a951a-1ba2-40f0-b620-842ffadb446a
acacdbc9-4467-4aad-905c-4c04fbced047,BE,BE-WAL,locality,,land,Tubize,"[[""pcd"", ""Tubize""], [""lb"", ""Tubize""], [""fr"", ""Tubize""], [""nl"", ""Tubeke""], [""ru"", ""Тюбиз""], [""en"", ""Tubize""], [""wa"", ""Tubize""]]",True,True,4.130962371826172,50.65212631225586,4.246544361114502,50.72908020019531,f574bc19-77fd-4124-bd91-a0eff7b5e1ef
465f3e01-36df-4905-a01f-d0c51296300d,BE,BE-WAL,locality,,land,Saint-Sauveur,,True,True,3.573896884918213,50.69223403930664,3.647449254989624,50.732452392578125,9eee7b48-f200-4f91-bc88-ce5f100d42c4
3c0a9f0b-da99-48b7-a761-2fab0f957a07,BE,BE-VLG,microhood,,land,Eilandje,,True,True,4.398293972015381,51.22621536254883,4.420422554016113,51.24195098876953,c5b40528-b612-451c-b952-888afe479a90
dac8f165-16cc-4b1c-8cb1-6be3a1adee79,BE,BE-VLG,neighborhood,,land,Bloemsehoeve,,True,True,4.80173921585083,50.996742248535156,4.828005313873291,51.01310348510742,b92d6ef2-dbff-4048-80aa-e9a5bdb485de
e6718c83-aaf3-45f5-824d-03f9d89c0370,BE,BE-WAL,locality,,land,Bierghes,"[[""fr"", ""Bierghes""], [""nl"", ""Bierk""], [""wa"", ""Bièrk""]]",True,True,4.091952323913574,50.672000885009766,4.170870304107666,50.71697998046875,3e56d1b6-2f70-4952-8447-3fed44b33f60
480d6e76-969c-4195-85f5-e2b354bc8403,BE,BE-VLG,microhood,,land,Markt,,True,True,3.6036384105682373,50.843055725097656,3.6046247482299805,50.84381866455078,c44ffac7-97b3-4c84-9592-fb1f0c1d5ea3
7a458545-294c-4779-91c2-7803c670bf66,BE,BE-BRU,microhood,,land,Place de l'Église - Kerkplein,"[[""fr"", ""Place de l'Église""], [""nl"", ""Kerkplein""]]",True,True,4.291932582855225,50.86098861694336,4.292666435241699,50.861480712890625,07923f1b-09e7-4e42-b529-3cf8206024a2
e8fddb52-01b8-4cee-aed2-fdebe916dfd9,BE,BE-VLG,locality,,land,Zulzeke,"[[""vls"", ""Zulzêeke""], [""ru"", ""Зюлзеке""]]",True,True,3.555846929550171,50.75920867919922,3.587796688079834,50.801292419433594,1ee4ce68-a8e2-4751-ad31-9309df46cfb3
1c29f870-10f3-449a-b9fd-134f79704507,BE,BE-VLG,locality,,land,Veltem-Beisem,,True,True,4.598504066467285,50.887691497802734,4.636700630187988,50.94637680053711,37812ba1-f831-43f3-9c3e-ed5e2e182d16
4470304a-360c-4896-8286-cab9ba62aefc,BE,BE-VLG,neighborhood,,land,Sportpaleis,,True,True,4.436193943023682,51.22935485839844,4.443038463592529,51.2349853515625,6890473f-e742-47d9-ad1a-687cb3188b01
61d578ce-e55e-4b31-ab76-25fbeca98202,BE,BE-VLG,locality,,land,Munte,"[[""ru"", ""Мюнте""]]",True,True,3.7231099605560303,50.933746337890625,3.7644968032836914,50.959407806396484,fe7d3c18-a25a-41e2-8f1a-6f23d647d7e6
0971a3e2-86b8-472d-a327-afc2374814b9,BE,BE-VLG,locality,,land,Westmeerbeek,"[[""ru"", ""Вестмербек""]]",True,True,4.800851345062256,51.052642822265625,4.868825435638428,51.072078704833984,c474a9fa-d455-4dc2-96b6-f37c07ae6f94
b9af718e-07ad-45b8-830b-8ed84aa8dd17,BE,BE-VLG,locality,,land,Aartselaar,"[[""nl"", ""Aartselaar""], [""ru"", ""Артселар""], [""fr"", ""Aertselaer""]]",True,True,4.353724956512451,51.10948944091797,4.40871000289917,51.15108108520508,42afc3d3-6225-44bf-9576-00e0c55cd163
038fdca7-60ae-4f68-a408-e46f669d8500,BE,BE-VLG,locality,,land,Denderwindeke,"[[""ru"", ""Дендервиндеке""]]",True,True,3.9683632850646973,50.77116775512695,4.056712627410889,50.815284729003906,c70dca47-2cb9-49c9-8b2d-6d9bcaf6e830
e258465a-80e1-4008-9d58-0993caa4f6d9,BE,BE-VLG,locality,,land,Wemmel,"[[""nl"", ""Wemmel""], [""ru"", ""Веммел""]]",True,True,4.277808666229248,50.89038848876953,4.338963985443115,50.92808151245117,5017f53b-dd2e-4d61-9c33-cdafdad71170
cf7e0e49-eeda-4dc4-b412-14bd8a441871,BE,BE-BRU,microhood,,land,Square Jacques Franck - Jacques Francksquare,"[[""fr"", ""Square Jacques Franck""], [""nl"", ""Jacques Francksquare""]]",True,True,4.340427875518799,50.832061767578125,4.341989517211914,50.832923889160156,a013ad96-227d-40f2-8748-0c797c617430
92728649-5771-420f-aea6-83358320df54,BE,BE-VLG,locality,,land,Sint-Blasius-Boekel,"[[""fr"", ""Boucle-Saint-Blaise""], [""nl"", ""Sint-Blasius-Boekel""], [""ru"", ""Синт-Бласиус-Букел""]]",True,True,3.704169511795044,50.8331184387207,3.741138458251953,50.85997772216797,098e115c-2c24-4171-94b7-763c5245b07f
e98de24d-4b7c-4a96-96e2-484fbcc7bb7b,BE,BE-VLG,locality,,land,Aspelare,"[[""ru"", ""Аспеларе""]]",True,True,3.925670623779297,50.83172607421875,3.968658924102783,50.85844421386719,f12a25fa-5e4a-478f-9271-8ad81c3cd050
766f9435-c228-4d20-9ca3-352914773be5,BE,BE-VLG,locality,,land,Neigem,,True,True,4.05354118347168,50.793701171875,4.070250034332275,50.81113052368164,9638d1c5-2f7d-4bef-a37b-bb5e9356c8db
bb87930d-2a46-49dd-ac1a-84e047a4a7c0,BE,BE-VLG,locality,,land,Gelrode,"[[""ru"", ""Гелроде""]]",True,True,4.773982048034668,50.95335388183594,4.829819679260254,50.981529235839844,58ea2dd9-eefe-4f02-aaf5-589bdc1d0502
b60f5c23-0f10-4ada-ae75-4664be4501e0,BE,BE-VLG,neighborhood,,land,Wim Saerens,,True,True,4.470070838928223,51.22377014160156,4.479096412658691,51.232276916503906,218a7fa6-621c-4240-8cda-bff07f82832c
22888693-5040-4099-b256-e3371f531f3a,BE,BE-BRU,microhood,,land,Place Charles Rogier - Karel Rogierplein,"[[""fr"", ""Place Charles Rogier""], [""nl"", ""Karel Rogierplein""]]",True,True,4.357847690582275,50.85509490966797,4.359812259674072,50.856380462646484,3b033569-fe94-4ba4-bc83-c0f413736bae
94e1f0a3-5e06-49cc-beaa-72e1b26f332b,BE,BE-BRU,neighborhood,,land,Îlot Sacré,,True,True,4.351749420166016,50.84673309326172,4.3571882247924805,50.84952163696289,36fb8328-761f-4c09-9fcc-839c135f9ca3
0bcc66ed-5463-429f-be88-656211f62996,BE,BE-VLG,locality,,land,Grimminge,,True,True,3.923180103302002,50.770015716552734,3.9573516845703125,50.799598693847656,411db83f-7115-4de2-b161-adc272cf0575
28d94c6e-9bce-447e-9203-2f98241599d5,BE,BE-VLG,locality,,land,Sint-Martens-Lierde,,True,True,3.7834858894348145,50.7925910949707,3.8608291149139404,50.81642532348633,8f188576-30aa-40a8-8ac6-adb229f12847
5058bdc5-cbf3-4be6-bcde-99ab267d0ffc,BE,BE-VLG,locality,,land,Kemzeke,,True,True,4.036517143249512,51.1839485168457,4.093509197235107,51.24993896484375,2058f21b-fd64-47e8-98f2-adc5bcacbcf1
f99f3d0b-8a21-4880-a103-5f24d419a4bc,BE,BE-BRU,microhood,,land,Place Joseph Wauters - Joseph Wautersplein,"[[""fr"", ""Place Joseph Wauters""], [""nl"", ""Joseph Wautersplein""]]",True,True,4.419063091278076,50.80785369873047,4.420088291168213,50.80830764770508,865b9847-06fb-46b8-a9dc-db9183c47c72
e15e4f3f-8416-4812-9950-a872e43d080a,BE,BE-VLG,locality,,land,Vorselaar,"[[""ru"", ""Ворселар""]]",True,True,4.726130962371826,51.18286895751953,4.835834503173828,51.251216888427734,f3fc9fca-b8ae-4d5a-a3d7-6a8074104313
08c280c0-c5e6-4982-96fa-e80da3f31670,BE,BE-VLG,neighborhood,,land,Vlasselaar,,True,True,4.762237071990967,50.93587875366211,4.785020351409912,50.95012283325195,29642b5e-5fd4-4cc3-8c97-a4f685f054aa
7f6f52bc-f1bc-45bb-a0e3-db33b3db18a5,BE,BE-WAL,neighborhood,,land,Wisbecq,,True,True,4.111915588378906,50.672000885009766,4.170870304107666,50.69841384887695,69f3f149-edc8-485d-a46b-19040b6aa8e7
bd92855c-244f-47ad-9713-bd9840138e22,BE,BE-VLG,locality,,land,Heverlee,"[[""fr"", ""Héverlé""], [""la"", ""Heverlea""]]",True,True,4.640294551849365,50.82420349121094,4.754096031188965,50.881370544433594,0e288089-df21-4c63-95b7-81d4c0183169
edd0ea1c-f593-4aa8-84ed-f7ec604a25d1,BE,BE-VLG,locality,,land,Hemiksem,"[[""nl"", ""Hemiksem""], [""ru"", ""Хемиксем""]]",True,True,4.3226237297058105,51.12946701049805,4.358432292938232,51.16183090209961,568f3f26-a518-4f7c-bd81-de517f704754
dd52a5bb-0fd5-4357-8523-4fd8cabf81a9,BE,BE-VLG,locality,,land,Perk,,True,True,4.47499418258667,50.92335891723633,4.518860340118408,50.95942687988281,cf99fd68-4af7-49c4-9d8c-715f06e50d2d
3a723414-6e97-42b4-9dd2-479a84d7b2f3,BE,BE-VLG,microhood,,land,groene ontmoetingsplek,,True,True,4.45743989944458,51.16424560546875,4.457851886749268,51.16440200805664,ba9bb28d-fa9c-4a7c-a7bf-667fe8e4fba1
c5076a45-066f-4ad2-85fb-03c24a258203,BE,BE-VLG,locality,,land,Michelbeke,,True,True,3.7355847358703613,50.80379104614258,3.795041799545288,50.8472785949707,15b8d532-3780-407d-baf5-f143e1c1f2fc
43540071-8f03-4baf-bdb8-92ca5b80fa01,BE,BE-WAL,locality,,land,Wodecq,,True,True,3.6842262744903564,50.695213317871094,3.766733407974243,50.736595153808594,667681ff-300e-4e26-a14f-98f0b8c08a38
3d9c4ea9-79d3-4a37-b51a-fbc0895ba84c,BE,BE-VLG,neighborhood,,land,Van Wesenbekestraat,,True,True,4.4195332527160645,51.218936920166016,4.421902179718018,51.22136306762695,1d446588-084a-41ba-a9eb-b53dfbd38e60
00ede623-ba57-4e21-9729-19a5e7a4828c,BE,BE-VLG,neighborhood,,land,Papegem,,True,True,3.9192938804626465,50.94986343383789,3.939422369003296,50.958160400390625,249a5af1-0002-4aec-a1af-3de1afd459fa
9c0ab4c8-e66f-4b6f-9b4b-b22c44ec5bf4,BE,BE-VLG,locality,,land,Wiekevorst,"[[""ru"", ""Викеворст""]]",True,True,4.757005214691162,51.08565139770508,4.818233966827393,51.12664794921875,0d6aab67-238c-4af8-add7-320ef5c33049
d9393964-9761-435b-983d-d6904caf8b89,BE,BE-VLG,locality,,land,Bassevelde,"[[""ru"", ""Бассевелде""]]",True,True,3.6125271320343018,51.20476531982422,3.719813346862793,51.255287170410156,d2a3abed-ff5e-45c0-bff9-2d0cfa9d9c58
4f042f32-ee81-43e5-9730-16ee88b47553,BE,BE-VLG,locality,,land,Haasdonk,"[[""fr"", ""Haesdonck""], [""nl"", ""Haasdonk""], [""ru"", ""Хасдонк""]]",True,True,4.205003261566162,51.166412353515625,4.27189302444458,51.198997497558594,02ed870d-5511-4f48-8818-928ed12efc0c
23f616ed-b983-4e21-9b88-42bc699ed801,BE,BE-BRU,neighborhood,,land,Le Logis,,True,True,4.408864974975586,50.798789978027344,4.424362659454346,50.80905532836914,d0ac13bf-2d74-4de8-8e06-14514913c881
e27e7cbf-00ba-4f3a-bb61-fd1acb13863d,BE,BE-VLG,locality,,land,Beersel,"[[""nl"", ""Beersel""], [""ru"", ""Берсел""], [""la"", ""Bersalis""]]",True,True,4.256793022155762,50.713409423828125,4.355992317199707,50.78212356567383,0954bde7-284b-4b56-9e17-f2f1ac3037cf
8b37ca33-82ae-4b50-bae2-c2fa56419d63,BE,BE-BRU,locality,,land,Anderlecht,"[[""gcf"", ""Andèrlèk""], [""ar"", ""أندرلخت""], [""fr"", ""Anderlecht""], [""uk"", ""Андерлехт""], [""li"", ""Anderlech""], [""la"", ""Anderlacum""], [""nl"", ""Anderlecht""], [""ur"", ""آندر لخت""], [""ru"", ""Андерлехт""], [""wa"", ""Anderlek""]]",True,True,4.243765354156494,50.80706024169922,4.340112686157227,50.85032653808594,5e6010a8-70a7-49a7-95e9-1135aa28acc5
ea74b210-892d-472a-b3e0-a276fc9c8680,BE,BE-WAL,locality,,land,Incourt,"[[""fr"", ""Incourt""], [""wa"", ""Incoû""]]",True,True,4.731573581695557,50.653717041015625,4.851673603057861,50.74970626831055,4f3978a7-ad76-477e-81d4-043df00d70dc
76a3dd7d-24f0-49d4-a1de-0c3b6f0ccf00,BE,BE-VLG,locality,,land,Mater,"[[""ru"", ""Матер""]]",True,True,3.631850481033325,50.8211555480957,3.6976866722106934,50.874629974365234,369a59ad-5745-4d85-b100-b21676c7dada
30abe450-4a4c-48c5-9239-e81dde1a93dc,BE,BE-VLG,neighborhood,,land,Peulis,,True,True,4.563509941101074,51.028865814208984,4.609475135803223,51.05553436279297,a2300e5d-1981-4749-b3f3-ecf97bd2f342
7ace6084-baea-448f-8eed-de425229f650,BE,BE-VLG,microhood,,land,Zurenborg (Berchem),,True,True,4.429656505584717,51.199317932128906,4.439522743225098,51.20844650268555,65b2bd72-9fbc-4dec-bc3e-aaf85af6f150
fe945f9b-c0f3-4693-bb3f-9ebc62710528,BE,BE-BRU,microhood,,land,Espace Baron Paul Halter - Baron Paul Halterplaats,"[[""fr"", ""Espace Baron Paul Halter""], [""nl"", ""Baron Paul Halterplaats""]]",True,True,4.300680637359619,50.851348876953125,4.301118850708008,50.85158920288086,b7b679be-c2a8-46ae-86f3-2f095c401b9e
12942197-ffd3-4523-a02e-0c35debfa480,BE,BE-VLG,locality,,land,Heurne,,True,True,3.6085903644561768,50.87694549560547,3.654606342315674,50.90036392211914,497bf3a6-3a3d-4eae-9a91-6718ccdd5251
e591ddc2-4a46-43e1-8474-24057413ef5d,BE,BE-VLG,locality,,land,Haacht,"[[""fr"", ""Haecht""], [""nl"", ""Haacht""], [""ru"", ""Хахт""]]",True,True,4.585687160491943,50.92451477050781,4.6894707679748535,50.994544982910156,413cc896-76b8-48ed-8ea4-95cad66abffa
815cac07-7375-47bc-8566-bdf91f1bed38,BE,BE-VLG,locality,,land,Stabroek,"[[""ar"", ""استابروك""], [""fr"", ""Stabroek""], [""nl"", ""Stabroek""], [""de"", ""Stabroek""], [""azb"", ""استبروک""], [""ur"", ""استابروک""], [""ru"", ""Стабрук""], [""en"", ""Stabroek""], [""az-Arab"", ""استبروک""], [""fa"", ""ستبروئک""]]",True,True,4.326171875,51.29708480834961,4.417151927947998,51.35669708251953,93579d69-cf99-42f0-bcd2-f77a1613b6b8
02684ad3-ec02-4697-96bf-82113e73dad2,BE,BE-BRU,microhood,,land,Place De Linde - De Lindeplein,"[[""fr"", ""Place De Linde""], [""nl"", ""De Lindeplein""]]",True,True,4.298964977264404,50.83539962768555,4.300225257873535,50.83610916137695,26a6122c-c280-4eb3-b18d-1115efaa4ff7
0bd1c6db-35ad-4ee0-b0ac-d8f87f512a07,BE,BE-VLG,neighborhood,,land,Balenberg,,True,True,4.751431465148926,50.989418029785156,4.774308204650879,51.00994873046875,f72b0669-9376-4614-a029-d53eb1de74e1
1227b6a3-a9fc-4dec-8643-119718889613,BE,BE-VLG,locality,,land,Haaltert,"[[""nl"", ""Haaltert""], [""ru"", ""Халтерт""]]",True,True,3.9371016025543213,50.85852813720703,4.041480541229248,50.916351318359375,567274d1-8657-424a-b176-81ed9f491547
d1a0dd17-684e-49ae-b0aa-c7fb7021ac20,BE,BE-VLG,locality,,land,Gentbrugge,"[[""ru"", ""Гентбрюгге""]]",True,True,3.7408335208892822,51.01852035522461,3.7933404445648193,51.0501708984375,a63489f6-9ee6-4ac8-a99c-cff1635e8de1
3ac6912d-ec5e-4795-9e46-a27dba3a9bc6,BE,BE-WAL,locality,,land,Longueville,,True,True,4.726022243499756,50.691619873046875,4.770108699798584,50.71331024169922,09ee93ba-45f3-4372-a057-8a012afb13c7
17438dad-3245-4e23-9118-cd1152b3ad84,BE,BE-VLG,locality,,land,Tisselt,"[[""ru"", ""Тисселт""]]",True,True,4.32284688949585,51.01637268066406,4.381266117095947,51.04914093017578,df800114-8b25-44a4-87fd-f0439c60f4e4
4687820e-0b1b-4b0b-9579-db05eaa5d876,BE,BE-BRU,microhood,,land,Place Wappers - Wappersplein,"[[""fr"", ""Place Wappers""], [""nl"", ""Wappersplein""]]",True,True,4.394811153411865,50.84471130371094,4.395573616027832,50.84516906738281,cff978ec-194a-4a6c-b674-26958e7bd055
6ca3b789-5005-46b7-87d1-7302bcee53bb,BE,BE-VLG,microhood,,land,Deurne-Zuid,,True,True,4.451104640960693,51.19035339355469,4.485508441925049,51.214176177978516,ea5959ff-eaa4-4a8c-bd8e-2c343967f9f9
efaece77-169e-4102-b074-27db9bb15a59,BE,BE-WAL,locality,,land,Saint-Jean-Geest,,True,True,4.863598346710205,50.72472381591797,4.925759315490723,50.750484466552734,c372d67c-7333-496f-afaf-06aae86a647f
9c77349c-d8fd-4710-a389-871ee30cbc49,BE,BE-VLG,locality,,land,Dendermonde,"[[""ar"", ""دَندَرمُند""], [""fr"", ""Termonde""], [""uk"", ""Дендермонде""], [""tt"", ""Дендермонде""], [""el"", ""Ντεντερμόντε""], [""la"", ""Teneramonda""], [""nl"", ""Dendermonde""], [""bg"", ""Дендермонде""], [""ko"", ""덴데르몬더""], [""ru"", ""Дендермонде""], [""arz"", ""داندرموند""], [""sr-Cyrl"", ""Дендермонде""], [""zh-Hant"", ""登德爾蒙德""], [""he"", ""דנדרמונדה""], [""tok"", ""ma tomo Tentemonte""], [""be"", ""Дэндэрмондэ""], [""ja"", ""デンデルモンデ""], [""lt"", ""Dendermondė""], [""fa"", ""داندرموند""]]",True,True,3.99665904045105,50.985111236572266,4.194021224975586,51.07243728637695,687efcce-3a43-44dd-8cfc-3f57387ed74b
e842bf91-c89e-47da-8cf5-b344b34da3bd,BE,BE-BRU,neighborhood,,land,Neder-Over-Heembeek,"[[""fr"", ""Neder-Over-Heembeek""], [""nl"", ""Neder-Over-Heembeek""], [""wa"", ""Neder-over-Hembek""], [""la"", ""Hembecca superior et inferior""]]",True,True,4.365152835845947,50.882713317871094,4.4136433601379395,50.91390609741211,9140a3ce-7f41-4347-b575-59c52d3bd406
72421c00-e24c-4641-bfb9-27aeda12e313,BE,BE-VLG,localadmin,,land,Eeklo,"[[""hy"", ""Էկլո""], [""vls"", ""Êeklo""], [""uk"", ""Екло""], [""nl"", ""Eeklo""], [""zh-Hans"", ""埃克洛""], [""bg"", ""Екло""], [""be-Latn-tarask"", ""Эклё""], [""ru"", ""Экло""], [""zh-Hant"", ""埃克洛""], [""he"", ""אקלו""], [""be"", ""Экла""], [""ja"", ""エークロー""], [""lt"", ""Ėklas""], [""fa"", ""اکلو""]]",True,True,3.3602254390716553,51.146846771240234,3.8562793731689453,51.30595397949219,57505eb6-0808-4a5f-b21a-93c4eb2d48f5
c3b40ac8-768d-45fb-a7ee-83a92a3fc7a9,BE,BE-BRU,neighborhood,,land,Quartier des Libertés - Vrijheidswijk,"[[""fr"", ""Quartier des Libertés""], [""nl"", ""Vrijheidswijk""], [""en"", ""Freedom Quarter""]]",True,True,4.362838268280029,50.84734344482422,4.36898136138916,50.853057861328125,77c6e176-3264-4f49-bc38-e642be67e74a
ee7605eb-d962-4152-adf6-8c7d3a16e01a,BE,BE-VLG,locality,,land,Opvelp,,True,True,4.7602972984313965,50.79547119140625,4.819450378417969,50.81941604614258,e43f52c1-f682-4b4f-ae5b-8012bb23ecb3
c7d11a42-b437-49e9-bdae-b59c49bbbe7d,BE,BE-VLG,locality,,land,Sint-Joris-Winge,"[[""fr"", ""Winghe-Saint-Georges""], [""nl"", ""Sint-Joris-Winge""], [""ru"", ""Синт-Йорис-Винге""]]",True,True,4.848812580108643,50.88517379760742,4.902318954467773,50.93906784057617,2a440919-45a8-4497-aaf1-f936e982a111
7eaa531a-4d24-441d-806b-f70de6536b53,BE,BE-VLG,locality,,land,Opdorp,,True,True,4.2000732421875,51.014163970947266,4.241122722625732,51.0433235168457,c67e1d9b-a5f0-4f37-83e0-6b715afb17b8
b9b4abdd-2522-427e-ae11-2e32e2611768,BE,BE-VLG,microhood,,land,Frederik de Merodeplein,,True,True,4.416258811950684,51.19746398925781,4.4166436195373535,51.197750091552734,88bc2e4f-3ac1-4f19-b85e-e9533a871fd9
d495381f-7f1a-4e8c-be32-779cde99a8de,BE,BE-WAL,microhood,,land,Place du Curé Borremans,,True,True,3.817795991897583,50.68457794189453,3.8183515071868896,50.68495559692383,2b772967-0feb-42b5-8857-218a98566de6
64a2209a-565d-4d13-9778-bbf114623ae2,BE,BE-VLG,neighborhood,,land,Boekenberg-Unitas,,True,True,4.459336280822754,51.194583892822266,4.468916416168213,51.20269012451172,0f384ce7-49b2-43f9-b4f1-0596e1e50f51
a35eaa8f-88ba-48af-9de2-120f0d37498b,BE,BE-VLG,locality,,land,Lemberge,,True,True,3.7570157051086426,50.96443557739258,3.7910115718841553,50.9981803894043,71598f9e-c33b-4c50-ae10-83608ef43b7c
def7eef9-11a9-41b4-90bd-85dbd31eb227,BE,BE-VLG,locality,,land,De Klinge,"[[""fr"", ""La Clinge""], [""nl"", ""De Klinge""], [""ru"", ""Де-Клинге""]]",True,True,4.078221321105957,51.249454498291016,4.132872104644775,51.275936126708984,a3d2eada-7dd0-4b48-b099-0e0c56907642
f8a11a77-f6ac-4f40-a048-96765b313afb,BE,BE-VLG,neighborhood,,land,Breendonk,,True,True,4.2900004386901855,51.026710510253906,4.338778972625732,51.064483642578125,c70b2ad4-447d-45bf-afe7-b0b14706d726
e3938e51-1fa0-4f73-87e9-2a1a02f96f5d,BE,BE-VLG,locality,,land,Relegem,"[[""fr"", ""Releghem""], [""nl"", ""Relegem""], [""ru"", ""Релегем""]]",True,True,4.264067649841309,50.89104461669922,4.295843124389648,50.91289520263672,64f162bf-33be-43d5-85bc-7acf7652c514
37f24a6b-00ea-489c-9a8c-22793cae24d6,BE,BE-VLG,microhood,,land,Koningin Maria Hendrikaplein,,True,True,3.710555076599121,51.036399841308594,3.7117857933044434,51.03708267211914,061d5b9c-9599-4a37-9e06-055d463ab4ee
0ea890e3-1945-499a-9d44-ca8540ba1592,BE,BE-BRU,microhood,,land,Place de la Croix-Rouge - Rode-Kruisplein,"[[""fr"", ""Place de la Croix-Rouge""], [""nl"", ""Rode-Kruisplein""]]",True,True,4.275571823120117,50.83662033081055,4.276005744934082,50.83688735961914,97010897-8d20-4bb5-99c7-7b593b7a9a0a
f04d49a2-3334-4ae3-b31a-e4c888ce28c5,BE,BE-WAL,locality,,land,Jodoigne,"[[""pcd"", ""Djodonne""], [""fr"", ""Jodoigne""], [""la"", ""Geldonia""], [""nl"", ""Geldenaken""], [""ru"", ""Жодуань""], [""wa"", ""Djodogne""]]",True,True,4.772916316986084,50.677703857421875,4.94886589050293,50.773475646972656,547ab70d-89c4-4b18-986a-23e3a1a18d77
cf461606-1a18-44f9-8e37-4edcd4b270e8,BE,BE-VLG,neighborhood,,land,Kelfs,,True,True,4.671476364135742,50.941593170166016,4.6894707679748535,50.955204010009766,5c507b1a-cf42-44ee-b6aa-fcc5a5f4021c
1353684b-3d15-4f90-970f-4b867fa10a03,BE,BE-VLG,locality,,land,Meerbeek,,True,True,4.5763630867004395,50.86374282836914,4.614674091339111,50.892860412597656,55331cef-054c-4e68-a892-c31c73f1fede
ad13548c-96e6-4ae9-9c74-87c067c560eb,BE,BE-VLG,locality,,land,Erpe,"[[""ru"", ""Эрпе""]]",True,True,3.9567949771881104,50.920650482177734,4.011236667633057,50.95598602294922,d8f621ae-3fff-4fd2-a302-610acdc89e9f
797c17f3-d140-4f68-9a96-b9cec375c3c2,BE,BE-VLG,locality,,land,Sint-Denijs-Boekel,"[[""fr"", ""Boucle-Saint-Denis""], [""nl"", ""Sint-Denijs-Boekel""]]",True,True,3.692638635635376,50.854801177978516,3.735065460205078,50.88299560546875,005b8697-6fbf-464c-9203-174a9f485c7e
e5ca0cfe-b2fd-4dea-b6b2-217c4257e40b,BE,BE-VLG,locality,,land,Merelbeke-Melle,,True,True,3.682864189147949,50.933746337890625,3.8362319469451904,51.030948638916016,0f8363c0-5a7a-4783-9bf0-293660b95bc8
2c042cfc-c1a0-4aa9-a6df-1e2537530bfa,BE,BE-BRU,neighborhood,,land,Quartier Saint-Géry - Sint-Gorikswijk,"[[""fr"", ""Quartier Saint-Géry""], [""nl"", ""Sint-Gorikswijk""]]",True,True,4.344318866729736,50.84540557861328,4.352320194244385,50.85158920288086,1af13ae1-32f6-4455-9281-ea3b93fcdb67
a2af47b7-bf50-42fa-9637-e04adbff9b69,BE,BE-WAL,locality,,land,Flobecq,"[[""pcd"", ""Flôbek""], [""fr"", ""Flobecq""], [""la"", ""Flobecca""], [""nl"", ""Vloesberg""], [""ru"", ""Флобек""], [""nds-nl"", ""Vloesbarg""]]",True,True,3.685814142227173,50.72930908203125,3.77713942527771,50.7818717956543,d6aa7533-e199-48ec-a5cc-ed494a9eb079
5e98e129-bfc6-4747-8e0f-740286785ae9,BE,BE-VLG,microhood,,land,Panamarenkoplein,,True,True,4.381854057312012,51.20502471923828,4.382707595825195,51.20554733276367,1700e264-f3e0-43e2-83d0-84234639636e
2e1b0718-dd78-414e-836b-20a2c454cc82,BE,BE-VLG,locality,,land,Oostmalle,"[[""ru"", ""Остмалле""]]",True,True,4.701849937438965,51.242469787597656,4.776651859283447,51.326847076416016,2ad31344-e981-4ab2-af04-4a290f864afb
18723f1d-3f41-4b85-91f5-cd23cc7937d5,BE,BE-VLG,locality,,land,Kalken,"[[""ru"", ""Калкен""]]",True,True,3.882920026779175,51.02143859863281,3.938260316848755,51.076011657714844,34695295-1d67-4a2e-ab0d-fe661cc46dfc
3b18f8dc-72d9-4df9-9dc8-750dc32a2094,BE,BE-VLG,locality,,land,Schelderode,,True,True,3.703683376312256,50.936378479003906,3.7387449741363525,50.97956085205078,bda7e675-06b4-455c-8f89-8435a148deb4
e268a7bf-175e-4811-ac1e-5beb17484c81,BE,BE-VLG,neighborhood,,land,Michelbeke,,True,True,3.7355847358703613,50.81835174560547,3.7741432189941406,50.8472785949707,8aa393bb-25e2-4ad2-abd8-9544750e98ca
505ad71b-5ab2-40c4-bfb3-610008f5298c,BE,BE-VLG,locality,,land,Hemelveerdegem,,True,True,3.8451321125030518,50.799964904785156,3.8818137645721436,50.817840576171875,145ea550-e743-48e9-88d7-e114ba3fac0f
a926f65f-6193-4a98-ae3f-f624bb8630b2,BE,BE-VLG,locality,,land,Kraainem,"[[""nl"", ""Kraainem""], [""ru"", ""Крайнем""]]",True,True,4.449220657348633,50.818275451660156,4.492929935455322,50.867183685302734,7b616d69-094e-45af-9be6-933f0c00c785
45a493a0-15e8-4c22-9d75-c6a4bb23ce95,BE,BE-VLG,locality,,land,Boechout,"[[""nl"", ""Boechout""], [""ru"", ""Бухаут""]]",True,True,4.479106426239014,51.129608154296875,4.565167427062988,51.19050598144531,48fef0b1-4594-4fd9-9ce6-759f73d2271c
f542883f-1f88-4af7-88a7-f3d4ac0c9f76,BE,BE-VLG,neighborhood,,land,Moretusburg,,True,True,4.33502197265625,51.16996765136719,4.3437957763671875,51.174163818359375,398bd3dd-3e73-4a87-8aba-44a6909749e1
05f75346-ef52-4541-923c-78960a8c1ad5,BE,BE-VLG,locality,,land,Teralfene,,True,True,4.078354358673096,50.88407897949219,4.113852024078369,50.90004348754883,e6386ccc-acf7-40c9-836a-a4da5f68b176
ce7e722f-3e75-4953-ba43-15c8552fa880,BE,BE-VLG,locality,,land,Berendries,,True,True,4.232282638549805,50.714752197265625,4.236199855804443,50.717071533203125,72445b23-2c9d-4070-bef1-14184ce746ed
16042c25-fdb0-41da-8fc6-2ac89f9bcb1a,BE,BE-VLG,neighborhood,,land,Prinsenhof,"[[""de"", ""Prinzenhof""], [""nl"", ""Prinsenhof""]]",True,True,3.7132885456085205,51.05624008178711,3.7201125621795654,51.06037902832031,77cca4c4-f19f-4eed-9111-4524912ef0f6
5370cba5-aa0f-45a0-9482-a1806b27164d,BE,BE-BRU,microhood,,land,Place du Samedi - Zaterdagplein,"[[""fr"", ""Place du Samedi""], [""nl"", ""Zaterdagplein""]]",True,True,4.349681854248047,50.851192474365234,4.350748062133789,50.85190963745117,5d41d9e9-c0fd-4809-8ea3-1f169c6d1bc2
7b7619e4-e3a4-406e-9359-1cdf1ebda17b,BE,BE-VLG,locality,,land,Parike,"[[""ru"", ""Парике""]]",True,True,3.782487630844116,50.77088165283203,3.819793462753296,50.79853820800781,b8dec5c7-fdc5-4b3a-b6d2-7d1f8ae66d6f
171619a4-84a3-4b33-a01f-9f20517ca641,BE,BE-VLG,microhood,,land,Nieuwdreef,,True,True,4.427292823791504,51.2370719909668,4.441569805145264,51.25112533569336,5162cd1b-790e-4825-b72e-f7ebb3f6285b
74ff66b5-0165-42a4-9182-d7805e99f9fd,BE,BE-VLG,locality,,land,Kruisem,,True,True,3.4665417671203613,50.869808197021484,3.686661958694458,50.95307540893555,5458f7a9-2d97-4ec4-8926-819254c05a38
403b53a2-dd3d-4300-9609-884fed7f9cfa,BE,BE-VLG,microhood,,land,Dr. Roosensplein,,True,True,4.484856128692627,51.28753662109375,4.48556661605835,51.28797912597656,7bdec128-b525-47e8-80aa-da93195b0940
515c3c4e-7565-4e24-b3aa-36d365aa86d4,BE,BE-VLG,microhood,,land,Grote Markt,,True,True,4.097607612609863,51.03064727783203,4.098611831665039,51.03142547607422,8ef377bb-7b50-4c64-a6e5-8888222e8c38
82cbe9e3-68d0-4998-9164-82ac5be3a29c,BE,BE-VLG,locality,,land,Munkzwalm,,True,True,3.713787794113159,50.8596305847168,3.756317377090454,50.89523696899414,73c56044-d633-4a10-88ff-793741f3c7ea
9b052274-201c-4239-a6b8-ab1b495a183a,BE,BE-VLG,locality,,land,Duisburg,,True,True,4.521104335784912,50.79676818847656,4.586567401885986,50.825157165527344,ea6406fb-bf5c-410f-9fd9-3dd9072c5c44
93b86537-2b6e-49d0-a1a3-ba59b4bb7f21,BE,BE-WAL,locality,,land,Lathuy,"[[""fr"", ""Lathuy""]]",True,True,4.791650295257568,50.708492279052734,4.850222587585449,50.73667526245117,78140208-f3ed-49be-9b01-a38f31abbebe
b7a019db-0a7c-4ad5-ab3d-cf217a24f727,BE,BE-VLG,locality,,land,Liedekerke,"[[""nl"", ""Liedekerke""], [""ru"", ""Лидекерке""]]",True,True,4.058979034423828,50.84971237182617,4.126327991485596,50.88881301879883,4582ae22-4a3b-4f06-be33-4bea0e7313f6
0f5df97e-32d1-4e8e-b2c3-35025140b1e4,BE,BE-VLG,microhood,,land,Dorpsplein,,True,True,4.162888050079346,51.03569793701172,4.164331912994385,51.036216735839844,d519dcbe-6d70-4ce9-8ade-9d335a7b527a
aad10fd1-3dc7-4f69-8a73-98cd268f77d2,BE,BE-VLG,neighborhood,,land,Ertbrugge (Deurne),,True,True,4.479030132293701,51.22455596923828,4.487421035766602,51.23457717895508,876f8527-01f6-4650-9871-e10cb2426249
8f579a8d-0507-478d-912c-d8a334f6a470,BE,BE-VLG,locality,,land,Kortenberg,"[[""nl"", ""Kortenberg""], [""ru"", ""Кортенберг""], [""fr"", ""Cortenbergh""]]",True,True,4.5150532722473145,50.85572814941406,4.614674091339111,50.934837341308594,770bace2-40a8-45bb-8c33-25309c827ca5
63e81125-9810-4d84-ab37-20287f4dfa3d,BE,BE-VLG,locality,,land,Etikhove,,True,True,3.596083164215088,50.76896667480469,3.6548240184783936,50.825496673583984,9fc179dc-1a4b-489e-91d8-0729ef595f3e
81c4b07c-e5ce-4826-9b51-078d6bb17015,BE,BE-VLG,microhood,,land,Beestenmarkt,,True,True,4.2357635498046875,50.73594284057617,4.236434459686279,50.73642349243164,45b818e1-5760-4a7c-9a94-e60ad120d637
37e34e7c-dffd-4568-9cf5-a0714899a340,BE,BE-WAL,locality,,land,Biez,,True,True,4.697783946990967,50.71828079223633,4.750324249267578,50.74742126464844,cd01966d-1b47-44ac-b894-bfdabdb2ece1
fe947f41-ce41-41b5-9bec-0d2c5ef93e5e,BE,BE-VLG,locality,,land,Melle,"[[""ru"", ""Мелле""]]",True,True,3.762890338897705,50.97407531738281,3.8362319469451904,51.030948638916016,2accd859-054f-4ebd-9221-43c73d7b050b
ce32ea9d-0a15-4191-b951-297ea550de3f,BE,BE-VLG,locality,,land,Lovenjoel,,True,True,4.763576984405518,50.83997344970703,4.8126397132873535,50.86960220336914,ea857e65-dd0c-48cc-ab91-c75889b924ef
bb30b260-4b2a-49a1-87f8-5b4b3d547cec,BE,BE-VLG,locality,,land,Linden,"[[""ru"", ""Линден""]]",True,True,4.747935771942139,50.887935638427734,4.7981767654418945,50.90983200073242,9fc0bc83-c0df-475f-b8ff-3416271edd48
302bcfb5-3bd8-46ce-96ba-0a6e66c8b85c,BE,BE-VLG,locality,,land,Hoegaarden,"[[""nl"", ""Hoegaarden""], [""ru"", ""Хугарден""], [""wa"", ""Ougår""], [""fr"", ""Hougaerde""]]",True,True,4.8005266189575195,50.7426872253418,4.95382022857666,50.81351852416992,d1cd908b-1a69-45ac-b63b-842b41150476
e6d15d45-3ad9-45d8-865e-5a301587651e,BE,BE-VLG,locality,,land,Tielen,"[[""ru"", ""Тилен""]]",True,True,4.861774921417236,51.23030090332031,4.933905601501465,51.286903381347656,fd1b19ef-9d18-4b49-9ce7-96b39bc41a40
7a2a35b9-142d-4a50-8675-7b28ea86c6ae,BE,BE-VLG,locality,,land,Nieuwenrode,"[[""ru"", ""Ньивенроде""]]",True,True,4.3386549949646,50.9686279296875,4.380058288574219,51.00760269165039,f2e9708f-8736-4c22-b262-88f203694b84
313568a7-4a63-4d66-ab8e-e61305e68c1e,BE,BE-WAL,locality,,land,Énines,,True,True,4.9187703132629395,50.686710357666016,4.931164264678955,50.701324462890625,2e9cf068-4ab6-4c49-85f6-40407c4161b6
0f2b0e2f-a1e8-43fc-b0f9-c34ef662939b,BE,BE-VLG,locality,,land,Strombeek-Bever,,True,True,4.318343162536621,50.900909423828125,4.368345737457275,50.92108154296875,b039710a-ff14-4581-b3ce-a613686c65b3
d62aed0d-4751-433c-8b03-cb6c77c4e45a,BE,BE-VLG,locality,,land,Dikkele,,True,True,3.7291197776794434,50.894081115722656,3.7522900104522705,50.90825653076172,37f2e868-813d-4985-b2ab-c487846fe7d4
350dfbd1-7f72-4784-9306-ca5f8ef21584,BE,BE-VLG,locality,,land,Ottenburg,"[[""nl"", ""Ottenburg""], [""fr"", ""Ottembourg""], [""ru"", ""Оттенбург""]]",True,True,4.596884727478027,50.741024017333984,4.655401229858398,50.767066955566406,810ec09c-296a-4854-8c6f-17fd63214385
2ba313ce-fb4a-40ac-917c-ddc0cb60241c,BE,BE-VLG,locality,,land,Nederboelare,,True,True,3.855834722518921,50.77238845825195,3.889478921890259,50.790122985839844,e0313eea-6d9f-4ad1-a1bc-4ce1c262fb76
43723b76-4f49-4e58-a7b0-ccfbe86b60aa,BE,BE-BRU,microhood,,land,Place Patrice Lumumba - Patrice Lumumbaplein,"[[""fr"", ""Place Patrice Lumumba""], [""nl"", ""Patrice Lumumbaplein""]]",True,True,4.36580753326416,50.83504104614258,4.366277694702148,50.83534622192383,529f2a72-13d9-479e-925a-dabc8cc432d6
dd1f3729-6fd7-4e1c-aef2-955fefef2b8d,BE,BE-VLG,locality,,land,Westrem,"[[""ru"", ""Вестрем""]]",True,True,3.8416059017181396,50.95121383666992,3.8791000843048096,50.97487258911133,4067e875-f500-43c4-891a-709d4889df6f
2bf78de2-5702-4dd0-b8cf-36e872ce220d,BE,BE-VLG,locality,,land,Aalst,"[[""hy"", ""Աալստ""], [""vls"", ""Oalst""], [""fr"", ""Alost""], [""lv"", ""Ālsta""], [""uk"", ""Алст""], [""li"", ""Aals""], [""tt"", ""Алст""], [""el"", ""Άαλστ""], [""la"", ""Alostum""], [""nl"", ""Aalst""], [""bg"", ""Алст""], [""ko"", ""알스트""], [""ru"", ""Алст""], [""zea"", ""Aelst""], [""sr-Cyrl"", ""Алст""], [""az"", ""Alst""], [""wa"", ""Åch""], [""es"", ""Alost""], [""be"", ""Алст""], [""ja"", ""アールスト""], [""lt"", ""Alstas""], [""wuu"", ""阿尔斯特""], [""zh"", ""奥斯特""]]",True,True,3.9824464321136475,50.899391174316406,4.163432598114014,50.99483108520508,f9dc65f8-f209-4500-a959-0395811173ca
9763ae80-e03c-42da-9650-71c9938a6555,BE,BE-VLG,neighborhood,,land,Muggenberg-Arena,,True,True,4.452779293060303,51.20171356201172,4.465478897094727,51.2102165222168,52465d4f-7aea-47bd-b30a-236e5b90b2e3
39042c2d-741b-401b-af55-408b88e28af4,BE,BE-VLG,microhood,,land,Sint-Andries,,True,True,4.391211986541748,51.211639404296875,4.402266025543213,51.21864318847656,08850053-87d6-48ff-8b6d-e44c04162fe8
2ceddb09-a9a4-4618-a562-c2297183d552,BE,BE-VLG,microhood,,land,Seefhoek-Stuivenberg,,True,True,4.420943737030029,51.217472076416016,4.436887264251709,51.229888916015625,8e767e80-b337-4b76-86d1-a8eb737d8208
ee46f85c-0288-4893-b677-077436fb09bd,BE,BE-BRU,microhood,,land,Place des Bouvreuils - Goudvinkenplein,"[[""fr"", ""Place des Bouvreuils""], [""nl"", ""Goudvinkenplein""]]",True,True,4.416877746582031,50.82299041748047,4.41767692565918,50.82327651977539,596685e0-f473-4dea-b5cd-27fe04d883f9
e8d4e31f-b137-48c2-a5d3-817c9bd1828d,BE,BE-VLG,locality,,land,Zwijndrecht,"[[""vls"", ""Zwyndrecht""], [""uk"", ""Звейндрехт""], [""nl"", ""Zwijndrecht""], [""ur"", ""زوائندریخت""], [""ru"", ""Звейндрехт""]]",True,True,4.290099143981934,51.19932556152344,4.3520073890686035,51.262386322021484,c87aaf07-714b-44be-8874-c168196aa5f5
c44e5634-93a7-46ac-9a1d-33f748f51cf1,BE,BE-VLG,locality,,land,Iddergem,,True,True,4.028658866882324,50.864532470703125,4.062878131866455,50.88489532470703,0b8336cc-4ed1-4f7c-90a7-660d9a51d305
b3afb2c6-cd6f-41dd-9122-34325607f083,BE,BE-BRU,microhood,,land,Square de la Putterie - Putterijsquare,"[[""fr"", ""Square de la Putterie""], [""nl"", ""Putterijsquare""]]",True,True,4.355141639709473,50.84464645385742,4.356506824493408,50.845481872558594,d4fab3d2-a6ad-4209-8a33-8bdcc3b8c387
9f5afebf-a19c-45b1-8607-6e0ba6cfd232,BE,BE-VLG,locality,,land,Burcht,,True,True,4.316708564758301,51.18553161621094,4.3569159507751465,51.21579360961914,5cae1290-b006-4b8b-a89f-96e6d84fe1f2
537c6655-c6ce-49f0-b360-c6eaad668a36,BE,BE-VLG,microhood,,land,Ter Luchteplein,,True,True,3.714350700378418,51.063724517822266,3.714700222015381,51.064022064208984,42dfe9d8-03f6-4f32-b4c3-a8e1bc13a0b8
b9e4a84b-9aa7-4522-85d0-5089e512572c,BE,BE-VLG,neighborhood,,land,Lievekensbossen,,True,True,4.537312984466553,50.97055435180664,4.554424285888672,50.98149871826172,a8ff1213-6949-4ab3-adbf-a12b6c06aa06
ed885dfb-aa9f-4ad4-8825-22f6c455edbe,BE,BE-VLG,locality,,land,Putte,"[[""nl"", ""Putte""], [""ru"", ""Пютте""], [""la"", ""Putta""]]",True,True,4.563509941101074,51.01720428466797,4.689247131347656,51.08687210083008,bdd9841e-1bb1-4aa8-a6c1-59ac44c57374
6d9fec0c-c988-4c7a-a511-e7c924690f35,BE,BE-BRU,microhood,,land,Place du Nouveau Marché aux Grains - Nieuwe Graanmarkt,"[[""fr"", ""Place du Nouveau Marché aux Grains""], [""nl"", ""Nieuwe Graanmarkt""]]",True,True,4.3436126708984375,50.850303649902344,4.345623016357422,50.8514404296875,5e152e9e-8a55-45f9-8fe6-7189b04b28b3
5b841e5a-9792-4c35-b97d-76f6ead01497,BE,BE-VLG,locality,,land,Elst,,True,True,3.7140865325927734,50.80859375,3.7529404163360596,50.84355545043945,498449af-4041-4671-8b8e-b95bb0e1adcb
f9746e95-7f1b-4c69-b4da-8ec3fc03f046,BE,BE-VLG,locality,,land,Nieuwenhove,,True,True,3.9700019359588623,50.77661895751953,4.003831386566162,50.79248046875,9b090c97-e6db-4b14-8434-baede9182e14
576a6d1b-22ae-418c-9e9d-bb045cc0f937,BE,BE-VLG,locality,,land,Bever,"[[""fr"", ""Biévène""], [""nl"", ""Bever""], [""ru"", ""Бевер""]]",True,True,3.889319896697998,50.688968658447266,3.974172830581665,50.73304748535156,c9f90009-4dc0-4a2e-814c-8a18454ce8bc
5bd1dcae-4eb3-4ac6-82b3-75050f047206,BE,BE-VLG,locality,,land,Neervelp,,True,True,4.798263072967529,50.80514144897461,4.829707622528076,50.82818603515625,1f60c9bf-48db-434a-a643-c2ddbc32c3b4
de61a0e0-2648-49cc-977e-28346ca82c1c,BE,BE-BRU,locality,,land,Jette,"[[""bru"", ""Yet""], [""ar"", ""جيتي""], [""fr"", ""Jette""], [""la"", ""Ietta""], [""nl"", ""Jette""], [""ru"", ""Жет""], [""wa"", ""Djete""]]",True,True,4.293761253356934,50.86454391479492,4.3405232429504395,50.89411926269531,b9d9cb09-5cdc-401c-a960-6b8b1cddfba9
57ebaaef-7829-485c-8440-b9f34c082036,BE,BE-VLG,locality,,land,Wommelgem,"[[""nl"", ""Wommelgem""], [""ru"", ""Воммелгем""], [""fr"", ""Wommelghem""]]",True,True,4.482299327850342,51.186614990234375,4.562283039093018,51.222999572753906,33035458-4d60-4b07-9a7a-89836871460d
7c9877c1-127f-4a10-8ba2-b3d4846da876,BE,BE-BRU,microhood,,land,Place Surlet de Chokier - Surlet de Chokierplein,"[[""pcd"", ""Plache Surlet d' Chokier""], [""fr"", ""Place Surlet de Chokier""], [""nl"", ""Surlet de Chokierplein""]]",True,True,4.3681864738464355,50.848846435546875,4.368465900421143,50.849037170410156,037c8287-81dd-4078-ab43-88d903eb2044
f4fc87f3-196e-4d53-a807-e218d206647d,BE,BE-VLG,neighborhood,,land,Amandus,,True,True,4.413303852081299,51.224525451660156,4.422097206115723,51.22984313964844,3d71fcaa-85c7-49c5-95f5-e55fe697dc7f
c0cb9a90-690d-4e43-801e-ee86696b3c1a,BE,BE-VLG,microhood,,land,Rozemaai,,True,True,4.404703140258789,51.26447677612305,4.418846130371094,51.27556610107422,54b44bbb-95f3-474b-8e52-8a3dcc55bb65
304f91c1-8e7c-4483-ae51-5d391d3110b8,BE,BE-VLG,locality,,land,Voorde,,True,True,3.918059825897217,50.8117790222168,3.9638538360595703,50.83938980102539,2cbe726d-edaf-434b-8d0f-1fb3055e689b
6dce320b-cd62-46fc-a4bf-37af8256ef0a,BE,BE-VLG,microhood,,land,Ossenmarkt,,True,True,4.413266658782959,51.221458435058594,4.414260387420654,51.2220573425293,1e8de4e0-159c-4082-b6e5-bc104bd684c0
a1c29157-acca-465b-9298-99e3d1bd5346,BE,BE-VLG,microhood,,land,De Kinkhoorn,,True,True,3.2441251277923584,51.34081268310547,3.2451319694519043,51.341243743896484,316108f3-9224-4c9e-8e32-8c2a12b04f83
3dbb8f40-c11b-49cb-8e18-5ff24f274570,BE,BE-VLG,microhood,,land,Stijn Streuvelsplein,,True,True,3.2731034755706787,51.34305191040039,3.273742914199829,51.34343338012695,a92f3e8a-2d5b-4c4d-b5fa-0c083f7ccd20
8a435885-5901-49e4-964c-91a87e6a1f40,BE,BE-VLG,locality,,land,Wuustwezel,"[[""nl"", ""Wuustwezel""], [""ru"", ""Вюствезел""]]",True,True,4.50629997253418,51.33757400512695,4.716978549957275,51.4328498840332,b4c36646-da1b-4a22-a696-682e931f4055
3f6bb684-50da-497b-86f0-9a85519b13d5,BE,BE-VLG,microhood,,land,Heldenplein,,True,True,3.2400355339050293,51.34093475341797,3.24066162109375,51.341434478759766,514c5007-27de-4ae5-8710-6dee5fea1b8e
197d822b-aa31-4b85-81f2-a8cf51484f6c,BE,BE-VLG,neighborhood,,land,Koningsstoel,,True,True,4.66697883605957,51.34854507446289,4.68996524810791,51.35600662231445,4f769e1c-7d8d-4ca9-9571-f37e0ed18155
5be7a4d6-1764-4da3-9b8d-dfbbb2dbfe32,BE,BE-VLG,microhood,,land,Europaplein,,True,True,3.2572691440582275,51.34304428100586,3.258105993270874,51.34392547607422,407730c3-0d65-4440-8c9f-30eaf45694f7
77ded820-a9b7-4e89-b864-2310aad7c0f9,BE,BE-VLG,locality,,land,Merksplas,"[[""nl"", ""Merksplas""], [""ru"", ""Мерксплас""]]",True,True,4.808454513549805,51.33647537231445,4.933185577392578,51.41233825683594,b14a7b92-4a02-4630-89d1-0139ebd9c0a5
8a0becd9-35c4-4ff6-848b-f7a5081c1260,BE,BE-VLG,neighborhood,,land,Heiken,,True,True,4.655186653137207,51.34657287597656,4.670668125152588,51.356597900390625,2a570bbe-b875-49cd-a29e-ad57b06dda76
ba7429c3-59ab-457b-8915-6ced7c90eabd,BE,BE-VLG,microhood,,land,Bovendekplein,,True,True,3.2438881397247314,51.3298454284668,3.2445409297943115,51.3300895690918,4b2b9f1c-b3ea-4a77-81d1-a3f32cb8a9cc
9b29c65e-905e-435e-978d-d8b7c30454c3,BE,BE-VLG,microhood,,land,Kraaiennestplein,,True,True,3.2412281036376953,51.32988357543945,3.2421584129333496,51.33024215698242,41300f3c-3978-404b-8b67-4a0c0cc99019
b1d9519b-7f84-4733-a5e4-8b67ff5f88d6,BE,BE-VLG,locality,,land,Essen,"[[""ar"", ""إيسن""], [""fr"", ""Essen""], [""br"", ""Essen""], [""nl"", ""Essen""], [""bg"", ""Есен""], [""ko"", ""에선""], [""ru"", ""Эссен""], [""carnaval"", ""Ossekoppenstad""], [""fa"", ""اسان""], [""zh"", ""埃森""]]",True,True,4.379316806793213,51.41548538208008,4.548161029815674,51.482398986816406,409bd690-d21a-4b1f-a389-809ca89966dd
e1ff6f37-fb4e-4a83-880f-673902d80a0f,BE,BE-VLG,locality,,land,Knokke-Heist,"[[""fr"", ""Knocke-Heist""], [""nl"", ""Knokke-Heist""], [""vls"", ""Knokke-Eist""], [""ru"", ""Кнокке-Хейст""]]",True,True,3.225080728530884,51.29607391357422,3.3853402137756348,51.372703552246094,31d1a15d-de5c-4d6e-847c-23f0f7825dc3
bf4ad5c0-bb64-490d-b963-082b1b30b3f3,BE,BE-VLG,microhood,,land,Keith Haringplein,,True,True,3.2845137119293213,51.33835220336914,3.2851223945617676,51.338890075683594,1f9b43d5-a234-482f-9bf4-ac695cc151ed
4439e49a-3f9c-436d-8fc3-7b6f86a1a60a,BE,BE-VLG,neighborhood,,land,Pothoek,,True,True,4.680723667144775,51.34297561645508,4.698305606842041,51.34996032714844,f7b0a53c-2b8f-4ea9-b500-8e75d65aee3b
c867de8d-609e-4005-908d-b728f932366e,BE,BE-VLG,locality,,land,Kalmthout,"[[""fr"", ""Calmpthout""], [""nl"", ""Kalmthout""], [""ru"", ""Калмтхаут""]]",True,True,4.383659362792969,51.352413177490234,4.535408973693848,51.453792572021484,d03ec945-71a9-4798-b86f-1061ae85abcc
0bd5f283-f498-4752-b58e-9d088366f00b,BE,BE-VLG,locality,,land,Loenhout,"[[""ru"", ""Лунхаут""]]",True,True,4.616042613983154,51.373046875,4.716978549957275,51.4268913269043,96a9c69d-b43f-40cf-b78d-0dcb1b58dded
5f0e7d70-15b9-4b0f-a021-37a02370c0a9,BE,BE-VLG,neighborhood,,land,Berendrecht,,True,True,4.26192569732666,51.33021545410156,4.36816930770874,51.35868453979492,cc80a980-cd1f-483c-93b7-e17365d49d81
7e22da02-6145-46a5-b6b4-bcdf116f0636,BE,BE-VLG,locality,,land,Hoogstraten,"[[""ru"", ""Хогстратен""]]",True,True,4.666585922241211,51.375545501708984,4.850905418395996,51.5051155090332,c61dea0e-a995-4b05-8cc3-f2f36dc749fb
72dd7ab6-0de3-4301-b76e-9352a1074eef,BE,BE-VLG,locality,,land,Minderhout,"[[""ru"", ""Миндерхаут""]]",True,True,4.694590091705322,51.40973663330078,4.841469764709473,51.453399658203125,43264a67-9486-4525-b5be-05c3ef5d35ba
a96ad6f1-0c98-42aa-81e8-24ec66a05530,BE,BE-VLG,locality,,land,Berendrecht-Zandvliet-Lillo,"[[""la"", ""Berendrecht-Sanflita-Lilloa""]]",True,True,4.217576503753662,51.29304885864258,4.36816930770874,51.37763595581055,41917fe4-fa21-4e4f-bde9-bd1d4d5f6458
36459032-ffd4-4b81-8d36-cf6fdf527d9f,BE,BE-VLG,locality,,land,Sint-Lenaarts,"[[""ru"", ""Синт-Ленартс""]]",True,True,4.647600173950195,51.31621551513672,4.723585605621338,51.382354736328125,964f0fbc-c40e-4d59-9c38-1a5920cdab9f
d26fc324-1a33-4708-a11d-d124fa925967,BE,BE-VLG,locality,,land,Meer,"[[""ru"", ""Мер""]]",True,True,4.666585922241211,51.4167366027832,4.780932426452637,51.5051155090332,63adf0bd-54fb-4167-89aa-f65902de54b5
0e69fbc6-21c6-4c55-be83-7b2bba186c5f,BE,BE-VLG,microhood,,land,Albertplein,,True,True,3.2985496520996094,51.354400634765625,3.29948353767395,51.35523986816406,e164d6d4-0fae-43e1-875f-83621909bc96
ade3ab41-e164-4933-a410-a45365de489c,BE,BE-VLG,microhood,,land,Sint-Jansplein,,True,True,4.468180179595947,51.4279899597168,4.4690632820129395,51.42854309082031,a669939d-4408-4eaa-a967-b00ca8b83755
b0778c78-249b-4340-bc4a-42326aebc617,BE,BE-VLG,neighborhood,,land,Sint-Lenaarts-Centrum,,True,True,4.669090747833252,51.34358215332031,4.68746280670166,51.35300064086914,207014bd-4eba-4631-a9d5-dc20860e9105
438e76f5-8fb8-4402-8f3d-f0daa78f0d6d,BE,BE-VLG,locality,,land,Knokke,"[[""fr"", ""Knocke""], [""vls"", ""Knokke""], [""la"", ""Knokka""]]",True,True,3.271446943283081,51.3274040222168,3.3835256099700928,51.372703552246094,2cebb931-519f-4ee0-993a-cff75792e4c7
76342148-fcdc-4db5-b7cb-bcf76e6556bb,BE,BE-VLG,neighborhood,,land,Zandvliet,"[[""la"", ""Sanflita""]]",True,True,4.217576503753662,51.34135437011719,4.341115951538086,51.37763595581055,74e9dd7d-0d19-4a4c-9615-0429410e09dc
d32459b8-2af7-4805-ae29-cfb38865ccfb,BE,BE-VLG,microhood,,land,Verzetsplein,,True,True,3.2844178676605225,51.34846878051758,3.284883975982666,51.34893798828125,8f303ff6-f58e-4d80-bdec-9e120d7d996a
51c7cfb0-5240-454b-99ca-617df51a8a3a,BE,BE-VLG,locality,,land,Kleine Horendonk,,True,True,4.516483306884766,51.45354080200195,4.54049015045166,51.46732711791992,250148fb-c328-47ec-96eb-bbc086cfa9be
0bd6f1c6-c0da-4d4f-ae7e-76bac9ee6cdf,BE,BE-VLG,microhood,,land,De Bolle,,True,True,3.2382190227508545,51.339656829833984,3.2388112545013428,51.33985900878906,d58dd6b3-214b-4586-b57b-326b1c303b71
d80280cb-755a-4f68-bdf8-f7ec9e81ffe8,BE,BE-VLG,microhood,,land,Vissershuldeplein,,True,True,3.2346713542938232,51.34040832519531,3.235185146331787,51.34065246582031,e7c47d3d-58ec-4eec-863e-acc4c1500b16
ae97e098-ba81-4362-8c86-e91e99462b99,BE,BE-VLG,microhood,,land,De Wielingen,,True,True,3.3055238723754883,51.35650634765625,3.30614972114563,51.356895446777344,724fab8b-6120-4435-a57d-4bfbba55b607
d543208c-993f-4a28-a15e-e457c12c7e0c,BE,BE-VLG,microhood,,land,Redersplein,,True,True,3.2392282485961914,51.330177307128906,3.2397212982177734,51.33043670654297,b9e51e96-7b3a-41d4-9bf9-833b5aa7029c
7700adf1-bae9-49cb-b085-2e4bf504476a,BE,BE-VLG,neighborhood,,land,Veerle,,True,True,4.651247024536133,51.31621551513672,4.689940929412842,51.34373474121094,02ba19be-12a8-47dd-a211-8028fcd1e760
f181fb8c-777c-4474-ae9c-701a6e1a8728,BE,BE-VLG,microhood,,land,Cornelius Bassensplein,,True,True,3.242353677749634,51.34104537963867,3.242867946624756,51.34119415283203,ad99b1de-e1fa-40ca-b686-2c588b9cc538
61f8425b-5186-4bbe-997d-ee849f14af06,BE,BE-VLG,neighborhood,,land,Middel,,True,True,4.463068962097168,51.422096252441406,4.475252628326416,51.42927169799805,a4c73432-b9e3-430d-893c-34615d773548
43dadd03-ea83-48ff-96db-122aa87b49d0,BE,BE-VLG,locality,,land,Baarle-Hertog,"[[""mk"", ""Барле-Хертог""], [""fr"", ""Baerle-Duc""], [""nl"", ""Baarle-Hertog""], [""ru"", ""Барле-Хертог""]]",True,True,4.835744857788086,51.392822265625,4.9527587890625,51.455631256103516,883c5ec6-c403-4f74-9f0a-7fb872a5a212
bd97e424-bf2b-4974-8962-61fc74e9903d,BE,BE-VLG,neighborhood,,land,Zeebrugge,"[[""vls"", ""Zêebrugge""], [""lb"", ""Zeebruges""], [""fr"", ""Zeebruges""], [""nl"", ""Zeebrugge""], [""de"", ""Seebrügge""], [""wa"", ""Zeebrudje""]]",True,True,3.1542513370513916,51.304534912109375,3.230160713195801,51.36335372924805,68a28a5f-2e04-498e-936b-e6aad0b24bc0
253282b3-6278-4c31-b277-566bce21f406,BE,BE-VLG,locality,,land,Meerle,"[[""ru"", ""Мерле""]]",True,True,4.75775146484375,51.440467834472656,4.844020843505859,51.50495910644531,a84f2b09-fbb2-4bb6-b78d-64c92bf4d302
cb1ea2ab-d9ce-4cbc-853b-be2f69d02dd3,BE,BE-VLG,locality,,land,Heist,"[[""vls"", ""Eist""]]",True,True,3.225080728530884,51.31908416748047,3.2793803215026855,51.35619354248047,f86cf1d2-d2ba-402f-967e-0dd7d295f74b
7cfe9ead-8d22-4ecb-b46a-92578b80ccc9,BE,BE-VLG,neighborhood,,land,Molenheiken,,True,True,4.647600173950195,51.33518981933594,4.674240589141846,51.34803771972656,90cbca42-04e7-459d-9848-75fe5a06af5c
8831d887-43c0-47ba-a8b5-f875126b9ae9,BE,BE-VLG,neighborhood,,land,Qville,,True,True,4.445711135864258,51.46698760986328,4.447774410247803,51.468868255615234,3be24fdc-0116-44c9-9f7f-1d4319eb3d7c
106deef9-9051-4aea-a753-7944a10e8a4f,BE,BE-VLG,microhood,,land,Maes en Boereboomplein,,True,True,3.2364463806152344,51.33643341064453,3.2381155490875244,51.33768081665039,bcd4ef08-1734-40f8-ad12-31d634c04df2
e4221cf8-2e4e-4be3-afb2-97746f968e05,BE,BE-VLG,locality,,land,Rijkevorsel,"[[""nl"", ""Rijkevorsel""], [""ru"", ""Рейкеворсел""]]",True,True,4.717250347137451,51.31263732910156,4.827813625335693,51.39265823364258,ae9ae5e7-98a3-4f2d-be5c-5fa5de0457d0
e61d256f-450f-4792-82c3-5eb77967ea35,BE,BE-VLG,neighborhood,,land,d'Hoef,,True,True,4.672791481018066,51.33892822265625,4.6817498207092285,51.344234466552734,85616dd6-c031-4dac-8152-7dbcd16963a3
dbd3de30-506a-4bb3-903d-599125feb1dc,BE,BE-VLG,neighborhood,,land,De Houw - Galgevoort,,True,True,4.680355548858643,51.322410583496094,4.718467712402344,51.343589782714844,63a2802e-e8be-4e3a-a102-d90c3a3723e1
7f08a02f-13e8-4b98-b4f9-2e801b8b2296,BE,BE-VLG,microhood,,land,Luc Peireplein,,True,True,3.2799630165100098,51.33863830566406,3.2803380489349365,51.33881378173828,e4883cac-4b61-409d-9213-5c6f68c0eb0c
63c11b94-47f1-47f5-9ea6-c816dbb27dcc,BE,BE-VLG,neighborhood,,land,Hey-End,,True,True,4.4515252113342285,51.42186737060547,4.4646501541137695,51.428260803222656,f55ca420-ebae-4376-bc95-d52dae3a4bab
0790a781-3475-442b-a90a-743cf7cfdee4,BE,BE-VLG,locality,,land,Wortel,"[[""ru"", ""Вортел""]]",True,True,4.769136428833008,51.38103103637695,4.850905418395996,51.41461944580078,2865f150-9138-4f1f-a31a-312a5cd419c0
d2b7e450-b955-4708-86d3-73988da98891,BE,BE-WAL,locality,,land,Fexhe-Slins,"[[""ru"", ""Фекс-Слен""]]",True,True,5.5516886711120605,50.6980094909668,5.599559783935547,50.73408508300781,05417307-78ee-4f31-a820-d63b24d9382e
0d3b41d1-2f26-439a-9a9e-7a549f4f649f,BE,BE-VLG,neighborhood,,land,Terstok,,True,True,5.233097553253174,50.831817626953125,5.256475448608398,50.863746643066406,cdf57a28-1cab-4739-be05-f85502a4eeec
73ac977a-8d77-4364-a208-1a46d383acb6,BE,BE-VLG,locality,,land,Hoelbeek,,True,True,5.538877964019775,50.86152648925781,5.570225715637207,50.9047966003418,60c42af6-980d-40a5-a93b-4e314540524f
ac277903-39b7-4a13-ae31-10c3a5a96efd,BE,BE-WAL,locality,,land,Fize-le-Marsal,,True,True,5.3630595207214355,50.693267822265625,5.399397850036621,50.71996307373047,ced9e0dd-8760-47d5-8c26-cc97c663180a
54896ae8-15eb-4651-894d-0161e37b3026,BE,BE-VLG,locality,,land,Borlo,,True,True,5.15723991394043,50.72106170654297,5.196023464202881,50.74811553955078,c28e58d3-e14b-4547-94ee-4c71e9973b05
6d2a91ea-cb11-48ad-b998-2af92942e000,BE,BE-VLG,locality,,land,Attenhoven,"[[""fr"", ""Ottoncourt""], [""nl"", ""Attenhoven""]]",True,True,5.080554485321045,50.748878479003906,5.116947174072266,50.7820930480957,57c95380-375c-45df-9ed4-25d3b0761f72
2fc8eb60-77aa-4b70-bd0d-b8238450e59c,BE,BE-VLG,locality,,land,Hamont,"[[""ru"", ""Хамонт""]]",True,True,5.491134166717529,51.209930419921875,5.5603108406066895,51.29914855957031,1f4ad69c-5c54-4d25-b359-882b604b9295
218d7d4c-fa4c-49d9-a555-5cff3be98aa6,BE,BE-VLG,locality,,land,Hakendover,"[[""nl"", ""Hakendover""], [""wa"", ""Akedeur""]]",True,True,4.9502177238464355,50.77836990356445,5.012744426727295,50.8160514831543,1ac900a1-185b-4d7e-83cb-5684bf07beb5
111b4d7b-c517-4ce2-ba4c-da443138d457,BE,BE-VLG,locality,,land,Loksbergen,,True,True,5.043868064880371,50.91632080078125,5.0920000076293945,50.94764709472656,51d35956-0c4e-4a30-b4d5-705696835965
d1497728-ddff-4c5a-9e42-7f0f903c3a39,BE,BE-VLG,locality,,land,Bekkevoort,"[[""nl"", ""Bekkevoort""], [""ru"", ""Беккеворт""]]",True,True,4.919400215148926,50.892879486083984,5.045304298400879,50.96931838989258,1c9e7167-03cf-44fe-a910-8de3bf8c4c29
58a34661-7a56-4401-aa58-506696d860c2,BE,BE-VLG,locality,,land,Wijchmaal,"[[""grc"", ""Βέιχμαλ""], [""ru"", ""Вейхмал""]]",True,True,5.389209270477295,51.098934173583984,5.4366455078125,51.155216217041016,fa422ea4-0cc5-4db3-b1ea-5d8f81101262
716da1c0-974b-4517-99ff-75d9f083fd80,BE,BE-VLG,locality,,land,Berg,,True,True,5.480131149291992,50.78300857543945,5.5315680503845215,50.80961608886719,55a2c844-f0b6-417e-a1cb-b7171b9517e2
720b0276-136c-467c-89b8-f89af8eece50,BE,BE-VLG,neighborhood,,land,Banneux,,True,True,5.331628799438477,50.9410285949707,5.375584125518799,50.9552001953125,2972479e-4df1-49f2-bad4-a7c8923af465
dbac56f0-09c5-45a5-a66a-8f5ca8d723a1,BE,BE-VLG,microhood,,land,P.J. Brepolsplein,,True,True,4.951655387878418,51.323020935058594,4.952029705047607,51.32331085205078,e0ca8fc5-5fd0-4669-8c31-9a381e3191fe
cc049fc9-9222-4f1c-83c0-bacc9fa8a75d,BE,BE-VLG,locality,,land,Tessenderlo,"[[""li"", ""Loei""], [""nl"", ""Tessenderlo""], [""ru"", ""Тессендерло""]]",True,True,4.980079650878906,51.015445709228516,5.18389368057251,51.08546829223633,2e1f2804-8369-480d-83c5-2c629be1a0c7
86cb9cd2-12df-4320-8532-3aa2dc3931e7,BE,BE-VLG,neighborhood,,land,Kortenbos,,True,True,5.236446857452393,50.85737228393555,5.248527526855469,50.86765670776367,4ef9dc2a-9edb-40d1-8691-ca7aadb9ca3a
6b5b665d-0dab-4bec-8f46-cbfc95707225,BE,BE-VLG,locality,,land,Kanne,"[[""li"", ""Kan""], [""fr"", ""Canne""], [""nl"", ""Kanne""], [""ru"", ""Канне""]]",True,True,5.640832901000977,50.80387878417969,5.688160419464111,50.82008361816406,4a096d42-e24b-4538-a6e6-496e4b01495e
be8a9d19-45ea-4c61-9200-839535d9e7f5,BE,BE-WAL,locality,,land,Opheylissem,"[[""ru"", ""Офелиссем""]]",True,True,4.925647735595703,50.73527526855469,4.99418830871582,50.750205993652344,fb4c7bb0-c036-4e04-89c6-4b8fb3b78647
c8bbea47-a97e-42ef-babf-e495fa05f215,BE,BE-VLG,locality,,land,Martenslinde,,True,True,5.521749019622803,50.84071731567383,5.544857025146484,50.864681243896484,e32d86b3-a26f-4488-a890-d4b9f6d09651
134339e7-2f52-473d-a1d7-727d0ba26cdc,BE,BE-WAL,locality,,land,Otrange,"[[""fr"", ""Otrange""], [""nl"", ""Wouteringen""]]",True,True,5.367902755737305,50.730079650878906,5.39447021484375,50.74797058105469,2f2030ee-50d0-47de-b0e2-4269f31fef12
950927fd-6eb5-4444-b404-b9749a27f504,BE,BE-VLG,locality,,land,Waltwilder,,True,True,5.532431125640869,50.84804153442383,5.569009780883789,50.88965606689453,190d5b66-71f3-4781-a900-0a655fed5f20
a36a1783-83d8-4c31-a27a-dc4bd096f4cf,BE,BE-VLG,locality,,land,Zepperen,"[[""ru"", ""Зепперен""]]",True,True,5.233097553253174,50.81296920776367,5.286703109741211,50.86765670776367,58354b86-40e7-4685-83fe-0bbe507b9ed1
251bc269-14e9-4497-a50a-d849a1c8ff11,BE,BE-VLG,locality,,land,Binderveld,,True,True,5.148432731628418,50.85176086425781,5.185873508453369,50.8795166015625,3ce8b8ba-aa53-47b8-95e9-3e850409c4a2
4d899cf1-2e76-4740-b1c8-0c8a4649bf7c,BE,BE-VLG,locality,,land,Lanklaar,,True,True,5.622475624084473,50.995849609375,5.729196548461914,51.02534103393555,b1527b07-c9e9-4d83-8a0b-2a947324d83a
599ea9ce-5caf-4589-b60a-eb6daf2e6558,BE,BE-VLG,locality,,land,Velm,"[[""ru"", ""Велм""]]",True,True,5.106576442718506,50.76275634765625,5.1619343757629395,50.79727554321289,55d9e642-4f77-438d-93b8-b564bf36aef8
4ebd706c-b1f7-4c81-b0f9-ea22b16471fc,BE,BE-WAL,locality,,land,Voroux-lez-Liers,,True,True,5.53347110748291,50.67852783203125,5.565690994262695,50.69955825805664,e19ab770-a557-4f10-8035-eb8c2166b8ac
b829537a-cb4a-4820-874f-336a659d1078,BE,BE-VLG,locality,,land,Veulen,"[[""fr"", ""Fologne""], [""nl"", ""Veulen""]]",True,True,5.284085750579834,50.75812530517578,5.3195695877075195,50.78327178955078,bb3f87ce-92b0-4069-b559-e86a99e0f727
3bc6da08-2951-437e-a909-0213fe5d0d46,BE,BE-WAL,locality,,land,Plombières,"[[""fr"", ""Plombières""], [""li"", ""Blieberig""], [""ksh"", ""Op-ene-Bliibereg""], [""nl"", ""Blieberg""], [""bg"", ""Пломбиер""], [""de"", ""Bleiberg""], [""ru"", ""Пломбьер""], [""zh"", ""普隆比埃""]]",True,True,5.883365631103516,50.67850112915039,6.021007537841797,50.762481689453125,0fb0e29e-8612-4855-9f27-f337a73bfe6e
7e8e6782-098c-4886-92e1-3b41095d52f6,BE,BE-WAL,locality,,land,Glons,"[[""fr"", ""Glons""], [""nl"", ""Glaaien""], [""ru"", ""Глонс""]]",True,True,5.519280433654785,50.730499267578125,5.5716776847839355,50.76481628417969,57ffb5c7-0958-41ec-9f22-a61dbc8ed1b2
a2b2f921-8f5e-4b5c-89b6-d9d63dc3fe56,BE,BE-VLG,locality,,land,Grote-Spouwen,,True,True,5.522833824157715,50.81634521484375,5.569883823394775,50.83884811401367,b4731b23-b19f-4426-97b2-59e6c166ff33
6105edff-dafb-4029-9e66-a40dfbeba9f6,BE,BE-VLG,locality,,land,Paal,"[[""li"", ""Poël""], [""nl"", ""Paal""]]",True,True,5.121530055999756,51.01636505126953,5.211849212646484,51.0787467956543,f37f8ae5-464f-4e13-8d31-c21dc3976f23
0468c419-d682-4822-95cc-c2aaa747c21c,BE,BE-VLG,locality,,land,Koninksem,,True,True,5.409543037414551,50.749881744384766,5.4548139572143555,50.77570724487305,ade7e340-7e3b-4a21-806e-8d03ae8e262c
3bc6c7f8-56ce-4011-9261-c9f43ff1e4f7,BE,BE-VLG,locality,,land,Boekhout,,True,True,5.219608783721924,50.734012603759766,5.243955612182617,50.75820541381836,28f5eafb-f594-4cce-bce3-28c9e5ddb6c0
10078309-7bb7-4360-bc84-9b5636a77d23,BE,BE-VLG,locality,,land,Bommershoven,,True,True,5.361283779144287,50.76946258544922,5.4076409339904785,50.80101776123047,24a8c4e6-1913-40d0-85cb-c24965ca5cc7
b41063de-8a04-4262-a004-d0e2c9e3c2bf,BE,BE-VLG,locality,,land,Bost,,True,True,4.919710636138916,50.77263259887695,4.950310707092285,50.79658126831055,4e1b4ceb-18da-4ef0-92f1-f04d7ffeeb98
c8223b97-38ed-4d1e-be50-7e9b6ba73c33,BE,BE-VLG,locality,,land,Wommersom,,True,True,4.99218225479126,50.796180725097656,5.048166275024414,50.82858657836914,7e78483d-7ee7-4a1d-98e0-72827b4ac251
76658e85-4c85-4919-9a87-5632ae0f7325,BE,BE-VLG,locality,,land,Stokkem,"[[""ru"", ""Стоккем""]]",True,True,5.7245588302612305,51.001529693603516,5.776434421539307,51.03830337524414,4e2e79f1-4763-4ca6-9143-47bc33e521aa
77b877b1-e5e0-4e54-86eb-de7c03a38e2e,BE,BE-VLG,locality,,land,Neerlinter,"[[""nl"", ""Neerlinter""], [""wa"", ""Li Basse Lénte""]]",True,True,4.9982008934021,50.822418212890625,5.039175510406494,50.8682975769043,84c27934-7520-4a12-a858-07c6ab902053
59982f1c-63af-48dd-88d3-3de1f21cb105,BE,BE-VLG,locality,,land,Romershoven,"[[""fr"", ""Romercourt""], [""nl"", ""Romershoven""]]",True,True,5.4451375007629395,50.848533630371094,5.46369743347168,50.87805938720703,d3f17c71-1c42-4f8e-a661-1738ec23b239
3659936c-1c6e-4143-8e70-532cd142f744,BE,BE-VLG,locality,,land,Molenbeersel,"[[""li"", ""Bieësel""], [""ru"", ""Моленберсел""]]",True,True,5.658041477203369,51.147499084472656,5.779736042022705,51.18950653076172,4807ce30-59e0-43d5-8011-3eec63e9e746
47ca58e3-a2db-49ea-acdf-b0156bcced68,BE,BE-VLG,neighborhood,,land,Kuringen-Heide,,True,True,5.291037082672119,50.946998596191406,5.342713832855225,50.978816986083984,c87e2e62-b7f3-4486-a909-14767e05abdd
fab043af-b064-4674-872e-49e6eb4e70c6,BE,BE-VLG,neighborhood,,land,Heilig Hartwijk,,True,True,5.309412956237793,50.92991638183594,5.337697982788086,50.94615173339844,fd82b79b-c825-4707-a758-cf02b161f9ac
575d338b-8c56-47ee-ac13-5d6b4e34f823,BE,BE-VLG,locality,,land,Alken,"[[""nl"", ""Alken""], [""ru"", ""Алкен""]]",True,True,5.242122173309326,50.85366439819336,5.352005958557129,50.91038513183594,288eb3e5-70a8-4f31-8827-d68f8c8fc7e0
6a1636aa-3301-4832-a165-8b72681f64d7,BE,BE-WAL,microhood,,land,Kirchplatz,,True,True,6.01344108581543,50.71577072143555,6.015014171600342,50.71724319458008,5e08a6af-b382-4e5d-9855-eb555ab73d7e
3b0d717c-9cb1-4fd6-bcba-aae14805047b,BE,BE-VLG,microhood,,land,Markt,,True,True,5.791126728057861,51.0943717956543,5.792299747467041,51.094993591308594,42b63c56-774c-43c1-bd6f-650e80b7e94d
e7479916-f1f7-4baa-a655-eaea60fac2df,BE,BE-VLG,locality,,land,Uikhoven,"[[""li"", ""Uukeve""], [""nl"", ""Uikhoven""]]",True,True,5.696529388427734,50.910404205322266,5.740879535675049,50.9427490234375,1507560e-29a9-4b4b-b216-dbd71c577c80
82e99283-cf95-4122-9643-4ab2d804159c,BE,BE-WAL,locality,,land,Rosoux-Crenwick,"[[""fr"", ""Rosoux""]]",True,True,5.165096282958984,50.69008255004883,5.201293468475342,50.723655700683594,38b726fa-bbbd-481b-b8c5-3c5890714acd
97731379-995d-4813-8176-90fc261ec7f2,BE,BE-VLG,locality,,land,Stevoort,"[[""ru"", ""Стеворт""]]",True,True,5.224978446960449,50.89378356933594,5.28010892868042,50.940147399902344,6e16a70a-cec8-48f6-8532-7c687bcbe140
e6a2b019-d750-44db-ae4b-b7fcb56290da,BE,BE-VLG,locality,,land,Waanrode,,True,True,4.973261833190918,50.89537811279297,5.032839775085449,50.93034362792969,928cfe82-8e16-4dd6-bb00-9dc845a4250f
d9e092e8-aeae-4f8f-81f6-c1ea6abd25c9,BE,BE-VLG,locality,,land,Rosmeer,,True,True,5.557528972625732,50.836971282958984,5.599930286407471,50.85963439941406,87442bf3-733c-4e64-ad30-f3214f6ea688
99731b00-a404-422e-8518-66d34bfa3118,BE,BE-WAL,locality,,land,Hauset,,True,True,6.037474155426025,50.69157791137695,6.09715461730957,50.723716735839844,3d1c54c5-075e-4535-b10d-02edbd4b4463
93e06ab8-6feb-4e21-8171-b4ae47778c1e,BE,BE-WAL,locality,,land,Hermalle-sous-Argenteau,"[[""fr"", ""Hermalle-sous-Argenteau""], [""el"", ""Ερμαλ-υπο-Αργεντο""], [""nl"", ""Hermal""], [""ru"", ""Эрмаль-под-Аржанто""], [""wa"", ""Hermåle-dizo-Årdjetea""]]",True,True,5.652488708496094,50.69380187988281,5.691972255706787,50.73261260986328,39966a20-6cbd-4151-9dce-2adee87cfaec
36948955-b899-4474-aa50-d584149dc85b,BE,BE-VLG,locality,,land,Wijshagen,"[[""en"", ""Wijshagen""], [""li"", ""Wiesjage""]]",True,True,5.508746147155762,51.02949905395508,5.570073127746582,51.124900817871094,e79e83b5-8e95-4ca9-bb46-491cafe66f4c
47f9f659-613a-4a6c-937d-e98242ae519a,BE,BE-VLG,neighborhood,,land,Vrijhern,,True,True,5.448810577392578,50.81373596191406,5.466975212097168,50.824954986572266,749309b3-40ff-41a6-8b7c-b67bd82f0e59
87d3ea0e-2c60-459f-8a14-e0e974a4c816,BE,BE-WAL,locality,,land,Hodeige,,True,True,5.315555572509766,50.689422607421875,5.363414764404297,50.70212936401367,fee682b0-52fe-43a7-ab64-27c20cbd4996
b7b4e0d1-0a37-4501-a601-c50bec096b40,BE,BE-VLG,locality,,land,Mechelen-Bovelingen,"[[""fr"", ""Marlinne""], [""nl"", ""Mechelen-Bovelingen""]]",True,True,5.238295555114746,50.730369567871094,5.2742509841918945,50.752994537353516,cba05141-094a-4e20-9bce-403811aa595f
e44c5b21-3790-47c0-9b99-12dc71d31558,BE,BE-WAL,locality,,land,Ans,"[[""fr"", ""Ans""], [""lv"", ""Ansa""], [""uk"", ""Анс""], [""bg"", ""Анс""], [""mk"", ""Анс""], [""ru"", ""Анс""], [""wa"", ""Anse""], [""mr"", ""ॲन्स""], [""ja"", ""アンス""], [""zh"", ""昂斯""]]",True,True,5.460487365722656,50.64908981323242,5.55255126953125,50.72291564941406,df1e7651-cc91-49ac-847a-478585d47ba2
e5d6ff11-118a-4495-9fc3-1a0012afd0a6,BE,BE-VLG,locality,,land,Moelingen - Mouland,"[[""li"", ""Moelinge""], [""fr"", ""Mouland""], [""de"", ""Mölingen""], [""nl"", ""Moelingen""]]",True,True,5.682170867919922,50.745704650878906,5.732884407043457,50.76472091674805,a063472b-3f0a-4f23-afa3-b9ce92993714
ec6a75b3-6c4a-4cf3-8763-7c3c51f53bc6,BE,BE-VLG,locality,,land,Meeuwen,"[[""li"", ""Miëve""], [""nl"", ""Meeuwen""], [""ru"", ""Меувен""]]",True,True,5.454383373260498,51.03329849243164,5.548925876617432,51.1229362487793,13bae03a-4303-43dd-902d-c2598b29e432
64512a07-e434-4031-bb3c-fd431feee8a0,BE,BE-VLG,locality,,land,Molenbeek-Wersbeek,,True,True,4.919400215148926,50.892879486083984,4.974434852600098,50.929874420166016,dc3b5ec5-535f-41af-abf9-767c2aa7f6bb
b26c891a-55c5-4521-980c-1569ee8fb886,BE,BE-VLG,locality,,land,Heks,"[[""fr"", ""Hex""]]",True,True,5.3333258628845215,50.761993408203125,5.3808488845825195,50.78530502319336,8a7f4a3d-f59f-429b-bb80-2cd3612ba021
5fdd9086-c257-497a-a3ca-6f1b80fe3827,BE,BE-VLG,locality,,land,Tessenderlo-Ham,,True,True,4.980079650878906,51.015445709228516,5.230350017547607,51.14059829711914,2e566bca-c95d-4271-abf5-697a91fd6010
690011d9-3e56-4e5a-9bfa-8b94b0cbdf65,BE,BE-VLG,locality,,land,Gorsem,,True,True,5.154930114746094,50.82725524902344,5.176487922668457,50.84843444824219,dcf23179-164e-4a09-8dce-e45b89be46c1
6ff2e13d-1f71-43bc-8f24-507b9619bcae,BE,BE-VLG,locality,,land,Werm,,True,True,5.464603424072266,50.819950103759766,5.486048221588135,50.83732604980469,ca9702db-0527-4594-a9a7-52ae500b4f14
f9e27cbe-1266-42fd-a06d-d51d2a6e0c4f,BE,BE-VLG,locality,,land,Bilzen-Hoeselt,"[[""li"", ""Bilze-Hoeiselt""], [""nl"", ""Bilzen-Hoeselt""], [""bg"", ""Билзен-Хуселт""], [""th"", ""บิลเซิน-ฮุเซิลต์""], [""fa"", ""بیلزان-اویزلت""], [""zh"", ""比尔曾-胡瑟尔特""]]",True,True,5.429116725921631,50.81373596191406,5.625030517578125,50.92264938354492,0c473106-56a5-4339-9b2c-91fbf6dc7280
69f4b1b1-efd7-4303-af5a-e59c68b03bc7,BE,BE-VLG,locality,,land,Arendonk,"[[""ru"", ""Арендонк""]]",True,True,5.02947473526001,51.291236877441406,5.140411376953125,51.39348602294922,a20b90d1-dac5-4b87-8d0f-69b753c051aa
367ddd8b-2f63-42b0-b945-6f01967e431e,BE,BE-VLG,neighborhood,,land,Schimpen,,True,True,5.270898818969727,50.92210388183594,5.31140661239624,50.94511032104492,6ca054b9-f25e-4a60-85c4-0d53b7c52142
fd1e5e95-91b5-4678-8821-0cd77ec446d6,BE,BE-VLG,locality,,land,Runkelen,,True,True,5.1370649337768555,50.84006881713867,5.161675453186035,50.85835647583008,af3057fb-1965-4fc6-9d88-f75bd0be969b
eb20b9af-43a7-4257-b623-cb4c46dfa151,BE,BE-WAL,locality,,land,Xhendremael,,True,True,5.460487365722656,50.6908073425293,5.519144535064697,50.72291564941406,9b4a786e-690a-41ea-8ac3-06ddac3e0cda
a89d8092-8fe4-4510-995b-83ba011cf971,BE,BE-VLG,locality,,land,Dormaal,,True,True,5.072403907775879,50.79103469848633,5.1096086502075195,50.8216667175293,29387a09-8391-4e5a-a4a2-e83dd62ded8f
dd94dc0e-6939-4096-8a68-cf6961d5d461,BE,BE-VLG,locality,,land,Eindhout,"[[""ru"", ""Эйндхаут""]]",True,True,4.958870887756348,51.081642150878906,5.031809329986572,51.1159782409668,37582df6-4609-4d17-8d35-2deaada21fc2
ed8f1ec9-753d-43ae-bad2-f187ee097d95,BE,BE-VLG,locality,,land,Overpelt,"[[""ru"", ""Оверпелт""]]",True,True,5.320140361785889,51.16426086425781,5.443000316619873,51.24688720703125,aee07907-5f8d-49e6-983f-bc4aaa00d489
4fdf7ee0-b73b-45a8-9840-ee678c1e6090,BE,BE-VLG,locality,,land,Mechelen-aan-de-Maas,"[[""li"", ""Mechele""], [""fr"", ""Malines-sur-Meuse""], [""nl"", ""Mechelen-aan-de-Maas""]]",True,True,5.595329761505127,50.94611740112305,5.731295585632324,51.00571823120117,d23c96ae-9c1d-4ab4-9dea-a9e13a4d4e19
52d63825-98b7-4dab-8adf-c8620f941930,BE,BE-VLG,locality,,land,Veerle,"[[""ru"", ""Верле""]]",True,True,4.941952705383301,51.034873962402344,5.0122599601745605,51.083335876464844,7d4c9d50-a5f3-491b-9e62-90d33c99a479
3d7982ec-2b9e-4041-b6f6-50f2562a4555,BE,BE-VLG,locality,,land,Beringen,"[[""fr"", ""Béringue""], [""li"", ""Berringe""], [""tt"", ""Бериңен""], [""el"", ""Μπέρινγκεν""], [""la"", ""Beringa""], [""nl"", ""Beringen""], [""bg"", ""Беринген""], [""ko"", ""베링언""], [""ru"", ""Беринген""], [""th"", ""เบอริงเคน""], [""sr-Cyrl"", ""Беринген""], [""he"", ""ברינכן""], [""ja"", ""ベリンゲン""], [""lt"", ""Beringenas""], [""fa"", ""برنژان""], [""zh"", ""贝灵恩""]]",True,True,5.121530055999756,51.01636505126953,5.344193935394287,51.10576248168945,6411e3f6-b6c3-4eff-9d45-ccd871dc6500
866b8304-4561-4d58-a4c0-d4d8ca779d56,BE,BE-VLG,locality,,land,Zutendaal,"[[""li"", ""Zietendaol""], [""nl"", ""Zutendaal""], [""ru"", ""Зютендал""]]",True,True,5.5282301902771,50.89506530761719,5.613705158233643,50.97734832763672,52f005b0-3f1f-4ac0-95ae-ca1dbbff7a8b
65d753aa-a2d1-41d9-bdc7-5c14b027f764,BE,BE-WAL,locality,,land,Racour,"[[""fr"", ""Racour""], [""nl"", ""Raatshoven""], [""ru"", ""Ракур""]]",True,True,5.012821674346924,50.72346878051758,5.048130512237549,50.75077438354492,6297f827-fea1-4561-aec8-af8a99d9e3f9
dbea8597-7c9c-4281-ae4d-63179e046e02,BE,BE-VLG,locality,,land,Montenaken,,True,True,5.103490352630615,50.70100402832031,5.170536041259766,50.73588180541992,ac80ae40-2e47-40db-8c44-2c6bbf035c8c
1e6c5ef4-c821-4a6b-a75e-f4fc5a0b5bf0,BE,BE-WAL,locality,,land,Moresnet,"[[""de"", ""Alt Moresnet""], [""nl"", ""Moresnet""]]",True,True,5.968803882598877,50.70269775390625,6.012828826904297,50.73787307739258,f70b1d36-88af-4e77-8a46-abffeb108e52
49e2a8d3-56ed-4826-990c-02dbf5e9a059,BE,BE-VLG,locality,,land,Kortijs,"[[""fr"", ""Cortis""], [""nl"", ""Kortijs""], [""wa"", ""Cortisse""]]",True,True,5.133951663970947,50.69542694091797,5.165132999420166,50.71510314941406,5955fba2-1420-43bd-9a0b-178952c818cb
1858bf15-5a3d-4c7a-813e-2e3dcecd4e7d,BE,BE-VLG,locality,,land,Piringen,"[[""fr"", ""Pirange""], [""nl"", ""Piringen""]]",True,True,5.4015631675720215,50.77498245239258,5.438664436340332,50.79898452758789,c6775d46-9744-4c3a-ab44-eb8bf6c39664
b796ddea-c6c9-4fc5-87e9-400be90467fd,BE,BE-VLG,locality,,land,Neerglabbeek,"[[""li"", ""Nêêrglabbik""], [""nl"", ""Neerglabbeek""], [""ru"", ""Нерглаббек""]]",True,True,5.607554912567139,51.0825309753418,5.6353325843811035,51.11094665527344,4735d78e-d125-45e6-b1fd-12d27f99612b
63b5f8be-b815-40f0-9408-fdd3ac614a67,BE,BE-WAL,locality,,land,Argenteau,,True,True,5.673731803894043,50.69062805175781,5.700710296630859,50.718482971191406,43366644-7a41-4651-8d11-c77b083fcb7f
8eaa67fa-8357-497b-985b-0aded373d522,BE,BE-WAL,locality,,land,Slins,,True,True,5.536545276641846,50.716243743896484,5.588795185089111,50.7493782043457,70baec6e-1cfa-4b3b-8d82-25f54ffc5ef9
2adef6f2-1649-43f4-8de4-fbcba861fe7b,BE,BE-VLG,locality,,land,Riksingen,,True,True,5.446939468383789,50.79361343383789,5.47236967086792,50.81434631347656,9a8f86e2-6c58-4a60-bfde-f2af1dc85c99
ee302900-cc1e-4c58-978e-06921324e477,BE,BE-VLG,neighborhood,,land,Kempische wijk,,True,True,5.33387565612793,50.93140411376953,5.372926235198975,50.94499588012695,2fb6eab6-d1cf-450a-bfdd-564487880877
fd94821f-7f6e-4e74-ad2e-1c7f2a15ae80,BE,BE-VLG,locality,,land,Groot-Loon,"[[""fr"", ""Grand-Looz""], [""nl"", ""Groot-Loon""], [""wa"", ""Grand Lô""]]",True,True,5.356532573699951,50.790035247802734,5.375462532043457,50.797691345214844,8d4fd699-6bb9-42c8-8d0e-6a7992aa2c91
a394924e-a209-4d77-ac9d-5a6aa26a5be0,BE,BE-VLG,localadmin,,land,Hasselt,"[[""li"", ""Hasselt""], [""la"", ""Hasseletum""], [""nl"", ""Hasselt""], [""ru"", ""Хасселт""], [""wa"", ""Hasse""]]",True,True,4.980079650878906,50.69542694091797,5.643033504486084,51.147151947021484,8765bfd6-e216-4c52-93ae-9aca651a5c3e
d3185c26-5375-4223-92c2-908556ab419c,BE,BE-VLG,localadmin,,land,Maaseik,"[[""li"", ""Mezeik""], [""ru"", ""Маасейк""]]",True,True,5.214631080627441,50.995849609375,5.855783462524414,51.3001708984375,f4a368fa-1a60-4e01-bab7-6626a480e576
28d5e8f0-3d4b-4c3b-be49-cd29895450ff,BE,BE-VLG,locality,,land,Rekem,"[[""ru"", ""Рекем""]]",True,True,5.604257106781006,50.91222381591797,5.712545871734619,50.94452667236328,a08e535a-0d22-4c5e-91d4-c4a08ce66618
bba2e897-aa8c-4934-8ed0-11da8c0e682e,BE,BE-VLG,locality,,land,Sluizen,"[[""fr"", ""Sluse""], [""nl"", ""Sluizen""], [""ru"", ""Слёйзен""]]",True,True,5.518253326416016,50.75693893432617,5.552954196929932,50.77485656738281,dd220386-9940-4e81-a2a1-f2d6fe6729c3
73c7f128-c7a9-4fbc-9904-605e84442a22,BE,BE-VLG,locality,,land,Batsheers,"[[""wa"", ""Li Basse Her""]]",True,True,5.267466068267822,50.725746154785156,5.288876533508301,50.74846649169922,fef0d869-b6e7-4180-8eb3-19d0cd26cf4c
edd2ce94-fdf6-4928-9fbd-d03da80d7f09,BE,BE-WAL,locality,,land,Grandville,"[[""nl"", ""Nederliek""]]",True,True,5.316246032714844,50.706851959228516,5.357123851776123,50.73921585083008,0abee5c8-7d0c-4635-92f0-d2f781089a74
dc49122b-8a2b-467f-a727-2fb49e5f1b75,BE,BE-VLG,locality,,land,Orsmaal-Gussenhoven,,True,True,5.041758060455322,50.793975830078125,5.093822002410889,50.820858001708984,d9ca3f9c-6493-424e-9de0-22042812de4c
8eec31c7-9d69-4944-baa0-a964086ee02d,BE,BE-VLG,locality,,land,Eliksem,"[[""fr"", ""Alincourt""], [""nl"", ""Eliksem""]]",True,True,4.994600296020508,50.77941131591797,5.020081520080566,50.794795989990234,e99c7537-6464-4d44-b865-d1136adf1f67
4feb60be-0c20-40c9-992a-6f568376df22,BE,BE-VLG,locality,,land,Berbroek,,True,True,5.1882171630859375,50.9294319152832,5.227539539337158,50.96847915649414,92fce362-155a-405e-848a-6b71e8acb9ca
e955a423-6194-462a-b37e-16c27ab7defe,BE,BE-VLG,locality,,land,Jeuk,"[[""fr"", ""Goyer""], [""nl"", ""Jeuk""], [""ru"", ""Йёк""]]",True,True,5.1765336990356445,50.716495513916016,5.236910820007324,50.748634338378906,1c639f49-96e4-4f4b-81b8-0bf228fc577e
29651534-b38d-440e-937a-329b981a860a,BE,BE-WAL,locality,,land,Juprelle,"[[""fr"", ""Juprelle""], [""wa"", ""Djouprele""], [""ru"", ""Жюпрель""]]",True,True,5.478490352630615,50.67852783203125,5.599559783935547,50.7493782043457,4b1ba64c-ed91-4efa-ab00-07f3a60017e9
fac7079a-effc-4110-9f53-489336e85921,BE,BE-VLG,locality,,land,Donk,,True,True,5.1166791915893555,50.913307189941406,5.1514363288879395,50.95849609375,4eb8741f-cb78-4fc3-abe3-6fde08725472
647301ce-ba3f-4d79-8f96-3d8dfaea2c47,BE,BE-WAL,locality,,land,Lantin,,True,True,5.503503799438477,50.680179595947266,5.537874221801758,50.70286560058594,3d217210-394f-4bb2-904c-9c3445c14e07
121b5477-3bc0-461b-9e37-1d89f195434a,BE,BE-WAL,locality,,land,Linsmeau,"[[""fr"", ""Linsmeau""], [""nl"", ""Linsmeel""]]",True,True,4.987895965576172,50.723472595214844,5.0204877853393555,50.75149154663086,c6366af6-046c-4d22-a33d-a135f427b556
b25883ca-f003-43e5-8e17-da54eecc8b2c,BE,BE-VLG,locality,,land,Vroenhoven,"[[""ru"", ""Вруховен""]]",True,True,5.610129356384277,50.79832458496094,5.656456470489502,50.83710861206055,58f91f73-4851-40bc-812b-af01d9b88c0b
3a6a8174-a4e3-4f1c-9fac-16c1634a5b2e,BE,BE-WAL,locality,,land,Pellaines,"[[""fr"", ""Pellaines""], [""nl"", ""Pellen""]]",True,True,4.99252462387085,50.71176528930664,5.02371883392334,50.7331428527832,546bb5f1-6608-45e2-83ee-9bf095d5bfa1
3a4483d7-f103-4cf1-8737-503bc01ecaa5,BE,BE-VLG,neighborhood,,land,Katarina,,True,True,5.326777458190918,50.92198944091797,5.360504627227783,50.93391036987305,572d30eb-169e-44f2-a0d5-93cafaddafde
5af13c3f-7ed7-4e95-bdf8-1889fd531cba,BE,BE-VLG,neighborhood,,land,Rapertingen,,True,True,5.325018882751465,50.883033752441406,5.3809003829956055,50.92534637451172,8481b446-124e-411c-aed4-d3f88597cf13
2cfee5ef-8c26-48a3-a06d-a20a09a85425,BE,BE-VLG,localadmin,,land,Tongeren,"[[""vls"", ""Toungern""], [""fr"", ""Tongres""], [""li"", ""Tóngere""], [""la"", ""Atuatuca Tungrorum""], [""nl"", ""Tongeren""], [""de"", ""Tongern""], [""ru"", ""Тонгерен""], [""wa"", ""Tongres""]]",True,True,5.234355926513672,50.70985794067383,5.9111104011535645,51.01227569580078,d723fdf0-4fb8-469e-bd4e-0b7f8dd23a8c
2c456e65-c629-4292-84cf-cece71816c23,BE,BE-VLG,locality,,land,Hechtel,"[[""ru"", ""Хехтел""]]",True,True,5.268043041229248,51.087745666503906,5.3982415199279785,51.14491653442383,ab767a51-c3f0-42f4-b3b4-d3ac8b5d818b
7c7dd40d-56af-4df5-a470-4f4747011fc6,BE,BE-VLG,locality,,land,Leopoldsburg,"[[""fr"", ""Bourg-Léopold""], [""li"", ""Leopolsbörch""], [""la"", ""Burgum Leopoldi""], [""nl"", ""Leopoldsburg""], [""ru"", ""Леопольдсбург""]]",True,True,5.201486110687256,51.09586715698242,5.300870895385742,51.147151947021484,bd0d6e48-0174-48fa-a8c4-ba11f4a8337d
63e27355-f9a0-4660-8723-b778d790a62c,BE,BE-VLG,locality,,land,Meerhout,"[[""ru"", ""Мерхаут""]]",True,True,5.011195182800293,51.09374237060547,5.130220413208008,51.159568786621094,0cc603af-ec28-4888-ad73-faa262459ca2
ac4b522f-8264-4acd-8d57-7184b5b5a258,BE,BE-VLG,locality,,land,Boorsem,"[[""li"", ""Boorse""], [""nl"", ""Boorsem""], [""ru"", ""Борсем""]]",True,True,5.698958396911621,50.93407440185547,5.759186267852783,50.96165084838867,d4359358-36b7-434c-8e5a-67f3b4a07e63
d9dac4e9-1b65-4b04-8bb8-963e6c5f9526,BE,BE-VLG,microhood,,land,Fanny Aubergéplein,,True,True,4.935552597045898,51.32342529296875,4.9365081787109375,51.3240966796875,f82da9c8-2acf-489a-bbed-9083b433da6d
5fa9ed2f-12a5-4a4b-b2c0-d56ae5e12868,BE,BE-VLG,locality,,land,Berlingen,,True,True,5.2923197746276855,50.81174850463867,5.323876857757568,50.834922790527344,ecd16686-aee8-4089-926a-cd6ad3834f52
6cf15c1a-906f-4ecc-b2e6-6e88a23abc8f,BE,BE-VLG,locality,,land,Remersdaal - Rémersdael,"[[""fr"", ""Rémersdael""], [""li"", ""Rimmezjdel""], [""nl"", ""Remersdaal""], [""de"", ""Remerstal""], [""ru"", ""Ремерсдал""]]",True,True,5.856525897979736,50.70985794067383,5.9111104011535645,50.74693298339844,d0a19e18-996a-4e4d-bf1d-4f4bf39f1e73
47a529ff-cd8d-49ab-bfef-aa30e99c6743,BE,BE-WAL,locality,,land,Marilles,,True,True,4.920383930206299,50.691871643066406,4.974350929260254,50.71876907348633,e720a65d-9edf-494a-9825-ae3475b698d7
11b723f0-9fa0-44d4-aab6-742e43b94bb4,BE,BE-VLG,locality,,land,Scherpenheuvel,"[[""vls"", ""Scherpnheuvel""], [""fr"", ""Montaigu""], [""li"", ""Sjerpenheuvel""], [""la"", ""Collis Asper""], [""nl"", ""Scherpenheuvel""], [""wa"", ""Montagu""], [""es"", ""Monteagudo""]]",True,True,4.928274631500244,50.953067779541016,5.021849155426025,50.98494338989258,f4e18ccb-4c95-4dc9-844c-97781cf7274d
673c3e82-ee32-45fa-851d-4bfa65e3bdc4,BE,BE-VLG,locality,,land,Ezemaal,"[[""ru"", ""Эземал""]]",True,True,4.98391580581665,50.7651481628418,5.018126964569092,50.78807830810547,7fe91311-b884-4d9d-8a1a-2ee3efcd1274
23902f64-a2ad-4595-9412-082011b9f38d,BE,BE-VLG,microhood,,land,Theaterplein,,True,True,5.6411967277526855,50.830535888671875,5.641648769378662,50.83097839355469,40e90b60-10b0-4456-803c-240812af2a6f
e525bbec-5ab3-4e36-99a6-c8af32b9ac4f,BE,BE-VLG,locality,,land,Voort,,True,True,5.295650482177734,50.78285217285156,5.326477527618408,50.800392150878906,a47c41f2-847b-49da-90a8-57a4b2070072
65b14253-d30c-4338-b3b6-0dd0b09d5098,BE,BE-WAL,locality,,land,Villers-Saint-Simeon,,True,True,5.53308629989624,50.693546295166016,5.563862323760986,50.72418212890625,e509eaae-c9aa-420d-8804-02e39d308b82
45ccaa93-1c24-4d37-ada0-61b066baacf0,BE,BE-WAL,locality,,land,Grand-Hallet,,True,True,5.023437976837158,50.681915283203125,5.063236713409424,50.70564651489258,5b8a7264-49ae-4917-96a3-94b1250b7c35
bdb18db6-511a-4aa6-963f-84b52652ba09,BE,BE-WAL,locality,,land,Noduwez,,True,True,4.9411845207214355,50.71028518676758,4.99350643157959,50.74174118041992,bfc5c0b0-ca68-43ca-be29-92e3548a6151
ef7dff44-67a7-47bb-9aa5-8893eb5df14a,BE,BE-VLG,locality,,land,Opheers,,True,True,5.281335353851318,50.71593475341797,5.3165788650512695,50.74462127685547,55eb7e2c-c002-46b5-8abd-cbd23874ac99
eeb3a591-7f51-4c47-bd64-1446192ba55e,BE,BE-WAL,locality,,land,Eynatten,"[[""ru"", ""Айнаттен""]]",True,True,6.053246021270752,50.67169952392578,6.131415367126465,50.7235107421875,b33c3377-d55e-40a0-95ca-b4d7dd1403b2
2e462aac-1d84-43c3-a6d8-ec68a010af47,BE,BE-VLG,locality,,land,Landen,"[[""li"", ""Lande""], [""la"", ""Landa""], [""nl"", ""Landen""], [""ru"", ""Ланден""], [""wa"", ""Londe""]]",True,True,4.98391580581665,50.703338623046875,5.1214470863342285,50.794795989990234,07a680e3-9fb9-4cb1-8bb5-ae4b09ff68e9
02655162-579a-49d4-b667-a016cd9bccd5,BE,BE-VLG,locality,,land,Diepenbeek,"[[""li"", ""Diepenbik""], [""nl"", ""Diepenbeek""], [""ru"", ""Дипенбек""]]",True,True,5.36513090133667,50.87418746948242,5.479089736938477,50.95070266723633,6864555b-36af-4d03-a66e-3060ea18f896
b24ba2bd-875c-487d-a172-9fbe10847e5c,BE,BE-VLG,locality,,land,Brustem,"[[""ru"", ""Брюстем""]]",True,True,5.200819492340088,50.78285598754883,5.2552971839904785,50.81535720825195,7d8907e1-f364-4e57-a915-c75394e26df1
4cb02bbd-dcf6-4aea-8f95-157cb81dd588,BE,BE-WAL,locality,,land,Petit-Hallet,,True,True,5.000040531158447,50.67948532104492,5.038078308105469,50.702545166015625,4b647636-7ebf-4fc8-8b05-993a2e0d0450
ba0859dc-f75d-46f4-b2d7-bee6c076b12e,BE,BE-VLG,locality,,land,Opglabbeek,"[[""li"", ""Glabbek""], [""nl"", ""Opglabbeek""], [""ru"", ""Опглаббек""]]",True,True,5.518277168273926,51.018760681152344,5.629683017730713,51.06435012817383,9800ae8e-2e0a-4a93-908e-ddcec3024bf1
e91848a6-83bf-4175-ab40-4fb7062a285f,BE,BE-VLG,locality,,land,Sint-Huibrechts-Lille,"[[""fr"", ""Lille-Saint-Hubert""], [""nl"", ""Sint-Huibrechts-Lille""], [""ru"", ""Синт-Хёйбрехтс-Лилле""]]",True,True,5.4627766609191895,51.20457458496094,5.529057025909424,51.24522399902344,98cca776-c1d2-4ff1-8a5e-e8c408e2a591
308638b6-fbab-4121-b7fc-25fc5f55301a,BE,BE-VLG,locality,,land,Lommel,"[[""nl"", ""Lommel""], [""zh-Hans"", ""洛默尔""], [""ru"", ""Ломмел""], [""zh-Hant"", ""洛默爾""], [""lt"", ""Lomelis""]]",True,True,5.214631080627441,51.15761947631836,5.417410373687744,51.27576446533203,ac2d279d-fc62-4f58-b701-0e630f4b7822
e758d2fd-dafe-4b6f-81ec-e3c9f76e1c12,BE,BE-VLG,locality,,land,Opgrimbie,"[[""li"", ""Grumme""], [""nl"", ""Opgrimbie""]]",True,True,5.595318794250488,50.93317413330078,5.703379154205322,50.977909088134766,728565d2-79ce-42de-bc8d-877c9bec4e9c
5d267ee9-7cc8-4d55-8a8c-14b78a0b0075,BE,BE-VLG,locality,,land,Oudsbergen,"[[""li"", ""Audsberge""], [""nl"", ""Oudsbergen""]]",True,True,5.454383373260498,51.018760681152344,5.666066646575928,51.14635467529297,8a2ac418-8ffa-439a-abbc-59a9d9a79a38
a97422df-6c41-4013-a68e-0b9574443839,BE,BE-VLG,locality,,land,Teuven,"[[""li"", ""Teuve""], [""fr"", ""Teuven""], [""nl"", ""Teuven""]]",True,True,5.848919868469238,50.73613357543945,5.895329475402832,50.77015686035156,5ba2b466-3acd-4531-899f-60401ae4cf2b
d263dd04-0ca5-4cc0-9c1d-02f890f5f9da,BE,BE-WAL,locality,,land,Othée,"[[""ru"", ""Оте""]]",True,True,5.449792861938477,50.70487594604492,5.484784126281738,50.739105224609375,0eb0bc29-10aa-4dfa-b190-037a02cfefb1
a9443699-8c7c-4e9e-9b95-694296e36895,BE,BE-VLG,locality,,land,Rutten,"[[""nl"", ""Rutten""], [""fr"", ""Russon""]]",True,True,5.424385070800781,50.720157623291016,5.4738850593566895,50.76530456542969,7fede4c5-6ee2-4d99-91fa-bc8cd6b528c5
845be47c-481c-45c4-8b8f-c6231799faf3,BE,BE-VLG,locality,,land,Halle-Booienhoven,,True,True,5.086570739746094,50.779052734375,5.15232515335083,50.8465461730957,5158c700-6801-433e-b95c-af6219efc9d4
d4bf3086-60a4-4d23-8a8e-02f7e7a6b166,BE,BE-VLG,county,2,land,Limburg,"[[""pcd"", ""Limbourq""], [""ar"", ""ليمبورخ""], [""fr"", ""Limbourg""], [""li"", ""Limburg""], [""ca"", ""Limburg""], [""nl"", ""Limburg""], [""zh-Hans"", ""林堡省""], [""eo"", ""Limburgo""], [""de"", ""Limburg""], [""fy"", ""Limburch""], [""ru"", ""Лимбург""], [""zh-Hant"", ""林堡省""], [""en"", ""Limburg""], [""sk"", ""Limbursko""], [""wa"", ""Limbork""], [""es"", ""Limburgo""], [""hu"", ""Limburg""], [""pl"", ""Limburgia""]]",True,True,4.980079650878906,50.69542694091797,5.9111104011535645,51.3001708984375,c9696236-ff79-49ce-976b-8a32df7cec10
4b63eb68-bbd6-4c95-928f-8ae8f412399f,BE,BE-VLG,locality,,land,Hees,,True,True,5.58509635925293,50.83775329589844,5.625030517578125,50.86213684082031,57767d41-0fe1-4389-b3f5-25b5e1f3cc2d
ea868411-a19e-4db5-85f8-6b690eae8dbb,BE,BE-VLG,localadmin,,land,Turnhout,"[[""la"", ""Turnholtum""]]",True,True,4.666585922241211,51.01047897338867,5.262248992919922,51.5051155090332,1b7b6f90-d94f-496c-b09f-e5ee138c8f79
6b159cb3-054f-4ed6-976f-0064298947e7,BE,BE-WAL,locality,,land,Hombourg,"[[""de"", ""Homburg""], [""nl"", ""Homburg""], [""fr"", ""Hombourg""], [""ru"", ""Омбур""]]",True,True,5.883365631103516,50.68268966674805,5.968069076538086,50.74763107299805,c70cb698-364c-4031-a4c5-011138992990
f5444251-75ee-450e-8163-cb3adc660257,BE,BE-VLG,neighborhood,,land,Kaggevinne (Scherpenheuvel),,True,True,4.974952697753906,50.953067779541016,5.021849155426025,50.98409652709961,fb0352f4-0656-4f89-9df3-282e058c1f50
4fe6d6c8-7e44-4de8-a957-b37553f990f2,BE,BE-WAL,locality,,land,Lens-sur-Geer,"[[""nl"", ""Lens-aan-de-Jeker""]]",True,True,5.3396382331848145,50.706302642822266,5.369531631469727,50.73394775390625,04a8ac03-2997-4a95-8981-beb018e9696d
784fa246-1f60-4ed8-8cb0-ed551094bc4c,BE,BE-VLG,locality,,land,Zichen-Zussen-Bolder,,True,True,5.594309329986572,50.78128433227539,5.653196334838867,50.80940628051758,4ee38192-9ea5-4100-a94b-5f6b59aa547c
08a23591-a112-4908-bd42-9c30e5ec3736,BE,BE-WAL,locality,,land,Trognée,,True,True,5.104780197143555,50.676395416259766,5.147664546966553,50.69260787963867,9cdbc51a-2570-42e3-a925-5b5ad0e9c068
f3b074b0-69f9-492f-92c4-707b181757dd,BE,BE-VLG,locality,,land,Walshoutem,"[[""fr"", ""Houtain-l'Évêque""], [""nl"", ""Walshoutem""]]",True,True,5.063065528869629,50.703338623046875,5.109172821044922,50.73311996459961,12d1e40a-4a5f-40de-b669-cdc7d7809707
5f189c54-26c6-463f-9bea-ca697f71618b,BE,BE-VLG,locality,,land,Wange,,True,True,5.014731407165527,50.774051666259766,5.043742656707764,50.79362106323242,aa796f3d-8423-4912-9376-84cb04955618
6e0bfd4b-d0fe-4563-8cb9-d6dc79362642,BE,BE-VLG,locality,,land,Vechmaal,"[[""fr"", ""Fimal""], [""wa"", ""Fîmåle""]]",True,True,5.349732875823975,50.74203872680664,5.402204990386963,50.77001190185547,67b6d921-900f-484d-8669-5102f97e8b8e
d3464c3f-b728-40a0-a55a-6d33c6042da3,BE,BE-VLG,locality,,land,Molenstede,,True,True,4.9946770668029785,50.98992156982422,5.061913013458252,51.02443313598633,02da2e7f-d68f-4199-8710-a0d126d43fa6
3cbf5c75-bfd8-4191-8fc9-8f5bcf1dfd8c,BE,BE-VLG,locality,,land,Beverst,"[[""ru"", ""Беверст""]]",True,True,5.440559387207031,50.87750244140625,5.5085530281066895,50.92264938354492,272b6a25-9b72-4cad-866b-f76de577d7d5
dfd1d1f2-4360-4305-9f20-19ee7fafcaed,BE,BE-VLG,locality,,land,Meldert,,True,True,5.115273475646973,50.98912811279297,5.176275730133057,51.024539947509766,a3a3240c-aa4e-4b72-943a-d1654602e0a8
fa58a285-eedc-42f1-857f-2c5f467ad1ad,BE,BE-VLG,locality,,land,Broekom,"[[""ru"", ""Бруком""]]",True,True,5.321869373321533,50.77420425415039,5.347007751464844,50.79096984863281,57c7b3ee-545b-4ca2-b079-285784e49839
7ddf745c-92b5-4f00-a19e-39030d40479f,BE,BE-VLG,locality,,land,Gruitrode,"[[""li"", ""Roj""], [""nl"", ""Gruitrode""], [""ru"", ""Грёйтроде""]]",True,True,5.543340682983398,51.05488204956055,5.666066646575928,51.114662170410156,9bcb9466-7467-45b6-b33f-e4155702e0f0
7c0299d8-98e2-4ab3-8db5-353d03948f9e,BE,BE-VLG,locality,,land,Wijer,"[[""ru"", ""Вейер""]]",True,True,5.1957221031188965,50.87367248535156,5.229067325592041,50.91033172607422,973f2311-1556-462c-bca0-bd3ffe379c75
57d0d658-151c-4bfc-a0fe-f965828606b3,BE,BE-VLG,locality,,land,Ulbeek,,True,True,5.264772415161133,50.83059310913086,5.31367826461792,50.85601043701172,cd847173-6fdc-4cd7-9fd2-295c12b2852b
40596add-54a6-489c-9bc6-34b97be463ba,BE,BE-WAL,locality,,land,Remicourt,"[[""fr"", ""Remicourt""], [""wa"", ""Remicoû""], [""ru"", ""Ремикур""]]",True,True,5.288422107696533,50.66542053222656,5.396542549133301,50.70392608642578,2d4b7917-d4ab-4107-89fb-e3c001353acf
a26e643f-a3fc-4604-98c8-46d5f8ba5673,BE,BE-WAL,locality,,land,Dalhem,"[[""fr"", ""Dalhem""], [""la"", ""Dalemum""], [""ru"", ""Далем""]]",True,True,5.701481342315674,50.6808967590332,5.8187575340271,50.75547790527344,9e8400f8-39c7-4b49-b467-24ca98ee6bae
a5b0b573-58a4-407f-bb85-3e3cacf9b16a,BE,BE-VLG,neighborhood,,land,Kuringen-Centrum,,True,True,5.261415481567383,50.93632888793945,5.331695556640625,50.96538543701172,0260e036-fb86-4dc7-bbfa-959022b06c84
08975ea0-6857-410e-aad1-b2189125cb62,BE,BE-VLG,locality,,land,Mopertingen,"[[""ru"", ""Мопертинген""]]",True,True,5.562873840332031,50.8558349609375,5.595606803894043,50.86850357055664,2d377020-3ae9-4c56-9f90-65ace1e272f1
2b8973e3-90f5-412b-99fe-96ad4fa1b09f,BE,BE-VLG,neighborhood,,land,Hasselt-Centrum,,True,True,5.332289695739746,50.927127838134766,5.344378471374512,50.93449401855469,dabf8352-f2d7-463f-bdac-495606cca2ec
68602a6d-8134-4f18-9ec7-5255274b1a37,BE,BE-WAL,locality,,land,Sippenaeken,"[[""fr"", ""Sippenaeken""], [""de"", ""Sippenaachen""], [""nl"", ""Sippenaeken""]]",True,True,5.889894962310791,50.73613739013672,5.9470133781433105,50.756980895996094,14911440-b94e-4606-b6f4-77ae9405af34
edbd272f-c1eb-44db-93c5-3314189177ef,BE,BE-VLG,locality,,land,Vliermaal,,True,True,5.399991512298584,50.80777359008789,5.450136661529541,50.857154846191406,2cb96426-c5d6-49cc-b992-145cde0dc230
204785d0-5afd-4fd0-9a9e-297d474db619,BE,BE-VLG,locality,,land,Lummen,"[[""li"", ""Leume""], [""nl"", ""Lummen""], [""ru"", ""Люммен""]]",True,True,5.108458042144775,50.95611572265625,5.252956867218018,51.04145050048828,111e3d08-60e4-462c-b651-9197cba82e06
ebf51b44-ed3a-4d60-a77e-e5021cdc0e77,BE,BE-VLG,locality,,land,Laar,,True,True,5.003350257873535,50.751102447509766,5.034877300262451,50.781211853027344,54532486-b932-415e-aef2-7ebcd335797f
26329030-047b-4a7b-ae05-3b5d8be4a84f,BE,BE-VLG,locality,,land,Halmaal,"[[""ru"", ""Халмал""]]",True,True,5.132691383361816,50.79197692871094,5.160163402557373,50.80948257446289,fbd74bc9-8b21-4639-aa46-89c8a5821ee6
f86c4179-39fe-463a-81db-bf2ef9d8eb14,BE,BE-WAL,locality,,land,Corswarem,"[[""fr"", ""Corswarem""], [""nl"", ""Korsworm""]]",True,True,5.189859390258789,50.70085144042969,5.230149745941162,50.72096633911133,6b00831c-438e-419b-b19b-ff3cc687e526
0ec1f7c7-b4d2-435e-be38-5290141682e6,BE,BE-VLG,locality,,land,Kaulille,"[[""ru"", ""Каулилле""]]",True,True,5.477442741394043,51.173213958740234,5.551830768585205,51.21470642089844,dddc1809-156a-4f25-9b3a-7adc2ee78122
4c9bf07c-2bbc-43d1-ba16-abf2728d7797,BE,BE-VLG,neighborhood,,land,Runkst buiten Singel,,True,True,5.279684066772461,50.90766143798828,5.333271026611328,50.93543243408203,fe2755e0-e484-41d3-9646-96fa8439842e
3e90fd9c-a9d8-4837-8866-2f9c360636a1,BE,BE-WAL,locality,,land,Berloz,"[[""fr"", ""Berloz""], [""wa"", ""Bierlô""]]",True,True,5.165096282958984,50.68358612060547,5.235377311706543,50.723655700683594,ac4cf877-a660-43f1-8288-ec8a310de131
143b1f9d-b98c-42bf-a208-8a644c92e997,BE,BE-VLG,locality,,land,Helen-Bos,,True,True,5.065279483795166,50.81483459472656,5.1136369705200195,50.857269287109375,82b81158-94e1-4608-97f3-e521a3cab621
4815bc5f-6793-40a1-8410-9f4a27d13d53,BE,BE-VLG,locality,,land,Val-Meer,,True,True,5.569845676422119,50.77001953125,5.611204147338867,50.80417251586914,96f828b5-19ce-47ee-979b-d37db8f28e37
3d70f432-76ff-45ef-8650-831adb528a41,BE,BE-VLG,locality,,land,Opitter,"[[""ru"", ""Опиттер""]]",True,True,5.618011474609375,51.102516174316406,5.66931676864624,51.13429260253906,1ddf0ee9-64cf-4b51-84bf-4732e925451d
6c0dc6c2-26cd-4a30-9405-23712823bf51,BE,BE-VLG,locality,,land,Vorsen,"[[""fr"", ""Fresin""], [""nl"", ""Vorsen""]]",True,True,5.1552863121032715,50.69549560546875,5.180872917175293,50.71492385864258,200755cf-f0a6-45bb-865b-45ae81314b3d
8f4764ef-74f7-49c8-b741-86478f61929c,BE,BE-WAL,locality,,land,Saint-Remy,,True,True,5.6961822509765625,50.68488693237305,5.719536304473877,50.70425033569336,b352b54f-5377-498f-a61a-011341776fc3
9671195c-d536-4633-b0d3-c2bdefa4bb20,BE,BE-WAL,locality,,land,Liers,,True,True,5.555547714233398,50.68103790283203,5.58510684967041,50.70117950439453,e86747cf-c318-40d7-b8f8-ff97b15ef717
58190e05-6677-4fc0-ad06-d53e67a898d6,BE,BE-VLG,locality,,land,Schalkhoven,,True,True,5.435634613037109,50.83308410644531,5.461179733276367,50.85139083862305,a25c060a-8949-4e8e-892e-d8f9e3eed346
d7e483ae-e1d4-4b46-8fd8-b9c2daea0730,BE,BE-VLG,locality,,land,Peer,"[[""nl"", ""Peer""], [""ru"", ""Пер""]]",True,True,5.389209270477295,51.05499267578125,5.547618865966797,51.18949890136719,47f66de5-7f6f-4162-8139-105a4e92ba15
a364182a-e661-47e4-8d82-fabdcd6437b6,BE,BE-VLG,locality,,land,Maaseik,"[[""li"", ""Mezeik""], [""nl"", ""Maaseik""], [""ru"", ""Маасейк""], [""la"", ""Masecense""]]",True,True,5.607320308685303,51.018775939941406,5.833827018737793,51.12986755371094,2f12716f-cc88-4a06-8dcd-bf66dc8e4a1f
5c798362-8753-439f-9ab9-847b2964b872,BE,BE-VLG,locality,,land,Eigenbilzen,,True,True,5.552083969116211,50.864990234375,5.594277381896973,50.90916442871094,f1e4c9aa-1f18-421d-abbc-146c58a6d40f
1d53b2da-b1c4-48e5-9de4-33721825ac7a,BE,BE-VLG,locality,,land,Membruggen,,True,True,5.513575077056885,50.805660247802734,5.559678554534912,50.82448959350586,cded8e36-8770-4ac8-bceb-2fbfcc410b51
b44e7af8-f5cc-4a64-958f-387f29361d8a,BE,BE-VLG,microhood,,land,Grote Markt,,True,True,5.050010681152344,50.98432159423828,5.050618648529053,50.9847412109375,3e69322c-4ed5-4d49-a92a-c1851126ffd9
c9f97bc9-a42e-4cdd-bc00-2f448b6935a1,BE,BE-VLG,neighborhood,,land,Tuilt,,True,True,5.257026195526123,50.943363189697266,5.282569408416748,50.96187210083008,e51004a6-512d-4ab1-bc9c-c20a3102181c
30b06de6-e277-453a-8786-acb7739856bc,BE,BE-WAL,locality,,land,Berneau,"[[""fr"", ""Berneau""], [""de"", ""Bernau""], [""nl"", ""Berne""], [""ru"", ""Берно""]]",True,True,5.721268653869629,50.73176956176758,5.749492168426514,50.75547790527344,68525991-075f-4ba6-bb62-3a8c1652b401
36547ad6-8ac8-4536-ad9b-c7f7d739c553,BE,BE-VLG,locality,,land,Beverlo,"[[""li"", ""Bjêvel""], [""nl"", ""Beverlo""], [""ru"", ""Беверло""]]",True,True,5.191739559173584,51.073795318603516,5.329867839813232,51.10576248168945,c6faebd1-0fcc-47c0-83c2-862d17944d42
d28da4f3-d5e2-4816-baa0-4ba78c147211,BE,BE-VLG,locality,,land,Varendonk,,True,True,4.9285173416137695,51.062862396240234,4.9682159423828125,51.092159271240234,065c98b8-354c-416b-9784-89011a91c785
0bef095e-042e-4933-badb-d03c258ac392,BE,BE-VLG,locality,,land,Voeren - Fourons,"[[""fr"", ""Fourons""], [""li"", ""Voere""], [""la"", ""Forum""], [""nl"", ""Voeren""], [""de"", ""Vuren""], [""ru"", ""Вурен""], [""wa"", ""Foron""]]",True,True,5.682170867919922,50.70985794067383,5.9111104011535645,50.78325271606445,9034dd23-7a0d-481b-bb90-403da401eeca
3518a339-cd52-48ae-992f-bdd34dcde17a,BE,BE-VLG,locality,,land,Munsterbilzen,"[[""ru"", ""Мюнстербилзен""]]",True,True,5.508806228637695,50.87908172607422,5.551477432250977,50.91395568847656,33c81048-414f-4016-8203-f579bf307f20
07f612a4-7513-48e7-83c2-5b9c370b3bd3,BE,BE-VLG,locality,,land,Kasterlee,"[[""nl"", ""Kasterlee""], [""ru"", ""Кастерле""]]",True,True,4.861774921417236,51.19461441040039,5.032247066497803,51.286903381347656,bd3b6309-2b37-4d90-89a8-2cd8415540f5
325f0b63-949e-4e42-8d1f-1213c577745d,BE,BE-VLG,locality,,land,Muizen,,True,True,5.158463478088379,50.75492858886719,5.1965227127075195,50.768802642822266,310b916e-768c-4ee7-8cbe-d8470bf66406
44a10582-4bf6-44b1-99fe-d9a042e8140a,BE,BE-VLG,locality,,land,Neerwinden,"[[""fr"", ""Merwingue""]]",True,True,5.01953125,50.7482795715332,5.0596113204956055,50.78199768066406,bfd221c0-e4a1-4c37-83a3-1be72f5aa3e1
33328553-9ac5-4c56-b854-aed76cbb6fca,BE,BE-VLG,microhood,,land,Posthoornwijk,,True,True,5.221901893615723,51.061119079589844,5.223663330078125,51.06392288208008,753c2b5d-7ff4-435e-bc8c-22c9fb0cab8d
79802bed-7bce-4777-a567-bba56094401b,BE,BE-VLG,locality,,land,Rukkelingen-Loon,"[[""fr"", ""Roclenge-Looz""], [""nl"", ""Rukkelingen-Loon""]]",True,True,5.234355926513672,50.7150993347168,5.270849227905273,50.737823486328125,5af810c1-f4ea-41d3-bf5b-a8ceddee16ae
7f34ef6b-b479-4165-8de4-98b44d2035b3,BE,BE-WAL,locality,,land,Waremme,"[[""fr"", ""Waremme""], [""li"", ""Wèrm""], [""la"", ""Waremia""], [""nl"", ""Borgworm""], [""ru"", ""Варем""], [""wa"", ""Wareme""]]",True,True,5.213760852813721,50.65549087524414,5.3132781982421875,50.729042053222656,62945f7d-b128-4408-9e92-3972d656b216
36fec74b-36e2-4396-84dc-928733d2f118,BE,BE-VLG,locality,,land,Olmen,,True,True,5.121020317077637,51.11610794067383,5.205836296081543,51.150691986083984,1acf1367-5cf7-4318-8d32-6de66efca231
c3a7765e-24e8-494e-8b3a-b7a340a786d3,BE,BE-WAL,locality,,land,Bleret,,True,True,5.274628162384033,50.67254638671875,5.2951202392578125,50.696327209472656,2e155183-300d-4e00-a0b5-6450619d98cd
071f29b0-116f-4184-9d15-a8a1608652e0,BE,BE-WAL,locality,,land,Lamine,,True,True,5.316339492797852,50.678531646728516,5.357564449310303,50.69644546508789,59853620-c2bd-4559-8200-dbe75927a9ef
f754a61e-6009-46e9-8059-240ce0824faf,BE,BE-VLG,locality,,land,Dilsen-Stokkem,"[[""ar"", ""دِلسن استُكوم""], [""fr"", ""Dilsen-Stockem""], [""li"", ""Dilse-Stokkem""], [""la"", ""Feresne et Stockhemium""], [""nl"", ""Dilsen-Stokkem""], [""bg"", ""Дилсен-Стокем""], [""ko"", ""딜선스토컴""], [""de"", ""Dilsen-Stockheim""], [""ru"", ""Дилсен-Стоккем""], [""th"", ""ดิลเซิน-สโตกเกม""], [""ja"", ""ディルセン＝ストッケム""], [""fa"", ""دیلسان-ستوکم""], [""zh"", ""迪尔森-斯托克姆""]]",True,True,5.622475624084473,50.995849609375,5.801167964935303,51.082359313964844,5c31961c-a28f-48c4-b10e-ed4035b63787
9c36aa0b-9f1c-4699-a1c0-528e98d9e95a,BE,BE-VLG,locality,,land,Heers,"[[""ru"", ""Херс""]]",True,True,5.234355926513672,50.7150993347168,5.402204990386963,50.791873931884766,a9feb100-fc3f-4b70-8ecf-155968c0013b
a0058e36-6d6a-4202-bdba-97d3aa55b6a0,BE,BE-VLG,locality,,land,Wimmertingen,"[[""ru"", ""Виммертинген""]]",True,True,5.345632076263428,50.8675537109375,5.362751483917236,50.886383056640625,4d2412dc-a57f-40cb-8fc7-833d35330865
b6dde270-df50-4e7a-a768-f4563cf91e4f,BE,BE-VLG,microhood,,land,Dorpsplein,,True,True,5.572735786437988,50.93178939819336,5.573309898376465,50.93235397338867,8068b6b5-399c-42f2-a157-f5053134d7bf
91eae03c-d4b8-4b10-acf2-22602f5f811c,BE,BE-VLG,locality,,land,Schaffen,"[[""ru"", ""Схаффен""]]",True,True,5.046781063079834,50.981449127197266,5.159718990325928,51.04507827758789,3040c562-728c-43b3-8716-2ddb955b70fc
e9de0cb7-e167-4192-a5db-a1a07a228c13,BE,BE-WAL,locality,,land,Wihogne,,True,True,5.478490352630615,50.71324157714844,5.522963523864746,50.738258361816406,0b6422b6-690a-4477-bd7e-3cc7d6b22281
82038328-8ed5-4e4a-b404-dab29356683e,BE,BE-VLG,locality,,land,Gellik,"[[""ru"", ""Геллик""]]",True,True,5.570530891418457,50.86114501953125,5.6356940269470215,50.90076446533203,56004f78-6379-461d-bc75-50e023735d70
c43924e8-8ddc-4df2-bf28-54f76c6dc7cf,BE,BE-VLG,locality,,land,Herderen,,True,True,5.549522399902344,50.79951477050781,5.594305515289307,50.82568359375,d2601856-cbaf-460d-b0ee-2fd5d1f4313f
d012a0cd-caa0-4d95-b3c4-b1a4eed65c9a,BE,BE-VLG,locality,,land,Mol,,True,True,5.035364151000977,51.153480529785156,5.24219274520874,51.322662353515625,67f62a7b-057e-4f81-93ff-c293ae283e7b
595b417a-c179-431d-9d32-fafe393ea71d,BE,BE-WAL,locality,,land,Warsage,"[[""fr"", ""Warsage""], [""nl"", ""Weerst""]]",True,True,5.74810266494751,50.70207595825195,5.8187575340271,50.7513542175293,a44859bc-0ff8-4bd9-89aa-9fa535d636c2
ec2b1e7c-74fe-4c91-99a8-39cc71d8f815,BE,BE-VLG,locality,,land,Lauw,"[[""nl"", ""Lauw""], [""fr"", ""Lowaige""]]",True,True,5.388974189758301,50.72281265258789,5.4329328536987305,50.7589225769043,33c93f6f-4183-40d7-9126-d0f357cff251
560f4233-0eb1-4fb0-a841-6e540ff7bd1f,BE,BE-WAL,locality,,land,Neerheylissem,,True,True,4.950852870941162,50.74161911010742,5.019659996032715,50.7697868347168,bc275f12-a46c-40de-8f33-40444d76e1f1
87cd26fa-0742-41e4-9c9c-883c5fb32c44,BE,BE-VLG,locality,,land,Neerrepen,,True,True,5.425813674926758,50.79138946533203,5.461465835571289,50.8203239440918,c9347820-8857-43e4-ab0b-ce49ee5138df
a6d24b39-b09a-4b65-8574-c2747fcc4ff3,BE,BE-WAL,locality,,land,Pousset,,True,True,5.288422107696533,50.67416763305664,5.330888271331787,50.70392608642578,362f09cd-f391-40d4-a6db-57404a87f63c
5f6e1e1a-273f-429a-be80-886728e8c7a1,BE,BE-VLG,locality,,land,Tongeren-Borgloon,"[[""fr"", ""Tongres-Looz""]]",True,True,5.250375270843506,50.720157623291016,5.552954196929932,50.845428466796875,f140dc8b-9f9f-47cf-bd7f-2ab1d37f03ef
ab9f9159-e845-49aa-aaf6-3144f7c6c443,BE,BE-WAL,locality,,land,Crisnée,"[[""fr"", ""Crisnée""], [""wa"", ""Crusnêye""], [""ru"", ""Крине""]]",True,True,5.3630595207214355,50.685081481933594,5.431736946105957,50.73546600341797,6ce9df31-dbd7-48de-a797-f1a203ec46ee
c8da4fc7-8bf9-41d9-ad98-43a39197b1e7,BE,BE-VLG,locality,,land,Vlijtingen,"[[""fr"", ""Flétange""], [""nl"", ""Vlijtingen""], [""ru"", ""Влейтинген""]]",True,True,5.5610880851745605,50.81538009643555,5.634334564208984,50.843387603759766,e06fafff-bd87-4407-969e-fd37132218d7
30a7efef-317c-466e-ad8d-2e9196f9fb3e,BE,BE-VLG,locality,,land,Grote-Brogel,"[[""ru"", ""Гроте-Брогел""]]",True,True,5.4702982902526855,51.10591125488281,5.547618865966797,51.177974700927734,5b880167-c897-4f64-989d-d3b66fd0bdd8
af27396d-d99e-4609-bce5-c3a5c2a3b2cb,BE,BE-VLG,locality,,land,Vorst,,True,True,4.989073276519775,51.07289123535156,5.100376605987549,51.10431671142578,dcec2ec5-cca9-4abd-afb0-2b9605291f4a
0b132c64-49d0-48e9-b399-847af8c77fab,BE,BE-VLG,locality,,land,Vliermaalroot,"[[""ru"", ""Влирмалрот""]]",True,True,5.406834125518799,50.85153579711914,5.449270725250244,50.88214874267578,ad0199d1-d05a-4702-9519-3bc0f1c42c16
4f5b5275-29a9-467d-a4ac-eaf1775f6973,BE,BE-WAL,locality,,land,Kemexhe,,True,True,5.3912458419799805,50.685081481933594,5.429386138916016,50.707706451416016,bb03c7fa-d7f4-40f1-803a-f99fb3271bc8
9ec3856f-bb12-432e-a872-1fce91c0562e,BE,BE-VLG,locality,,land,Gelinden,,True,True,5.233704566955566,50.74888610839844,5.276045799255371,50.771583557128906,87126e8d-ac79-475e-bfd3-815b6b5c1b05
be900935-8e61-4a2c-887d-ece1a80c56b9,BE,BE-WAL,locality,,land,Richelle,,True,True,5.688929080963135,50.70408630371094,5.710530757904053,50.723026275634766,f3d1bdfa-5bce-424f-b2e8-85759347c058
d7a099ed-3edd-4933-b16e-b251d29b9089,BE,BE-VLG,locality,,land,Bree,"[[""hy"", ""Բրե""], [""ar"", ""بري""], [""fr"", ""Brée""], [""lv"", ""Brē""], [""uk"", ""Бре""], [""la"", ""Brea""], [""nl"", ""Bree""], [""bg"", ""Бре""], [""ko"", ""브레""], [""ru"", ""Бре""], [""th"", ""เบร""], [""he"", ""ברי""], [""be"", ""Брэ""], [""ja"", ""ブレー""], [""lt"", ""Bri""], [""fa"", ""بری""], [""zh"", ""布雷""]]",True,True,5.546452522277832,51.102516174316406,5.718485355377197,51.184471130371094,54b546b5-a24a-4055-9e3b-ca81a38eee28
7705193b-b2db-42f5-8c1e-172910561d17,BE,BE-WAL,locality,,land,Oleye,,True,True,5.2574028968811035,50.70686340332031,5.295229911804199,50.729042053222656,feaf0035-d49f-4038-b0ea-3f456fac5fc9
9b374e6b-8e21-45e7-b88f-a4393da0133f,BE,BE-VLG,locality,,land,Houthalen-Helchteren,"[[""li"", ""Hôtele-Helichtre""], [""nl"", ""Houthalen-Helchteren""], [""ru"", ""Хаутхален-Хелхтерен""]]",True,True,5.3355183601379395,51.001220703125,5.522173881530762,51.10401916503906,d7792cb3-79a9-4d14-8333-d38929f5a865
ed674396-e4a9-4174-8982-80a8ec816b26,BE,BE-VLG,locality,,land,Kozen,"[[""ru"", ""Козен""]]",True,True,5.222137928009033,50.86551284790039,5.263588905334473,50.89714813232422,cee96f49-0492-4bfa-8ba6-f82d6b43ced3
d8780b58-6130-4a8b-80cd-1773b9d4349b,BE,BE-VLG,locality,,land,Zichem,"[[""la"", ""Sichemium""], [""ru"", ""Зихем""]]",True,True,4.936035633087158,50.97806930541992,5.022225856781006,51.03891372680664,5ea7d1da-42a7-4571-a177-ca6f69f32518
d397c06f-3f7a-4b0a-9cca-f303af1dfd12,BE,BE-WAL,locality,,land,Lincent,"[[""fr"", ""Lincent""], [""nl"", ""Lijsem""], [""wa"", ""Lîssin""], [""ru"", ""Ленсан""]]",True,True,4.99252462387085,50.69846725463867,5.060858249664307,50.75077438354492,693baa99-a431-4436-b2e8-dc0e374c7f73
20764715-1792-4028-b167-ce35d99addba,BE,BE-VLG,locality,,land,Wellen,"[[""li"", ""Wille""], [""nl"", ""Wellen""]]",True,True,5.264772415161133,50.81174850463867,5.372254848480225,50.86759567260742,f7129543-ccd4-4f36-b4d0-1c2b8989daaf
c19d7012-8dab-464a-a5e3-4684c2551b62,BE,BE-VLG,locality,,land,Kessenich,"[[""ru"", ""Кессених""]]",True,True,5.76984977722168,51.130577087402344,5.855783462524414,51.167842864990234,ac57d420-9ab3-4df9-adc2-a91d9e539fed
3cd09eef-2ddd-41a5-86aa-77263d481169,BE,BE-WAL,locality,,land,Bettincourt,,True,True,5.2273268699646,50.70595932006836,5.257264137268066,50.727230072021484,3b3eb906-69f4-4625-931f-f23314b69d60
831daeb9-e092-4f4e-9fb7-023270571102,BE,BE-WAL,locality,,land,Haccourt,"[[""fr"", ""Haccourt""], [""el"", ""Ακκουρ""], [""ru"", ""Аккур""], [""wa"", ""Hacoû""]]",True,True,5.628190994262695,50.71534729003906,5.681314945220947,50.75315856933594,aa4f7a04-053d-4520-b8c5-b3b88585fd32
dfa6fa5c-942e-4b22-b412-0b680ad1d354,BE,BE-VLG,neighborhood,,land,Kiewit,,True,True,5.339770793914795,50.949851989746094,5.401329517364502,50.97784423828125,9c2171f1-0bfc-484d-8724-741d1144f6a4
67c511b8-fd72-4dae-8904-49e0ae7afa12,BE,BE-VLG,locality,,land,Turnhout,"[[""nl"", ""Turnhout""], [""la"", ""Turnholtum""]]",True,True,4.888746738433838,51.26239776611328,4.9849348068237305,51.39546585083008,64090d20-1849-4c9c-8466-d570a4629a59
cc1420e3-d81c-4410-a3ab-7cfb54b3a486,BE,BE-VLG,locality,,land,Eksel,"[[""ru"", ""Эксел""]]",True,True,5.260939598083496,51.131492614746094,5.437584400177002,51.181884765625,a96f15c5-e3de-4820-b0e4-b6de240c63a1
edb76669-dc5e-4cd7-9edc-29ca191686b1,BE,BE-VLG,locality,,land,Rijkhoven,,True,True,5.503790855407715,50.82080078125,5.5341644287109375,50.855567932128906,ec8e5f1a-dc76-47dd-9a6b-96968d6fdf21
c0d646e8-1828-4bc9-944b-28aaddd0eaea,BE,BE-VLG,locality,,land,Meeswijk,"[[""li"", ""Meeëzek""], [""nl"", ""Meeswijk""]]",True,True,5.727665901184082,50.993289947509766,5.767673015594482,51.01227569580078,982d4111-53e4-4515-a51b-a30763d474f7
9b9ad5db-886b-44b8-b325-a17809d17a97,BE,BE-VLG,locality,,land,Kinrooi,"[[""ru"", ""Кинрой""]]",True,True,5.658041477203369,51.11984634399414,5.855783462524414,51.18950653076172,eb269ba8-6e42-46a3-9fe3-9cff69ce1c93
de3edea3-f909-4b39-a5d6-28bafe175796,BE,BE-VLG,locality,,land,Laakdal,"[[""nl"", ""Laakdal""], [""ru"", ""Лакдал""]]",True,True,4.9285173416137695,51.034873962402344,5.100376605987549,51.1159782409668,ab6d4f06-c295-4517-8575-c46492454b79
43e6b69c-38d6-4d87-92a5-ee26c1167ded,BE,BE-VLG,locality,,land,Hasselt,"[[""li"", ""Hasselt""], [""la"", ""Hasseletum""], [""nl"", ""Hasselt""], [""zh-Hans"", ""哈瑟尔特""], [""ur"", ""ہاسلٹ""], [""ru"", ""Хасселт""], [""ml"", ""ഹസൽറ്റ്""], [""zh-Hant"", ""哈瑟爾特""], [""wa"", ""Hasse""]]",True,True,5.212125778198242,50.80777359008789,5.450136661529541,50.98160171508789,1b78b435-ad42-49de-a74f-e194c857109c
6b84be98-00a9-445b-992c-2b88318758cb,BE,BE-VLG,locality,,land,Tongerlo,"[[""ru"", ""Тонгерло""]]",True,True,5.640970230102539,51.115501403808594,5.718485355377197,51.14585494995117,e4991907-30cc-4f14-bc64-3609dbf1f592
50e92117-cffa-45f2-96d6-0649c7cc59e3,BE,BE-VLG,locality,,land,Riemst,"[[""li"", ""Riems""], [""de"", ""Riemst""], [""nl"", ""Riemst""], [""ru"", ""Римст""]]",True,True,5.513575077056885,50.7635498046875,5.688160419464111,50.843387603759766,aa6aa196-5cab-47a4-b779-5be6433fa449
f3b75c83-5f84-446b-abbe-4ad06b5a79c4,BE,BE-VLG,locality,,land,Gutschoven,"[[""fr"", ""Gossoncourt""], [""nl"", ""Gutschoven""]]",True,True,5.307744026184082,50.76601028442383,5.337384223937988,50.786991119384766,340922e6-527e-4de6-841a-8a8e32186303
6116f5e4-281f-4668-8fa2-325b9e99d341,BE,BE-VLG,microhood,,land,Bastion,,True,True,5.824398994445801,51.14713668823242,5.82534646987915,51.14773941040039,7bd9fc3c-bdcc-41f3-9e05-7189ba211ac8
d84fb4d6-8995-47b9-ab01-bbe7c7a67c72,BE,BE-VLG,locality,,land,Neerhespen,,True,True,5.040372371673584,50.77604293823242,5.0779595375061035,50.799842834472656,909ca051-926c-4401-9947-2288c6547153
1c649fb7-9786-4f55-8c7a-ce6c61390648,BE,BE-VLG,locality,,land,Schulen,,True,True,5.129311561584473,50.93560028076172,5.209395885467529,50.97126007080078,2f52a411-0c5b-4153-95fa-34ed7cef2a7d
65044298-ef61-47d1-8602-0f3dac45ac65,BE,BE-VLG,microhood,,land,Grote Markt,,True,True,4.935791492462158,50.806678771972656,4.938416481018066,50.808467864990234,7405c1ea-3175-43d6-bc25-f68d78d64fc5
d160a1af-2903-4eea-aa22-80288291ef22,BE,BE-VLG,locality,,land,Maasmechelen,"[[""li"", ""Maosmechele""], [""nl"", ""Maasmechelen""], [""ru"", ""Маасмехелен""]]",True,True,5.595318794250488,50.910404205322266,5.767673015594482,51.01227569580078,1f0de1a6-d8f0-4c7c-94c3-9c222feaf293
784ff971-2fe8-4f05-9974-65f041e0c18b,BE,BE-VLG,locality,,land,Kapellen,"[[""ru"", ""Капеллен""]]",True,True,4.939276218414307,50.87382507324219,4.977714538574219,50.901248931884766,e54073bd-51c2-4a55-80af-7dd4fe5d0e72
9fde3ffc-8ee8-4cfe-baad-6f915cf5265a,BE,BE-VLG,locality,,land,Borgloon,"[[""fr"", ""Looz""], [""li"", ""Loeën""], [""la"", ""Borchlonium""], [""nl"", ""Borgloon""], [""bg"", ""Борглон""], [""ru"", ""Борглон""], [""th"", ""บอร์คโลน""], [""wa"", ""Lô""], [""fa"", ""بورگلون""], [""zh"", ""博尔赫隆""]]",True,True,5.303961753845215,50.77851486206055,5.380710124969482,50.82222366333008,2a8b67ae-549e-45a3-b389-52bdfa73f150
62f88eaa-524b-4abf-b7e6-1abfb01ecc8f,BE,BE-WAL,locality,,land,Boëhle,,True,True,5.146053314208984,50.67764663696289,5.186361312866211,50.69832992553711,657ffe32-93d9-4626-bbbb-5982db428b83
ec555ab4-e318-4ce7-8c62-3fb095d8c76d,BE,BE-WAL,locality,,land,Roclenge-sur-Geer,"[[""fr"", ""Roclenge-sur-Geer""], [""nl"", ""Rukkelingen-aan-de-Jeker""]]",True,True,5.568112850189209,50.7454719543457,5.6083269119262695,50.773155212402344,d7d26445-94bd-4133-8959-d3a3e3bb4305
40a7a094-79f2-45b2-b8de-eb75d26a9891,BE,BE-VLG,locality,,land,Bunsbeek,,True,True,4.9268879890441895,50.83120346069336,4.993409156799316,50.87109375,3d374fa1-b3da-4c53-ba49-c2ca58a4a9a8
026c72fb-c821-4a65-9c96-ce641f4302cd,BE,BE-WAL,locality,,land,Wonck,"[[""fr"", ""Wonck""], [""nl"", ""Wonk""]]",True,True,5.606361389160156,50.74290466308594,5.658776760101318,50.78615188598633,b3ede5a6-bbed-449e-992a-12108269a37e
92bece4b-c903-4924-a6fb-e9a4f293e4b7,BE,BE-WAL,locality,,land,Boirs,"[[""fr"", ""Boirs""], [""nl"", ""Beurs""]]",True,True,5.567096710205078,50.733028411865234,5.5981059074401855,50.76419448852539,3dcf2610-43a6-48c0-ba79-e0f658ef6c70
c7484e30-f911-4b75-981e-6172e0c36182,BE,BE-VLG,locality,,land,Mielen-Boven-Aalst,,True,True,5.19322395324707,50.744178771972656,5.234428882598877,50.770240783691406,208681b9-4a8b-4074-a20d-1d06d016ea5c
44946a5f-5cf5-468f-a438-d9108eef19fc,BE,BE-VLG,locality,,land,Linkhout,"[[""li"", ""Linkert""], [""nl"", ""Linkhout""]]",True,True,5.108458042144775,50.95611572265625,5.164234638214111,50.9845085144043,9467e3d3-8ec4-4f90-8fb0-85fd8306a924
85c88fbe-9289-4a24-9d29-4d2a0fc25dfb,BE,BE-WAL,locality,,land,Odeur,,True,True,5.404942512512207,50.697879791259766,5.431736946105957,50.72318649291992,c9fe91bd-3dd0-476b-8f16-e133f2fb5599
af85dd0d-df59-4813-9960-e74767af6df8,BE,BE-VLG,locality,,land,Oplinter,"[[""fr"", ""Oplinter""]]",True,True,4.95756196975708,50.80998992919922,5.019864082336426,50.84676742553711,864573c6-8a18-426b-b347-46755e6412e9
ecaa2d8c-7e83-4e5b-8a25-ea97ecc1dde2,BE,BE-VLG,locality,,land,Ordingen,"[[""fr"", ""Ordenge""], [""nl"", ""Ordingen""]]",True,True,5.224206447601318,50.80677032470703,5.255049705505371,50.82081604003906,ceba5192-e4a1-4e7d-9f8b-ae63db97143d
432628fd-1ed0-401d-b160-7e2e3ebcb3fb,BE,BE-VLG,locality,,land,Herten,,True,True,5.324031352996826,50.81857681274414,5.340238094329834,50.83621597290039,c6720ae2-768c-4a1e-a715-02aea027e648
7510cd89-ad79-4ed7-b801-15bbcb467adc,BE,BE-VLG,locality,,land,Melkwezer,,True,True,5.03767204284668,50.81158447265625,5.076605319976807,50.838966369628906,a24abb49-23f4-4551-b77e-42d941706a77
b0dec70e-86db-437f-ab60-97483c87da7e,BE,BE-VLG,locality,,land,Gors-Opleeuw,,True,True,5.366973876953125,50.81618881225586,5.405962944030762,50.845428466796875,0e1f318f-bf6f-4320-b7b8-929ad9cd7ed1
f4149af1-e310-431d-a3d9-f4b1db2c4d4d,BE,BE-VLG,locality,,land,Dessel,"[[""ru"", ""Дессел""]]",True,True,5.049849987030029,51.21864318847656,5.185561656951904,51.26971435546875,8bc6710c-829e-4d8a-9d30-2f490ba1010b
c87ff34f-3bfd-40b3-b30c-cf9a22982c4a,BE,BE-VLG,locality,,land,Sint-Truiden,"[[""vls"", ""Sint-Truudn""], [""fr"", ""Saint-Trond""], [""li"", ""Sintruin""], [""la"", ""Oppidum Sancti Trudonis""], [""nl"", ""Sint-Truiden""], [""ru"", ""Синт-Трёйден""], [""lt"", ""Sint Treidenas""]]",True,True,5.106576442718506,50.74888610839844,5.286871910095215,50.877323150634766,922fa0d2-0686-4b09-b196-e7a25a5bcee6
e55b7cc7-7cd0-42a9-b0b0-00b8f545d24c,BE,BE-VLG,locality,,land,Beek,,True,True,5.574064254760742,51.147804260253906,5.683349132537842,51.184471130371094,478fe6f8-dd79-4726-92cb-2f6a87c1d1c9
5b77ff2f-88c8-4bf0-95b9-1e088e760598,BE,BE-VLG,locality,,land,Zonhoven,"[[""li"", ""Zoneve""], [""nl"", ""Zonhoven""], [""ru"", ""Зонховен""], [""wa"", ""Zonôf""]]",True,True,5.301041126251221,50.962825775146484,5.465965747833252,51.01249313354492,b9452d85-4563-4070-ae31-325baf2f3c20
e429a0fa-4cdb-4044-88ab-68ffd5047d51,BE,BE-VLG,locality,,land,Averbode,"[[""ru"", ""Авербоде""]]",True,True,4.938173770904541,51.009483337402344,5.0066680908203125,51.04613494873047,17dd01ad-1983-4ccd-9c8a-8471fa770aca
57561bcf-0ed3-4df1-828a-82bdf90f4a05,BE,BE-VLG,macrohood,,land,Quartier Canal,,True,True,5.342824459075928,50.93705368041992,5.35938835144043,50.9417610168457,a4ba3925-8ff9-42e7-8b34-86e2cdd7dd51
8517aafb-0b8b-492f-9de3-462b54dcb64e,BE,BE-VLG,locality,,land,Zelem,,True,True,5.0787739753723145,50.961368560791016,5.139383792877197,50.99880599975586,b0134631-5718-4d36-9e91-f32cd6ee851f
63a620cb-82a2-4faa-98a4-c7a668da4858,BE,BE-VLG,locality,,land,Sint-Martens-Voeren - Fouron-Saint-Martin,"[[""fr"", ""Fouron-Saint-Martin""], [""li"", ""S'n Maeëte-Voere""], [""nl"", ""Sint-Martens-Voeren""], [""de"", ""Sankt Martinsvuren""], [""ru"", ""Синт-Мартенс-Вурен""]]",True,True,5.793436050415039,50.71647644042969,5.866776466369629,50.765377044677734,85d9d188-aace-4c8d-891e-8a7b2b43d544
604ec452-1c20-4e83-b2fe-4faeb969971b,BE,BE-VLG,locality,,land,Bocholt,"[[""nl"", ""Bocholt""], [""ru"", ""Бохолт""]]",True,True,5.477442741394043,51.13053512573242,5.659460544586182,51.22290802001953,f53c4791-2dd5-49f0-a4df-ea39e4c7d231
cc79c4f5-b65f-44d0-a8a2-cb4b3bab882d,BE,BE-WAL,locality,,land,Bergilers,"[[""nl"", ""Belliek""], [""ru"", ""Бержилер""]]",True,True,5.303929805755615,50.699405670166016,5.365895748138428,50.72925567626953,c4156b6f-af51-459f-9f5f-47fc603bf95c
273240ba-c666-4a02-a930-ba6fbf4f999d,BE,BE-VLG,locality,,land,Rijkel,"[[""fr"", ""Ryckel""], [""nl"", ""Rijkel""]]",True,True,5.250375270843506,50.79180145263672,5.271190166473389,50.81645584106445,4a48bc38-ef2a-4618-baa6-60671e8a6871
5f09ada4-0e1e-4b51-815d-0b9ef9942544,BE,BE-VLG,locality,,land,Niel-bij-As,,True,True,5.58945894241333,50.99921417236328,5.643033504486084,51.037471771240234,f41e1e74-8439-4659-874b-cb56b6d9200b
b78e45dd-4335-43c9-b120-c5aa560828cd,BE,BE-VLG,locality,,land,Helchteren,"[[""li"", ""Helichtre""], [""nl"", ""Helchteren""], [""ru"", ""Хелхтерен""]]",True,True,5.339372158050537,51.04454040527344,5.454405307769775,51.10401916503906,c0cd13b6-d797-4904-a84d-9518fa68b688
92c68ba8-bd27-40f6-b280-564a4331d68f,BE,BE-VLG,locality,,land,Guigoven,"[[""ru"", ""Гёйговен""]]",True,True,5.383371829986572,50.83007049560547,5.415838241577148,50.85509490966797,37fa6daf-0f24-4327-92f0-4075ed774446
d1cd6dd2-30e1-4033-8444-76a59691f4b4,BE,BE-VLG,locality,,land,Nieuwerkerken,"[[""ru"", ""Ньиверкеркен""]]",True,True,5.148432731628418,50.85176086425781,5.263588905334473,50.91033172607422,abd38ff0-55d9-4ad0-8993-7b9d67da750e
bb87caf5-ae43-45f0-8cc8-185b7cae4b51,BE,BE-VLG,locality,,land,Houthalen,"[[""li"", ""Hôtele""], [""nl"", ""Houthalen""], [""ru"", ""Хаутхален""]]",True,True,5.3355183601379395,51.001220703125,5.522173881530762,51.072669982910156,fe38f2ff-bc62-46cf-8351-3655fd8f6caf
0c0e6f76-df03-4701-b275-30252b32246a,BE,BE-VLG,locality,,land,Hoeleden,,True,True,4.975302219390869,50.84555435180664,5.031984806060791,50.88797378540039,729c6811-61ae-4846-b818-2d918b2ed155
88b2652d-795b-4e49-a10b-36a559dbf292,BE,BE-VLG,locality,,land,Wezeren,,True,True,5.094213962554932,50.72245407104492,5.1214470863342285,50.74176025390625,f4b1f321-7aa6-4404-ab4c-6ddf150de66d
36fe9662-8d27-4422-a63f-6043e7cf327c,BE,BE-VLG,locality,,land,Vreren,"[[""fr"", ""Frères""], [""nl"", ""Vreren""], [""ru"", ""Вререн""]]",True,True,5.468423366546631,50.73139953613281,5.517722129821777,50.76972579956055,4334dcc5-aa92-4712-94db-4088009009a4
683969f5-f894-44c7-abb5-894d9ca40c16,BE,BE-WAL,locality,,land,Neu-Moresnet,"[[""li"", ""Nöj-Moresent""], [""fr"", ""Neu-Moresnet""], [""de"", ""Neu-Moresnet""], [""nl"", ""Neu-Moresnet""]]",True,True,5.981735706329346,50.695152282714844,6.0407233238220215,50.75346755981445,603b9fe6-3dcd-44ea-b4a6-876aa86b5273
eccb323b-5546-4cd5-8d8f-f6c33e1053c1,BE,BE-VLG,locality,,land,Rotem,"[[""ru"", ""Ротем""]]",True,True,5.66485595703125,51.03630447387695,5.77256441116333,51.06964111328125,96926d0a-e87c-4f14-ae40-ddcc7c67196e
5330a8ab-a70c-4a9d-88e7-85f479c71849,BE,BE-VLG,locality,,land,Zoutleeuw,"[[""fr"", ""Léau""], [""li"", ""Liejef""], [""la"", ""Leevia""], [""nl"", ""Zoutleeuw""], [""ru"", ""Заутелеув""], [""wa"", ""Zoutliyon""]]",True,True,5.043391227722168,50.779052734375,5.15232515335083,50.884674072265625,c7b7b7e2-18e2-4baf-9c86-bfc7969be4db
8f71f2e2-7477-424b-ad37-9f88b6066bdc,BE,BE-WAL,locality,,land,Saint-André,"[[""fr"", ""Saint-André""], [""nl"", ""Sint-Andries""]]",True,True,5.728814601898193,50.6808967590332,5.7712016105651855,50.71410369873047,4a2b8f37-8ae8-4205-b657-1a86fc75a85f
d8fcd0df-cdcf-4555-b647-1accc34d9771,BE,BE-VLG,locality,,land,Glabbeek-Zuurbemde,,True,True,4.926502227783203,50.859256744384766,4.986853122711182,50.892738342285156,9c521c8e-a21b-4e1a-9305-e0a42746c71c
ab8022b4-c544-4d53-b539-62e643690ddf,BE,BE-WAL,locality,,land,Bombaye,"[[""fr"", ""Bombaye""], [""nl"", ""Bolbeek""]]",True,True,5.7190165519714355,50.71480941772461,5.762758255004883,50.742977142333984,71b8fde2-1fe8-47b1-9ffd-73d79048f5d5
38711a47-3718-4120-bb5f-693fe6a73395,BE,BE-WAL,microhood,,land,Place Reine Astrid,,True,True,5.69480562210083,50.737247467041016,5.6954522132873535,50.738136291503906,3ade3ec5-c35c-4a74-9f2c-77488d49fc63
209cb097-56d2-4580-93c7-a8dca2fd92d9,BE,BE-VLG,microhood,,land,binnenhof van Museum Het Toreke,,True,True,4.936324596405029,50.80833435058594,4.9367804527282715,50.80873107910156,c97acb96-a862-4af4-ba4f-a8071eda4a66
61c5504b-8bf2-4f6f-a427-f61854669fbd,BE,BE-VLG,locality,,land,'s Herenelderen,,True,True,5.479778289794922,50.79672622680664,5.5171308517456055,50.82236099243164,87907f0e-4378-4bf9-b532-e1842154dd2e
bc3e5339-2a1f-4a05-8012-36c5e11e116d,BE,BE-VLG,locality,,land,Diest,"[[""lv"", ""Diste""], [""uk"", ""Діст""], [""la"", ""Distha""], [""nl"", ""Diest""], [""zh-Hans"", ""迪斯特""], [""bg"", ""Дийст""], [""ko"", ""디스트""], [""ru"", ""Дист""], [""th"", ""ดีสต์""], [""arz"", ""ديست""], [""zh-Hant"", ""迪斯特""], [""he"", ""דיסט""], [""ja"", ""ディースト""], [""lt"", ""Distas""], [""fa"", ""دیه""]]",True,True,4.9946770668029785,50.94276428222656,5.159718990325928,51.04983139038086,e10e8ba1-8c5d-4321-9881-4093f9f8a664
6ca3c724-9c34-431e-a76d-99d8aa6d9a50,BE,BE-WAL,locality,,land,Paifve,,True,True,5.512922286987305,50.71858596801758,5.537322044372559,50.74235153198242,f82568ce-ebe5-4fab-8f75-362372f5af42
43c66949-fbae-4f4c-92cf-87a0c62f1fc7,BE,BE-VLG,locality,,land,Heusden,"[[""ru"", ""Хёсден""], [""li"", ""Heuze""], [""nl"", ""Heusden""]]",True,True,5.224275588989258,51.010711669921875,5.3393731117248535,51.072669982910156,6fb1c2cc-d4bd-4075-95f1-ebe6034225b3
28e47ff7-4ff6-4926-8f70-bc2c25e20c1b,BE,BE-WAL,locality,,land,Julémont,"[[""ru"", ""Жюлемон""]]",True,True,5.753149032592773,50.67748260498047,5.784910202026367,50.703399658203125,c9bc906a-a331-4e7c-b962-51ece4a0d9f3
91709fec-8ee9-47d8-a46d-4792e3da0e7d,BE,BE-VLG,locality,,land,Herstappe,"[[""fr"", ""Herstappe""], [""nl"", ""Herstappe""], [""wa"", ""Hestape""]]",True,True,5.415436744689941,50.71810531616211,5.436275959014893,50.73543167114258,cdf03a73-da7d-4904-a4d3-4796998fc0a3
6e9cc59c-3a18-4d5c-ac76-dd30d5771189,BE,BE-VLG,locality,,land,Genk,"[[""li"", ""Genk""], [""la"", ""Geneche""], [""nl"", ""Genk""], [""ru"", ""Генк""], [""lt"", ""Genkas""]]",True,True,5.384315490722656,50.913028717041016,5.595162868499756,51.02077865600586,2af577f0-16ac-488c-a737-a14829e9c410
e893fdad-8c4b-426d-b7ac-6bf0b9f6ba71,BE,BE-VLG,locality,,land,Tienen,"[[""fr"", ""Tirlemont""], [""li"", ""Tiene""], [""la"", ""Thuinas""], [""nl"", ""Tienen""], [""ru"", ""Тинен""]]",True,True,4.851720809936523,50.7520866394043,5.019864082336426,50.86432647705078,f574dd5a-8c54-4157-928e-bea71923a5c2
6daa5b28-f3c8-426a-b68f-0c2b46df1dcf,BE,BE-VLG,locality,,land,Testelt,"[[""ru"", ""Тестелт""]]",True,True,4.925629138946533,51.00107955932617,4.970734596252441,51.03734588623047,8ddb7fa5-4035-4a53-b35b-7f51251d1b3d
17bbe9ba-e690-4774-b68f-701985cf3f74,BE,BE-VLG,neighborhood,,land,Hollandsveld,,True,True,5.330752849578857,50.907527923583984,5.35897970199585,50.92548370361328,1705ab50-cfde-4c46-8b7e-d3f8240c299a
e9115746-c6ec-4488-88f1-e5c0fd28febb,BE,BE-VLG,locality,,land,Kerniel,,True,True,5.346457481384277,50.80463790893555,5.38958215713501,50.84270477294922,314464e2-1334-4fb4-89e1-aee32af01f1f
2b5492b4-6e67-4707-b79c-489407f7202a,BE,BE-WAL,locality,,land,Hergenrath,"[[""li"", ""Herjent""], [""fr"", ""Hergenrath""], [""ru"", ""Хергенрат""]]",True,True,5.993464469909668,50.69150924682617,6.0615692138671875,50.72843933105469,0bd7d1ca-37a0-4293-a62f-f979e6e937c4
68a77390-27d2-483a-82ee-2f8c268fddee,BE,BE-VLG,locality,,land,As,,True,True,5.528896808624268,50.977294921875,5.643033504486084,51.037471771240234,6fcbbcfa-dbf0-4f5c-a7e2-9dc08fe5b669
3723ff56-5d9d-4bc3-a466-b6fbd5af7430,BE,BE-WAL,locality,,land,Hermée,"[[""fr"", ""Hermée""], [""el"", ""Ερμε""], [""ru"", ""Эрме""], [""wa"", ""Hermêye""]]",True,True,5.593396186828613,50.6981315612793,5.632182598114014,50.725982666015625,8fdbe62e-345b-4f46-83f4-df2825823817
ce8d4c10-5f99-4075-bb64-af57497ee959,BE,BE-VLG,locality,,land,Groot-Gelmen,"[[""fr"", ""Grande-Jamine""], [""nl"", ""Groot-Gelmen""]]",True,True,5.237400531768799,50.77427673339844,5.286871910095215,50.79219055175781,8cf8ae60-97f1-4ca1-a548-ef6f6fbf9743
dda2c0b9-ce3e-47de-bb4a-c2617e40feb5,BE,BE-VLG,locality,,land,Pelt,,True,True,5.320140361785889,51.16426086425781,5.529057025909424,51.276405334472656,5ef6bcda-2ad8-4587-9a92-66d9fa4be6d4
b4049186-2f00-4f25-a7c8-9bd164dfb512,BE,BE-VLG,locality,,land,Stokrooie,"[[""ru"", ""Строкройе""]]",True,True,5.24467134475708,50.9603271484375,5.312273025512695,50.98160171508789,e03d2d1a-3ebe-4ce8-98d5-5d5d29b7b729
aded9538-0db1-4ae7-b235-95741edf7127,BE,BE-VLG,locality,,land,Henis,,True,True,5.465977191925049,50.789546966552734,5.498490810394287,50.81843948364258,be735419-6a5d-4ed3-b749-122aaa33cea8
d7c93446-618c-4513-bb6b-18f26b2c9080,BE,BE-VLG,locality,,land,Assent,,True,True,4.985886573791504,50.924827575683594,5.045304298400879,50.96931838989258,cb166c66-ee7d-4de4-9aa2-5aa36c98b0ed
2fdebbc8-acc3-472a-a9ad-9671ee073d59,BE,BE-WAL,locality,,land,Lantremange,,True,True,5.274188995361328,50.69045639038086,5.3132781982421875,50.72357940673828,6daeaded-8d8a-45e5-bb87-e9f7f804a778
9ed6440b-c8c0-4678-a259-313b91e7ca75,BE,BE-VLG,locality,,land,Vucht,"[[""li"", ""Vuch""], [""nl"", ""Vucht""], [""ru"", ""Вюхт""]]",True,True,5.660201549530029,50.96876525878906,5.735441207885742,50.99781799316406,916d9ac9-90fd-4ab4-8968-008ca810ea45
e65457f5-8849-483f-ac3a-979f43a25b87,BE,BE-VLG,locality,,land,Hechtel-Eksel,"[[""nl"", ""Hechtel-Eksel""], [""ru"", ""Хехтел-Эксел""]]",True,True,5.260939598083496,51.087745666503906,5.437584400177002,51.181884765625,223cf777-3ffc-44b0-a8b2-9ae4c53a448c
b6e5daf0-1967-47ff-bdca-3ee31dfae726,BE,BE-VLG,locality,,land,Kwaadmechelen,,True,True,5.094928741455078,51.07369613647461,5.167544841766357,51.119384765625,7f7abac0-6d83-4b88-864d-4fd407770e5c
ac24dd7a-1cdc-42ea-ab59-9ed262c641c0,BE,BE-VLG,locality,,land,Linter,"[[""nl"", ""Linter""], [""ru"", ""Линтер""], [""wa"", ""Lénte""]]",True,True,4.99218225479126,50.77604293823242,5.093822002410889,50.8682975769043,db7c233b-366c-4666-af81-5ec63b7002c9
2a197ca9-92a5-42c5-bbfd-5ed7ce5d39ad,BE,BE-VLG,locality,,land,Zolder,"[[""ru"", ""Золдер""]]",True,True,5.229305744171143,50.97517776489258,5.351954936981201,51.072669982910156,94a03370-e4b3-454b-8b57-62b6a27a43ee
4d1da7ee-34ea-4211-8fe5-e44125169e2c,BE,BE-VLG,microhood,,land,Sint-Jorisplein,,True,True,4.93617057800293,50.80436325073242,4.936959743499756,50.804752349853516,41152736-fbe9-4e7b-8a99-bbe3ac332645
c1d108aa-41e1-4e09-a747-2017179dcbff,BE,BE-VLG,locality,,land,Dilsen,"[[""li"", ""Dilse""], [""nl"", ""Dilsen""], [""la"", ""Feresne""], [""ru"", ""Дилсен""]]",True,True,5.642153739929199,51.01800537109375,5.761865615844727,51.04792404174805,be9679ba-9ffb-44f7-9cbb-455a9395ac33
a0055057-c817-4340-8aa0-1bf7a26c5520,BE,BE-VLG,locality,,land,Overwinden,,True,True,5.026222229003906,50.73904800415039,5.068102836608887,50.76597595214844,70b84a01-2653-4aab-81e7-c99008df7799
19d0a101-977d-449f-b569-3f419fd4a9db,BE,BE-VLG,neighborhood,,land,Runkst-centrum,,True,True,5.313651084899902,50.91482162475586,5.336478233337402,50.93389892578125,af4f5933-443e-4176-9da9-ce1537272721
8f74cdb6-27db-442b-b3b9-08023880f03a,BE,BE-VLG,locality,,land,Tongeren,"[[""vls"", ""Toungern""], [""fr"", ""Tongres""], [""li"", ""Tóngere""], [""la"", ""Atuatuca Tungrorum""], [""nl"", ""Tongeren""], [""de"", ""Tongern""], [""ru"", ""Тонгерен""], [""wa"", ""Tongres""]]",True,True,5.427690505981445,50.7596321105957,5.5187530517578125,50.799800872802734,8cbb98c3-7f97-4e15-b475-89fd8d8b4466
42ec9a03-344b-41f1-849b-d23844076e94,BE,BE-VLG,locality,,land,Geel,"[[""nl"", ""Geel""], [""ru"", ""Гел""], [""lt"", ""Gelis""]]",True,True,4.894721031188965,51.089256286621094,5.077261924743652,51.24262237548828,b513655c-da00-4f93-9f18-fa0414338a3c
bc4e25aa-fd8f-472f-b956-c2c881217dcc,BE,BE-VLG,locality,,land,Kuringen,"[[""fr"", ""Curange""], [""ru"", ""Кюринген""]]",True,True,5.257026195526123,50.92210388183594,5.342947483062744,50.978816986083984,e7693706-5c1b-49b1-8962-e32ace9604eb
e7dad227-0bc8-495e-be1b-cffa17585400,BE,BE-VLG,locality,,land,Mettekoven,"[[""fr"", ""Matincourt""], [""nl"", ""Mettekoven""]]",True,True,5.279626846313477,50.77351379394531,5.307995796203613,50.791873931884766,69b1e787-65ef-4df6-8691-0c7a7f3108d3
e68be5ae-71a7-454f-95a2-1d00245f0add,BE,BE-WAL,locality,,land,Heure-le-Romain,"[[""fr"", ""Heure-le-Romain""], [""nl"", ""Romaans-Heur""], [""ru"", ""Ёр-Ле-Ромен""], [""wa"", ""Eure-li-Romin""]]",True,True,5.598281383514404,50.71476745605469,5.656203269958496,50.74113464355469,79c208dd-95ac-46a6-ab86-0bafa3270837
4d00d056-a60f-433b-910c-6625d7045878,BE,BE-VLG,locality,,land,Deurne,"[[""ru"", ""Дёрне""]]",True,True,5.077963352203369,51.02411651611328,5.124872207641602,51.04983139038086,c1f88404-53ee-4b28-892f-90416af54f52
8148e58a-d6bf-4c63-90c6-26f1d103741e,BE,BE-VLG,locality,,land,Walsbets,,True,True,5.073897361755371,50.72988510131836,5.101701736450195,50.74718475341797,00858f02-5776-43f6-a114-e7c1faacf1cc
efa7a9ef-cb1f-4052-92d9-5b4ec3d36e20,BE,BE-VLG,locality,,land,Leut,"[[""li"", ""Luit""], [""nl"", ""Leut""]]",True,True,5.710668563842773,50.97703170776367,5.759372711181641,51.00137710571289,a3b7cc9f-68d8-4f1c-9a47-9e162aee79b8
b2632ecd-2200-4ce8-9a02-11eabc0e3aef,BE,BE-VLG,locality,,land,Ophoven,"[[""ru"", ""Опховен""]]",True,True,5.737733364105225,51.11984634399414,5.844854831695557,51.1446533203125,a82ce48d-4d75-4a39-90ba-cc8b8af7094e
17ec992d-0b5b-4676-bad2-26ed858b0ed5,BE,BE-WAL,locality,,land,Lixhe,"[[""fr"", ""Lixhe""], [""nl"", ""Lieze""]]",True,True,5.648253917694092,50.74409484863281,5.697083473205566,50.7773551940918,26c88ff9-1cb0-4870-92d9-c9bc6b738f81
f8631e3d-21e4-4987-8cc7-9a5c99a10c3d,BE,BE-VLG,locality,,land,Wintershoven,,True,True,5.381802082061768,50.843528747558594,5.430619239807129,50.867881774902344,6d2039dc-b6c2-4635-9fee-9d086db93ee8
dba9a476-d48c-4ea9-af81-bc7a6f2371f4,BE,BE-VLG,locality,,land,Koersel,"[[""li"", ""Koersel""], [""nl"", ""Koersel""]]",True,True,5.201435565948486,51.044273376464844,5.344193935394287,51.09556198120117,163df278-2a08-4342-b2f6-7c7af27f6bd0
b02c02f5-758e-458a-8721-45725e089bf6,BE,BE-VLG,locality,,land,Aalst,"[[""fr"", ""Alost""], [""vls"", ""Oalst""], [""ru"", ""Алст""]]",True,True,5.197432994842529,50.7672004699707,5.237651824951172,50.7864875793457,fb8f7aa7-b3cb-4ede-a9b0-dc3b5aa026b2
5945e1ed-2159-4dad-a725-be473f34a457,BE,BE-VLG,locality,,land,Grazen,,True,True,5.114468574523926,50.86246109008789,5.1431145668029785,50.88835525512695,b7e200e2-f0bd-4a29-bb61-8f4d29dbf17e
99000e1c-901e-4364-882b-f7f3ffb8f6f5,BE,BE-WAL,locality,,land,Oupeye,"[[""fr"", ""Oupeye""], [""el"", ""Ουπει""], [""ru"", ""Упей""], [""wa"", ""Oûpêye""]]",True,True,5.593159198760986,50.68136215209961,5.691972255706787,50.75315856933594,864c93ae-4420-4078-acbb-03bb32be054e
9236e3ad-9aca-4ff2-84df-71019eef4974,BE,BE-VLG,locality,,land,Sint-Lambrechts-Herk,"[[""fr"", ""Herck-Saint-Lambert""], [""nl"", ""Sint-Lambrechts-Herk""], [""ru"", ""Синт-Ламбрехтс-Херк""]]",True,True,5.2601141929626465,50.88565444946289,5.348779201507568,50.9215087890625,d95dc030-0174-494d-aa97-b24257a01974
aef62f75-5415-4261-a158-58d9065eb686,BE,BE-VLG,locality,,land,Scherpenheuvel-Zichem,"[[""vls"", ""Scherpnheuvel-Zichem""], [""fr"", ""Montaigu-Zichem""], [""li"", ""Sjerpenheuvel-Zichem""], [""la"", ""Collis Asper-Sichemium""], [""nl"", ""Scherpenheuvel-Zichem""], [""ru"", ""Схерпенхёвел-Зихем""], [""wa"", ""Montagu-Zichem""], [""es"", ""Monteagudo-Zichem""]]",True,True,4.9024248123168945,50.953067779541016,5.022225856781006,51.04613494873047,f9a1c3e9-b747-4d9a-841d-f15d8cc94653
8d6108f1-1b4c-4328-9200-894f629dd987,BE,BE-WAL,locality,,land,Awans,,True,True,5.420712471008301,50.65843200683594,5.491544723510742,50.739105224609375,40677820-48cb-4cc9-bfb8-ccd794581aa9
9f782f7c-a57b-4d09-86a7-dc6af65695d1,BE,BE-VLG,locality,,land,Rumsdorp,,True,True,5.056488990783691,50.76322937011719,5.082831382751465,50.775699615478516,d451e283-3b60-4507-a14a-bda56a4dbcdb
ad0a75b6-4e5a-42ee-b7d7-5ab268341cca,BE,BE-VLG,locality,,land,Halen,"[[""li"", ""Hôle""], [""fr"", ""Halen""], [""nl"", ""Halen""], [""ru"", ""Хален""]]",True,True,5.041506290435791,50.908973693847656,5.139383792877197,50.99880599975586,d8805bf2-d125-40ac-9b1e-8fcdec539bc0
a5e1c468-2da0-484e-b533-64a4477dcaf4,BE,BE-VLG,locality,,land,Ransberg,,True,True,5.019320964813232,50.856014251708984,5.059577941894531,50.89590835571289,f6228929-cfee-474e-b229-92f97597ec92
5c8d453d-1a6d-4c94-997a-bb9b4c127e56,BE,BE-WAL,locality,,land,Mortroux,,True,True,5.734074115753174,50.69552230834961,5.778165817260742,50.72220993041992,f13c8b34-ff0b-483c-85ac-ccbf8143ae68
500d8c6b-7531-4dd0-8c5e-0b8d853b02b3,BE,BE-VLG,locality,,land,Oud-Turnhout,"[[""fr"", ""Vieux-Turnhout""], [""nl"", ""Oud-Turnhout""], [""ru"", ""Ауд-Тюрнхаут""], [""la"", ""Vetus Turnholtum""]]",True,True,4.961883544921875,51.276039123535156,5.057830810546875,51.3638801574707,c3d42f65-7372-48d0-a144-8ba0d4ea6077
4587ae91-9baf-4c5c-846e-af76fc803c36,BE,BE-VLG,microhood,,land,Evenementenplein,,True,True,5.020825386047363,51.080753326416016,5.021235942840576,51.08113098144531,0294e967-ab48-450b-ad32-36815b8a0db1
07f556c7-b3d7-4050-8ca5-1546d71a163b,BE,BE-VLG,locality,,land,Balen,,True,True,5.088713645935059,51.11610794067383,5.262248992919922,51.21141052246094,ea47762d-40f2-48b6-8346-9a930cae331f
45f178ad-236a-44e0-bbf2-b1fe7ffb663a,BE,BE-VLG,microhood,,land,Tuinwijk Beverzak,,True,True,5.358580112457275,50.97246170043945,5.360926628112793,50.97407913208008,829c2b2f-516c-4c50-ac0d-e55682312c04
eb2b13af-0d14-433c-8797-57ebd9b454a6,BE,BE-VLG,locality,,land,Hoeselt,"[[""li"", ""Hoeiselt""], [""nl"", ""Hoeselt""], [""ru"", ""Хуселт""]]",True,True,5.440447807312012,50.81439971923828,5.513576030731201,50.88843536376953,8176fc61-d40c-4960-b6c8-27ab010c28c1
26612907-65b9-4328-ba9e-3a2d1db8cb37,BE,BE-VLG,locality,,land,Goetsenhoven,"[[""fr"", ""Gossoncourt""], [""nl"", ""Goetsenhoven""]]",True,True,4.9318928718566895,50.7520866394043,4.990359783172607,50.78974533081055,ef84f48e-5f8a-4eb9-94a6-1cc578b3fde6
e3107908-bd79-4bfd-81cb-2fb02a1204a9,BE,BE-VLG,locality,,land,Heppen,"[[""ru"", ""Хеппен""]]",True,True,5.201486110687256,51.09586715698242,5.256924629211426,51.13412094116211,c4b4a24f-7400-4cd7-b45b-04cf135ef4ab
bd4204bf-e2c3-4869-b4e6-73fbc8d2690c,BE,BE-VLG,locality,,land,Diets-Heur,"[[""fr"", ""Heure-le-Tixhe""], [""nl"", ""Diets-Heur""]]",True,True,5.467477321624756,50.723533630371094,5.4963459968566895,50.754119873046875,d88068e3-28b2-4caa-9224-bcff3b75111e
7cb41977-f69e-435b-b724-742a4994d411,BE,BE-VLG,locality,,land,Rummen,"[[""fr"", ""Rumigny""], [""nl"", ""Rummen""], [""ru"", ""Рюммен""]]",True,True,5.128407955169678,50.85788345336914,5.188033103942871,50.914024353027344,593737c2-8feb-4b3b-a2f4-b86e38f360cc
00b78f45-35a4-4d8d-be0a-ab9d6d44fde4,BE,BE-VLG,locality,,land,Overhespen,,True,True,5.0105881690979,50.789852142333984,5.049630165100098,50.804561614990234,81e93bdd-065b-45ac-b6d4-3208606ced6a
9c100acb-1208-46ca-8210-f3d8fcf51059,BE,BE-VLG,locality,,land,Mal,,True,True,5.506467342376709,50.76666259765625,5.542423725128174,50.79270553588867,43c88732-07d8-4e64-93ac-8c3848cb0b16
3983870d-01b5-4750-bac8-ff4f2100a68c,BE,BE-VLG,locality,,land,Neerharen,,True,True,5.669177055358887,50.899131774902344,5.724545955657959,50.92050552368164,a2a1f813-8f6d-41a0-92b6-800c86780d41
d41fe5d0-6d54-499b-b5d5-f88194aefd9d,BE,BE-VLG,locality,,land,Buvingen,,True,True,5.156280994415283,50.74044418334961,5.199472427368164,50.760135650634766,64831dc1-ccf0-4aee-a3ef-61133e45163f
a3451b4b-c47f-494c-af25-22d3e00723fc,BE,BE-WAL,locality,,land,Hélécine,"[[""fr"", ""Hélécine""], [""la"", ""Helissemium""]]",True,True,4.925647735595703,50.723472595214844,5.0204877853393555,50.7697868347168,414a267e-a0d4-4a99-8b61-870710520ee7
37c34295-c649-471b-bb77-692d76fd2f65,BE,BE-VLG,locality,,land,Sint-Margriete-Houtem,"[[""fr"", ""Hautem-Sainte-Marguerite""], [""nl"", ""Sint-Margriete-Houtem""], [""wa"", ""Åtem-Sinte-Magrite""]]",True,True,4.931802749633789,50.819679260253906,4.989115238189697,50.8495979309082,671a898e-2c30-4070-9a7a-8eeb2948ae2f
1f9dc028-354c-430b-a8b1-d22a3530c930,BE,BE-WAL,locality,,land,Houtain-Saint-Siméon,"[[""fr"", ""Houtain-Saint-Siméon""], [""el"", ""Ουταιν-Σαιν-Σιμεον""], [""nl"", ""Houtem""], [""ru"", ""Утен-Сен-Симеон""], [""wa"", ""Houtin-Sint-Simeyon""]]",True,True,5.593159198760986,50.72616195678711,5.628380298614502,50.7520637512207,7f24e035-94a2-4587-b637-fd188d8a5a5c
5ceefbdf-4b2a-4f0a-930e-27781e94f8a3,BE,BE-WAL,locality,,land,Gemmenich,"[[""de"", ""Gemmenich""], [""nl"", ""Gemmenich""], [""ksh"", ""Jömelech""], [""ru"", ""Геммених""]]",True,True,5.9361701011657715,50.729209899902344,6.021007537841797,50.762481689453125,960c2051-29ec-423d-9afe-8409a3e1ade9
78c347b4-cc40-4bce-be21-b01cc9086f65,BE,BE-VLG,locality,,land,Klein-Gelmen,"[[""fr"", ""Petite-Jamine""], [""nl"", ""Klein-Gelmen""]]",True,True,5.265860557556152,50.75041961669922,5.290129661560059,50.77919387817383,483b9341-abb6-453a-8e95-7caf4c1f5405
762c5e9f-d076-42d6-b01b-f3be605598f3,BE,BE-VLG,locality,,land,Genoelselderen,,True,True,5.517129898071289,50.79269790649414,5.553074359893799,50.81121063232422,a8698e9e-87de-44c3-8d09-4b5edef8f306
d7037a34-6f20-4414-88ca-6c784e706aad,BE,BE-VLG,locality,,land,Glabbeek,"[[""nl"", ""Glabbeek""], [""ru"", ""Глаббек""]]",True,True,4.905601978302002,50.83120346069336,4.993409156799316,50.901248931884766,711789a3-6437-4e8e-a1b9-de56e1c0ca18
3e00c400-5e2a-4fb0-8ce6-5ab6224470e2,BE,BE-VLG,locality,,land,Herk-de-Stad,"[[""fr"", ""Herck-la-Ville""], [""nl"", ""Herk-de-Stad""], [""ru"", ""Херк-де-Стад""], [""la"", ""Herk-de-Urbs""]]",True,True,5.1166791915893555,50.89248275756836,5.229968070983887,50.97126007080078,0b445183-8266-42ef-ac13-d7cd50e2545f
0e2106c7-330d-425e-ac0e-f0d73fea2b7a,BE,BE-VLG,locality,,land,Opoeteren,"[[""ru"", ""Опутерен""]]",True,True,5.607320308685303,51.018775939941406,5.6777215003967285,51.08824920654297,30735a5b-849e-48ae-b27b-7e356894c30c
d550b1c4-2875-4568-9973-d94f4af3125c,BE,BE-VLG,locality,,land,Oostham,,True,True,5.157083034515381,51.07701873779297,5.230350017547607,51.14059829711914,7947d585-417f-42bf-b54c-8a4e247b9473
79a5a827-3e2d-4060-94dd-2d1754bd3d35,BE,BE-WAL,locality,,land,Orp-le-Grand,"[[""fr"", ""Orp-le-Grand""]]",True,True,4.965706825256348,50.68342971801758,5.017329216003418,50.72505569458008,55b537bc-2144-4e30-a95b-35b4050ea0ba
3b0d51f4-509b-49d7-bd05-5a027efeb2bd,BE,BE-WAL,locality,,land,Oreye,"[[""fr"", ""Oreye""], [""nl"", ""Oerle""], [""wa"", ""Oreye""], [""ru"", ""Оре""]]",True,True,5.303929805755615,50.699405670166016,5.39447021484375,50.74797058105469,15d89b4e-39a4-4b73-abf0-3f8669caa8f9
3dd1e06a-cd09-4143-a8fc-4e8db8b72a42,BE,BE-VLG,locality,,land,Kleine-Brogel,"[[""ru"", ""Клейне-Брогел""]]",True,True,5.436184406280518,51.15570831298828,5.488701820373535,51.18949890136719,9112d9da-ccbe-4d84-b87e-7941ffee9680
80e8f9f6-c40a-4edb-b738-db40b3f9c8be,BE,BE-VLG,neighborhood,,land,Engelmanshoven-Gelinden,,True,True,5.231834888458252,50.762168884277344,5.272558689117432,50.78325271606445,851786c2-a74e-4d03-9196-f30ce8d78f44
fc884304-57ea-4bdb-89b5-0e87acfa4e74,BE,BE-VLG,locality,,land,Nerem,"[[""wa"", ""Nedrin""]]",True,True,5.491822242736816,50.74074935913086,5.524547576904297,50.77790451049805,03cd0cf4-bb2e-429a-92d2-b5f1592fbab2
105b46bd-be27-44fc-a948-9c2a76044c80,BE,BE-VLG,locality,,land,Sint-Huibrechts-Hern,,True,True,5.429116725921631,50.81373596191406,5.466975212097168,50.840576171875,2e6641c3-163d-4c4d-a7c9-5d1a822393a3
6c5522b0-8e0e-46da-9d78-b12bf96c7a25,BE,BE-VLG,locality,,land,Ellikom,"[[""li"", ""Elekom""], [""nl"", ""Ellikom""], [""ru"", ""Элликом""]]",True,True,5.510035514831543,51.114524841308594,5.551297187805176,51.14635467529297,2f1e0db7-765b-48c8-8960-3e350102e52b
efc92a19-f0f4-4b82-a70e-b1dae1ae7c4d,BE,BE-VLG,locality,,land,Neeroeteren,"[[""ru"", ""Нерутерен""]]",True,True,5.659607887268066,51.059226989746094,5.745704650878906,51.12986755371094,4dca46ea-244b-4026-8fa6-f978ab0992f1
fa3b1769-89ee-47bd-85b1-505b1daa8eb5,BE,BE-VLG,locality,,land,Jesseren,,True,True,5.375507831573486,50.794464111328125,5.403773307800293,50.81999206542969,615f5326-a527-4dae-b691-6c23bb2f4081
ff360af6-c630-48da-84c0-5ff8a1b63c62,BE,BE-VLG,neighborhood,,land,Godsheide,,True,True,5.356907844543457,50.92148971557617,5.407596111297607,50.940826416015625,8c15d536-65e9-4aac-976e-e599c4ea615b
bd68c3fb-ed00-452d-b44a-35cae2239704,BE,BE-VLG,locality,,land,Neerpelt,"[[""ru"", ""Нерпелт""]]",True,True,5.399476528167725,51.18203353881836,5.489506244659424,51.276405334472656,a023ec4a-48fb-44be-900e-9cad72b8525e
c1aa9315-d60f-47d2-9a53-325e07e51553,BE,BE-VLG,locality,,land,Webbekom,,True,True,5.026378631591797,50.94276428222656,5.085163593292236,50.986968994140625,ea450587-0b35-42db-ad2b-236d2aaa34e6
8656cd15-a235-4809-afdf-52e2e2a17bff,BE,BE-VLG,locality,,land,Lanaken,"[[""nl"", ""Lanaken""], [""ru"", ""Ланакен""]]",True,True,5.570530891418457,50.833248138427734,5.724545955657959,50.94452667236328,5f1829b6-2339-46e8-9e2d-6eed090f1227
e7b67921-f303-4ebe-aab5-d02461e66ef4,BE,BE-WAL,locality,,land,Montzen,"[[""ru"", ""Монцен""]]",True,True,5.915163040161133,50.67850112915039,5.982015132904053,50.739463806152344,5b0ea3e1-9b77-416a-9479-00cea430f4b1
ad466860-936d-40b4-972b-4e89ed40defe,BE,BE-VLG,locality,,land,Retie,"[[""fr"", ""Réthy""], [""nl"", ""Retie""], [""ru"", ""Рети""]]",True,True,5.0162811279296875,51.21818923950195,5.159069538116455,51.2977409362793,05bc9796-c9c0-4141-a62b-bb674ff9e867
8d1a849f-d4cb-4edc-bfb0-b71c4e37ed88,BE,BE-VLG,locality,,land,Duras,"[[""ru"", ""Дюрас""]]",True,True,5.134549617767334,50.82503890991211,5.163631916046143,50.843360900878906,7a472e35-5497-49a4-9630-cd83afb84462
c83e125b-4858-4150-8c32-4c5d3a858b86,BE,BE-VLG,locality,,land,Eisden,"[[""li"", ""Aësde""], [""nl"", ""Eisden""], [""ru"", ""Эйсден""]]",True,True,5.660201549530029,50.974666595458984,5.736080169677734,51.004032135009766,0c447677-11b9-436d-95bb-b817dc15e25e
e09d5b3c-a991-40c5-9813-27246040c6ae,BE,BE-VLG,locality,,land,Kaggevinne,,True,True,5.011833667755127,50.96421813964844,5.045041561126709,50.991512298583984,68495cde-5e6a-49af-9f88-683d9f774cac
f1389e28-6e3c-43e3-868a-6d213141a696,BE,BE-WAL,locality,,land,Neufchâteau,"[[""fr"", ""Neufchâteau""], [""ru"", ""Нёшато""]]",True,True,5.754496097564697,50.69533920288086,5.802066326141357,50.73350143432617,52b95bd9-a732-45f8-a4e6-e68c8bb8e0ee
91612c91-a952-48a1-84b7-97e0e6bca8de,BE,BE-VLG,locality,,land,Veldwezelt,,True,True,5.598842620849609,50.833248138427734,5.6472015380859375,50.87505340576172,d725078c-4ea1-45fa-b5e2-0719073c040d
ca800025-2ec9-4f3a-9d4e-6059170956e3,BE,BE-VLG,locality,,land,Niel-bij-Sint-Truiden,"[[""fr"", ""Niel-lez-Saint-Trond""]]",True,True,5.125292778015137,50.7315673828125,5.161116600036621,50.74977493286133,42b73a65-461e-4ec5-955d-5c5de8b322c6
ffc65be0-3a78-4025-a68b-fcb576969aed,BE,BE-VLG,locality,,land,Millen,"[[""wa"", ""Melén-e-Limbork""], [""ru"", ""Миллен""]]",True,True,5.531567096710205,50.7635498046875,5.5889692306518555,50.80305480957031,4d433c74-fb73-41c5-bce3-5e49e5aaacc3
26dfcb6d-3f25-4fe7-a752-c84d8517518c,BE,BE-VLG,locality,,land,Spalbeek,,True,True,5.212125778198242,50.92442321777344,5.238785266876221,50.966941833496094,666c848f-f984-49ab-a94a-b9520349c8e0
bf2eaee9-8ff1-4448-b187-2c97241ae482,BE,BE-VLG,locality,,land,Sint-Pieters-Voeren,"[[""fr"", ""Fouron-Saint-Pierre""], [""nl"", ""Sint-Pieters-Voeren""], [""li"", ""S'n Pieëter""], [""de"", ""Sankt Petersvuren""]]",True,True,5.811903476715088,50.71368408203125,5.8482346534729,50.74352264404297,e739b737-a4fb-4f64-8588-cd75c9cd317e
94e04fc4-fa83-4cd8-b126-8366b6a14d72,BE,BE-WAL,locality,,land,Kelmis - La Calamine,"[[""fr"", ""La Calamine""], [""li"", ""Kellemes""], [""ksh"", ""Kelmes""], [""la"", ""Calmis""], [""nl"", ""Kelmis""], [""de"", ""Kelmis""], [""ru"", ""Кельмис""], [""wa"", ""Calmène""]]",True,True,5.981735706329346,50.69150924682617,6.0615692138671875,50.75428771972656,c0de7288-5dbf-4341-a5ad-5d782638f3f3
98f73508-fe4f-4e3b-a6a5-ecff27543ebd,BE,BE-VLG,locality,,land,Heusden-Zolder,"[[""li"", ""Heuze-Zolder""], [""nl"", ""Heusden-Zolder""], [""ru"", ""Хёсден-Золдер""]]",True,True,5.224275588989258,50.97517776489258,5.351954936981201,51.072669982910156,80096da1-5b12-45d8-b70d-f10e601ce93e
73f43444-f9f5-4963-a636-8c87f63ab72c,BE,BE-VLG,locality,,land,Bilzen,"[[""hy"", ""Բիլզեն""], [""uk"", ""Білзен""], [""li"", ""Bilze""], [""la"", ""Belisia""], [""nl"", ""Bilzen""], [""bg"", ""Билзен""], [""ko"", ""빌전""], [""ru"", ""Билзен""], [""th"", ""บิลเซิน""], [""sr-Cyrl"", ""Билзен""], [""he"", ""בליצן""], [""be"", ""Білзен""], [""ja"", ""ビルゼン""], [""lt"", ""Bilzenas""], [""fa"", ""بیلزان""], [""zh"", ""比尔曾""]]",True,True,5.482035160064697,50.85179138183594,5.54055643081665,50.91548538208008,d4b8951f-2af5-46f3-b84b-68958582c219
08c3fe45-ff81-49e8-b3e9-1159c5384184,BE,BE-VLG,locality,,land,Reppel,"[[""ru"", ""Реппел""]]",True,True,5.532325744628906,51.13053512573242,5.579128265380859,51.16346740722656,96e77d61-c355-457c-afc1-99c43880e61c
815a8308-0dc2-446d-82a7-e8633a8e53f6,BE,BE-WAL,locality,,land,Orp-Jauche,"[[""pcd"", ""Ou-Djauche""], [""fr"", ""Orp-Jauche""], [""ru"", ""Орп-Жош""], [""wa"", ""Oû-Djåce""]]",True,True,4.911258697509766,50.63956069946289,5.017329216003418,50.74174118041992,c278461c-9590-445d-9df9-c13c4d47f2b4
379e1702-eeaa-44ae-985f-be8f18e60828,BE,BE-VLG,locality,,land,Hendrieken,,True,True,5.319854736328125,50.79093551635742,5.33806037902832,50.80363464355469,60ced384-7623-4d23-9762-d14a37f0627b
a9c7191f-d7b2-41b8-a1f0-dcff31c9d3a7,BE,BE-VLG,locality,,land,Kerkom-bij-Sint-Truiden,"[[""fr"", ""Kerckom-lez-Saint-Trond""], [""nl"", ""Kerkom-bij-Sint-Truiden""], [""vls"", ""Kerkom-by-Sint-Truudn""]]",True,True,5.15568208694458,50.7639045715332,5.201770305633545,50.783119201660156,ab538b50-627f-46f7-8cce-c2c0ce68b978
a771852c-5529-485f-be98-914c4eb61488,BE,BE-VLG,locality,,land,Hoepertingen,"[[""wa"", ""Houpertindje""]]",True,True,5.261302471160889,50.79130172729492,5.306181907653809,50.831825256347656,a6023d6a-3980-40a7-8ae4-ca6918ce6b0d
e21a1658-226e-48ad-aa99-2686e5b85b6e,BE,BE-WAL,locality,,land,Villers-l'Évêque,"[[""ru"", ""Виллер-л'Эвек""]]",True,True,5.421121597290039,50.687957763671875,5.465286731719971,50.722572326660156,477850d8-db1b-4283-af92-37dab155fd5c
7f70da0d-5833-43fc-98e8-59b0758fee5e,BE,BE-VLG,locality,,land,Achel,"[[""ru"", ""Ахел""]]",True,True,5.438390254974365,51.23881530761719,5.51513147354126,51.3001708984375,b3f94eb8-be79-44a2-b7b4-72db874daac6
1e7eb7cb-70fd-46f2-9858-4ba44e55941d,BE,BE-WAL,locality,,land,Eben-Emael,"[[""fr"", ""Ében-Émael""], [""nl"", ""Eben-Emael""], [""ru"", ""Эбен-Эмаль""]]",True,True,5.635972023010254,50.770233154296875,5.687193393707275,50.80775833129883,22b1cec7-d5ee-4fe4-9d63-b1255e3d2e61
7f926396-e550-4586-b5ad-7bbe4d55b0fe,BE,BE-WAL,locality,,land,Lanaye,"[[""fr"", ""Lanaye""], [""nl"", ""Ternaaien""], [""li"", ""Ternejje""], [""wa"", ""Li Nåye""]]",True,True,5.672977924346924,50.76936721801758,5.698823928833008,50.8121223449707,3ec8f337-e4e2-452a-b72e-7adf4bd902f0
a60c3627-08d9-48e4-8b15-d38334b6feb4,BE,BE-VLG,locality,,land,Overrepen,,True,True,5.400336742401123,50.79579162597656,5.437513828277588,50.81920623779297,3fb5af7b-8039-43b6-bfb2-46c2afdce06e
95cf04a8-6546-4b4d-8c92-bbeee5e56cfa,BE,BE-VLG,microhood,,land,Hertogin Van Brabantplein,,True,True,5.2593092918396,51.11674118041992,5.259921073913574,51.11707305908203,22a721db-604f-4d01-8697-2eb79c4c62cd
3e23e229-6c12-4961-a08b-cc69e1f18a81,BE,BE-WAL,locality,,land,Bertrée,"[[""ru"", ""Бертре""]]",True,True,5.082061290740967,50.68297576904297,5.1074042320251465,50.70665740966797,00ac7942-f131-422d-a189-9edf9c0cfaa0
74c10fdf-92f9-4e51-86fd-3ec8d1a20bb8,BE,BE-VLG,locality,,land,Gerdingen,,True,True,5.546452522277832,51.10748291015625,5.597005844116211,51.15327072143555,0fe43bd0-c645-489f-b3c5-62a40c3ba9d5
5afedf2b-f5ba-4c97-8626-c36460d9532f,BE,BE-VLG,locality,,land,Kuttekoven,,True,True,5.318347930908203,50.80376434326172,5.3416666984558105,50.82477569580078,34f73f85-e933-4fb7-8cf7-0d2df3ec3458
c7744538-f599-4312-8319-38c91e1f91bc,BE,BE-VLG,locality,,land,Geetbets,"[[""li"", ""Bets""], [""nl"", ""Geetbets""], [""ru"", ""Гетбетс""]]",True,True,5.06545877456665,50.85788345336914,5.188033103942871,50.921546936035156,d342c24b-f17c-4a26-9d5d-7cf168a60e5e
5bf8ffe2-d61b-4f92-8bc6-83582bc563dc,BE,BE-VLG,locality,,land,Kersbeek-Miskom,,True,True,4.969198703765869,50.87395477294922,5.048652648925781,50.91270446777344,66347534-01a1-4e39-9842-8322c9dbdc61
2a65fc64-2c3e-48ed-b3d0-8561ba93c0ba,BE,BE-VLG,neighborhood,,land,Schelfheide,,True,True,5.17094087600708,50.85600662231445,5.194877624511719,50.88617706298828,e2e21a15-022d-44f5-ae74-6973fe1a70ed
07deb9d2-b854-4f96-8cf0-87ce61e385fc,BE,BE-VLG,locality,,land,Elen,"[[""ru"", ""Элен""]]",True,True,5.699148654937744,51.05636978149414,5.801167964935303,51.082359313964844,f8713600-6cd5-465a-b1b6-f0e165c47e38
81cc201c-b9cd-4a21-a4ab-9eba246b5fbf,BE,BE-VLG,locality,,land,Budingen,,True,True,5.043391227722168,50.84611129760742,5.120085716247559,50.884674072265625,2c776d58-3105-4520-aa01-35dfcf35d6f8
49b1b3fe-4712-4637-9a39-4bc3cb907e68,BE,BE-WAL,locality,,land,Bassenge,"[[""fr"", ""Bassenge""], [""nl"", ""Bitsingen""], [""wa"", ""Bassindje""], [""ru"", ""Басанж""]]",True,True,5.519280433654785,50.730499267578125,5.687193393707275,50.80775833129883,bd7f1537-9c63-410e-9565-c9eb4ce0a251
3f30babc-fff8-45ab-bf7e-c0a29c36e925,BE,BE-WAL,locality,,land,Trembleur,,True,True,5.706002235412598,50.664493560791016,5.744556903839111,50.707340240478516,be97c72f-c362-48e6-9705-065b2bac035f
40ff40bd-5ac6-45ac-893a-80752ffa6dfa,BE,BE-VLG,locality,,land,Neerlanden,,True,True,5.055067539215088,50.770320892333984,5.096716403961182,50.793846130371094,e9249fee-4699-467e-82c9-cbd0d6df382b
aac09d5e-950f-4acb-a969-a03c07f2081f,BE,BE-VLG,neighborhood,,land,Malpertuus,,True,True,5.363373279571533,50.93991470336914,5.414939880371094,50.959197998046875,8684a334-07ad-4ca1-96d2-624d05672aca
491a6596-2e71-4a28-af88-b3c52cd9faec,BE,BE-WAL,locality,,land,Thys,,True,True,5.368517875671387,50.71202850341797,5.402752876281738,50.73546600341797,729a7a83-8b4e-475e-9182-73c698fd226d
8955fe1c-39f2-4f34-abba-af9b733b2f93,BE,BE-VLG,locality,,land,Kermt,"[[""ru"", ""Кермт""]]",True,True,5.232323169708252,50.93299865722656,5.279261589050293,50.973323822021484,f9594bdd-2894-4e77-9c1c-628ddcec05c8
2069943b-acd3-4461-820c-a462d5ed3c41,BE,BE-VLG,locality,,land,Kortenaken,"[[""nl"", ""Kortenaken""], [""ru"", ""Кортенакен""]]",True,True,4.969198703765869,50.84555435180664,5.0920329093933105,50.932594299316406,1b72b415-c6cd-4ab7-a1d4-4c5dd8ae03c1
a895d04a-5234-491d-b72d-8c0736028080,BE,BE-VLG,locality,,land,Gotem,,True,True,5.290801048278809,50.79130172729492,5.31992244720459,50.81062316894531,3d5b6094-48d7-4cc2-879e-4222c907573f
0f8baabf-d679-4f32-8617-abcc67ccea0f,BE,BE-WAL,locality,,land,Vivegnis,"[[""fr"", ""Vivegnis""], [""el"", ""Βιβενις""], [""ru"", ""Вивеньи""], [""wa"", ""Vivgni""]]",True,True,5.624298572540283,50.68136215209961,5.674012184143066,50.7080078125,df94ca21-583f-4550-b886-257abfef42af
e2b85123-bde5-447a-bf80-a473cebaac8f,BE,BE-WAL,locality,,land,Aubel,"[[""fr"", ""Aubel""], [""wa"", ""Åbe""], [""ru"", ""Обель""]]",True,True,5.798389911651611,50.67624282836914,5.92233943939209,50.717506408691406,1174a308-67cf-45a9-b3df-2c9deb2e7c47
71fc7af6-f99a-43fc-9afe-41884c5e0a05,BE,BE-VLG,locality,,land,Drieslinter,"[[""ru"", ""Дрислинтер""]]",True,True,5.03031063079834,50.82857131958008,5.076595783233643,50.86106872558594,8a7a1e76-4d09-42e6-8adc-a26637b48dd1
9335b2b0-2e9f-43fa-bf86-13cf36bd5c64,BE,BE-VLG,locality,,land,Waasmont,"[[""fr"", ""Wamont""], [""nl"", ""Waasmont""]]",True,True,5.044008731842041,50.714599609375,5.079409599304199,50.73756790161133,3f7b586b-7caf-4b3b-8584-007a1571da3d
c0b4f9de-fd2e-4831-ad72-10c3a2605868,BE,BE-WAL,locality,,land,Visé,"[[""fr"", ""Visé""], [""li"", ""Waezet""], [""la"", ""Visetum""], [""nl"", ""Wezet""], [""de"", ""Weset""], [""ru"", ""Визе""], [""wa"", ""Vizé""]]",True,True,5.648253917694092,50.67116928100586,5.72523832321167,50.8121223449707,396e4093-99a0-4d31-ad75-a85cfb3af5c9
28f7fa1e-fd43-4dea-8bc7-4eb0653e3f7f,BE,BE-VLG,locality,,land,Hamont-Achel,"[[""nl"", ""Hamont-Achel""], [""ru"", ""Хамонт-Ахел""]]",True,True,5.438390254974365,51.209930419921875,5.5603108406066895,51.3001708984375,a0d895a7-8abd-4fde-aaa3-e89b9278e98d
e874de39-6999-4e75-abb9-14cf8ec26d53,BE,BE-WAL,locality,,land,Feneur,,True,True,5.701481342315674,50.698551177978516,5.720571517944336,50.71376419067383,5c8c4c54-3e81-4beb-864e-9e444c036f4e
0ddc8487-125a-4fde-99bb-583365217fa8,BE,BE-WAL,locality,,land,Avernas-le-Bauduin,,True,True,5.054675579071045,50.682777404785156,5.085938930511475,50.716148376464844,a5270cf2-6995-4a2d-89bc-b36c67ff6784
2c4f4159-107a-42bb-a007-fafb4686fd40,BE,BE-VLG,locality,,land,Gingelom,,True,True,5.101531982421875,50.69542694091797,5.243955612182617,50.770240783691406,7af46c28-b98d-4d30-a2d6-57127991c3b1
12ef8c1f-cb0f-4afe-af49-a3dc1d3d5788,BE,BE-WAL,locality,,land,Milmort,"[[""ru"", ""Мильмор""]]",True,True,5.579934597015381,50.680381774902344,5.612576007843018,50.70266342163086,f9c99a45-8b4d-4938-8b57-8b67afc0d643
018c26b0-547f-4458-be81-6ba7cebddb11,BE,BE-VLG,locality,,land,Horpmaal,"[[""ru"", ""Хорпмал""]]",True,True,5.315977096557617,50.73781967163086,5.3535075187683105,50.76923751831055,423cd84d-39e7-4725-afc3-e8d511036b61
e4aea639-5ea3-4d11-86c1-22794885a8ac,BE,BE-VLG,locality,,land,Engelmanshoven,,True,True,5.231834888458252,50.762168884277344,5.272558689117432,50.78325271606445,acdf71e9-7415-4245-aa00-fca1f585d8b1
41480c2a-996b-489b-b070-4b9cb6f256a1,BE,BE-VLG,locality,,land,Kleine-Spouwen,,True,True,5.527474880218506,50.831974029541016,5.564854145050049,50.85197067260742,63fed370-f33a-4f9a-af7b-da72c1316e4e
fda17647-7623-4bd1-86bf-4ad1a5c96b22,BE,BE-VLG,locality,,land,Kortessem,,True,True,5.352457046508789,50.84043502807617,5.412449836730957,50.88345718383789,27ffecb0-4a4e-47b2-a950-0f410ddf6525
a653d76f-5178-4392-b0d2-a547ced2c96d,BE,BE-VLG,locality,,land,Widooie,"[[""wa"", ""Bidoye""], [""fr"", ""Widoye""]]",True,True,5.3890485763549805,50.755348205566406,5.427353858947754,50.78200149536133,4e450fc8-b3a3-4c87-a08e-03a260986342
8d055e3a-276f-4fef-8082-4ab4929dc909,BE,BE-WAL,locality,,land,Cras-Avernas,"[[""ru"", ""Краз-Аверна""]]",True,True,5.09585428237915,50.68810272216797,5.1504106521606445,50.70975112915039,4e1f87fa-5395-4118-ad39-f09e2a5f5cfb
e531be68-3dee-4fb0-855e-b597a324a62c,BE,BE-VLG,locality,,land,Wilderen,,True,True,5.130311012268066,50.809051513671875,5.161320686340332,50.826316833496094,2ef9e72c-59ae-43cd-aea3-0db3bb898ee2
e73607ee-70ea-4abe-a271-1fc4167a2620,BE,BE-VLG,locality,,land,Poppel,"[[""mk"", ""Попел""], [""ru"", ""Поппел""]]",True,True,4.998061180114746,51.41403579711914,5.104572772979736,51.48725891113281,668d15da-4179-4b30-80b1-851e06ba1799
9f1144bd-1af0-48cb-b897-1a16a1d32750,BE,BE-VLG,locality,,land,Ravels,"[[""ru"", ""Равелс""]]",True,True,4.9278564453125,51.352725982666016,5.104572772979736,51.48725891113281,df4ffc7f-838a-45a4-8165-d6c54909b633
f2134e33-4ad7-4acd-8dda-a8d363b83eb1,BE,BE-VLG,locality,,land,Weelde,,True,True,4.9278564453125,51.38285446166992,5.088214874267578,51.44035339355469,d51579f9-a59b-4837-9567-6c3b691b5ba0
