GERS ID,Country (ISO),Region (ISO 3166-2),Subtype,Admin Level,Class,Primary Name,Common Names (JSON),Is Land,Is Territorial,BBox xmin,BBox ymin,BBox xmax,BBox ymax,Division ID
89515af2-fdf3-4263-9592-3c839e34b5b7,TN,TN-71,locality,,land,السويطير,"[[""ar"", ""السويطير""], [""fr"", ""Es-Souitir""]]",True,True,8.18912124633789,34.503639221191406,8.460615158081055,34.65532302856445,67c2e2a6-95a1-4938-a92c-2d0ac4ad3457
455b5e0d-2c89-48af-a338-bdc9f4cac68b,TN,TN-71,locality,,land,وادي الأرطة,"[[""ar"", ""وادي الأرطة""], [""fr"", ""Oued El Arta""]]",True,True,8.32906436920166,34.33213424682617,8.443077087402344,34.41481018066406,8e233176-ea44-48c5-80d5-02719646f096
9f1e4061-1c04-409f-aded-1d6ae5c4753c,TN,TN-72,locality,,land,الواحة,"[[""ar"", ""الواحة""], [""fr"", ""El Ouaha""]]",True,True,7.700098991394043,33.50693130493164,7.929184913635254,33.87800216674805,98957a6e-0724-4cac-924c-d5a179365ad4
f80fa753-ee20-48d5-b01d-07d2c34dc0e4,TN,TN-33,locality,,land,بوجابر,"[[""ar"", ""بوجابر""], [""fr"", ""Bou Jabeur""]]",True,True,8.258159637451172,35.691551208496094,8.342718124389648,35.78890609741211,64e075cc-9de6-4f15-9117-f30cd012b4ba
de1f24ae-d1f7-44d6-809c-84f74452a5fb,TN,TN-71,locality,,land,الرديف الشمالية,"[[""ar"", ""الرديف الشمالية""], [""fr"", ""Redeyef Nord""]]",True,True,8.073779106140137,34.37058639526367,8.154723167419434,34.413700103759766,00110546-f9c1-4309-8473-81e6384da6f2
021b3a7b-3f06-4356-b9f6-82d541cbd0e4,TN,TN-72,locality,,land,مسغونة,"[[""ar"", ""مسغونة""], [""fr"", ""Masghouna""]]",True,True,8.128645896911621,33.918697357177734,8.135889053344727,33.92263412475586,ca96ca54-1372-4545-af27-66fc3bda6ae3
cc1dcfa0-7262-41c9-8380-ce4dfb5739d1,TN,TN-71,locality,,land,الثالجة,"[[""ar"", ""الثالجة""], [""fr"", ""Thalja""]]",True,True,8.379373550415039,34.30032730102539,8.40994644165039,34.3162727355957,bceb0e49-d19a-4985-a764-894980b52bde
913bded7-22a8-4f30-9b99-332d8239e58f,TN,TN-71,locality,,land,كريشة النعام,"[[""ar"", ""كريشة النعام""], [""fr"", ""Krichet Naam""]]",True,True,8.146379470825195,34.16887664794922,8.348831176757812,34.36708068847656,3b7599fa-c6e9-4521-9a71-e1c35ddf3ceb
aae061ab-31af-462f-abed-beaf36dc1b18,TN,TN-72,locality,,land,تمغزة,"[[""ar"", ""تمغزة""], [""fr"", ""Tameghza""], [""uk"", ""Тамеґза""], [""de"", ""Tamerza""], [""ru"", ""Тамегза""], [""en"", ""Tamerza""], [""kab"", ""Tameɣza""]]",True,True,7.913168907165527,34.3454475402832,7.999707221984863,34.41317367553711,5ade0adf-0953-4a8f-9413-4784908e98ec
3c77757c-d376-405e-a549-506501bdd129,TN,TN-72,locality,,land,حزوة,"[[""ar"", ""حزوة""], [""fr"", ""Hazoua""], [""en"", ""Hazwa""], [""de"", ""Hazwa""]]",True,True,7.561314582824707,33.70594787597656,7.726653099060059,33.824073791503906,9ae0485a-f110-4a94-8e51-bcd5333afc0e
e625ef32-bdd2-43e9-9a67-51d0449a9ed4,TN,TN-72,locality,,land,الهوادف,"[[""ar"", ""الهوادف""], [""fr"", ""El Haouadef""]]",True,True,8.13605785369873,33.71767044067383,8.317756652832031,33.96354293823242,7239d4c6-eb72-4da6-a449-83c999e5aa6b
1e847679-ec28-45fa-ad5d-cdc0f2230afe,TN,TN-72,locality,,land,شبيكة الجريد,"[[""ar"", ""شبيكة الجريد""], [""fr"", ""Chebika du Jérid""], [""en"", ""Chebika du Jerid""], [""ru"", ""Чебика""]]",True,True,7.53026008605957,34.05255889892578,8.078636169433594,34.37957000732422,d16cfde7-96ae-4e47-8f5b-734f2b0fdb2f
ae3b5be3-7f39-44f9-a6a4-338229df2aad,TN,TN-72,locality,,land,الإزدهار,"[[""ar"", ""الإزدهار""], [""fr"", ""El Ezdihar""]]",True,True,8.109737396240234,33.921592712402344,8.15781307220459,33.99363327026367,7362f7e9-508e-4ada-97bc-96af248b50d3
c3f1e21f-02a9-4dde-a3c5-86c2993a4f6c,TN,TN-33,locality,,land,قلعة سنان,"[[""ar"", ""قلعة سنان""], [""fr"", ""Kalâat Snan""], [""en"", ""Kalaat es Senam""], [""ru"", ""Калъат-эс-Сенам""]]",True,True,8.310928344726562,35.72996139526367,8.4008207321167,35.80858612060547,559148fc-bd65-469f-af92-e3962cc473d4
ab3cda7f-8ef3-4d8b-b047-e7c5d38df267,TN,TN-32,locality,,land,الصرية,"[[""ar"", ""الصرية""], [""fr"", ""Esraya""]]",True,True,8.15481948852539,36.43415832519531,8.345962524414062,36.4920539855957,cdf5f5fc-1860-4b58-8b5a-83bba5081ab0
16bb7191-a863-4a38-811f-54866744746f,TN,TN-42,locality,,land,العرعار,"[[""ar"", ""العرعار""], [""fr"", ""El Araar""]]",True,True,8.290790557861328,34.8606071472168,8.442506790161133,34.979652404785156,86bd51db-6f94-420e-9a86-5c583bdef0e2
0e509aca-7ae0-4a59-ad6b-2a2bfb76d23d,TN,TN-72,locality,,land,الشابية,"[[""ar"", ""الشابية""], [""fr"", ""Ech-Chabia""]]",True,True,8.008031845092773,33.86664962768555,8.130208015441895,33.921539306640625,2e9bd992-3d86-4d5d-b7b8-721e09b3e047
ef47c494-e372-4bf1-9794-3199021cd561,TN,TN-72,locality,,land,حي المطار,"[[""ar"", ""حي المطار""], [""fr"", ""Cite L'Aeroport""]]",True,True,7.960594177246094,33.89945983886719,8.139047622680664,34.166072845458984,36538520-c585-4e48-80bb-ef3440a9b2c4
166c6319-e89e-4379-9020-e43be319a0eb,TN,TN-71,locality,,land,الرديف المحطة,"[[""ar"", ""الرديف المحطة""], [""fr"", ""Redeyef Gare""]]",True,True,8.077922821044922,34.25305938720703,8.246960639953613,34.485931396484375,6e46b74f-d8fd-40e4-8bc0-d3b175425574
cffc8b60-e0ea-42ee-b810-78161b473074,TN,TN-33,locality,,land,الحميمة,"[[""ar"", ""الحميمة""], [""fr"", ""El Hamaïma""]]",True,True,8.302931785583496,35.86051559448242,8.393003463745117,35.978050231933594,fb86d21f-d8d9-47db-8af4-40744bb06488
52be97e0-2a22-44c4-bb40-973d81e9bbcc,TN,TN-72,locality,,land,الزبدة,"[[""ar"", ""الزبدة""], [""fr"", ""Ez-Zebda""]]",True,True,8.130339622497559,33.91813659667969,8.137080192565918,33.92122268676758,a52c260e-dc61-4094-83b2-639cd6fd9291
198e7860-bf80-4d45-93a4-145b2d3abef4,TN,TN-71,locality,,land,أم الأقصاب,"[[""ar"", ""أم الأقصاب""], [""fr"", ""Oum El Aksab""]]",True,True,8.237126350402832,34.6514892578125,8.409481048583984,34.732810974121094,afe28174-4863-4bbc-acad-26a1faa26193
d657c65f-6e68-4b17-b79c-8f1c05253d3a,TN,TN-32,locality,,land,وشتاتة,"[[""ar"", ""وشتاتة""], [""fr"", ""Ouechtata""]]",True,True,8.153651237487793,36.473106384277344,8.32986831665039,36.53865432739258,e33764d6-966b-4af4-bff9-916ad822342c
98fe4145-abd7-45cc-bee6-32fa447a7397,TN,TN-71,locality,,land,حي الامل الشرقي,"[[""ar"", ""حي الامل الشرقي""], [""fr"", ""Cite El Amel Est""]]",True,True,8.401610374450684,34.31855773925781,8.410622596740723,34.32916259765625,b4bea96d-6f4e-4f5d-975b-1fcbdc4c72b5
b63314bf-1435-4a80-afa5-5d8c0e7b95d8,TN,TN-72,locality,,land,سبع آبار,"[[""ar"", ""سبع آبار""], [""fr"", ""Sabaa Abar""], [""en"", ""Sabaa Abar""]]",True,True,8.212076187133789,33.779876708984375,8.408994674682617,34.022090911865234,a17d5419-91a2-41bb-ad36-79a4e074ccb6
d16eb851-cf8a-4f7d-82ea-fb7f56b9a773,TN,TN-72,locality,,land,حطام,"[[""ar"", ""حطام""], [""fr"", ""Hattem""]]",True,True,7.521979808807373,33.77765655517578,7.756975173950195,34.10768127441406,c3f19a61-6bf9-406e-b385-dc3a811904ee
a464ae6c-833d-4063-81f9-7b4ebe33b15e,TN,TN-72,county,2,land,معتمدية توزر,"[[""ar"", ""معتمدية توزر""], [""fr"", ""Délégation Tozeur""]]",True,True,7.960594177246094,33.66011428833008,8.317756652832031,34.166072845458984,cfaf553a-08da-419f-b717-034e76620159
0900ff99-2072-4ebb-ae1b-1b8df9aee409,TN,TN-33,locality,,land,الصفصاف,"[[""ar"", ""الصفصاف""], [""fr"", ""Safsaf""]]",True,True,8.305336952209473,35.615943908691406,8.435632705688477,35.7320556640625,bae33636-cb54-4b0d-a60c-6a46c922ffb0
5f2596a4-7447-40dd-97af-755711a9dcc3,TN,TN-73,locality,,land,المطروحة,"[[""en"", ""Matrouha""], [""ar"", ""المطروحة""], [""fr"", ""Matrouha""]]",True,True,7.7781805992126465,33.3474006652832,7.786619663238525,33.352134704589844,48c642e5-d45c-4206-93ff-38bf648ec671
6bfa15e5-1256-4252-ab1b-3e514c9f7396,TN,TN-33,county,2,land,معتمدية قلعة سنان,"[[""ar"", ""معتمدية قلعة سنان""], [""fr"", ""Délégation Kalaat Senan""]]",True,True,8.253459930419922,35.615943908691406,8.559616088867188,35.97807693481445,9293f9e7-19c1-4ba2-9456-1fc093fe41f1
e96c316d-ca10-4641-a3be-bde0f328013e,TN,TN-72,county,2,land,معتمدية تمغزة,"[[""ar"", ""معتمدية تمغزة""], [""fr"", ""Délégation Tameghza""]]",True,True,7.53026008605957,34.05255889892578,8.137652397155762,34.5323600769043,d6835776-fe8c-457e-9680-aded13f77405
0b5ad9be-543d-467b-a4db-da2b7d36d03a,TN,TN-72,locality,,land,1 يونيو,"[[""ar"", ""1 يونيو""], [""fr"", ""01 Juin""]]",True,True,7.883824825286865,33.85835647583008,8.023172378540039,33.89946365356445,951e789f-e929-4843-b15f-cbb5d3ec076f
2dd5c6de-e158-41fe-844d-4c810ebee98e,TN,TN-72,locality,,land,دقاش الجنوبية,"[[""ar"", ""دقاش الجنوبية""], [""fr"", ""Degach Sud""]]",True,True,8.17896556854248,33.75675964355469,8.352495193481445,34.001075744628906,feecba5c-66e7-49ca-ad01-b5cab9ef13cf
5edf46f1-8652-43ec-9c1d-2b92e88d5006,TN,TN-72,locality,,land,التحرير,"[[""ar"", ""التحرير""], [""fr"", ""Ettahir""]]",True,True,7.881955146789551,33.8681640625,7.886327743530273,33.872642517089844,cd9b7662-bb68-4799-9ce4-1cc1cedfda85
2b5aff47-d814-446a-94f8-6756b59ba6f1,TN,TN-42,locality,,land,الصري,"[[""ar"", ""الصري""], [""fr"", ""Es-Sray""]]",True,True,8.350933074951172,35.49419403076172,8.439240455627441,35.61963653564453,3414f639-d083-4694-9d00-ea2221bac998
685d1ea8-5050-4306-8db6-4f508ae0ad80,TN,TN-72,locality,,land,السني,"[[""ar"", ""السني""], [""fr"", ""Es-Seni""]]",True,True,7.862748146057129,33.802146911621094,7.906038761138916,33.87520217895508,1fa4e7d9-8e8a-4198-9cf5-49929d470156
226fc68e-2494-4cb6-97d4-3f5f7027b78c,TN,TN-33,locality,,land,السفاية,"[[""ar"", ""السفاية""], [""fr"", ""Es-Sefeia""]]",True,True,8.33791446685791,36.20950698852539,8.449114799499512,36.2965087890625,03bfba5a-a1d5-4b71-947d-34b8936d6612
6a2834b5-9e1a-49a9-88bc-102e5877daf3,TN,TN-73,county,2,land,معتمدية الفوار,"[[""ar"", ""معتمدية الفوار""], [""fr"", ""Délégation El Faouar""]]",True,True,7.732557773590088,32.502601623535156,9.06835651397705,33.80305480957031,c446a5c3-4985-4c98-a856-5c28c68db249
26e04884-4639-4251-a2e3-227000ba39c3,TN,TN-71,county,2,land,معتمدية المتلوي,"[[""ar"", ""معتمدية المتلوي""], [""fr"", ""Délégation Metlaoui""]]",True,True,8.146379470825195,34.05263900756836,8.603009223937988,34.41773986816406,e18a14f0-0626-4182-8c59-a849c9ac52ee
c262fff4-9b2a-4d16-8e7e-7efed553ebbc,TN,TN-71,locality,,land,الرديف الجنوبية,"[[""ar"", ""الرديف الجنوبية""], [""fr"", ""Redeyef Sud""]]",True,True,8.041678428649902,34.220096588134766,8.174341201782227,34.38066101074219,a93306e1-f0bb-4a76-b6da-6470d7aeb934
ef62538b-1588-4795-93b1-368eb9a53dfb,TN,TN-42,locality,,land,الحازة,"[[""ar"", ""الحازة""], [""fr"", ""El Hazza""]]",True,True,8.312692642211914,35.32606887817383,8.470138549804688,35.41339111328125,d03c3746-abd7-44e9-9f0c-2eb4408f7679
21de334f-4162-40ac-abe5-3bb5ab6c722e,TN,TN-72,locality,,land,شاكمو,"[[""ar"", ""شاكمو""], [""fr"", ""Chakmou""]]",True,True,7.941296100616455,34.04608917236328,8.349013328552246,34.3109130859375,213defcd-458f-448f-a338-cfb1e59fdfb3
171919f9-c3ff-45fe-99cf-a1777b5b8c7b,TN,TN-72,county,2,land,معتمدية حزوة,"[[""ar"", ""معتمدية حزوة""], [""fr"", ""Délégation Hazoua""]]",True,True,7.521979808807373,33.42465591430664,7.929184913635254,34.10768127441406,1f75cbda-ed07-4d69-a6db-19171718803f
0cd7c182-3509-422f-8fe1-29cd44be5d62,TN,TN-72,locality,,land,العيون,"[[""ar"", ""العيون""], [""fr"", ""El Ayoun""]]",True,True,7.847053050994873,33.50693130493164,8.144824981689453,33.8702507019043,86ae40cd-10e1-4dd2-8fd9-98ddbbd48de3
1f9a781f-3e0d-4914-b1a3-a58f50eef000,TN,TN-71,locality,,land,المزيرعة,"[[""ar"", ""المزيرعة""], [""fr"", ""El Mziraa""]]",True,True,8.242562294006348,34.1502799987793,8.403711318969727,34.33849334716797,054b7ed4-4bce-486d-8317-e854afd3ca26
670571e3-c01b-4f03-943a-2f137fdde412,TN,TN-33,locality,,land,الطابية,"[[""ar"", ""الطابية""], [""fr"", ""Et-Tabia""]]",True,True,8.290821075439453,35.956298828125,8.481324195861816,36.08693313598633,4211baca-d8fc-4999-a225-f327700bbdc4
5820a5f9-6868-4b4b-800b-a3c32bce0d66,TN,TN-42,locality,,land,عين الجنان,"[[""ar"", ""عين الجنان""], [""fr"", ""Ain El Jinene""]]",True,True,8.310968399047852,35.25078201293945,8.439327239990234,35.33700180053711,f89cec66-b6f8-4418-b40b-a96486bc8d25
c4493db3-abec-4ec9-81a7-9cb391b9a5c5,TN,TN-72,county,2,land,معتمدية نفطة,"[[""ar"", ""معتمدية نفطة""], [""fr"", ""Délégation Nefta""]]",True,True,7.700098991394043,33.50693130493164,8.144824981689453,34.133235931396484,81bbf20b-1c66-4323-8bfa-5f9d9745b319
7a9ea523-34d9-496e-aa5c-2c704910f487,TN,TN-71,locality,,land,تابديت,"[[""ar"", ""تابديت""], [""fr"", ""Tabdit""], [""en"", ""Tabdit""]]",True,True,8.22125244140625,34.34844970703125,8.348012924194336,34.46558380126953,b8310333-6c57-4b31-b960-9746900ea55b
a555fa85-2589-4ba5-b373-96546f816f15,TN,TN-72,locality,,land,دقاش الشمالية,"[[""ar"", ""دقاش الشمالية""], [""fr"", ""Degach Nord""]]",True,True,8.215343475341797,33.98366928100586,8.228486061096191,33.994422912597656,192e4ea6-b094-4f32-a37f-a1f4823245a7
12e8b7fe-0481-4ce4-aac9-d2086952803e,TN,TN-72,locality,,land,عين الكرمة,"[[""ar"", ""عين الكرمة""], [""fr"", ""Ain El Karma""], [""en"", ""Aïn El Kerma""]]",True,True,7.97067928314209,34.36200714111328,8.137652397155762,34.5323600769043,8594fe9e-8f92-4d2b-8d60-1cc16eafc9ee
55367eb2-462a-425f-91c1-bece7de64a99,TN,TN-72,locality,,land,النملات,"[[""ar"", ""النملات""], [""fr"", ""En-Namlat""]]",True,True,8.149968147277832,33.98344421386719,8.172538757324219,33.997703552246094,ec57d7fa-c76d-45c1-8c2a-a7e5d37db031
ca9f68b4-4ac3-4227-a6e3-ebbbaf505c78,TN,TN-33,locality,,land,الفالتة,"[[""ar"", ""الفالتة""], [""fr"", ""El Falta""]]",True,True,8.253459930419922,35.85829162597656,8.33648681640625,35.97807693481445,b4f6d22a-45ab-456a-9ac5-91f563f96266
a30494aa-9d19-4ab0-be03-b197fc23b99f,TN,TN-73,locality,,land,المطروحة,"[[""ar"", ""المطروحة""], [""fr"", ""El Matrouha""], [""en"", ""Matrouha""]]",True,True,7.732557773590088,33.18693542480469,7.9309492111206055,33.50455856323242,66b01c76-48dc-411f-9ac4-4cc3eb0820b6
76831fe9-5e58-40b8-b640-f4313633c8ce,TN,TN-72,locality,,land,بوهلال,"[[""ar"", ""بوهلال""], [""fr"", ""Bou Helal""]]",True,True,8.235597610473633,33.834686279296875,8.432435035705566,34.05751037597656,737df3f5-9243-4f5b-8330-0c62c116daa3
dcb77885-0956-472d-8585-359704e359e0,TN,TN-32,locality,,land,مراسن,"[[""ar"", ""مراسن""], [""fr"", ""Mrassen""]]",True,True,8.330533027648926,36.4578857421875,8.45914363861084,36.52534484863281,d0857817-3362-48d3-84ec-dd75ef320d6c
041acc3c-2c54-465b-a5af-6d33440e993b,TN,TN-33,locality,,land,سيدي رابح,"[[""ar"", ""سيدي رابح""], [""fr"", ""Sidi Rabeh""]]",True,True,8.29598331451416,36.01081466674805,8.486059188842773,36.1114501953125,2e062f72-fd4a-4ebd-841a-8655372cdd72
9c427136-9226-4b4d-977e-183830c82520,TN,TN-72,locality,,land,الحضر,"[[""ar"", ""الحضر""], [""fr"", ""El-Hadher""]]",True,True,8.00787353515625,33.66011428833008,8.224452018737793,33.917110443115234,292b5a9d-5146-4609-88a4-f5350dd9eba2
330dcb35-187d-4de7-9e42-a620375f73f9,TN,TN-72,locality,,land,ميداس,"[[""ar"", ""ميداس""], [""fr"", ""Midas""], [""en"", ""Mides""]]",True,True,7.856512069702148,34.38970947265625,7.970680236816406,34.4362678527832,a9d09380-9538-4286-906e-850c18a669d7
30fab2ca-73a1-44c1-94d6-5f3630fd08aa,TN,TN-42,locality,,land,أفران,"[[""ar"", ""أفران""], [""fr"", ""Afrane""]]",True,True,8.315460205078125,35.369789123535156,8.495347023010254,35.48634338378906,ddf63fd2-8412-4782-b2f4-e88e5b8e3ea4
82209c61-2ade-489f-9da6-708d118cb202,TN,TN-32,locality,,land,فرقصان,"[[""ar"", ""فرقصان""], [""fr"", ""Forgassen""]]",True,True,8.32388973236084,36.5048713684082,8.451483726501465,36.59797286987305,a7dce6b6-e1c7-48f6-9983-2cd20c4fbdf3
03573e14-3e31-4145-b131-dc8b2457928b,TN,TN-72,locality,,land,القيطنة,"[[""ar"", ""القيطنة""], [""fr"", ""El Keitna""]]",True,True,8.131372451782227,33.92106628417969,8.139004707336426,33.930912017822266,f263da82-6821-4db8-af21-c5042e947792
13e19ef7-b103-4da4-bcdb-b11f38d1a593,TN,TN-72,locality,,land,عين أولاد اللغريسي,"[[""ar"", ""عين أولاد اللغريسي""], [""fr"", ""Ain Ouled El Ggerissi""]]",True,True,7.5819411277771,33.42465591430664,7.929184913635254,33.79444122314453,db6a4180-02bc-4981-83f7-d0bc7be52d4c
44c2a218-6a25-4e3a-836a-79932004a6e9,TN,TN-72,locality,,land,فم الخنقة,"[[""ar"", ""فم الخنقة""], [""fr"", ""Foum El Khanga""]]",True,True,7.845103740692139,34.30522918701172,7.952667236328125,34.40530776977539,3b6d8222-d04f-43c4-9fce-601da49ce4a9
af5fbf27-f598-476e-9855-c6fcb1a885ed,TN,TN-42,locality,,land,الصخيرات,"[[""ar"", ""الصخيرات""], [""fr"", ""Es-Skhirat""]]",True,True,8.245208740234375,34.80556869506836,8.396459579467773,34.945777893066406,aa820f2f-eddc-4c09-811c-5ebafa679b98
8e367d41-f2e9-4f27-b648-7e8636c36234,TN,TN-42,locality,,land,أم علي,"[[""ar"", ""أم علي""], [""fr"", ""Om Ali""], [""en"", ""Om Ali""]]",True,True,8.311304092407227,34.95712661743164,8.458823204040527,35.12162399291992,ff680500-9403-48d3-bf0f-546f2eb5e23d
351184d0-faa6-45b4-9791-0c98616f2f21,TN,TN-71,locality,,land,المقرون,"[[""ar"", ""المقرون""], [""fr"", ""El Magroun""]]",True,True,8.392279624938965,34.31476974487305,8.400991439819336,34.333160400390625,3be2a1bd-49dd-4d8c-b923-3c0b80bffc17
6a946a89-0ac8-478a-8bff-44b5152e08de,TN,TN-72,locality,,land,حامة الجريد,"[[""ar"", ""حامة الجريد""], [""fr"", ""El Hamma du Jerid""], [""en"", ""El Hamma du Jérid""]]",True,True,8.028018951416016,33.974037170410156,8.241751670837402,34.18041229248047,7abb7a85-3d4b-4784-9fbb-c9fbd74d6f36
6171b083-764f-40a0-9cab-d8f54c798cdd,TN,TN-71,locality,,land,المتلوي المركز,"[[""ar"", ""المتلوي المركز""], [""fr"", ""Metlaoui Centre""]]",True,True,8.39594841003418,34.3145866394043,8.412616729736328,34.329200744628906,90b06478-d6ae-461c-8332-d381693fafc3
90092604-8d94-468a-9f86-a566ae908d14,TN,TN-33,locality,,land,عين سنان,"[[""ar"", ""عين سنان""], [""fr"", ""Aïn Snan""]]",True,True,8.325231552124023,35.707637786865234,8.432220458984375,35.810420989990234,77f63640-0939-4f6c-adf3-c311924c5826
d76bf364-fb21-40b6-a58d-4ad895f0a270,TN,TN-72,locality,,land,الرميثة,"[[""ar"", ""الرميثة""], [""fr"", ""Er-Remitha""]]",True,True,7.940915584564209,34.413169860839844,8.017733573913574,34.46519470214844,0e6920dd-fe83-46b6-961e-55459cca3e87
2a9c1446-d73e-4fb0-8e9c-7ea17b9dc6b3,TN,TN-32,locality,,land,عين سلطان,"[[""ar"", ""عين سلطان""], [""fr"", ""Aïn Soltane""], [""en"", ""Aïn Soltane""]]",True,True,8.281583786010742,36.47854232788086,8.394084930419922,36.57352828979492,b964fe58-36ba-46da-acb2-1aed0fd5b894
ee8b1634-700b-4a7d-9bdc-c95ac877d7c4,TN,TN-72,locality,,land,الهبائلة,"[[""ar"", ""الهبائلة""], [""fr"", ""El Habaila""]]",True,True,8.128283500671387,33.915157318115234,8.13761043548584,33.919212341308594,67725fde-8543-4d5b-a6d6-16e1fd986d8f
dd1567a1-87db-446e-9b97-ae10da48e8cd,TN,TN-33,locality,,land,عين الكرمة,"[[""ar"", ""عين الكرمة""], [""fr"", ""Ain El Karma""]]",True,True,8.306822776794434,36.08730697631836,8.49549388885498,36.225887298583984,16f2ccb3-e77d-4272-84b4-de72c2d943d2
269add04-eea4-4c2f-8e56-140a9bae26a9,TN,TN-71,county,2,land,معتمدية الرديف,"[[""ar"", ""معتمدية الرديف""], [""fr"", ""Délégation Redeyef""]]",True,True,8.041678428649902,34.220096588134766,8.348012924194336,34.485931396484375,3f133572-167b-44d7-ad36-2aeaef089ffe
f3ed18dd-7176-404b-aa5d-cc8542a25101,TN,TN-72,locality,,land,نفطة,"[[""en"", ""Nefta""], [""ar"", ""نفطة""], [""fr"", ""Nefta""], [""ru"", ""Нефта""]]",True,True,7.858547687530518,33.866302490234375,7.901026248931885,33.8851318359375,ce785187-3834-40a1-b54e-bcca6d0656f2
b145f651-57d2-4825-b9bd-1e6140666a83,TN,TN-71,locality,,land,أم العرائس المركزية,"[[""ar"", ""أم العرائس المركزية""], [""fr"", ""Oum El Araies Centre""]]",True,True,8.118175506591797,34.44935989379883,8.32710075378418,34.575439453125,c12744b9-b9bb-408a-99e0-d9bf7e718f18
b153573a-6b17-4daf-b3d8-63ad97393736,TN,TN-32,county,2,land,معتمدية غار الدماء,"[[""ar"", ""معتمدية غار الدماء""], [""fr"", ""Délégation Ghardimaou""]]",True,True,8.153651237487793,36.34722137451172,8.540095329284668,36.62239456176758,a699849d-e496-4b2b-972e-b28e21f5a0aa
33ffe2ab-fb96-4a0f-a886-e328f513f45f,TN,TN-71,county,2,land,معتمدية أم العرائس,"[[""ar"", ""معتمدية أم العرائس""], [""fr"", ""Délégation Oum El Araies""]]",True,True,8.118175506591797,34.39856719970703,8.637133598327637,34.732810974121094,5a57dda0-9271-4a2b-b374-cc8128b640d5
272caf8f-a5e6-47e5-b026-6f72254af03e,TN,TN-33,locality,,land,ساقية سيدي يوسف,"[[""ar"", ""ساقية سيدي يوسف""], [""fr"", ""Sakiet Sidi Youssef""], [""ru"", ""Сиди-Юсеф""], [""en"", ""Sakiet Sidi Youcef""], [""kab"", ""Saqiyet Sidi Yusef""]]",True,True,8.346816062927246,36.19050979614258,8.393941879272461,36.250877380371094,c9969d58-0b3b-417e-9744-f1d55b4b15a1
ed0e8c35-0074-4e87-b8e7-b905d0234d72,TN,TN-73,locality,,land,رجيم معتوق,"[[""ar"", ""رجيم معتوق""], [""fr"", ""Rejim Mâatoug""], [""en"", ""Rjim Maatoug""], [""it"", ""Réjim Maâtoug""]]",True,True,7.880533218383789,33.10488510131836,8.509298324584961,33.732242584228516,a39fa5d6-e7be-4274-8be2-f4f918172d12
0c7a7bee-a647-49e7-a26e-07de77845c5a,TN,TN-72,locality,,land,الأصيل,"[[""ar"", ""الأصيل""], [""fr"", ""El-Assil""]]",True,True,7.8707098960876465,33.87295913696289,7.877416133880615,33.87635040283203,adfd2b33-442f-4827-be59-3b345f30a66f
169edaf1-8f03-445d-97d0-480cf57c2c97,TN,TN-72,locality,,land,الخضر بن حسين,"[[""ar"", ""الخضر بن حسين""], [""fr"", ""El Khadar Ben Houssine""]]",True,True,7.730282783508301,33.84895706176758,7.875039100646973,34.10768127441406,b28b095d-4932-4cb2-9559-ff6702c5ada2
7bdeacab-4c59-41b4-bcc4-ad039375740d,TN,TN-71,locality,,land,الرديف المركز,"[[""ar"", ""الرديف المركز""], [""fr"", ""Redeyef Centre""]]",True,True,8.140621185302734,34.37309646606445,8.151493072509766,34.382415771484375,fb7e9808-46a3-430b-a65c-dcd48e934a7e
d8bfabc4-d570-4fb9-9c23-1a87f39b60c2,TN,TN-71,locality,,land,أم العرائس المحطة,"[[""ar"", ""أم العرائس المحطة""], [""fr"", ""Oum El Araies Gare""]]",True,True,8.241652488708496,34.398948669433594,8.428525924682617,34.492042541503906,d7300691-5786-4026-a200-2e2004c6e09b
5f3b7027-255a-4c25-82cc-ec68503de5af,TN,TN-71,locality,,land,أم العرائس,"[[""en"", ""Moularès""], [""ar"", ""أم العرائس""], [""fr"", ""Moularès""], [""de"", ""Umm al-'Arāis""]]",True,True,8.245631217956543,34.47621154785156,8.300898551940918,34.498992919921875,c3ab57ba-d387-4f90-bcd7-ebf389d2db6e
c0e9ef5f-823f-4438-9dca-773b0c49dda3,TN,TN-72,county,2,land,معتمدية دقاش,"[[""ar"", ""معتمدية دقاش""], [""fr"", ""Délégation Degache""]]",True,True,7.941296100616455,33.75675964355469,8.648140907287598,34.3109130859375,06f2f405-b12c-4c4a-9c5a-a88693cbb866
4260c2bc-7bb9-4229-bd09-59f82f460ae0,TN,TN-33,locality,,land,سد الخير,"[[""ar"", ""سد الخير""], [""fr"", ""Sed El Khir""]]",True,True,8.264447212219238,35.77939224243164,8.419777870178223,35.88068389892578,868d6487-cb07-4b32-943c-c134b88a496c
ba958834-b14c-4575-9a57-df6e50d78c7b,TN,TN-42,locality,,land,أم الأقصاب,"[[""ar"", ""أم الأقصاب""], [""fr"", ""Oum Laksab""]]",True,True,8.281868934631348,34.67173767089844,8.519015312194824,34.81431579589844,44c10359-3b9f-4c9a-bc99-9fc56e46f634
c006d399-fc3e-4139-835b-5d19b89c210f,TN,TN-72,locality,,land,رأس الذراع حلبة,"[[""ar"", ""رأس الذراع حلبة""], [""fr"", ""Ras Draa-Helba""]]",True,True,8.138236999511719,33.92821502685547,8.18710994720459,33.9776611328125,4414956e-229b-40df-8793-2ceacfb9755b
68d3c535-8f3d-4c82-828e-bca1b08e70ca,TN,TN-72,locality,,land,الشافعي الشريف,"[[""ar"", ""الشافعي الشريف""], [""fr"", ""Chafai Ech-Cherif""]]",True,True,7.751765251159668,33.87220764160156,8.016138076782227,34.133235931396484,2c4e697e-4009-404d-bfeb-4c2807124764
3c2d31f1-0269-4007-ad00-e33d60e3941d,TN,TN-32,locality,,land,الرخاء,"[[""ar"", ""الرخاء""], [""fr"", ""Errakha""]]",True,True,8.326929092407227,36.401031494140625,8.488659858703613,36.465293884277344,83428eb3-62d9-4075-90fc-bf60da8f9a6e
fbeab3d7-62e5-4c5e-bc98-053e34fb10c7,TN,TN-72,region,1,land,ولاية توزر,"[[""bs"", ""Tozeur""], [""hr"", ""Tozeur""], [""ar"", ""ولاية توزر""], [""fr"", ""Gouvernorat Tozeur""], [""lv"", ""Tozera""], [""uk"", ""Таузар (вілаєт)""], [""ceb"", ""Gouvernorat de Tozeur""], [""pt-PT"", ""Tozeur""], [""pt"", ""Tozeur (província)""], [""cs"", ""Tozeur""], [""zu"", ""Tozeur Governorate""], [""el"", ""Ταουζάρ (Κυβερνείο)""], [""it"", ""Tozeur""], [""ca"", ""Governació de Tozeur""], [""pt-BR"", ""Tozeur""], [""vi"", ""Tozeur""], [""nl"", ""Tozeur (gouvernement)""], [""zh-Hans"", ""托泽尔""], [""bg"", ""Тозьор (област)""], [""ko"", ""토죄르주""], [""et"", ""Tozeur""], [""de"", ""Tauzar""], [""cy"", ""Tozeur (talaith)""], [""azb"", ""توزر""], [""frr"", ""Tozeur (Guwernement)""], [""be-Latn-tarask"", ""Таўзар (вілает)""], [""ur"", ""توزر""], [""ru"", ""Таузар (вилайет)""], [""th"", ""โทเซอร์""], [""id"", ""Kegubernuran Tozeur""], [""sr-Latn"", ""Tosur""], [""sv"", ""Tozeur (guvernement)""], [""tr"", ""Tuzer ili""], [""da"", ""Tozeur""], [""zh-Hant"", ""托澤爾""], [""en"", ""Tozeur""], [""he"", ""טוזור""], [""sk"", ""Tozeur""], [""es"", ""Gobernación de Tozeur""], [""sco"", ""Tozeur Govrenorate""], [""be"", ""Таўзар (вілает)""], [""kab"", ""توزر""], [""ja"", ""トズール県""], [""fi"", ""Tozeur""], [""ro"", ""Guvernoratul Tozeur""], [""lt"", ""Tuzaras""], [""no"", ""Tozeur (guvernement)""], [""sl"", ""Tozeur""], [""fa"", ""توزر""], [""zh"", ""托澤爾省""], [""ms"", ""Kawasan kegabenoran Tozeur""], [""hu"", ""Tozeur""], [""pl"", ""Gubernatorstwo Tauzar""], [""ks"", ""توزر""], [""sh"", ""Tozeur (vilajet)""]]",True,True,7.521979808807373,33.42465591430664,8.648140907287598,34.5323600769043,fa539705-eea9-40ef-9754-6c1c25e0cd97
221a5e5d-824e-4e69-a7a6-deba8444fde6,TN,TN-71,locality,,land,الرديف,"[[""en"", ""Redeyef""], [""ar"", ""الرديف""], [""fr"", ""Redeyef""], [""ru"", ""Редееф""]]",True,True,8.131429672241211,34.370155334472656,8.183399200439453,34.408443450927734,871f397f-cab8-4454-b7c0-d0cef4e846fe
6721fc91-2c3e-4f5f-b8f2-f4bce22853a8,TN,TN-72,locality,,land,المحاسن,"[[""ar"", ""المحاسن""], [""fr"", ""El Mahassen""], [""en"", ""El Mahassen""]]",True,True,8.241599082946777,33.82347869873047,8.423543930053711,34.01921081542969,55259a9e-51b0-44ae-86bc-7856533cd94e
5a3200c8-637d-4b4b-9f34-bb1844b5d560,TN,TN-71,locality,,land,الشنوفية,"[[""ar"", ""الشنوفية""], [""fr"", ""Ech-Channoufia""]]",True,True,8.281940460205078,34.41162872314453,8.507012367248535,34.60408020019531,29140f61-853f-4172-b81b-f7f6d32f646b
b467693a-f7f8-4a94-a271-1a3a6d989c3c,TN,TN-42,locality,,land,بولعابة,"[[""ar"", ""بولعابة""], [""fr"", ""Bou Laaba""], [""en"", ""Bou Laaba""]]",True,True,8.700425148010254,35.16004943847656,8.802238464355469,35.28181076049805,76e29f16-dd0f-4ae5-902c-415ec4179f36
f54b31ab-59d0-4a00-8692-ea057977e98f,TN,TN-43,locality,,land,أولاد حفوز,"[[""ar"", ""أولاد حفوز""], [""fr"", ""Ouled Haffouz""], [""en"", ""Ouled Haffouz""]]",True,True,9.802229881286621,35.05670928955078,9.885400772094727,35.110015869140625,c791f4d5-4682-42a7-ab59-4c91aa9cf95d
1ea421be-7be7-496c-9705-24b57462592c,TN,TN-42,locality,,land,الزهور الغربي 3,"[[""ar"", ""الزهور الغربي 3""], [""fr"", ""Ezzouhour Ouest 3""]]",True,True,8.821660995483398,35.15007400512695,8.832730293273926,35.16343307495117,6c841fab-e5c6-4ec3-b7a1-d6f2e3c51b22
d34892b2-197a-47a9-9049-304eb9b2a441,TN,TN-41,locality,,land,الجواودة,"[[""ar"", ""الجواودة""], [""fr"", ""Jaouaouda""]]",True,True,9.854228973388672,35.64439392089844,9.970690727233887,35.73309326171875,a0267d8b-b43a-40c8-a352-3f4f08eae629
f3df4395-b736-4fd1-9173-0bb5b6fb98e4,TN,TN-73,locality,,land,صبرية غرب,"[[""ar"", ""صبرية غرب""], [""fr"", ""Sabria Ouest""]]",True,True,8.106880187988281,32.502601623535156,8.738263130187988,33.39547348022461,6044fad1-de43-40b3-863f-5ebc4a26b349
382656a0-94c1-4845-8948-01386671484f,TN,TN-41,locality,,land,الجبلية الشمالية,"[[""ar"", ""الجبلية الشمالية""], [""fr"", ""Jeblia Nord""]]",True,True,10.070937156677246,35.677608489990234,10.106888771057129,35.70485305786133,c0295821-4017-439e-b818-262fa32b3291
ea034be7-4589-4cfa-be85-1c774caec4de,TN,TN-81,locality,,land,المطويةالشمالية,"[[""ar"", ""المطويةالشمالية""], [""fr"", ""El Metouia Nord""]]",True,True,9.980389595031738,33.94082260131836,10.057294845581055,34.119476318359375,d0cb0d99-8d1d-4645-8298-2b99389899f6
694efacd-2de4-41b6-a644-1a47bf1e2104,TN,TN-33,locality,,land,السرس الجنوبية,"[[""ar"", ""السرس الجنوبية""], [""fr"", ""Es-Sers Sud""]]",True,True,9.001890182495117,36.049808502197266,9.124025344848633,36.12008285522461,7f5c630c-3a94-4c41-a897-9d92dff001f2
66b4eace-0bce-44b6-a552-0f39dfb14249,TN,TN-43,locality,,land,مغيلة,"[[""ar"", ""مغيلة""], [""fr"", ""Meghila""], [""en"", ""Mghila""], [""de"", ""Mghila""]]",True,True,9.193075180053711,35.21513366699219,9.322318077087402,35.318180084228516,c7c19f07-b821-428c-840d-cf90e0ebd06f
8ab3a459-835b-4976-b9aa-63c1ef68744e,TN,TN-42,county,2,land,معتمدية الزهور,"[[""ar"", ""معتمدية الزهور""], [""fr"", ""Délégation Ezzouhour""]]",True,True,8.812920570373535,35.14921951293945,8.84648609161377,35.168453216552734,9a93f042-d9ab-4625-a6dc-b24680540f55
e7256efb-e637-4bb0-8ab5-2eee229fe625,TN,TN-42,locality,,land,الثماد,"[[""ar"", ""الثماد""], [""fr"", ""Etthamed""]]",True,True,9.159756660461426,35.41239929199219,9.339388847351074,35.503971099853516,fa78159e-fe2a-4875-a735-65d9176c364c
5830600b-64cc-4b23-80d2-33605fc1a396,TN,TN-81,locality,,land,سيدي التواتي,"[[""ar"", ""سيدي التواتي""], [""fr"", ""Sidi Touati""]]",True,True,10.173666000366211,33.43675231933594,10.332995414733887,33.57080078125,d7796881-2e3f-4bd5-ad39-6aed520c54f9
65cb8b71-d2af-4739-8ec8-42f75640c6d2,TN,TN-33,locality,,land,اللواتة,"[[""ar"", ""اللواتة""], [""fr"", ""Louata""]]",True,True,8.966338157653809,35.762454986572266,9.051149368286133,35.85322570800781,75ff3bc4-891d-4f48-b05c-808a5416f7bb
1301be9d-df44-4b3e-80a2-bd77e41be8fe,TN,TN-43,locality,,land,المكناسي الغربية,"[[""ar"", ""المكناسي الغربية""], [""fr"", ""Meknassy Ouest""]]",True,True,9.587105751037598,34.49628829956055,9.65672492980957,34.60646057128906,b258bd92-b1a9-43fd-80c4-34ddee8039ed
74ddb4ff-5f9a-4bbb-957c-6373fc7eca1c,TN,TN-71,locality,,land,الجديدة,"[[""ar"", ""الجديدة""], [""fr"", ""Djedida""]]",True,True,8.970306396484375,34.46182632446289,9.075142860412598,34.574913024902344,b7f30f52-529d-419f-b0c8-c88d77d522ba
35a112b5-a98d-4175-886e-065ad5c96506,TN,TN-33,county,2,land,معتمدية تاجروين,"[[""ar"", ""معتمدية تاجروين""], [""fr"", ""Délégation Tajerouine""]]",True,True,8.365159034729004,35.81552505493164,8.737360954284668,36.11612319946289,49d5d1d8-c314-46d1-9708-6d27879413a3
a64f2c11-acc3-4ff8-b3ec-20d638a7d2da,TN,TN-51,locality,,land,مرابط حشاد,"[[""ar"", ""مرابط حشاد""], [""fr"", ""Mrabet Hached""], [""en"", ""Mrabet Hached""]]",True,True,10.25553035736084,36.02356719970703,10.325129508972168,36.09366226196289,c3ca42a7-b8a7-4fdb-a6f2-8cb89f5d769b
aefa2546-53f6-496e-b345-452208092911,TN,TN-82,locality,,land,الفجيج,"[[""ar"", ""الفجيج""], [""fr"", ""El Fejij""]]",True,True,9.913544654846191,33.15475845336914,10.167011260986328,33.25432205200195,45382db1-e444-49e5-a349-de2830b036a3
647bad7a-05ef-48d2-98e5-6c9e63955ac4,TN,TN-33,locality,,land,النجاة,"[[""ar"", ""النجاة""], [""fr"", ""Ennajet""]]",True,True,8.614205360412598,36.02417755126953,8.699850082397461,36.10019302368164,482c5c14-fe40-42de-a908-3f9202a5e3e5
10439f9d-1c7b-4365-97c1-6d29e226d2e9,TN,TN-43,locality,,land,سيدي اللافي,"[[""ar"", ""سيدي اللافي""], [""fr"", ""Sidi Ellafi""]]",True,True,9.698816299438477,35.1342887878418,9.81456470489502,35.200653076171875,ed3d0166-5561-4fc3-9d72-955499d82699
c1c00d0b-7e31-4b41-9f4d-ee1ed320757c,TN,TN-82,locality,,land,البنية,"[[""ar"", ""البنية""], [""fr"", ""El Benaina""]]",True,True,9.915731430053711,33.116329193115234,10.246485710144043,33.23665237426758,fe87ac69-6864-4f9c-b03a-9e7587213227
b8fce889-55f0-4dfb-a6c4-3f1c7a6b2c9a,TN,TN-41,locality,,land,عين جلولة,"[[""ar"", ""عين جلولة""], [""fr"", ""Ain Djeloula""], [""en"", ""Ain Jelloula""]]",True,True,9.751131057739258,35.720516204833984,9.867887496948242,35.87703323364258,50742eb2-aa1f-4ee3-b9de-2cea55eaf420
60c4df89-5d2d-4c12-b352-bc434d665e98,TN,TN-34,locality,,land,مرج مقدم,"[[""ar"", ""مرج مقدم""], [""fr"", ""Marj Mohaddem""]]",True,True,9.239651679992676,35.934165954589844,9.340047836303711,36.019317626953125,f12b5d8d-bd97-4d67-a0c7-537fa4c06608
e83d5340-430c-4f72-a763-6fcef739297a,TN,TN-41,county,2,land,معتمدية العلاء,"[[""ar"", ""معتمدية العلاء""], [""fr"", ""Délégation El Alâa""]]",True,True,9.269430160522461,35.515079498291016,9.647282600402832,35.743343353271484,94dfd9d8-0aba-419a-b15a-07f7445d0f60
29b0a919-8e56-4033-b442-60a353f46d06,TN,TN-81,locality,,land,(2) المنطقة الشرقية,"[[""ar"", ""(2) المنطقة الشرقية""], [""fr"", ""Secteur Est (2)""]]",True,True,9.783886909484863,33.82387924194336,9.832562446594238,33.879615783691406,1c2c3f97-b4dd-4466-8bbd-e04906a721ce
36275739-be3e-4bc9-a424-803e398415c5,TN,TN-34,locality,,land,شوارنية,"[[""ar"", ""شوارنية""], [""fr"", ""Chouarnia""]]",True,True,9.097699165344238,35.92144775390625,9.167021751403809,35.98860168457031,1f410f92-9a03-48b1-835d-0ed77fa62ace
74e3fd8b-a7f1-404e-bb3a-5d58e27a099d,TN,TN-81,locality,,land,الموازير,"[[""ar"", ""الموازير""], [""fr"", ""El Mouazir""], [""en"", ""El Mouazir""]]",True,True,9.938019752502441,33.714271545410156,10.070980072021484,33.787986755371094,bfdffcc3-5138-4d1b-bbf8-c16a81c8a79d
22e67ac1-16b6-4a7a-8ebf-c88db57e061d,TN,TN-71,locality,,land,القطار,"[[""en"", ""El Guettar""], [""ar"", ""القطار""], [""fr"", ""El Guettar""], [""ru"", ""Эль-Геттар""]]",True,True,8.930916786193848,34.33037185668945,8.962851524353027,34.34583282470703,a7f6c598-6ac4-4208-af3e-acfa5004db36
b0369769-f182-4e8d-bd08-5b786c7ff430,TN,TN-41,locality,,land,مسيوتة النقاز,"[[""ar"", ""مسيوتة النقاز""], [""fr"", ""Messiouta Ennaguaz""]]",True,True,9.43557071685791,35.58682632446289,9.520576477050781,35.68206024169922,a344190b-052c-4d2b-b4aa-d223e07d6cb6
876bfaf8-3fe7-4b22-aecf-e70d1164cd79,TN,TN-43,locality,,land,السد,"[[""ar"", ""السد""], [""fr"", ""Essed""]]",True,True,9.27489185333252,35.14707946777344,9.381970405578613,35.24989318847656,0e724a4f-f661-42a9-ab7a-fcb2e6e79efc
8b2d0372-3fe6-4577-a5bd-1c70ea33765d,TN,TN-33,locality,,land,هنطاية,"[[""ar"", ""هنطاية""], [""fr"", ""Hentaïa""]]",True,True,8.503227233886719,35.657257080078125,8.575372695922852,35.72554016113281,4bdfcc3b-a04b-4992-9db0-27af271fac80
5219b348-bb1c-49a3-ac3a-0fd40f34b411,TN,TN-33,county,2,land,معتمدية ساقية سيدي يوسف,"[[""ar"", ""معتمدية ساقية سيدي يوسف""], [""fr"", ""Délégation Sakiet Sidi Youssef""]]",True,True,8.290821075439453,35.956298828125,8.62836742401123,36.38169860839844,bff05450-c8cf-4fc5-bf86-d40541a67e49
3bb4c8a3-0d36-4810-adb6-9a21636f3f29,TN,TN-81,locality,,land,القصر,"[[""ar"", ""القصر""], [""fr"", ""El Ksar""]]",True,True,9.785057067871094,33.88363265991211,9.866037368774414,33.931095123291016,5116bf7d-441a-45f8-9b62-fd0b09a7712f
e318d78c-e6cd-4de0-a1a1-cae96ebb788f,TN,TN-42,locality,,land,الفنة,"[[""ar"", ""الفنة""], [""fr"", ""El Gounna""]]",True,True,9.01698112487793,35.33137893676758,9.192246437072754,35.47540283203125,ea53a948-6e15-4267-8a47-1233e4ab1eb0
1324a10d-2f1f-4193-a5c0-731f11d9b5ac,TN,TN-42,locality,,land,هنشير أم الخير,"[[""ar"", ""هنشير أم الخير""], [""fr"", ""Henchir Oum El Khir""]]",True,True,8.674951553344727,34.728858947753906,8.830644607543945,34.82347106933594,01ec3ca3-7b2b-4992-add9-62b3982408ae
39d112ce-ad0b-499a-bb80-c136e58ff6cf,TN,TN-61,locality,,land,القندول,"[[""ar"", ""‫القندول‬""], [""fr"", ""El Gandoul""], [""en"", ""El Gandoul""]]",True,True,9.975785255432129,34.56610107421875,10.095108032226562,34.73615646362305,e4ac76eb-6ade-4545-bda0-af78cafd5d1e
fc493214-7b90-4f20-a2fc-1db956f8da31,TN,TN-42,locality,,land,زلفان,"[[""ar"", ""زلفان""], [""fr"", ""Zelfane""]]",True,True,8.733161926269531,35.362457275390625,8.821170806884766,35.47511291503906,de701b68-c4f5-4b6e-87ff-0115846b6c16
d7fa4260-f9f0-43ec-95cd-9599c4366472,TN,TN-43,locality,,land,الذويبات الشمالية,"[[""ar"", ""الذويبات الشمالية""], [""fr"", ""Dheouibet Nord""]]",True,True,9.873201370239258,35.128448486328125,10.00149154663086,35.20771026611328,052557ad-fef6-4c74-af20-87173c9838ca
a9608432-cfe7-43d9-9ffd-2117a5bdccb2,TN,TN-71,county,2,land,معتمدية القطار,"[[""ar"", ""معتمدية القطار""], [""fr"", ""Délégation El Guetar""]]",True,True,8.771023750305176,34.115787506103516,9.309896469116211,34.42918014526367,357485c5-92a1-4103-bc2b-2a4df8231edc
4386ecdb-ec56-4545-ac2e-18fc0a138b13,TN,TN-43,locality,,land,النوامر,"[[""ar"", ""النوامر""], [""fr"", ""En-Nouamer""]]",True,True,9.34386920928955,34.567626953125,9.524574279785156,34.65107345581055,53e11c60-267a-45c9-867e-c81898475762
ca60a3e4-e933-41bc-8e1f-4626d71ae458,TN,TN-41,locality,,land,أولاد خلف الله,"[[""ar"", ""أولاد خلف الله""], [""fr"", ""Ouled Khalfallah""]]",True,True,9.707792282104492,35.451969146728516,9.819836616516113,35.58235168457031,e63dd672-c472-4a8d-831d-75e6cf2642c2
33eeedd2-4f41-4e69-9238-ff114324c6c1,TN,TN-81,locality,,land,عرام,"[[""ar"", ""عرام""], [""fr"", ""Arram""], [""en"", ""Arram""]]",True,True,10.275458335876465,33.48855209350586,10.411720275878906,33.62820816040039,880b7fd6-e365-4e34-9a68-f64f5c97761a
11efca83-bbca-4a4a-9f77-b0449844dd0b,TN,TN-34,region,1,land,ولاية سليانة,"[[""bs"", ""Siliana""], [""hr"", ""Siliana""], [""ar"", ""ولاية سليانة""], [""fr"", ""Gouvernorat Siliana""], [""lv"", ""Siliana""], [""uk"", ""Сільяна""], [""ceb"", ""Gouvernorat de Siliana""], [""pt-PT"", ""Siliana""], [""pt"", ""Siliana""], [""cs"", ""Siliana""], [""zu"", ""Siliana Governorate""], [""el"", ""Σιλγιάνα""], [""it"", ""Siliana""], [""ca"", ""Governació de Siliana""], [""pt-BR"", ""Siliana""], [""vi"", ""Siliana""], [""nl"", ""Siliana""], [""zh-Hans"", ""锡勒亚奈""], [""bg"", ""Силиана (област)""], [""ko"", ""실리아나주""], [""et"", ""Siliana""], [""de"", ""Gouvernement Siliana""], [""cy"", ""Siliana (talaith)""], [""frr"", ""Siliana""], [""be-Latn-tarask"", ""Сільяна""], [""ur"", ""سلیانہ""], [""ru"", ""Сильяна""], [""th"", ""ซิเลียนา""], [""id"", ""Kegubernuran Siliana""], [""sr-Latn"", ""Siliana""], [""sv"", ""Siliana""], [""tr"", ""Silyana ili""], [""da"", ""Siliana""], [""zh-Hant"", ""錫勒亞奈""], [""en"", ""Siliana""], [""he"", ""סיליאנה""], [""sk"", ""Siliana""], [""es"", ""Siliana""], [""sco"", ""Siliana Govrenorate""], [""be"", ""Сільяна""], [""ja"", ""シリアナ県""], [""fi"", ""Siliana""], [""ro"", ""Guvernoratul Siliana""], [""lt"", ""Siljana""], [""no"", ""Siliana""], [""sl"", ""Siliana""], [""fa"", ""سلیانه""], [""zh"", ""錫勒亞奈省""], [""ms"", ""Kawasan kegabenoran Siliana""], [""hu"", ""Siliana""], [""pl"", ""Gubernatorstwo Siljana""], [""sh"", ""Siliana""]]",True,True,8.924360275268555,35.47725296020508,9.769594192504883,36.46525955200195,2c50e2bc-aae3-460a-b7ac-592321a8bd17
a5f5c517-c7b9-43ed-a563-01ee676d045e,TN,TN-41,locality,,land,الشبيكة,"[[""ar"", ""الشبيكة""], [""fr"", ""Echbika""], [""en"", ""Chebika""]]",True,True,9.81993293762207,35.58649826049805,9.989628791809082,35.66330337524414,e46f9840-1e4f-455b-9e4a-44545222052c
8ae99d3c-9d00-4963-85df-a42cdcd4cda5,TN,TN-81,locality,,land,السقي,"[[""ar"", ""السقي""], [""fr"", ""Essgui""]]",True,True,9.247391700744629,34.113128662109375,9.408352851867676,34.22919845581055,14409205-cd0f-4eca-ae38-b95026c8f520
3a13242c-e09e-4290-8906-5fa98a51492f,TN,TN-81,locality,,land,غنوش الغربية,"[[""ar"", ""غنوش الغربية""], [""fr"", ""Ghanouch Ouest""]]",True,True,10.026281356811523,33.9290657043457,10.065231323242188,33.97950744628906,90190ae7-840f-4030-93f4-21e71b291206
234dcdb8-0eca-4711-a17e-355e26671e07,TN,TN-33,locality,,land,بنعنين,"[[""ar"", ""بنعنين""], [""fr"", ""Ben Ainine""]]",True,True,8.701069831848145,36.15986633300781,8.733203887939453,36.18155288696289,fb576d1c-d467-4c1f-b1fb-bc2faccf6725
200f34fe-5f67-43c8-a93d-a76d9ada573f,TN,TN-42,region,1,land,ولاية القصرين,"[[""bs"", ""Kasserine""], [""hr"", ""Kasserine""], [""ar"", ""ولاية القصرين""], [""fr"", ""Gouvernorat Kasserine""], [""lv"", ""Kasserine""], [""uk"", ""Касерін (вілаєт)""], [""ceb"", ""Gouvernorat de Kasserine""], [""pt-PT"", ""Kasserine""], [""pt"", ""Kasserine (província)""], [""cs"", ""Kasserine""], [""zu"", ""Kasserine Governorate""], [""el"", ""Αλ Κασράυν (Κυβερνείο)""], [""it"", ""Kasserine""], [""ca"", ""Governació de Kasserine""], [""pt-BR"", ""Kasserine""], [""vi"", ""Kasserine""], [""nl"", ""Kasserine (gouvernement)""], [""zh-Hans"", ""卡塞林""], [""bg"", ""Касерин (област)""], [""ko"", ""카세린주""], [""et"", ""Kasserine""], [""de"", ""Gouvernement Kasserine""], [""cy"", ""Kasserine (talaith)""], [""azb"", ""القصرین""], [""frr"", ""Kasserine (Guwernement)""], [""be-Latn-tarask"", ""Касэрын (вілает)""], [""ur"", ""قصرین""], [""ru"", ""Кассерин (вилайет)""], [""th"", ""คาซัสดิน""], [""id"", ""Kegubernuran Kasserine""], [""sr-Latn"", ""Kaserin""], [""sv"", ""Kasserine""], [""tr"", ""Kassarin ili""], [""da"", ""Kasserine""], [""zh-Hant"", ""卡塞林""], [""en"", ""Kasserine""], [""he"", ""קסרין""], [""sk"", ""Kasserine""], [""az"", ""Kasserin (vilayət)""], [""es"", ""Gobernación de Kasserine""], [""sco"", ""Kasserine Govrenorate""], [""be"", ""Касерын (вілает)""], [""ja"", ""カスリーヌ県""], [""fi"", ""Kasserine""], [""ro"", ""Guvernoratul Kasserine""], [""lt"", ""Kaserinas""], [""no"", ""Kasserine (guvernement)""], [""sl"", ""Kasserine""], [""fa"", ""القصرین""], [""zh"", ""卡塞林省""], [""ms"", ""Kawasan kegabenoran Kasserine""], [""hu"", ""Kasserine""], [""pl"", ""Gubernatorstwo Al-Kasrajn""], [""sh"", ""Kasserine (vilajet)""]]",True,True,8.245208740234375,34.62740707397461,9.339388847351074,35.79092025756836,d725c700-f208-4360-a355-fb96f2dd14b5
338491dc-ebe3-47f2-bf11-544defbd8453,TN,TN-22,locality,,land,عين البطوم,"[[""ar"", ""عين البطوم""], [""fr"", ""Ain El Batthoum""], [""en"", ""Ain El Battoum""]]",True,True,9.96576976776123,36.0114860534668,10.041950225830078,36.11508560180664,ae0ccd86-4428-484b-affe-1bd2c929b6bc
114c6887-d340-427f-a50f-ab141097fe18,TN,TN-41,county,2,land,معتمدية السبيخة,"[[""ar"", ""معتمدية السبيخة""], [""fr"", ""Délégation Sbikha""]]",True,True,9.770734786987305,35.76599884033203,10.258016586303711,36.138336181640625,5fff4eb5-4dd4-4c7f-9c5d-7e7afc7730df
e330bd3a-0720-4ab9-84c6-34b75d5bd900,TN,TN-81,locality,,land,مارث الشمالية,"[[""ar"", ""مارث الشمالية""], [""fr"", ""Mareth Nord""]]",True,True,10.189799308776855,33.57060241699219,10.32123851776123,33.685340881347656,dc467d33-18c0-4e68-9332-2762cb57ebe4
e6907bce-0fe7-42eb-b17f-2eaccae7b15b,TN,TN-41,locality,,land,بئر مسيكين,"[[""ar"", ""بئر مسيكين""], [""fr"", ""Bir Msikine""]]",True,True,10.031338691711426,35.405479431152344,10.09287166595459,35.50389099121094,e1a3bb96-0426-40d0-aadf-dc52d32e00c8
3c87b328-0634-43ec-b104-2df21379731c,TN,TN-33,locality,,land,سيدي عبد الباسط,"[[""ar"", ""سيدي عبد الباسط""], [""fr"", ""Sidi Abdelbasset""]]",True,True,8.462060928344727,35.979373931884766,8.601543426513672,36.11612319946289,28dd736e-65df-4aa7-a7da-eb69e55bdb50
7fe81611-0b9b-4536-b8ca-37e1f2aab721,TN,TN-33,locality,,land,السرس الشمالية,"[[""ar"", ""السرس الشمالية""], [""fr"", ""Es-Sers Nord""]]",True,True,8.944731712341309,36.078548431396484,9.096808433532715,36.183013916015625,4435803f-c3d1-480e-8907-790160ac59a4
c5acf3d4-7c5f-4bee-ab95-0fa4069ebaac,TN,TN-33,locality,,land,الأربص,"[[""ar"", ""الأربص""], [""fr"", ""Lorbous""], [""en"", ""Lorbous""]]",True,True,8.76687240600586,36.03862380981445,8.944732666015625,36.15215301513672,d25905a2-bd90-4b52-aacc-1ac0d9fc079c
d8810ec4-4751-4f58-af5a-401bdf405f9b,TN,TN-51,locality,,land,سيدي الهاني الجنوبية,"[[""ar"", ""سيدي الهاني الجنوبية""], [""fr"", ""Sidi El Heni Sud""]]",True,True,10.252609252929688,35.584388732910156,10.441186904907227,35.69478225708008,1d0e1b97-99e3-424f-a49b-bf0e43e447a3
5623130c-f501-41f4-83ec-8f6a9b9e0b36,TN,TN-61,locality,,land,وادي الشيخ,"[[""ar"", ""وادي الشيخ""], [""fr"", ""Oued Echeikh""]]",True,True,10.020853996276855,34.64759063720703,10.14246654510498,34.740882873535156,175b81d7-b929-49c1-9c77-2d3c82717c92
41eae652-4400-48fb-bc84-ee44997b7440,TN,TN-42,locality,,land,العذيرة,"[[""ar"", ""العذيرة""], [""fr"", ""El Aadhira""]]",True,True,8.434266090393066,35.26725769042969,8.546955108642578,35.37004089355469,2584eba5-5bf6-42b0-98d9-9305562fab61
daecb650-ef99-4553-a09d-a73bf430dde3,TN,TN-61,locality,,land,الشعال,"[[""ar"", ""‫الشعال‬""], [""fr"", ""El Chaal""], [""en"", ""Echaal""]]",True,True,10.295405387878418,34.51450729370117,10.36288070678711,34.6057243347168,0dad05dd-1f43-47a8-b97c-ad105ec0f4d0
ae1cc3f7-5486-43e2-bfd0-683d1d0baaed,TN,TN-33,locality,,land,الأبار,"[[""ar"", ""الأبار""], [""fr"", ""El Abar""]]",True,True,9.085511207580566,35.9785041809082,9.170757293701172,36.05080032348633,b3fddb84-19d9-424c-b7c3-cf66de717dd1
0469a1f6-f666-42e5-bb2a-1c0dc201cf48,TN,TN-43,locality,,land,المبروكة,"[[""ar"", ""المبروكة""], [""fr"", ""El Mabrouka""]]",True,True,9.491303443908691,34.581539154052734,9.627012252807617,34.77498245239258,902d78d6-4e86-440a-a7f0-39505afbecfa
9c8df412-e8ed-4615-9dc5-c6fd9aac238c,TN,TN-43,locality,,land,العيون,"[[""ar"", ""العيون""], [""fr"", ""El Ayoun""]]",True,True,9.150073051452637,35.26076889038086,9.266885757446289,35.373939514160156,55395249-00cc-4476-a5ca-0a1e99de951e
3686b7a9-57cb-4353-860b-2d1b0ac31d64,TN,TN-42,locality,,land,تالة الشرقية,"[[""ar"", ""تالة الشرقية""], [""fr"", ""Thala Est""]]",True,True,8.665127754211426,35.56317901611328,8.677197456359863,35.59229278564453,32149124-b2d0-4039-b40f-bdcfd4b5fc96
1e4c70a4-d2fa-4d93-8ac3-21527b09ac2a,TN,TN-34,locality,,land,الحبابسة الجنوبية,"[[""ar"", ""الحبابسة الجنوبية""], [""fr"", ""El Hbabsa Sud""]]",True,True,9.312468528747559,35.47725296020508,9.464065551757812,35.59906768798828,f1fef882-3a5a-45ae-8130-8c24164148e3
5f693a06-afc3-4ba4-9dd7-0b177094f06a,TN,TN-43,locality,,land,الواعرة,"[[""ar"", ""الواعرة""], [""fr"", ""El Ouaara""]]",True,True,8.978721618652344,34.77399826049805,9.056378364562988,34.845760345458984,221b441a-4f8b-4205-ae5b-8071deff48e7
e48bf98b-c102-43e5-ae81-13e46b98a66f,TN,TN-71,locality,,land,بئر سعد,"[[""ar"", ""بئر سعد""], [""fr"", ""Bir Saad""]]",True,True,9.181455612182617,34.32162857055664,9.309896469116211,34.38494110107422,7895b030-323a-4c0a-8065-a5a629bab099
f600617f-3f42-4614-8ae1-aa4f95a48e54,TN,,country,0,land,تونس,"[[""hy"", ""Թունիս""], [""se"", ""Tunisia""], [""ku"", ""Tûnis""], [""crh"", ""Tunis""], [""ss"", ""IThunisiya""], [""bs"", ""Tunis""], [""stq"", ""Tunesien""], [""ba"", ""Тунис""], [""als"", ""Tunesien""], [""lb"", ""Tunesien""], [""hr"", ""Tunis""], [""ta"", ""துனீசியா""], [""ka"", ""ტუნისი""], [""ar"", ""تونس""], [""nov"", ""Tunisia""], [""yue"", ""突尼西亞""], [""fr"", ""Tunisie""], [""lfn"", ""Tunis""], [""is"", ""Túnis""], [""nah"", ""Tunez""], [""ug"", ""تۇنىس""], [""lv"", ""Tunisija""], [""eu"", ""Tunisia""], [""mdf"", ""Тунис""], [""kl"", ""Tunisia""], [""rn"", ""Tuniziya""], [""am"", ""ቱኒዚያ""], [""hif"", ""Tunisia""], [""mt"", ""Tuneżija""], [""nso"", ""Tunisia""], [""bn"", ""তিউনিসিয়া""], [""rw"", ""Tunisiya""], [""uz"", ""Tunis""], [""mzn"", ""تونس""], [""zh-Hant-TW"", ""突尼西亞""], [""uk"", ""Туніс""], [""szl"", ""Tůnezyjo""], [""si"", ""ටියුනීසියාව""], [""li"", ""Tunesië""], [""ky"", ""Тунис""], [""ksh"", ""Tuneesije""], [""pa"", ""ਤੁਨੀਸੀਆ""], [""ga"", ""An Túinéis""], [""ceb"", ""Tunisia""], [""br"", ""Tunizia""], [""lmo"", ""Tünisia""], [""sms"", ""Tunisia""], [""tt"", ""Тунис""], [""war"", ""Tunisia""], [""so"", ""Tunisiya""], [""pt-PT"", ""Tunísia""], [""pt"", ""Tunísia""], [""zh-Latn-pinyin"", ""Tūníxīyà""], [""cs"", ""Tunisko""], [""zu"", ""ITunisia""], [""smn"", ""Tunisia""], [""lo"", ""ຕູນິເຊຍ""], [""gl"", ""Tunisia""], [""gn"", ""Tunísia""], [""nds"", ""Tunesien""], [""ts"", ""Tunisia""], [""el"", ""Τυνησία""], [""it"", ""Tunisia""], [""sc"", ""Tunisia""], [""su"", ""Tunisia""], [""ca"", ""Tunísia""], [""pt-BR"", ""Tunísia""], [""os"", ""Тунис""], [""vi"", ""Tunisia""], [""la"", ""Tunesia""], [""tg"", ""Тунис""], [""mg"", ""Tonizia""], [""yo"", ""Tùnísíà""], [""tzl"", ""Tünis""], [""dv"", ""ތޫނިސް""], [""tl"", ""Tunisya""], [""nl"", ""Tunesië""], [""zh-Hans"", ""突尼斯""], [""bg"", ""Тунис""], [""gv"", ""Yn Tooneesh""], [""bxr"", ""Тунис""], [""ckb"", ""توونس""], [""ko"", ""튀니지""], [""rm"", ""Tunesia""], [""or"", ""ଟ୍ୟୁନିସିଆ""], [""eo"", ""Tunizio""], [""tk"", ""Tunis""], [""mk"", ""Тунис""], [""dz"", ""ཊུ་ནི་ཤི་ཡ""], [""oc"", ""Tunisia""], [""haw"", ""Tunisia""], [""et"", ""Tuneesia""], [""af"", ""Tunisië""], [""gag"", ""Tunis""], [""de"", ""Tunesien""], [""bm"", ""Tunizi""], [""ps"", ""تونس""], [""scn"", ""Tunisìa""], [""yi"", ""טוניסיע""], [""ha"", ""Tunisiya""], [""cy"", ""Tunisia""], [""ki"", ""Tunisia""], [""sn"", ""Tunisia""], [""ace"", ""Tunisia""], [""to"", ""Tunīsia""], [""bjn"", ""Tunisia""], [""pap"", ""Tunesia""], [""azb"", ""تونیس""], [""be-Latn-tarask"", ""Туніс""], [""diq"", ""Tunıs""], [""cv"", ""Тунис""], [""ur"", ""تونس""], [""pam"", ""Tunisia""], [""arc"", ""ܬܘܢܣ""], [""nan"", ""Tunisia""], [""fy"", ""Tuneezje""], [""ln"", ""Tunisia""], [""zgh"", ""ⵜⵓⵏⵙ""], [""jv"", ""Tunisia""], [""bat-smg"", ""Tonėsos""], [""jbo"", ""tunis""], [""ru"", ""Тунис""], [""ht"", ""Tinizi""], [""vro"", ""Tuneesiä""], [""kw"", ""Tunisi""], [""ml"", ""ടുണീഷ്യ""], [""th"", ""ประเทศตูนิเซีย""], [""id"", ""Tunisia""], [""ce"", ""Тунис""], [""pnb"", ""ٹیونس""], [""sq"", ""Tunizia""], [""ia"", ""Tunisia""], [""arz"", ""تونس""], [""sr-Latn"", ""Tunis""], [""sv"", ""Tunisien""], [""udm"", ""Тунис""], [""tr"", ""Tunus""], [""da"", ""Tunesien""], [""my"", ""တူနီးရှားနိုင်ငံ""], [""sg"", ""Tunizïi""], [""chr"", ""ᏚᏂᏏᏍᎠ""], [""sr-Cyrl"", ""Тунис""], [""wo"", ""Tiniisi""], [""lg"", ""Tunisya""], [""zh-Hans-CN"", ""突尼斯""], [""ku-Arab"", ""توونس""], [""xal"", ""Тунисин Орн""], [""simple"", ""Tunisia""], [""zh-Hant"", ""突尼西亞""], [""en"", ""Tunisia""], [""gu"", ""ટ્યુનિશિયા""], [""he"", ""תוניסיה""], [""sah"", ""Тунис""], [""new"", ""ट्युनिसिया""], [""ilo"", ""Tunisia""], [""kn"", ""ಟುನೀಶಿಯ""], [""tok"", ""ma Tunisi""], [""gd"", ""Tuinisia""], [""syc"", ""ܬܘܢܣ""], [""sk"", ""Tunisko""], [""fur"", ""Tunisie""], [""mrj"", ""Тунис""], [""lad"", ""Tunesia""], [""frp"", ""Tunisie""], [""az"", ""Tunis""], [""wa"", ""Tunizeye""], [""lij"", ""Tunixia""], [""es"", ""Túnez""], [""ak"", ""Tunihyia""], [""fo"", ""Tunesia""], [""hi"", ""ट्यूनिशिया""], [""vo"", ""Tünisän""], [""bcl"", ""Tunisya""], [""te"", ""ట్యునీషియా""], [""mr"", ""ट्युनिसिया""], [""bpy"", ""তিউনিসিয়া""], [""ie"", ""Tunisia""], [""ext"", ""Túnis""], [""an"", ""Tunicia""], [""sco"", ""Tunisie""], [""nn"", ""Tunisia""], [""io"", ""Tunizia""], [""sw"", ""Tunisia""], [""be"", ""Туніс""], [""qu"", ""Tunisya""], [""ang"", ""Tunisia""], [""mi"", ""Tūnihia""], [""kab"", ""Tunes""], [""hsb"", ""Tuneziska""], [""ja"", ""チュニジア""], [""sa"", ""टुनिशिया""], [""ast"", ""Tunicia""], [""grc"", ""Τυνησία""], [""fi"", ""Tunisia""], [""bo"", ""ཏུ་ནི་ཤི་ཡ།""], [""ro"", ""Tunisia""], [""kg"", ""Tunisia""], [""ne"", ""टुनिसिया""], [""ee"", ""Tunisia""], [""ff"", ""Tunisii""], [""lt"", ""Tunisas""], [""no"", ""Tunisia""], [""wuu"", ""突尼斯""], [""vec"", ""Tunixia""], [""km"", ""ទុយនេស៊ី""], [""kk"", ""Тунис""], [""sl"", ""Tunizija""], [""pms"", ""Tunisìa""], [""ti"", ""ቱኒዢያ""], [""fa"", ""تونس""], [""mn"", ""Тунис""], [""pnt"", ""Τυνησίαν""], [""zh"", ""突尼斯 / 突尼西亞""], [""ms"", ""Tunisia""], [""hu"", ""Tunézia""], [""nv"", ""Ghą́ą́ʼaskʼidii Biłikahii Bikéyah Yázhí""], [""pl"", ""Tunezja""], [""zh-Hant-CN"", ""突尼斯""], [""ks"", ""تونس""], [""sh"", ""Tunis""]]",True,False,7.521979808807373,30.22905731201172,11.599935531616211,37.54202651977539,006a49e8-ea13-49f7-af64-8ba7d7851649
4c7af328-973b-43cb-bc45-a5a0860ad879,TN,TN-34,locality,,land,عين الديسة,"[[""ar"", ""عين الديسة""], [""fr"", ""Ain Eddissa""]]",True,True,9.216970443725586,35.902103424072266,9.275101661682129,35.97855758666992,396f81ae-f4ab-436d-84ca-877ade8ba4f9
7eb34bf0-bd93-4aeb-8a73-2a719705d333,TN,TN-41,locality,,land,مرق الليل,"[[""ar"", ""مرق الليل""], [""fr"", ""Merguellil""]]",True,True,9.961877822875977,35.61344909667969,10.078852653503418,35.68170166015625,c68ef336-2026-482b-9d53-22d6a9c655c6
ee9072d4-1ad4-4952-b925-61d6678e5262,TN,TN-42,locality,,land,محرزة,"[[""ar"", ""محرزة""], [""fr"", ""Meherza""]]",True,True,8.781588554382324,35.583526611328125,8.905948638916016,35.64683151245117,b40f2f96-99e0-453c-82fc-48ed85a1dace
e8550e1e-7d62-4081-b88e-0c115e3dee9b,TN,TN-41,locality,,land,أولاد نهار,"[[""ar"", ""أولاد نهار""], [""fr"", ""Ouled Nhar""]]",True,True,10.14394760131836,35.60819625854492,10.268421173095703,35.68224334716797,2a6aa1b9-fef1-49ce-a000-f13d57c2c4ff
d5f14fc7-6abb-4d2b-90e1-f6333dfbd27d,TN,TN-33,locality,,land,وادي الرمل الجنوبية,"[[""ar"", ""وادي الرمل الجنوبية""], [""fr"", ""Oued Remel Sud""]]",True,True,8.499433517456055,36.070011138916016,8.736042022705078,36.18490219116211,ae120f69-2903-4d6f-9d3a-0281a60bb377
7c154749-2c16-4470-b6f8-0149a71884da,TN,TN-33,locality,,land,بانو,"[[""ar"", ""بانو""], [""fr"", ""Banou""]]",True,True,8.875324249267578,35.70542907714844,8.994019508361816,35.89094161987305,0329521b-1cc7-4b6a-9fba-23db27a33c33
ec6206f8-3b45-427a-92be-c6cb3b939c50,TN,TN-43,locality,,land,العامرة,"[[""ar"", ""العامرة""], [""fr"", ""El Amra""]]",True,True,9.242863655090332,35.082733154296875,9.36459732055664,35.164520263671875,5369b996-c0cf-4193-9965-21d969178042
35422fb1-71ea-4b18-bbda-2eefad2b5f05,TN,TN-51,locality,,land,منزل فاتح,"[[""ar"", ""منزل فاتح""], [""fr"", ""Menzel Fateh""], [""en"", ""Menzel Fetah""]]",True,True,10.279375076293945,36.116886138916016,10.360218048095703,36.15296936035156,42d8556b-5d90-4cc9-b98f-184011c4297a
41d714fc-b80a-43ca-b3b3-82f380d19141,TN,TN-43,county,2,land,معتمدية سوق الجديد,"[[""ar"", ""معتمدية سوق الجديد""], [""fr"", ""Délégation Souk Jedid""]]",True,True,9.404194831848145,34.745826721191406,9.702996253967285,34.98895263671875,07e0de1f-c0dd-45d1-96bd-52ef43ff267f
d645199f-2271-4fc9-9672-89a2b3b8d253,TN,TN-43,locality,,land,الخوي,"[[""ar"", ""الخوي""], [""fr"", ""El Khaoui""]]",True,True,9.882499694824219,34.49839401245117,9.981217384338379,34.59805679321289,e57f1585-7587-4f3c-824c-8f12eea50846
36437383-13a6-4f5c-a61a-fe27c3a47d2b,TN,TN-83,locality,,land,الذهيبة الغربية,"[[""ar"", ""الذهيبة الغربية""], [""fr"", ""Dhehiba Ouest""]]",True,True,9.981563568115234,31.46324920654297,10.717705726623535,32.140159606933594,cbc8a959-8ffd-41dc-ad42-f011a7667fc5
63e07c34-030b-47bd-8462-e95cd291b95c,TN,TN-41,locality,,land,نصر اللّه المركز,"[[""ar"", ""نصر اللّه المركز""], [""fr"", ""Nasrallah Centre""]]",True,True,9.785558700561523,35.33649826049805,9.8734712600708,35.38744354248047,ddfdf40b-0d0c-4928-8bf4-b6861236a436
0b9b0aab-0261-4003-999b-d9b483a7d01b,TN,TN-43,locality,,land,الطويلة,"[[""ar"", ""الطويلة""], [""fr"", ""Ettouila""]]",True,True,9.26961898803711,34.93107986450195,9.469184875488281,35.060306549072266,6076b958-fc65-4978-b155-09e535ffd8f5
4692a39f-8152-4024-bfe2-1c574d937a4f,TN,TN-81,locality,,land,ربيعة والي,"[[""ar"", ""ربيعة والي""], [""fr"", ""Rabiaa Ouali""]]",True,True,9.75485897064209,34.104042053222656,9.91800308227539,34.238067626953125,42a03235-ff81-4248-92f9-63dbd756a078
4b142a2c-185c-4d09-9a71-c1be2b2fcf8f,TN,TN-41,locality,,land,الباطن,"[[""ar"", ""الباطن""], [""fr"", ""El Baten""], [""en"", ""El Baten""]]",True,True,9.97068977355957,35.67936706542969,10.092727661132812,35.80663299560547,341019f7-ae88-4d83-a34c-34bc0b84db3f
0fc63e60-fa1a-42d4-8f82-0da6d29b7c8d,TN,TN-61,locality,,land,الحشيشينة الجنوبية,"[[""ar"", ""الحشيشينة الجنوبية""], [""fr"", ""El Hachichina Sud""]]",True,True,10.079198837280273,34.34788131713867,10.277597427368164,34.52198791503906,785202b9-2b3c-43cb-8f5c-731b62c842c2
daa7f4ef-aef4-4e9e-b606-b5b0e06297e3,TN,TN-81,locality,,land,سيدي بولبابة,"[[""ar"", ""سيدي بولبابة""], [""fr"", ""Sidi Boulbaba""]]",True,True,10.062175750732422,33.84011459350586,10.101964950561523,33.87285614013672,68fc5f21-cdde-43cb-b3fd-9f8d15fffb63
5d542ced-8a33-4926-acb8-0743133043da,TN,TN-83,locality,,land,قصر الحدادة,"[[""ar"", ""قصر الحدادة""], [""fr"", ""Ksar El Haddada""]]",True,True,10.245179176330566,33.06721496582031,10.348369598388672,33.15382385253906,049b75a8-c938-4053-96e5-b8c96e8740be
dc1bc479-d72d-4083-bac1-3b6244870020,TN,TN-73,county,2,land,معتمدية قبلي الجنوبية,"[[""ar"", ""معتمدية قبلي الجنوبية""], [""fr"", ""Délégation Kébili Sud""]]",True,True,8.590936660766602,33.478233337402344,9.540851593017578,33.729732513427734,2208d11d-47c0-403d-949d-6797be225dbb
46fadeec-6233-4a48-abe0-2a042e479a15,TN,TN-41,locality,,land,الشقافية,"[[""ar"", ""الشقافية""], [""fr"", ""Chogafia""]]",True,True,9.770734786987305,35.85307693481445,9.924813270568848,35.954341888427734,425c6983-bddb-452a-b3e3-ddd663d0c3cf
1f3889e9-dc17-4033-8205-a5a09b350732,TN,TN-43,county,2,land,معتمدية بئر الحفي,"[[""ar"", ""معتمدية بئر الحفي""], [""fr"", ""Délégation Bir El Hafey""]]",True,True,9.099945068359375,34.719688415527344,9.422292709350586,35.02873229980469,27f70768-459b-49dd-ba60-59134e88d841
a64ea41a-c703-4502-93b9-7d69cc2e054f,TN,TN-73,locality,,land,قبلي الشرقية,"[[""ar"", ""قبلي الشرقية""], [""fr"", ""Kebili Est""]]",True,True,8.950297355651855,33.690895080566406,9.013392448425293,33.77885818481445,1511b196-9d39-4306-9f2b-ac092bab4eff
334c4e2d-043f-43c5-8d1b-505139c5722a,TN,TN-53,locality,,land,المحارزة الشمالية,"[[""ar"", ""المحارزة الشمالية""], [""fr"", ""Meharza Nord""]]",True,True,10.191023826599121,35.3677864074707,10.350735664367676,35.41731262207031,2fbb6dcc-ad5b-4151-ae6d-2686b7998e8c
baf901f1-abc7-442b-832b-b85711cebfef,TN,TN-73,locality,,land,العوينة الشمالية,"[[""ar"", ""العوينة الشمالية""], [""fr"", ""El Aouina Nord""]]",True,True,9.04759407043457,32.88850402832031,9.96354866027832,33.4449348449707,7a0ce971-e665-427e-9e0c-32a5e00a2f68
01494bfd-fed5-4663-8169-e272da64d740,TN,TN-83,locality,,land,شنني,"[[""ar"", ""شنني""], [""fr"", ""Chenini""]]",True,True,9.96867561340332,32.90130615234375,10.387947082519531,32.97727966308594,0e383ea8-f12b-4b88-b15d-aa6bd6d1825a
3c92b0b5-b161-44ee-b69c-f37895291aec,TN,TN-73,locality,,land,صبرية شرق,"[[""ar"", ""صبرية شرق""], [""fr"", ""Sabria Est""]]",True,True,8.570613861083984,32.53923034667969,9.06835651397705,33.39547348022461,923c49cf-b52a-4fae-ba77-9f1904323188
3a258f70-7099-40a3-bf4f-952a80b314bb,TN,TN-82,locality,,land,زمور,"[[""ar"", ""زمور""], [""fr"", ""Zammour""], [""es"", ""Zemmur""], [""aeb"", ""زمور""]]",True,True,9.89933967590332,33.19829177856445,10.1897611618042,33.277015686035156,64a16202-2993-40f7-b355-570941483146
4e5f9fd3-93d7-401e-9396-932c826bdde9,TN,TN-82,locality,,land,الراقوبة الغربية,"[[""ar"", ""الراقوبة الغربية""], [""fr"", ""Er Ragouba Ouest""]]",True,True,10.341402053833008,33.42538833618164,10.424385070800781,33.544761657714844,11ed7809-4d8f-4278-9d3f-60b26088782b
30d62f63-2c60-4b19-a526-0791e32a2f70,TN,TN-43,locality,,land,قصر الحمام الشرقية,"[[""ar"", ""قصر الحمام الشرقية""], [""fr"", ""Ksar El Hammam Est""]]",True,True,9.807255744934082,34.830989837646484,9.968623161315918,34.91746139526367,0665cc45-1878-472c-8e0d-3be20865d737
75352195-21b1-494f-b610-8e46a0fab247,TN,TN-61,locality,,land,بوثدي,"[[""ar"", ""‫بوثدي‬""], [""fr"", ""Bou Thadi""], [""en"", ""Bouthadi""]]",True,True,10.143050193786621,35.019615173339844,10.367850303649902,35.15348434448242,68d21bae-4695-4225-a7ef-1ec6ef23b39e
b7cbb4f7-302f-4e62-8073-fa23a45d8a8a,TN,TN-71,county,2,land,معتمدية قفصة الجنوبية,"[[""ar"", ""معتمدية قفصة الجنوبية""], [""fr"", ""Délégation Gafsa Sud""]]",True,True,8.473177909851074,34.230438232421875,8.820855140686035,34.658203125,59993098-0eb8-4c0e-a762-c51e34a61c96
fdfdd5ab-d46d-4741-9b3e-ea43012573b1,TN,TN-71,locality,,land,الحي العمالي,"[[""ar"", ""الحي العمالي""], [""fr"", ""Cite Des Travailleurs""]]",True,True,8.71152114868164,34.28623962402344,8.76287841796875,34.325782775878906,8f3e031d-3e1e-492c-97ea-0d909a73e6c1
60305869-f91f-4fa1-82bb-7e68a1e89271,TN,TN-53,locality,,land,الرقايقة,"[[""ar"", ""الرقايقة""], [""fr"", ""Regaigua""]]",True,True,10.26828384399414,35.187557220458984,10.356607437133789,35.26309585571289,75971711-5f92-4e18-954d-e9b2059e5195
d9a4aa16-21cf-42e3-9eb1-4677b9344277,TN,TN-41,locality,,land,طرزة الشمالية,"[[""ar"", ""طرزة الشمالية""], [""fr"", ""Tarza Nord""]]",True,True,9.503607749938965,35.515079498291016,9.630265235900879,35.61456298828125,23997ae4-d2c5-45d3-ad7a-5d806fe914c7
d309b57d-f632-4e71-96f0-4bda31122d7b,TN,TN-73,locality,,land,غريب,"[[""ar"", ""غريب""], [""fr"", ""Gharib""]]",True,True,8.106880187988281,33.10488510131836,8.738263130187988,33.45443344116211,b479f0bb-901f-431b-b2af-6974ccee2988
2ece600d-ae6a-4884-9b95-46e6fce758fe,TN,TN-42,locality,,land,الرخمات,"[[""ar"", ""الرخمات""], [""fr"", ""Errakhmet""], [""en"", ""Errakhmet""]]",True,True,9.165842056274414,35.01498031616211,9.290520668029785,35.126590728759766,76bf743e-d7dc-4dc4-9050-308be803b448
30c28cea-a5e9-4701-b76c-b6fd35580cbc,TN,TN-81,locality,,land,منزل الحبيب,"[[""ar"", ""منزل الحبيب""], [""fr"", ""Menzel El Habib""], [""en"", ""Menzel El Habib""]]",True,True,9.545096397399902,34.17942428588867,9.746320724487305,34.28262710571289,58a974c3-6721-416a-8320-40d36fdd539f
b5a61521-4f6a-4dac-8573-7c9d1f4831e9,TN,TN-51,locality,,land,قريمات الشرقية,"[[""ar"", ""قريمات الشرقية""], [""fr"", ""Grimet Est""]]",True,True,10.248964309692383,36.060848236083984,10.293632507324219,36.12808609008789,2aece993-6e94-4ffd-8292-097dcc1224f3
28a87ea2-5681-4269-a8da-989311222392,TN,TN-43,locality,,land,أولاد عيوني,"[[""ar"", ""أولاد عيوني""], [""fr"", ""Ouled Ayouni""]]",True,True,9.741386413574219,34.80318832397461,9.89818286895752,34.85645294189453,a4b5d115-c8a7-418e-8e73-e631bf321053
2527fbae-a431-44f9-9a2e-9c34b7519745,TN,TN-42,county,2,land,معتمدية فريانة,"[[""ar"", ""معتمدية فريانة""], [""fr"", ""Délégation Feriana""]]",True,True,8.245208740234375,34.80556869506836,8.667872428894043,35.25583267211914,1f7ebdeb-82dc-4c59-8b0c-0f1f2c15dff6
5447c5e3-c24c-447e-a6e0-4c0a034643c5,TN,TN-73,locality,,land,العبادلة,"[[""ar"", ""العبادلة""], [""fr"", ""Elabadla""]]",True,True,8.996511459350586,33.428924560546875,9.616771697998047,33.60190963745117,84db6cb5-d484-4755-bc55-31b109037972
e25b8eec-a046-4484-bfba-a06fef38ce5c,TN,TN-42,locality,,land,فريانة,"[[""ar"", ""فريانة""], [""fr"", ""Feriana""], [""en"", ""Feriana""], [""ru"", ""Фериана""]]",True,True,8.535989761352539,34.93844985961914,8.600871086120605,34.98174285888672,ed24838d-4a94-4f2b-946a-cd41f28c93fa
6eceaf3c-d569-49b3-a08c-7209f311373b,TN,TN-33,county,2,land,معتمدية السرس,"[[""ar"", ""معتمدية السرس""], [""fr"", ""Délégation Sers""]]",True,True,8.76687240600586,35.94308090209961,9.170757293701172,36.183013916015625,4c529127-14e0-4304-aa11-7beced80f4cb
9cf38faa-1940-46c0-af85-eb412901e7c2,TN,TN-73,locality,,land,أم الصمعة,"[[""ar"", ""أم الصمعة""], [""fr"", ""Oum Soumaa""]]",True,True,8.778664588928223,33.75050354003906,8.951766014099121,34.12242126464844,b8354df0-a28d-4928-9320-29cdfb7e6601
235b7792-83e9-47fb-aff4-7240de00cdd4,TN,TN-41,locality,,land,العوامرية,"[[""ar"", ""العوامرية""], [""fr"", ""El Aouamria""], [""en"", ""El Aouamria""]]",True,True,9.93145751953125,35.64341735839844,10.016414642333984,35.70576095581055,4e93efef-59e2-40be-88dd-666eff8c522c
d80f1b08-3cde-4fe1-81d4-8869ae2fc053,TN,TN-81,locality,,land,وادي الزيتون,"[[""ar"", ""وادي الزيتون""], [""fr"", ""Oued Ezzitoun""]]",True,True,9.581385612487793,34.09230422973633,9.819252014160156,34.232154846191406,52cf319d-13b7-433a-a19f-01603309a3e8
96014e7c-2df7-41b7-a9f8-296dd54e474b,TN,TN-41,locality,,land,المنزل,"[[""ar"", ""المنزل""], [""fr"", ""El Menzel""]]",True,True,9.483678817749023,35.67329406738281,9.627455711364746,35.844810485839844,d9e9bc49-9da0-4807-9723-0fbbc9b12573
8b72607c-3aae-4da4-9099-91893886dd96,TN,TN-33,locality,,land,سيد مطير,"[[""ar"", ""سيد مطير""], [""fr"", ""Sidi M'Tir""]]",True,True,8.568150520324707,35.994056701660156,8.702306747436523,36.10548400878906,6fb2b71b-ae82-4613-ba15-8b9830666137
979638e3-9f29-47c6-8dce-a05e0187ca4b,TN,TN-43,locality,,land,الفريو,"[[""ar"", ""الفريو""], [""fr"", ""El Friou""]]",True,True,9.336820602416992,34.78473663330078,9.46098518371582,34.89680099487305,57136e80-0b7d-407e-b517-db1e343926eb
abcc4202-9d45-4ccd-b979-8b8eacd60f80,TN,TN-42,locality,,land,الأجرد,"[[""ar"", ""الأجرد""], [""fr"", ""Lajrad""]]",True,True,8.473118782043457,35.40647888183594,8.64570426940918,35.50877380371094,cbea2d4c-d99c-4f67-8208-6f1741111134
f3bbd3d6-4787-403a-9f0c-fd7fc67bc9f6,TN,TN-42,locality,,land,الجوى,"[[""ar"", ""الجوى""], [""fr"", ""El Joua""]]",True,True,8.672384262084961,35.44602966308594,8.80887222290039,35.5832633972168,2365999f-cecf-4434-bcb5-885f926eb227
727edbfc-2c2b-44dd-9086-ba10b66a654e,TN,TN-41,locality,,land,بريكات العرقوب,"[[""ar"", ""بريكات العرقوب""], [""fr"", ""Beriket El Argoub""]]",True,True,9.879112243652344,35.446929931640625,9.945357322692871,35.49385070800781,510a3410-086e-4146-96eb-30a96d63e1b0
075fdd72-72fd-4aaa-bbb0-16cbf145cf07,TN,TN-41,locality,,land,الكرمة,"[[""ar"", ""الكرمة""], [""fr"", ""El Karma""]]",True,True,9.75533390045166,35.490169525146484,9.872284889221191,35.59419250488281,d354caf0-d029-46e8-a223-34cc84c574e3
2aa3876b-891a-4d60-be8e-3c7db74719e6,TN,TN-73,locality,,land,جمنة الشمالية,"[[""ar"", ""جمنة الشمالية""], [""fr"", ""Jemna Nord""]]",True,True,8.926961898803711,33.528343200683594,9.463678359985352,33.70954513549805,86eed397-3fdf-4bf6-ba5f-cace9ee7301d
786a0e47-ce41-44c7-9cc2-b4296e719cf6,TN,TN-71,county,2,land,معتمدية القصر,"[[""ar"", ""معتمدية القصر""], [""fr"", ""Délégation El Ksar""]]",True,True,8.717848777770996,34.322086334228516,9.055309295654297,34.50209045410156,cc82b7e8-c2e0-44fb-96ec-d25d988486a0
a2e2d1ba-8734-4959-bed5-4e8d149738ec,TN,TN-43,locality,,land,باطن الغزال الجنوبية,"[[""ar"", ""باطن الغزال الجنوبية""], [""fr"", ""Baten El Ghezel Sud""]]",True,True,9.359068870544434,35.32008743286133,9.468576431274414,35.43328094482422,903c6e51-2f2b-403d-8cde-4cb8cd85398d
9956a110-d43c-4cc6-b414-476cc0168d6b,TN,TN-81,county,2,land,معتمدية مارث,"[[""ar"", ""معتمدية مارث""], [""fr"", ""Délégation Mareth""]]",True,True,9.915619850158691,33.29322814941406,10.480246543884277,33.824649810791016,7d87d0f4-52e0-4114-8e8c-dc91e8c4a635
d62c4d3b-f5d4-4b7c-8dca-c6a5505be3ab,TN,TN-73,county,2,land,معتمدية دوز الشمالية,"[[""ar"", ""معتمدية دوز الشمالية""], [""fr"", ""Délégation Douz Nord""]]",True,True,8.924354553222656,32.88850402832031,10.011665344238281,33.60190963745117,4d078b16-50a8-47e3-982f-3271ea38453b
c9d78902-95a3-4a47-9f4d-89d89ec1a4de,TN,TN-41,locality,,land,أولاد عمر,"[[""ar"", ""أولاد عمر""], [""fr"", ""Ouled Amor""]]",True,True,9.478974342346191,35.63850402832031,9.56509017944336,35.7025260925293,baf3b8d6-40b5-4b52-ba47-71f3328e13cc
92177d48-9533-4c12-b37e-0ebb2bd3af33,TN,TN-43,locality,,land,الأحواز,"[[""ar"", ""الأحواز""], [""fr"", ""El Ahouaz""]]",True,True,9.44750690460205,34.94804763793945,9.545157432556152,35.0349006652832,f6557c12-8c9f-468c-a75c-9cb719cd51f0
f7cff1f0-379b-4743-9050-3f086c38da6e,TN,TN-34,locality,,land,القابل,"[[""ar"", ""القابل""], [""fr"", ""El Kabel""]]",True,True,9.33154582977295,35.9433708190918,9.478658676147461,36.060272216796875,e7e4b569-fcff-4c82-b7cc-74650d43d61f
afb792ef-31f0-4567-a6a1-a6c83269e127,TN,TN-41,locality,,land,جبل السرج,"[[""ar"", ""جبل السرج""], [""fr"", ""Djebel Essarj""]]",True,True,9.518988609313965,35.887779235839844,9.723374366760254,35.98058319091797,122844ea-be8b-444c-97da-ad36530f3272
f0de305e-32ec-46a3-ad1c-60dbf14b94da,TN,TN-41,locality,,land,النصر,"[[""ar"", ""النصر""], [""fr"", ""Ennasr""]]",True,True,10.07698917388916,35.403812408447266,10.224953651428223,35.56696319580078,ac32bf53-bdb4-4d3e-a450-d71de5c063b5
fe1f070c-4481-4e5f-95bc-f837306afed4,TN,TN-53,locality,,land,الشحدة الجنوبية,"[[""ar"", ""الشحدة الجنوبية""], [""fr"", ""Ech-Chahda Sud""]]",True,True,10.269463539123535,35.193946838378906,10.365506172180176,35.32006072998047,6424cdbd-e069-4a71-95c7-0225d66e185c
f8c30852-7595-4045-8f75-b7588c89ccc8,TN,TN-42,locality,,land,جدليان,"[[""ar"", ""جدليان""], [""fr"", ""Djedliane""], [""en"", ""Jedliane""]]",True,True,8.9938325881958,35.560569763183594,9.091178894042969,35.63444137573242,511b2602-091d-4fc0-b93c-189935e09235
b1f7ea0d-5a80-4dee-9cd8-0d2bb1f3d184,TN,TN-42,locality,,land,مشرق الشمس,"[[""ar"", ""مشرق الشمس""], [""fr"", ""Machrek Ech-Chams""]]",True,True,8.962890625,35.257408142089844,9.09817886352539,35.38916015625,7a4c428c-3867-4dcf-b99f-c593e916f19f
5dd4f1ec-028c-4efb-bc5e-346fad142508,TN,TN-43,locality,,land,الفوني,"[[""ar"", ""الفوني""], [""fr"", ""El Founi""], [""en"", ""El Founi""]]",True,True,9.896490097045898,34.447303771972656,10.059844970703125,34.53810119628906,b336bc43-7725-469c-876c-00c872846506
4d978fef-51a0-4c87-b565-215f1d162d7c,TN,TN-51,locality,,land,اولاد عامر,"[[""ar"", ""اولاد عامر""], [""fr"", ""Ouled Ameur""]]",True,True,10.254857063293457,36.001033782958984,10.320023536682129,36.03564453125,2351b0f9-652a-4e35-becd-03ba6bbdb6f1
c1025e55-7b78-475c-af09-3abbaccbec07,TN,TN-43,locality,,land,الزيتونة,"[[""ar"", ""الزيتونة""], [""fr"", ""Ezzitouna""]]",True,True,9.429198265075684,34.860008239746094,9.555021286010742,34.967830657958984,1cc3afc2-abb0-4af9-a984-8915786f22e0
f7c3c22c-7d9f-4da7-8ddf-671a5b44776e,TN,TN-33,locality,,land,الجريصة الشمالية,"[[""ar"", ""الجريصة الشمالية""], [""fr"", ""Djerissa Nord""]]",True,True,8.630815505981445,35.83755111694336,8.65674877166748,35.85306167602539,1e4b5aba-65a8-42fa-9772-5bb881ff4445
a85fa6b0-d4c4-4692-b050-d6c53d712830,TN,TN-42,locality,,land,بوزقام,"[[""ar"", ""بوزقام""], [""fr"", ""Bouzguam""]]",True,True,8.844376564025879,35.150596618652344,9.030417442321777,35.300201416015625,17b853ba-d405-4888-9304-6080eeb29882
f182f53b-90cb-41de-93ac-9cc6b0bc2c22,TN,TN-41,locality,,land,نصر الله الأحواز,"[[""ar"", ""نصر الله الأحواز""], [""fr"", ""Nasrallah Banlieue""]]",True,True,9.81348705291748,35.166107177734375,9.939847946166992,35.36715316772461,95da952e-0b00-4406-a5c8-66588a8ae8e2
5cb70892-c5c1-450c-adf0-f45fa24a44f3,TN,TN-41,locality,,land,عين بومرة,"[[""ar"", ""عين بومرة""], [""fr"", ""Ain Bou Morra""]]",True,True,9.882532119750977,35.93317413330078,10.001789093017578,36.00453186035156,bba79c3f-06b2-4ad6-abbd-007ec24c828a
901bf3df-74c8-4adb-b668-ca2f2d547948,TN,TN-73,locality,,land,بشلي,"[[""ar"", ""بشلي""], [""fr"", ""Bchelli""], [""en"", ""Bchelli""]]",True,True,8.90457534790039,33.57340621948242,9.004581451416016,33.64686965942383,be1e2ee1-491f-4df8-9776-1e0ee2dece20
064395f8-4994-45e0-aa94-f83cb20a185d,TN,TN-41,locality,,land,الحمام,"[[""ar"", ""الحمام""], [""fr"", ""El Hammam""]]",True,True,9.930686950683594,35.47813415527344,10.033514022827148,35.54435348510742,2705f624-a1d6-4748-bc39-d49867dd9ba8
e0442e67-5ddc-4f9a-8a8b-9483f4f0fed0,TN,TN-43,locality,,land,الغريس الغربية,"[[""ar"", ""الغريس الغربية""], [""fr"", ""Gheris Ouest""]]",True,True,9.67300796508789,34.59975814819336,9.84126091003418,34.693172454833984,4aff1b31-b196-4b24-b243-f2d7a47dc73a
ad9385a2-82da-4fd2-b39f-4839d29e591a,TN,TN-42,locality,,land,البساتين,"[[""ar"", ""البساتين""], [""fr"", ""El Bassatine""]]",True,True,8.821144104003906,35.16478729248047,8.862049102783203,35.186702728271484,f363dc12-b23a-4eef-af62-f4b16d8669de
904f7b91-7205-4fef-8649-df9e98542edc,TN,TN-81,county,2,land,معتمدية المطوية,"[[""ar"", ""معتمدية المطوية""], [""fr"", ""Délégation El Metouia""]]",True,True,9.79096794128418,33.91194152832031,10.057294845581055,34.21113586425781,a325a638-637a-4f00-96e0-712adc87a61f
44a439be-6cc6-443f-b6c8-23c4a6ca06d6,TN,TN-51,locality,,land,عين مذاكر,"[[""ar"", ""عين مذاكر""], [""fr"", ""Ain Medhaker""]]",True,True,10.253708839416504,36.14295196533203,10.339186668395996,36.234291076660156,1d9549a1-ab81-401f-93a0-b3a28fd6097d
e8620415-899e-41cb-baf5-8444ea68ebd6,TN,TN-43,locality,,land,بنور,"[[""ar"", ""بنور""], [""fr"", ""Bennour""]]",True,True,9.41705322265625,35.11682891845703,9.608107566833496,35.245201110839844,40ea0bf1-bf31-4d63-acbd-291c6b49fec4
eb1735bf-a7b1-40c6-a16b-a14c7524518a,TN,TN-51,locality,,land,بلالمة,"[[""ar"", ""بلالمة""], [""fr"", ""Blalma""], [""en"", ""Blalma""]]",True,True,10.200355529785156,35.880615234375,10.285767555236816,35.936180114746094,11875e85-ac41-4fdc-aa4e-c5c486340188
0e2e3389-248f-42f2-b888-ed8355fd6a17,TN,TN-41,locality,,land,العين البيضاء,"[[""ar"", ""العين البيضاء""], [""fr"", ""El Ain El Beidha""]]",True,True,9.622964859008789,35.441158294677734,9.764416694641113,35.5590934753418,b484b86d-2dd7-4a28-a832-c437795ed7fd
3c9c85ad-03ef-42eb-ba36-8b688bf7a06b,TN,TN-81,locality,,land,شنني الغربية,"[[""ar"", ""شنني الغربية""], [""fr"", ""Chenini Ouest""]]",True,True,10.032698631286621,33.840423583984375,10.08191204071045,33.87833786010742,dd07c7ce-337b-4867-9406-a0ecf8f6f5bc
a7feb630-1f61-4256-bba7-927bb3af4b62,TN,TN-41,locality,,land,جبل الريحان,"[[""ar"", ""جبل الريحان""], [""fr"", ""Djebel Erreihane""], [""en"", ""jbal al reihan""]]",True,True,9.608721733093262,35.72895812988281,9.722923278808594,35.86513137817383,befb2b3b-92c3-40cc-bffc-be55d796bc48
985a658c-7ab0-4cf4-8b9a-6e3dd8d3dfc8,TN,TN-43,locality,,land,بودينار,"[[""ar"", ""بودينار""], [""fr"", ""Boudinar""]]",True,True,9.637648582458496,34.854896545410156,9.776031494140625,34.953372955322266,764a4c70-f324-465d-9aa4-cfe4b470ef85
bae42c42-717b-4447-9a8a-de7938e79149,TN,TN-41,locality,,land,جبل وسلات,"[[""ar"", ""جبل وسلات""], [""fr"", ""Djebel Oouestat""]]",True,True,9.673675537109375,35.71211624145508,9.790154457092285,35.858245849609375,dd606186-62e9-4a73-b8fd-a22941aafd2a
9eee2f95-495f-4496-8d17-d3d365130fcd,TN,TN-81,locality,,land,ليماوة,"[[""ar"", ""ليماوة""], [""fr"", ""Limaoua""]]",True,True,10.039934158325195,33.6758918762207,10.133028984069824,33.78467559814453,899f68a8-d2d8-4698-bf33-1881c96f790c
62c2d623-6d2d-49ca-a6a1-b768fd0acf56,TN,TN-43,locality,,land,العقلة,"[[""ar"", ""العقلة""], [""fr"", ""El Okla""]]",True,True,9.555548667907715,35.066307067871094,9.684633255004883,35.13517379760742,f1b13691-b548-42c2-b199-14c9a20aa6f2
e33b6769-06f5-4b63-8186-81f054a58cec,TN,TN-34,locality,,land,الفضول,"[[""ar"", ""الفضول""], [""fr"", ""El Foughoul""]]",True,True,9.319343566894531,35.68791580200195,9.47552490234375,35.76179885864258,a7f39571-9628-4921-ac9e-8b3ae7c14d9b
af3bb4d0-7922-4793-ac99-ee4c45e66495,TN,TN-71,locality,,land,المتكيدس,"[[""ar"", ""المتكيدس""], [""fr"", ""El Mouthides""]]",True,True,8.694769859313965,34.512969970703125,8.79690933227539,34.63362121582031,652ce691-c848-4772-9cf0-383f5b1dee40
f9d0d761-487c-4090-8d43-4f53ee4fb767,TN,TN-33,locality,,land,مزيتة,"[[""ar"", ""مزيتة""], [""fr"", ""Mzita""]]",True,True,8.408283233642578,35.7557487487793,8.508682250976562,35.8447265625,0e31c8f0-214c-43de-ade1-47f52c2a7fd3
2d6888d0-538f-44ea-aaad-a09c3c7c1563,TN,TN-41,locality,,land,المخصومة,"[[""ar"", ""المخصومة""], [""fr"", ""El Makhsouma""]]",True,True,10.151474952697754,35.53693389892578,10.27407455444336,35.60954284667969,ada7344b-8a64-4383-9d3d-9db20cb2d0f2
2a68fbe2-ab79-4a91-b6e6-fbe786996087,TN,TN-71,locality,,land,بلخير,"[[""ar"", ""بلخير""], [""fr"", ""Belkhir""], [""en"", ""Belkhir""]]",True,True,9.369599342346191,34.21035385131836,9.551910400390625,34.352783203125,e67e1a90-7112-42eb-8728-43c5af0af524
cb96047d-6067-4325-acbb-2480e5f86688,TN,TN-83,region,1,land,ولاية تطاوين,"[[""bs"", ""Tataouine""], [""hr"", ""Tataouine""], [""ar"", ""ولاية تطاوين""], [""fr"", ""Gouvernorat Tataouine""], [""lv"", ""Tatauine""], [""uk"", ""Татауїн (вілаєт)""], [""ceb"", ""Tataouine (lalawigan)""], [""pt-PT"", ""Tataouine""], [""pt"", ""Tataouine (província)""], [""cs"", ""Tataouine""], [""zu"", ""Tataouine Governorate""], [""el"", ""Ταταουίν (Κυβερνείο)""], [""it"", ""Tataouine""], [""ca"", ""Governació de Tataouine""], [""pt-BR"", ""Tataouine""], [""vi"", ""Tataouine""], [""nl"", ""Tataouine (gouvernement)""], [""zh-Hans"", ""泰塔温""], [""bg"", ""Татауин (област)""], [""ko"", ""타타우인주""], [""et"", ""Tataouine""], [""de"", ""Gouvernement Tataouine""], [""cy"", ""Tataouine (talaith)""], [""frr"", ""Tataouine (Guwernement)""], [""be-Latn-tarask"", ""Татаўін (вілает)""], [""ur"", ""تطاوین""], [""ru"", ""Татавин (вилайет)""], [""th"", ""ทาทูอิน""], [""id"", ""Kegubernuran Tataouine""], [""sr-Latn"", ""Tatuin""], [""sv"", ""Tataouine (guvernement)""], [""tr"", ""Tatavin ili""], [""da"", ""Tataouine""], [""zh-Hant"", ""泰塔溫""], [""en"", ""Tataouine""], [""he"", ""טאטאוין""], [""sk"", ""Tataouine""], [""es"", ""Gobernación de Tataouine""], [""sco"", ""Tataouine Govrenorate""], [""be"", ""Татавін (вілает)""], [""ja"", ""タタウイヌ県""], [""fi"", ""Tataouine (kuvernementti)""], [""ro"", ""Guvernoratul Tataouine""], [""lt"", ""Tatavinas""], [""no"", ""Tataouine (guvernement)""], [""sl"", ""Tataouine""], [""fa"", ""تطاوین""], [""zh"", ""泰塔溫省""], [""ms"", ""Kawasan kegabenoran Tataouine""], [""hu"", ""Tataouine""], [""pl"", ""Gubernatorstwo Tatawin""], [""sh"", ""Tataouine (vilajet)""]]",True,True,8.356829643249512,30.22905731201172,11.34197998046875,33.2347526550293,5d7899ae-f2ec-45b0-ac7a-656150844869
09cb7066-d08f-4c65-a97d-658720d8416c,TN,TN-43,county,2,land,معتمدية السعيدة,"[[""ar"", ""معتمدية السعيدة‬""], [""fr"", ""Délégation Essaida""]]",True,True,9.792411804199219,34.85444641113281,10.063610076904297,35.063270568847656,607bab03-e203-455a-a9e2-b32aef97c975
ed886ae7-d4fc-4935-9919-e7d05c725f3a,TN,TN-43,locality,,land,البسباس,"[[""ar"", ""البسباس""], [""fr"", ""El Besbes""]]",True,True,9.718023300170898,34.33308410644531,9.924442291259766,34.53117370605469,d5139090-1872-4369-afcf-9e5ffded6046
45916ea6-7c86-4426-aa31-db268c49f04a,TN,TN-42,locality,,land,النور الغربي,"[[""ar"", ""النور الغربي""], [""fr"", ""Ennour Ouest""]]",True,True,8.836837768554688,35.14984893798828,8.859273910522461,35.168453216552734,ead279c9-5584-4a2e-a736-3d8cd0d222cf
11c54075-26a2-4597-bd4c-43a1b434f63f,TN,TN-42,locality,,land,العيون,"[[""ar"", ""العيون""], [""fr"", ""El Ayoun""], [""en"", ""El Ayoun""]]",True,True,8.775710105895996,35.49803924560547,8.935946464538574,35.5709114074707,ec7bfb52-1421-48a5-8c8d-fc9175626e75
e93df9be-5911-478c-a671-d092981c5f8a,TN,TN-81,locality,,land,الحبيب ثامر,"[[""ar"", ""الحبيب ثامر""], [""fr"", ""Habib Thameur""]]",True,True,9.638728141784668,33.77170181274414,9.779446601867676,33.88828659057617,d07b4f18-d11e-478f-bf8d-90441e177e6e
c9cc9ba0-4184-4b05-afc6-e18f95f01ea1,TN,TN-73,county,2,land,معتمدية دوز الجنوبية,"[[""ar"", ""معتمدية دوز الجنوبية""], [""fr"", ""Délégation Douz Sud""]]",True,True,8.731224060058594,32.62429428100586,9.971390724182129,33.505191802978516,f690ca5f-e05a-42c8-b6d7-8b96f4b63061
66991a42-cc38-4d85-bd5e-c35a143390d4,TN,TN-42,locality,,land,برماجنة,"[[""ar"", ""برماجنة""], [""fr"", ""Barmajna""]]",True,True,8.663272857666016,35.577693939208984,8.772584915161133,35.6850700378418,74349472-6d75-491c-9f76-f9e3989e4c93
41637809-f88a-4a22-aadd-deffbceba36d,TN,TN-33,locality,,land,وادي السواني الجنوبي,"[[""ar"", ""وادي السواني الجنوبي""], [""fr"", ""Oued Souani Sud""]]",True,True,8.851567268371582,36.09724426269531,8.996968269348145,36.248680114746094,38801878-0ccc-4ba2-90b2-a1ece0a82ca6
04aec904-a3c9-4849-9c35-a848fd277ad8,TN,TN-41,locality,,land,الشريشيرة,"[[""ar"", ""الشريشيرة""], [""fr"", ""Cherichira""]]",True,True,9.691125869750977,35.63473892211914,9.865023612976074,35.744075775146484,0d96ec38-4362-4a75-9537-7f0597a1d138
b74f8d39-5b8a-4108-aba5-82e9a9487ea7,TN,TN-73,locality,,land,الرابطة,"[[""ar"", ""‫الرابطة‬""], [""fr"", ""Errabta""]]",True,True,8.902948379516602,33.71786880493164,8.9603271484375,33.75206756591797,bd3e7e8f-ed54-40a6-8baf-81632db2c99c
b7eddf7f-ce66-4fbe-b19a-b69c287bf809,TN,TN-41,locality,,land,الشرفة,"[[""ar"", ""الشرفة""], [""fr"", ""Ech-Chorfa""]]",True,True,9.823545455932617,35.76599884033203,10.021814346313477,35.906463623046875,1e54075e-a2ca-4314-958b-cda1bea3c4ca
0b75b144-7004-4f61-8f80-90062aa0d6c1,TN,TN-43,locality,,land,كسودة,"[[""ar"", ""كسودة""], [""fr"", ""Kassouda""]]",True,True,9.836222648620605,35.050018310546875,9.946775436401367,35.16611099243164,1d8bfb5b-d689-41f9-a106-0545b9a80ffe
b36b0ed4-2741-473b-9464-b58d7bce4740,TN,TN-41,locality,,land,الوسلاتية الشرقية,"[[""ar"", ""الوسلاتية الشرقية""], [""fr"", ""El Ooueslatia Est""]]",True,True,9.585101127624512,35.820919036865234,9.62402057647705,35.88559341430664,47d50b68-b8d4-4f81-9174-27fe16310ccc
f4206e86-388a-4485-8474-dfe2d5eb0793,TN,TN-33,locality,,land,القصور,"[[""ar"", ""القصور""], [""fr"", ""El Ksour""], [""fa"", ""القصور""], [""en"", ""El Ksour""]]",True,True,8.850472450256348,35.871498107910156,8.956884384155273,35.94308090209961,7b4ada73-b00a-4b15-afa1-f2346fb1e2d0
b0c81754-68fc-4da6-bba6-1ec3a72132b8,TN,TN-43,locality,,land,الجباس,"[[""ar"", ""الجباس""], [""fr"", ""El Jebbes""]]",True,True,9.574475288391113,34.65680694580078,9.71286392211914,34.78600311279297,9b2cb47d-d945-4a8d-a000-ce0b1bdcb43f
6d8087aa-e99d-42bc-9200-da663c4b711d,TN,TN-33,locality,,land,فرشان,"[[""ar"", ""فرشان""], [""fr"", ""Forchane""]]",True,True,8.382959365844727,36.11509704589844,8.578424453735352,36.253562927246094,797d2739-a6cc-48b3-9c9e-fe244885d1a5
97ce21f4-75ef-4499-88c6-c78120923cf6,TN,TN-41,locality,,land,الحميدات,"[[""ar"", ""الحميدات""], [""fr"", ""El Hmidet""]]",True,True,9.775193214416504,35.457618713378906,9.90933609008789,35.50865173339844,d105c62d-83e3-48a5-a550-f6d31a1c4ccc
c8469b7d-8a7b-42b6-b622-e999a6c2f736,TN,TN-41,locality,,land,حفوز,"[[""en"", ""Haffouz""], [""ar"", ""حفوز""], [""fr"", ""Haffouz""], [""ru"", ""Хаффуз""]]",True,True,9.66274642944336,35.61874771118164,9.681978225708008,35.650115966796875,0daceb02-7c52-4de9-96fd-2bae300db2a1
e3acce68-2130-47d6-b032-c2318062e384,TN,TN-41,locality,,land,المنارة,"[[""ar"", ""المنارة""], [""fr"", ""El Manara""]]",True,True,9.691259384155273,35.218109130859375,9.833635330200195,35.33650588989258,5bc66d7d-9b71-471f-8d01-ce923a704afe
5cac92cd-b5f7-41be-b4fb-73999549a790,TN,TN-61,locality,,land,زليانة,"[[""ar"", ""زليانة""], [""fr"", ""Zeliana""], [""en"", ""Zeliana""]]",True,True,10.270426750183105,34.81059265136719,10.42546558380127,34.899688720703125,7ae712fd-3d73-4796-8434-8d7f6a52c534
506ea4d4-6e58-4dc5-85d8-31e133a02221,TN,TN-83,locality,,land,رمادة الغربية,"[[""ar"", ""رمادة الغربية""], [""fr"", ""Remada Ouest""]]",True,True,8.588325500488281,31.514068603515625,10.438220977783203,32.54642868041992,0fc2f208-af76-4aed-b427-6d35d9ee06cd
997b4f5f-e213-45c3-8056-c81fde509bed,TN,TN-83,locality,,land,المسرب,"[[""ar"", ""المسرب""], [""fr"", ""EL MESREB""]]",True,True,10.300053596496582,32.816226959228516,10.45826244354248,32.92866897583008,4ecf72d1-4395-4abd-8d9e-4db1d17e2392
f5622534-5fc9-4bb4-be9d-ec7e60d3f18e,TN,TN-34,locality,,land,باز,"[[""ar"", ""باز""], [""fr"", ""Bez""]]",True,True,9.079736709594727,35.8603401184082,9.215851783752441,35.92401123046875,f9d206c2-5219-4033-8bc0-620c733c68af
306669ba-1543-435c-81d8-6b10c53bbfd8,TN,TN-41,locality,,land,الفجيج,"[[""ar"", ""الفجيج""], [""fr"", ""El Fejij""]]",True,True,9.771180152893066,35.330196380615234,9.9265775680542,35.47411346435547,fb63de9c-a6de-4bbf-8046-0e360da6cf97
0d00faa1-f86a-4e17-8524-0e04c4608143,TN,TN-33,locality,,land,تاجروين الشمالية,"[[""ar"", ""تاجروين الشمالية""], [""fr"", ""Tajerouine Nord""]]",True,True,8.545848846435547,35.888526916503906,8.61856460571289,35.95063018798828,e57ae9d4-374a-4932-979a-a56468f86b33
9a2b7b68-9631-47a1-9016-b1f64eab033a,TN,TN-43,locality,,land,بئر الحفي,"[[""ar"", ""بئر الحفي""], [""fr"", ""Bir El Hafey""], [""en"", ""Bir El Hafey""]]",True,True,9.099945068359375,34.8925895690918,9.26075553894043,35.0196533203125,d70169a8-582e-4af7-bc59-3246688390cb
09c3e497-c46f-4b32-8588-0a29150183ef,TN,TN-53,locality,,land,هبيرة,"[[""ar"", ""هبيرة""], [""fr"", ""Hebira""], [""en"", ""Hebira""]]",True,True,10.210628509521484,35.13218688964844,10.285152435302734,35.26266098022461,931a33c1-ebf2-44ea-8eef-0ea3e55da830
937dda8e-80d2-47c1-8664-faf941fa3ae0,TN,TN-33,county,2,land,معتمدية القلعة الخصبة,"[[""ar"", ""معتمدية القلعة الخصبة""], [""fr"", ""Délégation Kalaat Khasba""]]",True,True,8.411782264709473,35.637325286865234,8.630658149719238,35.8177604675293,d69bb8f4-845d-4cd6-ac36-7c2a425afc9d
5843dd44-cecd-4d19-a720-90fd72159649,TN,TN-33,locality,,land,الحوض,"[[""ar"", ""الحوض""], [""fr"", ""El Houdh""]]",True,True,8.584193229675293,35.8664665222168,8.737360954284668,35.97489547729492,503e699e-3676-4668-bbce-0c2f6e74b0a4
272f1887-a666-44de-8cf1-915129fac3d7,TN,TN-82,locality,,land,أم التمر الغربية,"[[""ar"", ""أم التمر الغربية""], [""fr"", ""Oum Ettamar Ouest""]]",True,True,10.250887870788574,33.31296920776367,10.457521438598633,33.455265045166016,902f6294-587d-42e3-9ebe-c3cb0aa1a767
a758edcd-af1d-4184-9bd3-69ed354bd281,TN,TN-43,county,2,land,معتمدية الرقاب,"[[""ar"", ""معتمدية ‫الرقاب‬""], [""fr"", ""Délégation Regueb""]]",True,True,9.62641429901123,34.64523696899414,9.968623161315918,34.992191314697266,998cd338-08c0-43dc-a68a-27837b074c7c
7862a43b-8e4e-4995-b0a3-af362e6a730c,TN,TN-42,locality,,land,العويجة,"[[""ar"", ""العويجة""], [""fr"", ""El Aouija""]]",True,True,8.781869888305664,35.02980422973633,8.993125915527344,35.19989013671875,d3f3a52b-2728-4027-98f5-3cbbbc363abd
988f6c43-94f1-4f65-a52f-a56092a3f132,TN,TN-41,locality,,land,المساعيد,"[[""ar"", ""المساعيد""], [""fr"", ""El Messaid""]]",True,True,9.422544479370117,35.674259185791016,9.545321464538574,35.743343353271484,55a2b153-4f9a-4c4a-aebf-1a47fd113388
4c8a9838-11e9-4517-9406-4de4162f1fa1,TN,TN-43,locality,,land,الرضاع,"[[""ar"", ""الرضاع""], [""fr"", ""Erradhaa""]]",True,True,9.802431106567383,34.64523696899414,9.908477783203125,34.7360725402832,b1946557-d953-42c5-b8ad-74d3b3e3fc9c
443df5dc-6624-4052-8983-b5a9d18c036b,TN,TN-42,locality,,land,القرين,"[[""ar"", ""القرين""], [""fr"", ""El Grine""], [""en"", ""El Grine""]]",True,True,8.803337097167969,35.362457275390625,8.915876388549805,35.45668029785156,c48d9766-9d02-4762-9934-93e9075b1dd6
8378edb6-08ed-4544-a627-ce477937eae2,TN,TN-73,locality,,land,ليماقس استفطيمي,"[[""ar"", ""ليماقس استفطيمي""], [""fr"", ""Limagues Steftimi""]]",True,True,9.0013427734375,33.70954132080078,9.350783348083496,34.185428619384766,ed0b9acc-4004-4951-8f27-5270e891946d
65c5e8b5-8a09-49e6-a520-abd7709d700a,TN,TN-81,locality,,land,الفجيج,"[[""ar"", ""الفجيج""], [""fr"", ""El Fejij""]]",True,True,9.655597686767578,34.025611877441406,9.876627922058105,34.113006591796875,4440fcd9-83e5-4a6f-b6c9-2f0be794b9bb
32e0c143-1f05-4526-abce-12116ed37310,TN,TN-71,locality,,land,السوينية,"[[""ar"", ""السوينية""], [""fr"", ""Es-Souinia""]]",True,True,8.852002143859863,34.63604736328125,8.941375732421875,34.724853515625,8d9cd763-7535-4c6b-8097-baf9c9704aa7
36e7d8aa-7607-4bce-964b-4a4ae0130d00,TN,TN-42,locality,,land,إبراهيم الزهار,"[[""ar"", ""إبراهيم الزهار""], [""fr"", ""Brahim Ezzahhar""]]",True,True,9.136710166931152,35.483787536621094,9.330188751220703,35.597652435302734,87c6b50c-20ee-4cc3-9ea9-1846c2b595ea
b4e25130-a4ad-4e95-a6c6-20fdc44ebaf5,TN,TN-73,locality,,land,القلعة,"[[""ar"", ""القلعة""], [""fr"", ""El Golaa""], [""en"", ""El Golaa""]]",True,True,8.924354553222656,33.45429992675781,9.0859956741333,33.520103454589844,06a12bff-9f53-4720-a33d-74ce3271c2c7
06e0a8fe-d9a6-4dbb-9460-556b23ec8ea9,TN,TN-43,locality,,land,قولاب,"[[""ar"", ""قولاب""], [""fr"", ""Gouleb""]]",True,True,9.689452171325684,34.679317474365234,9.815069198608398,34.835113525390625,35f2f8ca-7680-4e04-a81b-19941160edb0
a755bcf0-ce9f-45e1-8316-ea41c74cae8e,TN,TN-34,locality,,land,بو عبد الله,"[[""ar"", ""بو عبد الله""], [""fr"", ""Bou Abdallah""]]",True,True,9.390996932983398,35.8355712890625,9.514199256896973,35.91733932495117,a52652d1-1e1a-4d42-b030-0396c097a0de
549b46ef-1056-4705-9c5e-f322b31c5140,TN,TN-71,locality,,land,عليم,"[[""ar"", ""عليم""], [""fr"", ""Alim""], [""en"", ""Alim""]]",True,True,9.017094612121582,34.54633712768555,9.226788520812988,34.70840072631836,a6b2f573-5d9d-4fea-a7e2-760e79d6a66f
521ba5b5-15c4-45e6-b90f-bcb9879902a5,TN,TN-61,locality,,land,المنار,"[[""ar"", ""‫المنار‬""], [""fr"", ""El Manar""]]",True,True,10.154619216918945,34.39449691772461,10.318220138549805,34.51506805419922,1ea92b62-1c36-4c00-b515-43abd8c55093
cd33416f-298e-44fb-976e-bcbba839f752,TN,TN-41,locality,,land,الخضراء,"[[""ar"", ""الخضراء""], [""fr"", ""El Khadra""]]",True,True,9.916214942932129,35.444026947021484,9.994617462158203,35.513980865478516,3f9a02dc-5fd3-4a23-ab41-3c097a3b7c4e
c5fbffac-4481-414c-b8c8-b0bc4f3c0868,TN,TN-33,locality,,land,ثرمدة,"[[""ar"", ""ثرمدة""], [""fr"", ""Thermda""]]",True,True,8.735092163085938,35.9886474609375,8.932665824890137,36.100345611572266,bc689da3-fd03-4506-bd7d-8d08f160cb2d
5b1922ba-1047-49ab-927b-42dd35975b10,TN,TN-41,locality,,land,الجامع الشمالية,"[[""ar"", ""الجامع الشمالية""], [""fr"", ""El Jemaa Nord""]]",True,True,10.096578598022461,35.67630386352539,10.113515853881836,35.6982536315918,40ed5ad1-fb4d-45e3-a657-9b712266c74b
11a03883-ed5a-4dc2-85fa-b329e89d1e63,TN,TN-53,locality,,land,منزل حشاد,"[[""ar"", ""منزل حشاد""], [""fr"", ""Menzel Hached""], [""en"", ""Menzel Hached""]]",True,True,10.267781257629395,35.13043975830078,10.36164665222168,35.19813919067383,dea3d1fb-0ac5-4a38-b729-d53672d98e3d
b33c35cf-a855-4341-bb53-dff28fe4eb76,TN,TN-83,locality,,land,برج الخضراء,"[[""ar"", ""برج الخضراء""], [""fr"", ""Borj El Khadhra""], [""en"", ""Bordj El Khadra""]]",True,True,9.228837013244629,30.22905731201172,10.304259300231934,31.708450317382812,d1e7e372-6683-4632-bad8-f32462e14bac
bc2f8b97-550d-4899-8150-b216d41a5e8f,TN,TN-43,locality,,land,لسودة,"[[""ar"", ""لسودة""], [""fr"", ""Lessouda""], [""en"", ""Lessouda""]]",True,True,9.449190139770508,35.008419036865234,9.627912521362305,35.14788055419922,d4ae40ff-cbad-47aa-be45-789a990a82ea
84c18653-226e-436b-9ef2-eef6eed7d77f,TN,TN-71,locality,,land,حي السرور,"[[""ar"", ""حي السرور""], [""fr"", ""Cite Essourour""]]",True,True,8.767989158630371,34.43341827392578,8.806243896484375,34.4746208190918,ff24d312-5da4-44be-98f5-a4c9071c97a5
eefb0d7b-53e3-4d9c-9df5-b85f7fa011dd,TN,TN-43,locality,,land,السد,"[[""ar"", ""السد""], [""fr"", ""Essed""]]",True,True,9.649689674377441,34.33354949951172,9.774535179138184,34.521602630615234,eb1654f1-d302-4acc-90be-e12bcfde99d9
03df723a-b3b0-40fa-8238-0304d3a1beac,TN,TN-43,locality,,land,عين رباو,"[[""ar"", ""عين رباو""], [""fr"", ""Ain Rebaou""]]",True,True,9.620755195617676,34.951637268066406,9.780255317687988,35.033931732177734,23edafee-af08-42fa-b11e-29edc8e294f7
ed8a6d94-e4fe-465f-89e8-3d1dfe1985c5,TN,TN-41,locality,,land,خيط الوادي,"[[""ar"", ""خيط الوادي""], [""fr"", ""Khit El Oued""], [""en"", ""Khit el oued""]]",True,True,9.557516098022461,35.643489837646484,9.703319549560547,35.791603088378906,29b8b65e-9e17-473b-9cb5-7fd36b2da2b5
754ea247-14f5-492f-9c7f-e58b64fcb378,TN,TN-81,locality,,land,زمرتن,"[[""ar"", ""زمرتن""], [""fr"", ""Zemarten""], [""en"", ""Zmerten""], [""aeb"", ""زمرتن""]]",True,True,9.915619850158691,33.29322814941406,10.159317016601562,33.44453811645508,326880e6-7e1a-4ec9-be9e-820c95ece0f3
03514a5b-a4b6-4a12-b518-d54b8333dee0,TN,TN-82,locality,,land,كوتين,"[[""ar"", ""كوتين""], [""fr"", ""Koutine""]]",True,True,10.288820266723633,33.407291412353516,10.386938095092773,33.51375198364258,6da451c4-801f-4534-b592-21c628bc0f3c
6cedfd13-0330-4c6c-b175-0445c75e6527,TN,TN-33,locality,,land,الناظور,"[[""ar"", ""الناظور""], [""fr"", ""Nadhour-En""]]",True,True,8.411782264709473,35.668006896972656,8.541702270507812,35.764076232910156,f91dd591-d999-4053-8c2d-751b405cb23e
15962156-8916-4bf7-b36a-19053c79ae2d,TN,TN-51,locality,,land,كروسية الغربية,"[[""ar"", ""كروسية الغربية""], [""fr"", ""Kroussia Ouest""]]",True,True,10.195860862731934,35.716129302978516,10.367074966430664,35.80966567993164,dd0a08e4-d718-49f2-8a3a-71fdfce33622
d69be52a-dfbc-432e-b1a1-534f61d60de6,TN,TN-81,locality,,land,البحاير,"[[""ar"", ""البحاير""], [""fr"", ""El Behaier""]]",True,True,9.272205352783203,33.70828628540039,9.678716659545898,33.9709358215332,050912ca-501f-46a4-9be9-addab72e2efb
b93c1eb4-0ab7-4a2a-8ed2-f613c716bc24,TN,TN-34,locality,,land,مصوج,"[[""ar"", ""مصوج""], [""fr"", ""Massouj""]]",True,True,9.176215171813965,35.96657180786133,9.29407024383545,36.05514907836914,0c3516d1-0dc0-4b6c-bb49-cf297d33aafb
ace3736e-d2cc-47a0-8083-5e95ed8fec22,TN,TN-41,locality,,land,الخزازية,"[[""ar"", ""الخزازية""], [""fr"", ""Khazazia""]]",True,True,10.160863876342773,35.576961517333984,10.307273864746094,35.64290237426758,4cb1a902-40c8-4b5c-a320-c8e5f1113993
1ba64b8b-3f6e-4d9a-9858-22e9527709c2,TN,TN-71,locality,,land,المتلوي المحطة,"[[""ar"", ""المتلوي المحطة""], [""fr"", ""Metlaoui Gare""]]",True,True,8.404656410217285,34.299129486083984,8.434530258178711,34.31575012207031,2001b892-89aa-4361-9981-80bedc53fcd8
e861d952-dcb5-46ee-b0ce-873882c863bc,TN,TN-34,locality,,land,برقو,"[[""ar"", ""برقو""], [""fr"", ""Bargou""], [""en"", ""Bargou""]]",True,True,9.561144828796387,36.08486557006836,9.573184967041016,36.099449157714844,3cb513d1-c5ab-4d10-b593-0ee8a7dbb998
4d3cce2d-1aac-4d77-b512-3bd9f52717ef,TN,TN-34,county,2,land,معتمدية برقو,"[[""ar"", ""معتمدية برقو""], [""fr"", ""Délégation Bargou""]]",True,True,9.474713325500488,35.97270584106445,9.769594192504883,36.22939682006836,ad77493a-f0a5-4f71-ab57-e560244926c9
eb6dddd3-e3c6-4b70-9d9b-79b9d920fbbe,TN,TN-81,locality,,land,شنني الشمالية,"[[""ar"", ""شنني الشمالية""], [""fr"", ""Chenini Nord""]]",True,True,9.977091789245605,33.8508415222168,10.064080238342285,33.8802375793457,21b7bc00-1d42-44a3-9464-2c34c23fc580
143330cb-df38-4ebf-9b93-9dd69a3b4d8f,TN,TN-42,locality,,land,عبد العظيم,"[[""ar"", ""عبد العظيم""], [""fr"", ""Abdeladhim""]]",True,True,8.468487739562988,35.126739501953125,8.64167594909668,35.25583267211914,98ca4b41-b1b7-4784-b30f-f26602c580a2
ebeb675a-3bc8-48e4-ae76-271156185b5a,TN,TN-43,locality,,land,أم العظام 2,"[[""ar"", ""أم العظام 2""], [""fr"", ""Oum El Adham 2""]]",True,True,9.304551124572754,35.05108642578125,9.37527084350586,35.11546325683594,05ada73b-7992-4f3b-aac4-6c4ee4e3239b
363655a8-926b-4c32-97d0-b29b75d937a7,TN,TN-43,locality,,land,الخشم الغربية,"[[""ar"", ""الخشم الغربية""], [""fr"", ""Khechem Ouest""]]",True,True,9.895174980163574,34.990966796875,9.984585762023926,35.063270568847656,99e78942-b716-4022-99ed-f2b02ee7870c
02227ead-dfae-404b-b7ac-c90aa673dbdf,TN,TN-81,locality,,land,الهيشة,"[[""ar"", ""الهيشة""], [""fr"", ""El Hicha""], [""en"", ""El Hicha""]]",True,True,9.905454635620117,34.08978271484375,10.025725364685059,34.21113586425781,2078a3bc-67cc-4e74-ba80-80db8498188d
6dcf29b6-a55f-4041-a42b-3e1b02f516cc,TN,TN-61,county,2,land,معتمدية بئر علي بن خليفة,"[[""ar"", ""معتمدية بئر علي بن خليفة""], [""fr"", ""Délégation Bir Ali Ben Khalifa""]]",True,True,9.872842788696289,34.5224723815918,10.347827911376953,35.00334167480469,c562f703-8714-46e3-8855-0d7ae6924522
1ed8d81a-2cc3-4760-8060-86d5315869af,TN,TN-53,locality,,land,الشحدة الغربية,"[[""ar"", ""الشحدة الغربية""], [""fr"", ""Ech-Chahda Ouest""]]",True,True,10.174371719360352,35.197547912597656,10.322707176208496,35.3349723815918,c84c0693-b73f-4d98-bfe8-9a52727dacad
f5ad7e4d-88c6-43c3-9c6e-874a455fd1c1,TN,TN-34,locality,,land,العرب,"[[""ar"", ""العرب""], [""fr"", ""El Arab""]]",True,True,9.357037544250488,36.07618713378906,9.507033348083496,36.15692901611328,e4b9633d-b87e-4462-afd8-5eb4abc9699a
da17cc5e-0614-4265-b832-c3d983ef7db6,TN,TN-41,locality,,land,واد الخريوع,"[[""ar"", ""واد الخريوع""], [""fr"", ""Oued El Khraouia""]]",True,True,10.052565574645996,36.018489837646484,10.131183624267578,36.106109619140625,6c1e27f2-3b49-4947-8d59-d77768f788d0
7ac6a824-f7f5-483a-88bd-ca1a02daa51c,TN,TN-34,locality,,land,الاقصاب,"[[""ar"", ""الاقصاب""], [""fr"", ""Al Aksab""]]",True,True,9.216628074645996,36.13364028930664,9.346169471740723,36.25123977661133,55898aff-5a91-4b18-85e8-3cc4d3048924
d61e2a8d-8d9f-4711-901f-bf987c86a9b4,TN,TN-73,locality,,land,المنشية,"[[""ar"", ""المنشية""], [""fr"", ""El Menchia""]]",True,True,8.845918655395508,33.74180603027344,9.178682327270508,34.16791915893555,3e4e7ffb-f4be-4fb9-bab6-09c06b64f6e4
a7505918-e468-483b-b99c-97f44a99cae6,TN,TN-41,locality,,land,أحواز الحاجب,"[[""ar"", ""أحواز الحاجب""], [""fr"", ""Ahouaz El Hajeb""]]",True,True,9.45914077758789,35.29774856567383,9.58436107635498,35.40046310424805,0329536b-8a32-4e88-a04b-9ad6107796cf
0f5ba298-5450-4874-8736-23c02a8535cb,TN,TN-42,locality,,land,الدشرة,"[[""ar"", ""الدشرة""], [""fr"", ""Eddachra""]]",True,True,8.587128639221191,35.574119567871094,8.668339729309082,35.710330963134766,8f32c5ba-852a-4ecb-97c4-3bde956d5793
09151990-80b6-4c6b-a554-81af76bd54df,TN,TN-43,locality,,land,الهيشرية,"[[""ar"", ""الهيشرية""], [""fr"", ""El Hichria""], [""en"", ""El Hichria""]]",True,True,9.32726764678955,34.842247009277344,9.461491584777832,34.9483528137207,a30d4687-9c7e-4377-8a10-40079d1969cc
7d6a024c-bb79-4f01-b87f-d6fe82f01955,TN,TN-73,locality,,land,سعيدان,"[[""ar"", ""‫سعيدان‬""], [""fr"", ""Saïdane""], [""en"", ""Saidane""]]",True,True,9.138060569763184,33.64525604248047,9.401061058044434,33.87042236328125,5cb7531c-ccb0-45c4-aacf-4e4d1de6b39e
f916f6b6-8b2c-419b-abd7-7219d1c7fe2d,TN,TN-41,locality,,land,الرويسات,"[[""ar"", ""الرويسات""], [""fr"", ""Errouisset""]]",True,True,9.838623046875,35.70555877685547,9.986429214477539,35.82834243774414,ddad749f-1ae4-48ff-bc99-610020b5c3d5
5aba01da-4af0-458a-8c67-c7cb5bffdf4f,TN,TN-43,locality,,land,الخرشف,"[[""ar"", ""الخرشف""], [""fr"", ""El Khorchef""]]",True,True,9.412853240966797,34.65106964111328,9.564054489135742,34.77680587768555,e0d795ce-7c1a-4f1f-81f1-55c9570588e3
f5b1bea4-bc2a-4fd7-a911-31c1d99cca2a,TN,TN-43,locality,,land,السعيدة الشرقية,"[[""ar"", ""السعيدة الشرقية""], [""fr"", ""Essaida Est""]]",True,True,9.897046089172363,34.85444641113281,10.01634407043457,34.95124053955078,a2d7d7b2-5947-48ff-bb5f-53b0638e24b0
a972389d-7886-4095-a00c-b94d423fa551,TN,TN-43,locality,,land,سيدي خليف,"[[""ar"", ""سيدي خليف""], [""fr"", ""Sidi Khelif""]]",True,True,9.696122169494629,35.10698699951172,9.87320327758789,35.18156051635742,66fc8545-f105-4a26-a499-c78a6d78bc1e
59996d3f-a278-4437-b06f-010e209b62a0,TN,TN-41,locality,,land,الفتح,"[[""ar"", ""الفتح""], [""fr"", ""El Fatah""]]",True,True,10.059272766113281,35.353023529052734,10.176513671875,35.43558120727539,3b2fd119-e1ee-462e-9eae-faf0d633c291
9604a240-38c2-4d0c-8db7-d609ed3eac99,TN,TN-42,locality,,land,الهشيم,"[[""ar"", ""الهشيم""], [""fr"", ""El Hechim""], [""en"", ""El Hechim""]]",True,True,8.885334968566895,34.905338287353516,9.122079849243164,35.089603424072266,a94060fe-13a0-48e5-906a-4374f3218669
f1890849-3524-4bd4-94d4-caae0024f495,TN,TN-42,locality,,land,الأثار,"[[""ar"", ""الأثار""], [""fr"", ""El Athar""]]",True,True,9.020496368408203,35.10093688964844,9.234500885009766,35.22614288330078,06729964-5ba8-4c6e-a7f7-86666b305dae
1143f84f-952c-42c5-bfbd-ed27009e5f0b,TN,TN-33,locality,,land,النعايم,"[[""ar"", ""النعايم""], [""fr"", ""Enneayem""]]",True,True,8.5946683883667,35.74306106567383,8.674901008605957,35.819366455078125,00e33cc7-99c1-4eb2-9aa6-afa315d3f1bc
50fc953c-fe7b-4229-a673-42195d56df61,TN,TN-81,locality,,land,المدو,"[[""ar"", ""المدو""], [""fr"", ""El Medou""], [""en"", ""El Medou""]]",True,True,9.933915138244629,33.745933532714844,10.11392593383789,33.85405731201172,dfc03f09-2054-48c8-8eb8-3e1050bc4504
676e497e-e572-4383-b6fb-46957cbb9cfc,TN,TN-42,county,2,land,معتمدية سبيطلة,"[[""ar"", ""معتمدية سبيطلة""], [""fr"", ""Délégation Sbeitla""]]",True,True,8.799151420593262,35.008888244628906,9.323888778686523,35.47540283203125,1b81988d-b54d-47a1-bc72-84a546f162e1
15906555-e3e9-4943-8b3b-d92bc1fae5ee,TN,TN-42,locality,,land,سيدي حراث,"[[""ar"", ""سيدي حراث""], [""fr"", ""Sidi Harreth""]]",True,True,8.750985145568848,35.208744049072266,8.864771842956543,35.31003189086914,817de394-b542-4882-8028-70a6ec48b56c
2ac02208-9743-4a26-941b-57e376cfc98f,TN,TN-33,locality,,land,عين فضيل,"[[""ar"", ""عين فضيل""], [""fr"", ""Aïn Fedhil""]]",True,True,8.926716804504395,35.84463119506836,9.102529525756836,35.97519302368164,f9039f31-e668-4d22-bec1-cd865b38b057
dc97d102-f5ab-49be-aa72-63545630a532,TN,TN-83,locality,,land,المدينة الجديدة,"[[""ar"", ""المدينة الجديدة""], [""fr"", ""Nouvelle Médina""]]",True,True,10.177168846130371,32.99376678466797,10.382043838500977,33.136592864990234,6011f643-cdc6-4042-8929-ea30c533a48c
7d15f8e9-e582-4231-ac7b-d561d4ca9f57,TN,TN-41,county,2,land,معتمدية حاجب العيون,"[[""ar"", ""معتمدية حاجب العيون""], [""fr"", ""Délégation Hajeb El Ayoun""]]",True,True,9.394853591918945,35.23073959350586,9.728167533874512,35.602806091308594,e905b968-c2ea-4cad-bcb1-188b4e1a5874
84d8920f-0f89-4581-9420-6cb1d99089ad,TN,TN-42,locality,,land,البواجر,"[[""ar"", ""البواجر""], [""fr"", ""El Baouajer""]]",True,True,8.758391380310059,35.54349899291992,8.921329498291016,35.614585876464844,7b396304-d6b8-4507-b5e7-70fb4986d124
2eee135c-96b2-4f6b-9291-515d19478b10,TN,TN-41,locality,,land,الشواشي,"[[""ar"", ""الشواشي""], [""fr"", ""Chaouachi""]]",True,True,9.469600677490234,35.46781921386719,9.58771800994873,35.596473693847656,2b6e0054-008d-4a03-a5fd-4e346b160009
f1b6d9d1-ea4f-490d-9f1b-da2f23a1d51f,TN,TN-61,locality,,land,القنيطرة,"[[""ar"", ""‫القنيطرة‬""], [""fr"", ""El Kenitra""]]",True,True,9.907217025756836,34.16802978515625,10.042539596557617,34.377098083496094,f50d750b-da78-4437-a5c7-f3c62cb59557
d07cbe77-deae-4d96-9402-11123d45f64b,TN,TN-81,locality,,land,المنطقة الثانية,"[[""ar"", ""المنطقة الثانية""], [""fr"", ""Secteur 2""]]",True,True,10.08449935913086,33.87177276611328,10.11014175415039,33.882286071777344,1ba6c642-0cdc-40d4-a081-1bd65f01762b
e951581d-6fcc-40e4-9331-7af1eeb42da2,TN,TN-81,county,2,land,معتمدية مطماطة الجديدة,"[[""ar"", ""معتمدية مطماطة الجديدة""], [""fr"", ""Délégation Nouvelle Matmata""]]",True,True,9.540849685668945,33.48588180541992,10.15779972076416,33.74905776977539,ab44ff1d-e7ce-4d83-a0cd-e302182ed344
d5e542a2-de25-4f88-b903-83badcdbef06,TN,TN-43,locality,,land,الشواشية,"[[""ar"", ""الشواشية""], [""fr"", ""Ech-Cheouachia""]]",True,True,9.827191352844238,35.00674819946289,9.903029441833496,35.069801330566406,dd285d1e-fd40-4562-bdef-02a7e2025ab7
f78620d2-ece1-4069-991a-2b93363373f1,TN,TN-71,locality,,land,منزل القمودي,"[[""ar"", ""منزل القمودي""], [""fr"", ""Menzel Gamoudi""]]",True,True,8.807305335998535,34.578369140625,8.953749656677246,34.68190002441406,fb2fd0ce-dbbf-403d-8786-cf56f6ed5ba0
82367b9b-c0e8-49d5-8148-d58a6bd0f92a,TN,TN-83,locality,,land,بئر الثلاثين,"[[""ar"", ""بئر الثلاثين""], [""fr"", ""BIR THALATHINE""]]",True,True,10.244041442871094,32.57771682739258,10.45358657836914,32.82106018066406,88f1a27c-3a1a-40c1-8b5c-df805b63f847
5f432c62-f0e9-4504-b6ff-6fd11cf8d7c9,TN,TN-43,locality,,land,رحال,"[[""ar"", ""رحال""], [""fr"", ""Rahal""]]",True,True,9.306723594665527,34.73208999633789,9.422292709350586,34.84920120239258,fee247c3-8eb2-45bb-87e5-ee927c4113fb
620fab85-29c4-4974-a12d-0bbea0584416,TN,TN-73,locality,,land,دوز الشرقية,"[[""ar"", ""دوز الشرقية""], [""fr"", ""Douz Est""]]",True,True,9.110941886901855,32.961421966552734,10.011665344238281,33.55413055419922,1d4c50e9-7353-4858-937c-2189558b45ab
ba538c1a-e577-4f6a-b3c3-da3fd00dcbb5,TN,TN-73,locality,,land,تلمين,"[[""ar"", ""‫تلمين‬""], [""fr"", ""Telmine""], [""en"", ""Telmine""]]",True,True,8.895950317382812,33.694007873535156,8.92396068572998,33.7200813293457,928b1f90-21f2-45b2-aac9-a841f1de1b42
3c8b06c3-5a1a-4555-b54c-b7db4b2523f6,TN,TN-42,locality,,land,الدولاب,"[[""ar"", ""الدولاب""], [""fr"", ""Eddouleb""]]",True,True,8.965425491333008,35.2868766784668,9.171960830688477,35.46682357788086,ac0ab506-4753-4df1-87f5-ae5b7b848a25
dfcb82c6-79b1-432d-bf13-0c14e9ea98d1,TN,TN-41,locality,,land,التبان,"[[""ar"", ""التبان""], [""fr"", ""Ettaben""]]",True,True,10.10181713104248,35.64372253417969,10.131706237792969,35.676326751708984,6d9a39dd-0763-406d-a7bc-151d91c1fd23
c5f46da5-06f3-4a40-945b-3e33005cd44b,TN,TN-33,county,2,land,معتمدية الجريصة,"[[""ar"", ""معتمدية الجريصة""], [""fr"", ""Délégation Djérissa""]]",True,True,8.536961555480957,35.74306106567383,8.76183795928955,35.888851165771484,420bd5bb-c94d-4b3d-8a8b-236236f0cc8b
ae7f9b3f-adfd-4f69-84f0-7b26c9bad0dc,TN,TN-42,locality,,land,وادي الرشح,"[[""ar"", ""وادي الرشح""], [""fr"", ""Oued Errachech""]]",True,True,8.700383186340332,35.40610885620117,8.757384300231934,35.454803466796875,5b3dd3e0-1a5d-41fe-99ff-13a60fc1515c
de982e4a-ce95-4d2d-89bc-cb30857e388d,TN,TN-43,locality,,land,القلال,"[[""ar"", ""القلال""], [""fr"", ""El Gallel""], [""en"", ""El Gallel""]]",True,True,9.263204574584961,34.63153839111328,9.439229011535645,34.760433197021484,cd77a53f-c445-435e-ac61-f246d6daa2dd
af064128-e57f-4a3d-8b32-6c8532bcdad2,TN,TN-42,locality,,land,البريكة,"[[""ar"", ""البريكة""], [""fr"", ""El Brika""]]",True,True,8.568455696105957,35.19547653198242,8.742539405822754,35.29033279418945,de6bfccb-e8a9-475c-bbf2-6c953a522102
a8c5c60e-76ab-4c76-89c2-2c3f75f37dc1,TN,TN-42,locality,,land,حناشي,"[[""ar"", ""حناشي""], [""fr"", ""Hanachi""]]",True,True,8.386980056762695,34.8802490234375,8.515827178955078,34.98160171508789,54a8dcf5-08a2-48b6-99c5-087f6802ec02
2ef4ae94-2eac-4431-99c2-77d25a702309,TN,TN-42,locality,,land,حي السرور,"[[""ar"", ""حي السرور""], [""fr"", ""Cite Essourour""]]",True,True,9.12042236328125,35.209774017333984,9.151900291442871,35.23067092895508,e3dd31f4-3ae8-4201-8e80-b7f5bc49203d
8170653e-0e0b-45d2-9bbb-708c3b4ed553,TN,TN-61,locality,,land,الخضراء,"[[""ar"", ""‫الخضراء‬""], [""fr"", ""El Khadhra""]]",True,True,9.711097717285156,34.1683349609375,9.965921401977539,34.30624771118164,eb128821-6170-4bdf-92c8-618ba946ae7b
7aec2c4f-9719-4950-ab34-9d91c7b8ded2,TN,TN-71,locality,,land,الدوارة,"[[""ar"", ""الدوارة""], [""fr"", ""Daouara""]]",True,True,8.4285249710083,34.39856719970703,8.637133598327637,34.594642639160156,4588a34a-9df4-43c6-95e5-ee5623a3fc7c
d657ab24-3b43-43aa-a522-238c9cd8cc1f,TN,TN-71,locality,,land,السقي القبلي,"[[""ar"", ""السقي القبلي""], [""fr"", ""Segui Sud""]]",True,True,8.326157569885254,34.05263900756836,8.603009223937988,34.31454086303711,cb9a1005-6aa4-4092-8226-72df10347299
8fde0a4f-3e51-416d-9543-469047f76c1d,TN,TN-81,locality,,land,بوشمة,"[[""ar"", ""بوشمة""], [""fr"", ""Bouchemma""], [""en"", ""Bouchamma""], [""de"", ""Bouchemma""]]",True,True,9.969257354736328,33.873592376708984,10.083797454833984,33.940826416015625,6cef8eeb-ddfc-45da-9785-cb88b73be584
2654aff1-1f8c-47f6-83e0-a44acd6e0122,TN,TN-34,county,2,land,معتمدية الروحية,"[[""ar"", ""معتمدية الروحية""], [""fr"", ""Délégation Errouhia""]]",True,True,8.964005470275879,35.47725296020508,9.464065551757812,35.83620071411133,66e39ca2-4a5c-40b7-bc37-6281898b0bc4
3e447f25-af9d-4335-94f6-36b445329be2,TN,TN-43,locality,,land,الرضاع الشرقية,"[[""ar"", ""الرضاع الشرقية""], [""fr"", ""Erradhaa Est""]]",True,True,9.812149047851562,34.67871856689453,9.918159484863281,34.754302978515625,4b99d862-1195-4488-a659-232cd65d0962
c5bb09d6-6348-43f2-83ff-336bfc475356,TN,TN-42,locality,,land,عين السلسلة,"[[""ar"", ""عين السلسلة""], [""fr"", ""Ain Esselsela""]]",True,True,8.889073371887207,35.5282096862793,9.005518913269043,35.61756134033203,3adffdf1-d2df-40c1-840d-1ed6c444e0f7
41713c73-fd63-479d-ab28-1cec5d2a95aa,TN,TN-82,locality,,land,القصر الجديد,"[[""ar"", ""القصر الجديد""], [""fr"", ""Ksar El Jedid""], [""en"", ""Ksar Jedid""], [""aeb"", ""القصر الجديد""]]",True,True,10.235114097595215,33.2546501159668,10.357436180114746,33.3398323059082,95e38add-2c39-4fb7-924b-60eaffa38122
6a3abef6-1751-4380-bff2-d281577137fd,TN,TN-82,locality,,land,رحالة,"[[""ar"", ""رحالة""], [""fr"", ""Rahala""]]",True,True,10.22334098815918,33.20425033569336,10.299396514892578,33.269493103027344,e7a21ea3-154d-40b7-96e9-5910da5e6353
40682a84-8c9a-445f-a4cd-63e4dab0c919,TN,TN-83,locality,,land,الدويرات,"[[""ar"", ""الدويرات""], [""fr"", ""Edouiret""]]",True,True,9.895429611206055,32.74001693725586,10.326021194458008,32.88216781616211,b1fcff1f-c0f6-43eb-80a1-ddb853f92e5c
2fcb985c-6536-412d-9a4b-7932fd552b9d,TN,TN-33,county,2,land,معتمدية القصور,"[[""ar"", ""معتمدية القصور""], [""fr"", ""Délégation El Ksour""]]",True,True,8.797551155090332,35.680419921875,9.102529525756836,35.97519302368164,4d47a6b2-ccfa-4d56-982b-17da275a62df
21a24a68-e41f-4238-9b66-e5c41634a9bc,TN,TN-42,locality,,land,خمودة الشمالية,"[[""ar"", ""خمودة الشمالية""], [""fr"", ""Khmouda nord""]]",True,True,8.722152709960938,35.3047981262207,8.84770679473877,35.38835144042969,dda967ae-450a-4cc5-b57d-316ffd8bbfef
95b2058e-735a-4f25-b8d4-6a1620deb0df,TN,TN-51,locality,,land,البشاشمة,"[[""ar"", ""البشاشمة""], [""fr"", ""Bchechma""], [""en"", ""Bechechema""]]",True,True,10.157702445983887,35.770809173583984,10.210741996765137,35.85008239746094,b1dec374-f2eb-47ad-b6ad-7fc13eb2c0fa
38aa4f7c-5fb9-4dbe-93cd-ac3150093999,TN,TN-34,locality,,land,بو عجيلة,"[[""ar"", ""بو عجيلة""], [""fr"", ""Bou Ajila""]]",True,True,9.114714622497559,35.59764862060547,9.212272644042969,35.70975112915039,cda7c7e5-34ea-4461-99de-6535ec492aad
92f2ffa8-0440-4269-9c1b-381d55604157,TN,,country,0,maritime,تونس,"[[""hy"", ""Թունիս""], [""se"", ""Tunisia""], [""ku"", ""Tûnis""], [""crh"", ""Tunis""], [""ss"", ""IThunisiya""], [""bs"", ""Tunis""], [""stq"", ""Tunesien""], [""ba"", ""Тунис""], [""als"", ""Tunesien""], [""lb"", ""Tunesien""], [""hr"", ""Tunis""], [""ta"", ""துனீசியா""], [""ka"", ""ტუნისი""], [""ar"", ""تونس""], [""nov"", ""Tunisia""], [""yue"", ""突尼西亞""], [""fr"", ""Tunisie""], [""lfn"", ""Tunis""], [""is"", ""Túnis""], [""nah"", ""Tunez""], [""ug"", ""تۇنىس""], [""lv"", ""Tunisija""], [""eu"", ""Tunisia""], [""mdf"", ""Тунис""], [""kl"", ""Tunisia""], [""rn"", ""Tuniziya""], [""am"", ""ቱኒዚያ""], [""hif"", ""Tunisia""], [""mt"", ""Tuneżija""], [""nso"", ""Tunisia""], [""bn"", ""তিউনিসিয়া""], [""rw"", ""Tunisiya""], [""uz"", ""Tunis""], [""mzn"", ""تونس""], [""zh-Hant-TW"", ""突尼西亞""], [""uk"", ""Туніс""], [""szl"", ""Tůnezyjo""], [""si"", ""ටියුනීසියාව""], [""li"", ""Tunesië""], [""ky"", ""Тунис""], [""ksh"", ""Tuneesije""], [""pa"", ""ਤੁਨੀਸੀਆ""], [""ga"", ""An Túinéis""], [""ceb"", ""Tunisia""], [""br"", ""Tunizia""], [""lmo"", ""Tünisia""], [""sms"", ""Tunisia""], [""tt"", ""Тунис""], [""war"", ""Tunisia""], [""so"", ""Tunisiya""], [""pt-PT"", ""Tunísia""], [""pt"", ""Tunísia""], [""zh-Latn-pinyin"", ""Tūníxīyà""], [""cs"", ""Tunisko""], [""zu"", ""ITunisia""], [""smn"", ""Tunisia""], [""lo"", ""ຕູນິເຊຍ""], [""gl"", ""Tunisia""], [""gn"", ""Tunísia""], [""nds"", ""Tunesien""], [""ts"", ""Tunisia""], [""el"", ""Τυνησία""], [""it"", ""Tunisia""], [""sc"", ""Tunisia""], [""su"", ""Tunisia""], [""ca"", ""Tunísia""], [""pt-BR"", ""Tunísia""], [""os"", ""Тунис""], [""vi"", ""Tunisia""], [""la"", ""Tunesia""], [""tg"", ""Тунис""], [""mg"", ""Tonizia""], [""yo"", ""Tùnísíà""], [""tzl"", ""Tünis""], [""dv"", ""ތޫނިސް""], [""tl"", ""Tunisya""], [""nl"", ""Tunesië""], [""zh-Hans"", ""突尼斯""], [""bg"", ""Тунис""], [""gv"", ""Yn Tooneesh""], [""bxr"", ""Тунис""], [""ckb"", ""توونس""], [""ko"", ""튀니지""], [""rm"", ""Tunesia""], [""or"", ""ଟ୍ୟୁନିସିଆ""], [""eo"", ""Tunizio""], [""tk"", ""Tunis""], [""mk"", ""Тунис""], [""dz"", ""ཊུ་ནི་ཤི་ཡ""], [""oc"", ""Tunisia""], [""haw"", ""Tunisia""], [""et"", ""Tuneesia""], [""af"", ""Tunisië""], [""gag"", ""Tunis""], [""de"", ""Tunesien""], [""bm"", ""Tunizi""], [""ps"", ""تونس""], [""scn"", ""Tunisìa""], [""yi"", ""טוניסיע""], [""ha"", ""Tunisiya""], [""cy"", ""Tunisia""], [""ki"", ""Tunisia""], [""sn"", ""Tunisia""], [""ace"", ""Tunisia""], [""to"", ""Tunīsia""], [""bjn"", ""Tunisia""], [""pap"", ""Tunesia""], [""azb"", ""تونیس""], [""be-Latn-tarask"", ""Туніс""], [""diq"", ""Tunıs""], [""cv"", ""Тунис""], [""ur"", ""تونس""], [""pam"", ""Tunisia""], [""arc"", ""ܬܘܢܣ""], [""nan"", ""Tunisia""], [""fy"", ""Tuneezje""], [""ln"", ""Tunisia""], [""zgh"", ""ⵜⵓⵏⵙ""], [""jv"", ""Tunisia""], [""bat-smg"", ""Tonėsos""], [""jbo"", ""tunis""], [""ru"", ""Тунис""], [""ht"", ""Tinizi""], [""vro"", ""Tuneesiä""], [""kw"", ""Tunisi""], [""ml"", ""ടുണീഷ്യ""], [""th"", ""ประเทศตูนิเซีย""], [""id"", ""Tunisia""], [""ce"", ""Тунис""], [""pnb"", ""ٹیونس""], [""sq"", ""Tunizia""], [""ia"", ""Tunisia""], [""arz"", ""تونس""], [""sr-Latn"", ""Tunis""], [""sv"", ""Tunisien""], [""udm"", ""Тунис""], [""tr"", ""Tunus""], [""da"", ""Tunesien""], [""my"", ""တူနီးရှားနိုင်ငံ""], [""sg"", ""Tunizïi""], [""chr"", ""ᏚᏂᏏᏍᎠ""], [""sr-Cyrl"", ""Тунис""], [""wo"", ""Tiniisi""], [""lg"", ""Tunisya""], [""zh-Hans-CN"", ""突尼斯""], [""ku-Arab"", ""توونس""], [""xal"", ""Тунисин Орн""], [""simple"", ""Tunisia""], [""zh-Hant"", ""突尼西亞""], [""en"", ""Tunisia""], [""gu"", ""ટ્યુનિશિયા""], [""he"", ""תוניסיה""], [""sah"", ""Тунис""], [""new"", ""ट्युनिसिया""], [""ilo"", ""Tunisia""], [""kn"", ""ಟುನೀಶಿಯ""], [""tok"", ""ma Tunisi""], [""gd"", ""Tuinisia""], [""syc"", ""ܬܘܢܣ""], [""sk"", ""Tunisko""], [""fur"", ""Tunisie""], [""mrj"", ""Тунис""], [""lad"", ""Tunesia""], [""frp"", ""Tunisie""], [""az"", ""Tunis""], [""wa"", ""Tunizeye""], [""lij"", ""Tunixia""], [""es"", ""Túnez""], [""ak"", ""Tunihyia""], [""fo"", ""Tunesia""], [""hi"", ""ट्यूनिशिया""], [""vo"", ""Tünisän""], [""bcl"", ""Tunisya""], [""te"", ""ట్యునీషియా""], [""mr"", ""ट्युनिसिया""], [""bpy"", ""তিউনিসিয়া""], [""ie"", ""Tunisia""], [""ext"", ""Túnis""], [""an"", ""Tunicia""], [""sco"", ""Tunisie""], [""nn"", ""Tunisia""], [""io"", ""Tunizia""], [""sw"", ""Tunisia""], [""be"", ""Туніс""], [""qu"", ""Tunisya""], [""ang"", ""Tunisia""], [""mi"", ""Tūnihia""], [""kab"", ""Tunes""], [""hsb"", ""Tuneziska""], [""ja"", ""チュニジア""], [""sa"", ""टुनिशिया""], [""ast"", ""Tunicia""], [""grc"", ""Τυνησία""], [""fi"", ""Tunisia""], [""bo"", ""ཏུ་ནི་ཤི་ཡ།""], [""ro"", ""Tunisia""], [""kg"", ""Tunisia""], [""ne"", ""टुनिसिया""], [""ee"", ""Tunisia""], [""ff"", ""Tunisii""], [""lt"", ""Tunisas""], [""no"", ""Tunisia""], [""wuu"", ""突尼斯""], [""vec"", ""Tunixia""], [""km"", ""ទុយនេស៊ី""], [""kk"", ""Тунис""], [""sl"", ""Tunizija""], [""pms"", ""Tunisìa""], [""ti"", ""ቱኒዢያ""], [""fa"", ""تونس""], [""mn"", ""Тунис""], [""pnt"", ""Τυνησίαν""], [""zh"", ""突尼斯 / 突尼西亞""], [""ms"", ""Tunisia""], [""hu"", ""Tunézia""], [""nv"", ""Ghą́ą́ʼaskʼidii Biłikahii Bikéyah Yázhí""], [""pl"", ""Tunezja""], [""zh-Hant-CN"", ""突尼斯""], [""ks"", ""تونس""], [""sh"", ""Tunis""]]",False,True,7.521979808807373,30.22905731201172,11.88011360168457,37.76121139526367,006a49e8-ea13-49f7-af64-8ba7d7851649
36dc9bb7-829d-43f7-b225-aa98ced8518b,TN,TN-73,locality,,land,نويل الجنوبية,"[[""ar"", ""نويل الجنوبية""], [""fr"", ""Nouil Sud""]]",True,True,8.843822479248047,33.44245910644531,8.960541725158691,33.505191802978516,b9df0739-a0a8-4a4b-8e63-678aafb86e66
f718cc86-c911-4fa7-a91d-de2dbfabe303,TN,TN-41,locality,,land,الفريوات,"[[""ar"", ""الفريوات""], [""fr"", ""El Friouet""], [""en"", ""Friouet""]]",True,True,9.930964469909668,35.945404052734375,10.039291381835938,36.03877258300781,9a588ca0-faad-4f41-b8b5-25218a67957c
c00e0ea3-ce48-45f3-824e-e164a49911ac,TN,TN-41,locality,,land,الكبارة,"[[""ar"", ""الكبارة""], [""fr"", ""El Kabbara""]]",True,True,9.690454483032227,35.166107177734375,9.87320327758789,35.228755950927734,b57e854e-2296-4031-af5c-7b4ab1cf59c5
0c556f1a-eb65-4baa-84d7-c8e11855908e,TN,TN-43,locality,,land,ريحانة,"[[""ar"", ""ريحانة""], [""fr"", ""Rihana""]]",True,True,9.62641429901123,34.77396774291992,9.761307716369629,34.87932586669922,597c83c1-e48f-4eec-9d4b-bad0639357f7
d42219d9-d306-43d5-8f69-dffe3623c149,TN,TN-71,region,1,land,ولاية قفصة,"[[""bs"", ""Gafsa""], [""hr"", ""Gafsa""], [""ar"", ""ولاية قفصة""], [""fr"", ""Gouvernorat Gafsa""], [""lv"", ""Gafsa""], [""uk"", ""Гафса (вілаєт)""], [""ceb"", ""Gafsa Governorate""], [""pt-PT"", ""Gafsa""], [""pt"", ""Gafsa (província)""], [""cs"", ""Gafsa""], [""zu"", ""Gafsa Governorate""], [""el"", ""Κάφσα (Κυβερνείο)""], [""it"", ""Gafsa""], [""ca"", ""Governació de Gafsa""], [""pt-BR"", ""Gafsa""], [""vi"", ""Gafsa""], [""nl"", ""Gafsa (gouvernement)""], [""zh-Hans"", ""加夫萨""], [""bg"", ""Гафса (област)""], [""ko"", ""가프사주""], [""et"", ""Gafsa""], [""de"", ""Gouvernement Gafsa""], [""cy"", ""Gafsa (talaith)""], [""azb"", ""قفصه""], [""frr"", ""Gafsa (Guwernement)""], [""be-Latn-tarask"", ""Гафса (вілает)""], [""ur"", ""قفصہ""], [""ru"", ""Гафса (вилайет)""], [""th"", ""กาฟซา""], [""id"", ""Kegubernuran Gafsa""], [""sr-Latn"", ""Gafsa""], [""sv"", ""Gafsa""], [""tr"", ""Kafsa ili""], [""da"", ""Gafsa""], [""zh-Hant"", ""加夫薩""], [""en"", ""Gafsa""], [""he"", ""גאפסה""], [""sk"", ""Gafsa""], [""az"", ""Qafsa (vilayət)""], [""es"", ""Gobernación de Gafsa""], [""sco"", ""Gafsa Govrenorate""], [""be"", ""Гафса (вілает)""], [""kab"", ""قفصة""], [""ja"", ""ガフサ県""], [""fi"", ""Gafsa (kuvernementti)""], [""ro"", ""Guvernoratul Gafsa""], [""lt"", ""Gafsos vilajetas""], [""no"", ""Gafsa (guvernement)""], [""sl"", ""Gafsa""], [""fa"", ""قفصه""], [""zh"", ""加夫薩省""], [""ms"", ""Kawasan kegabenoran Gafsa""], [""hu"", ""Gafsza kormányzóság""], [""pl"", ""Gubernatorstwo Kafsa""], [""sh"", ""Gafsa (vilajet)""]]",True,True,8.041678428649902,34.05263900756836,9.560730934143066,34.81023025512695,e6045399-8aa6-4ed6-8838-c67f4847dee0
f75c9ed4-fbfe-4377-adc0-06818a391041,TN,TN-42,locality,,land,الخضراء,"[[""ar"", ""الخضراء""], [""fr"", ""El Khadhra""]]",True,True,8.793621063232422,35.157958984375,8.822423934936523,35.17802047729492,346ea4a9-d4f4-4bb0-ab99-cfb65d980106
02c592b9-271f-4662-8acd-8af736c9ac53,TN,TN-41,locality,,land,سيدي مسعود,"[[""ar"", ""سيدي مسعود""], [""fr"", ""Sidi Messaoud""]]",True,True,9.811781883239746,35.94563674926758,9.975332260131836,36.07538986206055,2c4fab9d-3652-43e3-b433-59249ef9a25d
0245cada-1c81-4286-8880-b580cefd6083,TN,TN-71,locality,,land,السند الشمالية,"[[""ar"", ""السند الشمالية""], [""fr"", ""Sned Nord""]]",True,True,9.192065238952637,34.532249450683594,9.35023021697998,34.59703063964844,85a37fa6-bbea-4d52-82a1-27e6f7efb902
cf18aad2-6313-42b5-a2f7-faa8f0965d49,TN,TN-34,county,2,land,معتمدية مكثر,"[[""ar"", ""معتمدية مكثر""], [""fr"", ""Délégation Makthar""]]",True,True,9.016557693481445,35.75147247314453,9.309712409973145,35.98860168457031,1eba7045-2fbd-4513-bdcc-b08a08822bc6
86b70ae1-1912-4e83-8392-24dc366262d1,TN,TN-82,locality,,land,وادي الخيل,"[[""ar"", ""وادي الخيل""], [""fr"", ""Oued El Khil""], [""aeb"", ""وادي الخيل""]]",True,True,10.233965873718262,33.14704895019531,10.353507995605469,33.23472213745117,eb6f6b28-640b-4918-a694-fd8c07012ca0
c7cc046f-aa62-4e3e-b1b3-cc000e98b4aa,TN,TN-71,locality,,land,المظيلة المركز,"[[""ar"", ""المظيلة المركز""], [""fr"", ""Mdhila Centre""]]",True,True,8.732203483581543,34.27088928222656,8.846701622009277,34.34123229980469,c6a61daa-aa74-4d17-b160-a23f717f4505
3c910a62-9eae-49b4-988e-1c275fe51034,TN,TN-81,region,1,land,ولاية قابس,"[[""bs"", ""Gabès""], [""hr"", ""Gabès""], [""ar"", ""ولاية قابس""], [""fr"", ""Gouvernorat Gabès""], [""lv"", ""Gabē""], [""uk"", ""Габес (вілаєт)""], [""ceb"", ""Gouvernorat de Gabès""], [""pt-PT"", ""Gabès""], [""pt"", ""Gabès (província)""], [""cs"", ""Gabès""], [""zu"", ""Gabès Governorate""], [""el"", ""Γκαμπές (Κυβερνείο)""], [""it"", ""Gabès""], [""ca"", ""Governació de Gabès""], [""pt-BR"", ""Gabès""], [""vi"", ""Gabès""], [""nl"", ""Gabès (gouvernement)""], [""zh-Hans"", ""加贝斯""], [""bg"", ""Габес (област)""], [""ko"", ""가베스주""], [""et"", ""Gabès""], [""de"", ""Gouvernement Gabès""], [""cy"", ""Gabès (talaith)""], [""azb"", ""قابس""], [""frr"", ""Gabès (Guwernement)""], [""be-Latn-tarask"", ""Габэс (вілает)""], [""ur"", ""قابس""], [""ru"", ""Габес (вилайет)""], [""th"", ""เกบส์""], [""id"", ""Kegubernuran Gabès""], [""pnb"", ""قابس""], [""sr-Latn"", ""Gabeš""], [""sv"", ""Gabès (guvernement)""], [""tr"", ""Kabes Vilayeti""], [""da"", ""Gabès""], [""zh-Hant"", ""加貝斯""], [""en"", ""Gabès""], [""he"", ""גאבס (מחוז)""], [""sk"", ""Gabès""], [""az"", ""Qabes (vilayət)""], [""es"", ""Gobernación de Gabès""], [""sco"", ""Gabès Govrenorate""], [""be"", ""Габес (вілает)""], [""ja"", ""ガベズ県""], [""fi"", ""Gabès (kuvernementti)""], [""ro"", ""Guvernoratul Gabès""], [""lt"", ""Gabeso vilajetas""], [""no"", ""Gabès (guvernement)""], [""sl"", ""Gabes""], [""fa"", ""قابس""], [""zh"", ""加貝斯省""], [""ms"", ""Kawasan kegabenoran Gabès""], [""hu"", ""Gabès kormányzóság""], [""pl"", ""Gubernatorstwo Kabis""], [""ks"", ""قابس""], [""sh"", ""Gabes (vilajet)""]]",True,True,9.247391700744629,33.26987838745117,10.480246543884277,34.28262710571289,facb2e4e-d8a7-4f2c-bbf3-bf164f169eff
128b6194-3c62-4016-bd32-b74f62269f9f,TN,TN-61,county,2,land,معتمدية الغريبة,"[[""ar"", ""معتمدية الغريبة""], [""fr"", ""Délégation El Ghraiba""]]",True,True,10.068370819091797,34.34788131713867,10.36288070678711,34.62055206298828,348009f8-1375-45eb-abae-f67f70e0b8c6
d8f4fb10-fe79-4456-a55b-9bdd933a7e87,TN,TN-71,locality,,land,الرحيبة الجنوبية,"[[""ar"", ""الرحيبة الجنوبية""], [""fr"", ""Er-Rahiba Sud""]]",True,True,8.832831382751465,34.43240737915039,8.964153289794922,34.563392639160156,77949e38-9f60-4779-a3b5-42abd2196dac
adb0bc51-ef29-4f0d-a295-fca7fa70f081,TN,TN-42,locality,,land,الزهور الغربي 1,"[[""ar"", ""الزهور الغربي 1""], [""fr"", ""Ezzouhour Ouest 1""]]",True,True,8.832216262817383,35.15495681762695,8.837909698486328,35.162681579589844,dc432d59-1eb0-47e3-bef0-a53bf7fdc3c4
796ecbe3-9a12-413e-bd53-373d49720e41,TN,TN-42,county,2,land,معتمدية القصرين الشمالية,"[[""ar"", ""معتمدية القصرين الشمالية""], [""fr"", ""Délégation Kasserine Nord""]]",True,True,8.700425148010254,35.14984893798828,8.876724243164062,35.28181076049805,d52cc3a4-2853-41f9-88fe-7242a83d2780
6aaeac23-c9f6-4fb8-9f7e-19a883cd9d8f,TN,TN-71,locality,,land,قفصة الشرقية,"[[""ar"", ""قفصة الشرقية""], [""fr"", ""Gafsa Est""]]",True,True,8.789523124694824,34.409488677978516,8.820855140686035,34.44489288330078,e3867be7-e450-4a03-9d5f-227bb09c996c
96a94f33-3aa6-4969-8654-17a7a5e8a3bc,TN,TN-34,locality,,land,مدينة سليانة,"[[""ar"", ""مدينة سليانة""], [""fr"", ""Siliana Ville""]]",True,True,9.346245765686035,36.08277130126953,9.374470710754395,36.09663772583008,7f1333c1-9c8c-4a49-ba32-e4553c35091e
0f25cf43-c964-481a-b3e8-6fec455bd6bd,TN,TN-82,locality,,land,الحميمة,"[[""ar"", ""الحميمة""], [""fr"", ""El Hamaima""]]",True,True,10.093247413635254,33.32107162475586,10.268980979919434,33.42366409301758,3b5dafe0-ad07-42e0-a404-7ded5f9accc2
05ca306a-dcbf-48a5-8939-77eafec71ab4,TN,TN-71,locality,,land,سيدي عيش,"[[""ar"", ""سيدي عيش""], [""fr"", ""Sidi Aich""], [""en"", ""Sidi Aich""]]",True,True,8.754666328430176,34.63361740112305,8.815167427062988,34.755977630615234,f9f58494-8cf3-4357-9b90-9a5e6548dcb5
fe22adfd-2146-4e2c-9b5d-ff4b3fe4257b,TN,TN-41,locality,,land,المنصورة الشمالية,"[[""ar"", ""المنصورة الشمالية""], [""fr"", ""Elmansoura Nord""]]",True,True,10.070937156677246,35.64851760864258,10.096242904663086,35.67238235473633,732acd83-9981-4c07-b9b1-0a68eee35933
fcc5dd78-2819-4410-b7c1-048fc476e534,TN,TN-42,county,2,land,معتمدية فوسانة,"[[""ar"", ""معتمدية فوسانة""], [""fr"", ""Délégation Foussana""]]",True,True,8.310968399047852,35.19547653198242,8.84770679473877,35.48634338378906,da70137c-d885-4e26-a07e-60b67ece7da1
8b225540-d262-4499-ab4a-b796e5caec14,TN,TN-73,locality,,land,قبلي الشمالية,"[[""ar"", ""‫‫قبلي الشمالية‬‬""], [""fr"", ""Kébili Nord""]]",True,True,8.972214698791504,33.700218200683594,9.042638778686523,33.7475700378418,42198c37-a004-48ca-9221-fb56714fe482
b1a99e73-e196-41e7-ad2f-48601644677f,TN,TN-81,locality,,land,واريفين,"[[""ar"", ""واريفين""], [""fr"", ""Ourafinine""]]",True,True,10.133661270141602,33.52170181274414,10.234665870666504,33.633056640625,968c4e20-e26a-4165-8891-95aded339ea7
5c178ece-c6b1-4467-a93a-c775ef688329,TN,TN-42,locality,,land,el filej awled benjeh,"[[""en"", ""el filej awled benjeh""], [""ar"", ""الفيلاج أولاد بنجاح""], [""fr"", ""el filej awled benjeh""]]",True,True,8.727788925170898,35.336204528808594,8.765911102294922,35.37151336669922,4e78bef2-87cf-4650-9aec-dfb2c22beb5b
9c7895ed-2d5e-4ac0-aa44-46e8d72022e9,TN,TN-43,locality,,land,الزفزاف,"[[""ar"", ""الزفزاف""], [""fr"", ""Ezzafzaf""]]",True,True,9.404194831848145,34.76518630981445,9.544875144958496,34.83473587036133,a51d2e17-92b8-4cd8-8828-a41cfa7617ee
8cbfca68-2059-4407-b409-d46265ad7483,TN,TN-81,locality,,land,المهاملة,"[[""ar"", ""المهاملة""], [""fr"", ""El Mehemla""]]",True,True,9.350781440734863,34.080814361572266,9.618650436401367,34.25925064086914,345086e2-6bc3-4d63-83e9-d141ab278abe
9af9de44-1a27-4b2a-8e2b-49cfba10d9ba,TN,TN-71,locality,,land,حي الشباب,"[[""ar"", ""حي الشباب""], [""fr"", ""Cite Ech-Chabab""]]",True,True,8.705967903137207,34.42131423950195,8.780496597290039,34.47508239746094,e44cb1cc-61e7-48ee-bac5-42b6aae5593f
bf512135-1538-48f7-91f6-e011773933a9,TN,TN-73,locality,,land,نقة,"[[""ar"", ""نقة""], [""fr"", ""Negga""], [""en"", ""Nagga""]]",True,True,8.684616088867188,33.64493942260742,8.887941360473633,33.75721740722656,fee7f1a1-fdf0-42a4-a631-6a0041563ef0
9a2dd782-dec6-4cc9-922b-5a632bd602f0,TN,TN-81,microhood,,land,حي الزهور,"[[""en"", ""Hay Ezzouhour""], [""ar"", ""حي الزهور""], [""fr"", ""Cité Ezzouhour""]]",True,True,10.010374069213867,33.949676513671875,10.017066955566406,33.95709991455078,4ff06de2-9253-4e61-a084-df310340d22c
587925da-0105-41e4-8653-202d8b2dce9b,TN,TN-71,locality,,land,قصور الأخوة,"[[""ar"", ""قصور الأخوة""], [""fr"", ""Ksour El Akhoua""]]",True,True,8.776101112365723,34.436912536621094,8.867023468017578,34.53662109375,f703c21d-f04c-490d-ad7c-02e9f31823c8
d8d62bf2-d2af-4c1c-a3b2-0092ed677fbd,TN,TN-81,locality,,land,دخيلة توجان,"[[""ar"", ""دخيلة توجان""], [""fr"", ""Dekhilet Toujane""], [""en"", ""Dkhilet Toujane""]]",True,True,10.132745742797852,33.40940856933594,10.2827730178833,33.48340606689453,cc561625-1fd1-49d9-917f-b34682aa2f50
ddd27948-76ee-42ef-8d2d-a94c2f0110d9,TN,TN-43,locality,,land,الحنية,"[[""ar"", ""الحنية""], [""fr"", ""El Hania""], [""en"", ""El Hania""]]",True,True,9.718159675598145,35.027198791503906,9.833468437194824,35.13131332397461,e7f2a599-954f-4024-b194-c7ab15d776ea
1f969f68-dc16-4ac7-b983-bb132662e46e,TN,TN-41,locality,,land,بوحجلة المركز,"[[""ar"", ""بوحجلة المركز""], [""fr"", ""Bouhajla Centre""]]",True,True,10.007512092590332,35.34465408325195,10.08133316040039,35.4418830871582,989c7398-b2c8-4046-96e4-0c40152ec9f0
0285610c-81a4-4f7a-b7f3-775af77cc4be,TN,TN-33,locality,,land,بسريانة,"[[""ar"", ""بسريانة""], [""fr"", ""Besseriana""]]",True,True,8.536961555480957,35.7907600402832,8.6365385055542,35.851688385009766,eaebd712-0e94-4aa0-9867-aa427726180f
e745d513-ad62-4c3c-8efc-a0778a7b0796,TN,TN-43,locality,,land,الغريس الشرقية,"[[""ar"", ""الغريس الشرقية""], [""fr"", ""El Gheris Est""]]",True,True,9.6975679397583,34.575618743896484,9.901028633117676,34.66084289550781,5923c495-d60a-4c13-8959-358cda490457
230a9df9-5937-4268-a4c5-a4ebb3a6f117,TN,TN-34,locality,,land,الخلصة,"[[""ar"", ""الخلصة""], [""fr"", ""El Khalsa""]]",True,True,9.143425941467285,35.9245719909668,9.23522663116455,36.01448059082031,a642b6c6-bf53-4162-967f-1f570a5cd4b9
5e80f573-56c7-4511-9a3b-21eef946437f,TN,TN-71,locality,,land,Mdhila,,True,True,8.737823486328125,34.276939392089844,8.766018867492676,34.30299377441406,f73036ba-e27f-4922-8de3-c5b11283a522
a8695a53-46e3-43ef-9061-a0312260f594,TN,TN-34,locality,,land,عين بوسعدية,"[[""ar"", ""عين بوسعدية""], [""fr"", ""Ain Boussaadia""], [""en"", ""Aïn Boussaadia""]]",True,True,9.588310241699219,36.01924514770508,9.720630645751953,36.09675598144531,5cf375e3-8134-4a23-920c-84cfa7baa3fa
2a197416-0179-4fe7-9c63-0b70a7a71452,TN,TN-33,locality,,land,المحجوبة,"[[""ar"", ""المحجوبة""], [""fr"", ""El Mahjouba""]]",True,True,8.458325386047363,35.74656677246094,8.559616088867188,35.82095718383789,f181e49e-ec06-423a-b6cd-f310a0d5f4c4
8da5e25f-bcd4-4c9a-bf2d-5a6bd3b6d087,TN,TN-73,locality,,land,جنعورة,"[[""ar"", ""‫جنعورة‬""], [""fr"", ""Janoura""]]",True,True,8.938072204589844,33.63482666015625,8.993061065673828,33.71100997924805,c258e49f-cc62-44c2-bad4-dada67264eb1
96b63eb5-88c5-46a5-a1f0-eb1f914a8130,TN,TN-34,locality,,land,السميرات الجنوبية,"[[""ar"", ""السميرات الجنوبية""], [""fr"", ""Esmirat Sud""]]",True,True,9.165607452392578,35.67869186401367,9.255789756774902,35.75385665893555,1cea248e-34ae-4ca0-aacf-ab76a58512f9
fb1f60af-3547-4fea-b9c1-5df3814f5a1e,TN,TN-43,locality,,land,السلامة,"[[""ar"", ""السلامة""], [""fr"", ""Essalama""]]",True,True,9.336021423339844,34.76423645019531,9.419267654418945,34.86839294433594,f36d737e-33ad-4f45-88ee-cdf1ea113833
54bd84ab-2da2-40c4-8356-a33e233b5c9f,TN,TN-43,county,2,land,معتمدية سيدي بوزيد الغربية,"[[""ar"", ""معتمدية سيدي بوزيد الغربية""], [""fr"", ""Délégation Sidi Bouzid Ouest""], [""es"", ""Delegación Sidi Buzid Oeste""]]",True,True,9.26961898803711,34.78473663330078,9.512933731079102,35.18630599975586,fb67a624-92b2-4dc0-a805-e7cfbcd0834e
68bc8327-7640-4c29-9f3c-543db9fb41c3,TN,TN-82,locality,,land,الزغاية,"[[""ar"", ""الزغاية""], [""fr"", ""Zghaya""]]",True,True,9.90679931640625,33.04631042480469,10.275568962097168,33.16279220581055,bc819311-2388-4e84-a89d-3b3e4e8c704d
97f522e8-af27-4cf7-a774-b186e055fc50,TN,TN-22,locality,,land,صوغاس,"[[""ar"", ""صوغاس""], [""fr"", ""Soughas""]]",True,True,9.83819580078125,36.03859329223633,9.980656623840332,36.17394256591797,655eb263-fe43-4cb2-bfbb-0c362c2d9ea0
61618654-82e8-4a2a-b205-8c85f67ec191,TN,TN-81,locality,,land,مطماطة,"[[""ar"", ""مطماطة""], [""fr"", ""Matmata""]]",True,True,9.876679420471191,33.42543411254883,10.044502258300781,33.592166900634766,b002b444-4ba3-48ff-9de5-bb4400587f5f
7ecef638-32e1-4116-b63e-2196626465cb,TN,TN-42,locality,,land,المزارة,"[[""ar"", ""المزارة""], [""fr"", ""El Mezara""], [""en"", ""Mzara""]]",True,True,9.104059219360352,35.008888244628906,9.219512939453125,35.139892578125,a19fc598-d6df-4407-b475-6883f6293d97
18cc8e44-24be-489c-93ee-dbdc848806fb,TN,TN-53,county,2,land,معتمدية أولاد الشامخ,"[[""ar"", ""معتمدية أولاد الشامخ""], [""fr"", ""Délégation Ouled Chamekh""]]",True,True,10.185921669006348,35.364166259765625,10.462834358215332,35.595436096191406,d88d7392-a7b0-49ee-b919-997261244ccc
4b0603a9-5eca-48ee-ac57-d8e8114962e5,TN,TN-34,locality,,land,البحيرين,"[[""ar"", ""البحيرين""], [""fr"", ""El Behiri""]]",True,True,9.5526704788208,35.97270584106445,9.65106201171875,36.05455780029297,40b6ad4d-a6f7-4bf6-8622-0ee78ef017de
443b9c53-b7b7-4591-b6d3-667e72d60de3,TN,TN-41,locality,,land,الغويبة,"[[""ar"", ""الغويبة""], [""fr"", ""El Ghouiba""]]",True,True,9.542618751525879,35.336639404296875,9.627655029296875,35.406890869140625,37330898-90c8-4b49-9139-8c14564b7acf
7c608188-3f8c-4261-beca-6e6d8ec47bc6,TN,TN-41,locality,,land,القفى,"[[""ar"", ""القفى""], [""fr"", ""El Gfi""]]",True,True,10.120251655578613,36.03502655029297,10.216482162475586,36.138336181640625,9dd67b0e-07b7-4267-a50b-9c73a1ff853c
bff2438a-8dc6-4911-af43-e167fa548983,TN,TN-83,locality,,land,العرقوب,"[[""ar"", ""العرقوب""], [""fr"", ""El Argoub""], [""aeb"", ""العرقوب""]]",True,True,10.33224105834961,33.061424255371094,10.39771842956543,33.13908767700195,a08bdde6-6704-4a26-890c-837e7e8f9c01
e62780dc-0333-4f54-9d16-2ba2ec19a02a,TN,TN-43,locality,,land,بئر عمامة,"[[""ar"", ""بئر عمامة""], [""fr"", ""Bir Amama""]]",True,True,9.216163635253906,34.83500671386719,9.348806381225586,34.90966033935547,f2ed1312-5e31-47d6-930d-0f018c944a07
30b67468-7d15-4a4d-892b-9de5f923e882,TN,TN-34,locality,,land,عين الزريق,"[[""ar"", ""عين الزريق""], [""fr"", ""Ain Ezrig""]]",True,True,9.304136276245117,36.139705657958984,9.52700424194336,36.24814987182617,2b94e635-768b-43d2-95b7-3688205e898a
256f5204-4a0d-4932-be22-a4df565f4392,TN,TN-42,county,2,land,معتمدية حاسي الفريد,"[[""ar"", ""معتمدية حاسي الفريد""], [""fr"", ""Délégation Hassi Ferid""]]",True,True,8.700204849243164,34.76872634887695,9.170324325561523,35.157020568847656,5cc8d3f2-7823-435f-b05d-24221a2ec644
47ff5ad5-f583-4ac8-a2cb-d1f35290f218,TN,TN-34,locality,,land,بورويس الجنوبية,"[[""ar"", ""بورويس الجنوبية""], [""fr"", ""Bourouis Sud""]]",True,True,9.11557388305664,36.11256408691406,9.244622230529785,36.227935791015625,ebae566f-0b2b-435e-939d-009e05f8ec0c
0cbcb937-a66a-40d6-81b0-3a74b5c3e7e7,TN,TN-51,county,2,land,معتمدية كندار,"[[""ar"", ""معتمدية كندار""], [""fr"", ""Délégation Kondar""]]",True,True,10.157702445983887,35.770809173583984,10.366242408752441,36.03564453125,50d1096b-fcce-44a2-90c6-f004a514998c
672e5f6a-23d6-4056-9721-5904b4843d05,TN,TN-43,locality,,land,لزيرق,"[[""ar"", ""لزيرق""], [""fr"", ""Lazirek""]]",True,True,9.268759727478027,35.2234992980957,9.397878646850586,35.33774185180664,df21c23e-f298-40a8-aa9a-bc2c7c553723
76aa15ad-4b61-4cd0-960a-303f72bcc712,TN,TN-42,locality,,land,الدغرة,"[[""ar"", ""الدغرة""], [""fr"", ""Eddoghra""]]",True,True,8.597187995910645,35.127418518066406,8.791719436645508,35.22010040283203,c9124951-2339-461b-8c3e-529306cf828e
38b4df99-9647-4d8a-9816-351e14e8769e,TN,TN-34,locality,,land,بورويس الشمالية,"[[""ar"", ""بورويس الشمالية""], [""fr"", ""Bourouis Nord""]]",True,True,9.107686042785645,36.163307189941406,9.14702033996582,36.19133758544922,4acb7b9b-f25c-4e3c-a012-cf497a598e91
42937d3d-2b7a-412e-bb5d-dfdb78d7db07,TN,TN-43,county,2,land,معتمدية سبالة أولاد عسكر,"[[""ar"", ""معتمدية سبالة أولاد عسكر""], [""fr"", ""Délégation Cebalet Ouled Asker""]]",True,True,9.150073051452637,35.082733154296875,9.381970405578613,35.373939514160156,904b2992-647f-44a9-95ef-fdc1524115b8
bf61ac12-6690-4c88-b8ee-65a8b678cd71,TN,TN-53,locality,,land,أولاد الشامخ الشمالية,"[[""ar"", ""أولاد الشامخ الشمالية""], [""fr"", ""Ouled Chamekh Nord""]]",True,True,10.207292556762695,35.476966857910156,10.331324577331543,35.595436096191406,a177f1c7-69c1-41a3-85bd-ab11612b441d
0e8a985a-b704-400b-a051-1508078d0378,TN,TN-71,locality,,land,القطار الغربية,"[[""ar"", ""القطار الغربية""], [""fr"", ""El Guetar Ouest""]]",True,True,8.928789138793945,34.115787506103516,9.041094779968262,34.34618377685547,643e19f4-0763-47d9-ac8f-d23bea63b9b6
61f16301-0536-4bab-90b6-507161aeba10,TN,TN-81,locality,,land,(1) المنطقة الشرقية,"[[""ar"", ""(1) المنطقة الشرقية""], [""fr"", ""Secteur Est (1)""]]",True,True,9.786304473876953,33.870052337646484,9.844656944274902,33.89192581176758,fbce409b-c99b-4b19-8963-bf4072d7554c
d820544f-3912-4437-8e27-40aa48765360,TN,TN-41,locality,,land,المنصورة الجنوبية,"[[""ar"", ""المنصورة الجنوبية""], [""fr"", ""Elmansoura Sud""]]",True,True,10.084080696105957,35.6439323425293,10.09874153137207,35.66596984863281,e524c937-1c6d-45b4-8113-40b857a85b12
80a31fb2-032e-41b6-833c-c35347055989,TN,TN-81,locality,,land,زقراطة,"[[""ar"", ""زقراطة""], [""fr"", ""Zoughrata""], [""en"", ""Zograta""]]",True,True,9.6959867477417,34.067264556884766,9.88318157196045,34.20011520385742,0ffba442-676e-4bb9-92a9-f818873f1154
55e369d8-e2c8-4da5-8bf6-74f76963116d,TN,TN-42,locality,,land,الطباقة,"[[""ar"", ""الطباقة""], [""fr"", ""T'Baga""]]",True,True,8.37425708770752,35.4632682800293,8.541654586791992,35.546302795410156,fab8abfa-7c25-4cc9-b19b-4a9b5a481bba
705cf70e-5020-45bc-878c-befb83ebcc7a,TN,TN-41,locality,,land,المويسات,"[[""ar"", ""المويسات""], [""fr"", ""El Mouisset""]]",True,True,9.896053314208984,35.373409271240234,10.00405216217041,35.45588302612305,e62e741a-5b07-4610-8ce7-ea7050f75272
2178220e-f8ed-4ea4-9709-db9b9115e83d,TN,TN-41,locality,,land,معروف,"[[""ar"", ""معروف""], [""fr"", ""Maarouf""]]",True,True,9.613059997558594,35.954463958740234,9.827765464782715,36.05875015258789,1b95d7a4-a940-4e9c-a982-3d3d2eec7b8d
7c3d70fe-c7c6-4f40-809a-b2eafb974f79,TN,TN-41,region,1,land,ولاية القيروان,"[[""bs"", ""Kairouan""], [""ba"", ""Каруан (виләйәт)""], [""hr"", ""Kairouan""], [""ar"", ""ولاية القيروان""], [""fr"", ""Gouvernorat Kairouan""], [""lv"", ""Kairuana""], [""uk"", ""Кайруан (вілаєт)""], [""ceb"", ""Gouvernorat de Kairouan""], [""pt-PT"", ""Kairouan""], [""pt"", ""Cairuão (província)""], [""cs"", ""Kairouan""], [""zu"", ""Kairouan Governorate""], [""el"", ""Καϊρουάν (Κυβερνείο)""], [""it"", ""Kairouan""], [""ca"", ""Governació de Kairuan""], [""pt-BR"", ""Kairouan""], [""vi"", ""Kairouan""], [""nl"", ""Kairouan (gouvernement)""], [""zh-Hans"", ""凯鲁万""], [""bg"", ""Кайруан (област)""], [""ko"", ""카이르완주""], [""et"", ""Kairouan""], [""de"", ""Gouvernement Kairouan""], [""cy"", ""Kairouan (talaith)""], [""azb"", ""قیروان""], [""frr"", ""Kairouan (Guwernement)""], [""be-Latn-tarask"", ""Кайрўан (вілает)""], [""ur"", ""قیروان""], [""ru"", ""Кайруан (вилайет)""], [""th"", ""ไครูอาน""], [""id"", ""Kegubernuran Kairouan""], [""pnb"", ""قیروان""], [""sr-Latn"", ""Keruan""], [""sv"", ""Kairouan""], [""tr"", ""Kayravan ili""], [""da"", ""Kairouan""], [""zh-Hant"", ""凱魯萬""], [""en"", ""Kairouan""], [""he"", ""קירואן (מחוז)""], [""sk"", ""Kairouan""], [""az"", ""Kayruan (vilayət)""], [""es"", ""Gobernación de Kairuán""], [""sco"", ""Kairouan Govrenorate""], [""be"", ""Кайруан (вілает)""], [""ja"", ""ケルアン県""], [""fi"", ""Kairouan""], [""ro"", ""Guvernoratul Kairouan""], [""lt"", ""Kairuanas""], [""no"", ""Kairouan (guvernement)""], [""sl"", ""Kairouan""], [""fa"", ""قیروان""], [""zh"", ""凱魯萬省""], [""ms"", ""Kawasan kegabenoran Kairouan""], [""hu"", ""Kairouan""], [""pl"", ""Gubernatorstwo Kairuan""], [""ks"", ""قیروان""], [""sh"", ""Kairuan (vilajet)""]]",True,True,9.269430160522461,35.02022933959961,10.307273864746094,36.138336181640625,944bc821-6fd5-4201-b228-b07370b30edd
88aea90d-7c3f-4549-b6c1-1aef0be34caf,TN,TN-43,locality,,land,سيدي بوزيد الجنوبية,"[[""ar"", ""سيدي بوزيد الجنوبية""], [""fr"", ""Sidi Bouzid Sud""], [""es"", ""Sidi Buzid Sur""]]",True,True,9.468019485473633,35.02679443359375,9.488353729248047,35.038211822509766,a291794d-1613-4d5e-9502-b9f0c9e60298
dd8a3b77-e933-4c5d-a600-9a3e6c6192ed,TN,TN-61,locality,,land,السمارة,"[[""ar"", ""‫السمارة‬""], [""fr"", ""Esmara""], [""en"", ""Smara""]]",True,True,10.272671699523926,34.39625930786133,10.365682601928711,34.5069465637207,52743ea4-9873-474d-8d7d-e864b4442472
2212922c-f660-4e09-9802-618f4160fb5b,TN,TN-81,county,2,land,معتمدية قابس الجنوبية,"[[""ar"", ""معتمدية قابس الجنوبية""], [""fr"", ""Délégation Gabès Sud""]]",True,True,9.933915138244629,33.6758918762207,10.182600021362305,33.88352966308594,35267d51-a9c7-47b1-82a5-569d1971d237
1e81e610-3e15-45d5-888b-f0e85e12a496,TN,TN-34,locality,,land,الجوي,"[[""ar"", ""الجوي""], [""fr"", ""El Jouii""]]",True,True,9.152738571166992,36.008358001708984,9.26990032196045,36.11982727050781,618637ca-0240-4406-b4f3-57fdb30e6a54
3e57464c-92ba-4477-97a1-c654976f0e1f,TN,TN-61,locality,,land,الحشيشينة الشمالية,"[[""ar"", ""الحشيشينة الشمالية‬""], [""fr"", ""El Hachichina Nord""]]",True,True,10.068370819091797,34.49458694458008,10.204305648803711,34.606178283691406,53e43e15-6287-479b-b393-c28010eb5c54
9ab364f3-6684-4c07-bede-f11939be1977,TN,TN-73,locality,,land,بازمة,"[[""ar"", ""‫بازمة‬""], [""fr"", ""Bazma""]]",True,True,8.955495834350586,33.6002311706543,9.1380615234375,33.730525970458984,96dea325-c560-4e1a-8449-60731c490c38
b750b6a3-7be8-4f92-9da1-f557e48197ce,TN,TN-42,county,2,land,معتمدية سبيبة,"[[""ar"", ""معتمدية سبيبة""], [""fr"", ""Délégation Sbiba""]]",True,True,8.979695320129395,35.364437103271484,9.339388847351074,35.627540588378906,da62c84f-c3d2-4772-825b-c5c95b706985
8f2c76dd-7732-4152-8134-5e24a8e2d4bc,TN,TN-71,locality,,land,سيدي عيش الشرقية,"[[""ar"", ""سيدي عيش الشرقية""], [""fr"", ""Sidi Aich Est""]]",True,True,8.78665828704834,34.630638122558594,8.882658004760742,34.76288604736328,ed2acc94-4476-4abb-9066-276f6f180673
1fcd5e35-1901-4a50-ab00-1324ce6e2709,TN,TN-41,locality,,land,المتبسطة,"[[""hr"", ""Motbassta""], [""ar"", ""المتبسطة""], [""fr"", ""Metbasta""], [""pt"", ""Motbassta""], [""tr"", ""Motbassta""], [""en"", ""Motbassta""], [""es"", ""Motbassta""], [""pl"", ""Motbassta""]]",True,True,10.119780540466309,35.737709045410156,10.21417236328125,35.819210052490234,c751b61f-fad6-4b40-8cdf-28c0d27de505
640d59d5-0b5a-4744-876e-1ab0f3d59336,TN,TN-41,locality,,land,القطيطير,"[[""ar"", ""القطيطير""], [""fr"", ""El Ketitir""]]",True,True,10.058128356933594,35.27506637573242,10.158090591430664,35.38554000854492,b8eb8b88-eb6a-4aa8-af5d-2d3aefc1e5c3
83be6c7f-d76a-4f4c-8acb-9065ca7e421f,TN,TN-42,locality,,land,الكامور,"[[""ar"", ""الكامور""], [""fr"", ""El Kamour""], [""en"", ""El Kamour""]]",True,True,8.700204849243164,34.76872634887695,8.98126220703125,34.98207092285156,b92aed58-e7d4-4709-b4e1-49239fc088fe
e1910c52-3309-4080-8d90-3962aad4c06f,TN,TN-51,locality,,land,قماطة,"[[""ar"", ""قماطة""], [""fr"", ""Gmata""]]",True,True,10.304061889648438,35.937374114990234,10.366242408752441,35.985572814941406,c95c0cdd-ebd8-4264-a9d8-536f31bd9ddd
f0bd6540-274d-40c0-b11f-d1a2cadaddd5,TN,TN-82,locality,,land,المنزلة,"[[""ar"", ""المنزلة""], [""fr"", ""El Menzela""]]",True,True,9.709639549255371,33.20357131958008,10.186553955078125,33.34774398803711,46a8c14a-396a-498b-bf2e-96b9e1fc8c08
ec86f33f-96bb-4026-838e-103bb09dffde,TN,TN-81,locality,,land,الزارات,"[[""ar"", ""الزارات""], [""fr"", ""Ezzarat""], [""en"", ""Zarat""]]",True,True,10.275602340698242,33.643104553222656,10.400254249572754,33.748863220214844,8b085991-39d1-4a34-96d0-c8e0b2c7faca
30fe16b3-64f2-494a-91be-1f219cda149c,TN,TN-43,locality,,land,المكارم الغربية,"[[""ar"", ""المكارم الغربية""], [""fr"", ""El Makarem Ouest""]]",True,True,9.51460075378418,35.1872673034668,9.614913940429688,35.28476333618164,85a27fef-0831-475b-9db3-2afad441b3b8
af9eea9c-9378-4a94-9490-e52da553cce7,TN,TN-34,locality,,land,أولاد زنق,"[[""ar"", ""أولاد زنق""], [""fr"", ""Ouled Znag""]]",True,True,9.377131462097168,35.891456604003906,9.480171203613281,35.99630355834961,3ab366b1-3821-4264-801f-7a7d9d307f37
a9d0244a-088a-437a-8b03-f0d364a38ece,TN,TN-81,locality,,land,المنطقة الخامسة,"[[""ar"", ""المنطقة الخامسة""], [""fr"", ""Secteur 5""]]",True,True,10.093754768371582,33.8526725769043,10.135335922241211,33.88352966308594,05871702-4884-4d9f-af79-bbf742853dbb
4ab4faf3-97d7-49ef-91a9-ea02ebf9bb2d,TN,TN-71,locality,,land,القربة,"[[""ar"", ""القربة""], [""fr"", ""El Karia""]]",True,True,8.814003944396973,34.680084228515625,8.989572525024414,34.81023025512695,f89f36fa-23bb-420e-9a23-db9e590422b2
ccf7bd7e-c260-4cb0-b8dc-6d1b9b5b9ce0,TN,TN-43,county,2,land,معتمدية جلمة,"[[""ar"", ""معتمدية جلمة""], [""fr"", ""Délégation Jelma""]]",True,True,9.197845458984375,35.163307189941406,9.566163063049316,35.49567413330078,a33a200c-8301-4278-a4bb-6f17e3946f49
a540651d-2180-48fc-a900-441eb3d66c19,TN,TN-41,county,2,land,معتمدية الوسلاتية,"[[""ar"", ""معتمدية الوسلاتية""], [""fr"", ""Délégation El Ouslatia""]]",True,True,9.483678817749023,35.67329406738281,9.867887496948242,36.11363220214844,25059b8a-2b1a-4481-9749-19ce5dad98c4
f3c9f73e-dfd3-4bbd-8ba1-4b67899c27bb,TN,TN-33,county,2,land,معتمدية الكاف الغربية,"[[""ar"", ""معتمدية الكاف الغربية""], [""fr"", ""Délégation Kef Ouest""]]",True,True,8.499433517456055,36.070011138916016,8.736042022705078,36.23806381225586,99e58116-eec8-460b-9c3f-7946f99d7a73
b76b84c2-ee11-4069-b95e-fec1b3758258,TN,TN-81,locality,,land,زريق الغندري,"[[""ar"", ""زريق الغندري""], [""fr"", ""Zerig El Ghandri""]]",True,True,10.1244535446167,33.65087127685547,10.190786361694336,33.77558517456055,80b22192-e67f-4a92-84ae-06a7264d4dc7
686541d7-ef71-4602-abd9-a9c48441d81d,TN,TN-33,locality,,land,اللاس,"[[""ar"", ""اللاس""], [""fr"", ""Elles""], [""en"", ""Elles""]]",True,True,8.979959487915039,35.94308090209961,9.122471809387207,36.026676177978516,ba6fae39-c39f-4d7f-bbaa-947ef0e55b88
45606405-0845-4fbc-80a1-64d427a2ac87,TN,TN-22,locality,,land,أم الأبواب,"[[""ar"", ""أم الأبواب""], [""fr"", ""Oum El Abouab""], [""en"", ""Oum El Abouab""]]",True,True,9.71897029876709,36.10142135620117,9.91552734375,36.263160705566406,a17500dd-1de3-4d2a-975b-edfbc5f1b1fa
1c42a36a-1f39-4ff0-bff2-4c059c3f7bd0,TN,TN-43,locality,,land,المباركية,"[[""ar"", ""المباركية""], [""fr"", ""El Mebarkia""]]",True,True,9.782541275024414,34.9921875,9.846452713012695,35.07615280151367,aa06c9ce-bced-4a7c-86ef-031e9ecde99b
908ca3b7-3abe-4b24-9256-61905e60c442,TN,TN-71,locality,,land,البرج,"[[""en"", ""El Borj""], [""ar"", ""البرج""], [""fr"", ""El Borj""]]",True,True,8.724024772644043,34.255859375,8.740922927856445,34.265438079833984,b11e9801-d3d4-47a8-930b-cd2fcad7b677
51ae856f-5266-4341-b039-e8de8691b73f,TN,TN-42,locality,,land,بو الأحناش,"[[""ar"", ""بو الأحناش""], [""fr"", ""Boulahnech""]]",True,True,8.666778564453125,35.65732955932617,8.791646003723145,35.71696090698242,e07caa0a-e5bd-4338-ab73-06d080e3e28e
583ef928-9533-477e-b744-df5eed318bcb,TN,TN-61,locality,,land,ودران الجنوبية,"[[""ar"", ""ودران الجنوبية""], [""fr"", ""Ouadrane Sud""]]",True,True,9.872842788696289,34.529170989990234,10.052675247192383,34.66978454589844,0fa54116-67c7-4331-a74a-589068e3c850
560aa763-9e95-47d4-9e5b-2d51b2c86986,TN,TN-33,locality,,land,حي النور,"[[""ar"", ""حي النور""], [""fr"", ""Cite Ennour""]]",True,True,8.988377571105957,36.075477600097656,9.039201736450195,36.094451904296875,3dee38b9-d12b-424d-ba42-9ef0bb25ba51
1e29137c-3ee0-4d13-a5c2-eff58895a454,TN,TN-34,locality,,land,عين عاشور,"[[""ar"", ""عين عاشور""], [""fr"", ""Ain Achour""]]",True,True,9.032150268554688,36.114166259765625,9.122382164001465,36.24607467651367,af477e86-7f9f-4468-954c-4cab8e01446d
5a7a7315-14da-4c8d-b9de-9e1f77b4da5b,TN,TN-71,locality,,land,لالة,"[[""ar"", ""لالة""], [""fr"", ""Lala""]]",True,True,8.806190490722656,34.325408935546875,8.905969619750977,34.43122100830078,c64bcd22-9cac-432e-8102-0c74718d8f83
76bd3060-b0f6-40ce-82fb-457b6f3b8468,TN,TN-53,locality,,land,السمرة,"[[""ar"", ""السمرة""], [""fr"", ""Es-Somra""]]",True,True,10.240683555603027,35.40385818481445,10.339090347290039,35.47697067260742,84b9d622-1076-4419-a473-881f1f0af9cc
fc52dc95-5930-4543-a941-eff013ab46e4,TN,TN-41,locality,,land,الشرائطية الجنوبية,"[[""ar"", ""الشرائطية الجنوبية""], [""fr"", ""Cheraitia Sud""]]",True,True,10.013641357421875,35.12274932861328,10.168588638305664,35.24245071411133,5ef989ee-c8a6-4839-a104-af06d0262599
37b71618-ede8-4872-8a84-3fef14e8fb1a,TN,TN-33,locality,,land,المداينة,"[[""ar"", ""المداينة""], [""fr"", ""El Medeïna""]]",True,True,8.774881362915039,35.83707046508789,8.8899507522583,35.93860626220703,1eef1e7f-90cc-4e09-a011-7431b3350a74
f85ef6dd-44b7-4706-ab54-0311ba654f91,TN,TN-34,county,2,land,معتمدية سيدي بورويس,"[[""ar"", ""معتمدية سيدي بورويس""], [""fr"", ""Délégation Sidi Bourouis""]]",True,True,9.032150268554688,36.0848274230957,9.244622230529785,36.293460845947266,c5275e39-522d-4909-876c-ebf0b91f23c0
8c34bdbd-5b23-4a04-aa28-c0737709a1ef,TN,TN-73,county,2,land,معتمدية قبلي الشمالية,"[[""ar"", ""معتمدية قبلي الشمالية""], [""fr"", ""Délégation Kébili Nord""]]",True,True,8.684616088867188,33.6002311706543,9.401061058044434,34.185428619384766,4ceb9865-2680-4b15-8d5b-c8bdf9f56c94
69dddf12-dca3-4ceb-af37-cbd94c218ece,TN,TN-41,locality,,land,صيادة الجنوبية,"[[""ar"", ""صيادة الجنوبية""], [""fr"", ""Sayada Sud""]]",True,True,9.330382347106934,35.570648193359375,9.451855659484863,35.663330078125,00a58fdb-f3a5-4811-870a-3eb82d1020f4
cc3b6f16-8356-4791-aa4d-63c87d094932,TN,TN-34,locality,,land,سيدي سعيد,"[[""ar"", ""سيدي سعيد""], [""fr"", ""Sidi Said""], [""en"", ""Sidi Said""]]",True,True,9.612960815429688,36.128562927246094,9.727293014526367,36.22939682006836,1ed09a95-88b9-465a-adcd-cbb9ebc24082
1733cf4d-755a-470a-a26f-a3c7e19ec07a,TN,TN-22,locality,,land,الناظور,"[[""ar"", ""الناظور""], [""fr"", ""Ennadhour""], [""en"", ""Ennadhour""], [""alt"", ""Nadour""]]",True,True,10.022395133972168,36.07537078857422,10.174088478088379,36.16424560546875,271f8114-1e79-4313-a117-d3d5ba996c57
c31f520d-7b97-4503-8706-86305b58eed5,TN,TN-43,locality,,land,السكبة,"[[""ar"", ""السكبة""], [""fr"", ""Essekba""]]",True,True,9.772400856018066,34.737483978271484,9.939275741577148,34.82590103149414,91af87d6-91cc-4ef3-820c-836987033246
ac756dfb-67be-4c3f-8389-29a1edecc547,TN,TN-34,locality,,land,الهرية,"[[""ar"", ""الهرية""], [""fr"", ""El Haria""]]",True,True,9.034622192382812,35.67747116088867,9.099947929382324,35.761131286621094,8969eece-e6bd-407c-85c5-7aa824a62bac
533f9660-c3c5-494c-b810-33b6da564fe6,TN,TN-41,locality,,land,العويثة,"[[""ar"", ""العويثة""], [""fr"", ""El Aouitha""]]",True,True,10.157892227172852,35.95132827758789,10.258016586303711,36.05636978149414,0f288759-b3b6-42d7-b34c-8879c1572ccb
3c183a2b-6892-437f-b9ba-cef990d58708,TN,TN-51,locality,,land,سيدي الهاني الغربية,"[[""ar"", ""سيدي الهاني الغربية""], [""fr"", ""Sidi El Heni Ouest""]]",True,True,10.212733268737793,35.67839431762695,10.306014060974121,35.735355377197266,c2b5efdd-cc5d-41d5-8cff-e419387d612f
d171f1db-b955-4844-aa75-7f95da9ce6c7,TN,TN-83,county,2,land,معتمدية غمراسن,"[[""ar"", ""معتمدية غمراسن""], [""fr"", ""Délégation Ghomrassen""]]",True,True,9.893549919128418,32.92311477661133,10.607321739196777,33.169403076171875,418d5f4a-71c5-4796-a1b9-ba879e342058
ccd51b28-9537-4b8d-a0d9-617f3b998156,TN,TN-71,locality,,land,صهيب,"[[""ar"", ""صهيب""], [""fr"", ""Sahib""]]",True,True,8.509567260742188,34.19550704956055,8.80266284942627,34.3245735168457,8b10caaa-858d-4c15-af49-aa3518ca2a35
a3a9fa33-0e59-45e2-a72c-f2a94b2c7593,TN,TN-33,locality,,land,الشرفين,"[[""ar"", ""الشرفين""], [""fr"", ""Charfine""]]",True,True,8.708724975585938,36.177406311035156,8.731744766235352,36.18648147583008,49b7415d-cdee-4c7c-a895-46e706fa6381
7be87cc8-deef-47e0-a53c-1114e0315efb,TN,TN-61,locality,,land,السديرات الشمالية,"[[""ar"", ""السديرات الشمالية""], [""fr"", ""Sdiret Nord""]]",True,True,10.076366424560547,34.605960845947266,10.228936195373535,34.740745544433594,d124d2ec-74fc-43a3-bc5b-01ff2a4c91ce
0a5c2b98-4456-423f-9c18-d6cbbb2ff1dc,TN,TN-81,locality,,land,المنطقة الشمالية,"[[""ar"", ""المنطقة الشمالية""], [""fr"", ""Secteur Nord""]]",True,True,9.723347663879395,33.8940544128418,9.907638549804688,34.040428161621094,0c067e47-81d5-4192-a0b6-f5e09fbb05b8
e5c54107-f891-43ef-8791-af59fa0294dd,TN,TN-41,locality,,land,الدخيلة,"[[""ar"", ""الدخيلة""], [""fr"", ""Ed-Dekhila""]]",True,True,9.929780960083008,35.795589447021484,10.068412780761719,35.91390609741211,3a84076b-1790-44bd-9b01-256461d33c7a
c0c55f0c-3929-4f6b-af46-e8354179a351,TN,TN-71,county,2,land,معتمدية سيدي عيش,"[[""ar"", ""معتمدية سيدي عيش""], [""fr"", ""Délégation Sidi Aïch""]]",True,True,8.62478256225586,34.578369140625,8.989572525024414,34.81023025512695,184c87cf-9ff5-4a95-af99-27b49786abf4
7c35b4c7-2b9c-4f28-b603-11b971341ff7,TN,TN-81,county,2,land,معتمدية قابس المدينة,"[[""ar"", ""معتمدية قابس المدينة""], [""fr"", ""Délégation Gabès Ville""]]",True,True,10.072601318359375,33.87177276611328,10.12496280670166,33.93586730957031,f6555d3c-3436-4654-95ab-69a5e516f13e
035dcd91-a001-4fbc-93e1-3aec1f7d2d6c,TN,TN-42,locality,,land,الأحواز,"[[""ar"", ""الأحواز""], [""fr"", ""El Ahouaz""]]",True,True,9.005560874938965,35.46546936035156,9.142464637756348,35.549560546875,f2b13738-ff38-4a42-b7de-fab113971d98
128accf5-2843-41c4-913b-8a8fab797588,TN,TN-43,county,2,land,معتمدية أولاد حفوز,"[[""ar"", ""معتمدية أولاد حفوز""], [""fr"", ""Délégation Ouled Haffouz""]]",True,True,9.696122169494629,34.9921875,10.017393112182617,35.20771026611328,e8f757ce-4c28-4963-9840-9937884e2fed
47e02c6a-5cd0-4876-a611-067517131630,TN,TN-71,locality,,land,حي النور,"[[""ar"", ""حي النور""], [""fr"", ""Cite Ennour""]]",True,True,8.77086067199707,34.419437408447266,8.784544944763184,34.43504333496094,cb4cf911-86da-4b28-a430-e206af2655af
a3822916-1d68-4948-9a35-9144c36e5bfc,TN,TN-81,locality,,land,شنني الشرقية,"[[""ar"", ""شنني الشرقية""], [""fr"", ""Chenini Est""]]",True,True,10.05141544342041,33.8645133972168,10.063580513000488,33.874637603759766,9e36e276-45a8-43ee-8e86-f5c7b0f86259
5c682106-8b0d-4441-b885-0da718c918f5,TN,TN-71,county,2,land,معتمدية بلخير,"[[""ar"", ""معتمدية بلخير""], [""fr"", ""Délégation Belkhir""]]",True,True,9.147041320800781,34.16535949707031,9.560730934143066,34.50706100463867,64cc2414-a0bf-4485-adf3-243b3e1d01e0
0bfe33ff-749d-4cdc-99a6-ee0454aa77ba,TN,TN-73,locality,,land,الزوايا,"[[""ar"", ""الزوايا""], [""fr"", ""Ezzaouaïa""]]",True,True,8.647655487060547,33.7572135925293,8.855076789855957,34.09983825683594,aa292391-ffa3-4749-bf31-89a6d832ec77
d20bacff-05c3-4b38-a986-4de290394025,TN,TN-81,county,2,land,معتمدية منزل الحبيب,"[[""ar"", ""معتمدية منزل الحبيب""], [""fr"", ""Délégation Menzel El Habib""]]",True,True,9.247391700744629,34.025611877441406,9.91800308227539,34.28262710571289,094b4626-d0f5-4e3a-9e25-b8fee1b692b4
cfc739ae-eebc-4491-af6f-4c55107739e0,TN,TN-43,locality,,land,الخروبة,"[[""ar"", ""الخروبة""], [""fr"", ""El Kharrouba""]]",True,True,9.356193542480469,34.621253967285156,9.520781517028809,34.720130920410156,8b292441-e76c-44ec-b1c6-1e2f4f26cf04
af09c974-083e-43df-a498-14d7544627d3,TN,TN-43,locality,,land,أم العظام 1,"[[""ar"", ""أم العظام 1""], [""fr"", ""Oum El Adham 1""]]",True,True,9.33501148223877,35.051517486572266,9.444883346557617,35.16214370727539,6fd17fe9-48c7-4295-8396-3d355fe5345c
536ceae3-70ad-4836-85cd-9347ce7aac55,TN,TN-43,locality,,land,فائض,"[[""ar"", ""فائض""], [""fr"", ""Faiedh""], [""en"", ""Faid""]]",True,True,9.608809471130371,35.0263671875,9.737495422363281,35.11842346191406,0679e55b-cb56-422e-b292-96d55cc154b6
6510e86b-5883-40d6-abe6-4aa24fd3d85f,TN,TN-71,locality,,land,زانوش,"[[""ar"", ""زانوش""], [""fr"", ""Zannouche""], [""en"", ""Zannouch""]]",True,True,8.999266624450684,34.378448486328125,9.128049850463867,34.49058151245117,c99db783-3506-4a5b-a2b7-33d86afc5820
7c3c085e-289c-4e6d-b534-f721a54d8974,TN,TN-43,locality,,land,النصر,"[[""ar"", ""النصر""], [""fr"", ""Ennasr""]]",True,True,9.47694206237793,34.52515411376953,9.59099006652832,34.59938049316406,70987253-fd6f-4036-b6f5-9dadd164e1d8
b4aa4453-1696-44f8-b6c2-9975510d2911,TN,TN-83,locality,,land,بئر عمير,"[[""ar"", ""بئر عمير""], [""fr"", ""Bir Amir""]]",True,True,8.356829643249512,32.36323547363281,10.307195663452148,32.80062484741211,2c4ac18e-aeef-4ee8-a762-39c263c0ae22
b7e20627-0b0f-4233-877b-b98e34dc9999,TN,TN-43,locality,,land,سوق الجديد,"[[""ar"", ""سوق الجديد""], [""fr"", ""Souk Jedid""]]",True,True,9.528914451599121,34.85111999511719,9.645524024963379,34.96318054199219,e1abda78-d0cc-45b4-9acc-3fce46022b46
8c463fd3-266a-4aa8-a1df-cf650127527d,TN,TN-43,locality,,land,غدير الزيتون,"[[""ar"", ""غدير الزيتون""], [""fr"", ""Ghedir Ezzitoun""]]",True,True,9.427404403686523,35.22471618652344,9.566163063049316,35.344303131103516,f54cdc04-bbb2-4f47-b227-259b12d02a1c
3b751301-38c4-4291-b291-ae2a5aa09f27,TN,TN-83,locality,,land,شنني الجديدة,"[[""ar"", ""شنني الجديدة""], [""fr"", ""Nouvelle Chnini""]]",True,True,9.930961608886719,32.8599853515625,10.342622756958008,32.962276458740234,a4afffa4-28bb-41f7-9efd-d3680f17035c
38e44eb0-36d9-475c-a20a-f8f22843376f,TN,TN-42,locality,,land,فوسانة الأحواز,"[[""ar"", ""فوسانة الأحواز""], [""fr"", ""Foussana Lahouaz""]]",True,True,8.568227767944336,35.28724670410156,8.709015846252441,35.42359161376953,3707c4fc-fde5-4b8e-bbd2-6587cfe12658
f8d1d924-eed3-4ff3-8f81-fcd14b80c453,TN,TN-43,county,2,land,معتمدية المكناسي,"[[""ar"", ""معتمدية المكناسي""], [""fr"", ""Délégation Meknassy""]]",True,True,9.434244155883789,34.48253631591797,9.84126091003418,34.78709030151367,627431f4-ad23-4073-8d34-c0be5ffb6685
9c44008c-9eb2-4e7a-aba2-1c8c78687ebe,TN,TN-41,locality,,land,النبش,"[[""ar"", ""النبش""], [""fr"", ""El Nebech""]]",True,True,10.166101455688477,35.466957092285156,10.257325172424316,35.55393600463867,14950cfe-9446-4c1c-aa67-d51a90c091dd
3c650d06-6c86-4da9-b66d-55c1b218ab71,TN,TN-42,locality,,land,ماجل بلعباس,"[[""en"", ""Magel Bel Abbes""], [""ar"", ""ماجل بلعباس""], [""fr"", ""Magel Bel Abbès""]]",True,True,8.512049674987793,34.73799133300781,8.53437614440918,34.760433197021484,98352e9e-41b8-4022-b489-7b92bad1fef4
6eefdb4b-6773-4d81-ac48-f4ef32c788c1,TN,TN-71,locality,,land,حي حشاد,"[[""ar"", ""حي حشاد""], [""fr"", ""Cite Hached""]]",True,True,8.807037353515625,34.38720703125,8.823137283325195,34.398033142089844,86eb2398-425b-47e5-9482-993484bb5dc0
0de06b9a-b6f2-4534-81cd-be6cc93ad428,TN,TN-73,county,2,land,معتمدية سوق الأحد,"[[""ar"", ""معتمدية سوق الأحد""], [""fr"", ""Délégation Souk El Ahad""]]",True,True,8.382305145263672,33.695396423339844,9.13593578338623,34.165706634521484,f6543740-edd0-4958-aee8-0ce69ab7d876
bee0e51d-395d-4428-9389-9b498eabf4a0,TN,TN-71,locality,,land,العسالة,"[[""ar"", ""العسالة""], [""fr"", ""El Assala""]]",True,True,8.786758422851562,34.418479919433594,8.806429862976074,34.43804168701172,0a088892-8c5a-4b5a-9344-3c1f46ab504a
fac9d890-5b6c-4794-8085-4dabc5659fa9,TN,TN-41,locality,,land,الهدايا,"[[""ar"", ""الهدايا""], [""fr"", ""El Hadaya""]]",True,True,9.531740188598633,35.36583709716797,9.728167533874512,35.49037170410156,4ff7ed6a-f5ef-4bb9-ae8d-97a95ad8fc7b
b1afb5ca-74d2-4dbf-b34b-c967715fe89e,TN,TN-71,locality,,land,قطيس,"[[""ar"", ""قطيس""], [""fr"", ""Guetis""]]",True,True,8.776101112365723,34.513206481933594,8.908764839172363,34.635955810546875,be5abdb7-9ca0-4ae0-83c0-ee0d5547e78c
1050096d-01ed-4a72-b8b9-cc3a69eede40,TN,TN-73,locality,,land,العذارة,"[[""ar"", ""العذارة""], [""fr"", ""El Adhara""]]",True,True,8.850860595703125,32.62429428100586,9.259136199951172,33.46577453613281,d132e7f2-7338-4231-9271-a78fcf0738ea
34971468-a1d9-435e-83d3-98994b6f0887,TN,TN-71,locality,,land,حي الامل الغربي,"[[""ar"", ""حي الامل الغربي""], [""fr"", ""Cite El Amel Ouest""]]",True,True,8.399106979370117,34.31167984008789,8.513542175292969,34.41773986816406,2ed1a25a-1d47-4ce6-8558-3a0070341a9f
07fd997d-f261-4ed8-b770-e274ef8939cb,TN,TN-34,county,2,land,معتمدية كسرى,"[[""ar"", ""معتمدية كسرى""], [""fr"", ""Délégation Kesra""]]",True,True,9.204493522644043,35.68791580200195,9.537580490112305,35.91733932495117,3c2281f8-63cc-49d6-ba8c-05279dd188b1
a65fb2cd-2b67-4bc8-b31c-fce2dc12b9c0,TN,TN-61,locality,,land,الغريبة,"[[""ar"", ""‫الغريبة‬""], [""fr"", ""El Ghraiba""], [""en"", ""Ghraiba""]]",True,True,10.191079139709473,34.48429870605469,10.32270622253418,34.62055206298828,d4744577-d234-43d0-a8b4-2138f014e158
ba1400a3-50b0-4400-aa97-20012a9b4f7a,TN,TN-71,locality,,land,الطلح الغربية,"[[""ar"", ""الطلح الغربية""], [""fr"", ""Ettalh Ouest""]]",True,True,9.253509521484375,34.37230682373047,9.416122436523438,34.50706100463867,77d86b83-bc50-4506-81a9-6a4361546b2b
cacaec95-0101-4d9a-90f3-fb5ff3d36995,TN,TN-73,locality,,land,فطناسة,"[[""fr"", ""Fatnassa""], [""en"", ""Fatnassa""], [""ar"", ""فطناسة""]]",True,True,8.382305145263672,33.695396423339844,8.768013954162598,33.949256896972656,2779adba-ebef-4689-acef-2c1bd195c9a2
c96496c9-954a-4a73-be73-982978063749,TN,TN-43,locality,,land,النصر,"[[""ar"", ""النصر""], [""fr"", ""Ennasr""]]",True,True,9.35314655303955,35.110626220703125,9.423593521118164,35.18630599975586,2bba8108-f5ee-4015-8c87-f6cf5db0e225
d67b6a6e-d2c9-490d-b1ec-f6a7d35ec97b,TN,TN-83,county,2,land,معتمدية رمادة,"[[""ar"", ""معتمدية رمادة""], [""fr"", ""Délégation Remada""]]",True,True,8.356829643249512,30.22905731201172,10.801972389221191,32.80062484741211,c6689bd4-5475-46d4-a087-2f5b6d8e387f
a077925f-0d7d-45ad-b2a9-2dfdab833798,TN,TN-61,county,2,land,معتمدية منزل شاكر,"[[""ar"", ""معتمدية منزل شاكر""], [""fr"", ""Délégation Menzel Chaker""]]",True,True,10.053461074829102,34.81625747680664,10.711456298828125,35.24197006225586,65648ce2-65f0-4b8d-882f-af894e16cbe2
961def1f-df35-46b4-a5a1-ff945ba444c7,TN,TN-61,locality,,land,صبيح,"[[""ar"", ""‫صبيح‬""], [""fr"", ""Sbih""], [""en"", ""Sbih""]]",True,True,9.849382400512695,34.234214782714844,9.955037117004395,34.31775665283203,7e4ef4c1-8151-4987-99cf-1fb1fdcfcc09
8300b261-5ebd-43be-963f-293292ce54a3,TN,TN-71,county,2,land,معتمدية المضيلة,"[[""ar"", ""معتمدية المضيلة""], [""fr"", ""Délégation Mdhila""]]",True,True,8.509567260742188,34.0604362487793,8.885177612304688,34.34123229980469,fcd5c347-18d6-4f31-902f-82684de4b3fc
0cc9e6ae-7085-449a-9c03-2801c69ee316,TN,TN-41,locality,,land,ذراع التمار,"[[""ar"", ""ذراع التمار""], [""fr"", ""Dheraa Ettammar""]]",True,True,10.069482803344727,35.68345642089844,10.167685508728027,35.80754089355469,c86638a1-a6bd-411b-8ccd-f8e7a8558c41
5c344103-aebf-4482-a491-1ca724c8e5f3,TN,TN-41,locality,,land,مسيوتة الهناشير,"[[""ar"", ""مسيوتة الهناشير""], [""fr"", ""Messiouta El Hanachir""]]",True,True,9.384570121765137,35.62870407104492,9.472410202026367,35.703853607177734,8fa3d43e-829c-438b-9677-0dd5f1baf8d5
493b9605-193d-4b00-a099-e499ce8dce3d,TN,TN-33,locality,,land,وادي الرمل الشمالية,"[[""ar"", ""وادي الرمل الشمالية""], [""fr"", ""Oued Remel Nord""]]",True,True,8.575368881225586,36.15251922607422,8.725224494934082,36.23806381225586,5d03f1df-68af-478c-85dc-8d283bf19eb7
c2b118e9-d8e4-465c-aa8e-c872b15bde4c,TN,TN-81,locality,,land,الرماثي,"[[""ar"", ""الرماثي""], [""fr"", ""Er-Remathi""]]",True,True,9.907283782958984,33.81544494628906,10.032700538635254,33.93575668334961,97c516de-4239-49eb-bd07-0dec12d819cd
1b13092e-18df-409e-a348-1fd53f73b7ca,TN,TN-43,locality,,land,المنصورة الغربية,"[[""ar"", ""المنصورة الغربية""], [""fr"", ""El Mansoura Ouest""]]",True,True,8.983803749084473,34.69451904296875,9.103196144104004,34.793983459472656,f5382a9d-6808-4c77-8980-35dfd89c0a64
8bb95440-fc57-4ea9-95c8-57d5932dd827,TN,TN-42,locality,,land,عين الخمائسية,"[[""ar"", ""عين الخمائسية""], [""fr"", ""Ain El Khemaissia""]]",True,True,9.072587966918945,35.42557907104492,9.2014741897583,35.51506042480469,c970ae0a-78a0-4782-99e6-8da8196c97b2
fdd96496-7a1f-4a89-9bb4-a925ed27dca9,TN,TN-61,locality,,land,الأبراج,"[[""ar"", ""الأبراج""], [""fr"", ""El Abraj""]]",True,True,10.184354782104492,34.56858825683594,10.347827911376953,34.6769905090332,b1b9ec56-9107-445e-ae15-c64e24fe51e6
072116c7-4054-4359-8d85-df0aae8ed30e,TN,TN-82,locality,,land,الدخيلة,"[[""ar"", ""الدخيلة""], [""fr"", ""Eddekhila""], [""en"", ""Dkhila""], [""aeb"", ""الدخيلة""]]",True,True,10.27413558959961,33.21358871459961,10.408498764038086,33.31297302246094,4dbfee4f-184e-4af5-a1bf-4b9b1550d02a
a5cd344d-4128-40e6-8da4-a08fd2bf557d,TN,TN-34,locality,,land,الروحية,"[[""ar"", ""الروحية""], [""fr"", ""Errouhia""], [""fa"", ""الروحیه""], [""en"", ""Rouhia""]]",True,True,9.045595169067383,35.60050964355469,9.147106170654297,35.73963928222656,4158baa6-7f22-4b4e-bba6-acb15129a70a
a4c12777-f512-4e9d-b217-af981b048292,TN,TN-51,locality,,land,كروسية المركزية,"[[""ar"", ""كروسية المركزية""], [""fr"", ""Kroussia Centrale""]]",True,True,10.291891098022461,35.71527099609375,10.44558334350586,35.7890739440918,9488d72a-cad2-4e11-8bd9-14d1a6d86ef1
6c370c4e-7b7e-4540-9680-3aa3701e3dac,TN,TN-41,locality,,land,العلاء,"[[""ar"", ""العلاء""], [""fr"", ""El Alaa""], [""en"", ""El Alaa""]]",True,True,9.5396146774292,35.607913970947266,9.647282600402832,35.64263153076172,27cbeb7c-f0d9-42db-86fb-55a2f6a448f1
8f017205-8e84-4f4c-83e6-58bcc30c6ef3,TN,TN-34,locality,,land,سيدي منصور,"[[""ar"", ""سيدي منصور""], [""fr"", ""Sidi Mansour""]]",True,True,9.28328800201416,35.964561462402344,9.396530151367188,36.07773208618164,208fc5d6-dfb3-4b3c-9286-f27fc712b380
5796b988-ccdf-4d46-a003-368df6aad3d9,TN,TN-34,locality,,land,سوالم,"[[""ar"", ""سوالم""], [""fr"", ""Soualem""]]",True,True,9.121826171875,35.75147247314453,9.27930736541748,35.84370422363281,8645c6c2-4480-4010-8962-5f9dfde65a61
941826a6-5c3e-4d0b-85bc-dae286b0246a,TN,TN-51,locality,,land,القارصي,"[[""ar"", ""القارصي""], [""fr"", ""El Garci""]]",True,True,10.215666770935059,36.122657775878906,10.288224220275879,36.170249938964844,f26f0645-e8ae-4ed6-9310-055994dd2f8b
ca0ab0ef-f2c8-43c0-b339-c117b77095f5,TN,TN-51,county,2,land,معتمدية النفيضة,"[[""ar"", ""معتمدية النفيضة""], [""fr"", ""Délégation Enfidha""]]",True,True,10.180913925170898,36.001033782958984,10.473492622375488,36.234291076660156,f65cc293-d75b-4428-85de-8d4f22e059db
4ddd8137-ce78-4844-94a3-94454d9780d4,TN,TN-41,locality,,land,زعفرانة,"[[""ar"", ""زعفرانة""], [""fr"", ""Zaafrana""], [""en"", ""Zaafrana""]]",True,True,10.016031265258789,35.48958969116211,10.169751167297363,35.62022018432617,8e217bfe-c2b5-414b-8053-b1e8289a1a47
a1b5be00-fbb4-4acc-8f1a-a6d382fce068,TN,TN-41,locality,,land,وادي الحجل,"[[""ar"", ""وادي الحجل""], [""fr"", ""Oued El Hajel""]]",True,True,9.542450904846191,35.23073959350586,9.704548835754395,35.396671295166016,34bcfeff-b580-40c1-a65d-42f218a4a6ff
e3baf54c-7515-4e80-8296-8ed0970cccd4,TN,TN-42,locality,,land,تالة,"[[""en"", ""Thala""], [""ar"", ""تالة""], [""fr"", ""Thala""], [""ru"", ""Тала""]]",True,True,8.659830093383789,35.56254959106445,8.678043365478516,35.57924270629883,251549e0-7ebf-4450-bb47-b447929e1fb2
df8f40fc-49f6-4673-9c42-bf0f9092a967,TN,TN-71,locality,,land,العيايشة,"[[""ar"", ""العيايشة""], [""fr"", ""El Ayaicha""], [""en"", ""El Ayaicha""]]",True,True,9.147041320800781,34.16535949707031,9.324482917785645,34.34231185913086,cefe1e16-e702-4699-9dd7-d8a438094891
10a1d1d7-1c06-4197-889e-090732c04d38,TN,TN-41,locality,,land,الجبلية الجنوبية,"[[""ar"", ""الجبلية الجنوبية""], [""fr"", ""Jeblia Sud""]]",True,True,10.0868501663208,35.672264099121094,10.098564147949219,35.67870330810547,58db3c7e-4136-476f-be5c-b803987364ee
1dbe44fe-5b66-4ebf-a1b2-f96f665f7803,TN,TN-51,locality,,land,منزل المحطة,"[[""ar"", ""منزل المحطة""], [""fr"", ""Menzel El Mahatta""], [""en"", ""Menzel El Mahatta""]]",True,True,10.31450080871582,35.9788703918457,10.398796081542969,36.03142547607422,8038d175-6ddf-4426-b951-1ac6d8505752
ba57f1f5-bcd3-496b-b38a-7e4b3205430a,TN,TN-42,locality,,land,السلوم,"[[""ar"", ""السلوم""], [""fr"", ""Essalloum""], [""en"", ""Essalloum""]]",True,True,8.935593605041504,35.019859313964844,9.056258201599121,35.157020568847656,eedf9727-7760-4009-beeb-964e87620300
2d394e12-7a4f-449d-b147-6e1ee8deb396,TN,TN-41,county,2,land,معتمدية الشراردة,"[[""ar"", ""معتمدية الشراردة""], [""fr"", ""Délégation Echrarda""]]",True,True,9.956132888793945,35.02022933959961,10.222947120666504,35.282432556152344,c2f1ad84-1378-4823-ba11-fc0a995fe8a8
e33d7254-eebb-46a4-882e-3c276e427a13,TN,TN-81,locality,,land,بوعطوش,"[[""ar"", ""بوعطوش""], [""fr"", ""Bou Attouch""]]",True,True,9.248090744018555,33.870418548583984,9.790358543395996,34.1285285949707,85e96225-58ef-42c4-8fc4-925633df053c
20ac169c-d5a8-40ee-ad85-7bb9a1cd3780,TN,TN-34,locality,,land,المساحلة,"[[""ar"", ""المساحلة""], [""fr"", ""El Msahla""]]",True,True,9.0177001953125,35.72877883911133,9.130882263183594,35.83620071411133,3a6a5c53-a4f4-4edc-9800-de2b32495e73
60883eb4-ed6d-4b8e-a8a0-48016491af02,TN,TN-43,locality,,land,قبرار,"[[""ar"", ""قبرار""], [""fr"", ""Gobrar""]]",True,True,9.755681991577148,34.88882827758789,9.89704704284668,34.992191314697266,72c84d00-0e64-4e25-bdae-21f42ea0f22c
ddf9b56a-518e-4c4c-9dff-b47d5ac1aafa,TN,TN-43,locality,,land,الحنية بازيد,"[[""ar"", ""الحنية بازيد""], [""fr"", ""El Hania Bazid""]]",True,True,9.67880630493164,34.987579345703125,9.79367446899414,35.071292877197266,9870c8aa-59af-4b63-8d16-5f9255d76f3a
9918c3c4-00ab-4214-8c90-17d8eb1e73dd,TN,TN-41,locality,,land,بئر بوساري,"[[""ar"", ""بئر بوساري""], [""fr"", ""Bir Bousari""]]",True,True,9.887112617492676,35.34550857543945,9.985474586486816,35.43224334716797,69d96071-62a0-422d-9c01-3d1835a64042
ebae855c-a436-414a-8a73-93ec2cabe60f,TN,TN-42,locality,,land,الزهور الشرقي 2,"[[""ar"", ""الزهور الشرقي 2""], [""fr"", ""Ezzouhour Est 2""]]",True,True,8.834137916564941,35.149818420410156,8.84648609161377,35.16373062133789,02c9dc41-d8d9-43f1-9e05-1fe839a767a4
bf7182ce-a292-49a2-84fb-4820ad67604e,TN,TN-43,locality,,land,القصيرة,"[[""ar"", ""القصيرة""], [""fr"", ""Ksaira""]]",True,True,9.51522159576416,34.952388763427734,9.624664306640625,34.98895263671875,1a1e6433-baa2-4419-a042-0f69c332391a
9ba07431-ea89-472a-a9f2-afb303ce38c3,TN,TN-81,locality,,land,عيون الزركين,"[[""ar"", ""عيون الزركين""], [""fr"", ""Ayoun Ezzerkine""]]",True,True,10.143442153930664,33.61515426635742,10.268381118774414,33.717166900634766,108c4e43-140e-471d-9712-9377b996930f
ade303df-6b38-496b-9438-62062e425f32,TN,TN-22,locality,,land,أولاد الزوابي,"[[""ar"", ""أولاد الزوابي""], [""fr"", ""Ouled Ezzouabi""]]",True,True,9.807843208312988,36.055015563964844,9.874298095703125,36.122962951660156,8eb14e11-8682-414d-ab80-f3b81d1f8cbf
a4517568-ba67-4670-8c87-0ec1738acbfd,TN,TN-82,locality,,land,البحيرة,"[[""ar"", ""البحيرة""], [""fr"", ""El Behira""]]",True,True,10.170995712280273,33.28411102294922,10.296396255493164,33.3786735534668,409a2ba5-681a-4b67-b171-16f8bd204042
a21333ba-7ded-4202-a11d-cada9f25f1b5,TN,TN-43,region,1,land,ولاية سيدي بوزيد,"[[""bs"", ""Sidi Bouzid""], [""hr"", ""Sidi Bouzid""], [""ar"", ""ولاية سيدي بوزيد""], [""fr"", ""Gouvernorat Sidi Bouzid""], [""lv"", ""Sidi Buzida""], [""uk"", ""Сіді-Бузід (вілаєт)""], [""ceb"", ""Gouvernorat de Sidi Bouzid""], [""pt-PT"", ""Sidi Bouzid""], [""pt"", ""Sidi Bouzid (província)""], [""cs"", ""Sidi Bouzid""], [""zu"", ""Sidi Bouzid Governorate""], [""el"", ""Σιντί Μπουζίντ (Κυβερνείο)""], [""it"", ""Sidi Bouzid""], [""ca"", ""Governació de Sidi Bou Zid""], [""pt-BR"", ""Sidi Bouzid""], [""vi"", ""Sidi Bouzid""], [""nl"", ""Sidi Bouzid (gouvernement)""], [""zh-Hans"", ""西迪布济德省""], [""bg"", ""Сиди Бузид (област)""], [""ko"", ""시디부지드주""], [""et"", ""Sidi Bouzid""], [""de"", ""Sayyidi Buzaid""], [""cy"", ""Sidi Bouzid (talaith)""], [""azb"", ""سیدی بوزید""], [""frr"", ""Sidi Bouzid (Guwernement)""], [""be-Latn-tarask"", ""Сідзі-Бу-Зід (вілает)""], [""ur"", ""سیدی بوزید""], [""ru"", ""Сиди-Бу-Зид (вилайет)""], [""th"", ""ซิดิเบาซิด""], [""id"", ""Kegubernuran Sidi Bou Said""], [""sr-Latn"", ""Sidi Buzid""], [""sv"", ""Sidi Bou Zid""], [""tr"", ""Sidi Bu Zeyd ili""], [""da"", ""Sidi Bouzid""], [""zh-Hant"", ""西迪布濟德省""], [""en"", ""Sidi Bouzid""], [""he"", ""סידי באוסייד""], [""sk"", ""Sidi Bouzid""], [""az"", ""Sidi-Bu-Zid (vilayət)""], [""es"", ""Gobernación de Sidi Bouzid""], [""sco"", ""Sidi Bou Zid Govrenorate""], [""be"", ""Сідзі-Бу-Зід (вілает)""], [""kab"", ""سيدي بوزيد""], [""ja"", ""シディブジッド県""], [""fi"", ""Sidi Bouzid (kuvernementti)""], [""ro"", ""Guvernoratul Sidi Bouzid""], [""lt"", ""Sidi Bu Zidas""], [""no"", ""Sidi Bouzid (guvernement)""], [""sl"", ""Sidi Bouzid""], [""fa"", ""سیدی بوزید""], [""zh"", ""西迪布濟德省""], [""ms"", ""Kawasan kegabenoran Sidi Bou Said""], [""hu"", ""Sidi Bouzid""], [""pl"", ""Gubernatorstwo Sidi Bu Zajd""], [""ks"", ""سیدی بوزید""], [""sh"", ""Sidi Bouzid (vilajet)""]]",True,True,8.920880317687988,34.264732360839844,10.063610076904297,35.49567413330078,6b70693e-081f-4a88-b9b3-358241def691
1cce39be-ef0d-4176-9187-3f138e39bdcb,TN,TN-82,county,2,land,معتمدية مدنين الشمالية,"[[""ar"", ""معتمدية مدنين الشمالية""], [""fr"", ""Délégation Medenine Nord""]]",True,True,10.250887870788574,33.213619232177734,10.518364906311035,33.51375198364258,229be724-c58d-4357-8b39-8b8c6d5da3f6
dd8931d3-0b50-498e-83d8-bad8ceb3569a,TN,TN-61,locality,,land,تليل العجلة,"[[""ar"", ""تليل العجلة""], [""fr"", ""Telil El Ajla""]]",True,True,10.053461074829102,34.979488372802734,10.25590705871582,35.119232177734375,822fc474-6113-4178-aa0f-d90443307e71
7e6a5a3d-f795-4ad4-b066-7e693d603296,TN,TN-81,county,2,land,معتمدية مطماطة,"[[""ar"", ""معتمدية مطماطة""], [""fr"", ""Délégation Matmata""]]",True,True,9.488274574279785,33.26987838745117,10.078717231750488,33.66288757324219,daf06209-b03c-45a4-ab11-4244edb2d07d
5bee22f1-1c41-467e-9672-63a6de6e0cde,TN,TN-41,county,2,land,معتمدية الشبيكة,"[[""ar"", ""معتمدية الشبيكة""], [""fr"", ""Délégation Chebika""]]",True,True,9.75533390045166,35.48988723754883,10.059000015258789,35.82834243774414,8975db7a-5676-4e73-877d-994ba874af23
cd607caf-a7c9-4d2f-ad2a-a9f5d0eb099a,TN,TN-43,locality,,land,سيدي بوزيد الغربية,"[[""ar"", ""سيدي بوزيد الغربية""], [""fr"", ""Sidi Bouzid Ouest""], [""es"", ""Sidi Buzid Oeste""]]",True,True,9.486031532287598,35.02778625488281,9.507688522338867,35.04167175292969,a7c7ba66-0e57-4866-8685-e1886ab9f3b8
640f168c-7a2b-42e5-97ba-8f56caa14b20,TN,TN-41,locality,,land,القطار,"[[""ar"", ""القطار""], [""fr"", ""El Guettar""]]",True,True,9.489530563354492,35.59315872192383,9.55971908569336,35.645545959472656,cbcd5778-b81c-4d42-90e9-effc5670c758
5d54b09f-a73f-4a1a-a54c-bbbeb0011b97,TN,TN-41,locality,,land,هماد,"[[""ar"", ""هماد""], [""fr"", ""Hammed""]]",True,True,9.853067398071289,35.48988723754883,9.96185302734375,35.564300537109375,591421f0-50c7-4433-b2c5-7f5d2efb30ba
e91b1bdf-e168-4a10-a4b7-59388c02a85e,TN,TN-33,locality,,land,عين القصيبة,"[[""ar"", ""عين القصيبة""], [""fr"", ""Aïn El Ksiba""]]",True,True,8.797551155090332,35.717613220214844,8.92158317565918,35.8595085144043,9d4883c3-bd40-4db8-b4d0-229fcbd7482c
84c63733-b1ef-4c61-aefd-b4130f42d5ee,TN,TN-34,locality,,land,كسرى,"[[""ar"", ""كسرى""], [""fr"", ""Kesra""], [""en"", ""Kesra""]]",True,True,9.311379432678223,35.73834228515625,9.43847370147705,35.85493469238281,7428b56f-55d6-4dbf-bd9b-f87b51601bce
854e5c42-7966-4d1b-a414-6d7166f71015,TN,TN-53,locality,,land,المحارزة الجنوبية,"[[""ar"", ""المحارزة الجنوبية""], [""fr"", ""El Maherza Sud""]]",True,True,10.16055679321289,35.2706184387207,10.376797676086426,35.424686431884766,dc71a5ba-2302-4b08-b7c8-131c0319e1d5
bf53734f-f9f0-4b2f-bd36-f16b3fc5e6b6,TN,TN-73,locality,,land,العوينة الجنوبية,"[[""ar"", ""العوينة الجنوبية""], [""fr"", ""El Aouina Sud""]]",True,True,9.007240295410156,32.810829162597656,9.971390724182129,33.43050003051758,03e8c37a-551e-4c1b-91a5-cd572a4717aa
1cf23094-feea-4b4f-a756-07289ea0a91a,TN,TN-42,locality,,land,الشرائع,"[[""ar"", ""الشرائع""], [""fr"", ""Ech-Charaya""], [""en"", ""Echraya""]]",True,True,8.945422172546387,35.16874694824219,9.090216636657715,35.260982513427734,54efbf7b-9fd3-4b40-8973-5bfec61cd1ff
4631f52a-3ca0-4dd2-9f62-722d07756aed,TN,TN-41,locality,,land,المنشية,"[[""ar"", ""المنشية""], [""fr"", ""El Menchia""]]",True,True,10.070294380187988,35.67466735839844,10.086263656616211,35.6849479675293,df114505-4252-48eb-bae5-ccce11a417cb
32084b06-dfad-4a35-b4ff-bacc7ef29ace,TN,TN-71,locality,,land,جبيلة الوسط,"[[""ar"", ""جبيلة الوسط""], [""fr"", ""Jbilet Ouest""]]",True,True,9.301305770874023,34.31117630004883,9.424324035644531,34.41078186035156,f2faab44-bd0e-4e12-87e1-1036814f08c8
bfd523e0-b0b5-4c88-860d-d06d993f8715,TN,TN-41,locality,,land,وادي القصب,"[[""ar"", ""وادي القصب""], [""fr"", ""Oued El Ksab""]]",True,True,9.7067232131958,36.002296447753906,9.830351829528809,36.11363220214844,318c1d9d-d682-45fa-a8a6-1e8c25d20bb2
8075c714-e366-4ab2-99e2-38db5792224f,TN,TN-73,locality,,land,بن محمد,"[[""ar"", ""بن محمد""], [""fr"", ""Ben Mehemed""]]",True,True,8.813470840454102,33.51974868774414,8.973724365234375,33.62387466430664,71571335-5c9b-4698-801e-ed9e6d764696
0a69b485-b23f-4b9e-95eb-08066124f83d,TN,TN-42,locality,,land,العريش,"[[""ar"", ""العريش""], [""fr"", ""El Arich""]]",True,True,8.753438949584961,35.17110824584961,8.876724243164062,35.245391845703125,1d1cf8f9-bc4d-426c-b3b5-4b13ed40eb39
0ae189c7-89ba-4bca-ac43-bb09ef95d2c7,TN,TN-33,locality,,land,الجريصة المركزية,"[[""ar"", ""الجريصة المركزية""], [""fr"", ""Djerissa Centre""]]",True,True,8.604151725769043,35.83781051635742,8.639304161071777,35.85175704956055,83da8229-e4e1-4aba-8dd4-f9c8cbbb970a
45d77141-0d55-4248-ae8f-f2797a1804dd,TN,TN-43,locality,,land,المكناسي الشمالية,"[[""ar"", ""المكناسي الشمالية""], [""fr"", ""Meknassy Nord""]]",True,True,9.54265022277832,34.58399963378906,9.66636848449707,34.660701751708984,6f5947fb-3d60-4a79-8e65-d83593f149d4
a6211cd0-1099-4dc3-9948-8e124d04a7b5,TN,TN-41,locality,,land,القطيفة,"[[""ar"", ""القطيفة""], [""fr"", ""El Katifa""]]",True,True,10.033371925354004,35.862937927246094,10.190326690673828,35.9765625,911ad1dd-0716-42b8-89b6-4d7a8c1a39c2
c6b7c0b2-467c-4c30-8257-d2aabafcb9fc,TN,TN-53,locality,,land,العجيلات,"[[""ar"", ""العجيلات""], [""fr"", ""El Ajilet""]]",True,True,10.316640853881836,35.364166259765625,10.412881851196289,35.49323654174805,a56e6cf4-aa49-4cfe-9c3f-7712f1f3085f
1398f168-eed4-4f02-9c91-7e7eefb2304a,TN,TN-73,locality,,land,قبلي الجنوبية,"[[""ar"", ""قبلي الجنوبية""], [""fr"", ""Kebili Sud""]]",True,True,8.986856460571289,33.68443298339844,9.06744384765625,33.73123550415039,ebaa6892-6b84-49dc-a34a-798232da1741
37ef2c52-a25e-45e0-baf1-96a985258761,TN,TN-33,locality,,land,جزة,"[[""ar"", ""جزة""], [""fr"", ""Jezza""]]",True,True,8.55582332611084,35.92679977416992,8.710614204406738,36.02052307128906,22db4718-69d9-4b25-b720-019c6b38544b
1720cef9-5f3f-41d6-af1f-aeae513d9a34,TN,TN-43,locality,,land,الرقاب,"[[""ar"", ""الرقاب""], [""fr"", ""Regueb""], [""en"", ""Regueb""]]",True,True,9.761422157287598,34.84034729003906,9.810737609863281,34.8751335144043,6b11f237-acc5-4c83-a58d-f1bdf5b34486
ada22973-7356-4737-91b8-c740a282e8f0,TN,TN-81,locality,,land,وذرف الجنوبية,"[[""ar"", ""وذرف الجنوبية""], [""fr"", ""Ouedhref Sud""]]",True,True,9.883023262023926,33.939971923828125,9.992225646972656,34.04196548461914,13549ad2-6ece-4f25-bac1-25f309fabec5
de0f6cce-28e4-4fd0-b788-73fd85581d7d,TN,TN-42,locality,,land,خنقة الجازية,"[[""ar"", ""خنقة الجازية""], [""fr"", ""Khanguet Jezia""], [""en"", ""Khanguet Jezia""]]",True,True,9.016383171081543,34.99148941040039,9.170324325561523,35.1435432434082,c91a73a7-1765-4c97-b48b-22eaa8c08957
8b31ee6d-4a92-42cf-bf5c-1ef29fc0eb84,TN,TN-34,locality,,land,السفينة,"[[""ar"", ""السفينة""], [""fr"", ""Es Sfina""]]",True,True,9.25411319732666,35.846763610839844,9.401947975158691,35.956546783447266,7df8f503-c3cb-4537-989b-cc2c5ffa035f
ff73ad6c-5ab0-4e98-881d-b1b82f59e2b5,TN,TN-81,locality,,land,المنطقة الغربية,"[[""ar"", ""المنطقة الغربية""], [""fr"", ""Secteur Ouest""]]",True,True,9.704395294189453,33.762054443359375,9.786255836486816,33.87184524536133,6ed9c858-b9c9-47fc-89c3-7b7cefbbec0d
8d994deb-b36f-4e12-bfeb-6e71180dd609,TN,TN-81,locality,,land,النحال,"[[""ar"", ""النحال""], [""fr"", ""Nahal""], [""azb"", ""نحال""], [""ur"", ""نحال""], [""en"", ""Nahal""], [""az-Arab"", ""نحال""]]",True,True,10.060127258300781,33.8687744140625,10.086297988891602,33.893558502197266,e004af7b-f9cc-43b5-871d-eee64f37e4a1
d848929d-5cfb-4417-b2ac-6ed7c4947432,TN,TN-53,county,2,land,معتمدية هبيرة,"[[""ar"", ""معتمدية هبيرة""], [""fr"", ""Délégation Hebira""]]",True,True,10.16055679321289,35.13043975830078,10.376797676086426,35.424686431884766,bb32eb4c-1352-4bb6-9cb3-9d864da576f4
0bffa5aa-9a8a-4e53-8e6d-df58e6a6429c,TN,TN-22,locality,,land,بئر الشاوش,"[[""ar"", ""بئر الشاوش""], [""fr"", ""Bir Chaouch""], [""en"", ""Bir Chaouch""]]",True,True,9.981675148010254,36.00056838989258,10.060738563537598,36.1565055847168,14f8eb62-3a97-4e90-93f2-4541bd7e6dd6
55735fb1-3128-4a1d-b066-58bba68e2ee7,TN,TN-43,locality,,land,المزونة,"[[""ar"", ""المزونة""], [""fr"", ""Mezzouna""], [""en"", ""El Mezzouna""]]",True,True,9.803815841674805,34.502986907958984,9.928539276123047,34.59834289550781,c40ca253-69c6-434a-a821-3b4f577beec5
ba727035-ea4a-40ee-8f3c-a33880f21096,TN,TN-34,locality,,land,سيدي حمادة,"[[""ar"", ""سيدي حمادة""], [""fr"", ""Sidi Hmada""], [""en"", ""Sidi Hmada""]]",True,True,9.467768669128418,35.93692398071289,9.602446556091309,36.02252960205078,688e21cc-fa48-449e-94f5-bada9a59941e
96aec664-157a-40b5-b577-340496c1d17a,TN,TN-42,county,2,land,معتمدية القصرين الجنوبية,"[[""ar"", ""معتمدية القصرين الجنوبية""], [""fr"", ""Délégation Kasserine Sud""]]",True,True,8.561227798461914,34.886138916015625,9.030417442321777,35.31003189086914,da3ee753-9315-4fc1-8876-874a45b8fdc0
6d8fa8ac-9f6c-4847-8bc2-1956826b2514,TN,TN-81,locality,,land,Wafissin,"[[""fr"", ""Wafissin""]]",True,True,10.323719024658203,33.660884857177734,10.328008651733398,33.66472625732422,b1937cc0-4ba2-4341-b8b0-22f81c557faa
37fe4a9b-a910-4c65-8ac8-e0d7b260cc3f,TN,TN-81,locality,,land,تبلبو,"[[""ar"", ""تبلبو‬""], [""fr"", ""Teboulbou""]]",True,True,10.07542896270752,33.75667190551758,10.182600021362305,33.8686408996582,1ab0399f-7c1a-402f-ad18-75e7f90bcb1c
54830365-9c4a-49b9-8a8e-69150baf3523,TN,TN-81,locality,,land,المنطقة الرابعة,"[[""ar"", ""المنطقة الرابعة""], [""fr"", ""Secteur 4""]]",True,True,10.096759796142578,33.8780632019043,10.12496280670166,33.89896011352539,1789d210-eac2-495f-be18-aacc517a19dd
226566f0-f021-4787-8e50-90ebab0c4385,TN,TN-51,locality,,land,سيدي الهاني المركزية,"[[""ar"", ""سيدي الهاني المركزية""], [""fr"", ""Sidi El Heni Centre""]]",True,True,10.250895500183105,35.6787223815918,10.320448875427246,35.730777740478516,6ac6e949-ca29-4887-842c-170841c1343a
0cb17602-3604-475f-907b-e2288b28f849,TN,TN-71,locality,,land,ماجورة,"[[""ar"", ""ماجورة""], [""fr"", ""Majoura""]]",True,True,9.139297485351562,34.54336929321289,9.281907081604004,34.708335876464844,c441ebd3-1ce7-4a69-a4b2-fc856cb717eb
e4e5927d-2c15-4e72-9c15-b2c550b87e65,TN,TN-33,locality,,land,سيدي بركات الشمالية,"[[""ar"", ""سيدي بركات الشمالية""], [""fr"", ""Sidi Baraket Nord""]]",True,True,8.708600044250488,35.77037048339844,8.791704177856445,35.878623962402344,80558be5-7792-4d87-9236-949630740841
944185a1-b50e-4b60-8294-a9c3450b4a84,TN,TN-33,county,2,land,معتمدية الدهماني,"[[""fa"", ""دهمانی""], [""ar"", ""معتمدية الدهماني""], [""fr"", ""Délégation Dahmani""], [""azb"", ""دهمانی""]]",True,True,8.68907642364502,35.77037048339844,8.979961395263672,36.100345611572266,69eeaa2f-2783-4ab1-9337-ae0b684442f7
fccf4ab3-5671-4801-bda3-fc5169969c26,TN,TN-61,locality,,land,الصخيرة,"[[""ar"", ""‫الصخيرة‬""], [""fr"", ""Skhira""], [""en"", ""Shkira""]]",True,True,9.964040756225586,34.19834518432617,10.140519142150879,34.37785339355469,9953c20b-6a46-49a8-9488-eec76b5fd3e2
86726be8-ca87-4626-bbe3-d34cfd4f1a26,TN,TN-71,locality,,land,عمرة,"[[""ar"", ""عمرة""], [""fr"", ""Amra""]]",True,True,8.835214614868164,34.369564056396484,9.055309295654297,34.50209045410156,86e58214-5753-4e3c-9185-fd73be0b79ca
41fa85d2-dd61-44a4-aae6-6b546a71b775,TN,TN-51,locality,,land,أولاد عبد الله,"[[""ar"", ""أولاد عبد الله""], [""fr"", ""Ouled Abdellah""]]",True,True,10.316487312316895,36.14421081542969,10.339186668395996,36.158321380615234,e700802e-a9a6-4750-9c84-e08067f4658e
fb6644fc-e3fd-4f84-b2e2-a3d92a85d682,TN,TN-43,locality,,land,الدويبات الجنوبية,"[[""ar"", ""الدويبات الجنوبية""], [""fr"", ""Dheouibet Sud""]]",True,True,9.919218063354492,35.041709899902344,10.017393112182617,35.148372650146484,d3765f8a-7a80-4bec-b0c0-01c91a8c3241
4bd91889-dfa0-4a4d-a817-22b5616d6700,TN,TN-43,locality,,land,سيدي علي بن عون,"[[""ar"", ""سيدي علي بن عون""], [""fr"", ""Sidi Ali Ben Aoun""], [""en"", ""Sidi Ali Ben Aoun""]]",True,True,9.025912284851074,34.807804107666016,9.234474182128906,34.96759796142578,5982965d-994a-47e0-8ddb-381fab7539e5
4e7f955c-b86c-44f0-ba45-1da3e6500d17,TN,TN-43,locality,,land,الساهلة,"[[""ar"", ""الساهلة""], [""fr"", ""Essahla""]]",True,True,9.008721351623535,34.78303909301758,9.183115005493164,34.89031219482422,d3a93a76-1576-4d55-9620-460ae45693a6
b8b8167a-00c8-4546-9030-d667c6b4989a,TN,TN-41,locality,,land,القبلية الجنوبية,"[[""ar"", ""القبلية الجنوبية""], [""fr"", ""Keblia Sud""]]",True,True,10.09624195098877,35.641658782958984,10.113539695739746,35.675846099853516,af405050-7d13-4cd8-9dd1-3a2bbf218d57
b8c3db6b-1da1-4de8-b0c7-68520ea973ce,TN,TN-34,county,2,land,معتمدية سليانة الجنوبية,"[[""ar"", ""معتمدية سليانة الجنوبية""], [""fr"", ""Délégation Siliana Sud""]]",True,True,9.239651679992676,35.846763610839844,9.602446556091309,36.09250259399414,ff64387e-0dd4-42f0-aac5-24133fb74571
fe84f4b6-8bc1-4daa-a5b4-8d79c1993d23,TN,TN-71,locality,,land,المولي,"[[""ar"", ""المولي""], [""fr"", ""El Moula""]]",True,True,8.786038398742676,34.427467346191406,8.795548439025879,34.43612289428711,401020da-2a05-4780-8375-23d6e76557d2
bdaf1f83-65d4-4f73-9800-9efae354a369,TN,TN-43,locality,,land,الدوارة,"[[""ar"", ""الدوارة""], [""fr"", ""Eddaouara""]]",True,True,9.650199890136719,34.48829650878906,9.823801040649414,34.5950927734375,4caaf7fd-5196-4b95-bbd9-d2299ebda492
9bf00ccb-3a81-4b70-a530-fd28046ac695,TN,TN-42,locality,,land,الوساعية,"[[""ar"", ""الوساعية""], [""fr"", ""Ouassaia""]]",True,True,8.828337669372559,35.223426818847656,9.029287338256836,35.36214065551758,a97cb760-c5d5-4e42-8e8f-e92dead593e5
6ebe7ee8-a6c9-4fb5-aa4a-d3b5f8cba9dc,TN,TN-53,locality,,land,المعاطي,"[[""ar"", ""المعاطي""], [""fr"", ""El Maati""]]",True,True,10.318663597106934,35.13175582885742,10.40190601348877,35.23977279663086,f68c5fc3-8f42-422b-84d6-56bb76c7e71d
786346b7-ed12-40f1-b3f5-5c88c2c49d9f,TN,TN-61,locality,,land,بو سليم,"[[""ar"", ""بو سليم""], [""fr"", ""Bou Slim""]]",True,True,10.166064262390137,34.6530876159668,10.32494068145752,34.846744537353516,285995a7-1f5a-4dda-87da-69af98202739
6efde85c-0b59-4535-9ccd-1f8ef7e0b7ba,TN,TN-53,locality,,land,أولاد الشامخ الجنوبية,"[[""ar"", ""أولاد الشامخ الجنوبية""], [""fr"", ""Ouled Chamekh Sud""]]",True,True,10.273560523986816,35.44057846069336,10.35354232788086,35.54438018798828,fbc82530-dafe-44d7-bfca-d0b60df259c2
ae08b53b-2d67-48a2-96b3-6925f667e5d1,TN,TN-81,locality,,land,بشيمة البرج,"[[""ar"", ""بشيمة البرج""], [""fr"", ""Bechima El Borj""]]",True,True,9.61584186553955,33.88191223144531,9.763758659362793,33.977325439453125,9d167cf1-52b8-40b9-b9a9-1c55c68ad451
e9d43fcc-7e1b-48cc-af86-76be77f3abf3,TN,TN-42,locality,,land,تلابت,"[[""ar"", ""تلابت""], [""fr"", ""Telept""], [""en"", ""Thelepte""]]",True,True,8.556580543518066,34.96278762817383,8.625171661376953,35.01393127441406,946ec08c-a0e5-49f5-a054-6bdb54d496da
6ba2c1f5-ea73-4ae7-99c1-b290d403f985,TN,TN-71,locality,,land,القصر,"[[""ar"", ""القصر""], [""fr"", ""El Ksar""]]",True,True,8.717848777770996,34.322086334228516,8.819297790527344,34.410953521728516,7c024962-14e2-40b8-adde-f25ede6a6ef3
3aad27b1-7b85-42b6-9801-162108eedd11,TN,TN-34,locality,,land,سجة,"[[""ar"", ""سجة""], [""fr"", ""Sejja""]]",True,True,9.38244342803955,36.00692367553711,9.511558532714844,36.09250259399414,944e4a36-5578-4ea8-9360-f777118998d2
1bd35642-0d98-40a0-9f22-5eadf5db7c75,TN,TN-71,locality,,land,الساكت,"[[""ar"", ""الساكت""], [""fr"", ""Essaket""], [""en"", ""Saket""]]",True,True,9.142093658447266,34.360469818115234,9.273540496826172,34.42918014526367,ff0b773f-4bc6-45a6-b23a-e0973705b60d
b719ad97-3626-43f9-a121-1c7655d176d8,TN,TN-33,locality,,land,الزوارين,"[[""ar"", ""الزوارين""], [""fr"", ""Zouarine""], [""en"", ""Zouarine""]]",True,True,8.833703994750977,35.877323150634766,8.979961395263672,36.06561279296875,e1b6bffb-f454-4d19-a857-839f26e5e980
721c484d-425b-4c4a-9cfa-45460c612912,TN,TN-51,locality,,land,دار بلواعر,"[[""ar"", ""دار بلواعر""], [""fr"", ""Dar Belouaer""], [""en"", ""Dar Bel Ouaer""]]",True,True,10.286467552185059,36.010982513427734,10.372140884399414,36.05710220336914,c307de4b-c549-46df-ba07-da0b46cd493d
3291a75c-6646-49e4-9c15-be8af2686fb5,TN,TN-34,locality,,land,سند الحداد,"[[""ar"", ""سند الحداد""], [""fr"", ""Send El Haddad""], [""en"", ""Snad El Haddad""]]",True,True,9.133893013000488,35.89955520629883,9.237767219543457,35.934242248535156,2f962283-e1d3-4cd5-853d-f78f7611735f
f6504ada-4348-4eef-8dc5-5c2b9c67f55a,TN,TN-82,county,2,land,معتمدية بني خداش,"[[""ar"", ""معتمدية بني خداش""], [""fr"", ""Délégation Beni Khedech""]]",True,True,9.709639549255371,33.04631042480469,10.447287559509277,33.42366409301758,33e1635a-ded5-4001-9a42-73a7643c824e
c969261a-b148-4713-916b-1f37bc69db91,TN,TN-41,locality,,land,سيسب,"[[""ar"", ""سيسب""], [""fr"", ""Sisseb""]]",True,True,10.113325119018555,35.926273345947266,10.24545669555664,36.051361083984375,2f4a6de0-ece4-4001-a34d-0203a21c5625
06f94641-3315-4b82-b4b9-0c29beaa1e6a,TN,TN-42,locality,,land,فوسانة,"[[""ar"", ""فوسانة""], [""fr"", ""Foussana""], [""en"", ""Foussana""]]",True,True,8.585408210754395,35.320186614990234,8.655994415283203,35.38218307495117,2cb21b61-f63e-4147-bfca-f3a103187e49
cb94e9c7-72bb-4975-82cf-e4d0837b47d0,TN,TN-33,locality,,land,الحوارث الجنوبية,"[[""ar"", ""الحوارث الجنوبية""], [""fr"", ""Haouareth Sud""]]",True,True,8.688247680664062,36.15496826171875,8.71777057647705,36.177303314208984,2c6ac89c-14f6-4be4-8145-aa9ccbaba633
fac01354-6a78-46a9-a3e6-2fc6283234a0,TN,TN-42,locality,,land,الخضراء,"[[""ar"", ""الخضراء""], [""fr"", ""El Khadhra""]]",True,True,9.090914726257324,35.198081970214844,9.274892807006836,35.29486083984375,1b9837f6-c560-416d-8918-b573744bed2a
61f2cbbf-2637-4225-890e-cd7b629a0a00,TN,TN-42,locality,,land,مقدودش,"[[""ar"", ""مقدودش""], [""fr"", ""Meghdoudech""]]",True,True,8.591802597045898,34.886138916015625,8.797345161437988,35.1202507019043,ca965646-091c-4064-8d30-3274a77090df
ed7d7ace-7f63-43c3-a83d-89be7d682377,TN,TN-42,locality,,land,بولهيجات,"[[""ar"", ""بولهيجات""], [""fr"", ""Boulhijet""]]",True,True,8.561227798461914,34.992889404296875,8.790568351745605,35.138641357421875,aa6b0301-ecf9-45e4-b4c5-f9a0dc5b6f83
32c5c6f9-5782-4d8b-a614-5335e0402143,TN,TN-33,locality,,land,حشاد,"[[""ar"", ""حشاد""], [""fr"", ""Hached""]]",True,True,8.699418067932129,36.16753387451172,8.707426071166992,36.17780303955078,d91b1793-bf09-4c9a-a27c-d1aa6b2be3dc
338d1a65-075f-41a6-98a2-1695c0946b47,TN,TN-51,locality,,land,كندار,"[[""ar"", ""كندار""], [""fr"", ""Kondar""], [""en"", ""Kondar""]]",True,True,10.23669147491455,35.90310287475586,10.34819507598877,35.960350036621094,eb7958d8-7a48-41ba-a8f1-1f67df72cbde
7b7d3476-8b28-4aec-81f9-101de00685aa,TN,TN-61,locality,,land,سيدي علي بالعابد,"[[""ar"", ""سيدي علي بالعابد""], [""fr"", ""Sidi Ali Bel Abed""]]",True,True,10.09600830078125,34.71759796142578,10.240211486816406,34.85254669189453,7e9d830a-d513-4607-bc95-0319f3bb5945
cd35dcad-e424-43ea-922f-3f9a88fb5d74,TN,TN-42,locality,,land,الرطيبات,"[[""ar"", ""الرطيبات""], [""fr"", ""Er-Rtibet""]]",True,True,8.624485969543457,35.36149978637695,8.738815307617188,35.440860748291016,b84e85ab-c3a5-4d25-8dab-5f2e879908ad
e7b62c40-955a-4efc-a8c1-fbe075e4e19f,TN,TN-41,locality,,land,أولاد فرج اللّه الشمالية,"[[""ar"", ""أولاد فرج اللّه الشمالية""], [""fr"", ""Ouled Farjallah Nord""]]",True,True,10.082568168640137,35.20356750488281,10.203672409057617,35.28877258300781,7af614b3-15c5-4968-81de-38c3b3b942c0
4e96568d-d390-4905-a50c-39faa1589c1c,TN,TN-81,locality,,land,بشيمة القلب,"[[""ar"", ""بشيمة القلب""], [""fr"", ""Bechima El Galb""], [""en"", ""Bechima El Galb""]]",True,True,9.654119491577148,33.89860153198242,9.756180763244629,33.98968505859375,69cecdb0-c6ff-4898-8f53-a77c15478b31
3a7853f1-196a-4768-9ec5-80ac199adb5a,TN,TN-42,locality,,land,ماجل بالعباس الجنوبية,"[[""ar"", ""ماجل بالعباس الجنوبية""], [""fr"", ""Majel Bel Abbes Sud""]]",True,True,8.464696884155273,34.62740707397461,8.650888442993164,34.749855041503906,6a8b2979-d424-4d62-8bae-e30c4e855129
4e38b726-5a45-42a3-bec7-4bec0b3e828b,TN,TN-33,locality,,land,تاجروين الجنوبية,"[[""ar"", ""تاجروين الجنوبية""], [""fr"", ""Tajerouine Sud""]]",True,True,8.54716682434082,35.84241485595703,8.613005638122559,35.90028381347656,e576a2e1-665d-489d-8433-67b2d7c22339
c1c5f1d9-4a98-4735-af38-aa3d8e7f001f,TN,TN-71,locality,,land,السمائرية,"[[""en"", ""Essmayria""], [""ar"", ""السمائرية""], [""fr"", ""Essmayria""]]",True,True,9.30309009552002,34.549110412597656,9.307792663574219,34.55141830444336,f83ed7b4-7c63-423c-9c9b-92feb89645e5
ae7d80dd-20a9-4c2b-9a34-365daeacf8e1,TN,TN-34,locality,,land,مكثر الشمالية,"[[""ar"", ""مكثر الشمالية""], [""fr"", ""Makther Nord""]]",True,True,9.166315078735352,35.853973388671875,9.216398239135742,35.869667053222656,1ae9819b-57f3-4be6-a1b0-75066a57bb47
021b98a4-2da9-4673-8c0f-7b55eeb0b0ae,TN,TN-42,locality,,land,عين الدفلة,"[[""ar"", ""عين الدفلة""], [""fr"", ""Ain Eddefla""]]",True,True,8.531818389892578,35.56753921508789,8.605460166931152,35.646217346191406,a119b473-9436-4195-9e12-9096b0bafd94
44e06ec1-0523-438b-a9e3-e4aba037fe27,TN,TN-41,locality,,land,رقادة,"[[""ar"", ""رقادة""], [""fr"", ""Rakada""], [""en"", ""Rakkada""]]",True,True,10.012898445129395,35.58096694946289,10.096473693847656,35.65487289428711,ea3d91e9-116c-4e5b-867d-20df156351eb
ca55b58f-c00b-411e-9f49-b964eaf10d90,TN,TN-33,locality,,land,الزيتونة,"[[""en"", ""Az Zaytuna""], [""ar"", ""الزيتونة""], [""fr"", ""Ezzitouna""], [""de"", ""Az-Zaituna""]]",True,True,8.925159454345703,35.680419921875,9.045597076416016,35.87921905517578,ada81613-e18f-4ac7-be3a-b1d38e7efeda
ccbc52bd-285d-460e-9d16-543d4a72a891,TN,TN-34,locality,,land,الحبابسة الشمالية,"[[""ar"", ""الحبابسة الشمالية""], [""fr"", ""El Hbabsa Nord""]]",True,True,9.180649757385254,35.51206588745117,9.37930965423584,35.6384391784668,55b61c90-8b7f-44a9-a212-63bc98331fba
29f09151-77fa-48a0-8753-16d044b8392e,TN,TN-71,county,2,land,معتمدية قفصة الشمالية,"[[""ar"", ""معتمدية قفصة الشمالية""], [""fr"", ""Délégation Gafsa Nord""]]",True,True,8.694769859313965,34.43240737915039,9.157018661499023,34.72121047973633,8b29cbd9-d0c8-4a57-9e87-e9a529013f4b
b12d85cb-03a8-42b9-b0f3-66af6d9d9274,TN,TN-81,county,2,land,معتمدية قابس الغربية,"[[""ar"", ""معتمدية قابس الغربية""], [""fr"", ""Délégation Gabès Ouest""]]",True,True,9.907283782958984,33.81544494628906,10.086297988891602,33.940826416015625,d58f81ee-7a69-46f2-98d8-ce12062109d9
8489af78-ebae-4624-aabd-57de0f24b744,TN,TN-71,locality,,land,الطلح الشرقية,"[[""ar"", ""الطلح الشرقية""], [""fr"", ""Ettalh Est""]]",True,True,9.390374183654785,34.30842971801758,9.560730934143066,34.48672103881836,5941aaea-3f50-42ab-bf49-f16d7c2fa4ea
e54d1b9b-4a32-4de7-8fe5-50775e112d76,TN,TN-41,locality,,land,الحاجب المركز,"[[""ar"", ""الحاجب المركز""], [""fr"", ""El Hajeb Centre""]]",True,True,9.498520851135254,35.3802490234375,9.567731857299805,35.416500091552734,2f52de51-1115-4c3a-8b86-f3568dd1584a
a631ac9f-eb39-46f3-b823-bcaec90601a0,TN,TN-71,locality,,land,الفج,"[[""ar"", ""الفج""], [""fr"", ""Fej""]]",True,True,8.917418479919434,34.57470703125,9.077810287475586,34.72121047973633,a667fa18-8a88-4c6b-9986-51ef8d681d64
f6d1cc77-f642-4921-aad0-0c69003cc886,TN,TN-33,locality,,land,الزعفران,"[[""ar"", ""الزعفران""], [""fr"", ""Zaafrane""], [""en"", ""Zaafrane""]]",True,True,8.697664260864258,36.085296630859375,8.893006324768066,36.21820068359375,48c6fd3b-661e-4917-916b-54a0c3b56d9e
d35729ad-6a3c-409e-9fa1-27ca775bcdb3,TN,TN-42,locality,,land,الزهور الغربي 4,"[[""ar"", ""الزهور الغربي 4""], [""fr"", ""Ezzouhour Ouest 4""]]",True,True,8.812920570373535,35.156917572021484,8.833455085754395,35.165653228759766,820485dd-7d30-4c6a-9c63-06b78a718c7d
56607692-7077-4d16-8517-817313ca43b0,TN,TN-43,locality,,land,قارة حديد,"[[""ar"", ""قارة حديد""], [""fr"", ""Garet Hadid""]]",True,True,9.51522159576416,34.964229583740234,9.632750511169434,35.027931213378906,eb503153-a8d8-4db0-a95b-ecabd9893e10
2bc2fbfd-2c73-46f3-86fa-11343d1a9091,TN,TN-43,locality,,land,زغمار,"[[""ar"", ""زغمار""], [""fr"", ""Zoghmar""]]",True,True,9.241125106811523,35.34856414794922,9.381704330444336,35.446250915527344,cdac2a84-1318-42fe-8d1f-ab68f6ab4998
f58f5a65-1064-41ad-84c5-269c9358aba0,TN,TN-73,locality,,land,بشني إدرجين,"[[""ar"", ""بشني إدرجين""], [""fr"", ""Bichni Edarjin""]]",True,True,8.263814926147461,33.42656326293945,8.858414649963379,33.80305480957031,2f089407-7802-4413-b166-86c0b121c959
49b7f551-ddf6-4eeb-91b9-2935b97bc832,TN,TN-43,locality,,land,غريويس,"[[""ar"", ""غريويس""], [""fr"", ""Ghiriouis""]]",True,True,9.603275299072266,34.90890884399414,9.702996253967285,34.98258590698242,34c7b190-cb8f-4d7f-b508-5c0d86e1fac6
468d5473-a334-4691-a013-d1c1e7803437,TN,TN-42,locality,,land,البرك,"[[""ar"", ""البرك""], [""fr"", ""El Brek""]]",True,True,8.800479888916016,35.43244934082031,8.887663841247559,35.51100158691406,badd6870-be1e-4734-a182-cee803f60cec
1f81f6ee-0c3c-4da6-a5c1-a714714fb0c2,TN,TN-33,locality,,land,فج التمر,"[[""ar"", ""فج التمر""], [""fr"", ""Fej Ettamer""]]",True,True,8.601683616638184,35.78325653076172,8.76183795928955,35.888851165771484,7a280a67-4c82-4f91-861a-bdc494699bc2
6e102d27-c020-4379-ae87-cfac56f4dec6,TN,TN-42,locality,,land,الزهور الشرقي 1,"[[""ar"", ""الزهور الشرقي 1""], [""fr"", ""Ezzouhour Est 1""]]",True,True,8.831425666809082,35.16154861450195,8.838574409484863,35.168453216552734,d565e453-c1fa-44f6-a5f6-48f6a735d3f0
3588be76-0989-47d1-b7e5-ab2c48231867,TN,TN-81,locality,,land,الزركين,"[[""ar"", ""الزركين""], [""fr"", ""Ez-Zerkine""]]",True,True,10.216482162475586,33.67034912109375,10.302481651306152,33.76642990112305,8cf6c7d1-25e1-4fa1-bdc4-4726d8c55cbb
00b01a39-97c9-4f05-bdc2-75a4c3b8115b,TN,TN-33,locality,,land,تاجروين,"[[""en"", ""Tajerouine""], [""ar"", ""تاجروين""], [""fr"", ""Tajerouine""], [""ru"", ""Таджервин""]]",True,True,8.539241790771484,35.879661560058594,8.56064224243164,35.90005111694336,a9c2aede-9abc-46f7-8f6a-864eafcdc9fc
f7c1c957-4efe-4472-a9c4-cfae064e37da,TN,TN-43,locality,,land,الأبيض,"[[""ar"", ""الأبيض""], [""fr"", ""El Abaiedh""]]",True,True,9.42371654510498,35.386356353759766,9.505199432373047,35.49309539794922,603912c9-9ac7-48ed-b7d6-29716c27b35b
bf9da299-02f4-417f-ad0d-031f5e7bbc99,TN,TN-71,locality,,land,العمايمة,"[[""ar"", ""العمايمة""], [""fr"", ""El Amaima""]]",True,True,8.62478256225586,34.5926399230957,8.782025337219238,34.72886276245117,33fcaa02-8030-4b6a-b3fb-df1bb8501769
df148faf-6221-4494-9f2e-c5e02f9af2c1,TN,TN-41,locality,,land,القبلية الشمالية,"[[""ar"", ""القبلية الشمالية""], [""fr"", ""Kebilia Nord""]]",True,True,10.089286804199219,35.66596603393555,10.100460052490234,35.676692962646484,d21c9cc8-85a4-47eb-9eb1-8d6eca427edf
251f1786-55ba-4a54-8286-a74aac93ccf0,TN,TN-71,locality,,land,القطار الشرقية,"[[""ar"", ""القطار الشرقية""], [""fr"", ""El Guetar Est""]]",True,True,8.949559211730957,34.1287727355957,9.170836448669434,34.39977264404297,af513f8f-eabe-48b5-a3ea-f451d940d210
4efc641d-511c-4909-94bb-446848276fd0,TN,TN-34,locality,,land,صيار,"[[""ar"", ""صيار""], [""fr"", ""Sayar""]]",True,True,9.160945892333984,35.8063850402832,9.295700073242188,35.87933349609375,0611b15d-50b4-4ebd-9b83-83b1008e4be7
cf9437d2-1b94-4475-aa57-c6cb01a0fe09,TN,TN-34,locality,,land,القرعة,"[[""ar"", ""القرعة""], [""fr"", ""El Garaa""]]",True,True,9.185026168823242,35.848880767822266,9.309712409973145,35.91318130493164,e38941c0-3859-4d56-b8b9-e56ee92a2683
0b655c07-6f01-4542-9fff-abf594c22ae8,TN,TN-81,microhood,,land,حي النسيم,"[[""en"", ""Hay Ennasim""], [""ar"", ""حي النسيم""], [""fr"", ""Cité Ennasim""]]",True,True,10.007495880126953,33.95285415649414,10.010887145996094,33.95740509033203,ef8dd1a9-1f3c-4ae3-a707-9e646c168439
626cfecc-bb6c-4ee1-8f2c-404ca7305ef1,TN,TN-53,locality,,land,بوسليم,"[[""ar"", ""بوسليم""], [""fr"", ""Bou Slim""]]",True,True,10.185921669006348,35.412166595458984,10.27356243133545,35.4987907409668,7519d0a6-d6c6-4131-9a0e-c1300054bca0
c3922483-0617-4b1d-938b-c76b1126a5e4,TN,TN-43,locality,,land,الرميلية,"[[""ar"", ""الرميلية""], [""fr"", ""Erremelia""]]",True,True,9.523829460144043,34.745826721191406,9.63781452178955,34.86130142211914,5eddb6d6-f3a0-4704-be43-2e246b48fb46
a6bfbdf7-bda0-4a36-ac7c-e1365c2fd7e3,TN,TN-33,locality,,land,الدهماني الشمالية,"[[""ar"", ""الدهماني الشمالية""], [""fr"", ""Dahmani Nord""]]",True,True,8.813873291015625,35.93300247192383,8.832221031188965,35.95542526245117,b288e951-f20d-4ab3-af61-5dc29a7b84b2
5540dfe4-ba45-4024-86a6-aad0314b3dd4,TN,TN-71,county,2,land,معتمدية السند,"[[""ar"", ""معتمدية السند""], [""fr"", ""Délégation Sened""]]",True,True,8.970306396484375,34.378448486328125,9.35023021697998,34.70840072631836,edeae470-672d-45a3-8e44-0403ff827526
4f2dd5d2-269f-4a23-b3bf-da925d01a204,TN,TN-34,locality,,land,المنصورة الجنوبية,"[[""ar"", ""المنصورة الجنوبية""], [""fr"", ""El Mansoura Sud""]]",True,True,9.412015914916992,35.78313064575195,9.510013580322266,35.824195861816406,24555305-c81f-4d04-9552-476ec7fcfe72
8cc0baaa-9fea-4293-beac-16544333b684,TN,TN-34,locality,,land,سيدي مرشد,"[[""ar"", ""سيدي مرشد""], [""fr"", ""Sidi Morched""]]",True,True,9.443875312805176,35.87269592285156,9.550851821899414,36.008766174316406,c9b2d987-8dcd-4ccf-afaf-f236865aa352
bb34a715-7428-4dcd-a30a-cfd39acdb94a,TN,TN-81,locality,,land,بني عيسى,"[[""ar"", ""بني عيسى""], [""fr"", ""Beni Aissa""]]",True,True,9.807790756225586,33.57181167602539,9.959216117858887,33.74905776977539,a3b24788-7065-45f5-a47c-bf487a28f2f3
3de81f23-2984-447c-aeb9-0158d39cc5b2,TN,TN-43,locality,,land,بئر بوصبيع,"[[""ar"", ""بئر بوصبيع""], [""fr"", ""Bir Bousbiaa""]]",True,True,9.216625213623047,34.86355972290039,9.317081451416016,34.93172073364258,1ffe612f-6d8a-486d-8d15-c826a3669d99
f31492d9-541d-47ce-86ed-ccf8f8c45d58,TN,TN-34,locality,,land,سليانة الشمالية,"[[""ar"", ""سليانة الشمالية""], [""fr"", ""Siliana Nord""]]",True,True,9.348777770996094,36.07765579223633,9.392830848693848,36.12016677856445,6ebf2f42-474b-4f5f-b16d-5c0b97289454
e1aaa3d5-77fa-4869-b3ac-cab82657a3bc,TN,TN-43,locality,,land,الصداقية,"[[""ar"", ""الصداقية""], [""fr"", ""Sadakia""]]",True,True,9.349302291870117,35.03282928466797,9.459023475646973,35.161460876464844,c6617b0e-3113-481c-b09a-f76c0c6b7e5b
727c2841-2202-4c89-907b-e8cdd961a6e9,TN,TN-42,locality,,land,الأحواش,"[[""ar"", ""الأحواش""], [""fr"", ""El Ahouach""]]",True,True,8.49776840209961,34.8502197265625,8.597521781921387,34.979652404785156,4057a41c-e7bd-4e48-a2a3-56198fc40342
41f50f06-dd55-4870-a33e-568df285d4c0,TN,TN-71,locality,,land,وادي أيلو,"[[""ar"", ""وادي أيلو""], [""fr"", ""Oued Ailou""]]",True,True,8.78096866607666,34.419776916503906,8.790003776550293,34.434383392333984,df934702-fdf5-4866-b558-018799ad73d2
6bef57b1-3c60-4252-9269-09efa520363d,TN,TN-41,locality,,land,أولاد عاشور,"[[""ar"", ""أولاد عاشور""], [""fr"", ""Ouled Achour""]]",True,True,10.091330528259277,35.26660919189453,10.20512580871582,35.38365173339844,fd165b0c-d572-4998-a711-425f5bb57647
1d093a49-207a-45ff-aa99-a9e277f8e4e0,TN,TN-83,county,2,land,معتمدية تطاوين الجنوبية,"[[""ar"", ""معتمدية تطاوين الجنوبية""], [""fr"", ""Délégation Tataouine Sud""]]",True,True,9.879860877990723,32.575843811035156,10.521539688110352,32.97727966308594,63eed910-970c-46ab-94fb-237227e168e1
1a651ca3-7eb2-48a4-997e-08f3aa560afa,TN,TN-71,locality,,land,المطار,"[[""ar"", ""المطار""], [""fr"", ""El Matar""]]",True,True,8.795843124389648,34.396636962890625,8.847426414489746,34.45662307739258,3a73451d-1c4f-4779-9ada-aba627e0ca4a
04e69867-3af8-44da-a3b5-ae03ad67f5c9,TN,TN-81,county,2,land,معتمدية غنوش,"[[""ar"", ""معتمدية غنوش""], [""fr"", ""Délégation Ghanouch""]]",True,True,10.026281356811523,33.91370391845703,10.082263946533203,33.98224639892578,5e5a0a0a-40c8-4449-a364-121a4b668b7e
567d174a-e756-474a-b8d5-fdc60bea9429,TN,TN-41,county,2,land,معتمدية القيروان الشمالية,"[[""ar"", ""معتمدية القيروان الشمالية""], [""fr"", ""Délégation Kairouan Nord""]]",True,True,9.97068977355957,35.66596603393555,10.252881050109863,35.819210052490234,bc73ba47-09bc-4936-a21b-efd895952965
7c447c14-ac70-46cf-b488-2ba4658be55e,TN,TN-61,county,2,land,معتمدية الصخيرة,"[[""ar"", ""معتمدية الصخيرة""], [""fr"", ""Délégation Skhira""]]",True,True,9.711097717285156,34.16802978515625,10.197639465332031,34.52583312988281,08a7d1b6-0c22-4a9c-b317-7370b8823831
7df19df0-8565-4849-bf50-4586114c58fc,TN,TN-41,locality,,land,عبيدة,"[[""ar"", ""عبيدة""], [""fr"", ""Abida""]]",True,True,9.926360130310059,35.526588439941406,10.059000015258789,35.620460510253906,c1f8451e-6462-43b1-a421-b64e867678a2
0f331665-c2ce-4754-b084-ee10ec424c80,TN,TN-43,locality,,land,سقدال,"[[""ar"", ""سقدال""], [""fr"", ""Sekdal""]]",True,True,9.56603717803955,34.88987731933594,9.652182579040527,34.9616813659668,bc7c6673-8835-4c1a-a508-2a79587a008f
bda352dd-1323-4d6c-bee5-5979b3842e5c,TN,TN-41,locality,,land,صيادة الشمالية,"[[""ar"", ""صيادة الشمالية""], [""fr"", ""Sayada Nord""]]",True,True,9.269430160522461,35.638214111328125,9.405194282531738,35.722415924072266,ce861b03-abde-43be-9ca0-36c3dd37de1f
2a3d9ed6-59cd-42b9-a5df-bc4d630ca0a8,TN,TN-41,locality,,land,سيدي علي بن سالم,"[[""ar"", ""سيدي علي بن سالم""], [""fr"", ""Sidi Ali Ben Salem""]]",True,True,9.853700637817383,35.552467346191406,9.954334259033203,35.603023529052734,838e515d-a775-4ed0-97f2-9bccf547b203
a6ff3a44-ebc4-4189-accb-37dddf990c09,TN,TN-43,locality,,land,الحميمة,"[[""ar"", ""الحميمة""], [""fr"", ""El Hamima""]]",True,True,9.369729995727539,35.163307189941406,9.492552757263184,35.25249099731445,aa416d27-ff75-42fe-a911-0be049436575
4e32ba3e-3656-45a3-8915-40a7ef1ef141,TN,TN-41,locality,,land,الجامع الجنوبية,"[[""ar"", ""الجامع الجنوبية""], [""fr"", ""El Jemaa Sud""]]",True,True,10.100142478942871,35.67430877685547,10.128948211669922,35.685943603515625,19420f5f-f9ae-4ef0-9b73-a62523d7d9eb
add503d2-80c2-4cd8-84eb-532547991fe3,TN,TN-41,locality,,land,بوحجلة الأحواز,"[[""ar"", ""بوحجلة الأحواز""], [""fr"", ""Bouhajla El Ahouez""]]",True,True,9.976190567016602,35.333839416503906,10.04379653930664,35.430763244628906,d0681db8-f0b7-4151-b659-f5e767b8b3cd
b02ad0ca-c5aa-4925-b48d-f743b15b5b99,TN,TN-42,locality,,land,المكيمن,"[[""ar"", ""المكيمن""], [""fr"", ""El Mekimen""]]",True,True,8.386256217956543,35.5914192199707,8.566340446472168,35.67251205444336,70a02279-68f8-4973-ba29-df4b638c19be
58edbef7-51c2-4772-adaa-bf51410fcd8a,TN,TN-71,locality,,land,سيدي بوبكر,"[[""ar"", ""سيدي بوبكر""], [""fr"", ""Sidi Boubaker""]]",True,True,8.3291654586792,34.58627700805664,8.517609596252441,34.693721771240234,ec9e908d-aa44-434a-bbe3-9ac817b0b9ed
b52e1a14-db8c-4c82-9647-9b5216851665,TN,TN-81,locality,,land,شط سيدي عبد السلام,"[[""ar"", ""شط سيدي عبد السلام""], [""fr"", ""Chott Sidi Abdesselam""]]",True,True,10.072601318359375,33.89374923706055,10.114914894104004,33.93586730957031,45a2066d-c774-45e5-b085-5cc380f4d661
c683ec80-af08-43a6-a510-dd3910b7c6aa,TN,TN-42,locality,,land,قارة النعام,"[[""ar"", ""قارة النعام""], [""fr"", ""Garet En-Naam""]]",True,True,8.408238410949707,34.9763298034668,8.58851146697998,35.093101501464844,59b33d17-bf80-4fc7-975e-d1e6e7238085
c5d93b54-07f2-4ef6-a496-d429261ce653,TN,TN-43,locality,,land,ورغة,"[[""ar"", ""ورغة""], [""fr"", ""Ourgha""]]",True,True,9.243707656860352,34.719688415527344,9.3564453125,34.85318374633789,4f98a288-8456-40d7-8cc4-a11f3d61d820
535c88ad-1a8d-44fa-81bc-1a94926eedbc,TN,TN-71,locality,,land,منزل ميمون,"[[""ar"", ""منزل ميمون""], [""fr"", ""Menzel Mimoun""]]",True,True,9.052889823913574,34.612388610839844,9.157018661499023,34.71706008911133,1b711699-0cb7-4d6e-aff2-f63eb5bfffda
abffbb53-9201-4431-8a17-918a36fcb5cd,TN,TN-34,locality,,land,الدريجة,"[[""ar"", ""الدريجة""], [""fr"", ""Ed Derija""]]",True,True,9.641051292419434,36.06729507446289,9.769594192504883,36.16218566894531,908041ee-85cc-4c1d-b05b-c97e7ee537a0
0057388c-153e-44ba-9b92-7d66a04fdfb7,TN,TN-42,locality,,land,الشافعي,"[[""ar"", ""الشافعي""], [""fr"", ""Ech-Chaffai""]]",True,True,8.553719520568848,35.48588943481445,8.671567916870117,35.604705810546875,55572d03-8f19-4c74-b60b-3eb344cbe887
95250000-2c4d-4945-b54a-965783097b22,TN,TN-41,locality,,land,القصور,"[[""ar"", ""القصور""], [""fr"", ""El Ksour""]]",True,True,9.956132888793945,35.169246673583984,10.042200088500977,35.282432556152344,dea301a1-5a8a-4026-953d-0e97121d16e6
e9afb469-9176-46e4-8ac5-5dc21c8ed4db,TN,TN-33,locality,,land,سيدي بركات الجنوبية,"[[""ar"", ""سيدي بركات الجنوبية""], [""fr"", ""Sidi Baraket Sud""]]",True,True,8.745786666870117,35.774417877197266,8.861771583557129,35.867210388183594,c75ea38e-802f-4c8f-b3ad-9d09dc4b7954
70acba52-97ad-4bac-8403-37140ad7da99,TN,TN-81,locality,,land,الجواولة,"[[""ar"", ""الجواولة""], [""fr"", ""Jaouaoula""]]",True,True,10.044779777526855,33.875343322753906,10.071029663085938,33.886775970458984,7681bac5-8fd5-40bb-a4b9-aedb7b53fe25
6c4ca226-496a-43c4-a61a-051d000280f7,TN,TN-42,locality,,land,عين الجديدة,"[[""ar"", ""عين الجديدة""], [""fr"", ""Ain Aj-Jadeida""]]",True,True,8.706883430480957,35.5908088684082,8.791939735412598,35.68258285522461,257417eb-b37b-404f-a9dc-3d26a30ce18d
40da9fbb-533e-4ea6-a950-2f066587fb3c,TN,TN-42,locality,,land,القرعة الحمراء,"[[""ar"", ""القرعة الحمراء""], [""fr"", ""El Garaa El Hamra""]]",True,True,9.128204345703125,35.04336166381836,9.323888778686523,35.199241638183594,81a1cd9b-df9e-49cf-a9d4-8510747ab762
04eb30f8-85d7-4211-a646-a8a57c8977ac,TN,TN-41,county,2,land,معتمدية القيروان الجنوبية,"[[""ar"", ""معتمدية القيروان الجنوبية""], [""fr"", ""Délégation Kairouan Sud""]]",True,True,9.879112243652344,35.444026947021484,10.307273864746094,35.70799255371094,5d8198bb-85a9-4645-baf0-9e83ee217b79
9001f747-b53a-42e2-89d5-126661004ca8,TN,TN-42,locality,,land,وادي الحطب,"[[""ar"", ""وادي الحطب""], [""fr"", ""Oued El Hatab""]]",True,True,9.086873054504395,35.53767395019531,9.190611839294434,35.627540588378906,aa8918b0-4466-4661-8748-caac6ecd8e7b
b4d31e61-1d8a-4e1a-af55-316e1fcffbd6,TN,TN-83,locality,,land,رأس الوادي,"[[""ar"", ""رأس الوادي""], [""fr"", ""Ras El Oued""]]",True,True,9.879860877990723,32.575843811035156,10.344626426696777,32.855838775634766,dcbdfc04-5f35-4ad3-bb26-d6ea5ae20dd5
5eb79bfc-a0c8-447e-b1c2-feadf939e64a,TN,TN-42,county,2,land,معتمدية حيدرة,"[[""ar"", ""معتمدية حيدرة""], [""fr"", ""Délégation Hidra""]]",True,True,8.350933074951172,35.40647888183594,8.64570426940918,35.67251205444336,dee81787-cf59-41e3-9809-fcd6274acb57
235361ee-b5ee-4c96-9218-f9c0fffc5672,TN,TN-22,locality,,land,الدغافلة الشرقية,"[[""ar"", ""الدغافلة الشرقية""], [""fr"", ""Deghafla Est""]]",True,True,10.064258575439453,36.134918212890625,10.142630577087402,36.24503707885742,2abbf505-25ae-4b75-883f-f2828299800c
f634f136-7b92-4bf0-9fc5-acc44fc31a22,TN,TN-71,locality,,land,الناظور,"[[""ar"", ""الناظور""], [""fr"", ""En-Nadhour""]]",True,True,8.543482780456543,34.4640998840332,8.788576126098633,34.658203125,36b1348e-847c-4c59-ba72-b0eff0763fb3
3a8734bc-ec7b-4233-ac43-0901fda403b1,TN,TN-42,locality,,land,توشة,"[[""ar"", ""توشة""], [""fr"", ""Tiwicha""]]",True,True,8.861468315124512,35.4251594543457,9.0177640914917,35.54236602783203,57cf7103-6e18-4eb7-8729-d44c92bc76f6
0a1775e4-ba26-42fd-a7b8-5559379a34f1,TN,TN-41,locality,,land,بئر الحلو,"[[""ar"", ""بئر الحلو""], [""fr"", ""Bir El Helou""]]",True,True,10.036114692687988,35.077449798583984,10.148994445800781,35.17141342163086,39034da9-c065-4972-97c8-b544a79eaf32
d74428aa-dce1-4129-a189-b239445d6fe0,TN,TN-41,locality,,land,الشراردة,"[[""ar"", ""الشراردة""], [""fr"", ""Echrarda""], [""en"", ""Echrarda""]]",True,True,9.990862846374512,35.02022933959961,10.08385181427002,35.175113677978516,4238af04-647f-4038-8bc0-a83e833974bc
b4fe480e-db74-45b2-b518-a1e2fd9c27d7,TN,TN-41,locality,,land,طرزة الجنوبية,"[[""ar"", ""طرزة الجنوبية""], [""fr"", ""Traza Sud""]]",True,True,9.572309494018555,35.471839904785156,9.718655586242676,35.603050231933594,86e73f5b-cb5c-4f85-8635-cac23b4fc85d
e18ef2f9-ea9a-4fcf-8c28-0bdbe41b3dbc,TN,TN-61,locality,,land,السديرات الجنوبية,"[[""ar"", ""السديرات الجنوبية""], [""fr"", ""Sdiret Sud""]]",True,True,10.04612922668457,34.5224723815918,10.195418357849121,34.6342658996582,266fb41b-5de4-4d33-ac58-09d9ea0af9db
4a949c5b-4a1e-4387-8484-518c7ee3d69b,TN,TN-61,locality,,land,سيدي الظاهر,"[[""ar"", ""سيدي الظاهر""], [""fr"", ""Sidi Dhaher""], [""en"", ""Sidi Dhaher""]]",True,True,9.958605766296387,34.83248519897461,10.133625030517578,35.00334167480469,5dd2f66a-ed20-44da-ad93-1942d4d9405f
298f2e8c-37a0-40e0-b0fd-01b4ed3dbc10,TN,TN-42,locality,,land,قروع الجدرة,"[[""ar"", ""قروع الجدرة""], [""fr"", ""Groua El Jedra""]]",True,True,8.551886558532715,34.74285888671875,8.741532325744629,34.89826583862305,985ecebf-7824-41e4-ba92-a9dc17c03404
cfb68eb4-25b0-4549-a0ca-ac1676a91bd6,TN,TN-43,county,2,land,معتمدية سيدي علي بن عون,"[[""ar"", ""معتمدية سيدي علي بن عون""], [""fr"", ""Délégation Sidi Ali Ben Aoûn""]]",True,True,8.920880317687988,34.67981719970703,9.317615509033203,34.96759796142578,db76fd73-70c3-454e-82e6-db77134b6c0a
2fe07d97-77d4-43d6-b8df-c6c2735400e6,TN,TN-83,locality,,land,الزهور,"[[""ar"", ""الزهور""], [""fr"", ""Ezzohour""]]",True,True,10.317107200622559,33.05217361450195,10.33596134185791,33.069618225097656,16abeb78-c0cf-4a48-b90b-ab0604701e9f
79cc5b86-8146-47fb-bf57-9713735ff068,TN,TN-71,locality,,land,كاف دربي,"[[""ar"", ""كاف دربي""], [""fr"", ""Kef Derbi""]]",True,True,8.502839088439941,34.52515411376953,8.644759178161621,34.6411018371582,7be7d384-807e-4526-b502-8e28bc0c1794
18e8f91e-2d26-43e3-b575-b962fb6882fe,TN,TN-33,locality,,land,عين الأبار,"[[""ar"", ""عين الأبار""], [""fr"", ""Aïn El Abar""]]",True,True,8.395837783813477,35.81552505493164,8.552891731262207,35.895172119140625,982ac618-6fdf-42ae-a7d3-a56405b8638c
0a3c2b15-6161-455c-a045-130069d43df4,TN,TN-43,locality,,land,المكناسي الشرقية,"[[""ar"", ""المكناسي الشرقية""], [""fr"", ""Meknassy Est""]]",True,True,9.605572700500488,34.50318908691406,9.708165168762207,34.66990280151367,750e2ee7-c175-4bee-9ea5-c64d049a884c
907dbd6f-9e0f-4f10-8f16-a751a853f515,TN,TN-51,locality,,land,الصفحة,"[[""ar"", ""الصفحة""], [""fr"", ""Essafha""], [""en"", ""Essafha""]]",True,True,10.314702987670898,36.15762710571289,10.400351524353027,36.23699188232422,df89bf1b-b228-41da-b09e-55edcd350693
b0c7a643-055e-4fd5-8bf2-6a580dfdcb44,TN,TN-43,locality,,land,باطن الغزال الشمالية,"[[""ar"", ""باطن الغزال الشمالية""], [""fr"", ""Baten El Ghezel Nord""]]",True,True,9.28573989868164,35.41477966308594,9.390888214111328,35.47930145263672,6151ef07-4266-4059-9e71-66113611353b
88c45592-5b19-4513-a40a-0cb63e19cefc,TN,TN-81,locality,,land,بني زلطن,"[[""ar"", ""بني زلطن""], [""fr"", ""Beni Zalten""], [""en"", ""Beni Zelten""]]",True,True,10.055744171142578,33.48602294921875,10.15779972076416,33.63227081298828,70020f35-cd47-4f1c-ba65-39de6a2743d3
dcc3be71-7e60-40b4-b8e6-5c79838cefa5,TN,TN-61,locality,,land,الناظور,"[[""ar"", ""‫الناظور‬""], [""fr"", ""‫‪Ennadhour‬‬""]]",True,True,9.941511154174805,34.73446273803711,10.111189842224121,34.885169982910156,f9515d65-6a3e-4a73-b146-134ddee4bea0
f1053fce-c9bf-4fd2-91db-c0f929841168,TN,TN-34,locality,,land,الحمام,"[[""ar"", ""الحمام""], [""fr"", ""El Hammam""]]",True,True,9.266258239746094,35.76321792602539,9.393407821655273,35.88401794433594,f04c60fb-7eff-4bfd-bee5-174f549fef92
bf0489a5-65c3-446d-93a3-6367d757da29,TN,TN-34,locality,,land,السميرات الشمالية,"[[""ar"", ""السميرات الشمالية""], [""fr"", ""Essmirat Nord""]]",True,True,9.094175338745117,35.69454574584961,9.19332504272461,35.79418182373047,1a5fbbc6-4131-443a-a96d-eba86eceb4e3
aff2f94f-1303-43f0-8ae1-8312e71e0a1c,TN,TN-42,locality,,land,بوشبكة,"[[""ar"", ""بوشبكة""], [""fr"", ""Bouchebka""], [""en"", ""Bouchebka""]]",True,True,8.392366409301758,35.020015716552734,8.524039268493652,35.19939041137695,129986c8-69c5-4950-a0f9-8883650378ec
9a1ae422-e0b7-4de0-b6d9-342cd93e53ef,TN,TN-42,locality,,land,المزيرعة,"[[""ar"", ""المزيرعة""], [""fr"", ""El Meziraa""]]",True,True,8.533707618713379,35.240966796875,8.683391571044922,35.3446159362793,89951847-ba1a-4448-a691-2f4e74927210
463fe980-9483-4902-898f-bc24b0eccdbf,TN,TN-43,locality,,land,بوهدمة,"[[""ar"", ""بوهدمة""], [""fr"", ""Bou Hedma""]]",True,True,9.452958106994629,34.369537353515625,9.657967567443848,34.506492614746094,a04f1a6f-5de7-4e44-b823-3e809a84fc33
65d23b01-936f-4457-89cc-0cbce9a68648,TN,TN-83,locality,,land,كمبوت,"[[""ar"", ""كمبوت""], [""fr"", ""Kambout""], [""en"", ""Kambout""]]",True,True,9.844182968139648,31.97662353515625,10.359431266784668,32.418209075927734,342485ab-b0e8-4cb9-a017-00c7dbd8d844
2f403435-f7e7-4173-83ed-ff32a8af4424,TN,TN-42,locality,,land,الجدل,,True,True,8.69973373413086,35.31988525390625,8.72656536102295,35.34157943725586,295f427e-f357-49ab-b6b2-ba305546f64d
db3a6f6a-bb74-468e-a14f-2330ca0285a4,TN,TN-73,locality,,land,القطعاية,"[[""ar"", ""القطعاية""], [""fr"", ""El Gattaya""]]",True,True,8.791563034057617,33.55204391479492,8.960433959960938,33.714744567871094,3571a093-d5ce-428f-aef5-a4d533a09b08
02a06176-d44b-4fa3-8f89-dd6fb169a6b3,TN,TN-73,locality,,land,البليدات,"[[""fr"", ""El Blidete""]]",True,True,8.700529098510742,33.55143737792969,8.842938423156738,33.68597412109375,b39137b8-15ed-4a93-a362-bab5f8fd4332
a56deda1-a24d-4381-bc58-72621d95bb5e,TN,TN-41,locality,,land,البريكات,"[[""ar"", ""البريكات""], [""fr"", ""El Briket""]]",True,True,9.872040748596191,35.166107177734375,9.964943885803223,35.284080505371094,723efba5-d137-495b-a879-d67cd820540a
5a13bab9-e1fb-4d50-a309-609c2a3a9ce1,TN,TN-73,locality,,land,جرسین,"[[""fr"", ""Jersine""]]",True,True,8.590936660766602,33.508811950683594,8.883407592773438,33.729732513427734,d5bdc953-1b00-4084-a733-79c9e0c3803c
c1a4b357-d7d9-4fd2-bfce-75f386a35378,TN,TN-41,locality,,land,الغابات,"[[""ar"", ""الغابات""], [""fr"", ""El Ghabet""], [""en"", ""El Ghabet""]]",True,True,10.117524147033691,35.68063735961914,10.252881050109863,35.76247024536133,9d29679f-4fd2-4186-8947-6116c7c7015b
1fbf37a5-20cf-46a5-b3c9-0449735f71d4,TN,TN-81,locality,,land,مطماطة الجديدة,"[[""ar"", ""مطماطة الجديدة""], [""fr"", ""Nouvelle Matmata""], [""en"", ""New Matmata""], [""aeb"", ""مطماطة الجديدة""]]",True,True,9.943656921386719,33.571231842041016,10.061625480651855,33.73759841918945,2f29fae4-f897-4b30-9a43-472666d4f14d
0121daa8-6654-455e-bd52-1942a69e9452,TN,TN-33,locality,,land,بوصليعة,"[[""ar"", ""بوصليعة""], [""fr"", ""Bousliaa""]]",True,True,8.923518180847168,35.975189208984375,9.029454231262207,36.09724807739258,a390be33-59da-430b-8e3e-343922d2e412
4be6f3fc-91e0-4daf-a7a7-db704f43ce3e,TN,TN-33,locality,,land,أبة,"[[""ar"", ""أبة""], [""fr"", ""Ebba""]]",True,True,8.711946487426758,35.86894607543945,8.883946418762207,36.00026321411133,b7d79838-8e9a-441c-9d3b-f8bdca5b8004
ea8ec0f0-366b-4ea1-bcd9-16c6470fc0ce,TN,TN-41,locality,,land,الدريعات,"[[""ar"", ""الدريعات""], [""fr"", ""Edheriaat""]]",True,True,10.042527198791504,35.8887825012207,10.231694221496582,36.04635238647461,534c8d50-115a-49ca-8a2d-93f2cf21e399
768cec6b-7be5-4839-b60e-76720906f3e1,TN,TN-81,locality,,land,عين تونين,"[[""ar"", ""عين تونين""], [""fr"", ""Ain Tounine""]]",True,True,10.071234703063965,33.46118927001953,10.186193466186523,33.53399658203125,ff439f30-f822-40c2-8e6e-97f5b993d8c4
9f51ba03-ef1b-4c05-9bba-ba0fed8490dc,TN,TN-51,locality,,land,أولاد العابد,"[[""ar"", ""أولاد العابد""], [""fr"", ""Ouled El Abed""]]",True,True,10.250476837158203,35.94788360595703,10.323087692260742,36.00590896606445,112f3226-f008-4d3b-9a2a-467732745f25
7758e96e-58e1-4039-8b25-7422ca703839,TN,TN-81,locality,,land,المنطقة القبلية,"[[""ar"", ""المنطقة القبلية""], [""fr"", ""Secteur Sud""]]",True,True,9.775854110717773,33.82656478881836,9.795751571655273,33.88358688354492,e2ae26bf-7d65-4358-b5b6-acf6e574ed22
ed543544-ff77-46ba-9dd7-fb4958cd37e7,TN,TN-81,locality,,land,هداج,"[[""ar"", ""هداج""], [""fr"", ""Heddaj""], [""en"", ""Haddaj""], [""aeb"", ""هداج""]]",True,True,9.989385604858398,33.48588180541992,10.150424003601074,33.72267532348633,2dc10ced-8977-4f93-94a0-4514ea0695af
b6278f69-2b33-43f5-90c4-7784669270d9,TN,TN-41,locality,,land,جهينة الجنوبية,"[[""ar"", ""جهينة الجنوبية""], [""fr"", ""Jehina Sud""]]",True,True,9.978288650512695,35.25198745727539,10.030814170837402,35.34229278564453,1b3153e9-9753-44b7-818e-35c3b74c6e92
f496b5c2-dbd9-41a2-be0f-bfcd5a795b4d,TN,TN-81,locality,,land,العكاريت,"[[""ar"", ""العكاريت""], [""fr"", ""El Akarit""], [""en"", ""El Akarit""]]",True,True,9.943367958068848,34.04347229003906,10.008513450622559,34.110877990722656,5e98cb50-ad52-4a09-a46f-141066726206
6d4fb684-5c34-47a3-87a7-afa442c6e73f,TN,TN-33,locality,,land,المرجى,"[[""ar"", ""المرجى""], [""fr"", ""El Marja""], [""en"", ""El Marja""]]",True,True,9.024375915527344,35.997596740722656,9.123037338256836,36.06880187988281,a7d26dd7-1466-4bc5-8d7b-473c4b58120b
af1148da-7143-4f00-badd-b2b37ee46ccb,TN,TN-34,locality,,land,راس الواد,"[[""ar"", ""راس الواد""], [""fr"", ""Ras El Oued""]]",True,True,9.097761154174805,35.82819366455078,9.171058654785156,35.87294006347656,fe4ca7fa-920b-4a4a-b8af-0e3615bcf5d0
4b4190c7-d5af-40d1-bde9-48d94c3f9501,TN,TN-71,locality,,land,السند,"[[""en"", ""Sened""], [""ar"", ""السند""], [""fr"", ""Sened""], [""ru"", ""Сенед""]]",True,True,9.233158111572266,34.53221893310547,9.268247604370117,34.553951263427734,49a8ea22-0df4-41af-aa2d-a2ec87a81f8d
4cd05013-b86e-4494-9b5d-b47c3e80fa3f,TN,TN-42,locality,,land,النور الشرقي,"[[""ar"", ""النور الشرقي""], [""fr"", ""Ennour Est""]]",True,True,8.836837768554688,35.16215896606445,8.864038467407227,35.18284606933594,7e46ddaf-902e-40e1-a86e-4bf03a59fdad
630b47a3-d959-44b1-955e-36f0b9fa4868,TN,TN-42,locality,,land,عين الحمادنة,"[[""ar"", ""عين الحمادنة""], [""fr"", ""Ain El Hamadna""]]",True,True,8.783821105957031,35.62940979003906,8.893903732299805,35.6848030090332,dcbc25a6-e9d3-49bf-8ebd-3b64564399d9
2bb76679-f961-4b5e-85af-dba6c3334559,TN,TN-43,locality,,land,السعيدة الجنوبية,"[[""ar"", ""السعيدة الجنوبية""], [""fr"", ""Essaida Sud""]]",True,True,9.792411804199219,34.917457580566406,9.919068336486816,35.0135612487793,2660cf8e-8745-48b3-8f7f-88819d1e0baa
5c279606-2ae4-4a04-bbf8-4a2325b6ff60,TN,TN-71,locality,,land,السند,"[[""ar"", ""السند""], [""fr"", ""Sned""]]",True,True,9.12211799621582,34.409019470214844,9.338944435119629,34.54457092285156,b50f5ad1-bcf0-4994-af1e-7339ec7c9aa6
afb9bc12-cdfe-41c9-aac3-2d178cc23791,TN,TN-42,locality,,land,أولاد محفوظ,"[[""ar"", ""أولاد محفوظ""], [""fr"", ""Ouled Mahfoudh""]]",True,True,8.46795654296875,35.27136993408203,8.620672225952148,35.42327117919922,93913f04-820b-4aa2-842c-4c8a3d0930ed
88fd2ad3-2790-4b48-897b-729f14d34587,TN,TN-61,locality,,land,منزل شاكر,"[[""ar"", ""منزل شاكر""], [""fr"", ""Menzel Chaker""], [""en"", ""Menzel Chaker""]]",True,True,10.216082572937012,34.92063903808594,10.405364990234375,35.052162170410156,f62cae0e-e61d-42da-b8fb-fc2d8f722392
61baef97-cbec-4395-8d56-1bd996c82b7e,TN,TN-81,locality,,land,الميدة,"[[""ar"", ""الميدة""], [""fr"", ""El Mida""], [""en"", ""El Mida""]]",True,True,9.79096794128418,33.996124267578125,9.923079490661621,34.11269760131836,64afb03e-333f-46df-b5f8-e938ccbd02a5
6cba6df4-8c2f-4953-baca-3c3f52780495,TN,TN-71,locality,,land,أولاد الحاج,"[[""ar"", ""أولاد الحاج""], [""fr"", ""Ouled El Hadj""], [""en"", ""Ouled el Hadj""]]",True,True,9.283781051635742,34.22016143798828,9.39406967163086,34.320762634277344,0799a736-51ed-45ca-8a18-45de43db1225
27fcfccd-00ec-4e8b-ac52-5892eb50f128,TN,TN-81,locality,,land,غنوش الشمالية,"[[""ar"", ""غنوش الشمالية""], [""fr"", ""Ghanouche Nord""]]",True,True,10.044391632080078,33.940704345703125,10.075611114501953,33.98224639892578,c59eb54d-6395-48a1-9dc2-0fb41c3c28d4
47b78a9b-e732-4ea3-8e14-8c1fffa8dcc1,TN,TN-83,locality,,land,الفرش,"[[""ar"", ""الفرش""], [""fr"", ""El Ferch""], [""en"", ""El Ferch""], [""aeb"", ""الفرش""]]",True,True,10.265495300292969,32.92311477661133,10.392950057983398,33.03254318237305,9c15a2eb-2f31-4e9f-afcf-d39b5321c902
d0ab9a07-5760-465a-94e5-c58d2b3b57d0,TN,TN-43,locality,,land,قصر الحمام الغربية,"[[""ar"", ""قصر الحمام الغربية""], [""fr"", ""Ksar El Hammam Ouest""]]",True,True,9.71049976348877,34.86438751220703,9.872825622558594,34.97709274291992,40364328-06df-4acb-85b7-b19c9f6b801d
f1ceee99-7dba-48d9-b369-1efe0671d0ca,TN,TN-71,locality,,land,الرحيبة,"[[""ar"", ""الرحيبة""], [""fr"", ""Er-Rahiba""]]",True,True,8.8771390914917,34.49858856201172,9.017184257507324,34.59552001953125,df7dd8cb-638c-4138-b70e-690b767d28a6
ea74e50f-e29e-4359-af59-97ddf9aafffb,TN,TN-43,locality,,land,المزارة,"[[""ar"", ""المزارة""], [""fr"", ""El Mezara""]]",True,True,9.230829238891602,34.90667724609375,9.326566696166992,35.02275848388672,2f2e1fca-c762-4fe8-8860-1ddd74d58915
815d48bb-68c8-4492-91d8-1d24608d4fa3,TN,TN-61,locality,,land,نوال,"[[""ar"", ""‫نوال‬""], [""fr"", ""Naouel""]]",True,True,9.720048904418945,34.29099655151367,9.975821495056152,34.4677619934082,c1c5e54d-9e79-4599-87eb-22a675f242ae
26c6c7f5-2914-4298-b3bb-797b4ffa5d18,TN,TN-43,locality,,land,المكارم الشرقية,"[[""ar"", ""المكارم الشرقية""], [""fr"", ""El Makarem Est""]]",True,True,9.603053092956543,35.170387268066406,9.698817253112793,35.26632308959961,daad0dc1-8b62-4b74-aaa8-ebc53f86188c
e74d122a-4231-40cd-ba4d-809fd08232e9,TN,TN-42,locality,,land,حاسي الفريد,"[[""ar"", ""حاسي الفريد""], [""fr"", ""Hassi El Ferid""], [""en"", ""Hassi El Ferid""]]",True,True,8.758376121520996,34.83237075805664,9.06490421295166,35.051841735839844,0ebbc932-3d16-43d7-8189-39c2747cb9ed
274fdcae-f8db-4a24-bee8-88e7d78851c7,TN,TN-43,locality,,land,العمران,"[[""ar"", ""العمران""], [""fr"", ""El Omrane""]]",True,True,9.296493530273438,34.48004913330078,9.483094215393066,34.587642669677734,11807607-4ac0-4b0d-a320-c7de9cb76e19
88d334f2-efa1-4e39-9073-345fd5a5f682,TN,TN-42,locality,,land,صولة,"[[""ar"", ""صولة""], [""fr"", ""Soula""]]",True,True,8.350497245788574,34.748207092285156,8.528427124023438,34.90038299560547,8ede41da-897a-4f87-9c12-43bdc7a3e1bd
0791d2fe-ffd2-4db7-bf00-9e34557dbfe1,TN,TN-41,locality,,land,البحاير,"[[""ar"", ""البحاير""], [""fr"", ""El Behair""]]",True,True,9.487360954284668,35.79712677001953,9.631192207336426,35.914405822753906,43f6ad2f-2889-4698-a74f-2ef0c2bb88fe
027e23eb-9930-4460-b628-7e908a9b4a35,TN,TN-43,locality,,land,جلمة الشرقية,"[[""ar"", ""جلمة الشرقية""], [""fr"", ""Jilma Est""]]",True,True,9.39937686920166,35.28053665161133,9.527077674865723,35.363555908203125,00a54427-6e5c-4a47-a01c-cc98e6b68e51
8f1b7102-b8f7-4c3d-bcf0-2f863358c9ab,TN,TN-41,locality,,land,رحيمة,"[[""ar"", ""رحيمة""], [""fr"", ""rehima""]]",True,True,9.534767150878906,35.427146911621094,9.6731538772583,35.52422332763672,3eda6c3f-9053-44ef-83db-4e4d947a497c
992a9d87-35e1-4d76-b4e6-bef8ce638a7e,TN,TN-81,locality,,land,فرحات حشاد,"[[""ar"", ""فرحات حشاد""], [""fr"", ""Farhat Hached""]]",True,True,9.353697776794434,33.601905822753906,9.855655670166016,33.81661605834961,5698d3f8-425d-4ef8-9093-edb6bdf91480
6cd9c8b3-4a42-4d83-b5f5-166a3676d7ce,TN,TN-34,locality,,land,اللوزة,"[[""ar"", ""اللوزة""], [""fr"", ""Ellouza""]]",True,True,9.204493522644043,35.69367980957031,9.383118629455566,35.80371856689453,087a3f75-fe6b-4c7f-9b88-75889a91c00a
f50a51df-eab2-4ff0-9496-3bf81d44bead,TN,TN-81,locality,,land,غنوش الجنوبية,"[[""ar"", ""غنوش الجنوبية""], [""fr"", ""Ghanouche Sud""]]",True,True,10.03510570526123,33.91370391845703,10.071922302246094,33.9398307800293,c9489738-d89f-45b4-b1db-dba589902750
2c8a7d50-4198-4fd6-9963-0a3db424db71,TN,TN-81,locality,,land,المنطقة الأولى,"[[""ar"", ""المنطقة الأولى""], [""fr"", ""Secteur 1""]]",True,True,10.077371597290039,33.87843322753906,10.093928337097168,33.89808654785156,b3941109-bbbd-49ac-a053-076f51028178
667e6389-3010-4e61-afc9-42d58754ff1b,TN,TN-42,locality,,land,الناظور,"[[""ar"", ""الناظور""], [""fr"", ""Ennadhour""]]",True,True,8.610513687133789,34.676979064941406,8.756529808044434,34.78020095825195,7d3319ce-1591-4e3e-a8ff-df7b50259efa
f4aef827-0499-410c-abc9-168f21be7592,TN,TN-73,locality,,land,قايدمة,"[[""ar"", ""قايدمة""], [""fr"", ""Gueïdma""]]",True,True,8.731224060058594,33.3341178894043,8.863736152648926,33.46438217163086,b6415a17-e7f8-4403-a93e-1e63c5345382
4e46eae8-ef6d-4323-926f-46e7aa6cba31,TN,TN-81,locality,,land,غنوش الشرقية,"[[""ar"", ""غنوش الشرقية""], [""fr"", ""Ghanouch Est""]]",True,True,10.064956665039062,33.93039321899414,10.082263946533203,33.94744873046875,8265802e-818a-4148-9b83-c68e404e0ad7
4305d3af-9351-420a-8abd-e6a198c7a84e,TN,TN-41,county,2,land,معتمدية نصر الله,"[[""ar"", ""معتمدية نصر الله""], [""fr"", ""Délégation Nasrallah""]]",True,True,9.68127155303955,35.166107177734375,9.964943885803223,35.50865173339844,00c055ac-f975-4250-9050-9abffa40f55d
bc7c0e55-d352-4c08-b47b-717caacc1607,TN,TN-71,locality,,land,عبد الصادق,"[[""ar"", ""عبد الصادق""], [""fr"", ""Abdessadok""]]",True,True,9.057465553283691,34.378997802734375,9.221193313598633,34.59553146362305,6e82c486-26ed-45df-95e0-db0394a84526
3f43f905-c01d-42ac-873f-49b3250ccb44,TN,TN-41,locality,,land,العلم,"[[""ar"", ""العلم""], [""fr"", ""El Alam""], [""en"", ""El Alam""]]",True,True,10.022509574890137,35.779048919677734,10.181063652038574,35.958045959472656,41c359a3-b2c3-48e3-b927-ff8b3b477458
9f4b36b4-2dde-4a31-88d5-9cd5c800d903,TN,TN-73,locality,,land,بشري,"[[""ar"", ""بشري""], [""fr"", ""Béchri""]]",True,True,8.569647789001465,33.73765182495117,8.809876441955566,34.061222076416016,35f8af58-4ab8-46db-8759-d401887745dc
c0f70390-7670-4898-a11b-46f882488431,TN,TN-42,locality,,land,بودرياس,"[[""ar"", ""بودرياس""], [""fr"", ""Bouderiass""], [""en"", ""Bou Deryes""]]",True,True,8.40107250213623,35.19753646850586,8.553251266479492,35.303672790527344,516001dd-9172-4820-93b6-a3d50c882118
db49016a-eb0d-4f83-b62e-adb20fa5f36f,TN,TN-34,locality,,land,الحميمة,"[[""ar"", ""الحميمة""], [""fr"", ""El Hmaima""]]",True,True,8.964005470275879,35.62835693359375,9.051319122314453,35.701107025146484,1ef515b0-13d3-41cd-940a-a2371e99001a
be415f19-1619-4f30-b73e-725e1f91bc97,TN,TN-41,locality,,land,السرجة,"[[""ar"", ""السرجة""], [""fr"", ""Esserja""]]",True,True,9.394853591918945,35.47486877441406,9.48985481262207,35.602806091308594,ce54feaa-1d5c-4da2-936b-1130e11a2ef3
66b96b96-a96b-4e95-af38-3126d443eb12,TN,TN-81,locality,,land,مارث,"[[""ar"", ""مارث""], [""fr"", ""Mareth""], [""de"", ""Mareth""], [""ru"", ""Марет""], [""en"", ""Mareth""], [""fa"", ""مارث""]]",True,True,10.234663963317871,33.52617263793945,10.334254264831543,33.63448715209961,91f2e837-c934-4680-99d3-1e001026e962
10fcf5c7-16c4-4b68-bb0d-a6892ccfcb3e,TN,TN-34,locality,,land,القرية الجنوبية,"[[""ar"", ""القرية الجنوبية""], [""fr"", ""El Karia Sud""]]",True,True,9.456095695495605,35.7288818359375,9.537580490112305,35.787559509277344,e68236da-9f7a-4cb2-8007-30831b35461f
a5b3cc40-8450-4e7f-9b2c-b1dfbc33fa5d,TN,TN-33,locality,,land,الدهماني,"[[""ar"", ""الدهماني""], [""fr"", ""Dahmani""], [""azb"", ""دهمانی""], [""ru"", ""Дахмани""], [""en"", ""Dahmani""], [""kab"", ""Dahmani""], [""fa"", ""دهمانی""]]",True,True,8.818473815917969,35.930389404296875,8.857840538024902,35.95182800292969,49c4ecc6-a87e-4849-9193-034976604ee8
52081966-1722-497e-ad04-f766d3d324fa,TN,TN-83,locality,,land,غمراسن,"[[""ar"", ""غمراسن""], [""fr"", ""GHOMRASSEN""]]",True,True,10.338154792785645,33.05702590942383,10.369043350219727,33.066070556640625,f4424e28-da5d-4541-bbf3-3929f542b0d5
2d7572b5-ba9b-47e7-a111-40f3a623d6c3,TN,TN-71,locality,,land,القصر الشرقية,"[[""ar"", ""القصر الشرقية""], [""fr"", ""El Ksar Est""]]",True,True,8.795167922973633,34.39543914794922,8.811555862426758,34.40949249267578,0fced299-9041-4258-be18-2e3c74d97817
0f7d7298-06c1-4fbb-b452-f8307715bbb7,TN,TN-43,locality,,land,السبالة,"[[""ar"", ""السبالة""], [""fr"", ""Essabela""], [""en"", ""Cebbala""]]",True,True,9.238143920898438,35.153419494628906,9.32927131652832,35.21513748168945,224ab503-f0c7-4b0c-bb44-207dc96a6083
94eff926-fa2a-4067-aa0a-889b1bc43d6d,TN,TN-73,locality,,land,بو عبد الله,"[[""ar"", ""بو عبد الله""], [""fr"", ""Bou Abdallah""]]",True,True,8.824664115905762,33.74829864501953,9.13593578338623,34.165706634521484,fe3e3fe8-c9c2-4da2-ab2b-f8f3861330ed
eeef8a13-ff97-4734-8bb7-a951978dbba9,TN,TN-33,locality,,land,الأبار الشرقية,"[[""ar"", ""الأبار الشرقية""], [""fr"", ""El Abar Est""]]",True,True,9.104926109313965,36.0277099609375,9.163618087768555,36.103851318359375,ccae3f63-a502-4e91-8eef-6313df1a58bc
2d390b7d-17aa-4475-b68c-f11144efb1f9,TN,TN-42,locality,,land,حيدرة,"[[""fa"", ""حیدره""], [""ar"", ""حيدرة""], [""fr"", ""Haïdra""], [""en"", ""Haïdra""]]",True,True,8.406335830688477,35.49783706665039,8.571040153503418,35.61756134033203,9b743c22-7c37-42ee-9bce-61d8125cd8c1
d64c5039-192a-4ddf-a612-ec12ddd095dd,TN,TN-73,locality,,land,جمنة الجنوبية,"[[""ar"", ""جمنة الجنوبية""], [""fr"", ""Jemna Sud""]]",True,True,8.9223051071167,33.51484680175781,9.540851593017578,33.63658905029297,0f1fd662-6992-41a8-865b-d021ec4a4c69
7467ea77-e5da-48f5-9c35-7bb4fba2b561,TN,TN-42,locality,,land,بوحية,"[[""ar"", ""بوحية""], [""fr"", ""Bouhaya""]]",True,True,8.491862297058105,35.064064025878906,8.636519432067871,35.155601501464844,7fd1cb2e-c1ce-4ff7-b426-627488bd7652
998095a5-5026-45ed-8ef2-046c3f72ade7,TN,TN-42,locality,,land,فج تربح,"[[""ar"", ""فج تربح""], [""fr"", ""Fej Terbah""]]",True,True,8.823439598083496,35.64432907104492,9.01244068145752,35.75295639038086,16d855f6-40be-48a9-9111-457ba230e54d
b9bb172f-07ab-44db-ab13-055c1b07736d,TN,TN-81,locality,,land,الزراوة,"[[""ar"", ""الزراوة""], [""fr"", ""Ezzeraoua""]]",True,True,9.540849685668945,33.53931427001953,9.850217819213867,33.684146881103516,f7387788-0c06-433f-8be0-32bcc9328804
0a5011a2-f257-4844-9a7b-688d2845f9a0,TN,TN-73,locality,,land,المنصورة,"[[""ar"", ""‫المنصورة‬""], [""fr"", ""El Mansoura""]]",True,True,8.922128677368164,33.70774841308594,8.992369651794434,33.75241470336914,8da1f842-e695-477c-89db-c7e1b58d35a9
c6763fbf-d25d-4ded-9c41-e9037bbcd576,TN,TN-61,locality,,land,الحاج قاسم,"[[""ar"", ""الحاج قاسم""], [""fr"", ""El Hadj Kacem""], [""en"", ""El Haj Kacem""]]",True,True,10.081496238708496,34.83320236206055,10.320056915283203,34.9894905090332,bb7116cd-9f74-411b-a7c7-9ed6c9fa0a2c
5f294da0-575b-4d7d-bcfd-f51542f01899,TN,TN-34,locality,,land,أولاد فرج,"[[""ar"", ""أولاد فرج""], [""fr"", ""Ouled Fraj""]]",True,True,9.509722709655762,35.9849967956543,9.644917488098145,36.12238311767578,f42fb052-95da-422a-9581-30be73194924
7a31d44e-574b-4f47-98c2-eeccb777048f,TN,TN-42,locality,,land,الحماد,"[[""ar"", ""الحماد""], [""fr"", ""El Hamed""]]",True,True,8.626520156860352,35.41240692138672,8.75690746307373,35.56527328491211,b46247f2-8ea6-45a9-b64a-2a62f9146bea
ff47ea78-49e1-4a4f-b327-eae33e7097eb,TN,TN-43,locality,,land,سيدي بوزيد الغربية,"[[""ar"", ""سيدي بوزيد الغربية""], [""fr"", ""Sidi Bouzid Ouest""]]",True,True,9.462719917297363,35.03266525268555,9.484908103942871,35.04329299926758,e5caa0c3-119f-4135-bda2-f9ede98669ac
972dbc20-4105-4590-b7c5-d1a6e210243a,TN,TN-34,locality,,land,مكثر الجنوبية,"[[""ar"", ""مكثر الجنوبية""], [""fr"", ""Makther Sud""]]",True,True,9.180520057678223,35.84470748901367,9.222718238830566,35.86021041870117,e54972e4-e102-477d-8b10-ef29199a4fc5
c639a19a-dfde-43f1-b249-4f38f580dea7,TN,TN-42,locality,,land,سيدي محمد,"[[""ar"", ""سيدي محمد""], [""fr"", ""Sidi M'Hammed""]]",True,True,8.69438362121582,35.67390823364258,8.839624404907227,35.77730178833008,305d0063-365c-4b4b-901a-bf6fc19843ce
567f40bc-1d5b-4772-bcc2-f07cb7876b17,TN,TN-51,locality,,land,بئر الجديد,"[[""en"", ""Bi'r Al Jadid""], [""ar"", ""بئر الجديد""], [""fr"", ""Bir Ejdid""], [""de"", ""Bi'r al-Dschadid""]]",True,True,10.17677116394043,35.839664459228516,10.244537353515625,35.899139404296875,f81f42c0-6a13-4446-8a4b-bd581cfb6c13
b77b7049-92af-4f55-a6a6-eebc10f4227f,TN,TN-82,locality,,land,بني خداش,"[[""ar"", ""بني خداش""], [""fr"", ""Beni Khedech""], [""en"", ""Beni Khedache""]]",True,True,10.162557601928711,33.21614074707031,10.261825561523438,33.289634704589844,7e02b1fe-c6fc-450f-b353-cdaa6f9d2d9f
d1b36776-e665-4b7e-b54c-31c941285ad6,TN,TN-42,county,2,land,معتمدية ماجل بالعباس,"[[""ar"", ""معتمدية ماجل بالعباس""], [""fr"", ""Délégation Majel Bel Abbès""]]",True,True,8.281868934631348,34.62740707397461,8.830644607543945,34.90038299560547,891bdaeb-ed2f-4740-9df5-a9d748228091
d5b87f7b-afbd-42f2-8770-863e2c11e62a,TN,TN-22,locality,,land,صواف الغربية,"[[""ar"", ""صواف الغربية""], [""fr"", ""Saouaf Ouest""]]",True,True,10.100225448608398,36.13759231567383,10.193927764892578,36.24892807006836,29947d99-7729-4ee0-a2cf-d67856ed7e27
f36a7b60-f932-426d-80ba-facf069daf77,TN,TN-41,locality,,land,الأنصار,"[[""ar"", ""الأنصار""], [""fr"", ""Al Ansar""]]",True,True,10.096665382385254,35.67340850830078,10.10124683380127,35.677772521972656,e8a1bf55-29ef-49f9-9fce-977001da6f6b
4b6f6064-185a-4c4f-80a7-b689d1f5e532,TN,TN-33,locality,,land,قرن حلفاية,"[[""ar"", ""قرن حلفاية""], [""fr"", ""Garn Halfaia""]]",True,True,8.3939790725708,35.943328857421875,8.551407814025879,36.04485321044922,2aadd45e-8ecb-447e-942b-7430394b5a70
9edac76a-94a1-4b21-a97f-c80dac6c28a4,TN,TN-81,locality,,land,تمزرط,"[[""ar"", ""تمزرط""], [""fr"", ""Tamazrat""], [""en"", ""Tamezret""], [""ru"", ""Тамазрет""]]",True,True,9.488274574279785,33.334781646728516,9.917234420776367,33.66288757324219,77f6b889-49d9-4b0a-9fd4-7a6a857cf2ff
1f9992bd-25f6-49cb-b9fc-7f8b130fd921,TN,TN-43,county,2,land,الرقاب,"[[""ar"", ""الرقاب""], [""fr"", ""Regueb""]]",True,True,9.62641429901123,34.64523696899414,10.063610076904297,35.063270568847656,342285fc-23e7-4d58-a250-87d5de3277e1
5e2f794a-b214-422b-b8d8-222433cb91d5,TN,TN-34,locality,,land,التريشة,"[[""ar"", ""التريشة""], [""fr"", ""Ettricha""]]",True,True,9.107380867004395,36.0848274230957,9.19230842590332,36.16490936279297,d558dd75-1a7f-40b4-bfcf-b42b88d78de7
c688c359-19ee-4ffe-84d1-90bf982667fc,TN,TN-53,locality,,land,الشحدة الشرقية,"[[""ar"", ""الشحدة الشرقية""], [""fr"", ""Ech-Chahda Est""]]",True,True,10.314205169677734,35.2508659362793,10.39642333984375,35.3646125793457,24c76df5-1660-417e-bf6d-ec8b992258fa
dd4450fc-f53e-407e-8d98-1a2583a7a339,TN,TN-43,locality,,land,مش,"[[""ar"", ""مش""], [""fr"", ""Mech""]]",True,True,9.434244155883789,34.48253631591797,9.601770401000977,34.53173065185547,918c93e0-9dd4-4489-89ed-676e38d7d677
09c0807c-8d59-4a16-8f87-8603b79aa064,TN,TN-43,locality,,land,جلمة الغريبة,"[[""ar"", ""جلمة الغريبة""], [""fr"", ""Jilma Ouest""]]",True,True,9.349653244018555,35.234859466552734,9.44189453125,35.331668853759766,0550a731-fbc4-4c16-8930-b6bc9c585c79
a8e2f145-aef8-46e1-8b79-fc1c65402c68,TN,TN-42,county,2,land,معتمدية تالة,"[[""ar"", ""معتمدية تالة""], [""fr"", ""Délégation Thala""]]",True,True,8.553719520568848,35.362457275390625,8.839624404907227,35.79092025756836,aed6f903-c943-456c-834b-6ce0f0f88a77
ce96e1d5-86fb-47a8-b39e-346842df9fbe,TN,TN-34,locality,,land,جامة,"[[""ar"", ""جامة""], [""fr"", ""Jemma""]]",True,True,9.217628479003906,36.02859878540039,9.377553939819336,36.157657623291016,9c52bb5d-2e5b-401a-a166-afd764d35d51
f2ae4b82-4c32-4823-9236-9c3a78e1791c,TN,TN-43,locality,,land,العمرية,"[[""ar"", ""العمرية""], [""fr"", ""El Omria""]]",True,True,9.254796981811523,34.56626892089844,9.367293357849121,34.675270080566406,ff9bda90-a90c-444a-87cb-f450852d23a3
ee97676e-9f01-4b4a-8bc6-80bec9b3a2d6,TN,TN-41,locality,,land,السبيخة المركز,"[[""ar"", ""السبيخة المركز""], [""fr"", ""Sbikha Centre""]]",True,True,9.995949745178223,35.90079879760742,10.047550201416016,36.001731872558594,ef49bacb-7431-418f-9a78-9cfc3b77d4b7
bf307732-d188-40a4-89d3-78d779c578d6,TN,TN-71,locality,,land,العقيلة,"[[""ar"", ""العقيلة""], [""fr"", ""El Aguila""]]",True,True,8.473177909851074,34.230438232421875,8.74384880065918,34.48789596557617,53edd157-5183-468d-9059-34bbc8834814
1e795184-0d21-4ac0-8045-3963b20ad840,TN,TN-33,locality,,land,منزل سالم,"[[""ar"", ""منزل سالم""], [""fr"", ""Menzel Salem""], [""en"", ""Menzel Salem""]]",True,True,8.465655326843262,35.84330749511719,8.486761093139648,35.859859466552734,85eb115f-2fc3-494c-8bbd-256b558429ad
587f02ce-534d-447c-b8e6-0a3e59351fde,TN,TN-42,locality,,land,سمامة,"[[""ar"", ""سمامة""], [""fr"", ""Semama""]]",True,True,8.799151420593262,35.30546951293945,9.02198314666748,35.44277572631836,e0bbe08b-2af9-4b10-865d-160dc593b144
85812d97-3529-4e19-bc95-0a00aaf39289,TN,TN-42,locality,,land,العرق,"[[""ar"", ""العرق""], [""fr"", ""El Erg""]]",True,True,8.549734115600586,34.862396240234375,8.667872428894043,34.947601318359375,8a892f03-bddd-4a33-ab0f-e17e6c70b887
882b1b57-09fd-4139-b004-becf78e73ada,TN,TN-41,county,2,land,معتمدية بوحجلة,"[[""ar"", ""معتمدية بوحجلة""], [""fr"", ""Délégation Bouhajla""]]",True,True,9.887112617492676,35.19754409790039,10.224953651428223,35.56696319580078,e3bd53a1-4db0-426c-8491-e449e3c84060
0c6161da-9d4a-41e1-b0f5-c03050a0a81f,TN,TN-43,locality,,land,المحمدية,"[[""ar"", ""المحمدية""], [""fr"", ""El Mohamdia""]]",True,True,9.099945068359375,34.94983673095703,9.223475456237793,35.01961135864258,8b06ba72-17d6-4eed-a0b1-dbb4c278447f
b8a07b6e-e670-4562-aeae-9cb0d8cc9735,TN,TN-73,locality,,land,طنبار,"[[""ar"", ""‫طنبار‬""], [""fr"", ""Tombar""], [""en"", ""Tonmbar""]]",True,True,8.88084602355957,33.71250534057617,8.93725299835205,33.74956130981445,7232af92-ea34-4762-8a41-fd3a9fb42386
42541fde-19cc-41de-a2e2-7a17b6009549,TN,TN-73,locality,,land,تنبيب,"[[""ar"", ""‫تنبيب‬""], [""fr"", ""Tenbib""]]",True,True,8.878914833068848,33.69303512573242,8.915754318237305,33.7282600402832,3612bd85-d144-41fa-951e-65abca08b3d2
2980c4ab-ca86-4e76-8aed-e56beb4c255c,TN,TN-43,locality,,land,الزوارع,"[[""ar"", ""الزوارع""], [""fr"", ""Ezzouaraa""]]",True,True,9.631356239318848,34.67464828491211,9.754990577697754,34.78709030151367,1f995e5c-d751-4a76-8140-b6fb97cd7dff
fa08ad31-1355-42b1-b2c4-2756eebc707a,TN,TN-33,locality,,land,الجريصة الجنوبية,"[[""ar"", ""الجريصة الجنوبية""], [""fr"", ""Djerissa Sud""]]",True,True,8.613312721252441,35.831092834472656,8.637425422668457,35.84487533569336,2ceefac9-6f41-4d1c-a9ee-ed8d1bc09668
ae91b1fc-054a-445a-95cf-9ed0e080a536,TN,TN-61,locality,,land,ودران الشمالية,"[[""ar"", ""ودران الشمالية""], [""fr"", ""Ouadrane Nord""]]",True,True,9.899428367614746,34.65715789794922,10.030218124389648,34.778236389160156,ff366636-312e-45ba-bb63-fce268ed99d4
760510d2-09a0-449a-8f85-a755da5c3629,TN,TN-41,locality,,land,الشرايطية الشمالية,"[[""ar"", ""الشرايطية الشمالية""], [""fr"", ""Cheraitia Nord""]]",True,True,10.016674995422363,35.19754409790039,10.096207618713379,35.36486053466797,c18d5240-6dc7-4212-ba30-8b29559f8b1b
2fa73460-58fc-43b7-984f-8bedb3f5bf81,TN,TN-43,county,2,land,معتمدية المزونة,"[[""ar"", ""معتمدية المزونة""], [""fr"", ""Délégation Mezzouna""]]",True,True,9.452958106994629,34.264732360839844,10.059844970703125,34.66084289550781,6be2c515-b054-4b33-a299-ebd7c20c8010
859f3fc9-b894-4164-9d72-57c3f6530db8,TN,TN-34,locality,,land,سليانة الجنوبية,"[[""ar"", ""سليانة الجنوبية""], [""fr"", ""Siliana Sud""]]",True,True,9.349289894104004,36.07133102416992,9.38742446899414,36.084957122802734,9063fe9b-7260-4cf9-aba6-06635dae9106
0941b5df-979d-4ba4-a70f-6c9693b39804,TN,TN-43,locality,,land,بئر بدر,"[[""ar"", ""بئر بدر""], [""fr"", ""Bir Badr""]]",True,True,9.455365180969238,34.827247619628906,9.57200813293457,34.912620544433594,b0a910a9-79df-4aa4-973f-d38855fca503
d2b8202d-255f-4cf1-bf17-1debcbda086b,TN,TN-34,county,2,land,معتمدية سليانة الشمالية,"[[""ar"", ""معتمدية سليانة الشمالية""], [""fr"", ""Délégation Siliana Nord""]]",True,True,9.143425941467285,35.902103424072266,9.507033348083496,36.157657623291016,749be2c3-3540-4703-a9c2-7ee674b5ae0b
5cceb7bb-9e60-492f-b036-c4f1894f16bc,TN,TN-33,locality,,land,القلعة الخصبة,"[[""ar"", ""القلعة الخصبة""], [""fr"", ""Kalaat Khasba""], [""en"", ""Kalâat Khasba""]]",True,True,8.543462753295898,35.637325286865234,8.626155853271484,35.68566131591797,f41320d3-45d9-4693-81cb-b8bef130b534
a1f1de42-5f21-403e-b57e-2f2cb64c6613,TN,TN-73,region,1,land,ولاية قبلي,"[[""bs"", ""Kébili""], [""hr"", ""Kébili""], [""ar"", ""ولاية قبلي""], [""fr"", ""Gouvernorat Kébili""], [""lv"", ""Kēbili""], [""uk"", ""Кебілі (вілаєт)""], [""ceb"", ""Gouvernorat de Kébili""], [""pt-PT"", ""Kébili""], [""pt"", ""Kebili (província)""], [""cs"", ""Kébili""], [""zu"", ""Kebili Governorate""], [""el"", ""Κεμπιλί (Κυβερνείο)""], [""it"", ""Kébili""], [""ca"", ""Governació de Kébili""], [""pt-BR"", ""Kébili""], [""vi"", ""Kébili""], [""nl"", ""Kébili (gouvernement)""], [""zh-Hans"", ""吉比利""], [""bg"", ""Кебили (област)""], [""ko"", ""케빌리주""], [""eo"", ""Kebili""], [""et"", ""Kébili""], [""de"", ""Gouvernement Kebili""], [""cy"", ""Kébili (talaith)""], [""frr"", ""Kébili (Guwernement)""], [""be-Latn-tarask"", ""Кебілі (вілает)""], [""ur"", ""قبلی""], [""ru"", ""Кебили (вилайет)""], [""th"", ""เคบิลี""], [""id"", ""Kegubernuran Kebili""], [""sr-Latn"", ""Kebili""], [""sv"", ""Kebili""], [""tr"", ""Kabili ili""], [""da"", ""Kébili""], [""zh-Hant"", ""吉比利""], [""en"", ""Kébili""], [""he"", ""קבילי""], [""sk"", ""Kébili""], [""az"", ""Kebili (vilayət)""], [""es"", ""Gobernación de Kebili""], [""sco"", ""Kebili Govrenorate""], [""be"", ""Кебілі (вілает)""], [""ja"", ""ケビリ県""], [""fi"", ""Kébili""], [""ro"", ""Guvernoratul Kebili""], [""lt"", ""Kebilis""], [""no"", ""Kebili (guvernement)""], [""sl"", ""Kébili""], [""fa"", ""قبلی""], [""zh"", ""吉比利省""], [""ms"", ""Kawasan kegabenoran Kebili""], [""hu"", ""Kébili""], [""pl"", ""Kibili""], [""ks"", ""قبلی""], [""sh"", ""Kébili (vilajet)""]]",True,True,7.732557773590088,32.502601623535156,10.011665344238281,34.185428619384766,ea9748ad-9ce5-4995-9a68-e98c333a14fc
7207deb9-3a63-476c-a671-b9a78ef5f542,TN,TN-43,locality,,land,سلتة,"[[""ar"", ""سلتة""], [""fr"", ""Selta""]]",True,True,9.197845458984375,35.31451416015625,9.371707916259766,35.41864013671875,cea5f96f-fa5b-4884-99dc-032f76a6a637
01673042-7829-48e3-85e0-2c41bfbc7067,TN,TN-34,locality,,land,أحواز برقو,"[[""ar"", ""أحواز برقو""], [""fr"", ""Banlieue Bargo""]]",True,True,9.474713325500488,36.017635345458984,9.591381072998047,36.17543029785156,a7bd3872-4779-4d3b-bed3-fc2fa1c719a7
bacd5057-66fb-470a-b2be-0f5a94ed13ce,TN,TN-33,locality,,land,الحوارث الشمالية,"[[""ar"", ""الحوارث الشمالية""], [""fr"", ""Haouareth Nord""]]",True,True,8.690082550048828,36.17527389526367,8.712039947509766,36.188114166259766,c128be0e-647c-4d42-b7cc-7adae5d76dbe
8a0b6dc2-84fb-4053-8f3c-d4196940142d,TN,TN-71,locality,,land,العنق,"[[""ar"", ""العنق""], [""fr"", ""El Ongue""]]",True,True,9.043027877807617,34.31648635864258,9.18466567993164,34.39432144165039,f9db131c-c54d-45bb-95c1-ea2c65654d3e
ed18efd2-ce6d-4ef2-a1c3-778bc031ca35,TN,TN-83,locality,,land,وادي الخيل,"[[""ar"", ""وادي الخيل""], [""fr"", ""Oued El Khil""]]",True,True,10.300395011901855,33.13029479980469,10.35380744934082,33.169403076171875,e58715c5-5951-458b-bd1b-51266a15fc6a
222f8740-b906-47ba-b2e5-f39ffdd3e219,TN,TN-34,locality,,land,المنصورة الشمالية,"[[""ar"", ""المنصورة الشمالية""], [""fr"", ""El Mansoura Nord""]]",True,True,9.414290428161621,35.813926696777344,9.52333927154541,35.86295700073242,20855f60-ad2c-4fe6-a49d-582e563c08ae
f21e7992-a0db-4afb-8a95-be9f9635e9ed,TN,TN-81,locality,,land,المطورية الجنوبية,"[[""ar"", ""المطورية الجنوبية""], [""fr"", ""El Metouia Sud""]]",True,True,9.910927772521973,33.91194152832031,10.02628231048584,33.975616455078125,cdcc7038-fefb-4bcb-85f8-0e92f1e50441
664e98dc-5cde-4a45-9662-7566ec951313,TN,TN-43,locality,,land,الخبنة,"[[""ar"", ""الخبنة""], [""fr"", ""Khobna""]]",True,True,9.538480758666992,34.264732360839844,9.761513710021973,34.4624137878418,dbca19ee-953d-4218-8bea-87e279c03a80
d3c1a163-d16d-4e4f-8d44-0e129dadb64f,TN,TN-81,locality,,land,توجان,"[[""ar"", ""توجان""], [""fr"", ""Toujane""], [""en"", ""Toujane""]]",True,True,10.037164688110352,33.413902282714844,10.232597351074219,33.50076675415039,cb13b023-cd56-4cc8-9483-01c1d276ce02
b5118da5-bbf1-406c-b02b-a5be384a5a97,TN,TN-41,locality,,land,حفوز المركز,"[[""ar"", ""حفوز المركز""], [""fr"", ""Hafouz Centre""]]",True,True,9.649144172668457,35.59772872924805,9.716399192810059,35.671142578125,40d4534e-b270-4a1c-87bd-53d3ba99424e
2c3d1b71-45b3-46ab-9537-e5529b72fa62,TN,TN-43,locality,,land,القصر,"[[""ar"", ""القصر""], [""fr"", ""El Ksar""]]",True,True,9.300457954406738,34.908729553222656,9.395508766174316,35.02873229980469,9880d53d-2122-408b-951e-df2b971a5326
83444cca-76e9-435d-ab5a-05372f3e894b,TN,TN-43,locality,,land,النور,"[[""ar"", ""النور""], [""fr"", ""Ennour""]]",True,True,9.470466613769531,35.03763961791992,9.496236801147461,35.04658126831055,27a0f590-cd0b-4286-9b64-ef85e9e5357d
76712b16-6411-487f-b235-21d3604d1771,TN,TN-51,locality,,land,الشويشة,"[[""ar"", ""الشويشة""], [""fr"", ""Ech Chouicha""]]",True,True,10.350435256958008,35.935211181640625,10.418757438659668,35.99547576904297,c9dabf96-2dd9-44ba-9b94-3cbc4bc89b92
24601e24-9912-4627-b7f5-f5e30059cc29,TN,TN-41,locality,,land,سرديانة,"[[""ar"", ""سرديانة""], [""fr"", ""Serdiania""]]",True,True,9.870388984680176,35.88884735107422,10.014379501342773,35.96957015991211,42fcc68a-0561-4804-8a66-3de374c80d80
971c214b-e5ca-4c0a-9a51-1b963697916b,TN,TN-42,locality,,land,الزهور الغربي 2,"[[""ar"", ""الزهور الغربي 2""], [""fr"", ""Ezzouhour Ouest 2""]]",True,True,8.830872535705566,35.14921951293945,8.842208862304688,35.15936279296875,a5bb739b-152c-4308-872d-60894e5bb60c
fd2e524f-0d17-4177-be72-1cdb15818e4d,TN,TN-41,locality,,land,الطويلة,"[[""ar"", ""الطويلة""], [""fr"", ""Ettouila""]]",True,True,9.68127155303955,35.33253860473633,9.818136215209961,35.466583251953125,ad08ca5e-148f-40cb-a8ae-5eab54e86a51
ae175c5c-4d5a-409d-8158-810295666b07,TN,TN-41,locality,,land,جهينة الشمالية,"[[""ar"", ""جهينة الشمالية""], [""fr"", ""Jehina Nord""]]",True,True,9.9110107421875,35.27267837524414,9.993053436279297,35.36952590942383,c5c01689-f32f-4268-bb83-8723b0979273
173b45fc-f4f9-4570-b0d3-3cf871ecdf8f,TN,TN-71,locality,,land,الأرطس,"[[""ar"", ""الأرطس""], [""fr"", ""El Ortos""], [""en"", ""Lortes""]]",True,True,8.771023750305176,34.116519927978516,8.955103874206543,34.388450622558594,2449a832-5d22-435e-a315-64640c97f505
47e11965-2282-4f2b-b179-16d3ee1c1c06,TN,TN-33,locality,,land,عبيدة,"[[""ar"", ""عبيدة""], [""fr"", ""Abida""]]",True,True,8.68907642364502,35.96898651123047,8.808633804321289,36.085304260253906,8b0eaefa-5c87-4c41-8ab6-ac00d37fc40d
5962049e-5d42-413c-b989-3293d227db81,TN,TN-22,county,2,land,معتمدية الناظور,"[[""ar"", ""معتمدية الناظور""], [""fr"", ""Délégation Ennadhour""]]",True,True,9.83819580078125,36.00056838989258,10.174088478088379,36.22296142578125,c46f11f8-1eb2-430d-93c4-a616e21e08f8
d9f58c7e-f5f1-434e-ab2c-5a75c2f697e8,TN,TN-42,locality,,land,سبيبة,"[[""ar"", ""سبيبة""], [""fr"", ""Sbiba""], [""fa"", ""سبیبه""], [""en"", ""Sbiba""]]",True,True,8.979695320129395,35.51441955566406,9.126086235046387,35.57590103149414,a7fc60a5-1265-4ca6-b2b2-8ebf4d79e03d
0c5bf57b-c1bd-4585-82dc-6e309a7d57ba,TN,TN-51,locality,,land,بلعوم,"[[""ar"", ""بلعوم""], [""fr"", ""Balaoum""]]",True,True,10.30747127532959,35.78895568847656,10.434030532836914,35.92628479003906,81177b47-add4-4840-8cee-71b9bb539399
c2286c8d-1306-4b3a-8f57-6247a0eb796b,TN,TN-43,locality,,land,الرابطة,"[[""ar"", ""الرابطة""], [""fr"", ""Errabta""]]",True,True,9.152132987976074,34.683834075927734,9.317615509033203,34.838043212890625,c9c529ed-4e2e-4abe-b434-ee23cf7d15a0
508247b6-780d-4680-ae34-df9c53569abd,TN,TN-34,locality,,land,القرية الشمالية,"[[""ar"", ""القرية الشمالية""], [""fr"", ""El Karia Nord""]]",True,True,9.399677276611328,35.730308532714844,9.479839324951172,35.81333923339844,54bf6024-0ee3-4d11-83e6-d75b3f2b1189
649eae18-7c60-4f51-8bcd-9bf7592d7477,TN,TN-33,county,2,land,معتمدية الكاف الشرقية,"[[""ar"", ""معتمدية الكاف الشرقية""], [""fr"", ""Délégation Kef Est""]]",True,True,8.690082550048828,36.085296630859375,9.056123733520508,36.28243637084961,5f8b0a71-2b41-4ca1-a03a-b43224fbed3f
e3d4eb15-6b5b-4f0b-bfa1-9a75e64e0113,TN,TN-73,locality,,land,نويل الشمالية,"[[""ar"", ""نويل الشمالية""], [""fr"", ""Nouil Nord""]]",True,True,8.829536437988281,33.478233337402344,8.934191703796387,33.53166198730469,63dfc103-c024-4f0e-ae13-886be28e2b74
67e32d98-e561-4329-a41b-ce042ec9f397,TN,TN-41,locality,,land,السبيخة,"[[""en"", ""Sbikha""], [""ar"", ""السبيخة""], [""fr"", ""Sbikha""]]",True,True,10.012970924377441,35.92382049560547,10.030021667480469,35.94147872924805,c31f59a9-3a38-4879-ba20-215dd44e2632
b9c8286d-881e-4bca-80fd-d01c49d6676b,TN,TN-71,locality,,land,قفصة المدينة,"[[""ar"", ""قفصة المدينة""], [""fr"", ""Gafsa Ville""]]",True,True,8.748198509216309,34.38066864013672,8.795735359191895,34.423160552978516,93c0dd87-232a-4d3d-a71b-9c06d9277051
fff240e2-8b39-447e-8ffc-a25c599cbab1,TN,TN-43,locality,,land,المنصورة الشرقية,"[[""ar"", ""المنصورة الشرقية""], [""fr"", ""El Mansoura Est""]]",True,True,9.039451599121094,34.67981719970703,9.191097259521484,34.787933349609375,e187d121-dcd2-4a2e-8223-1fd093151d25
4765f5e9-a4a9-4086-ba20-175313e98e67,TN,TN-42,locality,,land,ولجة الظل,"[[""ar"", ""ولجة الظل""], [""fr"", ""Ouljet Edhel""]]",True,True,8.61551284790039,35.68343734741211,8.780474662780762,35.79092025756836,f833ac44-451f-4154-bcbc-2290ab432001
d5546a60-9ffb-4f17-ab00-a6a6b6b5340a,TN,TN-61,locality,,land,سيدي إمحمد,"[[""en"", ""Sayyidi Muhammad""], [""ar"", ""سيدي إمحمد""], [""fr"", ""Sidi Mhammad""], [""de"", ""Sayyidi Muhammad""]]",True,True,9.941085815429688,34.371395111083984,10.077178955078125,34.52583312988281,2c1e610f-c424-4ce6-941c-fb02f46313e8
c79d3005-2074-4331-beba-35a2a899cf70,TN,TN-42,locality,,land,تالة الغربية,"[[""ar"", ""تالة الغربية""], [""fr"", ""Thala Ouest""]]",True,True,8.663562774658203,35.562286376953125,8.674798011779785,35.5916633605957,0c8b752a-d70b-4c7c-99ef-06270310065b
1976fbdd-3963-4fe7-becc-c184efba9bc1,TN,TN-41,locality,,land,الحوفية,"[[""ar"", ""الحوفية""], [""fr"", ""El Houfia""]]",True,True,9.691125869750977,35.57349395751953,9.831534385681152,35.669010162353516,a84f7458-5c40-4323-8cd3-106e56127944
eab0545d-083a-4ad5-8f27-8fb83582957f,TN,TN-33,locality,,land,حي بورقيبة,"[[""ar"", ""حي بورقيبة""], [""fr"", ""Cite Bourguiba""]]",True,True,8.419068336486816,35.891639709472656,8.571415901184082,35.98802185058594,e80966ae-b02a-40df-ab59-967eca2a78be
94f01599-a83a-4b67-a8f1-9dd7c4113d39,TN,TN-42,county,2,land,معتمدية جدليان,"[[""ar"", ""معتمدية جدليان""], [""fr"", ""Délégation Djedeliane""]]",True,True,8.781588554382324,35.560569763183594,9.091178894042969,35.75295639038086,c8bde8ce-0497-44b2-9574-5a6a66b2cae7
64e3e28d-522c-4aec-97b5-5882347a01f5,TN,TN-41,locality,,land,زغدود,"[[""ar"", ""زغدود""], [""fr"", ""Zaghdoud""]]",True,True,9.614587783813477,35.83149719238281,9.820374488830566,35.99665069580078,00c9cc8c-9ff1-4217-b389-cb1bd7bae25c
75028520-a293-4f57-8da8-c9612d07f891,TN,TN-83,locality,,land,نكريف,"[[""ar"", ""نكريف""], [""fr"", ""Nekrif""]]",True,True,10.144430160522461,31.913654327392578,10.591872215270996,32.28023910522461,d187f895-215b-4f1b-9a75-5f1f020d6f8a
b93f44dd-4771-42a4-8d58-e852f44289b6,TN,TN-73,locality,,land,دوز الغربية,"[[""ar"", ""دوز الغربية""], [""fr"", ""Douz Ouest""]]",True,True,8.995633125305176,32.647560119628906,9.965606689453125,33.400230407714844,539d0bae-6903-4dd6-8669-baeb9307d81a
04aeee60-4f06-4a9d-9269-0823ed2fca00,TN,TN-42,locality,,land,عين أم الجدور,"[[""ar"", ""عين أم الجدور""], [""fr"", ""Ain Oum El Jedour""]]",True,True,8.87675952911377,35.588104248046875,9.004005432128906,35.678009033203125,442c06e2-6746-4448-a46d-f4febe6eaaf7
48bcf6a4-aefe-4576-921b-9a61111ae185,TN,TN-83,locality,,land,بئر ثلاثين,"[[""ar"", ""بئر ثلاثين""], [""fr"", ""Bir Thlathine""]]",True,True,10.326784133911133,32.6923942565918,10.332368850708008,32.69804763793945,5bf13fba-4915-41b1-8847-f90eedeb9d82
cfe2e949-923a-4ead-81d6-c0e06b1cd651,TN,TN-41,locality,,land,وادي الجباس,"[[""ar"", ""وادي الجباس""], [""fr"", ""Oued El Jabbes""]]",True,True,9.54270076751709,35.571876525878906,9.707793235778809,35.687522888183594,496de5d7-0133-479a-87e5-57a1ec71eb01
e05451d8-9375-4577-97c6-9bef16f4ffcb,TN,TN-41,locality,,land,الأغالبة,"[[""ar"", ""الأغالبة""], [""fr"", ""Al Aghalba""]]",True,True,10.070301055908203,35.66647720336914,10.089527130126953,35.68004608154297,27439a55-0b93-4935-87ef-e1eff313a83e
8ec40242-ea02-42e2-abdf-a494934eacb4,TN,TN-43,county,2,land,معتمدية منزل بوزيان,"[[""ar"", ""معتمدية منزل بوزيان""], [""fr"", ""Délégation Menzel Bouzaïane""]]",True,True,9.254796981811523,34.48004913330078,9.564054489135742,34.77680587768555,03ea9503-2e48-492f-895a-40bd68ab4d12
c2dc1f96-49e5-43f2-aa8d-50be7bc5b3a8,TN,TN-51,locality,,land,الفرادة,"[[""ar"", ""الفرادة""], [""fr"", ""El Frada""], [""en"", ""Frada""]]",True,True,10.282387733459473,36.0536003112793,10.359289169311523,36.12532424926758,cedc25a9-11e1-4eaf-80a7-78bf9658e84a
db308fcf-9770-42b9-9a55-9440629ff8ae,TN,TN-61,locality,,land,الحمادة,"[[""ar"", ""‫الحمادة‬""], [""fr"", ""El Hamada""]]",True,True,10.053214073181152,34.31706237792969,10.197639465332031,34.52220153808594,86ccfa21-c594-452f-88b8-02fc8b60289d
f70a68bc-275d-46b0-8d66-0471787b8f9f,TN,TN-22,locality,,land,صوار,"[[""ar"", ""صوار""], [""fr"", ""Saouar""], [""en"", ""Souar""]]",True,True,9.894790649414062,36.11256408691406,10.049538612365723,36.22296142578125,e2b4fc20-0ee0-4347-a88a-7bb53373a304
77a76e5d-ecbe-4ff2-9af9-7810e4060dbc,TN,TN-42,locality,,land,سبيطلة,"[[""ar"", ""سبيطلة""], [""fr"", ""Sbeïtla""], [""ru"", ""Сбейтла""], [""en"", ""Sbeitla""], [""kab"", ""Sbaytla""], [""grc"", ""Σουφετούλα""]]",True,True,9.093393325805664,35.222991943359375,9.133198738098145,35.2584228515625,de8827da-9e8e-44fd-b798-e84d2bc6e7a4
103ce9fe-93b5-4472-8a67-a3e067ccd1ef,TN,TN-34,locality,,land,عين فرنة,"[[""ar"", ""عين فرنة""], [""fr"", ""Ain Fourna""]]",True,True,9.521495819091797,36.114463806152344,9.6568021774292,36.19212341308594,5be64ec7-9e06-42b6-bb0e-7988c1993213
1f67357a-d803-48e9-b856-472f9b933f0b,TN,TN-43,locality,,land,العضلة,"[[""ar"", ""العضلة""], [""fr"", ""El Adhla""]]",True,True,9.363731384277344,35.35594940185547,9.473525047302246,35.49567413330078,66cbe3f8-12dd-411f-82be-ea44b914734e
c0ee23f1-b5cd-45c7-b666-072d8902fd4e,TN,TN-41,locality,,land,الشوامخ,"[[""ar"", ""الشوامخ""], [""fr"", ""Chouamekh""]]",True,True,9.964041709899902,35.42124938964844,10.037654876708984,35.49393081665039,1bb4b2ea-39e6-43a8-9829-aaf46eff0ccd
eca8a0f8-bc10-4ddd-adca-869bab476d06,TN,TN-41,county,2,land,معتمدية حفوز,"[[""ar"", ""معتمدية حفوز""], [""fr"", ""Délégation Haffouz""]]",True,True,9.54270076751709,35.441158294677734,9.865023612976074,35.791603088378906,f6ee09c2-b5dc-469c-a2d9-74abacc7bd58
2470a749-2bbe-4947-8fb9-b75555ad486f,TN,TN-33,region,1,land,ولاية الكاف,"[[""bs"", ""Al Kaf""], [""hr"", ""Al Kaf""], [""ar"", ""ولاية الكاف""], [""fr"", ""Gouvernorat Le Kef""], [""lv"", ""Al Kaf""], [""uk"", ""Ель-Кеф (вілаєт)""], [""ceb"", ""Gouvernorat de Kef""], [""pt-PT"", ""Al Kaf""], [""pt"", ""Kef (província)""], [""cs"", ""Al Kaf""], [""zu"", ""Kef Governorate""], [""el"", ""Αλ Καφ (Κυβερνείο)""], [""it"", ""Le Kef""], [""ca"", ""Governació del Kef""], [""pt-BR"", ""Al Kaf""], [""vi"", ""Al Kaf""], [""nl"", ""Kef (gouvernement)""], [""zh-Hans"", ""阿卡夫""], [""bg"", ""Кеф (област)""], [""ko"", ""케프주 (튀니지)""], [""et"", ""Al Kaf""], [""de"", ""Al-Kaf""], [""cy"", ""El Kef (talaith)""], [""frr"", ""Kef (Guwernement)""], [""be-Latn-tarask"", ""Эль-Кеф (вілает)""], [""ur"", ""کاف""], [""ru"", ""Эль-Кеф (вилайет)""], [""th"", ""อัล คาฟ""], [""id"", ""Kegubernuran Kef""], [""sr-Latn"", ""Al Kaf""], [""sv"", ""Al Kaf""], [""tr"", ""Kâf ili""], [""da"", ""Al Kaf""], [""zh-Hant"", ""阿爾卡夫""], [""en"", ""Al Kaf""], [""he"", ""אל-כאף""], [""sk"", ""Al Kaf""], [""az"", ""Kef (vilayət)""], [""es"", ""Gobernación de Al-Kāf""], [""sco"", ""Kef Govrenorate""], [""be"", ""Эль-Кеф (вілает)""], [""ja"", ""ケフ県""], [""fi"", ""Kef (kuvernementti)""], [""ro"", ""Guvernoratul Kef""], [""lt"", ""Kefas""], [""no"", ""Kef (guvernement)""], [""sl"", ""Al Kaf""], [""fa"", ""کاف""], [""zh"", ""卡夫省""], [""ms"", ""Kawasan kegabenoran Kef""], [""hu"", ""Al Kaf""], [""pl"", ""Gubernatorstwo Al-Kaf""], [""sh"", ""Kef (vilajet)""]]",True,True,8.253459930419922,35.615943908691406,9.170757293701172,36.453426361083984,4896aff8-00d9-4c08-b4c5-9ec0b6390a31
9baaca35-8ee2-4499-896b-80b65e59b305,TN,TN-43,locality,,land,سيدي سالم,"[[""ar"", ""سيدي سالم""], [""fr"", ""Sidi Salem""]]",True,True,9.420971870422363,35.0400276184082,9.512933731079102,35.150672912597656,a87b1ca2-d0cf-4147-811e-c9918d766843
36459067-b997-4564-974c-ca737e21129e,TN,TN-41,locality,,land,الوسلاتية الغربية,"[[""ar"", ""الوسلاتية الغربية""], [""fr"", ""El Ooueslatia Ouest""]]",True,True,9.582277297973633,35.843624114990234,9.590704917907715,35.855552673339844,8aecbbb0-973c-4541-ad9c-26a3a3cc2392
dc8e7f61-3a5e-443e-926c-f84540d42e89,TN,TN-51,locality,,land,تكرونة,"[[""ar"", ""تكرونة""], [""fr"", ""Takrouna""], [""en"", ""Takrouna""]]",True,True,10.325833320617676,36.137638092041016,10.37630844116211,36.181941986083984,558f739a-37d8-4835-92e5-70a47d01e19f
981f4ada-d82a-4add-867d-8d8b74d11ec5,TN,TN-43,locality,,land,السعيدة الشمالية,"[[""ar"", ""السعيدة الشمالية""], [""fr"", ""Essaida Nord""]]",True,True,9.857056617736816,34.91777801513672,10.029104232788086,35.04036331176758,14c364d8-9425-47f4-b2f0-e7519ac01f67
5ba1ab45-b496-46bb-8d03-b5b2ce66818f,TN,TN-81,locality,,land,المنطقة الثالثة,"[[""ar"", ""المنطقة الثالثة""], [""fr"", ""Secteur 3""]]",True,True,10.080322265625,33.875953674316406,10.10607624053955,33.908023834228516,c3c59e44-7ca0-461d-9b72-b398f306194e
893f3d06-6181-4003-9976-2d31c15afbfd,TN,TN-43,locality,,land,منزل بوزيان,"[[""ar"", ""منزل بوزيان""], [""fr"", ""Menzel Bouzaiane""], [""kab"", ""Menzel Buzeyyan""], [""en"", ""Menzel Bouzaiane""]]",True,True,9.413627624511719,34.56480407714844,9.442923545837402,34.574317932128906,809b5cbe-113d-4b15-9857-afb34857c798
329e6c69-cfcf-4f24-82e3-2412b6a209ec,TN,TN-61,locality,,land,سيدي غريب,"[[""ar"", ""سيدي غريب""], [""fr"", ""Sidi Ghrib""]]",True,True,10.314403533935547,34.41806411743164,10.429631233215332,34.58547592163086,98c34eea-45ed-4bb6-80a1-4d7953f63a7a
d93c8569-d76c-4c2b-9621-d621732d4957,TN,TN-43,locality,,land,فرش غريب,"[[""ar"", ""فرش غريب""], [""fr"", ""Ferch Gharib""]]",True,True,9.881369590759277,34.75608825683594,9.960769653320312,34.845760345458984,e3c64011-4e77-4f51-877d-afb28ece0f12
23cd9bd3-8d40-4dd9-b8aa-ba2c71a096e7,TN,TN-42,locality,,land,ماجل بالعباس الشمالية,"[[""ar"", ""ماجل بالعباس الشمالية""], [""fr"", ""Majel Bel Abbes Nord""]]",True,True,8.51333236694336,34.736148834228516,8.616639137268066,34.87192153930664,5ec929e8-8387-4f82-805b-469ef93a4ea9
230a32e3-cfba-4f0d-aa04-5a5d2bc3f110,TN,TN-41,locality,,land,أولاد فرج اللّه الجنوبية,"[[""ar"", ""أولاد فرج اللّه الجنوبية""], [""fr"", ""Ouled Farjallah Sud""]]",True,True,10.116331100463867,35.13665771484375,10.222947120666504,35.22057342529297,0b390f1d-75c5-4a55-b225-6bd0014ed24e
81d3afc1-17aa-4c99-a967-1e31ebbdf0ed,TN,TN-51,locality,,land,قريمات الغربية,"[[""ar"", ""قريمات الغربية""], [""fr"", ""Grimet Ouest""]]",True,True,10.2034273147583,36.035640716552734,10.263579368591309,36.09739303588867,8cd6fd07-3643-40dd-9634-a1f0bc59388f
e7d6098c-0392-4169-8864-68112c65c30c,TN,TN-71,locality,,land,سيدي أحمد زروق,"[[""ar"", ""سيدي أحمد زروق""], [""fr"", ""Sidi Ahmed Zarrouk""]]",True,True,8.692215919494629,34.40086364746094,8.776480674743652,34.46410369873047,7669b8f0-3133-4706-93a7-5f6746c97664
31d9ca50-7620-47e1-8c44-817afad4821b,TN,TN-81,locality,,land,تشين,"[[""ar"", ""تشين""], [""fr"", ""Techine""], [""en"", ""Techine""]]",True,True,9.63669204711914,33.26987838745117,10.078717231750488,33.50383758544922,75ce753f-e3ec-4f4d-97d8-7d07116772cf
00b0755b-7782-4506-8c02-a5871a1199f8,TN,TN-73,locality,,land,غليسية,"[[""ar"", ""غليسية""], [""fr"", ""Ghlissia""]]",True,True,8.927977561950684,32.65957260131836,9.559544563293457,33.47203063964844,f2cdb2aa-f97b-4012-882e-5b91b596b2f8
1a479eee-37a2-4ab9-b75f-3022509f75c6,TN,TN-81,county,2,land,معتمدية الحامة,"[[""ar"", ""معتمدية الحامة""], [""fr"", ""Délégation El Hamma""]]",True,True,9.248090744018555,33.601905822753906,9.966127395629883,34.1285285949707,1d66b0f4-60e0-4753-87c8-9741f2bfd3ad
37398366-d8f9-4ad2-aa39-7cbdbcea2982,TN,TN-34,locality,,land,صدين,"[[""ar"", ""صدين""], [""fr"", ""Saddine""]]",True,True,9.016557693481445,35.76496505737305,9.095819473266602,35.85268783569336,c71b0d48-c2b1-41ed-b8a0-c06d9a450329
5259d341-f110-42ae-99e2-121d2f0e3def,TN,TN-42,county,2,land,معتمدية العيون,"[[""ar"", ""معتمدية العيون""], [""fr"", ""Délégation El Ayoun""]]",True,True,8.758391380310059,35.362457275390625,9.0177640914917,35.61756134033203,51c9ff63-7740-472b-8964-87fca81ffc09
455947f7-9dfe-4311-8ead-68c267d567cc,TN,TN-43,locality,,land,العامرة,"[[""ar"", ""العامرة""], [""fr"", ""El Amra""]]",True,True,9.555597305297852,35.10566711425781,9.708717346191406,35.200653076171875,9f7520cd-b38a-49d1-a831-a67633b06478
790ab083-d057-4158-b41f-8d73c07a1f6e,TN,TN-42,locality,,land,خمودة الجنوبية,"[[""ar"", ""خمودة الجنوبية""], [""fr"", ""Khmouda sud""]]",True,True,8.684343338012695,35.269989013671875,8.781042098999023,35.375091552734375,4179b62b-e34b-4892-aef1-a79fd66bd66e
93319121-e6da-4e9a-8b5e-f01b01cf310c,TN,TN-43,county,2,land,معتمدية سيدي بوزيد الشرقية,"[[""ar"", ""معتمدية سيدي بوزيد الشرقية""], [""fr"", ""Délégation Sidi Bouzid Est""]]",True,True,9.41705322265625,34.860008239746094,9.79367446899414,35.28476333618164,31f5e806-d4fe-4dab-a57a-a2d4c3682092
0fdf07fa-f82c-4540-80fd-94525ecd4fb9,TN,TN-81,locality,,land,زريق الدخلانية,"[[""ar"", ""زريق الدخلانية""], [""fr"", ""Zrig Eddakhlania""]]",True,True,10.093744277954102,33.8444938659668,10.107635498046875,33.864566802978516,e934563e-a794-4fc5-bfb9-77c318cf1fa6
9356510a-26b5-4f2e-a5bb-4a2b81a6765d,TN,TN-34,locality,,land,الجميلات,"[[""ar"", ""الجميلات""], [""fr"", ""El Jamilet""]]",True,True,9.206907272338867,35.60795593261719,9.353761672973633,35.70664978027344,0b20b04e-98b3-4a73-ad2e-5de06403653f
06ed664b-7aa6-48ef-851e-9e1ab83baa8c,TN,TN-33,locality,,land,برج الديوانة,"[[""ar"", ""برج الديوانة""], [""fr"", ""Borj Eddiouana""]]",True,True,8.365159034729004,35.86216354370117,8.499083518981934,35.98357391357422,38c727b6-0a22-4635-a4af-1d250a53d87f
9a8f9fd9-8a09-4c51-8022-3e6ef08c6c59,TN,TN-71,locality,,land,السقي,"[[""ar"", ""السقي""], [""fr"", ""El Segui""]]",True,True,8.586466789245605,34.0604362487793,8.885177612304688,34.23582077026367,36b50817-b1be-44df-9908-10cd85677455
b84fe7ca-ea48-43ae-bc64-b01d2d16ddda,TN,TN-41,locality,,land,زرود,"[[""ar"", ""زرود""], [""fr"", ""Zroud""]]",True,True,10.087324142456055,35.60962677001953,10.19398021697998,35.70799255371094,5a853c1b-ab18-4f09-b82f-537774b5bb4b
f45a241a-a463-4f37-ba0e-48944431c5e5,TN,TN-51,locality,,land,أولاد علي بالهاني,"[[""ar"", ""أولاد علي بالهاني""], [""fr"", ""Ouled Ali Bel Hani""]]",True,True,10.314887046813965,35.67989730834961,10.401985168457031,35.73344039916992,2684a63d-36df-4443-b56b-6624828fcf47
0cad48c0-8fc6-4b34-9171-31f3da9d745f,TN,TN-83,locality,,land,الواحة,"[[""ar"", ""الواحة""], [""fr"", ""EL OUAHA""]]",True,True,10.33415699005127,33.048805236816406,10.342364311218262,33.06808853149414,1c647283-8121-4175-9e81-6580d5275975
cd6d8239-922a-4ef3-a33d-5806f643a9a4,TN,TN-42,locality,,land,القصر,"[[""ar"", ""القصر""], [""fr"", ""El Ksar""]]",True,True,9.04188060760498,35.217674255371094,9.117975234985352,35.29243087768555,601eef68-2436-479f-b068-b10aefd3c75c
4efc204a-04ba-42d9-bbda-7329942e401f,TN,TN-81,locality,,land,كتانة,"[[""ar"", ""كتانة""], [""fr"", ""Ketana""], [""en"", ""Kettena""], [""de"", ""Kettana""]]",True,True,10.15624713897705,33.692169189453125,10.269208908081055,33.824649810791016,aef6af10-9140-4488-b7c9-603e6de264c7
60146760-bcb4-4ba6-ba97-be8b56d3c3ee,TN,TN-41,locality,,land,القنطرة,"[[""ar"", ""القنطرة""], [""fr"", ""El Kantra""]]",True,True,9.474413871765137,35.41171646118164,9.570361137390137,35.4842414855957,24c4a22c-1fd3-42ac-9009-e0d6ebe2081c
164f504d-bb1b-43ed-9438-abc4fd5751ce,TN,TN-61,locality,,land,بئر علي بن خليفة,"[[""ar"", ""بئر علي بن خليفة""], [""fr"", ""Bir Ali Ben Khalifa""], [""uk"", ""Беер-Алі-Бен-Халіфа""], [""zu"", ""Bir Ali Ben Khélifa""], [""it"", ""Bir Ali Ben Khalifa""], [""ca"", ""Bir Ali Ben Khélifa""], [""ko"", ""비르알리벤켈리파""], [""ru"", ""Бир-Али-Бен-Халифа""], [""en"", ""Bir Ali Ben Khalifa""], [""kab"", ""Bir Ɛli Ben Xalifa""], [""fa"", ""بئر علی بن خلیفه""]]",True,True,10.073756217956543,34.70688247680664,10.120355606079102,34.74728012084961,70a6f1de-276b-4cd4-8083-e0209eeeccf8
ebb2386f-5f89-4423-9be7-53c63ae7cabf,TN,TN-51,county,2,land,معتمدية سيدي الهاني,"[[""ar"", ""معتمدية سيدي الهاني""], [""fr"", ""Délégation Sidi El Heni""]]",True,True,10.195860862731934,35.584388732910156,10.44558334350586,35.80966567993164,6cfed0b3-33fb-4c92-93f4-58820e0bbc28
56b8ec85-079d-4111-8e3e-f6208a1001c4,TN,TN-42,locality,,land,عين زيان,"[[""ar"", ""عين زيان""], [""fr"", ""Ain Zaiene""]]",True,True,9.131329536437988,35.364437103271484,9.231881141662598,35.46266174316406,5c817773-190d-409d-82a5-407cdc87c3a2
ca6f7b35-a72b-48e3-b2f7-2577b3907cd7,TN,TN-33,locality,,land,سيدي أحمد الصالح,"[[""ar"", ""سيدي أحمد الصالح""], [""fr"", ""Sidi Ahmed Essalah""], [""en"", ""Sidi Ahmed Essalah""]]",True,True,8.520217895507812,35.679744720458984,8.630658149719238,35.8177604675293,d1daa388-6507-4794-877c-86b7c4e87cf2
dc60b8b9-6809-4ecc-ab5c-6eeb34bab1c6,TN,TN-81,locality,,land,شانشو,"[[""ar"", ""شانشو""], [""fr"", ""Chanchou""]]",True,True,9.783834457397461,33.69002151489258,9.966127395629883,33.95512771606445,c20b925a-1e59-48d1-998a-bd6fa24d362d
b182c2bf-a800-4cca-a792-6ef6fda22ee4,TN,TN-51,locality,,land,هيشر,"[[""ar"", ""هيشر""], [""fr"", ""Hicher""], [""en"", ""Hicher""]]",True,True,10.180913925170898,36.08751678466797,10.259008407592773,36.16160583496094,97767b72-e95c-484c-826b-d050ba0463e8
7e76f8da-8fb6-4bd4-bf8c-6e6c1391b3a6,TN,TN-43,locality,,land,الخشم الشرقية,"[[""ar"", ""الخشم الشرقية""], [""fr"", ""Khechem Est""]]",True,True,9.961294174194336,34.9487419128418,10.063610076904297,35.0543212890625,9ce5ded6-5fa4-450b-a5f4-5fd06faf232e
334ce542-6dbb-45f6-bedd-af1be1947514,TN,TN-81,locality,,land,وذرف الشمالية,"[[""ar"", ""وذرف الشمالية""], [""fr"", ""Ouedhref Nord""]]",True,True,9.891265869140625,33.98261260986328,10.002744674682617,34.099910736083984,78b9651d-b19a-477b-9a3c-96b0af5578e1
f20690bf-b118-49ba-886a-a85e286d812e,TN,TN-83,locality,,land,قرماسة,"[[""ar"", ""قرماسة""], [""fr"", ""Guermassa""]]",True,True,9.893549919128418,32.959354400634766,10.292549133300781,33.0909423828125,09dd192f-20f4-4dbc-b546-d10218947b8b
9e7af337-8d32-4358-8c5a-7176d66c7c54,TN,TN-43,locality,,land,أولاد إبراهيم,"[[""ar"", ""أولاد إبراهيم""], [""fr"", ""Ouled Brahim""]]",True,True,8.920880317687988,34.725379943847656,9.04897403717041,34.833091735839844,4d38fb32-5673-43ca-8a35-dde8cac9dc2c
5401d920-055a-43fc-bb76-2d1602e37382,TN,TN-72,locality,,land,دغومس,"[[""ar"", ""دغومس""], [""fr"", ""Dghoumes""]]",True,True,8.298262596130371,33.841548919677734,8.648140907287598,34.06789016723633,c709f814-a6c4-461b-bf65-10ca2b3ef434
4dcb464f-c58a-4ea5-9f1c-5c813e010e51,TN,TN-34,locality,,land,بني حازم,"[[""ar"", ""بني حازم""], [""fr"", ""Beni Hazem""]]",True,True,9.025527000427246,35.818817138671875,9.119058609008789,35.896934509277344,e04bcf27-b7e1-4697-889e-d0d7e4dc60d1
f7d08b98-d924-4a73-854e-84c2f6fe85d0,TN,TN-12,locality,,land,بجاوة,"[[""ar"", ""بجاوة""], [""fr"", ""Bejaoua""]]",True,True,9.963287353515625,36.838356018066406,10.038299560546875,36.88656997680664,5f984213-283c-41f2-a0a7-f77aacf3f5b4
384225de-3fde-4092-8cd5-53a29563cdfd,TN,TN-32,locality,,land,بير الاخضر,"[[""ar"", ""بير الاخضر""], [""fr"", ""Bir Lakhdher""]]",True,True,8.917967796325684,36.52916717529297,8.98606014251709,36.60768127441406,01c33cb4-105a-405a-a78d-c5cca21bf76f
2fd1b16a-ee4a-4da5-bb91-5e3c2d934726,TN,TN-23,county,2,land,معتمدية تينجة,"[[""ar"", ""معتمدية تينجة""], [""fr"", ""Délégation Tinja""]]",True,True,9.615156173706055,37.071956634521484,9.787982940673828,37.18634033203125,c83ede02-5039-4d5a-bb48-2c0af95ff8b2
fad8a8ff-c1f1-4cd7-b00d-8a77346edd12,TN,TN-11,locality,,land,الفتح,"[[""ar"", ""الفتح""], [""fr"", ""El Fath""]]",True,True,10.120664596557617,36.79624557495117,10.131662368774414,36.80451583862305,351799bc-3964-4007-be32-4811f8ab1794
10948311-daa6-4934-8756-b714927d30fe,TN,TN-22,locality,,land,بئر حليمة,"[[""ar"", ""بئر حليمة""], [""fr"", ""Bir Halima""], [""en"", ""Bir Halima""]]",True,True,10.000934600830078,36.30292510986328,10.124034881591797,36.417118072509766,84aa9732-dcab-4803-916f-8fbe7d151b6c
27c1ac1b-c794-4baf-b668-8317b5bb0fde,TN,TN-13,locality,,land,حمام الانف بوقرنين,"[[""ar"", ""حمام الانف بوقرنين""], [""fr"", ""Hammem Lif Bou Kornine""]]",True,True,10.32144832611084,36.73054885864258,10.3353271484375,36.74037551879883,66023cf8-aafc-4708-84de-e94e46e78d79
70cabede-f1d1-4288-bb07-3c157057ff26,TN,TN-14,locality,,land,الرجاء,"[[""ar"", ""الرجاء""], [""fr"", ""Erraja""]]",True,True,9.822134017944336,36.82764434814453,9.897433280944824,36.87044143676758,d880e162-ed8c-4a2b-86a4-b56a4027fc44
b398c8a9-0d96-48c4-8c62-1c2a46b8d140,TN,TN-23,locality,,land,ذواودة,"[[""ar"", ""ذواودة""], [""fr"", ""Dhouaouda""]]",True,True,9.348368644714355,36.993717193603516,9.464369773864746,37.047977447509766,38a10144-c5cf-41c1-9214-5c568e88828e
4d3784be-f906-424c-a9e4-d80687ba1c8d,TN,TN-32,locality,,land,الفردوس,"[[""ar"", ""الفردوس""], [""fr"", ""El Ferdous""]]",True,True,8.683303833007812,36.478790283203125,8.77025032043457,36.53750228881836,9282ec28-efc2-404e-ae95-c7db048579fe
8df2f6a1-46da-427c-b24e-8c0493566ee3,TN,TN-22,locality,,land,الجوف الغربية,"[[""ar"", ""الجوف الغربية""], [""fr"", ""El Jouf Ouest""]]",True,True,10.05673885345459,36.240726470947266,10.15553092956543,36.35125732421875,099ce578-febb-42c5-b8bc-621e7cd3e06f
f8a8bd8e-b3b1-4ec8-bb67-a6f28661b5e0,TN,TN-23,locality,,land,الماتلين الغربية,"[[""ar"", ""الماتلين الغربية""], [""fr"", ""Metline-Ouest""]]",True,True,10.008469581604004,37.22581100463867,10.069306373596191,37.254669189453125,4f318fb4-0e6c-4ded-ba71-266e15e5ee4b
dde71fe5-5aa8-459d-b8db-6e5a72ce0720,TN,TN-31,locality,,land,زلدو,"[[""ar"", ""زلدو""], [""fr"", ""Zeldou""]]",True,True,9.232138633728027,36.5369987487793,9.417204856872559,36.625972747802734,c958d81d-7427-460b-9e27-1e9ffc6407bd
e521bde3-343b-4bed-a3b8-cb8858f132c2,TN,TN-31,locality,,land,عين الدفالي,"[[""ar"", ""عين الدفالي""], [""fr"", ""Ain Ed-Defali""]]",True,True,9.016149520874023,36.434837341308594,9.090852737426758,36.51546096801758,6f094744-5c94-44e9-944a-49dd32866f0b
3d96b106-cbc9-40e8-880c-a67b90aa979d,TN,TN-31,locality,,land,دقة,"[[""ar"", ""دقة""], [""fr"", ""Dougga""]]",True,True,9.183695793151855,36.335445404052734,9.315302848815918,36.44415283203125,97b34ed3-e4bb-465d-8db6-0f8fd05bb24a
a7a7b057-aee0-469f-87b6-debf77db6eda,TN,TN-32,locality,,land,الكدية,"[[""ar"", ""الكدية""], [""fr"", ""El Koudia""]]",True,True,8.969346046447754,36.487796783447266,9.050660133361816,36.60840606689453,230c20a6-aa01-4a30-a4e4-a12d99a31772
fff160d0-f98b-4b04-809f-58c2b21ad01e,TN,TN-11,locality,,land,المروج 2,"[[""ar"", ""المروج 2""], [""fr"", ""El Mourouj (2)""]]",True,True,10.1898193359375,36.73326873779297,10.208210945129395,36.7473258972168,102ca33d-dd9a-4c29-b99b-637318e5dcc8
19dbf225-170a-433c-891f-f9df9ca34356,TN,TN-14,locality,,land,المنصورة,"[[""ar"", ""المنصورة""], [""fr"", ""El Mansoura""]]",True,True,9.85782241821289,36.74945831298828,9.936517715454102,36.82289505004883,79e81a2b-2955-4479-b74d-4dddd63af487
77a76007-3ae0-4411-9a57-2616eb6f8141,TN,TN-23,locality,,land,قبطنة 2,"[[""ar"", ""قبطنة 2""], [""fr"", ""Gabtna 2""]]",True,True,9.77532958984375,37.03980255126953,9.872383117675781,37.131595611572266,67b51090-2add-4523-a5ff-fe2eb648eeaf
4ba56f00-c36d-4ea0-9b84-c166261b35e0,TN,TN-11,county,2,land,معتمدية الزهور,"[[""ar"", ""معتمدية الزهور""], [""fr"", ""Délégation Ezzouhour""]]",True,True,10.122611999511719,36.786319732666016,10.155203819274902,36.802406311035156,157925cd-b631-4735-a884-1b07820b0442
46a34a76-c3da-44ab-9d0b-76e6e4da535a,TN,TN-32,county,2,land,معتمدية وادي مليز,"[[""en"", ""Wadi Maliz""], [""ar"", ""معتمدية وادي مليز""], [""fr"", ""Délégation Oued Meliz""], [""de"", ""Wadi Maliz""]]",True,True,8.476536750793457,36.394439697265625,8.691805839538574,36.57691192626953,4711e172-2c52-4560-b5b6-dee9fac7bfb9
1a5e599b-40ac-4a94-9365-4d37e3619cef,TN,TN-32,county,2,land,معتمدية عين دراهم,"[[""ar"", ""معتمدية عين دراهم""], [""fr"", ""Délégation Aïn Draham""]]",True,True,8.428792953491211,36.67283248901367,8.933545112609863,36.91626739501953,d00c9cd6-d957-4538-b8b8-5461b0d6c52b
03762cee-beef-4395-a2dc-879e3105c379,TN,TN-31,locality,,land,المعقولة,"[[""ar"", ""المعقولة""], [""fr"", ""El Maagoula""]]",True,True,9.176100730895996,36.678199768066406,9.238866806030273,36.736541748046875,99369c81-f7ef-42ec-8cf1-294a5e19ba7d
01b19205-0f16-4e91-803b-244fc5309545,TN,TN-23,locality,,land,أمادن,"[[""ar"", ""أمادن""], [""fr"", ""Amaden""]]",True,True,9.213982582092285,37.15475845336914,9.48232650756836,37.270240783691406,e9e0538a-e8a7-46c7-b71b-d3fd0b9bfea6
2c88c855-2bf4-4ea8-90df-22909cca3e2b,TN,TN-14,locality,,land,برج العامري,"[[""ar"", ""برج العامري""], [""fr"", ""Borj El Amri""], [""en"", ""Borj El Amri""]]",True,True,9.850765228271484,36.69497299194336,9.9246826171875,36.76505661010742,4e46e31c-2e7f-4fbe-9682-5f02b47699e4
d04aa833-5003-47f2-8d85-b8758bdf1b46,TN,TN-13,locality,,land,بن عروس الغربية,"[[""ar"", ""بن عروس الغربية""], [""fr"", ""Ben Arous Ouest""]]",True,True,10.207612037658691,36.74192810058594,10.225956916809082,36.75226593017578,fe458ab1-da16-4519-946b-41a7bf87f707
9b49ed71-ee1a-4efa-8e25-4aa0d71f864d,TN,TN-23,locality,,land,جالطة,"[[""ar"", ""جالطة""], [""fr"", ""La Galite""], [""es"", ""La Galita""]]",True,True,8.89859390258789,37.51369094848633,8.95865249633789,37.54226303100586,1f85f868-15e5-49ec-a421-acb001101e98
7129cacf-d464-4b88-b1f7-db968bce531e,TN,TN-23,locality,,land,عين مريم,"[[""ar"", ""عين مريم""], [""fr"", ""Ain Mariem""]]",True,True,9.757928848266602,37.279563903808594,9.86508846282959,37.33871841430664,4ea327bc-9f39-4f62-b4f0-7d0ccfbc15f7
8ac05b78-7808-4b2f-9b9b-b0c6b7b17499,TN,TN-31,locality,,land,السلوقية,"[[""ar"", ""السلوقية""], [""fr"", ""Esslouguia""], [""en"", ""Slouguia""], [""alt"", ""Esslouguia""]]",True,True,9.461552619934082,36.51633834838867,9.627938270568848,36.61143112182617,ebce6e21-a4c8-406c-802c-730781e10281
01b1a1c5-6bc1-47bf-b15f-3380686f2aa9,TN,TN-23,locality,,land,السمان,"[[""ar"", ""السمان""], [""fr"", ""Essman""]]",True,True,9.340957641601562,36.84965515136719,9.460270881652832,36.978111267089844,4a4e33dc-875b-4462-8883-f6a83b2c8105
b4718d8a-7fd1-46e3-90cf-efe0bd3c52a4,TN,TN-13,locality,,land,فوشانة,"[[""ar"", ""فوشانة""], [""fr"", ""Fouchana""]]",True,True,10.147127151489258,36.67777633666992,10.19637680053711,36.71175765991211,e7ae6086-1904-4da1-b6a0-3773c793a99a
90e5a888-3048-4459-8714-a1fb6ec298d2,TN,TN-11,locality,,land,السعادة,"[[""ar"", ""السعادة""], [""fr"", ""Es-Saada""]]",True,True,10.14240837097168,36.7968864440918,10.155203819274902,36.802093505859375,135ae761-c286-4bb1-bfd7-633740417b90
bbb78c49-f1f0-45f1-a5f0-678d7cf4c7ce,TN,TN-11,locality,,land,الرمانة,"[[""ar"", ""الرمانة""], [""fr"", ""El Romana""]]",True,True,10.133548736572266,36.82163619995117,10.143623352050781,36.83590316772461,d81e9586-8594-414f-979b-f8895a48823a
c0ab71e3-6cb7-4210-a441-3b39438eb92f,TN,TN-12,locality,,land,بو حناش,"[[""ar"", ""بو حناش""], [""fr"", ""Bou Hannech""]]",True,True,10.081829071044922,36.91739273071289,10.1676664352417,37.004638671875,e288e1fa-1888-492d-91a6-2c1b11a61335
127b73a3-7464-4e67-9157-16d9c168af5c,TN,TN-32,locality,,land,الحمام,"[[""ar"", ""الحمام""], [""fr"", ""El Hammem""]]",True,True,8.781421661376953,36.84043884277344,8.874711036682129,36.935054779052734,f6c05c4d-a96c-4f88-8434-fe75a8e8a0c6
1ead062a-90c1-4b86-877e-44ea9b5e65fc,TN,TN-34,county,2,land,معتمدية قعفور,"[[""ar"", ""معتمدية قعفور""], [""fr"", ""Délégation Gaafour""]]",True,True,9.191935539245605,36.13364028930664,9.52700424194336,36.372833251953125,7f7ca55d-1dcf-47a9-86f6-258913ba6dc4
4b48534a-ad92-447a-8178-3f5839030c3a,TN,TN-11,locality,,land,خزندار,"[[""ar"", ""خزندار""], [""fr"", ""Khaznadar""]]",True,True,10.118345260620117,36.80078887939453,10.13560676574707,36.81082534790039,71347c52-0755-479b-a33d-dd8ae0069059
a1fdfb82-3a70-4b52-9683-62b9f9020aa9,TN,TN-12,locality,,land,المنيهلة,"[[""ar"", ""المنيهلة""], [""fr"", ""El Mnihla""], [""en"", ""Mnihla""], [""kab"", ""Mnihla""]]",True,True,10.075894355773926,36.84529495239258,10.117769241333008,36.88954162597656,023779da-ce3c-4f3a-8356-7944e9ed50ca
0b396d7f-c49d-4c0a-a33d-098f538553b7,TN,TN-12,locality,,land,المنزه 5,"[[""ar"", ""المنزه 5""], [""fr"", ""El Menzah 5""]]",True,True,10.165105819702148,36.84049606323242,10.183483123779297,36.85560607910156,807aeaa2-c2a3-47bf-886f-4ea110ab9484
1663c57a-2616-4dac-9251-2843683ee68d,TN,TN-13,county,2,land,معتمدية رادس,"[[""ar"", ""معتمدية رادس""], [""fr"", ""Délégation Radès""]]",True,True,10.246811866760254,36.73957824707031,10.30712890625,36.81254959106445,b87ae3c0-029a-4e16-9a39-1184266a4608
f398bf87-9e3f-4a63-bce1-83b4b4c04df4,TN,TN-11,locality,,land,المرسى المنتزه,"[[""ar"", ""المرسى المنتزه""], [""fr"", ""La Marsa El Montazeh""]]",True,True,10.312411308288574,36.864566802978516,10.341080665588379,36.88324737548828,edd78a4a-550b-4491-8e30-a5a2028f0b2d
722fc3d8-897c-4647-821f-b4381b0f3ab6,TN,TN-14,locality,,land,خالد إبن الوليد,"[[""ar"", ""خالد إبن الوليد""], [""fr"", ""Khaled Ibn El Oualid""]]",True,True,10.075762748718262,36.82245635986328,10.088557243347168,36.83134460449219,a2bcd574-8d6f-41eb-bc73-f37dafe388fe
394b6378-2ee4-476d-885a-72f7656e198d,TN,TN-32,locality,,land,القوايدية,"[[""ar"", ""القوايدية""], [""fr"", ""El Gouaidia""]]",True,True,8.668116569519043,36.64588165283203,8.7835054397583,36.72577667236328,a774512c-57e8-48c9-948b-7e6692434507
b0b4478f-8660-4047-b8f2-ec1dd6fcb914,TN,TN-23,locality,,land,قنقلة,"[[""ar"", ""قنقلة""], [""fr"", ""Guengla""]]",True,True,9.759839057922363,37.15914535522461,9.787982940673828,37.18634033203125,ec844cf3-7e66-41ae-b25e-696f8ea768f9
5b064e85-7dcc-4190-af2c-2846ea8889dc,TN,TN-11,locality,,land,خير الدين,"[[""ar"", ""خير الدين""], [""fr"", ""Kheredine""]]",True,True,10.30184268951416,36.821693420410156,10.318764686584473,36.83723068237305,acf47a49-2a6d-475a-bdb6-d1d3467fe437
8c57cd41-2234-4429-9910-b7097179d906,TN,TN-32,locality,,land,بوسالم الجنوبية,"[[""ar"", ""بوسالم الجنوبية""], [""fr"", ""Bousalem Sud""]]",True,True,8.966514587402344,36.59941864013672,8.98404312133789,36.61040496826172,3b55c86b-9bef-4138-a42c-addb2b07b045
c3e3c7e7-04ec-4950-a7e6-0d6d6202ced3,TN,TN-23,county,2,land,معتمدية أوتيك,"[[""ar"", ""معتمدية أوتيك""], [""fr"", ""Délégation Utique""]]",True,True,9.822665214538574,36.91440200805664,10.220285415649414,37.15430450439453,948f3e57-efb0-4184-a4cc-52dfa0ca7bc3
67ffad71-be5c-4336-a1dd-e0f6513427f8,TN,TN-34,locality,,land,حمام بياضة الجنوبية,"[[""ar"", ""حمام بياضة الجنوبية""], [""fr"", ""Hammam Biadha Sud""]]",True,True,8.963147163391113,36.338680267333984,9.116201400756836,36.43247604370117,e13fafe3-71b9-4a6d-9466-6f246f018df0
3c9a7ad2-66c7-4a27-81fc-a60b8f3ddb45,TN,TN-11,locality,,land,العقبة,"[[""ar"", ""العقبة""], [""fr"", ""El Agba""]]",True,True,10.091089248657227,36.788639068603516,10.1056547164917,36.80202102661133,ed1e65f6-fe9e-466a-b7ec-af93ec072720
68a22344-5044-4288-885c-bb283bb431c3,TN,TN-23,locality,,land,جرزونة الغربية,"[[""ar"", ""جرزونة الغربية""], [""fr"", ""Jarzouna Ouest""]]",True,True,9.868054389953613,37.25331497192383,9.879487991333008,37.26014709472656,9e9d077d-4b5f-4f40-b4f5-f292b42b6e06
66ab78e5-1af8-4c61-b724-f81825972829,TN,TN-34,locality,,land,الكريب الشمالية,"[[""ar"", ""الكريب الشمالية""], [""fr"", ""El Krib Nord""]]",True,True,9.074301719665527,36.304710388183594,9.149296760559082,36.36543655395508,08b50aa2-9960-49f7-aef7-13fbcd149d08
ff6abed4-6e79-4a95-b7c1-697015ffdc4d,TN,TN-31,locality,,land,سيدي فرج,"[[""ar"", ""سيدي فرج""], [""fr"", ""Sidi Fredj""]]",True,True,9.184545516967773,36.714019775390625,9.206499099731445,36.72989273071289,be5454a1-282a-4536-baa9-d58ffb56eb9e
6e4fc386-fb58-49fe-a4fc-99ad1c083e2e,TN,TN-11,locality,,land,الوردية,"[[""ar"", ""الوردية""], [""fr"", ""El Ouardia""]]",True,True,10.16907024383545,36.75920867919922,10.188612937927246,36.77184295654297,a565159e-6916-4e4a-9677-03ecdd94f59d
2c9f59fa-4d25-434b-b607-04c939d34bf4,TN,TN-31,locality,,land,المنشار,"[[""ar"", ""المنشار""], [""fr"", ""El Mounchar""]]",True,True,9.199689865112305,36.69839859008789,9.375904083251953,36.78110122680664,4a0424c6-d8c1-406c-a6b8-569fcada882a
63c86b9f-d1b8-4106-b124-c5e4596951da,TN,TN-12,locality,,land,المنزه 6,"[[""ar"", ""المنزه 6""], [""fr"", ""El Menzah 6""]]",True,True,10.154921531677246,36.84339904785156,10.1707124710083,36.853370666503906,e46a04ff-8262-487e-8349-56f7b6d02bbe
649341d0-2a0f-431f-8fe3-688dc5f4257f,TN,TN-11,locality,,land,المنزه,"[[""ar"", ""المنزه""], [""fr"", ""El Menzah""]]",True,True,10.16935920715332,36.8330192565918,10.18345832824707,36.84811019897461,78f70304-f992-46be-9da1-00e3e8ddf67d
593d9189-a5bd-4a1b-93bf-7d4a8c9e3d4e,TN,TN-31,locality,,land,المخشبية,"[[""ar"", ""المخشبية""], [""fr"", ""Mekhachbia""]]",True,True,9.218716621398926,36.61689376831055,9.348664283752441,36.73619079589844,a98e5dee-f2ed-4dd4-94a6-3ee7ef33030f
8db2840e-b598-4200-a835-2221503cf7f2,TN,TN-11,locality,,land,سوق النحاس,"[[""ar"", ""سوق النحاس""], [""fr"", ""Souk El Nhes""]]",True,True,10.167703628540039,36.798213958740234,10.172650337219238,36.801490783691406,24309cd0-9b04-427f-bbff-12aa3d73c588
c7945ee8-f997-4d19-8504-61403c16e565,TN,TN-14,locality,,land,منوبة,"[[""ar"", ""‫منوبة‬""], [""fr"", ""‫‪Manouba""], [""ur"", ""منوبہ""], [""ru"", ""Мануба""], [""en"", ""Manouba""], [""he"", ""לה מנובה""], [""fa"", ""منوبه""]]",True,True,10.076148986816406,36.80400848388672,10.101911544799805,36.82187271118164,9d30f863-3081-4a2d-9ade-a99f240dfd09
d8004b19-5cd8-4700-8835-42821d84f39c,TN,TN-31,locality,,land,وادي الزرقاء,"[[""ar"", ""وادي الزرقاء""], [""fr"", ""Oued Ezzargua""], [""en"", ""Oued Zarga""], [""de"", ""Oued Zarga""]]",True,True,9.392157554626465,36.614036560058594,9.464377403259277,36.68586349487305,5ff7f818-2140-440c-b27e-c70127da67ad
4a695604-3f21-4bb0-82bc-b7e40ba56b95,TN,TN-11,locality,,land,البحر الأزرق,"[[""en"", ""Bhar Lazreg""], [""ar"", ""البحر الأزرق""], [""fr"", ""Bhar Lazreg""], [""de"", ""Bhar Lazreg""]]",True,True,10.271404266357422,36.86399459838867,10.312413215637207,36.898441314697266,0a1f15c3-ebd7-4cef-867f-59ae6d59b587
d1c8bba0-3765-479e-a508-553baaf9132d,TN,TN-23,locality,,land,منزل جميل الغربية,"[[""ar"", ""منزل جميل الغربية""], [""fr"", ""Menjel Djemil Ouest""]]",True,True,9.877547264099121,37.224796295166016,9.92604923248291,37.249427795410156,2ee10196-8717-4bb1-a833-7f1878e09f1a
97d74299-ef8a-404a-ba10-6e45c2e47beb,TN,TN-11,locality,,land,حي الإنطلاقة,"[[""ar"", ""حي الإنطلاقة""], [""fr"", ""Cite El Intilaka""]]",True,True,10.116724014282227,36.835941314697266,10.125128746032715,36.84461212158203,e9183258-c172-4b40-9483-e81fba798961
1e7a0845-d487-4a9d-a497-6a517d40f4da,TN,TN-11,locality,,land,المنجي سليم,"[[""ar"", ""المنجي سليم""], [""fr"", ""Mongi Slim""]]",True,True,10.17502212524414,36.799163818359375,10.181318283081055,36.80610275268555,96aced35-8a4d-4bf2-9706-cd0f5365727a
a50ec05b-5e7c-453c-901d-614be1d7f327,TN,TN-12,county,2,land,معتمدية منيهلة,"[[""ar"", ""معتمدية منيهلة""], [""fr"", ""Délégation Mnihla""]]",True,True,10.074945449829102,36.83818817138672,10.14865779876709,36.88954162597656,3e4e71a7-850a-4fce-ad45-2e2f7f7c9434
36f2190f-81a2-4962-aca0-3d275eb9f5bd,TN,TN-23,locality,,land,سيدي عامر,"[[""ar"", ""سيدي عامر""], [""fr"", ""Sidi Ameur""]]",True,True,9.558786392211914,37.16730880737305,9.688371658325195,37.26374435424805,e0819034-54ee-4962-9362-4d5918921c2c
ae053bbe-749e-41c4-9e5d-5abed10ccb2a,TN,TN-23,locality,,land,الختمين,"[[""ar"", ""الختمين""], [""fr"", ""El Khetmine""]]",True,True,9.913979530334473,37.10151290893555,10.01639175415039,37.17507553100586,48926f20-1ab3-4abf-a77b-2df5e29f2a5f
f006799c-7dd1-4d56-b8fb-5423dffbc55e,TN,TN-14,region,1,land,ولاية منوبة,"[[""bs"", ""Manouba""], [""hr"", ""Manouba""], [""ar"", ""ولاية منوبة""], [""fr"", ""Gouvernorat La Manouba""], [""lv"", ""Manuba""], [""uk"", ""Мануба (вілаєт)""], [""ceb"", ""Manouba (lalawigan)""], [""pt-PT"", ""La Manouba""], [""pt"", ""Manouba (província)""], [""cs"", ""Manouba""], [""zu"", ""Manouba Governorate""], [""el"", ""Λα Μανουμπά (Κυβερνείο)""], [""it"", ""Manouba""], [""ca"", ""Governació de Manouba""], [""pt-BR"", ""Manouba""], [""vi"", ""Manouba""], [""nl"", ""Manouba (gouvernement)""], [""zh-Hans"", ""马努巴""], [""bg"", ""Мануба (област)""], [""ko"", ""마누바주""], [""et"", ""Manouba""], [""de"", ""Gouvernement Manouba""], [""cy"", ""Manouba (talaith)""], [""bjn"", ""Tunisia""], [""frr"", ""Manouba (Guwernement)""], [""be-Latn-tarask"", ""Мануба (вілает)""], [""ur"", ""منوبہ""], [""ru"", ""Мануба (вилайет)""], [""th"", ""ลามานูวบา""], [""id"", ""Kegubernuran Manouba""], [""arz"", ""ولاية منوبه""], [""sr-Latn"", ""Manuba""], [""sv"", ""Manouba (guvernement)""], [""tr"", ""Manuba ili""], [""da"", ""Manouba""], [""zh-Hant"", ""馬努巴""], [""en"", ""Manouba""], [""he"", ""מנובה""], [""sk"", ""Manouba""], [""az"", ""Manuba (vilayət)""], [""es"", ""Gobernación de Manouba""], [""sco"", ""Manouba Govrenorate""], [""be"", ""Мануба (вілает)""], [""ja"", ""マヌーバ県""], [""fi"", ""Manouba""], [""ro"", ""Guvernoratul Manouba""], [""lt"", ""Manuba""], [""no"", ""Manouba (guvernement)""], [""sl"", ""Manouba""], [""fa"", ""منوبه""], [""zh"", ""馬努巴省""], [""ms"", ""Kawasan kegabenoran Manouba""], [""hu"", ""Manouba""], [""pl"", ""Gubernatorstwo Manuba""], [""sh"", ""Manouba (vilajet)""]]",True,True,9.566258430480957,36.55297088623047,10.119171142578125,36.97166442871094,26ad70de-d61d-4276-8625-9e354d2dbd21
76e76c5d-12b4-47c2-95d4-412b52d25ce5,TN,TN-32,region,1,land,ولاية جندوبة,"[[""bs"", ""Jendouba""], [""hr"", ""Jendouba""], [""ar"", ""ولاية جندوبة""], [""fr"", ""Gouvernorat Jendouba""], [""lv"", ""Jendouba""], [""uk"", ""Джендуба (вілаєт)""], [""ceb"", ""Gouvernorat de Jendouba""], [""pt-PT"", ""Jendouba""], [""pt"", ""Jendouba (província)""], [""cs"", ""Jendouba""], [""zu"", ""Jendouba Governorate""], [""el"", ""Τζεντούμπα (Κυβερνείο)""], [""it"", ""Jendouba""], [""ca"", ""Governació de Jendouba""], [""pt-BR"", ""Jendouba""], [""vi"", ""Jendouba""], [""nl"", ""Jendouba (gouvernement)""], [""zh-Hans"", ""坚杜拜""], [""bg"", ""Жендуба (област)""], [""ko"", ""젠두바주""], [""et"", ""Jendouba""], [""de"", ""Gouvernement Jendouba""], [""cy"", ""Jendouba (talaith)""], [""frr"", ""Jendouba (Guwernement)""], [""be-Latn-tarask"", ""Джэндуба (вілает)""], [""ur"", ""ولایت جندوبہ""], [""ru"", ""Джендуба (вилайет)""], [""th"", ""เจนเดาบา""], [""id"", ""Kegubernuran Jendouba""], [""sr-Latn"", ""Jandouba""], [""sv"", ""Jendouba""], [""tr"", ""Cendube ili""], [""da"", ""Jendouba""], [""zh-Hant"", ""堅杜拜""], [""en"", ""Jendouba""], [""he"", ""מחוז ז'נדובה""], [""sk"", ""Jendouba""], [""az"", ""Cenduba (vilayət)""], [""es"", ""Gobernación de Jendouba""], [""sco"", ""Jendouba Govrenorate""], [""be"", ""Джэндуба (вілает)""], [""ja"", ""ジェンドゥーバ県""], [""ast"", ""Gobernación de Jendouba""], [""fi"", ""Jendouba (kuvernementti)""], [""ro"", ""Guvernoratul Jendouba""], [""lt"", ""Džendubos vilajetas""], [""no"", ""Jendouba (guvernement)""], [""sl"", ""Jendouba""], [""fa"", ""استان جندوبه""], [""zh"", ""堅杜拜省""], [""ms"", ""Kawasan kegabenoran Jendouba""], [""hu"", ""Jendouba""], [""pl"", ""Gubernatorstwo Dżunduba""], [""sh"", ""Jendouba (vilajet)""]]",True,True,8.153651237487793,36.34722137451172,9.076773643493652,37.00845718383789,28a38d34-cbc4-4d4b-931a-f093e6e26685
82086875-2955-4a5b-8f7e-9ae799ba1836,TN,TN-14,locality,,land,صنهاجة,"[[""ar"", ""صنهاجة""], [""fr"", ""Sanhaja""]]",True,True,9.988412857055664,36.78661346435547,10.07387924194336,36.83665466308594,a69945c4-345c-4274-ab9e-6f9469f76ede
2fd5ca82-ee2f-4c3f-8e7a-3f295fa69304,TN,TN-14,locality,,land,الحبيبية,"[[""ar"", ""الحبيبية""], [""fr"", ""El Habibia""]]",True,True,9.925601959228516,36.78044509887695,10.003826141357422,36.84138488769531,27f9be6a-8a2c-45b4-bd22-31995eac4ae5
3c2834b3-9b79-410a-9694-051074d8b93e,TN,TN-34,locality,,land,العباسي,"[[""ar"", ""العباسي""], [""fr"", ""El Abbassi""], [""en"", ""El Abbasi""]]",True,True,9.06035041809082,36.18212127685547,9.163236618041992,36.293460845947266,bd6d52b7-4cf3-4c75-9c03-7e089cab4cd9
1d9eb5c0-40fe-4a4b-a649-82134825dee6,TN,TN-13,locality,,land,سيدي مصباح,"[[""ar"", ""سيدي مصباح""], [""fr"", ""Sidi Mosbah""]]",True,True,10.233924865722656,36.73885726928711,10.244343757629395,36.7484016418457,b2f7f93f-1583-4bde-9cd0-412e64c5f0e6
323bcc37-bc9e-42e4-b998-75f295598638,TN,TN-23,locality,,land,ركب,"[[""ar"", ""ركب""], [""fr"", ""Rakb""]]",True,True,9.397258758544922,37.00571823120117,9.548526763916016,37.081199645996094,fcaa6850-f390-4b64-9284-3927b47cc223
f4bb35ea-229b-4ca8-9ff1-3bc735cb60af,TN,TN-23,county,2,land,معتمدية ماطر,"[[""ar"", ""معتمدية ماطر""], [""fr"", ""Délégation Mateur""]]",True,True,9.492952346801758,36.85591506958008,9.846870422363281,37.11418533325195,e08e1418-1367-4e68-908d-7da18ddfea3c
39b45187-1a99-4885-9340-9dcbea42aa5e,TN,TN-11,locality,,land,سيدي بومنديل,"[[""ar"", ""سيدي بومنديل""], [""fr"", ""Sidi Boumendil""]]",True,True,10.173500061035156,36.792423248291016,10.176804542541504,36.796600341796875,f1d9290a-8a5b-42ef-89e9-7e285935b964
34931dfd-4265-436c-b9da-1f66be77d58a,TN,TN-11,locality,,land,البحيرة,"[[""ar"", ""البحيرة""], [""fr"", ""El Bouhaira""]]",True,True,10.1889066696167,36.802886962890625,10.27209186553955,36.84369659423828,402eca1d-e1be-472e-88a9-05d4459ca8b9
6c2af1ac-9f55-4fc7-8e3d-fe7b1a2d9483,TN,TN-11,locality,,land,الطيب المهيري,"[[""ar"", ""الطيب المهيري""], [""fr"", ""Taieb El M'Hiri""]]",True,True,10.176226615905762,36.81516647338867,10.183880805969238,36.82270812988281,db48c4d4-0d55-4608-96b8-e3c69822fab8
f72c131c-1fd8-460d-a8de-43b770a6f5cb,TN,TN-14,locality,,land,الجديدة حشاد,"[[""ar"", ""الجديدة حشاد""], [""fr"", ""Djedaïda Hached""]]",True,True,9.860030174255371,36.839508056640625,9.998101234436035,36.89495086669922,df9c9b9a-b785-42ff-b1cd-f4168c784434
82ca4e25-3a1f-4d34-a478-481224d97c53,TN,TN-23,county,2,land,معتمدية بنزرت الجنوبية,"[[""ar"", ""معتمدية بنزرت الجنوبية""], [""fr"", ""Délégation Bizerte Sud""]]",True,True,9.474209785461426,37.16730880737305,9.859786033630371,37.34734344482422,2e0798ad-ddcd-4587-987e-e654256943ff
2a1e92af-c79c-4000-a8f9-1159c0017598,TN,TN-33,locality,,land,الطويرف,"[[""ar"", ""الطويرف""], [""fr"", ""Touiref""], [""en"", ""Touiref""], [""ru"", ""Туире""]]",True,True,8.522281646728516,36.250667572021484,8.65424919128418,36.376033782958984,0229598a-cfe2-4485-b1ac-ab6920220020
67627588-0001-408e-873d-e1cc42a17602,TN,TN-31,locality,,land,المجالس,"[[""ar"", ""المجالس""], [""fr"", ""El Mejaless""]]",True,True,9.019709587097168,36.7990837097168,9.087091445922852,36.8397102355957,f0a38585-d5be-435a-af68-9408c6e8166a
39fbc95c-03a6-4f99-a813-030c18516b62,TN,TN-11,locality,,land,الفلة,"[[""ar"", ""الفلة""], [""fr"", ""El Foula""]]",True,True,10.097689628601074,36.78917694091797,10.107735633850098,36.798831939697266,2147617f-9aeb-432c-8a81-2f72b2b09f56
145c1e3d-dc0b-4999-a26b-8a4d97501961,TN,TN-23,locality,,land,سجنان,"[[""ar"", ""سجنان""], [""fr"", ""Sejnane""], [""en"", ""Sajanan""], [""kab"", ""Sejjnan""]]",True,True,9.189949989318848,37.00315856933594,9.295522689819336,37.08743667602539,d008827e-e021-4bec-98c0-49605c4aa9dc
29d5f256-9931-4c23-91af-262120bc3a3d,TN,TN-14,locality,,land,الرياض,"[[""ar"", ""الرياض""], [""fr"", ""Er Riadh""]]",True,True,9.970647811889648,36.811038970947266,10.006596565246582,36.83991241455078,e371b936-4e91-4724-9112-d049ee786b67
957a5884-33e2-4117-80db-d39f84a3f4fd,TN,TN-23,locality,,land,حبيب حداد,"[[""ar"", ""حبيب حداد""], [""fr"", ""Habib Hadded""]]",True,True,9.848800659179688,37.27985763549805,9.867868423461914,37.29737854003906,c196a9cc-33f0-48f2-9860-1d16061085ed
9c64c070-51df-4678-b80a-467310f8e4eb,TN,TN-14,locality,,land,الدخيلة,"[[""ar"", ""الدخيلة""], [""fr"", ""Edkhila""], [""en"", ""Eddekhila""]]",True,True,9.632369995117188,36.83385467529297,9.749064445495605,36.902122497558594,a4d6a46e-4e72-4939-bfe8-f81b16be0f1e
abf1352f-fb29-4865-8e3e-fce655e3998a,TN,TN-11,county,2,land,معتمدية الوردية,"[[""ar"", ""معتمدية الوردية""], [""fr"", ""Délégation El Ouardia""]]",True,True,10.16907024383545,36.75920867919922,10.196972846984863,36.784812927246094,1e26ec02-e7bd-4b13-b683-b18b8f887b96
587323b5-e160-420f-b96e-fb7be572ac8b,TN,TN-13,locality,,land,رادس الغابة,"[[""ar"", ""رادس الغابة""], [""fr"", ""Rades Foret""]]",True,True,10.246811866760254,36.73957824707031,10.282842636108398,36.76650619506836,39395de7-bbc9-4963-8e92-0072d31ffc87
7debc287-7f8a-4a63-80fb-c7c8a65733d6,TN,TN-31,locality,,land,غياضة,"[[""ar"", ""غياضة""], [""fr"", ""Ghayadha""]]",True,True,9.121552467346191,36.901126861572266,9.20195484161377,36.970516204833984,288a6177-913c-4060-a2d0-8754484ed4fa
0d9255a1-1ff6-4029-9f83-f82b9683cbdb,TN,TN-11,county,2,land,معتمدية سيدي حسين,"[[""ar"", ""معتمدية سيدي حسين""], [""fr"", ""Délégation Sidi Hassine""]]",True,True,10.027892112731934,36.6925048828125,10.151331901550293,36.78740310668945,4a40dc53-ae16-44bc-8496-56e8ee4f904c
5520c4b6-3397-4e5a-9f27-df877999c394,TN,TN-11,locality,,land,الزرارعية,"[[""ar"", ""الزرارعية""], [""fr"", ""El Zraria""]]",True,True,10.17127513885498,36.799163818359375,10.176321029663086,36.803104400634766,07ea619c-9ab0-4589-a034-f86a5f714d81
023df410-da1e-426e-8b2e-c393cc656394,TN,TN-23,locality,,land,رأس الجبل الشمالية,"[[""ar"", ""رأس الجبل الشمالية""], [""fr"", ""Ras Jebel Nord""]]",True,True,10.079998016357422,37.196739196777344,10.165550231933594,37.23979949951172,0aed5d80-29e3-4b78-9657-9386d2ca0bac
b2e827b4-562d-4552-97ed-6480b5df0e92,TN,TN-13,locality,,land,حي ابن عرفة,"[[""ar"", ""حي ابن عرفة""], [""fr"", ""Cite Ibn Arafa""]]",True,True,10.218647956848145,36.756248474121094,10.226584434509277,36.766632080078125,bcb58a44-6b83-4306-b456-1a1ca0681de6
2e9cb99a-4415-443c-9201-7b54b5d057c1,TN,TN-23,county,2,land,معتمدية جرزونة,"[[""ar"", ""معتمدية جرزونة""], [""fr"", ""Délégation Jarzouna""]]",True,True,9.868054389953613,37.244163513183594,9.913846969604492,37.27519226074219,ea3c37fe-4f62-4359-9288-ee9dd0a69204
0448ba1a-d6fe-4b74-a266-64cba3d3619d,TN,TN-31,locality,,land,غزية,"[[""ar"", ""غزية""], [""fr"", ""Ghazia""]]",True,True,9.087089538574219,36.77778625488281,9.143780708312988,36.85554122924805,54ce2a34-8b7f-4005-8b2b-36d7433bfb60
7dd5a747-71d9-4973-bd37-5a4c23b7f825,TN,TN-11,locality,,land,المنار,"[[""ar"", ""المنار""], [""fr"", ""El Manar""]]",True,True,10.139225006103516,36.833229064941406,10.169360160827637,36.854766845703125,acde0c11-c0d3-4e43-a968-e715dce15706
5ddbac28-dd92-42b3-bd40-cec57e12e337,TN,TN-22,locality,,land,بئر مقرة,"[[""ar"", ""بئر مقرة""], [""fr"", ""Bir Magra""]]",True,True,9.7063627243042,36.28403854370117,9.848712921142578,36.38783264160156,71bf224e-300b-4958-a33c-f24ac8641af0
a180dc21-e147-4be9-bc38-0ac438df47ea,TN,TN-33,locality,,land,ولجة السدرة,"[[""ar"", ""ولجة السدرة""], [""fr"", ""Oueljet Essedra""]]",True,True,8.516695022583008,36.32286071777344,8.623679161071777,36.40663146972656,f2d0cf0b-03b8-4733-b0e6-a315a582f2e1
c4ec87b6-855c-4650-bf19-596c2dddbdfa,TN,TN-32,locality,,land,خمايرية,"[[""ar"", ""خمايرية""], [""fr"", ""Khmeyria""]]",True,True,8.538017272949219,36.69939041137695,8.663663864135742,36.80323791503906,99a9e1e6-74e4-4d66-8009-df0ea3dbc9ba
a084d6bb-191e-4dd3-8fa8-45236dc093d9,TN,TN-31,locality,,land,نفزة الغربية,"[[""ar"", ""نفزة الغربية""], [""fr"", ""Nefza Ouest""]]",True,True,9.00566577911377,36.94712829589844,9.083770751953125,37.01714324951172,b59830a5-4223-4b6d-8693-26ad697e4d2d
edd903d2-d258-4edd-9e02-85968cff43a9,TN,TN-12,county,2,land,معتمدية رواد,"[[""ar"", ""معتمدية رواد""], [""fr"", ""Délégation Raoued""]]",True,True,10.114112854003906,36.87495803833008,10.238926887512207,36.98256301879883,606f5afa-def6-4572-bdf8-dbecbea4d6df
04b001ea-6ec0-4330-8d5d-1a8ea3c14838,TN,TN-14,locality,,land,البطان,"[[""ar"", ""البطان""], [""fr"", ""El Battane""], [""en"", ""El Battan""]]",True,True,9.772433280944824,36.76746368408203,9.880252838134766,36.82911682128906,4f470c5a-5346-4b73-8b5c-56f66f27c6af
ea8d8e9c-477d-4e9a-ae51-db0081e54e15,TN,TN-31,locality,,land,خنقية الدهان,"[[""ar"", ""خنقية الدهان""], [""fr"", ""Kheniguet Ed-Dahane""]]",True,True,9.655635833740234,36.42732620239258,9.739651679992676,36.498291015625,d09c5552-2bb0-43f6-a517-f12611d01811
0d34e502-319d-4021-ad70-dbbcee392d69,TN,TN-23,locality,,land,المصيدة,"[[""ar"", ""المصيدة""], [""fr"", ""El Massida""]]",True,True,9.795733451843262,37.237152099609375,9.859786033630371,37.27329635620117,6bc255b7-d62d-4f56-ac71-ea8698a79043
1e58774d-fb41-4e26-98b9-d381ca13bcc3,TN,TN-23,locality,,land,رأس الجبل الجنوبية,"[[""ar"", ""رأس الجبل الجنوبية""], [""fr"", ""Ras Jebel Sud""]]",True,True,10.063567161560059,37.19003677368164,10.13552188873291,37.23401641845703,50f24505-f8df-4dc9-b65c-488e4f32d8a8
ee69be17-3cc2-41ed-81ff-c608d0777e3c,TN,TN-31,locality,,land,تيبار,"[[""ar"", ""تيبار""], [""fr"", ""Tibar""], [""en"", ""Thibar""]]",True,True,9.05824089050293,36.50874710083008,9.170241355895996,36.547542572021484,fe706acc-ff0a-4045-b5a6-fd8bfe11b6a3
265a97d3-48be-4c86-b1b7-515ba224a6e7,TN,TN-11,locality,,land,سيدي بو سعيد,"[[""ar"", ""سيدي بو سعيد""], [""fr"", ""Sidi Bou Said""]]",True,True,10.337848663330078,36.8639030456543,10.354809761047363,36.87984085083008,189d173a-3143-4584-9d73-26730e019636
cf763cfd-cd9b-4402-936f-de6c9390035a,TN,TN-11,locality,,land,سيدي فتح الله,"[[""ar"", ""سيدي فتح الله""], [""fr"", ""Sidi Fathallah""]]",True,True,10.203987121582031,36.75742721557617,10.215314865112305,36.76872253417969,19321dcf-74ec-4b2a-9428-54b3107587e7
b8baf243-b6e1-451d-8104-ce5afce14b4f,TN,TN-12,locality,,land,التعمير,"[[""ar"", ""التعمير 2""], [""fr"", ""Ettaamir""]]",True,True,10.199509620666504,36.864376068115234,10.220041275024414,36.8849983215332,53283603-8f33-44ec-a4ab-fc32f5d0f504
d9fd755c-b7bd-4501-b69e-8a9a77f2ca51,TN,TN-23,locality,,land,الحويض,"[[""ar"", ""الحويض""], [""fr"", ""El Houidh""]]",True,True,9.93455696105957,37.030670166015625,10.033507347106934,37.11539840698242,7abfe12b-c08c-4bcf-bf98-40f0413ae113
54f251ae-4307-4d4e-a9cf-ee5d740e52e0,TN,TN-33,locality,,land,جرادو,"[[""ar"", ""جرادو""], [""fr"", ""Djeradou""]]",True,True,8.396578788757324,36.1855583190918,8.62836742401123,36.32493591308594,87b64098-3ef4-4236-8207-f0b746cf79dd
f8444494-3e76-47a5-a4cf-a7edf819fa2d,TN,TN-31,locality,,land,مستوتة,"[[""ar"", ""مستوتة""], [""fr"", ""Mestouta""]]",True,True,9.174692153930664,36.564327239990234,9.26442813873291,36.64501190185547,b1b40be9-4e17-48f3-b739-d5d54f1e1bca
3dedf1b6-79a2-4b7e-aea0-ae0e67e529b6,TN,TN-31,macrohood,,land,حي السلامة 1,"[[""en"", ""Hay Essalema 1""], [""ar"", ""حي السلامة 1""], [""fr"", ""Hay Essalema 1""]]",True,True,9.620674133300781,36.64663314819336,9.62364387512207,36.64834213256836,115282a5-d348-4401-b49b-2d8e4e9f38a3
c9ba715d-ad4d-438b-b47c-0a8025170084,TN,TN-12,locality,,land,الياسمينة,"[[""ar"", ""الياسمينة""], [""fr"", ""El Yasmina""]]",True,True,10.182866096496582,36.848236083984375,10.202802658081055,36.859230041503906,1acf2448-8840-449f-8fc2-45cb57643998
3ef15eb1-8d5a-422f-8e2b-d07f8d589b4b,TN,TN-23,locality,,land,باش حانبة,"[[""ar"", ""باش حانبة""], [""fr"", ""Bach Hanba""]]",True,True,9.943794250488281,36.91440200805664,10.051312446594238,36.997554779052734,c22d7f17-5090-47cc-8887-4f47247b65df
989820e6-638e-431e-9b16-8dc6c2330203,TN,TN-22,locality,,land,جوقار,"[[""ar"", ""جوقار""], [""fr"", ""Jougar""]]",True,True,9.971267700195312,36.2081413269043,10.092318534851074,36.31328201293945,88ac4bc5-2a43-4d66-a5fc-bf9079df2f49
b5ba9d1d-5afb-4d6e-85f9-f4772a49f957,TN,TN-11,locality,,land,بئر عتيق,"[[""ar"", ""بئر عتيق""], [""fr"", ""Bir Atig""]]",True,True,10.146113395690918,36.81098556518555,10.15954875946045,36.82724380493164,4cda8a21-f060-400e-8406-ad1054bad268
af4dc8a1-1225-4aff-aafd-8f526ad6010d,TN,TN-31,locality,,land,حيدوس,"[[""ar"", ""حيدوس""], [""fr"", ""Hidouss""]]",True,True,9.51733112335205,36.71875,9.644279479980469,36.795570373535156,87d62136-e8cd-4fbd-b6aa-21e5457ac570
ec5acce7-cb36-4579-8938-b0254cce5349,TN,TN-32,locality,,land,الرويعي,"[[""ar"", ""الرويعي""], [""fr"", ""Errouii""]]",True,True,8.428792953491211,36.70680618286133,8.562040328979492,36.782588958740234,9c5a19b2-6f88-43ce-acbf-eba1cc8c2f9a
ed2697b4-e1e1-4306-9bc8-bfa5b56ab7c9,TN,TN-13,locality,,land,المروج 3,"[[""ar"", ""المروج 3""], [""fr"", ""El Mourouj (3)""]]",True,True,10.197737693786621,36.71628952026367,10.223801612854004,36.73745346069336,d3adab3a-1548-4a93-9793-744ed9580c1c
eaa053af-3500-4441-a066-866b3cff1ee5,TN,TN-23,locality,,land,سيدي عثمان,"[[""ar"", ""سيدي عثمان""], [""fr"", ""Sidi Othman""], [""en"", ""Sidi Othman""]]",True,True,9.822665214538574,36.94952392578125,9.926721572875977,36.995975494384766,63e2b6d0-55a3-40b8-ad85-727b3a1e3d64
e57863fc-042b-4ac1-97be-2d8c964d5446,TN,TN-31,locality,,land,الرماضنية,"[[""ar"", ""الرماضنية""], [""fr"", ""Romadhnia""]]",True,True,8.955172538757324,36.76036071777344,9.020822525024414,36.79840087890625,d6844b42-e3d0-42e4-93d3-10d6daa923b2
e15b7d7f-b2eb-4f91-b180-e847328dfd3d,TN,TN-33,locality,,land,عين مازر,"[[""ar"", ""عين مازر""], [""fr"", ""Ain Mazer""]]",True,True,8.369941711425781,36.284366607666016,8.540262222290039,36.38169860839844,ac862983-3925-4d48-948a-277237c75c31
956106b4-9086-4dad-9aed-a63b589f1756,TN,TN-12,locality,,land,قنطرة بنزرت,"[[""ar"", ""قنطرة بنزرت""], [""fr"", ""Pont de Bizerte""], [""en"", ""Kantarat Benzart""]]",True,True,10.030951499938965,36.956459045410156,10.11294174194336,37.026187896728516,f86d43a3-9d97-4f72-b0ac-4365a69b1ed3
b77bafe8-50b2-4e97-a787-b3a0d2b6a23e,TN,TN-13,locality,,land,البساتين,"[[""ar"", ""البساتين""], [""fr"", ""El Bassatine""]]",True,True,10.27411937713623,36.71554946899414,10.316527366638184,36.740882873535156,d1fa55e1-bf1f-42a5-a406-6d86d8e757e5
82c745be-3445-40fe-9530-48c6f90d34f8,TN,TN-33,locality,,land,ملاق,"[[""en"", ""Mallaq""], [""ar"", ""ملاق""], [""fr"", ""Mellegue""], [""de"", ""Mallaq""]]",True,True,8.700231552124023,36.30207824707031,8.772917747497559,36.3545036315918,22a67ce9-0692-4f28-8a11-b4bc947c72b9
651d5f07-fc8e-4f22-8506-2fe8cd514026,TN,TN-22,locality,,land,جرادو,"[[""ar"", ""جرادو""], [""fr"", ""Jeradou""], [""en"", ""Jeradou""]]",True,True,10.2775297164917,36.21207809448242,10.390886306762695,36.3133430480957,02f4729b-aa28-42ac-802a-677e4c3ede9f
64dade91-9ff7-4ec4-a26f-dcc128b2fa52,TN,TN-23,county,2,land,معتمدية بنزرت الشمالية,"[[""ar"", ""معتمدية بنزرت الشمالية""], [""fr"", ""Délégation Bizerte Nord""], [""es"", ""Delegación de Bizerta Norte""]]",True,True,8.89859390258789,37.26350784301758,9.890826225280762,37.54226303100586,63a9ee5c-c709-4676-a956-0724d7c8632d
fca1ba57-c587-4bfe-9235-38d67cbde3f3,TN,TN-23,locality,,land,المبطوح,"[[""ar"", ""المبطوح""], [""fr"", ""El Mabtouh""], [""en"", ""El Mabtouh""]]",True,True,9.87838077545166,36.91463851928711,10.056053161621094,37.04384231567383,5fdfc56b-a2a6-432e-a061-6ba7c2f2db97
fabcc50b-955d-4fe3-b461-c6082653399a,TN,TN-32,locality,,land,الدير,"[[""ar"", ""الدير""], [""fr"", ""Eddir""]]",True,True,8.515616416931152,36.54218673706055,8.590903282165527,36.610870361328125,8ef9a466-811c-4210-9cc6-92b555c491a5
4cf42be7-ab7e-48fd-a2d3-af3cba573dea,TN,TN-12,locality,,land,النصر,"[[""ar"", ""النصر 1""], [""fr"", ""Ennasr""]]",True,True,10.106542587280273,36.83818817138672,10.117115020751953,36.84621047973633,49adefd3-c13a-4d92-831a-a4d343c69b86
79094a3c-3477-4df5-9359-0b247189f0bb,TN,TN-11,county,2,land,معتمدية حي الخضراء,"[[""ar"", ""معتمدية حي الخضراء""], [""fr"", ""Délégation Cité El Khadra""]]",True,True,10.178430557250977,36.802886962890625,10.27209186553955,36.87129211425781,5b9530ed-03cf-4961-bac4-365f872378af
0752cf9c-08d8-4d66-b7d3-2f5a790fb8d8,TN,TN-11,locality,,land,غدير القلة,"[[""ar"", ""غدير القلة""], [""fr"", ""Ghedir El Golla""]]",True,True,10.003788948059082,36.76190185546875,10.086405754089355,36.799583435058594,e57c2a7b-8f51-478d-a8b3-752b8fa0e8f1
1c754453-7523-4944-9914-738082f0721d,TN,TN-14,locality,,land,حميم,"[[""ar"", ""حميم""], [""fr"", ""Hmaïema""]]",True,True,9.980628967285156,36.62265396118164,10.09337043762207,36.726905822753906,8bf34e57-32e5-4fa8-8fb5-28799184b85e
50706e75-d8cd-437c-ab8e-af068339d383,TN,TN-11,locality,,land,الحديقة,"[[""ar"", ""الحديقة""], [""fr"", ""El Hadika""]]",True,True,10.136752128601074,36.80137634277344,10.149486541748047,36.806453704833984,ffb48626-c41c-435f-900e-c40b56648e65
7d1919c0-744c-466d-bd36-45f467b86708,TN,TN-32,locality,,land,النور,"[[""ar"", ""النور""], [""fr"", ""Ennour""]]",True,True,8.77676773071289,36.501705169677734,8.795266151428223,36.51546096801758,054e043a-0a39-4e1e-8c4c-880e2463613e
62c0ab6a-4e46-4d9c-8093-2bf14eae6a3c,TN,TN-13,locality,,land,المدينة الجديدة 1,"[[""ar"", ""المدينة الجديدة 1""], [""fr"", ""La Nouvelle Medina(1)""]]",True,True,10.242865562438965,36.74650955200195,10.25160026550293,36.755516052246094,52cce0f8-31b4-49dd-9aa2-0f5c23c98526
46a4909e-319a-4e00-bc1f-bd360e429221,TN,TN-13,county,2,land,معتمدية فوشانة,"[[""ar"", ""معتمدية فوشانة""], [""fr"", ""Délégation Fouchana""]]",True,True,10.131040573120117,36.65129852294922,10.250504493713379,36.73601531982422,cd509e7b-22fd-48dd-82e5-9605aa340e7c
2d086427-2a41-41f1-a59e-27be1b8d8b8b,TN,TN-11,locality,,land,قصر سعيد,"[[""ar"", ""قصر سعيد""], [""fr"", ""Ksar-Said""]]",True,True,10.11970043182373,36.80753707885742,10.13560676574707,36.81764221191406,fb794db5-474d-4d74-824a-61f2232c9252
aba1a810-b91a-4b56-bede-ea3ee6906d7d,TN,TN-22,locality,,land,بوشة,"[[""ar"", ""بوشة""], [""fr"", ""Boucha""]]",True,True,9.732932090759277,36.44240188598633,9.879079818725586,36.570159912109375,edc33052-1f12-487f-94f3-fcb0233ff0b5
7e399c80-9ab9-4eea-9b52-d69ed188e4c0,TN,TN-32,locality,,land,بني مطير,"[[""ar"", ""بني مطير""], [""fr"", ""Bni Mtir""], [""en"", ""Bani Matir""], [""de"", ""Bani Matir""]]",True,True,8.678781509399414,36.7148323059082,8.741793632507324,36.74702072143555,75e62a09-b8f5-4dad-83ef-d0e3931b0b90
7f2c3eba-9336-4ceb-80b5-25e9ce1f9407,TN,TN-12,locality,,land,سيدي عمر بو خطيوة,"[[""ar"", ""سيدي عمر بو خطيوة""], [""fr"", ""Sidi Bou Khtiwa""]]",True,True,10.143527030944824,36.90900421142578,10.180351257324219,36.972293853759766,c8bf6bfa-4def-4126-8fb0-313bee39361f
5e3a62e1-f6a5-409c-84be-aa8f54803431,TN,TN-11,locality,,land,الزهور الخامس,"[[""ar"", ""الزهور الخامس""], [""fr"", ""Ezzouhour V""]]",True,True,10.098142623901367,36.78382873535156,10.110983848571777,36.7929801940918,21d0c946-ac8f-46db-9590-d69f4684a86b
b789ae2e-a45e-4b63-b50a-9372db98d50a,TN,TN-11,locality,,land,العقبة العليا,"[[""ar"", ""العقبة العليا""], [""fr"", ""El Agba Superieur""]]",True,True,10.081266403198242,36.77449417114258,10.101645469665527,36.80141830444336,10ac4e2a-6dbb-46b4-b20a-bc41da57dad4
246a5d0b-ac90-40c0-b902-9706197e2867,TN,TN-11,locality,,land,فرحات حشاد,"[[""ar"", ""فرحات حشاد""], [""fr"", ""Farhat Hached""]]",True,True,10.17041015625,36.77451705932617,10.183317184448242,36.785736083984375,ec7c0667-c5b3-4dfb-9451-5eaae9d49962
040a7992-c758-44a2-9497-31b993dcf498,TN,TN-11,locality,,land,الزاوية البكرية,"[[""ar"", ""الزاوية البكرية""], [""fr"", ""Zaouiet El Bekria""]]",True,True,10.159064292907715,36.8068962097168,10.164074897766113,36.809810638427734,8f315ca2-ff10-4374-834e-959b99503b9e
db735d69-a6ec-4189-84e6-27e76764f72b,TN,TN-23,locality,,land,صونين,"[[""ar"", ""صونين""], [""fr"", ""Sounine""], [""en"", ""Sounine""]]",True,True,10.135890007019043,37.19264221191406,10.193211555480957,37.2166633605957,29fa2ed2-a8ce-45f5-ad01-518189add871
5bccb9e2-56f0-4b20-85db-67f23b023d31,TN,TN-23,locality,,land,أوتيك الجديدة,"[[""ar"", ""أوتيك الجديدة""], [""fr"", ""Nouvelle Utique""], [""en"", ""Utique El Jadida""]]",True,True,10.04615592956543,37.076663970947266,10.220285415649414,37.15430450439453,156c497f-618c-4621-ab75-aebc21f14db8
8e3cc90d-3127-48ef-98e2-d6a5fcbcb43e,TN,TN-11,locality,,land,الأفران,"[[""ar"", ""الأفران""], [""fr"", ""El Afrane""]]",True,True,10.190363883972168,36.7675666809082,10.2028226852417,36.77947235107422,3da56052-6d47-4e20-9777-89dcce6e838e
e9846177-2585-4f45-b45a-1bc8434565b9,TN,TN-11,locality,,land,حي بن خلدون السادس,"[[""ar"", ""حي بن خلدون السادس""], [""fr"", ""Cite Ibn Khaldoun Vi""]]",True,True,10.121471405029297,36.833763122558594,10.129000663757324,36.83824157714844,17c67fa8-4160-40c2-baf7-974f560ef3ee
88424a26-0de4-4cfd-ae77-d10ca1f02488,TN,TN-22,locality,,land,جبل الوسط,"[[""ar"", ""جبل الوسط""], [""fr"", ""Jbel Oust""], [""en"", ""Djebel Oust""]]",True,True,9.974530220031738,36.49713897705078,10.147662162780762,36.63816452026367,d6e113bd-6012-43a0-9cc0-5121d0e68953
1e09e226-4228-4ca4-81f9-224d2a6d8a48,TN,TN-34,county,2,land,العروسة,"[[""ar"", ""العروسة""], [""fr"", ""Aroussa""]]",True,True,9.315301895141602,36.24388122558594,9.59486198425293,36.46384048461914,7e13d0b6-abd0-41f0-af6d-cd0e0589724d
47e395db-c71a-4ab5-b44c-f463d48cfcfc,TN,TN-11,locality,,land,باب سويقة,"[[""ar"", ""باب سويقة""], [""fr"", ""Bab Souika""]]",True,True,10.167320251464844,36.805198669433594,10.17138385772705,36.808837890625,233f9468-5808-41b1-a1ee-99a105a8c034
aed6d6d9-99ba-446c-91b8-c24414b43adb,TN,TN-23,locality,,land,رواحة,"[[""ar"", ""رواحة""], [""fr"", ""Rouaha""]]",True,True,9.243979454040527,36.87138366699219,9.362577438354492,36.94330596923828,9fba8e2d-4b6a-42d8-b918-cc36bbb6b393
55d93324-bef2-4b68-bf4f-a44e17089e08,TN,TN-31,locality,,land,الغيرية,"[[""ar"", ""الغيرية""], [""fr"", ""El Ghriria""]]",True,True,9.063579559326172,36.686527252197266,9.162210464477539,36.7496337890625,f624ecbd-0bf0-455f-9558-5d1936d1523f
921845a4-e101-47cf-95ee-98f7cc0dc4ab,TN,TN-12,locality,,land,شرفش,"[[""ar"", ""شرفش""], [""fr"", ""Chorfech""]]",True,True,10.006144523620605,36.91257095336914,10.087690353393555,36.984928131103516,9a1febd1-4e68-4636-b849-cd0799e63168
a8443937-b3ee-4665-b09d-004c5a1f459d,TN,TN-14,locality,,land,الأنصارين,"[[""ar"", ""الأنصارين""], [""fr"", ""El Ansarine""]]",True,True,9.624698638916016,36.78076934814453,9.75879955291748,36.847476959228516,69281629-2960-4db9-99fb-fdec46805f79
ceb9a0b9-852a-417f-9438-e4d87eaf0609,TN,TN-34,locality,,land,سيدي عبد النور,"[[""ar"", ""سيدي عبد النور""], [""fr"", ""Sidi Abdennour""]]",True,True,9.52290153503418,36.225860595703125,9.636698722839355,36.354278564453125,4796ba05-7c4f-42d5-9979-ee4d7b167890
f8548888-958a-4c3d-ba21-aa47b64faca1,TN,TN-22,locality,,land,الدروع,"[[""ar"", ""الدروع""], [""fr"", ""Eddroua""]]",True,True,9.677268028259277,36.186580657958984,9.870119094848633,36.2819709777832,2debbc0a-4878-47ca-9faa-272727a77a4d
fe71af26-9613-49cc-a58c-bb43ad048b91,TN,TN-34,locality,,land,الكريب الجنوبية,"[[""ar"", ""الكريب الجنوبية""], [""fr"", ""El Krib Sud""]]",True,True,9.090189933776855,36.25519561767578,9.240072250366211,36.34369659423828,c66e2923-59ca-4e34-b546-78f267c71266
250c2d38-bbd8-4d9d-aa2e-90f1b803ed26,TN,TN-31,region,1,land,ولاية باجة,"[[""bs"", ""Béja""], [""hr"", ""Béja""], [""ka"", ""ბეჯის ვილაიეთი""], [""ar"", ""ولاية باجة""], [""fr"", ""Gouvernorat Béja""], [""lv"", ""Beža""], [""uk"", ""Беджа (вілаєт)""], [""ceb"", ""Gouvernorat de Béja""], [""pt-PT"", ""Béja""], [""pt"", ""Béja (província)""], [""cs"", ""Béja""], [""zu"", ""Béja Governorate""], [""el"", ""Μπετζά (Κυβερνείο)""], [""it"", ""Béja""], [""ca"", ""Governació de Béja""], [""pt-BR"", ""Béja""], [""vi"", ""Béja""], [""nl"", ""Béja (gouvernement)""], [""zh-Hans"", ""巴杰""], [""bg"", ""Бежа (област)""], [""ko"", ""베자주""], [""et"", ""Béja""], [""de"", ""Gouvernement Beja""], [""cy"", ""Béja (talaith)""], [""azb"", ""باجه""], [""frr"", ""Béja (Guwernement)""], [""be-Latn-tarask"", ""Бэджа (вілает)""], [""ur"", ""باجہ""], [""ru"", ""Беджа (вилайет)""], [""th"", ""เบจา""], [""id"", ""Kegubernuran Béja""], [""sr-Latn"", ""Beža""], [""sv"", ""Béja""], [""tr"", ""Bace ili""], [""da"", ""Béja""], [""zh-Hant"", ""貝雅""], [""en"", ""Béja""], [""he"", ""בז'ה""], [""sk"", ""Béja""], [""az"", ""Beca (vilayət)""], [""es"", ""Gobernación de Béja""], [""sco"", ""Béja Govrenorate""], [""be"", ""Беджа (вілает)""], [""ja"", ""ベジャ県""], [""fi"", ""Béja (kuvernoraatti)""], [""ro"", ""Guvernoratul Béja""], [""lt"", ""Badžos vilajetas""], [""no"", ""Béja (guvernement)""], [""sl"", ""Béja""], [""fa"", ""باجه""], [""zh"", ""巴傑省""], [""ms"", ""Kawasan kegabenoran Béja""], [""hu"", ""Béja kormányzóság""], [""pl"", ""Gubernatorstwo Badża""], [""sh"", ""Béja (vilajet)""]]",True,True,8.884785652160645,36.335445404052734,9.864133834838867,37.157108306884766,6ff090aa-5292-4635-9753-dd4985b8cb28
7eceed16-1299-4ceb-b725-77cd1ad1de9f,TN,TN-13,locality,,land,القنة,"[[""ar"", ""القنة""], [""fr"", ""El Gounna""]]",True,True,10.150264739990234,36.54133987426758,10.23826789855957,36.58548355102539,ab41f90e-722d-44fc-a8ad-9ed352293a41
799e793a-7e62-4dad-a80a-bd57903a0411,TN,TN-11,locality,,land,القرجومة,"[[""ar"", ""القرجومة""], [""fr"", ""El Garjouma""]]",True,True,10.191431999206543,36.76231002807617,10.203255653381348,36.76953125,3ec69704-603a-4cee-8104-cdd4ca658266
770c908e-83f7-4c51-8c73-8d3995d68052,TN,TN-31,locality,,land,عين الكرمة,"[[""ar"", ""عين الكرمة""], [""fr"", ""Ain El Karma""]]",True,True,9.20589828491211,36.45806884765625,9.284600257873535,36.47812271118164,f8fea9c7-3840-4f34-946d-a5d5a2ed2713
514893b5-5846-44bf-90a4-003ad1477854,TN,TN-32,county,2,land,معتمدية جندوبة الشمالية,"[[""ar"", ""معتمدية جندوبة الشمالية""], [""fr"", ""Délégation Jendouba Nord""]]",True,True,8.515616416931152,36.45278549194336,8.875662803649902,36.61897277832031,1e49535c-b012-4d4b-8a4c-e48e694546d7
80e59dc8-26a5-472e-b267-92aa3ecfe843,TN,TN-23,locality,,land,النجاح 2,"[[""ar"", ""النجاح 2""], [""fr"", ""Ennajah 2""]]",True,True,9.769573211669922,37.13023376464844,9.791474342346191,37.15570831298828,b782382d-ee64-4777-a956-01cf2c6e58a9
bd76a321-60a8-4a1a-b6c4-903484b40709,TN,TN-11,locality,,land,قصر البرطال,"[[""ar"", ""قصر البرطال""], [""fr"", ""Ksar El Bortal""]]",True,True,10.11684513092041,36.80850601196289,10.125457763671875,36.82192611694336,5ebfc444-52ef-4f9d-9bcc-8e5bdc836e2f
de1c7aa9-d915-46dc-89f6-e614f95df024,TN,TN-23,locality,,land,الحبيب بو قطفة,"[[""ar"", ""الحبيب بو قطفة""], [""fr"", ""El Habib Bou Katfa""]]",True,True,9.859587669372559,37.26753234863281,9.87055492401123,37.27836227416992,9a065082-b9c0-4055-9c34-5d5b41620b2a
188ed765-cc4b-4f54-bc9a-8f5af5769d35,TN,TN-23,region,1,land,ولاية بنزرت,"[[""bs"", ""Bizerte""], [""hr"", ""Bizerte""], [""ka"", ""ბიზერტის ვილაიეთი""], [""ar"", ""ولاية بنزرت""], [""fr"", ""Gouvernorat Bizerte""], [""lv"", ""Bizerte""], [""uk"", ""Бізерта (вілаєт)""], [""ceb"", ""Gouvernorat de Bizerte""], [""pt-PT"", ""Bizerte""], [""pt"", ""Bizerta (província)""], [""cs"", ""Bizerte""], [""zu"", ""Bizerte Governorate""], [""el"", ""Μπιζέρτα (Κυβερνείο)""], [""it"", ""Biserta""], [""ca"", ""Governació de Bizerta""], [""pt-BR"", ""Bizerta""], [""vi"", ""Bizerte""], [""nl"", ""Bizerte (gouvernement)""], [""zh-Hans"", ""比塞大""], [""bg"", ""Бизерта (област)""], [""ko"", ""비제르테주""], [""et"", ""Bizerte""], [""de"", ""Binzart""], [""cy"", ""Bizerte (talaith)""], [""azb"", ""بنزرت""], [""frr"", ""Bizerte (Guwernement)""], [""be-Latn-tarask"", ""Бізэрта (вілает)""], [""ur"", ""بنزرت""], [""ru"", ""Бизерта (вилайет)""], [""th"", ""บิเสิท""], [""id"", ""Kegubernuran Bizerte""], [""pnb"", ""بنزرت""], [""sr-Latn"", ""Bizerta""], [""sv"", ""Bizerte (guvernement)""], [""tr"", ""Bizerte (vilayet)""], [""da"", ""Bizerte""], [""zh-Hant"", ""比塞大""], [""en"", ""Bizerte""], [""he"", ""ביזרטה""], [""sk"", ""Bizerte""], [""az"", ""Bizerta (vilayət)""], [""es"", ""Gobernación de Bizerta""], [""sco"", ""Bizerte Govrenorate""], [""be"", ""Бізерта (вілает)""], [""ja"", ""ビゼルト県""], [""fi"", ""Bizerte (kuvernementti)""], [""ro"", ""Guvernoratul Bizerte""], [""lt"", ""Bizertos vilajetas""], [""no"", ""Bizerte (guvernement)""], [""sl"", ""Bizerte""], [""fa"", ""بنزرت""], [""zh"", ""比塞大省""], [""ms"", ""Kawasan kegabenoran Bizerte""], [""hu"", ""Bizerte kormányzóság""], [""pl"", ""Gubernatorstwo Bizerta""], [""ks"", ""بنزرت""], [""sh"", ""Bizerta (vilajet)""]]",True,True,8.868779182434082,36.7234001159668,10.330927848815918,37.56095504760742,fde44236-0342-4e44-8336-259549104847
bf12fe42-91ea-4246-b7a0-62d337e8eb5f,TN,TN-11,locality,,land,المرسى مدينة,"[[""ar"", ""المرسى مدينة""], [""fr"", ""La Marsa Medina""]]",True,True,10.31158447265625,36.8734130859375,10.328791618347168,36.88755798339844,16ddc7ad-29ff-4804-ac3d-252b4b3a7caa
d45fb764-7db4-47e0-aaa7-7e6b1a26cb0e,TN,TN-12,locality,,land,سبالة بن عمار,"[[""ar"", ""سبالة بن عمار""], [""fr"", ""Cebalet Ben Ammar""]]",True,True,10.053271293640137,36.87030029296875,10.117192268371582,36.95051574707031,324c5f20-550c-47a4-9d20-6c9e7c23cbb0
573b386f-4b4c-4491-9e92-daa872a49714,TN,TN-11,locality,,land,باب البحر,"[[""ar"", ""باب البحر""], [""fr"", ""Bab El Bhar""]]",True,True,10.175518989562988,36.78856658935547,10.183064460754395,36.79973220825195,9272fd0e-b375-4bd1-a3da-571a682bc07e
cd19b72c-6321-4c9b-8827-90b4c631dee3,TN,TN-12,locality,,land,قلعة الأندلس الغربية,"[[""ar"", ""قلعة الأندلس الغربية""], [""fr"", ""Kalaat El Andalous Ouest""]]",True,True,10.073922157287598,37.01934814453125,10.13944149017334,37.095977783203125,eb0ce2d8-c246-4413-88c8-4c0aa1253ccb
5f13eefe-5015-499e-b591-618a5459e7b0,TN,TN-11,locality,,land,حي بن خلدون الأول,"[[""ar"", ""حي بن خلدون الأول""], [""fr"", ""Cite Ibn Khaldoun I""]]",True,True,10.135903358459473,36.82453918457031,10.14611530303955,36.83152770996094,62b07e79-0822-41be-8907-9569b1d3ca01
4c22ea94-ed9d-4dbc-8986-adacf99a9b66,TN,TN-22,locality,,land,صواف الشرقية,"[[""ar"", ""صواف الشرقية""], [""fr"", ""Saouaf Est""]]",True,True,10.103407859802246,36.207271575927734,10.227842330932617,36.295101165771484,cb882b8c-2d8b-4888-937e-3086d410d6c5
ec96d37d-e8a1-4308-8591-56865ee1921c,TN,TN-31,locality,,land,مقطع حديد,"[[""ar"", ""مقطع حديد""], [""fr"", ""Maktaa Hadid""]]",True,True,8.919466018676758,37.01327896118164,9.050468444824219,37.09152603149414,a8de363c-90a7-4323-baa1-b6fa13921b18
916ebdcd-07fa-4dc5-b8c2-70d9ddb28ea0,TN,TN-32,locality,,land,الزهور,"[[""ar"", ""الزهور""], [""fr"", ""Ezzouhour""]]",True,True,8.797971725463867,36.53028106689453,8.875662803649902,36.61897277832031,f1313ee2-c8c3-44d0-813a-a487ee8094bf
d695d24f-8a36-4892-b20c-92aeb56b7fcc,TN,TN-11,locality,,land,حي الخضراء,"[[""ar"", ""حي الخضراء""], [""fr"", ""Cite El Khadra""]]",True,True,10.189323425292969,36.82865905761719,10.196013450622559,36.835693359375,3676042b-df5b-4e66-b511-d92b36bf9aa3
eeb69014-2450-441e-a14b-074852220afb,TN,TN-33,locality,,land,ملالة,"[[""ar"", ""ملالة""], [""fr"", ""Mellala""]]",True,True,8.606496810913086,36.2853889465332,8.707517623901367,36.41922378540039,92d8cb32-2932-4f80-bfca-4cf2f1a371cf
a1cc8ef4-9b00-45e9-a9b6-ee67c9982968,TN,TN-22,county,2,land,معتمدية زغوان,"[[""ar"", ""معتمدية زغوان""], [""fr"", ""Délégation Zaghouan""]]",True,True,10.000934600830078,36.30292510986328,10.377250671386719,36.51913833618164,19d9920d-9189-4835-852e-ff0073a09ea6
034e120a-bf65-4b49-a19f-b01a2effebd4,TN,TN-31,locality,,land,فدان السوق,"[[""ar"", ""فدان السوق""], [""fr"", ""Fadden Es-Souk""]]",True,True,9.252833366394043,36.37282943725586,9.362166404724121,36.45339584350586,ea13a864-0a98-494d-9f90-9ac95e0bd7c9
3e1ef27f-79cc-44fd-928d-3e794240ef46,TN,TN-22,locality,,land,زغوان المدينة,"[[""ar"", ""زغوان المدينة""], [""fr"", ""Zaghouan Ville""]]",True,True,10.130289077758789,36.38829040527344,10.151538848876953,36.40689468383789,5e845cee-b30d-424b-9d01-cd72473ef68d
199caf3b-9ca4-471e-aa7c-64a75cc829d4,TN,TN-13,locality,,land,مقرين الرياض,"[[""ar"", ""مقرين الرياض""], [""fr"", ""Megrine Riadh""]]",True,True,10.2097806930542,36.763954162597656,10.231488227844238,36.77692413330078,d907ee0d-ed68-4f7a-b275-ffa6393f5a13
c9c1bb71-a5e2-44ea-8c12-f947f8cd140a,TN,TN-23,locality,,land,العزيب,"[[""ar"", ""العزيب""], [""fr"", ""El Azib""], [""en"", ""Azib""]]",True,True,9.919523239135742,37.1507453918457,9.99030590057373,37.22467041015625,3bad5ffe-2688-467b-a015-291574c065ef
288e96e8-4a67-4a56-b9d7-db1f1b5dda67,TN,TN-11,locality,,land,حي الحدائق,"[[""ar"", ""حي الحدائق""], [""fr"", ""Cite Jardin""]]",True,True,10.178430557250977,36.819862365722656,10.191089630126953,36.83302688598633,8a01d93f-3087-48c5-aa5c-9c31b6388c1c
c52362d7-5ec6-40b5-b1aa-b7d5475c8f8a,TN,TN-14,locality,,land,برج النور,"[[""ar"", ""برج النور""], [""fr"", ""Borj Ennour""], [""en"", ""Borj Ennour""]]",True,True,9.768488883972168,36.635108947753906,9.839967727661133,36.74762725830078,38d755f6-3a06-4753-91a6-0af55a97ce1b
b00c34df-6066-47cf-9a7f-d3acef354a5d,TN,TN-31,locality,,land,قريش الوادي,"[[""ar"", ""قريش الوادي""], [""fr"", ""Guerich El Ouedi""], [""en"", ""Qarish al Wadi""]]",True,True,9.654114723205566,36.64948654174805,9.748226165771484,36.74080276489258,ebf9a442-d16e-4070-ad29-823f7c4dbbaa
05ed1aaf-f65c-4acf-9a0b-b03e4e818655,TN,TN-14,locality,,land,شواط,"[[""ar"", ""شواط""], [""fr"", ""Chaouat""], [""en"", ""Chaouet""]]",True,True,9.850641250610352,36.85325241088867,10.01120376586914,36.957916259765625,8bf068ca-f0c9-4f52-971b-ccfe53daa9ad
8a2ebc45-e2f6-4ec1-9ca5-d68305d32158,TN,TN-33,locality,,land,سركونة,"[[""ar"", ""سركونة""], [""fr"", ""Sarkaouna""]]",True,True,8.614029884338379,36.20683670043945,8.793130874633789,36.310890197753906,a27476f0-2a61-4ba7-8f71-8a0339cad814
04c8c132-a4ba-4923-9586-0f0808f329e6,TN,TN-13,locality,,land,المروج 5,"[[""ar"", ""المروج 5""], [""fr"", ""El Mourouj (5)""]]",True,True,10.198564529418945,36.692996978759766,10.232742309570312,36.716793060302734,a74bb93f-fc9d-4c11-8d3b-7d4d827fd8ca
d5564040-c8e9-4a17-8e0c-7c2dae0dfce1,TN,TN-31,locality,,land,قصر باردو,"[[""ar"", ""قصر باردو""], [""fr"", ""Ksar Bardo""]]",True,True,9.170162200927734,36.72856903076172,9.179466247558594,36.741661071777344,fb485ced-6fa3-40be-8ae1-cdc0b5eabb5b
af9d9029-a70b-4c72-b219-b456784a5d83,TN,TN-23,locality,,land,سيدي أحمد,"[[""ar"", ""سيدي أحمد""], [""fr"", ""Sidi Ahmed""]]",True,True,9.692205429077148,37.21885299682617,9.812347412109375,37.28799819946289,9414c50d-bc4e-4a26-aedf-9baa8b83a7e8
8942eecc-7484-49d6-a59c-65dd34ea360e,TN,TN-11,locality,,land,بيرين,"[[""ar"", ""بيرين""], [""fr"", ""Byrine""]]",True,True,10.064136505126953,36.6925048828125,10.129918098449707,36.7462272644043,4f22eadf-9e15-4814-bc23-416a2bb2d631
2d22f787-1f0f-45b8-95ad-ad751298d0f8,TN,TN-32,locality,,land,بوسالم الشمالية,"[[""ar"", ""بوسالم الشمالية""], [""fr"", ""Bou Salem""], [""uk"", ""Бу Салем""], [""zu"", ""Bou Salem""], [""ca"", ""Bou Salem""], [""de"", ""Bou Salem""], [""cy"", ""Bou Salem""], [""ru"", ""Бу-Салим""], [""en"", ""Bou Salem""], [""kab"", ""Bu Salem""], [""ro"", ""Bou Salem""], [""fa"", ""بوسالم""]]",True,True,8.925911903381348,36.591068267822266,8.97508430480957,36.61817932128906,56451c5a-a131-4c6f-a186-79ec21272792
a82c8a2b-1927-4ab1-845d-8f8857fbf07a,TN,TN-31,county,2,land,معتمدية باجة الجنوبية,"[[""ar"", ""معتمدية باجة الجنوبية""], [""fr"", ""Délégation Béja Sud""]]",True,True,9.020428657531738,36.53581619262695,9.348664283752441,36.736541748046875,b2ff107f-a89f-40af-813c-ee8702548701
50bebd84-eef1-41e2-8e03-cf1f72b348e1,TN,TN-11,locality,,land,حلق الوادي الكازينو,"[[""ar"", ""حلق الوادي الكازينو""], [""fr"", ""La Goulette Casino""]]",True,True,10.302061080932617,36.81808090209961,10.314094543457031,36.82722854614258,7052eec4-7609-407c-9316-22cff450efac
76387569-20e7-4cba-b64c-623397036d9f,TN,TN-12,locality,,land,النصر2,"[[""ar"", ""النصر2""], [""fr"", ""Ennasr 2""]]",True,True,10.137938499450684,36.854888916015625,10.171689987182617,36.8790397644043,1836d254-08fa-4996-abfd-c45b8e10199a
bf484c74-a24a-41a3-a0d6-0681a346f9ac,TN,TN-11,locality,,land,السعادة,"[[""ar"", ""السعادة""], [""fr"", ""Essaada""]]",True,True,10.118887901306152,36.79304885864258,10.125306129455566,36.803749084472656,bbf9366c-1027-4342-b144-d5451176001e
06c1d5f5-2c00-4243-9b2d-0c2bc67fe3b5,TN,TN-14,county,2,land,معتمدية برج العامري,"[[""ar"", ""معتمدية برج العامري""], [""fr"", ""Délégation Borj El Amri""]]",True,True,9.768488883972168,36.58735656738281,9.928738594055176,36.76505661010742,51b0c43e-8b91-4c77-bbfe-73744c769b77
e05bd927-fcf9-48db-8b20-a1c5187edf05,TN,TN-12,locality,,land,النحلي,"[[""ar"", ""النحلي""], [""fr"", ""Ennahli""]]",True,True,10.104736328125,36.87903594970703,10.154242515563965,36.924400329589844,58ec6be0-ba8f-4b9b-8a72-642a7f86dd9d
8ba9b27c-3a27-4dd6-9c02-8f6fc1b9af5b,TN,TN-13,locality,,land,حمام الشط,"[[""ar"", ""حمام الشط""], [""fr"", ""Hammem Chatt""], [""en"", ""Hammam Chott""], [""he"", ""חמאם שוט""], [""fa"", ""حمام شط""]]",True,True,10.355703353881836,36.70881652832031,10.375616073608398,36.72419357299805,e83ce00f-8694-4aa9-b3c6-210e99479a28
b69cd006-9d73-4a2f-a06a-a509553acdfc,TN,TN-14,locality,,land,البساتين,"[[""ar"", ""البساتين""], [""fr"", ""El Bassatine""]]",True,True,9.901041984558105,36.72639465332031,9.988602638244629,36.79865264892578,9c150c8b-26ca-4c24-8d28-fca74e8af49d
4fe792c6-ae9f-4d24-bd9f-f0c4b94b013d,TN,TN-13,locality,,land,المغيرة,"[[""ar"", ""المغيرة""], [""fr"", ""El Mghira""]]",True,True,10.131040573120117,36.70622634887695,10.186391830444336,36.73601531982422,5cc1d1ce-c01b-44d8-8dcc-2f66969e3252
7da7aa41-c5e7-4c4f-9e1f-5b2b678a7fd0,TN,TN-12,county,2,land,معتمدية سكرة,"[[""ar"", ""معتمدية سكرة""], [""fr"", ""Délégation Soukra""]]",True,True,10.185503005981445,36.84854507446289,10.288740158081055,36.9138298034668,d5d05354-c789-430c-b7b1-55c73978a724
d1e762b6-cd71-4ec4-ac96-b2e2f9e6fe48,TN,TN-11,locality,,land,الشرقية,"[[""ar"", ""الشرقية""], [""fr"", ""Ech-Charguia""]]",True,True,10.1998291015625,36.824668884277344,10.250263214111328,36.87129211425781,49f2860d-7c43-4708-bc6c-714e5737de69
4f67553d-00e7-4e3e-9630-28bb6a02de32,TN,TN-12,locality,,land,الحسيان,"[[""ar"", ""الحسيان""], [""fr"", ""El Hessiane""]]",True,True,10.09173583984375,36.95283889770508,10.205066680908203,37.025596618652344,329719d2-c414-4f5d-919d-df6dd035e5b9
f8907105-0ae2-42e3-82da-961751073d03,TN,TN-14,locality,,land,قصر سعيد,"[[""en"", ""Qasr Sa'id""], [""ar"", ""قصر سعيد""], [""fr"", ""Ksar - Said""], [""de"", ""Qasr Sa'id""]]",True,True,10.102991104125977,36.80562973022461,10.11834716796875,36.82743453979492,aeb33de1-8927-4efd-8ce9-585c66e274f9
4bd139af-a2cc-4398-9d44-57520af4d08c,TN,TN-11,locality,,land,بوشوشة,"[[""ar"", ""بوشوشة""], [""fr"", ""Bouchoucha""]]",True,True,10.137287139892578,36.807594299316406,10.155511856079102,36.813575744628906,0d0129dc-5e2d-41a0-8503-beb4671d1758
5979d31b-5d5e-4c3d-9a2b-3e0cdeb5052b,TN,TN-11,locality,,land,الكبارية 2,"[[""ar"", ""الكبارية 2""], [""fr"", ""El Kabaria (2)""]]",True,True,10.186574935913086,36.75546646118164,10.19189167022705,36.76264190673828,ad03dc38-b47e-46ee-80ab-6957b7fd5824
4b410404-5d53-4ae2-84b1-13fe24c5619d,TN,TN-31,locality,,land,سيدي الناصر,"[[""ar"", ""سيدي الناصر""], [""fr"", ""Sidi Nasr""], [""en"", ""Sidi Nasser""]]",True,True,9.553906440734863,36.660614013671875,9.628684043884277,36.72420120239258,d4fe414c-d6ed-4a1f-a1e4-3f467b77bd8e
c71a1cad-9686-4876-849c-f08f476a7090,TN,TN-14,locality,,land,الجديدة,"[[""ar"", ""الجديدة""], [""fr"", ""Djedaïda""]]",True,True,9.8807373046875,36.83016586303711,9.965843200683594,36.85954666137695,1cee63f2-a1ac-4d36-9226-087388dbe23c
347a6f55-34cc-4ddf-960c-c7c5592a3418,TN,TN-12,county,2,land,معتمدية قلعة الأندلس,"[[""ar"", ""معتمدية قلعة الأندلس""], [""fr"", ""Délégation Kalaat El Andalous""]]",True,True,10.030951499938965,36.87903594970703,10.214693069458008,37.11516571044922,4d576df4-da21-4a96-a7e6-fa8c2b8a40dc
eb958abe-647e-4c56-b96a-1462c33ba65b,TN,TN-22,locality,,land,وادي الخضراء,"[[""ar"", ""وادي الخضراء""], [""fr"", ""Oued El Khadhra""]]",True,True,9.922890663146973,36.291324615478516,10.016556739807129,36.40549087524414,9dbe6f9c-4c18-4984-8ba3-cba663a56572
9af3efc4-f790-4d9e-964e-3c12cfd98662,TN,TN-32,locality,,land,هذيل,"[[""ar"", ""هذيل""], [""fr"", ""Hedhil""]]",True,True,8.601664543151855,36.65275192260742,8.669869422912598,36.696197509765625,4a678ca3-8051-4a6c-b0b8-ffac9e72da3e
524b1336-1dca-423b-b33b-1782333d36a3,TN,TN-31,locality,,land,قبلاط,"[[""ar"", ""قبلاط""], [""fr"", ""Goubellat""], [""en"", ""Goubellat""]]",True,True,9.648896217346191,36.511375427246094,9.729856491088867,36.58202362060547,8b4e4fc4-2fd4-4d7f-ac3f-7984c5c1afab
86e75c09-0b2b-4ef1-9572-760a5bc94904,TN,TN-33,locality,,land,دير الكاف,"[[""ar"", ""دير الكاف""], [""fr"", ""Dyr El Kef""]]",True,True,8.711651802062988,36.16047668457031,8.851568222045898,36.26809310913086,ee5cad60-34a4-45b6-894f-9c3f411b4841
80bdc4ed-9c0b-4d2d-b639-8f3329663213,TN,TN-12,locality,,land,سكرة,"[[""ar"", ""سكرة""], [""fr"", ""Soukra""]]",True,True,10.236409187316895,36.86179733276367,10.288740158081055,36.89076614379883,f08d10f2-0d03-46c0-b2eb-d2411cfa2591
9f1cdb2b-6399-4f85-8d3a-2d182d876cee,TN,TN-13,locality,,land,سيدي سالم القارصي,"[[""ar"", ""سيدي سالم القارصي""], [""fr"", ""Sidi Salem El Garsi""]]",True,True,10.249971389770508,36.446434020996094,10.35461139678955,36.54307174682617,eb190270-26f6-4131-840a-605ec9a8ad59
8c8d9102-f320-449e-bdb0-45decc80605a,TN,TN-32,county,2,land,معتمدية بوسالم,"[[""ar"", ""معتمدية بوسالم""], [""fr"", ""Délégation Bousalem""]]",True,True,8.837620735168457,36.45326232910156,9.076773643493652,36.66250228881836,64b56dd2-06c7-4843-90b0-a920f0100013
b12931e1-25eb-4e6c-9985-9c555c577408,TN,TN-23,locality,,land,غار الملح,"[[""ar"", ""غار الملح""], [""fr"", ""Ghar El Melh""], [""en"", ""Ghar El Melh""]]",True,True,10.157021522521973,37.15005874633789,10.281172752380371,37.18552017211914,6248f222-f1a5-4514-bcc5-41926d276d28
9ec1e10e-5c93-4f58-97a4-6c7b4114207d,TN,TN-11,locality,,land,الحفصية,"[[""ar"", ""الحفصية""], [""fr"", ""El Hafsia""]]",True,True,10.167762756347656,36.80105972290039,10.173258781433105,36.805381774902344,e2ef2604-e8f3-4a76-bf7b-7a634cd141aa
7b5b8730-ed31-46a7-a832-6a1b5dc58059,TN,TN-11,locality,,land,حي هلال,"[[""ar"", ""حي هلال""], [""fr"", ""Hay Hlel""]]",True,True,10.160623550415039,36.78069305419922,10.169961929321289,36.789695739746094,18599525-500f-4ebf-a689-6c6501ea4dd9
1bf8152e-3379-4b64-8db6-655e5d84c69f,TN,TN-31,locality,,land,مغراوة,"[[""ar"", ""مغراوة""], [""fr"", ""Maghraoua""]]",True,True,8.911250114440918,36.76435089111328,8.9798002243042,36.79300308227539,ff3f88b6-d4c0-44e7-82a9-f80571969414
d16e9faf-a563-40b0-98ce-1392d64dadec,TN,TN-23,locality,,land,القرية,"[[""ar"", ""القرية""], [""fr"", ""El Garia""]]",True,True,10.008126258850098,37.2012939453125,10.066241264343262,37.23609924316406,2da2f1d4-13b2-4282-bd75-e9d4c5f4112c
c0310c07-4acd-4791-b7f8-10a0bfafe494,TN,TN-32,locality,,land,جواودة,"[[""ar"", ""جواودة""], [""fr"", ""Jouaouda""]]",True,True,8.482613563537598,36.65818405151367,8.548901557922363,36.70340347290039,27190807-3a93-45d9-b532-e3a7e297b994
45e36e25-8e3e-4a5e-adf3-5ca54e6791da,TN,TN-34,locality,,land,الخوات,"[[""ar"", ""الخوات""], [""fr"", ""Lakhwat""], [""en"", ""Lakhwat""]]",True,True,9.191935539245605,36.20798110961914,9.263497352600098,36.292362213134766,8d1292ac-0428-4d43-a0c4-0c3d928f780b
18b46578-3536-446b-b7f6-a814400b8b3f,TN,TN-12,county,2,land,معتمدية حي التضامن,"[[""ar"", ""معتمدية حي التضامن""], [""fr"", ""Délégation Cité Ettadhamen""]]",True,True,10.092636108398438,36.821956634521484,10.11793327331543,36.84538269042969,228eadba-9b07-4285-9120-caba24318e36
f8579309-6cb6-455b-ba67-6343b691c406,TN,TN-14,locality,,land,النجاة,"[[""ar"", ""النجاة""], [""fr"", ""Ennajet""]]",True,True,10.025272369384766,36.833316802978516,10.082425117492676,36.87287139892578,a410fe9d-8140-4c73-84aa-71100c907f95
c207c185-d8a7-4317-8fc6-dfce392c61c1,TN,TN-11,locality,,land,حي محمد علي,"[[""ar"", ""حي محمد علي""]]",True,True,10.30701732635498,36.846553802490234,10.315985679626465,36.8571891784668,aa3c254e-4fa0-468a-94d9-b7725b409300
16d4cfbc-388b-427b-8c36-bfd4c0e51245,TN,TN-11,locality,,land,باب سيدي عبد السلام,"[[""ar"", ""باب سيدي عبد السلام""], [""fr"", ""Bab Sidi Abdessalem""]]",True,True,10.16274356842041,36.80748748779297,10.166756629943848,36.811256408691406,e465307c-9c7a-47e6-a2eb-cb6c6a6c5258
63321c2e-69f6-4cd1-bed7-e7d7faf0928a,TN,TN-32,locality,,land,غزالة,"[[""ar"", ""غزالة""], [""fr"", ""Ghezala""]]",True,True,8.783504486083984,36.62352752685547,8.919354438781738,36.68500900268555,3b02b05d-6939-4809-9865-2a11b9734f38
f3a4373a-a5b4-4413-86f3-5a63466b04da,TN,TN-11,locality,,land,النسيم,"[[""ar"", ""النسيم""], [""fr"", ""El Nassim""]]",True,True,10.121158599853516,36.83720397949219,10.128985404968262,36.846378326416016,2545befd-c72b-4472-9621-46b5a424f1cd
f93a5aea-81ff-4764-b2de-bb484e75c87a,TN,TN-23,locality,,land,الزعرور,"[[""ar"", ""الزعرور""], [""fr"", ""Zaarour""]]",True,True,9.615156173706055,37.071956634521484,9.779397010803223,37.14289474487305,deb3d834-52fa-4839-9f4d-252dd682f5e5
0bd675cb-044d-4da0-bd6c-11a6067149d5,TN,TN-14,locality,,land,برج التومي,"[[""ar"", ""برج التومي""], [""fr"", ""Borj Ettoumi""], [""en"", ""Bordj Toumi""]]",True,True,9.616490364074707,36.71211624145508,9.79229736328125,36.80398178100586,a43a8873-5fb7-4f44-8c0f-5e4566832e91
a959b297-b4c0-497c-a7b3-a2e3048c7454,TN,TN-33,locality,,land,سيدي خيار,"[[""ar"", ""سيدي خيار""], [""fr"", ""Sidi Khiar""], [""en"", ""Sidi Khiar""]]",True,True,8.730692863464355,36.30625915527344,8.861444473266602,36.40473175048828,3969ede1-d594-4623-87cf-742579b547f2
802817e2-fd6d-4fea-8a94-54c608ca7976,TN,TN-11,locality,,land,جبل الجلود,"[[""ar"", ""جبل الجلود""], [""fr"", ""Djebel Djeloud""]]",True,True,10.200143814086914,36.76548385620117,10.207836151123047,36.77191162109375,021892df-9197-4290-8b83-dee2519aa1e3
18b17b84-6bfd-43ae-b9d1-64f2ca0b805b,TN,TN-32,locality,,land,البلدية,"[[""ar"", ""البلدية""], [""fr"", ""El Baldia""]]",True,True,8.798089027404785,36.66592025756836,8.912744522094727,36.695064544677734,310d4b15-5cd3-475b-8ab3-29b752bbdaad
0b3fb131-e7da-424d-8467-fdd4353e6e73,TN,TN-31,locality,,land,الصخيرة,"[[""ar"", ""الصخيرة""], [""fr"", ""Es-Sekhira""]]",True,True,9.392008781433105,36.56571960449219,9.474628448486328,36.63036346435547,b0a176c5-a275-41ff-88ec-a57d0504e48f
00263602-d116-440b-806f-7e67520dd32b,TN,TN-22,locality,,land,الجوف الشرقية,"[[""ar"", ""الجوف الشرقية""], [""fr"", ""El Jouf Est""]]",True,True,10.114788055419922,36.275272369384766,10.189959526062012,36.39120864868164,efeecfe5-e943-4613-952d-b93be74573fa
63238753-c2bc-458c-97c6-e284f0387ddf,TN,TN-13,locality,,land,القصيبي,"[[""ar"", ""القصيبي""], [""fr"", ""El Kessibi""]]",True,True,10.227241516113281,36.5482292175293,10.302593231201172,36.640960693359375,3bad03ab-20e6-47fe-ad33-b13de4e57fba
cc0a5585-5c44-4e3d-82df-292853743211,TN,TN-31,locality,,land,سيدي الرايس,"[[""ar"", ""سيدي الرايس""], [""fr"", ""Sidi Erraies""]]",True,True,9.5982027053833,36.576744079589844,9.689212799072266,36.65004348754883,1abedf1b-2544-49c5-ac27-5c8c07e4b4d2
b674dc2c-ba46-480b-adb5-48ea3b12fb81,TN,TN-12,locality,,land,الصور UV4,"[[""en"", ""UV4""], [""fr"", ""UV4""]]",True,True,10.166831970214844,36.843868255615234,10.167573928833008,36.84483337402344,3e22f825-3293-46c9-b54e-b0c9a76b8118
5c6c3318-d0bf-49ec-96d7-9557a27d4327,TN,TN-23,locality,,land,ماتلين,"[[""ar"", ""ماتلين""], [""fr"", ""Metline""]]",True,True,10.024953842163086,37.21514129638672,10.089341163635254,37.2689094543457,d4cd43a5-3b12-47eb-b8b6-24706edf2a90
aec9f350-f494-46e7-8041-44126234d27f,TN,TN-22,locality,,land,بنت سعيدان,"[[""ar"", ""بنت سعيدان""], [""fr"", ""Bent Saidane""], [""en"", ""Bent Saidane""]]",True,True,9.901100158691406,36.1992073059082,10.009851455688477,36.35307312011719,6888ac4c-ab5f-4a46-8957-081fa94b7fd9
3a4970c9-27d2-45ef-8a46-5c0eacd3e144,TN,TN-14,locality,,land,وادي اللیل,"[[""ar"", ""وادي اللیل‬""], [""fr"", ""Oued Ellil""], [""ru"", ""Оуед Еллил""], [""en"", ""Oued Ellil""], [""he"", ""ואדי אל-ליל""], [""fa"", ""وادی اللیل""]]",True,True,10.006834983825684,36.82293701171875,10.06607437133789,36.842864990234375,a708cfc4-8641-470f-ae51-339894252a05
ca39738c-97fe-4358-b9cf-1a52f365b7e7,TN,TN-13,locality,,land,السلام,"[[""ar"", ""السلام""], [""fr"", ""Essalem""]]",True,True,10.19941234588623,36.57155990600586,10.262688636779785,36.667842864990234,5bc5d042-c046-4218-93bd-6f56bcfa8583
5a3b3670-dafc-45b1-893d-fb1e0236818f,TN,TN-11,county,2,land,معتمدية المرسى,"[[""en"", ""Al Marsa""], [""ar"", ""معتمدية المرسى""], [""fr"", ""Délégation La Marsa""], [""de"", ""Al-Marsa""]]",True,True,10.249801635742188,36.85718536376953,10.34315013885498,36.94301986694336,92cfc504-3adc-4bf1-a5c0-078be80db032
431c84d6-3ebf-49ef-a478-379cc544d417,TN,TN-13,county,2,land,معتمدية مقرين,"[[""ar"", ""معتمدية مقرين""], [""fr"", ""Délégation Megrine""]]",True,True,10.2097806930542,36.75550842285156,10.264022827148438,36.787532806396484,095ebc9e-f578-41fb-bfb8-5661f7bbaff9
991ef229-57a5-4669-b696-204392bce95e,TN,TN-11,county,2,land,الكرم,"[[""ar"", ""الكرم""], [""fr"", ""Le Kram""]]",True,True,10.265265464782715,36.828617095947266,10.323872566223145,36.86711883544922,9e7f08f0-c297-4d32-bac0-8e0231d2c3a2
d84b4a4a-92c2-4a0b-af0a-c9c077a4fbcd,TN,TN-13,locality,,land,حمام الانف الملعب,"[[""ar"", ""حمام الانف الملعب""], [""fr"", ""Hammam Lif El Malaab""]]",True,True,10.339493751525879,36.71908950805664,10.359895706176758,36.73054504394531,fa69f333-1f10-4b15-af67-3a405383d18e
59764702-1530-47f0-8ec6-5d3383b04f21,TN,TN-33,locality,,land,بهرة,"[[""en"", ""Bahra""], [""ar"", ""بهرة""], [""fr"", ""Bahra""], [""de"", ""Bahra""]]",True,True,8.791162490844727,36.218196868896484,8.930012702941895,36.33757019042969,49de08e9-236b-4901-9d0f-44c58ac4993e
314bc26c-fb78-4d7d-b915-31c2ee957d6e,TN,TN-13,locality,,land,حي الاسكان,"[[""ar"", ""حي الاسكان""], [""fr"", ""Cite El Iskane""]]",True,True,10.214140892028809,36.73112869262695,10.232466697692871,36.7443733215332,4b0421b1-a24b-450d-8faa-1eb9e39c1e81
e7587596-121c-4131-866a-b48a12ff6ab9,TN,TN-23,locality,,land,تسكراية,"[[""ar"", ""تسكراية""], [""fr"", ""Teskraya""], [""en"", ""Teskraya""]]",True,True,9.474209785461426,37.19015121459961,9.586333274841309,37.30591583251953,f07f64b8-dde0-4185-98b2-8383cb677053
df96bf53-0ee9-4064-bb34-91b51d3673eb,TN,TN-32,locality,,land,وادي مليز الغربية,"[[""ar"", ""وادي مليز الغربية""], [""fr"", ""Oued Mliz Ouest""]]",True,True,8.483835220336914,36.39710235595703,8.54749870300293,36.4758415222168,71d4b763-f18a-4453-a026-46b87899a8f0
7118ffb1-05b0-4691-bb5b-bbc737b1ac77,TN,TN-23,neighborhood,,land,oued laassal,,True,True,9.855319023132324,37.273536682128906,9.862560272216797,37.278106689453125,4f1b3c2a-eb58-4a93-b780-025128aac31d
4e9c4c85-a741-4006-811b-f2f93d2bc0f1,TN,TN-11,county,2,land,معتمدية السيجومي,"[[""ar"", ""معتمدية السيجومي""], [""fr"", ""Délégation Essijoumi""]]",True,True,10.148175239562988,36.76932907104492,10.175714492797852,36.800254821777344,42ab6161-365e-4e6a-9efe-a3f62cda4524
450ee278-cf1d-40b5-b760-97356a750d3e,TN,TN-14,locality,,land,الدندان,"[[""ar"", ""‫الدندان‬""], [""fr"", ""Den - Den""]]",True,True,10.105173110961914,36.8022575378418,10.118896484375,36.80851364135742,0084c260-2790-433e-b570-f6ffdf000407
bd5fea43-e163-4aba-9ceb-5a4f00d25fbe,TN,TN-31,locality,,land,حمام سيالة,"[[""ar"", ""حمام سيالة""], [""fr"", ""Hammam Siala""]]",True,True,9.08237075805664,36.62834930419922,9.234711647033691,36.7265510559082,db29defb-d8a2-46b8-bc46-9fdc45dcbdb9
983fca89-042e-41d0-b8b1-d866aef7b990,TN,TN-23,county,2,land,معتمدية غار الملح,"[[""ar"", ""معتمدية غار الملح""], [""fr"", ""Délégation Ghar El Melh""]]",True,True,9.994575500488281,37.074806213378906,10.281172752380371,37.21586990356445,8c2aa3b6-7ccc-47b6-8be5-e6f835ff2f8a
b800dd84-3465-414a-9a15-7e9cf8e15622,TN,TN-31,locality,,land,كاب النيقرو,"[[""ar"", ""كاب النيقرو""], [""fr"", ""Cap Negro""]]",True,True,8.978510856628418,37.0230598449707,9.137989044189453,37.157108306884766,e7fb8c53-7664-4b69-ba58-c7042de5c66d
4401d0be-398c-4149-bff1-bdaeff0168fd,TN,TN-23,locality,,land,اولاد غانم,"[[""ar"", ""اولاد غانم""], [""fr"", ""Ouled Ghanem""]]",True,True,9.28442668914795,36.94827651977539,9.446881294250488,37.033058166503906,8e5c0d76-d3c2-4765-87ef-21bae15f1b55
ff75ab9c-5450-4fb8-be3f-1eb4a0f0b530,TN,TN-11,locality,,land,طارق بن زياد,"[[""ar"", ""طارق بن زياد""], [""fr"", ""Tarak Ibn Ziad""]]",True,True,10.107638359069824,36.78815841674805,10.119373321533203,36.797481536865234,307e397c-36aa-4744-8ff2-5373d375b15d
ae9614cd-24de-408b-9c5b-0c3ac2167624,TN,TN-32,locality,,land,المنقوش,"[[""ar"", ""المنقوش""], [""fr"", ""El Mangouche""]]",True,True,9.011856079101562,36.50480651855469,9.076773643493652,36.60612106323242,6212b78c-94ac-46b7-9081-4b8d6823b52b
9e558923-d0f6-426d-bc73-9d499ba73af8,TN,TN-11,locality,,land,رأس الطابية,"[[""ar"", ""رأس الطابية""], [""fr"", ""Ras Tabia""]]",True,True,10.138212203979492,36.81324768066406,10.154027938842773,36.82686233520508,e2418b75-2ea3-4775-a38f-71d0f9ba93ce
efa7a6ae-ff16-4567-a3ed-76a0836fe06d,TN,TN-11,locality,,land,الطيب مهيري,"[[""ar"", ""الطيب مهيري""], [""fr"", ""Taieb Mhiri""]]",True,True,10.239205360412598,36.810455322265625,10.307790756225586,36.862361907958984,29756ef9-cce3-4e8c-b9d1-07c103083b7c
30397218-10ff-41ac-829e-77a51a0cf5df,TN,TN-14,county,2,land,معتمدية منوبة,"[[""ar"", ""معتمدية منوبة‬""], [""fr"", ""Délégation Manouba‬‬""]]",True,True,10.047919273376465,36.79581832885742,10.119171142578125,36.82743453979492,98283899-f780-4038-9911-860e466257b1
d4cb8a4c-ea9a-4416-9ce6-a75f838b0b96,TN,TN-11,macrohood,,land,حدائق قرطاج,"[[""ar"", ""حدائق قرطاج""], [""fr"", ""Les Jardins de Carthage""]]",True,True,10.28811264038086,36.84737777709961,10.309300422668457,36.86210250854492,28400aa9-86a7-4e2b-80c9-18ee8d761f15
19876098-e69f-48a4-a211-fc1b4c2a5a23,TN,TN-32,locality,,land,فرنانة,"[[""en"", ""Firnana""], [""ar"", ""فرنانة""], [""fr"", ""Fernana""], [""de"", ""Firnana""]]",True,True,8.655073165893555,36.638999938964844,8.748126029968262,36.709407806396484,25915cf8-6d54-490c-8cdb-ef42ea4b4dc3
254e467a-3132-42a8-9a01-cc7d70470701,TN,TN-11,locality,,land,الكرم الغربية,"[[""ar"", ""الكرم الغربية""], [""fr"", ""Le Kram Ouest""]]",True,True,10.296346664428711,36.83722686767578,10.310137748718262,36.84444808959961,33721911-60bb-4dad-b033-1d9c7025a46e
c6ec7b52-4cf9-4865-b933-c63aac42d3e6,TN,TN-14,locality,,land,أحواز طبربة,"[[""ar"", ""أحواز طبربة""], [""fr"", ""Banlieue de Tebourba""]]",True,True,9.802912712097168,36.80830764770508,9.848435401916504,36.85392761230469,5fd26d3f-bcd4-47ab-bb0f-97ab2c07bf8f
1f1b4e2d-be9b-49d0-a9a4-e882d6b3d4fb,TN,TN-11,locality,,land,سيدي البشير,"[[""ar"", ""سيدي البشير""], [""fr"", ""Sidi El Bechir""]]",True,True,10.176006317138672,36.78131866455078,10.19080924987793,36.795047760009766,df0de835-2aae-43dd-b167-903c417abf92
56953407-5c0d-4b7a-8cc2-e8610fee4584,TN,TN-22,locality,,land,دلائل العروس,"[[""ar"", ""دلائل العروس""], [""fr"", ""Daleil El Arous""]]",True,True,9.844972610473633,36.43455505371094,9.94284725189209,36.5756721496582,5a610f39-ac85-4e0b-8427-eabaa7c51b3c
9d85a716-41de-4b44-a4c9-50a60291f592,TN,TN-14,locality,,land,حي النسيم,"[[""ar"", ""حي النسيم""], [""fr"", ""Cité Ennassim""]]",True,True,10.082056045532227,36.82573699951172,10.102472305297852,36.83453369140625,c5e40983-24b8-42d8-b16c-69279479c084
ea130225-d975-4e77-8628-6bc428d7d778,TN,TN-31,locality,,land,سيدي إسماعيل,"[[""ar"", ""سيدي إسماعيل""], [""fr"", ""Sidi Smail""], [""en"", ""Sidi Smail""]]",True,True,9.095097541809082,36.53581619262695,9.22592544555664,36.62100601196289,655f1859-ba96-4342-88db-13843e65241e
9b16f628-b656-4acc-a16b-9e86e2df6f61,TN,TN-11,locality,,land,سيدي عمر,"[[""ar"", ""سيدي عمر""], [""fr"", ""Sidi Amor""]]",True,True,10.287553787231445,36.83976745605469,10.308817863464355,36.853759765625,924c41d4-ac31-40f5-802c-c9527fab9377
4dc15f9e-39f5-4d2b-bf30-439e77503889,TN,TN-23,locality,,land,بالرايس,"[[""ar"", ""بالرايس""], [""fr"", ""Berraies""]]",True,True,9.344930648803711,36.7234001159668,9.516617774963379,36.86355209350586,aa97ccde-de52-4a82-911c-8899f517e6fc
cd6e7514-37bd-43a5-9e2a-55c3353efbb0,TN,TN-13,microhood,,land,Place des deux martyrs,,True,True,10.33629322052002,36.73128128051758,10.336573600769043,36.73150634765625,7d724574-4a71-4569-81f6-59e658ced793
6ec08cc0-82c1-4716-aa5d-3b3642f34892,TN,TN-31,locality,,land,عين سلطان,"[[""ar"", ""عين سلطان""], [""fr"", ""Ain Soltane""]]",True,True,9.125847816467285,36.760887145996094,9.214729309082031,36.86777114868164,1f7fdb3f-209f-490f-8cb6-877883c5deb3
6dfe4c0c-9c35-4ca9-b66f-39f2dfa2bd18,TN,TN-11,locality,,land,باب سعدون,"[[""ar"", ""باب سعدون""], [""fr"", ""Bab Saadoun""]]",True,True,10.15920639038086,36.80420684814453,10.165249824523926,36.80850601196289,02022734-b6a1-44e9-a825-42ae9a53dfc0
a1f1a48b-9359-45ef-bc96-df46a0477336,TN,TN-31,county,2,land,معتمدية تيبار,"[[""ar"", ""معتمدية تيبار""], [""fr"", ""Délégation Tibar""]]",True,True,9.016149520874023,36.434837341308594,9.170241355895996,36.602500915527344,60e31778-8aa6-4434-92d9-39b672353034
97efb3e1-3483-4a01-9620-b49123cefe7c,TN,TN-11,locality,,land,النجاح,"[[""ar"", ""النجاح""], [""fr"", ""En-Najah""]]",True,True,10.153084754943848,36.78832244873047,10.16325569152832,36.79888153076172,3cdd0193-bb38-43fa-9696-339d22d9af19
82031e45-dd40-4da6-bf29-8d05ab27fa08,TN,TN-32,county,2,land,معتمدية جندوبة الجنوبية,"[[""ar"", ""معتمدية جندوبة الجنوبية""], [""fr"", ""Délégation Jendouba Sud""]]",True,True,8.657501220703125,36.39262008666992,8.939878463745117,36.57685852050781,ebd11c7e-61c8-42b5-bdf5-fadbaf2a6c37
b4276421-c729-43fd-b2ea-221e771cc2ce,TN,TN-12,county,2,land,معتمدية أريانة المدينة,"[[""ar"", ""معتمدية أريانة المدينة""], [""fr"", ""Délégation Ariana Ville""]]",True,True,10.137938499450684,36.84049606323242,10.202802658081055,36.89091491699219,26438605-7f7c-4c8a-bd08-01aa882eee21
7447d980-0133-4a6f-b9c9-04c0ac8f5743,TN,TN-34,locality,,land,قعفور الشرقية,"[[""ar"", ""قعفور الشرقية""], [""fr"", ""Gaafour Est""]]",True,True,9.296943664550781,36.3156852722168,9.345098495483398,36.372833251953125,a23b93fd-c7b9-462e-9621-ef2f82188fb9
99ad1355-1e71-47dd-a733-c558f087e54a,TN,TN-11,county,2,land,معتمدية المدينة,"[[""ar"", ""معتمدية المدينة""], [""fr"", ""Délégation Médina""]]",True,True,10.161105155944824,36.79166793823242,10.176804542541504,36.805381774902344,fb79b753-3ad2-4d93-af53-b952d59638fd
b0e293c4-f335-4d9b-abba-b92dc37a95b2,TN,TN-13,county,2,land,معتمدية الزهراء,"[[""ar"", ""معتمدية الزهراء""], [""fr"", ""Délégation Ezzahra""]]",True,True,10.27961254119873,36.73305892944336,10.3261079788208,36.76206588745117,caa570b5-6876-4a0c-9dba-46bdcf5a1f31
ddc3d214-3d97-4798-a1eb-abfd67c61304,TN,TN-31,locality,,land,عزرة,"[[""ar"", ""عزرة""], [""fr"", ""Azra""]]",True,True,9.10925006866455,36.72507858276367,9.207093238830566,36.779685974121094,1c55f7d2-692d-4ee1-b746-f1bc73c0e8d1
3e476842-2403-49df-8aec-18dc0eae912b,TN,TN-31,locality,,land,الهواري,"[[""ar"", ""الهواري""], [""fr"", ""El Haouari""]]",True,True,9.177813529968262,36.7139892578125,9.1944580078125,36.722843170166016,29c3c049-3f71-43d1-8efe-781e98d41ca8
edd54b9d-93af-4a74-b41c-8acb15cb1dfe,TN,TN-11,locality,,land,جوان 01,"[[""ar"", ""جوان 01""], [""fr"", ""01 Juin""]]",True,True,10.155719757080078,36.81644821166992,10.180326461791992,36.84049987792969,f056174b-f826-4d83-882b-b900b4df450e
14b60e3b-2572-4fe8-a095-e049d467bd54,TN,TN-14,locality,,land,منزل حبيب,"[[""ar"", ""منزل حبيب""], [""fr"", ""Menzel Habib""]]",True,True,9.810072898864746,36.58735656738281,9.928738594055176,36.69757080078125,25197e68-3d69-4753-8c9c-7e304e55d512
b2e8a228-4ee4-4131-8c7d-b8ed5f71862b,TN,TN-34,locality,,land,دخانية,"[[""ar"", ""دخانية""], [""fr"", ""Dokhania""]]",True,True,9.134869575500488,36.29182434082031,9.270073890686035,36.38441467285156,403188bd-68e0-41ba-8463-38d1d63b5f00
aca831a4-9b7f-4586-aeb8-f5ff5186b92d,TN,TN-11,locality,,land,حي الطيران,"[[""ar"", ""حي الطيران""], [""fr"", ""Cite Tayarane""]]",True,True,10.138487815856934,36.790130615234375,10.148576736450195,36.79770278930664,8a0c8def-59af-4fc9-8a54-ece6b6a45d5a
6a5e11d4-f357-4e19-9c83-7527bc28fe2c,TN,TN-11,county,2,land,معتمدية التحرير,"[[""ar"", ""معتمدية التحرير""], [""fr"", ""Délégation Ettahrir""]]",True,True,10.117547988891602,36.8176383972168,10.138213157653809,36.836578369140625,cf273ba8-7062-45cc-878c-2a892c4a583e
5539b9b1-b4a1-4908-83c5-b514ac9314cc,TN,TN-22,locality,,land,سمنجة,"[[""ar"", ""سمنجة""], [""fr"", ""Smenja""], [""en"", ""Sminja""]]",True,True,9.933037757873535,36.393314361572266,10.067483901977539,36.503597259521484,8e59a45d-3c1a-4c0c-be50-9270c72c4456
ee941f83-223f-4282-af69-aad593c054fa,TN,TN-11,locality,,land,الزهروني,"[[""ar"", ""الزهروني""], [""fr"", ""Ezzahrouni""]]",True,True,10.089534759521484,36.77646255493164,10.119902610778809,36.79064178466797,9b32ca51-804b-4a6f-8778-99af35e46318
176adbce-d4fc-4c07-a757-f1e27e6eab53,TN,TN-23,locality,,land,العبابسة,"[[""ar"", ""العبابسة""], [""fr"", ""El Ababsa""]]",True,True,9.309558868408203,37.08678436279297,9.505867004394531,37.22006607055664,2b020ec0-d105-4f58-b189-9bc116ec66d9
02ded9b9-60b2-44c9-a6fa-60938bb76c3d,TN,TN-14,county,2,land,معتمدية البطان,"[[""ar"", ""معتمدية البطان""], [""fr"", ""Délégation El Battane""]]",True,True,9.616490364074707,36.71211624145508,9.880252838134766,36.82911682128906,1d0d349a-3d43-477e-805c-34a8a0dca73d
c91141c1-f906-4c70-88ce-0c68aabbb12b,TN,TN-32,locality,,land,وادي غريب,"[[""ar"", ""وادي غريب""], [""fr"", ""Oued Ghrib""], [""kab"", ""واد غريب""], [""en"", ""Oued Ghrib""]]",True,True,8.6177396774292,36.573692321777344,8.71626091003418,36.64519500732422,3c3b4d08-8474-4318-8652-08776f575271
31198937-063f-4ab3-9f84-72e8c57c313a,TN,TN-12,locality,,land,9 أفريل,"[[""ar"", ""9 أفريل""], [""fr"", ""9 Avril""]]",True,True,10.102471351623535,36.821956634521484,10.11496353149414,36.83317565917969,75838e80-acbf-4d30-9f63-4fc6bd73a84c
eea4c27c-9767-4016-927f-9ab3e0c8514a,TN,TN-32,locality,,land,وادي كساب,"[[""ar"", ""وادي كساب""], [""fr"", ""Oued Kasseb""]]",True,True,8.935853958129883,36.72078323364258,9.035298347473145,36.767738342285156,efe138c9-94e7-4f63-a4ba-8fa4fda65cfc
ed40e47c-c034-4aeb-b6ae-9385c17c55a1,TN,TN-13,locality,,land,بومهل,"[[""ar"", ""بومهل""], [""fr"", ""Bou Mhel""]]",True,True,10.29639720916748,36.69701385498047,10.320341110229492,36.732879638671875,417e0f63-6b2b-4526-8547-946d9228a568
4b97af8c-374c-4c7c-a2fc-2bb4861dea2e,TN,TN-14,locality,,land,القبعة,"[[""ar"", ""القبعة""], [""fr"", ""El Kobbâa""]]",True,True,10.049056053161621,36.8144645690918,10.075316429138184,36.8272819519043,8f4f8889-ebf4-44ae-b1a1-e374698eacd6
e89de2d3-0ca7-4123-a215-651cce9684f7,TN,TN-13,locality,,land,رادس رمادة,"[[""ar"", ""رادس رمادة""], [""fr"", ""Rades Remada""]]",True,True,10.272488594055176,36.76649856567383,10.286888122558594,36.782962799072266,11d3b375-f523-49eb-958e-b1450c305d00
79a65508-b45a-43b9-8f73-304ce28f8749,TN,TN-31,locality,,land,تبرسق المدينة,"[[""ar"", ""تبرسق المدينة""], [""fr"", ""Teboursouk Ville""]]",True,True,9.232065200805664,36.45045852661133,9.279562950134277,36.46236038208008,cf649cac-6257-4a1f-8e5b-ebe5210490d0
73a49448-3e22-4803-bbd1-2f5e3aa7ad41,TN,TN-11,locality,,land,حي الفتح,"[[""ar"", ""حي الفتح""], [""fr"", ""Cite El Fath""]]",True,True,10.197725296020508,36.74876403808594,10.212401390075684,36.76558303833008,0705f3b7-f216-4a20-9310-38dd09ccf888
78f62e6d-24ba-45a0-bd99-3247ce9df68e,TN,TN-23,locality,,land,تينجة,"[[""ar"", ""تينجة""], [""fr"", ""Tinja""]]",True,True,9.74811840057373,37.125308990478516,9.777491569519043,37.171363830566406,fc2d5292-9bba-452e-b43b-2b5ebf77c44b
f7ef529e-9357-427b-aa27-edc26923e4c7,TN,TN-32,locality,,land,ملولة,"[[""ar"", ""ملولة""], [""fr"", ""Melloula""]]",True,True,8.64207649230957,36.897308349609375,8.739741325378418,36.96875762939453,2cf2cb0c-3df4-4926-8563-f5b361ca9241
ec49a5d2-978d-48bc-81ad-fbd691fa6cb0,TN,TN-22,locality,,land,الحميرة,"[[""ar"", ""الحميرة""], [""fr"", ""El Hamira""], [""en"", ""El Hmira""]]",True,True,10.17839527130127,36.156166076660156,10.266295433044434,36.258827209472656,5c7fd02b-e9db-40bd-971f-2dcd29ddadc3
abcb527f-572c-49f2-bb67-7f71fc0f0600,TN,TN-23,locality,,land,الحشاشنة,"[[""ar"", ""الحشاشنة""], [""fr"", ""El Hchachna""], [""en"", ""El Hachechna""]]",True,True,9.227672576904297,37.082618713378906,9.339167594909668,37.17622375488281,026f31eb-f506-4e0b-a4b8-c2388feecd8c
0fbfb1e6-ab70-4b31-b3d7-836976a114ee,TN,TN-11,locality,,land,سيدي البحري,"[[""ar"", ""سيدي البحري""], [""fr"", ""Sidi El Bahri""]]",True,True,10.17350959777832,36.80556869506836,10.180304527282715,36.809837341308594,99beb095-2dd9-4d08-aedd-e7ec9a96888b
2dfea4d0-7de7-4cfd-983d-f64b5897cb5a,TN,TN-11,locality,,land,14جانفي,"[[""ar"", ""14جانفي""], [""fr"", ""14 Janvier""]]",True,True,10.095317840576172,36.75696563720703,10.11386775970459,36.773502349853516,44b95f0a-e476-4d8d-ad3e-ddb2510bfbd5
d153016f-46fc-4344-bfd9-08540b6935f4,TN,TN-23,locality,,land,مرنيصة,"[[""ar"", ""مرنيصة""], [""fr"", ""Marnissa""]]",True,True,9.649595260620117,37.27529525756836,9.770139694213867,37.34734344482422,895a3c0c-aae0-45d7-b07d-ab84c24f0c47
3ea62532-3219-4b90-84cd-930124c93585,TN,TN-12,locality,,land,البساتين,"[[""ar"", ""البساتين""], [""fr"", ""El Bassatine""]]",True,True,10.216995239257812,36.86513900756836,10.245671272277832,36.8876953125,d6eeec46-bd7a-48fe-99f9-464e582edf8b
ad488ebd-fe39-4017-b80b-cca5381c401f,TN,TN-23,locality,,land,15 أكتوبر,"[[""ar"", ""15 أكتوبر""], [""fr"", ""15 Octobre""]]",True,True,9.838635444641113,37.27825164794922,9.855764389038086,37.29246139526367,e5e7a656-b00d-4c2d-b171-124acb7018bb
0e1021e9-4f46-41a1-ad76-70142f3d2bca,TN,TN-11,locality,,land,حي الشهداء,"[[""ar"", ""حي الشهداء""], [""fr"", ""Cite Des Martyrs""]]",True,True,10.164802551269531,36.76932907104492,10.175714492797852,36.78153610229492,88b1f643-ea92-4508-8525-9c79175a0576
baf8b39c-e815-47d4-a23c-2e1d512dad71,TN,TN-12,locality,,land,ابن خلدون,"[[""ar"", ""ابن خلدون""], [""fr"", ""Ibn Khaldoun""]]",True,True,10.106879234313965,36.8337516784668,10.117223739624023,36.839908599853516,eb0d898c-20ef-41de-8db4-864a6feb4ac7
418c2430-0be4-4eaf-9b55-aae791df2668,TN,TN-12,locality,,land,البساتين,"[[""ar"", ""البساتين""], [""fr"", ""El Bassatine""]]",True,True,10.090301513671875,36.83974075317383,10.109341621398926,36.85157012939453,06eba7fc-caab-484d-89f9-16ce5c5fc25a
38c26ab9-d590-4199-8b77-9b3a808842ec,TN,TN-11,county,2,land,قرطاج,"[[""hy"", ""Կարթագեն""], [""ar"", ""قرطاج""], [""fr"", ""Carthage""], [""uk"", ""Карфаген""], [""hyw"", ""Կարթագէն""], [""el"", ""Καρχηδόνα""], [""it"", ""Cartagine""], [""de"", ""Karthago""], [""azb"", ""کارتاژ""], [""be-Latn-tarask"", ""Картаген""], [""ur"", ""قرطاجنہ""], [""arc"", ""ܩܪܬܐܓܘ""], [""ru"", ""Карфаген""], [""en"", ""Carthage""], [""syc"", ""ܩܪܬܐܓܘ""], [""es"", ""Cartago""], [""be"", ""Карфаген""], [""grc"", ""Καρχηδών""], [""skr"", ""قرطاجنہ""], [""pl"", ""Kartagina""]]",True,True,10.30701732635498,36.83591079711914,10.354809761047363,36.87984085083008,dcfd8269-8525-4f63-8a9a-955c440aed1b
4190df96-c879-4a30-b386-377ed1a6f1c5,TN,TN-31,locality,,land,بوزنة,"[[""ar"", ""بوزنة""], [""fr"", ""Bou-Zenna""]]",True,True,9.121213912963867,36.95802688598633,9.216943740844727,37.00782012939453,6e5fb7e9-8e78-4c74-8e6e-f121a5bc8992
3426b7e2-de71-4b6e-92a7-3bee4a2504e0,TN,TN-23,locality,,land,حي الثورة,"[[""ar"", ""حي الثورة""], [""fr"", ""Cité Ethawra""]]",True,True,9.788640022277832,37.140987396240234,9.79953384399414,37.15242385864258,bbd772fb-258f-4b1e-ac88-cfefa6e31a39
8d79efb9-2ab9-46a2-8bd7-8613ea77ae01,TN,TN-11,locality,,land,باب المنارة,"[[""ar"", ""باب المنارة""], [""fr"", ""Bab Mnara""]]",True,True,10.163043975830078,36.79166793823242,10.17109203338623,36.79829025268555,52e8ab10-56de-4a38-8f01-d51a8350803b
22ea6230-630e-4751-80e6-1ef056af2a07,TN,TN-32,locality,,land,التباينية,"[[""ar"", ""التباينية""], [""fr"", ""Etbaynia""], [""en"", ""Tbainia""]]",True,True,8.67778205871582,36.723392486572266,8.792430877685547,36.814456939697266,3e443e6d-0b04-484c-9712-b10471874e0f
d6e9e815-fce4-4145-b294-3def7b487db0,TN,TN-31,locality,,land,شواش,"[[""ar"", ""شواش""], [""fr"", ""Chaouach""]]",True,True,9.521687507629395,36.69086837768555,9.592306137084961,36.74760055541992,0e803edd-ffde-4a7c-b012-a3cd7a65e473
128afd0c-e8a8-4d5b-b783-c3504b0aa808,TN,TN-11,county,2,land,معتمدية باب سويقة,"[[""ar"", ""معتمدية باب سويقة""], [""fr"", ""Délégation Bab Souika""]]",True,True,10.148720741271973,36.798927307128906,10.175581932067871,36.81370544433594,77004e3d-bcd1-4a38-9481-5079968b7d56
32d624ff-4c22-43bb-9273-6477692dd0a8,TN,TN-23,locality,,land,نفات,"[[""ar"", ""نفات""], [""fr"", ""Nefat""]]",True,True,9.678606033325195,37.006553649902344,9.846870422363281,37.088905334472656,ea7402c0-66d9-45b4-8e34-d4de55def0c8
045478d1-0e2a-4388-8782-88edc9503ca8,TN,TN-23,locality,,land,فرحات حشاد,"[[""ar"", ""فرحات حشاد""], [""fr"", ""Hached""]]",True,True,9.50106143951416,37.01491165161133,9.623156547546387,37.10697937011719,3ee049ba-4af1-42f9-8518-3dc303f3ed2f
6aebaac7-8de2-4d41-93ef-3e92d59192c2,TN,TN-34,county,2,land,معتمدية الكريب,"[[""ar"", ""معتمدية الكريب""], [""fr"", ""Délégation El Krib""]]",True,True,8.924360275268555,36.23167419433594,9.270073890686035,36.46525955200195,38818415-49ee-4231-ba43-12dfdaaced80
b51db0e0-cbda-42e2-80ff-7236a50b384b,TN,TN-13,locality,,land,بئر القصعة,"[[""ar"", ""بئر القصعة""], [""fr"", ""Bir Kassaa""]]",True,True,10.20501708984375,36.73160934448242,10.217795372009277,36.746612548828125,a0a363dc-2dc3-4b45-88f5-4b1b7cd4f5da
d74694da-b1ca-432b-a66a-280298088420,TN,TN-11,locality,,land,بحيرة تونس,"[[""ar"", ""بحيرة تونس""], [""fr"", ""Lac De Tunis""]]",True,True,10.181316375732422,36.778526306152344,10.2239408493042,36.80289077758789,dd0a99e2-9816-4d39-89c9-65cf70924231
2e322480-eef0-4714-a672-764b8bc32c71,TN,TN-32,county,2,land,معتمدية فرنانة,"[[""ar"", ""معتمدية فرنانة""], [""fr"", ""Délégation Fernana""]]",True,True,8.446799278259277,36.55835723876953,8.822327613830566,36.74702072143555,fd216fb9-9206-4537-aa51-203c9e502e84
3aac5639-ae53-41e9-a00e-0bbf36027508,TN,TN-33,locality,,land,وادي السواني,"[[""ar"", ""وادي السواني""], [""fr"", ""Oued Souani""]]",True,True,8.916083335876465,36.142059326171875,9.056123733520508,36.28243637084961,d45003f4-3039-4db2-8dfe-8d7b1244a393
f5df79bd-3e2a-467e-8366-291690026e7a,TN,TN-22,locality,,land,الدغافلة الغربية,"[[""ar"", ""الدغافلة الغربية""], [""fr"", ""Deghafla Ouest""]]",True,True,10.005226135253906,36.15057373046875,10.108734130859375,36.250205993652344,d23aa17b-6e65-4f5a-bad0-ee106b230765
c9a01b60-c7bb-454c-bc8c-26184f935232,TN,TN-34,locality,,land,بوعرادة,"[[""ar"", ""بوعرادة""], [""fr"", ""Bouarrada""], [""en"", ""Bou Arada""], [""nl"", ""Bou Arada""]]",True,True,9.612486839294434,36.33834457397461,9.661975860595703,36.36174392700195,41d7b06a-6a00-46de-bd28-8b5d5269c635
754a5714-016c-424b-99a6-b1e7b08f5897,TN,TN-32,locality,,land,الخضراء,"[[""ar"", ""الخضراء""], [""fr"", ""El Khadhra""]]",True,True,8.646836280822754,36.45278549194336,8.747907638549805,36.51115417480469,e63cb38b-e161-4a37-a1e3-5122c2fb5cf6
731e40f8-634c-4f6d-abb2-a8434b21fc9c,TN,TN-11,locality,,land,ابن سينا 1,"[[""ar"", ""ابن سينا 1""], [""fr"", ""Ibn Sina 1""]]",True,True,10.174976348876953,36.75151443481445,10.187888145446777,36.76232147216797,013916ff-1ebe-432d-bc9f-b37f2d768e46
225b481f-b460-42bd-b840-19f2eba35cb7,TN,TN-22,county,2,land,معتمدية صواف,"[[""ar"", ""معتمدية صواف""], [""fr"", ""Délégation Saouaf""]]",True,True,10.005226135253906,36.134918212890625,10.266295433044434,36.295101165771484,572c0623-cfa5-447d-a765-5d4299c8a8c0
e2746fb2-dc4e-4504-9f4a-40322d305d65,TN,TN-13,locality,,land,رادس الملاحة,"[[""ar"", ""رادس الملاحة""], [""fr"", ""Rades Mellaha""]]",True,True,10.256040573120117,36.76667404174805,10.30712890625,36.81254959106445,d3899f5f-97cb-4070-9a01-3ec134f21f88
82362e78-6e5f-4c4e-b631-64c41582a82c,TN,TN-34,locality,,land,هنشير الرمان,"[[""ar"", ""هنشير الرمان""], [""fr"", ""Henchir Erromman""]]",True,True,9.48005199432373,36.17641067504883,9.649374008178711,36.2777214050293,a33c1f1c-e273-43f7-8e06-59de5e575b45
bc6df467-25cd-4dc3-9453-a97c453c5441,TN,TN-31,locality,,land,المواطيس,"[[""ar"", ""المواطيس""], [""fr"", ""El Mouatiss""]]",True,True,9.604040145874023,36.64431381225586,9.704289436340332,36.685890197753906,18725a6b-ef76-4ead-aada-a92d40349da1
925c361b-ab94-43e8-b171-73fa06cb84e6,TN,TN-11,locality,,land,الزهور,"[[""ar"", ""الزهور""], [""fr"", ""Ezzouhour""]]",True,True,10.130180358886719,36.79412841796875,10.13848876953125,36.80072021484375,fab74a9a-b656-44ff-94e7-8da97148a2c5
d0d90cfa-4aec-4424-8001-8cd7c81cbff7,TN,TN-22,county,2,land,معتمدية الزريبة,"[[""ar"", ""معتمدية الزريبة""], [""fr"", ""Délégation Zriba""]]",True,True,10.05673885345459,36.21207809448242,10.390886306762695,36.40142059326172,b7526224-ff3e-40cb-9ff7-0db2c6e70ef8
5cd2be18-f124-4e74-a3c4-012f54202172,TN,TN-11,locality,,land,الحلفاوين,"[[""ar"", ""الحلفاوين""], [""fr"", ""El Halfaouine""]]",True,True,10.163290977478027,36.80531692504883,10.170699119567871,36.809410095214844,a603c02e-50ad-4ec5-84d7-154550199cef
b1d69e50-46bc-429b-a87f-e121b839905b,TN,TN-32,locality,,land,سوق السبت,"[[""ar"", ""سوق السبت""], [""fr"", ""Souk Essebt""]]",True,True,8.860097885131836,36.43016052246094,8.939878463745117,36.52950668334961,acfdbe06-07ac-4ba7-b419-33ba6827bf45
0fe11987-f546-4c44-a194-d03c94484f87,TN,TN-23,locality,,land,بوجرير,"[[""ar"", ""بوجرير""], [""fr"", ""Boujrir""]]",True,True,9.348628044128418,37.0346565246582,9.471085548400879,37.093727111816406,9a31035c-e69c-4004-8f03-ccca47493d4b
3048309a-931b-43b4-a872-f7d0f3c61df1,TN,TN-13,locality,,land,المنجي سليم,"[[""ar"", ""المنجي سليم""], [""fr"", ""Mongi Slim""]]",True,True,10.258634567260742,36.76667404174805,10.273483276367188,36.77516174316406,c2308ad5-de1f-4c47-8b17-8eb517206556
72bdd8e4-cdc9-47ed-b806-cc0825399067,TN,TN-31,locality,,land,تستور,"[[""ar"", ""تستور""], [""fr"", ""Testour""], [""en"", ""Testour""]]",True,True,9.424962997436523,36.5111083984375,9.484625816345215,36.58207321166992,ab8c6aa8-31b2-4cd4-b016-c39f692e8555
7f13c4c0-4dc5-4a45-acb3-a57766ccb8b8,TN,TN-32,locality,,land,دخايلية,"[[""ar"", ""دخايلية""], [""fr"", ""Dkhaylia""]]",True,True,8.476536750793457,36.48283386230469,8.570727348327637,36.57691192626953,3c780322-637f-4df0-8d94-88910062bf03
b6d9df20-c9d3-4b3e-9639-b35b67e80139,TN,TN-14,locality,,land,المهرين,"[[""ar"", ""المهرين""], [""fr"", ""Mehrine""]]",True,True,9.751733779907227,36.74068832397461,9.865331649780273,36.791404724121094,07b0ab4e-633a-4d5e-9499-347b7f5d4bf0
a2ab7caf-3b0f-4a5e-986d-7582ceb07151,TN,TN-11,locality,,land,الجيارة,"[[""ar"", ""الجيارة""], [""fr"", ""El Jaiara""]]",True,True,10.0989990234375,36.76982879638672,10.114717483520508,36.7822265625,2f3f14fd-5dd7-4c62-bc81-c4e90c6f08a3
a5eff1dd-16be-414d-b237-d74f250ba365,TN,TN-32,locality,,land,الهادي بن حسين,"[[""ar"", ""الهادي بن حسين""], [""fr"", ""El Hedi Ben Hassine""]]",True,True,8.74059009552002,36.50339889526367,8.784676551818848,36.53700256347656,7340dfd1-3117-4a18-8cd6-226e202a160e
4893dcb0-3c96-41fe-a8d3-92f30422bb57,TN,TN-11,locality,,land,التحرير الأول,"[[""ar"", ""التحرير الأول""], [""fr"", ""Ettahrir (1)""]]",True,True,10.120348930358887,36.81996536254883,10.12735652923584,36.82726287841797,53247d18-2f1c-4146-a6f2-b93ac5a8e670
3daa11af-e5cc-4add-be90-e542310ac6d4,TN,TN-11,microhood,,land,ساحة 14 يناير,"[[""ar"", ""ساحة 14 يناير""], [""fr"", ""Place du 14 Janvier""], [""de"", ""Platz des 14. Januar""], [""en"", ""January 14 Square""], [""es"", ""Plaza 14 de Enero""]]",True,True,10.18592357635498,36.80002212524414,10.186487197875977,36.80047607421875,c4d800a0-7cc2-4b1b-9e15-de2c50186f0e
488fb8b9-00a8-4f42-882b-ba4f1e971cba,TN,TN-32,locality,,land,القلعة,"[[""ar"", ""القلعة""], [""fr"", ""El Galaa""]]",True,True,8.424793243408203,36.48934555053711,8.518198013305664,36.61172866821289,deff9771-bc0c-4259-ab55-d0931ed52365
0e95583a-9d3a-4ea6-a7e4-123347ab20c2,TN,TN-14,locality,,land,حي الورد,"[[""ar"", ""حي الورد""], [""fr"", ""Cité El Ouerd""]]",True,True,9.981030464172363,36.83516311645508,10.035385131835938,36.85222625732422,be884b4b-aca7-41b0-a301-eef9604597cc
0939bce8-e833-4a3d-a208-90bf57461b59,TN,TN-13,locality,,land,شبدّة,"[[""ar"", ""شبدّة""], [""fr"", ""Chebeda""]]",True,True,10.186020851135254,36.65129852294922,10.233047485351562,36.695701599121094,e6d23acd-40e7-4071-8937-a73aa495ab4d
94910280-c75d-41fc-b2ba-93ddeed59a2f,TN,TN-31,locality,,land,المنار,"[[""ar"", ""المنار""], [""fr"", ""El Manar""]]",True,True,9.163165092468262,36.72905731201172,9.177127838134766,36.73818588256836,0714f092-3325-400b-8a01-548e4464bb61
a7f1bbf3-c954-4ce5-9350-fde41ba2db77,TN,TN-31,locality,,land,باجة,"[[""ar"", ""باجة""], [""fr"", ""Béja""], [""azb"", ""باجه""], [""ur"", ""باجہ""], [""ru"", ""Беджа""], [""en"", ""Béja""], [""he"", ""בז'ה""], [""kab"", ""Baja""], [""fa"", ""باجه""]]",True,True,9.17744255065918,36.7211799621582,9.18770694732666,36.730281829833984,5519dbde-eac9-45f4-93da-c901875dfabb
4d57e74d-02d4-4e07-8e2b-dd5cf92ed410,TN,TN-11,county,2,land,معتمدية المنزه,"[[""ar"", ""معتمدية المنزه""], [""fr"", ""Délégation El Menzah""]]",True,True,10.131122589111328,36.81644821166992,10.18345832824707,36.854766845703125,456d73ea-3756-4ace-8b24-7d54278b669e
1584df72-e3c0-45ae-8170-0a4f3dc764ba,TN,TN-22,county,2,land,معتمدية بئر مشارقة,"[[""ar"", ""معتمدية بئر مشارقة""], [""fr"", ""Délégation Bir Mcherga""]]",True,True,9.732932090759277,36.393314361572266,10.192852020263672,36.66276931762695,6af9046d-6d17-4120-a72d-b3e9fb590f3a
b2e498d6-9b91-4db2-b4ab-292481ff8e4e,TN,TN-22,locality,,land,تليل الصالحي,"[[""ar"", ""تليل الصالحي""], [""fr"", ""Telil Essalhi""]]",True,True,9.594527244567871,36.21400451660156,9.806425094604492,36.304019927978516,3d72a87d-4802-44e1-928e-08884befafce
f3b19e50-3710-41c1-b94f-5c552b667c9a,TN,TN-31,locality,,land,عين المليتي,"[[""ar"", ""عين المليتي""], [""fr"", ""Ain El Melliti""]]",True,True,9.130919456481934,36.45003890991211,9.227187156677246,36.5582160949707,b3d31a92-99cc-435c-96a2-5d617d4f69f9
51926444-586f-499c-a751-96c00704bc47,TN,TN-12,locality,,land,المنجي سليم,"[[""ar"", ""المنجي سليم""], [""fr"", ""Mongi Slim""]]",True,True,9.998944282531738,36.85389709472656,10.058553695678711,36.92853927612305,d1c558fe-049d-465c-be79-3e18cc635754
1874195d-4c63-4daa-934d-983788023116,TN,TN-13,locality,,land,نوبو,"[[""ar"", ""نوبو""], [""fr"", ""Noubou""]]",True,True,10.27359390258789,36.752506256103516,10.286491394042969,36.76300048828125,8428106c-d6be-4b2b-b32c-4bf98de173f4
6e351d1c-752e-4608-bbf3-4d768b4d52cf,TN,TN-11,locality,,land,أبو القاسم الشابي,"[[""ar"", ""أبو القاسم الشابي""], [""fr"", ""Abulkacem Ech-Chebbi""]]",True,True,10.167083740234375,36.784088134765625,10.180264472961426,36.789981842041016,33487473-e205-4abf-afe6-6231b6d86567
aeb5d628-a6c6-4ef7-851a-b351e275fe33,TN,TN-11,locality,,land,التحرير العلوي,"[[""ar"", ""التحرير العلوي""], [""fr"", ""Ettahrir Superieur""]]",True,True,10.117547988891602,36.83080291748047,10.124190330505371,36.836578369140625,418b4bb8-b8a9-4f57-a67b-95faf97cb14c
e4cd9de8-a284-41f6-b6fd-5a3cee3cb52e,TN,TN-23,locality,,land,باب ماطر,"[[""ar"", ""باب ماطر""], [""fr"", ""Bab Mateur""]]",True,True,9.834786415100098,37.26338195800781,9.853575706481934,37.27329635620117,f154433b-9ad9-45f2-9373-847bcef067b6
2c6bc491-a61f-45b6-a0c9-f3e8f583dfee,TN,TN-11,locality,,land,العمران,"[[""ar"", ""العمران""], [""fr"", ""El Omrane""]]",True,True,10.147721290588379,36.80882263183594,10.176227569580078,36.8209228515625,e55d67ed-bfd6-487a-bb78-815c66590c8c
69fe94f1-e533-4dda-82cf-030fdc6565ad,TN,TN-12,locality,,land,قلعة الأندلس الشرقية,"[[""ar"", ""قلعة الأندلس الشرقية""], [""fr"", ""Kallat El Andalous Est""]]",True,True,10.095488548278809,37.01250457763672,10.214693069458008,37.11516571044922,d863ee54-8e60-47ac-8b34-ded6955256d5
fb2bac47-59a9-448c-8c98-53de02a195db,TN,TN-23,locality,,land,بني تون,"[[""ar"", ""بني تون""], [""fr"", ""Beni toun""]]",True,True,9.716609001159668,37.17866134643555,9.741888046264648,37.203189849853516,56302aa3-4f17-4163-917f-9307859c3080
758de2cc-776f-4501-ae22-6c0f6969f1f5,TN,TN-13,locality,,land,جوهرة,"[[""ar"", ""جوهرة""], [""fr"", ""Jawhara""]]",True,True,10.205796241760254,36.772274017333984,10.231861114501953,36.78504180908203,d9ebd030-6d83-4680-b066-2e4cda8d2001
e6b31292-fe75-4c60-af86-2a30e4e3c037,TN,TN-31,locality,,land,بئر التوتة,"[[""ar"", ""بئر التوتة""], [""fr"", ""Bir Ettouta""]]",True,True,9.184073448181152,36.47086715698242,9.308402061462402,36.58147048950195,7bc34aed-7419-4ec7-aba2-7dfd178c5595
502b1392-246d-4bda-822b-300adb5ceca1,TN,TN-34,locality,,land,محطة الكريب,"[[""ar"", ""محطة الكريب""], [""fr"", ""El Krib Gare""]]",True,True,9.13671875,36.206363677978516,9.234014511108398,36.272857666015625,4c176354-134e-478d-ba75-0d8f2f8dd790
dbc76f92-e6e7-4569-8c41-cc643609b1f2,TN,TN-34,locality,,land,الزميل,"[[""ar"", ""الزميل""], [""fr"", ""Ezzmil""]]",True,True,9.440634727478027,36.24388122558594,9.59486198425293,36.37346649169922,40ee01ab-f90b-49a6-9c58-70b56a1ba94a
3bd8203e-2f87-42fc-827e-ac06ae17090c,TN,TN-22,locality,,land,مقرن,"[[""ar"", ""مقرن""], [""fr"", ""Mograne""]]",True,True,10.048877716064453,36.36105728149414,10.141860961914062,36.485389709472656,7e4beec8-97f1-4cc4-907a-ff42c13fed7e
516e40a1-acc9-41d7-b258-2e21679b5d01,TN,TN-31,locality,,land,سيدي مدين,"[[""ar"", ""سيدي مدين""], [""fr"", ""Sidi Medien""], [""en"", ""Sidi Medien""]]",True,True,9.688600540161133,36.61234664916992,9.807243347167969,36.66670608520508,e66aad1e-440f-410d-bf16-9017e58c0848
72ad15bb-8e7f-423d-92ff-e8569db7842a,TN,TN-11,county,2,land,معتمدية باردو,"[[""ar"", ""معتمدية باردو""], [""fr"", ""Délégation Le Bardo""]]",True,True,10.114614486694336,36.79304885864258,10.155511856079102,36.83401870727539,aac49ba3-cafe-4043-905b-65c0dc3dc1b4
1c8675b6-9dcf-415f-8dcb-cfcd14ae43c6,TN,TN-13,locality,,land,الياسمينات,"[[""ar"", ""الياسمينات""], [""fr"", ""El Yasminet""]]",True,True,10.22725772857666,36.71273422241211,10.253244400024414,36.74440002441406,c0edf971-0244-45ba-8904-094dc9e9a084
745d0c65-8e72-4497-ab75-f16a1d60d5cd,TN,TN-11,county,2,land,معتمدية حلق الوادي,"[[""ar"", ""معتمدية حلق الوادي""], [""fr"", ""Délégation La Goulette""], [""es"", ""Delegación de La Goleta""]]",True,True,10.239205360412598,36.80632400512695,10.318764686584473,36.862361907958984,2a691c15-e79c-4d27-8366-bcf5c61e02b3
40fecb9a-548f-4403-99e5-b19b32ba3f5a,TN,TN-32,locality,,land,ناظور,"[[""ar"", ""ناظور""], [""fr"", ""Nadhour""]]",True,True,8.856030464172363,36.854339599609375,9.000967025756836,36.93926239013672,db2051ee-1444-4bff-a142-5644d8c73a66
0be82ea6-89ca-4e2b-ac1b-cc9836a3ee98,TN,TN-22,county,2,land,معتمدية الفحص,"[[""ar"", ""معتمدية الفحص""], [""fr"", ""Délégation El Fahs""]]",True,True,9.594527244567871,36.055015563964844,10.092318534851074,36.48430252075195,127221c2-0935-4cf3-a335-c368ec427548
fc41e4b9-73e7-4c59-a222-e6cfb47be1db,TN,TN-31,locality,,land,عين الحمام,"[[""ar"", ""عين الحمام""], [""fr"", ""Ain El Hammam""]]",True,True,9.110641479492188,36.36259460449219,9.211082458496094,36.44005584716797,dc216508-9687-4fb9-9bf6-ae30b5258f86
30731ce9-f3b1-4c85-948c-968fc3dfd240,TN,TN-11,locality,,land,ترنجة,"[[""ar"", ""ترنجة""], [""fr"", ""Tronja""]]",True,True,10.169036865234375,36.80225372314453,10.175581932067871,36.80570602416992,3c0088ce-66f9-4c04-9397-1d4f272fc6e4
4346480e-99dc-4c94-90be-025189157c13,TN,TN-13,microhood,,land,Place du Martyr « Mohamed Walid Al Machlewi »,"[[""en"", ""Mohamed Walid Machlawi Square""], [""fr"", ""Place Mohamed Walid Machlawi""]]",True,True,10.346294403076172,36.72602462768555,10.34669303894043,36.72639846801758,921be123-98a9-414d-8cb4-fd71c5d79b11
7725ab39-4330-49b4-8cc4-b74e6e35ef08,TN,TN-23,macrohood,,land,المدينة العتيقة,"[[""en"", ""La Medina""], [""ar"", ""المدينة العتيقة""], [""fr"", ""La Medina""]]",True,True,9.869731903076172,37.27226638793945,9.877023696899414,37.27996063232422,ad4911bd-bb0e-473e-9d3c-051d991c7d67
66d513a5-1615-4d57-8d16-9c6038149e2e,TN,TN-31,locality,,land,وادي المعدن,"[[""ar"", ""وادي المعدن""], [""fr"", ""Oued El Maaden""]]",True,True,9.063472747802734,36.818843841552734,9.180381774902344,36.89397048950195,74f7cdcc-7cf1-4a3f-8d53-d7ebe32d1ef6
293b8c48-7e9d-4f51-a308-2f7dcd09b576,TN,TN-11,locality,,land,فرحات حشاد,"[[""ar"", ""فرحات حشاد""], [""fr"", ""Farhat Hached""]]",True,True,10.19029712677002,36.82381820678711,10.201111793518066,36.83613586425781,836b0b01-50ab-471c-b294-9a87423de424
46f30ca0-d57b-4648-84f4-345ee77e2aba,TN,TN-32,locality,,land,عين البية,"[[""ar"", ""عين البية""], [""fr"", ""Ain El Baya""]]",True,True,8.561979293823242,36.63344955444336,8.690180778503418,36.676944732666016,5b87442a-f99b-445a-ae9d-817b263c5c2a
eed8fe02-688f-459c-90e3-202ee403eaeb,TN,TN-11,locality,,land,حي الإزدهار,"[[""ar"", ""حي الإزدهار""], [""fr"", ""Cite El Izdihar""]]",True,True,10.178999900817871,36.768436431884766,10.18936824798584,36.7767448425293,fd293d4b-ec23-46c1-9bfd-fbe55db28ee7
a29e47b2-b269-4422-92ad-c96d468f4fe1,TN,TN-14,locality,,land,المساعدين,"[[""ar"", ""المساعدين""], [""fr"", ""El Moussadine""]]",True,True,9.805465698242188,36.65879821777344,9.88257122039795,36.74671173095703,b89be140-97c3-456c-895e-e4cfd6565fa9
0abfcc17-c3f8-40ec-9c86-24e376fd412c,TN,TN-31,county,2,land,معتمدية تبرسق,"[[""ar"", ""معتمدية تبرسق""], [""fr"", ""Délégation Teboursouk""]]",True,True,9.067889213562012,36.335445404052734,9.362166404724121,36.58147048950195,6b778c28-9604-486c-b7ce-07c5cb5afe88
4c9da5ba-f448-4d35-80d6-5013ca0907bb,TN,TN-13,neighborhood,,land,حي شاكر,,True,True,10.224590301513672,36.77851104736328,10.23681354522705,36.78633117675781,1f66c479-e3c5-47f1-ad44-2ca9123ef8fc
f744f40a-8187-44f5-b4db-f0a10f4a6b61,TN,TN-11,locality,,land,السيدة المنوبية,"[[""ar"", ""السيدة المنوبية""], [""fr"", ""Saida Manoubia""]]",True,True,10.167635917663574,36.775108337402344,10.177166938781738,36.78511047363281,93d1e631-5e35-4e61-8e94-01fff7bd4423
f3208178-d38f-449c-ab87-cfe9e36d0505,TN,TN-22,locality,,land,Les Jardins de Zaghouan,,True,True,10.16356086730957,36.406471252441406,10.193721771240234,36.427574157714844,2ca38760-ff51-49e2-8d2b-71b5bbafa828
4444e195-501a-4a91-bf15-63aacc77cbc2,TN,TN-14,locality,,land,دوار ھیشر,"[[""fr"", ""Douar Hicher""]]",True,True,10.086143493652344,36.81575393676758,10.104948997497559,36.82762145996094,7f6f5fdd-fb9b-4506-a511-9ec3937437be
8e3b3f4e-9630-49b1-92e9-f0bb31739813,TN,TN-32,locality,,land,سلول,"[[""ar"", ""سلول""], [""fr"", ""Selloul""]]",True,True,8.601470947265625,36.67283248901367,8.679919242858887,36.7595329284668,49fd47f8-65bb-4049-a724-5cfcf3f3c854
0ca5f690-d1e7-4c41-8b93-d2efef82d7c7,TN,TN-33,locality,,land,تل الغزلان,"[[""ar"", ""تل الغزلان""], [""fr"", ""Tel El Ghozlane""]]",True,True,8.846403121948242,36.33872985839844,8.944985389709473,36.453426361083984,596d0eaf-ffe5-41a8-a397-8871ddf8e459
2addc1cb-27a5-4603-add3-dd1f181d3e97,TN,TN-23,county,2,land,معتمدية منزل بورقيبة,"[[""ar"", ""معتمدية منزل بورقيبة""], [""fr"", ""Délégation Menzel Bourguiba""]]",True,True,9.769573211669922,37.03980255126953,9.941990852355957,37.17525100708008,fbdd036a-549b-4268-b16c-a049025d0543
0fee474e-d66b-43e8-a69d-19a6f95b3f38,TN,TN-11,locality,,land,ابن سينا,"[[""ar"", ""ابن سينا""], [""fr"", ""Ibn Sina""]]",True,True,10.114614486694336,36.825477600097656,10.12050724029541,36.83401870727539,47eed849-f203-4b3f-be2f-189e6dd01865
3411f61b-41ce-477b-97bf-e9c2fc724ef0,TN,TN-23,locality,,land,العرب,"[[""ar"", ""العرب""], [""fr"", ""El Arab""], [""en"", ""El Arab""]]",True,True,9.473904609680176,37.105953216552734,9.612495422363281,37.204769134521484,66a8155a-049a-4b7f-a8c8-9d875fdfa67e
a160b5da-5a39-4f52-8542-20662e97b237,TN,TN-32,locality,,land,الروماني,"[[""ar"", ""الروماني""], [""fr"", ""Erroumani""]]",True,True,8.973633766174316,36.58349609375,9.062826156616211,36.66250228881836,4d1d2b7f-70e5-4e86-84a4-fd59153cea04
5d48ab73-7b69-47dd-afab-f0a882fa58a0,TN,TN-12,locality,,land,الغزالة,"[[""ar"", ""الغزالة""], [""fr"", ""El Ghazela""]]",True,True,10.171566009521484,36.87495803833008,10.186073303222656,36.890567779541016,f3c5ee68-3f33-4595-a761-ca6f100c2bda
9ba31cff-3cdf-402a-a81f-fe693f41ac72,TN,TN-31,locality,,land,خشاب,"[[""ar"", ""خشاب""], [""fr"", ""Khacheb""]]",True,True,9.647689819335938,36.536739349365234,9.82329273223877,36.646663665771484,8b02cc9b-05d4-4674-a6e6-6b2cf81ba036
89b6b074-dd8e-4165-af30-7ac227a030ac,TN,TN-13,locality,,land,مقرين العليا,"[[""ar"", ""مقرين العليا""], [""fr"", ""Megrine Superieure""]]",True,True,10.225102424621582,36.76677703857422,10.264022827148438,36.78466033935547,6eb70488-463b-4ef2-9981-9574e2042b54
b07c2938-ccb9-49e8-8d69-39aaeba122da,TN,TN-23,locality,,land,قبطنة 1,"[[""ar"", ""قبطنة 1""], [""fr"", ""Gabtna 1""]]",True,True,9.838967323303223,37.066123962402344,9.941990852355957,37.16529846191406,b1000ab4-959b-45f0-becf-bcf2baa6a381
eadb231b-ba62-4045-be47-c3a5b0da1c04,TN,TN-11,locality,,land,حي الزياتين,"[[""ar"", ""حي الزياتين""], [""fr"", ""Cite Des Oliviers""]]",True,True,10.146742820739746,36.81464385986328,10.163290023803711,36.83323287963867,23e2e9fa-b0e0-4614-87e8-0d40a4555900
ec82b0c2-8f6d-44ff-a0ce-6a05c48e7777,TN,TN-31,locality,,land,بوسدرة,"[[""en"", ""Boussedra""], [""ar"", ""بوسدرة""], [""fr"", ""Boussedra""]]",True,True,9.688200950622559,36.706764221191406,9.701655387878418,36.72016906738281,2b875b84-1bbd-4401-be1e-b392a2fe1e06
d96a918b-ea47-47d4-a845-ca30fd089eef,TN,TN-32,locality,,land,سيدي عبيد,"[[""ar"", ""سيدي عبيد""], [""fr"", ""Sidi Abid""]]",True,True,8.921585083007812,36.45326232910156,9.052011489868164,36.518028259277344,935bee7a-863f-4327-a11f-544307d2896a
2a3b4399-2ba8-4a8e-87f1-f6e7676d82f8,TN,TN-31,locality,,land,الهري,"[[""ar"", ""الهري""], [""fr"", ""El Heri""], [""en"", ""El Herri""]]",True,True,9.609528541564941,36.6738395690918,9.71192741394043,36.75975799560547,1a2e63e2-5d59-4903-b6b5-38aef0c536c5
787f23ea-79aa-4ed0-9b38-222e70eaf431,TN,TN-11,locality,,land,برج شكير,"[[""ar"", ""برج شكير""], [""fr"", ""Borj Chakir""]]",True,True,10.027892112731934,36.72690200805664,10.104642868041992,36.778995513916016,51efbac7-f396-4550-9522-42e4f109f6b7
df7488b7-1115-4230-a3dc-4680307593a7,TN,TN-31,locality,,land,سيدي عامر,"[[""ar"", ""سيدي عامر""], [""fr"", ""Sidi Ameur""]]",True,True,9.322569847106934,36.62542724609375,9.476644515991211,36.7470588684082,b21e334f-c2e8-4265-9995-3e1696342eff
fa1e341e-2bd1-44d8-b4ca-c957bcf3594d,TN,TN-11,locality,,land,بير لحلو,"[[""ar"", ""بير لحلو""], [""fr"", ""Bir El Helou""]]",True,True,10.307429313659668,36.84038543701172,10.316629409790039,36.8475227355957,8f86da6e-8a34-43ac-a4c3-94313ef30947
5f33ca18-2408-4661-b2b9-af547eb5a02a,TN,TN-31,locality,,land,قصر مزوار,"[[""ar"", ""قصر مزوار""], [""fr"", ""Ksar Mezouar""]]",True,True,9.26622486114502,36.77078628540039,9.389949798583984,36.885772705078125,f74e3272-5b53-48e7-a664-0f1599f5271d
77c2c3fc-83ae-4611-9b9e-997754376932,TN,TN-14,locality,,land,العروسية,"[[""ar"", ""العروسية""], [""fr"", ""El Aroussia""], [""en"", ""El Aroussia""]]",True,True,9.71265697479248,36.759307861328125,9.789498329162598,36.824432373046875,be08b5d8-2bba-4c14-bb5f-afc89a669ec1
a1c0a32e-7d55-4dd7-8cd8-1cd6cddd44e9,TN,TN-22,locality,,land,حمام الزريبة الجنوبية,"[[""ar"", ""حمام الزريبة الجنوبية""], [""fr"", ""Hammam Ezzriba Sud""]]",True,True,10.173358917236328,36.27084732055664,10.239372253417969,36.36084747314453,59c356ba-4a91-4b96-9766-77cfc3659c81
1b6841ec-2e8c-4acb-91ca-e083cbd0137b,TN,TN-34,locality,,land,العروسة,"[[""ar"", ""العروسة""], [""fr"", ""El Aroussa""], [""en"", ""El Aroussa""]]",True,True,9.350255012512207,36.322696685791016,9.527375221252441,36.462493896484375,fc18666a-062f-48e7-b4bc-3335648bc55d
016f8873-5712-4fa0-b294-a74a5150d758,TN,TN-34,locality,,land,حمام بياضة الشمالية,"[[""ar"", ""حمام بياضة الشمالية""], [""fr"", ""Hammam Biadha Nord""]]",True,True,8.924360275268555,36.39534378051758,9.070387840270996,36.46525955200195,4d510e5b-d429-453d-a3b5-aeba2546a20a
cde38384-1c30-43af-ac52-865b5938d986,TN,TN-23,locality,,land,الكرنيش,"[[""ar"", ""الكرنيش""], [""fr"", ""El Korniche""]]",True,True,9.851574897766113,37.28795623779297,9.874839782714844,37.3349723815918,611981c2-a71f-4e52-a4a8-f1e3728cefd8
67f08ddb-0e22-4f6e-95fc-6982569ef7a1,TN,TN-33,locality,,land,نبر,"[[""ar"", ""نبر""], [""fr"", ""Nebeur""], [""de"", ""Nibbar""], [""ur"", ""نبر""], [""ru"", ""Ниббар""], [""en"", ""Nibbar""], [""fa"", ""نبر""]]",True,True,8.70412540435791,36.23844909667969,8.807716369628906,36.317142486572266,d2dbb80c-43dc-4e8d-a318-a2a09ebbcf2c
8b228929-e823-4084-a066-bae6e49b0389,TN,TN-11,locality,,land,ابن سينا 2,"[[""ar"", ""ابن سينا 2""], [""fr"", ""Ibn Sina 2""]]",True,True,10.169381141662598,36.7199592590332,10.19467544555664,36.76029968261719,26b8cdd3-81c3-4213-9b25-04235698385d
b8ae745c-6450-4a92-8ba8-44e88f488175,TN,TN-13,locality,,land,جبل الرصاص,"[[""ar"", ""جبل الرصاص""], [""fr"", ""Djebel Ressas""]]",True,True,10.275794982910156,36.567169189453125,10.374544143676758,36.638916015625,3584b260-3397-4d10-b101-69419621ec25
3df44484-18ff-4a25-8fa5-9d2e4cc5a82c,TN,TN-31,locality,,land,مزوغة,"[[""ar"", ""مزوغة""], [""fr"", ""Mezougha""]]",True,True,9.275520324707031,36.5759391784668,9.401206016540527,36.64278030395508,b05939c0-4010-4a40-8076-192fb46687db
202d73ed-4a8a-45fb-ab71-eb04b7271348,TN,TN-23,locality,,land,تاهنت,"[[""ar"", ""تاهنت""], [""fr"", ""Tahent""]]",True,True,9.422637939453125,36.83207321166992,9.588133811950684,36.963932037353516,b559365c-9607-4a9d-bfef-1567c8f27582
5363f5b4-f83b-41fc-bceb-211890bf69cd,TN,TN-31,county,2,land,معتمدية تستور,"[[""ar"", ""معتمدية تستور""], [""fr"", ""Délégation Testour""]]",True,True,9.232138633728027,36.43929672241211,9.627938270568848,36.7470588684082,3e75aca2-f793-4437-8c12-a90eeccfa856
0cd360a5-ec0b-43a1-8b7a-da1939284d0c,TN,TN-11,locality,,land,سيدي الجبالي,"[[""ar"", ""سيدي الجبالي""], [""fr"", ""Sidi Djebali""]]",True,True,10.162846565246582,36.80266571044922,10.16804027557373,36.806251525878906,08da9692-4ae4-4dc1-a817-a6fbd48891de
031b57a8-ada2-4464-b991-1f10ce321609,TN,TN-34,locality,,land,قعفور الغربية,"[[""ar"", ""قعفور الغربية""], [""fr"", ""Gaafour Ouest""]]",True,True,9.255583763122559,36.29994201660156,9.337231636047363,36.36576461791992,9ba48178-aba8-46ac-86e7-470e6b64d3a4
6c5131c5-85b3-45ce-9d03-322f38affd31,TN,TN-23,locality,,land,عرب ماجور,"[[""ar"", ""عرب ماجور""], [""fr"", ""Arab Majour""]]",True,True,9.601465225219727,36.87623596191406,9.73393440246582,37.031063079833984,3e214323-5166-4cc8-af66-3f38f8862d5c
9fe94a02-eaef-47c7-873b-f32e8f7e4b0d,TN,TN-12,region,1,land,ولاية أريانة,"[[""bs"", ""Ariana""], [""hr"", ""Ariana""], [""ka"", ""არიანის ვილაიეთი""], [""ar"", ""ولاية أريانة""], [""fr"", ""Gouvernorat Ariana""], [""lv"", ""Ariāna""], [""uk"", ""Ар'яна""], [""ceb"", ""Gouvernorat de l'Ariana""], [""pt-PT"", ""Ariana""], [""pt"", ""Ariana""], [""cs"", ""Ariana""], [""zu"", ""Ariana Governorate""], [""el"", ""Αρυάνα""], [""it"", ""Ariana""], [""ca"", ""Governació d'Ariana""], [""pt-BR"", ""Ariana""], [""vi"", ""Ariana""], [""nl"", ""Ariana""], [""zh-Hans"", ""艾尔亚奈""], [""bg"", ""Ариана""], [""ko"", ""아리아나주""], [""eo"", ""Arjana""], [""et"", ""Ariana""], [""de"", ""Gouvernement Ariana""], [""cy"", ""Ariana""], [""azb"", ""اریانه""], [""frr"", ""Ariana""], [""be-Latn-tarask"", ""Арыяна (вілает)""], [""ur"", ""آریانہ""], [""ru"", ""Арьяна""], [""th"", ""อารีอานา""], [""id"", ""Kegubernuran Ariana""], [""ce"", ""Арьяна""], [""pnb"", ""آریانہ""], [""sr-Latn"", ""Arjana""], [""sv"", ""Ariana""], [""tr"", ""Aryana ili""], [""da"", ""Ariana""], [""zh-Hant"", ""艾爾亞奈""], [""en"", ""Ariana""], [""he"", ""אריאנה (מחוז)""], [""sk"", ""Ariana""], [""bar"", ""Gouvernement Ariana""], [""az"", ""Aryana""], [""es"", ""Ariana""], [""sco"", ""Ariana Govrenorate""], [""be"", ""Арыяна""], [""ja"", ""アリアナ県""], [""fi"", ""Ariana""], [""ro"", ""Guvernoratul Ariana""], [""lt"", ""Arianos vilajetas""], [""no"", ""Ariana""], [""sl"", ""Ariana""], [""fa"", ""اریانه""], [""zh"", ""艾爾亞內省""], [""ms"", ""Kawasan kegabenoran Ariana""], [""hu"", ""Arjána kormányzóság""], [""pl"", ""Arjana""], [""sh"", ""Ariana""]]",True,True,9.963287353515625,36.821956634521484,10.288740158081055,37.11516571044922,b4aeb479-eff7-484a-96f3-f346f12871ad
f8f684ca-3c28-4e6d-9776-d3ff01a63408,TN,TN-31,locality,,land,مالك,"[[""ar"", ""مالك""], [""fr"", ""Malek""]]",True,True,8.991663932800293,36.768516540527344,9.069482803344727,36.82652282714844,66e09463-5255-4268-89ae-b6089d8e30c0
1085e2ec-7054-4cb5-9c48-050e56fd8142,TN,TN-31,locality,,land,بئر العش,"[[""ar"", ""بئر العش""], [""fr"", ""Bir El Euch""]]",True,True,9.561216354370117,36.410858154296875,9.668724060058594,36.50877380371094,d4d2c364-d52c-4574-83cb-d8574c73f912
2a741838-d016-4b58-970f-cc96e3be28a9,TN,TN-11,locality,,land,السمران,"[[""ar"", ""السمران""], [""fr"", ""Es-Soumrane""]]",True,True,10.135600090026855,36.7959098815918,10.145237922668457,36.802406311035156,de4b03a1-12f8-4cfb-beff-3c4e4017cabc
38535f5b-08da-461a-b684-27f88f1f3941,TN,TN-32,locality,,land,أولاد سدرة,"[[""ar"", ""أولاد سدرة""], [""fr"", ""Ouled Sedra""]]",True,True,8.624754905700684,36.77443313598633,8.72192096710205,36.91626739501953,7ce18ac6-a427-4495-a9ce-26698bb86cd7
f5cbee93-e21b-426c-925d-28d636d99605,TN,TN-13,locality,,land,المروج 4,"[[""ar"", ""المروج 4""], [""fr"", ""El Mourouj (4)""]]",True,True,10.198319435119629,36.71118927001953,10.223936080932617,36.72201156616211,c4e83ba7-717e-4f11-a509-26b1999644d8
39c999af-ea23-468a-aebb-57bc9e558545,TN,TN-13,locality,,land,حمام الانف المدينة 2,"[[""ar"", ""حمام الانف المدينة 2""], [""fr"", ""Hammem Lif Ville 2""]]",True,True,10.336892127990723,36.7261962890625,10.34617805480957,36.73293685913086,9f1ec127-2aa6-4803-8e7a-047ecfb2dd38
ce152814-f321-4cff-921f-edd8d10a7dfc,TN,TN-22,locality,,land,أحواز الفحص,"[[""ar"", ""أحواز الفحص""], [""fr"", ""Banlieue D'El Fahs""]]",True,True,9.8910551071167,36.35651397705078,9.947188377380371,36.39693832397461,03f604c0-29eb-4f96-a242-29025f6e74a5
9aad8278-f74c-4d97-9cba-ee2c96d7aef2,TN,TN-22,locality,,land,وادي الرمل,"[[""ar"", ""وادي الرمل""], [""fr"", ""Oued Erremel""]]",True,True,10.20530891418457,36.357322692871094,10.33551025390625,36.46527862548828,4aa4a7cd-f61b-4c36-8517-158bb0cc8dd5
95056485-bdf1-4ee7-ad7f-d36796beb9d3,TN,TN-23,locality,,land,حي الحداءق,"[[""ar"", ""حي الحداءق""], [""fr"", ""Cité Jardins""]]",True,True,9.77748966217041,37.15242004394531,9.7939453125,37.17525100708008,51c0aae9-2a0f-4af8-9736-ac6e7d4056e8
81d07fa2-d787-442a-83cd-2eea10e4d1a7,TN,TN-13,locality,,land,الرسالة,"[[""ar"", ""الرسالة""], [""fr"", ""Errisala""]]",True,True,10.302109718322754,36.6219596862793,10.374299049377441,36.705230712890625,07c7ce8a-254f-4647-aefb-41c90bf20e39
6c2cc47c-d8c4-479d-a7f9-88b135135a83,TN,TN-22,locality,,land,الزريبة الحمام الشمالية,"[[""ar"", ""الزريبة الحمام الشمالية""], [""fr"", ""Ezzriba Hammam Nord""]]",True,True,10.172830581665039,36.31523513793945,10.300684928894043,36.40142059326172,98205d73-91ca-4873-8044-9cd87768a75d
19b630b7-bad1-433d-bae0-84aed6a9f2b3,TN,TN-11,locality,,land,تربة الباي,"[[""ar"", ""تربة الباي""], [""fr"", ""Tourbet El Bey""]]",True,True,10.169487953186035,36.79185485839844,10.174521446228027,36.79631042480469,cf244f2f-bbd6-448e-b961-79fd251d41fc
40d677ef-e4d6-4d00-b43b-8c25286f08dc,TN,TN-11,microhood,,land,ساحة الحكومة,"[[""en"", ""Government Square""], [""ar"", ""ساحة الحكومة""], [""fr"", ""Place du Gouvernement""]]",True,True,10.168416023254395,36.797672271728516,10.169371604919434,36.79814147949219,4606da2d-27bd-4aa5-b96a-13deee300fb0
1298c8f8-928d-4a46-aaa7-dc12b4e84ece,TN,TN-23,locality,,land,شنانة,"[[""ar"", ""شنانة""], [""fr"", ""Chnena""]]",True,True,9.302302360534668,36.91379928588867,9.365581512451172,36.9615592956543,ab30291c-ea97-4d27-b7ad-0a45c59407b3
d1989918-dac5-4d7f-9f4a-ebfba83454b5,TN,TN-31,locality,,land,ابن زيدون,"[[""ar"", ""ابن زيدون""], [""fr"", ""Ibn Zeydoun""]]",True,True,9.413171768188477,36.5056266784668,9.467562675476074,36.57521057128906,986cebce-ef02-4bf9-a913-6493a2cf6b5d
1fdd002e-ed47-4605-9071-f6053244ab61,TN,TN-23,locality,,land,فرحات حشاد,"[[""ar"", ""فرحات حشاد""], [""fr"", ""Farhat Hached""]]",True,True,9.747411727905273,37.25761032104492,9.836996078491211,37.30276107788086,3883dc93-e323-448f-9578-b4420c69db9e
423d99da-7b8d-4b04-b86a-ebf471ea1ca4,TN,TN-12,locality,,land,أريانة المدينة,"[[""ar"", ""أريانة المدينة""], [""fr"", ""Ariana Ville""]]",True,True,10.176675796508789,36.85676956176758,10.197701454162598,36.88080596923828,d82f7d7e-dc24-4671-837d-cdb41ea1a917
e69299cd-dec2-4d61-9885-818ee1ce3053,TN,TN-11,locality,,land,الصديق,"[[""ar"", ""الصديق""], [""fr"", ""Es-Sadique""]]",True,True,10.123078346252441,36.8271484375,10.133549690246582,36.835453033447266,ba6819e6-bb81-49f0-bef2-ac261f9d8b67
b165fce1-08b8-4a33-abb8-1e8cd188577d,TN,TN-31,locality,,land,دور إسماعيل,"[[""ar"", ""دور إسماعيل""], [""fr"", ""Dour Esmail""]]",True,True,9.723149299621582,36.48550796508789,9.864133834838867,36.60899353027344,72ee66c9-3ef3-47dc-a022-e439b6856a39
6ca45871-d58e-424f-af5c-b30cceb2fe57,TN,TN-14,locality,,land,سيدي علي الحطاب,"[[""ar"", ""سيدي علي الحطاب""], [""fr"", ""Sidi Ali El Hattab""]]",True,True,9.943700790405273,36.70664978027344,9.998917579650879,36.78618240356445,3e4be12d-d57d-4b0c-9d41-6d01deeb53f5
00d3ba9b-05f2-4a3a-91b4-38d68a5775b0,TN,TN-23,locality,,land,حسن نوري,"[[""ar"", ""حسن نوري""], [""fr"", ""Hassen Nouri""]]",True,True,9.867866516113281,37.27629089355469,9.881430625915527,37.29064178466797,eb7707f2-1b48-4a16-aff3-b565b61a05cc
a6f80213-2665-41a0-8d08-6343c9acda36,TN,TN-11,locality,,land,الرميلة,"[[""ar"", ""الرميلة""], [""fr"", ""Er-Rmila""]]",True,True,10.292463302612305,36.88136291503906,10.311585426330566,36.9008903503418,72579ef0-451c-49a5-9a1c-c7b1b1fb8207
536f2ab7-fc48-4e1f-b3ba-5e6d6be9b5b7,TN,TN-34,locality,,land,مسراطة,"[[""ar"", ""مسراطة""], [""fr"", ""Mousrata""], [""en"", ""Mosrata""]]",True,True,9.38984489440918,36.26617431640625,9.479066848754883,36.364463806152344,92586180-8c96-483a-be71-b1ec191b832b
275da47d-0ab3-4153-bcd8-6d6171843b78,TN,TN-31,locality,,land,شيخ الوديان,"[[""ar"", ""شيخ الوديان""], [""fr"", ""Cheikh El Ouediane""]]",True,True,9.674025535583496,36.46961975097656,9.761714935302734,36.53510284423828,7002d28b-35db-451a-b338-a7cef5e51c24
6db9e13b-d2bd-4425-a252-5da608a18197,TN,TN-32,locality,,land,وادي الزان,"[[""ar"", ""وادي الزان""], [""fr"", ""Oued Ezzan""]]",True,True,8.766402244567871,36.75443649291992,8.874882698059082,36.867774963378906,caf19959-e5cf-4100-b98b-a6272d1c58c6
93908936-316d-47ad-9822-02b705b85d3a,TN,TN-13,locality,,land,أوذنة,"[[""ar"", ""أوذنة""], [""fr"", ""Oudhna""]]",True,True,10.1428804397583,36.56658172607422,10.220551490783691,36.63352584838867,c0c1d797-c9c0-47ba-af98-6ea9e643b507
120a9cec-9c20-40f4-8285-8342724a97b7,TN,TN-13,locality,,land,حي محمد علي,"[[""ar"", ""حي محمد علي""], [""fr"", ""Cite Mohamed Ali""]]",True,True,10.319150924682617,36.697208404541016,10.359819412231445,36.7265625,f9bc3586-cf4f-465c-a16f-4f53072162c3
e75f052e-3ac1-4bc1-9f69-4a93f0ded86f,TN,TN-11,county,2,land,معتمدية العمران,"[[""ar"", ""معتمدية العمران""], [""fr"", ""Délégation El Omrane""]]",True,True,10.138212203979492,36.80882263183594,10.176227569580078,36.83323287963867,cce62733-5ef9-4056-89b7-a7f52f6011cf
74a0c89a-5198-4fb9-bd0a-fa643da6383e,TN,TN-22,locality,,land,العيثة,"[[""ar"", ""العيثة""], [""fr"", ""El Aitha""]]",True,True,10.160646438598633,36.365394592285156,10.238008499145508,36.4518928527832,cb6112be-8118-4f50-9205-56e2b9ea20be
a4b6bbcb-00bb-4a17-be4a-4fa015e32983,TN,TN-32,locality,,land,قلوب الثيران الشمالية,"[[""ar"", ""قلوب الثيران الشمالية""], [""fr"", ""Gloub Ethirane Nord""]]",True,True,8.515077590942383,36.58258819580078,8.635284423828125,36.67528533935547,c5091b32-8610-4196-a43f-4fcb624aa803
e6dfc96c-20e8-42cc-8420-f2308cec5a31,TN,TN-11,locality,,land,حي محمد علي,"[[""ar"", ""حي محمد علي""], [""fr"", ""Cite Mohamed Ali""]]",True,True,10.183303833007812,36.76263427734375,10.19565486907959,36.77034378051758,03783204-cfe0-4e6c-96ac-a7325dd08875
ad8e86d7-aff3-4d1a-8708-2afd17b7b8c4,TN,TN-11,locality,,land,الرياض,"[[""ar"", ""الرياض""], [""fr"", ""Erriadh""]]",True,True,10.302447319030762,36.8306884765625,10.318909645080566,36.84349822998047,bc120b72-01fc-47fd-becc-a5885bcbe607
bd74715e-0cc0-4d0f-813d-3e20c3b29fd6,TN,TN-11,locality,,land,حي النور,"[[""ar"", ""حي النور""], [""fr"", ""Cite Ennour""]]",True,True,10.192739486694336,36.74415588378906,10.209657669067383,36.754459381103516,3f7c65c3-8e9f-4bf5-ac13-0676508fb085
ce412697-91a6-43a3-bdf2-4321244e6054,TN,TN-11,locality,,land,المغيرة إنزال,"[[""ar"", ""المغيرة إنزال""], [""fr"", ""Meghiret Inzel""]]",True,True,10.10971450805664,36.699005126953125,10.151331901550293,36.75227355957031,b3eb8138-f131-4437-ba63-7d820c5e51dc
d2f6f2c0-3718-49d2-be62-29c756974729,TN,TN-22,locality,,land,عين الصفصاف,"[[""ar"", ""عين الصفصاف""], [""fr"", ""Ain Essafsaf""], [""en"", ""Ain Safsaf""]]",True,True,10.082990646362305,36.480106353759766,10.192852020263672,36.5695686340332,22daf55c-b7b4-4cd4-9d1e-1d28c065d8fc
96077597-ebdc-4177-8137-056099334c1d,TN,TN-11,locality,,land,حي السلامة,"[[""en"", ""Hay Essalama""], [""ar"", ""حي السلامة""], [""fr"", ""Cité Essalama""]]",True,True,10.108017921447754,36.782470703125,10.119384765625,36.790409088134766,62a2a11d-e60a-42f6-8b4c-329f29d69ccf
84d8e494-9c1a-41b3-9d78-bc1c52e3a771,TN,TN-11,locality,,land,المدينة,"[[""ar"", ""المدينة""], [""fr"", ""La Medina""]]",True,True,10.166228294372559,36.80085372924805,10.170174598693848,36.804866790771484,a156d5ad-e41a-42e2-86d2-3a8734b91595
1a2997de-6656-47c3-821d-e9dabc0ce16f,TN,TN-11,locality,,land,عمادة باردو,"[[""ar"", ""عمادة باردو""], [""fr"", ""Bardo""]]",True,True,10.134161949157715,36.807777404785156,10.147071838378906,36.81712341308594,4efd699b-08e9-4767-bd3b-1970bdac5ebc
e0340121-a379-4574-bf6c-bc39f4bdb0dd,TN,TN-23,locality,,land,منزل عبد الرحمان الغربية,"[[""ar"", ""منزل عبد الرحمان الغربية""], [""fr"", ""Menzel Abderrahmane Ouest""]]",True,True,9.821038246154785,37.222679138183594,9.887330055236816,37.25266647338867,d09ca095-917c-4336-8c37-8080e401fd70
3df1c872-1fe9-4755-88b4-6acaf4ae6898,TN,TN-32,locality,,land,ريحان,"[[""ar"", ""ريحان""], [""fr"", ""Raihane""]]",True,True,8.68128490447998,36.840576171875,8.801721572875977,36.929298400878906,8f4bba47-116e-4c85-8ae5-76f7fca494b0
213c50f3-b6d8-4174-b66f-25f99705c2d3,TN,TN-13,locality,,land,المنجي سليم,"[[""ar"", ""المنجي سليم""], [""fr"", ""Mongi Selim""]]",True,True,10.145502090454102,36.68427658081055,10.155811309814453,36.69725036621094,71158966-7df2-4ac6-b09f-fd13cb6f2dc2
4b99fc4f-d963-475f-abc4-82a397fa201c,TN,TN-23,locality,,land,زواوين,"[[""ar"", ""زواوين""], [""fr"", ""Zouaouine""]]",True,True,9.994575500488281,37.074806213378906,10.083813667297363,37.15705108642578,a4d73a7f-9b3a-4c47-a142-5a0e2a7451f7
892b8089-dd8f-4276-abd1-9909e5ccd1e7,TN,TN-14,locality,,land,حي الرياض,"[[""ar"", ""حي الرياض""], [""fr"", ""Cité Er- Riadh""]]",True,True,10.06013298034668,36.81815719604492,10.089799880981445,36.83380126953125,4accd6a8-51c0-471d-8489-685a9383c0a1
3f9aca26-b243-4988-83ba-264e420d7eb1,TN,TN-22,locality,,land,الفحص,"[[""ar"", ""الفحص""], [""fr"", ""El Fahs""], [""en"", ""El Fahs""]]",True,True,9.870201110839844,36.33708190917969,9.950126647949219,36.38948440551758,8c1f64a0-5503-4493-aa89-8b1cb15a7a42
96d8b73f-6fc1-4722-95cd-90c86c1d7052,TN,TN-23,locality,,land,شلاغمية,"[[""ar"", ""شلاغمية""], [""fr"", ""Chelagmia""]]",True,True,9.770718574523926,37.12173080444336,9.81750202178955,37.14780044555664,0e21d6ec-785f-4469-bc8c-087d8562bbeb
ee0c284f-cb20-443e-a345-7d457a1d3ac1,TN,TN-11,locality,,land,علي البلهوان,"[[""ar"", ""علي البلهوان""], [""fr"", ""Ali Belhouane""]]",True,True,10.155147552490234,36.793479919433594,10.163707733154297,36.800254821777344,46f375ec-1ea5-419b-98d4-eb9a55a6fae6
b6495ef5-3d4b-4097-bcd2-6511d5b35bd5,TN,TN-11,locality,,land,الطاهر صفر,"[[""ar"", ""الطاهر صفر""], [""fr"", ""Tahar Sfar""]]",True,True,10.170270919799805,36.76789855957031,10.180758476257324,36.77511215209961,1f787461-c56b-4075-a0c8-137d448c96cc
fedf4d48-54a1-4697-93e7-fe0f264b640b,TN,TN-11,locality,,land,باب البنات,"[[""ar"", ""باب البنات""], [""fr"", ""Bab Benat""]]",True,True,10.165343284606934,36.79755401611328,10.170198440551758,36.803714752197266,547e042f-9672-405a-88e0-3772f5aea175
6c1816ea-0914-4038-83da-2ecfe7e49294,TN,TN-11,locality,,land,علي باش حانبة,"[[""ar"", ""علي باش حانبة""], [""fr"", ""Ali Bach-Hamba""]]",True,True,10.195822715759277,36.76743698120117,10.203994750976562,36.77306365966797,c6328303-a88c-4688-ac6a-056f99b4127f
fa9a6f82-20ea-4f81-b177-0ef06a72772e,TN,TN-11,locality,,land,البساتين,"[[""ar"", ""البساتين""], [""fr"", ""El Bassatine""]]",True,True,10.13398551940918,36.81449890136719,10.142973899841309,36.82164001464844,b94a66c2-8f10-47fb-aadb-5aeba8287ec0
f8abf106-8f7d-433c-adf9-c4ebbbc3eff5,TN,TN-32,locality,,land,المرجى,"[[""ar"", ""المرجى""], [""fr"", ""El Marja""]]",True,True,8.89263916015625,36.48530960083008,8.989282608032227,36.580291748046875,337813e3-4dfa-46ce-a167-3d793af425d2
3fa32b39-e03d-4aa1-8b6a-ac35456b20bb,TN,TN-12,locality,,land,برج الطويل,"[[""ar"", ""برج الطويل""], [""fr"", ""Borj Touil""], [""en"", ""Borj Touil""]]",True,True,10.114112854003906,36.89592742919922,10.173099517822266,36.950294494628906,fd54cc90-6743-4259-b770-61724c4d8100
f1928e3b-8e47-46c5-89b0-13c5a5fad5a0,TN,TN-31,locality,,land,سيدي أحمد الجديدي,"[[""ar"", ""سيدي أحمد الجديدي""], [""fr"", ""Sidi Ahmed El Jedidi""], [""en"", ""Sidi Ahmed Jedidi""]]",True,True,9.4999418258667,36.63190841674805,9.588082313537598,36.685001373291016,48007bca-8524-408e-89ef-55a33452545c
e51994db-790c-4e31-9dd5-a30cca1eef65,TN,TN-23,locality,,land,عين غلال,"[[""ar"", ""عين غلال""], [""fr"", ""Ain Ghilel""], [""en"", ""Ain Ghellal""]]",True,True,9.829596519470215,36.97952651977539,9.906898498535156,37.08497619628906,c2a87f54-5353-4e5c-bd59-d453758dc876
d0f294d2-e2f7-419a-b375-20e1a72a6e9c,TN,TN-13,locality,,land,الزهراء المدينة,"[[""ar"", ""الزهراء المدينة""], [""fr"", ""Ez-Zahra Ville""]]",True,True,10.294265747070312,36.736366271972656,10.3261079788208,36.76206588745117,37f7d967-d4e3-47fa-ae74-b35297a93771
89075b24-9259-4e42-a379-530148bd0054,TN,TN-11,locality,,land,الكبارية 1,"[[""ar"", ""الكبارية 1""], [""fr"", ""El Kabaria (1)""]]",True,True,10.18861198425293,36.75737380981445,10.198988914489746,36.76487350463867,9371d0dd-8ac4-4266-a49e-8ad49a219f9c
4ad58b1e-ff82-464c-84c4-b3fe32d40602,TN,TN-32,locality,,land,العيثة,"[[""ar"", ""العيثة""], [""fr"", ""El Aitha""]]",True,True,8.8297758102417,36.439544677734375,8.903489112854004,36.5006217956543,71170b44-c06e-47bd-add6-ae1aa84924f8
1fee5c09-a15d-4b51-ad84-8eebcd750ada,TN,TN-32,locality,,land,سوق الجمعة,"[[""ar"", ""سوق الجمعة""], [""fr"", ""Souk Djemaa""], [""en"", ""Souk Jomaa""]]",True,True,8.562813758850098,36.55418395996094,8.638761520385742,36.607330322265625,d394ee74-4e10-45bd-99b7-9d0aa276330c
f6320b69-70db-4a9d-b744-276a67a5cc75,TN,TN-32,locality,,land,معلة,"[[""ar"", ""معلة""], [""fr"", ""Malla""]]",True,True,8.748723030090332,36.39262008666992,8.85732650756836,36.4522819519043,93f2ac97-cc79-4216-b7b8-bbcf7adaf1fa
0c2fd96c-6aa4-4974-a0f5-fad0d639829f,TN,TN-23,locality,,land,جرزونة الشرقية,"[[""ar"", ""جرزونة الشرقية""], [""fr"", ""Jarzouna Est""]]",True,True,9.875391006469727,37.244163513183594,9.913846969604492,37.27519226074219,1da2e800-799b-49e9-9e63-771640943af1
31155fc2-8572-48ac-bdfe-e57513d4513c,TN,TN-34,locality,,land,سيدي عياد,"[[""ar"", ""سيدي عياد""], [""fr"", ""Sidi Ayed""]]",True,True,9.315301895141602,36.32386016845703,9.43090534210205,36.40805435180664,ea498f49-aa97-4acc-a4db-0690eb347a14
e171958e-9225-4a69-a63c-fbfc52069cf3,TN,TN-13,locality,,land,مرناق الغربية,"[[""ar"", ""مرناق الغربية""], [""fr"", ""Mornag Ouest""]]",True,True,10.258214950561523,36.63861846923828,10.30295467376709,36.68912124633789,94b0add0-2088-446d-a67f-aec62a074f63
06f0e941-2cad-41eb-b197-be0878718a2d,TN,TN-12,locality,,land,سيدي ثابت,"[[""ar"", ""سيدي ثابت""], [""fr"", ""Sidi Thabet""], [""aeb"", ""سيدي ثابت""], [""en"", ""Sidi Thabet""], [""he"", ""סידי ת'אבת""], [""fa"", ""سیدی ثابت""]]",True,True,10.026749610900879,36.87875747680664,10.089911460876465,36.924991607666016,7c86c876-473c-4ec7-a3fd-c0e111ff2a36
6d8e9cb9-3747-4df4-b884-b92737b34241,TN,TN-22,region,1,land,ولاية زغوان,"[[""bs"", ""Guvernerat Zaghouan""], [""hr"", ""Guvernerat Zaghouan""], [""ar"", ""ولاية زغوان""], [""fr"", ""Gouvernorat Zaghouan""], [""lv"", ""Zaghouan province""], [""uk"", ""Загуан (вілаєт)""], [""ceb"", ""Gouvernorat de Zaghouan""], [""pt-PT"", ""Província Administrativa de Zaghouan""], [""pt"", ""Zaguã (província)""], [""cs"", ""Zaghouan""], [""zu"", ""Zaghouan Governorate""], [""el"", ""Ζαγκουάν (Κυβερνείο)""], [""it"", ""Governatorato di Zaghouan""], [""ca"", ""Governació de Zaghouan""], [""pt-BR"", ""Província de Zaghouan""], [""vi"", ""Tỉnh Zaghouan""], [""nl"", ""Zaghouan (gouvernement)""], [""zh-Hans"", ""宰格万省""], [""bg"", ""Загуан (област)""], [""ko"", ""자구완주""], [""et"", ""Zaghouani kubermang""], [""de"", ""Gouvernement Zaghouan""], [""cy"", ""Zaghouan (talaith)""], [""frr"", ""Zaghouan (Guwernement)""], [""be-Latn-tarask"", ""Загўан (вілает)""], [""ur"", ""ولایت زغوان""], [""ru"", ""Загван (вилайет)""], [""th"", ""ซักฮูอัน โกเวอร์โนเรท""], [""id"", ""Kegubernuran Zaghouan""], [""sr-Latn"", ""Zaghouan guvernanta""], [""sv"", ""Zaghouan guvernement""], [""tr"", ""Zağvan ili""], [""da"", ""Zaghouan - guvernement""], [""zh-Hant"", ""扎古萬省""], [""en"", ""Zaghouan Governorate""], [""he"", ""מחוז זגואן""], [""sk"", ""Gubernát Zaghouan""], [""es"", ""Gobernación de Zaghouan""], [""sco"", ""Zaghouan Govrenorate""], [""be"", ""Загван (вілает)""], [""ja"", ""ザグアン県""], [""fi"", ""Zaghouanin kuvernoraatti""], [""ro"", ""Guvernoratul Zaghouan""], [""lt"", ""Zaghuano vilajetas""], [""no"", ""Zaghouan (guvernement)""], [""sl"", ""Gubernija Zaghouan""], [""fa"", ""استان زغوان""], [""zh"", ""宰格萬省""], [""ms"", ""Kawasan kegabenoran Zaghouan""], [""hu"", ""Zaghouan kormányzóság""], [""pl"", ""Gubernatorstwo Zaghwan""], [""sh"", ""Zaghouan (vilajet)""]]",True,True,9.594527244567871,36.00056838989258,10.390886306762695,36.66276931762695,9fd1632b-f7eb-402f-9316-4fd130d8fed8
30331743-a16b-4de1-9a9b-c8cde3a2980d,TN,TN-13,region,1,land,ولاية بن عروس,"[[""bs"", ""Ben Arous""], [""hr"", ""Ben Arous""], [""ka"", ""ბენ-არუსის ვილაიეთი""], [""ar"", ""ولاية بن عروس""], [""fr"", ""Gouvernorat Ben Arous""], [""lv"", ""Ben Arūsa""], [""uk"", ""Бен-Арус (вілаєт)""], [""ceb"", ""Gouvernorat de Ben Arous""], [""pt-PT"", ""Ben Arous""], [""pt"", ""Ben Arous (província)""], [""cs"", ""Ben Arous""], [""zu"", ""Ben Arous Governorate""], [""el"", ""Κυβερνείο του Μπεν Αρούς""], [""it"", ""Ben Arous""], [""ca"", ""Governació de Ben Arous""], [""pt-BR"", ""Ben Arous""], [""vi"", ""Ben Arous""], [""nl"", ""Ben Arous (gouvernement)""], [""zh-Hans"", ""本阿鲁斯""], [""bg"", ""Бен Арус (област)""], [""ko"", ""벤아루스주""], [""et"", ""Ben Arous""], [""de"", ""Bin Arus""], [""cy"", ""Ben Arous (talaith)""], [""azb"", ""بن عروس""], [""frr"", ""Ben Arous (Guwernement)""], [""be-Latn-tarask"", ""Бэн-Арус (вілает)""], [""ur"", ""بن عروس""], [""ru"", ""Бен-Арус (вилайет)""], [""th"", ""เบนอารุส""], [""id"", ""Kegubernuran Ben Arous""], [""sr-Latn"", ""Ben Arus""], [""sv"", ""Ben Arous (guvernement)""], [""tr"", ""Ben Arus ili""], [""da"", ""Ben Arous""], [""zh-Hant"", ""本阿魯斯""], [""en"", ""Ben Arous""], [""he"", ""בן ערוס (מחוז)""], [""sk"", ""Ben Arous""], [""bar"", ""Gouvernement Ben Arous""], [""az"", ""Ben Arus (vilayət)""], [""es"", ""Gobernación de Ben Arous""], [""sco"", ""Ben Arous Govrenorate""], [""be"", ""Бен-Арус (вілает)""], [""ja"", ""ベンナラス県""], [""fi"", ""Ben Arous (kuvernementti)""], [""ro"", ""Guvernoratul Ben Arous""], [""lt"", ""Ben Aruso vilajetas""], [""no"", ""Ben Arous (guvernement)""], [""sl"", ""Ben Arous""], [""fa"", ""بن عروس""], [""zh"", ""本阿魯斯省""], [""hu"", ""Ben Arúsz kormányzóság""], [""pl"", ""Gubernatorstwo Bin Arus""], [""ks"", ""بن عروس""], [""sh"", ""Ben Arous (vilajet)""]]",True,True,10.042950630187988,36.446434020996094,10.418740272521973,36.81254959106445,e7a24489-af34-4b59-a930-1deccc842f52
51f17371-346c-417f-b631-2dee44ba364e,TN,TN-13,locality,,land,فرحات حشاد,"[[""ar"", ""فرحات حشاد""], [""fr"", ""Farhat Hached""]]",True,True,10.316264152526855,36.71540832519531,10.33236026763916,36.73637008666992,76ea272b-c673-4086-b3ca-2b02276a60e4
4c04c864-4948-4bbd-b8af-8083119de4d0,TN,TN-31,locality,,land,نفزة الشرقية,"[[""ar"", ""نفزة الشرقية""], [""fr"", ""Nefza Est""]]",True,True,9.064458847045898,36.96946716308594,9.122320175170898,37.008323669433594,6ffc710a-e01e-49c1-a5b5-7e36855a9302
ec897734-892b-4216-bcc7-54c4fd20fac7,TN,TN-34,locality,,land,ضاحية بوعرادة,"[[""ar"", ""ضاحية بوعرادة""], [""fr"", ""Banlieue Bouarada""]]",True,True,9.531667709350586,36.34135437011719,9.652759552001953,36.42853927612305,9fc40998-3183-41ca-bde1-ea12bc8d754c
4eca705f-d085-4c97-a2a8-1e04f8d45da4,TN,TN-14,county,2,land,معتمدية وادي اللیل,"[[""ar"", ""معتمدية وادي اللیل‬""], [""fr"", ""Délégation Oued Ellil""]]",True,True,9.96423053741455,36.78661346435547,10.082425117492676,36.87287139892578,fb98d839-33e6-4c92-82da-ac058a53c27a
cf99ed62-746e-4237-b460-07956314e99f,TN,TN-23,locality,,land,هيشر,"[[""ar"", ""هيشر""], [""fr"", ""Hicher""]]",True,True,9.564624786376953,37.24303436279297,9.719721794128418,37.32908630371094,5c7b98b3-9a82-4f54-8bd4-f89fe01c0149
26173c5c-b161-4324-8d1f-fa8278367383,TN,TN-32,locality,,land,بني محمد,"[[""ar"", ""بني محمد""], [""fr"", ""Ben Mhammed""]]",True,True,8.860555648803711,36.73120880126953,8.94924545288086,36.786285400390625,547ab29c-f189-4dd4-aaf9-a62f031146ff
5460611e-fec3-4c07-bd37-8a7d97bd37be,TN,TN-13,locality,,land,نعسان,"[[""ar"", ""نعسان""], [""fr"", ""Naassen""], [""en"", ""Naassen""], [""he"", ""נעסאן""], [""fa"", ""نعسان""]]",True,True,10.223905563354492,36.68338394165039,10.250504493713379,36.710941314697266,583446b5-a7c6-40c6-a690-5ae9495ed5fa
d7fb4995-ba60-418f-88c7-954c07382239,TN,TN-31,locality,,land,الطرهوني,"[[""ar"", ""الطرهوني""], [""fr"", ""Tarhouni""]]",True,True,9.016155242919922,36.65816879272461,9.082371711730957,36.72838592529297,fe08adb7-1a49-424e-a94f-d275423909a1
2416ef56-52f0-4262-a0a0-e6122944983a,TN,TN-31,locality,,land,الغرابة,"[[""ar"", ""الغرابة""], [""fr"", ""El Ghraba""]]",True,True,9.142815589904785,36.862247467041016,9.2750244140625,36.92198181152344,2a9ba613-d902-47ed-858b-7c15730badb3
3c6a0976-34ef-4e8d-b642-ab182c7aea8e,TN,TN-31,macrohood,,land,حي السلامة 2,"[[""en"", ""Hay Essalema 2""], [""ar"", ""حي السلامة 2""], [""fr"", ""Hay Essalema 2""]]",True,True,9.623446464538574,36.64625549316406,9.62617301940918,36.647674560546875,0849c355-6b06-4acb-ba82-1749a1421248
5e2ffc58-bda7-46ca-93d1-ea0b80c0e532,TN,TN-31,locality,,land,القوسة,"[[""ar"", ""القوسة""], [""fr"", ""El Goussa""], [""en"", ""La Goussa""]]",True,True,9.00637149810791,36.72412872314453,9.088337898254395,36.78337097167969,af7c5edd-be1f-44eb-a4c0-708e47297960
d2e786ed-1baa-41f7-93f9-76615dd0fbd0,TN,TN-13,county,2,land,معتمدية المحمدية,"[[""ar"", ""معتمدية المحمدية""], [""fr"", ""Délégation Mohamedia""]]",True,True,10.042950630187988,36.5809440612793,10.21369457244873,36.708675384521484,fdc1e781-57e5-4fc5-8981-5c563bc37cf6
d5940f93-d2bc-4ec4-b12a-ba1c39375428,TN,TN-11,county,2,land,معتمدية جبل الجلود,"[[""ar"", ""معتمدية جبل الجلود""], [""fr"", ""Délégation Djebel Jelloud""]]",True,True,10.190363883972168,36.74876403808594,10.220352172851562,36.782691955566406,06682fcc-220d-4a57-8a65-112fd67ebbbc
3e0a2e64-878a-45c6-9ac5-0c3bcaee0fd9,TN,TN-12,locality,,land,برج الوزير,"[[""ar"", ""برج الوزير""], [""fr"", ""Borj Louzir""]]",True,True,10.200395584106445,36.84854507446289,10.225260734558105,36.8729362487793,e9b9bf2f-8065-40aa-a5da-2c73cbfc93f6
31df314f-3d57-41af-9534-d7bc239fa5f8,TN,TN-32,locality,,land,الحمران,"[[""ar"", ""الحمران""], [""fr"", ""El Homrane""]]",True,True,8.797430038452148,36.74568557739258,8.933545112609863,36.82331848144531,030a3ffa-19a6-40dd-a2ef-1d175b2a492b
364450aa-c28a-45fb-9df7-47b306eff553,TN,TN-22,locality,,land,بئر مشارقة,"[[""ar"", ""بئر مشارقة""], [""fr"", ""Bir Mcherga""], [""en"", ""Bir Mcherga""]]",True,True,9.900702476501465,36.464866638183594,10.015705108642578,36.54298400878906,f974c0b1-211a-482b-87ec-190204a0b9f8
48f078f5-c8a3-4a07-85a7-f1691723bb88,TN,TN-11,locality,,land,حي السلام,"[[""ar"", ""حي السلام""], [""fr"", ""Hay Es Salem""]]",True,True,10.180325508117676,36.8294792175293,10.202306747436523,36.85140609741211,353ea537-520d-4090-9c7f-ecedf790a42a
6469ffb1-4029-4c49-8598-ab345870d437,TN,TN-34,locality,,land,الأحواز الشمالية,"[[""ar"", ""الأحواز الشمالية""], [""fr"", ""El Ahouaz Nord""]]",True,True,9.304658889770508,36.22585678100586,9.48127555847168,36.33879089355469,cbd11fe3-2ab5-4d71-a0bd-2e02959790f8
6ed684e9-b805-476c-a94b-449e5cdf0155,TN,TN-14,locality,,land,بورقبة,"[[""ar"", ""بورقبة""], [""fr"", ""Bouragba""]]",True,True,9.99387264251709,36.71232986450195,10.064138412475586,36.753318786621094,3a4e42fa-39bc-41fe-ba15-b2e50739a787
c272af03-37eb-4b1a-a9b2-b9ccb3db2e3d,TN,TN-14,locality,,land,حي الشباب,"[[""ar"", ""حي الشباب""], [""fr"", ""Cité Ech - Chabeb""]]",True,True,10.066967010498047,36.82884216308594,10.094076156616211,36.85697555541992,ee147bc1-357f-44bc-8c19-9c9d2018b9b8
e489ea71-fe54-4418-a8d2-b33d4f230c97,TN,TN-23,locality,,land,أحواز ماطر,"[[""ar"", ""أحواز ماطر""], [""fr"", ""Banlieue de Mateur""]]",True,True,9.617707252502441,37.04283905029297,9.721179008483887,37.11418533325195,0ab3a341-f6c8-41c7-a74d-c93f01467d0c
1988b283-c2f7-4bbe-a6cc-48dc2779439b,TN,TN-11,locality,,land,الحبيب ثامر,"[[""ar"", ""الحبيب ثامر""], [""fr"", ""Habib Thameur""]]",True,True,10.180288314819336,36.79972839355469,10.2239408493042,36.80695343017578,da6f62e4-dc4f-4537-b483-dc893c7c9a3a
5bcdaed5-656b-45eb-9298-f213e07783e5,TN,TN-12,locality,,land,دار فضال,"[[""ar"", ""دار فضال""], [""fr"", ""Dar Fadhal""]]",True,True,10.231109619140625,36.85689163208008,10.253955841064453,36.87464904785156,4d33900c-285f-4d9b-893c-2d140cb7c56d
4d756537-3ff7-4fde-b2e3-1b61c7863639,TN,TN-32,locality,,land,العواوضة,"[[""ar"", ""العواوضة""], [""fr"", ""El Aouaoudha""]]",True,True,8.868892669677734,36.64059066772461,8.975658416748047,36.739784240722656,859c8d7f-46c7-400d-9caf-0bab3cc2421d
f509bb0a-2109-4ed2-aeb3-5718e82d039e,TN,TN-11,locality,,land,الكبارية 4,"[[""ar"", ""الكبارية 4""], [""fr"", ""El Kabaria (4)""]]",True,True,10.187313079833984,36.745948791503906,10.19551944732666,36.75737762451172,146737a6-5480-486b-8e41-2e270730e4e9
630bce92-0538-4400-abf5-7c331d4e23f9,TN,TN-23,locality,,land,لواتة,"[[""ar"", ""لواتة""], [""fr"", ""Louata""], [""en"", ""Louata""]]",True,True,9.661243438720703,37.169010162353516,9.78742504119873,37.26020431518555,31f78123-158b-4655-b32d-02de07752576
76c0853f-c67e-42db-b569-ffd7d9e5ecfc,TN,TN-13,locality,,land,الخليدية,"[[""ar"", ""الخليدية""], [""fr"", ""Khelidia""]]",True,True,10.126493453979492,36.600791931152344,10.223372459411621,36.65339279174805,3831e3b2-c7ba-4c7c-a84b-a7bd7e9b597d
3ff6a86f-9e92-482b-a7a1-c5c9f47e11b0,TN,TN-32,locality,,land,بولعابة,"[[""ar"", ""بولعابة""], [""fr"", ""Boulaaba""]]",True,True,8.77430534362793,36.60078430175781,8.87987232208252,36.67349624633789,56132698-d036-47a9-bc5c-928ef2eae97d
141ac9d0-fabe-4e22-96b6-b1540e700c8f,TN,TN-11,locality,,land,الحديقة,"[[""ar"", ""الحديقة""], [""fr"", ""El Hadika""]]",True,True,10.124412536621094,36.8176383972168,10.138213157653809,36.82743835449219,0cdde5d4-6809-4fed-88b2-2e46df1194e9
1d2a42ca-086c-46f9-96ed-e590a4e58494,TN,TN-11,locality,,land,أحمد التليلي,"[[""ar"", ""أحمد التليلي""], [""fr"", ""Ahmed Tlili""]]",True,True,10.128954887390137,36.8271484375,10.135778427124023,36.83721160888672,a6d39675-ad40-46fe-97ea-b382ae3d9702
f87fa5c2-d0e6-4cd8-bcea-2cfec4d9dc49,TN,TN-13,locality,,land,سيدي رزيق,"[[""ar"", ""سيدي رزيق""], [""fr"", ""Sidi Rezig""]]",True,True,10.243033409118652,36.7598991394043,10.25604248046875,36.76757049560547,30a8cc8d-30fe-4750-9568-d232df589c90
68106dcd-a7b7-4620-8939-4ba0820bbc32,TN,TN-11,locality,,land,كرم الشرقية,"[[""ar"", ""كرم الشرقية""], [""fr"", ""Le Kram Est""]]",True,True,10.3129301071167,36.828617095947266,10.323872566223145,36.841251373291016,417878f4-de23-47d8-a9e8-9a51edc6e8c0
ea7aca26-d691-4450-93cf-a6faa2556c9a,TN,TN-23,locality,,land,حي الجلاء,"[[""ar"", ""حي الجلاء""], [""fr"", ""Cite El Jala""]]",True,True,9.834476470947266,37.26541519165039,9.857234954833984,37.27981185913086,c165ec5e-0be3-4b15-9c55-f5d075089a7b
cd42d172-aeb5-4a8b-9f44-a22c2245f221,TN,TN-23,locality,,land,الطواجنية,"[[""ar"", ""الطواجنية""], [""fr"", ""Touajnia""]]",True,True,9.203702926635742,36.929039001464844,9.293312072753906,37.022491455078125,f00e51b9-2fe1-44b9-930b-10486d1a0182
d0293cae-386d-4be0-80a0-f609e4ee0966,TN,TN-13,locality,,land,سيدي سعد,"[[""ar"", ""سيدي سعد""], [""fr"", ""Sidi Saad""]]",True,True,10.231586456298828,36.63849639892578,10.298257827758789,36.712650299072266,b97f959e-fb06-42c0-bc17-b3ac37acc133
ca460229-9df0-4278-a5bf-6f2545ec3788,TN,TN-31,locality,,land,الظهيرات,"[[""ar"", ""الظهيرات""], [""fr"", ""Dehiret""]]",True,True,9.083768844604492,36.903446197509766,9.145269393920898,36.982666015625,2cce51d8-4fce-4dc5-8e4a-6ea97dabb7d9
680a8254-1d3a-4d5f-8445-aa761141f561,TN,TN-11,county,2,land,الكبارية,"[[""ar"", ""الكبارية""], [""fr"", ""Délégation El Kabaria""]]",True,True,10.169381141662598,36.7199592590332,10.209657669067383,36.76487350463867,36196f6b-7076-4661-92a4-ec402eb55859
30fc1d5c-b0db-4091-bb14-cb916a9b29f0,TN,TN-23,locality,,land,النجاح 1,"[[""ar"", ""النجاح 1""], [""fr"", ""Ennajah 1""]]",True,True,9.771187782287598,37.14522933959961,9.78576374053955,37.159149169921875,7afbf20e-d7d3-44ed-bcb4-24bd3d874917
fe84d0b9-5eeb-4e30-8744-c11ab9e08fa7,TN,TN-23,locality,,land,القنال,"[[""ar"", ""القنال""], [""fr"", ""El Canal""]]",True,True,9.872730255126953,37.26966857910156,9.883041381835938,37.278202056884766,6a4a7474-fc37-46ef-9b6d-fd626454a689
9fcb92f9-a9b1-4a1c-85de-775f96ac037b,TN,TN-13,locality,,land,حمام الانف المدينة,"[[""ar"", ""حمام الانف المدينة""], [""fr"", ""Hammam Lif Ville""]]",True,True,10.325394630432129,36.71940994262695,10.340362548828125,36.73532485961914,7cafa4fa-cce7-40f4-a372-8965a7d5e623
aa7fc4b6-04dc-4652-86f7-a696a9668f68,TN,TN-32,locality,,land,الحامدية,"[[""ar"", ""الحامدية""], [""fr"", ""El Hamdia""]]",True,True,8.753033638000488,36.87883377075195,8.824864387512207,36.95838165283203,1ec03688-aeae-4552-ade2-69544150a787
d66e762b-2241-499a-bc97-375f5aa050ef,TN,TN-11,locality,,land,قرطاج بيرصة,"[[""ar"", ""قرطاج بيرصة""], [""fr"", ""Carthage Byrsa""]]",True,True,10.315629005432129,36.8414192199707,10.336553573608398,36.87198257446289,c775558b-da87-405d-a2c2-007a08b6934a
8000856f-af07-4428-9cad-b07e8dcb76bd,TN,TN-32,locality,,land,عين الصبح,"[[""ar"", ""عين الصبح""], [""fr"", ""Ain Essobh""]]",True,True,8.79611587524414,36.92584991455078,8.943682670593262,37.00845718383789,3828f824-8596-42af-9dd0-4e29e02ba02c
79aa4ba9-b0ee-4d09-8aae-09d618826189,TN,TN-12,locality,,land,أريانة العليا,"[[""ar"", ""أريانة العليا""], [""fr"", ""Ariana Supérieure""]]",True,True,10.148268699645996,36.8556022644043,10.188265800476074,36.89091491699219,ce38f48e-5ee9-4437-8ebf-fcc2eb28b49b
8ca535ad-f9dd-4697-abd9-6a2c9673fd22,TN,TN-32,locality,,land,الجريف,"[[""ar"", ""الجريف""], [""fr"", ""El Jerif""]]",True,True,8.657501220703125,36.3927001953125,8.752167701721191,36.468238830566406,18444f62-fe06-4fab-823b-3676a9f4d96a
afb03d99-4542-4ae6-8320-826bfdeb7fb8,TN,TN-22,locality,,land,زغوان الجنوبية,"[[""ar"", ""زغوان الجنوبية""], [""fr"", ""Zaghouan Sud""]]",True,True,10.128891944885254,36.36911392211914,10.192816734313965,36.4278678894043,5b006e13-559f-4b6c-afba-a584af26fe64
f0a01b58-ba21-4d1b-b034-67ec24262888,TN,TN-32,locality,,land,الزغايدة,"[[""ar"", ""الزغايدة""], [""fr"", ""Ezzghaida""]]",True,True,8.76476764678955,36.49174499511719,8.778101921081543,36.5136833190918,83170b98-723b-4d42-a0d2-62154b5c13c5
0c2971c0-bc41-45bc-9f02-ec0b31ea62e3,TN,TN-12,locality,,land,المدينة الفاضلة,"[[""ar"", ""المدينة الفاضلة""], [""fr"", ""El Medina El Fadhla""]]",True,True,10.147191047668457,36.8841438293457,10.181514739990234,36.91114044189453,fbbd34d1-7e3f-444d-91b1-935e06bbdc8c
d0e6be4c-11df-4cea-9627-0e1568dc34c4,TN,TN-31,locality,,land,النشيمة,"[[""ar"", ""النشيمة""], [""fr"", ""En-Nechima""]]",True,True,9.067610740661621,36.5423698425293,9.122570037841797,36.602500915527344,7d9d2568-8e92-4936-b07f-b8145b88b8a5
0932fde5-7b86-4e3d-a185-0fb16d9ffab5,TN,TN-23,locality,,land,ماطر,"[[""ar"", ""ماطر""], [""fr"", ""Mateur""], [""de"", ""Matir""], [""azb"", ""ماطر""], [""ur"", ""ماطر""], [""ru"", ""Матир""], [""pnb"", ""ماطر""], [""en"", ""Matir""], [""kab"", ""Maṭer""], [""fa"", ""ماطر""], [""ks"", ""ماطر""]]",True,True,9.633780479431152,37.02428436279297,9.705434799194336,37.04988479614258,b4adbcbf-442c-487c-97f3-d593fa07427a
57c193cb-6ab3-46ea-a972-db2dadc1c1de,TN,TN-31,locality,,land,ريحانة,"[[""ar"", ""ريحانة""], [""fr"", ""Rihana""]]",True,True,9.067889213562012,36.3887939453125,9.195409774780273,36.46550369262695,474e5aa9-80de-40be-a003-d046b6f7e314
d578a959-3016-44c5-9fae-b979dd14ccfa,TN,TN-13,locality,,land,عين رقاد,"[[""ar"", ""عين رقاد""], [""fr"", ""Ain Rekad""]]",True,True,10.163914680480957,36.5034065246582,10.282544136047363,36.556793212890625,94af31de-2c5a-40d6-b260-fbc9ffdb5192
325ee838-24dd-49b6-8595-f27225633f68,TN,TN-12,locality,,land,النخيلات,"[[""ar"", ""النخيلات""], [""fr"", ""Nkhilet""]]",True,True,10.181329727172852,36.879486083984375,10.211153030395508,36.906002044677734,0c5b8042-7553-4cd5-a426-2a848971efae
c66e7fae-d2d2-49f7-abf1-01b347b96cff,TN,TN-23,locality,,land,ترقلاش,"[[""ar"", ""ترقلاش""], [""fr"", ""Targuellache""]]",True,True,9.71080207824707,36.88898849487305,9.833412170410156,37.02438735961914,6f3451c9-bb30-47ba-af41-292518bce71c
45b343d4-a910-4985-88ca-554343069fa8,TN,TN-11,locality,,land,الملاسين,"[[""ar"", ""الملاسين""], [""fr"", ""Mellassine""]]",True,True,10.148175239562988,36.7922477722168,10.155965805053711,36.79807662963867,3c1fd56e-8e56-43c4-9830-c7de22ad8c9d
fac76732-8dbf-4a88-a77e-06a0b5f4164a,TN,TN-14,locality,,land,الفجة,"[[""ar"", ""الفجة""], [""fr"", ""El Fajja""]]",True,True,9.861438751220703,36.55297088623047,10.017464637756348,36.743797302246094,1e110eba-9b18-40af-834b-7985176ed60c
0027fdee-2037-4f0e-8bb1-b43cb208f77e,TN,TN-14,locality,,land,القباعة,"[[""en"", ""Gobaa""], [""ar"", ""القباعة""], [""fr"", ""Gobaâ""], [""de"", ""Al-Qaba'a""]]",True,True,10.053807258605957,36.82146453857422,10.067281723022461,36.82716751098633,d1d574a6-0e8f-4467-b834-1c26ad288513
36b80b25-7d81-4beb-9253-89b801734c64,TN,TN-11,locality,,land,الكبارية 3,"[[""ar"", ""الكبارية 3""], [""fr"", ""El Kabaria (3)""]]",True,True,10.191890716552734,36.75236511230469,10.202922821044922,36.76036834716797,e9351aa0-4a71-4bd5-b467-5b822b79bc64
b1e17fbc-a99b-4357-8cff-0535e49628ce,TN,TN-31,locality,,land,الطبابة,"[[""ar"", ""الطبابة""], [""fr"", ""Tebaba""]]",True,True,9.018665313720703,36.852439880371094,9.162582397460938,36.92462158203125,b21ff06b-f9c6-4ddc-84c8-644ac85e0ad2
4a910aab-520f-4cf3-958d-593485e5a726,TN,TN-23,locality,,land,عوسجة,"[[""ar"", ""عوسجة""], [""fr"", ""Ousja""], [""en"", ""Aousja""]]",True,True,10.046758651733398,37.123008728027344,10.125432014465332,37.21586990356445,2de0419b-7076-4fd0-b38b-14b0f6f4aaaf
e59599af-58a6-47eb-9928-a789812ffc08,TN,TN-23,locality,,land,بهاية,"[[""ar"", ""بهاية""], [""fr"", ""Behaya""]]",True,True,9.492952346801758,36.85591506958008,9.670449256896973,37.03126907348633,6a2845ba-3090-4a2c-819b-496c92fd1c8e
25f94a8b-ea2c-4f42-9047-9fe61d9ec9b5,TN,TN-14,locality,,land,منوبة الوسطى,"[[""ar"", ""منوبة الوسطى""], [""fr"", ""Manouba Centre""]]",True,True,10.097376823425293,36.79985427856445,10.107293128967285,36.81650161743164,4a8a9ec5-f687-4297-b370-da58baa5b849
21bab5a4-039b-454a-85d1-8b6b171a6432,TN,TN-14,locality,,land,طبربة,"[[""ar"", ""طبربة""], [""fr"", ""Tebourba""], [""azb"", ""طبربه""], [""en"", ""Tebourba""], [""az-Arab"", ""طبربه""], [""fa"", ""طبربه""]]",True,True,9.83642578125,36.80831527709961,9.897431373596191,36.835872650146484,7cacdb9b-ec3d-4b55-90e4-14885c8a3b7b
f6ff8349-25a8-45ee-9109-d5929775ff2b,TN,TN-32,locality,,land,زطفورة,"[[""ar"", ""زطفورة""], [""fr"", ""Zatfour""]]",True,True,8.633721351623535,36.543006896972656,8.732953071594238,36.599647521972656,a87bbbc3-f5de-48ba-b630-7afd405abb29
cb118a41-d12b-45c2-94ca-b289eb4b3b6c,TN,TN-31,locality,,land,جبل الديس,"[[""ar"", ""جبل الديس""], [""fr"", ""Djebel Ediss""]]",True,True,9.086141586303711,36.984947204589844,9.209126472473145,37.0552864074707,01023494-dbb7-4f2b-ac7e-01ca1ad0fd08
8d82515f-fe1b-4cfd-bb56-83448ac768a1,TN,TN-32,locality,,land,سيدي عمار,"[[""ar"", ""سيدي عمار""], [""fr"", ""Sidi Ammar""]]",True,True,8.69383716583252,36.59868621826172,8.787468910217285,36.64873123168945,e2b88a2b-9ba9-4284-847e-694113435009
2d0a89f3-27a7-45d1-b9fa-008dc92f42c6,TN,TN-31,locality,,land,عين جمالة,"[[""ar"", ""عين جمالة""], [""fr"", ""Ain Djammala""], [""en"", ""Ain Jammala""]]",True,True,9.24545955657959,36.42707824707031,9.36119270324707,36.53934097290039,79dd016e-3c36-4e4b-8d22-37c4d90996d0
6242aaa7-0846-4a7c-ba76-e78e708b3161,TN,TN-11,locality,,land,سيدي داود,"[[""en"", ""Sayydi Dawud""], [""ar"", ""سيدي داود""], [""fr"", ""Sidi Daoued""], [""de"", ""Sayydi Dawud""]]",True,True,10.297760963439941,36.85718536376953,10.315930366516113,36.87022399902344,c5d55fa9-9dd0-452d-ab96-b36934cab3c7
e0d11a3e-5e6c-49e4-9e78-87c69f936fab,TN,TN-23,locality,,land,البسباسية,"[[""ar"", ""البسباسية""], [""fr"", ""Besbassia""], [""en"", ""El Besbassia""]]",True,True,9.896124839782715,37.03411102294922,9.986356735229492,37.1038932800293,11a5d4fd-92d4-4e7c-a235-1a7b61cbbf98
99d21e16-99ca-47af-9c9e-aab1faabfde3,TN,TN-31,locality,,land,فطناسة,"[[""ar"", ""فطناسة""], [""fr"", ""Fatnassa""]]",True,True,9.179389953613281,36.910926818847656,9.260244369506836,36.968875885009766,11eefd42-0455-442a-92b6-3a3cbc12ebde
0869af73-a584-4ebf-bead-674a7f5a435a,TN,TN-34,locality,,land,بوجليدة,"[[""ar"", ""بوجليدة""], [""fr"", ""Boujlida""], [""en"", ""Boujlida""]]",True,True,9.454483032226562,36.371402740478516,9.57853889465332,36.46384048461914,0b9a0630-2740-469b-b994-9c5c3b51ec0e
b241a52c-3b00-440e-b234-c44e37dfe3f9,TN,TN-32,locality,,land,حكيم الشمالية,"[[""ar"", ""حكيم الشمالية""], [""fr"", ""Hakim Nord""]]",True,True,8.591540336608887,36.454200744628906,8.671252250671387,36.518829345703125,adfbb5d8-99b0-4fe0-a7a8-9ca52ea224da
3a1c65c9-092d-43ae-bb56-f89ddddd3a3d,TN,TN-23,locality,,land,العالية الجنوبية,"[[""ar"", ""العالية الجنوبية""], [""fr"", ""El Alia Sud""]]",True,True,10.004057884216309,37.13064956665039,10.059833526611328,37.1903190612793,30dd8ff1-ddd5-4489-8ccc-f69a75ae6f0b
6231d423-f4b7-44aa-bfd0-5d2b40150f89,TN,TN-32,locality,,land,بو هرتمة,"[[""ar"", ""بو هرتمة""], [""fr"", ""Bou Hertma""]]",True,True,8.727885246276855,36.668418884277344,8.822327613830566,36.73536682128906,e638ac52-17d3-4958-8319-1607d1f90f7b
e1ea0faa-f285-4c30-bd3e-29031e3bc0ed,TN,TN-32,locality,,land,سمران,"[[""ar"", ""سمران""], [""fr"", ""Somrane""]]",True,True,8.919050216674805,36.63071823120117,8.989434242248535,36.69701385498047,899bb9a8-bc5c-4416-b25a-0718ab4272e6
d7474d6b-ce3f-459c-91ca-4fea61b4241d,TN,TN-13,locality,,land,رادس المدينة,"[[""ar"", ""رادس المدينة""], [""fr"", ""Rades Ville""]]",True,True,10.255620956420898,36.758216857910156,10.27829647064209,36.769073486328125,cca291f3-21e3-411f-9a94-34937f6c4a7b
d9e38424-393b-4824-8d02-82fb6a05b277,TN,TN-12,locality,,land,مارس 2,"[[""ar"", ""مارس 2""], [""fr"", ""2 Mars""]]",True,True,10.09650707244873,36.83378982543945,10.106881141662598,36.84150314331055,5a48a1a4-e0ec-4ccc-9f35-7b39e9cb16f5
31d60d6c-53b2-40a4-8030-6563d115c1f0,TN,TN-31,county,2,land,معتمدية عمدون,"[[""ar"", ""معتمدية عمدون""], [""fr"", ""Délégation Amdoun""]]",True,True,8.911250114440918,36.65816879272461,9.143780708312988,36.896663665771484,e29f9edc-a9fe-4b28-843d-c3899579bc77
6c24be32-03be-4147-83ae-c4993af71b3c,TN,TN-13,locality,,land,حي المستقبل,"[[""ar"", ""حي المستقبل""], [""fr"", ""Cite El Mostakbel""]]",True,True,10.145824432373047,36.68790817260742,10.165619850158691,36.704586029052734,e44add26-8b67-4652-9064-17cc9a5ef09d
7293d348-0b3d-49dc-ba8d-727bf652425e,TN,TN-23,locality,,land,المدينة,"[[""ar"", ""المدينة""], [""fr"", ""El Medina""]]",True,True,9.869684219360352,37.27199935913086,9.873568534851074,37.276466369628906,dd1e6383-cf61-4ef5-b889-a0a0380c9864
bb25a591-8853-45d9-9bb2-b9782d15f494,TN,TN-31,locality,,land,بالليف,"[[""ar"", ""بالليف""], [""fr"", ""Bellif""]]",True,True,9.025794982910156,36.996543884277344,9.10568618774414,37.051353454589844,e33edcbe-667e-4c93-ad75-6f4ea0bf4f7d
63423100-8ede-42f1-b7fe-763e4558e134,TN,TN-13,county,2,land,معتمدية مرناق,"[[""ar"", ""معتمدية مرناق""], [""fr"", ""Délégation Mornag""]]",True,True,10.126493453979492,36.446434020996094,10.380423545837402,36.725013732910156,75b15c8f-132a-479c-97ac-81f4d919cbba
5c81eabb-66ba-4ca0-8631-b3db17ab7089,TN,TN-23,locality,,land,المدينة,"[[""en"", ""Al Madina""], [""ar"", ""المدينة""], [""fr"", ""El Mdina""], [""de"", ""Al-Madina""]]",True,True,9.791472434997559,37.127681732177734,9.844289779663086,37.17272186279297,1b8b3ebe-f91c-4ada-a7bc-0febf34ea325
daad8527-fb26-429d-b6aa-1b1b749fc479,TN,TN-11,microhood,,land,ساحة باب بحر,"[[""en"", ""Beb Bhar Square""], [""ar"", ""ساحة باب بحر""], [""fr"", ""Place Beb Bhar""]]",True,True,10.175152778625488,36.798946380615234,10.176004409790039,36.79970169067383,f0bc5ac9-e5a1-4340-bd3b-f9b992150731
d4fc1bb7-15f0-4a80-a7f8-9feb8b5bddef,TN,TN-23,microhood,,land,Place 14 Janvier,"[[""fr"", ""Place 14 Janvier""]]",True,True,9.792078018188477,37.15457534790039,9.79306411743164,37.155372619628906,fa5feaed-8363-486f-82c2-9c09bacc5247
adff7b85-f2c7-474a-b11f-88561fc7b544,TN,TN-32,locality,,land,عين السنوسي,"[[""ar"", ""عين السنوسي""], [""fr"", ""Ain Esnoussi""]]",True,True,8.869505882263184,36.80610275268555,8.994222640991211,36.886497497558594,2b35d70f-09b7-4cac-b9a4-c3744d24c22c
e4a64ec3-2f15-44bb-9654-f8aa3c92139a,TN,TN-32,locality,,land,شمتو,"[[""ar"", ""شمتو""], [""fr"", ""Chemtou""], [""en"", ""Chemtou""]]",True,True,8.540295600891113,36.48291778564453,8.63580322265625,36.566131591796875,73d0383a-cbee-4f7e-8617-f6d23673acae
6f158a17-f634-405b-adf5-52335ed8abe9,TN,TN-31,locality,,land,المنشية,"[[""ar"", ""المنشية""], [""fr"", ""El Menchia""]]",True,True,9.16014289855957,36.43670654296875,9.254433631896973,36.47087097167969,b800a943-70ac-4995-ab16-d062c511c039
91a98614-eb55-4e5c-a96b-c5874897a2a0,TN,TN-11,locality,,land,قمرت,"[[""en"", ""Gammarth""], [""ar"", ""قمرت""], [""fr"", ""Gammarth""]]",True,True,10.269365310668945,36.893760681152344,10.314958572387695,36.92091369628906,da655bb8-9943-46b9-8b62-ee0eb6a6b51e
cd46a978-3509-40e4-9952-7be3685abefc,TN,TN-11,locality,,land,قصر سعيد 2,"[[""ar"", ""قصر سعيد 2""], [""fr"", ""Ksar - Said 2""]]",True,True,10.115333557128906,36.8188362121582,10.12436580657959,36.826934814453125,8426d853-5596-4d85-9d66-4cdd5ee7a255
2bdb24ce-b1e5-4ba8-bb47-107fc11e4170,TN,TN-13,locality,,land,رادس مليان,"[[""ar"", ""رادس مليان""], [""fr"", ""Rades Meliane""]]",True,True,10.275042533874512,36.7537841796875,10.301148414611816,36.77583312988281,95c1bd38-8888-451f-8a6a-303659e03dab
0260a3ec-2a2e-4e7b-8dd5-4e85a1215233,TN,TN-31,county,2,land,معتمدية قبلاط,"[[""ar"", ""معتمدية قبلاط""], [""fr"", ""Délégation Goubellat""]]",True,True,9.525938987731934,36.410858154296875,9.864133834838867,36.646663665771484,9c55270c-8411-40d7-8635-904e6e62a7ac
8fc4ea3f-e004-4edf-9ac3-f0953ad67c2c,TN,TN-34,county,2,land,معتمدية بوعرادة,"[[""ar"", ""معتمدية بوعرادة""], [""fr"", ""Délégation Bou Arada""]]",True,True,9.48005199432373,36.17641067504883,9.761017799377441,36.45090866088867,4b99452a-c739-4947-b8af-bba214fc87d1
5d663ab0-ca9f-4882-9a7c-d49a369c9cc0,TN,TN-11,locality,,land,التحرير الثالث,"[[""ar"", ""التحرير الثالث""], [""fr"", ""Ettahrir (3)""]]",True,True,10.124214172363281,36.81942367553711,10.13271427154541,36.82878112792969,982c2bde-3c67-4ad4-819b-cc4784147c7e
b0a58e34-7fd0-493b-99f3-a91d398c8e85,TN,TN-22,locality,,land,الغريفات,"[[""ar"", ""الغريفات""], [""fr"", ""El Ghrifet""], [""en"", ""El Ghrifette""]]",True,True,9.749449729919434,36.3655891418457,9.970952987670898,36.48430252075195,f88b1832-2d23-4881-8a65-822fc5fa4c8d
c2bc6c6b-c0c5-4361-91a2-a70adf4a4f93,TN,TN-32,locality,,land,عبد الجبار,"[[""ar"", ""عبد الجبار""], [""fr"", ""Abdeljabeur""]]",True,True,8.960444450378418,36.66808319091797,9.01420783996582,36.73253631591797,74df1c1d-e88f-45e7-be79-16166c357487
0dab43a3-d3c4-4732-a69e-6edc07c71c53,TN,TN-31,locality,,land,المزارة,"[[""ar"", ""المزارة""], [""fr"", ""El Mzara""]]",True,True,9.176605224609375,36.72616958618164,9.206499099731445,36.74630355834961,ef623be1-3772-4480-9a51-7c8393061a24
9a0fde19-04c1-4bc7-8fd8-277230393290,TN,TN-14,county,2,land,معتمدية الجديدة,"[[""ar"", ""معتمدية الجديدة""], [""fr"", ""Délégation Djedaïda""]]",True,True,9.850641250610352,36.74945831298828,10.01120376586914,36.957916259765625,9e0610e4-9092-431f-9b3a-fc1d19705db0
10769df6-d6c7-4aec-b60a-d61200e6ea86,TN,TN-34,locality,,land,برج المسعودية جنوبية,"[[""ar"", ""برج المسعودية جنوبية""], [""fr"", ""Borj El Masaoudia Sud""]]",True,True,8.943968772888184,36.23167419433594,9.067668914794922,36.35287857055664,b646d87d-52a6-40e0-94b5-3f78b59b73d6
6dbd6b43-446a-4dad-a809-831ea19beb62,TN,TN-12,locality,,land,جعفر,"[[""ar"", ""جعفر""], [""fr"", ""Jaafar""]]",True,True,10.178105354309082,36.890560150146484,10.191523551940918,36.940711975097656,f1a7fa70-6aae-40e6-886a-4bd3ded13d8d
32ef0e22-7e51-4a20-9fcd-1ee8f265b9cc,TN,TN-11,locality,,land,الصباغين,"[[""ar"", ""الصباغين""], [""fr"", ""El Sabaghine""]]",True,True,10.171507835388184,36.79204177856445,10.176007270812988,36.796871185302734,cece3c52-ed07-4ddd-89c5-4bebccd323d1
95dd4216-d9f3-4ba3-aecf-08ea8071181f,TN,TN-22,locality,,land,وادي الربح - Oued Al Ribah,,True,True,10.191792488098145,36.40671157836914,10.19577693939209,36.41060256958008,6a4612bd-cc15-44ee-967b-55fbc541f103
3edbd215-9509-4857-847d-9fee855d5b5a,TN,TN-31,locality,,land,الحمراء,"[[""ar"", ""الحمراء""], [""fr"", ""El Hamra""]]",True,True,9.0001220703125,36.83609390258789,9.076175689697266,36.896663665771484,2e1dd514-8e73-4c86-a008-30c49dcf3cf6
390368dd-c7f5-49a0-9b4b-8cbc030954c4,TN,TN-33,locality,,land,الشتاتلة,"[[""ar"", ""الشتاتلة""], [""fr"", ""Chetatla""]]",True,True,8.904074668884277,36.32599639892578,8.987342834472656,36.41313934326172,5f004065-d806-4333-80b7-2979c179def0
d27a3f24-0bb5-4c5b-b17b-6c9c6175a85a,TN,TN-23,locality,,land,حي النصر,"[[""ar"", ""حي النصر""], [""fr"", ""Cité Ennasr""]]",True,True,9.52934455871582,37.008975982666016,9.644763946533203,37.098506927490234,25026e73-ed6a-4648-a87d-de90c2739a84
671b0eb4-9311-42b1-ad40-981470df8490,TN,TN-13,locality,,land,حي النسيم,"[[""ar"", ""حي النسيم""], [""fr"", ""Cite El Nassim""]]",True,True,10.155435562133789,36.65791702270508,10.21369457244873,36.689483642578125,8e89f73f-0c5b-45b4-9a61-470d567301f2
78c101b5-6f65-4bc3-a2cb-fe0d04e6b635,TN,TN-22,locality,,land,بئر مشارقة المحطة,"[[""ar"", ""بئر مشارقة المحطة""], [""fr"", ""Bir Mcherga La Gare""], [""en"", ""Bir Mcherga La Gare""]]",True,True,10.000683784484863,36.450504302978516,10.100384712219238,36.53649139404297,bea2d2d6-9825-47ac-aca1-fb425993a291
35385e40-76c3-42dc-b0f5-bdc559ac8744,TN,TN-31,locality,,land,زاقة,"[[""en"", ""Zaqa""], [""ar"", ""زاقة""], [""fr"", ""Zaga""], [""de"", ""Zaqa""]]",True,True,8.971317291259766,36.88447952270508,9.065423011779785,36.964332580566406,a0dbb168-2c4b-4b96-8c06-825682be05a1
37fbe1a4-4729-4b05-b01e-f930032c313c,TN,TN-23,county,2,land,معتمدية العالية,"[[""ar"", ""معتمدية العالية""], [""fr"", ""Délégation El Alia""]]",True,True,9.913979530334473,37.10151290893555,10.068413734436035,37.2149772644043,cc837d8c-a48e-4894-a489-ae1d7054c2b2
4a05f2c9-05cb-4490-bd58-5b095f69f24d,TN,TN-32,locality,,land,السواني,"[[""ar"", ""السواني""], [""fr"", ""Essouani""]]",True,True,8.599966049194336,36.50205993652344,8.736895561218262,36.55363464355469,0c6589c2-1c59-407e-8f11-49007a76189d
556d02a1-bdeb-4563-9009-8900ded51770,TN,TN-11,locality,,land,باردو الشمالية,"[[""ar"", ""باردو الشمالية""], [""fr"", ""Bardo Nord""]]",True,True,10.125447273254395,36.807777404785156,10.137045860290527,36.82012939453125,4505223b-cc44-46e7-8546-06bca19960c6
b4e65e80-49d3-47ba-a172-7aa4cc10256d,TN,TN-11,region,1,land,ولاية تونس,"[[""bs"", ""Tunis""], [""hr"", ""Tunis""], [""ar"", ""ولاية تونس""], [""fr"", ""Gouvernorat Tunis""], [""lv"", ""Tunisa""], [""uk"", ""Туніс (вілаєт)""], [""ceb"", ""Gouvernorat de Tunis""], [""pt-PT"", ""Tunes""], [""pt"", ""Túnis (província)""], [""cs"", ""Tunis""], [""zu"", ""Tunis Governorate""], [""el"", ""Τύνιδα""], [""it"", ""Tunisi""], [""ca"", ""Governació de Tunis""], [""pt-BR"", ""Tunis""], [""vi"", ""Tunis""], [""nl"", ""Tunis (gouvernement)""], [""zh-Hans"", ""蒂尼斯""], [""bg"", ""Тунис (област)""], [""ko"", ""튀니스""], [""et"", ""Tunis""], [""de"", ""Tunis""], [""cy"", ""Tiwnis (talaith)""], [""be-Latn-tarask"", ""Туніс (вілает)""], [""ur"", ""ولایت تونس""], [""ru"", ""Тунис""], [""th"", ""ตูนิส""], [""id"", ""Kegubernuran Tunis""], [""sr-Latn"", ""Tunis""], [""sv"", ""Tunis (guvernement)""], [""tr"", ""Tunus ili""], [""da"", ""Tunis""], [""zh-Hant"", ""突尼斯市""], [""en"", ""Tunis""], [""he"", ""תוניס""], [""sk"", ""Tunis""], [""es"", ""Gobernación de Túnez""], [""sco"", ""Tunis Govrenorate""], [""be"", ""Туніс (вілает)""], [""ja"", ""チュニス県""], [""fi"", ""Tunis""], [""ro"", ""Guvernoratul Tunis""], [""lt"", ""Tunisas""], [""no"", ""Tunis (guvernement)""], [""sl"", ""Tunis""], [""fa"", ""استان تونس""], [""zh"", ""突尼斯省""], [""ms"", ""Kawasan kegabenoran Tunis""], [""hu"", ""Tunisz""], [""pl"", ""Gubernatorstwo Tunis""], [""sh"", ""Tunis (vilajet)""]]",True,True,10.003788948059082,36.6925048828125,10.354809761047363,36.94301986694336,10197c4d-3bb3-4e2e-9591-0fbeea971bd1
191dcac5-a728-4f0b-b8f1-5108c095d4bb,TN,TN-32,locality,,land,الدورة,"[[""ar"", ""الدورة""], [""fr"", ""Eddaoura""]]",True,True,8.391918182373047,36.45307159423828,8.521292686462402,36.496490478515625,6bfd8789-bed9-448d-bc73-47b7d7301383
e6fa69fd-9af7-4d60-b316-e37ca2aa37bf,TN,TN-11,county,2,land,معتمدية سيدي البشير,"[[""ar"", ""معتمدية سيدي البشير""], [""fr"", ""Délégation Sidi El Béchir""]]",True,True,10.163026809692383,36.77451705932617,10.19080924987793,36.795047760009766,717049e0-7c89-4416-980f-8e690c7070f0
31f4c124-9638-48d1-b494-d3616a0fb559,TN,TN-23,locality,,land,دوار عبد القادر,"[[""en"", ""Dawar Abd al-Qadir""], [""ar"", ""دوار عبد القادر""], [""fr"", ""Douar Abdelkader""], [""de"", ""Dawar Abd al-Qadir""]]",True,True,9.674564361572266,37.120880126953125,9.6762056350708,37.122459411621094,8819ecdd-8477-45c6-8791-1b16c22d88f6
ad07ba2b-69b7-4ada-a70b-5b6de2517272,TN,TN-12,locality,,land,18 جانفي,"[[""ar"", ""18 جانفي""], [""fr"", ""18 Janvier""]]",True,True,10.098258018493652,36.82733917236328,10.109342575073242,36.83584976196289,21e96f2f-324a-4ea9-aec0-73b7659f8365
dfdc773d-694b-4034-bb07-57ca3dcfe22f,TN,TN-13,locality,,land,البساتين الغربية,"[[""ar"", ""البساتين الغربية""], [""fr"", ""El Bassatine El Gharbya""]]",True,True,10.253242492675781,36.71480178833008,10.283990859985352,36.740333557128906,59f8c70d-2a94-4ef6-9fae-3247b25fcf92
d1f108c5-80a7-4c61-97bd-6f4790688c17,TN,TN-12,locality,,land,التعمير,"[[""ar"", ""التعمير 2""], [""fr"", ""Ettaamir I""]]",True,True,10.184900283813477,36.8588752746582,10.20279598236084,36.87496566772461,07a379f8-9c04-4e33-944f-0ffbe1849576
69cb941c-e21e-4e40-86a8-12bd6aecdd1f,TN,TN-14,county,2,land,معتمدية طبربة,"[[""ar"", ""معتمدية طبربة""], [""fr"", ""Délégation Tebourba""]]",True,True,9.566258430480957,36.77663040161133,9.897433280944824,36.97166442871094,427a841f-9f38-4b1e-a447-c7ff92719980
55ab50df-0998-4f30-8691-f3da418253bb,TN,TN-12,county,2,land,معتمدية سيدي ثابت,"[[""ar"", ""معتمدية سيدي ثابت""], [""fr"", ""Délégation de Sidi Thabet""]]",True,True,9.963287353515625,36.838356018066406,10.117192268371582,36.984928131103516,2cda4639-0a44-45ba-ba3e-d3a8f03f8556
769b390f-e117-416d-873a-354650629c01,TN,TN-31,locality,,land,وشتاتة,"[[""ar"", ""وشتاتة""], [""fr"", ""Ouechtata""], [""en"", ""Ouechtata""]]",True,True,8.926350593566895,36.90558624267578,9.00733470916748,36.96492004394531,4e50541d-3306-4843-bdca-99d400bc5a65
f0bd7e57-0372-46be-82e3-399a10033eab,TN,TN-33,county,2,land,معتمدية نبر,"[[""en"", ""Nibbar""], [""ar"", ""معتمدية نبر""], [""fr"", ""Délégation Nebeur""], [""de"", ""Nibbar""]]",True,True,8.516695022583008,36.20683670043945,8.987342834472656,36.453426361083984,51ffbb8c-960e-4659-a623-4d6aa4617b77
a7921089-9f39-4daf-bacf-300349e24bd1,TN,TN-34,locality,,land,الأحواز الجنوبية,"[[""ar"", ""الأحواز الجنوبية""], [""fr"", ""El Ahouaz Sud""]]",True,True,9.23383617401123,36.19795227050781,9.446122169494629,36.317115783691406,1810e4da-704c-4d6c-97f1-be775d13bd1f
ac8aa7fe-e5b9-41a5-8930-13ff67911c46,TN,TN-13,locality,,land,الهضاب,"[[""ar"", ""الهضاب""], [""fr"", ""El Hidhab""]]",True,True,10.154183387756348,36.684268951416016,10.205730438232422,36.723201751708984,062681e2-45ec-4716-861e-554755ca3c35
eb22d625-cbc7-47d3-bfd7-57aae36d1be9,TN,TN-14,locality,,land,الشويقي,"[[""ar"", ""الشويقي""], [""fr"", ""Echouigui""], [""en"", ""Chouigui""]]",True,True,9.728791236877441,36.8153076171875,9.884237289428711,36.97166442871094,f224ef27-4c15-4f96-a5bd-7d72d41d0755
5e938edd-98c7-4504-9c16-c135cb919164,TN,TN-23,locality,,land,بومخيلة,"[[""ar"", ""بومخيلة""], [""fr"", ""Boumkhila""], [""en"", ""Boumkhila""]]",True,True,9.505097389221191,36.95809555053711,9.648298263549805,37.049800872802734,96ce107e-56e9-4add-9bf0-c45731fe902c
0e4ed366-2393-4eab-94dc-738df66251df,TN,TN-31,locality,,land,الجوزة,"[[""ar"", ""الجوزة""], [""fr"", ""El Djouza""]]",True,True,8.984702110290527,36.82175827026367,9.051531791687012,36.879093170166016,bc24cdf4-2462-4ae3-8b1c-adc432bd53c1
1d3a3ea0-e16b-4eeb-a682-ac77f5acbff4,TN,TN-13,locality,,land,منزل مبروك,"[[""ar"", ""منزل مبروك""], [""fr"", ""Menzel Mabrouk""]]",True,True,10.22724723815918,36.772518157958984,10.240714073181152,36.77995681762695,335e649e-5bd8-441a-92bc-3a3d5082dd7c
64370926-ea93-4725-b54c-93bf46ae500a,TN,TN-22,locality,,land,جيملة,"[[""ar"", ""جيملة""], [""fr"", ""Jimla""]]",True,True,10.13478946685791,36.42270278930664,10.270820617675781,36.51913833618164,dacfab4b-24fd-4744-82ca-9413c12ba949
3a3cdf05-a3b0-45ad-8125-e2865a73b6fd,TN,TN-23,locality,,land,فروة,"[[""en"", ""Farwa""], [""ar"", ""فروة""], [""fr"", ""Farwa""]]",True,True,9.743611335754395,37.190250396728516,9.77121353149414,37.20781707763672,adc6ae67-e07c-45ef-9b8f-75b3b5fdb8d9
78bae393-e977-4619-99e9-bd0ed673d7d5,TN,TN-11,locality,,land,وادي السبعي,"[[""ar"", ""وادي السبعي""], [""fr"", ""Oued El Sebai""]]",True,True,10.160089492797852,36.81962966918945,10.169075012207031,36.8300895690918,bb0ec519-7fb5-4e53-94ac-3773c3663f28
a8963150-7fc4-4998-a694-9234ce5ecc64,TN,TN-13,locality,,land,18جانفي,"[[""ar"", ""18جانفي""], [""fr"", ""18 Janvier""]]",True,True,10.292890548706055,36.740478515625,10.30777359008789,36.75142288208008,05ec1846-3645-4668-af90-ca2edb5b3d94
6141d9b5-2d31-4eae-a365-8b8bdb031e35,TN,TN-31,locality,,land,زواغة,"[[""ar"", ""زواغة""], [""fr"", ""Zouagha""]]",True,True,9.020428657531738,36.62864303588867,9.128125190734863,36.68653106689453,1688074c-3e05-444f-a7ab-8114dbf5cec8
d2a58bae-a621-40b1-bd26-dab86fcc10e4,TN,TN-13,county,2,land,معتمدية حمام الأنف,"[[""ar"", ""معتمدية حمام الأنف""], [""fr"", ""Délégation Hammam Lif""]]",True,True,10.316264152526855,36.697208404541016,10.359895706176758,36.74037551879883,417204b3-a7e4-42cb-9403-81d1e3c14e3a
c0f5287b-b6ed-49f9-b276-6b769b46d33c,TN,TN-22,neighborhood,,land,الحي الاداري,,True,True,10.210348129272461,36.354164123535156,10.21353816986084,36.356163024902344,6400f0de-73c0-4bcb-85cb-0f17137375ff
764124c1-9a62-48fc-984f-5770802067f9,TN,TN-32,locality,,land,التطور,"[[""ar"", ""التطور""], [""fr"", ""Ettataouer""]]",True,True,8.777154922485352,36.44634246826172,8.829854011535645,36.5002555847168,1136121a-f75a-4017-b7e7-4d21a097f3eb
d786c29d-54e5-4893-ab79-9697ff61d143,TN,TN-31,locality,,land,توكابر,"[[""ar"", ""توكابر""], [""fr"", ""Tokaber""], [""en"", ""Toukaber""]]",True,True,9.481182098388672,36.66211700439453,9.563885688781738,36.74895095825195,707e0412-ee5f-463a-84ac-5ba3a42379af
f4c5b411-1726-43cf-8675-906e36557103,TN,TN-31,locality,,land,الجميلة,"[[""ar"", ""الجميلة""], [""fr"", ""Djamila""]]",True,True,9.036794662475586,36.915428161621094,9.108975410461426,36.973697662353516,934964dc-ed1e-487d-915b-35e57ea4448e
06c36a92-0a95-4058-a136-ec9b10f18777,TN,TN-22,locality,,land,العمايم الشمالية,"[[""ar"", ""العمايم الشمالية""], [""fr"", ""El Amaiem Nord""]]",True,True,9.796619415283203,36.28984069824219,9.952930450439453,36.369197845458984,b4e72136-b906-4e76-bbf5-53fa666b3330
d5fc4281-5c63-4ec0-baa3-3ea4a09076dd,TN,TN-32,locality,,land,شواولة,"[[""ar"", ""شواولة""], [""fr"", ""Chouaoula""]]",True,True,8.81680965423584,36.687583923339844,8.87915325164795,36.72703552246094,53f94689-00fd-47f6-9670-ecc852fa0903
aeddcc1b-5fcd-46fe-b7c3-247aa560b2a5,TN,TN-11,locality,,land,الجبل الأحمر,"[[""ar"", ""الجبل الأحمر""], [""fr"", ""Djebel El Ahmar""]]",True,True,10.158697128295898,36.819847106933594,10.162832260131836,36.82381057739258,6cee8a3d-3e9b-4ef6-8caf-a384c9c6fb1d
6e0d4a92-adbe-4949-b733-105b26f1c004,TN,TN-11,locality,,land,سيدي حسين,"[[""ar"", ""سيدي حسين""], [""fr"", ""Sidi Hassine""]]",True,True,10.110854148864746,36.76801681518555,10.130793571472168,36.78740310668945,32c77c3d-6a56-4674-abaa-914a00d9ce16
8bd8fb6e-8447-48a5-a546-a08f6c9db9f1,TN,TN-14,locality,,land,الملاحة,"[[""ar"", ""الملاحة""], [""fr"", ""El Mellaha""]]",True,True,9.566258430480957,36.77663040161133,9.652440071105957,36.86738204956055,6ea769e3-5e34-43bb-901d-ab9d901fee62
ef07dc22-120c-4112-9b0d-b5b664b5d6f8,TN,TN-31,locality,,land,سيدي عبد العزيز,"[[""ar"", ""سيدي عبد العزيز""], [""fr"", ""Sidi Abdelaziz""]]",True,True,9.448404312133789,36.56452941894531,9.548754692077637,36.73227310180664,727a64f1-83b2-4d14-9d4a-beaa247e693f
69717175-4980-4b8c-a755-865803ab279f,TN,TN-14,county,2,land,معتمدية المرناقية,"[[""ar"", ""معتمدية المرناقية""], [""fr"", ""Délégation Mornaguia""]]",True,True,9.861438751220703,36.55297088623047,10.09337043762207,36.79865264892578,1aea0a88-b614-41cf-a100-071db8517e8a
048f4ceb-de1f-47e5-bae5-2e31eca63ea2,TN,TN-23,county,2,land,معتمدية رأس الجبل,"[[""ar"", ""معتمدية رأس الجبل""], [""fr"", ""Délégation Ras Jebel""]]",True,True,10.008126258850098,37.17611312866211,10.279644012451172,37.2689094543457,d4114951-b5f9-40d3-af45-dab0670f7990
8e072f13-e0b8-4d8a-bb65-a19e50cc86e4,TN,TN-13,locality,,land,المدينة الجديدة 2,"[[""ar"", ""المدينة الجديدة 2""], [""fr"", ""La Nouvelle Medina(2)""]]",True,True,10.25097370147705,36.736328125,10.274747848510742,36.7511100769043,b9bf87ac-71be-46cb-941e-b98953cc2efc
1a21068a-93c0-4763-963c-acde292f613c,TN,TN-33,locality,,land,القصر,"[[""ar"", ""القصر""], [""fr"", ""El Ksar""]]",True,True,8.796624183654785,36.327449798583984,8.890382766723633,36.417686462402344,d9bbff8a-561c-4a1d-bf3b-fefaf063e410
bc73aa55-cbb5-4068-8e63-6e56277632a8,TN,TN-13,locality,,land,بئر الباي,"[[""ar"", ""بئر الباي""], [""fr"", ""Bir El Bey""], [""ru"", ""Бир Эль Бе""], [""en"", ""Bir El Bey""], [""he"", ""ביר אל-ביי""], [""fa"", ""بیر البای""]]",True,True,10.351762771606445,36.68586730957031,10.384378433227539,36.719486236572266,0bd6e04d-b010-460d-bc60-ce1d13067c7a
b1bbea77-9cf3-48ed-b8dd-280883b6d756,TN,TN-11,locality,,land,باب العسل,"[[""ar"", ""باب العسل""], [""fr"", ""Bab El Assel""], [""en"", ""Bab Laassal""], [""he"", ""באב לעסאל""], [""fa"", ""باب العسل""]]",True,True,10.165480613708496,36.808921813964844,10.17339038848877,36.81370544433594,055efb89-13d7-4624-92a2-3b4b765b7d93
8776ba08-f38b-448d-9cc9-e459a988468b,TN,TN-23,locality,,land,سيدي عيسى,"[[""ar"", ""سيدي عيسى""], [""fr"", ""Sidi Aissa""]]",True,True,9.41845417022705,37.079750061035156,9.540306091308594,37.146060943603516,fb8c2688-e4a9-4664-b932-dd875dfa9469
9ffc3e46-3d1b-4b8b-b612-ce5fc4153058,TN,TN-11,locality,,land,العمران الأعلى,"[[""ar"", ""العمران الأعلى""], [""fr"", ""El Omrane Superieur""]]",True,True,10.126078605651855,36.8350944519043,10.13521671295166,36.848243713378906,f35e964f-8db9-4674-a7b8-3756c802dad4
fd6d3743-6d75-4354-afae-e3c90ba1c566,TN,TN-22,locality,,land,وادي الزيت,"[[""ar"", ""وادي الزيت""], [""fr"", ""Oued Ezzit""], [""en"", ""Oued Ezzit""]]",True,True,10.278166770935059,36.319278717041016,10.377250671386719,36.48785400390625,f62d7146-8fde-4945-8f45-59bed5cc0394
29e4887a-34bf-4b0d-a842-26aad8da955b,TN,TN-31,locality,,land,الخوالدية,"[[""en"", ""Khoualdia""], [""ar"", ""الخوالدية""], [""fr"", ""Khoualdia""]]",True,True,9.098676681518555,37.02286911010742,9.123661041259766,37.049320220947266,691963d7-8fde-4260-849d-e70b48c677bf
ceb4a73a-b22a-4f80-a6de-62337db993e3,TN,TN-12,locality,,land,أبو القاسم الشابي,"[[""ar"", ""أبو القاسم الشابي""], [""fr"", ""Abou El Kacem Echebbi""]]",True,True,10.103507041931152,36.835845947265625,10.11182975769043,36.84164810180664,bfbaed3d-6455-4768-b5c6-8aed804a37aa
524b9dcd-b3b8-4b02-ba50-5ea12a796a81,TN,TN-11,locality,,land,التحرير الثاني,"[[""ar"", ""التحرير الثاني""], [""fr"", ""Ettahrir (2)""]]",True,True,10.118141174316406,36.82552719116211,10.129109382629395,36.83320999145508,16a45ee1-4098-4062-92e3-bb07ac8fcb64
993365b0-c094-47a5-a741-cf164a57586f,TN,TN-34,locality,,land,طرف الشناء,"[[""ar"", ""طرف الشناء""], [""fr"", ""Tarf Ech Chenna""]]",True,True,9.607451438903809,36.28861618041992,9.754623413085938,36.35765075683594,8a810cda-c99c-4348-b46e-607246b1bb24
b51e8314-728a-4f92-b4ac-a76070e3bb7e,TN,TN-12,locality,,land,حي التضامن,"[[""ar"", ""حي التضامن""], [""fr"", ""Cité Ettadhamen""]]",True,True,10.108863830566406,36.827430725097656,10.11793327331543,36.83761215209961,4b52cf48-fe2e-4712-8647-d1fe1f455244
5323f8be-8446-4bce-8c84-b7be748ca2e1,TN,TN-32,locality,,land,عين كريمة,"[[""ar"", ""عين كريمة""], [""fr"", ""Ain Karima""]]",True,True,8.812826156616211,36.41366195678711,8.90423583984375,36.480308532714844,1598d084-ac3e-4f0b-bce6-96b13ddd64e4
9156cae5-2b20-4b0c-8399-2b1c7ac45457,TN,TN-23,locality,,land,سيدي منصور,"[[""ar"", ""سيدي منصور""], [""fr"", ""Sidi Mansour""]]",True,True,9.428855895996094,36.95223617553711,9.534342765808105,37.0367317199707,e78a4d2d-6774-489b-a8aa-3af9e7fbc765
ed2cfe02-6037-4384-b0bb-8de640870612,TN,TN-22,locality,,land,بوعشير,"[[""ar"", ""بوعشير""], [""fr"", ""Bou Achir""], [""en"", ""Bouachir""]]",True,True,10.280536651611328,36.30127716064453,10.381509780883789,36.36518096923828,a8efc61d-233c-4ee6-8655-55ac2e6bc3b6
294d0cc9-3397-4ed6-a1ae-8371609e2b6c,TN,TN-23,locality,,land,جرزونة الجنوبية,"[[""ar"", ""جرزونة الجنوبية""], [""fr"", ""Zarzouna Sud""]]",True,True,9.872405052185059,37.2444953918457,9.887768745422363,37.25851821899414,f56f1e31-582f-4742-99c5-fd9ea256a0fa
27b2e47d-acbe-49c8-84e8-471becc004d2,TN,TN-11,locality,,land,باردو الجنوبية,"[[""ar"", ""باردو الجنوبية""], [""fr"", ""Bardo Sud""]]",True,True,10.130926132202148,36.798797607421875,10.139396667480469,36.80781173706055,b30dfbf3-0dee-48a4-a226-2901540a6d0c
b28ba4b7-a9bd-4184-935d-40c4c7c39f45,TN,TN-32,locality,,land,عين دراهم الأحواز,"[[""ar"", ""عين دراهم الأحواز""], [""fr"", ""Ain Draham Banlieue""]]",True,True,8.652504920959473,36.742027282714844,8.714218139648438,36.79930877685547,2147c928-2f70-4778-a3a7-fc5737efd857
a3414f77-3a12-47ec-8126-5ed0a39e3748,TN,TN-11,locality,,land,العنتيت,"[[""ar"", ""العنتيت""], [""fr"", ""El Antit""]]",True,True,10.105653762817383,36.79297637939453,10.11523151397705,36.798831939697266,47527297-80ce-40ba-9971-74813b274e3d
d0db50e3-749e-496e-bd86-cb6ced9e31e5,TN,TN-31,locality,,land,سيدي السهيلي,"[[""ar"", ""سيدي السهيلي""], [""fr"", ""Sidi Es-Shili""]]",True,True,9.049022674560547,36.5928840637207,9.17590618133545,36.65726089477539,b33898ca-2c68-4e3d-bf4d-cb3a91db5edb
6f70d422-d791-4f68-aa6c-4f35b8438e8b,TN,TN-13,locality,,land,الزاوية,"[[""ar"", ""الزاوية""], [""fr"", ""Ez-Zaouia""]]",True,True,10.247222900390625,36.68674850463867,10.290000915527344,36.725013732910156,222dda10-f969-449a-a9ce-7c2eeaefac3e
3cb7e8cb-2f29-4b1a-9ca6-ea96cf610729,TN,TN-14,locality,,land,المرناقية,"[[""ar"", ""المرناقية""], [""fr"", ""Mornaguia""], [""ceb"", ""La Mornaghia""], [""it"", ""Mornaguia""], [""ca"", ""Mornaguia""], [""de"", ""Mornaguia""], [""en"", ""Mornaguia""], [""es"", ""Mornaguia""]]",True,True,9.992818832397461,36.754783630371094,10.029304504394531,36.7873649597168,9d928cc3-95c6-4ae7-9e0c-781e4451a327
28e0a89c-0ee4-4d74-b776-2a014797c11f,TN,TN-23,locality,,land,سيدي مشرق,"[[""ar"", ""سيدي مشرق""], [""fr"", ""Sidi Mechreg""], [""en"", ""Sidi Mechreg""]]",True,True,9.074861526489258,37.08503341674805,9.247833251953125,37.24062728881836,836c7b11-bfde-4864-8b76-ad141088777f
47fa1f13-ac76-48c4-9c39-3219fcd35fc7,TN,TN-31,locality,,land,حي 26 فيفري,"[[""ar"", ""حي 26 فيفري""], [""fr"", ""Cite 26 Fevrier""]]",True,True,9.438374519348145,36.53712844848633,9.456012725830078,36.55617141723633,a5a99564-0a58-4e7c-9075-db69d586bda2
73a9d113-9a50-4e7c-b9fb-28a46ac741ec,TN,TN-12,locality,,land,النسيم,"[[""ar"", ""النسيم""], [""fr"", ""Ennassim""]]",True,True,10.185503005981445,36.86511993408203,10.208760261535645,36.88776397705078,370f2df4-c175-4e87-b3ea-c98df5fa3b5e
feccbd1f-915a-4a3a-b755-34e12ca1ec8c,TN,TN-32,locality,,land,جندوبة الجنوبية,"[[""ar"", ""جندوبة الجنوبية""], [""fr"", ""Jendouba Sud""]]",True,True,8.770249366760254,36.48563003540039,8.795266151428223,36.50495529174805,0d57bf8f-fe18-4068-985d-779d982d4008
0352fa5b-7324-432f-8cf4-b88d6fa644dd,TN,TN-13,locality,,land,سيدي فرج,"[[""ar"", ""سيدي فرج""], [""fr"", ""Sidi Frej""]]",True,True,10.042950630187988,36.5809440612793,10.15353775024414,36.708675384521484,ec72f256-a686-4df2-b8da-737a76c241e0
573575bb-6bb3-41fd-9742-cded2b2dccab,TN,TN-23,locality,,land,المؤتمر,"[[""ar"", ""المؤتمر""], [""fr"", ""El Mootamar""]]",True,True,9.86972713470459,37.273353576660156,9.890826225280762,37.282630920410156,2f2142e4-5cfb-47ff-9970-6e3714d2a30e
ebcc1361-f1f0-400e-81a6-f9a283e08f17,TN,TN-34,locality,,land,فطيس,"[[""ar"", ""فطيس""], [""fr"", ""Fatis""]]",True,True,9.630188941955566,36.35626220703125,9.761017799377441,36.45090866088867,a7af32f2-bdf2-4b4b-b1d6-2cf3f17279a1
1912e09d-5aad-4c7b-83f2-3eceeaaf3738,TN,TN-34,locality,,land,برج المسعودية شمالية,"[[""ar"", ""برج المسعودية شمالية""], [""fr"", ""Borj El Masaoudia Nord""]]",True,True,8.972412109375,36.2594108581543,9.113826751708984,36.381710052490234,87430e2b-915b-4edb-8088-6b7b7b3747d2
d02b138d-2f7b-4325-ad7e-172bf51f9ecc,TN,TN-23,locality,,land,بازينة,"[[""ar"", ""بازينة""], [""fr"", ""Bazina""], [""en"", ""Bazina""], [""de"", ""Bazina""]]",True,True,9.259085655212402,36.93232727050781,9.325713157653809,36.985103607177734,9f56a7b8-598f-43c0-8f79-dd7bae8a01f7
f5575006-b9f7-4e64-8eb8-f64c87f7beba,TN,TN-31,locality,,land,عين يونس,"[[""ar"", ""عين يونس""], [""fr"", ""Ain Younes""]]",True,True,9.318195343017578,36.43929672241211,9.487703323364258,36.5611457824707,6892c0bc-0c33-4f1e-a180-3f54bf8c19eb
6bcfbff4-0b24-4b7f-87f4-eb0b3fe571f5,TN,TN-31,locality,,land,بوحزام,"[[""ar"", ""بوحزام""], [""fr"", ""Bou Hzam""]]",True,True,9.181968688964844,36.74619674682617,9.294452667236328,36.8452262878418,4d5d0b3d-db43-42ca-8e4a-dc10640ef7ec
a42b440a-8d09-4750-a483-729cd5abc813,TN,TN-32,locality,,land,حليمة,"[[""ar"", ""حليمة""], [""fr"", ""Halima""]]",True,True,8.446799278259277,36.57856750488281,8.554490089416504,36.64377975463867,cf03c2da-bfcf-49e3-bc56-0e8be0c11814
b9554c75-0f36-4338-a1de-90e0585f4d58,TN,TN-14,locality,,land,Choubene شوبان,"[[""en"", ""Choubene""], [""fr"", ""Choubene""]]",True,True,10.020506858825684,36.67262649536133,10.024519920349121,36.675804138183594,5e964585-a7b0-44cb-81ab-0a78ef6f4756
1504f865-1e32-4a69-9ff2-e627a680e355,TN,TN-11,locality,,land,الحدائق,"[[""ar"", ""الحدائق""], [""fr"", ""Les Jardins""]]",True,True,10.178739547729492,36.802886962890625,10.2239408493042,36.81582260131836,6fc0825b-ee80-4a7f-97ca-30a499638c67
5196099c-6424-4bb0-be4b-276460508c42,TN,TN-31,locality,,land,الزوارع,"[[""ar"", ""الزوارع""], [""fr"", ""Ezzouaraa""]]",True,True,8.884785652160645,36.956722259521484,9.024293899536133,37.034751892089844,3c651da5-5ba4-4199-acb3-53aa64f7e7c5
cd636db7-ff63-443b-9fb0-4b2a7df7c57f,TN,TN-23,locality,,land,منزل جميل,"[[""en"", ""Menzel Jemil""], [""ar"", ""منزل جميل""], [""fr"", ""Menzel Jemil""], [""ru"", ""Мензель-Джемиль""]]",True,True,9.901191711425781,37.22557067871094,9.932464599609375,37.250892639160156,6aaa42d2-d488-4627-8abe-3d0a0fcdb8bf
7f150012-4f20-42f2-b644-de156fdc54d0,TN,TN-13,locality,,land,مقرين شاكر,"[[""ar"", ""مقرين شاكر""], [""fr"", ""Megrine Chaker""]]",True,True,10.2097806930542,36.772274017333984,10.251471519470215,36.787532806396484,4b83d564-d8e0-4939-8756-ecd5d0ef31a7
de045e9b-c960-4efb-a0ca-9ff9fd5e4091,TN,TN-12,locality,,land,النصر 1,"[[""ar"", ""النصر 1""], [""fr"", ""Nasr 1""]]",True,True,10.146156311035156,36.850364685058594,10.178956985473633,36.86860275268555,f9f3cdeb-2d96-4be1-b666-08439f83455a
dcffb822-83c5-4cbb-a2de-738c0315a49a,TN,TN-32,locality,,land,المعدن,"[[""ar"", ""المعدن""], [""fr"", ""El Maaden""]]",True,True,8.385736465454102,36.558746337890625,8.485152244567871,36.62239456176758,c0749007-64c4-44ef-927a-e2fcb388be7f
72d1511c-21f1-402d-aa40-3fd8ea6a8991,TN,TN-23,county,2,land,معتمدية منزل جميل,"[[""en"", ""Manzil Jamil""], [""ar"", ""معتمدية منزل جميل""], [""fr"", ""Délégation Menzel Jemil""], [""de"", ""Manzil Dschamil""]]",True,True,9.821038246154785,37.1507453918457,10.029939651489258,37.25626754760742,490d69fe-99f1-4981-ac39-77b6ebfe315a
47f8018f-0740-4819-b896-5d083163d8eb,TN,TN-23,locality,,land,غزالة,"[[""ar"", ""غزالة""], [""fr"", ""Ghezala""], [""en"", ""Ghezala""]]",True,True,9.471084594726562,37.06070327758789,9.628847122192383,37.15392303466797,a126a5e8-c737-4789-9b4a-0a9abbee1849
efba1da1-28b0-4281-9155-7b5c4027eb4c,TN,TN-13,macrohood,,land,مقرين الرياض,,True,True,10.219393730163574,36.76502227783203,10.23039436340332,36.7703742980957,7c22a046-9eab-4daa-99ab-853d31230a95
6b7c0fb0-bf50-449b-9e32-445cd14c9a29,TN,TN-32,locality,,land,فج حسين,"[[""ar"", ""فج حسين""], [""fr"", ""Faj Hassine""]]",True,True,8.376501083374023,36.34722137451172,8.540095329284668,36.417823791503906,2bd8f1d9-98c4-4c9e-b296-cd5eba074208
70316412-06dd-4c66-8793-706dd01d9fa6,TN,TN-11,locality,,land,المرسى حدائق,"[[""ar"", ""المرسى حدائق""], [""fr"", ""La Marsa Hadayek""]]",True,True,10.304513931274414,36.87022018432617,10.3191556930542,36.88447952270508,e85733db-869d-4e2d-ace5-161a052065cf
943e67c5-5476-4421-bcaf-a39f8bfe4d35,TN,TN-31,locality,,land,عمدون الجنوبية,"[[""ar"", ""عمدون الجنوبية""], [""fr"", ""Amdoun Sud""]]",True,True,9.052247047424316,36.733707427978516,9.139952659606934,36.78670120239258,613ba01a-881e-42b2-b1a2-e35757b6716f
8869956c-4cf0-4632-99b9-52a1c2e87546,TN,TN-12,locality,,land,الرفاهة,"[[""ar"", ""الرفاهة""], [""fr"", ""Errafaha""]]",True,True,10.115057945251465,36.84449768066406,10.14865779876709,36.88856887817383,198b0db1-7dfb-46f6-ae1c-6348404e078d
61a4cebd-dd1c-48cb-b285-07b84ab5010c,TN,TN-11,locality,,land,المنار 1,"[[""ar"", ""المنار 1""], [""fr"", ""El Manar (1)""]]",True,True,10.134167671203613,36.82685470581055,10.155721664428711,36.840415954589844,cdba9d18-40a6-4b35-8e48-94c171012ca8
c325d3e5-4adf-4732-85e7-0b0c1d8c89d2,TN,TN-32,macrohood,,land,حي لرمال,"[[""en"", ""Larmel""], [""ar"", ""حي لرمال""], [""fr"", ""Cité Larmel""]]",True,True,8.733835220336914,36.95533752441406,8.751639366149902,36.96599197387695,fe8c518e-8a50-4f51-b598-094cf259af67
79e1d564-a7c3-44a0-8edd-536aa21d2be8,TN,TN-32,locality,,land,الملقى,"[[""ar"", ""الملقى""], [""fr"", ""El Malga""]]",True,True,8.780719757080078,36.46615982055664,8.870186805725098,36.54070281982422,5f5d2169-81b9-4a8f-a2a0-750c2d4cd2f2
0614ba67-8623-4791-8c81-44cb3f1f5d2c,TN,TN-14,locality,,land,سيدي عمر,"[[""ar"", ""سيدي عمر""], [""fr"", ""Sidi Amor""]]",True,True,10.047919273376465,36.79581832885742,10.1004056930542,36.82481384277344,9dbca619-48db-468c-bc92-62f3d00e1b60
e9a98009-13d8-45e7-93c1-4ea44caa1e13,TN,TN-11,locality,,land,قرطاج الشاطئ,"[[""ar"", ""قرطاج الشاطئ""], [""fr"", ""Carthage Plage""], [""es"", ""Cartago Playa""]]",True,True,10.31794261932373,36.83591079711914,10.343018531799316,36.866939544677734,b43cb9dc-c8b2-433b-8418-26528464736c
fdfaeb9c-6dbf-4745-a84b-f017c855f28c,TN,TN-11,county,2,land,معتمدية العمران الأعلى,"[[""ar"", ""معتمدية العمران الأعلى""], [""fr"", ""Délégation El Omrane Supérieur""]]",True,True,10.116724014282227,36.82163619995117,10.14611530303955,36.848243713378906,997037bd-4825-4a35-9100-ab8cb1462c4d
9cc3cc41-236b-4cfe-b150-6f147a86644e,TN,TN-22,locality,,land,الزريبة,"[[""ar"", ""الزريبة""], [""fr"", ""Ezzriba""], [""en"", ""Zriba""]]",True,True,10.222522735595703,36.297340393066406,10.303869247436523,36.36454772949219,0c9d686c-43e8-4c87-a9fd-7faefab4dd10
55db7bc6-8300-4355-aa30-6ec6e2c0a59e,TN,TN-31,locality,,land,قرام,"[[""ar"", ""قرام""], [""fr"", ""Guerram""]]",True,True,9.525938987731934,36.4383430480957,9.648796081542969,36.55476379394531,1b94f84f-48c4-44cf-a8e2-4eea0e051a75
da7a6be9-1fc5-44c7-99a1-a23d99c95efa,TN,TN-13,locality,,land,الطيب المهيري,"[[""ar"", ""الطيب المهيري""], [""fr"", ""Taieb Mehiri""]]",True,True,10.273606300354004,36.77200698852539,10.291707038879395,36.79383850097656,b6d71285-7c2b-4eae-bc82-6d3503cc191d
4dfcc575-90bf-4562-bf80-ae29b0759ea6,TN,TN-33,locality,,land,سيدي مدنين,"[[""ar"", ""سيدي مدنين""], [""fr"", ""Sidi Medien""]]",True,True,8.882406234741211,36.25192642211914,8.973526000976562,36.34666061401367,dfa11c71-ba6a-418e-9bcf-167ce58ee6c1
c9532984-9055-4c53-952d-a1b6a06b928f,TN,TN-11,locality,,land,برج زوارة,"[[""ar"", ""برج زوارة""], [""fr"", ""Borj Zouara""]]",True,True,10.148720741271973,36.798927307128906,10.163759231567383,36.80970764160156,00a6b570-be97-48c7-9071-21cbcba50b83
0f1f5fd6-7315-47e5-bc76-74fe369c2ef8,TN,TN-11,locality,,land,الفتح,"[[""ar"", ""الفتح""], [""fr"", ""El Fath""]]",True,True,10.131122589111328,36.83795928955078,10.14558219909668,36.853851318359375,a2d81e29-f368-4008-8471-f520d43b79b8
7897164e-2bab-41af-9bb0-326f1f0ba6b4,TN,TN-23,locality,,land,منزل جميل الشرقية,"[[""ar"", ""منزل جميل الشرقية""], [""fr"", ""Menzel Jemil Est""]]",True,True,9.907356262207031,37.186683654785156,10.029939651489258,37.25626754760742,524b8907-7a65-44b7-aba4-09e4c17abf9a
f654a429-7eab-40b4-b92b-4e675386b628,TN,TN-12,locality,,land,المنجي سليم,"[[""ar"", ""المنجي سليم""], [""fr"", ""Mongi Slim""]]",True,True,10.093928337097168,36.838134765625,10.101869583129883,36.843406677246094,97f9a61b-5b7f-42c1-90d5-2a3330b6f49e
5405d2a1-d7fe-4385-82ac-dbd8e0dc5d4f,TN,TN-11,locality,,land,25جويلية,"[[""ar"", ""25جويلية""], [""fr"", ""25 Juillet""]]",True,True,10.113187789916992,36.74247741699219,10.129666328430176,36.75901794433594,4bd19bd3-67c0-4758-b2dd-72d785104591
00dd8ab1-0bb1-4d68-b09e-19746ce1ca63,TN,TN-11,locality,,land,باردو,"[[""ar"", ""باردو""], [""fr"", ""Le Bardo""], [""ru"", ""Ле Бардо""], [""en"", ""Le Bardo""], [""he"", ""בארדו""], [""fa"", ""باردو""]]",True,True,10.125921249389648,36.80746078491211,10.154887199401855,36.821205139160156,c36f060c-1f20-40ec-8134-246250ee6295
70c08a88-6b71-4386-949c-6a2ae1294d89,TN,TN-11,locality,,land,باش حانبة,"[[""ar"", ""باش حانبة""], [""fr"", ""Bach-Hamba""]]",True,True,10.124037742614746,36.786319732666016,10.141529083251953,36.79591369628906,898bb351-bc30-4514-af21-5e6096bb040d
5953e3c2-4efe-4ef9-9e5d-c1d41138c716,TN,TN-23,locality,,land,حي الهناء,"[[""ar"", ""حي الهناء""], [""fr"", ""Cité El Hana""]]",True,True,9.859845161437988,37.280513763427734,9.871089935302734,37.287960052490234,0bd7ffd2-d7db-4411-88d7-7b7cea333618
b0b610eb-ec85-4040-86bd-fb75ae1d959f,TN,TN-12,locality,,land,شطرانة,"[[""ar"", ""شطرانة""], [""fr"", ""Chotrana""]]",True,True,10.191184997558594,36.877166748046875,10.245584487915039,36.9138298034668,57b36a4d-43d8-4f98-ab87-b331428503f6
d664ba47-c67d-4bb7-a035-4e2db6b0b1a9,TN,TN-11,locality,,land,الزهور الرابع,"[[""ar"", ""الزهور الرابع""], [""fr"", ""Ezzouhour Iv""]]",True,True,10.122611999511719,36.79185485839844,10.130971908569336,36.79869842529297,63a69aac-7f09-4f10-9138-2514706e9bc4
e1fe3f61-1285-4bab-82af-a0268160ac87,TN,TN-31,locality,,land,الفرايجية,"[[""ar"", ""الفرايجية""], [""fr"", ""El Fraijia""]]",True,True,8.950010299682617,36.79707717895508,9.017233848571777,36.847900390625,1cf45e34-c1c8-4add-9e00-8e197dc265a3
115a3fa9-d116-4938-8374-94a4c5319f12,TN,TN-31,locality,,land,مجاز الباب الجنوبية,"[[""ar"", ""مجاز الباب الجنوبية""], [""fr"", ""Medjez El Bab Sud""]]",True,True,9.543497085571289,36.597999572753906,9.61268138885498,36.66874313354492,f1d73b86-2a55-470a-96c2-b65153416639
c75684ef-27ca-4070-83c9-d6bb9ae557bd,TN,TN-11,locality,,land,أميلكار,"[[""ar"", ""أميلكار""], [""fr"", ""Amilcar""]]",True,True,10.332058906555176,36.86593246459961,10.342113494873047,36.877601623535156,642a1223-ac3d-46c4-bb6f-d8af3efef732
17952f94-611d-495d-ad6b-802308c1a763,TN,TN-11,locality,,land,الهادي شاكر,"[[""ar"", ""الهادي شاكر""], [""fr"", ""Hedi Chaker""]]",True,True,10.17350959777832,36.8065299987793,10.180233001708984,36.81665802001953,002cfcaf-c420-46e8-9abe-3951a6134c41
286d4702-f762-4fd2-86be-2cba191872b9,TN,TN-11,locality,,land,بوقطفة,"[[""ar"", ""بوقطفة""], [""fr"", ""Bou-Gatfa""]]",True,True,10.186681747436523,36.768463134765625,10.196972846984863,36.781463623046875,d0bbbfd5-c848-4691-ba71-09293d6e1723
b5e9ab7e-c23d-459d-8672-a363b104a060,TN,TN-32,locality,,land,العزيمة,"[[""ar"", ""العزيمة""], [""fr"", ""El Azima""]]",True,True,8.8389253616333,36.51308059692383,8.901774406433105,36.57685852050781,95b335a9-8b5a-4268-8d41-a79147b9788e
9938a38f-d339-4ca5-aa72-e35e2dc0d31d,TN,TN-32,locality,,land,العطاطفة,"[[""ar"", ""العطاطفة""], [""fr"", ""El Atatfa""]]",True,True,8.70301628112793,36.77604675292969,8.79781723022461,36.862281799316406,a5791bcd-11c3-460a-9fc1-841d5f42d4b3
c065411f-c7c1-4e9a-b9e7-08b2504ae891,TN,TN-12,locality,,land,رواد,"[[""ar"", ""رواد""], [""fr"", ""Raoued""], [""en"", ""Raoued""], [""he"", ""ראווד""], [""kab"", ""Rawad""]]",True,True,10.171972274780273,36.93691635131836,10.238926887512207,36.98256301879883,8fa24114-8c53-4e10-8e4b-a85c876dce17
6f26a94a-4814-4b84-9f58-cfe2d4f29486,TN,TN-22,locality,,land,عين الباطريية,"[[""ar"", ""عين الباطريية""], [""fr"", ""Ain El Batria""]]",True,True,10.194891929626465,36.22475051879883,10.3020658493042,36.308937072753906,e7da3956-bdc6-48b8-b828-7246bdb86692
65623012-d5a9-40bc-8cf1-31be3354503e,TN,TN-11,locality,,land,الياسمين,"[[""ar"", ""الياسمين""], [""fr"", ""Le Jasmin""]]",True,True,10.307119369506836,36.84441375732422,10.312190055847168,36.850189208984375,f6c18461-45e1-4936-9a2f-a6c862c2249b
ef78840a-c8b4-4811-a00b-0cd8711e8c3d,TN,TN-32,locality,,land,وادي مليز الشرقية,"[[""ar"", ""وادي مليز الشرقية""], [""fr"", ""Oued Mliz Est""]]",True,True,8.518168449401855,36.394893646240234,8.60010814666748,36.49241256713867,7de5dec7-ba9b-4a74-8e2a-885188c4d382
afec25ee-5c13-4248-adde-364d8e18a10a,TN,TN-14,microhood,,land,residene nour,,True,True,10.096317291259766,36.82416915893555,10.099250793457031,36.82661819458008,99f1bd67-4e53-4138-b32e-dbc4fd8bafbf
2d935db1-736c-4c7d-b13d-373075439608,TN,TN-11,locality,,land,البحيرة,"[[""ar"", ""البحيرة""], [""fr"", ""El Bouhaira""]]",True,True,10.272455215454102,36.84474182128906,10.315930366516113,36.86399841308594,2bb9c3b6-c417-40f4-b836-3601f580bfc6
5259fe8b-9378-4a43-bc46-d84d3dab0db5,TN,TN-13,county,2,land,معتمدية المروج,"[[""ar"", ""معتمدية المروج""], [""fr"", ""Délégation El Mourouj""]]",True,True,10.187737464904785,36.692996978759766,10.249109268188477,36.746612548828125,34e5d9c0-7d89-4b15-9511-8ee123efb1b4
3fd7facd-ccf9-48bf-be76-bb9ae012e864,TN,TN-31,locality,,land,صباح,"[[""ar"", ""صباح""], [""fr"", ""Sabah""]]",True,True,9.056198120117188,36.781829833984375,9.122390747070312,36.818851470947266,474e76e7-b8f7-42fc-90f4-6aee2e79573e
d8eaefe8-e4e5-48cd-a2bf-5619c06dc39a,TN,TN-12,locality,,land,أريانة الجديدة,"[[""ar"", ""أريانة الجديدة""], [""fr"", ""Ariana El Jadida""]]",True,True,10.17786979675293,36.84888458251953,10.188348770141602,36.85879135131836,9bfb318f-0940-46e4-aa3c-2473ed57d044
f0c23803-d4d9-4999-bbca-d0c7a18d2a88,TN,TN-13,locality,,land,حي السعادة,"[[""ar"", ""حي السعادة""], [""fr"", ""Cite Es-Saada""]]",True,True,10.130040168762207,36.63878631591797,10.192421913146973,36.67340087890625,a85ea302-dfa1-4bf4-891a-689e185b0008
3f7879d1-5c87-412f-9395-d95fd1625aea,TN,TN-14,locality,,land,الزهرة,"[[""ar"", ""الزهرة""], [""fr"", ""Ez - Zahra""]]",True,True,9.86694622039795,36.804115295410156,9.945257186889648,36.84596633911133,8ecaf421-ae83-46e1-828f-30e65e7dafb8
b708dcf3-1a4f-478c-979f-34b740ad082d,TN,TN-11,locality,,land,معقل الزعيم,"[[""ar"", ""معقل الزعيم""], [""fr"", ""Maakel Ezzaim""]]",True,True,10.163026809692383,36.78800964355469,10.1737060546875,36.793704986572266,668b03f9-8e80-4bcc-8e8f-0728da261ba3
0940cef9-59a0-41df-a3d3-d35a53b22cb4,TN,TN-11,locality,,land,سيدي منصور,"[[""ar"", ""سيدي منصور""], [""fr"", ""Sidi Mansour""]]",True,True,10.172609329223633,36.78775405883789,10.178126335144043,36.79243087768555,5d4a8e27-4642-4502-8be6-ad02333c33c1
ab5c7f72-ac15-41c6-8b7f-e8ec3df82461,TN,TN-11,locality,,land,مرسى الرياض,"[[""ar"", ""مرسى الرياض""], [""fr"", ""La Marsa Erriadh""]]",True,True,10.30752944946289,36.88447570800781,10.318416595458984,36.891624450683594,d4c0b485-0e91-4dd0-88c6-823bcf39691b
06d905dc-fff4-4467-ab6d-80d5536d7da1,TN,TN-11,locality,,land,20مارس,"[[""ar"", ""20مارس""], [""fr"", ""20 Mars""]]",True,True,10.09550666809082,36.72951889038086,10.12449836730957,36.75998306274414,2a326072-3ac3-4d97-b915-676cf364df22
f605ec5e-15f8-4234-b3bb-c1ee40a3785c,TN,TN-32,locality,,land,عين دراهم المدينة,"[[""ar"", ""عين دراهم المدينة""], [""fr"", ""Ain Draham""]]",True,True,8.675926208496094,36.76713943481445,8.698758125305176,36.781890869140625,7db931ee-87b9-4910-b558-09e379c77034
11986110-9a04-4a4c-ac76-9046c8b8d611,TN,TN-31,locality,,land,الزوابي,"[[""ar"", ""الزوابي""], [""fr"", ""Zouabi""]]",True,True,9.169702529907227,36.72555923461914,9.179412841796875,36.73018264770508,07807d84-034f-48ec-8912-54fa8d240fd0
5c7d77ec-6f55-41fc-884c-e862c3a42035,TN,TN-11,locality,,land,باب الخضراء,"[[""ar"", ""باب الخضراء""], [""fr"", ""Bab El Khadra""]]",True,True,10.168343544006348,36.80735397338867,10.17453384399414,36.8131217956543,ea8001fa-597c-4554-9371-5536a7a6b0a8
c073f0e9-25b4-4628-a56f-69ad0d27eff8,TN,TN-13,locality,,land,المهيري,"[[""ar"", ""المهيري""], [""fr"", ""El Mehiri""]]",True,True,10.224075317382812,36.74265670776367,10.24681282043457,36.762351989746094,d629d0dc-8897-47e2-b000-180906e122f3
c336c472-935d-48b1-aa8d-b8c182005e3d,TN,TN-23,locality,,land,منزل عبد الرحمان الشرقية,"[[""ar"", ""منزل عبد الرحمان الشرقية""], [""fr"", ""Menzel Abderrahmane Est""]]",True,True,9.861239433288574,37.232460021972656,9.887330055236816,37.2543830871582,dc62c539-4f0d-4f18-a5ac-f63b8535d47f
8306dbbe-7cdd-4f29-942e-4f023387aa35,TN,TN-11,neighborhood,,land,حي اليسر,"[[""ar"", ""حي اليسر""], [""fr"", ""Cité El Yosr""]]",True,True,10.097227096557617,36.798912048339844,10.10220718383789,36.8019905090332,c6474c54-01b2-4e8a-bab9-31fd655de591
dbc7a625-c18c-4e28-9a04-b6bf59be1441,TN,TN-32,locality,,land,عسيلة,"[[""ar"", ""عسيلة""], [""fr"", ""Assila""]]",True,True,8.92162036895752,36.610504150390625,9.012146949768066,36.66181182861328,814259de-d099-43e9-83ef-9abe79460c85
bb7e3de2-2608-4f19-af07-bfb44cf32a19,TN,TN-32,locality,,land,ربيعة,"[[""ar"", ""ربيعة""], [""fr"", ""Rabiaa""]]",True,True,8.716259956359863,36.55835723876953,8.809114456176758,36.629310607910156,a8cc7020-d634-4379-b9f7-ce472dbd575e
80dd3eda-0474-4445-a332-2d6bcf00c838,TN,TN-23,locality,,land,مشارقة,"[[""ar"", ""مشارقة""], [""fr"", ""Mcherga""]]",True,True,9.167941093444824,37.08048629760742,9.257843017578125,37.19316482543945,226771bc-d6ca-430c-8c15-231476bf6444
5691c487-0d93-40fc-b94a-23bb0919492c,TN,TN-13,locality,,land,فرحات حشاد,"[[""ar"", ""فرحات حشاد""], [""fr"", ""Farhat Hached""]]",True,True,10.215775489807129,36.704490661621094,10.249109268188477,36.73821258544922,f5a52bbe-e9a6-439f-99e8-4aa00b4f4ba7
e58cea1f-bcd0-4ae1-8989-8367688e954c,TN,TN-23,locality,,land,الشيخ إدريس,"[[""ar"", ""الشيخ إدريس""], [""fr"", ""Cheikh Dris""]]",True,True,9.869684219360352,37.27199935913086,9.873568534851074,37.276466369628906,4ccb4ec7-837b-4acf-8ebc-e6afc6b03067
bbe9acab-3942-4b5f-931a-988f2d2d165c,TN,TN-32,locality,,land,العاذر,"[[""ar"", ""العاذر""], [""fr"", ""El Adhar""]]",True,True,8.543139457702637,36.6630859375,8.613973617553711,36.74104690551758,7effc6a6-3f81-47fd-b049-b99d5eba9783
ae0de745-ad17-4cd7-92d2-dca359e0e759,TN,TN-23,locality,,land,كاف غراب,"[[""ar"", ""كاف غراب""], [""fr"", ""Kef Ghrab""]]",True,True,9.39315414428711,36.794342041015625,9.553080558776855,36.943077087402344,0e65957a-e6e9-4a6c-8c76-78a8ae134a2f
ef4abb3d-96e9-4de0-8620-a7757ac51bb3,TN,TN-11,locality,,land,حلق الوادي,"[[""ar"", ""حلق الوادي""], [""fr"", ""La Goulette""], [""it"", ""La Goletta""], [""de"", ""Ḥalq al-Wādī""], [""azb"", ""حلق الوادی""], [""ru"", ""Хальк-эль-Уэд""], [""en"", ""La Goulette""], [""he"", ""לה גולט""], [""es"", ""La Goleta""], [""fa"", ""حلق الوادی""]]",True,True,10.279781341552734,36.80632400512695,10.311010360717773,36.82023620605469,95ce9de9-f109-4adc-a56a-bd734369976f
ca39c155-9ab3-46c3-958c-aa7e3669ab46,TN,TN-23,locality,,land,العالية الشمالية,"[[""ar"", ""العالية الشمالية""], [""fr"", ""El Alia Nord""]]",True,True,9.960653305053711,37.149940490722656,10.050771713256836,37.202537536621094,c86cd956-a790-4e1c-92cd-0cb4e750be48
cac97424-2b95-41e7-bf5f-323209147c1a,TN,TN-32,locality,,land,طبرقة,"[[""ar"", ""طبرقة""], [""fr"", ""Tabarka""], [""cs"", ""Tabarka""], [""it"", ""Tabarca""], [""ru"", ""Табарка""], [""en"", ""Tabarka""], [""kab"", ""Tabarka""], [""fa"", ""طبرقه""]]",True,True,8.719054222106934,36.92130661010742,8.766743659973145,36.96969985961914,3fdb32a7-da1c-4bf2-98f9-3dfa31c80996
d1a7452d-fa2c-46bc-9c45-e0e2885f91d5,TN,TN-32,locality,,land,أولاد مفدة,"[[""ar"", ""أولاد مفدة""], [""fr"", ""Ouled Mefada""], [""en"", ""Ouled Moufida""]]",True,True,8.45132064819336,36.629337310791016,8.546658515930176,36.68156814575195,e30e4d16-c6fe-44aa-95dc-bf18fceefb69
d8d16922-2d83-4d51-a8be-3c9238ba5ef8,TN,TN-11,locality,,land,الأسواق,"[[""ar"", ""الأسواق""], [""fr"", ""El Assouak""]]",True,True,10.167835235595703,36.7947998046875,10.175397872924805,36.79934310913086,d793a7fc-b40b-477f-aa0f-810fb69b956f
6fc03de2-0c1c-41d0-a9b2-9cfb77310b46,TN,TN-11,locality,,land,بئر عنيبة,"[[""ar"", ""بئر عنيبة""], [""fr"", ""Bir Anniba""]]",True,True,10.161364555358887,36.784889221191406,10.170668601989746,36.79231643676758,cb3b58ba-08b4-4b4f-b3d6-9544525f36e2
3e85fd76-e829-4a1c-815c-1efd8732cbb7,TN,TN-31,locality,,land,النقاشية,"[[""ar"", ""النقاشية""], [""fr"", ""Ennagachia""]]",True,True,9.205606460571289,36.821258544921875,9.316494941711426,36.89445114135742,25cb3e8e-bd11-4eda-89c4-8ac2188f1605
77201a8e-8e0d-420a-ae11-f85b91ccebe6,TN,TN-32,county,2,land,معتمدية بلطة بوعوان,"[[""ar"", ""معتمدية بلطة بوعوان""], [""fr"", ""Délégation Balta Bouawene""]]",True,True,8.77430534362793,36.60078430175781,9.036735534667969,36.786285400390625,1695e5b5-ea14-48fb-b53b-db21879690c5
24407111-fa24-42cb-b8c3-205eb23e4015,TN,TN-11,locality,,land,سيدي علي عزوز,"[[""ar"", ""سيدي علي عزوز""], [""fr"", ""Sidi Ali Azouz""]]",True,True,10.172122955322266,36.79530715942383,10.175775527954102,36.799312591552734,16a3c30d-f8bf-495a-9485-897575437f12
d29781de-2e62-4af6-8d07-7014743c9173,TN,TN-13,locality,,land,سيدي رزيق 2,"[[""ar"", ""سيدي رزيق 2""], [""fr"", ""Sidi Rezig (2)""]]",True,True,10.226582527160645,36.75550842285156,10.248766899108887,36.76878356933594,af83a4b8-e98b-4ee2-881b-0536b163b715
828ae36a-8eec-4c73-87bf-5d9737150ab8,TN,TN-22,locality,,land,عين عسكر,"[[""ar"", ""عين عسكر""], [""fr"", ""Ain Asker""], [""en"", ""Ain Asker""]]",True,True,9.902464866638184,36.53450012207031,10.035809516906738,36.66276931762695,cfb3bd27-78d8-49ea-b662-dad17a3f3440
ff3e8110-b3ba-4671-a807-464252fbc46f,TN,TN-11,locality,,land,عطار,"[[""ar"", ""عطار""], [""fr"", ""Attar""]]",True,True,10.106106758117676,36.75531768798828,10.120563507080078,36.770782470703125,2f672060-ce99-4f0a-9c93-2f2da3e8ff82
fe5a2cbf-82b8-49d2-9edf-44f06fb7b638,TN,TN-11,locality,,land,الحرايرية,"[[""ar"", ""الحرايرية""], [""fr"", ""El-Hrairia""]]",True,True,10.119209289550781,36.784690856933594,10.127948760986328,36.79497528076172,6abfee71-490f-4624-8685-183e70d8ae47
1d4a8ffa-9ae3-490d-b1de-daa87f039520,TN,TN-32,locality,,land,بلاريجيا,"[[""ar"", ""بلاريجيا""], [""fr"", ""Bulla Regia""]]",True,True,8.724624633789062,36.5218620300293,8.820442199707031,36.58332824707031,3a7aa7d7-31b4-49c0-a56a-ea1f2cea1fb3
9d9ab9fe-772f-4d11-ac3c-4974f40d1675,TN,TN-23,county,2,land,معتمدية جومين,"[[""ar"", ""معتمدية جومين""], [""fr"", ""Délégation Joumine""]]",True,True,9.203702926635742,36.7234001159668,9.588133811950684,37.033058166503906,bd351a8f-753e-4c4b-bf61-c9f7e9180ca7
628c33ff-9364-4310-ac73-2d3f32475337,TN,TN-11,locality,,land,اقامة جميلة,"[[""ar"", ""اقامة جميلة""], [""fr"", ""Bonne Résidence""]]",True,True,10.137410163879395,36.80116653442383,10.151562690734863,36.809165954589844,02695e9b-9a73-439e-9712-7c7843a9b89e
3d4cfdac-f401-40bd-aaa4-f09d9af67c53,TN,TN-31,locality,,land,عمدون,"[[""ar"", ""عمدون""], [""fr"", ""Amdoun""]]",True,True,9.0556001663208,36.76292419433594,9.109579086303711,36.80082321166992,f5270fa0-d9d3-4b24-8855-d42128ba8dbc
a1ff3b80-7d1c-4e5d-b677-b8b45398734f,TN,TN-11,locality,,land,خير الدين باشا,"[[""ar"", ""خير الدين باشا""], [""fr"", ""Khereiddine Pacha""]]",True,True,10.181737899780273,36.81399917602539,10.199830055236816,36.82789993286133,d4a36cc9-c1cb-4528-93f1-7ce7c339dc74
0ec38a34-66bc-453e-b220-48c04d7df081,TN,TN-14,locality,,land,السعيدة,"[[""ar"", ""السعيدة""], [""fr"", ""Es Saida""], [""en"", ""Essaïda""]]",True,True,9.96423053741455,36.80241394042969,9.992687225341797,36.84138488769531,0e07e144-be1b-4838-9770-a80683eef5bf
fe67abf6-594f-4be5-98d1-77cf6115d6aa,TN,TN-23,locality,,land,عين الفوار,"[[""en"", ""Ain Fouar""], [""ar"", ""عين الفوار""], [""fr"", ""Ain Fouar""]]",True,True,9.753840446472168,37.29460144042969,9.761585235595703,37.3001823425293,1f5c9542-5cee-44f9-9476-b02b1cb3a956
79486247-6c6b-451b-969b-410380d862b1,TN,TN-32,locality,,land,بلطة,"[[""ar"", ""بلطة""], [""fr"", ""Balta""], [""en"", ""Balta""]]",True,True,8.925682067871094,36.681678771972656,8.977932929992676,36.72616195678711,882b322f-3f1d-46b6-83aa-32ee3f291927
27f2260e-267d-4f1e-9679-fca14a8fafae,TN,TN-11,locality,,land,حمام الرميمي,"[[""ar"", ""حمام الرميمي""], [""fr"", ""Hammam El Rmimi""]]",True,True,10.169684410095215,36.805477142333984,10.175084114074707,36.80828094482422,0609e188-7483-4495-b563-cf602233a36f
cd72d9dc-145f-4549-9f8c-d80afec4e71a,TN,TN-11,locality,,land,تونس,"[[""hy"", ""Թունիս""], [""se"", ""Tunisia""], [""ku"", ""Tûnis""], [""crh"", ""Tunis""], [""ss"", ""IThunisiya""], [""bs"", ""Tunis""], [""stq"", ""Tunesien""], [""ba"", ""Тунис""], [""als"", ""Tunesien""], [""lb"", ""Tunesien""], [""hr"", ""Tunis""], [""ta"", ""தூனிஸ்""], [""ka"", ""ტუნისი""], [""ar"", ""تونس""], [""nov"", ""Tunisia""], [""yue"", ""突尼西亞""], [""fr"", ""Tunis""], [""is"", ""Túnis""], [""nah"", ""Tunez""], [""ug"", ""تۇنىس شەھىرى""], [""lv"", ""Tunisa""], [""eu"", ""Tunisia""], [""mdf"", ""Тунис""], [""am"", ""ቱኒስ""], [""hif"", ""Tunisia""], [""mt"", ""Tuneżija""], [""nso"", ""Tunisia""], [""bn"", ""তিউনিসিয়া""], [""rw"", ""Tunisiya""], [""uz"", ""Tunis""], [""mzn"", ""تونس""], [""uk"", ""Туніс""], [""szl"", ""Tůnezyjo""], [""li"", ""Tunesië""], [""ky"", ""Тунис шаары""], [""pa"", ""ਤੁਨੀਸੀਆ""], [""ga"", ""Túinis""], [""ceb"", ""Tunisia""], [""br"", ""Tuniz""], [""lmo"", ""Tünis""], [""tt"", ""Тунис""], [""war"", ""Tunisia""], [""so"", ""Tunisiya""], [""pt-PT"", ""Tunes""], [""pt"", ""Tunes""], [""cs"", ""Tunis""], [""zu"", ""ITunisia""], [""gl"", ""Tunes""], [""nds"", ""Tunesien""], [""ts"", ""Tunisia""], [""el"", ""Τύνιδα""], [""it"", ""Tunisi""], [""sc"", ""Tunisia""], [""su"", ""Tunisia""], [""ber"", ""ⵜⵓⵏⴻⵙ""], [""ca"", ""Tunísia""], [""pt-BR"", ""Tunis""], [""os"", ""Тунис""], [""vi"", ""Tunis""], [""la"", ""Tunes""], [""tg"", ""Тунис""], [""mg"", ""Tonizia""], [""yo"", ""Tùnísíà""], [""dv"", ""ތޫނިސް""], [""tl"", ""Tunisya""], [""nl"", ""Tunis""], [""zh-Hans"", ""蒂尼斯""], [""bg"", ""Тунис""], [""gv"", ""Yn Tooneesh""], [""bxr"", ""Тунис""], [""ckb"", ""شاری تونس""], [""ko"", ""튀니스""], [""rm"", ""Tunesia""], [""or"", ""ଟ୍ୟୁନିସିଆ""], [""eo"", ""Tunizo""], [""tk"", ""Tunis""], [""mk"", ""Тунис""], [""oc"", ""Tunisia""], [""haw"", ""Tunisia""], [""et"", ""Tunis""], [""af"", ""Tunisië""], [""gag"", ""Tunis""], [""de"", ""Tunis""], [""bm"", ""Tunizi""], [""ps"", ""تونس""], [""scn"", ""Tùnisi""], [""yi"", ""טוניסיע""], [""ha"", ""Tunis""], [""cy"", ""Tunisia""], [""nb"", ""Tunis""], [""sn"", ""Tunisia""], [""ace"", ""Tunisia""], [""bjn"", ""Tunisia""], [""pap"", ""Tunesia""], [""be-Latn-tarask"", ""Туніс""], [""diq"", ""Tunıs""], [""cv"", ""Тунис""], [""ur"", ""تونس شہر""], [""pam"", ""Tunisia""], [""arc"", ""ܬܘܢܣ""], [""nan"", ""Tunisia""], [""fy"", ""Tuneezje""], [""ln"", ""Tunisia""], [""jv"", ""Tunisia""], [""bat-smg"", ""Tonėsos""], [""ru"", ""Тунис""], [""ht"", ""Tinis""], [""vro"", ""Tuneesiä""], [""kw"", ""Tunisi""], [""ml"", ""ടൂണിസ്സ്""], [""th"", ""ตูนิส""], [""id"", ""Tunisia""], [""ce"", ""Тунис""], [""pnb"", ""ٹیونس نگر""], [""sq"", ""Tunizia""], [""ia"", ""Tunis""], [""arz"", ""تونس""], [""sr-Latn"", ""Tunis""], [""sv"", ""Tunis""], [""udm"", ""Тунис""], [""tr"", ""Tunus""], [""da"", ""Tunis""], [""my"", ""တူနီးရှားနိုင်ငံ""], [""sg"", ""Tunizïi""], [""chr"", ""ᏚᏂᏏ""], [""sr-Cyrl"", ""Тунис""], [""wo"", ""Tiniisi""], [""xal"", ""Тунисин Орн""], [""zh-Hant"", ""突尼斯市""], [""en"", ""Tunis""], [""gu"", ""ટ્યુનિશિયા""], [""he"", ""תוניס""], [""sah"", ""Тунис""], [""new"", ""ट्युनिसिया""], [""ilo"", ""Tunisia""], [""kn"", ""ಟುನೀಶಿಯ""], [""gd"", ""Tuinisia""], [""syc"", ""ܬܘܢܣ""], [""sk"", ""Tunis""], [""mrj"", ""Тунис""], [""lad"", ""Tunesia""], [""frp"", ""Tunisie""], [""az"", ""Tunis""], [""wa"", ""Tunizeye""], [""lij"", ""Tunixia""], [""es"", ""Túnez""], [""fo"", ""Tunesia""], [""hi"", ""ट्यूनिस""], [""vo"", ""Tunis""], [""tw"", ""Tunis""], [""bcl"", ""Tunisya""], [""te"", ""ట్యునీషియా""], [""mr"", ""ट्युनिस""], [""bpy"", ""তিউনিসিয়া""], [""ie"", ""Tunisia""], [""ext"", ""Túnis""], [""an"", ""Túniz""], [""sco"", ""Tunisie""], [""nn"", ""Tunisia""], [""io"", ""Tunizia""], [""sw"", ""Tunisia""], [""be"", ""Туніс""], [""qu"", ""Tunisya""], [""sd"", ""تيونس شهر""], [""ang"", ""Tunisia""], [""kab"", ""Tunes tamaneɣt""], [""hsb"", ""Tuneziska""], [""ja"", ""チュニス""], [""sa"", ""टुनिशिया""], [""ast"", ""Túnez""], [""grc"", ""Τύνις""], [""fi"", ""Tunis""], [""bo"", ""ཊུ་ནིསི།""], [""ro"", ""Tunisia""], [""kg"", ""Tunisia""], [""ne"", ""ट्युनिस""], [""ee"", ""Tunisia""], [""lt"", ""Tunisas""], [""no"", ""Tunisia""], [""wuu"", ""突尼斯市""], [""vec"", ""Túnixi""], [""kk"", ""Тунис""], [""sl"", ""Tunizija""], [""pms"", ""Tùnis""], [""ti"", ""ቱኒዢያ""], [""fa"", ""تونس""], [""mn"", ""Тунис""], [""pnt"", ""Τυνησίαν""], [""zh"", ""突尼斯""], [""ms"", ""Tunisia""], [""hu"", ""Tunisz""], [""pl"", ""Tunis""], [""sh"", ""Tunis""]]",True,True,10.003788948059082,36.6925048828125,10.354809761047363,36.94301986694336,af3a25f5-8c3e-40a4-9b9b-abfb37cac09e
ee298b14-518c-40c8-99aa-43eb32dd7d60,TN,TN-32,locality,,land,غار الدماء,"[[""ar"", ""غار الدماء""], [""fr"", ""Ghardimaou""], [""ru"", ""Гардимау""], [""en"", ""Ghardimaou""], [""kab"", ""Ɣardimaw""]]",True,True,8.427716255187988,36.43897247314453,8.457575798034668,36.45450210571289,82ea1a77-ffbb-4e46-9a9f-9a3508c3708c
153afa4e-3f25-408b-a429-028d4d8285ff,TN,TN-22,locality,,land,العمايم الجنوبية,"[[""ar"", ""العمايم الجنوبية""], [""fr"", ""El Amaiem Sud""]]",True,True,9.80617904663086,36.2421760559082,9.916476249694824,36.31580352783203,3503923f-7734-4d6f-bb34-332c53ac3f83
4ac87af6-4d1f-4aee-90b5-b664af5b9418,TN,TN-33,locality,,land,الأذياب,"[[""ar"", ""الأذياب""], [""fr"", ""Ledhieb""]]",True,True,8.6534423828125,36.32188415527344,8.753312110900879,36.41922378540039,8cc0b907-14d5-4d8b-8044-80ccbaa746e9
aa4171a3-984d-46ae-8d15-9c01ac4f71fe,TN,TN-23,locality,,land,المعالية,"[[""ar"", ""المعالية""], [""fr"", ""El Maalia""]]",True,True,9.236662864685059,37.023372650146484,9.394657135009766,37.11033630371094,9d5c311a-bd25-426c-9c2f-cd5326a6cd1b
81d2c816-3179-496a-91ab-03267a5fdbd7,TN,TN-23,locality,,land,حي الصداقة,"[[""ar"", ""حي الصداقة""], [""fr"", ""Cité Essadaka""]]",True,True,9.639049530029297,37.040199279785156,9.660325050354004,37.05295944213867,541c34df-05b2-4d8d-b425-0307ff038ab2
0934bbd7-da97-43b1-8429-12dfdfe8d0cf,TN,TN-11,locality,,land,قمرت العليا,"[[""ar"", ""قمرت العليا""], [""fr"", ""Gammarth Supérieur""]]",True,True,10.300992012023926,36.8848762512207,10.323140144348145,36.89873123168945,8c3dc9fe-8d7f-43fb-8818-e0250bbd7255
abcd1c8e-43e5-4323-8075-4bc395a5cc86,TN,TN-23,locality,,land,سحابنة,"[[""ar"", ""سحابنة""], [""fr"", ""Sehabna""]]",True,True,9.074569702148438,37.0464973449707,9.214569091796875,37.141693115234375,8ea764ce-952e-475c-90da-4a317f7cce55
3d2e68ad-a38b-4889-ab38-70c0d9ea421f,TN,TN-31,locality,,land,القريعات,"[[""ar"", ""القريعات""], [""fr"", ""El Gueriaat""]]",True,True,9.705172538757324,36.65213394165039,9.79875373840332,36.73093795776367,3d1ec3b4-af2f-495e-9c95-40a69d697062
7887c47f-241f-4d0e-b24c-8f2e284bd18e,TN,TN-23,locality,,land,أولاد الماي,"[[""ar"", ""أولاد الماي""], [""fr"", ""Ouled El May""]]",True,True,9.373241424560547,37.07716369628906,9.550033569335938,37.20502471923828,bbc8aeba-9b2f-4b72-874f-f515c1c7d786
fc1b6171-05ae-486d-a05c-e5c74afa4eac,TN,TN-31,county,2,land,معتمدية نفزة,"[[""ar"", ""معتمدية نفزة""], [""fr"", ""Délégation Nefza""]]",True,True,8.884785652160645,36.818843841552734,9.260244369506836,37.157108306884766,62cb8da6-9efe-4ba7-82e0-3a2653073c4a
3310107e-afa1-42f0-8ee8-3767aaf4f9be,TN,TN-31,locality,,land,القمرتي,"[[""ar"", ""القمرتي""], [""fr"", ""El Gammarthi""]]",True,True,9.610441207885742,36.4963493347168,9.683568000793457,36.594642639160156,8b1492e5-705a-4f74-b3e4-f84c67024ed4
528a2ac0-5718-4efc-ba38-acaa983c3b92,TN,TN-11,county,2,land,معتمدية باب بحر,"[[""ar"", ""معتمدية باب بحر""], [""fr"", ""Délégation Bab Bhar""]]",True,True,10.17350959777832,36.778526306152344,10.2239408493042,36.82270812988281,3d23afec-f636-4b2c-9f1c-2c8226ba883e
344d9eb1-4071-4b37-a417-98764cc6d067,TN,TN-23,locality,,land,بوبكر باكير,"[[""ar"", ""بوبكر باكير""], [""fr"", ""Boubaker Bakir""]]",True,True,9.853574752807617,37.26350784301758,9.876094818115234,37.27335739135742,537641c0-d7ca-4175-a971-5be471e08dbb
4a37a2d0-be4b-498c-8826-159a1b7f4f5b,TN,TN-13,locality,,land,المحمدية,"[[""ar"", ""المحمدية""], [""fr"", ""Mohamedia""]]",True,True,10.136738777160645,36.65842819213867,10.1618013381958,36.69099044799805,7754292c-1cb2-466e-b789-5ab0c2380da8
47ec34f7-384c-4ade-b13b-1d67a6d76a15,TN,TN-11,locality,,land,سيدي بلحسن,"[[""ar"", ""سيدي بلحسن""], [""fr"", ""Sidi Belhassen""]]",True,True,10.180520057678223,36.7734375,10.194849967956543,36.784812927246094,f89c339c-b9a4-4e92-94b1-5410aebe37b9
45d72196-95ff-473c-a156-cec1e4496401,TN,TN-12,locality,,land,15 أكتوبر,"[[""ar"", ""15 أكتوبر""], [""fr"", ""15 Octobre""]]",True,True,10.074945449829102,36.8442497253418,10.102751731872559,36.868736267089844,218bd4af-48de-4e40-8834-1e4089e8ee44
cd97815a-90ef-46c3-ae71-5de910710980,TN,TN-13,locality,,land,الكبوطي,"[[""ar"", ""الكبوطي""], [""fr"", ""Kabouti""]]",True,True,10.259905815124512,36.524227142333984,10.380423545837402,36.60055160522461,f8295c17-b422-4896-b283-00c23c71e025
f08750f3-9354-4a2f-9623-2be26d4fa7e5,TN,TN-31,locality,,land,أولاد سلامة,"[[""ar"", ""أولاد سلامة""], [""fr"", ""Ouled Salama""]]",True,True,9.455376625061035,36.44949722290039,9.557936668395996,36.53596115112305,fd648c80-1483-45e3-b2d3-672e6347e472
58618e98-145a-4474-a19c-066f6f85ccb8,TN,TN-23,locality,,land,ماطر الجنوبية,"[[""ar"", ""ماطر الجنوبية""], [""fr"", ""Mateur Sud""]]",True,True,9.654688835144043,37.03660583496094,9.665413856506348,37.042903900146484,ed058e7d-806e-4b43-a019-912a7f8b42d7
47b5a248-c2f8-40b3-a011-df450528f724,TN,TN-31,locality,,land,القصبة,"[[""ar"", ""القصبة""], [""fr"", ""El Kasba""]]",True,True,9.170184135437012,36.715118408203125,9.180196762084961,36.72639083862305,afb32311-0af1-4aaf-992c-cb320a401157
e7ad0495-9d41-4022-8ac7-03fecf987a92,TN,TN-31,locality,,land,مجاز الباب المدينة,"[[""ar"", ""مجاز الباب المدينة""], [""fr"", ""Medjez El Bab Ville""]]",True,True,9.565840721130371,36.583396911621094,9.61491584777832,36.650390625,ac32bfa2-553b-46e9-b4d9-63b20a52b1ae
2298f664-f038-42b2-89f4-0b89b981b09b,TN,TN-13,locality,,land,شالة,"[[""ar"", ""شالة""], [""fr"", ""Chela""]]",True,True,10.27315616607666,36.69004821777344,10.310555458068848,36.7206916809082,52d60612-b7cb-4724-8006-de07bd29b520
bdfbb1b0-e7be-4855-bb56-2b4565fb67d8,TN,TN-13,locality,,land,برج الوزير,"[[""ar"", ""برج الوزير""], [""fr"", ""Borj El Louzir""]]",True,True,10.27961254119873,36.736656188964844,10.302861213684082,36.7558708190918,01d7d089-740e-4208-973b-9ad8ed3c338f
f1085521-e810-49d5-aff2-358b28490dd2,TN,TN-13,locality,,land,بن عروس الشرقية,"[[""ar"", ""بن عروس الشرقية""], [""fr"", ""Ben Arous Est""]]",True,True,10.219928741455078,36.75128936767578,10.230435371398926,36.76396179199219,05bf4b3c-c81e-45b0-8296-67633b521e1b
fea9e01e-faf9-42d8-8ade-c574ad59abd9,TN,TN-14,county,2,land,معتمدية دوار هيشر,"[[""ar"", ""معتمدية دوار هيشر""], [""fr"", ""Délégation Douar Hicher""]]",True,True,10.06013298034668,36.81575393676758,10.104948997497559,36.85697555541992,c525daf8-c0ff-4569-adca-79963126d822
48462ec3-6c39-4fe3-a7f4-2f966b1adb20,TN,TN-23,locality,,land,رفراف,"[[""ar"", ""رفراف""], [""fr"", ""Rafraf""], [""en"", ""Rafraf""]]",True,True,10.1254301071167,37.17611312866211,10.279644012451172,37.20845031738281,855bda95-c79b-4c42-87a0-55be52d81bc2
7ccce2b7-659b-45d7-b385-9e87d26330a9,TN,TN-12,locality,,land,7 نوفمبر,"[[""ar"", ""7 نوفمبر""], [""fr"", ""7 Novembre""]]",True,True,10.092636108398438,36.83099365234375,10.102709770202637,36.839744567871094,b389766d-d24f-4190-8ad3-307952c64763
b480a2a6-c8c7-4e80-b595-eb64b664870e,TN,TN-13,locality,,land,مرناق,"[[""ar"", ""مرناق""], [""fr"", ""Mornag""], [""ru"", ""Морнаг""], [""en"", ""Mornag""], [""fa"", ""مرناق""]]",True,True,10.282818794250488,36.638736724853516,10.323434829711914,36.695682525634766,125eeefc-7fa7-436d-a09e-539df269d916
53e7edf3-b0bd-4d4e-929f-bfe0ef9de247,TN,TN-23,locality,,land,باجو,"[[""ar"", ""باجو""], [""fr"", ""Bajou""]]",True,True,10.107474327087402,37.13908767700195,10.164751052856445,37.190040588378906,50386b11-14e6-449d-90d1-b9a85fc9b5cb
0901c331-36e4-4177-bfe0-f591adb281d9,TN,TN-12,locality,,land,خير الدين باشا,"[[""ar"", ""خير الدين باشا""], [""fr"", ""Kheireddine Pacha""]]",True,True,10.100049018859863,36.839508056640625,10.109806060791016,36.84538269042969,3de181af-892a-4557-b443-453a450f0bca
9ce61b66-c385-48bb-a2f3-ea4605b692b4,TN,TN-31,locality,,land,الغرفة,"[[""ar"", ""الغرفة""], [""fr"", ""El Ghorfa""]]",True,True,8.91794490814209,36.78968811035156,8.985391616821289,36.843318939208984,5a38275d-b001-4131-8c6e-fbe9640b0e1f
99d927e7-60f0-443c-99cb-98611d5fc745,TN,TN-11,locality,,land,سيدي فرج,"[[""ar"", ""سيدي فرج""], [""fr"", ""Sidi Fredj""]]",True,True,10.265265464782715,36.85269546508789,10.297762870788574,36.86711883544922,d85e09a1-3009-417d-98cd-46da9e99ff9b
196c1cd8-69eb-4d8a-bcdf-25cecf4643e0,TN,TN-32,locality,,land,حكيم الجنوبية,"[[""ar"", ""حكيم الجنوبية""], [""fr"", ""Hakim Sud""]]",True,True,8.564144134521484,36.394439697265625,8.691805839538574,36.48956298828125,8041e3ae-056e-4a4b-99bd-4f70599bf89b
0c92e07f-9e44-4131-ab63-f61ff295d522,TN,TN-23,locality,,land,أوتيك,"[[""ar"", ""أوتيك""], [""fr"", ""Utique""]]",True,True,10.004107475280762,37.00027847290039,10.094825744628906,37.11684036254883,225e5568-2983-432b-ba3d-3f6c7f11f7ef
260a71fc-fe7c-4902-884b-90a8222014a8,TN,TN-32,locality,,land,عين سلام,"[[""ar"", ""عين سلام""], [""fr"", ""Ain Salama""]]",True,True,8.741314888000488,36.70848846435547,8.875758171081543,36.76415252685547,7a20d346-8f47-49cc-aae8-559b85380eab
bdcfaa5f-10aa-4c29-9625-7e4db1bfcff9,TN,TN-22,locality,,land,زغوان الشمالية,"[[""ar"", ""زغوان الشمالية""], [""fr"", ""Zaghouan Nord""]]",True,True,10.12275505065918,36.39131546020508,10.157612800598145,36.42863082885742,d735e15b-a63d-41f6-a699-58b31cc2c67e
8f78175c-3169-4d62-9e9e-6f72426ae57a,TN,TN-13,county,2,land,معتمدية بومهل البساتين,"[[""ar"", ""معتمدية بومهل البساتين""], [""fr"", ""Délégation Bou Mhel El Bassatine""]]",True,True,10.253242492675781,36.69004821777344,10.320341110229492,36.740882873535156,53566604-5441-4d3e-8a29-6e50b013d4c5
d959dbf1-fd78-4d6f-a24d-a0239225c5fe,TN,TN-32,locality,,land,السعادة,"[[""ar"", ""السعادة""], [""fr"", ""Essaada""]]",True,True,8.721083641052246,36.404720306396484,8.808724403381348,36.49174880981445,3bb5a370-9a86-46cd-9a09-f5ad483fdabb
2a2320df-d62d-430d-a1dc-1e9962300159,TN,TN-13,locality,,land,دوار الحوش,"[[""ar"", ""دوار الحوش""], [""fr"", ""Douar Elhouch""]]",True,True,10.214254379272461,36.66806411743164,10.238210678100586,36.70015335083008,474e4d72-bc8b-4638-bde6-fb3b9c3d1bf7
c054fcf0-39d9-4860-9a1e-ae82ec379319,TN,TN-23,locality,,land,جرزونة الشمالية,"[[""ar"", ""جرزونة الشمالية""], [""fr"", ""Zarzouna Nord""]]",True,True,9.869565963745117,37.258514404296875,9.881031036376953,37.26655960083008,bc323960-de7c-439d-9c44-463e8847415a
85278e6f-15cc-4a1e-a16b-052407ccd676,TN,TN-23,county,2,land,معتمدية غزالة,"[[""ar"", ""معتمدية غزالة""], [""fr"", ""Délégation Ghezala""]]",True,True,9.348368644714355,36.95223617553711,9.628847122192383,37.20502471923828,84a6e483-1aa7-4256-9cbd-7fe25a2df9d8
0167b1cc-5a59-4036-8616-051d4874bc80,TN,TN-32,microhood,,land,Cité El Hedi Khlil,,True,True,8.976062774658203,36.61275863647461,8.982852935791016,36.622074127197266,43287127-0dff-45bc-8da0-1941154ca7a6
dc6740c3-c00b-48d2-851d-55d83b10daec,TN,TN-11,locality,,land,علي بلهوان,"[[""ar"", ""علي بلهوان""], [""fr"", ""Ali Belhouane""]]",True,True,10.190082550048828,36.83231735229492,10.201336860656738,36.83958053588867,4b122918-2dcf-47ed-9066-cb00441fa4b2
67324cbe-7e1d-4403-b2c7-00c8e9f73a2d,TN,TN-23,locality,,land,الشيخ ادريس,"[[""ar"", ""الشيخ ادريس""], [""fr"", ""Cheikh Dris""]]",True,True,9.855045318603516,37.266841888427734,9.869245529174805,37.283321380615234,7610fc64-97fa-4485-9fce-a60208899ce6
213d9afc-a9cb-4898-84df-e5273c7eeece,TN,TN-32,locality,,land,البراهمي,"[[""ar"", ""البراهمي""], [""fr"", ""El Brahmi""]]",True,True,8.837620735168457,36.575618743896484,8.939072608947754,36.64125442504883,ab23ba54-4e5d-4059-9905-cf44c2f228aa
07aeb1fe-8cc0-43f6-913f-1b66d7880c20,TN,TN-11,locality,,land,العوينة,"[[""ar"", ""العوينة""], [""fr"", ""El Aouina""], [""en"", ""El Aouina""], [""he"", ""אל-עווינה""], [""fa"", ""عوینه""]]",True,True,10.248629570007324,36.8479118347168,10.294933319091797,36.86717987060547,bf0648c4-e44e-46db-8e9a-f20244b3755a
f8d242eb-c1ee-44f6-963b-65533846573a,TN,TN-11,locality,,land,التوفيق,"[[""ar"", ""التوفيق""], [""fr"", ""El Taoufik""]]",True,True,10.161105155944824,36.79594802856445,10.168204307556152,36.803035736083984,b23ac577-fe89-40d6-a981-679ae4ddd766
2670b62b-de46-42b0-937d-fd4824f039a7,TN,TN-11,locality,,land,المرسى الشاطئ,"[[""ar"", ""المرسى الشاطئ""], [""fr"", ""La Marsa Plage""]]",True,True,10.249801635742188,36.87761306762695,10.34315013885498,36.94301986694336,3388c04a-e866-4f56-9b15-81945ca058fe
49baa70f-25f4-4529-9fe2-3be0f2494cc9,TN,TN-32,locality,,land,قلوب الثيران,"[[""ar"", ""قلوب الثيران""], [""fr"", ""Gloub Ethirane""]]",True,True,8.570082664489746,36.61577224731445,8.650090217590332,36.6599235534668,5b2089f2-1900-4b7e-9759-05a7c66f90b4
771d88b5-43b1-4418-b502-838ae15c4fce,TN,TN-31,locality,,land,القصر,"[[""ar"", ""القصر""], [""fr"", ""El Ksar""]]",True,True,9.42736530303955,36.725799560546875,9.598122596740723,36.843406677246094,00bd2dc4-be3a-409b-a5cb-0bd6f9b78499
bcc708cd-3589-42f7-ba6e-0a21bad1186b,TN,TN-11,county,2,land,معتمدية الحرائرية,"[[""ar"", ""معتمدية الحرائرية""], [""fr"", ""Délégation El Hrairia""]]",True,True,10.003788948059082,36.76190185546875,10.127948760986328,36.80202102661133,4f5967d2-4aa9-4aca-9813-ffb0f730821d
208bd62e-a6da-4bda-9f38-22a4577f2068,TN,TN-31,county,2,land,معتمدية مجاز الباب,"[[""ar"", ""معتمدية مجاز الباب""], [""fr"", ""Délégation Medjez El Bab""]]",True,True,9.42736530303955,36.576744079589844,9.807243347167969,36.843406677246094,75707380-e522-4aeb-88eb-e5e52f277870
412a1a4c-4f98-4514-ad40-12f9764bb48e,TN,TN-31,county,2,land,معتمدية باجة الشمالية,"[[""ar"", ""معتمدية باجة الشمالية""], [""fr"", ""Délégation Béja Nord""]]",True,True,9.063579559326172,36.686527252197266,9.389949798583984,36.92198181152344,9de55061-becb-4dee-ba72-8e4169c81b6c
1ed0b85f-f148-406d-8482-c7c6bfd71fe3,TN,TN-13,locality,,land,حي الحبيب,"[[""ar"", ""حي الحبيب""], [""fr"", ""Cite El Habib""]]",True,True,10.299444198608398,36.73305892944336,10.322986602783203,36.74599075317383,6b427d65-ca1d-4138-8e05-40e485837127
dca60ed0-4580-4a79-89dc-48358b15e8f5,TN,TN-32,county,2,land,معتمدية طبرقة,"[[""ar"", ""معتمدية طبرقة""], [""fr"", ""Délégation Tabarka""]]",True,True,8.64207649230957,36.80610275268555,9.000967025756836,37.00845718383789,63d19604-aebe-4bc1-82cc-fe6cfddc4020
6e94470f-a610-4533-82a2-f3ba16e86dc0,TN,TN-14,locality,,land,20 مارس,"[[""ar"", ""20 مارس""], [""fr"", ""20-mars""]]",True,True,9.985981941223145,36.742618560791016,10.020816802978516,36.780452728271484,befd87a2-b98a-4bec-bb6b-fedb5d7b7cab
bda073fc-1616-42be-bab7-7b17cab212ab,TN,TN-14,locality,,land,المرناقية الشمالي,"[[""ar"", ""المرناقية الشمالي""], [""fr"", ""Mornaguia Nord""]]",True,True,10.013483047485352,36.747493743896484,10.034475326538086,36.7613639831543,6d7c847e-91b1-4dda-9009-6174c114f1e8
02abfe7e-8316-4011-9d91-007418390f48,TN,TN-32,locality,,land,تاقمة,"[[""ar"", ""تاقمة""], [""fr"", ""Tegma""]]",True,True,8.46405029296875,36.69508743286133,8.5480318069458,36.7508659362793,9e53f37a-4ab4-4b3b-8f35-19bba13924b4
80ae5547-c0ec-4944-aa17-4bbafe61e8d5,TN,TN-32,locality,,land,بو عوان,"[[""ar"", ""بو عوان""], [""fr"", ""Bou Aouane""]]",True,True,8.982094764709473,36.65946960449219,9.036735534667969,36.72690963745117,ee8ca4b7-9a88-4cc4-9252-7ab72ebb22d3
00fa4799-ecb3-4360-9c4b-29a768b3e13b,TN,TN-14,locality,,land,الدندان الجنوبية,"[[""ar"", ""الدندان الجنوبية""], [""fr"", ""Den - Den Sud""]]",True,True,10.103981971740723,36.79591751098633,10.119171142578125,36.80321502685547,2d049636-7e66-421e-aaad-b3915faa25eb
8aceda43-13e7-4cbb-8255-3824099fa099,TN,TN-13,locality,,land,الرابطة,"[[""ar"", ""الرابطة""], [""fr"", ""Errabta""]]",True,True,10.239038467407227,36.72500991821289,10.258583068847656,36.75135040283203,a0339e91-2a59-4291-a4b8-e4c886c5ba8b
db224b24-5037-462b-9c3f-daa9a769ad28,TN,TN-13,locality,,land,سيدي بن عروس,"[[""ar"", ""سيدي بن عروس""], [""fr"", ""Sidi Ben Arous""]]",True,True,10.207612037658691,36.747283935546875,10.2242431640625,36.75986099243164,19ef0acc-dea2-49f6-ab91-4ab9fcdd9449
30361c85-38b1-4967-b512-72b8b0d06cf9,TN,TN-13,macrohood,,land,بلدية رادس,"[[""en"", ""Municipality of Rades""], [""ar"", ""بلدية رادس""], [""fr"", ""Municipalité de Radès""]]",True,True,10.270739555358887,36.76962661743164,10.271078109741211,36.76991653442383,419aae2a-d7a0-4224-9aa8-f922f18e8aa6
4617cef2-69a3-4a82-8863-8adc04098f7d,TN,TN-13,county,2,land,معتمدية بن عروس,"[[""ar"", ""معتمدية بن عروس""], [""fr"", ""Délégation Ben Arous""]]",True,True,10.207612037658691,36.73112869262695,10.24681282043457,36.766632080078125,4ac708f6-6d88-4bdc-946e-6e3c57a6fbd1
ec4e8ee9-8efe-417f-95ef-636d9b55cbd7,TN,TN-13,county,2,land,معتمدية المدينة الجديدة,"[[""ar"", ""معتمدية المدينة الجديدة""], [""fr"", ""Délégation La Nouvelle Médina""]]",True,True,10.22725772857666,36.71273422241211,10.274747848510742,36.755516052246094,674a4613-5d04-4299-9997-5f78f526ad42
a567c411-8b61-4575-9f6a-3466619aaca0,TN,TN-13,locality,,land,رادس,"[[""ar"", ""رادس""], [""fr"", ""Radès""], [""ru"", ""Радес""], [""en"", ""Radès""], [""he"", ""ראדס""], [""kab"", ""Rades""], [""fa"", ""رادس""]]",True,True,10.246811866760254,36.73957824707031,10.30712890625,36.81254959106445,b8779113-ffb5-44ea-8819-c27052b5f2f9
ee517e5c-a9e7-49fb-b2fe-96ab25f87da4,TN,TN-11,locality,,land,السبخاء,"[[""ar"", ""السبخاء""], [""fr"", ""Es-Sebkha""]]",True,True,10.195361137390137,36.75732421875,10.220352172851562,36.782691955566406,0415f014-5d45-43be-9a99-986c48c61c76
7179c2c3-3648-4182-b7ae-9a58327a8a96,TN,TN-23,county,2,land,معتمدية سجنان,"[[""ar"", ""معتمدية سجنان""], [""fr"", ""Délégation Sejnane""]]",True,True,9.074569702148438,37.00315856933594,9.505867004394531,37.270240783691406,51e9abae-fd06-4f9c-80bc-71b519017f32
f08eec40-4a99-4f30-a925-778fa11e85b6,TN,TN-11,microhood,,land,ساحة القصبة,"[[""en"", ""Kasbah Square""], [""ar"", ""ساحة القصبة""], [""fr"", ""Place de la Kasbah""], [""ko"", ""카스바 광장""]]",True,True,10.165807723999023,36.79682922363281,10.16828441619873,36.79827117919922,7dc80a3a-9b44-4cce-b865-24d15ec47961
29aa1036-5bfd-4444-be3f-675adb71742e,TN,TN-23,locality,,land,سيدي علي شباب,"[[""ar"", ""سيدي علي شباب""], [""fr"", ""Sidi Ali Chabeb""]]",True,True,10.014692306518555,37.18115997314453,10.068413734436035,37.2149772644043,d9060148-5453-4702-bf7a-7a9041d3529a
b2cd10d3-3350-4f09-9d3a-0e06a54d9aab,TN,TN-11,locality,,land,حي السلامة,"[[""ar"", ""حي السلامة""], [""fr"", ""Cité Essalema""]]",True,True,10.266895294189453,36.8521614074707,10.272287368774414,36.85883331298828,577fbb7c-ff4e-4011-a096-629710a0b743
0b3f0e2d-e06f-4ae8-8fda-04541cd6d511,TN,TN-31,locality,,land,دجبة,"[[""ar"", ""دجبة""], [""fr"", ""Djebba""]]",True,True,9.075353622436523,36.451873779296875,9.161269187927246,36.51066589355469,e182d265-0ae4-4fb6-9be5-17732093a021
6b4cb039-5024-42dc-96e6-8d8ed6607270,TN,TN-32,locality,,land,غار الدماء الشمالية,"[[""ar"", ""غار الدماء الشمالية""], [""fr"", ""Ghardimaou Nord""]]",True,True,8.42572021484375,36.44158172607422,8.453786849975586,36.45530319213867,75d4a51b-35b6-4aa4-bd6d-0f253282aa10
9d598ae8-e4b1-40ec-90d9-2b6881a4bf32,TN,TN-13,locality,,land,المروج 1,"[[""ar"", ""المروج 1""], [""fr"", ""El Mourouj (1)""]]",True,True,10.187737464904785,36.72166442871094,10.210554122924805,36.73957824707031,475a405f-f670-4060-be92-0a11316101e3
68c78620-e226-427b-8c77-620ce3d9c980,TN,TN-82,locality,,land,السويطير,"[[""ar"", ""السويطير""], [""fr"", ""Souitir""], [""en"", ""Souitir""]]",True,True,10.648492813110352,33.3311882019043,10.775246620178223,33.46200180053711,f95c510c-4bcb-4ab9-b89d-cb89a1de8513
6b3ca9f0-5dd5-45fd-b33a-481c4d3ebd03,TN,TN-83,locality,,land,الزهرة,"[[""ar"", ""الزهرة""], [""fr"", ""Ezzahra""], [""en"", ""Ezzahra""]]",True,True,10.514339447021484,32.29640579223633,11.181132316589355,32.84747314453125,af364c6e-a3b4-4325-ba0a-ab7213ff3ca5
64f9008f-d4e0-4f5c-952c-64d22125ac2f,TN,TN-83,locality,,land,تطاوين المدينة,"[[""ar"", ""تطاوين المدينة""], [""fr"", ""Tataouine Ville""]]",True,True,10.437342643737793,32.925296783447266,10.453045845031738,32.94398880004883,41b40778-9f49-4d9a-9bf4-a06017e523e2
aedd56db-3729-46b8-ab1d-111a13ec5a51,TN,TN-82,locality,,land,مدنين الغربية,"[[""ar"", ""مدنين الغربية""], [""fr"", ""Medenine Ouest""]]",True,True,10.45679759979248,33.320579528808594,10.490601539611816,33.351234436035156,f8a6af31-45cd-4df2-9e34-0a478ec08b12
7387b149-13aa-4fa9-952f-aed3620a0aa2,TN,TN-61,locality,,land,القنطرة,"[[""ar"", ""القنطرة""], [""fr"", ""El Kantra""]]",True,True,11.121347427368164,34.6629753112793,11.148768424987793,34.686378479003906,4183dd3e-b8dd-47df-9d85-938ce60b42b8
c8f87ca9-5770-4bbe-b560-e8a8897824d3,TN,TN-61,locality,,land,حي الحبيب,"[[""ar"", ""حي الحبيب""], [""fr"", ""Cité El Habib""]]",True,True,10.712167739868164,34.70951843261719,10.729283332824707,34.73344039916992,db9a5ec9-e45d-4d11-9f8f-8e0328ff6b98
ab7711bf-260e-4314-be69-d6a46172da29,TN,TN-82,locality,,land,الماي,"[[""ar"", ""الماي""], [""fr"", ""El May""], [""en"", ""El Mey""], [""es"", ""El May""]]",True,True,10.861234664916992,33.76460266113281,10.944002151489258,33.81658172607422,d898655a-1697-4f5c-b39e-7c5c7cd0bf06
44b48bc6-65c6-42aa-b9e6-85efa30dd9a9,TN,TN-82,locality,,land,شارب الراجل,"[[""ar"", ""شارب الراجل""], [""fr"", ""Chareb Errajel""]]",True,True,10.939837455749512,33.14997100830078,11.214177131652832,33.32212448120117,c6cfbb45-2ebd-434c-9c4d-71a9979263b7
ba6ef7f5-7a2c-4fdf-a99a-97fa6bf4e087,TN,TN-82,locality,,land,القرين,"[[""ar"", ""القرين""], [""fr"", ""El Grine""], [""aeb"", ""القرين""], [""de"", ""Al-Qurayn""], [""en"", ""Al-Qurayn""]]",True,True,10.456877708435059,33.56344985961914,10.568838119506836,33.65583419799805,60d2b497-1699-4fc3-ac31-54a50d5f0d4c
7022ce10-913e-499c-9ea9-f00d4504ef04,TN,TN-82,locality,,land,القريبيس,"[[""ar"", ""القريبيس""], [""fr"", ""El Grebis""], [""en"", ""El Gribis""]]",True,True,10.842386245727539,33.49538040161133,11.00871467590332,33.5948600769043,c2cbc5ba-e6cd-4a3c-bc04-08d09e9de8d9
054852b7-d511-4a35-a8df-d013bc31187a,TN,TN-83,locality,,land,النزهة,"[[""ar"", ""النزهة""], [""fr"", ""Ennozha""]]",True,True,10.44956111907959,32.92618942260742,10.459104537963867,32.94459915161133,9430b7dd-b9e2-4d4c-96a0-3c6dae2ae589
9d8d6f94-f13a-4965-9360-0507ea63f645,TN,TN-82,locality,,land,مزراية,"[[""ar"", ""مزراية""], [""fr"", ""Mazraia""], [""de"", ""Mezraya""], [""en"", ""Mezraya""], [""kab"", ""Meẓraya""]]",True,True,10.888626098632812,33.823341369628906,10.991528511047363,33.91572952270508,4d7de0d2-4d33-4bfa-a124-0aef1f90c672
0541299a-baaf-47ad-9067-6aa0a3c32602,TN,TN-82,locality,,land,مدنين الشرقية,"[[""ar"", ""مدنين الشرقية""], [""fr"", ""Medenine Est""]]",True,True,10.491133689880371,33.34199905395508,10.53294849395752,33.37128448486328,751f7b56-304d-4f32-b6fc-a9a55948a82d
09624b8e-74ce-4e19-bdf3-61b627f545ad,TN,TN-83,locality,,land,تلالت,"[[""ar"", ""تلالت""], [""fr"", ""Telelt""]]",True,True,10.341073989868164,32.918434143066406,10.474054336547852,33.042972564697266,a452d708-4a52-4ebc-af6a-1f3024658e07
ee6aee6e-e51e-405f-8e44-e9c315dddca4,TN,TN-83,locality,,land,حي البر,"[[""ar"", ""حي البر""], [""fr"", ""Cité El Ber""]]",True,True,10.403840065002441,32.91096496582031,10.439976692199707,32.926239013671875,7ea6e759-17c7-4a7e-bcd8-e8c2cde30965
6ce2c3a4-e89c-4c13-9e20-d517d632dfbe,TN,TN-83,locality,,land,رمادة الشرقية,"[[""ar"", ""رمادة الشرقية""], [""fr"", ""Remada Est""]]",True,True,10.267403602600098,32.24384689331055,10.640149116516113,32.62419891357422,81eb9d3d-a4c3-453b-af03-d6e96daf280a
89504b32-a8b4-455f-b9e2-990df11ac1f1,TN,TN-83,locality,,land,المعونة,"[[""ar"", ""المعونة""], [""fr"", ""El Mouna""]]",True,True,10.60564136505127,32.96784591674805,10.750922203063965,33.1087532043457,57b2ab9e-bc28-4316-96e3-ddfed8101090
d85120aa-f591-4b67-8624-7879c3f6f45b,TN,TN-83,locality,,land,كرشاو,"[[""ar"", ""كرشاو""], [""fr"", ""Kerchaou""], [""en"", ""Kerchaou""], [""aeb"", ""كرشاو""]]",True,True,10.683159828186035,32.97803497314453,10.868558883666992,33.10222244262695,9dfd3c06-a737-4459-894c-f6e8347c77df
edf47b5e-9722-4c4a-855d-e5c25ddf9acb,TN,TN-82,locality,,land,السواني,"[[""ar"", ""السواني""], [""fr"", ""Essouani""]]",True,True,10.838616371154785,33.84328079223633,10.89505672454834,33.868324279785156,6d6d9849-d293-4660-9552-a39b61a6f7e5
4141c630-a6bf-401d-99b5-18e01a63442d,TN,TN-82,locality,,land,وادي الزبيب,"[[""ar"", ""وادي الزبيب""], [""fr"", ""Oued Ezzebib""], [""en"", ""Oued Zbib""]]",True,True,10.793676376342773,33.744632720947266,10.846663475036621,33.800926208496094,41e97bf1-94ed-4f37-b1df-edb8207e60ac
a590154a-0d02-4c7a-ad21-e1982e76ead5,TN,TN-83,locality,,land,وادي القمح,"[[""ar"", ""وادي القمح""], [""fr"", ""Oued El Gameh""]]",True,True,10.456924438476562,32.9167366027832,10.47805404663086,32.931278228759766,566ab272-2497-45f6-9abc-0d18206d66c8
0c1d6c0a-7220-46eb-b6b5-31e82f246ff8,TN,TN-82,locality,,land,بنقردان الشمالية,"[[""ar"", ""بنقردان الشمالية""], [""fr"", ""Ben Gardane Nord""]]",True,True,11.191666603088379,33.134521484375,11.227347373962402,33.153812408447266,a9d5e530-805b-41bf-8f6e-78bdc1924f61
b5da386e-702a-4aae-92e4-399e14ba8a27,TN,TN-83,locality,,land,المرة,"[[""ar"", ""المرة""], [""fr"", ""El Morra""]]",True,True,10.941771507263184,32.31427764892578,11.34197998046875,32.90793991088867,1389b496-a436-4f4b-99e5-fdef51ee0813
85e58e9b-ef9f-451d-b223-e4f29798f6ee,TN,TN-82,region,1,land,ولاية مدنين,"[[""bs"", ""Médenine""], [""hr"", ""Médenine""], [""ar"", ""ولاية مدنين""], [""fr"", ""Gouvernorat Médenine""], [""lv"", ""Mēdenine""], [""uk"", ""Меденін (вілаєт)""], [""ceb"", ""Gouvernorat de Médenine""], [""pt-PT"", ""Médenine""], [""pt"", ""Médenine (província)""], [""cs"", ""Médenine""], [""zu"", ""Medenine Governorate""], [""el"", ""Μεντενίν (Κυβερνείο)""], [""it"", ""Medenina""], [""ca"", ""Governació de Médenine""], [""pt-BR"", ""Médenine""], [""vi"", ""Médenine""], [""nl"", ""Médenine (gouvernement)""], [""zh-Hans"", ""梅德宁""], [""bg"", ""Меденин (област)""], [""ko"", ""메드닌주""], [""et"", ""Médenine""], [""de"", ""Gouvernement Medenine""], [""cy"", ""Médenine (talaith)""], [""frr"", ""Médenine (Guwernement)""], [""be-Latn-tarask"", ""Мэдзенін (вілает)""], [""ur"", ""مدنین""], [""ru"", ""Меденин (вилайет)""], [""th"", ""เมเดนีน""], [""id"", ""Kegubernuran Medenine""], [""sr-Latn"", ""Medenin""], [""sv"", ""Médenine""], [""tr"", ""Medenin ili""], [""da"", ""Médenine""], [""zh-Hant"", ""梅德寧""], [""en"", ""Médenine""], [""he"", ""מדנין (מחוז)""], [""sk"", ""Médenine""], [""az"", ""Medenin (vilayət)""], [""es"", ""Gobernación de Medenine""], [""sco"", ""Medenine Govrenorate""], [""be"", ""Медзенін (вілает)""], [""ja"", ""メドニン県""], [""ast"", ""Gobernación de Medenine""], [""fi"", ""Medenine (kuvernementti)""], [""ro"", ""Guvernoratul Medenine""], [""lt"", ""Medeninas""], [""no"", ""Medenine (guvernement)""], [""sl"", ""Médenine""], [""fa"", ""مدنین""], [""zh"", ""梅德寧省""], [""ms"", ""Kawasan kegabenoran Medenine""], [""hu"", ""Médenine""], [""pl"", ""Gubernatorstwo Madanin""], [""ks"", ""مدنین""], [""sh"", ""Médenine (vilajet)""]]",True,True,9.709639549255371,32.24991989135742,11.599935531616211,33.91572952270508,06b5daec-c8a9-4e82-b753-77ed60222f40
17100776-40cd-4128-9f87-8ff86bc16ef7,TN,TN-82,county,2,land,معتمدية جربة أجيم,"[[""ar"", ""معتمدية جربة أجيم""], [""fr"", ""Délégation Djerba Ajim""]]",True,True,10.727461814880371,33.631526947021484,10.915275573730469,33.84511184692383,d00f1ebd-4569-4922-bce3-4975a44ecdf8
02544b51-5f51-4ece-97f3-7cadda714de5,TN,TN-82,microhood,,land,Ben Slama - بن سلامة,,True,True,10.694028854370117,33.584598541259766,10.71006965637207,33.59852600097656,2cc09046-c39d-4b45-98eb-8256bd5db8f1
4d963223-98ab-4ef6-919b-b3c04c3cc982,TN,TN-82,locality,,land,الدرغولية,"[[""ar"", ""الدرغولية""], [""fr"", ""Darghoulia""]]",True,True,10.56135082244873,33.35952377319336,10.767355918884277,33.486934661865234,45d2e188-6f1e-47dd-9138-0a0693f7f818
45163bba-80be-409f-b00c-23ee052025a2,TN,TN-82,county,2,land,معتمدية جربة حومة السوق,"[[""ar"", ""معتمدية جربة حومة السوق""], [""fr"", ""Délégation Djerba Houmet Souk""]]",True,True,10.741790771484375,33.78609848022461,10.991528511047363,33.91572952270508,1e2e097c-f17a-4818-bf79-856d37223352
d8cba006-d557-401f-ad3d-90ec80e3fc43,TN,TN-83,locality,,land,غرغار,"[[""ar"", ""غرغار""], [""fr"", ""GHARGHAR""]]",True,True,10.434033393859863,32.90794372558594,10.444624900817871,32.92292022705078,8a62451b-9234-47b5-9cf7-b3f692adc783
960e760c-a457-4ce6-9439-081e7e4f78c0,TN,TN-83,locality,,land,المدينة,"[[""ar"", ""المدينة""], [""fr"", ""El Médina""]]",True,True,10.415486335754395,33.092933654785156,10.532631874084473,33.17399978637695,e16812a3-6bfb-4e33-ab42-b5349cbd4b1e
939a8474-19c4-4acf-b2e1-d316ed8943e0,TN,TN-61,locality,,land,بولذياب,"[[""ar"", ""بولذياب""], [""fr"", ""Bouledhieb""], [""en"", ""Bouledhieb""]]",True,True,10.29026985168457,34.65867233276367,10.48130989074707,34.7584342956543,7a18bb4e-70cd-4463-a007-bf21d7ffbb77
7d2e45d2-cfd6-4822-bd99-1656aa89224f,TN,TN-82,locality,,land,المحبوبين,"[[""ar"", ""المحبوبين""], [""fr"", ""El Mahboubine""]]",True,True,10.911551475524902,33.77140426635742,11.000056266784668,33.81494903564453,aed50e95-bc65-49c7-9faa-bdfeb23304f0
65965a96-f58f-414f-9adf-6e62c9660db6,TN,TN-83,locality,,land,الصمار,"[[""ar"", ""الصمار""], [""fr"", ""Smar""], [""en"", ""Smar""], [""aeb"", ""الصمار""]]",True,True,10.747495651245117,32.96741485595703,11.03657054901123,33.09507369995117,e91d0195-d5fa-4524-8bd5-5627958fe8f2
179966b3-fefa-4c7b-8ded-11e8adbf40b9,TN,TN-82,locality,,land,أم التمر الشرقية,"[[""ar"", ""أم التمر الشرقية""], [""fr"", ""Oum Ettamar Est""]]",True,True,10.342755317687988,33.366878509521484,10.461545944213867,33.44293212890625,4b41e272-05c5-4610-866c-d2e4e7797fcc
db32717b-fd18-4cc1-84d0-21d9766b8e67,TN,TN-83,locality,,land,التضامن,"[[""ar"", ""التضامن""], [""fr"", ""Ettadhamen""]]",True,True,10.451614379882812,32.912174224853516,10.475526809692383,32.936981201171875,82b38575-9416-424a-b1fc-a992884291d2
4f6bb752-9a5d-48fe-9d8c-4f48795b1389,TN,TN-83,locality,,land,قصر المقابلة,"[[""ar"", ""قصر المقابلة""], [""fr"", ""KSAR EL MOUKABALA""]]",True,True,10.404780387878418,32.91609573364258,10.437344551086426,32.933597564697266,6a625a9c-e4fc-4312-88fe-32b9e249162d
e7a3b27e-9aca-4fa9-ba93-a7ae176c3c0c,TN,TN-83,locality,,land,قصر عون,"[[""ar"", ""قصر عون""], [""fr"", ""Ksar Aoun""], [""aeb"", ""قصر عون""]]",True,True,10.80942153930664,32.307533264160156,11.204634666442871,32.93375778198242,2aa6aa0c-e494-447c-9a4e-1f33d4714ba5
0f451ae1-013a-4f06-b241-4bf55d1f6221,TN,TN-82,locality,,land,بدوي,"[[""ar"", ""بدوي""], [""fr"", ""Bedoui""]]",True,True,10.491153717041016,33.43109130859375,10.640000343322754,33.6031494140625,ff990ccb-a77e-448d-acb8-f39d4538a385
840863f1-e7ac-4175-88c0-a0ca0d6c637e,TN,TN-83,locality,,land,بئر الاحمر الغربية,"[[""ar"", ""بئر الاحمر الغربية""], [""fr"", ""Bir Lahmar Ouest""]]",True,True,10.340719223022461,33.15949630737305,10.445679664611816,33.20710372924805,5cb9f7ec-9e74-4011-b59e-120c2d757656
be1a9cc5-bf20-41cb-989c-966b1624da5c,TN,TN-82,locality,,land,بنقردان الجنوبية,"[[""ar"", ""بنقردان الجنوبية""], [""fr"", ""Ben Gardane Sud""]]",True,True,11.20619010925293,33.12144470214844,11.235628128051758,33.15376281738281,8955e856-c84a-4a61-9c4c-8b5f133ac6a9
301c9097-d701-4753-a44f-ac70304a7894,TN,TN-82,locality,,land,القرع,"[[""ar"", ""القرع""], [""fr"", ""El Groa""]]",True,True,10.747416496276855,33.7756462097168,10.850801467895508,33.84511184692383,26b038ea-ddee-4c5e-b341-7b9936cdf76c
d5a7be65-8f57-4328-ac68-6e88e9e5065c,TN,TN-82,locality,,land,عمرة,"[[""ar"", ""عمرة""], [""fr"", ""Amra""]]",True,True,10.453396797180176,33.37419891357422,10.640000343322754,33.49342727661133,2f2aa76c-bf53-4fa6-a838-fbbc28fd7b4d
c75fa118-5970-42af-9e64-76cf64b833d5,TN,TN-83,locality,,land,بني بلال,"[[""ar"", ""بني بلال""], [""fr"", ""Beni Belal""]]",True,True,10.525538444519043,32.88002395629883,10.74846076965332,32.97755813598633,ba1b14b4-fbb4-4f8b-b511-0f712d70fbbe
783960fe-c665-4930-8be9-cb65a8ffd238,TN,TN-83,locality,,land,قطوفة,"[[""ar"", ""قطوفة""], [""fr"", ""Gattoufa""], [""aeb"", ""قطوفة""]]",True,True,10.461219787597656,32.897335052490234,10.6633939743042,32.974308013916016,6167b35b-96e9-4ae5-8588-a2831f616c5d
05854502-e7c0-4e3b-8780-124bb195e93a,TN,TN-82,locality,,land,مدنين الشمالية,"[[""ar"", ""مدنين الشمالية""], [""fr"", ""Medenine Nord""]]",True,True,10.456308364868164,33.34349822998047,10.518364906311035,33.38959503173828,8c7f5c95-bf34-4876-b192-895cb901ed44
bf719369-9292-4f78-856c-ce73401e45b4,TN,TN-83,locality,,land,الرهاش,"[[""ar"", ""الرهاش""], [""fr"", ""Errahech""]]",True,True,10.747550010681152,32.87380599975586,10.999783515930176,32.96194839477539,e2ced2b7-a0bf-4b23-99e1-8196ef15708f
d2b46ae8-3175-4798-abdb-5d0f0ed7c7a4,TN,TN-82,locality,,land,الجوامع,"[[""ar"", ""الجوامع""], [""fr"", ""El Jouamaa""]]",True,True,10.830683708190918,33.86202621459961,10.86504077911377,33.876312255859375,05b7520f-1228-4f28-b103-e4d2bc0832a2
5e2ab06b-f737-4858-a275-1c1dc1c71e02,TN,TN-83,locality,,land,الذهيبة الشرقية,"[[""ar"", ""الذهيبة الشرقية""], [""fr"", ""Dhehiba Est""]]",True,True,10.550121307373047,31.967561721801758,11.181132316589355,32.46268844604492,913ff8e8-da47-4736-a05d-cac059798ed4
0c69f43f-2fb1-4ad2-a2b6-d532119392d5,TN,TN-83,locality,,land,بني بركة - تونكت,"[[""ar"", ""بني بركة - تونكت""], [""fr"", ""Beni Barka - Tounket""]]",True,True,10.426371574401855,32.863155364990234,10.521539688110352,32.9256706237793,c5bdadad-fe5e-439d-837a-af51faab4ce1
c053aa2b-f126-46f9-b768-e4c6943188e1,TN,TN-81,locality,,land,العلاية,"[[""ar"", ""العلاية""], [""fr"", ""El Alaya""], [""en"", ""El Alaya""]]",True,True,10.306736946105957,33.60054397583008,10.480246543884277,33.67119598388672,f0526815-a95d-4444-9772-d752a90ed017
4f05dfbf-eb49-4e61-b271-5edd45378a0c,TN,TN-61,locality,,land,طينة,"[[""ar"", ""طينة""], [""fr"", ""Thyna""], [""en"", ""Thyna""]]",True,True,10.655893325805664,34.62896728515625,10.752822875976562,34.70952224731445,a276435e-0fc3-4937-bd3b-fbf0638d9009
71bbed6a-b418-444e-a692-07be523d9845,TN,TN-83,locality,,land,قصر المرابطين,"[[""ar"", ""قصر المرابطين""], [""fr"", ""Ksar El Mourabtine""], [""aeb"", ""قصر المرابطين""], [""de"", ""Qasr al-Murabitin""]]",True,True,10.343633651733398,33.00445556640625,10.477643013000488,33.064090728759766,d5e904c0-f8b0-4f82-8c14-83d6a7cd7fc4
a529d593-8b38-4d13-b7dc-e279941a29fb,TN,TN-82,microhood,,land,Place Sidi Brahim Jomini,,True,True,10.859472274780273,33.87600326538086,10.860431671142578,33.876953125,6a207470-d6c4-4572-a76d-da3cc4beccef
523b7ba9-872c-4efe-9bce-6e0e75e15474,TN,TN-82,locality,,land,مدنين الجنوبية,"[[""ar"", ""مدنين الجنوبية""], [""fr"", ""Medenine Sud""]]",True,True,10.479639053344727,33.307186126708984,10.534200668334961,33.35188674926758,1caa59da-ac75-4ab9-878c-c4ead268f245
5823e8ba-5b3d-4e79-9cb7-ad4eddee6f09,TN,TN-82,microhood,,land,ساحة الهادي شاكر,"[[""ar"", ""ساحة الهادي شاكر""], [""fr"", ""Place Hédi Chaker""]]",True,True,10.858952522277832,33.876380920410156,10.859214782714844,33.87673568725586,f073c58c-7e7c-48fa-b395-4193ffa41b0d
9125e439-e575-440a-a90f-829a4b954cfe,TN,TN-82,microhood,,land,Place Mokhtar Attia,"[[""ar"", ""ساحة المختار عطية""], [""fr"", ""Place Mokhtar Attia""]]",True,True,10.858650207519531,33.87605285644531,10.858914375305176,33.876277923583984,53ce5062-9dc5-46f5-bbeb-2ff9d5e61663
99042b04-d881-4ea5-b733-e7301d713ce3,TN,TN-82,locality,,land,أجيم,"[[""ar"", ""أجيم""], [""fr"", ""Ajim""], [""it"", ""Adjim""], [""de"", ""Adschim""], [""azb"", ""اجیم""], [""ru"", ""Аджим""], [""en"", ""Ajim""], [""es"", ""Adjim""], [""fa"", ""اجیم""]]",True,True,10.734233856201172,33.696781158447266,10.791032791137695,33.743080139160156,771f4c3a-ebf7-4c3b-84cb-af45420eadb1
29c689e7-f082-43d3-9828-74c0ec7f0f4d,TN,TN-82,county,2,land,معتمدية مدنين االجنوبية,"[[""ar"", ""معتمدية مدنين االجنوبية""], [""fr"", ""Délégation Medenine Sud""]]",True,True,10.4456787109375,33.20370864868164,10.775246620178223,33.64018249511719,44cffc34-2d64-4753-a685-fa3c79a76430
626b1c0e-a8e6-4eb8-a0a4-593e57279758,TN,TN-61,locality,,land,عيثة الشلايا,"[[""ar"", ""عيثة الشلايا""], [""fr"", ""Aithet Echelaya""]]",True,True,10.414172172546387,34.56010818481445,10.561945915222168,34.66395950317383,f2ea689c-741f-47d8-bcac-5f2c44c79bac
28b4c979-cdf1-4431-869a-b71565082d0b,TN,TN-82,locality,,land,والغ,"[[""ar"", ""والغ""], [""fr"", ""Oualeg""]]",True,True,10.867499351501465,33.8023796081543,10.911552429199219,33.85737228393555,12888f1b-0dd1-4a97-83d4-d6c1cb5101e0
941738a5-472c-473a-894a-394026e75821,TN,TN-82,locality,,land,بني معقل,"[[""ar"", ""بني معقل""], [""fr"", ""Beni Maaguel""], [""en"", ""Beni Maaguel""], [""aeb"", ""بني معقل""]]",True,True,10.923110008239746,33.737186431884766,10.978612899780273,33.77885055541992,a8e603c1-7f32-417a-9b2c-47cd46519793
14a6519a-80c0-464e-b80b-fc3a275d2348,TN,TN-82,locality,,land,آركو,"[[""ar"", ""آركو""], [""fr"", ""Arkou""], [""aeb"", ""آركُو""]]",True,True,10.960700988769531,33.72744369506836,11.060879707336426,33.82743453979492,b173be5c-ce12-4aed-a09e-775e84ff3623
461250e9-3f94-4c3f-b6bf-416b08b393f4,TN,TN-82,locality,,land,المغزاوية,"[[""ar"", ""المغزاوية""], [""fr"", ""El Maghzaouia""]]",True,True,10.543347358703613,33.57017135620117,10.665160179138184,33.67091369628906,0ef592e5-1c7f-4af7-bdc7-dec0473547a5
80c581bf-790b-40af-8b7b-efeb57e7e8af,TN,TN-82,locality,,land,حسي الجربي,"[[""ar"", ""حسي الجربي""], [""fr"", ""Hassi El Jerbi""]]",True,True,10.94611930847168,33.58237838745117,11.083465576171875,33.65037536621094,955d0392-e734-4d5c-9c03-4a35b7e0d2d9
eb1e9dbe-96cc-4d75-9e86-4b1430225c5e,TN,TN-82,locality,,land,اللبة,"[[""ar"", ""اللبة""], [""fr"", ""El Labba""]]",True,True,10.4456787109375,33.20705032348633,10.556317329406738,33.36043930053711,e87c08f2-3c40-4aa9-aeed-97c539aa6dcb
762bc2ae-bf53-424d-926d-8081c8407de9,TN,TN-82,microhood,,land,ساحة الاستقلال,"[[""en"", ""Independence Square""], [""ar"", ""ساحة الاستقلال""], [""fr"", ""Place de l'Indépendance""]]",True,True,11.216607093811035,33.13804626464844,11.218244552612305,33.1394157409668,3afa9a97-5cc0-4c06-af3a-659fb058867e
d2ddf654-6dc0-453f-8fec-d03dfe15ea07,TN,TN-82,locality,,land,2 ماي,"[[""ar"", ""2 ماي""], [""fr"", ""02 Mai""]]",True,True,10.465505599975586,33.30792999267578,10.491175651550293,33.34435272216797,ac68e4d5-b4f4-4f63-8cfa-2740ec6c5b48
2c94ff64-a07e-4464-9c3f-1de7b91a0fba,TN,TN-61,locality,,land,مليتة,"[[""ar"", ""مليتة""], [""fr"", ""Mellita""], [""cs"", ""Mellita""], [""en"", ""Mellita""]]",True,True,10.966375350952148,34.613059997558594,11.12490177154541,34.67383575439453,455e4f4a-41dc-4897-bdf7-0ca44f980f06
13b8784c-40cf-4174-b0d1-b31fcfb4f076,TN,TN-82,locality,,land,قلالة,"[[""ar"", ""قلالة""], [""fr"", ""Guellala""], [""it"", ""Guellala""], [""ber"", ""Iqellalen""], [""ru"", ""Геллала""], [""en"", ""Guellala""], [""es"", ""Guellala""], [""kab"", ""Iqellalen""], [""pl"", ""Kallala""]]",True,True,10.827767372131348,33.631526947021484,10.915275573730469,33.79199981689453,16a5c6f3-34ec-4d8e-baf5-17f652d30706
ce373958-f618-4332-9a60-c9de3a960999,TN,TN-83,locality,,land,السند,"[[""ar"", ""السند""], [""fr"", ""Sened""]]",True,True,10.347038269042969,33.1247444152832,10.448660850524902,33.18544006347656,4c8a4372-63d0-4292-8782-3c34761203ef
ae53b97a-d85b-4201-a7a2-1a044f4918d0,TN,TN-82,locality,,land,Ben Slama,,True,True,10.674200057983398,33.57072830200195,10.732521057128906,33.61498260498047,8dcfb415-b095-4144-bee1-3fe5c4552b58
cf2dbda0-7771-49c3-b8b5-2a768c9553a1,TN,TN-82,locality,,land,الطابعي,"[[""ar"", ""الطابعي""], [""fr"", ""Ettabai""]]",True,True,11.021483421325684,32.91324996948242,11.211224555969238,33.12944412231445,d6f1115b-c0ac-47f2-9dc1-61ad02716f4a
731d707a-5826-4dea-9da3-7cf13d66738f,TN,TN-83,locality,,land,بني مهيرة الشرقية,"[[""ar"", ""بني مهيرة الشرقية""], [""fr"", ""Beni Mehira Est""]]",True,True,10.757819175720215,32.305999755859375,11.190775871276855,32.9282112121582,b76c5c63-a871-417b-bc03-ed30f24b3195
6471c25d-73df-4508-a543-bb9062107a9b,TN,TN-82,locality,,land,السويحل,"[[""ar"", ""السويحل""], [""fr"", ""Essouihel""]]",True,True,11.086053848266602,33.51976013183594,11.11581802368164,33.55780792236328,5aee4de8-11ee-4862-8e02-a48d65cba3b9
2b48642c-fe62-4668-851f-a11e879b3110,TN,TN-61,locality,,land,بن سهلون,"[[""ar"", ""بن سهلون""], [""fr"", ""Ben Sahloun""], [""en"", ""Ben Sahloun""]]",True,True,10.3066987991333,34.598106384277344,10.515727996826172,34.729957580566406,fe85b964-60a6-4cbb-8d9b-86afa3c94ed3
d85e215b-737d-4eef-b245-8961f512c03f,TN,TN-82,locality,,land,حمادي بو تفاحة,"[[""ar"", ""حمادي بو تفاحة""], [""fr"", ""Hamadi Boutoufaha""]]",True,True,10.916479110717773,33.28932189941406,11.114121437072754,33.495426177978516,2fe9b473-cf30-4070-8ef5-8831cd275758
acf4b14b-3b2c-497f-b597-40e809a674bc,TN,TN-82,locality,,land,الرياض,"[[""ar"", ""الرياض""], [""fr"", ""Erriadh""], [""en"", ""Erriadh""]]",True,True,10.80344295501709,33.78609848022461,10.883238792419434,33.85390090942383,deb7defa-9aa4-4a24-88bc-054ade9ccba3
8eee429e-763d-4f85-b50a-436522fc29f5,TN,TN-82,locality,,land,النفاتية,"[[""ar"", ""النفاتية""], [""fr"", ""Neffatia""]]",True,True,10.719996452331543,33.08256149291992,11.016963958740234,33.33493423461914,93abd814-f070-495c-9c0a-af11cf81aece
0f821e83-2209-4e28-bdd7-154e681a12b2,TN,TN-82,locality,,land,جميلة,"[[""ar"", ""جميلة""], [""fr"", ""Jamila""]]",True,True,11.226984024047852,32.77006149291992,11.560502052307129,33.15876770019531,f2cc2667-a8fa-43be-a38b-4651b8cf8f0e
bb942968-8003-4add-b740-990bb1b475db,TN,TN-82,locality,,land,سيدي مخلوف,"[[""en"", ""Sayyidi Makhlūf""], [""ar"", ""سيدي مخلوف""], [""fr"", ""Sidi Makhlouf""], [""de"", ""Sayyidi Machlūf""]]",True,True,10.456683158874512,33.45756912231445,10.532276153564453,33.58293151855469,c862aa3f-0b56-4422-8e8d-c71ea05c5e6d
b545de7f-4d8d-41f2-8577-ca256948097a,TN,TN-83,locality,,land,القرضاب,"[[""ar"", ""القرضاب""], [""fr"", ""El Ghordhab""]]",True,True,10.356121063232422,33.04401397705078,10.607321739196777,33.138275146484375,8c8dc025-1b13-45cf-9bee-06c44bb58134
e263173e-2a01-4d2b-9fff-a201c2771c11,TN,TN-83,locality,,land,تطاوين العليا,"[[""ar"", ""تطاوين العليا""], [""fr"", ""Tataouine Supérieure""]]",True,True,10.438209533691406,32.911651611328125,10.463041305541992,32.927120208740234,5df007c6-2a6c-4629-bcf5-2bd327c3c27e
40086644-e1fc-4e74-a1ce-ccd206b673f1,TN,TN-82,locality,,land,جلال,"[[""ar"", ""جلال""], [""fr"", ""Jallel""]]",True,True,10.897622108459473,33.059181213378906,11.207601547241211,33.1862678527832,c89bce7a-41d3-4df7-8ca1-5e2f9e81c1b6
ce53dd8c-204f-4969-a63c-25e3d4f964b3,TN,TN-82,locality,,land,بني عزيل,"[[""ar"", ""بني عزيل""], [""fr"", ""Beni Ghezail""]]",True,True,10.357434272766113,33.213619232177734,10.47964096069336,33.33312225341797,694f7776-3175-4e95-8ac7-216305c93181
547976d0-adc2-4049-afe2-5546da4e6db8,TN,TN-61,locality,,land,المحرس الجنوبية,"[[""ar"", ""المحرس الجنوبية""], [""fr"", ""El Mahrès Sud""]]",True,True,10.349370956420898,34.48408889770508,10.500592231750488,34.65060806274414,685c5cb3-c198-4278-adb6-202d4465ab4e
d1c832a6-c736-4bfd-9d12-18e7d836cebe,TN,TN-82,locality,,land,الصياح,"[[""ar"", ""الصياح""], [""fr"", ""Essayah""]]",True,True,11.212530136108398,33.13898849487305,11.56159496307373,33.267051696777344,13971f35-0102-4a54-9388-641ec857ad8d
0c3f1f77-d28d-4bf4-b3fa-bc7adaf53b87,TN,TN-82,locality,,land,خوي الغدير,"[[""ar"", ""خوي الغدير""], [""fr"", ""Khaoui El Ghedir""]]",True,True,10.929336547851562,33.49903869628906,11.054080963134766,33.549903869628906,e966426e-1c33-4012-8c78-7dd3ffcf376a
c4a74c37-ee3e-40f2-8ed6-61851eabc2ac,TN,TN-82,locality,,land,سدويكش,"[[""ar"", ""سدويكش""], [""fr"", ""Sedouikech""], [""en"", ""Sedouikech""]]",True,True,10.864469528198242,33.65605163574219,10.9881010055542,33.77455520629883,294e6aa4-fe0a-4e18-a7e5-1b44d07e6b0b
dd5098d3-7949-4bc2-964a-7e47b09b4f23,TN,TN-82,locality,,land,الحشان,"[[""ar"", ""الحشان""], [""fr"", ""El Hachene""], [""en"", ""Hachene""]]",True,True,10.771159172058105,33.82368087768555,10.845765113830566,33.86558151245117,90ed5ec8-deb1-44ff-a6b1-b9e2d297ad1e
f4378a3e-408c-4890-8d24-06a04649c21e,TN,TN-82,locality,,land,مليتة,"[[""ar"", ""مليتة""], [""fr"", ""Mellita""], [""en"", ""Mellita""]]",True,True,10.741790771484375,33.8404655456543,10.829927444458008,33.89834976196289,44eda0d8-5852-43a1-9cc1-d6b300f0652b
012b575d-3938-4191-8ff7-fc5ab9603858,TN,TN-82,locality,,land,جرجيس,"[[""ar"", ""جرجيس""], [""fr"", ""Zarzis""], [""de"", ""Zarzis""], [""ru"", ""Джарджис""], [""en"", ""Zarzis""], [""he"", ""ז'רזיס""], [""kab"", ""Zerzis""], [""fa"", ""جرجیس""]]",True,True,11.07951831817627,33.35866165161133,11.138116836547852,33.504425048828125,84715a2a-5f1d-40c0-b8d7-28d7ab3da9c0
38215199-68ce-4c2a-bca6-67ce7eda9dd9,TN,TN-82,locality,,land,ورجيجن,"[[""ar"", ""ورجيجن""], [""fr"", ""Ouarjijene""]]",True,True,10.325963973999023,33.166290283203125,10.447287559509277,33.270503997802734,45d7dcdd-a5b3-4f5b-bf29-60b1e9e2d52d
b924ee66-5e75-4aba-8722-d0469d4b5bbd,TN,TN-82,locality,,land,الغرابات,"[[""ar"", ""الغرابات""], [""fr"", ""El Ghorabet""], [""en"", ""Ghrabat""]]",True,True,10.750004768371582,33.315948486328125,10.962922096252441,33.501182556152344,6d99a9ad-0136-4d36-a471-6667b058264b
1c0b9aa6-dd0c-48c1-87a3-baa24663586e,TN,TN-82,locality,,land,حمادي,"[[""ar"", ""حمادي""], [""fr"", ""Hamadi""]]",True,True,11.067571640014648,33.48503875732422,11.099883079528809,33.50458526611328,baa8533f-cd11-40dc-8bcc-5605a659e1fa
069b11b3-ad33-404e-9fde-5774f0480375,TN,TN-61,locality,,land,سيدي فرج,"[[""ar"", ""سيدي فرج""], [""fr"", ""Sidi Fraj""]]",True,True,11.15815544128418,34.68952560424805,11.199662208557129,34.723323822021484,b3b5cea6-20f2-4545-a2c1-ecc8ba74d534
4ebe1b0f-3866-48e7-8d79-f87d2921ca43,TN,TN-82,locality,,land,بوغرارة,"[[""ar"", ""بوغرارة""], [""fr"", ""Boughrara""], [""en"", ""Boughrara""]]",True,True,10.585745811462402,33.49190139770508,10.7364501953125,33.64018249511719,1d481f94-e5be-48a3-83f9-137a531aa896
5661c0b5-5328-4bd3-a0de-d1353dad1902,TN,TN-61,county,2,land,معتمدية طينة,"[[""ar"", ""معتمدية طينة""], [""fr"", ""Délégation Thyna""]]",True,True,10.586891174316406,34.62896728515625,10.752822875976562,34.73495101928711,7a6772af-69b2-4c06-b157-118d9b8ca816
9822b58d-b699-46be-b5ed-3cbd8562a8c2,TN,TN-82,locality,,land,حسي مدنين,"[[""ar"", ""حسي مدنين""], [""fr"", ""Hessi Medenine""]]",True,True,10.512266159057617,33.35188293457031,10.732312202453613,33.522369384765625,0b00938d-015d-4318-9161-bf876379da97
82ed36cd-cc6c-46ad-8718-dd6b53773588,TN,TN-83,county,2,land,بئر الأحمر,"[[""ar"", ""بئر الأحمر""], [""fr"", ""Bir Lahmar""]]",True,True,10.33224105834961,33.061424255371094,10.613908767700195,33.2347526550293,4449b189-fbee-4a42-aa8e-a8cb0eba1d1b
fd702c4d-cb80-4f60-a509-eb33e74b018a,TN,TN-61,locality,,land,سيدي عبيد,"[[""ar"", ""سيدي عبيد""], [""fr"", ""Sidi Abid""], [""en"", ""Sidi Abid""]]",True,True,10.634841918945312,34.6435661315918,10.723745346069336,34.716670989990234,9de42d9e-a684-4ec9-a530-0c27f15af9f8
77e83aac-3501-4282-a012-1ce0cf040a9e,TN,TN-83,locality,,land,القلعة الشرقية,"[[""ar"", ""القلعة الشرقية""], [""fr"", ""El Galaa Est""]]",True,True,10.485970497131348,32.47728729248047,10.693157196044922,32.82864761352539,e59e8bb4-8efa-4e51-86fc-5be37a6ec2c4
897f8e4b-4b90-4086-8992-28fe2fef71b9,TN,TN-82,locality,,land,20 مارس,"[[""ar"", ""20 مارس""], [""fr"", ""20 Mars""]]",True,True,10.451330184936523,33.33673858642578,10.484103202819824,33.3671875,1ee1d913-b7d4-46d2-a430-220a553ae8bc
f4eb1b8a-fc30-4339-b528-180e54dbbadf,TN,TN-82,locality,,land,الشهبانية,"[[""ar"", ""الشهبانية""], [""fr"", ""Chahbania""], [""en"", ""Chehbania""]]",True,True,10.523533821105957,33.09611892700195,10.889967918395996,33.37434387207031,6365504a-3507-434f-b310-60624da7eb8a
78f20a57-b19c-4aed-9038-1986ed8a8bcc,TN,TN-82,locality,,land,مزران,"[[""ar"", ""مزران""], [""fr"", ""Mezrene""], [""en"", ""Mazran""], [""de"", ""Mazran""]]",True,True,10.727461814880371,33.74258041381836,10.790369987487793,33.79660415649414,d46b44ed-3445-4e78-99e8-1c0b1069154c
22328a9a-782a-4e22-b639-869e158fb1f8,TN,TN-82,locality,,land,المعمرات,"[[""ar"", ""المعمرات""], [""fr"", ""El Maamerat""]]",True,True,11.155292510986328,32.24991989135742,11.599935531616211,33.12669372558594,ffa077a0-3231-453b-9d72-9b87f7ef488f
b4b670fa-0af4-42e6-81f2-d1e6a2e53d0b,TN,TN-61,locality,,land,قرقور,"[[""ar"", ""قرقور""], [""fr"", ""Gargour""]]",True,True,10.504253387451172,34.59048843383789,10.672640800476074,34.705596923828125,9e750b92-191c-4bbd-af4d-5259ca50c4fd
992f0dc3-2497-4a75-b256-b8770c64bd5f,TN,TN-82,locality,,land,الغباي,"[[""ar"", ""الغباي""], [""fr"", ""El Ghabai""]]",True,True,10.435297012329102,33.3950309753418,10.502974510192871,33.4683837890625,c0998164-64b6-450f-b616-89b87a3e853a
d03d2fdb-7efb-4e5c-9c13-0e770cabc8eb,TN,TN-83,locality,,land,مغنى,"[[""ar"", ""مغنى""], [""fr"", ""Meghani""]]",True,True,10.502442359924316,32.14015579223633,10.801972389221191,32.4951286315918,35f6c0a3-967c-4e3a-bff0-dc92fcc867fe
8d322f5f-8cae-4e44-9102-07b67dc73d2d,TN,TN-83,locality,,land,المزطورية الشمالية,"[[""ar"", ""المزطورية الشمالية""], [""fr"", ""El Maztouria Nord""]]",True,True,10.443937301635742,32.8524055480957,10.516339302062988,32.8807487487793,bfc8e89d-82e5-469d-bd7a-d3c51d9a0852
5fe04a90-41d5-49cf-943a-76eb50fbfbe1,TN,TN-83,locality,,land,القلعة الغربية,"[[""ar"", ""القلعة الغربية""], [""fr"", ""El Galaa Ouest""]]",True,True,10.400307655334473,32.503173828125,10.56234073638916,32.82841110229492,68552ec5-feba-4768-90ee-2b96afb1c2b5
427424e2-ed62-4ea6-b00b-a62184473432,TN,TN-83,locality,,land,قصر مهيرة,"[[""ar"", ""قصر مهيرة""], [""fr"", ""Ksar Mehira""]]",True,True,10.683696746826172,32.305904388427734,11.185608863830566,32.87624740600586,e9aafb45-6afe-44fe-ba8e-912beb9274e4
342ed8b7-4c1d-4dcf-88af-94bb194d5839,TN,TN-83,county,2,land,معتمدية الذهيبة,"[[""ar"", ""معتمدية الذهيبة""], [""fr"", ""Délégation Dhehiba""]]",True,True,9.981563568115234,31.46324920654297,11.181132316589355,32.46268844604492,fa316714-fd2e-42a8-ae4b-d4f1af63e6b4
a681765c-ae03-4d53-89ed-c85e8f2cb8c3,TN,TN-61,county,2,land,معتمدية المحرس,"[[""ar"", ""معتمدية ‫المحرس‬""], [""fr"", ""Délégation El Mahrès""]]",True,True,10.272671699523926,34.39625930786133,10.61750602722168,34.66395950317383,9cea5554-9f37-4704-8a9e-0cafb8ad5b71
057f272d-01e8-4aca-a8d6-75d769acec7c,TN,TN-82,locality,,land,توريت,"[[""ar"", ""توريت""], [""fr"", ""Taourit""]]",True,True,10.85489273071289,33.866336822509766,10.875396728515625,33.89045715332031,ef00986a-e62a-4464-923e-b07582e8c52a
10780eea-9cba-446a-8740-a63dbb35493a,TN,TN-82,locality,,land,20مارس,"[[""ar"", ""20مارس""], [""fr"", ""20 Mars""]]",True,True,11.093193054199219,33.500118255615234,11.110084533691406,33.5166015625,3eed9985-056d-4333-b47e-5bb0dc3c53ff
b0c20f74-228a-4113-8154-3fcc1fff832f,TN,TN-82,locality,,land,الطاهر صفر,"[[""ar"", ""الطاهر صفر""], [""fr"", ""Tahar Sfar""]]",True,True,11.103436470031738,33.4985466003418,11.119577407836914,33.520973205566406,1b9107af-7d15-4583-9865-5028bb78d3ca
8e38d165-2021-44e1-9b92-ba7eddb7ee9f,TN,TN-82,microhood,,land,Place du 18 Janvier 1952,,True,True,11.21756649017334,33.137901306152344,11.217965126037598,33.13820266723633,7fcf27a2-8264-4d36-970f-e0d1b0e7c288
d5ab8098-d904-4394-9947-59115fb72af5,TN,TN-82,county,2,land,معتمدية بنقردان,"[[""ar"", ""معتمدية بنقردان""], [""fr"", ""Délégation Ben Gardane""]]",True,True,10.523533821105957,32.24991989135742,11.599935531616211,33.37434387207031,67056c67-0c8e-4176-bbd2-25c08b3b161f
6eb6e1b3-32b1-4cbb-9634-2fce2f5f0d64,TN,TN-83,locality,,land,قراقر,"[[""ar"", ""قراقر""], [""fr"", ""Grager""]]",True,True,10.348418235778809,33.06813430786133,10.42912483215332,33.14685821533203,fc8bce3b-b5f8-45c9-a5c9-36c723b09128
e450cc57-6742-4c82-b6f1-8da35069d366,TN,TN-82,county,2,land,معتمدية جربة ميدون,"[[""ar"", ""معتمدية جربة ميدون""], [""fr"", ""Délégation Djerba Midoun""]]",True,True,10.861234664916992,33.65605163574219,11.060879707336426,33.85123062133789,97497474-2093-4fce-8c86-bba3c688bd82
25db2884-9179-4fdf-b6ad-31562a8b0600,TN,TN-83,locality,,land,وادي الغار,"[[""ar"", ""وادي الغار""], [""fr"", ""Oued El Ghar""], [""en"", ""Oued El Ghar""]]",True,True,10.458268165588379,32.92811584472656,10.638970375061035,33.08258819580078,ab44baa5-e928-45d8-a076-43ef6a56ebd4
5c9b90b0-91e1-4c90-9e24-71731a3be15a,TN,TN-83,locality,,land,خاتمة,"[[""ar"", ""خاتمة""], [""fr"", ""Khetma""]]",True,True,10.501237869262695,32.81941604614258,10.71035385131836,32.945068359375,634f8488-2317-403a-a0e6-b146039e7a7b
0599d54c-b0f2-42a2-80c8-e0b9d8c269f8,TN,TN-82,locality,,land,ميدون,"[[""ar"", ""ميدون""], [""fr"", ""Midoun""]]",True,True,10.947710037231445,33.79825973510742,11.051437377929688,33.85123062133789,0b8927ba-49a9-4caa-b2f9-d197c90dce2d
213290f6-c472-45ad-98e9-1ed7d33bd9d6,TN,TN-61,locality,,land,‫المحرس‬,"[[""ar"", ""‫المحرس‬""], [""fr"", ""El Mahrès""]]",True,True,10.482695579528809,34.51759719848633,10.564751625061035,34.576812744140625,62e94640-ffeb-4e44-aebc-02ef5053a1bd
a1ed5595-fe43-460c-8262-e513c7937d12,TN,TN-82,locality,,land,العامرية,"[[""ar"", ""العامرية""], [""fr"", ""El Amria""]]",True,True,11.084822654724121,32.37674331665039,11.341853141784668,33.12824249267578,fec72928-414c-4e05-b4de-67a633abcfd1
96628639-921d-4d26-a95d-bfd93c227b23,TN,TN-82,locality,,land,الجدارية,"[[""ar"", ""الجدارية""], [""fr"", ""Ejdaria""]]",True,True,11.092967987060547,33.27720260620117,11.294156074523926,33.370330810546875,e7ee7544-3060-46c3-898c-3e019e4b50aa
2d5a3917-9a07-4b53-9a25-f4c5708eab48,TN,TN-83,locality,,land,الغر ياني,"[[""ar"", ""الغر ياني""], [""fr"", ""El Ghariani""]]",True,True,10.828722953796387,32.880306243896484,11.092644691467285,33.05918502807617,b818c184-9a0e-4588-a1c8-0b1b16fdb147
e41627f7-6564-4a01-8275-62252c6e8d4b,TN,TN-82,microhood,,land,ساحة الحرية,"[[""en"", ""Liberty Square""], [""ar"", ""ساحة الحرية""], [""fr"", ""Place de la liberté""]]",True,True,11.218363761901855,33.1370964050293,11.218945503234863,33.137638092041016,7edefb67-a0ab-45ee-8b49-c548e3287238
22ce8fb6-3a67-4050-8e66-21d39901787b,TN,TN-83,locality,,land,برورمت,"[[""ar"", ""برورمت""], [""fr"", ""Berourmet""]]",True,True,10.430438995361328,32.92623519897461,10.468161582946777,33.00655746459961,94c46da5-ed23-4735-b329-c1537d8c1bc7
a588f962-b9d4-4ea4-a71a-223102717fb8,TN,TN-82,locality,,land,الخنانسة,"[[""ar"", ""الخنانسة""], [""fr"", ""El Khenensa""]]",True,True,10.765702247619629,33.713619232177734,10.82934284210205,33.777896881103516,1ae0f4e9-0b75-4b16-8c03-d60d038745df
788f1bb6-5bfc-4d77-ad49-999c921923b7,TN,TN-82,locality,,land,حسي عمر,"[[""ar"", ""حسي عمر""], [""fr"", ""Hessi Amor""], [""en"", ""Hassi Amor""]]",True,True,10.548992156982422,33.242069244384766,10.666583061218262,33.365482330322266,d8d27c0b-6a1f-4646-9288-102a6a85c635
fbb0c2a9-8bcb-4e45-8934-483702109ba4,TN,TN-61,locality,,land,أولاد قاسم,"[[""ar"", ""أولاد قاسم""], [""fr"", ""Ouled Kacem""], [""en"", ""Ouled Kacem""]]",True,True,11.129274368286133,34.674713134765625,11.175253868103027,34.722591400146484,e5e87462-f1d5-41f5-93fd-373758c930fd
44f2ae1b-2922-4146-bd9a-808b242bad84,TN,TN-82,locality,,land,الجرف,"[[""ar"", ""الجرف""], [""fr"", ""El Jourf""], [""en"", ""Jorf""]]",True,True,10.623520851135254,33.60295867919922,10.745139122009277,33.708091735839844,d51e2633-b306-4ce7-b30b-e0c9cec51179
1facf279-0cf7-4690-9d89-2bf235f45458,TN,TN-82,locality,,land,فاتو,"[[""ar"", ""فاتو""], [""fr"", ""Fatou""], [""en"", ""Fatou""]]",True,True,10.868087768554688,33.854496002197266,10.89948558807373,33.8793830871582,b72cfbe0-205b-43af-af94-7befb55d0892
d084e72b-0169-4a93-8bab-607bb9b64087,TN,TN-83,county,2,land,معتمدية تطاوين الشمالية,"[[""ar"", ""معتمدية تطاوين الشمالية""], [""fr"", ""Délégation Tataouine Nord""]]",True,True,10.341073989868164,32.29640579223633,11.181132316589355,33.1087532043457,c3c74d1b-e050-4830-a0a3-d270655a42f9
8fc4796a-9f1c-4a86-8970-32596981cbbb,TN,TN-82,locality,,land,الدرجاوة,"[[""en"", ""Ad-Darjāwa""], [""ar"", ""الدرجاوة""], [""fr"", ""Darjaoua""], [""de"", ""Ad-Dardschāwa""]]",True,True,10.430177688598633,33.50881576538086,10.487195014953613,33.57713317871094,0c712344-21c5-4b91-bbe8-6d9504b671af
c81d0b3c-dc10-473f-90f5-357b43c4a396,TN,TN-83,locality,,land,المزطورية الجنوبية,"[[""ar"", ""المزطورية الجنوبية""], [""fr"", ""EL MAZTOURIA SUD""]]",True,True,10.455670356750488,32.82377624511719,10.504949569702148,32.853878021240234,da82ec3d-c354-4dd0-a6e9-7a318ed09ff3
6117a04a-4516-4513-b69f-bc6c63bb2c8e,TN,TN-82,locality,,land,شماخ,"[[""ar"", ""شماخ""], [""fr"", ""Chammakh""], [""en"", ""Chamakh""]]",True,True,10.910975456237793,33.541778564453125,11.067424774169922,33.655006408691406,0d6fa51c-d208-4ee4-bc85-55fba45c3976
bf70a759-a2a8-4778-aa8d-a94580e056f4,TN,TN-61,locality,,land,الحاجب,"[[""ar"", ""الحاجب""], [""fr"", ""El Hajeb""], [""en"", ""El Hajeb""]]",True,True,10.586891174316406,34.66023254394531,10.714237213134766,34.73495101928711,141ddb99-db2e-4475-a177-f13a2aff9de7
c9acde68-998a-4e66-b8d9-5799a7ecd1cd,TN,TN-82,locality,,land,صدغيان,"[[""ar"", ""صدغيان""], [""fr"", ""Sedghaiane""], [""en"", ""Sedghiene""], [""de"", ""Sedghiene""]]",True,True,10.893387794494629,33.80754470825195,10.95970344543457,33.855167388916016,6497985c-1abe-4335-b239-a9dca4606dc4
2523a273-7c72-4b24-97ad-8beba9551c72,TN,TN-83,locality,,land,بئر الاحمر الشرقية,"[[""ar"", ""بئر الاحمر الشرقية""], [""fr"", ""Bir Lahmar Est""]]",True,True,10.441579818725586,33.1451416015625,10.613908767700195,33.21507263183594,d2ed8e61-e543-46e1-aac3-154174106d2b
8fc291bc-b798-4a9d-82b5-8da0affae99d,TN,TN-82,locality,,land,بوملال,"[[""ar"", ""بوملال""], [""fr"", ""Bou Melel""]]",True,True,10.790486335754395,33.86532974243164,10.857095718383789,33.903011322021484,7d51cd2e-c4eb-4e12-8437-a0d1ea6562c3
17929b48-a762-4754-b078-9f3722aceae5,TN,TN-83,locality,,land,الرقبة,"[[""ar"", ""الرقبة""], [""fr"", ""ERROGHBA""]]",True,True,10.410304069519043,32.890625,10.43384838104248,32.91510772705078,76bcf5e9-4501-4136-8e70-308d660e3536
d50e657d-9cf5-4cc0-94ed-300cfd64afe4,TN,TN-82,locality,,land,القصبة,"[[""ar"", ""القصبة""], [""fr"", ""El Gosba""]]",True,True,10.35846996307373,33.487701416015625,10.492903709411621,33.635616302490234,f6d5e9b1-f816-4ede-bb49-b13511916129
0e086ea6-41d1-4738-b9cf-01367b0618e5,TN,TN-83,county,2,land,معتمدية الصمار,"[[""ar"", ""معتمدية الصمار""], [""fr"", ""Délégation Smâr""]]",True,True,10.683159828186035,32.305904388427734,11.34197998046875,33.10222244262695,da5cd98c-eec0-4294-b191-a61b795dea18
ce59adb4-6193-4f66-8834-76f5a3622621,TN,TN-82,locality,,land,العقلة,"[[""ar"", ""العقلة""], [""fr"", ""El Ogla""]]",True,True,11.037163734436035,33.53308868408203,11.107341766357422,33.58757019042969,4e144b11-481c-4d0b-869a-fd752d92aa62
b165ed21-3f7c-4749-af17-f7bfeec9e0de,TN,TN-82,locality,,land,الوراسنية,"[[""ar"", ""الوراسنية""], [""fr"", ""Ourasnia""]]",True,True,10.970346450805664,33.13386917114258,11.213603019714355,33.26990509033203,b8f26096-13f8-4d0d-8ccf-6b572b22e7f6
cefe2cb7-3790-4f6e-8086-7145ecf8f6d1,TN,TN-82,county,2,land,معتمدية سيدي مخلوف,"[[""ar"", ""معتمدية سيدي مخلوف""], [""fr"", ""Délégation Sidi Makhlouf""]]",True,True,10.341402053833008,33.37419891357422,10.745139122009277,33.708091735839844,0ffb3a7f-742e-4ed6-b124-f17feb57657d
463c73e3-c9f6-4fd1-b55e-51cbe0b4e84f,TN,TN-82,locality,,land,وادي السدر,"[[""ar"", ""وادي السدر""], [""fr"", ""Oued Esseder""], [""en"", ""Oued Esseder""]]",True,True,10.549352645874023,33.20370864868164,10.742709159851074,33.34644317626953,7cadfeee-bb8a-4d38-9e67-985ddea4373b
e6a1f656-5a8b-4b7e-9939-6d9a9db87fda,TN,TN-82,locality,,land,واد التياب,"[[""ar"", ""واد التياب""], [""fr"", ""Oued Ettieb""]]",True,True,11.015739440917969,33.502708435058594,11.099175453186035,33.553794860839844,75d435be-7cf5-4bb2-b1c0-fea2354b03b0
e78aff38-3290-4f44-ac18-32f9818c9bc5,TN,TN-82,locality,,land,هشام الحمادي,"[[""ar"", ""هشام الحمادي""], [""fr"", ""Hichem El Hamadi""]]",True,True,10.847536087036133,33.39690017700195,11.075823783874512,33.50391387939453,20e12cba-837a-4ff9-ad06-d6157ff82ba3
75efdc5c-2ac5-4e98-9855-a41cbea4e087,TN,TN-61,locality,,land,الشفار,"[[""ar"", ""‫الشفار‬""], [""fr"", ""Chaffar""], [""en"", ""Chaffar""]]",True,True,10.508966445922852,34.525718688964844,10.61750602722168,34.623573303222656,8371ba90-4905-4561-8f5a-475c5093004b
a12c759e-ff65-438c-b0c1-85c825ecd9da,TN,TN-61,locality,,land,الحي الخيري,"[[""ar"", ""الحي الخيري""], [""fr"", ""Cité El Khairi""]]",True,True,10.723743438720703,34.699214935302734,10.760764122009277,34.74114227294922,77fd239d-3f07-40ea-9b7f-49381af259f7
dba8c040-8342-449f-b862-855fd2b43a93,TN,TN-82,locality,,land,الراقوبة الشرقية,"[[""ar"", ""الراقوبة الشرقية""], [""fr"", ""Er Ragouba Est""]]",True,True,10.404898643493652,33.42184066772461,10.466259002685547,33.519554138183594,03448a80-b4f8-4800-890d-9113e630ded1
cbea3937-c57f-474e-ade2-9c48b1ea16f7,TN,TN-82,locality,,land,البساتين,"[[""ar"", ""البساتين""], [""fr"", ""El Bassatine""]]",True,True,11.070977210998535,33.51478576660156,11.111248016357422,33.54221725463867,5592a152-0998-4481-a516-475faa05ae50
1d563965-8067-4e4e-9fcf-65b3d3c7d404,TN,TN-83,locality,,land,النصر,"[[""ar"", ""النصر""], [""fr"", ""Ennasr""]]",True,True,10.455070495605469,32.92975616455078,10.465385437011719,32.943790435791016,892270dd-2a2a-4cb4-9447-8d5f6718d007
b5b053f0-761a-4b8e-af90-d1114110c359,TN,TN-82,locality,,land,ربانة,"[[""ar"", ""ربانة""], [""fr"", ""Robbana""]]",True,True,10.87569808959961,33.75169372558594,10.913990020751953,33.786563873291016,f2332411-ef9c-4ab1-9952-d80071c71796
4d2693bb-222d-42aa-b998-6e20a91f67d5,TN,TN-82,locality,,land,عمر الجديدة,"[[""ar"", ""عمر الجديدة""], [""fr"", ""Nouvelle Amra""]]",True,True,10.51836109161377,33.38248062133789,10.700517654418945,33.527122497558594,1751ea5b-0ec9-4dd1-9511-fbcc79db06e1
bf60fe25-e12a-4711-8af0-d96b318be215,TN,TN-82,county,2,land,معتمدية جرجيس,"[[""ar"", ""معتمدية جرجيس""], [""fr"", ""Délégation Zarzis""]]",True,True,10.750004768371582,33.27720260620117,11.294156074523926,33.655006408691406,3e04d14e-057f-4c70-806b-25b6591c81b9
9681707f-ad7c-4ac8-ac9f-c6b54578078b,TN,TN-82,microhood,,land,ساحة الحرية,"[[""en"", ""Liberty Square""], [""ar"", ""ساحة الحرية""], [""fr"", ""Place de la liberté""]]",True,True,11.218524932861328,33.13722610473633,11.219093322753906,33.13774871826172,ac0a8cf8-34b7-4570-9a66-9b763270ae67
5e786a9b-5fd6-4b99-9829-6c74898d85a0,TN,TN-83,locality,,land,السعادة,"[[""ar"", ""السعادة""], [""fr"", ""Essaada""]]",True,True,10.609498023986816,32.791656494140625,10.852487564086914,32.99040985107422,18ffb850-090b-4f3e-8931-551da5527538
8bd18a4d-3895-4471-a402-05c89d918e37,TN,TN-83,locality,,land,البساتين,"[[""ar"", ""البساتين""], [""fr"", ""El Bassatine""]]",True,True,10.441561698913574,33.179656982421875,10.50964641571045,33.2347526550293,7d1646bc-9731-49ab-97dd-2ba674010856
ae063635-6162-4c02-b6ce-a9c284dc7e33,TN,TN-82,locality,,land,Ettwaycha,,True,True,10.698383331298828,33.63154602050781,10.741007804870605,33.67628479003906,99fc6fd5-aba9-439e-b517-c149e84a5e51
b74090c9-57fc-498c-b9da-aaea3d68d5e3,TN,TN-61,locality,,land,بئر صالح,"[[""ar"", ""بئر صالح""], [""fr"", ""Bir Salah""], [""en"", ""Bir Salah""]]",True,True,10.645835876464844,35.15359115600586,10.738950729370117,35.23640441894531,a3adb42f-ad68-4f4e-9f60-039e2a589775
d5df6931-59c6-4369-ae5c-988ceb5598ce,TN,TN-53,locality,,land,أولاد مولاهم الغربية,"[[""ar"", ""أولاد مولاهم الغربية""], [""fr"", ""Ouled Moulahem Ouest""]]",True,True,10.371272087097168,35.317626953125,10.439229011535645,35.37404251098633,fd6544c6-457b-4ffa-a0d7-e96280a2a05a
6e21ade2-f0f4-4404-bb1e-c1710b5e374e,TN,TN-61,locality,,land,النصر,"[[""ar"", ""النصر""], [""fr"", ""Ennasr""], [""en"", ""Ennasr""]]",True,True,10.679411888122559,34.88695526123047,10.816242218017578,35.004966735839844,f897764d-c4b0-4f9b-9d97-810b1a4b5612
aff3b965-dcfa-4576-9481-efe3879ce7e7,TN,TN-21,locality,,land,صمعة,"[[""ar"", ""صمعة""], [""fr"", ""Somaa""]]",True,True,10.72059154510498,36.5142707824707,10.821728706359863,36.59056854248047,f0f08272-4153-4006-b7c7-c11b9c89eb72
04ea3787-aecf-4910-9b4e-2b62bf231521,TN,TN-52,locality,,land,زرمدين الشمالية,"[[""ar"", ""زرمدين الشمالية""], [""fr"", ""Zéramdine Nord""]]",True,True,10.6383695602417,35.535682678222656,10.742330551147461,35.62628936767578,2d325c99-0f50-4e20-8dfd-5ba5d36a28d9
04962e03-7267-40d2-b522-018e1654b373,TN,TN-53,locality,,land,هيبون,"[[""ar"", ""هيبون""], [""fr"", ""Hiboun""]]",True,True,10.955316543579102,35.506046295166016,11.052889823913574,35.55736541748047,cc0e82c4-9199-47bf-96d5-f0d655c4b8eb
bf6fc689-7610-45b8-a6eb-0f6609f0f759,TN,TN-51,locality,,land,زعارنة الشرقية,"[[""ar"", ""زعارنة الشرقية""], [""fr"", ""Zearna Est""]]",True,True,10.460448265075684,35.851375579833984,10.560287475585938,35.94175720214844,3ff9e25f-be46-47d4-849a-c5be5d423eb1
cfdfb440-abd4-4f66-ba8e-7233d955d0a2,TN,TN-53,region,1,land,ولاية المهدية,"[[""bs"", ""Mahdia""], [""hr"", ""Mahdia""], [""ar"", ""ولاية المهدية""], [""fr"", ""Gouvernorat Mahdia""], [""lv"", ""Mahdija""], [""uk"", ""Махдія (вілаєт)""], [""ceb"", ""Gouvernorat de Mahdia""], [""pt-PT"", ""Mahdia""], [""pt"", ""Mádia (província)""], [""cs"", ""Mahdia""], [""zu"", ""Mahdia Governorate""], [""el"", ""Αλ-Μαχντίγια (Κυβερνείο)""], [""it"", ""Mahdia""], [""ca"", ""Governació de Mahdia""], [""pt-BR"", ""Mahdia""], [""vi"", ""Mahdia""], [""nl"", ""Mahdia (gouvernement)""], [""zh-Hans"", ""马赫迪耶""], [""bg"", ""Махдия (област)""], [""ckb"", ""مەهدیە""], [""ko"", ""마디아주""], [""et"", ""Mahdia""], [""de"", ""Gouvernement Mahdia""], [""cy"", ""Mahdia (talaith)""], [""azb"", ""المهدیه""], [""frr"", ""Mahdia (Guwernement)""], [""be-Latn-tarask"", ""Махдзія (вілает)""], [""ur"", ""مہدیہ""], [""ru"", ""Махдия (вилайет)""], [""th"", ""มาห์เดีย""], [""id"", ""Kegubernuran Mahdia""], [""sr-Latn"", ""Mahdija""], [""sv"", ""Mahdia""], [""tr"", ""Mehdiye ili""], [""da"", ""Mahdia""], [""zh-Hant"", ""馬赫迪耶""], [""en"", ""Mahdia""], [""he"", ""מאחדיה""], [""sk"", ""Mahdia""], [""az"", ""Mahdiya (vilayət)""], [""es"", ""Gobernación de Mahdía""], [""sco"", ""Mahdia Govrenorate""], [""be"", ""Махдзія (вілает)""], [""ja"", ""マーディア県""], [""ast"", ""Gobernación de Mahdía""], [""fi"", ""Mahdia (kuvernementti)""], [""ro"", ""Guvernoratul Mahdia""], [""lt"", ""Mahdija""], [""no"", ""Mahdia (guvernement)""], [""sl"", ""Mahdia""], [""fa"", ""المهدیه""], [""zh"", ""馬赫迪耶省""], [""ms"", ""Kawasan kegabenoran Mahdia""], [""hu"", ""Mahdia""], [""pl"", ""Gubernatorstwo Al-Mahdijja""], [""sh"", ""Mahdia (vilajet)""]]",True,True,10.16055679321289,35.086280822753906,11.167597770690918,35.595436096191406,c4186e25-3507-4b03-af25-925950f40ded
0931e582-62c9-4bcc-894d-b51115b9577c,TN,TN-51,locality,,land,القلعة الصغرى الشرقية,"[[""ar"", ""القلعة الصغرى الشرقية""], [""fr"", ""El Kalaa Essghira Est""]]",True,True,10.557313919067383,35.795082092285156,10.591460227966309,35.846763610839844,988e40b3-8c6f-4ee5-9e7d-94d04c2d1083
662ad02a-9951-4f72-b929-6bc1be12911d,TN,TN-21,locality,,land,بو عرقوب الشمالية,"[[""ar"", ""بو عرقوب الشمالية""], [""fr"", ""Bou Argoub Nord""]]",True,True,10.487874984741211,36.506446838378906,10.57800579071045,36.5557975769043,2ec297f3-3c0c-4da8-b291-890cec46f1c6
f9856a83-57d4-4249-ac0c-aabda1e1bf7c,TN,TN-61,locality,,land,الربض,"[[""ar"", ""الربض""], [""fr"", ""Rbadh""]]",True,True,10.749503135681152,34.73961639404297,10.760178565979004,34.755615234375,c1529813-3668-43a3-bb3e-cae07032be75
d39aac36-76ae-40e8-97f1-fc4fbb98710a,TN,TN-53,locality,,land,سيدي عساكر الغربية,"[[""ar"", ""سيدي عساكر الغربية""], [""fr"", ""Sidi Assaker Ouest""]]",True,True,10.866323471069336,35.393436431884766,10.920672416687012,35.44725036621094,a0da2390-e0ce-406f-9f5b-28dd96516412
91debdc4-e86c-4c2a-a532-f948a743798a,TN,TN-21,locality,,land,عمرون,"[[""ar"", ""عمرون""], [""fr"", ""Amroun""]]",True,True,10.676527976989746,36.470577239990234,10.764822959899902,36.559776306152344,13129046-8eac-439b-9918-2e7b23c5a22f
4f4b3ec4-cc35-4081-a764-e2bd4eec40a8,TN,TN-53,locality,,land,البرادعة الشمالية,"[[""ar"", ""البرادعة الشمالية""], [""fr"", ""El Bradaa Nord""]]",True,True,10.915311813354492,35.31680679321289,11.022164344787598,35.38441848754883,a6774e57-e649-42b5-a809-1614f2ae2e77
5d2af950-dffc-4d3f-bf6f-714b6531494f,TN,TN-51,locality,,land,ابن خلدون,"[[""ar"", ""ابن خلدون""], [""fr"", ""Ibn Khaldoun""]]",True,True,10.631393432617188,35.79605484008789,10.649666786193848,35.81826400756836,de7985f8-01d9-4005-a6ae-970abaf90b05
36e5be3d-8783-475f-8f46-0360d7a12f91,TN,TN-51,county,2,land,معتمدية سوسة الرياض,"[[""ar"", ""معتمدية سوسة الرياض""], [""fr"", ""Délégation Sousse Erriadh""]]",True,True,10.549269676208496,35.78375244140625,10.614311218261719,35.825294494628906,62708089-7695-4c0e-b841-7c646a4b901f
deed58d8-210c-4a42-bf3f-1a86fcdae305,TN,TN-53,locality,,land,الزغابنة,"[[""ar"", ""الزغابنة""], [""fr"", ""Zeghabna""], [""en"", ""Zeghabna""]]",True,True,10.659527778625488,35.21382141113281,10.765101432800293,35.28984069824219,c6e88ee7-28bf-40ca-9870-a699067551d4
88af8178-eb97-45eb-8126-5250e3b49681,TN,TN-51,locality,,land,السويح,"[[""ar"", ""السويح""], [""fr"", ""Essouayah""], [""en"", ""Essouayah""], [""nl"", ""Essouayah""]]",True,True,10.365836143493652,35.995609283447266,10.45737361907959,36.06554412841797,2e89fb94-d8a8-4abd-8d3f-f8c98b5fb23c
b24e2da0-4ead-455e-8981-11284b9a709e,TN,TN-53,locality,,land,الشابة الشمالية,"[[""ar"", ""الشابة الشمالية""], [""fr"", ""Chebba Nord""]]",True,True,10.992786407470703,35.2080192565918,11.157870292663574,35.27197265625,dcb1f5ec-6720-428c-87fa-a0b0b3531388
533aac8a-560c-4741-a9db-a4b932237036,TN,TN-52,locality,,land,حومة السوق,"[[""ar"", ""حومة السوق""], [""fr"", ""Houmet Essouk""]]",True,True,10.965850830078125,35.63565444946289,10.985360145568848,35.65171813964844,d08666ec-eb08-49a1-af38-c57e1dd14f90
d5b8a6de-6148-4157-a0f1-a4e63c13d5ab,TN,TN-21,locality,,land,قربة الشرقية,"[[""ar"", ""قربة الشرقية""], [""fr"", ""Korba Est""]]",True,True,10.821467399597168,36.571449279785156,10.884264945983887,36.62461853027344,e6bcc468-5a93-47c8-bcfc-0fccb6cffe4f
c3abf657-dbcb-443a-8d92-43b42415294a,TN,TN-53,locality,,land,زويلة الجنوبية,"[[""ar"", ""زويلة الجنوبية""], [""fr"", ""Zouila Sud""]]",True,True,11.047609329223633,35.48097229003906,11.071587562561035,35.50477600097656,a18eaafd-8c91-4b9e-bf73-1ad19d89fc36
59cca301-264d-4eec-936a-4bc3cdd488c0,TN,TN-52,county,2,land,معتمدية بنبلة,"[[""ar"", ""معتمدية بنبلة""], [""fr"", ""Délégation Bembla""]]",True,True,10.712127685546875,35.648704528808594,10.819711685180664,35.71505355834961,27cc7072-ed7d-4f8e-923b-1f8b012a85ad
48dc7631-8112-4a2b-a416-ad9134b72ee3,TN,TN-53,locality,,land,وادي باجة الشمالية,"[[""ar"", ""وادي باجة الشمالية""], [""fr"", ""Oued Beja Nord""], [""en"", ""Oued Beja Nord""]]",True,True,10.843427658081055,35.330406188964844,10.90792465209961,35.380672454833984,c5557f90-0edb-4981-b9c7-c8175182ef33
de5d3a08-7af5-42f7-8fb1-3b1f9baf4e29,TN,TN-52,locality,,land,رأس الوادي,"[[""ar"", ""رأس الوادي""], [""fr"", ""Ras El Ouad""]]",True,True,10.896248817443848,35.63066482543945,10.934426307678223,35.65107727050781,9a555cdc-5ac8-49bf-8848-fa5a8a1120f7
943de0a4-8455-41bd-9b3f-8d92c1d10a2c,TN,TN-21,locality,,land,أزمور,"[[""ar"", ""أزمور""], [""fr"", ""Azmour""]]",True,True,10.96784782409668,36.8824462890625,11.049914360046387,36.962100982666016,9c53a773-1cdd-4c5f-bbd8-e1c83b28c189
8b49fc0e-29ee-42bf-8662-c554f4ebd201,TN,TN-52,locality,,land,زرميدين الجنوبية,"[[""ar"", ""زرميدين الجنوبية""], [""fr"", ""Zéramdine Sud""]]",True,True,10.646355628967285,35.50126266479492,10.761425971984863,35.58918762207031,4d902eb5-8594-438a-a059-e24dac4f2169
be20c687-9c12-445f-86a0-2c5ad553ab81,TN,TN-61,locality,,land,الأفران الشمالية,"[[""ar"", ""الأفران الشمالية""], [""fr"", ""El Afrane Nord""]]",True,True,10.684187889099121,34.76123809814453,10.724616050720215,34.798583984375,af6f962a-7fa3-4cd1-ac8b-833e01e7113a
8a2a410c-31f6-426a-a47a-28e9ad11adf1,TN,TN-53,county,2,land,معتمدية قصور الساف,"[[""ar"", ""معتمدية قصور الساف""], [""fr"", ""Délégation Ksour Essef""]]",True,True,10.866323471069336,35.24888229370117,11.07539176940918,35.46406173706055,3c576eb7-7d9d-46d4-b928-040f92226978
a547ba52-4c27-4046-a4d8-6ecc423931a2,TN,TN-61,locality,,land,بوزيان,"[[""ar"", ""بوزيان""], [""fr"", ""Bouzaiane""]]",True,True,10.702471733093262,34.76620864868164,10.749019622802734,34.81613540649414,097d1d88-7855-4d2d-a7ab-cb8489813ad2
a85909da-bedc-411c-a109-af3a1100e78c,TN,TN-61,locality,,land,ماجل الدرج,"[[""ar"", ""مجال الدرج""], [""fr"", ""Majel Edraj""]]",True,True,10.536741256713867,34.89677047729492,10.666492462158203,35.02692794799805,b92143ff-7108-4136-a495-901aafdca7b1
46e16812-a9c6-4b73-9c7e-dcbf4a769046,TN,TN-21,locality,,land,ملّول,"[[""ar"", ""ملّول""], [""fr"", ""Melloul""]]",True,True,10.929203987121582,36.86247253417969,11.013608932495117,36.935142517089844,9b7f5ae3-083d-401e-89fc-e1024f4281e8
20fa7b1c-703b-44f0-9dd6-3ecb80da5291,TN,TN-52,locality,,land,الطيايرة,"[[""ar"", ""الطيايرة""], [""fr"", ""Et-Teyaïra""]]",True,True,10.738243103027344,35.541473388671875,10.801135063171387,35.59592819213867,65aef69f-be7a-41e4-b984-357e2ebec8a0
91dab11b-0e40-4f14-8476-d551a947526b,TN,TN-53,locality,,land,العشابة,"[[""ar"", ""العشابة""], [""fr"", ""El Achaba""]]",True,True,10.727686882019043,35.24595260620117,10.857759475708008,35.31868362426758,4c6fc48c-dbd8-4b51-b418-e373f5710864
7b336bc4-5039-4b74-ac8a-84e6ead64191,TN,TN-52,locality,,land,منزل حرب,"[[""ar"", ""منزل حرب""], [""fr"", ""Menzel Harb""], [""en"", ""Menzel Harb""]]",True,True,10.719903945922852,35.688446044921875,10.765605926513672,35.71505355834961,191313c6-f98d-4108-bc10-3cb0f467d570
97f53c0f-9bab-481b-b131-6edd1630541d,TN,TN-21,locality,,land,ديار بن سالم,"[[""ar"", ""ديار بن سالم""], [""fr"", ""Diar Ben Salem""], [""en"", ""Diar Ben Salem""]]",True,True,10.761259078979492,36.48604965209961,10.821013450622559,36.52278137207031,01696852-fe76-4a6c-ba03-3d8d0e80688b
c5b587e3-8bf9-434b-a76a-d65bf7a166e8,TN,TN-21,locality,,land,تركي,"[[""ar"", ""تركي""], [""fr"", ""Turki""], [""en"", ""Turki""]]",True,True,10.469138145446777,36.54095458984375,10.552448272705078,36.60466384887695,c2ae220e-c8af-4339-ad7b-c95cf46bfaed
1d9d71c3-4c8d-494a-9d26-fe90f138997f,TN,TN-21,locality,,land,المعمورة,"[[""ar"", ""المعمورة""], [""fr"", ""El Maamoura""], [""en"", ""Maâmoura""]]",True,True,10.790939331054688,36.454891204833984,10.835821151733398,36.51561737060547,0f132fce-403e-4dc1-b608-bccb0d9bae51
03327a2a-190c-48ac-9499-d2b31818aafd,TN,TN-51,county,2,land,معتمدية سيدي بو علي,"[[""ar"", ""معتمدية سيدي بو علي""], [""fr"", ""Délégation Sidi Bou Ali""]]",True,True,10.31450080871582,35.908992767333984,10.539657592773438,36.03142547607422,4e4cbb96-ed19-44f0-a2ba-c7fb6222ba75
7b635c46-5447-4d50-848e-8028c7eb2661,TN,TN-53,locality,,land,الرواضي,"[[""ar"", ""الرواضي""], [""fr"", ""Errouadhi""]]",True,True,10.67013168334961,35.381317138671875,10.750494003295898,35.433990478515625,c87dc809-db2d-43b3-8041-39af16b83eb1
b1ef20c6-3ee7-492b-9d37-ffe3cd5cc1ab,TN,TN-61,locality,,land,الرملة,"[[""ar"", ""الرملة""], [""fr"", ""Erramla""], [""en"", ""Remla""], [""aeb"", ""الرملة""]]",True,True,11.163695335388184,34.70071029663086,11.222562789916992,34.762428283691406,c90ee4c0-d334-47f6-90fd-633b21a3ecf0
0d799eab-2ec6-460d-a26d-5db9cdfbafb6,TN,TN-53,locality,,land,العبابسة,"[[""ar"", ""العبابسة""], [""fr"", ""El Ababsa""]]",True,True,10.714189529418945,35.32615661621094,10.806768417358398,35.412933349609375,5a8b0296-f1b1-497a-b063-d412a5b4b48d
723c00ee-26aa-4eb1-a021-307809fbe954,TN,TN-53,locality,,land,القواسم الشرقية,"[[""ar"", ""القواسم الشرقية""], [""fr"", ""El Gouacem Est""]]",True,True,10.44306755065918,35.111778259277344,10.595439910888672,35.23739242553711,31bc8b72-d83e-49f3-8be6-9a4a238a0d18
3bb1dc1a-0ef5-40a9-9dd0-a642c87594c9,TN,TN-21,locality,,land,قرعة ساسي,"[[""ar"", ""قرعة ساسي""], [""fr"", ""Garaet Sassi""]]",True,True,10.82602596282959,36.6226921081543,10.876669883728027,36.6737174987793,5d105af7-5cf4-43a9-8b5a-75821301a654
ae25b3bd-3d2e-4c30-a6ee-fe958db1845d,TN,TN-53,county,2,land,معتمدية الشابة,"[[""ar"", ""معتمدية الشابة""], [""fr"", ""Délégation Chebba""]]",True,True,10.9788179397583,35.1605224609375,11.166424751281738,35.28873825073242,5f39ef59-4c5e-44a1-bbda-8452d229cf87
5ccd68a7-d821-4db5-b246-50b9f62e412a,TN,TN-51,locality,,land,وادي بليبان,"[[""ar"", ""وادي بليبان""], [""fr"", ""Oued Blibene""]]",True,True,10.5925874710083,35.83403015136719,10.619695663452148,35.854026794433594,e92ecf1e-5c2a-44aa-84c2-5a7a44cb897a
783b6e02-f9c1-44fe-8cb7-4ea3142012f5,TN,TN-51,microhood,,land,مكان بوجعفر,"[[""en"", ""Boujaafar Square""], [""ar"", ""مكان بوجعفر""], [""fr"", ""Place Boujaafar""]]",True,True,10.638853073120117,35.833702087402344,10.640053749084473,35.83452606201172,0d5c47b4-c581-4ba5-ae87-cc2571716986
4991ac98-d906-4f9a-aba4-067dd22fd5cc,TN,TN-52,locality,,land,المدينة 2,"[[""ar"", ""المدينة 2""], [""fr"", ""El Medina 2""]]",True,True,10.822440147399902,35.73763656616211,10.843649864196777,35.77159881591797,df67d658-3fbf-4a5a-9005-068a4f77190e
636176c1-9c91-4204-8ce4-8685542cfe76,TN,TN-52,microhood,,land,ساحة البيئة,"[[""ar"", ""ساحة البيئة""], [""fr"", ""Place de l'environnement""]]",True,True,10.899714469909668,35.629234313964844,10.90002727508545,35.62956237792969,e597cc0d-a70c-4c81-a78c-04df11847242
1c7fcd46-31f0-4942-88a0-f2b5623973d3,TN,TN-61,county,2,land,معتمدية صفاقس الغربية,"[[""ar"", ""معتمدية صفاقس الغربية""], [""fr"", ""Délégation Sfax Ouest""]]",True,True,10.692923545837402,34.70951843261719,10.752360343933105,34.7612419128418,c121598a-e822-4018-91dc-81f1d74954e8
5a13c9c5-7efc-4677-889f-595caf85aba8,TN,TN-21,locality,,land,المشروحة,"[[""ar"", ""المشروحة""], [""fr"", ""El Machrouha""], [""en"", ""El Mashrouha""]]",True,True,10.561965942382812,36.503849029541016,10.62765884399414,36.55818557739258,d3ad4563-a231-433d-8118-9157c297bea9
c2c36f03-c0b0-466b-a3d0-0971c2ef1d4d,TN,TN-21,locality,,land,العريمة,"[[""ar"", ""العريمة""], [""fr"", ""El Arima""]]",True,True,10.610095977783203,36.676116943359375,10.72247314453125,36.78145217895508,2e372eaa-287a-4205-9157-c024c3799ffa
3148f8b3-6a2a-415d-bebc-53ed695e4fe0,TN,TN-53,locality,,land,السيدة,"[[""ar"", ""السيدة""], [""fr"", ""Essaida""]]",True,True,10.54510498046875,35.337547302246094,10.609323501586914,35.396080017089844,a82100fe-abb9-4204-af28-125b6ebc42c2
b340db2f-c77e-4a31-8f7b-1abadef6220d,TN,TN-51,microhood,,land,Rond Point Hannibal,,True,True,10.582971572875977,35.868621826171875,10.583248138427734,35.86884689331055,4d9a6dde-ba69-4f39-b975-cf368f5cf32b
1420a149-3818-4f28-8d52-761e1f8ff94a,TN,TN-21,locality,,land,قرشيين,"[[""ar"", ""قرشيين""], [""fr"", ""Korchine""]]",True,True,10.824994087219238,36.656654357910156,10.898632049560547,36.714805603027344,69e3b827-32af-43e4-8a42-bcade76ae87e
fd72b7b3-1851-4251-9660-2eebb44549ec,TN,TN-61,locality,,land,العالية,"[[""ar"", ""العالية""], [""fr"", ""El Alia""]]",True,True,10.709959983825684,34.74317169189453,10.736804008483887,34.7612419128418,07433c29-9d87-404e-b029-c4b170ca4cb5
fe3da6a8-60fe-4045-8d64-d77873149555,TN,TN-53,locality,,land,رياض بوهلال,"[[""ar"", ""رياض بوهلال""], [""fr"", ""Riadh Bou Helal""], [""en"", ""Riadh Bouhlel""]]",True,True,10.581320762634277,35.241966247558594,10.628207206726074,35.296630859375,d456548c-3c22-4e6a-9f1e-c0be3d6a6d01
1fee286b-a97e-4154-b846-bbc17221ab06,TN,TN-61,locality,,land,المساترية,"[[""ar"", ""المساترية""], [""fr"", ""El Mesatria""], [""en"", ""Msetria""]]",True,True,10.821087837219238,34.98133850097656,10.91763687133789,35.028411865234375,851c53dc-a3ba-4d79-b659-4cfaccb33c01
42369aef-c337-4fd0-949e-4e900a682a6f,TN,TN-21,county,2,land,معتمدية حمام الغزاز,"[[""ar"", ""معتمدية حمام الغزاز""], [""fr"", ""Délégation Hammam El Ghezaz""]]",True,True,11.008593559265137,36.85314178466797,11.13668155670166,37.0140380859375,490aa97f-b524-4f20-8211-d123f8fcafc8
05615509-291f-40f6-90fa-9bb9daac149a,TN,TN-51,county,2,land,معتمدية القلعة الكبرى,"[[""ar"", ""معتمدية القلعة الكبرى""], [""fr"", ""Délégation Kalaa Kebira""]]",True,True,10.30747127532959,35.78895568847656,10.560287475585938,35.94749069213867,ccfc3572-6b1c-4af6-8de8-2bfc5d363f24
ef8c4476-7d4a-4b27-8d6c-7d1596e0b215,TN,TN-61,locality,,land,15 نوفمبر,"[[""ar"", ""15 نوفمبر""], [""fr"", ""15 Novembre""]]",True,True,10.738350868225098,34.74113845825195,10.7551908493042,34.75279235839844,ceee6f3d-e01f-47ec-ab17-9e93d731c3ce
7842c0c5-15f2-4b13-96bd-2df0a4e740d8,TN,TN-21,locality,,land,بير الزيت,"[[""ar"", ""بير الزيت""], [""fr"", ""Bir Ezzit""]]",True,True,10.633809089660645,36.75461959838867,10.773138999938965,36.81684494018555,36b60a81-69fd-4288-8b36-ea37e7e2fb45
00c732f3-e333-4458-8f2e-04528f0afcaa,TN,TN-52,county,2,land,معتمدية قصر هلال,"[[""ar"", ""معتمدية قصر هلال""], [""fr"", ""Délégation Ksar Hellal""]]",True,True,10.830571174621582,35.61076354980469,10.925027847290039,35.66482925415039,14af4f22-0ded-40d6-a1a2-e0d23cf6b48c
621169a4-e27b-4e72-bf48-dc3206ddba5d,TN,TN-21,locality,,land,ياسمين الحمامات,"[[""ar"", ""ياسمين الحمامات""], [""fr"", ""Yasmine Hammamet""]]",True,True,10.494453430175781,36.30844497680664,10.529529571533203,36.35653305053711,f2275821-cf29-4c12-9cf5-c3d795a03501
16946bef-e231-4776-b26a-656bc04db354,TN,TN-52,county,2,land,معتمدية زرمدين,"[[""ar"", ""معتمدية زرمدين""], [""fr"", ""Délégation Zeramdine""]]",True,True,10.493062019348145,35.47029495239258,10.761425971984863,35.64982604980469,9933db7f-c9e2-41d5-aa27-655114275781
f47ee9db-6b99-4b7d-80e7-a6861a411538,TN,TN-51,locality,,land,الهادي شاكر,"[[""ar"", ""الهادي شاكر""], [""fr"", ""Hedi Chaker""]]",True,True,10.607161521911621,35.80268478393555,10.634711265563965,35.82292938232422,76c81471-3c96-4954-be5d-a3c4a3ddd4e3
1c04b79e-e63d-44fe-a7ea-4d6368ba2599,TN,TN-21,region,1,land,ولاية نابل,"[[""bs"", ""Nabeul""], [""hr"", ""Nabeul""], [""ar"", ""ولاية نابل""], [""fr"", ""Gouvernorat Nabeul""], [""lv"", ""Nabela""], [""uk"", ""Набуль (вілаєт)""], [""ceb"", ""Gouvernorat de Nabeul""], [""pt-PT"", ""Nabeul""], [""pt"", ""Nabeul (província)""], [""cs"", ""Nabeul""], [""zu"", ""Nabeul Governorate""], [""el"", ""Ναμπέλ (Κυβερνείο)""], [""it"", ""Nabeul""], [""ca"", ""Governació de Nabeul""], [""pt-BR"", ""Nabeul""], [""vi"", ""Nabeul""], [""nl"", ""Nabeul (gouvernement)""], [""zh-Hans"", ""纳布勒""], [""bg"", ""Набил (област)""], [""ko"", ""나뵐주""], [""et"", ""Nabeul""], [""de"", ""Gouvernement Nabeul""], [""cy"", ""Nabeul (talaith)""], [""frr"", ""Nabeul (Guwernement)""], [""be-Latn-tarask"", ""Набуль (вілает)""], [""ur"", ""نابل""], [""ru"", ""Набуль (вилайет)""], [""th"", ""นาเบิล""], [""id"", ""Kegubernuran Nabeul""], [""sr-Latn"", ""Nebul""], [""sv"", ""Nabeul""], [""tr"", ""Nabil ili""], [""da"", ""Nabeul""], [""zh-Hant"", ""納布勒""], [""en"", ""Nabeul""], [""he"", ""נאבל""], [""sk"", ""Nabeul""], [""az"", ""Nabul (vilayət)""], [""es"", ""Gobernación de Nabeul""], [""sco"", ""Nabeul Govrenorate""], [""be"", ""Набуль (вілает)""], [""ja"", ""ナブール県""], [""fi"", ""Nabeul (kuvernementti)""], [""ro"", ""Guvernoratul Nabeul""], [""lt"", ""Nabulis""], [""no"", ""Nabeul (guvernement)""], [""sl"", ""Nabeul""], [""fa"", ""نابل""], [""zh"", ""納布勒省""], [""ms"", ""Kawasan kegabenoran Nabeul""], [""hu"", ""Nabeul""], [""pl"", ""Gubernatorstwo Nabul""], [""ks"", ""نابل""], [""sh"", ""Nabeul (vilajet)""]]",True,True,10.332303047180176,36.352821350097656,11.13668155670166,37.14314651489258,4ec74fe7-fab9-4f98-b195-1c7603ce7723
ae48d08b-7b60-43e2-969b-661703059bf2,TN,TN-53,locality,,land,الشحيمات الشمالية,"[[""ar"", ""الشحيمات الشمالية""], [""fr"", ""Chehimet Nord""]]",True,True,10.36121940612793,35.387969970703125,10.426655769348145,35.473838806152344,37fe40b4-122c-4364-acf3-ab50dbcc3c66
872f7255-99d8-4e47-bc94-458e20fe2422,TN,TN-53,locality,,land,الشريشيرة,"[[""ar"", ""الشريشيرة""], [""fr"", ""Cherichira""]]",True,True,10.464685440063477,35.260719299316406,10.538302421569824,35.3355827331543,c13b1468-4e6c-4372-b41a-557c6a45fc39
436b173d-4c8c-41db-ba0d-50224c1e859b,TN,TN-21,locality,,land,الرياض,"[[""en"", ""Erriadh""], [""ar"", ""الرياض""], [""fr"", ""Erriadh""]]",True,True,11.026865005493164,36.97114181518555,11.038368225097656,36.98537063598633,de573169-ee14-4b9f-86a4-ac75b871c9ae
fb2bff71-9ee9-4198-a23d-29846d4ebf9e,TN,TN-21,locality,,land,نيانو,"[[""ar"", ""نيانو""], [""fr"", ""Nianou""]]",True,True,10.533609390258789,36.5772819519043,10.58154010772705,36.62709045410156,cd8e8591-0d6f-4b24-b4d4-509deb7f98ba
5b3ace75-5c03-4d81-a31f-5620393168fc,TN,TN-53,locality,,land,المرابطين,"[[""ar"", ""المرابطين""], [""fr"", ""El Mourabitine""]]",True,True,10.669017791748047,35.27760696411133,10.7128324508667,35.325050354003906,6a5ef504-f66f-4830-a3bc-fc700691bb09
03749511-dd2d-45ef-b382-78b05f79c3f6,TN,TN-61,locality,,land,بشكة,"[[""ar"", ""‫بشكة‬""], [""fr"", ""Bechka""], [""en"", ""Bechka""]]",True,True,10.308818817138672,34.844425201416016,10.505764961242676,35.01408386230469,ef876ef0-dac9-46e6-8a42-5e829c827fd3
3d7f15e9-e7f7-47f1-b59a-bdb879ff7977,TN,TN-53,locality,,land,العيثة,"[[""ar"", ""العيثة""], [""fr"", ""El Aitha""]]",True,True,10.603618621826172,35.231204986572266,10.694010734558105,35.31789016723633,052d0196-ec44-41ec-983b-a981a99a246b
d5fdfc97-7a10-4cf8-89d1-ecf9eea4da17,TN,TN-61,locality,,land,اللوزة,"[[""ar"", ""‫اللوزة‬""], [""fr"", ""Ellouza""], [""en"", ""Al Luza""], [""de"", ""Al-Luza""]]",True,True,10.974398612976074,35.01226043701172,11.02356243133545,35.067405700683594,7762904e-c07e-4415-b2f6-80d41e4a08d2
68038303-147c-4549-a2fe-1014ce68c1d3,TN,TN-51,locality,,land,سهلول,"[[""ar"", ""سهلول""], [""fr"", ""Sahloul""]]",True,True,10.563053131103516,35.83338928222656,10.603839874267578,35.86130905151367,d3867c91-da16-4c0c-9425-9c83e134b4da
47c76e66-3878-4686-be50-a8d428aa506e,TN,TN-61,locality,,land,بوجربوع,"[[""ar"", ""بوجربوع""], [""fr"", ""Bou Jarboue""], [""en"", ""Boujarbouaa""]]",True,True,10.525075912475586,34.944183349609375,10.711456298828125,35.07981872558594,8ee62c9f-2d9e-4e5a-be16-db0d684767af
32291c84-b6ac-4686-90d2-156d07a47f4d,TN,TN-53,microhood,,land,بطحاء سيدي المفضّل,"[[""en"", ""Sidi Mofadal Square""], [""ar"", ""بطحاء سيدي المفضّل""], [""fr"", ""Sidi Mofadal Square""]]",True,True,11.076742172241211,35.50606918334961,11.077004432678223,35.50623321533203,675f0a26-9b66-4777-b47c-fd3fd036a9b0
0075df1f-9abb-4064-aebe-dde4599d166f,TN,TN-52,region,1,land,ولاية المنستير,"[[""bs"", ""Monastir""], [""hr"", ""Monastir""], [""ka"", ""მონასტირის ვილაიეთი""], [""ar"", ""ولاية المنستير""], [""fr"", ""Gouvernorat Monastir""], [""lv"", ""Monastira""], [""uk"", ""Монастір (вілаєт)""], [""ceb"", ""Gouvernorat de Monastir""], [""pt-PT"", ""Monastir""], [""pt"", ""Monastir (província)""], [""cs"", ""Monastir""], [""zu"", ""Monastir Governorate""], [""el"", ""Μοναστίρ (Κυβερνείο)""], [""it"", ""Monastir""], [""ca"", ""Governació de Monastir""], [""pt-BR"", ""Monastir""], [""vi"", ""Monastir""], [""nl"", ""Monastir (gouvernement)""], [""zh-Hans"", ""莫纳斯提尔""], [""bg"", ""Монастир (област)""], [""ko"", ""모나스티르주""], [""et"", ""Monastir""], [""de"", ""Al-Munastir""], [""cy"", ""Monastir (talaith)""], [""frr"", ""Monastir (Guwernement)""], [""be-Latn-tarask"", ""Манастыр (вілает)""], [""ur"", ""ولایت منستیر""], [""ru"", ""Монастир (вилайет)""], [""th"", ""โมนาสตีร์""], [""id"", ""Kegubernuran Monastir""], [""sq"", ""Monastir""], [""sr-Latn"", ""Monastir""], [""sv"", ""Monastir""], [""tr"", ""Munastır (vilayet)""], [""da"", ""Monastir""], [""zh-Hant"", ""莫納斯提爾""], [""en"", ""Monastir""], [""he"", ""מונסטיר""], [""sk"", ""Monastir""], [""az"", ""Monastir (vilayət)""], [""es"", ""Gobernación de Monastir""], [""sco"", ""Monastir Govrenorate""], [""be"", ""Манасцір (вілает)""], [""ja"", ""モナスティル県""], [""fi"", ""Monastir (kuvernementti)""], [""ro"", ""Guvernoratul Monastir""], [""lt"", ""Monastyras""], [""no"", ""Monastir (guvernement)""], [""sl"", ""Monastir""], [""fa"", ""استان منستیر""], [""zh"", ""莫納斯提爾省""], [""ms"", ""Kawasan kegabenoran Monastir""], [""hu"", ""Monastir""], [""pl"", ""Gubernatorstwo Monastyr""], [""sh"", ""Monastir (vilajet)""]]",True,True,10.493062019348145,35.4227409362793,11.049903869628906,35.805328369140625,ef75f448-5105-4dbb-8c91-8dee83e506e1
2bbe0bf6-c480-4c5b-8af5-4b8c3f61efd8,TN,TN-51,county,2,land,معتمدية هرقلة,"[[""ar"", ""معتمدية هرقلة""], [""fr"", ""Délégation Hergla""]]",True,True,10.365836143493652,35.96923065185547,10.534263610839844,36.088523864746094,19919c87-d238-4e09-9703-c6bc19df0d9c
91540bd2-9703-47e5-856f-6d588e4afc7b,TN,TN-53,locality,,land,سيدي علوان الشرقية,"[[""ar"", ""سيدي علوان الشرقية""], [""fr"", ""Sidi Alouane Est""]]",True,True,10.931473731994629,35.33536911010742,10.959872245788574,35.38610076904297,def5f614-49e8-4e99-be6f-15b2a9dca3fb
bdb660ea-24a4-4f86-9c4d-2f33c0598b1c,TN,TN-61,county,2,land,معتمدية صفاقس الجنوبية,"[[""ar"", ""معتمدية صفاقس الجنوبية""], [""fr"", ""Délégation Sfax Sud""]]",True,True,10.580318450927734,34.72941970825195,10.749019622802734,34.95903778076172,b5f7f963-424b-4e33-8656-169a34fcc98d
ac8fc10e-f817-4a51-89fc-b12e77c88a43,TN,TN-21,locality,,land,لزدين,"[[""ar"", ""لزدين""], [""fr"", ""Lezdine""], [""en"", ""Lezdine""]]",True,True,10.860054016113281,36.790870666503906,10.9263916015625,36.841129302978516,71b093b6-e86b-47f3-aec4-1204de6ef7ae
d88e1e87-e489-4673-b50e-ba03ceee6159,TN,TN-51,locality,,land,خزامة,"[[""ar"", ""خزامة""], [""fr"", ""Khzema""]]",True,True,10.602293968200684,35.84162139892578,10.626178741455078,35.86531066894531,213c155a-2cac-41c2-8fb2-f408f3c736c9
ecde4308-50e8-4ff7-98ea-951d3a15924b,TN,TN-53,locality,,land,سيدي الناصر,"[[""ar"", ""سيدي الناصر""], [""fr"", ""Sidi Naceur""]]",True,True,10.574877738952637,35.28752517700195,10.630889892578125,35.348201751708984,76bc10eb-947d-4f56-a100-95141ef3310c
975455fc-56ec-49ca-8c1b-870deb697294,TN,TN-21,locality,,land,زاوية المقايز,"[[""ar"", ""زاوية المقايز""], [""fr"", ""Zaouiet El Mgaiez""], [""en"", ""Zaouiet El Mgaiez""]]",True,True,10.803949356079102,36.908058166503906,10.889568328857422,36.967220306396484,fb6e3968-df5a-4566-afd8-1037509e8d8c
7d131d0d-6d52-4d55-b6f9-9902e159ec3b,TN,TN-51,locality,,land,السد القبلي,"[[""ar"", ""السد القبلي""], [""fr"", ""Essed Sud""]]",True,True,10.388745307922363,35.9119873046875,10.46394157409668,35.95365905761719,26817d07-ed9e-4691-b769-31c55c30e16e
76ea7feb-088c-4f1d-86ce-c22278386c95,TN,TN-21,county,2,land,معتمدية تاكلسة,"[[""ar"", ""معتمدية تاكلسة""], [""fr"", ""Délégation Takelsa""]]",True,True,10.582901954650879,36.676116943359375,10.80884838104248,36.91032791137695,bf3a5fd1-09d3-46f6-a392-cfa24fd31ada
7e0c9921-4b4e-4866-82d8-42271dc259ec,TN,TN-21,locality,,land,سيدي الجديدي,"[[""ar"", ""سيدي الجديدي""], [""fr"", ""Sidi Ejdidi""], [""en"", ""Sidi Jadidi""]]",True,True,10.344093322753906,36.35347366333008,10.538780212402344,36.4905891418457,60f96842-d940-4c39-98d2-c03477300787
4e7dbfc9-dd07-4f6c-9434-a690c1e16c4d,TN,TN-21,locality,,land,الهوارية الشمالية,"[[""ar"", ""الهوارية الشمالية""], [""fr"", ""El Haouaira Nord""]]",True,True,10.977319717407227,37.00542068481445,11.077326774597168,37.08903884887695,ff787ae4-636c-45c1-8a4c-62d8e66e55f3
f37764e6-b350-4bbb-93ec-e7c2b46789c9,TN,TN-53,locality,,land,الرمل,"[[""ar"", ""الرمل""], [""fr"", ""Er-Remal""]]",True,True,11.035001754760742,35.50482177734375,11.054287910461426,35.5139274597168,0f09d5ef-b4c2-4632-872c-6c1ed9fe8ba6
e7fb35c3-2e61-4644-9d76-e9ebd69fee78,TN,TN-21,locality,,land,برج حفيظ,"[[""ar"", ""برج حفيظ""], [""fr"", ""Borj Hfaiedh""]]",True,True,10.570549964904785,36.45890808105469,10.643004417419434,36.534664154052734,768cb33b-e8b5-4c5f-8ab3-f3082364eb60
dac47b58-2f4c-49ff-872e-6d5540aefee0,TN,TN-52,locality,,land,سيدي عامر,"[[""ar"", ""سيدي عامر""], [""fr"", ""Sidi Ameur""], [""en"", ""Sidi Ameur""]]",True,True,10.682546615600586,35.71661376953125,10.715712547302246,35.74972152709961,29015146-89ff-4085-8465-2a1b89161ff7
45a24494-40da-4a02-852e-35197cf461ad,TN,TN-61,locality,,land,حي التعويضي,"[[""ar"", ""حي التعويضي""], [""fr"", ""Cité Ettaouidhi""]]",True,True,10.769190788269043,34.754173278808594,10.784868240356445,34.76856994628906,a72fbefb-a95b-4dba-8880-a156585fd356
929f5820-e4fd-46d4-9cea-f17b040fde1d,TN,TN-53,county,2,land,معتمدية المهدية,"[[""ar"", ""معتمدية المهدية""], [""fr"", ""Délégation Mahdia""]]",True,True,10.837240219116211,35.418216705322266,11.082538604736328,35.55736541748047,a8c7f9a2-03dd-4fe3-8104-8dd14b6afa64
daf65b03-5b58-4bab-9dd1-7af6564e0ee3,TN,TN-52,locality,,land,الشراحيل,"[[""ar"", ""الشراحيل""], [""fr"", ""Cherahil""]]",True,True,10.833074569702148,35.483192443847656,10.883039474487305,35.53988265991211,f3fa8ed3-c637-4b94-80b2-e517641ad8ea
0d88237f-2fb2-41cb-9b8a-833888cfa284,TN,TN-21,county,2,land,معتمدية منزل بوزلفة,"[[""ar"", ""معتمدية منزل بوزلفة""], [""fr"", ""Délégation Menzel Bouzelfa""]]",True,True,10.541105270385742,36.63785171508789,10.776092529296875,36.76948928833008,40526b2e-838c-4025-a6d7-d96d24c2fe9c
255bf5b6-807e-4509-9025-0466c1fcc0d1,TN,TN-21,locality,,land,الحمامات الشرقية,"[[""ar"", ""الحمامات الشرقية""], [""fr"", ""Hammamet Est""]]",True,True,10.610389709472656,36.39213180541992,10.641870498657227,36.40771484375,6b5178a6-d9ce-44d5-ab31-e0457153b9bb
52e9d4ac-dcc4-44af-b863-17c7111c00fc,TN,TN-51,locality,,land,بو حسينة,"[[""ar"", ""بو حسينة""], [""fr"", ""Bouhsina""]]",True,True,10.591458320617676,35.81124496459961,10.634693145751953,35.82560348510742,463baf05-d746-4e9a-89ad-d8feedfeb1a5
9ee54d3b-6946-4a2f-a8b4-c3982076da48,TN,TN-61,locality,,land,قرمدة,"[[""ar"", ""قرمدة""], [""fr"", ""Gremda""]]",True,True,10.692485809326172,34.762901306152344,10.734753608703613,34.805545806884766,63cfc39c-f242-469f-a31e-41cc6a7a990d
9355aaba-d62e-46f7-ad0b-a6818ee0025a,TN,TN-51,locality,,land,حشاد,"[[""ar"", ""حشاد""], [""fr"", ""Hached""]]",True,True,10.596893310546875,35.82438659667969,10.634599685668945,35.83403396606445,188b14b3-8538-4f70-85be-f2d626e770ac
ef94229e-3372-4c8f-8959-9cf342296ad0,TN,TN-52,locality,,land,منزل فارسي,"[[""ar"", ""منزل فارسي""], [""fr"", ""Menzel Farsi""], [""en"", ""Menzel Fersi""]]",True,True,10.833324432373047,35.52490997314453,10.892071723937988,35.59695053100586,0811d7d5-d0d6-4266-b6ee-8ae55e55ec09
d8521c26-a678-4629-ba74-cc02b4e039a2,TN,TN-61,locality,,land,مركز شاكر,"[[""ar"", ""مركز شاكر""], [""fr"", ""Merkez Chaker""]]",True,True,10.73004150390625,34.73533630371094,10.752360343933105,34.74834060668945,222a79d1-ddc6-4d75-8f09-5d88015ea574
d412dcfc-7bea-42cd-9faa-9483dcd7e167,TN,TN-21,locality,,land,قليبية الشرقية,"[[""ar"", ""قليبية الشرقية""], [""fr"", ""Kelibia Est""]]",True,True,11.062760353088379,36.833065032958984,11.13008975982666,36.88151550292969,dbc14493-09f7-40c0-8c09-548b7ae37a94
75e5a70d-bf2f-48c4-a576-7508f64debb8,TN,TN-61,locality,,land,الشيحية,"[[""ar"", ""الشيحية""], [""fr"", ""Chihia""]]",True,True,10.736058235168457,34.768863677978516,10.756753921508789,34.79685592651367,450c99f3-b71a-40c9-abf3-51e6ec90c58c
99c80fba-3940-407b-bc53-735754828a15,TN,TN-51,locality,,land,السد الجوفي,"[[""ar"", ""السد الجوفي""], [""fr"", ""Essed Nord""]]",True,True,10.381139755249023,35.93349075317383,10.451754570007324,35.977027893066406,6fae95f1-6d44-4fde-9d3c-1809ca59f83d
606f3619-1963-4d42-be66-549ab1f1967a,TN,TN-53,locality,,land,الحكايمة الغربية,"[[""ar"", ""الحكايمة الغربية""], [""fr"", ""Hekaima Ouest""]]",True,True,10.837240219116211,35.418216705322266,10.875134468078613,35.486820220947266,83bec5e4-aaf5-446e-a9ce-1e3ca0a2266d
7580cd4a-2cd4-47d9-a36d-ad44e828b2c9,TN,TN-53,locality,,land,القرادحة الغربية,"[[""ar"", ""القرادحة الغربية""], [""fr"", ""El Gradha Ouest""]]",True,True,10.432312965393066,35.183597564697266,10.50133991241455,35.25611114501953,eaf405ba-82b9-464f-9bc1-1c2984ec941a
bbfd7706-65e9-45f5-97a9-62e7b76a2e77,TN,TN-21,locality,,land,الحمامات الجوفية,"[[""ar"", ""الحمامات الجوفية""], [""fr"", ""Hammamet Nord""]]",True,True,10.588493347167969,36.4028205871582,10.67812442779541,36.46879196166992,bf430ff2-dd28-4b36-918f-0df352bebf94
ae2a29c5-d7b3-4f17-ade2-8cb30431a714,TN,TN-21,locality,,land,العصفور,"[[""ar"", ""العصفور""], [""fr"", ""El Asfour""]]",True,True,10.853598594665527,36.73016357421875,10.96432876586914,36.78580856323242,c5ab79c3-c320-499f-80ae-5fc3bfb4dc06
639c5c2b-69ef-4bc4-bbf6-1dc263e7d691,TN,TN-61,locality,,land,وادي الرمل,"[[""ar"", ""وادي الرمل""], [""fr"", ""Oued Ermal""]]",True,True,10.723703384399414,34.73343276977539,10.733267784118652,34.74600601196289,b75c98ed-cc98-49ff-97c1-ab2fc10a4f6f
1593a59e-7dbf-4353-9335-6c3013ea2378,TN,TN-61,county,2,land,معتمدية عقارب,"[[""ar"", ""معتمدية عقارب""], [""fr"", ""Délégation Agareb""]]",True,True,10.265581130981445,34.59048843383789,10.672640800476074,34.899688720703125,70d1e03d-48be-45c3-9224-554e47d14751
a1532c64-6406-41f4-b619-824f6db93c4b,TN,TN-51,locality,,land,سيدي خليفة,"[[""ar"", ""سيدي خليفة""], [""fr"", ""Sidi Khlifa""]]",True,True,10.380683898925781,36.23263168334961,10.4539213180542,36.29914474487305,3f6ea697-3537-4697-9945-399c01eaceb5
2e9be46c-0a4a-4657-aaef-51daadb9ec55,TN,TN-21,county,2,land,معتمدية نابل,"[[""ar"", ""معتمدية نابل""], [""fr"", ""Délégation Nabeul""]]",True,True,10.610825538635254,36.42612838745117,10.752577781677246,36.538848876953125,2ef84c6c-9e0c-48ca-8636-f6f04677ce79
755205d5-7c65-4132-8ab0-ca01d09274ca,TN,TN-51,locality,,land,شط الرمان,"[[""ar"", ""شط الرمان""], [""fr"", ""Chott Errommane""]]",True,True,10.523292541503906,35.8414421081543,10.589655876159668,35.86989974975586,b784cc93-8ca0-4716-9638-ef7b3dc6733f
b8a02d92-d8cb-4f16-9a77-54430e96f9c6,TN,TN-52,locality,,land,الوردانين الشمالية,"[[""ar"", ""الوردانين الشمالية""], [""fr"", ""Ouerdanine Nord""]]",True,True,10.623373031616211,35.70343017578125,10.692319869995117,35.74364471435547,a805a2ca-2f8a-44c5-9633-856b7959b614
e09dac52-d181-4fc4-817d-6e54b2fc54a6,TN,TN-52,locality,,land,قصرهلال,"[[""ar"", ""قصرهلال""], [""fr"", ""Ksar Hellal""]]",True,True,10.873834609985352,35.63843536376953,10.925027847290039,35.66482925415039,dcc809bf-e030-43f9-85ed-40b1a9a4e1ab
bf452480-e7c4-4f62-84b2-f320db51d059,TN,TN-53,locality,,land,سيدي زيد,"[[""ar"", ""سيدي زيد""], [""fr"", ""Sidi Zid""], [""en"", ""Sidi Zid""]]",True,True,10.462471961975098,35.33080291748047,10.526568412780762,35.382423400878906,ce6869b9-9c98-49e8-b01b-6f8fca4edbe2
dce80f52-09ee-4c46-9c4c-8fbf7b7814e2,TN,TN-21,locality,,land,سيدي مذكور,"[[""en"", ""Sidi Madhkour""], [""ar"", ""سيدي مذكور""], [""fr"", ""Sidi Madhkour""]]",True,True,11.029546737670898,36.98475646972656,11.048131942749023,36.99680709838867,d5d9d591-10c1-412e-96fa-6814f4b9db7a
16325521-3979-4df1-8708-a9fe39db0abf,TN,TN-21,locality,,land,الخرّوبة,"[[""ar"", ""الخرّوبة""], [""fr"", ""El Kharrouba""]]",True,True,10.589987754821777,36.54442596435547,10.662306785583496,36.5971794128418,fa517dc7-7add-4866-b7f6-cd3f0119661e
dda075db-b582-4fcc-921d-d13ed52e9e5b,TN,TN-52,locality,,land,صوة,"[[""ar"", ""صوة""], [""fr"", ""Soua""]]",True,True,10.830571174621582,35.62986373901367,10.890447616577148,35.652488708496094,68a91db2-58d0-4440-b182-104d2d851403
739040dc-d9d2-456e-8e9a-4544b9b86a20,TN,TN-61,locality,,land,مركز قدور,"[[""ar"", ""مركز قدور""], [""fr"", ""Merkez Gaddour""]]",True,True,10.752960205078125,34.75496292114258,10.76284122467041,34.77239227294922,be30c424-8dcf-4f55-b57a-c80a5b9d4688
1151e074-5103-4a32-b795-b4feeb809f95,TN,TN-51,locality,,land,التوارة الجنوبية,"[[""ar"", ""التوارة الجنوبية""], [""fr"", ""Ettouara Sud""]]",True,True,10.570505142211914,35.71881866455078,10.603225708007812,35.74674606323242,5486916c-aadc-401f-88c4-ec9904d5e096
16eb5ee9-1de1-43be-8c3c-7ade9a4e78e8,TN,TN-52,locality,,land,المكنين الجوفية,"[[""ar"", ""المكنين الجوفية""], [""fr"", ""Moknine Nord""]]",True,True,10.89538860321045,35.62820816040039,10.902814865112305,35.63893508911133,eb161ab9-feab-4d30-bd71-219ca0bc8b09
952ff75a-2be4-4866-86ef-7e4deadc7f19,TN,TN-52,county,2,land,معتمدية قصيبة المديوني,"[[""ar"", ""معتمدية قصيبة المديوني""], [""fr"", ""Délégation Ksibet El Mediouni""]]",True,True,10.784428596496582,35.59195327758789,10.868438720703125,35.697593688964844,6dad99e6-3280-4d34-abee-454165fb8a1b
3149cd7c-3cd6-40a7-a205-acb5e061c870,TN,TN-51,county,2,land,معتمدية حمام سوسة,"[[""ar"", ""معتمدية حمام سوسة""], [""fr"", ""Délégation Hammam Sousse""]]",True,True,10.563053131103516,35.83338928222656,10.613816261291504,35.91633987426758,41bc80a4-1588-4700-8836-39fdb031598f
11d96b5f-c047-4da9-b122-7f964538fc87,TN,TN-53,locality,,land,بوهلال علي الشمالية,"[[""ar"", ""بوهلال علي الشمالية""], [""fr"", ""Bouhlel Ali Nord""], [""en"", ""Bouhlal Ali Echamalya""]]",True,True,10.56758975982666,35.393226623535156,10.66394329071045,35.47452163696289,e1388c4c-456d-4b0b-9b79-1c22f5dd4ac7
ba37e51a-c4bd-4bbd-b9b0-409d0b20c44a,TN,TN-52,locality,,land,سيدي بو عثمان,"[[""ar"", ""سيدي بو عثمان""], [""fr"", ""Sidi Bou Othman""]]",True,True,10.677294731140137,35.658138275146484,10.713393211364746,35.69609069824219,02064b1a-e143-45e9-b7cb-e7ec7f947034
c9bb08f6-6483-49a4-a3fc-d306a426d199,TN,TN-53,locality,,land,الجواودة,"[[""ar"", ""الجواودة""], [""fr"", ""Jaouaouda""], [""en"", ""Jouaouda""]]",True,True,10.858343124389648,35.460758209228516,10.91873550415039,35.50721740722656,46640676-839c-45da-9ac0-e001f79678a7
c69dbffa-2982-477d-b147-2db6aa26a3d5,TN,TN-53,county,2,land,معتمدية بومرداس,"[[""ar"", ""معتمدية بومرداس""], [""fr"", ""Délégation Bou Merdès""]]",True,True,10.56758975982666,35.34812927246094,10.8513765335083,35.50020980834961,2ebc9809-bb5c-4e06-abef-d3f2c790e67a
e47269f1-9ddb-48a9-8549-9f1fc2e72c5a,TN,TN-21,locality,,land,الشريفات,"[[""ar"", ""الشريفات""], [""fr"", ""Ech Cherifet""]]",True,True,10.500205993652344,36.68461990356445,10.563905715942383,36.74141311645508,3068e097-0416-4f95-9b28-0c6398477347
b66b16ff-155d-4868-8196-11c689a87d61,TN,TN-52,locality,,land,بئر الطيب,"[[""ar"", ""بئر الطيب""], [""fr"", ""Bir Taïeb""], [""en"", ""Bir Taïeb""]]",True,True,10.636944770812988,35.64247131347656,10.72263240814209,35.672523498535156,13278ef7-86eb-424b-a921-4a1eaa95b581
a2ded91d-2e1f-4923-9959-4ada884ef7ab,TN,TN-51,locality,,land,عين الرحمة,"[[""ar"", ""عين الرحمة""], [""fr"", ""Ain Errahma""], [""en"", ""Aïn Errahma""]]",True,True,10.36676025390625,36.17605972290039,10.490083694458008,36.271759033203125,a24c369c-583c-49fc-8fb3-2d5cddf27d21
5879068d-515a-47ce-a6d1-c565570fdca8,TN,TN-61,locality,,land,سيدي حسن بلحاج,"[[""ar"", ""سيدي حسن بلحاج""], [""fr"", ""Sidi Hsan Belhaj""], [""en"", ""Sidi Hsan Belhaj""]]",True,True,10.720576286315918,35.13737869262695,10.837855339050293,35.278507232666016,ab6116c6-2694-4169-83f8-a23543c84746
808f1bdc-a7bd-4326-8ed2-99bfc99c0793,TN,TN-51,county,2,land,معتمدية سوسة جوهرة,"[[""ar"", ""معتمدية سوسة جوهرة""], [""fr"", ""Délégation Sousse Jaouhara""]]",True,True,10.583038330078125,35.80268478393555,10.634711265563965,35.854026794433594,ceb8df83-e4f5-4a69-8653-44319891dc65
2230b607-a587-44c0-8ec3-c9a9cfbee65f,TN,TN-61,locality,,land,بطرية,"[[""ar"", ""‫بطرية‬""], [""fr"", ""Botria""], [""en"", ""Botria""]]",True,True,10.932843208312988,35.04991149902344,11.027665138244629,35.1163444519043,df387b1f-c557-4379-9380-280d988cbc2c
f3aae14b-c828-46bb-9f28-b1a8463f069f,TN,TN-53,locality,,land,المهدية,"[[""ba"", ""Мәхдиә""], [""ar"", ""المهدية""], [""fr"", ""Mahdia""], [""eu"", ""Mahdia""], [""uk"", ""Махдія""], [""pt"", ""Mádia""], [""cs"", ""Mahdia""], [""zu"", ""Mahdia""], [""gl"", ""Mahdia""], [""el"", ""Αλ-Μαχντίγια""], [""it"", ""Mahdia""], [""ca"", ""Mahdia""], [""nl"", ""Mahdia""], [""ckb"", ""مەهدیە""], [""ko"", ""마디아""], [""eo"", ""Mahdia""], [""de"", ""Mahdia""], [""nb"", ""Mahdia""], [""azb"", ""المهدیه""], [""ur"", ""مہدیہ""], [""ru"", ""Махдия""], [""id"", ""Mahdia""], [""sv"", ""Mahdia""], [""tr"", ""Mehdiye""], [""da"", ""Mahdia""], [""en"", ""Mahdia""], [""he"", ""מהדיה""], [""es"", ""Mahdía""], [""kab"", ""Mahdeyya""], [""ja"", ""マーディア""], [""fi"", ""Mahdia""], [""ro"", ""Mahdia""], [""lt"", ""Mahdija""], [""fa"", ""مهدیه""], [""zh"", ""马赫迪耶""], [""pl"", ""Al-Mahdijja""]]",True,True,11.06371021270752,35.498748779296875,11.082538604736328,35.509803771972656,39465db0-d9bd-49f4-b19d-ef368a43bc19
2bf7639e-c910-43a0-b9db-4ea8e4e14088,TN,TN-53,locality,,land,الطواهرية,"[[""ar"", ""الطواهرية""], [""fr"", ""Touahria""]]",True,True,10.727869987487793,35.30070877075195,10.828518867492676,35.34229278564453,06b6f318-503a-4c0d-883f-0fc462fa5da9
1973475b-60fd-47f8-97b8-2f992b89a299,TN,TN-51,locality,,land,المدينة,"[[""ar"", ""المدينة""], [""fr"", ""El Medina""]]",True,True,10.578042030334473,35.85417556762695,10.598787307739258,35.86636734008789,19436b04-e447-404a-819b-a1dee2c98e49
19a9dc2d-0259-4bd8-8f6a-361f5e101495,TN,TN-21,locality,,land,حمام الغزاز,"[[""ar"", ""حمام الغزاز""], [""fr"", ""Hammam El Ghezaz""], [""en"", ""Hammam Al Ghezaz""]]",True,True,11.035616874694824,36.85314178466797,11.13668155670166,36.92317581176758,95159655-94c8-4271-a032-56ecc36b0630
c5088745-b5a2-4c9e-9c0d-99b1bc267f50,TN,TN-21,locality,,land,الغرفة,"[[""en"", ""El Ghorfa""], [""ar"", ""الغرفة""], [""fr"", ""El Ghorfa""]]",True,True,10.940637588500977,36.984127044677734,10.957548141479492,36.99631881713867,891bdb27-6432-4923-8cf7-a160262d38a4
98406354-3e85-4bb8-856b-ffef2690d78e,TN,TN-53,county,2,land,معتمدية شربان,"[[""ar"", ""معتمدية شربان""], [""fr"", ""Délégation Chorbane""]]",True,True,10.269463539123535,35.08891296386719,10.595439910888672,35.3646125793457,7341b1a1-e0ae-41d9-a92b-4988b446a073
cf7b7147-9f0a-411a-9760-bf08734ce766,TN,TN-21,locality,,land,حارة الشعراء,"[[""ar"", ""حارة الشعراء""], [""fr"", ""Hart Ech Choara""]]",True,True,11.008593559265137,36.94750213623047,11.036194801330566,36.971641540527344,7cdcd249-7a8f-4677-bbb8-dc503cfce11f
08dde1f8-aa83-4641-ba9a-2b5b37207db4,TN,TN-61,locality,,land,الحوض,"[[""ar"", ""‫الحوض‬""], [""fr"", ""El Houdh""]]",True,True,10.783673286437988,35.010101318359375,10.890862464904785,35.101806640625,d8f4e453-3d55-4259-9ca5-094cf9c2e02c
f89e8240-3682-4f98-b093-90ebb74e7fb8,TN,TN-53,locality,,land,السعفات,"[[""ar"", ""السعفات""], [""fr"", ""Essaafet""]]",True,True,10.9788179397583,35.246334075927734,11.09559154510498,35.28873825073242,2c9bb1db-f89c-48d2-b99f-ad55f9d5ac5e
0b2b620f-ba5d-49ce-b067-86af611a76e8,TN,TN-21,locality,,land,منزل بوزلفة الجنوبية,"[[""ar"", ""منزل بوزلفة الجنوبية""], [""fr"", ""Menzel Bouzelfa Sud""]]",True,True,10.541105270385742,36.63785171508789,10.697625160217285,36.68704605102539,f2c03d7e-1dae-4781-b859-262c44cfaf7f
a79a6337-3500-490c-8056-e10fa1dcc952,TN,TN-51,locality,,land,الجبليين,"[[""ar"", ""الجبليين""], [""fr"", ""El Jebline""]]",True,True,10.570917129516602,35.72532272338867,10.579636573791504,35.733516693115234,c08a3d39-290d-498e-9489-e38d54550a30
58004699-abb3-4f7a-a72c-eed9e393f001,TN,TN-51,locality,,land,مناعمة,"[[""ar"", ""مناعمة""], [""fr"", ""Mnaema""]]",True,True,10.438465118408203,35.67856979370117,10.577892303466797,35.72343063354492,dc0c5ca6-a8f2-48e1-a558-ceff088f35ae
ecc54e48-badf-414f-9601-3d95dec4a9d5,TN,TN-61,locality,,land,البساتين,"[[""ar"", ""البساتين""], [""fr"", ""El Bassatine""]]",True,True,10.757193565368652,34.73970031738281,10.785502433776855,34.758060455322266,b23e5d00-95fd-48a5-be66-7aea0d6dd35a
64ab60a6-4f21-4b70-8958-01f6247f4247,TN,TN-61,county,2,land,معتمدية ساقية الدائر,"[[""ar"", ""معتمدية ساقية الدائر""], [""fr"", ""Délégation Sakiet Eddaier""]]",True,True,10.764972686767578,34.75038528442383,10.886677742004395,34.918087005615234,2ee64dff-ff26-4d97-a65d-117528463601
b9f5973b-7b01-4136-b05b-decb4de30a74,TN,TN-52,locality,,land,بنان القبلية,"[[""ar"", ""بنان القبلية""], [""fr"", ""Benen Sud""]]",True,True,10.829854965209961,35.65324401855469,10.85699462890625,35.68056869506836,6f99914f-a6dd-46b7-ad13-0b7ae50dcb63
117c6c1b-b295-4a9f-808a-526097f63e3f,TN,TN-52,locality,,land,السكرين,"[[""ar"", ""السكرين""], [""fr"", ""Sokrine""]]",True,True,10.9284086227417,35.64183044433594,10.985148429870605,35.66461944580078,14648242-53e7-4572-a453-1fdfd76238d0
4c33495e-036d-4772-9924-f80f03bece5c,TN,TN-52,locality,,land,صقانص,"[[""ar"", ""صقانص""], [""fr"", ""Skanes""]]",True,True,10.680922508239746,35.74419021606445,10.81689739227295,35.787940979003906,a184a663-6973-4a79-ab56-6f4253639cae
7dfbbc54-68e6-4c81-b0ac-614b337a552f,TN,TN-51,locality,,land,قصيبة سوسة,"[[""ar"", ""قصيبة سوسة""], [""fr"", ""Ksibet Sousse""]]",True,True,10.603619575500488,35.73302459716797,10.655984878540039,35.77999496459961,3e2c3d33-c93b-4f8a-b627-f95e9ea37c79
cc17ed1a-a874-40dd-b2b6-d789660d91de,TN,TN-53,microhood,,land,ساحة الإتحاد المغاربي,"[[""en"", ""Maghreb Union Square""], [""ar"", ""ساحة الإتحاد المغاربي""], [""fr"", ""Place de l'union du Maghreb""]]",True,True,11.055771827697754,35.506690979003906,11.056498527526855,35.50728225708008,0f687a1d-8cf0-444b-8df1-79cc6d00ced1
65af348d-b26c-40ae-bc1f-13ab9b2a65fb,TN,TN-61,locality,,land,الجواودة,"[[""ar"", ""‫الجواودة‬""], [""fr"", ""El Jouaouda""]]",True,True,10.742465019226074,35.00368118286133,10.82551383972168,35.06403350830078,5b7eebf0-3455-4119-9c73-032058ce33a1
014d9848-81a5-45cd-af47-203ed9fcf39f,TN,TN-53,locality,,land,الشرف,"[[""ar"", ""الشرف""], [""fr"", ""Echaraf""]]",True,True,10.342510223388672,35.12787628173828,10.452872276306152,35.231258392333984,8e13dc79-d596-4f38-90a4-35bfa0c1de1c
4d758c70-d582-4086-b67a-354de855557f,TN,TN-51,county,2,land,معتمدية القلعة الصغرى,"[[""ar"", ""معتمدية القلعة الصغرى""], [""fr"", ""Délégation Kalaa Sghira""]]",True,True,10.367073059082031,35.74508285522461,10.591460227966309,35.85137176513672,f213bd4d-cd1c-45b7-9e26-3167765a1f8f
25c8ad2c-c5db-46a2-a209-201ea3b401ea,TN,TN-21,locality,,land,أبان,"[[""en"", ""Abène""], [""ar"", ""أبان""], [""fr"", ""Abène""]]",True,True,10.974077224731445,36.97829055786133,10.99682331085205,36.99338150024414,5253348c-6579-47f0-a37d-23c6f5eca19d
43582a13-b7d8-4f80-b15d-18301ed15f88,TN,TN-53,locality,,land,بوهلال,"[[""ar"", ""بوهلال""], [""fr"", ""Bou Helal""]]",True,True,10.503571510314941,35.22802734375,10.594178199768066,35.29595184326172,dcf391ca-1064-4d7f-8d52-4bf952c49b0c
8bba5218-f80b-4158-8bb9-2e2574a5ec40,TN,TN-61,county,2,land,معتمدية الحنشة,"[[""ar"", ""معتمدية الحنشة""], [""fr"", ""Délégation El Hencha""]]",True,True,10.59417724609375,34.88695526123047,10.837855339050293,35.278507232666016,1487cabb-d083-4d45-a8a1-2381043cac6f
ecb1020b-cdeb-40d3-9f19-984ec38c25c9,TN,TN-53,locality,,land,أولاد صالح,"[[""ar"", ""أولاد صالح""], [""fr"", ""Ouled Salah""], [""en"", ""Ouled Salah""]]",True,True,10.881781578063965,35.41086959838867,10.93642520904541,35.46120071411133,6a590b9c-cf04-4a1a-9daa-6f6eee164b39
11b7e822-ccd4-457b-8d50-f972e680ff05,TN,TN-61,locality,,land,العين,"[[""ar"", ""العين""], [""fr"", ""El Ain""]]",True,True,10.67723274230957,34.74022674560547,10.718173027038574,34.79434585571289,a234e50b-720f-4228-b4f4-3105efc0f685
587e06bb-22b4-4b53-86a3-ef2aaf79cdac,TN,TN-52,locality,,land,الساحلين الشرقية,"[[""ar"", ""الساحلين الشرقية""], [""fr"", ""Sahline Est""]]",True,True,10.701419830322266,35.7120475769043,10.776908874511719,35.76040267944336,a1ca0b2d-6308-449f-a183-bb63415893e5
f80cabe6-0ba0-4aa4-9071-0921fa78cd10,TN,TN-21,locality,,land,الهوارية الجنوبية,"[[""ar"", ""الهوارية الجنوبية""], [""fr"", ""El Haouaira Sud""]]",True,True,10.969902038574219,36.96383285522461,11.030097961425781,37.02872848510742,ba4399b3-b010-4950-a549-543e5c82bd05
0a4d7e5b-8ff5-4bf1-8412-4143f3fd2271,TN,TN-51,locality,,land,القلعة الصغرى المدينة,"[[""ar"", ""القلعة الصغرى المدينة""], [""fr"", ""El Kalaa Essghira Ville""]]",True,True,10.513459205627441,35.789249420166016,10.566879272460938,35.826438903808594,bafaf073-23ad-4c0d-9c21-64696c4ca202
d374ef24-0ef5-4ad5-9d9e-bc0878ca6785,TN,TN-52,locality,,land,حي الرياض,"[[""ar"", ""حي الرياض""], [""fr"", ""Cité Erriadh""]]",True,True,10.833939552307129,35.6452522277832,10.881349563598633,35.660980224609375,9958d31b-f877-4333-9e57-6f2d232701ff
fa0bdffa-cfbe-44af-8644-09fad858cfde,TN,TN-61,locality,,land,محمد علي,"[[""ar"", ""محمد علي""], [""fr"", ""Mohamed Ali""]]",True,True,10.761032104492188,34.75556564331055,10.773883819580078,34.773250579833984,a6e838bf-0fbd-440e-9a34-f946d48d6b34
30cbcd81-9af3-4146-9adf-e4f4dc109ce6,TN,TN-61,locality,,land,تنيور,"[[""ar"", ""تنيور""], [""fr"", ""Teniour""]]",True,True,10.687580108642578,34.790771484375,10.757190704345703,34.89139938354492,e78b35ac-d7b6-44f5-ab66-dedae0c83d14
1d22bb97-b041-4243-b872-8363c4fa97b6,TN,TN-52,locality,,land,خير الدين,"[[""ar"", ""خير الدين""], [""fr"", ""Khérédine""]]",True,True,10.829378128051758,35.57141876220703,10.901211738586426,35.63039016723633,805aa81a-5330-4058-a90b-983b95190d16
0223277f-257e-4d6a-a767-77b5420e4bfe,TN,TN-61,county,2,land,معتمدية جبنيانة,"[[""ar"", ""معتمدية جبنيانة""], [""fr"", ""Délégation Jebeniana""]]",True,True,10.783673286437988,34.99919509887695,11.027665138244629,35.18866729736328,1b93b9f5-0eb7-409f-af92-067bef959f64
653f04c3-4d6c-4e88-8ba7-e00e3b7b3fb4,TN,TN-61,region,1,land,ولاية صفاقس,"[[""bs"", ""Sfax""], [""hr"", ""Sfax""], [""ar"", ""ولاية صفاقس""], [""fr"", ""Gouvernorat Sfax""], [""lv"", ""Sfaksa""], [""uk"", ""Сфакс (вілаєт)""], [""ceb"", ""Gouvernorat de Sfax""], [""pt-PT"", ""Sfax""], [""pt"", ""Sfax (província)""], [""cs"", ""Sfax""], [""zu"", ""Sfax Governorate""], [""el"", ""Κυβερνείο του Σφαξ""], [""it"", ""Sfax""], [""ca"", ""Governació de Sfax""], [""pt-BR"", ""Sfax""], [""vi"", ""Sfax""], [""nl"", ""Sfax (gouvernement)""], [""zh-Hans"", ""斯法克斯""], [""bg"", ""Сфакс (област)""], [""ko"", ""스팍스주""], [""et"", ""Sfaxi kubernerkond""], [""de"", ""Gouvernement Sfax""], [""cy"", ""Sfax (talaith)""], [""azb"", ""صفاقس""], [""frr"", ""Sfax (Guwernement)""], [""be-Latn-tarask"", ""Сфакс (вілает)""], [""ur"", ""صفاقس""], [""ru"", ""Сфакс (вилайет)""], [""th"", ""สแฟกซ์""], [""id"", ""Kegubernuran Sfax""], [""sr-Latn"", ""Sfaks""], [""sv"", ""Sfax (guvernement)""], [""tr"", ""Safakes (il)""], [""da"", ""Sfax""], [""zh-Hant"", ""斯法克斯""], [""en"", ""Sfax""], [""he"", ""ספקס (מחוז)""], [""sk"", ""Sfax""], [""az"", ""Sfaqs (vilayət)""], [""es"", ""Gobernación de Sfax""], [""sco"", ""Sfax Govrenorate""], [""be"", ""Сфакс (вілает)""], [""ja"", ""スファックス県""], [""fi"", ""Sfax (kuvernementti)""], [""ro"", ""Guvernoratul Sfax""], [""lt"", ""Sfaksas""], [""no"", ""Sfax (guvernement)""], [""sl"", ""Sfax""], [""fa"", ""صفاقس""], [""zh"", ""斯法克斯省""], [""ms"", ""Kawasan kegabenoran Sfax""], [""hu"", ""Sfax""], [""pl"", ""Gubernatorstwo Safakis""], [""ks"", ""صفاقس""], [""sh"", ""Sfax (vilajet)""]]",True,True,9.711097717285156,34.16802978515625,11.363276481628418,35.278507232666016,e9b38fc3-39b3-4d2b-82fa-4d1d4ddbc976
9ecebe38-4132-45e8-bc5a-e95f8c035325,TN,TN-51,locality,,land,أكودة الشرقية,"[[""ar"", ""أكودة الشرقية""], [""fr"", ""Akouda Est""]]",True,True,10.565181732177734,35.86566925048828,10.586620330810547,35.89226531982422,ff10411b-7cc5-4d14-b339-e03596b662a8
68bb7221-5168-42e1-b2b9-99ced41ea92c,TN,TN-51,locality,,land,النور,"[[""ar"", ""النور""], [""fr"", ""Ennour""]]",True,True,10.58934497833252,35.729209899902344,10.623374938964844,35.750694274902344,8a2a02ab-55e3-4c5c-8271-78761e3dfb61
16678d76-2b26-42f9-b16c-f76de3d09793,TN,TN-61,locality,,land,عقارب,"[[""ar"", ""عقارب""], [""fr"", ""Agareb""], [""en"", ""Agareb""]]",True,True,10.505760192871094,34.6874885559082,10.586892127990723,34.766109466552734,635e0159-a590-4dc8-91dd-b502b9b0043a
2e078c9c-8182-45da-ad6d-9ab0af8f58ec,TN,TN-51,locality,,land,الجرابعة,"[[""ar"", ""الجرابعة""], [""fr"", ""El Jarabaa""]]",True,True,10.434028625488281,35.81060791015625,10.531131744384766,35.86202621459961,2dad7781-76bc-48a4-b2b6-fd4ca14fc867
33f3a57a-6898-4518-adc2-7da95c78d61c,TN,TN-53,locality,,land,شربان,"[[""ar"", ""شربان""], [""fr"", ""Chorbane""], [""en"", ""Chorbane""]]",True,True,10.3483304977417,35.21088409423828,10.445270538330078,35.314300537109375,a056262d-7031-40c3-92b7-6d06c5a816b1
ea24f346-1cea-4cd5-b395-741a533e5e12,TN,TN-51,locality,,land,قصيبة الشط,"[[""ar"", ""قصيبة الشط""], [""fr"", ""Ksibet Ech Chott""]]",True,True,10.634566307067871,35.77091598510742,10.680338859558105,35.8073616027832,ea529147-446f-4234-ab66-8ea595860b14
36d244e2-eccf-49d8-a2c4-86b312db7e37,TN,TN-51,region,1,land,ولاية سوسة,"[[""ota"", ""سوسه""], [""bs"", ""Sousse""], [""hr"", ""Sousse""], [""ar"", ""ولاية سوسة""], [""fr"", ""Gouvernorat Sousse""], [""lv"", ""Suse""], [""uk"", ""Сус (вілаєт)""], [""ceb"", ""Gouvernorat de Sousse""], [""pt-PT"", ""Sousse""], [""pt"", ""Susa (província)""], [""cs"", ""Sousse""], [""zu"", ""Sousse Governorate""], [""el"", ""Σούσα (Κυβερνείο)""], [""it"", ""Susa""], [""ca"", ""Governació de Sussa""], [""pt-BR"", ""Sousse""], [""vi"", ""Sousse""], [""nl"", ""Sousse (gouvernement)""], [""zh-Hans"", ""苏塞""], [""bg"", ""Сус (област)""], [""ckb"", ""سوسە""], [""ko"", ""수스주""], [""et"", ""Sousse""], [""de"", ""Gouvernement Sousse""], [""cy"", ""Sousse (talaith)""], [""azb"", ""سوسه""], [""frr"", ""Sousse (Guwernement)""], [""be-Latn-tarask"", ""Сус (вілает)""], [""ur"", ""سوسہ""], [""ru"", ""Сус (вилайет)""], [""th"", ""ซูสส์""], [""id"", ""Kegubernuran Sousse""], [""sr-Latn"", ""Sus""], [""sv"", ""Sousse""], [""tr"", ""Susa ili""], [""da"", ""Sousse""], [""zh-Hant"", ""蘇塞""], [""en"", ""Sousse""], [""he"", ""סוסה (מחוז)""], [""sk"", ""Súsa""], [""es"", ""Gobernación de Susa""], [""sco"", ""Sousse Govrenorate""], [""be"", ""Сус (вілает)""], [""ja"", ""スース県""], [""fi"", ""Sousse (kuvernementti)""], [""ro"", ""Guvernoratul Sousse""], [""lt"", ""Suso vilajetas""], [""no"", ""Sousse (guvernement)""], [""sl"", ""Sousse""], [""fa"", ""سوسه""], [""zh"", ""蘇塞省""], [""ms"", ""Kawasan kegabenoran Sousse""], [""hu"", ""Sousse""], [""pl"", ""Gubernatorstwo Susa""], [""ks"", ""سوسہ""], [""sh"", ""Sousse (vilajet)""]]",True,True,10.157702445983887,35.39607620239258,10.687376022338867,36.39177322387695,fae84f7f-b0d2-41ca-8912-113cb4c3cb61
eed86a1a-d17a-4cda-9418-b8d726f78f9d,TN,TN-53,locality,,land,بوهلال علي الجنوبية,"[[""ar"", ""بوهلال علي الجنوبية""], [""fr"", ""Bouhlel Ali Sud""], [""en"", ""Bouhlal Ali El Janoubia""]]",True,True,10.62729549407959,35.34812927246094,10.715972900390625,35.42305374145508,4e5c2cf6-b814-4a3a-aee8-36ba7929ddac
c57ce791-b3de-40d2-a5b4-5fc4eec5c75f,TN,TN-61,locality,,land,بودربالة,"[[""ar"", ""بودربالة""], [""fr"", ""Bou Derbala""]]",True,True,10.80215072631836,34.847267150878906,10.920772552490234,34.92626190185547,70369576-f852-4b3a-bfe6-0a85234adcbc
7aaea70f-970b-4a90-8f10-97ef899b6d18,TN,TN-21,locality,,land,منزل حر,"[[""ar"", ""منزل حر""], [""fr"", ""Menzel Hor""], [""en"", ""Menzel Horr""]]",True,True,10.93372917175293,36.712745666503906,10.996716499328613,36.77235412597656,c102cb91-8c18-40a7-bbe7-2bc7046195be
12cc43c6-50d4-474e-9211-20ab00dcb4d3,TN,TN-61,county,2,land,قرقنة,"[[""en"", ""Kerkennah""], [""ar"", ""قرقنة""], [""fr"", ""Kerkennah""], [""it"", ""Kerkennah""]]",True,True,10.966375350952148,34.613059997558594,11.363276481628418,34.83094787597656,9f4ccca2-5fea-4b13-9592-79c943eb7892
51fd9145-911b-4746-9cba-c934f163d46f,TN,TN-21,locality,,land,خنقة الحجاج,"[[""ar"", ""خنقة الحجاج""], [""fr"", ""Khannguet el Hadjadj""], [""en"", ""Khannguet el Hadjadj""]]",True,True,10.332303047180176,36.549705505371094,10.446454048156738,36.64700698852539,0af1eb91-e6c0-499e-bc34-65fd27baa15a
915ee34e-4182-4500-b698-6afeff78966c,TN,TN-53,locality,,land,الشوارعية,"[[""ar"", ""الشوارعية""], [""fr"", ""Ech-Chouariaa""], [""en"", ""Echouaria""]]",True,True,10.730999946594238,35.401329040527344,10.797143936157227,35.46373748779297,54eed518-ea92-4770-b23e-7db8f58251f9
2cf2b679-bd73-40a9-9e8b-1bf3488a5b9c,TN,TN-53,locality,,land,الزاوية,"[[""ar"", ""الزاوية""], [""fr"", ""Ezzaouia""]]",True,True,10.68962287902832,35.272178649902344,10.727967262268066,35.33091354370117,5deba45f-0663-455d-8919-f127807f117b
e670f963-8b36-4c8a-a1a6-d15cae9115f7,TN,TN-21,locality,,land,تاكلسة الوسطى,"[[""ar"", ""تاكلسة الوسطى""], [""fr"", ""Takelsa Centre""]]",True,True,10.58847427368164,36.74312210083008,10.646556854248047,36.835914611816406,b5b22d5d-2b43-41ae-a97f-21e37602ecfe
344e3741-4358-4406-9c67-1dd21fafa563,TN,TN-61,locality,,land,مركز بوعصيدة,"[[""ar"", ""مركز بوعصيدة""], [""fr"", ""Merkez Bouassida""]]",True,True,10.751057624816895,34.771026611328125,10.77625560760498,34.79911422729492,1f0af143-6831-4c31-bb5b-bb2f30837556
b759a808-914a-413d-8a70-502c4306bacf,TN,TN-61,locality,,land,مركز السبعي,"[[""ar"", ""مركز السبعي""], [""fr"", ""Merkez Essebai""]]",True,True,10.778055191040039,34.792354583740234,10.812601089477539,34.83562469482422,892d33aa-aac2-40cc-9386-8d41e18b9251
08dd3e11-98f9-4ed0-901c-24a0e580ba2b,TN,TN-21,locality,,land,قليبية الغربية,"[[""ar"", ""قليبية الغربية""], [""fr"", ""Kelibia Ouest""]]",True,True,11.008618354797363,36.7966194152832,11.115945816040039,36.86063766479492,51f792fb-e0ba-4733-bbe1-6ccb13da6fe8
a2300367-0660-456c-836d-24e128bbe3b1,TN,TN-21,county,2,land,معتمدية منزل تميم,"[[""ar"", ""معتمدية منزل تميم""], [""fr"", ""Délégation Menzel Temime""]]",True,True,10.757946014404297,36.712745666503906,11.033204078674316,36.9000129699707,b204028e-a7c2-41ba-930a-1389b19eeb92
f6d25b26-b9e2-4abc-a2f4-3a8a68312638,TN,TN-52,locality,,land,المكنين الغربية,"[[""ar"", ""المكنين الغربية""], [""fr"", ""Moknine Ouest""]]",True,True,10.871574401855469,35.62745666503906,10.89928150177002,35.6384391784668,74e0ed7f-9c8d-4d96-9a74-95ec4eeaf744
5ae20c38-3636-4ad8-be5f-ab7f3f857b6a,TN,TN-51,county,2,land,معتمدية بوفيشة,"[[""ar"", ""معتمدية بوفيشة""], [""fr"", ""Délégation Bouficha""]]",True,True,10.314702987670898,36.15762710571289,10.531851768493652,36.39177322387695,b0124fa1-7ea9-484e-a1a5-d271101ad503
6a9589c5-f7a7-472b-a24e-f773add48ea6,TN,TN-61,locality,,land,حزق,"[[""ar"", ""‫حزق‬""], [""fr"", ""Hazeg""], [""en"", ""Hazeg""]]",True,True,10.9276704788208,34.99919509887695,11.000176429748535,35.062198638916016,2b7543fa-dce2-427f-8a8a-f19b791f5fcc
7a75f248-29ab-4e8c-8104-e5b5cc52a206,TN,TN-21,locality,,land,قرمبالية الغربية,"[[""ar"", ""قرمبالية الغربية""], [""fr"", ""Grombalia Ouest""]]",True,True,10.430960655212402,36.56882095336914,10.508279800415039,36.61893844604492,6174a87f-917f-49ff-9ff5-16ea254a8d53
d36660ae-64b0-4229-9c21-802cadd9c6b4,TN,TN-21,microhood,,land,Place de la République,"[[""ar"", ""ساحة الجمهورية""], [""fr"", ""Place de la République""]]",True,True,10.747672080993652,36.46648406982422,10.748042106628418,36.46681213378906,9eafe58e-202d-4078-9c53-47f295c44c20
10f40a71-fa7e-4842-886b-80d59d249731,TN,TN-21,locality,,land,المرازقة,"[[""ar"", ""المرازقة""], [""fr"", ""El Mrezga""]]",True,True,10.645560264587402,36.40462112426758,10.685636520385742,36.43960952758789,1592ba87-7ad0-4c59-9727-7b49e1930b40
e5ef17b6-d341-45da-8b59-b21af0a857ef,TN,TN-52,locality,,land,طبلبة,"[[""ar"", ""طبلبة""], [""fr"", ""Téboulba""]]",True,True,10.971663475036621,35.613929748535156,11.0362548828125,35.6485595703125,8d684231-c325-47f0-90ff-9aa8f155af1a
40337ea2-f433-4604-a392-a2f3cc69f0a5,TN,TN-21,county,2,land,معتمدية الحمامات,"[[""ar"", ""معتمدية الحمامات""], [""fr"", ""Délégation Hammamet""]]",True,True,10.344093322753906,36.30844497680664,10.685636520385742,36.511329650878906,98154cc5-8eb3-452d-9765-426b7955daab
dbba682d-6ad6-45e8-82d1-53992790937b,TN,TN-61,locality,,land,الخيرية,"[[""ar"", ""الخيرية""], [""fr"", ""El Khiria""]]",True,True,10.769460678100586,34.770320892333984,10.792423248291016,34.7931022644043,1c6d918e-dfbf-422b-a3bf-2706c68a1432
bea176f2-d9c8-4f84-b1b6-720368d500fc,TN,TN-51,locality,,land,أولاد محمد,"[[""ar"", ""أولاد محمد""], [""fr"", ""Ouled Mhamed""]]",True,True,10.404216766357422,35.82734298706055,10.52160358428955,35.87649917602539,54ab7814-d41f-4d98-b59a-e9ff2f72b3f0
aa969e15-a64c-4a69-ae1b-3beaec97ff0a,TN,TN-53,microhood,,land,ساحة غرة ماي,"[[""en"", ""1st May Square""], [""ar"", ""ساحة غرة ماي""], [""fr"", ""Place du 1er mai""]]",True,True,11.06849193572998,35.50257110595703,11.070615768432617,35.503395080566406,e80f3635-269b-482b-83cd-a4b90629b155
71983082-f605-4abb-933e-6f82330c22b6,TN,TN-21,locality,,land,علي بلهوان,"[[""ar"", ""علي بلهوان""], [""fr"", ""Ali Belhaouen""]]",True,True,10.970608711242676,36.77234649658203,11.02065658569336,36.80815124511719,38161b66-fc51-46d1-b785-048b8e8f914a
8068d829-4b5b-42ac-bcf7-2129d37ccb4a,TN,TN-21,locality,,land,بئر شلّوف,"[[""ar"", ""بئر شلّوف""], [""fr"", ""Bir Challouf""]]",True,True,10.673934936523438,36.44112777709961,10.731826782226562,36.4903678894043,69f0a59b-788b-4744-b690-fd206dce6954
51f8a570-7d19-4794-9f86-c61a769b33f3,TN,TN-53,locality,,land,التلالسة,"[[""ar"", ""التلالسة""], [""fr"", ""Talalsa""], [""en"", ""Telelsa""]]",True,True,10.726484298706055,35.305057525634766,10.815062522888184,35.357452392578125,a70128db-015c-4710-84c7-99bf59da79a9
0ea92e7f-05b8-4c47-a347-d2adfc5a459c,TN,TN-61,macrohood,,land,حي الزيتونة,"[[""en"", ""Hay Ezzitouna""], [""ar"", ""حي الزيتونة""], [""fr"", ""Cité Ezzitouna""]]",True,True,10.759769439697266,34.741004943847656,10.761870384216309,34.74480056762695,7b565c59-8fa4-4db5-8b99-652166f8878c
e54817ef-953b-4991-8cac-c10fad07b31d,TN,TN-61,locality,,land,الحجارة,"[[""ar"", ""‫الحجارة‬""], [""fr"", ""El Hajara""]]",True,True,10.59417724609375,35.168182373046875,10.665860176086426,35.25763702392578,1f6cedf0-cdbd-4e0a-8a40-df3c44b5ff1f
805d1e54-333d-4c37-b67d-101229708533,TN,TN-51,locality,,land,زعارنة الغربية,"[[""ar"", ""زعارنة الغربية""], [""fr"", ""Zearna Ouest""]]",True,True,10.391596794128418,35.86730194091797,10.533771514892578,35.919334411621094,41594018-9135-4a64-9048-8e7d9cbf010a
4bcd1fcb-394e-446e-8211-e72c936d3a25,TN,TN-53,locality,,land,الحوس,"[[""ar"", ""الحوس""], [""fr"", ""El Houes""]]",True,True,10.707389831542969,35.428306579589844,10.753554344177246,35.47116470336914,1c112f87-6d0e-4233-a8d8-c17f93658ec9
8b5d4c7d-190c-4e38-bf0f-aebe643482c7,TN,TN-21,locality,,land,الهادي شاكر,"[[""ar"", ""الهادي شاكر""], [""fr"", ""Hedi Chaker""]]",True,True,10.610825538635254,36.4473991394043,10.706012725830078,36.538848876953125,04a235dd-9f1a-4032-93b7-c465ebaac498
5d4d8c1c-5922-4913-b69e-c306ae244976,TN,TN-53,locality,,land,الحكايمة الشرقية,"[[""ar"", ""الحكايمة الشرقية""], [""fr"", ""El Hekaima Est""]]",True,True,10.856148719787598,35.42734909057617,10.912298202514648,35.480350494384766,c4d1c48a-5861-433f-9442-b4d1407a43cc
8d9fec26-e757-43fc-bc1a-cc215ed4bb00,TN,TN-51,locality,,land,الموردين,"[[""ar"", ""الموردين""], [""fr"", ""Moureddine""], [""en"", ""Moureddine""], [""ru"", ""Муреддин""]]",True,True,10.476770401000977,35.74873733520508,10.574661254882812,35.79087448120117,cd248dfc-bf96-4334-8c81-3fa92cf34d1d
58a33a28-b4d5-4cc7-8e25-617be424d831,TN,TN-52,locality,,land,الربط,"[[""ar"", ""الربط""], [""fr"", ""Er-Rbat""]]",True,True,10.814858436584473,35.77278137207031,10.837448120117188,35.78800964355469,18ee6ed7-7f2b-4184-a9d9-c72fa6daeb22
61f4ab87-859a-45f8-b597-ce308a3dcdd2,TN,TN-61,locality,,land,الصغار,"[[""ar"", ""الصغار""], [""fr"", ""Esghar""], [""en"", ""Esseghar""]]",True,True,10.53385066986084,34.697505950927734,10.641109466552734,34.828922271728516,a22dd29c-5977-4623-a670-47ab1f6de582
2cc073a4-ae1a-492e-bd14-6e5a491b8a17,TN,TN-53,locality,,land,القرادحةالشرقية,"[[""ar"", ""القرادحةالشرقية""], [""fr"", ""El Gradha Est""]]",True,True,10.4607515335083,35.1826286315918,10.537552833557129,35.26264190673828,052037e4-7b64-447f-8e8f-2c85d58fdd08
bacf2823-97ff-4dce-96a6-4834841ea63d,TN,TN-21,locality,,land,الأسواق,"[[""ar"", ""الأسواق""], [""fr"", ""El Asouak""]]",True,True,10.727961540222168,36.45224380493164,10.740004539489746,36.46356964111328,4b62d8c9-843d-4f93-95ae-d657b0234480
6800dfb3-74eb-4aba-9ac4-0755dd8a84ac,TN,TN-52,locality,,land,منزل النور,"[[""ar"", ""منزل النور""], [""fr"", ""Menzel Ennour""], [""en"", ""Menzel Ennour""]]",True,True,10.743844985961914,35.648704528808594,10.79937744140625,35.6812744140625,3e3acb75-22bf-4ca4-ac41-0b0e439197df
3954ffc0-409a-476c-a89e-ca6b4e459443,TN,TN-21,locality,,land,الزهراء,"[[""en"", ""Ezzahra""], [""ar"", ""الزهراء""], [""fr"", ""Ezzahra""]]",True,True,11.093429565429688,36.89598846435547,11.099859237670898,36.90800094604492,e361c8f6-096e-4225-a755-9d94cc7bb355
63267f69-cd2a-45b7-ad71-8f5d2b1832bd,TN,TN-51,locality,,land,الجديدين,"[[""ar"", ""الجديدين""], [""fr"", ""Jedidine""]]",True,True,10.55514144897461,35.735076904296875,10.592798233032227,35.783912658691406,a6b6a6f6-f180-416f-8cfa-08edd0252271
6478cfba-6f0e-4b6a-949f-5e7bdbafbd7a,TN,TN-53,locality,,land,الكساسبة,"[[""ar"", ""الكساسبة""], [""fr"", ""El Kesasba""], [""en"", ""Ksesba""]]",True,True,10.56091594696045,35.34048843383789,10.672127723693848,35.43017578125,396ad28f-809c-478b-984f-6cdd79cfa518
89a61e4b-46af-48f9-9f88-190d250cbefe,TN,TN-21,neighborhood,,land,Les Deux Oueds,,True,True,10.687851905822754,36.42833709716797,10.697766304016113,36.43287658691406,81312dbf-96be-449f-a529-97c84c953327
15c6d1f4-b5a9-4faf-ae7a-b552620225a6,TN,TN-52,locality,,land,صيادة الشرقية,"[[""ar"", ""صيادة الشرقية""], [""fr"", ""Sayada Est""]]",True,True,10.886760711669922,35.657535552978516,10.934000015258789,35.676429748535156,01d81ea8-48fb-4d32-9b2a-4d635218d630
3936ace5-3776-4a7d-8b81-c4294a5e3aca,TN,TN-51,locality,,land,بوفيشة,"[[""ar"", ""بوفيشة""], [""fr"", ""Bouficha""], [""en"", ""Bouficha""]]",True,True,10.421120643615723,36.286041259765625,10.499153137207031,36.330326080322266,7fef5608-f6c3-41a2-a439-fd69243fc8b1
0d80ca5c-d284-4c10-9159-50817919fb6a,TN,TN-52,locality,,land,عميرة الفحول,"[[""ar"", ""عميرة الفحول""], [""fr"", ""Amiret El Fehoul""], [""en"", ""Amirat Fehoul""]]",True,True,10.781343460083008,35.4227409362793,10.8473539352417,35.50947570800781,626aa393-d81b-427f-9b46-ef1bbdb4a490
642508c4-e1d3-4f79-901e-1ecd791b790a,TN,TN-52,locality,,land,المدينة,"[[""en"", ""Al Madina""], [""ar"", ""المدينة""], [""fr"", ""El Medina""], [""de"", ""Al-Madina""]]",True,True,10.826443672180176,35.76462173461914,10.84104061126709,35.77501678466797,1eff7a0c-fef6-4a11-8c84-24dbbfe57912
522adb33-85e8-4698-a576-88e0c73676ba,TN,TN-21,locality,,land,العيور,"[[""en"", ""Al Oyour""], [""ar"", ""العيور""], [""fr"", ""Al Oyour""]]",True,True,10.748003959655762,36.76808166503906,10.755337715148926,36.77219009399414,6dcbbfcd-5fdc-4135-84a0-c5e18f79282f
823d6c5e-2054-4b72-bb63-f8bf4475fbbf,TN,TN-52,locality,,land,باب الغربي,"[[""ar"", ""باب الغربي""], [""fr"", ""Bab El Gharbi""]]",True,True,10.80178165435791,35.76274871826172,10.835447311401367,35.776920318603516,c6c5e7d3-10c1-414f-84bf-2898f8359c0c
70d64769-01d3-4a16-b550-12edbbc0a30e,TN,TN-53,locality,,land,السعادة,"[[""ar"", ""السعادة""], [""fr"", ""Essaada""], [""en"", ""Essaada""]]",True,True,10.79387378692627,35.327518463134766,10.857935905456543,35.396793365478516,36f2aeab-2f9d-4820-b60b-6d9dde9e6c85
d80d46df-5897-49c4-83f1-e223737b47d1,TN,TN-61,locality,,land,سيدي عباس,"[[""ar"", ""سيدي عباس""], [""fr"", ""Sidi Abbes""]]",True,True,10.718171119689941,34.75157165527344,10.744781494140625,34.76939010620117,a28bf261-8b9c-4021-9a21-aed3d1393504
820e67fd-c92b-40fd-9169-fa81e622f887,TN,TN-51,locality,,land,الشقارنية,"[[""ar"", ""الشقارنية""], [""fr"", ""Chgarnia""]]",True,True,10.359549522399902,36.13485336303711,10.467123031616211,36.190860748291016,bc845902-2641-4873-a427-87743802f21e
45763ed4-4fbb-4257-a676-f616e619b532,TN,TN-51,locality,,land,المدينة,"[[""ar"", ""المدينة""], [""fr"", ""El Medina""], [""es"", ""Almedina""]]",True,True,10.634501457214355,35.819583892822266,10.641397476196289,35.8288688659668,ec4fa6ba-2ee5-44f4-88f4-24fd1553192b
6a13ae8e-47ef-4350-afd9-b7c9fae46261,TN,TN-53,locality,,land,بن حسين,"[[""ar"", ""بن حسين""], [""fr"", ""Ben Hssine""]]",True,True,10.916854858398438,35.18494415283203,11.005216598510742,35.271080017089844,268973a2-7c1b-4968-b869-f606e5bc4460
409e641c-65b9-4de4-ac4f-b4ead01dee9d,TN,TN-51,county,2,land,معتمدية مساكن,"[[""ar"", ""معتمدية مساكن""], [""fr"", ""Délégation Msaken""]]",True,True,10.381155967712402,35.55683898925781,10.648502349853516,35.79087448120117,4424a8b8-76bc-437b-9565-0da95921ee7f
5b10032b-8ede-4cd8-96ae-25f513ac6f26,TN,TN-51,locality,,land,بني كلثوم,"[[""ar"", ""بني كلثوم""], [""fr"", ""Beni Khaltoum""], [""en"", ""Beni Kalthoum""]]",True,True,10.577038764953613,35.63905715942383,10.638623237609863,35.711204528808594,8c0e7516-d7f0-4ac9-b78a-35863f522833
6a030bb8-8e33-4653-8236-9ae9c8caf3dc,TN,TN-51,locality,,land,النقر,"[[""ar"", ""النقر""], [""fr"", ""Ennagr""]]",True,True,10.458970069885254,35.78260040283203,10.53773021697998,35.821537017822266,db693efd-265a-4450-aaf0-c6c7aa58876a
5b22544b-2f20-47d5-a048-74994e7de367,TN,TN-61,locality,,land,حي البحري,"[[""ar"", ""حي البحري""], [""fr"", ""Cité El Bahri""]]",True,True,10.695436477661133,34.7199821472168,10.718162536621094,34.73497009277344,7a1241e7-c55a-4b11-acb2-7434156a6587
2fc00ad7-c85f-42ae-81c0-348c6194bc82,TN,TN-21,locality,,land,الفهري,"[[""ar"", ""الفهري""], [""fr"", ""El Fehri""]]",True,True,10.74474811553955,36.44428634643555,10.770938873291016,36.462493896484375,5e7a76af-2063-4f2b-80fd-b61845d33dca
6e1d3e61-ca45-40c1-a99c-d0031b384e7b,TN,TN-53,locality,,land,منزل حمزة,"[[""ar"", ""منزل حمزة""], [""fr"", ""Menzel Hamza""]]",True,True,10.778236389160156,35.37860870361328,10.8513765335083,35.439186096191406,bd478df5-1d39-4d8d-b3d7-a5f056578421
8640ace3-bd04-4e45-803d-990ad3b42622,TN,TN-21,locality,,land,فرطونة,"[[""ar"", ""فرطونة""], [""fr"", ""Fartouna""]]",True,True,10.734538078308105,36.728816986083984,10.82460880279541,36.79298400878906,7fc8a798-d96b-4743-b56e-df8696bda1ef
62d2477f-e8bb-46fc-96c3-08bce8589aae,TN,TN-21,locality,,land,لبنة,"[[""ar"", ""لبنة""], [""fr"", ""Lebna""], [""en"", ""Lebna""]]",True,True,10.893959045410156,36.688289642333984,10.963525772094727,36.736576080322266,14988121-9b43-46ae-b6e5-b6eaee955672
dba0f5eb-af7e-4496-8093-3108a51a860b,TN,TN-52,locality,,land,بنبلة,"[[""ar"", ""بنبلة""], [""fr"", ""Bembla""]]",True,True,10.762785911560059,35.691673278808594,10.819711685180664,35.71368408203125,b513d4c3-552e-427b-9792-0c74a962dc5d
3cd2d9c6-4e07-4808-9103-21bf52d68fde,TN,TN-61,locality,,land,سيدي صالح,"[[""ar"", ""سيدي صالح""], [""fr"", ""Sidi Salah""], [""en"", ""Sidi Salah""]]",True,True,10.68198013305664,34.84348678588867,10.772083282470703,34.95089340209961,810707ab-5753-45a5-95ab-450cc294b039
6f8199b0-7f90-4835-90dc-2ccf9534b93b,TN,TN-51,locality,,land,سيدي بو علي,"[[""ar"", ""سيدي بو علي""], [""fr"", ""Sidi Bou Ali""], [""en"", ""Sidi Bou Ali""], [""nl"", ""Sidi Bou Ali""]]",True,True,10.45026683807373,35.93553161621094,10.539657592773438,35.98419952392578,83c1cb4b-d884-4a60-ab09-fc4a05caade4
515da95f-e84f-4413-ad7e-50fccbdf1239,TN,TN-51,locality,,land,الطيب المهيري,"[[""ar"", ""الطيب المهيري""], [""fr"", ""Taieb Mhiri""]]",True,True,10.614309310913086,35.79616928100586,10.636859893798828,35.82212448120117,4b089475-2051-45e4-90bf-64333c422812
12d7f1da-0454-4b7c-a88f-c15af9cc1241,TN,TN-52,locality,,land,بني حسان القبلية,"[[""ar"", ""بني حسان القبلية""], [""fr"", ""Beni Hassen Sud""]]",True,True,10.779898643493652,35.51462936401367,10.851958274841309,35.5927734375,593274eb-8aef-4c47-9566-fa0a0e6ebb14
442c7331-3599-4b60-9b54-947d7122e4f7,TN,TN-51,locality,,land,محمد معروف,"[[""ar"", ""محمد معروف""], [""fr"", ""Mohamed Maarouf""]]",True,True,10.631486892700195,35.820735931396484,10.652277946472168,35.83522033691406,fe17b93c-00af-4370-81fb-54e87d001342
61e77805-c781-4651-97eb-acb83e65f0dc,TN,TN-51,locality,,land,علي بلهوان,"[[""ar"", ""علي بلهوان""], [""fr"", ""Ali Belhaouen""]]",True,True,10.635831832885742,35.807106018066406,10.652730941772461,35.82490539550781,c408dbe9-8b2f-4951-b0bf-804c3f345de7
b8b23abf-de17-4c53-be41-98d0005df91f,TN,TN-52,locality,,land,منزل حياة,"[[""ar"", ""منزل حياة""], [""fr"", ""Menzel Hayet""], [""en"", ""Menzel Hayet""]]",True,True,10.591487884521484,35.474369049072266,10.652059555053711,35.566104888916016,deec704d-4da1-404b-8ff2-64b787c749a8
961deba8-51be-4315-a112-0eae465e44a2,TN,TN-52,locality,,land,الفضلين,"[[""ar"", ""الفضلين""], [""fr"", ""El Fadhline""]]",True,True,10.971663475036621,35.62197494506836,11.00667953491211,35.6485595703125,a62e5dbd-1190-443a-ae16-d56af560325d
278f7867-b405-49c2-adb1-0384904034f5,TN,TN-21,county,2,land,معتمدية سليمان,"[[""ar"", ""معتمدية سليمان""], [""fr"", ""Délégation Soliman""]]",True,True,10.40379524230957,36.634803771972656,10.613699913024902,36.86399841308594,9b4a8a6c-034d-4b0f-8c15-f924c463f098
fdfcb6ea-990b-4a5e-8c69-448a66762d18,TN,TN-21,locality,,land,سيدي بوعلي,"[[""en"", ""Sidi Bouali""], [""ar"", ""سيدي بوعلي""], [""fr"", ""Sidi Bouali""]]",True,True,10.759683609008789,36.76701736450195,10.773722648620605,36.775821685791016,5ba445e9-cb7c-4717-8216-abba782b4843
f74721e7-bb9c-4550-bc4e-fb784b1ddfb9,TN,TN-52,locality,,land,قصيبة المديوني,"[[""ar"", ""قصيبة المديوني""], [""fr"", ""Ksibet El Mediouni""], [""en"", ""Ksibet El Mediouni""]]",True,True,10.810131072998047,35.67306900024414,10.868438720703125,35.697593688964844,783f1673-9593-4064-95ae-afaff3f7af82
84799364-e1ab-4540-a033-2549461e6c34,TN,TN-52,county,2,land,معتمدية الساحلين,"[[""ar"", ""معتمدية الساحلين""], [""fr"", ""Délégation Sahline""]]",True,True,10.667500495910645,35.70173263549805,10.776908874511719,35.781349182128906,99ef139d-fd7d-4321-a5c7-7bce85edbdc6
c27878cd-683c-404b-8005-592c356828d3,TN,TN-61,microhood,,land,place de culture,,True,True,10.760143280029297,34.7320556640625,10.760708808898926,34.73261642456055,a9029fd5-ff7a-4625-8104-e99419894491
69372b97-5571-4c3b-9561-211ba4d593d7,TN,TN-21,locality,,land,واد العبيد,"[[""ar"", ""واد العبيد""], [""fr"", ""Oued Laâbid""]]",True,True,10.6592378616333,36.803443908691406,10.80884838104248,36.91032791137695,2e6ec220-b3c2-47e2-9401-8ee09a437532
8216f5d1-d831-462e-88a2-70a2efa742df,TN,TN-61,locality,,land,مركز الباشا,"[[""ar"", ""مركز الباشا""], [""fr"", ""Merkez El Bacha""]]",True,True,10.74153995513916,34.75358581542969,10.75763988494873,34.771636962890625,31294c65-6528-43d3-b191-6d33ee19009b
c859ef45-d496-43a1-8f31-7da8701237dd,TN,TN-51,locality,,land,بير موسى,"[[""ar"", ""بير موسى""], [""fr"", ""Bir Moussa""]]",True,True,10.589654922485352,35.85530471801758,10.613816261291504,35.873172760009766,8503912c-0009-4d3b-a068-842b29232d4a
fbee4655-2c8b-4b08-94b0-83f397a49d39,TN,TN-21,locality,,land,بير بورقبة,"[[""ar"", ""بير بورقبة""], [""fr"", ""Bir Bouregba""]]",True,True,10.49577808380127,36.41778564453125,10.615836143493652,36.49412155151367,26dbcbfc-f756-442b-a272-bd9922c674e8
891ddf0b-fa95-4724-b197-ee40ef2f3bbd,TN,TN-21,county,2,land,معتمدية قرمبالية,"[[""ar"", ""معتمدية قرمبالية""], [""fr"", ""Délégation Grombalia""]]",True,True,10.332303047180176,36.482765197753906,10.58154010772705,36.701290130615234,b2d91260-d902-464b-9f25-4224169a08fc
8a3e2acd-db88-4aa1-8f0a-ec253f6b7075,TN,TN-53,locality,,land,بومرداس,"[[""ar"", ""بومرداس""], [""fr"", ""Bou Merdes""]]",True,True,10.680360794067383,35.432708740234375,10.74226188659668,35.48926544189453,5ab22014-27ee-48c6-9bae-642691c189c5
73d30970-a59f-4c8c-a1af-4376fbaea165,TN,TN-21,locality,,land,طيب مهيري,"[[""ar"", ""طيب مهيري""], [""fr"", ""Taieb Mhiri""]]",True,True,10.980072975158691,36.75458908081055,11.033204078674316,36.80266571044922,67a97fb7-78cb-4dad-8048-b7d4b617b059
0468d8c9-0aa3-4e6d-b168-03b0ec3f56d2,TN,TN-61,locality,,land,بلطش,"[[""ar"", ""‫بلطش‬""], [""fr"", ""Baltech""]]",True,True,10.797335624694824,35.05463409423828,10.906579971313477,35.1473503112793,d6b60dd8-ad82-4bc8-88dc-bd2cc2bac0c8
8db17025-15c6-4c4b-97e1-a26f600bc56a,TN,TN-61,locality,,land,الأنس,"[[""ar"", ""الأنس""], [""fr"", ""El Ons""]]",True,True,10.737287521362305,34.81869888305664,10.764845848083496,34.8455924987793,c459d6f1-68a4-462a-9b96-911a06acd806
8193acd9-92a5-4e2c-806e-7549de2a9997,TN,TN-51,locality,,land,القنطاوي,"[[""ar"", ""القنطاوي""], [""fr"", ""El Kantaoui""]]",True,True,10.569068908691406,35.86635971069336,10.605677604675293,35.91633987426758,1870b108-7f07-4b41-b033-249f64a670e4
a418e615-d240-4721-9167-4c311d44a5b8,TN,TN-52,locality,,land,لمطة,"[[""ar"", ""لمطة""], [""fr"", ""Lamta""], [""azb"", ""لمطه""], [""en"", ""Lamta""], [""fa"", ""لمطه""]]",True,True,10.869926452636719,35.66097640991211,10.890199661254883,35.67878341674805,f74ed420-d8bf-4719-bf92-0936ab888391
ca078819-be51-4f66-be9f-9bda5856569a,TN,TN-21,locality,,land,قرنبالية الشرقية,"[[""ar"", ""قرنبالية الشرقية""], [""fr"", ""Grombalia Est""]]",True,True,10.488265991210938,36.584877014160156,10.545045852661133,36.667625427246094,b303fe6a-d414-4e90-80a9-e98cb992e33a
a7fef836-6806-4677-89b1-a0460aa2c239,TN,TN-53,microhood,,land,ساحة الإستقلال,"[[""en"", ""Independence Square""], [""ar"", ""ساحة الإستقلال""], [""fr"", ""Place de l'Indépendance""]]",True,True,11.0635404586792,35.504638671875,11.063822746276855,35.50484848022461,785ad1bf-da4e-4c83-84c7-3a6395e7c14c
0d861eeb-ea54-482a-a761-fa354f0ace03,TN,TN-52,locality,,land,منزل خير,"[[""ar"", ""منزل خير""], [""fr"", ""Menzel Khair""], [""en"", ""Menzel Khir""]]",True,True,10.693897247314453,35.67251968383789,10.72400188446045,35.7096061706543,fc922d4e-933e-4193-9152-4413fc368ff2
736cfa21-8ede-4b27-8207-a659d757ebdc,TN,TN-21,locality,,land,بو اليدين,"[[""ar"", ""بو اليدين""], [""fr"", ""Bou Lidine""]]",True,True,10.759499549865723,36.57695007324219,10.837883949279785,36.637115478515625,0c68cab3-f312-4898-a2ef-4ee998d9d4f3
a836abcc-e32b-4a79-b16b-4b3076ba4234,TN,TN-21,locality,,land,ازمور,"[[""en"", ""Azmour""], [""ar"", ""ازمور""], [""fr"", ""Azmour""]]",True,True,10.998373985290527,36.91614532470703,11.017219543457031,36.93001937866211,99ace562-f2b9-42fe-8c7e-1d1bf35c12ae
4dc8fdd3-5e6f-4a17-ad5e-8c0132100759,TN,TN-51,locality,,land,الفرادي,"[[""ar"", ""الفرادي""], [""fr"", ""El Fradi""]]",True,True,10.494634628295898,35.55683898925781,10.538921356201172,35.61739730834961,252302e1-b8db-4fb5-97ec-42f5e7e231f8
981964a3-938d-4a62-bc28-c72530a8ef90,TN,TN-21,locality,,land,كركوان,"[[""he"", ""כרכואן""], [""en"", ""Kerkouene""], [""ar"", ""كركوان""], [""fr"", ""Kerkouene""]]",True,True,11.071831703186035,36.951629638671875,11.090577125549316,36.966835021972656,7498e8a8-edf4-4517-bc83-cc245ca037f8
29247a64-a4f2-4c87-8311-37fea7b53aa2,TN,TN-52,microhood,,land,ساحة الزعيم الحبيب بورقيبة,"[[""ar"", ""ساحة الزعيم الحبيب بورقيبة""], [""fr"", ""Chef carré Habib Bourguiba""], [""it"", ""Leader quadrato Habib Bourguiba""], [""de"", ""Platz führer Habib Bourguiba""], [""en"", ""Square leader Habib Bourguiba""], [""hu"", ""Habib Bourguiba elnök tér""]]",True,True,10.831015586853027,35.77482604980469,10.832509994506836,35.77597427368164,1f214210-1021-4277-9e9e-84e1b71faa57
63bfdcb2-b54a-4ca5-8e19-1b700ad5c398,TN,TN-53,locality,,land,الشحيمات الجنوبية,"[[""ar"", ""الشحيمات الجنوبية""], [""fr"", ""Echahimet Sud""]]",True,True,10.39790153503418,35.3648681640625,10.560917854309082,35.45354080200195,2a9c0646-f7c7-4263-9a61-e7365130c673
0b84c256-5d15-4f77-a6b2-8437a765f70d,TN,TN-21,locality,,land,النور,"[[""ar"", ""النور""], [""fr"", ""Ennour""]]",True,True,10.698211669921875,36.456478118896484,10.743060111999512,36.49486541748047,c4ab9c4e-fbfc-4c7a-824a-3934ff7e9279
7f282f7a-d615-42aa-8918-019bb2f86ff7,TN,TN-51,county,2,land,معتمدية سوسة المدينة,"[[""ar"", ""معتمدية سوسة المدينة""], [""fr"", ""Délégation Sousse Medina""], [""es"", ""Delegación Susa Medina""]]",True,True,10.602293968200684,35.807106018066406,10.652730941772461,35.86531066894531,0d75bfd2-4c37-4167-aa36-b65000bfe643
8cda5021-5952-4c12-806e-6a6ab7b26850,TN,TN-53,locality,,land,البرادعة الجنوبية,"[[""ar"", ""البرادعة الجنوبية""], [""fr"", ""El Bradaa Sud""]]",True,True,10.945677757263184,35.29115676879883,11.044992446899414,35.36854553222656,945f2e2d-c1fa-416d-927b-f695f774d0c5
81de4255-1d7e-44e8-b889-36bfb6d157c6,TN,TN-61,locality,,land,بئر الشعبة,"[[""ar"", ""بئر الشعبة""], [""fr"", ""Bir Echaaba""], [""en"", ""Bir Chaaba""]]",True,True,10.677874565124512,34.994537353515625,10.752272605895996,35.11112976074219,5798c9f3-8758-42ac-a7e5-06e0a3dec17a
d042ab23-62c7-4d4a-9663-6f6f84fe7fef,TN,TN-53,locality,,land,شيبة,"[[""ar"", ""شيبة""], [""fr"", ""Chiba""], [""en"", ""Chiba""]]",True,True,10.915860176086426,35.491207122802734,10.981487274169922,35.54317855834961,5e500754-03db-4d4c-bfda-4d6781ecbf15
7b370500-cc51-4551-ba19-191086c14626,TN,TN-61,county,2,land,معتمدية العامرة,"[[""ar"", ""معتمدية العامرة""], [""fr"", ""Délégation El Amra""]]",True,True,10.79455280303955,34.847267150878906,10.970597267150879,35.028411865234375,89619e3c-e8f6-4660-ad33-0137ba2b2045
5d39dc53-fea6-4d00-bc56-a5267dc04b5d,TN,TN-53,microhood,,land,بطحاء سيدي مطير,"[[""en"", ""Sidi Mtir""], [""ar"", ""بطحاء سيدي مطير""], [""fr"", ""Sidi Mtir""]]",True,True,11.067914962768555,35.50334167480469,11.068442344665527,35.503971099853516,9e8885ee-302a-4b73-9757-06b5b89dbdb2
94151d46-68e6-49f9-948a-8058795e1dc8,TN,TN-52,locality,,land,جمال الغربية,"[[""ar"", ""جمال الغربية""], [""fr"", ""Jammel Ouest""]]",True,True,10.720027923583984,35.584354400634766,10.762239456176758,35.623779296875,5750a6bf-7ee6-4856-afe6-468c57dc0706
23efd30b-5ee1-483a-9280-397b22306d64,TN,TN-21,locality,,land,عين طبرنق,"[[""ar"", ""عين طبرنق""], [""fr"", ""Ain Tebournok""]]",True,True,10.37778377532959,36.487247467041016,10.500285148620605,36.577423095703125,056b57d0-5f0e-4cd0-8764-d320f504c3d8
f6df3bac-e1a4-48a0-bf77-199bfb04a6c1,TN,TN-61,microhood,,land,ساحة حقوق الإنسان,"[[""en"", ""Human Rights Square""], [""ar"", ""ساحة حقوق الإنسان""], [""fr"", ""Place des Droits de l'Homme""]]",True,True,10.762886047363281,34.73213195800781,10.763952255249023,34.73289108276367,525e2721-d755-4f66-936d-6654b0bee651
2190c53e-6a20-44af-be9a-156e57e9d084,TN,TN-51,locality,,land,الغرابي,"[[""ar"", ""الغرابي""], [""fr"", ""El Gharabi""]]",True,True,10.572335243225098,35.84868240356445,10.590719223022461,35.86226272583008,01ea1952-7ac9-46c6-9cdc-be5ac3e26ad8
3034a9ae-b799-4b41-831b-90a3d84fbc77,TN,TN-61,locality,,land,العجانقة,"[[""ar"", ""‫العجانقة‬""], [""fr"", ""El Ajenga""], [""en"", ""El Ajenga""]]",True,True,10.849501609802246,35.079471588134766,10.941854476928711,35.18866729736328,803f095f-734f-45d7-9837-477e785a9ea6
6c3921b6-675a-4a4a-80d8-65cd635e00fa,TN,TN-21,locality,,land,الفرينين,"[[""ar"", ""الفرينين""], [""fr"", ""El Frinine""]]",True,True,10.622162818908691,36.518245697021484,10.696894645690918,36.59187316894531,d961db22-3f2c-460f-b4dc-e00997a2818a
474ad166-6905-484b-ac5c-f491b5f7b4de,TN,TN-21,locality,,land,صاحب الجبل جنوبية,"[[""ar"", ""صاحب الجبل جنوبية""], [""fr"", ""Saheb El Jebel Sud""]]",True,True,10.909180641174316,36.93168258666992,11.019301414489746,37.00461196899414,55620642-f61e-4af8-8e8a-3b96873056fb
4ecd0e17-2e1e-491d-b662-752cbb9e391d,TN,TN-21,locality,,land,بني خيار,"[[""ar"", ""بني خيار""], [""fr"", ""Beni Khiar""], [""en"", ""Béni Khiar""], [""uk"", ""Бені-Х'яр""]]",True,True,10.694860458374023,36.449424743652344,10.802515983581543,36.56639862060547,e7ed52f8-3ad5-4759-81da-ebb902167fe1
72049f0c-4faf-441d-85c6-6f863d129b3c,TN,TN-53,locality,,land,الزراطة,"[[""ar"", ""الزراطة""], [""fr"", ""Zerata""]]",True,True,10.653068542480469,35.40995407104492,10.70837688446045,35.463645935058594,94dd51bb-c042-4847-9955-7f6cf4584c07
4760d051-f9cb-4c94-9eef-eb152be4d9c9,TN,TN-52,locality,,land,زاوية قنطش,"[[""ar"", ""زاوية قنطش""], [""fr"", ""Zaouiet Kontoch""]]",True,True,10.723023414611816,35.62812805175781,10.803937911987305,35.66572189331055,4fc3c2aa-cc14-411c-b869-7d6d4dbab010
bf2857da-fc08-4507-8569-0acb882ea9a2,TN,TN-61,locality,,land,العطايا,"[[""ar"", ""العطايا""], [""fr"", ""El Attaya""], [""en"", ""El Attaya""]]",True,True,11.255095481872559,34.7215690612793,11.305011749267578,34.75917434692383,6c212a85-ac3d-4fb5-8417-d72eb9cc7670
d410ed23-4c3f-4f26-a7d2-dfdc9859998f,TN,TN-21,locality,,land,سيدي الظاهر,"[[""ar"", ""سيدي الظاهر""], [""fr"", ""Sidi Dhaher""], [""en"", ""Sidi Dhaher""]]",True,True,10.535215377807617,36.536495208740234,10.57978630065918,36.5692138671875,210e445a-38c7-4e18-9ab9-0abc1464fbef
f212122e-f07f-4262-96cb-a79ce54ac04b,TN,TN-51,locality,,land,التوارة الشمالية,"[[""ar"", ""التوارة الشمالية""], [""fr"", ""Ettouara Nord""]]",True,True,10.588896751403809,35.7419548034668,10.611271858215332,35.75395584106445,805b2237-e72e-43dd-9d44-2e4722fa9351
130b1a60-abd3-43b1-9811-00c5c1b353fa,TN,TN-21,locality,,land,بو كريم,"[[""ar"", ""بو كريم""], [""fr"", ""Bou Krim""]]",True,True,10.854500770568848,36.89888381958008,10.961814880371094,37.00128936767578,653c8569-49c8-4930-8664-d24d8f7aa749
44f0346b-2e6a-4f4e-9ece-4e10b036c382,TN,TN-52,locality,,land,العيايشة,"[[""ar"", ""العيايشة""], [""fr"", ""El Aïaïcha""]]",True,True,10.932784080505371,35.61545944213867,10.979156494140625,35.64183807373047,6e45846e-5a36-4282-8c22-197600da8bf2
96eaa767-2a31-442b-bc4d-744621a64acd,TN,TN-21,county,2,land,معتمدية قربة,"[[""ar"", ""معتمدية قربة""], [""fr"", ""Délégation Korba""]]",True,True,10.694944381713867,36.50871658325195,10.917745590209961,36.702735900878906,a7943422-d95a-4953-a80b-b2f183804131
9b03c5c6-0fa6-4d80-bd9d-0ea6c0f2a57c,TN,TN-53,locality,,land,ملولش,"[[""ar"", ""ملولش""], [""fr"", ""Melloulech""], [""en"", ""Melloulèche""]]",True,True,10.968364715576172,35.100704193115234,11.086841583251953,35.18391036987305,46abe2db-0d2e-4857-b0f2-1fb57003b9fd
8e93068e-a554-44ea-848c-d90d23f61fdc,TN,TN-61,locality,,land,النجاة,"[[""ar"", ""النجاة""], [""fr"", ""Ennajet""], [""en"", ""Ennajet""]]",True,True,11.228520393371582,34.749610900878906,11.286454200744629,34.801822662353516,4dab8998-4926-40f2-aa27-c9bc31e62dbb
1e12659f-7dc8-4a15-bad1-552fd1a3c115,TN,TN-51,locality,,land,البرجين,"[[""ar"", ""البرجين""], [""fr"", ""Borjine""]]",True,True,10.496390342712402,35.59680938720703,10.61886978149414,35.672664642333984,0be61407-f31b-4084-9402-4050ad2094e2
1e484f82-369f-49c7-9cc7-426ecd0e1078,TN,TN-53,microhood,,land,بطحاء سيدي بن عيسى,"[[""en"", ""Sidi Benaissa""], [""ar"", ""بطحاء سيدي بن عيسى""], [""fr"", ""Sidi Benaissa""]]",True,True,11.071860313415527,35.50504684448242,11.072036743164062,35.50521469116211,64793891-c676-4bbf-b22e-d69a5fb97239
3bb12a4d-f0f4-45db-ba53-f45575b3882d,TN,TN-51,locality,,land,سهلول,"[[""ar"", ""سهلول""], [""fr"", ""Sahloul""]]",True,True,10.583038330078125,35.825286865234375,10.616353034973145,35.84577941894531,4fb4b99b-7124-4cac-a05a-686340877266
5935fc9d-c2f2-4a7b-954b-4d0689b373c9,TN,TN-21,locality,,land,الميدة,"[[""ar"", ""الميدة""], [""fr"", ""El Mida""], [""en"", ""Al Mida""], [""de"", ""Al-Mida""]]",True,True,10.80092716217041,36.702064514160156,10.896224975585938,36.778785705566406,43d73a03-e04d-498d-a70e-d25ec31529e9
0c1e59d7-5023-4c87-a314-1a6f5d0f33f2,TN,TN-53,locality,,land,البساتين,"[[""ar"", ""البساتين""], [""fr"", ""El Bassatine""]]",True,True,10.864989280700684,35.37617874145508,10.917760848999023,35.41322326660156,876ff9be-107f-49ad-b53d-ccafb1511f69
832832ec-0cdf-4fd3-b8ad-27f7331d1b29,TN,TN-61,locality,,land,حي بورقيبة,"[[""ar"", ""حي بورقيبة""], [""fr"", ""Cité Bourguiba""]]",True,True,10.780905723571777,34.75038528442383,10.815679550170898,34.77886199951172,746f1157-946b-41bf-af00-0735fe292bbf
fc4c6bd5-4279-471f-a856-cb3869af1394,TN,TN-51,locality,,land,المسعدين,"[[""ar"", ""المسعدين""], [""fr"", ""El Messaadine""], [""en"", ""Messadine""]]",True,True,10.58096981048584,35.750892639160156,10.622262954711914,35.779701232910156,8be3b325-1c87-4fa6-ac39-ef3dff7a1d14
e1bf763b-aea7-44fa-82c5-7d32e443828f,TN,TN-52,locality,,land,الحلية 2,"[[""ar"", ""الحلية 2""], [""fr"", ""El Halia 2""]]",True,True,10.760049819946289,35.7264404296875,10.822090148925781,35.76938247680664,c437f7be-7234-4ba5-bb13-cfe109a12a55
02d839f3-7ef4-49ce-860b-7f9a3bacd54a,TN,TN-52,locality,,land,المزاوغة,"[[""ar"", ""المزاوغة""], [""fr"", ""Mezaougha""]]",True,True,10.523077964782715,35.540470123291016,10.61788272857666,35.64982604980469,81b8326a-3528-460f-aa27-ad3fb3f40ffd
4b8b25bd-b61c-4d9f-8533-0b17095c1c06,TN,TN-53,county,2,land,معتمدية الجم,"[[""ar"", ""معتمدية الجم""], [""fr"", ""Délégation El Jem""]]",True,True,10.581320762634277,35.21382141113281,10.857759475708008,35.412933349609375,566b0e11-604e-4eed-b68b-874193d677ba
fb115260-be62-44ad-8d68-3379468027d2,TN,TN-51,locality,,land,وريمة,"[[""ar"", ""وريمة""], [""fr"", ""Ouremma""]]",True,True,10.437828063964844,35.908992767333984,10.489348411560059,35.94484329223633,3ec9917b-7313-4eb9-8680-920132df9fff
94b454d1-871d-4e86-bdb0-eabab34e3b28,TN,TN-13,locality,,land,برج السدرية,"[[""ar"", ""برج السدرية""], [""fr"", ""Borj Cedria""], [""en"", ""Borj Cédria, Tunisia""]]",True,True,10.361162185668945,36.64481735229492,10.418740272521973,36.717613220214844,be868e7a-eb45-4c9a-a719-ef0fbf21e14d
58715d10-c61a-43d6-94c3-c18f971a4fa1,TN,TN-52,locality,,land,عميرة التوزارة الجنوبية,"[[""ar"", ""عميرة التوزارةالجنوبية""], [""fr"", ""Amiret Touazra Sud""]]",True,True,10.754866600036621,35.46034622192383,10.782203674316406,35.484375,7e5efc5b-234d-40a5-909a-49269a1e33b0
c65b7fac-8f0b-42dd-a713-fc538aafc751,TN,TN-61,locality,,land,سيدي ليتيم,"[[""en"", ""Sidi Litayem""], [""ar"", ""سيدي ليتيم""], [""fr"", ""Sidi Litayem""]]",True,True,10.490805625915527,34.93576431274414,10.522953033447266,34.95732116699219,5df55e46-ea2d-4021-b9f5-f7c7d0430f4d
d43be3ef-09e0-4d01-a7f2-e6121ac0ca46,TN,TN-52,locality,,land,البقالطة الشرقية,"[[""ar"", ""البقالطة الشرقية""], [""fr"", ""Bekalta Est""]]",True,True,11.005467414855957,35.58848190307617,11.049903869628906,35.64360809326172,952bc333-0cc1-492d-932c-8d1671037838
694ad72b-ad09-4769-abd9-66cce256b33f,TN,TN-61,locality,,land,الحنشة,"[[""ar"", ""الحنشة""], [""fr"", ""El Hencha""], [""en"", ""El Hencha""]]",True,True,10.652297019958496,35.05131530761719,10.829225540161133,35.18843460083008,66022db3-aeeb-4489-a070-714a59b3849a
9af06893-fc90-4c3b-9024-4e356810a7fd,TN,TN-53,locality,,land,الرشارشة,"[[""ar"", ""الرشارشة""], [""fr"", ""Recharcha""], [""en"", ""Erracharcha""]]",True,True,10.929966926574707,35.24888229370117,11.002883911132812,35.312625885009766,1dce8a7f-0375-4ea1-9a1b-b2d7b59b7761
5abeac6d-ac15-458c-bf73-e576b1757cd2,TN,TN-53,locality,,land,كركر,"[[""ar"", ""كركر""], [""fr"", ""Kerker""], [""en"", ""Kerker""]]",True,True,10.61642837524414,35.45008850097656,10.68454360961914,35.50020980834961,210dfebd-b6b9-421c-b4b2-07df57349845
3af0129e-2608-4ebb-aa65-33fc3795e63c,TN,TN-52,locality,,land,خنيس الشمالية,"[[""ar"", ""خنيس الشمالية""], [""fr"", ""Khenis Nord""]]",True,True,10.75249195098877,35.703697204589844,10.825509071350098,35.744083404541016,67a7b9d2-58b7-4de7-9bf8-1f361d269396
8a67de27-f1aa-410b-9b76-50f72b2fd70e,TN,TN-51,locality,,land,حبيب ثامر,"[[""ar"", ""حبيب ثامر""], [""fr"", ""Habib Thameur""]]",True,True,10.381155967712402,35.69172668457031,10.571200370788574,35.780426025390625,4a147dda-7b1b-4b86-83a4-e4f95afc3cd9
507c8f9f-45c1-4c37-a4f2-cdf2711bcee7,TN,TN-51,locality,,land,الغربيين,"[[""en"", ""El Gharbine""], [""ar"", ""El Gharbine""], [""fr"", ""El Gharbine""]]",True,True,10.571014404296875,35.71998596191406,10.580493927001953,35.728370666503906,3e1ceff2-b8f1-47f6-9795-d217897b312f
9c202269-c241-4a7b-b282-0d53d6a3fbf2,TN,TN-61,locality,,land,العوابد,"[[""ar"", ""العوابد""], [""fr"", ""El Aouabed""]]",True,True,10.633526802062988,34.79332733154297,10.735177040100098,34.95903778076172,111d6528-08ce-4b5d-b7f8-9af7111736c4
dde46db4-7972-4e94-9b01-64d5a8d5548f,TN,TN-61,locality,,land,الخزانات,"[[""ar"", ""الخزانات""], [""fr"", ""El Khazanet""], [""en"", ""El Khazzanet""]]",True,True,10.598854064941406,34.72941970825195,10.69543743133545,34.815799713134766,6904ba4b-0e09-468e-9608-07ecc7428a6d
3acd0962-cc53-4499-92d8-45ad3afa9a28,TN,TN-53,locality,,land,سيدي عبد العزيز,"[[""ar"", ""سيدي عبد العزيز""], [""fr"", ""Sidi Abdelaziz""]]",True,True,10.940242767333984,35.086280822753906,11.021825790405273,35.13216018676758,95f811f2-ef0f-46f4-a74d-08878e14008e
845a1a05-7d0a-4d10-96d9-3b09a5d07140,TN,TN-52,county,2,land,معتمدية جمّال,"[[""ar"", ""معتمدية جمّال""], [""fr"", ""Délégation Jammel""]]",True,True,10.577401161193848,35.541473388671875,10.824493408203125,35.672523498535156,6fc2e984-1d93-481c-8593-8dd915073450
6fc983d0-171d-4f28-9426-0afce95ad0c4,TN,TN-21,county,2,land,معتمدية الهوارية,"[[""ar"", ""معتمدية الهوارية""], [""fr"", ""Délégation El Haouaria""]]",True,True,10.765753746032715,36.82059097290039,11.074986457824707,37.08903884887695,2138162e-2b80-41e0-af91-78187eb1a846
abf9246b-cac4-41f0-948a-7ce364fb502e,TN,TN-51,locality,,land,الفقاعية,"[[""ar"", ""الفقاعية""], [""fr"", ""El Fokaia""]]",True,True,10.504753112792969,35.91553497314453,10.53900146484375,35.9694709777832,2702404b-8e6b-4784-94b6-d22e1b5bd892
f7d8c258-967b-447c-80f4-4af8d0c1a733,TN,TN-53,locality,,land,وادي قلات,"[[""ar"", ""وادي قلات""], [""fr"", ""Oued Guellat""]]",True,True,10.814627647399902,35.37024688720703,10.86759090423584,35.427513122558594,7ed8e061-271d-484f-a4d1-66ef25beb8d9
866e6c4a-3339-4201-a219-3746094ebed1,TN,TN-61,locality,,land,القلالجة,"[[""ar"", ""القلالجة""], [""fr"", ""El Galelja""], [""en"", ""El Galelja""]]",True,True,10.90319538116455,35.04094696044922,10.966120719909668,35.110015869140625,30b69198-47b7-4fd2-a31c-e3f364011436
2803b510-d7d1-4d65-a65e-2992082e5e89,TN,TN-51,locality,,land,سوسة,"[[""ota"", ""سوسه""], [""bs"", ""Sousse""], [""hr"", ""Sousse""], [""ar"", ""سوسة""], [""fr"", ""Sousse""], [""lv"", ""Suse""], [""uk"", ""Сус""], [""pt-PT"", ""Sousse""], [""pt"", ""Sousse""], [""cs"", ""Súsa""], [""el"", ""Σούσα""], [""it"", ""Susa""], [""ber"", ""ⵙⵓⵙⴰ""], [""ca"", ""Sussa""], [""pt-BR"", ""Sousse""], [""vi"", ""Sousse""], [""nl"", ""Sousse""], [""zh-Hans"", ""苏塞""], [""bg"", ""Суса""], [""ckb"", ""سوسە""], [""ko"", ""수스""], [""eo"", ""Sousse""], [""et"", ""Sousse""], [""de"", ""Sousse""], [""azb"", ""سوسه""], [""ur"", ""سوسہ""], [""ru"", ""Сус""], [""ml"", ""സൂസ""], [""th"", ""ซูสส์""], [""id"", ""Sousse""], [""sr-Latn"", ""Sus""], [""sv"", ""Sousse""], [""tr"", ""Sûse""], [""da"", ""Sousse""], [""zh-Hant"", ""蘇塞""], [""en"", ""Sousse""], [""he"", ""סוסה""], [""sk"", ""Súsa""], [""es"", ""Susa""], [""kab"", ""Susa""], [""ja"", ""スース""], [""fi"", ""Sousse""], [""ro"", ""Sousse""], [""lt"", ""Susas""], [""no"", ""Sousse""], [""sl"", ""Sousse""], [""fa"", ""سوسه""], [""zh"", ""苏塞""], [""hu"", ""Szúsza""], [""pl"", ""Susa""], [""ks"", ""سوسہ""]]",True,True,10.575279235839844,35.793094635009766,10.651240348815918,35.872623443603516,2f571bd3-e669-437c-95f9-681df4785b7c
3988aa52-8748-4ff5-9711-0467336ba955,TN,TN-61,locality,,land,الشرقي,"[[""ar"", ""الشرقي""], [""fr"", ""Echargui""], [""en"", ""Chergui""]]",True,True,11.216012001037598,34.72611999511719,11.26163101196289,34.785186767578125,a3c76308-266b-4cde-9a13-1211cd709a00
6c9e39c5-a18a-44e5-a9b6-e8f592468ba2,TN,TN-21,locality,,land,Marsa Ben Randane,,True,True,10.646798133850098,36.8469123840332,10.650774002075195,36.85090637207031,01585ebf-b943-4816-a199-bc37d3dc87d9
9380d61d-3665-49cb-9e53-8d18f7d01f1c,TN,TN-51,locality,,land,السد الغربي,"[[""ar"", ""السد الغربي""], [""fr"", ""Essed Ouest""]]",True,True,10.33653450012207,35.89576721191406,10.437793731689453,35.94749069213867,676eef1d-9728-4ca1-a90a-0486e6f82f17
7917cdba-ec38-4069-86aa-f1455702a467,TN,TN-61,locality,,land,سكرة,"[[""ar"", ""سكرة""], [""fr"", ""Soukra""]]",True,True,10.724514961242676,34.71597671508789,10.748678207397461,34.73588943481445,2dfa4b00-a333-4930-a2c2-c73cde8d80b3
4924ed79-fe88-41f6-b930-de5a76f5241b,TN,TN-51,locality,,land,النجاجرة,"[[""ar"", ""النجاجرة""], [""fr"", ""Enjara""]]",True,True,10.546882629394531,35.65545654296875,10.648502349853516,35.72475814819336,81f2c3bf-b08a-48df-b289-95c6ec699eec
3b1a4521-0c63-4d93-b4d9-25bdf22c0e57,TN,TN-53,locality,,land,قصور الساف الرياض,"[[""ar"", ""قصور الساف الرياض""], [""fr"", ""Ksour Essaf Riadh""]]",True,True,10.992262840270996,35.40214920043945,11.011390686035156,35.430660247802734,2e174125-cdf5-4c15-9030-bdc15c5772fe
519a7bc7-0085-4dd6-a460-07c842a526bf,TN,TN-21,locality,,land,جبل طريف,"[[""ar"", ""جبل طريف""], [""fr"", ""Jbal Trif""]]",True,True,10.339997291564941,36.482765197753906,10.44747257232666,36.54440689086914,d1b34650-48a8-43bb-aa59-237092b67f09
7f1eecd8-9178-404c-8a8b-4dea425b8d0a,TN,TN-52,county,2,land,معتمدية بني حسان,"[[""ar"", ""معتمدية بني حسان""], [""fr"", ""Délégation Beni Hassen""]]",True,True,10.638127326965332,35.47164535522461,10.851958274841309,35.59918212890625,110c62de-0982-4ac6-9a85-e077a1e998eb
7efa9b8b-fdae-4965-b47e-d0782d5214a9,TN,TN-21,locality,,land,المريسة,"[[""ar"", ""المريسة""], [""fr"", ""El Mraissa""], [""en"", ""Marisa""]]",True,True,10.527122497558594,36.72391128540039,10.613699913024902,36.86399841308594,3be4fa48-2578-4d19-86bb-b1f10094b9d1
9b3b61ce-ee94-419c-bbbf-9da0d08268b4,TN,TN-21,locality,,land,الاطرش,"[[""ar"", ""الاطرش""], [""fr"", ""Latrach""]]",True,True,10.398188591003418,36.43854904174805,10.535984992980957,36.511329650878906,fa818c56-0f36-44b6-af21-ec413177aa00
45b9a9ff-4532-4770-84fc-ded39aab63ae,TN,TN-21,locality,,land,الرعينين,"[[""ar"", ""الرعينين""], [""fr"", ""Erâinine""], [""en"", ""Rainine""]]",True,True,10.879632949829102,36.81914138793945,10.958300590515137,36.9000129699707,a4636e05-bdd6-48c8-95bb-86b9149a4ce8
9285e3e2-076c-41e9-91af-8e376620da69,TN,TN-21,locality,,land,الصقالبة,"[[""ar"", ""الصقالبة""], [""fr"", ""Skalba""], [""en"", ""Skalba""]]",True,True,10.886018753051758,36.755409240722656,10.981963157653809,36.8292350769043,e9f80ca9-9fa1-4c8b-ab2f-31ceda9c7f6c
86b11b5c-9917-4291-a422-00a45681f358,TN,TN-21,locality,,land,بو عرقوب الجنوبية,"[[""ar"", ""بو عرقوب الجنوبية""], [""fr"", ""Bou Argoub Sud""]]",True,True,10.495500564575195,36.476837158203125,10.57865047454834,36.525142669677734,af0cd1b0-4ed0-4dbb-88d3-bfbb0c877702
835ab49b-8592-42ab-9f6c-ecd96d8461e1,TN,TN-52,locality,,land,عميرة الحجاج,"[[""ar"", ""عميرة الحجاج""], [""fr"", ""Amiret El Hojjaj""], [""en"", ""Amirat Hojjaj""]]",True,True,10.77956485748291,35.46738052368164,10.846487045288086,35.542945861816406,47e76a24-ed1e-4efd-8f34-c05f431509a9
1a17ed6b-3331-433e-8211-508e1c4e6b2f,TN,TN-21,locality,,land,شماس,"[[""ar"", ""شماس""], [""fr"", ""Chammes""]]",True,True,10.436127662658691,36.60470962524414,10.497334480285645,36.67770767211914,4fcd0ade-1e94-47f8-94ac-79d67feb5205
2d4d5ab8-caa0-4073-8a0d-7689ae5d3a12,TN,TN-52,locality,,land,الحلية,"[[""ar"", ""الحلية""], [""fr"", ""El Helia""]]",True,True,10.805363655090332,35.717018127441406,10.826665878295898,35.76756286621094,de4c175a-c881-459b-81a3-86a8b6876fa3
c5b83506-8553-4ebc-bc3f-45e9edbc5927,TN,TN-21,locality,,land,الكدوة,"[[""en"", ""El Kedoua""], [""ar"", ""الكدوة""], [""fr"", ""El Kedoua""]]",True,True,10.991204261779785,36.998756408691406,11.001871109008789,37.01137161254883,ae9789ae-eb78-44a0-8a02-03b682eb816c
26b5e278-48fc-4eea-a83d-2512a6e5b18a,TN,TN-52,locality,,land,المكنين الشرقية,"[[""ar"", ""المكنين الشرقية""], [""fr"", ""Moknine Est""]]",True,True,10.902783393859863,35.60923767089844,10.93497085571289,35.641841888427734,b8b94f34-602a-423d-9e64-f3a2ce5f6e18
5e0a9ab4-9f47-4188-95fe-67663a09f5a4,TN,TN-52,locality,,land,المليشيات,"[[""ar"", ""المليشيات""], [""fr"", ""Melichet""]]",True,True,10.493062019348145,35.47029495239258,10.612506866455078,35.56968307495117,da441099-03ea-49df-a452-e35dd15bc1fc
e4776e8e-46c9-4bc8-bec6-7943556816f8,TN,TN-61,locality,,land,عيون المايل,"[[""ar"", ""عيون المايل""], [""fr"", ""Ayoun El Mayel""]]",True,True,10.580318450927734,34.808509826660156,10.673290252685547,34.90433883666992,c75eec4c-0110-4695-bdd8-b3573ecbbfd9
185a4eaf-d179-4e40-a94f-ed4d6845331f,TN,TN-61,locality,,land,ذراع بن زياد,"[[""ar"", ""ذراع بن زياد""], [""fr"", ""Dheraa Beni Ziad""]]",True,True,10.796266555786133,34.88439178466797,10.924251556396484,34.96272659301758,3e02dcf9-8f46-40d9-90ae-85c7f500849c
20d7e81e-fb61-44cb-b95f-667864b74289,TN,TN-53,locality,,land,القصر,"[[""ar"", ""القصر""], [""fr"", ""El Ksar""]]",True,True,10.974685668945312,35.414886474609375,11.013996124267578,35.454811096191406,c473a8af-8eb0-4111-a854-1783b50b7b93
65706bef-6c15-445f-90c6-d67c0c673833,TN,TN-21,locality,,land,منزل بوزلفة الغربية,"[[""ar"", ""منزل بوزلفة الغربية""], [""fr"", ""Menzel Bouzelfa Ouest""]]",True,True,10.549028396606445,36.682533264160156,10.60997486114502,36.730506896972656,6ce2c072-c799-42ee-b50e-252c465ec8e3
633ebce8-42be-41a8-a420-5db4a68045b6,TN,TN-52,locality,,land,منزل كامل,"[[""ar"", ""منزل كامل""], [""fr"", ""Menzel Kamel""], [""en"", ""Menzel Kamel""]]",True,True,10.61871337890625,35.609745025634766,10.735815048217773,35.662662506103516,4e7e9270-4aad-4839-98de-fac95dce177c
7e57c44e-ee4c-4d4a-b2d3-cb68f4ef3974,TN,TN-21,locality,,land,بني خلاد الشرقية,"[[""ar"", ""بني خلاد الشرقية""], [""fr"", ""Beni Khalled Est""]]",True,True,10.584769248962402,36.6317024230957,10.672600746154785,36.671043395996094,520b62cd-290e-49b3-ba14-dc09cbde79aa
9f58c5a1-7547-479d-917e-4344b0d7c358,TN,TN-53,locality,,land,ساقيةالخادم,"[[""ar"", ""ساقيةالخادم""], [""fr"", ""Sakiet El Khadem""], [""en"", ""Sakiet El Khadem""]]",True,True,10.85872745513916,35.32689666748047,10.921859741210938,35.43046188354492,c5adf0f1-e894-4f30-b896-389efe778423
d93d2adc-d74b-4260-9603-c92607043203,TN,TN-53,locality,,land,رجيش الجنوبية,"[[""ar"", ""رجيش الجنوبية""], [""fr"", ""Rejiche Sud""]]",True,True,11.011984825134277,35.44044876098633,11.054919242858887,35.4813346862793,c1866e93-9c4c-4f14-b9f1-e4a5a8b27e0b
5771b356-2637-4037-9439-0b99742f5a3d,TN,TN-51,locality,,land,سيدي سعيد,"[[""ar"", ""سيدي سعيد""], [""fr"", ""Sidi Said""], [""en"", ""Sidi Said""]]",True,True,10.366172790527344,36.315040588378906,10.476237297058105,36.38433074951172,aca9d01d-d11c-4fc3-b806-34ebcd0b2f6f
f1816004-76f4-4005-90ae-4835878433d2,TN,TN-61,locality,,land,القراطن,"[[""ar"", ""القراطن""], [""fr"", ""El Kraten""], [""en"", ""El Kraten""]]",True,True,11.241015434265137,34.775028228759766,11.317947387695312,34.83094787597656,47bddb6b-3b4b-4ce6-a53c-245ea941eac4
7a96fc8f-09b4-4a8d-a687-5e330891f3ca,TN,TN-21,locality,,land,صاحب الجبل القبلية,"[[""ar"", ""صاحب الجبل القبلية""], [""fr"", ""Saheb El Jebel Nord""]]",True,True,10.893315315246582,36.988773345947266,10.98592758178711,37.05459976196289,c575857a-adb4-4027-80d8-33251ddd1c7b
9c11d8f0-9b99-4b45-be7a-96489c058925,TN,TN-21,county,2,land,معتمدية بني خيار,"[[""ar"", ""معتمدية بني خيار""], [""fr"", ""Délégation Beni Khiar""]]",True,True,10.685768127441406,36.449424743652344,10.835821151733398,36.59670639038086,134e2093-350a-46c7-ab4b-5bccd144bb26
c71c86de-55e4-4639-a9f6-1186dca56b81,TN,TN-21,locality,,land,أم ذويل,"[[""ar"", ""أم ذويل""], [""fr"", ""Om Dhouil""], [""en"", ""Om Dhouil""]]",True,True,10.766864776611328,36.686058044433594,10.850849151611328,36.748104095458984,a313613f-c266-4e84-9eac-e715149b8117
c44bba10-e471-4ebf-ab42-801d93761cd3,TN,TN-21,locality,,land,المخاطرية,"[[""en"", ""El Mkhatria""], [""ar"", ""المخاطرية""], [""fr"", ""El Mkhatria""]]",True,True,10.959569931030273,36.98094940185547,10.967554092407227,36.986392974853516,8b322b60-c733-4b20-bb40-b6044311bcf6
be9f15c5-09dc-4302-a06d-029d9102b6f5,TN,TN-51,locality,,land,واد الخروب,"[[""ar"", ""واد الخروب""], [""fr"", ""Oued El Kharroub""]]",True,True,10.356982231140137,36.2664680480957,10.42648696899414,36.32511520385742,75a80d04-dace-46c7-b76e-e8fc396abd92
3059500b-672d-468c-9f63-627e77d15d92,TN,TN-52,locality,,land,المنارة,"[[""ar"", ""المنارة""], [""fr"", ""El Manara""]]",True,True,10.747650146484375,35.67863464355469,10.789751052856445,35.698875427246094,4a23240e-1b3b-4a3f-8794-5e4d9bac8bcc
8eef0453-a7b5-456e-aa1e-d753def996af,TN,TN-21,locality,,land,تازركة,"[[""ar"", ""تازركة""], [""fr"", ""Tazarka""], [""en"", ""Tazerka""], [""ru"", ""Тазерка""]]",True,True,10.803605079650879,36.50871658325195,10.859691619873047,36.567420959472656,9b831272-3fed-4e49-91da-6224cd57bef8
24e5354f-cdf9-4b3e-93fc-cf43c4d31877,TN,TN-53,locality,,land,المشالات,"[[""ar"", ""المشالات""], [""fr"", ""El Mechalet""]]",True,True,10.61600112915039,35.306358337402344,10.753521919250488,35.369140625,df750b0a-bbbc-45de-ac75-c2a71122180c
a42a4f90-0f2c-44cd-8e42-ac4076a541dd,TN,TN-52,locality,,land,المكنين القبلية,"[[""ar"", ""المكنين القبلية""], [""fr"", ""Moknine Sud""]]",True,True,10.886600494384766,35.53717041015625,10.947052955627441,35.630672454833984,1a2b72dd-6ab1-43f2-b518-cd2b462b9c6a
a758937c-532b-4bbb-a8c7-135bdf1d6493,TN,TN-52,locality,,land,بودريس,"[[""ar"", ""بودريس""], [""fr"", ""Bou-driss""]]",True,True,10.924942016601562,35.630897521972656,10.965852737426758,35.65974044799805,a6e9e6da-89d8-4347-8300-a708fbe3bf0d
cfcd9d8a-c386-45e5-ab9e-054e0f2cea89,TN,TN-51,locality,,land,النفيضة,"[[""ar"", ""النفيضة""], [""fr"", ""Enfidha""], [""en"", ""Enfidha""], [""kab"", ""Nfiḍa""], [""fa"", ""نفیضه""]]",True,True,10.331502914428711,36.046634674072266,10.473492622375488,36.141136169433594,f79ab6e9-0e16-46f7-b3ca-ae490013ee80
d8cdf0d5-fe8f-4066-b166-617cfa2ba5a1,TN,TN-53,locality,,land,رجيش,"[[""ar"", ""رجيش""], [""fr"", ""Rejiche""]]",True,True,10.969255447387695,35.442604064941406,11.054203033447266,35.481876373291016,d96bcb86-3871-4867-83d9-82944f893da2
be3a7549-3196-42ee-b2f6-6f6ed3ab4d8a,TN,TN-21,locality,,land,الرحمة,"[[""ar"", ""الرحمة""], [""fr"", ""Errahma""], [""en"", ""Errahma""]]",True,True,10.683049201965332,36.66018295288086,10.776092529296875,36.735511779785156,4f55d267-e22d-4fe9-b486-6cf1835d2580
56f57483-0322-4f3c-99fe-493647bb5295,TN,TN-52,locality,,land,الساحلين الغربية,"[[""ar"", ""الساحلين الغربية""], [""fr"", ""Sahline Ouest""]]",True,True,10.66987133026123,35.716854095458984,10.738191604614258,35.781349182128906,22a3fe72-ee47-4505-b0c5-025e3881212a
1e1593ad-7c67-4327-89c7-1177a1a66618,TN,TN-51,locality,,land,بوجعفر,"[[""ar"", ""بوجعفر""], [""fr"", ""Boujaafar""]]",True,True,10.619694709777832,35.83103561401367,10.639162063598633,35.84635925292969,e5be6dc6-196f-4b8c-b6d1-f44a30001c3f
1134578d-0d7d-4200-9466-ba49ab3f6bfe,TN,TN-21,locality,,land,فندق الجديد,"[[""ar"", ""فندق الجديد""], [""fr"", ""Fondouk Jedid""], [""en"", ""Fondouk Jedid""]]",True,True,10.390324592590332,36.6318473815918,10.477590560913086,36.701290130615234,841d2cbf-caa1-4a40-80a2-6ef0094dfad6
e5116e69-656d-416b-9227-1c5e76998c2e,TN,TN-51,locality,,land,المثاليث,"[[""ar"", ""المثاليث""], [""fr"", ""El Mthalith""]]",True,True,10.393162727355957,36.17039489746094,10.467583656311035,36.21175003051758,5e55081f-e9c7-432d-848d-34046058aa66
dc57cc18-052e-4e30-9468-fa676478173a,TN,TN-21,locality,,land,بن عياش,"[[""ar"", ""بن عياش""], [""fr"", ""Ben Ayech""]]",True,True,10.726500511169434,36.622276306152344,10.841473579406738,36.702735900878906,4c9a97d1-05ed-45a2-a581-94e42785c5a9
1e1f1025-fdf2-4d19-a93b-45d21a308a68,TN,TN-52,county,2,land,معتمدية الوردانين,"[[""ar"", ""معتمدية الوردانين""], [""fr"", ""Délégation El Ouerdanine""]]",True,True,10.623373031616211,35.658138275146484,10.72400188446045,35.74364471435547,64f722b7-6fcc-477d-b25c-df193df3f620
2edf4dae-db46-42ea-8e71-d13e6629cef9,TN,TN-53,locality,,land,القطانين,"[[""ar"", ""القطانين""], [""fr"", ""El Ketanine""]]",True,True,10.909675598144531,35.367496490478516,10.9955415725708,35.417606353759766,1085a0d4-2cf4-4670-b266-102810d80a26
99c28610-ae81-4534-870b-2e0312c10748,TN,TN-52,locality,,land,سيدي بنور,"[[""ar"", ""سيدي بنور""], [""fr"", ""Sidi Bennour""], [""en"", ""Sidi Bennour""]]",True,True,10.873211860656738,35.5014533996582,10.94182014465332,35.554412841796875,d92c07b9-1838-4ba2-887a-528e85328391
19fcda4e-8392-43c7-a5e3-e5bd0fe496cb,TN,TN-52,locality,,land,بوحجر,"[[""ar"", ""بوحجر""], [""fr"", ""Bou Hjar""], [""azb"", ""بوحجر""], [""en"", ""Bouhjar""], [""fa"", ""بوحجر""]]",True,True,10.849156379699707,35.65495300292969,10.876508712768555,35.68389892578125,d1222d01-9fe9-4576-82d8-55c4cb4d1d55
ccd92f57-cdaf-4be4-b009-e34a64b8aed5,TN,TN-21,locality,,land,دار علوش,"[[""ar"", ""دار علوش""], [""fr"", ""Dar Allouch""], [""en"", ""Dar Allouch""]]",True,True,11.012794494628906,36.90167999267578,11.106368064880371,37.0140380859375,bc6f3885-6985-43ce-af08-a7a9c002aa35
34db412c-524b-43ee-901e-02dfb68522f3,TN,TN-61,locality,,land,ساقية الدائر,"[[""ar"", ""ساقية الدائر""], [""fr"", ""Sakiet Eddaier""], [""en"", ""Sakiet Eddaïer""]]",True,True,10.77192211151123,34.781829833984375,10.797513961791992,34.80400085449219,b8c00153-8af9-42dd-979b-51702131c50e
f492767e-089e-42f0-b26b-7d10ee57ea16,TN,TN-52,county,2,land,معتمدية طبلبة,"[[""ar"", ""معتمدية طبلبة""], [""fr"", ""Délégation Teboulba""]]",True,True,10.924942016601562,35.61545944213867,11.00667953491211,35.66461944580078,88fcc477-c39a-48ec-817b-9b68e372daa7
9e099d3f-130c-44f1-b588-5ae6d78eb0d0,TN,TN-52,locality,,land,البغدادي,"[[""ar"", ""البغدادي""], [""fr"", ""El Baghdadi""]]",True,True,10.989835739135742,35.55237579345703,11.035491943359375,35.5905647277832,46d8b722-e9b5-4b4f-8d0c-5dcc5770d8a7
df347bd9-d0c0-4da3-93eb-e2a90a30ce42,TN,TN-61,microhood,,land,ساحة ماربورغ,"[[""en"", ""Marbourg Square""], [""ar"", ""ساحة ماربورغ""], [""fr"", ""Place Marbourg""]]",True,True,10.762350082397461,34.73274612426758,10.76318645477295,34.73311233520508,8a4e904e-c055-4867-91be-a798cfaebf8b
e2a2f08d-2e91-439a-8b8d-8228bc985e70,TN,TN-21,locality,,land,تافلون,"[[""ar"", ""تافلون""], [""fr"", ""Tafeloun""]]",True,True,10.875462532043457,36.649471282958984,10.944807052612305,36.72187423706055,185f25c2-3da5-4c3f-b34f-ca80da954f90
8ec11703-338e-4c5c-b50d-10f955b3c104,TN,TN-21,county,2,land,معتمدية بني خلاد,"[[""ar"", ""معتمدية بني خلاد""], [""fr"", ""Délégation Beni Khalled""]]",True,True,10.523619651794434,36.57759475708008,10.743033409118652,36.67161560058594,33ca90dd-a5bf-4f52-993d-096460542926
16dde424-7057-4201-b390-6cf07cba55df,TN,TN-53,locality,,land,الغضابنة,"[[""ar"", ""الغضابنة""], [""fr"", ""Ghedhabna""], [""en"", ""El Aouinet""]]",True,True,11.007244110107422,35.27497863769531,11.07539176940918,35.32829284667969,b27d378e-1f01-4cdb-827d-e59bafc09cdd
d2cc6264-335d-4c03-ad4b-94a4803e30de,TN,TN-51,locality,,land,شط مريم,"[[""ar"", ""شط مريم""], [""fr"", ""Chott Mariem""]]",True,True,10.530373573303223,35.906829833984375,10.567407608032227,35.96873092651367,62a2d07b-8f20-40a3-bf7b-52eaa8a1614e
80b62fd6-8635-442e-ad59-f448c5323262,TN,TN-53,county,2,land,معتمدية ملولش,"[[""ar"", ""معتمدية ملولش""], [""fr"", ""Délégation Melloulech""]]",True,True,10.907302856445312,35.086280822753906,11.086841583251953,35.271080017089844,5291b369-de44-47f0-8590-ae74feb01304
99c13b06-693c-482c-85f1-c8bf2fc957b4,TN,TN-61,locality,,land,المحروقة,"[[""ar"", ""المحروقة""], [""fr"", ""El Mahrouga""]]",True,True,10.265581130981445,34.72370529174805,10.517794609069824,34.82876968383789,1aced5e5-2e14-4616-b8f8-a070de5eed19
34f77130-d308-4726-be13-7a7321d8e301,TN,TN-51,county,2,land,الزاوية قصيبة الثريات,"[[""ar"", ""الزاوية قصيبة الثريات""], [""fr"", ""Zaouia Ksibet Thrayet""]]",True,True,10.575063705444336,35.73302459716797,10.680338859558105,35.80268859863281,a1c36c48-814a-49fb-b6c0-a98ed721be28
690c60e4-7409-4628-b514-77a3a3d795b9,TN,TN-21,locality,,land,الحدائق,"[[""ar"", ""الحدائق""], [""fr"", ""Al Hadaek""]]",True,True,10.733505249023438,36.4412727355957,10.752577781677246,36.45811462402344,61a34f7d-f038-41af-8c8f-13920ab1395e
b84998ac-b6a1-4656-9b0b-e4bf32128e13,TN,TN-51,county,2,land,معتمدية سوسة سيدي عبد الحميد,"[[""ar"", ""معتمدية سوسة سيدي عبد الحميد""], [""fr"", ""Délégation Sousse Sidi Abdelhamid""]]",True,True,10.614309310913086,35.77091598510742,10.687376022338867,35.82212448120117,b3e262b2-73c0-4a5a-a8aa-5247c6010618
060fc8b5-a898-4bde-8eda-2c3d44f6711f,TN,TN-53,locality,,land,زردة,"[[""ar"", ""زردة""], [""fr"", ""Zorda""], [""en"", ""Zorda""]]",True,True,10.884129524230957,35.25348663330078,10.948731422424316,35.33182144165039,39fe8845-7685-455a-afdf-4c9cf42c1dae
75597273-419d-406d-9d68-02f0d0d65a12,TN,TN-61,locality,,land,البدارنة,"[[""ar"", ""البدارنة""], [""fr"", ""El Bederna""], [""en"", ""El Bederna""]]",True,True,10.767021179199219,34.801021575927734,10.886677742004395,34.918087005615234,95ba99d2-19e0-4a79-bf4b-7f6007c43de3
91b9910c-f56c-48fd-b22d-93b59d260f9a,TN,TN-53,microhood,,land,بطحاء الشهداء,"[[""en"", ""Place des Martyrs""], [""ar"", ""بطحاء الشهداء""], [""fr"", ""Place des Martyrs""]]",True,True,11.06747817993164,35.50265121459961,11.068209648132324,35.5032958984375,eda4572d-62ab-402c-b07b-c75dd6a5f927
755b53ea-be60-4bd3-827d-c0dac7343da4,TN,TN-51,county,2,land,معتمدية أكودة,"[[""ar"", ""معتمدية أكودة""], [""fr"", ""Délégation Akouda""]]",True,True,10.504753112792969,35.8414421081543,10.589655876159668,35.9694709777832,94518c1a-2c0f-4ed7-a238-07e8bca9c80e
32b82ed7-d277-43d6-9467-f8892e8b41d6,TN,TN-61,county,2,land,معتمدية ساقية الزيت,"[[""ar"", ""معتمدية ساقية الزيت""], [""fr"", ""Délégation Sakiet Ezzit""]]",True,True,10.68198013305664,34.768863677978516,10.784875869750977,34.95089340209961,8745c1b0-0349-4f69-9bca-4303ca66e1bf
98886de2-b57a-4de7-a2cc-de90f0b3d276,TN,TN-51,locality,,land,محمد القروي,"[[""ar"", ""محمد القروي""], [""fr"", ""Mohamed El Karoui""]]",True,True,10.616351127624512,35.825809478759766,10.63454532623291,35.84162521362305,e413ca86-9151-4202-bbb2-685d4355a8d5
deb5faff-e3bf-4d78-b23e-d6925f3a7363,TN,TN-52,locality,,land,الغنادة,"[[""ar"", ""الغنادة""], [""fr"", ""Ghnada""]]",True,True,10.638127326965332,35.47164535522461,10.723576545715332,35.52449417114258,8ade909f-da34-485f-bf0e-257425ec7978
2917348e-3fe4-435d-9b17-cfbc629e62b6,TN,TN-21,locality,,land,قربة,"[[""en"", ""Korba""], [""ar"", ""قربة""], [""fr"", ""Korba""], [""ru"", ""Корба""]]",True,True,10.83526611328125,36.55775833129883,10.873343467712402,36.598304748535156,d1b8d45e-2474-46cc-88e2-769e1062a8f9
66bb6ea4-8e3f-4354-8f2f-95f770157c87,TN,TN-21,locality,,land,سليمان الجنوبية,"[[""ar"", ""سليمان الجنوبية""], [""fr"", ""Soliman Sud""]]",True,True,10.463521957397461,36.67991638183594,10.516153335571289,36.70926284790039,bedd5dcf-376f-434a-98e7-42f79d89a78b
1e84a33f-1c42-49f0-86d4-93152d8087ae,TN,TN-52,locality,,land,بني حسان الجوفية,"[[""ar"", ""بني حسان الجوفية""], [""fr"", ""Beni Hassen Nord""]]",True,True,10.78895378112793,35.55357360839844,10.828048706054688,35.59918212890625,0ab24d47-d9b1-4155-9528-aa534d02b207
5183819a-2060-4c53-84c9-24c6672fb42e,TN,TN-51,microhood,,land,ساحة اﻹستقلال,"[[""en"", ""Independence Square""], [""fr"", ""Place de l'Indépendance""]]",True,True,10.585710525512695,35.78916931152344,10.586602210998535,35.790382385253906,41d53140-8966-4852-9f50-9bba710fb11f
d2a1e2ae-c44b-422b-9fca-2dea242e5fe6,TN,TN-53,locality,,land,وادي باجة الجنوبية,"[[""ar"", ""وادي باجة الجنوبية""], [""fr"", ""Oued Beja Sud""]]",True,True,10.815101623535156,35.26908874511719,10.89442253112793,35.33391189575195,5e997758-1472-4cb2-8671-225a6585fded
089b5dd8-239e-4d70-8a90-8a4036d169d9,TN,TN-51,locality,,land,مهاذبة,"[[""ar"", ""مهاذبة""], [""fr"", ""Mehadhbia""]]",True,True,10.391919136047363,35.95871353149414,10.494790077209473,36.01406478881836,15d6be9f-9c14-427e-88b8-1ab9bbea5b02
d8e2f285-fb5c-4591-b978-99a68c778a19,TN,TN-51,locality,,land,حي الرياض,"[[""ar"", ""حي الرياض""], [""fr"", ""Erriadh""]]",True,True,10.573230743408203,35.792789459228516,10.607232093811035,35.80632019042969,3d909a5f-b780-4f21-b4a0-3fe4d0ebf3b5
abea39c6-8bb6-4a10-afad-68e7a3376b8a,TN,TN-51,locality,,land,بني ربيعة,"[[""ar"", ""بني ربيعة""], [""fr"", ""Beni Rabiaa""]]",True,True,10.536791801452637,35.6624870300293,10.6022367477417,35.68714141845703,860218b2-6a0a-4413-a2ad-3b546594669a
6154bbac-8ff6-4f64-8751-5f40d95687a3,TN,TN-61,locality,,land,بئر الملولي,"[[""ar"", ""بئر الملولي""], [""fr"", ""Bir El Mellouli""], [""en"", ""Bir Mallouli""]]",True,True,10.439167976379395,34.81625747680664,10.60151481628418,34.953426361083984,2c8cd060-c473-4da1-92ad-986a5ba36f4f
10dee873-00e0-4fd0-83e9-0526170540f9,TN,TN-52,locality,,land,البقالطة الجنوبية,"[[""ar"", ""البقالطة الجنوبية""], [""fr"", ""Beklta Sud""]]",True,True,10.979562759399414,35.57571792602539,11.02275562286377,35.61888885498047,a6fc392f-f7df-4653-9f4b-ad8468eae2ac
85c995b0-dba1-4c25-93a5-c668bbdc4c08,TN,TN-21,locality,,land,الهوارية,"[[""en"", ""El Haouaria""], [""ar"", ""الهوارية""], [""fr"", ""El Haouaria""], [""it"", ""El Haouaria""]]",True,True,10.990411758422852,37.04105758666992,11.024518966674805,37.05751037597656,3c586feb-e544-4c30-88af-46b33d37b010
c9dd1e92-0ee0-4b1d-806d-f40d339877ee,TN,TN-21,neighborhood,,land,سيدي محرصي,"[[""ar"", ""سيدي محرصي""], [""fr"", ""Sidi Mahrsi""], [""en"", ""Sidi Mahrsi""]]",True,True,10.696948051452637,36.43179702758789,10.714714050292969,36.443912506103516,251f4b7a-7655-486b-9680-b73305149b00
b723aea1-2b59-4502-8688-7de047bc025f,TN,TN-53,locality,,land,الحسينات,"[[""ar"", ""الحسينات""], [""fr"", ""El Hessinet""]]",True,True,10.959062576293945,35.27888870239258,11.017069816589355,35.332801818847656,b4a917a2-5619-4080-8df9-ffdf4bf29995
c8eebb0a-1240-4c4d-b103-d737015c574b,TN,TN-21,county,2,land,معتمدية قليبية,"[[""ar"", ""معتمدية قليبية""], [""fr"", ""Délégation Kélibia""]]",True,True,10.929203987121582,36.7966194152832,11.13008975982666,36.962100982666016,dbd452f5-1a97-4ce9-8f8f-17c7463884ff
40348211-e21c-4bf1-9fcb-09f6edf7e569,TN,TN-51,locality,,land,العريبات,"[[""ar"", ""العريبات""], [""fr"", ""El Aribet""]]",True,True,10.425742149353027,35.994972229003906,10.518266677856445,36.06650924682617,3e9e7877-3fa7-4dc6-b72a-9c3e11cb0717
94a82976-6cbb-48dc-a092-63dc6160645c,TN,TN-51,locality,,land,وادي لاية,"[[""ar"", ""وادي لاية""], [""fr"", ""Oued Leya""]]",True,True,10.367073059082031,35.74508285522461,10.485916137695312,35.82734680175781,525ebec4-2c8a-4910-b9ac-260b098db906
a8205e4b-91bd-40f8-98d8-70efed79dd79,TN,TN-53,locality,,land,أولاد الحناشي,"[[""ar"", ""أولاد الحناشي""], [""fr"", ""Ouled El Hannachi""], [""en"", ""Ouled Hannachi""]]",True,True,10.426944732666016,35.253719329833984,10.482817649841309,35.34059143066406,5a52ec48-53db-4125-ac02-e57945d2d84c
2b3570a2-754e-4837-ab8e-4307d7278ebd,TN,TN-51,locality,,land,العهد الجديد,"[[""ar"", ""العهد الجديد""], [""fr"", ""El Ahd El Jadid""]]",True,True,10.57915210723877,35.798118591308594,10.614311218261719,35.825294494628906,cd01e5fd-73c2-4560-9212-686ea3c541b4
d81c319c-ccda-4272-815a-53a79ab5abea,TN,TN-51,locality,,land,الثريات,"[[""ar"", ""الثريات""], [""fr"", ""Thrayet""], [""en"", ""Thrayet""]]",True,True,10.636809349060059,35.74155807495117,10.680338859558105,35.781349182128906,e99d2ab9-b199-4934-8f87-140779d897ba
9d8fdd90-0551-4092-9881-08e64a9e4ad6,TN,TN-52,locality,,land,جمال الشرقية,"[[""ar"", ""جمال الشرقية""], [""fr"", ""Jammel Est""]]",True,True,10.75874137878418,35.59108352661133,10.824493408203125,35.643497467041016,212dc932-3e96-4691-a31f-46a149184d35
a3fc9801-b659-43e5-a606-2edafc959722,TN,TN-52,county,2,land,معتمدية المنستير,"[[""ar"", ""معتمدية المنستير""], [""fr"", ""Délégation Monastir""], [""de"", ""Al-Munastir""], [""ur"", ""منستیر""], [""en"", ""Al Munastir""], [""fa"", ""المنستیر""]]",True,True,10.680922508239746,35.691707611083984,10.843649864196777,35.78800964355469,a357a753-6c3c-4f8e-aec6-39d95969ffaa
bb7a8489-7f55-4393-9f45-e0a3c852fdef,TN,TN-61,locality,,land,عين شيخ روحه,"[[""ar"", ""عين شيخ روحه""], [""fr"", ""Ain Cheikh Rouhou""]]",True,True,10.730226516723633,34.74770736694336,10.753498077392578,34.76581954956055,3e742f91-3568-4a5e-a909-590fabb834c8
a5c1e3fe-a0b7-4c56-bcbc-a050ed8fd5f4,TN,TN-61,locality,,land,العامرة,"[[""ar"", ""العامرة""], [""fr"", ""El Amra""], [""en"", ""Al Amra""], [""de"", ""Al Amra""]]",True,True,10.863999366760254,34.93772888183594,10.9288969039917,35.000125885009766,17ae6324-4143-46f9-81ab-152a6e91b102
7de5183b-c58a-47be-891c-145e052daf4f,TN,TN-61,locality,,land,مركز مصباح,"[[""ar"", ""مركز مصباح""], [""fr"", ""Merkez Mosbah""], [""en"", ""Merkez Mosabah""]]",True,True,10.61555004119873,35.04595947265625,10.71378231048584,35.195621490478516,02dce469-5e29-4b57-93ec-780a16c423c0
c899f75e-7e29-47a9-8748-8169e2f433c7,TN,TN-51,locality,,land,السلوم,"[[""ar"", ""السلوم""], [""fr"", ""Esselloum""]]",True,True,10.446224212646484,36.25532150268555,10.50529670715332,36.32406234741211,392d03fc-2167-4adb-80c9-2d6585573772
18f1bda7-75c9-46f4-be64-96f41b51576a,TN,TN-52,locality,,land,بوضر,"[[""ar"", ""بوضر""], [""fr"", ""Bodher""], [""en"", ""Bodheur""]]",True,True,10.784428596496582,35.64043426513672,10.837699890136719,35.674591064453125,c3972a9a-4781-4516-acd9-29e8a3640d29
1653b199-7121-4f22-a0ae-0bfaa2c5ae19,TN,TN-52,locality,,land,حاتم,"[[""ar"", ""حاتم""], [""fr"", ""Hatem""]]",True,True,10.718009948730469,35.487361907958984,10.763012886047363,35.550106048583984,e4cef867-99cf-47c7-ab36-d1d269d947f1
6f32c0da-282d-4425-b2f7-5795d8e4acb3,TN,TN-61,locality,,land,شعلاب,"[[""ar"", ""شعلاب""], [""fr"", ""Chaaleb""]]",True,True,10.289485931396484,34.98738098144531,10.531573295593262,35.12788009643555,aafa6cce-4356-4c33-b568-ff51a1d3aa4e
f9c90972-9394-42dc-a0db-e3d095177eec,TN,TN-52,locality,,land,المصدور,"[[""ar"", ""المصدور""], [""fr"", ""El Masdour""]]",True,True,10.712127685546875,35.64988327026367,10.751546859741211,35.69316101074219,f13a2649-c877-432e-b5a4-5a9c56d4d3ae
e7052cae-a6e0-4a52-8f53-871eed2f3206,TN,TN-21,locality,,land,الشرف,"[[""en"", ""Echraf""], [""ar"", ""الشرف""], [""fr"", ""Echraf""]]",True,True,11.029755592346191,36.99502182006836,11.045293807983398,37.00518798828125,10b4f653-e2ed-4e70-a4fe-8fe419173709
13665c7f-95ac-49d8-9051-9f9729bc675e,TN,TN-61,county,2,land,معتمدية صفاقس المدينة,"[[""ar"", ""معتمدية صفاقس المدينة""], [""fr"", ""Délégation Sfax Ville""]]",True,True,10.718171119689941,34.699214935302734,10.788219451904297,34.773250579833984,7b9806e9-503a-4200-ade8-51f228db0d9f
3e0a5bae-63b0-4a3d-aeb3-73de3d15e931,TN,TN-53,locality,,land,زالبة الغربية,"[[""ar"", ""زالبة الغربية""], [""fr"", ""Zalba Ouest""]]",True,True,10.802373886108398,35.178138732910156,10.89204216003418,35.25541305541992,6b4b4f6d-4dbc-4490-aba1-be4cd4317c13
26c6039d-41bf-41e0-8060-22578820f4cc,TN,TN-21,county,2,land,معتمدية دار شعبان الفهري,"[[""ar"", ""معتمدية دار شعبان الفهري""], [""fr"", ""Délégation Dar Chaabane El Fehri""]]",True,True,10.622162818908691,36.44428634643555,10.770938873291016,36.59187316894531,db936408-33b9-4860-ad0e-0b63e04771be
06d3130c-c5c5-41e7-aa36-5c8ef2a69487,TN,TN-53,locality,,land,المنصورة,"[[""ar"", ""المنصورة""], [""fr"", ""El Mansoura""]]",True,True,10.907302856445312,35.11634063720703,10.990864753723145,35.20206069946289,62d3387a-109d-4002-86b6-7ce0c9b1dde0
3f66c9f3-c971-4711-a222-dc17360e4d6e,TN,TN-52,locality,,land,الجنائحة,"[[""ar"", ""الجنائحة""], [""fr"", ""EL Jnaïha""]]",True,True,10.737340927124023,35.49545669555664,10.803112030029297,35.5572509765625,74240711-4eb0-4a5d-ad04-96a03b0988c0
b2d1e97e-de4a-40a6-ae73-747ffa422bc0,TN,TN-52,county,2,land,معتمدية صيادة - لمطة - بوحجر,"[[""ar"", ""معتمدية صيادة - لمطة - بوحجر""], [""fr"", ""Délégation Sayada-Lamta-Bou Hjar""]]",True,True,10.849156379699707,35.6507682800293,10.934000015258789,35.68389892578125,7cd40a5a-174d-499d-8316-5648ffd6d6b4
bac73128-1ed9-433b-8d4d-6edc22c55551,TN,TN-52,locality,,land,خنيس,"[[""ar"", ""خنيس""], [""fr"", ""Khenis""]]",True,True,10.806642532348633,35.691707611083984,10.8330717086792,35.71702575683594,988b158a-aff5-4cfc-a7f7-4971559df585
a8548521-0cfb-431a-ba34-04a27df0571b,TN,TN-21,locality,,land,El Haouaria Est,"[[""en"", ""Eastern El Haouaria""], [""ar"", ""الهوارية الشرقية""], [""fr"", ""El Haouaria Est""]]",True,True,11.04757022857666,37.02642822265625,11.06232738494873,37.04467010498047,f9523655-e029-4ee7-b6d6-69cc76293fa6
a8d4463d-6337-4710-aecb-4c3768838b56,TN,TN-53,locality,,land,أولاد مولاهم الشمالية,"[[""ar"", ""أولاد مولاهم الشمالية""], [""fr"", ""Ouled Moulahem Nord""]]",True,True,10.418758392333984,35.318359375,10.481947898864746,35.39198303222656,69f1704b-d39f-4a7c-bd95-f0d8c1fefc33
77b32ff2-5b51-4591-8bb3-56d995f0c02c,TN,TN-53,county,2,land,معتمدية السواسي,"[[""ar"", ""معتمدية السواسي""], [""fr"", ""Délégation Essouassi""]]",True,True,10.371272087097168,35.22802734375,10.672127723693848,35.45354080200195,0f8773d8-c447-40aa-bc10-737498bc699d
dd8483c6-20f4-4de1-8a8c-0650ea37a7d0,TN,TN-51,locality,,land,هرقلة,"[[""ar"", ""هرقلة""], [""fr"", ""Hergla""], [""fa"", ""هرقله""], [""en"", ""Hergla""]]",True,True,10.44587230682373,35.96923065185547,10.534263610839844,36.088523864746094,18b3f76d-5388-4b12-ab6f-8cdabd540aab
10649592-bbc6-4388-9dff-1f212d03e180,TN,TN-53,locality,,land,سلقطة,"[[""ar"", ""سلقطة""], [""fr"", ""Salakta""], [""en"", ""Salakta""]]",True,True,10.993898391723633,35.36778259277344,11.0503511428833,35.448421478271484,e0b540f5-ac1c-4c62-95d5-8a8a13061884
d2047b56-4305-423f-a182-72a061986274,TN,TN-61,locality,,land,السلطنية,"[[""ar"", ""السلطنية""], [""fr"", ""Saltania""]]",True,True,10.786966323852539,34.77341842651367,10.836162567138672,34.81201934814453,035619fd-be26-4e68-b52f-735c5b84863e
a30fd66b-9854-4c6c-956f-e581c83ac1b6,TN,TN-53,locality,,land,السواسي,"[[""ar"", ""السواسي""], [""fr"", ""Essouassi""], [""en"", ""Souassi""]]",True,True,10.517882347106934,35.28549575805664,10.584186553955078,35.3729133605957,dc2564a0-2fd7-47dd-80a6-a99a0d878ff1
9718d5a7-6170-43e4-bfde-f00a4607c1fc,TN,TN-53,locality,,land,أولاد عمر,"[[""ar"", ""أولاد عمر""], [""fr"", ""Ouled Amor""]]",True,True,10.375594139099121,35.44025421142578,10.462834358215332,35.49836730957031,46aaaf5d-769c-434a-bf91-2aa864a17da0
ca83f80c-34e5-4095-8fdb-1607f4d66f5e,TN,TN-21,locality,,land,وادي الخطف,"[[""ar"", ""وادي الخطف""], [""fr"", ""Oued El Khatef""], [""en"", ""Oued El Khatef""]]",True,True,10.992363929748535,36.805171966552734,11.071187973022461,36.89044952392578,498304ee-7316-45ef-879a-8ced50e374c9
00fd655f-6c86-4274-9523-453302e1c4a8,TN,TN-61,locality,,land,جبنيانة,"[[""ar"", ""‫جبنيانة‬""], [""fr"", ""Jebeniana""], [""en"", ""Jebiniana""]]",True,True,10.870115280151367,35.01115417480469,10.944097518920898,35.060401916503906,dd7352ce-e6c5-4b64-8167-f1d241b584df
a4682df3-697b-4ad2-a191-b6c0e5505e68,TN,TN-21,locality,,land,وزدرة,"[[""ar"", ""وزدرة""], [""fr"", ""Ouezdra""]]",True,True,11.082763671875,36.88069152832031,11.116595268249512,36.909690856933594,88977f9e-a721-469f-ab24-ea72599677cf
a88a21b1-1109-40a8-b2c5-6c4468cfacdf,TN,TN-52,locality,,land,قصر هلال,"[[""ar"", ""قصر هلال""], [""fr"", ""Ksar Hellal""], [""azb"", ""قصر هلال""], [""ur"", ""قصر ہلال""], [""ru"", ""Ксар-Хеллаль""], [""en"", ""Ksar Hellal""], [""fa"", ""قصر هلال""]]",True,True,10.84194564819336,35.61076354980469,10.895390510559082,35.64697265625,7e2ba99e-d48c-40be-add8-bf60467d4ed6
02e42be9-541f-48dd-a6ba-e8e834cf5a90,TN,TN-61,microhood,,land,ساحة القصبة,"[[""en"", ""Kasbah Square""], [""ar"", ""ساحة القصبة""], [""fr"", ""place de la Kasbah""]]",True,True,10.759824752807617,34.732704162597656,10.760397911071777,34.73316192626953,fd296001-500b-48a4-80ef-a59103a66b30
c0c0fea5-53d9-4324-b83a-196257e7bf96,TN,TN-53,locality,,land,السعد,"[[""ar"", ""السعد""], [""fr"", ""Essaad""], [""en"", ""Essaadi""]]",True,True,10.900405883789062,35.44504928588867,10.979240417480469,35.508148193359375,ee962560-b88d-451c-a0ee-1b0e4b8ce6b0
a03415c7-36b4-444a-8acd-a0574b12cc4f,TN,TN-61,locality,,land,المدينة,"[[""ar"", ""المدينة""], [""fr"", ""La Médina""]]",True,True,10.752358436584473,34.733028411865234,10.764881134033203,34.74319076538086,0ae90741-728f-4a57-a623-8a6a7e04e849
f867d27d-ce9e-449e-a0c4-2a29bcd17e9b,TN,TN-52,county,2,land,معتمدية المكنين,"[[""ar"", ""معتمدية المكنين""], [""fr"", ""Délégation Moknine""]]",True,True,10.730864524841309,35.4227409362793,10.947052955627441,35.65107727050781,61236284-ce62-456e-994d-c632d55c15bd
6e7f7858-8b60-400e-924c-3806aef78136,TN,TN-21,locality,,land,الحمامات الغربية,"[[""ar"", ""الحمامات الغربية""], [""fr"", ""Hammamet Ouest""]]",True,True,10.567577362060547,36.39793395996094,10.612446784973145,36.42726135253906,91ab1a45-6ecb-4207-9ee7-f7adef842fc9
585da67e-dc16-456d-bffb-c2b0cb0f95a8,TN,TN-61,locality,,land,الكلابين,"[[""ar"", ""الكلابين""], [""fr"", ""El Kallabine""], [""en"", ""El Kallabine""]]",True,True,11.206530570983887,34.70356369018555,11.265880584716797,34.75014114379883,0a00f296-ecb0-4f20-ba50-75e04991939b
4d09d9e9-f6d1-446c-b1da-2f4d3942425c,TN,TN-13,county,2,land,معتمدية حمام الشط,"[[""ar"", ""معتمدية حمام الشط""], [""fr"", ""Délégation Hammam Chott""]]",True,True,10.351762771606445,36.64481735229492,10.418740272521973,36.72419357299805,ceaacb24-6b36-4d6f-a908-106250ca83a5
edd152d0-f773-4682-86a7-f969ffe23ca3,TN,TN-21,locality,,land,القبة الكبيرة,"[[""ar"", ""القبة الكبيرة""], [""fr"", ""Kobba Lekbira""]]",True,True,10.553098678588867,36.57759475708008,10.614460945129395,36.629051208496094,71522bb4-79b0-46cf-8bae-72466c694d90
3e8f8d75-20f5-42aa-9da3-e52f8e9b45c4,TN,TN-52,locality,,land,الوردانين الجنوبية,"[[""ar"", ""الوردانين الجنوبية""], [""fr"", ""Ouerdanine Sud""]]",True,True,10.625277519226074,35.666236877441406,10.705409049987793,35.721317291259766,63b8459e-5099-413d-a2a4-566b45271935
60ea1f9e-7979-4df9-9216-d3781449bc8d,TN,TN-21,locality,,land,بو شراي,"[[""ar"", ""بو شراي""], [""fr"", ""Bou Charray""]]",True,True,10.472757339477539,36.634803771972656,10.563780784606934,36.69016647338867,ab5d0550-552c-411d-a220-86ca6fafadb2
7c3aeaf6-6795-42ad-a5ce-cd5b8365c6d2,TN,TN-61,locality,,land,التربة,"[[""ar"", ""التربة""], [""fr"", ""Ettorba""]]",True,True,10.348280906677246,34.7472038269043,10.555590629577637,34.8595085144043,f96f1006-c99c-4ffa-b5b7-3ee8c06336d1
e52d558b-f961-4106-96d1-c47d542c2a33,TN,TN-21,county,2,land,معتمدية الميدة,"[[""ar"", ""معتمدية الميدة""], [""fr"", ""Délégation El Mida""]]",True,True,10.734538078308105,36.649471282958984,10.963525772094727,36.79298400878906,198db6a4-8aa3-4008-be20-3da5645299ee
23fbc743-33fe-43de-a44e-f7a86c4949d8,TN,TN-61,macrohood,,land,الربض,"[[""en"", ""Erbadh""], [""ar"", ""الربض""], [""fr"", ""Erbadh""]]",True,True,10.749757766723633,34.743499755859375,10.759642601013184,34.75347137451172,ec4b1df4-6cba-420d-a5ac-2d55bd2cce98
6c27e3d0-bc10-42b2-8f48-2d67a70e13db,TN,TN-61,locality,,land,ساقية الزيت,"[[""ar"", ""ساقية الزيت""], [""fr"", ""Sakiet Ezzit""], [""en"", ""Sakiet Ezzit""]]",True,True,10.75007438659668,34.78977966308594,10.784875869750977,34.82098388671875,f1c29b8f-73f0-4e4e-a565-0c92b3747c48
29e68542-4583-4cc6-bd2a-8c1ff6c565f1,TN,TN-21,locality,,land,دار شعبان,"[[""ar"", ""دار شعبان""], [""fr"", ""Dar Chaabane""]]",True,True,10.721100807189941,36.45575714111328,10.768014907836914,36.484169006347656,68a7c828-3c05-4612-a819-075d0a92ca68
dbf13e1f-3f31-4813-a1ce-049932428bfc,TN,TN-51,locality,,land,الكنايس,"[[""ar"", ""الكنايس""], [""fr"", ""El Knaies""], [""en"", ""Knaïs""]]",True,True,10.41313648223877,35.59169387817383,10.542834281921387,35.70535659790039,dfcc01db-beea-4f72-bed5-196ccfbce47b
361f8d2b-2af9-4a9c-9092-2beb40e5ec1b,TN,TN-21,locality,,land,بوجريدة,"[[""ar"", ""بوجريدة""], [""fr"", ""Boujrida""], [""en"", ""Boujrida""]]",True,True,10.694944381713867,36.570980072021484,10.782959938049316,36.63787078857422,9cdfaf7e-36b1-45c7-80a2-39f51be05e5a
cf0e63a2-9794-423f-8cef-8804eb171e91,TN,TN-53,locality,,land,زالبة الشرقية,"[[""ar"", ""زالبة الشرقية""], [""fr"", ""Zalba Est""]]",True,True,10.837563514709473,35.16872787475586,10.942363739013672,35.28623580932617,89f263db-385c-494c-b74e-7b5510ba43e7
26e65403-8f27-4497-81de-74703b396089,TN,TN-21,locality,,land,تزغران الغربية,"[[""ar"", ""تزغران الغربية""], [""fr"", ""Tazaghrane Ouest""]]",True,True,10.765753746032715,36.82059097290039,10.902796745300293,36.93819046020508,4dc4eee0-a63e-4e03-a826-ec679e8faf5c
8f618172-2998-4f3e-b469-bbbc9c970a19,TN,TN-21,locality,,land,قربة الغربية,"[[""ar"", ""قربة الغربية""], [""fr"", ""Korba Ouest""]]",True,True,10.806760787963867,36.557167053222656,10.867630958557129,36.5980224609375,17ca7068-63f6-4d77-858e-e912e6dd1743
463f90e1-bc14-4ce3-8bc2-e0af255ad1ee,TN,TN-21,locality,,land,منارة الحمامات,"[[""ar"", ""منارة الحمامات""], [""aeb"", ""براكة الساحل""], [""fr"", ""Manaret El Hammamet""], [""en"", ""Mnaret El Hammamet""]]",True,True,10.495832443237305,36.352821350097656,10.576348304748535,36.43974685668945,85030695-b63f-45cb-824e-87922c81ede6
8fb85cb0-2cee-4930-b0f0-f817d3c09007,TN,TN-53,locality,,land,النزهة,"[[""ar"", ""النزهة""], [""fr"", ""Ennozha""]]",True,True,10.814336776733398,35.14514923095703,10.894888877868652,35.20142364501953,3d7df799-651a-4226-88f6-a73c9db4a1c3
e3358a6f-97ff-4d33-b554-5160c5c3d764,TN,TN-21,locality,,land,نيابوليس,"[[""ar"", ""نيابوليس""], [""fr"", ""Neapolis""]]",True,True,10.674115180969238,36.42612838745117,10.736895561218262,36.45353698730469,21f3551f-2160-49dc-9663-c235201cf862
4e984d20-6a28-49b1-aa19-c02a2e42987d,TN,TN-52,locality,,land,وادي الجبس,"[[""ar"", ""وادي الجبس""], [""fr"", ""Oued El Jebs""]]",True,True,10.651017189025879,35.66363525390625,10.687349319458008,35.695247650146484,2c1306e8-dfb4-492a-8363-0f03dbb11236
f2f04fee-c863-440d-bbda-3e1457f6576d,TN,TN-53,locality,,land,زويلة,"[[""ar"", ""زويلة""], [""fr"", ""Zouila""]]",True,True,11.050986289978027,35.501224517822266,11.064352989196777,35.51213836669922,629dab79-db17-4c26-ba6b-a21bec6dccb4
70ce599d-017f-4a06-a9c2-190f2c768acd,TN,TN-61,locality,,land,مركز كعنيش,"[[""ar"", ""مركز كعنيش""], [""fr"", ""Merkez Kaaniche""]]",True,True,10.764972686767578,34.761627197265625,10.787944793701172,34.77998352050781,c5f5414c-a1b5-41ad-89ab-ad6ba90d0e4c
8d9e84a6-3905-4bd9-8bda-ae50fa51fdaf,TN,TN-21,locality,,land,حمام الجبلي,"[[""en"", ""Hammam Jebli""], [""ar"", ""حمام الجبلي""], [""fr"", ""Hammam Jebli""]]",True,True,11.097195625305176,36.88478469848633,11.101553916931152,36.895992279052734,28666fd6-1983-448b-af2e-a2692c2196d7
98a5eb09-cc06-4384-b2d9-7324a272dd2a,TN,TN-53,locality,,land,الزعيرات,"[[""ar"", ""الزعيرات""], [""fr"", ""Ezzairat""]]",True,True,10.388202667236328,35.281517028808594,10.443041801452637,35.329063415527344,fc6f1a7f-038e-4c77-9872-1d0b310e7c5c
4dfb5c70-b9fc-4094-b61f-1c03f6c252f1,TN,TN-51,locality,,land,سيدي عبد الحميد,"[[""ar"", ""سيدي عبد الحميد""], [""fr"", ""Sidi Abdlahmid""]]",True,True,10.64993667602539,35.781341552734375,10.687376022338867,35.8090705871582,aed364d5-0dcb-4ae6-a283-2add55106c4e
45d1b7f3-d1ce-4b4e-8e58-475090fc99ef,TN,TN-21,locality,,land,زاوية الجديدي,"[[""ar"", ""زاوية الجديدي""], [""fr"", ""Zaouiet Jdidi""], [""en"", ""Zaouiet Djedidi""]]",True,True,10.523619651794434,36.590206146240234,10.656099319458008,36.6609001159668,3fc2e6bc-2e42-4bea-8c54-e68271c6280d
fc3ef2cc-710a-46f1-bafd-88813c33c25d,TN,TN-21,locality,,land,تزغران الشرقية,"[[""ar"", ""تزغران الشرقية""], [""fr"", ""Tazaghrane Est""]]",True,True,10.856555938720703,36.86935806274414,10.928302764892578,36.93763732910156,2d48f070-9cec-45b5-9955-0a5fa3ed545d
920cfc61-96cc-4960-9c3e-ea9e76481569,TN,TN-61,locality,,land,دخان,"[[""ar"", ""‫دخان‬""], [""fr"", ""Dokhane""]]",True,True,10.748727798461914,34.97438430786133,10.836091995239258,35.0318489074707,c31ec85b-fdf6-4041-80c1-91c96ef66810
1372f529-c549-44b7-b4b9-f2c14ce841b1,TN,TN-52,locality,,land,مسجد عيسى,"[[""ar"", ""مسجد عيسى""], [""fr"", ""Masjed Aïssa""], [""en"", ""Mesjed-Aïssa""]]",True,True,10.69437313079834,35.70173263549805,10.740560531616211,35.73554611206055,11276053-3def-4b53-9f53-6b701d451253
2143b1b9-93a2-4cb0-be51-14dfa33debd9,TN,TN-53,locality,,land,قصور الساف التقدم,"[[""ar"", ""قصور الساف التقدم""], [""fr"", ""Ksour Essaf Ettakaddoum""]]",True,True,10.918034553527832,35.40041732788086,10.990482330322266,35.46406173706055,04d23acb-9517-4500-be01-e9e6fd96f691
2bcf381d-f565-4bdb-a099-7e0ef2581dd3,TN,TN-21,locality,,land,حلفة,"[[""ar"", ""حلفة""], [""fr"", ""Halfa""]]",True,True,10.685768127441406,36.5594482421875,10.747808456420898,36.59670639038086,319f60e9-dd30-4124-8c6b-a8a78849c5aa
c746a11b-1bc4-4a18-bdd1-3c1d4fad6af9,TN,TN-21,locality,,land,الوديان,"[[""ar"", ""الوديان""], [""fr"", ""El Ouediane""], [""en"", ""El Ouediane""]]",True,True,10.757946014404297,36.76298141479492,10.89594841003418,36.85536575317383,5408637f-8a0b-4779-acc1-6601ad715088
336bbb34-fcd3-477b-abcb-f7846cb76cce,TN,TN-51,locality,,land,أكودة الغربية,"[[""ar"", ""أكودة الغربية""], [""fr"", ""Akouda Ouest""]]",True,True,10.546304702758789,35.86487579345703,10.569169998168945,35.90037155151367,13ac1358-e6dc-4179-887c-01a2c1c112a7
c19711fe-41ef-4d97-b352-a3691e8ed703,TN,TN-21,locality,,land,Errahma,,True,True,10.722332954406738,36.71542739868164,10.727385520935059,36.71876907348633,0fa95c00-7834-4425-adf2-41867de33a11
4d627985-4c9b-4743-a991-55dc30c1d4db,TN,TN-21,locality,,land,بير دراسن,"[[""ar"", ""بير دراسن""], [""fr"", ""Bir Drassen""]]",True,True,10.644157409667969,36.584991455078125,10.743033409118652,36.6635627746582,15b35d5a-2851-4d71-a4f5-4f36cf52b2d3
ac2bde6b-5c53-4575-ad2d-676426c2ba4a,TN,TN-52,locality,,land,جمال الجوفية,"[[""ar"", ""جمال الجوفية""], [""fr"", ""Jammel Nord""]]",True,True,10.694782257080078,35.62025833129883,10.761317253112793,35.64424514770508,83254290-df2b-4e58-bfa2-e8816249393a
c7fddd39-8769-47b7-b936-9576e222a610,TN,TN-61,locality,,land,بليانة,"[[""ar"", ""بليانة""], [""fr"", ""Beliana""], [""en"", ""Beliana""]]",True,True,10.903362274169922,34.96952819824219,10.970597267150879,35.018455505371094,5d4a0207-1b9c-4759-9222-fbac63ae4e14
f67dcf6b-2f78-4c61-b0df-ff380f6a8eb3,TN,TN-61,locality,,land,الأعشاش,"[[""ar"", ""الأعشاش""], [""fr"", ""El Achech""]]",True,True,10.519967079162598,35.097557067871094,10.620648384094238,35.24197006225586,a585c8b6-a5c1-47f0-ad6b-6df006bfcc57
0181d548-87b6-47e9-9405-1ad33a6e9f7f,TN,TN-61,microhood,,land,المائة متر,"[[""en"", ""100 Mètres""], [""ar"", ""المائة متر""], [""fr"", ""Square 100 Meters""]]",True,True,10.76241397857666,34.733055114746094,10.763345718383789,34.734222412109375,19f0aa81-b313-465e-90af-eaa6ab87b829
802c8456-e04e-485b-a206-1dcfa87c2b4e,TN,TN-61,locality,,land,السلام,"[[""en"", ""As Salam""], [""ar"", ""السلام""], [""fr"", ""Essalam""], [""de"", ""As-Salam""]]",True,True,10.79455280303955,34.9509162902832,10.869056701660156,34.9975471496582,9530c144-7228-42d5-9069-fc0922475182
d7493123-9e87-428a-a5f2-b421de8d0818,TN,TN-61,locality,,land,الهدى,"[[""ar"", ""الهدى""], [""fr"", ""El Houda""]]",True,True,10.692923545837402,34.7329216003418,10.726213455200195,34.753971099853516,b6540f2f-516e-4f97-b088-05a8681f30a3
7d7ae54e-918c-4e2c-a2a7-eeae9be5e619,TN,TN-21,locality,,land,بني خيرة,"[[""en"", ""Beni Khira""], [""ar"", ""بني خيرة""], [""fr"", ""Beni Khira""]]",True,True,10.910601615905762,36.99213409423828,10.936643600463867,37.005027770996094,47e9fa7a-e6fe-4711-8ad8-af30ccc46d6b
d4e27d74-1201-4164-82c3-899eb8dd9fe9,TN,TN-21,locality,,land,منزل بوزلفة الشمالية,"[[""ar"", ""منزل بوزلفة الشمالية""], [""fr"", ""Menzel Bouzelfa Nord""]]",True,True,10.58420181274414,36.67027282714844,10.68729305267334,36.72751998901367,a69d0482-271c-49eb-aa63-b24c7f0db0e8
2e3dff16-ed6e-4ee0-a4ad-a65e07f64f04,TN,TN-61,locality,,land,السدرة,"[[""ar"", ""السدرة""], [""fr"", ""Essedra""]]",True,True,10.73536205291748,34.801780700683594,10.783526420593262,34.85390853881836,44e00a6c-f889-4df7-9f17-4213007dafd0
af8c7fa9-a8f7-43b0-9cda-51987506a4e2,TN,TN-21,locality,,land,بني خلاد الشمالية,"[[""ar"", ""بني خلاد الشمالية""], [""fr"", ""Beni Khalled Nord""]]",True,True,10.554322242736816,36.62738800048828,10.599478721618652,36.67161560058594,91e940c3-185a-43f2-b375-6cdd0bd679b3
c15cf8bb-dcc5-4d2f-b896-e1a79fd6abb2,TN,TN-51,locality,,land,زاوية سوسة,"[[""ar"", ""زاوية سوسة""], [""fr"", ""Zaouiet Sousse""]]",True,True,10.575063705444336,35.768890380859375,10.658516883850098,35.80268859863281,f1dab3b3-869a-4ee7-97af-f8fa848fabee
71ccc60a-402a-4b39-8551-e1907ddc9510,TN,TN-51,locality,,land,القلعة الصغرى حشاد,"[[""ar"", ""القلعة الصغرى حشاد""], [""fr"", ""El Kalaa Essghira Hached""]]",True,True,10.496170043945312,35.811546325683594,10.563055038452148,35.85137176513672,1417713e-42fe-4bf2-8ff4-c859efc1edf5
8ab8c150-d9d1-44b8-a317-6d946b005dd9,TN,TN-53,locality,,land,القواسم الغربية,"[[""ar"", ""القواسم الغربية""], [""fr"", ""El Gouacem Ouest""]]",True,True,10.367849349975586,35.08891296386719,10.478580474853516,35.18798065185547,88b5d8f1-337d-4029-a92c-cb5b9d917662
985d01d0-3675-488d-857d-bf6b2f13e20a,TN,TN-21,locality,,land,بني خلاد الجوفية,"[[""ar"", ""بني خلاد الجوفية""], [""fr"", ""Beni Khalled Sud""]]",True,True,10.586112976074219,36.61228942871094,10.666472434997559,36.64604949951172,bc78713c-848d-4317-b6dd-1129ee7ddb32
2b17fc83-9513-4793-8862-a1c9ebf9d2f9,TN,TN-52,locality,,land,بنان الجوفية,"[[""ar"", ""بنان الجوفية""], [""fr"", ""Benen Nord""]]",True,True,10.803788185119629,35.66458511352539,10.84069538116455,35.6871337890625,bb9b21f4-1c7f-4607-ae63-cc87e4b3967e
8d93a3cd-8772-41e8-be04-ca23b06a5f9e,TN,TN-61,locality,,land,باب بحر,"[[""ar"", ""باب بحر""], [""fr"", ""Bab Bhar""]]",True,True,10.755130767822266,34.71112060546875,10.788219451904297,34.75493621826172,86a28555-3536-49c6-8922-2072b9661079
2df4bb42-9dfb-44fd-b04c-f60bfff4d6c2,TN,TN-21,locality,,land,بني عبد العزيز,"[[""ar"", ""بني عبد العزيز""], [""fr"", ""Beni Abdelaziz""], [""en"", ""Beni Abdelaziz""]]",True,True,10.923503875732422,36.79025650024414,11.015955924987793,36.87852478027344,2ef8ec52-09ee-4e8e-8abc-963b5dd2865a
15237221-9c28-4016-af25-0c663256580a,TN,TN-51,locality,,land,سيدي مطير,"[[""ar"", ""سيدي مطير""], [""fr"", ""Sidi Mtir""], [""en"", ""Sidi Mtir""]]",True,True,10.434028625488281,36.32530975341797,10.531851768493652,36.39177322387695,4f864f63-27cd-4db9-a9f0-be8e32aef806
9818082d-56bb-45c3-8aba-545e9170a450,TN,TN-52,locality,,land,جمال القبلية,"[[""ar"", ""جمال القبلية""], [""fr"", ""Jammel Sud""]]",True,True,10.757689476013184,35.590171813964844,10.792928695678711,35.625308990478516,6d68aa63-41b5-403f-8243-5f66dedecdc8
d90084a7-43dc-4116-bb10-2bb08f162603,TN,TN-21,locality,,land,بلّي,"[[""ar"", ""بلّي""], [""fr"", ""Belli""]]",True,True,10.550264358520508,36.520362854003906,10.650771141052246,36.58249282836914,790b2190-e2d2-4274-940a-91c9d16d0251
e1e67dd4-c6f2-46dd-9015-41e81522baf8,TN,TN-52,locality,,land,معتمر,"[[""ar"", ""معتمر""], [""fr"", ""Môotmar""], [""en"", ""Moatamar""]]",True,True,10.667500495910645,35.71900939941406,10.699116706848145,35.76130294799805,32d6aa0a-2db5-4d5a-a17d-5af792b1b17d
c819af21-1a09-48b2-ba1c-c829073f5106,TN,TN-21,microhood,,land,Place el Ebri,,True,True,10.748546600341797,36.466712951660156,10.748756408691406,36.46687316894531,24a48478-4581-42f5-af3f-0bd58963a74b
e4f541dc-b553-4b9a-9eaf-f3f45b15fc20,TN,TN-51,locality,,land,الطنطانة,"[[""ar"", ""الطنطانة""], [""fr"", ""Ettantana""]]",True,True,10.541421890258789,35.89226150512695,10.583745002746582,35.930171966552734,d373ccbb-a661-4869-904a-a457bf7157b0
986f4964-a0ab-4163-9299-1263c410df22,TN,TN-21,county,2,land,معتمدية بو عرقوب,"[[""ar"", ""معتمدية بو عرقوب""], [""fr"", ""Délégation Bou Argoub""]]",True,True,10.487874984741211,36.45890808105469,10.662306785583496,36.5971794128418,97453777-3db5-470e-acdc-71478b8bfe6b
d0b65425-544e-421e-8110-c487a09af9ec,TN,TN-52,locality,,land,طوزة,"[[""ar"", ""طوزة""], [""fr"", ""Touza""], [""azb"", ""طوزه""], [""en"", ""Touza""], [""fa"", ""طوزه""]]",True,True,10.8076171875,35.59195327758789,10.850007057189941,35.64533615112305,ed97ce36-bb19-493f-9411-1e5aab222518
76c12c9a-f4b6-4136-a50b-5ead4fecf6c1,TN,TN-52,locality,,land,صيادة الغربية,"[[""ar"", ""صيادة الغربية""], [""fr"", ""Sayada Ouest""]]",True,True,10.883288383483887,35.6507682800293,10.932134628295898,35.67061233520508,0d6d21e1-7806-4c05-9d5a-db862988aa4e
7c86a764-1d27-46b0-bf61-ffeca82a1fa3,TN,TN-53,locality,,land,الزقانة,"[[""ar"", ""الزقانة""], [""fr"", ""Zegana""]]",True,True,10.966898918151855,35.45356750488281,11.052081108093262,35.49516296386719,2da5b29b-7823-4254-b311-2233b32d67ee
6cc8b3b9-f1f6-4a50-b984-d911e3bb28b5,TN,TN-21,locality,,land,تاكلسة الشمالية,"[[""ar"", ""تاكلسة الشمالية""], [""fr"", ""Takelsa Nord""]]",True,True,10.582901954650879,36.79323196411133,10.669870376586914,36.884307861328125,28a1792c-9e51-4ca9-b38d-0db7e94b6ae1
583f5ca7-9e78-45c1-ad73-4a27ab66381c,TN,TN-21,locality,,land,ديار الحجاج,"[[""ar"", ""ديار الحجاج""], [""fr"", ""Diar El Hojjaj""], [""en"", ""Diar El Hojjej""]]",True,True,10.847472190856934,36.597957611083984,10.917745590209961,36.66231155395508,e988ad0f-21ca-44cd-91f7-881bf14a5d08
4251463d-f590-41ce-892a-0d2045dcbcd1,TN,TN-53,locality,,land,الزهراء,"[[""ar"", ""الزهراء""], [""fr"", ""Ezzahra""]]",True,True,10.957334518432617,35.480648040771484,11.05127239227295,35.519466400146484,47f68414-0b66-43b7-bddc-a77428a1962c
fe8e3124-06ec-4994-9a36-f6a51b6f4a87,TN,TN-21,locality,,land,قليبية,"[[""ar"", ""قليبية""], [""fr"", ""Kelibia""], [""ru"", ""Келибия""], [""en"", ""Kelibia""], [""kab"", ""Qlibya""], [""fa"", ""قليبيه""]]",True,True,11.073580741882324,36.83222961425781,11.122330665588379,36.86800765991211,8d409ac5-5658-45b0-9f70-afce2d0ea5d9
bb4c1bc6-92c6-462a-84cb-e75a83e28263,TN,TN-52,county,2,land,معتمدية البقالطة,"[[""ar"", ""معتمدية البقالطة""], [""fr"", ""Délégation Bekalta""]]",True,True,10.97284984588623,35.55237579345703,11.049903869628906,35.64360809326172,17a39698-47b1-41dd-9a9b-887ed8baadd8
917ab585-691b-4706-aeca-7b8645edb92b,TN,TN-52,locality,,land,بنبلة الغربية,"[[""ar"", ""بنبلة الغربية""], [""fr"", ""Bembla Ouest""]]",True,True,10.750725746154785,35.65794372558594,10.812705039978027,35.70291519165039,2b9bc2b2-452c-4384-8d2e-da4b3a5e7408
3ce9e858-093b-4ba5-a4b3-ff3813683a24,TN,TN-21,locality,,land,الصمعة,"[[""en"", ""Somâa""], [""ar"", ""الصمعة""], [""fr"", ""Somâa""], [""ru"", ""Эс-Сомаа""]]",True,True,10.774234771728516,36.53606414794922,10.788588523864746,36.54787063598633,c24a7ea3-c30b-45c0-b059-85273ea30b79
9b34705f-0238-423f-8f64-618941f19a88,TN,TN-53,county,2,land,معتمدية سيدي علوان,"[[""ar"", ""معتمدية سيدي علوان""], [""fr"", ""Délégation Sidi Alouane""]]",True,True,10.79387378692627,35.14514923095703,10.959872245788574,35.43046188354492,cc4cf3c1-c168-4b2e-b42f-fd1263424c11
4753f31d-a734-4caa-bdf1-01713fc5b490,TN,TN-61,locality,,land,سيدي منصور,"[[""ar"", ""سيدي منصور""], [""fr"", ""Sidi Mansour""], [""en"", ""Sidi Mansour""]]",True,True,10.812714576721191,34.77198791503906,10.872298240661621,34.82172393798828,d08a85f3-1c77-457e-bdff-536633f42918
1db6b8c1-803a-4d34-90f1-e02e3db3f51a,TN,TN-52,locality,,land,مكنين,"[[""en"", ""Moknine""], [""ar"", ""مكنين""], [""fr"", ""Moknine""], [""ru"", ""Мокнин""]]",True,True,10.829378128051758,35.53717041015625,10.947052955627441,35.65107727050781,e6a153a5-fe0b-426d-8bdc-969017bd8518
94668441-f82c-4f63-81a6-32c701e72e9f,TN,TN-53,microhood,,land,بطحاء القاهرة,"[[""en"", ""Cairo Square""], [""ar"", ""بطحاء القاهرة""], [""fr"", ""Place du Caire""], [""ru"", ""Каирская площадь""]]",True,True,11.070490837097168,35.504234313964844,11.0707426071167,35.50447082519531,6e9191aa-bfc9-4a07-aba4-a6f18bc835d7
4679684d-590a-4b25-8807-d219aee6870b,TN,TN-61,locality,,land,البقعة البيضة,"[[""ar"", ""البقعة البيضة""], [""fr"", ""El Bokaa El Bidha""]]",True,True,10.476819038391113,34.870906829833984,10.636926651000977,35.03217697143555,eefef30b-cd31-4b4d-85cd-d506256a954d
9f3eb67c-e0ff-4902-9ced-2a27157e6d28,TN,TN-53,locality,,land,سيدي علوان الغربية,"[[""ar"", ""سيدي علوان الغربية""], [""fr"", ""Sidi Alouane Ouest""]]",True,True,10.892963409423828,35.3331184387207,10.944807052612305,35.39458084106445,a4e61a18-9338-4705-9724-9292101f74c5
8c352d91-3159-42df-a173-2491fa6a4e6d,TN,TN-53,locality,,land,العيثة,"[[""ar"", ""العيثة""], [""fr"", ""El Aitha""]]",True,True,10.960432052612305,35.162776947021484,11.051799774169922,35.20802307128906,f2914601-1e90-4ebe-9bf7-9323b1da4929
54670161-8a92-4abc-b63a-a172b1c80c93,TN,TN-21,locality,,land,داموس الهجة,"[[""ar"", ""داموس الهجة""], [""fr"", ""Damous El Hajja""]]",True,True,10.70119857788086,36.712738037109375,10.770416259765625,36.76948928833008,4672a5e4-c6e7-4510-8e95-52a51f564ae4
7742f7ed-cd4e-4bad-ae3e-2dcc63ecc30c,TN,TN-21,locality,,land,سليمان,"[[""ar"", ""سليمان""], [""fr"", ""Soliman""]]",True,True,10.40379524230957,36.6872444152832,10.548910140991211,36.75304412841797,04b37e9b-aa86-436f-a9cb-dffb022137e6
da092e7e-3fce-4508-9500-689b85c178d6,TN,TN-52,locality,,land,عميرة التوازرة,"[[""ar"", ""عميرة التوازرة""], [""fr"", ""Amiret Touazra""]]",True,True,10.730864524841309,35.43478012084961,10.80130672454834,35.50337219238281,75f71333-15a0-48a1-a185-1cdafbb806ae
ed6848d1-4901-4d82-9b42-5eecc2f3a64c,TN,TN-53,locality,,land,الشابة الجنوبية,"[[""ar"", ""الشابة الجنوبية""], [""fr"", ""Chebba Sud""]]",True,True,11.00521469116211,35.1605224609375,11.166424751281738,35.23832321166992,abad94e7-a407-4dfe-8d1f-a6b064da6515
de7e7b79-e0c2-4e64-9e85-3774cc6eebe3,TN,TN-61,locality,,land,جزيرة قرمدي,"[[""ar"", ""جزيرة قرمدي""], [""fr"", ""Îlot Gremdi""]]",True,True,11.305485725402832,34.74420928955078,11.34310531616211,34.760475158691406,640c24e0-cad5-4178-8140-0c6002c47524
92a684e0-4fed-4413-9fb0-8a003f956165,TN,TN-61,locality,,land,العوادنة,"[[""ar"", ""‫العوادنة‬""], [""fr"", ""El Aouadna""]]",True,True,10.45174503326416,35.039371490478516,10.638978958129883,35.140037536621094,38755653-1e55-469e-bd16-58b79ec6a4f8
2537288c-5151-4e65-936a-cbcec8270293,TN,TN-51,locality,,land,القبليين,"[[""ar"", ""القبليين""], [""fr"", ""Kebiline""]]",True,True,10.594741821289062,35.685630798339844,10.642263412475586,35.733028411865234,39440c1b-4e17-46d2-8c1a-9f9c2340fa9b
23fd54f3-0da6-4766-a408-cf72728627b6,TN,TN-52,locality,,land,الهدادرة,"[[""ar"", ""الهدادرة""], [""fr"", ""El Hdadra""], [""en"", ""Hdadra""]]",True,True,10.577401161193848,35.55537796020508,10.669190406799316,35.648353576660156,c454b8f8-47d1-42e1-8d57-a367824c54d0
