GERS ID,Country (ISO),Region (ISO 3166-2),Subtype,Admin Level,Class,Primary Name,Common Names (JSON),Is Land,Is Territorial,BBox xmin,BBox ymin,BBox xmax,BBox ymax,Division ID
18936b03-c730-454d-bc3e-cb3b17781fbb,VN,VN-44,microhood,,land,Quảng trường biển Grand World,,True,True,103.85214233398438,10.322784423828125,103.85377502441406,10.324713706970215,15d49b99-0826-4920-8c54-30fae04c0f2a
9158ecab-3f00-44a2-8c44-13780aab10bb,VN,VN-44,locality,,land,Đặc khu Phú Quốc,"[[""zh-Hant"", ""富國特區""], [""zh-Hans"", ""富国特区""], [""zh"", ""富国特区""], [""th"", ""เกาะฟู้โกว๊ก""]]",True,True,103.80807495117188,9.801607131958008,104.0984878540039,10.452596664428711,2f2b9e00-86e8-4502-b8e4-2e937aac4ac2
4990ba98-1029-4f82-bb2e-cb3592774040,VN,VN-44,locality,,land,Xã Tiên Hải,"[[""zh-Hant"", ""仙海社""], [""fa"", ""قصبه تیئن‌های""], [""zh-Hans"", ""仙海社""], [""zh"", ""仙海社""]]",True,True,104.23626708984375,10.205357551574707,104.35218811035156,10.323596000671387,9d369ce2-69c8-4bd1-9e46-6bbc70f33859
63b60028-3b1b-4ed9-864f-cff4c474a5e0,VN,VN-44,region,1,maritime,Tỉnh An Giang,"[[""bs"", ""Provincija An Giang""], [""hr"", ""Provincija An Giang""], [""ar"", ""مقاطعة آن جيانج""], [""fr"", ""Province de An Giang""], [""lv"", ""Anzanas province""], [""uk"", ""Провінція Анзянґ""], [""pt-PT"", ""Província de An Giang""], [""pt"", ""Província An Giang""], [""cs"", ""Provincie An Giang""], [""el"", ""Επαρχία Αν Γκιάνγκ""], [""it"", ""Provincia An Giang""], [""ca"", ""Província d'An Giang""], [""pt-BR"", ""Província de An Giang""], [""vi"", ""Tỉnh An Giang""], [""nl"", ""Provincie van An Giang""], [""zh-Hans"", ""安江省""], [""bg"", ""Провинция Ан Жианг""], [""ko"", ""안장성""], [""et"", ""An Giangi provints""], [""de"", ""Provinz An Giang""], [""ru"", ""Анзянг""], [""th"", ""จังหวัดอันจีอัง""], [""id"", ""Provinsi An Giang""], [""sr-Latn"", ""An Giang oblast""], [""sv"", ""An Giang-provinsen""], [""tr"", ""Eyaleti An Giang""], [""da"", ""An Giang-provinsen""], [""zh-Hant"", ""安江省""], [""en"", ""An Giang Province""], [""he"", ""מחוז אן ג'יאנג""], [""sk"", ""Provincia An Giang""], [""es"", ""Provincia An Giang""], [""ja"", ""アンザン""], [""fi"", ""An Giangin maakunta""], [""ro"", ""Provincia An Giang""], [""lt"", ""Anziango provincija""], [""no"", ""An Giang-provinsen""], [""sl"", ""Provinca An Giang""], [""fa"", ""استان آن‌جانگ""], [""zh"", ""安江省""], [""ms"", ""Provinsi An Giang""], [""hu"", ""An Giang tartomány""], [""pl"", ""Prowincja An Giang""]]",False,True,103.05223083496094,8.994555473327637,105.57563018798828,10.962291717529297,92b3c20d-51b6-495a-9c39-5d7d280e590f
26db2887-6ebc-4d7f-b062-d07cb5e1ccaa,VN,VN-44,locality,,land,Đặc khu Thổ Châu,"[[""zh-Hant"", ""土珠特區""], [""zh-Hans"", ""土珠特区""], [""zh"", ""土珠特区""]]",True,True,103.4504165649414,9.25429630279541,103.64745330810547,9.38683032989502,91706065-3b8e-4edd-8029-a387882b378e
c92f50ef-cbf2-4701-8b76-676288dcc616,VN,VN-01,locality,,land,Xã Tân Uyên,,True,True,103.61565399169922,22.037504196166992,103.87284851074219,22.241634368896484,00916154-1579-40ae-90f1-71003851d44d
55f3ff14-9558-49ff-a64c-63898d78f481,VN,VN-05,locality,,land,Phường Chiềng An,"[[""en"", ""Chiềng An Ward""], [""vi"", ""Phường Chiềng An""]]",True,True,103.8077621459961,21.326154708862305,103.9850082397461,21.442800521850586,622c8bba-695c-4b7b-9e82-13bffb3f10f1
56e610f9-51d3-413a-b0a5-4867c0657958,VN,VN-71,locality,,land,Xã Sam Mứn,"[[""en"", ""Sam Mứn Commune""], [""vi"", ""Xã Sam Mứn""]]",True,True,102.86702728271484,21.112606048583984,103.0245590209961,21.30186653137207,13f3c266-d4c6-4bac-babc-be981cbce28f
274e3918-f986-450e-abea-db601445b7c3,VN,VN-05,region,1,land,Tỉnh Sơn La,"[[""bs"", ""Provincija Son La""], [""hr"", ""Provincija Son La""], [""ar"", ""مقاطعة سون لا""], [""fr"", ""Province Sơn La""], [""lv"", ""Sonlas province""], [""uk"", ""Провінція Шонла""], [""pt-PT"", ""Província de Son La""], [""pt"", ""Província Sơn La""], [""cs"", ""Provincie Sơn La""], [""el"", ""Επαρχία Σον Λα""], [""it"", ""Provincia Sơn La""], [""ca"", ""Província de Son La""], [""pt-BR"", ""Província de Son La""], [""vi-Hani"", ""省山羅""], [""vi"", ""Tỉnh Sơn La""], [""nl"", ""Provincie van Sơn La""], [""zh-Hans"", ""山罗省""], [""bg"", ""Провинция Сон Ла""], [""ko"", ""선라성""], [""et"", ""Son La provints""], [""de"", ""Provinz Sơn La""], [""ru"", ""Сон-Ла""], [""th"", ""จังหวัดซอนลา""], [""id"", ""Provinsi Sơn La""], [""sr-Latn"", ""Son La provincija""], [""sv"", ""Sơn La-provinsen""], [""tr"", ""Eyaleti Sơn La""], [""da"", ""Sơn La-provinsen""], [""zh-Hant"", ""山羅省""], [""en"", ""Sơn La Province""], [""he"", ""מחוז סון לה""], [""sk"", ""Provincia Son La""], [""es"", ""Provincia Sơn La""], [""ja"", ""ソンラ""], [""fi"", ""Son Lan maakunta""], [""ro"", ""Provincia Sơn La""], [""lt"", ""Šonla provincija""], [""no"", ""Sơn La-provinsen""], [""sl"", ""Provinca Son La""], [""zh"", ""山罗省""], [""ms"", ""Provinsi Sơn La""], [""hu"", ""Son La tartomány""], [""pl"", ""Prowincja Sơn La""]]",True,True,103.21224212646484,20.5730037689209,105.02532196044922,22.030704498291016,edfd696a-b270-466f-8585-98a4918e25c6
cc8a2f4d-2d96-49a1-be41-d9af69330760,VN,VN-01,microhood,,land,Quảng trường Nhân Dân,"[[""en"", ""People's Square""], [""zh"", ""人民广场""], [""id"", ""Alun-alun Rakyat""]]",True,True,103.4729232788086,22.38865089416504,103.47576904296875,22.391544342041016,c619a001-372b-4a8e-a2ee-bc99d7aee024
9899c598-c107-4d40-92c9-6b058e15bd3c,VN,VN-22,locality,,land,Xã Hữu Kiệm,"[[""en"", ""Hữu Kiệm Commune""], [""vi"", ""Xã Hữu Kiệm""]]",True,True,104.14336395263672,19.300045013427734,104.34833526611328,19.510251998901367,ceae435b-5bb6-430f-a8b5-52cd95876e69
1245b169-e6b9-4e95-8cf2-981e5c60d64e,VN,VN-71,locality,,land,Xã Tủa Thàng,"[[""en"", ""Tủa Thàng Commune""], [""vi"", ""Xã Tủa Thàng""]]",True,True,103.36122131347656,21.909597396850586,103.50579833984375,22.156511306762695,09835f24-78ae-4bb1-a5eb-b04f099d02b3
64c11ce0-6f88-48f4-9c90-bf0fba0ae51c,VN,VN-71,locality,,land,Xã Mường Tùng,"[[""en"", ""Mường Tùng Commune""], [""vi"", ""Xã Mường Tùng""]]",True,True,102.98704528808594,21.84877586364746,103.185791015625,22.055665969848633,7cef4a3f-1165-43fb-9fb6-8a08015727d6
d22b7d46-4cfb-4068-ab0d-c01cd0e82bf9,VN,VN-02,locality,,land,Xã Trạm Tấu,"[[""en"", ""Trạm Tấu Commune""], [""vi"", ""Xã Trạm Tấu""]]",True,True,104.287353515625,21.443220138549805,104.50300598144531,21.66932487487793,9567d79c-8944-4e51-bac8-6c693f46374b
c447eff7-bf40-4851-8e2c-b0aba7a00fed,VN,VN-71,locality,,land,Xã Si Pa Phìn,"[[""en"", ""Si Pa Phìn Commune""], [""vi"", ""Xã Si Pa Phìn""]]",True,True,102.8492660522461,21.702373504638672,103.00071716308594,21.91729164123535,be8d3d2e-a143-484a-8333-6f42f291bfd4
2b476b07-bc3e-4d20-9907-1ac35c1fa99d,VN,VN-01,locality,,land,Xã Lê Lợi,,True,True,103.06036376953125,22.061281204223633,103.2534408569336,22.30772590637207,c87c40d3-30aa-43a7-ad12-6b66acbc8619
2b0903fc-cc35-49b6-9d05-c5c5241192cb,VN,VN-02,locality,,land,Xã Bảo Hà,"[[""en"", ""Bảo Hà Commune""], [""vi"", ""Xã Bảo Hà""]]",True,True,104.20860290527344,22.083538055419922,104.4197769165039,22.30181884765625,71074db9-5e52-4543-b849-de6d204ef52a
f851441e-0795-4522-88e1-6c030925e9fb,VN,VN-02,locality,,land,Xã Lao Chải,"[[""en"", ""Lao Chải Commune""], [""vi"", ""Xã Lao Chải""]]",True,True,103.9072265625,21.751962661743164,104.09075927734375,21.88207244873047,ff9fabd4-ab7d-4abf-859b-693844df6f52
66481405-2d06-48c8-8aed-be9280931499,VN,VN-05,locality,,land,Xã Chiềng Khương,"[[""en"", ""Chiềng Khương Commune""], [""vi"", ""Xã Chiềng Khương""]]",True,True,103.89492797851562,20.893333435058594,104.07127380371094,21.029096603393555,c605798b-2d68-4d31-9cc4-00d5e90d7ad1
8457d789-088e-4d02-a776-63aaab2c1826,VN,VN-71,locality,,land,Xã Núa Ngam,"[[""en"", ""Núa Ngam Commune""], [""vi"", ""Xã Núa Ngam""]]",True,True,102.96063232421875,21.056045532226562,103.12625885009766,21.302574157714844,d2b92dbe-41c8-4767-af54-30d39d399c13
b4a615aa-0a63-4da5-a7bd-1bcf8e34ccc3,VN,VN-01,locality,,land,Xã Mường Mô,,True,True,102.7369613647461,22.05951690673828,102.99839782714844,22.294021606445312,5d4f05bb-0919-4845-8af0-880510006466
0b81d55b-d63e-4959-8c70-f6d75c4efaf4,VN,VN-71,locality,,land,Xã Phình Giàng,"[[""en"", ""Phình Giàng Commune""], [""vi"", ""Xã Phình Giàng""]]",True,True,103.12203979492188,21.02887535095215,103.30474853515625,21.221460342407227,c1bc87a8-68d4-4e46-b1ef-093fb0840da1
2b248071-ae44-4924-ac6d-883d40ea7b1c,VN,VN-71,region,1,land,Tỉnh Điện Biên,"[[""bs"", ""Provincija Điện Biên""], [""hr"", ""Provincija Điện Biên""], [""ar"", ""محافظة دين بين""], [""fr"", ""Province de Điện Biên""], [""lv"", ""Điện Biên province""], [""uk"", ""Дьєнб'єн""], [""pt-PT"", ""Província de Điện Biên""], [""pt"", ""Dien Bien""], [""cs"", ""Provincie Điện Biên""], [""el"", ""Επαρχία Ντιέν Μπιέν""], [""it"", ""Provincia di Dien Bien""], [""ca"", ""Província de Điện Biên""], [""pt-BR"", ""Província de Điện Biên""], [""vi-Hani"", ""省奠邊""], [""vi"", ""Tỉnh Điện Biên""], [""tg"", ""Вилояти Диен Биен""], [""nl"", ""Điện Biên""], [""zh-Hans"", ""奠边省""], [""bg"", ""Диен Биен""], [""ko"", ""디엔비엔성""], [""et"", ""Điện Biêni provints""], [""de"", ""Điện Biên""], [""ur"", ""دیئن بیئن صوبہ""], [""ru"", ""провинция Дьенбьен""], [""th"", ""จังหวัดเดี่ยนเบียน""], [""id"", ""Provinsi Dien Bien""], [""sr-Latn"", ""Dijen Bijen provincija""], [""sv"", ""Dien Bien""], [""tr"", ""Eyaleti Điện Biên""], [""da"", ""Điện Biên-provinsen""], [""sr-Cyrl"", ""Дијен Бијен""], [""zh-Hant"", ""奠邊省""], [""en"", ""Điện Biên Province""], [""he"", ""מחוז דיין ביין""], [""sk"", ""Provincia Điện Biên""], [""es"", ""Điện Biên""], [""sw"", ""Mkoa wa Điện Biên""], [""ja"", ""ディエンビエン""], [""fi"", ""Điện Biên""], [""ro"", ""Provincia Điện Biên""], [""lt"", ""Dienbjeno provincija""], [""no"", ""Điện Biên-provinsen""], [""sl"", ""Provinca Điện Biên""], [""fa"", ""استان دین بین""], [""zh"", ""奠边省""], [""ms"", ""Provinsi Điện Biên""], [""hu"", ""Điện Biên tartomány""], [""pl"", ""Prowincja Điện Biên""]]",True,True,102.14385223388672,20.892690658569336,103.59880828857422,22.547927856445312,0e2d4b51-1b29-46b1-8d5e-3e1739889300
aedbeeb2-69b3-4961-bb3a-565512ea4516,VN,VN-01,locality,,land,Xã Nậm Cuổi,,True,True,103.4143295288086,21.96986961364746,103.5894775390625,22.179107666015625,d6d2a535-2951-4505-b954-1fff035a3386
6bdff8af-f38f-4782-8477-3a2dd78777bb,VN,VN-02,locality,,land,Xã Tả Phìn,"[[""de"", ""Gemeinde Tả Phìn""]]",True,True,103.8082504272461,22.34790802001953,103.93275451660156,22.436359405517578,26a3fa96-8b79-4b11-8ff6-2ff01c97f1eb
9c1afb03-fbab-430b-b3f0-de876916fd00,VN,VN-05,locality,,land,Xã Sốp Cộp,"[[""en"", ""Sốp Cộp Commune""], [""vi"", ""Xã Sốp Cộp""]]",True,True,103.4289321899414,20.743234634399414,103.70941162109375,20.99472427368164,9a67af83-95c5-4788-8c28-9c7238917242
a9401f34-05c0-4287-b0e3-79580020e45b,VN,VN-05,locality,,land,Xã Mường Lầm,"[[""en"", ""Mường Lầm Commune""], [""vi"", ""Xã Mường Lầm""]]",True,True,103.39634704589844,21.04656219482422,103.60653686523438,21.233461380004883,a9f5c4d0-ad8c-42cf-b4db-3cdbe3b06817
0ba769e6-7827-47d4-8054-5adaac21b99c,VN,VN-22,locality,,land,Xã Huồi Tụ,"[[""en"", ""Huồi Tụ Commune""], [""vi"", ""Xã Huồi Tụ""]]",True,True,104.17996978759766,19.460657119750977,104.33241271972656,19.583654403686523,8b720ea2-715e-4012-988b-6491917f1c34
992137f6-08cb-4285-afd0-e42862736d18,VN,VN-05,locality,,land,Xã Mường Bám,"[[""en"", ""Mường Bám Commune""], [""vi"", ""Xã Mường Bám""]]",True,True,103.33001708984375,21.3162899017334,103.43841552734375,21.436859130859375,4bba013a-d415-4094-95ea-f03c81aa35bd
dbd1331d-2c80-4352-b0c1-aea9f2ad32d8,VN,VN-71,locality,,land,Xã Mường Pồn,"[[""en"", ""Mường Pồn Commune""], [""vi"", ""Xã Mường Pồn""]]",True,True,102.91309356689453,21.484220504760742,103.15690612792969,21.689987182617188,c3948ae2-5215-418d-82a9-307474892b83
bcbb3e10-8b1e-4d0b-80a5-65ef692d0ce6,VN,VN-71,locality,,land,Xã Mường Nhé,"[[""en"", ""Mường Nhé Commune""], [""vi"", ""Xã Mường Nhé""]]",True,True,102.2381362915039,22.072153091430664,102.56484985351562,22.361614227294922,f482094d-044b-4f11-bd09-6f47245cb056
3582391a-f701-458d-8b79-ad97a85f12e2,VN,VN-05,locality,,land,Xã Púng Bánh,"[[""en"", ""Púng Bánh Commune""], [""vi"", ""Xã Púng Bánh""]]",True,True,103.27430725097656,20.910070419311523,103.60865020751953,21.098102569580078,da7816ad-4aff-4893-9f68-aca2cb1e6992
aeb66585-57f2-457b-82cb-a29ece41547d,VN,VN-05,locality,,land,Xã Chiềng La,"[[""en"", ""Chiềng La Commune""], [""vi"", ""Xã Chiềng La""]]",True,True,103.65814971923828,21.38730812072754,103.83319091796875,21.54668617248535,f498ae08-4076-4676-84ce-ebff43e3dfd7
f6826350-1739-4cb8-946f-c78d885ba39a,VN,VN-05,locality,,land,Xã Thuận Châu,"[[""en"", ""Thuận Châu Commune""], [""vi"", ""Xã Thuận Châu""]]",True,True,103.63868713378906,21.37929344177246,103.81259155273438,21.494779586791992,ce3cd86e-23b4-4daf-b63b-5c9f4fbc2f2e
ad74bbca-7c04-406e-b6dc-259e93cb744e,VN,VN-01,locality,,land,Xã Sìn Hồ,,True,True,103.15963745117188,22.22580909729004,103.30770111083984,22.41455078125,23f13387-0028-44b8-b862-9312055ac73d
63c29b12-5b17-434d-8eac-87766cd2fc7b,VN,VN-05,locality,,land,Xã Ngọc Chiến,"[[""en"", ""Ngọc Chiến Commune""], [""vi"", ""Xã Ngọc Chiến""]]",True,True,104.08402252197266,21.549009323120117,104.3404541015625,21.672771453857422,cfbe5bce-3704-45cb-be05-d936c1454e99
1e3ac088-b020-4ba5-87fc-8553ebe25541,VN,VN-05,locality,,land,Xã Long Hẹ,"[[""en"", ""Long Hẹ Commune""], [""vi"", ""Xã Long Hẹ""]]",True,True,103.41201782226562,21.37431526184082,103.59882354736328,21.519765853881836,74923b97-f9eb-4435-9032-cb8873911a44
a828c290-a868-4c6b-95a9-01d72b8bf27d,VN,VN-01,locality,,land,Xã Tả Lèng,,True,True,103.4825439453125,22.330848693847656,103.62248992919922,22.472562789916992,d55e43b7-1cff-49fa-bf5d-c99eafc17005
a905f702-0220-4fd0-bce0-a4a31d237476,VN,VN-05,locality,,land,Xã Mường Lạn,"[[""en"", ""Mường Lạn Commune""], [""vi"", ""Xã Mường Lạn""]]",True,True,103.59909057617188,20.661609649658203,103.81062316894531,20.873796463012695,f92bf017-6548-4085-b631-99066382f3b5
04cba57d-35de-453f-8eb6-8e575d652118,VN,VN-02,locality,,land,Xã Văn Bàn,"[[""en"", ""Văn Bàn Commune""], [""vi"", ""Xã Văn Bàn""]]",True,True,104.14720153808594,22.02532196044922,104.321533203125,22.217620849609375,e7908fe5-effc-4dd3-a0f5-672d4777c4c3
ce6724e7-376a-43f9-90c1-f026878b81ee,VN,VN-71,locality,,land,Xã Thanh Nưa,"[[""en"", ""Thanh Nưa Commune""], [""vi"", ""Xã Thanh Nưa""]]",True,True,102.86937713623047,21.346309661865234,103.03713989257812,21.496707916259766,5bb7b19a-5340-4031-8ed4-9cd520ccc9a4
e73b2118-c92c-46c9-8223-7bdda3e21749,VN,VN-71,locality,,land,Xã Na Sang,"[[""en"", ""Na Sang Commune""], [""vi"", ""Xã Na Sang""]]",True,True,102.97268676757812,21.655651092529297,103.17899322509766,21.89594078063965,97053370-4d05-4dbe-9a9f-50b6dd93589c
ea9a8667-2ba6-4c27-9dc8-8d61c860b891,VN,VN-71,locality,,land,Xã Mường Mùn,"[[""en"", ""Mường Mùn Commune""], [""vi"", ""Xã Mường Mùn""]]",True,True,103.1493911743164,21.64013671875,103.41481018066406,21.809362411499023,e93fbb64-1674-41c5-874a-26ccd05a736a
461414cf-c278-4ce7-834c-00c305874fa5,VN,VN-71,locality,,land,Xã Mường Ảng,"[[""en"", ""Mường Ảng Commune""], [""vi"", ""Xã Mường Ảng""]]",True,True,103.16390991210938,21.426286697387695,103.29053497314453,21.55147361755371,7a322f20-05df-4c17-8b1e-623fae05876e
d9d8d9b9-95b8-4eaf-af4c-0c05f6037775,VN,VN-71,locality,,land,Xã Sính Phình,"[[""en"", ""Sính Phình Commune""], [""vi"", ""Xã Sính Phình""]]",True,True,103.25047302246094,21.86322593688965,103.41138458251953,22.026384353637695,e038abb1-f1c2-4271-8e84-79dac52e7b25
0787c123-53e2-44a8-b99e-3dcd790bef19,VN,VN-05,locality,,land,Xã Phiêng Pằn,"[[""en"", ""Phiêng Pằn Commune""], [""vi"", ""Xã Phiêng Pằn""]]",True,True,103.90484619140625,20.958223342895508,104.19544219970703,21.150836944580078,220db717-3114-45a3-9bdc-297faf74fcdd
1a6a5734-c73f-48f7-a03a-997f6fd054cb,VN,VN-71,locality,,land,Xã Mường Nhà,"[[""en"", ""Mường Nhà Commune""], [""vi"", ""Xã Mường Nhà""]]",True,True,103.03355407714844,20.892690658569336,103.29898834228516,21.162702560424805,4cd29abc-1215-49dc-b736-934e794c79cc
0c252cb2-677b-4255-aa49-4310ab6a5892,VN,VN-02,locality,,land,Xã Thượng Hà,"[[""en"", ""Thượng Hà Commune""], [""vi"", ""Xã Thượng Hà""]]",True,True,104.29035949707031,22.217880249023438,104.46073913574219,22.362838745117188,0a968ca4-b83e-46a4-bead-3e2b9bf6e98c
310b2c99-efe7-421f-87ac-20c706b2e76e,VN,VN-71,locality,,land,Xã Chà Tở,"[[""en"", ""Chà Tở Commune""], [""vi"", ""Xã Chà Tở""]]",True,True,102.84757995605469,21.87331771850586,103.0274658203125,22.10574722290039,ec1907cf-ad20-413b-b0e9-43a350d96469
4a5abefb-982f-4d01-8cd4-ed5140b53664,VN,VN-05,locality,,land,Xã Chiềng Mai,"[[""en"", ""Chiềng Mai Commune""], [""vi"", ""Xã Chiềng Mai""]]",True,True,103.89927673339844,21.102975845336914,104.06578063964844,21.276138305664062,d63caf5e-c4a2-4fb2-8b28-9bc498a1f73c
ae1472b5-369e-430c-8f01-b4a435307ab1,VN,VN-05,locality,,land,Xã Chiềng Hoa,"[[""en"", ""Chiềng Hoa Commune""], [""vi"", ""Xã Chiềng Hoa""]]",True,True,104.09122467041016,21.363481521606445,104.30249786376953,21.565916061401367,65ef22a8-7833-422b-bfbe-8911309675d7
341f3f0c-d9c7-454e-a09e-53d282b19143,VN,VN-02,locality,,land,Xã Khao Mang,"[[""en"", ""Khao Mang Commune""], [""vi"", ""Xã Khao Mang""]]",True,True,103.88622283935547,21.84908676147461,104.06620788574219,21.966806411743164,ef42346b-2d1d-46f6-a17c-57f3efa312fb
d68de41f-17ab-4716-8994-d36c93a0f39a,VN,VN-02,locality,,land,Xã Xuân Quang,"[[""en"", ""Xuân Quang Commune""], [""vi"", ""Xã Xuân Quang""]]",True,True,104.1541976928711,22.27486228942871,104.3282241821289,22.456554412841797,8f6f8581-b89b-48de-b26b-d963ace6e32b
6d8d4fe8-f03a-4279-b3d7-07f187c14080,VN,VN-05,locality,,land,Xã Chiềng Mung,"[[""en"", ""Chiềng Mung Commune""], [""vi"", ""Xã Chiềng Mung""]]",True,True,103.95294189453125,21.189098358154297,104.10958862304688,21.365760803222656,01486c76-5a29-4dba-91de-d9f4e6153220
e75d9500-aaa7-4bb9-8261-fc21e5b3b39a,VN,VN-02,locality,,land,Xã Dương Quỳ,"[[""en"", ""Dương Quỳ Commune""], [""vi"", ""Xã Dương Quỳ""]]",True,True,104.04949188232422,21.95348358154297,104.24974060058594,22.094392776489258,0ccb3ffe-9bb5-4d92-a8e5-d4efe1e28915
3b82d689-a367-43f3-89e6-5f1d5d5f9b79,VN,VN-22,locality,,land,Xã Mường Xén,"[[""en"", ""Mường Xén Commune""], [""vi"", ""Xã Mường Xén""]]",True,True,104.0057601928711,19.29619026184082,104.18307495117188,19.427717208862305,ba0ded1d-5b02-452c-a725-38c28749886b
a8c7f389-d1bd-4e07-a81d-a699e8f00d74,VN,VN-05,locality,,land,Xã Chiềng Khoong,"[[""en"", ""Chiềng Khoong Commune""], [""vi"", ""Xã Chiềng Khoong""]]",True,True,103.65504455566406,20.847204208374023,103.86405944824219,21.082670211791992,e033f6e7-ea7a-4c87-9625-da16411bcce0
d090c77c-f42d-48e1-98f4-58b10b302716,VN,VN-02,locality,,land,Xã Gia Phú,"[[""en"", ""Gia Phú Commune""], [""vi"", ""Xã Gia Phú""]]",True,True,104.02532196044922,22.26927947998047,104.1528091430664,22.414533615112305,7fc3c5e7-316e-41d6-a89e-5d7487678d68
2fa72752-4041-4fe7-a9e9-f6a8ee88fc64,VN,VN-71,locality,,land,Tả Khoa Pá,"[[""zh"", ""大科坡""]]",True,True,102.32188415527344,22.423215866088867,102.32442474365234,22.424814224243164,76412077-3102-4858-b1d1-3a4ec2cfab33
70df1620-23ce-414f-ba71-018e53ba6dd6,VN,VN-01,locality,,land,Xã Khun Há,,True,True,103.51052856445312,22.16807746887207,103.66620635986328,22.35584259033203,1fccaea8-d12c-42ee-888e-780e203aa6f3
f09af2f9-6fca-4aca-9137-dead1657e5a9,VN,VN-71,locality,,land,Xã Nà Bủng,"[[""en"", ""Nà Bủng Commune""], [""vi"", ""Xã Nà Bủng""]]",True,True,102.64492797851562,21.653881072998047,102.78841400146484,21.797178268432617,b12e9e32-1d8c-4084-a665-9e98d95d33ac
4a5db26b-09e8-4c7a-a009-4d632241d88b,VN,VN-71,locality,,land,Xã Quài Tở,"[[""en"", ""Quài Tở Commune""], [""vi"", ""Xã Quài Tở""]]",True,True,103.38973236083984,21.426332473754883,103.55960845947266,21.657320022583008,48c6de15-891d-4ced-89c4-8b1e7186742a
b6d8a051-0aa7-4b27-adff-a347e5edee6c,VN,VN-05,locality,,land,Xã Quỳnh Nhai,"[[""en"", ""Quỳnh Nhai Commune""], [""vi"", ""Xã Quỳnh Nhai""]]",True,True,103.54182434082031,21.524372100830078,103.81303405761719,21.742467880249023,ebd6e3a4-8e74-48e2-ab20-3e7b2bfe33a0
40f361dd-999c-419b-9e45-03727fc8aed7,VN,VN-01,locality,,land,Xã Hua Bum,,True,True,102.82036590576172,22.253202438354492,103.11087036132812,22.484575271606445,72df2140-cb02-4bb6-becf-bd72d5aa77dc
76db4619-233b-487b-9b0f-07ad067ef7a3,VN,VN-71,locality,,land,Xã Quảng Lâm,"[[""en"", ""Quảng Lâm Commune""], [""vi"", ""Xã Quảng Lâm""]]",True,True,102.49787139892578,21.900997161865234,102.71218872070312,22.071006774902344,a9caab0e-3338-40a6-b391-982887dda618
0201e446-7bb6-4d2a-9c76-e89f2ec3c1a6,VN,VN-05,locality,,land,Xã Mường Sại,"[[""en"", ""Mường Sại Commune""], [""vi"", ""Xã Mường Sại""]]",True,True,103.671142578125,21.530773162841797,103.82084655761719,21.666399002075195,d0ed8c42-60b3-413e-88dd-f5e1146c2d3f
bbc8bccc-e2e0-4b69-8775-5f2189328cc8,VN,VN-01,locality,,land,Xã Mường Than,,True,True,103.74422454833984,21.96558952331543,103.96524047851562,22.081581115722656,fbc348be-5971-4946-a0b5-64b5acd5f24b
b9a190e1-c777-4c22-9491-39c7cf3c39ab,VN,VN-05,locality,,land,Xã Muổi Nọi,"[[""en"", ""Muổi Nọi Commune""], [""vi"", ""Xã Muổi Nọi""]]",True,True,103.72779846191406,21.20176124572754,103.84212493896484,21.398759841918945,e57e1b94-d981-4052-9568-9dbfb218eaaa
896e0ab7-f5af-4add-8522-00d1b21da982,VN,VN-05,locality,,land,Xã Mường Hung,"[[""en"", ""Mường Hung Commune""], [""vi"", ""Xã Mường Hung""]]",True,True,103.7850112915039,20.858890533447266,103.9666976928711,21.063114166259766,018a6fc4-b5a0-468a-91b6-75fdbd59c379
9a9b32a8-30fc-46c5-ab76-c92e7a77edf2,VN,VN-05,locality,,land,Xã Mường Chiên,"[[""en"", ""Mường Chiên Commune""], [""vi"", ""Xã Mường Chiên""]]",True,True,103.47991180419922,21.807437896728516,103.72267150878906,22.030704498291016,1f43afaa-9dcb-44b1-87f0-87582982f237
ca8a1444-128d-4fb3-a53c-df8101c5e3bb,VN,VN-71,locality,,land,Xã Na Son,"[[""en"", ""Na Son Commune""], [""vi"", ""Xã Na Son""]]",True,True,103.09258270263672,21.16510581970215,103.26835632324219,21.429641723632812,ac75d5f5-0a26-47a2-9eda-dd783a3a6303
2f42f36b-5eda-442b-a13e-19b87b186f7f,VN,VN-01,locality,,land,Xã Bình Lư,,True,True,103.57806396484375,22.272733688354492,103.77973937988281,22.41681671142578,78810b65-6029-4d89-b8cd-9743013eb015
d38c9af8-426d-4de7-8b12-e4582fb3e864,VN,VN-01,locality,,land,Xã Nậm Mạ,,True,True,103.3292007446289,22.088899612426758,103.49109649658203,22.210968017578125,68911468-c2f0-4a07-9247-da62346c02a0
fd27b912-35d9-4c24-bfe7-34381203ef88,VN,VN-71,locality,,land,Xã Búng Lao,"[[""en"", ""Búng Lao Commune""], [""vi"", ""Xã Búng Lao""]]",True,True,103.21939086914062,21.47229766845703,103.40991973876953,21.62053108215332,606a3191-36e0-4db6-812a-430287d03c16
77f4a364-a776-4115-b567-4e3cd943b37f,VN,VN-05,locality,,land,Xã Pắc Ngà,"[[""en"", ""Pắc Ngà Commune""], [""vi"", ""Xã Pắc Ngà""]]",True,True,104.16820526123047,21.217504501342773,104.37522888183594,21.381484985351562,b5745a80-3c63-43d0-902b-7fda8ee78441
396bebb5-bc26-48cb-ae6b-df0b576eaad5,VN,VN-05,locality,,land,Xã Mường Lèo,"[[""en"", ""Mường Lèo Commune""], [""vi"", ""Xã Mường Lèo""]]",True,True,103.21224212646484,20.782833099365234,103.45938110351562,21.016023635864258,c86ebb69-0ec1-4757-b56a-0c8469ffef4f
7f0ed646-ed98-43c4-9dfa-b83207ac2087,VN,VN-02,locality,,land,Xã Bản Hồ,"[[""de"", ""Gemeinde Bản Hồ""]]",True,True,103.86781311035156,22.138416290283203,104.03557586669922,22.344297409057617,8155b7bf-0756-40c9-8dfc-ccfb27fefa11
6171cd5e-8c1d-46dc-892d-fc59492fc1cc,VN,VN-71,locality,,land,Xã Mường Toong,"[[""en"", ""Mường Toong Commune""], [""vi"", ""Xã Mường Toong""]]",True,True,102.5200424194336,22.105512619018555,102.7541732788086,22.262250900268555,6b897dd7-29e2-4e84-adeb-0c8252d85035
9e36cdf4-47ac-4827-b676-fcd36c32f887,VN,VN-22,locality,,land,Xã Nậm Cắn,"[[""en"", ""Nậm Cắn Commune""], [""vi"", ""Xã Nậm Cắn""]]",True,True,104.06297302246094,19.405668258666992,104.24127197265625,19.543867111206055,f776ca74-1e4e-4b0f-b266-c8664b3938a3
6701f5f8-bd89-4c1f-b259-8789271f9f15,VN,VN-05,locality,,land,Xã Mường Bú,"[[""en"", ""Mường Bú Commune""], [""vi"", ""Xã Mường Bú""]]",True,True,103.93169403076172,21.30926513671875,104.17066955566406,21.49437141418457,fb844678-3c95-4181-bedf-6c3b850ea3b9
31daedc2-0080-47a9-8cb6-17b69b29177b,VN,VN-02,locality,,land,Xã Nậm Xé,"[[""en"", ""Nậm Xé Commune""], [""vi"", ""Xã Nậm Xé""]]",True,True,103.93582916259766,21.934419631958008,104.0628662109375,22.15131187438965,81deaa73-7789-4c09-aad5-49b48cb6ae00
5eb27662-cfb5-4d44-9168-6702ff67adbd,VN,VN-02,locality,,land,Phường Sa Pa,"[[""de"", ""Stadtviertel Sa Pa""]]",True,True,103.7664566040039,22.30731773376465,103.89796447753906,22.379934310913086,6d25bf06-e893-47e5-a6f8-aaf0a0af6995
c025d983-1436-427e-a4e0-9ce8e6b66746,VN,VN-71,locality,,land,Xã Nà Hỳ,"[[""en"", ""Nà Hỳ Commune""], [""vi"", ""Xã Nà Hỳ""]]",True,True,102.61032104492188,21.706331253051758,102.82638549804688,21.96090316772461,3780fa29-c874-411f-b763-6046fe7d65f6
2d36e79c-1747-48be-8def-9fc88fd108ec,VN,VN-71,locality,,land,Xã Nà Tấu,"[[""en"", ""Nà Tấu Commune""], [""vi"", ""Xã Nà Tấu""]]",True,True,103.0606460571289,21.47989273071289,103.2479476928711,21.645492553710938,3fc99f77-5786-4e90-adea-638895e6d648
d994564c-32f9-43e9-9281-8b20faef2b83,VN,VN-22,locality,,land,Xã Tương Dương,"[[""en"", ""Tương Dương Commune""], [""vi"", ""Xã Tương Dương""]]",True,True,104.26665496826172,19.124385833740234,104.53984069824219,19.34719467163086,6c23ede2-988c-42c9-8764-d0e822f75bb4
7b7f420e-8084-475d-b002-7aa577974c77,VN,VN-05,locality,,land,Xã Mai Sơn,"[[""en"", ""Mai Sơn Commune""], [""vi"", ""Xã Mai Sơn""]]",True,True,104.01842498779297,21.066659927368164,104.21757507324219,21.225677490234375,d75a179b-a806-47b8-a807-e0cd8163acf5
e046be80-63e5-4a89-97ff-5eaecab0b3d3,VN,VN-01,locality,,land,Xã Mường Kim,,True,True,103.66890716552734,21.770645141601562,103.9528579711914,21.993309020996094,03cbb272-3eb3-4c76-88d7-344185c75c39
476312a6-048d-45d2-b844-d7d4a1c4ba97,VN,VN-01,locality,,land,Xã Bản Bo,,True,True,103.61480712890625,22.21501922607422,103.7826156616211,22.349218368530273,b3316694-2e80-4c65-994d-2b0f01ee41ea
d25d834c-a310-45e9-83f1-2880a659a8a2,VN,VN-05,locality,,land,Xã Huổi Một,"[[""en"", ""Huổi Một Commune""], [""vi"", ""Xã Huổi Một""]]",True,True,103.4918212890625,20.95736312866211,103.75926208496094,21.108928680419922,11ffea87-fd7f-468a-a497-1891a4676f21
e511383f-6587-4a8a-bc69-6a057f84fe8a,VN,VN-71,locality,,land,Xã Nậm Kè,"[[""en"", ""Nậm Kè Commune""], [""vi"", ""Xã Nậm Kè""]]",True,True,102.45323181152344,21.98249053955078,102.76199340820312,22.141393661499023,acb6b529-8fdd-41f7-86e2-dbeef1f5f7ee
d3589363-bed4-4988-b9d6-ba3ae7659fb1,VN,VN-05,locality,,land,Phường Chiềng Sinh,"[[""en"", ""Chiềng Sinh Ward""], [""vi"", ""Phường Chiềng Sinh""]]",True,True,103.9336166381836,21.24852752685547,104.029296875,21.367605209350586,fc668068-172f-4be0-a99f-e74ddd3a9ae0
25ea071d-2f70-4788-baff-51a7b453e49e,VN,VN-02,locality,,land,Xã Võ Lao,"[[""en"", ""Võ Lao Commune""], [""vi"", ""Xã Võ Lao""]]",True,True,104.07611083984375,22.097867965698242,104.2573013305664,22.252849578857422,46603ec9-c624-4c45-96b0-213aa0b7b8f6
49a43061-6c6e-43b8-ba31-ad383cca1d2f,VN,VN-71,locality,,land,Xã Pu Nhi,"[[""en"", ""Pu Nhi Commune""], [""vi"", ""Xã Pu Nhi""]]",True,True,103.06664276123047,21.253538131713867,103.2359619140625,21.4377498626709,f581e094-44fe-4dbf-9b97-298d019ca351
861b2307-8423-4277-9525-ae2776b3f0fd,VN,VN-02,locality,,land,Bản Cu Vai,,True,True,104.37432861328125,21.511484146118164,104.3768539428711,21.513416290283203,c62b3191-5ae5-4854-9733-48608084ccee
6be834da-fa74-4d93-8941-82d5fa480a24,VN,VN-01,locality,,land,Xã Tà Tổng,,True,True,102.4498291015625,22.166963577270508,102.75320434570312,22.43575096130371,e4696db9-2eac-42df-bcee-67ef11d832ce
b65d5cab-4e29-4b52-a792-2ddecf221d51,VN,VN-01,locality,,land,Xã Bum Tở,,True,True,102.67691040039062,22.2078914642334,102.90612030029297,22.522144317626953,e2b4de2d-00f0-4f01-bc65-634cc6120c7d
28482492-529d-4e60-8dc6-a3175b86c064,VN,VN-71,locality,,land,Xã Tìa Dình,"[[""en"", ""Tìa Dình Commune""], [""vi"", ""Xã Tìa Dình""]]",True,True,103.27108001708984,21.060110092163086,103.42427062988281,21.22304344177246,cdfbd66b-842b-4f12-80fe-6348fa75e40d
adf64148-eb5a-4bc4-ba54-9ce700c3c980,VN,VN-05,locality,,land,Xã Phiêng Khoài,"[[""en"", ""Phiêng Khoài Commune""], [""vi"", ""Xã Phiêng Khoài""]]",True,True,104.21282958984375,20.898191452026367,104.36714935302734,21.01506996154785,4ba512bb-0165-4795-a11c-c4f4728d908e
c3b923c4-9a78-406d-821e-f9bc3c0119cf,VN,VN-22,locality,,land,Xã Na Ngoi,"[[""en"", ""Na Ngoi Commune""], [""vi"", ""Xã Na Ngoi""]]",True,True,104.06990051269531,19.111995697021484,104.33717346191406,19.316347122192383,c6cb83ae-d873-434e-b783-4796aa54c79c
8e84fc38-eb48-4368-8376-0c6e22741259,VN,VN-05,locality,,land,Xã Chiềng Lao,"[[""en"", ""Chiềng Lao Commune""], [""vi"", ""Xã Chiềng Lao""]]",True,True,103.75232696533203,21.54098892211914,104.0929946899414,21.74401092529297,da6727a0-4832-4f34-bdb7-332aab0e423c
4f931f51-403c-48d7-9df6-0c7ea4242ed1,VN,VN-71,locality,,land,Xã Mường Phăng,"[[""en"", ""Mường Phăng Commune""], [""vi"", ""Xã Mường Phăng""]]",True,True,103.02429962158203,21.383255004882812,103.18778228759766,21.561603546142578,957f84f9-0d53-47c9-ab26-9ea135476cc7
b5ade927-e7f5-4e6a-8113-f30811f85e4c,VN,VN-02,locality,,land,Xã Púng Luông,"[[""en"", ""Púng Luông Commune""], [""vi"", ""Xã Púng Luông""]]",True,True,104.08710479736328,21.647287368774414,104.34584045410156,21.836698532104492,77b3b605-fcc0-465c-80d9-14c8cdee979f
eda187de-ac69-45a7-9c77-c744202ddc7f,VN,VN-05,locality,,land,Xã Xím Vàng,"[[""en"", ""Xím Vàng Commune""], [""vi"", ""Xã Xím Vàng""]]",True,True,104.20530700683594,21.272735595703125,104.43556213378906,21.439056396484375,0dd6878b-b648-4493-ad9c-e98286cb53dc
106f0304-83ac-40f9-8a5b-c3a25bcd8a53,VN,VN-22,locality,,land,Xã Mường Típ,"[[""en"", ""Mường Típ Commune""], [""vi"", ""Xã Mường Típ""]]",True,True,103.87454223632812,19.232524871826172,104.0886459350586,19.41453742980957,87b38d47-7b8f-4133-8ccb-a24b44c25804
9060e758-5c2f-40d0-8c3c-6fbfc531f4d4,VN,VN-05,locality,,land,Xã Mường La,"[[""en"", ""Mường La Commune""], [""vi"", ""Xã Mường La""]]",True,True,103.8848648071289,21.447816848754883,104.19352722167969,21.61957550048828,16aaccf0-792b-4788-bd38-837c81a51e01
6be3a84a-171f-46be-9a7a-35f14e45854a,VN,VN-02,locality,,land,Xã Tú Lệ,"[[""en"", ""Tú Lệ Commune""], [""vi"", ""Xã Tú Lệ""]]",True,True,104.18696594238281,21.707908630371094,104.3388442993164,21.854394912719727,4988a12d-866c-43dc-b418-d3544c16c0bf
d3aebadc-0b21-4587-a65c-64a6468b50c5,VN,VN-02,locality,,land,Xã Nậm Có,"[[""en"", ""Nậm Có Commune""], [""vi"", ""Xã Nậm Có""]]",True,True,104.19467163085938,21.76814842224121,104.41768646240234,21.950122833251953,e328c96b-1b84-4781-8978-fd5ca4eb6bf5
deab6cb7-1fe0-4b43-8aad-1c1bb83c0c18,VN,VN-01,locality,,land,Xã Mường Khoa,,True,True,103.58746337890625,22.140520095825195,103.8458251953125,22.303627014160156,a497d4b0-6245-41f6-a668-5381bdba0a0c
b83ffaec-5bd4-4963-bbde-fddb3155357e,VN,VN-05,locality,,land,Phường Tô Hiệu,"[[""en"", ""Tô Hiệu Ward""], [""vi"", ""Phường Tô Hiệu""]]",True,True,103.89590454101562,21.293642044067383,103.94898223876953,21.358976364135742,fa03186d-d33e-4e2b-b886-3031a96826d5
64282d92-f51d-4579-9c20-56b0d7426538,VN,VN-05,locality,,land,Xã Lóng Phiêng,"[[""en"", ""Lóng Phiêng Commune""], [""vi"", ""Xã Lóng Phiêng""]]",True,True,104.3126220703125,20.797752380371094,104.4507827758789,20.969554901123047,6fe8c995-5771-447f-814c-60a94973c70e
e3d5390f-072c-4de9-9063-96611b76913b,VN,VN-05,locality,,land,Xã Sông Mã,"[[""en"", ""Sông Mã Commune""], [""vi"", ""Xã Sông Mã""]]",True,True,103.6689224243164,21.033849716186523,103.80237579345703,21.146465301513672,3f803eed-fd4b-461a-864d-4143ff7534c4
61d3a4d0-44f0-47fe-8924-78ae7e006b1a,VN,VN-71,locality,,land,Xã Mường Luân,"[[""en"", ""Mường Luân Commune""], [""vi"", ""Xã Mường Luân""]]",True,True,103.29589080810547,21.159706115722656,103.4408950805664,21.33374786376953,905c27e0-0776-48cf-a146-3bf2cbe40885
d046fdfc-9392-4ea6-bfc3-30f9d19d5c9a,VN,VN-71,locality,,land,Xã Thanh An,"[[""en"", ""Thanh An Commune""], [""vi"", ""Xã Thanh An""]]",True,True,102.99722290039062,21.251222610473633,103.07960510253906,21.352474212646484,28a9c06c-1a68-4195-9ac7-c0b03d016afa
fe3611cb-5c60-4caf-ad04-e796d557432e,VN,VN-01,locality,,land,Xã Pa Tần,,True,True,103.01513671875,22.279239654541016,103.23393249511719,22.53158187866211,c0417866-212d-48f2-a867-c1304b5bc5af
51f3fcfb-8e61-4f7f-8e6d-becfda63a2af,VN,VN-71,locality,,land,Xã Xa Dung,"[[""en"", ""Xa Dung Commune""], [""vi"", ""Xã Xa Dung""]]",True,True,103.22628021240234,21.207752227783203,103.38792419433594,21.428720474243164,e73b5e03-b4ad-4103-8f08-4458b04bf509
b135122c-9b3b-445c-90bd-207428367e94,VN,VN-01,locality,,land,Xã Pu Sam Cáp,,True,True,103.40824890136719,22.16387367248535,103.58556365966797,22.29724884033203,3682390f-b96e-44bf-a2d1-1c66fd823916
0ce3a29f-728f-4316-a054-a6834fa1443c,VN,VN-05,locality,,land,Xã Yên Châu,"[[""en"", ""Yên Châu Commune""], [""vi"", ""Xã Yên Châu""]]",True,True,104.197021484375,20.974580764770508,104.382080078125,21.186168670654297,f4deb5bb-83e3-46f0-81d0-ff9708fc80b4
ac3207c8-f04b-4ae5-9768-60bd4212c44d,VN,VN-01,locality,,land,Xã Tủa Sín Chải,,True,True,103.17630767822266,22.038232803344727,103.3481216430664,22.342815399169922,7d8a5a35-7682-4db3-ab57-b2392326d433
2677930e-6dba-4ad4-afa5-ebe67d78aee3,VN,VN-02,locality,,land,Xã Minh Lương,"[[""en"", ""Minh Lương Commune""], [""vi"", ""Xã Minh Lương""]]",True,True,103.98950958251953,21.889427185058594,104.2313003540039,22.0658016204834,9101dfe0-e817-4693-921f-09947359bfd7
462c2ff1-4a66-4fa2-8e8c-7895ca1bef59,VN,VN-71,locality,,land,Xã Pú Nhung,"[[""en"", ""Pú Nhung Commune""], [""vi"", ""Xã Pú Nhung""]]",True,True,103.40172576904297,21.651611328125,103.59880828857422,21.79329490661621,a9e16b41-8319-4f67-84db-6d09a84a1251
5389e5eb-b0ac-4af2-82c8-e6c69878e1cd,VN,VN-22,locality,,land,Xã Mỹ Lý,"[[""en"", ""Mỹ Lý Commune""], [""vi"", ""Xã Mỹ Lý""]]",True,True,104.20735931396484,19.546640396118164,104.44851684570312,19.707611083984375,ccad5c3d-27c5-4a01-84cb-6ad84702a50e
d1d68a44-970e-42c4-8a7d-cee25e49db56,VN,VN-02,locality,,land,Xã Chế Tạo,"[[""en"", ""Chế Tạo Commune""], [""vi"", ""Xã Chế Tạo""]]",True,True,103.91085815429688,21.6425838470459,104.14596557617188,21.771841049194336,daf659b8-a3f1-48e1-8e6b-ffd631e89d89
ed99d204-a858-4a00-829d-f2ec9eb5925a,VN,VN-71,locality,,land,Xã Nậm Nèn,"[[""en"", ""Nậm Nèn Commune""], [""vi"", ""Xã Nậm Nèn""]]",True,True,103.12458801269531,21.712223052978516,103.30399322509766,21.896589279174805,6b7cdb6e-a1f4-4ec5-9ad2-f1aeaa7c104f
9a895af3-ba87-4e48-90ad-5fbe330bca47,VN,VN-02,locality,,land,Xã Cốc Lầu,"[[""en"", ""Cốc Lầu Commune""], [""vi"", ""Xã Cốc Lầu""]]",True,True,104.26286315917969,22.324726104736328,104.46256256103516,22.464839935302734,03256949-9942-45b7-bee0-b28b3e64ee8b
61749a9e-6760-41d7-aa26-171672f7b492,VN,VN-01,locality,,land,Xã Than Uyên,,True,True,103.76992797851562,21.909339904785156,103.98584747314453,22.00745964050293,26c3b419-5cb6-49b3-a881-70e6b670ead8
1f157d80-18fc-4c73-b78b-b1963f30fae9,VN,VN-02,locality,,land,Xã Hạnh Phúc,"[[""en"", ""Hạnh Phúc Commune""], [""vi"", ""Xã Hạnh Phúc""]]",True,True,104.27857971191406,21.387460708618164,104.42423248291016,21.574296951293945,96fe482a-013a-4673-9281-ecec5e934ddc
20596af5-eee3-4ac8-9426-ce771adbfe1a,VN,VN-02,locality,,land,Xã Phong Dụ Thượng,"[[""en"", ""Phong Dụ Thượng Commune""], [""vi"", ""Xã Phong Dụ Thượng""]]",True,True,104.33941650390625,21.742809295654297,104.51178741455078,21.90453338623047,68f0b576-f6bd-481d-ab2e-49cefaebb1d1
459062f9-93d7-4367-9bc6-9d3c27df4050,VN,VN-05,locality,,land,Xã Bó Sinh,"[[""en"", ""Bó Sinh Commune""], [""vi"", ""Xã Bó Sinh""]]",True,True,103.42320251464844,21.162887573242188,103.56169891357422,21.354616165161133,1d05fa68-8e7f-41b1-b11c-1b5fae189cc2
6534910b-0275-4ebc-845a-2f4b222fa5b5,VN,VN-71,locality,,land,Phường Mường Lay,"[[""en"", ""Mường Lay Ward""], [""de"", ""Stadtviertel Mường Lay""], [""vi"", ""Phường Mường Lay""]]",True,True,103.04550170898438,21.932064056396484,103.2880630493164,22.10137939453125,78e02623-001e-4ecd-9694-a923af633bc1
1e59bcea-970b-40d6-8133-4bfc5123a686,VN,VN-71,locality,,land,Xã Mường Chà,"[[""en"", ""Mường Chà Commune""], [""vi"", ""Xã Mường Chà""]]",True,True,102.67566680908203,21.839839935302734,102.95350646972656,22.117286682128906,9c2eb241-9af7-482d-8de6-501a290d446e
648ab022-3e2c-4a68-a29d-2e93737c00ee,VN,VN-05,locality,,land,Xã Chiềng Sơ,"[[""en"", ""Chiềng Sơ Commune""], [""vi"", ""Xã Chiềng Sơ""]]",True,True,103.49736785888672,21.07511329650879,103.69621276855469,21.188831329345703,8845fd16-e6da-4cf9-9970-03837c5c206a
7b73fcda-df66-4bf8-b1ec-78b35fba5958,VN,VN-05,locality,,land,Xã Yên Sơn,"[[""en"", ""Yên Sơn Commune""], [""vi"", ""Xã Yên Sơn""]]",True,True,104.11531066894531,20.938215255737305,104.24969482421875,21.079870223999023,d2a1df2d-445b-4921-ad70-95990b56f8e7
94cd5134-2429-4039-abe5-072f6cfca6e6,VN,VN-05,locality,,land,Xã Bình Thuận,"[[""en"", ""Bình Thuận Commune""], [""vi"", ""Xã Bình Thuận""]]",True,True,103.529296875,21.47774314880371,103.67366027832031,21.631582260131836,b2430c1d-ccfb-4538-843e-74d253e8c404
aa2b658d-3777-45b7-9edc-c8b4344dfcf6,VN,VN-22,locality,,land,Xã Chiêu Lưu,"[[""en"", ""Chiêu Lưu Commune""], [""vi"", ""Xã Chiêu Lưu""]]",True,True,104.240966796875,19.28460121154785,104.45484924316406,19.464487075805664,e1ddc3e3-8097-449c-8bef-6cd100d34f1b
629d4ca7-2960-4f44-aaa6-4966adeb30ae,VN,VN-05,locality,,land,Xã Nậm Lầu,"[[""en"", ""Nậm Lầu Commune""], [""vi"", ""Xã Nậm Lầu""]]",True,True,103.5826644897461,21.257888793945312,103.7883529663086,21.481483459472656,5f163280-660d-4cf9-8897-d4abff021862
bf0681d3-dde6-45ee-adba-f08fc04e7598,VN,VN-01,locality,,land,Xã Nậm Tăm,,True,True,103.29796600341797,22.175201416015625,103.48381042480469,22.4010066986084,e71e6958-5494-42b2-a979-5a021bab91c7
971fdcd4-39ff-4873-8a7d-1f46d7696494,VN,VN-71,locality,,land,Xã Mường Lạn,"[[""en"", ""Mường Lạn Commune""], [""vi"", ""Xã Mường Lạn""]]",True,True,103.2206039428711,21.402311325073242,103.41436004638672,21.501306533813477,fbdc6393-42c5-44d7-bfc5-e8583952568b
67ee0285-b916-48ac-b638-6885f0f93afd,VN,VN-05,locality,,land,Xã Nậm Ty,"[[""en"", ""Nậm Ty Commune""], [""vi"", ""Xã Nậm Ty""]]",True,True,103.54654693603516,21.134428024291992,103.75556945800781,21.312084197998047,3e80af78-dd03-4da8-a09e-24d0590db89f
1767bf49-076e-4907-b7b5-fe4d7bf9bdf0,VN,VN-05,locality,,land,Xã Phiêng Cằm,"[[""en"", ""Phiêng Cằm Commune""], [""vi"", ""Xã Phiêng Cằm""]]",True,True,103.69657135009766,21.048891067504883,103.9892349243164,21.255939483642578,c76fe2e1-bcec-4753-a489-0443b656ac34
a6b3ad69-73e1-4ad6-a0e8-faf13ee9111a,VN,VN-05,locality,,land,Xã Mường É,"[[""en"", ""Mường É Commune""], [""vi"", ""Xã Mường É""]]",True,True,103.47364807128906,21.43046760559082,103.64788055419922,21.566946029663086,aa4e91cb-daeb-444f-8057-b8a9b0b2fe0c
8a8fc789-9ce4-496a-9839-f31d9c7eb444,VN,VN-71,locality,,land,Xã Sáng Nhè,"[[""en"", ""Sáng Nhè Commune""], [""vi"", ""Xã Sáng Nhè""]]",True,True,103.37400817871094,21.766138076782227,103.5478286743164,21.92700958251953,365374f5-1330-4793-8b50-08d6a3d9d942
2a571523-248d-474e-ad04-12aa52643148,VN,VN-01,locality,,land,Xã Khoen On,,True,True,103.7533187866211,21.686077117919922,103.9681625366211,21.856019973754883,f17165ea-dfc8-484c-8540-6196b2579411
fa107c20-6244-499c-b2da-d6c17e283293,VN,VN-05,locality,,land,Xã Mường Chanh,"[[""en"", ""Mường Chanh Commune""], [""vi"", ""Xã Mường Chanh""]]",True,True,103.8141860961914,21.16331672668457,103.94397735595703,21.27626609802246,415b434e-0e35-4bf3-bcd6-f212c51e1b51
75c2bde2-b772-4e2a-9d77-6718cc895885,VN,VN-71,locality,,land,Xã Thanh Yên,"[[""en"", ""Thanh Yên Commune""], [""vi"", ""Xã Thanh Yên""]]",True,True,102.80767822265625,21.245569229125977,103.00992584228516,21.366670608520508,10f2cf30-4ab1-421b-ad32-3a4a05d4bca6
c7e1bee5-e15c-488a-b7e4-490fca452487,VN,VN-22,locality,,land,Xã Mường Lống,"[[""en"", ""Mường Lống Commune""], [""vi"", ""Xã Mường Lống""]]",True,True,104.28717803955078,19.426284790039062,104.4670181274414,19.57969856262207,8e851dec-2751-4377-9c7d-3d73370f22cf
7766f0bc-8561-408d-8428-5c300e8b172b,VN,VN-02,locality,,land,Xã Chiềng Ken,"[[""en"", ""Chiềng Ken Commune""], [""vi"", ""Xã Chiềng Ken""]]",True,True,104.28164672851562,21.875154495239258,104.43250274658203,22.12807273864746,c7612d6b-01db-4519-95dc-eb0373577be5
a3260813-20a6-4b05-ab3f-5a4b2c10fc94,VN,VN-02,locality,,land,Xã Tằng Loỏng,"[[""en"", ""Tằng Loỏng Commune""], [""vi"", ""Xã Tằng Loỏng""]]",True,True,104.0704574584961,22.198925018310547,104.2176513671875,22.321216583251953,63f3da98-2183-4f7e-867e-d691aabe9004
59648e2d-1ef2-4177-b769-692ba1857104,VN,VN-02,locality,,land,Xã Mường Bo,"[[""de"", ""Gemeinde Mường Bo""]]",True,True,103.97114562988281,22.137422561645508,104.0835952758789,22.311067581176758,a376e47b-8e78-4add-8714-d5726c732db5
723ac960-677d-47d7-94ae-17cf1b6e380b,VN,VN-01,locality,,land,Phường Tân Phong,"[[""de"", ""Stadtviertel Tân Phong""]]",True,True,103.41718292236328,22.281150817871094,103.54447174072266,22.430381774902344,393250c8-d47a-41c9-8c06-3d2dde775b9b
973afda8-dc9c-4f26-bf2b-475bdeead317,VN,VN-71,locality,,land,Xã Tủa Chùa,"[[""en"", ""Tủa Chùa Commune""], [""vi"", ""Xã Tủa Chùa""]]",True,True,103.28874206542969,21.767900466918945,103.43232727050781,21.876253128051758,181cf8ca-1b2a-4ce4-8484-5c9c925b4279
80378e2b-618a-4f9e-b6ba-e8dccc6d6457,VN,VN-05,locality,,land,Xã Co Mạ,"[[""en"", ""Co Mạ Commune""], [""vi"", ""Xã Co Mạ""]]",True,True,103.40804290771484,21.214683532714844,103.6296157836914,21.395000457763672,29d9f2fe-5bfa-464f-91cb-a7f78da24e1f
e3227812-f05d-4c4c-86ff-76c82fc34b75,VN,VN-71,locality,,land,Xã Tuần Giáo,"[[""en"", ""Tuần Giáo Commune""], [""vi"", ""Xã Tuần Giáo""]]",True,True,103.37828063964844,21.566974639892578,103.50878143310547,21.69528579711914,3dbfcd83-d727-4a7b-904f-ba3fa34cc8c7
38eb9c7e-c913-40f3-a9b4-05036ef94a78,VN,VN-22,locality,,land,Xã Keng Đu,"[[""en"", ""Keng Đu Commune""], [""vi"", ""Xã Keng Đu""]]",True,True,104.05574798583984,19.56877326965332,104.18661499023438,19.683074951171875,813df5cf-5398-4f08-a5b7-bdce6b3e03d6
f8842b1c-b2df-43dc-a13a-6d0951dff1a2,VN,VN-02,locality,,land,Xã Khánh Yên,"[[""en"", ""Khánh Yên Commune""], [""vi"", ""Xã Khánh Yên""]]",True,True,104.21064758300781,21.91819953918457,104.35235595703125,22.107006072998047,18d689c3-3e9b-4ff8-994c-41acb8c8fdc4
25c9386f-766e-413f-a523-07d2828ba9fb,VN,VN-71,locality,,land,Xã Sín Chải,"[[""en"", ""Sín Chải Commune""], [""vi"", ""Xã Sín Chải""]]",True,True,103.25707244873047,21.953094482421875,103.41460418701172,22.153549194335938,6dded095-4213-4030-9395-70472ba28098
e097fb82-a777-4b55-b34e-57fbad510d6a,VN,VN-05,locality,,land,Xã Tà Hộc,"[[""en"", ""Tà Hộc Commune""], [""vi"", ""Xã Tà Hộc""]]",True,True,104.09217071533203,21.1790771484375,104.29214477539062,21.31050682067871,38b66cee-38b6-4bc3-ae0e-df39f049453a
2d874ca4-fedf-47f0-8c41-2f9ef0696ead,VN,VN-71,locality,,land,Phường Điện Biên Phủ,"[[""en"", ""Điện Biên Phủ Ward""], [""de"", ""Stadtviertel Điện Biên Phủ""], [""vi"", ""Phường Điện Biên Phủ""]]",True,True,102.9927749633789,21.367040634155273,103.09224700927734,21.461225509643555,8aa991f2-713f-4cda-872d-bd0d3cb25ebf
b3a4c18f-793c-48de-a267-6423831f4d81,VN,VN-71,locality,,land,Phường Mường Thanh,"[[""en"", ""Mường Thanh Ward""], [""de"", ""Stadtviertel Mường Thanh""], [""vi"", ""Phường Mường Thanh""]]",True,True,102.99993133544922,21.334760665893555,103.07718658447266,21.39727783203125,a60e5f9c-a8b3-4788-8f14-154970958976
539ce39b-5312-42a4-98c2-f20128b2905a,VN,VN-71,locality,,land,Xã Sín Thầu,"[[""en"", ""Sín Thầu Commune""], [""vi"", ""Xã Sín Thầu""]]",True,True,102.14385223388672,22.243799209594727,102.44538116455078,22.547927856445312,56d916ef-c818-4166-832a-0cdc8fadf125
3b1bb683-d866-41dd-be86-1a95d0b0ec40,VN,VN-01,region,1,land,Tỉnh Lai Châu,"[[""bs"", ""Provincija Lai Chau""], [""hr"", ""Provincija Lai Chau""], [""ar"", ""محافظة لا تشاو""], [""fr"", ""Province de Lai Châu""], [""lv"", ""Lai Chau province""], [""uk"", ""Лайтяу""], [""pt-PT"", ""Província de Lai Chau""], [""pt"", ""Lai Chau""], [""cs"", ""Provincie Lai Châu""], [""el"", ""Επαρχία Λάι Τσάου""], [""it"", ""Provincia di Lai Chau""], [""ca"", ""Província de Lai Chau""], [""pt-BR"", ""Província de Lai Chau""], [""vi-Hani"", ""省萊州""], [""vi"", ""Tỉnh Lai Châu""], [""tg"", ""Вилояти Лай Чау""], [""nl"", ""Lai Châu""], [""zh-Hans"", ""莱州省""], [""bg"", ""Лай Тяу""], [""ko"", ""라이쩌우성""], [""et"", ""Lai Chau provints""], [""de"", ""Lai Châu""], [""ur"", ""لائی چاو صوبہ""], [""ru"", ""провинция Лайтяу""], [""th"", ""จังหวัดลายเจิว""], [""id"", ""Provinsi Lai Chau""], [""sr-Latn"", ""Lai Čau provincija""], [""sv"", ""Lai Chau""], [""tr"", ""Eyaleti Lai Châu""], [""da"", ""Lai Châu-provinsen""], [""sr-Cyrl"", ""Лај Ћау""], [""zh-Hant"", ""萊州省""], [""en"", ""Lai Châu Province""], [""he"", ""מחוז לאי צ'או""], [""sk"", ""Provincia Lai Chau""], [""es"", ""Lai Châu""], [""sw"", ""Mkoa wa Lai Châu""], [""ja"", ""ライチャウ""], [""fi"", ""Lai Châu""], [""ro"", ""Lai Châu""], [""lt"", ""Laiciau provincija""], [""no"", ""Lai Châu-provinsen""], [""sl"", ""Provinca Lai Chau""], [""fa"", ""استان لای چو""], [""zh"", ""莱州省""], [""ms"", ""Provinsi Lai Châu""], [""hu"", ""Lai Chau tartomány""], [""pl"", ""Prowincja Lai Châu""]]",True,True,102.32052612304688,21.686077117919922,103.98584747314453,22.813932418823242,837cc842-1890-4ef2-954d-2a6ca0776966
39430c5c-7e88-4a13-abb6-696b8415bbdb,VN,VN-71,locality,,land,Xã Pa Ham,"[[""en"", ""Pa Ham Commune""], [""vi"", ""Xã Pa Ham""]]",True,True,103.15975189208984,21.812314987182617,103.28263854980469,21.97013282775879,1a5b5a6c-9f6a-4a48-9de5-1eb4579e9301
0ae0306f-ef43-4587-8a9a-d591bf3a3d0b,VN,VN-05,locality,,land,Xã Tạ Khoa,"[[""en"", ""Tạ Khoa Commune""], [""vi"", ""Xã Tạ Khoa""]]",True,True,104.22020721435547,21.09037971496582,104.45808410644531,21.23961067199707,ca4dccc3-f044-4a79-a91f-ae7f5bb3a1c6
3e3b69f0-145a-4de1-ac85-5560a34df292,VN,VN-05,locality,,land,Phường Chiềng Cơi,"[[""en"", ""Chiềng Cơi Ward""], [""vi"", ""Phường Chiềng Cơi""]]",True,True,103.80262756347656,21.24532699584961,103.94420623779297,21.350982666015625,4b18f4e5-cfcb-4a4f-84c9-09497d04103b
bd25664d-a565-4ccf-8a3c-769620c375fa,VN,VN-02,locality,,land,Xã Tả Van,"[[""de"", ""Gemeinde Tả Van""]]",True,True,103.76129150390625,22.178417205810547,103.95135498046875,22.358535766601562,974d9624-fda8-4dad-882d-a2d308cfd3cc
e07f9180-9fd4-4abc-8708-3aa1bca5ffa9,VN,VN-02,locality,,land,Xã Hợp Thành,"[[""de"", ""Gemeinde Hợp Thành""]]",True,True,103.89625549316406,22.31065559387207,104.04171752929688,22.440622329711914,f3dbe080-2985-4abe-b8f6-1ef9d50513d3
5b0659e9-65c0-43eb-a44f-e8364e117eae,VN,VN-02,locality,,land,Xã Mù Cang Chải,"[[""en"", ""Mù Cang Chải Commune""], [""vi"", ""Xã Mù Cang Chải""]]",True,True,104.03402709960938,21.78632354736328,104.20988464355469,21.91642951965332,c1610807-fed1-4746-abb9-9d3382739603
f183d7a4-d73d-4624-8eaa-d2c26b8fabbf,VN,VN-22,locality,,land,Xã Na Loi,"[[""en"", ""Na Loi Commune""], [""vi"", ""Xã Na Loi""]]",True,True,104.10430145263672,19.48836326599121,104.2406005859375,19.655563354492188,b448944b-647f-4758-9ec1-fb4c1b8a1df1
93105baa-25b2-4ad3-8251-13594fef6479,VN,VN-02,locality,,land,Xã Gia Hội,"[[""en"", ""Gia Hội Commune""], [""vi"", ""Xã Gia Hội""]]",True,True,104.29400634765625,21.607654571533203,104.4783935546875,21.792875289916992,7f8cf7b5-4ca5-4446-94f9-841c1cf83e7a
fb325b09-43c4-4a95-a3fa-2f76e73b0f1c,VN,VN-02,locality,,land,Xã Nậm Chày,"[[""en"", ""Nậm Chày Commune""], [""vi"", ""Xã Nậm Chày""]]",True,True,103.99210357666016,22.060758590698242,104.20348358154297,22.172077178955078,7b2dc3ba-fba3-466a-8f3e-5de64ad9b4a5
3f87377c-5ee2-47ad-b9b9-985130d7e563,VN,VN-01,locality,,land,Xã Nậm Sỏ,,True,True,103.53190612792969,21.948471069335938,103.78785705566406,22.165502548217773,d279d3fc-337c-43ea-9f3d-01eb6ebaefb2
6b7acaae-de06-43ee-836a-72d7de85828a,VN,VN-22,locality,,land,Xã Bắc Lý,"[[""en"", ""Bắc Lý Commune""], [""vi"", ""Xã Bắc Lý""]]",True,True,104.15621948242188,19.565526962280273,104.30259704589844,19.70026397705078,fc566747-e8d6-4d77-aef2-1bf7e06e81a8
4f5a2f4c-b884-4f14-b55c-83f3f2f609c3,VN,VN-02,region,1,land,Tỉnh Lào Cai,"[[""bs"", ""Provincija Lao Cai""], [""hr"", ""Provincija Lao Cai""], [""ar"", ""محافظة لاو كاي""], [""fr"", ""Province de Lào Cai""], [""lv"", ""Lao Cai province""], [""uk"", ""Лаокай""], [""pt-PT"", ""Província de Lao Cai""], [""pt"", ""Lao Cai""], [""cs"", ""Provincie Lào Cai""], [""el"", ""Επαρχία Λάο Κάι""], [""it"", ""Provincia di Lao Cai""], [""ca"", ""Província de Lao Cai""], [""pt-BR"", ""Província de Lao Cai""], [""vi"", ""Tỉnh Lào Cai""], [""nl"", ""Lào Cai""], [""zh-Hans"", ""老街省""], [""bg"", ""Лао Кай""], [""ko"", ""라오까이성""], [""et"", ""Lao Cai provints""], [""de"", ""Provinz Lào Cai""], [""ur"", ""لاو کائی صوبہ""], [""ru"", ""провинция Лаокай""], [""th"", ""จังหวัดหล่าวกาย""], [""id"", ""Provinsi Lào Cai""], [""sr-Latn"", ""Lao Cai provincija""], [""sv"", ""Lao Cai""], [""tr"", ""Eyaleti Lào Cai""], [""da"", ""Lào Cai-provinsen""], [""sr-Cyrl"", ""Лао Кај""], [""zh-Hant"", ""老街省""], [""en"", ""Lào Cai Province""], [""he"", ""מחוז לאו קאי""], [""sk"", ""Provincia Lao Cai""], [""es"", ""Provincia de Lào Cai""], [""sw"", ""Mkoa wa Lào Cai""], [""ja"", ""ラオカイ""], [""fi"", ""Lào Cai""], [""ro"", ""Lào Cai""], [""lt"", ""Laokajaus provincija""], [""no"", ""Lào Cai-provinsen""], [""sl"", ""Provinca Lao Cai""], [""fa"", ""استان لائو کای""], [""mn"", ""Лау Гаая""], [""zh"", ""老街省""], [""ms"", ""Provinsi Lào Cai""], [""hu"", ""Lao Cai tartomány""], [""pl"", ""Prowincja Lào Cai""]]",True,True,103.5294189453125,21.325918197631836,105.10039520263672,22.84491539001465,9bdeb82b-75d6-4b03-b509-0a6ca165c639
5d40fda2-9252-45b9-abc5-52e7ecec50ba,VN,VN-05,locality,,land,Xã Mường Giôn,"[[""en"", ""Mường Giôn Commune""], [""vi"", ""Xã Mường Giôn""]]",True,True,103.54098510742188,21.665760040283203,103.81013488769531,21.832489013671875,176e425f-df28-4bc3-87b6-2833686ee89e
533d0c60-6c22-4053-b07a-d688d44ce504,VN,VN-05,locality,,land,Xã Mường Khiêng,"[[""en"", ""Mường Khiêng Commune""], [""vi"", ""Xã Mường Khiêng""]]",True,True,103.79325866699219,21.422990798950195,103.9853286743164,21.55675506591797,bc05fcba-6fea-4316-aa9f-f49f83fb89a6
d5f2f034-b142-49d4-a3de-3d3616bb9c22,VN,VN-05,locality,,land,Xã Chiềng Sung,"[[""en"", ""Chiềng Sung Commune""], [""vi"", ""Xã Chiềng Sung""]]",True,True,104.01734924316406,21.236774444580078,104.1951904296875,21.38131332397461,025e834a-663f-4176-ba5d-fda7f4dd5caa
defd2e0d-2fdd-4015-aa48-65b0cfeb82ed,VN,VN-01,locality,,land,Xã Pắc Ta,,True,True,103.75513458251953,22.037620544433594,103.9441909790039,22.17841911315918,a0ecd62b-7536-4e3f-8541-6f530e5fbd8c
a75c7fd1-12a0-4b39-b81f-772f37b525aa,VN,VN-02,locality,,land,Xã Bảo Thắng,"[[""en"", ""Bảo Thắng Commune""], [""vi"", ""Xã Bảo Thắng""]]",True,True,104.02595520019531,22.255834579467773,104.24205017089844,22.477638244628906,27809f40-5446-44be-ba91-ed4bc7085d4a
ce61b3d1-d020-4df7-8823-009b91c71f2e,VN,VN-01,locality,,land,Xã Nậm Hàng,,True,True,102.9244613647461,22.02691650390625,103.10691833496094,22.283145904541016,d0cfb27b-4945-404c-a387-b7496801adec
c19e0999-8147-4468-85ef-e028848728be,VN,VN-71,locality,,land,Xã Chiềng Sinh,"[[""en"", ""Chiềng Sinh Commune""], [""vi"", ""Xã Chiềng Sinh""]]",True,True,103.15139770507812,21.529409408569336,103.40294647216797,21.69025421142578,37550b3a-4385-4849-8f9b-901eb91984c7
1ae8b555-ea04-4fcf-a838-b1c59102acff,VN,VN-01,locality,,land,Xã Pa Ủ,,True,True,102.47772979736328,22.502525329589844,102.78768920898438,22.733139038085938,635347b1-c324-49d3-a505-b7d36df0a949
5bb23628-cde8-441a-9ac6-1bd1b41a8a78,VN,VN-02,locality,,land,Xã Pha Long,"[[""en"", ""Pha Long Commune""], [""vi"", ""Xã Pha Long""]]",True,True,104.16358947753906,22.70492935180664,104.27117156982422,22.84491539001465,fdec6585-9552-4f57-bd1f-05bfa6162091
ebebe1f0-3de1-4757-b8bc-9204abc49c04,VN,VN-02,locality,,land,Xã Mường Khương,"[[""en"", ""Mường Khương Commune""], [""vi"", ""Xã Mường Khương""]]",True,True,104.02815246582031,22.638219833374023,104.19467163085938,22.82268714904785,9d4d2f33-b84d-48ef-810a-d441c396ee93
e14664a7-0a42-4a08-90e4-09f0fc623b99,VN,VN-01,locality,,land,Xã Bum Nưa,,True,True,102.75468444824219,22.34602165222168,102.93251037597656,22.62735366821289,4fab2abe-fd70-4dd8-b9ed-c0a6d1f24481
f5a92894-c2d8-4049-9a07-b3e119838b0e,VN,VN-02,locality,,land,Xã Bản Liền,"[[""en"", ""Bản Liền Commune""], [""vi"", ""Xã Bản Liền""]]",True,True,104.31332397460938,22.41790771484375,104.44923400878906,22.572717666625977,239912ad-e3ab-45e2-9a8b-05d561bf2104
ff8184ef-7d38-4d38-9584-764d067fb05a,VN,VN-01,locality,,land,Phường Đoàn Kết,"[[""de"", ""Stadtviertel Đoàn Kết""]]",True,True,103.31161499023438,22.361473083496094,103.484619140625,22.50784683227539,70743dcc-d3c7-4a2f-9f44-87452471d1cb
6d474e11-97d7-4386-b0d8-8ab3bc764250,VN,VN-02,locality,,land,Xã Bắc Hà,"[[""en"", ""Bắc Hà Commune""], [""vi"", ""Xã Bắc Hà""]]",True,True,104.18975067138672,22.450729370117188,104.42485809326172,22.5987491607666,17c39a31-d7fc-49bf-b195-4cca212f0fcc
98181c15-54a7-4040-bb7a-21181e384f2c,VN,VN-02,locality,,land,Xã Phong Hải,"[[""en"", ""Phong Hải Commune""], [""vi"", ""Xã Phong Hải""]]",True,True,104.04073333740234,22.408681869506836,104.19241333007812,22.54819107055664,9732916f-f2b8-49e1-91c2-4b7d887c606c
8d9d0306-99bf-4701-bff7-c9a0cb440e47,VN,VN-01,locality,,land,Xã Mù Cả,,True,True,102.32052612304688,22.3586483001709,102.60546112060547,22.574512481689453,e677c8b7-99c5-4e32-b7d0-bf84cd8fa744
bafb2802-7685-427c-8ff6-be312781f192,VN,VN-01,locality,,land,Xã Sin Suối Hồ,,True,True,103.38533020019531,22.420494079589844,103.59563446044922,22.619497299194336,21177eba-aa93-45a9-9a45-3254878f65d4
ba154e4e-3a70-4dd4-91ad-a9a7901afaec,VN,VN-02,locality,,land,Xã Cao Sơn,"[[""en"", ""Cao Sơn Commune""], [""vi"", ""Xã Cao Sơn""]]",True,True,104.10279083251953,22.502094268798828,104.20755767822266,22.746171951293945,a2b7079d-f7c1-43e1-bbee-c26a5a9200b5
d1c523d5-7881-4878-98af-bca8451f7a69,VN,VN-01,locality,,land,Xã Mường Tè,,True,True,102.5155029296875,22.37069320678711,102.74608612060547,22.637554168701172,79a1abdd-94d4-49d8-a55e-340993b6c30c
9e034b70-cb1a-43b5-99ea-9e1dd4648ca5,VN,VN-01,locality,,land,Xã Phong Thổ,,True,True,103.13230895996094,22.47412109375,103.40392303466797,22.659072875976562,cd898ab5-27dc-4926-b944-70389ce13f03
c1df6e04-ab44-4b76-862a-f8de00e1deef,VN,VN-01,locality,,land,Xã Hồng Thu,,True,True,103.17605590820312,22.363876342773438,103.3702621459961,22.50298309326172,712e8a2e-98d5-44b3-86f7-40c65cd74c4b
029fba28-fdd4-48d0-9696-099c7fa1a122,VN,VN-02,locality,,land,Xã Tả Củ Tỷ,"[[""en"", ""Tả Củ Tỷ Commune""], [""vi"", ""Xã Tả Củ Tỷ""]]",True,True,104.35442352294922,22.572265625,104.4666976928711,22.68060302734375,456f0707-a1f8-49c2-9a39-59cb865c64cd
70abb483-a2d5-4912-ad91-c4ffc541c475,VN,VN-07,locality,,land,Xã Pà Vầy Sủ,"[[""en"", ""Pà Vầy Sủ Commune""], [""vi"", ""Xã Pà Vầy Sủ""]]",True,True,104.3343276977539,22.613428115844727,104.48394012451172,22.73090362548828,8dbf8977-1897-42fd-91fb-77c34a28c120
2627d2a5-3677-49b2-9050-4ac3a3bd9f36,VN,VN-02,locality,,land,Phường Cam Đường,"[[""de"", ""Stadtviertel Cam Đường""]]",True,True,103.95611572265625,22.373254776000977,104.06307220458984,22.480512619018555,4a482963-15ad-4c7f-989d-b3eecebc8322
820fd9c0-b687-4674-a0f5-8d472ab61cd1,VN,VN-02,locality,,land,Xã Bát Xát,"[[""en"", ""Bát Xát Commune""], [""vi"", ""Xã Bát Xát""]]",True,True,103.758056640625,22.419597625732422,103.9327392578125,22.621360778808594,ef8a1d33-4087-404a-9d93-d9c47196a7a2
b6414049-4c63-4c5e-b677-6c1b08316f32,VN,VN-02,locality,,land,Xã Bản Lầu,"[[""en"", ""Bản Lầu Commune""], [""vi"", ""Xã Bản Lầu""]]",True,True,104.00519561767578,22.52584457397461,104.12425231933594,22.667461395263672,78604518-caa2-4514-8fcf-2642a19ae587
cbf4987c-cc7f-4443-bfb7-c559327aa45f,VN,VN-01,locality,,land,Xã Khổng Lào,,True,True,103.2532730102539,22.532846450805664,103.48834228515625,22.649009704589844,98cb0340-97f2-4c72-8c3b-518ebc1fc2f9
26ff0cab-04cf-4637-ae78-debae28c3958,VN,VN-02,locality,,land,Xã A Mú Sung,"[[""en"", ""A Mú Sung Commune""], [""vi"", ""Xã A Mú Sung""]]",True,True,103.59711456298828,22.669404983520508,103.73786163330078,22.797962188720703,e6b97bab-f177-4d82-9287-1ffcf1f9f783
2d562f9a-f84a-4048-970d-3aba205c8c5e,VN,VN-01,locality,,land,Xã Dào San,,True,True,103.23503875732422,22.625808715820312,103.47640991210938,22.7099552154541,fe2e0527-0dd8-4b75-83e7-01daede1b5ba
ed6a3352-e615-4a60-91d4-1c573e52afee,VN,VN-02,locality,,land,Xã Sín Chéng,"[[""en"", ""Sín Chéng Commune""], [""vi"", ""Xã Sín Chéng""]]",True,True,104.17410278320312,22.584726333618164,104.25685119628906,22.74066734313965,28486e4d-6b45-4f58-af61-3c473e70f8dc
eadd4f8c-775b-4813-ac24-03f6a1786eae,VN,VN-01,locality,,land,Ma U,,True,True,102.42533111572266,22.474708557128906,102.42717742919922,22.47623062133789,a28f8606-b553-4eef-ad4f-63f80868d404
04fc6559-93c6-40d3-8f50-1431369d7ab7,VN,VN-02,microhood,,land,Quảng Trường Ga Lào Cai,,True,True,103.97758483886719,22.491668701171875,103.97813415527344,22.49225616455078,09e36e92-4bfc-4a0d-a91a-911c2e27fd31
64cfc551-9993-43a1-a565-3fb9dbd9e463,VN,VN-02,locality,,land,Xã Cốc San,"[[""en"", ""Cốc San Commune""], [""vi"", ""Xã Cốc San""]]",True,True,103.88407135009766,22.406387329101562,103.96791076660156,22.5150146484375,0b36a138-6c2f-42c2-b496-edf5dc1af6a9
66091e3d-50fe-4038-8f1a-006e2372b339,VN,VN-01,locality,,land,Xã Thu Lũm,,True,True,102.34575653076172,22.555866241455078,102.55271911621094,22.779918670654297,0a52acb6-f10f-48d3-a046-1e6d7368cd1f
e187b027-fc6a-4aa6-93a6-4d19c243fb2f,VN,VN-02,locality,,land,Phường Lào Cai,"[[""de"", ""Stadtviertel Lào Cai""]]",True,True,103.9196548461914,22.452524185180664,104.08177947998047,22.559961318969727,2f0ab4cd-f020-4943-b33c-8285c53e28c3
3862e776-a256-4a04-b8e1-131b972c2113,VN,VN-02,locality,,land,Xã Ngũ Chỉ Sơn,"[[""de"", ""Gemeinde Ngũ Chỉ Sơn""]]",True,True,103.72864532470703,22.375394821166992,103.83989715576172,22.493345260620117,1c83755a-0f41-4491-848e-2786226cafca
8fbcd09c-1ee5-4622-90c9-b035bcb78e28,VN,VN-71,locality,,land,Long San,"[[""zh"", ""隆山""]]",True,True,102.30428314208984,22.43222999572754,102.30768585205078,22.43341064453125,bfebb56d-4afa-4b4b-8e1e-f5b444b5da85
bcc89fa6-910e-4881-8c20-5c9f0f68d37d,VN,VN-02,locality,,land,Xã Mường Hum,"[[""en"", ""Mường Hum Commune""], [""vi"", ""Xã Mường Hum""]]",True,True,103.5551986694336,22.396303176879883,103.75480651855469,22.54279327392578,e85c3ba3-5dfb-4b18-a472-d5057f6630ad
29b20f81-5c06-4fc7-8db5-d28c30051f0d,VN,VN-02,locality,,land,Xã Dền Sáng,"[[""en"", ""Dền Sáng Commune""], [""vi"", ""Xã Dền Sáng""]]",True,True,103.56792449951172,22.51521873474121,103.7491683959961,22.629268646240234,7efec805-4759-442d-950e-ba843fd28588
4c1145b7-baac-4c06-90e8-a44890903fe8,VN,VN-02,locality,,land,Xã Bản Xèo,"[[""en"", ""Bản Xèo Commune""], [""vi"", ""Xã Bản Xèo""]]",True,True,103.72563171386719,22.457962036132812,103.82865905761719,22.574512481689453,daab4e12-c984-4bc3-8c74-a453ded2f714
70dae3ae-b345-4d7c-a34c-b145fc3cd458,VN,VN-02,locality,,land,Xã Bảo Nhai,"[[""en"", ""Bảo Nhai Commune""], [""vi"", ""Xã Bảo Nhai""]]",True,True,104.16536712646484,22.37875747680664,104.35108947753906,22.54642677307129,475a3512-90eb-4334-a180-c0a90aa7e689
0c94bac6-5785-42bb-9c06-01a9e238a43f,VN,VN-02,locality,,land,Xã Lùng Phình,"[[""en"", ""Lùng Phình Commune""], [""vi"", ""Xã Lùng Phình""]]",True,True,104.2325668334961,22.551515579223633,104.38400268554688,22.68946647644043,40c4f7c8-44fd-4939-a779-286b1e7ec4bf
d9659e26-9afd-4833-98fb-405325b6350b,VN,VN-02,locality,,land,Xã Si Ma Cai,"[[""en"", ""Si Ma Cai Commune""], [""vi"", ""Xã Si Ma Cai""]]",True,True,104.23146057128906,22.613006591796875,104.34205627441406,22.741622924804688,1d52bdfc-bbb4-4a58-8fb0-bc544bdf36d9
aeaf3d5a-a7f4-4372-af28-b80b132af33b,VN,VN-71,locality,,land,Tả Ló San,"[[""zh"", ""大罗山""]]",True,True,102.2966537475586,22.493925094604492,102.29824829101562,22.495437622070312,550a3d1d-23c0-4455-8249-561dfc6b1def
21fe6b12-931f-445f-b1e9-4746e8e4c7d9,VN,VN-01,locality,,land,Xã Sì Lở Lầu,,True,True,103.28003692626953,22.67624282836914,103.44233703613281,22.813932418823242,a5c7be54-a2c2-47aa-8e66-1d566bf15ef8
138e16e2-ab1e-4df5-a022-84701c6501e1,VN,VN-02,locality,,land,Xã Trịnh Tường,"[[""en"", ""Trịnh Tường Commune""], [""vi"", ""Xã Trịnh Tường""]]",True,True,103.66014099121094,22.562442779541016,103.82156372070312,22.7133731842041,57f8d088-108e-4794-a17a-7375deed36d2
405e1765-9f6f-46d4-9ae5-32b9d1ac321a,VN,VN-02,locality,,land,Xã Y Tý,"[[""en"", ""Y Tý Commune""], [""vi"", ""Xã Y Tý""]]",True,True,103.5294189453125,22.578073501586914,103.67875671386719,22.743961334228516,61bf7489-3faf-4d82-a394-abb0edcb06a0
2a4a694c-f3a4-4460-a9cc-651e00707816,VN,VN-39,locality,,land,Xã Xuân Đường,"[[""ko"", ""쑤언드엉""]]",True,True,107.07396697998047,10.743602752685547,107.2120361328125,10.829249382019043,002762a3-cb90-44b9-a454-860af7717441
fa52da73-837d-404d-a699-73263a59fa82,VN,VN-22,locality,,land,Xã Xuân Lâm,"[[""en"", ""Xuân Lâm Commune""], [""vi"", ""Xã Xuân Lâm""]]",True,True,105.34960174560547,18.67505645751953,105.46966552734375,18.781719207763672,d5b0c010-9d1f-4312-85a2-716f10fa28e9
b6eeed53-87a1-4b03-ae12-f3d97c51916f,VN,VN-CT,locality,,land,Phường Mỹ Xuyên,,True,True,105.88703155517578,9.515304565429688,106.0089340209961,9.594879150390625,0ec8e239-aa57-4d7c-8f36-a6467d1ef369
417bf789-65ff-46be-9cb6-667f1e350ccf,VN,VN-49,locality,,land,Xã Thạnh Phước,,True,True,106.63597869873047,10.074776649475098,106.74463653564453,10.199724197387695,3b5eca4b-941c-4b72-b210-64d742631004
e74dd3ec-2ba7-4c64-ac5c-e8acaacc73f1,VN,VN-25,locality,,land,Đặc khu Cồn Cỏ,"[[""pt"", ""Con Co""], [""vi-Hani"", ""特區𡑱𦹵""], [""vi"", ""Đặc khu Cồn Cỏ""], [""zh-Hans"", ""𡑱𦹵特区""], [""lzh"", ""𡑱𦹵特區""], [""zh-Hant"", ""𡑱𦹵特區""], [""en"", ""Cồn Cỏ Special Administrative Region""], [""zh"", ""𡑱𦹵特區""]]",True,True,107.33140563964844,17.150394439697266,107.34827423095703,17.166393280029297,1528a009-4733-40cf-9f17-a56e529d93ff
d5413157-e149-4043-91d8-55a6d2f2e3ed,VN,VN-23,locality,,land,Xã Cẩm Xuyên,"[[""en"", ""Cẩm Xuyên Commune""], [""vi"", ""Xã Cẩm Xuyên""]]",True,True,105.9497299194336,18.13421630859375,106.01827239990234,18.299842834472656,7930c2e0-1a82-4f3c-88f4-d54c7f326334
dfbc76ba-1d74-45e9-88a8-b379b0fba2e8,VN,VN-45,locality,,land,Xã Gia Thuận,,True,True,106.71566009521484,10.363874435424805,106.80923461914062,10.478489875793457,4934e5cf-c63b-44a7-8752-7f152fac1ee1
8c005344-f02e-43e6-9e5a-062320b52b22,VN,VN-CT,locality,,land,Xã An Thạnh,,True,True,106.07357025146484,9.599263191223145,106.24832153320312,9.77441120147705,6b892277-b36b-4305-9af3-e49c60b10d01
6097cb26-4da7-4f1d-9100-1410bdd878ec,VN,VN-49,locality,,land,Xã Châu Hòa,,True,True,106.45645904541016,10.149123191833496,106.58678436279297,10.235259056091309,b45b42c6-89d9-4ec3-9367-92bd1d208a91
c04fca0f-9ad0-44b8-ba2d-733f6261e19b,VN,VN-CT,locality,,land,Phường Thới An Đông,,True,True,105.66552734375,10.052680015563965,105.73726654052734,10.117897033691406,171c0c22-bb44-436d-9995-add0f6e7e67a
f4dbd918-b1e8-4d33-96b8-5b96f3c1c3f1,VN,VN-26,region,1,land,Thành phố Huế,"[[""bs"", ""Provincija Thừa Thiên Huế""], [""hr"", ""Provincija Thừa Thiên Huế""], [""ka"", ""ჰუე""], [""ar"", ""هوي""], [""fr"", ""Hué""], [""lv"", ""Thiathjenas-Hue province""], [""eu"", ""Hue""], [""kl"", ""Hue""], [""uz"", ""Xyue""], [""uk"", ""Хюе""], [""ga"", ""Hué""], [""pt-PT"", ""Província de Thừa Thiên Huế""], [""pt"", ""Hue""], [""cs"", ""Hue""], [""el"", ""Χουέ""], [""it"", ""Hue""], [""ca"", ""Província de Thừa Thiên Huế""], [""pt-BR"", ""Província de Thừa Thiên Huế""], [""vi-Hani"", ""化""], [""vi"", ""Thành phố Huế""], [""tg"", ""Ху""], [""nl"", ""Huế""], [""zh-Hans"", ""顺化市""], [""bg"", ""Хюе""], [""ko"", ""후에""], [""eo"", ""Hue""], [""mk"", ""Хуе""], [""et"", ""Thừa Thiên Huế provints""], [""de"", ""Hue""], [""ur"", ""ہوائے""], [""ru"", ""Хюэ""], [""th"", ""เว้""], [""id"", ""Hue""], [""sr-Latn"", ""Tija Tijen Hue provincija""], [""sv"", ""Hué""], [""tr"", ""Thừa Thiên Huế İli""], [""da"", ""Hué""], [""sr-Cyrl"", ""Хуе""], [""zh-Hant"", ""順化市""], [""en"", ""Huế""], [""he"", ""הואה""], [""kn"", ""ಹೂಎ""], [""sk"", ""Provincia Thừa Thiên Huế""], [""es"", ""Hué""], [""sw"", ""Huế""], [""ja"", ""フエ""], [""fi"", ""Huế""], [""ro"", ""Huế""], [""lt"", ""Hujė""], [""no"", ""Hue""], [""sl"", ""Provinca Thừa Thiên Huế""], [""fa"", ""هوئه""], [""mn"", ""Хюэ""], [""zh"", ""顺化市""], [""ms"", ""Provinsi Thừa Thiên Huế""], [""hu"", ""Thừa Thiên Huế tartomány""], [""pl"", ""Huế""]]",True,False,107.03433990478516,15.994929313659668,108.1943130493164,16.74094581604004,fb2754e1-96af-4b43-bd0b-d34868c0b147
51a53381-0270-46a2-8799-0f5e8a258002,VN,VN-49,locality,,land,Xã Càng Long,,True,True,106.1345443725586,9.971721649169922,106.27793884277344,10.050682067871094,4e0d8b80-830a-4381-9b46-f51693e38bf3
5a562f37-4316-4281-bb02-51c7eb9c69ba,VN,VN-29,microhood,,land,Quảng trường 16/3,"[[""en"", ""March 16 Square""], [""fr"", ""Carré 16/3""]]",True,True,108.00121307373047,14.360386848449707,108.0032730102539,14.362133979797363,10297feb-781b-4ebc-987b-ebe4443f5faf
13094711-d2ff-4341-9ec8-6f703976767e,VN,VN-21,locality,,land,Xã Lương Sơn,"[[""en"", ""Lương Sơn Commune""], [""vi"", ""Xã Lương Sơn""]]",True,True,105.18214416503906,19.92035484313965,105.31195068359375,20.016077041625977,70a16571-ee29-4574-9228-4a56549311f7
90df1dbb-87af-4b1b-8470-c62f6fddf171,VN,VN-25,locality,,land,Xã Tân Mỹ,"[[""vi-Hani"", ""社新美""], [""vi"", ""Xã Tân Mỹ""], [""zh-Hans"", ""新美社""], [""lzh"", ""新美社""], [""zh-Hant"", ""新美社""], [""en"", ""Tân Mỹ Commune""], [""zh"", ""新美社""]]",True,True,106.79657745361328,17.077177047729492,106.89836120605469,17.22775650024414,af592d39-bee0-4688-a976-1000c808237f
9f956050-c17b-4fac-8f0e-3583db1b0fa7,VN,VN-23,locality,,land,Xã Việt Xuyên,"[[""en"", ""Việt Xuyên Commune""], [""vi"", ""Xã Việt Xuyên""]]",True,True,105.76837921142578,18.332275390625,105.8431396484375,18.40770721435547,a136fd29-cc17-4e78-a0cf-7ed33ac02bb9
8d0edf6b-2baa-4385-99e1-766321fdca0f,VN,VN-37,locality,,land,Xã Mỹ Lộc,,True,True,106.58838653564453,10.555917739868164,106.6500473022461,10.632709503173828,3fa05b27-c2fe-4d23-8423-89451c453060
e21e4a01-2257-436d-89a2-22781ca7b0bf,VN,VN-CT,locality,,land,Phường Đại Thành,,True,True,105.7664794921875,9.801329612731934,105.86715698242188,9.88284683227539,db99ec9c-389c-4e89-86e4-b54b8ac2cacb
a652da0d-22ee-43d3-9c72-38ffab0ba32e,VN,VN-66,locality,,land,Xã Thư Vũ,"[[""en"", ""Thư Vũ Commune""], [""vi"", ""Xã Thư Vũ""]]",True,True,106.31629943847656,20.344392776489258,106.38310241699219,20.428129196166992,73784c97-0491-45e2-be62-d0bc4c06307f
1d46b9fd-cf27-4ada-84d5-f181a012816c,VN,VN-49,locality,,land,Phường Bến Tre,,True,True,106.26349639892578,10.196845054626465,106.36647033691406,10.262253761291504,d5c46b59-63fe-43a6-852a-de82827e9f17
547c1aa8-501d-45d2-b741-ee0f4a37c9e7,VN,VN-22,locality,,land,Xã Châu Khê,"[[""en"", ""Châu Khê Commune""], [""vi"", ""Xã Châu Khê""]]",True,True,104.52946472167969,18.852792739868164,104.8016357421875,19.213764190673828,4f78db13-843c-4ac4-a7c4-ee14505306da
d3ebba69-c27c-45f3-b715-1aadd9a8b63a,VN,VN-49,locality,,land,Xã Thạnh Hải,,True,True,106.55982971191406,9.805317878723145,106.68397521972656,9.982711791992188,71ff97dc-0a2f-4d3e-9042-e3f636d626f0
b49ecd7a-8af1-4607-8b14-f7db8a066d29,VN,VN-37,locality,,land,Xã Cần Giuộc,,True,True,106.63492584228516,10.57388973236084,106.7332534790039,10.656659126281738,ce8e80ee-48ac-47fe-8f5a-c7d2c935d4d7
2a094dde-c6b9-459d-b5ae-e285a33c0777,VN,VN-44,locality,,land,Xã Long Kiến,,True,True,105.44198608398438,10.398786544799805,105.53553771972656,10.500382423400879,cbf81e70-58c1-4d62-b925-d10fed67500d
edcb184b-80eb-47a4-8100-2d1778fd69a0,VN,VN-66,locality,,land,Xã Bắc Đông Quan,"[[""en"", ""Bắc Đông Quan Commune""], [""vi"", ""Xã Bắc Đông Quan""]]",True,True,106.37199401855469,20.51304054260254,106.43988037109375,20.559104919433594,492f58d8-8069-4ca1-b1d1-21d95dd6e8c0
81484734-64b0-475b-8483-f0abca3daecd,VN,VN-37,locality,,land,Xã Vĩnh Châu,,True,True,105.65861511230469,10.653460502624512,105.82259368896484,10.803926467895508,07a89a2b-165c-4aa1-9016-9f4de54655a9
439ea578-742f-4b34-9a37-1de6a90f3aed,VN,VN-45,locality,,land,Xã Long Phú Thuận,,True,True,105.25808715820312,10.712118148803711,105.36115264892578,10.799803733825684,bf7761f3-1924-4444-bda2-8c49306c7154
7f17c5e7-1130-4cbc-a466-86ae7d93fc2e,VN,VN-21,locality,,land,Phường Quảng Phú,"[[""en"", ""Quảng Phú Ward""], [""de"", ""Stadtviertel Quảng Phú""], [""vi"", ""Phường Quảng Phú""]]",True,True,105.75613403320312,19.732053756713867,105.86243438720703,19.795391082763672,294e1093-c35c-4ec2-91e3-05dcaf8132a7
cee148f8-76ba-4a45-9808-edc108256fbb,VN,VN-66,locality,,land,Xã Ái Quốc,"[[""en"", ""Ái Quốc Commune""], [""vi"", ""Xã Ái Quốc""]]",True,True,106.48948669433594,20.3541259765625,106.55352020263672,20.401968002319336,4b0d4371-205f-42c7-b167-0c2cd030e0d5
3508ca9e-d9d3-41eb-a171-a3a97de45474,VN,VN-22,locality,,land,Xã Nghĩa Hành,"[[""en"", ""Nghĩa Hành Commune""], [""vi"", ""Xã Nghĩa Hành""]]",True,True,105.06847381591797,18.975372314453125,105.2301025390625,19.070850372314453,363e6513-94cc-417a-b827-fd3431e9c24c
8bf2505a-d211-4217-8560-e96c64632a30,VN,VN-DN,locality,,land,Xã Đại Lộc,"[[""en"", ""Đại Lộc Commune""], [""vi"", ""Xã Đại Lộc""]]",True,True,108.03294372558594,15.842738151550293,108.15253448486328,15.947940826416016,56b6b99c-0c25-421b-9794-366a1bd0de43
18b15dc8-e230-440f-a15e-bfed0d468cd3,VN,VN-37,locality,,land,Xã Phước Thạnh,,True,True,106.2222671508789,11.08858871459961,106.31419372558594,11.211220741271973,34d37383-c975-44a0-9f27-785aeb162696
cc2f81db-5691-490c-b3eb-d81801552355,VN,VN-18,locality,,land,Xã Bình Sơn,"[[""en"", ""Bình Sơn Commune""], [""vi"", ""Xã Bình Sơn""]]",True,True,105.98174285888672,20.395402908325195,106.03327178955078,20.485748291015625,fb7ba5bb-04b3-48e2-aa1c-84e22a78373f
3a95376c-5c70-49b2-903a-edce7aba9ecf,VN,VN-26,locality,,land,Xã Chân Mây - Lăng Cô,"[[""vi-Hani"", ""社蹎𩄲陵姑""], [""vi"", ""Xã Chân Mây - Lăng Cô""], [""zh-Hans"", ""蹎𩄲陵姑社""], [""lzh"", ""蹎𩄲陵姑社""], [""zh-Hant"", ""蹎𩄲陵姑社""], [""en"", ""Chân Mây - Lăng Cô Commune""], [""zh"", ""蹎𩄲陵姑社""]]",True,True,107.91049194335938,16.179040908813477,108.19478607177734,16.3444881439209,d0e4e9dd-6b70-4319-8ed2-682d174f613e
39c0d1e8-c7cd-407d-b894-b4e36f4e81d2,VN,VN-44,locality,,land,Xã Long Điền,,True,True,105.40142059326172,10.47236442565918,105.50418853759766,10.55339241027832,7d496cef-8536-451a-b631-6c9ccd9b7db6
3a87557b-1bbf-45c9-b0ea-c6e383342326,VN,VN-30,locality,,land,Xã Ia Dơk,,True,True,107.59873962402344,13.787534713745117,107.73889923095703,13.922329902648926,af975ee2-e4cf-4df5-975d-fb4fb06049de
2f50561b-38f4-408d-bbf5-5ceb6d3bb3b2,VN,VN-22,locality,,land,Xã Lam Thành,"[[""en"", ""Lam Thành Commune""], [""vi"", ""Xã Lam Thành""]]",True,True,105.6209487915039,18.57464599609375,105.70633697509766,18.653535842895508,7917a767-3c64-4172-a096-ff04e861d443
307db91e-9277-4a6d-b156-355416ee22f4,VN,VN-SG,locality,,land,Phường Bình Thạnh,,True,True,106.6949462890625,10.802456855773926,106.7175521850586,10.821124076843262,7657af21-e394-4e05-9a26-17231004933b
51790d00-a487-4e6b-9770-5e097e409026,VN,VN-23,locality,,land,Xã Trường Lưu,"[[""en"", ""Trường Lưu Commune""], [""vi"", ""Xã Trường Lưu""]]",True,True,105.63255310058594,18.387948989868164,105.7014389038086,18.51380729675293,870fd2dd-9b3c-44c4-83d1-a7a44d03aee4
8cd2adb6-fd2a-4cd0-93c7-cfdd60a18474,VN,VN-22,locality,,land,Xã Châu Lộc,"[[""en"", ""Châu Lộc Commune""], [""vi"", ""Xã Châu Lộc""]]",True,True,105.11780548095703,19.34382438659668,105.25511169433594,19.42993927001953,040bc48e-82e8-44ae-8f21-612e496e4c93
fdb3e6a9-e8bd-4700-9ad4-21889e1a3199,VN,VN-21,locality,,land,Xã Định Tân,"[[""en"", ""Định Tân Commune""], [""vi"", ""Xã Định Tân""]]",True,True,105.64448547363281,19.957508087158203,105.73368835449219,20.01750946044922,fafa6855-9196-4a68-b1e4-3f7afa8217e8
162b871e-e474-481e-b2a9-1d28a7621838,VN,VN-SG,locality,,land,Xã Xuân Sơn,,True,True,107.29552459716797,10.556168556213379,107.36775207519531,10.678364753723145,8b0d759f-69fc-4380-a71f-b22e523c48a1
492ac07b-9db9-424a-9605-883e054fcec1,VN,VN-21,locality,,land,Xã Công Chính,"[[""en"", ""Công Chính Commune""], [""vi"", ""Xã Công Chính""]]",True,True,105.60215759277344,19.477025985717773,105.69041442871094,19.57855987548828,f9fce9c9-430a-4e47-b290-28d7c7d0814c
f4fe39c1-463e-4558-b9ce-3ffb92925bc0,VN,VN-23,locality,,land,Xã Tứ Mỹ,"[[""en"", ""Tứ Mỹ Commune""], [""vi"", ""Xã Tứ Mỹ""]]",True,True,105.48271942138672,18.48102378845215,105.55400085449219,18.560924530029297,051993d0-cb3e-43a9-8527-de058887a634
a54b7285-3a91-468d-842a-10ce2eea858d,VN,VN-37,locality,,land,Xã Tân Lập,,True,True,105.91778564453125,11.588637351989746,106.114501953125,11.782855033874512,57cb1ff1-942f-4426-8c9c-1d3d62864f23
3bb47e1d-293f-4179-8c14-df265197af2e,VN,VN-49,locality,,land,Xã Tân Phú,,True,True,106.14302825927734,10.239489555358887,106.2503433227539,10.320549964904785,60f78ea6-d36f-4a7d-9c3c-61f9e3890d07
59db9c6f-e62b-4ffb-b410-47fccfffd4a4,VN,VN-23,locality,,land,Xã Kim Hoa,"[[""en"", ""Kim Hoa Commune""], [""vi"", ""Xã Kim Hoa""]]",True,True,105.3704833984375,18.407564163208008,105.51336669921875,18.516258239746094,42de60e6-0141-4d66-84ab-510c88872a91
ccd29b46-5d86-4402-8f5a-42b41081550f,VN,VN-SG,locality,,land,Phường Thới Hòa,,True,True,106.58082580566406,11.072107315063477,106.66004943847656,11.135103225708008,cb137430-d8f2-4075-bb77-ab9b001c6e6c
75638998-28c2-4903-af85-a361912beb08,VN,VN-44,locality,,land,Xã Bình Sơn,"[[""zh-Hant"", ""平山社""], [""fa"", ""قصبه بین‌سون""], [""zh-Hans"", ""平山社""], [""zh"", ""平山社""]]",True,True,104.77392578125,10.174905776977539,104.95448303222656,10.355622291564941,a90ed267-e9cc-4e31-9a0e-c41a93180a4d
9249f5e4-8cf4-4fc3-9e7e-3f726f95ad63,VN,VN-59,locality,,land,Xã Đất Mới,"[[""zh-Hant"", ""坦買社""], [""fa"", ""قصبه دات‌موی""], [""zh-Hans"", ""坦买社""], [""zh"", ""坦買社""]]",True,True,104.8055191040039,8.690969467163086,105.0190658569336,8.853413581848145,d6c35057-a9c3-4ea3-b5f1-4734ff484487
ba8403d7-292c-4e29-adcc-2247cd77b1dc,VN,VN-45,locality,,land,Xã Thanh Bình,"[[""vi"", ""Thanh Bình""]]",True,True,105.4557113647461,10.533805847167969,105.58987426757812,10.663372039794922,bb4678bc-4261-4c4c-8bce-03ee0ba1cb35
e70e6440-d5c9-4498-b218-b41260191c37,VN,VN-37,locality,,land,Xã Tân Long,,True,True,106.22975158691406,10.643257141113281,106.38095092773438,10.777830123901367,7fb21a3d-5092-423c-aeb9-8c325fd0ccc8
edc66d29-5690-453a-8087-da25568eac83,VN,VN-21,locality,,land,Xã Văn Nho,"[[""en"", ""Văn Nho Commune""], [""vi"", ""Xã Văn Nho""]]",True,True,105.08272552490234,20.214330673217773,105.17692565917969,20.315444946289062,f85d0ba3-1675-4f97-9a45-01668982489d
cd13c279-4fae-4361-892d-72f03a4eb2c6,VN,VN-45,microhood,,land,Quảng trường trung tâm huyện Cai Lậy,,True,True,106.08058166503906,10.410152435302734,106.08172607421875,10.411279678344727,169f90ae-2a0c-46e8-91ca-c6a378ffb3b7
4c0eda2b-30c8-4c3d-b1a6-1ff63927d0d7,VN,VN-37,locality,,land,Xã Thạnh Hóa,,True,True,106.08601379394531,10.575296401977539,106.19934844970703,10.6780366897583,0ecfdde6-e1c2-42a3-bb56-2db2509b738b
71d75e3d-e13a-4679-80a7-d5aa16e9217d,VN,VN-39,locality,,land,Xã Bình Minh,,True,True,106.94076538085938,10.919525146484375,107.00984191894531,11.01427173614502,4da8d957-9174-4620-b485-9b353809e223
cbdf731f-8c2c-4c9d-8573-76d331ee4c44,VN,VN-45,locality,,land,Phường Hồng Ngự,,True,True,105.33538055419922,10.803072929382324,105.43666076660156,10.89789867401123,7e0b4cd7-88a3-4f8c-bd9c-213bd4ee6fe9
c67ce163-c2cd-49d7-a8db-8415c5f71e07,VN,VN-37,locality,,land,Xã Khánh Hưng,,True,True,105.63282775878906,10.907622337341309,105.83055877685547,11.032210350036621,5c14c656-b17c-483b-8728-aa874cb076fc
e0b2a5f8-8130-4892-8771-44f483ef1abe,VN,VN-21,locality,,land,Xã Na Mèo,"[[""en"", ""Na Mèo Commune""], [""vi"", ""Xã Na Mèo""]]",True,True,104.60912322998047,20.2292537689209,104.71305084228516,20.372976303100586,1fcb16d0-75cd-4e28-9cfe-8616a4852c1c
dd1920a8-7abb-4512-80ac-da165f77cae6,VN,VN-30,locality,,land,Xã Gào,,True,True,107.7961196899414,13.834084510803223,108.01290130615234,13.972808837890625,efadc85c-ade3-4460-add6-b5c9df57b226
227c4b5d-7878-40f6-b3aa-ce7ee41c6bcc,VN,VN-44,region,1,land,Tỉnh An Giang,"[[""bs"", ""Provincija An Giang""], [""hr"", ""Provincija An Giang""], [""ar"", ""مقاطعة آن جيانج""], [""fr"", ""Province de An Giang""], [""lv"", ""Anzanas province""], [""uk"", ""Провінція Анзянґ""], [""pt-PT"", ""Província de An Giang""], [""pt"", ""Província An Giang""], [""cs"", ""Provincie An Giang""], [""el"", ""Επαρχία Αν Γκιάνγκ""], [""it"", ""Provincia An Giang""], [""ca"", ""Província d'An Giang""], [""pt-BR"", ""Província de An Giang""], [""vi"", ""Tỉnh An Giang""], [""nl"", ""Provincie van An Giang""], [""zh-Hans"", ""安江省""], [""bg"", ""Провинция Ан Жианг""], [""ko"", ""안장성""], [""et"", ""An Giangi provints""], [""de"", ""Provinz An Giang""], [""ru"", ""Анзянг""], [""th"", ""จังหวัดอันจีอัง""], [""id"", ""Provinsi An Giang""], [""sr-Latn"", ""An Giang oblast""], [""sv"", ""An Giang-provinsen""], [""tr"", ""Eyaleti An Giang""], [""da"", ""An Giang-provinsen""], [""zh-Hant"", ""安江省""], [""en"", ""An Giang Province""], [""he"", ""מחוז אן ג'יאנג""], [""sk"", ""Provincia An Giang""], [""es"", ""Provincia An Giang""], [""ja"", ""アンザン""], [""fi"", ""An Giangin maakunta""], [""ro"", ""Provincia An Giang""], [""lt"", ""Anziango provincija""], [""no"", ""An Giang-provinsen""], [""sl"", ""Provinca An Giang""], [""fa"", ""استان آن‌جانگ""], [""zh"", ""安江省""], [""ms"", ""Provinsi An Giang""], [""hu"", ""An Giang tartomány""], [""pl"", ""Prowincja An Giang""]]",True,False,103.45866394042969,9.277591705322266,105.57563018798828,10.962291717529297,92b3c20d-51b6-495a-9c39-5d7d280e590f
32323ae9-e8d1-4d15-8097-469bd3cd9738,VN,VN-45,locality,,land,Xã Tân Hộ Cơ,,True,True,105.40564727783203,10.831680297851562,105.53581237792969,10.973466873168945,14fc0623-cd20-42dc-9496-e06ca336141e
a00d36dd-defe-427f-9b03-5b9d0d0069ff,VN,VN-39,locality,,land,Phường Long Hưng,,True,True,106.83948516845703,10.827228546142578,106.89635467529297,10.92072582244873,d3c5f704-f2a5-43b7-9e18-7aa72ef3c5ff
a19891e0-3e9c-4d14-94c3-1869be881467,VN,VN-30,locality,,land,Phường Thống Nhất,"[[""en"", ""Thong Nhat Ward""], [""vi"", ""Phường Thống Nhất""]]",True,True,107.95957946777344,13.99024486541748,108.03025817871094,14.063676834106445,b63bb55c-4bc4-499b-aa86-6908692d147a
e8d42c6b-9c61-4bdf-81df-588c6e2b0645,VN,VN-49,locality,,land,Phường Phú Tân,,True,True,106.35352325439453,10.245437622070312,106.43963623046875,10.292304992675781,fe8c67ce-32fc-44b5-b66e-7a4847540667
7130bc04-503b-471e-b0a7-0ff88281dc37,VN,VN-SG,locality,,land,Phường Hòa Hưng,,True,True,106.65886688232422,10.76769733428955,106.68167114257812,10.786933898925781,720d0aab-f0d5-494e-882b-7a3c3ec6fb6f
5dc8f4a9-15f8-4391-8a15-2e53056b6c23,VN,VN-49,locality,,land,Xã Lương Phú,,True,True,106.39508819580078,10.157751083374023,106.45064544677734,10.235456466674805,158fa396-da3b-460a-a6f2-9451fd0ce12b
c1379908-dab2-4587-9f12-dde5dfd518d6,VN,VN-66,locality,,land,Phường Trần Lãm,"[[""en"", ""Trần Lãm Ward""], [""vi"", ""Phường Trần Lãm""]]",True,True,106.32704162597656,20.40939712524414,106.41415405273438,20.489418029785156,cd7f47c3-5a64-4469-9219-f0286feb2f93
52713e34-5e05-4c9f-a07b-90a2f747f042,VN,VN-23,locality,,land,Xã Đức Minh,"[[""en"", ""Đức Minh Commune""], [""vi"", ""Xã Đức Minh""]]",True,True,105.54618072509766,18.52593421936035,105.62932586669922,18.577194213867188,95fdf73b-0172-41b0-8850-a6e76a7898bd
9ea4dab7-decf-49e6-baf9-ab034e9565aa,VN,VN-SG,locality,,land,Xã Vĩnh Lộc,,True,True,106.51580810546875,10.801995277404785,106.59521484375,10.873644828796387,9fa76248-4380-4224-b6a1-fb48093c8812
3fdc9c32-3863-4dc1-a781-b865d5a252b6,VN,VN-CT,locality,,land,Xã Tài Văn,,True,True,105.99554443359375,9.490500450134277,106.09542846679688,9.587410926818848,cd3e957c-f522-4832-a6da-191d26bd646c
9009f2a1-01b6-4e3b-9bf5-c3d91369fe12,VN,VN-SG,locality,,land,Xã Dầu Tiếng,,True,True,106.32733154296875,11.238064765930176,106.47262573242188,11.423450469970703,08ec159c-88b4-4255-b490-9b78c042da1f
25b70eec-0e2a-407e-99e4-2bb8c167adf9,VN,VN-22,locality,,land,Xã Bích Hào,"[[""en"", ""Bích Hào Commune""], [""vi"", ""Xã Bích Hào""]]",True,True,105.33023071289062,18.578449249267578,105.5018539428711,18.68964195251465,cf3a62fd-a984-439f-b0ac-2e061d03166d
f697d1be-48e0-4f54-9593-f1eaeacb3d68,VN,VN-29,locality,,land,Xã Bờ Y,,True,True,107.50544738769531,14.603975296020508,107.74088287353516,14.796066284179688,b40ff154-f485-49bb-8fde-77d0da2ebe80
af37e035-3d85-4118-a04f-530a7415a9d4,VN,VN-CT,locality,,land,Xã Thuận Hòa,,True,True,105.86769104003906,9.64195728302002,105.98773956298828,9.709301948547363,e18b4f1d-051f-4ca8-b817-3bb0205786f6
8153a2ac-912a-472f-be7f-7de51a23433f,VN,VN-21,locality,,land,Xã Tân Tiến,"[[""en"", ""Tân Tiến Commune""], [""vi"", ""Xã Tân Tiến""]]",True,True,105.99120330810547,19.957319259643555,106.0606689453125,20.034191131591797,66a6cbff-0ef2-42e7-aad0-ce9f176e94fc
201c960b-073e-4221-84b8-c3d350026f63,VN,VN-22,locality,,land,Xã Cam Phục,"[[""en"", ""Cam Phục Commune""], [""vi"", ""Xã Cam Phục""]]",True,True,104.7713394165039,19.086288452148438,104.98442840576172,19.21438980102539,65c35e72-db74-4b2c-815b-2740a2f8a627
341e5a30-5731-497a-ab6b-1615e77458a4,VN,VN-37,locality,,land,Xã Đức Huệ,,True,True,106.22212219238281,10.742766380310059,106.39274597167969,10.867037773132324,3c3fc811-b24b-48f0-8bd2-4df124f9f2bc
0dd48b8b-ec51-4912-b127-e2fdbfcbe49c,VN,VN-59,locality,,land,Xã Long Điền,"[[""zh-Hant"", ""隆田社""], [""fa"", ""قصبه لونگ‌دیئن""], [""zh-Hans"", ""隆田社""], [""zh"", ""隆田社""]]",True,True,105.40518188476562,9.078043937683105,105.51026153564453,9.237054824829102,83db5c96-5b07-4697-a1f6-6f1464e38fe6
36970f1d-5ca0-412b-b097-f49805c05c99,VN,VN-44,locality,,land,Xã Mỹ Thuận,"[[""zh-Hant"", ""美順社""], [""fa"", ""قصبه می‌توان""], [""zh-Hans"", ""美顺社""], [""zh"", ""美順社""]]",True,True,104.98049926757812,10.07898235321045,105.1651840209961,10.272915840148926,b6d10a88-4955-4e7b-9ac3-ae5158b3f3c1
3f56ec36-f294-4a99-ab54-ae273ac28a1f,VN,VN-45,locality,,land,Xã Vĩnh Kim,,True,True,106.18253326416016,10.314031600952148,106.26036834716797,10.370624542236328,61dbe2ce-13f0-470b-8654-a1e91bb6404c
5eb8b81d-c72a-465a-81cd-03376ba5dfb3,VN,VN-68,locality,,land,Xã Yên Trị,"[[""en"", ""Yên Trị Commune""], [""vi"", ""Xã Yên Trị""]]",True,True,105.62940216064453,20.30535888671875,105.72957611083984,20.439620971679688,91e737dd-5315-44aa-997b-ad04e2d67d76
2f425a15-47ae-4808-8468-71f7acce0a44,VN,VN-35,locality,,land,Xã Đắk Wil,,True,True,107.55884552001953,12.603904724121094,107.91244506835938,12.812519073486328,2cce2728-8cd3-44e3-9433-071ec915d01f
1a384538-e39c-41f1-a31e-7c2fd406e6fa,VN,VN-SG,locality,,land,Xã Thạnh An,,True,True,106.91818237304688,10.453948020935059,107.02767181396484,10.613007545471191,6d934172-8db2-41c3-aa01-2ee36829994a
178120ee-7fbd-4c3e-a586-3aa162656951,VN,VN-23,locality,,land,Xã Sơn Giang,"[[""en"", ""Sơn Giang Commune""], [""vi"", ""Xã Sơn Giang""]]",True,True,105.32525634765625,18.469852447509766,105.43328857421875,18.590822219848633,4f43bee0-0002-4cdf-8674-881abf68aba5
87e22314-138f-4951-85e3-c0143ec0ccfd,VN,VN-SG,microhood,,land,C3,,True,True,106.67744445800781,10.857242584228516,106.6776351928711,10.85806941986084,67563b90-7737-4773-9a50-22079c9c9e25
76d0e2c8-eaad-4729-8e9d-2aea91c69d4c,VN,VN-23,locality,,land,Xã Cẩm Hưng,"[[""en"", ""Cẩm Hưng Commune""], [""vi"", ""Xã Cẩm Hưng""]]",True,True,105.98322296142578,18.03437042236328,106.08838653564453,18.255687713623047,a166a2e5-37b9-4260-a5e5-1da34ef18332
67d99c26-340c-4518-8c30-822c84b913fc,VN,VN-66,locality,,land,Xã Vũ Quý,"[[""en"", ""Vũ Quý Commune""], [""vi"", ""Xã Vũ Quý""]]",True,True,106.35772705078125,20.374013900756836,106.4067153930664,20.43082618713379,8088d9f8-3250-45af-a032-f995abe331fe
b77aa9e2-26a3-4da5-97c6-8412660a0c25,VN,VN-SG,neighborhood,,land,KCN chuyên sâu Phú Mỹ 3,,True,True,107.05120849609375,10.521326065063477,107.07821655273438,10.541346549987793,bb4e38de-4a5f-4d3a-be3e-e1b3486b6765
07463668-77c1-48c4-a47b-7b3ef5b04498,VN,VN-35,locality,,land,Xã Nâm Nung,,True,True,107.72544860839844,12.221863746643066,107.9327163696289,12.435870170593262,1ac2678b-147d-4dac-b607-362f0f450d11
cd0ecc6b-f128-4a8b-bfc3-ad46f6660c5d,VN,VN-37,locality,,land,Xã Hòa Hội,,True,True,105.86449432373047,11.273209571838379,106.01314544677734,11.413759231567383,979db910-ae38-4a03-a720-5fbc89dfbd2f
a21a074d-3268-42dd-8951-dd7348da8e26,VN,VN-22,locality,,land,Xã Anh Sơn,"[[""en"", ""Anh Sơn Commune""], [""vi"", ""Xã Anh Sơn""]]",True,True,104.91352844238281,18.759756088256836,105.12396240234375,19.024763107299805,50be0cdb-0043-4119-8b25-56ff9d81afb0
cf0fce6e-22f3-4a99-b2a1-3a4106b0d09f,VN,VN-39,locality,,land,Phường Tam Phước,,True,True,106.86894989013672,10.82249927520752,106.98711395263672,10.90426254272461,5e6109eb-baed-4a07-b6dd-4665a4deeba8
788de524-76e8-4e24-9b08-deea8bb57287,VN,VN-DN,locality,,land,Xã Trà Đốc,"[[""en"", ""Trà Đốc Commune""], [""vi"", ""Xã Trà Đốc""]]",True,True,107.94499206542969,15.27034854888916,108.18013763427734,15.43429946899414,c3dc99f0-3916-4bb4-a191-bb2d62da8089
91d03193-fbaf-4bc7-81cf-63c05c82019f,VN,VN-35,locality,,land,Phường B'Lao,,True,True,107.78560638427734,11.502734184265137,107.88400268554688,11.562864303588867,2de868a0-30a0-4ed5-bf3f-b3c1972ec415
9d1547c6-0d00-4eea-b516-1dc0a0cadfbb,VN,VN-SG,locality,,land,Xã Tân Nhựt,,True,True,106.52723693847656,10.671308517456055,106.60865020751953,10.744660377502441,c2ed8323-9bd1-44ec-bdff-a14f3c320ae9
73a328b4-ac45-4239-9ac5-051d0d2aef59,VN,VN-44,locality,,land,Xã Cù Lao Giêng,,True,True,105.48553466796875,10.428850173950195,105.57563018798828,10.54759693145752,b9a1e2dc-54e7-4df4-a4a3-6f14224c050b
ed5a053b-7a4f-4177-9654-7632780ea38c,VN,VN-21,locality,,land,Xã Quảng Ninh,"[[""en"", ""Quảng Ninh Commune""], [""vi"", ""Xã Quảng Ninh""]]",True,True,105.76508331298828,19.685152053833008,105.85212707519531,19.716068267822266,53e9134c-feaf-4c18-94a8-336bd232974c
fc1540ba-8e5e-4dc6-a7d2-1023021a0e93,VN,VN-22,locality,,land,Xã Minh Châu,"[[""en"", ""Minh Châu Commune""], [""vi"", ""Xã Minh Châu""]]",True,True,105.51252746582031,18.917226791381836,105.57898712158203,19.00644874572754,6a8bb379-f81c-4667-bf3a-5576986948af
c6194840-03ac-42fc-9ecc-44567fce8d37,VN,VN-45,locality,,land,Xã Vĩnh Hựu,,True,True,106.54390716552734,10.286842346191406,106.6169662475586,10.337518692016602,e93c96fb-8f5d-4e68-a585-bd19aa6e2bce
3fab1326-868a-4bb3-bed6-e998d2fa3a4e,VN,VN-CT,locality,,land,Xã Gia Hòa,,True,True,105.75341796875,9.370089530944824,105.8466796875,9.493020057678223,ae9f3404-b1ac-456e-a9de-ca8a460349dd
6be2a40c-427f-40b3-b7f5-8b55c01fe7c8,VN,VN-30,locality,,land,Xã Ia Krái,,True,True,107.54414367675781,13.877776145935059,107.81116485595703,14.140538215637207,0a20985b-873b-4faf-af23-49995a047860
48490025-314a-4257-b743-ec4358d161fa,VN,VN-35,locality,,land,Phường 2 Bảo Lộc,,True,True,107.6376724243164,11.501245498657227,107.813720703125,11.666219711303711,70ec89bb-4c5d-40c1-8077-665eb2204ecb
043cc43b-024d-4622-a605-0d12719d9e6e,VN,VN-45,locality,,land,Xã Phú Thọ,,True,True,105.40877532958984,10.648618698120117,105.55689239501953,10.725152969360352,c98c5779-80c7-48ef-9f70-db33fd681060
8832e202-798f-4e9a-863a-ed035d80364c,VN,VN-35,locality,,land,Xã Thuận An,,True,True,107.54203033447266,12.338446617126465,107.6967544555664,12.700628280639648,9454ad7e-2c86-4b34-915b-89594af26bcd
03b2945e-100f-4127-abf0-ffd792d2afeb,VN,VN-45,locality,,land,Xã Hiệp Đức,,True,True,106.01197052001953,10.275904655456543,106.10592651367188,10.376404762268066,c3ac4893-7371-4850-b23b-48333ec6033d
8b2b8927-ecf4-4d23-815d-c5afd915a36f,VN,VN-37,locality,,land,Xã Tuyên Bình,,True,True,105.77657318115234,10.750330924987793,105.89747619628906,10.945570945739746,5121079a-b653-4fcd-8104-67c013b05578
ea42b56d-f30c-4bad-9e82-e3772c349e45,VN,VN-39,locality,,land,Phường Hố Nai,,True,True,106.9017562866211,10.927345275878906,106.95404815673828,11.000840187072754,1c22e731-9f49-498a-87c9-3d4a9b6a4266
747e7286-4b19-480f-a007-1b5630d38490,VN,VN-SG,locality,,land,Xã Bắc Tân Uyên,,True,True,106.80961608886719,11.086847305297852,106.92150115966797,11.255474090576172,f5e4f65a-f9a7-4943-b225-f3b12a64b111
7f477f42-8c3f-45ef-9aa3-6f1f78e920fc,VN,VN-66,locality,,land,Xã Hưng Phú,"[[""en"", ""Hưng Phú Commune""], [""vi"", ""Xã Hưng Phú""]]",True,True,106.521240234375,20.252302169799805,106.60858154296875,20.351037979125977,c2f3426c-2498-463c-9cb7-1c30a7a7aaa1
3b1cd109-e49a-4729-af2c-7fb14c602546,VN,VN-35,locality,,land,Xã Bảo Lâm 3,,True,True,107.7413101196289,11.36031436920166,107.92835235595703,11.520491600036621,0fb44ffc-bada-4ab6-8c37-8b939a8110f4
89dbbe0e-adb6-4fd7-80c2-5bdfc2a122db,VN,VN-26,locality,,land,Xã A Lưới 1,"[[""vi-Hani"", ""社阿䋥1""], [""vi"", ""Xã A Lưới 1""], [""zh-Hans"", ""阿䋥1社""], [""lzh"", ""阿䋥1社""], [""zh-Hant"", ""阿䋥1社""], [""en"", ""A Lưới 1 Commune""], [""zh"", ""阿䋥1社""]]",True,True,107.03433990478516,16.267820358276367,107.27185821533203,16.411470413208008,a6552b6a-817d-4319-bb15-f59d7653b616
53986ff1-15d7-4de8-b3e5-4b54e513f4ab,VN,VN-45,locality,,land,Phường Thường Lạc,"[[""vi"", ""Thường Lạc""]]",True,True,105.24847412109375,10.807138442993164,105.34255981445312,10.896454811096191,c92dc784-4fd5-4ecf-93bf-fb1a82f70ed5
a44dcb24-cebb-4bb5-9e80-996de2b68703,VN,VN-30,locality,,land,Xã Chư Sê,,True,True,107.99459838867188,13.616518020629883,108.15907287597656,13.796908378601074,1abfa7df-b82a-47b0-a357-a866b341b42f
a48af1e3-0104-4c40-806a-6ae92ceb52df,VN,VN-SG,locality,,land,Phường Linh Xuân,,True,True,106.74986267089844,10.848670959472656,106.80848693847656,10.894041061401367,271cf96d-bac4-4682-9f8d-6500621dbdd9
ed1a2fd6-247c-4fbd-aad1-603458636ccc,VN,VN-21,region,1,land,Tỉnh Thanh Hóa,"[[""bs"", ""Provincija Thanh Hoa""], [""hr"", ""Provincija Thanh Hoa""], [""ar"", ""مقاطعة ثانه هوا""], [""fr"", ""Province Thanh Hóa""], [""lv"", ""Thanh Hoa province""], [""uk"", ""Провінція Тханьхоа""], [""pt-PT"", ""Província de Thanh Hoa""], [""pt"", ""Província Thanh Hóa""], [""cs"", ""Provincie Thanh Hóa""], [""el"", ""Επαρχία Τχανχ Χόα""], [""it"", ""Provincia Thanh Hóa""], [""ca"", ""Província de Thanh Hoa""], [""pt-BR"", ""Província de Thanh Hoa""], [""vi"", ""Tỉnh Thanh Hóa""], [""nl"", ""Provincie van Thanh Hóa""], [""zh-Hans"", ""清化省""], [""bg"", ""Провинция Тан Хоа""], [""ko"", ""타인호아성""], [""et"", ""Thanh Hoa provints""], [""de"", ""Provinz Thanh Hóa""], [""ru"", ""Тханьхоа""], [""th"", ""จังหวัดธานห์โฮ""], [""id"", ""Provinsi Thanh Hóa""], [""sr-Latn"", ""Thanh Hoa provincija""], [""sv"", ""Thanh Hóa-provinsen""], [""tr"", ""Eyaleti Thanh Hóa""], [""da"", ""Thanh Hóa-provinsen""], [""zh-Hant"", ""清化省""], [""en"", ""Thanh Hóa Province""], [""he"", ""מחוז תאן הואה""], [""sk"", ""Provincia Thanh Hoa""], [""es"", ""Provincia Thanh Hóa""], [""ja"", ""タインホア""], [""fi"", ""Thanh Hoan maakunta""], [""ro"", ""Provincia Thanh Hóa""], [""lt"", ""Tanhojos provincija""], [""no"", ""Thanh Hóa-provinsen""], [""sl"", ""Provinca Thanh Hoa""], [""zh"", ""清化省""], [""ms"", ""Provinsi Thanh Hóa""], [""hu"", ""Thanh Hoa tartomány""], [""pl"", ""Prowincja Thanh Hóa""]]",True,False,104.37593841552734,19.2880802154541,106.0760726928711,20.66998863220215,147abde4-b58e-43d2-8045-ca8120888461
9ab4ce61-56f6-4757-a9e5-811b31c01bd4,VN,VN-CT,locality,,land,Xã Trần Đề,,True,True,106.10978698730469,9.424072265625,106.22266387939453,9.579509735107422,df818471-aa71-405c-9c0d-c70bd8255fd0
385d4a6d-206d-4e47-a552-396207657f21,VN,VN-49,locality,,land,Phường Sơn Đông,,True,True,106.31803894042969,10.238195419311523,106.37129211425781,10.30561351776123,20a7f912-295c-457b-bca2-c7ea22e592b8
f09653f2-6b23-4b07-8c1a-fdb86bfd3fff,VN,VN-CT,locality,,land,Xã Đại Hải,,True,True,105.8434829711914,9.74465560913086,105.91682434082031,9.857348442077637,385e5e6d-7b1b-41f8-af19-2b8b52a8e199
620a97e6-bb23-4191-a364-ef8985a8bdcf,VN,VN-44,locality,,land,Xã Đông Hưng,,True,True,104.84334564208984,9.599749565124512,104.92901611328125,9.715593338012695,65e7dee2-5976-4905-84c2-d8208b6b4ece
29ba2606-32b7-47d6-af77-8f549506fce9,VN,VN-23,locality,,land,Xã Hương Đô,"[[""en"", ""Hương Đô Commune""], [""vi"", ""Xã Hương Đô""]]",True,True,105.69014739990234,18.091367721557617,105.86954498291016,18.2576847076416,35af66af-8a10-44a0-8219-3ca2b7ac2316
111629a2-e460-4be1-83b7-f9b80e38e792,VN,VN-37,locality,,land,Xã Tân Thành,,True,True,106.18474578857422,11.418777465820312,106.37644958496094,11.635784149169922,416fd93f-5ff1-4fee-a65f-645c12c059e9
0129dd66-5265-4a78-a48a-d50688983e6c,VN,VN-22,locality,,land,Xã Yên Xuân,"[[""en"", ""Yên Xuân Commune""], [""vi"", ""Xã Yên Xuân""]]",True,True,105.0893325805664,18.860387802124023,105.25492858886719,18.950586318969727,9a56a768-1153-4e16-8f0a-8ae19302d3b3
7849c3c9-6d64-42c1-93a2-05a0285e87ca,VN,VN-49,microhood,,land,Quảng Trường Huyện Cầu Kè,,True,True,106.05847930908203,9.873111724853516,106.06007385253906,9.874768257141113,4cfa7f94-3e62-46b7-9435-c883265ef8ff
8d06c369-6e2e-48c2-b900-b74cd1977836,VN,VN-59,locality,,land,Xã Tân Tiến,"[[""zh-Hant"", ""新進社""], [""fa"", ""قصبه تات‌تیئن""], [""zh-Hans"", ""新进社""], [""zh"", ""新進社""]]",True,True,105.23979949951172,8.823579788208008,105.38639831542969,8.981425285339355,b97b4dcf-7d70-4fb9-a41f-abe7d6211837
41054c8a-6a38-4553-ba7d-9277d350c335,VN,VN-SG,locality,,land,Xã Châu Pha,,True,True,107.07606506347656,10.53255844116211,107.1743392944336,10.629176139831543,0452f2d9-9ec9-42f9-bf31-9c6f708fb1d7
8a09dc59-19a7-44a0-b16c-3c8a79e5c0f2,VN,VN-35,locality,,land,Phường Bình Thuận,,True,True,108.00543975830078,10.920866966247559,108.10350036621094,11.03305721282959,4293cc67-6928-48ad-a110-94cc3a18d9eb
37cd2ccc-12fd-46a6-ab33-72941033a966,VN,VN-CT,locality,,land,Xã Đông Thuận,,True,True,105.41791534423828,9.968642234802246,105.51290130615234,10.065945625305176,1c22d385-16c8-44b1-8107-cf1113bc46e0
96491792-ecb5-436e-97c6-6003cb1ab2c0,VN,VN-21,locality,,land,Xã Nga Thắng,"[[""en"", ""Nga Thắng Commune""], [""vi"", ""Xã Nga Thắng""]]",True,True,105.91177368164062,19.938817977905273,105.9639892578125,20.02155113220215,a7e75368-3745-4600-83b9-260d2ea98830
c728f5aa-97b6-4224-a97a-e8b333e9bf66,VN,VN-25,locality,,land,Xã Bố Trạch,"[[""vi-Hani"", ""社布澤""], [""vi"", ""Xã Bố Trạch""], [""zh-Hans"", ""布泽社""], [""lzh"", ""布澤社""], [""zh-Hant"", ""布澤社""], [""en"", ""Bố Trạch Commune""], [""zh"", ""布澤社""]]",True,True,106.31906127929688,17.381742477416992,106.50094604492188,17.66339874267578,d038396e-0281-450d-b295-3db88881d803
98cd05f1-351c-455d-90ea-2c9ba6b8bc36,VN,VN-33,locality,,land,Xã Ea Nuôl,,True,True,107.88896942138672,12.667989730834961,108.03005981445312,12.815048217773438,6430ef9e-05c0-4d52-8798-28b6430c8c3c
1301b615-e16a-4892-959c-9414acf5562c,VN,VN-39,locality,,land,Phường Bình Lộc,"[[""ko"", ""빈록""]]",True,True,107.17668914794922,10.92570972442627,107.26514434814453,11.062070846557617,d57101c3-fbde-4d3f-a941-1fc84dbb0c6d
39310756-6bdb-440f-8bf5-f35d95652238,VN,VN-22,locality,,land,Xã Hùng Châu,"[[""en"", ""Hùng Châu Commune""], [""vi"", ""Xã Hùng Châu""]]",True,True,105.4886245727539,19.062665939331055,105.62689208984375,19.185718536376953,3066ff99-0e98-4e90-933d-a7a074efc9d2
596e9ef9-1b33-4ec6-a440-a72532e2ae72,VN,VN-29,locality,,land,Xã Đăk Hà,,True,True,107.87939453125,14.39737606048584,107.98400115966797,14.542957305908203,f6ce3009-def2-4b1f-a7fc-a99168c9c8b8
09eb43a8-afcd-40d8-bef5-582ff6acca12,VN,VN-35,locality,,land,Xã Hàm Thạnh,,True,True,107.7734146118164,10.925799369812012,108.01971435546875,11.176623344421387,637f8f06-a492-4d59-956b-d8c3628860d2
1c13ef65-bbc9-4ce4-9462-49f9537cd396,VN,VN-22,locality,,land,Xã Giai Lạc,"[[""en"", ""Giai Lạc Commune""], [""vi"", ""Xã Giai Lạc""]]",True,True,105.36984252929688,19.018373489379883,105.51444244384766,19.165424346923828,fff30a85-4c07-43b2-b70c-da5057a80a92
e72c4c9e-730f-42f8-8272-60269c7cac81,VN,VN-21,locality,,land,Xã Sơn Thủy,"[[""en"", ""Sơn Thủy Commune""], [""vi"", ""Xã Sơn Thủy""]]",True,True,104.63960266113281,20.281511306762695,104.81827545166016,20.403827667236328,b2b0282d-1ff7-4529-a6da-dc5982040be2
50965768-5a25-43ea-b33c-59a661003dfa,VN,VN-44,locality,,land,Xã Hội An,,True,True,105.45072174072266,10.334197998046875,105.55484008789062,10.451687812805176,eddaffd5-67e5-40ca-8775-44783b49c198
bff69430-e0c7-4402-9d31-1b73525bb616,VN,VN-18,locality,,land,Xã Minh Thái,"[[""en"", ""Minh Thái Commune""], [""vi"", ""Xã Minh Thái""]]",True,True,106.21053314208984,20.159164428710938,106.25403594970703,20.23689842224121,b7dccd77-f592-44f3-ad99-acb8bff2a650
d3cfbfbe-c61c-406b-b84b-eeb2597f7665,VN,VN-35,locality,,land,Xã Nam Dong,,True,True,107.74822235107422,12.597369194030762,107.91474914550781,12.681658744812012,b3347d10-4471-49f6-b9d6-347e21238a49
fdd60eb9-7d32-4e6e-9d96-212dfdd5e4b8,VN,VN-22,locality,,land,Xã Vạn An,"[[""en"", ""Vạn An Commune""], [""vi"", ""Xã Vạn An""]]",True,True,105.43982696533203,18.633380889892578,105.5437240600586,18.73653793334961,93997ff4-df4c-46e9-985f-ad399ee6dc35
9d80509c-9ee3-437b-8c17-431ca3740bae,VN,VN-SG,locality,,land,Phường Tân Uyên,,True,True,106.76036834716797,11.00917911529541,106.87612915039062,11.173717498779297,de29a9b5-db36-49cd-a220-86d1b02f1682
9edb1e54-2383-4cff-b75d-3e4080b97524,VN,VN-39,locality,,land,Xã Bù Gia Mập,,True,True,107.06959533691406,11.990283966064453,107.2405776977539,12.298456192016602,9d8642fa-d3ba-4f46-b2db-7399b343752c
06236658-f86f-48bc-8b12-44b38f0c89a7,VN,VN-18,locality,,land,Xã Hải Hưng,"[[""en"", ""Hải Hưng Commune""], [""de"", ""Gemeinde Hải Hưng""], [""vi"", ""Xã Hải Hưng""]]",True,True,106.28636169433594,20.16124153137207,106.3654556274414,20.246721267700195,cc2a7a97-5e5e-47f9-a3cf-ca1a92be7f79
9ca1e455-a36e-48af-bd76-b9b71e961397,VN,VN-CT,locality,,land,Xã Vĩnh Thuận Đông,,True,True,105.45013427734375,9.66831111907959,105.55903625488281,9.777490615844727,4b659d37-978d-4d50-bf1e-516dccdbf30a
344e0a12-5c36-4b6f-a219-e04ecc31edbd,VN,VN-45,locality,,land,Xã Thanh Hưng,,True,True,105.81576538085938,10.298064231872559,105.90946197509766,10.374075889587402,7634cfc7-8c88-4e43-a50d-fd68f7d3d6f9
4ad6ade1-1686-44ec-b5c2-2d2041b15f97,VN,VN-SG,locality,,land,Phường Cầu Ông Lãnh,,True,True,106.68168640136719,10.753518104553223,106.69819641113281,10.768363952636719,be9c2c85-7e2e-48e0-9184-2a9a10a45f99
ec5f4e79-61a3-41ba-b221-367860e803f2,VN,VN-25,locality,,land,Xã La Lay,"[[""vi-Hani"", ""社羅來""], [""vi"", ""Xã La Lay""], [""zh-Hans"", ""罗来社""], [""lzh"", ""羅來社""], [""zh-Hant"", ""羅來社""], [""en"", ""La Lay Commune""], [""zh"", ""羅來社""]]",True,True,106.94904327392578,16.30219268798828,107.15289306640625,16.448957443237305,eb632780-fa5d-4afe-b5c8-223ff2bad96f
5ed9e89e-50d4-4e30-b288-4b05e5fa683e,VN,VN-39,locality,,land,Xã Gia Kiệm,,True,True,107.10244750976562,10.96963882446289,107.22692108154297,11.06325626373291,cdee68d8-74a1-403a-af80-61551321e2cf
4b171bc2-5e2a-4f29-a1c3-c8847814c560,VN,VN-21,locality,,land,Xã Thắng Lợi,"[[""en"", ""Thắng Lợi Commune""], [""vi"", ""Xã Thắng Lợi""]]",True,True,105.63816833496094,19.64746856689453,105.73633575439453,19.709117889404297,187a01d5-de20-44f3-9530-aa30ba1d6fba
4b90c16f-c95a-4eb7-a63c-7e6e75479910,VN,VN-39,locality,,land,Xã Hưng Thịnh,,True,True,107.02802276611328,10.877838134765625,107.10041809082031,10.985740661621094,93bdd69a-f3c3-4b20-84de-87226aa82313
dcde485f-398d-401f-9991-843d02a5f376,VN,VN-22,locality,,land,Xã Nghĩa Lộc,"[[""en"", ""Nghĩa Lộc Commune""], [""vi"", ""Xã Nghĩa Lộc""]]",True,True,105.39862060546875,19.172992706298828,105.51599884033203,19.26674461364746,11cbcbb4-c942-4f33-a6be-21cc0f47e2fa
62f6071e-344e-4665-879d-2f034e4ac415,VN,VN-33,locality,,land,Xã Ea H'Leo,,True,True,107.95476531982422,13.259218215942383,108.23743438720703,13.416651725769043,6fef6f7b-0904-409e-b2b5-aff58f99b455
8e52a1bf-3ec6-4f54-82fe-df028ade630c,VN,VN-49,locality,,land,Phường An Hội,,True,True,106.34770202636719,10.157711029052734,106.40809631347656,10.244122505187988,ee45bf4f-790b-4b73-9282-061578d1fbca
d39f133c-5813-42cb-9a36-0573371719d3,VN,VN-18,locality,,land,Xã Khánh Hội,"[[""en"", ""Khánh Hội Commune""], [""vi"", ""Xã Khánh Hội""]]",True,True,106.07972717285156,20.135780334472656,106.14103698730469,20.20792007446289,02d7f8ec-7c3c-41f0-a01d-e5ae5547771e
daa30365-ab7c-44d7-b85c-ed4eb2ba3063,VN,VN-DN,locality,,land,Xã Hà Nha,"[[""en"", ""Hà Nha Commune""], [""vi"", ""Xã Hà Nha""]]",True,True,107.896728515625,15.784299850463867,108.08263397216797,15.934977531433105,905127bc-1344-4137-8de3-1227731fe54f
af7d4d87-891f-491b-a780-15fba9dd37a8,VN,VN-59,locality,,land,Xã Hồ Thị Kỷ,"[[""zh-Hant"", ""胡氏紀社""], [""fa"", ""قصبه هوتی‌کی""], [""zh-Hans"", ""胡氏纪社""], [""zh"", ""胡氏紀社""]]",True,True,105.05653381347656,9.200664520263672,105.17935943603516,9.304557800292969,77b81028-0641-42b3-9511-b6e0dc59829b
4e668bbf-5398-4a1c-85da-974d1a23ce70,VN,VN-39,locality,,land,Xã Đa Kia,,True,True,106.74821472167969,11.821907043457031,106.95755767822266,11.987096786499023,3b57f64d-9173-4bd7-89a1-77608931da2d
8a492464-065d-4579-a4f8-a90092709a6a,VN,VN-23,locality,,land,Xã Hương Xuân,"[[""en"", ""Hương Xuân Commune""], [""vi"", ""Xã Hương Xuân""]]",True,True,105.56873321533203,17.99185562133789,105.74017333984375,18.17793083190918,6c08568e-ec25-4095-a203-0322a7de6e71
21e2677a-f149-488d-ab54-7280d904cfb2,VN,VN-59,locality,,land,Xã Hưng Hội,"[[""zh-Hant"", ""興會社""], [""fa"", ""قصبه هینگ‌هوی""], [""zh-Hans"", ""兴会社""], [""zh"", ""興會社""]]",True,True,105.7340087890625,9.300395965576172,105.8604736328125,9.4047212600708,cba032f5-702e-461c-a3b8-bd026e8f8c1d
dd471a09-d49c-49e4-8af3-c1dcfa358636,VN,VN-SG,locality,,land,Phường Long Bình,,True,True,106.80113220214844,10.825610160827637,106.8575210571289,10.898847579956055,0e0f7e80-512e-436a-b64e-6b9c802227b8
5ba76ec9-fb47-4c95-ba37-a2bc90e21e20,VN,VN-45,locality,,land,Xã Tân Điền,,True,True,106.71340942382812,10.315402030944824,106.7829818725586,10.376385688781738,5d6c97d1-f9ef-45d5-b645-40209c1532ab
3ac79fb0-515d-425d-8fea-69b38fca0607,VN,VN-SG,microhood,,land,V,,True,True,106.63175201416016,10.73819637298584,106.63282775878906,10.738957405090332,4d65b35e-0e77-4f64-a379-9bac0fd1ba2c
5fedd7af-4acd-41d1-855d-c2cdeb44621c,VN,VN-59,locality,,land,Xã Vĩnh Thanh,"[[""zh-Hant"", ""永清社""], [""fa"", ""قصبه وین‌تان""], [""zh-Hans"", ""永清社""], [""zh"", ""永清社""]]",True,True,105.46028900146484,9.32474422454834,105.57865905761719,9.452314376831055,c95eb917-db82-40df-a956-ebbf141e31ef
070d823b-195f-4548-8206-df4c8794ce87,VN,VN-39,locality,,land,Xã Đak Nhau,"[[""zh-Hant"", ""得諾社""], [""zh"", ""得諾社""]]",True,True,107.11322784423828,11.897308349609375,107.31909942626953,12.039054870605469,e0eb6ce4-d6e8-4378-8557-8afde62fe079
4568ab37-2ec8-45cb-92f0-1b3f74da364d,VN,VN-21,locality,,land,Xã Nga Sơn,"[[""en"", ""Nga Sơn Commune""], [""vi"", ""Xã Nga Sơn""]]",True,True,105.95264434814453,19.950963973999023,106.02466583251953,20.02646255493164,d8147c3c-03e1-4756-98d1-7d937dfc62e0
49f476d7-ecfd-4fbe-8a34-43729c1ea4c4,VN,VN-21,locality,,land,Xã Cẩm Vân,"[[""en"", ""Cẩm Vân Commune""], [""vi"", ""Xã Cẩm Vân""]]",True,True,105.38703155517578,20.069252014160156,105.58524322509766,20.190690994262695,717f8d91-d5fb-43cf-93e6-f6e6a68f790b
0a4178e1-8ad0-41b9-aa5f-d215bfcdb422,VN,VN-37,locality,,land,Xã Đức Hòa,,True,True,106.39038848876953,10.740898132324219,106.50574493408203,10.840150833129883,fc976870-67d2-48c3-b4af-03b741bc53a1
e27a1c6f-4a92-4063-a504-905696830aa0,VN,VN-45,locality,,land,Phường Cao Lãnh,,True,True,105.57071685791016,10.406891822814941,105.69188690185547,10.484807014465332,dbddd4c4-50ed-4cf7-a913-d096b94b6dd3
0b666a27-4b0e-468a-97e8-2e456da49c0c,VN,VN-33,locality,,land,Phường Tân Lập,,True,True,108.05644226074219,12.61999797821045,108.14801025390625,12.697586059570312,5f9c584b-591c-4944-bd5f-d8501f588eee
4897897b-3e59-4c51-b7d1-2b7acf9bdd0f,VN,VN-CT,locality,,land,Xã Long Phú,,True,True,106.06326293945312,9.541597366333008,106.18377685546875,9.656936645507812,412c8702-6e37-403c-bfc3-f381f4480b9a
10c6dcde-c106-4ef3-9a20-eb7f4597a411,VN,VN-SG,microhood,,land,C9,,True,True,106.676513671875,10.858424186706543,106.67747497558594,10.859298706054688,8c331744-188c-4499-81e0-c88ae788d689
b88407f0-3347-440b-940b-7d5b7b90502a,VN,VN-49,locality,,land,Xã Đồng Khởi,,True,True,106.33377838134766,10.085159301757812,106.41181945800781,10.176313400268555,5d99461d-1385-4fc4-ae89-36e43283d266
6b906100-2f76-47ea-be16-54d9d6e1aaca,VN,VN-23,locality,,land,Xã Gia Hanh,"[[""en"", ""Gia Hanh Commune""], [""vi"", ""Xã Gia Hanh""]]",True,True,105.64686584472656,18.371137619018555,105.75301361083984,18.496633529663086,452270e3-552e-49af-a4be-536c82e4610a
2f94bee8-e169-4fe9-86cd-2ef77ec3a9aa,VN,VN-SG,microhood,,land,L,,True,True,106.62947082519531,10.739933967590332,106.6307601928711,10.740547180175781,b01e3eac-c868-41c4-8046-1b29d294e8d3
5c644a06-d764-42c1-861c-e3c67d68f774,VN,VN-SG,locality,,land,Phường Bình Trưng,,True,True,106.7328872680664,10.773509979248047,106.78987121582031,10.814657211303711,066ac4ee-75f0-4b52-b8a4-4c6e8c580fa2
cbd63c33-b97d-46bd-955b-530c2c5fe682,VN,VN-39,locality,,land,Phường Biên Hòa,,True,True,106.761962890625,10.902795791625977,106.84046173095703,10.965280532836914,57a1ec3b-1d04-4b2e-9e86-3f4511ce50d3
8c207c60-888b-43b7-ad00-1c4abed08efd,VN,VN-59,locality,,land,Phường Lý Văn Lâm,"[[""zh-Hant"", ""李文林坊""], [""zh-Hans"", ""李文林坊""], [""zh"", ""李文林坊""]]",True,True,105.08671569824219,9.11353874206543,105.16462707519531,9.20834732055664,e8b3dd7b-7d60-4dc6-9e4d-786e259edb60
0e597e89-8741-4179-8225-cf9cff75c61d,VN,VN-SG,locality,,land,Phường An Phú,,True,True,106.7160873413086,10.926587104797363,106.75337219238281,10.99221420288086,c88ac839-6382-49b9-a5c0-96d5054ea141
8fbae6a8-ae2e-4c40-bb73-afbbab33cda8,VN,VN-35,locality,,land,Xã Tuy Đức,,True,True,107.38069915771484,12.063169479370117,107.5639419555664,12.258811950683594,9a780aaf-b30a-42ed-869c-374132dc8e2c
041a9a57-b649-4b87-b04f-101bdf336049,VN,VN-66,locality,,land,Xã Bắc Thái Ninh,"[[""en"", ""Bắc Thái Ninh Commune""], [""vi"", ""Xã Bắc Thái Ninh""]]",True,True,106.46084594726562,20.469919204711914,106.52388000488281,20.54422950744629,78c6b475-2708-4463-9bfb-669c9c0ee6fe
8803148d-e991-449e-b56c-53c744bf2c88,VN,VN-39,locality,,land,Phường Phước Long,,True,True,106.96092224121094,11.773387908935547,107.07579040527344,11.867494583129883,19e4bd84-e350-4893-8581-cecd5a9352a2
60570626-a5cd-44cd-b31b-464e824e9b6e,VN,VN-SG,locality,,land,Phường Bến Cát,,True,True,106.57950592041016,11.12204360961914,106.68384552001953,11.286601066589355,03594bc0-1497-4115-86cb-2a8934940f24
85ffa4cd-94be-44a3-a8f8-a08ce75fe65c,VN,VN-37,locality,,land,Xã Tầm Vu,,True,True,106.43868255615234,10.43130111694336,106.51835632324219,10.515362739562988,28d0111d-14ac-4cf9-abeb-5300f04459b5
4abedc7b-2b43-4fa7-9ff4-e92221a179af,VN,VN-SG,locality,,land,Xã Ngãi Giao,,True,True,107.15994262695312,10.580734252929688,107.25798034667969,10.66734790802002,9f7deb06-5e4b-4e8d-a4f0-b216842c8af9
c84772de-c0e9-450a-a08f-540d20ec82ec,VN,VN-26,locality,,land,Xã Long Quảng,"[[""vi-Hani"", ""社隆廣""], [""vi"", ""Xã Long Quảng""], [""zh-Hans"", ""隆广社""], [""lzh"", ""隆廣社""], [""zh-Hant"", ""隆廣社""], [""en"", ""Long Quảng Commune""], [""zh"", ""隆廣社""]]",True,True,107.50933837890625,16.010597229003906,107.68174743652344,16.18012046813965,a9094b05-68d7-4914-836b-b053a5f78db7
e8692d71-ea31-4864-8565-2f178d22ab82,VN,VN-35,locality,,land,Xã Hòa Bắc,,True,True,107.87384033203125,11.3435640335083,108.0090560913086,11.50506591796875,6162be1d-2c4f-4cff-8dec-4e3ab2ce6e73
e0fa516a-a23f-4830-9391-8d67f070c1cd,VN,VN-44,locality,,land,Phường Long Phú,,True,True,105.2063980102539,10.746210098266602,105.24639129638672,10.8157377243042,1ae15157-4d43-4e2b-9213-f1fbe2b19501
5ee59a93-d92e-4bc0-b254-1b0ca119fecb,VN,VN-18,locality,,land,Phường Tam Chúc,"[[""en"", ""Tam Chúc Ward""], [""vi"", ""Phường Tam Chúc""]]",True,True,105.76899719238281,20.498577117919922,105.8661880493164,20.607826232910156,5857b786-03d1-4a93-901b-2d56d7aa71ad
c9ea494d-c7cd-4ea4-a3a2-ac5c84287edc,VN,VN-18,region,1,maritime,Tỉnh Ninh Bình,"[[""bs"", ""Provincija Ninh Binh""], [""hr"", ""Provincija Ninh Binh""], [""ar"", ""مقاطعة نينه بينه""], [""fr"", ""Province Ninh Bình""], [""lv"", ""Niņbiņas province""], [""uk"", ""Провінція Ніньбінь""], [""pt-PT"", ""Província de Ninh Binh""], [""pt"", ""Província Ninh Bình""], [""cs"", ""Provincie Ninh Bình""], [""el"", ""Επαρχία Νινχ Μπινχ""], [""it"", ""Provincia Ninh Bình""], [""ca"", ""Província de Ninh Binh""], [""pt-BR"", ""Província de Ninh Binh""], [""vi-Hani"", ""省寧平""], [""vi"", ""Tỉnh Ninh Bình""], [""nl"", ""Provincie van Ninh Bình""], [""zh-Hans"", ""宁平省""], [""bg"", ""Провинция Нин Бин""], [""ko"", ""닌빈성""], [""et"", ""Ninh Binhi provints""], [""de"", ""Provinz Ninh Bình""], [""ru"", ""Ниньбинь""], [""th"", ""จังหวัดนินห์บินห์""], [""id"", ""Provinsi Ninh Bình""], [""sr-Latn"", ""Ninh Binh provincija""], [""sv"", ""Ninh Bình-provinsen""], [""tr"", ""Eyaleti Ninh Bình""], [""da"", ""Ninh Bình-provinsen""], [""zh-Hant"", ""寧平省""], [""en"", ""Ninh Bình Province""], [""he"", ""מחוז נין בין""], [""sk"", ""Provincia Ninh Binh""], [""es"", ""Provincia Ninh Bình""], [""ja"", ""ニンビン""], [""fi"", ""Ninh Binhin maakunta""], [""ro"", ""Provincia Ninh Bình""], [""lt"", ""Ninbinio provincija""], [""no"", ""Ninh Bình-provinsen""], [""sl"", ""Provinca Ninh Binh""], [""zh"", ""宁平省""], [""ms"", ""Provinsi Ninh Bình""], [""hu"", ""Ninh Binh tartomány""], [""pl"", ""Prowincja Ninh Bình""]]",False,True,105.54169464111328,19.411073684692383,106.952392578125,20.704381942749023,f42a306a-b98e-47f2-94ce-fc69d3d717b0
4a75ab9c-2d45-4cd3-916d-bca8caf09a1b,VN,VN-59,locality,,land,Xã Đất Mũi,"[[""zh-Hant"", ""坦㙁社""], [""fa"", ""قصبه دات‌موی""], [""zh-Hans"", ""坦㙁社""], [""zh"", ""坦㙁社""]]",True,True,104.71238708496094,8.381065368652344,104.91554260253906,8.726421356201172,4d41c241-3b84-4ea5-9e19-59200c1027d0
56ac97e4-68b2-4cb5-bb74-bafd62709bb7,VN,VN-23,locality,,land,Xã Đan Hải,"[[""en"", ""Đan Hải Commune""], [""vi"", ""Xã Đan Hải""]]",True,True,105.74169158935547,18.668699264526367,105.79884338378906,18.765592575073242,6842f8b9-4a87-4bd2-87b0-01b5c52a14ca
245cff86-75b8-46e4-b756-489127bc1d9b,VN,VN-66,locality,,land,Xã Nam Tiền Hải,"[[""en"", ""Nam Tiền Hải Commune""], [""vi"", ""Xã Nam Tiền Hải""]]",True,True,106.47530364990234,20.303150177001953,106.54016876220703,20.3570556640625,4c4aab82-03c1-46df-ab03-8247b3ff7cca
fa851ab0-dc80-4052-849e-6601bf063555,VN,VN-25,locality,,land,Xã Hướng Phùng,"[[""vi-Hani"", ""社向逢""], [""vi"", ""Xã Hướng Phùng""], [""zh-Hans"", ""向逢社""], [""lzh"", ""向逢社""], [""zh-Hant"", ""向逢社""], [""en"", ""Hướng Phùng Commune""], [""zh"", ""向逢社""]]",True,True,106.55128479003906,16.641876220703125,106.8050765991211,16.88443946838379,ebacfa8d-d798-4382-b40d-f4eeab15d070
475a9ab8-2058-4568-8f1b-3eab03970af3,VN,VN-44,locality,,land,Xã Ba Chúc,"[[""zh-Hant"", ""巴祝社""], [""fa"", ""قصبه باچوک""], [""zh-Hans"", ""巴祝社""], [""zh"", ""巴祝社""]]",True,True,104.85061645507812,10.456012725830078,104.96451568603516,10.549378395080566,a9b4bf6c-e31b-4804-9bd1-f94c5a8ad88b
a8c89e19-4e8d-4276-9fbe-15f8e56f3368,VN,VN-39,locality,,land,Xã Tân Khai,,True,True,106.42250061035156,11.46735668182373,106.65660858154297,11.582056999206543,4ce89df5-9290-43a0-91a0-a49e18fe9c5d
ea58eb7f-d2e5-45b4-8ebf-8579ad9f81b9,VN,VN-39,locality,,land,Xã Phú Lý,,True,True,107.05570220947266,11.239985466003418,107.232421875,11.511632919311523,39b47953-2b9d-4be7-897b-8f4ba66374b7
69c78e8c-ce18-438c-9078-1241f875bdb9,VN,VN-21,locality,,land,Xã Đông Thành,"[[""en"", ""Đông Thành Commune""], [""vi"", ""Xã Đông Thành""]]",True,True,105.8387222290039,19.930015563964844,105.90625,19.98676109313965,af3cb020-0c6e-43e1-be02-3edf3bad23ae
b7f3d84f-9ef4-48f0-b74a-5d0713239916,VN,VN-37,locality,,land,Xã Dương Minh Châu,,True,True,106.17601013183594,11.318229675292969,106.36422729492188,11.470161437988281,8e69618a-a97a-4529-817f-2356738f2ed1
484031cf-5321-49c9-a2ea-60b37be61364,VN,VN-22,locality,,land,Xã Tân An,"[[""en"", ""Tân An Commune""], [""vi"", ""Xã Tân An""]]",True,True,105.12242889404297,19.01030158996582,105.24798583984375,19.143518447875977,481a41c4-9788-4102-a6b0-161d303b194f
723b792d-cb7e-435a-969a-f5017f79494a,VN,VN-26,locality,,land,Xã Đan Điền,"[[""vi-Hani"", ""社丹田""], [""vi"", ""Xã Đan Điền""], [""zh-Hans"", ""丹田社""], [""lzh"", ""丹田社""], [""zh-Hant"", ""丹田社""], [""en"", ""Đan Điền Commune""], [""zh"", ""丹田社""]]",True,True,107.40806579589844,16.524627685546875,107.5286636352539,16.66510009765625,ffbddd0d-236b-43bb-b8f7-fc62e0c20600
b18d9798-8a09-40db-bdeb-e14307d3ae1c,VN,VN-SG,locality,,land,Phường Hạnh Thông,,True,True,106.67278289794922,10.809968948364258,106.69409942626953,10.834487915039062,19f2feff-86f1-48cf-be41-f9f0d579c228
df5bda86-b794-4027-9963-120ae2dbd70d,VN,VN-29,locality,,land,Xã Ia Chim,,True,True,107.84998321533203,14.2420072555542,107.98101043701172,14.374197959899902,2b079cb3-0c35-4d05-8446-350b5789d97d
6e2a3af5-13d4-41d1-9b06-d6c2a8851f4d,VN,VN-49,locality,,land,Xã Hiếu Phụng,,True,True,106.08391571044922,10.017632484436035,106.17179107666016,10.101305961608887,074ccfec-c774-4ef3-838c-9d47b7c0d6d1
32151e44-942f-4741-94ed-f314af5da9af,VN,VN-SG,locality,,land,Phường Tân Hải,,True,True,107.04524230957031,10.47447395324707,107.14835357666016,10.557074546813965,70f82957-3038-4abd-8bb6-e46c6ffa6a61
a9a883fd-9e97-4216-8327-9b25d796db75,VN,VN-CT,locality,,land,Xã Lâm Tân,,True,True,105.7126235961914,9.45233154296875,105.84860229492188,9.556384086608887,0e9c48b7-d67a-4fcf-88db-a94283891df5
91f702ca-53fa-4def-9740-edbcf86d8609,VN,VN-23,locality,,land,Xã Kỳ Xuân,"[[""en"", ""Kỳ Xuân Commune""], [""vi"", ""Xã Kỳ Xuân""]]",True,True,106.12541198730469,18.13251304626465,106.2296371459961,18.311933517456055,70ca0ccb-12df-40cc-98f6-1f008a977022
27cfa0ed-b8c8-430b-82bb-d7b1f4a7ec89,VN,VN-37,locality,,land,Xã Đông Thành,,True,True,106.16327667236328,10.818100929260254,106.34013366699219,10.923542022705078,09700bc5-fc83-4387-b502-bf4557c3ccb8
4af825d9-46e2-4a76-b035-8f74d30e9ed5,VN,VN-45,locality,,land,Xã Tân Đông,,True,True,106.68550109863281,10.36071491241455,106.7503890991211,10.497831344604492,e2d2a2c9-c87a-4a2b-a385-4f0ac9d331bf
421d8785-4839-413e-9e19-5cb59aeaf3b1,VN,VN-45,locality,,land,Xã Tân Phước 3,,True,True,106.17900085449219,10.430975914001465,106.32642364501953,10.51589584350586,e69fb9af-50b6-4c43-98fe-921f8c64e5f4
fed011b3-b788-48f1-a5ea-54bc635cda3c,VN,VN-CT,locality,,land,Xã Phụng Hiệp,,True,True,105.6491928100586,9.776878356933594,105.78861999511719,9.864336013793945,bedcd15b-7991-4c82-97b0-79ad48f84e25
37f24e62-1501-416a-b53d-6d9b08b83dfe,VN,VN-44,locality,,land,Xã Long Thạnh,"[[""zh-Hant"", ""隆盛社""], [""fa"", ""قصبه لونگ‌تان""], [""zh-Hans"", ""隆盛社""], [""zh"", ""隆盛社""]]",True,True,105.2000732421875,9.793960571289062,105.3509292602539,9.889503479003906,15feab69-7aea-4fe9-ab66-4d7e3fc1741f
3bb8d3f9-0036-4a9d-bb02-87f6978b25a0,VN,VN-49,locality,,land,Xã Trung Ngãi,,True,True,106.16062927246094,10.008620262145996,106.23826599121094,10.099733352661133,dbfb91fb-71a1-423e-b974-cd94d19c520a
893b38ef-56b5-451a-b773-6a543526478d,VN,VN-35,locality,,land,Phường La Gi,,True,True,107.7356948852539,10.646838188171387,107.81263732910156,10.79154109954834,bd05eaa0-8b43-4c5a-a2f6-1a35c9de9ad4
fd7c898a-e025-4bc9-b0f0-3a128cf4253d,VN,VN-22,locality,,land,Xã Nhân Hòa,"[[""en"", ""Nhân Hòa Commune""], [""vi"", ""Xã Nhân Hòa""]]",True,True,104.89936828613281,18.947093963623047,105.04874420166016,19.063398361206055,e3b00b7e-9cf1-4d8b-b7d5-239ef7132547
e6e3f194-a4c0-45cc-850b-2eccf1451a8b,VN,VN-33,locality,,land,Xã Ea Kiết,,True,True,107.94559478759766,12.916217803955078,108.12516021728516,13.0763521194458,2cf8817f-e9b0-4840-8a82-ef7b4740b87f
ffc0d205-1252-4fc2-8b8a-9f1f87e9b2e2,VN,VN-49,locality,,land,Xã Bảo Thạnh,,True,True,106.638671875,9.99596118927002,106.69920349121094,10.131731033325195,ffac14d0-8a88-47b7-a1a6-d0cb03361a51
c520e16b-42be-4786-af8d-71fbf086de13,VN,VN-35,locality,,land,Xã Tân Thành,,True,True,107.82312774658203,10.694438934326172,108.02308654785156,10.818634986877441,115ca3c0-4ae3-4013-b731-355e5bc2de68
9edc4773-5a1a-4e0a-8947-59408f9e4fdb,VN,VN-59,locality,,land,Phường Láng Tròn,"[[""zh-Hant"", ""廊倫坊""], [""fa"", ""ناحیه لانگ‌چون""], [""zh-Hans"", ""廊伦坊""], [""zh"", ""廊倫坊""]]",True,True,105.40187072753906,9.242015838623047,105.54855346679688,9.352701187133789,e7579ab6-7780-45b2-852c-59a3cb2d681c
a402f511-bec9-495e-8944-72846faacbf9,VN,VN-23,locality,,land,Xã Sơn Hồng,"[[""en"", ""Sơn Hồng Commune""], [""vi"", ""Xã Sơn Hồng""]]",True,True,105.11473846435547,18.503190994262695,105.35716247558594,18.623708724975586,b5e16594-01ca-4f22-a5e0-d7b262b21c33
6e079516-017c-48e3-af37-9fab6811bdbb,VN,VN-44,locality,,land,Xã Phú Lâm,,True,True,105.19691467285156,10.698295593261719,105.3043441772461,10.766620635986328,d4aa52bd-bb6a-4533-94f4-2f9cd33d13ed
7a170bd7-5d80-4142-9c48-a09396570088,VN,VN-23,locality,,land,Kỳ Liên,,True,True,106.4000473022461,18.009790420532227,106.41869354248047,18.025047302246094,79dd4056-eee5-4aa3-8489-4e48d60d0253
539caa13-5f3f-4dad-914a-32c839d562f0,VN,VN-49,locality,,land,Xã Tân Quới,,True,True,105.70735168457031,10.054402351379395,105.79712677001953,10.148271560668945,1c261a0f-e337-4364-b5ff-1b943c570a64
c771ef88-f846-4338-b909-bf6ffdf6fb48,VN,VN-37,locality,,land,Phường Long Hoa,,True,True,106.12257385253906,11.210291862487793,106.20494079589844,11.305459022521973,a5b9701b-7501-4273-9cc5-0d8cf3665bce
f79c8622-7685-459e-99d6-1ce0200e33ad,VN,VN-35,locality,,land,Xã Đức Linh,,True,True,107.49751281738281,11.103800773620605,107.60189819335938,11.251956939697266,47514b07-41cd-46f1-a3d4-23197a23bd3e
fbc8f066-44a8-4fca-bd06-eea355f62af7,VN,VN-SG,microhood,,land,D,,True,True,106.62889099121094,10.737584114074707,106.62993621826172,10.738265037536621,1fe406db-6700-4112-9fa3-99cc345e43dd
f02be2b0-1108-414d-8bdb-80bac36ca3b1,VN,VN-35,locality,,land,Xã Đạ Huoai,,True,True,107.47496032714844,11.355046272277832,107.59566497802734,11.511641502380371,bb6dd640-ba47-4c27-b699-08266686d5f2
85bc616a-db79-44dc-89d2-c6fb0ae84c82,VN,VN-49,locality,,land,Xã Vĩnh Xuân,,True,True,105.973876953125,9.923330307006836,106.0865707397461,10.008783340454102,a205891f-6f90-4c97-bb8d-4afa1b709077
73a010a2-85ea-4f23-809a-9518f0954b39,VN,VN-SG,locality,,land,Phường Thuận An,,True,True,106.65019989013672,10.920799255371094,106.70731353759766,10.963604927062988,d26a53ac-5521-4c10-8e2c-28f934119445
07e8961a-9f6b-41af-a71a-db110307deb5,VN,VN-37,locality,,land,Xã Phước Lý,,True,True,106.54174041748047,10.604544639587402,106.63116455078125,10.658696174621582,00bcf8ea-ae84-4c10-9464-0c055646836e
565b33c2-c601-434e-8ac8-9d6e028bd8a0,VN,VN-45,region,1,maritime,Tỉnh Đồng Tháp,"[[""bs"", ""Provincija Dong Thap""], [""hr"", ""Provincija Dong Thap""], [""ar"", ""محافظة دون تاب""], [""fr"", ""Province de Đồng Tháp""], [""lv"", ""Donthapas province""], [""uk"", ""Донгтхап""], [""pt-PT"", ""Província de Dong Thap""], [""pt"", ""Dong Thap""], [""cs"", ""Provincie Đồng Tháp""], [""el"", ""Επαρχία Ντονγκ Τχαπ""], [""it"", ""Provincia di Dong Thap""], [""ca"", ""Província de Dong Thap""], [""pt-BR"", ""Província de Dong Thap""], [""vi-Hani"", ""省垌塔""], [""vi"", ""Tỉnh Đồng Tháp""], [""nl"", ""Đồng Tháp""], [""zh-Hans"", ""同塔省""], [""bg"", ""Донг Тхап""], [""ko"", ""동탑성""], [""et"", ""Dong Thapi provints""], [""de"", ""Đồng Tháp""], [""ur"", ""دونگ تھاپ صوبہ""], [""ru"", ""Донгтхап""], [""th"", ""จังหวัดด่งท้าป""], [""id"", ""Provinsi Dong Thap""], [""sr-Latn"", ""Dong Tap oblast""], [""sv"", ""Dong Thap""], [""tr"", ""Eyaleti Đồng Tháp""], [""da"", ""Đồng Tháp-provinsen""], [""sr-Cyrl"", ""Донг Тап""], [""zh-Hant"", ""垌塔省""], [""en"", ""Đồng Tháp Province""], [""he"", ""מחוז דונג תאפ""], [""sk"", ""Provincia Dong Thap""], [""es"", ""Đồng Tháp""], [""sw"", ""Mkoa wa Đồng Tháp""], [""ja"", ""ドンタップ""], [""fi"", ""Đồng Tháp""], [""ro"", ""Provincia Đồng Tháp""], [""lt"", ""Dongtapo provincija""], [""no"", ""Đồng Tháp-provinsen""], [""km"", ""ខេត្តផ្សារដែក""], [""sl"", ""Provinca Dong Thap""], [""fa"", ""استان دونگ‌تاپ""], [""zh"", ""同塔省""], [""ms"", ""Provinsi Đồng Tháp""], [""hu"", ""Dong Thap tartomány""], [""pl"", ""Prowincja Đồng Tháp""]]",False,True,105.18556213378906,10.134767532348633,106.9933853149414,10.973466873168945,d21126fe-3271-479e-80be-224749b38186
31d0a36c-8ec1-4b5b-b713-1a0f36ec558a,VN,VN-59,locality,,land,Phường An Xuyên,"[[""zh-Hant"", ""安川坊""], [""zh-Hans"", ""安川坊""], [""zh"", ""安川坊""]]",True,True,105.11903381347656,9.177177429199219,105.2552719116211,9.267372131347656,ace2339f-f3b4-443e-ac0f-d5c35680a6d7
9d3982a7-8fab-4fbe-9e4f-8781c1052b49,VN,VN-45,locality,,land,Xã An Phước,,True,True,105.43709564208984,10.784491539001465,105.61241149902344,10.880311012268066,ad9d3a36-3c22-4578-8c79-a0902512f7ac
6614a1d9-b631-4f3d-8d74-44ce8575b299,VN,VN-33,locality,,land,Xã Cư M'gar,,True,True,108.0058364868164,12.8223237991333,108.14222717285156,12.928189277648926,dbb9e418-5a5b-4319-99ea-4cde477fa2cb
b836a7e3-cb79-43d6-bcef-3720958e36b9,VN,VN-SG,microhood,,land,M,,True,True,106.62858581542969,10.753181457519531,106.62948608398438,10.753936767578125,df70e01e-24ba-41e2-8b5d-42472befcc0b
9c0c9e36-346d-4c90-bc72-fbe0b1cf94c2,VN,VN-22,locality,,land,Xã Nghĩa Thọ,"[[""en"", ""Nghĩa Thọ Commune""], [""vi"", ""Xã Nghĩa Thọ""]]",True,True,105.48760986328125,19.291404724121094,105.59312438964844,19.42595100402832,211dc081-00fb-48e5-87e4-d53041b17494
d6b2c248-47e3-4ae8-9dd5-3656deeea962,VN,VN-45,locality,,land,Xã Tân Thuận Bình,,True,True,106.41641235351562,10.354610443115234,106.52825164794922,10.429056167602539,c13b6665-3240-428e-aab7-77d41bedad12
d06e3ca4-5c3d-444e-88c8-57ee0bd22f25,VN,VN-21,locality,,land,Xã Lam Sơn,"[[""en"", ""Lam Sơn Commune""], [""vi"", ""Xã Lam Sơn""]]",True,True,105.37300872802734,19.87582778930664,105.43656158447266,19.940383911132812,87db1fc4-a4ab-4f24-abc7-eae0c89bcb34
e82d0188-721e-4375-9eb1-38e8654b9241,VN,VN-35,locality,,land,Xã Đắk Sắk,,True,True,107.6521224975586,12.378436088562012,107.83544921875,12.50570297241211,a3062c22-66ce-4541-9d7d-e205371ad133
464c97aa-67b9-4b5d-b6e2-0c84b5087252,VN,VN-37,locality,,land,Xã Hậu Thạnh,,True,True,105.80796813964844,10.587509155273438,105.93197631835938,10.712554931640625,01668ae9-372e-4000-9f94-eadde9a5056e
c2714aa0-304e-4ccc-b02b-b7b2692c3430,VN,VN-18,locality,,land,Xã Ninh Cường,"[[""en"", ""Ninh Cường Commune""], [""vi"", ""Xã Ninh Cường""]]",True,True,106.17767333984375,20.14148712158203,106.22618865966797,20.222618103027344,9d1636d0-0d0f-4b99-88cc-bee639958702
eeac6061-959b-479b-9a70-2450b9a692ba,VN,VN-37,locality,,land,Xã Thạnh Phước,,True,True,106.04153442382812,10.641900062561035,106.23371887207031,10.75830078125,7d576f8f-a7ef-4386-92b4-4740b00293a7
29ca9e0f-2c83-4ee0-99f2-afc8004f8355,VN,VN-SG,microhood,,land,Q,,True,True,106.62933349609375,10.73901653289795,106.62999725341797,10.739540100097656,4a37ac49-0a00-491a-80bc-08ab07d7c864
db242a62-cbbc-45eb-8df1-feea32b78d36,VN,VN-21,locality,,land,Xã Thiệu Trung,"[[""en"", ""Thiệu Trung Commune""], [""vi"", ""Xã Thiệu Trung""]]",True,True,105.62799835205078,19.838634490966797,105.70513916015625,19.884742736816406,35b326d7-1084-447d-9779-a576770cbdff
c6fbb898-d69e-42ca-9a8d-f2323636791e,VN,VN-44,locality,,land,Xã Vân Khánh,,True,True,104.83683776855469,9.494131088256836,104.93344116210938,9.614322662353516,1beea9ee-3fa3-42a2-bfb3-b9898eeab7e7
67dc3046-7ed9-428f-ac42-5c91ad3a8bbe,VN,VN-CT,locality,,land,Xã Thới Hưng,,True,True,105.4434814453125,10.08713150024414,105.5816650390625,10.171880722045898,718d9b02-5e6e-4f2b-8a23-4e2cd904e664
cb1d4409-b93f-4cc4-9af1-05256e56ae23,VN,VN-49,locality,,land,Xã Hưng Khánh Trung,,True,True,106.2041244506836,10.147746086120605,106.27166748046875,10.219196319580078,8276e809-6268-4193-ac15-b85700698199
db90a51c-c4d1-4517-8103-59e6fbb4d865,VN,VN-CT,locality,,land,Phường Thới Long,,True,True,105.5365219116211,10.122458457946777,105.63703155517578,10.208786010742188,90e6c029-308f-44e8-a852-a428ce666574
35bf4ace-b03a-4b47-bd2b-f815bd537ce1,VN,VN-39,locality,,land,Xã Lộc Ninh,,True,True,106.57311248779297,11.778116226196289,106.696044921875,11.870381355285645,c3487bfa-bf3e-4613-8a3c-15b6671fcca8
ed162de5-05b6-4c1d-9975-18184057c8f7,VN,VN-49,locality,,land,Xã Hưng Nhượng,,True,True,106.4471206665039,10.028124809265137,106.53744506835938,10.148375511169434,674aa3a2-4ab6-48fc-aa58-4d0d2be9d14e
b45f4f2c-8321-4c6b-80b6-a272b944fa4c,VN,VN-59,locality,,land,Xã Khánh Hưng,"[[""zh-Hant"", ""慶興社""], [""fa"", ""قصبه خان‌هینگ""], [""zh-Hans"", ""庆兴社""], [""zh"", ""慶興社""]]",True,True,104.8075180053711,9.046350479125977,104.92215728759766,9.171136856079102,da2349de-75e0-446c-9916-a0979ce5dc21
b24e5e00-da02-4b33-b7c7-b881a1689801,VN,VN-39,locality,,land,Xã Bù Đăng,,True,True,107.09561157226562,11.732107162475586,107.30067443847656,11.875821113586426,1875f3f5-2045-487c-a266-d25c93c27808
65976450-ea3d-4a13-b75a-e54b9854b44f,VN,VN-DN,locality,,land,Xã Phước Năng,"[[""en"", ""Phước Năng Commune""], [""vi"", ""Xã Phước Năng""]]",True,True,107.6596450805664,15.229056358337402,107.7953109741211,15.510726928710938,78073aba-f984-4a26-994e-13c59d014706
d50e2786-2fae-4059-a5c2-c3fce08062b8,VN,VN-35,region,1,land,Tỉnh Lâm Đồng,"[[""bs"", ""Provincija Lâm Đồng""], [""hr"", ""Provincija Lâm Đồng""], [""ar"", ""محافظة لام دونغ""], [""fr"", ""Province de Lâm Đồng""], [""lv"", ""Lomdonas province""], [""uk"", ""Ламдонг""], [""pt-PT"", ""Província de Lâm Đồng""], [""pt"", ""Lam Dong""], [""cs"", ""Provincie Lâm Đồng""], [""el"", ""Επαρχία Λαμ Ντονγκ""], [""it"", ""Provincia di Lam Dong""], [""ca"", ""Província de Lâm Đồng""], [""pt-BR"", ""Província de Lâm Đồng""], [""vi-Hani"", ""省林同""], [""vi"", ""Tỉnh Lâm Đồng""], [""tg"", ""Вилояти Лам Донг""], [""nl"", ""Provincie van Lâm Đồng""], [""zh-Hans"", ""林同省""], [""bg"", ""Лам Донг""], [""ko"", ""럼동성""], [""et"", ""Lâm Đồngi provints""], [""de"", ""Provinz Lâm Đồng""], [""ur"", ""لام دونگ صوبہ""], [""ru"", ""Ламдонг""], [""th"", ""จังหวัดเลิมด่ง""], [""id"", ""Provinsi Lam Dong""], [""sr-Latn"", ""Lam Đong oblast""], [""sv"", ""Lâm Đồng-provinsen""], [""tr"", ""Eyaleti Lâm Đồng""], [""da"", ""Lâm Đồng-provinsen""], [""sr-Cyrl"", ""Лам Донг""], [""zh-Hant"", ""林同省""], [""en"", ""Lâm Đồng Province""], [""he"", ""מחוז לאם דונג""], [""sk"", ""Provincia Lâm Đồng""], [""es"", ""Provincia Lâm Đồng""], [""sw"", ""Mkoa wa Lâm Đồng""], [""ja"", ""ラムドン""], [""fi"", ""Lâm Đồngin maakunta""], [""ro"", ""Lâm Đồng""], [""lt"", ""Lamdongo provincija""], [""no"", ""Lâm Đồng-provinsen""], [""sl"", ""Provinca Lâm Đồng""], [""fa"", ""استان لام دونگ""], [""zh"", ""林同省""], [""ms"", ""Provinsi Lâm Đồng""], [""hu"", ""Lâm Đồng tartomány""], [""pl"", ""Prowincja Lâm Đồng""]]",True,False,107.20611572265625,10.486030578613281,108.96870422363281,12.812519073486328,987ea03b-db75-481d-ae3b-ffa10f223f91
a420e829-a301-481e-9f06-8a85f11e05f0,VN,VN-45,locality,,land,Phường Cai Lậy,,True,True,106.09563446044922,10.35073184967041,106.15068054199219,10.41278076171875,b8d4a338-2d99-4521-8934-7edef0c2dcde
9e0f1d30-1394-40f2-bf2c-c8a616be82b6,VN,VN-39,locality,,land,Phường Tam Hiệp,,True,True,106.82855987548828,10.930669784545898,106.88093566894531,10.971367835998535,86199012-cb0a-49bb-8bcc-98f4198750ef
a5b977f0-51ad-4de0-b506-9e63334dbdbf,VN,VN-44,locality,,land,Xã Tân Hội,"[[""zh-Hant"", ""新會社""], [""fa"", ""قصبه تان‌هوی""], [""zh-Hans"", ""新会社""], [""zh"", ""新會社""]]",True,True,105.10733032226562,10.071881294250488,105.2643814086914,10.213360786437988,72e11401-a785-4903-a954-9662f90a1021
50a433fa-a2fe-4d43-a2ef-2730ed8e09ac,VN,VN-37,locality,,land,Xã Tân Biên,,True,True,105.80838775634766,11.498291015625,106.04121398925781,11.677136421203613,ed7bff01-2627-4af7-97ed-18575ced3fc8
6d1b000d-374a-487b-bbb6-43bd765b6b64,VN,VN-25,locality,,land,Xã Gio Linh,"[[""vi-Hani"", ""社由靈""], [""vi"", ""Xã Gio Linh""], [""zh-Hans"", ""由灵社""], [""lzh"", ""由靈社""], [""zh-Hant"", ""由靈社""], [""en"", ""Gio Linh Commune""], [""zh"", ""由靈社""]]",True,True,107.00081634521484,16.844478607177734,107.14351654052734,16.988014221191406,d3412f21-cbc4-4ccd-9a9f-4d87aae06696
2e4f9d2c-37d1-491c-a30c-6c6364cccea4,VN,VN-22,locality,,land,Xã Châu Bình,"[[""en"", ""Châu Bình Commune""], [""vi"", ""Xã Châu Bình""]]",True,True,105.12867736816406,19.426477432250977,105.2956771850586,19.547582626342773,6d552bfb-66f5-43db-a345-9d9937f73502
fa9198a6-1eba-4a18-9b84-661005f26806,VN,VN-SG,microhood,,land,D,,True,True,106.63066101074219,10.747958183288574,106.63088989257812,10.748252868652344,a0a2f688-8eb4-4220-a21b-989402fec398
3dcfff11-b122-4aa0-a6d7-ead408357920,VN,VN-45,locality,,land,Xã Mỹ Tịnh An,,True,True,106.3456039428711,10.424513816833496,106.4540786743164,10.493215560913086,3d02af53-6281-459d-bb07-2c3a730bd162
2b51c186-72c2-4085-a563-33b13e22032a,VN,VN-CT,locality,,land,Xã Lai Hòa,,True,True,105.81208038330078,9.245007514953613,105.88166046142578,9.354093551635742,8d96476b-089c-4640-9eb5-27dbb834fa19
4b1d82f8-f9f2-4a72-bed6-dc301f5f665e,VN,VN-CT,locality,,land,Xã Đông Phước,,True,True,105.72151947021484,9.89299488067627,105.80503845214844,9.966964721679688,62feac33-5970-446d-9424-3a9bcbfde3f4
3cff47f6-34ea-4953-bc41-4ba449b528a1,VN,VN-37,locality,,land,Xã Nhựt Tảo,,True,True,106.43282318115234,10.534984588623047,106.52021026611328,10.603445053100586,fd11281c-d53f-4e7c-8f06-a05ba75f1368
5c6d4a36-7927-465b-96dd-86cb78626b79,VN,VN-33,locality,,land,Xã Ea Na,,True,True,107.88770294189453,12.492748260498047,108.11885070800781,12.593624114990234,151dea4b-24bd-4f1f-bb43-8f9bc55d02b5
d217d12e-8df9-439c-ba2d-722165feeb85,VN,VN-35,locality,,land,Xã Nam Đà,,True,True,107.81693267822266,12.43642807006836,108.00179290771484,12.552496910095215,60809568-71c6-4a63-8a75-ab8a004247b2
a88471b1-0a66-4248-b1e4-ebadff519953,VN,VN-22,locality,,land,Xã Thuần Trung,"[[""en"", ""Thuần Trung Commune""], [""vi"", ""Xã Thuần Trung""]]",True,True,105.27618408203125,18.808727264404297,105.40450286865234,18.886943817138672,0a51700a-3829-4c22-b877-7e9075c86fec
830eea02-ca98-4289-87b9-6ffaaed149a3,VN,VN-35,locality,,land,Xã Sơn Mỹ,,True,True,107.5019302368164,10.567413330078125,107.71654510498047,10.787151336669922,771cfc90-07f7-4e88-998f-a787cabb6756
35da1e6d-6eec-4913-8177-d10bb27ccc17,VN,VN-29,locality,,land,Xã Kon Đào,,True,True,107.79742431640625,14.681264877319336,107.93807983398438,14.816555976867676,63e721cb-ba1a-44bd-a629-adbe7ef9d669
0f417a9f-e7be-4aef-b852-f02fad590e75,VN,VN-45,locality,,land,Xã Tân Hương,,True,True,106.2984390258789,10.442120552062988,106.38976287841797,10.528960227966309,74c58cc2-b354-4ef6-ae00-b7f0d6d3307b
e53cb33e-9e0d-4483-870c-8a54f9150c1d,VN,VN-SG,locality,,land,Phường Tân Thuận,,True,True,106.71585083007812,10.737527847290039,106.75273132324219,10.777689933776855,470d409d-de02-4d9e-b578-fd4d925b5f4e
7b7a8617-231c-48aa-a38a-8fdbc2e2df7c,VN,VN-21,locality,,land,Xã Ngọc Liên,"[[""en"", ""Ngọc Liên Commune""], [""vi"", ""Xã Ngọc Liên""]]",True,True,105.38904571533203,20.033042907714844,105.50978088378906,20.120683670043945,6ac67685-6626-45c5-9a32-415c2f3f66da
2730429d-b5f8-433b-a3d6-44709155b52b,VN,VN-39,locality,,land,Xã Phước Thái,,True,True,106.99767303466797,10.643647193908691,107.14073944091797,10.721231460571289,9b41d2ed-c622-40d9-8bef-83a364e247df
a665e732-fbb5-4c8c-927e-21cac8b6eaec,VN,VN-37,locality,,land,Phường Khánh Hậu,,True,True,106.34709167480469,10.475661277770996,106.3977279663086,10.560495376586914,b53c5440-0750-40c2-8f24-166637f1fd80
8b77666c-51ae-4116-a887-245a6f20c325,VN,VN-59,locality,,land,Phường Giá Rai,,True,True,105.33921813964844,9.2095365524292,105.48959350585938,9.356951713562012,e0bd69c5-0614-4b86-9f3f-4e01bc49085f
3d14dfa2-e7ae-45d5-b76f-fe10aead20b0,VN,VN-37,locality,,land,Xã Lộc Ninh,,True,True,106.26774597167969,11.213306427001953,106.36442565917969,11.347445487976074,51bf90c5-88e3-46a3-9f50-68da6a872869
5638a2a0-7a90-4066-9acb-d1c580ee6458,VN,VN-35,locality,,land,Xã Hàm Thuận Bắc,,True,True,107.96678161621094,11.084096908569336,108.1975326538086,11.26867389678955,a2d95650-6fc8-4eae-a7f1-14c5fa22f9ac
5d452606-341b-4dc0-b1db-bf86fe9c823d,VN,VN-SG,microhood,,land,Quảng trường Bãi Sau,"[[""zh-Hant"", ""後灘廣場""], [""en"", ""Bai Sau Square""], [""zh"", ""后滩广场""], [""id"", ""Alun-alun Pantai Belakang""]]",True,True,107.09004974365234,10.334064483642578,107.09071350097656,10.334663391113281,0b285fbb-e86e-46d4-b4bd-5c8d8f60b282
c6fb56f7-d9ac-47fb-bce7-3afbcee8baac,VN,VN-SG,locality,,land,Phường Hiệp Bình,,True,True,106.69782257080078,10.820405960083008,106.75165557861328,10.872876167297363,949eb438-90ed-4733-8fa1-e554f5e70a15
d492c761-bb47-44f8-b42d-581911b3e469,VN,VN-37,locality,,land,Xã Trà Vong,,True,True,105.96495056152344,11.392191886901855,106.11474609375,11.48230266571045,6e30fdd0-8816-49f0-a78b-53a81bae1e30
354d2644-92a4-4e05-91d8-166466f84e9b,VN,VN-SG,microhood,,land,Quảng trường Eagle,,True,True,106.84254455566406,10.844199180603027,106.84392547607422,10.845601081848145,8a9659bb-dd51-4ece-b4a3-85ff07aa6493
6b3675b7-8bc1-44e3-bf69-fce0d0559eb6,VN,VN-30,locality,,land,Xã Ia Hrung,,True,True,107.84468841552734,13.938556671142578,107.98914337158203,14.105652809143066,91554525-a3e8-47d5-85b8-4d5a89ed32fd
b0683694-57c3-46a1-8c50-059015d63120,VN,VN-49,locality,,land,Xã Mỹ Chánh Hòa,,True,True,106.54251861572266,10.076708793640137,106.62527465820312,10.1866455078125,517da025-dcb1-463f-bdfd-96a2c8bc5991
cea9e54e-361e-42e4-be8a-3955c9feee32,VN,VN-39,locality,,land,Xã Trảng Bom,,True,True,106.96873474121094,10.89488410949707,107.0707015991211,11.041183471679688,762b3888-1380-4d97-ac12-5372b99587b0
62b813f8-e329-4971-be25-229fade4bf75,VN,VN-45,region,1,land,Tỉnh Đồng Tháp,"[[""bs"", ""Provincija Dong Thap""], [""hr"", ""Provincija Dong Thap""], [""ar"", ""محافظة دون تاب""], [""fr"", ""Province de Đồng Tháp""], [""lv"", ""Donthapas province""], [""uk"", ""Донгтхап""], [""pt-PT"", ""Província de Dong Thap""], [""pt"", ""Dong Thap""], [""cs"", ""Provincie Đồng Tháp""], [""el"", ""Επαρχία Ντονγκ Τχαπ""], [""it"", ""Provincia di Dong Thap""], [""ca"", ""Província de Dong Thap""], [""pt-BR"", ""Província de Dong Thap""], [""vi-Hani"", ""省垌塔""], [""vi"", ""Tỉnh Đồng Tháp""], [""nl"", ""Đồng Tháp""], [""zh-Hans"", ""同塔省""], [""bg"", ""Донг Тхап""], [""ko"", ""동탑성""], [""et"", ""Dong Thapi provints""], [""de"", ""Đồng Tháp""], [""ur"", ""دونگ تھاپ صوبہ""], [""ru"", ""Донгтхап""], [""th"", ""จังหวัดด่งท้าป""], [""id"", ""Provinsi Dong Thap""], [""sr-Latn"", ""Dong Tap oblast""], [""sv"", ""Dong Thap""], [""tr"", ""Eyaleti Đồng Tháp""], [""da"", ""Đồng Tháp-provinsen""], [""sr-Cyrl"", ""Донг Тап""], [""zh-Hant"", ""垌塔省""], [""en"", ""Đồng Tháp Province""], [""he"", ""מחוז דונג תאפ""], [""sk"", ""Provincia Dong Thap""], [""es"", ""Đồng Tháp""], [""sw"", ""Mkoa wa Đồng Tháp""], [""ja"", ""ドンタップ""], [""fi"", ""Đồng Tháp""], [""ro"", ""Provincia Đồng Tháp""], [""lt"", ""Dongtapo provincija""], [""no"", ""Đồng Tháp-provinsen""], [""km"", ""ខេត្តផ្សារដែក""], [""sl"", ""Provinca Dong Thap""], [""fa"", ""استان دونگ‌تاپ""], [""zh"", ""同塔省""], [""ms"", ""Provinsi Đồng Tháp""], [""hu"", ""Dong Thap tartomány""], [""pl"", ""Prowincja Đồng Tháp""]]",True,False,105.18556213378906,10.134767532348633,106.80913543701172,10.973466873168945,d21126fe-3271-479e-80be-224749b38186
ed654fb9-c733-4cd2-933f-ce063c78440a,VN,VN-44,locality,,land,Xã Thạnh Đông,"[[""zh-Hant"", ""盛東社""], [""fa"", ""قصبه تان‌دونگ""], [""zh-Hans"", ""盛东社""], [""zh"", ""盛東社""]]",True,True,105.17921447753906,9.956812858581543,105.32781219482422,10.127901077270508,2501eb0a-2036-4205-ab7d-55c9824cb5c9
3f09f445-807a-4991-9bfb-68fe86fc37a6,VN,VN-59,locality,,land,Xã Đá Bạc,,True,True,104.7989730834961,9.137619972229004,104.99456787109375,9.277268409729004,2539e350-0048-47b8-9863-56030eafd995
a6616149-54ed-45f0-a134-c6ad496dca26,VN,VN-SG,microhood,,land,T,,True,True,106.63186645507812,10.738922119140625,106.6328353881836,10.740324020385742,d5636a9e-3f99-4c67-9f0b-43150bddd441
0679abdd-8b3d-4955-a992-a74860ce1e57,VN,VN-CT,locality,,land,Xã Vĩnh Trinh,,True,True,105.42652893066406,10.229363441467285,105.49860382080078,10.311300277709961,023095b3-b34a-4279-815a-6836fec765fd
c2c06a22-e333-4a6b-b80c-08ed7f407786,VN,VN-66,locality,,land,Xã Vạn Xuân,"[[""en"", ""Vạn Xuân Commune""], [""vi"", ""Xã Vạn Xuân""]]",True,True,106.1784896850586,20.45183753967285,106.24820709228516,20.52176856994629,5a12100e-067a-4ba7-a979-569b51be1484
abaee621-6737-4907-ba95-9d3ebbfc7ac1,VN,VN-22,locality,,land,Xã Hạnh Lâm,"[[""en"", ""Hạnh Lâm Commune""], [""vi"", ""Xã Hạnh Lâm""]]",True,True,104.93427276611328,18.705909729003906,105.20271301269531,18.87961196899414,ced6441e-81fb-4749-95a7-b1348dc38643
663d88bc-4337-4070-a5a0-efd830ce2127,VN,VN-18,locality,,land,Xã Trực Ninh,"[[""en"", ""Trực Ninh Commune""], [""vi"", ""Xã Trực Ninh""]]",True,True,106.19114685058594,20.224069595336914,106.25386047363281,20.280887603759766,d46ea93e-9683-4931-8927-a9a19a9581d3
e43d0b50-7255-44b9-9738-f01ec8b0b3e9,VN,VN-26,locality,,land,Xã A Lưới 2,"[[""vi-Hani"", ""社阿䋥2""], [""vi"", ""Xã A Lưới 2""], [""zh-Hans"", ""阿䋥2社""], [""lzh"", ""阿䋥2社""], [""zh-Hant"", ""阿䋥2社""], [""en"", ""A Lưới 2 Commune""], [""zh"", ""阿䋥2社""]]",True,True,107.1446304321289,16.193191528320312,107.26432037353516,16.314172744750977,66f6d964-657e-4d47-8dd2-182a99fb61bb
26f3efe4-c4c9-4ca8-a5ad-f9dfbb24a828,VN,VN-CT,region,1,maritime,Thành phố Cần Thơ,"[[""bs"", ""Can Tho City""], [""hr"", ""Can Tho City""], [""ar"", ""كن تاه""], [""fr"", ""Cần Thơ""], [""lv"", ""Kontho""], [""kl"", ""Can Tho""], [""uk"", ""Місто Кантхо""], [""ky"", ""Кантхо""], [""pt-PT"", ""Cidade de Can Tho""], [""pt"", ""Can Tho""], [""cs"", ""Can Tho""], [""gl"", ""Can Tho""], [""el"", ""Επαρχία Καν Τχο""], [""it"", ""Città di Can Tho""], [""ca"", ""Ciutat de Can Tho""], [""pt-BR"", ""Cidade de Can Tho""], [""vi"", ""Thành phố Cần Thơ""], [""tl"", ""Can Tho""], [""nl"", ""Cần Thơ""], [""zh-Hans"", ""芹苴市""], [""bg"", ""Кан Тхо""], [""ko"", ""껀터""], [""eo"", ""Can Tho""], [""et"", ""Can Tho City""], [""af"", ""Can Tho""], [""de"", ""Can Tho""], [""ru"", ""Кантхо""], [""th"", ""เกิ่นเทอ""], [""id"", ""Kota Can Tho""], [""ce"", ""Кантхо""], [""sr-Latn"", ""Can To Siti""], [""sv"", ""Can Tho""], [""tr"", ""Can Tho City""], [""da"", ""Can Tho""], [""sr-Cyrl"", ""Кантхо""], [""zh-Hant"", ""芹苴市""], [""en"", ""Cần Thơ""], [""he"", ""קאנטחו""], [""sk"", ""Can Tho City""], [""es"", ""Ciudad de Can Tho""], [""sw"", ""Can Tho""], [""mi"", ""Can Tho""], [""ja"", ""カントー""], [""fi"", ""Can Tho City""], [""ro"", ""Can Tho""], [""lt"", ""Kantas""], [""no"", ""Can Tho""], [""km"", ""ទីក្រុងព្រែកឫស្សី""], [""sl"", ""Can Tho""], [""fa"", ""شهر کان‌تو""], [""mn"", ""Кантхо""], [""zh"", ""芹苴市""], [""ms"", ""Can Tho""], [""hu"", ""Can Tho City""], [""pl"", ""Miasto Cần Thơ""]]",False,True,105.22567749023438,8.70250415802002,106.453857421875,10.325209617614746,1cde7640-90ee-46de-9351-41441f9103e7
c55cb025-05e7-47d5-9549-f82a86aa48ce,VN,VN-49,locality,,land,Phường Bình Minh,,True,True,105.79541015625,10.054402351379395,105.8613052368164,10.108964920043945,6859f7c4-cede-4b38-a261-49a2a849f353
9ddf4bf6-6328-41f6-94df-8c97f7ea01af,VN,VN-21,locality,,land,Phường Đông Tiến,"[[""en"", ""Đông Tiến Ward""], [""de"", ""Stadtviertel Đông Tiến""], [""vi"", ""Phường Đông Tiến""]]",True,True,105.6846694946289,19.81118392944336,105.7686996459961,19.89068031311035,879b9fa5-6142-45c9-9053-4d225c9c8da0
315b5433-3a7c-451a-b6a9-5a3054809ecb,VN,VN-26,locality,,land,Xã Phú Hồ,"[[""vi-Hani"", ""社富湖""], [""vi"", ""Xã Phú Hồ""], [""zh-Hans"", ""富湖社""], [""lzh"", ""富湖社""], [""zh-Hant"", ""富湖社""], [""en"", ""Phú Hồ Commune""], [""zh"", ""富湖社""]]",True,True,107.64173889160156,16.430938720703125,107.73628234863281,16.531251907348633,6ea984d1-78cf-471c-97b4-97248975da9a
f5769510-5581-441c-a6e4-e5076ece845a,VN,VN-35,locality,,land,Phường Nam Gia Nghĩa,,True,True,107.57537841796875,11.937280654907227,107.6889419555664,12.052918434143066,ee2ce17e-8e3e-4d1a-9966-b3860a8d3816
2f837bfe-19e7-4785-8b39-4610e1bbae9c,VN,VN-25,locality,,land,Xã Bến Hải,"[[""vi-Hani"", ""社𤅶海""], [""vi"", ""Xã Bến Hải""], [""zh-Hans"", ""𣷷海社""], [""lzh"", ""𤅶海社""], [""zh-Hant"", ""𤅶海社""], [""en"", ""Bến Hải Commune""], [""zh"", ""𤅶海社""]]",True,True,106.96668243408203,16.938966751098633,107.14884185791016,17.016326904296875,52ed0583-d5eb-48e0-85c8-4012f39592f5
18c73292-1f15-4faa-805b-2f6a3d3a15e8,VN,VN-18,locality,,land,Xã Đại Hoàng,"[[""en"", ""Đại Hoàng Commune""], [""vi"", ""Xã Đại Hoàng""]]",True,True,105.83548736572266,20.28940200805664,105.90190124511719,20.350589752197266,7ad345d0-2fc1-4697-b0b9-151e0d14173c
c13128d0-e454-496a-adba-816941390664,VN,VN-26,locality,,land,Phường Thuận Hóa,"[[""vi-Hani"", ""坊順化""], [""vi"", ""Phường Thuận Hoá""], [""zh-Hans"", ""顺化坊""], [""lzh"", ""順化坊""], [""zh-Hant"", ""順化坊""], [""en"", ""Thuận Hóa Ward""], [""ja"", ""トゥアンホア区""], [""zh"", ""順化坊""]]",True,True,107.553466796875,16.434885025024414,107.60169219970703,16.47353744506836,73893e33-985a-4d5f-9be7-9af47a4ae203
1ef5ad47-a99d-4805-99b7-441e7cf6446d,VN,VN-23,locality,,land,Xã Yên Hòa,"[[""en"", ""Yên Hòa Commune""], [""vi"", ""Xã Yên Hòa""]]",True,True,105.98350524902344,18.271682739257812,106.07882690429688,18.34369659423828,14dedec0-166b-4689-8c08-cf0314c982b4
0b680087-53f2-413b-b980-bca3e8564715,VN,VN-25,microhood,,land,Quảng trường Bảo Ninh 2,,True,True,106.6509780883789,17.45264434814453,106.65269470214844,17.454309463500977,fcdf8636-2f00-45bc-a947-52bfa76dca14
46ca325f-2d19-47ca-93cf-016a0082eec9,VN,VN-45,locality,,land,Xã Bình Phú,,True,True,106.0338134765625,10.341633796691895,106.1064453125,10.452038764953613,0a5d8508-5a4a-4117-8ae0-a324d53cc139
7630c3b5-f3a5-4b16-b88b-b6a65bc7d47c,VN,VN-44,locality,,land,Xã An Biên,"[[""zh-Hans"", ""安边县""], [""ko"", ""안비엔사""], [""zh-Hant"", ""安邊縣""], [""fa"", ""قصبه آن‌بیئن""], [""zh"", ""安邊縣""]]",True,True,105.04227447509766,9.693602561950684,105.1470947265625,9.863515853881836,f1c6ef47-48b0-4653-a8e9-9322e719a5dc
1f72ac3e-0862-4087-be91-cd7198f9cbbb,VN,VN-37,locality,,land,Xã Tân Phú,,True,True,106.1124267578125,11.406086921691895,106.21978759765625,11.528103828430176,691c9b53-d0d4-4423-a9ce-2df7da7ecf92
777f7601-8734-44ed-a83c-ce363fafcc4b,VN,VN-45,locality,,land,Xã Thanh Mỹ,,True,True,105.81571197509766,10.366271018981934,105.92488098144531,10.50756549835205,5a31279c-268c-47a4-938e-1e5891051e4d
1157a2cd-3278-4035-bbc9-646ce2e84827,VN,VN-39,locality,,land,Xã Đak Lua,,True,True,107.17708587646484,11.334602355957031,107.47197723388672,11.581975936889648,3790a53c-ab7a-458d-8cc5-d4a6f2786e87
5384f0d7-ad87-466b-ac65-f8f4d43768e0,VN,VN-SG,microhood,,land,C,,True,True,106.63043212890625,10.747900009155273,106.63070678710938,10.748214721679688,d39bba53-e09c-46c5-a760-1e51984b4cba
81a45615-875c-4daf-82e6-c02e7a4f1dbe,VN,VN-21,locality,,land,Xã Tân Thành,"[[""en"", ""Tân Thành Commune""], [""vi"", ""Xã Tân Thành""]]",True,True,105.30332946777344,19.724071502685547,105.44183349609375,19.846399307250977,421f1c8d-0271-4303-87d4-86a5c325bbd8
85e17c9c-a0e0-4dc7-b3ff-40f68807c245,VN,VN-35,locality,,land,Xã Quảng Tín,,True,True,107.36610412597656,11.748870849609375,107.57089233398438,11.99523639678955,dd4dd972-8ffb-4df3-934d-5ccea2df26b4
c6a1c394-f4c4-4181-9fe7-6550bdc2e680,VN,VN-18,locality,,land,Xã Quỹ Nhất,"[[""en"", ""Quỹ Nhất Commune""], [""vi"", ""Xã Quỹ Nhất""]]",True,True,106.12580108642578,19.992565155029297,106.20984649658203,20.07204818725586,8f5389a9-d6ba-4131-ae07-f18574f6e728
4b34d620-e769-43ea-9fe6-3e6adfdd5027,VN,VN-18,locality,,land,Xã Yên Cường,"[[""en"", ""Yên Cường Commune""], [""vi"", ""Xã Yên Cường""]]",True,True,106.07176971435547,20.245031356811523,106.14390563964844,20.308805465698242,3e4cdd5c-b025-4738-9055-f6ea2306a52c
a91eb9ca-51fd-497b-a599-4331432e5e80,VN,VN-SG,locality,,land,Phường Dĩ An,,True,True,106.73417663574219,10.863458633422852,106.79461669921875,10.937265396118164,56611622-d3c0-45ea-a2cd-746370d7a988
6f00d37f-4b1d-41a8-a126-5c1390df57b7,VN,VN-44,locality,,land,Phường Long Xuyên,,True,True,105.37503814697266,10.337946891784668,105.46208953857422,10.394880294799805,b5ae75d6-6aae-4671-8b25-9ddeff3a6692
e4a6d6c4-06fa-42a3-a1b5-e538f24e88fb,VN,VN-37,locality,,land,Phường Gia Lộc,,True,True,106.300537109375,11.037670135498047,106.38471984863281,11.15841007232666,e204f6ae-f738-4631-a07a-b22113667f31
54d93f9c-4c91-451a-bb13-557a011fb191,VN,VN-39,locality,,land,Xã Phú Trung,,True,True,106.91875457763672,11.627680778503418,107.08136749267578,11.803025245666504,8b7be149-6ee3-42f4-b6e6-3a6974ae5bb7
6c4ae6c5-70f3-4499-81b3-eb1712d58d81,VN,VN-CT,locality,,land,Xã Tân Bình,,True,True,105.59174346923828,9.812727928161621,105.6985092163086,9.907947540283203,fb8c1d1d-686b-44a3-9397-2ef4195eeda7
5217d060-6fc0-47a2-965f-12e9162b3434,VN,VN-35,locality,,land,Xã Quảng Sơn,,True,True,107.7158203125,12.06483268737793,108.01490783691406,12.269258499145508,100bfbed-86f5-4f54-9bbe-bdf4a218096b
ef9f6fff-3783-490e-b454-83714bb4772e,VN,VN-18,locality,,land,Xã Giao Hưng,"[[""en"", ""Giao Hưng Commune""], [""de"", ""Gemeinde Giao Hưng""], [""vi"", ""Xã Giao Hưng""]]",True,True,106.39959716796875,20.21260643005371,106.46150207519531,20.27902603149414,b32c5cb3-65b8-41ac-bbe7-bdd8a2125778
39e557c5-129a-4545-b9b8-b20ee23c520a,VN,VN-SG,microhood,,land,C,,True,True,106.6290512084961,10.73806095123291,106.63008117675781,10.738685607910156,57fe7459-a6a8-46a6-8a35-97d5d990e481
89da68cf-b864-4493-837a-079c6396cc01,VN,VN-21,locality,,land,Xã Biện Thượng,"[[""en"", ""Biện Thượng Commune""], [""vi"", ""Xã Biện Thượng""]]",True,True,105.66089630126953,19.957874298095703,105.76575469970703,20.064611434936523,30ce0db2-f2ed-4c82-86c0-372c788a8046
c06fe55b-a805-4d33-b38a-6d047bd10f8b,VN,VN-SG,locality,,land,Xã Bình Giã,,True,True,107.24296569824219,10.607770919799805,107.32196807861328,10.750447273254395,1c6e2422-0192-40fc-80d2-da39101624cd
fdecfd97-d2db-4785-a9e9-e6000ad37ad1,VN,VN-39,locality,,land,Xã Thiện Hưng,"[[""zh"", ""善興社""]]",True,True,106.7338638305664,11.8959321975708,106.873291015625,12.038454055786133,58762d12-86aa-4f8e-8ca1-c30fc21245c1
73b19954-bbce-495c-9c7f-469d8c1eed71,VN,VN-22,locality,,land,Xã Thần Lĩnh,"[[""en"", ""Thần Lĩnh Commune""], [""vi"", ""Xã Thần Lĩnh""]]",True,True,105.56108093261719,18.792068481445312,105.64756774902344,18.8669376373291,2634c81b-fae9-4033-8047-126978f4f8ea
ecf4935f-0771-4f30-8fa7-0eb8b226864e,VN,VN-35,locality,,land,Xã Bảo Lâm 5,,True,True,107.48382568359375,11.656817436218262,107.77487182617188,11.922451972961426,6202e39a-f2b0-4473-bfe0-721b05340db1
89d1dc51-61ac-4a87-889b-f4b89a5bc722,VN,VN-68,locality,,land,Xã Yên Thủy,"[[""en"", ""Yên Thủy Commune""], [""vi"", ""Xã Yên Thủy""]]",True,True,105.53887939453125,20.33840560913086,105.66156005859375,20.43412208557129,62209c94-b43c-49d9-8966-24357f269d39
3837fa3d-585e-4a9a-a068-53dc3d72daf9,VN,VN-29,locality,,land,Xã Xốp,,True,True,107.76156616210938,15.00348949432373,107.91014862060547,15.223468780517578,0fffe3c2-28a7-408b-99d9-e3c9fd418373
978f6661-7538-4217-ac81-6780154b4798,VN,VN-25,locality,,land,Xã Tà Rụt,"[[""vi-Hani"", ""社耶律""], [""vi"", ""Xã Tà Rụt""], [""zh-Hans"", ""耶律社""], [""lzh"", ""耶律社""], [""zh-Hant"", ""耶律社""], [""en"", ""Tà Rụt Commune""], [""zh"", ""耶律社""]]",True,True,106.87127685546875,16.35476303100586,107.13582611083984,16.54411506652832,b28f2d34-95bf-47e8-9adb-8782187f02f4
3d226d6a-00d6-4148-b0a8-ea92a270b642,VN,VN-37,locality,,land,Phường Thanh Điền,,True,True,106.0585708618164,11.229286193847656,106.12916564941406,11.305819511413574,70911a42-73b9-4479-8d2c-9ebdec125651
45acbb89-e8e9-4235-9a34-233d3d7b08bc,VN,VN-25,locality,,land,Xã Đông Trạch,"[[""vi-Hani"", ""社同澤""], [""vi"", ""Xã Đông Trạch""], [""zh-Hans"", ""同泽社""], [""lzh"", ""同澤社""], [""zh-Hant"", ""同澤社""], [""en"", ""Đông Trạch Commune""], [""zh"", ""同澤社""]]",True,True,106.43216705322266,17.60343360900879,106.5482406616211,17.65816879272461,95ab05c5-dcee-4163-8825-9e93cd13ad55
1ff028a3-8895-4238-a6e8-0434e824c2f5,VN,VN-CT,locality,,land,Xã Tân Hòa,,True,True,105.55985260009766,9.865324020385742,105.67363739013672,9.975716590881348,11bd256f-0025-40ed-ab10-148dd7963707
3fc99e7c-bc4c-49fd-8900-254ddf0388a8,VN,VN-SG,locality,,land,Phường Tân Đông Hiệp,,True,True,106.74535369873047,10.906516075134277,106.802001953125,10.980802536010742,45ee8ce3-8cb6-460d-8dfe-9f14250322b7
c33ef01d-c4cd-4740-8ddc-b85a34e34eb6,VN,VN-22,locality,,land,Xã Lương Sơn,"[[""en"", ""Lương Sơn Commune""], [""vi"", ""Xã Lương Sơn""]]",True,True,105.26847839355469,18.904146194458008,105.36479187011719,18.988374710083008,11e0127e-a22c-46e8-a35b-b5a29835ec4c
a27bfecc-b945-494f-bd17-6bf8f2b27a07,VN,VN-21,locality,,land,Phường Hải Lĩnh,"[[""en"", ""Hải Lĩnh Ward""], [""de"", ""Stadtviertel Hải Lĩnh""], [""vi"", ""Phường Hải Lĩnh""]]",True,True,105.69183349609375,19.458965301513672,105.80754089355469,19.521650314331055,0d34cd17-4333-49e6-a5d6-a04f685bb2cd
6808ae1e-98f6-46a2-af48-6a1cf501db5a,VN,VN-22,locality,,land,Xã Tân Châu,"[[""en"", ""Tân Châu Commune""], [""vi"", ""Xã Tân Châu""]]",True,True,105.51187133789062,18.858259201049805,105.6075439453125,18.95162582397461,c6c55b57-0a15-4f25-a336-0fe4cb753e96
b521c0a2-3237-4ce2-a43d-d5f83e16d9ff,VN,VN-39,locality,,land,Xã Thống Nhất,,True,True,107.10873413085938,11.041359901428223,107.2641830444336,11.173246383666992,dfb67c61-c2b6-4a46-83c5-9cfc634d3831
6df910bd-ca9a-42a0-a3df-4c3ce5c065f3,VN,VN-49,locality,,land,Xã Phong Thạnh,,True,True,106.05113220214844,9.751431465148926,106.16779327392578,9.87838077545166,e58cb849-bd40-4969-9dfb-d4ac881a0f38
e88559f2-6b9d-4a20-81cd-94f9c9bdcc30,VN,VN-25,locality,,land,Xã A Dơi,"[[""en"", ""A Dơi Commune""], [""vi"", ""Xã A Dơi""]]",True,True,106.70512390136719,16.41065788269043,106.83069610595703,16.562082290649414,67594d99-b3d5-4ab9-b664-d30af500afb2
fdb30ab4-6ddb-4b09-bfcb-19a83caa1e57,VN,VN-SG,locality,,land,Phường Phú Thuận,,True,True,106.73043060302734,10.703225135803223,106.76866912841797,10.744135856628418,93977988-aff6-4fb1-a0c4-fe8755f01bd4
fe00d80e-af6b-456f-97df-da6a26c305e6,VN,VN-CT,region,1,land,Thành phố Cần Thơ,"[[""bs"", ""Can Tho City""], [""hr"", ""Can Tho City""], [""ar"", ""كن تاه""], [""fr"", ""Cần Thơ""], [""lv"", ""Kontho""], [""kl"", ""Can Tho""], [""uk"", ""Місто Кантхо""], [""ky"", ""Кантхо""], [""pt-PT"", ""Cidade de Can Tho""], [""pt"", ""Can Tho""], [""cs"", ""Can Tho""], [""gl"", ""Can Tho""], [""el"", ""Επαρχία Καν Τχο""], [""it"", ""Città di Can Tho""], [""ca"", ""Ciutat de Can Tho""], [""pt-BR"", ""Cidade de Can Tho""], [""vi"", ""Thành phố Cần Thơ""], [""tl"", ""Can Tho""], [""nl"", ""Cần Thơ""], [""zh-Hans"", ""芹苴市""], [""bg"", ""Кан Тхо""], [""ko"", ""껀터""], [""eo"", ""Can Tho""], [""et"", ""Can Tho City""], [""af"", ""Can Tho""], [""de"", ""Can Tho""], [""ru"", ""Кантхо""], [""th"", ""เกิ่นเทอ""], [""id"", ""Kota Can Tho""], [""ce"", ""Кантхо""], [""sr-Latn"", ""Can To Siti""], [""sv"", ""Can Tho""], [""tr"", ""Can Tho City""], [""da"", ""Can Tho""], [""sr-Cyrl"", ""Кантхо""], [""zh-Hant"", ""芹苴市""], [""en"", ""Cần Thơ""], [""he"", ""קאנטחו""], [""sk"", ""Can Tho City""], [""es"", ""Ciudad de Can Tho""], [""sw"", ""Can Tho""], [""mi"", ""Can Tho""], [""ja"", ""カントー""], [""fi"", ""Can Tho City""], [""ro"", ""Can Tho""], [""lt"", ""Kantas""], [""no"", ""Can Tho""], [""km"", ""ទីក្រុងព្រែកឫស្សី""], [""sl"", ""Can Tho""], [""fa"", ""شهر کان‌تو""], [""mn"", ""Кантхо""], [""zh"", ""芹苴市""], [""ms"", ""Can Tho""], [""hu"", ""Can Tho City""], [""pl"", ""Miasto Cần Thơ""]]",True,False,105.22567749023438,9.24490737915039,106.30221557617188,10.325209617614746,1cde7640-90ee-46de-9351-41441f9103e7
7545fd2a-5867-466e-9590-10552d92286a,VN,VN-49,locality,,land,Xã Tam Bình,,True,True,105.93254852294922,10.02372932434082,106.02076721191406,10.09604263305664,15aaf08f-b015-49a3-9d15-691f0e288a23
1eb426fa-45ca-4c02-a8ec-bffcfe187a15,VN,VN-37,locality,,land,Xã Hưng Điền,,True,True,105.5003662109375,10.875629425048828,105.70598602294922,10.978918075561523,573e2cc8-3a41-442f-af7d-606f67204299
0081d685-0d88-40c3-bffc-46bc2f4ad811,VN,VN-45,locality,,land,Phường Sa Đéc,"[[""vi"", ""Sa Đéc""]]",True,True,105.7038803100586,10.278275489807129,105.78343200683594,10.383164405822754,0a3f0f22-bdf8-45cb-90e1-44d2ca7bd9fd
7727ce35-18bf-4a6a-8c41-4b211c5bc8a5,VN,VN-39,locality,,land,Phường Trấn Biên,,True,True,106.78264617919922,10.901565551757812,106.88261413574219,10.977140426635742,a368483b-89fb-4f68-8eab-b8f8e42aed83
1a9f82ff-7f41-44b4-852e-caf5a70e1443,VN,VN-18,locality,,land,Xã Liêm Hà,"[[""en"", ""Liêm Hà Commune""], [""vi"", ""Xã Liêm Hà""]]",True,True,105.91459655761719,20.481563568115234,105.98920440673828,20.52789878845215,1e65aada-865a-4f42-a37e-0054e4774877
2fc00660-8382-4de2-8e17-6e32f52d9782,VN,VN-30,locality,,land,Phường Diên Hồng,"[[""en"", ""Dien Hong Ward""], [""vi"", ""Phường Diên Hồng""]]",True,True,107.93998718261719,13.923558235168457,108.00363159179688,13.996377944946289,135e6a38-7029-4b5b-8b59-61ebc40d8d4a
29cf5904-988d-401b-8a68-bf7a9eb1a8f6,VN,VN-33,locality,,land,Phường Buôn Ma Thuột,,True,True,107.96504974365234,12.655054092407227,108.079345703125,12.746549606323242,a6f2a936-ad97-4670-9260-09ff516a7f87
a000e962-637b-4216-8ecf-3628a7b14925,VN,VN-49,locality,,land,Xã Hòa Minh,,True,True,106.40045166015625,9.889060974121094,106.4927978515625,9.965882301330566,8b1d95d9-3864-41ac-b344-931375bf6034
523362b9-ec58-40df-ae15-f2dde03f44f1,VN,VN-DN,locality,,land,Xã Trà Tập,"[[""en"", ""Trà Tập Commune""], [""vi"", ""Xã Trà Tập""]]",True,True,107.98883819580078,15.042655944824219,108.1192626953125,15.238070487976074,ca897723-e5d6-4c2a-8705-091ca4634a6d
fa2fb3b3-aa53-4615-a676-103551b0a9d2,VN,VN-66,locality,,land,Xã Đông Tiên Hưng,"[[""en"", ""Đông Tiên Hưng Commune""], [""vi"", ""Xã Đông Tiên Hưng""]]",True,True,106.29093933105469,20.524812698364258,106.34620666503906,20.57308006286621,7ea6f144-2c67-4603-af50-93d53098ff67
39433f40-7944-46eb-ad7a-9946eecdcad0,VN,VN-SG,locality,,land,Xã Đất Đỏ,,True,True,107.23993682861328,10.45969009399414,107.3770980834961,10.576827049255371,12ee199e-8887-4b17-adb9-806f51866743
b0d7074b-0f23-46d6-801b-ebf079e125d8,VN,VN-44,locality,,land,Xã Núi Cấm,,True,True,104.9645004272461,10.43547534942627,105.11495971679688,10.512378692626953,13571ecd-12df-4462-bcb3-bcd7d7b1fff6
70333b89-0fdc-45ec-a39a-ca7a5e585de6,VN,VN-59,locality,,land,Xã Hồng Dân,,True,True,105.3758316040039,9.474905014038086,105.51553344726562,9.600687026977539,d0bc826f-c958-4659-a109-bfc63325ff0a
36493bbe-a12f-4c6c-a302-23b9c5cb117c,VN,VN-45,microhood,,land,Quảng trường Trung tâm tỉnh Tiền Giang,,True,True,106.36563873291016,10.380460739135742,106.3663558959961,10.381911277770996,2a88c800-10a9-4981-843b-1ca972bb7c9d
6263b411-bbf8-4073-ab74-f8a625c15667,VN,VN-44,locality,,land,Xã Sơn Hải,"[[""zh-Hant"", ""山海社""], [""fa"", ""قصبه سون‌های""], [""zh-Hans"", ""山海社""], [""zh"", ""山海社""]]",True,True,104.39620971679688,10.018903732299805,104.55549621582031,10.18838882446289,38df3d26-0c17-407b-b5a1-cb44b8317922
46f24d38-1706-4d1b-b747-1d1df089e080,VN,VN-21,locality,,land,Xã Tiên Trang,"[[""en"", ""Tiên Trang Commune""], [""vi"", ""Xã Tiên Trang""]]",True,True,105.77796173095703,19.571765899658203,105.83113861083984,19.665536880493164,e0c25c64-cb29-42b3-bea5-b64bbd98de5c
73c30a50-ec3d-41ed-915c-2c9cda3c7910,VN,VN-23,locality,,land,Xã Tiên Điền,"[[""en"", ""Tiên Điền Commune""], [""vi"", ""Xã Tiên Điền""]]",True,True,105.7510986328125,18.601877212524414,105.81303405761719,18.67245101928711,b5ba961a-0c91-4329-9384-8c93cf389510
db66de2e-dbe7-4a99-a1b7-54511338d2d2,VN,VN-18,locality,,land,Xã Bình An,"[[""en"", ""Bình An Commune""], [""vi"", ""Xã Bình An""]]",True,True,106.02970886230469,20.44631004333496,106.0973892211914,20.53435516357422,d8743f9d-17af-4e11-bcb9-1e8c30982442
85ee1f0a-9b2e-4bd2-b483-824e549f52bb,VN,VN-66,locality,,land,Xã Bình Nguyên,"[[""en"", ""Bình Nguyên Commune""], [""vi"", ""Xã Bình Nguyên""]]",True,True,106.40278625488281,20.421527862548828,106.4440689086914,20.494226455688477,debbbd4b-9914-4ccc-aa8a-bcf8df0e2777
753c70c2-ca20-47d8-aef4-8058377dff4e,VN,VN-SG,locality,,land,Phường Tây Nam,,True,True,106.42952728271484,11.04562759399414,106.57343292236328,11.218122482299805,a9dbb75e-5735-4f63-85ad-67732c5ecf3b
51d8ecca-fb65-47fc-bd20-0c40f59ff50e,VN,VN-59,locality,,land,Xã Tân Hưng,"[[""zh-Hant"", ""新興社""], [""fa"", ""قصبه تان‌هینگ""], [""zh-Hans"", ""新兴社""], [""zh"", ""新興社""]]",True,True,105.02877044677734,8.939982414245605,105.13994598388672,9.079533576965332,9f6b0afc-e2ec-4f48-afc7-addacd038d75
7964afa2-4e76-4038-a2e4-a41abdf9b9d4,VN,VN-25,locality,,land,Phường Đồng Thuận,"[[""vi-Hani"", ""坊洞順""], [""vi"", ""Phường Đồng Thuận""], [""zh-Hans"", ""洞顺坊""], [""lzh"", ""洞順坊""], [""zh-Hant"", ""洞順坊""], [""en"", ""Đồng Thuận Ward""], [""zh"", ""洞順坊""]]",True,True,106.55984497070312,17.460758209228516,106.6209716796875,17.53345489501953,c002f116-f635-4970-a587-d667de6974dd
d8db7eab-2a32-4c62-8835-b142441d683d,VN,VN-44,locality,,land,Xã An Phú,,True,True,105.0491714477539,10.760842323303223,105.10792541503906,10.854255676269531,a2caf36b-9f52-48f5-93c8-988ce296180b
fa25aa15-6d7a-4c77-9e1a-a9dc2cb5b49d,VN,VN-37,region,1,land,Tỉnh Tây Ninh,"[[""bs"", ""Provincija Tay Ninh""], [""hr"", ""Provincija Tay Ninh""], [""ar"", ""محافظة تاي ننه""], [""fr"", ""Province de Tây Ninh""], [""lv"", ""Tojniņas province""], [""uk"", ""Тейнінь""], [""pt-PT"", ""Província de Tay Ninh""], [""pt"", ""Tay Ninh""], [""cs"", ""Provincie Tây Ninh""], [""el"", ""Επαρχία Τάι Νινχ""], [""it"", ""Provincia di Tay Ninh""], [""ca"", ""Província de Tay Ninh""], [""pt-BR"", ""Província de Tay Ninh""], [""vi-Hani"", ""省西寧""], [""vi"", ""Tỉnh Tây Ninh""], [""nl"", ""Tây Ninh""], [""zh-Hans"", ""西宁省""], [""bg"", ""Тай Нин""], [""ko"", ""떠이닌성""], [""et"", ""Tay Ninhi provints""], [""de"", ""Tây Ninh""], [""ur"", ""تاے ننہ صوبہ""], [""ru"", ""Тэйнинь""], [""th"", ""จังหวัดเต็ยนิญ""], [""id"", ""Provinsi Tay Ninh""], [""sr-Latn"", ""Taj Nin oblast""], [""sv"", ""Tay Ninh""], [""tr"", ""Eyaleti Tây Ninh""], [""da"", ""Tây Ninh-provinsen""], [""sr-Cyrl"", ""Тај Нињ""], [""zh-Hant"", ""西寧省""], [""en"", ""Tây Ninh Province""], [""he"", ""מחוז טאי נין""], [""sk"", ""Provincia Tay Ninh""], [""es"", ""Tay Ninh""], [""sw"", ""Mkoa wa Tây Ninh""], [""ja"", ""タイニン""], [""fi"", ""Tây Ninh""], [""ro"", ""Tây Ninh""], [""lt"", ""Taininio provincija""], [""no"", ""Tay Ninh""], [""km"", ""ខេត្តរោងដំរី""], [""sl"", ""Provinca Tay Ninh""], [""fa"", ""استان تای نین""], [""zh"", ""西寧省""], [""ms"", ""Provinsi Tây Ninh""], [""hu"", ""Tay Ninh tartomány""], [""pl"", ""Prowincja Tây Ninh""]]",True,True,105.5003662109375,10.394831657409668,106.74725341796875,11.782855033874512,14fb3560-a70e-494b-9efb-0c1a94665d65
f44afc6d-02f9-47b2-be39-68aa3609f1a1,VN,VN-SG,microhood,,land,Công trường Lam Sơn,"[[""fr"", ""Place Lam Son""], [""ru"", ""Площадь Лам Сон""], [""id"", ""Alun-alun Lam Son""], [""zh-Hant"", ""藍山廣場""], [""en"", ""Lam Son Square""], [""ja"", ""ラムソン広場""], [""zh"", ""蓝山广场""], [""ms"", ""Dataran Lam Son""]]",True,True,106.7025375366211,10.776037216186523,106.70411682128906,10.777632713317871,aad5052c-7e76-4b06-90a5-d1c5dc87541d
41c0e7d0-7c04-4f1f-9ee0-47fdb6c43a8b,VN,VN-49,locality,,land,Xã Đại Điền,,True,True,106.40045166015625,9.941547393798828,106.47447204589844,10.070643424987793,eeb15306-693a-4798-8027-f399b98ed401
c55efb86-9ef2-405e-8f58-fa29332474a4,VN,VN-CT,locality,,land,Xã Châu Thành,,True,True,105.7854232788086,9.902444839477539,105.89682006835938,9.982617378234863,76b07cef-7c57-4260-b073-19e11e0cba3c
7b6c625b-e346-49a4-a5c5-57d8e728f9c1,VN,VN-49,locality,,land,Phường Trà Vinh,,True,True,106.31940460205078,9.886631965637207,106.36690521240234,9.957930564880371,257dc295-e3c0-4d38-a570-d93a4f0b4ce6
eac86278-64b4-4b98-8bb6-45de32c1d950,VN,VN-33,locality,,land,Xã Krông Ana,,True,True,107.92152404785156,12.39657974243164,108.07936096191406,12.510336875915527,2a65ba4c-b0a7-4fe0-aab8-78b5c0b60852
3d1f53d0-79af-4fe9-8e89-eb7b2c01064d,VN,VN-59,locality,,land,Xã Phong Hiệp,,True,True,105.24812316894531,9.279657363891602,105.38972473144531,9.391220092773438,07a5ec2d-21d2-473d-b832-af69be619071
6a59a036-297d-46b4-976c-66c965e34a32,VN,VN-37,locality,,land,Xã Tân Hưng,,True,True,105.64765930175781,10.752504348754883,105.78766632080078,10.871561050415039,fbc2971a-4174-4691-b382-4ebdb13a48c2
be813ce7-45da-472f-a1ba-db03199ad27f,VN,VN-SG,locality,,land,Phường Đông Hưng Thuận,,True,True,106.60326385498047,10.818604469299316,106.64299774169922,10.85658073425293,25c3594c-e7c6-4b6e-9d2c-c2d7104c9892
125c2293-f6e3-458c-be3e-55251e597772,VN,VN-35,microhood,,land,Quảng trường Cư Jút,,True,True,107.88755798339844,12.589808464050293,107.8896255493164,12.591562271118164,e66b2a01-7b2e-4976-bfc2-0e366de8fab1
635ca31e-be65-4596-832c-f653a8d7b46a,VN,VN-18,locality,,land,Xã Giao Bình,"[[""en"", ""Giao Bình Commune""], [""de"", ""Gemeinde Giao Bình""], [""vi"", ""Xã Giao Bình""]]",True,True,106.36766052246094,20.20207977294922,106.4375228881836,20.264863967895508,9d9b287a-fb02-43c4-8e54-792b1691d767
b2ded56f-56b1-409d-8e63-e2d63d54e61c,VN,VN-44,locality,,land,Phường Hà Tiên,"[[""zh-Hans"", ""河僊坊""], [""ko"", ""하띠엔방""], [""zh-Hant"", ""河僊坊""], [""fa"", ""ناحیه هاتیئن""], [""zh"", ""河僊坊""]]",True,True,104.43920135498047,10.364302635192871,104.55754852294922,10.44687557220459,5b26e836-952a-4884-b3ee-a3fe21552768
7bb2e3af-4b79-49c6-aa66-5669a452eeac,VN,VN-35,locality,,land,Xã Đức An,,True,True,107.5156021118164,12.145320892333984,107.69660949707031,12.328620910644531,6855bc2a-adcf-44f8-ab93-965d4007fb36
c010ffc3-25d2-43f8-9071-8f3a9fa84eb8,VN,VN-SG,locality,,land,Phường Phú Thọ,,True,True,106.64647674560547,10.758903503417969,106.66002655029297,10.778450965881348,6c14635e-97b4-4bb4-999e-4526bbd218ec
879d62d5-cca0-40e7-b180-47bca719d911,VN,VN-35,locality,,land,Xã Hàm Thuận Nam,,True,True,107.84249877929688,10.786396026611328,107.98157501220703,10.920598983764648,fbe94960-44ea-4b10-b207-c5cb11a8aa46
0c1799b3-b230-4a67-9645-b225ac25fc28,VN,VN-DN,locality,,land,Xã Hòa Tiến,"[[""en"", ""Hòa Tiến Commune""], [""vi"", ""Xã Hòa Tiến""]]",True,True,108.01280212402344,15.925435066223145,108.18614196777344,15.99532413482666,3760e5d4-2b7a-4096-a496-9339b5c7edca
eb12e85c-f63b-4284-85d9-3c78584552d4,VN,VN-49,microhood,,land,Quảng trường Tp Bến Tre,,True,True,106.36666107177734,10.223334312438965,106.36734008789062,10.22393798828125,4c81ef42-20f7-4d50-955c-53d3c5b4ac53
6e5b3539-357c-4791-9cbf-33d6ff8268d7,VN,VN-25,locality,,land,Xã Tuyên Lâm,"[[""vi-Hani"", ""社宣林""], [""vi"", ""Xã Tuyên Lâm""], [""zh-Hans"", ""宣林社""], [""lzh"", ""宣林社""], [""zh-Hant"", ""宣林社""], [""en"", ""Tuyên Lâm Commune""], [""zh"", ""宣林社""]]",True,True,105.64205169677734,17.890871047973633,105.859619140625,18.03801155090332,7543e4df-b0d2-49c7-bd1d-d880a890a11e
a2e8cefb-322b-47bb-9b39-8efa711dc95d,VN,VN-33,locality,,land,Phường Tân An,,True,True,108.05609893798828,12.685615539550781,108.1658935546875,12.769562721252441,38010e8b-74bd-4f02-8ab6-8aa4ce7c8903
2350de47-8ae5-4938-8fae-de4161d150f5,VN,VN-35,locality,,land,Phường 1 Bảo Lộc,,True,True,107.80317687988281,11.531220436096191,107.89427185058594,11.605644226074219,28fb50cd-db1a-4309-82cd-0423d2883d23
b1248abe-cf94-41b3-a9d3-95757f646fd3,VN,VN-44,locality,,land,Xã Hòn Nghệ,"[[""zh-Hant"", ""塊藝社""], [""fa"", ""قصبه هون‌نگه""], [""zh-Hans"", ""块艺社""], [""zh"", ""塊藝社""]]",True,True,104.49759674072266,9.97148609161377,104.56159210205078,10.039989471435547,d47cad10-1c53-4a47-b613-a189d343e6e2
8cea8b98-164f-4ed4-829a-d513fd81da3b,VN,VN-45,locality,,land,Xã Tân Hòa,,True,True,106.660400390625,10.275336265563965,106.73890686035156,10.359271049499512,63f928b4-dbd0-4271-85c4-38f55e4c0159
6f8b2e9d-eba9-482b-bcb5-1af0dac7837a,VN,VN-21,locality,,land,Xã Hóa Quỳ,"[[""en"", ""Hóa Quỳ Commune""], [""vi"", ""Xã Hóa Quỳ""]]",True,True,105.3573989868164,19.533369064331055,105.51998901367188,19.67892837524414,6bf18605-487f-47bc-89bd-d173ad3cee54
d8993516-a34f-4e95-a1d3-74d489d84f49,VN,VN-26,locality,,land,Phường Phú Bài,"[[""vi-Hani"", ""坊富牌""], [""vi"", ""Phường Phú Bài""], [""zh-Hans"", ""富牌坊""], [""ko"", ""푸바이""], [""lzh"", ""富牌坊""], [""zh-Hant"", ""富牌坊""], [""en"", ""Phú Bài Ward""], [""zh"", ""富牌坊""]]",True,True,107.49653625488281,16.15604019165039,107.75729370117188,16.42000389099121,32691b89-394e-469f-bac5-015151640528
222e020e-33d1-4d6e-bf04-0c254e06abb7,VN,VN-21,locality,,land,Phường Nguyệt Viên,"[[""en"", ""Nguyệt Viên Ward""], [""de"", ""Stadtviertel Nguyệt Viên""], [""vi"", ""Phường Nguyệt Viên""]]",True,True,105.785400390625,19.78736686706543,105.84615325927734,19.865638732910156,0a77e78f-a9cd-4f2c-b6a0-aeab4f2ea274
016f8bd5-cd83-4874-9e88-037309c09deb,VN,VN-SG,microhood,,land,P,,True,True,106.62999725341797,10.738862037658691,106.63038635253906,10.739585876464844,dc5cb7f1-a2b8-4bd1-af64-d3e5f9a56ec9
ae0d4a55-dec0-4b95-a126-b543d9dd5560,VN,VN-59,locality,,land,Xã Sông Đốc,"[[""zh-Hant"", ""瀧督社""], [""zh-Hans"", ""瀧督社""], [""zh"", ""瀧督社""]]",True,True,104.52210998535156,8.88147258758545,104.8971939086914,9.078080177307129,37df80e7-4448-463b-995c-018f01d36b31
d0cb46b4-184b-4ffa-88e8-fb9754ac9fd2,VN,VN-39,locality,,land,Xã Long Thành,,True,True,106.91842651367188,10.730049133300781,107.10134887695312,10.835023880004883,6a4a43b5-8cc3-4148-bac8-0f46a42a83b3
ce2ca921-1316-4be3-8f03-b75b6028a2de,VN,VN-SG,locality,,land,Phường Thủ Đức,,True,True,106.73899841308594,10.813069343566895,106.77430725097656,10.86090087890625,012fc563-5d2b-4790-b5bf-86c73ccc4cdd
9b42cbd7-900c-4285-b5f8-53887067177d,VN,VN-DN,locality,,land,Xã Bến Hiên,"[[""en"", ""Bến Hiên Commune""], [""vi"", ""Xã Bến Hiên""]]",True,True,107.58824920654297,15.75738525390625,107.84951782226562,15.937967300415039,c153f828-5f32-445c-a413-2f57ae69546e
3c710ded-e0c0-48af-a366-d516a50ae292,VN,VN-21,locality,,land,Xã Thọ Xuân,"[[""en"", ""Thọ Xuân Commune""], [""vi"", ""Xã Thọ Xuân""]]",True,True,105.48472595214844,19.900043487548828,105.59479522705078,19.948022842407227,696d025b-d937-4142-9382-b1ddfb8a7218
b7f764d3-5abb-4fea-b506-004765f54e19,VN,VN-39,locality,,land,Xã Tân An,,True,True,106.90619659423828,10.989938735961914,107.05239868164062,11.075587272644043,b0fa5666-3c43-4ba3-a324-5839bf248fc0
4ed565bf-2daa-454a-bcee-5aee30473d8e,VN,VN-CT,locality,,land,Phường Long Phú 1,,True,True,105.58109283447266,9.609274864196777,105.69087982177734,9.705225944519043,34fba608-e060-4235-b20a-107a4428ffce
cd7cf27f-5d6d-4c71-906e-50d23d339c91,VN,VN-49,locality,,land,Xã Vinh Kim,,True,True,106.37844848632812,9.81390380859375,106.48804473876953,9.89671516418457,89c59857-7620-4a02-a445-7a62796bf491
03f15bee-96b0-4049-920a-632ad2468576,VN,VN-SG,locality,,land,Phường Vũng Tàu,,True,True,107.05482482910156,10.32029914855957,107.10106658935547,10.387360572814941,5b55ad1c-5838-47bd-8f23-b895a0efbfd4
79b2cea8-8bc7-4e85-aa8a-1602b4d616bf,VN,VN-49,locality,,land,Xã Tân Thành Bình,,True,True,106.2667236328125,10.12199592590332,106.36254119873047,10.223401069641113,2914e00b-b3c6-4f75-8260-365fcd88c3ff
1f520306-5560-45e5-ab4a-a9e0ec688f57,VN,VN-49,locality,,land,Xã Long Hiệp,,True,True,106.29074096679688,9.6756010055542,106.41744995117188,9.758125305175781,14055ff0-fb17-4b63-9aeb-5f580832665d
c97a0af9-0535-4c96-8682-440418cf10c1,VN,VN-SG,locality,,land,Phường Vĩnh Tân,,True,True,106.67893981933594,11.065317153930664,106.76222229003906,11.210444450378418,f2742dfe-da7a-4376-ae01-07e386594f9b
81ce1858-f41b-4788-b34d-a6ae2e34a5b1,VN,VN-39,locality,,land,Xã Lộc Hưng,,True,True,106.54163360595703,11.73692512512207,106.70484161376953,11.829980850219727,e32d65ee-96e4-40f8-994d-74eb35997406
8d963f1b-5dc9-45de-8b48-c81a7da45a08,VN,VN-66,locality,,land,Xã Vũ Tiên,"[[""en"", ""Vũ Tiên Commune""], [""vi"", ""Xã Vũ Tiên""]]",True,True,106.2520523071289,20.3266544342041,106.33257293701172,20.390283584594727,b54ef1b3-8e51-47bc-ad75-1e0f6c20e061
1e9cdeaa-3849-4f02-b6e1-222c97631045,VN,VN-SG,locality,,land,Phường Đức Nhuận,,True,True,106.6673355102539,10.799169540405273,106.68851470947266,10.814141273498535,acb65e97-6a0e-44bb-ae89-a3c791154b37
d2e27c19-62e8-4c2c-96f3-e30e6cd4b0b9,VN,VN-37,locality,,land,Phường Bình Minh,,True,True,106.0715103149414,11.323987007141113,106.19807434082031,11.438895225524902,e46bb3e4-71da-441e-83e7-9e3bcc75dbd1
3e72e195-e922-4166-b361-fe85e332bd56,VN,VN-33,locality,,land,Xã Ia Rvê,,True,True,107.56322479248047,13.148272514343262,107.76351928710938,13.307706832885742,2dd06a7a-9dbf-4c23-b43e-a62629f95bb8
4aa5561e-7558-440e-8bb7-1def427f9510,VN,VN-18,locality,,land,Phường Liêm Tuyền,"[[""en"", ""Liêm Tuyền Ward""], [""vi"", ""Phường Liêm Tuyền""]]",True,True,105.93603515625,20.513341903686523,105.99933624267578,20.567476272583008,51bab106-ee95-4f5f-a4b4-c5c70f369c09
57ad1506-dcf4-412f-875a-60d7528ca8e3,VN,VN-DN,locality,,land,Xã Phước Chánh,"[[""en"", ""Phước Chánh Commune""], [""vi"", ""Xã Phước Chánh""]]",True,True,107.75960540771484,15.21188735961914,107.85248565673828,15.431840896606445,a016798a-9237-477a-a140-6df429f2c887
baff2533-855c-4265-84c1-bc15e44d3e7b,VN,VN-39,locality,,land,Xã Phú Vinh,,True,True,107.31473541259766,11.204442977905273,107.41043853759766,11.310164451599121,aa3a6381-a1be-47f5-b8bd-4f7dfb35827d
33ff9e8b-1466-48a6-87ed-71e356f7fc6d,VN,VN-SG,locality,,land,Phường Trung Mỹ Tây,,True,True,106.60725402832031,10.842682838439941,106.63758850097656,10.877148628234863,40490e3a-fbb4-4c1b-b547-b16ff7ff853d
896780f8-42c6-4121-9d76-d4d5d4607eb4,VN,VN-39,locality,,land,Xã Phú Riềng,,True,True,106.84529113769531,11.634393692016602,106.99869537353516,11.757498741149902,dcaff2ff-89ca-4448-8105-8b6248ba322d
8ca3673b-b479-4737-84c8-bd52cdc8c14c,VN,VN-21,locality,,land,Xã Yên Thọ,"[[""en"", ""Yên Thọ Commune""], [""vi"", ""Xã Yên Thọ""]]",True,True,105.55396270751953,19.50357437133789,105.65448760986328,19.631683349609375,588db0b6-870f-403a-89fd-ee68d074e63c
bd1318a3-7cb8-481a-a2a5-3195d3fa33fe,VN,VN-21,locality,,land,Xã Hoằng Sơn,"[[""en"", ""Hoằng Sơn Commune""], [""vi"", ""Xã Hoằng Sơn""]]",True,True,105.80961608886719,19.859106063842773,105.86864471435547,19.930002212524414,85479f0b-3306-4256-8d8c-6cddc22245a5
13075670-a539-4131-a3ed-1c2531824a51,VN,VN-44,locality,,land,Phường Bình Đức,,True,True,105.36050415039062,10.364238739013672,105.43555450439453,10.432276725769043,238a3b8d-3ef8-4283-8ca3-3841cfce76cc
90769308-e56e-40c7-84f5-20e2a319a311,VN,VN-35,locality,,land,Xã Quảng Khê,,True,True,107.72261810302734,11.849159240722656,107.93305206298828,12.000368118286133,f7703a28-0524-4edb-97fc-6c098381c36e
d03b44ae-8502-4806-9432-80854189baa7,VN,VN-SG,locality,,land,Phường Phú Thạnh,,True,True,106.6187515258789,10.758171081542969,106.6360092163086,10.784789085388184,f70a7be4-3a38-4588-a164-16bced28cd44
b0920322-91f7-4499-8568-512b91fb9d83,VN,VN-SG,microhood,,land,K,,True,True,106.62794494628906,10.75273609161377,106.62860870361328,10.753271102905273,a8341640-3a39-4220-ac8a-8a88a90cfdcb
7bab877a-c718-451f-9852-4a494169f11a,VN,VN-22,locality,,land,Phường Cửa Lò,"[[""en"", ""Cửa Lò Ward""], [""vi"", ""Phường Cửa Lò""]]",True,True,105.69049072265625,18.746456146240234,105.98973083496094,18.832643508911133,04fd7d0d-f716-43ce-96e4-201bba4d779e
ff9d3a44-a19b-45c4-9d91-4acde66bef34,VN,VN-23,locality,,land,Xã Hồng Lộc,"[[""en"", ""Hồng Lộc Commune""], [""vi"", ""Xã Hồng Lộc""]]",True,True,105.8107681274414,18.458423614501953,105.8646011352539,18.545652389526367,b0ce2eff-6bbf-4c41-8f7e-8331a4ca2279
21fadc8f-30a8-4b2d-8f73-c84e7df86b1a,VN,VN-22,locality,,land,Xã Quỳ Châu,"[[""en"", ""Quỳ Châu Commune""], [""vi"", ""Xã Quỳ Châu""]]",True,True,105.03849792480469,19.47300910949707,105.2840347290039,19.682601928710938,5f329eb1-3bd3-47b8-b742-3d90194bb379
b7ddb2eb-f77b-4c9c-9b1f-7f8cb6fbfdc7,VN,VN-22,locality,,land,Xã Đại Đồng,"[[""en"", ""Đại Đồng Commune""], [""vi"", ""Xã Đại Đồng""]]",True,True,105.27440643310547,18.749563217163086,105.40042114257812,18.849464416503906,6d83221b-1dc3-4543-a662-8648cb828546
d7f6e887-e043-43de-af6d-7e9b8ff889ae,VN,VN-37,locality,,land,Xã Rạch Kiến,,True,True,106.55054473876953,10.575372695922852,106.5968017578125,10.640896797180176,4b895ea9-19dd-4040-a506-fd105ffce179
00c0cabc-76ac-4b08-abb1-2eaf9954af02,VN,VN-SG,locality,,land,Phường An Hội Đông,,True,True,106.65568542480469,10.838597297668457,106.6768798828125,10.86069107055664,40df7329-8881-4265-b1d4-524b89c8600d
834a159b-83f1-41ce-8473-b9cf9fcf772a,VN,VN-45,locality,,land,Xã Bình Ninh,,True,True,106.39854431152344,10.297245979309082,106.55445098876953,10.34876823425293,5f61647b-757b-4ae4-811e-6dfbd6064ac0
6945cf9f-f989-4047-9686-60fd36b05862,VN,VN-22,locality,,land,Xã Cát Ngạn,"[[""en"", ""Cát Ngạn Commune""], [""vi"", ""Xã Cát Ngạn""]]",True,True,105.18576049804688,18.82036590576172,105.29786682128906,18.89126205444336,a8c403a4-7d03-42ae-a186-7180258f2714
8bb83377-3231-45d6-99e1-82e4d53fc3d8,VN,VN-66,locality,,land,Xã Kiến Xương,"[[""en"", ""Kiến Xương Commune""], [""vi"", ""Xã Kiến Xương""]]",True,True,106.38457489013672,20.347431182861328,106.47752380371094,20.410919189453125,b8ab0880-e544-472f-a521-3c1a481415e4
9e4df7ef-c921-420f-82b4-c37dc7c09828,VN,VN-SG,microhood,,land,S,,True,True,106.71394348144531,10.752878189086914,106.71730041503906,10.753480911254883,b422bd8c-d05f-4166-b04c-4631a2fc191d
a745a62d-5811-4c4b-b5a9-4116d6bf330b,VN,VN-SG,microhood,,land,G,,True,True,106.63135528564453,10.738353729248047,106.6318588256836,10.739912033081055,726e0858-98a8-4d6b-8826-d5712feffc52
35630113-2d24-446f-8770-0656987ea1a6,VN,VN-22,locality,,land,Xã Vĩnh Tường,"[[""en"", ""Vĩnh Tường Commune""], [""vi"", ""Xã Vĩnh Tường""]]",True,True,104.97221374511719,18.88799285888672,105.08200073242188,18.998001098632812,85576bfe-1d67-4bc1-86a9-2c75c0895d7e
6c27d9e5-7636-4ec5-b35c-6744bb902d3b,VN,VN-23,locality,,land,Xã Cẩm Trung,"[[""en"", ""Cẩm Trung Commune""], [""vi"", ""Xã Cẩm Trung""]]",True,True,106.08072662353516,18.20488166809082,106.15219116210938,18.2685489654541,59be07e9-1ebc-4aae-8043-71279c068f03
882c290b-ea32-4379-b276-cc780c22f6c5,VN,VN-23,locality,,land,Hồng Sơn,,True,True,106.41850280761719,18.008529663085938,106.43370819091797,18.01832389831543,4af831c0-a7bd-4a14-a298-14475183f8a1
82e5a35d-4bb8-467e-afde-57f8febc6773,VN,VN-18,locality,,land,Phường Nam Định,"[[""en"", ""Nam Định Ward""], [""de"", ""Stadtviertel Nam Định""], [""vi"", ""Phường Nam Định""]]",True,True,106.1486587524414,20.40319061279297,106.19617462158203,20.479957580566406,1b3d9e74-d944-4096-b89c-8d504aa3d008
14df98bf-12d0-42f7-b1e3-4fb09ce53e9b,VN,VN-23,locality,,land,Xã Sơn Kim 2,"[[""en"", ""Sơn Kim 2 Commune""], [""vi"", ""Xã Sơn Kim 2""]]",True,True,105.20745849609375,18.267749786376953,105.35018920898438,18.46274185180664,91e548f2-6e85-4e42-beb3-c6a9549e9eed
0d8c5369-3a4e-4b50-97fb-1d31fcafdf74,VN,VN-25,locality,,land,Xã Tân Lập,"[[""vi-Hani"", ""社新立""], [""vi"", ""Xã Tân Lập""], [""zh-Hans"", ""新立社""], [""lzh"", ""新立社""], [""zh-Hant"", ""新立社""], [""en"", ""Tân Lập Commune""], [""zh"", ""新立社""]]",True,True,106.66825103759766,16.507570266723633,106.75237274169922,16.64733123779297,7986c876-63e8-4f09-8700-aff03fab6f39
6be61865-4a83-4106-83e6-a2ce9cb2f862,VN,VN-68,locality,,land,Xã Thượng Cốc,"[[""en"", ""Thượng Cốc Commune""], [""vi"", ""Xã Thượng Cốc""]]",True,True,105.35153198242188,20.47652816772461,105.43086242675781,20.608020782470703,0b060932-d69e-455b-b6a5-43affcd9ae21
4f562a90-5b54-42e9-9c6d-5c475f468eb4,VN,VN-CT,locality,,land,Xã Đông Hiệp,,True,True,105.44137573242188,10.053382873535156,105.56419372558594,10.109248161315918,65c0d2c5-ed96-4243-9a4a-04a71425886a
3f5c3479-2722-44e6-930d-9b756e6b95bc,VN,VN-49,locality,,land,Xã Tân Long Hội,,True,True,106.0228042602539,10.105206489562988,106.1043930053711,10.173434257507324,8b79270e-6983-4c7b-9ebb-27d0148f9669
50d0757f-d90d-40e6-872d-cc624e6413cb,VN,VN-44,locality,,land,Xã Vĩnh Bình,"[[""zh-Hant"", ""永平社""], [""fa"", ""قصبه وین‌بین""], [""zh-Hans"", ""永平社""], [""zh"", ""永平社""]]",True,True,105.16632080078125,9.519266128540039,105.31285858154297,9.6842622756958,e05c34f7-a5da-4a1e-838d-a298ca5d0085
940f8121-6893-45f5-b5a6-b50eee3afe73,VN,VN-SG,locality,,land,Phường An Phú Đông,,True,True,106.6758041381836,10.83013916015625,106.71822357177734,10.904199600219727,5ef623b6-0262-4047-8a5a-d0a392fcd2e6
16668db1-4a31-4d20-9664-61d346ce6deb,VN,VN-CT,locality,,land,Phường Phú Lợi,,True,True,105.94499206542969,9.569621086120605,106.02545928955078,9.615211486816406,466cee66-8fe0-4a72-845b-495f59c082ec
c8ab6f1f-5c21-491c-b0e1-961406b3300c,VN,VN-45,locality,,land,Phường Đạo Thạnh,,True,True,106.33795166015625,10.34892749786377,106.37944793701172,10.404967308044434,b8013c7a-b075-4109-a0f9-deaa7ba480f8
6b914557-a987-45d0-b11a-ef10b7bc47de,VN,VN-18,locality,,land,Xã Thanh Lâm,"[[""en"", ""Thanh Lâm Commune""], [""vi"", ""Xã Thanh Lâm""]]",True,True,105.8523941040039,20.362789154052734,105.93677520751953,20.47124481201172,f473ee83-0f5b-4db4-bec5-1bf0251741f5
24bf101f-eb51-4c3b-b49d-34c9e273cffa,VN,VN-25,locality,,land,Xã Hiếu Giang,"[[""vi-Hani"", ""社孝江""], [""vi"", ""Xã Hiếu Giang""], [""zh-Hans"", ""孝江社""], [""lzh"", ""孝江社""], [""zh-Hant"", ""孝江社""], [""en"", ""Hiếu Giang Commune""], [""zh"", ""孝江社""]]",True,True,106.82950592041016,16.75027084350586,107.1031723022461,16.88470458984375,c93534ca-6e58-4167-b37e-1e5427674a48
d0870813-1ac9-478b-9b4c-373caa44b637,VN,VN-22,locality,,land,Xã Nghĩa Hưng,"[[""en"", ""Nghĩa Hưng Commune""], [""vi"", ""Xã Nghĩa Hưng""]]",True,True,105.30027770996094,19.273473739624023,105.4028091430664,19.38994598388672,42ad6dd1-e5f8-4963-abd8-991e5129675b
6fa324b4-1c5a-4bdb-b979-70ab3d1b06f8,VN,VN-21,locality,,land,Xã Yên Ninh,"[[""en"", ""Yên Ninh Commune""], [""vi"", ""Xã Yên Ninh""]]",True,True,105.55062866210938,19.95525360107422,105.61983489990234,20.006155014038086,db39a378-378c-41b1-a220-6f89907ea107
0a34f84f-0694-48d9-9169-4baed7cab693,VN,VN-68,locality,,land,Xã Ngọc Sơn,"[[""en"", ""Ngọc Sơn Commune""], [""vi"", ""Xã Ngọc Sơn""]]",True,True,105.25840759277344,20.372793197631836,105.45912170410156,20.476774215698242,c739761c-c05f-4760-b8f2-5e35af8c5505
203c5aab-13d4-4a59-8be6-706fe5b8ce82,VN,VN-18,locality,,land,Xã Gia Lâm,"[[""en"", ""Gia Lâm Commune""], [""vi"", ""Xã Gia Lâm""]]",True,True,105.7513656616211,20.363624572753906,105.82086944580078,20.4547119140625,c2136231-107d-4015-bcff-fa12bab3e5fa
bc8fe689-e79d-4752-971d-2958ff1fb1f6,VN,VN-21,locality,,land,Xã Hồ Vương,"[[""en"", ""Hồ Vương Commune""], [""vi"", ""Xã Hồ Vương""]]",True,True,105.97213745117188,19.998332977294922,106.03060150146484,20.054136276245117,bbd290e3-98f3-4913-9f4b-2f98833219c9
270de346-a408-4b80-89b3-8108c3943096,VN,VN-49,locality,,land,Xã Ngãi Tứ,,True,True,105.88247680664062,9.964719772338867,105.98454284667969,10.059259414672852,97cc81ac-197a-4379-8384-400806037563
36b339dd-c82b-4abd-91d4-61f9860d100b,VN,VN-45,locality,,land,Xã Mỹ Quí,,True,True,105.7189712524414,10.470133781433105,105.83192443847656,10.599925994873047,e9672f68-04a8-4923-b2b6-59fae1424537
ed91ec74-42d4-41ab-b005-9b313b2aaa92,VN,VN-SG,locality,,land,Xã An Long,,True,True,106.64370727539062,11.24890422821045,106.74057006835938,11.403069496154785,1355c854-fb07-4e4c-9412-f599c98bfd7a
7af20e7d-fc43-466a-935f-3017fcc502f0,VN,VN-35,locality,,land,Xã Di Linh,,True,True,107.96056365966797,11.409506797790527,108.1093978881836,11.685331344604492,2b4b5ba1-51ee-4fc1-9bb0-767813b00b68
229bad58-b981-46d5-a364-e611aaaea120,VN,VN-49,locality,,land,Phường Long Châu,,True,True,105.9181137084961,10.241069793701172,105.97858428955078,10.273564338684082,afa63787-b51c-4bdc-8ac0-a04962635938
1c70fc84-949d-48f2-ba90-bd500e5efcfa,VN,VN-35,locality,,land,Xã Trường Xuân,,True,True,107.54916381835938,12.042363166809082,107.74370574951172,12.253755569458008,a2ffb668-d0e8-4f4d-a574-dd5da54bf57e
da769919-cd34-4360-9c7c-0dc210bb4ef9,VN,VN-22,locality,,land,Xã Phúc Lộc,"[[""en"", ""Phúc Lộc Commune""], [""vi"", ""Xã Phúc Lộc""]]",True,True,105.48667907714844,18.75299072265625,105.5901107788086,18.86053466796875,34bccb89-5c9d-484b-a56a-0d0519d00c32
936464b7-1b1f-423a-94c0-8294d11bacab,VN,VN-49,locality,,land,Xã Quới Thiện,,True,True,106.17134857177734,10.049787521362305,106.2896499633789,10.176539421081543,878e2000-e113-45f7-8542-9d8fac256ea6
8f319254-c182-4038-81c1-a031d44d0c04,VN,VN-CT,locality,,land,Phường Vĩnh Phước,,True,True,105.8465805053711,9.26577377319336,105.97651672363281,9.375903129577637,c93be437-201e-44b7-8e47-1f53f834ecef
a83afcc5-e61d-44a9-b417-41c6221c317a,VN,VN-CT,locality,,land,Xã Ngọc Tố,,True,True,105.89187622070312,9.38642406463623,105.98419189453125,9.562267303466797,72be6d2f-7194-4cd4-a001-bccc531a09bc
835df88f-1179-4f23-863b-9b58841269b0,VN,VN-25,locality,,land,Xã Nam Cửa Việt,"[[""vi-Hani"", ""社南𨷶越""], [""vi"", ""Xã Nam Cửa Việt""], [""zh-Hans"", ""南𨷶越社""], [""lzh"", ""南𨷶越社""], [""zh-Hant"", ""南𨷶越社""], [""en"", ""Nam Cửa Việt Commune""], [""zh"", ""南𨷶越社""]]",True,True,107.14794921875,16.798152923583984,107.26802062988281,16.909883499145508,573c3cb8-2f9e-42ba-aaeb-e344033583de
17492ab6-382e-473c-9431-53cefc2e9d01,VN,VN-21,locality,,land,Xã Văn Phú,"[[""en"", ""Văn Phú Commune""], [""vi"", ""Xã Văn Phú""]]",True,True,105.00709533691406,20.1499080657959,105.1916732788086,20.297727584838867,f3a7b76c-304a-4be3-a973-1ae13e4836eb
35b3da51-55bf-4ec1-9f64-d199824e967a,VN,VN-SG,locality,,land,Phường Bà Rịa,,True,True,107.1640853881836,10.462709426879883,107.20502471923828,10.527018547058105,ded5327b-0e78-4106-bd61-37b74cc29cb4
f318e200-5cfe-4212-8f7d-0df5d514e036,VN,VN-29,locality,,land,Xã Tu Mơ Rông,,True,True,107.90193939208984,14.737626075744629,108.02999114990234,14.908435821533203,a3310ee3-74af-47ec-9a97-2f2b83447e31
9de0a6ce-3679-4610-b2d2-c7dda54cd6f4,VN,VN-44,locality,,land,Xã An Cư,,True,True,104.9520263671875,10.485489845275879,105.0809555053711,10.610932350158691,d463cc4a-3842-4339-bcd2-96186ae89b24
5a143ee7-c050-41d4-ba0e-8804bc2a102d,VN,VN-18,locality,,land,Xã Gia Tường,"[[""en"", ""Gia Tường Commune""], [""vi"", ""Xã Gia Tường""]]",True,True,105.75563049316406,20.313566207885742,105.8145751953125,20.38918113708496,fdd7a266-7526-4ac5-8cf8-e6049d04abbe
de600b1c-7fa7-4715-bd4d-6fda446a7686,VN,VN-37,locality,,land,Xã Tân Tập,,True,True,106.65788269042969,10.49638557434082,106.74725341796875,10.591289520263672,84bf4070-34e7-4551-a877-0f45c5ba7c03
438b1da4-830f-447b-bc17-ec31607a0900,VN,VN-18,locality,,land,Xã Kim Sơn,"[[""en"", ""Kim Sơn Commune""], [""de"", ""Gemeinde Kim Sơn""], [""vi"", ""Xã Kim Sơn""]]",True,True,106.09197235107422,20.060354232788086,106.14505767822266,20.149154663085938,aaafad91-4134-4354-99e2-1ca7d11034c0
9703a91a-7a16-42fe-b4dd-d73c3c3f8efc,VN,VN-SG,locality,,land,Phường Tam Long,,True,True,107.18141174316406,10.494725227355957,107.24727630615234,10.563197135925293,59dbd99d-f11b-48f3-8577-3c04e83c795f
48cfffbb-9486-4b99-8106-e68f09e94085,VN,VN-22,locality,,land,Xã Bạch Ngọc,"[[""en"", ""Bạch Ngọc Commune""], [""vi"", ""Xã Bạch Ngọc""]]",True,True,105.22509002685547,18.913667678833008,105.31391143798828,19.052156448364258,9e5251cc-d875-4b11-b5b2-ed84dbcba3ac
46d17214-0414-47e2-ba3e-f69e211d9d1b,VN,VN-SG,locality,,land,Phường Phú Lâm,,True,True,106.62312316894531,10.745108604431152,106.6397933959961,10.76203727722168,515a69bc-53ab-4a45-bfbe-3776a2712668
f4adfbd1-1cfc-41d6-8241-8eb4a6dd243f,VN,VN-37,locality,,land,Xã Tân Trụ,,True,True,106.45576477050781,10.487540245056152,106.5383071899414,10.561873435974121,ac6e78c2-9c4b-4cec-813f-61fc70e781c4
b9fe79d9-6f38-4c46-ae4b-5c5a93057dd5,VN,VN-45,microhood,,land,Quảng trường Lấp Vò,,True,True,105.50981903076172,10.35322380065918,105.51126861572266,10.354802131652832,2c0e18f1-5a06-4f36-825e-f064ff35d6ed
f24dfa21-6cc3-4c4a-99d2-c58c82ff62c0,VN,VN-37,locality,,land,Xã Bình Thành,,True,True,106.10661315917969,10.703368186950684,106.26618194580078,10.819436073303223,78557903-86d1-4288-9f0f-e9fd38de28fd
3c1ea1fd-83fd-4595-8b20-906d24e4fb2d,VN,VN-SG,locality,,land,Xã Hồ Tràm,,True,True,107.34100341796875,10.457234382629395,107.45769500732422,10.591550827026367,f2dd5566-2457-4bc2-a529-83e5bb869553
b924ea0c-8052-4394-b092-dc02089579c3,VN,VN-39,locality,,land,Xã Lộc Thạnh,,True,True,106.4115982055664,11.888120651245117,106.63136291503906,11.98926067352295,7d1cfc39-75da-4d4c-be37-cd0398397f5c
16b0c76a-5e00-4b22-9f69-014d031ed22f,VN,VN-22,locality,,land,Phường Thái Hòa,"[[""en"", ""Thái Hòa Ward""], [""vi"", ""Phường Thái Hòa""]]",True,True,105.39974212646484,19.245922088623047,105.45848846435547,19.360374450683594,7fe19e56-82bc-4966-b94c-2e6592c24b76
f07f7356-552f-48fe-b984-834239d4fd43,VN,VN-49,locality,,land,Xã An Ngãi Trung,,True,True,106.51127624511719,10.0579252243042,106.58247375488281,10.126338958740234,67d8c4c7-d6b4-44e9-b742-3130616f0259
4b570fbe-8bfc-4c4d-b37c-c496ec716d0e,VN,VN-37,locality,,land,Xã Tân Châu,,True,True,106.1129150390625,11.51860523223877,106.20801544189453,11.59332275390625,209a74fb-86f8-4083-bd68-3b545ef73e00
e1181834-64ef-4476-a752-8262a456de72,VN,VN-39,locality,,land,Xã Xuân Thành,,True,True,107.34386444091797,10.958645820617676,107.53533935546875,11.061383247375488,8d31c352-d7ba-4888-941c-91485d58d699
cf767a12-4880-40cf-a866-18560649aff8,VN,VN-44,locality,,land,Xã Sơn Kiên,"[[""zh-Hant"", ""山堅社""], [""fa"", ""قصبه سون‌کیئن""], [""zh-Hans"", ""山坚社""], [""zh"", ""山堅社""]]",True,True,104.92073059082031,10.092779159545898,105.09140014648438,10.302409172058105,fb80de24-0371-4e5b-8ae5-d22e6ebd45b5
522d6d00-d078-49f3-874c-bbc48f623d99,VN,VN-49,locality,,land,Xã Tân Lược,,True,True,105.68186950683594,10.118640899658203,105.787353515625,10.204950332641602,13bc077f-bb46-4e7e-a105-8be2390b86f7
f288b57f-b5d7-4318-8e76-5f062c68d6e3,VN,VN-66,locality,,land,Xã Hồng Vũ,"[[""en"", ""Hồng Vũ Commune""], [""vi"", ""Xã Hồng Vũ""]]",True,True,106.35739135742188,20.338069915771484,106.41120910644531,20.392107009887695,a7dcd88b-c736-4fb2-ab18-f20ad7844bdd
3c5713af-d864-4e72-ba9e-ae95a3a8745e,VN,VN-CT,locality,,land,Xã Nhơn Mỹ,,True,True,105.96806335449219,9.710678100585938,106.08036804199219,9.82066822052002,f59181dd-a860-4458-a31a-872c71113f50
8790401d-ae61-469e-8228-e820247410b7,VN,VN-35,locality,,land,Xã Hàm Liêm,,True,True,108.01834106445312,10.952428817749023,108.1463851928711,11.072320938110352,c8134cb7-df2c-4e79-aba8-e59bae70cd4b
5ce559c1-e558-4ea5-a320-de2af5e364f0,VN,VN-45,locality,,land,Xã An Hòa,,True,True,105.35550689697266,10.712420463562012,105.49776458740234,10.7901029586792,618a4ef9-47be-4a2b-84a6-530632f4a2a5
33df102c-f780-4eba-a5e2-6e5e33ff53f2,VN,VN-25,locality,,land,Xã Triệu Phong,"[[""vi-Hani"", ""社肇豐""], [""vi"", ""Xã Triệu Phong""], [""zh-Hans"", ""肇丰社""], [""lzh"", ""肇豐社""], [""zh-Hant"", ""肇豐社""], [""en"", ""Triệu Phong Commune""], [""zh"", ""肇豐社""]]",True,True,107.05504608154297,16.644975662231445,107.21797943115234,16.800443649291992,d17ed2d2-abff-47a4-80be-4cd989a29659
7a0e4c93-3797-4ea6-8c4f-4c6e5ce14bd0,VN,VN-22,locality,,land,Xã Kim Bảng,"[[""en"", ""Kim Bảng Commune""], [""vi"", ""Xã Kim Bảng""]]",True,True,105.18738555908203,18.58784294128418,105.4041519165039,18.73479461669922,8506cdf3-aa86-4ba5-9807-1766d761f1ba
9d438406-01f9-4c9a-a76e-c0ba0e3944d7,VN,VN-CT,locality,,land,Phường Thuận Hưng,,True,True,105.53118896484375,10.186971664428711,105.60148620605469,10.27281379699707,1c628402-7ba4-4421-8b8e-1d95a397d170
49bc5881-8a32-461f-b8aa-973ffcc87b53,VN,VN-37,locality,,land,Xã Hiệp Hòa,,True,True,106.30178833007812,10.862261772155762,106.38514709472656,10.970489501953125,472fc60e-afcc-46f9-87dd-00e55287ca94
1186a827-87e3-4f70-bd2c-caac012e6163,VN,VN-26,locality,,land,Phường Mỹ Thượng,"[[""vi-Hani"", ""坊美上""], [""vi"", ""Phường Mỹ Thượng""], [""zh-Hans"", ""美上坊""], [""lzh"", ""美上坊""], [""zh-Hant"", ""美上坊""], [""en"", ""Mỹ Thượng Ward""], [""zh"", ""美上坊""]]",True,True,107.58828735351562,16.476402282714844,107.66954040527344,16.53339958190918,52131675-d06b-484c-9b7d-b4e2a56fdd07
4e8126d1-a4f1-4db0-b3ca-649a64aedd5d,VN,VN-SG,locality,,land,Phường Bình Tiên,,True,True,106.63394927978516,10.733642578125,106.6550521850586,10.748756408691406,bba810f4-71cc-45fe-ba52-59871bbf7fe9
88d6c76d-fa25-4b88-a9e6-25dcb3bda121,VN,VN-22,locality,,land,Xã Quang Đồng,"[[""en"", ""Quang Đồng Commune""], [""vi"", ""Xã Quang Đồng""]]",True,True,105.3316650390625,18.97995948791504,105.44107055664062,19.108243942260742,50d44889-99d0-4b5b-be91-2fe8d14f373c
e9a19e5d-4425-4e83-8acc-b43f06c7df15,VN,VN-SG,microhood,,land,Quảng trường Tam Thắng,"[[""en"", ""Tam Thắng Square""]]",True,True,107.09513854980469,10.344222068786621,107.0982894897461,10.347535133361816,be2fe693-43bb-45f8-b283-c9ff7fef3bf1
f6d7f38a-05af-4036-8a0e-fd11b2882085,VN,VN-49,locality,,land,Xã Trung Hiệp,,True,True,106.07000732421875,10.077611923217773,106.17715454101562,10.14373779296875,96cf542e-5276-45d2-a882-fa52b4d905aa
73886bef-f44c-4d40-99b1-3344d486320b,VN,VN-35,locality,,land,Xã Bảo Lâm 4,,True,True,107.67105102539062,11.651365280151367,107.96759796142578,11.877552032470703,b90016ac-dde5-405c-a1e7-6ae12b9eb96e
f7f1038d-9950-4693-8179-76be1a52e6a3,VN,VN-23,locality,,land,Xã Đông Kinh,"[[""en"", ""Đông Kinh Commune""], [""vi"", ""Xã Đông Kinh""]]",True,True,105.77699279785156,18.39592933654785,105.84979248046875,18.465198516845703,1dd46dbe-657f-4221-a779-f2490b00c573
68fbbe85-d907-40dd-9106-59a5ab983ff1,VN,VN-18,locality,,land,Xã Yên Đồng,"[[""en"", ""Yên Đồng Commune""], [""vi"", ""Xã Yên Đồng""]]",True,True,106.01701354980469,20.216794967651367,106.08345031738281,20.282094955444336,526d0d7b-f963-445a-b489-b43ec09e68ee
2f599781-f224-4f24-b10d-553ead0793ae,VN,VN-18,locality,,land,Xã Xuân Trường,"[[""en"", ""Xuân Trường Commune""], [""de"", ""Gemeinde Xuân Trường""], [""vi"", ""Xã Xuân Trường""]]",True,True,106.29489135742188,20.217025756835938,106.36023712158203,20.31960105895996,a5e8c920-1b75-4485-b5f2-861bb6a614d4
435f4350-6b18-4a4f-8e16-3a27c13d2bc2,VN,VN-26,locality,,land,Phường Thanh Thủy,"[[""vi-Hani"", ""坊清水""], [""vi"", ""Phường Thanh Thủy""], [""zh-Hans"", ""清水坊""], [""lzh"", ""清水坊""], [""zh-Hant"", ""清水坊""], [""en"", ""Thanh Thủy Ward""], [""zh"", ""清水坊""]]",True,True,107.60765838623047,16.358152389526367,107.65689849853516,16.48977279663086,2a2d190d-5133-4443-b11f-16954fa058b3
1db0ebcd-b65c-49b2-a89b-c806aaa06f3b,VN,VN-21,locality,,land,Phường Ngọc Sơn,"[[""en"", ""Ngọc Sơn Ward""], [""de"", ""Stadtviertel Ngọc Sơn""], [""vi"", ""Phường Ngọc Sơn""]]",True,True,105.73902893066406,19.550365447998047,105.81700897216797,19.61754035949707,8b9d1416-910a-41c6-b732-18c6539489b6
3a1b624b-4d59-4a0e-b03d-93bd73d25f2d,VN,VN-45,locality,,land,Xã Vĩnh Bình,"[[""vi"", ""Vĩnh Bình""]]",True,True,106.51482391357422,10.319818496704102,106.62767791748047,10.375201225280762,60e1f6f6-54df-4212-b921-7e547049f5d3
5b0a3020-8012-489d-9efc-897f3294961a,VN,VN-68,locality,,land,Xã Vân Sơn,"[[""en"", ""Vân Sơn Commune""], [""vi"", ""Xã Vân Sơn""]]",True,True,105.11546325683594,20.450960159301758,105.30885314941406,20.633085250854492,7411877f-afec-4d83-a811-db251b2c30f8
197d915b-b561-4bb0-b872-6a63afbcb324,VN,VN-23,locality,,land,Xã Thạch Lạc,"[[""en"", ""Thạch Lạc Commune""], [""vi"", ""Xã Thạch Lạc""]]",True,True,105.91909790039062,18.315778732299805,105.9939956665039,18.3971004486084,c68e3b2f-7e31-4c12-bd13-648ad8b673c2
b1f5af9f-1f92-49aa-955c-711e1efd9442,VN,VN-18,locality,,land,Xã Gia Vân,"[[""en"", ""Gia Vân Commune""], [""vi"", ""Xã Gia Vân""]]",True,True,105.85765075683594,20.305156707763672,105.93087005615234,20.381393432617188,81bf8217-09d8-4b8a-afa1-5bfa202e4a20
ca0dfec0-6ed5-450c-aeab-f3478b90f073,VN,VN-23,locality,,land,Xã Kỳ Hoa,"[[""en"", ""Kỳ Hoa Commune""], [""vi"", ""Xã Kỳ Hoa""]]",True,True,106.20903015136719,17.970401763916016,106.29930877685547,18.087974548339844,a377e92e-6d6b-4b3c-8c24-616937f1435f
93e57f85-2812-441c-9a50-822d6240f702,VN,VN-35,locality,,land,Xã Nam Thành,,True,True,107.5176010131836,11.19511890411377,107.66278076171875,11.382894515991211,1bb66d6b-413d-4217-913a-4e51a0555408
0685d500-1d61-4705-9347-fe3d85573df9,VN,VN-22,locality,,land,Xã Giai Xuân,"[[""en"", ""Giai Xuân Commune""], [""vi"", ""Xã Giai Xuân""]]",True,True,105.11250305175781,19.12401008605957,105.27498626708984,19.227577209472656,a166a4f1-0a0a-43ab-97e5-58716fd3b522
754b598e-5235-4274-8275-cf637504fdaf,VN,VN-39,locality,,land,Phường Chơn Thành,,True,True,106.57213592529297,11.353748321533203,106.72114562988281,11.500931739807129,097a0d6b-e95d-49af-9080-5f9d42e25b7b
75e28666-7aa6-4236-b820-2513d8fe13e4,VN,VN-SG,microhood,,land,BT4,,True,True,106.65945434570312,10.872893333435059,106.66017150878906,10.873180389404297,cc172c1b-2f06-4005-9245-8b36a6d5a5d0
79f5b5bc-ec6e-42bc-92e6-0efc74fc35d4,VN,VN-37,locality,,land,Phường An Tịnh,,True,True,106.34557342529297,10.991596221923828,106.42744445800781,11.131288528442383,cfe269bc-c148-4d30-88a3-325ab6e74108
be7187f8-8ff4-4dfd-ad41-44ccd6f5fb17,VN,VN-22,locality,,land,Xã Yên Thành,"[[""en"", ""Yên Thành Commune""], [""vi"", ""Xã Yên Thành""]]",True,True,105.42562866210938,18.96685028076172,105.53231048583984,19.027679443359375,4d8c7f15-e9f3-49ec-86e5-e02a7954366b
6b345924-d466-44b6-8567-95f8204ba7e7,VN,VN-66,locality,,land,Xã Thái Ninh,"[[""en"", ""Thái Ninh Commune""], [""vi"", ""Xã Thái Ninh""]]",True,True,106.50098419189453,20.49853515625,106.58563232421875,20.55898094177246,6afa0696-8973-4200-9fd6-5bda98742597
53cc98ca-7b96-4a50-9ce2-79ad8ac001b0,VN,VN-45,locality,,land,Xã Long Bình,,True,True,106.60729217529297,10.27576732635498,106.68728637695312,10.34101390838623,40c4a798-c6f1-4905-8897-e8bd4b45e8cd
cf62bc71-96f1-4f06-b219-dd55097f5eeb,VN,VN-21,locality,,land,Xã Phú Xuân,"[[""en"", ""Phú Xuân Commune""], [""vi"", ""Xã Phú Xuân""]]",True,True,104.95982360839844,20.400495529174805,105.0908432006836,20.52421760559082,bab8ea25-d7bd-4ec5-be43-69905b6ce359
9f8b264f-3d01-43df-b3ab-ff9f9cba8314,VN,VN-21,locality,,land,Xã Yên Định,"[[""en"", ""Yên Định Commune""], [""vi"", ""Xã Yên Định""]]",True,True,105.61238861083984,19.934619903564453,105.67162322998047,20.010942459106445,ecdf5c38-95f5-46d0-bf4a-16b1b584f419
62eb448a-75cb-4cff-a7a0-29ebf8edf59f,VN,VN-SG,microhood,,land,Quảng trường 27 Tháng 4,"[[""en"", ""April 27th Square""], [""zh"", ""4月27日广场""], [""id"", ""Alun-alun 27 April""], [""ru"", ""Площадь 27 Априля""]]",True,True,107.18295288085938,10.495614051818848,107.1866226196289,10.498044967651367,c0641223-90ac-4b2f-b2ad-8fc36d4d23d4
e172abfd-b02d-4014-aec1-43c4bc2c3fe9,VN,VN-18,locality,,land,Xã Nam Hồng,"[[""en"", ""Nam Hồng Commune""], [""vi"", ""Xã Nam Hồng""]]",True,True,106.22763061523438,20.317607879638672,106.28652954101562,20.406278610229492,1d860a87-3908-4d02-9279-9fdf41a3fcc4
0d59a96a-063e-4170-82b5-be97ad211dad,VN,VN-37,locality,,land,Xã Thạnh Bình,,True,True,105.96127319335938,11.461874961853027,106.114990234375,11.616721153259277,df5f05a8-cb27-4d9d-83d0-09a77a44c8d9
38a4246b-9222-4466-ad59-e5c8cfffd145,VN,VN-23,locality,,land,Phường Hải Ninh,"[[""en"", ""Hải Ninh Ward""], [""vi"", ""Phường Hải Ninh""]]",True,True,106.2817153930664,18.07836151123047,106.37303924560547,18.156421661376953,6a9afcf7-eb2b-4fa5-9999-2af44048f6ee
d25b2964-6224-4d61-9c38-f3c8274b997d,VN,VN-SG,locality,,land,Phường Tân Thới Hiệp,,True,True,106.62483215332031,10.852242469787598,106.65088653564453,10.894579887390137,ae08e827-dc1f-4bd8-8153-dad4ea5d3c66
0a3a12c0-b12e-438c-b15a-24f5ac967976,VN,VN-29,locality,,land,Xã Sa Bình,,True,True,107.79454040527344,14.321417808532715,107.8876724243164,14.546858787536621,a4203032-cdf3-4cb1-809c-229d70829c1b
b0f1f582-e59d-44c2-a8d5-faea32010701,VN,VN-CT,locality,,land,Xã Vĩnh Thạnh,,True,True,105.3836441040039,10.162724494934082,105.4871826171875,10.265384674072266,d0d4e14b-f11f-4f33-b569-247ff0434bcd
555bb6f9-c561-4cc2-b6df-d4ff7531f4b4,VN,VN-22,locality,,land,Xã Mường Quàng,"[[""en"", ""Mường Quàng Commune""], [""vi"", ""Xã Mường Quàng""]]",True,True,104.6947250366211,19.412883758544922,105.00689697265625,19.623653411865234,a37313d6-9056-452c-8067-2ede3789d100
22a1e358-06d8-4599-953c-a97b493f7f72,VN,VN-18,locality,,land,Xã Tân Minh,"[[""en"", ""Tân Minh Commune""], [""vi"", ""Xã Tân Minh""]]",True,True,105.94213104248047,20.3539981842041,106.04747772216797,20.441696166992188,89112403-8c74-4da6-b449-4532e4da4159
71bde9e5-daef-4512-b9c4-a8810692bd3b,VN,VN-37,locality,,land,Xã Vĩnh Công,,True,True,106.41424560546875,10.466996192932129,106.47286224365234,10.5315523147583,995390aa-b26a-4e07-ae9f-a8489c45e320
ed60945c-1423-4082-8627-2656eef3f424,VN,VN-SG,locality,,land,Phường Long Nguyên,,True,True,106.50316619873047,11.073173522949219,106.59852600097656,11.262805938720703,b3fc75a0-8297-49f9-872a-bf3f9607cb43
23ec3914-f388-4ae2-9859-cbbdf0b42b26,VN,VN-18,locality,,land,Xã Bình Mỹ,"[[""en"", ""Bình Mỹ Commune""], [""vi"", ""Xã Bình Mỹ""]]",True,True,105.98079681396484,20.44715118408203,106.03730010986328,20.523794174194336,3e82608d-0652-42b2-90e8-bf58b5cd5217
f5fa1071-41e9-4e5d-b586-437abfd5fc86,VN,VN-SG,microhood,,land,Q,,True,True,106.63079071044922,10.750158309936523,106.6312484741211,10.750982284545898,a506f966-ff57-4b8d-b45f-1bdbac0f7b54
cfc34a38-b46a-46a0-9f46-205a75ea2de0,VN,VN-SG,locality,,land,Xã Long Sơn,,True,True,107.04074096679688,10.41376781463623,107.15525817871094,10.48418140411377,20b0039a-75ec-400e-acc6-719e9dd490c4
e44274d0-c365-4939-9b66-b24f7e163419,VN,VN-CT,locality,,land,Xã Vĩnh Viễn,,True,True,105.33799743652344,9.636487007141113,105.49712371826172,9.713393211364746,b6b0ed9f-6cc2-4227-82fe-a4af843c0348
d2be9dc7-65b1-4b0b-89e5-82e2512eb51c,VN,VN-45,locality,,land,Xã Tân Thới,,True,True,106.47662353515625,10.238142967224121,106.67596435546875,10.308588027954102,983a4f46-2ac2-4f4a-8233-4cdfdf219678
f67ef322-e785-42d8-b861-2f0c437dce0e,VN,VN-45,locality,,land,Xã Phú Thành,,True,True,106.57595825195312,10.327591896057129,106.65234375,10.426667213439941,0db3a2ef-e43d-4501-8b54-e3e4772b0f3d
a5a32318-7c90-4500-816c-8646a4169bc0,VN,VN-CT,locality,,land,Xã Kế Sách,,True,True,105.90154266357422,9.734859466552734,106.00173950195312,9.816246032714844,a7906c34-b690-48ca-8e23-c18b5667caee
49c5261d-57b9-46f2-8cd9-56a817d7c122,VN,VN-22,microhood,,land,Quảng trường Bình Minh,,True,True,105.72937774658203,18.79684066772461,105.7314224243164,18.799034118652344,d5ec296b-57f2-47e4-9ba5-97f105eedee1
724fe8fc-4932-422d-a1e5-226ae70b7924,VN,VN-22,locality,,land,Xã Mường Chọng,"[[""en"", ""Mường Chọng Commune""], [""vi"", ""Xã Mường Chọng""]]",True,True,104.97213745117188,19.16691780090332,105.17903137207031,19.302215576171875,17690f60-bcf1-47b9-a6e3-356f4480c4fe
162a8743-d8d2-446b-a50d-2127e887db55,VN,VN-SG,microhood,,land,J,,True,True,106.62813568115234,10.753949165344238,106.62897491455078,10.754663467407227,3f4009f1-749f-444c-b051-9b2ccb5564c4
d3b2d808-bc65-49f2-9bf4-8c0e5bb37a31,VN,VN-44,locality,,land,Xã Mỹ Đức,,True,True,105.10486602783203,10.60749340057373,105.2162857055664,10.703063011169434,916cfc24-cfe4-458c-be4f-fd7df42b506a
e57e2da9-996b-46ec-ad37-8318501eb4b2,VN,VN-SG,microhood,,land,C5,,True,True,106.6768569946289,10.85806655883789,106.67741394042969,10.858407974243164,3429c0fc-29a2-4da2-9b74-3d13cc4642e6
c57120d5-1d67-4ae7-a768-ad206d7290ac,VN,VN-59,locality,,land,Phường Hòa Thành,"[[""zh-Hant"", ""和城坊""], [""zh-Hans"", ""和城坊""], [""zh"", ""和城坊""]]",True,True,105.1490249633789,9.081940650939941,105.28043365478516,9.17512035369873,f3229c87-223c-4874-85a0-2e59ed5427cc
8c17d233-598d-4de3-b9dc-fc16b90ea785,VN,VN-25,locality,,land,Xã Tuyên Hóa,"[[""vi-Hani"", ""社宣化""], [""vi"", ""Xã Tuyên Hóa""], [""zh-Hans"", ""宣化社""], [""lzh"", ""宣化社""], [""zh-Hant"", ""宣化社""], [""en"", ""Tuyên Hóa Commune""], [""zh"", ""宣化社""]]",True,True,106.0993423461914,17.70969581604004,106.30340576171875,17.856042861938477,64de7e9b-8d09-4868-8389-61135e98e088
1e9df125-d7c3-4d3f-9d1f-8c6038843082,VN,VN-66,locality,,land,Xã Bình Định,"[[""en"", ""Bình Định Commune""], [""vi"", ""Xã Bình Định""]]",True,True,106.43283081054688,20.289051055908203,106.49207305908203,20.35090446472168,6f8b5286-4b3d-4f64-8aeb-304f0f1a2e59
69baa1e6-2a38-4d92-b4db-766f9c9d44c1,VN,VN-66,region,1,maritime,Tỉnh Hưng Yên,"[[""bs"", ""Provincija Hung Yen""], [""hr"", ""Provincija Hung Yen""], [""ar"", ""محافظة هونغ اين""], [""fr"", ""Province de Hưng Yên""], [""lv"", ""Hinjenas province""], [""uk"", ""Хинґ'єн""], [""pt-PT"", ""Província de Hung Yen""], [""pt"", ""Hung Yen""], [""cs"", ""Provincie Hưng Yên""], [""el"", ""Επαρχία Χουνγκ Γιέν""], [""it"", ""Provincia di Hung Yen""], [""ca"", ""Província de Hung Yen""], [""pt-BR"", ""Província de Hung Yen""], [""vi-Hani"", ""省興安""], [""vi"", ""Tỉnh Hưng Yên""], [""nl"", ""Hưng Yên""], [""zh-Hans"", ""兴安省""], [""bg"", ""Хунг Йен""], [""ko"", ""흥옌성""], [""et"", ""Hung Yeni provints""], [""de"", ""Hưng Yên""], [""ur"", ""ہونگ ین صوبہ""], [""ru"", ""Хынгйен""], [""th"", ""จังหวัดฮึงเอียน""], [""id"", ""Provinsi Hung Yen""], [""sr-Latn"", ""Hung Jen provincija""], [""sv"", ""Hung Yen""], [""tr"", ""Eyaleti Hưng Yên""], [""da"", ""Hưng Yên-provinsen""], [""sr-Cyrl"", ""Хинг Јен""], [""zh-Hant"", ""興安省""], [""en"", ""Hưng Yên Province""], [""he"", ""מחוז הונג ין""], [""sk"", ""Provincia Hung Yen""], [""es"", ""Hưng Yên""], [""sw"", ""Mkoa wa Hưng Yên""], [""ja"", ""フンイエン""], [""fi"", ""Hưng Yên""], [""ro"", ""Provincia Hưng Yên""], [""lt"", ""Hėngjeno provincija""], [""no"", ""Hưng Yên-provinsen""], [""sl"", ""Provinca Hung Yen""], [""fa"", ""استان هونگ ین""], [""mn"", ""Хыниэнь""], [""zh"", ""兴安省""], [""ms"", ""Provinsi Hưng Yên""], [""hu"", ""Hung Yen tartomány""], [""pl"", ""Prowincja Hưng Yên""]]",False,True,105.89532470703125,20.0771541595459,107.1192855834961,21.006990432739258,f76e51b9-9bab-4e2b-8ae5-86211f435fc0
fb692d8c-2ffb-4b11-b5d4-50528f02aa0c,VN,VN-21,locality,,land,Phường Đông Sơn,"[[""en"", ""Đông Sơn Ward""], [""de"", ""Stadtviertel Đông Sơn""], [""vi"", ""Phường Đông Sơn""]]",True,True,105.6473617553711,19.7874755859375,105.75816345214844,19.849977493286133,3f9e14a1-077b-4243-a7ce-d0a941f72bb8
f7e2443f-e033-4012-9e9b-f9f1ef6145f6,VN,VN-29,locality,,land,Xã Ya Ly,,True,True,107.67943572998047,14.202136993408203,107.85797119140625,14.389729499816895,92aaa304-2c54-4501-9005-4e7ac0047e09
7209020a-af15-40aa-bc63-ef9d4b7fc0af,VN,VN-18,locality,,land,Xã Yên Mô,"[[""en"", ""Yên Mô Commune""], [""vi"", ""Xã Yên Mô""]]",True,True,105.96698760986328,20.1308650970459,106.0430908203125,20.195587158203125,e3ac0b25-9fb4-4135-b0d3-9e4f9a90ee43
163da805-c270-4ef2-bacb-d28d1e938c53,VN,VN-44,locality,,land,Xã Bình Thạnh Đông,,True,True,105.2122802734375,10.552539825439453,105.31173706054688,10.650290489196777,16c157db-233e-4583-ab30-ca83bd14ed75
7e248c1f-602f-4af5-9289-58f1c490c1ef,VN,VN-CT,locality,,land,Xã An Lạc Thôn,,True,True,105.8577880859375,9.811347961425781,105.9655990600586,9.938067436218262,ac14f779-8ec5-47ab-9269-74a0205e453e
999253f7-c02c-43aa-93d4-76eeca7201e4,VN,VN-26,locality,,land,Phường Phong Dinh,"[[""vi-Hani"", ""坊豐營""], [""vi"", ""Phường Phong Dinh""], [""zh-Hans"", ""丰营坊""], [""lzh"", ""豐營坊""], [""zh-Hant"", ""豐營坊""], [""en"", ""Phong Dinh Ward""], [""zh"", ""豐營坊""]]",True,True,107.30670928955078,16.58758544921875,107.4207534790039,16.698747634887695,463833d5-e110-4b74-ad87-e10beca44c00
f42ee24b-73a7-42df-95c4-41837cb6cae9,VN,VN-SG,locality,,land,Xã Nghĩa Thành,,True,True,107.16785430908203,10.538139343261719,107.31087493896484,10.628287315368652,e4d935ce-fdf0-4231-8a55-b3e36d24fec3
cc670c34-c86c-4a97-bcc0-a2993ed3c221,VN,VN-37,locality,,land,Phường Hòa Thành,,True,True,106.08741760253906,11.228611946105957,106.1394271850586,11.288762092590332,b90f37f0-27e4-4af6-a455-1fea4ec28fe0
842803b1-0cbb-4ba3-a8cc-1f8279268a32,VN,VN-33,locality,,land,Xã Hòa Phú,,True,True,107.89205932617188,12.554079055786133,108.03666687011719,12.691554069519043,073e67f1-00ae-4d7c-a1dc-e283dec86ff7
dab35635-e7e8-466e-bf0e-08e47a25093c,VN,VN-39,locality,,land,Phường Đồng Xoài,,True,True,106.7551498413086,11.480860710144043,106.89321899414062,11.570008277893066,9f7a5a5b-8c9a-4fd6-8b89-f85dc6c46eb6
77ae4a30-343f-4982-a098-c358f8a06a84,VN,VN-37,locality,,land,Xã Phước Chỉ,,True,True,106.16365814208984,10.962846755981445,106.28689575195312,11.061205863952637,efaa5c75-86ca-4ccc-92c7-a673e684f0fa
5b89c5f0-ebec-4859-b9ad-14823388eedb,VN,VN-CT,locality,,land,Xã Hồ Đắc Kiện,,True,True,105.79898834228516,9.652368545532227,105.90373992919922,9.752584457397461,057d03ba-15dd-4cb4-bb76-17fdedfbcf22
263108e6-b6bd-4bc5-9e87-0d87462604c1,VN,VN-SG,locality,,land,Phường Long Trường,,True,True,106.78106689453125,10.759449005126953,106.84530639648438,10.827072143554688,1a2ce751-9550-4e4f-8131-2024d54d9c68
51af5863-fac4-4275-8c32-ccfa63427fc5,VN,VN-22,locality,,land,Xã Bình Chuẩn,"[[""en"", ""Bình Chuẩn Commune""], [""vi"", ""Xã Bình Chuẩn""]]",True,True,104.83858489990234,19.171220779418945,104.99998474121094,19.352279663085938,a93dbc4d-cc9e-4667-ac10-9e1fe4c6b1ba
c99cb317-f350-407f-8054-8a638ea8c368,VN,VN-18,locality,,land,Xã Nghĩa Lâm,"[[""en"", ""Nghĩa Lâm Commune""], [""vi"", ""Xã Nghĩa Lâm""]]",True,True,106.09517669677734,19.96902847290039,106.15623474121094,20.05594825744629,b71f2575-bd4c-40d4-b6cc-bae868ba26fe
824f0a8b-05fb-4273-b697-1f57b114da7a,VN,VN-22,locality,,land,Xã Văn Hiến,"[[""en"", ""Văn Hiến Commune""], [""vi"", ""Xã Văn Hiến""]]",True,True,105.34217071533203,18.842538833618164,105.46138000488281,18.932315826416016,5c7ab2de-94f4-4a61-a310-73a8ae5b9190
cf466a6c-a35c-4879-9541-d7b68e9a7aa0,VN,VN-SG,locality,,land,Phường Tân Khánh,,True,True,106.70307159423828,10.964615821838379,106.79639434814453,11.034039497375488,05983bc8-04e2-4072-b323-9e14dd037d8f
787197ef-c02a-4a2e-af6c-5b78ac197a29,VN,VN-37,locality,,land,Xã Tân Thạnh,,True,True,105.99213409423828,10.52286434173584,106.10256958007812,10.657745361328125,99434bb5-f507-4bcf-8369-ebbbd1aadabb
2617079c-81a9-4f61-80c5-d312e8c15470,VN,VN-CT,locality,,land,Phường Hưng Phú,,True,True,105.76691436767578,9.954353332519531,105.84547424316406,10.043472290039062,6a2b442a-22bc-4fdf-99e6-f3ae3f64138b
5e72c974-88c9-4a97-b909-6c33af3d598b,VN,VN-23,locality,,land,Xã Hà Linh,"[[""en"", ""Hà Linh Commune""], [""vi"", ""Xã Hà Linh""]]",True,True,105.58818054199219,18.26300621032715,105.76109313964844,18.393301010131836,7860b476-aca2-44ae-9a6e-4e5da1ea6f4c
f5744c8a-78ec-475d-8a33-ea66f04134ed,VN,VN-25,locality,,land,Xã Kim Ngân,"[[""vi-Hani"", ""社金銀""], [""vi"", ""Xã Kim Ngân""], [""zh-Hans"", ""金银社""], [""lzh"", ""金銀社""], [""zh-Hant"", ""金銀社""], [""en"", ""Kim Ngân Commune""], [""zh"", ""金銀社""]]",True,True,106.40205383300781,16.921024322509766,106.87772369384766,17.252866744995117,8a9589ba-99ea-4597-bec9-21980099e3b4
71e94cfa-04ba-40ce-9cd2-be8a4d0ebe62,VN,VN-44,locality,,land,Xã Tân An,,True,True,105.15655517578125,10.760143280029297,105.22455596923828,10.842846870422363,fadf4345-9834-40f2-9b03-da0e882ff539
64e2b086-cdca-478e-b0af-cf56789e925c,VN,VN-SG,locality,,land,Xã An Nhơn Tây,,True,True,106.4371109008789,11.043452262878418,106.53401184082031,11.160309791564941,089503b9-1055-40e9-bbc5-7810040dc32a
48f326dc-d103-4069-a1f9-8c534e2708e8,VN,VN-59,locality,,land,Xã Phước Long,"[[""zh-Hant"", ""福隆社""], [""zh-Hans"", ""福隆社""], [""zh"", ""福隆社""]]",True,True,105.4207534790039,9.3798189163208,105.54367065429688,9.492698669433594,02ceeced-f906-40b6-aef8-1754c41e648d
8c9e9e8f-e247-4f72-abae-3795fb8b4b7b,VN,VN-22,locality,,land,Xã Tri Lễ,"[[""en"", ""Tri Lễ Commune""], [""vi"", ""Xã Tri Lễ""]]",True,True,104.62781524658203,19.49932861328125,104.80612182617188,19.724245071411133,f66eba26-dc18-4c2e-a84c-79dcf0f4b54b
5e47ceb1-f294-4b07-bd85-65d740037fb7,VN,VN-18,locality,,land,Xã Liên Minh,"[[""en"", ""Liên Minh Commune""], [""vi"", ""Xã Liên Minh""]]",True,True,106.08995056152344,20.300762176513672,106.17002868652344,20.35326385498047,78134e18-12cc-40c7-9d1a-2c4bcf065253
01369ad3-4dc9-4a59-9e35-8a924add9478,VN,VN-CT,locality,,land,Xã Tân Long,,True,True,105.60103607177734,9.476497650146484,105.7386703491211,9.581974983215332,af63bcb0-cb5a-4a9c-94de-a88b923d67ce
982e9be8-2238-4c34-b3ea-3cbba2964226,VN,VN-66,locality,,land,Phường Thái Bình,"[[""en"", ""Thái Bình Ward""], [""vi"", ""Phường Thái Bình""]]",True,True,106.28545379638672,20.44645118713379,106.35234832763672,20.512693405151367,1c27c7d8-485c-4676-8fc0-b82a95f741bd
89357d44-a8db-4e03-9bc6-906713b272a9,VN,VN-SG,microhood,,land,B3,,True,True,106.67829895019531,10.859750747680664,106.6786880493164,10.860513687133789,8db5587a-c6b2-4f4d-8880-cee3bc096994
44b19032-843a-4927-8030-30d25df7a888,VN,VN-CT,locality,,land,Xã Vĩnh Hải,,True,True,106.07723999023438,9.322953224182129,106.18811798095703,9.421591758728027,26e09dc8-29d2-4860-8474-0f979161cf2d
5a572ce6-c928-4ff9-aa6e-59a8a16eb3bd,VN,VN-30,locality,,land,Xã Ia Pnôn,,True,True,107.56587982177734,13.618746757507324,107.68738555908203,13.799663543701172,bb783121-8bf3-4b3a-90d9-2fb24df2302a
78f3e89b-a5b7-44b2-9139-1e21b8a2294c,VN,VN-26,locality,,land,Phường Phong Điền,"[[""vi-Hani"", ""坊豐田""], [""vi"", ""Phường Phong Điền""], [""zh-Hans"", ""丰田坊""], [""ko"", ""퐁디엔""], [""lzh"", ""豐田坊""], [""zh-Hant"", ""豐田坊""], [""en"", ""Phong Điền Ward""], [""zh"", ""豐田坊""]]",True,True,107.05621337890625,16.345218658447266,107.39507293701172,16.615169525146484,4e9a2ed8-94c6-4752-8252-83eb37c576d7
ee865cdb-a7f9-4c16-aff8-28b0aa91ea08,VN,VN-49,locality,,land,Xã Trà Côn,,True,True,105.9398193359375,9.962117195129395,106.04415893554688,10.069931030273438,1dff4d0e-ddfd-4cc4-8c50-4d889aa99950
4090b25e-dc9f-48ab-bbab-98f7d7d918f0,VN,VN-35,locality,,land,Xã Suối Kiết,,True,True,107.50752258300781,10.907769203186035,107.871337890625,11.11865234375,3f9119c7-381f-4c0b-9f13-83cb4a652b63
efe0943f-0475-46e1-8e17-c76d867b7b4f,VN,VN-49,locality,,land,Xã Giao Long,,True,True,106.35794830322266,10.265263557434082,106.45170593261719,10.338135719299316,dd12dcdb-2f34-4180-908a-c064da1a7a6c
ef9a9978-9ea1-464f-9191-d701b501a0e3,VN,VN-CT,locality,,land,Xã Hòa An,,True,True,105.5889892578125,9.739997863769531,105.6945571899414,9.833808898925781,db1c71d4-004a-45d8-b807-b0462ed8f69d
a6ae6409-1a33-4644-a047-700915c2e222,VN,VN-22,locality,,land,Xã Quỳnh Thắng,"[[""en"", ""Quỳnh Thắng Commune""], [""vi"", ""Xã Quỳnh Thắng""]]",True,True,105.52959442138672,19.232179641723633,105.65386199951172,19.38329315185547,5a6ab5d9-5ad8-44d7-a794-03f9ef7940d1
1290184e-24aa-47ae-b07d-98cefd43ff86,VN,VN-SG,neighborhood,,land,Chung cư Trần Quang Diệu,"[[""simple"", ""Tran Quang Dieu apartment""]]",True,True,106.67842102050781,10.785083770751953,106.67926025390625,10.785828590393066,6555282c-196e-4f40-be41-322f06d4e1c3
d61f2191-1f51-4ca1-98e0-58570fb3923a,VN,VN-25,locality,,land,Xã Đakrông,"[[""en"", ""Đakrông Commune""], [""vi"", ""Xã Đakrông""]]",True,True,106.767822265625,16.450420379638672,107.06214141845703,16.707134246826172,404266c8-a485-4a1a-8f2d-1f2893f9a432
4d231aab-34be-4671-9dc4-c63a6eeae6ce,VN,VN-45,locality,,land,Phường Long Thuận,,True,True,106.67036437988281,10.345697402954102,106.71487426757812,10.379036903381348,d3feeb0f-cf64-4f0c-8a69-2270feefce23
da8a045c-f4a0-45d1-829a-a8f783a86e96,VN,VN-26,locality,,land,Xã Phú Vinh,"[[""vi-Hani"", ""社富榮""], [""vi"", ""Xã Phú Vinh""], [""zh-Hans"", ""富荣社""], [""lzh"", ""富榮社""], [""zh-Hant"", ""富榮社""], [""en"", ""Phú Vinh Commune""], [""zh"", ""富榮社""]]",True,True,107.69843292236328,16.395668029785156,107.84756469726562,16.524633407592773,a855a67c-4de1-4f92-bc4d-576fef3ea56a
44f8dd40-1929-4fc7-8c39-d92d3c176080,VN,VN-23,region,1,land,Tỉnh Hà Tĩnh,"[[""bs"", ""Provincija Ha Tinh""], [""hr"", ""Provincija Ha Tinh""], [""ar"", ""محافظة ها تنه""], [""fr"", ""Province de Hà Tĩnh""], [""lv"", ""Hatiņas province""], [""uk"", ""Хатінь""], [""pt-PT"", ""Província de Ha Tinh""], [""pt"", ""Hà Tĩnh""], [""cs"", ""Provincie Hà Tĩnh""], [""el"", ""Επαρχία Χα Τινχ""], [""it"", ""Provincia di Hà Tĩnh""], [""ca"", ""Província de Ha Tinh""], [""pt-BR"", ""Província de Ha Tinh""], [""vi-Hani"", ""省河靜""], [""vi"", ""Hà Tĩnh""], [""tg"", ""Вилояти Ха Тин""], [""nl"", ""Hà Tĩnh""], [""zh-Hans"", ""河静省""], [""bg"", ""Ха Тин""], [""ko"", ""하띤성""], [""et"", ""Ha Tinhi provints""], [""de"", ""Hà Tĩnh""], [""cv"", ""Хатинь провинцийĕ""], [""ur"", ""ہا تنہ صوبہ""], [""ru"", ""Хатинь""], [""th"", ""จังหวัดฮาทินห์""], [""id"", ""Provinsi Hà Tĩnh""], [""sr-Latn"", ""Ha Tin oblast""], [""sv"", ""Hà Tĩnh""], [""tr"", ""Eyaleti Hà Tĩnh""], [""da"", ""Hà Tĩnh-provinsen""], [""sr-Cyrl"", ""Ха Тињ""], [""zh-Hant"", ""河靜省""], [""en"", ""Hà Tĩnh Province""], [""he"", ""מחוז האטין""], [""sk"", ""Provincia Ha Tinh""], [""es"", ""Hà Tĩnh""], [""sw"", ""Mkoa wa Hà Tĩnh""], [""ja"", ""ハティン""], [""fi"", ""Hà Tĩnh""], [""ro"", ""Provincia Hà Tĩnh""], [""lt"", ""Hatinio provincija""], [""no"", ""Hà Tĩnh-provinsen""], [""sl"", ""Provinca Ha Tinh""], [""fa"", ""استان ها تین""], [""zh"", ""河静省""], [""ms"", ""Provinsi Hà Tĩnh""], [""hu"", ""Ha Tinh tartomány""], [""pl"", ""Prowincja Hà Tĩnh""]]",True,False,105.10345458984375,17.90960121154785,106.49628448486328,18.763774871826172,d96bec48-d10d-41d1-9948-67b36dfc94c6
1233badb-6e65-4c3a-9da4-9f16316f842b,VN,VN-37,locality,,land,Xã Bình Hòa,,True,True,105.95482635498047,10.713480949401855,106.11737823486328,10.83588695526123,afde3852-add9-46f0-af1c-d331d58c35e9
858995f8-63c8-47f4-b18e-67eae9d24b3d,VN,VN-45,locality,,land,Phường Mỹ Phong,,True,True,106.36441802978516,10.335672378540039,106.41366577148438,10.403374671936035,7a0e068d-f429-4248-aa3a-e816c4f0fa71
8395a03b-f4c3-4bdc-b6ce-bb8207cfdcc3,VN,VN-59,locality,,land,Xã Phong Thạnh,"[[""zh-Hant"", ""豐盛社""], [""zh-Hans"", ""豐盛社""], [""zh"", ""豐盛社""]]",True,True,105.23235321044922,9.174241065979004,105.40866088867188,9.303179740905762,ebd17368-5256-4996-8b20-b747af8d4782
55721af0-de35-4b6b-89b4-f66386fe3b0a,VN,VN-22,locality,,land,Xã Nghĩa Lâm,"[[""en"", ""Nghĩa Lâm Commune""], [""vi"", ""Xã Nghĩa Lâm""]]",True,True,105.36534118652344,19.374229431152344,105.55224609375,19.47272491455078,bbe08b3c-582a-45f0-8333-82dc893afba4
6075bb02-d688-4cf7-bc47-cf371816bb7d,VN,VN-25,locality,,land,Xã Ninh Châu,"[[""vi-Hani"", ""社寧州""], [""vi"", ""Xã Ninh Châu""], [""zh-Hans"", ""宁州社""], [""lzh"", ""寧州社""], [""zh-Hant"", ""寧州社""], [""en"", ""Ninh Châu Commune""], [""zh"", ""寧州社""]]",True,True,106.64105987548828,17.29163360595703,106.79540252685547,17.415937423706055,1035e77f-d555-4e8d-a034-803e31723a74
4b4f4e3f-342d-4fc6-8cf5-c2b34c131b8f,VN,VN-18,locality,,land,Xã Xuân Hồng,"[[""en"", ""Xuân Hồng Commune""], [""de"", ""Gemeinde Xuân Hồng""], [""vi"", ""Xã Xuân Hồng""]]",True,True,106.2960205078125,20.296140670776367,106.395263671875,20.377424240112305,ec482bd4-3997-4790-a801-755d3251374c
82b5ee48-4ecc-4602-82c4-15f6782fd4de,VN,VN-25,locality,,land,Phường Ba Đồn,"[[""vi-Hani"", ""坊𠀧屯""], [""vi"", ""Phường Ba Đồn""], [""zh-Hans"", ""𠀧屯坊""], [""lzh"", ""𠀧屯坊""], [""zh-Hant"", ""𠀧屯坊""], [""en"", ""Ba Đồn Ward""], [""zh"", ""𠀧屯坊""]]",True,True,106.34957885742188,17.741661071777344,106.4406967163086,17.796613693237305,c38edb88-c59c-4fb2-9b37-cc35f905a2e5
17042685-7635-45c7-99c6-9342e72ef871,VN,VN-21,locality,,land,Xã Thọ Lập,"[[""en"", ""Thọ Lập Commune""], [""vi"", ""Xã Thọ Lập""]]",True,True,105.41118621826172,19.92850112915039,105.49282836914062,20.006898880004883,0b459c96-9bfa-4741-a84a-2685eb5185ed
8e58d540-3550-4e5d-aa1b-4e189e2a7952,VN,VN-33,locality,,land,Xã Ia Lốp,,True,True,107.61475372314453,13.249046325683594,107.82653045654297,13.37832260131836,0a62c49d-72c4-4bf7-876b-1d6f39c114ac
8ba379f2-9427-47d9-8c16-d9e54836a8aa,VN,VN-49,locality,,land,Phường Tân Ngãi,,True,True,105.87747955322266,10.22070026397705,105.94164276123047,10.284672737121582,7a91f64e-df7d-4761-9e82-a897f5604c58
e466a504-1c44-4258-80dd-dc95e3e96685,VN,VN-22,locality,,land,Xã Đông Thành,"[[""en"", ""Đông Thành Commune""], [""vi"", ""Xã Đông Thành""]]",True,True,105.4915771484375,19.01618003845215,105.58013153076172,19.086755752563477,5be69091-8b21-408d-87a6-4b1c00016828
c9e41f4c-371f-438a-b3ac-3bc45b67044d,VN,VN-21,locality,,land,Xã Nga An,"[[""en"", ""Nga An Commune""], [""vi"", ""Xã Nga An""]]",True,True,105.9941635131836,20.016674041748047,106.0760726928711,20.068256378173828,8a462c55-0252-49f3-9e9c-c0af16492d6c
b61e3a0e-af40-45f9-95ce-6cb2ffc111dc,VN,VN-22,locality,,land,Xã Thiên Nhẫn,"[[""en"", ""Thiên Nhẫn Commune""], [""vi"", ""Xã Thiên Nhẫn""]]",True,True,105.4952621459961,18.55211639404297,105.61637878417969,18.64546775817871,5db92411-21cd-4711-adf6-f679ecf59824
fa20a0b3-299b-4b03-9830-88feb87f39cd,VN,VN-SG,locality,,land,Phường Bình Lợi Trung,,True,True,106.683837890625,10.8052396774292,106.71341705322266,10.8391752243042,ff100f59-925e-411f-998e-c80bc61899ce
0af9ffef-62eb-44d7-99da-db6c4607c37c,VN,VN-18,locality,,land,Xã Bình Giang,"[[""en"", ""Bình Giang Commune""], [""vi"", ""Xã Bình Giang""]]",True,True,106.06670379638672,20.455249786376953,106.1418685913086,20.52350616455078,f3be72bc-85ad-4b87-ba10-7cb71f818c54
0b8332a1-d722-4bde-9270-8b3d1a651ecd,VN,VN-68,locality,,land,Xã Lạc Lương,"[[""en"", ""Lạc Lương Commune""], [""vi"", ""Xã Lạc Lương""]]",True,True,105.54057312011719,20.408597946166992,105.69063568115234,20.549537658691406,bb6bf279-7680-4e1f-ae25-05098d3048d4
5073c12a-73b3-4f58-a09f-6275ba1ee182,VN,VN-49,locality,,land,Xã Thạnh Trị,,True,True,106.56321716308594,10.14011001586914,106.67900085449219,10.247299194335938,2be9b3ef-52a1-4b17-aa11-c6422e5eb388
19151349-dad9-4911-b7ae-61b3046a0455,VN,VN-44,locality,,land,Phường Tô Châu,"[[""zh-Hant"", ""蘇州坊""], [""fa"", ""ناحیه توچاو""], [""zh-Hans"", ""苏州坊""], [""zh"", ""蘇州坊""]]",True,True,104.47711181640625,10.242138862609863,104.61689758300781,10.382794380187988,02c09945-fb02-4576-9ce9-70e13ad67f9f
c31cc679-6564-44b1-9842-a45c4bdef461,VN,VN-21,locality,,land,Phường Bỉm Sơn,"[[""en"", ""Bỉm Sơn Ward""], [""vi"", ""Phường Bỉm Sơn""]]",True,True,105.85791015625,20.039575576782227,105.97144317626953,20.110916137695312,f0aa26ff-8cdb-49d7-814c-00b0dfed4bc6
984a0e3f-6a3a-4f74-ab62-187dc91e20e2,VN,VN-59,locality,,land,Xã Phú Tân,"[[""zh-Hant"", ""富新社""], [""fa"", ""قصبه فوتان""], [""zh-Hans"", ""富新社""], [""zh"", ""富新社""]]",True,True,104.79890441894531,8.868114471435547,104.89611053466797,8.991602897644043,12588c29-1bdf-4a11-9de3-dd41e99f613b
fe3ebcc9-37da-4f27-8930-e56029e023c4,VN,VN-18,locality,,land,Xã Hải Anh,"[[""en"", ""Hải Anh Commune""], [""de"", ""Gemeinde Hải Anh""], [""vi"", ""Xã Hải Anh""]]",True,True,106.23477172851562,20.135629653930664,106.28227996826172,20.25075340270996,fe200463-8f9c-430e-8f03-88bd82d88966
a2208ad6-ec46-4fdf-9620-965f9d1dda1a,VN,VN-45,locality,,land,Phường Mỹ Phước Tây,,True,True,106.09031677246094,10.404565811157227,106.14881896972656,10.500114440917969,4f8159b1-8b3a-4ba5-8ac8-dbd3fc9d9a24
e354bcd1-1f73-4888-8387-e11b62427ce8,VN,VN-37,locality,,land,Xã Vĩnh Châu B,,True,True,105.64677429199219,10.807953834533691,105.65137481689453,10.812231063842773,a0a9e28d-34e7-46aa-adb2-a3e9eb659109
be09b240-03af-4ada-948f-2f4bae86b355,VN,VN-SG,locality,,land,Phường Thuận Giao,,True,True,106.68924713134766,10.926858901977539,106.72745513916016,10.997493743896484,e100ee08-479a-4cd5-a185-1230a98e89ca
07dd8834-a1b1-4d74-aa5e-9b2c7651c1ea,VN,VN-18,locality,,land,Xã Hồng Phong,"[[""en"", ""Hồng Phong Commune""], [""vi"", ""Xã Hồng Phong""]]",True,True,106.14181518554688,20.059059143066406,106.2094955444336,20.110538482666016,cbe0a02a-7e5f-4f5f-8796-aaed6cb843cd
d80b7b9d-9566-49c2-9acc-a8f8588a234b,VN,VN-30,locality,,land,Xã Ia Tôr,,True,True,107.92373657226562,13.677200317382812,108.01848602294922,13.880806922912598,45a4d665-a20a-412b-8f96-83c6d5b68dbf
6c26618a-f6e6-4fa3-a8e3-2c91481d37f2,VN,VN-37,locality,,land,Xã Phước Vinh,,True,True,105.8743667602539,11.34626579284668,105.97911071777344,11.546876907348633,67148831-9c09-417a-9343-0e8e5bc584b5
cb3aae85-5a3f-4b16-9031-dfa125f3c81e,VN,VN-23,locality,,land,Phường Nam Hồng Lĩnh,"[[""en"", ""Nam Hồng Lĩnh Ward""], [""vi"", ""Phường Nam Hồng Lĩnh""]]",True,True,105.67671966552734,18.487499237060547,105.7659683227539,18.55620765686035,6db074d8-2451-4452-a877-9a11e56b695c
f70c966a-a5a2-4b0f-b1ab-0ff19712daa7,VN,VN-30,locality,,land,Xã Ia Ko,,True,True,107.91883087158203,13.480006217956543,108.09337615966797,13.710381507873535,247866d2-6ceb-4cd4-916a-2f1e8b8fdf8c
e8baa921-e469-4374-aa4e-686c2efdef5c,VN,VN-SG,locality,,land,Phường Long Phước,,True,True,106.80636596679688,10.764483451843262,106.88175964355469,10.841935157775879,53b51492-2820-4f55-863a-0e5f41f2f211
1e6562bf-e911-46cc-8bbb-374fc92a3f2b,VN,VN-21,locality,,land,Xã Linh Sơn,"[[""en"", ""Linh Sơn Commune""], [""vi"", ""Xã Linh Sơn""]]",True,True,105.12915802001953,20.059946060180664,105.27650451660156,20.167943954467773,3fbe50d5-b2f6-441b-a6ba-254ef084390a
f62ed391-5dae-4078-a1de-41cc159abfa8,VN,VN-DN,locality,,land,Xã Trà Linh,"[[""en"", ""Trà Linh Commune""], [""vi"", ""Xã Trà Linh""]]",True,True,107.95153045654297,14.951353073120117,108.16307067871094,15.095744132995605,32bf5c34-c4d5-47a1-bd7f-89401c5ddfbd
9d218586-7dea-43f6-b227-6e446966d915,VN,VN-CT,locality,,land,Xã Phú Lộc,,True,True,105.66529846191406,9.383590698242188,105.7716064453125,9.48680305480957,06fb4ac5-a253-4d93-aeb0-a6200b2cceec
89650dcf-1bdd-465b-b915-0207a0c4e9ca,VN,VN-49,locality,,land,Xã Phước Long,,True,True,106.36361694335938,10.100196838378906,106.4801025390625,10.176739692687988,274b065f-d1b9-4a8b-8be8-5ab6b43cdae3
0c39cf6e-bf8e-4784-9b26-49aadad4ead9,VN,VN-39,locality,,land,Phường Minh Hưng,,True,True,106.53885650634766,11.369836807250977,106.66583251953125,11.51939868927002,177e0d28-3743-4f82-ac3c-42a682fcc26d
33f4e31d-e31e-4c59-9722-8a2d3599e23c,VN,VN-26,locality,,land,Phường Phong Thái,"[[""vi-Hani"", ""坊豐泰""], [""vi"", ""Phường Phong Thái""], [""zh-Hans"", ""丰泰坊""], [""lzh"", ""豐泰坊""], [""zh-Hant"", ""豐泰坊""], [""en"", ""Phong Thái Ward""], [""zh"", ""豐泰坊""]]",True,True,107.2816162109375,16.3503475189209,107.47259521484375,16.6085262298584,9b4d8755-3cd2-46a1-937b-d3a3ee917a7e
7c995927-b102-4dc8-861c-a9f45c4bd94d,VN,VN-CT,locality,,land,Xã Đại Ngãi,,True,True,106.02741241455078,9.650811195373535,106.12149047851562,9.743019104003906,021d9ad5-db8a-4f4d-9b87-8f5cf095141a
89a6d479-b094-44ce-972a-3497fa8bbc06,VN,VN-SG,microhood,,land,BT1,,True,True,106.65853881835938,10.872411727905273,106.65934753417969,10.872804641723633,9000c5fe-51a8-4ea9-a873-de4583cf39ec
4589f7d2-f81a-41a0-8e01-0898ceb3a250,VN,VN-21,locality,,land,Xã Yên Nhân,"[[""en"", ""Yên Nhân Commune""], [""vi"", ""Xã Yên Nhân""]]",True,True,105.06531524658203,19.92045021057129,105.21341705322266,20.120088577270508,d24ce998-05da-4e62-bb0e-671d753dd186
06deda9d-b679-4983-9c22-44aed77897d6,VN,VN-35,locality,,land,Xã Phúc Thọ Lâm Hà,,True,True,107.97067260742188,11.702919006347656,108.19575500488281,11.867293357849121,b1ea203c-e377-4787-8571-7359c80658be
2f6e6b0e-2717-44f6-a06f-408b22c7fccc,VN,VN-21,locality,,land,Xã Pù Luông,"[[""en"", ""Pù Luông Commune""], [""vi"", ""Xã Pù Luông""]]",True,True,105.0691146850586,20.401777267456055,105.19965362548828,20.52960205078125,62d6e62f-c8cb-48ce-a823-208203eec231
3ac58ff6-4714-46ef-b99d-e6fd2e8f0365,VN,VN-SG,locality,,land,Xã Thái Mỹ,,True,True,106.35669708251953,10.962934494018555,106.45685577392578,11.109907150268555,ff4b5ee1-823d-421a-b4c1-096cd340d5d2
d18b6d8b-48c7-483d-8125-effd24c2d2c9,VN,VN-59,locality,,land,Phường Hiệp Thành,,True,True,105.70974731445312,9.197318077087402,105.82705688476562,9.301243782043457,04cb2800-6b68-4c40-a8bb-91657150c354
a8947a72-97ca-4989-888b-ae130d5981a6,VN,VN-39,locality,,land,Xã Minh Đức,,True,True,106.45299530029297,11.545856475830078,106.59673309326172,11.699017524719238,485b6f4d-fe00-44bb-a865-785b094ce5af
bde386b8-a6ed-47e7-97bb-0fc681dfa68f,VN,VN-68,locality,,land,Xã Lạc Sơn,"[[""en"", ""Lạc Sơn Commune""], [""vi"", ""Xã Lạc Sơn""]]",True,True,105.41765594482422,20.41844367980957,105.55009460449219,20.482234954833984,fe0e72cb-ab48-4e4e-be75-787bade944bc
ae6061e5-381e-4b6e-8899-db128fe1ebce,VN,VN-18,locality,,land,Phường Đông A,"[[""en"", ""Đông A Ward""], [""de"", ""Stadtviertel Đông A""], [""vi"", ""Phường Đông A""]]",True,True,106.10238647460938,20.412185668945312,106.16305541992188,20.499195098876953,863e3da3-b007-46a3-a7f6-5d85637c6674
b6ea0722-2a4b-410b-9ffb-6492b5ae4227,VN,VN-21,locality,,land,Lăn Trong,,True,True,105.17431640625,20.456682205200195,105.17628479003906,20.459518432617188,81d11937-62d0-4c8e-a614-88179225be0f
209a1623-a27d-45a9-88e9-becd3018bbe6,VN,VN-21,locality,,land,Lăn Trong,,True,True,105.17106628417969,20.45423126220703,105.17330932617188,20.456384658813477,b4d07c7c-08eb-44b4-a512-9cd6114313c4
d828756d-7c7a-46b3-8a2d-d20ba2108c3e,VN,VN-35,locality,,land,Xã Tân Lập,,True,True,107.69320678710938,10.791539192199707,107.89559173583984,10.920866966247559,01eba6d0-1ba3-4070-bfa1-f454c927a8aa
69174c45-efe1-4afa-bc27-d9ef11e9f6d7,VN,VN-44,locality,,land,Xã Bình Hòa,,True,True,105.29505920410156,10.426041603088379,105.38845825195312,10.504495620727539,b6384a6c-740b-4a8a-b40f-7ed11d42dff3
27422059-074e-40f5-a62d-af8b71084e95,VN,VN-SG,microhood,,land,O,,True,True,106.6303939819336,10.738686561584473,106.6308822631836,10.739720344543457,a1415d4e-c3e3-491f-8d5f-315f48a50e19
9067e23c-6384-4b24-b938-11c5eda28682,VN,VN-49,locality,,land,Phường Phú Khương,,True,True,106.36261749267578,10.190948486328125,106.43290710449219,10.264049530029297,d52de6cd-adc6-436d-98db-7b1d0647366e
c17871e5-7a57-469c-9d47-a01367090352,VN,VN-37,locality,,land,Xã Hưng Thuận,,True,True,106.32599639892578,11.083827018737793,106.448486328125,11.246670722961426,0348cffa-3ebf-4fa2-b0c6-5a32f3c13a1a
321008d8-dd27-4125-ba92-d89499a98866,VN,VN-SG,locality,,land,Phường Bình Phú,,True,True,106.62017059326172,10.726471900939941,106.64006805419922,10.749228477478027,925a28ff-d2f1-4a65-87aa-693702b5f557
2a5871ef-0d35-4bd1-a107-9e0615197e9f,VN,VN-23,locality,,land,Xã Kỳ Khang,"[[""en"", ""Kỳ Khang Commune""], [""vi"", ""Xã Kỳ Khang""]]",True,True,106.21949005126953,18.08591079711914,106.3121337890625,18.182262420654297,7fecb888-c558-4cbd-884d-e3740cb17b05
a550a433-53a6-4f62-9996-013a0e401905,VN,VN-21,locality,,land,Xã Yên Khương,"[[""en"", ""Yên Khương Commune""], [""vi"", ""Xã Yên Khương""]]",True,True,104.97208404541016,20.072519302368164,105.08073425292969,20.216196060180664,f3265000-3e4a-4b8e-b9f1-a8679349081e
89a206a4-46e7-4899-835a-5cf7c45ad73a,VN,VN-22,locality,,land,Phường Tây Hiếu,"[[""en"", ""Tây Hiếu Ward""], [""vi"", ""Phường Tây Hiếu""]]",True,True,105.34439086914062,19.24917221069336,105.43215942382812,19.344030380249023,58d9c53b-9d65-4cd0-bbf5-0ddb3d704321
bdf5ea4c-c196-4366-b411-6ed3b46fb836,VN,VN-SG,locality,,land,Phường Thủ Dầu Một,,True,True,106.6297378540039,10.939723014831543,106.68926239013672,10.997235298156738,9ebff1b9-fc14-48b5-b8c8-3c7140432d52
300cf549-a668-4d0f-b0ed-537f699981ef,VN,VN-21,locality,,land,Xã Thọ Phú,"[[""en"", ""Thọ Phú Commune""], [""vi"", ""Xã Thọ Phú""]]",True,True,105.53054809570312,19.816898345947266,105.60186767578125,19.891796112060547,3140cc7e-cf8b-4495-8075-2f72a2eaac87
70d873d6-cd10-4b52-a121-63b5eab53e54,VN,VN-DN,locality,,land,Xã Hiệp Đức,"[[""en"", ""Hiệp Đức Commune""], [""vi"", ""Xã Hiệp Đức""]]",True,True,107.94822692871094,15.498184204101562,108.15483093261719,15.643211364746094,bbb47546-e258-4444-9973-077375714594
dfb896ba-4903-4a86-b521-f1c49c02c1cc,VN,VN-18,locality,,land,Phường Trường Thi,"[[""en"", ""Trường Thi Ward""], [""de"", ""Stadtviertel Trường Thi""], [""vi"", ""Phường Trường Thi""]]",True,True,106.09675598144531,20.339853286743164,106.17100524902344,20.41883087158203,45b532ca-3d8b-4e6b-9a97-b3413d3fe366
f1e0e421-56c5-4433-86ee-9045b4e4003e,VN,VN-59,locality,,land,Xã Ninh Quới,"[[""zh-Hant"", ""寧貴社""], [""fa"", ""قصبه نین‌کووی""], [""zh-Hans"", ""宁贵社""], [""zh"", ""寧貴社""]]",True,True,105.48223114013672,9.450572967529297,105.55545043945312,9.597260475158691,e18f0d26-9e94-42d3-94f6-36a39386ac25
45435abf-4309-45f7-aaa3-f946f01ae477,VN,VN-21,locality,,land,Xã Quan Sơn,"[[""en"", ""Quan Sơn Commune""], [""vi"", ""Xã Quan Sơn""]]",True,True,104.83131408691406,20.229158401489258,105.0074462890625,20.32898712158203,ee17522c-5697-4fd6-b259-01fae2ee438e
fdc0c6a2-be41-4d96-98fc-daac2fce04fa,VN,VN-59,locality,,land,Xã Nguyễn Việt Khái,,True,True,104.8512191772461,8.812112808227539,105.0129623413086,8.932074546813965,04e9f130-983c-4501-9fab-a732107d9631
304bb2f9-82f8-4ae0-a4cf-15f48d75d22b,VN,VN-21,locality,,land,Phường Hạc Thành,"[[""en"", ""Hạc Thành Ward""], [""de"", ""Stadtviertel Hạc Thành""], [""vi"", ""Phường Hạc Thành""]]",True,True,105.75021362304688,19.762619018554688,105.8225326538086,19.83658790588379,91503f06-ade3-4901-aa3c-3c00bd4e4434
f33b0127-4fc3-4160-a3c7-c330ee93caa9,VN,VN-23,locality,,land,Xã Cổ Đạm,"[[""en"", ""Cổ Đạm Commune""], [""vi"", ""Xã Cổ Đạm""]]",True,True,105.76070404052734,18.52332878112793,105.86727142333984,18.62843132019043,45ffff57-0e5c-4f35-9c2b-4826106f86a7
09de6ed4-f8bb-44b5-aa0f-937cd63379c1,VN,VN-44,locality,,land,Xã Vĩnh Hòa,"[[""zh-Hant"", ""永和社""], [""fa"", ""قصبه وین‌هوا""], [""zh-Hans"", ""永和社""], [""zh"", ""永和社""]]",True,True,105.09194946289062,9.620811462402344,105.2482681274414,9.769292831420898,4149fbfe-98f7-41c6-bd78-422b3c3e60d1
913a109d-ce41-41bc-b4d9-b6e3e9b05ecc,VN,VN-18,locality,,land,Phường Hồng Quang,"[[""en"", ""Hồng Quang Ward""], [""vi"", ""Phường Hồng Quang""]]",True,True,106.15300750732422,20.349510192871094,106.23579406738281,20.405315399169922,fd91802c-11e8-44f1-83ed-13dbe6b5adea
f63d12cd-4119-4799-9ba5-745760bf3145,VN,VN-29,locality,,land,Xã Đăk Long,,True,True,107.46666717529297,14.862483978271484,107.66336822509766,15.051481246948242,257cc014-abaf-4dec-8bcf-9e2bbac7a367
45f0649d-162d-43ea-9426-315b0c84f967,VN,VN-44,locality,,land,Xã Nhơn Hội,,True,True,105.02847290039062,10.839574813842773,105.10426330566406,10.929431915283203,191a87a7-8e1e-4814-8846-2279821ceb44
06a3b45f-773c-4872-a259-879b76645fbc,VN,VN-44,locality,,land,Xã Tây Yên,"[[""zh-Hant"", ""西安社""], [""fa"", ""قصبه تای‌ین""], [""zh-Hans"", ""西安社""], [""zh"", ""西安社""]]",True,True,104.9793930053711,9.821375846862793,105.1141357421875,9.949544906616211,5e7c00d7-7e79-41b1-8eb9-fde0a570a779
e9112f1d-aca6-4a83-9721-43be0ddbb372,VN,VN-37,locality,,land,Xã Long Thuận,,True,True,106.0569839477539,11.071455001831055,106.14329528808594,11.176290512084961,9eaa0cc8-16e1-4e43-8292-1bac2a433397
6ab8bb76-4ea7-4992-ae6c-e770a7341b8d,VN,VN-49,locality,,land,Phường Đông Thành,,True,True,105.8228530883789,9.990388870239258,105.89759826660156,10.080970764160156,ff81c0f4-9d7e-428c-911c-340671c05a7b
7cfd11d1-2470-4fe5-9f5b-b3e1bb2d271c,VN,VN-22,locality,,land,Xã Quỳnh Anh,"[[""en"", ""Quỳnh Anh Commune""], [""vi"", ""Xã Quỳnh Anh""]]",True,True,105.66056823730469,19.12677001953125,105.73571014404297,19.193347930908203,f77b1808-fcfc-4eef-8195-700f78e2f8ad
20b8bdd7-9f7a-4066-98a6-c0a3e646e203,VN,VN-26,locality,,land,Phường Phú Xuân,"[[""vi-Hani"", ""坊富春""], [""vi"", ""Phường Phú Xuân""], [""zh-Hans"", ""富春坊""], [""lzh"", ""富春坊""], [""zh-Hant"", ""富春坊""], [""en"", ""Phú Xuân Ward""], [""zh"", ""富春坊""]]",True,True,107.55597686767578,16.459503173828125,107.59295654296875,16.499366760253906,abf28307-36cd-4533-8cc1-c4d0847fe332
f2b0a5d3-a0e1-4c74-8240-8417faf9e539,VN,VN-25,locality,,land,Xã Hướng Lập,"[[""vi-Hani"", ""社向立""], [""vi"", ""Xã Hướng Lập""], [""zh-Hans"", ""向立社""], [""lzh"", ""向立社""], [""zh-Hant"", ""向立社""], [""en"", ""Hướng Lập Commune""], [""zh"", ""向立社""]]",True,True,106.5142822265625,16.79583168029785,106.70243835449219,16.998239517211914,2afe3ca6-848d-4264-a567-79c8e0668f3d
41a63b41-0918-4d56-a0c7-739f80870cd3,VN,VN-18,locality,,land,Phường Châu Sơn,"[[""en"", ""Châu Sơn Ward""], [""vi"", ""Phường Châu Sơn""]]",True,True,105.86238861083984,20.484468460083008,105.91913604736328,20.53110694885254,5ec10f34-e409-4bbb-ad5f-d7088e65943e
b59f9f7e-9278-4927-8c06-289e1771f31a,VN,VN-23,locality,,land,Xã Thạch Hà,"[[""en"", ""Thạch Hà Commune""], [""vi"", ""Xã Thạch Hà""]]",True,True,105.82303619384766,18.341747283935547,105.88079071044922,18.433115005493164,18d5a645-1ef2-4299-b38b-eb65df7afbd9
429ccad0-5c8f-4f09-af9e-8efbb64dd014,VN,VN-21,locality,,land,Xã Nam Xuân,"[[""en"", ""Nam Xuân Commune""], [""vi"", ""Xã Nam Xuân""]]",True,True,104.89066314697266,20.333927154541016,105.07854461669922,20.476924896240234,8ae52544-90ee-481f-af23-5853e688ce06
3f9fa7d3-bb1b-463e-a7b7-7e4dc89dee36,VN,VN-37,locality,,land,Phường Gò Dầu,,True,True,106.25390625,11.040511131286621,106.34222412109375,11.105703353881836,9428ce8a-8979-484d-b508-88e50e7bc6f4
f8e0943c-3788-4cb8-af56-fccd9f0249ed,VN,VN-SG,locality,,land,Xã Đông Thạnh,,True,True,106.59803009033203,10.870336532592773,106.69278717041016,10.925885200500488,39d85f9f-43de-46d1-88ac-eacc2c5b8332
3e67ec83-ecae-469d-b90a-60c84cc78c6f,VN,VN-SG,microhood,,land,A,,True,True,106.62891387939453,10.754536628723145,106.63043212890625,10.755021095275879,5fda3cde-651a-4dc6-a614-df596c73a473
14687f45-5c79-4b48-a26c-2acfdaf4834a,VN,VN-21,locality,,land,Xã Xuân Thái,"[[""en"", ""Xuân Thái Commune""], [""vi"", ""Xã Xuân Thái""]]",True,True,105.44857788085938,19.463485717773438,105.57588195800781,19.61829948425293,4efcfb7c-546f-4b42-91a3-4196f25a820b
2600b2a5-2a52-40fe-b941-269dd699caf8,VN,VN-59,locality,,land,Xã Vĩnh Lộc,"[[""zh-Hant"", ""永祿社""], [""fa"", ""قصبه وین‌لوک""], [""zh-Hans"", ""永禄社""], [""zh"", ""永祿社""]]",True,True,105.28620147705078,9.516283988952637,105.42705535888672,9.637551307678223,5a6d82a0-ffb9-4993-b404-84f6bbfef357
3b1e8f42-8d05-418c-9307-3b2e77b5c690,VN,VN-CT,locality,,land,Xã Phú Tâm,,True,True,105.88655090332031,9.684080123901367,105.9974594116211,9.751964569091797,5a9daad6-cde4-49c5-bce2-585314f8db78
fb3dd124-8cd5-43c5-8b84-ca604fe67bf0,VN,VN-22,locality,,land,Xã Tiền Phong,"[[""en"", ""Tiền Phong Commune""], [""vi"", ""Xã Tiền Phong""]]",True,True,104.75697326660156,19.599079132080078,105.08364868164062,19.79134178161621,481e2fff-9947-410a-b880-19a10d1e2a55
94df8370-33aa-471f-9f80-1e2ae0aab19c,VN,VN-45,locality,,land,Xã Tân Long,,True,True,105.33869934082031,10.54982852935791,105.44615173339844,10.729681968688965,aef450b9-2793-4cf4-96e4-3567c0a87460
f3d8789e-88d8-43cd-87b2-b03297fc006b,VN,VN-21,locality,,land,Xã Luận Thành,"[[""en"", ""Luận Thành Commune""], [""vi"", ""Xã Luận Thành""]]",True,True,105.31031799316406,19.74928092956543,105.4552230834961,19.887924194335938,35ebaf4a-9ae7-40ec-99af-31bb5a0f2886
8fcd0fc5-0649-43e2-a335-5994adb7e6e3,VN,VN-18,locality,,land,Xã Thanh Liêm,"[[""en"", ""Thanh Liêm Commune""], [""vi"", ""Xã Thanh Liêm""]]",True,True,105.90690612792969,20.397619247436523,105.95482635498047,20.463796615600586,ac4362b5-71e4-4c34-8ad4-c326bc7acc6f
828970c9-8a21-4937-b0c5-1f54418afb10,VN,VN-49,locality,,land,Xã Mỹ Long,,True,True,106.46636199951172,9.721465110778809,106.54762268066406,9.848063468933105,12301584-bf3a-417a-810a-84cc3b536258
fba8d750-26cc-4476-993c-d39e4b6fde98,VN,VN-25,locality,,land,Xã Mỹ Thủy,"[[""vi-Hani"", ""社美水""], [""vi"", ""Xã Mỹ Thủy""], [""zh-Hans"", ""美水社""], [""lzh"", ""美水社""], [""zh-Hant"", ""美水社""], [""en"", ""Mỹ Thủy Commune""], [""zh"", ""美水社""]]",True,True,107.29207611083984,16.694543838500977,107.38911437988281,16.802431106567383,1d7fc9d0-9369-4830-a3e8-d9d5bd2f766f
718862a3-3aa8-44db-8fb2-fd2c5dbcd9c6,VN,VN-25,locality,,land,Xã Trường Sơn,"[[""vi-Hani"", ""社長山""], [""vi"", ""Xã Trường Sơn""], [""zh-Hans"", ""长山社""], [""lzh"", ""長山社""], [""zh-Hant"", ""長山社""], [""en"", ""Trường Sơn Commune""], [""zh"", ""長山社""]]",True,True,106.28728485107422,17.070846557617188,106.64198303222656,17.434898376464844,b0190827-2d7a-4ba3-a337-088b2d0d58b4
033e6f51-05e9-4e34-a0c6-d5219dcb8596,VN,VN-18,locality,,land,Xã Giao Minh,"[[""en"", ""Giao Minh Commune""], [""de"", ""Gemeinde Giao Minh""], [""vi"", ""Xã Giao Minh""]]",True,True,106.49156188964844,20.20098876953125,106.58475494384766,20.31649398803711,d40a3e22-bdba-4dfe-86e2-d24363d92b5c
f49e5f8f-c230-445b-86fe-e5b911703026,VN,VN-30,locality,,land,Xã Ia Púch,,True,True,107.57383728027344,13.53963565826416,107.79815673828125,13.706548690795898,bb6c7768-8095-4184-914d-26841477d198
e2a835c8-5444-45d4-aaec-2243b705d564,VN,VN-SG,locality,,land,Phường Tân Thành,,True,True,107.07058715820312,10.614738464355469,107.16807556152344,10.716838836669922,bb423484-52e9-4c8d-aa7f-4c94671d51b7
67fadfc9-8728-442a-96b1-5e6a0d506e1e,VN,VN-22,locality,,land,Xã Nghi Lộc,"[[""en"", ""Nghi Lộc Commune""], [""vi"", ""Xã Nghi Lộc""]]",True,True,105.61028289794922,18.718639373779297,105.67155456542969,18.80771827697754,2863131b-b710-4de5-9f3a-d36431c7f853
7a3f6f2f-6644-4825-838d-0e151a03ff84,VN,VN-SG,microhood,,land,E,,True,True,106.6291732788086,10.738466262817383,106.63024139404297,10.73911190032959,55a0156a-8b57-4fb6-9991-277418bef0df
e548acf6-706b-4c90-b91f-435bb7414547,VN,VN-SG,locality,,land,Xã Bình Khánh,,True,True,106.73845672607422,10.516459465026855,106.9365463256836,10.67426872253418,1a4fe531-0354-454c-8867-93dbea5be84b
c14c30c7-2f30-4f4e-bda9-4dbe3bdf0155,VN,VN-21,locality,,land,Phường Quang Trung,"[[""en"", ""Quang Trung Ward""], [""vi"", ""Phường Quang Trung""]]",True,True,105.83335876464844,20.052724838256836,105.90394592285156,20.133169174194336,a33efbad-0b02-4f20-851c-7753c939b5bc
907801e7-dc77-4abe-b2b9-f5f44ddd26be,VN,VN-22,locality,,land,Xã Quan Thành,"[[""en"", ""Quan Thành Commune""], [""vi"", ""Xã Quan Thành""]]",True,True,105.38782501220703,18.94407081604004,105.48055267333984,19.01162338256836,1d211942-47ba-4372-b27a-1fd7ed40c38c
81df1f4e-c9bd-4cd1-86ba-6609436a32ea,VN,VN-SG,microhood,,land,LK1,,True,True,106.65709686279297,10.871946334838867,106.65850830078125,10.872897148132324,a77715c0-e8bf-43fe-8343-3c3362541845
91ce13eb-ac74-4180-b413-5d309e9f63a1,VN,VN-37,locality,,land,Xã Long Cang,,True,True,106.482666015625,10.565498352050781,106.56145477294922,10.619112014770508,067a2b5e-82fe-4b19-840c-cace48e20699
cad3ec66-a18d-45ef-bf4b-6320dd7e243b,VN,VN-CT,locality,,land,Phường Tân An,,True,True,105.74378967285156,10.006089210510254,105.7740707397461,10.046329498291016,e9752e84-5776-45c1-b0ee-8313042da054
401917c2-3881-4edb-9ef0-b35e7937a197,VN,VN-DN,locality,,land,Xã Phước Trà,"[[""en"", ""Phước Trà Commune""], [""vi"", ""Xã Phước Trà""]]",True,True,107.96648406982422,15.391992568969727,108.1512222290039,15.5748872756958,27ebcb7c-1bae-4dfc-8bf5-9032e93ca723
f4890c82-061f-420a-9a20-e73b3db79a03,VN,VN-18,locality,,land,Xã Yên Từ,"[[""en"", ""Yên Từ Commune""], [""vi"", ""Xã Yên Từ""]]",True,True,106.02083587646484,20.0975399017334,106.07131958007812,20.174394607543945,92d416af-5f0f-4678-879e-486bd646ea5e
9b43fe2d-b402-49ef-a11b-5957812a5475,VN,VN-21,locality,,land,Xã Vân Du,"[[""en"", ""Vân Du Commune""], [""vi"", ""Xã Vân Du""]]",True,True,105.64991760253906,20.127639770507812,105.81507873535156,20.22422218322754,176063be-7c5d-488f-a820-ad312b3ac97f
158ab64d-2490-48d0-baf1-5a0d39ff7dc8,VN,VN-CT,locality,,land,Phường Ô Môn,,True,True,105.57888793945312,10.078510284423828,105.67240142822266,10.175119400024414,73be457c-5533-4505-85d4-cdac374cbed3
308a9712-96fb-4981-bc54-916232dc2e07,VN,VN-45,locality,,land,Phường Thới Sơn,,True,True,106.28754425048828,10.3192777633667,106.37476348876953,10.361510276794434,b8fd07f6-914e-4727-a590-ca38a6005694
5982bc82-47df-47e8-8763-940c33c858d6,VN,VN-SG,microhood,,land,K,,True,True,106.63045501708984,10.748605728149414,106.63136291503906,10.748939514160156,4a757763-0699-4a72-9987-cd5dfbe25b0b
07ab8e4e-0103-45df-9104-414e183521cf,VN,VN-59,locality,,land,Xã Quách Phẩm,"[[""zh-Hant"", ""郭品社""], [""fa"", ""قصبه کواچ‌فام""], [""zh-Hans"", ""郭品社""], [""zh"", ""郭品社""]]",True,True,105.04878234863281,8.84652328491211,105.1577377319336,8.9493408203125,f855d750-c597-468d-bc9c-08e4909e4fe4
0e3286fb-f650-433c-8d30-6727fa9d4a27,VN,VN-37,locality,,land,Xã An Ninh,,True,True,106.27082061767578,10.927395820617676,106.36186218261719,11.025775909423828,66b0ad35-670c-4ec8-9197-e88ade7a48f2
55d22ac0-ce81-4679-a3ec-aef437e169ce,VN,VN-29,locality,,land,Xã Đăk Rơ Wa,,True,True,107.93144226074219,14.228214263916016,108.08840942382812,14.408408164978027,cdf5086d-f406-4b16-8f80-3276a93b7f8c
b3bcc234-db60-4b4f-863f-ba765c162694,VN,VN-37,locality,,land,Phường Tân Ninh,,True,True,106.07593536376953,11.292228698730469,106.13278198242188,11.340909004211426,9bba79c4-35a3-43ba-a7b0-6f2a9745d397
14fb30c1-ca1f-4c1a-b8da-e4adbd32fa57,VN,VN-26,locality,,land,Xã Khe Tre,"[[""vi-Hani"", ""社溪椥""], [""vi"", ""Xã Khe Tre""], [""zh-Hans"", ""溪椥社""], [""ko"", ""케쩨""], [""lzh"", ""溪椥社""], [""zh-Hant"", ""溪椥社""], [""en"", ""Khe Tre Commune""], [""zh"", ""溪椥社""]]",True,True,107.6616439819336,16.042797088623047,107.87628173828125,16.24396514892578,2b01d1c1-e66c-42b2-a270-c65be63a9e15
8d9fceaf-858c-4797-af92-caff567d2855,VN,VN-37,locality,,land,Xã Cầu Khởi,,True,True,106.20928955078125,11.230938911437988,106.30168151855469,11.373239517211914,f876edbf-ba16-4983-9159-957781109e50
2ab35317-508b-476f-ab64-9dfc3bf06d9a,VN,VN-SG,microhood,,land,I,,True,True,106.62816619873047,10.753741264343262,106.62904357910156,10.754487037658691,bd40db74-f24b-4463-9f36-c034f357f5d1
4022c129-e17e-443d-9424-a9f2dbf2659e,VN,VN-18,locality,,land,Xã Đồng Thái,"[[""en"", ""Đồng Thái Commune""], [""vi"", ""Xã Đồng Thái""]]",True,True,105.92420959472656,20.065685272216797,106.01575469970703,20.137426376342773,7d0b0a88-1a05-4601-b5b1-15aa8ee8ad62
8abdd3c8-1d7a-41e1-ab14-dc96af1ab25d,VN,VN-SG,locality,,land,Phường Cát Lái,,True,True,106.74407958984375,10.742095947265625,106.81009674072266,10.78341293334961,956f7b3d-2665-43c7-9cf0-f1586008b46a
cd6541b2-c6c8-42b6-b459-8f3e783d5ed5,VN,VN-33,locality,,land,Xã Ea Súp,,True,True,107.68585968017578,12.961084365844727,108.04995727539062,13.171862602233887,9c87c78b-e97c-47c5-8f42-7bb00f6a6578
ccea9f67-2e1a-4803-81d2-ab7edfd33ccb,VN,VN-SG,locality,,land,Xã Minh Thạnh,,True,True,106.36421203613281,11.38622760772705,106.57318115234375,11.501588821411133,86456fb7-843e-4d52-9343-e42d448e38ef
dd8190f6-ae47-4ba8-be37-0ee8f7fca57f,VN,VN-CT,locality,,land,Xã Vị Thủy,,True,True,105.48921966552734,9.705499649047852,105.58103942871094,9.81716537475586,a237350a-564b-4fea-b3f7-a14211f7ffee
46ef7466-9bac-4d4a-bc4b-7851467d90f9,VN,VN-66,locality,,land,Phường Trà Lý,"[[""en"", ""Trà Lý Ward""], [""vi"", ""Phường Trà Lý""]]",True,True,106.33332824707031,20.449295043945312,106.37808227539062,20.51128387451172,bb30421b-316b-4bdb-ac8b-2d2e844b0bd8
84d39a40-fa9a-4f9c-ad58-d0fa33550448,VN,VN-44,locality,,land,Phường Thới Sơn,,True,True,104.9778060913086,10.58902359008789,105.06552124023438,10.676312446594238,dd56b3cb-b20d-46b9-842d-54cd15c1c56c
0d052e81-16bf-49d1-851f-c1903b731d0e,VN,VN-44,locality,,land,Xã Châu Phú,,True,True,105.11473846435547,10.436308860778809,105.2658920288086,10.587352752685547,5f1c56b3-f57e-40dc-adc3-d3e519bee9a6
70e47629-146a-4453-9e31-42d967ad44de,VN,VN-26,locality,,land,Phường Hóa Châu,"[[""vi-Hani"", ""坊化州""], [""vi"", ""Phường Hoá Châu""], [""zh-Hans"", ""化州坊""], [""lzh"", ""化州坊""], [""zh-Hant"", ""化州坊""], [""en"", ""Hóa Châu Ward""], [""zh"", ""化州坊""]]",True,True,107.54308319091797,16.484176635742188,107.63066101074219,16.586484909057617,73032493-9696-4555-a961-87e11b761c87
af401ad0-52fc-41c8-b09a-82d3ffa74f90,VN,VN-21,region,1,maritime,Tỉnh Thanh Hóa,"[[""bs"", ""Provincija Thanh Hoa""], [""hr"", ""Provincija Thanh Hoa""], [""ar"", ""مقاطعة ثانه هوا""], [""fr"", ""Province Thanh Hóa""], [""lv"", ""Thanh Hoa province""], [""uk"", ""Провінція Тханьхоа""], [""pt-PT"", ""Província de Thanh Hoa""], [""pt"", ""Província Thanh Hóa""], [""cs"", ""Provincie Thanh Hóa""], [""el"", ""Επαρχία Τχανχ Χόα""], [""it"", ""Provincia Thanh Hóa""], [""ca"", ""Província de Thanh Hoa""], [""pt-BR"", ""Província de Thanh Hoa""], [""vi"", ""Tỉnh Thanh Hóa""], [""nl"", ""Provincie van Thanh Hóa""], [""zh-Hans"", ""清化省""], [""bg"", ""Провинция Тан Хоа""], [""ko"", ""타인호아성""], [""et"", ""Thanh Hoa provints""], [""de"", ""Provinz Thanh Hóa""], [""ru"", ""Тханьхоа""], [""th"", ""จังหวัดธานห์โฮ""], [""id"", ""Provinsi Thanh Hóa""], [""sr-Latn"", ""Thanh Hoa provincija""], [""sv"", ""Thanh Hóa-provinsen""], [""tr"", ""Eyaleti Thanh Hóa""], [""da"", ""Thanh Hóa-provinsen""], [""zh-Hant"", ""清化省""], [""en"", ""Thanh Hóa Province""], [""he"", ""מחוז תאן הואה""], [""sk"", ""Provincia Thanh Hoa""], [""es"", ""Provincia Thanh Hóa""], [""ja"", ""タインホア""], [""fi"", ""Thanh Hoan maakunta""], [""ro"", ""Provincia Thanh Hóa""], [""lt"", ""Tanhojos provincija""], [""no"", ""Thanh Hóa-provinsen""], [""sl"", ""Provinca Thanh Hoa""], [""zh"", ""清化省""], [""ms"", ""Provinsi Thanh Hóa""], [""hu"", ""Thanh Hoa tartomány""], [""pl"", ""Prowincja Thanh Hóa""]]",False,True,104.37593841552734,19.18746566772461,106.26908874511719,20.66998863220215,147abde4-b58e-43d2-8045-ca8120888461
8c4073d2-204f-47bb-9260-c817e51007bf,VN,VN-18,locality,,land,Phường Nam Hoa Lư,"[[""en"", ""Nam Hoa Lư Ward""], [""vi"", ""Phường Nam Hoa Lư""]]",True,True,105.8775863647461,20.17226791381836,106.00079345703125,20.257381439208984,d12ad951-013c-4eb4-9bee-cba715d25fd0
8280ae97-f5b8-4c46-a47a-e73d55d33059,VN,VN-22,locality,,land,Xã Hải Châu,"[[""en"", ""Hải Châu Commune""], [""vi"", ""Xã Hải Châu""]]",True,True,105.60115814208984,18.9820499420166,105.65755462646484,19.10467529296875,c810324e-ff04-4373-9e73-2d7bb85a0b6b
a8a6c174-61cd-48a8-94cb-31440473c168,VN,VN-CT,locality,,land,Xã Lịch Hội Thượng,,True,True,106.12738037109375,9.401264190673828,106.17506408691406,9.534132957458496,1925abff-8e27-4376-a876-6251850ac2b3
35b06302-dfb5-4a35-ba4a-35e9a83596d9,VN,VN-45,locality,,land,Xã Tân Hồng,"[[""vi"", ""Tân Hồng""]]",True,True,105.37120056152344,10.814093589782715,105.51303100585938,10.93017864227295,d2992964-d77a-4713-9ab5-582eae6aa6bd
3e10e54a-2010-4c2b-b346-fe2c7b96fa50,VN,VN-SG,microhood,,land,R,,True,True,106.62958526611328,10.74040412902832,106.63159942626953,10.740973472595215,13c30446-ffb8-4144-87df-163fa2d37562
70d3d468-38e1-41b0-acdd-38a5c7770c7d,VN,VN-DN,locality,,land,Xã Quế Phước,"[[""en"", ""Quế Phước Commune""], [""vi"", ""Xã Quế Phước""]]",True,True,107.8374252319336,15.536670684814453,108.09973907470703,15.74593448638916,338640bb-2fc1-4ac6-ace6-a5ffe060286e
477e8323-dd41-4cca-b31a-56594bbac2ae,VN,VN-66,locality,,land,Xã Nam Thụy Anh,"[[""en"", ""Nam Thụy Anh Commune""], [""vi"", ""Xã Nam Thụy Anh""]]",True,True,106.43307495117188,20.531879425048828,106.48831176757812,20.57465362548828,4689cc43-5d57-43ef-b37d-69e71364eea9
b7ac518a-6e7a-4eb3-9bbc-2898be5eb0e4,VN,VN-25,locality,,land,Xã Hoàn Lão,"[[""vi-Hani"", ""社完老""], [""vi"", ""Xã Hoàn Lão""], [""zh-Hans"", ""完老社""], [""lzh"", ""完老社""], [""zh-Hant"", ""完老社""], [""en"", ""Hoàn Lão Commune""], [""zh"", ""完老社""]]",True,True,106.43482208251953,17.514251708984375,106.57920837402344,17.624935150146484,78222cc0-c865-4e11-992f-7475f4b7ec54
61bf42e0-8b21-4cc4-b836-91f66f5e67c8,VN,VN-49,locality,,land,Xã Nhị Long,,True,True,106.21684265136719,9.9698486328125,106.31973266601562,10.082234382629395,aa591707-b38a-4c32-bb66-85664635f123
f3b6a01a-e3e4-4c97-ac15-48cdb0635b83,VN,VN-18,locality,,land,Phường Thành Nam,"[[""en"", ""Thành Nam Ward""], [""vi"", ""Phường Thành Nam""]]",True,True,106.09339904785156,20.38158416748047,106.16465759277344,20.429811477661133,ef395a6f-df45-4454-b1d7-655f968ecc83
edb29162-69fe-42c9-91fa-821ed7d094ef,VN,VN-37,locality,,land,Xã Tân Tây,,True,True,106.19745635986328,10.579280853271484,106.33531951904297,10.685240745544434,8f92f00b-d423-4219-a921-abc1e7d9173d
f387d016-9d2a-41e2-b7a9-f9138292568b,VN,VN-21,locality,,land,Xã Triệu Sơn,"[[""en"", ""Triệu Sơn Commune""], [""vi"", ""Xã Triệu Sơn""]]",True,True,105.5709228515625,19.803592681884766,105.66336059570312,19.86634063720703,1e452939-8794-4900-81f8-a83b36ec394e
0ef6e1cb-8d8d-4716-9c2b-455e5af43a31,VN,VN-18,locality,,land,Xã Kim Đông,"[[""en"", ""Kim Đông Commune""], [""de"", ""Gemeinde Kim Đông""], [""vi"", ""Xã Kim Đông""]]",True,True,106.02445983886719,19.866737365722656,106.10748291015625,19.976396560668945,32c7896f-f2aa-4cb3-b002-2141ceaaa545
9e5261a6-ea11-4bc0-968e-30f0aa10ca86,VN,VN-23,locality,,land,Xã Thượng Đức,"[[""en"", ""Thượng Đức Commune""], [""vi"", ""Xã Thượng Đức""]]",True,True,105.51228332519531,18.361536026000977,105.63671112060547,18.429582595825195,d73d1ef9-94c5-486d-af67-a0ce89318749
940bfcdd-1a9d-4179-9eed-21c4f58656ce,VN,VN-45,locality,,land,Xã Lai Vung,"[[""vi"", ""Xã Lai Vung""], [""en"", ""Lai Vung""]]",True,True,105.49224090576172,10.23878002166748,105.63092803955078,10.34179973602295,f8b2efc0-92ba-4ddc-9c7e-40a9ed207e91
596ffa52-9129-4d3f-b432-c647ef6feaa4,VN,VN-25,locality,,land,Xã Quảng Ninh,"[[""vi-Hani"", ""社廣寧""], [""vi"", ""Xã Quảng Ninh""], [""zh-Hans"", ""广宁社""], [""lzh"", ""廣寧社""], [""zh-Hant"", ""廣寧社""], [""en"", ""Quảng Ninh Commune""], [""zh"", ""廣寧社""]]",True,True,106.5265884399414,17.344966888427734,106.70028686523438,17.436073303222656,41ba533e-62ac-487a-bd0f-256eb250bc1d
9f0a01b4-1cd0-4afe-b457-95758d128fcb,VN,VN-59,locality,,land,Xã Thanh Tùng,"[[""zh-Hant"", ""青松社""], [""fa"", ""قصبه تان‌تونگ""], [""zh-Hans"", ""青松社""], [""zh"", ""青松社""]]",True,True,105.10885620117188,8.8471040725708,105.24625396728516,8.928482055664062,d7a8ffa6-9761-492f-96af-937b5d83985a
311b1647-bf71-423c-9325-0ecb7847dd04,VN,VN-SG,region,1,land,Thành phố Hồ Chí Minh,"[[""bs"", ""Grad Ho Chi Minh""], [""hr"", ""Grad Ho Chi Minh""], [""ar"", ""مدينة هو تشي منه""], [""fr"", ""Hô Chi Minh-Ville""], [""lv"", ""Hošiminas pilsēta""], [""uk"", ""Хошімін""], [""pt-PT"", ""Cidade de Ho Chi Minh""], [""pt"", ""Cidade de Ho Chi Minh""], [""cs"", ""Ho Či Minovo Město""], [""el"", ""Ho Chi Minh City""], [""it"", ""Provincia di Ho Chi Minh""], [""ca"", ""Ciutat Ho Chi Minh""], [""pt-BR"", ""Cidade de Ho Chi Minh""], [""vi-Hani"", ""庯胡志明""], [""vi"", ""Thành phố Hồ Chí Minh""], [""nl"", ""Ho Chi Minhstad""], [""zh-Hans"", ""胡志明市""], [""bg"", ""Град Хо Ши Мин""], [""ko"", ""호치민시""], [""eo"", ""Ho-Chi-Minh-urbo""], [""et"", ""Ho Chi Minhi linn""], [""de"", ""Ho-Chi-Minh-Stadt""], [""ru"", ""Хошимин""], [""th"", ""นครโฮจิมินห์""], [""id"", ""Kota Ho Chi Minh""], [""sr-Latn"", ""Ho Či Min Siti""], [""sv"", ""Ho Chi Minh-staden""], [""tr"", ""Ho Chi Minh""], [""da"", ""Ho Chi Minh City""], [""sr-Cyrl"", ""Хо Ши Мин""], [""zh-Hant"", ""胡志明市""], [""en"", ""Ho Chi Minh City""], [""he"", ""הו צ'י מין סיטי""], [""sk"", ""Hočiminovo Mesto""], [""es"", ""Ciudad Ho Chi Minh""], [""ja"", ""ホーチミン市""], [""fi"", ""Ho Chi Minh City""], [""ro"", ""Ho Și Min""], [""lt"", ""Ho Či Minis""], [""no"", ""Ho Chi Minh by""], [""sl"", ""Ho Chi Minh City""], [""zh"", ""胡志明市""], [""ms"", ""Kota Ho Chi Minh""], [""hu"", ""Ho Chi Minh City""], [""pl"", ""Ho Chi Minh""]]",True,False,106.32733154296875,8.632556915283203,107.57196044921875,11.501588821411133,df139f72-4fd4-4eae-9967-c63100132528
87c03ab7-acf9-49a5-be6c-1fed2dd82988,VN,VN-30,locality,,land,Xã Chư Păh,,True,True,107.88531494140625,14.080327033996582,108.04586791992188,14.193339347839355,d1ae2a27-a3f2-4307-a28b-33581f58de60
435baca0-e906-49f2-881d-f6e66dc00c08,VN,VN-SG,locality,,land,Phường Tăng Nhơn Phú,,True,True,106.76904296875,10.814715385437012,106.81405639648438,10.87187385559082,77f869f2-ab74-4a12-8c8b-ca9a8277eb43
e66ca168-b3da-46c7-8578-0adb191a48ad,VN,VN-33,locality,,land,Xã Quảng Phú,,True,True,108.00520324707031,12.739936828613281,108.14542388916016,12.843239784240723,378a989f-4672-4a79-ab71-cb826c19b74e
9f31f6fd-bc4c-4651-a38a-6cb634667fbb,VN,VN-SG,microhood,,land,B4,,True,True,106.67875671386719,10.85971736907959,106.67912292480469,10.860280990600586,257b14ef-959a-4946-87e6-a41d69777937
f57339f7-8480-43e9-b5d0-930ed776fde6,VN,VN-35,locality,,land,Xã Cát Tiên,,True,True,107.34708404541016,11.51486587524414,107.45645141601562,11.660423278808594,502e9ec9-a013-43ea-b76c-2013bbd24671
c07de499-e2ab-4e95-bfb1-f5a552e0b150,VN,VN-22,locality,,land,Xã Hợp Minh,"[[""en"", ""Hợp Minh Commune""], [""vi"", ""Xã Hợp Minh""]]",True,True,105.45451354980469,18.875595092773438,105.52482604980469,18.984092712402344,c2fa33ef-8240-4f6e-940e-7e427c95b136
5aad6c5c-b2dc-4ede-b856-80e75bb9e679,VN,VN-21,locality,,land,Xã Hoạt Giang,"[[""en"", ""Hoạt Giang Commune""], [""vi"", ""Xã Hoạt Giang""]]",True,True,105.81739044189453,20.008102416992188,105.913818359375,20.05801010131836,69a8824d-4d06-4df6-8f86-037292c5da1c
4229935e-f1ce-45fd-bf7f-cb2dde555565,VN,VN-21,locality,,land,Phường Nam Sầm Sơn,"[[""en"", ""Nam Sầm Sơn Ward""], [""vi"", ""Phường Nam Sầm Sơn""]]",True,True,105.81450653076172,19.699594497680664,105.8800048828125,19.743728637695312,c7bed301-03bb-4cb6-b8eb-7a2125be9f42
8952a998-ba3f-40bd-85a1-888fd65dce18,VN,VN-45,locality,,land,Xã Mỹ Thành,,True,True,106.00054931640625,10.395072937011719,106.09272003173828,10.532365798950195,1b76a6a5-0411-4b86-bfc7-c80482945268
f3aeeddd-a11e-44da-ac58-5acee006f324,VN,VN-37,locality,,land,Xã Bình Đức,,True,True,106.37406158447266,10.589412689208984,106.48432922363281,10.69603443145752,41cfa8fe-3084-47ce-b337-1102c13deb0e
ecdecf6b-5653-4116-8f1f-8e5c025c626f,VN,VN-21,locality,,land,Xã Trung Chính,"[[""en"", ""Trung Chính Commune""], [""vi"", ""Xã Trung Chính""]]",True,True,105.62165832519531,19.686565399169922,105.72296905517578,19.75513458251953,717bb487-5c89-4a29-a28d-47d70e197b89
ea5583a7-9c7f-4b44-b340-bf9c62814f60,VN,VN-DN,locality,,land,Phường Liên Chiểu,"[[""en"", ""Liên Chiểu Ward""], [""vi"", ""Phường Liên Chiểu""]]",True,True,108.0398178100586,16.062082290649414,108.15577697753906,16.114835739135742,6a4e204e-67a9-401d-a82b-dd2d80efc9dd
db7c7d82-03f8-414f-9a5a-85824900e7e9,VN,VN-CT,locality,,land,Phường Ngã Bảy,,True,True,105.78199005126953,9.763266563415527,105.85342407226562,9.830221176147461,308a619b-c217-4d9a-bfd9-b1e3b7e46b29
ebe0e229-30d6-4d92-b02e-920e8ac54a65,VN,VN-SG,locality,,land,Xã Phước Hòa,,True,True,106.70428466796875,11.188345909118652,106.85445404052734,11.318753242492676,82ddb15c-4024-4a97-953e-96e60823ca3e
0ea2edc9-6cd6-4cd8-baad-7e86b0232b30,VN,VN-39,locality,,land,Xã Xuân Lộc,,True,True,107.28657531738281,10.852980613708496,107.48086547851562,11.004415512084961,65e11d96-4970-41ee-9927-f2e80c0d05c6
a54a3aa5-f276-4275-a1f4-3c17462f3764,VN,VN-68,locality,,land,Xã Nhân Nghĩa,"[[""en"", ""Nhân Nghĩa Commune""], [""vi"", ""Xã Nhân Nghĩa""]]",True,True,105.40431213378906,20.501861572265625,105.56076049804688,20.60590362548828,cf7b0a79-244e-4bca-819d-cc5732bebee1
3fa6ff0b-d4ea-44dc-a36f-2583b6c60de7,VN,VN-SG,locality,,land,Xã Phú Giáo,,True,True,106.7752685546875,11.230081558227539,106.95321655273438,11.384180068969727,2a877ad1-cdb6-4c2a-b06f-b10a9cf31117
fc5aa35f-42cd-4a9d-89ad-dcc155c49dae,VN,VN-59,locality,,land,Xã Hòa Bình,"[[""zh-Hant"", ""和平社""], [""zh-Hans"", ""和平社""], [""zh"", ""和平社""]]",True,True,105.54719543457031,9.199665069580078,105.70829772949219,9.341727256774902,14d44ec6-c300-4a9b-a0f2-e1bc6322f8bd
5d45aa38-52ab-4aec-a4c9-c8acac3c2e21,VN,VN-SG,locality,,land,Phường Bình Tây,,True,True,106.63674926757812,10.746644973754883,106.65382385253906,10.754711151123047,ac4f792f-ecb4-415a-97a1-38fd56c91ef8
84d0e74e-b36b-4fb3-939d-71c914460320,VN,VN-21,locality,,land,Xã Thanh Phong,"[[""en"", ""Thanh Phong Commune""], [""vi"", ""Xã Thanh Phong""]]",True,True,105.22441864013672,19.506725311279297,105.37764739990234,19.689956665039062,ad268c0e-dee3-4d73-b6b3-0500a4ca9b69
bb79219f-f216-4567-97a1-175b349e2f1d,VN,VN-45,locality,,land,Xã Phú Hựu,"[[""vi"", ""Phú Hựu""]]",True,True,105.7765121459961,10.185562133789062,105.91952514648438,10.298916816711426,33ba788a-ed17-422d-9d6f-6737e6af524f
c666cb7f-c38f-4d93-80ca-881966ef18b2,VN,VN-21,locality,,land,Xã Xuân Chinh,"[[""en"", ""Xuân Chinh Commune""], [""vi"", ""Xã Xuân Chinh""]]",True,True,105.1289291381836,19.71178436279297,105.29031372070312,19.862394332885742,fd1deb3a-9bc3-4b1c-a339-994e39d718c8
bedffec7-158f-4f43-b528-5863f8de063a,VN,VN-22,locality,,land,Xã Minh Hợp,"[[""en"", ""Minh Hợp Commune""], [""vi"", ""Xã Minh Hợp""]]",True,True,105.1679916381836,19.19411277770996,105.33356475830078,19.34943199157715,19ba6797-6ecc-44e2-9ba2-7e035fa984c4
f733a9c7-b417-4537-be25-98197bef64b0,VN,VN-25,locality,,land,Xã Bắc Trạch,"[[""vi-Hani"", ""社北澤""], [""vi"", ""Xã Bắc Trạch""], [""zh-Hans"", ""北泽社""], [""lzh"", ""北澤社""], [""zh-Hant"", ""北澤社""], [""en"", ""Bắc Trạch Commune""], [""zh"", ""北澤社""]]",True,True,106.33621978759766,17.640243530273438,106.5191650390625,17.726551055908203,ae05a971-db33-49f6-a301-1c0a076d2276
3f42303e-d309-4922-b8e7-46a2f9f1eb6b,VN,VN-21,locality,,land,Xã Thiết Ống,"[[""en"", ""Thiết Ống Commune""], [""vi"", ""Xã Thiết Ống""]]",True,True,105.11056518554688,20.211408615112305,105.24215698242188,20.34439468383789,cf492bd5-eaab-47f1-b876-cdc02b9189a6
33b489a6-4705-4138-9b96-b5a10dfcc5cd,VN,VN-23,locality,,land,Xã Đức Thịnh,"[[""en"", ""Đức Thịnh Commune""], [""vi"", ""Xã Đức Thịnh""]]",True,True,105.60026550292969,18.417736053466797,105.68761444091797,18.538578033447266,554332ec-13a4-46e0-99e0-21eb77e44265
352384c9-858e-4b8a-8b8b-926cdb997ccb,VN,VN-49,locality,,land,Phường Cái Vồn,,True,True,105.79541015625,9.964719772338867,105.91667175292969,10.070649147033691,673be2de-cbc1-4585-9ae6-46b95dacdfbd
98df2e23-80cc-416c-b35d-3a36dd2694a1,VN,VN-35,locality,,land,Xã Kiến Đức,,True,True,107.4538345336914,11.812935829162598,107.62881469726562,12.031606674194336,b250908c-3488-4892-aa25-a50456acc875
a1c87010-5151-4cfa-8c47-970c4bc75219,VN,VN-49,locality,,land,Xã Tiểu Cần,,True,True,106.13796997070312,9.788009643554688,106.21469116210938,9.89258098602295,60bbeac4-0be8-4b7d-9d24-bad66357452c
0e82b525-eb65-4ab0-bd87-5e4effbc6f26,VN,VN-49,locality,,land,Xã Cầu Ngang,,True,True,106.41345977783203,9.76362419128418,106.49092864990234,9.831572532653809,ea1566cd-ff4e-4094-9a00-c6b00c5a5899
c3e93fe9-8cae-4705-9bf5-a2c46f65df6b,VN,VN-22,locality,,land,Xã Hùng Chân,"[[""en"", ""Hùng Chân Commune""], [""vi"", ""Xã Hùng Chân""]]",True,True,104.81790161132812,19.32327651977539,105.12137603759766,19.55074691772461,9249f36b-bda7-47b1-9c0c-cfbc7968604c
4af0b41b-b66d-4697-9fc2-a974b326b3f1,VN,VN-39,locality,,land,Phường Phước Bình,,True,True,106.86302947998047,11.780364036560059,106.9906005859375,11.877299308776855,dcfea006-610a-4bd2-9b9b-08bd2530f9e8
57cc289b-d18e-4450-88ee-652198e4c428,VN,VN-45,locality,,land,Phường Trung An,,True,True,106.30524444580078,10.337447166442871,106.35110473632812,10.403196334838867,2d517a9d-bcc4-4d17-8fe4-3fd048d31eac
2e31283d-0525-4450-bf1e-e573c84421d8,VN,VN-22,locality,,land,Xã Quỳnh Tam,"[[""en"", ""Quỳnh Tam Commune""], [""vi"", ""Xã Quỳnh Tam""]]",True,True,105.43336486816406,19.13615608215332,105.6016616821289,19.269426345825195,f8f76ef4-f776-40b5-b4e5-94d7f803a73d
9bb1f671-e52a-4cfa-a1a5-25ca9e88ac91,VN,VN-59,locality,,land,Xã Vĩnh Hậu,"[[""zh-Hant"", ""永厚社""], [""fa"", ""قصبه وین‌هاو""], [""zh-Hans"", ""永厚社""], [""zh"", ""永厚社""]]",True,True,105.56398010253906,9.133822441101074,105.72955322265625,9.279064178466797,af849483-e157-4b32-a611-533cfb87a778
2877e19b-35b8-474b-b6a0-fea3915590ff,VN,VN-21,locality,,land,Xã Thiên Phủ,"[[""en"", ""Thiên Phủ Commune""], [""vi"", ""Xã Thiên Phủ""]]",True,True,104.80632781982422,20.301876068115234,104.97962951660156,20.42075538635254,b8224a9b-47c2-4790-81f0-3c73d7463565
5624e399-6978-40b3-a927-1ee45858ddce,VN,VN-SG,microhood,,land,M,,True,True,106.63057708740234,10.749119758605957,106.63201904296875,10.749593734741211,fc5236f3-5bdd-401c-8c05-faf7d6e540b4
5879af36-4a9a-4522-89e9-54f4653f4d6d,VN,VN-45,locality,,land,Phường Mỹ Tho,,True,True,106.35688018798828,10.335672378540039,106.3985595703125,10.36599063873291,be38e09a-1a25-4bb3-9f50-0e6452843adf
cfc23c22-fd7c-43a8-9c83-3643b998af9f,VN,VN-39,locality,,land,Phường Xuân Lập,"[[""ko"", ""쑤언럽""]]",True,True,107.15778350830078,10.878658294677734,107.23641967773438,10.94249153137207,c9bc5712-274e-4c42-a250-5cef74ee510a
ba0541a7-de70-4611-8896-0344332b377f,VN,VN-18,locality,,land,Xã Định Hóa,"[[""en"", ""Định Hóa Commune""], [""de"", ""Gemeinde Định Hóa""], [""vi"", ""Xã Định Hóa""]]",True,True,106.06121063232422,19.999784469604492,106.11341094970703,20.07293128967285,09a9bcec-efa4-4be0-b94e-69681749ba73
283440ad-635e-441e-be14-9ff5876431c4,VN,VN-49,locality,,land,Xã Phú Quới,,True,True,105.87017822265625,10.141165733337402,105.97535705566406,10.20535659790039,b4493ee9-eb99-49a7-8600-4ba71e4c9b2f
d455b323-9fdd-400e-aec1-bcd7d0679a2f,VN,VN-37,locality,,land,Xã Long Hựu,,True,True,106.65574645996094,10.438643455505371,106.74554443359375,10.514692306518555,3f1c0973-cf8e-4171-b106-dc30e9427000
dbb0e19d-6aea-47c0-8c26-c295ddfa2c28,VN,VN-33,locality,,land,Xã Ea Rốk,,True,True,107.74967193603516,13.140216827392578,108.00309753417969,13.400616645812988,d8eab080-fb4a-4e36-bf5c-56be37d2ee6b
3c15be99-1b29-4e97-8366-8b85787bb41d,VN,VN-21,locality,,land,Xã Thiệu Quang,"[[""en"", ""Thiệu Quang Commune""], [""vi"", ""Xã Thiệu Quang""]]",True,True,105.68975067138672,19.882328033447266,105.76753997802734,19.951335906982422,44f0f31f-fcfd-42c2-bd18-4e97047d9327
f8ffd246-242a-4ca8-8195-6fc2f3d08a42,VN,VN-21,locality,,land,Xã Quý Lương,"[[""en"", ""Quý Lương Commune""], [""vi"", ""Xã Quý Lương""]]",True,True,105.28531646728516,20.261859893798828,105.4296646118164,20.421194076538086,9e499910-a590-4ff8-9768-6aad19a4be64
2a62b79e-091b-4f1f-a1b2-3e47cb9f8b89,VN,VN-21,locality,,land,Xã Thọ Bình,"[[""en"", ""Thọ Bình Commune""], [""vi"", ""Xã Thọ Bình""]]",True,True,105.42611694335938,19.786130905151367,105.51788330078125,19.86715316772461,45c602cc-0cde-4b51-aa81-da179ce4adc3
6fe7e8f9-ff15-459e-bdb4-2d583714bc89,VN,VN-18,locality,,land,Phường Phủ Lý,"[[""en"", ""Phủ Lý Ward""], [""vi"", ""Phường Phủ Lý""]]",True,True,105.9093017578125,20.510793685913086,105.9510726928711,20.550552368164062,5695f15d-815f-466b-b4f0-7cf7dfeb8e27
2ec3e4ac-a6bf-4401-96ae-84b035b662b2,VN,VN-21,locality,,land,Xã Trung Lý,"[[""en"", ""Trung Lý Commune""], [""vi"", ""Xã Trung Lý""]]",True,True,104.66338348388672,20.420495986938477,104.87472534179688,20.582170486450195,db570446-3463-4b01-aa88-4f9f6618f060
23d81520-d2a9-4a90-99de-022f1501fb56,VN,VN-49,locality,,land,Xã Ngũ Lạc,,True,True,106.39459991455078,9.626327514648438,106.48037719726562,9.729697227478027,032fdc45-5c9c-46d4-81e3-2e291dc6af97
365dd3e5-0494-4faa-8ec6-d1bf56235e4f,VN,VN-39,locality,,land,Xã Xuân Đông,"[[""ko"", ""쑤언동""]]",True,True,107.28688049316406,10.760174751281738,107.42286682128906,10.852936744689941,e5e4f4c9-74c1-4502-a486-348151963708
e2da2faa-38a2-46b9-9d9d-c0029cee56bc,VN,VN-DN,locality,,land,Xã Trà Leng,"[[""en"", ""Trà Leng Commune""], [""vi"", ""Xã Trà Leng""]]",True,True,107.9268569946289,15.143303871154785,108.11267852783203,15.314308166503906,59b4d518-5525-4c0a-9110-93cab303011f
e851744d-98f7-4653-af37-b2ee1b717c18,VN,VN-39,microhood,,land,Quảng trường Aqua City,,True,True,106.86054229736328,10.84376049041748,106.86268615722656,10.845978736877441,265949f6-b0ba-487a-b2ec-75877c11e992
c99aa749-99db-4fff-a17f-83f9017c5fd8,VN,VN-66,locality,,land,Xã Đông Thái Ninh,"[[""en"", ""Đông Thái Ninh Commune""], [""vi"", ""Xã Đông Thái Ninh""]]",True,True,106.5082778930664,20.46373748779297,106.60549926757812,20.520116806030273,a96e34bc-e11f-42b3-86c1-ee3b9254f6f7
3def1792-fdb4-4f79-97ac-5698b013e9ac,VN,VN-21,locality,,land,Phường Đông Quang,"[[""en"", ""Đông Quang Ward""], [""de"", ""Stadtviertel Đông Quang""], [""vi"", ""Phường Đông Quang""]]",True,True,105.689453125,19.727100372314453,105.77635955810547,19.808210372924805,54bdf993-04bd-4a6f-898b-9de17fa75212
c3e2f881-b8e5-4986-a2e0-9e11034b701c,VN,VN-18,locality,,land,Xã Giao Thủy,"[[""en"", ""Giao Thủy Commune""], [""de"", ""Gemeinde Giao Thủy""], [""vi"", ""Xã Giao Thủy""]]",True,True,106.37074279785156,20.244491577148438,106.48153686523438,20.30034065246582,c0755246-2609-4319-ab71-0129038a006e
aceb350a-6004-433d-9a31-5c11702c3dc4,VN,VN-CT,locality,,land,Xã Trường Khánh,,True,True,105.98270416259766,9.648543357849121,106.06993103027344,9.73392391204834,a1883291-9d4d-432f-9ed3-0fcb87d5112c
2488f5a0-17f3-4d1c-9be5-d554a6591d50,VN,VN-44,locality,,land,Xã Đông Thái,"[[""zh-Hant"", ""東泰社""], [""fa"", ""قصبه دونگ‌تای""], [""zh-Hans"", ""东泰社""], [""zh"", ""東泰社""]]",True,True,104.91502380371094,9.705460548400879,105.09647369384766,9.878636360168457,236fabec-92c4-4a69-aff0-06f5a5b3a971
b8bad3cd-9e69-4017-951f-2e6b3049c874,VN,VN-21,locality,,land,Xã Cẩm Thủy,"[[""en"", ""Cẩm Thủy Commune""], [""vi"", ""Xã Cẩm Thủy""]]",True,True,105.43881225585938,20.139690399169922,105.55622100830078,20.236345291137695,0649ef6c-1d58-47ff-bd06-566a314cb289
d3dab907-f49e-47bf-8da1-3add64e0b156,VN,VN-44,locality,,land,Xã Thạnh Lộc,"[[""zh-Hant"", ""盛祿社""], [""fa"", ""قصبه تان‌لوک""], [""zh-Hans"", ""盛禄社""], [""zh"", ""盛祿社""]]",True,True,105.10611724853516,9.962066650390625,105.2242202758789,10.088953971862793,8b73a65b-89bd-467e-986c-f2b565ab4a0f
9e46477b-8c57-4a3c-886f-eb5cd4b914df,VN,VN-21,locality,,land,Xã Cẩm Tú,"[[""en"", ""Cẩm Tú Commune""], [""vi"", ""Xã Cẩm Tú""]]",True,True,105.36429595947266,20.205360412597656,105.51677703857422,20.336828231811523,70697d71-a7d9-459e-91ef-c14919c0c885
a64312d4-a1ad-41df-96b8-5fd16c3f9eaa,VN,VN-33,locality,,land,Xã Ea M'Droh,,True,True,107.91686248779297,12.784321784973145,108.02626037597656,12.937418937683105,0a7f712d-acc6-45a8-a55e-d62268d78d3e
26d1cecb-81d6-4559-9ffd-00ce433a7827,VN,VN-SG,locality,,land,Xã Cần Giờ,,True,True,106.85800170898438,10.35817813873291,106.9936294555664,10.532301902770996,58cedd44-75f3-4cc2-a508-53750527b7ab
856f64e0-4455-4b8a-affd-af85fc2494f4,VN,VN-23,locality,,land,Xã Mai Phụ,"[[""en"", ""Mai Phụ Commune""], [""vi"", ""Xã Mai Phụ""]]",True,True,105.84497833251953,18.406774520874023,105.92008972167969,18.472475051879883,b8b23261-7d5d-4815-9520-b32b9938213a
3ef4fd15-c7c5-4323-b8eb-a3784da0f159,VN,VN-26,locality,,land,Phường Kim Trà,"[[""vi-Hani"", ""坊金茶""], [""vi"", ""Phường Kim Trà""], [""zh-Hans"", ""金茶坊""], [""lzh"", ""金茶坊""], [""zh-Hant"", ""金茶坊""], [""en"", ""Kim Trà Ward""], [""zh"", ""金茶坊""]]",True,True,107.4580307006836,16.45107078552246,107.56232452392578,16.536598205566406,9fa18993-04e3-448b-b4a9-a049fd8786cf
227a337b-a409-4435-b2d8-8fdf40d899fb,VN,VN-CT,locality,,land,Phường Vĩnh Châu,,True,True,105.96966552734375,9.292383193969727,106.09794616699219,9.4080810546875,9e40496a-77d6-4f4a-9afa-f2e0126e5b44
33a8339f-7898-4fa6-aadb-8cc35e64ef7b,VN,VN-CT,locality,,land,Phường Bình Thủy,,True,True,105.72652435302734,10.045182228088379,105.7746353149414,10.098370552062988,4681030c-1d05-44a0-a3a4-34af0174c4ca
fef75d6a-b6be-4532-b108-5920adb7eb30,VN,VN-SG,microhood,,land,E,,True,True,106.630859375,10.748000144958496,106.63108825683594,10.748290061950684,cc13cd10-9583-45ef-958a-4ff36c633542
91efef07-572d-4922-ae17-79f8278b7cad,VN,VN-21,locality,,land,Xã Nhi Sơn,"[[""en"", ""Nhi Sơn Commune""], [""vi"", ""Xã Nhi Sơn""]]",True,True,104.59019470214844,20.446544647216797,104.67952728271484,20.511781692504883,081f2e41-b263-4a03-b1fd-e88af769ba25
871abb24-47a3-4a86-b3ea-d0674198bf5a,VN,VN-21,locality,,land,Xã Ngọc Lặc,"[[""en"", ""Ngọc Lặc Commune""], [""vi"", ""Xã Ngọc Lặc""]]",True,True,105.27228546142578,20.05768394470215,105.40025329589844,20.162372589111328,9525d01e-28fc-4537-bc90-a54c05482e93
9e680389-1b91-4067-a91a-e2caba395361,VN,VN-44,locality,,land,Đặc khu Kiên Hải,"[[""zh-Hant"", ""堅海特區""], [""zh-Hans"", ""坚海特区""], [""zh"", ""坚海特区""]]",True,True,104.34163665771484,9.630982398986816,104.85806274414062,9.977960586547852,1b0fa32a-7eb7-4146-bb06-e77bad86aa8d
b162ae6c-a4e8-4df2-9baf-2b4fb2b4a0f8,VN,VN-SG,locality,,land,Phường Bến Thành,,True,True,106.6844711303711,10.763282775878906,106.7027816772461,10.779580116271973,ced1bbc3-8453-4b76-bc11-bbea6c24db0c
fb7b6562-fb7d-49a0-87f0-5ab3a37dfe55,VN,VN-29,locality,,land,Phường Đăk Bla,,True,True,107.96980285644531,14.289837837219238,108.00312805175781,14.35647964477539,7d0a30a2-440b-4944-8af1-d771a5e60528
28862fe0-9a17-47f6-86fe-c0be26c0030e,VN,VN-37,locality,,land,Xã Long Chữ,,True,True,106.01473236083984,11.118999481201172,106.14864349365234,11.24870777130127,41e9e403-ca15-4cc9-8133-da89cf6c4d31
e21c4d2a-966d-4650-972f-b89257320ccd,VN,VN-25,locality,,land,Xã Cam Hồng,"[[""vi-Hani"", ""社甘洪""], [""vi"", ""Xã Cam Hồng""], [""zh-Hans"", ""甘洪社""], [""lzh"", ""甘洪社""], [""zh-Hant"", ""甘洪社""], [""en"", ""Cam Hồng Commune""], [""zh"", ""甘洪社""]]",True,True,106.71381378173828,17.218584060668945,106.88750457763672,17.333410263061523,dbc65c1d-faf9-47d9-9922-36dec488c3d0
e77d83af-98a8-46ee-9881-d8efd3b23a6c,VN,VN-21,locality,,land,Xã Mường Chanh,"[[""en"", ""Mường Chanh Commune""], [""vi"", ""Xã Mường Chanh""]]",True,True,104.4045181274414,20.36863899230957,104.52851104736328,20.43765640258789,5076350d-4ce1-48d9-ad85-b418c5aca981
6c5e1a61-c506-423a-9a66-c70a1e0f5126,VN,VN-39,locality,,land,Xã Bình An,,True,True,106.94252014160156,10.791260719299316,107.0855484008789,10.879056930541992,4aec72d1-88a7-4864-9481-5f5450faad8f
52c4c193-18be-4a6b-88e5-414d70fb3520,VN,VN-30,locality,,land,Xã Biển Hồ,,True,True,107.93740844726562,13.999883651733398,108.10975646972656,14.1786527633667,b12cacbb-9e37-4b93-8303-a2fcb6865241
f6b3756b-f523-443d-92ab-a6fcc61ace6f,VN,VN-21,locality,,land,Xã Như Thanh,"[[""en"", ""Như Thanh Commune""], [""vi"", ""Xã Như Thanh""]]",True,True,105.47846984863281,19.59661102294922,105.60848999023438,19.71529769897461,9f353197-9715-410c-8a22-259fecbd7b1a
12b764d6-4940-451b-a31e-b83b3e796073,VN,VN-29,locality,,land,Xã Mô Rai,,True,True,107.42015075683594,14.222504615783691,107.73982238769531,14.475610733032227,2756b72f-09a3-4c93-996d-c70258622f84
f303b361-dc0b-4dc0-be5c-d45187b0614f,VN,VN-29,locality,,land,Xã Ngọc Linh,,True,True,107.88258361816406,15.00046157836914,108.0048599243164,15.211893081665039,e7d369cb-4165-40d6-89eb-b75513a5dbda
c854cf4d-5c1c-4f5b-bf20-bbedf56deca8,VN,VN-21,locality,,land,Xã Lĩnh Toại,"[[""en"", ""Lĩnh Toại Commune""], [""vi"", ""Xã Lĩnh Toại""]]",True,True,105.85931396484375,19.960981369018555,105.92394256591797,20.038455963134766,5c1c1895-f9c4-4838-9e6a-38b424a56d6c
bb3d4901-2765-46cc-858b-6180dadad318,VN,VN-SG,microhood,,land,B7,,True,True,106.67765808105469,10.860159873962402,106.67820739746094,10.860566139221191,5fbc0d77-680b-465b-a32e-d9dfaef53cd0
5fa0ce9d-f036-472d-a154-a947a93b2e49,VN,VN-29,locality,,land,Xã Đăk Sao,,True,True,107.77494049072266,14.837565422058105,107.90967559814453,15.026206016540527,cff5a9d5-8e42-43d0-afbe-37ddc7a1e1f1
0e5831b6-71b2-4afc-b0dd-783f00856144,VN,VN-49,locality,,land,Xã Hòa Bình,,True,True,106.01600646972656,9.973947525024414,106.09637451171875,10.09313678741455,41d6b684-bddc-4531-a4bf-6789d3602baf
c1d14090-f821-4f02-801d-785ab2c0552e,VN,VN-39,locality,,land,Xã Xuân Phú,,True,True,107.29808044433594,10.846281051635742,107.41752624511719,10.936067581176758,56e67c85-de39-4cf8-ba16-643988ed9890
c9a3eb9a-a400-4a08-b514-b146294429cc,VN,VN-33,locality,,land,Phường Ea Kao,,True,True,108.01101684570312,12.553011894226074,108.08255004882812,12.666996002197266,bc7ba1a7-ffe4-40d8-bc2d-ae85395e4750
0a5f7cc6-ad6d-460b-96ed-a5222a7b4b84,VN,VN-49,locality,,land,Xã Bình Phước,,True,True,105.9986572265625,10.158151626586914,106.08113098144531,10.229767799377441,77ea45b8-3c5e-4dba-ad1c-b889ac923e53
c73abd94-f3ad-480e-b162-4ae9d905f8b7,VN,VN-21,locality,,land,Xã Hà Trung,"[[""en"", ""Hà Trung Commune""], [""vi"", ""Xã Hà Trung""]]",True,True,105.79242706298828,19.96709442138672,105.88787078857422,20.020944595336914,09346f60-ab67-410f-8010-f694fc1c00e0
b0262164-f7e2-459d-9cfe-4e2809aa0f71,VN,VN-CT,locality,,land,Phường Vị Tân,,True,True,105.40479278564453,9.754801750183105,105.50298309326172,9.825728416442871,972aef92-8266-4097-8856-33f966c949e1
47ffc47a-6017-44f1-8163-bcb78bbce885,VN,VN-SG,locality,,land,Xã Nhuận Đức,,True,True,106.43961334228516,10.986517906188965,106.55427551269531,11.074464797973633,b79013d9-f001-4dd5-af73-b02e151cadbd
5f60ce67-95d9-48ad-8560-2aad0e39edc3,VN,VN-66,locality,,land,Xã Tiền Hải,"[[""en"", ""Tiền Hải Commune""], [""vi"", ""Xã Tiền Hải""]]",True,True,106.46359252929688,20.385066986083984,106.53414154052734,20.45326042175293,ec463742-d9c7-490f-8736-9fe78b142ef4
79df4674-870a-4e80-8159-cb231ad557ed,VN,VN-49,locality,,land,Xã Thới Thuận,,True,True,106.68413543701172,10.027094841003418,106.79217529296875,10.187152862548828,49476ec6-8c4e-4f18-a02f-3d72f6fd3adc
e3675534-ac45-4404-991c-34b45a7b36f4,VN,VN-25,locality,,land,Xã Trường Ninh,"[[""vi-Hani"", ""社長寧""], [""vi"", ""Xã Trường Ninh""], [""zh-Hans"", ""长宁社""], [""lzh"", ""長寧社""], [""zh-Hant"", ""長寧社""], [""en"", ""Trường Ninh Commune""], [""zh"", ""長寧社""]]",True,True,106.6101303100586,17.23744010925293,106.71417999267578,17.34904670715332,b943ab7b-8d8a-49e3-801b-91f1523f821d
8dc2e61d-bd66-430f-b1b6-bb70d4332d7b,VN,VN-23,locality,,land,Xóm Ngâm,,True,True,106.45083618164062,17.99632453918457,106.4671859741211,18.00783348083496,150114f2-44e7-4711-aee1-611e45738a26
8dd0be3b-6353-4afc-93ee-0e39a254d7f3,VN,VN-SG,locality,,land,Phường Tân Phước,,True,True,106.99993133544922,10.465972900390625,107.11441040039062,10.590060234069824,fe853c83-4db1-4b2c-b5ee-99e50601d753
2cdd4a76-676a-4fdf-85b6-7af284f2be7d,VN,VN-SG,locality,,land,Phường An Đông,,True,True,106.66557312011719,10.748682975769043,106.6772689819336,10.7612886428833,42c222ff-404e-42da-a0ea-11332378cb8e
3fbd083a-7420-4a4b-9e2b-1241b93f1ae7,VN,VN-21,locality,,land,Xã Quý Lộc,"[[""en"", ""Quý Lộc Commune""], [""vi"", ""Xã Quý Lộc""]]",True,True,105.49848937988281,20.023025512695312,105.6131820678711,20.08664321899414,fbda0f21-30a6-4244-8207-ee8383571a2b
4a1df0db-64a7-4ab7-8c60-c4894aa04ded,VN,VN-30,locality,,land,Xã Ia Chia,,True,True,107.45423126220703,13.840795516967773,107.69741821289062,13.93929386138916,2f54f1d8-dc05-48a3-885c-349091a71f8d
40bbd66c-6415-483a-a92f-ac795f29b541,VN,VN-30,locality,,land,Xã Ia Dom,,True,True,107.45082092285156,13.756136894226074,107.6269760131836,13.862706184387207,922169ce-4841-4474-8e55-52e54f9e4bbd
15457f18-1d87-4ba0-9cd6-b907b68f644d,VN,VN-21,locality,,land,Xã Các Sơn,"[[""en"", ""Các Sơn Commune""], [""de"", ""Gemeinde Các Sơn""], [""vi"", ""Xã Các Sơn""]]",True,True,105.66532897949219,19.47616958618164,105.7691650390625,19.577245712280273,e2436ea8-935f-4f9d-9b98-998faefd71a0
a4c0c73f-0230-4ec6-8100-38b3f3c51387,VN,VN-39,locality,,land,Xã Phú Nghĩa,,True,True,106.89729309082031,11.835421562194824,107.15238189697266,12.010605812072754,0e7e3d48-663f-4181-9184-031aa1b65511
d152c910-d6aa-43ae-b73b-77bb35c24802,VN,VN-37,locality,,land,Xã Mỹ Lệ,,True,True,106.51564025878906,10.537267684936523,106.63406372070312,10.583559036254883,6071903e-d001-4d57-9592-f28c244c457b
f1a4b55c-9c41-457f-b6a7-901217ee7683,VN,VN-CT,locality,,land,Phường Trung Nhứt,,True,True,105.47691345214844,10.196024894714355,105.53941345214844,10.269607543945312,ff6f3309-c173-4e3b-a3dd-1d3cb9862a42
8251fa9f-0053-4e41-8b17-32cb59f5e1e0,VN,VN-22,locality,,land,Xã Quỳnh Sơn,"[[""en"", ""Quỳnh Sơn Commune""], [""vi"", ""Xã Quỳnh Sơn""]]",True,True,105.54740142822266,19.131568908691406,105.65103149414062,19.215431213378906,46c6186a-6f60-4d5a-baac-bde4370ee19a
449b74e2-1258-45c2-bdb2-a33badbf9953,VN,VN-35,locality,,land,Xã Đắk Song,,True,True,107.60003662109375,12.22778034210205,107.7875747680664,12.423113822937012,4180b8ba-226a-4dd4-b20d-7317592c3410
c758ccc5-a453-416b-a912-e2b53ea66ce5,VN,VN-DN,locality,,land,Xã Hòa Vang,"[[""en"", ""Hòa Vang Commune""], [""vi"", ""Xã Hòa Vang""]]",True,True,107.94920349121094,15.917989730834961,108.16310119628906,16.022634506225586,2b767ac4-6b32-4a46-af45-d87b26e09bbe
2d14890a-9319-41bc-afab-ce7e6fc35d1f,VN,VN-18,locality,,land,Phường Trung Sơn,"[[""en"", ""Trung Sơn Ward""], [""vi"", ""Phường Trung Sơn""]]",True,True,105.85659790039062,20.101821899414062,105.96853637695312,20.162059783935547,ed9185ba-a93c-4a01-ae9e-eca84d3ea8eb
9bd36788-631c-411a-9692-d0d64691ac2b,VN,VN-59,locality,,land,Xã Định Thành,"[[""zh-Hant"", ""定城社""], [""fa"", ""قصبه دین‌تان""], [""zh-Hans"", ""定城社""], [""zh"", ""定城社""]]",True,True,105.24500274658203,9.057483673095703,105.40399169921875,9.18480396270752,b41172f4-244e-4555-b1a1-d4912caadce4
817ca78c-562a-4a67-b933-570142c1e5a9,VN,VN-22,locality,,land,Xã Thành Bình Thọ,"[[""en"", ""Thành Bình Thọ Commune""], [""vi"", ""Xã Thành Bình Thọ""]]",True,True,104.97090148925781,19.021677017211914,105.09166717529297,19.174150466918945,3fb5a78c-889f-4d8e-84a1-d06c41b8df4e
bab88470-a7d4-4766-9fde-3139c2de2516,VN,VN-18,locality,,land,Xã Cát Thành,"[[""en"", ""Cát Thành Commune""], [""vi"", ""Xã Cát Thành""]]",True,True,106.24188995361328,20.237091064453125,106.32525634765625,20.28289031982422,79744f08-4b70-45d6-88ec-767568e8d00a
d5ca3ad1-31eb-493f-8272-3de343c4a207,VN,VN-25,locality,,land,Xã Hòa Trạch,"[[""vi-Hani"", ""社和澤""], [""vi"", ""Xã Hòa Trạch""], [""zh-Hans"", ""和泽社""], [""lzh"", ""和澤社""], [""zh-Hant"", ""和澤社""], [""en"", ""Hòa Trạch Commune""], [""zh"", ""和澤社""]]",True,True,106.31869506835938,17.84617042541504,106.45452117919922,17.91957664489746,2c5f7b72-26ea-4f09-98b0-504e55694c24
afcc1f83-4a0c-434a-a562-b5b83eb43830,VN,VN-SG,microhood,,land,N,,True,True,106.63055419921875,10.74931526184082,106.63204193115234,10.749756813049316,4b010b19-8649-45bd-832b-21e3f35160b6
be133564-99ca-4a36-92f7-278c4e0c4126,VN,VN-35,locality,,land,Xã Tân Hải,,True,True,107.77536010742188,10.693943977355957,107.88700103759766,10.79635238647461,a640b099-f676-4069-b2d4-ff7be97ef840
b75738e0-393a-4762-a60e-4d4b76ba8479,VN,VN-29,locality,,land,Xã Ngọk Bay,,True,True,107.8616943359375,14.35339641571045,107.99237823486328,14.436697959899902,52bb79bc-0d25-43d4-af91-dbd1b3f03601
80fd667a-d046-4f0b-8672-c322b5722c40,VN,VN-45,locality,,land,Phường Thanh Hòa,,True,True,106.08405303955078,10.37504768371582,106.12000274658203,10.467937469482422,9a5b5de1-cb5c-4ecb-9617-82b2f25ad24c
d0d9f849-4cc3-41ea-8318-f64c6a536a81,VN,VN-25,locality,,land,Xã Thượng Trạch,"[[""vi-Hani"", ""社上澤""], [""vi"", ""Xã Thượng Trạch""], [""zh-Hans"", ""上泽社""], [""lzh"", ""上澤社""], [""zh-Hant"", ""上澤社""], [""en"", ""Thượng Trạch Commune""], [""zh"", ""上澤社""]]",True,True,105.96823120117188,17.243755340576172,106.40437316894531,17.652456283569336,b73d4c7a-8e45-4dfe-875a-5706a0318f77
a074cdb8-94be-49b1-a6ff-c258625038d0,VN,VN-SG,microhood,,land,Quảng trường Nhà lưu niệm,,True,True,107.26910400390625,10.489054679870605,107.26991271972656,10.489680290222168,536ca009-7706-4207-a6f6-48b2729a30eb
d261babf-4ae0-4aa1-a44f-9cfef1865699,VN,VN-37,locality,,land,Xã An Lục Long,,True,True,106.41464233398438,10.394831657409668,106.50936889648438,10.45114517211914,8a56bb49-9f0f-4dea-85a2-0416f3f95fb8
b59ba750-ab12-43a3-9d55-8d2cf1d2cd59,VN,VN-SG,locality,,land,Phường Chợ Quán,,True,True,106.67505645751953,10.751093864440918,106.68728637695312,10.765432357788086,a08eb035-fb02-414e-ab8f-4a50aa0b4e48
e6661762-c032-4323-ba84-0e14d8c4d293,VN,VN-59,microhood,,land,Quảng trường Phan Ngọc Hiển,,True,True,105.13953399658203,9.186454772949219,105.14183044433594,9.188389778137207,8df47354-4dd0-4327-aa93-2fe9a5c8395a
71c0987c-1199-40dc-839e-051f1339c798,VN,VN-22,locality,,land,Xã Vân Du,"[[""en"", ""Vân Du Commune""], [""vi"", ""Xã Vân Du""]]",True,True,105.29808807373047,18.91544532775879,105.40728759765625,19.06262969970703,90dd2303-8a87-466d-b2fb-4afcaadc6367
60e09aca-5ebd-4cb2-8a2d-e9f0fb229138,VN,VN-30,locality,,land,Xã Ia Phí,,True,True,107.73335266113281,14.07302188873291,107.94889831542969,14.282731056213379,5894c8e6-d1da-4b6b-bee8-9584907264e4
73dbc798-adfd-4ff8-ae00-bda6b740b7d7,VN,VN-26,locality,,land,Xã Hưng Lộc,"[[""vi-Hani"", ""社興祿""], [""vi"", ""Xã Hưng Lộc""], [""zh-Hans"", ""兴禄社""], [""lzh"", ""興祿社""], [""zh-Hant"", ""興祿社""], [""en"", ""Hưng Lộc Commune""], [""zh"", ""興祿社""]]",True,True,107.6487045288086,16.231590270996094,107.76182556152344,16.381956100463867,5537b046-883b-4f5d-9783-dfa5a0acab92
b0e938fb-b0dc-423e-aace-004d2495668e,VN,VN-49,locality,,land,Xã Mỹ Thuận,,True,True,105.77339935302734,10.094182014465332,105.86685180664062,10.173225402832031,615063dc-b42f-4eb3-97f9-7e279738f0b7
5b68cc95-5ea5-4014-9c29-bf82fd05192e,VN,VN-SG,locality,,land,Phường Chánh Phú Hòa,,True,True,106.6214599609375,11.117271423339844,106.72164916992188,11.259345054626465,b8e3808e-fd8f-4825-9128-7e2f83e05bf5
6a9a3242-acb0-485e-8b46-c0a15c033316,VN,VN-SG,locality,,land,Xã Xuyên Mộc,,True,True,107.40126037597656,10.48600959777832,107.51841735839844,10.613055229187012,31314e52-04b3-472b-9dd3-6a261a155f56
b7ccf5e6-9cf9-4f68-a7f0-d3b1ef80c6c3,VN,VN-25,locality,,land,Xã Kim Phú,"[[""vi-Hani"", ""社金富""], [""vi"", ""Xã Kim Phú""], [""zh-Hans"", ""金富社""], [""lzh"", ""金富社""], [""zh-Hant"", ""金富社""], [""en"", ""Kim Phú Commune""], [""zh"", ""金富社""]]",True,True,105.84333038330078,17.504411697387695,106.12074279785156,17.821809768676758,17fd3d17-cd85-4a24-8001-29b70431efe1
3734dc6f-95ed-4222-9cd5-2bb420a67af1,VN,VN-35,locality,,land,Xã Bảo Lâm 1,,True,True,107.7222900390625,11.591887474060059,107.9676742553711,11.747172355651855,e60a2cfd-e380-4f34-9a9f-2474bef149d3
4041a024-37b1-4761-950a-9658af78d8a9,VN,VN-25,region,1,land,Tỉnh Quảng Trị,"[[""bs"", ""Provincija Quang Tri""], [""lb"", ""Provënz Quang Tri""], [""hr"", ""Quảng Trị""], [""ar"", ""محافظة كوانغ تشي""], [""fr"", ""Province de Quảng Trị""], [""lv"", ""Kuannamas province""], [""eu"", ""Quang Tri probintzia""], [""mt"", ""Provinċja ta' Quảng Trị""], [""uk"", ""Куанґчі""], [""co"", ""Pruvincia di Quang Tri""], [""ga"", ""Quang Tri""], [""br"", ""Proviñs Quang Tri""], [""so"", ""Quang Tri""], [""pt-PT"", ""Província de Quang Tri""], [""pt"", ""Quang Tri""], [""cs"", ""Quang Tri""], [""gl"", ""Provincia de Quảng Trị""], [""el"", ""Επαρχία Κουάνγκ Τρι""], [""it"", ""Provincia di Quang Tri""], [""sc"", ""Provìntzia de Quảng Trị""], [""su"", ""Quang Tri""], [""ca"", ""Província de Quảng Trị""], [""pt-BR"", ""Província de Quang Tri""], [""vi-Hani"", ""省廣治""], [""vi"", ""Tỉnh Quảng Trị""], [""la"", ""Quảng Trị""], [""tg"", ""Вилояти Куанг Трий""], [""tl"", ""Quang Tri""], [""nl"", ""Quảng Trị""], [""zh-Hans"", ""广治省""], [""bg"", ""Куанг Чи""], [""ko"", ""꽝찌성""], [""eo"", ""Provinco Quang Tri""], [""oc"", ""Província de Quang Tri""], [""et"", ""Quảng Trị provints""], [""af"", ""Quang Tri""], [""de"", ""Quảng Trị""], [""ch"", ""Probensia Quang Tri""], [""ur"", ""قوانگ تری صوبہ""], [""fy"", ""Kuang Tri""], [""jv"", ""Provinsi Quang Tri""], [""ru"", ""Куангчи""], [""ht"", ""Quang Tri""], [""th"", ""จังหวัดกว๋างจิ""], [""id"", ""Provinsi Quang Tri""], [""sq"", ""Provinca Quang Tri""], [""ia"", ""Provincia Quang Tri""], [""sr-Latn"", ""Kvang Tri provincija""], [""sv"", ""Quang Tri""], [""tr"", ""Quang Tri""], [""da"", ""Quang Tri""], [""sr-Cyrl"", ""Кванг Чи""], [""ve"", ""Quang Tri""], [""zh-Hant"", ""廣治省""], [""en"", ""Quảng Trị Province""], [""he"", ""מחוז קואנג טרי""], [""sk"", ""Quảng Trị""], [""wa"", ""Quảng Trị""], [""es"", ""Quảng Trị""], [""vo"", ""Quang Tri""], [""ie"", ""Quang Tri""], [""an"", ""Quảng Trị""], [""nn"", ""Quang Tri""], [""sw"", ""Mkoa wa Quảng Trị""], [""ja"", ""クアンチ""], [""fi"", ""Quảng Trị""], [""ro"", ""Quảng Trị""], [""lt"", ""Kvangčio provincija""], [""no"", ""Quang Tri""], [""sl"", ""Quảng Trị""], [""ik"", ""Quang Tri""], [""fa"", ""استان کوانگ تری""], [""zh"", ""广治省""], [""ms"", ""Quang Tri""], [""hu"", ""Quảng Trị""], [""pl"", ""Prowincja Quảng Trị""]]",True,False,105.60767364501953,16.30219268798828,107.38689422607422,18.08995246887207,1c61a3a2-d01c-455c-84e6-c7dba7a502d6
c5417094-58d3-4b02-a06a-f54359008494,VN,VN-SG,locality,,land,Đặc khu Côn Đảo,,True,True,106.08795928955078,8.577467918395996,106.74372863769531,8.779553413391113,92e80003-f151-4318-ab72-d9c63fee6a77
655b2c65-c714-4f5d-9a62-a0d2d15ddddf,VN,VN-66,locality,,land,Xã Đông Tiền Hải,"[[""en"", ""Đông Tiền Hải Commune""], [""vi"", ""Xã Đông Tiền Hải""]]",True,True,106.5163803100586,20.406661987304688,106.60718536376953,20.476327896118164,fdd19a51-ac29-4ff6-91a7-41114045d208
55e62282-c396-455d-a78b-c4ff052818bd,VN,VN-21,locality,,land,Xã Thiệu Toán,"[[""en"", ""Thiệu Toán Commune""], [""vi"", ""Xã Thiệu Toán""]]",True,True,105.58415985107422,19.85894012451172,105.65530395507812,19.927095413208008,f2067e1b-3ec0-49ae-a643-38e22ee0b6c3
50e39c35-d9bf-45d9-ba04-f540ab1f3f99,VN,VN-30,locality,,land,Xã Ia Le,,True,True,107.921630859375,13.373595237731934,108.2259292602539,13.511350631713867,f70f1937-f884-4939-a3d2-262a3ad3e0a5
4b30b0ce-0804-456a-b157-66f5b30fc353,VN,VN-18,locality,,land,Xã Khánh Trung,"[[""en"", ""Khánh Trung Commune""], [""vi"", ""Xã Khánh Trung""]]",True,True,106.11982727050781,20.12387466430664,106.16841125488281,20.22205924987793,5db68636-27ee-42a1-b469-3b078e06f533
6b9979e1-2ff6-4f3d-9b56-43d10ab785a7,VN,VN-SG,microhood,,land,BT3,,True,True,106.65835571289062,10.872838020324707,106.65933990478516,10.873167991638184,c62a8498-d08f-4ea9-8798-dbf48cda5487
154ebe84-1a6b-4120-993b-a173554afe2e,VN,VN-44,locality,,land,Xã Vĩnh An,,True,True,105.11286163330078,10.371077537536621,105.24234771728516,10.479169845581055,a02091f8-714b-4cab-b199-3d550241edd7
fbd062cc-d3d9-4982-b5b3-1fd3aba1f0f9,VN,VN-25,locality,,land,Xã Phú Trạch,"[[""vi-Hani"", ""社福澤""], [""vi"", ""Xã Phú Trạch""], [""zh-Hans"", ""福泽社""], [""lzh"", ""福澤社""], [""zh-Hant"", ""福澤社""], [""en"", ""Phú Trạch Commune""], [""zh"", ""福澤社""]]",True,True,106.26696014404297,17.875450134277344,106.6743392944336,17.991859436035156,9c1b37af-2d95-4d0c-958e-13c7174a34db
ec3fd269-c3c5-4456-ba6c-a2ffc28b9793,VN,VN-37,locality,,land,Xã Tân Hội,,True,True,106.11257934570312,11.562868118286133,106.22476959228516,11.699746131896973,ab0fd569-6f86-4c97-a7b7-061d46f47410
0f9ba442-32dc-4f43-b7c6-8db56b37716d,VN,VN-SG,locality,,land,Xã Long Hải,,True,True,107.17125701904297,10.377646446228027,107.25457763671875,10.439080238342285,68f8e17e-ca12-4964-a7bb-34be6560ff24
7c186aee-7602-4d76-bf98-7c74100681f1,VN,VN-SG,microhood,,land,S,,True,True,106.69161224365234,10.752778053283691,106.69288635253906,10.752986907958984,6ffd3abb-4fe2-47f0-9715-807cda44d5ba
f767e190-e006-47f1-b958-af6ce0d86176,VN,VN-35,locality,,land,Xã Quảng Tân,,True,True,107.31510162353516,11.932989120483398,107.59477233886719,12.144428253173828,a15253d8-1a6a-4044-8a22-79a0370f7184
e2e965ba-5897-4fe5-af18-3c59c1c4d133,VN,VN-21,locality,,land,Xã Hoằng Lộc,"[[""en"", ""Hoằng Lộc Commune""], [""vi"", ""Xã Hoằng Lộc""]]",True,True,105.82587432861328,19.770259857177734,105.87464141845703,19.84089469909668,df944dc8-6cc5-42fb-856f-064ee1cf0a3c
67a5507c-66e0-44eb-a02c-30c1efc212b5,VN,VN-22,locality,,land,Xã Quế Phong,"[[""en"", ""Quế Phong Commune""], [""vi"", ""Xã Quế Phong""]]",True,True,104.69442749023438,19.532926559448242,104.9947738647461,19.756256103515625,107dba59-3da5-4931-aead-0082ad1a5014
fe5757a7-365c-4e02-b6b5-69a3b2474413,VN,VN-21,locality,,land,Xã Hoa Lộc,"[[""en"", ""Hoa Lộc Commune""], [""vi"", ""Xã Hoa Lộc""]]",True,True,105.88111114501953,19.880125045776367,105.94007110595703,19.971330642700195,e510abd6-f970-4318-b2f9-b1ffc38fa574
94697556-af44-4889-8d91-dc0f839644fc,VN,VN-CT,locality,,land,Phường Mỹ Quới,,True,True,105.54399108886719,9.411392211914062,105.62290954589844,9.55672836303711,cc8221f5-d9d0-4b56-a7cc-68fd7a36a008
dc5eccbe-88ce-451e-8ea1-d43eb983f2a5,VN,VN-25,locality,,land,Xã Bến Quan,"[[""vi-Hani"", ""社𤅶官""], [""vi"", ""Xã Bến Quan""], [""zh-Hans"", ""𣷷官社""], [""lzh"", ""𤅶官社""], [""zh-Hant"", ""𤅶官社""], [""en"", ""Bến Quan Commune""], [""zh"", ""𤅶官社""]]",True,True,106.68107604980469,16.888574600219727,106.95149993896484,17.079641342163086,e14c24c7-caa3-4e3f-9914-a08b51c08940
1e682264-cd18-46ee-bdaf-5cdcf4f174ae,VN,VN-21,locality,,land,Xã Thiệu Tiến,"[[""en"", ""Thiệu Tiến Commune""], [""vi"", ""Xã Thiệu Tiến""]]",True,True,105.58741760253906,19.891929626464844,105.65977478027344,19.957998275756836,1887ef73-8d1a-4317-b0f7-224dc26ebaef
ac600b68-d78d-4921-b241-0c268ac5654c,VN,VN-22,locality,,land,Xã Thông Thụ,"[[""en"", ""Thông Thụ Commune""], [""vi"", ""Xã Thông Thụ""]]",True,True,104.83229064941406,19.732080459594727,105.18802642822266,20.00235366821289,c729c6d6-d4d0-4693-8705-94b985f5874f
f809b4fe-87fe-4d7f-aea9-f0785021e3c9,VN,VN-SG,locality,,land,Phường Tam Bình,,True,True,106.712646484375,10.845104217529297,106.75176239013672,10.89643669128418,457cac11-1370-4842-a2e5-8c3daaaf6d6c
dc11d9b3-3fc6-4b14-96b4-cbb8a727e99e,VN,VN-59,locality,,land,Xã Tam Giang,"[[""zh-Hant"", ""三江社""], [""fa"", ""قصبه تام‌جانگ""], [""zh-Hans"", ""三江社""], [""zh"", ""三江社""]]",True,True,105.06597900390625,8.758336067199707,105.31246185302734,8.849767684936523,4697eb84-9e26-41ee-9221-7c96b400bf94
6fa08734-282d-4af8-a3c3-e4577404f039,VN,VN-25,microhood,,land,Quảng trường nhạc nước Son Doong Mystery Light & Water Show,,True,True,106.64389038085938,17.45758628845215,106.6451187133789,17.458480834960938,08691e9e-e1e6-41db-b58b-4968dc33f614
641b8fd0-d5f5-46c1-b60d-a7ab4e74d79f,VN,VN-44,locality,,land,Xã Phú Hữu,,True,True,105.07926177978516,10.799283027648926,105.15657043457031,10.922469139099121,ba8a2f5f-5ff5-4342-a2db-d2f26fdae5b7
10467649-c081-4b6f-9e6b-9874eac04d05,VN,VN-22,locality,,land,Xã Châu Tiến,"[[""en"", ""Châu Tiến Commune""], [""vi"", ""Xã Châu Tiến""]]",True,True,104.97190856933594,19.539091110229492,105.173583984375,19.749103546142578,8d4fe82e-4f2b-400e-bcb6-c75b7c433090
b0d5aaf7-811a-4470-9ccd-c525c395f645,VN,VN-37,locality,,land,Xã Đức Lập,,True,True,106.4090576171875,10.867293357849121,106.53292846679688,10.94192123413086,b0babcbe-b6be-4622-bf04-13a03454cfd4
65f4eab0-13b4-4981-90ca-abca2ad97f34,VN,VN-22,locality,,land,Xã Sơn Lâm,"[[""en"", ""Sơn Lâm Commune""], [""vi"", ""Xã Sơn Lâm""]]",True,True,105.07162475585938,18.64791488647461,105.2377700805664,18.799598693847656,5bc50f03-044e-433e-8416-f376065d0d0a
868ecb7b-067f-4963-a743-b699b7b5b09f,VN,VN-44,locality,,land,Phường Châu Đốc,,True,True,105.07841491699219,10.649590492248535,105.156494140625,10.765220642089844,380b82d2-9ff4-425d-915d-ce6db2148607
0797c713-3967-4a16-adac-eb362ad8c866,VN,VN-21,locality,,land,Xã Hà Long,"[[""en"", ""Hà Long Commune""], [""vi"", ""Xã Hà Long""]]",True,True,105.77132415771484,20.048362731933594,105.85958099365234,20.156286239624023,baf49907-3cd6-4248-b78d-897906f70bfc
b81235ef-9fcd-4834-8a2b-23842f63dbcf,VN,VN-37,locality,,land,Cửa khẩu Vàm Đồn,,True,True,105.7773208618164,11.017616271972656,105.78314208984375,11.027865409851074,a4c3dca7-35aa-4628-bad7-90db229f7f97
9699188b-4bd0-49a7-bd9d-cfd63fa28fdd,VN,VN-45,locality,,land,Xã Bình Thành,,True,True,105.5124282836914,10.516560554504395,105.62390899658203,10.649587631225586,5113a6f9-552b-417e-871e-3a9e365117c1
f76ae80b-130f-4b39-85e5-3e87aee6b72f,VN,VN-SG,locality,,land,Phường Tân Sơn Nhất,,True,True,106.65174102783203,10.784459114074707,106.66680145263672,10.81740951538086,4d66b64a-b771-42f6-b355-a9380d052365
8307e0a5-b8e1-42bf-aafc-3eb5fbd2975a,VN,VN-25,locality,,land,Xã Tuyên Sơn,"[[""vi-Hani"", ""社宣山""], [""vi"", ""Xã Tuyên Sơn""], [""zh-Hans"", ""宣山社""], [""lzh"", ""宣山社""], [""zh-Hant"", ""宣山社""], [""en"", ""Tuyên Sơn Commune""], [""zh"", ""宣山社""]]",True,True,105.81298828125,17.950218200683594,105.9951400756836,18.08995246887207,3c84a8dc-d83c-4ef9-9a14-cf869f7c3e3c
2eebe169-04fb-432f-a94a-d784de86b8ad,VN,VN-25,locality,,land,Phường Đồng Sơn,"[[""vi-Hani"", ""坊洞山""], [""vi"", ""Phường Đồng Sơn""], [""zh-Hans"", ""洞山坊""], [""lzh"", ""洞山坊""], [""zh-Hant"", ""洞山坊""], [""en"", ""Đồng Sơn Ward""], [""zh"", ""洞山坊""]]",True,True,106.49239349365234,17.365449905395508,106.62799072265625,17.495134353637695,5423e277-9641-483d-a9cd-d43d205b10b5
1b745175-b7a6-472c-8952-d0afa3831b44,VN,VN-SG,locality,,land,Xã Xuân Thới Sơn,,True,True,106.49560546875,10.855515480041504,106.60621643066406,10.9208402633667,63747f03-bfdd-453d-af7b-eef2ddc6c78b
e28c527b-3797-43ad-8692-cd35fb4d601f,VN,VN-21,locality,,land,Xã Yên Thắng,"[[""en"", ""Yên Thắng Commune""], [""vi"", ""Xã Yên Thắng""]]",True,True,105.04972839355469,20.07482147216797,105.15789794921875,20.220561981201172,73f4453e-6091-43ba-a651-215139965b4a
99b11a9b-a6d9-4df9-8bce-02c327581fd7,VN,VN-18,locality,,land,Xã Hải Thịnh,"[[""en"", ""Hải Thịnh Commune""], [""de"", ""Gemeinde Hải Thịnh""], [""vi"", ""Xã Hải Thịnh""]]",True,True,106.19648742675781,19.995628356933594,106.24097442626953,20.12427520751953,297279b1-6aab-4b2f-9dc0-02dc8647250d
5783fec2-ff09-4d4b-b598-8f5d27bb9b3e,VN,VN-18,locality,,land,Xã Vũ Dương,"[[""en"", ""Vũ Dương Commune""], [""vi"", ""Xã Vũ Dương""]]",True,True,105.99434661865234,20.299745559692383,106.06964874267578,20.370180130004883,2f85cc6a-e346-4071-a2d9-fa01902fbaa2
d4bf8db0-5934-4965-bde8-08c2527ed75a,VN,VN-44,locality,,land,Xã Vĩnh Hậu,,True,True,105.09455871582031,10.709517478942871,105.1600570678711,10.828765869140625,a05ae316-6ca3-4902-8e01-c54d8eb2b1dd
879a0bfa-28ed-492a-b376-461576c96532,VN,VN-21,locality,,land,Xã Xuân Du,"[[""en"", ""Xuân Du Commune""], [""vi"", ""Xã Xuân Du""]]",True,True,105.44734191894531,19.70075225830078,105.5831069946289,19.80478858947754,ed549e65-16c8-4838-9a49-eccb89e591ff
fa99929e-e422-46e3-8b81-dce2b4479d14,VN,VN-23,locality,,land,Xã Thạch Xuân,"[[""en"", ""Thạch Xuân Commune""], [""vi"", ""Xã Thạch Xuân""]]",True,True,105.8024673461914,18.17119789123535,105.91962432861328,18.313373565673828,47be33ce-2302-4043-a250-6681db7897e0
98a3d622-7771-4d12-b2a7-6303070843b1,VN,VN-45,locality,,land,Xã Phong Mỹ,,True,True,105.55311584472656,10.508367538452148,105.66007232666016,10.665494918823242,a7f505f0-fe21-4c9e-95ba-87bb169ede77
4cfc9e0a-2798-4d45-9cd0-ef766c6a6eec,VN,VN-18,locality,,land,Xã Nghĩa Hưng,"[[""en"", ""Nghĩa Hưng Commune""], [""vi"", ""Xã Nghĩa Hưng""]]",True,True,106.12405395507812,20.202009201049805,106.19721984863281,20.257442474365234,14ef2dcf-461d-476e-851e-155255a7b923
ef4d871c-32f0-4687-a5da-b27df2b6746a,VN,VN-44,locality,,land,Xã Châu Thành,"[[""vi"", ""Xã Châu Thành""], [""zh-Hans"", ""周城社""], [""ko"", ""쩌우타인사""], [""zh-Hant"", ""周城社""], [""fa"", ""قصبه چاوتان""], [""zh"", ""周城社""]]",True,True,105.13581085205078,9.837783813476562,105.25064086914062,9.988773345947266,8714ff8e-3510-42ec-8f0b-1b441872fdfd
fa1dcc97-a692-41b3-837d-b5505c16abf4,VN,VN-26,locality,,land,Phường Hương Trà,"[[""vi-Hani"", ""坊香茶""], [""vi"", ""Phường Hương Trà""], [""zh-Hans"", ""香茶坊""], [""lzh"", ""香茶坊""], [""zh-Hant"", ""香茶坊""], [""en"", ""Hương Trà Ward""], [""zh"", ""香茶坊""]]",True,True,107.36602783203125,16.36820411682129,107.50508880615234,16.54619789123535,17a6fe60-adf6-4d27-9082-12d9985cb76e
6115c9e3-de11-4959-a47a-d97f926b3964,VN,VN-30,locality,,land,Xã Ia Lâu,,True,True,107.79519653320312,13.384771347045898,107.95068359375,13.555088996887207,dc25683e-4167-4b50-9ca7-1bdbd771fd5a
2d521e4b-bc81-46b7-a35c-9e955c73a658,VN,VN-SG,microhood,,land,C10,,True,True,106.67755126953125,10.858848571777344,106.6779556274414,10.859233856201172,35da0a7d-d909-4a8f-9313-0c0c4a2320eb
e6eac8c5-11eb-4a16-a1b1-417881654bac,VN,VN-33,locality,,land,Xã Ea Wer,,True,True,107.80516815185547,12.747175216674805,107.95320892333984,12.909355163574219,3376010d-2211-4ee5-a3e5-1871a8f180f2
89bec7a5-dab4-4a8e-93b2-215ec6148866,VN,VN-SG,locality,,land,Phường Rạch Dừa,,True,True,107.07228088378906,10.367172241210938,107.13179016113281,10.414654731750488,0b274cff-9e27-4450-862a-8ff8584c5936
98fbe0f1-9f9a-4302-808b-338316801ca3,VN,VN-21,locality,,land,Xã Xuân Tín,"[[""en"", ""Xuân Tín Commune""], [""vi"", ""Xã Xuân Tín""]]",True,True,105.44780731201172,19.93825340270996,105.53466796875,20.035907745361328,0b450234-730f-4348-87b1-acdbfc4db619
4d0cdfe3-fa3c-4dd1-8ddf-1512f6d5babb,VN,VN-44,locality,,land,Phường Tịnh Biên,,True,True,104.8991470336914,10.513094902038574,104.99860382080078,10.65008544921875,9e05893e-92da-4a75-ac81-747cd3b4dea8
57371510-f313-4f6e-8839-12f67eff0902,VN,VN-21,locality,,land,Xã Thượng Ninh,"[[""en"", ""Thượng Ninh Commune""], [""vi"", ""Xã Thượng Ninh""]]",True,True,105.32940673828125,19.651317596435547,105.49736022949219,19.755172729492188,2c01bb45-5fe6-439d-9aad-ebf0d9b4f389
5d098cb3-0582-4701-a988-528c3ffad4b6,VN,VN-SG,locality,,land,Phường Chánh Hiệp,,True,True,106.61589050292969,10.978555679321289,106.66468811035156,11.058449745178223,b5d5e323-6bec-41fd-8ece-dda3f5230dd8
ea9777e4-6c7e-4906-8081-cb93b1b48c12,VN,VN-SG,microhood,,land,Khu phố ẨM THỰC ĐÊM Phú Mỹ Hưng -Sky Garden,,True,True,106.70665740966797,10.729161262512207,106.7103500366211,10.733843803405762,f870f8ce-6b11-40fb-b07c-41ecb1a09b4c
542f4b53-daca-430d-b01a-28881e3d298f,VN,VN-49,locality,,land,Xã Cái Nhum,,True,True,106.07073974609375,10.156389236450195,106.17741394042969,10.239368438720703,0c702a7d-eaa6-4b35-8016-42603e648fd2
fd7d2392-c645-4ea6-84d8-d0502bf8612e,VN,VN-SG,locality,,land,Xã Phú Hòa Đông,,True,True,106.5155258178711,10.922897338867188,106.62553405761719,11.054670333862305,670a392f-5983-46a7-a57a-9a4d26b2ed60
9e000400-7d7d-4ceb-91b1-ff20223652d0,VN,VN-CT,locality,,land,Xã Thạnh Thới An,,True,True,105.96455383300781,9.424310684204102,106.05647277832031,9.54042911529541,0f8ad19b-d009-43a0-84d8-9dffb5884c0e
e958ec53-a440-444f-ad49-11e8271a6ffc,VN,VN-DN,locality,,land,Xã Sông Kôn,"[[""en"", ""Sông Kôn Commune""], [""vi"", ""Xã Sông Kôn""]]",True,True,107.70880126953125,15.886638641357422,107.86783599853516,16.067724227905273,f77c3dab-9ab4-45dc-84ad-93d2e67de9f9
366b1649-dab8-4789-9821-3ddcfc2ae0ad,VN,VN-44,locality,,land,Xã Khánh Bình,,True,True,105.05070495605469,10.916101455688477,105.11827850341797,10.962291717529297,402f502b-d65b-4f25-a245-66019198da9f
0b04fa3a-4ee3-454b-b3ab-7762352d8988,VN,VN-SG,microhood,,land,F,,True,True,106.62802124023438,10.752480506896973,106.62963104248047,10.75381088256836,783e2d7b-9a6e-4ece-b5d9-a8eb42511e7f
864e0a87-eab9-4bdd-9712-764d8b945d7b,VN,VN-18,locality,,land,Xã Bình Minh,"[[""en"", ""Bình Minh Commune""], [""de"", ""Gemeinde Bình Minh""], [""vi"", ""Xã Bình Minh""]]",True,True,106.02413940429688,19.960601806640625,106.10504150390625,20.02427101135254,fdc8c857-9909-40fd-ad32-e454c99a8e01
3a848586-8b9e-4371-92fe-a6220463af98,VN,VN-22,locality,,land,Xã Yên Na,"[[""en"", ""Yên Na Commune""], [""vi"", ""Xã Yên Na""]]",True,True,104.45317840576172,19.27850914001465,104.78824615478516,19.46217918395996,5ccfb4ef-ed4e-47b5-a9ab-3e532cb986f5
f1caa160-76b4-4be7-b55f-33b4fc0250d8,VN,VN-37,locality,,land,Xã Thủ Thừa,,True,True,106.3619155883789,10.564285278320312,106.44430541992188,10.668152809143066,49e41603-e1cb-4e0a-887e-2efc8528af6f
ebe9e4ed-a730-4dab-a1df-6af841e42383,VN,VN-SG,locality,,land,Phường Phước Thắng,,True,True,107.11795806884766,10.375884056091309,107.21176147460938,10.474174499511719,1f408433-b8f5-4d4a-885c-2c2c49861c7a
5e0bcf06-5a36-4d07-9587-5c88541fda88,VN,VN-DN,locality,,land,Xã Nam Giang,"[[""en"", ""Nam Giang Commune""], [""vi"", ""Xã Nam Giang""]]",True,True,107.40798950195312,15.570265769958496,107.62061309814453,15.778045654296875,65ca838d-bf9e-4de3-8a7f-30751fc43cde
6fd02354-c7fa-48d8-a418-797bc4111347,VN,VN-29,locality,,land,Kon Ban,,True,True,108.03345489501953,14.469347953796387,108.03937530517578,14.47811222076416,eb8c40dc-7ef8-4598-97bb-8c0a3fc1878b
48b230e8-778f-4aa5-b87c-2cbaa602bb79,VN,VN-49,locality,,land,Phường Hòa Thuận,,True,True,106.34368896484375,9.917867660522461,106.38912200927734,9.97556209564209,af5b9d26-dda1-4d24-ae84-4d1b57436cee
e2cab86f-4350-4abd-a077-a41f879105cf,VN,VN-49,locality,,land,Xã Phú Thuận,,True,True,106.44469451904297,10.2521390914917,106.53562927246094,10.307453155517578,5c1fa4aa-4a0b-47f6-8a53-1762091bf7f0
7a71fd8d-f042-4704-83c6-9aa81c427ad8,VN,VN-SG,microhood,,land,C7,,True,True,106.67689514160156,10.858455657958984,106.67742919921875,10.85881519317627,20c60398-3903-4c41-b4e1-e01cc9131945
f503058c-9980-442b-b049-1f93becaa2db,VN,VN-39,locality,,land,Xã Tà Lài,,True,True,107.33528137207031,11.300853729248047,107.4481201171875,11.399615287780762,ea5374c3-1013-4af0-a205-ceed5a4d821b
fc3ffb0c-21d0-424f-98cb-7e32ae95c0eb,VN,VN-30,locality,,land,Xã Ia Nan,,True,True,107.49803161621094,13.658381462097168,107.63843536376953,13.794267654418945,5d50993d-1b84-4d4c-b617-020217b88e69
a0f2afa1-f95a-4bde-ba14-dafe195e6af1,VN,VN-18,locality,,land,Phường Thiên Trường,"[[""en"", ""Thiên Trường Ward""], [""de"", ""Stadtviertel Thiên Trường""], [""vi"", ""Phường Thiên Trường""]]",True,True,106.174072265625,20.429140090942383,106.22595977783203,20.484708786010742,280aba9b-133e-4756-bb17-fde303967b41
a06f369f-3e6f-4df2-8f38-901a102400a2,VN,VN-21,locality,,land,Xã Mường Mìn,"[[""en"", ""Mường Mìn Commune""], [""vi"", ""Xã Mường Mìn""]]",True,True,104.6591796875,20.19884490966797,104.80877685546875,20.326385498046875,89d26a11-50cf-49a8-8327-8b4a0b28a72b
36f3b295-8e6e-4950-a83e-cdfc0a3ef5d0,VN,VN-49,locality,,land,Xã Bình Đại,,True,True,106.62320709228516,10.158355712890625,106.74189758300781,10.238144874572754,4c5af2c5-e363-47c6-96c9-a15fb24e5771
c1416f29-0284-4e13-8fd9-fb3b79fb9b3c,VN,VN-39,locality,,land,Xã Bình Tân,,True,True,106.75426483154297,11.72927188873291,106.96332550048828,11.866284370422363,e915cc37-a77b-4c7b-98d5-565157d4ff60
e634ffa9-cd63-4f5f-8d58-6e2aa0e66d8c,VN,VN-SG,microhood,,land,Quảng trường La Mã,,True,True,106.6363296508789,10.766322135925293,106.63741302490234,10.767099380493164,21165f8e-33a6-4fd8-8805-acf3846d2f5a
c16277cb-a202-4480-8d2a-59f3c80fab77,VN,VN-18,locality,,land,Xã Nho Quan,"[[""en"", ""Nho Quan Commune""], [""vi"", ""Xã Nho Quan""]]",True,True,105.6923828125,20.279674530029297,105.7794418334961,20.338071823120117,9727e818-f377-4d91-9c03-d87b55d6b327
9d2cf0b0-92e6-431f-8462-282005a0898d,VN,VN-35,locality,,land,Xã Sơn Điền,,True,True,107.9696044921875,11.215371131896973,108.17034149169922,11.472146987915039,a6151a0d-d260-4ca7-8061-6c888bf8e412
f2aa23e4-7984-4df2-b961-4adc76a7fd46,VN,VN-23,locality,,land,Xã Đức Đồng,"[[""en"", ""Đức Đồng Commune""], [""vi"", ""Xã Đức Đồng""]]",True,True,105.539306640625,18.39329719543457,105.64132690429688,18.473447799682617,0948d40a-4eb3-4f25-8488-ecdea10de804
8ed2f58b-cf44-4337-a54f-ae9f5b923e7f,VN,VN-21,locality,,land,Xã Thạch Quảng,"[[""en"", ""Thạch Quảng Commune""], [""vi"", ""Xã Thạch Quảng""]]",True,True,105.40898895263672,20.25587272644043,105.56501007080078,20.385204315185547,8903ed93-91c8-4cad-b8c0-def856daaa0d
a561b83c-3f6f-41c6-bc30-78d73a4f9bc2,VN,VN-25,locality,,land,Xã Lệ Ninh,"[[""vi-Hani"", ""社麗寧""], [""vi"", ""Xã Lệ Ninh""], [""zh-Hans"", ""丽宁社""], [""lzh"", ""麗寧社""], [""zh-Hant"", ""麗寧社""], [""en"", ""Lệ Ninh Commune""], [""zh"", ""麗寧社""]]",True,True,106.65035247802734,17.156139373779297,106.73821258544922,17.28999137878418,620a5f0f-0e3f-46fc-a7ff-865d6ab63a23
c92ba23a-46f4-4b90-9e55-b2a00ac2ff64,VN,VN-23,locality,,land,Xã Cẩm Duệ,"[[""en"", ""Cẩm Duệ Commune""], [""vi"", ""Xã Cẩm Duệ""]]",True,True,105.8544692993164,18.05581283569336,106.0050277709961,18.286283493041992,c3baf500-ddda-482a-9666-07de6a4749c7
c03450cc-3355-46a9-baed-aa7e3ee28fcb,VN,VN-23,locality,,land,Xã Cẩm Bình,"[[""en"", ""Cẩm Bình Commune""], [""vi"", ""Xã Cẩm Bình""]]",True,True,105.90428161621094,18.25696563720703,105.98636627197266,18.327844619750977,076ad90e-f95f-458c-b53b-ac142822fb73
459a7494-61fd-40b0-bc1f-f4adb856ec79,VN,VN-59,locality,,land,Xã Vĩnh Lợi,,True,True,105.68789672851562,9.311158180236816,105.78636932373047,9.41381549835205,c80458b3-3e61-4163-8f39-c69f350c91c1
3ae5ba44-b2db-4929-a01c-6ba0541e417f,VN,VN-SG,locality,,land,Phường Hòa Bình,,True,True,106.63760375976562,10.765328407287598,106.65206146240234,10.775243759155273,53658d99-c872-469b-a360-a953ae353145
4f8b654a-9afe-4601-818b-8d2b5e924a8a,VN,VN-35,locality,,land,Xã Bắc Ruộng,,True,True,107.6394271850586,11.159451484680176,107.82947540283203,11.37256145477295,760fd177-2e9e-4618-a288-1ab761172ce5
d92e8d4f-f6ce-4f67-bdcb-e934e356c03c,VN,VN-37,locality,,land,Xã Thuận Mỹ,,True,True,106.48808288574219,10.412191390991211,106.58927917480469,10.50284194946289,73de3fba-6d4e-4c6a-bfa6-77516bd2f89a
88f9b578-24d4-41b4-81e3-81433e5b45f0,VN,VN-23,locality,,land,Xã Sơn Tiến,"[[""en"", ""Sơn Tiến Commune""], [""vi"", ""Xã Sơn Tiến""]]",True,True,105.39761352539062,18.53258514404297,105.53102111816406,18.614347457885742,27d59bcd-b0c6-4ed4-8f03-3c8ea0caa771
6be9c8f6-53ee-41b0-8407-be3ef26c9a10,VN,VN-CT,locality,,land,Xã Thới Lai,,True,True,105.49113464355469,9.995694160461426,105.59503173828125,10.08187484741211,9c7e0223-10f1-4f7a-9b7f-2136a5568145
5cb96f3e-4f82-4d6e-8bd1-fcadce8eccf7,VN,VN-49,locality,,land,Xã Phú Phụng,,True,True,106.02750396728516,10.22768783569336,106.13389587402344,10.298620223999023,db8fb13f-4a36-4ce8-a7b8-a18f4dccf406
78f95a64-cb2b-4763-bf41-886b265fbf6a,VN,VN-49,locality,,land,Xã Tập Sơn,,True,True,106.20956420898438,9.714837074279785,106.34410095214844,9.79894733428955,43fceeed-987f-473b-8d52-be45e48d68c6
2b7ef228-61b2-42fd-9858-23e31bb411b5,VN,VN-23,locality,,land,Xã Hương Khê,"[[""en"", ""Hương Khê Commune""], [""vi"", ""Xã Hương Khê""]]",True,True,105.50004577636719,18.0805606842041,105.71708679199219,18.221418380737305,0bf9e422-1a6a-4f29-a32a-fd1a09d372bd
63fc5682-a9a6-4d48-be2a-566fac7e4704,VN,,country,0,maritime,Việt Nam,"[[""hy"", ""Վիետնամ""], [""pcd"", ""Vietnam""], [""se"", ""Vietnam""], [""ku"", ""Viyetnam""], [""rue"", ""Вєтнам""], [""crh"", ""Vyetnam""], [""ss"", ""IViyethina""], [""st"", ""Vietnam""], [""bs"", ""Vijetnam""], [""vls"", ""Vietnam""], [""stq"", ""Vietnam""], [""kaa"", ""Vietnam""], [""ba"", ""Вьетнам""], [""als"", ""Vietnam""], [""pfl"", ""Vietnam""], [""lb"", ""Vietnam""], [""hr"", ""Vijetnam""], [""ta"", ""வியட்நாம்""], [""ka"", ""ვიეტნამი""], [""ar"", ""فيتنام""], [""nov"", ""Vietnam""], [""yue"", ""越南""], [""fr"", ""Viêt Nam""], [""lfn"", ""Vietnam""], [""is"", ""Víetnam""], [""nah"", ""Vietnam""], [""ug"", ""ۋيېتنام""], [""lv"", ""Vjetnama""], [""eu"", ""Vietnam""], [""mdf"", ""Виетнам""], [""kl"", ""Vietnam""], [""rn"", ""Vietnam""], [""vep"", ""Vjetnam""], [""am"", ""ቬት ናም""], [""hif"", ""Vietnam""], [""mt"", ""Vjetnam""], [""nso"", ""Vietnam""], [""krc"", ""Вьетнам""], [""bn"", ""ভিয়েতনাম""], [""rw"", ""Viyetinamu""], [""av"", ""Вьетнам""], [""uz"", ""Vyetnam""], [""csb"", ""Wietnam""], [""mzn"", ""ویتنام""], [""uk"", ""В'єтнам""], [""szl"", ""Wietnam""], [""si"", ""වියට්නාමය""], [""li"", ""Vietnam""], [""dsb"", ""Vietnam""], [""ky"", ""Вьетнам""], [""ksh"", ""Vietnam""], [""pa"", ""ਵੀਅਤਨਾਮ""], [""ga"", ""Vítneam""], [""gan"", ""越南""], [""ceb"", ""Vietnam""], [""br"", ""Viêt Nam""], [""lmo"", ""Vietnam""], [""sms"", ""Vietnaam""], [""tt"", ""Вьетнам""], [""war"", ""Vietnam""], [""so"", ""Fiyetnam""], [""pt-PT"", ""Vietname""], [""mwl"", ""Bietname""], [""pt"", ""Vietname""], [""zh-Latn-pinyin"", ""Yuènán""], [""tpi"", ""Vietnam""], [""cs"", ""Vietnam""], [""roa-tara"", ""Vietnam""], [""kv"", ""Вьетнам""], [""zu"", ""IViyetnami""], [""smn"", ""Vietnam""], [""lo"", ""ປະເທດຫວຽດນາມ""], [""gl"", ""Vietnam""], [""gn"", ""Vietnam""], [""roa-rup"", ""Vietnam""], [""nds"", ""Vietnam""], [""om"", ""Veetinaam""], [""el"", ""Βιετνάμ""], [""it"", ""Vietnam""], [""map-bms"", ""Vietnam""], [""sc"", ""Vietnam""], [""su"", ""Viétnam""], [""ca"", ""Vietnam""], [""pt-BR"", ""Vietnã""], [""vi-Hani"", ""越南""], [""os"", ""Вьетнам""], [""vi"", ""Việt Nam""], [""srn"", ""Vi-etnam""], [""la"", ""Vietnamia""], [""ltg"", ""Vjetnams""], [""tg"", ""Ветнам""], [""mg"", ""Vietnam""], [""as"", ""ভিয়েটনাম""], [""yo"", ""Fiẹtnám""], [""tzl"", ""Vietnam""], [""dv"", ""ވިއެޓުނާމު""], [""pdc"", ""Vietnam""], [""tl"", ""Vietnam""], [""nl"", ""Vietnam""], [""tum"", ""Vietnam""], [""zh-Hans"", ""越南""], [""bg"", ""Виетнам""], [""gv"", ""Yn Vietnam""], [""bi"", ""Vietnam""], [""bxr"", ""Вьетнам""], [""nap"", ""Vietnam""], [""ckb"", ""ڤیێتنام""], [""ko"", ""베트남""], [""rm"", ""Vietnam""], [""or"", ""ଭିଏତନାମ""], [""eo"", ""Vjetnamio""], [""tk"", ""Wýetnam""], [""mk"", ""Виетнам""], [""cdo"", ""Yue Nam""], [""mtq"", ""Viêt Nam""], [""dz"", ""བེཊ་ནཱམ""], [""oc"", ""Vietnam""], [""haw"", ""Wiekanama""], [""et"", ""Vietnam""], [""nrm"", ""Vietnam""], [""af"", ""Viëtnam""], [""gag"", ""Vyetnam""], [""de"", ""Vietnam""], [""bm"", ""Vietnam""], [""xh"", ""Vietnam""], [""cbk-zam"", ""Vietnam""], [""ps"", ""وېتنام""], [""scn"", ""Vietnam""], [""ch"", ""Vietnam""], [""yi"", ""וויעטנאם""], [""za-Hani"", ""越南""], [""ha"", ""Biyetinam""], [""kok"", ""व्हिएतनाम""], [""cy"", ""Fietnam""], [""ki"", ""Vietnam""], [""chy"", ""Vietnam""], [""sn"", ""Vietnam""], [""ace"", ""Viètnam""], [""to"", ""Vietinemi""], [""bjn"", ""Vietnam""], [""pap"", ""Vietnam""], [""ig"", ""Vietnam""], [""frr"", ""Vietnam""], [""be-Latn-tarask"", ""Віетнам""], [""diq"", ""Vietnam""], [""iu"", ""Piinnama""], [""vlca"", ""Vietnam""], [""cv"", ""Вьетнам""], [""ur"", ""ویتنام""], [""pam"", ""Vietnam""], [""nan"", ""Oa̍t-lâm""], [""fy"", ""Fjetnam""], [""ln"", ""Vietnami""], [""jv"", ""Viètnam""], [""bat-smg"", ""Vietnams""], [""jbo"", ""gugdrvietnama""], [""ru"", ""Вьетнам""], [""ht"", ""Vyetnam""], [""vro"", ""Vietnam""], [""kw"", ""Vietnam""], [""ml"", ""വിയറ്റ്നാം""], [""th"", ""ประเทศเวียดนาม""], [""id"", ""Vietnam""], [""zea"", ""Vietnam""], [""ce"", ""Вьетнам""], [""pnb"", ""ویتنام""], [""sq"", ""Vietnami""], [""ia"", ""Vietnam""], [""arz"", ""فييتنام""], [""lzh"", ""越南""], [""pag"", ""Vietnam""], [""sr-Latn"", ""Vijetnam""], [""sv"", ""Vietnam""], [""udm"", ""Вьетнам""], [""tr"", ""Vietnam""], [""da"", ""Vietnam""], [""my"", ""ဗီယက်နမ်နိုင်ငံ""], [""sg"", ""Vietnäm""], [""chr"", ""ᏫᎡᏘᎾᎻ""], [""sr-Cyrl"", ""Вијетнам""], [""wo"", ""Wiyetnaam""], [""nds-nl"", ""Vietnam""], [""lg"", ""Vyetinaamu""], [""bug"", ""Vietnam""], [""xal"", ""Вьетдин Орн""], [""fil"", ""Vietnam""], [""ve"", ""Viëtnam""], [""zh-Hant"", ""越南""], [""pih"", ""Wiyetnaam""], [""sm"", ""Vietnam""], [""en"", ""Vietnam""], [""gu"", ""વિયેતનામ""], [""tn"", ""Vietnamo""], [""he"", ""וייטנאם""], [""sah"", ""Вьетнам""], [""tet"", ""Vietname""], [""ilo"", ""Bietnam""], [""kn"", ""ವಿಯೆಟ್ನಾಮ್""], [""quz"", ""Witnam""], [""tok"", ""ma Wije""], [""gd"", ""Bhiet-Nam""], [""sk"", ""Vietnam""], [""lez"", ""Вьетнам""], [""fur"", ""Vietnam""], [""bar"", ""Vietnam""], [""na"", ""Bitinam""], [""lad"", ""Vietnam""], [""frp"", ""Viêt Nam""], [""az"", ""Vyetnam""], [""wa"", ""Vietnam""], [""lij"", ""Vietnam""], [""es"", ""Vietnam""], [""ak"", ""Vietnam""], [""fo"", ""Vjetnam""], [""hi"", ""वियतनाम""], [""vo"", ""Vietnamän""], [""tw"", ""Vietnam""], [""bcl"", ""Bietnam""], [""te"", ""వియత్నాం""], [""mr"", ""व्हियेतनाम""], [""bpy"", ""ভিয়েতনাম""], [""ie"", ""Viet-Nam""], [""ext"", ""Vietnam""], [""an"", ""Vietnam""], [""sco"", ""Vietnam""], [""nn"", ""Vietnam""], [""io"", ""Vietnam""], [""sw"", ""Vietnam""], [""be"", ""В'етнам""], [""qu"", ""Witnam""], [""sd"", ""ويٽنام""], [""ang"", ""Fietnam""], [""mi"", ""Witināma""], [""kab"", ""Vietnam""], [""hsb"", ""Vietnam""], [""ja"", ""ベトナム""], [""sa"", ""चम्पादेश""], [""ast"", ""Vietnam""], [""za"", ""Yiednamz""], [""fi"", ""Vietnam""], [""bo"", ""ཝི་ཏི་ནམ།""], [""kbd"", ""Виетнам""], [""ro"", ""Vietnam""], [""eml"", ""Vietnam""], [""kg"", ""Vietnam""], [""ne"", ""भियतनाम""], [""ee"", ""Vietnam""], [""mhr"", ""Вьетнам""], [""ff"", ""Vietnam""], [""lt"", ""Vietnamas""], [""no"", ""Vietnam""], [""wuu"", ""越南""], [""vec"", ""Vietnam""], [""km"", ""វៀតណាម""], [""kk"", ""Вьетнам""], [""sl"", ""Vietnam""], [""pms"", ""Vietnam""], [""ik"", ""Vietnam""], [""ay"", ""Vietnam""], [""ti"", ""ቬትናም""], [""hak"", ""Ye̍t-nàm""], [""fa"", ""ویتنام""], [""mn"", ""Вьетнам""], [""pnt"", ""Βιετνάμ""], [""zh"", ""越南""], [""ms"", ""Vietnam""], [""hu"", ""Vietnám""], [""nv"", ""Biʼednam""], [""pl"", ""Wietnam""], [""ks"", ""ویٹِنام""], [""sh"", ""Vijetnam""]]",False,True,102.14385223388672,8.179065704345703,109.6709976196289,23.39269256591797,4d3bdd09-c750-4cb5-8330-920f89eee5c9
cd8909e8-a9f9-4ddc-8378-166082db7e29,VN,VN-35,locality,,land,Xã La Dạ,,True,True,107.80199432373047,11.163590431213379,107.98088836669922,11.37086296081543,44e57b5a-db72-44e2-9dd3-bccc432fdd7d
d3f3698c-ca21-423f-9035-9b562235578d,VN,VN-59,locality,,land,Xã Đông Hải,,True,True,105.48612213134766,9.100661277770996,105.58243560791016,9.25916576385498,6ee7a8e3-7366-4024-a2d6-1e048f784a99
e5d41f52-fdde-46e6-af1d-d8e18613061f,VN,VN-25,microhood,,land,Quảng trường Hồ chí Minh,"[[""en"", ""Ho Chi Minh Square""]]",True,True,106.62142181396484,17.467435836791992,106.62184143066406,17.46845245361328,53f4007f-ffbb-4c15-a648-c6bf46f1b89a
31176dd6-967f-4f64-a7be-42330dad086a,VN,VN-22,locality,,land,Xã An Châu,"[[""en"", ""An Châu Commune""], [""vi"", ""Xã An Châu""]]",True,True,105.56880187988281,18.876686096191406,105.64125061035156,18.963708877563477,fdcc56b6-5179-489a-915a-7515daf6a7bc
ce7d7ce2-351c-45a2-93d9-6954200284dc,VN,VN-SG,microhood,,land,C2,,True,True,106.67676544189453,10.85726547241211,106.6773681640625,10.857610702514648,544e664d-0823-4b65-afb7-e7232a0be0e2
1c2e39ef-74d9-4f18-9a27-a2884a26ff98,VN,VN-DN,locality,,land,Xã Tây Giang,"[[""en"", ""Tây Giang Commune""], [""vi"", ""Xã Tây Giang""]]",True,True,107.37691497802734,15.736404418945312,107.61320495605469,16.015399932861328,81048438-7c59-4f5f-a787-3f6954139469
1df85edc-62bb-47bf-a140-4f9b8b5ba52f,VN,VN-49,locality,,land,Xã Phước Mỹ Trung,,True,True,106.24844360351562,10.176627159118652,106.322265625,10.256997108459473,7eb8a241-31ba-4826-8a73-5cd421c2e229
b839fe92-670d-42f4-8a28-c88deec97727,VN,VN-49,locality,,land,Xã Quới Điền,,True,True,106.44252014160156,9.922406196594238,106.5229721069336,10.035593032836914,aafd0893-25fb-49fb-8a41-d598c94cb6dc
d604cbfc-1ec3-4cfb-ae85-f1a6ba380d87,VN,VN-SG,locality,,land,Xã Bàu Lâm,,True,True,107.3506851196289,10.669443130493164,107.50526428222656,10.804943084716797,66a68dfc-c528-4a67-b3e3-e35c5b4cd0d3
197c8e88-37e9-48e1-975f-4549c715a87f,VN,VN-35,microhood,,land,Quảng Trường 28 Tháng 3,,True,True,107.8057632446289,11.552197456359863,107.80690002441406,11.55363941192627,f8120b97-3d5e-4ad7-a18b-065568b308dc
70c08981-df8e-414f-b7b3-0ae7d33d6d90,VN,VN-44,locality,,land,Xã Vĩnh Hòa Hưng,"[[""zh-Hant"", ""永和興社""], [""fa"", ""قصبه وین‌هواهینگ""], [""zh-Hans"", ""永和兴社""], [""zh"", ""永和興社""]]",True,True,105.32322692871094,9.707972526550293,105.43733978271484,9.839874267578125,751dcb2b-e077-453d-bd66-68da0707ab33
f631e1ad-7567-4145-b47a-0f3cadca3a66,VN,VN-44,locality,,land,Xã Bình Mỹ,,True,True,105.18099212646484,10.458097457885742,105.34580993652344,10.560245513916016,0badea87-f627-4ba9-b916-cc35ced07e32
503d8323-d06b-481d-8487-b9df92ea3ea5,VN,VN-18,locality,,land,Phường Tam Điệp,"[[""en"", ""Tam Điệp Ward""], [""vi"", ""Phường Tam Điệp""]]",True,True,105.7933349609375,20.135438919067383,105.92939758300781,20.188098907470703,bc17dbb3-3075-4520-810d-69b3df62df4b
867e1e0b-667a-4992-93bd-3030d40b81d8,VN,VN-23,locality,,land,Xã Kỳ Văn,"[[""en"", ""Kỳ Văn Commune""], [""vi"", ""Xã Kỳ Văn""]]",True,True,106.10619354248047,18.03521728515625,106.27908325195312,18.159685134887695,153789ca-48eb-4dfb-9239-ef995923fe96
6aca1d92-b31f-4792-b912-4c5e00d6c752,VN,VN-SG,locality,,land,Phường Tân Sơn,,True,True,106.62787628173828,10.806174278259277,106.67861938476562,10.83725357055664,53447e3b-9374-4109-8d86-63068d2ea1df
18818181-6491-40ee-ba2e-a60c6270d2c1,VN,VN-CT,locality,,land,Xã Trung Hưng,,True,True,105.4540786743164,10.121188163757324,105.54602813720703,10.22551155090332,ceb4ca93-201b-4013-9f6f-4937c60fd0bc
6f8050e4-10bd-49d8-b6f0-549f3b45d237,VN,VN-SG,microhood,,land,A,,True,True,106.63050079345703,10.736920356750488,106.63153076171875,10.737679481506348,bd3be611-6c97-4ae9-9737-d629c8637c0f
0b089ca3-6050-49ad-91f0-73b05d2eee47,VN,VN-CT,locality,,land,Xã Trường Long Tây,,True,True,105.53234100341797,9.894304275512695,105.61911010742188,9.994168281555176,accfa643-da63-492d-a04e-568826847286
388ba448-70e3-4477-8c2d-856f0a8daaba,VN,VN-SG,locality,,land,Phường Gia Định,,True,True,106.68701171875,10.79165267944336,106.71141815185547,10.811184883117676,6b8b577f-2a80-4185-88ef-84443883165f
1d9cef1d-5acf-4f8d-b503-39091141fb26,VN,VN-SG,microhood,,land,B1,,True,True,106.6783447265625,10.860575675964355,106.67916870117188,10.860967636108398,cd272fda-4f44-4b7d-81ec-7e6bc6c498e9
8f044e41-6491-439c-a2b5-6dab2331c00d,VN,VN-18,locality,,land,Xã Nam Trực,"[[""en"", ""Nam Trực Commune""], [""vi"", ""Xã Nam Trực""]]",True,True,106.1622314453125,20.324888229370117,106.22559356689453,20.375080108642578,d8794152-58c3-4e27-ab0b-e8f3a2660718
6801017a-b558-4cc3-9413-ca7c2133b9c0,VN,VN-59,locality,,land,Phường Bạc Liêu,,True,True,105.67932891845703,9.257208824157715,105.74718475341797,9.321564674377441,24e612c6-c6c4-4026-ab80-f36ea4daf3ee
a2b4c661-ed13-42cc-b139-6aa70dbc3af4,VN,VN-CT,locality,,land,Xã Hỏa Lựu,,True,True,105.32852172851562,9.679533958435059,105.460205078125,9.757453918457031,8e5d29f5-1cfc-4271-a636-7f2bf742025d
73e4ac0e-19c5-4ad9-825f-c1dd767b13a4,VN,VN-26,locality,,land,Xã Lộc An,"[[""vi-Hani"", ""社祿安""], [""vi"", ""Xã Lộc An""], [""zh-Hans"", ""禄安社""], [""lzh"", ""祿安社""], [""zh-Hant"", ""祿安社""], [""en"", ""Lộc An Commune""], [""zh"", ""祿安社""]]",True,True,107.72264862060547,16.177379608154297,107.86249542236328,16.368146896362305,f1a51445-c7e7-4c81-b83e-ab8b3e1ebca5
fab4d342-9860-4512-8775-42e7ef704b2e,VN,VN-21,locality,,land,Xã Hồi Xuân,"[[""en"", ""Hồi Xuân Commune""], [""vi"", ""Xã Hồi Xuân""]]",True,True,105.00811004638672,20.330947875976562,105.1883316040039,20.473257064819336,7ebd52f0-ca3d-4c0e-a0d8-c6e6c8cf0782
efb5bc0f-9f49-45fc-a99e-df5aa76765bc,VN,VN-22,locality,,land,Phường Trường Vinh,"[[""en"", ""Trường Vinh Ward""], [""vi"", ""Phường Trường Vinh""]]",True,True,105.65392303466797,18.639318466186523,105.76896667480469,18.704198837280273,65c86bcd-3a7e-47f5-8129-d75cef36a7c2
dc0ff4dd-d57d-42ed-909c-5c1f8c218946,VN,VN-SG,locality,,land,Xã Bình Hưng,,True,True,106.62187957763672,10.66877269744873,106.69496154785156,10.741522789001465,9b9fd56f-66b2-40ef-92b1-3c652eb6d4f9
101a169b-c0a4-47dd-808f-2842410a776c,VN,VN-49,locality,,land,Xã Mỏ Cày,,True,True,106.28550720214844,10.072087287902832,106.35929870605469,10.152290344238281,035f1d03-6399-48a4-b92c-3999311f9e8b
d5b1679d-e4a6-4991-b723-65dc04b34abc,VN,VN-18,locality,,land,Xã Giao Hòa,"[[""en"", ""Giao Hòa Commune""], [""de"", ""Gemeinde Giao Hòa""], [""vi"", ""Xã Giao Hòa""]]",True,True,106.45182037353516,20.219003677368164,106.5479507446289,20.308984756469727,98df4b0f-c87a-41d4-9af8-fd0610735290
c03d8186-3ac3-483f-a2b5-8f40c59e239e,VN,VN-25,locality,,land,Xã Khe Sanh,"[[""vi-Hani"", ""社溪生""], [""vi"", ""Xã Khe Sanh""], [""zh-Hans"", ""溪生社""], [""lzh"", ""溪生社""], [""zh-Hant"", ""溪生社""], [""en"", ""Khe Sanh Commune""], [""zh"", ""溪生社""]]",True,True,106.64903259277344,16.537221908569336,106.82550048828125,16.6992130279541,a095559c-f36c-4843-8828-ef351e6b5903
cdbb46e6-95ac-4d16-bf52-2f43f87074b3,VN,VN-18,microhood,,land,Nhà Thờ Trực Tuấn,,True,True,106.27706146240234,20.272146224975586,106.27902221679688,20.273347854614258,9925e6cd-f924-4e81-84ec-e70fb317a393
b987188a-8f20-49fe-8736-a98b0a55c3e2,VN,VN-49,locality,,land,Xã Giồng Trôm,,True,True,106.47614288330078,10.115544319152832,106.55167388916016,10.19978141784668,e58163d9-a120-4e1a-9baf-7f0b1de6b418
1f2cae6b-9209-41e0-a210-72c261afe946,VN,VN-45,locality,,land,Xã Tân Thành,,True,True,105.4545669555664,10.830121994018555,105.58859252929688,10.964740753173828,8bd3381b-ccf6-4a85-ba18-f4ab86060d95
724e32bf-98c8-4a40-ad77-35f956892699,VN,VN-SG,locality,,land,Phường Bình Hòa,,True,True,106.69489288330078,10.865706443786621,106.74181365966797,10.942026138305664,9280f869-f0e4-4a79-99f0-8351916eb73d
14d0f84d-90ba-49f3-8bc3-14e0182b70f7,VN,VN-22,locality,,land,Xã Hải Lộc,"[[""en"", ""Hải Lộc Commune""], [""vi"", ""Xã Hải Lộc""]]",True,True,105.60324096679688,18.829511642456055,105.72386932373047,18.89529037475586,a284b0a7-742b-4dad-a2ac-84545853d221
1cc6391d-7b49-430a-9c7f-5e76d212e05e,VN,VN-59,locality,,land,Xã Trần Phán,"[[""zh-Hant"", ""陳販社""], [""fa"", ""قصبه چان‌فان""], [""zh-Hans"", ""陈贩社""], [""zh"", ""陳販社""]]",True,True,105.1023941040039,8.935030937194824,105.17855072021484,9.101243019104004,52cd3775-8d14-4da9-ac49-b9bd23161e71
cb0387e8-cf93-44de-b43b-43cd0f4f3b2f,VN,VN-37,locality,,land,Xã Mộc Hóa,,True,True,105.91785430908203,10.652875900268555,106.1150131225586,10.783449172973633,5629131c-3ed6-4bdc-a99c-346b4e3c3b66
bd6f7fd0-bf46-437f-93c0-bd6500a74d9d,VN,VN-21,locality,,land,Xã Bát Mọt,"[[""en"", ""Bát Mọt Commune""], [""vi"", ""Xã Bát Mọt""]]",True,True,104.9118881225586,19.93132209777832,105.09957885742188,20.096797943115234,79c118dc-e3e2-43d0-a8e9-fd1339b5fcfd
b7ae15d7-f1d8-4810-a622-5a250147cbb6,VN,VN-35,locality,,land,Xã Nghị Đức,,True,True,107.61650848388672,11.174507141113281,107.75096893310547,11.36819076538086,74b7a03f-edf8-4318-aae9-b6f4d4f2bf15
807462c6-641a-427a-a3f0-fc85ae429260,VN,VN-49,locality,,land,Xã Trung Thành,,True,True,106.12564086914062,10.033053398132324,106.20915985107422,10.102352142333984,eb4bddbd-f5de-4135-aebb-f77026dd03f5
45cb7108-ea53-496a-9302-63522a36d29a,VN,VN-45,locality,,land,Xã Phong Hòa,,True,True,105.59990692138672,10.134767532348633,105.72789001464844,10.265828132629395,bab8c382-83a0-4a41-9274-23df79a65c9c
90b374c8-aea6-4b1c-bedd-a05d438f00b7,VN,VN-49,locality,,land,Xã Lục Sĩ Thành,,True,True,105.83627319335938,9.88298225402832,105.9823226928711,9.998690605163574,f9d5e403-faf7-430d-840e-a55e8b4c1b18
907fc6e9-2071-4495-9144-303be005395a,VN,VN-SG,microhood,,land,BT2,,True,True,106.65946197509766,10.872469902038574,106.6602554321289,10.872861862182617,f52a9fb9-5b67-465b-8970-a1a41888bbc9
8fd222ac-f27f-4e54-8348-3a5d892b909a,VN,VN-21,locality,,land,Xã Quảng Bình,"[[""en"", ""Quảng Bình Commune""], [""vi"", ""Xã Quảng Bình""]]",True,True,105.77327728271484,19.64539337158203,105.8459701538086,19.696849822998047,b32d6baf-a868-4393-bc98-dc9d5b8d8e3f
d2175446-a642-4050-afe9-379de6117e89,VN,VN-SG,region,1,maritime,Thành phố Hồ Chí Minh,"[[""bs"", ""Grad Ho Chi Minh""], [""hr"", ""Grad Ho Chi Minh""], [""ar"", ""مدينة هو تشي منه""], [""fr"", ""Hô Chi Minh-Ville""], [""lv"", ""Hošiminas pilsēta""], [""uk"", ""Хошімін""], [""pt-PT"", ""Cidade de Ho Chi Minh""], [""pt"", ""Cidade de Ho Chi Minh""], [""cs"", ""Ho Či Minovo Město""], [""el"", ""Ho Chi Minh City""], [""it"", ""Provincia di Ho Chi Minh""], [""ca"", ""Ciutat Ho Chi Minh""], [""pt-BR"", ""Cidade de Ho Chi Minh""], [""vi-Hani"", ""庯胡志明""], [""vi"", ""Thành phố Hồ Chí Minh""], [""nl"", ""Ho Chi Minhstad""], [""zh-Hans"", ""胡志明市""], [""bg"", ""Град Хо Ши Мин""], [""ko"", ""호치민시""], [""eo"", ""Ho-Chi-Minh-urbo""], [""et"", ""Ho Chi Minhi linn""], [""de"", ""Ho-Chi-Minh-Stadt""], [""ru"", ""Хошимин""], [""th"", ""นครโฮจิมินห์""], [""id"", ""Kota Ho Chi Minh""], [""sr-Latn"", ""Ho Či Min Siti""], [""sv"", ""Ho Chi Minh-staden""], [""tr"", ""Ho Chi Minh""], [""da"", ""Ho Chi Minh City""], [""sr-Cyrl"", ""Хо Ши Мин""], [""zh-Hant"", ""胡志明市""], [""en"", ""Ho Chi Minh City""], [""he"", ""הו צ'י מין סיטי""], [""sk"", ""Hočiminovo Mesto""], [""es"", ""Ciudad Ho Chi Minh""], [""ja"", ""ホーチミン市""], [""fi"", ""Ho Chi Minh City""], [""ro"", ""Ho Și Min""], [""lt"", ""Ho Či Minis""], [""no"", ""Ho Chi Minh by""], [""sl"", ""Ho Chi Minh City""], [""zh"", ""胡志明市""], [""ms"", ""Kota Ho Chi Minh""], [""hu"", ""Ho Chi Minh City""], [""pl"", ""Ho Chi Minh""]]",False,True,105.97693634033203,8.345687866210938,108.43112182617188,11.501588821411133,df139f72-4fd4-4eae-9967-c63100132528
ab3482c1-e78f-42e0-800e-b2f0363f55c0,VN,VN-DN,locality,,land,Xã Bà Nà,"[[""en"", ""Bà Nà Commune""], [""vi"", ""Xã Bà Nà""]]",True,True,107.95787048339844,15.992982864379883,108.1706771850586,16.107391357421875,43b0448b-bcfb-4ccb-90df-257029709351
a2b9f981-d859-46d9-8b14-edd487b4f413,VN,VN-30,locality,,land,Xã Bờ Ngoong,,True,True,107.99805450439453,13.747475624084473,108.17620849609375,13.862741470336914,05296306-afcf-4d1a-9457-fff127e17401
d5aeec5a-fd42-46d5-b2ac-510c6e44a2e6,VN,VN-37,locality,,land,Xã Mỹ Hạnh,,True,True,106.42403411865234,10.793722152709961,106.52592468261719,10.890336990356445,8a7f1be9-6527-4fbc-a057-e22a11efbf11
54b09558-4144-4561-b86b-0ae79e865990,VN,VN-SG,locality,,land,Xã Châu Đức,,True,True,107.138427734375,10.680806159973145,107.30049896240234,10.774850845336914,42840c5b-3749-4c3a-9a75-5c20ccaac3a5
cb6c909e-a120-429d-9d84-de61d48db601,VN,VN-45,locality,,land,Xã Chợ Gạo,"[[""vi"", ""Chợ Gạo""]]",True,True,106.404541015625,10.341826438903809,106.48041534423828,10.393455505371094,81d7acff-576c-400c-920c-152eceb955a2
26279afa-b0ee-42a0-99b4-1b10699b2c2e,VN,VN-23,locality,,land,Xã Đồng Tiến,"[[""en"", ""Đồng Tiến Commune""], [""vi"", ""Xã Đồng Tiến""]]",True,True,105.96246337890625,18.303274154663086,106.02758026123047,18.383527755737305,8898710d-f1a1-4145-8479-d1c9f554c647
3978b6a5-8928-4730-b1dc-3713093ed2d0,VN,VN-25,locality,,land,Phường Nam Đông Hà,"[[""vi-Hani"", ""坊南東河""], [""vi"", ""Phường Nam Đông Hà""], [""zh-Hans"", ""南东河坊""], [""lzh"", ""南東河坊""], [""zh-Hant"", ""南東河坊""], [""en"", ""Nam Đông Hà Ward""], [""zh"", ""南東河坊""]]",True,True,107.05773162841797,16.763229370117188,107.14884948730469,16.84230613708496,64879aa3-30a6-4853-b036-f33fc819e945
edb87216-c4b9-47a3-be67-a10f73bbb93e,VN,VN-45,microhood,,land,Quảng trường Thành phố Sa Đéc,,True,True,105.75208282470703,10.290277481079102,105.75543212890625,10.293060302734375,cdda5667-125f-48bd-999b-6a39818ede31
3af99f96-9360-4ce0-a9ca-5b7a8edcc4a7,VN,VN-44,locality,,land,Xã Hòn Đất,"[[""zh-Hans"", ""块坦社""], [""ko"", ""혼닷사""], [""zh-Hant"", ""塊坦社""], [""fa"", ""قصبه هون‌دات""], [""zh"", ""塊坦社""]]",True,True,104.82160949707031,10.08623218536377,105.0408935546875,10.333609580993652,ab400b51-bddf-4253-b12d-5a160aae9f1a
d184903e-85aa-442c-8f84-935faf0c7756,VN,VN-25,locality,,land,Xã Phong Nha,"[[""vi-Hani"", ""社峰衙""], [""vi"", ""Xã Phong Nha""], [""zh-Hans"", ""峰衙社""], [""lzh"", ""峰衙社""], [""zh-Hant"", ""峰衙社""], [""en"", ""Phong Nha Commune""], [""zh"", ""峰衙社""]]",True,True,106.07801055908203,17.503568649291992,106.35238647460938,17.7293758392334,1ae3aae3-d0dd-4291-a423-91885a49c347
b0b6ad6c-9397-4721-ac13-4f5e9c452e10,VN,VN-37,locality,,land,Xã Mỹ Thạnh,,True,True,106.30471801757812,10.579038619995117,106.39634704589844,10.695085525512695,0fe96c02-4113-442e-a717-1dedc9186ca2
b216b062-ab75-4729-9b2a-ca2e5e6130d9,VN,VN-CT,locality,,land,Xã Thạnh An,,True,True,105.22567749023438,10.100736618041992,105.35665130615234,10.253363609313965,38908f24-1cfb-4ba9-abf8-4d47d55231f6
685b8aba-c182-4de9-8098-1e8adf86ef9b,VN,VN-44,locality,,land,Xã Gò Quao,"[[""zh-Hans"", ""𫭟槁社""], [""ko"", ""고꽈오시""], [""zh-Hant"", ""塸槁社""], [""fa"", ""قصبه گوکواو""], [""zh"", ""塸槁社""]]",True,True,105.24092102050781,9.674911499023438,105.34635925292969,9.806571006774902,b514831c-b310-482e-ad01-0545b3b8f379
930d640d-9cc3-4de3-8a30-0f59434fb334,VN,VN-35,locality,,land,Xã Quảng Hòa,,True,True,107.98699951171875,12.11581039428711,108.11639404296875,12.210114479064941,ec64e04f-3a50-482a-89c3-09e75dd5fe6e
ea9fdf4f-37c5-4991-9946-01c4e9c72e9c,VN,VN-18,locality,,land,Phường Đông Hoa Lư,"[[""en"", ""Đông Hoa Lư Ward""], [""vi"", ""Phường Đông Hoa Lư""]]",True,True,105.98517608642578,20.193134307861328,106.0497055053711,20.255403518676758,9b3e2966-89c7-4b34-ac1a-daf214c3c309
7ec53b55-d98f-4516-b519-b39dee5d98c5,VN,VN-21,locality,,land,Xã Cẩm Thạch,"[[""en"", ""Cẩm Thạch Commune""], [""vi"", ""Xã Cẩm Thạch""]]",True,True,105.31352233886719,20.170997619628906,105.45496368408203,20.3048095703125,3d70fdc3-e6dc-4a9f-a3d9-541e4f44c440
f4bdc01f-9ea1-47aa-94cc-2372bec202df,VN,VN-22,locality,,land,Xã Tân Kỳ,"[[""en"", ""Tân Kỳ Commune""], [""vi"", ""Xã Tân Kỳ""]]",True,True,105.21087646484375,19.004051208496094,105.39393615722656,19.143695831298828,86e5f31b-33d5-4c9a-9b56-f8b1d3f5538f
e1c53486-b2cb-44b5-b62a-292aaadbc24a,VN,VN-49,locality,,land,Phường Tân Hạnh,,True,True,105.9146728515625,10.196250915527344,105.96155548095703,10.246175765991211,7d2d7b25-632b-4e00-8387-71c864bdce0d
831a6bf5-3076-4f69-abbd-22bce9b587ff,VN,VN-21,locality,,land,Làng Đòn,,True,True,105.37115478515625,20.352262496948242,105.37910461425781,20.35612678527832,41cab330-7f4b-4741-94e5-622f313547d3
52ed0890-0b33-40d6-a01a-52b723a1cd58,VN,VN-SG,microhood,,land,C6,,True,True,106.677490234375,10.858099937438965,106.67815399169922,10.85837459564209,706cbb0e-e3eb-4a1a-b303-fb1a0f5ae8ed
27e3a396-8388-4663-acf9-8adc26f897d8,VN,VN-25,locality,,land,Xã Hướng Hiệp,"[[""vi-Hani"", ""社向協""], [""vi"", ""Xã Hướng Hiệp""], [""zh-Hans"", ""向协社""], [""lzh"", ""向協社""], [""zh-Hant"", ""向協社""], [""en"", ""Hướng Hiệp Commune""], [""zh"", ""向協社""]]",True,True,106.71165466308594,16.624479293823242,106.9329833984375,16.834257125854492,e52e2891-591a-4864-9ffc-4c08f4fe013b
37dc15ba-2571-4b48-9e3e-e62aff6f9b59,VN,VN-21,locality,,land,Phường Tĩnh Gia,"[[""en"", ""Tĩnh Gia Ward""], [""de"", ""Stadtviertel Tĩnh Gia""], [""vi"", ""Phường Tĩnh Gia""]]",True,True,105.72455596923828,19.401838302612305,105.81355285644531,19.483015060424805,a84054d0-b35d-4d20-8536-73e4b16584bf
6cbede5f-89bc-4a1a-969e-7b2f853cf538,VN,VN-35,locality,,land,Xã Nhân Cơ,,True,True,107.52903747558594,11.864771842956543,107.6620101928711,12.051825523376465,ede76537-fc2f-49ee-8425-29585291ae36
eb6f9df2-eb42-430e-9707-9618ec8867bd,VN,VN-21,locality,,land,Xã Cổ Lũng,"[[""en"", ""Cổ Lũng Commune""], [""vi"", ""Xã Cổ Lũng""]]",True,True,105.094970703125,20.407079696655273,105.2674560546875,20.57304573059082,2a7fb094-23ce-4b61-8013-0a6174d75f9f
287be27e-8e7b-40b2-b4c5-4eaed572be92,VN,VN-68,locality,,land,Xã Đại Đồng,"[[""en"", ""Đại Đồng Commune""], [""vi"", ""Xã Đại Đồng""]]",True,True,105.4443359375,20.359840393066406,105.56282806396484,20.44517707824707,4a86e762-7216-4f9b-8c9b-d366422ff649
a75a7d89-4107-4185-b334-d8d1fcc1a7ea,VN,VN-SG,microhood,,land,Lô Tiền Chế,,True,True,106.63114929199219,10.749703407287598,106.63211822509766,10.75024127960205,5772f0e7-b44f-4d61-8d25-c9efc4a93a6d
c0ae0565-bd72-41d2-90f9-8f5e0884a9b8,VN,VN-23,locality,,land,Xã Sơn Kim 1,"[[""en"", ""Sơn Kim 1 Commune""], [""vi"", ""Xã Sơn Kim 1""]]",True,True,105.10345458984375,18.31443977355957,105.295166015625,18.529687881469727,8087ae44-46ff-4116-bbd7-2c49eb588376
33d968a7-e2d2-4def-af93-59b78c489350,VN,VN-44,locality,,land,Xã Cô Tô,"[[""zh-Hant"", ""姑蘇社""], [""fa"", ""قصبه کوتو""], [""zh-Hans"", ""姑苏社""], [""zh"", ""姑蘇社""]]",True,True,104.99279022216797,10.2708101272583,105.12483978271484,10.439230918884277,8783e3a7-403b-428c-8c8b-ee153ab45e4d
7204d501-9271-4e69-88da-89e0940ebe0b,VN,VN-66,locality,,land,Xã Bình Thanh,"[[""en"", ""Bình Thanh Commune""], [""vi"", ""Xã Bình Thanh""]]",True,True,106.39842224121094,20.29570770263672,106.45852661132812,20.368818283081055,d2271962-029f-43be-a228-aa3d35d53330
501a0259-4dc4-4ce8-b9ff-915f2d5ea1fb,VN,VN-44,locality,,land,Xã Chợ Mới,,True,True,105.35196685791016,10.481678009033203,105.44210815429688,10.575767517089844,b892b290-0625-4fb2-a2ff-a3e428c906f2
71896622-e0a1-47b3-af0d-b8516b90ab5a,VN,VN-SG,locality,,land,Phường Gò Vấp,,True,True,106.66357421875,10.82618522644043,106.68213653564453,10.852067947387695,0d1374d8-035c-4bfc-abda-bc199a3f6a52
10ae6309-d2ad-4e10-a003-3970a09e2aa0,VN,VN-49,locality,,land,Phường Nguyệt Hóa,,True,True,106.27935028076172,9.902894020080566,106.34005737304688,9.963923454284668,f665368a-7bc6-4714-a844-1b4a98c05d3e
6d08593d-30a1-4261-8af4-6ecc527a4c24,VN,VN-37,locality,,land,Phường Long An,,True,True,106.36890411376953,10.506898880004883,106.44241333007812,10.57860279083252,63f38d2c-322f-4d08-8968-ca8445f13b6a
da2e2cdf-fbdd-427b-8581-a5a068706e50,VN,VN-59,locality,,land,Xã Phú Mỹ,"[[""zh-Hant"", ""富美社""], [""fa"", ""قصبه فومی""], [""zh-Hans"", ""富美社""], [""zh"", ""富美社""]]",True,True,104.85894775390625,8.906082153320312,104.97595977783203,9.010787010192871,cba1d8cf-d95c-42f1-9c1c-10def9cfbe78
a3d08f68-958d-480d-ab92-9eceefa9ab72,VN,VN-18,locality,,land,Xã Giao Phúc,"[[""en"", ""Giao Phúc Commune""], [""de"", ""Gemeinde Giao Phúc""], [""vi"", ""Xã Giao Phúc""]]",True,True,106.43451690673828,20.215728759765625,106.49976348876953,20.279483795166016,8760bf25-410b-4ac8-8147-c7c41a7408d4
17cb5c40-3616-4131-a196-343894a12ce8,VN,VN-49,locality,,land,Xã Đôn Châu,,True,True,106.31668853759766,9.61776065826416,106.40817260742188,9.699281692504883,d1e0c259-7019-44c3-90ac-f93da06d92f0
1eef2252-441f-460c-b00a-648dce8540a8,VN,VN-37,locality,,land,Xã Hảo Đước,,True,True,105.9512939453125,11.274331092834473,106.03443145751953,11.452744483947754,fa09c06f-122a-4faa-91b7-dd71d306eaa1
67101099-4ce5-4022-8e16-9d0a90e7b6ec,VN,VN-30,locality,,land,Xã Ia Ly,,True,True,107.65795135498047,14.122465133666992,107.8970718383789,14.275850296020508,14e5a306-3d0c-4dec-ad9c-7add6199b476
250ad1e7-edce-4743-b747-f5b538f039b0,VN,VN-39,locality,,land,Xã Định Quán,,True,True,107.25218963623047,11.045147895812988,107.46221923828125,11.24770450592041,97b214aa-43bd-4abe-bb2c-09bc0da0063b
98eb3ede-f8cd-472e-928b-2c8d1e8a15c2,VN,VN-45,locality,,land,Xã Tân Nhuận Đông,"[[""vi"", ""Tân Nhuận Đông""]]",True,True,105.78114318847656,10.148750305175781,105.88337707519531,10.28146743774414,725ef59c-08b5-412e-bc9d-65e6e2a0e134
cd355d7b-2acb-4f8b-95f5-a8573d336c06,VN,VN-44,locality,,land,Xã Vĩnh Trạch,"[[""zh-Hant"", ""永澤社""], [""fa"", ""قصبه وین‌چاچ""], [""zh-Hans"", ""永泽社""], [""zh"", ""永澤社""]]",True,True,105.29580688476562,10.23435115814209,105.37471771240234,10.354917526245117,c85b6b0c-f4d7-41f5-a8f2-459d6d68480f
a73c2ac0-6042-4c6c-b1f9-d44b3b0d83c2,VN,VN-CT,locality,,land,Xã Cờ Đỏ,,True,True,105.36433410644531,10.025277137756348,105.44976806640625,10.112871170043945,ab12b9ed-d4dc-4d2a-88cc-065253926a65
1bc349f1-bf42-4142-bbdf-a362395522a4,VN,VN-26,locality,,land,Xã Phú Lộc,"[[""vi-Hani"", ""社富祿""], [""vi"", ""Xã Phú Lộc""], [""zh-Hans"", ""富禄社""], [""ko"", ""푸록""], [""lzh"", ""富祿社""], [""zh-Hant"", ""富祿社""], [""en"", ""Phú Lộc Commune""], [""zh"", ""富祿社""]]",True,True,107.83959197998047,16.163782119750977,107.95487213134766,16.35365104675293,720406c7-ee18-4c70-9ceb-673e65b476ed
dffe0d1c-fc4c-4b17-8c88-92a53e7d78c7,VN,VN-45,locality,,land,Xã Phú Cường,,True,True,105.57244110107422,10.631603240966797,105.68144989013672,10.823317527770996,5fc1e00a-0d9a-485c-a657-442ab290d06c
8405edd8-7e50-4cae-8df3-4f797dd34b16,VN,VN-SG,microhood,,land,N,,True,True,106.6285171508789,10.753267288208008,106.62896728515625,10.753655433654785,f4c5c55f-d969-419d-9dae-483c4af60deb
105106e5-0601-4b66-83e4-bc5def6fe017,VN,VN-35,locality,,land,Xã Hòa Ninh,,True,True,107.89530181884766,11.478327751159668,108.00025939941406,11.634635925292969,c5b2ccfc-e503-49b3-b40d-5a1b26352a89
edfa8100-a19a-4e8a-bb29-952099639f55,VN,VN-25,locality,,land,Xã Minh Hóa,"[[""vi-Hani"", ""社明化""], [""vi"", ""Xã Minh Hóa""], [""zh-Hans"", ""明化社""], [""lzh"", ""明化社""], [""zh-Hant"", ""明化社""], [""en"", ""Minh Hóa Commune""], [""zh"", ""明化社""]]",True,True,105.8846435546875,17.76909065246582,106.03294372558594,17.947574615478516,debbfe55-41c5-48a4-8fe0-065cb1a67d37
dc6943e2-3961-497a-bd8e-6ec2ad5d6c8a,VN,VN-SG,locality,,land,Phường Tân Định,,True,True,106.68485260009766,10.784682273864746,106.70358276367188,10.79694938659668,5aa9ba0b-3375-4b49-bd64-23ab60298d51
f1515b49-9707-4a20-b228-a8cc5492d568,VN,VN-49,locality,,land,Xã Bình Phú,,True,True,106.21064758300781,9.914017677307129,106.30957794189453,10.002534866333008,084e76f6-ec99-4e6d-bee1-5c60eb0c224c
9a137193-51f7-40a6-a8ef-3ebb78ae83f9,VN,VN-23,locality,,land,Xã Đức Quang,"[[""en"", ""Đức Quang Commune""], [""vi"", ""Xã Đức Quang""]]",True,True,105.59602355957031,18.509897232055664,105.6738052368164,18.584260940551758,59c003d9-e6f7-4416-ae6f-a586166111ba
bd8aa37a-0e17-465d-9f8a-9aff5be10c8b,VN,VN-39,locality,,land,Xã Bàu Hàm,,True,True,107.03938293457031,10.949991226196289,107.12889099121094,11.102739334106445,a7c6bef6-103f-44c5-892a-fd36ee655cd0
dcbd7a24-011f-4622-b054-a8a02b6645b9,VN,VN-39,locality,,land,Phường Long Khánh,,True,True,107.22309112548828,10.908036231994629,107.30961608886719,10.944028854370117,4cf3a486-0238-468d-865d-59ad10ba8657
6547c157-1b2c-47e9-a3a9-06fab3ce4f9c,VN,VN-30,locality,,land,Xã Chư Prông,,True,True,107.80680084228516,13.709561347961426,107.98501586914062,13.835004806518555,e84f4a25-14ee-4c2d-8677-bdd48b8b28de
d8044f2d-8243-4127-954c-e7cd19e792bd,VN,VN-39,locality,,land,Xã Nghĩa Trung,"[[""zh-Hant"", ""義中社""], [""zh"", ""義中社""]]",True,True,107.04878997802734,11.571110725402832,107.18267822265625,11.799052238464355,a285e18c-b53f-4b0f-95cd-afbef13f2e27
05ffb1a3-e386-4a0b-a1b9-4be883df65ec,VN,VN-21,locality,,land,Xã Hoằng Phú,"[[""en"", ""Hoằng Phú Commune""], [""vi"", ""Xã Hoằng Phú""]]",True,True,105.78690338134766,19.882875442504883,105.82398986816406,19.931076049804688,164c63e8-7ff1-4ff2-8703-9a490dac4d72
47df78f2-0777-4940-b28a-33f32db023ad,VN,VN-25,locality,,land,Phường Bắc Gianh,"[[""vi-Hani"", ""坊北淨""], [""vi"", ""Phường Bắc Gianh""], [""zh-Hans"", ""北净坊""], [""lzh"", ""北淨坊""], [""zh-Hant"", ""北淨坊""], [""en"", ""Bắc Gianh Ward""], [""zh"", ""北淨坊""]]",True,True,106.41983032226562,17.703861236572266,106.4911117553711,17.773277282714844,d9d48ebe-14b3-454b-98db-47eb836146db
5532f396-2929-4fac-9fbf-7ccfdb88dde5,VN,VN-22,locality,,land,Xã Hoa Quân,"[[""en"", ""Hoa Quân Commune""], [""vi"", ""Xã Hoa Quân""]]",True,True,105.2057876586914,18.66326141357422,105.36888885498047,18.798646926879883,2cec948d-0bfc-4921-880c-e514c26ee4d7
41e7a08e-0751-45a2-a12a-5440062dc7fd,VN,VN-44,locality,,land,Xã Ngọc Chúc,"[[""zh-Hant"", ""玉祝社""], [""fa"", ""قصبه نگوک‌چوک""], [""zh-Hans"", ""玉祝社""], [""zh"", ""玉祝社""]]",True,True,105.31446838378906,9.856315612792969,105.47893524169922,9.969048500061035,ac598098-9c1c-44e6-8205-057befbd918e
6e1454cc-8a97-4464-b609-9392497a7cb9,VN,VN-21,locality,,land,Xã Quang Chiểu,"[[""en"", ""Quang Chiểu Commune""], [""vi"", ""Xã Quang Chiểu""]]",True,True,104.37593841552734,20.413095474243164,104.53646087646484,20.51268196105957,d5bf05e1-381b-4cbb-bc1b-5a2ec6e91acb
277e0311-45f4-4a08-b4b3-e94ff554de51,VN,VN-26,locality,,land,Xã A Lưới 5,"[[""vi-Hani"", ""社阿䋥5""], [""vi"", ""Xã A Lưới 5""], [""zh-Hans"", ""阿䋥5社""], [""lzh"", ""阿䋥5社""], [""zh-Hant"", ""阿䋥5社""], [""en"", ""A Lưới 5 Commune""], [""zh"", ""阿䋥5社""]]",True,True,107.2473373413086,16.01490020751953,107.52954864501953,16.383277893066406,160672bf-c5de-49f7-a707-a8e97395a7a9
c24c7d92-0487-47fb-ac96-5737d9133e35,VN,VN-68,locality,,land,Xã Quyết Thắng,"[[""en"", ""Quyết Thắng Commune""], [""vi"", ""Xã Quyết Thắng""]]",True,True,105.30439758300781,20.427993774414062,105.42748260498047,20.520221710205078,10c0eaad-a7a5-4f7f-8ecb-4fb9f5c0ca69
50e2b861-959d-451e-b739-6b6826de5dbd,VN,VN-21,locality,,land,Xã Ba Đình,"[[""en"", ""Ba Đình Commune""], [""vi"", ""Xã Ba Đình""]]",True,True,105.90998840332031,20.005802154541016,105.99713134765625,20.068674087524414,a7ea94ed-38fd-45fc-8189-9cbadb5921a0
58f416e4-bd3e-45aa-952c-cd6e9b5470c6,VN,VN-45,locality,,land,Xã Hậu Mỹ,,True,True,105.93962860107422,10.405904769897461,106.00939178466797,10.536484718322754,9f0837c9-af79-4cb5-9568-587face913ac
8bccd861-4c4c-4c49-84c0-43d9e02d37d5,VN,VN-35,locality,,land,Xã Tánh Linh,,True,True,107.55290222167969,10.974044799804688,107.83279418945312,11.198423385620117,51189a5c-4959-4b7c-9072-90e01893651a
a33d4484-3e00-49a4-b190-1d21912871f0,VN,VN-21,locality,,land,Phường Sầm Sơn,"[[""en"", ""Sầm Sơn Ward""], [""de"", ""Stadtviertel Sầm Sơn""], [""vi"", ""Phường Sầm Sơn""]]",True,True,105.84886932373047,19.720434188842773,105.93344116210938,19.78597640991211,c3dcff7f-9ddc-4ebb-956f-12f7036b2269
85e250e0-2995-47c1-8e43-8da7460aa9d0,VN,VN-59,locality,,land,Xã Biển Bạch,"[[""zh-Hant"", ""𤅶白社""], [""fa"", ""قصبه بیئن‌باچ""], [""zh-Hans"", ""𣷷白社""], [""zh"", ""𤅶白社""]]",True,True,104.96015167236328,9.36608600616455,105.136962890625,9.558500289916992,0ca8a535-bb00-477c-9ebd-df6368c3cc59
dd7b71ad-ec48-4ab6-b3a9-730265e73c15,VN,VN-21,locality,,land,Xã Thọ Ngọc,"[[""en"", ""Thọ Ngọc Commune""], [""vi"", ""Xã Thọ Ngọc""]]",True,True,105.48992156982422,19.819740295410156,105.54398345947266,19.891210556030273,194d7454-d65e-445e-ab25-d0b453176da0
e69d546f-555e-401d-b30f-cd568e16fc11,VN,VN-29,locality,,land,Phường Kon Tum,,True,True,107.98675537109375,14.325936317443848,108.04341125488281,14.383088111877441,4a5f985e-71e2-492e-afe3-b7f73935861d
ee3b4936-0a12-419b-b309-2992971fc3d1,VN,VN-SG,locality,,land,Phường Tân Sơn Hòa,,True,True,106.65917205810547,10.790763854980469,106.67611694335938,10.819519996643066,0ea475ff-42e3-4c40-8ef0-5b6e9f52200b
9a119b30-dadc-4ae4-bb50-4e32cce3f6cd,VN,VN-SG,locality,,land,Phường Hòa Lợi,,True,True,106.60397338867188,11.034215927124023,106.69420623779297,11.131789207458496,b2a8bae3-2c54-4fbf-97fe-982dfc7b5c09
6e8c1043-0988-44ab-b323-69ec2a659f3f,VN,VN-CT,locality,,land,Xã Thạnh Quới,,True,True,105.28179931640625,10.146933555603027,105.41421508789062,10.277071952819824,6c4a940b-852e-46df-9e30-650f9c386941
0726fce5-419e-4cdb-970c-2f4bd4b6ca39,VN,VN-45,locality,,land,Xã Thường Phước,,True,True,105.18556213378906,10.802336692810059,105.29589080810547,10.91156005859375,637daf88-a31c-488e-9f29-8084aed35a89
28ec1bac-e200-4538-a840-a867814d801a,VN,VN-25,locality,,land,Xã Triệu Bình,"[[""vi-Hani"", ""社肇平""], [""vi"", ""Xã Triệu Bình""], [""zh-Hans"", ""肇平社""], [""lzh"", ""肇平社""], [""zh-Hant"", ""肇平社""], [""en"", ""Triệu Bình Commune""], [""zh"", ""肇平社""]]",True,True,107.12468719482422,16.78167724609375,107.21133422851562,16.867008209228516,8d0f237f-3a34-4f4d-ac05-77bc274b2d69
93ac1f74-5ad9-48c6-a9fd-a569e9a571ba,VN,VN-23,locality,,land,Xã Tùng Lộc,"[[""en"", ""Tùng Lộc Commune""], [""vi"", ""Xã Tùng Lộc""]]",True,True,105.78145599365234,18.4368953704834,105.8319320678711,18.54732894897461,866a5a16-4fef-4d96-a046-ac4c2a8e2cfd
672170f1-99d5-456f-acc7-f7228d0dfb01,VN,VN-39,locality,,land,Xã Tân Hưng,,True,True,106.61504364013672,11.585898399353027,106.78263854980469,11.783527374267578,256cdb21-7638-4c4f-9d6f-4baf3f89f845
2a1dd64f-82ee-471e-b2cd-5b9f2934b282,VN,VN-44,locality,,land,Xã Phú Tân,,True,True,105.29376983642578,10.54127025604248,105.36851501464844,10.61239242553711,991d2b39-bb64-4ef5-a194-d8b2fbf646f3
8d016358-a6e5-4dfa-85a8-575aeba3c8c5,VN,VN-23,locality,,land,Xã Thạch Khê,"[[""en"", ""Thạch Khê Commune""], [""vi"", ""Xã Thạch Khê""]]",True,True,105.90270233154297,18.367237091064453,105.98245239257812,18.4720458984375,fdcfb2b3-e41f-4a78-9396-9ec9171df6b9
0a56801d-d2ce-474b-b161-df1b10a1fb14,VN,VN-25,locality,,land,Xã Cửa Tùng,"[[""vi-Hani"", ""社𨷶從""], [""vi"", ""Xã Cửa Tùng""], [""zh-Hans"", ""𨷶从社""], [""lzh"", ""𨷶從社""], [""zh-Hant"", ""𨷶從社""], [""en"", ""Cửa Tùng Commune""], [""zh"", ""𨷶從社""]]",True,True,107.03719329833984,16.990032196044922,107.11711120605469,17.106159210205078,adf8351c-fb25-400a-8502-792fbee42ff3
73bd665b-f9b3-452f-b8fc-d82dc4725114,VN,VN-44,locality,,land,Xã Định Hòa,"[[""zh-Hant"", ""定和社""], [""fa"", ""قصبه دین‌هوا""], [""zh-Hans"", ""定和社""], [""zh"", ""定和社""]]",True,True,105.13602447509766,9.718729019165039,105.29435729980469,9.853179931640625,d10b33d2-60bc-481a-8cb3-8fae6408ccc7
8890517f-b0dd-4aee-9781-feb4d3f19502,VN,VN-DN,locality,,land,Xã Phước Hiệp,"[[""en"", ""Phước Hiệp Commune""], [""vi"", ""Xã Phước Hiệp""]]",True,True,107.81295013427734,15.366710662841797,108.0230484008789,15.570582389831543,79cd8300-0956-4c51-8759-66b022d63042
1a76831e-ad99-4d61-8567-6f4af26889fb,VN,VN-45,locality,,land,Xã Mỹ Lợi,,True,True,105.84561157226562,10.31582260131836,105.9264907836914,10.43075180053711,740fdc25-a922-4f90-ae72-66962d47bd37
66c2bb5d-33f9-4d68-a6be-39cae800421b,VN,VN-35,locality,,land,Xã Đinh Trang Thượng,,True,True,107.89634704589844,11.611390113830566,108.08554077148438,11.820619583129883,7c6ddd27-0db8-4055-aa9e-3720efd1bdbc
918d38e9-7cb0-4d3b-bd8d-046435d35883,VN,VN-21,locality,,land,Xã Mậu Lâm,"[[""en"", ""Mậu Lâm Commune""], [""vi"", ""Xã Mậu Lâm""]]",True,True,105.53456115722656,19.63862419128418,105.64436340332031,19.735992431640625,a36b7ec3-b401-49e0-a1a2-28ef2a3df2f4
52b1b21e-d8b8-40e6-ac98-aed8e476f642,VN,VN-25,locality,,land,Xã Triệu Cơ,"[[""vi-Hani"", ""社肇基""], [""vi"", ""Xã Triệu Cơ""], [""zh-Hans"", ""肇基社""], [""lzh"", ""肇基社""], [""zh-Hant"", ""肇基社""], [""en"", ""Triệu Cơ Commune""], [""zh"", ""肇基社""]]",True,True,107.19922637939453,16.760337829589844,107.3089370727539,16.83784294128418,aceb7b98-20de-4f2b-8161-b8f1011edac0
613ff888-4693-48f5-a0d1-630b1a5d60da,VN,VN-18,locality,,land,Xã Nam Đồng,"[[""en"", ""Nam Đồng Commune""], [""vi"", ""Xã Nam Đồng""]]",True,True,106.14774322509766,20.251256942749023,106.21566009521484,20.321613311767578,9531931d-98fc-4614-b4a8-11bc53697539
5eb65ab3-9101-48d6-9897-eda56d1d966c,VN,VN-SG,locality,,land,Phường An Hội Tây,,True,True,106.63194274902344,10.828197479248047,106.65718078613281,10.860793113708496,c6e90744-1405-472c-af2a-6af6f7e21856
07c38212-e77d-4be0-9ead-a5b5f1513c32,VN,VN-49,locality,,land,Xã An Trường,,True,True,106.11268615722656,9.910587310791016,106.21734619140625,10.00499153137207,d8e3ba35-6308-4502-8cfd-8ea6e3f3a859
ed2c2288-2f87-439a-8705-eedca0585085,VN,VN-59,locality,,land,Xã Khánh Lâm,"[[""zh-Hant"", ""慶林社""], [""fa"", ""قصبه خان‌لام""], [""zh-Hans"", ""庆林社""], [""zh"", ""慶林社""]]",True,True,104.82315826416016,9.273436546325684,105.01834869384766,9.397636413574219,d7e6955d-0ffb-49df-868c-03a7507854d9
bd030821-6f41-4be9-b971-ba628c2db5a6,VN,VN-18,locality,,land,Xã Phú Long,"[[""en"", ""Phú Long Commune""], [""vi"", ""Xã Phú Long""]]",True,True,105.69317626953125,20.16838836669922,105.83130645751953,20.25650405883789,900734fa-1d7d-4af9-bba6-041acb24db96
1befc346-b77a-4545-90f7-b64f1d6216d3,VN,VN-37,locality,,land,Phường Trảng Bàng,,True,True,106.27056884765625,10.994784355163574,106.38024139404297,11.058180809020996,a167cfd3-ffff-40e4-9da4-1a62170f7e52
a9edf6f8-e6e0-41ea-897b-5496c373d3db,VN,VN-23,locality,,land,Xã Sơn Tây,"[[""en"", ""Sơn Tây Commune""], [""vi"", ""Xã Sơn Tây""]]",True,True,105.19851684570312,18.3695068359375,105.39543914794922,18.535789489746094,6be510b5-cf84-4ba1-a4f0-b40e0e440060
da219c6b-12d7-44cc-b857-f2ed3c34de6d,VN,VN-59,locality,,land,Xã U Minh,,True,True,104.8288345336914,9.357742309570312,104.95028686523438,9.531362533569336,6f531330-8c2c-4cb8-a39c-71c993fde11f
0f9de90e-5d30-4b1c-8cad-2cad46dc36e0,VN,VN-21,locality,,land,Xã Mường Lát,"[[""en"", ""Mường Lát Commune""], [""vi"", ""Xã Mường Lát""]]",True,True,104.45818328857422,20.46088409423828,104.611328125,20.61035919189453,fd98622c-b33d-483a-942c-cdbecf883e6c
743ffcde-5fd9-4ed8-8be8-c8887578d5bf,VN,VN-SG,locality,,land,Xã An Thới Đông,,True,True,106.74188232421875,10.388204574584961,106.87335968017578,10.618189811706543,1e983a13-6e6b-4356-8b3f-699290c2c915
80f75af1-e413-43cf-bdf0-4c4254f125a6,VN,VN-23,locality,,land,Xã Xuân Lộc,"[[""en"", ""Xuân Lộc Commune""], [""vi"", ""Xã Xuân Lộc""]]",True,True,105.7339096069336,18.320850372314453,105.79618072509766,18.442548751831055,3e2e418f-7078-482a-accd-142ae8faa57a
22627527-6d79-4d1e-9566-324c6b6c44d7,VN,VN-39,locality,,land,Xã Tân Quan,,True,True,106.61324310302734,11.505838394165039,106.73918151855469,11.703914642333984,54deaae6-eb3f-47c9-b9cc-f75ccd40fc48
941a4ad0-c919-42f8-ad07-d2b42c5dd6f4,VN,VN-35,locality,,land,Xã Đạ Huoai 2,,True,True,107.5671157836914,11.342278480529785,107.74518585205078,11.581053733825684,4db519ec-2854-4cf1-ba4a-31f5f1875c59
6bd6f8ee-c57d-4986-bc3f-c923a86a3e15,VN,VN-18,locality,,land,Xã Xuân Giang,"[[""en"", ""Xuân Giang Commune""], [""de"", ""Gemeinde Xuân Giang""], [""vi"", ""Xã Xuân Giang""]]",True,True,106.33497619628906,20.282567977905273,106.43199157714844,20.34219741821289,519ed025-da70-4d9b-93a3-66dc6a7a7b8e
7e21d17e-832f-48b7-a253-d66b4920d3af,VN,VN-CT,locality,,land,Phường An Bình,,True,True,105.6808090209961,9.98589038848877,105.75601196289062,10.032490730285645,a642ab28-641b-4de5-9963-ef152495f180
1d1a66b7-6c8b-4855-b646-defd5a423aa2,VN,VN-39,locality,,land,Xã Hưng Phước,"[[""zh"", ""興福社""]]",True,True,106.76139068603516,11.974507331848145,106.99478912353516,12.093822479248047,d7ce4d04-3b60-462e-ac51-86cc69430647
4146f69f-fafe-463c-b186-00c0e5336c80,VN,VN-22,region,1,maritime,Tỉnh Nghệ An,"[[""bs"", ""Provincija Nghe An""], [""hr"", ""Provincija Nghe An""], [""ar"", ""محافظة ني أن""], [""fr"", ""Province de Nghệ An""], [""lv"", ""Ngeanas province""], [""uk"", ""Нге Ан""], [""pt-PT"", ""Província de Nghe An""], [""pt"", ""Nghệ An""], [""cs"", ""Provincie Nghệ An""], [""el"", ""Επαρχία Νγκε Αν""], [""it"", ""Provincia di Nghệ An""], [""ca"", ""Província de Nghe An""], [""pt-BR"", ""Província de Nghe An""], [""vi"", ""Tỉnh Nghệ An""], [""tg"", ""Вилояти Нге Ан""], [""nl"", ""Provincie van Nghệ An""], [""zh-Hans"", ""乂安省""], [""bg"", ""Нге Ан""], [""ko"", ""응에안성""], [""mk"", ""Нге Ан""], [""et"", ""Nghe Ani provints""], [""de"", ""Provinz Nghệ An""], [""ur"", ""نگہ آن صوبہ""], [""ru"", ""Нге Ан""], [""th"", ""จังหวัดเหงะอาน""], [""id"", ""Provinsi Nghệ An""], [""sr-Latn"", ""Nghe An provincija""], [""sv"", ""Nghệ An-provinsen""], [""tr"", ""Eyaleti Nghệ An""], [""da"", ""Nghệ An-provinsen""], [""sr-Cyrl"", ""Нге Ан""], [""zh-Hant"", ""乂安省""], [""en"", ""Nghệ An Province""], [""he"", ""מחוז נגה אן""], [""sk"", ""Provincia Nghe An""], [""es"", ""Provincia Nghệ An""], [""sw"", ""Mkoa wa Nghệ An""], [""ja"", ""ゲアン""], [""fi"", ""Nghe Anin maakunta""], [""ro"", ""Nghệ An""], [""lt"", ""Ngeano provincija""], [""no"", ""Nghệ An-provinsen""], [""sl"", ""Provinca Nghe An""], [""fa"", ""استان نه آن""], [""zh"", ""乂安省""], [""ms"", ""Provinsi Nghệ An""], [""hu"", ""Nghe An tartomány""], [""pl"", ""Prowincja Nghệ An""]]",False,True,103.87454223632812,18.55211639404297,106.26451873779297,20.00235366821289,85c4243d-f38e-4df2-a57a-1a3bc831f969
2a9ac846-bb08-4b3b-939e-72edcd7fdb65,VN,VN-39,locality,,land,Xã Phước Sơn,"[[""zh-Hant"", ""福山社""], [""zh"", ""福山社""]]",True,True,107.12150573730469,11.501524925231934,107.32209014892578,11.780190467834473,4320ef3a-23f5-4da5-bc8f-4d2fb3fa6ebd
4dd79953-db01-48df-ad08-672f51103bbf,VN,VN-23,locality,,land,Xã Hương Sơn,"[[""en"", ""Hương Sơn Commune""], [""vi"", ""Xã Hương Sơn""]]",True,True,105.41211700439453,18.47958755493164,105.50843048095703,18.544788360595703,dd712435-0e20-4af3-8752-58c153b8b3e8
1135debf-461c-4796-b9cb-933f4aee708c,VN,VN-37,locality,,land,Xã Thạnh Đức,,True,True,106.1384048461914,11.150651931762695,106.26603698730469,11.272466659545898,b641c9fc-a163-4973-b8b8-5838c2f1893d
c295de1e-6235-4c45-be50-08bfebcb72ae,VN,VN-33,locality,,land,Xã Đắk Liêng,,True,True,107.9954605102539,12.342804908752441,108.2070541381836,12.451584815979004,3e3baebe-680c-4796-aba6-37e768c1828d
2e355299-b396-49ef-b74a-dd5d0acc679d,VN,VN-35,locality,,land,Xã Bảo Lâm 2,,True,True,107.84428405761719,11.433833122253418,107.94739532470703,11.663769721984863,f1bf1cd7-2bc7-440a-a991-0b51d6682d26
b462f6a9-3b05-4c20-9a75-6bb35370925c,VN,VN-35,locality,,land,Xã Đạ Tẻh 2,,True,True,107.42900848388672,11.419116973876953,107.67337036132812,11.644780158996582,0d1f0a33-aac2-4edc-a296-e17f09e057ad
d9180aa9-f90f-45b5-a53e-62bc60fee395,VN,VN-44,locality,,land,Xã An Minh,,True,True,104.90935516357422,9.53270435333252,105.0376205444336,9.682160377502441,dba27c49-7ebc-48d5-878b-47c393a9aa74
c71634d0-8e7d-42df-a30f-ad34b0032b59,VN,VN-49,microhood,,land,Quảng Trường 19 tháng 5,,True,True,106.49446105957031,9.634444236755371,106.495849609375,9.635469436645508,0717f004-c5cc-4a45-bb4f-754e8ae8b8fe
a3588e3d-c2d7-4ec7-a40b-021936729305,VN,VN-39,locality,,land,Phường Bình Long,,True,True,106.556396484375,11.577510833740234,106.63744354248047,11.672816276550293,bcd36a43-5dba-4c9f-b39d-adfc507dac2c
a05079a6-e008-41af-8c5b-e83c1b144d9a,VN,VN-SG,microhood,,land,B,,True,True,106.63043975830078,10.747662544250488,106.63101196289062,10.7479248046875,4b8913a5-fea2-456b-9330-efcbec9545f5
c0b585ba-609e-4397-b740-bffd6e5707bc,VN,VN-25,locality,,land,Xã Kim Điền,"[[""vi-Hani"", ""社金田""], [""vi"", ""Xã Kim Điền""], [""zh-Hans"", ""金田社""], [""lzh"", ""金田社""], [""zh-Hant"", ""金田社""], [""en"", ""Kim Điền Commune""], [""zh"", ""金田社""]]",True,True,105.77942657470703,17.629352569580078,105.9430923461914,17.883684158325195,78e61730-c5cd-4098-abe6-1c1b3a235352
355d0b92-b2a3-41d8-8486-1b7def023c07,VN,VN-45,locality,,land,Xã Châu Thành,,True,True,106.30754852294922,10.392875671386719,106.36825561523438,10.475543022155762,25078848-ab6a-4de1-af77-7585c803a177
aaf0ca70-5f31-4490-abb8-a5ba2bc6fb17,VN,VN-SG,microhood,,land,C4,,True,True,106.67678833007812,10.857666015625,106.67739868164062,10.858014106750488,9395617e-b89b-4de6-ab97-f8e1d7dc4657
a8611aa6-a310-439c-ad2c-5d3b92753a34,VN,VN-SG,microhood,,land,C11,,True,True,106.67683410644531,10.859328269958496,106.6775131225586,10.859694480895996,c5228ad0-c172-4327-982b-15a49c196a09
6ee441e9-b39a-48df-8dd9-a0097317cb8b,VN,VN-44,locality,,land,Xã Bình Giang,"[[""zh-Hant"", ""平江社""], [""fa"", ""قصبه بین‌جانگ""], [""zh-Hans"", ""平江社""], [""zh"", ""平江社""]]",True,True,104.70437622070312,10.212664604187012,104.86453247070312,10.423805236816406,26822691-a696-4c5c-9d3a-249d21554c5a
2a2595d8-af1b-47e7-b71f-33fd21f5a151,VN,VN-22,locality,,land,bản Minh Tiến,,True,True,105.10409545898438,19.538354873657227,105.10765075683594,19.54648780822754,a2ba4169-a139-48dd-a42a-1940cee22102
179963a2-82ac-414e-92bc-a691c2d91f09,VN,VN-DN,locality,,land,Xã Hùng Sơn,"[[""en"", ""Hùng Sơn Commune""], [""vi"", ""Xã Hùng Sơn""]]",True,True,107.2109146118164,15.725035667419434,107.40233612060547,15.894062042236328,a91d58ea-c785-4b13-a3a2-1b471e6fa3a2
50479edc-0ce7-4df5-a54d-bb6348711c36,VN,VN-SG,locality,,land,Xã Bình Lợi,,True,True,106.46354675292969,10.710895538330078,106.5733871459961,10.793724060058594,a376d4d5-0723-4b86-9cfb-36f56d38f9a4
b646fbcc-02d2-4f70-ba05-b17cf473dd3f,VN,VN-SG,microhood,,land,C8,,True,True,106.67749786376953,10.858428001403809,106.67804718017578,10.858768463134766,3275684c-d3f0-40c3-83b0-074730b77b24
d2adb25c-bda9-4442-9dc4-2c8567548058,VN,VN-18,locality,,land,Xã Đồng Thịnh,"[[""en"", ""Đồng Thịnh Commune""], [""vi"", ""Xã Đồng Thịnh""]]",True,True,106.09732818603516,20.216075897216797,106.1734390258789,20.3109130859375,68ec123d-1ec7-4d9b-8880-dec763801405
c6a47464-3df4-45b4-a10a-f4e6525bb82d,VN,VN-30,locality,,land,Xã Ia Mơ,,True,True,107.60832214355469,13.305198669433594,107.81316375732422,13.601771354675293,80dc0c20-47b9-4f45-bd8f-dd95327cab31
fbf8ccb9-1a6a-457a-ad6b-9c245aa74bfb,VN,VN-SG,locality,,land,Phường Long Hương,,True,True,107.11278533935547,10.453910827636719,107.184814453125,10.56002140045166,f80e6ee0-50a8-41d1-80b5-937ae5150a69
4819707c-2c7e-4109-9821-826a186b58df,VN,VN-45,locality,,land,Phường Mỹ Trà,"[[""vi"", ""Mỹ Trà""]]",True,True,105.62857818603516,10.443443298339844,105.71898651123047,10.508749961853027,4f67728b-b4d4-4ea0-b026-8b66f6984ea3
c2767a45-f2b4-4d9e-a9d5-fd16ffb6e899,VN,VN-39,locality,,land,Xã Phú Lâm,,True,True,107.46090698242188,11.235337257385254,107.5450210571289,11.366531372070312,b7f935de-5c4b-4b54-b762-278bd8f8727e
c5bfafc3-4ddc-46b7-a6a8-da3f5c950620,VN,VN-18,locality,,land,Xã Cúc Phương,"[[""en"", ""Cúc Phương Commune""], [""vi"", ""Xã Cúc Phương""]]",True,True,105.54169464111328,20.22947883605957,105.7682876586914,20.36978530883789,11847931-5f43-4d78-8cd6-b6c613a649ff
485884a7-f18a-4162-9d05-0444b85086d2,VN,VN-35,locality,,land,Xã Đam Rông 2,,True,True,107.96249389648438,11.972940444946289,108.2551040649414,12.150915145874023,7f41cca1-cc54-473a-a72b-e0328b6ae6dc
ab543ce6-74a0-48f2-9ef0-ef1089184250,VN,VN-26,locality,,land,Phường Dương Nỗ,"[[""vi-Hani"", ""坊楊弩""], [""vi"", ""Phường Dương Nỗ""], [""zh-Hans"", ""杨弩坊""], [""lzh"", ""楊弩坊""], [""zh-Hant"", ""楊弩坊""], [""en"", ""Dương Nỗ Ward""], [""zh"", ""楊弩坊""]]",True,True,107.57425689697266,16.49468421936035,107.62635040283203,16.55057144165039,a52d1232-46d9-4f5b-afac-2da14931c450
43c8ec1a-1b23-4266-b8d4-93afb3f758a7,VN,VN-22,locality,,land,Xã Đức Châu,"[[""en"", ""Đức Châu Commune""], [""vi"", ""Xã Đức Châu""]]",True,True,105.56930541992188,19.001373291015625,105.61300659179688,19.067947387695312,47f17baf-6a76-4ff6-bd87-56d4fb286675
bcbbbb6d-b8a4-4415-a874-74760f2844ff,VN,VN-39,locality,,land,Xã Phú Hòa,,True,True,107.35987854003906,11.174697875976562,107.48429107666016,11.253212928771973,8efe0727-b803-4df5-838b-b5ad912a1a5d
0252d439-c5bc-43b7-99c6-1da7fcd40d1e,VN,VN-26,locality,,land,Phường Kim Long,"[[""vi-Hani"", ""坊金龍""], [""vi"", ""Phường Kim Long""], [""zh-Hans"", ""金龙坊""], [""lzh"", ""金龍坊""], [""zh-Hant"", ""金龍坊""], [""en"", ""Kim Long Ward""], [""zh"", ""金龍坊""]]",True,True,107.46824645996094,16.322525024414062,107.60859680175781,16.48177146911621,c2d4d331-89d1-4f29-8960-9ae66d152c79
5f98226a-e997-4df6-b55d-d5870446bfd4,VN,VN-22,locality,,land,Xã Nam Đàn,"[[""en"", ""Nam Đàn Commune""], [""vi"", ""Xã Nam Đàn""]]",True,True,105.40409851074219,18.70334815979004,105.52044677734375,18.79387092590332,c0b4b068-fe11-46a5-ba8a-1ec99d54ddac
8ce9bbf2-c9e0-42be-8c01-041e319d44fd,VN,VN-37,locality,,land,Phường Tân An,,True,True,106.38948059082031,10.476597785949707,106.46072387695312,10.574163436889648,dfe90577-05ac-4816-ba0f-4310c11b8f2c
9b41926c-18e3-4ed6-8aa9-9e8372f5a57b,VN,VN-21,locality,,land,Xã Tống Sơn,"[[""en"", ""Tống Sơn Commune""], [""vi"", ""Xã Tống Sơn""]]",True,True,105.74276733398438,19.95376205444336,105.83226013183594,20.079011917114258,28567f3f-4d64-457d-b65b-057b2b637fcb
1478ca41-872a-4295-ad11-0bea99082f1c,VN,VN-49,locality,,land,Phường Phước Hậu,,True,True,105.94276428222656,10.191913604736328,105.99268341064453,10.252737998962402,826e7d4b-44cc-4e7e-b38e-dc2cb02e26aa
0cd113e9-7b5a-4545-90b1-bcda55209ac1,VN,VN-66,locality,,land,Xã Quang Lịch,"[[""en"", ""Quang Lịch Commune""], [""vi"", ""Xã Quang Lịch""]]",True,True,106.39128112792969,20.3931827545166,106.43891143798828,20.451616287231445,0317564a-6d48-4812-a3b0-51e1a3b39f2e
6f2b44de-5020-4293-be41-1380bbb1805c,VN,VN-SG,locality,,land,Xã Bàu Bàng,,True,True,106.56804656982422,11.212653160095215,106.68376159667969,11.333773612976074,0bc72778-3d4e-485d-b6f7-2aab910e5808
fc089f04-b23a-4835-bb39-59c742ae78bc,VN,VN-SG,locality,,land,Phường Bình Hưng Hòa,,True,True,106.59312438964844,10.776268005371094,106.62013244628906,10.82623291015625,31ccaffb-59b3-4c0e-92c9-3436caddc5f2
e3eb1dc3-deff-4e99-9214-aa599bef6cac,VN,VN-22,locality,,land,bản Na Ca,,True,True,105.09339904785156,19.543380737304688,105.10045623779297,19.546911239624023,f1aad850-885a-48bf-93bb-ff86d3f7479a
bfdca19f-61f9-488f-8c96-d2155d3e233d,VN,VN-49,locality,,land,Xã Châu Hưng,,True,True,106.43962097167969,10.20114803314209,106.56275177001953,10.282431602478027,8eae36a5-7104-4fc0-978c-9261285020fe
039174c9-4661-46b9-923a-0128e555fb2a,VN,VN-30,locality,,land,Xã Ia Krêl,,True,True,107.69629669189453,13.718340873718262,107.83316802978516,13.899772644042969,59efe3bf-5c29-4091-b60a-1d457bee3c12
5b3c3ace-acca-4090-a553-b13423466ab4,VN,VN-35,locality,,land,Xã Đồng Kho,,True,True,107.65935516357422,11.033804893493652,107.85782623291016,11.310493469238281,41807ba9-a0b2-4e7e-938b-406633329528
d1fe38ff-8968-45dd-a3fa-c082e479cb03,VN,VN-37,locality,,land,Xã Bến Cầu,,True,True,106.12519836425781,11.052385330200195,106.2698974609375,11.167656898498535,f44daf3a-3c87-42d4-b391-0dc79c7b5385
2f3ed76a-108f-41e6-bb62-5805a4976fda,VN,VN-22,locality,,land,Xã Diễn Châu,"[[""en"", ""Diễn Châu Commune""], [""vi"", ""Xã Diễn Châu""]]",True,True,105.56754302978516,18.95754623413086,105.62012481689453,19.01904296875,7daad88c-a70e-4929-89cc-477a321adff8
00c1f51b-3a20-4548-aeaf-94eea5e026c2,VN,VN-SG,locality,,land,Phường Xuân Hòa,,True,True,106.6812973022461,10.773622512817383,106.69812774658203,10.792506217956543,84b5b23c-534b-4060-bb56-23b8b0848fff
be0f42bd-43c8-421e-aa2f-d9a38a88dc4d,VN,VN-21,locality,,land,Xã Triệu Lộc,"[[""en"", ""Triệu Lộc Commune""], [""vi"", ""Xã Triệu Lộc""]]",True,True,105.77227020263672,19.917476654052734,105.86320495605469,19.977657318115234,c55c5a8d-9b8c-43fd-8659-dd8cff85bd11
80dd825e-58b9-4c1d-b615-14b00185e9f5,VN,VN-49,locality,,land,Xã An Định,,True,True,106.34009552001953,10.026399612426758,106.44076538085938,10.101804733276367,fe51d063-3287-499b-8c34-c70eed6a9f7d
e56f91e4-bfc6-48ce-8249-6793f3cdd47e,VN,VN-59,locality,,land,Phường Vĩnh Trạch,,True,True,105.72471618652344,9.25735092163086,105.82076263427734,9.339306831359863,bf2647ab-0ae0-4cfe-a606-bc20db7bb131
bcbf0db9-fecb-4bf0-a3b9-cc56f2a20c23,VN,VN-SG,microhood,,land,L,,True,True,106.62781524658203,10.752954483032227,106.62849426269531,10.753401756286621,a010a35e-082c-413e-a704-cb0fe5a40cc8
20cb5f74-eef0-47ba-8167-f4bf5e14bb1e,VN,VN-44,locality,,land,Xã Thạnh Hưng,"[[""zh-Hant"", ""盛興社""], [""fa"", ""تان‌هینگ""], [""zh-Hans"", ""盛兴社""], [""zh"", ""盛興社""]]",True,True,105.31755828857422,9.908203125,105.47850036621094,10.07278060913086,3d3abbc6-7fda-42cf-bff0-106b198bff2d
f293fe0b-4a30-4180-9aff-ce8fff691a90,VN,VN-21,locality,,land,Phường Nghi Sơn,"[[""en"", ""Nghi Sơn Ward""], [""de"", ""Stadtviertel Nghi Sơn""], [""vi"", ""Phường Nghi Sơn""]]",True,True,105.73807525634766,19.287221908569336,105.9382095336914,19.38425636291504,4d91aa82-ff4e-4925-a243-791fa0282080
fd02ec5f-f751-48c5-b7f6-1a3a3ad0cd37,VN,VN-18,locality,,land,Xã Phú Sơn,"[[""en"", ""Phú Sơn Commune""], [""vi"", ""Xã Phú Sơn""]]",True,True,105.68482971191406,20.314029693603516,105.78450775146484,20.41204261779785,97b5c6d3-6498-41eb-a5f0-02c3b689689f
a23fb49c-9aea-4816-971e-82205a3bfa2f,VN,VN-49,locality,,land,Xã An Qui,,True,True,106.51070404052734,9.842362403869629,106.60409545898438,9.945563316345215,481381a4-9e53-4663-922c-7b81d442ff75
82e8b2c7-cb21-42f0-91a6-1462f1cd3481,VN,VN-49,locality,,land,Xã Tân Hòa,,True,True,106.09933471679688,9.72506046295166,106.2019271850586,9.822320938110352,a40e0f3b-fe7d-43a3-a98d-0a2377ba2911
1f9794ef-840b-4eed-9452-2cbd972f50bd,VN,VN-37,locality,,land,Xã Lương Hòa,,True,True,106.41796112060547,10.655241966247559,106.5462417602539,10.746492385864258,1f55f9c9-f9b8-4132-89e4-c4814a2234b0
25555ca1-8c9b-4ee7-81aa-a276b672a15e,VN,VN-44,locality,,land,Xã Định Mỹ,"[[""zh-Hant"", ""定美社""], [""fa"", ""قصبه دین‌می""], [""zh-Hans"", ""定美社""], [""zh"", ""定美社""]]",True,True,105.18521881103516,10.262164115905762,105.33312225341797,10.371305465698242,6112bd56-bf3e-4e6d-a16c-2155f0f564fb
645ef489-10ec-4fa0-9127-5358a681d417,VN,VN-59,locality,,land,Xã Châu Thới,"[[""zh-Hant"", ""周泰社""], [""fa"", ""قصبه چاوتوی""], [""zh-Hans"", ""周泰社""], [""zh"", ""周泰社""]]",True,True,105.54973602294922,9.330825805664062,105.71426391601562,9.424269676208496,665b0448-9208-4a6e-b6f0-7345314828b4
52a244d5-ffcb-4669-879c-65f52249fe16,VN,VN-SG,locality,,land,Xã Hòa Hội,,True,True,107.35118865966797,10.575189590454102,107.50030517578125,10.67863655090332,7b14b5e2-5a97-4a81-9540-a7fe14866b31
e8cf9486-814c-42ba-bd38-59fab90e5dc4,VN,VN-21,locality,,land,Lăn Trong,,True,True,105.17424011230469,20.455142974853516,105.1756591796875,20.456083297729492,ed4fdb0f-8ce2-44be-95c3-9dc84b443098
3f73af7a-b13d-42ed-b5e5-1fbb40734c20,VN,VN-21,locality,,land,Xã Hoằng Giang,"[[""en"", ""Hoằng Giang Commune""], [""vi"", ""Xã Hoằng Giang""]]",True,True,105.75823211669922,19.861677169799805,105.82303619384766,19.96148681640625,2e11a88e-47e4-4bbe-b045-5dbe3d823237
cc56cb45-cce0-438c-8816-20c4f354be05,VN,VN-18,locality,,land,Xã Hiển Khánh,"[[""en"", ""Hiển Khánh Commune""], [""vi"", ""Xã Hiển Khánh""]]",True,True,106.048095703125,20.363313674926758,106.11894226074219,20.45048713684082,0c77582f-170b-409d-82b3-861ecb560156
a66647bd-a8ec-479d-9934-0e76f9c598c9,VN,VN-59,locality,,land,Xã Vĩnh Phước,,True,True,105.31786346435547,9.341732025146484,105.47698974609375,9.475871086120605,65c522bb-987c-4987-95e7-4e6f3f749bdf
beca4e31-9af5-439c-a2b6-489ca1b27af9,VN,VN-26,locality,,land,Xã Phú Vang,"[[""vi-Hani"", ""社富榮""], [""vi"", ""Xã Phú Vang""], [""zh-Hans"", ""富荣社""], [""lzh"", ""富榮社""], [""zh-Hant"", ""富榮社""], [""en"", ""Phú Vang Commune""], [""zh"", ""富榮社""]]",True,True,107.70352935791016,16.3343505859375,107.84527587890625,16.470199584960938,494ae6d2-06da-47e4-b466-234ee944c110
83a84e26-01da-43a8-87af-d891e077935e,VN,VN-39,locality,,land,Xã Lộc Quang,,True,True,106.64704895019531,11.774673461914062,106.76358795166016,11.913665771484375,d8ede4bf-75c3-4d74-865b-9ac0c853be36
1021c91d-c396-47fd-970f-ba0dbf2e3e8a,VN,VN-29,locality,,land,Xã Sa Thầy,,True,True,107.69613647460938,14.366036415100098,107.81957244873047,14.511497497558594,e9ae505f-2c00-40f7-a8eb-3fbe18552ca3
d0b0ffdc-9c1e-41de-8e8c-6d4d0dbdbf27,VN,VN-22,locality,,land,Xã Quỳnh Văn,"[[""en"", ""Quỳnh Văn Commune""], [""vi"", ""Xã Quỳnh Văn""]]",True,True,105.59333038330078,19.16090202331543,105.69309997558594,19.2718448638916,1c65a524-ba1a-4aff-a231-fc651fce1b05
2cd6eff1-560a-403b-8550-da9da6d405ef,VN,VN-18,locality,,land,Xã Quỳnh Lưu,"[[""en"", ""Quỳnh Lưu Commune""], [""vi"", ""Xã Quỳnh Lưu""]]",True,True,105.76795959472656,20.21295928955078,105.85149383544922,20.265552520751953,07d1ae03-2142-4304-b543-aeeb7011c3d2
a29f1926-ce0d-4881-b312-7ac54e69924d,VN,VN-SG,locality,,land,Xã Hưng Long,,True,True,106.6053695678711,10.625313758850098,106.68609619140625,10.692852973937988,47bc67b9-38a3-457e-820d-bffe75c4eed9
b693c38a-85e0-4639-a824-61c82412b778,VN,VN-21,locality,,land,Xã Xuân Bình,"[[""en"", ""Xuân Bình Commune""], [""vi"", ""Xã Xuân Bình""]]",True,True,105.27352905273438,19.440082550048828,105.51307678222656,19.618406295776367,6c015d44-34bf-4dca-9324-943a1943fb08
c30f94f0-ad30-4a6d-8870-fa2b0816ee62,VN,VN-45,locality,,land,Xã Trường Xuân,,True,True,105.65812683105469,10.59628963470459,105.83465576171875,10.751473426818848,aad32020-7014-4ddf-b18b-5359aad0969b
e8c1c4cf-7292-4f8c-9a32-1404278cd5a0,VN,VN-SG,locality,,land,Phường Tân Hiệp,,True,True,106.70857238769531,11.01285171508789,106.78301239013672,11.110844612121582,9809f89b-46fb-436b-9db6-238b673ece3b
ce2eb425-cd42-45ff-95fb-866245406d07,VN,VN-59,locality,,land,Xã Ninh Thạnh Lợi,"[[""zh-Hant"", ""寧盛利社""], [""fa"", ""قصبه نین‌تان‌لوی""], [""zh-Hans"", ""宁盛利社""], [""zh"", ""寧盛利社""]]",True,True,105.2911605834961,9.382226943969727,105.41974639892578,9.543817520141602,6ac6bd0e-2706-4977-a65a-352064c8da7e
5108cf54-76c9-4fca-a33e-6d3f587939f5,VN,VN-21,locality,,land,Xã Hoằng Hóa,"[[""en"", ""Hoằng Hóa Commune""], [""vi"", ""Xã Hoằng Hóa""]]",True,True,105.81600189208984,19.832950592041016,105.900390625,19.89860725402832,afd63c00-9164-4e86-a4f9-3cc826caa4af
02267d0a-051c-44dc-8344-dc046d20e555,VN,VN-44,locality,,land,Xã Nhơn Mỹ,,True,True,105.32691955566406,10.43832778930664,105.4601821899414,10.55941390991211,4ee6f3d8-5c65-4b8d-974c-bc75eb00fe2c
2689b289-fc9a-4f53-8740-22f51bb4762a,VN,VN-45,locality,,land,Xã Mỹ Thiện,,True,True,105.88018035888672,10.379859924316406,105.97229766845703,10.494437217712402,685ce5f7-4070-41d7-9170-f966f6436324
bcd6e8b7-6333-4cc9-8505-cd0ec56893f8,VN,VN-SG,locality,,land,Phường Tân Tạo,,True,True,106.55830383300781,10.722331047058105,106.60601806640625,10.765196800231934,ad2688c8-cfa6-432d-bc0f-b315a975941f
2c63277c-5c88-4936-89eb-5b594d15fe18,VN,VN-18,locality,,land,Xã Hải An,"[[""en"", ""Hải An Commune""], [""de"", ""Gemeinde Hải An""], [""vi"", ""Xã Hải An""]]",True,True,106.17810821533203,20.11252784729004,106.24063110351562,20.161998748779297,ffe97019-b5f6-4f1e-89a8-a2b59dbccff6
19eac56f-8b67-485f-8cea-91d4661051a4,VN,VN-23,locality,,land,Kỳ Long,,True,True,106.3808364868164,18.019237518310547,106.40343475341797,18.040468215942383,e1a3b6ab-92f2-45fa-940e-af9474d9c293
49239201-9c4a-4abc-ae28-934845145a7b,VN,VN-SG,microhood,,land,C17,,True,True,106.67757415771484,10.859331130981445,106.6778564453125,10.859663009643555,3377f646-0f65-452f-9bde-b7f8f2ac8b76
73214af5-531a-4ed2-a186-d7048cd58c40,VN,VN-39,locality,,land,Xã Long Phước,,True,True,106.9649887084961,10.668205261230469,107.14631652832031,10.771690368652344,c285b550-1a75-43f0-8697-2238fc3ca2cb
1a8df555-f79b-42e6-94b9-e4fd991bb54d,VN,VN-44,locality,,land,Xã Cần Đăng,,True,True,105.25972747802734,10.369365692138672,105.3420181274414,10.498401641845703,7e13ad65-695c-4b97-bb27-3a8daa50a509
a60bd514-077d-4cb2-a819-0db676da5f22,VN,VN-18,locality,,land,Phường Yên Sơn,"[[""en"", ""Yên Sơn Ward""], [""vi"", ""Phường Yên Sơn""]]",True,True,105.81935119628906,20.162017822265625,105.93856048583984,20.218807220458984,7eb6131e-3743-4534-8eee-47389d684b13
a5a67a64-a280-466f-a8e2-d0028efdc05f,VN,VN-SG,locality,,land,Phường Nhiêu Lộc,,True,True,106.66429138183594,10.777824401855469,106.68453216552734,10.791379928588867,2ae89118-e7a5-4ba2-ad75-ef4a3ad8a076
9dc17181-b354-42df-b05a-0fa3cc7fdcb4,VN,VN-CT,locality,,land,Phường Vị Thanh,,True,True,105.4129638671875,9.73336124420166,105.48808288574219,9.783931732177734,906b9505-e10f-4ad1-bb6b-ef180daebdb1
173eb582-8d4c-48b3-bbe4-7a506edbab6c,VN,VN-SG,microhood,,land,LK2,,True,True,106.65856170654297,10.871932983398438,106.65937805175781,10.87232494354248,244da993-b847-44ae-a6dd-71cccf0b0e71
8f622ed5-e8b2-4572-8895-124c812b1628,VN,VN-18,locality,,land,Xã Gia Trấn,"[[""en"", ""Gia Trấn Commune""], [""vi"", ""Xã Gia Trấn""]]",True,True,105.88424682617188,20.32427215576172,105.9542007446289,20.388885498046875,5aed635d-3f9d-4bea-b89a-5338f37a501f
9f86c375-7d88-490c-99ff-68c654ff447c,VN,VN-SG,microhood,,land,H,,True,True,106.6308364868164,10.738483428955078,106.63145446777344,10.73987102508545,2f28cd4a-cfee-4de8-8d72-084667185e58
9ae83d9c-7c69-4e06-bc8c-aa5dbf8ff734,VN,VN-18,locality,,land,Xã Nam Minh,"[[""en"", ""Nam Minh Commune""], [""vi"", ""Xã Nam Minh""]]",True,True,106.15831756591797,20.27994155883789,106.22830963134766,20.33394432067871,1d5d0b90-4483-46d2-99e6-21f33c9e24df
b79bfd4e-f53b-4d8b-9094-80f34f4c853d,VN,VN-45,locality,,land,Xã Long Khánh,,True,True,105.25958251953125,10.780217170715332,105.34630584716797,10.823237419128418,623afa0a-f700-4c83-b67e-51c798b913be
aca95d50-e66c-4212-b732-6f5be45d7411,VN,VN-45,locality,,land,Xã Lấp Vò,,True,True,105.48804473876953,10.308133125305176,105.65396118164062,10.398163795471191,1a2dd2c7-c92b-46f1-b1ea-1929c50c8685
059a072f-4264-48e0-8772-ae139b08aa4f,VN,VN-49,locality,,land,Phường Long Đức,,True,True,106.30323791503906,9.936744689941406,106.3901596069336,10.016359329223633,c2ccd249-5463-4acf-a478-366f7f3ecee9
c6b69f88-f7e0-4b97-ac6a-7bf962cd04bf,VN,VN-59,locality,,land,Xã Lương Thế Trân,"[[""zh-Hant"", ""梁世珍社""], [""fa"", ""قصبه لیونگ‌ته‌چان""], [""zh-Hans"", ""梁世珍社""], [""zh"", ""梁世珍社""]]",True,True,104.99423217773438,9.039612770080566,105.15724182128906,9.170660018920898,7e0b9d03-a49a-492c-ae4f-1d1db0aa8cbd
4b02d5dd-d2a0-4e5d-8d45-99d9dcfe9321,VN,VN-21,locality,,land,Xã Thành Vinh,"[[""en"", ""Thành Vinh Commune""], [""vi"", ""Xã Thành Vinh""]]",True,True,105.53094482421875,20.19317054748535,105.69617462158203,20.321353912353516,bb7490e4-4e67-4d2f-a02f-13da3e63fdda
7064a5ba-693c-478f-a367-9a7691e301f5,VN,VN-22,locality,,land,Xã Yên Hòa,"[[""en"", ""Yên Hòa Commune""], [""vi"", ""Xã Yên Hòa""]]",True,True,104.61395263671875,19.198081970214844,104.76944732666016,19.37018585205078,a792affe-56e6-40e2-8a41-6996ade83d8f
4161d0dd-3b06-4ab3-b7aa-65b97d176d34,VN,VN-23,locality,,land,Phường Bắc Hồng Lĩnh,"[[""en"", ""Bắc Hồng Lĩnh Ward""], [""vi"", ""Phường Bắc Hồng Lĩnh""]]",True,True,105.6606674194336,18.527124404907227,105.72235107421875,18.594646453857422,8e5951e5-056b-4b85-bc69-ac05c302c489
84285342-d9f6-4094-b22e-492d119e3d0a,VN,VN-44,locality,,land,Xã Hòa Hưng,"[[""zh-Hant"", ""和興社""], [""fa"", ""قصبه هواهینگ""], [""zh-Hans"", ""和兴社""], [""zh"", ""和興社""]]",True,True,105.41584777832031,9.823690414428711,105.53939819335938,9.968643188476562,1067b122-e8fe-4b21-98ed-c96a06a2bb5c
469b81c8-0fe5-4169-98e8-9f0ef3f30c48,VN,VN-CT,locality,,land,Xã Thạnh Phú,,True,True,105.3458480834961,10.073539733886719,105.46517181396484,10.185355186462402,5c283ebf-5d3a-4c99-841d-bda7ac943e86
99436aa7-ec24-4c22-91c5-74620ed4d812,VN,VN-59,locality,,land,Xã Tân Ân,"[[""zh-Hant"", ""新恩社""], [""zh-Hans"", ""新恩社""], [""zh"", ""新恩社""]]",True,True,104.97929382324219,8.657478332519531,105.21395111083984,8.796646118164062,7623fb3e-6d66-4d02-89b5-aab1f1a10d0f
c6b83c89-02af-43ea-9da2-ae5767b9dff2,VN,VN-29,locality,,land,Xã Đăk Pék,,True,True,107.676025390625,14.952493667602539,107.8066635131836,15.157635688781738,fbc1df54-f6df-40e6-89c1-1152a0abcf23
fcc93b36-07be-4422-9b7b-d20af8ccd058,VN,VN-18,locality,,land,Xã Khánh Nhạc,"[[""en"", ""Khánh Nhạc Commune""], [""vi"", ""Xã Khánh Nhạc""]]",True,True,106.05181121826172,20.127792358398438,106.11383819580078,20.1800537109375,2f6a7ef8-9c59-4acf-8301-3e8dd15f6a30
c560599d-9694-48c2-9cee-f5f5894fb095,VN,VN-44,locality,,land,Xã Phú An,,True,True,105.26224517822266,10.596065521240234,105.35175323486328,10.694100379943848,23213bf8-72ae-45fd-b838-d72bbca46fb7
d8356dd0-ed33-4597-86a7-9f448a8b1d96,VN,VN-49,locality,,land,Xã Long Hồ,,True,True,105.96055603027344,10.133776664733887,106.0318374633789,10.231995582580566,7e27f31f-b5f3-49ac-83c5-3b3bec68af5c
115d3e26-dbf7-4dd8-b726-73b2e236f48d,VN,VN-21,locality,,land,Xã Thắng Lộc,"[[""en"", ""Thắng Lộc Commune""], [""vi"", ""Xã Thắng Lộc""]]",True,True,105.2626724243164,19.70892906188965,105.37374114990234,19.828767776489258,42333478-b093-4e5c-ae1e-4c0849c11444
fb5e25a8-91ee-4592-a3d9-853b1a514e89,VN,VN-23,locality,,land,Phường Hoành Sơn,"[[""en"", ""Hoành Sơn Ward""], [""vi"", ""Phường Hoành Sơn""]]",True,True,106.39408874511719,17.94951057434082,106.4958267211914,18.080760955810547,8cefb2c7-9a40-4c2f-ad43-caf95dc47695
aa9a6341-bfa9-4e59-b9c0-90a83397f935,VN,VN-SG,locality,,land,Phường Tân Hòa,,True,True,106.64801788330078,10.76888370513916,106.6646499633789,10.79021167755127,3ea0c2a9-4de9-4fb5-aed5-d1bd37d709ab
738742d3-e9f1-4642-8bcf-831e8b9d07b7,VN,VN-CT,locality,,land,Xã Nhu Gia,,True,True,105.81627655029297,9.384369850158691,105.90345764160156,9.529048919677734,dce6f67d-2d98-431a-bebd-eb7e3d4c2fe3
885a351d-0fce-42e5-8109-4e93e24f8fd4,VN,VN-44,locality,,land,Xã Giang Thành,"[[""zh-Hant"", ""江城社""], [""fa"", ""قصبه جانگ‌تان""], [""zh-Hans"", ""江城社""], [""zh"", ""江城社""]]",True,True,104.52686309814453,10.34771728515625,104.67534637451172,10.540016174316406,a45c7753-057b-45ee-9145-aeec90401914
0a304650-473c-40c3-9020-46167fe8c1fb,VN,VN-26,locality,,land,Xã Quảng Điền,"[[""vi-Hani"", ""社廣田""], [""vi"", ""Xã Quảng Điền""], [""zh-Hans"", ""广田社""], [""lzh"", ""廣田社""], [""zh-Hant"", ""廣田社""], [""en"", ""Quảng Điền Commune""], [""zh"", ""廣田社""]]",True,True,107.49459075927734,16.515548706054688,107.5761489868164,16.61488151550293,5a0c6991-489d-49a7-95cd-35dcfbe05311
b43a9ce7-73af-414e-a173-e9c06504a94e,VN,VN-SG,locality,,land,Xã Bình Châu,,True,True,107.49092864990234,10.501078605651855,107.57196044921875,10.65644359588623,9fd0c17a-dff0-4b25-a076-781e247db4cf
199320d8-b955-4461-922e-d83a04abbb12,VN,VN-39,locality,,land,Phường Hàng Gòn,"[[""ko"", ""항곤""]]",True,True,107.17139434814453,10.845475196838379,107.26419067382812,10.919472694396973,0a559e66-e120-42f3-a1d8-16fd79fcdeab
beca2f35-d24b-4667-a2cb-b23dc08ee6c3,VN,VN-CT,locality,,land,Xã Long Hưng,,True,True,105.66899871826172,9.624568939208984,105.84139251708984,9.721967697143555,e08aacc3-56fd-4d46-b597-0e26d5c66a87
da9a0ff3-23ec-49cc-9041-a455da7fb4c2,VN,VN-68,locality,,land,Xã Lạc Thủy,"[[""en"", ""Lạc Thủy Commune""], [""vi"", ""Xã Lạc Thủy""]]",True,True,105.73944854736328,20.4175968170166,105.85716247558594,20.5360107421875,4e6b7572-e512-473e-84d7-64a3381f470f
879ee653-510e-4ffc-ae41-ece788001bb8,VN,VN-21,locality,,land,Xã Thạch Lập,"[[""en"", ""Thạch Lập Commune""], [""vi"", ""Xã Thạch Lập""]]",True,True,105.24613189697266,20.1088809967041,105.46841430664062,20.217493057250977,1af2a8a3-8fb2-42b2-b200-cb456e5e1781
0ef71211-9030-4675-8067-c20528567d80,VN,VN-35,locality,,land,Xã Đạ Tẻh,,True,True,107.396484375,11.479470252990723,107.5155029296875,11.70595932006836,93e14fe5-70af-44db-9996-b1fc7d916735
5d882f67-1601-4191-ae81-3cc515f098e8,VN,VN-29,locality,,land,Xã Đăk Tô,,True,True,107.73290252685547,14.520245552062988,107.91483306884766,14.694727897644043,018794aa-aac2-41ea-8903-d47922803f20
b1cb5474-4c1e-4138-9185-3c04cdf68758,VN,VN-25,locality,,land,Xã Sen Ngư,"[[""vi-Hani"", ""社蓮魚""], [""vi"", ""Xã Sen Ngư""], [""zh-Hans"", ""莲鱼社""], [""lzh"", ""蓮魚社""], [""zh-Hant"", ""蓮魚社""], [""en"", ""Sen Ngư Commune""], [""zh"", ""蓮魚社""]]",True,True,106.83702087402344,17.08939552307129,106.99214935302734,17.242177963256836,9bcbc428-8e39-46b2-b894-283fcdc57896
e672cfc0-d7cf-4a61-a5d1-a15bff3018ff,VN,VN-30,locality,,land,Xã Ia Grai,,True,True,107.69117736816406,13.934518814086914,107.89737701416016,14.0844087600708,fa604cc7-e211-4f66-8d46-f9c2e13162d4
cebe522c-8c71-4186-892a-3b7198f565ac,VN,VN-39,locality,,land,Phường Long Bình,,True,True,106.86821746826172,10.898947715759277,106.93653869628906,10.992574691772461,303c81e2-4a8a-4904-abe6-e096b585b97f
15815f75-5fb5-44cc-9e8c-bad0c8159f5e,VN,VN-23,locality,,land,Phường Trần Phú,"[[""en"", ""Trần Phú Ward""], [""vi"", ""Phường Trần Phú""]]",True,True,105.86514282226562,18.351093292236328,105.93179321289062,18.418621063232422,1b28cfe9-5a0b-4955-9184-0641fa49be94
2f6f9bb7-5a6f-43ea-8a04-eb4385fbca24,VN,VN-21,locality,,land,Xã An Nông,"[[""en"", ""An Nông Commune""], [""vi"", ""Xã An Nông""]]",True,True,105.59490203857422,19.760705947875977,105.67327880859375,19.816129684448242,ca118362-d1ae-456b-9a08-fa5e525e409a
499ecfea-21bd-4b1b-adc4-448a88b02c09,VN,VN-18,locality,,land,Xã Tân Thanh,"[[""en"", ""Tân Thanh Commune""], [""vi"", ""Xã Tân Thanh""]]",True,True,105.85134887695312,20.449085235595703,105.96054077148438,20.505029678344727,4907d9d5-a370-4945-9080-59e1c40d9c12
3c41dc10-c8f2-460f-9c7c-806f96328006,VN,VN-30,locality,,land,Xã Ia O,,True,True,107.45883178710938,13.88766860961914,107.62161254882812,14.014260292053223,fc301027-3211-4220-b78a-c68f31b3ab64
f214b315-ab92-44d2-af00-c58d7a93cdd9,VN,VN-SG,microhood,,land,E,,True,True,106.62826538085938,10.752429008483887,106.63031005859375,10.754130363464355,a1370d96-7815-495a-8f2d-d60bed41b694
5b64aba6-3241-4365-a948-8c37021670f7,VN,VN-44,locality,,land,Xã Tân Thạnh,,True,True,104.85761260986328,9.678398132324219,104.96995544433594,9.85373592376709,2bb1e322-1a81-4f76-8b64-bb504e3d53af
c90f5b04-3aad-4bfc-8d78-33edcd7319f6,VN,VN-18,locality,,land,Xã Chất Bình,"[[""en"", ""Chất Bình Commune""], [""de"", ""Gemeinde Chất Bình""], [""vi"", ""Xã Chất Bình""]]",True,True,106.1084976196289,20.08624839782715,106.16259765625,20.155845642089844,81bf1158-3d87-42c4-b2df-84f8d636cbb8
0fc8a30d-cca4-43b4-91b5-296eb35319fc,VN,VN-18,locality,,land,xã Gia Tiến,"[[""en"", ""xa Gia Tien""]]",True,True,105.87812805175781,20.29670524597168,105.88802337646484,20.302350997924805,c4083e73-d043-400d-87d6-7bfbf47d45ae
fcd55c6c-65e8-4f80-9d00-cd47cdcd80a7,VN,VN-SG,microhood,,land,Công trường Quách Thị Trang,,True,True,106.69805145263672,10.771574020385742,106.69872283935547,10.772150039672852,dd2d7d5c-0f64-48ec-9256-e6c47fabd3c0
f9e942b2-026f-4c0d-819b-327f555d00cb,VN,VN-68,locality,,land,Xã Yên Phú,"[[""en"", ""Yên Phú Commune""], [""vi"", ""Xã Yên Phú""]]",True,True,105.396728515625,20.4599552154541,105.57779693603516,20.5137882232666,a6e85af6-fe0d-4357-8a86-5ea429996918
c1430d1f-a667-41e5-b9c3-3fe0d1d909af,VN,VN-66,locality,,land,Xã Tây Tiền Hải,"[[""en"", ""Tây Tiền Hải Commune""], [""vi"", ""Xã Tây Tiền Hải""]]",True,True,106.46238708496094,20.32607650756836,106.50424194335938,20.389238357543945,0792174c-180f-44e9-9bdf-e1d199e66e5c
c51d7f61-5b04-4bd6-9ad8-8ee0455ff257,VN,VN-18,locality,,land,Xã Nam Ninh,"[[""en"", ""Nam Ninh Commune""], [""vi"", ""Xã Nam Ninh""]]",True,True,106.21318054199219,20.261972427368164,106.2682113647461,20.352703094482422,6cf35d0b-8473-4637-867e-1feac7e79145
f7ac19cd-691e-4e92-acea-f818898b18d9,VN,VN-45,locality,,land,Xã Tân Thạnh,,True,True,105.43164825439453,10.542370796203613,105.50558471679688,10.66447639465332,37d60ea5-e77b-44bc-9da0-187e4bdf8d53
5d19310c-fccc-40f5-bfed-6278865fe9ce,VN,VN-22,locality,,land,Xã Bình Minh,"[[""en"", ""Bình Minh Commune""], [""vi"", ""Xã Bình Minh""]]",True,True,105.4177474975586,19.046436309814453,105.56326293945312,19.1650390625,d271f07c-1d7e-4223-b726-81706809822d
5df7a4f5-bc7d-4a10-b08d-38f17901d2ac,VN,VN-45,locality,,land,Xã Cái Bè,,True,True,105.96717834472656,10.316349983215332,106.05422973632812,10.40700626373291,a7686a1f-e032-4718-a5a8-671d0507d733
5d78c06d-3245-4abc-9309-1631d97d7d45,VN,VN-44,locality,,land,Xã Phú Hòa,"[[""zh-Hant"", ""富和社""], [""fa"", ""شهرک فوهوا""], [""zh-Hans"", ""富和社""], [""zh"", ""富和社""]]",True,True,105.34861755371094,10.2462158203125,105.44136047363281,10.365459442138672,d6483054-cab2-428e-9b30-57861cc70e4b
733376db-7e20-439d-bca6-c655f67af9b7,VN,VN-45,locality,,land,Xã Đốc Binh Kiều,,True,True,105.81736755371094,10.476831436157227,105.94190979003906,10.638290405273438,e2f2134d-1cfe-4e64-87a9-a9869dd47854
a5cda3e1-1e61-423d-82e9-f85d7653ffcd,VN,VN-SG,locality,,land,Xã Tân Vĩnh Lộc,,True,True,106.50572967529297,10.76290225982666,106.58902740478516,10.834867477416992,bb3560dd-2034-4b02-aca6-0680c8516b6c
783b5bd7-d163-4214-9e1c-e5efae6b7f95,VN,VN-CT,locality,,land,Xã Trường Thành,,True,True,105.55506134033203,9.989124298095703,105.62824249267578,10.128623962402344,15b7743d-78cf-4e5d-a662-8cce1a2c58c7
64e70bea-3229-4579-aa0c-b721a829e078,VN,VN-21,locality,,land,Xã Thạch Bình,"[[""en"", ""Thạch Bình Commune""], [""vi"", ""Xã Thạch Bình""]]",True,True,105.51211547851562,20.093088150024414,105.64781188964844,20.271474838256836,71b76c3e-1df6-4984-b858-ad31eb538623
4dcb1c11-357d-4c96-a399-1945271a50cb,VN,VN-21,locality,,land,Phường Đào Duy Từ,"[[""en"", ""Đào Duy Từ Ward""], [""de"", ""Stadtviertel Đào Duy Từ""], [""vi"", ""Phường Đào Duy Từ""]]",True,True,105.69215393066406,19.398460388183594,105.78396606445312,19.475053787231445,7ee118c9-262d-4c43-aca2-3c2d8d1bbca1
5e9b9440-2833-43c4-a269-0e4f85a1af31,VN,VN-45,locality,,land,Xã Tân Khánh Trung,"[[""vi"", ""Tân Khánh Trung""]]",True,True,105.63324737548828,10.29841423034668,105.72172546386719,10.41004753112793,591274b0-a554-4f6a-9822-1f0ce2ace975
27e03ac8-954a-48f9-84a2-e87c55b0da7d,VN,VN-21,locality,,land,Xã Thiệu Hóa,"[[""en"", ""Thiệu Hóa Commune""], [""vi"", ""Xã Thiệu Hóa""]]",True,True,105.6430435180664,19.871379852294922,105.71980285644531,19.9425048828125,55d5c808-588b-465b-8a1d-2667a8f73ca3
8167cfce-6d45-4df8-ba9a-4a9ca1e847a5,VN,VN-49,locality,,land,Xã Hưng Mỹ,,True,True,106.35247039794922,9.849020957946777,106.44509887695312,9.978325843811035,d36fd2fd-438d-4d40-a3c7-0151d0206b6c
2d69b744-f8e6-4541-801d-c66da74e04a0,VN,VN-49,locality,,land,Xã Nhơn Phú,,True,True,106.01658630371094,10.184236526489258,106.10610961914062,10.261124610900879,18c36965-0c3d-4a03-bb93-5dc114b9d5a3
ffce97a8-add0-4b48-a65b-e0af9a05df12,VN,VN-45,locality,,land,Xã Bình Hàng Trung,,True,True,105.72834014892578,10.355363845825195,105.8227310180664,10.490326881408691,e97b1f16-f87c-4ef7-9aed-8b85eed331cf
396cd173-ff1f-4d6a-9d80-6d0b2c42ad59,VN,VN-21,locality,,land,Xã Thăng Bình,"[[""en"", ""Thăng Bình Commune""], [""vi"", ""Xã Thăng Bình""]]",True,True,105.61630249023438,19.560157775878906,105.70600128173828,19.61529541015625,993a187d-ac9d-45bc-b9bc-16885b288141
9086df7b-f49e-4afe-8033-5f7b09bbc8b1,VN,VN-SG,locality,,land,Phường Vườn Lài,,True,True,106.66709899902344,10.75985336303711,106.68280029296875,10.777825355529785,d3bc272e-5940-47c8-9a62-dd5ffe36c573
b2d2b51c-94ad-4256-8a44-574093c16942,VN,VN-22,locality,,land,Xã Hưng Nguyên Nam,"[[""en"", ""Hưng Nguyên Nam Commune""], [""vi"", ""Xã Hưng Nguyên Nam""]]",True,True,105.55393981933594,18.5676326751709,105.64207458496094,18.656484603881836,9d5dc534-410e-4702-b343-a8ed926b773b
8cb4d05e-0545-4a9b-8113-1a1d0acbedf5,VN,VN-45,locality,,land,Xã Gò Công Đông,"[[""vi"", ""Gò Công Đông""]]",True,True,106.71197509765625,10.263528823852539,106.78299713134766,10.336183547973633,443a3f34-2dd2-4d5b-b582-1878e3aa50a2
fc04ee2d-b9b7-431c-b113-c12178677384,VN,VN-25,locality,,land,Xã Đồng Lê,"[[""vi-Hani"", ""社同黎""], [""vi"", ""Xã Đồng Lê""], [""zh-Hans"", ""同黎社""], [""lzh"", ""同黎社""], [""zh-Hant"", ""同黎社""], [""en"", ""Đồng Lê Commune""], [""zh"", ""同黎社""]]",True,True,105.87646484375,17.812353134155273,106.07592010498047,18.051746368408203,50c5e931-f14b-421a-99b9-e96e7d5b539e
3453ded1-ea93-4050-be4a-82696d98075f,VN,VN-49,locality,,land,Xã Tân Thủy,,True,True,106.56302642822266,9.958808898925781,106.6719741821289,10.047636985778809,d20a2d07-5d8e-4c0b-ab06-269cc2dd90f6
092d4031-5931-4818-a61b-ccf6b65df7d3,VN,VN-22,locality,,land,Xã Con Cuông,"[[""en"", ""Con Cuông Commune""], [""vi"", ""Xã Con Cuông""]]",True,True,104.77182006835938,18.985963821411133,104.93986511230469,19.10845947265625,b7353339-c85c-4b98-8da0-be193f752584
f40da319-98b8-47cf-9206-fc848d5a9458,VN,VN-18,locality,,land,Đồng Tâm,,True,True,105.86661529541016,20.20655632019043,105.87384033203125,20.21364974975586,8633718a-5ca1-4a93-b3dc-6e2a6ff85fef
49b14be9-cf30-465e-a7f6-3c32f557d60d,VN,VN-SG,locality,,land,Phường An Lạc,,True,True,106.59760284423828,10.710962295532227,106.62449645996094,10.758264541625977,3157bd6c-414f-4d06-8c7f-ea0cd84ee6f0
ca5dc3da-99d3-452a-8630-448a9964889f,VN,VN-21,locality,,land,Phường Tân Dân,"[[""en"", ""Tân Dân Ward""], [""de"", ""Stadtviertel Tân Dân""], [""vi"", ""Phường Tân Dân""]]",True,True,105.74986267089844,19.50433921813965,105.81132507324219,19.56498146057129,ef74cde0-a823-4082-91f5-b12ba9f10b65
f62300a2-8b0d-41e6-b8fc-ad57027c694c,VN,VN-26,locality,,land,Phường Vỹ Dạ,"[[""vi-Hani"", ""坊葦野""], [""vi"", ""Phường Vỹ Dạ""], [""zh-Hans"", ""苇野坊""], [""lzh"", ""葦野坊""], [""zh-Hant"", ""葦野坊""], [""en"", ""Vỹ Dạ Ward""], [""zh"", ""葦野坊""]]",True,True,107.5911865234375,16.458667755126953,107.63333892822266,16.49146270751953,0cf7596e-26c7-4b41-b611-833ce22cfaee
8d97f2e4-8b16-4761-8ef3-3638ce87affe,VN,VN-39,locality,,land,Xã Bom Bo,"[[""zh-Hant"", ""奔博社""], [""zh"", ""奔博社""]]",True,True,107.0562515258789,11.791274070739746,107.2515869140625,11.948113441467285,dd1d7098-9489-4bd2-a54b-79473e2b3637
a432fdf0-82a5-4f08-8962-8413bf30ddbe,VN,VN-39,locality,,land,Xã Tân Lợi,"[[""zh-Hant"", ""新利社""], [""zh"", ""新利社""]]",True,True,106.87415313720703,11.301584243774414,107.12945556640625,11.528559684753418,c607b66c-add1-443b-8cd8-d6ef12fa7e08
f9d3cc5e-9ca6-4c57-b5ed-9b8124a096b9,VN,VN-23,locality,,land,Phường Hà Huy Tập,"[[""en"", ""Hà Huy Tập Ward""], [""vi"", ""Phường Hà Huy Tập""]]",True,True,105.83488464355469,18.27372932434082,105.92201232910156,18.344085693359375,0d541ee7-15b4-4a30-b023-9f9749b5a596
18baaccb-a728-4c86-9916-2dd2d90aae24,VN,VN-SG,microhood,,land,A,,True,True,106.6304702758789,10.747492790222168,106.63098907470703,10.747746467590332,2ce3bb4a-6a17-4a88-b821-33ef78c86888
e20329c5-1d0c-47e5-a4c7-a695b97ec7df,VN,VN-66,locality,,land,Xã Tân Thuận,"[[""en"", ""Tân Thuận Commune""], [""vi"", ""Xã Tân Thuận""]]",True,True,106.20962524414062,20.40505027770996,106.27779388427734,20.443830490112305,d94650e9-b47e-4c58-a05d-0ab925560883
27a5d132-77a6-4b86-9b03-62f7856b1f07,VN,VN-HP,locality,,land,Đặc khu Bạch Long Vĩ,"[[""en"", ""Bạch Long Vĩ Special Administration Region""], [""de"", ""Sonderzone Bạch Long Vĩ""], [""vi"", ""Đặc khu Bạch Long Vĩ""]]",True,True,107.71571350097656,20.123746871948242,107.74126434326172,20.14651870727539,bbc11329-5332-4f82-baad-9401952064c9
41f6e9df-993f-4ddb-a265-6b2caa08738f,VN,VN-29,locality,,land,Xã Đăk Mar,,True,True,107.86075592041016,14.485365867614746,107.9969711303711,14.654626846313477,9fdb0fe9-5fc3-4931-8c30-383c05d710b0
9f111529-7d79-4a61-a6c0-80937e7b79d6,VN,VN-DN,region,1,land,Thành phố Đà Nẵng,"[[""hy"", ""Դանանգ""], [""ku"", ""Da Nang""], [""st"", ""Da Nang""], [""ta"", ""தா நாங்""], [""ar"", ""دا نانغ""], [""fr"", ""Da Nang""], [""lv"", ""Dananga""], [""eu"", ""Da Nang""], [""am"", ""ዳ ናንግ""], [""mt"", ""Da Nang""], [""bn"", ""ডানাং""], [""uz"", ""Danang""], [""uk"", ""Дананг""], [""fj"", ""Da Nang""], [""ky"", ""Дананг""], [""tt"", ""Данаң""], [""pt"", ""Da Nang""], [""cs"", ""Danang""], [""zu"", ""IDanang""], [""lo"", ""ດານັງ""], [""gl"", ""Da Nang""], [""el"", ""Ντα Νανγκ""], [""ca"", ""Da Nang""], [""vi-Hani"", ""城庯沱㶞""], [""os"", ""Дананг""], [""vi"", ""Thành phố Đà Nẵng""], [""tl"", ""Da Nang""], [""nl"", ""Đà Nẵng""], [""zh-Hans"", ""岘港市""], [""bg"", ""Дананг""], [""ko"", ""다낭""], [""eo"", ""Danango""], [""tk"", ""Da Naň""], [""mk"", ""Да Нанг""], [""af"", ""Da Nang""], [""yi"", ""דא נאנג""], [""ha"", ""Da Nang""], [""cy"", ""Da Nang""], [""nb"", ""Da Nang""], [""ig"", ""Da Nang""], [""cv"", ""Дананг""], [""ur"", ""دا نانگ""], [""jv"", ""Da Nang""], [""ru"", ""Дананг""], [""ht"", ""Da Nang""], [""th"", ""ดานัง""], [""sq"", ""Da Nang""], [""ia"", ""Da Nang""], [""sv"", ""Da Nang""], [""tr"", ""Da Nang""], [""da"", ""Da Nang""], [""my"", ""ဒါနန့်မြို့""], [""sr-Cyrl"", ""Да Нанг""], [""zh-Hant"", ""峴港市""], [""sm"", ""Da Nang""], [""en"", ""Đà Nẵng""], [""tn"", ""Da Nang""], [""he"", ""דה נאנג""], [""kn"", ""ಡಾ ನಂಗ್""], [""az"", ""Dananq""], [""wa"", ""Da Nang""], [""hi"", ""डै नैंग""], [""tw"", ""Da Nang""], [""ie"", ""Da Nang""], [""io"", ""Da Nang""], [""sw"", ""Da Nang""], [""be"", ""Дананг""], [""mi"", ""Da Nang""], [""ja"", ""ダナン""], [""ro"", ""Da Nang""], [""kg"", ""Da Nang""], [""lt"", ""Danangas""], [""km"", ""ដាណាំង""], [""ay"", ""Da Nang""], [""fa"", ""دانانگ""], [""mn"", ""Да Нанг""], [""zh"", ""岘港市""], [""ms"", ""Da Nang""]]",True,False,107.2109146118164,14.951353073120117,108.74002075195312,16.22576141357422,596b32d0-9cb1-4e8f-b4cd-f82eeb46704a
99c50317-62b9-4801-8d7f-d7c0fb3d4efb,VN,VN-30,locality,,land,Xã Ia Băng,,True,True,107.99851989746094,13.84928035736084,108.152587890625,13.981090545654297,7f2c9d46-f348-4193-a388-6254e128aa56
4aca97e8-5001-41bf-a3fc-4319248b4e3e,VN,VN-21,locality,,land,Xã Hoằng Tiến,"[[""en"", ""Hoằng Tiến Commune""], [""vi"", ""Xã Hoằng Tiến""]]",True,True,105.8934326171875,19.839357376098633,105.96578979492188,19.89104652404785,8f9f3cd6-3926-4076-81f1-4a4cacc0aab4
187dce3b-2636-4e6b-b0a8-17867feed9b6,VN,VN-25,microhood,,land,Quảng trường Bảo Ninh 1,,True,True,106.63581085205078,17.474376678466797,106.63680267333984,17.475522994995117,45e3c03a-d437-41b7-8c83-82b083251fb2
ee025adc-1272-4e44-9a78-e7603128ffd0,VN,VN-SG,locality,,land,Xã Bà Điểm,,True,True,106.5286636352539,10.826095581054688,106.61552429199219,10.876909255981445,f429f2c5-9a7d-494f-befc-30bc73441cd8
3b858845-0a79-42ae-b0c7-4878b4ce0253,VN,VN-44,locality,,land,Xã Tây Phú,"[[""zh-Hant"", ""西富社""], [""fa"", ""قصبه تای‌فو""], [""zh-Hans"", ""西富社""], [""zh"", ""西富社""]]",True,True,105.11864471435547,10.284403800964355,105.24569702148438,10.376433372497559,c2bbb952-8f78-4dd9-948c-2609a107c52d
4644e36a-8314-4b48-abe0-03eaa8fedc48,VN,VN-22,locality,,land,Xã Nga My,"[[""en"", ""Nga My Commune""], [""vi"", ""Xã Nga My""]]",True,True,104.7362289428711,19.20166778564453,104.93173217773438,19.428329467773438,c49302ec-a680-4686-a439-bf773f28119d
317d56b0-697f-47cb-876a-86f0fbc91838,VN,VN-18,locality,,land,Xã Trần Thương,"[[""en"", ""Trần Thương Commune""], [""vi"", ""Xã Trần Thương""]]",True,True,106.0711441040039,20.508602142333984,106.14081573486328,20.586057662963867,bedfbed6-2270-468a-ae77-5b42dec286b3
8b133eab-0f40-497a-8cd2-2c4b314e2b66,VN,VN-18,locality,,land,Xã Khánh Thiện,"[[""en"", ""Khánh Thiện Commune""], [""vi"", ""Xã Khánh Thiện""]]",True,True,106.0689468383789,20.18932342529297,106.153076171875,20.255043029785156,dcb742a4-ba1c-4598-b21a-113ef15d8caa
8421d215-eb27-42e7-ba09-f7ae603d0a45,VN,VN-SG,microhood,,land,I,,True,True,106.6308822631836,10.73985481262207,106.63188934326172,10.740382194519043,e2317ec4-3bd8-4c29-9ed3-2d294dbedf48
2dc28838-bb40-4e10-a9e2-612c30a80ff9,VN,VN-23,locality,,land,Phường Vũng Áng,"[[""en"", ""Vũng Áng Ward""], [""vi"", ""Phường Vũng Áng""]]",True,True,106.34190368652344,17.981630325317383,106.48995971679688,18.125877380371094,44fe129a-6b9e-4f8b-a913-32e916613377
da1e82d6-173e-4679-8587-3c8f0ea88075,VN,VN-39,locality,,land,Xã Xuân Hòa,,True,True,107.40296173095703,10.767630577087402,107.57785034179688,10.984189987182617,153117c0-86dc-42e1-9d18-4af30da7af64
a4791170-5162-4778-a242-e88110c341f8,VN,VN-37,locality,,land,Xã Tuyên Thạnh,,True,True,105.81742095947266,10.685843467712402,105.93883514404297,10.81612491607666,bd1b7ce5-74c5-4008-9a97-8517ef0fbe81
533552d5-aa5a-4d2b-bed9-763a8509bf35,VN,VN-21,locality,,land,Xã Trường Lâm,"[[""en"", ""Trường Lâm Commune""], [""de"", ""Gemeinde Trường Lâm""], [""vi"", ""Xã Trường Lâm""]]",True,True,105.629150390625,19.30028533935547,105.74346923828125,19.40127182006836,bd23e7c4-d985-4078-b4bc-961cf59b87ce
f48e9e18-326c-482f-97c4-c658d53e2b3d,VN,VN-35,microhood,,land,Quảng trường 23 tháng 3,,True,True,107.55867004394531,11.184803009033203,107.55978393554688,11.185507774353027,b36bfd5c-9b33-4a05-aa28-0d881e5b759a
38334242-20af-4afc-8c67-8fa9f6ad2da5,VN,VN-18,locality,,land,Phường Vị Khê,"[[""en"", ""Vị Khê Ward""], [""de"", ""Stadtviertel Vị Khê""], [""vi"", ""Phường Vị Khê""]]",True,True,106.17186737060547,20.37131690979004,106.25872802734375,20.4439754486084,4ce65487-d2e5-48d6-b8ee-f8c65c13cdad
fc196003-acf9-4f5a-86a9-422175a62efc,VN,VN-SG,microhood,,land,Công trường Công xã Paris,"[[""ar"", ""ساحة بلدية باريس""], [""fr"", ""Place de la Commune-de-Paris""], [""cjm-Latn"", ""Kleng bhum Paris""], [""vi-Hani"", ""公場公社巴黎""], [""ru"", ""Площадь Парижской Коммуны""], [""id"", ""Alun-alun Komune Paris""], [""zh-Hant"", ""巴黎公社廣場""], [""en"", ""Paris Commune Square""], [""be"", ""Плошча Парыжскай Камуны""], [""zh"", ""巴黎公社广场""], [""ms"", ""Dataran Komune Paris""]]",True,True,106.69833374023438,10.778756141662598,106.70008087158203,10.78042221069336,56b3bfb0-b8c4-4968-9e87-b6026acfc7a4
fa220f63-3256-4c25-a938-e30379eba52c,VN,VN-44,microhood,,land,Quảng trường thị trấn Phú Mỹ,,True,True,105.3582534790039,10.581302642822266,105.35929870605469,10.582354545593262,15b5de22-a6c7-475c-ac62-312cd3495c0d
0a13e855-8e34-4edd-9d96-9a6fad1cb441,VN,VN-23,locality,,land,Xã Nghi Xuân,"[[""en"", ""Nghi Xuân Commune""], [""vi"", ""Xã Nghi Xuân""]]",True,True,105.68855285644531,18.544771194458008,105.76969909667969,18.672473907470703,43690faf-cdb3-4525-8abf-d24bc92d1ae6
e2ae23a9-bec4-46ca-8f7e-9bd16fbd181e,VN,VN-21,locality,,land,Xã Thọ Long,"[[""en"", ""Thọ Long Commune""], [""vi"", ""Xã Thọ Long""]]",True,True,105.51665496826172,19.881731033325195,105.5875015258789,19.931013107299805,6d6cdffa-f830-4dd0-aa4d-006a20173a8a
10893267-479d-45d2-bd72-0ddab2f5dfc8,VN,VN-SG,locality,,land,Xã Thường Tân,,True,True,106.8371353149414,11.019813537597656,106.9666976928711,11.189887046813965,4a4e4158-ba42-4c10-b4ae-bf1e15dd73f3
be7e7137-2d7d-4773-be97-e325f39afa59,VN,VN-35,locality,,land,Xã Cát Tiên 3,,True,True,107.3325424194336,11.603795051574707,107.52081298828125,11.803897857666016,c78004b3-c065-4adf-ab80-a9b01d068ea6
752e4bd9-021c-4fa4-85ba-ba1081cd970d,VN,VN-25,locality,,land,Cao Hy,"[[""vi"", ""Cao Hy""]]",True,True,107.16909790039062,16.85405921936035,107.1746597290039,16.8580379486084,8685c5d5-068b-444a-983b-5458b66a77ce
1234b444-7df5-46c5-ac37-61eb157bd660,VN,VN-SG,microhood,,land,K,,True,True,106.62937927246094,10.73951244354248,106.63087463378906,10.74013900756836,5c04fdb3-0347-4a4a-9051-821a3f63e1a3
0b17d414-d4dd-4594-a8ac-70b621f92c8b,VN,VN-44,locality,,land,Phường Mỹ Thới,,True,True,105.40570068359375,10.303067207336426,105.49607849121094,10.364773750305176,f2da1558-4637-42f2-859b-d7e19ad69dce
2d7d5127-b14d-43c7-9f12-1e7c09098bcf,VN,VN-21,locality,,land,Xã Hoằng Châu,"[[""en"", ""Hoằng Châu Commune""], [""vi"", ""Xã Hoằng Châu""]]",True,True,105.85604095458984,19.771038055419922,105.92626190185547,19.84602165222168,b96551ac-2aa9-4adb-b819-3e09f78e6209
2ab4727e-62be-46e1-be0b-3b8e489eb03c,VN,VN-66,locality,,land,Xã Đồng Châu,"[[""en"", ""Đồng Châu Commune""], [""vi"", ""Xã Đồng Châu""]]",True,True,106.51858520507812,20.366592407226562,106.6239242553711,20.44484519958496,50abb394-aa73-4f6a-b6f3-03a7219aae1b
832583af-af53-4ea8-9832-d3e3bc19ace7,VN,VN-39,locality,,land,Xã Long Hà,,True,True,106.74118041992188,11.605154037475586,106.88671875,11.782698631286621,d1be1bd1-a372-452f-8afc-2b594cb04bc5
5db3305d-3bcc-490f-97c3-53d09a06b7cd,VN,VN-39,locality,,land,Xã Nam Cát Tiên,,True,True,107.37548065185547,11.321904182434082,107.52731323242188,11.43658447265625,45b33702-9214-47c6-ab8f-f89ccdcd2ce6
b4c5fe03-38dd-47fb-8e05-5767391a3d43,VN,VN-30,locality,,land,Xã Đức Cơ,,True,True,107.65278625488281,13.680862426757812,107.77920532226562,13.818964958190918,fdb22cf0-e5c1-4511-a7f1-8328c8c5fbdc
6f1bafe2-7eb7-4a6f-af04-1017ff36bcfe,VN,VN-49,locality,,land,Xã Phú Túc,,True,True,106.24248504638672,10.249210357666016,106.38697814941406,10.340333938598633,d6ec3953-1343-4345-86d7-36a9da8d6381
6a1f37eb-fc7b-4d11-908a-478df72c9f6f,VN,VN-25,microhood,,land,Quảng trường biển Hoàn Lão,,True,True,106.5622329711914,17.581748962402344,106.56536102294922,17.585071563720703,db3fd53c-ec4c-4bc5-bf0d-9e5995980a5f
89278845-74d6-4fbe-8fa2-08970056f116,VN,VN-SG,locality,,land,Xã Hiệp Phước,,True,True,106.67835998535156,10.576361656188965,106.78376007080078,10.69434928894043,1692b58e-42d7-4fc1-b6f3-7908697d9128
fad33169-063b-4f3f-9933-40952ae51826,VN,VN-37,locality,,land,Xã Truông Mít,,True,True,106.23388671875,11.13670539855957,106.3529281616211,11.27016544342041,c1fd1238-5251-4a71-9a0c-498aa8b6d766
39267d64-cc7b-4b30-a48a-2f8198b0bd25,VN,VN-59,locality,,land,Xã Tân Lộc,"[[""zh-Hant"", ""新祿社""], [""fa"", ""قصبه تان‌لوک""], [""zh-Hans"", ""新禄社""], [""zh"", ""新祿社""]]",True,True,105.1739273071289,9.241944313049316,105.29409790039062,9.349211692810059,00ae523f-930a-431c-a5d3-c7e014eb21b2
ad14c85f-7ed6-4a09-abd7-bf8d8cef8bfe,VN,VN-18,locality,,land,Xã Cổ Lễ,"[[""en"", ""Cổ Lễ Commune""], [""vi"", ""Xã Cổ Lễ""]]",True,True,106.25081634521484,20.2642822265625,106.29276275634766,20.329824447631836,fa0f6b42-2549-4775-a19b-8a4a1055dce7
3f82c56c-0f28-4e8c-bb1d-e0432c8650cf,VN,VN-CT,locality,,land,Xã Trường Long,,True,True,105.58304595947266,9.945660591125488,105.64859771728516,10.006298065185547,ce75eb69-e902-458c-bd08-0d52620b05a5
e16c7f6c-44e6-4cc8-a961-e2d334e8f82e,VN,VN-59,locality,,land,Xã Đầm Dơi,"[[""zh-Hant"", ""潭猚社""], [""zh-Hans"", ""潭猚社""], [""zh"", ""潭猚社""]]",True,True,105.15283966064453,8.884763717651367,105.24853515625,9.037870407104492,673a6c59-d845-45f3-8910-eda7400ea90b
62a23a30-8b11-4227-9fa1-1da894e1223b,VN,VN-35,locality,,land,Xã Đức Lập,,True,True,107.59110260009766,12.343196868896484,107.73507690429688,12.53469467163086,3733d8e6-d1b2-4475-a1f3-d7b4cd80b894
d425c791-384a-4540-a274-eb343718c68f,VN,VN-25,locality,,land,Xã Diên Sanh,"[[""vi-Hani"", ""社延生""], [""vi"", ""Xã Diên Sanh""], [""zh-Hans"", ""延生社""], [""lzh"", ""延生社""], [""zh-Hant"", ""延生社""], [""en"", ""Diên Sanh Commune""], [""zh"", ""延生社""]]",True,True,107.17781066894531,16.607236862182617,107.32594299316406,16.74033546447754,e4771ba6-86e1-466e-9c0f-de1404b25f9f
89b706b7-1b09-4de3-b63a-002ed7dde19b,VN,VN-SG,locality,,land,Phường Phú Nhuận,,True,True,106.66596221923828,10.787908554077148,106.68616485595703,10.800185203552246,3268b5c4-1d7a-4d27-b06b-d5965629844f
52a7c750-295d-490b-9293-606df34283ff,VN,VN-59,locality,,land,Xã Khánh An,"[[""zh-Hant"", ""慶安社""], [""fa"", ""قصبه خان‌آن""], [""zh-Hans"", ""庆安社""], [""zh"", ""慶安社""]]",True,True,104.93035888671875,9.186203956604004,105.0878677368164,9.32692813873291,176dbf7f-e3ae-4023-aa2b-a998705bf862
65b8e15d-6d3f-4b3d-a16a-8127edbfd377,VN,VN-18,microhood,,land,Quảng trường Đinh Tiên Hoàng,,True,True,105.9683609008789,20.269306182861328,105.97521209716797,20.273765563964844,2f996ea9-fd00-4288-91e0-7cac69ba9221
959252f4-3d9a-48b5-93f1-5e711a3e1935,VN,VN-39,locality,,land,Phường Bảo Vinh,"[[""ko"", ""바오빈""]]",True,True,107.23650360107422,10.932828903198242,107.32975769042969,11.00880241394043,44bb0cab-82b1-45da-8663-41c60dc4baa0
a757609d-a3cf-4f36-b7c8-698b20f79292,VN,VN-44,locality,,land,Phường Tân Châu,,True,True,105.22825622558594,10.741105079650879,105.26802825927734,10.804336547851562,af0ad3c2-8a85-4c5e-b774-58859154f53c
e9d81bb5-ab24-4761-a802-be6f1466e32d,VN,VN-DN,locality,,land,Xã Phước Thành,"[[""en"", ""Phước Thành Commune""], [""vi"", ""Xã Phước Thành""]]",True,True,107.79634094238281,15.193629264831543,107.96458435058594,15.434186935424805,0ae3de65-e6c7-4dad-8d0f-a89bf6e47f6d
b82bae42-7258-48e3-a2be-06a6ca920695,VN,VN-DN,locality,,land,Phường Hải Vân,"[[""en"", ""Hải Vân Ward""], [""vi"", ""Phường Hải Vân""]]",True,True,107.81852722167969,16.033615112304688,108.21068572998047,16.22576141357422,a5f81d41-9f6a-441e-b2f1-9be64c521c9a
926e61f3-0a8e-4e47-8ab8-690c545cf1f5,VN,VN-29,locality,,land,Xã Đăk Ui,,True,True,107.9299545288086,14.496517181396484,108.0759048461914,14.67333984375,51f4f257-036c-40b8-bde1-6d196e403dfa
921de7a7-5765-4b28-a665-bfd847e1cc5e,VN,VN-45,locality,,land,Phường Nhị Quý,,True,True,106.13217163085938,10.366418838500977,106.19540405273438,10.43510627746582,2b80a813-14c4-4b5e-9d57-f53eed2eff37
de616cfa-4f3b-4337-a7d2-5d6eaa58d556,VN,VN-22,locality,,land,Xã Vân Tụ,"[[""en"", ""Vân Tụ Commune""], [""vi"", ""Xã Vân Tụ""]]",True,True,105.37610626220703,18.887893676757812,105.47221374511719,18.979961395263672,672177c9-56cb-4c3d-b7bc-9c948b7a069a
eeff505a-3de8-4e33-ae41-274dcc6ca96e,VN,VN-39,locality,,land,Xã An Phước,,True,True,106.86425018310547,10.774541854858398,106.98944854736328,10.871447563171387,c21b04ab-2ae8-4d51-bbdd-93e048e7ab06
d56c73a3-1a24-4088-8e1d-01651ca35b69,VN,VN-39,locality,,land,Xã Xuân Quế,"[[""ko"", ""쑤언꾸에""]]",True,True,107.07172393798828,10.79954719543457,107.21346282958984,10.89948844909668,a61eb204-9bfb-425b-8c62-abeee3a10c9f
5b022da1-2441-4c96-868d-be87bba3cd5c,VN,VN-21,locality,,land,Xã Hợp Tiến,"[[""en"", ""Hợp Tiến Commune""], [""vi"", ""Xã Hợp Tiến""]]",True,True,105.49650573730469,19.753154754638672,105.6014404296875,19.84152603149414,1e2233eb-1987-4d5e-b479-761f43098345
22c6b4c8-35bc-48f9-af8c-f8a4a4ab38fc,VN,VN-35,locality,,land,Xã Krông Nô,,True,True,107.69937896728516,12.345146179199219,107.95425415039062,12.474681854248047,c33cbde9-33bb-4d2f-ab2a-ff4fd5290f0b
d58b464a-7909-41f6-ab4a-c1e54c31dabc,VN,VN-22,locality,,land,Xã Văn Kiều,"[[""en"", ""Văn Kiều Commune""], [""vi"", ""Xã Văn Kiều""]]",True,True,105.46605682373047,18.779569625854492,105.55268096923828,18.8978214263916,9509e634-1b6f-4122-a03e-8725b3d08f08
fd09accd-cf9d-4111-9f90-8c4a10849630,VN,VN-18,locality,,land,Xã Vĩnh Trụ,"[[""en"", ""Vĩnh Trụ Commune""], [""vi"", ""Xã Vĩnh Trụ""]]",True,True,106.02685546875,20.524446487426758,106.07542419433594,20.573352813720703,7044b035-2c74-40de-ba19-cb476136ff22
6f374069-41f4-4931-aeaa-a045502b6cbc,VN,VN-18,locality,,land,Xã Nghĩa Sơn,"[[""en"", ""Nghĩa Sơn Commune""], [""vi"", ""Xã Nghĩa Sơn""]]",True,True,106.15296936035156,20.09874153137207,106.2025375366211,20.209863662719727,172ca024-56bf-45e5-8fbb-892df2abef83
f8787b48-1aff-404d-9bfb-c0373199da7a,VN,VN-37,locality,,land,Xã Thạnh Lợi,,True,True,106.33142852783203,10.684745788574219,106.4661865234375,10.79765796661377,80c5c451-6ff7-4c81-9604-908b11d64dea
c7e7ea37-fe46-4fbc-bd4b-8e5663091597,VN,VN-21,locality,,land,Xã Tam Thanh,"[[""en"", ""Tam Thanh Commune""], [""vi"", ""Xã Tam Thanh""]]",True,True,104.7649917602539,20.141592025756836,104.92155456542969,20.231834411621094,3ff21cab-9be6-4dc1-b94d-e77974fa8521
2493ec6a-8152-4744-84d1-862afd85c4b9,VN,VN-45,locality,,land,Xã Tân Phú,,True,True,106.13809204101562,10.402979850769043,106.19857025146484,10.482821464538574,7ed7ce16-175d-494a-afd9-db73bc8b6bbd
5670f8d2-0764-4237-9f8a-6ac20b906aa8,VN,VN-37,locality,,land,Xã Hậu Nghĩa,,True,True,106.34851837158203,10.881312370300293,106.45355224609375,10.98469066619873,a4333927-adfc-4f9d-9495-3058facfafc2
b4d50908-5bc0-402b-864a-669e5965caea,VN,VN-33,locality,,land,Xã Buôn Đôn,,True,True,107.48420715332031,12.778603553771973,107.97224426269531,13.088606834411621,3353b49b-387c-4100-817d-a5a7da766842
5d75acfb-d57b-44a5-b615-132a9ebe3d57,VN,VN-29,locality,,land,Xã Ngọk Tụ,,True,True,107.69995880126953,14.6814546585083,107.8337631225586,14.846555709838867,0708befc-601e-48dc-b771-49e57036d694
b775a6e5-2e17-4f8a-b3bf-807e09c4d4f1,VN,VN-25,locality,,land,Xã Lao Bảo,"[[""vi-Hani"", ""社牢堡""], [""vi"", ""Xã Lao Bảo""], [""zh-Hans"", ""牢堡社""], [""lzh"", ""牢堡社""], [""zh-Hant"", ""牢堡社""], [""en"", ""Lao Bảo Commune""], [""zh"", ""牢堡社""]]",True,True,106.56474304199219,16.581418991088867,106.6874008178711,16.6992130279541,b0069165-a1ed-49a4-8667-25fa2d7d7b85
52d1a8cb-9a66-4821-af3a-a1f4df913706,VN,VN-SG,locality,,land,Phường Phú Định,,True,True,106.60382080078125,10.706266403198242,106.670166015625,10.750203132629395,d6c43305-bd74-4e92-9412-5675af177dbd
4efa7a5a-a321-4701-a4be-584c1046f8c4,VN,VN-SG,locality,,land,Phường Bình Đông,,True,True,106.59454345703125,10.68985366821289,106.6657485961914,10.742904663085938,53fc6211-3f5f-4fb5-9090-3ab4747f3aec
55eb6493-22df-4525-b23d-d21006e556e2,VN,VN-26,locality,,land,Phường An Cựu,"[[""vi-Hani"", ""坊安舊""], [""vi"", ""Phường An Cựu""], [""zh-Hans"", ""安旧坊""], [""lzh"", ""安舊坊""], [""zh-Hant"", ""安舊坊""], [""en"", ""An Cựu Ward""], [""zh"", ""安舊坊""]]",True,True,107.58484649658203,16.3992919921875,107.6302261352539,16.473148345947266,e2a24227-11d3-4544-8c2f-8a8e9f078612
eb714ec5-2b00-4570-b88d-11f12c32e76d,VN,VN-23,locality,,land,Xã Lộc Hà,"[[""en"", ""Lộc Hà Commune""], [""vi"", ""Xã Lộc Hà""]]",True,True,105.8440933227539,18.444761276245117,105.92475891113281,18.529678344726562,798ebc64-6e9e-4fa1-abe9-309caecb4d6c
617af27d-6f2e-452c-a47e-14652a83d60e,VN,VN-23,locality,,land,Xã Kỳ Lạc,"[[""en"", ""Kỳ Lạc Commune""], [""vi"", ""Xã Kỳ Lạc""]]",True,True,106.13517761230469,17.90960121154785,106.33847045898438,18.08149528503418,79f2b2b4-1631-4987-8713-17a532239019
c1e185a7-cfce-472e-a4f5-c2f06a720b4d,VN,VN-49,locality,,land,Xã Trà Cú,,True,True,106.23588562011719,9.662353515625,106.31165313720703,9.737180709838867,195f412d-dae2-4e0e-bce2-85bb116094e3
64b1e6ca-1c0f-4b85-b976-94f6980146b7,VN,VN-SG,locality,,land,Phường Tam Thắng,,True,True,107.07551574707031,10.349343299865723,107.11921691894531,10.388051986694336,1e090683-09c7-4dd8-b046-c0ded628e58e
67cf287b-4104-4be7-abce-5649131d61cf,VN,VN-44,locality,,land,Phường Rạch Giá,"[[""zh-Hans"", ""沥架坊""], [""ko"", ""락자방""], [""zh-Hant"", ""瀝架坊""], [""fa"", ""ناحیه راچ‌جا""], [""zh"", ""瀝架坊""]]",True,True,105.05167388916016,9.936081886291504,105.14698028564453,10.048742294311523,2f43c570-9a3e-4f24-aa9e-e7fd059b6563
4e84a5e5-4f7f-4d17-8b1c-4fd14972027a,VN,VN-22,locality,,land,Xã Mường Ham,"[[""en"", ""Mường Ham Commune""], [""vi"", ""Xã Mường Ham""]]",True,True,104.98088836669922,19.250408172607422,105.16957092285156,19.38307762145996,01e75e66-727d-4336-b929-6b120375a9ca
ad104b67-aafd-4160-8e8b-b4d4ec45e5ee,VN,VN-49,locality,,land,Xã Hòa Hiệp,,True,True,105.98405456542969,10.075639724731445,106.07926177978516,10.146383285522461,06c2a720-c887-43e5-9567-bcc113bedfb2
890df9f8-deef-4e06-a3c2-a4589104a00f,VN,VN-26,locality,,land,Xã A Lưới 3,"[[""vi-Hani"", ""社阿䋥3""], [""vi"", ""Xã A Lưới 3""], [""zh-Hans"", ""阿䋥3社""], [""lzh"", ""阿䋥3社""], [""zh-Hant"", ""阿䋥3社""], [""en"", ""A Lưới 3 Commune""], [""zh"", ""阿䋥3社""]]",True,True,107.14860534667969,16.135032653808594,107.32685089111328,16.28278160095215,6b0ccc37-80f2-4688-b8b8-e0907c44a423
4eab18ab-54d2-4095-b6fe-a88f930f4e95,VN,VN-45,locality,,land,Phường Bình Xuân,,True,True,106.58406066894531,10.354364395141602,106.66938781738281,10.452177047729492,39f864d7-352c-4903-96f8-56cc27106db1
eb162660-7a97-4968-bbec-c32b761289f4,VN,VN-25,locality,,land,Xã Tuyên Phú,"[[""vi-Hani"", ""社宣富""], [""vi"", ""Xã Tuyên Phú""], [""zh-Hans"", ""宣富社""], [""lzh"", ""宣富社""], [""zh-Hant"", ""宣富社""], [""en"", ""Tuyên Phú Commune""], [""zh"", ""宣富社""]]",True,True,106.05183410644531,17.790435791015625,106.20474243164062,17.93764877319336,8b583961-e262-42c4-93ca-8e026aad2900
9da3dd27-4fbe-4323-ba3a-2146b8f983ce,VN,VN-22,locality,,land,Xã Quỳ Hợp,"[[""en"", ""Quỳ Hợp Commune""], [""vi"", ""Xã Quỳ Hợp""]]",True,True,105.12107849121094,19.245288848876953,105.25238037109375,19.36128807067871,818c5aeb-6be8-4a08-bb65-96c7c45d915f
eb0fe767-3452-4381-943b-d895b7e91164,VN,VN-SG,locality,,land,Phường Bảy Hiền,,True,True,106.64163208007812,10.774787902832031,106.65547180175781,10.811442375183105,027c69e3-0dec-4f30-bd42-d73c02f92be9
a7f71157-11c3-4395-b7c2-2f7e6e1a2a17,VN,VN-45,locality,,land,Xã Mỹ Hiệp,,True,True,105.74927520751953,10.288363456726074,105.83606719970703,10.438578605651855,9901e404-1f1a-4f58-bd3b-95c66ddcacfd
932132b4-46ba-4110-84e9-3464c69952e6,VN,VN-49,locality,,land,Xã Hiếu Thành,,True,True,106.06605529785156,9.93848705291748,106.13484954833984,10.042060852050781,5fd118da-4f61-4b96-a904-8d0b7a8406a8
555223bf-5776-4c3b-9180-b9c7214e0c6a,VN,VN-22,locality,,land,Phường Vinh Hưng,"[[""en"", ""Vinh Hưng Ward""], [""vi"", ""Phường Vinh Hưng""]]",True,True,105.63386535644531,18.68606948852539,105.67505645751953,18.764127731323242,50794bb0-0668-4767-8c03-fe752818753e
7740e4b2-09ab-4493-87bf-528076c48c71,VN,VN-SG,locality,,land,Phường Bình Dương,,True,True,106.65322875976562,10.996338844299316,106.72289276123047,11.108908653259277,edb31249-24a7-4c89-b336-861fd7a0dd7d
2a180038-dfd2-45cd-adff-c4c093b0a081,VN,VN-18,locality,,land,Xã Hải Hậu,"[[""en"", ""Hải Tiến Commune""], [""de"", ""Gemeinde Hải Tiến""], [""vi"", ""Xã Hải Tiến""]]",True,True,106.24826049804688,20.093578338623047,106.3241195678711,20.168678283691406,f7008dfa-f89b-46b5-b1dd-649f9afd4618
d977df25-f4af-4ee4-8b51-f42f45cc011e,VN,VN-39,locality,,land,Xã Đồng Phú,,True,True,106.76945495605469,11.307364463806152,106.91474151611328,11.48038387298584,3e3b44f4-7dca-4204-8afd-ae3869bef97c
b5f02dc1-9dcd-47e4-a399-ef64276da2e0,VN,VN-49,locality,,land,Xã Hương Mỹ,,True,True,106.33694458007812,9.96588134765625,106.42518615722656,10.064414024353027,60cbd6dd-af2c-41e1-82a2-761147d24f16
006fab52-4a55-4f40-a867-40d3a309e7c1,VN,VN-SG,microhood,,land,J,,True,True,106.63078308105469,10.740250587463379,106.63179779052734,10.74077320098877,95040c87-01a7-47a4-b892-a6b38f2fe180
b6211857-5475-44ce-a8e9-c7771c217819,VN,VN-66,locality,,land,Phường Trần Hưng Đạo,"[[""en"", ""Trần Hưng Đạo Ward""], [""vi"", ""Phường Trần Hưng Đạo""]]",True,True,106.2958755493164,20.42915153503418,106.34366607666016,20.469449996948242,c0816f93-a0a4-4b89-a892-57b50041349a
50ad4f49-ff57-40c4-a7a4-198ad31f15b9,VN,VN-66,locality,,land,Xã Nam Thái Ninh,"[[""en"", ""Nam Thái Ninh Commune""], [""vi"", ""Xã Nam Thái Ninh""]]",True,True,106.46867370605469,20.442792892456055,106.54724884033203,20.50334358215332,a2c032be-96a2-4c0c-b1c4-fe3633abd3f1
4c5c0bb7-291a-40eb-95ce-c618d2b2ff45,VN,VN-26,locality,,land,Phường Thủy Xuân,"[[""vi-Hani"", ""坊水春""], [""vi"", ""Phường Thủy Xuân""], [""zh-Hans"", ""水春坊""], [""lzh"", ""水春坊""], [""zh-Hant"", ""水春坊""], [""en"", ""Thủy Xuân Ward""], [""zh"", ""水春坊""]]",True,True,107.52755737304688,16.338773727416992,107.6341552734375,16.454784393310547,1134f273-2f15-4d3b-a81a-19aee7056ee9
ac5daf00-2fc3-4989-a3ff-b628e75e6bed,VN,VN-45,locality,,land,Xã Long Hưng,,True,True,106.2564468383789,10.347458839416504,106.32447052001953,10.44347858428955,bbd14110-1774-4256-8cad-66eaac1e1599
2f56cb6a-3159-4da2-818f-40231e6c51f5,VN,VN-66,locality,,land,Xã Nam Tiên Hưng,"[[""en"", ""Nam Tiên Hưng Commune""], [""vi"", ""Xã Nam Tiên Hưng""]]",True,True,106.2627182006836,20.49252700805664,106.34269714355469,20.542022705078125,4649bc5d-a2f3-47cd-8d6a-54a8202157a3
aae6eae4-8052-46cd-bf56-26211fbe502d,VN,VN-SG,microhood,,land,C1,,True,True,106.67675018310547,10.857000350952148,106.67733764648438,10.857220649719238,f5342ef0-122d-48c1-97a8-d11d8e8e30bc
4288268e-4f75-4540-8cef-8cb2222271cb,VN,VN-44,locality,,land,Xã Hòa Lạc,,True,True,105.14973449707031,10.638412475585938,105.25445556640625,10.734720230102539,8035ad3d-4fab-4e25-babf-8b944ba7f6fe
30d4cf75-2c9e-4d20-a85e-0d3a23b73edb,VN,VN-35,locality,,land,Xã Tuyên Quang,,True,True,107.98792266845703,10.86719799041748,108.083740234375,10.96367359161377,66292187-52f6-453f-a287-693b1076c213
262f10a7-7341-49e1-afb3-ac68cc951e5e,VN,VN-35,locality,,land,Xã Đạ Huoai 3,,True,True,107.61428833007812,11.322530746459961,107.79914855957031,11.444480895996094,ce0ae494-89e9-4dab-8194-03b56d6877cb
0b0590d8-272e-47ae-affe-55fbbc7a86b7,VN,VN-18,locality,,land,Xã Yên Mạc,"[[""en"", ""Yên Mạc Commune""], [""vi"", ""Xã Yên Mạc""]]",True,True,105.99526977539062,20.059083938598633,106.04285430908203,20.136980056762695,9a1daf42-748e-487a-a758-1fc40a33b2be
b6ac2759-a05b-4798-b07a-1c9c4028316b,VN,VN-33,locality,,land,Xã Ea Wy,,True,True,107.97393798828125,13.138751029968262,108.14380645751953,13.291324615478516,76261e44-f1e2-4b44-8b24-e7d2ca96e580
46e25a25-356f-46c6-850a-28633089ad8f,VN,VN-49,locality,,land,Xã Chợ Lách,,True,True,106.11621856689453,10.201550483703613,106.21562194824219,10.28407096862793,45e1ebd6-448b-4bb5-a272-4a1d4d8db59b
eadc63ef-83b8-40b7-aa40-cc047b067eff,VN,VN-SG,microhood,,land,F,,True,True,106.63020324707031,10.737881660461426,106.63166046142578,10.738734245300293,25a1e0a5-bf03-49f1-b78d-5f7cbe7e2807
005f9469-cf05-4cd0-8704-c11132aca041,VN,VN-45,locality,,land,Xã Mỹ An Hưng,"[[""vi"", ""Mỹ An Hưng""]]",True,True,105.52369689941406,10.363513946533203,105.68417358398438,10.434310913085938,e68f9f23-bbd9-4eef-b397-54f49fb8315c
2d4ce664-71da-45fb-8d17-d243e4df7143,VN,VN-18,locality,,land,Xã Xuân Hưng,"[[""en"", ""Xuân Hưng Commune""], [""de"", ""Gemeinde Xuân Hưng""], [""vi"", ""Xã Xuân Hưng""]]",True,True,106.34497833251953,20.239301681518555,106.39967346191406,20.316686630249023,eb0bd389-5575-4e95-8265-13260f6b2135
27961378-650f-44b9-bcf1-2fa0cd6ca4ac,VN,VN-68,locality,,land,Xã An Bình,"[[""en"", ""An Bình Commune""], [""vi"", ""Xã An Bình""]]",True,True,105.61052703857422,20.366497039794922,105.76060485839844,20.55339813232422,b95472a0-2276-472c-b237-65a44a7fafe8
bc285145-497d-40c1-8b04-20104dcd1f4d,VN,VN-66,locality,,land,Xã Thư Trì,"[[""en"", ""Thư Trì Commune""], [""vi"", ""Xã Thư Trì""]]",True,True,106.232666015625,20.461275100708008,106.29790496826172,20.51661491394043,f4fda3c6-e33e-4370-9e32-3d01f68c0482
18609555-36aa-4282-807d-211a5c96b5b0,VN,VN-SG,microhood,,land,R,,True,True,106.6310806274414,10.749995231628418,106.63198852539062,10.750478744506836,17c1cb42-71e4-4dda-838a-f9f384393b15
b8a7e6f9-8e6a-43f7-8d18-6c4497806b22,VN,VN-30,locality,,land,Phường An Phú,"[[""en"", ""An Phu Ward""], [""vi"", ""Phường An Phú""]]",True,True,108.03153228759766,13.934327125549316,108.09894561767578,14.006684303283691,cc78fa57-3d4c-489e-8586-37c9b65616bd
665a0f38-316a-4299-9c1d-ddabc637587d,VN,VN-35,locality,,land,Phường 3 Bảo Lộc,,True,True,107.69605255126953,11.438420295715332,107.80711364746094,11.580324172973633,907aaf20-60bc-4c76-9da7-1f0e48e641dd
8607e8c2-2120-46a9-83e2-10483554a2ed,VN,VN-22,locality,,land,Xã Bạch Hà,"[[""en"", ""Bạch Hà Commune""], [""vi"", ""Xã Bạch Hà""]]",True,True,105.38226318359375,18.7735538482666,105.48477172851562,18.885950088500977,80f8d4f5-2489-4899-8e6c-f9ff447429c8
e29001d9-e180-4a67-b657-677901dcda97,VN,VN-66,locality,,land,Xã Vũ Thư,"[[""en"", ""Vũ Thư Commune""], [""vi"", ""Xã Vũ Thư""]]",True,True,106.21898651123047,20.403291702270508,106.30118560791016,20.4747314453125,2b9d2466-e85f-4af4-94bb-a5ece3ce076f
105216f5-d6b8-4773-ba17-6e7248b913fd,VN,VN-49,locality,,land,Xã Thành Thới,,True,True,106.27635192871094,10.007765769958496,106.3692855834961,10.097649574279785,a4ba261d-fa29-4cb4-9e54-2476e8ab0bfb
da37556e-0796-4a8e-99ff-0de61349e697,VN,VN-37,locality,,land,Xã Tân Hòa,,True,True,106.25904846191406,11.452780723571777,106.49053955078125,11.696581840515137,505b1e3d-e211-48f3-98cc-dbcc23f08936
e804548f-da98-481f-8065-33a0c358879a,VN,VN-21,locality,,land,Xã Lưu Vệ,"[[""en"", ""Lưu Vệ Commune""], [""vi"", ""Xã Lưu Vệ""]]",True,True,105.75894927978516,19.704160690307617,105.82452392578125,19.756755828857422,755825b5-53ab-4bd7-b2a7-a9422979aac4
85a5c10a-b1e5-4637-961d-968b8e910258,VN,VN-SG,microhood,,land,H,,True,True,106.6278076171875,10.753229141235352,106.62876892089844,10.753948211669922,5c09cebc-1251-4543-9049-dc9eea2714be
aa150e77-232d-484e-b2a5-dde9137a060c,VN,VN-SG,locality,,land,Phường Tân Phú,,True,True,106.6317367553711,10.758973121643066,106.6476821899414,10.795904159545898,134484c7-a1c4-4faf-a79d-cc01ca662bd5
d61f3186-bdc7-46d6-8c8d-f84c75196744,VN,VN-CT,locality,,land,Phường Phước Thới,,True,True,105.6168441772461,10.042923927307129,105.70880126953125,10.14100456237793,f8ea5e2f-d6a5-4b0e-993a-4ab304c42aee
e14a22e4-e1ce-4147-8065-aef48cd47fd8,VN,VN-23,locality,,land,Kỳ Phương,,True,True,106.44409942626953,18.003049850463867,106.45686340332031,18.013906478881836,e9fa0a40-5d15-4b23-aa35-3259929a3ec0
ff610fb0-88b5-4193-b66c-f719dd4bed08,VN,VN-45,locality,,land,Xã Thạnh Phú,,True,True,106.00135040283203,10.451839447021484,106.09851837158203,10.532365798950195,7413c537-d04b-4283-be49-0afa303f8f7c
ef0caf5d-28de-4b6b-8426-4b0eb7fafa56,VN,VN-26,locality,,land,Xã A Lưới 4,"[[""vi-Hani"", ""社阿䋥4""], [""vi"", ""Xã A Lưới 4""], [""zh-Hans"", ""阿䋥4社""], [""lzh"", ""阿䋥4社""], [""zh-Hant"", ""阿䋥4社""], [""en"", ""A Lưới 4 Commune""], [""zh"", ""阿䋥4社""]]",True,True,107.26280975341797,16.05491828918457,107.44654846191406,16.252399444580078,cae5eb92-f264-49d3-b1fb-af0e2d71801c
51d996ae-98a8-4f1d-8840-902497caedbf,VN,VN-49,locality,,land,Xã Đại An,,True,True,106.24464416503906,9.602519035339355,106.32426452636719,9.652756690979004,a4c2cc67-da14-4078-b823-fa86fcc7f009
6f4a5e5a-38b0-4318-8e39-2da7542442bc,VN,VN-SG,microhood,,land,N,,True,True,106.6302719116211,10.740801811218262,106.63153839111328,10.741206169128418,f41e2cf9-cbfe-4f56-8bfb-82abc4b7dfcc
92124c3e-e1e0-4dc1-92c2-34a8645d7d89,VN,VN-SG,locality,,land,Xã Kim Long,,True,True,107.15947723388672,10.623955726623535,107.27010345458984,10.723746299743652,0b72280f-da35-43a9-8fa4-3a71a7d198d4
d9f2fa3f-abcd-4326-a04c-d92bbee6bc8b,VN,VN-33,locality,,land,Phường Thành Nhất,,True,True,107.96307373046875,12.611337661743164,108.03136444091797,12.699731826782227,1f56f442-7750-4f6b-a547-697a49d0b758
f7831f4e-46cf-489a-91d4-4ddef8f06838,VN,VN-35,locality,,land,Xã Cát Tiên 2,,True,True,107.26571655273438,11.543105125427246,107.40491485595703,11.772650718688965,3641824b-2ca7-4b71-81cc-5b6c85682d1b
11760bd5-649b-4563-b1af-3ad00c3becb9,VN,VN-39,locality,,land,Xã Cẩm Mỹ,"[[""zh"", ""锦美社""]]",True,True,107.19313049316406,10.754960060119629,107.3255386352539,10.858705520629883,14c63158-96fc-4543-87d8-0e17d5173da0
b852054f-9e24-464e-aa7b-da9a080acaab,VN,VN-SG,locality,,land,Phường Bình Trị Đông,,True,True,106.59049224853516,10.755969047546387,106.62527465820312,10.781234741210938,7a35e4a2-b3c6-468e-b2c7-b1b43196e9bb
c1eaa266-a094-4072-baed-48f7c1643111,VN,VN-30,microhood,,land,Đại Đoàn Kết,,True,True,108.00448608398438,13.981008529663086,108.00741577148438,13.984201431274414,25d5aa69-ab05-4fe7-bba0-8f03fbca8f93
3ece8d1b-dacd-462e-9dee-9f822afcfd0a,VN,VN-CT,locality,,land,Xã Phương Bình,,True,True,105.61504364013672,9.65340518951416,105.75704193115234,9.764397621154785,d8206e2f-023e-4bda-a268-ec11732cfaef
e9a8b646-3a4c-4ddc-8b1c-c3230454a95c,VN,VN-CT,locality,,land,Xã Liêu Tú,,True,True,106.04539489746094,9.413519859313965,106.13734436035156,9.547409057617188,6519f17a-f087-4b1c-af45-83299f6cc570
4f58d784-5e86-4072-ac35-8d3ecc29c757,VN,VN-33,locality,,land,Xã Nam Ka,,True,True,107.91240692138672,12.25892448425293,108.12068939208984,12.418856620788574,519fc5c6-5620-4842-80af-7c996e83db99
f77160de-1f6a-40af-b99d-f35af9107a9d,VN,VN-23,locality,,land,Xã Thiên Cầm,"[[""en"", ""Thiên Cầm Commune""], [""vi"", ""Xã Thiên Cầm""]]",True,True,106.00847625732422,18.240478515625,106.1238021850586,18.29786491394043,3a3868e3-8d2c-461b-9c34-6b7a729a5198
8e24871b-0e7c-4905-a3d5-ef2e34e53301,VN,VN-22,locality,,land,Xã Trung Lộc,"[[""en"", ""Trung Lộc Commune""], [""vi"", ""Xã Trung Lộc""]]",True,True,105.61852264404297,18.78483772277832,105.69816589355469,18.856172561645508,d74c44ee-853c-4895-ae59-b326261851c1
d71ae1bb-a5df-43ad-9958-b8e63393745e,VN,VN-22,locality,,land,Xã Tam Hợp,"[[""en"", ""Tam Hợp Commune""], [""vi"", ""Xã Tam Hợp""]]",True,True,105.18685913085938,19.28368377685547,105.3335189819336,19.475595474243164,b26cd52d-472c-4466-9af2-56d3dd13f1a5
e986e5fa-94bd-4f59-844f-880c0576f924,VN,VN-23,locality,,land,Phường Thành Sen,"[[""en"", ""Thành Sen Ward""], [""vi"", ""Phường Thành Sen""]]",True,True,105.86034393310547,18.308076858520508,105.9388198852539,18.370695114135742,36d4209c-8084-4da5-beee-144e4505baf5
1f035db5-070c-4f32-9449-73e37921a070,VN,VN-25,locality,,land,Xã Cồn Tiên,"[[""vi-Hani"", ""社𪣋仙""], [""vi"", ""Xã Cồn Tiên""], [""zh-Hans"", ""𪣋仙社""], [""lzh"", ""𪣋仙社""], [""zh-Hant"", ""𪣋仙社""], [""en"", ""Cồn Tiên Commune""], [""zh"", ""𪣋仙社""]]",True,True,106.68685913085938,16.809818267822266,107.06979370117188,16.9691162109375,b655074a-ac10-4e07-8b14-b57f6350aa7d
77d70a7b-1623-490d-b1ad-a01620a7a9bb,VN,VN-37,locality,,land,Xã Nhơn Ninh,,True,True,105.87224578857422,10.533060073852539,106.03107452392578,10.610187530517578,ddce4d7a-f4c3-4d11-9d26-6da6a80c3be5
555ebd79-6dd6-4f1f-ac89-e7111f238df4,VN,VN-25,locality,,land,Phường Đồng Hới,"[[""hy"", ""Դոնգհոյ""], [""ba"", ""Донгхой""], [""ka"", ""დონგჰოი""], [""ar"", ""دونج هوي""], [""fr"", ""Dong Hoi""], [""lv"", ""Donhoja""], [""rn"", ""Dong Hoi""], [""am"", ""ዶንግ ሆይ""], [""mt"", ""Dong Hoi""], [""rw"", ""Dong Hoi""], [""av"", ""Донгхой""], [""uk"", ""Донгхой""], [""fj"", ""Dong Hoi""], [""li"", ""Dong Hoi""], [""ky"", ""Донгхой""], [""pa"", ""ਡੋਂਗ ਹੋਈ""], [""ga"", ""Dong Hoi""], [""tt"", ""Донгхой""], [""so"", ""Dong Hoi""], [""pt"", ""Dong Hoi""], [""cs"", ""Dong Hoi""], [""zu"", ""Donghoi""], [""lo"", ""ດົງເຮີຍ""], [""ny"", ""Dong Hoi""], [""om"", ""Dong Hoi""], [""el"", ""Ντονγκ Χόι""], [""it"", ""Dong Hoi""], [""sc"", ""Dong Hoi""], [""su"", ""Dong Hoi""], [""ca"", ""Dong Hoi""], [""vi-Hani"", ""坊洞海""], [""os"", ""Донгхой""], [""vi"", ""Phường Đồng Hới""], [""tg"", ""Донг Хой""], [""tl"", ""Dong Hoi""], [""zh-Hans"", ""洞海坊""], [""bg"", ""Донгхой""], [""gv"", ""Dong Hoi""], [""bi"", ""Dong Hoi""], [""ko"", ""동허이""], [""eo"", ""Dong Hoi""], [""tk"", ""Dong Hoi""], [""mk"", ""Донгхоj""], [""oc"", ""Dong Hoi""], [""bm"", ""Dong Hoi""], [""ch"", ""Dong Hoi""], [""ki"", ""Dong Hoi""], [""cv"", ""Донгхой""], [""ur"", ""دونگ ہوئی""], [""fy"", ""Dong Hoi""], [""jv"", ""Dong Hoi""], [""ru"", ""Донгхой""], [""ht"", ""Dong Hoi""], [""kw"", ""Dong Hoi""], [""th"", ""ด่งเฮ้ย""], [""sq"", ""Dong Hoi""], [""ia"", ""Dong Hoi""], [""lzh"", ""洞海坊""], [""da"", ""Dong Hoi""], [""my"", ""ဒေါင်ဟွိုင်း""], [""sr-Cyrl"", ""Донг Хој""], [""lg"", ""Dong Hoi""], [""zh-Hant"", ""洞海坊""], [""en"", ""Đồng Hới Ward""], [""tn"", ""Dong Hoi""], [""he"", ""דונג הוי""], [""az"", ""Dong Hoi""], [""ak"", ""Dong Hoi""], [""vo"", ""Dong Hoi""], [""tw"", ""Dong Hoi""], [""ie"", ""Dong Hoi""], [""an"", ""Dong Hoi""], [""nn"", ""Dong Hoi""], [""io"", ""Dong Hoi""], [""sw"", ""Dong Hoi""], [""be"", ""Горад Дангхоі""], [""qu"", ""Dong Hoi""], [""mi"", ""Dong Hoi""], [""ja"", ""ドンホイ""], [""za"", ""Dong Hoi""], [""ee"", ""Dong Hoi""], [""lt"", ""Donghojus""], [""no"", ""Dong Hoi""], [""kk"", ""Донгхой""], [""ik"", ""Dong Hoi""], [""ay"", ""Dong Hoi""], [""fa"", ""دونگ هوی""], [""mn"", ""Донгхой""], [""zh"", ""洞海坊""], [""ms"", ""Dong Hoi""]]",True,True,106.58731079101562,17.411556243896484,106.6867446899414,17.503047943115234,ada54687-0b7a-417a-b748-49f9002474b8
274c5d9b-e6d9-4d38-902a-4a87d64d5ff7,VN,VN-18,locality,,land,Xã Minh Tân,"[[""en"", ""Minh Tân Commune""], [""vi"", ""Xã Minh Tân""]]",True,True,106.01994323730469,20.36261558532715,106.08280944824219,20.462635040283203,3e0d94e8-8d64-4c8d-a549-9d745e177f15
13566c41-0d9a-4045-8eee-ef6920f4d638,VN,VN-22,locality,,land,Xã Nghĩa Khánh,"[[""en"", ""Nghĩa Khánh Commune""], [""vi"", ""Xã Nghĩa Khánh""]]",True,True,105.30086517333984,19.194793701171875,105.43061065673828,19.284379959106445,8e8eea48-2d64-46d1-8662-db524b753b65
91ead582-f8d4-4cfb-b643-61905c13bb0a,VN,VN-37,locality,,land,Phường Ninh Thạnh,,True,True,106.12345123291016,11.261591911315918,106.21603393554688,11.363739013671875,f38e1857-0710-4ece-b7d6-9d1e3c1fdebb
3852d368-3789-4b83-9049-a335d57b10f8,VN,VN-39,locality,,land,Xã Dầu Giây,,True,True,107.05889892578125,10.848786354064941,107.19834899902344,10.996846199035645,1efc1153-1687-4b23-ab48-0a3758a8cb10
c746a220-31c5-4e7f-b71d-761874b6f276,VN,VN-CT,locality,,land,Xã Xà Phiên,,True,True,105.45771789550781,9.58215045928955,105.5960922241211,9.687585830688477,6544c143-4e63-4791-bf53-21f9573e35c0
9073f976-8e93-4846-84fd-30f71cb3fc03,VN,VN-29,locality,,land,Xã Ia Tơi,,True,True,107.35737609863281,13.92167854309082,107.68818664550781,14.264859199523926,0dbe3eba-88e0-4532-baab-a612fb6d1638
62d6b118-31b1-494e-818d-790d0ef912cd,VN,VN-49,locality,,land,Xã Quới An,,True,True,106.09899139404297,10.097814559936523,106.22093963623047,10.175925254821777,b530f273-9268-4921-9cda-8a4878b84eb2
f6b2efb5-7ab5-46d0-8818-a2033b8d9f6e,VN,VN-44,locality,,land,Xã An Châu,,True,True,105.28477478027344,10.345929145812988,105.4103012084961,10.450684547424316,82f41839-e5f5-4d22-8d8c-1a8fe94cf6f4
de3ee6a3-e08d-43ed-bcbd-7f46a300e165,VN,VN-39,locality,,land,Xã Đồng Tâm,"[[""zh-Hant"", ""同心社""], [""zh"", ""同心社""]]",True,True,106.9131088256836,11.498043060302734,107.14260864257812,11.652033805847168,5639b6c5-3d46-42e5-8355-f7540967096e
a112e353-607c-44b3-a9e6-4fb7881a3b35,VN,VN-49,locality,,land,Xã Tân Xuân,,True,True,106.58770751953125,10.050334930419922,106.65481567382812,10.149374008178711,b7cccb15-e51d-4d7e-9012-742f2eeb5302
36153e9a-d5aa-4527-bfad-d2b55001b2cc,VN,VN-35,locality,,land,Xã Thuận Hạnh,,True,True,107.43415832519531,12.227378845214844,107.60347747802734,12.35976505279541,9e76ea28-1ee1-4f3e-bfe9-9d85ad4900c3
4b2054c3-5584-41bb-8067-450c2a6bb522,VN,VN-18,locality,,land,Xã Vạn Thắng,"[[""en"", ""Vạn Thắng Commune""], [""vi"", ""Xã Vạn Thắng""]]",True,True,106.01480865478516,20.272476196289062,106.10057830810547,20.321197509765625,112770ad-9dab-4bb9-901a-667ecce45362
2ab693ca-aaff-4803-bdcc-7412c4fcd1d2,VN,VN-CT,locality,,land,Phường Long Bình,,True,True,105.55413818359375,9.680075645446777,105.61885070800781,9.776589393615723,84cffeac-ff25-4a8b-85b1-30b59170eef2
db4ead41-0678-4992-a785-8b3429a772c9,VN,VN-21,microhood,,land,Lam Son Square,,True,True,105.76925659179688,19.813074111938477,105.77184295654297,19.81378173828125,4bc53005-5dd2-487e-a39b-0ba74293aa75
f5bd9c7b-2526-43d3-b576-f5de7b5a8bb8,VN,VN-45,locality,,land,Xã Tân Dương,"[[""vi"", ""Tân Dương""]]",True,True,105.6616439819336,10.26132869720459,105.77913665771484,10.354110717773438,e1bc59f6-010a-43e4-a143-4bb3f084e3af
ab681514-e4a8-4a6d-858e-0a5da444cb37,VN,VN-21,locality,,land,Xã Tây Đô,"[[""en"", ""Tây Đô Commune""], [""vi"", ""Xã Tây Đô""]]",True,True,105.55404663085938,20.05960464477539,105.6449203491211,20.124311447143555,5230b4c0-6f54-426b-892a-48ac450888de
25dd7696-67bf-4739-9e33-62e131e1c6dd,VN,VN-23,locality,,land,Xã Hương Phố,"[[""en"", ""Hương Phố Commune""], [""vi"", ""Xã Hương Phố""]]",True,True,105.6570053100586,18.1734619140625,105.82945251464844,18.299489974975586,7178ffb9-1a62-4a46-ac01-ea247258eeca
2bd90628-2c7f-4dda-82b5-6d57d2ee112b,VN,VN-21,locality,,land,Xã Giao An,"[[""en"", ""Giao An Commune""], [""vi"", ""Xã Giao An""]]",True,True,105.16053009033203,20.003049850463867,105.28642272949219,20.126028060913086,d264c108-9dfe-4168-8632-dd72f91e15b9
a220802c-bb64-4fcc-9926-f3a518b3a953,VN,VN-CT,locality,,land,Phường Ninh Kiều,,True,True,105.76232147216797,10.019939422607422,105.79212188720703,10.047646522521973,d97529a6-33a9-41c7-b178-8af6fa604637
53669679-0afd-4aa4-9330-d466db85d5f4,VN,VN-SG,locality,,land,Xã Bình Chánh,,True,True,106.54895782470703,10.648601531982422,106.62377166748047,10.697382926940918,2cc39f37-14d5-462f-a1c1-cd1c70d4a16f
d7218de9-57d5-40b2-9f7e-4514eb4b7621,VN,VN-CT,locality,,land,Xã Mỹ Tú,,True,True,105.7381820678711,9.522770881652832,105.84890747070312,9.65719985961914,d59a5dcf-7139-407c-9b44-c2cc9e2c8031
fe0282af-bf59-47f1-a1fb-915e230d87a3,VN,VN-35,locality,,land,Xã Đạ Tẻh 3,,True,True,107.46043395996094,11.516546249389648,107.64415740966797,11.6958589553833,537c0a11-65d9-48f8-a679-6fe4ab4cc262
bb059d54-ee38-4dfa-a5f9-5c452244ccc8,VN,VN-SG,locality,,land,Phường An Nhơn,,True,True,106.67658996582031,10.820924758911133,106.7010726928711,10.851762771606445,2ab2c68e-e754-4928-997e-45f52cccd4eb
44271537-e2d9-4782-847f-e226a140e99e,VN,VN-35,locality,,land,Xã Hoài Đức,,True,True,107.43450164794922,11.084033012390137,107.55608367919922,11.24320125579834,7d28d6a0-de8c-4193-a37f-f19f5e9d8165
0de25d72-a0d6-447e-a8f5-412535e6c2c7,VN,VN-39,locality,,land,Phường Tân Triều,,True,True,106.77459716796875,10.956277847290039,106.85692596435547,11.06540584564209,a43979e3-7fec-4455-8c7b-31791ab2cbfd
30cde05e-71e4-4561-b258-771697a84785,VN,VN-26,locality,,land,Xã Vinh Lộc,"[[""vi-Hani"", ""社榮祿""], [""vi"", ""Xã Vĩnh Lộc""], [""zh-Hans"", ""荣禄社""], [""lzh"", ""榮祿社""], [""zh-Hant"", ""榮祿社""], [""en"", ""Vinh Lộc Commune""], [""zh"", ""榮祿社""]]",True,True,107.80815124511719,16.311763763427734,107.94454956054688,16.411428451538086,54a582ff-50c2-42bb-a6fe-015849237a87
c0d57e4f-a1f3-4abb-b90b-057ce68f87d0,VN,VN-21,locality,,land,Xã Minh Sơn,"[[""en"", ""Minh Sơn Commune""], [""vi"", ""Xã Minh Sơn""]]",True,True,105.30485534667969,19.9853515625,105.48095703125,20.08479881286621,28b8269c-7c23-49a0-8a77-5ca24ac774e2
09635d52-9d62-4ff9-844e-9ec1f5e14842,VN,VN-22,locality,,land,Xã Tam Thái,"[[""en"", ""Tam Thái Commune""], [""vi"", ""Xã Tam Thái""]]",True,True,104.29910278320312,19.054126739501953,104.57699584960938,19.302978515625,be0a55e8-4cb1-4b02-8855-58edcc894858
f14e38f9-5b7e-44c9-87f1-0b554f67afff,VN,VN-22,locality,,land,Xã Hưng Nguyên,"[[""en"", ""Hưng Nguyên Commune""], [""vi"", ""Xã Hưng Nguyên""]]",True,True,105.58440399169922,18.625612258911133,105.69549560546875,18.739990234375,30251993-a7c9-4279-8e73-c5cace3fdca2
763a6410-9ed4-43ff-8276-2733c242c4ad,VN,VN-21,locality,,land,Xã Như Xuân,"[[""en"", ""Như Xuân Commune""], [""vi"", ""Xã Như Xuân""]]",True,True,105.40091705322266,19.607955932617188,105.52629852294922,19.702739715576172,2fac9303-4484-4905-bed7-b6a31b2a544b
6506ba61-8631-40e8-9e38-0f3ea4185cba,VN,VN-25,locality,,land,Xã Nam Trạch,"[[""vi-Hani"", ""社南澤""], [""vi"", ""Xã Nam Trạch""], [""zh-Hans"", ""南泽社""], [""lzh"", ""南澤社""], [""zh-Hant"", ""南澤社""], [""en"", ""Nam Trạch Commune""], [""zh"", ""南澤社""]]",True,True,106.43063354492188,17.385025024414062,106.5975341796875,17.5644588470459,af0ac560-9a74-4272-b796-9bc5dd9ebfde
d6980280-04d0-41c8-99da-7a095d95273e,VN,VN-37,locality,,land,Xã Vĩnh Hưng,,True,True,105.69060516357422,10.818347930908203,105.82270812988281,10.961703300476074,47a1f2d5-0c37-423f-a2da-4a9a0bb5a275
80a5ae06-c487-46ce-9808-f7825d2aecfc,VN,VN-CT,locality,,land,Phường Sóc Trăng,,True,True,105.93915557861328,9.594600677490234,106.04131317138672,9.660685539245605,e5685c9a-af86-4079-80ab-8a6d332c04b9
864630ed-047d-4675-ad0e-814c8eb00be5,VN,VN-49,locality,,land,Xã Thạnh Phú,,True,True,106.48130798339844,9.8931245803833,106.58148193359375,10.022049903869629,df180cdd-99dc-48e5-8394-32315bcf13d2
200d1742-e29f-41b8-9fd0-4156753eea5c,VN,VN-37,locality,,land,Xã Châu Thành,,True,True,106.01561737060547,11.244932174682617,106.0827407836914,11.414994239807129,36bbeeec-2fee-4f6d-aa09-c5f67af94f22
77789ee7-b23c-426b-96ac-72bd0deb318c,VN,VN-21,locality,,land,Xã Thường Xuân,"[[""en"", ""Thường Xuân Commune""], [""vi"", ""Xã Thường Xuân""]]",True,True,105.22974395751953,19.84503173828125,105.39469909667969,19.95118522644043,32547e29-b482-4ee8-b3fe-8f4b772d3c3a
f2e47bc4-4a67-4468-988d-d24725bca331,VN,VN-39,locality,,land,Xã Thọ Sơn,"[[""zh-Hant"", ""壽山社""], [""zh"", ""壽山社""]]",True,True,107.24221801757812,11.739686965942383,107.42713928222656,12.006365776062012,927954ea-250e-49b8-bc47-298e04927882
fb95bef2-7605-40d4-a587-b50676024eeb,VN,VN-39,locality,,land,Xã Phước An,,True,True,106.81614685058594,10.579206466674805,107.01807403564453,10.7317476272583,dae646b6-e6ae-4b25-85de-33ac0d15aae8
a2f86668-56fd-4283-a505-918fa7022ff6,VN,VN-SG,locality,,land,Phường An Khánh,,True,True,106.70799255371094,10.759123802185059,106.7569808959961,10.819767951965332,96772713-d8f2-418d-8c30-38c895fb7ceb
103e6295-a17c-4ca3-8698-f0660443807f,VN,VN-23,locality,,land,Phường Sông Trí,"[[""en"", ""Sông Trí Ward""], [""vi"", ""Phường Sông Trí""]]",True,True,106.2824935913086,17.991525650024414,106.37606811523438,18.094249725341797,23bdb1ba-b52d-4622-9d11-f43e160af73c
418e4cc5-2158-4948-8411-2505c14116e1,VN,VN-25,region,1,maritime,Tỉnh Quảng Trị,"[[""bs"", ""Provincija Quang Tri""], [""lb"", ""Provënz Quang Tri""], [""hr"", ""Quảng Trị""], [""ar"", ""محافظة كوانغ تشي""], [""fr"", ""Province de Quảng Trị""], [""lv"", ""Kuannamas province""], [""eu"", ""Quang Tri probintzia""], [""mt"", ""Provinċja ta' Quảng Trị""], [""uk"", ""Куанґчі""], [""co"", ""Pruvincia di Quang Tri""], [""ga"", ""Quang Tri""], [""br"", ""Proviñs Quang Tri""], [""so"", ""Quang Tri""], [""pt-PT"", ""Província de Quang Tri""], [""pt"", ""Quang Tri""], [""cs"", ""Quang Tri""], [""gl"", ""Provincia de Quảng Trị""], [""el"", ""Επαρχία Κουάνγκ Τρι""], [""it"", ""Provincia di Quang Tri""], [""sc"", ""Provìntzia de Quảng Trị""], [""su"", ""Quang Tri""], [""ca"", ""Província de Quảng Trị""], [""pt-BR"", ""Província de Quang Tri""], [""vi-Hani"", ""省廣治""], [""vi"", ""Tỉnh Quảng Trị""], [""la"", ""Quảng Trị""], [""tg"", ""Вилояти Куанг Трий""], [""tl"", ""Quang Tri""], [""nl"", ""Quảng Trị""], [""zh-Hans"", ""广治省""], [""bg"", ""Куанг Чи""], [""ko"", ""꽝찌성""], [""eo"", ""Provinco Quang Tri""], [""oc"", ""Província de Quang Tri""], [""et"", ""Quảng Trị provints""], [""af"", ""Quang Tri""], [""de"", ""Quảng Trị""], [""ch"", ""Probensia Quang Tri""], [""ur"", ""قوانگ تری صوبہ""], [""fy"", ""Kuang Tri""], [""jv"", ""Provinsi Quang Tri""], [""ru"", ""Куангчи""], [""ht"", ""Quang Tri""], [""th"", ""จังหวัดกว๋างจิ""], [""id"", ""Provinsi Quang Tri""], [""sq"", ""Provinca Quang Tri""], [""ia"", ""Provincia Quang Tri""], [""sr-Latn"", ""Kvang Tri provincija""], [""sv"", ""Quang Tri""], [""tr"", ""Quang Tri""], [""da"", ""Quang Tri""], [""sr-Cyrl"", ""Кванг Чи""], [""ve"", ""Quang Tri""], [""zh-Hant"", ""廣治省""], [""en"", ""Quảng Trị Province""], [""he"", ""מחוז קואנג טרי""], [""sk"", ""Quảng Trị""], [""wa"", ""Quảng Trị""], [""es"", ""Quảng Trị""], [""vo"", ""Quang Tri""], [""ie"", ""Quang Tri""], [""an"", ""Quảng Trị""], [""nn"", ""Quang Tri""], [""sw"", ""Mkoa wa Quảng Trị""], [""ja"", ""クアンチ""], [""fi"", ""Quảng Trị""], [""ro"", ""Quảng Trị""], [""lt"", ""Kvangčio provincija""], [""no"", ""Quang Tri""], [""sl"", ""Quảng Trị""], [""ik"", ""Quang Tri""], [""fa"", ""استان کوانگ تری""], [""zh"", ""广治省""], [""ms"", ""Quang Tri""], [""hu"", ""Quảng Trị""], [""pl"", ""Prowincja Quảng Trị""]]",False,True,105.60767364501953,16.30219268798828,107.69197082519531,18.1315860748291,1c61a3a2-d01c-455c-84e6-c7dba7a502d6
47126666-5ba8-4186-83d9-f7e72bc15d39,VN,VN-CT,locality,,land,Xã An Ninh,,True,True,105.86076354980469,9.58898639678955,105.97762298583984,9.67268180847168,29674853-9096-4369-af8b-411f48acefcd
9deca2d7-34e2-4800-ba8b-dd1003e64eaa,VN,VN-59,locality,,land,Phường Tân Thành,"[[""zh-Hant"", ""新城坊""], [""fa"", ""ناحیه تان‌تان""], [""zh-Hans"", ""新城坊""], [""zh"", ""新城坊""]]",True,True,105.14582824707031,9.161611557006836,105.27914428710938,9.225871086120605,044200aa-dd52-4e92-8352-7ba5786e63b8
442288bd-a31c-4d36-b8b8-1c1387b50409,VN,VN-SG,locality,,land,Phường Diên Hồng,,True,True,106.65612030029297,10.758431434631348,106.66893768310547,10.780765533447266,357ca2c4-ec88-44a3-931e-2056c789f022
8f51689f-1a6c-48b4-b009-f6640a35a8b6,VN,VN-37,locality,,land,Xã Nhơn Hòa Lập,,True,True,105.89437103271484,10.590174674987793,106.03591918945312,10.686427116394043,eb0563ef-9de4-4ff6-8c97-954effcebe40
c493ddde-e171-4c01-91a8-6cca3e704786,VN,VN-25,locality,,land,Xã Cam Lộ,"[[""vi-Hani"", ""社甘露""], [""vi"", ""Xã Cam Lộ""], [""zh-Hans"", ""甘露社""], [""lzh"", ""甘露社""], [""zh-Hant"", ""甘露社""], [""en"", ""Cam Lộ Commune""], [""zh"", ""甘露社""]]",True,True,106.85546875,16.684886932373047,107.01638793945312,16.823659896850586,787ebded-909d-4e36-8d3d-b74a091f5e78
83b0e9d3-c3e9-4292-b684-0865d0a36edf,VN,VN-SG,locality,,land,Xã Bình Mỹ,,True,True,106.5660400390625,10.914458274841309,106.65729522705078,11.04565143585205,9a09a436-18d5-48e7-a251-0dcd76e840c7
c968e57c-07f7-4ea0-ae27-2e418e15b5ef,VN,VN-66,locality,,land,Xã Đông Quan,"[[""en"", ""Đông Quan Commune""], [""vi"", ""Xã Đông Quan""]]",True,True,106.38969421386719,20.482576370239258,106.44442749023438,20.542407989501953,5db84b6e-bdd4-4ec7-bac4-f5e26aa825d6
7bf3645d-931c-4a3a-abdc-5a4d750afd29,VN,VN-44,locality,,land,Xã Vĩnh Thạnh Trung,,True,True,105.14073181152344,10.54474925994873,105.23566436767578,10.65829086303711,61cf2adc-74ba-4ffb-840c-3e171244e01d
b3e2712f-3d9a-4370-825d-efeda064b45e,VN,VN-SG,microhood,,land,B,,True,True,106.63063049316406,10.737435340881348,106.631591796875,10.738122940063477,82e4e96b-8182-4509-91bd-b1c9b5acb745
4f393339-0d3a-497a-8a08-1da7910f211a,VN,VN-21,locality,,land,Xã Hậu Lộc,"[[""en"", ""Hậu Lộc Commune""], [""vi"", ""Xã Hậu Lộc""]]",True,True,105.8310317993164,19.88056755065918,105.90445709228516,19.95341682434082,4a1cce37-00ed-44bf-8d9c-f4d13314d419
eeacf17e-1132-4419-8f9d-c1c16b0621ed,VN,VN-21,locality,,land,Xã Quảng Ngọc,"[[""en"", ""Quảng Ngọc Commune""], [""vi"", ""Xã Quảng Ngọc""]]",True,True,105.7131576538086,19.629213333129883,105.78202819824219,19.707618713378906,b5a9b9ed-1141-4f97-9a83-878d00491578
6fa8da85-6ada-4a2f-bf65-4196c6de85e2,VN,VN-45,locality,,land,Xã Tràm Chim,,True,True,105.53948211669922,10.64981746673584,105.64868927001953,10.817184448242188,b474a105-d0dd-4be1-8d52-aa115c3839e1
e2cbdf70-cd46-4457-a38a-32b07339ae6d,VN,VN-21,locality,,land,Xã Quảng Chính,"[[""en"", ""Quảng Chính Commune""], [""vi"", ""Xã Quảng Chính""]]",True,True,105.75091552734375,19.594205856323242,105.80721282958984,19.673643112182617,c9743ffb-e9bd-4534-ab68-33a41b677863
15712acc-b2f3-4cf7-909b-0225b9376efa,VN,VN-SG,microhood,,land,Quảng trường Bàu Thành,,True,True,107.22785186767578,10.48714828491211,107.22885131835938,10.48765754699707,4f20e636-4dbb-4589-a519-4185b6380286
a9f89f2d-2452-4157-81d9-b4511883fc1b,VN,VN-59,locality,,land,Xã Trí Phải,"[[""zh-Hant"", ""智沛社""], [""fa"", ""قصبه چی‌فای""], [""zh-Hans"", ""智沛社""], [""zh"", ""智沛社""]]",True,True,105.09686279296875,9.323034286499023,105.29686737060547,9.477980613708496,c7934979-95d1-42b1-bbac-484f4a17b656
41ee7211-c386-4cf9-a209-8e9b15f1d51a,VN,VN-49,locality,,land,Xã Tiên Thủy,,True,True,106.21666717529297,10.241205215454102,106.28857421875,10.304939270019531,86ae447a-34b6-4761-9bcb-430f4d048900
32d76ba5-bbff-49cf-9f05-4d1dade29b49,VN,VN-SG,locality,,land,Phường Bình Tân,,True,True,106.56773376464844,10.756375312805176,106.60327911376953,10.829784393310547,105a6273-987d-499c-8644-995ae0072e47
71b8f41a-406f-40c5-85dc-1dace0a57696,VN,VN-25,locality,,land,Xã Vĩnh Hoàng,"[[""en"", ""Vĩnh Hoàng Commune""], [""vi"", ""Xã Vĩnh Hoàng""]]",True,True,106.96888732910156,17.022951126098633,107.07970428466797,17.16501808166504,ed03aa3e-031e-43b2-ae27-802313c5a83e
767a1ab1-db2f-40ca-a07c-45663df24c6f,VN,VN-21,locality,,land,Xã Quảng Yên,"[[""en"", ""Quảng Yên Commune""], [""vi"", ""Xã Quảng Yên""]]",True,True,105.71128845214844,19.676023483276367,105.77340698242188,19.750333786010742,01e3b935-6675-4c84-9cf1-64b6791ba8b7
dd4fcfda-c300-4bd7-9194-568a1d60e2ed,VN,VN-66,locality,,land,Xã Trà Giang,"[[""en"", ""Trà Giang Commune""], [""vi"", ""Xã Trà Giang""]]",True,True,106.41864776611328,20.44403648376465,106.47930145263672,20.504301071166992,40413b96-405d-454e-a288-e43866b5c0e4
5cc41cdf-ebb6-4584-8496-4f4fade89555,VN,VN-29,locality,,land,Xã Dục Nông,,True,True,107.50534057617188,14.73106575012207,107.794189453125,14.975017547607422,bb521e9b-658f-435d-85ca-de60f5b48df9
0ecb83fb-58c1-4cbf-bf80-ef229828a8e4,VN,VN-SG,locality,,land,Phường Chánh Hưng,,True,True,106.66126251220703,10.732394218444824,106.69290924072266,10.75210952758789,29bcf667-e872-49bb-a4c8-2e165aee6ce5
a0098422-fafa-4192-80e2-37de9db6b1e7,VN,VN-DN,locality,,land,Xã Đắc Pring,"[[""en"", ""Đắc Pring Commune""], [""vi"", ""Xã Đắc Pring""]]",True,True,107.4902114868164,15.385703086853027,107.70696258544922,15.613957405090332,323a1906-502d-4083-9e7d-0ac95bf13524
e4b89cba-bc3c-434f-b9c4-8861f3afa554,VN,VN-66,locality,,land,Xã Lê Lợi,"[[""en"", ""Lê Lợi Commune""], [""vi"", ""Xã Lê Lợi""]]",True,True,106.42362976074219,20.400373458862305,106.48985290527344,20.461164474487305,1aa84750-5849-46da-bf58-29e5af7232ad
3c43eb9b-6267-4fab-a94e-ad54bc8f411c,VN,VN-44,locality,,land,Xã Tri Tôn,"[[""zh-Hant"", ""知宗社""], [""fa"", ""شهرک چی‌تون""], [""zh-Hans"", ""知宗社""], [""zh"", ""知宗社""]]",True,True,104.94672393798828,10.376901626586914,105.05549621582031,10.485490798950195,89735c0e-9a8e-435e-96a3-3316fd31b57f
8af0cdaa-0fc5-49d9-94fa-3e7f01a7ad16,VN,VN-35,locality,,land,Xã Đam Rông 1,,True,True,108.03194427490234,11.833706855773926,108.18670654296875,12.010047912597656,a1e81a34-f5ff-47f3-96be-1c0b43710a81
77964d45-9f8d-427c-8566-22a86580d282,VN,VN-22,locality,,land,Xã Tân Phú,"[[""en"", ""Tân Phú Commune""], [""vi"", ""Xã Tân Phú""]]",True,True,105.2335433959961,19.075031280517578,105.35955047607422,19.22149085998535,6360532f-dd77-446a-aa71-dfd1e573e10b
41187bd1-dee0-4634-8e8d-56543b58882a,VN,VN-18,locality,,land,Xã Nhân Hà,"[[""en"", ""Nhân Hà Commune""], [""vi"", ""Xã Nhân Hà""]]",True,True,106.10566711425781,20.508241653442383,106.17013549804688,20.56958770751953,9042e7a1-7a41-4318-ab8c-e76be21f0ff3
048f3a43-e829-43ad-bfbf-32b259c6cc04,VN,VN-21,locality,,land,Lăn Trong,,True,True,105.17500305175781,20.460033416748047,105.17672729492188,20.46239471435547,47acfd4a-2d5d-41cb-b4d7-5d0f23d9e313
1e503334-6002-4a4d-8d1c-3b652c6b4362,VN,VN-22,locality,,land,Xã Yên Trung,"[[""en"", ""Yên Trung Commune""], [""vi"", ""Xã Yên Trung""]]",True,True,105.55236053466797,18.713409423828125,105.6171875,18.80363655090332,6d82f8a1-a615-4833-b5ab-8548831cd70d
f278be9a-e6c4-42c4-8ba2-abd28b8109b2,VN,VN-21,locality,,land,Xã Yên Phú,"[[""en"", ""Yên Phú Commune""], [""vi"", ""Xã Yên Phú""]]",True,True,105.4614028930664,19.984174728393555,105.5656967163086,20.054094314575195,0cdd816b-01f8-49e8-9c9e-d5f4cfc46dfd
3f61759b-f747-4876-8f8d-12bc02e5e74c,VN,VN-44,locality,,land,Xã Mỹ Hòa Hưng,"[[""fa"", ""قصبه می‌هواهینگ""]]",True,True,105.4075927734375,10.380768775939941,105.45740509033203,10.439692497253418,df86243a-0912-4aaa-90ed-7e09d9b9534c
f24c0e93-47bf-4147-85ef-bab3274ab548,VN,VN-21,locality,,land,Xã Xuân Hòa,"[[""en"", ""Xuân Hòa Commune""], [""vi"", ""Xã Xuân Hòa""]]",True,True,105.44671630859375,19.889684677124023,105.5147476196289,19.962289810180664,bd7ae8f5-638c-4eb9-846a-ab3720f91a42
f4cc5cab-29f9-4bbe-ba4f-6211e16812db,VN,VN-CT,locality,,land,Xã Phong Nẫm,,True,True,105.9056396484375,9.857612609863281,105.99784088134766,9.932316780090332,883d35fe-e760-4322-bb37-d7c5d161cdb4
1e407856-aeb4-4de0-8949-c3bce2ab4b97,VN,VN-35,locality,,land,Xã Hàm Thuận,,True,True,107.91227722167969,10.986527442932129,108.25330352783203,11.160215377807617,18aa0bed-eb1e-46b1-947f-3f1d712cea7d
f75580b6-ee59-4b40-a8bf-d93fa628a374,VN,VN-45,locality,,land,Xã Mỹ Đức Tây,,True,True,105.89286804199219,10.328064918518066,105.97866821289062,10.401253700256348,66390e89-ccb3-4d62-ab52-0d02bdf28cd0
6168d7a9-a497-4a6f-b05b-b1fb5a90c16d,VN,VN-22,locality,,land,Xã Tam Quang,"[[""en"", ""Tam Quang Commune""], [""vi"", ""Xã Tam Quang""]]",True,True,104.40072631835938,18.980140686035156,104.7318115234375,19.288904190063477,52ec19b7-ab60-4e2d-a438-8184647deac5
aceb1ea1-94a5-4572-b1e2-a19404f4e258,VN,VN-44,locality,,land,Xã Vĩnh Hanh,,True,True,105.19384765625,10.363822937011719,105.28759765625,10.486591339111328,e65f03aa-a01b-4f88-8a90-48635f40b5fc
a4e499b2-85c9-404c-a7a2-de82f68548f6,VN,VN-66,locality,,land,Xã Nam Đông Hưng,"[[""en"", ""Nam Đông Hưng Commune""], [""vi"", ""Xã Nam Đông Hưng""]]",True,True,106.336669921875,20.48272132873535,106.40401458740234,20.537261962890625,6a3122cb-10cd-494d-877d-0211136385c2
5828a609-583f-4d91-84cb-2e001a7764af,VN,VN-21,locality,,land,Xã Ngọc Trạo,"[[""en"", ""Ngọc Trạo Commune""], [""vi"", ""Xã Ngọc Trạo""]]",True,True,105.66545867919922,20.03609848022461,105.7944564819336,20.142261505126953,a460d008-df11-4f48-b8d7-3b848426d1fd
7c0c74ce-94e8-467a-b31c-63ec51938bb5,VN,VN-44,locality,,land,Xã Tân Hiệp,"[[""zh-Hans"", ""新合社""], [""ko"", ""떤히엡사""], [""zh-Hant"", ""新合社""], [""fa"", ""قصبه تان‌هیئپ""], [""zh"", ""新合社""]]",True,True,105.22633361816406,9.992167472839355,105.36494445800781,10.16989517211914,1737d178-1bab-4621-b8b2-1a6c4456ec94
c6ec9aff-6d96-4fcc-885b-673305f2b53b,VN,VN-CT,locality,,land,Xã Vĩnh Tường,,True,True,105.52597045898438,9.762722969055176,105.62602233886719,9.865325927734375,8579c3b1-1968-4760-95eb-ee1a0af4c244
2bcf443f-bd11-4750-8e78-23e0947ae753,VN,VN-33,locality,,land,Xã Ea Bung,,True,True,107.51885223388672,13.060389518737793,107.88046264648438,13.225252151489258,4034e9c1-6ea4-4c04-a0d4-a844c2f64730
46c6eaf2-4b6c-46f7-9024-e0d3a4e9783f,VN,VN-39,locality,,land,Xã Tân Tiến,"[[""zh"", ""新進社""]]",True,True,106.61162567138672,11.87940502166748,106.79067993164062,11.989222526550293,17351b70-097a-48f5-9de8-bca93f75b3b4
65452ec1-bfd0-4914-afc6-a0846c1f5d1c,VN,VN-SG,locality,,land,Phường Thới An,,True,True,106.6468505859375,10.853300094604492,106.6890869140625,10.903640747070312,7f285fdd-269c-4f18-8a79-ab00f28fba0f
cb8a0ae0-6301-4235-9803-328409006fd9,VN,VN-59,region,1,land,Tỉnh Cà Mau,"[[""bs"", ""Provincija Ca Mau""], [""hr"", ""Provincija Ca Mau""], [""ar"", ""محافظة كا ماو""], [""fr"", ""Province de Cà Mau""], [""lv"", ""Kamau province""], [""uk"", ""Камау""], [""pt-PT"", ""Província de Ca Mau""], [""pt"", ""Província Cà Mau""], [""cs"", ""Provincie Cà Mau""], [""el"", ""Επαρχία Κα Μάου""], [""it"", ""Provincia di Cà Mau""], [""ca"", ""Província de Ca Mau""], [""pt-BR"", ""Província de Ca Mau""], [""vi-Hani"", ""省哥毛""], [""vi"", ""Tỉnh Cà Mau""], [""tg"", ""Вилояти Ка Мау""], [""nl"", ""Cà Mau""], [""zh-Hans"", ""金瓯省""], [""bg"", ""Ка Мау""], [""ko"", ""까마우성""], [""et"", ""Ca Mau provints""], [""de"", ""Cà Mau""], [""ur"", ""کآ ماو صوبہ""], [""ru"", ""Камау""], [""th"", ""จังหวัดก่าเมา""], [""id"", ""Provinsi Ca Mau""], [""sr-Latn"", ""Ca Mau oblast""], [""sv"", ""Ca Mau""], [""tr"", ""Eyaleti Cà Mau""], [""da"", ""Cà Mau-provinsen""], [""sr-Cyrl"", ""Ка Мау""], [""zh-Hant"", ""金甌省""], [""en"", ""Cà Mau Province""], [""he"", ""מחוז קה מאו""], [""sk"", ""Provincia Ca Mau""], [""es"", ""Cà Mau""], [""sw"", ""Mkoa wa Cà Mau""], [""ja"", ""カマウ""], [""fi"", ""Cà Mau""], [""ro"", ""Provincia Cà Mau""], [""lt"", ""Kamau provincija""], [""no"", ""Ca Mau""], [""km"", ""ខេត្តទឹកខ្មៅ""], [""sl"", ""Provinca Ca Mau""], [""fa"", ""استان کاماو""], [""zh"", ""金甌省""], [""ms"", ""Wilayah Ca Mau""], [""hu"", ""Ca Mau tartomány""], [""pl"", ""Prowincja Cà Mau""]]",True,False,104.52210998535156,8.413126945495605,105.8604736328125,9.637551307678223,3c289819-38f8-4450-8832-59bf025273c9
f9d9a170-7155-442e-badb-aa4e7228d02f,VN,VN-CT,locality,,land,Xã Mỹ Hương,,True,True,105.81234741210938,9.523921966552734,105.94538879394531,9.671357154846191,f24b72a2-3cdc-4f8d-8b62-5e86ff9a7011
963d34de-248c-443d-b2de-a6a8a32c487a,VN,VN-49,locality,,land,Xã Hàm Giang,,True,True,106.1854476928711,9.620012283325195,106.33503723144531,9.695652961730957,8f20e668-05c1-4c36-b46f-03083f3b0c7f
589eea7b-2340-4f28-8c73-c96ae6773893,VN,VN-45,locality,,land,Xã Hòa Long,"[[""vi"", ""Hòa Long""]]",True,True,105.59393310546875,10.211089134216309,105.7248764038086,10.320725440979004,7d338926-abe3-4088-a490-57aec9285242
dee1f881-d827-4965-ac0f-41d023636d17,VN,VN-SG,microhood,,land,B2,,True,True,106.67926788330078,10.860538482666016,106.67997741699219,10.860916137695312,b1f97570-536c-458d-aa01-bc98b7079c53
d4ba6e48-c695-4715-8ee5-22c760e651e9,VN,VN-SG,locality,,land,Phường Bình Thới,,True,True,106.63420104980469,10.75782299041748,106.65128326416016,10.769556045532227,6fb443ae-790d-4621-b1f4-08afe9a0d90e
c8b26777-54bd-4eff-af73-12eb9f88daf8,VN,VN-18,locality,,land,Xã Ninh Giang,"[[""en"", ""Ninh Giang Commune""], [""vi"", ""Xã Ninh Giang""]]",True,True,106.27828979492188,20.271785736083984,106.3302993774414,20.345317840576172,1cba1ff1-4a54-4dd9-9b1a-09b91164cc04
f4cb8e0f-fe82-425c-8b21-4e45ba12a07a,VN,VN-23,locality,,land,Xã Đức Thọ,"[[""en"", ""Đức Thọ Commune""], [""vi"", ""Xã Đức Thọ""]]",True,True,105.5383529663086,18.459510803222656,105.61833953857422,18.546375274658203,a6788385-fc67-4ae5-a3fe-67ed32ce736f
d8ba288f-fe21-497c-b8c9-4bf9175df663,VN,VN-SG,locality,,land,Xã Củ Chi,,True,True,106.48738861083984,10.915953636169434,106.58418273925781,11.007163047790527,549f25b1-1aaa-4df1-9602-346335e16fae
28e92574-082a-465f-bc7f-77c07c70d339,VN,VN-35,locality,,land,Xã Hàm Tân,,True,True,107.54431915283203,10.691494941711426,107.77545166015625,10.857115745544434,09f8099c-db8a-43d9-b5a6-51f62072c04b
f34a4b3a-7ddd-4d5f-b594-0ae9e7f6eaee,VN,VN-35,locality,,land,Xã Đông Giang,,True,True,107.88154602050781,11.139749526977539,108.0534896850586,11.360315322875977,c9c4b9ac-cb55-401b-8830-acd71dc333ea
001d5111-f812-41e5-b33a-6871bfc3e164,VN,VN-18,locality,,land,Xã Vụ Bản,"[[""en"", ""Vụ Bản Commune""], [""vi"", ""Xã Vụ Bản""]]",True,True,106.05533599853516,20.309335708618164,106.10531616210938,20.375524520874023,0b224c53-72eb-4c27-ae15-f1b22fff0267
19048d3d-6a7a-458b-a182-dea8065a86ab,VN,VN-44,locality,,land,Xã Giồng Riềng,"[[""zh-Hans"", ""𡊤莲社""], [""ko"", ""종리엥사""], [""zh-Hant"", ""𡊤蓮社""], [""fa"", ""قصبه جونگ‌ژیئنگ""], [""zh"", ""𡊤蓮社""]]",True,True,105.2021255493164,9.857090950012207,105.33106231689453,9.99039077758789,6a8e436d-a559-4247-8cbf-0a68d4807799
1d10ad06-414a-4e4e-ae61-dde99ba89d1c,VN,VN-18,locality,,land,Xã Quang Hưng,"[[""en"", ""Quang Hưng Commune""], [""vi"", ""Xã Quang Hưng""]]",True,True,106.17536926269531,20.207313537597656,106.22147369384766,20.2631778717041,d6684438-8c99-4fca-a032-3904f49f3007
1033c85e-65a0-4634-9c3e-2f5aa837af3b,VN,VN-DN,locality,,land,Xã Sông Vàng,"[[""en"", ""Sông Vàng Commune""], [""vi"", ""Xã Sông Vàng""]]",True,True,107.81597137451172,15.910672187805176,107.98490905761719,16.064693450927734,79b0cde0-2887-4427-85aa-07cf05e399db
51c20861-4740-4120-a081-b3f59679796c,VN,VN-22,locality,,land,bản Đồng Minh,,True,True,105.10062408447266,19.54139518737793,105.10550689697266,19.544525146484375,af90cf1a-44f3-421f-b76a-ffee84e48532
5a2d0e1c-89cd-4d0e-a699-15e5f3c10932,VN,VN-18,locality,,land,Xã Rạng Đông,"[[""en"", ""Rạng Đông Commune""], [""vi"", ""Xã Rạng Đông""]]",True,True,106.08919525146484,19.884750366210938,106.20489501953125,20.03919219970703,4d47c5e3-0c98-4207-bba9-af236823b9c9
731f0fd4-ae98-47c8-a1b3-45f456dfed44,VN,VN-21,locality,,land,Phường Hải Bình,"[[""en"", ""Hải Bình Ward""], [""de"", ""Stadtviertel Hải Bình""], [""vi"", ""Phường Hải Bình""]]",True,True,105.7248306274414,19.331966400146484,105.80229187011719,19.41520118713379,d852e777-5bea-4f93-8131-fd3e9b682efd
04180fe0-6dec-426d-bd00-648c77167ab6,VN,VN-SG,microhood,,land,J,,True,True,106.63042449951172,10.748397827148438,106.63131713867188,10.748723030090332,eb763bc5-fc85-4754-aeb7-06b51a604b7a
e43c4b2b-4c67-4013-ae3f-30ca50eaed32,VN,VN-59,locality,,land,Xã Trần Văn Thời,"[[""zh-Hant"", ""陳文泰社""], [""zh-Hans"", ""陳文泰社""], [""zh"", ""陳文泰社""]]",True,True,104.89405822753906,8.994451522827148,105.00484466552734,9.177145957946777,8a6bf7aa-2e24-4f85-b3d0-8cd48cd832d0
54e66189-3313-4038-b866-cd49d319e2d1,VN,VN-44,locality,,land,Xã Đông Hòa,,True,True,104.91816711425781,9.62321662902832,105.06698608398438,9.77561092376709,8e2920f5-73e8-42e7-bf2d-c02f4a83de79
9167e02f-13f6-4681-a62a-683ed7efa180,VN,VN-39,locality,,land,Xã Xuân Bắc,,True,True,107.2414321899414,10.991704940795898,107.35799407958984,11.09837532043457,8c6fcdd7-6058-4e74-b86d-bb186e09f7b5
78bce427-b969-4316-8cab-d82abaea9887,VN,VN-49,locality,,land,Xã Lương Hòa,,True,True,106.42950439453125,10.161822319030762,106.49136352539062,10.265265464782715,30b3a5e2-5ae8-4ca7-a792-a8171291b0bf
a9b7a674-1e11-4eee-8722-2529f437d2fe,VN,VN-45,locality,,land,Xã Mỹ Thọ,"[[""vi"", ""Mỹ Thọ""]]",True,True,105.6783218383789,10.377089500427246,105.75817108154297,10.503806114196777,a34a399f-546b-4b8a-b29a-43659d5ae778
85dc522a-184d-47d7-aa9a-73c0387e9cb3,VN,VN-45,locality,,land,Xã Tân Phước 1,,True,True,106.17427062988281,10.463788032531738,106.31044006347656,10.587008476257324,e5b702fe-e04d-4b00-b197-69570319ea5f
058b909f-fa31-461e-a9cf-81595662e9eb,VN,VN-21,locality,,land,Xã Xuân Lập,"[[""en"", ""Xuân Lập Commune""], [""vi"", ""Xã Xuân Lập""]]",True,True,105.50189971923828,19.919710159301758,105.60609436035156,19.998916625976562,91cc291e-8f1d-4d39-98ac-441333c93280
6173fb3d-5d16-4d51-8d5a-4616c0c42162,VN,VN-49,locality,,land,Xã Ba Tri,,True,True,106.54756164550781,9.99316120147705,106.64630889892578,10.078824043273926,f56e7d89-fa28-46b6-a2cf-d0e487c57a5d
0ae4698e-466b-462f-84dc-ce439d2de157,VN,VN-44,locality,,land,Xã Vĩnh Điều,"[[""zh-Hant"", ""永調社""], [""fa"", ""قصبه وین‌دیئو""], [""zh-Hans"", ""永调社""], [""zh"", ""永調社""]]",True,True,104.63951110839844,10.367695808410645,104.81901550292969,10.539356231689453,6efe8034-60d2-4af6-8c77-fb043983ef9a
65f453c1-9a92-4d55-ab1b-4656ce467e91,VN,VN-18,locality,,land,Xã Thanh Sơn,"[[""en"", ""Thanh Sơn Commune""], [""vi"", ""Xã Thanh Sơn""]]",True,True,105.74888610839844,20.2406005859375,105.82109069824219,20.319650650024414,66918d7c-3412-4097-8b23-4cd0da63210c
98bcd651-58c8-4599-a992-c2c8d4f3892d,VN,VN-SG,locality,,land,Xã Trừ Văn Thố,,True,True,106.52925872802734,11.292265892028809,106.65892791748047,11.387741088867188,658df15e-eaba-4d01-9b0e-2382bd56f839
3af0aff8-0fa2-4e62-8273-7ddc11d1a798,VN,VN-22,locality,,land,Phường Thành Vinh,"[[""en"", ""Thành Vinh Ward""], [""vi"", ""Phường Thành Vinh""]]",True,True,105.63575744628906,18.65040397644043,105.68800354003906,18.697919845581055,cd2f08b9-2e54-4a7c-9e11-a8c983554231
b3466af2-6e2d-4eeb-8c3b-353e0dacf040,VN,VN-18,locality,,land,Cổng Làng Văn Giáo,,True,True,106.26524353027344,20.27897834777832,106.26544952392578,20.27918815612793,2ed7f177-6a57-44de-9f77-1f1a5ffb7d3b
f05c926a-38fc-474a-b3e4-9439f2a701eb,VN,VN-49,locality,,land,Xã Tân An,,True,True,106.12822723388672,9.860138893127441,106.25323486328125,9.949811935424805,f6696160-28f9-4e99-956c-9859845e2ff5
1cb807ae-4d81-47d2-86eb-9d69a72ea547,VN,VN-22,locality,,land,Xã Đông Lộc,"[[""en"", ""Đông Lộc Commune""], [""vi"", ""Xã Đông Lộc""]]",True,True,105.66204833984375,18.75125503540039,105.7261734008789,18.82495880126953,16099362-ada5-4095-984d-5326c0617272
2abb8160-f0ed-41fd-a07b-96625351dc1f,VN,VN-23,locality,,land,Xã Kỳ Anh,"[[""en"", ""Kỳ Anh Commune""], [""vi"", ""Xã Kỳ Anh""]]",True,True,106.17229461669922,18.14710235595703,106.28074645996094,18.222814559936523,a893b519-03c9-438d-b11d-75b907ba1fb6
e97d847b-3377-4d6d-94a4-daa67bc279d6,VN,VN-21,locality,,land,Xã Bá Thước,"[[""en"", ""Bá Thước Commune""], [""vi"", ""Xã Bá Thước""]]",True,True,105.16088104248047,20.31548309326172,105.29788208007812,20.434389114379883,a7fb440d-e48b-4d62-9dcb-ac092c889324
478f1b66-1276-407c-b9b5-32a814508b78,VN,VN-22,locality,,land,Xã Đại Huệ,"[[""en"", ""Đại Huệ Commune""], [""vi"", ""Xã Đại Huệ""]]",True,True,105.5118637084961,18.6897029876709,105.5848617553711,18.764009475708008,6213fc92-af34-4ffe-b89d-68e1ddfd9a4d
9842b29c-73fe-47d6-a062-69b073492b49,VN,VN-49,locality,,land,Xã Song Lộc,,True,True,106.21977233886719,9.837472915649414,106.33506774902344,9.937117576599121,1a1e17bd-d9c3-4a88-9e73-92de5fdcde67
3e3600d7-2b05-4276-abe4-57b406e89a61,VN,VN-SG,locality,,land,Phường Phú Lợi,,True,True,106.64566040039062,10.963603973388672,106.70716857910156,11.01170825958252,a8f7edf0-0770-4a72-a8bd-69dec95c1220
63d3b54e-f96f-40d8-81af-c0d23fe803c8,VN,VN-21,locality,,land,Xã Kiên Thọ,"[[""en"", ""Kiên Thọ Commune""], [""vi"", ""Xã Kiên Thọ""]]",True,True,105.29558563232422,19.920862197875977,105.44202423095703,19.991891860961914,2f28bcc9-61de-4153-aa1f-6650671cf4b1
90e5f49c-ab5c-4ef3-adb6-d97665033f1d,VN,VN-21,locality,,land,Xã Đồng Tiến,"[[""en"", ""Đồng Tiến Commune""], [""vi"", ""Xã Đồng Tiến""]]",True,True,105.64607238769531,19.744430541992188,105.71098327636719,19.790346145629883,c340643a-b218-4fb5-9c7a-bcbfaae27dfe
8aa12335-8457-47b4-8644-0d3ea4753a66,VN,VN-35,locality,,land,Xã Quảng Trực,,True,True,107.20611572265625,12.005624771118164,107.41725158691406,12.334918975830078,84dcced7-dac9-4a35-b77d-0b34153cca94
714c3270-d836-4251-93e3-df24c52a4847,VN,VN-SG,locality,,land,Phường Vĩnh Hội,,True,True,106.68640899658203,10.751707077026367,106.70606994628906,10.761542320251465,dd0f895d-b703-4971-ab43-0ad5751c9718
9443a02d-50e6-4cc2-a894-af724618be95,VN,VN-25,locality,,land,Xã Ba Lòng,"[[""en"", ""Ba Lòng Commune""], [""vi"", ""Xã Ba Lòng""], [""ko"", ""발롱""]]",True,True,106.90229034423828,16.542327880859375,107.14073944091797,16.69886016845703,74adea01-bac8-4c38-afef-dc021695b90b
af360b21-306a-437a-bdbd-778c2d701dfa,VN,VN-45,locality,,land,Phường Gò Công,"[[""vi"", ""Gò Công""]]",True,True,106.650634765625,10.334753036499023,106.69294738769531,10.372908592224121,f10fa6cc-9687-412e-9416-4e1817dfc043
f56fcc0b-a5e0-4304-9fc5-bd78328e5364,VN,VN-22,locality,,land,Xã Môn Sơn,"[[""en"", ""Môn Sơn Commune""], [""vi"", ""Xã Môn Sơn""]]",True,True,104.6694564819336,18.77325439453125,105.0140151977539,19.001211166381836,6069bd28-27d3-4f45-9022-034cbfa6c176
f3f7c51d-3f53-4437-8f00-4c89c8dbb021,VN,VN-25,locality,,land,Xã Lệ Thủy,"[[""vi-Hani"", ""社麗水""], [""vi"", ""Xã Lệ Thủy""], [""zh-Hans"", ""丽水社""], [""lzh"", ""麗水社""], [""zh-Hant"", ""麗水社""], [""en"", ""Lệ Thủy Commune""], [""zh"", ""麗水社""]]",True,True,106.72399139404297,17.188539505004883,106.82134246826172,17.278810501098633,7427009e-bbc1-4f12-a77d-ffff0b0c06d6
832b1c15-4e13-49a1-a7b8-211331e9fc86,VN,VN-30,locality,,land,Xã Ia Pia,,True,True,107.78126525878906,13.513040542602539,108.01838684082031,13.684274673461914,729c588d-2ba4-4489-b94f-3c4b12eb8b52
db127b6a-8f87-49c6-a79b-75c7d5a7d234,VN,VN-26,locality,,land,Phường Phong Phú,"[[""vi-Hani"", ""坊豐富""], [""vi"", ""Phường Phong Phú""], [""zh-Hans"", ""丰富坊""], [""lzh"", ""豐富坊""], [""zh-Hant"", ""豐富坊""], [""en"", ""Phong Phú Ward""], [""zh"", ""豐富坊""]]",True,True,107.35111236572266,16.647172927856445,107.46650695800781,16.74258804321289,b95cdb76-284d-408d-940a-00226586ef16
b4000ca2-f7bf-4ba9-822f-ad2e2093472e,VN,VN-35,locality,,land,Phường Đông Gia Nghĩa,,True,True,107.64531707763672,11.885598182678223,107.78805541992188,12.016541481018066,7c8270f2-5e37-48b4-bfff-8cd183160497
17452435-307c-45a0-b8f0-bebed4e86624,VN,VN-49,locality,,land,Xã Long Vĩnh,,True,True,106.2853012084961,9.528692245483398,106.4067611694336,9.632112503051758,75433fbf-c5ae-4a51-bab8-9a5d83bc0c6c
3eeaddab-85e7-4564-8a21-a7a2e63445be,VN,VN-CT,locality,,land,Xã Nhơn Ái,,True,True,105.63048553466797,9.93953800201416,105.73961639404297,10.015514373779297,4f8776f0-c546-43f9-b7cc-757dea78f0a3
7b61c833-4a72-44bb-9307-0ea3d3d6f3c2,VN,VN-SG,locality,,land,Xã Phước Thành,,True,True,106.7042007446289,11.278243064880371,106.80872344970703,11.491957664489746,70ff52a2-5bcd-4ee5-aced-bc94ee454988
48978ce1-2fe5-4f8d-b4d3-a3f3ec06d1f5,VN,VN-SG,locality,,land,Xã Phước Hải,,True,True,107.2440185546875,10.37951946258545,107.37692260742188,10.497376441955566,25630105-647f-4d27-857e-ccfb1341f678
79b3bfb4-240b-452f-9a65-c4f29800c852,VN,VN-23,locality,,land,Xã Vũ Quang,"[[""en"", ""Vũ Quang Commune""], [""vi"", ""Xã Vũ Quang""]]",True,True,105.2553482055664,18.154056549072266,105.61940002441406,18.448644638061523,9971828c-fd55-4885-8937-8cdf7e1c0d44
11fddf5e-872e-4b33-93f2-24637e78f8f9,VN,VN-68,locality,,land,Xã Toàn Thắng,"[[""en"", ""Toàn Thắng Commune""], [""vi"", ""Xã Toàn Thắng""]]",True,True,105.20340728759766,20.477148056030273,105.31060028076172,20.630931854248047,59dc6412-3d22-48d1-ab48-9732bb448249
17381a9f-601e-42e7-b805-3698cba30758,VN,VN-DN,locality,,land,Xã Đông Giang,"[[""en"", ""Đông Giang Commune""], [""vi"", ""Xã Đông Giang""]]",True,True,107.58753967285156,15.840865135192871,107.73896789550781,16.019432067871094,83691538-9589-402d-acf5-d278b66bd247
2285cbd5-c060-4ca4-8d0a-d6cbcf6889da,VN,VN-49,locality,,land,Xã An Bình,,True,True,105.92620086669922,10.257452011108398,106.03672790527344,10.33154010772705,2af9da00-80a5-4693-a0e3-ba487b30c8a7
ddf9d700-b96f-4e1b-a9c2-8fd6e13f123f,VN,VN-18,locality,,land,Xã Bình Lục,"[[""en"", ""Bình Lục Commune""], [""vi"", ""Xã Bình Lục""]]",True,True,105.98249816894531,20.512189865112305,106.03511810302734,20.582416534423828,c195453e-10d1-4ba5-9dbc-d8f698a5b795
039cc70e-fa4f-4d06-9f2f-7ff469a86347,VN,VN-49,locality,,land,Xã Hiệp Mỹ,,True,True,106.4034423828125,9.697803497314453,106.52013397216797,9.783416748046875,7939b235-5b3f-4253-9a91-862b69e07e5d
a19fa9d0-f1c4-44c6-b2fa-3eb8e4cab5ce,VN,VN-39,locality,,land,Xã Nhơn Trạch,,True,True,106.82559204101562,10.687848091125488,106.96365356445312,10.785223007202148,37bbe927-282b-4012-9db5-b7d0b09c4531
92423bbb-89c1-4537-a834-bae90275edb0,VN,VN-22,locality,,land,Xã Nghĩa Đồng,"[[""en"", ""Nghĩa Đồng Commune""], [""vi"", ""Xã Nghĩa Đồng""]]",True,True,105.31047821044922,19.1189022064209,105.43592834472656,19.203067779541016,da605efb-4698-4f26-886e-06ce5578198e
d9db135b-0113-44d4-a80c-d79d38919ba6,VN,VN-39,locality,,land,Xã Đăk Ơ,,True,True,106.95953369140625,11.983304977416992,107.14054107666016,12.16427230834961,1e3286b1-d805-4d3a-9dd1-23e1d7bf7736
17a1f2b6-4254-426c-b17b-af68f3c50cdd,VN,VN-37,locality,,land,Xã Ninh Điền,,True,True,105.90750885009766,11.178730964660645,106.08016204833984,11.29330062866211,1bed0e6b-10a3-4be2-98e2-e8e56f4f617a
12a8c7cf-09bb-4208-8378-33b7335fef37,VN,VN-49,locality,,land,Xã An Hiệp,,True,True,106.47023010253906,9.99704360961914,106.5668716430664,10.077766418457031,542731ff-d4b8-4a11-ab6f-3cff705a4fc0
84bc4b31-c8f7-43c0-a83e-e5a2a77ebbb8,VN,VN-59,locality,,land,Xã An Trạch,"[[""zh-Hant"", ""安澤社""], [""fa"", ""قصبه آن‌چاچ""], [""zh-Hans"", ""安泽社""], [""zh"", ""安澤社""]]",True,True,105.29942321777344,9.106365203857422,105.41590881347656,9.223231315612793,ba62f0b3-6ade-4ec3-bab2-50acce1e1a40
9a7e5b69-03b5-4b48-a4ca-6239eb6e62fc,VN,VN-CT,locality,,land,Phường Cái Răng,,True,True,105.72325897216797,9.955366134643555,105.79549407958984,10.018863677978516,b9493da8-ce85-400a-8d47-f187c2b4cff8
3a4ea963-fad3-471f-8528-74a41dba86d7,VN,VN-49,locality,,land,Xã Vĩnh Thành,,True,True,106.14218139648438,10.164999008178711,106.25537109375,10.251266479492188,320f198f-e598-4b30-bb47-06069c9fa32c
d9b828b1-46d6-43cc-af9d-cd36515dbe0b,VN,VN-35,locality,,land,Xã Đắk Mil,,True,True,107.66138458251953,12.471285820007324,107.86862182617188,12.628779411315918,2dc0661e-4d43-4978-97f3-64044a2083de
317b3dae-2d1f-4e62-9cd7-ba284dc56ae6,VN,VN-45,locality,,land,Xã An Long,,True,True,105.3687973022461,10.573513984680176,105.45391845703125,10.747210502624512,39c72163-360e-4561-a5c6-88297743b142
55ebe7e3-07c2-46e7-b7ab-18496672ffc8,VN,VN-39,locality,,land,Xã Đại Phước,,True,True,106.75116729736328,10.626317977905273,106.86353302001953,10.781004905700684,0f060943-8604-4dd4-941e-fd86f2f53426
08ffdd4f-493b-4735-8386-c315ade5b1a6,VN,VN-23,region,1,maritime,Tỉnh Hà Tĩnh,"[[""bs"", ""Provincija Ha Tinh""], [""hr"", ""Provincija Ha Tinh""], [""ar"", ""محافظة ها تنه""], [""fr"", ""Province de Hà Tĩnh""], [""lv"", ""Hatiņas province""], [""uk"", ""Хатінь""], [""pt-PT"", ""Província de Ha Tinh""], [""pt"", ""Hà Tĩnh""], [""cs"", ""Provincie Hà Tĩnh""], [""el"", ""Επαρχία Χα Τινχ""], [""it"", ""Provincia di Hà Tĩnh""], [""ca"", ""Província de Ha Tinh""], [""pt-BR"", ""Província de Ha Tinh""], [""vi-Hani"", ""省河靜""], [""vi"", ""Hà Tĩnh""], [""tg"", ""Вилояти Ха Тин""], [""nl"", ""Hà Tĩnh""], [""zh-Hans"", ""河静省""], [""bg"", ""Ха Тин""], [""ko"", ""하띤성""], [""et"", ""Ha Tinhi provints""], [""de"", ""Hà Tĩnh""], [""cv"", ""Хатинь провинцийĕ""], [""ur"", ""ہا تنہ صوبہ""], [""ru"", ""Хатинь""], [""th"", ""จังหวัดฮาทินห์""], [""id"", ""Provinsi Hà Tĩnh""], [""sr-Latn"", ""Ha Tin oblast""], [""sv"", ""Hà Tĩnh""], [""tr"", ""Eyaleti Hà Tĩnh""], [""da"", ""Hà Tĩnh-provinsen""], [""sr-Cyrl"", ""Ха Тињ""], [""zh-Hant"", ""河靜省""], [""en"", ""Hà Tĩnh Province""], [""he"", ""מחוז האטין""], [""sk"", ""Provincia Ha Tinh""], [""es"", ""Hà Tĩnh""], [""sw"", ""Mkoa wa Hà Tĩnh""], [""ja"", ""ハティン""], [""fi"", ""Hà Tĩnh""], [""ro"", ""Provincia Hà Tĩnh""], [""lt"", ""Hatinio provincija""], [""no"", ""Hà Tĩnh-provinsen""], [""sl"", ""Provinca Ha Tinh""], [""fa"", ""استان ها تین""], [""zh"", ""河静省""], [""ms"", ""Provinsi Hà Tĩnh""], [""hu"", ""Ha Tinh tartomány""], [""pl"", ""Prowincja Hà Tĩnh""]]",False,True,105.10345458984375,17.90960121154785,106.75371551513672,18.767000198364258,d96bec48-d10d-41d1-9948-67b36dfc94c6
18f14c05-256b-49a9-944e-ac43a3ac9aaa,VN,VN-SG,microhood,,land,B6,,True,True,106.67964172363281,10.859624862670898,106.679931640625,10.860393524169922,58889c57-e6a3-45ce-9a49-bb3a9ea1a6b0
0e40560c-7db7-4ee1-a79e-8eed9568a274,VN,VN-49,locality,,land,Xã Cái Ngang,,True,True,105.9183120727539,10.068830490112305,106.0112533569336,10.165884017944336,f3d12bde-0596-4d52-8a04-d129aada14a6
04264760-600c-449a-b60d-ed2e37ba109f,VN,VN-25,locality,,land,Xã Cửa Việt,"[[""vi-Hani"", ""社𨷶越""], [""vi"", ""Xã Cửa Việt""], [""zh-Hans"", ""𨷶越社""], [""lzh"", ""𨷶越社""], [""zh-Hant"", ""𨷶越社""], [""en"", ""Cửa Việt Commune""], [""zh"", ""𨷶越社""]]",True,True,107.097412109375,16.857088088989258,107.19788360595703,16.957626342773438,0718317d-4fd1-4cb9-9d2a-a9eb5f035be4
7e9f75eb-4b45-4209-a1e8-59c0e73c4125,VN,VN-44,locality,,land,Xã Thạnh Mỹ Tây,,True,True,105.06550598144531,10.436935424804688,105.20073699951172,10.6382417678833,86a8093f-766c-4471-be3f-843d792acc8c
b61ef9f2-ffa3-4c4b-90e1-ccf78c2c35ba,VN,VN-SG,locality,,land,Phường Phú Mỹ,,True,True,106.99683380126953,10.54542064666748,107.09101104736328,10.658214569091797,aa2b61af-fbc3-4194-9024-ac21f9ca2d20
d60d2b77-9c18-4566-8276-a5b80101a2cb,VN,VN-30,locality,,land,Phường Pleiku,"[[""uk"", ""Плейку""], [""vi-Hani"", ""坡離俱""], [""vi"", ""Phường Pleiku""], [""ko"", ""쁠래이꾸""], [""ur"", ""پلیکو""], [""ru"", ""Плейку""], [""th"", ""เปล็ยกู""], [""sr-Cyrl"", ""Плеику""], [""zh-Hant"", ""波來古市""], [""en"", ""Pleiku Ward""], [""ja"", ""プレイク""], [""fa"", ""پلیکو""], [""zh"", ""波来古市""]]",True,True,107.99504852294922,13.965604782104492,108.06338500976562,14.033632278442383,7752caa5-7cbb-4069-9c84-a503656ea711
978fa4b0-342b-4049-a9ef-422181fd90a6,VN,VN-66,locality,,land,Phường Vũ Phúc,"[[""en"", ""Vũ Phúc Ward""], [""vi"", ""Phường Vũ Phúc""]]",True,True,106.27413940429688,20.386072158813477,106.33807373046875,20.4448299407959,e035d0bc-0023-4558-8eb8-fc2c0ee3e078
30f338e2-9b42-47e4-8bee-2ef8fd44aa37,VN,VN-45,locality,,land,Xã Lương Hòa Lạc,,True,True,106.34497833251953,10.386608123779297,106.4262924194336,10.453632354736328,399706f6-8667-4a5c-b491-7fb0a41ca800
ed3813da-2e7f-4c58-8a10-b647f8e08fc0,VN,VN-22,locality,,land,Phường Tân Mai,"[[""en"", ""Tân Mai Ward""], [""vi"", ""Phường Tân Mai""]]",True,True,105.70999145507812,19.224477767944336,105.8059310913086,19.322376251220703,6b7a9730-4362-4701-84e0-da56e46a6a4b
cd63dd09-ce59-47da-9985-3ee3e1edfccc,VN,VN-18,locality,,land,Phường Tây Hoa Lư,"[[""en"", ""Tây Hoa Lư Ward""], [""vi"", ""Phường Tây Hoa Lư""]]",True,True,105.81607055664062,20.199932098388672,105.97254180908203,20.32736587524414,a33f620e-780a-4f5e-af11-69e2fe7d68e0
a18038e2-798c-4b06-b9b6-cc7dc18764a8,VN,VN-37,locality,,land,Xã Mỹ Yên,,True,True,106.49954223632812,10.606645584106445,106.56008911132812,10.68717098236084,94519ecd-41ed-451c-9d78-a979e6c53992
f9826474-8871-4020-b233-bdcb90ce0e1d,VN,VN-22,locality,,land,Xã Đông Hiếu,"[[""en"", ""Đông Hiếu Commune""], [""vi"", ""Xã Đông Hiếu""]]",True,True,105.42518615722656,19.230260848999023,105.53610229492188,19.32094383239746,54077b31-af63-46cc-be7e-23d6d3a7b9a2
834ef69d-2a7f-4db9-ae0d-7ad98f9a21d0,VN,VN-39,locality,,land,Xã Thanh Sơn,,True,True,107.15880584716797,11.193450927734375,107.35787200927734,11.39716911315918,4d119fb3-95e8-4eb7-b6c2-ede069e3f141
9c78a989-8dff-4c32-9c7c-c138dea27a51,VN,VN-22,locality,,land,Xã Tiên Đồng,"[[""en"", ""Tiên Đồng Commune""], [""vi"", ""Xã Tiên Đồng""]]",True,True,105.04508209228516,19.06145668029785,105.1680908203125,19.18502426147461,c01aae76-3d40-4067-9bf7-335d4a489b2f
1fb1f3f5-e113-46fc-bf46-29755d2ac601,VN,VN-29,locality,,land,Xã Rờ Kơi,,True,True,107.50121307373047,14.440081596374512,107.80304718017578,14.613100051879883,e0ecbc14-b044-4320-af4c-d0585f85609d
91e0b3e9-63d5-408d-99a0-217818312057,VN,VN-SG,locality,,land,Phường Phước Long,,True,True,106.75696563720703,10.794500350952148,106.79346466064453,10.841024398803711,363bf26d-a22f-44c4-8c7f-3e1a09d40642
ddeddd42-3a34-4743-8c6e-0dabff9f3421,VN,VN-25,locality,,land,Xã Dân Hóa,"[[""vi-Hani"", ""社民化""], [""vi"", ""Xã Dân Hóa""], [""zh-Hans"", ""民化社""], [""lzh"", ""民化社""], [""zh-Hant"", ""民化社""], [""en"", ""Dân Hóa Commune""], [""zh"", ""民化社""]]",True,True,105.60767364501953,17.66798210144043,105.83931732177734,17.96250343322754,ab26b822-7b60-4ad4-af08-eee16dc7cd53
187304d1-9251-4956-8d69-2fb4ea0951f0,VN,VN-21,locality,,land,Xã Yên Trường,"[[""en"", ""Yên Trường Commune""], [""vi"", ""Xã Yên Trường""]]",True,True,105.54779052734375,19.98898696899414,105.63983154296875,20.049480438232422,d5f84348-5be0-460e-adba-088c3059642c
c9fd89dc-d7f0-4ab1-a3fc-66376b8af1a5,VN,VN-49,locality,,land,Xã Châu Thành,,True,True,106.27875518798828,9.792084693908691,106.38202667236328,9.894326210021973,8af71a34-08ef-46a4-b6b8-7e8ce5549a02
90b3a4c5-72c6-4a4d-bcd2-5ab5dbbc0d91,VN,VN-SG,locality,,land,Phường Lái Thiêu,,True,True,106.68025970458984,10.87353229522705,106.71353912353516,10.939375877380371,b80b068f-9e4c-400d-80a3-8ac4a09f41bc
f33cc7b6-28db-4c42-85ec-d526c98145d9,VN,VN-45,locality,,land,Xã Ngũ Hiệp,,True,True,106.05682373046875,10.282872200012207,106.20598602294922,10.340354919433594,cea4303b-4212-43b8-b4c0-738d3246ed55
68378c6a-b688-4824-bc41-e9b1070daec7,VN,VN-29,locality,,land,Xã Măng Ri,,True,True,107.8860855102539,14.79427433013916,108.15837097167969,15.03821086883545,18c113e3-b848-434a-bae3-c43cc13e47e7
7def7266-fb52-4484-9a5e-9d78e0156b26,VN,VN-25,locality,,land,Phường Quảng Trị,"[[""vi-Hani"", ""坊廣治""], [""vi"", ""Phường Quảng Trị""], [""zh-Hans"", ""广治坊""], [""lzh"", ""廣治坊""], [""zh-Hant"", ""廣治坊""], [""en"", ""Quảng Trị Ward""], [""zh"", ""廣治坊""]]",True,True,107.0671615600586,16.62795066833496,107.20394134521484,16.759950637817383,3300a361-d46b-4545-97c3-b8caca3e83bc
229c009a-02d6-4aa6-a332-f54c821924e9,VN,VN-39,region,1,land,Tỉnh Đồng Nai,"[[""bs"", ""Provincija Dong Nai""], [""hr"", ""Provincija Dong Nai""], [""ar"", ""مقاطعة دونغ ناي""], [""fr"", ""Province Đồng Nai""], [""lv"", ""Donnajas province""], [""uk"", ""Провінція Донґ-Наї""], [""pt-PT"", ""Província de Dong Nai""], [""pt"", ""Província Đồng Nai""], [""cs"", ""Provincie Đồng Nai""], [""el"", ""Επαρχία Ντονγκ Νάι""], [""it"", ""Provincia Đồng Nai""], [""ca"", ""Província de Dong Nai""], [""pt-BR"", ""Província de Dong Nai""], [""vi-Hani"", ""省垌狔""], [""vi"", ""Tỉnh Đồng Nai""], [""nl"", ""Provincie van Đồng Nai""], [""zh-Hans"", ""同奈省""], [""bg"", ""Провинция Донг Най""], [""ko"", ""동나이성""], [""et"", ""Dong Nai provints""], [""de"", ""Provinz Đồng Nai""], [""ru"", ""Донгнай""], [""th"", ""จังหวัดดองไน""], [""id"", ""Provinsi Đồng Nai""], [""sr-Latn"", ""Dong Nai oblast""], [""sv"", ""Đồng Nai-provinsen""], [""tr"", ""Eyaleti Đồng Nai""], [""da"", ""Đồng Nai-provinsen""], [""zh-Hant"", ""同奈省""], [""en"", ""Đồng Nai Province""], [""he"", ""מחוז דונג נאי""], [""sk"", ""Provincia Dong Nai""], [""es"", ""Provincia Đồng Nai""], [""ja"", ""ドンナイ""], [""fi"", ""Dong Nain maakunta""], [""ro"", ""Provincia Đồng Nai""], [""lt"", ""Dongnajaus provincija""], [""no"", ""Đồng Nai-provinsen""], [""sl"", ""Provinca Dong Nai""], [""zh"", ""同奈省""], [""ms"", ""Provinsi Đồng Nai""], [""hu"", ""Dong Nai tartomány""], [""pl"", ""Prowincja Đồng Nai""]]",True,True,106.4115982055664,10.579206466674805,107.57785034179688,12.298456192016602,3d656542-0d7e-4174-b8ee-de8479fbeb45
e7917fef-f985-41fa-97ef-b3018d0b4b7c,VN,VN-39,locality,,land,Xã Nha Bích,,True,True,106.65953826904297,11.422625541687012,106.77742767333984,11.604254722595215,1752e97d-e3aa-448a-95e9-ca8197eca00e
3b836ee2-5f72-43ee-ba60-58af3ca38b12,VN,VN-22,locality,,land,Xã Quỳnh Phú,"[[""en"", ""Quỳnh Phú Commune""], [""vi"", ""Xã Quỳnh Phú""]]",True,True,105.63904571533203,19.081449508666992,105.73811340332031,19.137657165527344,03d17eb7-4960-49f9-b8f9-a796bd66ea40
4d70af67-f8bf-4bf2-ac30-b251e609d4b2,VN,VN-49,locality,,land,Xã Song Phú,,True,True,105.85647583007812,10.049699783325195,105.93915557861328,10.155801773071289,4b9d1e43-f80d-4050-a02c-8508d1aa38e1
3974119b-1299-41dd-8cb2-49daa5fc93f1,VN,VN-21,locality,,land,Xã Hoằng Thanh,"[[""en"", ""Hoằng Thanh Commune""], [""vi"", ""Xã Hoằng Thanh""]]",True,True,105.88397979736328,19.78399658203125,105.93925476074219,19.862960815429688,18b8ccaf-fb3b-4dc0-85a0-3e66fd45da12
a038451e-a086-40e0-8acd-613e9a734020,VN,VN-45,locality,,land,Phường Sơn Qui,,True,True,106.62747955322266,10.365872383117676,106.69957733154297,10.483939170837402,a481251e-20a2-4634-bc06-0dc42a6c6254
90a4fbd9-36bb-4266-90be-944a2bf3452a,VN,VN-37,locality,,land,Xã Hòa Khánh,,True,True,106.33792877197266,10.813239097595215,106.44097137451172,10.893438339233398,68868e60-e000-4352-87be-6f3b1c7c6f8f
273a672b-122c-4af6-a124-162a88b43528,VN,VN-23,locality,,land,Xã Phúc Trạch,"[[""en"", ""Phúc Trạch Commune""], [""vi"", ""Xã Phúc Trạch""]]",True,True,105.72120666503906,18.01704978942871,105.93192291259766,18.16967010498047,0d260fb3-ce5f-4ed1-b84e-3188bd0d6f68
c6b5b366-fcdb-4bcd-a4bf-bd67ad1cc1e6,VN,VN-25,locality,,land,Xã Vĩnh Thủy,"[[""vi-Hani"", ""社永水""], [""vi"", ""Xã Vĩnh Thủy""], [""zh-Hans"", ""永水社""], [""lzh"", ""永水社""], [""zh-Hant"", ""永水社""], [""en"", ""Vĩnh Thủy Commune""], [""zh"", ""永水社""]]",True,True,106.9181137084961,16.951263427734375,107.0550765991211,17.054134368896484,17299486-4897-4470-aacd-6a656110b5cb
32d48b76-c9ef-49c1-8ad1-15fea48ef242,VN,VN-25,locality,,land,Xã Vĩnh Linh,"[[""vi-Hani"", ""社永靈""], [""vi"", ""Xã Vĩnh Linh""], [""zh-Hans"", ""永灵社""], [""lzh"", ""永靈社""], [""zh-Hant"", ""永靈社""], [""en"", ""Vĩnh Linh Commune""], [""zh"", ""永靈社""]]",True,True,106.86991882324219,17.030303955078125,107.03633117675781,17.137813568115234,e00a0e8c-1af1-41fd-93a3-09e4cf493a20
1ad5d01f-f6d8-4e8e-9040-76bdc8900d0c,VN,VN-35,locality,,land,Phường Phan Thiết,,True,True,108.09004974365234,10.91392707824707,108.11739349365234,10.942925453186035,1bbc95d7-65f7-4dd9-8334-917663752e2e
b29b54fb-4721-4105-97ef-ec2da76e08aa,VN,VN-22,locality,,land,Xã Quảng Châu,"[[""en"", ""Quảng Châu Commune""], [""vi"", ""Xã Quảng Châu""]]",True,True,105.51232147216797,18.987770080566406,105.58145904541016,19.04999542236328,f1770d05-de90-4b00-a6e2-39fede50edf0
f4827180-4692-467e-8e2e-8ba9c3d6eb06,VN,VN-59,locality,,land,Xã Khánh Bình,"[[""zh-Hant"", ""慶平社""], [""fa"", ""قصبه خان‌بین""], [""zh-Hans"", ""庆平社""], [""zh"", ""慶平社""]]",True,True,104.95928955078125,9.07750129699707,105.08782196044922,9.198689460754395,93f06164-08f5-47cd-8a70-d6ac02fedcf0
c0f72342-d1e2-43c5-b26b-3482854a8f72,VN,VN-DN,locality,,land,Xã Phú Thuận,"[[""en"", ""Phú Thuận Commune""], [""vi"", ""Xã Phú Thuận""]]",True,True,107.92835235595703,15.719919204711914,108.10517883300781,15.84652042388916,83b19c3d-4aae-4a16-863d-bdc61d2ede1f
c269136a-797f-4ce4-8cbe-9b0d92619f31,VN,VN-18,locality,,land,Phường Lý Thường Kiệt,"[[""en"", ""Lý Thường Kiệt Ward""], [""vi"", ""Phường Lý Thường Kiệt""]]",True,True,105.81908416748047,20.477880477905273,105.89678955078125,20.57600212097168,8173481a-d38a-4921-a9d7-eae0be552bf3
c09fd128-c722-4b93-8122-baaffe8361a0,VN,VN-18,locality,,land,Phường Yên Thắng,"[[""en"", ""Yên Thắng Ward""], [""vi"", ""Phường Yên Thắng""]]",True,True,105.92704010009766,20.126522064208984,106.00890350341797,20.196809768676758,32302b24-1180-4f5f-bfe6-44ebd837e5b0
97b27ba5-cc03-474a-95c8-2a77121e748f,VN,VN-59,locality,,land,Xã Tạ An Khương,"[[""zh-Hant"", ""謝安康社""], [""fa"", ""قصبه تاآن‌خیونگ""], [""zh-Hans"", ""谢安康社""], [""zh"", ""謝安康社""]]",True,True,105.17063903808594,8.97547721862793,105.31842041015625,9.094619750976562,cfa2c5b7-e73c-4471-9108-3da76579a9eb
f6af48c9-7f7e-4b6b-bf49-9b8ebbe5705b,VN,VN-44,locality,,land,Xã Vĩnh Thuận,"[[""zh-Hant"", ""永順社""], [""fa"", ""قصبه وین‌توان""], [""zh-Hans"", ""永顺社""], [""zh"", ""永順社""]]",True,True,105.13703918457031,9.4450101852417,105.24767303466797,9.581887245178223,4c8fbb6f-c780-4253-b6b1-7ebdf4fafd84
2f548e75-43f1-4130-9102-270590a97829,VN,VN-49,region,1,maritime,Tỉnh Vĩnh Long,"[[""bs"", ""Provincija Vinh Long""], [""hr"", ""Provincija Vinh Long""], [""ar"", ""محافظة فين لونغ""], [""fr"", ""Province de Vĩnh Long""], [""lv"", ""Viņlonas province""], [""uk"", ""Віньлонг""], [""pt-PT"", ""Província de Vinh Long""], [""pt"", ""Vinh Long""], [""cs"", ""Provincie Vĩnh Long""], [""el"", ""Επαρχία Βινχ Λονγκ""], [""it"", ""Provincia di Vinh Long""], [""ca"", ""Província de Vinh Long""], [""pt-BR"", ""Província de Vinh Long""], [""vi-Hani"", ""省永隆""], [""vi"", ""Tỉnh Vĩnh Long""], [""tg"", ""Вилояти Вин Лонг""], [""nl"", ""Vĩnh Long""], [""zh-Hans"", ""永隆省""], [""bg"", ""Вин Лонг""], [""ko"", ""빈롱성""], [""et"", ""Vinh Longi provints""], [""de"", ""Vĩnh Long""], [""ur"", ""وینہ لونگ صوبہ""], [""ru"", ""Виньлонг""], [""th"", ""จังหวัดวินห์ลอง""], [""id"", ""Provinsi Vinh Long""], [""sr-Latn"", ""Vin Long oblast""], [""sv"", ""Vinh Long""], [""tr"", ""Eyaleti Vĩnh Long""], [""da"", ""Vĩnh Long-provinsen""], [""sr-Cyrl"", ""Вињ Лонг""], [""zh-Hant"", ""永隆省""], [""en"", ""Vĩnh Long Province""], [""he"", ""מחוז וין לונג""], [""sk"", ""Provincia Vinh Long""], [""es"", ""Vĩnh Long""], [""sw"", ""Mkoa wa Vĩnh Long""], [""ja"", ""ヴィンロン""], [""fi"", ""Vĩnh Long""], [""ro"", ""Vĩnh Long""], [""lt"", ""Vinlongo provincija""], [""no"", ""Vĩnh Long-provinsen""], [""km"", ""ខេត្តលង់ហោរ""], [""sl"", ""Provinca Vinh Long""], [""fa"", ""استان وین‌لونگ""], [""zh"", ""永隆省""], [""ms"", ""Provinsi Vĩnh Long""], [""hu"", ""Vinh Long tartomány""], [""pl"", ""Prowincja Vĩnh Long""]]",False,True,105.68186950683594,9.080057144165039,106.9933853149414,10.340333938598633,d201c274-656f-4f06-ab72-17375ef83dba
277fdab9-9ab8-4d93-8562-049366c0af1d,VN,VN-18,locality,,land,Xã Phát Diệm,"[[""en"", ""Phát Diệm Commune""], [""de"", ""Gemeinde Phát Diệm""], [""vi"", ""Xã Phát Diệm""]]",True,True,106.06097412109375,20.03057098388672,106.12056732177734,20.13389778137207,a891846e-ce7c-4752-8f09-fde6242e2a3b
ba2e7077-a825-4718-b34c-d492e5a28ef2,VN,VN-59,locality,,land,Xã Vĩnh Mỹ,"[[""zh-Hant"", ""永美社""], [""fa"", ""قصبه وین‌می""], [""zh-Hans"", ""永美社""], [""zh"", ""永美社""]]",True,True,105.50730895996094,9.259515762329102,105.65352630615234,9.380400657653809,b505da27-1e45-44f8-88b8-c7a119679738
c1f6e46f-0d40-41ab-981b-89a061ee1cd9,VN,VN-49,locality,,land,Xã Hùng Hòa,,True,True,106.16659545898438,9.737112998962402,106.30776977539062,9.816108703613281,6d0dab60-4be0-45ad-a0e1-6147220aed0b
56bb16b2-ddc0-4cfd-a1a9-c1974fccee50,VN,VN-21,locality,,land,Xã Vĩnh Lộc,"[[""en"", ""Vĩnh Lộc Commune""], [""vi"", ""Xã Vĩnh Lộc""]]",True,True,105.586669921875,20.006250381469727,105.68217468261719,20.103952407836914,78dcd648-93e6-46ef-9a66-211aea459e92
fd283b38-4e56-46fd-8cf4-c528a7fc0803,VN,VN-45,locality,,land,Phường Mỹ Ngãi,"[[""vi"", ""Mỹ Ngãi""]]",True,True,105.55775451660156,10.467649459838867,105.64969635009766,10.561273574829102,29b9cf06-ea25-48aa-aaf0-951c298d29ca
cc60f413-f0a8-4f0f-9a2b-4ee1f6f3f41a,VN,VN-37,locality,,land,Xã Mỹ Quý,,True,True,106.14002990722656,10.885506629943848,106.30307006835938,10.987411499023438,c1d9117d-960d-4a9f-8609-7e9f977b1541
49134a23-a522-4cf9-a527-72ea13699118,VN,VN-18,locality,,land,Thị trấn Tân Thanh,,True,True,105.92726135253906,20.4490909576416,105.96046447753906,20.505029678344727,ce1d2dea-456f-46f7-a3dd-82c3a4b67636
7c51e69c-6ed2-4963-a5c5-07a9cbdcc7e8,VN,VN-CT,locality,,land,Xã Hòa Tú,,True,True,105.8528060913086,9.352898597717285,105.93224334716797,9.485329627990723,0f0f578b-c3b3-41b9-b197-f0e0c08c023e
9de41773-fec1-4981-b7ff-b0a25f0f4d5e,VN,VN-23,locality,,land,Xã Mai Hoa,"[[""en"", ""Mai Hoa Commune""], [""vi"", ""Xã Mai Hoa""]]",True,True,105.47895050048828,18.39365005493164,105.55316162109375,18.49370574951172,f3c98490-deb1-4903-9a75-658a5e1d3211
1a070b99-82e5-4b84-8344-3a10d1401711,VN,VN-37,locality,,land,Phường Kiến Tường,,True,True,105.90451049804688,10.728130340576172,105.9712905883789,10.78520679473877,a704514e-d10e-41c6-8729-7845a3c27c73
5438e83d-df4c-4376-9beb-94c192949f80,VN,VN-59,locality,,land,Xã Thới Bình,"[[""zh-Hant"", ""太平社""], [""fa"", ""قصبه توی‌بین""], [""zh-Hans"", ""太平社""], [""zh"", ""太平社""]]",True,True,105.04405212402344,9.29288387298584,105.17964935302734,9.403251647949219,a39d2ba4-e930-499d-b5f1-b1eeeb3a7142
1c56107a-559d-481a-aa87-b1042799663d,VN,VN-39,locality,,land,Xã Sông Ray,"[[""ko"", ""송라이""]]",True,True,107.2994613647461,10.668606758117676,107.39317321777344,10.764241218566895,7e7078bc-96dd-456d-a72f-fc0cf09c898c
62fa6822-91a6-4a74-ad78-68c7deec9629,VN,VN-21,locality,,land,Xã Định Hòa,"[[""en"", ""Định Hòa Commune""], [""vi"", ""Xã Định Hòa""]]",True,True,105.64900970458984,19.929475784301758,105.76546478271484,19.978113174438477,05700a50-e1da-4886-8839-d8a33f29fcba
d0846d23-0cc2-4907-a8d8-74c6af2d9010,VN,VN-23,locality,,land,Xã Cẩm Lạc,"[[""en"", ""Cẩm Lạc Commune""], [""vi"", ""Xã Cẩm Lạc""]]",True,True,106.03618621826172,18.090137481689453,106.14324188232422,18.2292423248291,bca6d43d-a024-426c-b1a2-3a958327a5b0
11e87fcb-92b9-495a-8c74-e515e01db940,VN,VN-39,locality,,land,Xã Lộc Thành,,True,True,106.41425323486328,11.657570838928223,106.60540008544922,11.840445518493652,01c16934-abf8-433d-897b-53a34bb20069
e0f53506-514d-4c95-9760-b3efc40bde8c,VN,VN-21,locality,,land,Xã Tượng Lĩnh,"[[""en"", ""Tượng Lĩnh Commune""], [""vi"", ""Xã Tượng Lĩnh""]]",True,True,105.67765045166016,19.523069381713867,105.74992370605469,19.603673934936523,0c973445-0c95-4251-8de4-cf719bfd26e9
cc4478dd-453e-40a0-b466-f6c435fedabc,VN,VN-49,locality,,land,Xã Đông Hải,,True,True,106.36924743652344,9.52783489227295,106.5185317993164,9.601570129394531,6b31318f-894f-4b5f-b2b9-dc3f54335953
f30807f2-0a42-4566-be2b-857fae7d5800,VN,VN-18,locality,,land,Xã Gia Hưng,"[[""en"", ""Gia Hưng Commune""], [""vi"", ""Xã Gia Hưng""]]",True,True,105.79446411132812,20.332807540893555,105.8453369140625,20.42104148864746,efaa67de-7891-489a-b109-df87ae2ddd50
d4e1270c-8a37-4502-b201-2c069c4ddfd7,VN,VN-DN,locality,,land,Xã Thượng Đức,"[[""en"", ""Thượng Đức Commune""], [""vi"", ""Xã Thượng Đức""]]",True,True,107.80099487304688,15.735843658447266,107.9710693359375,15.937393188476562,ca9b219b-2455-4248-a81d-c38fb021b7b4
e3a08918-4efd-45df-8680-56162cda31cd,VN,VN-18,locality,,land,Xã Yên Khánh,"[[""en"", ""Yên Khánh Commune""], [""vi"", ""Xã Yên Khánh""]]",True,True,106.01725769042969,20.148115158081055,106.08475494384766,20.22514533996582,15be3730-ec8c-423d-a256-c6aae1ae178a
162e555d-244e-4044-8907-d024a060f522,VN,VN-SG,locality,,land,Phường Cầu Kiệu,,True,True,106.67754364013672,10.792505264282227,106.69249725341797,10.803984642028809,b9d2e489-e5a5-42ea-88b7-95409b674fce
5ebf5763-9b16-4fef-b24a-fc5ebaa0197c,VN,VN-29,locality,,land,Xã Sa Loong,,True,True,107.51573944091797,14.50320053100586,107.75914001464844,14.693046569824219,583d6098-5e17-470e-9fe0-e51214bdf44e
66917563-58c5-410f-b572-e05b8d92c69b,VN,VN-CT,locality,,land,Phường Ngã Năm,,True,True,105.54600524902344,9.521222114562988,105.67842102050781,9.641792297363281,efe2187e-9793-4e67-9508-b7bcc1a3228b
5e6c965b-81c3-4740-9dfa-9932e16792ca,VN,VN-SG,locality,,land,Phường Tân Sơn Nhì,,True,True,106.60986328125,10.793130874633789,106.6382827758789,10.809298515319824,5525d3f2-866a-4de1-ab10-907034132eba
025c9687-57cd-4389-90db-bbc3c5dcc2d8,VN,VN-23,locality,,land,Xã Đồng Lộc,"[[""en"", ""Đồng Lộc Commune""], [""vi"", ""Xã Đồng Lộc""]]",True,True,105.66294860839844,18.337549209594727,105.76752471923828,18.437509536743164,473c1ce0-a5f6-4cbd-baf1-b0f965e90dc1
c8b9e66c-1fa5-48ca-bdeb-3b7b5851430a,VN,VN-44,locality,,land,Xã Hòa Điền,"[[""zh-Hant"", ""和田社""], [""fa"", ""قصبه هوادیئن""], [""zh-Hans"", ""和田社""], [""zh"", ""和田社""]]",True,True,104.56214904785156,10.234356880187988,104.78569030761719,10.420038223266602,814312f1-90cb-4e71-9b9d-a327f315b09d
f618c6a9-6c3d-457a-a882-2639cd30473d,VN,VN-SG,locality,,land,Phường Thông Tây Hội,,True,True,106.6401138305664,10.830677032470703,106.66532897949219,10.851434707641602,84497fa2-1c36-44bd-97f0-03d5669ad596
8eb41d8d-0933-4eb2-818e-2a725e048d37,VN,VN-21,locality,,land,Phường Hàm Rồng,"[[""en"", ""Hàm Rồng Ward""], [""de"", ""Stadtviertel Hàm Rồng""], [""vi"", ""Phường Hàm Rồng""]]",True,True,105.74810028076172,19.812509536743164,105.79632568359375,19.877790451049805,1a4679c0-d64a-46a8-8497-6bb368139324
bbeb70bd-d8ed-45fb-86ab-cc37a5ef4b75,VN,VN-CT,locality,,land,Phường Thốt Nốt,,True,True,105.4708023071289,10.262480735778809,105.53672790527344,10.325209617614746,077c1664-b220-4246-bdea-5f9dd036fdf8
cd002e58-be13-441a-ab54-b6f9ba71491c,VN,VN-21,locality,,land,Xã Pù Nhi,"[[""en"", ""Pù Nhi Commune""], [""vi"", ""Xã Pù Nhi""]]",True,True,104.5262680053711,20.40817642211914,104.61878967285156,20.51146697998047,8706540b-d4d7-4e0b-863a-0bb28d321595
7a6a241d-b2fd-461d-a14f-e8e783a0fb88,VN,VN-21,locality,,land,Xã Thanh Quân,"[[""en"", ""Thanh Quân Commune""], [""vi"", ""Xã Thanh Quân""]]",True,True,105.1547622680664,19.649314880371094,105.34501647949219,19.746585845947266,0ff36ddc-b82d-46d7-ac35-ee8fcea868e8
c71c83ff-9335-4cd2-a4ab-4c9ed9d5be1a,VN,VN-25,locality,,land,Xã Tân Thành,"[[""vi-Hani"", ""社新城""], [""vi"", ""Xã Tân Thành""], [""zh-Hans"", ""新城社""], [""lzh"", ""新城社""], [""zh-Hant"", ""新城社""], [""en"", ""Tân Thành Commune""], [""zh"", ""新城社""]]",True,True,105.76448822021484,17.822336196899414,105.8923568725586,17.95756721496582,2d0f4bb7-ee33-40ee-8bb9-6198a8c9ae5a
9c9f3366-288a-498e-8e13-97787292ff68,VN,VN-25,locality,,land,Xã Nam Gianh,"[[""vi-Hani"", ""社南淨""], [""vi"", ""Xã Nam Gianh""], [""zh-Hans"", ""南净社""], [""lzh"", ""南淨社""], [""zh-Hant"", ""南淨社""], [""en"", ""Nam Gianh Commune""], [""zh"", ""南淨社""]]",True,True,106.35128784179688,17.675811767578125,106.43801879882812,17.750394821166992,76875149-ac92-4838-bf91-b50bedfaa391
04169458-f020-4362-bc81-7fe05833d304,VN,VN-22,region,1,land,Tỉnh Nghệ An,"[[""bs"", ""Provincija Nghe An""], [""hr"", ""Provincija Nghe An""], [""ar"", ""محافظة ني أن""], [""fr"", ""Province de Nghệ An""], [""lv"", ""Ngeanas province""], [""uk"", ""Нге Ан""], [""pt-PT"", ""Província de Nghe An""], [""pt"", ""Nghệ An""], [""cs"", ""Provincie Nghệ An""], [""el"", ""Επαρχία Νγκε Αν""], [""it"", ""Provincia di Nghệ An""], [""ca"", ""Província de Nghe An""], [""pt-BR"", ""Província de Nghe An""], [""vi"", ""Tỉnh Nghệ An""], [""tg"", ""Вилояти Нге Ан""], [""nl"", ""Provincie van Nghệ An""], [""zh-Hans"", ""乂安省""], [""bg"", ""Нге Ан""], [""ko"", ""응에안성""], [""mk"", ""Нге Ан""], [""et"", ""Nghe Ani provints""], [""de"", ""Provinz Nghệ An""], [""ur"", ""نگہ آن صوبہ""], [""ru"", ""Нге Ан""], [""th"", ""จังหวัดเหงะอาน""], [""id"", ""Provinsi Nghệ An""], [""sr-Latn"", ""Nghe An provincija""], [""sv"", ""Nghệ An-provinsen""], [""tr"", ""Eyaleti Nghệ An""], [""da"", ""Nghệ An-provinsen""], [""sr-Cyrl"", ""Нге Ан""], [""zh-Hant"", ""乂安省""], [""en"", ""Nghệ An Province""], [""he"", ""מחוז נגה אן""], [""sk"", ""Provincia Nghe An""], [""es"", ""Provincia Nghệ An""], [""sw"", ""Mkoa wa Nghệ An""], [""ja"", ""ゲアン""], [""fi"", ""Nghe Anin maakunta""], [""ro"", ""Nghệ An""], [""lt"", ""Ngeano provincija""], [""no"", ""Nghệ An-provinsen""], [""sl"", ""Provinca Nghe An""], [""fa"", ""استان نه آن""], [""zh"", ""乂安省""], [""ms"", ""Provinsi Nghệ An""], [""hu"", ""Nghe An tartomány""], [""pl"", ""Prowincja Nghệ An""]]",True,False,103.87454223632812,18.55211639404297,105.96554565429688,20.00235366821289,85c4243d-f38e-4df2-a57a-1a3bc831f969
6bc1a8d0-8261-49d9-9f29-00c4400ec3e4,VN,VN-SG,locality,,land,Phường Tân Bình,,True,True,106.63275146484375,10.785941123962402,106.64812469482422,10.81382942199707,6de07c61-0a91-4fa0-9cf7-423d198816cb
27c1fbab-a3a5-4281-86c6-a7faad55c0fc,VN,VN-CT,locality,,land,Xã Hiệp Hưng,,True,True,105.6828384399414,9.714614868164062,105.79924774169922,9.807263374328613,7d12fbf7-7834-4147-b3a4-214415ba238d
757573fc-00f0-4cb5-a1b2-286b32943673,VN,VN-SG,locality,,land,Xã Tân An Hội,,True,True,106.42598724365234,10.924955368041992,106.51554107666016,11.01562786102295,faf4a0d5-bc14-4110-9150-14f2ff64b2af
f665128f-4e09-4236-970a-2e92b1e73dee,VN,VN-CT,locality,,land,Xã Phú Hữu,,True,True,105.7674789428711,9.859565734863281,105.88079071044922,9.946976661682129,5d3b8162-a57e-42eb-b023-0bf4656e2684
67b26491-895c-4c14-9fe9-a38d3ce51b33,VN,VN-45,locality,,land,Xã Kim Sơn,,True,True,106.21746063232422,10.31768798828125,106.31440734863281,10.364343643188477,5b04e436-c9f6-49be-ae25-53aa443f008e
86a5b62c-8b11-4f47-a58b-8417ea713b79,VN,VN-22,locality,,land,Phường Quỳnh Mai,"[[""en"", ""Quỳnh Mai Ward""], [""vi"", ""Phường Quỳnh Mai""]]",True,True,105.66645050048828,19.18531036376953,105.7568588256836,19.26047706604004,92159ddd-85b4-4231-812c-ddab7c40168e
45c9b588-1915-4ed8-bce1-5837ef8c2840,VN,VN-45,locality,,land,Xã Tân Phú Trung,"[[""vi"", ""Tân Phú Trung""]]",True,True,105.70565795898438,10.178082466125488,105.81549072265625,10.281073570251465,50f3adf1-2562-4582-8352-9c8bfd305385
fe774eb6-b495-4d30-85ec-62322d48c160,VN,VN-SG,locality,,land,Phường Tân Mỹ,,True,True,106.71229553222656,10.697894096374512,106.73787689208984,10.738418579101562,a03a353f-9ebc-4250-9f52-8a4c03556ce1
a8dabf9d-e1fb-4554-b76d-9e9a41ebfe2b,VN,VN-DN,locality,,land,Xã La Dêê,"[[""en"", ""La Dêê Commune""], [""vi"", ""Xã La Dêê""]]",True,True,107.35955047607422,15.474597930908203,107.54045867919922,15.632363319396973,e86502a1-a02c-4694-a060-993c89b49f0d
5fe36a79-5642-4ea1-ad59-623061858149,VN,VN-45,locality,,land,Phường An Bình,,True,True,105.33712005615234,10.75127124786377,105.44999694824219,10.814142227172852,b8aa66f4-ac8a-44ae-a777-89fdb241f994
b376187b-8dcf-4ff6-91bd-21f55b01a33f,VN,VN-18,microhood,,land,Quảng trường Trung tâm Đền Trần,,True,True,106.16417694091797,20.454133987426758,106.1673355102539,20.457426071166992,3a0ffd27-64c8-4e04-8bff-b878e3cb7eee
f775df08-bfb2-4d24-b69e-2adcdcfc42f3,VN,VN-49,locality,,land,Xã Trà Ôn,,True,True,105.91665649414062,9.90103530883789,106.01555633544922,9.988938331604004,50659f44-f4c6-45fb-a7f7-3ec87d796e48
37413ba1-a92a-4089-9475-abdba34b141e,VN,VN-35,locality,,land,Xã Cư Jút,,True,True,107.76139831542969,12.5468111038208,107.93507385253906,12.648037910461426,a7455f5d-216d-43d0-8990-3d5e60e8e36e
6a369261-fff2-4729-80bf-45a9a7a2db80,VN,VN-44,locality,,land,Phường Vĩnh Thông,"[[""zh-Hant"", ""永通坊""], [""fa"", ""ناحیه وین‌تونگ""], [""zh-Hans"", ""永通坊""], [""zh"", ""永通坊""]]",True,True,105.0098648071289,10.01506233215332,105.16288757324219,10.11432933807373,e4387acc-eb19-4bf8-b529-d3013657dd10
325b9c71-7e37-465b-a38f-ffa2dd7d6d7b,VN,VN-35,locality,,land,Phường Tiến Thành,,True,True,107.99210357666016,10.777936935424805,108.09437561035156,10.923151016235352,39d79316-dccf-435e-ae33-1cec8055f506
cb314a31-cc33-449c-b0c1-298d672fc4f2,VN,VN-45,locality,,land,Xã Hưng Thạnh,,True,True,106.2296142578125,10.485320091247559,106.34903717041016,10.570792198181152,721beb70-80d8-45aa-acd7-dd2fff36c923
5d949619-182d-45c1-a31f-4f6c3d17ea44,VN,VN-45,locality,,land,Xã Long Định,,True,True,106.20738983154297,10.35684585571289,106.2944107055664,10.454781532287598,631128cd-f0b4-4d4d-83af-f3ce7e8837c4
04824c7f-7fea-4fc5-ba4c-d5b8a2dbe9b2,VN,VN-SG,microhood,,land,I,,True,True,106.63044738769531,10.748242378234863,106.63129425048828,10.748557090759277,c6661148-6c58-4ff7-8b66-d6e271b01722
13ffec27-0677-45a3-8808-2a1355b65afb,VN,VN-SG,microhood,,land,M,,True,True,106.62960815429688,10.740621566772461,106.63030242919922,10.74125862121582,8b656233-ac0c-453e-a2ea-4a7971fdeb9a
552461d0-630c-4970-b5a4-027ea0c57350,VN,VN-25,locality,,land,Xã Lìa,"[[""vi-Hani"", ""社離""], [""vi"", ""Xã Lìa""], [""zh-Hans"", ""离社""], [""lzh"", ""離社""], [""zh-Hant"", ""離社""], [""en"", ""Lìa Commune""], [""zh"", ""離社""]]",True,True,106.64713287353516,16.43513298034668,106.74995422363281,16.588336944580078,8e1d25a6-1773-42c4-b6c2-0dd3a67b882b
306e45fa-5134-465d-aa72-bbfc516454c3,VN,VN-21,locality,,land,Xã Kim Tân,"[[""en"", ""Kim Tân Commune""], [""vi"", ""Xã Kim Tân""]]",True,True,105.6090316772461,20.083677291870117,105.73218536376953,20.215147018432617,09a7cf9e-0219-48ff-a718-a9001a279ccd
91657e98-cd8c-410b-8b99-f94b44b26684,VN,VN-25,locality,,land,Xã Tân Gianh,"[[""vi-Hani"", ""社新淨""], [""vi"", ""Xã Tân Gianh""], [""zh-Hans"", ""新净社""], [""lzh"", ""新淨社""], [""zh-Hant"", ""新淨社""], [""en"", ""Tân Gianh Commune""], [""zh"", ""新淨社""]]",True,True,106.27169799804688,17.753700256347656,106.3974838256836,17.820579528808594,30311748-0980-45af-a028-adfd5644a810
a076e00e-c17f-4220-8b52-eed83498b1c0,VN,VN-29,locality,,land,Xã Đăk Plô,,True,True,107.58267974853516,15.0185546875,107.77696990966797,15.417595863342285,098117bb-00f6-4a67-b955-6aca5c3c83be
439da39c-e3ae-41cc-9313-e734104b8e83,VN,VN-SG,locality,,land,Xã Hóc Môn,,True,True,106.56302642822266,10.863763809204102,106.6220703125,10.929341316223145,376ff5e2-f20d-49b5-bfa5-7287acdfd5f9
15713cde-e519-4941-b5bc-019330b6c859,VN,VN-SG,microhood,,land,B,,True,True,106.62886810302734,10.75436019897461,106.63037872314453,10.754850387573242,cac5ab7b-cfdf-4ee4-8f2b-2db4ec94f071
88c0c3be-fd4d-4756-80f8-9c5155a5e873,VN,VN-DN,locality,,land,Xã Vu Gia,"[[""en"", ""Vu Gia Commune""], [""vi"", ""Xã Vu Gia""]]",True,True,108.0129623413086,15.833601951599121,108.11493682861328,15.874970436096191,1f574b42-6535-4c1c-8b2d-6f9b7e6c27a8
9e41e645-3c74-49b2-b9f2-f0b4e19fdd7b,VN,VN-SG,locality,,land,Phường Tây Thạnh,,True,True,106.60739135742188,10.803240776062012,106.63578796386719,10.824687004089355,dab7c9b8-2ecc-43f8-9217-284ec004ffb8
16434066-2221-4d64-8685-fe480c0b4d27,VN,VN-45,locality,,land,Xã Tam Nông,"[[""vi"", ""Tam Nông""]]",True,True,105.47083282470703,10.680251121520996,105.59359741210938,10.812234878540039,c31c8507-b127-4873-a9aa-cc6ac38b7731
23505988-f251-40ee-b19f-8f0f1abacd46,VN,VN-22,locality,,land,Phường Vinh Lộc,"[[""en"", ""Vinh Lộc Ward""], [""vi"", ""Phường Vinh Lộc""]]",True,True,105.68995666503906,18.687469482421875,105.75773620605469,18.767332077026367,e4d0c746-95eb-415a-8bac-286e3e95af57
859cdb72-a6ef-4876-91bf-816094d888f3,VN,VN-26,locality,,land,Xã Bình Điền,"[[""vi-Hani"", ""社平田""], [""vi"", ""Xã Bình Điền""], [""zh-Hans"", ""平田社""], [""lzh"", ""平田社""], [""zh-Hant"", ""平田社""], [""en"", ""Bình Điền Commune""], [""zh"", ""平田社""]]",True,True,107.32894134521484,16.25432777404785,107.55391693115234,16.460952758789062,5fdb1416-7268-48de-aae8-a620bdad48ed
9d7afe1f-94e7-4757-895c-0fa13ba2d0ac,VN,VN-SG,microhood,,land,D,,True,True,106.62847900390625,10.752201080322266,106.63017272949219,10.75361156463623,baa3f2e0-21f0-4ecb-baf5-4d636070bb7b
c444faf6-0bed-4854-b416-7471df993ca4,VN,VN-26,locality,,land,Xã Nam Đông,"[[""vi-Hani"", ""社南東""], [""vi"", ""Xã Nam Đông""], [""zh-Hans"", ""南东社""], [""lzh"", ""南東社""], [""zh-Hant"", ""南東社""], [""en"", ""Nam Đông Commune""], [""zh"", ""南東社""]]",True,True,107.59257507324219,15.994929313659668,107.75818634033203,16.22154998779297,78b65693-805a-429a-a548-85334668655a
6a2ae634-956e-4959-a93b-aaf639fe87e8,VN,VN-35,locality,,land,Phường Bắc Gia Nghĩa,,True,True,107.65776824951172,11.967048645019531,107.87065124511719,12.140129089355469,261aad00-f728-4d27-a6a9-f0c3ba1a5135
f5981333-6a17-4110-8bf0-e7eb0c6ec2e8,VN,VN-29,locality,,land,Xã Ngọk Réo,,True,True,107.96370697021484,14.415946006774902,108.11070251464844,14.564788818359375,44af379f-73ec-45cb-aae8-31c47ff51182
86aa31d9-b0a9-49df-b4c9-ee75819be68a,VN,VN-44,locality,,land,Xã Vĩnh Xương,,True,True,105.12854766845703,10.816205978393555,105.21879577636719,10.92349624633789,03b1efa4-3112-4753-8d80-6bce7bfa4677
012716ad-458b-4220-916e-29ba6cd79975,VN,VN-18,locality,,land,Xã Quang Thiện,"[[""en"", ""Quang Thiện Commune""], [""de"", ""Gemeinde Quang Thiện""], [""vi"", ""Xã Quang Thiện""]]",True,True,106.0732421875,20.053518295288086,106.13697814941406,20.146068572998047,6d1df1c4-ff69-43a7-acc6-42254afc0635
4d0f668b-e1ce-4c5b-8a80-ec9f6c8b66ed,VN,VN-18,locality,,land,Xã Hải Hậu,"[[""en"", ""Hải Hậu Commune""], [""de"", ""Gemeinde Hải Hậu""], [""vi"", ""Xã Hải Hậu""]]",True,True,106.25810241699219,20.16211700439453,106.3051986694336,20.245473861694336,0fad52ec-8814-4b61-8fbf-fc334962e766
334f1491-76ec-488b-809b-bb594581de00,VN,VN-22,locality,,land,Xã Mậu Thạch,"[[""en"", ""Mậu Thạch Commune""], [""vi"", ""Xã Mậu Thạch""]]",True,True,104.87189483642578,19.04939079284668,105.05010223388672,19.20135498046875,954afcf4-a6f3-4e2f-bff3-39eb91ccd8e9
5970723d-4af0-419a-bdba-7fc427651a85,VN,VN-18,locality,,land,Xã Ý Yên,"[[""en"", ""Ý Yên Commune""], [""vi"", ""Xã Ý Yên""]]",True,True,105.95394134521484,20.24981117248535,106.03305053710938,20.350414276123047,426ac7fc-f522-4964-afe3-20902f46b9fa
780f37a4-bbab-4039-b350-f6441b54f8a8,VN,VN-CT,locality,,land,Xã Lương Tâm,,True,True,105.37296295166016,9.584424018859863,105.48188781738281,9.668024063110352,868cd933-969c-4edf-8bf1-41665372ef80
e3ef10e6-cd68-493f-b71c-2765d6e9e8a9,VN,VN-59,locality,,land,Xã Tân Thuận,"[[""zh-Hant"", ""新順社""], [""fa"", ""قصبه تان‌توان""], [""zh-Hans"", ""新顺社""], [""zh"", ""新順社""]]",True,True,105.24286651611328,8.95638656616211,105.41915130615234,9.072427749633789,c043089d-8db0-482c-a188-889b4862e13f
8ea8c01a-16bc-4e2f-8565-b2c579eea045,VN,VN-45,locality,,land,Xã An Hữu,,True,True,105.85281372070312,10.274127006530762,105.97532653808594,10.338301658630371,dcca8d6f-d1f2-4266-bec9-52ae0751f9bc
066d6a44-3a27-42b4-aa8b-f009b4ecc691,VN,VN-22,locality,,land,Xã Châu Hồng,"[[""en"", ""Châu Hồng Commune""], [""vi"", ""Xã Châu Hồng""]]",True,True,104.99214172363281,19.340110778808594,105.17073822021484,19.475011825561523,cc6365b6-3148-48ff-873a-22672890cb19
8b557a5b-7834-474a-8656-1d0a5b3e09fd,VN,VN-39,locality,,land,Xã Lộc Tấn,,True,True,106.41712188720703,11.82198715209961,106.64717102050781,11.965487480163574,dbbf43e7-c999-45c3-ba64-bb0aa603d881
63fb3cb0-1c15-44f8-a791-43511c6f6c07,VN,VN-CT,locality,,land,Xã Thạnh Xuân,,True,True,105.63636016845703,9.89540958404541,105.74288177490234,9.975464820861816,65f1caf8-1dfb-4a3b-ad14-c42e0938f19f
08eb12b6-8232-406b-a769-c659cb5bf9dd,VN,VN-SG,locality,,land,Phường Khánh Hội,,True,True,106.69690704345703,10.752418518066406,106.71116638183594,10.765350341796875,a67bfe87-ac87-4898-894b-2b97ccad7d84
00e15f50-08f3-4b87-8559-dc2f4425bc78,VN,VN-CT,locality,,land,Phường Tân Lộc,,True,True,105.5148696899414,10.186338424682617,105.62474822998047,10.306222915649414,21b8d665-b28e-494a-9fdc-0ce981e6960b
e6564ee0-4214-45e3-8225-dfeb3651973b,VN,VN-21,locality,,land,Xã Phú Lệ,"[[""en"", ""Phú Lệ Commune""], [""vi"", ""Xã Phú Lệ""]]",True,True,104.88475036621094,20.4642333984375,105.10721588134766,20.60857582092285,a4c27e33-74b8-422c-b17c-ecef78f05657
fdffb18b-95a6-40e8-82d8-3436ea9ebbc0,VN,VN-22,locality,,land,Xã Tam Đồng,"[[""en"", ""Tam Đồng Commune""], [""vi"", ""Xã Tam Đồng""]]",True,True,105.18727111816406,18.773223876953125,105.30428314208984,18.84771156311035,1e9cfcf0-e411-4a03-a85d-c590d511c239
47512f9f-6a5e-4a1a-8dfb-0b03b020b8e3,VN,VN-21,locality,,land,Xã Vạn Xuân,"[[""en"", ""Vạn Xuân Commune""], [""vi"", ""Xã Vạn Xuân""]]",True,True,105.14974212646484,19.7974796295166,105.31180572509766,19.951602935791016,aec868ea-9f18-41f9-9971-c13d3497c5da
c49688fa-ad45-4ad8-98b4-e0e5c6d82371,VN,VN-25,locality,,land,Xã Nam Ba Đồn,"[[""vi-Hani"", ""社南𠀧屯""], [""vi"", ""Xã Nam Ba Đồn""], [""zh-Hans"", ""南𠀧屯社""], [""lzh"", ""南𠀧屯社""], [""zh-Hant"", ""南𠀧屯社""], [""en"", ""Nam Ba Đồn Commune""], [""zh"", ""南𠀧屯社""]]",True,True,106.23463439941406,17.693408966064453,106.37508392333984,17.769838333129883,50fc8815-cabd-4f14-a737-6a99aa68d6b8
3e4b08ce-5565-419a-a8b1-2035b34f4628,VN,VN-35,locality,,land,Xã Tân Minh,,True,True,107.5442123413086,10.766412734985352,107.71354675292969,10.916964530944824,55d8cc0f-f9de-49e6-afe1-96e48b8c4935
929cf7a1-7093-4ff8-a2fa-e97fa7845aea,VN,VN-21,locality,,land,Xã Nguyệt Ấn,"[[""en"", ""Nguyệt Ấn Commune""], [""vi"", ""Xã Nguyệt Ấn""]]",True,True,105.27149200439453,19.948591232299805,105.39208221435547,20.09079360961914,5f3607c9-3564-4047-9c27-60883e71372b
52e859bc-c9f0-4592-9c6e-860ef7c400ea,VN,VN-21,locality,,land,Xã Nông Cống,"[[""en"", ""Nông Cống Commune""], [""vi"", ""Xã Nông Cống""]]",True,True,105.59550476074219,19.599788665771484,105.72473907470703,19.664813995361328,9b3c6c01-7bab-4c62-926a-db2d97c0acc4
5b9d5368-6272-429c-9ecb-055261163ee2,VN,VN-21,locality,,land,Phường Trúc Lâm,"[[""en"", ""Trúc Lâm Ward""], [""de"", ""Stadtviertel Trúc Lâm""], [""vi"", ""Phường Trúc Lâm""]]",True,True,105.64405059814453,19.35995101928711,105.77017974853516,19.49454116821289,b68d695e-a418-4760-a931-ceec4d968eec
ef3f3d1f-2670-47e0-8a9f-7b4ce2a3b0d9,VN,VN-DN,locality,,land,Xã Avương,"[[""en"", ""Avương Commune""], [""vi"", ""Xã Avương""]]",True,True,107.46388244628906,15.876503944396973,107.65646362304688,16.063976287841797,3741711b-df37-4e3f-a0ed-c88d3af93235
4d888c77-6cf8-4de5-b5aa-b7ee854d708c,VN,VN-CT,locality,,land,Xã Vị Thanh 1,,True,True,105.46150970458984,9.798895835876465,105.59175872802734,9.913039207458496,2e0457d4-55a4-47bc-a411-29342b734df6
a9cb38df-3b49-42f0-9c5c-f5d27b64528c,VN,VN-21,locality,,land,Xã Cẩm Tân,"[[""en"", ""Cẩm Tân Commune""], [""vi"", ""Xã Cẩm Tân""]]",True,True,105.51493835449219,20.108274459838867,105.60196685791016,20.214757919311523,575595b0-74be-4657-bf04-23aefa647a88
83e95e34-9975-4658-b371-dc7c65bf0ccd,VN,VN-29,locality,,land,Xã Đăk Pxi,,True,True,107.8734359741211,14.611695289611816,108.14018249511719,14.829188346862793,e6374288-d9a3-4582-9aa8-91836ceb8cc6
184e0d0c-d430-43a6-8c6b-c4820cd7fe21,VN,VN-44,locality,,land,Phường Vĩnh Tế,,True,True,105.01944732666016,10.610931396484375,105.11618041992188,10.71013355255127,59d1d082-2e66-4273-b356-f4a23af0035e
d5bd0819-b3eb-4010-aa3b-28019eed70d2,VN,VN-21,locality,,land,Xã Hiền Kiệt,"[[""en"", ""Hiền Kiệt Commune""], [""vi"", ""Xã Hiền Kiệt""]]",True,True,104.70149993896484,20.388174057006836,104.90048217773438,20.49695587158203,9a18e054-0730-4d23-951f-24285bf4b6b3
d8222831-ef9f-4c79-87bd-7161265577f7,VN,VN-SG,locality,,land,Phường Sài Gòn,,True,True,106.69500732421875,10.76722526550293,106.7152099609375,10.792692184448242,e62f3068-0691-4c07-94b4-b34b8e4e1c3f
b1c7e34f-2045-4519-86b0-ebcef957345c,VN,VN-22,locality,,land,Phường Hoàng Mai,"[[""en"", ""Hoàng Mai Ward""], [""vi"", ""Phường Hoàng Mai""]]",True,True,105.62293243408203,19.233949661254883,105.73368835449219,19.34834861755371,af8e0ec4-2b27-4a40-81f5-fc10a9be963c
8f8dc45e-b5f7-4090-b59b-9254ab7c3300,VN,VN-49,locality,,land,Xã Tân Hào,,True,True,106.40342712402344,10.062406539916992,106.48948669433594,10.156633377075195,64594c98-ed70-4ae7-aa77-df374b785839
ff7ed995-a9fc-4251-b630-c1b606572d3f,VN,VN-39,locality,,land,Xã Thuận Lợi,"[[""zh-Hant"", ""順利社""], [""zh"", ""順利社""]]",True,True,106.7645263671875,11.549901962280273,106.9679946899414,11.656737327575684,96a13b20-49ed-49b8-aaa0-c11a2b4cf090
0a808278-b3ee-4d2c-9842-6db9f838b240,VN,VN-66,locality,,land,Xã Nam Cường,"[[""en"", ""Nam Cường Commune""], [""vi"", ""Xã Nam Cường""]]",True,True,106.50740814208984,20.319686889648438,106.58641052246094,20.384235382080078,1c7f33b3-923e-4f1b-ae96-792536cdc062
63800d69-dd3e-4db7-aaa5-96f7f2895ccc,VN,VN-39,locality,,land,Phường Phước Tân,,True,True,106.86859130859375,10.840523719787598,106.9713134765625,10.943580627441406,4c137bf7-ab53-43fa-b7ba-909a3790943e
d73f6a16-375a-4068-8776-326461110de1,VN,VN-59,locality,,land,Xã Nguyễn Phích,"[[""zh-Hant"", ""阮霹社""], [""fa"", ""قصبه نگوین‌فیچ""], [""zh-Hans"", ""阮霹社""], [""zh"", ""阮霹社""]]",True,True,104.8813247680664,9.316099166870117,105.06746673583984,9.561434745788574,35bac599-712f-435b-b862-80b79373fe8e
2f526052-1bff-4fc1-bb1d-07603ef94b7d,VN,VN-59,region,1,maritime,Tỉnh Cà Mau,"[[""bs"", ""Provincija Ca Mau""], [""hr"", ""Provincija Ca Mau""], [""ar"", ""محافظة كا ماو""], [""fr"", ""Province de Cà Mau""], [""lv"", ""Kamau province""], [""uk"", ""Камау""], [""pt-PT"", ""Província de Ca Mau""], [""pt"", ""Província Cà Mau""], [""cs"", ""Provincie Cà Mau""], [""el"", ""Επαρχία Κα Μάου""], [""it"", ""Provincia di Cà Mau""], [""ca"", ""Província de Ca Mau""], [""pt-BR"", ""Província de Ca Mau""], [""vi-Hani"", ""省哥毛""], [""vi"", ""Tỉnh Cà Mau""], [""tg"", ""Вилояти Ка Мау""], [""nl"", ""Cà Mau""], [""zh-Hans"", ""金瓯省""], [""bg"", ""Ка Мау""], [""ko"", ""까마우성""], [""et"", ""Ca Mau provints""], [""de"", ""Cà Mau""], [""ur"", ""کآ ماو صوبہ""], [""ru"", ""Камау""], [""th"", ""จังหวัดก่าเมา""], [""id"", ""Provinsi Ca Mau""], [""sr-Latn"", ""Ca Mau oblast""], [""sv"", ""Ca Mau""], [""tr"", ""Eyaleti Cà Mau""], [""da"", ""Cà Mau-provinsen""], [""sr-Cyrl"", ""Ка Мау""], [""zh-Hant"", ""金甌省""], [""en"", ""Cà Mau Province""], [""he"", ""מחוז קה מאו""], [""sk"", ""Provincia Ca Mau""], [""es"", ""Cà Mau""], [""sw"", ""Mkoa wa Cà Mau""], [""ja"", ""カマウ""], [""fi"", ""Cà Mau""], [""ro"", ""Provincia Cà Mau""], [""lt"", ""Kamau provincija""], [""no"", ""Ca Mau""], [""km"", ""ខេត្តទឹកខ្មៅ""], [""sl"", ""Provinca Ca Mau""], [""fa"", ""استان کاماو""], [""zh"", ""金甌省""], [""ms"", ""Wilayah Ca Mau""], [""hu"", ""Ca Mau tartomány""], [""pl"", ""Prowincja Cà Mau""]]",False,True,103.48210144042969,8.179065704345703,106.05530548095703,9.637551307678223,3c289819-38f8-4450-8832-59bf025273c9
5b5f4f78-02ed-4dc9-b326-e2e8639e8879,VN,VN-49,locality,,land,Phường Trường Long Hòa,,True,True,106.49951934814453,9.5902099609375,106.58110809326172,9.698193550109863,c0bcd70a-ea5e-4359-a8d6-8ad84677e2bc
5ca44e5e-aa87-4e49-9f50-20bb8f30b7ca,VN,VN-37,locality,,land,Xã Vàm Cỏ,,True,True,106.50491333007812,10.460166931152344,106.56830596923828,10.553207397460938,5d534755-a54e-4f77-826b-eba6910dce7d
e416468e-6b82-433a-8610-b3e13fdaa23b,VN,VN-CT,locality,,land,Xã Vĩnh Lợi,,True,True,105.58761596679688,9.377458572387695,105.70668029785156,9.495662689208984,6cead0b6-4cf1-4d21-9bf7-38d048940094
cb76fd61-7f1f-4f1b-90a6-1860e0dd0694,VN,VN-22,locality,,land,Xã Lượng Minh,"[[""en"", ""Lượng Minh Commune""], [""vi"", ""Xã Lượng Minh""]]",True,True,104.34967803955078,19.297895431518555,104.61582946777344,19.49856185913086,3f611e8f-0099-41f9-bf89-44a1ab337f6d
e32a506e-fcdb-4a2c-bea6-58887df9b5c3,VN,VN-18,locality,,land,Xã Hải Xuân,"[[""en"", ""Hải Xuân Commune""], [""de"", ""Gemeinde Hải Xuân""], [""vi"", ""Xã Hải Xuân""]]",True,True,106.22700500488281,20.043115615844727,106.28157806396484,20.13921546936035,b0501349-547f-4a82-a6ec-991a94f53437
36e823a7-6aef-4776-8c51-680142e48e8d,VN,VN-44,locality,,land,Xã Vĩnh Phong,"[[""zh-Hant"", ""永豐社""], [""fa"", ""قصبه وین‌فونگ""], [""zh-Hans"", ""永丰社""], [""zh"", ""永豐社""]]",True,True,105.18981170654297,9.383173942565918,105.32991027832031,9.560486793518066,a8b2b8da-8ccd-4478-8dcf-cc31d21969c3
f5965cd2-c8dd-49d2-b177-e034e3ad402d,VN,VN-21,locality,,land,Xã Sao Vàng,"[[""en"", ""Sao Vàng Commune""], [""vi"", ""Xã Sao Vàng""]]",True,True,105.38766479492188,19.81580924987793,105.5347900390625,19.93414306640625,08b2ad72-6c07-41b0-a4ec-c72e7df56bdb
9dcaabf4-7e7d-493a-a671-30328c18cf9b,VN,VN-SG,locality,,land,Xã Thanh An,,True,True,106.37214660644531,11.170458793640137,106.51768493652344,11.325410842895508,9a4fdcce-2b9d-4d15-a363-5ddab004c71b
920b906f-830c-4574-a428-d94bcf6af762,VN,VN-21,locality,,land,Xã Điền Quang,"[[""en"", ""Điền Quang Commune""], [""vi"", ""Xã Điền Quang""]]",True,True,105.21751403808594,20.18556785583496,105.33818054199219,20.32157325744629,1bfa890b-b2d1-481c-ae33-9c1ddcbcb354
02c9e342-f733-4980-9c59-72a13f7beae5,VN,VN-26,locality,,land,Phường Hương Thủy,"[[""uk"", ""Хионґтхой""], [""vi-Hani"", ""坊香水""], [""vi"", ""Phường Hương Thủy""], [""zh-Hans"", ""香水坊""], [""lzh"", ""香水坊""], [""zh-Hant"", ""香水坊""], [""en"", ""Hương Thủy Ward""], [""zh"", ""香水坊""]]",True,True,107.6506118774414,16.35276985168457,107.73619079589844,16.452049255371094,12a8d6e2-8091-4f72-96bd-a9a09563fdc4
befd36d8-e3b4-477a-a99c-3b6860de757f,VN,VN-18,locality,,land,Xã Giao Ninh,"[[""en"", ""Giao Ninh Commune""], [""de"", ""Gemeinde Giao Ninh""], [""vi"", ""Xã Giao Ninh""]]",True,True,106.35077667236328,20.178741455078125,106.40471649169922,20.246538162231445,e9d323fe-7904-4bb1-8b5f-c992d28c5ef9
678ba181-72f9-445e-a22b-49a5af5c4b2a,VN,VN-49,locality,,land,Xã Long Hữu,,True,True,106.45654296875,9.6557035446167,106.57178497314453,9.751941680908203,1a718bcd-8289-4d5f-9e1b-0942602a9675
df2b7e7b-2dc5-412c-a935-a98c41839640,VN,VN-49,microhood,,land,Quảng Trường Thành phố Bến,,True,True,106.36735534667969,10.22360897064209,106.36868286132812,10.224788665771484,f4dd0bd0-df52-4905-8dea-a2eaa61c6b39
19257fd4-162f-48e0-bbd1-59763134c7b1,VN,VN-44,locality,,land,Phường Chi Lăng,,True,True,104.99943542480469,10.486140251159668,105.09545135498047,10.553563117980957,c64cb76d-44c2-4297-82c7-88c952c66cca
29b90ff1-9b52-4476-a373-42a7f12b5dd8,VN,VN-18,locality,,land,Xã Nam Lý,"[[""en"", ""Nam Lý Commune""], [""vi"", ""Xã Nam Lý""]]",True,True,106.13890075683594,20.46855354309082,106.1832275390625,20.54963493347168,0bf4523a-a6b4-40fc-8520-5dc0c75ac10a
31fa6fdb-c72d-44aa-81dc-b508e2e9562b,VN,VN-59,microhood,,land,Hùng Vương,,True,True,105.72410583496094,9.29188060760498,105.72575378417969,9.295262336730957,f42924ff-8249-4c5d-9fe6-c24b3dff100a
89255f93-cc0e-40f5-a345-d33731f448a0,VN,VN-35,locality,,land,Phường Phước Hội,,True,True,107.67866516113281,10.63104248046875,107.77828979492188,10.705965042114258,b2cadd48-1fd1-4693-be23-feb802fe8ba2
94e8a156-26d9-40de-b483-9d75ceba5ee0,VN,VN-26,region,1,maritime,Thành phố Huế,"[[""bs"", ""Provincija Thừa Thiên Huế""], [""hr"", ""Provincija Thừa Thiên Huế""], [""ka"", ""ჰუე""], [""ar"", ""هوي""], [""fr"", ""Hué""], [""lv"", ""Thiathjenas-Hue province""], [""eu"", ""Hue""], [""kl"", ""Hue""], [""uz"", ""Xyue""], [""uk"", ""Хюе""], [""ga"", ""Hué""], [""pt-PT"", ""Província de Thừa Thiên Huế""], [""pt"", ""Hue""], [""cs"", ""Hue""], [""el"", ""Χουέ""], [""it"", ""Hue""], [""ca"", ""Província de Thừa Thiên Huế""], [""pt-BR"", ""Província de Thừa Thiên Huế""], [""vi-Hani"", ""化""], [""vi"", ""Thành phố Huế""], [""tg"", ""Ху""], [""nl"", ""Huế""], [""zh-Hans"", ""顺化市""], [""bg"", ""Хюе""], [""ko"", ""후에""], [""eo"", ""Hue""], [""mk"", ""Хуе""], [""et"", ""Thừa Thiên Huế provints""], [""de"", ""Hue""], [""ur"", ""ہوائے""], [""ru"", ""Хюэ""], [""th"", ""เว้""], [""id"", ""Hue""], [""sr-Latn"", ""Tija Tijen Hue provincija""], [""sv"", ""Hué""], [""tr"", ""Thừa Thiên Huế İli""], [""da"", ""Hué""], [""sr-Cyrl"", ""Хуе""], [""zh-Hant"", ""順化市""], [""en"", ""Huế""], [""he"", ""הואה""], [""kn"", ""ಹೂಎ""], [""sk"", ""Provincia Thừa Thiên Huế""], [""es"", ""Hué""], [""sw"", ""Huế""], [""ja"", ""フエ""], [""fi"", ""Huế""], [""ro"", ""Huế""], [""lt"", ""Hujė""], [""no"", ""Hue""], [""sl"", ""Provinca Thừa Thiên Huế""], [""fa"", ""هوئه""], [""mn"", ""Хюэ""], [""zh"", ""顺化市""], [""ms"", ""Provinsi Thừa Thiên Huế""], [""hu"", ""Thừa Thiên Huế tartomány""], [""pl"", ""Huế""]]",False,True,107.03433990478516,15.994929313659668,108.48058319091797,17.11091423034668,fb2754e1-96af-4b43-bd0b-d34868c0b147
f98d2e44-8f7e-4000-aec9-c2515b5d8b13,VN,VN-49,locality,,land,Xã Nhuận Phú Tân,,True,True,106.2195816040039,10.07194709777832,106.29756164550781,10.177230834960938,7b47878d-dd95-421e-a448-aa36b1497185
09662e2c-e960-4aa4-8781-4c308473507c,VN,VN-44,locality,,land,Xã Chợ Vàm,,True,True,105.22976684570312,10.641524314880371,105.35202026367188,10.723153114318848,3265204f-e095-4f86-9d69-2f81c4b68e83
1736d823-2479-4210-881f-f5cc43f78d05,VN,VN-45,locality,,land,Xã Long Tiên,,True,True,106.08393096923828,10.305098533630371,106.19615936279297,10.380083084106445,24fbd555-9077-45d3-9749-0d57fc98e556
45f8a968-067d-4b10-b784-b8b80f9e3c89,VN,VN-CT,microhood,,land,Quảng trường Tây Nam Bộ,,True,True,105.80805969238281,10.01471996307373,105.809326171875,10.016007423400879,cf42a1fc-4588-4166-8578-2867e9cb8975
96379fe0-ec7b-475b-8183-b42da3d489f1,VN,VN-22,locality,,land,Xã Hữu Khuông,"[[""en"", ""Hữu Khuông Commune""], [""vi"", ""Xã Hữu Khuông""]]",True,True,104.54388427734375,19.36525535583496,104.71566772460938,19.588476181030273,42bdb060-5d9b-4aff-b698-da8279ecc2ce
f2325027-cfce-4e5f-913a-553bbc319251,VN,VN-44,locality,,land,Xã Vĩnh Gia,"[[""zh-Hant"", ""永嘉社""], [""fa"", ""قصبه وین‌جا""], [""zh-Hans"", ""永嘉社""], [""zh"", ""永嘉社""]]",True,True,104.77845001220703,10.33591079711914,104.95135498046875,10.520559310913086,19357a1a-2d97-41f6-890e-df52040fa2fd
731f269b-84c1-4286-bdd7-a495b3e77c78,VN,VN-25,locality,,land,Xã Ái Tử,"[[""vi-Hani"", ""社愛子""], [""vi"", ""Xã Ái Tử""], [""zh-Hans"", ""爱子社""], [""lzh"", ""愛子社""], [""zh-Hant"", ""愛子社""], [""en"", ""Ái Tử Commune""], [""zh"", ""愛子社""]]",True,True,107.00017547607422,16.684310913085938,107.19740295410156,16.81313133239746,977f17f5-7e91-4fc3-8d61-2070084e1511
af2846f3-5883-41d9-a581-e35d15342e26,VN,VN-21,locality,,land,Xã Trung Hạ,"[[""en"", ""Trung Hạ Commune""], [""vi"", ""Xã Trung Hạ""]]",True,True,104.95096588134766,20.241531372070312,105.12420654296875,20.37860107421875,2d07c4b7-f939-4479-83cc-4e53327a5e96
64b0034d-0cd7-4fc6-b9e2-143dd9ba4bca,VN,VN-18,locality,,land,Xã Lai Thành,"[[""en"", ""Lai Thành Commune""], [""de"", ""Gemeinde Lai Thành""], [""vi"", ""Xã Lai Thành""]]",True,True,106.0287857055664,20.049821853637695,106.09635162353516,20.118196487426758,ff294050-55b0-4e50-a40e-63ce4489a0d5
2ab5f7e0-251e-486a-a59b-8a8d29886e93,VN,VN-CT,locality,,land,Phường Cái Khế,,True,True,105.75469970703125,10.035969734191895,105.80332946777344,10.077805519104004,9966245e-67fa-4e4e-97e1-cad4c681ef54
f5aa26ad-2173-4d1c-95d8-41e16cc030b5,VN,VN-23,locality,,land,Khu tái định cư Kỳ Phương,,True,True,106.43122863769531,18.00189971923828,106.4444351196289,18.015714645385742,859067d3-1c6c-4cf6-9bc1-f54c65a2f954
b9857b0c-cef2-445c-8a0e-10aa97a9cb1a,VN,VN-37,locality,,land,Xã Bến Lức,,True,True,106.43490600585938,10.613204956054688,106.52649688720703,10.711593627929688,a95fef22-a8b1-4768-9e1c-5fd1f5be64ef
9196bc44-48dc-44de-ad2b-bc65c6189422,VN,VN-44,locality,,land,Xã Châu Phong,,True,True,105.12506103515625,10.704505920410156,105.2188949584961,10.786091804504395,eb7fa8e7-693f-4a7f-94af-09e53e9b22f9
34555003-6295-421b-919f-cd1ca13b2bfb,VN,VN-37,locality,,land,Xã Tân Lân,,True,True,106.59697723388672,10.460892677307129,106.66838073730469,10.545165061950684,a69dd6c3-8e0f-48ae-b810-c576cbaa7655
3b570741-7d17-497c-8f0c-1d71594d93ef,VN,VN-21,locality,,land,Xã Vạn Lộc,"[[""en"", ""Vạn Lộc Commune""], [""vi"", ""Xã Vạn Lộc""]]",True,True,105.93355560302734,19.887516021728516,106.01287841796875,19.970752716064453,b1e222fd-31bb-4be7-8be6-916a79ff90d0
8b18d03c-e787-4cb0-ac78-de01e0c35855,VN,VN-49,locality,,land,Xã An Phú Tân,,True,True,105.95307922363281,9.802410125732422,106.07884216308594,9.922908782958984,9320b4c5-e1c7-4823-99c5-0663ec8577a1
a5038adc-fd3b-452a-8eb1-5198904c5565,VN,VN-35,locality,,land,Xã Tà Đùng,,True,True,107.84574127197266,11.790019989013672,108.11164855957031,12.102304458618164,d325715e-be6b-4448-94a4-2b05f25b4490
74d80f5b-143f-41bc-af48-00f2de275c31,VN,VN-30,locality,,land,Xã Ia Boòng,,True,True,107.75174713134766,13.593452453613281,107.94291687011719,13.74866008758545,36ef4547-20b2-4866-97f5-f4132f675f76
5e6b5eeb-3931-4024-bc2e-49f53180d0fd,VN,VN-45,locality,,land,Xã Ba Sao,,True,True,105.63611602783203,10.489705085754395,105.73479461669922,10.621936798095703,42fac8a6-29de-443f-83cd-0eb304f6fa69
9768a793-26fa-4d15-8e34-8ab9b1e9dc89,VN,VN-66,locality,,land,Xã Tiên Hưng,"[[""en"", ""Tiên Hưng Commune""], [""vi"", ""Xã Tiên Hưng""]]",True,True,106.23463439941406,20.50084114074707,106.29279327392578,20.57970428466797,206ae3e9-8234-47a2-9c60-09b2ad65f51b
f176390e-a0bd-4e05-9f71-4b092f56cc0c,VN,VN-21,locality,,land,Xã Đồng Lương,"[[""en"", ""Đồng Lương Commune""], [""vi"", ""Xã Đồng Lương""]]",True,True,105.1573257446289,20.126195907592773,105.28536987304688,20.248098373413086,287b32f0-cab1-477d-b343-7edd8a1e36af
7459364e-a49d-4c12-8c50-f046b3aaa1ef,VN,VN-CT,locality,,land,Xã Trường Xuân,,True,True,105.47891998291016,9.91952896118164,105.5732650756836,10.02884578704834,32c72fb3-be4e-4222-9e98-a0fa60f5548a
7604b9ea-ed7a-413e-b004-50bb429f93f2,VN,VN-59,locality,,land,Xã Cái Nước,"[[""zh-Hant"", ""丐渃社""], [""zh-Hans"", ""丐渃社""], [""zh"", ""丐渃社""]]",True,True,104.95867156982422,8.85196590423584,105.10319519042969,8.964367866516113,c078361a-7ff3-4427-afac-6dae9db9a961
c8e40328-3a94-4524-a62b-b4e08ad1c4d2,VN,VN-66,locality,,land,Xã Hồng Minh,"[[""en"", ""Hồng Minh Commune""], [""vi"", ""Xã Hồng Minh""]]",True,True,106.17729949951172,20.512088775634766,106.25086975097656,20.55914306640625,8616bbef-0cfd-4d33-b900-afc19a316f3e
76daa4bd-4971-458d-965a-2837bd3691cb,VN,VN-SG,microhood,,land,G,,True,True,106.62840270996094,10.753406524658203,106.62886810302734,10.753826141357422,4ec6089a-fb47-4292-a585-4a318d7f7ad5
1551eaef-e0af-40d9-85d6-b4748a960224,VN,VN-49,locality,,land,Xã Lộc Thuận,,True,True,106.50352478027344,10.198025703430176,106.61363983154297,10.273139953613281,6f6ec8f5-1ff7-44f0-918d-4cb4c31386e0
4c2f7728-0944-430a-8b83-8334af4145bf,VN,VN-18,region,1,land,Tỉnh Ninh Bình,"[[""bs"", ""Provincija Ninh Binh""], [""hr"", ""Provincija Ninh Binh""], [""ar"", ""مقاطعة نينه بينه""], [""fr"", ""Province Ninh Bình""], [""lv"", ""Niņbiņas province""], [""uk"", ""Провінція Ніньбінь""], [""pt-PT"", ""Província de Ninh Binh""], [""pt"", ""Província Ninh Bình""], [""cs"", ""Provincie Ninh Bình""], [""el"", ""Επαρχία Νινχ Μπινχ""], [""it"", ""Provincia Ninh Bình""], [""ca"", ""Província de Ninh Binh""], [""pt-BR"", ""Província de Ninh Binh""], [""vi-Hani"", ""省寧平""], [""vi"", ""Tỉnh Ninh Bình""], [""nl"", ""Provincie van Ninh Bình""], [""zh-Hans"", ""宁平省""], [""bg"", ""Провинция Нин Бин""], [""ko"", ""닌빈성""], [""et"", ""Ninh Binhi provints""], [""de"", ""Provinz Ninh Bình""], [""ru"", ""Ниньбинь""], [""th"", ""จังหวัดนินห์บินห์""], [""id"", ""Provinsi Ninh Bình""], [""sr-Latn"", ""Ninh Binh provincija""], [""sv"", ""Ninh Bình-provinsen""], [""tr"", ""Eyaleti Ninh Bình""], [""da"", ""Ninh Bình-provinsen""], [""zh-Hant"", ""寧平省""], [""en"", ""Ninh Bình Province""], [""he"", ""מחוז נין בין""], [""sk"", ""Provincia Ninh Binh""], [""es"", ""Provincia Ninh Bình""], [""ja"", ""ニンビン""], [""fi"", ""Ninh Binhin maakunta""], [""ro"", ""Provincia Ninh Bình""], [""lt"", ""Ninbinio provincija""], [""no"", ""Ninh Bình-provinsen""], [""sl"", ""Provinca Ninh Binh""], [""zh"", ""宁平省""], [""ms"", ""Provinsi Ninh Bình""], [""hu"", ""Ninh Binh tartomány""], [""pl"", ""Prowincja Ninh Bình""]]",True,False,105.54169464111328,19.867162704467773,106.58116149902344,20.704381942749023,f42a306a-b98e-47f2-94ce-fc69d3d717b0
68aad968-80b6-4566-9d62-24515b0e8ff3,VN,VN-45,locality,,land,Xã Tháp Mười,"[[""vi"", ""Tháp Mười""]]",True,True,105.7802963256836,10.473241806030273,105.89246368408203,10.61413860321045,289eda94-d136-42a2-823e-03702fc6e8fb
4bd425e9-2b96-4a87-9eae-eb073adf84e2,VN,VN-18,locality,,land,Xã Thanh Hà,,True,True,105.91588592529297,20.48154067993164,105.9456558227539,20.518518447875977,89e9de40-b0cb-4735-a117-54a48133e1b2
d134b084-bba2-4491-837d-67b72aaa1133,VN,VN-21,locality,,land,Xã Tam Lư,"[[""en"", ""Tam Lư Commune""], [""vi"", ""Xã Tam Lư""]]",True,True,104.83760833740234,20.098054885864258,105.0159912109375,20.254833221435547,7f078c11-fc17-44f0-b4c0-23788e696017
460ae7c0-7c61-47a0-84a5-8b8acb02753f,VN,VN-30,locality,,land,Phường Hội Phú,"[[""en"", ""Hoi Phu Ward""], [""vi"", ""Phường Hội Phú""]]",True,True,107.99150085449219,13.880434036254883,108.04838562011719,13.97409439086914,36dd6302-3c97-45e7-be45-85db58ad3740
3bb387a0-5b64-4a7c-9e69-df41d2c5437a,VN,VN-59,locality,,land,Xã Cái Đôi Vàm,"[[""zh-Hant"", ""該隊汛社""], [""fa"", ""قصبه کای‌دوی‌وام""], [""zh-Hans"", ""該隊汛社""], [""zh"", ""該隊汛社""]]",True,True,104.78057861328125,8.772313117980957,104.90316772460938,8.898633003234863,ad73a068-32ad-4aa3-a88a-6e93f851dda3
025cf510-d592-4783-a216-34b160a896d5,VN,VN-21,locality,,land,Xã Thanh Kỳ,"[[""en"", ""Thanh Kỳ Commune""], [""vi"", ""Xã Thanh Kỳ""]]",True,True,105.5130615234375,19.369909286499023,105.66119384765625,19.52052879333496,7fb10fdb-a82d-4448-bccf-a6524eb5c5ec
83edebac-963b-47b3-9a16-1b3038e2f539,VN,VN-23,locality,,land,Xã Can Lộc,"[[""en"", ""Can Lộc Commune""], [""vi"", ""Xã Can Lộc""]]",True,True,105.72383880615234,18.417299270629883,105.8131103515625,18.551509857177734,65ee255a-d53d-4884-a400-ed6aa5cab385
f34f3042-561a-42c5-b22b-6232d0729d33,VN,VN-44,locality,,land,Xã Ô Lâm,"[[""zh-Hant"", ""烏林社""], [""fa"", ""قصبه اولام""], [""zh-Hans"", ""乌林社""], [""zh"", ""烏林社""]]",True,True,104.87995910644531,10.323863983154297,105.00155639648438,10.478111267089844,7e767b91-be27-4b11-a339-36ffdfe5385b
535e8bd8-e736-499d-a13b-bb9c20d40e05,VN,VN-44,locality,,land,Xã Hòa Thuận,"[[""zh-Hant"", ""和順社""], [""fa"", ""قصبه هواتوان""], [""zh-Hans"", ""和顺社""], [""zh"", ""和順社""]]",True,True,105.3370590209961,9.807232856750488,105.45854187011719,9.898460388183594,9dde2025-f9bb-476e-9be7-e606792c68ad
0749a0e3-c012-4677-9b1c-6be50f82c6a9,VN,VN-49,locality,,land,Xã Long Thành,,True,True,106.38440704345703,9.564704895019531,106.48494720458984,9.631078720092773,975b89f3-fa1d-492b-aa11-11fc566bda56
640ff554-4f0d-4e8e-91a3-59761f85b517,VN,VN-25,locality,,land,Xã Hải Lăng,"[[""vi-Hani"", ""社海陵""], [""vi"", ""Xã Hải Lăng""], [""zh-Hans"", ""海陵社""], [""lzh"", ""海陵社""], [""zh-Hant"", ""海陵社""], [""en"", ""Hải Lăng Commune""], [""zh"", ""海陵社""]]",True,True,107.07953643798828,16.571712493896484,107.24885559082031,16.755096435546875,0ec75514-9406-4467-b168-6e6ac1545c3c
480b7c4c-0c02-4784-b09c-5268b3ae8b0a,VN,VN-SG,locality,,land,Phường Minh Phụng,,True,True,106.63534545898438,10.753403663635254,106.66157531738281,10.763843536376953,da363456-7fe3-4d1e-ba50-7b8e16f75a4e
cee5d61b-ebb8-4397-a4ce-14c67e65925a,VN,VN-44,locality,,land,Xã Thoại Sơn,"[[""zh-Hant"", ""瑞山社""], [""fa"", ""قصبه توای‌سون""], [""zh-Hans"", ""瑞山社""], [""zh"", ""瑞山社""]]",True,True,105.16053771972656,10.183460235595703,105.28884887695312,10.286885261535645,506478b4-e1eb-45a7-b2b6-67dd7c5e754e
de3edb5a-67f0-4d66-aa6f-807394bb75c7,VN,VN-35,locality,,land,Xã Hàm Kiệm,,True,True,107.86476135253906,10.816086769104004,108.02552032470703,10.99142837524414,e331667f-d3f5-419f-abf4-ee5f3a29dba5
4e5422a7-cffc-408a-8704-390714c0d8d0,VN,VN-21,locality,,land,Xã Sơn Điện,"[[""en"", ""Sơn Điện Commune""], [""vi"", ""Xã Sơn Điện""]]",True,True,104.75347137451172,20.198795318603516,104.87812042236328,20.34027671813965,c4d1ad2e-2ca9-436e-bfbc-10299c2d2dfa
d580c1ac-2e5b-48e5-b376-d20a61769ae0,VN,VN-29,locality,,land,Xã Ia Đal,,True,True,107.33538055419922,14.077077865600586,107.53311920166016,14.368228912353516,15a47dc4-cf58-47f7-bb07-9e49d4d7123e
e434756e-ff23-4fcc-aa11-b0cfa2a30c34,VN,VN-SG,locality,,land,Phường Xóm Chiếu,,True,True,106.7011947631836,10.752432823181152,106.72228240966797,10.769760131835938,fba32797-d0f4-4096-b8eb-1a12c509bd27
28ed4b16-386d-44b5-8ff9-aa20f532f755,VN,VN-SG,microhood,,land,B5,,True,True,106.6792221069336,10.859664916992188,106.67960357666016,10.860444068908691,ba71c7e3-b4fe-4b18-9060-2ce9229bec03
f15c392c-cd10-4bd1-ae41-a2ed9557e8fe,VN,VN-59,locality,,land,Xã Hưng Mỹ,"[[""zh-Hant"", ""興美社""], [""fa"", ""قصبه هینگ‌می""], [""zh-Hans"", ""兴美社""], [""zh"", ""興美社""]]",True,True,104.95931243896484,8.941162109375,105.07083129882812,9.062396049499512,94a963fa-3690-4102-a067-79790c100fc7
7326e08d-b3c0-4887-b0aa-fd15b324a232,VN,VN-22,locality,,land,Xã Nghĩa Đàn,"[[""en"", ""Nghĩa Đàn Commune""], [""vi"", ""Xã Nghĩa Đàn""]]",True,True,105.42699432373047,19.312156677246094,105.52100372314453,19.40353775024414,2b729687-5132-4b13-810e-f9c011f485b9
97624611-3004-46ac-97de-b8fdb78f3d78,VN,VN-DN,locality,,land,Xã La Êê,"[[""en"", ""La Êê Commune""], [""vi"", ""Xã La Êê""]]",True,True,107.24824523925781,15.567610740661621,107.44781494140625,15.751505851745605,5b5d17d1-93e3-4f31-bf00-c1507407ea82
04a8aac9-ec34-4b0a-bda5-15f96e0e9842,VN,VN-39,locality,,land,Phường Bình Phước,,True,True,106.7972640991211,11.461133003234863,106.93304443359375,11.577181816101074,6606bcae-1cb9-4aa3-bc86-cd06c16a6fb3
bc56807c-a93d-4fd4-b250-6db8a0440cb1,VN,VN-SG,locality,,land,Phường Phú Thọ Hòa,,True,True,106.61444091796875,10.780670166015625,106.6378173828125,10.796051979064941,2a583ef9-b978-42a8-8b3b-9d238dfb262a
55d395aa-33b8-4186-a1d8-315b0e202c09,VN,VN-22,locality,,land,Xã Đô Lương,"[[""en"", ""Đô Lương Commune""], [""vi"", ""Xã Đô Lương""]]",True,True,105.22045135498047,18.86993980407715,105.35739135742188,18.93488311767578,90224931-3ddf-4a73-beae-eb8b49737cc8
5b5aef96-71e6-4049-acc5-7bf60de6ab74,VN,VN-49,locality,,land,Xã Nhị Trường,,True,True,106.32457733154297,9.728014945983887,106.43289947509766,9.817583084106445,4e36005d-a798-4c62-acb8-b55084b4db53
02fb065f-4191-4d32-a93c-4e30b0ba31ac,VN,VN-SG,locality,,land,Xã Nhà Bè,,True,True,106.67326354980469,10.665176391601562,106.77902221679688,10.725647926330566,a814db95-d3f3-4898-8d08-3c93c9e5e8dd
4da72bfc-e1ff-46b8-8c88-c0300f53371b,VN,VN-CT,locality,,land,Xã Thới An Hội,,True,True,105.93611145019531,9.779193878173828,106.0306625366211,9.885186195373535,67126534-d062-4bd4-b6d3-eb1bd844347d
eb1b2c9f-c900-43b2-8a1b-c91eba48f374,VN,VN-23,locality,,land,Xã Kỳ Thượng,"[[""en"", ""Kỳ Thượng Commune""], [""vi"", ""Xã Kỳ Thượng""]]",True,True,106.01415252685547,17.916841506958008,106.19794464111328,18.12435531616211,2579f939-829c-4969-b6e3-6d4e42d81b4d
75e91938-4e06-4fcd-96ab-f203c0ecde50,VN,VN-26,locality,,land,Phường Hương An,"[[""vi-Hani"", ""坊香安""], [""vi"", ""Phường Hương An""], [""zh-Hans"", ""香安坊""], [""ko"", ""흐엉안""], [""lzh"", ""香安坊""], [""zh-Hant"", ""香安坊""], [""en"", ""Hương An Ward""], [""zh"", ""香安坊""]]",True,True,107.49553680419922,16.443208694458008,107.57202911376953,16.508312225341797,ed4b9d62-4423-4dea-a64a-a1263984b072
fdcd073b-9e57-4cec-830e-866f524f500a,VN,VN-22,locality,,land,Xã Anh Sơn Đông,"[[""en"", ""Anh Sơn Đông Commune""], [""vi"", ""Xã Anh Sơn Đông""]]",True,True,105.10540008544922,18.926939010620117,105.24653625488281,18.998266220092773,0ec3ff5e-a0f4-4640-9b06-75b821113661
2f49a337-e067-4bbf-8a80-822e2622bd6f,VN,VN-44,locality,,land,Xã Bình An,"[[""zh-Hant"", ""平安社""], [""fa"", ""قصبه بین‌آن""], [""zh-Hans"", ""平安社""], [""zh"", ""平安社""]]",True,True,105.09221649169922,9.82927417755127,105.17842864990234,9.949875831604004,5fc1193d-9add-4858-854d-386871d97518
64580fff-f606-4731-86cf-f3f21c9a79a7,VN,VN-21,locality,,land,Xã Trường Văn,"[[""en"", ""Trường Văn Commune""], [""vi"", ""Xã Trường Văn""]]",True,True,105.68629455566406,19.595548629760742,105.7727279663086,19.644323348999023,b00e8a18-f6a2-4fdb-bdb8-21f77b5d63c0
9fe6135a-dec9-4888-8c94-119a712aa2e4,VN,VN-39,locality,,land,Xã La Ngà,,True,True,107.1252670288086,11.088667869567871,107.27936553955078,11.20871353149414,a121a18c-1e17-49d2-8014-64ef8cf06b3f
aa5237fe-86d9-448e-a46b-867c5542ee26,VN,VN-SG,locality,,land,Phường Phú An,,True,True,106.55585479736328,11.011589050292969,106.64808654785156,11.085480690002441,1ee4797e-4ae9-43c2-a02b-33a5594f426a
5f4880b2-042c-462b-93c6-c32ccacaf762,VN,VN-18,locality,,land,Phường Mỹ Lộc,"[[""en"", ""Mỹ Lộc Ward""], [""de"", ""Stadtviertel Mỹ Lộc""], [""vi"", ""Phường Mỹ Lộc""]]",True,True,106.04277038574219,20.41073226928711,106.14270782470703,20.489273071289062,bf4a8a01-2e59-49fc-9d97-cd71345eb5ef
087c0295-78f9-4133-b1e7-febd70159cb0,VN,VN-44,locality,,land,Xã Kiên Lương,"[[""zh-Hans"", ""坚良社""], [""ko"", ""끼엔르엉사""], [""zh-Hant"", ""堅良社""], [""fa"", ""قصبه کیئن‌لیونگ""], [""zh"", ""堅良社""]]",True,True,104.5710678100586,10.13430118560791,104.718505859375,10.28817081451416,af98dff6-8ace-4bdf-82b7-82e9314c322f
51694ef3-ec93-4ead-a01c-65de7795f88a,VN,VN-30,locality,,land,Xã Bàu Cạn,,True,True,107.82107543945312,13.775120735168457,107.97429656982422,13.879538536071777,eac440ba-0170-469f-b82a-d07af443b25e
a72076de-3d50-40ea-90d0-77f10ca97eb1,VN,VN-39,locality,,land,Xã Trị An,,True,True,106.90132904052734,11.055965423583984,107.19552612304688,11.377443313598633,6fcd71e8-a58f-4595-8711-b636fb0dcbef
00747265-d7e7-4102-9649-6c8ff149c8bd,VN,VN-CT,locality,,land,Xã Cù Lao Dung,,True,True,106.13651275634766,9.49048137664795,106.29328155517578,9.662030220031738,c8552aa6-87bb-4a09-b2a1-a30c4e4dbe93
2cb31120-23f2-4b80-86c6-598a0b5aae0d,VN,VN-CT,locality,,land,Phường Khánh Hòa,,True,True,105.92436218261719,9.338915824890137,106.12874603271484,9.453644752502441,e8b7a96d-2564-46d9-ae57-6d4cfc7dccda
d75af3bb-9711-494a-9a77-4a81dfba332a,VN,VN-39,locality,,land,Xã Tân Phú,,True,True,107.36705780029297,11.21023178100586,107.49967956542969,11.343144416809082,de4ba724-a5bd-4495-aed6-bb5797e7c7de
7c5be8b1-87e1-44ba-b2b7-e74473884ada,VN,VN-CT,locality,,land,Xã Phong Điền,,True,True,105.62429809570312,9.985880851745605,105.71321868896484,10.057232856750488,c6e495b9-9eab-4053-9f33-02d0ae8c7d55
feacc9de-24fc-49dd-afc5-61c1ad89842b,VN,VN-35,locality,,land,Xã Quảng Phú,,True,True,107.80062866210938,12.186875343322754,108.0974349975586,12.3777437210083,6be126af-cb85-4bdb-b9df-1ffe108cdfd0
fdcbfb91-c839-4831-beda-91b3f544e486,VN,VN-29,locality,,land,Xã Đăk Môn,,True,True,107.6336669921875,14.85673713684082,107.7523422241211,15.036016464233398,9016c923-8c51-4acd-9b70-39c222f98206
593bca6f-6a78-49ff-a88f-e206e4b091e3,VN,VN-SG,neighborhood,,land,Hà Đô Centrosa Garden,"[[""en"", ""Hado Centrosa Garden""]]",True,True,106.6771240234375,10.774259567260742,106.68035888671875,10.777506828308105,ec61936f-014b-443b-b24e-5c81901d4345
b64ccb85-7be5-402c-a707-f5e8f6f29c22,VN,VN-18,locality,,land,Xã Gia Viễn,"[[""en"", ""Gia Viễn Commune""], [""vi"", ""Xã Gia Viễn""]]",True,True,105.80747985839844,20.320337295532227,105.89037322998047,20.426658630371094,e684ee33-bf76-4e54-9a39-838f5a183a14
1394e2f4-1b0d-45f0-bbd8-8f794c213fbd,VN,VN-44,locality,,land,Xã U Minh Thượng,"[[""zh-Hans"", ""幽明上社""], [""ko"", ""우민트엉사""], [""zh-Hant"", ""幽明上社""], [""fa"", ""قصبه او‌مین‌تیونگ""], [""zh"", ""幽明上社""]]",True,True,105.03057861328125,9.477932929992676,105.20171356201172,9.710789680480957,77708d3a-7574-4323-94d9-67b192b03e33
c514fc34-1411-420b-a0a0-fc86a7846e6e,VN,VN-37,locality,,land,Xã Cần Đước,,True,True,106.55845642089844,10.43610668182373,106.63374328613281,10.539406776428223,e13a9370-76e2-42eb-aa8c-f339655d64f1
e446ab29-0015-4250-9e61-9e96d87a5ea7,VN,VN-39,locality,,land,Phường Trảng Dài,,True,True,106.84547424316406,10.966815948486328,106.94894409179688,11.03591251373291,6835fa7c-65e3-4ed4-85ce-3df04825215f
3b0e7842-4869-492e-8003-789129a35db6,VN,VN-49,locality,,land,Xã Long Hòa,,True,True,106.44508361816406,9.828295707702637,106.54645538330078,9.912781715393066,060e8d3e-0d81-4376-a653-e468d1978ff0
c03a2cbf-d09b-43b6-b1be-38398b986643,VN,VN-18,locality,,land,Xã Thanh Bình,"[[""en"", ""Thanh Bình Commune""], [""vi"", ""Xã Thanh Bình""]]",True,True,105.94747161865234,20.414840698242188,105.99118041992188,20.498802185058594,3cc72bca-1d43-4696-87af-e394896e3f96
b31bb61c-3c57-4760-a494-15ee85dba0a4,VN,VN-30,locality,,land,Xã Ia Khươl,,True,True,107.9346694946289,14.143194198608398,108.23253631591797,14.392285346984863,f8221f5b-3579-4613-8606-ab1553ad5e82
650d8c17-1114-4c64-9109-bb4a9e413d95,VN,VN-45,locality,,land,Xã Tân Phú Đông,,True,True,106.63729858398438,10.194659233093262,106.78089904785156,10.29594898223877,2dd95a96-63de-49e9-a1a3-8adebbbff87e
d9c83d10-31f0-4e59-9d96-b3816fa0ff42,VN,VN-45,locality,,land,Xã Tân Phước 2,,True,True,106.08967590332031,10.47374153137207,106.18708038330078,10.579846382141113,f8101e81-3957-41a5-ab1f-41c6b3e6891d
da36118b-8049-47f0-8629-5be57c42630b,VN,VN-45,locality,,land,Xã Phương Thịnh,,True,True,105.63594055175781,10.545754432678223,105.76454162597656,10.710424423217773,47a24606-6608-4369-aec4-ee9ee8be59f2
245c1143-2b58-47c7-97ff-7c5d729ddc0d,VN,VN-25,locality,,land,Xã Trung Thuần,"[[""en"", ""Trung Thuần Commune""], [""vi"", ""Xã Trung Thuần""]]",True,True,106.26111602783203,17.787771224975586,106.41931915283203,17.89719581604004,b211d7da-5b58-415e-95c3-68cf9f5d205e
cf7f5cc9-5a35-4840-a003-1b5b6b61fea7,VN,VN-22,locality,,land,Xã Nghĩa Mai,"[[""en"", ""Nghĩa Mai Commune""], [""vi"", ""Xã Nghĩa Mai""]]",True,True,105.29348754882812,19.34808349609375,105.45075225830078,19.538015365600586,ed38ab9e-74d8-47ce-abfa-efa2524b7269
1b5b60cf-1165-4cc8-b2c4-cc64e3321a2c,VN,VN-SG,microhood,,land,U,,True,True,106.63186645507812,10.740318298339844,106.63251495361328,10.74135684967041,50bd45a4-7d37-42d1-afae-21e8f1bcb5cc
02eeca5d-59e8-43c9-b847-76e398ec341a,VN,VN-29,locality,,land,Xã Đăk Tờ Kan,,True,True,107.80643463134766,14.781494140625,107.94100189208984,14.92740535736084,28c02c74-e34a-4ebe-8ad2-67c2a8c14b91
38494978-85aa-4392-bee2-ffbaf135aef4,VN,VN-DN,locality,,land,Xã Thạnh Mỹ,"[[""en"", ""Thạnh Mỹ Commune""], [""vi"", ""Xã Thạnh Mỹ""]]",True,True,107.65131378173828,15.682684898376465,107.88796997070312,15.828911781311035,29303fd2-d16d-4b7f-8a97-1c8089bc82c3
ce40af37-b484-47f0-a7a8-770a39319800,VN,VN-22,locality,,land,Phường Vinh Phú,"[[""en"", ""Vinh Phú Ward""], [""vi"", ""Phường Vinh Phú""]]",True,True,105.66682434082031,18.684101104736328,105.72358703613281,18.75999641418457,fb9bcf9a-19c6-475c-ba6e-a5a14a5be9ea
45e552fa-6fe7-423c-875b-fdc55aed52cc,VN,VN-25,locality,,land,Xã Vĩnh Định,"[[""vi-Hani"", ""社永定""], [""vi"", ""Xã Vĩnh Định""], [""zh-Hans"", ""永定社""], [""lzh"", ""永定社""], [""zh-Hant"", ""永定社""], [""en"", ""Vĩnh Định Commune""], [""zh"", ""永定社""]]",True,True,107.19368743896484,16.71503257751465,107.34484100341797,16.795454025268555,4dcd2ad8-0597-4afd-8e6e-975e8625bfca
ca75ed5b-9ec4-4c3e-a279-44bebf8c20f9,VN,VN-37,locality,,land,Xã Bình Hiệp,,True,True,105.87532806396484,10.768983840942383,106.0365219116211,10.916741371154785,f62a608c-d6d8-454a-9ed3-8d4da882858f
111a0861-703b-487f-a66b-1b5c6a53d30f,VN,VN-SG,locality,,land,Phường Bàn Cờ,,True,True,106.67442321777344,10.76543140411377,106.68946075439453,10.776703834533691,d3d5600b-fc35-4e33-afaa-9ba59652d716
5a3fdf3c-89b4-47a1-9d35-aed6f08ca5ad,VN,VN-59,locality,,land,Xã Năm Căn,,True,True,104.98932647705078,8.754131317138672,105.07659912109375,8.872495651245117,9165f16e-9a2b-4d0d-a0c3-a55e8ecaff12
faf9fead-83ed-42f2-bc96-3789c61a6a77,VN,VN-18,locality,,land,Xã Phong Doanh,"[[""en"", ""Phong Doanh Commune""], [""vi"", ""Xã Phong Doanh""]]",True,True,105.92375946044922,20.319211959838867,105.99915313720703,20.40041160583496,4b95b18d-385d-43b0-91ec-093f5abff810
c7d6b481-28a6-4974-ba31-0902428f956e,VN,VN-37,locality,,land,Xã Tân Đông,,True,True,106.11090087890625,11.629539489746094,106.29954528808594,11.750280380249023,5f23495b-eba0-43f2-95e2-81275b3d07dc
bad68fa7-8779-41f5-af4b-23277482f324,VN,VN-25,locality,,land,Xã Tuyên Bình,"[[""vi-Hani"", ""社宣平""], [""vi"", ""Xã Tuyên Bình""], [""zh-Hans"", ""宣平社""], [""lzh"", ""宣平社""], [""zh-Hant"", ""宣平社""], [""en"", ""Tuyên Bình Commune""], [""zh"", ""宣平社""]]",True,True,106.14208984375,17.799510955810547,106.28345489501953,17.93033218383789,03252962-b997-494a-ac7a-0afa00c84218
398fbd58-00fa-497a-a80b-8c07c78aa5fd,VN,VN-45,locality,,land,Xã Đồng Sơn,,True,True,106.51947784423828,10.356637954711914,106.60993194580078,10.433576583862305,2377f09d-4de8-4f55-b8f7-d2ce5d6b8b35
bef1ca9e-a2e4-4956-ab8f-3b8dda27b49e,VN,VN-37,locality,,land,Xã Phước Vĩnh Tây,,True,True,106.62932586669922,10.511625289916992,106.70877075195312,10.59196662902832,2f42b350-7dd7-4967-b8e3-4b82ea5f05e1
4878a149-5da8-41b7-bf49-2671296948d3,VN,VN-SG,locality,,land,Xã Hòa Hiệp,,True,True,107.44802856445312,10.644397735595703,107.54998016357422,10.771597862243652,15ec9c39-303b-4c2f-b4b3-11f611768e67
04bdf946-caee-4df2-aab9-648b7aa80956,VN,VN-22,locality,,land,Xã Nhôn Mai,"[[""en"", ""Nhôn Mai Commune""], [""vi"", ""Xã Nhôn Mai""]]",True,True,104.3819351196289,19.468252182006836,104.63477325439453,19.65970230102539,088d7bd3-ea19-4ea3-8629-a0f26f72a92d
48754f71-6c5d-48fb-9aa5-43a0b3248f9c,VN,VN-39,locality,,land,Phường An Lộc,,True,True,106.49567413330078,11.650656700134277,106.646728515625,11.740642547607422,394dd40a-fd12-45e2-80ca-bd6d33eeb803
02043ff8-ac31-41a6-92ce-7d7ff98485c6,VN,VN-DN,locality,,land,Xã Khâm Đức,"[[""en"", ""Khâm Đức Commune""], [""vi"", ""Xã Khâm Đức""]]",True,True,107.6945571899414,15.42081356048584,107.84402465820312,15.580999374389648,ce8e7c8e-f4d6-46bb-8ff8-34ec31e68a96
5da7e1bd-5a7c-4406-8188-a216e8fc3580,VN,VN-25,locality,,land,Xã Nam Hải Lăng,"[[""vi-Hani"", ""社南海陵""], [""vi"", ""Xã Nam Hải Lăng""], [""zh-Hans"", ""南海陵社""], [""lzh"", ""南海陵社""], [""zh-Hant"", ""南海陵社""], [""en"", ""Nam Hải Lăng Commune""], [""zh"", ""南海陵社""]]",True,True,107.1407241821289,16.565689086914062,107.34864044189453,16.70551872253418,b4526021-1998-4bb0-a7ec-46fa93792c38
619debdc-54f7-41e6-af30-b683d72c5790,VN,VN-45,locality,,land,Xã An Thạnh Thủy,,True,True,106.46636962890625,10.321407318115234,106.54991149902344,10.413734436035156,c3184025-88ec-4428-bf7c-a728e2ea6017
98394e2e-f3c9-4217-86df-3ee1b9ca0bf5,VN,VN-18,locality,,land,Xã Hải Quang,"[[""en"", ""Hải Quang Commune""], [""de"", ""Gemeinde Hải Quang""], [""vi"", ""Xã Hải Quang""]]",True,True,106.27904510498047,20.128089904785156,106.35643005371094,20.180524826049805,d108b805-4e04-4082-9084-87b7f588ea74
91892417-7fe7-4be5-b0c7-f1ec45018f19,VN,,country,0,land,Việt Nam,"[[""hy"", ""Վիետնամ""], [""pcd"", ""Vietnam""], [""se"", ""Vietnam""], [""ku"", ""Viyetnam""], [""rue"", ""Вєтнам""], [""crh"", ""Vyetnam""], [""ss"", ""IViyethina""], [""st"", ""Vietnam""], [""bs"", ""Vijetnam""], [""vls"", ""Vietnam""], [""stq"", ""Vietnam""], [""kaa"", ""Vietnam""], [""ba"", ""Вьетнам""], [""als"", ""Vietnam""], [""pfl"", ""Vietnam""], [""lb"", ""Vietnam""], [""hr"", ""Vijetnam""], [""ta"", ""வியட்நாம்""], [""ka"", ""ვიეტნამი""], [""ar"", ""فيتنام""], [""nov"", ""Vietnam""], [""yue"", ""越南""], [""fr"", ""Viêt Nam""], [""lfn"", ""Vietnam""], [""is"", ""Víetnam""], [""nah"", ""Vietnam""], [""ug"", ""ۋيېتنام""], [""lv"", ""Vjetnama""], [""eu"", ""Vietnam""], [""mdf"", ""Виетнам""], [""kl"", ""Vietnam""], [""rn"", ""Vietnam""], [""vep"", ""Vjetnam""], [""am"", ""ቬት ናም""], [""hif"", ""Vietnam""], [""mt"", ""Vjetnam""], [""nso"", ""Vietnam""], [""krc"", ""Вьетнам""], [""bn"", ""ভিয়েতনাম""], [""rw"", ""Viyetinamu""], [""av"", ""Вьетнам""], [""uz"", ""Vyetnam""], [""csb"", ""Wietnam""], [""mzn"", ""ویتنام""], [""uk"", ""В'єтнам""], [""szl"", ""Wietnam""], [""si"", ""වියට්නාමය""], [""li"", ""Vietnam""], [""dsb"", ""Vietnam""], [""ky"", ""Вьетнам""], [""ksh"", ""Vietnam""], [""pa"", ""ਵੀਅਤਨਾਮ""], [""ga"", ""Vítneam""], [""gan"", ""越南""], [""ceb"", ""Vietnam""], [""br"", ""Viêt Nam""], [""lmo"", ""Vietnam""], [""sms"", ""Vietnaam""], [""tt"", ""Вьетнам""], [""war"", ""Vietnam""], [""so"", ""Fiyetnam""], [""pt-PT"", ""Vietname""], [""mwl"", ""Bietname""], [""pt"", ""Vietname""], [""zh-Latn-pinyin"", ""Yuènán""], [""tpi"", ""Vietnam""], [""cs"", ""Vietnam""], [""roa-tara"", ""Vietnam""], [""kv"", ""Вьетнам""], [""zu"", ""IViyetnami""], [""smn"", ""Vietnam""], [""lo"", ""ປະເທດຫວຽດນາມ""], [""gl"", ""Vietnam""], [""gn"", ""Vietnam""], [""roa-rup"", ""Vietnam""], [""nds"", ""Vietnam""], [""om"", ""Veetinaam""], [""el"", ""Βιετνάμ""], [""it"", ""Vietnam""], [""map-bms"", ""Vietnam""], [""sc"", ""Vietnam""], [""su"", ""Viétnam""], [""ca"", ""Vietnam""], [""pt-BR"", ""Vietnã""], [""vi-Hani"", ""越南""], [""os"", ""Вьетнам""], [""vi"", ""Việt Nam""], [""srn"", ""Vi-etnam""], [""la"", ""Vietnamia""], [""ltg"", ""Vjetnams""], [""tg"", ""Ветнам""], [""mg"", ""Vietnam""], [""as"", ""ভিয়েটনাম""], [""yo"", ""Fiẹtnám""], [""tzl"", ""Vietnam""], [""dv"", ""ވިއެޓުނާމު""], [""pdc"", ""Vietnam""], [""tl"", ""Vietnam""], [""nl"", ""Vietnam""], [""tum"", ""Vietnam""], [""zh-Hans"", ""越南""], [""bg"", ""Виетнам""], [""gv"", ""Yn Vietnam""], [""bi"", ""Vietnam""], [""bxr"", ""Вьетнам""], [""nap"", ""Vietnam""], [""ckb"", ""ڤیێتنام""], [""ko"", ""베트남""], [""rm"", ""Vietnam""], [""or"", ""ଭିଏତନାମ""], [""eo"", ""Vjetnamio""], [""tk"", ""Wýetnam""], [""mk"", ""Виетнам""], [""cdo"", ""Yue Nam""], [""mtq"", ""Viêt Nam""], [""dz"", ""བེཊ་ནཱམ""], [""oc"", ""Vietnam""], [""haw"", ""Wiekanama""], [""et"", ""Vietnam""], [""nrm"", ""Vietnam""], [""af"", ""Viëtnam""], [""gag"", ""Vyetnam""], [""de"", ""Vietnam""], [""bm"", ""Vietnam""], [""xh"", ""Vietnam""], [""cbk-zam"", ""Vietnam""], [""ps"", ""وېتنام""], [""scn"", ""Vietnam""], [""ch"", ""Vietnam""], [""yi"", ""וויעטנאם""], [""za-Hani"", ""越南""], [""ha"", ""Biyetinam""], [""kok"", ""व्हिएतनाम""], [""cy"", ""Fietnam""], [""ki"", ""Vietnam""], [""chy"", ""Vietnam""], [""sn"", ""Vietnam""], [""ace"", ""Viètnam""], [""to"", ""Vietinemi""], [""bjn"", ""Vietnam""], [""pap"", ""Vietnam""], [""ig"", ""Vietnam""], [""frr"", ""Vietnam""], [""be-Latn-tarask"", ""Віетнам""], [""diq"", ""Vietnam""], [""iu"", ""Piinnama""], [""vlca"", ""Vietnam""], [""cv"", ""Вьетнам""], [""ur"", ""ویتنام""], [""pam"", ""Vietnam""], [""nan"", ""Oa̍t-lâm""], [""fy"", ""Fjetnam""], [""ln"", ""Vietnami""], [""jv"", ""Viètnam""], [""bat-smg"", ""Vietnams""], [""jbo"", ""gugdrvietnama""], [""ru"", ""Вьетнам""], [""ht"", ""Vyetnam""], [""vro"", ""Vietnam""], [""kw"", ""Vietnam""], [""ml"", ""വിയറ്റ്നാം""], [""th"", ""ประเทศเวียดนาม""], [""id"", ""Vietnam""], [""zea"", ""Vietnam""], [""ce"", ""Вьетнам""], [""pnb"", ""ویتنام""], [""sq"", ""Vietnami""], [""ia"", ""Vietnam""], [""arz"", ""فييتنام""], [""lzh"", ""越南""], [""pag"", ""Vietnam""], [""sr-Latn"", ""Vijetnam""], [""sv"", ""Vietnam""], [""udm"", ""Вьетнам""], [""tr"", ""Vietnam""], [""da"", ""Vietnam""], [""my"", ""ဗီယက်နမ်နိုင်ငံ""], [""sg"", ""Vietnäm""], [""chr"", ""ᏫᎡᏘᎾᎻ""], [""sr-Cyrl"", ""Вијетнам""], [""wo"", ""Wiyetnaam""], [""nds-nl"", ""Vietnam""], [""lg"", ""Vyetinaamu""], [""bug"", ""Vietnam""], [""xal"", ""Вьетдин Орн""], [""fil"", ""Vietnam""], [""ve"", ""Viëtnam""], [""zh-Hant"", ""越南""], [""pih"", ""Wiyetnaam""], [""sm"", ""Vietnam""], [""en"", ""Vietnam""], [""gu"", ""વિયેતનામ""], [""tn"", ""Vietnamo""], [""he"", ""וייטנאם""], [""sah"", ""Вьетнам""], [""tet"", ""Vietname""], [""ilo"", ""Bietnam""], [""kn"", ""ವಿಯೆಟ್ನಾಮ್""], [""quz"", ""Witnam""], [""tok"", ""ma Wije""], [""gd"", ""Bhiet-Nam""], [""sk"", ""Vietnam""], [""lez"", ""Вьетнам""], [""fur"", ""Vietnam""], [""bar"", ""Vietnam""], [""na"", ""Bitinam""], [""lad"", ""Vietnam""], [""frp"", ""Viêt Nam""], [""az"", ""Vyetnam""], [""wa"", ""Vietnam""], [""lij"", ""Vietnam""], [""es"", ""Vietnam""], [""ak"", ""Vietnam""], [""fo"", ""Vjetnam""], [""hi"", ""वियतनाम""], [""vo"", ""Vietnamän""], [""tw"", ""Vietnam""], [""bcl"", ""Bietnam""], [""te"", ""వియత్నాం""], [""mr"", ""व्हियेतनाम""], [""bpy"", ""ভিয়েতনাম""], [""ie"", ""Viet-Nam""], [""ext"", ""Vietnam""], [""an"", ""Vietnam""], [""sco"", ""Vietnam""], [""nn"", ""Vietnam""], [""io"", ""Vietnam""], [""sw"", ""Vietnam""], [""be"", ""В'етнам""], [""qu"", ""Witnam""], [""sd"", ""ويٽنام""], [""ang"", ""Fietnam""], [""mi"", ""Witināma""], [""kab"", ""Vietnam""], [""hsb"", ""Vietnam""], [""ja"", ""ベトナム""], [""sa"", ""चम्पादेश""], [""ast"", ""Vietnam""], [""za"", ""Yiednamz""], [""fi"", ""Vietnam""], [""bo"", ""ཝི་ཏི་ནམ།""], [""kbd"", ""Виетнам""], [""ro"", ""Vietnam""], [""eml"", ""Vietnam""], [""kg"", ""Vietnam""], [""ne"", ""भियतनाम""], [""ee"", ""Vietnam""], [""mhr"", ""Вьетнам""], [""ff"", ""Vietnam""], [""lt"", ""Vietnamas""], [""no"", ""Vietnam""], [""wuu"", ""越南""], [""vec"", ""Vietnam""], [""km"", ""វៀតណាម""], [""kk"", ""Вьетнам""], [""sl"", ""Vietnam""], [""pms"", ""Vietnam""], [""ik"", ""Vietnam""], [""ay"", ""Vietnam""], [""ti"", ""ቬትናም""], [""hak"", ""Ye̍t-nàm""], [""fa"", ""ویتنام""], [""mn"", ""Вьетнам""], [""pnt"", ""Βιετνάμ""], [""zh"", ""越南""], [""ms"", ""Vietnam""], [""hu"", ""Vietnám""], [""nv"", ""Biʼednam""], [""pl"", ""Wietnam""], [""ks"", ""ویٹِنام""], [""sh"", ""Vijetnam""]]",True,False,102.14385223388672,8.413126945495605,109.46162414550781,23.39269256591797,4d3bdd09-c750-4cb5-8330-920f89eee5c9
0e9ef442-b3ac-41c4-bee4-c882598b7e6e,VN,VN-CT,locality,,land,Phường Long Mỹ,,True,True,105.54692077636719,9.6508207321167,105.66558074951172,9.72740364074707,ebe2cdfb-0648-4caf-8ae0-4bfd6e1cb0b6
cca97048-833e-412c-8864-424c454bd0aa,VN,VN-SG,locality,,land,Phường Đông Hòa,,True,True,106.76876831054688,10.86721134185791,106.84014129638672,10.92077922821045,bbc05f12-4f8f-4150-97a5-f01d3a33e801
5532a7d8-5946-4ce3-96e8-c4fd36357e41,VN,VN-25,locality,,land,Xã Quảng Trạch,"[[""vi-Hani"", ""社廣澤""], [""vi"", ""Xã Quảng Trạch""], [""zh-Hans"", ""广泽社""], [""lzh"", ""廣澤社""], [""zh-Hant"", ""廣澤社""], [""en"", ""Quảng Trạch Commune""], [""zh"", ""廣澤社""]]",True,True,106.33528900146484,17.76416778564453,106.45877838134766,17.860471725463867,6d6a329d-474d-40d0-ad60-e2bcab62d0ca
990fdf8c-c3a4-462d-bbc8-8b7ec571defc,VN,VN-49,region,1,land,Tỉnh Vĩnh Long,"[[""bs"", ""Provincija Vinh Long""], [""hr"", ""Provincija Vinh Long""], [""ar"", ""محافظة فين لونغ""], [""fr"", ""Province de Vĩnh Long""], [""lv"", ""Viņlonas province""], [""uk"", ""Віньлонг""], [""pt-PT"", ""Província de Vinh Long""], [""pt"", ""Vinh Long""], [""cs"", ""Provincie Vĩnh Long""], [""el"", ""Επαρχία Βινχ Λονγκ""], [""it"", ""Provincia di Vinh Long""], [""ca"", ""Província de Vinh Long""], [""pt-BR"", ""Província de Vinh Long""], [""vi-Hani"", ""省永隆""], [""vi"", ""Tỉnh Vĩnh Long""], [""tg"", ""Вилояти Вин Лонг""], [""nl"", ""Vĩnh Long""], [""zh-Hans"", ""永隆省""], [""bg"", ""Вин Лонг""], [""ko"", ""빈롱성""], [""et"", ""Vinh Longi provints""], [""de"", ""Vĩnh Long""], [""ur"", ""وینہ لونگ صوبہ""], [""ru"", ""Виньлонг""], [""th"", ""จังหวัดวินห์ลอง""], [""id"", ""Provinsi Vinh Long""], [""sr-Latn"", ""Vin Long oblast""], [""sv"", ""Vinh Long""], [""tr"", ""Eyaleti Vĩnh Long""], [""da"", ""Vĩnh Long-provinsen""], [""sr-Cyrl"", ""Вињ Лонг""], [""zh-Hant"", ""永隆省""], [""en"", ""Vĩnh Long Province""], [""he"", ""מחוז וין לונג""], [""sk"", ""Provincia Vinh Long""], [""es"", ""Vĩnh Long""], [""sw"", ""Mkoa wa Vĩnh Long""], [""ja"", ""ヴィンロン""], [""fi"", ""Vĩnh Long""], [""ro"", ""Vĩnh Long""], [""lt"", ""Vinlongo provincija""], [""no"", ""Vĩnh Long-provinsen""], [""km"", ""ខេត្តលង់ហោរ""], [""sl"", ""Provinca Vinh Long""], [""fa"", ""استان وین‌لونگ""], [""zh"", ""永隆省""], [""ms"", ""Provinsi Vĩnh Long""], [""hu"", ""Vinh Long tartomány""], [""pl"", ""Prowincja Vĩnh Long""]]",True,False,105.68186950683594,9.527887344360352,106.79105377197266,10.340333938598633,d201c274-656f-4f06-ab72-17375ef83dba
b02df6c6-4c36-4dbf-9488-6b32a1db36f9,VN,VN-18,locality,,land,Phường Hoa Lư,"[[""vi"", ""Phường Hoa Lư""], [""zh-Hans"", ""华闾坊""], [""zh-Hant"", ""華閭坊""], [""en"", ""Hoa Lư Ward""], [""zh"", ""华闾坊""]]",True,True,105.90129089355469,20.22321128845215,106.01026153564453,20.31110954284668,c1e6ee30-58d3-4a63-b9c9-9a04b8e47a17
def2c275-6470-4b94-9356-6b16a80e94ba,VN,VN-49,locality,,land,Xã Thạnh Phong,,True,True,106.57373046875,9.793328285217285,106.65447998046875,9.917343139648438,f785899b-b280-4bad-9a3c-6965beee0dee
186324aa-216d-4735-b8c2-36805e36d548,VN,VN-21,locality,,land,Xã Điền Lư,"[[""en"", ""Điền Lư Commune""], [""vi"", ""Xã Điền Lư""]]",True,True,105.22175598144531,20.256664276123047,105.34596252441406,20.368000030517578,79d7b096-7b83-4ab1-8157-1ef5326f3bba
3e9708a1-203f-4e8a-a3c5-db81821976c2,VN,VN-35,locality,,land,Xã Trà Tân,,True,True,107.39419555664062,11.006622314453125,107.58168029785156,11.108305931091309,91cc2c56-adfc-4caa-8bef-8b06d9b12816
97053891-aa76-4c37-8934-35c483ebd335,VN,VN-25,locality,,land,Xã Trường Phú,"[[""vi-Hani"", ""社長富""], [""vi"", ""Xã Trường Phú""], [""zh-Hans"", ""长富社""], [""lzh"", ""長富社""], [""zh-Hant"", ""長富社""], [""en"", ""Trường Phú Commune""], [""zh"", ""長富社""]]",True,True,106.6985855102539,17.11292266845703,106.83483123779297,17.221038818359375,7eb71ae9-6625-40eb-a736-49be386212af
dde16b3c-f18f-4b8b-960f-7480d05c7dc8,VN,VN-SG,locality,,land,Phường Bình Quới,,True,True,106.71434020996094,10.808293342590332,106.75140380859375,10.835553169250488,500c45dd-9271-46c8-8ff6-5e6f84a85495
97290039-32e4-4171-9ca8-0a2d1721316a,VN,VN-22,locality,,land,Xã Quỳnh Lưu,"[[""en"", ""Quỳnh Lưu Commune""], [""vi"", ""Xã Quỳnh Lưu""]]",True,True,105.57656860351562,19.097736358642578,105.6737060546875,19.179454803466797,1bbe24f3-4325-47cd-b511-11eab91669f0
63604dd2-1b61-4dd0-b892-8edc96513584,VN,VN-18,microhood,,land,Quảng trường Trường Chinh,,True,True,106.3311767578125,20.29181480407715,106.33402252197266,20.292818069458008,fa797ef2-e3c7-4150-9cbc-2f3cefa949c6
1bb60076-69e3-44bd-8721-6b91c4066aa1,VN,VN-21,locality,,land,Xã Tân Ninh,"[[""en"", ""Tân Ninh Commune""], [""vi"", ""Xã Tân Ninh""]]",True,True,105.56366729736328,19.71214485168457,105.65843963623047,19.80042839050293,cacc210a-1217-493f-8093-b7b8a23c4427
a993c17a-3557-44d7-be64-39795932b1bf,VN,VN-CT,locality,,land,Xã Tân Phước Hưng,,True,True,105.73587036132812,9.69788646697998,105.84451293945312,9.795604705810547,087e887e-1402-4125-b5e0-4cb0381095b1
7b71ad82-44e9-426d-a25c-22ae22400830,VN,VN-22,locality,,land,Xã Kim Liên,"[[""en"", ""Kim Liên Commune""], [""vi"", ""Xã Kim Liên""]]",True,True,105.51254272460938,18.628414154052734,105.60887908935547,18.716625213623047,47fb4ad3-c4d3-427a-a1ab-3ee676875db2
5e9b953f-c93b-4a68-bcd2-666c4c526e6c,VN,VN-37,locality,,land,Xã Mỹ An,,True,True,106.28607177734375,10.543351173400879,106.38374328613281,10.616312980651855,b31f43d7-2acd-4ac1-94c3-557bf66f2f85
31f6e114-dcf2-40a2-8c7a-946b31c0fba4,VN,VN-SG,locality,,land,Phường Chợ Lớn,,True,True,106.6505126953125,10.746140480041504,106.66704559326172,10.759238243103027,5a3ddad7-7e3a-4506-9e61-851293437db4
cee9dd45-18ce-4fc4-bf46-189a9b2a4603,VN,VN-49,locality,,land,Xã Cầu Kè,,True,True,106.04421997070312,9.822434425354004,106.13606262207031,9.920588493347168,8b77a5d7-8bf6-4087-b33c-1eb48be884f1
f52ed1fb-65ef-4be6-a697-1971d237ab15,VN,VN-DN,locality,,land,Xã Bến Giằng,"[[""en"", ""Bến Giằng Commune""], [""vi"", ""Xã Bến Giằng""]]",True,True,107.52478790283203,15.556633949279785,107.88545227050781,15.777267456054688,a289e538-04b1-4ed9-a658-73241fbc83b2
87a625ed-c1b3-41ab-a271-2a1abb74d569,VN,VN-44,locality,,land,Xã Vĩnh Tuy,"[[""zh-Hant"", ""永綏社""], [""fa"", ""قصبه وین‌توی""], [""zh-Hans"", ""永绥社""], [""zh"", ""永綏社""]]",True,True,105.23470306396484,9.587699890136719,105.40703582763672,9.72978401184082,0a74f135-d0d6-409d-8188-f97a3ff98f19
37778864-b989-48bf-bd85-b13f33081297,VN,VN-25,locality,,land,Phường Đông Hà,"[[""fr"", ""Dông Hà""], [""uk"", ""Донгха""], [""pt"", ""Dong Ha""], [""cs"", ""Đông Hà""], [""gl"", ""Dong Ha""], [""vi-Hani"", ""坊東河""], [""vi"", ""Phường Đông Hà""], [""nl"", ""Đông Hà""], [""zh-Hans"", ""东河坊""], [""ko"", ""동하""], [""ur"", ""دونگ ہا""], [""ru"", ""Донгха""], [""th"", ""ดงห่า""], [""lzh"", ""東河坊""], [""sv"", ""Dong Ha""], [""da"", ""Đông Hà""], [""sr-Cyrl"", ""Донг Ха""], [""zh-Hant"", ""東河坊""], [""en"", ""Đông Hà Ward""], [""ja"", ""ドンハ""], [""fa"", ""دونگها""], [""zh"", ""東河坊""]]",True,True,107.02812957763672,16.743650436401367,107.12594604492188,16.862060546875,4c50c067-3db9-4f19-813c-7cdcfefbc537
da25b626-3909-452a-98e7-96bf54fac5ae,VN,VN-45,locality,,land,Xã Bình Trưng,,True,True,106.17884063720703,10.358102798461914,106.24658203125,10.454309463500977,c606adbd-5969-4c46-abc2-869fcbff996f
c0e3ba14-323e-4926-b6f2-050dfd0aef6f,VN,VN-37,locality,,land,Xã Vĩnh Thạnh,,True,True,105.59099578857422,10.772647857666016,105.7596206665039,10.91467571258545,74b3b245-3de5-406c-b7af-1345215b9d71
4b7e5103-f2c4-4ccf-9b17-53d0ca9db0c0,VN,VN-26,locality,,land,Phường Phong Quảng,"[[""vi-Hani"", ""坊豐廣""], [""vi"", ""Phường Phong Quảng""], [""zh-Hans"", ""丰广坊""], [""lzh"", ""豐廣坊""], [""zh-Hant"", ""豐廣坊""], [""en"", ""Phong Quảng Ward""], [""zh"", ""豐廣坊""]]",True,True,107.45353698730469,16.58648109436035,107.57097625732422,16.68350601196289,325a73e4-82f6-4835-a71f-8e2d8e083f0e
d07c6e1b-e649-4538-8e7b-e132940ab8f2,VN,VN-29,locality,,land,Phường Đăk Cấm,,True,True,107.9595947265625,14.362215995788574,108.08274841308594,14.453739166259766,a7c1d1a8-4f79-4952-af05-8ed7ec33516c
650facfb-811f-4a64-8ad7-f1160a734d4f,VN,VN-26,locality,,land,Phường Thuận An,"[[""vi-Hani"", ""坊順安""], [""vi"", ""Phường Thuận An""], [""zh-Hans"", ""顺安坊""], [""ko"", ""투언안""], [""lzh"", ""順安坊""], [""zh-Hant"", ""順安坊""], [""en"", ""Thuận An Ward""], [""zh"", ""順安坊""]]",True,True,107.56417846679688,16.514896392822266,107.7096939086914,16.603679656982422,5fdb1516-9890-42a0-93fc-de0c98d60bb1
2d716a6f-b0d0-479a-9940-0e8aa0e55b42,VN,VN-DN,locality,,land,Xã Nông Sơn,"[[""en"", ""Nông Sơn Commune""], [""vi"", ""Xã Nông Sơn""]]",True,True,108.00646209716797,15.63984489440918,108.16792297363281,15.764928817749023,2742a432-9cba-451d-bf04-7f5096b01203
b049b8ce-36f4-4e26-88c2-abf0fe4efaac,VN,VN-SG,locality,,land,Xã Long Hòa,,True,True,106.44751739501953,11.226561546325684,106.57652282714844,11.428441047668457,829c7b72-382d-4062-9624-ac309650d742
d0543d71-106e-4a21-b7f0-b4d8f5eea578,VN,VN-SG,locality,,land,Phường Bình Cơ,,True,True,106.71247863769531,11.08773136138916,106.83811950683594,11.2174654006958,31b9e455-e10d-4cea-a255-281725dbdf11
4bc3e071-f008-46c3-8c6c-4f497e9facd8,VN,VN-CT,locality,,land,Xã Tân Thạnh,,True,True,106.0145034790039,9.578449249267578,106.10791778564453,9.673772811889648,c522af67-2e3a-4186-a232-216e28c8fef0
a48e3556-3f45-4b01-99e4-748369f7d291,VN,VN-CT,locality,,land,Xã Thạnh Hòa,,True,True,105.66512298583984,9.824040412902832,105.79073333740234,9.922783851623535,7c7bcf18-a378-44aa-aa6f-c28fe090b4eb
db176aa5-3cbf-49f5-aa98-a4f54c554a11,VN,VN-SG,locality,,land,Phường Thạnh Mỹ Tây,,True,True,106.70637512207031,10.78533935546875,106.72726440429688,10.814355850219727,70384e59-5b59-418b-8d75-9438db9b660d
ba484bc8-ffbc-447b-9160-bb8adfa75eb2,VN,VN-59,locality,,land,Xã Phan Ngọc Hiển,,True,True,104.87849426269531,8.574989318847656,105.13717651367188,8.749248504638672,1a69fc6e-a5a4-4acd-bad2-99ef3b764f49
1b4136ab-0a1a-47f1-9895-41b87542c616,VN,VN-SG,microhood,,land,L,,True,True,106.63041687011719,10.748764991760254,106.63196563720703,10.749284744262695,926253e8-bf43-42de-b2ce-d03ba0071532
a635334d-fcd7-4a7d-a092-5d56e06ad8c9,VN,VN-49,locality,,land,Phường Duyên Hải,,True,True,106.43980407714844,9.571560859680176,106.5434799194336,9.677958488464355,1e45b593-5481-493f-acdc-4d9b45a8041e
2da0f08e-b953-4224-a047-59ce9126dbf9,VN,VN-39,locality,,land,Xã Xuân Định,,True,True,107.23802947998047,10.839890480041504,107.33799743652344,10.91807746887207,0fa97e87-7df5-4075-ba88-99bc0a26984e
8ef52e74-e6d4-4095-90e0-ef9f55a9b690,VN,VN-23,locality,,land,Xã Hương Bình,"[[""en"", ""Hương Bình Commune""], [""vi"", ""Xã Hương Bình""]]",True,True,105.45155334472656,18.17594337463379,105.68004608154297,18.31391143798828,1cf19f40-1d64-44b5-8b68-24017abadb9e
79e21421-1cdf-40e8-9300-a78f586e9433,VN,VN-45,locality,,land,Xã Hội Cư,,True,True,105.97297668457031,10.35658073425293,106.04679107666016,10.459375381469727,613862fa-7dd4-4c75-b0d6-f805730b1ddf
bb7e0185-9a25-48c0-9e24-7cde3e8d5fa0,VN,VN-49,locality,,land,Xã Lưu Nghiệp Anh,,True,True,106.13426208496094,9.673157691955566,106.24229431152344,9.752151489257812,cb005caa-35a7-4d0c-bc37-1a110872bb51
02709596-5523-4a42-ba6d-f24db8b3691e,VN,VN-49,locality,,land,Phường Thanh Đức,,True,True,105.97208404541016,10.223601341247559,106.02864074707031,10.264588356018066,69c0643b-3d4b-44dd-b610-0a063c3b662c
8da36d80-bb8c-4934-a2e2-c97f2905b469,VN,VN-18,locality,,land,Xã Gia Phong,"[[""en"", ""Gia Phong Commune""], [""vi"", ""Xã Gia Phong""]]",True,True,105.800048828125,20.272579193115234,105.8486557006836,20.328189849853516,e7fd092b-142c-42d6-9e4f-f8c820d49f83
73e7e00e-0785-4981-beb7-57737dac9be5,VN,VN-66,locality,,land,Xã Tây Thái Ninh,"[[""en"", ""Tây Thái Ninh Commune""], [""vi"", ""Xã Tây Thái Ninh""]]",True,True,106.43035125732422,20.48569107055664,106.47933959960938,20.54078483581543,fe6daa74-1b94-41bd-98ac-9e0776619171
363bf74e-5527-45a7-a23f-53b1a7eb8d08,VN,VN-59,locality,,land,Xã Gành Hào,"[[""zh-Hant"", ""䃄蠔社""], [""zh-Hans"", ""䃄蠔社""], [""zh"", ""䃄蠔社""]]",True,True,105.39302825927734,9.01716136932373,105.48139190673828,9.148621559143066,dfd163c6-ada4-4b8c-952a-7304e3547a7d
5dc4a515-a07d-4d38-9dce-5b0e0ff1bc05,VN,VN-44,locality,,land,Xã Óc Eo,"[[""zh-Hant"", ""澳蓋社""], [""fa"", ""قصبه اوک‌ائو""], [""zh-Hans"", ""澳盖社""], [""zh"", ""澳蓋社""]]",True,True,105.0953140258789,10.218607902526855,105.21598815917969,10.306108474731445,e0d53785-5713-467f-80de-6217eb2e5939
433c61fe-c6f7-4a20-a813-58f74f9dd318,VN,VN-SG,locality,,land,Xã Long Điền,,True,True,107.17495727539062,10.42208480834961,107.25789642333984,10.515082359313965,0e980af3-94c3-4b25-8268-47e1c137eff8
999bc845-30b4-44e5-967b-e1c00cb1ad36,VN,VN-39,locality,,land,Xã An Viễn,,True,True,106.97176361083984,10.859130859375,107.0477294921875,10.956872940063477,e7bc8355-2f1b-4395-a278-ebf37b88a597
535649f6-00d5-4eb6-84ea-d2728f81eabe,VN,VN-CT,locality,,land,Xã Mỹ Phước,,True,True,105.67448425292969,9.535572052001953,105.78543853759766,9.646068572998047,598bfa26-ba35-4cc8-9d36-26dabf032656
5e33850a-1388-4a99-91a3-31e5d43e5f32,VN,VN-CT,locality,,land,Phường Long Tuyền,,True,True,105.70403289794922,10.006266593933105,105.75580596923828,10.08316421508789,df76cfab-ed15-43a3-b8c6-7543bbf6ef46
f457fc5f-6841-420b-abd6-7f0072b3da2a,VN,VN-23,locality,,land,Xã Toàn Lưu,"[[""en"", ""Toàn Lưu Commune""], [""vi"", ""Xã Toàn Lưu""]]",True,True,105.75028228759766,18.279117584228516,105.85775756835938,18.360319137573242,fab04bbd-7767-4534-bcb9-c421e7a03209
9babc43f-4a2a-44d0-b7f2-60ee83173bea,VN,VN-26,microhood,,land,Quảng Trường Eco Garden,,True,True,107.6136245727539,16.47880744934082,107.61424255371094,16.4793701171875,ef1e591c-11d9-4218-966c-aa827547554e
6c1f735b-9948-410d-a9d2-e64189943386,VN,VN-49,locality,,land,Xã Tam Ngãi,,True,True,106.00140380859375,9.87646484375,106.13993835449219,9.959640502929688,b5b378a4-71b9-466e-a2ae-654de27f9248
6e4074f5-e47c-41a9-891e-8b39ddb5e1cc,VN,VN-SG,locality,,land,Phường Tân Hưng,,True,True,106.69009399414062,10.718969345092773,106.72084045410156,10.752483367919922,39270d7e-c1a6-481b-bee0-c929bb036bcd
2889a06d-8b7e-4002-b9d6-88635d416678,VN,VN-49,locality,,land,Xã Tập Ngãi,,True,True,106.18773651123047,9.792734146118164,106.28520202636719,9.890504837036133,7dc53d0a-1996-4ba8-8ba2-ae188e6996cf
ecf80085-2ce0-4790-b851-83b08cc1a5d8,VN,VN-68,locality,,land,Xã Đại Đình,"[[""en"", ""Đại Đình Commune""], [""vi"", ""Xã Đại Đình""]]",True,True,105.51847076416016,21.430862426757812,105.63485717773438,21.49947738647461,8b02cb06-69c2-44c6-9db2-3a52f05c1d67
8d2e4695-0641-4ced-bfaf-c0e49cc2b9c8,VN,VN-56,locality,,land,Phường Võ Cường,"[[""vi-Hani"", ""坊武強""], [""zh-Hans"", ""武强坊""], [""de"", ""Stadtviertel Võ Cường""], [""lzh"", ""武強坊""], [""zh-Hant"", ""武強坊""], [""en"", ""Vo Cuong Ward""], [""zh"", ""武強坊""]]",True,True,106.0184555053711,21.14701271057129,106.0960464477539,21.1873779296875,bfd255fb-e6f3-4532-aa98-9893268a84a7
16540e9d-d9b4-43bf-bd35-7b4eded6e885,VN,VN-HN,microhood,,land,Quảng trường Cá voi,,True,True,105.95409393310547,20.992801666259766,105.95482635498047,20.99342918395996,814e2538-486e-4bf4-87a1-424102f68643
990f7336-13b2-47eb-959f-511102f10235,VN,VN-68,locality,,land,Xã Liên Hòa,"[[""en"", ""Liên Hòa Commune""], [""vi"", ""Xã Liên Hòa""]]",True,True,105.48240661621094,21.3815975189209,105.5290756225586,21.44872283935547,70b8fef6-3e77-4eac-a919-ed6ea765701e
c76f8d32-2114-478c-96c9-e12e31a55b0b,VN,VN-HP,locality,,land,Xã Cẩm Giàng,"[[""en"", ""Cẩm Giàng Commune""], [""vi"", ""Xã Cẩm Giàng""]]",True,True,106.12718963623047,20.926536560058594,106.19318389892578,21.001243591308594,9c67b8c1-30db-499f-9561-60dd2272f250
7bcc21e3-5ce1-4d8b-b2dc-463ed3119ba0,VN,VN-HP,locality,,land,Xã Tân Kỳ,"[[""en"", ""Tân Kỳ Commune""], [""vi"", ""Xã Tân Kỳ""]]",True,True,106.3076171875,20.788110733032227,106.38248443603516,20.861581802368164,4122b194-77a5-422a-a7c6-c75d46c255eb
8258997b-a0f9-4539-a89f-45b10de144fe,VN,VN-56,locality,,land,Xã Ngọc Thiện,"[[""vi-Hani"", ""社玉善""], [""zh-Hans"", ""玉善社""], [""lzh"", ""玉善社""], [""zh-Hant"", ""玉善社""], [""zh"", ""玉善社""]]",True,True,106.00597381591797,21.326860427856445,106.10526275634766,21.403364181518555,e869e851-9546-402d-9bcd-8433b1ca3a33
c2abbab7-2cbc-4d5d-8558-a7ed853d8bb6,VN,VN-HN,locality,,land,Xã Đại Thanh,"[[""en"", ""Dai Thanh Commune""]]",True,True,105.78820037841797,20.909273147583008,105.844482421875,20.959394454956055,ef46f26b-aa86-471d-92f2-f8400d8a6de9
e66aeb68-3d42-43c9-9922-f90d24ab77af,VN,VN-HN,locality,,land,Xã Phù Đổng,"[[""en"", ""Phu Dong Commune""]]",True,True,105.89639282226562,21.03760528564453,106.00213623046875,21.121196746826172,d7633777-c0ce-47ab-b4df-74627232d183
249b0f45-3c53-49e9-bf68-6411ba47e0e3,VN,VN-68,locality,,land,Xã Dũng Tiến,"[[""en"", ""Dũng Tiến Commune""], [""vi"", ""Xã Dũng Tiến""]]",True,True,105.50503540039062,20.522146224975586,105.68586730957031,20.62003517150879,8f17b045-a6dd-45a8-a969-d7bc69d7462e
0b5a3786-d641-4678-b774-39c78c52ffa9,VN,VN-09,locality,,land,Xã Văn Quan,"[[""vi-Hani"", ""社文關""], [""zh-Hans"", ""文关社""], [""lzh"", ""文關社""], [""zh-Hant"", ""文關社""], [""zh"", ""文關社""]]",True,True,106.45089721679688,21.805980682373047,106.56709289550781,21.92049789428711,299595ae-1d1c-4a2f-b23b-ebd5ecdc7617
92435142-3aa9-41a9-bf86-bd03502b26ca,VN,VN-13,locality,,land,Xã Cái Chiên,"[[""vi-Hani"", ""社街氈""], [""vi"", ""Xã Cái Chiên""], [""zh-Hans"", ""街毡社""], [""ko"", ""까이찌엔""], [""de"", ""Gemeinde Cái Chiên""], [""lzh"", ""街氈社""], [""zh-Hant"", ""街氈社""], [""en"", ""Cai Chien Commune""], [""zh"", ""街氈社""]]",True,True,107.64012145996094,21.256338119506836,107.82334899902344,21.358362197875977,40a0e1df-7745-4cb5-a369-170bfbd41518
404c71f9-d881-45c4-933d-c516f5ba8d3e,VN,VN-05,locality,,land,Phường Thảo Nguyên,"[[""en"", ""Thảo Nguyên Ward""], [""vi"", ""Phường Thảo Nguyên""]]",True,True,104.63093566894531,20.803024291992188,104.7394027709961,20.90662384033203,10731adc-3648-4d5a-b6eb-adb5fdf0d21c
38fd9506-36d1-4dda-a99e-30e0cdc48718,VN,VN-04,locality,,land,Xã Đàm Thủy,,True,True,106.55888366699219,22.77983856201172,106.73301696777344,22.892688751220703,9dbf706c-d1c4-4cde-9c57-acc74f568813
2c233349-56fb-4273-9051-d9a3ffca6c3f,VN,VN-68,locality,,land,Xã Yên Lãng,"[[""en"", ""Yên Lãng Commune""], [""vi"", ""Xã Yên Lãng""]]",True,True,105.33689880371094,21.46068000793457,105.42920684814453,21.524585723876953,b2e86370-177c-471c-b8d8-311eecbad789
3842257c-a5f2-4d7e-892c-cdb94bf45183,VN,VN-66,locality,,land,Chiều Đông,,True,True,105.99854278564453,20.943817138671875,106.00411987304688,20.948320388793945,556188a3-7cac-416f-9162-220330f68b86
99e2a512-ac55-4644-9f8c-b3bdaa93c84a,VN,VN-02,locality,,land,Xã Chấn Thịnh,"[[""en"", ""Chấn Thịnh Commune""], [""vi"", ""Xã Chấn Thịnh""]]",True,True,104.7264404296875,21.44278335571289,104.89435577392578,21.5659236907959,6c446a09-d510-414a-9ba8-ce7c0d2b815e
b77e8648-41a1-4b42-b529-b6563a24288a,VN,VN-56,locality,,land,Xã Bắc Lũng,"[[""vi-Hani"", ""社北隴""], [""zh-Hans"", ""北陇社""], [""lzh"", ""北隴社""], [""zh-Hant"", ""北隴社""], [""zh"", ""北隴社""]]",True,True,106.29863739013672,21.22957420349121,106.40167999267578,21.291406631469727,d32cbdbf-1f29-4705-848a-49ecb5a070e2
d0502de4-5d87-4861-861d-cf9b5a6d0181,VN,VN-07,locality,,land,Xã Hùng Đức,"[[""en"", ""Hùng Đức Commune""], [""vi"", ""Xã Hùng Đức""]]",True,True,105.01364135742188,21.84042739868164,105.120361328125,21.942495346069336,7e4f7348-5b0c-422e-87af-c61bdbfe628a
f39ce70b-6eb3-4721-a9b4-4fb16348a75b,VN,VN-HN,microhood,,land,Khu phố cổ,"[[""en"", ""Old Quarter""]]",True,True,105.84449768066406,21.028892517089844,105.85602569580078,21.040830612182617,08c60b1b-f48f-42c5-9ca9-4de98aa610cb
1d664188-c204-447d-af82-fbc99425c5a6,VN,VN-09,locality,,land,Xã Lộc Bình,"[[""vi-Hani"", ""社祿平""], [""zh-Hans"", ""禄平社""], [""lzh"", ""祿平社""], [""zh-Hant"", ""祿平社""], [""zh"", ""祿平社""]]",True,True,106.84232330322266,21.732879638671875,106.97378540039062,21.837554931640625,c057d868-b211-4c17-bd8c-283d067da94c
fab50ea4-1477-4d33-8561-df8b09b6fe8b,VN,VN-HN,neighborhood,,land,Eden,,True,True,105.87051391601562,20.97191619873047,105.87480163574219,20.97627067565918,a8d16e50-ac64-4f68-be7d-58838617b8e0
eda03cc5-cf42-492f-b473-b20a8c2caca5,VN,VN-HP,locality,,land,Xã Phú Thái,"[[""en"", ""Phú Thái Commune""], [""vi"", ""Xã Phú Thái""], [""ko"", ""푸타이""]]",True,True,106.4583969116211,20.926706314086914,106.5484848022461,20.989715576171875,3218723a-8966-422a-a37d-db718f187a41
4eee7893-6af2-47f8-8106-0738bafbb7ce,VN,VN-HN,microhood,,land,A3,,True,True,105.8352279663086,20.976476669311523,105.83551025390625,20.977252960205078,e021b539-9ae8-42f3-97bf-67a63740312d
1d0f4672-2af4-4fda-b8b0-db5eb384b319,VN,VN-66,locality,,land,Phường Hồng Châu,"[[""en"", ""Hồng Châu Ward""], [""de"", ""Stadtviertel Hồng Châu""], [""vi"", ""Phường Hồng Châu""]]",True,True,106.03319549560547,20.603092193603516,106.10602569580078,20.648052215576172,96f4a341-e0a4-4913-9b09-4c86a11ecec2
23f31873-91af-47f1-9b97-5591271a3371,VN,VN-09,locality,,land,Xã Điềm He,"[[""vi-Hani"", ""社恬熙""], [""zh-Hans"", ""恬熙社""], [""lzh"", ""恬熙社""], [""zh-Hant"", ""恬熙社""], [""zh"", ""恬熙社""]]",True,True,106.48963928222656,21.872329711914062,106.62625122070312,22.015281677246094,5b5169be-998f-4c76-8244-8ad5ed03bd93
deea8dff-0b1f-4b52-9591-74db897e2412,VN,VN-09,locality,,land,Xã Ba Sơn,,True,True,106.87236022949219,21.836013793945312,107.06375122070312,21.97710418701172,04da1e3e-9206-46f2-b78c-f4405cadfc52
407594d7-6923-4f26-aa49-f8c8e3f38d10,VN,VN-18,locality,,land,Phường Duy Tiên,"[[""en"", ""Duy Tiên Ward""], [""vi"", ""Phường Duy Tiên""]]",True,True,105.96253204345703,20.596614837646484,106.04510498046875,20.658050537109375,0ec84dfb-cb0d-4312-8d60-2c3a640a5085
9687d0a1-c1ed-49e7-a856-ff5858677a27,VN,VN-66,locality,,land,Xã Hưng Hà,"[[""en"", ""Hưng Hà Commune""], [""vi"", ""Xã Hưng Hà""]]",True,True,106.19744110107422,20.549924850463867,106.2701187133789,20.617876052856445,d8ea0c64-1a47-4452-9a88-e158a59d3013
c33b2812-fbed-4405-ac59-159b92461fca,VN,VN-69,locality,,land,Xã Tân Thành,"[[""en"", ""Tân Thành Commune""], [""vi"", ""Xã Tân Thành""]]",True,True,105.9607925415039,21.447927474975586,106.04913330078125,21.55837059020996,a4512152-e1a4-43ed-9ea2-57a81a74f66f
62bc43b6-f0ee-4f67-a04f-9be574df4e9b,VN,VN-68,locality,,land,Xã Hải Lựu,"[[""en"", ""Hải Lựu Commune""], [""vi"", ""Xã Hải Lựu""]]",True,True,105.32227325439453,21.417631149291992,105.40480041503906,21.50749397277832,8d650fc0-e4b3-4fbe-8736-b420881e1e74
9c6896b4-9f00-4e6e-8f7f-bee93ef22b21,VN,VN-HN,locality,,land,Phường Lĩnh Nam,"[[""en"", ""Linh Nam Ward""]]",True,True,105.87103271484375,20.945444107055664,105.9087905883789,21.006580352783203,201f11a6-90cb-457a-a654-038fff88ec5e
e1389215-c645-4817-9b7a-f91214e47004,VN,VN-68,locality,,land,Xã Mường Hoa,"[[""en"", ""Mường Hoa Commune""], [""vi"", ""Xã Mường Hoa""]]",True,True,105.11576080322266,20.651039123535156,105.28013610839844,20.770898818969727,52433eb0-232f-4ef4-b3d2-047fde34e4ee
adb14bd4-c366-4e4a-9535-33b6a3c78202,VN,VN-HP,locality,,land,Xã An Trường,"[[""en"", ""An Trường Commune""], [""vi"", ""Xã An Trường""]]",True,True,106.47734832763672,20.82632827758789,106.57918548583984,20.869478225708008,c9d33338-bf85-4c71-896b-73f8afa9c93c
3c9bdc2a-394c-4127-bca2-f27cac9c1143,VN,VN-07,locality,,land,Xã Đồng Yên,"[[""en"", ""Đồng Yên Commune""], [""vi"", ""Xã Đồng Yên""]]",True,True,104.72285461425781,22.165559768676758,104.84310913085938,22.279714584350586,22650775-2c42-437c-a5b1-572f2fa45c48
d6539be7-bf21-4701-b3e6-9c135910ccf0,VN,VN-HP,locality,,land,Xã An Khánh,"[[""en"", ""An Khánh Commune""], [""vi"", ""Xã An Khánh""]]",True,True,106.54338836669922,20.75474739074707,106.6172103881836,20.80194664001465,8638b693-f95b-4875-9af3-7b007b7e4759
29cb0eb2-8ac6-4ba9-8272-34cd841f81d3,VN,VN-04,locality,,land,Xã Quang Long,,True,True,106.60186004638672,22.66455078125,106.77960205078125,22.811735153198242,8cd98cce-0a7d-474e-815f-2675b2f8b122
ea680146-1731-4a44-a0ae-c13976df4ccf,VN,VN-56,locality,,land,Phường Mão Điền,"[[""vi-Hani"", ""社卯田""], [""zh-Hans"", ""卯田社""], [""lzh"", ""卯田社""], [""zh-Hant"", ""卯田社""], [""en"", ""Mao Dien Ward""], [""zh"", ""卯田社""]]",True,True,106.09458923339844,21.031667709350586,106.1416244506836,21.093196868896484,521c5bb5-1f69-4462-804d-814153bea937
0b583896-0b4d-4a4a-b927-9a46cdf3e77d,VN,VN-07,locality,,land,Xã Tân An,"[[""en"", ""Tân An Commune""], [""vi"", ""Xã Tân An""]]",True,True,105.07292938232422,22.156742095947266,105.23805236816406,22.29619026184082,a0e1083a-4f8c-489c-a532-ce66a6c984ed
fe4c71c1-4fcc-4950-82dc-fd0013e14020,VN,VN-HN,microhood,,land,A2,,True,True,105.83486938476562,20.976449966430664,105.83515930175781,20.977060317993164,f5972117-54b0-4551-8467-2ce09e8ba95d
82f42897-f904-4194-820d-2558f699c389,VN,VN-13,neighborhood,,land,Khu 6,,True,True,107.02460479736328,20.951229095458984,107.03324127197266,20.95803451538086,aea07775-fc36-4cdd-8060-762daf2e17e5
d09cd89d-91b7-4e89-923c-f7658ce0f4a2,VN,VN-13,locality,,land,Phường Móng Cái 1,"[[""vi-Hani"", ""坊硭街1""], [""vi"", ""Phường Móng Cái 1""], [""zh-Hans"", ""硭街1坊""], [""de"", ""Stadtviertel Móng Cái 1""], [""lzh"", ""硭街1坊""], [""zh-Hant"", ""硭街1坊""], [""zh"", ""硭街1坊""]]",True,True,107.96314239501953,21.433189392089844,108.07657623291016,21.548725128173828,c7e6081a-de4d-4e30-a785-d9eecea2b2f8
7bbd819f-1d32-4669-9e30-00333a92f54e,VN,VN-13,locality,,land,Xã Vĩnh Thực,"[[""vi-Hani"", ""社永殖""], [""vi"", ""Xã Vĩnh Thực""], [""zh-Hans"", ""永殖社""], [""ko"", ""빈쯕""], [""de"", ""Gemeinde Vĩnh Thực""], [""lzh"", ""永殖社""], [""zh-Hant"", ""永殖社""], [""en"", ""Vinh Thuc Commune""], [""zh"", ""永殖社""]]",True,True,107.82945251464844,21.339513778686523,108.00910186767578,21.398714065551758,93e57957-53ad-4fef-b1f2-e238a2e36c15
91b9a592-23b6-4ba1-b146-4d4e2f621110,VN,VN-69,locality,,land,Xã Ba Bể,"[[""en"", ""Ba Bể Commune""], [""vi"", ""Xã Ba Bể""]]",True,True,105.54859924316406,22.36675453186035,105.70677185058594,22.50735855102539,ca34885b-612a-499d-a7c4-dfcd3e02c4c9
7cb23b3f-49a1-4822-a825-6c4bc810c6e1,VN,VN-68,locality,,land,Phường Vĩnh Phúc,"[[""en"", ""Vĩnh Phúc Ward""], [""vi"", ""Phường Vĩnh Phúc""]]",True,True,105.57310485839844,21.288070678710938,105.63985443115234,21.345247268676758,cd68c5e3-55d6-4754-b405-8e29bd4874f3
ede1658d-ab57-44cc-9307-4bc0c1580afa,VN,VN-HN,locality,,land,Xã Hạ Bằng,"[[""en"", ""Ha Bang Commune""], [""vi"", ""Xã Hạ Bằng""]]",True,True,105.5154800415039,20.974285125732422,105.59595489501953,21.05874252319336,7ea48b97-d2ea-457c-8ad0-1e915c3b5591
6f0b0e31-9b3f-47c9-8e6e-cf14e8d8c96f,VN,VN-69,locality,,land,Xã Thần Sa,"[[""en"", ""Thần Sa Commune""], [""vi"", ""Xã Thần Sa""]]",True,True,105.8478012084961,21.771074295043945,106.01589965820312,21.902545928955078,4fc60f77-66f2-4637-afa9-e557334baf1e
fe7005d0-2d73-4bf7-b396-603d60615061,VN,VN-02,locality,,land,Xã Thượng Bằng La,"[[""en"", ""Thượng Bằng La Commune""], [""vi"", ""Xã Thượng Bằng La""]]",True,True,104.71611022949219,21.325918197631836,104.8232421875,21.49009895324707,6ad5a5e3-b082-4ea3-9b0f-51ba40bc056b
8c0cbbca-0e32-4a31-8874-eebb56a9045b,VN,VN-56,locality,,land,Phường Vân Hà,"[[""vi-Hani"", ""社雲河""], [""zh-Hans"", ""云河社""], [""lzh"", ""雲河社""], [""zh-Hant"", ""雲河社""], [""zh"", ""雲河社""]]",True,True,106.00343322753906,21.201305389404297,106.10445404052734,21.286590576171875,0b58158e-8b0a-40cf-9a65-4bf5c881b4b0
88cca85a-6981-4bee-bf8b-1cfff35a6419,VN,VN-07,locality,,land,Xã Lực Hành,"[[""en"", ""Lực Hành Commune""], [""vi"", ""Xã Lực Hành""]]",True,True,105.13270568847656,21.950666427612305,105.2656021118164,22.069494247436523,863fd75c-a01a-4be1-bc8f-a4acdfc71b63
cb5ee386-4bf7-4725-950e-86b9fe77ef48,VN,VN-07,locality,,land,Xã Tân Thanh,"[[""en"", ""Tân Thanh Commune""], [""vi"", ""Xã Tân Thanh""]]",True,True,105.31942749023438,21.564857482910156,105.50123596191406,21.68766975402832,98c019ec-f420-48dc-b5f1-334c43facff3
12876f1a-e229-422c-bfde-9dc30a0e4e01,VN,VN-66,locality,,land,Xã Hiệp Cường,"[[""en"", ""Hiệp Cường Commune""], [""vi"", ""Xã Hiệp Cường""]]",True,True,105.99748992919922,20.69391632080078,106.08287811279297,20.75779151916504,e64eb0eb-9ca1-4ec6-9f02-b9e1e57b227e
5c37d795-e562-476a-8bfd-8c7da62157eb,VN,VN-HN,locality,,land,Phường Chương Mỹ,"[[""de"", ""Stadtviertel Chương Mỹ""]]",True,True,105.66214752197266,20.885473251342773,105.73656463623047,20.964841842651367,8872b097-19c3-422b-a402-b986bb3a5bc2
aee97a2c-5ddb-4cb1-8140-651c30b7f51c,VN,VN-HN,locality,,land,Xã Phúc Lộc,"[[""en"", ""Phuc Loc Commune""], [""vi"", ""Xã Phúc Lộc""]]",True,True,105.51530456542969,21.117172241210938,105.62772369384766,21.17912483215332,8f002207-4fe0-498c-94b4-7a930c87ff84
65667272-fb33-4731-a49f-cf0bd6ea9e75,VN,VN-07,locality,,land,Xã Nghĩa Thuận,"[[""en"", ""Nghĩa Thuận Commune""], [""vi"", ""Xã Nghĩa Thuận""]]",True,True,104.87686157226562,23.07584571838379,105.02154541015625,23.180667877197266,553c4904-7d1d-4737-be9f-68d3f1d6237e
e3596429-70de-4ff6-933e-6ac6c9f61264,VN,VN-68,locality,,land,Xã Sơn Đông,"[[""en"", ""Sơn Đông Commune""], [""vi"", ""Xã Sơn Đông""]]",True,True,105.42459869384766,21.294780731201172,105.49372100830078,21.363183975219727,51a53c82-6b21-40ce-8528-98ad54a7213b
42bef35a-7e05-4262-aa81-cd73e789e3ea,VN,VN-02,locality,,land,Xã Khánh Hòa,"[[""en"", ""Khánh Hòa Commune""], [""vi"", ""Xã Khánh Hòa""]]",True,True,104.56246948242188,22.040098190307617,104.7363510131836,22.18294334411621,5c8c34fb-168b-44d8-aa1a-09f9b99df5c6
2a60f4e9-fb56-40ea-8961-d3c8bbb0d415,VN,VN-68,locality,,land,Xã Chân Mộng,"[[""en"", ""Chân Mộng Commune""], [""vi"", ""Xã Chân Mộng""]]",True,True,105.1459732055664,21.509321212768555,105.27429962158203,21.604768753051758,110c99a1-7c01-4644-8653-4519c18fcfcd
fea39ab6-4421-4d00-aae2-ef156f5832e9,VN,VN-HP,locality,,land,Làng Hàm Dương,,True,True,106.54859924316406,20.654342651367188,106.55907440185547,20.659746170043945,89727022-8285-4670-b89c-80bc2e07b469
8272d922-5d22-48b3-9b3f-39f05bea4a4c,VN,VN-69,microhood,,land,Quảng trường Vạn Xuân,,True,True,105.86268615722656,21.403783798217773,105.8659896850586,21.406147003173828,bdbba8eb-a47b-4b9d-ba5b-4c80bca2941f
076c6c80-e9b9-4aa8-b3f3-2335be3619ce,VN,VN-07,locality,,land,Xã Minh Sơn,"[[""en"", ""Minh Sơn Commune""], [""vi"", ""Xã Minh Sơn""]]",True,True,105.13478088378906,22.77284812927246,105.28373718261719,22.923297882080078,cb0d7739-6756-44c5-ac72-5cc230099ae3
d65fd05f-831a-46d8-afde-6b1c4059460a,VN,VN-09,locality,,land,Xã Bình Gia,"[[""vi-Hani"", ""社平嘉""], [""zh-Hans"", ""平嘉社""], [""lzh"", ""平嘉社""], [""zh-Hant"", ""平嘉社""], [""zh"", ""平嘉社""]]",True,True,106.25597381591797,21.908910751342773,106.41472625732422,22.033203125,1c870d29-1c3d-4bb7-a318-90dcf5bff3f4
0d4344ac-4c46-43c0-9f9e-0e6c87405335,VN,VN-HN,locality,,land,Phường Yên Sở,"[[""en"", ""Yen So Ward""]]",True,True,105.84196472167969,20.94325828552246,105.87671661376953,20.96647834777832,bd213bd9-024b-4bb3-8f97-0d1d948478f2
297535a8-dd74-48df-8fa2-9db7534afcdc,VN,VN-HP,locality,,land,Xã Cẩm Giang,"[[""en"", ""Cẩm Giang Commune""], [""vi"", ""Xã Cẩm Giang""], [""ko"", ""껌장""]]",True,True,106.16758728027344,20.944095611572266,106.24486541748047,20.995878219604492,b260e540-d56f-4df6-835b-afabcb4f0a08
8fa93d64-ae19-49e4-bb4c-a57dd4d51904,VN,VN-56,locality,,land,Xã Tân Chi,"[[""vi-Hani"", ""社新芝""], [""zh-Hans"", ""新芝社""], [""de"", ""Gemeinde Tân Chi""], [""lzh"", ""新芝社""], [""zh-Hant"", ""新芝社""], [""en"", ""Tan Chi Commune""], [""zh"", ""新芝社""]]",True,True,106.05681610107422,21.069698333740234,106.11237335205078,21.130252838134766,5f85892f-86c7-4506-9c2e-b698162abb1e
36ddcb85-46aa-4658-97d8-2ad154ec6708,VN,VN-07,locality,,land,Xã Xín Mần,"[[""en"", ""Xín Mần Commune""], [""vi"", ""Xã Xín Mần""]]",True,True,104.4132080078125,22.687522888183594,104.59854888916016,22.807571411132812,109e616d-0873-4cf9-a9b5-2d3a11b05de5
de0d4cc5-af6a-42f9-b5e7-aa6cf67d4f5a,VN,VN-HN,neighborhood,,land,Botanic,,True,True,105.87407684326172,20.972871780395508,105.87830352783203,20.976354598999023,35d99af9-ff79-4182-b06b-733817bf5680
64e7f3d7-f5b0-4c3a-8b91-315ada94775b,VN,VN-13,locality,,land,Xã Ba Chẽ,"[[""vi-Hani"", ""社𠀧扯""], [""vi"", ""Xã Ba Chẽ""], [""zh-Hans"", ""𠀧扯社""], [""ko"", ""바째""], [""de"", ""Gemeinde Ba Chẽ""], [""lzh"", ""𠀧扯社""], [""zh-Hant"", ""𠀧扯社""], [""en"", ""Ba Che Commune""], [""zh"", ""𠀧扯社""]]",True,True,107.16038513183594,21.13032341003418,107.35945892333984,21.38900375366211,2ffb72d5-3cce-4f8f-8377-f65c032c722c
190c7662-9f4f-4dd9-9391-496bc6a0c08d,VN,VN-68,locality,,land,Xã Minh Hòa,"[[""en"", ""Minh Hòa Commune""], [""vi"", ""Xã Minh Hòa""]]",True,True,105.06620788574219,21.201330184936523,105.17033386230469,21.31439971923828,be391ad8-345b-4feb-ac6d-869b921dfc05
7d9371af-af60-45bd-b4c3-0d1f10a7b5d3,VN,VN-18,locality,,land,Xã Nam Xang,"[[""en"", ""Nam Xang Commune""], [""vi"", ""Xã Nam Xang""]]",True,True,106.01315307617188,20.554906845092773,106.07334899902344,20.621212005615234,a17f8c06-2f11-4569-88b5-89e37ac50fd7
64b61720-82ba-4029-bba8-c695dbbb0131,VN,VN-09,locality,,land,Xã Đình Lập,"[[""vi-Hani"", ""社定立""], [""zh-Hans"", ""定立社""], [""lzh"", ""定立社""], [""zh-Hant"", ""定立社""], [""zh"", ""定立社""]]",True,True,107.0035400390625,21.500892639160156,107.1656723022461,21.686073303222656,40ed8e65-0005-49ad-8aa0-5787686f303c
511925ed-a21c-49bb-8c2e-213046c1eb44,VN,VN-05,locality,,land,Phường Mộc Châu,"[[""en"", ""Mộc Châu Ward""], [""vi"", ""Phường Mộc Châu""]]",True,True,104.46632385253906,20.757537841796875,104.64807891845703,20.97405242919922,1cb7e916-671a-445f-aa87-4990b4fd4b27
c09a50fc-7ea0-4b49-8d65-ee5fad4e2871,VN,VN-HN,locality,,land,Phường Khương Đình,"[[""en"", ""Khuong Dinh Ward""]]",True,True,105.80320739746094,20.978961944580078,105.82494354248047,21.003110885620117,013203f4-8632-42f4-b476-fb7aa8c5bed9
7550f69e-521c-400c-b6e4-9ff7e7c88084,VN,VN-HN,locality,,land,Phường Tương Mai,"[[""en"", ""Tuong Mai Ward""]]",True,True,105.84103393554688,20.983495712280273,105.87562561035156,20.997743606567383,ef9dbe69-7be9-4092-8e43-7fc8201a8ea5
4c3a1c19-f995-4fcc-9aec-6e991c6c2f95,VN,VN-07,locality,,land,Xã Thuận Hòa,"[[""en"", ""Thuận Hòa Commune""], [""vi"", ""Xã Thuận Hòa""]]",True,True,104.938720703125,22.86608123779297,105.05802917480469,23.00160026550293,ff33fc2a-c6e9-4bc9-a33a-d241b50ac836
2e6bb5b4-c00b-4927-9d13-d53c20f2fb0b,VN,VN-02,locality,,land,Xã Châu Quế,"[[""en"", ""Châu Quế Commune""], [""vi"", ""Xã Châu Quế""]]",True,True,104.3772964477539,21.950653076171875,104.55150604248047,22.119091033935547,41d534d2-fbdf-49ac-9eb0-9fc04918a565
830690b6-2d9d-4ae6-b314-effeac3ff3d5,VN,VN-68,locality,,land,Xã Bình Xuyên,"[[""en"", ""Bình Xuyên Commune""], [""vi"", ""Xã Bình Xuyên""]]",True,True,105.6108627319336,21.299774169921875,105.68495178222656,21.386423110961914,26806156-3b84-41d0-a098-da6b4cb5d88a
e857a05b-8fe8-48c0-921c-1281a5ad6e6d,VN,VN-07,locality,,land,Xã Mèo Vạc,"[[""en"", ""Mèo Vạc Commune""], [""vi"", ""Xã Mèo Vạc""]]",True,True,105.35429382324219,23.121206283569336,105.47943115234375,23.2403507232666,0f9c7fce-2f2e-4d65-913c-98377a7b2e0d
8d110145-626f-4990-b799-11f3203876ce,VN,VN-68,locality,,land,Xã Hoàng An,"[[""en"", ""Hoàng An Commune""], [""vi"", ""Xã Hoàng An""]]",True,True,105.4993896484375,21.316944122314453,105.54239654541016,21.4045467376709,6f6c1ca2-5f14-4e71-909a-cd98224e5386
9441607e-3d95-4db1-943e-db858ed5504f,VN,VN-09,locality,,land,Xã Tri Lễ,"[[""vi-Hani"", ""社知禮""], [""zh-Hans"", ""知礼社""], [""lzh"", ""知禮社""], [""zh-Hant"", ""知禮社""], [""zh"", ""知禮社""]]",True,True,106.38885498046875,21.685771942138672,106.49797821044922,21.877267837524414,a707db91-ee03-4784-8f43-5790459546e8
b86ca71e-9391-4c27-8387-4d7fe271fdc8,VN,VN-66,locality,,land,Xã Châu Ninh,"[[""en"", ""Châu Ninh Commune""], [""vi"", ""Xã Châu Ninh""]]",True,True,105.91071319580078,20.780078887939453,105.96463012695312,20.849851608276367,51fb052e-7b80-4fa5-9b0e-d4ebbda42040
22fd0963-040a-4e5e-92e3-d062d5713f7b,VN,VN-68,locality,,land,Xã Thanh Ba,"[[""en"", ""Thanh Ba Commune""], [""vi"", ""Xã Thanh Ba""]]",True,True,105.07549285888672,21.48138999938965,105.1555404663086,21.57660675048828,a63881c3-2108-4a56-bafb-3b17de216d5a
1cd5098c-6351-45ff-b8f1-5532147e6a29,VN,VN-56,locality,,land,Xã Phù Lãng,"[[""vi-Hani"", ""社扶朗""], [""zh-Hans"", ""扶朗社""], [""lzh"", ""扶朗社""], [""zh-Hant"", ""扶朗社""], [""en"", ""Phu Lang Commune""], [""zh"", ""扶朗社""]]",True,True,106.21278381347656,21.102474212646484,106.2992935180664,21.17163848876953,5adef81d-f0b6-418f-b4be-03f1b0499465
af6daa17-c356-4ff3-9318-12f44aa9463d,VN,VN-56,locality,,land,Xã Biên Sơn,,True,True,106.57191467285156,21.419301986694336,106.90177917480469,21.57636260986328,10a1e9d8-ef57-48e0-b581-707ad911992c
ecffc4ae-2eab-4466-a3bb-1142ca50abd3,VN,VN-68,locality,,land,Xã Hoàng Cương,"[[""en"", ""Hoàng Cương Commune""], [""vi"", ""Xã Hoàng Cương""]]",True,True,105.08143615722656,21.431774139404297,105.17459106445312,21.504505157470703,6702f055-ef8e-43ab-9d58-d101800704f8
69da91de-dabf-447d-a555-b20bc6cdc07c,VN,VN-69,locality,,land,Phường Phan Đình Phùng,"[[""en"", ""Phan Đình Phùng Ward""], [""de"", ""Stadtviertel Phan Đình Phùng""], [""vi"", ""Phường Phan Đình Phùng""]]",True,True,105.80482482910156,21.56648826599121,105.86569213867188,21.605850219726562,839cb3de-f7ce-48e9-9a80-3049c3415cef
7e841808-b7fc-45b5-a3fc-7ac7f462a189,VN,VN-HP,locality,,land,Xã Thượng Hồng,"[[""en"", ""Thượng Hồng Commune""], [""vi"", ""Xã Thượng Hồng""]]",True,True,106.12421417236328,20.818273544311523,106.2101058959961,20.856048583984375,2fe49236-b6d3-47c6-8159-1dbec97edc22
7526f43f-536b-4598-8e4e-f519eeb566ca,VN,VN-56,locality,,land,Phường Hạp Lĩnh,"[[""vi-Hani"", ""坊合嶺""], [""zh-Hans"", ""合岭坊""], [""de"", ""Stadtviertel Hạp Lĩnh""], [""lzh"", ""合嶺坊""], [""zh-Hant"", ""合嶺坊""], [""en"", ""Hap Linh Ward""], [""zh"", ""合嶺坊""]]",True,True,106.04059600830078,21.122617721557617,106.09091186523438,21.160709381103516,f498aa11-b78a-4ea1-bd27-c8d79b64aa2c
7396b3ac-fb71-43d2-bcde-4fe8461f4784,VN,VN-68,locality,,land,Phường Vân Phú,"[[""en"", ""Vân Phú Ward""], [""vi"", ""Phường Vân Phú""]]",True,True,105.33329010009766,21.33613395690918,105.40142059326172,21.400249481201172,4e788fb8-ae38-4c5c-969c-57e473b61ab3
6a037d78-08a4-47f7-b4e3-b612ee914f16,VN,VN-HN,locality,,land,Phường Tùng Thiện,"[[""en"", ""Tung Thien Ward""], [""vi"", ""Phường Tùng Thiện""]]",True,True,105.4129867553711,21.093223571777344,105.50627899169922,21.15191650390625,49ccfa97-6288-40be-b90c-097efa2edbe4
4355d761-ea8d-4d00-95f7-1cff5bfd6e1f,VN,VN-09,locality,,land,Xã Thất Khê,"[[""vi-Hani"", ""社七溪""], [""zh-Hans"", ""七溪社""], [""lzh"", ""七溪社""], [""zh-Hant"", ""七溪社""], [""zh"", ""七溪社""]]",True,True,106.35398864746094,22.229785919189453,106.52349853515625,22.37382698059082,d0e8cae5-933b-467d-b4b1-d776dcdf6c5c
5b30d736-1d01-4829-b82b-3a74160b0250,VN,VN-02,locality,,land,Phường Nghĩa Lộ,"[[""en"", ""Nghĩa Lộ Ward""], [""vi"", ""Phường Nghĩa Lộ""]]",True,True,104.44397735595703,21.564746856689453,104.51887512207031,21.62032127380371,269221e8-ebf3-4396-bd97-6c7af9b518ec
679e6f89-f1b1-4049-811a-dd0fd951f748,VN,VN-07,locality,,land,Xã Mậu Duệ,"[[""en"", ""Mậu Duệ Commune""], [""vi"", ""Xã Mậu Duệ""]]",True,True,105.10157012939453,23.005603790283203,105.34059143066406,23.115520477294922,fc66cb10-6728-4402-8bf0-28d1b5614058
b3d310b1-9eec-4bce-b255-a6eade5367ce,VN,VN-18,locality,,land,Phường Duy Tân,"[[""en"", ""Duy Tân Ward""], [""vi"", ""Phường Duy Tân""]]",True,True,105.9569091796875,20.630834579467773,106.03775024414062,20.704381942749023,e4be5634-4d67-43cf-93a7-b436cc6f4f2c
1f5be9cd-6a5e-4eb0-a4b0-4d58566e7e89,VN,VN-HP,locality,,land,Phường Ái Quốc,"[[""en"", ""Ái Quốc Ward""], [""vi"", ""Phường Ái Quốc""]]",True,True,106.36075592041016,20.910139083862305,106.40434265136719,20.986459732055664,6bcdaa4c-cd4e-4b7f-b055-13765185e7f8
b7f44e23-6c35-4f8a-95cf-449a7c15bbbb,VN,VN-66,locality,,land,Xã Hoàng Hoa Thám,"[[""en"", ""Hoàng Hoa Thám Commune""], [""vi"", ""Xã Hoàng Hoa Thám""]]",True,True,106.07694244384766,20.663299560546875,106.14200592041016,20.732242584228516,2bce759d-09e4-417d-acea-b73dcbe42176
1ff316e4-dd51-4ec8-970a-b84472124e43,VN,VN-69,locality,,land,Xã Trại Cau,"[[""en"", ""Trại Cau Commune""], [""vi"", ""Xã Trại Cau""]]",True,True,105.93497467041016,21.520689010620117,106.07389068603516,21.644886016845703,22ade7cb-552a-400b-a93b-5ea5ed678011
3ced338a-e6b3-47a9-a488-102e1797953d,VN,VN-HN,locality,,land,Xã Đa Phúc,"[[""en"", ""Da Phuc Commune""]]",True,True,105.8618392944336,21.176912307739258,105.9392318725586,21.317747116088867,288084d5-dc24-4c2e-a869-3574d0b0239d
b365c8ca-bdc6-437e-a5e5-3d6a180c0a3e,VN,VN-13,locality,,land,Phường Hồng Gai,"[[""fr"", ""Hongay""], [""vi-Hani"", ""坊丸荄""], [""vi"", ""Phường Hồng Gai""], [""zh-Hans"", ""丸荄坊""], [""ko"", ""홍가이""], [""de"", ""Stadtviertel Hồng Gai""], [""lzh"", ""丸荄坊""], [""zh-Hant"", ""丸荄坊""], [""en"", ""Hong Gai Ward""], [""zh"", ""丸荄坊""]]",True,True,107.06715393066406,20.933897018432617,107.0992202758789,20.966941833496094,c2627fe1-c242-42ce-8e90-f0196f9a3ab5
1d2f57d8-cff6-43bf-9d43-40bf137d3250,VN,VN-07,locality,,land,Xã Bạch Xa,"[[""en"", ""Bạch Xa Commune""], [""vi"", ""Xã Bạch Xa""]]",True,True,104.89165496826172,22.179773330688477,105.01055145263672,22.350770950317383,2e319af0-2ac0-4a2f-ae94-5784834cd466
f8267911-3a88-4bde-8aa9-bcc54ffd9f69,VN,VN-HN,locality,,land,Phường Hoàng Liệt,"[[""en"", ""Hoang Liet Ward""]]",True,True,105.81300354003906,20.951074600219727,105.84419250488281,20.971036911010742,9b3f391d-e20e-4b7b-818c-15a933190e27
86255a7b-1a17-4536-9754-aa6857870762,VN,VN-07,locality,,land,Xã Minh Quang,"[[""en"", ""Minh Quang Commune""], [""vi"", ""Xã Minh Quang""]]",True,True,105.0726547241211,22.25796890258789,105.29338073730469,22.46062660217285,018607ab-6cd4-40ba-93a5-4b5d154398c2
e70dc23e-67d7-4844-beac-79c0466c26c9,VN,VN-68,locality,,land,Xã Tam Sơn,"[[""en"", ""Tam Sơn Commune""], [""vi"", ""Xã Tam Sơn""]]",True,True,105.39155578613281,21.395490646362305,105.45255279541016,21.481468200683594,dc5c0d09-bb4b-4621-b95a-88f07100b4d8
701bf88b-153b-4afb-856a-2a0e96ecc2e3,VN,VN-56,locality,,land,Xã Phật Tích,"[[""vi-Hani"", ""社佛跡""], [""zh-Hans"", ""佛迹社""], [""lzh"", ""佛跡社""], [""zh-Hant"", ""佛跡社""], [""en"", ""Phat Tich Commune""], [""zh"", ""佛跡社""]]",True,True,106.01132202148438,21.070127487182617,106.07740783691406,21.117055892944336,6ffd2ff1-bc42-48e7-b780-e7e4aacdf2cf
7df4089c-9ff2-4114-b474-d63aea0927e9,VN,VN-68,locality,,land,Phường Vĩnh Yên,"[[""en"", ""Vĩnh Yên Ward""], [""vi"", ""Phường Vĩnh Yên""]]",True,True,105.54910278320312,21.265670776367188,105.62580108642578,21.328392028808594,a0b782ae-8339-4d2c-8b0d-ebc7becffa2b
c2fb4fe6-2b66-4428-833c-4e4262792790,VN,VN-HP,locality,,land,Xã Kiến Hưng,"[[""en"", ""Kiến Hưng Commune""], [""vi"", ""Xã Kiến Hưng""]]",True,True,106.64029693603516,20.688180923461914,106.69908142089844,20.742023468017578,4be104ee-0a8c-4cf0-b59d-cf01cbefe7d0
4faeff1b-76d7-4ac2-a30c-e8826b30b52c,VN,VN-07,locality,,land,Xã Thắng Mố,"[[""en"", ""Thắng Mố Commune""], [""vi"", ""Xã Thắng Mố""]]",True,True,105.05875396728516,23.132320404052734,105.16899871826172,23.250518798828125,efd790e9-a7ad-4777-911b-5711e24494eb
7165be2e-3089-44b3-9507-7ec934b90be2,VN,VN-56,locality,,land,Xã Tam Giang,"[[""vi-Hani"", ""社三江""], [""zh-Hans"", ""三江社""], [""lzh"", ""三江社""], [""zh-Hant"", ""三江社""], [""en"", ""Tam Giang Commune""], [""zh"", ""三江社""]]",True,True,105.90408325195312,21.19173812866211,105.96411895751953,21.24526023864746,17c14dab-20b5-4c71-a0cb-f0b1b240c3e6
0789c9d7-e93c-486c-a7b7-430f240e7df6,VN,VN-68,locality,,land,Phường Phú Thọ,"[[""en"", ""Phú Thọ Ward""], [""vi"", ""Phường Phú Thọ""]]",True,True,105.19471740722656,21.3989200592041,105.25250244140625,21.465801239013672,f9964291-7eec-480b-bd82-c517da557648
22f65789-2b08-45b7-a542-eecda14ab04d,VN,VN-07,locality,,land,Xã Nhữ Khê,"[[""en"", ""Nhữ Khê Commune""], [""vi"", ""Xã Nhữ Khê""]]",True,True,105.10174560546875,21.658599853515625,105.2522201538086,21.744169235229492,ddd5a2f9-c393-4666-b85d-8c349edcb2dd
11e8b3c0-ff1d-4004-bebc-29f1713c7bd6,VN,VN-68,locality,,land,Xã Tam Hồng,"[[""en"", ""Tam Hồng Commune""], [""vi"", ""Xã Tam Hồng""]]",True,True,105.53675079345703,21.192163467407227,105.60739135742188,21.238866806030273,8b215cc1-f989-4fa0-8d40-10ac7c10b341
7f7df415-5a20-499c-a081-914cd1ef116f,VN,VN-02,locality,,land,Xã Mường Lai,"[[""en"", ""Mường Lai Commune""], [""vi"", ""Xã Mường Lai""]]",True,True,104.77919006347656,21.932451248168945,104.88196563720703,22.185714721679688,319003a3-3b34-4d05-bf52-9d8e85953708
bb67eb45-e19b-4d1b-b3ed-4a262ba03df3,VN,VN-56,locality,,land,Phường Tân An,"[[""vi-Hani"", ""坊新安""], [""zh-Hans"", ""新安坊""], [""lzh"", ""新安坊""], [""zh-Hant"", ""新安坊""], [""zh"", ""新安坊""]]",True,True,106.25055694580078,21.192485809326172,106.3380126953125,21.287553787231445,f1c70a9f-ad51-4e13-93ff-382964e24eb3
041c98a9-c42b-4327-9561-4a72c714c58d,VN,VN-56,locality,,land,Xã Xuân Lương,"[[""vi-Hani"", ""社春良""], [""zh-Hans"", ""春良社""], [""lzh"", ""春良社""], [""zh-Hant"", ""春良社""], [""zh"", ""春良社""]]",True,True,106.03091430664062,21.5374755859375,106.18486022949219,21.62627601623535,860495b4-74c4-4616-a035-9e256685ceff
847979cf-c03a-4bb6-837f-9be5352e8547,VN,VN-02,locality,,land,Xã Tân Lĩnh,"[[""en"", ""Tân Lĩnh Commune""], [""vi"", ""Xã Tân Lĩnh""]]",True,True,104.61431884765625,21.932451248168945,104.83975219726562,22.222820281982422,66de487c-dfd5-4884-a9de-7cf0416a15c6
2398f49b-94ce-4ee5-b334-3e94a18095b8,VN,VN-69,locality,,land,Xã Bằng Thành,"[[""en"", ""Bằng Thành Commune""], [""vi"", ""Xã Bằng Thành""]]",True,True,105.57415008544922,22.575904846191406,105.77686309814453,22.741378784179688,1c678723-65a0-4553-9944-768da6678939
ca8daa29-e004-4b17-9c99-650033477543,VN,VN-HN,locality,,land,Xã Yên Lãng,"[[""en"", ""Yen Lang Commune""]]",True,True,105.61497497558594,21.132728576660156,105.70252227783203,21.210969924926758,87fff7fc-e88c-4a74-9e58-f9cf76902df4
9227c4b4-6246-4b19-a663-f87948b352cc,VN,VN-HP,locality,,land,Phường Dương Kinh,"[[""en"", ""Dương Kinh Ward""], [""vi"", ""Phường Dương Kinh""]]",True,True,106.69780731201172,20.74294090270996,106.77999877929688,20.799102783203125,3adb3c87-2b14-4b82-9575-668585c9a77b
1290f5f0-09f6-45bd-b158-afc8a502103c,VN,VN-07,locality,,land,Xã Quang Bình,"[[""en"", ""Quang Bình Commune""], [""vi"", ""Xã Quang Bình""]]",True,True,104.52471923828125,22.353418350219727,104.65572357177734,22.542665481567383,f43f2e0b-99d0-455e-94e7-045284f3e54f
4c047a14-440e-4f18-a578-ad1d77980d42,VN,VN-09,locality,,land,Xã Chi Lăng,"[[""vi-Hani"", ""社枝陵""], [""zh-Hans"", ""枝陵社""], [""lzh"", ""枝陵社""], [""zh-Hant"", ""枝陵社""], [""zh"", ""枝陵社""]]",True,True,106.4676742553711,21.535701751708984,106.61864471435547,21.680707931518555,1cd508f3-1b72-4cd2-98fc-1bc20098067d
ac9379fc-84db-4db3-b1d9-1f542da92c70,VN,VN-69,locality,,land,Xã Vĩnh Thông,"[[""en"", ""Vĩnh Thông Commune""], [""vi"", ""Xã Vĩnh Thông""]]",True,True,105.9129867553711,22.1312198638916,106.04936981201172,22.30062484741211,44fa632b-6a78-4ecd-8438-7c1529cbe203
5ce18476-9c64-4add-822e-98ebfb18422a,VN,VN-68,locality,,land,Xã Minh Đài,"[[""en"", ""Minh Đài Commune""], [""vi"", ""Xã Minh Đài""]]",True,True,105.01083374023438,21.132463455200195,105.11575317382812,21.231184005737305,d2230872-c12f-4325-9e0f-00a6c89129fe
ca6d2ed6-0d96-416e-9354-67ff6145da01,VN,VN-HP,locality,,land,Xã Vĩnh Am,"[[""en"", ""Vĩnh Am Commune""], [""vi"", ""Xã Vĩnh Am""]]",True,True,106.50205993652344,20.602399826049805,106.57420349121094,20.67697525024414,56bd1430-f8e7-491f-b791-9d0dcce4aa1f
e041e01f-ff2e-4628-8099-1fd6bb0b3dd8,VN,VN-18,locality,,land,Phường Kim Thanh,"[[""en"", ""Kim Thanh Ward""], [""vi"", ""Phường Kim Thanh""]]",True,True,105.87329864501953,20.5889949798584,105.92485809326172,20.644216537475586,265f4b68-5f58-4748-8c45-6c6176aabb70
061b34a9-aa29-492f-a642-f20e6264d436,VN,VN-HN,locality,,land,Phường Hoàn Kiếm,"[[""en"", ""Hoan Kiem Ward""]]",True,True,105.84254455566406,21.02440643310547,105.86019134521484,21.040830612182617,6a604e70-37ff-4cbc-8524-30325756a9f3
c0fe359b-5ed5-4526-9247-6b1f2cf29b14,VN,VN-68,locality,,land,Xã Hợp Lý,"[[""en"", ""Hợp Lý Commune""], [""vi"", ""Xã Hợp Lý""]]",True,True,105.42344665527344,21.45792579650879,105.50719451904297,21.528356552124023,b33fd283-96c2-4835-9600-2e8cb76bc1a9
80fb8f0a-e0f3-4018-b5e5-6dd5f2aba3f3,VN,VN-69,locality,,land,Xã Yên Phong,"[[""en"", ""Yên Phong Commune""], [""vi"", ""Xã Yên Phong""]]",True,True,105.57084655761719,22.010452270507812,105.70013427734375,22.161033630371094,510f9bb7-102d-4a90-b589-c76edd82abc9
93183ef6-ebb6-4736-9b69-c0f338489731,VN,VN-05,locality,,land,Xã Phù Yên,"[[""en"", ""Phù Yên Commune""], [""vi"", ""Xã Phù Yên""]]",True,True,104.5615463256836,21.17776870727539,104.7256088256836,21.356550216674805,f43c4e50-3bcd-4827-b32b-826963d3f384
9043b388-c549-4c5c-8aab-8473aa81affb,VN,VN-69,locality,,land,Xã Quân Chu,"[[""en"", ""Quân Chu Commune""], [""vi"", ""Xã Quân Chu""]]",True,True,105.61925506591797,21.430274963378906,105.73819732666016,21.546812057495117,f48dd5fd-0f29-41ec-ae94-9be416e27816
89603cdb-dfae-404b-8c31-600554428259,VN,VN-HP,locality,,land,Xã Đường An,"[[""en"", ""Đường An Commune""], [""vi"", ""Xã Đường An""]]",True,True,106.1369400024414,20.851802825927734,106.21869659423828,20.900991439819336,f54a82b9-4c75-4916-a652-9d8eda4d1c09
cacefdec-a6e7-4f5e-9cba-ee366aa09878,VN,VN-HP,neighborhood,,land,tập thể xi măng Hải Phòng lô A5 Sở Dầu,,True,True,106.6586685180664,20.865497589111328,106.65973663330078,20.86659049987793,8a7d0664-883e-469a-b53c-dc4bda198255
e7e38c2c-bd78-49b9-92d4-d58541919f99,VN,VN-66,locality,,land,Xã Tân Hưng,"[[""en"", ""Tân Hưng Commune""], [""vi"", ""Xã Tân Hưng""]]",True,True,106.06282043457031,20.61722755432129,106.12902069091797,20.672334671020508,7a93148d-6d5e-4e77-8f63-b6b186e8024b
2ef70055-ba87-4929-a776-14f76d8da975,VN,VN-07,locality,,land,Xã Phú Lương,"[[""en"", ""Phú Lương Commune""], [""vi"", ""Xã Phú Lương""]]",True,True,105.3233642578125,21.497589111328125,105.46016693115234,21.59298324584961,08521061-afa9-4e5a-82c5-54b2f0437a6c
0404416d-d468-4c85-b856-57c114a4d0a0,VN,VN-HP,locality,,land,Phường An Phong,"[[""en"", ""An Phong Ward""], [""vi"", ""Phường An Phong""]]",True,True,106.52680206298828,20.847959518432617,106.58248138427734,20.948495864868164,5456f8b0-b261-4eb5-b0ce-117b3b319a03
187693ea-6b41-41f6-a767-51bda4685b2b,VN,VN-02,locality,,land,Xã Liên Sơn,"[[""en"", ""Liên Sơn Commune""], [""vi"", ""Xã Liên Sơn""]]",True,True,104.4710922241211,21.610742568969727,104.5228042602539,21.676286697387695,04e04aae-acbc-4b41-be33-0699fe8042d8
c0f1a757-5a6c-40cf-85dc-24a9bdfb2f90,VN,VN-HN,locality,,land,Xã Đại Xuyên,"[[""en"", ""Đại Xuyên Commune""]]",True,True,105.90219116210938,20.65079116821289,106.0039291381836,20.743589401245117,ab6ea14f-fc03-4780-88ff-4a78ee8a802a
7cc6a7ff-4d06-48b5-bf43-4ef9f70053f6,VN,VN-07,locality,,land,Xã Du Già,"[[""en"", ""Du Già Commune""], [""vi"", ""Xã Du Già""]]",True,True,105.13468933105469,22.874990463256836,105.33308410644531,22.971311569213867,be6015a7-9032-4d2a-876c-502f22aaa812
146b10f6-899e-4a31-aa90-04870e9ebad0,VN,VN-HN,microhood,,land,A4,,True,True,105.83560180664062,20.976491928100586,105.83589172363281,20.977258682250977,aef2c434-1da1-429a-bd50-cd62debeca40
fe6b6ce7-bf48-4fbc-8d08-99b965da404e,VN,VN-56,locality,,land,Xã Tiên Du,"[[""vi-Hani"", ""社仙遊""], [""zh-Hans"", ""仙游社""], [""lzh"", ""仙遊社""], [""zh-Hant"", ""仙遊社""], [""en"", ""Tien Du Commune""], [""zh"", ""仙遊社""]]",True,True,105.96879577636719,21.127843856811523,106.039306640625,21.184003829956055,28af71bf-cece-4319-a373-0539b209d0a5
30daa4ee-46e0-409d-8307-94d97cde5577,VN,VN-68,locality,,land,Xã Chí Đám,"[[""en"", ""Chí Đám Commune""], [""vi"", ""Xã Chí Đám""]]",True,True,105.08626556396484,21.63057518005371,105.23824310302734,21.719646453857422,5d61123a-d767-4d1c-aad5-1bdde3ae391f
10bdfd82-7479-44d4-96af-b78ad9d8eb7f,VN,VN-68,locality,,land,Xã Tề Lỗ,"[[""en"", ""Tề Lỗ Commune""], [""vi"", ""Xã Tề Lỗ""]]",True,True,105.5227279663086,21.235715866088867,105.58155822753906,21.285375595092773,1e1203f5-f819-4d6a-ba1b-24e10b3d5fba
3c3b8fa3-396e-4f30-8112-ab760c85bfb0,VN,VN-18,locality,,land,Phường Hà Nam,"[[""en"", ""Hà Nam Ward""], [""vi"", ""Phường Hà Nam""]]",True,True,105.91072082519531,20.54160499572754,105.9681167602539,20.62552261352539,9a18cad8-94bd-4b1f-b28a-37caecfc83c4
d3a858d7-4814-4c1b-8b79-e5b858ab7f96,VN,VN-07,locality,,land,Xã Hòa An,"[[""en"", ""Hòa An Commune""], [""vi"", ""Xã Hòa An""]]",True,True,105.18872833251953,22.01860809326172,105.28888702392578,22.16391372680664,4091d12a-b6e5-4762-9bea-76fab0b5cb50
7a64759c-849d-437c-8305-6ae7ed6abdbe,VN,VN-66,locality,,land,Xã Ngự Thiên,"[[""en"", ""Ngự Thiên Commune""], [""vi"", ""Xã Ngự Thiên""]]",True,True,106.14918518066406,20.61176872253418,106.21560668945312,20.658079147338867,836ab2b3-b338-43a2-9796-805f3799f2f8
f9201cc0-5ccd-4fda-8c15-705a32bb87da,VN,VN-68,locality,,land,Xã Phù Ninh,"[[""en"", ""Phù Ninh Commune""], [""vi"", ""Xã Phù Ninh""]]",True,True,105.2737808227539,21.37272834777832,105.36138153076172,21.46023941040039,56c46c93-b1e4-475f-889e-604942033bc4
4f380f08-c518-4a94-856e-8bcf1cad029b,VN,VN-69,locality,,land,Xã Sảng Mộc,"[[""en"", ""Sảng Mộc Commune""], [""vi"", ""Xã Sảng Mộc""]]",True,True,105.94320678710938,21.844919204711914,106.0671157836914,21.967863082885742,042c57b4-a459-4bfa-949c-f5e70418d9de
78785924-9e2f-4520-83c7-10f321348e5b,VN,VN-07,locality,,land,Xã Lao Chải,"[[""en"", ""Lao Chải Commune""], [""vi"", ""Xã Lao Chải""]]",True,True,104.72647094726562,22.795459747314453,104.85123443603516,22.915159225463867,a7794abf-f8dc-4b6c-b156-c8f13b1926ca
92698304-10af-42e9-aefc-bab17e5e8544,VN,VN-07,locality,,land,Xã Việt Lâm,"[[""en"", ""Việt Lâm Commune""], [""vi"", ""Xã Việt Lâm""]]",True,True,104.83821868896484,22.590816497802734,104.96427154541016,22.7291316986084,fa148495-e820-48b9-9c65-60df4f2662a6
e8fee2b5-be48-4d29-ab7f-435690f429aa,VN,VN-13,locality,,land,Xã Lương Minh,"[[""vi-Hani"", ""社涼蒙""], [""vi"", ""Xã Lương Minh""], [""zh-Hans"", ""凉蒙社""], [""de"", ""Gemeinde Lương Minh""], [""lzh"", ""涼蒙社""], [""zh-Hant"", ""涼蒙社""], [""en"", ""Luong Minh Commune""], [""zh"", ""涼蒙社""]]",True,True,106.93545532226562,21.12335205078125,107.1010971069336,21.31575584411621,5a7cba42-3cce-4daa-b35e-4b02db1d5dee
91e2418a-8064-46d1-b1da-cab884038991,VN,VN-68,locality,,land,Xã Vạn Xuân,"[[""en"", ""Vạn Xuân Commune""], [""vi"", ""Xã Vạn Xuân""]]",True,True,105.16664123535156,21.2670955657959,105.27474212646484,21.337432861328125,25a23667-966e-49b8-8f95-0e8fe3741044
47194836-628e-4434-91d5-4f09c327dc71,VN,VN-07,locality,,land,Xã Côn Lôn,"[[""en"", ""Côn Lôn Commune""], [""vi"", ""Xã Côn Lôn""]]",True,True,105.31477355957031,22.45516014099121,105.48468780517578,22.640796661376953,7ac87ff2-63d1-4a47-ac58-e611dbd68cb4
e255865c-e531-40b1-bcf2-35ec78566e31,VN,VN-HN,locality,,land,Xã Kim Anh,"[[""en"", ""Kim Anh Commune""]]",True,True,105.72327423095703,21.236406326293945,105.80349731445312,21.35468292236328,83709c89-2eb0-45a6-b0b0-06fb875a1ae7
97530e02-7d43-4e23-8e04-b3cfb9c46fde,VN,VN-68,locality,,land,Xã Thịnh Minh,"[[""en"", ""Thịnh Minh Commune""], [""vi"", ""Xã Thịnh Minh""]]",True,True,105.31640625,20.917766571044922,105.44422149658203,21.024410247802734,a6ba45f7-3457-4d4d-8006-7897eec7255b
82d1f956-22b9-404b-876b-81843d6c75e3,VN,VN-68,locality,,land,Xã Tam Dương,"[[""en"", ""Tam Dương Commune""], [""vi"", ""Xã Tam Dương""]]",True,True,105.52487182617188,21.33735466003418,105.62352752685547,21.404985427856445,47c61b57-c959-436c-a72e-c49adaa3c8da
b28364c2-60ee-4fff-8ddc-f112fdc933a7,VN,VN-HN,locality,,land,Xã Tam Hưng,"[[""en"", ""Tam Hung Commune""], [""vi"", ""Xã Tam Hưng""]]",True,True,105.76749420166016,20.839569091796875,105.82447052001953,20.917165756225586,6c31b92e-944d-41d4-b76a-95ee9d40232a
ff58cfaf-55a4-4d30-b442-f4789888cf1b,VN,VN-07,locality,,land,Xã Sơn Dương,"[[""en"", ""Sơn Dương Commune""], [""vi"", ""Xã Sơn Dương""]]",True,True,105.3221435546875,21.62620735168457,105.49778747558594,21.752079010009766,fbb6c08f-732b-489a-8b49-32190b81c77c
06a81610-6804-4068-85e8-0bcf83154fa8,VN,VN-66,locality,,land,Xã Bắc Tiên Hưng,"[[""en"", ""Bắc Tiên Hưng Commune""], [""vi"", ""Xã Bắc Tiên Hưng""]]",True,True,106.27581024169922,20.547054290771484,106.36026000976562,20.61518096923828,40c88f17-d2aa-45f9-97bc-504461b0dbc3
8da65492-59d8-4dc0-ae11-8a44306dc671,VN,VN-09,locality,,land,Xã Tân Văn,"[[""vi-Hani"", ""社新文""], [""zh-Hans"", ""新文社""], [""lzh"", ""新文社""], [""zh-Hant"", ""新文社""], [""zh"", ""新文社""]]",True,True,106.3876724243164,21.865697860717773,106.54048156738281,21.982635498046875,6b866ae5-3d2a-40e5-8458-de27409e4c14
72dc5bbd-890c-4a39-9144-adc25a93529e,VN,VN-56,locality,,land,Xã Tây Yên Tử,"[[""vi-Hani"", ""社西安子""], [""zh-Hans"", ""西安子社""], [""ko"", ""떠이옌뜨""], [""lzh"", ""西安子社""], [""zh-Hant"", ""西安子社""], [""en"", ""Tây Yên Tử""], [""zh"", ""西安子社""]]",True,True,106.67359161376953,21.149972915649414,106.84782409667969,21.246822357177734,efe23dfd-bef6-45d3-a1c0-2912a381a159
29c18372-c888-4060-8fcd-d34e6354b978,VN,VN-HN,locality,,land,Xã Yên Xuân,"[[""en"", ""Yen Xuan Commune""], [""vi"", ""Xã Yên Xuân""]]",True,True,105.39191436767578,20.92940330505371,105.53015899658203,21.018203735351562,f3f4daeb-7cc3-4226-9f40-6f37f1709cda
f986a5cf-8efa-41dd-ab14-dfc7c57ccda2,VN,VN-04,locality,,land,Xã Minh Tâm,,True,True,106.01371765136719,22.629379272460938,106.14659118652344,22.76264190673828,56932aab-13f8-4681-b49c-b8aeb3c90e8c
4959dc0b-428c-4d81-97e9-1c0f9ff8e6f1,VN,VN-05,locality,,land,Xã Tà Xùa,"[[""en"", ""Tà Xùa Commune""], [""vi"", ""Xã Tà Xùa""]]",True,True,104.3185043334961,21.23979377746582,104.57020568847656,21.414094924926758,675c6042-abb8-42c6-9155-4e0fff4fefda
cae319ea-3136-46f9-9cd2-c5d1b53ba894,VN,VN-HP,locality,,land,Phường Đông Hải,"[[""en"", ""Đông Hải Ward""], [""vi"", ""Phường Đông Hải""]]",True,True,106.7079849243164,20.777076721191406,106.83855438232422,20.866548538208008,b2d1c9f2-ffe4-45cc-8025-58299802d451
ce9778d4-c21d-4175-8fb3-2007be2b1d43,VN,VN-HP,locality,,land,Xã Tiên Minh,"[[""en"", ""Tiên Minh Commune""], [""vi"", ""Xã Tiên Minh""]]",True,True,106.56700134277344,20.644649505615234,106.6511459350586,20.739248275756836,ceace118-4d51-4633-9245-934e550db75e
9ef326d8-03ea-4b17-9329-b025124df1bf,VN,VN-02,locality,,land,Phường Cầu Thia,"[[""en"", ""Cầu Thia Ward""], [""vi"", ""Phường Cầu Thia""]]",True,True,104.46707916259766,21.516521453857422,104.53479766845703,21.59308433532715,6ba56032-86ce-490c-a787-40679ed78cb0
82c53616-224b-4235-bc28-32a02f89c5bc,VN,VN-HN,locality,,land,Xã Minh Châu,"[[""en"", ""Minh Chau Commune""], [""vi"", ""Xã Minh Châu""]]",True,True,105.43855285644531,21.17890739440918,105.469970703125,21.2375545501709,3931cb9a-71ad-4a63-8ea1-55e31f1f72c6
63e758ba-df22-4d3f-aa16-a472e27c384a,VN,VN-04,locality,,land,Phường Tân Giang,"[[""en"", ""Tan Giang Ward""]]",True,True,106.20465850830078,22.571250915527344,106.35264587402344,22.663881301879883,f0ef7263-661d-4b9c-b18f-561796f18c77
f0cedaec-865e-4414-8037-3adaaa5cb027,VN,VN-68,locality,,land,Xã Lương Sơn,"[[""en"", ""Lương Sơn Commune""], [""vi"", ""Xã Lương Sơn""]]",True,True,105.44718933105469,20.83963966369629,105.58646392822266,20.94873809814453,e77f7ee0-b89d-4329-8ab4-70a0ded5f826
e59cc60d-52db-4045-bbed-d0f14084a47d,VN,VN-68,locality,,land,Xã Sơn Lương,"[[""en"", ""Sơn Lương Commune""], [""vi"", ""Xã Sơn Lương""]]",True,True,104.87833404541016,21.407194137573242,104.99727630615234,21.54427719116211,f56955f9-92b6-45a0-b703-7341832326b6
8899b8e6-3407-4c73-923c-b944c4befbcd,VN,VN-07,locality,,land,Xã Lũng Cú,"[[""en"", ""Lũng Cú Commune""], [""vi"", ""Xã Lũng Cú""]]",True,True,105.23405456542969,23.25855255126953,105.37020874023438,23.39269256591797,ce84bcdc-a31a-4092-b217-42578deeadbe
4cb9ad1c-56ab-4df6-9624-5eece9a23ad0,VN,VN-56,locality,,land,Xã Nghĩa Phương,"[[""vi-Hani"", ""社義芳""], [""zh-Hans"", ""义芳社""], [""lzh"", ""義芳社""], [""zh-Hant"", ""義芳社""], [""zh"", ""義芳社""]]",True,True,106.38880920410156,21.226137161254883,106.5145263671875,21.33049964904785,34dabb85-1e13-4744-8699-8a90b216948f
d0182c26-85eb-4891-8c35-deefd39895ef,VN,VN-04,locality,,land,Xã Đông Khê,,True,True,106.32352447509766,22.35692024230957,106.48155212402344,22.483139038085938,043cfb05-789e-4045-ae85-3b25f87494f9
f6224989-6c28-4a66-b99c-34d0ca172347,VN,VN-07,microhood,,land,Quảng trường Nguyễn Tất Thành,"[[""en"", ""Nguyen Tat Thanh Square""]]",True,True,105.21525573730469,21.818668365478516,105.21878814697266,21.821086883544922,68faac9a-6d76-461a-ae40-de3ecb2ebd9d
043b4306-9101-4b51-acd1-d0680361ca7a,VN,VN-09,locality,,land,Xã Thiện Hòa,"[[""vi-Hani"", ""社善和""], [""zh-Hans"", ""善和社""], [""lzh"", ""善和社""], [""zh-Hant"", ""善和社""], [""zh"", ""善和社""]]",True,True,106.09882354736328,22.015531539916992,106.3379135131836,22.14575958251953,aa92dcfb-d702-4fda-ba6e-765067f13c61
d7e744e1-9761-47b3-9458-ede766174501,VN,VN-HP,locality,,land,Xã Nam Sách,"[[""en"", ""Nam Sách Commune""], [""vi"", ""Xã Nam Sách""], [""ko"", ""남삭""]]",True,True,106.29996490478516,20.96360969543457,106.37245178222656,21.007471084594727,b6017e6c-e891-4413-a0e4-b9475c967d24
ae7d4b58-5061-4d21-a634-598ad99608a0,VN,VN-HP,locality,,land,Phường Gia Viên,"[[""en"", ""Gia Viên Ward""], [""vi"", ""Phường Gia Viên""]]",True,True,106.68160247802734,20.827587127685547,106.71150207519531,20.861595153808594,2e926525-62a5-4112-ab96-eb8756391a86
90dd5174-77e5-405b-851c-b8d3a1ef1c7e,VN,VN-07,locality,,land,Xã Vĩnh Tuy,"[[""en"", ""Vĩnh Tuy Commune""], [""vi"", ""Xã Vĩnh Tuy""]]",True,True,104.8101806640625,22.17734718322754,104.92200469970703,22.323612213134766,31cc6aec-0746-48f5-9248-910711faf0c0
25d1abfd-f4df-42ec-ab9e-e5154ca522c6,VN,VN-68,locality,,land,Xã Mai Hạ,"[[""en"", ""Mai Hạ Commune""], [""vi"", ""Xã Mai Hạ""]]",True,True,104.9958267211914,20.556947708129883,105.10134887695312,20.6636962890625,9a7757f2-81fb-495d-8c22-1085aed82834
62d99d6a-f0dd-4cff-a2b8-bd427dab2bde,VN,VN-02,microhood,,land,Quảng trường Bông Lúa,,True,True,104.51425170898438,21.592405319213867,104.51608276367188,21.593835830688477,9dfee2e8-4f74-4f69-a898-111239e7c2b7
791f38ef-a773-41ee-bf54-b0220b237278,VN,VN-HN,locality,,land,Xã Bát Tràng,"[[""en"", ""Bat Trang Commune""]]",True,True,105.88145446777344,20.926326751708984,105.94483947753906,21.012331008911133,6b153d6b-4b71-4189-97cf-2dde39062d73
70f78f83-39c4-4a64-bef2-a57ab6795c1f,VN,VN-HN,microhood,,land,B1,,True,True,105.83604431152344,20.97418785095215,105.83634948730469,20.974924087524414,7077010b-b95e-44a8-aa6e-518bec052ccd
085b7262-6577-4a9a-b5d9-b1fb6d0dec60,VN,VN-69,locality,,land,Xã Yên Trạch,"[[""en"", ""Yên Trạch Commune""], [""vi"", ""Xã Yên Trạch""]]",True,True,105.65458679199219,21.758941650390625,105.78125762939453,21.915836334228516,d3c35ae1-23ad-4df3-b98a-e4655abaf53b
afca7d1b-4f2d-4b5c-ad69-8c59dc073d4d,VN,VN-68,locality,,land,Xã Phú Khê,"[[""en"", ""Phú Khê Commune""], [""vi"", ""Xã Phú Khê""]]",True,True,105.04736328125,21.353923797607422,105.15662384033203,21.419281005859375,af302e56-3129-4b57-854a-8ad92a065005
960b1392-b63f-4adb-8ae5-9684eec1b1dd,VN,VN-66,locality,,land,Xã Việt Yên,"[[""en"", ""Việt Yên Commune""], [""vi"", ""Xã Việt Yên""]]",True,True,105.96244049072266,20.854246139526367,106.03529357910156,20.90569305419922,dca8f91b-94e3-4927-907d-dca92867b506
2accb39b-7ac4-4bd6-bba8-11c6d936a731,VN,VN-HN,locality,,land,Xã Vĩnh Thanh,"[[""en"", ""Vinh Thanh Commune""]]",True,True,105.78125762939453,21.080812454223633,105.85017395019531,21.126081466674805,52babb6c-552f-4fc0-965b-9de570d0b52b
87583ef8-aa28-493c-ab3c-2d96f0a36b49,VN,VN-13,locality,,land,Xã Hải Sơn,"[[""vi-Hani"", ""社海山""], [""vi"", ""Xã Hải Sơn""], [""zh-Hans"", ""海山社""], [""de"", ""Gemeinde Hải Sơn""], [""lzh"", ""海山社""], [""zh-Hant"", ""海山社""], [""en"", ""Hai Son Commune""], [""zh"", ""海山社""]]",True,True,107.73261260986328,21.55206298828125,107.94316101074219,21.65883445739746,00c05c5c-bab4-498a-bde7-8b3619661371
28e58f96-1696-4936-9646-01efdc4d4525,VN,VN-68,locality,,land,Xã Vân Bán,"[[""en"", ""Vân Bán Commune""], [""vi"", ""Xã Vân Bán""]]",True,True,105.01597595214844,21.39093589782715,105.08280181884766,21.447734832763672,c6013fcb-d489-4be7-b376-fad673ef7241
54209c3a-01eb-4ef6-98a6-56d50a4de18f,VN,VN-69,locality,,land,Xã An Khánh,"[[""en"", ""An Khánh Commune""], [""vi"", ""Xã An Khánh""]]",True,True,105.66228485107422,21.590534210205078,105.77600860595703,21.666759490966797,c4045b22-a401-4bd3-b476-2be91bcdb78b
05b377ac-db7a-4ab6-b3ba-119617a2bac1,VN,VN-68,locality,,land,Xã Hy Cương,"[[""en"", ""Hy Cương Commune""], [""vi"", ""Xã Hy Cương""]]",True,True,105.2922134399414,21.313066482543945,105.34402465820312,21.385475158691406,c473eef4-a50f-4fb8-9eb1-3ae4cf13c834
4a3ab2d5-fb15-43f8-9666-a0033d63526b,VN,VN-68,locality,,land,Xã Long Cốc,"[[""en"", ""Long Cốc Commune""], [""vi"", ""Xã Long Cốc""]]",True,True,105.02742004394531,21.037221908569336,105.11766052246094,21.15534019470215,83231568-5efb-4ef9-89fb-77c7cc646167
59c74d51-e6fd-43d5-9acd-826642fd7f22,VN,VN-HN,locality,,land,Xã Hồng Vân,"[[""en"", ""Hong Van Commune""]]",True,True,105.85714721679688,20.8477840423584,105.92436981201172,20.912105560302734,e54a9668-4463-4e79-83df-3191001447a2
10c69a99-5c7a-4eb1-9841-fba4abcfd7c0,VN,VN-HP,microhood,,land,Quảng trường Dragon - Đồ Sơn,,True,True,106.77704620361328,20.698850631713867,106.77823638916016,20.699411392211914,a24ea329-d26f-4c4a-9058-5371946a56fb
1943c781-239e-4ad3-80df-7c61b70f82a3,VN,VN-HP,locality,,land,Phường Vạn Hương,"[[""ja"", ""ヴァンフオン区""], [""ko"", ""반휘엉 군""]]",True,True,106.81324768066406,20.665569305419922,106.81841278076172,20.66878890991211,6ea1d2e8-f527-41b1-a5e3-bd5701ff9730
f28726e9-08d8-4fb4-9241-55a02a2c431b,VN,VN-02,locality,,land,Xã Mỏ Vàng,"[[""en"", ""Mỏ Vàng Commune""], [""vi"", ""Xã Mỏ Vàng""]]",True,True,104.54991912841797,21.614248275756836,104.69611358642578,21.80721664428711,5015b5ba-bed9-48b2-bb68-c09ad976aec1
75cd3e2b-cc61-43de-be0c-d2db5ea81b73,VN,VN-68,locality,,land,Xã Mai Châu,"[[""en"", ""Mai Châu Commune""], [""vi"", ""Xã Mai Châu""]]",True,True,104.94796752929688,20.562210083007812,105.15914154052734,20.739763259887695,206f7b7b-e7f0-4993-96fc-e1400c60159f
6729b73d-109a-4d8e-bd65-4f533637023f,VN,VN-HN,locality,,land,Phường Cầu Giấy,"[[""en"", ""Cau Giay Ward""]]",True,True,105.77861785888672,21.017669677734375,105.80135345458984,21.041845321655273,bc1ace46-3fd2-4d30-8f3c-e271d95240f7
cb47e1e5-861e-4eb3-a6d3-194452e9498b,VN,VN-68,locality,,land,Phường Việt Trì,"[[""en"", ""Việt Trì Ward""], [""vi"", ""Phường Việt Trì""]]",True,True,105.35177612304688,21.282337188720703,105.44593811035156,21.349929809570312,d91e9656-18fa-4c7b-8b0a-6dd187db3d32
d20d5ea3-0621-4e61-be17-e2b4b276e0cb,VN,VN-07,locality,,land,Xã Bình Ca,"[[""en"", ""Bình Ca Commune""], [""vi"", ""Xã Bình Ca""]]",True,True,105.24931335449219,21.677013397216797,105.35066223144531,21.775169372558594,c342de2d-9bc4-4033-a9fa-8c52bfa410e6
d56885a1-d689-4c96-84e8-7b3a39ab2063,VN,VN-68,locality,,land,Xã Kim Bôi,"[[""en"", ""Kim Bôi Commune""], [""vi"", ""Xã Kim Bôi""]]",True,True,105.47059631347656,20.59946060180664,105.57948303222656,20.721023559570312,a1805463-dcdc-4e6d-bc39-7fca543d9775
321bc221-c180-4cca-9a9f-6afce84c24bb,VN,VN-HP,locality,,land,Làng Đẩu Vũ,,True,True,106.63440704345703,20.795732498168945,106.64165496826172,20.80154800415039,ad4cc4f9-c9a5-49b4-bcc1-d974a41e04bf
e665c54a-4018-4f07-82da-33e2e5e631f8,VN,VN-69,locality,,land,Phường Bá Xuyên,"[[""en"", ""Bá Xuyên Ward""], [""de"", ""Stadtviertel Bá Xuyên""], [""vi"", ""Phường Bá Xuyên""]]",True,True,105.79267883300781,21.450010299682617,105.84576416015625,21.524709701538086,7c415d55-bcdf-4191-86fa-0e09a7f39212
40f02218-4832-4c39-bfb4-0165228df7c8,VN,VN-04,microhood,,land,Quảng trường Thành phố Cao Bằng,,True,True,106.22014617919922,22.677906036376953,106.22286987304688,22.680490493774414,a70b6d2e-1f67-42a9-88a7-a427141c9e42
20bb6d81-b103-4190-a1a4-528450271ce9,VN,VN-HP,region,1,maritime,Thành phố Hải Phòng,"[[""hy"", ""Հայֆոն""], [""bs"", ""Haiphong""], [""hr"", ""Haiphong""], [""ar"", ""ها فونغ""], [""fr"", ""Haïphong""], [""lv"", ""Haifona""], [""eu"", ""Hai Phong""], [""kl"", ""Hai Phong""], [""bn"", ""হাইফোং""], [""uk"", ""Хайфонг""], [""pt-PT"", ""Haiphong""], [""pt"", ""Haiphong""], [""cs"", ""Haiphong""], [""el"", ""Χάι Φονγκ""], [""it"", ""Haiphong""], [""ca"", ""Haiphong""], [""pt-BR"", ""Haiphong""], [""vi-Hani"", ""海防""], [""vi"", ""Thành phố Hải Phòng""], [""nl"", ""Haiphong""], [""zh-Hans"", ""海防市""], [""bg"", ""Хайфонг""], [""ko"", ""하이퐁""], [""eo"", ""Hai Phong""], [""oc"", ""Hai-Phong""], [""et"", ""Haiphong""], [""af"", ""Hai Phong""], [""de"", ""Hải Phòng""], [""cv"", ""Хайфон""], [""ur"", ""ہائیفونگ""], [""ru"", ""Хайфон""], [""ml"", ""ഹൈ ഫോങ്""], [""th"", ""ไฮฟอง""], [""id"", ""Haiphong""], [""ce"", ""Хайфон""], [""sr-Latn"", ""Hajfong""], [""sv"", ""Hai Phong""], [""tr"", ""Hải Phòng""], [""da"", ""Hai Phong""], [""sr-Cyrl"", ""Хајфонг""], [""zh-Hant"", ""海防市""], [""en"", ""Hải Phòng""], [""he"", ""האיפונג""], [""kn"", ""ಹಾಯ್ ಫೋಂಗ್""], [""sk"", ""Haiphong""], [""es"", ""Haiphong""], [""mr"", ""हाइ फाँग""], [""sw"", ""Hai Phong""], [""be"", ""Горад Хайфон""], [""ja"", ""ハイフォン""], [""fi"", ""Haiphong""], [""ro"", ""Haiphong""], [""lt"", ""Haifongas""], [""no"", ""Haiphong""], [""sl"", ""Haiphong""], [""fa"", ""هایفونگ""], [""zh"", ""海防市""], [""hu"", ""Hải Phòng""], [""pl"", ""Hajfong""]]",False,True,106.12421417236328,19.917755126953125,107.95185852050781,21.23699378967285,fbdd626d-233a-4684-8a1c-8921540475e4
9214d81b-e906-4f8d-a92b-c6986fac327a,VN,VN-HN,locality,,land,Phường Từ Liêm,"[[""en"", ""Tu Liem Ward""]]",True,True,105.75375366210938,21.00202751159668,105.79234313964844,21.041654586791992,cc0d7b93-8d16-4b26-91c4-16ce06c40f15
24964f7c-e348-49a1-84bd-0948efeb905f,VN,VN-66,locality,,land,Xã Nguyễn Văn Linh,"[[""en"", ""Nguyễn Văn Linh Commune""], [""vi"", ""Xã Nguyễn Văn Linh""]]",True,True,106.01248168945312,20.896669387817383,106.0760498046875,20.954448699951172,d6dbbf4f-065f-480b-b25e-b492bfbefeab
ff28c9da-b18c-42ab-8cc9-d021875ee763,VN,VN-07,locality,,land,Xã Hùng An,"[[""en"", ""Hùng An Commune""], [""vi"", ""Xã Hùng An""]]",True,True,104.74999237060547,22.270586013793945,104.90055847167969,22.393136978149414,b7f97f46-32ba-41fc-9b97-a14faf1c4cbb
731f5c37-dc58-4dcf-9ef6-6612117e0c70,VN,VN-09,locality,,land,Xã Lợi Bác,"[[""vi-Hani"", ""社利博""], [""zh-Hans"", ""利博社""], [""lzh"", ""利博社""], [""zh-Hant"", ""利博社""], [""zh"", ""利博社""]]",True,True,106.93914031982422,21.546876907348633,107.06271362304688,21.728853225708008,c3ec68f0-0969-48e8-ad3c-36f3c2b98428
558b4d79-27c4-4705-95f9-59902a89a225,VN,VN-HP,locality,,land,Xã Hà Bắc,"[[""en"", ""Hà Bắc Commune""], [""vi"", ""Xã Hà Bắc""]]",True,True,106.3825454711914,20.90675926208496,106.44725036621094,20.97527313232422,74cc7e20-0751-4d14-a046-30ae0466f5f4
69cd9fa2-1932-44f7-b42a-1b219d61045e,VN,VN-66,locality,,land,Xã Đông Hưng,"[[""en"", ""Đông Hưng Commune""], [""vi"", ""Xã Đông Hưng""]]",True,True,106.33351135253906,20.5275936126709,106.38916015625,20.591712951660156,c322265f-ac06-4ee3-ab2e-cc21a974034b
4c550883-fcef-4522-a152-0ea804213ae8,VN,VN-56,locality,,land,Xã Đại Lai,"[[""vi-Hani"", ""坊大來""], [""zh-Hans"", ""大来坊""], [""lzh"", ""大來坊""], [""zh-Hant"", ""大來坊""], [""en"", ""Dai Lai Commune""], [""zh"", ""大來坊""]]",True,True,106.15560913085938,21.07061195373535,106.23059844970703,21.10589599609375,85545871-3e21-4cfd-aeb4-b5836d944f38
8fd9b5b6-c87b-49e0-a0e3-0fa537167954,VN,VN-68,locality,,land,Xã Bản Nguyên,"[[""en"", ""Bản Nguyên Commune""], [""vi"", ""Xã Bản Nguyên""]]",True,True,105.29026794433594,21.247528076171875,105.36052703857422,21.315759658813477,bc983221-2675-4414-bd85-713e6bf95871
a08c6cb4-2121-4b89-8bd6-3e25d639a471,VN,VN-HN,locality,,land,Phường Sơn Tây,"[[""en"", ""Son Tay Ward""], [""vi"", ""Phường Sơn Tây""]]",True,True,105.45053100585938,21.112709045410156,105.52459716796875,21.1718807220459,7da460ea-7ce2-49bb-991d-2a4f89cde804
4097a8ef-0bf5-4315-b46c-15b9f67d544e,VN,VN-68,locality,,land,Xã Hiền Lương,"[[""en"", ""Hiền Lương Commune""], [""vi"", ""Xã Hiền Lương""]]",True,True,104.86787414550781,21.52216339111328,105.00431823730469,21.622161865234375,3c57680e-3fd8-4b63-83bf-15c2e4a6971d
ef35f886-1a0d-4a3e-9b5c-7d4eac29d72b,VN,VN-69,locality,,land,Phường Quan Triều,"[[""en"", ""Quan Triều Ward""], [""de"", ""Stadtviertel Quan Triều""], [""vi"", ""Phường Quan Triều""]]",True,True,105.76351928710938,21.596698760986328,105.83847045898438,21.667604446411133,a9b476c7-0660-4d67-89c3-a639dee66b4f
ddd200ee-d46d-4f5e-a342-93de51ab04ea,VN,VN-66,locality,,land,Lương,,True,True,105.98271179199219,20.92046356201172,106.00981903076172,20.932373046875,a14016af-ced3-4ee8-8697-a4440da97c28
1cc414d5-aa16-4310-8397-f5ea33517ace,VN,VN-HP,microhood,,land,Quảng trường Nhà Hát Lớn,,True,True,106.68151092529297,20.85695457458496,106.68209838867188,20.857250213623047,ee7980c0-88df-4a87-a718-67f7dc207dd4
6afc40a1-4bf3-4769-bbe8-67d2c8d1c5ea,VN,VN-HN,microhood,,land,D6,,True,True,105.8335952758789,20.973379135131836,105.8342514038086,20.97364044189453,35babc7f-a90d-4a1d-88b3-e78521d2c58c
f0f1f6bf-bed2-4b30-8d6f-665d50240822,VN,VN-04,locality,,land,Xã Huy Giáp,,True,True,105.70484161376953,22.729637145996094,105.85064697265625,22.863439559936523,9269116a-e57d-4e88-9ac4-878369ef360c
6b3e43e7-0967-47ce-aa05-d48239c7db23,VN,VN-68,locality,,land,Xã Yên Sơn,"[[""en"", ""Yên Sơn Commune""], [""vi"", ""Xã Yên Sơn""]]",True,True,105.1940689086914,20.918384552001953,105.34442901611328,21.01385498046875,14e316b3-2599-417b-9756-db707ea39ac8
79b2bddd-4ca0-451c-b682-b5c560b46292,VN,VN-HN,microhood,,land,F3,,True,True,105.83663940429688,20.972564697265625,105.83698272705078,20.973175048828125,c0959575-6952-4eff-8683-5863103712d4
43e5f08a-4345-490f-83e0-e02480a1105e,VN,VN-07,locality,,land,Xã Trung Hà,"[[""en"", ""Trung Hà Commune""], [""vi"", ""Xã Trung Hà""]]",True,True,104.99370574951172,22.220638275146484,105.13237762451172,22.357505798339844,1bd70290-a170-4a54-886d-fc95af924fcb
23f311da-e21a-4fa8-b6bb-c013fdc441c1,VN,VN-68,locality,,land,Phường Tân Hòa,"[[""en"", ""Tân Hòa Ward""], [""vi"", ""Phường Tân Hòa""]]",True,True,105.28041076660156,20.79707908630371,105.34915924072266,20.940052032470703,18f079aa-63e9-4b5c-8c5d-7e34ed4d61c8
31bf9ae3-e55e-4ffa-b3e9-672726b17589,VN,VN-07,locality,,land,Xã Lũng Phìn,"[[""en"", ""Lũng Phìn Commune""], [""vi"", ""Xã Lũng Phìn""]]",True,True,105.20728302001953,23.08875274658203,105.31851196289062,23.191226959228516,6100fe39-4899-472f-9f4b-82b3638329d0
4de0ee8c-8fbc-4f13-97fc-fc93aa5bf75c,VN,VN-68,locality,,land,Xã Thổ Tang,"[[""en"", ""Thổ Tang Commune""], [""vi"", ""Xã Thổ Tang""]]",True,True,105.46807861328125,21.19517707824707,105.51362609863281,21.269880294799805,7352f3ae-10c6-4734-a5fd-5d4a3552ea15
bba6d48c-f7d2-4b2a-98f6-836e5b4e18f9,VN,VN-68,microhood,,land,Quảng trường Hòa Bình,,True,True,105.34638214111328,20.810937881469727,105.34986114501953,20.813875198364258,9e486ee0-3cab-4661-9d7c-074f1be64cb8
0a3ec132-e162-4948-bdc4-16d12172d1bf,VN,VN-07,locality,,land,Xã Bình An,"[[""en"", ""Bình An Commune""], [""vi"", ""Xã Bình An""]]",True,True,105.10987091064453,22.332857131958008,105.25143432617188,22.484403610229492,31225138-4da8-49a9-ba03-09f2b33ef59f
e1a9c46c-ae59-42b6-9df1-5f4a35fd60b3,VN,VN-56,locality,,land,Xã Trung Chính,"[[""vi-Hani"", ""社忠貞""], [""zh-Hans"", ""忠贞社""], [""lzh"", ""忠貞社""], [""zh-Hant"", ""忠貞社""], [""en"", ""Trung Chinh Commune""], [""zh"", ""忠貞社""]]",True,True,106.18888854980469,20.983230590820312,106.27713775634766,21.03502082824707,661d24c0-a908-48f9-bcc1-3700af3348cc
a1a857b1-2e43-4345-8856-27f541574ead,VN,VN-HP,locality,,land,Xã Kiến Minh,"[[""en"", ""Kiến Minh Commune""], [""vi"", ""Xã Kiến Minh""]]",True,True,106.66678619384766,20.739408493041992,106.70796203613281,20.790651321411133,903b709d-9842-436f-af6a-dd05f5c3e67b
41e2822e-a5eb-459c-b779-1289214d596f,VN,VN-07,locality,,land,Xã Bắc Quang,"[[""en"", ""Bắc Quang Commune""], [""vi"", ""Xã Bắc Quang""]]",True,True,104.76614379882812,22.349468231201172,104.91868591308594,22.485658645629883,3bc67ffb-96a8-4d9e-9607-501d6cb18573
2e53e0da-ef3a-475e-a0a6-52163dd56ded,VN,VN-HP,locality,,land,Xã Việt Khê,"[[""en"", ""Việt Khê Commune""], [""vi"", ""Xã Việt Khê""]]",True,True,106.5545425415039,20.958011627197266,106.6292724609375,21.02032470703125,f8886fdd-7cca-4972-8736-85c250a8a80e
04d3a47c-dd61-45cf-9d92-95f5ebd08f90,VN,VN-09,locality,,land,Xã Nhân Lý,"[[""vi-Hani"", ""社仁里""], [""zh-Hans"", ""仁里社""], [""lzh"", ""仁里社""], [""zh-Hant"", ""仁里社""], [""zh"", ""仁里社""]]",True,True,106.58893585205078,21.62879180908203,106.72948455810547,21.765159606933594,d95c89ee-40d6-45b9-abab-0150ffea84a4
bd7a7f1b-6c4b-4309-97bc-76936514fa3d,VN,VN-04,locality,,land,Xã Yên Thổ,,True,True,105.44725799560547,22.633211135864258,105.64537048339844,22.79020118713379,e2f1ef22-f6bf-4fa1-8c36-2207489f3b61
20b94301-bb49-410e-bdc9-f93aa1ffcb62,VN,VN-66,locality,,land,Xã Đông Thụy Anh,"[[""en"", ""Đông Thụy Anh Commune""], [""vi"", ""Xã Đông Thụy Anh""]]",True,True,106.54143524169922,20.580562591552734,106.63825225830078,20.639766693115234,d8de2413-9696-402c-aaab-510bfd067544
4ada4c72-680d-4045-aed6-316c5a63776e,VN,VN-05,locality,,land,Xã Chiềng Hặc,"[[""en"", ""Chiềng Hặc Commune""], [""vi"", ""Xã Chiềng Hặc""]]",True,True,104.32460021972656,20.881322860717773,104.5467529296875,21.07659149169922,c8e6d854-c4af-440c-bf6d-1d511e7a2522
4ad13ac7-8d95-4ad0-8999-8be9946db0b5,VN,VN-HN,microhood,,land,C6,,True,True,105.83486938476562,20.97357177734375,105.83522033691406,20.973827362060547,e0431b7d-536f-4ab9-9d54-4ac998df1187
72d4c71e-610e-4bb0-aae9-78acde42086a,VN,VN-66,locality,,land,Phường Mỹ Hào,"[[""en"", ""Mỹ Hào Ward""], [""vi"", ""Phường Mỹ Hào""]]",True,True,106.03102111816406,20.929040908813477,106.11371612548828,20.977886199951172,6045f070-428f-49b1-a5dc-439fbcc897a9
fd12559f-d9d0-4798-a1b5-696d67c8c09e,VN,VN-56,locality,,land,Xã Đại Sơn,"[[""vi-Hani"", ""社大山""], [""zh-Hans"", ""大山社""], [""lzh"", ""大山社""], [""zh-Hant"", ""大山社""], [""zh"", ""大山社""]]",True,True,106.77505493164062,21.36216163635254,106.91098022460938,21.44413185119629,69d34681-6128-4ffd-92b4-a0f0cc636800
cad48fde-8aae-4b4f-aff1-213263123731,VN,VN-56,locality,,land,Phường Bồng Lai,"[[""vi-Hani"", ""坊蓬萊""], [""zh-Hans"", ""蓬莱坊""], [""lzh"", ""蓬萊坊""], [""zh-Hant"", ""蓬萊坊""], [""en"", ""Bong Lai Ward""], [""zh"", ""蓬萊坊""]]",True,True,106.12944030761719,21.096668243408203,106.20140838623047,21.142621994018555,c8514f5d-7241-43bf-b6e3-a29a9dc2da68
70224acb-8ead-4632-b029-181a64dcdd0b,VN,VN-HP,locality,,land,Phường Kinh Môn,"[[""en"", ""Kinh Môn Ward""], [""de"", ""Stadtviertel Kinh Môn""], [""vi"", ""Phường Kinh Môn""], [""ko"", ""낀몬""]]",True,True,106.51205444335938,20.95334243774414,106.56356048583984,21.007965087890625,55090168-3511-4bd7-9554-a1bccfa445a3
f083de06-82f4-4f54-a89d-4b70e41a1fec,VN,VN-56,locality,,land,Phường Trí Quả,"[[""vi-Hani"", ""坊致果""], [""zh-Hans"", ""致果坊""], [""lzh"", ""致果坊""], [""zh-Hant"", ""致果坊""], [""en"", ""Tri Qua Ward""], [""zh"", ""致果坊""]]",True,True,106.00212097167969,21.02337074279785,106.0689697265625,21.073564529418945,2c148a70-75da-4ec1-b8aa-40636efcf497
8235e034-1bd6-4a5c-897c-d592e6cca2a8,VN,VN-HN,locality,,land,Xã Thạch Thất,"[[""en"", ""Thach That Commune""], [""vi"", ""Xã Thạch Thất""]]",True,True,105.52308654785156,21.03064727783203,105.59405517578125,21.101953506469727,8871b4df-39a6-4d98-b4b4-c22b0044fc71
cac22da6-2776-4299-860d-3e80a8c97199,VN,VN-HP,locality,,land,Xã Gia Phúc,"[[""en"", ""Gia Phúc Commune""], [""vi"", ""Xã Gia Phúc""]]",True,True,106.2713623046875,20.79423713684082,106.35061645507812,20.862979888916016,7ad1acc0-32c6-4297-a46f-4c174e727ec9
0988782f-5e61-4ce9-99c2-b35a7b9c6d41,VN,VN-HN,locality,,land,Xã Phúc Thịnh,"[[""en"", ""Phuc Thinh Commune""]]",True,True,105.77017974853516,21.124605178833008,105.85631561279297,21.192867279052734,79c2f3dd-a2f8-452e-a94a-016a9c468eed
156e6c51-1dfe-491e-a296-e5f2e16ec90f,VN,VN-04,locality,,land,Xã Tĩnh Túc,,True,True,105.83837127685547,22.62409019470215,105.95003509521484,22.768144607543945,95003133-5881-4a38-98ad-def7de26371e
68b56028-563c-48e0-91e5-f97b56e3406c,VN,VN-68,locality,,land,Xã An Nghĩa,"[[""en"", ""An Nghĩa Commune""], [""vi"", ""Xã An Nghĩa""]]",True,True,105.61445617675781,20.508804321289062,105.78497314453125,20.624326705932617,3fe6636a-f345-4dad-a534-5a9d24241bdc
77e30164-ee0a-4c4f-b31a-43e967f7b14b,VN,VN-69,locality,,land,Xã Bình Yên,"[[""en"", ""Bình Yên Commune""], [""vi"", ""Xã Bình Yên""]]",True,True,105.51836395263672,21.822221755981445,105.62625122070312,21.903440475463867,aaa08b4b-518b-4cb0-a52c-c6fce70f9eef
71328127-ec29-4be8-b9fe-747041ac8c16,VN,VN-HN,microhood,,land,C5,,True,True,105.83454132080078,20.973377227783203,105.8352279663086,20.974018096923828,6d150220-8a40-4aea-9574-c0f123d59efe
3fd876a3-cd78-49db-8164-2c61b8da732d,VN,VN-13,neighborhood,,land,Khu 9,,True,True,107.02361297607422,20.95413589477539,107.02540588378906,20.956722259521484,e0c0db20-27a6-4c9c-85fc-314938de0c78
15102131-6c63-4937-a6ea-38dd2c2e639c,VN,VN-07,locality,,land,Xã Kim Bình,"[[""en"", ""Kim Bình Commune""], [""vi"", ""Xã Kim Bình""]]",True,True,105.25641632080078,22.013256072998047,105.36549377441406,22.141338348388672,78603426-ba5a-4c07-a8be-7399003d36be
919519ad-066f-42d2-a15d-2dd7d8782475,VN,VN-13,locality,,land,Phường Uông Bí,"[[""vi-Hani"", ""坊汪秘""], [""vi"", ""Phường Uông Bí""], [""zh-Hans"", ""汪秘坊""], [""ko"", ""우옹비""], [""de"", ""Stadtviertel Uông Bí""], [""ru"", ""Уонгби""], [""th"", ""อวงบี๊""], [""lzh"", ""汪秘坊""], [""zh-Hant"", ""汪秘坊""], [""en"", ""Uong Bi Ward""], [""ja"", ""ウオンビ""], [""zh"", ""汪秘坊""]]",True,True,106.73318481445312,20.970876693725586,106.79998016357422,21.083513259887695,2aa53b18-5f7b-46f0-a159-4365dd6fa0c0
aff8aa28-49e7-44d4-82e3-fb95b48c0e4f,VN,VN-56,locality,,land,Xã Văn Môn,"[[""vi-Hani"", ""社文門""], [""zh-Hans"", ""文门社""], [""lzh"", ""文門社""], [""zh-Hant"", ""文門社""], [""en"", ""Van Mon Commune""], [""zh"", ""文門社""]]",True,True,105.91228485107422,21.1562557220459,105.96453857421875,21.211711883544922,79a5d802-3771-465b-980d-d7db8dd9ba43
d94e5d80-2e40-4e70-b316-2c65f03d912d,VN,VN-HN,locality,,land,Xóm Đồng,,True,True,105.7050552368164,20.93218421936035,105.71458435058594,20.946006774902344,4814c420-9aef-447e-9e73-597601d9c562
0cc25a13-d751-48ef-ae41-6917d245f680,VN,VN-02,locality,,land,Xã Phình Hồ,"[[""en"", ""Phình Hồ Commune""], [""vi"", ""Xã Phình Hồ""]]",True,True,104.38558197021484,21.35112953186035,104.6116714477539,21.55429458618164,687a53fd-7348-4f68-b5ec-1f73274c3f36
36846bcf-95cc-4187-a288-e51595cb405f,VN,VN-13,locality,,land,Hà Lầm,"[[""vi-Hani"", ""坊河林""], [""vi"", ""Phường Hà Lầm""], [""zh-Hans"", ""河林坊""], [""ko"", ""할럼""], [""de"", ""Stadtviertel Hà Lầm""], [""lzh"", ""河林坊""], [""zh-Hant"", ""河林坊""], [""en"", ""Ha Lam Ward""], [""zh"", ""河林坊""]]",True,True,107.08738708496094,20.948469161987305,107.13590240478516,20.989994049072266,f2463c95-8aaf-4698-a220-1e41ce5ebd73
a4d32a2b-1970-4017-995d-4ad7ac9f7413,VN,VN-HN,locality,,land,Phường Xuân Phương,"[[""en"", ""Xuan Phuong Ward""]]",True,True,105.72655487060547,21.00636863708496,105.76333618164062,21.056560516357422,f7cbd8b3-dcc6-4304-8e90-ad89dd8b6785
84eadfdb-2bbf-4393-9e99-9dfaef5e591d,VN,VN-68,locality,,land,Xã Bằng Luân,"[[""en"", ""Bằng Luân Commune""], [""vi"", ""Xã Bằng Luân""]]",True,True,105.01612091064453,21.597932815551758,105.11793518066406,21.70130729675293,76eb44e8-6e80-4353-a2ee-4220a63b2095
ae9537a9-8ba0-403c-b0f5-e9ec2db692da,VN,VN-HP,locality,,land,Làng Tiền Am,,True,True,106.53942108154297,20.65831756591797,106.54717254638672,20.663137435913086,fa135e85-e910-4ca7-95c8-fb4358219537
af95a099-008c-4783-9214-ba65057dff3a,VN,VN-07,locality,,land,Xã Phố Bảng,"[[""en"", ""Phố Bảng Commune""], [""vi"", ""Xã Phố Bảng""]]",True,True,105.11944580078125,23.156953811645508,105.22623443603516,23.28919219970703,2c9a36d6-4bc6-44a3-b6b8-9b05f557b44c
84d9f8ce-be4a-409d-bbd6-6c1d441c4f31,VN,VN-13,region,1,maritime,Tỉnh Quảng Ninh,"[[""bs"", ""Provincija Quang Ninh""], [""hr"", ""Provincija Quang Ninh""], [""ar"", ""مقاطعة كوانغ نينه""], [""fr"", ""Province Quảng Ninh""], [""lv"", ""Quang Ninh province""], [""uk"", ""Провінція Куанґнінь""], [""pt-PT"", ""Província de Quang Ninh""], [""pt"", ""Província Quảng Ninh""], [""cs"", ""Provincie Quảng Ninh""], [""el"", ""Επαρχία Κουάνγκ Νινχ""], [""it"", ""Provincia Quảng Ninh""], [""ca"", ""Província de Quang Ninh""], [""pt-BR"", ""Província de Quang Ninh""], [""vi-Hani"", ""省廣寧""], [""vi"", ""Tỉnh Quảng Ninh""], [""nl"", ""Provincie van Quảng Ninh""], [""zh-Hans"", ""广宁省""], [""bg"", ""Провинция Куанг Нин""], [""ko"", ""꽝닌성""], [""et"", ""Quang Ninhi provints""], [""de"", ""Provinz Quảng Ninh""], [""ru"", ""провинция Куангнинь""], [""th"", ""จังหวัดควงนินห์""], [""id"", ""Provinsi Quảng Ninh""], [""sr-Latn"", ""Kvang Ninh provincija""], [""sv"", ""Quảng Ninh-provinsen""], [""tr"", ""Quảng Ninh Ili""], [""da"", ""Quảng Ninh-provinsen""], [""zh-Hant"", ""廣寧省""], [""en"", ""Quảng Ninh Province""], [""he"", ""מחוז קואנג נין""], [""sk"", ""Provincia Quang Ninh""], [""es"", ""Provincia Quảng Ninh""], [""ja"", ""クアンニン""], [""fi"", ""Quang Ninhin maakunta""], [""ro"", ""Provincia Quảng Ninh""], [""lt"", ""Kvangninio provincija""], [""no"", ""Quảng Ninh-provinsen""], [""sl"", ""Provinca Quang Ninh""], [""zh"", ""广宁省""], [""ms"", ""Provinsi Quảng Ninh""], [""hu"", ""Quang Ninh tartomány""], [""pl"", ""Prowincja Quảng Ninh""]]",False,True,106.43914031982422,20.46456527709961,108.20862579345703,21.663532257080078,1359db1a-2f99-41bb-a54a-28206bafafa8
81886590-4488-4d83-9e67-08dc838634fb,VN,VN-13,locality,,land,Xã Hải Hòa,"[[""vi-Hani"", ""社海和""], [""zh-Hans"", ""海和社""], [""de"", ""Gemeinde Hải Hòa""], [""lzh"", ""海和社""], [""zh-Hant"", ""海和社""], [""zh"", ""海和社""]]",True,True,107.31214904785156,21.081941604614258,107.406982421875,21.2218017578125,e7e0cfbc-714b-42bd-959a-5e6e979d6042
029901c0-7b34-47c4-aab7-b4262d6019d3,VN,VN-04,locality,,land,Xã Minh Khai,,True,True,106.09423828125,22.387062072753906,106.24431610107422,22.579280853271484,c9aa80eb-8835-46d6-891c-75b1d19577be
4a233af4-8de8-47ec-af73-c1add2bf0cf6,VN,VN-04,locality,,land,Xã Đoài Dương,,True,True,106.39604949951172,22.70355224609375,106.60772705078125,22.826860427856445,b323066c-c66f-4c41-afcb-d20a20cb6d75
f31dd66e-9419-4335-8fa6-6a6bbdc776a0,VN,VN-07,locality,,land,Xã Đường Thượng,"[[""en"", ""Đường Thượng Commune""], [""vi"", ""Xã Đường Thượng""]]",True,True,105.12525177001953,22.940317153930664,105.29641723632812,23.031661987304688,e3f75856-ca3a-422c-8789-3f42bf8052a7
a2249475-6eed-4f58-9176-78bd91b58b0a,VN,VN-68,locality,,land,Xã Đạo Trù,"[[""en"", ""Đạo Trù Commune""], [""vi"", ""Xã Đạo Trù""]]",True,True,105.48756408691406,21.467723846435547,105.61929321289062,21.57379913330078,c85adae1-b2b9-426e-9dc8-57d79bbcfd36
7770aa6f-8a54-471a-8fb7-eb036aace8e5,VN,VN-HP,locality,,land,Phường Hồng An,"[[""en"", ""Hồng An Ward""], [""vi"", ""Phường Hồng An""]]",True,True,106.55570983886719,20.879974365234375,106.62371826171875,20.951759338378906,146efef8-9195-4ad9-86b2-d95e124869b9
904d77ab-9ef9-4265-a362-88923884f254,VN,VN-HN,locality,,land,Phường Ô Chợ Dừa,"[[""en"", ""O Cho Dua Ward""]]",True,True,105.81487274169922,21.013858795166016,105.83606719970703,21.032161712646484,442c9d4e-fc48-430b-a028-20671497bad6
91af275e-929c-4a61-8a1f-f9901f4276bd,VN,VN-68,locality,,land,Xã Phú Mỹ,"[[""en"", ""Phú Mỹ Commune""], [""vi"", ""Xã Phú Mỹ""]]",True,True,105.23961639404297,21.484973907470703,105.30877685546875,21.543453216552734,a89b0bca-6d88-4587-8059-3d99a67348ee
5726319c-a675-4643-bd89-c1ad7b6f8a5a,VN,VN-HP,locality,,land,khu Vuc,,True,True,107.0728759765625,20.768360137939453,107.08085632324219,20.772356033325195,f66dc231-6796-45f4-b3b3-f8ff4eee73e8
7fce64ff-5c80-4c74-acb1-506e0523e096,VN,VN-13,locality,,land,Đặc khu Vân Đồn,"[[""vi-Hani"", ""特區雲屯""], [""zh-Hans"", ""云屯特区""], [""de"", ""Sonderzone Vân Đồn""], [""lzh"", ""雲屯特區""], [""zh-Hant"", ""雲屯特區""], [""en"", ""Vân Đồn Special Administrative Region""], [""zh"", ""雲屯特區""]]",True,True,107.28438568115234,20.716358184814453,107.69563293457031,21.275121688842773,78366957-b4e4-44f1-b4c7-c6efedacfc80
8be66572-c518-4bf5-a069-2f9783958c02,VN,VN-04,locality,,land,Xã Phan Thanh,,True,True,105.7268295288086,22.523738861083984,105.8697509765625,22.692155838012695,e1f2c706-8331-45a7-a1c7-9f2a50315002
b7894a11-1950-4ac6-8f3a-0d81832b87a2,VN,VN-66,locality,,land,Xã Lạc Đạo,"[[""en"", ""Lạc Đạo Commune""], [""vi"", ""Xã Lạc Đạo""]]",True,True,105.9960708618164,20.95285987854004,106.07093048095703,21.0037784576416,71de962c-10d3-4b9c-a94c-819b959b7d94
c118e443-d5a9-4bd0-90c6-80a5b098de3a,VN,VN-09,locality,,land,Xã Quý Hòa,"[[""vi-Hani"", ""社貴和""], [""zh-Hans"", ""贵和社""], [""lzh"", ""貴和社""], [""zh-Hant"", ""貴和社""], [""zh"", ""貴和社""]]",True,True,106.1998519897461,22.108747482299805,106.3515625,22.248414993286133,0861f148-b012-4264-acef-eff356da8b3c
d92a24b8-1679-4cb6-8132-aef22a9e3d95,VN,VN-68,locality,,land,Xã Đức Nhàn,"[[""en"", ""Đức Nhàn Commune""], [""vi"", ""Xã Đức Nhàn""]]",True,True,104.85262298583984,20.96637535095215,104.99771881103516,21.112770080566406,9dd1c73b-4027-4100-806e-c29f6c52c911
b4007ca2-c05f-49c0-9626-a608e9e24404,VN,VN-HP,locality,,land,Xã Hồng Châu,"[[""en"", ""Hồng Châu Commune""], [""vi"", ""Xã Hồng Châu""]]",True,True,106.2623062133789,20.68958854675293,106.31184387207031,20.774938583374023,a4d3bd4c-743d-4979-b83c-498892d946f9
80ab5629-fe21-46b0-a509-59bb9d009d80,VN,VN-68,locality,,land,Xã Chí Tiên,"[[""en"", ""Chí Tiên Commune""], [""vi"", ""Xã Chí Tiên""]]",True,True,105.1386489868164,21.380727767944336,105.18822479248047,21.464269638061523,91ed14be-03a8-459b-8d8e-be85dca99b8b
0ebeea12-9562-4f84-b83b-d5520c3822d5,VN,VN-HP,locality,,land,Xã Nghi Dương,"[[""en"", ""Nghi Dương Commune""], [""vi"", ""Xã Nghi Dương""]]",True,True,106.60150146484375,20.699573516845703,106.65680694580078,20.753263473510742,1a1592d2-27e6-452c-adcb-2839b85da7a8
699b3b1e-9c26-4cf1-990a-04ff5943cd04,VN,VN-69,locality,,land,Phường Tích Lương,"[[""en"", ""Tích Lương Ward""], [""de"", ""Stadtviertel Tích Lương""], [""vi"", ""Phường Tích Lương""]]",True,True,105.81895446777344,21.514680862426758,105.89154815673828,21.576929092407227,9dfff427-b329-4185-a89c-b9c819d57c61
b78995bc-1f14-4156-a8ec-fef24bea9c5d,VN,VN-69,locality,,land,H'mong village,,True,True,105.58223724365234,22.391206741333008,105.58313751220703,22.39176368713379,07195c97-1f20-477e-9792-be83a909a70d
7526ca7a-3bf2-496a-978c-377ff95ef204,VN,VN-HN,locality,,land,Xã Phú Nghĩa,"[[""de"", ""Gemeinde Phú Nghĩa""]]",True,True,105.59745025634766,20.880701065063477,105.67736053466797,20.955759048461914,4f99a9bc-833b-4a94-ae62-4bbd6108a555
56e5a25d-d55e-4520-887d-85b2fa04e100,VN,VN-56,locality,,land,Xã Yên Thế,"[[""vi-Hani"", ""社安世""], [""zh-Hans"", ""安世社""], [""lzh"", ""安世社""], [""zh-Hant"", ""安世社""], [""zh"", ""安世社""]]",True,True,106.09355926513672,21.424039840698242,106.18123626708984,21.515127182006836,006eb049-1807-46df-a58e-bf11578db8d8
b1cc4f91-30b2-42a6-8b67-393f77f9b32c,VN,VN-66,locality,,land,Xã Quang Hưng,"[[""en"", ""Quang Hưng Commune""], [""vi"", ""Xã Quang Hưng""]]",True,True,106.14897918701172,20.710323333740234,106.21894836425781,20.785036087036133,364c8ef3-b4fe-425c-8af0-1af04c647bbb
17bcd009-7b91-49d2-8bcd-4ed9d622ad73,VN,VN-02,locality,,land,Xã Phong Dụ Hạ,"[[""en"", ""Phong Dụ Hạ Commune""], [""vi"", ""Xã Phong Dụ Hạ""]]",True,True,104.38549041748047,21.824892044067383,104.56828308105469,21.967012405395508,eb76e69f-0c40-4c7d-9cce-72e7903f488d
933501c7-1666-4ce5-97f8-63dc4ee1e067,VN,VN-02,locality,,land,Xã Cảm Nhân,"[[""en"", ""Cảm Nhân Commune""], [""vi"", ""Xã Cảm Nhân""]]",True,True,104.85922241210938,21.9364013671875,104.9998550415039,22.072589874267578,7fe7b32d-f292-4514-85c5-1ad76f062af5
bd08e62e-fdd7-4667-ae75-0834231ed8dc,VN,VN-07,locality,,land,Xã Tân Trịnh,"[[""en"", ""Tân Trịnh Commune""], [""vi"", ""Xã Tân Trịnh""]]",True,True,104.64179992675781,22.370220184326172,104.78319549560547,22.48186683654785,31427412-1b5f-46bb-bdda-41137a6328e8
dff0203e-e097-439c-9d32-9bd51a7adc7a,VN,VN-69,locality,,land,Xã Thanh Thịnh,"[[""en"", ""Thanh Thịnh Commune""], [""vi"", ""Xã Thanh Thịnh""]]",True,True,105.74911499023438,21.900527954101562,105.90067291259766,22.01394271850586,1833eadd-085a-47dd-9963-7717efad6274
53a97aac-64b3-4b51-8496-49789f0765e7,VN,VN-68,locality,,land,Xã Tân Mai,"[[""en"", ""Tân Mai Commune""], [""vi"", ""Xã Tân Mai""]]",True,True,104.98612976074219,20.696720123291016,105.13456726074219,20.874048233032227,956adf52-87d3-42de-b081-d63210101f76
6ad2ae2e-40b0-4542-b444-d9f17355e827,VN,VN-66,locality,,land,Xã Phụ Dực,"[[""en"", ""Phụ Dực Commune""], [""vi"", ""Xã Phụ Dực""]]",True,True,106.39012145996094,20.59954071044922,106.46434020996094,20.68368911743164,7f648cda-1611-425f-8e49-41df57626ccc
b79e3380-d4f0-49db-b0dc-2d5e78829f19,VN,VN-07,locality,,land,Xã Yên Lập,"[[""en"", ""Yên Lập Commune""], [""vi"", ""Xã Yên Lập""]]",True,True,105.32867431640625,22.147624969482422,105.46421813964844,22.27231216430664,68f3ca8e-d84c-4b11-aa5e-9e0d8a618c8e
bedb9bbc-e66e-4827-9f76-e77d7fd96504,VN,VN-07,locality,,land,Xã Nậm Dịch,"[[""en"", ""Nậm Dịch Commune""], [""vi"", ""Xã Nậm Dịch""]]",True,True,104.66423034667969,22.556381225585938,104.81011199951172,22.701454162597656,ee3aa462-a59f-473f-992c-40248fa08f84
6ffecd7b-5c35-4e13-a93b-01f902a5edb8,VN,VN-HN,microhood,,land,F1,,True,True,105.83604431152344,20.972501754760742,105.8365707397461,20.972835540771484,1170a907-d34e-4081-8e07-0bc9b1b25e3b
fa0bffbf-5d60-4e1d-9d61-413f97afc20f,VN,VN-07,locality,,land,Xã Đường Hồng,"[[""en"", ""Đường Hồng Commune""], [""vi"", ""Xã Đường Hồng""]]",True,True,105.36531829833984,22.604389190673828,105.50202178955078,22.759506225585938,5d7fe90a-3ce8-44f1-a9a7-529351896d39
d04254c6-b589-4109-8f20-b444febdf5f5,VN,VN-68,locality,,land,Xã Cẩm Khê,"[[""en"", ""Cẩm Khê Commune""], [""vi"", ""Xã Cẩm Khê""]]",True,True,105.0571517944336,21.388334274291992,105.15564727783203,21.483118057250977,8d83393c-7a30-4f81-80f4-b3573b530dfc
7c573be2-3102-4ecb-a655-5d07e9c566a2,VN,VN-HN,locality,,land,Phường Đông Ngạc,"[[""en"", ""Dong Ngac Ward""]]",True,True,105.75550079345703,21.054296493530273,105.78844451904297,21.098255157470703,9105ce94-4dc3-4969-b2dd-f03063e9f216
74198b63-1ceb-4351-978b-0098744e072c,VN,VN-04,locality,,land,Xã Sơn Lộ,,True,True,105.57258605957031,22.66621208190918,105.73463439941406,22.793001174926758,09c76342-f517-4684-9be4-6b9f44db994e
79a890b2-a382-43f2-9707-241975b35330,VN,VN-05,locality,,land,Xã Lóng Sập,"[[""en"", ""Lóng Sập Commune""], [""vi"", ""Xã Lóng Sập""]]",True,True,104.4165267944336,20.69864273071289,104.5981674194336,20.886789321899414,f326bb7a-0ba0-4ef9-9537-35324e9d7e1f
92089db1-be8b-415b-9278-ce863a560d12,VN,VN-66,locality,,land,Xã Minh Thọ,"[[""en"", ""Minh Thọ Commune""], [""vi"", ""Xã Minh Thọ""]]",True,True,106.30075073242188,20.661176681518555,106.37379455566406,20.711650848388672,757bb505-70dc-4421-a551-99ecf9e8acb6
b35b0989-f055-4000-9dd4-d39c95706202,VN,VN-HN,locality,,land,Bằng A,,True,True,105.81642150878906,20.957304000854492,105.82295989990234,20.964771270751953,ec104bbb-2888-412c-9f4d-e1ed6392ec60
40f339a6-d49a-42f5-95e9-1657d8cc69f8,VN,VN-68,locality,,land,Xã Mường Thàng,"[[""en"", ""Mường Thàng Commune""], [""vi"", ""Xã Mường Thàng""]]",True,True,105.26966857910156,20.59210205078125,105.40425109863281,20.715869903564453,86d03865-356f-48bd-b340-4f4e2994717a
8ebcf124-22dc-4939-a866-2bd27a58f584,VN,VN-09,locality,,land,Xã Cao Lộc,"[[""vi-Hani"", ""社高祿""], [""zh-Hans"", ""高禄社""], [""lzh"", ""高祿社""], [""zh-Hant"", ""高祿社""], [""zh"", ""高祿社""]]",True,True,106.73741149902344,21.897233963012695,106.89051818847656,21.985645294189453,4d4810a3-f68e-474d-911f-91f2e9533c4c
188ad1a3-7bb0-42b1-a2eb-c5dc7178f7ce,VN,VN-66,locality,,land,Xã Triệu Việt Vương,"[[""en"", ""Triệu Việt Vương Commune""], [""vi"", ""Xã Triệu Việt Vương""]]",True,True,105.9310531616211,20.8324031829834,106.01573181152344,20.883684158325195,2d544b3d-c372-4065-9d87-37c094ceb909
90ee3ad6-b8cd-4f83-a3db-0ed0198ff7fe,VN,VN-07,locality,,land,Xã Trường Sinh,"[[""en"", ""Trường Sinh Commune""], [""vi"", ""Xã Trường Sinh""]]",True,True,105.26712799072266,21.50364875793457,105.37483978271484,21.621171951293945,fa73fe88-f8de-4362-b6ad-d260b19ec25b
a572b722-7dbe-44ee-8fa1-8e25958373b1,VN,VN-68,locality,,land,Xã Thượng Long,"[[""en"", ""Thượng Long Commune""], [""vi"", ""Xã Thượng Long""]]",True,True,104.9808349609375,21.266122817993164,105.09628295898438,21.371511459350586,75bbb4a8-9e00-4a0e-b82f-944c8a8b0d04
b60a341b-2aad-4059-9ad8-7681b214e71c,VN,VN-07,locality,,land,Xã Giáp Trung,"[[""en"", ""Giáp Trung Commune""], [""vi"", ""Xã Giáp Trung""]]",True,True,105.24421691894531,22.752933502197266,105.34809112548828,22.85646629333496,d3bb0b45-ace7-40d3-b9e6-2eea7347171c
53f5b49c-1e87-4e2a-9b0a-88fa22c59327,VN,VN-68,microhood,,land,Quảng Trường Hợp Châu,,True,True,105.61630249023438,21.390792846679688,105.61995697021484,21.393930435180664,ba4780c7-fa6b-42df-a0c8-4080b135d7fe
ab939158-3a13-46d5-a40a-f54fd6728645,VN,VN-66,locality,,land,Xã Bắc Thụy Anh,"[[""en"", ""Bắc Thụy Anh Commune""], [""vi"", ""Xã Bắc Thụy Anh""]]",True,True,106.49614715576172,20.572328567504883,106.56267547607422,20.620346069335938,d1453704-9b45-4d3e-8cf8-a249a05fb881
8971b52a-2124-42f2-8393-4db6be935c30,VN,VN-68,locality,,land,Xã Tu Vũ,"[[""en"", ""Tu Vũ Commune""], [""vi"", ""Xã Tu Vũ""]]",True,True,105.2505111694336,21.002492904663086,105.32027435302734,21.129060745239258,143c2293-211e-4730-948e-ddf66d025a98
f5eafcf5-18ff-4868-866d-a3db82ab4a88,VN,VN-HP,locality,,land,Xã Hà Đông,"[[""en"", ""Hà Đông Commune""], [""vi"", ""Xã Hà Đông""]]",True,True,106.43907928466797,20.799638748168945,106.51602935791016,20.88055419921875,bcef73e0-0b8d-4c45-b3bb-4c58664c6e3d
d4d27f64-7807-44dc-8e0f-478f110065bd,VN,VN-66,locality,,land,Xã Yên Mỹ,"[[""en"", ""Yên Mỹ Commune""], [""vi"", ""Xã Yên Mỹ""]]",True,True,106.01671600341797,20.835426330566406,106.08578491210938,20.90831756591797,a18a72f5-4051-4bc4-ae3b-c4d87ec06152
4284be8c-b667-4484-9ce7-4ee9ed5a0b90,VN,VN-07,locality,,land,Phường Hà Giang 2,"[[""en"", ""Hà Giang 2 Ward""], [""vi"", ""Phường Hà Giang 2""]]",True,True,104.890625,22.801427841186523,105.01807403564453,22.9172420501709,a00afd40-903b-458c-91a4-62ab05082a95
8fc92136-c6f6-4bf7-929b-f6e302f6affe,VN,VN-68,locality,,land,Xã Quy Đức,"[[""en"", ""Quy Đức Commune""], [""vi"", ""Xã Quy Đức""]]",True,True,104.96696472167969,20.81329917907715,105.14549255371094,20.953248977661133,64b618e4-b43d-423a-b104-a6a34759a268
726a62e9-37be-4da1-bbdd-a28287c635ec,VN,VN-04,locality,,land,Xã Phục Hòa,,True,True,106.44931030273438,22.453540802001953,106.60417175292969,22.58928871154785,b9bc20c1-9322-4068-bfd0-89d0878714e9
94c84039-3021-453f-b6de-ef0cb485b985,VN,VN-04,locality,,land,Xã Hà Quảng,,True,True,106.07395935058594,22.79080581665039,106.22793579101562,22.9036922454834,840f0657-9805-418a-ad86-391209a45334
bea5670d-f5f4-481e-8254-0e5245fe9ad0,VN,VN-HN,locality,,land,Phường Cửa Nam,"[[""en"", ""Cua Nam Ward""]]",True,True,105.84141540527344,21.01792335510254,105.86206817626953,21.0290584564209,f17e97c8-5cde-40c2-84f5-042de7e4e4fa
de08a98d-b273-4475-a109-c4b3b8c85c66,VN,VN-04,locality,,land,Xã Tam Kim,,True,True,105.91798400878906,22.522279739379883,106.122802734375,22.651166915893555,85d18374-df4a-458e-88eb-ed6e6bb62c56
da2f5b2d-e409-44c8-be3f-be67da4c278f,VN,VN-09,locality,,land,Xã Nhất Hòa,"[[""vi-Hani"", ""社一和""], [""zh-Hans"", ""一和社""], [""lzh"", ""一和社""], [""zh-Hant"", ""一和社""], [""zh"", ""一和社""]]",True,True,106.17466735839844,21.666383743286133,106.34342956542969,21.807634353637695,b3239ad7-2ffe-444c-b6b5-d38a8be9807d
05296438-fb66-497b-ad81-6350bc089225,VN,VN-69,locality,,land,Xã Tân Cương,"[[""en"", ""Tân Cương Commune""], [""vi"", ""Xã Tân Cương""]]",True,True,105.74425506591797,21.471054077148438,105.8307113647461,21.565176010131836,a71d360a-d70e-4a03-b03c-cbe0415ad7c3
c4c3db16-1f3d-4911-9f4b-e89561cf6ca9,VN,VN-07,locality,,land,Xã Yên Hoa,"[[""en"", ""Yên Hoa Commune""], [""vi"", ""Xã Yên Hoa""]]",True,True,105.38134002685547,22.376262664794922,105.56640625,22.576038360595703,dcf8a72d-80ab-45f3-a4bd-d6fc89ecaf78
3909b4a6-6fba-4a72-945b-6bfb6484f051,VN,VN-13,locality,,land,Phường Việt Hưng,"[[""vi-Hani"", ""坊越興""], [""zh-Hans"", ""越兴坊""], [""de"", ""Stadtviertel Việt Hưng""], [""lzh"", ""越興坊""], [""zh-Hant"", ""越興坊""], [""zh"", ""越興坊""]]",True,True,106.93975067138672,20.960224151611328,107.03427124023438,21.02946662902832,557ac2d0-a6aa-466a-a113-9b9e71800f2d
0204f7a7-5352-4036-8162-b024859a6045,VN,VN-HN,locality,,land,Xã Ngọc Hồi,"[[""en"", ""Ngoc Hoi Commune""]]",True,True,105.80616760253906,20.8952579498291,105.86274719238281,20.92928123474121,501588d4-4e9c-4b15-a2a1-875ec659ead3
419f933d-5cc1-4024-b3d5-5e97c7932e6c,VN,VN-69,locality,,land,Xã Nghĩa Tá,"[[""en"", ""Nghĩa Tá Commune""], [""vi"", ""Xã Nghĩa Tá""]]",True,True,105.46290588378906,21.955650329589844,105.5965805053711,22.150924682617188,586812ad-cce5-4320-a7c0-62eba7855ca4
a2e33ee6-36c3-4a6d-b9b2-10f3ae3b1b46,VN,VN-09,locality,,land,Xã Bắc Sơn,"[[""vi-Hani"", ""社北山""], [""zh-Hans"", ""北山社""], [""lzh"", ""北山社""], [""zh-Hant"", ""北山社""], [""zh"", ""北山社""]]",True,True,106.24116516113281,21.864248275756836,106.3953628540039,21.96257781982422,bf5f77ac-3e3b-4fb7-8ca1-a4afbbfc7b7d
13758dfa-ff4a-4da5-88ca-e5aceebee939,VN,VN-13,locality,,land,Phường Tuần Châu,"[[""vi-Hani"", ""坊巡洲""], [""vi"", ""Phường Tuần Châu""], [""zh-Hans"", ""巡洲坊""], [""de"", ""Stadtviertel Tuần Châu""], [""lzh"", ""巡洲坊""], [""zh-Hant"", ""巡洲坊""], [""en"", ""Tuan Chau Ward""], [""zh"", ""巡洲坊""]]",True,True,106.88546752929688,20.913108825683594,106.99891662597656,21.016265869140625,0ad71608-154d-4386-9ea0-dd235a6324e5
2213be65-604f-4838-b785-d54cd9d0ff31,VN,VN-HN,locality,,land,Xã Quang Minh,"[[""en"", ""Quang Minh Commune""]]",True,True,105.7118911743164,21.168107986450195,105.7909164428711,21.229158401489258,2f738215-e4a2-4391-929f-dc4f4dcc9332
806bc3ff-f54e-4ffb-b0ac-291c3fc63601,VN,VN-04,locality,,land,Xã Cô Ba,,True,True,105.63433837890625,22.945640563964844,105.78849029541016,23.070711135864258,1a3ed351-80d1-4e97-9296-b15969b5050a
4cd2799f-4500-4d8b-9a7d-d639cec386dd,VN,VN-HN,locality,,land,Xã Sóc Sơn,"[[""en"", ""Soc Son Commune""]]",True,True,105.80574798583984,21.188758850097656,105.88772583007812,21.30190086364746,bc7d18a5-1334-481a-ad50-52c4063baa3c
0ee53b65-8b03-404a-8860-944fe1a63f53,VN,VN-02,locality,,land,Xã Bảo Yên,"[[""en"", ""Bảo Yên Commune""], [""vi"", ""Xã Bảo Yên""]]",True,True,104.41453552246094,22.14186668395996,104.57460021972656,22.276018142700195,4919c1f2-b673-4425-86f8-ef116f85b990
e45db4d5-8554-45c0-9975-3787ad54e78d,VN,VN-69,locality,,land,Xã Dân Tiến,"[[""en"", ""Dân Tiến Commune""], [""vi"", ""Xã Dân Tiến""]]",True,True,106.07479858398438,21.60404396057129,106.23798370361328,21.756454467773438,18ac5b83-a531-4c39-ba17-d88938f6cd2b
14b8a38b-236d-4276-b109-b7f6df67164b,VN,VN-HN,locality,,land,Xã Bình Minh,"[[""en"", ""Binh Minh Commune""], [""vi"", ""Xã Bình Minh""]]",True,True,105.72257232666016,20.869823455810547,105.80160522460938,20.939733505249023,a458eac0-3d1a-4320-b594-aeec219e45d4
63e77ba5-e434-4a71-84fe-1cdd02a0682d,VN,VN-HN,locality,,land,Phường Đại Mỗ,"[[""en"", ""Dai Mo Ward""]]",True,True,105.75267028808594,20.979658126831055,105.79875183105469,21.006372451782227,8c96326e-c3cc-4f73-a939-b6892a3e380b
bc48428c-eec2-43e0-8c5e-04f760cae8a0,VN,VN-HP,locality,,land,Phường Nam Đồ Sơn,"[[""en"", ""Nam Đồ Sơn Ward""], [""vi"", ""Phường Nam Đồ Sơn""]]",True,True,106.70771026611328,20.689857482910156,106.7684326171875,20.757577896118164,4774b538-07d7-4af2-b00f-fa684d394d22
3d771a74-590f-481e-a68f-7c962eb25d82,VN,VN-68,locality,,land,Xã Mường Động,"[[""en"", ""Mường Động Commune""], [""vi"", ""Xã Mường Động""]]",True,True,105.3720932006836,20.603452682495117,105.50062561035156,20.774654388427734,7dc321aa-d732-4c67-9bdf-99eeee166468
8264a121-60d4-475b-a02c-a6a68ee9faaf,VN,VN-68,locality,,land,Xã Vĩnh An,"[[""en"", ""Vĩnh An Commune""], [""vi"", ""Xã Vĩnh An""]]",True,True,105.47804260253906,21.271869659423828,105.53922271728516,21.341527938842773,03039faa-97ee-402e-935a-e5558bb93c02
b6e53c88-7da1-4b60-8548-255f2d52a779,VN,VN-HP,locality,,land,Thôn Nam Am,,True,True,106.53421020507812,20.641387939453125,106.5467300415039,20.64833641052246,c4b87c2a-d0ad-4322-b0f7-f97cc4282335
db1c9e81-82e2-48fe-af5a-3e9c0a71c063,VN,VN-69,locality,,land,Xã Côn Minh,"[[""en"", ""Côn Minh Commune""], [""vi"", ""Xã Côn Minh""]]",True,True,105.94185638427734,22.031309127807617,106.10889434814453,22.18844223022461,f09e9528-54e9-4b41-96a9-6f2c208bc705
1694dab7-7312-459c-bb11-49f9ea9ae2c0,VN,VN-07,locality,,land,Xã Đông Thọ,"[[""en"", ""Đông Thọ Commune""], [""vi"", ""Xã Đông Thọ""]]",True,True,105.22438049316406,21.60098648071289,105.34669494628906,21.699453353881836,bc775c1c-8347-446d-956b-6dffa6e9b595
9b6d0c8a-b17b-4404-89d6-b8c5fc7902a9,VN,VN-HP,locality,,land,Phường Thành Đông,"[[""en"", ""Thành Đông Ward""], [""vi"", ""Phường Thành Đông""]]",True,True,106.30742645263672,20.9368896484375,106.34713745117188,20.983440399169922,e0e1c0f4-7fd3-4520-bc3b-3c80253e74b1
bc0100fe-cbbe-462d-a7ce-e0c2e4c3eb01,VN,VN-02,locality,,land,Xã Cát Thịnh,"[[""en"", ""Cát Thịnh Commune""], [""vi"", ""Xã Cát Thịnh""]]",True,True,104.5841293334961,21.37523651123047,104.76652526855469,21.552722930908203,d4e81ab9-6d9b-43c3-bdfa-83d948031413
7e40f2d4-130a-4e29-8d9a-1172485d8056,VN,VN-HN,locality,,land,Phường Ba Đình,"[[""en"", ""Ba Dinh Ward""]]",True,True,105.82657623291016,21.02825927734375,105.85010528564453,21.050621032714844,9ca68d89-b8ac-4d0b-baa1-832790df1d97
b2dd22d6-4a72-46f4-9849-e1bf6010551a,VN,VN-04,locality,,land,Xã Đình Phong,,True,True,106.48514556884766,22.835798263549805,106.64064025878906,22.948753356933594,6190d116-9904-40ef-8545-24174139a9d9
ef6ccc77-64cf-485f-bc23-e89fe925864d,VN,VN-HN,locality,,land,Xã Phúc Sơn,"[[""en"", ""Phuc Son Commune""], [""vi"", ""Xã Phúc Sơn""]]",True,True,105.64766693115234,20.732601165771484,105.72620391845703,20.82984161376953,068f1e8e-5e9e-4f1e-8d41-8b1dd4842f41
1ac97df0-ab94-4b6b-b6b1-1893e5095220,VN,VN-07,locality,,land,Xã Minh Thanh,"[[""en"", ""Minh Thanh Commune""], [""vi"", ""Xã Minh Thanh""]]",True,True,105.37289428710938,21.703603744506836,105.5165786743164,21.816831588745117,25bace8e-84c7-4085-a325-76333414c644
dbb52840-8364-49cd-ac86-2ab4b5a1fa6f,VN,VN-07,locality,,land,Xã Bắc Mê,"[[""en"", ""Bắc Mê Commune""], [""vi"", ""Xã Bắc Mê""]]",True,True,105.21141815185547,22.704092025756836,105.4502182006836,22.81722640991211,db72b677-e55a-4492-bb1d-fa7dc80dbf85
1a1678c3-1523-499d-bdbc-1ed77455f8e5,VN,VN-HP,locality,,land,Phường An Biên,"[[""en"", ""An Biên Ward""], [""vi"", ""Phường An Biên""]]",True,True,106.65757751464844,20.815017700195312,106.69459533691406,20.855321884155273,88b04c94-45d8-4633-97d2-27770e1008cf
71e8621c-f07c-44c7-b394-beccfecf98fb,VN,VN-HP,locality,,land,Xã Hà Tây,"[[""en"", ""Hà Tây Commune""], [""vi"", ""Xã Hà Tây""]]",True,True,106.37322235107422,20.84373664855957,106.4351806640625,20.91836929321289,fad4db7b-9b03-4c98-afac-f3c5741ca9d5
be2dd4ff-7fbf-4338-b468-9e1a21f21fd3,VN,VN-66,locality,,land,Xã Thái Thụy,"[[""en"", ""Thái Thụy Commune""], [""vi"", ""Xã Thái Thụy""]]",True,True,106.50646209716797,20.533838272094727,106.60658264160156,20.594018936157227,96609961-93f5-4feb-b6d1-b4495bb4d0db
2e13e134-7161-41b9-a86c-7eb2cf910d8c,VN,VN-HP,locality,,land,Xã An Thành,"[[""en"", ""An Thành Commune""], [""vi"", ""Xã An Thành""]]",True,True,106.47482299804688,20.898216247558594,106.54866027832031,20.96124839782715,d8775313-51f1-48a0-9c76-f7c5a5dbf406
c8f7de98-fdaf-4495-be87-02a3da0d8fcd,VN,VN-56,locality,,land,Phường Nam Sơn,"[[""vi-Hani"", ""坊南山""], [""zh-Hans"", ""南山坊""], [""de"", ""Stadtviertel Nam Sơn""], [""lzh"", ""南山坊""], [""zh-Hant"", ""南山坊""], [""en"", ""Nam Son Ward""], [""zh"", ""南山坊""]]",True,True,106.07417297363281,21.12532615661621,106.13423156738281,21.172916412353516,3b8c6521-6747-4568-b12b-dd39b1c499db
d0035682-f32b-4130-a0cc-b85f3766e8b8,VN,VN-09,locality,,land,Xã Công Sơn,"[[""vi-Hani"", ""社功山""], [""zh-Hans"", ""功山社""], [""lzh"", ""功山社""], [""zh-Hant"", ""功山社""], [""zh"", ""功山社""]]",True,True,106.7752456665039,21.841615676879883,106.95753479003906,21.91939926147461,e9d569fc-2711-4c31-8f34-a1c3852e666f
6ff57cc9-8ce7-4f5e-8914-525cfc020130,VN,VN-68,locality,,land,Xã Yên Kỳ,"[[""en"", ""Yên Kỳ Commune""], [""vi"", ""Xã Yên Kỳ""]]",True,True,105.0419692993164,21.50758934020996,105.14598846435547,21.608888626098633,8cf29c68-8772-406d-963d-c3f25ca5df1c
f8d34864-c38c-4edd-ae4b-990f6a8e2bc4,VN,VN-02,locality,,land,Xã Quy Mông,"[[""en"", ""Quy Mông Commune""], [""vi"", ""Xã Quy Mông""]]",True,True,104.68643951416016,21.64461326599121,104.84259796142578,21.80413818359375,2587cf42-d58a-4f18-9091-f429056c1812
d6711483-0ecd-4bec-a5ef-0f47e74b8533,VN,VN-56,locality,,land,Phường Song Liễu,"[[""vi-Hani"", ""社雙柳""], [""zh-Hans"", ""双柳社""], [""lzh"", ""雙柳社""], [""zh-Hant"", ""雙柳社""], [""en"", ""Song Lieu Ward""], [""zh"", ""雙柳社""]]",True,True,105.99873352050781,20.993024826049805,106.05535125732422,21.039087295532227,fbf14a70-22ee-453f-9f2d-f3393e5c7673
0d6d94cf-3445-4f06-b380-a7ee17355cbb,VN,VN-68,locality,,land,Xã Tam Dương Bắc,"[[""en"", ""Tam Dương Bắc Commune""], [""vi"", ""Xã Tam Dương Bắc""]]",True,True,105.52153015136719,21.395614624023438,105.64625549316406,21.47909164428711,47ebe7ce-aca7-40cc-886b-a78b84ddd19a
96e29c64-0124-4f78-9ce8-6df4779e011c,VN,VN-HN,microhood,,land,A1,,True,True,105.8344955444336,20.976383209228516,105.83545684814453,20.977542877197266,502d5326-2765-48d3-9c1e-81f94132aa85
637c03cc-c4e9-40d4-beab-1694d8364616,VN,VN-13,locality,,land,Xã Đông Ngũ,"[[""vi-Hani"", ""社東五""], [""vi"", ""Xã Đông Ngũ""], [""zh-Hans"", ""东五社""], [""ko"", ""동응우""], [""de"", ""Gemeinde Đông Ngũ""], [""lzh"", ""東五社""], [""zh-Hant"", ""東五社""], [""en"", ""Dong Ngu Commune""], [""zh"", ""東五社""]]",True,True,107.380859375,21.276412963867188,107.53289031982422,21.46883201599121,0dd7170e-4e0a-4bde-bd08-d08b360035a6
06b3477e-394e-45b5-9336-ce214b34e864,VN,VN-HN,microhood,,land,Khu E,,True,True,105.83299255371094,20.975841522216797,105.83441162109375,20.97701072692871,bb755419-2a24-4f0b-9603-faa856215e89
67dd49cb-fbda-4197-9850-1911dd7f2b5e,VN,VN-13,locality,,land,Phường Bình Khê,"[[""vi-Hani"", ""坊平溪""], [""vi"", ""Phường Bình Khê""], [""zh-Hans"", ""平溪坊""], [""de"", ""Stadtviertel Bình Khê""], [""lzh"", ""平溪坊""], [""zh-Hant"", ""平溪坊""], [""en"", ""Binh Khe Ward""], [""zh"", ""平溪坊""]]",True,True,106.52298736572266,21.077653884887695,106.7080078125,21.1812686920166,6c2bc862-f4e0-46ce-bc31-d021a845a11a
72d578d6-500a-4a8b-888e-79a90337e9e3,VN,VN-HN,locality,,land,Phường Hồng Hà,"[[""en"", ""Hong Ha Ward""]]",True,True,105.81669616699219,21.002397537231445,105.87850189208984,21.093793869018555,4e4e6a18-4559-4d3c-a2a9-160f4912aa1e
f77187f3-865c-45a8-ae76-56aaec5a4610,VN,VN-56,microhood,,land,hoàng hoa thám,,True,True,106.20623779296875,21.273984909057617,106.20702362060547,21.274757385253906,3d3d1e19-1089-4fd1-8713-d38815717471
d060dfcc-abdf-4d76-a59e-c243d3348397,VN,VN-02,locality,,land,Xã Xuân Ái,"[[""en"", ""Xuân Ái Commune""], [""vi"", ""Xã Xuân Ái""]]",True,True,104.63027954101562,21.725069046020508,104.76720428466797,21.8712215423584,b1026737-07bb-4a2c-93a9-fb860505bc4b
bd2e2bb7-fc1e-4e58-b242-cc5bc481030c,VN,VN-68,locality,,land,Xã Lâm Thao,"[[""en"", ""Lâm Thao Commune""], [""vi"", ""Xã Lâm Thao""]]",True,True,105.26679229736328,21.303937911987305,105.31404876708984,21.371858596801758,dd7e7027-b1f5-486c-bb0d-7732dd07ce47
7bf20195-619a-4183-a310-a950176bd43c,VN,VN-66,locality,,land,Xã Nghĩa Trụ,"[[""en"", ""Nghĩa Trụ Commune""], [""vi"", ""Xã Nghĩa Trụ""]]",True,True,105.94046783447266,20.92046356201172,106.02255249023438,20.968530654907227,de639479-0c71-4445-9da8-3c88b4776c98
5803f888-b34d-4fa4-bb27-762abd34a8c3,VN,VN-68,locality,,land,Xã Hạ Hòa,"[[""en"", ""Hạ Hòa Commune""], [""vi"", ""Xã Hạ Hòa""]]",True,True,104.9917221069336,21.536771774291992,105.07682800292969,21.629135131835938,3db1ebe5-2eeb-421b-97e6-6fb8737e9ede
418febb7-8466-479f-9639-ad91bf3c08a6,VN,VN-HP,locality,,land,Đặc khu Cát Hải,"[[""en"", ""Cát Hải Special Administration Region""], [""vi"", ""Đặc khu Cát Hải""]]",True,True,106.83537292480469,20.612369537353516,107.21233367919922,20.880144119262695,6b2b1c8f-0eb4-4eb0-8a9c-b502aecf797d
0b4dbb3d-b003-4b80-991f-7549e30955ab,VN,VN-56,locality,,land,Xã Vân Sơn,"[[""vi-Hani"", ""社雲山""], [""zh-Hans"", ""云山社""], [""lzh"", ""雲山社""], [""zh-Hant"", ""雲山社""], [""zh"", ""雲山社""]]",True,True,106.87986755371094,21.359283447265625,107.00382995605469,21.44097137451172,94f71edc-67da-47c1-8e2f-558c5f8b0add
bcea75f7-cf00-44c1-bd7a-c7a13a8c44de,VN,VN-04,locality,,land,Xã Bế Văn Đàn,,True,True,106.4665298461914,22.55528450012207,106.6097640991211,22.67513656616211,f48309fb-64ab-45b7-a1d2-3b928eb748aa
b3ac7c7f-58ee-4ab1-b157-b8396337873b,VN,VN-02,locality,,land,Xã Lâm Thượng,"[[""en"", ""Lâm Thượng Commune""], [""vi"", ""Xã Lâm Thượng""]]",True,True,104.5837631225586,22.148319244384766,104.74925994873047,22.291868209838867,efbf7115-42b6-45db-9b50-334011949d89
eb9572cf-bbda-44d8-b0a2-383897be1110,VN,VN-13,locality,,land,Xã Điền Xá,"[[""vi-Hani"", ""社田舍""], [""vi"", ""Xã Điền Xá""], [""zh-Hans"", ""田舍社""], [""ko"", ""디엔사""], [""de"", ""Gemeinde Điền Xá""], [""lzh"", ""田舍社""], [""zh-Hant"", ""田舍社""], [""en"", ""Dien Xa Commune""], [""zh"", ""田舍社""]]",True,True,107.20433044433594,21.312774658203125,107.3812255859375,21.564067840576172,6a72ebe0-6723-49dd-bc12-56e2078fdcf0
44e5bd47-925a-4357-959e-99cb1e1c1fef,VN,VN-13,microhood,,land,Quảng trường Mặt Trời,"[[""en"", ""Sunshine Square""], [""zh"", ""太阳广场""], [""id"", ""Alun-alun Matahari""]]",True,True,107.04191589355469,20.946638107299805,107.04530334472656,20.95159912109375,0b83ac88-a7a8-4127-8808-b427802a289d
eee24c0b-724b-4dfc-b7fa-39f7e2625d67,VN,VN-04,locality,,land,Xã Quảng Uyên,,True,True,106.34935760498047,22.638408660888672,106.51701354980469,22.794057846069336,9308424f-f19f-49e8-b131-84b26370201f
000edc41-80ac-498b-9a4c-82fde1f170ce,VN,VN-56,locality,,land,Xã Trường Sơn,"[[""vi-Hani"", ""社長山""], [""zh-Hans"", ""长山社""], [""lzh"", ""長山社""], [""zh-Hant"", ""長山社""], [""zh"", ""長山社""]]",True,True,106.48950958251953,21.190988540649414,106.59009552001953,21.311620712280273,c8fbed3a-b483-4b5e-bc50-e1aae9283a15
2d227f0d-6a9d-466b-bb3b-1d3f21519b6c,VN,VN-56,locality,,land,Phường Từ Sơn,"[[""vi-Hani"", ""社慈山""], [""zh-Hans"", ""慈山社""], [""de"", ""Stadtviertel Từ Sơn""], [""lzh"", ""慈山社""], [""zh-Hant"", ""慈山社""], [""en"", ""Tu Son Ward""], [""zh"", ""慈山社""]]",True,True,105.93358612060547,21.069950103759766,105.99027252197266,21.12484359741211,a903ee4f-49bc-40f3-b179-a2f2b9521350
d223c30d-2655-433b-9291-92d02341b300,VN,VN-09,locality,,land,Xã Na Sầm,"[[""vi-Hani"", ""社那岑""], [""zh-Hans"", ""那岑社""], [""lzh"", ""那岑社""], [""zh-Hant"", ""那岑社""], [""zh"", ""那岑社""]]",True,True,106.54122924804688,21.984943389892578,106.65989685058594,22.174671173095703,80be972e-8e28-4c1a-bc07-247d23548d0c
5ecdc535-b00a-420b-b909-56c647e81feb,VN,VN-HN,locality,,land,Xã Chương Dương,,True,True,105.86775970458984,20.79471206665039,105.93622589111328,20.87664794921875,f21356a2-839c-483c-b885-c8eb469b2a98
e34f021f-179f-43b1-9ddd-0066fcb6377f,VN,VN-21,locality,,land,Xã Tam Chung,"[[""en"", ""Tam Chung Commune""], [""vi"", ""Xã Tam Chung""]]",True,True,104.5689926147461,20.50060272216797,104.70124053955078,20.652618408203125,ae010c10-90c3-4162-b35c-41ca8049cc50
9588798c-d5e2-4619-9880-9a41d8933dea,VN,VN-04,locality,,land,Phường Nùng Trí Cao,"[[""en"", ""Nung Tri Cao Ward""]]",True,True,106.19064331054688,22.644765853881836,106.29027557373047,22.730653762817383,e71607f3-f695-42e3-a09f-601c35c3df32
ddfb529c-874e-4d23-8473-0bddc547ae70,VN,VN-HN,locality,,land,Làng Lệ Mật,"[[""en"", ""No10 - Group 8 LeMat village""]]",True,True,105.89257049560547,21.05057144165039,105.9048080444336,21.058115005493164,78c02957-209b-4853-8299-91364e80eca1
ca802bc2-7795-4c29-8659-b9930a714528,VN,VN-68,locality,,land,Xã Cao Dương,"[[""en"", ""Cao Dương Commune""], [""vi"", ""Xã Cao Dương""]]",True,True,105.56766510009766,20.613496780395508,105.68656921386719,20.776626586914062,53e54b7a-fc7c-4d40-8b23-37eb757d6782
6e69e59a-28f4-4b3e-be7c-19d7a2e7549f,VN,VN-HP,locality,,land,Phường Việt Hòa,"[[""en"", ""Việt Hòa Ward""], [""vi"", ""Phường Việt Hòa""]]",True,True,106.23626708984375,20.933290481567383,106.3104019165039,20.96249008178711,fcb91623-6602-437f-a15e-5e3c83851fd6
e18d1335-d9b2-43e6-a50b-d932adaf3aaa,VN,VN-56,locality,,land,Xã Lục Sơn,,True,True,106.56149291992188,21.167802810668945,106.69210815429688,21.290170669555664,709245ea-c341-453e-afa8-74f07ecc90db
cca999a4-f05a-421a-bbd7-b00db70a2c56,VN,VN-HN,locality,,land,Xã Đoài Phương,"[[""en"", ""Doai Phuong Commune""], [""vi"", ""Xã Đoài Phương""]]",True,True,105.4383544921875,21.021747589111328,105.53797912597656,21.10613250732422,b4d8e5f8-5cf2-438a-bedd-9cf30c67f42e
8e2d5523-eee1-4b4b-a333-073f381d9e85,VN,VN-09,locality,,land,Xã Kháng Chiến,"[[""vi-Hani"", ""社抗戰""], [""zh-Hans"", ""抗战社""], [""lzh"", ""抗戰社""], [""zh-Hant"", ""抗戰社""], [""zh"", ""抗戰社""]]",True,True,106.4917984008789,22.192514419555664,106.68228912353516,22.340612411499023,9e48cda6-dd3c-4e50-a774-6a1ea1d3828a
0ad31b0f-7e91-477d-be29-511f800951cc,VN,VN-HN,neighborhood,,land,Khu Thịnh Vượng,,True,True,105.8548583984375,21.094968795776367,105.8626480102539,21.103092193603516,82fc4526-fd99-4dae-a830-e883bf7e529a
a89b55a5-7bdf-4e8a-a1e0-fec02696836e,VN,VN-56,locality,,land,Xã Nhân Thắng,"[[""vi-Hani"", ""社仁勝""], [""zh-Hans"", ""仁胜社""], [""lzh"", ""仁勝社""], [""zh-Hant"", ""仁勝社""], [""en"", ""Nhan Thang Commune""], [""zh"", ""仁勝社""]]",True,True,106.20763397216797,21.05391502380371,106.27230072021484,21.114940643310547,8953dc17-8b6f-484a-a376-8b27cc6106fa
8808b6dc-d863-4390-a2b5-be3a931ef93a,VN,VN-HN,locality,,land,Phường Vĩnh Tuy,"[[""en"", ""Vinh Tuy Ward""]]",True,True,105.86070251464844,20.986621856689453,105.87419891357422,21.009077072143555,5b9842d7-060c-4057-97eb-4170107d7aff
dc21d355-d3c7-447d-bfcd-f6191b59492b,VN,VN-66,locality,,land,Thôn Bùi Việt,,True,True,106.265869140625,20.633216857910156,106.27430725097656,20.640012741088867,93fcb3bc-f872-4f0e-9c73-413cef21f765
fcb9e2cc-cc96-4985-a1b4-fd257083971b,VN,VN-09,locality,,land,Xã Châu Sơn,"[[""vi-Hani"", ""社周山""], [""zh-Hans"", ""周山社""], [""lzh"", ""周山社""], [""zh-Hant"", ""周山社""], [""zh"", ""周山社""]]",True,True,107.03746795654297,21.363218307495117,107.26497650146484,21.565433502197266,0cd7a799-bb36-468b-81d7-224753f128d1
41aaa2d8-0a62-43e8-8a10-0a2ea8fcd51f,VN,VN-07,locality,,land,Xã Tân Trào,"[[""en"", ""Tân Trào Commune""], [""vi"", ""Xã Tân Trào""]]",True,True,105.39615631103516,21.748432159423828,105.52580261230469,21.88761329650879,6cf9ed28-4e65-4471-9be9-8a6a0db64ecb
b525a281-b047-4a45-b6a7-6f8c59dcd7a9,VN,VN-56,locality,,land,Phường Phù Khê,"[[""vi-Hani"", ""坊浮溪""], [""zh-Hans"", ""浮溪坊""], [""lzh"", ""浮溪坊""], [""zh-Hant"", ""浮溪坊""], [""en"", ""Phu Khe Ward""], [""zh"", ""浮溪坊""]]",True,True,105.91291809082031,21.104934692382812,105.95356750488281,21.164600372314453,03dde419-56d5-4736-9aa7-41b869802181
1865bbe4-7743-48ce-a1e9-7dbd36f72ae2,VN,VN-56,locality,,land,Xã Xuân Cẩm,"[[""vi-Hani"", ""社春錦""], [""zh-Hans"", ""春锦社""], [""lzh"", ""春錦社""], [""zh-Hant"", ""春錦社""], [""zh"", ""春錦社""]]",True,True,105.92215728759766,21.223011016845703,105.99231719970703,21.318817138671875,b3f5248d-50ed-4245-ab4b-8cae7df833b1
0cdcbbb9-9a36-4bdc-8848-9a9c54bac0da,VN,VN-68,locality,,land,Xã Trạm Thản,"[[""en"", ""Trạm Thản Commune""], [""vi"", ""Xã Trạm Thản""]]",True,True,105.2108383178711,21.448699951171875,105.30006408691406,21.514036178588867,85f5b92e-a2e7-4988-9092-59a8f471a305
fceeda90-485b-4656-8199-b2b955cf6d09,VN,VN-HP,locality,,land,Phường Chí Linh,"[[""en"", ""Chí Linh Ward""], [""de"", ""Stadtviertel Chí Linh""], [""vi"", ""Phường Chí Linh""]]",True,True,106.29513549804688,21.057567596435547,106.35171508789062,21.135475158691406,49668447-c3fb-49ea-999f-e55319b38185
f837a6ad-0ad8-4437-9fc4-28a2821a4299,VN,VN-05,locality,,land,Xã Tường Hạ,"[[""en"", ""Tường Hạ Commune""], [""vi"", ""Xã Tường Hạ""]]",True,True,104.59817504882812,21.077537536621094,104.75360870361328,21.204132080078125,b32142f0-9a05-4a63-a656-d42cbc4759d1
6e9a3d1f-0059-4de9-b0ed-b2c942917be8,VN,VN-69,locality,,land,Xã Vô Tranh,"[[""en"", ""Vô Tranh Commune""], [""vi"", ""Xã Vô Tranh""]]",True,True,105.72958374023438,21.62307357788086,105.8232650756836,21.779430389404297,958ae06d-71c2-481b-9d38-4a205df1fd0e
965b69d3-e87b-4077-b47b-b39ddc1970bb,VN,VN-04,locality,,land,Xã Lũng Nặm,,True,True,106.04987335205078,22.861669540405273,106.17972564697266,23.001205444335938,8973a091-4186-4df3-804f-141004058fed
ced01148-cc16-4922-a9cd-7b9ac250857a,VN,VN-04,locality,,land,Xã Quảng Lâm,,True,True,105.2667007446289,22.76883316040039,105.48127746582031,22.94263458251953,5941b4a9-78f4-472b-89e2-814e0fe441b9
f347802f-27f6-4f1e-bb10-a38a0d2333ea,VN,VN-68,locality,,land,Xã Quảng Yên,"[[""en"", ""Quảng Yên Commune""], [""vi"", ""Xã Quảng Yên""]]",True,True,105.13211822509766,21.472993850708008,105.2164077758789,21.558345794677734,8dd37529-bb4b-48a1-8d94-87c208f38ae4
6a569390-2816-4075-a4ca-51806eed8a52,VN,VN-66,locality,,land,Xã Nguyễn Trãi,"[[""en"", ""Nguyễn Trãi Commune""], [""vi"", ""Xã Nguyễn Trãi""]]",True,True,106.06192779541016,20.76674461364746,106.15388488769531,20.82982063293457,502ebfea-a7f0-42f3-bcf0-be074516baa4
c0b0031f-7342-4318-a3af-4b166d95b649,VN,VN-69,locality,,land,Xã Quang Sơn,"[[""en"", ""Quang Sơn Commune""], [""vi"", ""Xã Quang Sơn""]]",True,True,105.82272338867188,21.693090438842773,105.92233276367188,21.77724838256836,c24b75a3-20f4-4da8-8af1-ec14543161e8
7b475829-911b-47dc-a845-7b77d3f53138,VN,VN-68,locality,,land,Xã Tân Pheo,"[[""en"", ""Tân Pheo Commune""], [""vi"", ""Xã Tân Pheo""]]",True,True,104.92050170898438,20.911008834838867,105.09019470214844,21.06035614013672,ef73a605-8780-497f-8d5f-b916d035397d
b9935721-05b1-49e1-bfaa-f3109cb8ae91,VN,VN-21,locality,,land,Xã Trung Thành,"[[""en"", ""Trung Thành Commune""], [""vi"", ""Xã Trung Thành""]]",True,True,104.86194610595703,20.492992401123047,104.96936798095703,20.669981002807617,26346f1d-1517-4ac5-8761-a808435137a9
30511027-70d8-49db-967c-cde3acc4fecf,VN,VN-69,locality,,land,Xã Phủ Thông,"[[""en"", ""Phủ Thông Commune""], [""vi"", ""Xã Phủ Thông""]]",True,True,105.78775024414062,22.215795516967773,105.91638946533203,22.31732749938965,dfeca9b4-01ef-45fb-8cd5-debce3c587f7
88e70116-92dc-430b-b688-acd63fddc404,VN,VN-68,locality,,land,Phường Xuân Hòa,"[[""en"", ""Xuân Hòa Ward""], [""vi"", ""Phường Xuân Hòa""]]",True,True,105.68318176269531,21.266164779663086,105.78656768798828,21.416231155395508,47954471-70b7-4e32-aa69-8cec7222fbe2
0b4ab49b-88c4-4aa6-a69a-9ffd8a716ef5,VN,VN-56,locality,,land,Xã Liên Bão,"[[""vi-Hani"", ""社連抱""], [""zh-Hans"", ""连抱社""], [""lzh"", ""連抱社""], [""zh-Hant"", ""連抱社""], [""en"", ""Lien Bao Commune""], [""zh"", ""連抱社""]]",True,True,106.00608825683594,21.096189498901367,106.06864929199219,21.149375915527344,1305e624-db3a-4277-b7b0-b34a655e379d
bbda8902-d5ea-4cf4-94d5-f8b8b167308e,VN,VN-07,locality,,land,Xã Bằng Hành,"[[""en"", ""Bằng Hành Commune""], [""vi"", ""Xã Bằng Hành""]]",True,True,104.88638305664062,22.318767547607422,105.03717041015625,22.48329734802246,4d0335bf-7a23-4244-8bb8-1cfe920b95d0
279b00b2-437c-4152-9372-898fde3260a6,VN,VN-09,locality,,land,Xã Mẫu Sơn,"[[""vi-Hani"", ""社母山""], [""zh-Hans"", ""母山社""], [""ko"", ""머우선""], [""lzh"", ""母山社""], [""zh-Hant"", ""母山社""], [""zh"", ""母山社""]]",True,True,106.86408996582031,21.741853713989258,107.13145446777344,21.849885940551758,bcc3fdbf-e6a7-4c6f-addf-7d37ae27545a
fb4ff526-659e-486e-a965-bbe52810a797,VN,VN-56,locality,,land,Phường Tân Tiến,"[[""vi-Hani"", ""坊新進""], [""zh-Hans"", ""新进坊""], [""lzh"", ""新進坊""], [""zh-Hant"", ""新進坊""], [""zh"", ""新進坊""]]",True,True,106.20147705078125,21.221647262573242,106.28504180908203,21.278873443603516,de5d2f96-56ef-433a-b822-723581ec3556
ea8ea2ae-14df-4f96-9c99-aad2d95b6abf,VN,VN-04,locality,,land,Xã Đức Long,,True,True,106.44033813476562,22.363611221313477,106.56761932373047,22.510940551757812,b91643ba-e07b-4051-9554-ec8288400cdb
508ecb71-bdbc-4fe8-8e8b-cf17dd5814c8,VN,VN-04,locality,,land,Xã Khánh Xuân,,True,True,105.6833724975586,22.848037719726562,105.83737182617188,23.00920295715332,f41e99b2-e4ec-4459-9977-5cbd3b8c734c
6a6d32e3-fd5b-4698-a2c1-3d60817a1e5a,VN,VN-04,locality,,land,Xã Lý Bôn,,True,True,105.43898010253906,22.840238571166992,105.63507080078125,23.009035110473633,1754bc88-c1d7-4d9b-8996-10aa57069456
6a66dff8-90ce-4077-ba1f-288c3e21e5b6,VN,VN-04,locality,,land,Xã Quang Hán,,True,True,106.20555877685547,22.775354385375977,106.32166290283203,22.893959045410156,3cce7ec2-143f-49e1-9a70-a1851a922f9f
9e6958ef-770e-44e1-b1ca-fc3f11ec7b24,VN,VN-HP,locality,,land,Lôi Mía,,True,True,106.55052185058594,20.647855758666992,106.55286407470703,20.650503158569336,368f0d2c-66ab-4787-9794-b425b615932f
b0727e36-66f7-4caa-b972-7424f5e61cad,VN,VN-66,locality,,land,Xã Mễ Sở,"[[""en"", ""Mễ Sở Commune""], [""vi"", ""Xã Mễ Sở""]]",True,True,105.89532470703125,20.868213653564453,105.95263671875,20.920024871826172,1cbb5467-d33e-4e42-9557-03501e835d7a
0819195e-634a-4db8-86af-9e691791ff51,VN,VN-HN,locality,,land,Xã Thanh Trì,"[[""en"", ""Thanh Tri Commune""]]",True,True,105.8355484008789,20.922269821166992,105.88601684570312,20.956581115722656,5bca6d2a-a2ea-4ba3-a32f-5778d526dc31
de3b925d-ef37-4ab3-8d34-a318d9525f2f,VN,VN-HP,locality,,land,Xã Tuệ Tĩnh,"[[""en"", ""Tuệ Tĩnh Commune""], [""vi"", ""Xã Tuệ Tĩnh""]]",True,True,106.233642578125,20.950965881347656,106.29338836669922,20.997753143310547,ce5e5a2a-3934-4eab-a56e-038f72616451
7e6f9df5-22d4-4c61-af43-6066fb592016,VN,VN-HN,locality,,land,Phường Phúc Lợi,"[[""en"", ""Phuc Loi Ward""]]",True,True,105.89462280273438,21.024749755859375,105.93878173828125,21.057981491088867,71a02083-2295-436f-bedb-8b6a49748d27
c36ddbd2-fb57-48de-86cd-1d5edfdeda70,VN,VN-13,locality,,land,Xã Thống Nhất,"[[""vi-Hani"", ""社統一""], [""vi"", ""Xã Thống Nhất""], [""zh-Hans"", ""统一社""], [""ko"", ""통녓""], [""de"", ""Gemeinde Thống Nhất""], [""lzh"", ""統一社""], [""zh-Hant"", ""統一社""], [""en"", ""Thong Nhat Commune""], [""zh"", ""統一社""]]",True,True,106.99542999267578,20.992473602294922,107.26919555664062,21.146427154541016,f7df7a78-4a38-4cdc-bf04-0d07831c4d45
5d8b8f00-d22c-44ba-b1a6-7a55589d87c2,VN,VN-HN,microhood,,land,Quảng trường ngã 5,,True,True,105.84291076660156,21.005207061767578,105.8435287475586,21.005699157714844,3671310c-bdf2-4db4-a826-eace27d3ecc3
c16b9288-c790-422d-a928-43ced2a8b511,VN,VN-HN,locality,,land,Xã Suối Hai,"[[""en"", ""Suoi Hai Commune""], [""vi"", ""Xã Suối Hai""]]",True,True,105.31830596923828,21.082347869873047,105.43107604980469,21.166563034057617,be1ff0c9-0478-469e-84f2-6aadbfc09736
c404f680-f2c3-408d-a497-7587b92cf056,VN,VN-68,locality,,land,Xã Liên Sơn,"[[""en"", ""Liên Sơn Commune""], [""vi"", ""Xã Liên Sơn""]]",True,True,105.42379760742188,20.75203514099121,105.65050506591797,20.89615821838379,ca21db26-51e6-4263-ba16-85950d94fd0f
f1b83725-c4d4-444f-8db6-1c45d66f419a,VN,VN-HP,locality,,land,Phường Lê Đại Hành,"[[""en"", ""Lê Đại Hành Ward""], [""de"", ""Stadtviertel Lê Đại Hành""], [""vi"", ""Phường Lê Đại Hành""]]",True,True,106.36351776123047,21.019750595092773,106.435546875,21.08881950378418,24990545-d531-4c40-be35-e0accbc1a99b
cb56d197-da99-4c42-a2db-9c140306563d,VN,VN-07,locality,,land,Xã Yên Thành,"[[""en"", ""Yên Thành Commune""], [""vi"", ""Xã Yên Thành""]]",True,True,104.4481201171875,22.38127326965332,104.57616424560547,22.48082160949707,2b9873ea-f5a1-4b36-b196-22d1e1b7996e
688eaa5b-7061-45f7-9d05-2813ec720e4a,VN,VN-07,locality,,land,Phường An Tường,"[[""en"", ""An Tường Ward""], [""vi"", ""Phường An Tường""]]",True,True,105.16888427734375,21.73470115661621,105.2933578491211,21.815027236938477,b6a74f7a-9613-48ea-a765-121f5c741421
f9d913b1-a518-4fc2-9862-fde62b13962e,VN,VN-69,locality,,land,Phường Phúc Thuận,"[[""en"", ""Phúc Thuận Ward""], [""de"", ""Stadtviertel Phúc Thuận""], [""vi"", ""Phường Phúc Thuận""]]",True,True,105.70553588867188,21.409460067749023,105.83195495605469,21.517065048217773,27a3fa95-fc79-483f-84bd-a8b78aa29463
8b195ee3-cb3c-4507-a5b3-4ea58a9f4316,VN,VN-56,locality,,land,Xã Yên Phong,"[[""vi-Hani"", ""社安豐""], [""zh-Hans"", ""安丰社""], [""lzh"", ""安豐社""], [""zh-Hant"", ""安豐社""], [""en"", ""Yen Phong Commune""], [""zh"", ""安豐社""]]",True,True,105.93392944335938,21.16242790222168,106.00679016113281,21.230295181274414,df4888a4-d4b0-47c2-b3de-0c2902df5559
66678d89-9c39-4f07-8071-47c09342934a,VN,VN-66,locality,,land,Xã Lê Quý Đôn,"[[""en"", ""Lê Quý Đôn Commune""], [""vi"", ""Xã Lê Quý Đôn""]]",True,True,106.1331787109375,20.530366897583008,106.20364379882812,20.59540557861328,ad1f2aca-285a-4171-a28f-703386870b6e
e761ec71-8015-4006-8d40-739a1df06bab,VN,VN-18,locality,,land,Xã Lý Nhân,"[[""en"", ""Lý Nhân Commune""], [""vi"", ""Xã Lý Nhân""]]",True,True,105.98070526123047,20.57196617126465,106.03630828857422,20.6271915435791,3413b629-55b8-42ab-abc0-e5453e0e8f2e
7a987142-1a19-4750-8450-3d5a677b61d0,VN,VN-66,region,1,land,Tỉnh Hưng Yên,"[[""bs"", ""Provincija Hung Yen""], [""hr"", ""Provincija Hung Yen""], [""ar"", ""محافظة هونغ اين""], [""fr"", ""Province de Hưng Yên""], [""lv"", ""Hinjenas province""], [""uk"", ""Хинґ'єн""], [""pt-PT"", ""Província de Hung Yen""], [""pt"", ""Hung Yen""], [""cs"", ""Provincie Hưng Yên""], [""el"", ""Επαρχία Χουνγκ Γιέν""], [""it"", ""Provincia di Hung Yen""], [""ca"", ""Província de Hung Yen""], [""pt-BR"", ""Província de Hung Yen""], [""vi-Hani"", ""省興安""], [""vi"", ""Tỉnh Hưng Yên""], [""nl"", ""Hưng Yên""], [""zh-Hans"", ""兴安省""], [""bg"", ""Хунг Йен""], [""ko"", ""흥옌성""], [""et"", ""Hung Yeni provints""], [""de"", ""Hưng Yên""], [""ur"", ""ہونگ ین صوبہ""], [""ru"", ""Хынгйен""], [""th"", ""จังหวัดฮึงเอียน""], [""id"", ""Provinsi Hung Yen""], [""sr-Latn"", ""Hung Jen provincija""], [""sv"", ""Hung Yen""], [""tr"", ""Eyaleti Hưng Yên""], [""da"", ""Hưng Yên-provinsen""], [""sr-Cyrl"", ""Хинг Јен""], [""zh-Hant"", ""興安省""], [""en"", ""Hưng Yên Province""], [""he"", ""מחוז הונג ין""], [""sk"", ""Provincia Hung Yen""], [""es"", ""Hưng Yên""], [""sw"", ""Mkoa wa Hưng Yên""], [""ja"", ""フンイエン""], [""fi"", ""Hưng Yên""], [""ro"", ""Provincia Hưng Yên""], [""lt"", ""Hėngjeno provincija""], [""no"", ""Hưng Yên-provinsen""], [""sl"", ""Provinca Hung Yen""], [""fa"", ""استان هونگ ین""], [""mn"", ""Хыниэнь""], [""zh"", ""兴安省""], [""ms"", ""Provinsi Hưng Yên""], [""hu"", ""Hung Yen tartomány""], [""pl"", ""Prowincja Hưng Yên""]]",True,False,105.89532470703125,20.252302169799805,106.63622283935547,21.006990432739258,f76e51b9-9bab-4e2b-8ae5-86211f435fc0
e29b58cc-d941-40a6-9223-181394d03283,VN,VN-56,locality,,land,Phường Nhân Hòa,"[[""vi-Hani"", ""坊仁和""], [""zh-Hans"", ""仁和坊""], [""lzh"", ""仁和坊""], [""zh-Hant"", ""仁和坊""], [""en"", ""Nhan Hoa Ward""], [""zh"", ""仁和坊""]]",True,True,106.11154174804688,21.168331146240234,106.16836547851562,21.216753005981445,381279df-945e-41b8-bda1-c0a49801f811
8a31bbae-58de-4ef9-8d7d-3754c8f1874d,VN,VN-13,locality,,land,Phường Mông Dương,"[[""vi-Hani"", ""坊蒙陽""], [""vi"", ""Phường Mông Dương""], [""zh-Hans"", ""蒙阳坊""], [""ko"", ""몽즈엉""], [""de"", ""Stadtviertel Mông Dương""], [""lzh"", ""蒙陽坊""], [""zh-Hant"", ""蒙陽坊""], [""en"", ""Mong Duong Ward""], [""zh"", ""蒙陽坊""]]",True,True,107.19913482666016,21.01833152770996,107.36910247802734,21.186840057373047,7cdfdd75-a037-43c4-8ffc-77e9ac98aba8
ab89b44b-0819-402c-bdb2-edf2844ca744,VN,VN-HP,locality,,land,Xã Nguyễn Bỉnh Khiêm,"[[""en"", ""Nguyễn Bỉnh Khiêm Commune""], [""vi"", ""Xã Nguyễn Bỉnh Khiêm""]]",True,True,106.52444458007812,20.622377395629883,106.6012954711914,20.681591033935547,6320bf39-65af-423b-9660-9871fdb4f37e
4e07c4d5-580f-479d-b888-52292929ed4a,VN,VN-66,locality,,land,Xã Tống Trân,"[[""en"", ""Tống Trân Commune""], [""vi"", ""Xã Tống Trân""]]",True,True,106.1890640258789,20.6411190032959,106.26953125,20.70488929748535,a35dc7a2-2c54-45e3-94e5-99018fa61b2f
6201dfbd-8d04-44b4-be7c-7668fcfaa8f7,VN,VN-04,locality,,land,Xã Thạch An,,True,True,106.36270904541016,22.410390853881836,106.49581146240234,22.573026657104492,8f2ceb1c-daca-4d29-a771-2f21351e7529
cf5b346f-8ca2-4bd2-86d0-41e7a5192d35,VN,VN-HP,locality,,land,Xã Tân Minh,"[[""en"", ""Tân Minh Commune""], [""vi"", ""Xã Tân Minh""]]",True,True,106.51260375976562,20.66419219970703,106.5926513671875,20.720218658447266,df2cb719-e1bf-4118-829c-b34a8b45afd3
ee322646-976e-4c2a-8651-3b4dd21ad6f8,VN,VN-13,locality,,land,Xã Quảng La,"[[""vi-Hani"", ""社廣羅""], [""vi"", ""Xã Quảng La""], [""zh-Hans"", ""广罗社""], [""de"", ""Gemeinde Quảng La""], [""lzh"", ""廣羅社""], [""zh-Hant"", ""廣羅社""], [""en"", ""Quang La Commune""], [""zh"", ""廣羅社""]]",True,True,106.82554626464844,21.012596130371094,106.95681762695312,21.188880920410156,b9460bd7-38b6-4401-80d7-38beb7e6de9a
1da16a60-443a-4237-a589-1bb4308cfc1c,VN,VN-04,locality,,land,Xã Kim Đồng,,True,True,106.2848129272461,22.46176528930664,106.40438842773438,22.5970516204834,b33a9535-8cff-44d1-b10a-11aa1a0a1128
796ac8f5-1c22-4790-aeb1-fd782acf877f,VN,VN-69,locality,,land,Xã Đồng Hỷ,"[[""en"", ""Đồng Hỷ Commune""], [""vi"", ""Xã Đồng Hỷ""]]",True,True,105.7861099243164,21.621517181396484,105.8904800415039,21.710159301757812,3b756071-72a7-4611-9e53-74bc50c23cae
e991be1a-97da-4977-9236-b26ee533deea,VN,VN-56,locality,,land,Xã Đại Đồng,"[[""vi-Hani"", ""社大同""], [""zh-Hans"", ""大同社""], [""ko"", ""다이동""], [""de"", ""Gemeinde Đại Đồng""], [""lzh"", ""大同社""], [""zh-Hant"", ""大同社""], [""en"", ""Dai Dong Commune""], [""zh"", ""大同社""]]",True,True,105.97633361816406,21.06897735595703,106.0229263305664,21.130638122558594,4dc663dd-2563-4fca-b145-67828ef35038
b6586f4b-c186-4ac3-ba88-13bf41d41dfd,VN,VN-09,locality,,land,Xã Tràng Định,"[[""vi-Hani"", ""社長定""], [""zh-Hans"", ""长定社""], [""lzh"", ""長定社""], [""zh-Hant"", ""長定社""], [""zh"", ""長定社""]]",True,True,106.39933013916016,22.143001556396484,106.55796813964844,22.272432327270508,6799247e-1e4f-48a0-909d-361898711860
f5472124-030f-4cec-bd38-707d88adda73,VN,VN-07,locality,,land,Xã Bạch Ngọc,"[[""en"", ""Bạch Ngọc Commune""], [""vi"", ""Xã Bạch Ngọc""]]",True,True,104.99722290039062,22.482698440551758,105.15966033935547,22.678247451782227,b7d955cb-1328-425a-a90c-ab1cc7555a42
854d0b14-6939-403c-9479-a9383b480d09,VN,VN-68,locality,,land,Xã Tây Cốc,"[[""en"", ""Tây Cốc Commune""], [""vi"", ""Xã Tây Cốc""]]",True,True,105.07671356201172,21.570484161376953,105.18294525146484,21.681116104125977,ced84715-7559-434f-9513-076ef8664191
1a989212-1703-497d-9c7e-baa8d4e34c09,VN,VN-68,locality,,land,Xã Vĩnh Chân,"[[""en"", ""Vĩnh Chân Commune""], [""vi"", ""Xã Vĩnh Chân""]]",True,True,105.0257339477539,21.483041763305664,105.08402252197266,21.563430786132812,1f7b0f0b-e4fe-4054-9257-394ad8bf4278
17f0eaa7-d19f-46da-84f5-198217b7c61a,VN,VN-09,locality,,land,Xã Vũ Lễ,"[[""vi-Hani"", ""社武禮""], [""zh-Hans"", ""武礼社""], [""lzh"", ""武禮社""], [""zh-Hant"", ""武禮社""], [""zh"", ""武禮社""]]",True,True,106.10587310791016,21.748027801513672,106.2496337890625,21.88348960876465,eb3a3d61-697d-4085-bdd6-37038fe7a60b
acf23b9f-380a-4a11-8a3b-9327709c594b,VN,VN-HN,locality,,land,Xã Xuân Mai,"[[""de"", ""Gemeinde Xuân Mai""]]",True,True,105.55101013183594,20.806447982788086,105.64241790771484,20.915996551513672,004c50bf-cd82-44f6-ab98-bad85fe12dc7
e5a26ad6-9516-49ba-b5d1-6686be9faa8b,VN,VN-09,locality,,land,Xã Thái Bình,"[[""vi-Hani"", ""社太平""], [""zh-Hans"", ""太平社""], [""lzh"", ""太平社""], [""zh-Hant"", ""太平社""], [""zh"", ""太平社""]]",True,True,106.88839721679688,21.325149536132812,107.1059799194336,21.575334548950195,5cff63d8-5923-4826-854b-be7d7a743c2b
95c82718-6668-45b2-abdd-be5d60c36c91,VN,VN-69,locality,,land,Xã Kha Sơn,"[[""en"", ""Kha Sơn Commune""], [""vi"", ""Xã Kha Sơn""]]",True,True,105.96000671386719,21.394023895263672,106.05148315429688,21.473567962646484,62b1c4d3-34b2-4e17-aefd-e7a9375c832b
2cf7926e-f498-49a9-9107-5e6601de06b8,VN,VN-56,locality,,land,Xã Gia Bình,"[[""vi-Hani"", ""社嘉平""], [""zh-Hans"", ""嘉平社""], [""lzh"", ""嘉平社""], [""zh-Hant"", ""嘉平社""], [""en"", ""Gia Binh Commune""], [""zh"", ""嘉平社""]]",True,True,106.13668060302734,21.012327194213867,106.2161636352539,21.084693908691406,9addc949-5790-420c-9620-e19b35bae2a8
58f36651-272b-4088-843d-0838acef9236,VN,VN-07,locality,,land,Xã Cao Bồ,"[[""en"", ""Cao Bồ Commune""], [""vi"", ""Xã Cao Bồ""]]",True,True,104.80339050292969,22.69693374633789,104.9594955444336,22.808692932128906,4159237f-e602-4a7c-9730-b1ccc4c88b67
19acf4ce-a713-4ea4-be7c-41b52baa7878,VN,VN-68,locality,,land,Xã Yên Lập,"[[""en"", ""Yên Lập Commune""], [""vi"", ""Xã Yên Lập""]]",True,True,105.00431823730469,21.27420425415039,105.13089752197266,21.38898277282715,a15ae97f-7d3b-4a91-a48f-94f3cee2c5eb
c4119660-92fe-4234-b8bf-b32d8ab61b4f,VN,VN-04,locality,,land,Xã Nam Quang,,True,True,105.36038208007812,22.829483032226562,105.53052520751953,23.003173828125,afb37a75-2847-45bf-8987-067ea905f429
562a616a-abfa-4a57-8c3e-6b07dd288aef,VN,VN-HN,locality,,land,Xã Hoài Đức,"[[""en"", ""Hoai Duc Commune""]]",True,True,105.67552947998047,21.033634185791016,105.7298583984375,21.09028434753418,09f154b9-e24f-436e-87db-84459a7c1e53
4c633055-f560-42f9-bf0c-9549d9de85b5,VN,VN-04,locality,,land,Xã Hạnh Phúc,,True,True,106.34622955322266,22.55362319946289,106.48807525634766,22.699996948242188,6a615452-9a44-4a1c-a1a9-fd51f40e50fd
6c5041bf-8db0-464a-ad1b-7aa65bdaf0f6,VN,VN-07,locality,,land,Phường Minh Xuân,"[[""en"", ""Minh Xuân Ward""], [""vi"", ""Phường Minh Xuân""]]",True,True,105.14579010009766,21.764575958251953,105.22435760498047,21.8531436920166,04bd4671-e010-44ff-9f20-314852bba320
0a68365a-3758-4608-a2c7-d29ed9304e46,VN,VN-07,locality,,land,Xã Thượng Lâm,"[[""en"", ""Thượng Lâm Commune""], [""vi"", ""Xã Thượng Lâm""]]",True,True,105.23573303222656,22.39760398864746,105.40558624267578,22.653514862060547,f69d19c5-f84c-4d44-aebe-c548cc66d5c1
c68f92a4-9c9b-424b-b318-2503b5266844,VN,VN-HP,locality,,land,Phường Chu Văn An,"[[""en"", ""Chu Văn An Ward""], [""de"", ""Stadtviertel Chu Văn An""], [""vi"", ""Phường Chu Văn An""]]",True,True,106.33204650878906,21.062923431396484,106.4188003540039,21.134183883666992,a942f3b0-e333-4398-8d91-efcde7211922
f5a64e2b-573c-4884-979b-144b4cf36ddb,VN,VN-13,locality,,land,Đặc khu Cô Tô,"[[""vi-Hani"", ""特區姑蘇""], [""vi"", ""Đặc khu Cô Tô""], [""zh-Hans"", ""姑苏特区""], [""ko"", ""꼬또""], [""de"", ""Sonderzone Cô Tô""], [""lzh"", ""姑蘇特區""], [""zh-Hant"", ""姑蘇特區""], [""en"", ""Cô Tô Special Administrative Region""], [""zh"", ""姑蘇特區""]]",True,True,107.73175811767578,20.9434814453125,108.02399444580078,21.24882698059082,891dca5c-620b-4f5e-8f27-bbe0e6b9bbb2
c9207610-52ac-42b1-bbf9-7635042ce7b5,VN,VN-HN,locality,,land,Phường Láng,"[[""en"", ""Lang Ward""]]",True,True,105.79761505126953,21.010534286499023,105.81488800048828,21.030235290527344,6268e904-cee2-49bd-a7ed-c0ce4789106e
095e2aec-1421-4da2-80e9-a8118977810f,VN,VN-56,locality,,land,Xã Lục Nam,"[[""vi-Hani"", ""社陸南""], [""zh-Hans"", ""陆南社""], [""lzh"", ""陸南社""], [""zh-Hant"", ""陸南社""], [""zh"", ""陸南社""]]",True,True,106.30455017089844,21.275041580200195,106.4538345336914,21.341711044311523,7ddd2e43-91ee-4bdf-add5-d0336a0a299e
76b7396e-1d74-4f27-bcb4-b512a2004a5d,VN,VN-HN,microhood,,land,A,,True,True,105.83709716796875,20.971712112426758,105.83758544921875,20.972583770751953,3aae2404-06d0-4b4e-8b4d-57e61e2f7859
710176e2-acd4-4f1e-a8bf-dbeb4dacf8eb,VN,VN-HP,locality,,land,Phường Lê Ích Mộc,"[[""en"", ""Lê Ích Mộc Ward""], [""vi"", ""Phường Lê Ích Mộc""]]",True,True,106.58760833740234,20.919300079345703,106.64225769042969,20.985748291015625,4cbba298-7e46-48b9-b0fd-6e086ce8866e
5f51d873-d852-4339-8ad9-165e6b49aff2,VN,VN-66,locality,,land,Xã Bắc Đông Hưng,"[[""en"", ""Bắc Đông Hưng Commune""], [""vi"", ""Xã Bắc Đông Hưng""]]",True,True,106.37374114990234,20.552940368652344,106.44132232666016,20.603313446044922,6483ff8b-64d8-4d61-8873-95bb813a1d04
090e145a-fe7c-4edc-bfb8-38970437d3ff,VN,VN-HN,microhood,,land,Khu Cát Tường,,True,True,105.86243438720703,21.08652687072754,105.87744140625,21.09563636779785,fb251e95-fa93-402e-85e8-fe5bcc0e675c
e9be4542-439d-452b-bf4a-847ba8e564ee,VN,VN-66,locality,,land,Xã Đồng Bằng,"[[""en"", ""Đồng Bằng Commune""], [""vi"", ""Xã Đồng Bằng""]]",True,True,106.35688018798828,20.617223739624023,106.41077423095703,20.68738555908203,bb9976cd-0454-4a1d-8dc1-ff4e94191da9
92b48d5c-ec31-468f-9878-03ae642340de,VN,VN-07,locality,,land,Xã Quảng Nguyên,"[[""en"", ""Quảng Nguyên Commune""], [""vi"", ""Xã Quảng Nguyên""]]",True,True,104.51046752929688,22.527944564819336,104.62281036376953,22.651453018188477,988031ed-a9cb-4d0a-b9ae-564848791ea7
9ec958bb-4a3d-4b7e-affd-76e15ff77708,VN,VN-09,locality,,land,Xã Na Dương,"[[""vi-Hani"", ""社那陽""], [""zh-Hans"", ""那阳社""], [""lzh"", ""那陽社""], [""zh-Hant"", ""那陽社""], [""zh"", ""那陽社""]]",True,True,106.87239074707031,21.585336685180664,107.01922607421875,21.782428741455078,db63b906-a15c-48ff-8e1a-9a7e5ec3ef1a
5cb92bf3-3957-49fe-9cce-beae2ff7164b,VN,VN-HP,locality,,land,Xã Mao Điền,"[[""en"", ""Mao Điền Commune""], [""vi"", ""Xã Mao Điền""]]",True,True,106.1635513305664,20.90072250366211,106.24519348144531,20.95746421813965,4245d41b-2d35-4a0f-b331-ea2c75369b45
e3adca81-a211-42d0-8793-14047d581537,VN,VN-66,locality,,land,Hạ Tân,,True,True,106.00330352783203,20.93695068359375,106.01150512695312,20.94276237487793,dd73b5ad-0830-464f-b546-bf785b57b233
9102e984-3d7a-40cb-b39a-177643940453,VN,VN-68,locality,,land,Xã Xuân Lãng,"[[""en"", ""Xuân Lãng Commune""], [""vi"", ""Xã Xuân Lãng""]]",True,True,105.60104370117188,21.21541404724121,105.69441986083984,21.276004791259766,686b1d43-ee90-427c-aca5-579900739a37
f5597c76-d185-41c6-b782-eb4498fc0423,VN,VN-07,locality,,land,Xã Hoàng Su Phì,"[[""en"", ""Hoàng Su Phì Commune""], [""vi"", ""Xã Hoàng Su Phì""]]",True,True,104.61702728271484,22.65802001953125,104.76481628417969,22.803617477416992,5a95c1ad-c88a-4e3d-a7f0-3f0e5fc415bf
44c70017-2c93-4526-a06c-2a52bc7d0d54,VN,VN-HN,locality,,land,Xã Đan Phượng,"[[""de"", ""Gemeinde Đan Phượng""]]",True,True,105.64472198486328,21.066139221191406,105.68754577636719,21.12302589416504,7543b91f-6f2e-4183-8a6f-30af80d6a20f
519a9614-c92a-4990-b766-2c5805c04925,VN,VN-09,locality,,land,Xã Đồng Đăng,"[[""vi-Hani"", ""社同登""], [""zh-Hans"", ""同登社""], [""lzh"", ""同登社""], [""zh-Hant"", ""同登社""], [""zh"", ""同登社""]]",True,True,106.65740203857422,21.883018493652344,106.79718017578125,22.013137817382812,b351f337-bc5a-40e7-97fb-812783eadc8a
3a3e838e-e07e-4efd-a3c6-7f334753737a,VN,VN-13,locality,,land,Phường Hạ Long,"[[""vi-Hani"", ""坊下龍""], [""zh-Hans"", ""下龙坊""], [""de"", ""Stadtviertel Hạ Long""], [""lzh"", ""下龍坊""], [""zh-Hant"", ""下龍坊""], [""zh"", ""下龍坊""]]",True,True,107.0914535522461,20.936140060424805,107.13626098632812,20.95974349975586,36715209-d100-4d0c-aa96-238835dfcb33
05b2b382-3a6e-4426-a7c7-0d7b474f8302,VN,VN-HN,locality,,land,Phường Kiến Hưng,,True,True,105.7547836303711,20.942501068115234,105.80355834960938,20.965694427490234,3b8da11f-bdb7-42ce-aa29-41647cd68467
5067de35-3fb6-4885-8e7c-5a7d3523393c,VN,VN-69,locality,,land,Xã Cao Minh,"[[""en"", ""Cao Minh Commune""], [""vi"", ""Xã Cao Minh""]]",True,True,105.52890014648438,22.48813247680664,105.68340301513672,22.666311264038086,fa403fcb-af45-4c42-8584-fcb4620d7b39
7ebd6523-d110-4aca-a2b7-705fc6446494,VN,VN-07,locality,,land,Xã Sủng Máng,"[[""en"", ""Sủng Máng Commune""], [""vi"", ""Xã Sủng Máng""]]",True,True,105.2701644897461,23.099889755249023,105.37387084960938,23.214622497558594,00d08180-c0c6-44bb-ad0d-1c9a0d60543e
a5839673-ca8e-430d-a1e5-91c1e9d323ec,VN,VN-09,region,1,land,Tỉnh Lạng Sơn,"[[""bs"", ""Provincija Lạng Sơn""], [""hr"", ""Provincija Lạng Sơn""], [""ar"", ""محافظة لانغ سون""], [""fr"", ""Province de Lạng Sơn""], [""lv"", ""Lạng Sơn province""], [""uk"", ""Ланґшон""], [""br"", ""Proviñs Lang Son""], [""pt-PT"", ""Província de Lạng Sơn""], [""pt"", ""Lang Son""], [""cs"", ""Provincie Lạng Sơn""], [""el"", ""Επαρχία Λανγκ Σον""], [""it"", ""Provincia di Lang Son""], [""ca"", ""Província de Lạng Sơn""], [""pt-BR"", ""Província de Lạng Sơn""], [""vi-Hani"", ""省諒山""], [""vi"", ""Tỉnh Lạng Sơn""], [""nl"", ""Lạng Sơn""], [""zh-Hans"", ""谅山省""], [""bg"", ""Ланг Сон""], [""ko"", ""랑선성""], [""et"", ""Lạng Sơni provints""], [""de"", ""Lạng Sơn""], [""ur"", ""لانگ سون صوبہ""], [""ru"", ""Лангшон""], [""th"", ""จังหวัดลังซอน""], [""id"", ""Provinsi Lạng Sơn""], [""sr-Latn"", ""Lạng Sơn provincija""], [""sv"", ""Lang Son""], [""tr"", ""Eyaleti Lạng Sơn""], [""da"", ""Lạng Sơn-provinsen""], [""sr-Cyrl"", ""Ланг Шон""], [""zh-Hant"", ""諒山省""], [""en"", ""Lạng Sơn Province""], [""he"", ""מחוז לנג סון""], [""sk"", ""Provincia Lạng Sơn""], [""es"", ""Lạng Sơn""], [""sw"", ""Mkoa wa Lạng Sơn""], [""ja"", ""ランソン省""], [""fi"", ""Lạng Sơn""], [""ro"", ""Lạng Sơn""], [""lt"", ""Langšono provincija""], [""no"", ""Lạng Sơn-provinsen""], [""sl"", ""Provinca Lạng Sơn""], [""fa"", ""استان لانگ سون""], [""mn"", ""Ланшонь""], [""zh"", ""谅山省""], [""ms"", ""Provinsi Lạng Sơn""], [""hu"", ""Lạng Sơn tartomány""], [""pl"", ""Prowincja Lạng Sơn""]]",True,True,106.09536743164062,21.325149536132812,107.36409759521484,22.46146011352539,407aa913-ee16-4712-b7f5-8232d2003cf9
a1f8089a-6459-4ced-8928-c41d3dcd7e75,VN,VN-HP,locality,,land,Xã Lai Khê,"[[""en"", ""Lai Khê Commune""], [""vi"", ""Xã Lai Khê""]]",True,True,106.38753509521484,20.951923370361328,106.47852325439453,21.00316619873047,c1afbc19-9059-40a0-8d02-56303e8670b9
144f6667-caa7-4304-aa22-07dd6fd0bd07,VN,VN-69,locality,,land,Xã Phú Đình,"[[""en"", ""Phú Đình Commune""], [""vi"", ""Xã Phú Đình""]]",True,True,105.49295043945312,21.7678165435791,105.5711898803711,21.849071502685547,b83e5dcb-c1ef-4f74-819f-a75bce40615c
9b20ef03-d7b2-422b-a43b-4d4e74892204,VN,VN-02,locality,,land,Xã Xuân Hòa,"[[""en"", ""Xuân Hòa Commune""], [""vi"", ""Xã Xuân Hòa""]]",True,True,104.43035888671875,22.238513946533203,104.57943725585938,22.34469985961914,64e1b80b-b395-445a-8502-800c8b32231c
791bac25-b770-4193-85fa-089cd8919c60,VN,VN-07,locality,,land,Xã Thái Sơn,"[[""en"", ""Thái Sơn Commune""], [""vi"", ""Xã Thái Sơn""]]",True,True,105.01663208007812,21.922855377197266,105.1451644897461,22.064659118652344,5f2bd270-fa93-49d1-b1ec-853b191b6330
342f11f9-6f1d-496f-a165-46d7c3e69eb3,VN,VN-HP,locality,,land,Xã Quyết Thắng,"[[""en"", ""Quyết Thắng Commune""], [""vi"", ""Xã Quyết Thắng""]]",True,True,106.48629760742188,20.75826072692871,106.55181121826172,20.808486938476562,c18b7063-821f-49f4-a055-fa4f31d6e5b0
858b71c2-76fa-4899-b577-3c78c9736b94,VN,VN-HN,locality,,land,Xã Thuận An,"[[""en"", ""Thuan An Commune""]]",True,True,105.94709014892578,20.996740341186523,106.02007293701172,21.06901741027832,68b9d0c2-32a0-4219-8f5c-30c1dc129baf
a12913cc-fa99-4bfe-83aa-880fe6b983da,VN,VN-56,locality,,land,Phường Quế Võ,"[[""vi-Hani"", ""坊桂武""], [""zh-Hans"", ""桂武坊""], [""lzh"", ""桂武坊""], [""zh-Hant"", ""桂武坊""], [""en"", ""Que Vo Ward""], [""zh"", ""桂武坊""]]",True,True,106.14618682861328,21.12923812866211,106.22181701660156,21.18552017211914,f82026f1-d814-4515-8f57-c60b68800e37
6abb1360-062e-4877-b961-02032c178456,VN,VN-HN,locality,,land,Phường Ngọc Hà,"[[""en"", ""Ngoc Ha Ward""]]",True,True,105.80514526367188,21.030576705932617,105.82837677001953,21.047954559326172,84b749a7-9314-4306-bf45-b09f2d8782c7
339201a7-9610-4a55-bce9-e0a8cc7d13fe,VN,VN-13,locality,,land,Phường Cao Xanh,"[[""vi-Hani"", ""坊高瞠""], [""vi"", ""Phường Cao Xanh""], [""zh-Hans"", ""高瞠坊""], [""ko"", ""까오짜인""], [""de"", ""Stadtviertel Cao Xanh""], [""lzh"", ""高瞠坊""], [""zh-Hant"", ""高瞠坊""], [""en"", ""Cao Xanh Ward""], [""zh"", ""高瞠坊""]]",True,True,107.06827545166016,20.958744049072266,107.17832946777344,21.033443450927734,9a06cff0-4afa-4d09-b701-afb96b9f115f
d2dfb5ad-7162-4648-a1f5-6293ad96b18e,VN,VN-HN,locality,,land,Xã Sơn Đồng,"[[""en"", ""Son Dong Commune""]]",True,True,105.66334533691406,21.00310707092285,105.73896026611328,21.051525115966797,39f24827-a863-4a61-8e17-21780348be62
d457402f-328e-4e17-b022-323f95c40099,VN,VN-02,locality,,land,Xã Yên Bình,"[[""en"", ""Yên Bình Commune""], [""vi"", ""Xã Yên Bình""]]",True,True,104.85076904296875,21.672483444213867,105.0306396484375,21.874652862548828,df02b516-03e9-4c05-8a75-bbec6ebd011e
fcd7bde2-ba67-41bb-bc6e-2a141d45706c,VN,VN-56,locality,,land,Phường Đồng Nguyên,"[[""vi-Hani"", ""坊同原""], [""zh-Hans"", ""同原坊""], [""lzh"", ""同原坊""], [""zh-Hant"", ""同原坊""], [""en"", ""Dong Nguyen Ward""], [""zh"", ""同原坊""]]",True,True,105.93756866455078,21.113506317138672,105.99512481689453,21.1533260345459,1c4922e2-42c3-4579-9096-172b75e23f4a
27907a10-e224-4ecb-8305-ae44eb41ff7a,VN,VN-HN,microhood,,land,D5,,True,True,105.8328628540039,20.973371505737305,105.83353424072266,20.97362518310547,5dcc7738-b211-4ada-94ef-ed17550953cf
eb980840-01f6-48da-996e-4e99a561979a,VN,VN-HN,microhood,,land,B6,,True,True,105.83606719970703,20.9733829498291,105.83660125732422,20.97361183166504,d94453b8-6eed-45c6-bf50-d57c6dd25f17
007aab13-841a-4190-97b2-0b516759eb2b,VN,VN-68,locality,,land,Xã Liên Minh,"[[""en"", ""Liên Minh Commune""], [""vi"", ""Xã Liên Minh""]]",True,True,105.16181945800781,21.32685089111328,105.21610260009766,21.39702033996582,31d1ca49-779f-4b72-a54d-7b5faebf836d
73a22806-7e7b-43d4-9b21-c9b7d2e68c65,VN,VN-69,locality,,land,Xã Trần Phú,"[[""en"", ""Trần Phú Commune""], [""vi"", ""Xã Trần Phú""]]",True,True,106.04425811767578,22.07269859313965,106.19149017333984,22.212154388427734,f3ba1db9-dbbd-4090-a0b8-1a69c97e2395
de6bc0a8-e9cd-4ba2-a59f-faadedbbaa05,VN,VN-66,locality,,land,Xã Quỳnh An,"[[""en"", ""Quỳnh An Commune""], [""vi"", ""Xã Quỳnh An""]]",True,True,106.30734252929688,20.588741302490234,106.39759826660156,20.636804580688477,8e53d969-5c70-415b-b99e-026459503c5f
0f466e81-63e8-4807-b31f-d11cd3cabc46,VN,VN-HP,locality,,land,Làng Đẩu Sơn,,True,True,106.64344787597656,20.787317276000977,106.65542602539062,20.792940139770508,4d557812-3cb8-4ee0-86f4-0d6375464c62
03b2d556-fa9f-4206-9884-9ce8f301aef4,VN,VN-56,locality,,land,Xã Yên Định,"[[""vi-Hani"", ""社安定""], [""zh-Hans"", ""安定社""], [""lzh"", ""安定社""], [""zh-Hant"", ""安定社""], [""zh"", ""安定社""]]",True,True,106.74759674072266,21.302173614501953,106.83638763427734,21.384807586669922,cd1303b2-461f-434c-9c1f-80393b1c985b
65290197-581d-46a5-9dcb-343f7bc06eeb,VN,VN-HN,locality,,land,Phường Tây Hồ,"[[""en"", ""Tay Ho Ward""]]",True,True,105.8044204711914,21.03951644897461,105.84017944335938,21.08465003967285,9ed225d9-1b88-470c-99e8-de1df359e957
023c8de4-2c80-41b2-b0a3-c8c96afcb995,VN,VN-56,locality,,land,Phường Chũ,"[[""vi-Hani"", ""坊珠""], [""zh-Hans"", ""珠坊""], [""lzh"", ""珠坊""], [""zh-Hant"", ""珠坊""], [""zh"", ""珠坊""]]",True,True,106.53389739990234,21.34275245666504,106.63055419921875,21.43455696105957,27460433-a4a9-41df-b3a3-539b06b00035
6db0d899-6360-4cd3-a012-c815b57eeb7e,VN,VN-07,locality,,land,Xã Hồng Sơn,"[[""en"", ""Hồng Sơn Commune""], [""vi"", ""Xã Hồng Sơn""]]",True,True,105.24362182617188,21.550533294677734,105.33414459228516,21.627239227294922,b77dcc69-0c3c-4844-90a8-f1827fdd5813
b7e89197-697e-4ca6-a5d1-b541b6e7afeb,VN,VN-56,locality,,land,Xã Sơn Động,"[[""vi-Hani"", ""社山洞""], [""zh-Hans"", ""山洞社""], [""lzh"", ""山洞社""], [""zh-Hant"", ""山洞社""], [""zh"", ""山洞社""]]",True,True,106.79499816894531,21.26901626586914,106.89848327636719,21.39741325378418,34093b73-b96e-46ff-b27b-0dcb1c63d78c
1542bb2c-3fa0-4315-9b58-e3439bf7d2c7,VN,VN-56,locality,,land,Xã Tam Đa,"[[""vi-Hani"", ""社三多""], [""zh-Hans"", ""三多社""], [""lzh"", ""三多社""], [""zh-Hant"", ""三多社""], [""en"", ""Tam Da Commune""], [""zh"", ""三多社""]]",True,True,106.00322723388672,21.175485610961914,106.03865814208984,21.251874923706055,9d610e8f-5740-44af-b122-6e6b4168e7d7
35f39abe-5586-4464-ac53-a22be0a2dba5,VN,VN-HN,locality,,land,Xã Bất Bạt,"[[""en"", ""Bat Bat Commune""], [""vi"", ""Xã Bất Bạt""]]",True,True,105.28894805908203,21.11065673828125,105.3765869140625,21.208219528198242,71db29a3-4cb4-4148-ac92-7e46ddc17984
d3d5d5c3-a03b-4fdd-8549-5c52a5460ef4,VN,VN-HP,locality,,land,Xã Hùng Thắng,"[[""en"", ""Hùng Thắng Commune""], [""vi"", ""Xã Hùng Thắng""]]",True,True,106.6320571899414,20.620038986206055,106.70817565917969,20.697118759155273,06e5333e-f4d5-4d1c-be27-6639c4417865
21a29e07-2766-454d-bef2-be7d9aa8509b,VN,VN-66,locality,,land,Khúc Lộng,"[[""ko"", ""쿡롱""]]",True,True,105.98222351074219,20.922788619995117,106.00923919677734,20.934715270996094,5f624136-714a-49d2-bfa8-e5b828257a4d
9e325f31-093f-4d32-ba78-435bd27e0cd5,VN,VN-09,locality,,land,Xã Hữu Liên,"[[""vi-Hani"", ""社右連""], [""zh-Hans"", ""右连社""], [""lzh"", ""右連社""], [""zh-Hant"", ""右連社""], [""zh"", ""右連社""]]",True,True,106.28955841064453,21.588777542114258,106.42662048339844,21.75539207458496,1dc09601-147a-478b-af7a-995b3679ea99
488b7162-80a6-4e53-8f9e-0c904ba48185,VN,VN-69,locality,,land,Xã Tân Khánh,"[[""en"", ""Tân Khánh Commune""], [""vi"", ""Xã Tân Khánh""]]",True,True,105.9056396484375,21.495180130004883,105.99488830566406,21.59097671508789,385ecc6c-af2a-445e-9e42-cce32f6d2d99
2e996dc2-82a6-441a-8437-4d07da4c5883,VN,VN-HN,locality,,land,Xã Yên Bài,"[[""en"", ""Yen Bai Commune""], [""vi"", ""Xã Yên Bài""]]",True,True,105.37664031982422,21.011362075805664,105.46925354003906,21.10494041442871,2d8c78fd-b73c-4946-a127-a3a3b0ba26c0
03f05efb-4ee4-4c62-8c43-b00e5b993e6b,VN,VN-07,microhood,,land,Quảng trường Yên Sơn,,True,True,105.13813018798828,21.87541389465332,105.14055633544922,21.877363204956055,ad5eeeff-2fb4-4c8b-b988-ddbd4b453966
494a7c96-cc17-43d0-8f52-06be5ba588f8,VN,VN-07,locality,,land,Xã Quản Bạ,"[[""en"", ""Quản Bạ Commune""], [""vi"", ""Xã Quản Bạ""]]",True,True,104.9202880859375,22.939790725708008,105.03473663330078,23.084796905517578,2a691b78-61a1-409d-9b74-6ace342e1c80
f4c5ec5a-a006-44ac-afeb-ab9719917b27,VN,VN-13,locality,,land,Phường Hoành Bồ,"[[""vi-Hani"", ""坊橫蒲""], [""vi"", ""Phường Hoành Bồ""], [""zh-Hans"", ""横蒲坊""], [""ko"", ""호아인보""], [""de"", ""Stadtviertel Hoành Bồ""], [""lzh"", ""橫蒲坊""], [""zh-Hant"", ""橫蒲坊""], [""en"", ""Hoanh Bo Ward""], [""zh"", ""橫蒲坊""]]",True,True,106.90403747558594,20.99571990966797,107.06269836425781,21.162216186523438,69365c64-7943-4e13-8134-6a428951e212
eec4f60c-2a7f-41c6-b318-ba74eb505e7c,VN,VN-56,locality,,land,Xã Tân Dĩnh,"[[""vi-Hani"", ""社新清""], [""zh-Hans"", ""新清社""], [""lzh"", ""新清社""], [""zh-Hant"", ""新清社""], [""zh"", ""新清社""]]",True,True,106.2215805053711,21.271835327148438,106.32102966308594,21.33176612854004,c9f11247-a48a-464c-8896-cb112155b8b8
609c5926-b92c-45ff-87c4-7f10754822b2,VN,VN-HP,locality,,land,Xã Nam Thanh Miện,"[[""en"", ""Nam Thanh Miện Commune""], [""vi"", ""Xã Nam Thanh Miện""]]",True,True,106.2115707397461,20.683578491210938,106.26953125,20.755638122558594,bf51615f-edd5-4a42-8dd9-30fa7b42ff59
6556aacc-9e9e-4e7a-b905-625a2c64401c,VN,VN-66,locality,,land,Đọ,,True,True,105.98111724853516,20.923988342285156,106.00807189941406,20.938125610351562,90a6971d-837a-4c7b-972f-02895b6855e2
d098663e-beba-4f57-ad69-4742e6d64be4,VN,VN-HN,locality,,land,Xã Trần Phú,"[[""en"", ""Tran Phu Commune""], [""vi"", ""Xã Trần Phú""]]",True,True,105.61402130126953,20.791900634765625,105.69086456298828,20.882036209106445,4212fe24-a1a9-4274-b5da-f34f6bd91fab
b9e78653-6dc7-4364-96b3-73cd57dbbd11,VN,VN-66,locality,,land,Du Tràng,,True,True,106.00292205810547,20.942461013793945,106.01343536376953,20.950105667114258,8a0c3e20-5995-4cf8-a027-5f133dd8b0ca
cfafd413-19e8-49db-b5fd-e94c908bc52b,VN,VN-HN,microhood,,land,Quảng Trường Sinh Viên,,True,True,105.9297866821289,21.004535675048828,105.93121337890625,21.00577163696289,73b8059a-0e73-4358-bd43-27f38053d5f2
31126c6b-c0ae-47bc-a967-3c34a23f89a1,VN,VN-68,locality,,land,Xã Hiền Quan,"[[""en"", ""Hiền Quan Commune""], [""vi"", ""Xã Hiền Quan""]]",True,True,105.20282745361328,21.32337760925293,105.27428436279297,21.39702606201172,a5f086d1-befc-425b-b6a3-bb8b21616cd6
14986a37-c1ed-4422-96f4-813f51c70a7c,VN,VN-HP,locality,,land,Xã Nam An Phụ,"[[""en"", ""Nam An Phụ Commune""], [""vi"", ""Xã Nam An Phụ""]]",True,True,106.40608215332031,20.985820770263672,106.4686508178711,21.043787002563477,5cbe087e-03f8-43fb-a8d8-0945fdf43127
968385c8-6922-4d1c-8026-10ff91739956,VN,VN-68,locality,,land,Phường Thanh Miếu,"[[""en"", ""Thanh Miếu Ward""], [""vi"", ""Phường Thanh Miếu""]]",True,True,105.39149475097656,21.264116287231445,105.45629119873047,21.32512092590332,a2ca4d3a-285d-45f5-8a85-bb918cdd385b
02aa3def-9069-4769-b876-677d079423d9,VN,VN-68,locality,,land,Xã Bình Tuyền,"[[""en"", ""Bình Tuyền Commune""], [""vi"", ""Xã Bình Tuyền""]]",True,True,105.65836334228516,21.285499572753906,105.72606658935547,21.442447662353516,5b2765b5-06ae-45bb-af94-dbdbf7cc4aa8
b1f60103-f512-4ca5-b4fc-19e22e17bdbc,VN,VN-HN,microhood,,land,Quảng trường Mặt Trời,,True,True,105.8714599609375,21.06080436706543,105.87210083007812,21.061424255371094,b2cb8ba5-67ee-4d57-b5e4-8c7130aa44f7
83ed4c2f-1cbb-4eb6-89c6-ee29263fb71e,VN,VN-HN,microhood,,land,D2,,True,True,105.83321380615234,20.973703384399414,105.83351135253906,20.97425079345703,c2f312fd-deb4-4f54-8ab2-57145df4a3f3
69d242fe-e3b5-45c6-9c98-91255fc1fbd4,VN,VN-13,locality,,land,Phường Cửa Ông,"[[""vi-Hani"", ""坊𨷯翁""], [""vi"", ""Phường Cửa Ông""], [""zh-Hans"", ""翁𨷯坊""], [""ko"", ""끄어옹""], [""de"", ""Stadtviertel Cửa Ông""], [""lzh"", ""翁𨷯坊""], [""zh-Hant"", ""翁𨷯坊""], [""en"", ""Cua Ong Ward""], [""zh"", ""翁𨷯坊""]]",True,True,107.29756164550781,20.98247718811035,107.37265014648438,21.06080436706543,06d39ffa-b1f3-4957-a6da-3ebd6cb7c83f
b53471a0-91c3-439b-984b-c95b3280e634,VN,VN-HP,locality,,land,Thôn Bắc Bình,,True,True,106.55159759521484,20.668081283569336,106.5578384399414,20.678421020507812,d0787ae7-9979-4618-b484-a8db7cee2a33
d308d7d3-f667-4a3f-834a-8913dc6c0ce2,VN,VN-07,locality,,land,Xã Cán Tỷ,"[[""en"", ""Cán Tỷ Commune""], [""vi"", ""Xã Cán Tỷ""]]",True,True,104.94352722167969,23.060791015625,105.08781433105469,23.193153381347656,8e1d5811-0b6c-4980-83b5-c3ac32f4cc82
e10e0df6-3614-49e8-ae72-c334a46aa0bd,VN,VN-56,locality,,land,Xã Nhã Nam,"[[""vi-Hani"", ""社雅南""], [""zh-Hans"", ""雅南社""], [""ko"", ""냐남""], [""lzh"", ""雅南社""], [""zh-Hant"", ""雅南社""], [""en"", ""Nhã Nam""], [""zh"", ""雅南社""]]",True,True,106.06941986083984,21.389535903930664,106.14874267578125,21.462505340576172,c55cbca4-a7ef-4f2a-8595-b6430400fcd5
a4de4441-3a43-47f3-8bd5-de711eaae6aa,VN,VN-09,locality,,land,Xã Quan Sơn,"[[""vi-Hani"", ""社關山""], [""zh-Hans"", ""关山社""], [""lzh"", ""關山社""], [""zh-Hant"", ""關山社""], [""zh"", ""關山社""]]",True,True,106.56810760498047,21.54033660888672,106.77923583984375,21.669790267944336,47ea6024-cff1-40d5-a9e6-c28b5aedbd88
d4f0ec09-e88f-4057-a9dd-f3d0ca02b5cf,VN,VN-02,locality,,land,Xã Phúc Lợi,"[[""en"", ""Phúc Lợi Commune""], [""vi"", ""Xã Phúc Lợi""]]",True,True,104.60584259033203,21.93020248413086,104.79928588867188,22.082181930541992,0a12f48a-5751-4cec-8e33-0c2558b68982
09aa8fcc-6ae1-489b-9fa8-7f3b77ad8f24,VN,VN-04,locality,,land,Xã Trùng Khánh,,True,True,106.4084243774414,22.76984977722168,106.5673828125,22.909364700317383,6213f6f6-bd5d-4c9f-ad07-e7496dbf89ed
073a166a-c109-436f-9438-843414031019,VN,VN-66,locality,,land,Xã Nguyễn Du,"[[""en"", ""Nguyễn Du Commune""], [""vi"", ""Xã Nguyễn Du""]]",True,True,106.27827453613281,20.608821868896484,106.32608032226562,20.684284210205078,52c3686a-3c55-484a-9373-086c326da700
cd7a9b7b-0cec-4766-9771-5491e69e5c21,VN,VN-07,locality,,land,Xã Xuân Vân,"[[""en"", ""Xuân Vân Commune""], [""vi"", ""Xã Xuân Vân""]]",True,True,105.15484619140625,21.900348663330078,105.31727600097656,21.99152183532715,4a609e30-9b92-4eee-939d-d16f37d47462
e959bb48-1729-4da7-98d9-94ef3bcfb92b,VN,VN-HP,microhood,,land,Quảng trường Trung tâm Thành phố,,True,True,106.68156433105469,20.85613250732422,106.682373046875,20.856889724731445,edc7df95-b6f7-493e-94b8-b8f14124c781
e0182f6d-4e8f-43ea-af2c-4bb3ea19acf1,VN,VN-07,locality,,land,Xã Chiêm Hóa,"[[""en"", ""Chiêm Hóa Commune""], [""vi"", ""Xã Chiêm Hóa""]]",True,True,105.19332122802734,22.077816009521484,105.34341430664062,22.212966918945312,cce20f61-8947-49c2-8af2-55728597b319
43499194-af19-4dac-b0be-0960f80d91b9,VN,VN-07,locality,,land,Xã Lùng Tám,"[[""en"", ""Lùng Tám Commune""], [""vi"", ""Xã Lùng Tám""]]",True,True,105.01980590820312,22.946956634521484,105.1434097290039,23.078672409057617,45dd09c6-e362-40ea-89ea-b6c817d6c034
926d1132-d40a-4898-9496-3686d644015a,VN,VN-04,locality,,land,Xã Cốc Pàng,,True,True,105.48751831054688,22.971349716186523,105.67913818359375,23.11879539489746,ca6bf853-fd08-4ca2-8336-97426265811d
bc218f37-05b1-43f1-bf45-a38b73ce5759,VN,VN-07,locality,,land,Xã Linh Hồ,"[[""en"", ""Linh Hồ Commune""], [""vi"", ""Xã Linh Hồ""]]",True,True,104.92591094970703,22.511478424072266,105.15245056152344,22.741275787353516,edc34c38-48ab-4c69-8033-ff0443fa7c2f
454f5fca-390f-4bd4-9199-24a56a46a43b,VN,VN-18,locality,,land,Phường Lê Hồ,"[[""en"", ""Lê Hồ Ward""], [""vi"", ""Phường Lê Hồ""]]",True,True,105.84000396728516,20.585657119750977,105.89436340332031,20.648223876953125,ec11eb98-31d3-425d-92c8-0e8c8c58f06c
13343801-f300-4a12-863a-481381411867,VN,VN-HP,locality,,land,Xã An Lão,"[[""vi-Hani"", ""市鎮安老""], [""vi"", ""Xã An Lão""], [""zh-Hans"", ""安老市镇""], [""ko"", ""안라오""], [""zh-Hant"", ""安老市鎮""], [""en"", ""An Lão Commune""], [""zh"", ""安老市鎮""]]",True,True,106.54057312011719,20.781051635742188,106.6104736328125,20.85091781616211,fe0b59db-410b-4b59-943f-7084dbd8ea1d
d61b3b0a-73e5-4873-8c65-7833dae273ee,VN,VN-07,locality,,land,Xã Hùng Lợi,"[[""en"", ""Hùng Lợi Commune""], [""vi"", ""Xã Hùng Lợi""]]",True,True,105.4095458984375,21.826675415039062,105.55570220947266,22.030048370361328,73ee41b9-4cf9-476c-bbe5-870b2c06b151
00ba0553-2317-4cb6-a98d-725be482ed7f,VN,VN-HN,locality,,land,Phường Việt Hưng,"[[""en"", ""Viet Hung Ward""]]",True,True,105.87813568115234,21.045787811279297,105.93257141113281,21.079914093017578,b1a16534-ce68-45c4-b472-6e0dc6717f9d
666e69d3-19a8-4e1e-99db-46a78809535a,VN,VN-09,locality,,land,Xã Kiên Mộc,"[[""vi-Hani"", ""社堅木""], [""zh-Hans"", ""坚木社""], [""lzh"", ""堅木社""], [""zh-Hant"", ""堅木社""], [""zh"", ""堅木社""]]",True,True,107.08885192871094,21.541296005249023,107.36409759521484,21.742841720581055,a4a5944d-691d-4132-a92f-8ca1124d63b2
01251414-ef47-4655-bdd6-11f4b1f6c404,VN,VN-69,locality,,land,Xã Cường Lợi,"[[""en"", ""Cường Lợi Commune""], [""vi"", ""Xã Cường Lợi""]]",True,True,106.1122817993164,22.24711036682129,106.24700927734375,22.38796615600586,5de1ec8c-9fdd-47b5-afb0-2d3b4dac1a64
9c4a0bc1-1c54-4dc5-9d55-deb86adb583c,VN,VN-68,locality,,land,Phường Nông Trang,"[[""en"", ""Nông Trang Ward""], [""vi"", ""Phường Nông Trang""]]",True,True,105.33084106445312,21.305912017822266,105.38990783691406,21.350526809692383,e54a9499-12f5-4274-8470-393c11fa4e80
2607fa97-f277-4180-b27e-f67e76d33657,VN,VN-HP,locality,,land,Phường Nam Triệu,"[[""en"", ""Nam Triệu Ward""], [""vi"", ""Phường Nam Triệu""]]",True,True,106.71993255615234,20.87471580505371,106.77072143554688,20.948278427124023,d8d085cf-11eb-42bf-9864-9ce238850e87
e1bb0f57-d9e0-4c28-9084-b4933114061f,VN,VN-HN,locality,,land,Yên Xá,,True,True,105.7923812866211,20.966787338256836,105.79843139648438,20.972658157348633,2f7671db-6614-4781-8e1d-6bd916dea8bd
138a4d60-4b58-44aa-8ced-2fecdd010c22,VN,VN-02,locality,,land,Xã Hưng Khánh,"[[""en"", ""Hưng Khánh Commune""], [""vi"", ""Xã Hưng Khánh""]]",True,True,104.64854431152344,21.53107261657715,104.78423309326172,21.664947509765625,a4396a28-db61-46dc-bdf0-f8738c083ae8
7ee62c7b-9756-45b7-b701-bfd8f5175b34,VN,VN-69,locality,,land,Xã Đồng Phúc,"[[""en"", ""Đồng Phúc Commune""], [""vi"", ""Xã Đồng Phúc""]]",True,True,105.62124633789062,22.220457077026367,105.78911590576172,22.398164749145508,afbbef27-a6e9-448c-9655-c638b1bd3e48
559cb80c-8e8b-4fdf-84c0-eace8dbe7054,VN,VN-68,locality,,land,Xã Trung Sơn,"[[""en"", ""Trung Sơn Commune""], [""vi"", ""Xã Trung Sơn""]]",True,True,104.88189697265625,21.29117774963379,104.99825286865234,21.414339065551758,d69f826f-8878-4c09-bc05-48c597b800bc
8a4c3366-cbfb-4cfa-ba18-3674fdcf485c,VN,VN-56,locality,,land,Phường Cảnh Thụy,"[[""vi-Hani"", ""坊境瑞""], [""zh-Hans"", ""境瑞坊""], [""lzh"", ""境瑞坊""], [""zh-Hant"", ""境瑞坊""], [""zh"", ""境瑞坊""]]",True,True,106.23296356201172,21.14391326904297,106.30455017089844,21.228487014770508,260278bf-ab9a-4469-8184-a3f9c78b168a
8e534f77-ce7a-4163-9405-a6f7e722a392,VN,VN-HN,locality,,land,Xã Hòa Phú,"[[""en"", ""Hoa Phu Commune""], [""vi"", ""Xã Hòa Phú""]]",True,True,105.6568603515625,20.80500602722168,105.76148986816406,20.859275817871094,9a8c801b-be48-4dbb-aee0-9ab9cdce20d1
d549e09e-3331-4352-9bc7-d9a8696cd497,VN,VN-69,locality,,land,Xã Bằng Vân,"[[""en"", ""Bằng Vân Commune""], [""vi"", ""Xã Bằng Vân""]]",True,True,105.9767074584961,22.445737838745117,106.11970520019531,22.577402114868164,87f2f9a7-913e-44ce-847b-cf0081fcf6fb
bd268a98-9980-4881-9563-df104a210bbe,VN,VN-68,locality,,land,Xã Văn Lang,"[[""en"", ""Văn Lang Commune""], [""vi"", ""Xã Văn Lang""]]",True,True,104.9312744140625,21.484989166259766,105.04817962646484,21.555418014526367,494c4c91-fb7f-4927-9ed5-77dc4620813b
498ef416-1a60-4fcd-be3c-f770fc094207,VN,VN-69,locality,,land,Xã Phúc Lộc,"[[""en"", ""Phúc Lộc Commune""], [""vi"", ""Xã Phúc Lộc""]]",True,True,105.75640106201172,22.389936447143555,105.90445709228516,22.551279067993164,66979be6-14d7-46cb-8b48-48e2db186167
c134b396-e02d-4e5d-a61f-25337fae5b66,VN,VN-HP,locality,,land,Xã Nguyễn Lương Bằng,"[[""en"", ""Nguyễn Lương Bằng Commune""], [""vi"", ""Xã Nguyễn Lương Bằng""]]",True,True,106.19806671142578,20.810678482055664,106.25604248046875,20.865821838378906,c97441e5-c4af-406e-81b3-735afd4dde2d
52dbdbe3-bf61-4b89-8854-d0c1b1f8c96a,VN,VN-21,locality,,land,Xã Trung Sơn,"[[""en"", ""Trung Sơn Commune""], [""vi"", ""Xã Trung Sơn""]]",True,True,104.79766845703125,20.561580657958984,104.91454315185547,20.66998863220215,b3b1087f-17cf-4924-9459-47558499a427
e19596dc-f984-4993-8470-3b1173a4192b,VN,VN-69,locality,,land,Xã Nghinh Tường,"[[""en"", ""Nghinh Tường Commune""], [""vi"", ""Xã Nghinh Tường""]]",True,True,105.97248840332031,21.762298583984375,106.13175964355469,21.94267463684082,a477525b-6449-49a4-9d73-933beaf8b71a
c8b2ddfd-bac8-4e40-9af5-c8c0a77460ad,VN,VN-HN,locality,,land,Phường Bồ Đề,"[[""en"", ""Bo De Ward""]]",True,True,105.8410415649414,21.0208683013916,105.89054870605469,21.0808162689209,dfe77b69-69ca-4d94-9801-65db7ce20d3c
06407054-53b4-4f54-9cc9-4ca94a9667ed,VN,VN-HN,microhood,,land,C7,,True,True,105.83529663085938,20.97337532043457,105.8358154296875,20.973804473876953,b7c2dbcf-05cf-4d79-853b-2573e068039a
93dd7932-504f-4588-a997-1a646581e058,VN,VN-09,locality,,land,Xã Khuất Xá,"[[""vi-Hani"", ""社屈舍""], [""zh-Hans"", ""屈舍社""], [""ko"", ""쿠앗싸""], [""lzh"", ""屈舍社""], [""zh-Hant"", ""屈舍社""], [""zh"", ""屈舍社""]]",True,True,106.98348999023438,21.663522720336914,107.19225311279297,21.78934669494629,ef04e952-2e56-43fe-99b8-9f557c716f94
afeeabe8-a98c-418b-b93a-30f3f6ecf03e,VN,VN-68,locality,,land,Xã Đoan Hùng,"[[""en"", ""Đoan Hùng Commune""], [""vi"", ""Xã Đoan Hùng""]]",True,True,105.13253021240234,21.59001350402832,105.25147247314453,21.64691734313965,6b750d21-fdfe-4381-9ef6-380cfaaf62ed
406adb34-d570-430c-a879-05ad154e6fd2,VN,VN-69,locality,,land,Xã Văn Hán,"[[""en"", ""Văn Hán Commune""], [""vi"", ""Xã Văn Hán""]]",True,True,105.85324096679688,21.61888885498047,105.99925231933594,21.71091651916504,70733cb0-fbda-4bdf-bdea-5db1ca475af6
f79ae4d1-f654-4efc-adca-6a59484632f1,VN,VN-02,locality,,land,Phường Văn Phú,"[[""en"", ""Văn Phú Ward""], [""vi"", ""Phường Văn Phú""]]",True,True,104.90401458740234,21.646156311035156,104.9872055053711,21.746383666992188,bdd239a1-11e5-4cb7-833f-c56d4b07855e
6d9d3ea6-6866-4d59-b6d9-11614961a636,VN,VN-02,locality,,land,Xã Tân Hợp,"[[""en"", ""Tân Hợp Commune""], [""vi"", ""Xã Tân Hợp""]]",True,True,104.50528717041016,21.717565536499023,104.65210723876953,21.93189239501953,01243538-fbaa-45d9-a186-1700c13fc652
ee276c2d-54f2-42a4-a729-8b40d646df02,VN,VN-07,locality,,land,Xã Thái Hòa,"[[""en"", ""Thái Hòa Commune""], [""vi"", ""Xã Thái Hòa""]]",True,True,105.07357788085938,21.92082405090332,105.15774536132812,22.014020919799805,2c63be85-35f6-4eca-8c80-995e71420e88
5f590309-ea46-4047-9366-df0f222686d6,VN,VN-09,locality,,land,Phường Lương Văn Tri,"[[""vi-Hani"", ""坊梁文知""], [""zh-Hans"", ""梁文知坊""], [""lzh"", ""梁文知坊""], [""zh-Hant"", ""梁文知坊""], [""zh"", ""梁文知坊""]]",True,True,106.69795989990234,21.781766891479492,106.7613754272461,21.872821807861328,b0e1e0a5-51d1-41d8-8ae3-86c8972de0d9
04863902-4795-44b9-8f16-6f69f3d1b63e,VN,VN-69,locality,,land,Xã Chợ Đồn,"[[""en"", ""Chợ Đồn Commune""], [""vi"", ""Xã Chợ Đồn""]]",True,True,105.5295181274414,22.069076538085938,105.67572021484375,22.245851516723633,5a54724c-8ac0-499f-8fe8-0cd78aed58ae
251d0159-8709-4e3b-a84c-02980a2c8c47,VN,VN-HN,microhood,,land,C8,,True,True,105.83527374267578,20.973873138427734,105.83583068847656,20.97408103942871,d7849b74-b6fe-49f6-a87b-6fb1a6c9835b
2b5961ad-7f67-403c-9d22-2ee018e7bd65,VN,VN-05,locality,,land,Xã Bắc Yên,"[[""en"", ""Bắc Yên Commune""], [""vi"", ""Xã Bắc Yên""]]",True,True,104.34382629394531,21.097904205322266,104.53495025634766,21.278053283691406,908efc57-af3e-4414-88ae-6bd121bffe7c
6c2022e5-7d38-4900-9d1b-82228afa067a,VN,VN-05,locality,,land,Xã Chiềng Sại,"[[""en"", ""Chiềng Sại Commune""], [""vi"", ""Xã Chiềng Sại""]]",True,True,104.38096618652344,21.0100040435791,104.57134246826172,21.132287979125977,b92fdfff-0175-4198-9ef0-76cf4d6cee3f
ff889bdf-f86b-4d5c-917d-3b5e9f6a3490,VN,VN-56,locality,,land,Xã Phúc Hòa,"[[""vi-Hani"", ""社福和""], [""zh-Hans"", ""福和社""], [""lzh"", ""福和社""], [""zh-Hant"", ""福和社""], [""zh"", ""福和社""]]",True,True,106.1285171508789,21.33477783203125,106.19356536865234,21.439292907714844,3324daff-8a9d-4ccc-b737-485e88bbfe03
e6aec99f-09f6-40c8-9160-fbaef0e7ae09,VN,VN-HP,locality,,land,Phường Đồ Sơn,"[[""en"", ""Đồ Sơn Ward""], [""vi"", ""Phường Đồ Sơn""]]",True,True,106.7558364868164,20.665569305419922,106.81841278076172,20.748027801513672,2f9cd3ea-e783-4ab9-8c1c-f48326642228
306f81ef-cfbf-4023-ba73-ee714795b4ed,VN,VN-69,locality,,land,Xã La Hiên,"[[""en"", ""La Hiên Commune""], [""vi"", ""Xã La Hiên""]]",True,True,105.88873291015625,21.69121551513672,106.01286315917969,21.79656410217285,113bb228-5d03-483b-abf1-869f19354607
dc9fbc45-8233-42f7-b483-9208d7d58c09,VN,VN-13,locality,,land,Phường Cẩm Phả,"[[""uk"", ""Камфа""], [""vi-Hani"", ""坊錦普""], [""vi"", ""Phường Cẩm Phả""], [""zh-Hans"", ""锦普坊""], [""ko"", ""껌파시""], [""de"", ""Stadtviertel Cẩm Phả""], [""ru"", ""Камфа""], [""lzh"", ""錦普坊""], [""zh-Hant"", ""錦普坊""], [""en"", ""Cam Pha Ward""], [""ja"", ""カムファ""], [""zh"", ""錦普坊""]]",True,True,107.2657470703125,20.99030303955078,107.311767578125,21.0482234954834,dad6f57c-1c9e-41f0-a3cf-9429f056fb82
8cd9e402-828a-4118-bb79-c8ab42c1bc18,VN,VN-56,locality,,land,Xã Bố Hạ,"[[""vi-Hani"", ""社布下""], [""zh-Hans"", ""布下社""], [""ko"", ""보하""], [""lzh"", ""布下社""], [""zh-Hant"", ""布下社""], [""en"", ""Bố Hạ""], [""zh"", ""布下社""]]",True,True,106.17144012451172,21.422685623168945,106.28800964355469,21.49371910095215,69309d77-c527-485f-ae13-c1f3887779b8
747d3bf5-06bb-450a-954d-246a9495efc7,VN,VN-02,locality,,land,Phường Yên Bái,"[[""en"", ""Yên Bái Ward""], [""vi"", ""Phường Yên Bái""]]",True,True,104.86349487304688,21.69314193725586,104.9276123046875,21.735538482666016,60b4a786-d546-4b01-8059-fa98eb9c4c0d
f049d696-8c44-469e-838f-c87bc071c020,VN,VN-04,locality,,land,Xã Cần Yên,,True,True,105.84248352050781,22.82061004638672,106.00184631347656,22.94638442993164,a3657cd4-8993-49b9-8040-fd3f36b08f3b
3e2134e8-37c8-4654-b94b-766f83750401,VN,VN-04,locality,,land,Xã Hưng Đạo,,True,True,105.61186981201172,22.761512756347656,105.7420425415039,22.9152774810791,c8e8326d-d67a-4981-a0a3-22b46adf5f60
f809087f-e916-4256-8328-cbcbefe7e912,VN,VN-05,locality,,land,Xã Tân Yên,"[[""en"", ""Tân Yên Commune""], [""vi"", ""Xã Tân Yên""]]",True,True,104.51736450195312,20.8934326171875,104.69998931884766,21.065099716186523,f14072ef-2ff0-403b-87ec-b3be67d81cdb
dbd9cd3b-676f-4c0b-a3a7-b198b2fa7a97,VN,VN-HN,locality,,land,Phường Vĩnh Hưng,"[[""en"", ""Vinh Hung Ward""]]",True,True,105.86894989013672,20.97956085205078,105.89503479003906,21.00240135192871,c235ea88-f341-4fb7-b021-d61566613626
a3778ca2-abec-43c2-a0e9-80c38bf6cae2,VN,VN-68,locality,,land,Xã Đồng Lương,"[[""en"", ""Đồng Lương Commune""], [""vi"", ""Xã Đồng Lương""]]",True,True,105.12956237792969,21.268728256225586,105.20362854003906,21.355915069580078,4f1e9151-a254-4fd4-bdfc-71dda1433363
1b2272c9-3d33-4ee1-9acf-0e5e163bc228,VN,VN-HN,locality,,land,Phường Giảng Võ,"[[""en"", ""Giang Vo Ward""]]",True,True,105.80133819580078,21.016605377197266,105.83000946044922,21.037071228027344,909d00ae-bab8-4cbf-a487-b3d482f19689
c0ad3609-57d5-4477-9119-fe196a239fc1,VN,VN-07,microhood,,land,Quảng trường 26-3,"[[""en"", ""March 26 Square""], [""zh"", ""3月26日广场""]]",True,True,104.98307037353516,22.825942993164062,104.98446655273438,22.82707405090332,7af1e20e-ffff-44cf-bc1b-901d97b84dc9
dee28f5a-96d1-4bad-80a9-35e5bb4d10dc,VN,VN-66,locality,,land,Xã Đại Đồng,"[[""en"", ""Đại Đồng Commune""], [""vi"", ""Xã Đại Đồng""]]",True,True,106.04821014404297,20.957481384277344,106.13816833496094,21.006990432739258,0d99f56a-6d26-499d-8200-6202b3f195a5
f0db6b0d-9ecf-46a9-8635-894b0bcfce7f,VN,VN-68,locality,,land,Xã Yên Lạc,"[[""en"", ""Yên Lạc Commune""], [""vi"", ""Xã Yên Lạc""]]",True,True,105.56341552734375,21.226835250854492,105.61449432373047,21.28555679321289,a2fc87f8-fc87-40e7-a351-e464887a7090
1ea149c8-814b-4f60-909e-dcf56d9a0bc3,VN,VN-13,locality,,land,Phường Móng Cái 3,"[[""vi-Hani"", ""坊硭街3""], [""vi"", ""Phường Móng Cái 3""], [""zh-Hans"", ""硭街3坊""], [""de"", ""Stadtviertel Móng Cái 3""], [""lzh"", ""硭街3坊""], [""zh-Hant"", ""硭街3坊""], [""zh"", ""硭街3坊""]]",True,True,107.84603118896484,21.490636825561523,107.95275115966797,21.584243774414062,2e546c07-1845-4c90-b7fc-348e42fa0ef8
2ab0510e-707b-4d42-b647-f03a4f6e6d8b,VN,VN-HP,locality,,land,Phường Trần Hưng Đạo,"[[""en"", ""Trần Hưng Đạo Ward""], [""vi"", ""Phường Trần Hưng Đạo""]]",True,True,106.30936431884766,21.111087799072266,106.42728424072266,21.196672439575195,34bb92d1-76c1-483b-ad1c-d188edd15947
4f12c05c-6e2e-4e1f-b1d6-6e1e70100486,VN,VN-HP,locality,,land,Xã Vĩnh Thuận,"[[""en"", ""Vĩnh Thuận Commune""], [""vi"", ""Xã Vĩnh Thuận""]]",True,True,106.45210266113281,20.70488929748535,106.52152252197266,20.764663696289062,d9088711-dd59-48a4-ab2a-a52b4af45cd5
24913a45-0876-443e-bfcb-c0c9bfb33772,VN,VN-69,locality,,land,Phường Linh Sơn,"[[""en"", ""Linh Sơn Ward""], [""de"", ""Stadtviertel Linh Sơn""], [""vi"", ""Phường Linh Sơn""]]",True,True,105.80193328857422,21.568883895874023,105.90534973144531,21.648860931396484,9e2c6c6e-a1e2-49d2-a07a-c676415d6150
76abd970-cece-4910-a181-48addce2a2c0,VN,VN-HP,locality,,land,Phường Hòa Bình,"[[""en"", ""Hòa Bình Ward""], [""vi"", ""Phường Hòa Bình""]]",True,True,106.66446685791016,20.904258728027344,106.7236328125,20.958145141601562,6c272ba6-065c-4597-8b76-3343923ae945
454c0787-0225-4619-9fcc-d77dbdaab8aa,VN,VN-HN,locality,,land,Xã Phượng Dực,,True,True,105.79180145263672,20.737110137939453,105.88978576660156,20.806842803955078,43402a28-8e95-4879-816e-84651b423e41
5bf968a4-240a-4e82-8803-caabbc3a2434,VN,VN-02,locality,,land,Xã Đông Cuông,"[[""en"", ""Đông Cuông Commune""], [""vi"", ""Xã Đông Cuông""]]",True,True,104.52134704589844,21.921178817749023,104.68309020996094,22.04499626159668,1ada8ef0-a120-4b9a-9ee5-9d5c6d8704a5
b5ee3db1-515f-45ed-9382-b72938f51da3,VN,VN-HN,locality,,land,Xã Phúc Thọ,"[[""en"", ""Phuc Tho Commune""], [""vi"", ""Xã Phúc Thọ""]]",True,True,105.50059509277344,21.075063705444336,105.61145782470703,21.139436721801758,94ed965e-2f38-4f57-b258-9c261b7a49eb
bedb4848-2a95-4540-9dea-72c3b1118ef5,VN,VN-07,locality,,land,Xã Trung Thịnh,"[[""en"", ""Trung Thịnh Commune""], [""vi"", ""Xã Trung Thịnh""]]",True,True,104.50170135498047,22.638629913330078,104.60749053955078,22.73815155029297,a9100e6e-5f71-449f-ace3-c4393c48517c
211950b9-2565-4ba2-a98c-09db45de05d3,VN,VN-07,microhood,,land,Chợ Cổ Đồng Văn,"[[""en"", ""Old Market""], [""zh"", ""旧市场""], [""ja"", ""古い市場""], [""id"", ""Pasar Tua""]]",True,True,105.36109161376953,23.278175354003906,105.3616714477539,23.279239654541016,d2ec8b92-fb49-4d65-96ea-05278f22d089
891a6b63-ac75-4ce7-a585-0a7747add8d2,VN,VN-02,locality,,land,Xã Sơn Lương,"[[""en"", ""Sơn Lương Commune""], [""vi"", ""Xã Sơn Lương""]]",True,True,104.45468139648438,21.624103546142578,104.5954360961914,21.78467559814453,2355da2d-b2ee-47d7-a9c5-075432c7b39a
1a66abe4-dbd1-4325-88c3-644562058f9c,VN,VN-04,locality,,land,Xã Vinh Quý,,True,True,106.55242919921875,22.57595443725586,106.70093536376953,22.77225685119629,582f45dc-dd08-4c0b-a9e0-cc5517c2bbbf
02583bca-4099-408e-860e-975bbde38b65,VN,VN-69,locality,,land,Xã Yên Bình,"[[""en"", ""Yên Bình Commune""], [""vi"", ""Xã Yên Bình""]]",True,True,105.86878204345703,21.893407821655273,106.02460479736328,22.009302139282227,09a0ff0a-b17a-4cd3-b85b-8fde06fb3d33
0a482a6e-c97c-4b7b-af78-6f8460481bdb,VN,VN-HN,locality,,land,Xã Trung Giã,"[[""en"", ""Trung Gia Commune""]]",True,True,105.7846908569336,21.277591705322266,105.89971160888672,21.385417938232422,6ccc3da7-aabd-4c59-9fc2-8448c0c78a71
f1faeb5e-b178-4d3c-8aef-96a766aca3be,VN,VN-69,locality,,land,Phường Gia Sàng,"[[""en"", ""Gia Sàng Ward""], [""de"", ""Stadtviertel Gia Sàng""], [""vi"", ""Phường Gia Sàng""]]",True,True,105.83287811279297,21.53309440612793,105.91619110107422,21.586698532104492,bd783064-ee9b-4184-bcbf-eb77cb0c2182
d7686649-c4d2-4e17-915d-7f389e4784fb,VN,VN-69,locality,,land,Xã Thanh Mai,"[[""en"", ""Thanh Mai Commune""], [""vi"", ""Xã Thanh Mai""]]",True,True,105.69255828857422,21.997802734375,105.8253173828125,22.10196876525879,a57f156c-f56e-4082-b1d9-7b40dc9f0d5e
260511d0-389e-4b25-9687-ecb7e146b867,VN,VN-56,locality,,land,Xã Hợp Thịnh,"[[""vi-Hani"", ""社合盛""], [""zh-Hans"", ""合盛社""], [""lzh"", ""合盛社""], [""zh-Hant"", ""合盛社""], [""zh"", ""合盛社""]]",True,True,105.88056182861328,21.29397201538086,105.97136688232422,21.378896713256836,b32ac84d-d155-4144-9b2a-647fe0340d86
d19ae4e4-8572-4ea3-b52f-9111c6387317,VN,VN-18,locality,,land,Xã Bắc Lý,"[[""en"", ""Bắc Lý Commune""], [""vi"", ""Xã Bắc Lý""]]",True,True,106.0572509765625,20.550310134887695,106.13084411621094,20.61859130859375,0136d817-0e7d-41d9-855f-6360516c2405
f1371af2-79fb-4056-bdff-e7ff920a0e86,VN,VN-21,locality,,land,Xã Mường Lý,"[[""en"", ""Mường Lý Commune""], [""vi"", ""Xã Mường Lý""]]",True,True,104.67887878417969,20.522611618041992,104.83186340332031,20.604522705078125,d90f46e3-008e-4703-ab71-c812baf2ab6b
c63014ba-02e5-42bb-ab25-b90fee9f8f59,VN,VN-68,locality,,land,Phường Thống Nhất,"[[""en"", ""Thống Nhất Ward""], [""vi"", ""Phường Thống Nhất""]]",True,True,105.26203155517578,20.743183135986328,105.37847137451172,20.816484451293945,64a1599c-924f-4548-982c-b2e2822012b3
c5b91010-2abc-4eba-a4dd-769515b2e29c,VN,VN-HN,locality,,land,Xã Thiên Lộc,"[[""en"", ""Thien Loc Commune""]]",True,True,105.73212432861328,21.09748649597168,105.80947875976562,21.154272079467773,410932b0-3c7a-4bd8-b5e5-e0a67d8177bf
a86dbb21-ce2f-4d40-bc94-deae0f86d454,VN,VN-66,locality,,land,Xã Tân Tiến,"[[""en"", ""Tân Tiến Commune""], [""vi"", ""Xã Tân Tiến""]]",True,True,106.39630889892578,20.56661033630371,106.45814514160156,20.628982543945312,075e5680-4578-4870-977d-f11a59418389
7af8b780-394c-4948-bb8c-84bd2d009e79,VN,VN-HP,locality,,land,Phường Hưng Đạo,"[[""en"", ""Hưng Đạo Ward""], [""vi"", ""Phường Hưng Đạo""]]",True,True,106.64808654785156,20.78129005432129,106.72025299072266,20.828340530395508,a8843339-ab44-4fec-bf8b-a6bb78e2b6df
950209f1-4a18-48cc-ad5d-83a538b7e069,VN,VN-02,locality,,land,Xã Thác Bà,"[[""en"", ""Thác Bà Commune""], [""vi"", ""Xã Thác Bà""]]",True,True,104.95912170410156,21.678037643432617,105.10039520263672,21.840959548950195,f1f6d278-00a1-466e-bb01-75522a5ea23f
35ff6985-6d0a-420d-84b6-aa45767eeeae,VN,VN-69,locality,,land,Xã Nam Cường,"[[""en"", ""Nam Cường Commune""], [""vi"", ""Xã Nam Cường""]]",True,True,105.47870635986328,22.26766586303711,105.65182495117188,22.419269561767578,70f5fde7-80d4-48b1-a09f-5690fd35e863
9904a2d5-f33e-468e-90a1-618805e0dbca,VN,VN-HP,locality,,land,Xã Tân An,"[[""en"", ""Tân An Commune""], [""vi"", ""Xã Tân An""]]",True,True,106.2834701538086,20.719043731689453,106.34529113769531,20.79950523376465,38ae7ea6-3865-4e1f-8145-799895dcff0a
97a0cb89-e30a-479e-b188-ffbe5b65c397,VN,VN-HN,locality,,land,Xã Quốc Oai,"[[""de"", ""Gemeinde Quốc Oai""]]",True,True,105.62550354003906,20.970544815063477,105.67723083496094,21.04615592956543,64d34efd-ba68-4ae6-b7d0-6698d6a00bd9
bed55091-594b-44d6-b789-100f7f27c650,VN,VN-07,locality,,land,Xã Hồng Thái,"[[""en"", ""Hồng Thái Commune""], [""vi"", ""Xã Hồng Thái""]]",True,True,105.41376495361328,22.283838272094727,105.59832000732422,22.562280654907227,a9cde595-f2a4-40cc-9aeb-dab21c3975ab
5c77bde5-2059-428b-936a-7ed9a9e69380,VN,VN-HP,locality,,land,Phường Phù Liễn,"[[""en"", ""Phù Liễn Ward""], [""vi"", ""Phường Phù Liễn""]]",True,True,106.5947265625,20.768714904785156,106.66056823730469,20.819799423217773,0cd1a99f-9a78-46c3-a11e-2f77ea570bc4
01c6a9d4-88f5-4ef8-b159-47adbc2f2761,VN,VN-HN,microhood,,land,C1,,True,True,105.83454895019531,20.97409439086914,105.83480072021484,20.975017547607422,51a28eb5-c5cf-46c6-b770-cd5e59910b41
001473dc-8d30-4608-ba99-aba9713d2618,VN,VN-66,locality,,land,Xã Việt Tiến,"[[""en"", ""Việt Tiến Commune""], [""vi"", ""Xã Việt Tiến""]]",True,True,105.99562072753906,20.794086456298828,106.04194641113281,20.854639053344727,a0d78a39-03df-4ec9-a91f-a17c92628c30
654b226b-5b09-4c7d-b96e-48d17800bece,VN,VN-HP,locality,,land,Phường Thạch Khôi,"[[""en"", ""Thạch Khôi Ward""], [""vi"", ""Phường Thạch Khôi""]]",True,True,106.26448822021484,20.879972457885742,106.33307647705078,20.922954559326172,ab0c6675-c0db-48cd-901f-9c70711ef524
c2a70e9e-c031-477f-9fc2-a9180e6607ce,VN,VN-HP,locality,,land,Xã Vĩnh Hải,"[[""en"", ""Vĩnh Hải Commune""], [""vi"", ""Xã Vĩnh Hải""]]",True,True,106.43575286865234,20.59800148010254,106.50951385498047,20.67024040222168,ae238654-738c-4e37-9b72-383e21af9d42
9038285b-43d6-4d18-a6ac-2dc19dba621d,VN,VN-05,locality,,land,Xã Tân Phong,"[[""en"", ""Tân Phong Commune""], [""vi"", ""Xã Tân Phong""]]",True,True,104.59806823730469,21.025760650634766,104.86738586425781,21.12891387939453,dce2cf0f-a54a-40d1-8c3f-69344ef9d454
72c0dd8e-e654-4178-a99c-90c0b38b3c1b,VN,VN-56,locality,,land,Xã Yên Trung,"[[""vi-Hani"", ""社安中""], [""zh-Hans"", ""安中社""], [""lzh"", ""安中社""], [""zh-Hant"", ""安中社""], [""en"", ""Yen Trung Commune""], [""zh"", ""安中社""]]",True,True,105.97815704345703,21.197935104370117,106.0269775390625,21.264116287231445,7ea98e93-7064-4a6f-9807-56a058636b93
826d5835-c785-4726-a0df-3f1a3585da7b,VN,VN-68,locality,,land,Xã Vĩnh Phú,"[[""en"", ""Vĩnh Phú Commune""], [""vi"", ""Xã Vĩnh Phú""]]",True,True,105.45780181884766,21.15558433532715,105.54582214355469,21.23003387451172,ee09e234-8535-4dc0-a2e8-d89b22adbfd3
c959ff6a-3a74-4e12-9eba-b514c9e4c60d,VN,VN-66,locality,,land,Xã Xuân Trúc,"[[""en"", ""Xuân Trúc Commune""], [""vi"", ""Xã Xuân Trúc""]]",True,True,106.03370666503906,20.794267654418945,106.08474731445312,20.858381271362305,1d9d7025-d12e-439d-9ce4-c3ab81ceff70
771779ff-e54a-4f0a-915d-82bd3a7ae676,VN,VN-HN,region,1,land,Thành phố Hà Nội,"[[""hy"", ""Հանոյ""], [""pcd"", ""Hanoï""], [""ku"", ""Hanoi""], [""bs"", ""Hanoi""], [""hr"", ""Hanoi""], [""ta"", ""ஹனோய்""], [""ka"", ""ჰანოი""], [""ar"", ""هانوي""], [""yue"", ""河內市""], [""fr"", ""Hanoï""], [""is"", ""Hanoí""], [""ug"", ""خانوي""], [""lv"", ""Hanoja""], [""eu"", ""Hanoi""], [""am"", ""ሀኖይ""], [""bn"", ""হ্যানয়""], [""mzn"", ""هانوی""], [""uk"", ""Ханой""], [""si"", ""හැනෝයි""], [""ga"", ""Ha Noi""], [""br"", ""Ha Noi""], [""pt-PT"", ""Hanói""], [""pt"", ""Hanói""], [""cs"", ""Hanoj""], [""gl"", ""Hanoi""], [""nds"", ""Hà Nội""], [""el"", ""Ανόι""], [""it"", ""Hanoi""], [""ca"", ""Hanoi""], [""pt-BR"", ""Hanoi""], [""vi-Hani"", ""河內""], [""os"", ""Ханой""], [""vi"", ""Hà Nội""], [""tg"", ""Ханой""], [""nl"", ""Hanoi""], [""zh-Hans"", ""河内市""], [""bg"", ""Ханой""], [""ckb"", ""ھانۆی""], [""ko"", ""하노이""], [""eo"", ""Hanojo""], [""mk"", ""Ханој""], [""oc"", ""Hanòi""], [""et"", ""Hanoi""], [""de"", ""Hanoi""], [""be-Latn-tarask"", ""Ханой""], [""cv"", ""Ханой""], [""ur"", ""ہنوئی""], [""nan"", ""Hà Nội""], [""ru"", ""Ханой""], [""ht"", ""Anòy""], [""th"", ""ฮานอย""], [""id"", ""Hanoi""], [""pnb"", ""ہنوئی""], [""arz"", ""هانوى""], [""sr-Latn"", ""Hanoi""], [""sv"", ""Hanoi""], [""tr"", ""Hanoi""], [""da"", ""Hanoi""], [""my"", ""ဟနွိုင်းမြို့""], [""sr-Cyrl"", ""Ханој""], [""zh-Hant"", ""河內市""], [""en"", ""Hà Nội""], [""he"", ""האנוי""], [""sah"", ""Ханой""], [""kn"", ""ಹಾನೊಯ್""], [""sk"", ""Hanoj""], [""az"", ""Hanoy""], [""es"", ""Hanói""], [""hi"", ""हनोई""], [""mr"", ""हनोई""], [""be"", ""Ханой""], [""qu"", ""Ha Nui""], [""ja"", ""ハノイ""], [""ast"", ""Ḥanói""], [""fi"", ""Hanoi""], [""bo"", ""ཧེ་ནོ།""], [""ro"", ""Hanoi""], [""mhr"", ""Ханой""], [""lt"", ""Hanojus""], [""no"", ""Hanoi""], [""wuu"", ""河內市""], [""km"", ""ទីក្រុងហានូយ""], [""kk"", ""Ханой""], [""sl"", ""Hanoj""], [""fa"", ""هانوی""], [""mn"", ""Ханой""], [""zh"", ""河内市""], [""hu"", ""Hanoi""], [""pl"", ""Hanoi""]]",True,True,105.28894805908203,20.564512252807617,106.02007293701172,21.385417938232422,de77a54f-8eb7-4a71-bb1a-a8609f45e1de
4208d69e-6cc2-49cc-88a8-aa614fff6a14,VN,VN-66,locality,,land,Xã Phụng Công,"[[""en"", ""Phụng Công Commune""], [""vi"", ""Xã Phụng Công""]]",True,True,105.90300750732422,20.93732452392578,105.96694946289062,20.975772857666016,45097fb7-c3c7-4ade-8d7e-46fd8cc697b0
b3e36242-7719-43d6-ae13-1acce6ef32a4,VN,VN-HN,locality,,land,Xã Đông Anh,"[[""en"", ""Dong Anh Commune""]]",True,True,105.82711029052734,21.066890716552734,105.9151611328125,21.15425682067871,b088b3b6-57c1-4766-bd68-b3eadd4d9007
ba24e921-8b7e-4d4c-bbef-191c1fc8da68,VN,VN-13,locality,,land,Phường Hiệp Hòa,"[[""vi-Hani"", ""坊協和""], [""vi"", ""Phường Hiệp Hoà""], [""zh-Hans"", ""协和坊""], [""de"", ""Stadtviertel Hiệp Hòa""], [""lzh"", ""協和坊""], [""zh-Hant"", ""協和坊""], [""en"", ""Hiep Hoa Ward""], [""zh"", ""協和坊""]]",True,True,106.76847076416016,20.940574645996094,106.85023498535156,20.99962615966797,25e543ec-5824-44b4-89c8-d40466fb18c7
ceb7181d-6578-4603-aec0-f6648c76c6c7,VN,VN-HN,locality,,land,Xã Mê Linh,"[[""en"", ""Me Linh Commune""]]",True,True,105.69602966308594,21.104827880859375,105.7726058959961,21.18785285949707,d35ea60b-e30e-4870-8e3e-c92192c7f6c7
df299a1b-1ad4-4391-9641-d340f3e12730,VN,VN-02,locality,,land,Xã Văn Chấn,"[[""en"", ""Văn Chấn Commune""], [""vi"", ""Xã Văn Chấn""]]",True,True,104.54398345947266,21.485733032226562,104.69102478027344,21.661243438720703,0049fd6c-58de-409e-8342-852f6ce2a52c
d45c580e-0e58-4278-9e2d-8622a15eacb3,VN,VN-13,locality,,land,Phường Đông Mai,"[[""vi-Hani"", ""坊東梅""], [""vi"", ""Phường Đông Mai""], [""zh-Hans"", ""东梅坊""], [""de"", ""Stadtviertel Đông Mai""], [""lzh"", ""東梅坊""], [""zh-Hant"", ""東梅坊""], [""en"", ""Dong Mai Ward""], [""zh"", ""東梅坊""]]",True,True,106.79283905029297,20.95990562438965,106.89961242675781,21.036483764648438,42a85ffc-bd2c-4d28-a85f-c4ddb447e97b
4f4a128f-318d-442f-88fe-5cb160dbc71b,VN,VN-56,locality,,land,Phường Kinh Bắc,"[[""vi-Hani"", ""坊京北""], [""zh-Hans"", ""京北坊""], [""de"", ""Stadtviertel Kinh Bắc""], [""lzh"", ""京北坊""], [""zh-Hant"", ""京北坊""], [""en"", ""Kinh Bac Ward""], [""zh"", ""京北坊""]]",True,True,106.03257751464844,21.172164916992188,106.08739471435547,21.22799301147461,ad0aa12a-32ea-41b0-8f67-88101e331d12
6db8f3d1-510b-4b14-8317-3cc49e09db84,VN,VN-04,locality,,land,Xã Nguyễn Huệ,,True,True,106.20148468017578,22.5894718170166,106.37214660644531,22.783451080322266,4c24902f-9e01-4c66-a146-a448cd3f090d
da23ad21-ad5f-4074-b07d-44867ffedcee,VN,VN-02,locality,,land,Xã Lương Thịnh,"[[""en"", ""Lương Thịnh Commune""], [""vi"", ""Xã Lương Thịnh""]]",True,True,104.71790313720703,21.56414222717285,104.82820892333984,21.722055435180664,b9e32c6e-51ee-4237-a917-fca4e132f092
68d3392b-29fc-4671-a70e-531fcaecfdf3,VN,VN-HP,locality,,land,Phường Tân Hưng,"[[""en"", ""Tân Hưng Ward""], [""vi"", ""Phường Tân Hưng""]]",True,True,106.31219482421875,20.88258934020996,106.3615951538086,20.939414978027344,faf07d7e-6dad-4e00-b3cc-73bbd008178e
80a2f81a-8132-4cea-ae17-7954f208e1eb,VN,VN-04,locality,,land,Xã Bạch Đằng,,True,True,106.09212493896484,22.512081146240234,106.22393798828125,22.66448402404785,40196654-83a7-4e75-9fc8-0e579e252edf
50dea489-f1db-422f-85ff-6f0d3a5f0cfb,VN,VN-HN,locality,,land,Xã Dương Hòa,"[[""de"", ""Gemeinde Dương Hòa""]]",True,True,105.64613342285156,21.021875381469727,105.69734191894531,21.076257705688477,e3a4e240-38d9-4791-81e4-65978fe1e4ae
5accd3ac-c253-471e-9c9a-a5e5f1e535fe,VN,VN-09,locality,,land,Xã Quốc Khánh,"[[""vi-Hani"", ""社國慶""], [""zh-Hans"", ""国庆社""], [""lzh"", ""國慶社""], [""zh-Hant"", ""國慶社""], [""zh"", ""國慶社""]]",True,True,106.44708251953125,22.260772705078125,106.62079620361328,22.42214012145996,888bce5a-8ff1-45fb-9499-b9cc7986197a
f3b97639-964f-4993-bdc9-2201d783e722,VN,VN-09,locality,,land,Xã Tân Tiến,"[[""vi-Hani"", ""社新進""], [""zh-Hans"", ""新进社""], [""lzh"", ""新進社""], [""zh-Hant"", ""新進社""], [""zh"", ""新進社""]]",True,True,106.19959259033203,22.21809959411621,106.43777465820312,22.352243423461914,86e03783-b451-48bf-9247-a2648587fcb0
1ff9fc96-81a7-4021-94c2-f214280f7d62,VN,VN-HN,locality,,land,Xã Liên Minh,"[[""en"", ""Lien Minh Commune""], [""vi"", ""Xã Liên Minh""]]",True,True,105.62285614013672,21.09166717529297,105.67705535888672,21.169647216796875,99a98552-1d35-4f67-afc2-4d7cd4530ec9
3b392d4c-a5a1-427a-9cbe-ada91f15b67e,VN,VN-HN,locality,,land,Xã Tây Phương,"[[""en"", ""Tay Phuong Commune""], [""vi"", ""Xã Tây Phương""]]",True,True,105.58302307128906,21.00252914428711,105.63987731933594,21.077774047851562,ebcda8a9-9e2a-4653-a479-80ef397fcb34
5d31ad95-09ab-4d5d-b4ff-f77e08fc8fbf,VN,VN-69,locality,,land,Xã Bạch Thông,"[[""en"", ""Bạch Thông Commune""], [""vi"", ""Xã Bạch Thông""]]",True,True,105.63243865966797,22.086715698242188,105.80428314208984,22.226587295532227,1e7913f5-f8ea-4284-bc2f-6b5ef570c685
53576b93-a3ad-462f-aef7-fcdaec35e4b7,VN,VN-HN,locality,,land,Phường Phú Diễn,"[[""en"", ""Phu Dien Ward""]]",True,True,105.74532318115234,21.03656768798828,105.7822265625,21.060365676879883,96ef6ef8-16ab-4384-b633-a1e21e9b7902
74756f9a-3e0c-4ca1-a364-47e6c8e8b0e6,VN,VN-56,locality,,land,Xã Đông Cứu,"[[""vi-Hani"", ""社東究""], [""zh-Hans"", ""东究社""], [""lzh"", ""東究社""], [""zh-Hant"", ""東究社""], [""en"", ""Dong Cuu Commune""], [""zh"", ""東究社""]]",True,True,106.12821197509766,21.051372528076172,106.18343353271484,21.11002540588379,3feaed9e-b2e5-42e3-af1e-c5bf5e50a3b1
cfd80f79-59db-49da-81fa-ed2a18f2e133,VN,VN-HN,locality,,land,Phương Bản,,True,True,105.68721008300781,20.946260452270508,105.70506286621094,20.95570945739746,0bf5de12-81b6-43c5-84f7-181f443070b2
c98c846e-8ab6-419c-9d67-66dc498e7490,VN,VN-HN,microhood,,land,C4,,True,True,105.8355712890625,20.974163055419922,105.83584594726562,20.974853515625,61410b8d-0d44-4a5a-8e31-9f9f68906c52
ad738fb5-bb46-40c2-895d-add4edab3420,VN,VN-07,locality,,land,Xã Tân Tiến,"[[""en"", ""Tân Tiến Commune""], [""vi"", ""Xã Tân Tiến""]]",True,True,104.6961441040039,22.683242797851562,104.8123550415039,22.807933807373047,feee1900-dd6e-45a8-aeff-959662da8576
de33373b-3f92-422f-9a1d-a804f8e7055d,VN,VN-HN,locality,,land,Xã Mỹ Đức,"[[""en"", ""My Duc Commune""], [""vi"", ""Xã Mỹ Đức""]]",True,True,105.66354370117188,20.596452713012695,105.77685546875,20.71153450012207,a254c8d3-fc4a-4069-8fc5-ed8351053991
06f97bd6-423d-4f01-b5b0-611e9c06aac6,VN,VN-HP,locality,,land,Xã Thanh Hà,"[[""vi-Hani"", ""青河""], [""vi"", ""Xã Thanh Hà""], [""zh-Hans"", ""青河市镇""], [""ko"", ""타인하""], [""zh-Hant"", ""青河市鎮""], [""en"", ""Thanh Hà Commune""]]",True,True,106.40960693359375,20.845151901245117,106.4658203125,20.920902252197266,09959533-0204-44c8-a149-a98712dc2bed
a0002eed-cde0-4ab9-aa72-9d7f32dc1685,VN,VN-HP,locality,,land,Xã Vĩnh Bảo,"[[""en"", ""Vĩnh Bảo Commune""], [""vi"", ""Xã Vĩnh Bảo""]]",True,True,106.44551086425781,20.644285202026367,106.51538848876953,20.70905303955078,ce292903-736e-41b4-8610-0ec45d50a95f
316db1dd-3a85-46fd-939c-3a41c7060d95,VN,VN-69,locality,,land,Phường Trung Thành,"[[""en"", ""Trung Thành Ward""], [""de"", ""Stadtviertel Trung Thành""], [""vi"", ""Phường Trung Thành""]]",True,True,105.84627532958984,21.32648277282715,105.91397857666016,21.39417266845703,f8a4ff84-05c9-4d08-b01c-ad22bfbdf278
97bea38f-601d-43c9-b000-90c17edf7c6d,VN,VN-HP,locality,,land,Xã Vĩnh Hòa,"[[""en"", ""Vĩnh Hòa Commune""], [""vi"", ""Xã Vĩnh Hòa""]]",True,True,106.4005355834961,20.660734176635742,106.46343994140625,20.720033645629883,c091ddfb-a52a-432d-b2ca-7722e2694b1a
20ce0261-9b77-419e-a6f6-3ffe85c12c53,VN,VN-HN,locality,,land,Xã Hương Sơn,"[[""en"", ""Huong Son Commune""], [""vi"", ""Xã Hương Sơn""]]",True,True,105.71500396728516,20.564512252807617,105.81294250488281,20.674985885620117,660a8b4d-34c2-45d3-a088-6df33a8b097c
2640147c-d1b1-4d01-bd28-42231f1dc3c3,VN,VN-68,locality,,land,Xã Tiên Lữ,"[[""en"", ""Tiên Lữ Commune""], [""vi"", ""Xã Tiên Lữ""]]",True,True,105.44285583496094,21.337369918823242,105.5183334350586,21.40032958984375,f27107ba-0914-4b4a-b752-b2bf22c09c3a
b7f31b07-3e29-4027-9504-46b674c548aa,VN,VN-HP,locality,,land,Xã Tứ Kỳ,"[[""en"", ""Tứ Kỳ Commune""], [""vi"", ""Xã Tứ Kỳ""], [""ko"", ""뜨끼""]]",True,True,106.35888671875,20.766530990600586,106.42032623291016,20.846084594726562,f97f59a3-56f8-47c1-a190-9f61804d7178
3af1556e-442f-457c-baee-3e0f2162a25e,VN,VN-07,locality,,land,Xã Yên Nguyên,"[[""en"", ""Yên Nguyên Commune""], [""vi"", ""Xã Yên Nguyên""]]",True,True,105.11858367919922,22.013025283813477,105.21997833251953,22.18546485900879,39c83af7-571c-4a72-a43c-b9d12abec8d8
43a1c9e7-5767-4926-b14f-a60e8fb62838,VN,VN-68,locality,,land,Xã Đào Xá,"[[""en"", ""Đào Xá Commune""], [""vi"", ""Xã Đào Xá""]]",True,True,105.23234558105469,21.17486572265625,105.34818267822266,21.245336532592773,4d7d8cf4-e883-4aa3-b151-18371db7c071
7f33c074-a82d-4e30-b44d-196091d6d707,VN,VN-68,locality,,land,Xã Cao Sơn,"[[""en"", ""Cao Sơn Commune""], [""vi"", ""Xã Cao Sơn""]]",True,True,105.0664291381836,20.805044174194336,105.2270736694336,20.965524673461914,1ec1f048-63e2-4843-af7b-fe06df9a9d5f
5e6fdfd3-87e1-4049-9fd2-2d4a06bd32fe,VN,VN-68,locality,,land,Xã Thanh Sơn,"[[""en"", ""Thanh Sơn Commune""], [""vi"", ""Xã Thanh Sơn""]]",True,True,105.1515884399414,21.14470100402832,105.27598571777344,21.257057189941406,31c6bba3-0a04-4c3b-afae-a618a3c55bf2
2885e51f-5b21-4a3e-a3e7-bd4cdc81cb4e,VN,VN-69,locality,,land,Xã Vạn Phú,"[[""en"", ""Vạn Phú Commune""], [""vi"", ""Xã Vạn Phú""]]",True,True,105.5969467163086,21.499069213867188,105.70214080810547,21.590011596679688,944efadc-183b-4539-ab8d-cec2e8235cea
aa781312-cbbe-4d54-aca5-d0aac80e1119,VN,VN-HN,macrohood,,land,Global Gate,,True,True,105.85128784179688,21.07549476623535,105.87799072265625,21.103269577026367,9de1469c-9ac3-4721-9614-43a21e0cf760
a5d81d93-5cb3-4c12-9e1f-f612f9ecf017,VN,VN-07,locality,,land,Xã Bản Máy,"[[""en"", ""Bản Máy Commune""], [""vi"", ""Xã Bản Máy""]]",True,True,104.52457427978516,22.742971420288086,104.66041564941406,22.853479385375977,dad25074-4767-44be-829d-0e62bb189596
be0db71d-7bcb-4c24-b93d-d9f943fbe6de,VN,VN-HN,microhood,,land,TT9,,True,True,105.74507141113281,21.024497985839844,105.74603271484375,21.025419235229492,3c969d32-87bb-4e3e-bd83-550affde5f1e
94b30110-c47a-4078-9cf3-e0fdad4822a9,VN,VN-68,locality,,land,Xã Sông Lô,"[[""en"", ""Sông Lô Commune""], [""vi"", ""Xã Sông Lô""]]",True,True,105.39154815673828,21.337745666503906,105.4542007446289,21.41433334350586,0677eb8b-089d-4ba7-9085-b79be7b08d38
fec117ca-6309-4136-b3ff-e2a8d7e2f03a,VN,VN-HP,region,1,land,Thành phố Hải Phòng,"[[""hy"", ""Հայֆոն""], [""bs"", ""Haiphong""], [""hr"", ""Haiphong""], [""ar"", ""ها فونغ""], [""fr"", ""Haïphong""], [""lv"", ""Haifona""], [""eu"", ""Hai Phong""], [""kl"", ""Hai Phong""], [""bn"", ""হাইফোং""], [""uk"", ""Хайфонг""], [""pt-PT"", ""Haiphong""], [""pt"", ""Haiphong""], [""cs"", ""Haiphong""], [""el"", ""Χάι Φονγκ""], [""it"", ""Haiphong""], [""ca"", ""Haiphong""], [""pt-BR"", ""Haiphong""], [""vi-Hani"", ""海防""], [""vi"", ""Thành phố Hải Phòng""], [""nl"", ""Haiphong""], [""zh-Hans"", ""海防市""], [""bg"", ""Хайфонг""], [""ko"", ""하이퐁""], [""eo"", ""Hai Phong""], [""oc"", ""Hai-Phong""], [""et"", ""Haiphong""], [""af"", ""Hai Phong""], [""de"", ""Hải Phòng""], [""cv"", ""Хайфон""], [""ur"", ""ہائیفونگ""], [""ru"", ""Хайфон""], [""ml"", ""ഹൈ ഫോങ്""], [""th"", ""ไฮฟอง""], [""id"", ""Haiphong""], [""ce"", ""Хайфон""], [""sr-Latn"", ""Hajfong""], [""sv"", ""Hai Phong""], [""tr"", ""Hải Phòng""], [""da"", ""Hai Phong""], [""sr-Cyrl"", ""Хајфонг""], [""zh-Hant"", ""海防市""], [""en"", ""Hải Phòng""], [""he"", ""האיפונג""], [""kn"", ""ಹಾಯ್ ಫೋಂಗ್""], [""sk"", ""Haiphong""], [""es"", ""Haiphong""], [""mr"", ""हाइ फाँग""], [""sw"", ""Hai Phong""], [""be"", ""Горад Хайфон""], [""ja"", ""ハイフォン""], [""fi"", ""Haiphong""], [""ro"", ""Haiphong""], [""lt"", ""Haifongas""], [""no"", ""Haiphong""], [""sl"", ""Haiphong""], [""fa"", ""هایفونگ""], [""zh"", ""海防市""], [""hu"", ""Hải Phòng""], [""pl"", ""Hajfong""]]",True,False,106.12421417236328,20.126522064208984,107.74051666259766,21.23699378967285,fbdd626d-233a-4684-8a1c-8921540475e4
219c16ad-28f8-42ed-b46a-7c89be0d0f9b,VN,VN-HN,microhood,,land,B4,,True,True,105.83667755126953,20.973360061645508,105.83698272705078,20.974075317382812,949f313c-7618-4c39-b7e2-de4281e4f033
62bb62d9-f300-4670-b9aa-c40adc93d800,VN,VN-13,locality,,land,Phường Liên Hòa,"[[""vi-Hani"", ""坊聯合""], [""vi"", ""Phường Liên Hoà""], [""zh-Hans"", ""联合坊""], [""de"", ""Stadtviertel Liên Hòa""], [""lzh"", ""聯合坊""], [""zh-Hant"", ""聯合坊""], [""en"", ""Lien Hoa Ward""], [""zh"", ""聯合坊""]]",True,True,106.76274871826172,20.81410026550293,106.87010955810547,20.923871994018555,f7c17166-7db8-4a4c-a203-b1f64191ba12
6f6c9075-2bd8-4021-9e65-4dadaeb5f033,VN,VN-56,locality,,land,Phường Nếnh,"[[""vi-Hani"", ""坊儜""], [""zh-Hans"", ""儜坊""], [""lzh"", ""儜坊""], [""zh-Hant"", ""儜坊""], [""zh"", ""儜坊""]]",True,True,106.08556365966797,21.197999954223633,106.1663589477539,21.27066421508789,a1d0db0d-ae6b-4c7f-8eee-054b092aa66a
8dbfa9c2-1f95-4f16-a425-959c1ae9f5a9,VN,VN-69,locality,,land,Xã Đức Lương,"[[""en"", ""Đức Lương Commune""], [""vi"", ""Xã Đức Lương""]]",True,True,105.50906372070312,21.702850341796875,105.64356994628906,21.777379989624023,9693afab-5a7a-4bb6-91a8-70bd1ea66cdc
5d086bfc-cf59-460d-900d-0d55b35c9fd9,VN,VN-68,locality,,land,Xã Khả Cửu,"[[""en"", ""Khả Cửu Commune""], [""vi"", ""Xã Khả Cửu""]]",True,True,105.03617095947266,20.937984466552734,105.19368743896484,21.073701858520508,ada38a88-27c2-4a22-9bc6-95704639d352
eb4100e8-106f-473b-8e76-00c17e735110,VN,VN-13,locality,,land,Xã Kỳ Thượng,"[[""vi-Hani"", ""社畿上""], [""vi"", ""Xã Kỳ Thượng""], [""zh-Hans"", ""畿上社""], [""de"", ""Gemeinde Kỳ Thượng""], [""lzh"", ""畿上社""], [""zh-Hant"", ""畿上社""], [""en"", ""Ky Thuong Commune""], [""zh"", ""畿上社""]]",True,True,107.03194427490234,21.133451461791992,107.21027374267578,21.37908172607422,08ab0d82-b209-47a6-a94e-febc426a575d
71249b95-4270-4505-843e-4a41504cc551,VN,VN-HP,locality,,land,Xã Hà Nam,"[[""en"", ""Hà Nam Commune""], [""vi"", ""Xã Hà Nam""]]",True,True,106.43404388427734,20.87171745300293,106.48656463623047,20.954038619995117,62f0f586-1961-403a-88c4-c4f787d59579
e3aa7b7a-02e7-4e64-8ebc-b14c6e11ee64,VN,VN-13,locality,,land,Phường Bãi Cháy,"[[""vi-Hani"", ""坊𡓁𤈜""], [""vi"", ""Phường Bãi Cháy""], [""zh-Hans"", ""𪤄𤈜坊""], [""ko"", ""바이짜이""], [""de"", ""Stadtviertel Bãi Cháy""], [""lzh"", ""𡓁𤈜坊""], [""zh-Hant"", ""𡓁𤈜坊""], [""en"", ""Bai Chay Ward""], [""zh"", ""𡓁𤈜坊""]]",True,True,106.9815444946289,20.939268112182617,107.06431579589844,20.98871421813965,83cc4b15-b178-4cb7-be9d-57ac573d583f
08b1f87e-8acf-43ca-bcf8-cd13d4870450,VN,VN-07,locality,,land,Xã Nấm Dẩn,"[[""en"", ""Nấm Dẩn Commune""], [""vi"", ""Xã Nấm Dẩn""]]",True,True,104.45928192138672,22.565311431884766,104.55912780761719,22.69781494140625,38493e0f-7d80-4216-80d3-fc0e7e4f0f1d
0696bf01-3080-4fd8-b095-70c3a9189c12,VN,VN-04,locality,,land,Phường Thục Phán,"[[""en"", ""Thuc Phan Ward""], [""vi"", ""Phường Thục Phán""]]",True,True,106.12273406982422,22.640321731567383,106.26258087158203,22.71381950378418,39af08f3-5c11-4ecd-aa33-9130624f2ba9
7ea6c862-434f-489f-a414-d4d76eb3ee76,VN,VN-13,locality,,land,Xã Bình Liêu,"[[""vi-Hani"", ""社平遼""], [""vi"", ""Xã Bình Liêu""], [""zh-Hans"", ""平辽社""], [""ko"", ""빈리에우""], [""de"", ""Gemeinde Bình Liêu""], [""lzh"", ""平遼社""], [""zh-Hant"", ""平遼社""], [""en"", ""Binh Lieu Commune""], [""zh"", ""平遼社""]]",True,True,107.27310180664062,21.438207626342773,107.5250473022461,21.602081298828125,84b61438-2ae2-4ab2-9946-a4218ff5f13a
c4272791-da8a-4494-a9b7-9c4ab82c9e49,VN,VN-02,locality,,land,Xã Mậu A,"[[""en"", ""Mậu A Commune""], [""vi"", ""Xã Mậu A""]]",True,True,104.60674285888672,21.83710289001465,104.7925033569336,21.96678352355957,bf4383b2-497c-48f5-9b2e-3ded14cc46e3
716188c0-0a91-4a52-9e7b-b43b1c8613e7,VN,VN-56,locality,,land,Xã Tân Sơn,"[[""vi-Hani"", ""社新山""], [""zh-Hans"", ""新山社""], [""lzh"", ""新山社""], [""zh-Hant"", ""新山社""], [""zh"", ""新山社""]]",True,True,106.52204895019531,21.532461166381836,106.70288848876953,21.608959197998047,c664851d-d3a3-4290-810c-ca2a9345e1a1
0e577411-156e-4776-8f4c-8e143adb7325,VN,VN-56,locality,,land,Xã Lạng Giang,"[[""vi-Hani"", ""社諒江""], [""zh-Hans"", ""谅江社""], [""lzh"", ""諒江社""], [""zh-Hant"", ""諒江社""], [""zh"", ""諒江社""]]",True,True,106.22074890136719,21.31409454345703,106.31505584716797,21.403892517089844,50ceef93-8f43-4714-b8d7-30b59fe3cbdc
c7821002-598d-4295-8b70-040810366a17,VN,VN-69,locality,,land,Xã Đại Phúc,"[[""en"", ""Đại Phúc Commune""], [""vi"", ""Xã Đại Phúc""]]",True,True,105.62126159667969,21.506366729736328,105.7853012084961,21.663379669189453,fae7f58f-0b59-4050-9cad-7f49c77bad4b
30748f82-fa42-4119-a0c0-0268323f13bf,VN,VN-69,locality,,land,Xã Nam Hòa,"[[""en"", ""Nam Hòa Commune""], [""vi"", ""Xã Nam Hòa""]]",True,True,105.87776184082031,21.579856872558594,106.03136444091797,21.679441452026367,bce92ebf-274e-47f8-b87d-501e143cd956
2a285f81-7158-423e-bacf-330f884c62e4,VN,VN-HN,microhood,,land,Quảng trường Ba Đình,"[[""fr"", ""Place Ba Dinh""], [""vi-Hani"", ""廣場𠀧亭""], [""vi"", ""Quảng trường Ba Đình""], [""zh-Hans"", ""巴亭广场""], [""ko"", ""바딘 광장""], [""de"", ""Ba Dinh-Platz""], [""cy"", ""Sgwâr Ba Dinh""], [""ru"", ""Площадь Бадинь""], [""id"", ""Alun-alun Ba Dinh""], [""tr"", ""Ba Dinh Meydanı""], [""zh-Hant"", ""巴亭廣場""], [""en"", ""Ba Dinh Square""], [""es"", ""Plaza Ba Dinh""], [""ja"", ""バーディン広場""], [""zh"", ""巴亭广场""], [""ms"", ""Dataran Ba Dinh""]]",True,True,105.83474731445312,21.03504180908203,105.83686065673828,21.0389347076416,e6683b40-1396-4cc6-a562-021adb20f059
885a2450-5ac0-4208-b457-c4a3e81d0234,VN,VN-09,locality,,land,Xã Hưng Vũ,"[[""vi-Hani"", ""社興武""], [""zh-Hans"", ""兴武社""], [""lzh"", ""興武社""], [""zh-Hant"", ""興武社""], [""zh"", ""興武社""]]",True,True,106.31475067138672,21.710662841796875,106.4202651977539,21.893413543701172,6bb7c7c3-aff4-4f0f-9eb3-a51ab6c724f4
8f4781fd-374f-4b54-9de3-19ca199b70a9,VN,VN-13,locality,,land,Phường Quang Hanh,"[[""vi-Hani"", ""坊光亨""], [""vi"", ""Phường Quang Hanh""], [""zh-Hans"", ""光亨坊""], [""ko"", ""꽝하인""], [""de"", ""Stadtviertel Quang Hanh""], [""lzh"", ""光亨坊""], [""zh-Hant"", ""光亨坊""], [""en"", ""Quang Hanh Ward""], [""zh"", ""光亨坊""]]",True,True,107.16919708251953,20.948444366455078,107.27306365966797,21.035362243652344,4a64d41f-9595-4a14-9c42-3d5aec972425
5382cfa2-b83a-4daa-a5d0-fc7394f3daa7,VN,VN-04,locality,,land,Xã Trà Lĩnh,,True,True,106.28309631347656,22.69773292541504,106.36233520507812,22.87448501586914,c4ed507f-fbc0-4dd0-bda8-c58c489b01f4
21c16a35-270e-47b3-801c-0fa35f3079fa,VN,VN-56,locality,,land,Phường Đào Viên,"[[""vi-Hani"", ""社桃園""], [""zh-Hans"", ""桃园社""], [""lzh"", ""桃園社""], [""zh-Hant"", ""桃園社""], [""en"", ""Dao Vien Ward""], [""zh"", ""桃園社""]]",True,True,106.186279296875,21.097396850585938,106.24475860595703,21.171749114990234,1d8ff20c-eb09-432a-8e37-e06d15eb15d5
58cded3d-622c-4348-b964-cd08ca5239eb,VN,VN-69,locality,,land,Phường Phổ Yên,"[[""en"", ""Phổ Yên Ward""], [""de"", ""Stadtviertel Phổ Yên""], [""vi"", ""Phường Phổ Yên""]]",True,True,105.82429504394531,21.39500617980957,105.91079711914062,21.490392684936523,bc87b34e-727d-42a2-a4e6-f57154cd5632
f860fc08-f2d8-46a6-8619-e09343cf43ed,VN,VN-HN,locality,,land,Phường Thượng Cát,"[[""en"", ""Thuong Cat Ward""]]",True,True,105.72478485107422,21.065929412841797,105.77320098876953,21.10812759399414,5bd1f499-d224-4dbf-bb9d-87071851ba75
4dbabc32-43e9-485e-91ca-1bc421a8595c,VN,VN-09,locality,,land,Xã Vân Nham,"[[""vi-Hani"", ""社雲岩""], [""zh-Hans"", ""云岩社""], [""lzh"", ""雲岩社""], [""zh-Hant"", ""雲岩社""], [""zh"", ""雲岩社""]]",True,True,106.22190856933594,21.481964111328125,106.34095764160156,21.584562301635742,5bfe0bfc-e522-4e86-90bb-821d1742b653
1af82885-f297-408d-8b59-51f9ed36d096,VN,VN-68,locality,,land,Xã Cự Đồng,"[[""en"", ""Cự Đồng Commune""], [""vi"", ""Xã Cự Đồng""]]",True,True,105.19312286376953,21.069644927978516,105.29119873046875,21.168548583984375,8e3c7ee3-7eec-4a4c-bdeb-347fa2e37fd4
dcebec19-2293-4da2-a812-e43a69066b76,VN,VN-HN,locality,,land,Xã Dân Hòa,"[[""en"", ""Dan Hoa Commune""], [""vi"", ""Xã Dân Hòa""]]",True,True,105.73477935791016,20.780330657958984,105.84124755859375,20.84115219116211,5fddd3c9-c824-4076-9113-e43716669ccb
8a6d3d6a-7445-4b77-a70c-89267afb3464,VN,VN-56,locality,,land,Xã Tuấn Đạo,"[[""vi-Hani"", ""社俊道""], [""zh-Hans"", ""俊道社""], [""lzh"", ""俊道社""], [""zh-Hant"", ""俊道社""], [""zh"", ""俊道社""]]",True,True,106.68241882324219,21.208263397216797,106.85445404052734,21.314939498901367,9a79fadf-dad4-48ec-b2e4-c4cc8fd0ac55
b259ee31-c534-4451-a799-0d0059cf4575,VN,VN-HN,locality,,land,Phường Phú Lương,,True,True,105.7452621459961,20.92262840270996,105.7918701171875,20.954574584960938,08ef0ee7-1ad4-48e4-ab1c-b4a1d60db230
5010630a-c8f7-4ec9-a8ca-f83edcf55c62,VN,VN-07,region,1,land,Tỉnh Tuyên Quang,"[[""bs"", ""Provincija Tuyen Quang""], [""hr"", ""Provincija Tuyen Quang""], [""ar"", ""مقاطعة توين كوانج""], [""fr"", ""Province de Tuyên Quang""], [""lv"", ""Tuyen Quang province""], [""uk"", ""Провінція Туєнкуанґ""], [""pt-PT"", ""Província de Tuyen Quang""], [""pt"", ""Província Tuyên Quang""], [""cs"", ""Provincie Tuyên Quang""], [""el"", ""Επαρχία Τουγιέν Κουάνγκ""], [""it"", ""Provincia Tuyên Quang""], [""ca"", ""Província de Tuyen Quang""], [""pt-BR"", ""Província de Tuyen Quang""], [""vi"", ""Tỉnh Tuyên Quang""], [""nl"", ""Provincie van Tuyên Quang""], [""zh-Hans"", ""宣光省""], [""bg"", ""Провинция Туен Куанг""], [""ko"", ""뚜옌꽝성""], [""et"", ""Tuyen Quangi Province""], [""de"", ""Provinz Tuyên Quang""], [""ru"", ""Туенкуанг""], [""th"", ""จังหวัดทูเยนควง""], [""id"", ""Provinsi Tuyên Quang""], [""sr-Latn"", ""Tujen Kvang provincija""], [""sv"", ""Tuyên Quang-provinsen""], [""tr"", ""Eyaleti Tuyên Quang""], [""da"", ""Tuyên Quang-provinsen""], [""zh-Hant"", ""宣光省""], [""en"", ""Tuyên Quang Province""], [""he"", ""מחוז טויין קואנג""], [""sk"", ""Provincia Tuyen Quang""], [""es"", ""Provincia Tuyên Quang""], [""ja"", ""トゥエンクアン""], [""fi"", ""Tuyen Quangin maakunta""], [""ro"", ""Provincia Tuyên Quang""], [""lt"", ""Tienziango provincija""], [""no"", ""Tuyên Quang-provinsen""], [""sl"", ""Provinca Tuyen Quang""], [""zh"", ""宣光省""], [""ms"", ""Provinsi Tuyên Quang""], [""hu"", ""Tuyen Quang tartomány""], [""pl"", ""Prowincja Tuyên Quang""]]",True,True,104.3343276977539,21.497589111328125,105.59832000732422,23.39269256591797,21d59ce8-f6dd-4d8a-8f76-88f13286eb04
e257bc8b-d1ee-4b83-9506-8673a2c9f74a,VN,VN-56,locality,,land,Phường Tự Lạn,"[[""vi-Hani"", ""坊寺爛""], [""zh-Hans"", ""寺烂坊""], [""lzh"", ""寺爛坊""], [""zh-Hant"", ""寺爛坊""], [""zh"", ""寺爛坊""]]",True,True,106.02377319335938,21.27057647705078,106.10015869140625,21.342777252197266,b59266d3-8868-477b-a024-40f1654783bd
b14690f0-d078-45df-bf28-c07e39241018,VN,VN-13,locality,,land,Phường Quảng Yên,"[[""vi-Hani"", ""坊廣安""], [""vi"", ""Phường Quảng Yên""], [""zh-Hans"", ""广安坊""], [""de"", ""Stadtviertel Quảng Yên""], [""lzh"", ""廣安坊""], [""zh-Hant"", ""廣安坊""], [""en"", ""Quang Yen Ward""], [""zh"", ""廣安坊""]]",True,True,106.76984405517578,20.920194625854492,106.86576843261719,20.964216232299805,57a04f10-fd64-4c5a-8deb-9ed9cbccabde
100cefb7-80f9-49d7-8178-c28c1a137e51,VN,VN-09,locality,,land,Xã Hội Hoan,"[[""vi-Hani"", ""社會歡""], [""zh-Hans"", ""会欢社""], [""lzh"", ""會歡社""], [""zh-Hant"", ""會歡社""], [""zh"", ""會歡社""]]",True,True,106.43433380126953,21.967403411865234,106.5450439453125,22.103717803955078,3a81189a-e140-4087-baec-c58a86ea3972
e9d8f47e-f1db-4188-91a0-f1ebf42f0cac,VN,VN-13,locality,,land,Phường Móng Cái 2,"[[""vi-Hani"", ""坊硭街2""], [""vi"", ""Phường Móng Cái 2""], [""zh-Hans"", ""硭街2坊""], [""de"", ""Stadtviertel Móng Cái 2""], [""lzh"", ""硭街2坊""], [""zh-Hant"", ""硭街2坊""], [""zh"", ""硭街2坊""]]",True,True,107.89929962158203,21.415119171142578,107.97682189941406,21.538724899291992,6ccd95a6-acfe-4198-9b79-b6ec54810d80
9f0eade4-a329-4d75-b1ff-c02fec6b62cd,VN,VN-07,locality,,land,Xã Lâm Bình,"[[""en"", ""Lâm Bình Commune""], [""vi"", ""Xã Lâm Bình""]]",True,True,105.1073989868164,22.396242141723633,105.28596496582031,22.69597053527832,06b354d2-50f8-4e1e-86f5-7285e8e5bc02
640d1d08-cb43-4828-ba94-56f36b3c7cac,VN,VN-HN,microhood,,land,B5,,True,True,105.83605194091797,20.973674774169922,105.83658599853516,20.974082946777344,56c864f2-fc05-496c-a079-a81536c8a4c9
e1b099e1-4113-45f7-83e6-f24ed0ac40dc,VN,VN-07,locality,,land,Xã Hàm Yên,"[[""en"", ""Hàm Yên Commune""], [""vi"", ""Xã Hàm Yên""]]",True,True,104.95872497558594,21.92865562438965,105.10462188720703,22.13946533203125,102a87cd-2fe8-4406-81c1-da48b0bcfda9
d90f25e2-1f3a-4417-8319-5f8bb0f9095a,VN,VN-HN,locality,,land,Phường Long Biên,"[[""en"", ""Long Bien Ward""]]",True,True,105.8670654296875,20.993309020996094,105.92910766601562,21.05206871032715,08634ffc-a46c-4abf-b822-d8578a9f7c35
0223f196-5f91-481f-90f9-5763c8ccf1d4,VN,VN-56,locality,,land,Xã Đông Phú,"[[""vi-Hani"", ""社東富""], [""zh-Hans"", ""东富社""], [""lzh"", ""東富社""], [""zh-Hant"", ""東富社""], [""zh"", ""東富社""]]",True,True,106.39578247070312,21.326400756835938,106.48675537109375,21.443614959716797,eca4dfbb-b31b-4935-aa55-fe4b27f4a47b
de22fe88-6e3b-45c1-afe8-dff43ce6fa39,VN,VN-69,locality,,land,Xã Nà Phặc,"[[""en"", ""Nà Phặc Commune""], [""vi"", ""Xã Nà Phặc""]]",True,True,105.85002136230469,22.33236312866211,105.95811462402344,22.4760799407959,b5aaf570-caf2-4296-a4d0-d6900dc34d9c
2b45a295-ceb9-42e5-a228-44fc1df94455,VN,VN-68,locality,,land,Xã Võ Miếu,"[[""en"", ""Võ Miếu Commune""], [""vi"", ""Xã Võ Miếu""]]",True,True,105.0919418334961,21.093833923339844,105.22511291503906,21.229772567749023,3bb55bbb-946d-41f0-aa4e-9c8b92d6af73
455af09d-02b5-420d-81a0-11a3afe1609b,VN,VN-HN,microhood,,land,D3,,True,True,105.83358764648438,20.974096298217773,105.83448028564453,20.97425079345703,2481e324-d4d1-409e-8cfc-4fe6a78aaecb
88ff99fc-21bd-47e4-86f0-e65a7c04bdac,VN,VN-HN,locality,,land,Xã Thượng Phúc,,True,True,105.8262710571289,20.795024871826172,105.89127349853516,20.864225387573242,9d941c8c-fcde-467d-90e3-ea969d4186dd
67c6728b-1cfc-4d71-9f51-9baf428cca2d,VN,VN-HP,locality,,land,Xã Kiến Hải,"[[""en"", ""Kiến Hải Commune""], [""vi"", ""Xã Kiến Hải""]]",True,True,106.6834716796875,20.676218032836914,106.7411117553711,20.75284194946289,f4a6e245-6efe-415f-9208-a247091ad528
0370ce63-0a8c-44a6-a5a8-1fba6da003ed,VN,VN-05,locality,,land,Xã Song Khủa,"[[""en"", ""Song Khủa Commune""], [""vi"", ""Xã Song Khủa""]]",True,True,104.83283233642578,20.812902450561523,105.00634002685547,21.03081703186035,79925a16-611a-4b69-84a1-6ddf82730966
56cd1a54-f3d1-4e42-9df5-ebfcac4fcd61,VN,VN-04,locality,,land,Xã Canh Tân,,True,True,106.19864654541016,22.407827377319336,106.33074951171875,22.604816436767578,20c072de-596a-428c-abeb-afa1b46ef702
04260782-cd48-42a3-8a6c-82deb8c0c097,VN,VN-HN,microhood,,land,F2,,True,True,105.8360595703125,20.972909927368164,105.83660125732422,20.973188400268555,dbaa7186-9aa4-4680-8c27-dd75fd86c887
86d55842-d5fb-4bc6-a900-8e836bb1da7f,VN,VN-66,locality,,land,Xã Thụy Anh,"[[""en"", ""Thụy Anh Commune""], [""vi"", ""Xã Thụy Anh""]]",True,True,106.47782135009766,20.531352996826172,106.52468872070312,20.616640090942383,cb009813-dd06-45b5-8a7e-e8be144e031b
81bf3ca7-f67b-4bcb-85d5-dd8351765df3,VN,VN-09,locality,,land,Xã Hữu Lũng,"[[""vi-Hani"", ""社右隴""], [""zh-Hans"", ""右陇社""], [""lzh"", ""右隴社""], [""zh-Hant"", ""右隴社""], [""zh"", ""右隴社""]]",True,True,106.32939910888672,21.472837448120117,106.41294860839844,21.558879852294922,2829d8d1-921e-4046-be48-ec40932731e7
8ea1010d-494b-44c5-ad4a-5f102b3c58b6,VN,VN-69,locality,,land,Xã Chợ Rã,"[[""en"", ""Chợ Rã Commune""], [""vi"", ""Xã Chợ Rã""]]",True,True,105.6639404296875,22.37809944152832,105.78804779052734,22.490812301635742,46366d2a-d955-4252-8f70-38b7938e9e9b
ec5626de-3a57-49bc-b155-c58399b0f109,VN,VN-HP,locality,,land,Xã Vĩnh Lại,"[[""en"", ""Vĩnh Lại Commune""], [""vi"", ""Xã Vĩnh Lại""]]",True,True,106.32080078125,20.744522094726562,106.39364624023438,20.816303253173828,f6862b45-356f-4800-99e3-c0a5aa811796
df32dfff-3d7c-49d2-8a2c-436e3ca6d77b,VN,VN-07,locality,,land,Xã Sơn Thủy,"[[""en"", ""Sơn Thủy Commune""], [""vi"", ""Xã Sơn Thủy""]]",True,True,105.43476867675781,21.516220092773438,105.54243469238281,21.620336532592773,20fa36ae-f2f4-4834-aac1-731d8fadda81
9fdbfcb3-ca4f-41ff-8be3-f3d3c983a41a,VN,VN-68,locality,,land,Xã Liên Châu,"[[""en"", ""Liên Châu Commune""], [""vi"", ""Xã Liên Châu""]]",True,True,105.52901458740234,21.156192779541016,105.60787200927734,21.20323944091797,4fc9bbe1-12b3-41df-8ebf-2d9d72d2e0fc
383151aa-2073-4256-b3e4-e4723873bae1,VN,VN-66,locality,,land,Xã Văn Giang,"[[""en"", ""Văn Giang Commune""], [""vi"", ""Xã Văn Giang""]]",True,True,105.908447265625,20.899831771850586,105.98291015625,20.949066162109375,d4b34311-5b71-4cd8-9079-f7de957e8fdd
220f63e6-0b37-44d8-858f-444cdeab2f2d,VN,VN-HP,locality,,land,Phường Hải An,"[[""en"", ""Hải An Ward""], [""vi"", ""Phường Hải An""]]",True,True,106.69889831542969,20.774076461791992,106.77906799316406,20.848173141479492,23c9388c-27ed-4c8c-8aea-23ab382dc725
a05a12d9-8ba1-4656-ab69-b400fbe75664,VN,VN-07,locality,,land,Phường Nông Tiến,"[[""en"", ""Nông Tiến Ward""], [""vi"", ""Phường Nông Tiến""]]",True,True,105.18741607666016,21.800769805908203,105.26934051513672,21.866018295288086,89c1f143-51e7-470d-91dc-f6f86ffd83f2
f3e291f2-b860-44cf-b5a3-88f2088a7552,VN,VN-66,locality,,land,Xã Tiên Hoa,"[[""en"", ""Tiên Hoa Commune""], [""vi"", ""Xã Tiên Hoa""]]",True,True,106.13951873779297,20.651817321777344,106.19876861572266,20.710205078125,921ef243-33a8-4e1d-920e-e89e2f28b294
b0fd95b9-c98a-4f92-8ff1-0b2eb0de8648,VN,VN-HN,locality,,land,Xã Hòa Lạc,"[[""en"", ""Hoa Lac Commune""], [""vi"", ""Xã Hòa Lạc""]]",True,True,105.46147918701172,20.977941513061523,105.55654907226562,21.048274993896484,242982b1-37cb-436e-9164-de464b3332d8
facca5a0-71ad-4625-a269-c004dffd9778,VN,VN-05,locality,,land,Xã Mường Cơi,"[[""en"", ""Mường Cơi Commune""], [""vi"", ""Xã Mường Cơi""]]",True,True,104.6430892944336,21.2064266204834,104.84381866455078,21.406530380249023,7756adb0-7de8-4cc1-8be3-0d2fe97274f9
50edd22a-c4fd-49f1-9434-1732cf62cfe7,VN,VN-09,locality,,land,Xã Hoàng Văn Thụ,"[[""vi-Hani"", ""社黃文樹""], [""zh-Hans"", ""黄文树社""], [""lzh"", ""黃文樹社""], [""zh-Hant"", ""黃文樹社""], [""zh"", ""黃文樹社""]]",True,True,106.59417724609375,21.880878448486328,106.70882415771484,22.04963493347168,25259e58-3481-4355-80fd-cd31c8fcd59c
22d686cb-3325-4775-8ad2-f75fb64788e2,VN,VN-66,locality,,land,Xã Quỳnh Phụ,"[[""en"", ""Quỳnh Phụ Commune""], [""vi"", ""Xã Quỳnh Phụ""]]",True,True,106.30398559570312,20.615705490112305,106.37425231933594,20.683467864990234,82608ea1-6b18-4b49-98fb-05008a5195ac
26217053-8a83-443e-87ba-c3ba8acb187d,VN,VN-07,locality,,land,Xã Sà Phìn,"[[""en"", ""Sà Phìn Commune""], [""vi"", ""Xã Sà Phìn""]]",True,True,105.19137573242188,23.170024871826172,105.30449676513672,23.277156829833984,ef5034b7-9622-4d3e-996d-dd136f17a446
6c2be019-be4e-42f4-82b2-64786349486c,VN,VN-HP,locality,,land,Cai Beo,,True,True,107.0565414428711,20.732318878173828,107.06773376464844,20.742761611938477,15e1c409-8f52-4cbb-b1d7-c67e3cb5d14b
4bb20f98-5694-48e4-aa30-5a4ff8437327,VN,VN-HP,locality,,land,Xã Yết Kiêu,"[[""en"", ""Yết Kiêu Commune""], [""vi"", ""Xã Yết Kiêu""]]",True,True,106.23845672607422,20.82911491394043,106.28520965576172,20.91302490234375,1d4b2ac4-3cb8-4aab-9628-a6b2cc7e7089
11948019-5789-4965-96b1-6439390f4fa7,VN,VN-07,locality,,land,Xã Niêm Sơn,"[[""en"", ""Niêm Sơn Commune""], [""vi"", ""Xã Niêm Sơn""]]",True,True,105.3683090209961,22.98937225341797,105.50439453125,23.067808151245117,c17754a7-1ac3-4488-8bf2-f1ea8e04b819
36ab2b67-6684-4173-a269-67c59996df12,VN,VN-56,locality,,land,Xã An Lạc,"[[""vi-Hani"", ""社安樂""], [""zh-Hans"", ""安乐社""], [""lzh"", ""安樂社""], [""zh-Hant"", ""安樂社""], [""zh"", ""安樂社""]]",True,True,106.8506851196289,21.27269744873047,107.03357696533203,21.38338279724121,831049ac-cd80-4f0e-90ca-0a5a6ecfaf15
2931194f-4e9f-44d7-a609-0345f98796fc,VN,VN-68,locality,,land,Xã Tiền Phong,"[[""en"", ""Tiền Phong Commune""], [""vi"", ""Xã Tiền Phong""]]",True,True,105.07699584960938,20.75101661682129,105.28089904785156,20.850595474243164,5e62d4b0-e812-46df-a401-dde7348002f5
8f32fffb-8f07-4554-9966-4892fbf82211,VN,VN-56,locality,,land,Xã Quang Trung,"[[""vi-Hani"", ""社光中""], [""zh-Hans"", ""光中社""], [""lzh"", ""光中社""], [""zh-Hant"", ""光中社""], [""zh"", ""光中社""]]",True,True,106.02537536621094,21.38925552368164,106.08671569824219,21.46940803527832,2b3bc6e9-1f86-4ab7-98db-1f5c79b0bc52
77a7251e-0fb7-49ef-a0a9-f55e96e623b2,VN,VN-69,region,1,land,Tỉnh Thái Nguyên,"[[""bs"", ""Provincija Thai Nguyen""], [""hr"", ""Provincija Thai Nguyen""], [""ar"", ""محافظة تهاي غوين""], [""fr"", ""Province de Thái Nguyên""], [""lv"", ""Thajngujenas province""], [""uk"", ""Тхайнгуєн""], [""pt-PT"", ""Província de Thai Nguyen""], [""pt"", ""Thái Nguyên""], [""cs"", ""Provincie Thái Nguyên""], [""el"", ""Επαρχία Τάι Νγκουγιέν""], [""it"", ""Provincia di Thai Nguyen""], [""ca"", ""Província de Thai Nguyen""], [""pt-BR"", ""Província de Thai Nguyen""], [""vi-Hani"", ""省太原""], [""vi"", ""Tỉnh Thái Nguyên""], [""tg"", ""Вилояти Тай Нгуен""], [""nl"", ""Thái Nguyên""], [""zh-Hans"", ""太原省""], [""bg"", ""Тай Нгуен""], [""ko"", ""타이응우옌성""], [""et"", ""Thai Nguyeni provints""], [""de"", ""Thái Nguyên""], [""ur"", ""تھائی نگوین صوبہ""], [""ru"", ""Тхайнгуен""], [""th"", ""จังหวัดท้ายเงวียน""], [""id"", ""Provinsi Thái Nguyên""], [""sr-Latn"", ""Tai Ngujen provincija""], [""sv"", ""Thai Nguyen""], [""tr"", ""Eyaleti Thái Nguyên""], [""da"", ""Thái Nguyên-provinsen""], [""sr-Cyrl"", ""Тај Нгујен""], [""zh-Hant"", ""太原省""], [""en"", ""Thái Nguyên Province""], [""he"", ""מחוז טאי נגואיין""], [""sk"", ""Provincia Thai Nguyen""], [""es"", ""Thái Nguyên Province""], [""sw"", ""Mkoa wa Thái Nguyên""], [""ja"", ""タイグエン""], [""fi"", ""Thái Nguyên""], [""ro"", ""Thái Nguyên""], [""lt"", ""Taingujeno provincija""], [""no"", ""Thái Nguyên-provinsen""], [""sl"", ""Provinca Thai Nguyen""], [""fa"", ""استان تای گوین""], [""mn"", ""Тайнюэнь""], [""zh"", ""太原省""], [""ms"", ""Provinsi Thái Nguyên""], [""hu"", ""Thai Nguyen tartomány""], [""pl"", ""Prowincja Thái Nguyên""]]",True,True,105.43110656738281,21.32648277282715,106.24700927734375,22.741378784179688,90f9d9ef-15f8-4b60-99d7-c9ea9d20040a
03ee3f67-7b0f-4662-b334-2cb0543642f5,VN,VN-68,locality,,land,Xã Phùng Nguyên,"[[""en"", ""Phùng Nguyên Commune""], [""vi"", ""Xã Phùng Nguyên""]]",True,True,105.25753021240234,21.264907836914062,105.32807922363281,21.32495880126953,1fc85b08-c2b3-487b-b0a8-4029fb8ed26f
c55e7936-89d8-4a58-b301-3dc4eeefa7fc,VN,VN-68,locality,,land,Xã Tân Lạc,"[[""en"", ""Tân Lạc Commune""], [""vi"", ""Xã Tân Lạc""]]",True,True,105.2413330078125,20.501169204711914,105.39530944824219,20.66465950012207,2f1c22fe-4d0d-40ff-b43c-934062fed746
ef75aedc-c3ef-40d0-9093-c4088c5df64a,VN,VN-66,locality,,land,Xã Đức Hợp,"[[""en"", ""Đức Hợp Commune""], [""vi"", ""Xã Đức Hợp""]]",True,True,105.9641342163086,20.699323654174805,106.00778198242188,20.759639739990234,d7fcff1f-a3a0-4378-ba40-ed74b89c7c1a
18cb612d-5b8b-4c30-a41a-6ce6039307fe,VN,VN-66,locality,,land,Thịnh,,True,True,105.99388885498047,20.93036460876465,106.00662231445312,20.934829711914062,dba689e8-161b-4689-8d91-670d4cef52e0
bf346037-3d7f-4d0b-96c0-7ae1af9092aa,VN,VN-HN,locality,,land,Xã Quảng Bị,"[[""en"", ""Quang Bi Commune""], [""vi"", ""Xã Quảng Bị""]]",True,True,105.64570617675781,20.843564987182617,105.75641632080078,20.899024963378906,befcd8d4-00d7-439f-8e19-d44f98eb1773
7171ee36-1e99-4292-a487-14fb86fe5769,VN,VN-07,locality,,land,Xã Vị Xuyên,"[[""en"", ""Vị Xuyên Commune""], [""vi"", ""Xã Vị Xuyên""]]",True,True,104.93682098388672,22.58251190185547,105.00975799560547,22.78798484802246,2ac8a47b-0b3e-4682-913a-e827a0c66d4e
d56712ad-31a4-4aa2-a25b-c1db7dc2d850,VN,VN-07,locality,,land,Xã Tân Quang,"[[""en"", ""Tân Quang Commune""], [""vi"", ""Xã Tân Quang""]]",True,True,104.77870178222656,22.467863082885742,104.94231414794922,22.62139129638672,59cf5723-4b12-43af-a4e3-633456bbcda4
ccb3402e-8d91-40a5-bab1-ef7a64d628dd,VN,VN-HP,locality,,land,Phường Lê Chân,"[[""en"", ""Lê Chân Ward""], [""vi"", ""Phường Lê Chân""]]",True,True,106.67023468017578,20.81953239440918,106.69646453857422,20.855993270874023,c4499288-1434-409a-96bf-2c6865e8c743
477afba5-8337-49e3-bf4a-39ceb39d1deb,VN,VN-69,locality,,land,Xã Yên Thịnh,"[[""en"", ""Yên Thịnh Commune""], [""vi"", ""Xã Yên Thịnh""]]",True,True,105.43110656738281,22.125396728515625,105.55785369873047,22.299949645996094,ff63ddac-50b6-484f-b8a9-e0f65d4eaff6
a4a57971-7a9d-4fb6-b27b-084a658c2c35,VN,VN-05,locality,,land,Phường Mộc Sơn,"[[""en"", ""Mộc Sơn Ward""], [""vi"", ""Phường Mộc Sơn""]]",True,True,104.60150909423828,20.749874114990234,104.70075988769531,20.86505699157715,836c9f05-9762-4260-8221-acbaffe6ed46
0ac82881-0f89-4a27-a7a1-c6d10121cb7c,VN,VN-13,locality,,land,Xã Đường Hoa,"[[""vi-Hani"", ""社棠花""], [""vi"", ""Xã Đường Hoa""], [""zh-Hans"", ""棠花社""], [""de"", ""Gemeinde Đường Hoa""], [""lzh"", ""棠花社""], [""zh-Hant"", ""棠花社""], [""en"", ""Duong Hoa Commune""], [""zh"", ""棠花社""]]",True,True,107.51612091064453,21.368650436401367,107.7117919921875,21.610063552856445,115b9c2e-1837-44ab-b9c1-6f7239195753
d83452f3-e599-4477-aac6-fc8dae9d4080,VN,VN-66,locality,,land,Xã Tiên Lữ,"[[""en"", ""Tiên Lữ Commune""], [""vi"", ""Xã Tiên Lữ""]]",True,True,106.102294921875,20.638351440429688,106.17033386230469,20.69634437561035,656273e4-ab04-4f07-af79-3e5fe2a2acfc
9e0ce1da-0a2e-4819-b5a0-3127fc048a06,VN,VN-56,locality,,land,Xã Cao Đức,"[[""vi-Hani"", ""社高德""], [""zh-Hans"", ""高德社""], [""lzh"", ""高德社""], [""zh-Hant"", ""高德社""], [""en"", ""Cao Duc Commune""], [""zh"", ""高德社""]]",True,True,106.24422454833984,21.06500816345215,106.30535125732422,21.1157169342041,3458562b-7294-4fc8-bca4-068814ce065a
e66ad99f-092f-4866-8e5a-3e46bb521952,VN,VN-68,locality,,land,Xã Lập Thạch,"[[""en"", ""Lập Thạch Commune""], [""vi"", ""Xã Lập Thạch""]]",True,True,105.42536163330078,21.376934051513672,105.50247192382812,21.472997665405273,c31dc238-45a3-45ae-a0c3-84821bc1a907
5da6a527-20bf-4470-a2ff-246dfbe99811,VN,VN-HP,locality,,land,Xã Hải Hưng,"[[""en"", ""Hải Hưng Commune""], [""vi"", ""Xã Hải Hưng""]]",True,True,106.1310806274414,20.76267433166504,106.18920135498047,20.84186363220215,09429537-5b8b-403e-a9b4-c65dc2020d48
9cdcf23a-a276-4065-951d-6b2a79ed736e,VN,VN-09,locality,,land,Xã Vũ Lăng,"[[""vi-Hani"", ""社武陵""], [""zh-Hans"", ""武陵社""], [""lzh"", ""武陵社""], [""zh-Hant"", ""武陵社""], [""zh"", ""武陵社""]]",True,True,106.2168960571289,21.769479751586914,106.3527603149414,21.896982192993164,cdd29d65-4d37-4b10-a041-ff91543542cf
fe97c6e8-31ff-40a4-a0e4-4f73cc1f5335,VN,VN-HP,locality,,land,Phường Bắc An Phụ,"[[""en"", ""Bắc An Phụ Ward""], [""vi"", ""Phường Bắc An Phụ""]]",True,True,106.40961456298828,21.025053024291992,106.50017547607422,21.069385528564453,58431331-a734-4aa3-a438-f2859d733015
f6a09284-1512-4afc-a25f-e67a88049941,VN,VN-HN,locality,,land,Xã Vật Lại,"[[""en"", ""Vat Lai Commune""], [""vi"", ""Xã Vật Lại""]]",True,True,105.33930206298828,21.17151641845703,105.45134735107422,21.252304077148438,1d4c3169-0fbb-454d-acb3-a3ca960e97f0
c31b7a70-a5bd-41e9-b627-1b4ecb966fae,VN,VN-HN,locality,,land,Phường Tây Tựu,"[[""en"", ""Tay Tuu Ward""]]",True,True,105.72400665283203,21.047773361206055,105.76082611083984,21.082416534423828,dc04b1b0-33eb-4c04-968d-0e5c1158f2d8
34e6b764-dc1f-4ace-b4c9-05f374476266,VN,VN-04,locality,,land,Xã Nam Tuấn,,True,True,106.02910614013672,22.7380313873291,106.18090057373047,22.861696243286133,65f0abb0-1a08-4f48-986d-1d03cb23bbc2
4e0d1ad0-65be-417c-aaf6-41d027165624,VN,VN-09,locality,,land,Xã Yên Bình,"[[""vi-Hani"", ""社安平""], [""zh-Hans"", ""安平社""], [""lzh"", ""安平社""], [""zh-Hant"", ""安平社""], [""zh"", ""安平社""]]",True,True,106.19110107421875,21.58062744140625,106.35020446777344,21.697124481201172,b706af26-9e2d-4a86-860c-8484c54f27c1
b95b0f0e-432f-4959-b82c-dedcfa91a09d,VN,VN-HP,locality,,land,Xã An Hưng,"[[""en"", ""An Hưng Commune""], [""vi"", ""Xã An Hưng""]]",True,True,106.54727935791016,20.72533416748047,106.63707733154297,20.774206161499023,c65f2f7f-149d-4205-aab5-6941c4614785
ea02dbcb-09ef-45c3-b599-ee9dcc6ebbdb,VN,VN-56,locality,,land,Xã Biển Động,,True,True,106.69158935546875,21.30998420715332,106.78267669677734,21.431032180786133,0c668fe0-e402-45fa-8d62-0c65dc93270d
4d0e0e97-da2f-4888-9874-c645b60a5881,VN,VN-68,locality,,land,Xã Bình Nguyên,"[[""en"", ""Bình Nguyên Commune""], [""vi"", ""Xã Bình Nguyên""]]",True,True,105.62213897705078,21.249595642089844,105.70234680175781,21.308242797851562,86a30395-ba8e-4035-be10-3a9fc38fcbed
2962b43f-f4a9-48e9-afbd-77a89236e08b,VN,VN-HN,microhood,,land,C3,,True,True,105.83521270751953,20.97415542602539,105.83549499511719,20.974853515625,286e0d75-6a82-449a-8721-810d69dabc74
227aa03b-4726-43f2-a63d-6f3682066463,VN,VN-69,locality,,land,Xã Tràng Xá,"[[""en"", ""Tràng Xá Commune""], [""vi"", ""Xã Tràng Xá""]]",True,True,105.98040008544922,21.611337661743164,106.15008544921875,21.744234085083008,af522782-b709-4a18-8375-046853f4c1c7
b8745102-418e-45aa-a7a4-3110745be51c,VN,VN-HP,locality,,land,Xã Hợp Tiến,"[[""en"", ""Hợp Tiến Commune""], [""vi"", ""Xã Hợp Tiến""]]",True,True,106.31387329101562,21.03757095336914,106.36628723144531,21.086795806884766,4efa5aca-f144-4e98-8e77-cb107d9ed434
76e7f04d-9967-40e0-bb9c-4097e48e9a3a,VN,VN-09,locality,,land,Xã Thiện Tân,"[[""vi-Hani"", ""社善新""], [""zh-Hans"", ""善新社""], [""lzh"", ""善新社""], [""zh-Hant"", ""善新社""], [""zh"", ""善新社""]]",True,True,106.16688537597656,21.493667602539062,106.27593231201172,21.611703872680664,d5cfb4e2-5430-4869-b940-74c5109c39fc
ea735312-588c-4166-bd15-07f61dd94784,VN,VN-07,locality,,land,Xã Yên Minh,"[[""en"", ""Yên Minh Commune""], [""vi"", ""Xã Yên Minh""]]",True,True,105.04192352294922,23.04693603515625,105.23561096191406,23.193870544433594,ff295ecc-b0a0-495d-8d99-d29a3f71618d
d61063ae-9c92-4031-aa98-5cfdd1a97f4b,VN,VN-56,locality,,land,Xã Đồng Kỳ,"[[""vi-Hani"", ""社同奇""], [""zh-Hans"", ""同奇社""], [""lzh"", ""同奇社""], [""zh-Hant"", ""同奇社""], [""zh"", ""同奇社""]]",True,True,106.10211181640625,21.447343826293945,106.24192810058594,21.5595703125,cfab573a-683c-4058-8498-6296f7c489ad
dc01a512-00a9-489a-bd1b-a5c3bd3dffe3,VN,VN-HP,locality,,land,Xã Lạc Phượng,"[[""en"", ""Lạc Phượng Commune""], [""vi"", ""Xã Lạc Phượng""]]",True,True,106.40540313720703,20.750497817993164,106.49844360351562,20.800201416015625,5ecb0786-ec40-43eb-b672-d973732e6d9e
736abab2-323c-40a0-b44f-9d2e8a854dfe,VN,VN-HP,locality,,land,Phường Trần Liễu,"[[""en"", ""Trần Liễu Ward""], [""vi"", ""Phường Trần Liễu""]]",True,True,106.44490051269531,20.97288703918457,106.53578186035156,21.03505516052246,bcdeb7dd-e834-4ca9-8791-da8ed0f73656
d5fe2e9d-3793-4138-beeb-6e3e4686c589,VN,VN-66,locality,,land,Giáo Phòng,,True,True,106.00931549072266,20.923648834228516,106.0162124633789,20.931859970092773,adeadb83-28ad-4002-9224-0c42d4cc0657
6097c1e7-528f-46e9-965e-f1eb004ebd40,VN,VN-68,locality,,land,Xã Xuân Lũng,"[[""en"", ""Xuân Lũng Commune""], [""vi"", ""Xã Xuân Lũng""]]",True,True,105.24972534179688,21.349048614501953,105.31732177734375,21.4075870513916,0bc66504-2429-43c9-b41f-f3d42b458f70
20a9e9ff-feeb-4c9e-b33d-d9e4908be9e2,VN,VN-HN,locality,,land,Phường Văn Miếu - Quốc Tử Giám,"[[""en"", ""Van Mieu - Quoc Tu Giam Ward""]]",True,True,105.82967376708984,21.0076847076416,105.84158325195312,21.030445098876953,390f9c61-2874-49c0-943d-57abe2b8d215
71679cd4-3172-46a3-85f5-0a7b3f3a6f73,VN,VN-09,locality,,land,Xã Yên Phúc,"[[""vi-Hani"", ""社安福""], [""zh-Hans"", ""安福社""], [""lzh"", ""安福社""], [""zh-Hant"", ""安福社""], [""zh"", ""安福社""]]",True,True,106.4804916381836,21.74336051940918,106.64061737060547,21.887237548828125,060ac554-1f8a-4354-a8f9-acdb898cc65e
d91c553d-1970-40fa-9119-8dd0ce007db5,VN,VN-66,locality,,land,Xã Khoái Châu,"[[""en"", ""Khoái Châu Commune""], [""vi"", ""Xã Khoái Châu""]]",True,True,105.93194580078125,20.792232513427734,106.00904846191406,20.843276977539062,50ee4341-f91d-43a1-a552-6e06eeccd961
e4776762-8895-4be4-9077-df67ad6fef53,VN,VN-07,locality,,land,Xã Phù Lưu,"[[""en"", ""Phù Lưu Commune""], [""vi"", ""Xã Phù Lưu""]]",True,True,104.96205139160156,22.11968421936035,105.11239624023438,22.24091911315918,fcc9a842-905e-4a12-a3df-1a983d0e91ed
98d2ab47-c995-43f5-980d-83b4eefae1fc,VN,VN-07,locality,,land,Phường Mỹ Lâm,"[[""en"", ""Mỹ Lâm Ward""], [""vi"", ""Phường Mỹ Lâm""]]",True,True,105.05657196044922,21.716777801513672,105.17344665527344,21.81204605102539,bfb145e8-d830-4056-8139-3d66cc2dd58b
8997695b-a1d8-4d46-b4a8-d498c8fc15b9,VN,VN-07,locality,,land,Xã Yên Sơn,"[[""en"", ""Yên Sơn Commune""], [""vi"", ""Xã Yên Sơn""]]",True,True,105.06842041015625,21.784873962402344,105.2027359008789,21.92884635925293,b017afa8-d11f-4fc7-8b13-9655192d1042
8a16c29b-5fb8-4acd-9884-82010881e2a2,VN,VN-02,locality,,land,Xã Nghĩa Đô,"[[""en"", ""Nghĩa Đô Commune""], [""vi"", ""Xã Nghĩa Đô""]]",True,True,104.3883056640625,22.3305606842041,104.5810775756836,22.502195358276367,71493169-4f0e-4303-8187-43662865bfa8
36cad978-56ca-448b-ab8c-9f14f8a4c815,VN,VN-07,locality,,land,Xã Tiên Yên,"[[""en"", ""Tiên Yên Commune""], [""vi"", ""Xã Tiên Yên""]]",True,True,104.668701171875,22.198261260986328,104.79010772705078,22.360824584960938,afaf4b06-98b0-4db1-b7b0-4eec1ea04f61
734e7361-cefd-4dca-a3e3-7bf4b39f92a4,VN,VN-05,locality,,land,Xã Kim Bon,"[[""en"", ""Kim Bon Commune""], [""vi"", ""Xã Kim Bon""]]",True,True,104.51492309570312,21.045011520385742,104.67241668701172,21.17539405822754,4bc53727-dbd4-40f6-a347-c2bfb8b2bd69
3337bc4d-8d22-42b6-bdb1-e2de3c5514d3,VN,VN-69,locality,,land,Xã Quảng Bạch,"[[""en"", ""Quảng Bạch Commune""], [""vi"", ""Xã Quảng Bạch""]]",True,True,105.53803253173828,22.222213745117188,105.66275024414062,22.32639503479004,460ad1c2-abb1-4b73-9a16-3ded3e2076dd
2c5ef345-6823-41c0-9171-f398d6486d61,VN,VN-09,locality,,land,Xã Thống Nhất,"[[""vi-Hani"", ""社統一""], [""zh-Hans"", ""统一社""], [""lzh"", ""統一社""], [""zh-Hant"", ""統一社""], [""zh"", ""統一社""]]",True,True,106.75199890136719,21.559158325195312,106.91292572021484,21.798412322998047,74af96c7-f13e-4624-bf2b-101bde41bba9
017044f3-5728-4b10-9364-a5a2366cf0bc,VN,VN-68,locality,,land,Xã Hợp Kim,"[[""en"", ""Hợp Kim Commune""], [""vi"", ""Xã Hợp Kim""]]",True,True,105.54273986816406,20.56475067138672,105.63286590576172,20.735206604003906,bbf3769a-b8e7-464b-94f1-d4ab846d0fd6
52ed30c4-cf29-466a-bd6b-14c695b96286,VN,VN-HP,locality,,land,Phường An Dương,"[[""en"", ""An Dương Ward""], [""vi"", ""Phường An Dương""], [""ko"", ""안즈엉""]]",True,True,106.56426239013672,20.82093620300293,106.62346649169922,20.90776252746582,b8f80d10-8e20-40df-b5c3-c9375cdbbf73
657474fd-5eae-47e4-a732-9ed98a90bbfc,VN,VN-HN,neighborhood,,land,Linh Đàm,,True,True,105.82056427001953,20.95771026611328,105.83782958984375,20.973169326782227,e984833f-c702-4d40-947e-af0363aa218c
d04ba4bd-a042-4d38-9a85-e478639e96bb,VN,VN-02,locality,,land,Xã Lâm Giang,"[[""en"", ""Lâm Giang Commune""], [""vi"", ""Xã Lâm Giang""]]",True,True,104.38436889648438,22.01321792602539,104.59168243408203,22.200193405151367,0310674e-89e1-46de-a646-9d3edacb1165
c15734fb-ef8f-42f4-8fd7-d5635f0176b3,VN,VN-07,locality,,land,Phường Hà Giang 1,"[[""en"", ""Hà Giang 1 Ward""], [""vi"", ""Phường Hà Giang 1""]]",True,True,104.86325073242188,22.754573822021484,104.99534606933594,22.855728149414062,605c3124-1775-4057-a411-f52cbbb7c389
416573b1-1986-4fe5-a13c-9f5b8926bfea,VN,VN-68,locality,,land,Xã Thung Nai,"[[""en"", ""Thung Nai Commune""], [""vi"", ""Xã Thung Nai""]]",True,True,105.17802429199219,20.697511672973633,105.33190155029297,20.785356521606445,46df92e2-5921-457c-a0e7-e423e243cb55
1d3bba7d-9009-4ad5-88eb-101beadbfb96,VN,VN-68,locality,,land,Xã Nật Sơn,"[[""en"", ""Nật Sơn Commune""], [""vi"", ""Xã Nật Sơn""]]",True,True,105.37274932861328,20.66291046142578,105.58720397949219,20.828655242919922,3d3f58a1-6182-4baa-a684-776426ab96ad
6a3da0a1-675d-4e55-9e6e-3ea784b37670,VN,VN-09,locality,,land,Xã Thụy Hùng,"[[""vi-Hani"", ""社瑞雄""], [""zh-Hans"", ""瑞雄社""], [""lzh"", ""瑞雄社""], [""zh-Hant"", ""瑞雄社""], [""zh"", ""瑞雄社""]]",True,True,106.59136199951172,22.0426082611084,106.71308135986328,22.182161331176758,b4322938-7327-4596-bce6-965ca938ea5e
1c3c6d1d-ea5d-4d7d-86fd-65609947bdf9,VN,VN-69,locality,,land,Xã Đại Từ,"[[""en"", ""Đại Từ Commune""], [""vi"", ""Xã Đại Từ""]]",True,True,105.55268096923828,21.533414840698242,105.6778793334961,21.63427734375,88b7804d-07fd-4acc-a0bd-44aa650cb891
42b2dd66-ade8-467b-aa5c-c2bc7e6cc0f1,VN,VN-HP,locality,,land,Xã Chí Minh,"[[""en"", ""Chí Minh Commune""], [""vi"", ""Xã Chí Minh""]]",True,True,106.39309692382812,20.77716064453125,106.48442077636719,20.860565185546875,9843f1f8-a638-4dad-ae9b-cff4028ece46
26bd2d54-c11d-4377-8381-836566223c63,VN,VN-HN,locality,,land,Xã Phú Cát,"[[""en"", ""Phu Cat Commune""], [""vi"", ""Xã Phú Cát""]]",True,True,105.50364685058594,20.909381866455078,105.62026977539062,20.989288330078125,d1d0cf24-49f0-4d1a-a377-ea30a477210a
166a0367-d585-4eb1-ac85-1efdf4cfb44f,VN,VN-HN,locality,,land,Phường Xuân Đỉnh,"[[""en"", ""Xuan Dinh Ward""]]",True,True,105.78234100341797,21.05186653137207,105.80901336669922,21.07914161682129,34732fcf-a3fc-4e69-93a5-93427115f685
b926f0c3-0026-44a5-87d5-aad4e56237b4,VN,VN-HN,microhood,,land,C7,,True,True,105.83458709716797,20.975156784057617,105.8351058959961,20.975414276123047,0bd6bf2a-804c-4b5f-a3f8-ea9fe40c9957
e60e8b90-528f-44e4-9648-95cf3cdeed75,VN,VN-HN,microhood,,land,F4,,True,True,105.83653259277344,20.972013473510742,105.83695983886719,20.972278594970703,b2ed8a0d-c8b1-4123-8130-af1519581173
ec24698b-b5bf-4df9-820a-203ee6dcbf91,VN,VN-04,region,1,land,Tỉnh Cao Bằng,"[[""bs"", ""Provincija Cao Bằng""], [""hr"", ""Provincija Cao Bằng""], [""ar"", ""محافظة كاو بانغ""], [""fr"", ""Province de Cao Bằng""], [""lv"", ""Čaobangas province""], [""uk"", ""Каобанг""], [""pt-PT"", ""Província de Cao Bằng""], [""pt"", ""Cao Bang""], [""cs"", ""Provincie Cao Bằng""], [""el"", ""Επαρχία Κάο Μπανγκ""], [""it"", ""Provincia di Cao Bang""], [""ca"", ""Província de Cao Bằng""], [""pt-BR"", ""Província de Cao Bằng""], [""vi"", ""Tỉnh Cao Bằng""], [""tg"", ""Вилояти Кау Банг""], [""nl"", ""Cao Bằng""], [""zh-Hans"", ""高平省""], [""bg"", ""Као Банг""], [""ko"", ""까오방성""], [""et"", ""Cao Bằngi provints""], [""de"", ""Cao Bằng""], [""ur"", ""کاؤ بانگ صوبہ""], [""ru"", ""Каобанг""], [""th"", ""จังหวัดกาวบั่ง""], [""id"", ""Provinsi Cao Bằng""], [""sr-Latn"", ""Kao Bang provincija""], [""sv"", ""Cao Bang""], [""tr"", ""Cao Bằng ili""], [""da"", ""Cao Bằng-provinsen""], [""sr-Cyrl"", ""Као Банг""], [""zh-Hant"", ""高平省""], [""en"", ""Cao Bằng Province""], [""he"", ""מחוז קאו בנג""], [""sk"", ""Provincia Cao Bằng""], [""es"", ""Provincia Cao Bằng""], [""sw"", ""Mkoa wa Cao Bằng""], [""ja"", ""カオバン""], [""fi"", ""Cao Bằng""], [""ro"", ""Provincia Cao Bằng""], [""lt"", ""Kaobango provincija""], [""no"", ""Cao Bằng-provinsen""], [""sl"", ""Provinca Cao Bằng""], [""fa"", ""استان کائو بانگ""], [""mn"", ""Гау Бан""], [""zh"", ""高平省""], [""ms"", ""Provinsi Cao Bằng""], [""hu"", ""Cao Bang tartomány""], [""pl"", ""Prowincja Cao Bằng""]]",True,True,105.2667007446289,22.35692024230957,106.837646484375,23.11879539489746,c11e61e2-583a-42ad-87b6-30641601d891
dae81f25-e99d-455d-9f6e-426fedf1581d,VN,VN-04,locality,,land,Xã Thông Nông,,True,True,105.90160369873047,22.728490829467773,106.05926513671875,22.840980529785156,84de8a40-e2d9-4db7-95fc-861c06bc1a0b
a4784e58-eeec-4b8c-8b71-0d26a033f653,VN,VN-68,locality,,land,Phường Âu Cơ,"[[""en"", ""Âu Cơ Ward""], [""vi"", ""Phường Âu Cơ""]]",True,True,105.17554473876953,21.364648818969727,105.22383117675781,21.42021369934082,5f53c61b-45f9-41fa-8654-fe357cd872ff
d32437d8-c8df-465f-8330-395e7951c6b6,VN,VN-69,locality,,land,Xã Lam Vỹ,"[[""en"", ""Lam Vỹ Commune""], [""vi"", ""Xã Lam Vỹ""]]",True,True,105.6292495727539,21.94513702392578,105.74762725830078,22.047870635986328,99c26c61-bd7a-4b65-a6df-efbd5c6d02f8
663bb522-ce10-47ba-9b95-5b5e2386b843,VN,VN-HP,locality,,land,Phường Nguyễn Đại Năng,"[[""en"", ""Nguyễn Đại Năng Ward""], [""de"", ""Stadtviertel Nguyễn Đại Năng""], [""vi"", ""Phường Nguyễn Đại Năng""]]",True,True,106.54084014892578,20.930511474609375,106.59261322021484,20.984121322631836,5545d51a-d978-4b22-906d-23d32d29488b
8effe7c3-cd6d-4d56-8063-1fbd53eab7c4,VN,VN-18,locality,,land,Phường Kim Bảng,"[[""en"", ""Kim Bảng Ward""], [""vi"", ""Phường Kim Bảng""]]",True,True,105.83668518066406,20.565765380859375,105.92097473144531,20.604562759399414,4e8e1b25-30f6-4e22-8fc1-859934118d9a
0961a357-4750-4d0d-bc42-8e8666f7dbe0,VN,VN-HN,locality,,land,Phường Phú Thượng,"[[""en"", ""Phu Thuong Ward""]]",True,True,105.78588104248047,21.070438385009766,105.8211441040039,21.09765625,3e4b887b-66b3-45e4-82d3-0190b22b1b52
bbba3e88-c0a0-4a07-ac70-e5e9156ac32f,VN,VN-68,microhood,,land,Quảng Trường Hùng Vương,,True,True,105.39239501953125,21.311996459960938,105.39546203613281,21.314176559448242,647eeb43-416b-4578-b66b-d41cf750758c
8eea7cb3-9579-4bef-9364-4654e38deba9,VN,VN-04,locality,,land,Xã Xuân Trường,,True,True,105.76668548583984,22.803997039794922,105.87976837158203,22.984310150146484,bad47ba9-cac1-4555-87c5-6e0b5ad49f98
c50b7c35-24d3-4bc5-9d3e-eb5311d707cc,VN,VN-HN,locality,,land,Xã Ứng Hòa,"[[""en"", ""Ứng Hòa Commune""]]",True,True,105.79043579101562,20.643003463745117,105.90563201904297,20.741783142089844,ad538c09-dc42-466e-bc0f-52365c1316bd
81597080-baa5-4466-929d-5a13c6d03180,VN,VN-68,locality,,land,Xã Lai Đồng,"[[""en"", ""Lai Đồng Commune""], [""vi"", ""Xã Lai Đồng""]]",True,True,104.84548950195312,21.15768051147461,104.97705078125,21.267147064208984,24a6cdec-a537-4dd4-9f35-324dbd05298f
27a19931-490a-467c-8f88-d4c684b2cb36,VN,VN-68,locality,,land,Phường Kỳ Sơn,"[[""en"", ""Kỳ Sơn Ward""], [""vi"", ""Phường Kỳ Sơn""]]",True,True,105.34223175048828,20.781152725219727,105.46546173095703,20.956668853759766,04634263-ddbf-43bc-9b8d-125d14e4ed30
0936a5c0-ea01-4f26-9c6a-cf37f0c825e3,VN,VN-07,locality,,land,Xã Kiên Đài,"[[""en"", ""Kiên Đài Commune""], [""vi"", ""Xã Kiên Đài""]]",True,True,105.32145690917969,22.056304931640625,105.49356079101562,22.208044052124023,afe276de-f248-4be7-a26e-e6139d93dcf9
839e176b-76e1-418e-8d58-ad0d92c94412,VN,VN-HN,neighborhood,,land,Tropical,,True,True,105.87263488769531,20.97007179260254,105.87649536132812,20.97317886352539,21dbe6bc-2550-4aaf-88ce-3d36bf173e47
aa91f1bf-7875-4796-b3d8-536c4c54f2b2,VN,VN-69,locality,,land,Xã Phong Quang,"[[""en"", ""Phong Quang Commune""], [""vi"", ""Xã Phong Quang""]]",True,True,105.68335723876953,22.139373779296875,105.8394546508789,22.281850814819336,02e42a09-17ec-4506-8dd7-0209d4338acb
49c70c81-95e1-476c-af3a-cb29601374b5,VN,VN-69,locality,,land,Phường Bắc Kạn,"[[""en"", ""Bắc Kạn Ward""], [""de"", ""Stadtviertel Bắc Kạn""], [""vi"", ""Phường Bắc Kạn""]]",True,True,105.79532623291016,22.06209945678711,105.93050384521484,22.156362533569336,d888448c-d581-463c-837f-d7e4ab7b3a37
3570f970-9db2-4540-a3cd-795f86f2d8e6,VN,VN-HN,locality,,land,Phường Bạch Mai,"[[""en"", ""Bach Mai Ward""]]",True,True,105.84126281738281,20.99517822265625,105.86222839355469,21.009151458740234,1d846dac-c7a3-4eca-83c8-316b71a141c0
8890cf47-13b3-4f36-9c10-7f1610ded6a4,VN,VN-07,locality,,land,Xã Tùng Vài,"[[""en"", ""Tùng Vài Commune""], [""vi"", ""Xã Tùng Vài""]]",True,True,104.80117797851562,22.976640701293945,104.94363403320312,23.12944793701172,c8990d8a-d103-4b37-a4fb-41584558b659
d0949f62-ea35-477b-b345-2a20a8aa32f9,VN,VN-18,locality,,land,Phường Đồng Văn,"[[""en"", ""Đồng Văn Ward""], [""vi"", ""Phường Đồng Văn""]]",True,True,105.91502380371094,20.624454498291016,105.97697448730469,20.681941986083984,80594429-b7b1-4dad-8687-e17133537636
6a8eccc0-9a26-4101-8387-473344e6bde2,VN,VN-66,locality,,land,Xã Lương Bằng,"[[""en"", ""Lương Bằng Commune""], [""vi"", ""Xã Lương Bằng""]]",True,True,106.02859497070312,20.7210693359375,106.0995101928711,20.785663604736328,e1eb723b-f1af-4970-bf87-4ac7c1a4218a
eda0b2bb-d4fa-4d80-ae83-cbc98644dc69,VN,VN-68,locality,,land,Xã Mường Vang,"[[""en"", ""Mường Vang Commune""], [""vi"", ""Xã Mường Vang""]]",True,True,105.40802764892578,20.52780532836914,105.52193450927734,20.637088775634766,c53a34a4-5c3c-420d-862e-4ffa5d4d2734
1ef4f721-019f-40d9-ba23-97b424eac1fa,VN,VN-68,locality,,land,Xã Bình Phú,"[[""en"", ""Bình Phú Commune""], [""vi"", ""Xã Bình Phú""]]",True,True,105.32221984863281,21.37018585205078,105.39852142333984,21.46077537536621,afc03093-d782-4b29-97dc-855a7f9fce02
f1e9e1d2-3d7a-49d2-b62e-2a4e94e879d0,VN,VN-HN,locality,,land,Xã Phú Xuyên,"[[""en"", ""Phú Xuyên Commune""]]",True,True,105.86833190917969,20.718732833862305,105.96851348876953,20.810163497924805,86893d68-252e-40cd-bdce-593c5d9d6fcb
aad564a5-7b1d-413d-9982-e6d3e23cdf1b,VN,VN-13,locality,,land,Phường An Sinh,"[[""vi-Hani"", ""坊安生""], [""vi"", ""Phường An Sinh""], [""zh-Hans"", ""安生坊""], [""de"", ""Stadtviertel An Sinh""], [""lzh"", ""安生坊""], [""zh-Hant"", ""安生坊""], [""en"", ""An Sinh Ward""], [""zh"", ""安生坊""]]",True,True,106.44071197509766,21.0855770111084,106.5908432006836,21.225461959838867,d511f0db-a09b-417d-af51-e512ddb22b96
167fe245-36da-46b7-a863-ce76f064c3b1,VN,VN-HN,locality,,land,Xã Ô Diên,"[[""en"", ""O Dien Commune""]]",True,True,105.6722183227539,21.06927490234375,105.73666381835938,21.143348693847656,39d9fce7-7f9b-43ec-a849-53dd24e68ea5
fc0cc456-4d0a-4d1f-8575-117738c62c4f,VN,VN-66,locality,,land,Thượng tân,,True,True,105.99996948242188,20.93939208984375,106.0075454711914,20.94526481628418,37b91a5c-64a5-4b64-9a5f-5ac133a1e2ad
f681f1a8-ac3f-48b9-b7db-772fa37b11f9,VN,VN-56,locality,,land,Xã Kép,"[[""vi-Hani"", ""社𠄳""], [""zh-Hans"", ""𠄳社""], [""ko"", ""껩""], [""lzh"", ""𠄳社""], [""zh-Hant"", ""𠄳社""], [""en"", ""Kép""], [""zh"", ""𠄳社""]]",True,True,106.24419403076172,21.369110107421875,106.34986877441406,21.460527420043945,048e7426-11bc-4e3d-83d4-b3dd00f881f2
df1599b7-a2b4-471f-82f2-149d88ee47b9,VN,VN-68,locality,,land,Xã Tam Nông,"[[""en"", ""Tam Nông Commune""], [""vi"", ""Xã Tam Nông""]]",True,True,105.2413558959961,21.22115135192871,105.3543701171875,21.28424072265625,6790e511-32fb-47fa-b983-e6ad12ba0ae2
5e81ae19-1cad-4209-8b98-d99aa5c1e5f3,VN,VN-HP,locality,,land,Xã An Quang,"[[""en"", ""An Quang Commune""], [""vi"", ""Xã An Quang""]]",True,True,106.48816680908203,20.77866554260254,106.55933380126953,20.839067459106445,8b922605-1d58-4a79-8a63-18b75d48052c
108739f4-e5b4-4daf-a461-c3bdf716d81b,VN,VN-56,locality,,land,Xã Tam Tiến,"[[""vi-Hani"", ""社三進""], [""zh-Hans"", ""三进社""], [""lzh"", ""三進社""], [""zh-Hant"", ""三進社""], [""zh"", ""三進社""]]",True,True,106.03756713867188,21.447471618652344,106.12628173828125,21.555419921875,d5f7de5f-79ab-4061-ba8e-c855801af502
1232dca8-3f8b-4610-a352-f904f0141b74,VN,VN-69,locality,,land,Xã Phú Thịnh,"[[""en"", ""Phú Thịnh Commune""], [""vi"", ""Xã Phú Thịnh""]]",True,True,105.5265884399414,21.64175033569336,105.63243103027344,21.730680465698242,8cc05745-a33d-4fab-9f1f-e6880824238e
da4b6efe-e7f3-47cf-b523-1e897e41d086,VN,VN-56,locality,,land,Phường Đa Mai,"[[""vi-Hani"", ""坊多枚""], [""zh-Hans"", ""多枚坊""], [""lzh"", ""多枚坊""], [""zh-Hant"", ""多枚坊""], [""zh"", ""多枚坊""]]",True,True,106.14033508300781,21.25584602355957,106.19674682617188,21.342906951904297,622ec139-fab6-4c70-8970-8b5fe50dcbf1
d52fad1b-725d-4b75-9cce-279b689f7f75,VN,VN-HN,locality,,land,Xã Hòa Xá,"[[""en"", ""Hòa Xá Commune""]]",True,True,105.7425537109375,20.61187744140625,105.83406066894531,20.722572326660156,0e10e02b-a44d-416d-a1f6-e73775e7a45d
e9322052-2f07-496c-9e9b-9c8aa3d5f671,VN,VN-09,locality,,land,Xã Thiện Long,"[[""vi-Hani"", ""社善隆""], [""zh-Hans"", ""善隆社""], [""lzh"", ""善隆社""], [""zh-Hant"", ""善隆社""], [""zh"", ""善隆社""]]",True,True,106.09555053710938,21.905054092407227,106.28230285644531,22.05757713317871,3bc097c0-11a3-443c-beeb-f83fda408751
720b88bd-37f2-45a5-ad6d-a9ae88adf8c6,VN,VN-56,locality,,land,Xã Hoàng Vân,"[[""vi-Hani"", ""社黃雲""], [""zh-Hans"", ""黄云社""], [""lzh"", ""黃雲社""], [""zh-Hant"", ""黃雲社""], [""zh"", ""黃雲社""]]",True,True,105.94019317626953,21.34662628173828,106.03076171875,21.43695831298828,7e3c0ad7-f965-4b18-96b2-8ecb54ebdd82
6a6f3e0d-473d-48b5-90ea-15b408e94e2c,VN,VN-09,locality,,land,Xã Tân Tri,"[[""vi-Hani"", ""社新知""], [""zh-Hans"", ""新知社""], [""lzh"", ""新知社""], [""zh-Hant"", ""新知社""], [""zh"", ""新知社""]]",True,True,106.09536743164062,21.80467414855957,106.30023193359375,21.9490966796875,e21bcc20-d025-4eb9-bcac-bd6850e8d0ed
9f30c847-3123-43d3-b715-6c636a86b326,VN,VN-69,locality,,land,Phường Quyết Thắng,"[[""en"", ""Quyết Thắng Ward""], [""de"", ""Stadtviertel Quyết Thắng""], [""vi"", ""Phường Quyết Thắng""]]",True,True,105.76594543457031,21.547460556030273,105.82715606689453,21.615272521972656,25229f23-2fb8-4a21-a682-b6170c5cb0c0
b9c07d72-3266-4e5d-9aa4-513afe0a4123,VN,VN-56,locality,,land,Xã Trung Kênh,"[[""vi-Hani"", ""社中涇""], [""zh-Hans"", ""中泾社""], [""lzh"", ""中涇社""], [""zh-Hant"", ""中涇社""], [""en"", ""Trung Kenh Commune""], [""zh"", ""中涇社""]]",True,True,106.2480697631836,21.007801055908203,106.31076049804688,21.080646514892578,e6955470-c061-4e31-b1e8-2df257b147e6
59f473ee-2e49-4577-8e71-d3dd80575956,VN,VN-68,locality,,land,Xã Đà Bắc,"[[""en"", ""Đà Bắc Commune""], [""vi"", ""Xã Đà Bắc""]]",True,True,105.17951965332031,20.799196243286133,105.31344604492188,20.94595718383789,32687031-d97c-4153-982a-4b2c53ca032d
7f51a442-cd97-421c-8f24-578e62cc5690,VN,VN-HP,locality,,land,Xã Kim Thành,"[[""en"", ""Kim Thành Commune""], [""vi"", ""Xã Kim Thành""]]",True,True,106.47692108154297,20.850940704345703,106.55244445800781,20.91791534423828,0996017e-9258-4c43-bc3e-56f3bf90de6c
9b4039a1-d9e3-499d-aa94-f7dbe7198c78,VN,VN-HN,microhood,,land,D1,,True,True,105.83285522460938,20.973703384399414,105.83316802978516,20.9742488861084,7d543afc-0c73-44d5-af88-18d55963c6dc
bc904426-55f1-4543-91a4-7260fdbe1881,VN,VN-07,locality,,land,Xã Yên Phú,"[[""en"", ""Yên Phú Commune""], [""vi"", ""Xã Yên Phú""]]",True,True,104.84859466552734,22.03371810913086,105.03084564208984,22.240482330322266,3020d189-9589-43f9-86d9-6eee2d8ce6b2
f1feaf14-b117-4d5c-a72d-8936588f9d9e,VN,VN-09,locality,,land,Xã Bằng Mạc,"[[""vi-Hani"", ""社憑莫""], [""zh-Hans"", ""凭莫社""], [""lzh"", ""憑莫社""], [""zh-Hant"", ""憑莫社""], [""zh"", ""憑莫社""]]",True,True,106.44839477539062,21.66722297668457,106.6063003540039,21.766586303710938,32140dba-6132-4d2a-a929-269805417b12
d2f61f9b-4eec-46c1-b04b-0c778675778a,VN,VN-07,locality,,land,Xã Khâu Vai,"[[""en"", ""Khâu Vai Commune""], [""vi"", ""Xã Khâu Vai""]]",True,True,105.42777252197266,23.045061111450195,105.53340148925781,23.182615280151367,4c592085-8f9f-4909-80ad-c74c3658009a
79d52b14-398e-49f6-b8bc-abd3a04be5ec,VN,VN-HP,locality,,land,Phường Nhị Chiểu,"[[""en"", ""Nhị Chiểu Ward""], [""de"", ""Stadtviertel Nhị Chiểu""], [""vi"", ""Phường Nhị Chiểu""]]",True,True,106.49913024902344,21.002437591552734,106.61101531982422,21.060420989990234,d0a88ba9-6f70-422f-887f-282cfd072609
bcfe8863-65c9-4082-bc43-ffdd6be83958,VN,VN-68,locality,,land,Xã Thọ Văn,"[[""en"", ""Thọ Văn Commune""], [""vi"", ""Xã Thọ Văn""]]",True,True,105.1491470336914,21.21697235107422,105.28170776367188,21.28963851928711,6b5ce742-37cf-4a14-ae2e-c9b0cf92d767
f15d3878-55ec-4394-af63-59cac4800c36,VN,VN-56,locality,,land,Xã Chi Lăng,"[[""vi-Hani"", ""社枝陵""], [""zh-Hans"", ""枝陵社""], [""lzh"", ""枝陵社""], [""zh-Hant"", ""枝陵社""], [""en"", ""Chi Lang Commune""], [""zh"", ""枝陵社""]]",True,True,106.08949279785156,21.07383155822754,106.15143585205078,21.1406307220459,dd66210d-a580-4ebc-8c3a-bfabdb52e533
631735fe-e7fe-4b25-bdc7-d00d760d22ae,VN,VN-66,locality,,land,Phường Thượng Hồng,"[[""en"", ""Thượng Hồng Ward""], [""vi"", ""Phường Thượng Hồng""]]",True,True,106.10017395019531,20.907087326049805,106.15821075439453,20.96030616760254,18eea9c4-b261-4692-8a95-67c4867af232
c5363415-bebf-4887-8a1f-2c35badbad9e,VN,VN-HN,locality,,land,Xã Thư Lâm,"[[""en"", ""Thu Lam Commune""]]",True,True,105.84635925292969,21.11884880065918,105.92675018310547,21.206281661987305,b9aa9454-4cc6-4a05-958b-04cd84f820f9
ea2ebd35-b2e9-46a3-9da5-c7ebfdaac288,VN,VN-HP,locality,,land,Xã Bình Giang,"[[""en"", ""Bình Giang Commune""], [""vi"", ""Xã Bình Giang""]]",True,True,106.18182373046875,20.840700149536133,106.2593994140625,20.905364990234375,75ce10eb-9bbc-4880-9bf0-b388aea81aea
5714602d-0f89-451b-8a98-df21bd1ca65e,VN,VN-56,locality,,land,Phường Vũ Ninh,"[[""vi-Hani"", ""坊武寧""], [""zh-Hans"", ""武宁坊""], [""de"", ""Stadtviertel Vũ Ninh""], [""lzh"", ""武寧坊""], [""zh-Hant"", ""武寧坊""], [""en"", ""Vu Ninh Ward""], [""zh"", ""武寧坊""]]",True,True,106.06476593017578,21.172496795654297,106.12207794189453,21.211315155029297,e5ad7b1d-62ed-4a52-9c8e-4fb97fd6e7e7
fe6c8fc3-0a3b-468f-b6d8-0d29be0c6f30,VN,VN-56,locality,,land,Phường Yên Dũng,"[[""vi-Hani"", ""社安勇""], [""zh-Hans"", ""安勇社""], [""lzh"", ""安勇社""], [""zh-Hant"", ""安勇社""], [""zh"", ""安勇社""]]",True,True,106.1506118774414,21.15458869934082,106.25371551513672,21.246572494506836,cc8c5966-fe95-4499-8e05-fcfb8c8e5240
6acb4721-d4de-4f63-babd-a8effe0e1f14,VN,VN-05,locality,,land,Xã Chiềng Sơn,"[[""en"", ""Chiềng Sơn Commune""], [""vi"", ""Xã Chiềng Sơn""]]",True,True,104.54612731933594,20.67011070251465,104.75511169433594,20.809778213500977,23437ea1-c9c2-420f-94fa-e6c853c252f3
8134ffb8-7e87-4d86-bce1-932bab63db59,VN,VN-HP,locality,,land,Phường Hải Dương,"[[""uk"", ""Хайзионґ""], [""vi"", ""Phường Hải Dương""], [""zh-Hans"", ""海阳市""], [""ko"", ""하이즈엉""], [""ru"", ""Хайзыонг""], [""zh-Hant"", ""海陽市""], [""en"", ""Hải Dương Ward""], [""ja"", ""ハイズオン""], [""zh"", ""海陽市""]]",True,True,106.32965850830078,20.915557861328125,106.35562133789062,20.95914649963379,53885720-bc03-4813-9040-cfda6eb0a0ba
7c055f17-3df8-4737-8ebd-0f4fca7cc812,VN,VN-HP,locality,,land,Xã Trần Phú,"[[""en"", ""Trần Phú Commune""], [""vi"", ""Xã Trần Phú""]]",True,True,106.29273223876953,21.002357482910156,106.36561584472656,21.060314178466797,54b0670b-1aa1-4eff-a5fe-495a5d06a857
204c2c6d-35eb-4325-b191-bd9ee1939e19,VN,VN-HP,locality,,land,Xã Vĩnh Thịnh,"[[""en"", ""Vĩnh Thịnh Commune""], [""vi"", ""Xã Vĩnh Thịnh""]]",True,True,106.40723419189453,20.694171905517578,106.4983901977539,20.736408233642578,520d85e8-3444-4e42-9f2d-626c3b393005
c323ce11-d0b5-4c44-9aa7-aeeb7dcc55b7,VN,VN-13,locality,,land,Xã Hoành Mô,"[[""vi-Hani"", ""社橫模""], [""vi"", ""Xã Hoành Mô""], [""yue-Latn"", ""Waangmu""], [""zh-Hans"", ""横模社""], [""ko"", ""호아인모""], [""de"", ""Gemeinde Hoành Mô""], [""lzh"", ""橫模社""], [""zh-Hant"", ""橫模社""], [""en"", ""Hoanh Mo Commune""], [""zh"", ""橫模社""]]",True,True,107.43415069580078,21.50735855102539,107.61271667480469,21.663532257080078,66663cdf-82a9-449a-9396-cd494c7269d0
49d806c9-b581-48be-8864-bc61a881afc2,VN,VN-66,locality,,land,Phường Phố Hiến,"[[""en"", ""Phố Hiến Ward""], [""de"", ""Stadtviertel Phố Hiến""], [""vi"", ""Phường Phố Hiến""]]",True,True,106.0313491821289,20.64000129699707,106.09454345703125,20.69525146484375,233a8022-1548-4c39-b698-a2362821adae
b4a69e7e-d99d-4d50-bd33-d5da4a43e48a,VN,VN-68,locality,,land,Xã Hội Thịnh,"[[""en"", ""Hội Thịnh Commune""], [""vi"", ""Xã Hội Thịnh""]]",True,True,105.53167724609375,21.274446487426758,105.59516143798828,21.36115264892578,28b93e9b-9f30-4d8d-b785-4ef9dd231aff
58dc9bfe-9dc9-4979-8380-50f4e90fd159,VN,VN-56,locality,,land,Xã Dương Hưu,"[[""vi-Hani"", ""社揚休""], [""zh-Hans"", ""扬休社""], [""lzh"", ""揚休社""], [""zh-Hant"", ""揚休社""], [""zh"", ""揚休社""]]",True,True,106.84225463867188,21.168912887573242,106.98541259765625,21.292280197143555,a5ed74e3-c97f-4e8f-b7cf-3c3497075d0a
927785df-047d-425d-ae42-7074a955d1c2,VN,VN-69,locality,,land,Xã Phú Lạc,"[[""en"", ""Phú Lạc Commune""], [""vi"", ""Xã Phú Lạc""]]",True,True,105.58165740966797,21.646738052368164,105.72457122802734,21.72156524658203,5b3b094c-8e36-4cbe-93a7-2b6047c56aa1
1614bfbd-69a3-4272-956e-528d55a13931,VN,VN-13,locality,,land,Xã Quảng Tân,"[[""vi-Hani"", ""社廣新""], [""vi"", ""Xã Quảng Tân""], [""zh-Hans"", ""广新社""], [""de"", ""Gemeinde Quảng Tân""], [""lzh"", ""廣新社""], [""zh-Hant"", ""廣新社""], [""en"", ""Quang Tan Commune""], [""zh"", ""廣新社""]]",True,True,107.46795654296875,21.334789276123047,107.62285614013672,21.498516082763672,1444ebae-26c3-4279-aa07-30f4a4d8623c
1386e76f-64a3-4bfc-8efd-b25a0fe655df,VN,VN-56,locality,,land,Phường Ninh Xá,"[[""vi-Hani"", ""坊寧舍""], [""zh-Hans"", ""宁舍坊""], [""lzh"", ""寧舍坊""], [""zh-Hant"", ""寧舍坊""], [""en"", ""Ninh Xa Ward""], [""zh"", ""寧舍坊""]]",True,True,106.04171752929688,20.994951248168945,106.11957550048828,21.027084350585938,6710e5d7-c77a-4646-a9bc-936898007f33
56f356e7-c4a3-426c-9934-e8346e4ff5a7,VN,VN-07,locality,,land,Xã Bình Xa,"[[""en"", ""Bình Xa Commune""], [""vi"", ""Xã Bình Xa""]]",True,True,105.0574951171875,22.026090621948242,105.1615219116211,22.186582565307617,95169b01-329e-4f6b-b8c9-f0d9219fa39c
907c1d23-6da6-409f-b079-78c537f94982,VN,VN-56,locality,,land,Xã Sơn Hải,"[[""vi-Hani"", ""社山海""], [""zh-Hans"", ""山海社""], [""lzh"", ""山海社""], [""zh-Hant"", ""山海社""], [""zh"", ""山海社""]]",True,True,106.50736999511719,21.461101531982422,106.6563949584961,21.559877395629883,c6760204-85e4-45d9-9009-9ca19f1c1b89
53b69fbe-0716-4a60-aee2-022c291c2b09,VN,VN-13,locality,,land,Xã Quảng Đức,"[[""vi-Hani"", ""社廣德""], [""vi"", ""Xã Quảng Đức""], [""zh-Hans"", ""广德社""], [""de"", ""Gemeinde Quảng Đức""], [""lzh"", ""廣德社""], [""zh-Hant"", ""廣德社""], [""en"", ""Quang Duc Commune""], [""zh"", ""廣德社""]]",True,True,107.6377944946289,21.45574378967285,107.77174377441406,21.640989303588867,c556d6ad-d028-43bb-af7e-77568d66ff65
52f99a9d-6959-42a8-a563-9099d786de89,VN,VN-HN,neighborhood,,land,Khu Tinh Hoa,,True,True,105.85137176513672,21.088939666748047,105.86004638671875,21.10106086730957,65a18cf8-f6d4-4ba2-9c4f-9acb3ca0c039
79235277-0aa5-4784-aff6-ce63edac4ed4,VN,VN-HN,locality,,land,Xã Tiến Thắng,"[[""en"", ""Tien Thang Commune""]]",True,True,105.63555908203125,21.175695419311523,105.74702453613281,21.23963165283203,c30e0bb5-aa65-423c-8747-e573b7fa810c
624fbaf3-5e88-482d-a7cc-d5d5248e17e3,VN,VN-66,locality,,land,Xã Tây Thụy Anh,"[[""en"", ""Tây Thụy Anh Commune""], [""vi"", ""Xã Tây Thụy Anh""]]",True,True,106.44438934326172,20.559316635131836,106.49293518066406,20.615066528320312,ee54a3c4-e319-4c93-9bf6-819b4421a223
72395806-eae3-4dea-af8d-c47049d10f80,VN,VN-66,locality,,land,Xã Diên Hà,"[[""en"", ""Diên Hà Commune""], [""vi"", ""Xã Diên Hà""]]",True,True,106.2164535522461,20.608806610107422,106.29289245605469,20.674243927001953,53a8fcb6-9148-438e-9846-b7be949dca64
22b5f13a-642c-4420-b4fc-7c07b2586911,VN,VN-13,locality,,land,Phường Đông Triều,"[[""vi-Hani"", ""坊東潮""], [""vi"", ""Phường Đông Triều""], [""zh-Hans"", ""东潮坊""], [""ko"", ""동찌에우시""], [""de"", ""Stadtviertel Đông Triều""], [""lzh"", ""東潮坊""], [""zh-Hant"", ""東潮坊""], [""en"", ""Dong Trieu Ward""], [""zh"", ""東潮坊""]]",True,True,106.43914031982422,21.045989990234375,106.54679107666016,21.111814498901367,bf5764f2-6f4b-46a4-bc57-6960011d01b1
35344c7e-1404-421f-bf20-f97b599b9fe8,VN,VN-66,locality,,land,Xã Thần Khê,"[[""en"", ""Thần Khê Commune""], [""vi"", ""Xã Thần Khê""]]",True,True,106.25801086425781,20.56528091430664,106.31797790527344,20.627349853515625,669ec63a-ceba-4236-9d97-6aaeaeb841ba
8905bf03-892c-401e-88eb-b80b95878f54,VN,VN-69,locality,,land,Xã Nghiên Loan,"[[""en"", ""Nghiên Loan Commune""], [""vi"", ""Xã Nghiên Loan""]]",True,True,105.66679382324219,22.479421615600586,105.7790756225586,22.636220932006836,72025681-e4ce-4596-9106-1960009120dd
2fde2523-4ea3-49ce-bae0-ea4ac22e5766,VN,VN-HP,locality,,land,Phường Bạch Đằng,"[[""en"", ""Bạch Đằng Ward""], [""vi"", ""Phường Bạch Đằng""]]",True,True,106.6756820678711,20.92308807373047,106.7698974609375,21.005569458007812,62b17bb6-d2e4-471c-a56e-2acaf7291a85
4311613f-4355-4f8e-931d-69b0ce4b35cd,VN,VN-07,locality,,land,Xã Tiên Nguyên,"[[""en"", ""Tiên Nguyên Commune""], [""vi"", ""Xã Tiên Nguyên""]]",True,True,104.60364532470703,22.429847717285156,104.736328125,22.571256637573242,2eceec95-49e8-4f03-b4ad-74380327da9b
d5319478-08ef-4183-bcd9-ade66e8e6558,VN,VN-69,locality,,land,Xã Thượng Minh,"[[""en"", ""Thượng Minh Commune""], [""vi"", ""Xã Thượng Minh""]]",True,True,105.73245239257812,22.286865234375,105.88795471191406,22.422252655029297,9b9cc911-8fb2-4588-afa1-9e9c058bc478
5a765267-bbd8-4934-b7ba-ad556f73c978,VN,VN-HN,locality,,land,Xã Thanh Oai,"[[""en"", ""Thanh Oai Commune""], [""vi"", ""Xã Thanh Oai""]]",True,True,105.72831726074219,20.811498641967773,105.80146026611328,20.877321243286133,aa3db2c5-f550-4ebe-90c3-5c817d4ffe99
15df6940-a62e-4086-a94d-ed3ec138379d,VN,VN-69,locality,,land,Xã Trung Hội,"[[""en"", ""Trung Hội Commune""], [""vi"", ""Xã Trung Hội""]]",True,True,105.58770751953125,21.76640510559082,105.6832275390625,21.890417098999023,820f30f9-9b61-4231-a718-d2cb88c0b268
6b9c07f1-cdef-4694-a97b-e9f680ad098b,VN,VN-04,locality,,land,Xã Nguyên Bình,,True,True,105.90660095214844,22.626792907714844,106.06570434570312,22.71595001220703,b58b8baa-1721-4404-aa3e-66b108652a5c
db0205b6-7ca0-4ec3-8eb9-d20316d24500,VN,VN-07,locality,,land,Xã Tân Long,"[[""en"", ""Tân Long Commune""], [""vi"", ""Xã Tân Long""]]",True,True,105.1869888305664,21.84575080871582,105.34173583984375,21.94005584716797,64e8a458-299e-4af5-aeaf-0e99fca4d8fa
75c490e5-f8b2-4dc1-b348-14bc2eaa41e1,VN,VN-69,locality,,land,Phường Vạn Xuân,"[[""en"", ""Vạn Xuân Ward""], [""de"", ""Stadtviertel Vạn Xuân""], [""vi"", ""Phường Vạn Xuân""]]",True,True,105.84877014160156,21.371286392211914,105.94549560546875,21.435222625732422,b1407b70-4125-49e6-8fd8-57d9a7f1902f
8c9f318e-38f9-48a9-a9e7-111bcde80ebd,VN,VN-66,locality,,land,Cầu,,True,True,106.00579071044922,20.932126998901367,106.00760650634766,20.933910369873047,435a8aeb-fe7b-40bd-9efa-5fcd02e1d5ac
65934617-e8ab-4820-9f18-69635fbce4e5,VN,VN-09,locality,,land,Xã Tuấn Sơn,"[[""vi-Hani"", ""社峻山""], [""zh-Hans"", ""峻山社""], [""lzh"", ""峻山社""], [""zh-Hant"", ""峻山社""], [""zh"", ""峻山社""]]",True,True,106.28237915039062,21.39369010925293,106.41808319091797,21.525497436523438,e1142664-1fd4-4ce8-bdf4-81d8dd419d02
8c9e3265-60d8-4b50-ad3b-39417e3052e9,VN,VN-HP,locality,,land,Phường Kiến An,"[[""en"", ""Kiến An Ward""], [""vi"", ""Phường Kiến An""]]",True,True,106.6236801147461,20.802928924560547,106.67736053466797,20.84391975402832,6dde25df-9c65-4d71-bac7-4db1feb10c72
46c8795b-43d4-4b2c-8771-8581a18af9d4,VN,VN-09,locality,,land,Xã Hồng Phong,"[[""vi-Hani"", ""社鴻豐""], [""zh-Hans"", ""鸿丰社""], [""lzh"", ""鴻豐社""], [""zh-Hant"", ""鴻豐社""], [""zh"", ""鴻豐社""]]",True,True,106.33678436279297,21.975238800048828,106.49138641357422,22.157886505126953,e4f5fcd1-7a40-4b63-af41-2f2fd189b494
14d93a5a-de01-4ece-9769-4f85b9433cae,VN,VN-68,locality,,land,Xã Pà Cò,"[[""en"", ""Pà Cò Commune""], [""vi"", ""Xã Pà Cò""]]",True,True,104.83647155761719,20.651273727416992,104.95525360107422,20.76776885986328,e7c9994f-f63b-4c41-be8c-f67dd5173b21
7c920cae-5baa-4653-ab82-8d4d6a9af15a,VN,VN-HP,locality,,land,Thôn Lôi Trạch,,True,True,106.54546356201172,20.64640235900879,106.5556869506836,20.65563201904297,56e8fa51-0892-44b3-a172-c74f9d17c3c9
ebebb512-ab32-44bf-89a8-e33c88284dfa,VN,VN-HN,locality,,land,Phường Dương Nội,"[[""en"", ""Duong Noi Ward""]]",True,True,105.73023986816406,20.954572677612305,105.76490783691406,20.99550437927246,63c419a0-b669-444b-aa42-0b60d96e65b5
a40e2fb4-923f-44e0-8097-48569e12bca1,VN,VN-07,locality,,land,Thôn Đa Thọ,,True,True,105.33197021484375,21.685752868652344,105.34062957763672,21.694751739501953,dc708a57-8664-4bcc-81d2-0a9c94198044
476d047a-7814-49c6-ae1a-2c0153d4608b,VN,VN-68,locality,,land,Xã Đông Thành,"[[""en"", ""Đông Thành Commune""], [""vi"", ""Xã Đông Thành""]]",True,True,105.16634368896484,21.416858673095703,105.22958374023438,21.490009307861328,0a1f4b70-e988-49d6-9270-d981137f5364
1b230348-f770-43bf-a55e-00b8fbda8108,VN,VN-68,locality,,land,Xã Dân Chủ,"[[""en"", ""Dân Chủ Commune""], [""vi"", ""Xã Dân Chủ""]]",True,True,105.28025817871094,21.433700561523438,105.33805084228516,21.513137817382812,8e3ee328-283d-4d81-b6da-27efb39db7aa
4047c626-b58f-463b-a10c-e228db2399ce,VN,VN-69,locality,,land,Xã Chợ Mới,"[[""en"", ""Chợ Mới Commune""], [""vi"", ""Xã Chợ Mới""]]",True,True,105.75785827636719,21.80433464050293,105.90862274169922,21.948875427246094,41fab452-ebbc-40a3-85ab-97666639b7ef
c539c704-651b-4d52-a02b-a44751139916,VN,VN-56,microhood,,land,Quảng Trường Xã Hiệp Hòa,,True,True,105.97853088378906,21.35549545288086,105.97947692871094,21.356510162353516,d2e243f2-ea66-4eb3-b228-f7d4372494b8
db9ca1ae-2bf1-4d01-8267-6a225ba2c72c,VN,VN-04,locality,,land,Xã Độc Lập,,True,True,106.4131851196289,22.644075393676758,106.57847595214844,22.793169021606445,e980f761-d4e1-4552-9196-9416a39055cd
4f2ba0d1-633e-4133-8731-642c367bc310,VN,VN-56,locality,,land,Phường Phượng Sơn,"[[""vi-Hani"", ""坊鳳山""], [""zh-Hans"", ""凤山坊""], [""lzh"", ""鳳山坊""], [""zh-Hant"", ""鳳山坊""], [""zh"", ""鳳山坊""]]",True,True,106.44419860839844,21.299087524414062,106.55664825439453,21.410503387451172,e5a571f7-a744-415a-ab13-e5190fcd56bd
7bfcee45-b04f-4029-8e9e-74d754dca8c0,VN,VN-HN,locality,,land,Xã Ứng Thiên,"[[""en"", ""Ung Thien Commune""], [""vi"", ""Xã Ứng Thiên""]]",True,True,105.7051773071289,20.736923217773438,105.806640625,20.80927848815918,7818ba7d-8ae0-478c-9ddf-d709d0771546
62fd8be7-7b05-405c-b4ba-1214c622545a,VN,VN-69,locality,,land,Xã Văn Lang,"[[""en"", ""Văn Lang Commune""], [""vi"", ""Xã Văn Lang""]]",True,True,105.96980285644531,22.166889190673828,106.15222930908203,22.323640823364258,81e1e2cb-84f8-432e-a8c2-ff3b9ecc1d7d
729dd029-92b4-492b-a131-601b5201c350,VN,VN-09,locality,,land,Xã Tân Đoàn,"[[""vi-Hani"", ""社新團""], [""zh-Hans"", ""新团社""], [""lzh"", ""新團社""], [""zh-Hant"", ""新團社""], [""zh"", ""新團社""]]",True,True,106.5541000366211,21.732357025146484,106.71940612792969,21.83662986755371,9a41ab04-57fc-40da-9b16-c12a0f541d3f
869463d8-3332-4cb0-abaa-b11aa0285659,VN,VN-HP,locality,,land,Phường An Hải,"[[""en"", ""An Hải Ward""], [""vi"", ""Phường An Hải""]]",True,True,106.60660552978516,20.816200256347656,106.66421508789062,20.872228622436523,edf66e5e-2580-4a37-a66d-f3e33b2a6b57
1e69be68-9ccc-4be7-a147-8be069f2cfbd,VN,VN-07,locality,,land,Xã Đồng Văn,"[[""en"", ""Đồng Văn Commune""], [""vi"", ""Xã Đồng Văn""]]",True,True,105.27363586425781,23.194143295288086,105.41876220703125,23.320209503173828,5985d68d-56b9-4134-802d-7ce8097093f8
3616428f-5809-4a7d-8949-c2b2b5761941,VN,VN-HP,locality,,land,Làng Ngãi Am,,True,True,106.55667114257812,20.64897346496582,106.56363677978516,20.65485382080078,2c67cc38-8968-4771-857e-2303aa1cd492
8b45399d-7c12-4afb-a458-ece54b188709,VN,VN-69,locality,,land,Xã Phú Bình,"[[""en"", ""Phú Bình Commune""], [""vi"", ""Xã Phú Bình""]]",True,True,105.9150161743164,21.432636260986328,105.99971008300781,21.520723342895508,839ca8ea-fdc6-42b4-a7c3-3c3665dd46f9
b9003ba3-2cde-4b6f-894f-523a094fbc80,VN,VN-HP,locality,,land,Xã Chấn Hưng,"[[""en"", ""Chấn Hưng Commune""], [""vi"", ""Xã Chấn Hưng""]]",True,True,106.60073852539062,20.62309455871582,106.66559600830078,20.684188842773438,bf29dda0-e340-4dcc-b86b-5ee9ecdabbee
550ac1de-675a-4156-bdd1-5c6c44cfd935,VN,VN-13,locality,,land,Phường Hà An,"[[""vi-Hani"", ""坊河安""], [""zh-Hans"", ""河安坊""], [""de"", ""Stadtviertel Hà An""], [""lzh"", ""河安坊""], [""zh-Hant"", ""河安坊""], [""zh"", ""河安坊""]]",True,True,106.82572174072266,20.846820831298828,106.95356750488281,20.96845245361328,3933247a-0ab1-4f3f-9657-339fe5b7acfb
3e59e1ce-4282-4674-8c15-c841469c9186,VN,VN-68,locality,,land,Xã Bao La,"[[""en"", ""Bao La Commune""], [""vi"", ""Xã Bao La""]]",True,True,104.91123962402344,20.571598052978516,105.03367614746094,20.718278884887695,23c7a3da-6aa9-452b-96f2-5775cdd5a070
36053ee6-41bd-4e8d-9b44-42afb8060aa5,VN,VN-HN,locality,,land,Phường Đống Đa,"[[""en"", ""Dong Da Ward""]]",True,True,105.8108139038086,21.001583099365234,105.83412170410156,21.020809173583984,e5abd8eb-760d-4173-a67d-9b11a11e9895
cc7d26e2-a460-4f0a-a0c7-e865c869c919,VN,VN-13,region,1,land,Tỉnh Quảng Ninh,"[[""bs"", ""Provincija Quang Ninh""], [""hr"", ""Provincija Quang Ninh""], [""ar"", ""مقاطعة كوانغ نينه""], [""fr"", ""Province Quảng Ninh""], [""lv"", ""Quang Ninh province""], [""uk"", ""Провінція Куанґнінь""], [""pt-PT"", ""Província de Quang Ninh""], [""pt"", ""Província Quảng Ninh""], [""cs"", ""Provincie Quảng Ninh""], [""el"", ""Επαρχία Κουάνγκ Νινχ""], [""it"", ""Provincia Quảng Ninh""], [""ca"", ""Província de Quang Ninh""], [""pt-BR"", ""Província de Quang Ninh""], [""vi-Hani"", ""省廣寧""], [""vi"", ""Tỉnh Quảng Ninh""], [""nl"", ""Provincie van Quảng Ninh""], [""zh-Hans"", ""广宁省""], [""bg"", ""Провинция Куанг Нин""], [""ko"", ""꽝닌성""], [""et"", ""Quang Ninhi provints""], [""de"", ""Provinz Quảng Ninh""], [""ru"", ""провинция Куангнинь""], [""th"", ""จังหวัดควงนินห์""], [""id"", ""Provinsi Quảng Ninh""], [""sr-Latn"", ""Kvang Ninh provincija""], [""sv"", ""Quảng Ninh-provinsen""], [""tr"", ""Quảng Ninh Ili""], [""da"", ""Quảng Ninh-provinsen""], [""zh-Hant"", ""廣寧省""], [""en"", ""Quảng Ninh Province""], [""he"", ""מחוז קואנג נין""], [""sk"", ""Provincia Quang Ninh""], [""es"", ""Provincia Quảng Ninh""], [""ja"", ""クアンニン""], [""fi"", ""Quang Ninhin maakunta""], [""ro"", ""Provincia Quảng Ninh""], [""lt"", ""Kvangninio provincija""], [""no"", ""Quảng Ninh-provinsen""], [""sl"", ""Provinca Quang Ninh""], [""zh"", ""广宁省""], [""ms"", ""Provinsi Quảng Ninh""], [""hu"", ""Quang Ninh tartomány""], [""pl"", ""Prowincja Quảng Ninh""]]",True,False,106.43914031982422,20.718368530273438,108.07642364501953,21.663532257080078,1359db1a-2f99-41bb-a54a-28206bafafa8
3049b0ac-6dcc-425b-8d46-906707b64a60,VN,VN-56,locality,,land,Xã Bảo Đài,"[[""vi-Hani"", ""社保臺""], [""zh-Hans"", ""保台社""], [""lzh"", ""保臺社""], [""zh-Hant"", ""保臺社""], [""zh"", ""保臺社""]]",True,True,106.2909927368164,21.298574447631836,106.42311096191406,21.405487060546875,929f45b9-458f-4cbf-8478-b6132ab7f6f7
75cab771-49dc-478d-834d-8ab6393fb923,VN,VN-02,locality,,land,Xã Nghĩa Tâm,"[[""en"", ""Nghĩa Tâm Commune""], [""vi"", ""Xã Nghĩa Tâm""]]",True,True,104.78324127197266,21.336387634277344,104.91244506835938,21.485321044921875,8b21e657-640b-47d1-a1f5-0be9ea8232d5
3ea2281b-e408-4d9e-8446-34324f95293e,VN,VN-HN,microhood,,land,C2,,True,True,105.83486938476562,20.974109649658203,105.83512115478516,20.975040435791016,692590c3-a085-4105-983e-f0386a60a639
bc3883a6-e49c-47c7-93f0-640ca022d808,VN,VN-HP,locality,,land,Phường Hồng Bàng,"[[""en"", ""Hồng Bàng Ward""], [""vi"", ""Phường Hồng Bàng""]]",True,True,106.62254333496094,20.852886199951172,106.68911743164062,20.881847381591797,dc33bc6f-a80b-4af4-b1d4-76fff67cd009
e0849807-7fa7-4523-842f-0c527352b410,VN,VN-HP,locality,,land,Xã Kiến Thụy,"[[""en"", ""Kiến Thụy Commune""], [""vi"", ""Xã Kiến Thụy""]]",True,True,106.62036895751953,20.733156204223633,106.68644714355469,20.783729553222656,481c194f-b313-460a-86f2-12c6ca84cc28
23ac2e48-734a-43db-8f06-f54c886a6df4,VN,VN-07,locality,,land,Xã Thàng Tín,"[[""en"", ""Thàng Tín Commune""], [""vi"", ""Xã Thàng Tín""]]",True,True,104.60586547851562,22.748653411865234,104.73960876464844,22.847301483154297,a10b0f97-e105-49f2-ba4a-8c2fa4a6ca8b
f096c31d-dca5-45cf-b6cb-83e6fa097dcf,VN,VN-02,locality,,land,Xã Bảo Ái,"[[""en"", ""Bảo Ái Commune""], [""vi"", ""Xã Bảo Ái""]]",True,True,104.74593353271484,21.826107025146484,104.95541381835938,21.96746063232422,33537bcc-6aea-4145-b17c-51d75b67bd93
64698685-42a4-4137-9fa1-bbf375a8e672,VN,VN-56,locality,,land,Xã Đèo Gia,"[[""vi-Hani"", ""社條嘉""], [""zh-Hans"", ""条嘉社""], [""lzh"", ""條嘉社""], [""zh-Hant"", ""條嘉社""], [""zh"", ""條嘉社""]]",True,True,106.59539794921875,21.26483154296875,106.7623291015625,21.372982025146484,cd2ff84e-9787-4d55-b04a-09fff960286d
01df6df1-3f76-4d4e-8116-26fc60b4aeaa,VN,VN-HP,locality,,land,Thôn Trung Am,,True,True,106.52983093261719,20.654327392578125,106.53744506835938,20.66292953491211,16d0e1a9-646d-4928-8ab3-8b3e6438c23f
adafa423-3e75-42b3-8d6f-94b93216d10c,VN,VN-68,locality,,land,Xã Hùng Việt,"[[""en"", ""Hùng Việt Commune""], [""vi"", ""Xã Hùng Việt""]]",True,True,105.09945678710938,21.324230194091797,105.1861572265625,21.397668838500977,3004ddff-1ecd-44d8-9e2b-1da1e8976be7
a29ca821-c716-46fe-865e-b4bdae8cf1c5,VN,VN-02,microhood,,land,Quảng Trường 19 Tháng 8,,True,True,104.91087341308594,21.72075843811035,104.91166687011719,21.72196388244629,0b19767e-1818-4b8d-b6b1-c8dfd521a29e
f6b80760-bc1a-4d15-b2dc-eef729614f23,VN,VN-HP,locality,,land,Phường Thủy Nguyên,"[[""en"", ""Thủy Nguyên Ward""], [""vi"", ""Phường Thủy Nguyên""], [""ko"", ""투이응우옌""]]",True,True,106.64968872070312,20.84607696533203,106.7690658569336,20.93354606628418,57ca25b5-e63e-42a1-93be-dde321696c57
a2688d5e-12f2-44d0-84e9-e8d5a986db09,VN,VN-HN,locality,,land,Phường Thanh Xuân,"[[""en"", ""Thanh Xuan Ward""]]",True,True,105.79014587402344,20.988325119018555,105.81814575195312,21.01053810119629,7ac7a291-86a3-4f0f-96f4-4220877e45e1
556b8694-7374-4939-9b8e-bafaf44c75bf,VN,VN-68,locality,,land,Xã Vĩnh Thành,"[[""en"", ""Vĩnh Thành Commune""], [""vi"", ""Xã Vĩnh Thành""]]",True,True,105.4433822631836,21.225435256958008,105.4881820678711,21.304523468017578,be344794-b8a1-49a0-8f89-4e0517d3df2b
5164b551-8bd6-4731-a5b1-2ef036286595,VN,VN-HP,locality,,land,Phường Thiên Hương,"[[""en"", ""Thiên Hương Ward""], [""de"", ""Stadtviertel Thiên Hương""], [""vi"", ""Phường Thiên Hương""]]",True,True,106.61979675292969,20.880657196044922,106.6711654663086,20.940391540527344,9bd23151-76b0-4cad-b8f2-c52cdb3f2fcf
ef6d03be-d19b-4256-a0b8-d8220f07c54c,VN,VN-05,locality,,land,Xã Xuân Nha,"[[""en"", ""Xuân Nha Commune""], [""vi"", ""Xã Xuân Nha""]]",True,True,104.63797760009766,20.5730037689209,104.84934997558594,20.760740280151367,a2841ebc-d815-49cb-a969-6cf3f966a5a8
9ad03e73-b7d8-4f2f-bcbc-6b11bd33a36a,VN,VN-HP,locality,,land,Phường Lê Thanh Nghị,"[[""en"", ""Lê Thanh Nghị Ward""], [""vi"", ""Phường Lê Thanh Nghị""]]",True,True,106.28996276855469,20.91694450378418,106.33206939697266,20.94302749633789,3e79de89-b63c-4b17-af32-6656714dad09
ff3d9674-be11-4728-866e-610157a12dfc,VN,VN-HP,locality,,land,Phường Phạm Sư Mạnh,"[[""en"", ""Phạm Sư Mạnh Ward""], [""de"", ""Stadtviertel Phạm Sư Mạnh""], [""vi"", ""Phường Phạm Sư Mạnh""]]",True,True,106.47653198242188,20.990638732910156,106.55248260498047,21.04546546936035,94b02afb-2781-4b23-919b-2952a41e4c55
acfe9d13-6898-4c2c-99d6-15b42878cbaf,VN,VN-09,locality,,land,Xã Khánh Khê,"[[""vi-Hani"", ""社慶溪""], [""zh-Hans"", ""庆溪社""], [""lzh"", ""慶溪社""], [""zh-Hant"", ""慶溪社""], [""zh"", ""慶溪社""]]",True,True,106.62052917480469,21.792545318603516,106.72001647949219,21.922992706298828,00f595ff-723d-44fa-94df-4de6ba7d2501
ea2e3baf-fa12-4d04-adb8-77477ea141c2,VN,VN-HP,locality,,land,Xã An Phú,"[[""en"", ""An Phú Commune""], [""vi"", ""Xã An Phú""]]",True,True,106.33615112304688,20.9801025390625,106.41352081298828,21.036230087280273,44237e19-2113-49c5-9b9f-2a52379c0ae7
ddc7ddbb-a59e-4556-94c0-b25a0806b954,VN,VN-HN,locality,,land,Xã Thường Tín,,True,True,105.81266021728516,20.835737228393555,105.87589263916016,20.90435028076172,e9213b7d-d1b2-49b3-b2e3-fc2d35a88862
93f90401-8eb6-4e61-981f-aba1427557ae,VN,VN-13,locality,,land,Phường Vàng Danh,"[[""vi-Hani"", ""坊橫爭""], [""vi"", ""Phường Vàng Danh""], [""zh-Hans"", ""横争坊""], [""de"", ""Stadtviertel Vàng Danh""], [""lzh"", ""橫爭坊""], [""zh-Hant"", ""橫爭坊""], [""en"", ""Vang Danh Ward""], [""zh"", ""橫爭坊""]]",True,True,106.76925659179688,21.01170539855957,106.8482437133789,21.15654945373535,ab8712f8-35dd-4c30-8eef-211ecdaed841
0e1e10bb-82e6-439f-b8ea-9a704a72bf19,VN,VN-56,region,1,land,Tỉnh Bắc Ninh,"[[""bs"", ""Provincija Bac Ninh""], [""hr"", ""Provincija Bac Ninh""], [""ar"", ""محافظة باك ننه""], [""fr"", ""Province de Bắc Ninh""], [""lv"", ""Bakniņas province""], [""uk"", ""Бакнінь""], [""pt-PT"", ""Província de Bac Ninh""], [""pt"", ""Bac Ninh""], [""cs"", ""Provincie Bắc Ninh""], [""el"", ""Επαρχία Μπακ Νινχ""], [""it"", ""Provincia di Bac Ninh""], [""ca"", ""Bac Ninh""], [""pt-BR"", ""Província de Bac Ninh""], [""vi-Hani"", ""省北寧""], [""vi"", ""Tỉnh Bắc Ninh""], [""nl"", ""Bắc Ninh""], [""zh-Hans"", ""北宁省""], [""bg"", ""Бак Нин""], [""ko"", ""박닌성""], [""et"", ""Bac Ninhi provints""], [""de"", ""Provinz Bắc Ninh""], [""ur"", ""باک ننہ صوبہ""], [""ru"", ""Бакнинь""], [""th"", ""จังหวัดบั๊กนิญ""], [""id"", ""Provinsi Bac Ninh""], [""sr-Latn"", ""Bac Ninh provincija""], [""sv"", ""Bắc Ninh""], [""tr"", ""Eyaleti Bắc Ninh""], [""da"", ""Bắc Ninh-provinsen""], [""sr-Cyrl"", ""Бак Нињ""], [""zh-Hant"", ""北寧省""], [""en"", ""Bắc Ninh Province""], [""he"", ""מחוז בק נין""], [""sk"", ""Provincia Bac Ninh""], [""es"", ""Bắc Ninh""], [""sw"", ""Mkoa wa Bắc Ninh""], [""ja"", ""バクニン""], [""fi"", ""Bắc Ninh""], [""ro"", ""Provincia Bắc Ninh""], [""lt"", ""Bakninio provincija""], [""no"", ""Bắc Ninh-provinsen""], [""sl"", ""Provinca Bac Ninh""], [""fa"", ""استان باک نین""], [""mn"", ""Бак Нэн""], [""zh"", ""北宁省""], [""ms"", ""Wilayah Bac Ninh""], [""hu"", ""Bac Ninh tartomány""], [""pl"", ""Prowincja Bắc Ninh""]]",True,True,105.88056182861328,20.969331741333008,107.03357696533203,21.62627601623535,26597376-9ded-4249-8f67-601e8247f0d0
e5aa298a-a31c-480c-a07b-076a859ce1ab,VN,VN-56,locality,,land,Phường Tiền Phong,"[[""vi-Hani"", ""坊前鋒""], [""zh-Hans"", ""前锋坊""], [""lzh"", ""前鋒坊""], [""zh-Hant"", ""前鋒坊""], [""zh"", ""前鋒坊""]]",True,True,106.14190673828125,21.20527458190918,106.21424102783203,21.26822280883789,6667b05e-4152-45f4-9aad-057e3cdb051f
ce210ece-0903-4112-afbe-c5f6630ec8c9,VN,VN-05,locality,,land,Phường Vân Sơn,"[[""en"", ""Vân Sơn Ward""], [""vi"", ""Phường Vân Sơn""]]",True,True,104.64704895019531,20.80760955810547,104.78729248046875,20.940147399902344,5a15b70a-d88f-44d0-8a80-91ae420c85b1
359849af-b5d0-4f43-9cc2-8684a32d0016,VN,VN-07,locality,,land,Xã Phú Linh,"[[""en"", ""Phú Linh Commune""], [""vi"", ""Xã Phú Linh""]]",True,True,104.97978210449219,22.67660140991211,105.13590240478516,22.823490142822266,ca900db7-95d1-4b86-bb17-60e4c7d9bbe7
d8a3ec32-95ff-41d1-a519-a1edeb22c2b7,VN,VN-07,locality,,land,Xã Nà Hang,"[[""en"", ""Nà Hang Commune""], [""vi"", ""Xã Nà Hang""]]",True,True,105.25889587402344,22.255325317382812,105.47284698486328,22.43669891357422,28d476c9-acfc-42a1-bc6a-b2671516158f
0b2e321d-9b53-4d18-bc63-a4612bfe443d,VN,VN-HN,locality,,land,Phường Thanh Liệt,"[[""en"", ""Thanh Liet Ward""]]",True,True,105.79209899902344,20.949609756469727,105.82502746582031,20.99150276184082,87be4100-cddc-4981-8f8f-fe6511250853
5d71ef0c-bf9f-4721-bf22-07a9f9e15e92,VN,VN-13,locality,,land,Phường Hà Tu,"[[""vi-Hani"", ""坊河修""], [""vi"", ""Phường Hà Tu""], [""zh-Hans"", ""河修坊""], [""ko"", ""하뚜""], [""de"", ""Stadtviertel Hà Tu""], [""lzh"", ""河修坊""], [""zh-Hant"", ""河修坊""], [""en"", ""Ha Tu Ward""], [""zh"", ""河修坊""]]",True,True,107.1279067993164,20.92393684387207,107.20773315429688,20.99886703491211,8e0336d5-87b8-4fb1-9971-fa25e9f5a573
ad8f9d16-af6d-4bdb-bbaa-3919ec4670f0,VN,VN-HN,locality,,land,Phường Hà Đông,,True,True,105.75362396240234,20.95936393737793,105.79999542236328,20.988664627075195,c27944ae-8709-4386-934b-b1430b0170c7
e4a6c070-ee27-4c2f-af88-c2b8bbe2453d,VN,VN-56,locality,,land,Phường Bắc Giang,"[[""vi-Hani"", ""坊北江""], [""zh-Hans"", ""北江坊""], [""lzh"", ""北江坊""], [""zh-Hant"", ""北江坊""], [""en"", ""Bac Giang Ward""], [""zh"", ""北江坊""]]",True,True,106.18375396728516,21.263219833374023,106.25594329833984,21.31278419494629,68c3fce2-fbcf-4e8e-a188-b9fd7818db3a
c9453ace-21ed-43ee-af38-145bc56dda1b,VN,VN-07,locality,,land,Xã Tùng Bá,"[[""en"", ""Tùng Bá Commune""], [""vi"", ""Xã Tùng Bá""]]",True,True,105.04029846191406,22.82953643798828,105.1518325805664,22.962881088256836,a39be372-597f-4a39-869e-dcbc9225a259
c4119301-687a-4025-9af6-7e80dec4b22f,VN,VN-56,locality,,land,Xã Lương Tài,"[[""vi-Hani"", ""坊良才""], [""zh-Hans"", ""良才坊""], [""lzh"", ""良才坊""], [""zh-Hant"", ""良才坊""], [""en"", ""Luong Tai Commune""], [""zh"", ""良才坊""]]",True,True,106.17740631103516,21.002180099487305,106.27018737792969,21.062911987304688,37e28030-0e07-4d77-a717-77aa38e7f169
b517df0b-9867-473d-b84a-8dcb3123680c,VN,VN-68,locality,,land,Xã Thu Cúc,"[[""en"", ""Thu Cúc Commune""], [""vi"", ""Xã Thu Cúc""]]",True,True,104.81428527832031,21.24978256225586,104.94440460205078,21.365455627441406,29e65477-c063-4fef-be5a-cb39a03d3343
f98501f0-6346-42f3-a2a4-23f32e7335e5,VN,VN-HN,locality,,land,Phường Phương Liệt,"[[""en"", ""Phuong Liet Ward""]]",True,True,105.821533203125,20.983640670776367,105.84127807617188,21.002416610717773,d8f62754-06d6-430a-a5ca-571794178ea2
30018710-5593-4a11-835a-ac4879ffa621,VN,VN-04,locality,,land,Xã Bảo Lâm,,True,True,105.44775390625,22.759084701538086,105.63157653808594,22.906068801879883,9ee8a320-bd13-446a-9a4e-5b10ed4f6686
8d66f831-e27c-4d1d-83cc-77f8ddbb28fe,VN,VN-69,locality,,land,Xã Hiệp Lực,"[[""en"", ""Hiệp Lực Commune""], [""vi"", ""Xã Hiệp Lực""]]",True,True,105.88513946533203,22.284465789794922,106.07569122314453,22.36675262451172,71e3c779-d963-42fc-81e7-1100c900c7dc
d5965425-07c0-435e-befb-a0c052e70dc8,VN,VN-56,locality,,land,Xã Tân Yên,"[[""vi-Hani"", ""社新安""], [""zh-Hans"", ""新安社""], [""lzh"", ""新安社""], [""zh-Hant"", ""新安社""], [""zh"", ""新安社""]]",True,True,106.08317565917969,21.324642181396484,106.17550659179688,21.407716751098633,03371208-c6b2-4007-a456-f6bfc26f5916
ab724d88-f633-42eb-a009-295b20bd781d,VN,VN-HN,locality,,land,Phường Định Công,"[[""en"", ""Dinh Cong Ward""]]",True,True,105.806396484375,20.96700668334961,105.84136962890625,20.988676071166992,7668a198-c17f-4120-8803-f0b0df12b250
a6d9b3bd-8853-4f23-af33-3bdce56e40d3,VN,VN-68,locality,,land,Xã Xuân Đài,"[[""en"", ""Xuân Đài Commune""], [""vi"", ""Xã Xuân Đài""]]",True,True,104.85232543945312,21.015121459960938,105.0456314086914,21.201915740966797,a76af210-2b10-436e-8dd2-2fec6d5ba9a9
b14e1474-cbb4-43a7-90e8-fd0991ffee61,VN,VN-66,locality,,land,Xã Đoàn Đào,"[[""en"", ""Đoàn Đào Commune""], [""vi"", ""Xã Đoàn Đào""]]",True,True,106.11805725097656,20.705310821533203,106.17725372314453,20.771711349487305,f2318e7e-738f-4c31-8bc0-90e8b538501b
5862bc86-86ce-4b94-9aa0-83385da6de3e,VN,VN-02,locality,,land,Xã Phúc Khánh,"[[""en"", ""Phúc Khánh Commune""], [""vi"", ""Xã Phúc Khánh""]]",True,True,104.49100494384766,22.0864200592041,104.63146209716797,22.25262451171875,d267bd60-670b-472f-b5fa-23b178defbbe
acf87fde-6d14-47de-a58a-a9a08d437f10,VN,VN-HN,locality,,land,Xã Gia Lâm,"[[""en"", ""Gia Lam Commune""]]",True,True,105.91789245605469,20.96336555480957,105.97761535644531,21.041013717651367,d7da91f9-a682-4559-98da-4cf4010b2d7e
5c9a4d91-ecd3-4411-81b0-fef13ef883c8,VN,VN-18,locality,,land,Phường Phù Vân,"[[""en"", ""Phù Vân Ward""], [""vi"", ""Phường Phù Vân""]]",True,True,105.88525390625,20.52743911743164,105.92059326171875,20.586803436279297,eecd6358-2574-4544-925f-ae6f4ffdd5fb
de5dff95-52ba-45fb-8b66-2715c5e412ac,VN,VN-69,locality,,land,Xã Phú Xuyên,"[[""en"", ""Phú Xuyên Commune""], [""vi"", ""Xã Phú Xuyên""]]",True,True,105.47749328613281,21.628507614135742,105.58716583251953,21.73561668395996,78930798-85e4-4e8a-a2a9-77801ca11377
3c9de321-fcdd-472a-9c6e-cc607c1c1e76,VN,VN-09,locality,,land,Xã Hoa Thám,"[[""vi-Hani"", ""社花探""], [""zh-Hans"", ""花探社""], [""lzh"", ""花探社""], [""zh-Hant"", ""花探社""], [""zh"", ""花探社""]]",True,True,106.25172424316406,22.105684280395508,106.45747375488281,22.254499435424805,1e26e6bb-ea64-4e51-a84d-418d8ab06bca
59b16003-e002-4332-8b11-adf41c2577e2,VN,VN-05,locality,,land,Xã Vân Hồ,"[[""en"", ""Vân Hồ Commune""], [""vi"", ""Xã Vân Hồ""]]",True,True,104.66278839111328,20.726577758789062,105.02532196044922,20.86531639099121,280d9e23-c5dc-49ed-a291-e4f913e73cc1
082bba45-0274-4d2c-8e50-1f99289869e2,VN,VN-07,locality,,land,Xã Ngọc Đường,"[[""en"", ""Ngọc Đường Commune""], [""vi"", ""Xã Ngọc Đường""]]",True,True,105.00454711914062,22.73956871032715,105.172119140625,22.87895393371582,068c271d-0ce9-45cf-8388-714a089387bb
9c07df6c-734d-43b9-ab37-ba16d4a5b3b9,VN,VN-07,locality,,land,Xã Xuân Giang,"[[""en"", ""Xuân Giang Commune""], [""vi"", ""Xã Xuân Giang""]]",True,True,104.54220581054688,22.24170684814453,104.71966552734375,22.35533332824707,5fe5d7e9-5261-40f9-8b44-445d3aa38243
5caddbd3-1f12-4c1b-987d-45c118c96b97,VN,VN-69,microhood,,land,Ban chỉ huy Quân sự huyện Đồng Hỷ,,True,True,105.82441711425781,21.65003776550293,105.82640838623047,21.65178108215332,ab292dd5-7183-44e0-b7ae-81c875525699
fe521e7a-46c0-4f02-9433-32946c037a09,VN,VN-66,locality,,land,Xã A Sào,"[[""en"", ""A Sào Commune""], [""vi"", ""Xã A Sào""]]",True,True,106.36451721191406,20.664505004882812,106.41679382324219,20.72899055480957,01a8d546-c2d9-4096-936c-0c9820fb8550
45bd7b47-8e39-41da-81c5-a1ebf0c140ee,VN,VN-05,locality,,land,Xã Gia Phù,"[[""en"", ""Gia Phù Commune""], [""vi"", ""Xã Gia Phù""]]",True,True,104.48572540283203,21.119598388671875,104.64044952392578,21.238801956176758,4f9c3fe1-59e7-471a-955c-1ba04dd27229
6acb7770-2010-4067-830c-4cf0dd2e7604,VN,VN-02,locality,,land,Phường Âu Lâu,"[[""en"", ""Âu Lâu Ward""], [""vi"", ""Phường Âu Lâu""]]",True,True,104.82036590576172,21.608240127563477,104.9384536743164,21.71367073059082,4b1de14b-ddd3-498e-9267-28542516556a
e12692e9-b66c-4e1e-8b46-950deebcd76e,VN,VN-HN,microhood,,land,Quảng trường Trần Đại Nghĩa,,True,True,105.84175109863281,21.005884170532227,105.84245300292969,21.006935119628906,e1a8bd4e-d628-4f44-a2e0-b5d7f851a576
46f4cbeb-0152-47c6-8172-085564f527f7,VN,VN-68,locality,,land,Xã Tam Đảo,"[[""en"", ""Tam Đảo Commune""], [""vi"", ""Xã Tam Đảo""]]",True,True,105.59272003173828,21.343225479125977,105.68797302246094,21.4638671875,c2e924b1-5586-45c9-afc2-5ead57487e43
4f6a47f0-ef93-4ba1-b65e-e16f9c2e7f4d,VN,VN-07,locality,,land,Xã Tát Ngà,"[[""en"", ""Tát Ngà Commune""], [""vi"", ""Xã Tát Ngà""]]",True,True,105.32318878173828,23.038471221923828,105.45350646972656,23.14081573486328,f94db8a4-7595-4b1b-aa71-1357c8f1d5f1
d11e9617-4aec-437a-ac41-3f695b6f4449,VN,VN-07,locality,,land,Phường Bình Thuận,"[[""en"", ""Bình Thuận Ward""], [""vi"", ""Phường Bình Thuận""]]",True,True,105.17622375488281,21.683408737182617,105.27229309082031,21.758697509765625,ba00a626-5c4e-4ff4-a60d-56338362fad1
9d98b11d-b560-4a7a-827e-599f0d8eb400,VN,VN-HP,locality,,land,Xã Khúc Thừa Dụ,"[[""en"", ""Khúc Thừa Dụ Commune""], [""vi"", ""Xã Khúc Thừa Dụ""]]",True,True,106.30242156982422,20.695343017578125,106.37236022949219,20.772905349731445,6342fd78-3178-409b-8e60-2970ebd1588c
ce164451-7513-44bf-924e-b6eb2231f26a,VN,VN-69,locality,,land,Xã Na Rì,"[[""en"", ""Na Rì Commune""], [""vi"", ""Xã Na Rì""]]",True,True,106.0923080444336,22.14279556274414,106.24298858642578,22.270084381103516,18613d0d-047b-495d-9ff9-211f30b28009
5979bfe6-6da6-4ba4-a4f6-5f1d139b8095,VN,VN-05,locality,,land,Xã Suối Tọ,"[[""en"", ""Suối Tọ Commune""], [""vi"", ""Xã Suối Tọ""]]",True,True,104.51007843017578,21.221664428710938,104.6582260131836,21.422609329223633,86c70848-3582-40c9-8f36-f72d40959324
f2f6cba7-daba-4d4a-871f-d56c56de0d12,VN,VN-HP,locality,,land,Phường Nguyễn Trãi,"[[""en"", ""Nguyễn Trãi Ward""], [""de"", ""Stadtviertel Nguyễn Trãi""], [""vi"", ""Phường Nguyễn Trãi""]]",True,True,106.3855972290039,21.143051147460938,106.50189208984375,21.23699378967285,52669fed-78a6-40a0-94be-0d9e0e69efc8
1b6b46d1-ea93-4472-96ed-9b2c95bfe125,VN,VN-HP,locality,,land,Xã Ninh Giang,"[[""en"", ""Ninh Giang Commune""], [""vi"", ""Xã Ninh Giang""], [""zh"", ""宁江市镇""], [""ko"", ""닌장""]]",True,True,106.34346008300781,20.710067749023438,106.41327667236328,20.776165008544922,5181c933-1997-4475-8431-cdf63cf349b1
a89a34f2-c380-4649-924b-36e3b9936535,VN,VN-66,locality,,land,Xã Long Hưng,"[[""en"", ""Long Hưng Commune""], [""vi"", ""Xã Long Hưng""]]",True,True,106.11005401611328,20.573471069335938,106.18580627441406,20.659643173217773,4a2aed81-7b7f-42e9-a7a0-d75150968a2f
bdeb3d45-8a39-4936-a517-c7277bd034ff,VN,VN-07,locality,,land,Xã Hồ Thầu,"[[""en"", ""Hồ Thầu Commune""], [""vi"", ""Xã Hồ Thầu""]]",True,True,104.59169006347656,22.54159164428711,104.73430633544922,22.667978286743164,79de8916-9bde-4ad1-a1e3-b9e621e02949
79e9a7cc-723f-4a44-bcfd-f71ec86fd637,VN,VN-13,locality,,land,Xã Hải Lạng,"[[""vi-Hani"", ""社海浪""], [""vi"", ""Xã Hải Lạng""], [""zh-Hans"", ""海浪社""], [""ko"", ""하이랑""], [""de"", ""Gemeinde Hải Lạng""], [""lzh"", ""海浪社""], [""zh-Hant"", ""海浪社""], [""en"", ""Hai Lang Commune""], [""zh"", ""海浪社""]]",True,True,107.31653594970703,21.189098358154297,107.4221420288086,21.344797134399414,15469f1d-5d9e-4ba1-820e-d88b2e6946f1
8fbf068a-bf73-4334-8276-12f918b27e4d,VN,VN-07,locality,,land,Xã Tân Mỹ,"[[""en"", ""Tân Mỹ Commune""], [""vi"", ""Xã Tân Mỹ""]]",True,True,105.11262512207031,22.196102142333984,105.35443115234375,22.333412170410156,4f8a1bd7-cc5c-4ce6-b86e-240ec6735f6d
0fb497a6-edeb-4755-96a8-0dd2acb52c6a,VN,VN-HP,locality,,land,Phường Tứ Minh,"[[""en"", ""Tứ Minh Ward""], [""vi"", ""Phường Tứ Minh""]]",True,True,106.2333984375,20.90241813659668,106.30042266845703,20.936481475830078,e77186da-26d8-4639-af10-1d4c78daa86e
6a4f01e9-fe71-430d-a61c-e7c1b614cac2,VN,VN-HN,microhood,,land,Quảng Trường Chopin,"[[""en"", ""Chopin Square""]]",True,True,105.72220611572266,21.027366638183594,105.72251892089844,21.02762222290039,db0ff142-71c3-4dd4-ab30-c89d8471cab8
55101a8a-b18a-419e-98a3-e4951bb33739,VN,VN-02,locality,,land,Xã Tà Xi Láng,"[[""en"", ""Tà Xi Láng Commune""], [""vi"", ""Xã Tà Xi Láng""]]",True,True,104.54674530029297,21.408578872680664,104.66301727294922,21.531335830688477,1593f861-dee7-4967-b467-bad58e2b3846
75678a75-cf1c-4425-8873-4f02a058faca,VN,VN-HN,locality,,land,Phường Nghĩa Đô,"[[""en"", ""Nghia Do Ward""]]",True,True,105.781005859375,21.03023338317871,105.80694580078125,21.05680274963379,41c5e2e8-82f3-4f9a-af37-46685eb55e05
bf6d2896-f40b-4e2d-87c9-94bf1b5c1b95,VN,VN-HP,locality,,land,Xã Gia Lộc,"[[""en"", ""Gia Lộc Commune""], [""vi"", ""Xã Gia Lộc""], [""zh"", ""嘉禄市镇""], [""ko"", ""자록 시진""]]",True,True,106.26326751708984,20.856290817260742,106.35159301757812,20.888315200805664,48819ce6-d767-4b6c-8be3-d784c1416ea1
c41a43df-325b-4161-8982-189198a4dce6,VN,VN-HN,locality,,land,Phượng Nghĩa,,True,True,105.69992065429688,20.94441795349121,105.72459411621094,20.957353591918945,e0829f03-26a8-45a6-9bc4-f1bd849ff955
55337442-496f-4f38-aef7-8b29ea50b8cf,VN,VN-04,locality,,land,Xã Quang Trung,,True,True,106.33366394042969,22.78505516052246,106.4520263671875,22.884212493896484,f5e57e3c-d71f-4773-a6f1-61eff9a26559
a91ad044-e94d-46d3-abec-fff952621a94,VN,VN-07,locality,,land,Xã Liên Hiệp,"[[""en"", ""Liên Hiệp Commune""], [""vi"", ""Xã Liên Hiệp""]]",True,True,104.96833801269531,22.267438888549805,105.11781311035156,22.490747451782227,5074ecbf-4502-458e-86f9-63e393f011c7
182490d2-a983-433b-bacb-5aff19b4b003,VN,VN-56,locality,,land,Xã Lâm Thao,"[[""vi-Hani"", ""社臨洮""], [""zh-Hans"", ""临洮社""], [""lzh"", ""臨洮社""], [""zh-Hant"", ""臨洮社""], [""en"", ""Lam Thao Commune""], [""zh"", ""臨洮社""]]",True,True,106.13786315917969,20.969331741333008,106.20270538330078,21.043514251708984,49115717-6124-4381-9148-6399304eb2ed
512500d1-7ee6-4c95-84aa-a1c7b49e428a,VN,VN-HN,locality,,land,Xã Hưng Đạo,"[[""de"", ""Gemeinde Hưng Đạo""]]",True,True,105.63079071044922,20.949024200439453,105.72590637207031,20.990514755249023,56119c99-64c6-4342-b470-b0e93278032f
3137dd07-5923-473d-8691-a6d838424657,VN,VN-69,locality,,land,Xã Tân Kỳ,"[[""en"", ""Tân Kỳ Commune""], [""vi"", ""Xã Tân Kỳ""]]",True,True,105.80601501464844,21.982152938842773,106.00007629394531,22.129798889160156,ce2a0f99-62c5-448a-b74c-324c9b53ed39
3840138c-211e-41bc-aa9c-405d1ed94ee9,VN,VN-66,locality,,land,Xã Tiên Tiến,"[[""en"", ""Tiên Tiến Commune""], [""vi"", ""Xã Tiên Tiến""]]",True,True,106.1637954711914,20.664125442504883,106.22944641113281,20.72942352294922,09d3ab2a-3131-4cd1-994a-5403ff6ea317
90cca1b9-4add-4dec-82fd-1d46c498afe2,VN,VN-09,locality,,land,Xã Quốc Việt,"[[""vi-Hani"", ""社國越""], [""zh-Hans"", ""国越社""], [""lzh"", ""國越社""], [""zh-Hant"", ""國越社""], [""zh"", ""國越社""]]",True,True,106.5352783203125,22.14988136291504,106.70234680175781,22.28167152404785,2f8e5465-0976-4b70-b9b3-852cc749dee1
434af029-025a-4430-a74a-7cf3eece2d46,VN,VN-HP,locality,,land,Thôn Vân Quan,,True,True,106.65071105957031,20.795433044433594,106.65648651123047,20.802978515625,5e59271a-3bec-40f1-beee-108e7639e10f
494c0d3a-14a5-40b9-9e74-1a52dd94c834,VN,VN-HN,microhood,,land,D7,,True,True,105.83429718017578,20.973398208618164,105.83446502685547,20.97400665283203,275fc3c5-aeb7-4467-80a7-b951877943b8
aac4c26a-3551-4127-8e44-47c95f267116,VN,VN-09,locality,,land,Phường Đông Kinh,"[[""vi-Hani"", ""坊東京""], [""zh-Hans"", ""东京坊""], [""lzh"", ""東京坊""], [""zh-Hant"", ""東京坊""], [""zh"", ""東京坊""]]",True,True,106.7265853881836,21.7563533782959,106.80821228027344,21.862873077392578,3f3ddac2-b24a-4c62-8e3f-84a6e94315a3
331dc208-bdef-4f58-8920-aad75d5a8295,VN,VN-09,locality,,land,Xã Thiện Thuật,"[[""vi-Hani"", ""社善述""], [""zh-Hans"", ""善述社""], [""lzh"", ""善述社""], [""zh-Hant"", ""善述社""], [""zh"", ""善述社""]]",True,True,106.21233367919922,21.989147186279297,106.3885726928711,22.112232208251953,85d23080-43bc-4e3e-ba2e-d787b380fd9e
dc4ff38b-4d4a-473b-8c9b-f829f4836770,VN,VN-56,locality,,land,Xã Hiệp Hòa,"[[""vi-Hani"", ""社協和""], [""zh-Hans"", ""协和社""], [""lzh"", ""協和社""], [""zh-Hant"", ""協和社""], [""zh"", ""協和社""]]",True,True,105.95015716552734,21.25794792175293,106.03939056396484,21.376087188720703,6a113484-3d46-451d-8915-9ce0408b6d17
68d64484-bc99-4d70-b1d2-e1b05c340d1b,VN,VN-13,locality,,land,Xã Quảng Hà,"[[""vi-Hani"", ""社廣河""], [""vi"", ""Xã Quảng Hà""], [""zh-Hans"", ""广河社""], [""ko"", ""꽝하""], [""de"", ""Gemeinde Quảng Hà""], [""lzh"", ""廣河社""], [""zh-Hant"", ""廣河社""], [""en"", ""Quang Ha Commune""], [""zh"", ""廣河社""]]",True,True,107.66773223876953,21.340110778808594,107.80047607421875,21.511253356933594,595db005-be78-4f72-be83-0e0cc15d66f1
9110501c-d3d2-41af-b529-64880f4ee99d,VN,VN-07,locality,,land,Xã Sơn Vĩ,"[[""en"", ""Sơn Vĩ Commune""], [""vi"", ""Xã Sơn Vĩ""]]",True,True,105.38327026367188,23.109132766723633,105.5741195678711,23.314191818237305,bd61b897-f385-4583-93de-95ef52cefad8
7b52ba1d-87a5-491d-8be0-9b1666712274,VN,VN-07,locality,,land,Xã Tri Phú,"[[""en"", ""Tri Phú Commune""], [""vi"", ""Xã Tri Phú""]]",True,True,105.34295654296875,21.941133499145508,105.49073791503906,22.10569190979004,da7e6687-3f95-46b4-94aa-8b420f64b81e
38edb20d-2dfb-4f83-8462-03a072510d21,VN,VN-56,locality,,land,Xã Đồng Việt,"[[""vi-Hani"", ""社同越""], [""zh-Hans"", ""同越社""], [""lzh"", ""同越社""], [""zh-Hant"", ""同越社""], [""zh"", ""同越社""]]",True,True,106.26734924316406,21.121950149536133,106.32320404052734,21.218402862548828,3facffeb-cbc1-4ffe-9c89-e6a89621d33e
06ac1435-a477-4bb8-a5b6-46714446287e,VN,VN-66,locality,,land,Đông Khúc,,True,True,106.00594329833984,20.931100845336914,106.02255249023438,20.946203231811523,b784ea46-812d-4033-b1d8-6c6d94f32a32
b3d29f3c-586a-4dde-8119-442629f70ef5,VN,VN-HN,locality,,land,Xã Vân Đình,"[[""en"", ""Van Dinh Commune""], [""vi"", ""Xã Vân Đình""]]",True,True,105.6963882446289,20.69452667236328,105.82038879394531,20.777891159057617,b7c3859f-8a96-42e2-a938-95cdb66ba9b4
12de62f6-95aa-4041-a493-9574e80310e9,VN,VN-HN,microhood,,land,D4,,True,True,105.8335952758789,20.97377586364746,105.83428192138672,20.974008560180664,21fcd3fa-1673-408e-9c60-8f2b89df317b
fbd5aca2-822f-4f17-ab7e-8441fc710e3d,VN,VN-HP,locality,,land,Làng Đa Phúc,,True,True,106.6551513671875,20.788389205932617,106.66348266601562,20.804149627685547,80dde50c-da8b-4f0f-910f-1fde73e661d5
4685f4fa-e385-4230-8c02-9efd8d6a3810,VN,VN-02,locality,,land,Xã Yên Thành,"[[""en"", ""Yên Thành Commune""], [""vi"", ""Xã Yên Thành""]]",True,True,104.8595199584961,21.82669448852539,105.06843566894531,21.957168579101562,36907537-30b9-485b-8f1b-d0a8f0536a0b
6b25dc9a-005e-4b1f-9057-35f1b13e3b24,VN,VN-13,locality,,land,Phường Mạo Khê,"[[""vi-Hani"", ""坊帽溪""], [""vi"", ""Mạo Khê""], [""zh-Hans"", ""帽溪坊""], [""ko"", ""마오케""], [""de"", ""Stadtviertel Mạo Khê""], [""lzh"", ""帽溪坊""], [""zh-Hant"", ""帽溪坊""], [""en"", ""Mao Khe Ward""], [""zh"", ""帽溪坊""]]",True,True,106.53395080566406,21.032264709472656,106.63579559326172,21.097492218017578,d6cd4a25-f474-4336-97e2-a65a23130cfc
3257d6de-e52d-4a30-a6b3-30877e64ee99,VN,VN-07,locality,,land,Xã Trung Sơn,"[[""en"", ""Trung Sơn Commune""], [""vi"", ""Xã Trung Sơn""]]",True,True,105.31047821044922,21.786516189575195,105.45506286621094,21.948932647705078,6c683255-73a0-4580-b007-d59ebe9c9241
6eaef9ce-4d24-42de-a5ab-d68d16f0f232,VN,VN-56,locality,,land,Xã Tiên Lục,"[[""vi-Hani"", ""社僊籙""], [""zh-Hans"", ""僊箓社""], [""lzh"", ""僊籙社""], [""zh-Hant"", ""僊籙社""], [""zh"", ""僊籙社""]]",True,True,106.16629028320312,21.3824520111084,106.26465606689453,21.464187622070312,2c04bf91-aae0-4609-b31e-b4bbdadb7f8d
598d8ba5-7b59-4de8-8fae-d080519c9062,VN,VN-69,locality,,land,Xã Thượng Quan,"[[""en"", ""Thượng Quan Commune""], [""vi"", ""Xã Thượng Quan""]]",True,True,105.94740295410156,22.317087173461914,106.18479919433594,22.433448791503906,075f774b-b26e-4666-b365-c3ac138645a2
7d435cc2-0409-43e2-bf08-0417f4f5775b,VN,VN-07,locality,,land,Xã Bạch Đích,"[[""en"", ""Bạch Đích Commune""], [""vi"", ""Xã Bạch Đích""]]",True,True,104.95820617675781,23.13352394104004,105.10257720947266,23.266916275024414,f37e6575-7768-4ff7-b41b-ad128c0113db
bb49bf87-7753-4ae6-ab92-598e8c3e997f,VN,VN-07,locality,,land,Xã Yên Cường,"[[""en"", ""Yên Cường Commune""], [""vi"", ""Xã Yên Cường""]]",True,True,105.28226470947266,22.603954315185547,105.44700622558594,22.734529495239258,eaf6148f-694b-4bc2-8733-1a3cf18114e2
218d0ac1-f6c9-427f-b226-ce2e6a188ff4,VN,VN-69,locality,,land,Xã Điềm Thụy,"[[""en"", ""Điềm Thụy Commune""], [""vi"", ""Xã Điềm Thụy""]]",True,True,105.88475799560547,21.39894676208496,105.96463012695312,21.518924713134766,615d8a40-dfa0-42a9-88bb-a82ba56ac48b
8c70cf8d-9520-4a02-b180-bfc8e6944447,VN,VN-69,locality,,land,Xã Kim Phượng,"[[""en"", ""Kim Phượng Commune""], [""vi"", ""Xã Kim Phượng""]]",True,True,105.57238006591797,21.91313934326172,105.67732238769531,22.01839256286621,fc62139c-7645-4214-a901-20c3d312d78d
c13d20f9-a88d-428f-ae88-2e8bd12685be,VN,VN-HP,locality,,land,Phường Ngô Quyền,"[[""en"", ""Ngô Quyền Ward""], [""vi"", ""Phường Ngô Quyền""]]",True,True,106.68421173095703,20.85076332092285,106.72327423095703,20.877470016479492,b30a2103-a6d4-4636-af5f-2681f3cf486e
c01ae4bd-87f2-4ad9-a1c8-0760ffddf0aa,VN,VN-69,locality,,land,Xã Ngân Sơn,"[[""en"", ""Ngân Sơn Commune""], [""vi"", ""Xã Ngân Sơn""]]",True,True,105.89720153808594,22.397981643676758,106.10172271728516,22.54372215270996,3c6f3cc8-6bc7-4e4a-9657-9633d725ea99
f7cb87fe-fd01-44a7-a12b-6fd269f326cd,VN,VN-HN,microhood,,land,B2,,True,True,105.83642578125,20.974178314208984,105.83660125732422,20.974918365478516,abcfc923-1016-410c-b69b-56f6a9fdb1f6
e6571654-98b5-42ed-bfcb-d8a01302b8e9,VN,VN-HN,locality,,land,Phường Kim Liên,"[[""en"", ""Kim Lien Ward""]]",True,True,105.82020568847656,20.997739791870117,105.8414077758789,21.014265060424805,04bcf855-c3c2-42c2-ba35-3e0306f59cf5
ae3eb90a-49ae-4d88-aa31-cf4e86f7864d,VN,VN-HN,microhood,,land,B3,,True,True,105.83665466308594,20.97417449951172,105.83699035644531,20.974931716918945,d34393b7-8dcb-4ac4-8714-0a266c06047a
a8f086fc-c3d5-4eb4-9544-8fa8842f9910,VN,VN-02,locality,,land,Phường Trung Tâm,"[[""en"", ""Trung Tâm Ward""], [""vi"", ""Phường Trung Tâm""]]",True,True,104.50595092773438,21.534069061279297,104.57659149169922,21.642269134521484,6bde28fc-2024-4c02-ba2a-64ce84b08132
3d2a0c0b-e279-4ba9-9903-cd5fce15166c,VN,VN-09,locality,,land,Phường Kỳ Lừa,,True,True,106.75389862060547,21.781801223754883,106.87628936767578,21.900096893310547,b4dc67cb-f229-4bb9-b009-37d1ec25e717
2cb69a72-d5bf-4ef8-b8bd-1b49bed95e4d,VN,VN-68,locality,,land,Xã Vĩnh Tường,"[[""en"", ""Vĩnh Tường Commune""], [""vi"", ""Xã Vĩnh Tường""]]",True,True,105.49267578125,21.195491790771484,105.54712677001953,21.260900497436523,8afb7ece-bbd9-4d93-8f73-c04d7ba76935
ee41f7bf-ff2e-49a6-9aae-39a0d35ef91e,VN,VN-HN,locality,,land,Xã Cổ Đô,"[[""en"", ""Co Do Commune""], [""vi"", ""Xã Cổ Đô""]]",True,True,105.3531494140625,21.236751556396484,105.44476318359375,21.30451011657715,a110cf13-2778-4eb4-869a-c47bbb213562
c3dbbc20-995b-4f9a-9917-322c792e5178,VN,VN-HP,locality,,land,Phường Trần Nhân Tông,"[[""en"", ""Trần Nhân Tông Ward""], [""de"", ""Stadtviertel Trần Nhân Tông""], [""vi"", ""Phường Trần Nhân Tông""]]",True,True,106.40689086914062,21.06294822692871,106.49011993408203,21.18025016784668,79b0f0b8-88d0-4a54-b6eb-5ea5d1027aff
41904558-1639-4f83-aa42-7840c7fb3e89,VN,VN-02,locality,,land,Xã Lục Yên,"[[""en"", ""Lục Yên Commune""], [""vi"", ""Xã Lục Yên""]]",True,True,104.72857666015625,22.04838752746582,104.82757568359375,22.186925888061523,b88bedbc-ab6c-4add-804a-fae240c74b05
a66b860c-dc1e-4866-ba6c-818940bcf2fc,VN,VN-56,locality,,land,Xã Lục Ngạn,"[[""vi-Hani"", ""社陸岸""], [""zh-Hans"", ""陆岸社""], [""lzh"", ""陸岸社""], [""zh-Hant"", ""陸岸社""], [""zh"", ""陸岸社""]]",True,True,106.61463165283203,21.340208053588867,106.73763275146484,21.428083419799805,e6117692-af31-4721-a98f-dcbb98ee1938
f290bddd-9d42-49aa-9564-a0a2cd818301,VN,VN-04,locality,,land,Xã Hòa An,,True,True,106.09513854980469,22.696712493896484,106.26775360107422,22.811416625976562,65f601c3-19f5-46c6-8a0b-ee3ec965cea7
995cabd5-f1f1-4ea1-894b-01cd0e95bf8a,VN,VN-09,locality,,land,Xã Tân Thành,"[[""zh-Hant"", ""新城社""]]",True,True,106.39852905273438,21.435840606689453,106.52206420898438,21.567712783813477,6f572a15-8e61-4956-80a2-b8fda35569a4
bac7e3af-7b23-4315-89ac-85d03bbea756,VN,VN-07,locality,,land,Xã Thông Nguyên,"[[""en"", ""Thông Nguyên Commune""], [""vi"", ""Xã Thông Nguyên""]]",True,True,104.69538116455078,22.43796730041504,104.79927062988281,22.61603355407715,7fecf8ac-0b45-4bcf-9bd9-08e7f74044c4
aa371579-e181-4df9-bcb7-700321d9a8f6,VN,VN-56,locality,,land,Phường Thuận Thành,"[[""vi-Hani"", ""社順成""], [""vi"", ""Thuận Thành""], [""zh-Hans"", ""顺成社""], [""lzh"", ""順成社""], [""zh-Hant"", ""順成社""], [""en"", ""Thuan Thanh Ward""], [""zh"", ""順成社""]]",True,True,106.04142761230469,21.018556594848633,106.10248565673828,21.082626342773438,dde1995f-d959-4150-b896-20926acb8e6e
22847862-e4f0-4639-a99c-ead7c83f0c39,VN,VN-69,locality,,land,Xã Võ Nhai,"[[""en"", ""Võ Nhai Commune""], [""vi"", ""Xã Võ Nhai""]]",True,True,105.96873474121094,21.709957122802734,106.1591567993164,21.813318252563477,19b91709-b7ca-4dcb-b13b-4397697929cf
01760eb6-6a3b-4bb9-87de-69cbdd360346,VN,VN-69,locality,,land,Xã Hợp Thành,"[[""en"", ""Hợp Thành Commune""], [""vi"", ""Xã Hợp Thành""]]",True,True,105.62505340576172,21.721561431884766,105.69615936279297,21.808847427368164,20822d94-d90b-4eb4-8a08-1fe679a2aaa2
98a9fef7-d787-4460-8196-3e81073d3354,VN,VN-68,locality,,land,Phường Phong Châu,"[[""en"", ""Phong Châu Ward""], [""vi"", ""Phường Phong Châu""]]",True,True,105.22135925292969,21.38141632080078,105.28347778320312,21.460664749145508,13aa4805-5120-408f-9f4d-178f6be36a76
e9047c56-8528-406a-a754-162c31415664,VN,VN-07,locality,,land,Xã Thanh Thủy,"[[""en"", ""Thanh Thủy Commune""], [""vi"", ""Xã Thanh Thủy""]]",True,True,104.80230712890625,22.79905891418457,104.93406677246094,22.94928550720215,2547e8a6-4330-4a87-8f82-926840e401d3
b2f0d62f-588e-440c-aebe-c565c504e97f,VN,VN-68,locality,,land,Xã Thái Hòa,"[[""en"", ""Thái Hòa Commune""], [""vi"", ""Xã Thái Hòa""]]",True,True,105.46240997314453,21.41976547241211,105.53702545166016,21.490276336669922,11668dd3-a609-4f87-b454-f4cee0e3db06
26bba858-515e-4b61-b136-79864d4e2ad7,VN,VN-HN,locality,,land,Xã Nam Phù,"[[""en"", ""Nam Phu Commune""]]",True,True,105.85909271240234,20.903024673461914,105.9131088256836,20.93541717529297,0f663979-5acc-4c24-8130-24eba54a17b1
61f6fea2-1f38-4464-8d92-c2cdfc70440e,VN,VN-66,locality,,land,Xã Hoàn Long,"[[""en"", ""Hoàn Long Commune""], [""vi"", ""Xã Hoàn Long""]]",True,True,105.94342803955078,20.878843307495117,106.02555084228516,20.927099227905273,28743a6b-fb4d-4e7c-8c87-e31c028fe953
aed64864-68f0-4677-b56e-d210db0e95f9,VN,VN-07,locality,,land,Thôn Hà Sơn,,True,True,105.32208251953125,21.68058204650879,105.34244537353516,21.70656394958496,9bd57a33-4a38-4123-849b-47c24287d9e5
dbdbd290-e839-4891-a2a3-f128fccf1ad0,VN,VN-18,locality,,land,Phường Duy Hà,"[[""en"", ""Duy Hà Ward""], [""vi"", ""Phường Duy Hà""]]",True,True,105.8913803100586,20.618383407592773,105.93952178955078,20.67449378967285,096e40b6-df20-4f57-9e7c-b9f8d6139f99
c6d65cf9-cc29-4453-ba48-a40ff2952608,VN,VN-13,locality,,land,Xã Hải Ninh,"[[""vi-Hani"", ""社海寧""], [""vi"", ""Xã Hải Ninh""], [""zh-Hans"", ""海宁社""], [""de"", ""Gemeinde Hải Ninh""], [""lzh"", ""海寧社""], [""zh-Hant"", ""海寧社""], [""en"", ""Hai Ninh Commune""], [""zh"", ""海寧社""]]",True,True,107.7326431274414,21.493803024291992,107.86565399169922,21.583158493041992,f0c2cc82-28d2-493c-bab9-3a4f9bf9b119
b7519a19-c4d8-412c-b73e-e5ca4289584b,VN,VN-69,locality,,land,Xã Bình Thành,"[[""en"", ""Bình Thành Commune""], [""vi"", ""Xã Bình Thành""]]",True,True,105.52484893798828,21.744956970214844,105.60858154296875,21.842710494995117,0a7fe239-ba1b-4906-8fd2-e36b46a130db
64c44abb-d301-4257-9380-6414da5b7b6b,VN,VN-68,locality,,land,Xã Cao Phong,"[[""en"", ""Cao Phong Commune""], [""vi"", ""Xã Cao Phong""]]",True,True,105.30601501464844,20.646503448486328,105.42023468017578,20.76399803161621,3592fc6b-ab73-4926-a646-811daca03f47
bca2cf2a-d018-4d56-86aa-e182354da071,VN,VN-18,locality,,land,Phường Nguyễn Úy,"[[""en"", ""Nguyễn Úy Ward""], [""vi"", ""Phường Nguyễn Úy""]]",True,True,105.79918670654297,20.57901954650879,105.8616943359375,20.664478302001953,6ea95f76-0c5e-4d74-98bd-f456741640d1
9b9e51c8-3139-49a3-b051-99af0f6bd375,VN,VN-68,locality,,land,Xã Đan Thượng,"[[""en"", ""Đan Thượng Commune""], [""vi"", ""Xã Đan Thượng""]]",True,True,104.90428161621094,21.574705123901367,105.03484344482422,21.6907958984375,02a6dc80-dbe5-419c-8d77-dcc7b6109097
81cb04b4-4837-4a11-8a95-df9c723aeb3a,VN,VN-HN,locality,,land,Xã Kiều Phú,"[[""en"", ""Kieu Phu Commune""], [""vi"", ""Xã Kiều Phú""]]",True,True,105.57369232177734,20.935218811035156,105.63673400878906,21.01186180114746,4ad0cf21-6fed-431b-966f-5777f7a95988
38d56a85-cb72-4cd9-8d99-a2179e9445d8,VN,VN-68,locality,,land,Xã Nguyệt Đức,"[[""en"", ""Nguyệt Đức Commune""], [""vi"", ""Xã Nguyệt Đức""]]",True,True,105.58385467529297,21.1718807220459,105.63959503173828,21.233997344970703,b0b15473-c190-4919-9fd0-c4f1f35891c9
1449b74f-28c8-4369-b741-aa845d33d89e,VN,VN-66,locality,,land,Xã Chí Minh,"[[""en"", ""Chí Minh Commune""], [""vi"", ""Xã Chí Minh""]]",True,True,105.95758819580078,20.756933212280273,106.01763153076172,20.798965454101562,0a41775e-ebb3-48ab-81bf-4e1261474171
83957a77-6bd6-409c-89f9-d25b1b2e1b9c,VN,VN-66,locality,,land,Xã Hồng Quang,"[[""en"", ""Hồng Quang Commune""], [""vi"", ""Xã Hồng Quang""]]",True,True,106.0838394165039,20.727476119995117,106.15348052978516,20.779502868652344,068207d4-59c2-4e87-a72c-d151ba79b72f
9920d68c-9e19-49f4-b61d-1a8934842884,VN,VN-HP,locality,,land,Xã Kẻ Sặt,"[[""en"", ""Kẻ Sặt Commune""], [""vi"", ""Xã Kẻ Sặt""], [""zh"", ""计策市镇""], [""ko"", ""께삿""]]",True,True,106.13616943359375,20.88831901550293,106.2248306274414,20.933727264404297,d0d96cde-cbda-4397-948d-61f3ad0f16d8
30a2e5f0-9aad-4ca4-8ba3-13fde5b69d1f,VN,VN-66,locality,,land,Phường Đường Hào,"[[""en"", ""Đường Hào Ward""], [""vi"", ""Phường Đường Hào""]]",True,True,106.05863952636719,20.87346839904785,106.14424133300781,20.933496475219727,df2f87e5-1c3f-42e4-80d9-e6520d42b320
fca454fc-7186-4533-9f2a-a3fcd7aeff90,VN,VN-09,locality,,land,Xã Đoàn Kết,"[[""vi-Hani"", ""社團結""], [""zh-Hans"", ""团结社""], [""lzh"", ""團結社""], [""zh-Hant"", ""團結社""], [""zh"", ""團結社""]]",True,True,106.18478393554688,22.313966751098633,106.36085510253906,22.46146011352539,244919b5-d181-4ec1-bfe9-bfdfd325235e
5265839b-52f5-4f8b-8af7-4bc648f400da,VN,VN-09,locality,,land,Phường Tam Thanh,"[[""vi-Hani"", ""坊三清""], [""zh-Hans"", ""三清坊""], [""lzh"", ""三清坊""], [""zh-Hant"", ""三清坊""], [""zh"", ""三清坊""]]",True,True,106.70999908447266,21.841886520385742,106.7685775756836,21.928253173828125,1b42daaf-f274-4067-b806-272cd003981d
68c3f227-d69d-4bee-b92d-cf21de567ddf,VN,VN-HP,locality,,land,Việt Hải,"[[""ko"", ""비엣하이""]]",True,True,107.03778076171875,20.793710708618164,107.0483627319336,20.805145263671875,00e3e6ee-0344-4c70-8683-90476abdc08a
7b5b9549-3ba1-4763-a288-325f7400f16f,VN,VN-HN,locality,,land,Xã Nội Bài,"[[""en"", ""Noi Bai Commune""]]",True,True,105.73006439208984,21.184106826782227,105.8383560180664,21.287860870361328,f3dcf233-394b-4dc8-bcd3-c1e99aa8c09d
a01bcc3a-de0f-4f02-893b-d50c0a397f31,VN,VN-69,locality,,land,Xã Cẩm Giàng,"[[""en"", ""Cẩm Giàng Commune""], [""vi"", ""Xã Cẩm Giàng""]]",True,True,105.8044204711914,22.118467330932617,105.96440887451172,22.252593994140625,9090d3d5-c293-46c5-9b1a-c0fd47d32011
b39203d8-b3eb-4dee-ac97-12cbff675e85,VN,VN-69,locality,,land,Xã Xuân Dương,"[[""en"", ""Xuân Dương Commune""], [""vi"", ""Xã Xuân Dương""]]",True,True,105.9270248413086,21.937572479248047,106.11540222167969,22.053483963012695,39c94a6e-96ee-4b59-bde8-3de1b436280e
0c099631-f544-4049-a2cd-9bcada8b4e01,VN,VN-HP,microhood,,land,Quảng trường Cát Bà,,True,True,107.04895782470703,20.723751068115234,107.05004119873047,20.724857330322266,41fd475c-d6ca-49c6-aa85-9b8dfdce091d
b0939935-cee6-4ff5-a754-9aafb3e8e2ef,VN,VN-68,region,1,land,Tỉnh Phú Thọ,"[[""bs"", ""Provincija Phu Tho""], [""hr"", ""Provincija Phu Tho""], [""ar"", ""مقاطعة فو تاه""], [""fr"", ""Province Phú Thọ""], [""lv"", ""Futho province""], [""uk"", ""Провінція Фитхо""], [""pt-PT"", ""Província de Phu Tho""], [""pt"", ""Província Phú Thọ""], [""cs"", ""Provincie Phú Thọ""], [""el"", ""Επαρχία Πχου Τχο""], [""it"", ""Provincia Phú Thọ""], [""ca"", ""Província de Phu Tho""], [""pt-BR"", ""Província de Phu Tho""], [""vi-Hani"", ""省富壽""], [""vi"", ""Tỉnh Phú Thọ""], [""nl"", ""Provincie van Phú Thọ""], [""zh-Hans"", ""富寿省""], [""bg"", ""Провинция Фу То""], [""ko"", ""푸토성""], [""et"", ""Phu Tho provints""], [""de"", ""Provinz Phú Thọ""], [""ru"", ""Футхо""], [""th"", ""จังหวัดฟู้เถาะ""], [""id"", ""Provinsi Phú Thọ""], [""sr-Latn"", ""Phu Tho provincija""], [""sv"", ""Phú Thọ-provinsen""], [""tr"", ""Eyaleti Phú Thọ""], [""da"", ""Phú Thọ-provinsen""], [""zh-Hant"", ""富壽省""], [""en"", ""Phú Thọ Province""], [""he"", ""מחוז פו טו""], [""sk"", ""Provincia Phu Tho""], [""es"", ""Provincia Phú Thọ""], [""ja"", ""フート""], [""fi"", ""Phu Thon maakunta""], [""ro"", ""Provincia Phú Thọ""], [""lt"", ""Futo provincija""], [""no"", ""Phú Thọ-provinsen""], [""sl"", ""Provinca Phu Tho""], [""zh"", ""富寿省""], [""ms"", ""Provinsi Phú Thọ""], [""hu"", ""Phu Tho tartomány""], [""pl"", ""Prowincja Phú Thọ""]]",True,True,104.81428527832031,20.30535888671875,105.85716247558594,21.719646453857422,1236b71a-70ba-4ca7-be17-17d49a5de4af
e193f6a4-5198-4898-94d9-80bbefca082d,VN,VN-02,locality,,land,Phường Nam Cường,"[[""en"", ""Nam Cường Ward""], [""vi"", ""Phường Nam Cường""]]",True,True,104.83101654052734,21.71248435974121,104.92688751220703,21.792728424072266,f5536f04-1d6e-45ed-8a8f-102d1a9924bc
1c95f3e9-316c-4bd4-8429-9634988344d9,VN,VN-04,locality,,land,Xã Thanh Long,,True,True,105.8497314453125,22.682621002197266,106.021728515625,22.839319229125977,59ebe01c-7acb-4439-a891-5fcaab5052dd
bdbf937d-a578-4cb2-a7a1-936ce8536027,VN,VN-HN,locality,,land,Xã Ba Vì,"[[""en"", ""Ba Vi Commune""], [""vi"", ""Xã Ba Vì""]]",True,True,105.29415130615234,21.007400512695312,105.38752746582031,21.113988876342773,cfc92280-8d98-48b7-a7ab-1917ba1321fc
61efbda2-8255-4a32-9867-26f1c49ae229,VN,VN-69,locality,,land,Xóm Rùa,,True,True,105.90210723876953,21.37589454650879,105.90978240966797,21.385311126708984,255ece51-6c1a-4d92-ab49-667267a027c7
a6189a14-df18-4d38-949b-3f23d05a1790,VN,VN-07,locality,,land,Xã Khuôn Lùng,"[[""en"", ""Khuôn Lùng Commune""], [""vi"", ""Xã Khuôn Lùng""]]",True,True,104.41447448730469,22.46272850036621,104.59281921386719,22.575721740722656,d6379241-0842-45e5-a6db-14609a69c431
4202cabb-c1a5-46c3-9272-f0e336e2f242,VN,VN-69,locality,,land,Xã Văn Lăng,"[[""en"", ""Văn Lăng Commune""], [""vi"", ""Xã Văn Lăng""]]",True,True,105.78987121582031,21.70532989501953,105.87821960449219,21.84895896911621,d1001420-eb7a-431c-890b-ba6cb9817f24
7ca0dd27-431b-4b50-92c9-dbe81916f7b2,VN,VN-66,locality,,land,Xã Ân Thi,"[[""en"", ""Ân Thi Commune""], [""vi"", ""Xã Ân Thi""]]",True,True,106.07195281982422,20.7943172454834,106.1293716430664,20.855018615722656,bb4a8f40-0af1-4fb4-814c-801adef90367
d5db6aea-8c60-4d2b-ac94-64298cda83ed,VN,VN-HN,locality,,land,Phường Hoàng Mai,"[[""en"", ""Hoang Mai Ward""]]",True,True,105.84087371826172,20.96395492553711,105.88919067382812,20.98370361328125,7c8a21b1-89a8-40c6-8977-d12d40e656ac
2fc91bd4-3d44-418e-bade-3ee96146375f,VN,VN-HN,locality,,land,Xã Quảng Oai,"[[""en"", ""Quang Oai Commune""], [""vi"", ""Xã Quảng Oai""]]",True,True,105.37447357177734,21.136638641357422,105.47525024414062,21.218727111816406,78fab0db-e1e9-48aa-9744-c7289a0725d6
3a69b1bb-cd36-4162-92f1-af019e81f12a,VN,VN-04,locality,,land,Xã Thành Công,,True,True,105.8043441772461,22.495046615600586,105.9920883178711,22.64134407043457,37aafbf1-3023-4946-a59e-2bd2936fcb08
5750fd1f-f467-42b3-8c39-1a81fef1b6f5,VN,VN-07,locality,,land,Xã Minh Tân,"[[""en"", ""Minh Tân Commune""], [""vi"", ""Xã Minh Tân""]]",True,True,104.84779357910156,22.89615821838379,104.98059844970703,23.042810440063477,e91d4149-9658-43f2-a848-c168288d99ef
e8bd8ea8-5621-40a5-bc09-1269a5be31d5,VN,VN-68,locality,,land,Xã Mường Bi,"[[""en"", ""Mường Bi Commune""], [""vi"", ""Xã Mường Bi""]]",True,True,105.11026000976562,20.582645416259766,105.27438354492188,20.719633102416992,a6b6065e-a67e-4260-a1dc-3f980a5e2de2
30db3737-b8ef-42e0-bf7e-a519bfe7afeb,VN,VN-56,locality,,land,Xã Cẩm Lý,"[[""vi-Hani"", ""社錦里""], [""zh-Hans"", ""锦里社""], [""lzh"", ""錦里社""], [""zh-Hant"", ""錦里社""], [""zh"", ""錦里社""]]",True,True,106.32307434082031,21.165225982666016,106.42410278320312,21.2412109375,9f985599-9697-435a-baea-d031df37b74f
3fe7223b-d7d3-4fdc-b17b-d8ad925168a6,VN,VN-69,locality,,land,Xã La Bằng,"[[""en"", ""La Bằng Commune""], [""vi"", ""Xã La Bằng""]]",True,True,105.49650573730469,21.57270050048828,105.64686584472656,21.66925811767578,7a7c0f39-d2b0-404b-bde5-56ec381e2c82
d14794d5-defe-428a-b79d-ab9a334515d0,VN,VN-04,locality,,land,Xã Hạ Lang,,True,True,106.64603424072266,22.575593948364258,106.73721313476562,22.719682693481445,017f78d3-fa0d-48f1-add1-dbe72dc870e2
b03e87ac-ae55-4afc-92ae-f59c75e704ea,VN,VN-07,locality,,land,Xã Thái Bình,"[[""en"", ""Thái Bình Commune""], [""vi"", ""Xã Thái Bình""]]",True,True,105.2398681640625,21.728240966796875,105.37977600097656,21.872011184692383,acf8d223-b226-4c36-a3a7-746307327e34
2fbaad76-4717-4f39-883f-3fc9ee33714a,VN,VN-HP,locality,,land,Phường Lưu Kiếm,"[[""en"", ""Lưu Kiếm Ward""], [""de"", ""Stadtviertel Lưu Kiếm""], [""vi"", ""Phường Lưu Kiếm""]]",True,True,106.62176513671875,20.927885055541992,106.68871307373047,21.01961326599121,088f4534-e264-47fd-aa56-da83fca6a419
86b91f43-4b93-48f8-b87a-2ff9cc483a70,VN,VN-66,locality,,land,Phường Sơn Nam,"[[""en"", ""Sơn Nam Ward""], [""vi"", ""Phường Sơn Nam""]]",True,True,106.00431823730469,20.652023315429688,106.07228088378906,20.71636390686035,cfab678b-195e-4d8a-b258-731081b35fc9
e99f79aa-3e4a-42ef-a674-90254f22a867,VN,VN-69,locality,,land,Phường Đức Xuân,"[[""en"", ""Đức Xuân Ward""], [""de"", ""Stadtviertel Đức Xuân""], [""vi"", ""Phường Đức Xuân""]]",True,True,105.80675506591797,22.12672996520996,105.88960266113281,22.212467193603516,c726394b-3e6b-4a74-9a7d-988d87399411
788892ed-1da0-400c-8671-c90d8bf0cdee,VN,VN-56,locality,,land,Xã Mỹ Thái,"[[""vi-Hani"", ""社美太""], [""zh-Hans"", ""美太社""], [""lzh"", ""美太社""], [""zh-Hant"", ""美太社""], [""zh"", ""美太社""]]",True,True,106.1759262084961,21.299453735351562,106.249755859375,21.392221450805664,8f8ba234-35e7-4239-8e76-ff9661395d44
dddea064-387d-4458-b791-2190f8b6cf83,VN,VN-04,locality,,land,Xã Ca Thành,,True,True,105.74905395507812,22.651718139648438,105.8980712890625,22.802104949951172,3637f15a-ca3d-43ca-a891-7d28a181e999
d7c9177f-e9cd-4edc-bc5b-87f362926073,VN,VN-05,locality,,land,Xã Tô Múa,"[[""en"", ""Tô Múa Commune""], [""vi"", ""Xã Tô Múa""]]",True,True,104.75857543945312,20.803577423095703,104.89330291748047,21.045989990234375,62ddf601-07cb-4694-8a6d-2c94949033be
8d772c68-5849-4bd3-b23f-722cd1af2a10,VN,VN-13,locality,,land,Xã Đầm Hà,"[[""vi-Hani"", ""社潭河""], [""vi"", ""Xã Đầm Hà""], [""zh-Hans"", ""潭河社""], [""ko"", ""덤하""], [""de"", ""Gemeinde Đầm Hà""], [""lzh"", ""潭河社""], [""zh-Hant"", ""潭河社""], [""en"", ""Dam Ha Commune""], [""zh"", ""潭河社""]]",True,True,107.5224609375,21.223371505737305,107.67801666259766,21.419721603393555,c477a603-705e-4399-a6c6-84766817bae2
fd9c1669-1fc5-46e4-92c6-8aa853770b51,VN,VN-HN,microhood,,land,F5,,True,True,105.83657836914062,20.971633911132812,105.83698272705078,20.971973419189453,86f3b77e-3b36-40f4-a4e7-d7a045b2faab
6d0c3728-a84c-4fd0-8dcd-187384574e75,VN,VN-07,locality,,land,Xã Bằng Lang,"[[""en"", ""Bằng Lang Commune""], [""vi"", ""Xã Bằng Lang""]]",True,True,104.56468963623047,22.309938430786133,104.76423645019531,22.413238525390625,8d4547f9-4191-42f6-8a65-c89af743f63b
b633136b-8870-4626-8e68-a5d25a47fab4,VN,VN-68,locality,,land,Phường Phúc Yên,"[[""en"", ""Phúc Yên Ward""], [""vi"", ""Phường Phúc Yên""]]",True,True,105.6805191040039,21.213571548461914,105.7375717163086,21.278783798217773,1228d17b-8a34-4bc0-b701-ea2c429d1261
924181a5-1c3c-4360-9b1e-e2f78754415c,VN,VN-56,locality,,land,Xã Kiên Lao,"[[""vi-Hani"", ""社堅牢""], [""zh-Hans"", ""坚牢社""], [""lzh"", ""堅牢社""], [""zh-Hant"", ""堅牢社""], [""zh"", ""堅牢社""]]",True,True,106.4581069946289,21.39845085144043,106.59149169921875,21.48820686340332,422569d5-3bb3-45b0-a4dd-3c867b851f9d
557c7027-439c-484b-82df-dca5caf2bbf3,VN,VN-HN,locality,,land,Xã Hồng Sơn,"[[""en"", ""Hong Son Commune""], [""vi"", ""Xã Hồng Sơn""]]",True,True,105.6615982055664,20.66637420654297,105.77104187011719,20.76555061340332,54d9a86a-c9c1-4fdd-bcaf-29866a28d652
f4674ee5-9366-464a-b70e-f77007863e92,VN,VN-04,locality,,land,Xã Bảo Lạc,,True,True,105.54273223876953,22.869873046875,105.72327423095703,23.009729385375977,ac6fbc06-c085-43d7-9efd-cfab58867d3d
0113597b-8bc0-46ea-b0c5-65fe8f7dc409,VN,VN-02,locality,,land,Xã Trấn Yên,"[[""en"", ""Trấn Yên Commune""], [""vi"", ""Xã Trấn Yên""]]",True,True,104.74126434326172,21.746429443359375,104.89126586914062,21.878070831298828,c5dccc15-e4cc-424d-a6c6-a85a6bd6890b
9f14e5f0-c6ca-44e4-b795-21adee1ba052,VN,VN-HP,locality,,land,Xã Thanh Miện,"[[""en"", ""Thanh Miện Commune""], [""vi"", ""Xã Thanh Miện""], [""ko"", ""타인미엔""]]",True,True,106.19282531738281,20.736820220947266,106.28783416748047,20.797870635986328,54034c39-dfc3-4a46-b54a-b1cfb7e846fa
0ce902e1-dbe8-4082-b04a-7c74a7bf8472,VN,VN-09,locality,,land,Xã Cai Kinh,"[[""vi-Hani"", ""社該經""], [""zh-Hans"", ""该经社""], [""lzh"", ""該經社""], [""zh-Hant"", ""該經社""], [""zh"", ""該經社""]]",True,True,106.28010559082031,21.514699935913086,106.4509506225586,21.656173706054688,e273171d-4e37-46f6-8625-17f77dbff07f
e4b473e9-1c4a-4878-a23b-5c5b0f618bb6,VN,VN-HP,locality,,land,Xã Trường Tân,"[[""en"", ""Trường Tân Commune""], [""vi"", ""Xã Trường Tân""]]",True,True,106.23930358886719,20.775737762451172,106.3016128540039,20.843751907348633,0bbf65f0-3e02-4c9d-9ba9-36e1619a8803
7699f5f0-395f-4153-b5c0-5ce3a9b4ec5e,VN,VN-68,locality,,land,Xã Văn Miếu,"[[""en"", ""Văn Miếu Commune""], [""vi"", ""Xã Văn Miếu""]]",True,True,105.08209991455078,20.976789474487305,105.23441314697266,21.138172149658203,cd4e30bb-631b-4b92-8bfc-d8caac865bc6
bcbbac14-8ec7-4965-9a64-b964d80395ef,VN,VN-HN,locality,,land,Phường Yên Nghĩa,,True,True,105.71114349365234,20.91253089904785,105.75479888916016,20.963211059570312,7269f6dc-344a-4017-a5bb-fe84f05f041e
d1f49af4-4d67-410f-b35e-468798b96404,VN,VN-56,locality,,land,Phường Tam Sơn,"[[""vi-Hani"", ""坊三山""], [""zh-Hans"", ""三山坊""], [""lzh"", ""三山坊""], [""zh-Hant"", ""三山坊""], [""en"", ""Tam Son Ward""], [""zh"", ""三山坊""]]",True,True,105.95237731933594,21.121793746948242,106.00559997558594,21.16686248779297,a2ed3da6-0a33-4dc7-a167-a76fee80f737
277c85d5-8ccb-4e42-83b3-17f24effce3a,VN,VN-09,locality,,land,Xã Vạn Linh,"[[""vi-Hani"", ""社萬靈""], [""zh-Hans"", ""万灵社""], [""lzh"", ""萬靈社""], [""zh-Hant"", ""萬靈社""], [""zh"", ""萬靈社""]]",True,True,106.41905212402344,21.564437866210938,106.56639099121094,21.69622230529785,92fa8795-e11e-4e2b-b9dc-6ba1991b3c12
f3a874e4-c9c4-489f-bab5-673983286cbc,VN,VN-05,locality,,land,Xã Mường Bang,"[[""en"", ""Mường Bang Commune""], [""vi"", ""Xã Mường Bang""]]",True,True,104.70601654052734,21.051095962524414,104.91300964355469,21.282489776611328,43409493-0312-481e-abf4-b215e24465bd
5823515c-8dd1-43ae-8d07-6dae17367c32,VN,VN-04,locality,,land,Xã Lý Quốc,,True,True,106.70110321044922,22.729795455932617,106.837646484375,22.849254608154297,81a7a3e8-d4e4-47d9-8b98-895cfbe286c6
f8ede9ca-4883-4f2b-803b-5419938ff4b1,VN,VN-66,locality,,land,Xã Ngọc Lâm,"[[""en"", ""Ngọc Lâm Commune""], [""vi"", ""Xã Ngọc Lâm""]]",True,True,106.24876403808594,20.64625358581543,106.30615997314453,20.71160125732422,14118242-d3fd-4975-a93e-e208773bace3
0fcc35da-1435-49f5-835b-b85dbb6fede5,VN,VN-HN,locality,,land,Phường Tây Mỗ,"[[""en"", ""Tay Mo Ward""]]",True,True,105.7304916381836,20.989585876464844,105.76283264160156,21.010629653930664,86ea7273-92ba-4d9d-a698-2f2f2adaef5a
c8815d62-05af-4848-b9b9-cb4658ce181e,VN,VN-66,locality,,land,Xã Tiên La,"[[""en"", ""Tiên La Commune""], [""vi"", ""Xã Tiên La""]]",True,True,106.1746597290039,20.570758819580078,106.24714660644531,20.642288208007812,305609c1-2d88-446d-81c7-c61f97f4aa70
1bb3b6e1-ddd4-45fb-aaa3-66fcf9c564d1,VN,VN-68,locality,,land,Xã Vĩnh Hưng,"[[""en"", ""Vĩnh Hưng Commune""], [""vi"", ""Xã Vĩnh Hưng""]]",True,True,105.4676742553711,21.25685691833496,105.5257568359375,21.30978775024414,2ac5df96-a26f-4b81-939c-64693932b9c6
2480502f-9577-4f0d-b371-4eaca4ca7c95,VN,VN-04,locality,,land,Xã Trường Hà,,True,True,105.94879913330078,22.822307586669922,106.10753631591797,22.994230270385742,bf749664-b179-4304-b26d-3b221cb7aff1
c02690ad-9faf-487b-84d4-02aca1b98ca7,VN,VN-68,locality,,land,Xã Thanh Thủy,"[[""en"", ""Thanh Thủy Commune""], [""vi"", ""Xã Thanh Thủy""]]",True,True,105.23394775390625,21.113582611083984,105.31122589111328,21.186716079711914,eb484c48-0e67-4c09-93d1-71825d0654c1
c19f5f31-55d6-4820-95f2-a33b67070cae,VN,VN-HP,locality,,land,Phường Nam Đồng,"[[""en"", ""Nam Đồng Ward""], [""vi"", ""Phường Nam Đồng""]]",True,True,106.34430694580078,20.892480850219727,106.38687133789062,20.97174835205078,a380486b-e0e7-40a9-a09f-50d9644a765e
852a30db-4a19-4371-a894-d72d1dbf846f,VN,VN-HP,locality,,land,Xã Nguyên Giáp,"[[""en"", ""Nguyên Giáp Commune""], [""vi"", ""Xã Nguyên Giáp""]]",True,True,106.39863586425781,20.720142364501953,106.49842071533203,20.773141860961914,09d1aae7-d507-46c5-b89c-7961d3b4fb6e
e4b78f97-9d0c-4e21-bea2-27a9f2c865eb,VN,VN-HP,locality,,land,Xã Bắc Thanh Miện,"[[""en"", ""Bắc Thanh Miện Commune""], [""vi"", ""Xã Bắc Thanh Miện""]]",True,True,106.16864776611328,20.76555633544922,106.24547576904297,20.821025848388672,3464ddd5-06e3-4a23-bfef-ea7554efb90c
c9659633-7449-44de-998e-dd2d51bad405,VN,VN-69,locality,,land,Phường Sông Công,"[[""en"", ""Sông Công Ward""], [""de"", ""Stadtviertel Sông Công""], [""vi"", ""Phường Sông Công""]]",True,True,105.81920623779297,21.439470291137695,105.87486267089844,21.47443962097168,440dec7d-141b-4f5d-95ca-482f042bff0d
d0b19ade-9e96-4c9b-85e0-b2c85281ef49,VN,VN-07,locality,,land,Xã Minh Ngọc,"[[""en"", ""Minh Ngọc Commune""], [""vi"", ""Xã Minh Ngọc""]]",True,True,105.12965393066406,22.633230209350586,105.3053970336914,22.813297271728516,f083cf51-b0aa-4ca5-a514-3307a0c87179
f45baffc-5a03-484f-a486-2d72cb35ddec,VN,VN-HP,locality,,land,Xã Thái Tân,"[[""en"", ""Thái Tân Commune""], [""vi"", ""Xã Thái Tân""]]",True,True,106.27193450927734,20.956703186035156,106.32417297363281,21.027507781982422,69491a3e-0d43-4f49-8493-2d1451893fa4
688c994d-ecb4-4360-9e30-dca241d48c0b,VN,VN-HN,microhood,,land,Quảng trường Tạ Quang Bửu,"[[""en"", ""Ta Quang Buu Square""]]",True,True,105.84374237060547,21.00453758239746,105.84455871582031,21.004955291748047,305b2213-289b-4cfc-b4bb-1a76d1314bca
bfd95e8b-864a-4522-a08d-f8b90f47bc55,VN,VN-04,locality,,land,Xã Tổng Cọt,,True,True,106.11420440673828,22.88249969482422,106.26417541503906,22.99701499938965,99320a21-c223-478c-b358-0cd275c614a8
f49c4e61-46b4-4038-a571-4321d52d42d1,VN,VN-07,microhood,,land,Quảng trường Na Hang,,True,True,105.38135528564453,22.346879959106445,105.38255310058594,22.34816551208496,004398b6-2e97-451b-8f9f-7c586d9ef789
d6fb406b-6c9f-4f4c-bc1b-21071a82f1ce,VN,VN-09,locality,,land,Xã Xuân Dương,"[[""vi-Hani"", ""社春陽""], [""zh-Hans"", ""春阳社""], [""lzh"", ""春陽社""], [""zh-Hant"", ""春陽社""], [""zh"", ""春陽社""]]",True,True,106.81471252441406,21.48910903930664,106.98838806152344,21.684877395629883,db532e01-16b9-439f-9b61-cef14be12477
3dd05f4c-f212-4de8-b81e-7c7cc8751b80,VN,VN-66,locality,,land,Xã Như Quỳnh,"[[""en"", ""Như Quỳnh Commune""], [""vi"", ""Xã Như Quỳnh""]]",True,True,105.96134185791016,20.943315505981445,106.0368423461914,21.001205444335938,76c3423e-e888-4c20-8483-13f43e34c946
c0924edf-7018-4567-849b-ba9514ca2e0d,VN,VN-02,locality,,land,Xã Việt Hồng,"[[""en"", ""Việt Hồng Commune""], [""vi"", ""Xã Việt Hồng""]]",True,True,104.79660034179688,21.531898498535156,104.89871978759766,21.6702823638916,de856bf6-9759-498f-8052-6ca94dc19d0b
ac6fb867-ec2d-4f15-b464-443367a0261f,VN,VN-HP,locality,,land,Xã Đại Sơn,"[[""en"", ""Đại Sơn Commune""], [""vi"", ""Xã Đại Sơn""]]",True,True,106.3453140258789,20.834915161132812,106.41265869140625,20.89364242553711,8561bd87-1cad-4cd9-8b05-8a5660d9b9ba
c3f0d297-a11f-4219-9355-d20f5c509e27,VN,VN-05,locality,,land,Xã Đoàn Kết,"[[""en"", ""Đoàn Kết Commune""], [""vi"", ""Xã Đoàn Kết""]]",True,True,104.64970397949219,20.860849380493164,104.82268524169922,21.070926666259766,c3e7399c-40fe-4f71-a66b-d70e012dda81
ddc722af-e724-4778-bec2-5944feac72a9,VN,VN-HN,microhood,,land,Quảng trường C1,,True,True,105.84280395507812,21.005765914916992,105.84346008300781,21.0067195892334,f940bcdb-3bc6-409f-904a-1a109d133286
7216e10d-fd7a-45e1-82e8-67f4c64a31f9,VN,VN-07,locality,,land,Xã Ngọc Long,"[[""en"", ""Ngọc Long Commune""], [""vi"", ""Xã Ngọc Long""]]",True,True,105.26625061035156,22.93271827697754,105.38401794433594,23.048267364501953,9a917a6c-c06a-4f53-9649-8d765f58d0e1
8593bca2-f52e-4d60-8bc4-7c16963dd99d,VN,VN-HN,locality,,land,Xã Chuyên Mỹ,"[[""en"", ""Chuyên Mỹ Commune""]]",True,True,105.84368896484375,20.668405532836914,105.92293548583984,20.76274871826172,2fee3bc4-0b9b-4353-a3ec-0c53a1fd70be
12030cb7-c77f-495e-a3fc-7f2ba186a6f5,VN,VN-07,locality,,land,Xã Pờ Ly Ngài,"[[""en"", ""Pờ Ly Ngài Commune""], [""vi"", ""Xã Pờ Ly Ngài""]]",True,True,104.58160400390625,22.6639347076416,104.66877746582031,22.745452880859375,19b6d90e-f815-4e36-929d-f580168f370d
c7edcfae-ddff-4e47-b527-fe4e583c4538,VN,VN-56,locality,,land,Phường Trạm Lộ,"[[""vi-Hani"", ""坊湛露""], [""zh-Hans"", ""湛露坊""], [""lzh"", ""湛露坊""], [""zh-Hant"", ""湛露坊""], [""en"", ""Tram Lo Ward""], [""zh"", ""湛露坊""]]",True,True,106.09342956542969,20.983243942260742,106.14360809326172,21.041706085205078,89b47279-b7cd-443e-a6ad-8ade54ac6075
80efb3a3-041b-45a4-acd2-5b172e118592,VN,VN-69,locality,,land,Phường Bách Quang,"[[""en"", ""Bách Quang Ward""], [""de"", ""Stadtviertel Bách Quang""], [""vi"", ""Phường Bách Quang""]]",True,True,105.82283020019531,21.467571258544922,105.91516876220703,21.542551040649414,fa16c60f-45d6-4f2f-bd1a-145d7b83c03f
c9ad43cb-f689-4152-b860-3b859193bbc4,VN,VN-68,locality,,land,Xã Hương Cần,"[[""en"", ""Hương Cần Commune""], [""vi"", ""Xã Hương Cần""]]",True,True,105.1910400390625,20.945085525512695,105.2909927368164,21.086626052856445,c130b545-ebc2-4b20-b550-3ef0af93c86c
d48f8cd7-4147-44c5-b2e4-095cf1f21129,VN,VN-HN,locality,,land,Xã Hát Môn,"[[""en"", ""Hat Mon Commune""], [""vi"", ""Xã Hát Môn""]]",True,True,105.58930206298828,21.040260314941406,105.66497039794922,21.137670516967773,0a056747-de06-4514-9759-1600ad32fe04
7b667008-a96c-4862-9d1a-8c43e2acca77,VN,VN-66,locality,,land,Nghĩa Trụ,"[[""en"", ""Nghia Tru""], [""ru"", ""Нгиа Тру""]]",True,True,105.94046783447266,20.92046356201172,106.02255249023438,20.968530654907227,3642374f-ee49-4ca7-8a12-c076879494be
59014f03-c3ab-41b4-af81-b75890a476ea,VN,VN-HP,locality,,land,Phường Tân Thành,,True,True,106.73944091796875,20.74294090270996,106.77999877929688,20.776092529296875,2fa5f715-6271-492d-ba66-1d338441c2dc
f29a7bd9-0d44-470c-abce-e115c3ab4202,VN,VN-09,locality,,land,Xã Văn Lãng,"[[""vi-Hani"", ""社文朗""], [""zh-Hans"", ""文朗社""], [""lzh"", ""文朗社""], [""zh-Hant"", ""文朗社""], [""zh"", ""文朗社""]]",True,True,106.45777130126953,22.000320434570312,106.60130310058594,22.172039031982422,53c3bf80-fdc2-4eef-959b-23b614f357fb
6cba158f-e97b-4db5-bcbc-c1ecb65e9949,VN,VN-68,locality,,land,Xã Xuân Viên,"[[""en"", ""Xuân Viên Commune""], [""vi"", ""Xã Xuân Viên""]]",True,True,104.93806457519531,21.370134353637695,105.04871368408203,21.435531616210938,ed404126-d425-46eb-8e1d-a6b8752ded01
7aff5a4b-6f99-440c-869c-3b09cd4f1fce,VN,VN-66,locality,,land,Xã Phạm Ngũ Lão,"[[""en"", ""Phạm Ngũ Lão Commune""], [""vi"", ""Xã Phạm Ngũ Lão""]]",True,True,106.07339477539062,20.84030532836914,106.14730072021484,20.897747039794922,87053e7b-93c5-4f9b-b9e9-cc5c7b6fb277
03df1e79-445a-4add-8b48-7cd6def38e22,VN,VN-18,locality,,land,Phường Tiên Sơn,"[[""en"", ""Tiên Sơn Ward""], [""vi"", ""Phường Tiên Sơn""]]",True,True,105.94100952148438,20.55803108215332,106.00599670410156,20.63991928100586,d51b69da-463b-4a82-89ce-552cbf48aa2a
4919e183-b87e-4c93-a5c7-1b9c55b8a09f,VN,VN-13,locality,,land,Phường Yên Tử,"[[""de"", ""Stadtviertel Yên Tử""], [""en"", ""Yen Tu Ward""], [""vi"", ""Phường Yên Tử""]]",True,True,106.65663146972656,20.99736785888672,106.78899383544922,21.167409896850586,a75ca92e-fced-45fe-bd67-23763848c29e
e5db4867-e364-467e-a9dc-5eaf23bbf3c7,VN,VN-HN,locality,,land,Phường Hai Bà Trưng,"[[""en"", ""Hai Ba Trung Ward""]]",True,True,105.84136199951172,21.0076847076416,105.86587524414062,21.020660400390625,f2d94f84-8342-4ecc-ad98-8bff89962757
48c438b1-5f31-4b2d-944e-74b5246e01a9,VN,VN-07,locality,,land,Xã Kiến Thiết,"[[""en"", ""Kiến Thiết Commune""], [""vi"", ""Xã Kiến Thiết""]]",True,True,105.25149536132812,21.90251922607422,105.3981704711914,22.04141616821289,65b1654f-47bd-4173-a619-534706af5ef2
3c3bcb4b-2f48-445c-b5e5-27a3a974e9f4,VN,VN-56,locality,,land,Phường Phương Liễu,"[[""vi-Hani"", ""坊芳柳""], [""zh-Hans"", ""芳柳坊""], [""lzh"", ""芳柳坊""], [""zh-Hant"", ""芳柳坊""], [""en"", ""Phuong Lieu Ward""], [""zh"", ""芳柳坊""]]",True,True,106.09636688232422,21.13395881652832,106.1543197631836,21.18202781677246,7584bfda-2703-47f8-81e3-5bda35c1f225
823f2336-1303-4892-952b-d63bbf61773c,VN,VN-66,locality,,land,Xã Nghĩa Dân,"[[""en"", ""Nghĩa Dân Commune""], [""vi"", ""Xã Nghĩa Dân""]]",True,True,106.00201416015625,20.740615844726562,106.06578063964844,20.81467628479004,108bd260-f0f1-47d1-9e28-31bf7d733886
3ab9d763-a976-4767-84b7-a05481b81f95,VN,VN-07,locality,,land,Xã Đồng Tâm,"[[""en"", ""Đồng Tâm Commune""], [""vi"", ""Xã Đồng Tâm""]]",True,True,104.8826675415039,22.44150733947754,105.08802795410156,22.56285858154297,43fdb8f1-abaa-4d46-a4b5-1f8983c21d18
1c38a2ed-d429-48c3-9246-0dc8741ea231,VN,VN-13,locality,,land,Phường Hoàng Quế,"[[""de"", ""Stadtviertel Hoàng Quế""], [""en"", ""Hoang Que Ward""], [""vi"", ""Phường Hoàng Quế""]]",True,True,106.607177734375,21.011362075805664,106.71692657470703,21.093196868896484,033cd766-f9f4-4230-bb50-558bb7b3bd50
c0435888-7135-451d-bfe7-09fe356facef,VN,VN-68,locality,,land,Xã Tiên Lương,"[[""en"", ""Tiên Lương Commune""], [""vi"", ""Xã Tiên Lương""]]",True,True,104.9775161743164,21.420209884643555,105.0797348022461,21.500520706176758,e18a387d-16a5-4233-a3b0-7decc78337ac
1a56f5a0-a852-4152-a2a8-33dc16da92d2,VN,VN-68,locality,,land,Phường Hòa Bình,"[[""en"", ""Hòa Bình Ward""], [""vi"", ""Phường Hòa Bình""]]",True,True,105.31282806396484,20.80158233642578,105.38570404052734,20.885408401489258,2e52b26f-6499-422c-a492-d3052200e815
c1b13bf6-efb2-4da2-8829-8ceb60b5a10b,VN,VN-07,locality,,land,Xã Thượng Sơn,"[[""en"", ""Thượng Sơn Commune""], [""vi"", ""Xã Thượng Sơn""]]",True,True,104.76837158203125,22.578222274780273,104.90765380859375,22.74915885925293,2f68d78f-51ff-4bea-9b32-899bf76cbbe2
f9d40199-87e0-4671-879f-539b1d61c0c1,VN,VN-69,locality,,land,Xã Phú Lương,"[[""en"", ""Phú Lương Commune""], [""vi"", ""Xã Phú Lương""]]",True,True,105.64193725585938,21.662160873413086,105.7985610961914,21.831695556640625,a05a689d-446b-45c9-8da9-0e82e395fce4
e278a6d6-acd1-4476-9198-591ec6231392,VN,VN-09,locality,,land,Xã Chiến Thắng,"[[""vi-Hani"", ""社戰勝""], [""zh-Hans"", ""战胜社""], [""lzh"", ""戰勝社""], [""zh-Hant"", ""戰勝社""], [""zh"", ""戰勝社""]]",True,True,106.68964385986328,21.65131950378418,106.83256530761719,21.79768180847168,fd790780-a2bf-4eb6-a444-33a6b3fe0884
25103d6e-d0fc-49c0-9c0d-0099d467cd3b,VN,VN-HN,locality,,land,Phường Yên Hòa,"[[""en"", ""Yen Hoa Ward""]]",True,True,105.7822036743164,21.00228500366211,105.81082916259766,21.02607536315918,09455150-686a-4779-9531-6d15e72d8e3e
d31cf671-5e1c-4f13-8688-49ef211cad0b,VN,VN-HP,locality,,land,Xã Tiên Lãng,"[[""en"", ""Tiên Lãng Commune""], [""vi"", ""Xã Tiên Lãng""]]",True,True,106.51312255859375,20.705217361450195,106.58097076416016,20.76238250732422,d7157512-232b-4e2f-8ea9-3c8e5fe129a6
6f20e1d2-9350-4604-8196-362555d4913f,VN,VN-07,locality,,land,Xã Thượng Nông,"[[""en"", ""Thượng Nông Commune""], [""vi"", ""Xã Thượng Nông""]]",True,True,105.42394256591797,22.533607482910156,105.55181884765625,22.636281967163086,67163699-b415-4b22-b30e-36dd00f458ec
4e243c9d-0173-4c2e-b7a3-8c6963fa6df8,VN,VN-69,locality,,land,Xã Định Hóa,"[[""en"", ""Định Hóa Commune""], [""vi"", ""Xã Định Hóa""]]",True,True,105.54291534423828,21.856136322021484,105.65731048583984,21.957836151123047,463007a4-0be3-4444-a52d-feb163c97e0a
b7e0957e-1285-45b9-a9ba-80a54337b7e5,VN,VN-07,microhood,,land,Quảng trường Tân Trào,,True,True,105.4732666015625,21.77408218383789,105.47465515136719,21.774669647216797,389fdd56-f6fc-4943-bd15-d26901cfa377
29c194ba-8efb-4868-9510-d25ae3bf8e84,VN,VN-56,locality,,land,Phường Việt Yên,"[[""vi-Hani"", ""坊越安""], [""zh-Hans"", ""越安坊""], [""lzh"", ""越安坊""], [""zh-Hant"", ""越安坊""], [""zh"", ""越安坊""]]",True,True,106.07899475097656,21.25539207458496,106.162353515625,21.336591720581055,7bc6deb4-503d-42df-a8a2-5db934ffc63f
5fe77ecf-755b-40b5-8b4e-b988b356047d,VN,VN-56,locality,,land,Xã Nam Dương,"[[""vi-Hani"", ""社南陽""], [""zh-Hans"", ""南阳社""], [""lzh"", ""南陽社""], [""zh-Hant"", ""南陽社""], [""zh"", ""南陽社""]]",True,True,106.53850555419922,21.265464782714844,106.64508819580078,21.36629867553711,1181302f-857d-42f1-b73b-5636fd233f76
79119c57-b4bb-4709-94ba-20cc58eff7d8,VN,VN-13,locality,,land,Phường Phong Cốc,"[[""vi-Hani"", ""坊豐穀""], [""vi"", ""Phường Phong Cốc""], [""zh-Hans"", ""丰谷坊""], [""de"", ""Stadtviertel Phong Cốc""], [""lzh"", ""豐穀坊""], [""zh-Hant"", ""豐穀坊""], [""en"", ""Phong Coc Ward""], [""zh"", ""豐穀坊""]]",True,True,106.75301361083984,20.843242645263672,106.89932250976562,20.935213088989258,a053f92a-801a-4356-90a6-7ee890ec207c
24c39a71-dc52-481f-bb0e-c3860461f4e6,VN,VN-56,locality,,land,Xã Sa Lý,"[[""vi-Hani"", ""社沙里""], [""zh-Hans"", ""沙里社""], [""lzh"", ""沙里社""], [""zh-Hant"", ""沙里社""], [""zh"", ""沙里社""]]",True,True,106.68289184570312,21.507356643676758,106.86515808105469,21.57696533203125,efd58016-8784-41df-ac36-31f029665b3e
0570ed46-fe35-4b96-b2bd-9d6cb37da266,VN,VN-69,locality,,land,Xã Phượng Tiến,"[[""en"", ""Phượng Tiến Commune""], [""vi"", ""Xã Phượng Tiến""]]",True,True,105.63423919677734,21.8492374420166,105.77784729003906,22.013736724853516,c1cd98cd-5eb1-4505-95b1-b3d7c868f89a
c13b21b8-cd3b-4fa8-bb66-02c697a68cc8,VN,VN-69,locality,,land,Xã Thành Công,"[[""en"", ""Thành Công Commune""], [""vi"", ""Xã Thành Công""]]",True,True,105.7208480834961,21.359561920166016,105.8535385131836,21.42999267578125,9bd96223-6d4a-4db9-a911-2aa3235b87a8
dcda272d-cab8-411d-a66f-c06d41968348,VN,VN-13,locality,,land,Xã Tiên Yên,"[[""vi-Hani"", ""社先安""], [""vi"", ""Xã Tiên Yên""], [""zh-Hans"", ""先安社""], [""ko"", ""띠엔옌""], [""de"", ""Gemeinde Tiên Yên""], [""lzh"", ""先安社""], [""zh-Hant"", ""先安社""], [""en"", ""Tien Yen Commune""], [""zh"", ""先安社""]]",True,True,107.33100891113281,21.281356811523438,107.46722412109375,21.467369079589844,2da8b3f0-8800-4307-b394-0f57f833d18b
2dc263a6-1b3e-4909-a247-75e10b7c5e28,VN,VN-HN,locality,,land,Xã An Khánh,"[[""en"", ""An Khanh Commune""]]",True,True,105.66394805908203,20.955421447753906,105.74275207519531,21.01119041442871,503c95b7-d6fb-4ed7-a5d7-6c333c62cafd
96ad3405-9920-448b-b22f-876a8a494feb,VN,VN-68,locality,,land,Xã Tân Sơn,"[[""en"", ""Tân Sơn Commune""], [""vi"", ""Xã Tân Sơn""]]",True,True,104.9333724975586,21.1796875,105.09001159667969,21.30736541748047,09b4b390-dfe0-484c-9f2d-48670f6ccc4c
f494d324-af21-4e71-a3f7-3f625a5eea9f,VN,VN-34,locality,,land,Xã Trung Khánh Vĩnh,,True,True,108.6685791015625,12.309209823608398,108.944091796875,12.505611419677734,1a7da814-4b6c-43ac-9cef-0be8813e9a4f
4c7b2fc2-2d5d-414b-80e7-dbe49ac80acf,VN,VN-DN,region,1,maritime,Thành phố Đà Nẵng,"[[""hy"", ""Դանանգ""], [""ku"", ""Da Nang""], [""st"", ""Da Nang""], [""ta"", ""தா நாங்""], [""ar"", ""دا نانغ""], [""fr"", ""Da Nang""], [""lv"", ""Dananga""], [""eu"", ""Da Nang""], [""am"", ""ዳ ናንግ""], [""mt"", ""Da Nang""], [""bn"", ""ডানাং""], [""uz"", ""Danang""], [""uk"", ""Дананг""], [""fj"", ""Da Nang""], [""ky"", ""Дананг""], [""tt"", ""Данаң""], [""pt"", ""Da Nang""], [""cs"", ""Danang""], [""zu"", ""IDanang""], [""lo"", ""ດານັງ""], [""gl"", ""Da Nang""], [""el"", ""Ντα Νανγκ""], [""ca"", ""Da Nang""], [""vi-Hani"", ""城庯沱㶞""], [""os"", ""Дананг""], [""vi"", ""Thành phố Đà Nẵng""], [""tl"", ""Da Nang""], [""nl"", ""Đà Nẵng""], [""zh-Hans"", ""岘港市""], [""bg"", ""Дананг""], [""ko"", ""다낭""], [""eo"", ""Danango""], [""tk"", ""Da Naň""], [""mk"", ""Да Нанг""], [""af"", ""Da Nang""], [""yi"", ""דא נאנג""], [""ha"", ""Da Nang""], [""cy"", ""Da Nang""], [""nb"", ""Da Nang""], [""ig"", ""Da Nang""], [""cv"", ""Дананг""], [""ur"", ""دا نانگ""], [""jv"", ""Da Nang""], [""ru"", ""Дананг""], [""ht"", ""Da Nang""], [""th"", ""ดานัง""], [""sq"", ""Da Nang""], [""ia"", ""Da Nang""], [""sv"", ""Da Nang""], [""tr"", ""Da Nang""], [""da"", ""Da Nang""], [""my"", ""ဒါနန့်မြို့""], [""sr-Cyrl"", ""Да Нанг""], [""zh-Hant"", ""峴港市""], [""sm"", ""Da Nang""], [""en"", ""Đà Nẵng""], [""tn"", ""Da Nang""], [""he"", ""דה נאנג""], [""kn"", ""ಡಾ ನಂಗ್""], [""az"", ""Dananq""], [""wa"", ""Da Nang""], [""hi"", ""डै नैंग""], [""tw"", ""Da Nang""], [""ie"", ""Da Nang""], [""io"", ""Da Nang""], [""sw"", ""Da Nang""], [""be"", ""Дананг""], [""mi"", ""Da Nang""], [""ja"", ""ダナン""], [""ro"", ""Da Nang""], [""kg"", ""Da Nang""], [""lt"", ""Danangas""], [""km"", ""ដាណាំង""], [""ay"", ""Da Nang""], [""fa"", ""دانانگ""], [""mn"", ""Да Нанг""], [""zh"", ""岘港市""], [""ms"", ""Da Nang""]]",False,True,107.2109146118164,14.951353073120117,109.0235595703125,16.334009170532227,596b32d0-9cb1-4e8f-b4cd-f82eeb46704a
7918c461-b216-40a4-bfa3-7ffd1c29f3ed,VN,VN-34,locality,,land,Xã Hòa Trí,,True,True,108.97957611083984,12.50776481628418,109.13217163085938,12.691756248474121,6dd1e898-c843-48f5-a427-60f4836ebd4f
e04e805c-3018-4c40-ae35-e9e00be0acfa,VN,VN-33,locality,,land,Xã Hòa Thịnh,,True,True,109.19490051269531,12.812508583068848,109.33187103271484,12.990389823913574,027e0611-c1b6-4cbd-8ec6-724b298f5ece
094ec5dd-109b-4149-b79d-d7d62fb07565,VN,VN-DN,locality,,land,Phường Hội An Đông,"[[""en"", ""Hội An Đông Ward""], [""vi"", ""Phường Hội An Đông""]]",True,True,108.32855987548828,15.858661651611328,108.39373016357422,15.903177261352539,fd8ff9eb-6ed7-468c-9022-f7ba744f6e10
53ced2ce-ab07-47d9-b7aa-37d0b8bab3ef,VN,VN-DN,locality,,land,Xã Trà My,"[[""en"", ""Trà My Commune""], [""vi"", ""Xã Trà My""]]",True,True,108.15106964111328,15.28760051727295,108.31138610839844,15.40397834777832,4887c95f-783c-4b9f-84fb-b621ae97efc5
a7ec13d5-ddac-4ed6-9f83-9553617bd2b8,VN,VN-33,microhood,,land,Quảng trường 1 tháng 4,,True,True,109.31765747070312,13.096746444702148,109.32070922851562,13.099416732788086,27adbd1b-6416-49d3-87a2-d0d109176274
86cdb848-e200-48dd-8ba8-d08304fbeab0,VN,VN-29,locality,,land,Xã Thanh Bồng,,True,True,108.28150177001953,15.200493812561035,108.467529296875,15.31165885925293,48869ad1-7485-4df8-822c-6c5b8216c493
4d325e0f-3bd3-406f-a222-caabc2438f64,VN,VN-30,locality,,land,Xã Phù Mỹ Đông,,True,True,109.10574340820312,14.191121101379395,109.21068572998047,14.35132122039795,bb19e2fc-9373-4f6f-85fe-7222f1091e7c
ef1c2f7f-58e5-4194-b964-53c82b922406,VN,VN-30,locality,,land,Xã An Lão,,True,True,108.85498809814453,14.555688858032227,108.97467803955078,14.703204154968262,6e7e3a20-281d-4a88-a10b-eb2fc170f7be
f12f64a1-c38c-42b1-b360-3949a3383324,VN,VN-30,locality,,land,Phường Ayun Pa,"[[""en"", ""Ayun Pa Ward""], [""vi"", ""Phường Ayun Pa""]]",True,True,108.40742492675781,13.380718231201172,108.4603500366211,13.440731048583984,201cfef6-bef0-4f8a-88a3-04b7870790ca
2c5e5339-3c4a-4d3d-ac36-db5d3c8f6703,VN,VN-34,locality,,land,Xã Cam An,,True,True,108.99291229248047,11.937396049499512,109.14485931396484,12.052468299865723,7c769762-badf-4b83-9981-6845e0c40698
55957ec6-a98f-4f97-b1b3-f0b477d98b0b,VN,VN-33,locality,,land,Xã Xuân Cảnh,,True,True,109.14861297607422,13.516459465026855,109.2986068725586,13.608770370483398,bb964a0d-5415-4112-8bf5-026633fe7cb8
ebc3b8f4-030c-4e4a-b2d6-8a07ea9d821d,VN,VN-DN,locality,,land,Phường Cẩm Lệ,"[[""en"", ""Cẩm Lệ Ward""], [""vi"", ""Phường Cẩm Lệ""]]",True,True,108.15768432617188,15.993423461914062,108.22132873535156,16.037946701049805,d0b82b83-7428-4760-afe5-424ee5fe8fba
f002f39d-9a99-4a58-a641-1c83f24820f2,VN,VN-34,locality,,land,Xã Thuận Bắc,,True,True,108.96772766113281,11.661357879638672,109.1136703491211,11.794507026672363,2d578a09-e0ca-4c45-a68a-4fe9dbdda96d
452894ad-86be-4d23-85ad-850584b92545,VN,VN-DN,locality,,land,Phường Điện Bàn Bắc,"[[""en"", ""Điện Bàn Bắc Ward""], [""vi"", ""Phường Điện Bàn Bắc""]]",True,True,108.13323974609375,15.895133972167969,108.23797607421875,15.965660095214844,1f140928-6a81-4804-87d9-53325eede7af
5f669532-eaf2-452e-97ba-0d014479a121,VN,VN-33,locality,,land,Xã Pơng Drang,,True,True,108.16996765136719,12.900057792663574,108.30142211914062,13.00172233581543,3f97a5da-e67f-4642-881c-c99b2684f917
fee1599c-2634-44bf-998e-c320c5857c75,VN,VN-30,locality,,land,Xã Bình Khê,,True,True,108.74420166015625,13.90811538696289,108.87901306152344,14.048736572265625,600b11df-9967-422f-a17c-85768ae997a1
b6a945f6-1c3f-4fb3-aaa7-d8168b2e0236,VN,VN-29,locality,,land,Xã Ba Tơ,,True,True,108.65697479248047,14.682154655456543,108.80145263671875,14.804217338562012,4d090c2e-7a9f-4141-8d24-35f67e4f9c7c
42619c65-f766-44be-ae62-638eb2e1cbf5,VN,VN-34,locality,,land,Phường Cam Linh,,True,True,109.13349151611328,11.894075393676758,109.16752624511719,11.92277717590332,4a87d06a-ae9e-4993-80cd-cefa19c4da01
30b9451c-8bbd-4fe7-8f4f-aa301cd10451,VN,VN-33,locality,,land,Xã Hòa Mỹ,,True,True,109.09088897705078,12.781148910522461,109.23481750488281,12.980228424072266,cc45da13-af7c-4afc-a681-570ceb98facc
20b50100-e34a-4c5a-93d4-705dabf75062,VN,VN-30,locality,,land,Xã Đề Gi,,True,True,109.05967712402344,14.054441452026367,109.21187591552734,14.153715133666992,39138890-4846-4a0d-bd91-45da35a71e13
6f3903a9-3349-449e-aea8-586871debcc4,VN,VN-DN,locality,,land,Xã Đồng Dương,"[[""en"", ""Đồng Dương Commune""], [""vi"", ""Xã Đồng Dương""]]",True,True,108.21760559082031,15.590289115905762,108.3412857055664,15.704092025756836,01a9689b-8072-49ad-8ffe-5f6eeab7b970
61e040de-b5d0-4a87-9ff1-b32835547ca6,VN,VN-DN,locality,,land,Xã Thăng Bình,"[[""en"", ""Thăng Bình Commune""], [""vi"", ""Xã Thăng Bình""]]",True,True,108.31050109863281,15.66210651397705,108.40172576904297,15.784077644348145,25c5829a-2543-4701-81c5-e4d8e8ec3b34
5326cd0f-1aa5-47d9-bd3a-7743ebd46be1,VN,VN-29,region,1,land,Tỉnh Quảng Ngãi,"[[""fr"", ""Province Quảng Ngãi""], [""uk"", ""Куанґнґай""], [""pt"", ""Província Quảng Ngãi""], [""cs"", ""Provincie Quảng Ngãi""], [""it"", ""Provincia Quảng Ngãi""], [""vi-Hani"", ""省廣義""], [""vi"", ""Tỉnh Quảng Ngãi""], [""nl"", ""Provincie van Quảng Ngãi""], [""zh-Hans"", ""广义省""], [""ko"", ""꽝응아이""], [""de"", ""Provinz Quảng Ngãi""], [""ru"", ""Куангнгай""], [""id"", ""Provinsi Quảng Ngãi""], [""sv"", ""Quảng Ngãi-provinsen""], [""tr"", ""Eyaleti Quảng Ngãi""], [""da"", ""Quảng Ngãi-provinsen""], [""zh-Hant"", ""廣義省""], [""en"", ""Quảng Ngãi Province""], [""es"", ""Provincia Quảng Ngãi""], [""ja"", ""クアンガイ""], [""ro"", ""Provincia Quảng Ngãi""], [""no"", ""Quảng Ngãi-provinsen""], [""zh"", ""广义省""], [""ms"", ""Provinsi Quảng Ngãi""], [""pl"", ""Prowincja Quảng Ngãi""]]",True,False,107.33538055419922,13.92167854309082,109.14443969726562,15.432523727416992,9f8466dc-d6d3-4f2a-8d7d-e787cc84658f
5e02133b-8ea1-48fe-a439-dc8b1f9bf3d4,VN,VN-30,locality,,land,Xã Chơ Long,,True,True,108.35301971435547,13.660857200622559,108.503173828125,13.836991310119629,900629b5-032e-4059-accd-ffa1e46a0ecc
adfbc6c8-4f58-47ef-b65b-29309cb511a2,VN,VN-33,locality,,land,Phường Bình Kiến,,True,True,109.1783218383789,13.093647956848145,109.3232421875,13.179814338684082,5f9444fc-0653-47e5-ac74-ed4c8073e58d
72d98d04-1887-4d5e-8e28-17dca0ac703d,VN,VN-30,locality,,land,Xã Al Bá,,True,True,108.09331512451172,13.631074905395508,108.19634246826172,13.773569107055664,3fa52690-b01e-4f7d-b21c-cff249e414d9
92e4c5b2-9ce6-41a7-9b74-c43c519ab711,VN,VN-34,microhood,,land,Quảng trường Cam Ranh,,True,True,109.16207885742188,11.926034927368164,109.16349029541016,11.927359580993652,f3810fbc-4b36-487a-929f-e12493d813ea
9bee28a4-14cc-41d8-a7a9-231cd576cd3d,VN,VN-30,locality,,land,Xã An Toàn,,True,True,108.6279067993164,14.363927841186523,108.786865234375,14.614126205444336,c5fd2001-22a2-48c9-a999-27c25e8712b4
344a5668-d5bc-4f04-8542-499ce6abfe99,VN,VN-33,locality,,land,Xã Đồng Xuân,,True,True,108.99584197998047,13.318320274353027,109.19160461425781,13.470330238342285,387a0437-5c7a-4264-a091-e7d06c88f3ba
5dc0abee-efd0-4b36-b142-b811ce4ee84d,VN,VN-DN,locality,,land,Phường Bàn Thạch,"[[""en"", ""Bàn Thạch Ward""], [""vi"", ""Phường Bàn Thạch""]]",True,True,108.44178771972656,15.549939155578613,108.52423095703125,15.642380714416504,315c1ba4-e571-4c3e-a37b-db332b8f179d
ef61d839-dd5a-4e7b-96ef-88e159ef53a3,VN,VN-35,locality,,land,Xã Phan Rí Cửa,,True,True,108.50025939941406,11.127071380615234,108.66368103027344,11.251298904418945,a357f125-8f3c-49fa-9729-b64159293ea5
15065058-fdcb-45f8-b98d-1fc281d1f717,VN,VN-DN,locality,,land,Xã Trà Liên,"[[""en"", ""Trà Liên Commune""], [""vi"", ""Xã Trà Liên""]]",True,True,108.26561737060547,15.278609275817871,108.46952056884766,15.401238441467285,fe1817c6-23dd-4b09-9437-d08c2167b2fa
97015682-4208-41f1-8f3e-08ce5f911385,VN,VN-29,locality,,land,Xã Bình Minh,,True,True,108.5768051147461,15.259563446044922,108.72701263427734,15.3695650100708,5b0005fc-6d8a-46e7-8442-2d5a250192a1
7d58bae4-a587-4927-8d89-c9e4e0ab1470,VN,VN-34,locality,,land,Phường Cam Ranh,,True,True,109.13040924072266,11.913347244262695,109.1889877319336,11.956934928894043,2d1014e1-54c2-42c8-b2ea-0571d187e063
7a85cea2-4a1e-4a5d-b085-b8f5309c9aa4,VN,VN-30,locality,,land,Xã Phù Mỹ Nam,,True,True,108.98561096191406,14.081669807434082,109.11558532714844,14.170037269592285,77bdcec2-2a0b-44ab-8e3d-0581180b324d
805e87e3-2abf-41f6-aef6-c00bca0df789,VN,VN-30,locality,,land,Xã Ia Dreh,,True,True,108.48861694335938,12.996166229248047,108.7604751586914,13.180011749267578,31c3dc61-6dfd-453f-98aa-6249167a1aa0
1231bed3-cbab-4af1-9689-5a7c435af1ae,VN,VN-30,locality,,land,Xã Bình Hiệp,,True,True,108.85298156738281,13.927230834960938,109.02983856201172,14.134757995605469,984b9582-ada2-484d-ac27-14d85f7e103f
8044b70c-6bcc-4dc3-aedf-98f000bc5170,VN,VN-35,locality,,land,Xã Tân Hà Lâm Hà,,True,True,108.07816314697266,11.64979076385498,108.2435073852539,11.794899940490723,cf699e55-4ed1-4c72-a55d-249bec58e116
6016265f-5b4c-4758-ba4d-9c0a4e7c1fa7,VN,VN-DN,locality,,land,Xã Tam Mỹ,"[[""en"", ""Tam Mỹ Commune""], [""vi"", ""Xã Tam Mỹ""]]",True,True,108.42855834960938,15.307440757751465,108.66034698486328,15.427472114562988,f574b78d-79fd-406b-b132-a809a20d6522
73d7d593-d97c-4f4b-afa0-bee33ac50269,VN,VN-34,locality,,land,Xã Anh Dũng,,True,True,108.55146026611328,11.50075626373291,108.80548858642578,11.735190391540527,666f5a07-4ec6-4a2a-b9de-916a3512becf
40654ef0-1bd5-4a64-b749-e99a570b4fe6,VN,VN-29,locality,,land,Xã Ba Vinh,,True,True,108.6034927368164,14.786815643310547,108.73815155029297,14.899127006530762,149ecbac-5b69-4fb0-b08a-c3c87424f00b
b5e7a6b8-bab0-40dd-b6a7-c5fdb29d8219,VN,VN-30,locality,,land,Xã Tuy Phước Bắc,,True,True,109.12022399902344,13.846938133239746,109.19210052490234,13.921672821044922,a89e6f78-c234-451b-a4c8-a7ae23fba8b6
87e3cbf4-5468-4e07-836c-630bc0054256,VN,VN-33,locality,,land,Xã Xuân Thọ,,True,True,109.09065246582031,13.357406616210938,109.24043273925781,13.620378494262695,964c04cb-ee2f-4b1a-bfc5-070fff1fa569
801db661-3c2a-471b-bdd3-c2b998fa3224,VN,VN-34,locality,,land,Xã Cà Ná,,True,True,108.84380340576172,11.306894302368164,108.96100616455078,11.397522926330566,a1d2fe56-9d69-44b3-92d4-7a950e7f3f45
0103afd8-5091-49fb-b727-15e7ddf97af8,VN,VN-DN,locality,,land,Phường Điện Bàn,"[[""en"", ""Điện Bàn Ward""], [""vi"", ""Phường Điện Bàn""]]",True,True,108.23589324951172,15.860148429870605,108.31318664550781,15.904908180236816,948d7e80-c52e-4679-bd85-2a2de4a2450c
ada5c24d-a941-4afe-bea6-9ae41e0de1e7,VN,VN-30,locality,,land,Phường An Nhơn,,True,True,109.02030181884766,13.893228530883789,109.10633850097656,13.963089942932129,26ed9a4a-3476-4de2-a737-b1c7822fd025
31a1ef5e-e7c0-4703-a3a3-e8cb334b9b56,VN,VN-33,locality,,land,Xã Hòa Sơn,,True,True,108.17626190185547,12.431269645690918,108.34070587158203,12.536089897155762,8c95432a-02df-4b89-933a-162d806faffb
87445140-8cf8-4e2b-86d7-080e9c337882,VN,VN-30,locality,,land,Phường Tam Quan,"[[""en"", ""Tam Quan Ward""], [""vi"", ""Phường Tam Quan""]]",True,True,108.94673156738281,14.532964706420898,109.06209564208984,14.617347717285156,df14304f-c87a-4c96-9fd0-eb826d2d1cab
c6dc5ff2-6417-4b44-934c-382f36b03d0d,VN,VN-30,locality,,land,Xã Cửu An,,True,True,108.64695739746094,13.916467666625977,108.76398468017578,14.128556251525879,e6946686-f578-4c4e-9277-75d9dfd5869d
58652256-788f-4331-9ded-704a561a3d16,VN,VN-34,locality,,land,Xã Xuân Hải,,True,True,108.95500946044922,11.609662055969238,109.0405502319336,11.68844223022461,414b9787-ab9e-4841-a0cf-752e3b5d22d4
af918071-e1af-49a2-a4a0-8c8219e45fe9,VN,VN-30,locality,,land,Xã Kông Bơ La,,True,True,108.55199432373047,14.008919715881348,108.6868667602539,14.183493614196777,9141f03f-2316-4768-b793-293e143f45d7
36350c74-0bcf-4862-9dce-2863c459f5eb,VN,VN-34,locality,,land,Xã Phước Hữu,,True,True,108.73294067382812,11.479802131652832,108.91864013671875,11.649504661560059,06cf0b2c-9750-4378-a11a-d6696bce5114
5063d4d8-ce13-401c-8ffd-fe136008799b,VN,VN-33,locality,,land,Xã Cư Pui,,True,True,108.42459869384766,12.405869483947754,108.71892547607422,12.618914604187012,eec8109c-6205-45cb-b630-db684059ec9c
92bec380-8720-4056-af24-9d1722e33910,VN,VN-33,locality,,land,Xã Tam Giang,,True,True,108.36593627929688,12.928202629089355,108.52069091796875,13.149822235107422,c0448110-a19c-4d07-a9e1-d4726ed59b33
2dbca35b-0bc9-4802-b981-b8a91033ac42,VN,VN-30,locality,,land,Xã Kon Chiêng,,True,True,108.1827392578125,13.672061920166016,108.37854766845703,13.870379447937012,ae28ffec-5d6c-4eba-9439-f4d6b7809c6c
5688d982-d941-48fe-8a0f-cc63efa5eec2,VN,VN-30,locality,,land,Xã An Lương,,True,True,109.10733032226562,14.125490188598633,109.29627990722656,14.216348648071289,6897c28a-0795-4dd4-8511-0fceda04eb47
8637f069-3997-453f-aa22-6c4c63246455,VN,VN-33,locality,,land,Xã Dray Bhăng,,True,True,108.07625579833984,12.490790367126465,108.25424194335938,12.597436904907227,9837fb3d-5ed5-4ec2-b283-65b58fa3ba0a
9d835ee8-ebf0-4a69-9cd1-9e371e1b0034,VN,VN-29,locality,,land,Xã An Phú,,True,True,108.82026672363281,15.09434986114502,108.90404510498047,15.147835731506348,0c553ad8-eb2b-4791-bb6d-2f77a4e79f76
085e1ad2-8237-4338-9365-cc3ec537b1cc,VN,VN-30,locality,,land,Xã Vĩnh Thịnh,,True,True,108.7585678100586,14.055816650390625,108.87533569335938,14.228754043579102,6f169364-7a10-4520-94dc-71f1f6f36cf9
da8f6d32-217c-4603-b4e8-60604ec518e2,VN,VN-35,locality,,land,Xã Vĩnh Hảo,,True,True,108.70565795898438,11.2734375,108.87661743164062,11.388126373291016,379fed12-ad8e-4608-b092-292abb51f6cb
dad77199-12be-4511-8daf-b5625cb0646e,VN,VN-DN,neighborhood,,land,Tổ Đảng Nước,,True,True,108.21672058105469,15.342647552490234,108.2181625366211,15.344354629516602,8f232da6-09a0-4906-b027-cc944440ad72
e20f55ce-6fa4-4f7d-9437-28aef58a233f,VN,VN-30,locality,,land,Xã Mang Yang,,True,True,108.16580963134766,13.944613456726074,108.32038116455078,14.159913063049316,bf9c855d-8107-49ae-b95e-9797f91ae7de
78d2e14c-7958-4422-aeed-c216291d17b3,VN,VN-29,locality,,land,Xã Phước Giang,,True,True,108.68754577636719,14.994054794311523,108.7868423461914,15.087824821472168,4cb52f58-afab-4cc1-82bb-d751dcd7f14c
5358169c-0ca9-41eb-b591-712c9dfe70f9,VN,VN-33,locality,,land,Xã Cuôr Đăng,,True,True,108.11549377441406,12.715618133544922,108.22765350341797,12.834817886352539,7b92c676-f110-4b77-9dc4-e7e023dc1278
c8606dc9-72e3-4e60-bca6-89a523758ed9,VN,VN-29,locality,,land,Xã Vệ Giang,,True,True,108.81364440917969,15.01848316192627,108.89366149902344,15.087904930114746,740ed15a-b850-4575-896a-90465874a6f2
ba05afee-761b-42d4-8cfe-5fcd52fd6add,VN,VN-DN,microhood,,land,Bãi giữ xe,,True,True,108.33206176757812,15.87789249420166,108.33247375488281,15.878347396850586,29b85c02-397b-4716-a6e8-dae9ca6fb848
a4c006a8-d39e-4dfe-802b-d638b61196f4,VN,VN-35,locality,,land,Xã Đam Rông 3,,True,True,108.0766830444336,12.049947738647461,108.28046417236328,12.196637153625488,b160e2f2-d2db-46da-930e-0a67b2dfdf41
a0833a18-0abe-40e2-a5e0-16ec3899ecca,VN,VN-30,locality,,land,Xã SRó,,True,True,108.55027770996094,13.585522651672363,108.77440643310547,13.843734741210938,11afffa7-3803-4a5f-9150-098ed98e41a7
f16cdf29-c3f7-414c-ac50-1525b2b60537,VN,VN-29,locality,,land,Xã Đăk Rve,,True,True,108.20286560058594,14.383726119995117,108.38409423828125,14.572501182556152,eb85439b-34be-4dfd-8b49-b15632e5de38
17e77c67-8725-41e0-8f4f-ae2792eb489a,VN,VN-29,locality,,land,Xã Sơn Linh,,True,True,108.50786590576172,14.917325019836426,108.65573120117188,15.0874662399292,92f7d27e-2d6e-4e77-a37d-0599479cb835
48016958-034b-4940-997e-d195e5ec3f98,VN,VN-35,locality,,land,Phường Cam Ly - Đà Lạt,,True,True,108.31519317626953,11.878705978393555,108.4343032836914,11.980481147766113,c1e949b6-3d79-40cd-87ca-4ad7bd9484b7
41c553d1-49d8-4948-a8aa-58199036661e,VN,VN-29,locality,,land,Xã Lân Phong,,True,True,108.82209777832031,14.879815101623535,108.95633697509766,14.961196899414062,049f8852-50e4-413c-89b7-ca8a690f8de9
fb08c30a-31f4-4bc2-a6d2-fce0aaf56fd7,VN,VN-33,locality,,land,Xã Ea Ly,,True,True,108.67252349853516,12.89891529083252,108.81788635253906,13.101479530334473,800efa4e-02d0-4e54-92c2-01a8ee053827
86c9515b-583d-47fd-bfa4-0581d9a14bfd,VN,VN-33,locality,,land,Xã Xuân Lộc,,True,True,109.11869812011719,13.568281173706055,109.25382995605469,13.695334434509277,f89886d6-9f4f-44e0-8f51-1530f1beacc1
62550daf-7454-411b-beda-03cad04337dc,VN,VN-29,locality,,land,Xã Sơn Kỳ,,True,True,108.40283966064453,14.790143013000488,108.603759765625,14.933237075805664,3f027018-47ab-43df-b171-a1547e117add
323599d9-98fe-4fe5-83ed-4447d26629b0,VN,VN-29,locality,,land,Xã Nguyễn Nghiêm,,True,True,108.81483459472656,14.780385971069336,108.92359161376953,14.893607139587402,1d1155a8-6173-492f-ba4e-e6719be55e68
08ea926f-23d7-4a2a-9914-9d9034911fa0,VN,VN-29,region,1,maritime,Tỉnh Quảng Ngãi,"[[""fr"", ""Province Quảng Ngãi""], [""uk"", ""Куанґнґай""], [""pt"", ""Província Quảng Ngãi""], [""cs"", ""Provincie Quảng Ngãi""], [""it"", ""Provincia Quảng Ngãi""], [""vi-Hani"", ""省廣義""], [""vi"", ""Tỉnh Quảng Ngãi""], [""nl"", ""Provincie van Quảng Ngãi""], [""zh-Hans"", ""广义省""], [""ko"", ""꽝응아이""], [""de"", ""Provinz Quảng Ngãi""], [""ru"", ""Куангнгай""], [""id"", ""Provinsi Quảng Ngãi""], [""sv"", ""Quảng Ngãi-provinsen""], [""tr"", ""Eyaleti Quảng Ngãi""], [""da"", ""Quảng Ngãi-provinsen""], [""zh-Hant"", ""廣義省""], [""en"", ""Quảng Ngãi Province""], [""es"", ""Provincia Quảng Ngãi""], [""ja"", ""クアンガイ""], [""ro"", ""Provincia Quảng Ngãi""], [""no"", ""Quảng Ngãi-provinsen""], [""zh"", ""广义省""], [""ms"", ""Provinsi Quảng Ngãi""], [""pl"", ""Prowincja Quảng Ngãi""]]",False,True,107.33538055419922,13.92167854309082,109.46324920654297,15.797289848327637,9f8466dc-d6d3-4f2a-8d7d-e787cc84658f
3cea43ba-b658-49fb-8f76-47cdad817a31,VN,VN-34,locality,,land,Xã Cam Hiệp,,True,True,108.94403076171875,12.014039993286133,109.12541961669922,12.126580238342285,7da7f9e6-fe7c-47f4-8487-47ad1d219cb9
cf03fa4a-619c-49b4-a7e0-2b2479441d7e,VN,VN-30,locality,,land,Xã Phù Mỹ Tây,,True,True,108.96440124511719,14.157721519470215,109.11419677734375,14.269288063049316,ad33d800-cce6-4422-9b13-a8bcf37cc645
d187c9a6-91c1-4db6-98a6-f87e9b921d77,VN,VN-33,locality,,land,Xã Ô Loan,,True,True,109.19477081298828,13.196024894714355,109.34355926513672,13.313395500183105,6b9c2afe-c41e-4692-83dd-3e015cbdfed7
3dcf8129-b5d6-4bb6-a177-f10f932a75e4,VN,VN-33,locality,,land,Xã Sông Hinh,,True,True,108.8144760131836,12.704793930053711,109.11528778076172,13.014300346374512,3b65f039-bfe8-4d73-ba4d-85db0aec8842
39bac1a5-6f93-45c1-abbd-2b9985024041,VN,VN-34,locality,,land,Xã Tân Định,,True,True,108.98416900634766,12.445531845092773,109.12963104248047,12.565017700195312,ea5e1976-3a40-4311-bb65-f3f0fb79c29c
28cf4c75-9e34-4de9-b916-7a4b0b750937,VN,VN-30,locality,,land,Xã Tây Sơn,,True,True,108.88723754882812,13.819510459899902,109.01477813720703,13.930346488952637,39030b47-8206-4db4-983c-12387661e9b5
57a73eb6-cbc6-4a80-aed9-016d34c1405e,VN,VN-29,locality,,land,Xã Đặng Thùy Trâm,,True,True,108.76311492919922,14.668838500976562,108.97949981689453,14.809596061706543,94128f28-6230-4c49-aae1-a566526c0d74
e57874f0-5dcf-475d-a5f1-f4035e3c7fa3,VN,VN-33,locality,,land,Xã Yang Mao,,True,True,108.43376159667969,12.276647567749023,108.72925567626953,12.551972389221191,6437288e-fd9f-42d8-9384-f040ec7a1a0b
29bd3929-0a1e-4bad-a41e-9998cd558c09,VN,VN-30,locality,,land,Xã Krong,,True,True,108.32342529296875,14.155043601989746,108.54081726074219,14.37938117980957,14fee52f-526e-4d99-8ad1-eebde741c67d
ba88c2f9-4683-40ab-b477-52b7f7361e24,VN,VN-33,locality,,land,Xã Suối Trai,,True,True,108.75579071044922,13.01360034942627,108.93148040771484,13.173831939697266,742630a6-0c69-485d-9ba0-b42b3e2a437c
578ffe2e-3e4d-4b59-a8bd-0f4ffbfa6d05,VN,VN-30,locality,,land,Xã Ayun,,True,True,108.24895477294922,14.045156478881836,108.37368774414062,14.239179611206055,93743bbe-2d50-4db5-bd48-eb86383b4860
ef63be9e-d89a-4b1a-944a-3a40ff2e2013,VN,VN-29,locality,,land,Xã Cà Đam,,True,True,108.45437622070312,15.103314399719238,108.60523986816406,15.226814270019531,edae64d7-6313-45e3-a5cf-8dd388f9db6c
757a2804-6918-457f-8c4e-f7339186f44a,VN,VN-33,locality,,land,Xã Tây Hòa,,True,True,109.17937469482422,12.926600456237793,109.30915069580078,13.046480178833008,3eac4601-b2cd-47b6-8363-977b4eda3cf3
267a1801-b7c2-4a48-bc06-9b2bdda65363,VN,VN-34,locality,,land,Phường Bắc Cam Ranh,,True,True,109.13166809082031,11.852112770080566,109.2840576171875,12.030957221984863,0434ee06-2147-40be-9509-41945c5fc86c
cb4e51ef-dd71-4a1a-a2c0-721e00342e05,VN,VN-30,locality,,land,Xã Tuy Phước Tây,,True,True,109.05491638183594,13.743160247802734,109.14384460449219,13.846748352050781,1eacb7c3-d9ad-4e79-8b42-b142e9b475eb
572501ec-6284-4f8b-9558-fade93a8e8e8,VN,VN-34,locality,,land,Xã Phước Dinh,,True,True,108.91764068603516,11.31551456451416,109.0302963256836,11.561840057373047,a59d9360-e66d-40d9-a20b-d9302ec46fe3
d5471cdc-dc1a-4dc3-a1b2-8e8cf017f64a,VN,VN-30,locality,,land,Xã Pờ Tó,,True,True,108.28251647949219,13.554360389709473,108.4800796508789,13.694064140319824,dde71460-07dd-4769-b993-4180033ca230
7bfe04ca-d360-4e63-99a6-90d22f47e436,VN,VN-29,locality,,land,Phường Đức Phổ,,True,True,108.91171264648438,14.742554664611816,109.02228546142578,14.844245910644531,38d8feb7-524b-4e93-a59b-d04afb906556
cb154176-9124-4c1c-afc3-c7a66dae9381,VN,VN-29,locality,,land,Xã Sơn Hà,,True,True,108.31991577148438,14.939704895019531,108.50997161865234,15.111306190490723,841c773f-fdab-4d4f-8016-bbdd9f4ec9f8
505c663f-bddd-48d1-9ea1-42a045aa39a1,VN,VN-33,locality,,land,Xã Dang Kang,,True,True,108.24835205078125,12.52247428894043,108.39142608642578,12.627090454101562,b2657dff-9404-4786-92f5-a692aa653559
b668cf19-fdb2-4c35-9523-906cda0c3a6d,VN,VN-33,locality,,land,Xã Cư Prao,,True,True,108.5818862915039,12.767374038696289,108.79356384277344,12.95461654663086,0fb35964-c07b-4d63-ae15-54b54431079b
6b29d7a0-5e64-4981-b8e7-2743e23da569,VN,VN-DN,locality,,land,Xã Thăng An,"[[""en"", ""Thăng An Commune""], [""vi"", ""Xã Thăng An""]]",True,True,108.3301773071289,15.712339401245117,108.45658874511719,15.831924438476562,0c134c8b-657c-48f0-92d6-ad5ab19e9408
0357e626-b6ca-47ce-b041-68ad4ab6043c,VN,VN-30,locality,,land,Xã Chư Pưh,,True,True,108.01911163330078,13.451751708984375,108.23616790771484,13.577790260314941,be4678ce-fdd3-4e71-a517-1212d592d973
d7ce0a95-21a9-4926-9007-5dda2e810a34,VN,VN-33,locality,,land,Phường Đông Hòa,,True,True,109.2720947265625,12.893814086914062,109.3544692993164,13.020647048950195,51da2695-07a4-46c8-8c2e-699b26b3f5fc
d4aa94cc-f4cc-473a-bd66-917f37048cab,VN,VN-DN,locality,,land,Phường Điện Bàn Đông,"[[""en"", ""Điện Bàn Đông Ward""], [""vi"", ""Phường Điện Bàn Đông""]]",True,True,108.22176361083984,15.886443138122559,108.33001708984375,15.973333358764648,37822887-50cd-4cc1-be1b-e0c31206d130
ee1c545f-6afc-4630-a2ee-7840c6386a6a,VN,VN-33,locality,,land,Xã Ea Ning,,True,True,108.17704772949219,12.542625427246094,108.28507232666016,12.662996292114258,52e1791c-7bd3-47a2-aa7b-9e3df0e461ac
4be859c1-fc23-495b-8ac6-01152e799262,VN,VN-30,locality,,land,Xã Ia Rbol,,True,True,108.31062316894531,13.255521774291992,108.44432067871094,13.422086715698242,b963ce8e-f23d-4982-a125-08507d2b1a09
eabae48d-589a-4605-925b-02c81f69ac2e,VN,VN-30,microhood,,land,Quảng trường Trung tâm Thành phố Quy Nhơn,"[[""en"", ""City Center Square""], [""vi"", ""Quảng trường Trung tâm Thành phố Quy Nhơn""]]",True,True,109.22099304199219,13.761133193969727,109.2233657836914,13.76345157623291,8fe045a4-6303-445e-9767-3cafa8699a4e
59be86ae-df66-481c-84a2-9ea7fac7655e,VN,VN-29,locality,,land,Xã Đông Sơn,,True,True,108.7518539428711,15.184953689575195,108.9439468383789,15.29709529876709,e827479a-bf1f-4ac3-87cb-d21280952b87
04da6a8e-539d-4a62-825d-e42b0ee0cae2,VN,VN-34,locality,,land,Phường Ninh Hòa,,True,True,109.07992553710938,12.475525856018066,109.19332122802734,12.549818992614746,076304dc-752e-4bdf-bb85-bd3f7d83a5e0
ff687678-0591-4797-901c-36a319fad435,VN,VN-33,locality,,land,Xã Hòa Xuân,,True,True,109.31320190429688,12.825429916381836,109.45906066894531,12.980816841125488,78633ae7-1586-465a-8949-0774e5321df6
7f52ec78-e643-4910-aa49-879f632ae273,VN,VN-33,locality,,land,Xã Ea Khăl,,True,True,107.98019409179688,13.047805786132812,108.2789306640625,13.222896575927734,a5d99faf-9f22-486c-bfb0-7a7ef987f88e
a04b147e-2756-4e46-b7b9-fb2215471992,VN,VN-33,locality,,land,Xã Krông Pắc,,True,True,108.25076293945312,12.636885643005371,108.36180114746094,12.765552520751953,7d660c62-5fa8-49cb-bd98-2b1504137d0b
dbaef348-3a5b-4737-8c11-e7f4fb98ae98,VN,VN-30,locality,,land,Xã Đak Đoa,,True,True,108.09647369384766,13.902569770812988,108.17789459228516,14.0232572555542,f8977f87-2f29-4565-8aa3-5b0d3d0d7388
98789286-3fcb-4b56-ac2d-a69bf24dead3,VN,VN-34,locality,,land,Xã Ninh Sơn,,True,True,108.66281127929688,11.707908630371094,108.81954956054688,11.79734992980957,79cfc092-e2fd-4cd5-8c03-23b4392cb230
89f42022-abd8-4292-b9be-928e855c03d5,VN,VN-34,locality,,land,Phường Nam Nha Trang,,True,True,109.11593627929688,12.142873764038086,109.22356414794922,12.254145622253418,a908d183-4ddf-4fee-bad7-cadf6fca62d2
69c93979-4e23-4607-8ce9-19dcf15b08a9,VN,VN-DN,locality,,land,Xã Núi Thành,"[[""en"", ""Núi Thành Commune""], [""vi"", ""Xã Núi Thành""]]",True,True,108.56043243408203,15.364119529724121,108.73912048339844,15.486067771911621,f5019d80-e31e-425f-bfd4-4e049c2f8f0b
94b07fcf-95a8-437d-afcb-dd393397d96a,VN,VN-29,locality,,land,Xã Mộ Đức,,True,True,108.79149627685547,14.88316535949707,108.90480041503906,14.990525245666504,9579c164-155b-4d45-82ca-d7a975412305
617b7309-e445-4dc6-b9f5-76059327079e,VN,VN-29,locality,,land,Xã Mỏ Cày,,True,True,108.85834503173828,14.951165199279785,108.939208984375,15.030654907226562,65d27335-9b35-4731-9659-4dbbea2444c7
3948200f-574e-4c4d-9250-97343ed7df3d,VN,VN-30,locality,,land,Xã Canh Liên,,True,True,108.81350708007812,13.528603553771973,108.98015594482422,13.836862564086914,73a1f43b-fe25-4e4a-aaa9-dc7daa1e3a34
ddc2f4d0-5f1a-4a3a-9278-ec9f532fc3ed,VN,VN-33,locality,,land,Xã Tuy An Bắc,,True,True,109.15278625488281,13.265368461608887,109.24156951904297,13.373529434204102,3081b24f-e95c-4dbe-9443-77dfebc7b071
840fd393-506c-409b-9eea-9ef385460151,VN,VN-34,locality,,land,Phường Đô Vinh,,True,True,108.87023162841797,11.591917037963867,108.97259521484375,11.682379722595215,ff38c0ac-bbe5-4735-a1cf-99e1f7369065
383cb19a-f619-4b31-bc39-af1b5612f6b7,VN,VN-34,locality,,land,Phường Tây Nha Trang,,True,True,109.1191635131836,12.225131034851074,109.19512176513672,12.294049263000488,d8785a9f-ede3-4313-9fd1-584636274293
d243effd-f08e-4ee0-b302-bfff451ffbeb,VN,VN-29,locality,,land,Phường Cẩm Thành,,True,True,108.79684448242188,15.094524383544922,108.82549285888672,15.131365776062012,c2f18a88-d18b-40d3-b6e8-5f28ae04e5b5
156fb2a6-6bf6-4c5e-80f6-8d468133d891,VN,VN-30,locality,,land,Xã Đak Sơmei,,True,True,108.07841491699219,14.134317398071289,108.32383728027344,14.396551132202148,58815767-5bed-4ba9-bf4d-8c766a923222
bd1e94c8-8d1d-4c06-a22c-73b7dd056371,VN,VN-35,locality,,land,Xã Ninh Gia,,True,True,108.21436309814453,11.51903247833252,108.3346939086914,11.703603744506836,e337fbf9-fc45-4432-98b7-83bf7422b00b
9040befa-864f-4b37-8ad3-a7eb6b7e540f,VN,VN-29,locality,,land,Xã Long Phụng,,True,True,108.83436584472656,14.984163284301758,108.91751861572266,15.096006393432617,4fcd9cc1-108b-4ebc-acb1-cbbd4e865bf8
2611337e-4fd2-4c70-8a61-087dc267508d,VN,VN-34,locality,,land,Xã Mỹ Sơn,,True,True,108.75840759277344,11.63075065612793,108.99958038330078,11.80512523651123,e22234f4-39d2-4330-b6cf-be4e1beb3530
04319a90-e1ac-4ec4-9352-77eb08245f2c,VN,VN-DN,locality,,land,Xã Thăng Điền,"[[""en"", ""Thăng Điền Commune""], [""vi"", ""Xã Thăng Điền""]]",True,True,108.36929321289062,15.61916446685791,108.45833587646484,15.724081039428711,be19751f-b61c-46eb-9298-b6b9dbbc91e7
a9fdef2e-2ebb-4454-9d26-5d0ede937ef9,VN,VN-34,locality,,land,Phường Ninh Chử,,True,True,108.99335479736328,11.575217247009277,109.05255889892578,11.626073837280273,297a60f2-9165-4df0-82a2-fafc09abcc4e
700fad54-4e26-47a9-8142-466019e48707,VN,VN-DN,locality,,land,Xã Tân Hiệp,"[[""en"", ""Tân Hiệp Commune""], [""vi"", ""Xã Tân Hiệp""]]",True,True,108.41693115234375,15.811212539672852,108.69803619384766,15.981039047241211,2c626926-12a6-4359-acbf-5f162482e433
49a0cb94-d45e-43f8-aff2-0ef3efc6c563,VN,VN-33,locality,,land,Xã Tuy An Nam,,True,True,109.14539337158203,13.143075942993164,109.31344604492188,13.225268363952637,c1cbf420-8611-4206-9a21-e355afd1c521
b9d751e7-36ae-456b-91fd-81e3e22db01c,VN,VN-30,locality,,land,Quảng Tín,,True,True,109.13282775878906,13.844350814819336,109.14331817626953,13.855640411376953,883ef185-4dcb-4f6a-a982-6d3a96076305
4e4eedef-ccae-42ec-ae53-312cdb53afac,VN,VN-35,locality,,land,Xã Hồng Thái,,True,True,108.4029312133789,11.134702682495117,108.49830627441406,11.280411720275879,3c7ba41b-125b-4691-8157-38e7a55279dc
0b699f93-d2a5-41d0-8c5f-d476e7c19ea9,VN,VN-30,locality,,land,Phường Bồng Sơn,"[[""en"", ""Bong Son Ward""], [""vi"", ""Phường Bồng Sơn""]]",True,True,108.96778106689453,14.355701446533203,109.09204864501953,14.46554946899414,4558ed53-b0ff-4f6a-859f-fdd50a810701
c6a8feb8-ccc4-4e6f-a78d-02c614ec2edb,VN,VN-30,locality,,land,Xã Ngô Mây,,True,True,109.15714263916016,13.900895118713379,109.2663345336914,14.036208152770996,36eaeffd-022c-4625-975e-7502a0a088ae
4cb2ce83-35c1-4a8e-8863-c17504cc64e5,VN,VN-29,locality,,land,Xã Ba Động,,True,True,108.72081756591797,14.757745742797852,108.8470230102539,14.887657165527344,8a34626a-a234-4b65-8b26-96cf2fd55779
5a795528-074d-4b00-bdac-0349ecb4fbd1,VN,VN-33,locality,,land,Xã Ea Ô,,True,True,108.45649719238281,12.579777717590332,108.59066772460938,12.72531795501709,357bdbb6-97fd-45c5-a056-ffd5c84637fe
6844812c-1226-4c63-94a4-9c4cafbbff8b,VN,VN-29,locality,,land,Xã Trường Giang,,True,True,108.57642364501953,15.126724243164062,108.69200134277344,15.212955474853516,98029222-d413-4311-aef4-6fab1847fc97
c7900a6e-90b1-4c8a-80e5-51f4f9070d7f,VN,VN-34,locality,,land,Phường Phan Rang,,True,True,108.97203063964844,11.54216194152832,109.0079345703125,11.587903022766113,f9d0bccf-b837-4dfa-bfb3-76fd1c352045
6986fc2e-1c48-4ea8-9489-4b83b294f944,VN,VN-34,locality,,land,Xã Cam Lâm,,True,True,109.05684661865234,11.989185333251953,109.3285903930664,12.17349910736084,bd61d185-9ab5-45f4-8322-0700a03f1b42
0867d095-4eeb-4677-bdc6-4daefe1fe73f,VN,VN-30,locality,,land,Xã Phú Túc,,True,True,108.65355682373047,13.115945816040039,108.87332153320312,13.3999605178833,cfca1ec4-7e8e-49e7-916f-5423de5c81c2
d5fdc73a-7a9d-424a-8dec-81fac172216d,VN,VN-33,locality,,land,Phường Hòa Hiệp,,True,True,109.32939147949219,12.943940162658691,109.43182373046875,13.039546012878418,3405d7b0-ae8c-49f5-8be8-854b1a7f14b5
a8425c29-4547-40f7-8aca-1c537f76a4bc,VN,VN-DN,microhood,,land,Quảng trường FPT City,"[[""en"", ""FPT City Square""]]",True,True,108.26005554199219,15.980681419372559,108.26206970214844,15.982199668884277,ebf01ed5-99e7-4260-b47b-03f71f9150b6
0c17791a-e5e7-4d50-99c2-ca11e3168c52,VN,VN-30,locality,,land,Xã Ya Hội,,True,True,108.59815216064453,13.789135932922363,108.79718780517578,13.966200828552246,6a462448-d92f-4d56-818d-afdf30fde091
2b5435d5-446f-439d-961f-c7083bbef00e,VN,VN-30,locality,,land,Xã Ia Pa,,True,True,108.39204406738281,13.405399322509766,108.49852752685547,13.618894577026367,06d079d4-9e0f-4eba-b907-7a7e1a1a8e42
4d4df864-2eb5-4ae3-93a4-c36960de6f32,VN,VN-34,locality,,land,Xã Khánh Sơn,,True,True,108.86510467529297,11.947539329528809,108.95655822753906,12.102346420288086,1a648749-1161-4be4-b687-02889f9a22df
cb3a979c-dea0-4be4-bcbc-638888f8300b,VN,VN-29,locality,,land,Xã Đông Trà Bồng,,True,True,108.5339584350586,15.210993766784668,108.64228820800781,15.3446683883667,beb8d96c-0d4a-4d8a-a5ae-b3357c5dd07a
2af799a5-e510-44e7-874d-489d6aa2430f,VN,VN-33,locality,,land,Xã Ea Ktur,,True,True,108.06062316894531,12.56771469116211,108.20392608642578,12.663063049316406,9315631b-bb1f-4dfd-9d02-2096db8fe7ec
0831d4fa-1c11-46cc-b641-c430e21470d7,VN,VN-29,locality,,land,Xã Trà Bồng,,True,True,108.42257690429688,15.202462196350098,108.57569122314453,15.329933166503906,544b187f-0538-40f5-a30b-3a1502344445
6bd59fe9-79e3-4ba5-b3a2-6827297fbc50,VN,VN-30,locality,,land,Xã Đăk Song,,True,True,108.66732025146484,13.555035591125488,108.85214233398438,13.822737693786621,76095da1-108d-49e7-91e6-03605ebcfc45
60f41a33-f69f-4ae6-a5e7-9cf20024d250,VN,VN-DN,locality,,land,Xã Trà Giáp,"[[""en"", ""Trà Giáp Commune""], [""vi"", ""Xã Trà Giáp""]]",True,True,108.20500946044922,15.117759704589844,108.30853271484375,15.279738426208496,f7bb9930-6d39-4051-9ea4-3cd029f6bc35
97d9b539-94ea-4ed6-9640-7e50c30b7e10,VN,VN-30,locality,,land,Phường An Nhơn Bắc,,True,True,109.04486083984375,13.914177894592285,109.18878936767578,13.961079597473145,2a0056dd-c01d-487b-b5e2-2963d2f5d808
141c3d80-402f-4dd3-8d23-f530bfa4189b,VN,VN-34,locality,,land,Phường Bắc Nha Trang,,True,True,109.11287689208984,12.258774757385254,109.24594116210938,12.379908561706543,2ecc1fbb-1296-43cd-9758-c60dee1a8415
fcdf3698-4b3b-48f9-9132-958c4ce4781c,VN,VN-30,locality,,land,Xã Đak Rong,,True,True,108.29149627685547,14.234224319458008,108.53828430175781,14.603163719177246,6cde8768-cf68-45b2-bf8d-c6342e05619d
c2494deb-474e-4814-a3dd-8c3e57ba20f7,VN,VN-33,locality,,land,Xã Ea Drăng,,True,True,108.13667297363281,13.124399185180664,108.31554412841797,13.30754280090332,c69c6b9a-9b61-4810-a2eb-ab05c666f29f
f3566d1b-f417-448d-9fa8-33b837c700bc,VN,VN-33,locality,,land,Xã Tuy An Đông,,True,True,109.21426391601562,13.2833890914917,109.29969787597656,13.366024017333984,0b8c6ac8-5b6e-496d-be38-4c6139f8a541
906db5aa-1760-4002-9129-456296cd7724,VN,VN-DN,locality,,land,Phường An Hải,"[[""en"", ""An Hải Ward""], [""vi"", ""Phường An Hải""]]",True,True,108.22640991210938,16.050983428955078,108.24794006347656,16.08892250061035,42d92a41-492c-4278-8bff-cd97831faf90
053604d0-6b90-441b-a838-f96138b1cb58,VN,VN-30,locality,,land,Phường Quy Nhơn,,True,True,109.19620513916016,13.757132530212402,109.26948547363281,13.803238868713379,1191926d-34e7-4650-aa62-ea3ba11b1d9f
2ba75fcb-a061-486d-a67c-f5015e39e42b,VN,VN-34,locality,,land,Xã Đại Lãnh,,True,True,109.29173278808594,12.546546936035156,109.46829986572266,12.868525505065918,d4b1ed27-051a-4158-a5b7-0e126c03421c
1f4c21bf-2fb9-4e4b-a94f-f1d2bcb76ede,VN,VN-33,locality,,land,Xã Tuy An Tây,,True,True,109.09383392333984,13.168703079223633,109.21048736572266,13.325772285461426,106470ea-2245-49f5-8de3-25012f6917f0
2ee80579-acbd-4e2c-bdb4-d4ea672c93be,VN,VN-33,locality,,land,Xã Dur Kmăl,,True,True,108.0562973022461,12.414079666137695,108.17870330810547,12.52664566040039,8f4fb1d3-0024-4589-bc4f-7bc3807f480f
efc8fb3e-8cb2-49ba-888c-6d0858745375,VN,VN-30,locality,,land,Phường Hoài Nhơn Bắc,"[[""en"", ""North Hoai Nhon Ward""], [""vi"", ""Phường Hoài Nhơn Bắc""]]",True,True,108.95042419433594,14.55422592163086,109.08165740966797,14.674020767211914,4ed242e5-f81b-4e88-a717-735a3e2341c4
98aca85b-ed0d-4a41-8e75-2f107902e952,VN,VN-29,locality,,land,Phường Trương Quang Trọng,,True,True,108.77125549316406,15.125123977661133,108.84951782226562,15.192204475402832,e3fa294f-7fc6-4c5e-afbf-95bfc5556334
36a62d1d-9821-47b6-a15c-23a781443445,VN,VN-35,locality,,land,Xã Đam Rông 4,,True,True,108.24083709716797,12.019635200500488,108.5187759399414,12.309724807739258,8ff2fd37-1da3-4d58-87ef-7b33173573f4
6d05fe10-3b6b-48c9-84b0-926d581a70df,VN,VN-33,locality,,land,Xã Krông Bông,,True,True,108.30159759521484,12.402396202087402,108.44440460205078,12.561234474182129,f647a743-e513-45af-97fd-255f1d88ff44
ced6aeba-b794-4472-ae7e-d96a20a52cf6,VN,VN-33,locality,,land,Xã Vụ Bổn,,True,True,108.40006256103516,12.536377906799316,108.49773406982422,12.697793960571289,7058a15b-a272-4fa2-8e9f-acbb8f92f0d8
6202a2a6-52b4-43d5-911c-fb7e5707a11f,VN,VN-34,locality,,land,Xã Vĩnh Hải,,True,True,109.07454681396484,11.562958717346191,109.23352813720703,11.786920547485352,72a534c1-47b6-4361-a3c1-5397224e608b
2ad82b6a-486f-42c6-b9f9-c667ad3e80da,VN,VN-30,locality,,land,Phường Bình Định,,True,True,108.99663543701172,13.874168395996094,109.12873840332031,13.91762638092041,bfaeab55-34e2-48e6-a19d-dec82c397dec
5dffbd70-95c3-44ba-a70b-359cada855f9,VN,VN-30,locality,,land,Xã Vạn Đức,,True,True,108.82747650146484,14.355860710144043,109.00279998779297,14.494221687316895,88ce41a6-04c8-46ae-9278-b2bff15325f0
7a87ab00-217b-4653-af01-69d18d80819b,VN,VN-DN,locality,,land,Phường Hòa Cường,"[[""en"", ""Hòa Cường Ward""], [""vi"", ""Phường Hòa Cường""]]",True,True,108.1888198852539,16.021312713623047,108.23600006103516,16.064756393432617,2d001df5-14f2-4f1b-9821-12df370799ae
de2f06a2-3d50-43ca-ab4b-f3e615a74338,VN,VN-34,locality,,land,Xã Vạn Ninh,,True,True,109.08522033691406,12.657027244567871,109.2659912109375,12.812057495117188,8ee66969-8dab-4da9-b84f-90077bdf9bd3
8bf71418-18ab-4125-99a4-7a855cd459ae,VN,VN-30,locality,,land,Xã An Vinh,,True,True,108.7301254272461,14.530603408813477,108.89427947998047,14.694323539733887,6b7be615-d639-49b1-b9c0-d619133eaa1e
2116651f-09d5-4422-bf5d-c61c7d009d74,VN,VN-34,locality,,land,Xã Vạn Thắng,,True,True,109.15797424316406,12.698540687561035,109.2768325805664,12.829873085021973,df572ef1-e07f-48ed-9c36-b8da0f139072
a0b4b911-14e2-4c91-bd0f-51caed4e8a02,VN,VN-33,locality,,land,Xã Phú Hòa 1,,True,True,109.07916259765625,12.9896879196167,109.27372741699219,13.132668495178223,fca84b53-3fca-41af-b67f-5052800e9627
4f5e9f47-57a4-4893-bdb5-6e2e68e9c61e,VN,VN-30,locality,,land,Xã Ia Hrú,,True,True,108.04175567626953,13.532715797424316,108.31666564941406,13.706563949584961,113f05ea-146a-40ec-83a7-68bd41c637b5
4abbd58e-50a8-4d35-a1da-1214011d38ac,VN,VN-34,locality,,land,Xã Tu Bông,,True,True,109.21253967285156,12.694087028503418,109.33314514160156,12.843331336975098,6b97c563-87bc-41e6-81be-631d23c881ec
975706b8-00af-47ea-ab4a-31c2cf498dfc,VN,VN-30,locality,,land,Xã Ân Hảo,,True,True,108.86811828613281,14.412714004516602,108.99755096435547,14.550928115844727,6b615577-c475-4689-af8d-75fd70018682
71533f55-af33-4445-9ecb-e9972235095c,VN,VN-35,locality,,land,Xã Nam Hà Lâm Hà,,True,True,108.22801208496094,11.812870979309082,108.31761932373047,11.968186378479004,11d31ba6-ea54-480d-a2f0-6050f540ac4a
bbf26734-b31e-4cfb-94b7-82a986b19c74,VN,VN-33,locality,,land,Xã Ea Păl,,True,True,108.52857208251953,12.681886672973633,108.68782806396484,12.777894973754883,dc708a8e-fdbc-437c-97a8-9dc2d4f37347
568f7c3f-c21a-45be-bc52-d8936b4d5e74,VN,VN-33,locality,,land,Xã Ea Knuếc,,True,True,108.13021850585938,12.631287574768066,108.26966857910156,12.759285926818848,c5665e6a-c91e-4bdd-8f43-489d96c0bb5a
26898818-1add-41c6-99a2-c24f2b0a684e,VN,VN-35,locality,,land,Phường Xuân Trường - Đà Lạt,,True,True,108.47102355957031,11.807978630065918,108.5946273803711,11.987449645996094,14841fde-88d9-468b-9be7-98d06b51fc7c
c97ff814-6176-42cc-892b-decfd6d9a40c,VN,VN-33,locality,,land,Phường Cư Bao,,True,True,108.18787384033203,12.753622055053711,108.31571197509766,12.86630630493164,76a1a29d-1992-4a83-b37f-d6bd63c2faf6
de2339ca-003b-42cf-93c9-9187b7365107,VN,VN-35,locality,,land,Xã Hải Ninh,,True,True,108.3673095703125,11.234482765197754,108.6164779663086,11.393891334533691,07a98d3c-b9d1-44ac-8cfa-e5fdcde8a1fd
1c13a7d1-436a-4942-ab4f-9ae9a3459fc5,VN,VN-29,locality,,land,Xã Nghĩa Hành,,True,True,108.75545501708984,15.031914710998535,108.82623291015625,15.089936256408691,11fd7057-69ed-47f3-84c9-b3445ef4e374
efe3bb0f-494a-4aef-8b72-529ecd8db979,VN,VN-DN,locality,,land,Phường Tam Kỳ,"[[""en"", ""Tam Kỳ Ward""], [""vi"", ""Phường Tam Kỳ""]]",True,True,108.45668029785156,15.540973663330078,108.50218200683594,15.57363224029541,2648f336-2b3c-45c2-a3a2-9368b4f5f1d4
8b1f79d4-c530-4afd-aeb4-ccfd6ac28f15,VN,VN-34,region,1,maritime,Tỉnh Khánh Hòa,"[[""bs"", ""Provincija Khánh Hòa""], [""hr"", ""Provincija Khánh Hòa""], [""ar"", ""محافظة كان هوا""], [""fr"", ""Province de Khánh Hòa""], [""lv"", ""Haņhoa province""], [""uk"", ""Кханьхоа""], [""pt-PT"", ""Província de Khánh Hòa""], [""pt"", ""Khanh Hoa""], [""cs"", ""Provincie Khánh Hòa""], [""el"", ""Επαρχία Κχανχ Χόα""], [""it"", ""Provincia di Khanh Hoa""], [""ca"", ""Província de Khánh Hòa""], [""pt-BR"", ""Província de Khánh Hòa""], [""vi-Hani"", ""省慶和""], [""vi"", ""Khánh Hòa""], [""tg"", ""Вилояти Кан Хоа""], [""nl"", ""Khánh Hòa""], [""zh-Hans"", ""庆和省""], [""bg"", ""Кхан Хоа""], [""ko"", ""카인호아성""], [""et"", ""Khánh Hòa provints""], [""de"", ""Provinz Khánh Hòa""], [""ur"", ""خانھ ہوا صوبہ""], [""ru"", ""провинция Кханьхоа""], [""th"", ""จังหวัดคั้ญฮหว่า""], [""id"", ""Provinsi Khanh Hoa""], [""sr-Latn"", ""Kan Hoa oblast""], [""sv"", ""Khanh Hoa""], [""tr"", ""Eyaleti Khánh Hòa""], [""da"", ""Khánh Hòa-provinsen""], [""sr-Cyrl"", ""Хањ Хоа""], [""zh-Hant"", ""慶和省""], [""en"", ""Khánh Hòa Province""], [""he"", ""מחוז חאן הואה""], [""sk"", ""Provincia Khánh Hòa""], [""es"", ""Khánh Hòa""], [""sw"", ""Mkoa wa Khánh Hòa""], [""ja"", ""カインホア""], [""fi"", ""Khánh Hòa""], [""ro"", ""Provincia Khánh Hòa""], [""lt"", ""Kanhojos provincija""], [""no"", ""Khánh Hòa-provinsen""], [""sl"", ""Provinca Khánh Hòa""], [""fa"", ""استان خان هوا""], [""zh"", ""慶和省""], [""ms"", ""Provinsi Khánh Hòa""], [""hu"", ""Khánh Hòa tartomány""], [""pl"", ""Prowincja Khánh Hòa""]]",False,True,108.55146026611328,10.763083457946777,109.6709976196289,12.868525505065918,7f3d455c-5cf4-4a7a-9f15-4d60cc85da02
b879496a-2e6d-4686-ae25-e50372c7ef85,VN,VN-30,locality,,land,Xã Bình Dương,,True,True,109.0460205078125,14.213722229003906,109.14218139648438,14.316911697387695,95688edb-50d5-4646-9768-643048dd5ab0
bb236ca3-4938-4032-8389-9be4217e0da7,VN,VN-DN,microhood,,land,Công viên Kazik,"[[""en"", ""Kazik Park""]]",True,True,108.32769775390625,15.87716007232666,108.32788848876953,15.87731647491455,acecf4aa-de63-44d3-9a41-e8ab7b803aad
9cea4a78-fc1a-4a06-beae-c9667b793783,VN,VN-34,locality,,land,Xã Diên Khánh,,True,True,109.08497619628906,12.21364974975586,109.1307144165039,12.271775245666504,f520c85c-0750-44a3-9f91-16dcdf6d2bdc
07d6c393-45c3-4605-91e8-1c29fcfbd3e3,VN,VN-34,locality,,land,Xã Nam Cam Ranh,,True,True,109.04729461669922,11.768953323364258,109.25601196289062,11.915224075317383,2a13b6b6-be73-413b-8d05-d83174083294
7faf1019-32cd-4e17-b5a8-2abbe27126fe,VN,VN-30,microhood,,land,Truong Trau square,,True,True,108.91996002197266,13.91756534576416,108.92180633544922,13.920159339904785,573a794d-763b-4b9e-8ee3-ca7f8a4b5d89
871e87ee-e77b-4398-b25e-0abf1ad60947,VN,VN-34,locality,,land,Xã Bác Ái,,True,True,108.79173278808594,11.735654830932617,108.94752502441406,11.968024253845215,f75a6627-d1a3-445f-b0b1-f15d39d32c4f
7427d8e6-5898-4a68-aec7-101d44c83e36,VN,VN-30,locality,,land,Xã Phù Mỹ Bắc,,True,True,109.0142822265625,14.263693809509277,109.19715118408203,14.407079696655273,94e39890-39ee-4309-a98c-106c325589b9
826f4aee-c73f-4540-bbfc-35e71e07f52c,VN,VN-35,locality,,land,Xã Bắc Bình,,True,True,108.46691131591797,11.131200790405273,108.6164779663086,11.312832832336426,48faadb0-a43b-41b8-90b2-d759f145d392
b59e7daf-7460-491a-a926-0fffd7aa88a1,VN,VN-35,locality,,land,Phường Lang Biang - Đà Lạt,,True,True,108.27665710449219,11.925285339355469,108.53193664550781,12.177728652954102,b2597758-a11a-4dc0-b9df-faf024d2eb65
12d608dd-146b-44a6-bf0b-f86c231bf2af,VN,VN-34,locality,,land,Xã Vạn Hưng,,True,True,109.106689453125,12.582143783569336,109.2208480834961,12.719971656799316,04a82378-fb35-48ab-96ef-43f6078e6f0f
3d41b2ff-7113-4ad9-9902-8b044a93b43d,VN,VN-34,locality,,land,Xã Suối Hiệp,,True,True,108.98477172851562,12.165509223937988,109.11531829833984,12.245575904846191,8eec17ad-7477-47cd-8223-8a493db4d6c3
c8334ef3-6779-4381-8172-ad40f9f65598,VN,VN-29,locality,,land,Xã Tây Trà Bồng,,True,True,108.36275482177734,15.08165454864502,108.48780059814453,15.216965675354004,676bb48f-a5e7-4a34-81aa-1b64b2c33e4a
dac960a4-13e0-4c85-9002-a87eee68ba57,VN,VN-35,locality,,land,Xã Lạc Dương,,True,True,108.44497680664062,11.956498146057129,108.72875213623047,12.317371368408203,23b22398-a743-4712-bd42-7fe084316430
cc617957-c9a2-453b-849d-82d406f039de,VN,VN-33,locality,,land,Xã Cư Pơng,,True,True,108.09484100341797,12.963276863098145,108.2130355834961,13.127532005310059,3cc75344-31a8-48ae-961f-464c8621bbc8
350f0355-ec6d-4619-82bb-fd8781d34933,VN,VN-DN,locality,,land,Xã Việt An,"[[""en"", ""Việt An Commune""], [""vi"", ""Xã Việt An""]]",True,True,108.10006713867188,15.491514205932617,108.25796508789062,15.644365310668945,7c42ba4c-c12e-488e-a6be-28ba1f43050a
ab5f4937-0c00-484f-9991-cfbdefa41ada,VN,VN-34,locality,,land,Xã Bác Ái Tây,,True,True,108.65975189208984,11.822453498840332,108.86538696289062,12.164785385131836,ff8f465c-cbfa-4aa9-8803-42618b1e445b
9156ef06-23b3-4619-ae77-24edb4062817,VN,VN-35,locality,,land,Xã Gia Hiệp,,True,True,108.14190673828125,11.35323429107666,108.30699157714844,11.669751167297363,a60e77b7-ad89-4504-972f-e434b2ce5192
38d084f7-783a-4b56-b5ed-b1dce1480369,VN,VN-30,locality,,land,Phường An Nhơn Đông,,True,True,109.0848159790039,13.890641212463379,109.15398406982422,13.933526039123535,17f17912-128a-433b-853b-14f179c0b7ba
8e483e98-eadd-4d67-904c-4cc359db5dfa,VN,VN-DN,locality,,land,Xã Điện Bàn Tây,"[[""en"", ""Điện Bàn Tây Commune""], [""vi"", ""Xã Điện Bàn Tây""]]",True,True,108.12944793701172,15.849869728088379,108.22796630859375,15.928412437438965,d1a5b44f-1339-4bd3-8e6e-931549c99b30
d401a617-01a2-4259-a42d-c19705ad2635,VN,VN-35,locality,,land,Xã Tà Hine,,True,True,108.30101013183594,11.505051612854004,108.42909240722656,11.625917434692383,7a573011-396c-4ab4-843e-66c2a3b4d0d4
80ce4d71-60b3-43b4-8bb9-48426449d59f,VN,VN-35,locality,,land,Xã Đức Trọng,,True,True,108.27465057373047,11.610995292663574,108.42774200439453,11.762761116027832,878787a0-d2dc-4803-b33c-111168977232
38307a02-84cc-4faf-9d67-af0551809e95,VN,VN-33,locality,,land,Xã Ea Kly,,True,True,108.334228515625,12.682395935058594,108.46180725097656,12.838019371032715,dc09e71e-f49b-4a6a-90f0-ec3dd2d14e74
3636758a-c38f-47d5-b4fc-31110eec996b,VN,VN-35,locality,,land,Xã Ka Đô,,True,True,108.48501586914062,11.669703483581543,108.70120239257812,11.816370010375977,1a88ff5d-be65-44ba-83e2-f370b5d5a896
48bb6bd5-a295-4295-9495-fd67f373a7ea,VN,VN-DN,locality,,land,Xã Quế Sơn Trung,"[[""en"", ""Quế Sơn Trung Commune""], [""vi"", ""Xã Quế Sơn Trung""]]",True,True,108.16790771484375,15.653665542602539,108.33638763427734,15.773124694824219,0c36eec6-dd48-47d6-a235-0057e5f0e763
15f211ef-c075-4c05-ac30-67c3a2c67da2,VN,VN-34,locality,,land,Xã Phước Hà,,True,True,108.6639404296875,11.383282661437988,108.86587524414062,11.593283653259277,43ebeb2c-27c4-41c5-ac62-001caf46bc27
b62a922a-5b53-47cd-bac0-954768527653,VN,VN-29,locality,,land,Phường Trà Câu,,True,True,108.9062271118164,14.825834274291992,108.99945068359375,14.918176651000977,b6dcdbf4-676f-4a16-a243-2a5f57a0f3f1
49df64be-f6ea-44fb-9810-ea864987b0c4,VN,VN-30,locality,,land,Xã Hoài Ân,,True,True,108.90752410888672,14.237567901611328,109.03227233886719,14.390633583068848,ea8c9260-e425-4a04-929d-186d7f6e51c9
1d13e3d7-69e7-4f68-a645-9531e5d91921,VN,VN-29,locality,,land,Xã Tịnh Khê,,True,True,108.81847381591797,15.14173412322998,108.95433807373047,15.217375755310059,1491ff8b-e093-4508-a8b6-5d0bc4c4208a
fd6c8cdb-edc1-4923-99e5-6a88824f4602,VN,VN-34,locality,,land,Phường Hòa Thắng,,True,True,109.12313079833984,12.401399612426758,109.26795959472656,12.49261474609375,13693780-3c93-4def-ab64-9f6cf29f6845
42eeb60b-941a-4205-9ae0-0b91674ebb97,VN,VN-33,locality,,land,Phường Tuy Hòa,,True,True,109.25650024414062,13.03647518157959,109.3322525024414,13.116618156433105,896425cb-a5dc-4cc9-bd60-de8aa54acf11
86473d91-0f8d-4146-8892-73d797cb0874,VN,VN-DN,locality,,land,Phường Sơn Trà,"[[""en"", ""Sơn Trà Ward""], [""vi"", ""Phường Sơn Trà""]]",True,True,108.20901489257812,16.078716278076172,108.33865356445312,16.155649185180664,3a3609f6-2ec5-45cf-a07f-a85c6132303d
7794db81-f24f-4000-a54f-f1cc84cf34dc,VN,VN-30,locality,,land,Xã Kim Sơn,,True,True,108.78582763671875,14.142840385437012,108.94995880126953,14.354049682617188,639f6f85-9fa9-4be7-bdd1-70e18f46b1df
4ca88b7a-5ec7-4db6-89ec-a32e89a2b076,VN,VN-34,locality,,land,Xã Ninh Hải,,True,True,109.02832794189453,11.581637382507324,109.1305160522461,11.748346328735352,aa0c503e-d606-48d5-99bd-c3f63b3844b7
17dd80e7-f177-458d-8450-0483f5330033,VN,VN-30,locality,,land,Phường Quy Nhơn Bắc,"[[""en"", ""North Quy Nhon Ward""], [""vi"", ""Phường Quy Nhơn Bắc""]]",True,True,109.13139343261719,13.765840530395508,109.20457458496094,13.818699836730957,fba83045-50f9-492f-b9ac-abd8e9f285c5
0cc8ba70-3a5c-4ec8-842c-7026a583d635,VN,VN-30,locality,,land,Xã Chư Krey,,True,True,108.3636245727539,13.809161186218262,108.53154754638672,13.970162391662598,4fad6892-7237-4e54-956d-d3bada1bc81f
cb099af5-3925-4a32-a757-87eca4cfb5cc,VN,VN-29,locality,,land,Xã Bình Chương,,True,True,108.63048553466797,15.236042022705078,108.7514419555664,15.2910737991333,fa502977-656e-467a-8181-54d7ecadf07e
413b842d-1852-4e8e-b85d-3a97610bc9b8,VN,VN-30,locality,,land,Xã Uar,,True,True,108.43693542480469,13.108753204345703,108.6660385131836,13.362401008605957,2f5e76b3-a101-4950-b460-f85b7ce5e655
95bf39f3-d10c-4737-b9ea-616254d1e873,VN,VN-DN,locality,,land,Xã Thăng Phú,"[[""en"", ""Thăng Phú Commune""], [""vi"", ""Xã Thăng Phú""]]",True,True,108.29362487792969,15.583342552185059,108.39266967773438,15.690942764282227,b3183aab-004c-496a-8a6b-5e897ce72160
67b4fde7-e33a-4678-bafc-3e39138e2db3,VN,VN-30,locality,,land,Xã Vĩnh Thạnh,,True,True,108.66454315185547,14.077566146850586,108.79347229003906,14.264496803283691,617b745a-d919-48ae-8603-0925e341caf3
f4add5b0-1c99-4390-91f1-3d9bba244d14,VN,VN-33,locality,,land,Phường Buôn Hồ,,True,True,108.21182250976562,12.843725204467773,108.28739166259766,12.948497772216797,32b1da90-9701-45c1-8180-54a63421c2d1
c4b5835b-f918-47b8-802e-cfc2a7121cbb,VN,VN-35,locality,,land,Xã Tân Hội,,True,True,108.23137664794922,11.675673484802246,108.3482666015625,11.808280944824219,7758225c-78e9-457f-8575-3f07cecc630b
7811c96d-6756-4cb2-a53c-8de1bfc7c4d2,VN,VN-35,locality,,land,Xã Quảng Lập,,True,True,108.46475219726562,11.639313697814941,108.67861938476562,11.766789436340332,f8626f34-3ed5-4d66-9cd5-4aea566c71a2
4994214b-3b82-443f-aafd-73cabf8b8864,VN,VN-29,locality,,land,Phường Nghĩa Lộ,,True,True,108.7586669921875,15.09431266784668,108.81246948242188,15.14128589630127,bb618b0c-7d81-4efb-b3e8-39b9aeae322d
d43a5bfd-481f-4b7e-b856-962a9cddad59,VN,VN-29,locality,,land,Phường Sa Huỳnh,,True,True,109.01681518554688,14.578195571899414,109.08394622802734,14.716388702392578,b24b6064-1b2c-427c-aa89-83ddeebba5a3
eb6a321c-7de9-41c5-acb1-ae55a51a73b5,VN,VN-34,locality,,land,Xã Diên Thọ,,True,True,108.95394134521484,12.171791076660156,109.06039428710938,12.285931587219238,d319f328-b6e5-440d-8950-4777926eaf6e
6727b34f-5612-42ad-93ad-09a5b5bfaf4f,VN,VN-DN,locality,,land,Xã Gò Nổi,"[[""en"", ""Gò Nổi Commune""], [""vi"", ""Xã Gò Nổi""]]",True,True,108.1475830078125,15.829625129699707,108.26289367675781,15.881512641906738,1eddf8d7-dce3-42be-8a84-dab3140efdb5
71221c2f-294d-4b58-9ad0-a8d1a829e0ad,VN,VN-30,locality,,land,Xã Lơ Pang,,True,True,108.16057586669922,13.749311447143555,108.38362121582031,14.006375312805176,323f235d-42f5-4ce3-86c0-5cc48f80f4d5
1e4b7124-0b42-4c23-94c9-c34dee55a4d4,VN,VN-33,locality,,land,Phường Xuân Đài,,True,True,109.2112045288086,13.358647346496582,109.28214263916016,13.447908401489258,56cd479b-521e-4cd2-a183-f0252835ff10
0cb64b87-67ec-4b43-8812-3a23494a901f,VN,VN-34,microhood,,land,Festival Square,,True,True,109.23804473876953,12.216066360473633,109.23939514160156,12.217082023620605,31a8ce19-344b-4fe8-904f-dbc9e5815f99
6a111739-4f96-4874-b372-3bba084ce6ed,VN,VN-33,locality,,land,Xã Ea Riêng,,True,True,108.75182342529297,12.73822021484375,108.94068908691406,12.875357627868652,197623db-70b6-41cc-ad2d-60372fa38cb7
ab638f60-6863-4a3d-b728-5b28cf351d0f,VN,VN-29,locality,,land,Xã Kon Plông,,True,True,108.28357696533203,14.543708801269531,108.54718017578125,14.911836624145508,68b7f0af-2862-4c8b-9a06-767dd13ed170
3bffacba-9371-456b-b8ac-ab19753e8ec6,VN,VN-34,locality,,land,Xã Tây Khánh Vĩnh,,True,True,108.67586517333984,12.217246055603027,108.95364379882812,12.399442672729492,836c4a76-f5cf-459b-99ec-2a0afc640d58
d91ac90d-53fe-40bb-82b2-5bde9a06ce01,VN,VN-DN,locality,,land,Xã Trà Vân,"[[""en"", ""Trà Vân Commune""], [""vi"", ""Xã Trà Vân""]]",True,True,108.14523315429688,15.029452323913574,108.26078033447266,15.149046897888184,e1306ae3-3912-4fcc-867b-6a6757c94064
2b8aca60-a632-4500-954e-9418ac3dbda1,VN,VN-DN,locality,,land,Phường Ngũ Hành Sơn,"[[""en"", ""Ngũ Hành Sơn Ward""], [""vi"", ""Phường Ngũ Hành Sơn""]]",True,True,108.2168197631836,15.955972671508789,108.2895736694336,16.05674934387207,70cdb502-811b-48f1-8006-cf6dfa17c314
bec7ed0b-3770-402a-9508-3b72c0fb3fd2,VN,VN-DN,locality,,land,Xã Quế Sơn,"[[""en"", ""Quế Sơn Commune""], [""vi"", ""Xã Quế Sơn""]]",True,True,108.11958312988281,15.619302749633789,108.24987030029297,15.714585304260254,5bb01f5c-aa4b-4378-ad34-3424996352ef
a22c787e-5211-4fef-841c-d97991354331,VN,VN-DN,locality,,land,Phường Thanh Khê,"[[""en"", ""Thanh Khê Ward""], [""vi"", ""Phường Thanh Khê""]]",True,True,108.1639175415039,16.052438735961914,108.21456146240234,16.080842971801758,6f7cbe2b-e262-4554-a362-9227e4ffdfdf
13cc8ace-bc1c-4117-8948-eb84ab228216,VN,VN-DN,locality,,land,Xã Duy Nghĩa,"[[""en"", ""Duy Nghĩa Commune""], [""vi"", ""Xã Duy Nghĩa""]]",True,True,108.29011535644531,15.809892654418945,108.41254425048828,15.873533248901367,c7507a9c-e914-473c-bb6e-1384b13d5228
581267bf-69c8-4c7b-86a0-99c3569e493e,VN,VN-29,locality,,land,Xã Sơn Tây Hạ,,True,True,108.36742401123047,14.822053909301758,108.48188018798828,14.993265151977539,c4314165-b425-4327-9336-69898b654d1f
a06699c4-2c41-403e-af11-b25feccd28a5,VN,VN-29,locality,,land,Đặc khu Lý Sơn,,True,True,109.0768814086914,15.369037628173828,109.1473617553711,15.433267593383789,13e03479-eff3-4494-bc62-59623965e151
42eac46b-a6bf-451f-85d8-c4356b807771,VN,VN-33,locality,,land,Xã Ea Kar,,True,True,108.37081146240234,12.7095308303833,108.54708099365234,12.896734237670898,82563f8a-09fd-48cc-b092-ddc458ca029c
1881d13b-6f74-48b6-b86f-5bfa775ba7e2,VN,VN-30,locality,,land,Phường Hoài Nhơn Tây,"[[""en"", ""West Hoai Nhon Ward""], [""vi"", ""Phường Hoài Nhơn Tây""]]",True,True,108.93885040283203,14.48124885559082,109.0474853515625,14.602861404418945,bc121dcc-b44c-4016-a500-dad03bb8fc70
46b6b495-7ce0-4520-9765-b818695e1b29,VN,VN-29,locality,,land,Xã Đình Cương,,True,True,108.765625,14.952803611755371,108.85494232177734,15.054506301879883,680c06cb-65aa-4b50-98b6-7e5cf9c9be7a
9773a272-7de4-41b7-aa5f-6e2f00dabfb3,VN,VN-35,locality,,land,Phường Phú Thủy,,True,True,108.1014633178711,10.925636291503906,108.18836975097656,10.959783554077148,f7f4dd34-6c86-4cb1-9caa-4d960fbcfae9
b91c5d2c-7b06-47b6-bc2b-fd96517c7541,VN,VN-29,locality,,land,Xã Sơn Thủy,,True,True,108.46497344970703,14.89979362487793,108.57176971435547,15.03554630279541,38f5c42c-bb83-4e61-8548-07794b57f2cd
748eacb1-e315-4375-ac58-a86b011bb8e0,VN,VN-34,locality,,land,Xã Thuận Nam,,True,True,108.80154418945312,11.375170707702637,108.95948028564453,11.512370109558105,4d9d77db-9730-4bbf-80cf-3e332267958a
0213c3e2-56eb-4aa7-9ad1-28558e8bfbc3,VN,VN-29,locality,,land,Xã Thiện Tín,,True,True,108.71641540527344,14.8473539352417,108.83007049560547,15.000795364379883,2e2037ec-5763-44c6-b870-279d0986ef78
970b00d9-9015-4557-a30c-08f187493a04,VN,VN-30,locality,,land,Xã Bình An,,True,True,108.85997009277344,13.906322479248047,109.02972412109375,13.999944686889648,fdbb7384-607a-4207-ba90-1dd63d1b6c26
43117f59-663c-46c2-bd88-212bddf633f4,VN,VN-DN,neighborhood,,land,Tổ Đồng Bàu,,True,True,108.21974182128906,15.33565902709961,108.22470092773438,15.33836555480957,18e00056-0620-4fa4-9f79-5c26bc482a07
17044b8a-4a70-4d6b-a888-2b4f8d8ab9a8,VN,VN-30,locality,,land,Xã Kbang,,True,True,108.43482971191406,14.111922264099121,108.68172454833984,14.25259780883789,e4cdd445-af62-4e90-98d4-af6e6b2b65b0
1c7778f0-0067-4d08-8ebb-a97e88c8cf63,VN,VN-34,locality,,land,Xã Bắc Khánh Vĩnh,,True,True,108.86422729492188,12.332130432128906,109.0670166015625,12.50151538848877,3c3d861f-f05a-4ffc-833b-bbff8f303a64
0ea6dac1-218b-4214-b32f-1e07f93c0623,VN,VN-30,locality,,land,Phường Hoài Nhơn Đông,"[[""en"", ""East Hoai Nhon Ward""], [""vi"", ""Phường Hoài Nhơn Đông""]]",True,True,109.04093170166016,14.389006614685059,109.12812042236328,14.508760452270508,7a5ab3a6-1594-4dc6-a5ea-996113a47e60
75fe9bd0-6652-40fb-9aac-89e7ea69e4c8,VN,VN-29,locality,,land,Xã Nghĩa Giang,,True,True,108.69930267333984,15.07418441772461,108.79827117919922,15.1539945602417,0716d9f1-98d5-4047-86c5-29925c1bb243
50c278d7-898b-4e1d-b993-6daa2ae3de84,VN,VN-30,locality,,land,Xã Bình Phú,,True,True,108.74165344238281,13.757025718688965,108.93134307861328,13.948541641235352,12cafbd7-fcd2-43e2-8f72-65b76c7be15a
6d42043d-7dcb-4d2d-a778-025537abaebb,VN,VN-29,locality,,land,Xã Kon Braih,,True,True,108.07744598388672,14.33413314819336,108.26856231689453,14.526707649230957,121bb0c7-8622-4b4e-ae30-58cd3984fa62
a6d88696-b3b9-47da-9b74-7fa6978dada9,VN,VN-29,locality,,land,Xã Trà Giang,,True,True,108.61255645751953,15.020293235778809,108.72306060791016,15.164695739746094,160bb5d5-1a22-49a0-99c9-eb65849464ab
ec70b32c-2ab3-41d4-80a1-8b0876910e88,VN,VN-29,locality,,land,Xã Ba Dinh,,True,True,108.5834732055664,14.688176155090332,108.70919036865234,14.85004711151123,d2058fe6-7bed-4f30-9db5-205588afd76d
d9befcf0-7e4f-4c6d-a6ad-b292a2c3b4f6,VN,VN-29,locality,,land,Xã Măng Bút,,True,True,108.1250228881836,14.778424263000488,108.32633972167969,15.06199836730957,7d8f80b5-6f15-4c11-9877-e9108015c6c6
bf85e4dc-5c0e-48a3-a463-33ff666bce8a,VN,VN-35,locality,,land,Đặc khu Phú Quý,,True,True,108.89669799804688,9.970315933227539,109.08489990234375,10.558698654174805,2260ec7d-c452-4eda-88d8-4f2cc6395e90
c0706058-5803-44a6-a5c8-24809e7fddd4,VN,VN-29,locality,,land,Xã Khánh Cường,,True,True,108.95331573486328,14.66562557220459,109.06800079345703,14.787967681884766,4be725ad-7390-4231-89cd-d4e4bc1d9bf5
ffc67f07-bcfb-44e3-8328-9148db6e9b38,VN,VN-33,locality,,land,Xã Phú Xuân,,True,True,108.33430480957031,12.843401908874512,108.51995086669922,13.001679420471191,3b11bbaa-9cda-47d9-964a-d9077fce069f
463fd56b-414c-4565-8218-43a1f0dcb55e,VN,VN-34,locality,,land,Xã Nam Ninh Hòa,,True,True,108.94574737548828,12.34282398223877,109.20122528076172,12.485100746154785,d54888d5-91d5-4fce-b2ad-32c0c32ebb4f
147641e2-81ae-4f81-959d-8dbd42ff0e7c,VN,VN-34,locality,,land,Xã Công Hải,,True,True,108.98837280273438,11.728532791137695,109.19535827636719,11.86072063446045,a0776a80-e0d4-4d15-935c-034f7d0c11fb
4a945cd0-9cab-458e-b645-6327aaacb627,VN,VN-30,locality,,land,Xã Hội Sơn,,True,True,108.86817169189453,14.029313087463379,109.01264190673828,14.222282409667969,c098ae23-1e7d-4968-b350-8c49804fbcfe
ec69d11b-b932-43de-92ed-a1b5927c8735,VN,VN-33,locality,,land,Xã Liên Sơn Lắk,,True,True,108.15948486328125,12.275084495544434,108.50340270996094,12.482454299926758,cb87e9fa-2298-43d8-88e7-ab9b03dbd9e0
1c7bfbf0-619f-4a80-8ee6-774aeff34b66,VN,VN-29,microhood,,land,Quảng trường,,True,True,109.1163558959961,15.370268821716309,109.11759185791016,15.371674537658691,87a3e6eb-40b0-4476-85e9-11eea7f70219
b62e320a-8498-452e-accb-c71fd0e3d0ce,VN,VN-33,locality,,land,Xã Cư Yang,,True,True,108.56242370605469,12.572847366333008,108.69581604003906,12.71537971496582,aa7e56f3-e723-4ba2-953b-67c7b4f63197
377e273f-a74b-4836-80fe-8d2d689a93d4,VN,VN-33,locality,,land,Xã Sơn Hòa,,True,True,108.87261962890625,13.024491310119629,109.11178588867188,13.188146591186523,d35e824a-bd35-42f6-9df3-c8490649c3fb
f1e4f854-7ef0-42f8-831e-0b689db81ed5,VN,VN-35,locality,,land,Xã Hiệp Thạnh,,True,True,108.3384780883789,11.733678817749023,108.50564575195312,11.885139465332031,eb23dd9d-dfe0-419a-94c4-7f5e2b651abe
1f8c64b7-00fe-409e-9bd9-2c3bef4fb17a,VN,VN-33,locality,,land,Xã Ea Knốp,,True,True,108.44476318359375,12.760392189025879,108.72415924072266,13.034459114074707,d4f6e98d-5100-43c4-a8f1-515cacc7c91f
e61d7b8b-7566-458e-9763-138a0e97f2d0,VN,VN-30,locality,,land,Xã Ia Sao,,True,True,108.40934753417969,13.179854393005371,108.52437591552734,13.386527061462402,49e1eb56-bdb8-4040-97ca-4a9ac0d53aee
c3b8f284-2393-4b6d-91ee-6d7c396f3426,VN,VN-DN,locality,,land,Phường An Khê,"[[""en"", ""An Khê Ward""], [""vi"", ""Phường An Khê""]]",True,True,108.1596450805664,16.015151977539062,108.19892883300781,16.065330505371094,6f663451-4cab-4db5-8ae0-f6905f5e10ec
fb5e2715-a41d-461a-a5c4-22237355c9f5,VN,VN-33,locality,,land,Xã Phú Mỡ,,True,True,108.7032699584961,13.288106918334961,109.03106689453125,13.578227996826172,26a55de7-ce56-4cb2-bea7-7b6cacef2586
25cb077b-4d29-45d4-8099-9ef1a47bf84d,VN,VN-33,locality,,land,Xã Tân Tiến,,True,True,108.27930450439453,12.548880577087402,108.42656707763672,12.686042785644531,759e06a6-6ff8-44bc-a26c-f2e6be2e2bfd
8f984be8-17a0-4ec2-8d2f-1004174231f1,VN,VN-35,locality,,land,Xã Tà Năng,,True,True,108.39542388916016,11.50597095489502,108.58263397216797,11.682477951049805,3694789e-311a-432e-bab7-5ff682c11e8f
b9ad8efb-a3aa-4e10-9ec9-a6747fb458ed,VN,VN-35,locality,,land,Xã D'Ran,,True,True,108.53301239013672,11.71591854095459,108.68960571289062,11.971778869628906,73e6cea8-8d4a-4fc9-832a-276c358a0ab6
eda7ffa5-5ca7-41c6-965d-ce2d3afc8e43,VN,VN-30,locality,,land,Xã Phú Thiện,,True,True,108.20206451416016,13.368197441101074,108.42623901367188,13.609773635864258,f2b848a0-89d8-4987-9a4c-c69926e6fda0
ee5b63d1-47f1-477d-8b7c-4a005f58af11,VN,VN-DN,microhood,,land,Công viên Biển Đông,,True,True,108.2453384399414,16.06846046447754,108.24607849121094,16.072214126586914,0c25e3bb-c34d-40a5-adfe-3e3de2504dfb
7455f40e-b0d4-4bbe-aa88-b242af62d6ed,VN,VN-33,locality,,land,Xã Xuân Phước,,True,True,109.00852966308594,13.239311218261719,109.11316680908203,13.359847068786621,88c8a790-ff79-464a-9951-6a4ecf323ac9
e686c4a3-4016-4093-9bbf-b72645e23b0d,VN,VN-DN,locality,,land,Xã Thu Bồn,"[[""en"", ""Thu Bồn Commune""], [""vi"", ""Xã Thu Bồn""]]",True,True,108.03993225097656,15.731473922729492,108.19139099121094,15.85242748260498,b1340f3a-3548-4d95-85c6-775c2dbb5810
3002a412-79bd-44bc-ac58-fb94f46fe890,VN,VN-34,locality,,land,Xã Tây Khánh Sơn,,True,True,108.7837905883789,11.963897705078125,108.9041748046875,12.160392761230469,b5ec2d05-ab09-49ff-bca4-f5e93e786cfa
ff92a104-c100-4f87-b483-56ee17c7141f,VN,VN-33,locality,,land,Xã Krông Búk,,True,True,108.18006134033203,12.989131927490234,108.29971313476562,13.126567840576172,210774ea-13eb-409b-a6e6-73c3b858f91c
aa62741b-87d3-43b1-8b4f-24004c19c669,VN,VN-DN,locality,,land,Xã Tam Hải,"[[""en"", ""Tam Hải Commune""], [""vi"", ""Xã Tam Hải""]]",True,True,108.62764739990234,15.47243595123291,108.69052124023438,15.515388488769531,4238b2af-0d71-4691-9051-62130d1b5eab
93f98013-be33-44ce-a825-8662d73222c5,VN,VN-33,locality,,land,Phường Phú Yên,,True,True,109.2798843383789,13.004003524780273,109.35620880126953,13.087303161621094,961930dd-05dd-4960-8cdb-ac064748cbd7
b4abea1c-a540-40a9-b55a-2c18d0e1cf53,VN,VN-35,locality,,land,Phường Hàm Thắng,,True,True,108.09300231933594,10.941760063171387,108.19603729248047,11.009071350097656,d6becceb-a5b5-4500-8c88-0b3a0e4426b0
fbc35bd6-75e7-423b-933b-cf4fa97015ac,VN,VN-DN,locality,,land,Xã Lãnh Ngọc,"[[""en"", ""Lãnh Ngọc Commune""], [""vi"", ""Xã Lãnh Ngọc""]]",True,True,108.12641143798828,15.379429817199707,108.28890228271484,15.508431434631348,5fe4bc88-7933-4d82-832c-5d698ceed23c
6b3cba4b-b939-4d61-a2c9-06bb311374fb,VN,VN-34,neighborhood,,land,An Viên,,True,True,109.20377349853516,12.193994522094727,109.2143325805664,12.201061248779297,18f47baf-3cc6-42f3-b63b-0da126659387
8a934ee8-ca52-4755-8f57-8f2fb414b7d4,VN,VN-30,locality,,land,Xã KDang,,True,True,108.12226104736328,13.834393501281738,108.24504852294922,14.081206321716309,1630c530-29fb-4957-95bb-e7b30f9b0226
2e0b004b-7969-42a5-9c1e-504fb1e1905e,VN,VN-DN,locality,,land,Xã Tây Hồ,"[[""en"", ""Tây Hồ Commune""], [""vi"", ""Xã Tây Hồ""]]",True,True,108.31763458251953,15.545855522155762,108.45442199707031,15.631831169128418,fd69e156-b41a-49fd-9779-e100056bb5e3
17579fa1-165b-4b74-8997-d0362282b665,VN,VN-33,locality,,land,Xã Vân Hòa,,True,True,109.01634216308594,13.100377082824707,109.15499877929688,13.25850772857666,1cf9736a-666a-4a52-92a3-4f83906b513e
a7934637-bdac-4850-b0e9-dc87e1de75f0,VN,VN-34,locality,,land,Phường Nha Trang,,True,True,109.1810302734375,12.16159439086914,109.37146759033203,12.285780906677246,225eeef5-8379-44db-acaf-77488fe8c931
13aaa9d2-6860-4ff1-9fd7-41c17bff4319,VN,VN-DN,locality,,land,Xã Nam Phước,"[[""en"", ""Nam Phước Commune""], [""vi"", ""Xã Nam Phước""]]",True,True,108.24674987792969,15.81233024597168,108.36630249023438,15.867899894714355,fef4eede-6618-4b6a-867a-db64d0bc3288
f2b9b72f-924b-42cb-a23b-9a0249816ae6,VN,VN-34,neighborhood,,land,Muong Thanh Oceanus Apartment,,True,True,109.2011489868164,12.272957801818848,109.2029037475586,12.274492263793945,b266f5cf-2fd0-40e7-beb9-bfedf9bc2c8c
5a03fbdb-4e8b-4bb5-9436-b8448979c144,VN,VN-34,locality,,land,Xã Ninh Phước,,True,True,108.91119384765625,11.468060493469238,108.99098205566406,11.589956283569336,1147be3e-91d8-4db6-a4b0-61909c855d87
e90a3861-9cc4-44ab-9158-2a98d29ce1e3,VN,VN-DN,locality,,land,Phường Hội An Tây,"[[""en"", ""Hội An Tây Ward""], [""vi"", ""Phường Hội An Tây""]]",True,True,108.28963470458984,15.872456550598145,108.36267852783203,15.921693801879883,ccc14693-0e7b-48b8-ba34-13360e7c8dca
bfddd86e-afec-442c-b3e7-b71ae8c650b5,VN,VN-29,locality,,land,Xã Tư Nghĩa,,True,True,108.78660583496094,15.054664611816406,108.8997802734375,15.116375923156738,1e2346ed-5a90-4c70-846d-faaf5c0de5a4
ea548419-c4f4-448e-a75d-ddffd6740b14,VN,VN-DN,locality,,land,Xã Đức Phú,"[[""en"", ""Đức Phú Commune""], [""vi"", ""Xã Đức Phú""]]",True,True,108.42174530029297,15.395410537719727,108.58294677734375,15.490697860717773,35b6a532-6c5b-4df7-9528-d63d391364c0
49b601a4-bcfa-45a3-ae82-dca070f4f1a7,VN,VN-29,locality,,land,Xã Minh Long,,True,True,108.57645416259766,14.849525451660156,108.74089050292969,14.973856925964355,26867b41-2787-44d8-a5be-429e1ee1c2d0
410923e7-c939-4bfa-885d-24e2bcbacab1,VN,VN-33,locality,,land,Xã Ea Bá,,True,True,108.7743911743164,12.867209434509277,108.89254760742188,13.059674263000488,176c05a7-b6c4-425d-8be1-6657be257d39
74033158-6db0-4ee6-b2ba-a10b5a7e17cd,VN,VN-DN,locality,,land,Phường Hương Trà,"[[""en"", ""Hương Trà Ward""], [""vi"", ""Phường Hương Trà""]]",True,True,108.46988677978516,15.506614685058594,108.52471923828125,15.573248863220215,83f2e997-fd6d-4af9-aa83-505db23cbd72
278de3fa-d65d-46d4-bc96-c960747f137d,VN,VN-34,locality,,land,Phường Bảo An,,True,True,108.92904663085938,11.569045066833496,109.00355529785156,11.62356185913086,1f357e97-24b2-4460-96eb-1fc0accf34ed
37e43052-d9ec-412e-a260-1fee74931b62,VN,VN-30,locality,,land,Xã Chư A Thai,,True,True,108.23190307617188,13.474485397338867,108.34242248535156,13.666406631469727,6fb9c8ac-44ad-4644-b111-4044c02969e3
e448d355-d104-413f-bbe3-419f6478a6c0,VN,VN-DN,locality,,land,Phường Hội An,"[[""en"", ""Hội An Ward""], [""vi"", ""Phường Hội An""]]",True,True,108.30367279052734,15.854581832885742,108.36119842529297,15.886089324951172,3b9b7bad-d2d8-48c1-a8c7-b92cbb312d0e
b8ea5caf-5f45-44b0-95fb-d2a1b6025ff9,VN,VN-33,microhood,,land,Quảng trường Nghinh Phong,,True,True,109.30653381347656,13.115548133850098,109.30757904052734,13.116704940795898,f5704e43-3d48-4b49-90e0-9472b9c9222d
81d2f45c-3474-4c61-b74f-714a76f6e130,VN,VN-35,locality,,land,Xã Phú Sơn Lâm Hà,,True,True,108.15227508544922,11.794768333435059,108.32048797607422,12.071463584899902,3bac611b-348b-4436-a182-346c3a27d87c
c7d8db59-60c8-4081-a994-00abfe485a5c,VN,VN-35,locality,,land,Xã Nam Ban Lâm Hà,,True,True,108.29081726074219,11.770281791687012,108.42639923095703,11.925661087036133,9390187d-86fe-434f-b068-907db277c55f
5d9b146c-cdbe-4f8c-b71f-fb61ac37ed94,VN,VN-35,locality,,land,Xã Đinh Văn Lâm Hà,,True,True,108.18400573730469,11.712658882141113,108.31143188476562,11.825441360473633,1392b867-a93c-4f4c-8184-d4220f151a87
6107f974-3e97-45f6-bafe-3c3861ce5ad3,VN,VN-DN,locality,,land,Xã Thăng Trường,"[[""en"", ""Thăng Trường Commune""], [""vi"", ""Xã Thăng Trường""]]",True,True,108.40860748291016,15.629989624023438,108.51483917236328,15.738814353942871,47147895-6193-4d3f-bbc2-46284e5dc784
24339443-5a46-4edc-ab15-634a90c28cc2,VN,VN-34,locality,,land,Xã Diên Lạc,,True,True,109.01480865478516,12.235464096069336,109.0986557006836,12.265210151672363,3ff6b084-96f1-4699-8a47-df3ac185562a
b5626f0f-085f-4326-bff6-c8b977051792,VN,VN-34,locality,,land,Xã Bắc Ninh Hòa,,True,True,108.9858627319336,12.487735748291016,109.21099853515625,12.753862380981445,c8f55835-0532-4613-a821-e8cae2b7c29b
49e1d6d4-5b13-4966-b076-a5ca7d33c30d,VN,VN-30,locality,,land,Xã Vĩnh Quang,,True,True,108.6994400024414,14.016621589660645,108.86979675292969,14.120206832885742,b1ad54b2-4617-490f-b130-a2d6f07efe0f
a4f2c5cb-6c68-4aa3-92a9-7d8a6e04da35,VN,VN-30,locality,,land,Xã Tuy Phước,,True,True,109.1160659790039,13.797492027282715,109.24871063232422,13.868572235107422,842364c3-31ea-4561-8786-c2842eaf6e89
7b3115bd-712f-4d01-85ff-df1bad33a0cb,VN,VN-33,locality,,land,Xã Dliê Ya,,True,True,108.27424621582031,12.986565589904785,108.4359130859375,13.159314155578613,214257fe-0cdb-4bb9-aeb1-744fe2c72b18
e340975c-9453-4e40-8bd0-10f793d86f36,VN,VN-30,locality,,land,Phường Hoài Nhơn,"[[""en"", ""Hoai Nhon Ward""], [""vi"", ""Phường Hoài Nhơn""]]",True,True,109.0035629272461,14.469308853149414,109.08853912353516,14.56015396118164,dea45279-f47a-4f33-9bdd-dd64df874116
f2fe6efe-59b0-4d34-9394-46eab2f005fc,VN,VN-DN,neighborhood,,land,Tổ Đồng Trường I,,True,True,108.21614074707031,15.33694839477539,108.21908569335938,15.339192390441895,ad25b321-7877-455c-b5b5-c55880d12d14
277211ee-d29e-48d5-9d00-038a92134f08,VN,VN-33,locality,,land,Xã Sơn Thành,,True,True,109.00025177001953,12.84988784790039,109.19239807128906,13.049098014831543,d3fe3dfd-e14e-4cd4-b7a8-2c734f947586
89b4be3f-39b8-4bc6-b284-cc65ec23f630,VN,VN-DN,locality,,land,Xã Chiên Đàn,"[[""en"", ""Chiên Đàn Commune""], [""vi"", ""Xã Chiên Đàn""]]",True,True,108.36813354492188,15.518922805786133,108.47248077392578,15.608588218688965,f6decd5f-bd9e-4f35-ba0d-c0c81e6d01f1
463f8f40-37a2-4d61-9b09-123a86d13bbb,VN,VN-DN,locality,,land,Xã Nam Trà My,"[[""en"", ""Nam Trà My Commune""], [""vi"", ""Xã Nam Trà My""]]",True,True,108.0888900756836,15.002276420593262,108.22270965576172,15.248680114746094,06e4f663-3685-4f75-b544-a139fe4a21f8
39906d6b-1d5f-4c21-8a53-fcc1ad8b7293,VN,VN-33,locality,,land,Xã Krông Nô,,True,True,108.06920623779297,12.160527229309082,108.45128631591797,12.313735961914062,1c1fad72-63dc-48e0-ae96-7901c0624945
0ac33591-3144-45f3-8b9e-3e2b4d9cf424,VN,VN-35,locality,,land,Xã Sông Lũy,,True,True,108.1050033569336,11.123960494995117,108.35136413574219,11.338784217834473,34697a51-284e-40f8-ac7c-a860d3d2e600
dc960603-b12a-4e41-8d61-cca5169d8e61,VN,VN-30,locality,,land,Phường Hoài Nhơn Nam,"[[""en"", ""South Hoai Nhon Ward""], [""vi"", ""Phường Hoài Nhơn Nam""]]",True,True,108.97930908203125,14.429758071899414,109.0641860961914,14.499258041381836,aeca7fd0-ca80-46fd-96a6-000ec39fc7cb
1dfc545a-7c74-442e-b606-c79191e19f77,VN,VN-33,region,1,maritime,Tỉnh Đắk Lắk,"[[""bs"", ""Provincija Đắk Lắk""], [""hr"", ""Provincija Đắk Lắk""], [""ar"", ""محافظة داك لاك""], [""fr"", ""Province de Đắk Lắk""], [""lv"", ""Daklakas province""], [""uk"", ""Даклак""], [""pt-PT"", ""Província de Đắk Lắk""], [""pt"", ""Província de Đắk Lắk""], [""cs"", ""Provincie Đắk Lắk""], [""el"", ""Επαρχία Ντακ Λακ""], [""it"", ""Provincia di Đắk Lắk""], [""ca"", ""Província de Đắk Lắk""], [""pt-BR"", ""Província de Đắk Lắk""], [""vi-Hani"", ""省得勒""], [""vi"", ""Tỉnh Đắk Lắk""], [""tg"", ""Вилояти Дак Лак""], [""nl"", ""Provincie van Đắk Lắk""], [""zh-Hans"", ""多乐省""], [""bg"", ""Дак Лак""], [""ko"", ""닥락성""], [""et"", ""Đắk Lắki provints""], [""de"", ""Provinz Đắk Lắk""], [""ur"", ""داک لاک صوبہ""], [""ru"", ""провинция Даклак""], [""th"", ""จังหวัดดั๊กลัก""], [""id"", ""Provinsi Đắk Lắk""], [""sr-Latn"", ""Đak Lak oblast""], [""sv"", ""Đắk Lắk-provinsen""], [""tr"", ""Eyaleti Đắk Lắk""], [""da"", ""Đắk Lắk-provinsen""], [""sr-Cyrl"", ""Дак Лак""], [""zh-Hant"", ""多樂省""], [""en"", ""Đắk Lắk Province""], [""he"", ""מחוז דאק לאק""], [""sk"", ""Provincia Đắk Lắk""], [""es"", ""Provincia Đắk Lắk""], [""sw"", ""Mkoa wa Đắk Lắk""], [""ja"", ""ダクラク""], [""fi"", ""Đắk Lắkin maakunta""], [""ro"", ""Provincia Đắk Lắk""], [""lt"", ""Daklako provincija""], [""no"", ""Đắk Lắk-provinsen""], [""sl"", ""Provinca Đắk Lắk""], [""fa"", ""استان داک لاک""], [""zh"", ""多樂省""], [""ms"", ""Provinsi Đắk Lắk""], [""hu"", ""Đắk Lắk tartomány""], [""pl"", ""Prowincja Đắk Lắk""]]",False,True,107.48420715332031,12.160527229309082,109.66654968261719,13.695334434509277,5ecadee6-d4c3-4f7d-98e1-800a7a5c1464
1da3a6ba-f6bc-4e3d-bc18-5c6acaad9ea9,VN,VN-33,locality,,land,Xã Xuân Lãnh,,True,True,108.94828796386719,13.41521167755127,109.1213150024414,13.58765697479248,3b29e705-a033-4d4c-befc-f8a320f24d64
9eacf904-57f9-4f00-a85b-015afc58337a,VN,VN-30,locality,,land,Xã Phù Mỹ,,True,True,109.03915405273438,14.137310028076172,109.13196563720703,14.213947296142578,e046c892-0060-414c-a552-bebd77d20730
f98dd77c-9589-424c-955e-26f65d708f54,VN,VN-33,locality,,land,Xã Đức Bình,,True,True,108.89253234863281,12.887544631958008,109.06146240234375,13.071002960205078,d8472a5e-da9f-445b-917a-cae35132baeb
3cfe083d-cdf5-4cac-bf48-96cf974aa72e,VN,VN-30,region,1,land,Tỉnh Gia Lai,"[[""bs"", ""Provincija Gia Lai""], [""hr"", ""Provincija Gia Lai""], [""ar"", ""محافظة زا لاي""], [""fr"", ""Province de Gia Lai""], [""lv"", ""Zalajas province""], [""uk"", ""Зялай""], [""pt-PT"", ""Província de Gia Lai""], [""pt"", ""Gia Lai""], [""cs"", ""Provincie Gia Lai""], [""el"", ""Επαρχία Τζια Λάι""], [""it"", ""Provincia di Gia Lai""], [""ca"", ""Província de Gia Lai""], [""pt-BR"", ""Província de Gia Lai""], [""vi-Hani"", ""省嘉萊""], [""vi"", ""Tỉnh Gia Lai""], [""tg"", ""Вилояти Гиа Лай""], [""nl"", ""Gia Lai""], [""zh-Hans"", ""嘉莱省""], [""bg"", ""Жиа Лай""], [""ko"", ""잘라이성""], [""et"", ""Gia Lai provints""], [""de"", ""Gia Lai""], [""ur"", ""گیا لائی صوبہ""], [""ru"", ""Зялай""], [""ml"", ""ഗിയ ലായ് പ്രൊവിൻസ്""], [""th"", ""จังหวัดเจียไล""], [""id"", ""Provinsi Gia Lai""], [""sr-Latn"", ""Gia Lai oblast""], [""sv"", ""Gia Lai""], [""tr"", ""Eyaleti Gia Lai""], [""da"", ""Gia Lai-provinsen""], [""sr-Cyrl"", ""Жја Лај""], [""zh-Hant"", ""嘉萊省""], [""en"", ""Gia Lai Province""], [""he"", ""מחוז גיאה לאי""], [""sk"", ""Provincia Gia Lai""], [""es"", ""Gia Lai""], [""sw"", ""Mkoa wa Gia Lai""], [""ja"", ""ザライ""], [""fi"", ""Gia Lai""], [""ro"", ""Provincia Gia Lai""], [""lt"", ""Žialajaus provincija""], [""no"", ""Gia Lai-provinsen""], [""sl"", ""Provinca Gia Lai""], [""fa"", ""استان گیا لای""], [""zh"", ""嘉萊省""], [""ms"", ""Provinsi Gia Lai""], [""hu"", ""Gia Lai Province""], [""pl"", ""Prowincja Gia Lai""]]",True,False,107.45082092285156,12.996166229248047,109.36107635498047,14.703204154968262,18a10eab-dc44-465e-9959-203e6f366861
71d3b3c1-df2e-4c1f-afb1-6893024002c9,VN,VN-34,locality,,land,Xã Suối Dầu,,True,True,108.94010162353516,12.074563026428223,109.16742706298828,12.213818550109863,e6b3419f-0ccb-4533-8b9d-2f557ec8a18d
4cee4933-86f2-4df7-928c-d98ffcccaaa1,VN,VN-35,locality,,land,Phường Xuân Hương - Đà Lạt,,True,True,108.3914794921875,11.853520393371582,108.49854278564453,11.957107543945312,5ac48381-b850-4d00-80b3-698abd19861e
79535e1d-3461-4b97-ac55-8e88ec9d0228,VN,VN-30,locality,,land,Xã Nhơn Châu,,True,True,109.337646484375,13.591392517089844,109.37091064453125,13.635046005249023,b64a0c85-2b18-4bf6-afe8-4c1d3167bb5a
bec21faa-b8e8-4f0a-a31a-3a33d3ce967f,VN,VN-34,locality,,land,Phường Đông Ninh Hòa,,True,True,109.19258880615234,12.345610618591309,109.38055419921875,12.5953369140625,90d0fc6f-70e8-4e2f-b099-aee0e2220161
f4e742a6-d200-49ca-80d8-989a3437be96,VN,VN-34,locality,,land,Xã Diên Điền,,True,True,109.05084991455078,12.26126480102539,109.14181518554688,12.361529350280762,cf4ae936-212e-442f-9660-bb8908e1f7dc
d31fd481-3d42-4404-94b5-56821f74ea83,VN,VN-35,region,1,maritime,Tỉnh Lâm Đồng,"[[""bs"", ""Provincija Lâm Đồng""], [""hr"", ""Provincija Lâm Đồng""], [""ar"", ""محافظة لام دونغ""], [""fr"", ""Province de Lâm Đồng""], [""lv"", ""Lomdonas province""], [""uk"", ""Ламдонг""], [""pt-PT"", ""Província de Lâm Đồng""], [""pt"", ""Lam Dong""], [""cs"", ""Provincie Lâm Đồng""], [""el"", ""Επαρχία Λαμ Ντονγκ""], [""it"", ""Provincia di Lam Dong""], [""ca"", ""Província de Lâm Đồng""], [""pt-BR"", ""Província de Lâm Đồng""], [""vi-Hani"", ""省林同""], [""vi"", ""Tỉnh Lâm Đồng""], [""tg"", ""Вилояти Лам Донг""], [""nl"", ""Provincie van Lâm Đồng""], [""zh-Hans"", ""林同省""], [""bg"", ""Лам Донг""], [""ko"", ""럼동성""], [""et"", ""Lâm Đồngi provints""], [""de"", ""Provinz Lâm Đồng""], [""ur"", ""لام دونگ صوبہ""], [""ru"", ""Ламдонг""], [""th"", ""จังหวัดเลิมด่ง""], [""id"", ""Provinsi Lam Dong""], [""sr-Latn"", ""Lam Đong oblast""], [""sv"", ""Lâm Đồng-provinsen""], [""tr"", ""Eyaleti Lâm Đồng""], [""da"", ""Lâm Đồng-provinsen""], [""sr-Cyrl"", ""Лам Донг""], [""zh-Hant"", ""林同省""], [""en"", ""Lâm Đồng Province""], [""he"", ""מחוז לאם דונג""], [""sk"", ""Provincia Lâm Đồng""], [""es"", ""Provincia Lâm Đồng""], [""sw"", ""Mkoa wa Lâm Đồng""], [""ja"", ""ラムドン""], [""fi"", ""Lâm Đồngin maakunta""], [""ro"", ""Lâm Đồng""], [""lt"", ""Lamdongo provincija""], [""no"", ""Lâm Đồng-provinsen""], [""sl"", ""Provinca Lâm Đồng""], [""fa"", ""استان لام دونگ""], [""zh"", ""林同省""], [""ms"", ""Provinsi Lâm Đồng""], [""hu"", ""Lâm Đồng tartomány""], [""pl"", ""Prowincja Lâm Đồng""]]",False,True,107.20611572265625,9.378022193908691,109.40193939208984,12.812519073486328,987ea03b-db75-481d-ae3b-ffa10f223f91
0c194ad1-950d-41cd-8d4c-9e15414ced95,VN,VN-30,locality,,land,Xã Hòa Hội,,True,True,108.9277114868164,13.998579978942871,109.0906753540039,14.098865509033203,ab989266-6d83-4f37-bc78-a357f1f11fc5
f87f6d73-df8f-4690-ba50-111e4c9a0bc9,VN,VN-30,locality,,land,Xã Vân Canh,,True,True,108.91839599609375,13.515214920043945,109.0530014038086,13.670397758483887,d7c44745-8080-404e-94ed-72e63b9a3ff1
1509b616-8077-429d-841f-c7c3efea4c19,VN,VN-34,locality,,land,Xã Bác Ái Đông,,True,True,108.86666870117188,11.785111427307129,109.05811309814453,11.952641487121582,74b9a029-a160-430d-9683-eb0b52b3d5b0
6803d02a-fbf2-4ac6-a232-3e6b5b65c026,VN,VN-30,locality,,land,Xã Ia Rsai,,True,True,108.52027130126953,13.209014892578125,108.80773162841797,13.474089622497559,9f851bb3-903c-403f-9509-a391a6f81a8a
4f9a9b70-a867-497f-a551-15f31fac8656,VN,VN-30,locality,,land,Phường An Bình,"[[""en"", ""An Binh Ward""], [""vi"", ""Phường An Bình""]]",True,True,108.55425262451172,13.915281295776367,108.66295623779297,14.0192289352417,97dab06d-48a4-4299-82eb-3f4617b4fded
2234f885-31e3-4824-ba5f-275140413a53,VN,VN-30,locality,,land,Xã Kon Gang,,True,True,108.07318115234375,13.992949485778809,108.20368957519531,14.164716720581055,08b1baf2-bcca-4589-ae09-551048ab78c9
50ae4e13-8cb9-4edf-ac2b-3ac82492bb89,VN,VN-30,locality,,land,Xã Vĩnh Sơn,,True,True,108.60111236572266,14.216888427734375,108.81796264648438,14.459742546081543,c89fd3ff-0fb8-4285-ad98-67ec902b6b8d
8297e774-33db-4f50-b8d7-38f21b2a949d,VN,VN-35,neighborhood,,land,Khu dân cư Khanh Cát,,True,True,108.45649719238281,11.977686882019043,108.45816802978516,11.97911548614502,e705f4cd-24e6-4d77-a651-0fec3b6ed29d
7437d2b3-6901-4aa5-a318-5fa26099fbc8,VN,VN-33,locality,,land,Xã Krông Á,,True,True,108.65436553955078,12.451972007751465,108.88420867919922,12.73492431640625,730767f3-c4c3-4fe1-95d5-8904a2c357c6
8a2c2fd8-2e55-4c3f-baa2-d4091f2331ea,VN,VN-35,microhood,,land,Quảng Trường Lâm Viên,"[[""en"", ""Lam Vien Square""]]",True,True,108.44217681884766,11.937787055969238,108.44652557373047,11.939774513244629,dbbe00a7-8961-4224-9243-b1dbedc51315
b0416e68-9e11-42f0-b005-47e684dbc7a6,VN,VN-DN,locality,,land,Phường An Thắng,"[[""en"", ""An Thắng Ward""], [""vi"", ""Phường An Thắng""]]",True,True,108.2020263671875,15.872764587402344,108.24872589111328,15.939231872558594,ca52258d-a81d-44ba-a121-f9e87b5c80b9
e1b51b3d-415f-4938-a9ee-956fb5405108,VN,VN-DN,locality,,land,Xã Phú Ninh,"[[""en"", ""Phú Ninh Commune""], [""vi"", ""Xã Phú Ninh""]]",True,True,108.37126159667969,15.391717910766602,108.51065063476562,15.551532745361328,97269ca3-c652-4a68-b321-96c6d35909fe
f4c1ac5c-cbb0-4228-8934-e84e1c59535a,VN,VN-DN,locality,,land,Phường Quảng Phú,"[[""en"", ""Quảng Phú Ward""], [""vi"", ""Phường Quảng Phú""]]",True,True,108.47152709960938,15.56485652923584,108.55670928955078,15.644665718078613,8ee7e9fb-bdff-46ce-937a-c4f633fa19ab
ce2c8637-e268-461c-9824-b3fc05d6abdf,VN,VN-35,locality,,land,Xã Hòa Thắng,,True,True,108.24724578857422,10.995941162109375,108.50279235839844,11.200557708740234,ed7b3ace-90a6-43a4-8a2a-81b5c301deb9
39eb9562-7b7e-48f8-81ef-3a5ca682736b,VN,VN-35,locality,,land,Phường Mũi Né,,True,True,108.1852035522461,10.909385681152344,108.34983825683594,11.028168678283691,fdfa4a1d-674e-4dfd-954c-2a37a3a79037
751b8486-4a0c-4f13-a65b-bcf0a89d2448,VN,VN-30,locality,,land,Xã Đak Pơ,,True,True,108.41458129882812,13.879213333129883,108.61991119384766,14.067826271057129,d687be2e-4b40-4d3b-9be9-c41e17f67964
ae0fe161-7087-42e4-90b2-6a5714405421,VN,VN-DN,locality,,land,Xã Tam Anh,"[[""en"", ""Tam Anh Commune""], [""vi"", ""Xã Tam Anh""]]",True,True,108.53272247314453,15.433830261230469,108.63987731933594,15.53242301940918,54b57d66-17c6-47ec-bff6-461a63dd4c69
bc4c5bf7-06f4-43c8-ab32-0a8067ca79c7,VN,VN-DN,locality,,land,Phường Hòa Khánh,"[[""en"", ""Hòa Khánh Ward""], [""vi"", ""Phường Hòa Khánh""]]",True,True,108.08380889892578,16.021533966064453,108.17877197265625,16.089067459106445,c117428d-f76a-45c0-83b8-8cd8d202f29e
d6984b49-a1ae-4546-aa4a-4228e5d32d54,VN,VN-30,locality,,land,Xã Ia Tul,,True,True,108.45217895507812,13.3599271774292,108.74219512939453,13.630158424377441,2e80854b-6e5a-4404-ab16-ebf52aa3d48e
8899694a-fd33-4052-96e9-c18b1e55269a,VN,VN-29,locality,,land,Xã Sơn Tây Thượng,,True,True,108.2354736328125,14.964007377624512,108.37445068359375,15.117761611938477,ea34dfcd-cf1f-48a1-a7c8-46605925fb82
095336fb-681a-4a90-a2b0-417d069ce232,VN,VN-34,microhood,,land,Quảng trường 2-4,"[[""en"", ""Square April 2""]]",True,True,109.19676971435547,12.238394737243652,109.19743347167969,12.24024486541748,5514fef2-dee4-4fce-9216-2088342fb4f1
98d7fef9-9e6f-4e5f-b564-34f1e83e380e,VN,VN-33,locality,,land,Xã Ea Drông,,True,True,108.2632827758789,12.79378890991211,108.37276458740234,12.930624008178711,c260f7eb-72b0-4098-bab8-3cf81b2ae071
0f6bb6b7-eb22-4d0b-b6e0-565c5a177793,VN,VN-30,locality,,land,Phường Quy Nhơn Nam,"[[""en"", ""South Quy Nhon Ward""], [""vi"", ""Phường Quy Nhơn Nam""]]",True,True,109.18084716796875,13.667582511901855,109.2558364868164,13.78154182434082,5facbe29-5881-4bc1-a15a-231b6954f8d2
7ec9f119-3416-4c05-8c02-922327e3e119,VN,VN-35,locality,,land,Xã Liên Hương,,True,True,108.64437866210938,11.164569854736328,108.83425903320312,11.3629789352417,559a905b-3a11-491d-a9ab-0b441a861d54
c536cc6c-70fe-4082-9261-931e1f85b525,VN,VN-35,locality,,land,Xã Lương Sơn,,True,True,108.26296997070312,11.170835494995117,108.41484832763672,11.329106330871582,46dc9a95-b7ca-4c57-8344-08be33206e9f
8cc49351-0229-441a-b79c-3b2ce19403bc,VN,VN-29,locality,,land,Xã Sơn Mai,,True,True,108.6203842163086,14.930825233459473,108.77210235595703,15.04549503326416,507c8376-3017-4a65-adf5-1c9d97b0a61e
19fc2a99-314a-4d13-90b4-441dac123415,VN,VN-30,region,1,maritime,Tỉnh Gia Lai,"[[""bs"", ""Provincija Gia Lai""], [""hr"", ""Provincija Gia Lai""], [""ar"", ""محافظة زا لاي""], [""fr"", ""Province de Gia Lai""], [""lv"", ""Zalajas province""], [""uk"", ""Зялай""], [""pt-PT"", ""Província de Gia Lai""], [""pt"", ""Gia Lai""], [""cs"", ""Provincie Gia Lai""], [""el"", ""Επαρχία Τζια Λάι""], [""it"", ""Provincia di Gia Lai""], [""ca"", ""Província de Gia Lai""], [""pt-BR"", ""Província de Gia Lai""], [""vi-Hani"", ""省嘉萊""], [""vi"", ""Tỉnh Gia Lai""], [""tg"", ""Вилояти Гиа Лай""], [""nl"", ""Gia Lai""], [""zh-Hans"", ""嘉莱省""], [""bg"", ""Жиа Лай""], [""ko"", ""잘라이성""], [""et"", ""Gia Lai provints""], [""de"", ""Gia Lai""], [""ur"", ""گیا لائی صوبہ""], [""ru"", ""Зялай""], [""ml"", ""ഗിയ ലായ് പ്രൊവിൻസ്""], [""th"", ""จังหวัดเจียไล""], [""id"", ""Provinsi Gia Lai""], [""sr-Latn"", ""Gia Lai oblast""], [""sv"", ""Gia Lai""], [""tr"", ""Eyaleti Gia Lai""], [""da"", ""Gia Lai-provinsen""], [""sr-Cyrl"", ""Жја Лај""], [""zh-Hant"", ""嘉萊省""], [""en"", ""Gia Lai Province""], [""he"", ""מחוז גיאה לאי""], [""sk"", ""Provincia Gia Lai""], [""es"", ""Gia Lai""], [""sw"", ""Mkoa wa Gia Lai""], [""ja"", ""ザライ""], [""fi"", ""Gia Lai""], [""ro"", ""Provincia Gia Lai""], [""lt"", ""Žialajaus provincija""], [""no"", ""Gia Lai-provinsen""], [""sl"", ""Provinca Gia Lai""], [""fa"", ""استان گیا لای""], [""zh"", ""嘉萊省""], [""ms"", ""Provinsi Gia Lai""], [""hu"", ""Gia Lai Province""], [""pl"", ""Prowincja Gia Lai""]]",False,True,107.45082092285156,12.996166229248047,109.58492279052734,14.703204154968262,18a10eab-dc44-465e-9959-203e6f366861
d1ae0eb3-fb64-4458-8e5b-13a776f8742a,VN,VN-30,locality,,land,Phường An Nhơn Nam,,True,True,109.02389526367188,13.786908149719238,109.1375961303711,13.885686874389648,c004e414-43e6-4fc1-857f-5c8a8aa18692
f1b87ecd-2517-4c31-8c1f-46bcd24ad847,VN,VN-DN,locality,,land,Xã Tam Xuân,"[[""en"", ""Tam Xuân Commune""], [""vi"", ""Xã Tam Xuân""]]",True,True,108.48292541503906,15.481158256530762,108.60411834716797,15.587660789489746,3db81c68-54cc-4bf7-bc7f-8f5ea2bdbfeb
02749589-6048-4581-8b32-6cf55a3914b5,VN,VN-30,locality,,land,Xã Tuy Phước Đông,,True,True,109.16902160644531,13.834912300109863,109.25941467285156,13.937843322753906,b824c777-1a8b-464f-a6a5-f1cc1eb95ec5
c1866ab5-7e3f-4af8-aa75-dd1900b9b218,VN,VN-30,locality,,land,Phường Quy Nhơn Đông,"[[""en"", ""East Quy Nhon Ward""], [""vi"", ""Phường Quy Nhơn Đông""]]",True,True,109.17543029785156,13.75377368927002,109.3529281616211,13.90424633026123,9ab679d3-227e-497c-9259-ea4bee710790
0bb2786a-8acf-4e96-85d1-9ba8520bdda9,VN,VN-DN,locality,,land,Xã Duy Xuyên,"[[""en"", ""Duy Xuyên Commune""], [""vi"", ""Xã Duy Xuyên""]]",True,True,108.13471221923828,15.714583396911621,108.27462005615234,15.849164009094238,ac527772-d207-4846-923e-a282433624a4
06e49620-82ce-41e1-a87a-f43209bd4c4f,VN,VN-33,locality,,land,Xã Phú Hòa 2,,True,True,109.13056945800781,13.047855377197266,109.26060485839844,13.155405044555664,3d60cff6-14bd-4e11-8b67-623cbd997299
782e415b-976f-4c02-8428-2512a6af55b7,VN,VN-33,locality,,land,Xã Krông Năng,,True,True,108.2760009765625,12.917290687561035,108.40391540527344,13.028268814086914,900f07f8-40cc-4a87-93d1-e256f59384db
a365db59-6b79-4bf0-923b-603449fcdb98,VN,VN-33,locality,,land,Xã Tây Sơn,,True,True,108.80429077148438,13.161703109741211,109.0374984741211,13.3999605178833,9d0792d2-3a4f-43b3-b449-cae944b90d41
e4438043-70a5-40a1-ab6e-4e73262e3319,VN,VN-33,locality,,land,Xã Ea Phê,,True,True,108.30882263183594,12.64695930480957,108.42152404785156,12.803659439086914,a23e07e3-94c6-4e77-9a8a-7dbb067af7ea
c8099b19-df07-412e-9504-93e22405cf07,VN,VN-34,locality,,land,Xã Nam Khánh Vĩnh,,True,True,108.71050262451172,12.13578987121582,108.9189682006836,12.282620429992676,6b483044-fe33-4cc0-82b3-70cdb34975ab
ab73a554-eb1a-4ffe-b0a0-ceabdcd36fd9,VN,VN-30,locality,,land,Xã Phù Cát,,True,True,109.01431274414062,13.938115119934082,109.13922882080078,14.063547134399414,859386fa-1cc8-466b-ac9c-5255c62eb447
ff34b1fb-abc2-47ab-a2fa-222efb019a3e,VN,VN-29,locality,,land,Xã Măng Đen,,True,True,108.12506866455078,14.55471420288086,108.39495086669922,14.832157135009766,e8340246-20fb-409d-95af-7af61989edaf
37520939-e6c7-4d07-8429-9b201efaa886,VN,VN-34,region,1,land,Tỉnh Khánh Hòa,"[[""bs"", ""Provincija Khánh Hòa""], [""hr"", ""Provincija Khánh Hòa""], [""ar"", ""محافظة كان هوا""], [""fr"", ""Province de Khánh Hòa""], [""lv"", ""Haņhoa province""], [""uk"", ""Кханьхоа""], [""pt-PT"", ""Província de Khánh Hòa""], [""pt"", ""Khanh Hoa""], [""cs"", ""Provincie Khánh Hòa""], [""el"", ""Επαρχία Κχανχ Χόα""], [""it"", ""Provincia di Khanh Hoa""], [""ca"", ""Província de Khánh Hòa""], [""pt-BR"", ""Província de Khánh Hòa""], [""vi-Hani"", ""省慶和""], [""vi"", ""Khánh Hòa""], [""tg"", ""Вилояти Кан Хоа""], [""nl"", ""Khánh Hòa""], [""zh-Hans"", ""庆和省""], [""bg"", ""Кхан Хоа""], [""ko"", ""카인호아성""], [""et"", ""Khánh Hòa provints""], [""de"", ""Provinz Khánh Hòa""], [""ur"", ""خانھ ہوا صوبہ""], [""ru"", ""провинция Кханьхоа""], [""th"", ""จังหวัดคั้ญฮหว่า""], [""id"", ""Provinsi Khanh Hoa""], [""sr-Latn"", ""Kan Hoa oblast""], [""sv"", ""Khanh Hoa""], [""tr"", ""Eyaleti Khánh Hòa""], [""da"", ""Khánh Hòa-provinsen""], [""sr-Cyrl"", ""Хањ Хоа""], [""zh-Hant"", ""慶和省""], [""en"", ""Khánh Hòa Province""], [""he"", ""מחוז חאן הואה""], [""sk"", ""Provincia Khánh Hòa""], [""es"", ""Khánh Hòa""], [""sw"", ""Mkoa wa Khánh Hòa""], [""ja"", ""カインホア""], [""fi"", ""Khánh Hòa""], [""ro"", ""Provincia Khánh Hòa""], [""lt"", ""Kanhojos provincija""], [""no"", ""Khánh Hòa-provinsen""], [""sl"", ""Provinca Khánh Hòa""], [""fa"", ""استان خان هوا""], [""zh"", ""慶和省""], [""ms"", ""Provinsi Khánh Hòa""], [""hu"", ""Khánh Hòa tartomány""], [""pl"", ""Prowincja Khánh Hòa""]]",True,False,108.55146026611328,11.306894302368164,109.46162414550781,12.868525505065918,7f3d455c-5cf4-4a7a-9f15-4d60cc85da02
a60d4d45-cec9-4271-9786-6d66612ceac6,VN,VN-34,locality,,land,Xã Khánh Vĩnh,,True,True,108.83570098876953,12.08733081817627,108.97569274902344,12.29388427734375,92694cbb-f4dc-46ea-9798-b5457887dd69
3fe8ac6f-7209-472e-9695-9deb142a0ebe,VN,VN-34,locality,,land,Xã Tây Ninh Hòa,,True,True,108.87156677246094,12.460980415344238,109.04121398925781,12.686946868896484,36aebf87-0a94-40e2-aaa3-97b44804682e
c49b37ce-cb96-4567-be79-886c830781e1,VN,VN-34,locality,,land,Xã Diên Lâm,,True,True,108.93537139892578,12.261380195617676,109.09486389160156,12.38994312286377,6be7c294-a5bb-477e-bd0f-4ffd6c3e2a48
fae3cc2a-7e03-4328-bb4a-c995af3ae993,VN,VN-30,locality,,land,Xã Ia Hiao,,True,True,108.26028442382812,13.346566200256348,108.4373550415039,13.486980438232422,11fe67ee-541e-4bed-a6ea-5c728020afd1
0a6bba34-4033-432a-ad37-72bcc91fe3bd,VN,VN-30,locality,,land,Xã An Hòa,,True,True,108.75086212158203,14.469158172607422,108.9503173828125,14.60859489440918,c38f1cd8-6be5-4ba8-af0a-9cebff60d2c7
6b8e93f3-6bee-4b6c-8555-5b027a3a570d,VN,VN-33,region,1,land,Tỉnh Đắk Lắk,"[[""bs"", ""Provincija Đắk Lắk""], [""hr"", ""Provincija Đắk Lắk""], [""ar"", ""محافظة داك لاك""], [""fr"", ""Province de Đắk Lắk""], [""lv"", ""Daklakas province""], [""uk"", ""Даклак""], [""pt-PT"", ""Província de Đắk Lắk""], [""pt"", ""Província de Đắk Lắk""], [""cs"", ""Provincie Đắk Lắk""], [""el"", ""Επαρχία Ντακ Λακ""], [""it"", ""Provincia di Đắk Lắk""], [""ca"", ""Província de Đắk Lắk""], [""pt-BR"", ""Província de Đắk Lắk""], [""vi-Hani"", ""省得勒""], [""vi"", ""Tỉnh Đắk Lắk""], [""tg"", ""Вилояти Дак Лак""], [""nl"", ""Provincie van Đắk Lắk""], [""zh-Hans"", ""多乐省""], [""bg"", ""Дак Лак""], [""ko"", ""닥락성""], [""et"", ""Đắk Lắki provints""], [""de"", ""Provinz Đắk Lắk""], [""ur"", ""داک لاک صوبہ""], [""ru"", ""провинция Даклак""], [""th"", ""จังหวัดดั๊กลัก""], [""id"", ""Provinsi Đắk Lắk""], [""sr-Latn"", ""Đak Lak oblast""], [""sv"", ""Đắk Lắk-provinsen""], [""tr"", ""Eyaleti Đắk Lắk""], [""da"", ""Đắk Lắk-provinsen""], [""sr-Cyrl"", ""Дак Лак""], [""zh-Hant"", ""多樂省""], [""en"", ""Đắk Lắk Province""], [""he"", ""מחוז דאק לאק""], [""sk"", ""Provincia Đắk Lắk""], [""es"", ""Provincia Đắk Lắk""], [""sw"", ""Mkoa wa Đắk Lắk""], [""ja"", ""ダクラク""], [""fi"", ""Đắk Lắkin maakunta""], [""ro"", ""Provincia Đắk Lắk""], [""lt"", ""Daklako provincija""], [""no"", ""Đắk Lắk-provinsen""], [""sl"", ""Provinca Đắk Lắk""], [""fa"", ""استان داک لاک""], [""zh"", ""多樂省""], [""ms"", ""Provinsi Đắk Lắk""], [""hu"", ""Đắk Lắk tartomány""], [""pl"", ""Prowincja Đắk Lắk""]]",True,False,107.48420715332031,12.160527229309082,109.45865631103516,13.695334434509277,5ecadee6-d4c3-4f7d-98e1-800a7a5c1464
9db92b7a-6e26-4f3e-826d-026fb058f6d3,VN,VN-29,locality,,land,Xã Bình Sơn,,True,True,108.68639373779297,15.26272201538086,108.79138946533203,15.399261474609375,9fc1e6c2-25e6-47e3-a021-db51f83d1931
d89dc075-3170-4a31-ab5a-57217d06f66f,VN,VN-29,locality,,land,Xã Ba Tô,,True,True,108.54716491699219,14.53260612487793,108.76708221435547,14.77106761932373,06a1700e-6b44-4453-a01c-9281858e2d5c
a8bfc8b7-513d-4458-9450-941bc7fc8b82,VN,VN-DN,locality,,land,Xã Tiên Phước,"[[""en"", ""Tiên Phước Commune""], [""vi"", ""Xã Tiên Phước""]]",True,True,108.29058074951172,15.447019577026367,108.39280700683594,15.554045677185059,a7a9bf85-a030-4b01-a483-1fb8e85447e7
215ac323-8c52-4cf4-a2ab-431da0375a93,VN,VN-35,locality,,land,Xã Tuy Phong,,True,True,108.55953216552734,11.224546432495117,108.78511047363281,11.55608081817627,39348687-6aeb-4f92-8ab1-6eb2aa3ba6f8
5d651de6-4d39-4170-84ae-c8c80a2bd56d,VN,VN-30,locality,,land,Xã Xuân An,,True,True,109.0812759399414,13.938456535339355,109.1722412109375,14.04470157623291,e268e209-b86b-404e-b4cd-71b700279584
c374f333-da92-4f06-a9f9-418932ba2f4e,VN,VN-29,locality,,land,Xã Ba Gia,,True,True,108.61091613769531,15.165152549743652,108.74028015136719,15.25770378112793,2d6b0c53-3a2a-4185-844f-2eb03865798f
319cf89f-3344-4391-aaf7-7ce3168696bc,VN,VN-29,locality,,land,Xã Ba Vì,,True,True,108.4937744140625,14.667096138000488,108.60572814941406,14.815876007080078,79ef5ab8-a21e-4f3e-845f-2ffa25084014
13916ab2-cea5-4f23-9ba1-bd326864b9a5,VN,VN-35,locality,,land,Xã Bảo Thuận,,True,True,108.0615234375,11.30173110961914,108.23845672607422,11.681915283203125,db2b0f64-8922-4ee7-a35b-060f80b41476
d71ebca3-0995-48ad-b035-f1e97886fb7e,VN,VN-29,locality,,land,Xã Ba Xa,,True,True,108.48066711425781,14.586565017700195,108.61376190185547,14.690576553344727,5b98c6e1-a95c-4e96-9343-05397b2fde9e
1355c380-b086-4a52-a5ba-9e70a5c66819,VN,VN-29,locality,,land,Xã Sơn Tây,,True,True,108.2872543334961,14.872636795043945,108.41715240478516,15.055395126342773,84b14c1f-b523-45dd-818c-7f0b7807f03e
a2ec5306-8244-41c4-a3c5-3da68dfd0bd8,VN,VN-34,locality,,land,Phường Ba Ngòi,,True,True,109.00017547607422,11.895983695983887,109.14503479003906,11.972670555114746,de595599-31a2-4c71-8edf-03141fa3369c
bd87de7b-17f2-40e9-b6fa-10697536ce11,VN,VN-33,locality,,land,Xã Đắk Phơi,,True,True,108.08990478515625,12.239830017089844,108.35359191894531,12.387928009033203,68d5662a-a822-4b33-a5bc-2f9c33735e4d
51c0006e-e2b5-47d5-96c3-e7bdbd08b4fe,VN,VN-DN,locality,,land,Phường Hải Châu,"[[""en"", ""Hải Châu Ward""], [""vi"", ""Phường Hải Châu""]]",True,True,108.20106506347656,16.055816650390625,108.2270278930664,16.103654861450195,bbb70d1a-a34f-42a0-8871-7068554ef4ee
730fe168-26a6-48f5-a026-d509845a5135,VN,VN-30,locality,,land,Xã Tơ Tung,,True,True,108.44452667236328,13.999216079711914,108.59516906738281,14.13022232055664,88df544c-cefc-400a-9545-7421e1a4917f
7f899168-b59b-4b6c-b40e-61c381de2636,VN,VN-35,locality,,land,Xã Phan Sơn,,True,True,108.22135925292969,11.292093276977539,108.56218719482422,11.531785011291504,fc95f48c-f970-46e2-88ca-47727da6e7e2
509ecefb-c2ca-4339-a9af-a07deb37dafd,VN,VN-29,locality,,land,Xã Sơn Hạ,,True,True,108.4972152709961,15.013273239135742,108.6589584350586,15.160894393920898,905d7fe2-47d4-4f75-b3d6-a106a93f7803
f7bac0f8-9148-4138-a215-b6cfa326b9dc,VN,VN-30,locality,,land,Xã Hra,,True,True,108.30604553222656,13.93310546875,108.46370697021484,14.17233657836914,1844177e-1c25-41c4-840a-740b96af18d6
1a685b16-7938-414e-bfbd-8ac96dce0c89,VN,VN-35,locality,,land,Xã Đơn Dương,,True,True,108.39157104492188,11.651464462280273,108.50900268554688,11.8251371383667,67427662-7112-4867-b415-2bcb56759b4b
e54721ab-81fd-46c3-b45d-fe9e69467339,VN,VN-34,locality,,land,Xã Đông Khánh Sơn,,True,True,108.89927673339844,11.915080070495605,109.00787353515625,12.077499389648438,529d1803-e5c8-493b-a95b-9f5ab5323c58
cb4b5d43-1be1-4235-96e4-41023fa94279,VN,VN-30,locality,,land,Phường Quy Nhơn Tây,"[[""en"", ""West Quy Nhon Ward""], [""vi"", ""Phường Quy Nhơn Tây""]]",True,True,109.08940887451172,13.608335494995117,109.19332885742188,13.775681495666504,ba67026c-29c7-4510-bba1-cc50d78a61a5
b439aa4d-c2ee-4683-a866-339350363bf5,VN,VN-30,locality,,land,Xã Kông Chro,,True,True,108.45801544189453,13.609253883361816,108.56727600097656,13.834242820739746,da627d20-cbab-41cc-a83d-804460633956
d0d49d7c-641f-40f1-bfea-db84b7b61562,VN,VN-34,locality,,land,Xã Phước Hậu,,True,True,108.80142211914062,11.551277160644531,108.94270324707031,11.656429290771484,58f1e8a5-5674-4887-bb61-4c842a552a0b
a2920afc-65b3-484d-a83c-1a5bd8912590,VN,VN-33,locality,,land,Xã M'Drắk,,True,True,108.64398193359375,12.704367637634277,108.79652404785156,12.874300956726074,17a50f23-772f-4bd5-8ba3-3244893cad3c
af39402c-7e8a-45a6-a123-86d7d3ba624b,VN,VN-34,locality,,land,Phường Đông Hải,,True,True,108.9980697631836,11.532794952392578,109.03517150878906,11.580337524414062,728f91fa-3f48-449f-b4a8-a6429c168d76
168c2edc-b1a7-480b-a2eb-0eae4c696e6d,VN,VN-29,locality,,land,Xã Thọ Phong,,True,True,108.72300720214844,15.169593811035156,108.83477020263672,15.270423889160156,a6e8455c-e858-4207-81ce-726d1915749b
993ad057-5b0b-4c22-83c7-5acae5321a62,VN,VN-33,locality,,land,Xã Cư M'ta,,True,True,108.73289489746094,12.645208358764648,108.99578094482422,12.816305160522461,405a2d49-3f65-40e1-94cc-40f4902a7b2b
99020ade-0a27-4c6b-997a-6ece8edba02c,VN,VN-DN,locality,,land,Xã Sơn Cẩm Hà,"[[""en"", ""Sơn Cẩm Hà Commune""], [""vi"", ""Xã Sơn Cẩm Hà""]]",True,True,108.20122528076172,15.471916198730469,108.33041381835938,15.603703498840332,92630c74-289a-4fe7-b3c4-23248ba64348
ce7674ab-8261-47f7-80b7-643b7879da5f,VN,VN-DN,neighborhood,,land,Tổ Trung Thị,,True,True,108.2191390991211,15.338187217712402,108.221435546875,15.34067440032959,948108e7-935e-47b3-a5f1-19c91a0f3d08
72bd02af-1ca3-4b61-96da-25c95b61e4e1,VN,VN-35,locality,,land,Xã Hồng Sơn,,True,True,108.15371704101562,11.032669067382812,108.30714416503906,11.202215194702148,39998a7f-9105-4e2e-a78e-6ec4d583a2e1
4452fbfc-b8de-4fc6-8b22-1167b31829c2,VN,VN-30,locality,,land,Xã Sơn Lang,,True,True,108.48637390136719,14.23263168334961,108.6653823852539,14.589510917663574,8a91c71a-e3fb-4aca-a346-fe7be9c0aa8d
3eb8e153-fd2e-4c93-992c-d72d3819644f,VN,VN-33,locality,,land,Xã Ea Hiao,,True,True,108.1973648071289,13.125699043273926,108.4638671875,13.373370170593262,1b0d2361-2b2c-4ad0-b625-93047bf6d9e5
0a250675-cccf-429c-85f9-67acb4ca4574,VN,VN-29,locality,,land,Xã Sơn Tịnh,,True,True,108.67603302001953,15.128632545471191,108.78269958496094,15.233464241027832,c4fd0a39-7c1f-4c24-8e53-8cd1813005cb
91a749a9-ede7-41b7-8da8-8b7a2ce88b1a,VN,VN-30,locality,,land,Xã An Nhơn Tây,,True,True,108.95075225830078,13.753064155578613,109.0762939453125,13.892300605773926,d0c0ddd9-f813-4a59-9bd2-4513edbf222f
0c407bee-0820-4d61-8eb8-864f3146168c,VN,VN-DN,locality,,land,Phường Hòa Xuân,"[[""en"", ""Hòa Xuân Ward""], [""vi"", ""Phường Hòa Xuân""]]",True,True,108.18162536621094,15.942709922790527,108.23950958251953,16.02916145324707,45cfb218-188f-43bb-8b26-94ec64c0f20e
b9eedb78-e447-446e-9043-a4a5b44c0060,VN,VN-29,locality,,land,Xã Tây Trà,,True,True,108.2607650756836,15.074044227600098,108.4051513671875,15.24709415435791,e22c8ab1-6b72-45c8-ace1-082a7448b2e7
98248c44-22b0-4ace-8315-4040d578651f,VN,VN-30,locality,,land,Xã Canh Vinh,,True,True,108.95797729492188,13.568076133728027,109.11833953857422,13.793553352355957,2e3c3a6f-0dc1-495a-b2bb-1c0b66b77e19
30a89f19-e83e-410d-8b8e-36c45acbd560,VN,VN-30,locality,,land,Xã Ân Tường,,True,True,108.77400970458984,14.216017723083496,108.98149871826172,14.490169525146484,35527d75-66d9-4798-a49e-40470e3a1085
58362928-6edb-42b1-b9a6-bc4dd09b2cf1,VN,VN-33,locality,,land,Phường Sông Cầu,,True,True,109.19995880126953,13.404385566711426,109.33061981201172,13.539109230041504,e2933671-4698-4f99-86fd-0b3c81f03324
4316b628-b808-4671-801a-a22b9b4d5e17,VN,VN-33,locality,,land,Xã Ea Tul,,True,True,108.04167175292969,12.827391624450684,108.2220687866211,12.979057312011719,067eecde-594d-49e8-91e0-52bb73d11a49
81ec5d61-475a-4d3e-956a-c475020c24cb,VN,VN-29,locality,,land,Xã Đăk Kôi,,True,True,108.05876922607422,14.478785514831543,108.24279022216797,14.765227317810059,bb11cb9d-dbbb-4eb8-85de-f8368f17a667
776e72ad-88b4-4c85-8e72-b30a50be69e7,VN,VN-33,locality,,land,Xã Ea Trang,,True,True,108.75106048583984,12.534602165222168,108.95552062988281,12.694592475891113,cc93a97d-5c60-43ec-ad02-742f12164ae4
ab1177f0-4209-41f6-a0e8-2339d82abe82,VN,VN-30,locality,,land,Xã Ya Ma,,True,True,108.50550842285156,13.713175773620605,108.66299438476562,13.906353950500488,3bf309ed-f88a-4586-9f4a-4d04da83ecc3
e0e5eb99-846b-4144-809f-08aecc12052c,VN,VN-29,locality,,land,Xã Vạn Tường,,True,True,108.77354431152344,15.267352104187012,108.88279724121094,15.424858093261719,ac2111c9-60b4-4d86-9d7c-f7e0ecaa5502
6b75582b-215c-4ae0-a8b0-6619aded2000,VN,VN-35,locality,,land,Phường Lâm Viên - Đà Lạt,,True,True,108.43346405029297,11.941937446594238,108.5075912475586,12.008553504943848,dd44523c-ee9c-426b-bed6-7e1e6cb8eb75
527fc6b0-57d4-4f79-900c-e09c6edd1114,VN,VN-30,locality,,land,Phường An Khê,"[[""en"", ""An Khe Ward""], [""vi"", ""Phường An Khê""]]",True,True,108.62351989746094,13.939077377319336,108.71487426757812,14.036604881286621,40398079-61c4-4ad2-9b4b-d0d03f7fe843
d4806151-0951-414b-b56c-ab61206ea0c4,VN,VN-30,locality,,land,Xã Cát Tiến,,True,True,109.11518859863281,13.926721572875977,109.2594223022461,14.097234725952148,cc62e0d9-9bdd-4208-a073-387813214d39
7d0fc52b-f47b-4f4a-bb2a-c82dc55e9bff,VN,VN-33,microhood,,land,Quảng Trường 3 Tháng 4,,True,True,108.2138671875,13.202239990234375,108.21536254882812,13.203571319580078,aa49b19b-a46d-401c-b03b-d4f2ed73f4e7
130c1c02-f318-46c8-9392-b5006d92acf4,VN,VN-DN,locality,,land,Xã Xuân Phú,"[[""en"", ""Xuân Phú Commune""], [""vi"", ""Xã Xuân Phú""]]",True,True,108.26103210449219,15.75267219543457,108.35266876220703,15.829414367675781,a087ae54-9ad7-4b10-bb80-6a05d5ba03ba
193e1ecb-64cb-4d47-a1b6-b0a6a0b39109,VN,VN-DN,locality,,land,Xã Trà Tân,"[[""en"", ""Trà Tân Commune""], [""vi"", ""Xã Trà Tân""]]",True,True,108.09671020507812,15.172744750976562,108.30046844482422,15.34017276763916,9dc9eb4f-65d1-4343-a620-f35cae35c806
b85b550a-a7dd-445a-a3e9-4947fc878f36,VN,VN-34,locality,,land,Xã Lâm Sơn,,True,True,108.61849212646484,11.772893905639648,108.79813385009766,11.921540260314941,773587b0-069d-4b19-8390-f8d14559df93
eddd1466-55d5-4599-9942-c8b3382ab0be,VN,VN-DN,locality,,land,Xã Thạnh Bình,"[[""en"", ""Thạnh Bình Commune""], [""vi"", ""Xã Thạnh Bình""]]",True,True,108.25936126708984,15.381878852844238,108.38223266601562,15.497149467468262,655ba6c5-0078-4862-988a-6f8a18d36a1c
